PREKEY,UNIKEY,COLKEY,ALC_PNP,ALC_PPD,ALC_PIP,ALC_MVC,ALC_PD,ALC_IND,ALC_OTR,ALC_MVT,ALC_NVT,MUN_PNP_INT,MUN_PPD_INT,MUN_PIP_INT,MUN_MVC_INT,MUN_PD_INT,MUN_PNP_MIX,MUN_PPD_MIX,MUN_PIP_MIX,MUN_MVC_MIX,MUN_PD_MIX,MUN_BLN,MUN_NUL,MUN_CND,MUN_TOT,INSCRITOS,STATUS_3
1,1,1,91,45,3,56,17,,0,0,0,84,41,3,47,12,1,0,0,1,5,0,0,18,212,554,FINAL (ENTRADA MANUAL)
1,1,2,89,49,2,53,14,,0,0,0,71,44,0,47,14,0,1,0,1,1,2,0,28,209,555,FINAL (ENTRADA MANUAL)
1,2,1,61,56,18,166,3,,2,0,0,44,48,17,118,2,0,3,6,9,1,0,0,58,306,596,FINAL (ENTRADA MANUAL)
1,2,2,60,62,8,177,1,,0,0,1,46,49,7,135,1,0,3,3,6,1,0,0,58,309,596,FINAL (ENTRADA MANUAL)
1,2,3,58,71,18,172,3,,1,0,0,41,49,16,107,2,1,6,5,4,0,3,0,92,326,596,FINAL (ENTRADA MANUAL)
1,2,4,61,56,19,163,4,,0,0,0,49,42,18,111,3,1,3,6,8,0,0,0,62,303,594,FINAL (ENTRADA MANUAL)
1,3,1,119,37,3,108,3,,0,2,0,107,28,3,80,3,0,5,3,3,0,0,0,40,272,589,FINAL (ENTRADA MANUAL)
1,3,2,92,33,7,94,2,,0,0,0,79,27,7,67,2,1,3,2,1,1,2,0,38,230,589,FINAL (ENTRADA MANUAL)
1,3,3,88,59,6,82,7,,0,0,1,68,48,6,56,6,1,6,1,3,0,0,0,48,243,589,FINAL (ENTRADA MANUAL)
1,3,4,97,54,4,91,4,,0,0,3,74,42,4,70,3,1,1,1,1,1,0,0,55,253,589,FINAL (ENTRADA MANUAL)
1,4,1,131,59,10,81,8,,0,0,1,98,49,5,55,6,2,3,4,2,3,1,1,63,292,682,FINAL (ENTRADA MANUAL)
1,4,2,130,62,6,75,10,,0,0,0,100,58,3,49,8,0,2,0,1,1,1,0,61,284,681,FINAL (ENTRADA MANUAL)
1,5,1,108,58,11,123,2,,0,0,0,87,46,8,81,2,6,3,5,7,0,0,0,57,302,502,FINAL (ENTRADA MANUAL)
1,5,2,83,43,9,149,1,,0,0,1,71,31,7,102,1,1,2,7,6,0,2,0,58,288,502,FINAL (ENTRADA MANUAL)
1,5,3,116,50,8,108,0,,0,0,0,95,41,5,71,0,0,1,2,2,0,0,0,65,282,502,FINAL (ENTRADA MANUAL)
1,5,4,107,41,8,121,2,,0,0,1,79,35,6,83,1,1,1,4,3,0,0,0,67,280,502,FINAL (ENTRADA MANUAL)
1,5,5,92,43,7,123,2,,0,0,0,69,33,6,97,2,1,0,0,3,0,1,0,56,268,502,FINAL (ENTRADA MANUAL)
1,5,6,75,50,10,148,0,,0,0,0,56,41,8,102,0,1,2,8,4,0,0,0,61,283,502,FINAL (ENTRADA MANUAL)
1,5,7,94,46,14,105,1,,0,0,0,80,38,12,82,0,2,6,7,3,1,0,0,29,260,505,FINAL (ENTRADA MANUAL)
1,6,1,122,38,9,91,1,,0,0,0,95,30,8,65,1,3,3,2,7,0,0,0,47,261,530,FINAL (ENTRADA MANUAL)
1,6,2,87,27,3,86,3,,0,0,0,63,23,2,55,3,3,1,4,1,1,0,0,50,206,530,FINAL (ENTRADA MANUAL)
1,6,3,112,39,6,92,0,,0,0,1,69,29,5,60,0,2,3,7,4,0,1,0,71,251,530,FINAL (ENTRADA MANUAL)
1,7,1,145,66,4,87,0,,0,0,0,111,51,3,53,0,2,5,4,3,0,1,0,70,303,529,FINAL (ENTRADA MANUAL)
1,7,2,97,49,10,127,0,,0,0,0,82,38,9,95,0,1,2,2,3,0,0,0,51,283,529,FINAL (ENTRADA MANUAL)
1,7,3,103,41,10,89,0,,0,0,0,78,34,8,68,0,4,0,0,3,0,1,0,48,244,529,FINAL (ENTRADA MANUAL)
1,7,4,101,31,7,87,3,,0,0,1,69,22,5,69,3,2,2,3,0,0,1,0,55,231,529,FINAL (ENTRADA MANUAL)
1,7,5,94,48,10,104,1,,0,1,0,79,43,8,75,0,3,2,5,4,0,0,0,39,258,529,FINAL (ENTRADA MANUAL)
1,7,6,109,43,6,102,3,,0,0,0,93,32,4,78,3,1,2,5,3,0,0,0,42,263,529,FINAL (ENTRADA MANUAL)
1,7,7,102,48,10,106,4,,0,0,0,86,37,9,74,1,0,4,2,1,1,2,0,55,272,529,FINAL (ENTRADA MANUAL)
1,7,8,96,47,3,97,4,,0,0,0,69,39,3,65,2,0,1,3,2,1,2,0,62,249,526,FINAL (ENTRADA MANUAL)
1,8,1,98,44,9,75,9,,0,0,1,81,40,9,54,7,0,0,1,3,0,4,1,41,241,643,FINAL (ENTRADA MANUAL)
1,8,2,115,52,6,57,7,,0,0,1,84,46,4,35,5,2,3,2,0,3,1,0,54,239,643,FINAL (ENTRADA MANUAL)
1,8,3,134,55,6,68,8,,0,0,2,106,46,4,47,7,0,4,3,4,0,1,0,52,274,643,FINAL (ENTRADA MANUAL)
1,8,4,112,61,8,60,10,,0,0,0,94,51,6,39,9,1,2,3,0,0,0,4,46,255,643,FINAL (ENTRADA MANUAL)
1,9,1,74,37,18,94,8,,1,0,0,62,29,16,68,8,1,0,2,2,0,0,0,44,232,463,FINAL (ENTRADA MANUAL)
1,9,2,67,37,8,105,6,,0,1,0,60,33,7,82,5,1,2,2,1,0,0,0,31,224,463,FINAL (ENTRADA MANUAL)
1,9,3,61,39,10,115,2,,0,0,1,42,27,10,79,2,1,3,6,2,0,2,0,56,230,463,FINAL (ENTRADA MANUAL)
1,9,4,71,37,5,99,2,,1,0,1,52,34,4,70,0,1,1,3,4,1,0,0,46,216,462,FINAL (ENTRADA MANUAL)
1,10,1,110,52,9,56,6,,1,0,0,81,42,8,43,6,0,2,2,1,0,0,0,49,234,575,FINAL (ENTRADA MANUAL)
1,10,2,115,51,5,61,16,,0,0,0,84,44,5,35,14,1,0,2,1,2,0,0,60,248,575,FINAL (ENTRADA MANUAL)
1,10,3,111,40,3,52,22,,0,0,0,95,32,2,34,21,0,0,0,1,0,2,0,43,230,575,FINAL (ENTRADA MANUAL)
1,10,4,98,54,4,40,10,,0,0,2,74,45,4,23,8,0,1,0,0,1,0,0,52,208,575,FINAL (ENTRADA MANUAL)
1,10,5,110,37,2,42,10,,0,0,0,88,27,2,33,9,0,1,2,0,2,0,0,37,201,575,FINAL (ENTRADA MANUAL)
1,11,1,104,50,5,63,12,,0,0,0,90,39,4,48,11,1,2,4,0,2,0,0,33,234,586,FINAL (ENTRADA MANUAL)
1,11,2,98,55,7,76,8,,1,0,0,77,41,6,51,7,2,0,1,1,0,2,0,59,247,586,FINAL (ENTRADA MANUAL)
1,11,3,117,34,8,63,9,,0,0,1,96,26,7,43,7,3,4,1,2,0,0,0,43,232,585,FINAL (ENTRADA MANUAL)
1,12,1,101,34,7,61,6,,0,0,0,83,30,7,44,5,0,2,0,0,0,0,0,38,209,568,FINAL (ENTRADA MANUAL)
1,12,2,63,34,4,59,3,,1,0,0,54,30,4,39,3,0,2,3,3,0,2,0,26,166,568,FINAL (ENTRADA MANUAL)
1,13,1,69,55,5,120,3,,0,0,0,56,43,4,88,3,1,6,4,4,1,1,0,42,253,503,FINAL (ENTRADA MANUAL)
1,13,2,86,26,4,107,3,,1,0,0,69,21,3,72,3,0,3,3,4,0,0,0,49,227,503,FINAL (ENTRADA MANUAL)
1,13,3,87,38,9,115,2,,0,0,2,66,29,4,80,2,1,2,3,6,0,1,0,60,254,502,FINAL (ENTRADA MANUAL)
1,14,1,105,23,12,121,3,,0,0,1,75,21,10,85,3,0,0,4,1,0,1,0,66,266,508,FINAL (ENTRADA MANUAL)
1,14,2,101,29,6,120,2,,0,0,0,89,23,4,93,2,1,2,3,2,1,0,0,38,258,508,FINAL (ENTRADA MANUAL)
1,14,3,82,33,5,115,3,,0,0,0,56,28,3,93,3,2,0,2,2,0,2,0,49,240,508,FINAL (ENTRADA MANUAL)
1,14,4,94,27,5,103,3,,0,0,1,66,22,5,77,3,0,3,1,0,0,0,0,56,233,508,FINAL (ENTRADA MANUAL)
1,14,5,77,33,7,108,2,,0,0,0,64,29,5,76,1,2,4,5,4,1,0,0,36,227,506,FINAL (ENTRADA MANUAL)
1,15,1,91,45,6,116,5,,0,0,1,64,37,5,91,5,1,1,5,2,0,1,0,53,265,502,FINAL (ENTRADA MANUAL)
1,15,2,98,27,8,96,1,,0,0,1,74,24,4,71,1,0,1,4,3,0,1,0,49,232,502,FINAL (ENTRADA MANUAL)
1,15,3,87,36,11,123,5,,0,0,0,74,28,8,93,4,0,0,1,2,0,0,0,52,262,502,FINAL (ENTRADA MANUAL)
1,15,4,93,36,4,112,3,,0,0,0,72,25,4,83,3,1,0,1,4,0,1,0,55,249,502,FINAL (ENTRADA MANUAL)
1,15,5,97,49,1,99,6,,1,0,0,68,38,1,79,5,0,1,4,2,0,1,0,55,254,500,FINAL (ENTRADA MANUAL)
1,16,1,133,23,3,64,15,,0,0,1,86,16,3,41,12,2,0,1,3,1,0,1,74,240,668,FINAL (ENTRADA MANUAL)
1,16,2,100,48,1,48,4,,0,0,1,78,34,1,36,4,1,4,0,0,2,1,0,42,203,668,FINAL (ENTRADA MANUAL)
1,16,3,109,40,3,45,10,,0,0,1,89,34,3,24,10,1,0,1,3,0,1,0,43,209,669,FINAL (ENTRADA MANUAL)
1,17,1,105,29,0,54,7,,0,0,1,90,25,0,36,6,1,1,0,1,0,0,0,36,196,601,FINAL (ENTRADA MANUAL)
1,17,2,108,30,0,57,16,,0,0,0,82,22,0,34,12,1,2,0,1,1,0,0,56,211,601,FINAL (ENTRADA MANUAL)
1,17,3,98,33,4,56,11,,1,0,0,77,25,3,35,11,3,2,1,0,0,0,0,46,203,601,FINAL (ENTRADA MANUAL)
1,17,4,107,35,4,58,8,,0,0,2,89,30,3,33,4,1,5,4,3,2,1,0,40,215,600,FINAL (ENTRADA MANUAL)
1,18,1,91,29,5,75,8,,0,0,0,71,23,5,56,8,2,4,2,1,0,1,0,36,209,455,FINAL (ENTRADA MANUAL)
1,18,2,92,60,8,70,3,,1,0,0,72,48,8,54,2,2,1,1,1,2,0,0,43,234,455,FINAL (ENTRADA MANUAL)
1,18,3,97,42,11,90,6,,0,0,1,80,35,8,66,5,0,0,4,1,0,0,0,48,247,454,FINAL (ENTRADA MANUAL)
1,19,1,78,36,7,80,11,,0,0,0,63,33,4,54,10,0,0,1,1,1,2,0,45,214,487,FINAL (ENTRADA MANUAL)
1,19,2,98,44,13,81,4,,0,0,1,75,35,10,57,3,0,3,1,2,0,1,0,55,242,487,FINAL (ENTRADA MANUAL)
1,19,3,83,39,12,85,11,,0,0,1,67,30,11,53,10,0,5,2,4,0,0,0,49,231,487,FINAL (ENTRADA MANUAL)
1,19,4,80,34,5,72,10,,0,0,0,64,29,5,52,8,0,0,4,0,1,0,0,38,201,488,FINAL (ENTRADA MANUAL)
1,20,1,78,40,7,84,5,,0,0,0,61,31,5,65,3,0,1,1,0,0,3,0,47,217,518,FINAL (ENTRADA MANUAL)
1,20,2,74,41,3,92,5,,0,0,0,57,32,2,75,5,2,1,1,1,0,1,0,39,216,518,FINAL (ENTRADA MANUAL)
1,20,3,96,46,5,84,10,,0,0,1,72,36,5,68,9,0,0,1,1,0,0,0,50,242,519,FINAL (ENTRADA MANUAL)
1,21,1,71,60,9,165,3,,1,0,0,51,41,5,120,2,1,2,5,5,0,1,0,77,310,489,FINAL (ENTRADA MANUAL)
1,21,2,75,53,13,162,3,,0,0,0,53,42,10,113,3,5,4,6,3,0,0,0,67,306,489,FINAL (ENTRADA MANUAL)
1,21,3,74,73,9,132,2,,0,0,0,51,62,7,85,2,1,3,4,3,0,1,0,72,291,489,FINAL (ENTRADA MANUAL)
1,22,1,101,36,8,83,9,,0,1,1,79,27,6,58,7,4,3,3,1,1,1,0,50,240,527,FINAL (ENTRADA MANUAL)
1,22,2,98,47,3,83,6,,0,0,2,81,40,3,65,6,3,0,1,2,0,0,0,38,239,527,FINAL (ENTRADA MANUAL)
1,22,3,98,53,11,67,6,,0,0,0,86,47,5,54,5,2,4,1,3,0,0,0,28,235,528,FINAL (ENTRADA MANUAL)
1,23,1,104,73,8,79,20,,0,0,1,94,58,8,66,19,0,7,0,0,4,0,0,29,285,687,FINAL (ENTRADA MANUAL)
1,23,2,116,55,12,77,12,,0,0,1,95,47,11,51,10,1,3,5,1,0,1,0,49,274,687,FINAL (ENTRADA MANUAL)
1,23,3,133,62,2,91,12,,0,0,1,105,54,1,64,11,2,3,5,0,4,2,0,52,303,687,FINAL (ENTRADA MANUAL)
1,24,1,128,39,6,62,9,,0,0,0,112,32,4,43,7,0,1,0,2,0,1,0,43,245,671,FINAL (ENTRADA MANUAL)
1,24,2,115,43,6,77,13,,0,0,0,79,36,3,53,11,1,0,0,5,1,5,0,65,259,671,FINAL (ENTRADA MANUAL)
1,24,3,109,48,8,67,16,,0,1,1,81,40,8,52,14,4,1,2,0,1,2,0,47,252,670,FINAL (ENTRADA MANUAL)
1,25,1,75,33,2,62,14,,0,0,0,57,24,2,37,12,1,1,0,1,1,2,0,50,188,564,FINAL (ENTRADA MANUAL)
1,25,2,81,32,3,57,15,,0,0,2,57,28,3,37,15,1,2,0,0,0,0,0,47,190,564,FINAL (ENTRADA MANUAL)
1,25,3,106,33,6,55,10,,0,0,0,87,27,5,39,9,1,0,2,1,1,1,0,38,211,564,FINAL (ENTRADA MANUAL)
1,25,4,71,46,3,51,3,,0,0,0,56,40,2,36,2,1,1,2,0,1,0,0,33,174,565,FINAL (ENTRADA MANUAL)
1,26,1,120,43,8,61,14,,0,0,2,89,31,4,38,13,3,1,4,1,2,0,0,62,248,541,FINAL (ENTRADA MANUAL)
1,26,2,109,33,7,66,16,,0,0,3,87,28,5,52,15,0,2,1,0,2,2,0,42,236,541,FINAL (ENTRADA MANUAL)
1,26,3,101,48,3,50,15,,1,0,1,86,34,2,33,13,0,0,2,0,1,1,2,48,222,541,FINAL (ENTRADA MANUAL)
1,26,4,95,30,8,58,11,,0,0,0,76,26,7,43,9,1,1,1,0,2,0,0,36,202,540,FINAL (ENTRADA MANUAL)
1,74,1,16,15,2,2,1,,0,0,0,12,14,2,1,0,0,0,0,0,0,0,0,7,36,0,FINAL (ENTRADA MANUAL)
1,74,2,19,14,2,1,3,,0,0,0,16,13,2,1,1,0,0,0,0,0,0,0,6,39,0,FINAL (ENTRADA MANUAL)
1,74,3,33,29,1,12,0,,0,0,0,32,24,0,8,0,0,1,1,0,1,0,0,8,75,0,FINAL (ENTRADA MANUAL)
1,74,4,25,30,5,17,0,,0,0,0,20,22,4,11,0,1,1,1,1,0,0,0,16,77,0,FINAL (ENTRADA MANUAL)
1,74,5,36,32,3,11,0,,0,0,1,30,25,3,6,0,0,1,2,0,0,0,0,16,83,0,FINAL (ENTRADA MANUAL)
1,74,6,39,31,4,12,0,,0,0,0,32,23,4,8,0,0,1,0,0,0,0,0,18,86,0,FINAL (ENTRADA MANUAL)
1,74,7,20,16,1,4,0,,0,0,0,9,15,1,2,0,2,1,1,0,0,0,0,10,41,0,FINAL (ENTRADA MANUAL)
1,74,8,31,35,3,10,0,,0,0,0,27,22,3,4,0,2,3,2,1,0,0,0,15,79,0,FINAL (ENTRADA MANUAL)
1,74,9,40,23,2,13,0,,0,0,0,30,16,1,8,0,0,0,2,0,0,1,0,21,79,0,FINAL (ENTRADA MANUAL)
1,75,1,20,6,3,18,2,,3,0,0,12,4,0,10,0,2,0,1,2,0,0,0,21,52,0,FINAL (ENTRADA MANUAL)
1,75,2,2,0,0,2,0,,0,0,0,0,0,0,0,0,0,1,0,0,0,0,0,3,4,0,FINAL (ENTRADA MANUAL)
1,77,1,1445,706,82,271,17,,1,1,7,1215,574,77,197,12,10,13,11,15,2,24,1,404,2555,0,FINAL (ENTRADA MANUAL)
1,77,2,0,0,0,0,0,,0,0,0,0,0,0,0,0,0,0,0,0,0,0,0,0,0,0,FINAL (ENTRADA MANUAL)
1,77,3,104,46,7,59,1,,1,0,0,31,16,3,16,0,3,2,2,1,0,0,0,147,221,0,FINAL (ENTRADA MANUAL)
1,77,5,0,0,0,0,0,,0,0,0,0,0,0,0,0,0,0,0,0,0,0,0,0,0,0,FINAL (ENTRADA MANUAL)
1,78,1,50,25,1,39,6,,0,0,0,39,18,1,27,4,1,0,1,1,0,0,12,29,133,0,FINAL (ENTRADA MANUAL)
1,78,2,8,3,0,3,0,,0,0,0,7,1,0,1,0,0,0,0,0,0,0,4,5,19,0,FINAL (ENTRADA MANUAL)
1,78,3,0,0,0,0,0,,0,0,0,0,0,0,0,0,0,0,0,0,0,0,0,0,0,0,FINAL (ENTRADA MANUAL)
1,78,4,1,0,0,0,0,,0,0,0,1,0,0,0,0,0,0,0,0,0,0,0,0,1,0,FINAL (ENTRADA MANUAL)
1,78,5,0,1,0,0,0,,0,0,0,0,1,0,0,0,0,0,0,0,0,0,0,0,1,0,FINAL (ENTRADA MANUAL)
1,79,1,0,0,0,0,0,,0,0,0,0,0,0,0,0,0,0,0,0,0,0,0,0,0,0,FINAL (ENTRADA MANUAL)
1,79,2,0,0,0,0,0,,0,0,0,0,0,0,0,0,0,0,0,0,0,0,0,0,0,0,FINAL (ENTRADA MANUAL)
2,1,1,62,44,9,101,14,,0,0,0,55,36,7,74,13,1,6,6,1,1,0,0,30,230,540,FINAL (ENTRADA MANUAL)
2,1,2,80,47,7,117,6,,0,0,1,56,39,4,87,4,0,2,3,0,2,1,0,61,259,540,FINAL (ENTRADA MANUAL)
2,1,3,88,49,14,85,11,,0,0,0,54,38,10,60,9,1,4,0,3,0,1,0,68,248,540,FINAL (ENTRADA MANUAL)
2,1,4,83,50,9,90,13,,0,0,0,63,41,8,62,12,0,4,4,3,1,0,0,47,244,540,FINAL (ENTRADA MANUAL)
2,1,5,68,52,15,100,10,,0,3,0,46,42,14,68,8,0,3,1,3,0,0,1,63,249,541,FINAL (ENTRADA MANUAL)
2,2,1,97,81,16,126,3,,1,0,0,75,64,14,85,1,2,6,9,4,0,0,0,64,324,507,FINAL (ENTRADA MANUAL)
2,3,1,68,35,1,44,10,,0,1,0,51,30,1,31,9,0,0,0,1,0,2,0,36,161,559,FINAL (ENTRADA MANUAL)
2,3,2,92,17,3,56,7,,0,2,0,76,13,2,39,6,1,0,0,0,0,2,0,40,179,559,FINAL (ENTRADA MANUAL)
2,3,3,66,36,8,43,7,,0,2,3,52,31,4,22,7,0,3,1,0,0,1,0,45,166,560,FINAL (ENTRADA MANUAL)
2,4,1,81,39,10,82,7,,0,0,2,65,34,9,59,6,1,2,7,0,0,1,0,38,222,518,FINAL (ENTRADA MANUAL)
2,4,2,93,48,9,68,8,,1,0,0,83,43,7,55,7,2,2,1,0,2,1,0,25,228,518,FINAL (ENTRADA MANUAL)
2,4,3,82,54,14,101,8,,0,0,2,56,46,9,77,7,1,1,5,1,3,1,0,55,262,518,FINAL (ENTRADA MANUAL)
2,4,4,72,48,9,82,13,,0,0,0,58,36,6,59,12,1,2,3,1,1,0,0,45,224,518,FINAL (ENTRADA MANUAL)
2,4,5,82,37,7,80,8,,0,0,0,66,28,7,51,7,0,1,1,1,2,0,0,50,214,517,FINAL (ENTRADA MANUAL)
2,5,1,84,54,7,167,3,,0,0,0,68,47,7,121,3,0,1,4,3,1,2,0,60,317,524,FINAL (ENTRADA MANUAL)
2,5,2,86,50,12,147,7,,0,0,0,69,43,10,111,6,2,3,3,1,1,1,0,53,303,524,FINAL (ENTRADA MANUAL)
2,5,3,98,65,9,130,13,,1,0,0,84,54,8,93,11,2,3,6,5,0,0,0,50,316,524,FINAL (ENTRADA MANUAL)
2,5,4,84,60,9,148,4,,0,0,0,66,45,8,113,3,2,5,6,2,0,0,0,55,305,524,FINAL (ENTRADA MANUAL)
2,5,5,81,53,4,163,8,,0,0,0,68,40,4,116,8,2,5,7,6,2,1,0,51,310,524,FINAL (ENTRADA MANUAL)
2,5,6,88,60,7,156,2,,0,0,0,74,54,5,114,2,1,6,3,6,1,1,0,47,314,522,FINAL (ENTRADA MANUAL)
2,6,1,61,58,9,80,4,,0,0,0,53,46,7,52,2,2,2,5,3,1,0,0,39,212,458,FINAL (ENTRADA MANUAL)
2,6,2,55,53,7,76,4,,0,0,0,50,44,6,62,3,0,3,3,0,0,1,0,24,196,458,FINAL (ENTRADA MANUAL)
2,6,3,79,46,10,83,3,,0,0,0,61,41,7,63,3,0,0,3,0,0,0,1,43,222,458,FINAL (ENTRADA MANUAL)
2,6,4,71,49,9,93,5,,0,0,0,58,42,9,66,5,0,3,4,1,1,1,0,38,228,456,FINAL (ENTRADA MANUAL)
2,7,1,91,61,12,89,5,,0,0,0,74,49,9,69,4,0,1,6,2,0,0,0,44,258,549,FINAL (ENTRADA MANUAL)
2,7,2,90,61,11,76,11,,0,0,0,71,47,9,50,9,0,4,2,3,2,1,0,52,250,549,FINAL (ENTRADA MANUAL)
2,7,3,70,45,8,88,5,,0,0,0,60,43,7,63,5,0,4,7,3,0,0,0,24,216,550,FINAL (ENTRADA MANUAL)
2,8,1,68,86,7,109,7,,0,0,0,60,76,7,82,7,0,1,6,1,0,1,0,37,278,566,FINAL (ENTRADA MANUAL)
2,8,2,68,72,10,124,5,,1,0,0,49,55,10,73,3,0,2,6,5,0,0,0,77,280,566,FINAL (ENTRADA MANUAL)
2,8,3,58,63,7,132,2,,0,0,0,42,52,5,92,2,0,0,4,5,2,3,0,58,265,566,FINAL (ENTRADA MANUAL)
2,8,4,80,77,11,132,5,,0,0,0,62,69,10,94,5,4,2,2,5,0,0,0,52,305,566,FINAL (ENTRADA MANUAL)
2,8,5,59,90,9,118,5,,0,0,0,49,82,9,92,5,0,2,5,3,1,0,0,33,281,566,FINAL (ENTRADA MANUAL)
2,8,6,78,83,7,110,1,,0,1,0,63,70,7,78,1,0,4,3,2,0,0,0,52,280,566,FINAL (ENTRADA MANUAL)
2,9,1,107,55,12,76,6,,0,1,1,83,44,9,46,6,0,1,5,2,0,2,0,62,260,586,FINAL (ENTRADA MANUAL)
2,9,2,95,50,11,74,13,,0,0,2,75,45,8,51,12,1,3,1,1,1,3,0,47,248,586,FINAL (ENTRADA MANUAL)
2,9,3,72,51,4,79,7,,0,0,0,56,42,3,57,7,0,1,2,3,0,2,0,42,215,586,FINAL (ENTRADA MANUAL)
2,10,1,46,57,11,84,7,,0,0,0,35,43,9,62,7,1,0,4,3,0,0,0,41,205,363,FINAL (ENTRADA MANUAL)
2,10,2,36,42,10,99,8,,0,0,0,27,35,9,71,4,1,1,5,3,0,0,0,39,195,363,FINAL (ENTRADA MANUAL)
2,11,1,35,127,2,47,1,,0,1,0,24,114,1,32,1,0,2,0,0,0,0,0,39,213,453,FINAL (ENTRADA MANUAL)
2,11,2,35,102,2,29,4,,0,1,0,30,90,1,19,4,1,3,0,0,0,0,0,25,173,453,FINAL (ENTRADA MANUAL)
2,11,3,50,136,1,46,3,,0,0,1,37,131,1,30,3,0,3,2,1,0,1,0,29,238,453,FINAL (ENTRADA MANUAL)
2,11,4,29,133,4,37,1,,0,0,0,21,130,4,26,1,0,1,1,0,0,0,0,20,204,453,FINAL (ENTRADA MANUAL)
2,11,5,39,123,4,34,3,,0,0,0,34,117,4,23,3,0,1,0,1,0,0,0,20,203,453,FINAL (ENTRADA MANUAL)
2,12,1,86,58,8,54,10,,0,1,0,63,45,7,42,6,0,6,0,1,1,1,0,46,218,482,FINAL (ENTRADA MANUAL)
2,12,2,86,72,5,51,7,,0,0,0,65,67,5,36,5,0,1,0,0,1,0,0,41,221,483,FINAL (ENTRADA MANUAL)
2,13,1,76,88,4,77,8,,0,0,2,55,76,4,50,6,1,2,2,0,1,0,0,58,255,568,FINAL (ENTRADA MANUAL)
2,13,2,78,78,5,52,14,,0,0,1,68,72,3,32,13,0,0,3,2,3,0,0,32,228,568,FINAL (ENTRADA MANUAL)
2,13,3,69,81,6,47,8,,0,0,1,40,72,5,27,8,0,1,2,0,0,1,0,57,213,568,FINAL (ENTRADA MANUAL)
2,13,4,92,89,7,58,9,,0,0,1,70,83,6,44,8,1,1,0,1,0,0,0,42,256,568,FINAL (ENTRADA MANUAL)
2,13,5,87,86,7,54,7,,0,0,0,69,77,6,35,5,0,0,3,1,0,0,0,45,241,566,FINAL (ENTRADA MANUAL)
2,14,1,78,63,9,157,2,,0,0,0,69,50,7,119,2,0,1,7,8,1,1,0,45,310,563,FINAL (ENTRADA MANUAL)
2,14,2,68,46,11,147,8,,0,0,0,57,35,9,118,7,0,2,3,4,0,0,0,45,280,563,FINAL (ENTRADA MANUAL)
2,14,3,91,57,11,136,6,,0,0,0,76,43,9,99,5,1,1,9,4,0,3,1,54,305,563,FINAL (ENTRADA MANUAL)
2,14,4,77,54,18,140,7,,1,0,0,57,52,15,103,5,3,0,2,7,3,0,0,50,297,564,FINAL (ENTRADA MANUAL)
2,15,1,92,66,7,93,7,,0,0,1,74,56,6,70,7,1,2,3,2,0,0,0,45,266,575,FINAL (ENTRADA MANUAL)
2,15,2,106,63,11,91,10,,0,1,0,82,52,9,56,9,0,4,4,6,1,1,0,59,283,575,FINAL (ENTRADA MANUAL)
2,15,3,88,59,9,100,9,,0,0,0,79,57,7,76,9,2,1,3,2,1,2,0,28,267,574,FINAL (ENTRADA MANUAL)
2,16,1,71,61,13,89,1,,0,0,1,53,52,8,63,1,0,2,5,5,0,0,0,47,236,480,FINAL (ENTRADA MANUAL)
2,16,2,65,43,6,94,2,,0,0,0,53,36,4,63,2,3,1,2,2,1,0,0,43,210,480,FINAL (ENTRADA MANUAL)
2,16,3,69,48,7,99,4,,0,0,0,53,34,7,66,4,1,8,4,3,1,3,0,46,230,480,FINAL (ENTRADA MANUAL)
2,16,4,57,52,12,97,1,,1,0,0,46,41,10,75,1,0,4,5,4,0,0,0,34,220,480,FINAL (ENTRADA MANUAL)
2,16,5,81,47,10,101,1,,1,0,0,70,41,8,78,0,1,1,5,2,1,0,0,34,241,481,FINAL (ENTRADA MANUAL)
2,17,1,67,56,13,110,5,,2,0,0,50,47,11,85,5,1,1,4,4,0,2,0,45,255,454,FINAL (ENTRADA MANUAL)
2,17,2,74,50,15,117,4,,0,0,1,55,35,14,78,4,1,4,5,4,0,0,0,61,261,454,FINAL (ENTRADA MANUAL)
2,17,3,68,39,14,114,5,,0,0,1,54,32,12,87,4,2,6,3,0,0,1,0,41,242,454,FINAL (ENTRADA MANUAL)
2,17,4,64,46,9,117,5,,0,0,0,47,35,8,88,3,2,3,5,2,1,1,0,47,242,453,FINAL (ENTRADA MANUAL)
2,18,1,82,61,15,105,15,,0,0,0,65,50,14,74,10,0,3,2,5,1,1,0,54,279,626,FINAL (ENTRADA MANUAL)
2,18,2,100,61,15,113,6,,0,0,0,80,48,12,83,5,1,2,3,3,1,0,0,57,295,626,FINAL (ENTRADA MANUAL)
2,18,3,110,57,14,110,11,,0,0,1,81,51,13,74,9,2,4,3,1,2,1,0,63,304,626,FINAL (ENTRADA MANUAL)
2,19,1,43,44,14,184,9,,0,0,0,29,32,11,127,8,1,4,4,10,1,0,0,67,294,508,FINAL (ENTRADA MANUAL)
2,19,2,49,40,7,177,14,,1,0,0,36,30,7,141,13,0,4,6,5,0,0,0,46,288,507,FINAL (ENTRADA MANUAL)
2,20,1,63,144,3,58,2,,0,0,0,43,127,2,36,2,1,2,5,0,0,3,0,52,273,556,FINAL (ENTRADA MANUAL)
2,20,2,38,138,3,44,3,,0,0,0,32,132,3,26,2,1,2,2,1,0,0,0,25,226,556,FINAL (ENTRADA MANUAL)
2,20,3,52,165,4,58,0,,1,1,0,41,158,4,41,0,1,5,2,2,0,0,0,27,281,555,FINAL (ENTRADA MANUAL)
2,21,1,82,71,6,85,11,,0,1,1,59,65,4,63,8,0,4,3,2,2,2,0,47,259,547,FINAL (ENTRADA MANUAL)
2,21,2,77,76,6,63,16,,0,0,0,65,66,5,51,14,0,2,1,0,0,0,0,34,238,547,FINAL (ENTRADA MANUAL)
2,21,3,82,85,4,75,15,,0,0,0,64,76,2,61,11,0,3,0,1,2,1,0,41,262,547,FINAL (ENTRADA MANUAL)
2,22,1,96,56,7,50,9,,0,1,0,80,52,6,32,7,1,3,0,1,0,1,0,37,220,542,FINAL (ENTRADA MANUAL)
2,22,2,93,48,9,51,4,,0,0,2,74,44,8,33,3,1,3,4,2,0,0,0,35,207,542,FINAL (ENTRADA MANUAL)
2,22,3,77,63,7,45,5,,0,1,1,67,60,5,34,4,1,1,0,2,0,0,0,25,199,541,FINAL (ENTRADA MANUAL)
2,23,1,84,31,6,43,4,,0,0,0,72,29,6,37,3,1,0,0,0,1,0,0,19,168,530,FINAL (ENTRADA MANUAL)
2,23,2,76,39,6,51,5,,0,0,1,58,35,3,36,3,2,3,0,0,0,1,0,38,179,531,FINAL (ENTRADA MANUAL)
2,24,1,79,45,9,61,10,,0,0,0,55,34,6,40,8,2,2,0,1,1,1,0,55,205,543,FINAL (ENTRADA MANUAL)
2,24,2,70,39,2,56,6,,0,0,1,53,29,1,37,5,0,2,3,0,1,0,0,43,174,543,FINAL (ENTRADA MANUAL)
2,24,3,80,49,2,45,10,,0,0,0,57,38,1,25,5,0,0,6,1,1,2,1,52,189,544,FINAL (ENTRADA MANUAL)
2,25,1,68,63,18,150,3,,0,0,0,60,49,15,119,1,1,2,7,3,0,1,0,45,303,550,FINAL (ENTRADA MANUAL)
2,25,2,70,63,14,161,3,,0,0,0,60,57,13,125,3,0,2,7,6,0,0,0,38,311,550,FINAL (ENTRADA MANUAL)
2,25,3,63,57,10,173,3,,0,0,0,54,47,6,132,2,0,1,3,6,0,0,0,55,306,550,FINAL (ENTRADA MANUAL)
2,25,4,66,66,8,154,5,,0,0,1,48,47,6,104,3,1,4,5,7,3,1,0,72,301,549,FINAL (ENTRADA MANUAL)
2,26,1,71,65,4,78,3,,0,0,0,57,51,3,52,3,1,3,1,6,1,4,0,43,225,512,FINAL (ENTRADA MANUAL)
2,26,2,81,61,11,76,0,,0,0,0,68,51,10,63,0,0,2,4,1,1,3,0,29,232,512,FINAL (ENTRADA MANUAL)
2,27,1,108,51,9,81,4,,0,0,1,98,51,5,59,4,2,4,1,2,1,0,0,27,254,663,FINAL (ENTRADA MANUAL)
2,27,2,95,55,6,83,9,,0,2,1,72,40,4,56,8,2,5,1,0,0,0,1,63,252,663,FINAL (ENTRADA MANUAL)
2,27,3,90,55,9,84,10,,1,2,0,69,43,6,58,8,2,3,4,0,1,0,0,57,251,663,FINAL (ENTRADA MANUAL)
2,27,4,96,47,9,69,7,,0,1,0,78,39,8,51,7,1,3,0,1,1,1,0,40,230,664,FINAL (ENTRADA MANUAL)
2,28,1,81,78,14,104,11,,0,0,0,64,68,12,72,9,0,7,2,3,1,1,0,50,289,615,FINAL (ENTRADA MANUAL)
2,28,2,98,78,3,90,11,,0,0,0,81,69,2,68,10,0,3,3,5,1,0,0,38,280,615,FINAL (ENTRADA MANUAL)
2,28,3,85,82,10,101,11,,0,0,0,65,72,7,72,10,0,0,5,2,0,1,0,56,290,615,FINAL (ENTRADA MANUAL)
2,74,1,37,21,5,6,2,,0,0,0,35,18,4,6,1,0,1,1,0,0,0,0,5,71,0,FINAL (ENTRADA MANUAL)
2,74,2,47,10,4,9,3,,0,0,0,42,8,3,5,1,0,1,0,0,0,0,0,13,73,0,FINAL (ENTRADA MANUAL)
2,74,3,23,25,4,9,0,,0,0,0,18,22,4,6,0,0,1,0,0,0,0,0,10,61,0,FINAL (ENTRADA MANUAL)
2,74,4,26,24,1,7,0,,0,0,0,24,22,1,4,0,0,0,0,1,0,0,0,6,58,0,FINAL (ENTRADA MANUAL)
2,74,5,36,21,2,4,2,,0,0,0,27,18,2,3,2,0,1,1,0,0,0,0,11,65,0,FINAL (ENTRADA MANUAL)
2,74,6,30,24,1,16,0,,0,0,0,26,23,0,11,0,0,0,1,1,0,0,0,9,71,0,FINAL (ENTRADA MANUAL)
2,74,7,52,41,5,18,1,,0,0,1,49,31,5,13,1,0,3,2,0,2,0,0,12,118,0,FINAL (ENTRADA MANUAL)
2,74,8,39,22,1,2,0,,0,0,0,36,20,1,1,0,0,0,0,0,0,0,0,6,64,0,FINAL (ENTRADA MANUAL)
2,74,9,43,20,0,2,0,,0,0,0,41,17,0,0,0,2,0,2,0,0,0,0,3,65,0,FINAL (ENTRADA MANUAL)
2,74,10,33,30,6,12,0,,0,0,0,25,27,5,6,0,1,2,1,1,0,0,0,13,81,0,FINAL (ENTRADA MANUAL)
2,74,11,46,28,3,7,0,,0,0,1,34,23,3,4,0,1,3,1,0,0,0,0,16,85,0,FINAL (ENTRADA MANUAL)
2,74,12,0,0,0,0,0,,0,0,0,0,0,0,0,0,0,0,0,0,0,0,0,0,0,0,FINAL (ENTRADA MANUAL)
2,75,1,17,6,0,16,0,,4,0,0,9,1,0,8,0,0,0,0,1,0,0,0,24,43,0,FINAL (ENTRADA MANUAL)
2,75,2,0,0,0,0,0,,0,0,1,0,0,0,0,0,0,0,0,0,0,0,0,1,1,0,FINAL (ENTRADA MANUAL)
2,77,1,1049,883,73,247,23,,1,0,0,1013,852,70,204,23,10,17,23,12,0,0,0,52,2276,0,FINAL (ENTRADA MANUAL)
2,77,2,440,269,20,70,9,,0,0,1,407,247,18,57,9,5,5,7,2,0,2,0,52,811,0,FINAL (ENTRADA MANUAL)
2,77,3,413,251,34,152,6,,0,0,3,141,114,20,52,3,2,4,17,2,0,31,0,505,891,0,FINAL (ENTRADA MANUAL)
2,77,5,0,0,0,2,0,,0,0,0,0,0,0,2,0,0,0,0,0,0,0,0,0,2,0,FINAL (ENTRADA MANUAL)
2,78,1,74,27,3,49,5,,1,0,0,53,21,3,32,3,4,2,0,0,0,0,10,41,169,0,FINAL (ENTRADA MANUAL)
2,78,2,0,0,0,0,0,,0,0,0,0,0,0,0,0,0,0,0,0,0,0,0,0,0,0,FINAL (ENTRADA MANUAL)
2,78,3,3,2,0,1,0,,0,0,0,2,2,0,0,0,0,0,0,0,0,0,0,2,6,0,FINAL (ENTRADA MANUAL)
2,79,1,0,0,0,0,0,,0,0,0,0,0,0,0,0,0,0,0,0,0,0,0,0,0,0,FINAL (ENTRADA MANUAL)
3,1,1,92,49,8,45,9,,0,1,0,74,38,5,32,7,1,0,2,3,1,0,0,41,204,498,FINAL (ENTRADA MANUAL)
3,1,2,72,61,7,53,11,,1,0,1,49,46,7,32,10,1,2,1,1,1,2,1,56,209,498,FINAL (ENTRADA MANUAL)
3,1,3,75,51,8,55,15,,0,0,0,58,46,8,38,12,0,3,1,0,1,3,0,37,207,498,FINAL (ENTRADA MANUAL)
3,2,1,83,35,3,49,9,,0,1,0,78,31,3,34,8,0,1,1,0,0,0,0,24,180,605,FINAL (ENTRADA MANUAL)
3,2,2,97,45,4,31,6,,0,0,0,83,42,4,22,6,0,2,2,0,0,0,0,22,183,605,FINAL (ENTRADA MANUAL)
3,3,1,91,58,14,72,8,,0,0,2,76,49,14,50,6,2,1,0,1,1,3,0,45,248,515,FINAL (ENTRADA MANUAL)
3,3,2,80,54,9,63,8,,0,0,0,58,42,8,40,5,1,2,3,2,1,2,0,52,216,515,FINAL (ENTRADA MANUAL)
3,3,3,98,46,8,72,7,,0,0,1,68,37,6,50,6,0,5,2,0,0,3,0,58,235,515,FINAL (ENTRADA MANUAL)
3,3,4,88,57,9,74,8,,0,0,1,72,52,7,51,7,0,2,1,0,1,0,0,44,237,515,FINAL (ENTRADA MANUAL)
3,4,1,73,48,7,102,8,,0,0,0,66,39,5,83,8,2,0,1,3,1,1,0,30,239,509,FINAL (ENTRADA MANUAL)
3,4,2,71,39,17,115,6,,0,0,0,58,35,16,81,6,0,7,7,2,0,2,0,36,250,509,FINAL (ENTRADA MANUAL)
3,4,3,60,48,15,127,8,,0,0,0,46,36,13,86,7,1,0,4,2,1,0,0,62,258,509,FINAL (ENTRADA MANUAL)
3,4,4,64,55,8,114,8,,0,0,1,48,47,6,95,8,1,1,2,1,1,1,0,40,251,509,FINAL (ENTRADA MANUAL)
3,4,5,61,50,8,104,10,,0,0,0,52,43,8,79,9,2,0,8,0,2,0,0,30,233,509,FINAL (ENTRADA MANUAL)
3,4,6,58,59,6,115,11,,0,0,0,44,51,5,83,8,1,5,1,6,3,0,0,42,249,509,FINAL (ENTRADA MANUAL)
3,4,7,79,57,10,100,8,,0,0,0,71,51,10,78,7,3,3,2,3,0,1,0,26,255,512,FINAL (ENTRADA MANUAL)
3,5,1,90,33,4,98,16,,0,1,0,62,19,3,66,14,1,5,1,3,1,1,0,67,243,601,FINAL (ENTRADA MANUAL)
3,5,2,92,35,9,112,14,,0,1,0,81,33,9,81,12,2,5,6,4,5,1,0,25,264,601,FINAL (ENTRADA MANUAL)
3,5,3,88,23,5,95,9,,0,0,0,67,17,5,71,8,1,2,3,2,0,1,0,44,221,600,FINAL (ENTRADA MANUAL)
3,6,1,65,56,6,78,8,,0,0,0,54,49,6,47,7,1,2,3,3,0,0,0,41,213,484,FINAL (ENTRADA MANUAL)
3,6,2,67,57,5,63,17,,0,0,0,56,48,4,33,17,0,3,0,2,1,1,0,45,210,484,FINAL (ENTRADA MANUAL)
3,6,3,76,59,9,64,12,,0,0,0,58,49,8,44,9,1,2,2,2,0,0,0,45,220,484,FINAL (ENTRADA MANUAL)
3,6,4,90,46,6,59,10,,0,0,0,69,33,5,41,9,0,2,2,0,1,1,0,49,212,482,FINAL (ENTRADA MANUAL)
3,7,1,68,71,12,143,9,,0,0,0,54,60,11,108,8,0,1,9,0,4,1,3,47,304,522,FINAL (ENTRADA MANUAL)
3,7,2,70,69,6,102,7,,0,0,1,47,51,6,75,5,1,3,1,1,0,1,0,65,256,522,FINAL (ENTRADA MANUAL)
3,7,3,68,60,14,125,7,,0,0,0,57,50,9,95,4,0,2,1,2,1,1,0,53,275,522,FINAL (ENTRADA MANUAL)
3,7,4,78,49,10,120,7,,0,0,0,62,40,7,78,7,1,4,11,1,0,0,0,53,264,522,FINAL (ENTRADA MANUAL)
3,7,5,62,55,9,129,8,,0,0,0,46,47,7,96,8,2,2,6,1,1,0,0,47,263,522,FINAL (ENTRADA MANUAL)
3,7,6,63,54,11,150,10,,0,0,1,52,48,10,116,8,0,2,4,3,2,1,0,44,290,522,FINAL (ENTRADA MANUAL)
3,7,7,78,49,14,124,14,,2,0,0,59,41,13,79,10,2,4,3,4,1,1,0,65,282,524,FINAL (ENTRADA MANUAL)
3,8,1,103,57,7,88,17,,0,1,0,76,47,7,58,13,2,2,4,2,0,1,0,62,274,628,FINAL (ENTRADA MANUAL)
3,8,2,86,71,11,74,7,,0,0,0,72,58,10,55,6,0,6,3,4,0,0,0,35,249,628,FINAL (ENTRADA MANUAL)
3,8,3,83,54,4,80,11,,0,0,0,60,46,3,63,11,2,1,1,1,0,2,0,44,234,628,FINAL (ENTRADA MANUAL)
3,8,4,79,78,5,65,8,,0,0,4,56,70,3,46,7,1,5,0,3,1,4,0,47,243,627,FINAL (ENTRADA MANUAL)
3,9,1,70,22,7,71,13,,0,0,0,55,18,5,48,13,0,1,0,1,0,0,1,42,184,359,FINAL (ENTRADA MANUAL)
3,9,2,51,29,5,69,12,,1,0,0,39,22,5,48,9,1,2,0,1,1,0,0,38,167,359,FINAL (ENTRADA MANUAL)
3,10,1,64,62,4,84,13,,1,0,0,51,47,2,60,12,1,2,2,2,1,1,0,48,229,496,FINAL (ENTRADA MANUAL)
3,10,2,78,60,6,91,6,,0,0,1,57,44,5,65,5,1,3,3,3,0,0,0,56,242,496,FINAL (ENTRADA MANUAL)
3,10,3,69,57,7,107,14,,0,1,1,54,48,6,73,12,0,3,5,0,1,0,0,54,256,496,FINAL (ENTRADA MANUAL)
3,10,4,62,47,11,103,8,,1,0,0,54,42,10,79,5,1,2,2,3,1,0,0,33,232,496,FINAL (ENTRADA MANUAL)
3,10,5,87,50,7,117,10,,0,0,0,61,41,5,83,8,1,2,1,1,0,0,14,68,285,497,FINAL (ENTRADA MANUAL)
3,11,1,61,21,2,34,16,,0,0,0,55,19,2,24,15,2,0,0,0,1,0,0,16,134,308,FINAL (ENTRADA MANUAL)
3,11,2,0,0,0,0,0,,0,0,0,0,0,0,0,0,0,0,0,0,0,0,0,0,0,307,FINAL (ENTRADA MANUAL)
3,12,1,60,50,10,76,11,,0,1,0,50,39,10,52,11,1,2,2,0,0,0,0,41,208,568,FINAL (ENTRADA MANUAL)
3,12,2,83,58,6,77,8,,0,0,0,57,44,6,69,5,2,4,1,0,0,0,0,44,232,568,FINAL (ENTRADA MANUAL)
3,12,3,69,64,5,80,18,,0,0,1,58,52,5,47,16,0,0,4,4,1,2,0,50,239,568,FINAL (ENTRADA MANUAL)
3,12,4,72,42,8,82,26,,0,0,1,52,37,8,60,23,2,0,1,1,0,3,0,47,234,569,FINAL (ENTRADA MANUAL)
3,13,1,78,43,3,123,14,,0,0,0,68,33,3,90,14,2,2,4,4,0,0,0,41,261,514,FINAL (ENTRADA MANUAL)
3,13,2,76,37,14,126,8,,1,0,0,66,34,10,107,6,1,3,1,3,1,1,0,30,263,514,FINAL (ENTRADA MANUAL)
3,13,3,63,42,14,139,12,,0,0,0,46,36,11,108,12,0,3,6,1,1,0,2,46,272,514,FINAL (ENTRADA MANUAL)
3,13,4,50,43,6,141,9,,0,0,0,43,35,6,111,9,0,1,7,4,1,0,0,32,249,514,FINAL (ENTRADA MANUAL)
3,14,1,86,43,15,87,3,,0,0,0,61,30,12,56,2,0,3,7,1,1,2,0,61,236,578,FINAL (ENTRADA MANUAL)
3,14,2,80,29,12,95,2,,0,0,0,62,25,9,61,2,0,1,2,5,0,1,0,51,219,578,FINAL (ENTRADA MANUAL)
3,14,3,80,47,8,95,6,,0,0,2,69,35,6,66,6,0,1,5,2,0,0,0,48,238,578,FINAL (ENTRADA MANUAL)
3,14,4,75,28,16,106,4,,0,0,0,50,20,11,66,3,1,1,1,4,1,1,0,71,230,577,FINAL (ENTRADA MANUAL)
3,15,1,41,21,0,31,9,,0,1,0,30,15,0,19,9,0,1,0,1,0,1,0,28,104,310,FINAL (ENTRADA MANUAL)
3,16,1,98,50,5,111,8,,0,0,0,80,41,4,80,7,0,2,8,1,3,0,0,46,272,501,FINAL (ENTRADA MANUAL)
3,16,2,88,45,8,106,12,,0,0,1,62,38,5,75,9,4,2,7,1,3,0,0,54,260,501,FINAL (ENTRADA MANUAL)
3,16,3,79,61,7,92,14,,0,0,0,66,50,6,61,10,0,1,3,5,2,0,0,49,253,501,FINAL (ENTRADA MANUAL)
3,16,4,78,47,11,103,11,,0,0,0,60,41,8,74,11,2,6,3,2,2,0,0,41,250,501,FINAL (ENTRADA MANUAL)
3,16,5,76,54,5,98,11,,0,1,0,62,42,4,75,9,2,3,3,1,1,0,0,43,245,501,FINAL (ENTRADA MANUAL)
3,17,1,73,44,5,47,8,,0,0,0,63,38,3,36,4,0,1,0,0,0,0,1,32,178,424,FINAL (ENTRADA MANUAL)
3,17,2,67,28,5,62,6,,0,0,0,49,24,4,42,6,2,1,3,3,1,0,0,33,168,424,FINAL (ENTRADA MANUAL)
3,17,3,66,48,10,61,4,,0,0,1,57,40,7,46,3,2,2,2,2,0,1,0,29,191,425,FINAL (ENTRADA MANUAL)
3,18,1,94,49,7,78,13,,0,0,0,69,39,5,58,12,0,1,2,4,0,1,0,51,242,637,FINAL (ENTRADA MANUAL)
3,18,2,77,42,1,54,12,,0,0,1,54,35,1,36,12,0,3,0,1,0,1,0,45,188,637,FINAL (ENTRADA MANUAL)
3,18,3,90,41,4,51,12,,0,1,0,63,32,3,33,10,0,3,3,2,1,1,2,49,202,637,FINAL (ENTRADA MANUAL)
3,18,4,79,45,8,72,10,,0,0,1,48,38,6,52,6,3,5,0,0,3,2,0,54,217,637,FINAL (ENTRADA MANUAL)
3,18,5,82,40,6,66,13,,0,0,0,63,35,5,47,13,1,0,4,0,3,1,0,36,208,635,FINAL (ENTRADA MANUAL)
3,19,1,74,36,2,2,3,,0,0,0,63,30,2,2,3,0,2,0,0,0,0,0,15,117,260,FINAL (ENTRADA MANUAL)
3,20,1,73,59,4,103,12,,0,0,0,57,47,4,76,12,0,2,7,1,1,1,0,44,252,503,FINAL (ENTRADA MANUAL)
3,20,2,51,64,10,117,9,,0,0,0,40,54,8,91,6,0,3,3,3,2,1,0,36,247,503,FINAL (ENTRADA MANUAL)
3,20,3,65,53,8,104,3,,0,0,0,54,42,7,67,2,1,2,6,5,0,0,0,47,233,503,FINAL (ENTRADA MANUAL)
3,20,4,69,51,10,97,5,,0,0,1,51,33,9,60,3,2,1,3,3,0,0,0,68,233,503,FINAL (ENTRADA MANUAL)
3,20,5,81,62,10,80,9,,0,0,0,58,49,6,50,8,1,2,3,3,2,0,0,60,242,503,FINAL (ENTRADA MANUAL)
3,20,6,69,53,5,91,9,,0,0,0,54,43,5,62,8,0,4,3,2,1,0,0,45,227,503,FINAL (ENTRADA MANUAL)
3,20,7,65,57,6,121,13,,0,0,1,43,42,2,87,12,3,4,5,2,1,1,0,62,264,500,FINAL (ENTRADA MANUAL)
3,21,1,81,48,6,43,15,,0,1,1,63,35,3,29,11,0,6,1,1,0,2,0,46,197,465,FINAL (ENTRADA MANUAL)
3,21,2,84,45,3,36,14,,0,0,1,52,37,3,19,12,0,4,1,0,0,1,0,55,184,465,FINAL (ENTRADA MANUAL)
3,22,1,84,45,9,102,16,,0,0,0,64,39,9,75,15,2,2,3,7,2,0,0,38,256,525,FINAL (ENTRADA MANUAL)
3,22,2,91,41,9,104,11,,0,0,0,66,29,9,73,10,1,2,6,6,0,0,0,54,256,525,FINAL (ENTRADA MANUAL)
3,22,3,110,46,7,85,5,,0,0,0,85,32,4,60,4,1,0,5,0,4,0,0,58,253,524,FINAL (ENTRADA MANUAL)
3,23,1,135,57,3,69,8,,0,0,1,118,48,2,55,6,0,1,1,1,0,1,0,41,274,580,FINAL (ENTRADA MANUAL)
3,23,2,130,47,2,68,9,,0,0,1,113,43,2,45,9,0,4,0,1,0,0,0,40,257,579,FINAL (ENTRADA MANUAL)
3,24,1,46,20,2,32,4,,0,0,0,36,16,2,19,4,0,0,0,0,0,0,0,27,104,192,FINAL (ENTRADA MANUAL)
3,25,1,37,14,0,29,2,,0,1,0,31,13,0,23,2,0,1,0,0,0,0,0,13,83,314,FINAL (ENTRADA MANUAL)
3,26,1,98,59,15,106,14,,2,0,2,77,48,14,61,12,0,3,9,3,1,0,0,68,296,612,FINAL (ENTRADA MANUAL)
3,26,2,100,46,5,114,10,,0,0,0,84,42,3,84,10,0,2,2,1,0,1,0,47,276,612,FINAL (ENTRADA MANUAL)
3,26,3,89,61,15,115,13,,0,0,0,69,47,14,86,11,2,3,3,1,2,0,0,55,293,612,FINAL (ENTRADA MANUAL)
3,26,4,68,60,9,114,13,,0,0,0,46,53,8,87,11,2,0,4,2,0,0,0,51,264,612,FINAL (ENTRADA MANUAL)
3,26,5,77,62,9,126,11,,1,0,1,54,52,8,91,7,2,2,8,5,1,1,0,57,288,612,FINAL (ENTRADA MANUAL)
3,27,1,76,13,5,33,8,,0,0,0,67,13,5,27,6,1,0,0,1,1,1,2,14,138,426,FINAL (ENTRADA MANUAL)
3,27,2,61,21,1,28,6,,0,0,0,52,18,1,19,4,1,0,0,0,0,1,0,22,118,426,FINAL (ENTRADA MANUAL)
3,28,1,80,65,11,85,20,,1,1,1,57,58,9,62,17,1,3,5,1,1,0,0,50,264,628,FINAL (ENTRADA MANUAL)
3,28,2,71,62,9,101,9,,0,0,0,54,57,6,75,7,3,2,1,0,1,1,0,46,253,628,FINAL (ENTRADA MANUAL)
3,28,3,80,80,6,85,11,,1,0,0,64,63,3,57,11,2,2,5,4,1,1,0,51,264,628,FINAL (ENTRADA MANUAL)
3,28,4,103,62,8,94,6,,0,0,0,96,55,8,74,6,1,1,0,1,0,1,0,31,274,628,FINAL (ENTRADA MANUAL)
3,28,5,95,68,11,79,8,,0,0,0,75,57,10,54,8,2,1,5,2,1,3,0,46,264,630,FINAL (ENTRADA MANUAL)
3,74,1,30,21,2,5,1,,0,0,0,25,16,2,2,0,2,0,0,0,0,1,0,12,60,0,FINAL (ENTRADA MANUAL)
3,74,2,24,42,2,17,1,,0,0,0,22,36,2,13,1,0,2,1,1,0,0,0,8,86,0,FINAL (ENTRADA MANUAL)
3,74,3,30,42,1,6,0,,0,0,0,25,40,1,2,0,0,2,1,0,0,0,0,8,79,0,FINAL (ENTRADA MANUAL)
3,74,4,30,38,3,6,2,,1,0,0,26,32,2,5,1,2,0,2,2,0,0,0,8,80,0,FINAL (ENTRADA MANUAL)
3,74,5,42,20,1,3,1,,0,0,0,41,19,1,3,1,0,1,0,0,0,0,0,1,67,0,FINAL (ENTRADA MANUAL)
3,74,6,33,17,4,5,1,,0,0,0,26,15,4,5,0,0,0,0,0,1,0,0,9,60,0,FINAL (ENTRADA MANUAL)
3,74,7,21,29,0,10,1,,0,1,0,17,26,0,10,1,0,0,0,0,0,0,0,8,62,0,FINAL (ENTRADA MANUAL)
3,74,8,26,19,2,4,0,,0,0,0,24,19,2,0,0,0,1,2,0,0,0,2,3,53,0,FINAL (ENTRADA MANUAL)
3,74,9,29,34,6,9,3,,0,0,0,21,27,6,7,3,0,0,1,0,0,0,0,16,81,0,FINAL (ENTRADA MANUAL)
3,74,10,34,33,2,13,0,,0,0,0,26,24,1,8,0,0,0,0,0,0,0,0,23,82,0,FINAL (ENTRADA MANUAL)
3,74,11,19,23,4,4,1,,0,0,0,17,19,4,3,0,0,2,0,0,0,0,0,6,51,0,FINAL (ENTRADA MANUAL)
3,75,1,15,7,1,22,1,,2,2,0,12,6,1,6,0,0,1,1,3,2,0,1,17,50,0,FINAL (ENTRADA MANUAL)
3,75,2,0,0,0,0,0,,0,0,0,0,0,0,0,0,0,0,0,0,0,0,0,0,0,0,FINAL (ENTRADA MANUAL)
3,77,1,899,551,37,133,20,,1,0,1,874,520,36,105,20,15,6,9,8,1,0,0,37,1641,0,FINAL (ENTRADA MANUAL)
3,77,2,388,222,19,48,7,,0,0,0,378,215,18,36,6,5,4,2,2,0,0,0,18,684,0,FINAL (ENTRADA MANUAL)
3,77,3,440,241,18,105,7,,0,0,2,152,78,4,21,3,4,9,8,5,2,12,4,517,824,0,FINAL (ENTRADA MANUAL)
3,77,5,0,0,0,0,2,,0,0,0,0,0,0,0,2,0,0,0,0,0,0,0,0,2,0,FINAL (ENTRADA MANUAL)
3,78,1,43,29,12,37,8,,0,0,0,32,25,9,26,8,0,1,2,0,0,0,12,26,141,0,FINAL (ENTRADA MANUAL)
3,78,2,0,0,0,0,0,,0,0,0,0,0,0,0,0,0,0,0,0,0,0,0,0,0,0,FINAL (ENTRADA MANUAL)
3,78,3,1,0,0,0,0,,0,0,0,1,0,0,0,0,0,0,0,0,0,0,0,0,1,0,FINAL (ENTRADA MANUAL)
3,79,1,0,2,0,0,0,,0,0,0,0,0,0,0,0,0,0,0,2,0,0,0,0,2,0,FINAL (ENTRADA MANUAL)
3,79,2,1,1,0,1,0,,0,0,0,1,1,0,1,0,0,0,0,0,0,0,0,0,3,0,FINAL (ENTRADA MANUAL)
3,79,3,0,0,0,0,0,,0,0,0,0,0,0,0,0,0,0,0,0,0,0,0,0,0,0,FINAL (ENTRADA MANUAL)
4,1,1,103,77,6,110,3,,1,0,0,78,63,4,84,3,3,2,4,2,0,0,0,57,300,533,FINAL (ENTRADA MANUAL)
4,1,2,95,52,15,139,3,,0,0,1,79,40,13,94,3,1,3,4,5,0,1,0,63,306,533,FINAL (ENTRADA MANUAL)
4,1,3,92,54,6,143,2,,0,0,1,73,41,6,94,2,1,4,5,3,3,0,0,66,298,532,FINAL (ENTRADA MANUAL)
4,2,1,96,62,9,106,5,,0,0,0,77,54,8,72,3,2,1,6,1,1,0,0,53,278,544,FINAL (ENTRADA MANUAL)
4,2,2,93,75,7,96,7,,2,0,1,83,66,6,64,6,1,2,6,2,1,0,0,44,281,544,FINAL (ENTRADA MANUAL)
4,2,3,83,50,8,115,8,,0,0,0,62,39,7,89,6,2,4,4,1,0,1,0,50,265,544,FINAL (ENTRADA MANUAL)
4,2,4,100,48,10,115,6,,0,0,0,82,43,9,76,4,3,2,5,3,1,2,0,51,281,544,FINAL (ENTRADA MANUAL)
4,2,5,96,56,9,95,5,,0,0,1,79,49,6,69,4,5,4,2,2,2,0,0,40,262,544,FINAL (ENTRADA MANUAL)
4,2,6,92,50,14,107,4,,0,1,0,72,44,12,72,3,0,3,7,6,1,0,0,48,268,547,FINAL (ENTRADA MANUAL)
4,3,1,73,53,6,129,16,,0,0,0,55,33,4,82,13,4,10,6,2,1,1,0,67,278,496,FINAL (ENTRADA MANUAL)
4,3,2,80,56,9,112,12,,0,0,1,65,44,6,75,9,2,3,2,2,0,3,0,62,273,496,FINAL (ENTRADA MANUAL)
4,3,3,72,47,9,125,9,,0,0,0,53,37,6,92,8,1,5,8,2,1,1,1,49,263,496,FINAL (ENTRADA MANUAL)
4,3,4,71,42,19,126,14,,0,0,0,59,31,15,92,13,1,3,4,1,1,0,0,52,272,496,FINAL (ENTRADA MANUAL)
4,3,5,66,45,11,121,11,,0,0,0,50,36,10,79,7,0,0,4,1,1,1,0,66,255,496,FINAL (ENTRADA MANUAL)
4,3,6,78,50,11,122,5,,0,0,0,58,41,10,91,5,1,4,5,4,2,1,0,45,267,497,FINAL (ENTRADA MANUAL)
4,4,1,121,39,11,110,5,,0,0,0,98,33,8,81,5,1,4,8,1,0,1,0,47,287,483,FINAL (ENTRADA MANUAL)
4,4,2,90,36,6,117,4,,0,0,0,65,28,3,80,3,2,5,3,1,0,0,0,63,253,483,FINAL (ENTRADA MANUAL)
4,4,3,136,47,10,100,1,,1,0,0,110,41,6,64,0,3,1,5,1,1,0,0,63,295,483,FINAL (ENTRADA MANUAL)
4,4,4,104,53,8,118,1,,0,0,0,89,45,7,82,1,0,4,4,8,0,0,0,44,284,483,FINAL (ENTRADA MANUAL)
4,4,5,107,30,9,114,2,,0,0,0,91,26,7,77,2,1,1,5,4,0,0,0,48,262,483,FINAL (ENTRADA MANUAL)
4,4,6,85,65,8,120,4,,0,0,0,65,49,5,78,4,2,3,5,0,0,0,0,71,282,483,FINAL (ENTRADA MANUAL)
4,4,7,100,56,7,133,2,,1,0,1,79,50,4,99,1,2,2,3,5,0,0,0,55,300,485,FINAL (ENTRADA MANUAL)
4,5,1,78,42,11,85,7,,0,0,0,60,35,8,54,5,3,2,3,1,1,0,0,51,223,460,FINAL (ENTRADA MANUAL)
4,5,2,76,46,15,84,10,,1,0,0,62,34,15,61,10,1,3,4,1,0,0,0,41,232,460,FINAL (ENTRADA MANUAL)
4,5,3,69,50,8,97,12,,0,0,0,59,42,8,62,10,0,1,7,3,1,0,0,43,236,460,FINAL (ENTRADA MANUAL)
4,5,4,71,48,12,106,4,,1,0,0,61,42,11,85,3,0,2,4,2,0,1,0,32,243,460,FINAL (ENTRADA MANUAL)
4,6,1,78,70,7,115,8,,0,0,0,66,58,7,79,4,2,4,5,7,2,0,0,44,278,518,FINAL (ENTRADA MANUAL)
4,6,2,82,40,9,99,8,,0,0,0,67,31,6,65,8,4,3,5,1,0,0,1,48,239,518,FINAL (ENTRADA MANUAL)
4,6,3,67,42,12,107,6,,0,0,0,46,30,8,76,5,1,5,4,4,0,1,0,55,235,518,FINAL (ENTRADA MANUAL)
4,6,4,79,45,16,123,6,,1,0,0,68,37,14,85,5,1,3,3,6,1,0,0,47,270,518,FINAL (ENTRADA MANUAL)
4,6,5,86,54,7,126,6,,0,0,0,66,45,7,95,4,0,3,8,8,2,1,0,41,280,518,FINAL (ENTRADA MANUAL)
4,6,6,83,48,20,136,8,,0,0,0,61,38,19,92,7,2,1,7,4,1,1,0,63,296,518,FINAL (ENTRADA MANUAL)
4,7,1,83,46,13,106,6,,0,0,0,65,41,9,73,4,2,5,8,4,0,0,1,43,255,475,FINAL (ENTRADA MANUAL)
4,7,2,82,61,9,101,8,,1,0,0,65,53,7,70,5,1,6,5,4,0,0,0,46,262,475,FINAL (ENTRADA MANUAL)
4,7,3,85,43,7,118,6,,0,0,1,65,37,7,83,5,0,3,7,3,0,0,0,50,260,475,FINAL (ENTRADA MANUAL)
4,7,4,90,46,8,119,3,,0,0,0,70,37,6,85,3,1,0,3,4,0,0,0,57,266,475,FINAL (ENTRADA MANUAL)
4,7,5,62,65,7,110,8,,0,0,1,48,48,6,75,7,2,2,4,3,0,0,0,58,253,476,FINAL (ENTRADA MANUAL)
4,8,1,60,48,9,63,6,,0,0,1,52,39,8,51,6,0,3,2,1,1,0,0,24,187,308,FINAL (ENTRADA MANUAL)
4,8,2,67,34,7,68,1,,0,0,0,55,26,7,49,1,2,4,3,0,1,0,0,29,177,309,FINAL (ENTRADA MANUAL)
4,9,1,80,48,7,93,7,,0,0,0,61,38,5,60,5,1,5,4,3,0,0,0,53,235,394,FINAL (ENTRADA MANUAL)
4,9,2,63,45,10,91,6,,0,0,0,52,41,7,64,5,1,2,4,1,1,0,0,37,215,394,FINAL (ENTRADA MANUAL)
4,9,3,68,36,13,110,5,,0,0,1,58,33,9,77,4,0,1,4,1,1,0,0,45,233,393,FINAL (ENTRADA MANUAL)
4,10,1,68,65,5,72,9,,0,0,0,59,56,5,45,7,4,2,4,1,1,0,0,35,219,330,FINAL (ENTRADA MANUAL)
4,10,2,53,50,3,60,10,,0,0,0,35,43,3,44,8,1,2,2,2,1,0,0,35,176,330,FINAL (ENTRADA MANUAL)
4,11,1,56,29,2,33,3,,0,0,0,53,26,2,26,3,0,1,0,0,1,1,0,11,124,354,FINAL (ENTRADA MANUAL)
4,11,2,60,24,2,32,2,,0,0,0,47,23,0,25,1,2,0,0,1,0,1,0,21,121,353,FINAL (ENTRADA MANUAL)
4,12,1,79,69,9,82,18,,0,0,1,53,52,8,60,16,1,2,2,2,1,0,0,61,258,601,FINAL (ENTRADA MANUAL)
4,12,2,83,60,5,102,20,,0,0,1,65,48,4,76,17,0,4,3,1,2,1,0,51,272,601,FINAL (ENTRADA MANUAL)
4,12,3,93,64,7,101,7,,0,0,0,70,48,4,75,6,2,3,2,1,0,2,0,61,274,601,FINAL (ENTRADA MANUAL)
4,12,4,96,58,10,98,15,,0,0,0,76,46,8,67,11,2,4,1,1,4,2,2,57,281,600,FINAL (ENTRADA MANUAL)
4,13,1,67,53,8,91,15,,0,0,0,48,42,6,67,13,1,2,3,3,1,2,0,48,236,517,FINAL (ENTRADA MANUAL)
4,13,2,71,53,8,111,4,,0,1,1,66,44,8,86,3,1,4,0,0,1,0,0,36,249,517,FINAL (ENTRADA MANUAL)
4,13,3,78,51,8,88,8,,0,0,0,64,37,6,59,8,1,2,7,1,0,1,0,48,234,517,FINAL (ENTRADA MANUAL)
4,13,4,71,50,13,109,15,,0,0,2,58,39,12,79,13,0,5,4,2,1,0,0,47,260,518,FINAL (ENTRADA MANUAL)
4,14,1,85,29,2,53,1,,0,0,0,74,26,1,35,0,1,3,1,0,0,0,0,29,170,528,FINAL (ENTRADA MANUAL)
4,14,2,73,30,4,40,6,,1,0,1,59,22,3,20,4,1,0,0,0,0,0,0,46,155,528,FINAL (ENTRADA MANUAL)
4,14,3,97,19,1,44,8,,0,0,0,90,14,1,36,7,1,0,2,0,0,1,0,18,170,529,FINAL (ENTRADA MANUAL)
4,15,1,98,41,11,79,9,,0,0,2,81,37,10,53,8,1,4,0,3,0,2,0,43,242,589,FINAL (ENTRADA MANUAL)
4,15,2,87,47,9,88,13,,0,0,0,75,40,7,55,13,1,3,0,2,0,1,0,48,245,589,FINAL (ENTRADA MANUAL)
4,15,3,74,60,12,87,13,,0,0,1,55,50,9,61,13,1,3,5,2,0,0,0,48,247,589,FINAL (ENTRADA MANUAL)
4,15,4,70,40,4,82,12,,0,2,0,55,33,2,56,10,0,0,2,1,1,0,0,50,210,589,FINAL (ENTRADA MANUAL)
4,15,5,85,31,8,83,12,,0,0,0,60,26,7,60,9,1,2,2,0,2,1,0,50,220,591,FINAL (ENTRADA MANUAL)
4,16,1,77,56,6,82,13,,0,0,0,66,53,5,67,13,2,4,1,4,1,0,1,18,235,527,FINAL (ENTRADA MANUAL)
4,16,2,65,64,9,73,9,,0,0,0,49,54,8,50,9,0,0,2,2,0,2,0,46,222,527,FINAL (ENTRADA MANUAL)
4,16,3,82,59,11,71,19,,0,1,0,67,52,10,51,18,1,1,1,0,0,2,0,42,245,527,FINAL (ENTRADA MANUAL)
4,16,4,87,57,8,65,16,,0,0,2,68,42,8,51,15,0,2,3,2,1,0,0,43,235,527,FINAL (ENTRADA MANUAL)
4,16,5,65,53,7,95,14,,0,0,0,50,43,7,69,13,1,4,2,0,1,0,0,44,234,529,FINAL (ENTRADA MANUAL)
4,17,1,59,43,6,75,7,,1,0,0,42,38,4,56,6,0,2,0,2,3,0,0,38,191,432,FINAL (ENTRADA MANUAL)
4,17,2,58,51,10,85,11,,0,0,0,41,38,10,63,10,0,0,3,2,0,1,0,48,216,431,FINAL (ENTRADA MANUAL)
4,18,1,100,66,12,101,12,,0,0,0,76,54,10,74,6,3,4,4,2,1,1,0,57,292,588,FINAL (ENTRADA MANUAL)
4,18,2,95,61,8,105,14,,0,0,0,69,56,7,76,10,2,2,5,5,4,0,0,47,283,588,FINAL (ENTRADA MANUAL)
4,18,3,121,54,8,88,12,,0,0,1,90,48,8,67,11,1,4,0,1,3,1,0,51,285,588,FINAL (ENTRADA MANUAL)
4,19,1,112,50,8,147,9,,0,0,0,90,45,8,114,7,3,2,5,1,1,0,0,50,326,554,FINAL (ENTRADA MANUAL)
4,19,2,87,56,9,135,9,,0,0,0,66,48,8,100,9,0,4,3,2,0,0,0,56,296,554,FINAL (ENTRADA MANUAL)
4,19,3,104,46,10,134,6,,1,0,0,85,32,10,93,6,0,2,2,4,0,0,0,67,301,554,FINAL (ENTRADA MANUAL)
4,19,4,79,56,10,158,8,,2,0,0,50,45,7,123,5,3,3,4,5,2,0,0,66,313,554,FINAL (ENTRADA MANUAL)
4,19,5,96,45,16,142,4,,0,0,0,77,37,14,97,4,2,3,6,4,0,0,1,59,304,554,FINAL (ENTRADA MANUAL)
4,19,6,91,44,9,155,10,,3,0,0,76,32,8,112,9,3,0,3,2,1,0,0,66,312,554,FINAL (ENTRADA MANUAL)
4,20,1,69,78,17,138,14,,0,0,1,50,59,15,94,9,2,5,7,4,2,0,0,70,317,568,FINAL (ENTRADA MANUAL)
4,20,2,87,64,16,105,9,,0,0,0,71,58,14,70,9,4,2,6,3,2,0,0,42,281,568,FINAL (ENTRADA MANUAL)
4,20,3,79,84,11,92,4,,0,0,0,65,73,9,68,4,2,4,1,2,0,0,0,42,270,568,FINAL (ENTRADA MANUAL)
4,20,4,90,68,7,94,13,,0,0,0,76,62,7,70,10,1,3,1,2,0,0,0,40,272,570,FINAL (ENTRADA MANUAL)
4,21,1,68,38,5,90,21,,1,0,0,48,33,4,63,17,1,2,4,1,3,1,0,47,224,517,FINAL (ENTRADA MANUAL)
4,21,2,60,48,6,81,20,,1,0,0,46,40,5,54,18,1,3,0,5,2,0,0,42,216,517,FINAL (ENTRADA MANUAL)
4,21,3,60,45,9,80,18,,0,0,0,47,41,7,56,17,0,3,1,3,0,0,0,37,212,517,FINAL (ENTRADA MANUAL)
4,21,4,53,44,6,88,16,,0,0,0,39,35,3,60,15,1,1,3,1,1,0,0,48,207,516,FINAL (ENTRADA MANUAL)
4,22,1,72,44,7,151,4,,0,0,0,58,36,7,95,3,2,1,8,0,0,2,0,68,280,507,FINAL (ENTRADA MANUAL)
4,22,2,56,55,19,120,6,,0,0,0,45,44,10,88,6,2,3,7,3,0,0,0,48,256,507,FINAL (ENTRADA MANUAL)
4,22,3,62,58,13,132,5,,1,0,0,49,42,8,91,4,1,4,5,0,1,0,0,66,271,507,FINAL (ENTRADA MANUAL)
4,22,4,66,44,13,126,4,,0,0,0,51,33,11,90,4,2,4,4,0,0,2,0,54,255,507,FINAL (ENTRADA MANUAL)
4,22,5,53,56,9,130,8,,0,0,0,41,46,8,91,6,4,3,7,4,2,1,0,44,257,507,FINAL (ENTRADA MANUAL)
4,22,6,56,68,16,123,6,,0,0,1,40,53,15,89,5,1,7,5,2,1,0,0,52,270,506,FINAL (ENTRADA MANUAL)
4,23,1,43,46,14,112,9,,0,0,0,32,37,12,82,9,1,4,6,3,0,1,0,38,225,504,FINAL (ENTRADA MANUAL)
4,23,2,59,55,11,103,9,,0,0,0,43,48,9,68,8,2,3,4,6,0,0,0,46,237,504,FINAL (ENTRADA MANUAL)
4,23,3,58,49,10,117,15,,0,0,1,49,36,9,89,13,0,5,5,1,0,1,0,43,251,504,FINAL (ENTRADA MANUAL)
4,23,4,59,42,9,140,5,,0,0,0,47,33,7,96,4,1,4,6,3,0,2,0,54,257,504,FINAL (ENTRADA MANUAL)
4,23,5,56,42,14,128,5,,0,0,0,47,32,11,97,5,1,2,5,1,2,0,0,42,245,504,FINAL (ENTRADA MANUAL)
4,24,1,117,67,4,89,3,,0,0,0,95,51,4,59,1,6,4,5,3,2,2,0,50,282,506,FINAL (ENTRADA MANUAL)
4,24,2,95,78,10,81,1,,0,0,0,75,61,8,62,1,0,4,4,3,0,1,0,47,266,506,FINAL (ENTRADA MANUAL)
4,24,3,125,49,7,89,4,,1,0,0,94,42,6,59,4,3,6,2,2,1,1,0,56,276,506,FINAL (ENTRADA MANUAL)
4,24,4,111,66,15,97,1,,1,0,0,92,52,15,63,0,0,0,4,1,1,0,0,63,291,506,FINAL (ENTRADA MANUAL)
4,24,5,101,70,7,94,5,,0,1,0,85,58,7,58,4,4,5,2,2,0,0,0,53,278,506,FINAL (ENTRADA MANUAL)
4,24,6,114,61,13,90,4,,0,0,0,77,53,11,63,4,4,7,6,4,1,1,0,52,283,504,FINAL (ENTRADA MANUAL)
4,25,1,99,54,7,93,9,,0,0,1,86,48,7,80,9,0,3,0,2,0,1,0,28,264,582,FINAL (ENTRADA MANUAL)
4,25,2,108,52,6,87,15,,0,0,0,83,37,5,66,12,2,4,4,2,3,1,0,50,269,582,FINAL (ENTRADA MANUAL)
4,25,3,89,64,4,87,4,,1,0,0,68,53,4,57,4,2,3,1,1,1,2,0,55,251,582,FINAL (ENTRADA MANUAL)
4,25,4,83,61,11,93,10,,0,0,1,61,53,9,60,9,2,5,2,2,3,1,0,53,260,582,FINAL (ENTRADA MANUAL)
4,26,1,87,58,10,101,10,,0,0,0,72,48,7,72,9,1,4,4,2,0,1,0,47,267,543,FINAL (ENTRADA MANUAL)
4,26,2,76,52,10,86,12,,0,0,0,61,46,9,67,12,0,1,2,2,3,0,0,33,236,543,FINAL (ENTRADA MANUAL)
4,26,3,84,64,10,85,9,,1,0,0,66,54,7,62,8,0,1,3,1,1,1,0,50,254,543,FINAL (ENTRADA MANUAL)
4,27,1,74,38,4,61,9,,0,0,1,56,33,4,41,9,0,0,3,2,1,1,0,38,188,463,FINAL (ENTRADA MANUAL)
4,27,2,76,34,4,57,1,,0,0,0,62,25,2,32,1,0,1,0,1,0,0,0,48,172,463,FINAL (ENTRADA MANUAL)
4,27,3,72,29,8,52,5,,0,0,1,58,23,8,38,3,1,0,1,0,1,0,0,34,167,463,FINAL (ENTRADA MANUAL)
4,74,1,51,36,2,9,0,,0,0,0,47,31,1,5,0,0,2,2,1,0,0,0,9,98,0,FINAL (ENTRADA MANUAL)
4,74,2,54,36,1,16,0,,0,0,0,44,27,1,8,0,1,1,4,3,0,0,0,18,107,0,FINAL (ENTRADA MANUAL)
4,74,3,34,25,1,6,0,,0,0,0,31,20,0,2,0,1,2,0,0,0,0,0,10,66,0,FINAL (ENTRADA MANUAL)
4,74,4,36,28,0,1,2,,0,0,0,32,25,0,1,2,0,1,0,0,0,0,0,6,67,0,FINAL (ENTRADA MANUAL)
4,74,5,62,35,1,8,1,,0,0,0,56,30,1,4,1,1,1,0,1,0,0,0,12,107,0,FINAL (ENTRADA MANUAL)
4,74,6,50,37,5,12,0,,0,0,0,40,32,5,6,0,2,2,0,1,0,0,0,16,104,0,FINAL (ENTRADA MANUAL)
4,74,7,47,28,0,6,0,,0,0,0,39,20,0,4,0,1,1,1,0,0,0,0,15,81,0,FINAL (ENTRADA MANUAL)
4,74,8,43,26,1,5,1,,0,0,0,42,22,1,4,0,0,0,0,0,0,1,0,7,77,0,FINAL (ENTRADA MANUAL)
4,74,9,78,21,2,2,1,,0,0,0,68,18,1,0,1,3,0,1,0,0,1,0,12,105,0,FINAL (ENTRADA MANUAL)
4,74,10,72,20,3,8,1,,0,0,0,64,19,3,6,1,0,0,0,0,0,0,0,11,104,0,FINAL (ENTRADA MANUAL)
4,74,11,76,17,2,4,2,,0,0,0,73,17,2,3,2,0,0,0,1,0,1,0,3,102,0,FINAL (ENTRADA MANUAL)
4,74,12,62,27,3,11,1,,0,0,0,58,24,3,10,1,0,0,0,0,0,0,0,8,104,0,FINAL (ENTRADA MANUAL)
4,74,13,62,33,1,7,0,,0,0,0,55,27,1,2,0,1,0,1,0,0,1,0,16,104,0,FINAL (ENTRADA MANUAL)
4,74,14,51,13,2,14,1,,0,0,0,46,10,2,5,1,0,1,2,2,0,0,0,12,81,0,FINAL (ENTRADA MANUAL)
4,74,15,51,16,2,8,2,,0,0,0,48,13,1,4,1,0,0,0,1,0,1,0,11,80,0,FINAL (ENTRADA MANUAL)
4,74,16,55,19,1,6,0,,0,0,0,44,16,1,3,0,1,1,2,0,0,0,0,13,81,0,FINAL (ENTRADA MANUAL)
4,74,17,52,23,3,4,3,,0,0,0,41,18,3,3,2,1,0,0,0,1,1,0,16,86,0,FINAL (ENTRADA MANUAL)
4,74,18,49,33,1,15,0,,0,0,0,43,29,1,11,0,0,2,1,0,0,1,0,11,99,0,FINAL (ENTRADA MANUAL)
4,74,19,59,16,5,1,2,,0,0,0,50,13,4,0,0,1,2,1,0,0,0,0,12,83,0,FINAL (ENTRADA MANUAL)
4,74,20,61,19,0,2,2,,0,0,0,51,18,0,2,2,0,1,0,0,0,0,0,10,84,0,FINAL (ENTRADA MANUAL)
4,74,21,64,14,3,2,0,,0,0,0,56,11,2,2,0,0,1,0,0,0,0,0,11,83,0,FINAL (ENTRADA MANUAL)
4,74,22,66,14,0,2,0,,0,0,0,53,11,0,2,0,0,2,1,0,0,0,0,13,82,0,FINAL (ENTRADA MANUAL)
4,74,23,0,0,0,0,0,,0,0,0,0,0,0,0,0,0,0,0,0,0,0,0,0,0,0,FINAL (ENTRADA MANUAL)
4,74,24,0,0,0,0,0,,0,0,0,0,0,0,0,0,0,0,0,0,0,0,0,0,0,0,FINAL (ENTRADA MANUAL)
4,74,25,0,0,0,0,0,,0,0,0,0,0,0,0,0,0,0,0,0,0,0,0,0,0,0,FINAL (ENTRADA MANUAL)
4,74,26,0,0,0,0,0,,0,0,0,0,0,0,0,0,0,0,0,0,0,0,0,0,0,0,FINAL (ENTRADA MANUAL)
4,74,27,0,0,0,0,0,,0,0,0,0,0,0,0,0,0,0,0,0,0,0,0,0,0,0,FINAL (ENTRADA MANUAL)
4,75,1,6,3,0,9,1,,8,0,0,0,1,0,2,0,2,0,0,0,1,0,0,21,27,0,FINAL (ENTRADA MANUAL)
4,77,1,600,488,62,203,21,,0,0,0,577,453,59,171,21,4,25,19,3,1,0,0,41,1374,0,FINAL (ENTRADA MANUAL)
4,77,2,392,273,24,94,7,,0,0,0,374,250,23,73,6,2,16,9,6,1,0,0,30,790,0,FINAL (ENTRADA MANUAL)
4,77,3,787,538,52,285,18,,0,0,0,472,341,33,121,10,13,25,17,12,3,32,3,666,1748,0,FINAL (ENTRADA MANUAL)
4,77,5,2,0,0,0,1,,0,0,0,2,0,0,0,1,0,0,0,0,0,0,0,0,3,0,FINAL (ENTRADA MANUAL)
4,78,1,30,18,4,17,2,,0,0,0,21,12,4,11,1,0,0,0,0,0,0,12,22,83,0,FINAL (ENTRADA MANUAL)
4,78,2,16,19,1,5,0,,0,0,0,12,15,1,4,0,0,0,0,0,0,0,1,9,42,0,FINAL (ENTRADA MANUAL)
4,78,3,0,0,0,0,0,,0,0,0,0,0,0,0,0,0,0,0,0,0,0,0,0,0,0,FINAL (ENTRADA MANUAL)
4,78,4,3,0,0,1,1,,0,0,0,3,0,0,0,0,0,0,0,0,0,0,0,2,5,0,FINAL (ENTRADA MANUAL)
4,79,1,0,0,0,0,0,,0,0,0,0,0,0,0,0,0,0,0,0,0,0,0,0,0,0,FINAL (ENTRADA MANUAL)
5,1,1,76,85,10,104,17,,0,0,1,57,82,9,82,15,2,4,5,0,3,4,0,34,297,628,FINAL (ENTRADA MANUAL)
5,1,2,62,103,9,100,25,,0,0,1,43,84,7,67,19,2,1,2,0,2,1,0,73,301,629,FINAL (ENTRADA MANUAL)
5,2,1,88,72,6,102,23,,0,0,1,75,56,5,78,18,0,3,1,3,4,0,0,49,292,616,FINAL (ENTRADA MANUAL)
5,2,2,97,60,7,99,17,,0,0,0,81,50,6,76,17,1,3,3,2,0,0,0,41,280,616,FINAL (ENTRADA MANUAL)
5,2,3,75,69,8,109,27,,0,0,0,63,56,7,68,26,2,3,3,7,4,0,0,49,288,616,FINAL (ENTRADA MANUAL)
5,2,4,80,72,5,92,11,,1,0,0,57,61,4,68,10,1,6,1,3,0,0,0,50,261,616,FINAL (ENTRADA MANUAL)
5,2,5,78,63,3,111,19,,0,0,0,62,57,3,83,18,1,4,2,0,0,0,0,44,274,617,FINAL (ENTRADA MANUAL)
5,3,1,61,46,6,64,9,,0,0,3,43,40,5,38,8,3,4,2,1,0,1,0,45,190,416,FINAL (ENTRADA MANUAL)
5,3,2,55,62,4,54,11,,0,0,0,38,54,4,33,10,0,6,2,0,2,0,1,37,187,415,FINAL (ENTRADA MANUAL)
5,4,1,84,68,8,105,15,,0,2,0,66,51,5,74,10,1,2,5,4,1,0,0,63,282,562,FINAL (ENTRADA MANUAL)
5,4,2,65,66,13,103,20,,1,0,0,47,58,12,77,17,3,0,2,1,0,0,1,51,269,562,FINAL (ENTRADA MANUAL)
5,4,3,92,53,6,109,9,,0,0,0,70,42,5,81,8,0,4,8,1,1,0,0,49,269,562,FINAL (ENTRADA MANUAL)
5,4,4,80,74,10,133,16,,0,0,1,64,53,10,98,13,2,4,4,2,1,1,1,63,316,562,FINAL (ENTRADA MANUAL)
5,4,5,77,60,7,113,16,,1,0,0,62,50,6,82,13,1,1,3,3,3,1,0,50,275,562,FINAL (ENTRADA MANUAL)
5,4,6,91,68,11,109,13,,0,0,0,63,44,8,81,9,0,3,4,0,1,0,1,79,293,565,FINAL (ENTRADA MANUAL)
5,5,1,122,61,12,75,19,,0,0,0,99,53,10,51,14,1,3,6,2,1,1,0,49,290,533,FINAL (ENTRADA MANUAL)
5,5,2,98,59,10,85,24,,0,0,0,73,49,10,53,24,1,5,3,1,2,0,0,55,276,533,FINAL (ENTRADA MANUAL)
5,6,1,51,55,10,109,8,,0,0,0,35,44,10,71,7,1,2,5,1,2,1,0,55,234,472,FINAL (ENTRADA MANUAL)
5,6,2,69,45,13,88,11,,0,0,0,50,37,11,65,8,0,0,7,3,0,1,0,45,227,472,FINAL (ENTRADA MANUAL)
5,6,3,76,56,12,100,8,,0,1,0,65,47,11,71,6,0,2,4,1,1,1,0,45,254,472,FINAL (ENTRADA MANUAL)
5,6,4,57,56,15,96,7,,0,0,1,47,48,10,71,7,2,0,4,4,1,1,0,38,233,474,FINAL (ENTRADA MANUAL)
5,7,1,115,76,4,96,15,,0,1,2,97,61,3,60,15,1,2,3,1,3,1,0,63,310,591,FINAL (ENTRADA MANUAL)
5,7,2,106,68,6,106,9,,0,0,1,85,51,4,69,8,2,0,4,2,0,4,0,71,300,591,FINAL (ENTRADA MANUAL)
5,7,3,135,56,8,96,12,,0,0,0,91,39,7,67,9,5,3,2,0,1,1,0,83,308,592,FINAL (ENTRADA MANUAL)
5,8,1,119,69,0,85,11,,0,0,2,105,59,0,58,10,0,5,3,0,1,0,0,45,286,513,FINAL (ENTRADA MANUAL)
5,8,2,113,40,12,89,16,,0,1,1,86,35,10,64,15,1,2,2,0,1,2,0,56,274,513,FINAL (ENTRADA MANUAL)
5,8,3,123,60,7,87,12,,0,1,0,104,52,6,62,10,2,0,3,1,2,0,0,48,290,513,FINAL (ENTRADA MANUAL)
5,8,4,108,51,9,106,15,,0,0,1,81,42,5,67,14,1,1,6,3,1,0,1,69,292,513,FINAL (ENTRADA MANUAL)
5,8,5,107,53,5,101,7,,0,0,0,87,45,5,81,5,2,1,0,1,1,0,0,45,273,513,FINAL (ENTRADA MANUAL)
5,8,6,122,38,9,100,8,,0,0,1,94,30,4,72,7,3,3,3,4,1,0,0,57,278,512,FINAL (ENTRADA MANUAL)
5,74,1,56,19,2,8,0,,0,0,0,49,19,2,6,0,0,1,0,0,0,1,0,8,86,0,FINAL (ENTRADA MANUAL)
5,74,2,56,19,2,8,0,,0,0,0,49,19,2,6,0,0,1,0,0,0,1,0,8,86,0,FINAL (ENTRADA MANUAL)
5,74,3,24,52,13,27,2,,0,0,0,21,45,13,20,2,0,4,1,1,0,0,0,11,118,0,FINAL (ENTRADA MANUAL)
5,74,4,0,0,0,0,0,,0,0,0,0,0,0,0,0,0,0,0,0,0,0,0,0,0,0,FINAL (ENTRADA MANUAL)
5,75,1,3,4,0,5,3,,1,0,0,3,2,0,3,3,0,1,0,0,0,1,0,4,17,0,FINAL (ENTRADA MANUAL)
5,77,1,268,223,22,59,5,,0,0,0,260,209,21,49,5,2,5,8,2,0,0,0,16,577,0,FINAL (ENTRADA MANUAL)
5,77,2,134,109,2,11,4,,0,0,0,129,109,2,9,4,1,2,0,0,0,0,0,4,260,0,FINAL (ENTRADA MANUAL)
5,77,3,180,109,5,47,4,,0,0,2,70,59,5,18,3,1,4,1,4,0,12,2,183,362,0,FINAL (ENTRADA MANUAL)
5,77,5,0,1,0,1,0,,0,0,0,0,1,0,0,0,0,0,0,0,0,1,0,1,3,0,FINAL (ENTRADA MANUAL)
5,78,1,22,12,1,12,1,,0,0,0,14,12,1,10,1,0,0,0,0,0,1,3,10,52,0,FINAL (ENTRADA MANUAL)
5,78,2,0,0,0,0,0,,0,0,0,0,0,0,0,0,0,0,0,0,0,0,0,0,0,0,FINAL (ENTRADA MANUAL)
5,78,3,0,0,0,0,0,,0,0,0,0,0,0,0,0,0,0,0,0,0,0,0,0,0,0,FINAL (ENTRADA MANUAL)
5,79,1,0,0,0,0,0,,0,0,0,0,0,0,0,0,0,0,0,0,0,0,0,0,0,0,FINAL (ENTRADA MANUAL)
6,1,1,166,76,21,,,,2,0,8,98,54,12,6,,5,1,5,5,,3,0,87,276,543,FINAL (ENTRADA MANUAL)
6,1,2,149,77,28,,,,0,0,5,79,46,14,4,,4,4,2,1,,3,0,105,262,543,FINAL (ENTRADA MANUAL)
6,1,3,161,85,23,,,,5,0,11,102,61,11,6,,3,1,7,2,,1,0,92,286,544,FINAL (ENTRADA MANUAL)
6,2,1,205,93,38,,,,0,1,7,156,55,24,7,,6,7,3,3,,3,0,83,347,513,FINAL (ENTRADA MANUAL)
6,2,2,205,74,46,,,,1,0,8,138,48,32,7,,7,3,5,2,,2,0,92,336,513,FINAL (ENTRADA MANUAL)
6,2,3,186,82,47,,,,5,0,6,123,58,28,5,,2,6,7,3,,1,0,94,327,513,FINAL (ENTRADA MANUAL)
6,2,4,194,57,39,,,,3,0,7,121,37,29,5,,6,3,8,3,,1,0,88,301,513,FINAL (ENTRADA MANUAL)
6,2,5,174,72,48,,,,1,0,8,122,54,28,8,,6,5,12,5,,2,0,63,305,513,FINAL (ENTRADA MANUAL)
6,2,6,163,71,52,,,,0,0,9,115,45,26,6,,2,9,13,4,,2,0,75,297,513,FINAL (ENTRADA MANUAL)
6,2,7,201,61,35,,,,3,0,4,136,40,23,3,,4,10,6,2,,4,0,80,308,512,FINAL (ENTRADA MANUAL)
6,3,1,141,48,8,,,,2,0,2,90,24,7,1,,4,4,0,2,,2,0,69,203,453,FINAL (ENTRADA MANUAL)
6,3,2,157,61,7,,,,3,0,3,99,36,5,1,,4,2,4,1,,1,0,79,232,453,FINAL (ENTRADA MANUAL)
6,3,3,119,58,10,,,,4,1,6,88,42,5,3,,6,3,2,4,,3,0,45,201,454,FINAL (ENTRADA MANUAL)
6,4,1,146,79,29,,,,3,0,6,112,50,20,5,,2,5,5,4,,1,0,60,264,551,FINAL (ENTRADA MANUAL)
6,4,2,149,89,23,,,,3,0,8,107,62,16,6,,4,7,5,6,,2,0,59,274,551,FINAL (ENTRADA MANUAL)
6,4,3,148,62,24,,,,3,1,10,107,40,17,8,,7,7,9,0,,1,0,53,249,551,FINAL (ENTRADA MANUAL)
6,4,4,161,81,21,,,,2,0,11,120,61,15,9,,4,7,4,5,,0,0,51,276,551,FINAL (ENTRADA MANUAL)
6,4,5,132,66,31,,,,2,0,6,84,45,21,4,,7,4,2,3,,1,0,67,238,551,FINAL (ENTRADA MANUAL)
6,4,6,140,82,30,,,,1,0,11,92,53,20,10,,3,7,4,3,,2,0,72,266,551,FINAL (ENTRADA MANUAL)
6,4,7,136,79,36,,,,2,0,11,103,62,27,10,,6,6,5,4,,2,0,41,266,552,FINAL (ENTRADA MANUAL)
6,5,1,125,93,11,,,,4,0,4,93,66,5,3,,1,2,1,4,,5,1,62,243,516,FINAL (ENTRADA MANUAL)
6,5,2,142,89,7,,,,0,0,6,88,53,4,2,,2,0,4,3,,3,1,88,248,515,FINAL (ENTRADA MANUAL)
6,6,1,154,69,10,,,,2,0,10,104,41,3,6,,2,4,2,2,,0,0,81,245,549,FINAL (ENTRADA MANUAL)
6,6,2,139,52,21,,,,1,0,8,89,29,13,5,,3,5,4,0,,2,0,73,223,549,FINAL (ENTRADA MANUAL)
6,6,3,146,61,15,,,,1,0,10,90,32,10,9,,2,7,4,4,,4,0,75,237,549,FINAL (ENTRADA MANUAL)
6,6,4,166,54,10,,,,1,0,5,126,35,6,5,,3,8,2,1,,3,0,50,239,550,FINAL (ENTRADA MANUAL)
6,7,1,123,67,6,,,,2,1,5,81,44,6,4,,9,8,2,3,,2,0,47,206,398,FINAL (ENTRADA MANUAL)
6,7,2,119,41,9,,,,2,0,7,67,27,4,6,,4,6,3,2,,1,0,59,179,398,FINAL (ENTRADA MANUAL)
6,8,1,131,99,7,,,,0,0,9,69,56,4,5,,9,7,0,1,,1,0,95,247,541,FINAL (ENTRADA MANUAL)
6,8,2,115,109,12,,,,1,1,5,79,86,8,4,,6,2,3,2,,3,0,53,246,541,FINAL (ENTRADA MANUAL)
6,8,3,138,93,14,,,,3,0,5,94,60,11,4,,6,4,3,2,,1,0,69,254,541,FINAL (ENTRADA MANUAL)
6,8,4,123,92,7,,,,1,2,4,76,62,4,2,,7,2,1,1,,2,0,74,231,541,FINAL (ENTRADA MANUAL)
6,9,1,123,71,14,,,,1,0,8,74,32,5,6,,10,8,8,5,,2,0,69,219,438,FINAL (ENTRADA MANUAL)
6,9,2,140,89,10,,,,1,0,5,67,38,7,4,,9,4,2,1,,0,0,113,245,438,FINAL (ENTRADA MANUAL)
6,9,3,135,63,13,,,,1,0,11,86,28,12,7,,7,1,2,2,,2,0,78,225,438,FINAL (ENTRADA MANUAL)
6,10,1,119,65,23,,,,2,0,3,83,37,13,3,,0,5,6,4,,3,0,61,215,478,FINAL (ENTRADA MANUAL)
6,10,2,101,67,26,,,,1,1,10,49,45,11,9,,1,1,4,14,,3,0,72,209,478,FINAL (ENTRADA MANUAL)
6,10,3,111,59,20,,,,2,0,9,75,43,17,9,,1,3,1,1,,2,0,51,203,478,FINAL (ENTRADA MANUAL)
6,10,4,90,57,23,,,,0,0,11,52,28,16,10,,2,2,2,1,,5,0,68,186,478,FINAL (ENTRADA MANUAL)
6,11,1,99,114,6,,,,1,0,7,70,67,2,4,,3,7,2,2,,1,0,70,228,493,FINAL (ENTRADA MANUAL)
6,11,2,81,104,11,,,,2,1,6,49,66,6,6,,5,5,2,2,,2,0,64,207,493,FINAL (ENTRADA MANUAL)
6,11,3,113,86,7,,,,0,0,9,94,51,5,8,,1,3,0,0,,3,0,53,218,494,FINAL (ENTRADA MANUAL)
6,12,1,99,92,7,,,,0,0,11,64,65,5,9,,2,2,2,1,,6,0,59,215,491,FINAL (ENTRADA MANUAL)
6,12,2,115,82,12,,,,0,0,5,70,53,7,4,,1,5,0,2,,4,1,72,219,491,FINAL (ENTRADA MANUAL)
6,13,1,176,91,32,,,,1,0,7,110,65,14,7,,1,7,6,5,,3,1,92,311,547,FINAL (ENTRADA MANUAL)
6,13,2,168,90,32,,,,7,0,10,123,66,18,7,,4,9,5,3,,3,0,72,310,547,FINAL (ENTRADA MANUAL)
6,13,3,147,105,33,,,,4,0,11,81,70,25,5,,4,5,5,4,,3,0,101,303,546,FINAL (ENTRADA MANUAL)
6,14,1,121,68,22,,,,0,0,13,76,43,12,6,,4,3,1,5,,4,0,74,228,506,FINAL (ENTRADA MANUAL)
6,14,2,119,85,26,,,,2,2,6,68,52,10,4,,2,7,7,2,,4,0,88,244,505,FINAL (ENTRADA MANUAL)
6,74,1,38,19,3,,,,0,0,0,24,8,2,0,,2,2,1,1,,1,0,20,61,0,FINAL (ENTRADA MANUAL)
6,74,2,43,17,0,,,,1,0,0,23,14,0,0,,1,1,1,0,,3,0,21,64,0,FINAL (ENTRADA MANUAL)
6,74,3,74,19,4,,,,0,0,3,60,12,4,3,,3,6,2,0,,1,0,10,101,0,FINAL (ENTRADA MANUAL)
6,74,4,71,24,3,,,,1,0,4,55,15,3,3,,2,4,0,1,,1,0,20,104,0,FINAL (ENTRADA MANUAL)
6,74,5,66,22,4,,,,0,0,3,43,11,3,0,,2,4,1,1,,3,0,30,98,0,FINAL (ENTRADA MANUAL)
6,74,6,68,15,0,,,,0,0,0,45,10,0,0,,0,2,0,0,,0,0,26,83,0,FINAL (ENTRADA MANUAL)
6,74,7,60,18,0,,,,0,0,2,47,10,0,0,,4,0,0,0,,0,0,19,80,0,FINAL (ENTRADA MANUAL)
6,74,8,54,14,1,,,,0,0,2,41,10,0,2,,2,1,0,0,,0,0,15,71,0,FINAL (ENTRADA MANUAL)
6,74,9,51,20,2,,,,1,0,0,25,13,1,0,,2,1,0,1,,0,0,31,74,0,FINAL (ENTRADA MANUAL)
6,74,10,53,15,0,,,,0,0,1,36,7,0,0,,2,0,0,0,,3,0,24,72,0,FINAL (ENTRADA MANUAL)
6,74,11,0,0,0,,,,0,0,0,0,0,0,0,,0,0,0,0,,0,0,0,0,0,FINAL (ENTRADA MANUAL)
6,74,12,0,0,0,,,,0,0,0,0,0,0,0,,0,0,0,0,,0,0,0,0,0,FINAL (ENTRADA MANUAL)
6,75,1,30,30,4,,,,31,0,2,16,16,1,0,,10,4,2,2,,1,1,46,99,0,FINAL (ENTRADA MANUAL)
6,77,1,225,119,17,,,,3,0,3,208,108,15,3,,12,8,1,1,,0,0,11,367,0,FINAL (ENTRADA MANUAL)
6,77,2,313,153,24,,,,1,0,2,293,135,18,2,,10,8,2,3,,0,0,22,493,0,FINAL (ENTRADA MANUAL)
6,77,3,251,111,9,,,,14,0,6,92,31,6,0,,6,9,3,1,,8,0,143,403,0,FINAL (ENTRADA MANUAL)
6,77,5,1,0,0,,,,4,0,1,1,0,0,1,,0,1,0,0,,0,0,3,6,0,FINAL (ENTRADA MANUAL)
6,78,1,28,11,6,,,,0,0,3,17,8,1,2,,1,0,1,2,,1,7,16,56,0,FINAL (ENTRADA MANUAL)
6,78,2,0,0,0,,,,0,0,0,0,0,0,0,,0,0,0,0,,0,0,0,0,0,FINAL (ENTRADA MANUAL)
6,78,3,0,0,0,,,,0,0,0,0,0,0,0,,0,0,0,0,,0,0,0,0,0,FINAL (ENTRADA MANUAL)
6,79,1,0,0,0,,,,1,0,0,0,0,0,0,,0,0,1,0,,0,0,0,1,0,FINAL (ENTRADA MANUAL)
6,79,2,0,0,0,,,,0,0,0,0,0,0,0,,0,0,0,0,,0,0,0,0,0,FINAL (ENTRADA MANUAL)
81,1,1,92,16,40,,,70,0,0,1,80,14,32,1,,3,2,1,3,,0,0,83,219,543,FINAL (ENTRADA MANUAL)
81,1,2,71,23,38,,,54,0,0,3,63,18,29,1,,2,11,2,0,,3,0,63,192,543,FINAL (ENTRADA MANUAL)
81,1,3,89,49,24,,,76,2,0,6,65,40,18,3,,4,6,3,0,,5,0,107,251,543,FINAL (ENTRADA MANUAL)
81,1,4,95,22,23,,,75,1,0,0,72,19,21,0,,2,8,1,0,,1,0,93,217,543,FINAL (ENTRADA MANUAL)
81,1,5,108,38,41,,,63,0,0,5,77,30,32,5,,4,8,2,0,,4,0,97,259,543,FINAL (ENTRADA MANUAL)
81,1,6,102,20,33,,,77,0,0,1,85,17,23,1,,2,5,2,1,,3,0,97,236,543,FINAL (ENTRADA MANUAL)
81,2,1,116,19,25,,,54,0,1,6,82,16,16,5,,2,5,2,5,,2,0,88,223,527,FINAL (ENTRADA MANUAL)
81,2,2,128,27,21,,,39,0,0,4,112,21,13,3,,3,1,2,1,,1,0,63,220,527,FINAL (ENTRADA MANUAL)
81,2,3,152,20,22,,,47,0,0,5,118,19,16,4,,2,8,2,1,,2,0,76,248,527,FINAL (ENTRADA MANUAL)
81,2,4,121,26,16,,,49,1,0,2,101,25,15,2,,1,3,1,3,,0,0,64,215,527,FINAL (ENTRADA MANUAL)
81,2,5,122,13,28,,,68,0,0,2,103,9,20,1,,0,13,0,2,,1,0,85,234,527,FINAL (ENTRADA MANUAL)
81,2,6,105,21,27,,,67,1,0,5,85,18,15,5,,3,3,2,1,,1,0,94,227,527,FINAL (ENTRADA MANUAL)
81,2,7,135,38,24,,,57,0,0,5,115,33,22,4,,4,3,0,1,,0,0,77,259,527,FINAL (ENTRADA MANUAL)
81,2,8,147,18,32,,,48,0,0,9,125,14,23,6,,1,3,4,1,,0,0,77,254,527,FINAL (ENTRADA MANUAL)
81,2,9,123,16,18,,,56,0,0,8,87,14,13,7,,3,3,0,0,,2,0,94,223,525,FINAL (ENTRADA MANUAL)
81,3,1,97,29,26,,,76,1,0,2,74,20,18,1,,3,3,1,2,,1,0,109,232,464,FINAL (ENTRADA MANUAL)
81,3,2,86,32,25,,,73,0,0,3,56,27,14,2,,0,5,3,2,,2,0,110,221,465,FINAL (ENTRADA MANUAL)
81,4,1,99,25,20,,,68,1,0,4,71,18,15,2,,1,5,1,2,,0,0,102,217,509,FINAL (ENTRADA MANUAL)
81,4,2,98,23,36,,,62,0,0,3,69,19,24,2,,2,3,2,3,,0,1,98,223,509,FINAL (ENTRADA MANUAL)
81,4,3,98,29,44,,,62,0,0,6,69,25,33,4,,1,4,5,2,,0,1,96,240,509,FINAL (ENTRADA MANUAL)
81,4,4,84,18,40,,,62,1,0,3,62,17,26,2,,0,5,5,1,,2,0,90,210,509,FINAL (ENTRADA MANUAL)
81,4,5,116,20,43,,,55,3,0,5,77,17,25,3,,2,0,7,4,,1,0,107,243,509,FINAL (ENTRADA MANUAL)
81,4,6,101,22,40,,,59,0,0,11,83,19,25,7,,2,4,4,0,,0,1,89,234,509,FINAL (ENTRADA MANUAL)
81,4,7,138,26,36,,,37,0,0,1,94,24,24,1,,2,4,3,1,,0,0,85,238,509,FINAL (ENTRADA MANUAL)
81,4,8,118,14,33,,,58,0,0,9,81,7,19,7,,1,6,5,2,,0,0,104,232,508,FINAL (ENTRADA MANUAL)
81,5,1,116,21,26,,,60,0,0,4,84,19,19,2,,2,8,0,5,,1,0,88,228,559,FINAL (ENTRADA MANUAL)
81,5,2,140,22,15,,,61,0,0,3,113,17,15,2,,3,2,0,3,,3,0,86,244,559,FINAL (ENTRADA MANUAL)
81,5,3,120,14,27,,,52,0,2,2,92,14,22,1,,1,3,0,6,,2,0,78,219,559,FINAL (ENTRADA MANUAL)
81,5,4,114,18,16,,,44,1,0,5,95,17,11,3,,1,4,0,0,,1,0,67,199,559,FINAL (ENTRADA MANUAL)
81,5,5,126,14,24,,,68,0,0,2,97,12,21,2,,1,1,3,1,,1,0,96,235,559,FINAL (ENTRADA MANUAL)
81,5,6,101,22,29,,,67,0,0,3,83,13,24,1,,4,2,3,1,,1,0,91,223,558,FINAL (ENTRADA MANUAL)
81,6,1,137,31,25,,,52,1,1,4,98,23,17,2,,0,3,4,5,,3,0,99,254,541,FINAL (ENTRADA MANUAL)
81,6,2,136,30,26,,,35,0,0,9,100,24,17,8,,5,5,4,5,,1,0,68,237,541,FINAL (ENTRADA MANUAL)
81,6,3,126,34,28,,,47,1,1,7,79,23,19,5,,1,4,7,1,,5,0,105,249,541,FINAL (ENTRADA MANUAL)
81,6,4,117,26,38,,,38,0,0,5,76,16,24,3,,3,4,7,5,,0,0,86,224,541,FINAL (ENTRADA MANUAL)
81,6,5,121,31,38,,,42,2,0,6,81,24,28,4,,1,1,6,0,,3,0,95,243,543,FINAL (ENTRADA MANUAL)
81,74,1,60,14,2,,,6,0,0,1,51,12,2,0,,1,0,0,0,,0,0,17,83,0,FINAL (ENTRADA MANUAL)
81,74,2,40,24,2,,,8,0,0,1,33,22,2,0,,0,1,0,0,,0,0,17,75,0,FINAL (ENTRADA MANUAL)
81,74,3,59,2,4,,,6,0,0,0,49,2,4,0,,0,2,1,0,,0,0,13,71,0,FINAL (ENTRADA MANUAL)
81,74,4,65,2,0,,,3,0,0,0,52,1,0,0,,2,2,0,0,,1,0,13,71,0,FINAL (ENTRADA MANUAL)
81,74,5,60,5,0,,,11,0,0,0,52,2,0,0,,0,2,1,0,,0,0,19,76,0,FINAL (ENTRADA MANUAL)
81,74,6,46,12,2,,,17,0,0,0,30,10,2,0,,0,2,0,0,,1,0,33,78,0,FINAL (ENTRADA MANUAL)
81,74,7,61,7,2,,,11,0,0,0,47,5,1,0,,4,2,2,0,,1,0,20,82,0,FINAL (ENTRADA MANUAL)
81,74,8,74,11,2,,,12,0,0,0,69,8,2,0,,1,3,0,0,,0,0,16,99,0,FINAL (ENTRADA MANUAL)
81,74,9,71,11,6,,,5,0,0,0,54,5,1,0,,1,3,3,1,,0,0,25,93,0,FINAL (ENTRADA MANUAL)
81,74,10,73,5,5,,,10,0,0,1,63,3,5,1,,2,3,0,0,,0,0,17,94,0,FINAL (ENTRADA MANUAL)
81,74,11,0,0,0,,,0,0,0,0,0,0,0,0,,0,0,0,0,,0,0,0,0,0,FINAL (ENTRADA MANUAL)
81,74,12,0,0,0,,,0,0,0,0,0,0,0,0,,0,0,0,0,,0,0,0,0,0,FINAL (ENTRADA MANUAL)
81,74,13,0,0,0,,,0,0,0,0,0,0,0,0,,0,0,0,0,,0,0,0,0,0,FINAL (ENTRADA MANUAL)
81,75,1,15,3,3,,,20,3,0,0,8,0,2,0,,0,3,0,0,,0,1,31,45,0,FINAL (ENTRADA MANUAL)
81,75,2,1,0,0,,,0,0,0,0,1,0,0,0,,0,0,0,0,,0,0,0,1,0,FINAL (ENTRADA MANUAL)
81,75,3,2,0,0,,,0,0,0,0,1,0,0,0,,0,1,0,0,,0,0,0,2,0,FINAL (ENTRADA MANUAL)
81,75,4,0,0,0,,,0,0,0,0,0,0,0,0,,0,0,0,0,,0,0,0,0,0,FINAL (ENTRADA MANUAL)
81,75,5,0,0,0,,,0,0,0,0,0,0,0,0,,0,0,0,0,,0,0,0,0,0,FINAL (ENTRADA MANUAL)
81,77,1,594,197,65,,,33,3,0,3,576,193,63,3,,8,31,3,0,,0,0,18,895,0,FINAL (ENTRADA MANUAL)
81,77,2,92,22,5,,,3,0,0,2,89,22,5,2,,0,4,0,0,,0,0,2,124,0,FINAL (ENTRADA MANUAL)
81,77,3,1,3,2,,,0,3,0,0,1,2,1,0,,0,3,0,0,,0,0,2,9,0,FINAL (ENTRADA MANUAL)
81,77,5,0,0,0,,,0,0,0,0,0,0,0,0,,0,0,0,0,,0,0,0,0,0,FINAL (ENTRADA MANUAL)
81,78,1,20,15,3,,,5,0,0,7,18,13,1,0,,0,1,0,0,,0,6,11,50,0,FINAL (ENTRADA MANUAL)
81,78,2,0,0,0,,,0,0,0,0,0,0,0,0,,0,0,0,0,,0,0,0,0,0,FINAL (ENTRADA MANUAL)
81,78,3,0,0,0,,,0,0,0,0,0,0,0,0,,0,0,0,0,,0,0,0,0,0,FINAL (ENTRADA MANUAL)
7,1,1,162,69,13,,,,0,1,7,107,46,7,6,,1,5,2,4,,1,0,74,253,570,FINAL (ENTRADA MANUAL)
7,1,2,149,58,12,,,,0,0,14,96,38,7,8,,4,1,0,2,,8,0,77,241,570,FINAL (ENTRADA MANUAL)
7,1,3,134,59,12,,,,1,0,6,93,45,10,5,,3,2,1,2,,8,0,51,220,570,FINAL (ENTRADA MANUAL)
7,1,4,141,57,13,,,,0,0,15,79,39,8,9,,1,2,0,2,,6,1,86,233,569,FINAL (ENTRADA MANUAL)
7,2,1,150,76,17,,,,0,1,17,102,51,13,14,,1,2,3,2,,3,0,73,264,582,FINAL (ENTRADA MANUAL)
7,2,2,134,62,12,,,,1,0,17,86,47,5,15,,2,2,1,3,,5,0,65,231,583,FINAL (ENTRADA MANUAL)
7,3,1,193,60,39,,,,0,0,11,140,36,21,9,,2,5,6,4,,4,0,80,307,562,FINAL (ENTRADA MANUAL)
7,3,2,163,75,35,,,,0,0,14,120,49,21,11,,1,3,11,5,,2,0,66,289,562,FINAL (ENTRADA MANUAL)
7,3,3,153,63,52,,,,0,0,11,109,45,31,9,,3,4,8,5,,2,0,67,283,561,FINAL (ENTRADA MANUAL)
7,4,1,177,45,27,,,,2,0,7,142,39,15,6,,5,2,2,5,,0,0,42,258,535,FINAL (ENTRADA MANUAL)
7,4,2,159,72,49,,,,1,0,6,121,59,37,6,,3,4,8,2,,2,0,47,289,535,FINAL (ENTRADA MANUAL)
7,4,3,170,53,42,,,,0,0,8,132,39,28,5,,3,0,2,4,,3,0,60,276,535,FINAL (ENTRADA MANUAL)
7,4,4,157,74,33,,,,2,0,9,119,39,20,7,,2,2,6,7,,0,0,73,275,535,FINAL (ENTRADA MANUAL)
7,4,5,159,54,40,,,,0,0,11,113,39,30,7,,3,4,3,2,,5,0,63,269,536,FINAL (ENTRADA MANUAL)
7,5,1,132,61,35,,,,0,0,10,106,41,25,6,,1,4,4,2,,1,0,49,239,475,FINAL (ENTRADA MANUAL)
7,5,2,143,49,31,,,,1,0,9,110,39,23,9,,3,1,5,4,,2,0,39,235,475,FINAL (ENTRADA MANUAL)
7,5,3,114,47,30,,,,0,0,9,84,34,18,7,,1,4,6,5,,4,0,41,204,475,FINAL (ENTRADA MANUAL)
7,5,4,139,57,35,,,,1,0,6,94,41,20,5,,4,5,7,2,,3,0,60,241,475,FINAL (ENTRADA MANUAL)
7,5,5,127,39,40,,,,0,0,6,99,29,27,6,,0,3,4,6,,1,0,38,213,476,FINAL (ENTRADA MANUAL)
7,6,1,194,59,20,,,,2,0,14,151,47,12,12,,2,0,3,3,,4,0,59,293,524,FINAL (ENTRADA MANUAL)
7,6,2,194,71,19,,,,2,0,7,146,55,15,6,,7,3,3,2,,3,0,56,296,524,FINAL (ENTRADA MANUAL)
7,6,3,186,52,25,,,,1,0,15,139,39,16,12,,4,1,1,1,,2,0,66,281,525,FINAL (ENTRADA MANUAL)
7,7,1,229,53,25,,,,0,0,4,197,40,18,4,,4,4,3,7,,1,0,34,312,603,FINAL (ENTRADA MANUAL)
7,8,1,196,43,32,,,,0,0,10,136,32,22,7,,6,7,6,3,,0,0,62,281,527,FINAL (ENTRADA MANUAL)
7,8,2,177,61,33,,,,0,0,13,148,41,22,11,,2,3,5,1,,0,1,51,285,527,FINAL (ENTRADA MANUAL)
7,8,3,169,57,34,,,,2,0,8,130,42,25,6,,3,6,4,1,,0,0,53,270,527,FINAL (ENTRADA MANUAL)
7,8,4,181,56,33,,,,5,0,3,138,36,23,1,,3,8,3,0,,2,0,66,280,527,FINAL (ENTRADA MANUAL)
7,8,5,177,68,37,,,,2,0,13,127,50,27,13,,5,2,8,3,,4,0,62,301,527,FINAL (ENTRADA MANUAL)
7,8,6,165,59,42,,,,1,0,12,131,40,24,10,,6,4,5,4,,4,0,55,283,527,FINAL (ENTRADA MANUAL)
7,8,7,170,33,34,,,,2,0,2,126,22,24,0,,4,5,6,1,,2,1,53,244,527,FINAL (ENTRADA MANUAL)
7,8,8,176,57,49,,,,3,0,10,127,41,43,7,,3,4,1,1,,1,0,68,296,527,FINAL (ENTRADA MANUAL)
7,8,9,187,55,42,,,,0,0,6,141,41,29,4,,0,1,5,1,,2,0,68,292,525,FINAL (ENTRADA MANUAL)
7,9,1,158,61,47,,,,1,1,11,114,44,35,8,,4,2,4,4,,1,0,64,280,558,FINAL (ENTRADA MANUAL)
7,9,2,177,62,43,,,,1,1,17,143,40,33,16,,7,6,6,2,,1,0,48,302,558,FINAL (ENTRADA MANUAL)
7,9,3,152,80,52,,,,0,0,9,118,55,39,7,,0,3,6,3,,1,0,62,294,557,FINAL (ENTRADA MANUAL)
7,10,1,131,61,25,,,,0,0,13,77,34,19,10,,5,10,1,3,,1,0,71,231,547,FINAL (ENTRADA MANUAL)
7,10,2,150,71,23,,,,1,0,9,81,37,14,9,,4,10,3,2,,2,0,94,256,547,FINAL (ENTRADA MANUAL)
7,10,3,140,65,30,,,,2,0,12,73,32,16,9,,6,5,5,2,,1,0,101,250,547,FINAL (ENTRADA MANUAL)
7,10,4,159,48,27,,,,1,0,17,85,32,17,15,,7,5,8,2,,1,0,81,253,547,FINAL (ENTRADA MANUAL)
7,10,5,137,61,38,,,,1,0,12,99,40,20,8,,2,6,6,4,,3,0,64,252,547,FINAL (ENTRADA MANUAL)
7,10,6,132,66,25,,,,1,1,4,82,47,14,3,,2,3,5,5,,1,0,68,230,547,FINAL (ENTRADA MANUAL)
7,10,7,141,60,31,,,,1,0,10,82,45,20,10,,3,7,6,1,,2,0,69,245,546,FINAL (ENTRADA MANUAL)
7,11,1,143,49,16,,,,0,0,12,90,32,13,10,,3,1,2,3,,0,0,66,220,510,FINAL (ENTRADA MANUAL)
7,11,2,148,62,16,,,,0,0,7,83,38,8,6,,5,4,4,3,,0,0,82,233,510,FINAL (ENTRADA MANUAL)
7,11,3,144,44,22,,,,5,1,9,76,20,16,5,,8,3,1,4,,2,0,92,227,510,FINAL (ENTRADA MANUAL)
7,12,1,156,70,44,,,,1,0,16,111,52,29,11,,8,0,7,3,,4,0,66,291,583,FINAL (ENTRADA MANUAL)
7,12,2,140,83,43,,,,2,0,17,89,58,26,13,,1,5,7,4,,3,0,82,288,583,FINAL (ENTRADA MANUAL)
7,12,3,162,62,46,,,,1,0,11,108,44,28,11,,5,4,14,3,,3,1,65,286,583,FINAL (ENTRADA MANUAL)
7,12,4,161,67,40,,,,0,0,14,119,48,20,13,,6,5,11,4,,2,0,56,284,583,FINAL (ENTRADA MANUAL)
7,12,5,153,76,45,,,,0,1,10,97,55,27,8,,7,1,7,6,,2,0,77,287,582,FINAL (ENTRADA MANUAL)
7,13,1,132,57,43,,,,1,0,8,93,38,24,8,,5,9,9,0,,0,0,55,241,407,FINAL (ENTRADA MANUAL)
7,13,2,145,50,45,,,,1,0,3,94,21,28,1,,2,6,9,7,,1,0,76,245,407,FINAL (ENTRADA MANUAL)
7,13,3,126,67,37,,,,1,0,12,94,48,26,8,,5,11,2,2,,2,0,47,245,406,FINAL (ENTRADA MANUAL)
7,14,1,112,39,4,,,,1,0,10,89,23,2,7,,2,5,0,0,,0,0,38,166,566,FINAL (ENTRADA MANUAL)
7,15,1,147,67,49,,,,3,0,7,96,51,32,7,,1,5,5,4,,2,0,72,275,506,FINAL (ENTRADA MANUAL)
7,15,2,143,62,56,,,,6,0,11,114,37,41,9,,7,8,6,4,,4,0,52,282,506,FINAL (ENTRADA MANUAL)
7,15,3,144,66,38,,,,2,0,10,93,49,23,9,,4,2,3,6,,1,0,71,261,507,FINAL (ENTRADA MANUAL)
7,16,1,142,67,47,,,,1,0,8,94,46,28,6,,8,5,6,3,,2,0,69,267,456,FINAL (ENTRADA MANUAL)
7,16,2,135,60,48,,,,1,0,10,88,38,32,9,,3,4,6,4,,5,0,70,259,455,FINAL (ENTRADA MANUAL)
7,17,1,135,56,27,,,,3,1,11,79,34,16,9,,2,5,8,5,,0,0,75,233,519,FINAL (ENTRADA MANUAL)
7,17,2,163,64,24,,,,3,0,8,108,37,17,7,,6,7,1,4,,4,0,74,265,519,FINAL (ENTRADA MANUAL)
7,17,3,142,80,42,,,,2,0,5,94,54,31,5,,4,7,8,3,,1,1,65,273,519,FINAL (ENTRADA MANUAL)
7,17,4,150,49,44,,,,1,0,13,108,29,25,10,,6,6,8,9,,4,1,56,262,520,FINAL (ENTRADA MANUAL)
7,18,1,145,72,33,,,,3,2,8,99,50,22,8,,7,3,6,6,,2,0,62,265,411,FINAL (ENTRADA MANUAL)
7,18,2,119,67,46,,,,2,0,9,79,43,34,6,,0,8,7,7,,2,0,59,245,411,FINAL (ENTRADA MANUAL)
7,19,1,142,68,33,,,,3,0,9,98,39,19,8,,3,1,7,5,,3,1,75,259,462,FINAL (ENTRADA MANUAL)
7,19,2,146,62,43,,,,4,0,6,96,45,28,5,,3,3,5,3,,2,0,73,263,463,FINAL (ENTRADA MANUAL)
7,20,1,141,63,29,,,,0,0,5,94,45,20,3,,3,5,2,2,,0,0,64,238,507,FINAL (ENTRADA MANUAL)
7,20,2,154,64,43,,,,1,0,12,106,38,32,12,,3,4,5,2,,2,0,72,276,507,FINAL (ENTRADA MANUAL)
7,20,3,127,70,25,,,,2,0,9,84,50,19,5,,3,2,2,1,,7,0,67,240,508,FINAL (ENTRADA MANUAL)
7,74,1,33,12,0,,,,0,0,1,19,10,0,1,,2,1,0,0,,1,0,13,47,0,FINAL (ENTRADA MANUAL)
7,74,2,35,7,0,,,,0,0,1,24,5,0,1,,1,0,0,0,,1,0,12,44,0,FINAL (ENTRADA MANUAL)
7,74,3,67,17,2,,,,0,0,1,58,12,2,1,,0,1,0,0,,1,0,13,88,0,FINAL (ENTRADA MANUAL)
7,74,4,66,19,3,,,,0,0,0,57,16,2,0,,1,3,2,0,,0,0,7,88,0,FINAL (ENTRADA MANUAL)
7,74,5,67,22,4,,,,0,0,0,60,16,3,0,,5,3,1,1,,1,0,4,94,0,FINAL (ENTRADA MANUAL)
7,74,6,56,14,5,,,,0,0,0,50,14,1,0,,0,0,1,0,,0,0,9,75,0,FINAL (ENTRADA MANUAL)
7,74,7,64,13,5,,,,0,0,0,56,11,4,0,,1,2,1,0,,0,0,7,82,0,FINAL (ENTRADA MANUAL)
7,74,8,54,23,0,,,,1,0,0,38,13,0,0,,2,4,2,0,,0,0,19,78,0,FINAL (ENTRADA MANUAL)
7,74,9,52,14,5,,,,2,0,4,40,12,3,3,,1,1,0,2,,0,0,15,77,0,FINAL (ENTRADA MANUAL)
7,74,10,58,16,4,,,,0,0,0,37,12,2,0,,1,1,1,0,,0,0,24,78,0,FINAL (ENTRADA MANUAL)
7,74,11,44,25,4,,,,0,0,0,32,23,3,0,,1,1,2,0,,0,0,11,73,0,FINAL (ENTRADA MANUAL)
7,74,12,61,20,2,,,,0,0,0,49,13,1,0,,1,2,1,0,,0,0,16,83,0,FINAL (ENTRADA MANUAL)
7,74,13,65,15,4,,,,0,0,1,56,14,3,1,,1,0,0,0,,0,0,10,85,0,FINAL (ENTRADA MANUAL)
7,74,14,59,22,4,,,,0,0,1,45,21,4,0,,3,0,1,0,,0,0,12,86,0,FINAL (ENTRADA MANUAL)
7,74,15,41,9,2,,,,0,0,0,38,6,2,0,,0,0,0,3,,0,0,3,52,0,FINAL (ENTRADA MANUAL)
7,74,16,0,0,0,,,,0,0,0,0,0,0,0,,0,0,0,0,,0,0,0,0,0,FINAL (ENTRADA MANUAL)
7,75,1,15,14,3,,,,14,0,2,4,2,0,0,,2,3,1,1,,0,0,35,49,0,FINAL (ENTRADA MANUAL)
7,77,1,829,301,79,,,,2,0,12,768,287,72,12,,15,23,2,2,,0,0,42,1223,0,FINAL (ENTRADA MANUAL)
7,77,2,535,202,60,,,,1,0,5,500,184,56,5,,3,13,5,2,,0,0,35,803,0,FINAL (ENTRADA MANUAL)
7,77,3,485,191,95,,,,1,1,3,181,88,39,5,,10,21,10,5,,12,2,448,822,0,FINAL (ENTRADA MANUAL)
7,77,5,0,0,0,,,,0,0,0,0,0,0,0,,0,0,0,0,,0,0,0,0,0,FINAL (ENTRADA MANUAL)
7,78,1,46,15,7,,,,1,0,3,33,13,7,1,,0,0,0,0,,0,0,17,71,0,FINAL (ENTRADA MANUAL)
7,78,2,6,2,0,,,,0,0,0,1,2,0,0,,0,0,0,1,,0,0,4,8,0,FINAL (ENTRADA MANUAL)
7,78,3,0,0,0,,,,0,0,0,0,0,0,0,,0,0,0,0,,0,0,0,0,0,FINAL (ENTRADA MANUAL)
7,79,1,0,0,1,,,,0,0,0,0,0,0,0,,0,0,0,0,,0,0,1,1,0,FINAL (ENTRADA MANUAL)
7,79,2,0,0,0,,,,0,0,0,0,0,0,0,,0,0,0,0,,0,0,0,0,0,FINAL (ENTRADA MANUAL)
8,1,1,118,18,7,,,,0,0,3,74,15,7,1,,3,1,0,1,,0,1,44,147,370,FINAL (ENTRADA MANUAL)
8,1,2,107,23,1,,,,0,0,0,65,18,1,0,,4,2,0,1,,1,0,40,132,371,FINAL (ENTRADA MANUAL)
8,2,1,192,24,6,,,,0,0,3,121,15,5,3,,2,2,1,3,,0,0,73,225,601,FINAL (ENTRADA MANUAL)
8,2,2,185,24,1,,,,0,0,1,141,19,1,0,,5,0,2,1,,0,0,42,211,601,FINAL (ENTRADA MANUAL)
8,2,3,193,24,7,,,,1,0,8,154,17,3,5,,1,0,4,1,,2,0,48,235,601,FINAL (ENTRADA MANUAL)
8,2,4,196,29,7,,,,1,0,1,136,24,4,0,,4,1,2,2,,0,0,61,234,601,FINAL (ENTRADA MANUAL)
8,2,5,191,35,7,,,,0,0,2,130,26,2,1,,1,1,3,4,,1,0,67,236,601,FINAL (ENTRADA MANUAL)
8,3,1,171,58,44,,,,1,0,11,106,50,22,11,,5,2,11,5,,1,0,73,286,492,FINAL (ENTRADA MANUAL)
8,3,2,196,48,22,,,,1,0,7,127,36,14,6,,4,6,8,4,,0,0,69,274,492,FINAL (ENTRADA MANUAL)
8,3,3,208,50,28,,,,0,0,7,131,39,14,5,,3,5,7,7,,1,0,82,294,492,FINAL (ENTRADA MANUAL)
8,3,4,183,64,22,,,,0,0,5,119,49,12,5,,3,4,6,2,,1,0,74,275,492,FINAL (ENTRADA MANUAL)
8,3,5,202,65,25,,,,2,0,4,125,46,15,3,,3,8,9,6,,0,1,83,299,492,FINAL (ENTRADA MANUAL)
8,4,1,146,26,5,,,,0,0,6,90,14,2,4,,1,1,3,6,,2,0,62,185,388,FINAL (ENTRADA MANUAL)
8,4,2,161,25,13,,,,0,1,3,111,16,12,2,,4,2,1,2,,0,0,53,203,388,FINAL (ENTRADA MANUAL)
8,5,1,233,47,20,,,,1,0,7,148,30,11,3,,2,3,8,3,,2,0,100,310,585,FINAL (ENTRADA MANUAL)
8,5,2,223,62,18,,,,0,0,5,139,46,10,5,,6,9,5,2,,0,0,86,308,585,FINAL (ENTRADA MANUAL)
8,5,3,228,50,19,,,,1,0,5,136,40,11,5,,5,3,4,8,,3,0,91,306,585,FINAL (ENTRADA MANUAL)
8,6,1,265,58,3,,,,0,2,1,168,40,0,0,,2,1,6,3,,0,0,109,329,694,FINAL (ENTRADA MANUAL)
8,6,2,201,52,1,,,,3,0,1,133,39,1,0,,2,0,2,1,,0,0,80,258,694,FINAL (ENTRADA MANUAL)
8,6,3,194,45,2,,,,0,1,5,127,34,1,5,,5,4,0,2,,0,0,69,247,694,FINAL (ENTRADA MANUAL)
8,6,4,169,58,2,,,,0,0,2,92,47,1,1,,3,2,0,4,,3,0,81,234,694,FINAL (ENTRADA MANUAL)
8,6,5,179,73,2,,,,1,0,2,115,58,1,2,,1,3,0,1,,0,0,76,257,694,FINAL (ENTRADA MANUAL)
8,6,6,197,50,2,,,,0,0,0,134,28,1,0,,5,4,0,5,,2,0,72,251,694,FINAL (ENTRADA MANUAL)
8,6,7,182,55,5,,,,0,0,1,114,38,2,1,,4,1,2,1,,1,0,80,244,692,FINAL (ENTRADA MANUAL)
8,7,1,179,41,10,,,,1,0,3,112,31,5,3,,5,7,1,6,,3,0,64,237,510,FINAL (ENTRADA MANUAL)
8,7,2,187,33,8,,,,2,0,2,110,24,7,1,,8,2,3,2,,1,0,75,233,510,FINAL (ENTRADA MANUAL)
8,7,3,186,31,3,,,,0,0,6,117,25,2,6,,3,2,0,3,,1,0,68,227,510,FINAL (ENTRADA MANUAL)
8,7,4,191,39,3,,,,0,0,2,118,23,1,1,,6,3,2,1,,1,0,80,236,510,FINAL (ENTRADA MANUAL)
8,7,5,178,43,3,,,,0,0,1,101,29,2,1,,0,6,1,2,,1,0,83,226,511,FINAL (ENTRADA MANUAL)
8,8,1,151,27,3,,,,0,1,3,101,17,2,2,,2,0,0,1,,0,1,60,186,415,FINAL (ENTRADA MANUAL)
8,8,2,137,29,1,,,,0,0,2,112,26,1,1,,0,0,0,0,,0,0,29,169,415,FINAL (ENTRADA MANUAL)
8,9,1,208,26,3,,,,0,0,1,132,18,2,0,,2,0,0,2,,1,1,82,240,637,FINAL (ENTRADA MANUAL)
8,9,2,187,36,6,,,,1,0,2,118,27,1,1,,2,1,1,1,,1,0,80,233,637,FINAL (ENTRADA MANUAL)
8,9,3,183,35,4,,,,1,0,4,124,25,2,3,,3,1,1,0,,1,0,68,228,637,FINAL (ENTRADA MANUAL)
8,9,4,186,26,5,,,,0,0,2,145,24,4,2,,4,3,0,0,,2,0,37,221,637,FINAL (ENTRADA MANUAL)
8,9,5,184,30,1,,,,0,0,1,126,23,1,1,,2,1,0,3,,0,0,59,216,637,FINAL (ENTRADA MANUAL)
8,74,1,56,10,0,,,,0,0,0,38,8,0,0,,0,0,0,0,,0,0,20,66,0,FINAL (ENTRADA MANUAL)
8,74,2,43,12,1,,,,0,0,0,31,12,0,0,,1,0,0,0,,0,0,12,56,0,FINAL (ENTRADA MANUAL)
8,74,3,56,18,8,,,,0,0,1,46,16,6,1,,0,2,0,0,,0,0,12,83,0,FINAL (ENTRADA MANUAL)
8,74,4,55,18,4,,,,1,0,0,35,14,3,0,,0,1,0,1,,1,0,24,79,0,FINAL (ENTRADA MANUAL)
8,74,5,32,30,1,,,,0,0,1,20,27,1,0,,2,1,0,1,,0,0,12,64,0,FINAL (ENTRADA MANUAL)
8,74,6,45,23,2,,,,0,0,0,32,17,0,0,,0,2,0,0,,0,0,19,70,0,FINAL (ENTRADA MANUAL)
8,74,7,41,24,1,,,,0,0,1,27,21,1,0,,1,1,0,0,,0,0,16,67,0,FINAL (ENTRADA MANUAL)
8,74,8,48,26,1,,,,0,0,0,33,20,1,0,,0,3,0,0,,0,0,18,75,0,FINAL (ENTRADA MANUAL)
8,74,9,0,0,0,,,,0,0,0,0,0,0,0,,0,0,0,0,,0,0,0,0,0,FINAL (ENTRADA MANUAL)
8,75,1,14,3,0,,,,4,0,0,2,1,0,0,,0,1,0,0,,0,1,17,22,0,FINAL (ENTRADA MANUAL)
8,75,2,0,0,0,,,,0,0,1,0,0,0,0,,0,0,0,1,,0,0,0,1,0,FINAL (ENTRADA MANUAL)
8,77,1,314,96,19,,,,0,0,4,251,81,13,2,,9,4,3,1,,1,0,69,434,0,FINAL (ENTRADA MANUAL)
8,77,2,221,114,6,,,,0,0,2,191,110,6,2,,1,3,1,0,,0,0,29,343,0,FINAL (ENTRADA MANUAL)
8,77,3,228,65,10,,,,0,0,3,96,22,7,1,,1,7,2,0,,2,2,172,312,0,FINAL (ENTRADA MANUAL)
8,77,5,0,0,0,,,,0,0,0,0,0,0,0,,0,0,0,0,,0,0,0,0,0,FINAL (ENTRADA MANUAL)
8,78,1,17,4,1,,,,0,0,0,10,3,0,0,,0,1,0,0,,0,10,8,32,0,FINAL (ENTRADA MANUAL)
8,78,2,0,0,0,,,,0,0,0,0,0,0,0,,0,0,0,0,,0,0,0,0,0,FINAL (ENTRADA MANUAL)
8,78,3,0,0,0,,,,0,0,0,0,0,0,0,,0,0,0,0,,0,0,0,0,0,FINAL (ENTRADA MANUAL)
8,79,1,0,2,0,,,,0,0,0,0,2,0,0,,0,0,0,0,,0,0,0,2,0,FINAL (ENTRADA MANUAL)
9,1,1,178,47,13,,,,0,0,8,120,42,12,8,,3,6,3,2,,0,0,50,246,430,FINAL (ENTRADA MANUAL)
9,2,1,184,45,20,,,,1,0,12,109,36,14,8,,3,5,8,5,,1,0,74,263,476,FINAL (ENTRADA MANUAL)
9,2,2,182,31,15,,,,0,0,9,128,24,9,8,,3,7,7,4,,3,0,47,240,476,FINAL (ENTRADA MANUAL)
9,2,3,180,31,22,,,,1,0,9,129,23,16,7,,4,6,5,3,,1,0,50,244,476,FINAL (ENTRADA MANUAL)
9,2,4,215,32,15,,,,0,0,4,138,28,12,4,,5,9,6,1,,0,0,63,266,474,FINAL (ENTRADA MANUAL)
9,74,1,70,36,4,,,,0,0,0,56,29,2,0,,2,5,1,0,,0,0,15,110,0,FINAL (ENTRADA MANUAL)
9,74,2,0,0,0,,,,0,0,0,0,0,0,0,,0,0,0,0,,0,0,0,0,0,FINAL (ENTRADA MANUAL)
9,75,1,0,0,0,,,,0,0,0,0,0,0,0,,0,0,0,0,,0,0,0,0,0,FINAL (ENTRADA MANUAL)
9,75,2,0,0,0,,,,1,0,0,0,0,0,0,,0,0,0,0,,0,0,1,1,0,FINAL (ENTRADA MANUAL)
9,77,1,75,17,4,,,,0,0,4,67,17,4,4,,0,3,1,0,,0,0,4,100,0,FINAL (ENTRADA MANUAL)
9,77,2,18,8,3,,,,0,0,0,9,7,2,0,,0,0,0,2,,0,0,9,29,0,FINAL (ENTRADA MANUAL)
9,77,3,29,1,2,,,,0,0,0,13,1,2,0,,0,0,1,0,,0,0,13,32,0,FINAL (ENTRADA MANUAL)
9,77,5,0,0,0,,,,0,0,0,0,0,0,0,,0,0,0,0,,0,0,0,0,0,FINAL (ENTRADA MANUAL)
9,78,1,8,2,2,,,,0,0,1,3,2,2,0,,0,0,0,0,,0,0,6,13,0,FINAL (ENTRADA MANUAL)
9,78,2,0,0,0,,,,0,0,0,0,0,0,0,,0,0,0,0,,0,0,0,0,0,FINAL (ENTRADA MANUAL)
9,78,3,0,0,0,,,,0,0,0,0,0,0,0,,0,0,0,0,,0,0,0,0,0,FINAL (ENTRADA MANUAL)
9,79,1,1,0,0,,,,0,0,0,1,0,0,0,,0,0,0,0,,0,0,0,1,0,FINAL (ENTRADA MANUAL)
10,1,1,227,34,32,,,,0,0,10,128,28,23,8,,3,3,3,8,,3,1,99,307,601,FINAL (ENTRADA MANUAL)
10,1,2,243,37,21,,,,0,0,7,153,35,16,5,,1,1,3,7,,1,0,87,309,601,FINAL (ENTRADA MANUAL)
10,1,3,245,38,15,,,,1,1,4,168,37,11,4,,8,6,6,1,,2,0,63,306,601,FINAL (ENTRADA MANUAL)
10,1,4,235,46,21,,,,1,0,7,158,40,15,2,,5,4,5,5,,3,0,76,313,602,FINAL (ENTRADA MANUAL)
10,2,1,283,33,15,,,,0,0,5,179,32,10,5,,9,8,9,7,,0,1,77,337,512,FINAL (ENTRADA MANUAL)
10,2,2,296,36,11,,,,0,0,3,184,32,7,3,,4,8,11,4,,0,0,93,346,512,FINAL (ENTRADA MANUAL)
10,3,1,202,37,16,,,,1,0,4,120,36,12,2,,5,5,3,4,,1,0,73,261,618,FINAL (ENTRADA MANUAL)
10,3,2,216,36,13,,,,1,0,4,149,33,7,3,,4,1,3,3,,1,0,67,271,618,FINAL (ENTRADA MANUAL)
10,3,3,206,40,16,,,,1,0,6,141,37,13,4,,6,6,5,4,,1,0,53,270,618,FINAL (ENTRADA MANUAL)
10,3,4,223,39,17,,,,0,0,6,132,32,13,5,,5,7,5,4,,2,0,82,287,619,FINAL (ENTRADA MANUAL)
10,4,1,183,31,12,,,,0,0,10,104,26,9,8,,1,1,4,6,,0,0,77,236,484,FINAL (ENTRADA MANUAL)
10,4,2,179,59,7,,,,0,0,3,129,54,3,3,,5,7,2,7,,0,0,38,248,484,FINAL (ENTRADA MANUAL)
10,4,3,178,43,10,,,,0,0,5,124,38,8,5,,0,1,6,0,,1,0,54,237,484,FINAL (ENTRADA MANUAL)
10,4,4,179,43,12,,,,0,0,4,120,40,8,4,,1,3,4,2,,4,0,56,242,484,FINAL (ENTRADA MANUAL)
10,4,5,191,37,14,,,,0,0,6,120,32,11,5,,2,5,4,1,,1,0,68,249,482,FINAL (ENTRADA MANUAL)
10,5,1,167,38,10,,,,0,0,12,117,35,7,9,,3,6,0,2,,3,0,48,230,551,FINAL (ENTRADA MANUAL)
10,5,2,203,36,11,,,,0,0,7,141,32,7,7,,3,6,7,1,,2,0,53,259,551,FINAL (ENTRADA MANUAL)
10,5,3,158,24,18,,,,0,0,1,113,20,16,1,,3,2,1,4,,2,0,41,203,551,FINAL (ENTRADA MANUAL)
10,5,4,181,29,13,,,,0,0,3,133,22,8,2,,1,1,4,0,,0,0,55,226,551,FINAL (ENTRADA MANUAL)
10,5,5,184,36,14,,,,0,0,8,159,36,9,7,,5,0,7,2,,0,0,17,242,549,FINAL (ENTRADA MANUAL)
10,6,1,191,29,11,,,,0,0,1,136,27,9,1,,4,2,2,2,,2,0,49,234,490,FINAL (ENTRADA MANUAL)
10,6,2,201,29,12,,,,0,0,2,131,27,8,1,,3,2,5,8,,4,0,59,248,490,FINAL (ENTRADA MANUAL)
10,6,3,183,29,12,,,,0,0,3,132,24,11,3,,4,3,0,2,,2,0,48,229,490,FINAL (ENTRADA MANUAL)
10,6,4,193,29,10,,,,0,0,5,130,26,8,5,,2,1,1,0,,0,0,64,237,489,FINAL (ENTRADA MANUAL)
10,7,1,177,33,13,,,,0,0,4,133,28,11,4,,6,4,1,0,,0,0,40,227,538,FINAL (ENTRADA MANUAL)
10,7,2,186,24,13,,,,0,0,3,137,21,8,3,,2,5,1,5,,1,0,44,227,538,FINAL (ENTRADA MANUAL)
10,7,3,190,24,14,,,,0,0,4,133,22,10,4,,7,3,5,6,,1,0,42,233,538,FINAL (ENTRADA MANUAL)
10,7,4,181,31,5,,,,0,0,6,115,28,4,5,,0,1,4,2,,0,0,64,223,538,FINAL (ENTRADA MANUAL)
10,7,5,177,20,12,,,,0,0,3,107,19,10,3,,5,4,6,0,,1,0,58,213,540,FINAL (ENTRADA MANUAL)
10,8,1,196,32,14,,,,1,0,5,129,26,9,4,,3,7,8,3,,0,0,59,248,462,FINAL (ENTRADA MANUAL)
10,8,2,184,51,11,,,,1,0,4,123,48,8,4,,3,4,7,3,,6,0,51,257,462,FINAL (ENTRADA MANUAL)
10,8,3,185,37,9,,,,0,0,4,119,32,8,4,,5,8,4,1,,1,0,54,236,463,FINAL (ENTRADA MANUAL)
10,9,1,188,47,16,,,,0,0,1,115,39,12,1,,3,2,3,4,,4,0,73,256,521,FINAL (ENTRADA MANUAL)
10,9,2,211,27,20,,,,0,0,5,146,24,17,3,,1,5,0,3,,1,0,64,264,521,FINAL (ENTRADA MANUAL)
10,9,3,193,32,16,,,,0,0,6,124,32,14,4,,1,8,9,4,,1,0,51,248,521,FINAL (ENTRADA MANUAL)
10,9,4,184,42,14,,,,0,0,6,117,39,7,6,,0,2,6,9,,2,1,60,249,521,FINAL (ENTRADA MANUAL)
10,9,5,208,31,12,,,,0,0,5,172,26,7,5,,1,3,2,2,,3,0,38,259,523,FINAL (ENTRADA MANUAL)
10,10,1,195,40,14,,,,0,0,8,135,32,10,6,,2,3,4,1,,1,0,64,258,571,FINAL (ENTRADA MANUAL)
10,10,2,199,52,15,,,,0,1,11,139,44,10,11,,3,5,2,4,,1,0,60,279,571,FINAL (ENTRADA MANUAL)
10,10,3,201,49,8,,,,0,0,7,146,44,7,6,,1,2,1,5,,3,0,53,268,571,FINAL (ENTRADA MANUAL)
10,10,4,220,33,7,,,,0,1,2,137,30,7,1,,4,1,0,3,,2,0,80,265,571,FINAL (ENTRADA MANUAL)
10,10,5,202,33,10,,,,1,0,8,128,28,9,8,,3,3,3,0,,1,0,72,255,572,FINAL (ENTRADA MANUAL)
10,11,1,214,46,21,,,,3,0,5,143,43,12,4,,1,4,9,3,,1,0,70,290,609,FINAL (ENTRADA MANUAL)
10,11,2,251,39,16,,,,2,0,10,150,33,10,10,,0,3,2,4,,2,0,106,320,609,FINAL (ENTRADA MANUAL)
10,11,3,233,52,19,,,,2,1,8,134,45,16,6,,1,2,5,6,,4,0,100,319,609,FINAL (ENTRADA MANUAL)
10,12,1,173,29,10,,,,0,1,14,117,26,6,12,,3,8,4,4,,1,0,47,228,462,FINAL (ENTRADA MANUAL)
10,12,2,186,29,14,,,,0,0,9,120,26,11,7,,3,6,7,3,,0,0,55,238,462,FINAL (ENTRADA MANUAL)
10,12,3,188,45,7,,,,1,0,6,111,42,7,4,,1,5,2,3,,0,0,72,247,461,FINAL (ENTRADA MANUAL)
10,13,1,158,44,5,,,,0,0,4,132,43,5,4,,4,4,1,3,,0,0,15,211,554,FINAL (ENTRADA MANUAL)
10,13,2,151,43,4,,,,1,0,3,106,37,3,3,,0,2,0,1,,2,0,50,204,553,FINAL (ENTRADA MANUAL)
10,14,1,207,39,19,,,,0,0,3,126,37,12,3,,4,6,8,4,,2,0,68,270,514,FINAL (ENTRADA MANUAL)
10,14,2,207,23,16,,,,1,0,5,137,20,9,5,,8,3,9,7,,0,1,54,253,514,FINAL (ENTRADA MANUAL)
10,14,3,190,33,16,,,,0,0,3,121,31,9,3,,7,4,5,2,,0,0,60,242,514,FINAL (ENTRADA MANUAL)
10,14,4,196,24,5,,,,0,0,9,136,21,2,8,,0,4,3,0,,2,0,60,236,514,FINAL (ENTRADA MANUAL)
10,14,5,216,29,15,,,,2,0,11,134,24,14,9,,5,5,7,5,,2,0,70,275,515,FINAL (ENTRADA MANUAL)
10,15,1,199,32,19,,,,0,0,8,141,30,16,6,,1,2,3,4,,0,0,55,258,508,FINAL (ENTRADA MANUAL)
10,15,2,213,28,19,,,,0,0,3,151,26,13,3,,4,5,4,2,,0,0,55,263,508,FINAL (ENTRADA MANUAL)
10,15,3,183,39,9,,,,0,0,5,113,35,6,4,,4,4,1,4,,3,0,65,239,508,FINAL (ENTRADA MANUAL)
10,15,4,199,42,12,,,,0,0,5,133,34,7,3,,0,6,6,2,,0,0,67,258,507,FINAL (ENTRADA MANUAL)
10,16,1,204,40,16,,,,0,1,9,117,34,11,6,,3,2,3,5,,2,1,89,273,606,FINAL (ENTRADA MANUAL)
10,16,2,179,43,14,,,,0,0,6,118,37,10,4,,2,1,7,2,,0,1,61,243,606,FINAL (ENTRADA MANUAL)
10,16,3,185,39,20,,,,1,0,9,117,37,15,7,,4,4,5,4,,2,0,61,256,606,FINAL (ENTRADA MANUAL)
10,17,1,155,32,12,,,,0,0,5,105,26,9,5,,1,3,2,2,,1,0,51,205,455,FINAL (ENTRADA MANUAL)
10,17,2,139,35,12,,,,0,0,5,83,31,4,3,,6,2,7,4,,3,0,51,194,455,FINAL (ENTRADA MANUAL)
10,17,3,148,29,14,,,,0,0,3,95,23,8,3,,2,2,2,2,,4,0,57,198,454,FINAL (ENTRADA MANUAL)
10,18,1,192,34,26,,,,1,0,6,124,29,21,6,,5,1,8,5,,1,0,60,260,618,FINAL (ENTRADA MANUAL)
10,18,2,186,46,17,,,,0,0,12,126,42,13,11,,2,3,1,3,,0,0,60,261,619,FINAL (ENTRADA MANUAL)
10,19,1,179,33,12,,,,0,0,6,106,31,8,3,,3,5,1,2,,1,0,71,231,586,FINAL (ENTRADA MANUAL)
10,19,2,199,36,11,,,,0,0,3,123,33,5,2,,4,2,5,5,,0,0,70,249,586,FINAL (ENTRADA MANUAL)
10,19,3,184,36,10,,,,0,0,2,115,34,9,0,,2,2,4,8,,1,0,58,233,586,FINAL (ENTRADA MANUAL)
10,19,4,186,38,9,,,,1,0,6,130,35,4,4,,1,6,3,4,,0,0,53,240,588,FINAL (ENTRADA MANUAL)
10,20,1,156,42,10,,,,0,0,3,102,37,6,2,,0,4,3,2,,1,0,55,212,539,FINAL (ENTRADA MANUAL)
10,20,2,185,28,5,,,,0,0,3,111,25,3,3,,1,4,2,6,,2,1,66,224,539,FINAL (ENTRADA MANUAL)
10,20,3,179,36,3,,,,0,0,6,152,36,2,5,,2,7,5,1,,0,0,14,224,540,FINAL (ENTRADA MANUAL)
10,21,1,194,36,10,,,,0,0,6,113,34,8,6,,5,0,4,2,,0,0,74,246,532,FINAL (ENTRADA MANUAL)
10,21,2,208,23,11,,,,1,0,8,141,19,9,8,,3,1,6,3,,0,0,61,251,532,FINAL (ENTRADA MANUAL)
10,21,3,202,22,10,,,,0,0,6,116,19,9,6,,5,5,5,4,,0,0,71,240,532,FINAL (ENTRADA MANUAL)
10,21,4,174,35,13,,,,0,0,7,105,31,6,5,,1,3,7,1,,0,0,70,229,530,FINAL (ENTRADA MANUAL)
10,22,1,209,61,11,,,,1,0,11,144,56,9,8,,1,4,2,2,,2,0,67,295,525,FINAL (ENTRADA MANUAL)
10,22,2,204,26,13,,,,0,0,5,114,22,11,5,,3,3,5,7,,1,0,78,249,525,FINAL (ENTRADA MANUAL)
10,22,3,210,48,11,,,,0,0,2,134,40,9,2,,2,3,1,2,,3,0,78,274,525,FINAL (ENTRADA MANUAL)
10,22,4,176,46,14,,,,0,0,5,139,42,12,3,,1,1,2,3,,4,0,38,245,525,FINAL (ENTRADA MANUAL)
10,22,5,197,31,11,,,,0,0,2,144,29,9,2,,3,4,3,1,,0,0,46,241,524,FINAL (ENTRADA MANUAL)
10,23,1,196,41,6,,,,0,0,7,132,38,2,5,,1,4,1,2,,0,0,65,250,522,FINAL (ENTRADA MANUAL)
10,23,2,191,40,8,,,,1,0,7,126,37,5,7,,3,7,4,0,,2,0,58,249,522,FINAL (ENTRADA MANUAL)
10,23,3,209,53,6,,,,0,0,6,129,47,4,4,,2,4,7,3,,4,0,74,278,522,FINAL (ENTRADA MANUAL)
10,23,4,194,35,13,,,,0,0,6,127,31,9,4,,4,0,2,5,,0,0,66,248,522,FINAL (ENTRADA MANUAL)
10,23,5,189,37,7,,,,0,0,3,115,34,6,3,,1,6,1,0,,0,0,70,236,520,FINAL (ENTRADA MANUAL)
10,24,1,191,36,16,,,,0,0,4,120,31,13,4,,2,4,3,4,,2,0,66,249,532,FINAL (ENTRADA MANUAL)
10,24,2,185,51,12,,,,1,0,8,122,46,9,4,,2,2,9,6,,0,1,57,258,532,FINAL (ENTRADA MANUAL)
10,24,3,188,43,13,,,,0,0,7,123,42,11,5,,0,1,5,0,,1,0,64,252,532,FINAL (ENTRADA MANUAL)
10,24,4,203,26,18,,,,0,0,9,134,24,13,8,,1,3,3,5,,2,1,65,259,534,FINAL (ENTRADA MANUAL)
10,25,1,185,31,9,,,,0,0,5,119,26,7,3,,1,2,4,1,,2,1,67,233,468,FINAL (ENTRADA MANUAL)
10,25,2,203,29,12,,,,1,0,4,132,27,10,4,,4,1,6,3,,1,0,62,250,468,FINAL (ENTRADA MANUAL)
10,25,3,209,25,4,,,,0,0,5,145,24,2,4,,3,2,6,3,,2,0,54,245,468,FINAL (ENTRADA MANUAL)
10,25,4,193,20,4,,,,0,0,8,129,20,4,7,,7,5,3,1,,2,0,49,227,470,FINAL (ENTRADA MANUAL)
10,26,1,183,59,6,,,,0,0,6,114,56,4,6,,0,2,2,2,,1,0,68,255,603,FINAL (ENTRADA MANUAL)
10,26,2,203,46,12,,,,0,0,6,125,41,5,4,,1,4,4,2,,1,0,81,268,603,FINAL (ENTRADA MANUAL)
10,26,3,204,47,5,,,,0,0,5,138,41,4,3,,1,2,0,2,,4,0,70,265,603,FINAL (ENTRADA MANUAL)
10,27,1,212,43,13,,,,0,0,12,144,42,11,10,,2,3,6,3,,0,0,59,280,537,FINAL (ENTRADA MANUAL)
10,27,2,224,46,18,,,,2,0,11,137,39,11,9,,5,8,7,4,,1,0,81,302,537,FINAL (ENTRADA MANUAL)
10,27,3,202,45,25,,,,0,0,3,133,41,14,3,,3,6,5,7,,0,0,63,275,538,FINAL (ENTRADA MANUAL)
10,28,1,193,49,14,,,,0,0,6,139,47,10,4,,4,1,3,3,,0,0,51,262,553,FINAL (ENTRADA MANUAL)
10,28,2,213,41,12,,,,1,1,4,148,39,11,4,,4,5,7,3,,1,0,51,273,553,FINAL (ENTRADA MANUAL)
10,28,3,187,49,10,,,,0,0,3,122,47,10,3,,1,3,1,1,,1,0,61,250,553,FINAL (ENTRADA MANUAL)
10,28,4,229,38,18,,,,0,1,8,152,32,13,7,,1,5,4,8,,1,0,72,295,553,FINAL (ENTRADA MANUAL)
10,28,5,206,40,7,,,,0,0,6,125,35,4,6,,2,5,4,4,,1,0,74,260,552,FINAL (ENTRADA MANUAL)
10,74,1,50,21,7,,,,0,0,0,43,21,5,0,,1,1,1,0,,0,0,6,78,0,FINAL (ENTRADA MANUAL)
10,74,2,50,16,5,,,,0,0,1,41,16,3,1,,0,5,0,0,,0,0,6,72,0,FINAL (ENTRADA MANUAL)
10,74,3,57,11,3,,,,0,0,0,45,10,2,0,,2,1,1,0,,0,0,10,71,0,FINAL (ENTRADA MANUAL)
10,74,4,54,10,2,,,,0,0,3,37,8,2,3,,0,1,0,1,,2,0,17,71,0,FINAL (ENTRADA MANUAL)
10,74,5,45,19,1,,,,0,0,1,36,18,1,1,,0,2,0,0,,0,0,8,66,0,FINAL (ENTRADA MANUAL)
10,74,6,41,22,4,,,,0,0,3,30,21,3,2,,0,1,0,0,,2,0,13,72,0,FINAL (ENTRADA MANUAL)
10,75,1,0,0,0,,,,0,0,0,0,0,0,0,,0,0,0,0,,0,0,0,0,0,FINAL (ENTRADA MANUAL)
10,75,2,23,2,1,,,,10,0,1,6,0,0,0,,2,0,1,2,,0,0,26,37,0,FINAL (ENTRADA MANUAL)
10,77,1,654,313,38,,,,0,0,10,594,310,36,10,,6,32,8,2,,0,0,17,1015,0,FINAL (ENTRADA MANUAL)
10,77,2,496,195,36,,,,0,0,8,414,184,29,8,,6,20,7,1,,1,0,66,736,0,FINAL (ENTRADA MANUAL)
10,77,3,278,33,17,,,,2,14,2,51,15,6,1,,5,6,2,3,,0,0,257,346,0,FINAL (ENTRADA MANUAL)
10,77,5,0,0,0,,,,0,0,0,0,0,0,0,,0,0,0,0,,0,0,0,0,0,FINAL (ENTRADA MANUAL)
10,78,1,178,39,7,,,,0,0,8,109,35,6,6,,1,3,0,0,,1,23,72,280,0,FINAL (ENTRADA MANUAL)
10,78,2,0,1,0,,,,0,0,0,0,1,0,0,,0,0,0,0,,0,0,0,1,0,FINAL (ENTRADA MANUAL)
10,78,3,1,0,0,,,,0,0,0,1,0,0,0,,0,0,0,0,,0,0,0,1,0,FINAL (ENTRADA MANUAL)
10,79,1,0,0,0,,,,0,0,0,0,0,0,0,,0,0,0,0,,0,0,0,0,0,FINAL (ENTRADA MANUAL)
11,1,1,179,24,17,,,,3,0,6,110,22,14,4,,4,2,2,2,,2,0,69,230,517,FINAL (ENTRADA MANUAL)
11,1,2,185,27,10,,,,0,0,10,138,24,8,9,,5,1,2,3,,1,0,42,233,517,FINAL (ENTRADA MANUAL)
11,1,3,164,34,13,,,,0,0,7,113,30,8,5,,1,2,1,5,,0,0,53,218,516,FINAL (ENTRADA MANUAL)
11,2,1,191,34,18,,,,0,0,6,122,31,11,5,,3,1,2,3,,0,0,71,249,562,FINAL (ENTRADA MANUAL)
11,2,2,206,39,15,,,,0,0,4,125,35,9,4,,1,7,7,7,,1,0,69,265,562,FINAL (ENTRADA MANUAL)
11,2,3,199,41,10,,,,0,0,7,147,35,8,7,,1,4,4,2,,4,0,49,261,562,FINAL (ENTRADA MANUAL)
11,2,4,226,40,15,,,,0,0,3,138,37,10,3,,2,3,7,5,,2,0,79,286,562,FINAL (ENTRADA MANUAL)
11,2,5,213,30,16,,,,0,0,6,122,28,13,6,,2,8,5,5,,0,0,76,265,562,FINAL (ENTRADA MANUAL)
11,2,6,215,41,8,,,,0,0,5,153,36,7,5,,4,3,5,4,,0,1,52,270,560,FINAL (ENTRADA MANUAL)
11,3,1,163,57,7,,,,0,0,7,122,52,6,7,,1,4,1,0,,1,0,41,235,563,FINAL (ENTRADA MANUAL)
11,3,2,202,52,9,,,,1,0,5,121,46,6,3,,0,3,2,4,,0,0,84,269,563,FINAL (ENTRADA MANUAL)
11,3,3,171,85,10,,,,0,0,7,106,80,8,5,,3,2,4,6,,2,0,59,275,562,FINAL (ENTRADA MANUAL)
11,4,1,197,31,13,,,,0,0,8,143,27,11,6,,1,3,5,1,,1,0,52,250,494,FINAL (ENTRADA MANUAL)
11,4,2,199,44,7,,,,0,0,6,126,40,4,5,,5,2,3,5,,0,0,66,256,494,FINAL (ENTRADA MANUAL)
11,4,3,187,33,13,,,,0,0,5,102,29,6,5,,3,2,9,2,,1,0,80,239,494,FINAL (ENTRADA MANUAL)
11,4,4,204,35,17,,,,0,0,8,121,33,11,8,,1,4,7,2,,1,0,77,265,494,FINAL (ENTRADA MANUAL)
11,4,5,197,24,13,,,,1,0,4,135,22,8,3,,3,3,4,9,,2,0,52,241,492,FINAL (ENTRADA MANUAL)
11,5,1,176,49,17,,,,4,0,11,94,42,11,6,,4,7,4,9,,1,0,78,256,636,FINAL (ENTRADA MANUAL)
11,5,2,203,32,14,,,,0,0,8,106,24,10,8,,7,5,10,4,,0,0,83,257,636,FINAL (ENTRADA MANUAL)
11,5,3,150,27,13,,,,0,0,5,82,24,4,4,,3,4,4,6,,2,0,64,197,636,FINAL (ENTRADA MANUAL)
11,5,4,178,41,12,,,,2,0,5,100,29,8,3,,0,3,6,4,,0,0,85,238,636,FINAL (ENTRADA MANUAL)
11,5,5,189,42,21,,,,0,0,11,109,38,17,9,,6,3,2,3,,1,0,76,264,636,FINAL (ENTRADA MANUAL)
11,5,6,202,38,6,,,,0,0,10,127,30,4,10,,2,2,3,4,,1,0,74,257,635,FINAL (ENTRADA MANUAL)
11,6,1,248,27,32,,,,1,0,6,145,24,21,3,,4,3,8,5,,1,0,101,315,495,FINAL (ENTRADA MANUAL)
11,6,2,237,24,32,,,,0,0,6,148,20,22,6,,5,1,6,5,,1,0,86,300,495,FINAL (ENTRADA MANUAL)
11,6,3,228,16,45,,,,1,0,6,162,14,31,6,,5,3,9,5,,1,0,61,297,495,FINAL (ENTRADA MANUAL)
11,6,4,233,23,27,,,,1,0,11,155,20,16,10,,1,4,7,8,,0,0,74,295,496,FINAL (ENTRADA MANUAL)
11,7,1,144,42,6,,,,1,0,2,82,35,4,2,,2,3,0,2,,3,0,65,198,436,FINAL (ENTRADA MANUAL)
11,7,2,148,22,11,,,,0,0,5,93,19,7,4,,4,0,3,6,,0,0,50,186,436,FINAL (ENTRADA MANUAL)
11,7,3,148,37,5,,,,1,0,5,94,32,5,5,,5,2,6,2,,1,0,45,197,435,FINAL (ENTRADA MANUAL)
11,8,1,244,27,20,,,,0,0,8,157,25,11,6,,4,2,10,6,,0,0,78,299,527,FINAL (ENTRADA MANUAL)
11,8,2,248,31,28,,,,0,0,7,162,28,22,3,,4,6,8,6,,1,0,75,315,527,FINAL (ENTRADA MANUAL)
11,8,3,194,37,13,,,,0,0,9,118,28,11,9,,2,3,8,9,,4,0,65,257,527,FINAL (ENTRADA MANUAL)
11,9,1,224,38,13,,,,1,0,8,133,37,9,8,,3,4,9,6,,0,0,75,284,588,FINAL (ENTRADA MANUAL)
11,9,2,218,44,21,,,,1,0,10,153,39,20,7,,3,5,1,2,,1,0,64,295,588,FINAL (ENTRADA MANUAL)
11,9,3,219,55,20,,,,0,0,2,138,51,15,1,,3,4,3,3,,1,0,78,297,588,FINAL (ENTRADA MANUAL)
11,9,4,203,38,11,,,,0,0,7,113,34,7,6,,2,2,7,3,,3,0,85,262,588,FINAL (ENTRADA MANUAL)
11,9,5,207,49,14,,,,0,0,6,129,45,12,5,,1,0,2,0,,5,0,82,281,586,FINAL (ENTRADA MANUAL)
11,10,1,198,23,18,,,,0,0,7,138,17,13,7,,3,4,6,1,,2,0,57,248,596,FINAL (ENTRADA MANUAL)
11,10,2,185,43,14,,,,0,0,5,105,41,9,4,,5,4,7,5,,4,3,67,254,596,FINAL (ENTRADA MANUAL)
11,10,3,217,37,17,,,,0,0,6,131,34,12,6,,2,7,7,5,,2,0,73,279,597,FINAL (ENTRADA MANUAL)
11,11,1,203,44,17,,,,2,0,10,140,41,9,8,,4,4,6,4,,3,0,60,279,613,FINAL (ENTRADA MANUAL)
11,11,2,222,36,8,,,,1,0,6,146,33,8,4,,0,3,4,3,,1,0,72,274,613,FINAL (ENTRADA MANUAL)
11,11,3,200,52,12,,,,1,1,8,145,49,8,7,,3,1,7,6,,3,0,48,277,612,FINAL (ENTRADA MANUAL)
11,12,1,213,31,18,,,,1,0,5,131,26,15,3,,2,2,6,2,,1,0,81,269,600,FINAL (ENTRADA MANUAL)
11,12,2,216,31,7,,,,0,0,3,153,29,3,3,,5,5,2,5,,2,0,52,259,600,FINAL (ENTRADA MANUAL)
11,12,3,209,35,14,,,,0,0,6,128,34,11,6,,2,2,4,2,,4,0,75,268,601,FINAL (ENTRADA MANUAL)
11,13,1,240,38,14,,,,0,0,15,178,33,10,15,,4,7,7,5,,0,0,48,307,650,FINAL (ENTRADA MANUAL)
11,13,2,228,38,23,,,,0,0,9,150,36,16,9,,4,3,6,8,,0,0,66,298,649,FINAL (ENTRADA MANUAL)
11,14,1,201,41,11,,,,0,0,6,133,39,10,4,,3,2,5,2,,2,0,61,261,515,FINAL (ENTRADA MANUAL)
11,14,2,173,46,7,,,,0,0,3,97,39,6,1,,2,4,5,2,,1,0,73,230,515,FINAL (ENTRADA MANUAL)
11,14,3,196,37,7,,,,2,0,3,130,33,4,3,,0,3,2,2,,3,0,68,248,515,FINAL (ENTRADA MANUAL)
11,14,4,188,29,6,,,,0,0,3,117,25,5,2,,0,1,2,3,,1,0,71,227,516,FINAL (ENTRADA MANUAL)
11,15,1,167,29,8,,,,1,0,2,112,29,5,1,,2,0,5,4,,0,0,49,207,522,FINAL (ENTRADA MANUAL)
11,15,2,146,35,11,,,,0,0,6,105,35,8,4,,1,2,4,4,,2,0,35,200,522,FINAL (ENTRADA MANUAL)
11,15,3,139,41,9,,,,0,0,7,88,36,8,6,,1,2,5,1,,1,0,49,197,522,FINAL (ENTRADA MANUAL)
11,15,4,160,21,13,,,,0,0,7,116,20,9,5,,1,3,3,2,,0,1,42,202,522,FINAL (ENTRADA MANUAL)
11,15,5,157,28,7,,,,0,1,3,99,26,4,3,,4,1,4,2,,2,0,53,198,522,FINAL (ENTRADA MANUAL)
11,15,6,175,33,3,,,,0,0,7,103,31,1,6,,4,1,1,5,,1,0,66,219,519,FINAL (ENTRADA MANUAL)
11,16,1,234,33,13,,,,0,2,13,161,28,9,11,,3,3,5,4,,0,0,71,295,628,FINAL (ENTRADA MANUAL)
11,16,2,213,41,14,,,,2,0,4,145,38,14,3,,4,3,6,7,,0,0,54,271,628,FINAL (ENTRADA MANUAL)
11,16,3,236,36,12,,,,0,0,3,153,28,11,3,,3,5,4,6,,2,0,74,289,628,FINAL (ENTRADA MANUAL)
11,16,4,189,38,6,,,,0,0,9,118,34,6,9,,3,0,1,5,,3,1,66,246,628,FINAL (ENTRADA MANUAL)
11,16,5,195,58,12,,,,0,0,9,120,49,6,6,,2,0,7,1,,4,0,83,278,628,FINAL (ENTRADA MANUAL)
11,16,6,168,46,10,,,,0,0,6,110,39,7,6,,2,4,6,4,,1,0,52,231,629,FINAL (ENTRADA MANUAL)
11,17,1,181,27,5,,,,0,0,8,119,25,3,6,,0,1,5,2,,2,1,60,224,532,FINAL (ENTRADA MANUAL)
11,17,2,196,21,4,,,,0,0,4,122,21,1,3,,0,2,8,3,,0,0,65,225,531,FINAL (ENTRADA MANUAL)
11,18,1,223,49,17,,,,2,0,6,151,46,15,5,,2,7,4,4,,1,0,63,298,583,FINAL (ENTRADA MANUAL)
11,18,2,237,47,20,,,,0,0,6,139,42,14,3,,4,8,7,3,,2,0,90,312,583,FINAL (ENTRADA MANUAL)
11,18,3,190,50,25,,,,0,0,7,121,44,20,6,,3,4,5,4,,1,0,65,273,583,FINAL (ENTRADA MANUAL)
11,18,4,208,70,17,,,,1,0,2,137,59,13,1,,3,7,3,4,,2,0,71,300,583,FINAL (ENTRADA MANUAL)
11,19,1,122,26,6,,,,0,0,6,83,25,6,4,,4,0,3,1,,0,0,34,160,385,FINAL (ENTRADA MANUAL)
11,19,2,120,19,6,,,,0,0,1,81,15,6,1,,9,1,3,2,,0,0,28,146,385,FINAL (ENTRADA MANUAL)
11,20,1,228,40,13,,,,0,0,8,145,40,7,7,,1,4,4,7,,0,0,74,289,547,FINAL (ENTRADA MANUAL)
11,20,2,176,29,16,,,,2,0,9,113,23,9,8,,9,2,5,5,,1,0,58,233,547,FINAL (ENTRADA MANUAL)
11,20,3,197,31,19,,,,0,1,9,138,30,13,7,,2,1,3,4,,1,0,59,258,547,FINAL (ENTRADA MANUAL)
11,20,4,217,35,11,,,,0,0,2,148,31,9,2,,4,2,4,7,,1,0,58,266,547,FINAL (ENTRADA MANUAL)
11,20,5,207,32,25,,,,0,0,4,130,30,20,4,,6,1,2,3,,0,0,72,268,548,FINAL (ENTRADA MANUAL)
11,21,1,201,51,23,,,,0,0,3,123,47,17,3,,2,5,7,2,,1,0,72,279,514,FINAL (ENTRADA MANUAL)
11,21,2,163,56,15,,,,0,0,4,117,51,11,4,,3,2,3,0,,4,0,47,242,514,FINAL (ENTRADA MANUAL)
11,21,3,205,47,9,,,,0,0,3,134,45,2,2,,2,7,3,2,,1,0,67,265,514,FINAL (ENTRADA MANUAL)
11,21,4,162,49,11,,,,0,0,2,112,45,9,2,,0,3,4,1,,2,0,48,226,516,FINAL (ENTRADA MANUAL)
11,22,1,195,46,15,,,,0,0,3,138,41,7,3,,5,0,5,4,,4,0,56,263,525,FINAL (ENTRADA MANUAL)
11,22,2,224,49,9,,,,1,0,2,142,46,6,2,,5,5,7,1,,0,0,71,285,525,FINAL (ENTRADA MANUAL)
11,22,3,199,47,7,,,,2,0,9,127,38,6,8,,5,4,3,2,,0,1,71,265,525,FINAL (ENTRADA MANUAL)
11,22,4,210,40,10,,,,0,0,4,147,37,8,3,,3,4,3,3,,0,0,56,264,525,FINAL (ENTRADA MANUAL)
11,22,5,195,50,16,,,,0,0,1,136,48,10,1,,4,2,2,1,,1,0,58,263,526,FINAL (ENTRADA MANUAL)
11,23,1,170,32,16,,,,0,1,3,101,28,12,1,,4,3,6,7,,1,0,60,223,464,FINAL (ENTRADA MANUAL)
11,23,2,184,33,11,,,,0,0,5,114,31,7,4,,3,6,7,2,,2,0,59,235,464,FINAL (ENTRADA MANUAL)
11,24,1,206,50,6,,,,0,0,8,142,43,2,8,,0,2,3,6,,2,1,64,273,570,FINAL (ENTRADA MANUAL)
11,24,2,214,44,16,,,,0,0,6,142,40,10,5,,1,5,3,6,,4,0,68,284,571,FINAL (ENTRADA MANUAL)
11,25,1,204,25,15,,,,0,0,9,140,24,12,8,,4,1,4,0,,1,0,60,254,522,FINAL (ENTRADA MANUAL)
11,25,2,207,31,9,,,,0,0,6,154,27,9,4,,4,2,0,3,,0,0,50,253,522,FINAL (ENTRADA MANUAL)
11,25,3,207,32,6,,,,0,0,7,115,29,6,6,,1,4,3,2,,0,0,86,252,522,FINAL (ENTRADA MANUAL)
11,25,4,216,28,16,,,,0,0,6,147,27,9,6,,4,4,5,0,,1,0,64,267,522,FINAL (ENTRADA MANUAL)
11,25,5,197,23,8,,,,0,0,7,141,19,5,7,,0,2,3,4,,3,0,54,238,524,FINAL (ENTRADA MANUAL)
11,26,1,214,31,8,,,,0,0,3,139,26,6,2,,1,6,4,3,,1,0,69,257,551,FINAL (ENTRADA MANUAL)
11,26,2,195,49,13,,,,0,1,5,108,43,10,5,,8,3,2,5,,0,0,79,263,551,FINAL (ENTRADA MANUAL)
11,26,3,204,37,7,,,,0,0,1,133,33,3,1,,4,3,9,1,,2,1,62,252,551,FINAL (ENTRADA MANUAL)
11,26,4,224,40,11,,,,0,0,2,133,34,5,1,,1,6,9,6,,0,0,82,277,551,FINAL (ENTRADA MANUAL)
11,26,5,192,41,9,,,,0,0,8,117,36,8,8,,3,3,6,4,,1,0,65,251,552,FINAL (ENTRADA MANUAL)
11,74,1,48,11,4,,,,0,0,0,36,8,3,0,,0,2,1,0,,1,0,13,64,0,FINAL (ENTRADA MANUAL)
11,74,2,55,21,4,,,,0,0,0,35,19,2,0,,0,3,2,0,,0,0,19,80,0,FINAL (ENTRADA MANUAL)
11,74,3,57,16,2,,,,0,0,0,44,14,1,0,,0,3,2,2,,0,0,9,75,0,FINAL (ENTRADA MANUAL)
11,74,4,39,33,6,,,,0,0,1,35,32,6,0,,0,0,1,0,,0,0,5,79,0,FINAL (ENTRADA MANUAL)
11,75,1,5,0,0,,,,0,0,0,1,0,0,1,,0,0,1,0,,0,0,3,6,0,FINAL (ENTRADA MANUAL)
11,75,2,204,24,21,,,,8,1,1,95,15,9,10,,6,5,6,8,,1,2,116,273,0,FINAL (ENTRADA MANUAL)
11,77,1,679,293,35,,,,0,0,8,637,290,31,8,,4,21,8,1,,0,0,15,1015,0,FINAL (ENTRADA MANUAL)
11,77,2,646,220,27,,,,0,0,9,548,216,20,8,,7,27,9,0,,4,0,67,906,0,FINAL (ENTRADA MANUAL)
11,77,3,41,12,5,,,,0,0,1,28,10,4,3,,0,2,2,1,,0,0,10,60,0,FINAL (ENTRADA MANUAL)
11,77,5,0,0,0,,,,0,0,0,0,0,0,0,,0,0,0,0,,0,0,0,0,0,FINAL (ENTRADA MANUAL)
11,78,1,0,0,0,,,,0,0,0,0,0,0,0,,0,0,0,0,,0,0,0,0,0,FINAL (ENTRADA MANUAL)
11,78,2,0,0,0,,,,0,0,0,0,0,0,0,,0,0,0,0,,0,0,0,0,0,FINAL (ENTRADA MANUAL)
11,78,3,166,37,8,,,,0,0,14,106,32,4,11,,2,2,0,2,,2,12,63,236,0,FINAL (ENTRADA MANUAL)
12,1,1,180,33,13,,,,0,0,2,132,33,12,2,,2,4,2,4,,3,0,37,231,490,FINAL (ENTRADA MANUAL)
12,1,2,168,32,6,,,,0,0,1,108,29,4,1,,0,3,2,2,,1,0,58,208,489,FINAL (ENTRADA MANUAL)
12,2,1,182,57,8,,,,0,0,12,113,56,3,10,,4,3,5,0,,1,0,65,260,520,FINAL (ENTRADA MANUAL)
12,2,2,200,39,16,,,,0,0,3,124,34,12,3,,3,3,4,5,,2,0,70,260,520,FINAL (ENTRADA MANUAL)
12,2,3,221,49,8,,,,0,0,7,149,42,6,6,,0,3,2,2,,4,0,75,289,520,FINAL (ENTRADA MANUAL)
12,2,4,183,39,10,,,,1,0,7,107,33,9,3,,3,8,2,2,,2,0,73,242,520,FINAL (ENTRADA MANUAL)
12,2,5,228,36,16,,,,0,0,6,133,34,10,3,,2,8,4,5,,1,1,87,288,521,FINAL (ENTRADA MANUAL)
12,3,1,176,77,6,,,,0,0,0,139,68,6,0,,0,2,1,0,,2,0,43,261,493,FINAL (ENTRADA MANUAL)
12,3,2,162,88,11,,,,0,0,2,114,83,8,2,,2,6,0,0,,0,1,48,264,493,FINAL (ENTRADA MANUAL)
12,3,3,179,62,4,,,,1,0,4,130,56,4,3,,3,3,2,1,,3,0,48,253,493,FINAL (ENTRADA MANUAL)
12,3,4,169,85,8,,,,0,0,3,115,76,0,3,,1,6,3,1,,2,0,60,267,492,FINAL (ENTRADA MANUAL)
12,4,1,166,79,11,,,,0,0,14,102,71,11,9,,1,3,2,3,,0,0,68,270,520,FINAL (ENTRADA MANUAL)
12,4,2,175,53,8,,,,0,0,4,122,47,5,3,,0,8,8,1,,3,1,46,244,520,FINAL (ENTRADA MANUAL)
12,4,3,161,64,14,,,,0,0,5,103,60,8,4,,3,0,2,4,,0,0,60,244,520,FINAL (ENTRADA MANUAL)
12,4,4,196,45,2,,,,0,0,3,131,37,2,3,,3,5,2,4,,0,1,59,247,520,FINAL (ENTRADA MANUAL)
12,4,5,189,55,10,,,,0,0,4,125,49,8,2,,3,4,1,3,,0,0,63,258,520,FINAL (ENTRADA MANUAL)
12,4,6,186,72,14,,,,0,0,2,118,68,14,2,,3,2,5,5,,0,0,57,274,517,FINAL (ENTRADA MANUAL)
12,5,1,169,54,10,,,,0,0,5,123,51,4,4,,1,3,3,8,,2,0,41,240,512,FINAL (ENTRADA MANUAL)
12,5,2,162,50,8,,,,1,0,4,111,46,5,2,,0,4,3,0,,1,0,54,226,512,FINAL (ENTRADA MANUAL)
12,6,1,188,86,13,,,,0,0,7,127,85,8,6,,1,1,5,0,,4,0,61,298,572,FINAL (ENTRADA MANUAL)
12,6,2,186,78,0,,,,0,0,6,135,70,0,6,,1,5,1,4,,3,0,48,273,572,FINAL (ENTRADA MANUAL)
12,6,3,203,64,5,,,,0,0,5,149,57,4,4,,5,3,2,1,,2,0,52,279,573,FINAL (ENTRADA MANUAL)
12,74,1,44,29,6,,,,0,0,2,29,26,5,1,,0,6,0,0,,0,0,14,81,0,FINAL (ENTRADA MANUAL)
12,74,2,0,0,0,,,,0,0,0,0,0,0,0,,0,0,0,0,,0,0,0,0,0,FINAL (ENTRADA MANUAL)
12,75,1,0,0,0,,,,1,0,0,0,0,0,0,,0,0,0,0,,1,0,1,2,0,FINAL (ENTRADA MANUAL)
12,77,1,293,244,13,,,,1,0,4,215,235,9,2,,2,16,1,1,,16,1,74,572,0,FINAL (ENTRADA MANUAL)
12,77,2,0,0,0,,,,0,0,0,0,0,0,0,,0,0,0,0,,0,0,0,0,0,FINAL (ENTRADA MANUAL)
12,77,3,2,0,0,,,,0,0,0,0,0,0,0,,0,0,0,0,,0,0,2,2,0,FINAL (ENTRADA MANUAL)
12,77,5,0,0,0,,,,0,0,0,0,0,0,0,,0,0,0,0,,0,0,0,0,0,FINAL (ENTRADA MANUAL)
12,78,1,19,4,0,,,,0,0,2,13,3,0,2,,0,0,1,1,,0,2,5,27,0,FINAL (ENTRADA MANUAL)
12,78,2,0,0,0,,,,0,0,0,0,0,0,0,,0,0,0,0,,0,0,0,0,0,FINAL (ENTRADA MANUAL)
12,78,3,0,0,0,,,,0,0,0,0,0,0,0,,0,0,0,0,,0,0,0,0,0,FINAL (ENTRADA MANUAL)
13,1,1,145,71,9,,,,0,0,1,110,50,6,1,,7,4,2,1,,0,0,45,226,511,FINAL (ENTRADA MANUAL)
13,1,2,112,70,14,,,,0,0,3,73,49,8,2,,1,4,8,2,,1,0,52,200,511,FINAL (ENTRADA MANUAL)
13,1,3,152,63,12,,,,2,0,5,123,49,6,4,,3,6,2,0,,0,0,41,234,511,FINAL (ENTRADA MANUAL)
13,1,4,109,89,13,,,,1,0,1,70,55,6,1,,2,3,0,2,,1,4,74,218,511,FINAL (ENTRADA MANUAL)
13,1,5,112,84,3,,,,0,0,3,79,52,3,3,,2,3,0,6,,0,0,54,202,511,FINAL (ENTRADA MANUAL)
13,2,1,74,159,18,,,,0,0,10,58,118,14,8,,4,0,1,0,,0,0,58,261,606,FINAL (ENTRADA MANUAL)
13,2,2,86,158,16,,,,0,0,4,74,130,9,4,,2,2,2,0,,6,0,41,270,606,FINAL (ENTRADA MANUAL)
13,2,3,88,129,15,,,,0,0,7,68,97,9,7,,0,1,1,3,,2,0,53,241,606,FINAL (ENTRADA MANUAL)
13,2,4,106,132,11,,,,1,0,5,82,95,7,4,,2,1,1,3,,2,0,60,257,604,FINAL (ENTRADA MANUAL)
13,3,1,90,135,16,,,,0,0,5,66,97,10,4,,1,6,2,5,,1,1,55,248,533,FINAL (ENTRADA MANUAL)
13,3,2,78,150,13,,,,0,0,6,60,101,8,6,,2,4,3,2,,1,0,61,248,533,FINAL (ENTRADA MANUAL)
13,3,3,81,128,12,,,,1,1,11,71,101,9,7,,0,2,3,2,,2,0,39,236,533,FINAL (ENTRADA MANUAL)
13,3,4,73,126,15,,,,0,1,3,50,85,6,3,,4,1,3,4,,2,1,62,221,533,FINAL (ENTRADA MANUAL)
13,3,5,87,127,11,,,,0,0,3,66,99,5,2,,2,2,1,1,,2,0,50,230,533,FINAL (ENTRADA MANUAL)
13,3,6,81,130,10,,,,0,0,5,64,92,4,3,,3,2,9,2,,0,0,47,226,533,FINAL (ENTRADA MANUAL)
13,3,7,107,136,10,,,,1,0,8,87,90,4,7,,1,0,1,3,,0,0,69,262,533,FINAL (ENTRADA MANUAL)
13,4,1,81,128,45,,,,0,0,15,66,93,30,14,,1,4,3,1,,3,0,57,272,516,FINAL (ENTRADA MANUAL)
13,4,2,93,124,42,,,,0,0,14,74,91,31,13,,3,4,7,2,,4,0,48,277,516,FINAL (ENTRADA MANUAL)
13,4,3,74,118,40,,,,2,1,12,59,86,29,11,,5,0,2,6,,3,0,49,250,516,FINAL (ENTRADA MANUAL)
13,4,4,88,121,46,,,,0,1,16,68,80,29,13,,1,3,6,5,,6,0,67,278,516,FINAL (ENTRADA MANUAL)
13,4,5,93,114,41,,,,0,0,12,68,73,22,8,,4,2,6,6,,4,0,71,264,516,FINAL (ENTRADA MANUAL)
13,4,6,102,132,35,,,,1,1,10,69,83,23,9,,1,5,4,3,,4,0,84,285,516,FINAL (ENTRADA MANUAL)
13,4,7,80,126,49,,,,0,0,8,58,72,32,6,,1,9,11,7,,1,0,67,264,513,FINAL (ENTRADA MANUAL)
13,5,1,76,166,16,,,,0,0,1,54,129,15,1,,3,3,1,1,,0,0,52,259,570,FINAL (ENTRADA MANUAL)
13,5,2,93,162,25,,,,1,0,12,74,123,17,11,,2,5,1,6,,1,0,54,294,570,FINAL (ENTRADA MANUAL)
13,5,3,84,164,21,,,,1,0,9,59,115,14,8,,3,2,2,2,,0,0,74,279,570,FINAL (ENTRADA MANUAL)
13,5,4,101,155,22,,,,0,0,6,70,118,13,5,,1,8,2,3,,2,0,64,286,570,FINAL (ENTRADA MANUAL)
13,5,5,84,165,23,,,,0,0,6,73,131,11,4,,0,2,1,2,,0,0,54,278,570,FINAL (ENTRADA MANUAL)
13,6,1,133,105,13,,,,0,0,11,93,76,5,5,,2,2,2,2,,0,0,75,262,623,FINAL (ENTRADA MANUAL)
13,6,2,122,111,13,,,,2,0,6,90,84,8,3,,2,4,2,0,,1,0,61,255,623,FINAL (ENTRADA MANUAL)
13,6,3,127,98,10,,,,1,0,7,100,76,7,6,,2,3,1,3,,0,0,45,243,623,FINAL (ENTRADA MANUAL)
13,6,4,149,108,21,,,,0,0,6,118,74,14,5,,7,4,3,0,,0,0,59,284,623,FINAL (ENTRADA MANUAL)
13,6,5,133,132,8,,,,1,0,4,100,106,6,3,,1,9,3,0,,0,0,50,278,623,FINAL (ENTRADA MANUAL)
13,6,6,133,107,11,,,,0,0,7,88,85,8,6,,5,4,1,3,,1,0,58,259,621,FINAL (ENTRADA MANUAL)
13,7,1,89,128,27,,,,1,0,5,75,92,13,5,,1,3,4,5,,2,0,52,252,514,FINAL (ENTRADA MANUAL)
13,7,2,106,129,26,,,,0,0,12,79,92,19,12,,5,3,2,1,,1,0,60,274,514,FINAL (ENTRADA MANUAL)
13,7,3,98,115,30,,,,2,1,6,74,78,17,5,,0,3,4,3,,3,0,68,255,514,FINAL (ENTRADA MANUAL)
13,7,4,93,116,37,,,,0,0,3,70,76,26,2,,3,3,8,2,,1,0,59,250,514,FINAL (ENTRADA MANUAL)
13,7,5,89,119,24,,,,1,0,9,69,80,18,8,,1,5,1,3,,5,1,57,248,514,FINAL (ENTRADA MANUAL)
13,7,6,101,130,30,,,,0,0,4,82,92,21,4,,6,3,1,2,,1,0,54,266,515,FINAL (ENTRADA MANUAL)
13,8,1,120,109,23,,,,2,0,11,85,75,14,8,,1,4,3,4,,1,0,71,266,565,FINAL (ENTRADA MANUAL)
13,8,2,107,132,29,,,,0,0,9,72,88,23,9,,4,5,2,1,,3,0,73,280,565,FINAL (ENTRADA MANUAL)
13,8,3,96,129,32,,,,0,0,4,69,96,18,3,,1,4,7,1,,3,0,62,264,566,FINAL (ENTRADA MANUAL)
13,9,1,133,96,16,,,,1,0,7,97,66,8,6,,4,8,2,3,,2,0,59,255,608,FINAL (ENTRADA MANUAL)
13,9,2,121,100,17,,,,0,0,4,80,74,11,4,,2,1,4,2,,1,0,64,243,608,FINAL (ENTRADA MANUAL)
13,9,3,149,88,9,,,,2,0,2,101,59,2,1,,3,1,3,2,,0,0,78,250,609,FINAL (ENTRADA MANUAL)
13,10,1,145,74,16,,,,0,0,3,108,57,9,2,,5,2,2,3,,0,0,50,238,539,FINAL (ENTRADA MANUAL)
13,10,2,117,100,7,,,,1,0,3,82,66,4,2,,2,3,2,2,,1,0,65,229,539,FINAL (ENTRADA MANUAL)
13,10,3,143,73,7,,,,0,0,3,88,46,4,2,,1,3,1,2,,2,0,79,228,539,FINAL (ENTRADA MANUAL)
13,10,4,130,100,8,,,,0,1,2,89,73,6,2,,3,8,3,0,,0,0,57,241,539,FINAL (ENTRADA MANUAL)
13,10,5,142,80,8,,,,1,0,2,86,51,5,2,,9,2,1,1,,0,0,76,233,539,FINAL (ENTRADA MANUAL)
13,10,6,113,84,5,,,,0,0,4,77,65,3,4,,1,3,1,1,,0,0,51,206,537,FINAL (ENTRADA MANUAL)
13,11,1,96,104,65,,,,1,1,7,75,71,43,6,,3,4,11,8,,5,0,53,279,520,FINAL (ENTRADA MANUAL)
13,11,2,111,93,60,,,,0,0,14,82,60,37,13,,3,3,7,3,,1,0,70,279,520,FINAL (ENTRADA MANUAL)
13,11,3,110,108,58,,,,0,0,18,84,70,34,12,,3,4,14,3,,8,0,70,302,520,FINAL (ENTRADA MANUAL)
13,11,4,107,88,69,,,,2,0,17,74,62,47,14,,4,4,8,3,,4,0,67,287,520,FINAL (ENTRADA MANUAL)
13,11,5,82,124,45,,,,2,0,9,57,88,27,8,,4,0,8,5,,2,0,65,264,520,FINAL (ENTRADA MANUAL)
13,11,6,89,103,68,,,,0,0,16,66,72,44,12,,1,4,12,5,,5,0,60,281,520,FINAL (ENTRADA MANUAL)
13,11,7,91,98,52,,,,2,0,11,69,70,30,8,,0,8,8,3,,2,0,58,256,520,FINAL (ENTRADA MANUAL)
13,11,8,82,92,62,,,,1,0,22,72,62,37,20,,1,4,7,4,,5,0,52,264,520,FINAL (ENTRADA MANUAL)
13,11,9,73,113,60,,,,3,0,9,52,88,38,8,,2,4,14,3,,1,0,49,259,520,FINAL (ENTRADA MANUAL)
13,11,10,96,78,65,,,,0,0,15,74,55,47,14,,2,0,8,1,,2,0,53,256,520,FINAL (ENTRADA MANUAL)
13,11,11,122,118,57,,,,0,0,14,93,85,41,11,,3,3,7,5,,2,0,63,313,524,FINAL (ENTRADA MANUAL)
13,12,1,103,126,16,,,,2,0,6,79,89,11,4,,3,2,1,3,,4,1,61,258,538,FINAL (ENTRADA MANUAL)
13,12,2,120,98,13,,,,0,0,5,78,66,6,4,,2,5,7,4,,2,0,64,238,538,FINAL (ENTRADA MANUAL)
13,12,3,122,101,15,,,,1,0,6,83,73,13,6,,4,1,1,3,,2,0,61,247,539,FINAL (ENTRADA MANUAL)
13,13,1,104,125,20,,,,0,0,5,80,90,16,5,,3,3,0,4,,3,0,53,257,595,FINAL (ENTRADA MANUAL)
13,13,2,119,136,16,,,,0,0,12,95,99,10,9,,3,2,5,2,,0,0,58,283,595,FINAL (ENTRADA MANUAL)
13,13,3,122,152,19,,,,0,0,6,94,109,10,6,,3,0,3,5,,4,0,69,303,595,FINAL (ENTRADA MANUAL)
13,13,4,125,129,23,,,,0,0,8,99,86,17,7,,3,1,4,0,,1,0,68,286,595,FINAL (ENTRADA MANUAL)
13,13,5,126,123,27,,,,0,0,6,102,82,18,5,,3,0,0,2,,0,0,70,282,593,FINAL (ENTRADA MANUAL)
13,14,1,126,160,45,,,,0,0,9,112,124,35,9,,5,2,7,4,,4,0,42,344,563,FINAL (ENTRADA MANUAL)
13,14,2,105,164,67,,,,0,0,10,84,110,40,10,,4,4,9,2,,1,0,83,347,563,FINAL (ENTRADA MANUAL)
13,14,3,104,170,49,,,,2,0,10,82,106,27,8,,8,7,9,3,,2,0,85,337,563,FINAL (ENTRADA MANUAL)
13,14,4,100,149,38,,,,0,0,11,79,98,25,10,,4,2,2,2,,1,0,76,299,563,FINAL (ENTRADA MANUAL)
13,14,5,106,152,48,,,,0,0,14,86,103,26,10,,2,6,7,3,,3,0,77,323,562,FINAL (ENTRADA MANUAL)
13,74,1,56,26,1,,,,0,0,2,40,18,0,0,,1,2,0,1,,0,0,23,85,0,FINAL (ENTRADA MANUAL)
13,74,2,52,25,3,,,,0,0,0,44,22,2,0,,1,2,0,0,,0,0,9,80,0,FINAL (ENTRADA MANUAL)
13,74,3,57,24,5,,,,0,0,0,43,22,4,0,,2,2,1,1,,0,0,11,86,0,FINAL (ENTRADA MANUAL)
13,74,4,42,58,5,,,,0,0,0,33,41,4,0,,0,1,0,0,,0,0,26,105,0,FINAL (ENTRADA MANUAL)
13,74,5,48,42,4,,,,0,0,1,42,35,3,0,,1,0,0,0,,1,0,14,96,0,FINAL (ENTRADA MANUAL)
13,74,6,45,51,0,,,,0,1,1,41,44,0,1,,0,0,1,0,,1,0,11,99,0,FINAL (ENTRADA MANUAL)
13,74,7,38,55,2,,,,0,0,0,33,48,2,0,,1,0,0,0,,2,0,11,97,0,FINAL (ENTRADA MANUAL)
13,74,8,32,41,0,,,,0,0,0,23,36,0,0,,0,1,0,0,,1,0,13,74,0,FINAL (ENTRADA MANUAL)
13,74,9,34,39,1,,,,0,0,0,19,26,1,0,,3,1,0,0,,0,0,24,74,0,FINAL (ENTRADA MANUAL)
13,74,10,0,0,0,,,,0,0,0,0,0,0,0,,0,0,0,0,,0,0,0,0,0,FINAL (ENTRADA MANUAL)
13,74,11,0,0,0,,,,0,0,0,0,0,0,0,,0,0,0,0,,0,0,0,0,0,FINAL (ENTRADA MANUAL)
13,75,1,62,57,18,,,,2,0,4,29,22,4,1,,1,1,5,3,,0,0,78,144,0,FINAL (ENTRADA MANUAL)
13,77,1,452,460,50,,,,0,0,7,442,445,41,7,,7,7,9,0,,0,0,11,969,0,FINAL (ENTRADA MANUAL)
13,77,2,229,257,4,,,,0,0,1,225,247,3,1,,6,4,2,0,,0,0,3,491,0,FINAL (ENTRADA MANUAL)
13,77,3,10,16,13,,,,0,0,0,8,13,8,1,,1,2,1,2,,2,1,4,43,0,FINAL (ENTRADA MANUAL)
13,77,5,0,0,0,,,,0,0,0,0,0,0,0,,0,0,0,0,,0,0,0,0,0,FINAL (ENTRADA MANUAL)
13,78,1,18,5,1,,,,0,0,0,11,5,1,0,,0,0,0,0,,0,17,7,41,0,FINAL (ENTRADA MANUAL)
13,78,2,0,0,0,,,,0,0,0,0,0,0,0,,0,0,0,0,,0,0,0,0,0,FINAL (ENTRADA MANUAL)
13,78,3,0,0,0,,,,0,0,0,0,0,0,0,,0,0,0,0,,0,0,0,0,0,FINAL (ENTRADA MANUAL)
14,1,1,168,60,38,,,,1,0,8,105,53,30,7,,1,1,2,3,,4,0,73,279,540,FINAL (ENTRADA MANUAL)
14,1,2,156,47,31,,,,1,0,15,94,38,18,12,,7,3,3,4,,3,0,71,253,540,FINAL (ENTRADA MANUAL)
14,1,3,158,54,25,,,,1,0,13,96,45,15,12,,1,1,5,6,,3,0,70,254,540,FINAL (ENTRADA MANUAL)
14,1,4,159,57,38,,,,0,0,6,102,41,27,6,,4,2,7,8,,4,0,63,264,542,FINAL (ENTRADA MANUAL)
14,2,1,175,49,20,,,,1,0,12,104,44,9,10,,8,5,6,4,,0,0,67,257,570,FINAL (ENTRADA MANUAL)
14,2,2,157,55,35,,,,0,0,15,91,39,20,13,,5,4,10,7,,3,0,73,265,570,FINAL (ENTRADA MANUAL)
14,2,3,170,40,31,,,,2,0,10,100,27,20,8,,6,3,7,4,,2,0,78,255,570,FINAL (ENTRADA MANUAL)
14,2,4,177,45,29,,,,0,0,18,95,39,18,14,,5,3,9,8,,0,0,78,269,569,FINAL (ENTRADA MANUAL)
14,3,1,158,45,12,,,,2,0,10,101,37,4,7,,3,6,0,3,,0,0,66,227,577,FINAL (ENTRADA MANUAL)
14,3,2,142,39,14,,,,0,0,5,94,26,9,2,,5,0,3,2,,4,1,59,205,577,FINAL (ENTRADA MANUAL)
14,3,3,164,43,7,,,,0,0,4,102,36,5,2,,4,0,1,2,,9,0,66,227,577,FINAL (ENTRADA MANUAL)
14,3,4,163,38,3,,,,2,0,3,124,33,3,3,,6,3,0,2,,1,0,35,210,577,FINAL (ENTRADA MANUAL)
14,3,5,146,52,15,,,,0,0,8,86,32,9,5,,0,0,1,1,,2,0,87,223,577,FINAL (ENTRADA MANUAL)
14,3,6,183,39,7,,,,0,0,6,122,34,6,5,,4,3,4,4,,1,0,53,236,577,FINAL (ENTRADA MANUAL)
14,3,7,162,52,10,,,,1,0,4,115,37,9,4,,6,6,2,5,,4,1,45,234,577,FINAL (ENTRADA MANUAL)
14,4,1,164,44,40,,,,1,0,8,88,31,22,4,,3,5,3,7,,3,0,94,260,517,FINAL (ENTRADA MANUAL)
14,4,2,154,42,33,,,,1,1,12,101,35,24,8,,5,1,4,6,,1,0,59,244,517,FINAL (ENTRADA MANUAL)
14,4,3,159,35,42,,,,0,0,14,87,30,31,12,,11,8,10,3,,1,0,58,251,517,FINAL (ENTRADA MANUAL)
14,4,4,169,53,32,,,,0,0,9,103,44,17,8,,5,2,3,2,,3,0,79,266,517,FINAL (ENTRADA MANUAL)
14,4,5,174,49,33,,,,0,0,10,100,40,24,5,,8,5,5,5,,1,0,74,267,519,FINAL (ENTRADA MANUAL)
14,5,1,150,64,10,,,,6,0,5,85,45,5,5,,2,1,2,1,,2,0,89,237,588,FINAL (ENTRADA MANUAL)
14,5,2,128,79,17,,,,1,0,12,81,65,10,7,,2,1,2,0,,2,0,69,239,588,FINAL (ENTRADA MANUAL)
14,6,1,175,79,67,,,,4,1,17,85,60,45,14,,10,6,14,6,,2,0,103,345,563,FINAL (ENTRADA MANUAL)
14,6,2,172,64,64,,,,1,0,16,96,45,40,11,,8,10,9,12,,1,1,86,319,563,FINAL (ENTRADA MANUAL)
14,7,1,158,39,30,,,,1,0,11,105,34,20,8,,6,3,9,4,,0,0,50,239,422,FINAL (ENTRADA MANUAL)
14,7,2,146,35,23,,,,1,0,13,107,29,21,11,,3,3,0,3,,3,0,41,221,422,FINAL (ENTRADA MANUAL)
14,7,3,132,44,24,,,,1,0,16,97,34,18,13,,0,4,2,3,,1,0,46,218,421,FINAL (ENTRADA MANUAL)
14,8,1,186,54,32,,,,0,0,10,100,40,17,10,,3,8,6,4,,1,0,94,283,600,FINAL (ENTRADA MANUAL)
14,8,2,177,43,21,,,,0,0,10,111,36,13,9,,3,7,2,4,,1,0,66,252,600,FINAL (ENTRADA MANUAL)
14,8,3,168,38,30,,,,1,0,5,105,28,15,5,,4,5,5,2,,2,0,73,244,600,FINAL (ENTRADA MANUAL)
14,8,4,180,52,28,,,,0,0,8,111,31,14,7,,2,7,4,7,,2,0,85,270,600,FINAL (ENTRADA MANUAL)
14,8,5,161,39,34,,,,0,0,16,84,26,22,11,,4,1,5,4,,2,0,93,252,600,FINAL (ENTRADA MANUAL)
14,8,6,179,51,31,,,,0,1,5,104,41,14,5,,4,2,5,3,,0,0,89,267,600,FINAL (ENTRADA MANUAL)
14,8,7,187,42,31,,,,2,0,5,116,35,15,4,,2,3,6,5,,1,0,81,268,600,FINAL (ENTRADA MANUAL)
14,8,8,152,38,29,,,,0,0,6,92,31,14,6,,1,1,8,7,,2,0,65,227,604,FINAL (ENTRADA MANUAL)
14,9,1,185,58,23,,,,1,0,9,125,47,18,9,,0,4,2,5,,3,0,66,279,637,FINAL (ENTRADA MANUAL)
14,9,2,189,66,20,,,,1,0,11,101,57,11,10,,9,7,5,6,,3,0,81,290,637,FINAL (ENTRADA MANUAL)
14,9,3,172,72,24,,,,4,0,9,91,57,14,8,,3,1,2,1,,2,0,104,283,637,FINAL (ENTRADA MANUAL)
14,9,4,185,63,17,,,,0,0,9,97,51,11,7,,5,2,4,1,,4,0,96,278,637,FINAL (ENTRADA MANUAL)
14,9,5,184,65,16,,,,1,0,12,117,54,9,10,,4,3,0,5,,2,1,76,281,637,FINAL (ENTRADA MANUAL)
14,9,6,191,45,22,,,,1,0,12,116,39,12,10,,4,4,5,4,,4,0,77,275,638,FINAL (ENTRADA MANUAL)
14,10,1,73,23,3,,,,0,0,2,64,18,2,1,,1,3,0,1,,0,0,11,101,180,FINAL (ENTRADA MANUAL)
14,11,1,120,54,10,,,,0,0,6,97,41,6,5,,4,3,1,1,,1,0,32,191,493,FINAL (ENTRADA MANUAL)
14,11,2,138,55,11,,,,0,0,4,96,46,3,2,,5,1,2,1,,8,0,52,216,493,FINAL (ENTRADA MANUAL)
14,11,3,116,55,9,,,,0,0,7,84,40,4,4,,0,2,1,1,,3,0,51,190,493,FINAL (ENTRADA MANUAL)
14,12,1,169,49,13,,,,0,0,8,92,32,7,4,,3,5,3,3,,5,0,90,244,629,FINAL (ENTRADA MANUAL)
14,12,2,176,47,17,,,,1,0,9,129,37,11,9,,5,8,6,9,,3,0,36,253,629,FINAL (ENTRADA MANUAL)
14,12,3,213,45,15,,,,0,0,9,129,33,8,5,,6,1,2,1,,3,0,97,285,629,FINAL (ENTRADA MANUAL)
14,12,4,185,42,20,,,,0,0,7,111,35,8,6,,7,6,6,1,,2,0,74,256,629,FINAL (ENTRADA MANUAL)
14,12,5,161,62,12,,,,0,0,7,100,44,8,3,,0,5,2,2,,1,0,78,243,629,FINAL (ENTRADA MANUAL)
14,12,6,169,48,10,,,,1,1,6,101,38,6,4,,5,2,3,3,,5,0,73,240,629,FINAL (ENTRADA MANUAL)
14,12,7,178,37,7,,,,2,0,8,98,24,1,6,,6,3,3,4,,3,0,87,235,629,FINAL (ENTRADA MANUAL)
14,12,8,176,39,19,,,,1,0,8,114,28,8,4,,0,2,9,0,,4,0,78,247,628,FINAL (ENTRADA MANUAL)
14,13,1,167,55,27,,,,1,0,10,100,42,16,6,,4,4,2,9,,5,0,77,265,522,FINAL (ENTRADA MANUAL)
14,13,2,147,60,37,,,,0,0,10,91,45,27,9,,6,1,5,6,,4,0,64,258,522,FINAL (ENTRADA MANUAL)
14,13,3,164,56,29,,,,0,0,10,94,43,20,7,,5,8,4,1,,3,0,77,262,522,FINAL (ENTRADA MANUAL)
14,13,4,170,52,29,,,,1,0,10,90,42,19,8,,2,4,3,3,,3,1,91,266,522,FINAL (ENTRADA MANUAL)
14,13,5,165,45,17,,,,3,0,11,85,30,6,10,,6,3,6,3,,4,0,92,245,522,FINAL (ENTRADA MANUAL)
14,13,6,159,45,18,,,,0,0,15,93,38,9,10,,3,0,5,2,,3,0,77,240,521,FINAL (ENTRADA MANUAL)
14,14,1,126,61,5,,,,2,0,5,70,52,3,2,,7,4,1,2,,0,0,58,199,436,FINAL (ENTRADA MANUAL)
14,14,2,132,49,6,,,,2,0,2,68,40,5,1,,5,5,0,1,,3,0,66,194,436,FINAL (ENTRADA MANUAL)
14,14,3,131,54,14,,,,0,0,3,77,45,10,3,,8,2,2,1,,3,0,54,205,437,FINAL (ENTRADA MANUAL)
14,15,1,168,48,12,,,,0,0,6,94,35,4,5,,5,6,3,5,,4,0,77,238,645,FINAL (ENTRADA MANUAL)
14,15,2,119,48,14,,,,1,0,8,59,34,9,6,,1,3,2,4,,2,0,72,192,645,FINAL (ENTRADA MANUAL)
14,15,3,159,63,9,,,,0,1,11,91,43,3,6,,9,3,2,1,,2,0,85,245,645,FINAL (ENTRADA MANUAL)
14,15,4,148,76,14,,,,1,1,2,91,54,10,1,,4,1,4,3,,2,0,74,244,645,FINAL (ENTRADA MANUAL)
14,15,5,152,58,19,,,,2,0,4,100,42,12,4,,3,4,4,4,,3,0,62,238,645,FINAL (ENTRADA MANUAL)
14,15,6,136,54,7,,,,1,0,5,68,38,4,2,,7,4,4,1,,3,0,75,206,646,FINAL (ENTRADA MANUAL)
14,16,1,147,30,18,,,,1,0,5,91,24,11,4,,2,4,3,1,,2,0,61,203,425,FINAL (ENTRADA MANUAL)
14,16,2,155,42,23,,,,1,0,11,85,35,14,6,,3,3,7,4,,2,0,75,234,425,FINAL (ENTRADA MANUAL)
14,17,1,170,40,20,,,,1,1,4,109,33,11,2,,2,0,4,3,,3,0,72,239,638,FINAL (ENTRADA MANUAL)
14,17,2,196,48,17,,,,0,0,10,114,41,7,7,,4,2,9,4,,0,0,83,271,638,FINAL (ENTRADA MANUAL)
14,17,3,181,65,18,,,,2,0,10,102,51,7,9,,3,5,8,7,,3,0,84,279,638,FINAL (ENTRADA MANUAL)
14,17,4,185,46,15,,,,0,0,7,125,42,7,5,,4,4,7,1,,0,0,58,253,638,FINAL (ENTRADA MANUAL)
14,17,5,193,41,15,,,,0,1,9,97,33,9,7,,5,4,6,1,,4,0,97,263,638,FINAL (ENTRADA MANUAL)
14,17,6,157,57,15,,,,0,0,10,85,48,6,8,,3,4,2,4,,7,0,79,246,637,FINAL (ENTRADA MANUAL)
14,18,1,155,49,24,,,,0,0,6,94,41,17,5,,6,1,0,2,,5,0,68,239,561,FINAL (ENTRADA MANUAL)
14,18,2,143,58,16,,,,1,0,5,90,45,12,5,,2,2,2,3,,1,0,62,224,561,FINAL (ENTRADA MANUAL)
14,18,3,159,40,17,,,,0,0,7,73,30,7,5,,4,5,3,2,,0,0,94,223,561,FINAL (ENTRADA MANUAL)
14,18,4,143,43,13,,,,0,0,3,86,36,9,1,,3,3,1,2,,0,0,61,202,561,FINAL (ENTRADA MANUAL)
14,18,5,150,52,19,,,,1,1,3,85,35,12,1,,3,6,0,3,,2,0,81,228,559,FINAL (ENTRADA MANUAL)
14,19,1,168,68,26,,,,1,0,7,89,48,19,7,,8,6,3,3,,2,0,87,272,551,FINAL (ENTRADA MANUAL)
14,19,2,174,68,38,,,,1,0,7,110,56,22,6,,6,7,8,3,,2,0,70,290,551,FINAL (ENTRADA MANUAL)
14,19,3,174,56,26,,,,1,0,7,110,45,19,6,,8,6,3,4,,4,0,63,268,551,FINAL (ENTRADA MANUAL)
14,19,4,157,49,33,,,,1,0,12,100,42,26,10,,7,5,7,3,,3,0,52,255,551,FINAL (ENTRADA MANUAL)
14,19,5,186,46,38,,,,0,0,8,106,36,23,6,,4,4,10,6,,6,0,83,284,549,FINAL (ENTRADA MANUAL)
14,20,1,212,43,37,,,,0,0,10,125,36,25,7,,6,7,7,9,,0,0,80,302,554,FINAL (ENTRADA MANUAL)
14,20,2,179,46,27,,,,0,0,9,105,39,13,5,,3,4,5,4,,3,0,83,264,554,FINAL (ENTRADA MANUAL)
14,20,3,144,45,26,,,,0,0,9,84,38,15,7,,3,2,10,1,,1,0,64,225,554,FINAL (ENTRADA MANUAL)
14,20,4,162,43,23,,,,0,0,8,92,28,8,7,,3,3,7,4,,0,0,84,236,554,FINAL (ENTRADA MANUAL)
14,20,5,177,35,27,,,,0,0,14,108,27,15,12,,4,2,3,6,,2,0,76,255,554,FINAL (ENTRADA MANUAL)
14,20,6,169,37,35,,,,0,0,11,97,29,24,9,,3,0,5,2,,1,0,83,253,554,FINAL (ENTRADA MANUAL)
14,20,7,164,48,25,,,,0,0,14,111,38,17,14,,3,1,4,4,,1,0,59,252,554,FINAL (ENTRADA MANUAL)
14,20,8,176,47,33,,,,0,0,13,121,39,21,13,,6,6,10,5,,1,1,48,271,554,FINAL (ENTRADA MANUAL)
14,20,9,147,50,22,,,,1,0,11,78,34,11,8,,2,4,4,2,,1,0,88,232,556,FINAL (ENTRADA MANUAL)
14,74,1,105,10,0,,,,1,0,0,73,10,0,0,,0,0,0,0,,1,0,33,117,0,FINAL (ENTRADA MANUAL)
14,74,2,82,7,0,,,,0,0,0,58,5,0,0,,3,1,3,1,,3,0,18,92,0,FINAL (ENTRADA MANUAL)
14,74,3,22,7,1,,,,0,0,0,17,5,1,0,,0,0,0,0,,0,0,7,30,0,FINAL (ENTRADA MANUAL)
14,74,4,77,29,0,,,,0,0,2,52,25,0,0,,3,2,0,0,,1,0,26,109,0,FINAL (ENTRADA MANUAL)
14,74,5,62,14,3,,,,0,0,0,48,13,2,0,,2,0,1,0,,0,0,13,79,0,FINAL (ENTRADA MANUAL)
14,74,6,47,16,2,,,,0,0,1,33,15,2,1,,2,3,0,0,,0,1,10,66,0,FINAL (ENTRADA MANUAL)
14,74,7,46,8,5,,,,0,0,0,33,7,3,0,,3,2,0,0,,1,0,11,60,0,FINAL (ENTRADA MANUAL)
14,74,8,56,26,2,,,,0,0,0,37,21,1,0,,0,3,1,0,,1,0,21,85,0,FINAL (ENTRADA MANUAL)
14,74,9,57,22,2,,,,1,0,0,48,21,2,0,,0,0,0,0,,1,0,11,83,0,FINAL (ENTRADA MANUAL)
14,74,10,53,22,2,,,,0,0,1,31,20,2,1,,3,0,0,0,,1,0,21,79,0,FINAL (ENTRADA MANUAL)
14,74,11,78,12,0,,,,0,0,0,51,11,0,0,,0,1,0,0,,2,0,27,92,0,FINAL (ENTRADA MANUAL)
14,74,12,76,16,0,,,,1,0,0,52,12,0,0,,0,0,0,0,,4,0,29,97,0,FINAL (ENTRADA MANUAL)
14,74,13,81,9,0,,,,0,0,0,47,8,0,0,,2,1,0,0,,2,0,32,92,0,FINAL (ENTRADA MANUAL)
14,74,14,26,6,1,,,,0,0,0,23,5,1,0,,0,0,1,0,,0,0,3,33,0,FINAL (ENTRADA MANUAL)
14,74,15,47,11,1,,,,0,0,2,35,8,1,1,,0,0,0,0,,0,0,16,61,0,FINAL (ENTRADA MANUAL)
14,74,16,48,10,0,,,,0,0,0,40,7,0,0,,0,2,0,0,,0,0,9,58,0,FINAL (ENTRADA MANUAL)
14,74,17,30,10,0,,,,0,0,0,20,9,0,0,,1,2,0,0,,0,0,8,40,0,FINAL (ENTRADA MANUAL)
14,74,18,31,27,0,,,,0,0,1,24,22,0,0,,1,0,0,0,,0,0,12,59,0,FINAL (ENTRADA MANUAL)
14,74,19,72,12,0,,,,0,0,0,59,10,0,0,,0,0,0,0,,0,0,15,84,0,FINAL (ENTRADA MANUAL)
14,74,20,46,15,4,,,,0,0,2,29,11,4,0,,1,2,0,0,,0,2,20,69,0,FINAL (ENTRADA MANUAL)
14,74,21,42,14,3,,,,0,0,1,31,12,3,1,,1,2,0,0,,2,0,10,62,0,FINAL (ENTRADA MANUAL)
14,74,22,73,21,3,,,,3,0,0,57,17,2,0,,0,1,0,1,,0,0,22,100,0,FINAL (ENTRADA MANUAL)
14,74,23,0,0,0,,,,0,0,0,0,0,0,0,,0,0,0,0,,0,0,0,0,0,FINAL (ENTRADA MANUAL)
14,74,24,0,0,0,,,,0,0,0,0,0,0,0,,0,0,0,0,,0,0,0,0,0,FINAL (ENTRADA MANUAL)
14,74,25,0,0,0,,,,0,0,0,0,0,0,0,,0,0,0,0,,0,0,0,0,0,FINAL (ENTRADA MANUAL)
14,75,1,122,29,14,,,,12,8,6,43,17,5,2,,8,10,2,2,,3,6,95,193,0,FINAL (ENTRADA MANUAL)
14,77,1,412,230,38,,,,2,0,7,367,222,35,7,,11,23,5,0,,0,0,19,689,0,FINAL (ENTRADA MANUAL)
14,77,2,239,191,22,,,,0,0,5,217,188,21,5,,2,14,0,0,,0,0,10,457,0,FINAL (ENTRADA MANUAL)
14,77,3,20,1,1,,,,0,0,0,3,1,0,0,,0,1,0,0,,0,0,18,23,0,FINAL (ENTRADA MANUAL)
14,77,5,0,0,0,,,,0,0,0,0,0,0,0,,0,0,0,0,,0,0,0,0,0,FINAL (ENTRADA MANUAL)
14,78,1,52,11,6,,,,0,0,6,32,9,2,3,,2,1,0,0,,2,23,28,102,0,FINAL (ENTRADA MANUAL)
14,78,2,0,0,0,,,,0,0,0,0,0,0,0,,0,0,0,0,,0,0,0,0,0,FINAL (ENTRADA MANUAL)
14,78,3,0,0,0,,,,0,0,0,0,0,0,0,,0,0,0,0,,0,0,0,0,0,FINAL (ENTRADA MANUAL)
15,1,1,86,185,15,,,,0,0,2,55,108,11,2,,5,5,4,3,,0,0,95,288,482,FINAL (ENTRADA MANUAL)
15,1,2,60,175,15,,,,0,0,2,40,118,10,2,,7,4,2,2,,0,0,67,252,482,FINAL (ENTRADA MANUAL)
15,1,3,65,167,15,,,,0,0,6,45,102,11,4,,11,5,4,3,,1,1,68,255,482,FINAL (ENTRADA MANUAL)
15,1,4,69,188,8,,,,0,0,1,52,105,6,1,,13,11,9,6,,1,0,63,267,482,FINAL (ENTRADA MANUAL)
15,1,5,82,178,25,,,,1,0,3,61,115,15,3,,4,10,4,6,,3,0,71,292,482,FINAL (ENTRADA MANUAL)
15,1,6,77,148,10,,,,1,0,2,51,79,5,2,,5,1,7,6,,4,0,82,242,481,FINAL (ENTRADA MANUAL)
15,2,1,72,144,23,,,,0,0,8,47,101,17,8,,1,4,4,2,,0,0,63,247,475,FINAL (ENTRADA MANUAL)
15,2,2,66,148,20,,,,0,0,11,47,102,13,10,,6,3,3,1,,0,0,60,245,475,FINAL (ENTRADA MANUAL)
15,2,3,65,171,9,,,,0,0,5,52,111,6,5,,5,6,6,6,,1,2,53,253,475,FINAL (ENTRADA MANUAL)
15,2,4,85,157,22,,,,4,0,7,64,104,17,7,,11,11,6,2,,2,0,53,277,474,FINAL (ENTRADA MANUAL)
15,3,1,120,133,1,,,,2,0,3,86,113,1,2,,2,3,1,0,,0,0,51,259,512,FINAL (ENTRADA MANUAL)
15,3,2,133,119,4,,,,2,0,3,91,86,2,2,,2,1,0,2,,0,0,75,261,512,FINAL (ENTRADA MANUAL)
15,3,3,101,136,6,,,,0,0,5,61,96,5,3,,1,3,2,3,,1,0,74,249,512,FINAL (ENTRADA MANUAL)
15,3,4,100,138,6,,,,0,0,0,62,98,4,0,,1,3,2,2,,0,0,72,244,512,FINAL (ENTRADA MANUAL)
15,3,5,113,115,5,,,,1,0,2,77,80,2,1,,1,2,1,2,,3,0,70,239,511,FINAL (ENTRADA MANUAL)
15,4,1,115,151,7,,,,0,0,3,81,102,4,2,,1,1,2,0,,1,1,83,278,549,FINAL (ENTRADA MANUAL)
15,4,2,99,154,9,,,,0,0,5,66,116,5,5,,5,3,6,4,,0,0,57,267,549,FINAL (ENTRADA MANUAL)
15,4,3,117,147,8,,,,1,0,1,82,106,3,1,,5,6,4,2,,1,0,65,275,549,FINAL (ENTRADA MANUAL)
15,4,4,96,163,9,,,,1,0,2,73,119,9,2,,3,3,1,1,,2,0,60,273,549,FINAL (ENTRADA MANUAL)
15,4,5,95,146,5,,,,0,0,3,65,106,3,2,,3,3,4,0,,2,0,63,251,549,FINAL (ENTRADA MANUAL)
15,4,6,124,142,4,,,,0,0,4,91,102,4,3,,0,3,0,0,,1,0,71,275,549,FINAL (ENTRADA MANUAL)
15,4,7,101,155,7,,,,1,0,1,69,104,2,1,,1,5,3,0,,2,0,80,267,549,FINAL (ENTRADA MANUAL)
15,5,1,106,121,15,,,,0,0,4,70,85,10,4,,3,2,5,4,,1,0,63,247,537,FINAL (ENTRADA MANUAL)
15,5,2,91,142,7,,,,0,0,4,74,99,4,1,,5,0,3,3,,0,0,55,244,537,FINAL (ENTRADA MANUAL)
15,5,3,78,107,11,,,,0,0,1,57,74,8,0,,0,3,1,3,,2,1,51,200,537,FINAL (ENTRADA MANUAL)
15,5,4,126,107,3,,,,0,1,5,85,64,0,3,,3,2,1,1,,3,0,83,245,537,FINAL (ENTRADA MANUAL)
15,5,5,74,135,5,,,,0,0,2,50,96,3,1,,2,2,0,2,,0,0,60,216,537,FINAL (ENTRADA MANUAL)
15,5,6,93,134,4,,,,1,0,6,57,84,3,2,,1,7,1,0,,1,0,83,239,537,FINAL (ENTRADA MANUAL)
15,5,7,103,107,13,,,,0,0,4,71,71,10,2,,2,2,3,1,,1,0,65,228,537,FINAL (ENTRADA MANUAL)
15,5,8,96,119,8,,,,1,0,2,74,91,4,1,,0,2,2,2,,2,0,50,228,537,FINAL (ENTRADA MANUAL)
15,5,9,108,133,5,,,,1,0,2,66,81,4,1,,1,4,2,1,,0,0,89,249,535,FINAL (ENTRADA MANUAL)
15,6,1,68,171,15,,,,3,0,6,56,99,10,5,,1,4,14,7,,0,0,67,263,528,FINAL (ENTRADA MANUAL)
15,6,2,71,143,16,,,,0,0,6,51,92,11,5,,2,0,6,2,,0,5,67,241,528,FINAL (ENTRADA MANUAL)
15,6,3,80,136,11,,,,1,0,3,60,102,7,3,,4,3,2,3,,3,0,47,234,528,FINAL (ENTRADA MANUAL)
15,6,4,55,170,14,,,,0,1,5,40,124,7,4,,3,2,5,5,,1,0,55,246,528,FINAL (ENTRADA MANUAL)
15,6,5,77,156,11,,,,1,0,5,55,112,5,5,,1,3,8,0,,2,0,61,252,528,FINAL (ENTRADA MANUAL)
15,6,6,63,158,10,,,,0,0,3,39,101,7,0,,1,2,4,3,,0,0,77,234,528,FINAL (ENTRADA MANUAL)
15,6,7,78,177,10,,,,0,0,2,63,129,8,2,,5,4,0,2,,0,0,54,267,528,FINAL (ENTRADA MANUAL)
15,6,8,66,146,17,,,,0,0,7,44,91,6,7,,4,3,9,9,,0,0,63,236,532,FINAL (ENTRADA MANUAL)
15,7,1,102,172,11,,,,0,0,3,67,114,10,1,,3,6,3,1,,1,0,83,289,556,FINAL (ENTRADA MANUAL)
15,7,2,98,161,10,,,,0,0,6,64,111,9,3,,3,6,2,2,,1,0,75,276,556,FINAL (ENTRADA MANUAL)
15,7,3,102,173,4,,,,0,0,0,78,132,4,0,,4,3,1,0,,0,2,57,281,556,FINAL (ENTRADA MANUAL)
15,7,4,91,143,9,,,,0,0,6,66,96,5,6,,1,4,3,5,,1,0,63,250,556,FINAL (ENTRADA MANUAL)
15,7,5,104,172,8,,,,1,0,2,70,125,8,2,,2,4,4,2,,0,0,70,287,556,FINAL (ENTRADA MANUAL)
15,7,6,90,148,10,,,,0,0,2,69,101,7,1,,2,3,3,0,,0,0,64,250,556,FINAL (ENTRADA MANUAL)
15,7,7,89,148,7,,,,0,0,3,65,103,4,3,,1,2,3,1,,2,0,65,249,559,FINAL (ENTRADA MANUAL)
15,8,1,114,137,4,,,,0,0,4,99,107,3,4,,0,4,3,3,,1,0,36,260,482,FINAL (ENTRADA MANUAL)
15,8,2,116,142,3,,,,0,0,2,89,86,3,1,,1,4,1,4,,2,0,74,265,482,FINAL (ENTRADA MANUAL)
15,8,3,80,157,3,,,,0,0,3,66,136,3,2,,1,0,0,2,,1,0,33,244,481,FINAL (ENTRADA MANUAL)
15,9,1,70,98,1,,,,0,0,0,54,73,1,0,,1,2,1,0,,0,0,37,169,333,FINAL (ENTRADA MANUAL)
15,9,2,78,87,4,,,,1,0,0,58,66,3,0,,1,4,2,0,,1,0,36,171,333,FINAL (ENTRADA MANUAL)
15,74,1,19,58,5,,,,0,0,2,17,42,4,1,,4,0,1,0,,0,0,15,84,0,FINAL (ENTRADA MANUAL)
15,74,2,17,18,4,,,,0,0,0,16,17,2,0,,0,0,1,1,,0,0,2,39,0,FINAL (ENTRADA MANUAL)
15,74,3,20,44,1,,,,0,0,0,18,40,0,0,,1,0,0,0,,2,0,6,67,0,FINAL (ENTRADA MANUAL)
15,74,4,31,28,1,,,,0,0,1,26,25,1,0,,0,0,0,0,,0,0,9,61,0,FINAL (ENTRADA MANUAL)
15,74,5,18,45,3,,,,0,0,0,14,37,3,0,,0,0,0,0,,0,0,12,66,0,FINAL (ENTRADA MANUAL)
15,74,6,23,40,1,,,,0,0,2,14,29,1,1,,1,2,1,0,,0,0,17,66,0,FINAL (ENTRADA MANUAL)
15,74,7,12,70,4,,,,0,0,0,5,51,2,0,,2,2,0,0,,1,0,24,87,0,FINAL (ENTRADA MANUAL)
15,74,8,13,61,0,,,,0,0,1,7,55,0,1,,0,2,0,1,,1,0,9,76,0,FINAL (ENTRADA MANUAL)
15,74,9,4,71,0,,,,0,0,0,2,59,0,0,,0,1,0,0,,0,0,13,75,0,FINAL (ENTRADA MANUAL)
15,74,10,0,0,0,,,,0,0,0,0,0,0,0,,0,0,0,0,,0,0,0,0,0,FINAL (ENTRADA MANUAL)
15,75,1,6,15,0,,,,4,0,0,4,5,0,0,,0,0,1,0,,0,0,15,25,0,FINAL (ENTRADA MANUAL)
15,77,1,123,203,14,,,,0,0,1,114,188,11,1,,7,4,5,2,,0,0,9,341,0,FINAL (ENTRADA MANUAL)
15,77,2,196,323,14,,,,1,0,1,191,301,13,1,,7,4,2,0,,0,0,16,535,0,FINAL (ENTRADA MANUAL)
15,77,3,15,5,0,,,,0,0,0,10,2,0,1,,0,0,0,0,,0,0,8,21,0,FINAL (ENTRADA MANUAL)
15,77,5,12,3,0,,,,0,0,0,9,1,0,1,,0,0,0,0,,0,0,5,16,0,FINAL (ENTRADA MANUAL)
15,78,1,39,60,3,,,,0,2,2,29,40,1,2,,0,0,1,0,,0,2,31,106,0,FINAL (ENTRADA MANUAL)
15,78,2,0,0,0,,,,0,0,0,0,0,0,0,,0,0,0,0,,0,0,0,0,0,FINAL (ENTRADA MANUAL)
15,78,3,0,0,0,,,,0,0,0,0,0,0,0,,0,0,0,0,,0,0,0,0,0,FINAL (ENTRADA MANUAL)
15,79,1,0,0,0,,,,0,0,0,0,0,0,0,,0,0,0,0,,0,0,0,0,0,FINAL (ENTRADA MANUAL)
15,79,2,0,0,0,,,,0,0,0,0,0,0,0,,0,0,0,0,,0,0,0,0,0,FINAL (ENTRADA MANUAL)
16,1,1,130,83,25,,,,1,0,1,93,65,22,,,1,3,1,,,0,0,55,240,466,FINAL (ENTRADA MANUAL)
16,1,2,127,95,16,,,,1,0,0,100,81,13,,,0,0,1,,,1,0,44,240,466,FINAL (ENTRADA MANUAL)
16,2,1,120,126,38,,,,0,0,0,70,95,34,,,2,2,2,,,1,0,79,285,561,FINAL (ENTRADA MANUAL)
16,2,2,109,119,44,,,,0,0,2,71,94,39,,,1,2,2,,,2,1,65,277,561,FINAL (ENTRADA MANUAL)
16,2,3,111,121,29,,,,1,0,1,92,106,25,,,0,4,1,,,1,0,35,264,561,FINAL (ENTRADA MANUAL)
16,2,4,132,106,22,,,,1,0,4,89,76,18,,,2,3,2,,,3,0,75,268,561,FINAL (ENTRADA MANUAL)
16,2,5,151,95,18,,,,2,0,0,120,73,15,,,5,1,2,,,1,0,50,267,559,FINAL (ENTRADA MANUAL)
16,3,1,128,113,12,,,,0,0,0,92,96,10,,,4,2,0,,,3,0,49,256,552,FINAL (ENTRADA MANUAL)
16,3,2,101,131,16,,,,0,0,0,72,101,13,,,1,3,2,,,1,0,56,249,552,FINAL (ENTRADA MANUAL)
16,3,3,94,116,14,,,,0,0,1,64,97,11,,,1,3,2,,,3,0,47,228,553,FINAL (ENTRADA MANUAL)
16,4,1,152,67,11,,,,0,0,1,108,62,7,,,4,2,0,,,1,0,48,232,580,FINAL (ENTRADA MANUAL)
16,4,2,153,70,9,,,,0,0,0,128,59,8,,,2,2,0,,,4,0,33,236,580,FINAL (ENTRADA MANUAL)
16,4,3,149,60,3,,,,0,0,1,103,48,3,,,0,2,0,,,0,0,57,213,580,FINAL (ENTRADA MANUAL)
16,4,4,180,74,5,,,,0,0,1,145,64,5,,,2,3,1,,,0,0,40,260,578,FINAL (ENTRADA MANUAL)
16,5,1,125,114,11,,,,0,0,0,105,88,10,,,4,1,1,,,0,0,41,250,511,FINAL (ENTRADA MANUAL)
16,5,2,117,115,10,,,,1,0,0,95,86,9,,,1,4,2,,,2,0,46,245,511,FINAL (ENTRADA MANUAL)
16,5,3,88,99,15,,,,1,0,1,70,84,11,,,1,7,1,,,1,0,30,205,511,FINAL (ENTRADA MANUAL)
16,5,4,105,119,14,,,,0,0,0,82,88,12,,,2,0,1,,,3,0,53,241,511,FINAL (ENTRADA MANUAL)
16,5,5,120,129,15,,,,0,0,3,90,100,10,,,2,0,0,,,3,1,65,271,511,FINAL (ENTRADA MANUAL)
16,5,6,135,104,8,,,,0,0,0,107,76,6,,,4,4,0,,,2,0,50,249,513,FINAL (ENTRADA MANUAL)
16,6,1,189,46,5,,,,1,0,0,147,37,5,,,3,5,0,,,0,0,44,241,586,FINAL (ENTRADA MANUAL)
16,6,2,198,37,6,,,,1,0,0,152,33,3,,,1,4,0,,,1,0,49,243,585,FINAL (ENTRADA MANUAL)
16,7,1,127,126,11,,,,0,0,1,93,101,7,,,2,1,2,,,3,1,59,269,648,FINAL (ENTRADA MANUAL)
16,8,1,103,135,17,,,,0,1,0,60,104,13,,,0,4,3,,,1,0,72,257,596,FINAL (ENTRADA MANUAL)
16,8,2,117,124,22,,,,0,0,1,77,98,17,,,1,2,5,,,5,0,64,269,596,FINAL (ENTRADA MANUAL)
16,8,3,137,134,14,,,,0,0,1,100,112,12,,,4,2,1,,,2,0,55,288,596,FINAL (ENTRADA MANUAL)
16,8,4,114,141,17,,,,0,0,2,92,107,15,,,1,2,2,,,2,0,55,276,594,FINAL (ENTRADA MANUAL)
16,9,1,120,100,7,,,,0,0,1,96,82,6,,,1,2,1,,,0,2,40,230,540,FINAL (ENTRADA MANUAL)
16,9,2,120,99,3,,,,0,0,0,92,82,2,,,2,1,0,,,1,0,43,223,540,FINAL (ENTRADA MANUAL)
16,9,3,115,90,7,,,,0,0,0,85,74,6,,,1,1,3,,,2,0,42,214,540,FINAL (ENTRADA MANUAL)
16,9,4,102,114,6,,,,1,1,0,86,90,4,,,3,3,2,,,0,0,36,224,542,FINAL (ENTRADA MANUAL)
16,10,1,115,132,10,,,,0,0,0,91,104,9,,,3,3,3,,,3,1,44,261,519,FINAL (ENTRADA MANUAL)
16,10,2,130,99,7,,,,1,0,1,108,75,6,,,5,3,0,,,0,0,41,238,519,FINAL (ENTRADA MANUAL)
16,74,1,40,21,3,,,,0,0,0,35,18,3,,,1,1,0,,,0,0,6,64,0,FINAL (ENTRADA MANUAL)
16,74,2,45,19,2,,,,0,0,0,33,18,2,,,1,1,0,,,0,0,11,66,0,FINAL (ENTRADA MANUAL)
16,74,3,37,39,1,,,,0,0,0,31,32,1,,,2,3,0,,,0,0,8,77,0,FINAL (ENTRADA MANUAL)
16,74,4,43,34,0,,,,0,0,0,37,28,0,,,0,1,0,,,0,0,11,77,0,FINAL (ENTRADA MANUAL)
16,74,5,43,25,0,,,,0,0,0,41,24,0,,,0,0,0,,,0,0,3,68,0,FINAL (ENTRADA MANUAL)
16,74,6,43,21,1,,,,0,0,0,34,18,1,,,0,0,0,,,2,0,12,67,0,FINAL (ENTRADA MANUAL)
16,75,1,4,1,0,,,,2,0,0,2,0,0,,,0,1,0,,,0,1,4,8,0,FINAL (ENTRADA MANUAL)
16,75,2,1,0,0,,,,0,0,11,0,0,0,,,0,0,0,,,0,0,1,1,0,FINAL (ENTRADA MANUAL)
16,75,3,0,0,0,,,,0,0,0,0,0,0,,,0,0,0,,,0,0,0,0,0,FINAL (ENTRADA MANUAL)
16,77,1,233,224,8,,,,0,0,0,219,214,7,,,0,11,0,,,0,0,14,465,0,FINAL (ENTRADA MANUAL)
16,77,2,144,101,3,,,,0,0,0,132,97,3,,,1,5,1,,,0,0,9,248,0,FINAL (ENTRADA MANUAL)
16,77,3,0,0,1,,,,0,0,0,0,0,0,,,0,0,0,,,0,0,1,1,0,FINAL (ENTRADA MANUAL)
16,77,5,0,0,0,,,,0,0,0,0,0,0,,,0,0,0,,,0,0,0,0,0,FINAL (ENTRADA MANUAL)
16,78,1,7,7,0,,,,0,0,8,4,6,0,,,0,0,0,,,0,8,4,22,0,FINAL (ENTRADA MANUAL)
16,78,2,0,0,0,,,,0,0,0,0,0,0,,,0,0,0,,,0,0,0,0,0,FINAL (ENTRADA MANUAL)
16,78,3,0,0,0,,,,0,0,0,0,0,0,,,0,0,0,,,0,0,0,0,0,FINAL (ENTRADA MANUAL)
17,1,1,123,117,3,,,,0,0,1,88,100,2,,,1,1,1,,,1,0,51,245,553,FINAL (ENTRADA MANUAL)
17,1,2,122,104,9,,,,0,0,1,90,82,6,,,3,2,1,,,4,0,52,240,553,FINAL (ENTRADA MANUAL)
17,1,3,115,99,7,,,,0,0,0,84,76,5,,,1,1,0,,,0,0,54,221,554,FINAL (ENTRADA MANUAL)
17,2,1,59,146,19,,,,3,0,0,47,118,12,,,0,5,0,,,1,1,45,229,380,FINAL (ENTRADA MANUAL)
17,3,1,44,181,8,,,,0,0,0,36,136,6,,,1,1,0,,,2,0,53,235,516,FINAL (ENTRADA MANUAL)
17,3,2,52,145,9,,,,0,0,0,38,125,6,,,5,8,0,,,2,0,24,208,516,FINAL (ENTRADA MANUAL)
17,3,3,58,180,8,,,,0,0,0,43,150,7,,,4,2,0,,,0,0,40,246,516,FINAL (ENTRADA MANUAL)
17,3,4,54,170,10,,,,1,0,0,42,137,8,,,3,2,2,,,2,0,41,237,516,FINAL (ENTRADA MANUAL)
17,3,5,61,187,10,,,,0,0,0,48,148,10,,,3,5,0,,,0,0,44,258,514,FINAL (ENTRADA MANUAL)
17,4,1,92,70,6,,,,0,0,0,71,60,5,,,0,1,0,,,2,0,31,170,342,FINAL (ENTRADA MANUAL)
17,4,2,94,67,9,,,,0,0,0,71,50,7,,,3,1,2,,,3,0,36,173,342,FINAL (ENTRADA MANUAL)
17,5,1,84,34,1,,,,0,0,0,60,30,1,,,1,0,0,,,1,0,27,120,271,FINAL (ENTRADA MANUAL)
17,74,1,33,38,2,,,,0,0,0,22,30,2,,,0,0,0,,,0,0,19,73,0,FINAL (ENTRADA MANUAL)
17,74,2,0,0,0,,,,0,0,0,0,0,0,,,0,0,0,,,0,0,0,0,0,FINAL (ENTRADA MANUAL)
17,75,1,0,0,0,,,,0,0,0,0,0,0,,,0,0,0,,,0,0,0,0,0,FINAL (ENTRADA MANUAL)
17,75,2,1,0,0,,,,0,0,0,0,0,0,,,0,0,0,,,0,0,1,1,0,FINAL (ENTRADA MANUAL)
17,77,1,90,281,7,,,,0,0,0,80,251,6,,,2,2,2,,,1,0,35,379,0,FINAL (ENTRADA MANUAL)
17,77,2,20,11,2,,,,0,0,0,20,10,2,,,1,0,0,,,0,0,0,33,0,FINAL (ENTRADA MANUAL)
17,77,3,16,34,1,,,,0,1,1,2,10,0,,,0,0,1,,,5,0,40,58,0,FINAL (ENTRADA MANUAL)
17,77,5,0,0,0,,,,0,0,0,0,0,0,,,0,0,0,,,0,0,0,0,0,FINAL (ENTRADA MANUAL)
17,78,1,2,3,0,,,,0,2,0,1,3,0,,,0,0,0,,,0,2,1,7,0,FINAL (ENTRADA MANUAL)
17,78,2,0,0,0,,,,0,0,0,0,0,0,,,0,0,0,,,0,0,0,0,0,FINAL (ENTRADA MANUAL)
17,78,3,0,0,0,,,,0,0,0,0,0,0,,,0,0,0,,,0,0,0,0,0,FINAL (ENTRADA MANUAL)
18,1,1,52,160,10,,,,0,0,3,42,122,10,3,,3,0,2,5,,2,0,38,227,534,FINAL (ENTRADA MANUAL)
18,1,2,52,174,12,,,,0,0,6,45,130,9,5,,3,2,6,1,,0,1,43,245,534,FINAL (ENTRADA MANUAL)
18,1,3,53,158,7,,,,0,0,2,47,112,5,2,,3,5,3,1,,0,0,42,220,534,FINAL (ENTRADA MANUAL)
18,1,4,43,184,6,,,,0,0,9,37,117,5,7,,1,6,1,6,,2,0,62,244,533,FINAL (ENTRADA MANUAL)
18,2,1,52,204,12,,,,0,0,4,48,154,7,4,,2,9,4,3,,2,0,41,274,593,FINAL (ENTRADA MANUAL)
18,2,2,71,196,11,,,,0,0,7,57,159,8,4,,1,2,8,1,,0,1,45,286,593,FINAL (ENTRADA MANUAL)
18,2,3,70,213,20,,,,1,0,4,57,151,14,2,,7,6,6,2,,1,1,63,310,593,FINAL (ENTRADA MANUAL)
18,2,4,69,201,9,,,,0,0,5,63,158,6,4,,3,5,6,1,,1,0,38,285,594,FINAL (ENTRADA MANUAL)
18,3,1,50,164,11,,,,5,0,6,40,103,10,4,,2,3,8,5,,2,0,61,238,417,FINAL (ENTRADA MANUAL)
18,3,2,39,163,9,,,,0,0,2,26,121,6,2,,1,3,5,2,,0,0,47,213,417,FINAL (ENTRADA MANUAL)
18,3,3,35,143,9,,,,0,0,3,26,99,5,2,,4,5,2,4,,1,0,43,191,417,FINAL (ENTRADA MANUAL)
18,4,1,49,98,6,,,,0,0,2,32,73,5,0,,1,1,0,2,,1,0,41,156,457,FINAL (ENTRADA MANUAL)
18,5,1,64,147,7,,,,0,0,5,57,120,5,3,,4,2,1,0,,2,0,31,225,497,FINAL (ENTRADA MANUAL)
18,5,2,52,141,5,,,,0,0,9,42,96,4,5,,0,4,1,2,,0,1,53,208,497,FINAL (ENTRADA MANUAL)
18,5,3,57,160,11,,,,0,0,1,39,107,9,1,,3,7,5,0,,1,0,58,230,497,FINAL (ENTRADA MANUAL)
18,5,4,52,128,13,,,,1,0,4,31,88,11,2,,1,2,1,1,,3,0,61,201,498,FINAL (ENTRADA MANUAL)
18,6,1,98,133,4,,,,0,0,2,85,106,3,2,,1,1,1,0,,0,0,38,237,529,FINAL (ENTRADA MANUAL)
18,6,2,88,126,1,,,,1,0,1,76,104,0,1,,2,1,0,2,,0,1,31,218,529,FINAL (ENTRADA MANUAL)
18,7,1,58,132,10,,,,0,1,5,38,75,6,3,,2,4,1,0,,1,0,77,207,481,FINAL (ENTRADA MANUAL)
18,7,2,79,127,8,,,,1,0,10,59,88,7,3,,2,6,2,3,,4,0,55,229,481,FINAL (ENTRADA MANUAL)
18,7,3,67,145,8,,,,0,0,3,59,126,8,3,,4,0,0,1,,0,1,22,224,481,FINAL (ENTRADA MANUAL)
18,7,4,77,135,11,,,,0,0,4,56,92,11,2,,2,2,1,3,,3,0,58,230,480,FINAL (ENTRADA MANUAL)
18,8,1,82,153,6,,,,0,2,6,67,109,3,4,,5,1,3,1,,3,0,56,252,605,FINAL (ENTRADA MANUAL)
18,8,2,89,154,5,,,,0,0,0,81,109,4,0,,4,4,3,1,,1,0,42,249,605,FINAL (ENTRADA MANUAL)
18,8,3,68,158,3,,,,0,0,3,50,121,2,3,,3,4,0,0,,0,0,49,232,605,FINAL (ENTRADA MANUAL)
18,8,4,73,141,4,,,,0,0,8,65,90,4,6,,3,3,3,2,,4,0,50,230,605,FINAL (ENTRADA MANUAL)
18,9,1,66,129,7,,,,1,0,8,55,85,2,7,,3,2,2,5,,0,0,50,211,568,FINAL (ENTRADA MANUAL)
18,9,2,85,130,2,,,,0,0,2,80,104,1,2,,6,1,1,0,,1,0,24,220,568,FINAL (ENTRADA MANUAL)
18,9,3,50,142,7,,,,0,0,0,43,101,4,0,,0,2,0,0,,3,0,49,202,569,FINAL (ENTRADA MANUAL)
18,10,1,78,158,13,,,,0,0,5,60,113,7,3,,1,2,0,0,,2,0,68,256,634,FINAL (ENTRADA MANUAL)
18,10,2,77,169,9,,,,0,0,7,62,97,3,3,,2,3,3,2,,1,0,87,263,634,FINAL (ENTRADA MANUAL)
18,10,3,80,165,9,,,,3,0,2,64,113,4,2,,4,4,1,1,,1,0,66,260,634,FINAL (ENTRADA MANUAL)
18,10,4,68,161,10,,,,1,0,9,51,95,5,8,,2,3,1,0,,3,0,84,252,633,FINAL (ENTRADA MANUAL)
18,74,1,36,33,0,,,,0,0,0,33,25,0,0,,0,2,1,0,,1,0,8,70,0,FINAL (ENTRADA MANUAL)
18,74,2,40,23,1,,,,0,0,1,37,20,1,1,,1,1,1,0,,0,0,3,65,0,FINAL (ENTRADA MANUAL)
18,74,3,52,17,1,,,,0,0,0,37,13,0,0,,2,0,0,0,,1,0,18,71,0,FINAL (ENTRADA MANUAL)
18,74,4,47,30,1,,,,0,0,3,31,20,1,3,,1,1,1,0,,1,0,23,82,0,FINAL (ENTRADA MANUAL)
18,74,5,0,0,0,,,,0,0,0,0,0,0,0,,0,0,0,0,,0,0,0,0,0,FINAL (ENTRADA MANUAL)
18,75,1,5,13,0,,,,1,0,0,2,6,0,0,,0,1,0,0,,2,4,10,25,0,FINAL (ENTRADA MANUAL)
18,75,2,0,0,0,,,,0,0,0,0,0,0,0,,0,0,0,0,,0,1,0,1,0,FINAL (ENTRADA MANUAL)
18,77,1,211,333,18,,,,2,0,4,207,315,15,4,,7,4,5,1,,0,0,10,568,0,FINAL (ENTRADA MANUAL)
18,77,2,4,27,0,,,,0,0,0,4,26,0,0,,0,0,0,0,,0,0,1,31,0,FINAL (ENTRADA MANUAL)
18,77,3,41,54,2,,,,0,0,18,15,26,1,0,,2,0,1,0,,14,8,99,166,0,FINAL (ENTRADA MANUAL)
18,77,5,0,0,0,,,,0,0,0,0,0,0,0,,0,0,0,0,,0,0,0,0,0,FINAL (ENTRADA MANUAL)
18,78,1,15,16,0,,,,0,0,0,13,11,0,0,,0,0,0,0,,0,3,7,34,0,FINAL (ENTRADA MANUAL)
18,78,2,0,1,0,,,,0,0,0,0,1,0,0,,0,0,0,0,,0,0,0,1,0,FINAL (ENTRADA MANUAL)
18,78,3,0,0,0,,,,0,0,0,0,0,0,0,,0,0,0,0,,0,0,0,0,0,FINAL (ENTRADA MANUAL)
18,79,1,0,0,0,,,,0,0,1,0,0,0,0,,0,0,0,0,,0,1,0,1,0,FINAL (ENTRADA MANUAL)
19,1,1,56,206,6,,,,1,0,7,49,140,3,6,,1,3,3,1,,3,0,70,279,605,FINAL (ENTRADA MANUAL)
19,1,2,64,153,26,,,,2,0,10,54,104,13,7,,1,10,7,8,,1,0,51,256,605,FINAL (ENTRADA MANUAL)
19,1,3,41,190,24,,,,0,0,7,33,127,11,3,,8,4,6,4,,0,0,66,262,605,FINAL (ENTRADA MANUAL)
19,1,4,52,159,16,,,,0,0,4,48,120,8,4,,3,5,4,4,,3,0,35,234,605,FINAL (ENTRADA MANUAL)
19,1,5,71,178,9,,,,0,0,4,67,120,5,4,,4,0,8,3,,4,0,51,266,605,FINAL (ENTRADA MANUAL)
19,1,6,66,189,21,,,,1,0,5,56,124,13,2,,2,2,6,4,,0,0,73,282,607,FINAL (ENTRADA MANUAL)
19,2,1,45,112,7,,,,0,0,7,36,88,4,1,,1,1,1,0,,1,0,39,172,435,FINAL (ENTRADA MANUAL)
19,2,2,39,114,4,,,,3,0,2,34,75,4,2,,1,5,2,1,,1,0,38,163,435,FINAL (ENTRADA MANUAL)
19,2,3,50,108,4,,,,0,0,5,44,78,2,4,,1,2,1,1,,1,0,34,168,435,FINAL (ENTRADA MANUAL)
19,2,4,44,94,5,,,,0,0,4,34,70,5,3,,3,0,2,0,,0,0,30,147,436,FINAL (ENTRADA MANUAL)
19,3,1,79,190,14,,,,1,0,2,58,145,7,1,,5,4,5,1,,1,0,60,287,626,FINAL (ENTRADA MANUAL)
19,3,2,57,194,14,,,,0,0,3,40,133,7,2,,3,3,3,6,,1,1,71,270,626,FINAL (ENTRADA MANUAL)
19,3,3,51,177,13,,,,0,1,5,46,115,8,2,,2,9,5,4,,2,1,56,250,627,FINAL (ENTRADA MANUAL)
19,4,1,56,116,1,,,,0,0,4,53,96,0,4,,2,8,1,0,,1,0,13,178,474,FINAL (ENTRADA MANUAL)
19,4,2,45,117,9,,,,0,1,8,35,91,4,8,,0,3,0,3,,2,1,36,183,474,FINAL (ENTRADA MANUAL)
19,4,3,61,96,14,,,,0,0,4,55,76,9,3,,1,3,1,1,,2,0,26,177,475,FINAL (ENTRADA MANUAL)
19,5,1,64,193,19,,,,0,0,11,59,134,13,9,,3,7,4,3,,1,0,55,288,599,FINAL (ENTRADA MANUAL)
19,5,2,59,198,17,,,,0,0,3,54,138,14,3,,3,3,9,1,,2,1,52,280,599,FINAL (ENTRADA MANUAL)
19,5,3,50,189,11,,,,1,0,2,46,159,5,2,,5,6,7,3,,0,0,20,253,599,FINAL (ENTRADA MANUAL)
19,5,4,49,217,17,,,,0,0,7,38,164,14,7,,3,9,1,1,,0,0,53,290,599,FINAL (ENTRADA MANUAL)
19,5,5,66,183,19,,,,0,0,5,55,115,10,3,,1,3,7,7,,4,0,72,277,599,FINAL (ENTRADA MANUAL)
19,5,6,64,193,19,,,,0,0,8,54,117,13,7,,2,4,9,4,,2,0,74,286,599,FINAL (ENTRADA MANUAL)
19,5,7,78,188,14,,,,2,0,4,62,119,9,4,,3,6,4,6,,2,1,73,289,600,FINAL (ENTRADA MANUAL)
19,6,1,57,172,12,,,,0,0,4,48,128,8,3,,4,3,2,2,,2,0,47,247,628,FINAL (ENTRADA MANUAL)
19,6,2,71,153,8,,,,0,0,6,60,111,6,5,,4,6,1,5,,4,1,40,243,628,FINAL (ENTRADA MANUAL)
19,6,3,64,175,4,,,,0,0,3,55,118,3,3,,5,4,1,0,,0,0,57,246,628,FINAL (ENTRADA MANUAL)
19,6,4,65,161,12,,,,0,0,6,59,132,8,4,,2,2,3,2,,3,0,32,247,628,FINAL (ENTRADA MANUAL)
19,6,5,75,158,10,,,,2,0,4,62,107,7,3,,1,2,2,2,,1,0,63,250,628,FINAL (ENTRADA MANUAL)
19,6,6,63,157,15,,,,1,0,2,53,122,11,2,,1,2,0,2,,3,0,45,241,626,FINAL (ENTRADA MANUAL)
19,7,1,30,113,3,,,,0,0,0,22,73,0,0,,1,3,1,0,,2,0,46,148,314,FINAL (ENTRADA MANUAL)
19,7,2,23,104,5,,,,1,0,4,13,73,2,2,,2,0,1,1,,0,0,43,137,313,FINAL (ENTRADA MANUAL)
19,8,1,22,127,1,,,,0,0,3,12,98,0,2,,3,2,1,2,,1,0,33,154,272,FINAL (ENTRADA MANUAL)
19,9,1,60,144,4,,,,0,0,6,41,86,3,4,,1,5,4,3,,0,0,67,214,458,FINAL (ENTRADA MANUAL)
19,9,2,54,158,5,,,,0,0,5,32,116,4,3,,8,6,1,4,,0,0,48,222,458,FINAL (ENTRADA MANUAL)
19,9,3,37,137,4,,,,1,0,4,26,100,3,2,,3,5,0,3,,0,0,41,183,459,FINAL (ENTRADA MANUAL)
19,10,1,69,155,7,,,,1,0,4,61,124,5,3,,0,2,0,1,,2,0,40,238,442,FINAL (ENTRADA MANUAL)
19,10,2,50,186,8,,,,1,0,6,43,154,5,5,,0,0,3,3,,2,0,38,253,442,FINAL (ENTRADA MANUAL)
19,11,1,45,103,5,,,,0,0,6,36,95,3,5,,1,1,0,0,,1,1,18,161,353,FINAL (ENTRADA MANUAL)
19,74,1,49,25,2,,,,0,0,1,42,13,1,0,,2,0,1,1,,0,0,17,77,0,FINAL (ENTRADA MANUAL)
19,74,2,39,33,3,,,,0,0,0,34,30,2,0,,1,0,1,0,,0,0,7,75,0,FINAL (ENTRADA MANUAL)
19,74,3,37,13,4,,,,0,0,0,28,6,3,0,,0,0,0,0,,0,0,17,54,0,FINAL (ENTRADA MANUAL)
19,74,4,45,12,1,,,,0,0,0,36,11,1,0,,4,0,0,0,,0,0,6,58,0,FINAL (ENTRADA MANUAL)
19,74,5,42,14,0,,,,1,0,0,41,11,0,0,,1,1,0,0,,2,0,3,59,0,FINAL (ENTRADA MANUAL)
19,75,1,4,13,0,,,,1,0,1,2,5,0,1,,0,0,0,1,,0,1,10,20,0,FINAL (ENTRADA MANUAL)
19,75,2,14,7,2,,,,0,0,0,14,5,2,0,,0,0,0,0,,0,0,4,25,0,FINAL (ENTRADA MANUAL)
19,75,3,0,0,0,,,,0,0,0,0,0,0,0,,0,0,0,0,,0,0,0,0,0,FINAL (ENTRADA MANUAL)
19,75,4,0,0,0,,,,0,0,0,0,0,0,0,,0,0,0,0,,0,0,0,0,0,FINAL (ENTRADA MANUAL)
19,77,1,134,258,6,,,,2,0,2,131,238,6,2,,4,4,3,1,,0,0,13,402,0,FINAL (ENTRADA MANUAL)
19,77,2,146,255,13,,,,0,0,0,140,233,12,0,,12,4,3,0,,0,0,10,414,0,FINAL (ENTRADA MANUAL)
19,77,3,0,6,0,,,,4,0,0,0,4,0,0,,0,2,0,1,,0,0,3,10,0,FINAL (ENTRADA MANUAL)
19,77,5,0,0,0,,,,0,0,0,0,0,0,0,,0,0,0,0,,0,0,0,0,0,FINAL (ENTRADA MANUAL)
19,78,1,16,52,0,,,,0,0,1,12,36,0,1,,1,0,1,0,,0,0,18,69,0,FINAL (ENTRADA MANUAL)
19,78,2,0,0,0,,,,0,0,0,0,0,0,0,,0,0,0,0,,0,0,0,0,0,FINAL (ENTRADA MANUAL)
19,78,3,0,0,0,,,,0,0,0,0,0,0,0,,0,0,0,0,,0,0,0,0,0,FINAL (ENTRADA MANUAL)
19,79,1,0,1,0,,,,0,0,0,0,0,0,0,,0,0,0,1,,0,0,0,1,0,FINAL (ENTRADA MANUAL)
20,1,1,103,170,2,,,,0,0,0,90,137,2,,,2,3,1,,,1,0,40,276,610,FINAL (ENTRADA MANUAL)
20,1,2,103,154,8,,,,1,0,1,80,101,7,,,7,4,2,,,1,1,66,269,610,FINAL (ENTRADA MANUAL)
20,2,1,97,200,4,,,,0,0,0,79,127,4,,,5,4,1,,,2,0,81,303,577,FINAL (ENTRADA MANUAL)
20,2,2,85,208,2,,,,0,0,0,66,136,2,,,4,5,1,,,0,0,81,295,577,FINAL (ENTRADA MANUAL)
20,2,3,100,200,4,,,,0,0,1,83,137,3,,,1,7,0,,,0,0,74,305,577,FINAL (ENTRADA MANUAL)
20,2,4,81,214,5,,,,0,0,1,66,137,4,,,5,9,2,,,0,0,78,301,577,FINAL (ENTRADA MANUAL)
20,3,1,49,253,11,,,,0,0,1,32,172,8,,,5,4,2,,,3,0,91,317,589,FINAL (ENTRADA MANUAL)
20,3,2,59,239,4,,,,0,0,2,49,162,2,,,0,3,1,,,0,0,87,304,589,FINAL (ENTRADA MANUAL)
20,3,3,35,261,5,,,,0,0,0,26,176,1,,,4,32,1,,,2,0,61,303,590,FINAL (ENTRADA MANUAL)
20,4,1,84,186,1,,,,0,0,0,66,126,1,,,1,2,2,,,0,0,73,271,581,FINAL (ENTRADA MANUAL)
20,4,2,86,180,2,,,,0,0,0,73,122,2,,,0,7,1,,,0,0,63,268,581,FINAL (ENTRADA MANUAL)
20,4,3,86,179,2,,,,0,1,1,75,130,1,,,1,2,2,,,0,0,58,269,581,FINAL (ENTRADA MANUAL)
20,4,4,84,184,4,,,,1,0,0,71,133,2,,,4,5,3,,,3,0,55,276,582,FINAL (ENTRADA MANUAL)
20,5,1,54,150,5,,,,1,0,0,40,111,4,,,3,7,0,,,4,0,45,214,476,FINAL (ENTRADA MANUAL)
20,5,2,73,177,2,,,,0,0,1,62,132,2,,,2,3,2,,,1,0,50,254,476,FINAL (ENTRADA MANUAL)
20,5,3,78,151,4,,,,0,0,0,68,112,4,,,4,2,0,,,0,0,43,233,476,FINAL (ENTRADA MANUAL)
20,5,4,65,158,5,,,,0,0,3,51,106,3,,,0,4,1,,,1,0,66,232,474,FINAL (ENTRADA MANUAL)
20,6,1,66,176,4,,,,0,0,0,54,113,4,,,4,8,0,,,1,0,63,247,542,FINAL (ENTRADA MANUAL)
20,6,2,66,206,2,,,,0,0,0,57,130,2,,,2,9,1,,,2,0,73,276,542,FINAL (ENTRADA MANUAL)
20,6,3,59,233,3,,,,0,0,0,47,172,2,,,5,14,3,,,0,0,52,295,542,FINAL (ENTRADA MANUAL)
20,6,4,57,183,3,,,,0,0,2,47,110,3,,,5,7,2,,,1,0,71,246,542,FINAL (ENTRADA MANUAL)
20,6,5,72,147,7,,,,0,0,0,59,85,5,,,3,7,1,,,1,0,66,227,542,FINAL (ENTRADA MANUAL)
20,6,6,84,207,6,,,,0,0,0,67,126,5,,,4,14,1,,,1,0,80,298,544,FINAL (ENTRADA MANUAL)
20,7,1,100,190,9,,,,0,0,0,84,133,9,,,2,5,1,,,0,0,65,299,569,FINAL (ENTRADA MANUAL)
20,7,2,94,201,4,,,,0,0,0,82,156,3,,,4,7,3,,,1,0,44,300,569,FINAL (ENTRADA MANUAL)
20,7,3,82,169,1,,,,0,0,0,71,124,1,,,4,8,1,,,0,0,43,252,569,FINAL (ENTRADA MANUAL)
20,7,4,99,198,3,,,,0,0,1,80,144,1,,,2,5,1,,,0,0,68,301,569,FINAL (ENTRADA MANUAL)
20,7,5,89,199,6,,,,0,0,0,76,150,4,,,2,5,3,,,0,0,54,294,570,FINAL (ENTRADA MANUAL)
20,8,1,45,226,2,,,,0,0,1,35,164,1,,,6,2,1,,,0,0,65,274,512,FINAL (ENTRADA MANUAL)
20,8,2,47,195,1,,,,0,0,0,41,138,1,,,1,2,0,,,0,0,60,243,512,FINAL (ENTRADA MANUAL)
20,8,3,65,207,0,,,,0,0,0,59,160,0,,,0,7,0,,,1,0,46,273,513,FINAL (ENTRADA MANUAL)
20,9,1,35,132,1,,,,0,0,0,28,83,1,,,2,6,0,,,3,0,48,171,287,FINAL (ENTRADA MANUAL)
20,10,1,68,114,3,,,,1,0,0,62,98,3,,,0,2,0,,,1,0,21,187,398,FINAL (ENTRADA MANUAL)
20,10,2,61,119,4,,,,1,0,1,50,100,3,,,2,1,2,,,2,0,28,188,397,FINAL (ENTRADA MANUAL)
20,11,1,129,79,5,,,,0,0,0,125,68,4,,,1,0,0,,,1,0,15,214,369,FINAL (ENTRADA MANUAL)
20,12,1,89,107,3,,,,0,0,0,84,86,3,,,0,3,0,,,1,1,23,201,324,FINAL (ENTRADA MANUAL)
20,12,2,73,115,2,,,,1,0,0,64,97,1,,,1,1,0,,,2,0,27,193,325,FINAL (ENTRADA MANUAL)
20,13,1,101,93,2,,,,0,0,0,86,60,2,,,3,3,0,,,2,0,42,198,399,FINAL (ENTRADA MANUAL)
20,13,2,132,86,2,,,,0,0,0,117,61,0,,,1,0,0,,,1,0,41,221,399,FINAL (ENTRADA MANUAL)
20,14,1,101,167,2,,,,1,0,0,84,134,2,,,2,3,1,,,0,0,45,271,516,FINAL (ENTRADA MANUAL)
20,14,2,83,187,2,,,,1,0,0,71,137,1,,,5,3,1,,,1,0,55,274,516,FINAL (ENTRADA MANUAL)
20,14,3,75,152,1,,,,0,0,1,61,109,1,,,2,3,1,,,2,0,52,231,516,FINAL (ENTRADA MANUAL)
20,14,4,80,159,3,,,,0,0,0,69,122,1,,,3,3,3,,,2,0,41,244,514,FINAL (ENTRADA MANUAL)
20,74,1,28,26,0,,,,0,0,0,25,25,0,,,0,0,0,,,0,0,4,54,0,FINAL (ENTRADA MANUAL)
20,74,2,54,49,1,,,,0,0,0,48,39,1,,,3,3,1,,,0,0,9,104,0,FINAL (ENTRADA MANUAL)
20,74,3,47,56,2,,,,1,0,0,41,49,2,,,2,0,0,,,0,0,12,106,0,FINAL (ENTRADA MANUAL)
20,74,4,40,70,0,,,,0,0,2,38,59,0,,,0,1,0,,,0,0,14,112,0,FINAL (ENTRADA MANUAL)
20,74,5,51,58,1,,,,0,0,0,47,53,1,,,1,1,0,,,0,0,7,110,0,FINAL (ENTRADA MANUAL)
20,74,6,44,13,0,,,,0,0,0,41,12,0,,,1,0,0,,,1,0,3,58,0,FINAL (ENTRADA MANUAL)
20,74,7,72,27,0,,,,0,0,0,72,25,0,,,1,1,0,,,0,0,0,99,0,FINAL (ENTRADA MANUAL)
20,74,8,36,43,0,,,,0,0,0,29,32,0,,,2,2,0,,,0,0,14,79,0,FINAL (ENTRADA MANUAL)
20,74,9,41,34,0,,,,0,0,0,40,26,0,,,0,1,0,,,0,0,8,75,0,FINAL (ENTRADA MANUAL)
20,74,10,0,0,0,,,,0,0,0,0,0,0,,,0,0,0,,,0,0,0,0,0,FINAL (ENTRADA MANUAL)
20,74,11,0,0,0,,,,0,0,0,0,0,0,,,0,0,0,,,0,0,0,0,0,FINAL (ENTRADA MANUAL)
20,75,1,10,15,1,,,,1,0,0,5,5,0,,,0,2,1,,,0,1,14,28,0,FINAL (ENTRADA MANUAL)
20,75,2,0,0,0,,,,0,0,0,0,0,0,,,0,0,0,,,0,0,0,0,0,FINAL (ENTRADA MANUAL)
20,77,1,371,582,1,,,,0,0,0,362,555,1,,,12,12,3,,,0,0,9,954,0,FINAL (ENTRADA MANUAL)
20,77,2,99,175,1,,,,0,0,0,97,166,1,,,7,1,0,,,0,0,3,275,0,FINAL (ENTRADA MANUAL)
20,77,3,2,1,0,,,,0,0,0,1,1,0,,,0,0,0,,,0,0,1,3,0,FINAL (ENTRADA MANUAL)
20,77,5,0,0,0,,,,0,0,0,0,0,0,,,0,0,0,,,0,0,0,0,0,FINAL (ENTRADA MANUAL)
20,78,1,9,19,0,,,,0,0,0,7,11,0,,,0,1,0,,,1,8,9,37,0,FINAL (ENTRADA MANUAL)
20,78,2,0,0,0,,,,0,0,0,0,0,0,,,0,0,0,,,0,0,0,0,0,FINAL (ENTRADA MANUAL)
20,78,3,0,0,0,,,,0,0,0,0,0,0,,,0,0,0,,,0,0,0,0,0,FINAL (ENTRADA MANUAL)
21,1,1,118,82,13,,,,7,1,3,72,47,7,3,,6,0,5,1,,6,0,83,230,475,FINAL (ENTRADA MANUAL)
21,2,1,130,73,17,,,,6,0,4,96,50,12,4,,4,3,6,2,,1,0,53,231,513,FINAL (ENTRADA MANUAL)
21,2,2,128,54,11,,,,11,0,10,98,30,8,5,,3,5,3,1,,3,0,61,217,513,FINAL (ENTRADA MANUAL)
21,2,3,122,60,9,,,,15,0,6,83,43,5,3,,6,2,2,2,,5,0,66,217,513,FINAL (ENTRADA MANUAL)
21,2,4,130,57,17,,,,7,0,8,99,42,11,3,,6,3,4,0,,4,0,51,223,513,FINAL (ENTRADA MANUAL)
21,2,5,123,56,13,,,,11,0,9,78,36,6,6,,4,0,4,2,,2,0,76,214,512,FINAL (ENTRADA MANUAL)
21,3,1,182,67,21,,,,8,0,4,137,49,6,3,,5,1,11,1,,5,0,69,287,605,FINAL (ENTRADA MANUAL)
21,3,2,169,61,16,,,,7,0,5,129,44,6,2,,2,6,6,5,,6,0,58,264,605,FINAL (ENTRADA MANUAL)
21,3,3,157,46,15,,,,8,0,10,112,34,12,8,,1,4,1,1,,2,1,63,239,605,FINAL (ENTRADA MANUAL)
21,4,1,148,51,19,,,,11,1,4,109,36,13,2,,1,2,2,1,,3,0,68,237,482,FINAL (ENTRADA MANUAL)
21,4,2,155,42,19,,,,22,1,14,109,28,13,7,,7,0,2,3,,1,0,84,254,481,FINAL (ENTRADA MANUAL)
21,5,1,148,62,18,,,,9,0,7,91,43,11,6,,5,5,2,3,,3,1,78,248,547,FINAL (ENTRADA MANUAL)
21,5,2,127,78,11,,,,7,0,4,88,52,4,3,,3,4,2,2,,0,0,69,227,547,FINAL (ENTRADA MANUAL)
21,5,3,136,71,14,,,,7,0,4,87,55,11,3,,3,4,3,2,,0,0,64,232,547,FINAL (ENTRADA MANUAL)
21,5,4,131,44,12,,,,15,0,6,83,32,7,5,,6,3,1,2,,3,0,69,211,547,FINAL (ENTRADA MANUAL)
21,5,5,122,59,20,,,,11,3,3,63,39,10,2,,3,2,1,0,,4,0,98,222,546,FINAL (ENTRADA MANUAL)
21,6,1,158,60,12,,,,8,0,10,85,45,7,4,,1,5,3,5,,1,0,93,248,512,FINAL (ENTRADA MANUAL)
21,6,2,165,49,12,,,,5,0,5,101,33,4,3,,4,1,2,0,,3,1,88,240,512,FINAL (ENTRADA MANUAL)
21,6,3,165,50,12,,,,6,0,5,101,33,4,3,,4,1,2,0,,2,1,90,241,512,FINAL (ENTRADA MANUAL)
21,6,4,163,49,11,,,,8,0,10,117,40,5,6,,6,1,3,2,,3,1,61,245,511,FINAL (ENTRADA MANUAL)
21,7,1,143,54,18,,,,8,0,6,102,41,9,5,,2,5,2,1,,2,0,62,231,484,FINAL (ENTRADA MANUAL)
21,7,2,131,56,18,,,,5,0,7,89,37,12,6,,4,3,1,4,,3,0,61,220,484,FINAL (ENTRADA MANUAL)
21,7,3,156,55,9,,,,11,0,7,98,32,2,7,,3,2,6,6,,2,0,82,240,484,FINAL (ENTRADA MANUAL)
21,7,4,169,41,14,,,,2,0,5,101,27,6,4,,3,2,2,0,,1,0,86,232,483,FINAL (ENTRADA MANUAL)
21,74,1,55,15,3,,,,2,0,0,43,10,2,0,,1,1,1,0,,0,0,17,75,0,FINAL (ENTRADA MANUAL)
21,74,2,65,8,2,,,,11,0,0,58,3,1,0,,0,1,1,0,,0,0,22,86,0,FINAL (ENTRADA MANUAL)
21,74,3,36,15,1,,,,1,0,0,29,13,0,0,,0,0,0,1,,0,0,10,53,0,FINAL (ENTRADA MANUAL)
21,74,4,31,12,1,,,,2,0,0,28,9,1,0,,0,1,0,0,,1,0,7,47,0,FINAL (ENTRADA MANUAL)
21,75,1,3,2,0,,,,0,0,0,2,1,0,0,,0,0,0,0,,0,0,2,5,0,FINAL (ENTRADA MANUAL)
21,75,2,1,0,0,,,,0,0,0,1,0,0,0,,0,0,0,0,,0,0,0,1,0,FINAL (ENTRADA MANUAL)
21,77,1,306,175,11,,,,2,0,7,247,151,7,3,,8,5,0,0,,3,0,80,504,0,FINAL (ENTRADA MANUAL)
21,77,2,63,23,1,,,,1,0,1,63,23,1,1,,1,0,0,0,,0,0,0,89,0,FINAL (ENTRADA MANUAL)
21,77,3,6,0,0,,,,1,0,0,3,0,0,0,,0,0,0,0,,0,0,4,7,0,FINAL (ENTRADA MANUAL)
21,77,5,0,0,0,,,,0,0,0,0,0,0,0,,0,0,0,0,,0,0,0,0,0,FINAL (ENTRADA MANUAL)
21,78,1,1,0,0,,,,0,0,0,0,0,0,0,,0,0,0,0,,0,0,1,1,0,FINAL (ENTRADA MANUAL)
21,78,2,0,0,0,,,,0,0,0,0,0,0,0,,0,0,0,0,,0,0,0,0,0,FINAL (ENTRADA MANUAL)
21,78,3,0,0,0,,,,0,0,0,0,0,0,0,,0,0,0,0,,0,0,0,0,0,FINAL (ENTRADA MANUAL)
21,79,1,0,0,0,,,,14,2,0,0,0,0,0,,5,0,0,0,,0,2,9,16,0,FINAL (ENTRADA MANUAL)
22,1,1,120,72,5,,,,15,0,4,100,53,4,2,,6,3,0,0,,2,0,48,218,480,FINAL (ENTRADA MANUAL)
22,1,2,94,69,13,,,,16,1,7,52,50,5,4,,3,1,6,4,,2,0,75,202,480,FINAL (ENTRADA MANUAL)
22,1,3,101,71,5,,,,16,1,6,67,50,3,2,,4,1,2,1,,3,0,70,203,480,FINAL (ENTRADA MANUAL)
22,2,1,139,55,1,,,,17,0,3,94,33,1,3,,3,4,0,0,,1,0,77,216,510,FINAL (ENTRADA MANUAL)
22,2,2,146,70,1,,,,9,0,3,124,59,1,2,,2,1,1,1,,2,0,38,231,510,FINAL (ENTRADA MANUAL)
22,2,3,134,49,0,,,,7,0,2,103,33,0,1,,2,2,0,1,,4,0,50,196,510,FINAL (ENTRADA MANUAL)
22,3,1,150,56,27,,,,13,0,10,109,35,10,7,,6,5,11,5,,3,0,68,259,509,FINAL (ENTRADA MANUAL)
22,3,2,143,63,15,,,,4,1,12,102,41,11,8,,5,3,0,3,,3,0,65,241,509,FINAL (ENTRADA MANUAL)
22,3,3,146,56,27,,,,12,0,7,92,40,16,5,,5,4,6,5,,1,0,75,249,509,FINAL (ENTRADA MANUAL)
22,3,4,151,48,26,,,,11,0,3,100,30,14,2,,6,1,5,1,,3,0,80,242,509,FINAL (ENTRADA MANUAL)
22,3,5,132,51,17,,,,7,0,6,92,38,11,4,,3,3,4,2,,0,0,56,213,509,FINAL (ENTRADA MANUAL)
22,4,1,114,64,8,,,,9,0,3,81,48,6,2,,5,3,2,3,,2,0,48,200,366,FINAL (ENTRADA MANUAL)
22,4,2,96,68,1,,,,9,0,6,73,55,0,3,,1,1,0,0,,2,0,47,182,367,FINAL (ENTRADA MANUAL)
22,5,1,133,95,14,,,,7,0,12,82,72,11,7,,13,2,1,2,,2,0,71,263,596,FINAL (ENTRADA MANUAL)
22,5,2,122,94,18,,,,13,0,5,103,72,12,3,,6,0,3,1,,1,0,52,253,596,FINAL (ENTRADA MANUAL)
22,6,1,128,85,13,,,,8,0,6,98,47,8,4,,6,3,1,3,,3,0,70,243,692,FINAL (ENTRADA MANUAL)
22,6,2,141,97,11,,,,6,0,2,97,53,7,1,,3,6,2,1,,4,0,87,261,692,FINAL (ENTRADA MANUAL)
22,6,3,129,97,12,,,,4,1,3,94,64,6,2,,4,2,3,1,,3,0,70,249,692,FINAL (ENTRADA MANUAL)
22,6,4,120,79,9,,,,8,0,5,85,58,5,3,,7,4,3,1,,1,0,55,222,692,FINAL (ENTRADA MANUAL)
22,7,1,156,67,8,,,,8,0,2,115,56,5,1,,2,4,0,1,,3,0,57,244,582,FINAL (ENTRADA MANUAL)
22,7,2,167,64,8,,,,3,0,6,131,47,6,6,,3,2,1,3,,6,0,49,254,582,FINAL (ENTRADA MANUAL)
22,8,1,133,65,17,,,,6,0,3,84,42,14,2,,4,4,3,3,,4,0,68,228,559,FINAL (ENTRADA MANUAL)
22,8,2,134,59,20,,,,8,0,0,97,41,15,0,,4,0,3,2,,0,0,59,221,559,FINAL (ENTRADA MANUAL)
22,8,3,124,69,15,,,,2,0,2,90,52,11,2,,3,5,2,2,,4,0,45,216,558,FINAL (ENTRADA MANUAL)
22,9,1,154,66,7,,,,5,1,1,114,48,6,0,,2,5,1,0,,3,0,58,237,579,FINAL (ENTRADA MANUAL)
22,9,2,127,60,8,,,,5,0,3,85,46,4,3,,3,3,0,4,,4,0,55,207,579,FINAL (ENTRADA MANUAL)
22,9,3,150,67,8,,,,3,0,5,107,45,5,3,,5,3,4,1,,2,0,60,235,579,FINAL (ENTRADA MANUAL)
22,9,4,137,72,9,,,,9,1,5,88,53,5,3,,4,3,1,5,,1,0,71,234,580,FINAL (ENTRADA MANUAL)
22,74,1,40,15,5,,,,0,0,2,36,12,5,2,,1,1,0,0,,0,0,5,62,0,FINAL (ENTRADA MANUAL)
22,74,2,40,33,0,,,,1,0,0,31,29,0,0,,0,2,0,0,,0,0,12,74,0,FINAL (ENTRADA MANUAL)
22,74,3,31,33,1,,,,1,0,1,22,22,1,1,,1,3,0,0,,1,0,17,68,0,FINAL (ENTRADA MANUAL)
22,74,4,19,21,1,,,,0,0,0,17,19,1,0,,1,1,0,0,,0,0,2,41,0,FINAL (ENTRADA MANUAL)
22,75,1,5,4,1,,,,10,2,0,1,1,0,0,,1,1,1,1,,0,2,14,22,0,FINAL (ENTRADA MANUAL)
22,75,2,0,1,0,,,,0,0,0,0,1,0,0,,0,0,0,0,,0,0,0,1,0,FINAL (ENTRADA MANUAL)
22,75,3,0,0,0,,,,1,0,0,0,0,0,0,,0,0,0,0,,0,0,1,1,0,FINAL (ENTRADA MANUAL)
22,77,1,272,195,11,,,,0,0,4,261,191,11,4,,2,8,0,0,,0,0,5,482,0,FINAL (ENTRADA MANUAL)
22,77,2,147,46,9,,,,0,0,3,142,45,8,3,,1,5,1,0,,0,0,0,205,0,FINAL (ENTRADA MANUAL)
22,77,3,216,84,9,,,,20,8,5,79,49,3,0,,0,0,0,0,,6,5,77,348,0,FINAL (ENTRADA MANUAL)
22,77,5,0,0,0,,,,0,0,0,0,0,0,0,,0,0,0,0,,0,0,0,0,0,FINAL (ENTRADA MANUAL)
22,78,1,2,1,1,,,,0,0,0,1,1,1,0,,0,1,0,0,,0,0,0,3,0,FINAL (ENTRADA MANUAL)
22,78,2,0,0,0,,,,0,0,0,0,0,0,0,,0,0,0,0,,0,0,0,0,0,FINAL (ENTRADA MANUAL)
22,78,3,0,0,0,,,,0,0,0,0,0,0,0,,0,0,0,0,,0,0,0,0,0,FINAL (ENTRADA MANUAL)
23,1,1,101,100,15,,,12,0,0,2,77,82,5,2,,6,7,3,0,,1,0,48,231,558,FINAL (ENTRADA MANUAL)
23,1,2,106,106,6,,,13,1,0,2,77,83,6,2,,4,5,0,1,,1,0,56,235,558,FINAL (ENTRADA MANUAL)
23,1,3,78,124,7,,,21,1,0,0,52,97,4,0,,3,7,3,1,,2,0,64,233,558,FINAL (ENTRADA MANUAL)
23,1,4,134,74,5,,,21,0,0,3,102,62,2,3,,5,7,3,1,,1,1,52,239,556,FINAL (ENTRADA MANUAL)
23,2,1,91,97,2,,,21,0,0,3,56,81,2,1,,3,4,0,1,,0,0,66,214,475,FINAL (ENTRADA MANUAL)
23,2,2,74,104,5,,,11,0,0,2,62,88,2,2,,1,3,4,1,,2,0,33,198,475,FINAL (ENTRADA MANUAL)
23,2,3,88,87,4,,,12,0,0,0,72,66,3,0,,2,0,0,1,,1,0,47,192,475,FINAL (ENTRADA MANUAL)
23,2,4,74,104,3,,,19,2,0,3,54,87,2,3,,2,5,0,2,,2,0,50,207,475,FINAL (ENTRADA MANUAL)
23,2,5,94,90,5,,,17,1,1,3,65,68,2,3,,2,2,0,2,,0,0,67,211,476,FINAL (ENTRADA MANUAL)
23,3,1,96,61,5,,,11,0,0,0,74,39,2,0,,5,4,0,3,,3,0,46,176,396,FINAL (ENTRADA MANUAL)
23,3,2,92,66,8,,,5,1,0,2,63,44,7,0,,5,1,0,1,,2,0,53,176,396,FINAL (ENTRADA MANUAL)
23,3,3,88,76,5,,,14,1,0,4,61,49,3,3,,6,9,0,4,,2,0,53,190,396,FINAL (ENTRADA MANUAL)
23,4,1,100,91,7,,,6,1,0,7,72,72,3,4,,3,2,3,1,,0,0,52,212,439,FINAL (ENTRADA MANUAL)
23,4,2,90,102,5,,,15,0,0,2,71,84,3,1,,8,7,0,1,,0,0,39,214,439,FINAL (ENTRADA MANUAL)
23,4,3,108,102,1,,,6,0,0,1,83,83,1,1,,5,3,2,0,,2,0,40,220,439,FINAL (ENTRADA MANUAL)
23,5,1,117,108,4,,,28,1,0,0,89,81,3,0,,5,3,1,5,,2,0,71,260,535,FINAL (ENTRADA MANUAL)
23,5,2,95,105,5,,,42,1,0,0,71,93,4,0,,8,5,0,4,,0,0,63,248,535,FINAL (ENTRADA MANUAL)
23,5,3,131,79,2,,,34,0,0,2,107,61,1,1,,4,1,0,0,,1,0,73,249,535,FINAL (ENTRADA MANUAL)
23,5,4,108,132,3,,,23,0,0,2,78,117,2,1,,5,1,3,1,,1,0,60,269,535,FINAL (ENTRADA MANUAL)
23,6,1,112,101,2,,,14,2,0,2,88,79,0,1,,3,4,2,3,,0,0,53,233,446,FINAL (ENTRADA MANUAL)
23,6,2,130,106,6,,,20,5,0,4,97,85,1,2,,2,8,3,2,,1,2,71,274,446,FINAL (ENTRADA MANUAL)
23,6,3,109,105,1,,,13,1,0,4,84,89,1,1,,2,11,0,0,,2,0,45,235,446,FINAL (ENTRADA MANUAL)
23,7,1,165,51,3,,,16,0,0,0,129,44,1,0,,4,1,1,2,,1,0,53,236,512,FINAL (ENTRADA MANUAL)
23,7,2,173,34,6,,,20,0,0,6,142,26,1,3,,5,2,0,1,,1,0,59,240,512,FINAL (ENTRADA MANUAL)
23,8,1,32,24,1,,,0,0,0,2,26,20,1,1,,0,1,0,0,,0,0,10,59,119,FINAL (ENTRADA MANUAL)
23,9,1,81,191,2,,,5,1,0,1,63,154,0,1,,6,3,1,0,,1,0,53,282,478,FINAL (ENTRADA MANUAL)
23,9,2,94,159,3,,,12,1,0,2,72,142,1,2,,0,2,1,1,,2,0,50,273,479,FINAL (ENTRADA MANUAL)
23,10,1,62,139,1,,,2,2,0,0,53,114,1,0,,5,3,0,1,,4,0,29,210,387,FINAL (ENTRADA MANUAL)
23,11,1,119,85,26,,,7,0,0,1,95,68,21,1,,5,4,1,0,,2,0,43,240,512,FINAL (ENTRADA MANUAL)
23,11,2,135,96,22,,,12,1,0,2,91,77,12,2,,4,0,2,4,,2,0,76,270,512,FINAL (ENTRADA MANUAL)
23,11,3,132,111,14,,,5,1,0,1,94,80,10,0,,9,0,0,0,,3,0,71,267,513,FINAL (ENTRADA MANUAL)
23,74,1,44,29,3,,,1,0,0,1,40,24,1,0,,1,2,0,0,,0,0,10,78,0,FINAL (ENTRADA MANUAL)
23,74,2,50,28,1,,,2,2,0,0,45,26,1,0,,3,1,0,0,,0,0,7,83,0,FINAL (ENTRADA MANUAL)
23,74,3,48,23,1,,,2,2,0,0,43,20,1,0,,0,0,0,0,,0,0,12,76,0,FINAL (ENTRADA MANUAL)
23,74,4,49,23,0,,,2,0,0,1,46,18,0,0,,1,0,0,0,,0,0,10,75,0,FINAL (ENTRADA MANUAL)
23,74,5,46,24,1,,,6,0,0,1,37,22,1,1,,3,1,0,0,,0,0,13,78,0,FINAL (ENTRADA MANUAL)
23,74,6,34,4,0,,,1,0,0,0,31,4,0,0,,0,0,0,0,,0,0,4,39,0,FINAL (ENTRADA MANUAL)
23,75,1,1,2,0,,,0,0,0,0,1,1,0,0,,0,0,0,0,,0,0,1,3,0,FINAL (ENTRADA MANUAL)
23,75,2,0,0,0,,,0,0,0,0,0,0,0,0,,0,0,0,0,,0,0,0,0,0,FINAL (ENTRADA MANUAL)
23,77,1,435,297,11,,,15,0,0,1,373,255,8,0,,3,5,4,0,,4,1,111,764,0,FINAL (ENTRADA MANUAL)
23,77,2,218,158,4,,,11,0,0,1,205,149,2,0,,0,2,1,0,,3,0,33,395,0,FINAL (ENTRADA MANUAL)
23,77,3,66,48,2,,,13,0,0,3,36,22,0,0,,4,1,0,0,,13,14,70,160,0,FINAL (ENTRADA MANUAL)
23,77,5,0,0,0,,,0,0,0,0,0,0,0,0,,0,0,0,0,,0,0,0,0,0,FINAL (ENTRADA MANUAL)
23,78,1,21,26,0,,,2,0,0,0,16,22,0,0,,0,0,0,1,,1,2,10,52,0,FINAL (ENTRADA MANUAL)
23,78,2,0,0,0,,,0,0,0,0,0,0,0,0,,0,0,0,0,,0,0,0,0,0,FINAL (ENTRADA MANUAL)
23,78,3,0,0,0,,,0,0,0,0,0,0,0,0,,0,0,0,0,,0,0,0,0,0,FINAL (ENTRADA MANUAL)
24,1,1,160,84,9,,,,0,0,0,117,55,5,,,1,1,0,,,3,0,74,256,586,FINAL (ENTRADA MANUAL)
24,1,2,173,72,15,,,,1,0,0,135,52,7,,,2,1,0,,,3,0,64,264,586,FINAL (ENTRADA MANUAL)
24,2,1,127,55,9,,,,0,0,0,84,46,6,,,2,1,2,,,0,0,50,191,456,FINAL (ENTRADA MANUAL)
24,2,2,126,32,8,,,,0,0,2,90,24,7,,,2,0,0,,,5,0,45,173,456,FINAL (ENTRADA MANUAL)
24,2,3,147,48,10,,,,0,0,0,99,28,6,,,3,1,0,,,2,0,68,207,456,FINAL (ENTRADA MANUAL)
24,2,4,128,39,6,,,,0,1,0,80,28,3,,,3,3,1,,,3,0,56,177,456,FINAL (ENTRADA MANUAL)
24,3,1,178,41,21,,,,0,1,3,128,26,14,,,2,4,1,,,1,0,69,245,591,FINAL (ENTRADA MANUAL)
24,3,2,174,44,18,,,,0,0,0,120,31,11,,,3,2,2,,,3,0,67,239,591,FINAL (ENTRADA MANUAL)
24,3,3,179,31,14,,,,0,0,2,126,24,8,,,5,3,3,,,3,1,57,230,591,FINAL (ENTRADA MANUAL)
24,3,4,200,51,21,,,,0,0,0,166,39,10,,,1,0,3,,,1,0,53,273,590,FINAL (ENTRADA MANUAL)
24,4,1,140,50,14,,,,0,1,2,99,40,12,,,3,3,1,,,1,0,49,208,526,FINAL (ENTRADA MANUAL)
24,4,2,145,35,15,,,,0,0,0,105,26,11,,,2,2,0,,,4,0,49,199,526,FINAL (ENTRADA MANUAL)
24,4,3,154,27,11,,,,1,0,1,106,20,6,,,2,4,0,,,3,0,56,197,525,FINAL (ENTRADA MANUAL)
24,5,1,160,32,17,,,,0,0,2,105,22,14,,,0,1,0,,,0,0,69,211,537,FINAL (ENTRADA MANUAL)
24,5,2,172,53,29,,,,0,0,0,126,45,21,,,1,1,0,,,0,0,60,254,537,FINAL (ENTRADA MANUAL)
24,6,1,188,47,19,,,,0,0,0,130,34,13,,,4,1,0,,,4,1,72,259,585,FINAL (ENTRADA MANUAL)
24,7,1,207,91,17,,,,1,0,1,179,66,10,,,2,1,2,,,4,0,57,321,548,FINAL (ENTRADA MANUAL)
24,74,1,44,12,2,,,,0,0,0,41,10,2,,,0,0,0,,,0,0,5,58,0,FINAL (ENTRADA MANUAL)
24,74,2,29,6,0,,,,0,0,0,20,6,0,,,0,0,0,,,0,0,9,35,0,FINAL (ENTRADA MANUAL)
24,74,3,54,22,4,,,,0,0,0,42,21,4,,,0,0,0,,,0,0,13,80,0,FINAL (ENTRADA MANUAL)
24,74,4,59,12,3,,,,0,0,0,51,10,3,,,0,0,0,,,0,0,10,74,0,FINAL (ENTRADA MANUAL)
24,75,1,1,2,0,,,,0,0,0,1,0,0,,,0,0,0,,,0,0,2,3,0,FINAL (ENTRADA MANUAL)
24,77,1,329,148,15,,,,0,0,0,314,145,13,,,3,8,2,,,0,0,7,492,0,FINAL (ENTRADA MANUAL)
24,77,2,0,0,0,,,,0,0,0,0,0,0,,,0,0,0,,,0,0,0,0,0,FINAL (ENTRADA MANUAL)
24,77,3,173,50,7,,,,0,0,0,31,18,1,,,1,1,1,,,3,5,181,242,0,FINAL (ENTRADA MANUAL)
24,77,5,0,0,0,,,,0,0,0,0,0,0,,,0,0,0,,,0,0,0,0,0,FINAL (ENTRADA MANUAL)
24,78,1,0,0,0,,,,0,0,0,0,0,0,,,0,0,0,,,0,0,0,0,0,FINAL (ENTRADA MANUAL)
24,78,2,0,0,0,,,,0,0,0,0,0,0,,,0,0,0,,,0,0,0,0,0,FINAL (ENTRADA MANUAL)
24,78,3,0,0,0,,,,0,0,0,0,0,0,,,0,0,0,,,0,0,0,0,0,FINAL (ENTRADA MANUAL)
25,1,1,53,191,3,,,,1,1,1,38,125,1,,,3,9,0,,,1,0,74,251,510,FINAL (ENTRADA MANUAL)
25,1,2,51,175,4,,,,1,0,0,32,114,2,,,5,6,1,,,3,0,71,234,510,FINAL (ENTRADA MANUAL)
25,1,3,51,181,5,,,,0,0,1,38,115,5,,,7,12,1,,,2,0,60,240,510,FINAL (ENTRADA MANUAL)
25,1,4,55,197,7,,,,1,0,3,42,127,6,,,3,13,1,,,2,0,71,265,510,FINAL (ENTRADA MANUAL)
25,1,5,44,183,6,,,,0,0,1,33,101,5,,,2,11,0,,,0,1,82,235,510,FINAL (ENTRADA MANUAL)
25,1,6,48,201,8,,,,0,1,1,32,132,7,,,3,8,1,,,1,0,76,260,508,FINAL (ENTRADA MANUAL)
25,2,1,56,171,6,,,,0,0,0,42,115,3,,,7,3,0,,,1,0,63,234,498,FINAL (ENTRADA MANUAL)
25,2,2,74,152,2,,,,0,0,0,45,99,1,,,5,4,2,,,2,0,72,230,498,FINAL (ENTRADA MANUAL)
25,2,3,49,183,4,,,,1,0,0,38,137,3,,,2,4,2,,,0,0,51,237,498,FINAL (ENTRADA MANUAL)
25,2,4,59,175,2,,,,0,0,0,46,118,1,,,2,1,3,,,0,0,65,236,498,FINAL (ENTRADA MANUAL)
25,2,5,31,180,2,,,,0,0,0,23,126,1,,,1,5,0,,,0,0,57,213,500,FINAL (ENTRADA MANUAL)
25,3,1,52,140,9,,,,1,0,1,36,99,7,,,4,7,1,,,0,0,49,203,471,FINAL (ENTRADA MANUAL)
25,3,2,58,154,2,,,,2,0,0,45,96,1,,,0,4,0,,,0,0,70,216,471,FINAL (ENTRADA MANUAL)
25,3,3,53,151,4,,,,0,0,1,40,110,2,,,4,5,1,,,0,0,47,209,471,FINAL (ENTRADA MANUAL)
25,3,4,50,157,3,,,,1,0,0,34,131,3,,,4,3,0,,,0,0,36,211,470,FINAL (ENTRADA MANUAL)
25,4,1,55,150,2,,,,0,0,2,39,91,1,,,3,16,0,,,0,0,59,209,462,FINAL (ENTRADA MANUAL)
25,4,2,51,132,0,,,,0,1,2,35,92,0,,,5,9,0,,,0,0,45,186,462,FINAL (ENTRADA MANUAL)
25,4,3,41,154,4,,,,0,0,3,29,108,2,,,3,8,1,,,1,1,51,204,462,FINAL (ENTRADA MANUAL)
25,4,4,35,170,7,,,,0,0,1,26,133,3,,,1,7,2,,,1,0,41,214,464,FINAL (ENTRADA MANUAL)
25,5,1,55,153,4,,,,1,0,0,44,110,3,,,5,6,0,,,3,0,45,216,484,FINAL (ENTRADA MANUAL)
25,5,2,75,128,4,,,,0,1,0,48,88,2,,,3,5,1,,,0,0,61,208,484,FINAL (ENTRADA MANUAL)
25,5,3,41,139,2,,,,1,0,0,29,92,1,,,3,4,0,,,0,0,54,183,484,FINAL (ENTRADA MANUAL)
25,5,4,54,137,3,,,,1,0,1,42,100,3,,,2,8,0,,,0,0,41,196,482,FINAL (ENTRADA MANUAL)
25,6,1,54,224,2,,,,0,0,1,38,158,1,,,4,8,0,,,1,0,72,282,489,FINAL (ENTRADA MANUAL)
25,6,2,31,195,3,,,,0,1,0,19,140,3,,,4,5,0,,,2,0,59,232,489,FINAL (ENTRADA MANUAL)
25,6,3,50,193,10,,,,0,0,0,42,163,6,,,0,3,0,,,0,0,39,253,489,FINAL (ENTRADA MANUAL)
25,6,4,42,209,6,,,,0,2,0,26,156,3,,,2,6,1,,,2,0,65,261,489,FINAL (ENTRADA MANUAL)
25,7,1,49,194,1,,,,1,0,1,32,132,1,,,5,5,2,,,0,0,69,246,532,FINAL (ENTRADA MANUAL)
25,7,2,50,170,2,,,,0,0,0,38,114,2,,,2,7,1,,,3,0,58,225,532,FINAL (ENTRADA MANUAL)
25,7,3,52,174,4,,,,1,0,0,37,115,1,,,2,2,1,,,2,0,73,233,532,FINAL (ENTRADA MANUAL)
25,7,4,59,167,5,,,,0,1,2,46,102,3,,,3,4,3,,,0,0,73,234,532,FINAL (ENTRADA MANUAL)
25,7,5,47,183,1,,,,0,0,1,43,141,1,,,1,6,0,,,1,1,40,234,532,FINAL (ENTRADA MANUAL)
25,7,6,64,176,8,,,,0,2,0,48,111,6,,,0,5,0,,,0,0,80,250,533,FINAL (ENTRADA MANUAL)
25,8,1,60,207,3,,,,0,0,2,44,138,3,,,4,6,0,,,1,0,77,273,607,FINAL (ENTRADA MANUAL)
25,8,2,44,213,2,,,,0,0,2,29,150,2,,,6,10,0,,,0,1,64,262,607,FINAL (ENTRADA MANUAL)
25,8,3,50,227,2,,,,0,0,2,40,164,2,,,3,6,0,,,2,0,66,283,607,FINAL (ENTRADA MANUAL)
25,74,1,23,46,1,,,,0,0,0,20,37,1,,,2,4,0,,,1,0,6,71,0,FINAL (ENTRADA MANUAL)
25,74,2,18,40,0,,,,1,0,0,14,27,0,,,1,3,0,,,0,0,14,59,0,FINAL (ENTRADA MANUAL)
25,74,3,28,34,0,,,,0,0,0,24,16,0,,,0,1,0,,,1,0,21,63,0,FINAL (ENTRADA MANUAL)
25,74,4,19,60,0,,,,0,0,1,12,42,0,,,1,4,0,,,0,0,21,80,0,FINAL (ENTRADA MANUAL)
25,74,5,11,71,2,,,,0,0,0,7,49,1,,,2,4,0,,,0,0,21,84,0,FINAL (ENTRADA MANUAL)
25,74,6,20,49,2,,,,0,0,0,15,30,1,,,0,2,1,,,0,0,22,71,0,FINAL (ENTRADA MANUAL)
25,74,7,17,43,3,,,,0,0,1,13,25,3,,,2,3,0,,,0,0,18,64,0,FINAL (ENTRADA MANUAL)
25,74,8,16,56,0,,,,0,0,0,10,43,0,,,3,3,0,,,0,0,13,72,0,FINAL (ENTRADA MANUAL)
25,74,9,13,62,1,,,,0,0,0,12,38,1,,,1,4,0,,,1,0,20,76,0,FINAL (ENTRADA MANUAL)
25,74,10,13,62,1,,,,0,0,0,12,38,1,,,1,4,0,,,0,0,20,76,0,FINAL (ENTRADA MANUAL)
25,74,11,14,58,1,,,,0,0,1,10,44,1,,,2,6,0,,,1,0,10,74,0,FINAL (ENTRADA MANUAL)
25,75,1,1,5,1,,,,1,0,0,0,1,1,,,0,0,0,,,1,0,6,9,0,FINAL (ENTRADA MANUAL)
25,75,2,0,0,0,,,,0,0,0,0,0,0,,,0,0,0,,,0,0,0,0,0,FINAL (ENTRADA MANUAL)
25,75,3,0,1,0,,,,0,0,0,0,1,0,,,0,0,0,,,0,0,0,1,0,FINAL (ENTRADA MANUAL)
25,75,4,0,0,0,,,,0,0,0,0,0,0,,,0,0,0,,,0,0,0,0,0,FINAL (ENTRADA MANUAL)
25,75,5,0,0,0,,,,0,0,0,0,0,0,,,0,0,0,,,0,0,0,0,0,FINAL (ENTRADA MANUAL)
25,75,6,2,1,0,,,,0,0,0,1,1,0,,,0,0,0,,,0,0,1,3,0,FINAL (ENTRADA MANUAL)
25,75,7,0,1,0,,,,0,0,0,0,1,0,,,0,0,0,,,0,0,0,1,0,FINAL (ENTRADA MANUAL)
25,77,1,207,479,5,,,,0,0,0,195,429,5,,,4,43,1,,,0,0,14,691,0,FINAL (ENTRADA MANUAL)
25,77,2,104,199,1,,,,0,0,0,104,178,1,,,2,14,1,,,0,0,4,304,0,FINAL (ENTRADA MANUAL)
25,77,3,84,341,10,,,,0,1,3,9,52,3,,,0,28,0,,,13,3,357,465,0,FINAL (ENTRADA MANUAL)
25,77,5,0,0,0,,,,0,0,0,0,0,0,,,0,0,0,,,0,0,0,0,0,FINAL (ENTRADA MANUAL)
25,78,1,0,0,0,,,,0,0,0,0,0,0,,,0,0,0,,,0,0,0,0,0,FINAL (ENTRADA MANUAL)
25,78,2,0,0,0,,,,0,0,0,0,0,0,,,0,0,0,,,0,0,0,0,0,FINAL (ENTRADA MANUAL)
25,78,3,20,41,1,,,,0,0,0,18,23,1,,,1,5,0,,,1,0,14,63,0,FINAL (ENTRADA MANUAL)
26,1,1,56,166,19,,,,3,0,2,51,126,12,2,,3,3,3,2,,1,0,44,247,569,FINAL (ENTRADA MANUAL)
26,1,2,59,161,18,,,,7,0,2,48,89,8,2,,3,5,5,1,,4,0,86,251,569,FINAL (ENTRADA MANUAL)
26,1,3,75,149,12,,,,7,0,4,59,106,7,2,,2,4,2,3,,4,0,62,251,569,FINAL (ENTRADA MANUAL)
26,1,4,64,136,13,,,,10,0,6,58,106,7,5,,1,5,2,2,,5,0,43,234,570,FINAL (ENTRADA MANUAL)
26,2,1,44,153,6,,,,15,0,2,43,123,4,0,,0,5,4,2,,1,0,39,221,439,FINAL (ENTRADA MANUAL)
26,3,1,58,204,16,,,,5,0,4,48,132,9,4,,5,3,4,6,,5,0,76,292,578,FINAL (ENTRADA MANUAL)
26,3,2,60,186,18,,,,0,0,3,51,121,8,2,,2,3,9,1,,2,1,70,270,578,FINAL (ENTRADA MANUAL)
26,3,3,57,178,21,,,,9,0,3,49,115,9,0,,2,6,3,5,,4,0,79,272,578,FINAL (ENTRADA MANUAL)
26,3,4,70,167,13,,,,0,0,0,55,106,5,0,,8,10,7,3,,1,0,56,251,578,FINAL (ENTRADA MANUAL)
26,3,5,70,174,18,,,,3,0,5,51,113,5,4,,6,5,10,3,,1,1,73,272,578,FINAL (ENTRADA MANUAL)
26,3,6,59,177,13,,,,0,1,2,46,114,5,2,,4,6,2,3,,2,1,70,255,578,FINAL (ENTRADA MANUAL)
26,3,7,65,188,12,,,,0,0,5,49,123,4,3,,3,7,4,4,,3,0,73,273,581,FINAL (ENTRADA MANUAL)
26,4,1,67,137,7,,,,0,0,6,56,85,3,4,,6,5,0,1,,3,0,57,220,494,FINAL (ENTRADA MANUAL)
26,4,2,65,164,11,,,,0,0,6,57,114,5,6,,4,2,2,3,,3,0,53,249,494,FINAL (ENTRADA MANUAL)
26,4,3,65,146,3,,,,1,0,3,50,90,3,3,,3,5,0,4,,0,0,60,218,494,FINAL (ENTRADA MANUAL)
26,4,4,51,145,14,,,,0,0,3,42,90,6,2,,3,8,7,3,,5,0,52,218,492,FINAL (ENTRADA MANUAL)
26,5,1,120,155,6,,,,1,1,4,106,86,4,2,,7,1,2,2,,5,0,77,292,620,FINAL (ENTRADA MANUAL)
26,74,1,4,10,3,,,,0,0,0,4,7,3,0,,0,1,0,0,,0,0,2,17,0,FINAL (ENTRADA MANUAL)
26,74,2,26,38,2,,,,0,0,1,23,33,2,1,,0,0,0,0,,1,0,8,68,0,FINAL (ENTRADA MANUAL)
26,75,1,0,0,1,,,,0,0,0,0,0,0,0,,0,0,0,1,,0,0,0,1,0,FINAL (ENTRADA MANUAL)
26,75,2,6,34,0,,,,22,4,4,4,8,0,0,,1,1,0,1,,2,4,49,70,0,FINAL (ENTRADA MANUAL)
26,75,3,0,0,0,,,,0,0,0,0,0,0,0,,0,0,0,0,,0,0,0,0,0,FINAL (ENTRADA MANUAL)
26,77,1,148,241,18,,,,5,0,2,142,216,16,2,,3,4,1,0,,6,0,30,420,0,FINAL (ENTRADA MANUAL)
26,77,2,0,0,0,,,,0,0,0,0,0,0,0,,0,0,0,0,,0,0,0,0,0,FINAL (ENTRADA MANUAL)
26,77,3,32,49,7,,,,5,2,5,14,30,2,0,,2,5,0,0,,13,2,41,109,0,FINAL (ENTRADA MANUAL)
26,77,5,0,0,0,,,,0,0,0,0,0,0,0,,0,0,0,0,,0,0,0,0,0,FINAL (ENTRADA MANUAL)
26,78,1,6,2,0,,,,0,0,0,5,2,0,0,,0,0,0,0,,0,3,1,11,0,FINAL (ENTRADA MANUAL)
26,78,2,0,0,0,,,,0,0,0,0,0,0,0,,0,0,0,0,,0,0,0,0,0,FINAL (ENTRADA MANUAL)
26,78,3,0,0,0,,,,0,0,0,0,0,0,0,,0,0,0,0,,0,0,0,0,0,FINAL (ENTRADA MANUAL)
27,1,1,100,158,22,,,,1,0,4,79,101,11,4,,1,2,5,4,,3,0,78,288,602,FINAL (ENTRADA MANUAL)
27,1,2,82,176,25,,,,1,0,3,77,126,10,3,,1,7,4,3,,1,0,56,288,602,FINAL (ENTRADA MANUAL)
27,1,3,75,149,16,,,,4,0,6,60,80,14,6,,2,6,1,4,,4,0,77,254,602,FINAL (ENTRADA MANUAL)
27,1,4,73,154,23,,,,2,0,4,60,106,17,3,,2,9,5,1,,2,0,53,258,602,FINAL (ENTRADA MANUAL)
27,1,5,81,174,22,,,,1,0,6,68,137,14,2,,2,9,2,2,,2,0,48,286,602,FINAL (ENTRADA MANUAL)
27,1,6,63,174,20,,,,3,0,5,44,127,14,3,,2,1,5,3,,3,0,66,268,602,FINAL (ENTRADA MANUAL)
27,1,7,79,146,18,,,,2,0,6,66,101,10,4,,1,6,5,0,,1,0,58,252,602,FINAL (ENTRADA MANUAL)
27,2,1,102,109,10,,,,1,1,5,89,61,6,2,,1,3,2,0,,2,0,64,230,452,FINAL (ENTRADA MANUAL)
27,3,1,62,115,4,,,,0,0,1,56,84,1,1,,3,1,0,0,,1,0,36,183,428,FINAL (ENTRADA MANUAL)
27,4,1,36,39,0,,,,0,0,0,31,27,0,0,,1,1,2,1,,0,0,12,75,164,FINAL (ENTRADA MANUAL)
27,5,1,77,128,23,,,,4,0,5,58,74,11,4,,7,6,4,4,,3,0,69,240,532,FINAL (ENTRADA MANUAL)
27,5,2,79,128,14,,,,1,0,4,67,84,5,2,,7,1,2,4,,4,0,54,230,532,FINAL (ENTRADA MANUAL)
27,5,3,74,136,15,,,,1,0,3,63,101,11,3,,2,3,6,3,,1,0,37,230,532,FINAL (ENTRADA MANUAL)
27,5,4,74,138,16,,,,0,0,5,66,71,9,3,,7,0,3,7,,9,0,67,242,532,FINAL (ENTRADA MANUAL)
27,5,5,65,123,23,,,,0,0,5,58,84,12,4,,2,2,4,3,,2,0,47,218,532,FINAL (ENTRADA MANUAL)
27,5,6,74,133,13,,,,2,0,5,64,90,9,3,,5,4,2,4,,1,0,46,228,532,FINAL (ENTRADA MANUAL)
27,5,7,66,132,12,,,,1,0,3,52,96,8,1,,5,5,3,3,,3,0,41,217,529,FINAL (ENTRADA MANUAL)
27,6,1,76,170,6,,,,3,0,6,68,112,2,3,,8,4,2,5,,3,0,57,264,623,FINAL (ENTRADA MANUAL)
27,7,1,84,96,9,,,,1,0,4,67,56,3,2,,3,0,1,0,,3,0,62,197,668,FINAL (ENTRADA MANUAL)
27,7,2,84,112,9,,,,3,0,3,68,77,6,1,,2,2,1,0,,7,0,54,218,668,FINAL (ENTRADA MANUAL)
27,7,3,86,115,11,,,,1,1,3,65,81,7,3,,3,1,1,3,,4,0,53,221,668,FINAL (ENTRADA MANUAL)
27,7,4,77,112,6,,,,0,1,2,55,70,1,2,,1,1,0,4,,4,1,64,203,668,FINAL (ENTRADA MANUAL)
27,8,1,91,170,19,,,,0,0,1,73,112,14,0,,5,7,3,2,,4,0,65,285,615,FINAL (ENTRADA MANUAL)
27,8,2,91,177,19,,,,0,1,4,78,126,10,3,,6,5,3,2,,8,0,59,300,615,FINAL (ENTRADA MANUAL)
27,8,3,66,196,20,,,,0,0,6,63,138,11,2,,2,7,5,2,,2,0,58,290,615,FINAL (ENTRADA MANUAL)
27,8,4,81,167,15,,,,2,1,3,63,116,6,2,,5,7,2,0,,4,1,68,274,615,FINAL (ENTRADA MANUAL)
27,8,5,70,177,19,,,,0,0,11,60,121,13,4,,1,4,4,4,,5,1,66,283,616,FINAL (ENTRADA MANUAL)
27,9,1,81,148,11,,,,3,0,2,65,89,6,2,,2,4,1,0,,3,0,76,248,560,FINAL (ENTRADA MANUAL)
27,9,2,67,151,15,,,,1,0,3,58,87,8,1,,4,2,4,2,,8,0,71,245,560,FINAL (ENTRADA MANUAL)
27,9,3,80,175,10,,,,0,0,3,69,113,4,2,,3,4,3,6,,5,0,64,273,560,FINAL (ENTRADA MANUAL)
27,9,4,56,165,8,,,,4,1,5,45,98,4,4,,3,5,4,6,,1,0,70,240,558,FINAL (ENTRADA MANUAL)
27,10,1,116,126,3,,,,0,0,6,107,94,1,3,,3,1,1,0,,1,0,41,252,541,FINAL (ENTRADA MANUAL)
27,11,1,79,127,13,,,,3,0,3,68,88,10,2,,14,8,2,1,,1,0,32,226,586,FINAL (ENTRADA MANUAL)
27,11,2,68,154,12,,,,5,1,1,55,106,6,1,,6,0,4,2,,2,0,61,243,585,FINAL (ENTRADA MANUAL)
27,12,1,80,180,13,,,,3,0,5,75,128,8,3,,4,4,3,2,,0,0,54,281,540,FINAL (ENTRADA MANUAL)
27,12,2,83,148,8,,,,1,0,3,66,109,4,2,,6,2,4,0,,4,2,50,249,539,FINAL (ENTRADA MANUAL)
27,13,1,73,192,11,,,,0,0,1,58,101,6,1,,4,5,6,1,,1,0,95,278,534,FINAL (ENTRADA MANUAL)
27,13,2,73,169,16,,,,0,0,2,70,123,7,0,,2,5,5,0,,0,0,48,260,534,FINAL (ENTRADA MANUAL)
27,13,3,70,183,19,,,,1,0,2,63,100,13,2,,5,7,10,4,,2,0,71,277,534,FINAL (ENTRADA MANUAL)
27,13,4,48,180,20,,,,1,1,5,38,97,13,2,,6,2,4,6,,1,0,87,256,534,FINAL (ENTRADA MANUAL)
27,13,5,61,174,21,,,,0,0,1,45,116,14,0,,5,3,1,7,,2,0,66,259,534,FINAL (ENTRADA MANUAL)
27,13,6,67,185,17,,,,0,0,5,56,114,9,3,,4,8,4,2,,3,0,74,277,534,FINAL (ENTRADA MANUAL)
27,13,7,70,173,17,,,,1,0,3,53,112,9,3,,3,2,6,3,,2,0,73,266,536,FINAL (ENTRADA MANUAL)
27,14,1,126,144,4,,,,0,1,2,103,105,1,1,,7,6,0,3,,6,1,51,284,604,FINAL (ENTRADA MANUAL)
27,14,2,99,145,9,,,,0,0,1,84,88,4,0,,7,6,0,1,,6,0,64,260,604,FINAL (ENTRADA MANUAL)
27,15,1,71,153,14,,,,2,0,9,57,92,11,5,,4,9,1,6,,8,0,64,257,593,FINAL (ENTRADA MANUAL)
27,15,2,73,126,17,,,,3,0,3,63,77,12,3,,1,4,2,3,,8,0,57,230,593,FINAL (ENTRADA MANUAL)
27,15,3,75,143,14,,,,2,0,4,67,102,8,6,,2,3,1,1,,6,1,52,249,593,FINAL (ENTRADA MANUAL)
27,15,4,80,148,7,,,,1,0,1,57,93,6,1,,3,7,2,3,,1,3,65,241,593,FINAL (ENTRADA MANUAL)
27,15,5,72,124,6,,,,0,0,6,59,71,2,3,,1,4,2,0,,1,0,66,209,593,FINAL (ENTRADA MANUAL)
27,15,6,70,150,17,,,,0,0,5,57,85,9,4,,4,2,5,1,,7,0,75,249,595,FINAL (ENTRADA MANUAL)
27,16,1,77,162,21,,,,1,0,7,65,124,9,4,,0,1,1,0,,4,1,64,273,487,FINAL (ENTRADA MANUAL)
27,16,2,65,152,19,,,,1,0,7,50,93,11,3,,6,3,2,2,,3,1,74,249,487,FINAL (ENTRADA MANUAL)
27,16,3,70,160,22,,,,1,0,4,58,88,15,2,,3,5,0,3,,6,0,83,263,487,FINAL (ENTRADA MANUAL)
27,16,4,76,153,15,,,,0,0,3,59,96,11,2,,8,11,1,0,,1,0,59,248,487,FINAL (ENTRADA MANUAL)
27,16,5,65,142,21,,,,0,0,6,45,95,12,2,,6,6,4,1,,12,0,63,246,489,FINAL (ENTRADA MANUAL)
27,17,1,112,161,9,,,,0,0,11,105,102,8,8,,4,1,1,0,,4,0,64,297,663,FINAL (ENTRADA MANUAL)
27,18,1,71,202,6,,,,2,0,4,64,149,4,2,,6,3,0,2,,5,0,55,290,568,FINAL (ENTRADA MANUAL)
27,18,2,67,166,11,,,,0,0,4,57,123,10,2,,4,4,3,3,,4,1,42,253,568,FINAL (ENTRADA MANUAL)
27,18,3,65,180,11,,,,1,0,1,53,125,7,1,,4,0,2,2,,2,1,64,261,568,FINAL (ENTRADA MANUAL)
27,18,4,62,190,6,,,,0,0,6,53,141,1,3,,1,0,1,1,,6,0,63,270,568,FINAL (ENTRADA MANUAL)
27,18,5,91,174,12,,,,1,0,3,80,106,6,3,,3,1,7,3,,1,0,72,282,568,FINAL (ENTRADA MANUAL)
27,18,6,68,197,10,,,,1,0,1,56,129,7,1,,2,3,7,4,,2,0,68,279,569,FINAL (ENTRADA MANUAL)
27,19,1,57,144,4,,,,3,0,1,45,94,2,0,,6,4,0,1,,1,0,57,210,464,FINAL (ENTRADA MANUAL)
27,19,2,57,146,9,,,,0,0,1,42,91,7,0,,7,4,2,4,,2,1,56,216,465,FINAL (ENTRADA MANUAL)
27,20,1,62,152,4,,,,1,0,3,48,110,3,1,,1,3,2,0,,5,0,54,227,426,FINAL (ENTRADA MANUAL)
27,20,2,75,141,5,,,,0,0,1,70,82,2,0,,2,1,1,0,,3,0,64,225,426,FINAL (ENTRADA MANUAL)
27,21,1,82,153,33,,,,0,0,3,73,98,20,3,,3,3,10,1,,4,1,60,276,559,FINAL (ENTRADA MANUAL)
27,21,2,104,130,14,,,,0,0,3,83,85,10,2,,2,5,4,2,,2,0,58,253,559,FINAL (ENTRADA MANUAL)
27,21,3,83,116,20,,,,2,0,3,77,73,8,3,,1,1,4,2,,2,0,55,226,559,FINAL (ENTRADA MANUAL)
27,21,4,59,149,17,,,,1,0,6,49,89,10,4,,4,3,4,3,,8,0,66,240,559,FINAL (ENTRADA MANUAL)
27,21,5,93,135,14,,,,1,0,7,82,86,3,5,,6,5,7,4,,2,0,52,252,559,FINAL (ENTRADA MANUAL)
27,21,6,94,135,15,,,,0,3,5,87,84,11,3,,4,6,3,3,,2,0,51,254,559,FINAL (ENTRADA MANUAL)
27,21,7,59,108,7,,,,1,0,2,47,65,3,0,,1,5,3,0,,4,1,53,182,559,FINAL (ENTRADA MANUAL)
27,21,8,69,162,24,,,,6,0,8,57,114,9,6,,12,1,3,3,,3,1,64,273,561,FINAL (ENTRADA MANUAL)
27,22,1,72,170,16,,,,1,0,5,60,132,12,5,,3,3,3,2,,1,0,44,265,636,FINAL (ENTRADA MANUAL)
27,22,2,74,166,12,,,,0,1,6,57,115,5,3,,2,3,4,2,,1,0,68,260,635,FINAL (ENTRADA MANUAL)
27,23,1,85,168,8,,,,3,0,5,69,113,3,3,,3,4,2,1,,4,0,71,273,551,FINAL (ENTRADA MANUAL)
27,23,2,68,172,13,,,,0,1,3,61,132,9,3,,5,1,3,2,,2,0,41,259,551,FINAL (ENTRADA MANUAL)
27,23,3,70,183,11,,,,2,0,5,61,122,3,5,,6,5,4,4,,4,1,61,276,551,FINAL (ENTRADA MANUAL)
27,23,4,82,146,11,,,,0,0,4,68,92,8,2,,6,3,1,2,,3,0,61,246,551,FINAL (ENTRADA MANUAL)
27,23,5,74,145,9,,,,0,0,8,58,92,4,6,,4,3,3,1,,2,0,65,238,551,FINAL (ENTRADA MANUAL)
27,23,6,61,160,4,,,,0,0,3,52,108,2,3,,7,3,3,3,,3,1,47,232,553,FINAL (ENTRADA MANUAL)
27,24,1,114,140,12,,,,0,0,1,92,95,4,1,,7,2,0,0,,1,0,66,268,558,FINAL (ENTRADA MANUAL)
27,24,2,103,140,7,,,,1,0,5,87,83,2,2,,6,5,0,0,,3,1,71,260,559,FINAL (ENTRADA MANUAL)
27,25,1,85,192,16,,,,2,0,4,78,148,8,4,,4,2,1,1,,3,0,53,302,637,FINAL (ENTRADA MANUAL)
27,25,2,90,161,17,,,,0,0,2,81,111,7,1,,4,5,1,0,,4,0,60,274,637,FINAL (ENTRADA MANUAL)
27,25,3,71,180,7,,,,0,0,0,56,122,3,0,,4,3,2,2,,5,0,66,263,637,FINAL (ENTRADA MANUAL)
27,25,4,81,200,8,,,,2,1,1,67,134,4,0,,8,10,1,1,,4,1,68,298,637,FINAL (ENTRADA MANUAL)
27,25,5,76,192,9,,,,2,0,7,66,123,4,4,,2,2,3,1,,1,0,81,287,635,FINAL (ENTRADA MANUAL)
27,26,1,90,186,2,,,,1,0,2,66,129,0,1,,1,3,0,3,,4,0,78,285,562,FINAL (ENTRADA MANUAL)
27,27,1,108,162,11,,,,0,0,2,83,102,3,1,,2,1,2,1,,6,1,88,290,634,FINAL (ENTRADA MANUAL)
27,27,2,108,155,5,,,,1,2,5,85,94,2,2,,1,3,1,1,,3,0,87,279,634,FINAL (ENTRADA MANUAL)
27,74,1,42,24,4,,,,0,0,0,39,18,4,0,,0,0,0,0,,1,0,9,71,0,FINAL (ENTRADA MANUAL)
27,74,2,42,23,5,,,,0,0,0,37,17,4,0,,1,0,0,0,,0,0,11,70,0,FINAL (ENTRADA MANUAL)
27,74,3,54,45,8,,,,1,0,0,49,26,5,0,,5,2,0,0,,1,0,21,109,0,FINAL (ENTRADA MANUAL)
27,74,4,46,44,6,,,,0,1,1,41,28,4,1,,0,3,0,0,,3,0,21,101,0,FINAL (ENTRADA MANUAL)
27,74,5,22,16,3,,,,2,0,0,17,12,2,0,,0,2,0,0,,0,0,10,43,0,FINAL (ENTRADA MANUAL)
27,74,6,57,35,4,,,,0,0,0,51,22,3,0,,1,0,1,0,,1,0,18,97,0,FINAL (ENTRADA MANUAL)
27,74,7,52,34,4,,,,1,0,1,49,24,3,0,,0,0,0,0,,1,0,16,93,0,FINAL (ENTRADA MANUAL)
27,74,8,54,31,2,,,,0,0,0,52,24,2,0,,2,0,0,0,,1,0,7,88,0,FINAL (ENTRADA MANUAL)
27,74,9,52,29,4,,,,0,0,1,49,24,4,0,,0,1,0,0,,0,0,8,86,0,FINAL (ENTRADA MANUAL)
27,74,10,52,26,2,,,,0,0,1,47,25,1,1,,1,0,0,0,,1,0,6,82,0,FINAL (ENTRADA MANUAL)
27,74,11,26,3,0,,,,0,0,0,22,2,0,0,,0,0,0,0,,0,0,5,29,0,FINAL (ENTRADA MANUAL)
27,74,12,0,0,0,,,,0,0,0,0,0,0,0,,0,0,0,0,,0,0,0,0,0,FINAL (ENTRADA MANUAL)
27,74,13,0,0,0,,,,0,0,0,0,0,0,0,,0,0,0,0,,0,0,0,0,0,FINAL (ENTRADA MANUAL)
27,75,1,0,0,0,,,,0,0,0,0,0,0,0,,0,0,0,0,,0,0,0,0,0,FINAL (ENTRADA MANUAL)
27,75,2,23,84,6,,,,9,0,1,12,44,1,1,,3,4,0,0,,2,1,58,126,0,FINAL (ENTRADA MANUAL)
27,75,3,0,0,0,,,,2,0,0,0,0,0,0,,0,0,0,0,,0,0,2,2,0,FINAL (ENTRADA MANUAL)
27,75,4,0,0,0,,,,0,0,0,0,0,0,0,,0,0,0,0,,0,0,0,0,0,FINAL (ENTRADA MANUAL)
27,75,5,0,0,0,,,,1,0,0,0,0,0,0,,0,0,0,0,,0,0,1,1,0,FINAL (ENTRADA MANUAL)
27,77,1,1485,1591,85,,,,0,0,0,1309,1317,56,8,,35,17,7,3,,32,0,440,3227,0,FINAL (ENTRADA MANUAL)
27,77,2,273,281,22,,,,0,0,1,268,269,20,1,,6,3,2,0,,0,0,8,577,0,FINAL (ENTRADA MANUAL)
27,77,3,112,145,26,,,,10,0,1,110,132,15,2,,11,2,2,1,,2,3,22,301,0,FINAL (ENTRADA MANUAL)
27,77,5,0,0,0,,,,0,0,0,0,0,0,0,,0,0,0,0,,0,0,0,0,0,FINAL (ENTRADA MANUAL)
27,78,1,31,37,1,,,,0,0,1,28,31,0,0,,2,0,0,0,,1,7,9,78,0,FINAL (ENTRADA MANUAL)
27,78,2,0,0,0,,,,0,0,0,0,0,0,0,,0,0,0,0,,0,0,0,0,0,FINAL (ENTRADA MANUAL)
27,78,3,0,0,0,,,,0,0,0,0,0,0,0,,0,0,0,0,,0,0,0,0,0,FINAL (ENTRADA MANUAL)
27,79,1,0,0,0,,,,0,0,0,0,0,0,0,,0,0,0,0,,0,0,0,0,0,FINAL (ENTRADA MANUAL)
27,79,2,0,0,0,,,,0,0,0,0,0,0,0,,0,0,0,0,,0,0,0,0,0,FINAL (ENTRADA MANUAL)
28,1,1,87,133,6,,,,1,0,0,72,97,5,,,2,2,1,,,6,0,48,233,592,FINAL (ENTRADA MANUAL)
28,1,2,115,140,8,,,,0,0,0,102,89,7,,,5,0,1,,,2,0,59,265,592,FINAL (ENTRADA MANUAL)
28,1,3,90,145,8,,,,0,0,0,81,117,8,,,6,3,5,,,2,0,23,245,592,FINAL (ENTRADA MANUAL)
28,1,4,80,160,2,,,,0,0,2,64,110,1,,,1,0,0,,,3,0,68,247,592,FINAL (ENTRADA MANUAL)
28,1,5,83,163,9,,,,1,0,1,70,110,4,,,5,1,2,,,2,1,65,260,594,FINAL (ENTRADA MANUAL)
28,2,1,95,146,5,,,,1,0,4,78,101,3,,,3,5,3,,,6,0,58,257,565,FINAL (ENTRADA MANUAL)
28,2,2,79,150,7,,,,1,0,1,66,117,4,,,0,6,1,,,1,0,44,239,565,FINAL (ENTRADA MANUAL)
28,3,1,77,207,9,,,,0,0,0,73,178,8,,,4,1,2,,,2,1,27,296,606,FINAL (ENTRADA MANUAL)
28,3,2,72,182,4,,,,0,0,3,67,164,2,,,4,2,0,,,1,0,22,262,606,FINAL (ENTRADA MANUAL)
28,3,3,82,163,3,,,,1,0,1,63,120,2,,,4,2,1,,,1,0,58,251,606,FINAL (ENTRADA MANUAL)
28,3,4,69,191,14,,,,2,0,0,62,146,8,,,5,1,2,,,2,0,52,278,606,FINAL (ENTRADA MANUAL)
28,3,5,70,187,8,,,,0,0,2,58,151,7,,,4,0,2,,,1,0,45,268,604,FINAL (ENTRADA MANUAL)
28,74,1,38,48,2,,,,0,0,0,33,39,2,,,1,1,0,,,0,0,12,88,0,FINAL (ENTRADA MANUAL)
28,74,2,0,0,0,,,,0,0,0,0,0,0,,,0,0,0,,,0,0,0,0,0,FINAL (ENTRADA MANUAL)
28,75,1,5,12,0,,,,3,0,0,2,7,0,,,2,1,0,,,0,0,8,20,0,FINAL (ENTRADA MANUAL)
28,75,2,0,0,0,,,,0,0,0,0,0,0,,,0,0,0,,,0,0,0,0,0,FINAL (ENTRADA MANUAL)
28,77,1,0,0,0,,,,0,0,0,0,0,0,,,0,0,0,,,0,0,0,0,0,FINAL (ENTRADA MANUAL)
28,77,2,210,296,7,,,,0,0,0,208,293,7,,,0,1,0,,,0,0,4,513,0,FINAL (ENTRADA MANUAL)
28,77,3,1,1,0,,,,0,0,0,1,0,0,,,0,0,0,,,0,0,1,2,0,FINAL (ENTRADA MANUAL)
28,77,5,0,0,0,,,,0,0,0,0,0,0,,,0,0,0,,,0,0,0,0,0,FINAL (ENTRADA MANUAL)
28,78,1,5,6,1,,,,0,0,0,2,3,1,,,0,1,0,,,0,4,5,16,0,FINAL (ENTRADA MANUAL)
28,78,2,0,0,0,,,,0,0,0,0,0,0,,,0,0,0,,,0,0,0,0,0,FINAL (ENTRADA MANUAL)
28,78,3,0,0,0,,,,0,0,0,0,0,0,,,0,0,0,,,0,0,0,0,0,FINAL (ENTRADA MANUAL)
29,1,1,46,184,5,,,,0,0,0,33,131,5,,,10,5,2,,,1,0,49,236,553,FINAL (ENTRADA MANUAL)
29,1,2,59,188,4,,,,0,0,1,53,130,3,,,1,5,2,,,2,0,58,254,553,FINAL (ENTRADA MANUAL)
29,1,3,53,158,10,,,,0,0,1,41,105,8,,,9,7,2,,,1,0,50,223,553,FINAL (ENTRADA MANUAL)
29,1,4,54,158,4,,,,0,0,2,48,118,4,,,2,6,4,,,2,0,36,220,554,FINAL (ENTRADA MANUAL)
29,2,1,60,142,14,,,,1,0,0,58,100,10,,,3,1,3,,,3,0,42,220,443,FINAL (ENTRADA MANUAL)
29,2,2,55,127,15,,,,0,0,0,41,84,12,,,5,1,1,,,0,0,53,197,443,FINAL (ENTRADA MANUAL)
29,2,3,68,139,12,,,,0,0,0,62,100,12,,,2,3,3,,,1,0,37,220,443,FINAL (ENTRADA MANUAL)
29,3,1,56,208,6,,,,0,0,0,42,160,3,,,4,3,4,,,2,0,54,272,578,FINAL (ENTRADA MANUAL)
29,3,2,63,204,6,,,,0,0,0,53,149,4,,,8,1,2,,,2,0,56,275,578,FINAL (ENTRADA MANUAL)
29,3,3,63,189,1,,,,0,0,0,46,136,1,,,5,6,4,,,3,0,55,256,578,FINAL (ENTRADA MANUAL)
29,3,4,60,193,6,,,,3,0,2,48,142,3,,,3,4,3,,,2,0,61,266,578,FINAL (ENTRADA MANUAL)
29,3,5,48,202,9,,,,0,0,1,36,151,6,,,4,3,3,,,6,0,57,266,577,FINAL (ENTRADA MANUAL)
29,4,1,63,190,17,,,,0,0,3,54,133,14,,,3,4,4,,,0,0,61,273,610,FINAL (ENTRADA MANUAL)
29,4,2,68,178,11,,,,0,0,0,53,129,8,,,3,3,3,,,0,0,58,257,610,FINAL (ENTRADA MANUAL)
29,4,3,86,178,13,,,,0,0,1,71,122,12,,,1,6,1,,,2,0,65,280,610,FINAL (ENTRADA MANUAL)
29,4,4,69,186,12,,,,1,0,0,59,124,10,,,2,6,3,,,2,0,64,270,610,FINAL (ENTRADA MANUAL)
29,4,5,74,199,15,,,,0,0,3,62,135,13,,,6,6,3,,,0,0,66,291,610,FINAL (ENTRADA MANUAL)
29,4,6,65,197,18,,,,1,1,3,56,131,13,,,3,9,1,,,1,1,72,287,609,FINAL (ENTRADA MANUAL)
29,5,1,100,164,9,,,,0,0,0,87,113,8,,,5,2,2,,,0,0,56,273,583,FINAL (ENTRADA MANUAL)
29,5,2,91,138,13,,,,0,1,1,76,86,7,,,4,5,2,,,1,0,64,245,583,FINAL (ENTRADA MANUAL)
29,5,3,104,150,7,,,,0,0,1,82,96,5,,,7,2,1,,,3,0,69,265,583,FINAL (ENTRADA MANUAL)
29,5,4,103,147,10,,,,0,0,1,85,97,7,,,1,8,1,,,0,0,62,261,583,FINAL (ENTRADA MANUAL)
29,5,5,95,166,13,,,,2,0,2,68,101,10,,,8,7,1,,,0,0,83,278,581,FINAL (ENTRADA MANUAL)
29,6,1,62,147,8,,,,0,0,0,52,110,7,,,1,3,1,,,3,0,43,220,491,FINAL (ENTRADA MANUAL)
29,6,2,39,161,7,,,,1,0,1,31,122,6,,,5,1,1,,,2,0,43,211,491,FINAL (ENTRADA MANUAL)
29,6,3,47,171,6,,,,2,0,1,39,136,5,,,0,2,1,,,2,0,44,229,492,FINAL (ENTRADA MANUAL)
29,7,1,91,161,14,,,,0,0,0,74,122,12,,,7,3,5,,,0,0,43,266,546,FINAL (ENTRADA MANUAL)
29,7,2,81,168,9,,,,0,1,0,69,112,8,,,5,3,4,,,4,1,58,264,546,FINAL (ENTRADA MANUAL)
29,7,3,68,188,6,,,,0,1,0,57,128,6,,,2,2,4,,,2,0,64,265,546,FINAL (ENTRADA MANUAL)
29,7,4,67,171,14,,,,0,0,1,56,114,11,,,7,2,4,,,3,0,59,256,548,FINAL (ENTRADA MANUAL)
29,8,1,63,183,5,,,,0,0,0,58,159,5,,,2,1,1,,,3,0,25,254,533,FINAL (ENTRADA MANUAL)
29,8,2,70,181,8,,,,0,1,1,60,145,4,,,2,5,4,,,1,0,41,262,533,FINAL (ENTRADA MANUAL)
29,8,3,70,157,8,,,,0,0,1,60,115,7,,,4,2,2,,,2,0,46,238,533,FINAL (ENTRADA MANUAL)
29,8,4,76,159,3,,,,0,0,0,67,123,2,,,5,1,0,,,5,2,40,245,533,FINAL (ENTRADA MANUAL)
29,8,5,63,167,8,,,,0,1,3,55,120,6,,,1,2,2,,,0,0,56,242,533,FINAL (ENTRADA MANUAL)
29,8,6,76,149,11,,,,0,0,1,63,111,5,,,1,7,0,,,3,0,50,240,534,FINAL (ENTRADA MANUAL)
29,74,1,15,48,3,,,,0,0,0,10,39,2,,,3,4,0,,,1,0,8,67,0,FINAL (ENTRADA MANUAL)
29,74,2,17,51,1,,,,0,0,0,14,39,1,,,2,6,1,,,0,0,6,69,0,FINAL (ENTRADA MANUAL)
29,74,3,27,38,1,,,,0,0,0,22,31,1,,,4,4,1,,,1,0,3,67,0,FINAL (ENTRADA MANUAL)
29,74,4,28,32,5,,,,0,0,0,23,27,2,,,1,0,0,,,0,0,12,65,0,FINAL (ENTRADA MANUAL)
29,74,5,30,37,0,,,,0,0,0,26,22,0,,,3,2,0,,,0,0,14,67,0,FINAL (ENTRADA MANUAL)
29,75,1,5,11,0,,,,2,0,1,0,0,0,,,3,7,0,,,0,1,9,20,0,FINAL (ENTRADA MANUAL)
29,77,1,269,408,22,,,,0,0,0,267,399,22,,,1,10,0,,,0,0,0,699,0,FINAL (ENTRADA MANUAL)
29,77,2,146,345,12,,,,0,0,0,145,331,11,,,0,8,1,,,0,0,7,503,0,FINAL (ENTRADA MANUAL)
29,77,3,1,8,2,,,,0,0,0,1,0,0,,,0,7,0,,,0,0,3,11,0,FINAL (ENTRADA MANUAL)
29,77,5,0,0,0,,,,0,0,0,0,0,0,,,0,0,0,,,0,0,0,0,0,FINAL (ENTRADA MANUAL)
29,78,1,3,5,1,,,,0,0,0,3,4,1,,,0,0,0,,,0,10,1,19,0,FINAL (ENTRADA MANUAL)
29,78,2,0,0,0,,,,0,0,0,0,0,0,,,0,0,0,,,0,0,0,0,0,FINAL (ENTRADA MANUAL)
29,78,3,0,0,0,,,,0,0,0,0,0,0,,,0,0,0,,,0,0,0,0,0,FINAL (ENTRADA MANUAL)
30,1,1,124,74,5,,,,1,0,0,106,61,4,,,1,0,3,,,1,0,29,205,525,FINAL (ENTRADA MANUAL)
30,1,2,124,94,4,,,,1,0,0,97,70,4,,,3,4,2,,,1,0,43,224,525,FINAL (ENTRADA MANUAL)
30,1,3,128,111,8,,,,0,0,1,105,89,7,,,2,0,3,,,0,0,42,248,525,FINAL (ENTRADA MANUAL)
30,1,4,110,99,7,,,,1,0,0,83,82,5,,,0,2,1,,,5,0,44,222,524,FINAL (ENTRADA MANUAL)
30,2,1,130,112,20,,,,2,0,2,97,84,16,,,5,4,2,,,3,1,58,270,539,FINAL (ENTRADA MANUAL)
30,2,2,145,112,13,,,,0,0,0,105,85,11,,,4,2,1,,,0,1,62,271,539,FINAL (ENTRADA MANUAL)
30,2,3,131,128,9,,,,0,0,0,100,109,7,,,1,5,5,,,1,0,41,269,539,FINAL (ENTRADA MANUAL)
30,2,4,128,119,13,,,,0,0,1,96,82,11,,,1,5,6,,,3,0,60,264,539,FINAL (ENTRADA MANUAL)
30,2,5,133,109,3,,,,0,0,0,101,84,3,,,0,2,2,,,1,0,53,246,539,FINAL (ENTRADA MANUAL)
30,2,6,132,113,15,,,,0,0,1,99,87,13,,,2,5,3,,,1,0,52,262,539,FINAL (ENTRADA MANUAL)
30,2,7,127,107,10,,,,0,0,0,88,74,8,,,6,4,1,,,1,0,63,245,539,FINAL (ENTRADA MANUAL)
30,3,1,132,106,8,,,,0,0,2,95,85,5,,,2,6,1,,,2,0,54,250,540,FINAL (ENTRADA MANUAL)
30,3,2,130,124,6,,,,0,1,0,99,96,5,,,6,2,5,,,1,0,48,262,541,FINAL (ENTRADA MANUAL)
30,4,1,139,77,17,,,,0,0,0,115,59,15,,,3,3,3,,,1,0,35,234,471,FINAL (ENTRADA MANUAL)
30,4,2,125,91,12,,,,1,0,0,83,60,11,,,2,3,1,,,3,0,69,232,471,FINAL (ENTRADA MANUAL)
30,4,3,120,87,13,,,,0,0,3,91,68,10,,,2,1,2,,,3,0,49,226,471,FINAL (ENTRADA MANUAL)
30,4,4,128,98,5,,,,1,0,0,105,76,5,,,2,1,0,,,1,0,43,233,471,FINAL (ENTRADA MANUAL)
30,4,5,149,85,9,,,,0,0,2,114,57,6,,,1,1,0,,,1,0,66,246,469,FINAL (ENTRADA MANUAL)
30,5,1,130,125,11,,,,0,0,2,91,103,9,,,4,10,3,,,2,0,48,270,434,FINAL (ENTRADA MANUAL)
30,6,1,136,90,9,,,,1,0,2,113,65,5,,,3,6,2,,,2,0,44,240,505,FINAL (ENTRADA MANUAL)
30,6,2,141,91,17,,,,1,0,1,118,70,13,,,7,7,2,,,1,1,34,253,505,FINAL (ENTRADA MANUAL)
30,6,3,133,115,6,,,,0,0,3,96,90,6,,,6,3,1,,,1,0,55,258,504,FINAL (ENTRADA MANUAL)
30,7,1,138,57,1,,,,0,0,0,98,52,1,,,4,5,0,,,1,0,36,197,343,FINAL (ENTRADA MANUAL)
30,8,1,140,129,13,,,,0,0,0,117,103,11,,,2,3,0,,,0,1,46,283,513,FINAL (ENTRADA MANUAL)
30,8,2,115,157,10,,,,0,0,1,96,137,10,,,3,3,1,,,2,1,33,286,513,FINAL (ENTRADA MANUAL)
30,8,3,148,121,3,,,,0,0,0,122,100,3,,,2,3,1,,,1,1,41,274,513,FINAL (ENTRADA MANUAL)
30,8,4,125,131,12,,,,0,2,2,100,118,11,,,2,1,0,,,1,0,40,273,512,FINAL (ENTRADA MANUAL)
30,9,1,134,66,6,,,,0,1,0,103,47,6,,,3,3,2,,,2,0,43,209,402,FINAL (ENTRADA MANUAL)
30,9,2,121,82,8,,,,1,0,0,94,61,7,,,1,4,1,,,1,0,44,213,402,FINAL (ENTRADA MANUAL)
30,9,3,111,90,11,,,,2,0,0,85,69,8,,,1,0,0,,,1,0,51,215,403,FINAL (ENTRADA MANUAL)
30,10,1,130,94,7,,,,1,0,0,107,70,4,,,2,4,0,,,1,0,45,233,482,FINAL (ENTRADA MANUAL)
30,10,2,148,89,5,,,,0,0,1,112,70,5,,,1,3,1,,,1,0,51,244,482,FINAL (ENTRADA MANUAL)
30,10,3,137,89,4,,,,0,0,0,113,72,3,,,0,3,0,,,1,0,39,231,482,FINAL (ENTRADA MANUAL)
30,10,4,158,85,6,,,,0,0,0,126,61,3,,,1,2,2,,,2,1,54,252,482,FINAL (ENTRADA MANUAL)
30,10,5,113,103,5,,,,1,0,2,83,79,4,,,1,6,0,,,4,0,51,228,483,FINAL (ENTRADA MANUAL)
30,11,1,102,125,4,,,,0,0,0,73,98,1,,,1,2,1,,,0,0,55,231,414,FINAL (ENTRADA MANUAL)
30,11,2,113,86,3,,,,0,0,0,81,79,3,,,1,2,1,,,0,1,35,203,414,FINAL (ENTRADA MANUAL)
30,11,3,95,122,7,,,,0,0,0,67,103,6,,,2,2,0,,,4,0,44,228,415,FINAL (ENTRADA MANUAL)
30,12,1,128,82,7,,,,0,0,1,102,66,5,,,3,0,2,,,2,0,40,220,461,FINAL (ENTRADA MANUAL)
30,12,2,135,78,10,,,,1,0,0,96,57,10,,,2,7,1,,,3,0,51,227,461,FINAL (ENTRADA MANUAL)
30,12,3,125,105,5,,,,0,0,2,92,82,4,,,3,3,0,,,0,0,53,237,462,FINAL (ENTRADA MANUAL)
30,13,1,65,4,0,,,,0,0,0,47,3,0,,,1,1,0,,,1,0,17,70,99,FINAL (ENTRADA MANUAL)
30,14,1,160,119,6,,,,0,0,0,120,97,4,,,4,10,0,,,6,0,50,291,574,FINAL (ENTRADA MANUAL)
30,14,2,181,107,6,,,,1,0,1,142,90,6,,,5,3,2,,,4,0,48,300,575,FINAL (ENTRADA MANUAL)
30,15,1,169,84,3,,,,0,0,1,133,62,2,,,1,2,1,,,6,1,56,264,621,FINAL (ENTRADA MANUAL)
30,15,2,151,111,10,,,,1,0,1,99,86,7,,,4,4,2,,,5,0,72,279,621,FINAL (ENTRADA MANUAL)
30,15,3,177,97,3,,,,0,0,1,130,72,3,,,2,4,0,,,0,0,67,278,621,FINAL (ENTRADA MANUAL)
30,15,4,156,88,6,,,,0,0,0,107,66,6,,,4,1,1,,,2,0,65,252,622,FINAL (ENTRADA MANUAL)
30,16,1,131,92,8,,,,2,0,1,103,72,5,,,2,5,0,,,3,0,47,237,444,FINAL (ENTRADA MANUAL)
30,16,2,151,75,4,,,,1,0,0,104,59,4,,,1,3,1,,,3,0,59,234,444,FINAL (ENTRADA MANUAL)
30,74,1,51,35,3,,,,0,0,0,45,31,3,,,1,0,0,,,0,0,9,89,0,FINAL (ENTRADA MANUAL)
30,74,2,55,34,2,,,,0,0,0,49,31,1,,,0,1,0,,,0,0,9,91,0,FINAL (ENTRADA MANUAL)
30,74,3,52,38,1,,,,0,0,0,44,34,1,,,0,1,0,,,1,0,11,92,0,FINAL (ENTRADA MANUAL)
30,74,4,62,29,1,,,,0,0,0,59,27,0,,,0,0,0,,,1,0,6,93,0,FINAL (ENTRADA MANUAL)
30,74,5,46,17,1,,,,0,0,1,28,13,0,,,3,3,0,,,0,0,18,65,0,FINAL (ENTRADA MANUAL)
30,74,6,43,26,2,,,,0,0,0,29,22,0,,,3,0,0,,,0,0,17,71,0,FINAL (ENTRADA MANUAL)
30,74,7,58,11,0,,,,0,0,0,55,10,0,,,1,0,0,,,1,0,3,70,0,FINAL (ENTRADA MANUAL)
30,74,8,48,18,0,,,,0,0,0,40,17,0,,,1,0,0,,,0,0,8,66,0,FINAL (ENTRADA MANUAL)
30,74,9,60,21,3,,,,0,0,0,54,17,3,,,1,1,0,,,0,0,8,84,0,FINAL (ENTRADA MANUAL)
30,74,10,62,20,1,,,,0,0,0,49,13,1,,,0,0,0,,,0,0,20,83,0,FINAL (ENTRADA MANUAL)
30,74,11,55,30,0,,,,0,0,0,45,27,0,,,2,1,0,,,0,0,10,85,0,FINAL (ENTRADA MANUAL)
30,74,12,60,21,1,,,,0,0,0,50,18,1,,,1,0,0,,,0,0,12,82,0,FINAL (ENTRADA MANUAL)
30,74,13,62,22,1,,,,0,0,0,52,18,1,,,0,0,1,,,2,0,13,87,0,FINAL (ENTRADA MANUAL)
30,74,14,65,22,0,,,,0,0,0,57,20,0,,,0,4,0,,,0,0,6,87,0,FINAL (ENTRADA MANUAL)
30,74,15,63,7,1,,,,0,0,0,55,5,1,,,0,0,0,,,0,0,10,71,0,FINAL (ENTRADA MANUAL)
30,74,16,70,9,0,,,,0,0,0,56,9,0,,,0,3,0,,,0,0,11,79,0,FINAL (ENTRADA MANUAL)
30,74,17,0,0,0,,,,0,0,0,0,0,0,,,0,0,0,,,0,0,0,0,0,FINAL (ENTRADA MANUAL)
30,74,18,0,0,0,,,,0,0,0,0,0,0,,,0,0,0,,,0,0,0,0,0,FINAL (ENTRADA MANUAL)
30,75,1,10,24,2,,,,4,0,0,8,17,2,,,0,3,0,,,2,0,10,42,0,FINAL (ENTRADA MANUAL)
30,75,2,0,0,0,,,,0,0,0,0,0,0,,,0,0,0,,,0,0,0,0,0,FINAL (ENTRADA MANUAL)
30,75,3,0,0,0,,,,0,0,0,0,0,0,,,0,0,0,,,0,0,0,0,0,FINAL (ENTRADA MANUAL)
30,77,1,848,569,25,,,,0,0,0,828,551,23,,,15,11,2,,,0,0,12,1442,0,FINAL (ENTRADA MANUAL)
30,77,2,227,152,1,,,,0,0,0,216,149,1,,,5,4,1,,,0,0,4,380,0,FINAL (ENTRADA MANUAL)
30,77,3,24,11,2,,,,0,0,0,19,8,1,,,1,0,0,,,0,0,9,36,0,FINAL (ENTRADA MANUAL)
30,77,5,0,0,0,,,,0,0,0,0,0,0,,,0,0,0,,,0,0,0,0,0,FINAL (ENTRADA MANUAL)
30,78,1,13,6,0,,,,0,2,1,9,6,0,,,0,0,0,,,1,2,5,23,0,FINAL (ENTRADA MANUAL)
30,78,2,0,0,0,,,,0,0,0,0,0,0,,,0,0,0,,,0,0,0,0,0,FINAL (ENTRADA MANUAL)
30,78,3,0,0,0,,,,0,0,0,0,0,0,,,0,0,0,,,0,0,0,0,0,FINAL (ENTRADA MANUAL)
31,1,1,38,95,8,,,,4,0,2,35,70,7,,,6,8,1,,,0,0,20,147,342,FINAL (ENTRADA MANUAL)
31,1,2,63,89,5,,,,1,0,3,48,53,4,,,0,6,3,,,1,0,47,162,341,FINAL (ENTRADA MANUAL)
31,2,1,81,169,11,,,,0,0,2,57,121,6,,,5,6,1,,,1,1,67,265,585,FINAL (ENTRADA MANUAL)
31,2,2,52,152,10,,,,0,1,3,42,101,6,,,5,7,4,,,1,0,53,219,585,FINAL (ENTRADA MANUAL)
31,2,3,56,164,6,,,,0,1,1,38,125,2,,,7,9,3,,,3,1,44,232,584,FINAL (ENTRADA MANUAL)
31,3,1,70,162,14,,,,2,0,1,61,117,10,,,5,10,2,,,4,0,44,253,521,FINAL (ENTRADA MANUAL)
31,3,2,68,125,8,,,,0,0,0,55,84,6,,,5,10,0,,,3,0,41,204,521,FINAL (ENTRADA MANUAL)
31,3,3,60,158,14,,,,1,0,2,48,113,11,,,3,14,1,,,3,0,45,238,521,FINAL (ENTRADA MANUAL)
31,3,4,77,116,9,,,,1,0,0,62,83,7,,,5,4,0,,,1,0,42,204,521,FINAL (ENTRADA MANUAL)
31,3,5,74,132,8,,,,0,0,4,57,100,5,,,2,4,3,,,4,0,47,222,520,FINAL (ENTRADA MANUAL)
31,4,1,77,176,24,,,,0,0,4,52,116,14,,,6,6,1,,,5,0,86,286,595,FINAL (ENTRADA MANUAL)
31,4,2,97,155,17,,,,2,1,1,71,109,12,,,7,11,2,,,0,0,61,273,595,FINAL (ENTRADA MANUAL)
31,5,1,55,182,13,,,,0,1,0,38,137,8,,,3,10,1,,,1,0,54,252,528,FINAL (ENTRADA MANUAL)
31,5,2,49,165,8,,,,1,0,0,42,112,6,,,4,5,0,,,4,1,54,228,528,FINAL (ENTRADA MANUAL)
31,5,3,74,161,14,,,,1,0,0,57,121,5,,,4,10,1,,,3,0,52,253,528,FINAL (ENTRADA MANUAL)
31,5,4,70,162,13,,,,3,0,3,58,109,10,,,2,11,0,,,4,1,61,256,528,FINAL (ENTRADA MANUAL)
31,5,5,64,183,7,,,,1,0,0,42,122,5,,,5,10,2,,,3,0,69,258,528,FINAL (ENTRADA MANUAL)
31,5,6,58,166,14,,,,1,0,1,45,109,8,,,4,10,2,,,0,0,62,240,531,FINAL (ENTRADA MANUAL)
31,6,1,96,146,14,,,,2,0,1,84,115,11,,,0,4,1,,,0,0,44,259,592,FINAL (ENTRADA MANUAL)
31,6,2,76,180,13,,,,7,0,0,58,126,8,,,8,12,2,,,3,0,62,279,592,FINAL (ENTRADA MANUAL)
31,6,3,91,150,15,,,,1,0,4,74,108,12,,,6,6,0,,,3,0,55,264,592,FINAL (ENTRADA MANUAL)
31,6,4,81,159,12,,,,0,0,2,68,111,9,,,7,9,1,,,6,0,49,260,592,FINAL (ENTRADA MANUAL)
31,6,5,68,142,13,,,,3,1,0,58,104,7,,,4,4,1,,,2,1,49,230,592,FINAL (ENTRADA MANUAL)
31,6,6,82,167,11,,,,3,0,0,67,122,8,,,6,10,2,,,5,0,48,268,592,FINAL (ENTRADA MANUAL)
31,7,1,53,168,20,,,,4,0,2,46,134,16,,,3,5,2,,,1,0,41,248,515,FINAL (ENTRADA MANUAL)
31,7,2,40,170,17,,,,3,0,1,25,121,6,,,1,4,0,,,1,2,74,233,515,FINAL (ENTRADA MANUAL)
31,7,3,35,190,8,,,,0,0,1,31,139,5,,,1,8,0,,,0,0,50,234,514,FINAL (ENTRADA MANUAL)
31,8,1,64,129,10,,,,0,0,0,54,86,9,,,1,6,1,,,1,0,46,204,454,FINAL (ENTRADA MANUAL)
31,8,2,52,106,13,,,,0,0,1,33,61,8,,,3,4,1,,,3,0,62,175,454,FINAL (ENTRADA MANUAL)
31,9,1,87,152,14,,,,1,0,3,74,112,8,,,2,12,7,,,1,0,42,258,405,FINAL (ENTRADA MANUAL)
31,10,1,102,121,12,,,,0,0,5,81,91,10,,,0,5,0,,,4,0,49,240,590,FINAL (ENTRADA MANUAL)
31,10,2,86,100,12,,,,4,1,0,73,64,5,,,2,3,1,,,5,0,55,208,590,FINAL (ENTRADA MANUAL)
31,11,1,84,150,8,,,,0,0,3,72,91,6,,,0,9,0,,,2,0,67,247,472,FINAL (ENTRADA MANUAL)
31,11,2,77,135,14,,,,2,0,3,58,99,10,,,2,7,0,,,2,1,55,234,472,FINAL (ENTRADA MANUAL)
31,11,3,78,143,21,,,,1,0,2,67,96,14,,,4,8,5,,,1,0,51,246,471,FINAL (ENTRADA MANUAL)
31,74,1,29,62,8,,,,0,0,1,19,39,6,,,1,9,2,,,1,0,24,101,0,FINAL (ENTRADA MANUAL)
31,74,2,40,60,3,,,,0,0,0,32,45,2,,,1,4,0,,,0,0,19,103,0,FINAL (ENTRADA MANUAL)
31,74,3,43,49,3,,,,0,0,3,34,39,2,,,0,2,1,,,1,0,20,99,0,FINAL (ENTRADA MANUAL)
31,74,4,32,21,9,,,,0,0,0,25,14,7,,,1,3,1,,,0,0,11,62,0,FINAL (ENTRADA MANUAL)
31,74,5,49,49,2,,,,0,0,1,46,43,1,,,2,0,0,,,0,0,9,101,0,FINAL (ENTRADA MANUAL)
31,74,6,43,34,3,,,,0,0,0,36,24,2,,,1,5,2,,,0,0,10,80,0,FINAL (ENTRADA MANUAL)
31,74,7,35,41,1,,,,0,0,0,27,22,1,,,1,4,1,,,2,0,21,79,0,FINAL (ENTRADA MANUAL)
31,74,8,0,0,0,,,,0,0,0,0,0,0,,,0,0,0,,,0,0,0,0,0,FINAL (ENTRADA MANUAL)
31,74,9,0,0,0,,,,0,0,0,0,0,0,,,0,0,0,,,0,0,0,0,0,FINAL (ENTRADA MANUAL)
31,75,1,0,2,0,,,,5,0,0,0,1,0,,,0,1,0,,,0,0,5,7,0,FINAL (ENTRADA MANUAL)
31,75,2,0,0,0,,,,0,0,0,0,0,0,,,0,0,0,,,0,0,0,0,0,FINAL (ENTRADA MANUAL)
31,75,3,0,0,0,,,,0,0,0,0,0,0,,,0,0,0,,,0,0,0,0,0,FINAL (ENTRADA MANUAL)
31,75,4,0,0,0,,,,0,0,0,0,0,0,,,0,0,0,,,0,0,0,0,0,FINAL (ENTRADA MANUAL)
31,77,1,188,247,10,,,,0,0,0,184,226,10,,,6,7,1,,,0,0,11,445,0,FINAL (ENTRADA MANUAL)
31,77,2,234,310,14,,,,0,0,0,223,284,14,,,17,12,4,,,0,0,4,558,0,FINAL (ENTRADA MANUAL)
31,77,3,2,2,0,,,,0,0,0,2,0,0,,,0,0,0,,,0,0,2,4,0,FINAL (ENTRADA MANUAL)
31,77,5,0,0,0,,,,0,0,0,0,0,0,,,0,0,0,,,0,0,0,0,0,FINAL (ENTRADA MANUAL)
31,78,1,6,12,1,,,,0,2,0,6,8,1,,,0,1,0,,,0,0,3,19,0,FINAL (ENTRADA MANUAL)
31,78,2,0,0,0,,,,0,0,0,0,0,0,,,0,0,0,,,0,0,0,0,0,FINAL (ENTRADA MANUAL)
31,78,3,0,0,0,,,,0,0,0,0,0,0,,,0,0,0,,,0,0,0,0,0,FINAL (ENTRADA MANUAL)
31,79,1,0,0,0,,,,0,0,0,0,0,0,,,0,0,0,,,0,0,0,0,0,FINAL (ENTRADA MANUAL)
32,1,1,44,190,10,,,,0,1,3,37,150,6,2,,2,8,2,1,,2,2,40,252,560,FINAL (ENTRADA MANUAL)
32,1,2,68,170,6,,,,0,0,2,53,112,4,1,,0,3,2,0,,4,0,71,250,560,FINAL (ENTRADA MANUAL)
32,1,3,48,172,13,,,,2,1,8,35,111,7,5,,3,6,1,2,,6,0,74,250,560,FINAL (ENTRADA MANUAL)
32,1,4,52,171,10,,,,1,0,3,43,123,6,1,,3,3,2,3,,3,0,53,240,560,FINAL (ENTRADA MANUAL)
32,1,5,62,183,21,,,,3,0,3,47,117,10,3,,4,9,9,2,,0,0,71,272,560,FINAL (ENTRADA MANUAL)
32,1,6,63,191,10,,,,0,0,6,41,138,6,3,,0,10,1,3,,0,1,68,271,561,FINAL (ENTRADA MANUAL)
32,2,1,59,181,12,,,,3,0,1,43,123,6,1,,3,11,6,0,,1,0,63,257,606,FINAL (ENTRADA MANUAL)
32,2,2,71,188,7,,,,0,0,4,54,151,6,3,,2,6,1,1,,3,1,46,274,606,FINAL (ENTRADA MANUAL)
32,2,3,75,151,10,,,,1,0,4,51,97,6,1,,5,10,2,2,,2,0,67,243,605,FINAL (ENTRADA MANUAL)
32,3,1,74,174,8,,,,0,0,3,67,122,4,2,,3,6,4,0,,1,1,51,261,581,FINAL (ENTRADA MANUAL)
32,3,2,67,149,2,,,,3,0,5,56,113,1,2,,3,7,0,1,,1,0,43,227,581,FINAL (ENTRADA MANUAL)
32,4,1,75,194,13,,,,3,0,4,55,144,8,2,,6,12,3,3,,3,0,56,292,608,FINAL (ENTRADA MANUAL)
32,4,2,76,206,6,,,,1,0,2,53,138,4,1,,2,10,3,2,,3,1,78,295,608,FINAL (ENTRADA MANUAL)
32,4,3,64,188,8,,,,0,0,4,42,131,5,2,,2,13,2,3,,2,1,64,267,608,FINAL (ENTRADA MANUAL)
32,5,1,77,164,3,,,,0,0,4,63,114,3,3,,4,6,4,0,,5,0,51,253,502,FINAL (ENTRADA MANUAL)
32,5,2,80,159,13,,,,0,0,2,62,111,8,1,,2,5,1,3,,3,1,61,258,502,FINAL (ENTRADA MANUAL)
32,5,3,75,153,9,,,,0,0,9,60,93,6,5,,5,12,1,4,,3,0,60,249,503,FINAL (ENTRADA MANUAL)
32,6,1,83,118,0,,,,0,0,2,60,85,0,0,,1,9,1,0,,3,0,47,206,414,FINAL (ENTRADA MANUAL)
32,6,2,66,132,6,,,,0,1,3,49,93,5,1,,9,9,2,1,,0,0,39,208,414,FINAL (ENTRADA MANUAL)
32,6,3,74,119,2,,,,1,0,2,59,83,1,0,,5,12,2,0,,1,0,36,199,414,FINAL (ENTRADA MANUAL)
32,7,1,104,133,5,,,,1,0,1,93,100,1,1,,4,4,3,0,,1,0,38,245,470,FINAL (ENTRADA MANUAL)
32,7,2,110,127,2,,,,0,0,1,92,94,2,1,,2,7,0,0,,1,0,42,241,470,FINAL (ENTRADA MANUAL)
32,7,3,98,142,2,,,,0,0,5,85,108,2,5,,3,5,0,1,,0,1,38,248,471,FINAL (ENTRADA MANUAL)
32,8,1,66,112,2,,,,1,0,3,55,93,0,1,,9,1,1,1,,4,0,23,188,334,FINAL (ENTRADA MANUAL)
32,9,1,51,157,11,,,,0,0,4,37,119,8,2,,2,6,0,1,,4,0,48,227,560,FINAL (ENTRADA MANUAL)
32,9,2,62,153,5,,,,2,0,5,44,108,4,1,,4,7,1,2,,2,0,56,229,560,FINAL (ENTRADA MANUAL)
32,9,3,56,182,6,,,,1,0,4,41,127,5,3,,2,7,2,0,,1,0,62,250,560,FINAL (ENTRADA MANUAL)
32,10,1,40,223,13,,,,1,0,2,36,174,5,1,,3,3,1,2,,5,0,54,284,574,FINAL (ENTRADA MANUAL)
32,10,2,62,204,5,,,,1,0,3,53,159,2,3,,5,2,3,0,,8,0,48,283,574,FINAL (ENTRADA MANUAL)
32,11,1,26,85,0,,,,0,0,0,26,72,0,0,,2,0,0,0,,1,0,11,112,222,FINAL (ENTRADA MANUAL)
32,12,1,49,120,20,,,,1,0,9,41,77,10,6,,0,4,5,0,,0,0,56,199,336,FINAL (ENTRADA MANUAL)
32,13,1,69,128,3,,,,0,1,1,55,96,2,1,,6,4,1,1,,2,0,36,204,439,FINAL (ENTRADA MANUAL)
32,13,2,59,146,9,,,,0,0,1,48,93,7,0,,3,8,3,0,,5,0,53,220,439,FINAL (ENTRADA MANUAL)
32,14,1,64,174,20,,,,1,0,5,49,104,14,4,,2,5,2,4,,1,1,80,266,544,FINAL (ENTRADA MANUAL)
32,14,2,54,162,9,,,,0,0,5,39,108,7,4,,1,8,2,0,,4,0,61,234,544,FINAL (ENTRADA MANUAL)
32,14,3,55,189,13,,,,1,0,7,38,134,9,6,,1,4,4,3,,4,2,66,271,544,FINAL (ENTRADA MANUAL)
32,14,4,52,146,21,,,,1,0,4,46,101,11,2,,3,1,5,1,,2,0,54,226,545,FINAL (ENTRADA MANUAL)
32,15,1,86,101,5,,,,0,0,1,75,71,4,0,,2,4,3,0,,8,0,34,201,432,FINAL (ENTRADA MANUAL)
32,15,2,84,129,3,,,,0,0,1,67,89,3,1,,5,2,1,1,,0,0,48,217,431,FINAL (ENTRADA MANUAL)
32,16,1,78,124,7,,,,2,0,3,55,83,3,0,,3,1,0,0,,2,0,69,216,552,FINAL (ENTRADA MANUAL)
32,16,2,77,131,8,,,,1,0,2,65,107,4,2,,0,1,2,1,,1,0,37,220,552,FINAL (ENTRADA MANUAL)
32,16,3,72,181,7,,,,2,0,3,52,138,3,2,,3,2,0,2,,0,0,63,265,551,FINAL (ENTRADA MANUAL)
32,17,1,76,127,8,,,,3,0,0,64,95,6,0,,1,4,1,0,,3,0,43,217,431,FINAL (ENTRADA MANUAL)
32,17,2,90,109,6,,,,1,0,3,76,82,2,1,,1,11,3,2,,2,1,31,212,431,FINAL (ENTRADA MANUAL)
32,18,1,77,147,11,,,,1,1,2,59,108,6,1,,3,5,3,2,,2,0,52,241,531,FINAL (ENTRADA MANUAL)
32,18,2,73,135,10,,,,1,0,3,59,101,6,1,,4,4,1,1,,3,0,45,225,531,FINAL (ENTRADA MANUAL)
32,18,3,58,168,5,,,,1,0,5,43,126,3,3,,4,10,0,1,,3,0,47,240,531,FINAL (ENTRADA MANUAL)
32,18,4,72,163,4,,,,1,0,4,51,129,3,3,,5,5,2,1,,1,0,45,245,531,FINAL (ENTRADA MANUAL)
32,18,5,71,152,7,,,,2,3,3,50,108,5,3,,2,10,1,3,,3,0,56,241,531,FINAL (ENTRADA MANUAL)
32,19,1,62,151,9,,,,0,1,4,49,97,5,2,,1,5,3,3,,0,0,62,227,501,FINAL (ENTRADA MANUAL)
32,19,2,56,180,14,,,,1,0,4,51,131,13,3,,1,7,5,2,,1,0,42,256,501,FINAL (ENTRADA MANUAL)
32,19,3,75,162,19,,,,0,0,3,61,95,11,3,,5,8,6,5,,1,0,65,260,501,FINAL (ENTRADA MANUAL)
32,19,4,57,143,14,,,,4,0,3,33,95,10,3,,7,5,4,3,,2,0,61,223,500,FINAL (ENTRADA MANUAL)
32,20,1,75,144,7,,,,0,0,1,56,105,3,0,,5,8,1,4,,2,0,45,229,419,FINAL (ENTRADA MANUAL)
32,20,2,57,139,11,,,,1,0,6,43,91,4,3,,10,8,5,1,,1,0,49,215,419,FINAL (ENTRADA MANUAL)
32,20,3,70,149,15,,,,1,0,4,55,98,11,2,,6,5,3,1,,2,1,58,242,419,FINAL (ENTRADA MANUAL)
32,21,1,67,157,11,,,,0,1,6,55,117,6,3,,5,7,1,1,,0,1,47,243,511,FINAL (ENTRADA MANUAL)
32,21,2,60,186,11,,,,2,0,0,53,148,8,0,,0,5,3,1,,3,0,41,262,511,FINAL (ENTRADA MANUAL)
32,22,1,105,149,7,,,,3,0,1,76,115,5,1,,0,11,2,0,,3,1,55,269,582,FINAL (ENTRADA MANUAL)
32,22,2,72,158,11,,,,1,0,6,54,124,4,4,,4,6,0,0,,1,0,52,249,581,FINAL (ENTRADA MANUAL)
32,74,1,16,78,3,,,,1,0,0,11,63,1,0,,0,7,0,0,,2,0,16,100,0,FINAL (ENTRADA MANUAL)
32,74,2,20,81,2,,,,0,0,0,16,65,2,0,,1,0,0,0,,0,0,19,103,0,FINAL (ENTRADA MANUAL)
32,74,3,20,82,1,,,,1,0,0,11,61,1,0,,2,3,0,0,,1,0,26,105,0,FINAL (ENTRADA MANUAL)
32,74,4,15,85,3,,,,0,0,1,12,67,3,0,,1,1,0,0,,0,0,20,104,0,FINAL (ENTRADA MANUAL)
32,74,5,22,78,1,,,,0,0,0,14,55,0,0,,0,5,0,0,,0,0,27,101,0,FINAL (ENTRADA MANUAL)
32,74,6,5,40,0,,,,0,0,0,5,35,0,0,,0,0,0,0,,0,0,5,45,0,FINAL (ENTRADA MANUAL)
32,74,7,31,69,6,,,,0,0,2,26,49,5,0,,4,1,1,0,,3,0,22,111,0,FINAL (ENTRADA MANUAL)
32,74,8,29,68,4,,,,2,1,1,23,53,2,0,,1,2,0,0,,1,0,24,106,0,FINAL (ENTRADA MANUAL)
32,74,9,0,0,0,,,,0,0,0,0,0,0,0,,0,0,0,0,,0,0,0,0,0,FINAL (ENTRADA MANUAL)
32,74,10,0,0,0,,,,0,0,0,0,0,0,0,,0,0,0,0,,0,0,0,0,0,FINAL (ENTRADA MANUAL)
32,74,11,0,0,0,,,,0,0,0,0,0,0,0,,0,0,0,0,,0,0,0,0,0,FINAL (ENTRADA MANUAL)
32,75,1,11,32,4,,,,16,1,1,6,8,0,0,,1,8,0,3,,0,8,39,73,0,FINAL (ENTRADA MANUAL)
32,75,2,0,0,0,,,,0,0,0,0,0,0,0,,0,0,0,0,,0,0,0,0,0,FINAL (ENTRADA MANUAL)
32,75,3,0,0,0,,,,0,0,0,0,0,0,0,,0,0,0,0,,0,0,0,0,0,FINAL (ENTRADA MANUAL)
32,75,4,0,0,0,,,,0,0,0,0,0,0,0,,0,0,0,0,,0,0,0,0,0,FINAL (ENTRADA MANUAL)
32,77,1,1166,1223,26,,,,0,6,14,966,917,22,3,,36,68,7,2,,0,0,430,2439,0,FINAL (ENTRADA MANUAL)
32,77,2,147,99,6,,,,1,0,1,142,87,6,1,,6,3,1,0,,0,0,8,254,0,FINAL (ENTRADA MANUAL)
32,77,3,33,67,4,,,,0,1,15,21,75,0,0,,3,17,3,4,,0,6,56,125,0,FINAL (ENTRADA MANUAL)
32,77,5,0,0,0,,,,0,0,0,0,0,0,0,,0,0,0,0,,0,0,0,0,0,FINAL (ENTRADA MANUAL)
32,78,1,8,11,0,,,,0,0,1,6,7,0,0,,0,1,0,0,,0,0,6,20,0,FINAL (ENTRADA MANUAL)
32,78,2,0,0,0,,,,0,0,0,0,0,0,0,,0,0,0,0,,0,0,0,0,0,FINAL (ENTRADA MANUAL)
32,78,3,0,0,0,,,,0,0,0,0,0,0,0,,0,0,0,0,,0,0,0,0,0,FINAL (ENTRADA MANUAL)
33,1,1,195,49,15,,,,0,0,3,129,45,10,1,,7,5,4,2,,3,0,59,265,536,FINAL (ENTRADA MANUAL)
33,1,2,223,40,1,,,,1,0,1,134,33,1,1,,9,8,3,4,,3,0,73,269,536,FINAL (ENTRADA MANUAL)
33,1,3,198,43,12,,,,0,0,0,120,41,9,0,,2,9,4,1,,0,1,67,254,536,FINAL (ENTRADA MANUAL)
33,1,4,178,52,8,,,,2,0,4,119,44,6,4,,1,5,0,2,,0,0,63,244,534,FINAL (ENTRADA MANUAL)
33,2,1,173,50,10,,,,0,0,1,129,45,6,1,,4,3,7,1,,4,0,38,238,510,FINAL (ENTRADA MANUAL)
33,2,2,146,58,4,,,,1,0,3,83,45,2,2,,2,5,2,1,,3,0,70,215,510,FINAL (ENTRADA MANUAL)
33,2,3,165,57,2,,,,1,0,6,129,43,2,3,,2,2,1,0,,3,0,49,234,510,FINAL (ENTRADA MANUAL)
33,3,1,192,41,17,,,,1,1,0,130,29,13,0,,3,12,1,2,,2,0,62,254,559,FINAL (ENTRADA MANUAL)
33,3,2,176,43,23,,,,1,0,1,122,36,16,1,,6,9,0,2,,0,0,52,244,559,FINAL (ENTRADA MANUAL)
33,4,1,160,72,0,,,,0,0,2,105,70,0,1,,4,5,0,1,,1,0,48,235,541,FINAL (ENTRADA MANUAL)
33,4,2,166,64,3,,,,0,0,2,119,62,2,1,,7,1,1,6,,1,0,36,236,541,FINAL (ENTRADA MANUAL)
33,5,1,123,80,6,,,,0,0,3,83,73,0,3,,0,12,0,1,,2,0,40,214,464,FINAL (ENTRADA MANUAL)
33,6,1,127,59,11,,,,0,1,4,83,55,6,4,,3,2,6,1,,2,0,42,204,469,FINAL (ENTRADA MANUAL)
33,6,2,179,49,9,,,,1,0,1,116,42,6,1,,3,7,2,1,,0,0,61,239,469,FINAL (ENTRADA MANUAL)
33,6,3,160,58,16,,,,0,0,2,97,46,8,1,,4,6,7,4,,2,0,63,238,469,FINAL (ENTRADA MANUAL)
33,7,1,188,42,9,,,,0,0,2,130,36,3,1,,11,2,4,2,,2,0,52,243,550,FINAL (ENTRADA MANUAL)
33,7,2,167,41,14,,,,0,0,5,103,32,10,2,,3,10,3,4,,1,0,60,228,550,FINAL (ENTRADA MANUAL)
33,7,3,185,50,19,,,,2,1,9,118,33,14,7,,7,8,4,7,,0,1,68,267,550,FINAL (ENTRADA MANUAL)
33,7,4,162,34,17,,,,0,0,1,90,25,9,1,,3,1,1,2,,0,0,82,214,552,FINAL (ENTRADA MANUAL)
33,8,1,163,66,3,,,,1,0,1,114,53,3,0,,1,6,2,1,,0,0,54,234,448,FINAL (ENTRADA MANUAL)
33,8,2,156,45,7,,,,0,0,4,109,37,5,2,,2,6,3,0,,0,0,48,212,448,FINAL (ENTRADA MANUAL)
33,8,3,168,46,4,,,,1,1,0,105,39,4,0,,1,6,0,0,,1,0,65,221,448,FINAL (ENTRADA MANUAL)
33,8,4,174,33,5,,,,0,0,0,107,28,4,0,,3,6,1,1,,1,0,62,213,448,FINAL (ENTRADA MANUAL)
33,9,1,183,65,5,,,,0,0,2,130,63,1,2,,3,2,3,4,,4,0,47,259,557,FINAL (ENTRADA MANUAL)
33,10,1,163,37,12,,,,0,0,2,94,36,8,1,,3,6,4,3,,3,0,59,217,544,FINAL (ENTRADA MANUAL)
33,10,2,171,48,7,,,,0,0,2,96,39,4,1,,3,2,4,1,,2,0,78,230,544,FINAL (ENTRADA MANUAL)
33,10,3,159,39,5,,,,1,0,2,97,32,4,2,,2,3,1,1,,3,0,64,209,544,FINAL (ENTRADA MANUAL)
33,10,4,179,50,12,,,,1,0,3,120,46,7,2,,1,5,2,1,,1,1,61,247,544,FINAL (ENTRADA MANUAL)
33,10,5,178,38,2,,,,0,0,1,100,28,1,0,,2,6,1,0,,2,0,81,221,546,FINAL (ENTRADA MANUAL)
33,11,1,137,71,10,,,,1,0,2,95,51,4,2,,2,10,2,0,,2,0,55,223,483,FINAL (ENTRADA MANUAL)
33,11,2,160,53,2,,,,0,0,3,103,41,2,2,,3,14,1,0,,1,0,52,219,483,FINAL (ENTRADA MANUAL)
33,12,1,175,42,13,,,,1,1,3,98,39,11,3,,8,6,1,3,,1,0,66,236,512,FINAL (ENTRADA MANUAL)
33,12,2,174,41,6,,,,0,0,4,117,29,5,3,,6,4,2,1,,0,0,58,225,512,FINAL (ENTRADA MANUAL)
33,12,3,166,26,11,,,,1,0,5,95,16,7,4,,3,4,1,2,,0,0,77,209,512,FINAL (ENTRADA MANUAL)
33,12,4,155,41,4,,,,0,0,4,85,32,3,2,,7,5,1,2,,2,0,67,206,512,FINAL (ENTRADA MANUAL)
33,13,1,152,50,10,,,,0,0,4,94,46,8,4,,3,3,4,1,,3,0,53,219,477,FINAL (ENTRADA MANUAL)
33,13,2,158,51,11,,,,0,0,3,101,46,7,2,,0,9,4,1,,4,1,53,228,477,FINAL (ENTRADA MANUAL)
33,13,3,168,47,7,,,,1,0,1,109,41,5,1,,4,2,2,1,,3,0,59,227,477,FINAL (ENTRADA MANUAL)
33,13,4,137,51,7,,,,0,0,3,86,45,5,1,,2,2,5,1,,4,2,51,204,477,FINAL (ENTRADA MANUAL)
33,14,1,120,49,4,,,,0,0,2,93,45,3,1,,0,4,5,0,,0,0,24,175,398,FINAL (ENTRADA MANUAL)
33,14,2,113,58,5,,,,0,0,3,71,58,3,3,,4,3,3,0,,1,0,34,180,398,FINAL (ENTRADA MANUAL)
33,15,1,169,62,13,,,,1,0,1,90,56,11,1,,5,2,1,4,,3,0,76,249,549,FINAL (ENTRADA MANUAL)
33,15,2,148,61,6,,,,3,0,3,80,43,4,0,,8,7,0,2,,2,0,77,223,549,FINAL (ENTRADA MANUAL)
33,15,3,174,52,6,,,,1,0,0,130,43,3,0,,10,12,2,2,,2,1,31,236,549,FINAL (ENTRADA MANUAL)
33,15,4,163,57,9,,,,1,0,1,109,45,5,0,,7,3,4,3,,1,1,55,233,548,FINAL (ENTRADA MANUAL)
33,16,1,99,44,0,,,,0,0,0,75,43,0,0,,1,1,0,0,,0,0,23,143,337,FINAL (ENTRADA MANUAL)
33,17,1,150,51,5,,,,0,0,1,103,44,3,0,,1,5,0,2,,1,0,49,208,464,FINAL (ENTRADA MANUAL)
33,17,2,154,61,3,,,,0,0,0,87,57,2,0,,4,8,1,0,,2,0,59,220,464,FINAL (ENTRADA MANUAL)
33,18,1,132,48,9,,,,0,0,0,76,33,7,0,,6,4,2,0,,4,0,61,193,515,FINAL (ENTRADA MANUAL)
33,18,2,143,46,8,,,,2,1,1,87,31,4,0,,6,5,4,2,,3,1,62,205,515,FINAL (ENTRADA MANUAL)
33,18,3,155,51,4,,,,0,0,1,106,42,3,1,,9,9,1,0,,1,0,40,212,514,FINAL (ENTRADA MANUAL)
33,19,1,158,48,4,,,,2,0,3,93,39,3,1,,6,6,1,1,,1,0,65,216,540,FINAL (ENTRADA MANUAL)
33,19,2,158,46,5,,,,0,0,4,92,43,3,4,,4,0,0,1,,1,0,66,214,540,FINAL (ENTRADA MANUAL)
33,19,3,172,46,6,,,,0,0,1,103,37,5,1,,8,6,2,2,,0,0,61,225,540,FINAL (ENTRADA MANUAL)
33,19,4,158,41,8,,,,0,0,2,98,30,4,1,,5,4,2,1,,2,0,64,211,540,FINAL (ENTRADA MANUAL)
33,19,5,142,51,7,,,,0,0,3,70,43,2,0,,10,5,0,1,,3,0,72,206,538,FINAL (ENTRADA MANUAL)
33,20,1,155,31,10,,,,1,1,2,106,23,9,1,,4,2,0,1,,0,0,54,200,436,FINAL (ENTRADA MANUAL)
33,20,2,164,37,9,,,,0,0,2,112,27,7,0,,6,4,1,0,,3,0,55,215,437,FINAL (ENTRADA MANUAL)
33,74,1,39,33,2,,,,0,0,1,23,25,2,1,,0,3,1,1,,1,0,19,76,0,FINAL (ENTRADA MANUAL)
33,74,2,44,36,3,,,,1,0,1,27,34,3,1,,0,4,0,0,,0,0,16,85,0,FINAL (ENTRADA MANUAL)
33,74,3,59,17,1,,,,0,0,0,49,13,0,0,,0,2,0,0,,0,0,13,77,0,FINAL (ENTRADA MANUAL)
33,74,4,50,29,1,,,,0,0,0,37,26,0,0,,1,0,0,0,,0,0,16,80,0,FINAL (ENTRADA MANUAL)
33,74,5,43,19,2,,,,1,0,1,34,17,1,1,,1,1,0,0,,0,0,11,66,0,FINAL (ENTRADA MANUAL)
33,74,6,30,29,1,,,,0,0,0,17,24,0,0,,0,3,0,0,,2,0,16,62,0,FINAL (ENTRADA MANUAL)
33,74,7,50,38,1,,,,0,0,0,32,36,1,0,,0,2,0,0,,2,0,18,91,0,FINAL (ENTRADA MANUAL)
33,74,8,55,37,5,,,,0,0,1,43,34,4,0,,0,1,0,0,,1,0,16,99,0,FINAL (ENTRADA MANUAL)
33,74,9,51,22,4,,,,0,0,1,41,20,3,0,,0,1,0,1,,0,0,12,78,0,FINAL (ENTRADA MANUAL)
33,74,10,49,21,3,,,,0,0,0,35,21,1,0,,0,0,0,0,,0,0,16,73,0,FINAL (ENTRADA MANUAL)
33,74,11,45,22,2,,,,0,0,0,30,19,1,0,,0,3,1,0,,0,0,15,69,0,FINAL (ENTRADA MANUAL)
33,74,12,295,188,5,,,,0,0,0,288,187,4,0,,6,1,0,0,,0,0,2,488,0,FINAL (ENTRADA MANUAL)
33,75,1,0,0,1,,,,0,0,0,0,0,1,0,,0,0,0,0,,0,0,0,1,0,FINAL (ENTRADA MANUAL)
33,75,2,6,2,2,,,,4,0,0,0,0,2,0,,0,4,1,0,,0,3,7,17,0,FINAL (ENTRADA MANUAL)
33,75,3,0,0,0,,,,0,1,0,0,0,0,0,,0,0,0,0,,0,1,0,1,0,FINAL (ENTRADA MANUAL)
33,75,4,0,0,0,,,,0,0,0,0,0,0,0,,0,0,0,0,,0,0,0,0,0,FINAL (ENTRADA MANUAL)
33,75,5,0,0,0,,,,0,0,0,0,0,0,0,,0,0,0,0,,0,0,0,0,0,FINAL (ENTRADA MANUAL)
33,77,1,0,0,0,,,,0,0,0,0,0,0,0,,0,0,0,0,,0,0,0,0,0,FINAL (ENTRADA MANUAL)
33,77,2,379,133,15,,,,0,0,2,363,130,15,2,,7,2,3,0,,0,0,7,529,0,FINAL (ENTRADA MANUAL)
33,77,3,385,92,17,,,,0,0,3,108,34,7,2,,35,9,3,0,,7,0,289,494,0,FINAL (ENTRADA MANUAL)
33,77,5,0,0,0,,,,0,0,0,0,0,0,0,,0,0,0,0,,0,0,0,0,0,FINAL (ENTRADA MANUAL)
33,78,1,0,0,0,,,,0,0,0,0,0,0,0,,0,0,0,0,,0,0,0,0,0,FINAL (ENTRADA MANUAL)
33,78,2,49,22,0,,,,0,0,0,29,19,0,0,,0,3,2,1,,0,8,17,79,0,FINAL (ENTRADA MANUAL)
33,78,3,0,0,0,,,,0,0,0,0,0,0,0,,0,0,0,0,,0,0,0,0,0,FINAL (ENTRADA MANUAL)
34,1,1,100,76,2,,,,0,0,0,71,53,1,,,4,8,1,,,1,0,40,179,350,FINAL (ENTRADA MANUAL)
34,1,2,89,76,0,,,,0,1,0,60,50,0,,,5,8,0,,,1,0,43,167,351,FINAL (ENTRADA MANUAL)
34,2,1,128,100,3,,,,0,0,0,96,74,3,,,3,2,0,,,1,0,53,232,437,FINAL (ENTRADA MANUAL)
34,2,2,108,109,2,,,,1,1,0,74,72,2,,,3,1,1,,,0,0,68,221,437,FINAL (ENTRADA MANUAL)
34,2,3,122,104,1,,,,0,0,1,86,73,0,,,3,4,0,,,0,0,62,228,438,FINAL (ENTRADA MANUAL)
34,3,1,70,102,1,,,,0,0,0,44,75,1,,,2,2,0,,,0,0,49,173,306,FINAL (ENTRADA MANUAL)
34,3,2,70,107,2,,,,0,0,1,55,82,0,,,1,1,0,,,0,0,41,180,307,FINAL (ENTRADA MANUAL)
34,4,1,132,102,2,,,,0,0,0,101,69,1,,,5,1,0,,,0,0,59,236,422,FINAL (ENTRADA MANUAL)
34,4,2,122,115,0,,,,0,0,0,89,74,0,,,7,5,1,,,0,0,61,237,422,FINAL (ENTRADA MANUAL)
34,4,3,123,105,5,,,,0,0,1,93,78,3,,,1,12,2,,,1,0,45,235,423,FINAL (ENTRADA MANUAL)
34,5,1,111,99,5,,,,0,0,0,79,63,4,,,6,0,1,,,0,0,62,215,415,FINAL (ENTRADA MANUAL)
34,5,2,121,104,0,,,,0,0,0,82,73,0,,,6,3,1,,,1,0,60,226,415,FINAL (ENTRADA MANUAL)
34,5,3,124,98,1,,,,0,0,0,103,70,1,,,4,4,1,,,1,0,40,224,414,FINAL (ENTRADA MANUAL)
34,6,1,175,89,7,,,,1,0,0,116,70,7,,,3,0,0,,,0,0,76,272,513,FINAL (ENTRADA MANUAL)
34,7,1,112,74,9,,,,0,0,0,96,52,5,,,2,3,1,,,0,0,36,195,339,FINAL (ENTRADA MANUAL)
34,7,2,107,55,3,,,,0,0,0,81,34,1,,,4,5,1,,,0,1,39,166,339,FINAL (ENTRADA MANUAL)
34,8,1,149,84,6,,,,0,0,0,134,58,5,,,3,0,0,,,1,0,39,240,423,FINAL (ENTRADA MANUAL)
34,8,2,146,110,5,,,,0,0,0,110,76,2,,,3,4,0,,,0,0,66,261,423,FINAL (ENTRADA MANUAL)
34,9,1,167,127,2,,,,0,0,1,140,90,1,,,5,6,0,,,1,0,55,298,562,FINAL (ENTRADA MANUAL)
34,74,1,59,19,0,,,,0,0,0,52,14,0,,,1,1,0,,,0,0,10,78,0,FINAL (ENTRADA MANUAL)
34,74,2,56,21,2,,,,0,0,0,41,15,1,,,2,1,0,,,1,0,19,80,0,FINAL (ENTRADA MANUAL)
34,74,3,47,15,1,,,,0,0,0,41,8,1,,,3,1,0,,,0,0,9,63,0,FINAL (ENTRADA MANUAL)
34,74,4,47,16,0,,,,0,0,0,35,9,0,,,0,0,0,,,0,0,19,63,0,FINAL (ENTRADA MANUAL)
34,75,1,0,4,0,,,,0,0,0,0,2,0,,,0,1,0,,,0,0,1,4,0,FINAL (ENTRADA MANUAL)
34,77,1,380,311,11,,,,0,0,0,355,302,8,,,7,19,0,,,0,0,11,702,0,FINAL (ENTRADA MANUAL)
34,77,2,117,93,0,,,,0,0,0,113,90,0,,,2,2,0,,,0,0,3,210,0,FINAL (ENTRADA MANUAL)
34,77,3,128,150,2,,,,0,3,1,15,21,1,,,3,4,0,,,4,6,240,294,0,FINAL (ENTRADA MANUAL)
34,77,5,0,0,0,,,,0,0,0,0,0,0,,,0,0,0,,,0,0,0,0,0,FINAL (ENTRADA MANUAL)
34,78,1,14,23,0,,,,0,0,0,5,17,0,,,0,1,0,,,0,0,14,37,0,FINAL (ENTRADA MANUAL)
34,78,2,0,0,0,,,,0,0,0,0,0,0,,,0,0,0,,,0,0,0,0,0,FINAL (ENTRADA MANUAL)
34,78,3,0,0,0,,,,0,0,0,0,0,0,,,0,0,0,,,0,0,0,0,0,FINAL (ENTRADA MANUAL)
34,79,1,0,0,0,,,,0,0,0,0,0,0,,,0,0,0,,,0,0,0,0,0,FINAL (ENTRADA MANUAL)
34,79,2,0,0,0,,,,0,0,0,0,0,0,,,0,0,0,,,0,1,0,1,0,FINAL (ENTRADA MANUAL)
35,1,1,92,89,6,,,2,0,0,4,66,57,4,0,,4,2,2,2,,0,0,56,193,555,FINAL (ENTRADA MANUAL)
35,1,2,88,76,9,,,0,0,0,0,64,42,7,0,,3,6,1,3,,2,0,47,175,555,FINAL (ENTRADA MANUAL)
35,1,3,86,91,5,,,0,0,2,1,60,60,2,0,,6,4,1,4,,0,1,48,185,556,FINAL (ENTRADA MANUAL)
35,2,1,104,108,7,,,4,0,0,1,70,64,3,0,,7,7,1,1,,0,1,71,226,543,FINAL (ENTRADA MANUAL)
35,2,2,101,118,3,,,2,0,0,1,75,78,1,1,,9,5,2,3,,0,0,51,225,543,FINAL (ENTRADA MANUAL)
35,2,3,89,116,6,,,2,0,0,0,65,85,1,1,,6,8,2,1,,0,0,45,214,543,FINAL (ENTRADA MANUAL)
35,3,1,109,123,17,,,1,1,0,4,81,89,10,3,,7,10,2,3,,0,0,50,255,543,FINAL (ENTRADA MANUAL)
35,3,2,93,140,17,,,3,0,1,6,69,103,8,6,,4,6,5,3,,0,0,56,260,543,FINAL (ENTRADA MANUAL)
35,3,3,104,112,24,,,1,2,0,6,66,75,16,5,,5,16,9,2,,0,0,55,249,543,FINAL (ENTRADA MANUAL)
35,3,4,88,115,11,,,1,0,0,3,53,82,7,3,,7,5,2,1,,0,0,58,218,542,FINAL (ENTRADA MANUAL)
35,4,1,105,121,22,,,6,0,0,4,65,75,11,1,,7,6,4,3,,2,0,84,258,614,FINAL (ENTRADA MANUAL)
35,4,2,124,116,13,,,4,1,0,3,87,87,6,3,,8,1,3,2,,3,0,64,264,614,FINAL (ENTRADA MANUAL)
35,5,1,84,110,26,,,13,2,0,4,48,64,14,2,,7,9,7,6,,0,0,82,239,442,FINAL (ENTRADA MANUAL)
35,5,2,83,99,18,,,16,3,1,1,57,61,6,6,,5,8,8,5,,1,0,70,227,442,FINAL (ENTRADA MANUAL)
35,5,3,86,108,19,,,8,1,0,8,52,67,10,5,,9,7,8,4,,2,0,68,232,442,FINAL (ENTRADA MANUAL)
35,5,4,81,86,19,,,19,1,0,3,50,49,10,1,,4,4,8,2,,0,0,81,209,441,FINAL (ENTRADA MANUAL)
35,6,1,96,110,22,,,8,0,0,1,70,76,12,1,,8,5,8,1,,2,0,56,239,506,FINAL (ENTRADA MANUAL)
35,6,2,78,120,12,,,8,1,0,2,59,84,6,2,,3,11,5,1,,0,3,50,224,506,FINAL (ENTRADA MANUAL)
35,6,3,85,127,14,,,4,1,0,0,65,84,9,5,,5,9,3,2,,4,0,54,240,507,FINAL (ENTRADA MANUAL)
35,7,1,70,86,4,,,3,0,0,3,42,67,3,2,,1,3,1,0,,1,0,47,167,479,FINAL (ENTRADA MANUAL)
35,7,2,82,88,3,,,1,1,0,1,56,56,3,0,,0,2,0,0,,3,0,59,179,479,FINAL (ENTRADA MANUAL)
35,8,1,134,142,14,,,2,1,0,1,98,104,6,3,,3,5,3,0,,2,0,75,299,605,FINAL (ENTRADA MANUAL)
35,8,2,110,107,12,,,1,6,2,5,78,77,7,4,,5,4,3,3,,2,2,62,247,605,FINAL (ENTRADA MANUAL)
35,8,3,104,113,14,,,5,1,1,3,72,79,7,3,,6,1,3,2,,1,1,71,246,605,FINAL (ENTRADA MANUAL)
35,8,4,100,114,24,,,6,3,0,3,68,81,12,2,,6,5,5,3,,0,0,68,250,605,FINAL (ENTRADA MANUAL)
35,8,5,109,103,12,,,3,0,2,8,75,70,6,5,,4,4,4,3,,3,1,61,237,605,FINAL (ENTRADA MANUAL)
35,8,6,87,139,11,,,5,0,0,0,63,102,7,0,,3,13,3,0,,0,0,52,242,605,FINAL (ENTRADA MANUAL)
35,9,1,116,101,17,,,1,0,0,3,91,70,13,3,,3,4,1,3,,2,0,50,240,511,FINAL (ENTRADA MANUAL)
35,9,2,119,87,10,,,0,0,0,5,84,59,4,4,,3,5,1,0,,1,0,60,221,511,FINAL (ENTRADA MANUAL)
35,9,3,99,113,4,,,0,0,0,1,77,94,4,2,,2,5,0,0,,1,0,34,219,510,FINAL (ENTRADA MANUAL)
35,10,1,76,123,8,,,1,2,0,3,56,91,2,2,,8,6,1,0,,1,1,47,215,468,FINAL (ENTRADA MANUAL)
35,10,2,73,103,6,,,1,0,1,1,61,62,3,8,,1,8,0,0,,0,1,49,193,468,FINAL (ENTRADA MANUAL)
35,10,3,72,107,7,,,2,0,0,2,55,73,6,2,,4,2,3,1,,0,0,44,190,469,FINAL (ENTRADA MANUAL)
35,11,1,104,127,14,,,1,1,0,2,74,86,7,1,,2,5,4,2,,4,0,68,253,569,FINAL (ENTRADA MANUAL)
35,11,2,98,119,8,,,2,0,0,5,73,73,3,0,,5,11,2,0,,4,0,61,232,569,FINAL (ENTRADA MANUAL)
35,11,3,87,133,24,,,2,0,0,4,56,86,14,2,,7,7,5,2,,2,0,71,252,569,FINAL (ENTRADA MANUAL)
35,11,4,97,142,11,,,1,1,0,2,59,91,6,0,,6,9,6,3,,1,2,74,257,570,FINAL (ENTRADA MANUAL)
35,12,1,108,157,32,,,3,1,0,2,77,115,21,1,,15,8,6,0,,2,0,61,307,591,FINAL (ENTRADA MANUAL)
35,12,2,114,116,17,,,4,3,1,6,77,86,13,4,,1,1,1,0,,2,1,75,261,591,FINAL (ENTRADA MANUAL)
35,12,3,123,107,15,,,4,0,0,3,88,69,10,2,,1,1,2,3,,3,4,78,255,591,FINAL (ENTRADA MANUAL)
35,12,4,124,98,26,,,2,1,0,2,103,66,14,3,,4,9,6,0,,0,0,51,256,591,FINAL (ENTRADA MANUAL)
35,12,5,108,124,25,,,0,0,0,2,72,77,14,3,,7,7,6,0,,1,0,76,263,591,FINAL (ENTRADA MANUAL)
35,12,6,110,115,28,,,2,0,0,7,81,73,15,3,,5,8,3,0,,3,1,70,262,591,FINAL (ENTRADA MANUAL)
35,13,1,92,113,12,,,0,0,0,6,66,72,9,1,,4,5,0,0,,0,0,66,223,423,FINAL (ENTRADA MANUAL)
35,13,2,69,108,29,,,4,0,0,2,45,66,16,2,,4,4,5,4,,1,0,66,213,423,FINAL (ENTRADA MANUAL)
35,13,3,93,91,10,,,2,1,1,6,66,57,9,3,,4,5,3,1,,3,1,52,204,422,FINAL (ENTRADA MANUAL)
35,14,1,95,130,13,,,3,1,0,4,71,94,6,2,,5,5,5,2,,3,0,56,249,500,FINAL (ENTRADA MANUAL)
35,14,2,87,123,12,,,0,1,1,0,71,99,6,0,,2,0,1,0,,0,0,45,224,500,FINAL (ENTRADA MANUAL)
35,14,3,96,118,8,,,4,1,1,6,55,65,4,5,,7,6,3,1,,2,0,88,236,499,FINAL (ENTRADA MANUAL)
35,15,1,121,99,16,,,1,0,0,3,82,78,11,1,,4,2,1,0,,1,0,60,240,561,FINAL (ENTRADA MANUAL)
35,15,2,112,85,17,,,0,0,0,2,81,54,10,2,,2,4,1,0,,0,0,62,216,561,FINAL (ENTRADA MANUAL)
35,15,3,123,99,12,,,0,0,1,1,94,73,6,0,,1,1,0,0,,1,1,59,236,561,FINAL (ENTRADA MANUAL)
35,15,4,108,79,14,,,0,3,1,1,89,61,9,1,,1,2,1,1,,2,1,41,209,560,FINAL (ENTRADA MANUAL)
35,16,1,98,74,6,,,2,0,0,0,78,61,6,0,,8,1,0,0,,2,0,26,182,437,FINAL (ENTRADA MANUAL)
35,16,2,83,61,10,,,2,1,0,4,57,38,6,2,,2,1,1,1,,2,0,53,163,437,FINAL (ENTRADA MANUAL)
35,16,3,92,81,3,,,6,1,0,0,67,57,2,0,,8,1,0,3,,0,0,46,184,438,FINAL (ENTRADA MANUAL)
35,17,1,79,134,21,,,5,2,0,3,47,87,9,2,,5,14,11,2,,0,0,67,244,533,FINAL (ENTRADA MANUAL)
35,17,2,91,118,22,,,3,2,0,5,61,76,13,3,,9,12,4,1,,2,0,62,243,533,FINAL (ENTRADA MANUAL)
35,17,3,86,134,20,,,9,0,0,3,52,79,9,2,,3,13,4,4,,0,14,86,252,533,FINAL (ENTRADA MANUAL)
35,17,4,105,113,16,,,11,1,0,7,77,86,12,2,,3,1,1,2,,2,1,69,256,533,FINAL (ENTRADA MANUAL)
35,17,5,80,146,11,,,8,1,0,2,53,100,8,1,,2,8,3,2,,1,0,71,249,533,FINAL (ENTRADA MANUAL)
35,18,1,113,76,4,,,0,0,0,1,77,55,0,1,,5,1,0,0,,3,0,55,197,414,FINAL (ENTRADA MANUAL)
35,18,2,96,88,6,,,0,1,0,0,63,73,6,0,,5,3,0,0,,2,0,41,193,414,FINAL (ENTRADA MANUAL)
35,18,3,125,62,5,,,1,0,0,3,86,46,3,1,,5,0,2,0,,3,0,51,197,414,FINAL (ENTRADA MANUAL)
35,19,1,98,117,12,,,1,0,1,2,77,86,6,1,,3,5,5,1,,2,1,45,229,600,FINAL (ENTRADA MANUAL)
35,19,2,89,116,4,,,3,1,0,3,71,84,2,3,,6,6,0,1,,0,0,43,216,600,FINAL (ENTRADA MANUAL)
35,19,3,93,123,12,,,1,0,0,4,70,90,4,4,,4,4,1,5,,0,0,51,233,600,FINAL (ENTRADA MANUAL)
35,19,4,99,114,10,,,1,2,0,3,60,75,7,2,,3,6,2,0,,1,0,74,230,598,FINAL (ENTRADA MANUAL)
35,74,1,51,19,3,,,0,0,0,0,40,13,3,0,,3,1,1,0,,0,0,12,73,0,FINAL (ENTRADA MANUAL)
35,74,2,52,20,1,,,0,1,0,0,42,15,1,0,,2,0,0,0,,1,0,14,75,0,FINAL (ENTRADA MANUAL)
35,74,3,57,17,0,,,0,0,0,0,52,11,0,0,,2,3,0,0,,0,0,6,74,0,FINAL (ENTRADA MANUAL)
35,74,4,42,32,2,,,0,1,0,1,32,25,1,0,,1,2,0,1,,0,0,16,78,0,FINAL (ENTRADA MANUAL)
35,74,5,42,34,2,,,0,2,0,1,30,25,0,0,,2,1,1,0,,0,1,22,82,0,FINAL (ENTRADA MANUAL)
35,74,6,49,23,0,,,0,0,0,0,40,12,0,0,,1,2,0,0,,0,0,17,72,0,FINAL (ENTRADA MANUAL)
35,74,7,71,13,4,,,0,0,0,0,57,6,3,0,,3,1,0,0,,1,0,18,89,0,FINAL (ENTRADA MANUAL)
35,74,8,69,14,5,,,1,0,0,1,49,5,3,0,,5,3,0,0,,0,0,25,90,0,FINAL (ENTRADA MANUAL)
35,74,9,73,21,2,,,0,0,0,0,56,10,1,0,,2,0,1,0,,1,0,26,97,0,FINAL (ENTRADA MANUAL)
35,74,10,42,24,5,,,0,1,0,0,36,16,5,0,,1,1,0,2,,1,0,13,75,0,FINAL (ENTRADA MANUAL)
35,74,11,35,29,1,,,1,0,0,0,26,21,1,0,,3,2,0,0,,0,0,13,66,0,FINAL (ENTRADA MANUAL)
35,74,12,0,0,0,,,0,0,0,0,0,0,0,0,,0,0,0,0,,0,0,0,0,0,FINAL (ENTRADA MANUAL)
35,74,13,0,0,0,,,0,0,0,0,0,0,0,0,,0,0,0,0,,0,0,0,0,0,FINAL (ENTRADA MANUAL)
35,75,1,13,7,3,,,4,4,0,0,4,1,1,0,,3,4,2,0,,0,0,16,31,0,FINAL (ENTRADA MANUAL)
35,75,2,4,5,0,,,0,0,0,1,1,5,0,0,,0,0,0,0,,0,0,4,10,0,FINAL (ENTRADA MANUAL)
35,77,1,1541,1129,67,,,11,14,1,7,1129,875,47,6,,64,67,6,1,,6,0,574,2776,0,FINAL (ENTRADA MANUAL)
35,77,2,0,0,0,,,0,0,0,0,0,0,0,0,,0,0,0,0,,0,0,0,0,0,FINAL (ENTRADA MANUAL)
35,77,3,0,0,0,,,0,0,0,0,0,0,0,0,,0,0,0,0,,0,0,0,0,0,FINAL (ENTRADA MANUAL)
35,77,5,0,0,0,,,0,0,0,0,0,0,0,0,,0,0,0,0,,0,0,0,0,0,FINAL (ENTRADA MANUAL)
35,78,1,42,24,1,,,0,1,0,0,30,16,0,1,,0,3,0,0,,1,0,19,70,0,FINAL (ENTRADA MANUAL)
35,78,2,0,0,0,,,0,0,0,0,0,0,0,0,,0,0,0,0,,0,0,0,0,0,FINAL (ENTRADA MANUAL)
35,78,3,0,0,0,,,0,0,0,0,0,0,0,0,,0,0,0,0,,0,0,0,0,0,FINAL (ENTRADA MANUAL)
35,79,1,2,0,0,,,0,0,0,0,0,0,0,0,,0,0,0,0,,0,0,2,2,0,FINAL (ENTRADA MANUAL)
35,79,2,0,0,0,,,0,0,0,0,0,0,0,0,,0,0,0,0,,0,0,0,0,0,FINAL (ENTRADA MANUAL)
35,80,1,0,1,1,,,0,0,5,0,0,0,0,0,,0,0,0,1,,0,5,1,7,0,FINAL (ENTRADA MANUAL)
36,1,1,164,60,1,,,,2,1,0,141,53,0,0,,3,3,1,0,,0,1,27,229,394,FINAL (ENTRADA MANUAL)
36,1,2,168,40,2,,,,0,0,2,137,31,2,1,,3,4,2,1,,1,0,31,213,395,FINAL (ENTRADA MANUAL)
36,2,1,104,116,4,,,,0,0,3,78,93,3,1,,4,4,1,0,,0,0,43,227,481,FINAL (ENTRADA MANUAL)
36,2,2,106,103,8,,,,0,0,1,75,78,6,0,,7,7,0,0,,3,0,45,221,481,FINAL (ENTRADA MANUAL)
36,2,3,121,91,9,,,,1,0,2,83,64,7,0,,3,11,2,2,,1,0,52,225,481,FINAL (ENTRADA MANUAL)
36,2,4,91,108,6,,,,0,0,10,64,77,4,6,,4,8,0,2,,0,0,50,215,481,FINAL (ENTRADA MANUAL)
36,2,5,119,106,13,,,,0,0,0,91,80,10,0,,5,2,5,1,,0,0,44,238,480,FINAL (ENTRADA MANUAL)
36,3,1,141,86,4,,,,0,0,2,90,71,3,1,,1,11,0,1,,1,0,55,234,494,FINAL (ENTRADA MANUAL)
36,3,2,133,86,3,,,,0,0,3,102,74,1,2,,1,6,2,0,,0,0,37,225,494,FINAL (ENTRADA MANUAL)
36,3,3,142,62,4,,,,0,0,3,98,50,2,2,,3,7,2,0,,0,0,47,211,494,FINAL (ENTRADA MANUAL)
36,3,4,157,88,5,,,,2,0,2,108,72,1,2,,5,5,0,4,,0,0,57,254,495,FINAL (ENTRADA MANUAL)
36,4,1,134,68,11,,,,4,0,1,96,51,6,1,,2,5,1,0,,2,0,56,220,518,FINAL (ENTRADA MANUAL)
36,4,2,138,90,6,,,,0,0,5,106,66,0,2,,6,4,1,3,,1,1,51,241,518,FINAL (ENTRADA MANUAL)
36,4,3,107,74,10,,,,1,0,1,84,57,6,1,,2,3,4,1,,1,0,35,194,518,FINAL (ENTRADA MANUAL)
36,4,4,114,84,7,,,,2,0,3,76,56,6,1,,3,6,0,1,,3,0,61,213,518,FINAL (ENTRADA MANUAL)
36,4,5,120,99,13,,,,0,0,2,91,73,9,1,,8,2,2,1,,1,0,47,235,519,FINAL (ENTRADA MANUAL)
36,5,1,144,121,7,,,,1,0,9,111,92,7,7,,11,5,0,0,,2,0,49,284,567,FINAL (ENTRADA MANUAL)
36,5,2,120,84,10,,,,2,0,3,102,65,7,1,,4,3,2,2,,3,0,33,222,567,FINAL (ENTRADA MANUAL)
36,5,3,136,92,5,,,,3,0,2,111,76,4,2,,4,1,0,1,,1,0,39,239,567,FINAL (ENTRADA MANUAL)
36,5,4,133,99,10,,,,0,0,5,107,81,8,3,,4,5,3,2,,0,0,34,247,567,FINAL (ENTRADA MANUAL)
36,5,5,119,111,9,,,,2,0,0,88,88,5,0,,1,2,0,0,,1,0,57,242,567,FINAL (ENTRADA MANUAL)
36,5,6,100,116,10,,,,1,0,3,75,89,6,2,,9,7,4,1,,1,0,37,231,566,FINAL (ENTRADA MANUAL)
36,6,1,91,144,5,,,,0,1,1,75,112,3,1,,3,14,1,3,,2,2,30,246,550,FINAL (ENTRADA MANUAL)
36,6,2,99,115,5,,,,0,0,1,70,89,2,1,,5,3,4,1,,4,0,45,224,550,FINAL (ENTRADA MANUAL)
36,6,3,128,102,6,,,,2,0,4,101,78,5,4,,5,5,3,0,,1,0,41,243,550,FINAL (ENTRADA MANUAL)
36,6,4,118,98,4,,,,2,1,2,95,75,1,2,,3,2,0,0,,1,0,47,226,550,FINAL (ENTRADA MANUAL)
36,6,5,114,111,8,,,,1,0,3,85,88,2,1,,3,5,1,2,,3,0,50,240,550,FINAL (ENTRADA MANUAL)
36,6,6,95,124,3,,,,1,1,3,77,99,0,1,,5,2,0,3,,0,0,40,227,550,FINAL (ENTRADA MANUAL)
36,6,7,123,108,5,,,,0,0,4,98,80,3,1,,4,10,1,0,,0,0,43,240,549,FINAL (ENTRADA MANUAL)
36,7,1,128,82,11,,,,0,1,1,101,61,9,0,,2,5,1,0,,0,1,44,224,599,FINAL (ENTRADA MANUAL)
36,7,2,148,101,8,,,,0,0,5,104,82,2,5,,1,6,2,0,,0,0,60,262,599,FINAL (ENTRADA MANUAL)
36,7,3,133,94,18,,,,0,0,4,105,70,16,1,,1,8,1,0,,1,1,47,251,598,FINAL (ENTRADA MANUAL)
36,8,1,123,93,17,,,,1,0,7,88,75,12,6,,5,4,2,1,,3,0,48,244,477,FINAL (ENTRADA MANUAL)
36,8,2,108,109,14,,,,0,0,1,79,91,9,1,,5,3,1,2,,2,0,41,234,477,FINAL (ENTRADA MANUAL)
36,8,3,123,101,12,,,,0,0,4,93,83,8,1,,1,2,1,0,,2,0,51,242,478,FINAL (ENTRADA MANUAL)
36,9,1,126,121,5,,,,1,0,3,101,88,4,2,,12,7,2,0,,0,0,40,256,551,FINAL (ENTRADA MANUAL)
36,9,2,129,102,7,,,,0,0,2,95,77,2,1,,5,4,4,1,,3,0,51,243,551,FINAL (ENTRADA MANUAL)
36,9,3,128,98,4,,,,2,0,4,104,67,3,1,,5,6,2,2,,1,0,46,237,551,FINAL (ENTRADA MANUAL)
36,9,4,128,126,3,,,,0,0,0,115,84,1,0,,4,9,1,0,,2,0,43,259,551,FINAL (ENTRADA MANUAL)
36,9,5,132,106,9,,,,1,0,2,109,79,4,2,,5,8,3,0,,3,0,40,253,553,FINAL (ENTRADA MANUAL)
36,10,1,110,62,4,,,,0,0,4,90,50,1,2,,1,2,6,2,,0,0,26,180,395,FINAL (ENTRADA MANUAL)
36,10,2,93,65,4,,,,1,0,0,71,59,4,0,,4,0,1,0,,0,0,24,163,395,FINAL (ENTRADA MANUAL)
36,11,1,95,111,6,,,,2,0,0,69,87,4,0,,14,8,0,0,,1,1,32,217,434,FINAL (ENTRADA MANUAL)
36,11,2,86,116,6,,,,0,0,3,64,80,2,3,,7,0,0,2,,7,0,53,218,434,FINAL (ENTRADA MANUAL)
36,11,3,90,110,8,,,,0,0,1,66,80,5,1,,1,6,2,1,,1,0,47,210,434,FINAL (ENTRADA MANUAL)
36,11,4,77,125,9,,,,0,0,0,51,100,5,0,,4,10,1,0,,1,0,40,212,436,FINAL (ENTRADA MANUAL)
36,74,1,90,8,0,,,,0,0,0,78,7,0,0,,0,1,0,0,,1,0,12,99,0,FINAL (ENTRADA MANUAL)
36,74,2,81,16,1,,,,0,0,1,67,13,0,0,,6,2,0,0,,0,0,11,99,0,FINAL (ENTRADA MANUAL)
36,74,3,60,31,0,,,,0,0,1,48,26,0,1,,1,0,0,0,,1,0,16,93,0,FINAL (ENTRADA MANUAL)
36,74,4,49,42,1,,,,0,0,0,44,38,1,0,,0,0,0,0,,0,0,9,92,0,FINAL (ENTRADA MANUAL)
36,74,5,52,35,1,,,,1,0,0,49,33,1,0,,2,0,0,0,,0,0,4,89,0,FINAL (ENTRADA MANUAL)
36,74,6,60,35,0,,,,0,0,0,52,30,0,0,,1,0,0,0,,0,0,12,95,0,FINAL (ENTRADA MANUAL)
36,74,7,52,29,0,,,,0,0,0,48,27,0,0,,1,1,0,0,,0,0,4,81,0,FINAL (ENTRADA MANUAL)
36,74,8,47,31,0,,,,0,0,1,44,28,0,0,,3,0,1,0,,2,0,3,81,0,FINAL (ENTRADA MANUAL)
36,74,9,43,35,0,,,,0,0,0,41,30,0,0,,0,0,0,0,,1,0,7,79,0,FINAL (ENTRADA MANUAL)
36,74,10,72,26,1,,,,0,0,1,63,19,1,1,,3,2,0,0,,0,0,11,100,0,FINAL (ENTRADA MANUAL)
36,74,11,49,40,4,,,,0,0,1,40,34,4,0,,2,0,0,0,,0,0,14,94,0,FINAL (ENTRADA MANUAL)
36,74,12,54,33,1,,,,0,0,3,50,27,0,3,,1,0,0,0,,0,0,10,91,0,FINAL (ENTRADA MANUAL)
36,74,13,68,29,3,,,,0,0,0,57,17,3,0,,5,0,0,0,,0,0,18,100,0,FINAL (ENTRADA MANUAL)
36,74,14,50,44,3,,,,0,0,0,46,39,3,0,,3,0,0,0,,1,0,6,98,0,FINAL (ENTRADA MANUAL)
36,74,15,52,49,1,,,,0,0,2,44,45,1,0,,0,0,0,0,,1,0,14,105,0,FINAL (ENTRADA MANUAL)
36,74,16,45,50,1,,,,0,0,0,40,44,1,0,,1,3,0,0,,1,0,7,97,0,FINAL (ENTRADA MANUAL)
36,74,17,0,0,0,,,,0,0,0,0,0,0,0,,0,0,0,0,,0,0,0,0,0,FINAL (ENTRADA MANUAL)
36,74,18,0,0,0,,,,0,0,0,0,0,0,0,,0,0,0,0,,0,0,0,0,0,FINAL (ENTRADA MANUAL)
36,74,19,0,0,0,,,,0,0,0,0,0,0,0,,0,0,0,0,,0,0,0,0,0,FINAL (ENTRADA MANUAL)
36,74,20,0,0,0,,,,0,0,0,0,0,0,0,,0,0,0,0,,0,0,0,0,0,FINAL (ENTRADA MANUAL)
36,74,21,0,0,0,,,,0,0,0,0,0,0,0,,0,0,0,0,,0,0,0,0,0,FINAL (ENTRADA MANUAL)
36,75,1,7,6,0,,,,2,0,0,4,2,0,0,,0,1,0,0,,1,2,8,18,0,FINAL (ENTRADA MANUAL)
36,75,2,0,0,0,,,,0,0,0,0,0,0,0,,0,0,0,0,,0,0,0,0,0,FINAL (ENTRADA MANUAL)
36,77,1,248,316,15,,,,1,0,2,240,305,14,2,,9,7,2,0,,0,0,3,582,0,FINAL (ENTRADA MANUAL)
36,77,2,455,389,18,,,,0,0,3,439,373,17,3,,11,11,1,1,,0,0,9,865,0,FINAL (ENTRADA MANUAL)
36,77,3,12,4,2,,,,1,0,0,9,0,0,0,,1,2,0,0,,0,0,7,19,0,FINAL (ENTRADA MANUAL)
36,77,5,0,0,0,,,,0,0,0,0,0,0,0,,0,0,0,0,,0,0,0,0,0,FINAL (ENTRADA MANUAL)
36,78,1,37,22,0,,,,0,0,0,31,13,0,0,,2,0,0,0,,0,0,13,59,0,FINAL (ENTRADA MANUAL)
36,78,2,0,0,0,,,,0,0,0,0,0,0,0,,0,0,0,0,,0,0,0,0,0,FINAL (ENTRADA MANUAL)
36,78,3,0,0,0,,,,0,0,0,0,0,0,0,,0,0,0,0,,0,0,0,0,0,FINAL (ENTRADA MANUAL)
36,79,1,0,0,0,,,,0,0,2,0,0,0,0,,0,0,0,0,,0,2,0,2,0,FINAL (ENTRADA MANUAL)
37,1,1,109,96,3,,,,0,0,4,89,77,1,3,,4,3,0,0,,5,0,35,217,376,FINAL (ENTRADA MANUAL)
37,1,2,116,98,8,,,,0,0,1,101,59,4,1,,1,9,3,0,,1,0,45,224,377,FINAL (ENTRADA MANUAL)
37,2,1,90,121,3,,,,2,0,3,83,96,2,3,,2,9,2,0,,0,1,22,220,416,FINAL (ENTRADA MANUAL)
37,2,2,88,122,5,,,,0,0,1,65,97,3,0,,12,3,1,0,,0,0,35,216,415,FINAL (ENTRADA MANUAL)
37,3,1,145,82,8,,,,1,0,0,119,52,4,0,,3,5,1,1,,4,1,51,241,498,FINAL (ENTRADA MANUAL)
37,3,2,114,99,5,,,,0,0,6,94,64,4,4,,2,6,0,0,,0,1,50,225,498,FINAL (ENTRADA MANUAL)
37,3,3,126,111,6,,,,0,0,3,99,75,3,3,,2,4,3,1,,6,0,56,252,498,FINAL (ENTRADA MANUAL)
37,3,4,99,91,3,,,,3,0,0,72,55,3,0,,9,5,0,4,,3,0,48,199,500,FINAL (ENTRADA MANUAL)
37,74,1,53,38,0,,,,0,1,1,46,34,0,0,,2,0,0,0,,0,0,11,93,0,FINAL (ENTRADA MANUAL)
37,74,2,43,22,1,,,,0,0,4,41,21,0,0,,2,0,0,0,,4,0,2,70,0,FINAL (ENTRADA MANUAL)
37,74,3,38,26,2,,,,1,0,0,34,26,2,0,,0,0,0,0,,2,0,5,69,0,FINAL (ENTRADA MANUAL)
37,74,4,0,0,0,,,,0,0,0,0,0,0,0,,0,0,0,0,,0,0,0,0,0,FINAL (ENTRADA MANUAL)
37,75,1,6,5,0,,,,0,1,0,5,4,0,0,,0,0,0,1,,0,0,2,12,0,FINAL (ENTRADA MANUAL)
37,75,2,4,1,0,,,,2,0,0,4,0,0,0,,0,0,0,0,,0,0,3,7,0,FINAL (ENTRADA MANUAL)
37,77,1,0,1,0,,,,0,0,0,0,1,0,0,,0,0,0,0,,0,0,0,1,0,FINAL (ENTRADA MANUAL)
37,77,2,92,88,0,,,,1,0,1,90,81,0,1,,5,4,1,0,,0,0,0,182,0,FINAL (ENTRADA MANUAL)
37,77,3,0,0,0,,,,1,0,0,0,0,0,0,,0,0,0,0,,0,0,1,1,0,FINAL (ENTRADA MANUAL)
37,77,5,0,0,0,,,,0,0,0,0,0,0,0,,0,0,0,0,,0,0,0,0,0,FINAL (ENTRADA MANUAL)
37,78,1,0,0,0,,,,0,0,0,0,0,0,0,,0,0,0,0,,0,0,0,0,0,FINAL (ENTRADA MANUAL)
37,78,2,0,0,0,,,,0,0,0,0,0,0,0,,0,0,0,0,,0,0,0,0,0,FINAL (ENTRADA MANUAL)
37,78,3,0,0,0,,,,0,0,0,0,0,0,0,,0,0,0,0,,0,0,0,0,0,FINAL (ENTRADA MANUAL)
37,79,1,0,0,0,,,,0,0,0,0,0,0,0,,0,0,0,0,,1,0,0,1,0,FINAL (ENTRADA MANUAL)
38,1,1,85,131,14,,,,0,0,2,60,71,6,1,,15,7,1,1,,0,0,70,232,438,FINAL (ENTRADA MANUAL)
38,1,2,84,110,8,,,,0,0,0,55,61,4,0,,4,4,4,1,,1,1,69,204,438,FINAL (ENTRADA MANUAL)
38,1,3,77,125,3,,,,0,0,3,44,80,1,1,,6,3,1,0,,1,0,72,209,437,FINAL (ENTRADA MANUAL)
38,2,1,124,104,6,,,,1,1,2,80,52,3,1,,11,7,1,3,,0,0,80,238,503,FINAL (ENTRADA MANUAL)
38,2,2,126,116,3,,,,0,0,2,73,57,2,1,,14,2,1,3,,0,0,94,247,503,FINAL (ENTRADA MANUAL)
38,2,3,117,100,3,,,,0,0,1,98,54,1,1,,3,3,0,6,,2,0,55,223,503,FINAL (ENTRADA MANUAL)
38,2,4,115,102,2,,,,1,0,5,66,41,2,2,,20,8,2,1,,2,0,83,227,502,FINAL (ENTRADA MANUAL)
38,3,1,87,97,5,,,,0,0,0,66,57,2,0,,1,3,1,3,,2,1,56,192,468,FINAL (ENTRADA MANUAL)
38,3,2,92,102,5,,,,0,1,0,65,49,5,0,,8,2,2,1,,0,0,68,200,468,FINAL (ENTRADA MANUAL)
38,3,3,109,104,0,,,,0,0,2,76,52,0,2,,0,4,0,3,,2,0,78,217,469,FINAL (ENTRADA MANUAL)
38,4,1,95,129,11,,,,0,0,2,60,75,10,1,,9,6,1,1,,1,0,74,238,514,FINAL (ENTRADA MANUAL)
38,4,2,80,144,9,,,,1,0,4,41,72,5,0,,10,6,5,1,,1,0,98,239,514,FINAL (ENTRADA MANUAL)
38,4,3,91,127,4,,,,1,0,3,50,62,2,3,,7,4,2,2,,0,0,94,226,514,FINAL (ENTRADA MANUAL)
38,4,4,89,136,9,,,,1,1,3,62,76,6,1,,10,8,3,2,,1,0,71,240,515,FINAL (ENTRADA MANUAL)
38,5,1,135,127,7,,,,1,0,2,80,83,5,0,,10,9,0,2,,2,0,83,274,527,FINAL (ENTRADA MANUAL)
38,5,2,123,136,10,,,,0,0,1,71,76,8,0,,15,6,4,1,,1,1,89,272,527,FINAL (ENTRADA MANUAL)
38,5,3,134,126,8,,,,0,0,1,73,70,5,1,,12,10,2,1,,3,0,95,272,527,FINAL (ENTRADA MANUAL)
38,5,4,111,141,15,,,,3,0,0,66,75,7,0,,9,13,1,2,,4,0,97,274,527,FINAL (ENTRADA MANUAL)
38,5,5,105,130,10,,,,1,0,4,61,76,6,3,,13,13,3,1,,1,0,74,251,527,FINAL (ENTRADA MANUAL)
38,5,6,112,130,9,,,,0,0,2,57,63,6,1,,10,12,3,0,,3,0,101,256,529,FINAL (ENTRADA MANUAL)
38,6,1,100,133,5,,,,0,0,6,80,70,5,5,,4,13,1,4,,2,0,62,246,528,FINAL (ENTRADA MANUAL)
38,6,2,100,132,6,,,,0,0,3,68,91,4,2,,8,3,0,2,,2,0,63,243,528,FINAL (ENTRADA MANUAL)
38,6,3,61,127,6,,,,0,1,0,42,74,5,0,,2,5,0,0,,1,0,67,196,528,FINAL (ENTRADA MANUAL)
38,6,4,82,128,10,,,,0,0,3,58,85,6,1,,8,4,1,1,,2,1,59,226,528,FINAL (ENTRADA MANUAL)
38,6,5,76,131,5,,,,0,0,3,55,66,1,2,,4,7,4,0,,4,0,76,219,530,FINAL (ENTRADA MANUAL)
38,7,1,84,151,5,,,,1,0,2,59,103,3,2,,4,6,1,1,,0,0,64,243,461,FINAL (ENTRADA MANUAL)
38,7,2,78,148,8,,,,1,0,1,63,108,7,1,,1,5,1,1,,2,0,49,238,461,FINAL (ENTRADA MANUAL)
38,7,3,80,151,3,,,,0,0,2,59,101,1,1,,3,3,2,4,,0,0,62,236,462,FINAL (ENTRADA MANUAL)
38,8,1,79,141,4,,,,0,0,1,51,98,1,1,,3,3,2,4,,3,0,62,228,430,FINAL (ENTRADA MANUAL)
38,8,2,80,113,3,,,,1,0,3,55,62,0,3,,8,4,2,0,,3,0,66,203,430,FINAL (ENTRADA MANUAL)
38,9,1,71,127,12,,,,0,0,5,57,97,9,3,,4,9,6,3,,0,0,27,215,444,FINAL (ENTRADA MANUAL)
38,9,2,73,130,6,,,,0,0,2,54,72,4,2,,3,8,4,2,,1,0,62,212,445,FINAL (ENTRADA MANUAL)
38,10,1,75,197,3,,,,0,0,1,51,150,3,1,,2,0,0,4,,0,0,65,276,524,FINAL (ENTRADA MANUAL)
38,10,2,76,174,1,,,,0,0,1,55,126,0,0,,9,7,1,2,,1,0,52,253,524,FINAL (ENTRADA MANUAL)
38,10,3,99,166,3,,,,0,0,2,73,104,0,1,,12,2,3,1,,0,0,74,269,524,FINAL (ENTRADA MANUAL)
38,10,4,72,193,2,,,,0,0,1,52,128,2,1,,6,7,0,0,,1,0,72,269,524,FINAL (ENTRADA MANUAL)
38,11,1,102,133,5,,,,0,0,0,73,76,1,0,,5,4,2,1,,3,0,78,243,498,FINAL (ENTRADA MANUAL)
38,11,2,114,139,6,,,,1,0,3,98,81,5,1,,8,9,0,1,,1,0,60,264,499,FINAL (ENTRADA MANUAL)
38,12,1,95,173,8,,,,1,0,5,64,120,4,2,,7,13,3,3,,3,0,66,285,559,FINAL (ENTRADA MANUAL)
38,12,2,103,164,6,,,,2,0,2,64,108,5,1,,9,9,4,4,,0,1,73,278,559,FINAL (ENTRADA MANUAL)
38,12,3,97,189,4,,,,0,0,3,54,109,2,3,,11,15,1,0,,1,0,98,294,560,FINAL (ENTRADA MANUAL)
38,13,1,78,166,7,,,,0,0,2,49,112,4,0,,6,0,1,0,,0,0,81,253,500,FINAL (ENTRADA MANUAL)
38,13,2,95,137,7,,,,0,0,0,68,80,4,0,,6,5,0,1,,1,1,75,241,500,FINAL (ENTRADA MANUAL)
38,13,3,87,136,5,,,,2,0,3,49,82,3,1,,10,6,2,3,,1,0,77,234,500,FINAL (ENTRADA MANUAL)
38,13,4,74,161,6,,,,0,0,1,44,105,3,1,,4,4,2,0,,0,0,79,242,500,FINAL (ENTRADA MANUAL)
38,13,5,79,145,4,,,,0,0,0,57,81,2,0,,9,5,2,1,,3,0,71,231,500,FINAL (ENTRADA MANUAL)
38,14,1,74,150,7,,,,3,1,2,51,93,6,1,,9,17,1,2,,2,0,57,239,427,FINAL (ENTRADA MANUAL)
38,14,2,67,143,5,,,,0,0,1,39,77,2,0,,6,12,3,0,,1,0,77,217,427,FINAL (ENTRADA MANUAL)
38,14,3,76,140,3,,,,2,0,1,49,107,2,1,,2,4,1,1,,1,0,55,223,427,FINAL (ENTRADA MANUAL)
38,14,4,82,139,6,,,,0,0,1,57,112,3,1,,7,7,2,0,,0,0,39,228,427,FINAL (ENTRADA MANUAL)
38,15,1,104,171,5,,,,4,0,2,67,115,1,2,,7,8,1,0,,1,0,85,287,570,FINAL (ENTRADA MANUAL)
38,15,2,133,147,9,,,,0,0,5,79,92,5,2,,9,14,1,4,,3,0,88,297,569,FINAL (ENTRADA MANUAL)
38,16,1,85,163,16,,,,0,0,1,60,83,11,1,,9,14,6,5,,1,0,76,266,578,FINAL (ENTRADA MANUAL)
38,16,2,104,158,7,,,,1,0,5,73,92,3,5,,6,9,3,3,,4,0,81,279,578,FINAL (ENTRADA MANUAL)
38,16,3,100,167,11,,,,3,2,1,57,99,5,0,,14,7,6,7,,0,0,89,284,578,FINAL (ENTRADA MANUAL)
38,16,4,87,160,13,,,,1,0,4,50,83,5,3,,12,12,6,2,,1,0,92,266,579,FINAL (ENTRADA MANUAL)
38,17,1,70,138,3,,,,0,0,0,56,114,2,0,,2,3,4,0,,0,0,30,211,409,FINAL (ENTRADA MANUAL)
38,17,2,68,128,7,,,,1,0,1,39,90,5,0,,8,1,2,0,,0,0,60,205,409,FINAL (ENTRADA MANUAL)
38,17,3,61,147,1,,,,0,0,3,50,111,0,0,,1,3,1,2,,0,0,44,212,409,FINAL (ENTRADA MANUAL)
38,74,1,19,33,1,,,,0,0,0,15,25,0,0,,0,3,0,0,,0,0,10,53,0,FINAL (ENTRADA MANUAL)
38,74,2,15,42,1,,,,0,0,0,11,31,1,0,,2,0,0,0,,1,0,13,59,0,FINAL (ENTRADA MANUAL)
38,74,3,26,68,0,,,,0,0,0,15,54,0,0,,2,1,2,0,,0,0,20,94,0,FINAL (ENTRADA MANUAL)
38,74,4,44,32,1,,,,0,0,0,36,21,1,0,,2,2,0,0,,0,0,15,77,0,FINAL (ENTRADA MANUAL)
38,74,5,35,36,1,,,,0,0,0,30,27,1,0,,1,1,0,0,,1,0,12,73,0,FINAL (ENTRADA MANUAL)
38,74,6,45,28,1,,,,0,0,1,36,25,1,0,,1,1,0,1,,0,0,10,75,0,FINAL (ENTRADA MANUAL)
38,74,7,26,51,1,,,,0,0,2,22,44,0,1,,0,2,0,0,,0,0,11,80,0,FINAL (ENTRADA MANUAL)
38,74,8,26,53,0,,,,0,0,0,18,39,0,0,,1,0,1,0,,0,0,20,79,0,FINAL (ENTRADA MANUAL)
38,74,9,0,0,0,,,,0,0,0,0,0,0,0,,0,0,0,0,,0,0,0,0,0,FINAL (ENTRADA MANUAL)
38,75,1,0,0,0,,,,0,0,0,0,0,0,0,,0,0,0,0,,0,0,0,0,0,FINAL (ENTRADA MANUAL)
38,75,2,0,1,0,,,,0,0,0,0,1,0,0,,0,0,0,0,,0,0,0,1,0,FINAL (ENTRADA MANUAL)
38,75,3,81,133,6,,,,2,1,7,2,3,0,0,,34,28,2,6,,1,0,154,230,0,FINAL (ENTRADA MANUAL)
38,77,1,468,676,6,,,,0,0,2,440,627,5,2,,36,21,3,0,,0,0,18,1152,0,FINAL (ENTRADA MANUAL)
38,77,2,287,349,8,,,,1,0,2,275,319,6,1,,15,8,0,1,,0,0,22,647,0,FINAL (ENTRADA MANUAL)
38,77,3,461,580,21,,,,0,2,0,224,285,10,8,,24,11,3,4,,11,15,533,1098,0,FINAL (ENTRADA MANUAL)
38,77,5,2,0,0,,,,1,0,0,2,0,0,0,,0,0,0,0,,0,0,1,3,0,FINAL (ENTRADA MANUAL)
38,78,1,19,27,2,,,,0,0,0,7,16,1,0,,2,0,0,1,,0,0,21,48,0,FINAL (ENTRADA MANUAL)
38,78,2,0,0,0,,,,0,0,0,0,0,0,0,,0,0,0,0,,0,0,0,0,0,FINAL (ENTRADA MANUAL)
38,78,3,0,0,0,,,,0,0,0,0,0,0,0,,0,0,0,0,,0,0,0,0,0,FINAL (ENTRADA MANUAL)
38,79,1,0,0,0,,,,0,0,0,0,0,0,0,,0,0,0,0,,0,0,0,0,0,FINAL (ENTRADA MANUAL)
39,1,1,45,129,8,80,,,0,1,2,30,91,7,36,,2,13,1,6,,3,0,79,268,566,FINAL (ENTRADA MANUAL)
39,1,2,50,129,4,61,,,0,0,2,34,91,2,23,,2,5,1,9,,0,0,79,246,567,FINAL (ENTRADA MANUAL)
39,2,1,52,106,4,64,,,0,0,0,40,84,2,33,,1,2,0,2,,2,0,62,228,502,FINAL (ENTRADA MANUAL)
39,2,2,61,111,5,57,,,2,0,2,50,76,3,34,,2,4,0,7,,0,0,62,238,502,FINAL (ENTRADA MANUAL)
39,2,3,51,115,3,59,,,0,0,3,40,71,2,25,,1,3,1,6,,0,0,82,231,502,FINAL (ENTRADA MANUAL)
39,2,4,49,114,3,64,,,1,1,0,29,76,1,32,,5,5,0,6,,1,0,78,233,502,FINAL (ENTRADA MANUAL)
39,2,5,57,97,6,61,,,0,0,1,38,66,3,33,,2,2,0,5,,0,1,73,223,501,FINAL (ENTRADA MANUAL)
39,3,1,47,120,1,14,,,0,0,0,32,90,1,4,,0,0,1,2,,0,0,52,182,430,FINAL (ENTRADA MANUAL)
39,3,2,68,113,2,15,,,0,0,0,58,96,2,9,,2,0,0,1,,0,0,30,198,429,FINAL (ENTRADA MANUAL)
39,4,1,48,140,4,55,,,0,0,1,33,96,3,33,,0,4,2,5,,0,0,72,248,531,FINAL (ENTRADA MANUAL)
39,4,2,69,128,5,55,,,0,0,1,43,94,2,24,,2,3,2,6,,0,0,82,258,531,FINAL (ENTRADA MANUAL)
39,4,3,53,136,4,44,,,0,0,0,34,104,3,22,,0,2,1,4,,3,0,67,240,531,FINAL (ENTRADA MANUAL)
39,4,4,53,143,2,46,,,0,0,2,35,85,1,15,,2,2,0,5,,0,0,101,246,532,FINAL (ENTRADA MANUAL)
39,5,1,50,106,6,54,,,0,1,0,37,73,5,20,,8,2,0,7,,2,0,65,219,477,FINAL (ENTRADA MANUAL)
39,5,2,50,105,1,59,,,0,0,1,38,71,0,32,,2,2,1,3,,1,0,67,217,477,FINAL (ENTRADA MANUAL)
39,5,3,61,89,3,48,,,1,0,1,44,53,2,25,,1,3,0,4,,0,0,71,203,477,FINAL (ENTRADA MANUAL)
39,5,4,62,93,6,56,,,1,0,1,47,63,5,22,,3,3,2,4,,0,0,70,219,477,FINAL (ENTRADA MANUAL)
39,5,5,36,115,2,41,,,0,0,0,24,81,2,23,,0,5,0,2,,1,0,57,195,477,FINAL (ENTRADA MANUAL)
39,6,1,72,105,2,41,,,1,1,0,41,86,2,32,,2,0,1,3,,2,0,55,224,461,FINAL (ENTRADA MANUAL)
39,6,2,88,96,0,32,,,0,0,0,49,55,0,18,,7,1,0,3,,1,0,83,217,461,FINAL (ENTRADA MANUAL)
39,6,3,69,106,0,29,,,0,0,1,50,78,0,19,,0,0,0,1,,6,0,57,211,462,FINAL (ENTRADA MANUAL)
39,7,1,111,87,2,18,,,0,0,0,91,62,1,10,,5,2,1,3,,1,1,43,220,500,FINAL (ENTRADA MANUAL)
39,74,1,43,42,0,0,,,0,0,0,31,37,0,0,,1,0,0,0,,0,0,16,85,0,FINAL (ENTRADA MANUAL)
39,74,2,48,43,1,4,,,0,0,0,36,35,1,3,,1,0,0,0,,0,0,20,96,0,FINAL (ENTRADA MANUAL)
39,74,3,45,45,0,1,,,0,0,2,37,41,0,0,,0,1,0,1,,0,0,13,93,0,FINAL (ENTRADA MANUAL)
39,74,4,28,38,3,4,,,0,0,1,23,26,3,1,,0,1,0,0,,1,0,20,75,0,FINAL (ENTRADA MANUAL)
39,74,5,31,35,2,6,,,0,0,0,26,27,1,2,,1,4,0,1,,0,0,12,74,0,FINAL (ENTRADA MANUAL)
39,74,6,21,40,1,5,,,0,0,2,17,29,1,1,,0,0,0,1,,2,0,20,71,0,FINAL (ENTRADA MANUAL)
39,74,7,0,0,0,0,,,0,0,0,0,0,0,0,,0,0,0,0,,0,0,0,0,0,FINAL (ENTRADA MANUAL)
39,75,1,3,5,0,5,,,1,0,2,2,3,0,2,,0,0,0,0,,1,0,8,16,0,FINAL (ENTRADA MANUAL)
39,77,1,141,400,7,15,,,0,0,0,137,389,6,15,,5,6,1,0,,0,0,4,563,0,FINAL (ENTRADA MANUAL)
39,77,2,17,30,1,3,,,0,0,0,16,29,1,3,,0,2,0,0,,0,0,0,51,0,FINAL (ENTRADA MANUAL)
39,77,3,0,6,0,0,,,0,0,0,0,6,0,0,,0,0,0,0,,0,0,0,6,0,FINAL (ENTRADA MANUAL)
39,77,5,0,0,0,0,,,0,0,0,0,0,0,0,,0,0,0,0,,0,0,0,0,0,FINAL (ENTRADA MANUAL)
39,78,1,10,7,0,3,,,0,0,0,9,4,0,0,,0,0,0,1,,1,0,6,21,0,FINAL (ENTRADA MANUAL)
39,78,2,0,0,0,0,,,0,0,0,0,0,0,0,,0,0,0,0,,0,0,0,0,0,FINAL (ENTRADA MANUAL)
39,78,3,0,0,0,0,,,0,0,0,0,0,0,0,,0,0,0,0,,0,0,0,0,0,FINAL (ENTRADA MANUAL)
39,79,1,0,0,0,0,,,0,0,0,0,0,0,0,,0,0,0,0,,0,1,0,1,0,FINAL (ENTRADA MANUAL)
40,1,1,92,187,7,5,,0,0,1,2,62,146,6,3,,1,3,2,2,,1,0,69,295,521,FINAL (ENTRADA MANUAL)
40,2,1,162,72,0,4,,1,0,0,1,135,64,0,3,,6,4,0,0,,0,0,28,240,430,FINAL (ENTRADA MANUAL)
40,3,1,134,117,8,25,,0,0,1,0,102,90,6,14,,4,3,0,2,,1,0,64,286,553,FINAL (ENTRADA MANUAL)
40,3,2,147,115,8,24,,1,0,0,0,109,83,8,14,,4,9,2,0,,0,0,66,295,553,FINAL (ENTRADA MANUAL)
40,3,3,137,134,11,13,,0,2,0,0,92,109,8,6,,3,2,3,7,,0,1,67,298,553,FINAL (ENTRADA MANUAL)
40,3,4,124,131,5,12,,0,0,0,0,84,105,3,6,,4,5,2,2,,2,0,61,274,553,FINAL (ENTRADA MANUAL)
40,3,5,138,107,2,12,,1,1,0,3,77,80,1,7,,2,4,1,3,,2,0,89,266,552,FINAL (ENTRADA MANUAL)
40,4,1,134,97,5,12,,0,2,0,0,93,84,4,9,,1,3,0,1,,1,0,55,251,493,FINAL (ENTRADA MANUAL)
40,5,1,120,55,2,10,,0,0,0,0,89,41,2,7,,3,2,1,0,,2,0,42,189,421,FINAL (ENTRADA MANUAL)
40,5,2,112,69,1,6,,1,0,0,0,93,54,1,5,,0,1,0,2,,1,0,33,190,421,FINAL (ENTRADA MANUAL)
40,5,3,104,81,6,4,,0,0,0,0,82,71,6,2,,0,0,0,1,,0,0,33,195,422,FINAL (ENTRADA MANUAL)
40,6,1,149,79,5,12,,0,1,0,0,128,68,5,7,,4,3,0,2,,0,0,29,246,540,FINAL (ENTRADA MANUAL)
40,6,2,141,72,7,4,,0,0,0,0,101,55,5,2,,1,2,0,0,,3,0,58,227,540,FINAL (ENTRADA MANUAL)
40,6,3,138,82,2,7,,1,1,0,0,107,65,2,4,,6,2,0,1,,0,0,44,231,540,FINAL (ENTRADA MANUAL)
40,6,4,147,70,3,10,,0,0,0,2,99,46,1,6,,5,4,3,3,,1,0,65,233,539,FINAL (ENTRADA MANUAL)
40,7,1,167,87,5,10,,0,0,0,0,132,72,4,6,,4,5,2,5,,1,0,39,270,588,FINAL (ENTRADA MANUAL)
40,7,2,154,130,1,7,,0,0,0,0,120,112,1,4,,5,2,0,1,,0,0,47,292,588,FINAL (ENTRADA MANUAL)
40,7,3,163,92,3,11,,0,0,1,1,111,66,3,7,,3,3,0,0,,0,0,78,271,588,FINAL (ENTRADA MANUAL)
40,7,4,166,77,1,7,,0,0,0,0,128,69,1,6,,5,2,0,1,,1,0,39,252,588,FINAL (ENTRADA MANUAL)
40,7,5,154,106,2,7,,0,0,0,0,122,97,1,5,,4,6,3,1,,0,0,30,269,588,FINAL (ENTRADA MANUAL)
40,7,6,149,97,2,10,,0,0,0,0,130,78,1,8,,6,4,0,0,,0,0,31,258,585,FINAL (ENTRADA MANUAL)
40,8,1,105,97,2,7,,0,0,0,0,85,89,1,4,,1,3,1,1,,0,0,26,211,402,FINAL (ENTRADA MANUAL)
40,8,2,119,71,1,10,,0,0,0,0,91,55,1,5,,2,2,2,2,,0,0,41,201,402,FINAL (ENTRADA MANUAL)
40,8,3,122,84,3,6,,0,0,0,1,85,65,3,5,,3,0,0,1,,0,0,54,216,403,FINAL (ENTRADA MANUAL)
40,9,1,114,103,11,14,,0,1,0,2,71,72,7,8,,4,7,2,3,,2,0,71,247,570,FINAL (ENTRADA MANUAL)
40,9,2,144,113,2,8,,1,0,0,1,96,91,2,5,,2,3,0,2,,0,0,68,269,569,FINAL (ENTRADA MANUAL)
40,10,1,151,113,2,6,,0,0,0,0,114,100,2,5,,7,1,0,0,,2,0,43,274,457,FINAL (ENTRADA MANUAL)
40,11,1,173,76,14,7,,0,2,0,5,150,64,9,6,,8,2,2,1,,5,0,30,277,479,FINAL (ENTRADA MANUAL)
40,12,1,162,117,1,5,,0,0,0,1,118,99,0,3,,3,0,1,1,,0,0,61,286,611,FINAL (ENTRADA MANUAL)
40,12,2,155,110,7,13,,0,0,1,0,143,108,7,10,,2,4,0,0,,0,0,12,286,611,FINAL (ENTRADA MANUAL)
40,12,3,153,100,5,7,,0,0,0,0,132,94,5,6,,2,2,0,1,,0,1,23,266,611,FINAL (ENTRADA MANUAL)
40,13,1,130,83,7,9,,0,0,0,0,94,67,3,5,,4,5,0,2,,0,0,49,229,494,FINAL (ENTRADA MANUAL)
40,13,2,108,72,4,7,,0,0,1,1,84,60,3,5,,3,4,0,1,,1,0,33,194,494,FINAL (ENTRADA MANUAL)
40,14,1,149,97,3,16,,0,0,0,0,92,77,2,13,,3,3,1,4,,0,0,70,265,492,FINAL (ENTRADA MANUAL)
40,14,2,142,68,9,17,,0,0,0,0,111,52,5,11,,2,1,4,7,,2,0,43,238,492,FINAL (ENTRADA MANUAL)
40,14,3,153,78,6,10,,0,2,0,0,105,57,5,4,,3,5,0,3,,0,0,67,249,492,FINAL (ENTRADA MANUAL)
40,14,4,161,74,5,19,,1,1,0,0,115,47,2,11,,3,3,1,4,,0,0,75,261,492,FINAL (ENTRADA MANUAL)
40,14,5,141,63,6,15,,0,0,0,1,97,47,4,8,,4,2,0,1,,2,0,63,228,494,FINAL (ENTRADA MANUAL)
40,74,1,37,21,2,0,,0,0,0,0,27,18,2,0,,0,0,0,0,,1,0,13,61,0,FINAL (ENTRADA MANUAL)
40,74,2,31,34,2,2,,0,0,0,0,26,28,1,1,,2,0,0,0,,2,0,11,71,0,FINAL (ENTRADA MANUAL)
40,74,3,39,38,1,2,,0,0,0,0,31,32,1,1,,0,0,0,0,,0,0,15,80,0,FINAL (ENTRADA MANUAL)
40,74,4,43,31,2,1,,0,0,0,0,32,19,1,1,,2,2,0,0,,0,0,20,77,0,FINAL (ENTRADA MANUAL)
40,74,5,46,25,2,2,,0,0,0,0,46,20,2,2,,0,1,0,0,,1,0,4,76,0,FINAL (ENTRADA MANUAL)
40,75,1,4,0,1,0,,0,0,0,1,1,0,1,0,,0,1,0,0,,0,0,3,6,0,FINAL (ENTRADA MANUAL)
40,75,2,0,0,0,0,,0,0,0,0,0,0,0,0,,0,0,0,0,,0,0,0,0,0,FINAL (ENTRADA MANUAL)
40,77,1,392,424,6,8,,1,0,0,0,385,416,5,8,,2,8,1,0,,0,0,6,831,0,FINAL (ENTRADA MANUAL)
40,77,2,250,361,1,8,,0,0,0,0,239,358,1,7,,7,3,1,0,,0,0,4,620,0,FINAL (ENTRADA MANUAL)
40,77,3,0,3,1,0,,0,0,0,0,0,2,1,0,,0,1,0,0,,0,0,0,4,0,FINAL (ENTRADA MANUAL)
40,77,5,0,0,0,0,,0,0,0,0,0,0,0,0,,0,0,0,0,,0,0,0,0,0,FINAL (ENTRADA MANUAL)
40,78,1,12,3,0,0,,0,0,0,0,7,2,0,0,,0,0,0,0,,0,7,6,22,0,FINAL (ENTRADA MANUAL)
40,78,2,0,0,0,0,,0,0,0,0,0,0,0,0,,0,0,0,0,,0,0,0,0,0,FINAL (ENTRADA MANUAL)
40,78,3,0,0,0,0,,0,0,0,0,0,0,0,0,,0,0,0,0,,0,0,0,0,0,FINAL (ENTRADA MANUAL)
40,79,1,0,0,0,0,,0,0,0,0,0,0,0,0,,0,0,0,0,,0,0,0,0,0,FINAL (ENTRADA MANUAL)
41,1,1,70,91,19,,,,2,0,5,43,66,7,5,,2,9,1,0,,3,0,54,190,533,FINAL (ENTRADA MANUAL)
41,1,2,78,99,17,,,,0,0,4,55,76,6,3,,2,5,3,5,,0,0,43,200,533,FINAL (ENTRADA MANUAL)
41,1,3,64,88,16,,,,2,1,12,46,62,10,12,,0,5,2,1,,1,0,45,184,533,FINAL (ENTRADA MANUAL)
41,1,4,87,100,12,,,,2,0,3,62,77,7,5,,0,4,2,0,,3,0,49,209,534,FINAL (ENTRADA MANUAL)
41,74,1,3,0,0,,,,0,0,0,0,0,0,0,,0,0,0,0,,0,0,3,3,0,FINAL (ENTRADA MANUAL)
41,75,1,0,0,1,,,,2,0,0,0,0,0,0,,0,1,0,0,,0,0,2,3,0,FINAL (ENTRADA MANUAL)
41,77,1,100,93,2,,,,0,1,0,89,80,2,0,,0,3,0,0,,0,0,22,196,0,FINAL (ENTRADA MANUAL)
41,77,2,0,0,0,,,,0,0,0,0,0,0,0,,0,0,0,0,,0,0,0,0,0,FINAL (ENTRADA MANUAL)
41,77,3,0,0,0,,,,0,0,0,0,0,0,0,,0,0,0,0,,0,0,0,0,0,FINAL (ENTRADA MANUAL)
41,77,5,0,0,0,,,,0,0,0,0,0,0,0,,0,0,0,0,,0,0,0,0,0,FINAL (ENTRADA MANUAL)
41,78,1,2,2,0,,,,0,0,0,2,1,0,0,,0,0,0,0,,0,0,1,4,0,FINAL (ENTRADA MANUAL)
41,78,2,0,0,0,,,,0,0,0,0,0,0,0,,0,0,0,0,,0,0,0,0,0,FINAL (ENTRADA MANUAL)
41,78,3,0,0,0,,,,0,0,0,0,0,0,0,,0,0,0,0,,0,0,0,0,0,FINAL (ENTRADA MANUAL)
41,79,1,1,0,0,,,,0,0,0,1,0,0,0,,0,0,0,0,,0,0,0,1,0,FINAL (ENTRADA MANUAL)
42,1,1,93,71,67,,,,3,0,5,67,45,31,4,,1,5,12,6,,4,0,68,243,577,FINAL (ENTRADA MANUAL)
42,1,2,112,67,57,,,,3,0,10,80,44,30,7,,3,6,10,6,,4,0,63,253,577,FINAL (ENTRADA MANUAL)
42,1,3,94,101,63,,,,0,0,10,59,67,37,5,,4,5,13,7,,4,1,71,273,577,FINAL (ENTRADA MANUAL)
42,1,4,112,77,57,,,,3,0,9,69,50,27,5,,1,5,9,9,,0,0,83,258,577,FINAL (ENTRADA MANUAL)
42,1,5,92,80,63,,,,2,0,5,52,52,29,3,,2,4,14,5,,0,1,81,243,577,FINAL (ENTRADA MANUAL)
42,1,6,91,75,59,,,,1,0,9,71,59,38,7,,3,3,4,7,,2,0,43,237,577,FINAL (ENTRADA MANUAL)
42,1,7,101,81,50,,,,3,0,6,69,57,23,6,,2,4,9,7,,0,0,64,241,577,FINAL (ENTRADA MANUAL)
42,2,1,100,60,73,,,,6,0,8,67,45,36,6,,3,7,11,5,,2,0,67,249,493,FINAL (ENTRADA MANUAL)
42,2,2,90,58,61,,,,4,0,9,61,36,37,8,,4,2,6,4,,7,0,64,229,493,FINAL (ENTRADA MANUAL)
42,2,3,111,67,56,,,,2,1,11,74,51,32,8,,3,2,7,2,,1,0,69,249,492,FINAL (ENTRADA MANUAL)
42,3,1,98,76,28,,,,4,0,10,72,58,14,9,,2,4,7,3,,4,0,47,220,551,FINAL (ENTRADA MANUAL)
42,3,2,106,80,24,,,,0,0,2,69,59,18,1,,6,7,2,2,,4,0,48,216,551,FINAL (ENTRADA MANUAL)
42,4,1,109,98,25,,,,1,0,9,72,71,15,7,,1,8,2,2,,5,0,64,247,595,FINAL (ENTRADA MANUAL)
42,4,2,113,95,27,,,,1,0,11,74,73,14,8,,6,5,3,4,,1,0,60,248,595,FINAL (ENTRADA MANUAL)
42,4,3,102,112,29,,,,0,0,3,71,83,14,2,,3,10,3,4,,5,0,56,251,595,FINAL (ENTRADA MANUAL)
42,4,4,93,122,30,,,,1,0,7,55,86,17,2,,0,6,1,7,,6,1,79,260,594,FINAL (ENTRADA MANUAL)
42,5,1,91,131,22,,,,1,0,10,73,89,11,8,,1,4,3,4,,4,0,62,259,602,FINAL (ENTRADA MANUAL)
42,5,2,86,127,28,,,,2,0,13,60,90,13,12,,1,6,4,5,,1,0,65,257,602,FINAL (ENTRADA MANUAL)
42,5,3,93,147,24,,,,2,1,5,53,103,12,5,,2,4,2,4,,5,0,87,277,601,FINAL (ENTRADA MANUAL)
42,6,1,81,106,28,,,,1,0,7,57,75,16,6,,0,2,2,2,,4,0,63,227,502,FINAL (ENTRADA MANUAL)
42,6,2,58,100,28,,,,0,1,7,44,67,19,5,,1,2,1,2,,2,0,53,196,503,FINAL (ENTRADA MANUAL)
42,7,1,57,62,30,,,,6,0,5,39,49,17,3,,0,10,3,2,,2,0,37,162,457,FINAL (ENTRADA MANUAL)
42,7,2,65,64,31,,,,0,0,5,34,42,21,5,,3,6,4,3,,1,0,47,166,457,FINAL (ENTRADA MANUAL)
42,7,3,67,66,33,,,,1,0,2,49,46,24,2,,1,3,10,5,,1,2,29,172,457,FINAL (ENTRADA MANUAL)
42,8,1,83,105,24,,,,2,0,7,56,68,14,5,,4,3,6,3,,1,2,62,224,537,FINAL (ENTRADA MANUAL)
42,8,2,90,114,25,,,,0,0,10,58,75,7,4,,3,2,5,2,,5,0,83,244,537,FINAL (ENTRADA MANUAL)
42,8,3,74,113,24,,,,0,0,7,45,89,12,5,,4,0,8,4,,2,0,51,220,537,FINAL (ENTRADA MANUAL)
42,8,4,92,113,18,,,,2,0,3,57,73,9,1,,0,5,4,5,,1,0,74,229,538,FINAL (ENTRADA MANUAL)
42,9,1,77,112,32,,,,2,0,12,57,75,11,9,,1,2,5,4,,1,0,71,236,651,FINAL (ENTRADA MANUAL)
42,9,2,91,114,29,,,,7,0,7,60,87,10,5,,2,1,5,2,,3,0,76,251,651,FINAL (ENTRADA MANUAL)
42,9,3,81,129,39,,,,2,0,11,56,88,24,8,,4,6,4,4,,3,0,68,265,650,FINAL (ENTRADA MANUAL)
42,10,1,53,91,16,,,,0,0,6,35,60,8,6,,1,5,1,5,,3,0,45,169,530,FINAL (ENTRADA MANUAL)
42,10,2,91,103,24,,,,2,0,7,63,68,11,3,,1,4,2,6,,3,0,69,230,530,FINAL (ENTRADA MANUAL)
42,11,1,91,115,38,,,,4,0,8,42,82,21,5,,4,7,4,11,,2,0,80,258,549,FINAL (ENTRADA MANUAL)
42,11,2,96,142,27,,,,3,0,7,60,99,12,4,,3,8,3,6,,3,0,80,278,549,FINAL (ENTRADA MANUAL)
42,11,3,89,129,46,,,,0,0,7,72,100,37,6,,7,5,5,1,,0,0,38,271,549,FINAL (ENTRADA MANUAL)
42,11,4,104,100,23,,,,1,1,14,71,70,14,9,,5,6,4,4,,1,0,60,244,549,FINAL (ENTRADA MANUAL)
42,12,1,79,83,17,,,,0,0,7,54,65,10,6,,0,5,0,2,,1,0,44,187,405,FINAL (ENTRADA MANUAL)
42,12,2,83,78,11,,,,2,0,6,50,54,1,4,,1,3,1,0,,2,0,66,182,405,FINAL (ENTRADA MANUAL)
42,12,3,57,53,15,,,,0,0,4,35,43,6,4,,2,3,3,1,,1,0,32,130,404,FINAL (ENTRADA MANUAL)
42,13,1,79,89,46,,,,4,0,8,49,65,23,5,,5,10,12,1,,2,0,56,228,481,FINAL (ENTRADA MANUAL)
42,13,2,79,83,56,,,,0,0,11,55,60,31,8,,3,1,10,3,,1,1,58,231,481,FINAL (ENTRADA MANUAL)
42,14,1,42,80,6,,,,0,1,4,28,60,2,4,,1,1,0,1,,2,0,36,135,631,FINAL (ENTRADA MANUAL)
42,14,2,36,81,5,,,,0,0,3,23,51,2,2,,2,2,2,1,,1,0,40,126,631,FINAL (ENTRADA MANUAL)
42,14,3,30,95,10,,,,0,0,9,23,56,8,6,,3,4,0,1,,2,0,43,146,631,FINAL (ENTRADA MANUAL)
42,15,1,67,79,21,,,,2,0,12,48,57,11,5,,1,7,1,7,,2,0,44,183,450,FINAL (ENTRADA MANUAL)
42,15,2,59,97,26,,,,2,0,9,41,70,13,7,,3,5,7,0,,3,0,47,196,450,FINAL (ENTRADA MANUAL)
42,15,3,42,70,21,,,,3,0,4,26,47,9,4,,2,2,4,7,,0,0,39,140,450,FINAL (ENTRADA MANUAL)
42,15,4,66,81,24,,,,0,0,8,48,59,12,6,,0,2,2,2,,1,0,48,180,452,FINAL (ENTRADA MANUAL)
42,16,1,82,95,42,,,,3,0,5,57,73,27,4,,4,4,7,5,,6,0,46,233,572,FINAL (ENTRADA MANUAL)
42,16,2,83,95,29,,,,0,1,0,50,63,18,0,,3,3,4,2,,2,0,65,210,572,FINAL (ENTRADA MANUAL)
42,16,3,81,116,17,,,,1,0,9,57,83,8,6,,3,2,4,0,,3,0,58,224,572,FINAL (ENTRADA MANUAL)
42,16,4,72,86,33,,,,1,0,7,53,49,15,6,,3,3,3,1,,6,0,66,205,572,FINAL (ENTRADA MANUAL)
42,16,5,68,93,37,,,,0,0,8,46,65,22,7,,2,3,3,5,,1,0,53,207,572,FINAL (ENTRADA MANUAL)
42,17,1,70,114,28,,,,1,1,10,46,86,14,8,,1,2,6,3,,5,0,58,229,599,FINAL (ENTRADA MANUAL)
42,17,2,88,110,15,,,,1,0,3,62,73,12,2,,3,2,0,0,,2,0,63,219,599,FINAL (ENTRADA MANUAL)
42,17,3,93,118,25,,,,1,0,11,68,77,14,6,,1,7,2,2,,4,0,71,252,599,FINAL (ENTRADA MANUAL)
42,17,4,78,107,21,,,,0,0,11,64,70,15,8,,1,5,2,1,,3,1,51,221,598,FINAL (ENTRADA MANUAL)
42,18,1,81,121,18,,,,1,0,12,52,78,8,8,,1,2,0,5,,0,0,79,233,487,FINAL (ENTRADA MANUAL)
42,18,2,92,108,31,,,,1,1,7,60,78,23,5,,2,2,1,2,,2,0,67,242,487,FINAL (ENTRADA MANUAL)
42,18,3,77,135,23,,,,1,0,6,52,95,17,4,,1,1,2,3,,4,0,67,246,488,FINAL (ENTRADA MANUAL)
42,19,1,89,116,35,,,,0,0,8,65,68,19,7,,1,3,4,3,,4,0,78,252,617,FINAL (ENTRADA MANUAL)
42,19,2,104,112,35,,,,1,0,12,59,69,16,9,,6,4,4,6,,5,0,91,269,617,FINAL (ENTRADA MANUAL)
42,19,3,68,106,32,,,,3,0,6,43,75,18,6,,5,10,4,9,,3,0,45,218,617,FINAL (ENTRADA MANUAL)
42,19,4,80,114,26,,,,2,0,10,53,73,13,8,,1,6,4,4,,4,0,70,236,617,FINAL (ENTRADA MANUAL)
42,19,5,82,105,41,,,,0,0,9,45,66,20,7,,7,4,7,7,,4,1,74,242,618,FINAL (ENTRADA MANUAL)
42,20,1,72,108,19,,,,2,0,9,56,71,9,6,,4,6,1,2,,0,0,55,210,550,FINAL (ENTRADA MANUAL)
42,20,2,83,92,12,,,,0,0,4,62,75,6,2,,3,4,2,5,,0,0,32,191,550,FINAL (ENTRADA MANUAL)
42,21,1,80,96,26,,,,2,0,11,52,68,11,10,,3,5,9,2,,1,0,55,216,474,FINAL (ENTRADA MANUAL)
42,21,2,82,100,26,,,,0,1,7,57,70,13,4,,1,11,3,3,,2,0,54,218,474,FINAL (ENTRADA MANUAL)
42,21,3,90,99,22,,,,4,0,6,59,71,11,4,,2,8,6,3,,2,1,57,224,473,FINAL (ENTRADA MANUAL)
42,22,1,120,110,22,,,,0,0,7,89,85,14,6,,2,7,2,0,,1,0,54,260,605,FINAL (ENTRADA MANUAL)
42,23,1,101,55,26,,,,1,0,3,61,34,16,2,,6,1,1,1,,5,0,64,191,342,FINAL (ENTRADA MANUAL)
42,23,2,94,61,34,,,,5,0,2,50,39,16,2,,2,1,6,3,,1,0,77,197,341,FINAL (ENTRADA MANUAL)
42,24,1,113,92,24,,,,0,0,4,74,68,12,2,,1,11,3,4,,2,0,58,235,522,FINAL (ENTRADA MANUAL)
42,25,1,92,64,28,,,,0,0,2,71,45,18,0,,1,5,2,3,,2,0,41,188,345,FINAL (ENTRADA MANUAL)
42,25,2,63,52,38,,,,0,0,3,46,32,25,3,,1,4,1,1,,3,0,43,159,345,FINAL (ENTRADA MANUAL)
42,26,1,81,107,36,,,,3,0,14,54,72,18,12,,4,8,5,1,,0,1,67,242,570,FINAL (ENTRADA MANUAL)
42,26,2,68,103,38,,,,2,2,10,44,71,17,7,,5,6,8,4,,2,0,61,225,570,FINAL (ENTRADA MANUAL)
42,26,3,74,96,44,,,,3,0,9,46,69,24,5,,2,6,5,6,,3,1,63,230,570,FINAL (ENTRADA MANUAL)
42,26,4,88,104,42,,,,1,0,9,59,69,26,8,,5,2,4,3,,4,0,68,248,570,FINAL (ENTRADA MANUAL)
42,26,5,87,125,45,,,,2,0,7,58,97,27,4,,4,8,4,6,,3,0,58,269,570,FINAL (ENTRADA MANUAL)
42,26,6,71,120,48,,,,4,0,18,47,74,23,15,,3,9,4,8,,3,0,78,264,570,FINAL (ENTRADA MANUAL)
42,27,1,83,114,28,,,,1,0,10,60,88,16,9,,6,5,1,11,,2,0,40,238,637,FINAL (ENTRADA MANUAL)
42,27,2,84,113,27,,,,0,0,11,46,74,13,8,,5,3,3,5,,2,0,78,237,637,FINAL (ENTRADA MANUAL)
42,27,3,78,108,23,,,,1,1,6,57,82,18,3,,2,3,3,2,,1,0,47,218,637,FINAL (ENTRADA MANUAL)
42,27,4,104,103,29,,,,0,0,11,77,76,14,8,,2,3,5,3,,1,0,59,248,638,FINAL (ENTRADA MANUAL)
42,28,1,54,95,22,,,,1,0,6,43,73,15,4,,2,9,2,5,,0,1,25,179,407,FINAL (ENTRADA MANUAL)
42,28,2,54,101,17,,,,0,0,8,42,82,7,4,,0,1,0,3,,1,0,41,181,407,FINAL (ENTRADA MANUAL)
42,74,1,41,43,16,,,,0,0,1,32,33,7,0,,1,3,5,0,,1,0,20,102,0,FINAL (ENTRADA MANUAL)
42,74,2,41,53,6,,,,0,0,0,31,42,2,0,,1,1,3,0,,3,0,20,103,0,FINAL (ENTRADA MANUAL)
42,74,3,42,24,8,,,,3,0,1,33,17,4,0,,1,1,0,2,,2,0,20,80,0,FINAL (ENTRADA MANUAL)
42,74,4,38,35,6,,,,4,0,2,29,27,6,0,,0,0,0,0,,1,0,23,86,0,FINAL (ENTRADA MANUAL)
42,74,5,34,42,8,,,,0,0,0,25,34,5,0,,1,1,2,0,,0,0,16,84,0,FINAL (ENTRADA MANUAL)
42,74,6,0,0,0,,,,0,0,0,0,0,0,0,,0,0,0,0,,0,0,0,0,0,FINAL (ENTRADA MANUAL)
42,75,1,26,32,12,,,,16,0,4,9,15,0,0,,1,0,3,6,,0,0,56,90,0,FINAL (ENTRADA MANUAL)
42,75,2,0,1,1,,,,0,0,0,0,1,0,0,,0,0,0,1,,0,0,0,2,0,FINAL (ENTRADA MANUAL)
42,75,3,1,4,1,,,,3,0,0,1,1,0,0,,1,1,0,0,,0,0,5,9,0,FINAL (ENTRADA MANUAL)
42,75,4,2,0,0,,,,0,0,0,0,0,0,0,,0,0,0,0,,0,0,2,2,0,FINAL (ENTRADA MANUAL)
42,77,1,1592,1590,218,,,,7,0,34,1360,1193,158,15,,63,64,27,5,,42,1,556,3484,0,FINAL (ENTRADA MANUAL)
42,77,2,337,356,44,,,,2,0,2,309,330,37,2,,14,21,14,0,,0,0,14,741,0,FINAL (ENTRADA MANUAL)
42,77,3,248,235,39,,,,8,2,21,101,84,7,0,,18,22,8,6,,6,11,320,585,0,FINAL (ENTRADA MANUAL)
42,77,5,0,0,0,,,,0,0,0,0,0,0,0,,0,0,0,0,,0,0,0,0,0,FINAL (ENTRADA MANUAL)
42,78,1,37,41,5,,,,0,0,0,25,28,3,5,,0,0,0,0,,1,12,27,101,0,FINAL (ENTRADA MANUAL)
42,78,2,0,0,0,,,,0,0,0,0,0,0,0,,0,0,0,0,,0,0,0,0,0,FINAL (ENTRADA MANUAL)
42,78,3,0,0,0,,,,0,0,0,0,0,0,0,,0,0,0,0,,0,0,0,0,0,FINAL (ENTRADA MANUAL)
42,79,1,0,0,0,,,,0,0,0,0,0,0,0,,0,0,0,0,,0,0,0,0,0,FINAL (ENTRADA MANUAL)
43,1,1,109,67,23,,,,1,0,4,57,45,10,2,,5,7,6,2,,2,0,70,206,466,FINAL (ENTRADA MANUAL)
43,1,2,124,88,22,,,,5,0,1,77,60,13,1,,0,6,2,3,,1,0,78,241,466,FINAL (ENTRADA MANUAL)
43,2,1,152,78,14,,,,1,0,3,114,58,8,3,,2,5,5,2,,1,0,51,249,472,FINAL (ENTRADA MANUAL)
43,2,2,117,91,14,,,,0,0,6,80,63,9,5,,5,4,1,2,,4,0,59,232,472,FINAL (ENTRADA MANUAL)
43,3,1,87,44,5,,,,1,0,2,69,30,2,0,,1,1,0,0,,0,0,36,137,234,FINAL (ENTRADA MANUAL)
43,4,1,172,64,9,,,,0,0,1,134,45,5,0,,3,2,2,2,,2,1,53,249,449,FINAL (ENTRADA MANUAL)
43,5,1,62,55,20,,,,3,0,5,38,35,12,4,,1,5,4,3,,2,0,43,147,368,FINAL (ENTRADA MANUAL)
43,5,2,84,67,13,,,,4,0,2,52,46,11,2,,6,4,1,2,,0,0,46,170,367,FINAL (ENTRADA MANUAL)
43,6,1,130,93,18,,,,0,1,4,98,76,11,3,,2,7,1,1,,1,2,47,249,560,FINAL (ENTRADA MANUAL)
43,6,2,141,89,16,,,,1,0,3,101,60,10,1,,6,4,1,0,,3,0,67,253,560,FINAL (ENTRADA MANUAL)
43,7,1,110,84,22,,,,1,0,5,66,59,13,3,,3,3,3,3,,1,0,69,223,456,FINAL (ENTRADA MANUAL)
43,7,2,123,59,17,,,,2,0,2,81,35,13,1,,5,1,1,2,,1,0,64,204,456,FINAL (ENTRADA MANUAL)
43,7,3,111,81,9,,,,2,1,3,70,52,7,1,,6,5,1,2,,2,0,63,209,457,FINAL (ENTRADA MANUAL)
43,74,1,38,8,0,,,,1,0,0,34,4,0,0,,0,2,0,1,,1,0,6,48,0,FINAL (ENTRADA MANUAL)
43,74,2,59,15,2,,,,1,0,0,45,11,2,0,,0,1,0,0,,0,0,18,77,0,FINAL (ENTRADA MANUAL)
43,75,1,0,1,0,,,,0,0,0,0,1,0,0,,0,0,0,0,,0,0,0,1,0,FINAL (ENTRADA MANUAL)
43,75,2,103,141,4,,,,5,2,1,41,69,1,1,,2,1,0,2,,6,6,140,269,0,FINAL (ENTRADA MANUAL)
43,77,1,15,15,3,,,,0,0,2,13,15,1,2,,1,1,1,0,,0,0,1,35,0,FINAL (ENTRADA MANUAL)
43,77,2,108,148,6,,,,0,0,1,102,137,5,1,,6,6,2,1,,1,0,3,264,0,FINAL (ENTRADA MANUAL)
43,77,3,0,0,0,,,,0,0,0,0,0,0,0,,0,0,0,0,,0,0,0,0,0,FINAL (ENTRADA MANUAL)
43,77,5,0,0,0,,,,0,0,0,0,0,0,0,,0,0,0,0,,0,0,0,0,0,FINAL (ENTRADA MANUAL)
43,78,1,0,1,0,,,,0,0,0,0,1,0,0,,0,0,0,0,,0,0,0,1,0,FINAL (ENTRADA MANUAL)
43,78,2,4,4,0,,,,0,0,0,3,2,0,0,,0,0,0,0,,0,1,3,9,0,FINAL (ENTRADA MANUAL)
43,78,3,0,0,0,,,,0,0,0,0,0,0,0,,0,0,0,0,,0,0,0,0,0,FINAL (ENTRADA MANUAL)
43,79,1,0,0,0,,,,0,0,3,0,0,0,0,,0,0,0,0,,2,1,0,3,0,FINAL (ENTRADA MANUAL)
44,1,1,113,89,15,,,,3,0,1,73,66,11,1,,3,3,4,1,,0,0,59,221,482,FINAL (ENTRADA MANUAL)
44,2,1,99,53,12,,,,1,1,1,76,43,9,0,,0,1,1,2,,1,0,35,168,324,FINAL (ENTRADA MANUAL)
44,2,2,85,49,13,,,,0,0,1,58,38,10,1,,3,1,0,1,,0,0,36,148,325,FINAL (ENTRADA MANUAL)
44,3,1,125,91,33,,,,5,1,5,84,65,23,3,,0,5,2,1,,2,0,77,262,499,FINAL (ENTRADA MANUAL)
44,3,2,107,67,21,,,,11,0,3,58,45,9,2,,5,4,6,2,,3,0,78,212,499,FINAL (ENTRADA MANUAL)
44,4,1,118,45,10,,,,2,0,2,94,28,5,2,,2,4,4,1,,0,0,37,177,352,FINAL (ENTRADA MANUAL)
44,4,2,93,63,8,,,,0,0,2,66,40,4,2,,2,2,2,3,,1,0,45,167,351,FINAL (ENTRADA MANUAL)
44,5,1,109,73,20,,,,1,1,1,65,41,7,1,,4,4,4,2,,1,1,77,207,531,FINAL (ENTRADA MANUAL)
44,5,2,125,75,29,,,,3,0,4,81,56,16,3,,6,7,8,1,,0,0,58,236,531,FINAL (ENTRADA MANUAL)
44,5,3,117,78,43,,,,6,0,2,71,50,20,2,,0,8,5,3,,2,0,87,248,531,FINAL (ENTRADA MANUAL)
44,5,4,142,77,31,,,,6,0,3,94,51,18,3,,3,6,5,3,,1,0,76,260,530,FINAL (ENTRADA MANUAL)
44,6,1,82,64,17,,,,0,0,2,43,52,8,2,,5,6,1,2,,0,0,46,165,340,FINAL (ENTRADA MANUAL)
44,6,2,65,83,8,,,,0,0,2,44,67,2,0,,4,4,1,0,,0,0,36,158,341,FINAL (ENTRADA MANUAL)
44,7,1,76,80,5,,,,0,1,1,52,52,4,1,,0,1,0,0,,2,0,53,165,354,FINAL (ENTRADA MANUAL)
44,7,2,75,63,9,,,,1,0,0,45,45,5,0,,0,3,1,0,,0,0,49,148,354,FINAL (ENTRADA MANUAL)
44,8,1,130,100,14,,,,7,0,2,93,84,9,2,,2,2,4,1,,2,0,56,255,544,FINAL (ENTRADA MANUAL)
44,8,2,144,99,15,,,,3,1,1,95,74,8,1,,2,6,1,1,,0,1,75,264,544,FINAL (ENTRADA MANUAL)
44,8,3,131,83,15,,,,2,1,2,90,62,12,2,,0,2,2,1,,3,0,63,237,544,FINAL (ENTRADA MANUAL)
44,8,4,126,101,16,,,,5,1,2,80,70,4,2,,7,5,3,2,,0,0,78,251,542,FINAL (ENTRADA MANUAL)
44,9,1,116,66,21,,,,2,0,4,77,39,14,4,,10,4,0,4,,1,0,57,210,404,FINAL (ENTRADA MANUAL)
44,9,2,89,77,24,,,,0,0,0,47,55,13,0,,4,2,2,4,,0,0,63,190,404,FINAL (ENTRADA MANUAL)
44,10,1,85,88,25,,,,3,0,4,54,60,11,4,,4,6,7,3,,1,0,56,206,513,FINAL (ENTRADA MANUAL)
44,10,2,112,79,34,,,,1,0,4,74,64,26,3,,9,2,1,2,,0,0,49,230,513,FINAL (ENTRADA MANUAL)
44,10,3,93,69,36,,,,3,1,4,52,44,26,4,,4,6,5,2,,0,0,63,206,513,FINAL (ENTRADA MANUAL)
44,10,4,99,74,35,,,,7,0,1,59,51,17,1,,3,2,11,0,,1,0,65,210,513,FINAL (ENTRADA MANUAL)
44,10,5,86,59,31,,,,2,0,1,52,47,25,1,,4,4,5,1,,1,0,40,180,513,FINAL (ENTRADA MANUAL)
44,10,6,98,68,27,,,,1,0,4,62,35,10,2,,3,5,7,2,,1,0,72,199,514,FINAL (ENTRADA MANUAL)
44,11,1,80,63,17,,,,7,0,1,49,43,9,0,,5,3,3,1,,0,0,55,168,438,FINAL (ENTRADA MANUAL)
44,11,2,95,89,17,,,,2,0,5,71,62,8,1,,3,5,2,1,,0,0,55,208,438,FINAL (ENTRADA MANUAL)
44,12,1,87,83,23,,,,1,0,3,71,70,15,3,,5,4,0,0,,0,0,29,197,518,FINAL (ENTRADA MANUAL)
44,12,2,99,95,14,,,,5,0,4,56,68,8,2,,6,1,3,1,,0,0,72,217,518,FINAL (ENTRADA MANUAL)
44,12,3,83,90,16,,,,3,0,3,42,42,6,2,,0,3,2,0,,4,0,98,199,517,FINAL (ENTRADA MANUAL)
44,13,1,96,112,19,,,,2,0,4,56,78,13,3,,4,3,1,5,,0,0,70,233,512,FINAL (ENTRADA MANUAL)
44,13,2,86,105,18,,,,2,0,4,53,72,10,4,,4,5,3,4,,3,0,60,218,512,FINAL (ENTRADA MANUAL)
44,13,3,82,108,15,,,,0,0,1,44,82,10,0,,2,1,4,2,,0,1,61,207,512,FINAL (ENTRADA MANUAL)
44,13,4,95,106,13,,,,0,0,4,63,83,6,4,,4,3,6,3,,0,1,46,219,510,FINAL (ENTRADA MANUAL)
44,74,1,39,18,6,,,,1,0,0,27,10,3,0,,0,1,1,0,,0,0,22,64,0,FINAL (ENTRADA MANUAL)
44,74,2,50,11,1,,,,1,0,1,47,7,1,1,,1,2,0,0,,0,0,5,64,0,FINAL (ENTRADA MANUAL)
44,74,3,39,17,5,,,,0,0,0,36,10,5,0,,2,4,0,0,,0,0,4,61,0,FINAL (ENTRADA MANUAL)
44,74,4,53,14,4,,,,0,0,3,45,11,2,2,,1,0,0,1,,0,0,12,74,0,FINAL (ENTRADA MANUAL)
44,74,5,51,22,4,,,,4,0,2,38,13,3,0,,3,2,1,0,,0,0,23,83,0,FINAL (ENTRADA MANUAL)
44,75,1,0,0,0,,,,0,0,0,0,0,0,0,,0,0,0,0,,0,0,0,0,0,FINAL (ENTRADA MANUAL)
44,75,2,0,0,0,,,,0,0,0,0,0,0,0,,0,0,0,0,,0,0,0,0,0,FINAL (ENTRADA MANUAL)
44,75,3,6,6,2,,,,23,0,1,4,1,0,0,,0,0,0,1,,0,0,26,38,0,FINAL (ENTRADA MANUAL)
44,75,4,1,0,0,,,,0,0,0,0,0,0,0,,0,0,0,0,,0,0,1,1,0,FINAL (ENTRADA MANUAL)
44,75,5,2,2,0,,,,1,0,0,0,1,0,0,,0,0,0,0,,0,0,4,5,0,FINAL (ENTRADA MANUAL)
44,77,1,337,471,21,,,,0,0,2,317,457,18,1,,6,9,1,0,,0,0,22,831,0,FINAL (ENTRADA MANUAL)
44,77,2,141,174,25,,,,1,0,0,136,165,22,0,,3,6,3,0,,0,0,6,341,0,FINAL (ENTRADA MANUAL)
44,77,3,187,270,14,,,,15,0,187,41,89,3,0,,8,9,3,1,,12,2,358,526,0,FINAL (ENTRADA MANUAL)
44,77,5,0,0,0,,,,0,0,0,0,0,0,0,,0,0,0,0,,0,0,0,0,0,FINAL (ENTRADA MANUAL)
44,78,1,29,10,1,,,,0,0,0,20,5,0,0,,1,1,0,0,,0,0,7,34,0,FINAL (ENTRADA MANUAL)
44,78,2,0,0,0,,,,0,0,0,0,0,0,0,,0,0,0,0,,0,0,0,0,0,FINAL (ENTRADA MANUAL)
44,78,3,0,0,0,,,,0,0,0,0,0,0,0,,0,0,0,0,,0,0,0,0,0,FINAL (ENTRADA MANUAL)
44,79,1,0,1,0,,,,0,0,0,0,0,0,0,,0,0,0,0,,0,0,1,1,0,FINAL (ENTRADA MANUAL)
44,79,2,0,0,0,,,,0,0,0,0,0,0,0,,0,0,0,0,,0,1,0,1,0,FINAL (ENTRADA MANUAL)
45,1,1,55,203,9,,,,1,0,2,43,130,6,,,5,5,0,,,5,0,81,275,553,FINAL (ENTRADA MANUAL)
45,2,1,55,225,19,,,,2,0,2,42,148,12,,,0,7,4,,,0,0,90,303,540,FINAL (ENTRADA MANUAL)
45,2,2,39,206,18,,,,0,0,3,30,111,17,,,1,8,0,,,1,0,99,267,540,FINAL (ENTRADA MANUAL)
45,2,3,45,184,11,,,,0,0,0,34,112,9,,,2,7,2,,,3,0,74,243,540,FINAL (ENTRADA MANUAL)
45,2,4,41,190,9,,,,0,0,3,31,107,8,,,2,12,3,,,4,0,80,247,541,FINAL (ENTRADA MANUAL)
45,3,1,43,188,12,,,,0,0,0,31,102,7,,,3,5,5,,,1,0,90,244,453,FINAL (ENTRADA MANUAL)
45,3,2,35,186,12,,,,0,0,1,28,117,9,,,3,11,1,,,3,0,65,237,453,FINAL (ENTRADA MANUAL)
45,3,3,45,156,9,,,,0,0,1,31,93,8,,,6,4,2,,,4,0,67,215,453,FINAL (ENTRADA MANUAL)
45,3,4,40,175,21,,,,0,0,2,29,89,14,,,4,6,2,,,1,0,94,239,453,FINAL (ENTRADA MANUAL)
45,4,1,42,149,13,,,,0,0,1,40,99,10,,,0,6,4,,,2,0,46,207,508,FINAL (ENTRADA MANUAL)
45,4,2,51,156,7,,,,2,0,0,41,110,7,,,3,2,4,,,1,0,49,217,508,FINAL (ENTRADA MANUAL)
45,4,3,71,139,10,,,,1,1,1,57,99,7,,,3,5,1,,,4,0,51,227,509,FINAL (ENTRADA MANUAL)
45,5,1,56,161,11,,,,0,0,1,42,102,9,,,2,3,5,,,4,0,66,233,481,FINAL (ENTRADA MANUAL)
45,5,2,64,153,22,,,,1,0,0,52,104,19,,,4,0,4,,,7,0,57,247,481,FINAL (ENTRADA MANUAL)
45,5,3,44,164,20,,,,0,0,0,34,95,15,,,3,4,2,,,0,0,75,228,481,FINAL (ENTRADA MANUAL)
45,5,4,49,162,21,,,,0,0,0,42,108,19,,,2,2,2,,,1,0,57,233,482,FINAL (ENTRADA MANUAL)
45,6,1,60,187,13,,,,1,0,1,46,126,11,,,4,10,3,,,1,0,62,263,534,FINAL (ENTRADA MANUAL)
45,6,2,58,166,16,,,,0,0,0,41,99,12,,,4,7,0,,,2,1,77,243,534,FINAL (ENTRADA MANUAL)
45,6,3,39,173,9,,,,0,0,3,32,124,7,,,1,7,2,,,1,0,51,225,534,FINAL (ENTRADA MANUAL)
45,6,4,52,164,15,,,,0,0,0,39,97,13,,,0,5,2,,,2,0,75,233,532,FINAL (ENTRADA MANUAL)
45,7,1,59,178,13,,,,1,0,3,42,111,7,,,3,5,1,,,2,0,85,256,567,FINAL (ENTRADA MANUAL)
45,7,2,62,164,8,,,,2,0,1,51,102,6,,,1,7,3,,,0,0,67,237,567,FINAL (ENTRADA MANUAL)
45,8,1,42,185,6,,,,0,1,0,34,107,5,,,2,9,2,,,1,1,75,236,473,FINAL (ENTRADA MANUAL)
45,74,1,16,63,4,,,,1,0,0,12,47,3,,,1,2,1,,,0,0,18,84,0,FINAL (ENTRADA MANUAL)
45,74,2,27,56,5,,,,1,0,0,23,40,5,,,3,2,0,,,0,0,16,89,0,FINAL (ENTRADA MANUAL)
45,74,3,23,55,8,,,,0,0,0,15,42,8,,,0,0,0,,,0,0,21,86,0,FINAL (ENTRADA MANUAL)
45,74,4,0,0,0,,,,0,0,0,0,0,0,,,0,0,0,,,0,0,0,0,0,FINAL (ENTRADA MANUAL)
45,75,1,3,7,1,,,,1,0,0,1,0,0,,,0,1,1,,,2,0,9,14,0,FINAL (ENTRADA MANUAL)
45,75,2,0,0,0,,,,1,0,0,0,0,0,,,0,0,0,,,0,0,1,1,0,FINAL (ENTRADA MANUAL)
45,77,1,253,253,18,,,,0,0,0,223,217,17,,,30,13,6,,,0,0,18,524,0,FINAL (ENTRADA MANUAL)
45,77,2,81,156,5,,,,0,0,0,68,149,5,,,15,2,2,,,0,0,1,242,0,FINAL (ENTRADA MANUAL)
45,77,3,3,0,0,,,,0,0,0,3,0,0,,,0,0,0,,,0,0,0,3,0,FINAL (ENTRADA MANUAL)
45,77,5,0,0,0,,,,0,0,0,0,0,0,,,0,0,0,,,0,0,0,0,0,FINAL (ENTRADA MANUAL)
45,78,1,0,0,0,,,,0,0,0,0,0,0,,,0,0,0,,,0,0,0,0,0,FINAL (ENTRADA MANUAL)
45,78,2,0,0,0,,,,0,0,0,0,0,0,,,0,0,0,,,0,0,0,0,0,FINAL (ENTRADA MANUAL)
45,78,3,0,0,0,,,,0,0,0,0,0,0,,,0,0,0,,,0,0,0,0,0,FINAL (ENTRADA MANUAL)
46,1,1,103,131,10,,,,2,0,6,66,87,6,4,,5,8,2,3,,2,0,71,254,550,FINAL (ENTRADA MANUAL)
46,1,2,92,134,12,,,,0,0,3,62,87,8,2,,2,6,1,3,,4,0,70,245,550,FINAL (ENTRADA MANUAL)
46,1,3,97,105,9,,,,1,0,6,74,85,6,5,,5,1,2,2,,1,0,38,219,550,FINAL (ENTRADA MANUAL)
46,1,4,89,131,13,,,,1,0,7,59,100,11,4,,1,3,0,3,,1,0,60,242,552,FINAL (ENTRADA MANUAL)
46,2,1,113,86,13,,,,0,0,4,85,67,7,4,,9,3,0,1,,0,0,40,216,518,FINAL (ENTRADA MANUAL)
46,2,2,104,75,9,,,,0,0,6,60,48,6,4,,5,0,1,3,,1,0,67,195,519,FINAL (ENTRADA MANUAL)
46,3,1,97,95,21,,,,2,0,1,69,61,15,1,,1,5,3,2,,0,0,59,216,470,FINAL (ENTRADA MANUAL)
46,3,2,100,105,17,,,,1,0,2,67,66,10,1,,1,1,1,3,,1,0,75,226,470,FINAL (ENTRADA MANUAL)
46,3,3,91,94,24,,,,0,0,4,56,62,13,3,,9,6,4,2,,0,0,58,213,470,FINAL (ENTRADA MANUAL)
46,3,4,100,78,22,,,,0,0,2,59,44,13,1,,5,2,5,0,,2,0,73,204,468,FINAL (ENTRADA MANUAL)
46,4,1,109,93,30,,,,0,0,9,76,61,16,4,,1,8,6,6,,1,0,63,242,559,FINAL (ENTRADA MANUAL)
46,4,2,125,108,22,,,,0,0,10,85,71,16,7,,5,6,5,3,,1,0,67,266,559,FINAL (ENTRADA MANUAL)
46,4,3,101,120,28,,,,1,0,9,66,76,16,8,,4,5,9,4,,1,0,71,260,559,FINAL (ENTRADA MANUAL)
46,4,4,118,103,27,,,,0,0,6,77,60,13,5,,2,10,5,6,,4,0,76,258,559,FINAL (ENTRADA MANUAL)
46,4,5,108,96,30,,,,2,0,9,72,60,21,8,,4,3,3,4,,0,0,70,245,559,FINAL (ENTRADA MANUAL)
46,4,6,114,107,35,,,,1,0,3,74,71,17,1,,2,6,9,4,,2,0,76,262,559,FINAL (ENTRADA MANUAL)
46,4,7,105,106,27,,,,0,0,5,73,71,20,4,,1,9,4,1,,1,0,60,244,559,FINAL (ENTRADA MANUAL)
46,4,8,120,94,20,,,,3,0,10,73,49,9,7,,3,4,10,6,,2,0,86,249,559,FINAL (ENTRADA MANUAL)
46,4,9,107,82,19,,,,0,0,4,67,40,11,3,,4,2,5,1,,1,0,79,213,557,FINAL (ENTRADA MANUAL)
46,5,1,108,111,19,,,,2,1,1,66,73,11,0,,2,3,5,1,,1,0,81,243,551,FINAL (ENTRADA MANUAL)
46,5,2,120,112,12,,,,1,0,6,74,64,7,6,,0,5,1,2,,0,0,92,251,551,FINAL (ENTRADA MANUAL)
46,5,3,120,96,25,,,,0,0,4,81,66,15,1,,3,3,0,1,,0,0,75,245,551,FINAL (ENTRADA MANUAL)
46,5,4,102,121,25,,,,0,0,4,61,71,10,2,,3,8,5,2,,2,0,90,254,551,FINAL (ENTRADA MANUAL)
46,5,5,110,68,20,,,,0,0,6,66,41,12,4,,4,0,4,2,,3,0,71,207,551,FINAL (ENTRADA MANUAL)
46,5,6,121,104,13,,,,2,0,5,84,69,9,4,,3,6,4,3,,4,0,63,249,551,FINAL (ENTRADA MANUAL)
46,5,7,112,109,29,,,,0,0,2,70,77,18,1,,1,3,2,3,,0,0,77,252,551,FINAL (ENTRADA MANUAL)
46,5,8,104,100,20,,,,3,0,2,70,69,13,2,,3,3,0,1,,1,0,68,230,551,FINAL (ENTRADA MANUAL)
46,5,9,110,109,14,,,,0,0,2,65,67,10,2,,7,5,3,3,,1,0,73,236,553,FINAL (ENTRADA MANUAL)
46,6,1,114,98,26,,,,3,0,8,78,62,10,5,,1,4,2,4,,3,0,83,252,478,FINAL (ENTRADA MANUAL)
46,6,2,100,108,28,,,,0,0,5,67,75,18,4,,4,9,4,3,,1,1,57,243,478,FINAL (ENTRADA MANUAL)
46,6,3,111,101,23,,,,1,0,3,80,63,16,2,,4,5,8,3,,2,0,58,241,478,FINAL (ENTRADA MANUAL)
46,6,4,115,109,21,,,,0,1,8,81,75,14,4,,4,0,3,3,,0,0,70,254,478,FINAL (ENTRADA MANUAL)
46,7,1,115,158,8,,,,0,0,3,80,97,4,1,,7,6,3,2,,0,0,84,284,598,FINAL (ENTRADA MANUAL)
46,7,2,94,141,19,,,,1,0,6,59,89,8,5,,0,12,5,5,,1,1,78,263,598,FINAL (ENTRADA MANUAL)
46,7,3,67,151,27,,,,0,0,7,46,101,13,7,,1,9,6,4,,1,0,65,253,598,FINAL (ENTRADA MANUAL)
46,7,4,77,147,22,,,,3,0,12,35,85,9,8,,5,3,7,2,,2,1,107,264,598,FINAL (ENTRADA MANUAL)
46,7,5,102,124,25,,,,0,1,11,61,78,13,8,,7,8,6,6,,2,0,76,265,598,FINAL (ENTRADA MANUAL)
46,7,6,97,138,17,,,,0,0,11,58,84,12,6,,9,6,8,4,,2,0,76,265,598,FINAL (ENTRADA MANUAL)
46,7,7,112,117,15,,,,0,0,8,75,75,10,6,,5,6,1,2,,1,0,72,253,595,FINAL (ENTRADA MANUAL)
46,8,1,73,115,21,,,,2,0,2,47,67,13,1,,0,5,1,4,,2,0,75,215,459,FINAL (ENTRADA MANUAL)
46,8,2,79,109,21,,,,1,0,6,51,70,10,3,,1,6,3,2,,1,0,70,217,459,FINAL (ENTRADA MANUAL)
46,8,3,80,106,13,,,,0,0,8,44,63,12,7,,1,5,0,2,,2,0,73,209,459,FINAL (ENTRADA MANUAL)
46,8,4,90,114,18,,,,3,0,6,59,82,12,6,,3,2,1,1,,2,0,65,233,458,FINAL (ENTRADA MANUAL)
46,9,1,125,109,20,,,,0,0,0,88,80,12,0,,4,8,5,1,,0,0,56,254,520,FINAL (ENTRADA MANUAL)
46,9,2,117,100,11,,,,0,0,3,86,64,5,2,,1,1,2,1,,3,0,69,234,519,FINAL (ENTRADA MANUAL)
46,10,1,104,94,24,,,,0,0,3,80,60,21,2,,3,6,7,3,,0,1,43,226,525,FINAL (ENTRADA MANUAL)
46,10,2,104,110,9,,,,0,0,2,60,65,8,0,,9,2,5,0,,0,0,76,225,525,FINAL (ENTRADA MANUAL)
46,10,3,111,95,15,,,,2,0,7,71,66,11,6,,1,6,3,3,,1,1,63,232,525,FINAL (ENTRADA MANUAL)
46,10,4,86,101,9,,,,0,0,6,58,49,7,5,,4,4,2,7,,3,0,66,205,525,FINAL (ENTRADA MANUAL)
46,10,5,95,113,18,,,,0,0,2,68,78,12,1,,2,5,5,2,,0,0,55,228,525,FINAL (ENTRADA MANUAL)
46,10,6,99,86,17,,,,0,1,4,67,55,11,3,,2,2,5,1,,3,0,61,210,525,FINAL (ENTRADA MANUAL)
46,10,7,94,111,12,,,,2,0,2,69,73,7,1,,5,5,4,1,,2,0,56,223,528,FINAL (ENTRADA MANUAL)
46,11,1,107,99,18,,,,1,0,4,65,68,13,3,,2,1,5,0,,0,0,72,229,540,FINAL (ENTRADA MANUAL)
46,11,2,121,95,17,,,,4,0,6,81,65,9,5,,4,2,3,2,,4,0,72,247,540,FINAL (ENTRADA MANUAL)
46,11,3,119,100,18,,,,0,0,9,80,58,8,9,,2,6,6,0,,1,0,77,247,540,FINAL (ENTRADA MANUAL)
46,11,4,130,96,11,,,,2,0,3,78,65,6,3,,7,0,2,2,,4,0,79,246,540,FINAL (ENTRADA MANUAL)
46,11,5,121,115,22,,,,0,0,4,69,83,13,1,,6,4,8,3,,1,0,75,263,540,FINAL (ENTRADA MANUAL)
46,11,6,119,97,17,,,,0,0,7,79,58,11,5,,4,5,3,2,,1,1,73,242,541,FINAL (ENTRADA MANUAL)
46,74,1,64,28,0,,,,1,0,0,50,19,0,0,,2,2,0,0,,0,0,20,93,0,FINAL (ENTRADA MANUAL)
46,74,2,48,34,0,,,,1,0,0,40,23,0,0,,1,1,1,1,,0,0,16,83,0,FINAL (ENTRADA MANUAL)
46,74,3,55,26,3,,,,0,0,2,45,16,2,1,,0,3,2,0,,0,0,17,86,0,FINAL (ENTRADA MANUAL)
46,74,4,51,30,2,,,,0,0,0,42,15,2,0,,0,0,1,0,,1,0,23,84,0,FINAL (ENTRADA MANUAL)
46,74,5,79,25,3,,,,0,0,0,68,17,2,0,,0,1,0,1,,1,0,18,108,0,FINAL (ENTRADA MANUAL)
46,74,6,67,32,4,,,,2,0,1,41,21,4,0,,3,0,0,0,,0,0,37,106,0,FINAL (ENTRADA MANUAL)
46,74,7,74,25,5,,,,0,0,1,57,23,4,0,,0,1,1,1,,0,0,18,105,0,FINAL (ENTRADA MANUAL)
46,74,8,76,28,2,,,,0,0,2,57,20,1,2,,2,1,1,0,,1,0,24,109,0,FINAL (ENTRADA MANUAL)
46,74,9,73,28,4,,,,0,0,2,62,23,3,0,,2,1,1,0,,0,0,15,107,0,FINAL (ENTRADA MANUAL)
46,74,10,0,0,0,,,,0,0,0,0,0,0,0,,0,0,0,0,,0,0,0,0,0,FINAL (ENTRADA MANUAL)
46,74,11,0,0,0,,,,0,0,0,0,0,0,0,,0,0,0,0,,0,0,0,0,0,FINAL (ENTRADA MANUAL)
46,74,12,0,0,0,,,,0,0,0,0,0,0,0,,0,0,0,0,,0,0,0,0,0,FINAL (ENTRADA MANUAL)
46,75,1,0,0,0,,,,0,0,0,0,0,0,0,,0,0,0,0,,0,0,0,0,0,FINAL (ENTRADA MANUAL)
46,75,2,0,2,0,,,,1,1,0,0,0,0,0,,0,0,0,0,,0,1,3,4,0,FINAL (ENTRADA MANUAL)
46,75,3,17,36,5,,,,14,0,0,8,8,0,2,,2,2,1,3,,0,0,43,71,0,FINAL (ENTRADA MANUAL)
46,77,1,496,418,50,,,,0,0,8,471,383,48,8,,18,15,10,0,,0,0,19,972,0,FINAL (ENTRADA MANUAL)
46,77,2,62,85,6,,,,0,0,3,59,72,5,3,,2,10,0,0,,0,0,5,156,0,FINAL (ENTRADA MANUAL)
46,77,3,1,2,0,,,,1,0,0,0,1,0,0,,0,1,0,0,,0,0,2,4,0,FINAL (ENTRADA MANUAL)
46,77,5,0,0,0,,,,0,0,0,0,0,0,0,,0,0,0,0,,0,0,0,0,0,FINAL (ENTRADA MANUAL)
46,78,1,24,22,3,,,,0,0,3,15,12,3,1,,1,0,0,0,,0,7,19,58,0,FINAL (ENTRADA MANUAL)
46,78,2,0,0,0,,,,0,0,0,0,0,0,0,,0,0,0,0,,0,0,0,0,0,FINAL (ENTRADA MANUAL)
46,78,3,0,0,0,,,,0,0,0,0,0,0,0,,0,0,0,0,,0,0,0,0,0,FINAL (ENTRADA MANUAL)
47,1,1,111,81,18,,,,0,0,0,81,53,12,,,3,1,2,,,0,0,58,210,426,FINAL (ENTRADA MANUAL)
47,1,2,109,78,18,,,,0,0,0,71,50,11,,,1,2,0,,,0,0,70,205,426,FINAL (ENTRADA MANUAL)
47,1,3,101,83,4,,,,0,0,0,63,61,3,,,2,1,2,,,0,0,56,188,427,FINAL (ENTRADA MANUAL)
47,2,1,150,89,6,,,,0,0,0,120,67,5,,,3,4,1,,,0,0,45,245,560,FINAL (ENTRADA MANUAL)
47,2,2,125,117,5,,,,0,0,0,104,93,5,,,1,2,0,,,1,0,42,248,560,FINAL (ENTRADA MANUAL)
47,2,3,138,96,11,,,,0,0,1,92,71,7,,,2,4,1,,,0,0,69,246,559,FINAL (ENTRADA MANUAL)
47,3,1,93,108,8,,,,0,0,1,54,76,4,,,2,2,4,,,0,0,68,210,410,FINAL (ENTRADA MANUAL)
47,3,2,93,115,9,,,,0,0,1,68,91,8,,,3,2,0,,,1,0,46,219,410,FINAL (ENTRADA MANUAL)
47,3,3,95,88,8,,,,0,0,0,71,60,4,,,4,1,4,,,1,0,47,192,410,FINAL (ENTRADA MANUAL)
47,4,1,115,80,7,,,,1,0,0,96,69,7,,,2,5,0,,,2,0,24,205,460,FINAL (ENTRADA MANUAL)
47,4,2,104,84,8,,,,0,0,3,66,58,4,,,1,4,3,,,2,0,63,201,460,FINAL (ENTRADA MANUAL)
47,4,3,127,69,3,,,,0,1,1,81,41,3,,,4,0,3,,,1,0,69,202,459,FINAL (ENTRADA MANUAL)
47,5,1,73,119,4,,,,0,0,1,48,89,3,,,2,2,1,,,1,0,52,198,422,FINAL (ENTRADA MANUAL)
47,6,1,105,92,11,,,,0,0,0,79,67,8,,,3,6,1,,,1,1,44,210,487,FINAL (ENTRADA MANUAL)
47,6,2,118,85,5,,,,0,1,0,92,61,5,,,2,1,1,,,3,0,47,212,487,FINAL (ENTRADA MANUAL)
47,6,3,105,94,2,,,,0,0,0,83,77,2,,,0,0,0,,,3,1,39,205,487,FINAL (ENTRADA MANUAL)
47,7,1,160,86,6,,,,0,1,0,112,67,3,,,1,1,3,,,2,0,66,255,576,FINAL (ENTRADA MANUAL)
47,8,1,111,92,20,,,,0,0,1,76,66,14,,,2,4,1,,,0,0,61,224,413,FINAL (ENTRADA MANUAL)
47,8,2,136,101,11,,,,1,0,0,84,74,9,,,4,2,2,,,1,0,74,250,413,FINAL (ENTRADA MANUAL)
47,8,3,95,91,7,,,,1,0,0,71,67,4,,,1,2,0,,,0,0,49,194,412,FINAL (ENTRADA MANUAL)
47,9,1,166,88,6,,,,0,0,0,116,62,4,,,0,3,0,,,1,0,75,261,628,FINAL (ENTRADA MANUAL)
47,9,2,144,100,3,,,,2,0,1,93,67,3,,,0,6,0,,,1,0,81,251,628,FINAL (ENTRADA MANUAL)
47,9,3,143,99,6,,,,0,0,0,96,63,4,,,1,3,1,,,1,0,80,249,628,FINAL (ENTRADA MANUAL)
47,10,1,89,62,2,,,,2,0,0,52,45,0,,,2,1,0,,,0,0,55,155,324,FINAL (ENTRADA MANUAL)
47,10,2,102,50,2,,,,0,1,0,57,36,2,,,3,4,0,,,1,1,53,157,325,FINAL (ENTRADA MANUAL)
47,11,1,113,69,7,,,,0,1,0,75,45,4,,,1,4,0,,,1,1,61,192,379,FINAL (ENTRADA MANUAL)
47,11,2,84,87,5,,,,1,0,0,63,67,3,,,1,2,1,,,1,0,40,178,379,FINAL (ENTRADA MANUAL)
47,12,1,111,78,6,,,,0,0,0,86,50,3,,,3,3,2,,,0,1,48,196,416,FINAL (ENTRADA MANUAL)
47,12,2,128,81,6,,,,0,0,0,99,53,4,,,3,5,1,,,1,0,50,216,415,FINAL (ENTRADA MANUAL)
47,13,1,118,101,10,,,,0,0,1,79,62,9,,,1,1,1,,,3,0,77,233,498,FINAL (ENTRADA MANUAL)
47,13,2,111,89,8,,,,0,0,1,81,65,6,,,2,1,2,,,0,0,52,209,499,FINAL (ENTRADA MANUAL)
47,14,1,96,115,9,,,,1,0,1,71,85,7,,,5,2,2,,,3,0,50,225,438,FINAL (ENTRADA MANUAL)
47,14,2,98,97,8,,,,0,1,1,62,74,7,,,3,1,2,,,2,0,56,207,438,FINAL (ENTRADA MANUAL)
47,14,3,118,80,6,,,,0,0,0,71,55,6,,,3,0,0,,,2,0,69,206,438,FINAL (ENTRADA MANUAL)
47,14,4,121,83,6,,,,0,0,0,95,61,5,,,1,0,3,,,0,0,45,210,436,FINAL (ENTRADA MANUAL)
47,74,1,50,23,1,,,,0,0,0,38,14,0,,,0,3,0,,,1,0,19,75,0,FINAL (ENTRADA MANUAL)
47,74,2,15,20,4,,,,0,0,0,10,19,3,,,0,0,0,,,0,0,7,39,0,FINAL (ENTRADA MANUAL)
47,74,3,42,38,0,,,,0,0,0,35,29,0,,,1,0,0,,,0,0,15,80,0,FINAL (ENTRADA MANUAL)
47,74,4,51,34,0,,,,0,0,0,47,24,0,,,1,2,0,,,0,0,11,85,0,FINAL (ENTRADA MANUAL)
47,74,5,42,43,2,,,,0,0,0,33,32,1,,,0,0,0,,,0,1,21,88,0,FINAL (ENTRADA MANUAL)
47,75,1,4,1,0,,,,0,0,0,2,0,0,,,0,0,0,,,0,0,3,5,0,FINAL (ENTRADA MANUAL)
47,77,1,389,420,11,,,,0,0,0,372,400,9,,,7,7,3,,,0,0,22,820,0,FINAL (ENTRADA MANUAL)
47,77,2,59,97,2,,,,0,0,0,55,95,2,,,2,1,0,,,0,0,3,158,0,FINAL (ENTRADA MANUAL)
47,77,3,14,57,4,,,,0,0,17,3,12,2,,,5,1,1,,,1,2,68,95,0,FINAL (ENTRADA MANUAL)
47,77,5,0,0,0,,,,0,0,0,0,0,0,,,0,0,0,,,0,0,0,0,0,FINAL (ENTRADA MANUAL)
47,78,1,6,12,3,,,,0,0,0,3,9,0,,,0,0,0,,,0,6,9,27,0,FINAL (ENTRADA MANUAL)
47,78,2,0,0,0,,,,0,0,0,0,0,0,,,0,0,0,,,0,0,0,0,0,FINAL (ENTRADA MANUAL)
47,78,3,0,0,0,,,,0,0,0,0,0,0,,,0,0,0,,,0,0,0,0,0,FINAL (ENTRADA MANUAL)
47,79,1,0,0,0,,,,0,0,0,0,0,0,,,0,0,0,,,0,0,0,0,0,FINAL (ENTRADA MANUAL)
48,1,1,39,53,6,,,,0,0,0,30,36,5,,,1,2,1,,,0,0,23,98,439,FINAL (ENTRADA MANUAL)
48,1,2,35,48,2,,,,0,0,0,25,36,1,,,1,1,2,,,1,0,19,86,439,FINAL (ENTRADA MANUAL)
48,1,3,49,58,2,,,,0,0,0,28,37,1,,,1,4,0,,,0,0,38,109,439,FINAL (ENTRADA MANUAL)
48,2,1,43,50,5,,,,0,0,1,35,40,4,,,0,2,0,,,0,0,18,99,415,FINAL (ENTRADA MANUAL)
48,2,2,36,45,5,,,,0,0,0,22,34,4,,,1,2,0,,,0,0,24,87,415,FINAL (ENTRADA MANUAL)
48,2,3,51,32,2,,,,0,0,0,39,24,0,,,0,2,0,,,0,0,21,86,415,FINAL (ENTRADA MANUAL)
48,3,1,41,67,1,,,,0,0,0,36,52,1,,,1,6,0,,,2,0,13,111,441,FINAL (ENTRADA MANUAL)
48,3,2,45,48,3,,,,0,0,2,33,35,2,,,0,2,1,,,1,0,25,99,441,FINAL (ENTRADA MANUAL)
48,3,3,48,35,6,,,,0,0,0,37,27,5,,,2,0,0,,,2,0,18,91,440,FINAL (ENTRADA MANUAL)
48,4,1,39,83,7,,,,0,0,1,25,66,6,,,1,0,1,,,0,0,31,130,394,FINAL (ENTRADA MANUAL)
48,5,1,40,54,2,,,,0,0,1,32,44,2,,,1,1,0,,,3,0,13,96,393,FINAL (ENTRADA MANUAL)
48,6,1,58,59,1,,,,0,0,1,48,44,1,,,0,1,0,,,3,0,25,122,464,FINAL (ENTRADA MANUAL)
48,6,2,63,53,1,,,,0,0,0,0,0,0,,,0,1,0,,,0,0,17,117,464,FINAL (ENTRADA MANUAL)
48,6,3,47,55,1,,,,0,0,0,32,40,1,,,2,2,0,,,2,0,26,105,463,FINAL (ENTRADA MANUAL)
48,7,1,41,80,3,,,,0,0,0,29,68,2,,,0,0,5,,,1,0,20,124,428,FINAL (ENTRADA MANUAL)
48,7,2,50,72,2,,,,0,0,1,42,67,2,,,0,1,0,,,0,0,13,125,427,FINAL (ENTRADA MANUAL)
48,8,1,50,63,2,,,,0,0,0,40,49,2,,,0,0,1,,,0,0,85,115,420,FINAL (ENTRADA MANUAL)
48,8,2,44,50,2,,,,0,0,0,40,39,2,,,0,0,0,,,0,0,15,96,419,FINAL (ENTRADA MANUAL)
48,9,1,48,56,4,,,,0,0,0,41,44,3,,,0,4,0,,,0,0,16,108,577,FINAL (ENTRADA MANUAL)
48,9,2,55,57,1,,,,0,0,0,45,49,0,,,1,1,0,,,0,0,18,114,577,FINAL (ENTRADA MANUAL)
48,9,3,52,54,2,,,,0,0,0,42,42,2,,,0,0,0,,,1,0,22,109,578,FINAL (ENTRADA MANUAL)
48,10,1,68,48,7,,,,0,0,1,45,43,4,,,0,1,0,,,1,0,31,125,374,FINAL (ENTRADA MANUAL)
48,10,2,68,40,1,,,,0,0,0,49,34,1,,,0,0,0,,,0,0,25,109,374,FINAL (ENTRADA MANUAL)
48,11,1,56,51,0,,,,0,0,0,46,44,0,,,1,1,1,,,0,0,14,107,377,FINAL (ENTRADA MANUAL)
48,12,1,80,66,1,,,,0,0,0,54,58,1,,,0,0,0,,,0,0,34,147,496,FINAL (ENTRADA MANUAL)
48,12,2,96,79,0,,,,0,0,0,74,69,0,,,0,0,0,,,0,0,32,175,496,FINAL (ENTRADA MANUAL)
48,13,1,73,72,2,,,,0,0,1,56,55,2,,,3,1,1,,,1,0,30,149,550,FINAL (ENTRADA MANUAL)
48,13,2,81,54,3,,,,0,0,0,59,47,2,,,1,2,1,,,0,0,26,138,550,FINAL (ENTRADA MANUAL)
48,13,3,58,61,1,,,,0,0,0,37,48,1,,,1,0,0,,,0,0,33,120,550,FINAL (ENTRADA MANUAL)
48,14,1,52,56,2,,,,0,0,0,40,45,1,,,3,1,1,,,1,0,19,111,368,FINAL (ENTRADA MANUAL)
48,74,1,20,66,2,,,,0,0,0,18,60,2,,,0,1,1,,,0,0,7,89,0,FINAL (ENTRADA MANUAL)
48,74,2,22,28,1,,,,0,0,1,21,26,1,,,0,1,0,,,0,0,3,52,0,FINAL (ENTRADA MANUAL)
48,74,3,21,18,1,,,,0,0,0,16,17,1,,,0,0,0,,,0,0,6,40,0,FINAL (ENTRADA MANUAL)
48,74,4,34,36,0,,,,0,0,0,23,36,0,,,0,0,0,,,0,0,11,70,0,FINAL (ENTRADA MANUAL)
48,74,5,62,9,0,,,,0,0,0,48,9,0,,,0,0,0,,,0,0,15,72,0,FINAL (ENTRADA MANUAL)
48,74,6,45,44,2,,,,0,0,0,30,43,1,,,1,0,0,,,0,0,16,91,0,FINAL (ENTRADA MANUAL)
48,74,7,0,0,0,,,,0,0,0,0,0,0,,,0,0,0,,,0,0,0,0,0,FINAL (ENTRADA MANUAL)
48,75,1,11,2,1,,,,1899,27,11,1,1,0,,,58,39,37,,,14,27,1774,1951,0,FINAL (ENTRADA MANUAL)
48,77,1,435,416,0,,,,0,0,0,384,376,10,,,5,8,0,,,1,0,80,864,0,FINAL (ENTRADA MANUAL)
48,77,2,0,0,0,,,,0,0,0,0,0,0,,,0,0,0,,,0,0,0,0,0,FINAL (ENTRADA MANUAL)
48,77,3,70,61,4,,,,413,0,10,36,48,3,,,22,22,1,,,4,0,423,558,0,FINAL (ENTRADA MANUAL)
48,77,5,0,0,0,,,,0,0,0,0,0,0,,,0,0,0,,,0,0,0,0,0,FINAL (ENTRADA MANUAL)
48,78,1,2,4,1,,,,0,0,2,2,2,1,,,0,0,0,,,0,0,4,10,0,FINAL (ENTRADA MANUAL)
48,78,2,0,0,0,,,,0,0,0,0,0,0,,,0,0,0,,,0,0,0,0,0,FINAL (ENTRADA MANUAL)
48,78,3,0,0,0,,,,0,0,0,0,0,0,,,0,0,0,,,0,0,0,0,0,FINAL (ENTRADA MANUAL)
48,79,1,0,0,1,,,,56,2,1,0,0,0,,,2,3,2,,,0,0,53,60,0,FINAL (ENTRADA MANUAL)
48,79,2,2,1,0,,,,14,0,0,0,0,0,,,2,1,0,,,0,1,11,15,0,FINAL (ENTRADA MANUAL)
48,80,1,0,0,0,,,,7,0,0,0,0,0,,,0,0,0,,,0,0,7,7,0,FINAL (ENTRADA MANUAL)
48,80,2,0,0,0,,,,38,0,0,0,0,0,,,0,0,0,,,0,0,38,38,0,FINAL (ENTRADA MANUAL)
49,1,1,71,74,17,,,,0,0,3,46,50,14,,,1,5,1,,,0,0,48,165,546,FINAL (ENTRADA MANUAL)
49,1,2,116,115,22,,,,1,0,0,82,92,19,,,1,3,2,,,1,0,55,255,546,FINAL (ENTRADA MANUAL)
49,1,3,98,104,30,,,,0,0,0,69,75,22,,,5,1,1,,,1,0,59,233,546,FINAL (ENTRADA MANUAL)
49,1,4,103,90,29,,,,0,0,0,69,64,20,,,0,2,1,,,5,0,66,227,546,FINAL (ENTRADA MANUAL)
49,1,5,94,103,22,,,,1,1,1,83,89,19,,,2,6,1,,,0,0,22,222,546,FINAL (ENTRADA MANUAL)
49,1,6,87,106,31,,,,1,0,0,49,72,18,,,1,3,1,,,1,0,81,226,546,FINAL (ENTRADA MANUAL)
49,1,7,91,111,18,,,,1,0,1,64,79,13,,,5,5,2,,,2,0,54,224,546,FINAL (ENTRADA MANUAL)
49,1,8,93,106,20,,,,1,0,0,69,77,16,,,2,6,0,,,1,0,50,221,546,FINAL (ENTRADA MANUAL)
49,2,1,92,101,11,,,,0,0,0,72,83,9,,,1,2,1,,,0,0,36,204,523,FINAL (ENTRADA MANUAL)
49,2,2,80,110,7,,,,0,0,3,62,73,6,,,1,2,2,,,2,0,54,202,523,FINAL (ENTRADA MANUAL)
49,2,3,84,125,17,,,,1,0,0,56,85,16,,,3,2,0,,,0,0,65,227,523,FINAL (ENTRADA MANUAL)
49,2,4,77,105,10,,,,1,0,0,53,76,8,,,1,2,3,,,1,0,50,194,523,FINAL (ENTRADA MANUAL)
49,2,5,57,95,9,,,,0,0,0,42,69,7,,,1,3,1,,,0,0,38,161,523,FINAL (ENTRADA MANUAL)
49,2,6,59,94,11,,,,0,0,0,35,70,9,,,1,0,1,,,0,0,48,164,523,FINAL (ENTRADA MANUAL)
49,2,7,68,89,17,,,,1,0,0,50,65,13,,,1,4,1,,,0,0,41,175,526,FINAL (ENTRADA MANUAL)
49,3,1,89,125,18,,,,0,0,0,71,107,15,,,1,2,0,,,0,0,36,232,537,FINAL (ENTRADA MANUAL)
49,3,2,109,92,11,,,,0,0,0,90,72,10,,,2,2,0,,,1,0,36,213,537,FINAL (ENTRADA MANUAL)
49,3,3,86,110,16,,,,0,0,0,56,69,8,,,2,2,0,,,0,0,75,212,537,FINAL (ENTRADA MANUAL)
49,3,4,87,120,13,,,,1,0,0,63,91,9,,,3,3,1,,,1,0,51,222,537,FINAL (ENTRADA MANUAL)
49,3,5,102,123,14,,,,0,0,0,76,83,8,,,3,2,1,,,2,0,66,241,537,FINAL (ENTRADA MANUAL)
49,3,6,81,118,13,,,,1,0,0,65,94,10,,,2,1,1,,,1,0,40,214,537,FINAL (ENTRADA MANUAL)
49,3,7,77,102,11,,,,0,0,0,63,79,10,,,0,0,1,,,0,0,37,190,536,FINAL (ENTRADA MANUAL)
49,4,1,91,98,22,,,,0,0,1,72,79,19,,,3,0,0,,,1,0,39,213,536,FINAL (ENTRADA MANUAL)
49,4,2,88,114,21,,,,1,0,0,58,86,16,,,2,1,0,,,0,0,61,224,536,FINAL (ENTRADA MANUAL)
49,4,3,71,104,13,,,,1,0,0,50,77,10,,,2,2,1,,,0,0,47,189,536,FINAL (ENTRADA MANUAL)
49,4,4,81,105,17,,,,2,0,0,61,73,13,,,2,4,1,,,1,0,51,206,536,FINAL (ENTRADA MANUAL)
49,4,5,89,108,15,,,,0,0,0,69,88,13,,,4,4,3,,,5,0,31,217,536,FINAL (ENTRADA MANUAL)
49,4,6,80,107,20,,,,0,1,0,59,82,17,,,0,1,0,,,0,0,49,208,536,FINAL (ENTRADA MANUAL)
49,4,7,75,113,20,,,,1,0,1,52,94,15,,,0,0,0,,,0,0,49,210,538,FINAL (ENTRADA MANUAL)
49,5,1,76,119,20,,,,0,0,0,56,90,13,,,4,2,3,,,2,0,47,217,588,FINAL (ENTRADA MANUAL)
49,5,2,87,111,17,,,,0,0,0,69,96,16,,,3,2,1,,,1,0,28,216,587,FINAL (ENTRADA MANUAL)
49,74,1,17,80,4,,,,0,0,0,13,70,3,,,0,0,0,,,0,0,15,101,0,FINAL (ENTRADA MANUAL)
49,74,2,21,77,3,,,,0,0,0,14,63,3,,,1,1,1,,,1,0,18,102,0,FINAL (ENTRADA MANUAL)
49,74,3,22,78,1,,,,0,0,0,17,61,1,,,0,2,0,,,0,0,20,101,0,FINAL (ENTRADA MANUAL)
49,74,4,22,70,3,,,,0,0,0,14,47,2,,,1,2,1,,,1,0,28,96,0,FINAL (ENTRADA MANUAL)
49,74,5,17,78,6,,,,0,0,0,14,67,5,,,0,2,1,,,1,0,12,102,0,FINAL (ENTRADA MANUAL)
49,74,6,0,0,0,,,,0,0,0,0,0,0,,,0,0,0,,,0,0,0,0,0,FINAL (ENTRADA MANUAL)
49,74,7,0,0,0,,,,0,0,0,0,0,0,,,0,0,0,,,0,0,0,0,0,FINAL (ENTRADA MANUAL)
49,75,1,33,56,14,,,,3,0,0,16,38,10,,,1,5,0,,,1,0,36,107,0,FINAL (ENTRADA MANUAL)
49,75,2,25,28,1,,,,0,0,1,20,19,1,,,1,0,0,,,0,5,13,59,0,FINAL (ENTRADA MANUAL)
49,77,1,732,1392,48,,,,3,0,5,605,1149,39,,,17,16,3,,,14,3,448,2294,0,FINAL (ENTRADA MANUAL)
49,77,2,0,0,0,,,,0,0,0,0,0,0,,,0,0,0,,,0,0,0,0,0,FINAL (ENTRADA MANUAL)
49,77,3,34,52,7,,,,2,0,1,13,22,3,,,0,1,2,,,12,3,56,112,0,FINAL (ENTRADA MANUAL)
49,77,5,0,0,0,,,,0,0,0,0,0,0,,,0,0,0,,,0,0,0,0,0,FINAL (ENTRADA MANUAL)
49,78,1,0,3,0,,,,0,0,0,0,1,0,,,0,0,0,,,0,0,2,3,0,FINAL (ENTRADA MANUAL)
49,78,2,0,0,0,,,,0,0,0,0,0,0,,,0,0,0,,,0,0,0,0,0,FINAL (ENTRADA MANUAL)
49,78,3,0,0,0,,,,0,0,0,0,0,0,,,0,0,0,,,0,0,0,0,0,FINAL (ENTRADA MANUAL)
49,79,1,1,4,0,,,,0,0,0,1,4,0,,,0,0,0,,,0,0,0,5,0,FINAL (ENTRADA MANUAL)
50,1,1,94,79,0,,,,3,0,1,79,55,0,,,1,0,0,,,1,0,42,178,409,FINAL (ENTRADA MANUAL)
50,1,2,115,79,0,,,,1,0,0,100,54,0,,,3,0,0,,,2,0,38,197,409,FINAL (ENTRADA MANUAL)
50,1,3,102,97,1,,,,0,0,0,76,62,1,,,1,4,0,,,1,0,56,201,408,FINAL (ENTRADA MANUAL)
50,2,1,55,112,0,,,,2,1,0,48,84,0,,,0,0,0,,,2,0,38,172,427,FINAL (ENTRADA MANUAL)
50,2,2,48,144,2,,,,2,0,0,36,115,2,,,2,1,0,,,0,0,40,196,427,FINAL (ENTRADA MANUAL)
50,2,3,58,120,0,,,,0,0,0,55,99,0,,,0,0,0,,,0,0,24,178,427,FINAL (ENTRADA MANUAL)
50,2,4,63,98,0,,,,3,0,1,51,83,0,,,2,4,0,,,0,0,25,165,428,FINAL (ENTRADA MANUAL)
50,3,1,184,107,1,,,,1,0,0,173,64,0,,,1,1,0,,,1,0,54,294,571,FINAL (ENTRADA MANUAL)
50,4,1,71,61,3,,,,2,0,0,59,43,2,,,2,0,0,,,0,0,31,137,247,FINAL (ENTRADA MANUAL)
50,5,1,66,146,0,,,,0,0,0,48,120,0,,,1,0,1,,,0,0,42,212,407,FINAL (ENTRADA MANUAL)
50,6,1,104,80,0,,,,1,0,0,88,65,0,,,0,0,0,,,0,0,32,185,316,FINAL (ENTRADA MANUAL)
50,6,2,85,80,0,,,,3,0,0,70,67,0,,,0,0,0,,,0,0,31,168,315,FINAL (ENTRADA MANUAL)
50,74,1,50,30,1,,,,0,0,0,38,18,0,,,0,0,0,,,1,0,25,82,0,FINAL (ENTRADA MANUAL)
50,74,2,49,30,0,,,,0,0,0,47,20,0,,,0,0,0,,,0,0,12,79,0,FINAL (ENTRADA MANUAL)
50,74,3,38,69,0,,,,0,0,0,26,48,0,,,2,0,0,,,0,0,31,107,0,FINAL (ENTRADA MANUAL)
50,74,4,40,65,0,,,,3,0,0,35,58,0,,,1,0,0,,,1,0,14,109,0,FINAL (ENTRADA MANUAL)
50,74,5,33,15,0,,,,0,0,0,29,13,0,,,0,0,0,,,0,0,6,48,0,FINAL (ENTRADA MANUAL)
50,74,6,12,23,0,,,,0,0,1,9,21,0,,,1,1,0,,,0,0,4,36,0,FINAL (ENTRADA MANUAL)
50,74,7,48,28,0,,,,0,0,0,35,15,0,,,0,0,0,,,0,0,26,76,0,FINAL (ENTRADA MANUAL)
50,75,1,1,0,0,,,,5,0,0,1,0,0,,,0,0,0,,,0,1,5,7,0,FINAL (ENTRADA MANUAL)
50,77,1,101,136,6,,,,0,0,0,100,131,6,,,1,1,0,,,0,0,4,243,0,FINAL (ENTRADA MANUAL)
50,77,2,1,0,1,,,,0,0,0,0,0,1,,,0,0,0,,,0,0,1,2,0,FINAL (ENTRADA MANUAL)
50,77,3,128,179,0,,,,12,7,5,18,16,0,,,1,0,0,,,6,13,249,348,0,FINAL (ENTRADA MANUAL)
50,77,5,0,0,0,,,,0,0,0,0,0,0,,,0,0,0,,,0,0,0,0,0,FINAL (ENTRADA MANUAL)
50,78,1,4,1,0,,,,0,0,0,3,1,0,,,0,0,0,,,0,5,1,10,0,FINAL (ENTRADA MANUAL)
50,78,2,0,0,0,,,,0,0,0,0,0,0,,,0,0,0,,,0,0,0,0,0,FINAL (ENTRADA MANUAL)
50,78,3,0,0,0,,,,0,0,0,0,0,0,,,0,0,0,,,0,0,0,0,0,FINAL (ENTRADA MANUAL)
51,1,1,134,40,7,,,,0,0,1,97,33,5,1,,4,2,2,2,,1,0,36,183,388,FINAL (ENTRADA MANUAL)
51,1,2,112,43,3,,,,1,0,3,77,38,1,3,,4,3,2,2,,1,0,32,163,389,FINAL (ENTRADA MANUAL)
51,2,1,53,23,1,,,,1,0,0,31,17,1,0,,0,0,0,0,,0,0,29,78,159,FINAL (ENTRADA MANUAL)
51,3,1,49,24,6,,,,0,0,0,36,19,3,0,,1,2,1,0,,0,0,17,79,248,FINAL (ENTRADA MANUAL)
51,3,2,49,38,1,,,,0,0,1,34,28,0,0,,0,1,0,0,,1,0,26,90,247,FINAL (ENTRADA MANUAL)
51,4,1,76,62,3,,,,2,0,4,51,51,2,3,,2,2,1,3,,3,0,32,150,468,FINAL (ENTRADA MANUAL)
51,4,2,100,57,5,,,,0,0,2,57,45,4,2,,2,3,1,1,,4,0,49,168,468,FINAL (ENTRADA MANUAL)
51,5,1,96,39,9,,,,0,0,3,57,22,5,0,,2,4,1,0,,1,0,56,148,347,FINAL (ENTRADA MANUAL)
51,6,1,111,50,6,,,,1,0,4,75,44,5,3,,2,4,0,0,,1,0,39,173,369,FINAL (ENTRADA MANUAL)
51,7,1,159,51,9,,,,2,0,8,112,40,8,7,,4,3,2,1,,0,1,52,230,552,FINAL (ENTRADA MANUAL)
51,7,2,166,63,8,,,,0,0,3,108,46,7,2,,8,2,2,1,,3,1,64,244,552,FINAL (ENTRADA MANUAL)
51,7,3,169,64,18,,,,0,0,4,116,35,13,4,,6,4,2,1,,0,0,74,255,552,FINAL (ENTRADA MANUAL)
51,7,4,152,62,20,,,,1,0,7,104,43,8,2,,2,4,4,3,,0,0,72,242,552,FINAL (ENTRADA MANUAL)
51,8,1,152,65,7,,,,1,0,6,88,51,7,5,,2,4,2,1,,2,0,71,233,582,FINAL (ENTRADA MANUAL)
51,8,2,139,63,6,,,,0,0,3,90,52,5,1,,7,2,4,0,,2,0,50,213,581,FINAL (ENTRADA MANUAL)
51,9,1,162,57,11,,,,0,1,2,108,48,7,1,,3,1,3,0,,5,0,62,238,598,FINAL (ENTRADA MANUAL)
51,10,1,130,60,16,,,,0,0,3,90,40,11,3,,5,4,0,0,,0,0,56,209,516,FINAL (ENTRADA MANUAL)
51,10,2,155,61,4,,,,0,0,2,105,44,1,1,,1,2,0,1,,1,0,67,223,515,FINAL (ENTRADA MANUAL)
51,11,1,140,60,16,,,,0,0,4,100,48,10,4,,3,1,4,2,,0,0,48,220,518,FINAL (ENTRADA MANUAL)
51,11,2,152,47,21,,,,2,0,6,105,36,16,4,,3,3,6,0,,4,0,55,232,518,FINAL (ENTRADA MANUAL)
51,11,3,130,66,21,,,,3,0,2,86,49,15,1,,2,3,4,3,,3,0,59,225,518,FINAL (ENTRADA MANUAL)
51,11,4,124,45,11,,,,0,0,7,74,35,6,5,,5,3,2,0,,0,0,57,187,518,FINAL (ENTRADA MANUAL)
51,11,5,137,50,10,,,,1,0,3,90,39,8,3,,3,3,1,2,,1,0,52,202,518,FINAL (ENTRADA MANUAL)
51,74,1,28,15,0,,,,0,0,0,20,15,0,0,,1,1,0,0,,0,0,6,43,0,FINAL (ENTRADA MANUAL)
51,74,2,29,32,2,,,,0,0,1,24,27,2,0,,0,1,0,0,,1,0,10,65,0,FINAL (ENTRADA MANUAL)
51,74,3,45,30,1,,,,0,0,0,37,27,0,0,,0,3,0,0,,0,0,9,76,0,FINAL (ENTRADA MANUAL)
51,75,1,1,1,0,,,,4,0,0,1,1,0,0,,1,0,0,0,,0,0,3,6,0,FINAL (ENTRADA MANUAL)
51,77,1,256,132,12,,,,0,0,4,245,127,11,4,,1,5,6,0,,1,0,5,405,0,FINAL (ENTRADA MANUAL)
51,77,2,69,40,3,,,,0,0,0,68,39,3,0,,0,2,0,0,,0,0,0,112,0,FINAL (ENTRADA MANUAL)
51,77,3,2,1,0,,,,0,0,0,2,1,0,0,,0,0,0,0,,0,0,0,3,0,FINAL (ENTRADA MANUAL)
51,77,5,0,0,0,,,,0,0,0,0,0,0,0,,0,0,0,0,,0,0,0,0,0,FINAL (ENTRADA MANUAL)
51,78,1,14,4,1,,,,0,0,4,11,2,1,0,,0,0,1,0,,0,3,5,23,0,FINAL (ENTRADA MANUAL)
51,78,2,0,0,0,,,,0,0,0,0,0,0,0,,0,0,0,0,,0,0,0,0,0,FINAL (ENTRADA MANUAL)
51,78,3,0,0,0,,,,0,0,0,0,0,0,0,,0,0,0,0,,0,0,0,0,0,FINAL (ENTRADA MANUAL)
51,79,1,0,0,0,,,,0,0,0,0,0,0,0,,0,0,0,0,,0,0,0,0,0,FINAL (ENTRADA MANUAL)
52,1,1,100,5,0,,,,0,0,2,76,3,0,1,,4,2,0,0,,0,0,21,107,206,FINAL (ENTRADA MANUAL)
52,2,1,151,47,6,,,,1,0,7,100,35,3,4,,18,3,1,0,,2,0,48,214,529,FINAL (ENTRADA MANUAL)
52,3,1,151,82,22,,,,1,0,7,99,59,18,5,,1,1,4,2,,1,0,74,264,542,FINAL (ENTRADA MANUAL)
52,3,2,168,64,26,,,,1,0,5,113,47,19,2,,2,2,7,3,,0,0,69,264,542,FINAL (ENTRADA MANUAL)
52,3,3,135,80,26,,,,0,0,3,91,54,18,1,,2,6,9,2,,3,0,61,247,542,FINAL (ENTRADA MANUAL)
52,4,1,96,48,5,,,,1,0,1,73,43,3,1,,1,2,0,0,,1,0,28,152,336,FINAL (ENTRADA MANUAL)
52,4,2,78,49,5,,,,0,0,1,57,40,5,1,,5,2,0,0,,0,0,23,133,335,FINAL (ENTRADA MANUAL)
52,5,1,85,45,8,,,,4,0,2,60,33,5,0,,1,2,3,0,,1,0,40,145,336,FINAL (ENTRADA MANUAL)
52,5,2,94,41,4,,,,1,0,0,75,32,1,0,,3,2,1,0,,1,0,26,141,337,FINAL (ENTRADA MANUAL)
52,6,1,127,44,6,,,,1,1,2,83,32,5,1,,0,2,0,2,,3,0,56,184,442,FINAL (ENTRADA MANUAL)
52,6,2,102,48,10,,,,0,0,3,73,34,7,3,,2,4,1,2,,0,0,37,163,442,FINAL (ENTRADA MANUAL)
52,7,1,130,56,13,,,,1,1,5,84,42,8,5,,5,4,2,3,,2,0,53,208,529,FINAL (ENTRADA MANUAL)
52,7,2,123,79,14,,,,0,0,3,87,57,10,2,,6,4,2,2,,1,0,49,220,529,FINAL (ENTRADA MANUAL)
52,7,3,151,57,12,,,,0,0,3,103,47,6,0,,4,1,4,2,,1,0,56,224,529,FINAL (ENTRADA MANUAL)
52,7,4,126,62,15,,,,1,1,8,92,43,11,5,,2,6,3,3,,3,0,48,216,529,FINAL (ENTRADA MANUAL)
52,7,5,126,42,9,,,,2,0,5,98,30,4,3,,5,4,4,2,,3,1,34,188,529,FINAL (ENTRADA MANUAL)
52,7,6,156,65,20,,,,0,0,1,110,51,7,1,,4,5,5,0,,0,0,59,242,530,FINAL (ENTRADA MANUAL)
52,8,1,144,61,11,,,,0,3,0,104,50,8,0,,8,2,0,0,,1,0,47,220,504,FINAL (ENTRADA MANUAL)
52,8,2,131,49,8,,,,1,0,1,90,37,6,1,,5,3,3,0,,1,0,45,191,504,FINAL (ENTRADA MANUAL)
52,9,1,146,50,20,,,,1,1,6,98,35,16,3,,6,3,2,2,,0,0,59,224,472,FINAL (ENTRADA MANUAL)
52,9,2,162,46,13,,,,0,0,4,105,32,9,3,,7,3,4,1,,0,0,61,225,472,FINAL (ENTRADA MANUAL)
52,9,3,123,45,16,,,,0,0,3,85,33,9,3,,3,2,4,3,,1,0,45,188,472,FINAL (ENTRADA MANUAL)
52,9,4,137,43,7,,,,0,0,3,80,24,4,2,,3,2,0,6,,0,0,69,190,470,FINAL (ENTRADA MANUAL)
52,10,1,140,71,18,,,,2,0,2,99,51,12,1,,7,6,4,2,,1,0,51,234,579,FINAL (ENTRADA MANUAL)
52,10,2,147,80,14,,,,0,0,2,98,56,12,2,,6,4,5,1,,1,0,59,244,579,FINAL (ENTRADA MANUAL)
52,10,3,145,88,8,,,,1,0,3,96,65,4,3,,4,6,4,1,,0,0,62,245,579,FINAL (ENTRADA MANUAL)
52,11,1,140,57,8,,,,1,0,6,101,42,5,5,,1,4,0,2,,2,0,52,214,592,FINAL (ENTRADA MANUAL)
52,11,2,146,44,4,,,,2,1,6,107,39,3,5,,2,3,3,0,,2,0,41,205,592,FINAL (ENTRADA MANUAL)
52,11,3,121,75,5,,,,0,0,4,77,54,4,4,,5,2,1,2,,4,0,56,209,592,FINAL (ENTRADA MANUAL)
52,12,1,143,62,25,,,,4,0,2,79,38,20,1,,9,7,6,1,,1,1,75,238,544,FINAL (ENTRADA MANUAL)
52,12,2,164,59,16,,,,2,0,3,109,41,12,3,,9,4,6,2,,0,0,58,244,544,FINAL (ENTRADA MANUAL)
52,12,3,161,69,4,,,,0,0,1,108,52,2,1,,10,4,1,3,,1,1,54,237,544,FINAL (ENTRADA MANUAL)
52,12,4,143,69,9,,,,0,0,1,93,56,6,0,,9,4,5,2,,0,2,47,224,542,FINAL (ENTRADA MANUAL)
52,13,1,123,26,4,,,,0,0,4,91,21,3,2,,1,0,0,0,,4,0,39,161,447,FINAL (ENTRADA MANUAL)
52,13,2,118,50,8,,,,1,0,7,87,41,8,5,,2,4,0,2,,1,0,35,185,447,FINAL (ENTRADA MANUAL)
52,13,3,132,32,3,,,,0,0,3,83,25,1,2,,3,6,1,0,,2,1,49,173,447,FINAL (ENTRADA MANUAL)
52,74,1,49,26,4,,,,0,0,1,40,20,3,1,,0,0,0,0,,2,0,16,82,0,FINAL (ENTRADA MANUAL)
52,74,2,51,30,2,,,,0,1,2,34,26,1,1,,1,3,0,0,,0,0,20,86,0,FINAL (ENTRADA MANUAL)
52,74,3,53,33,2,,,,1,0,1,44,27,2,0,,4,2,0,1,,0,0,10,90,0,FINAL (ENTRADA MANUAL)
52,74,4,46,31,4,,,,0,0,0,35,26,4,0,,1,4,0,0,,0,0,11,81,0,FINAL (ENTRADA MANUAL)
52,74,5,0,0,0,,,,0,0,0,0,0,0,0,,0,0,0,0,,0,0,0,0,0,FINAL (ENTRADA MANUAL)
52,75,1,9,3,0,,,,7,0,1,2,0,0,0,,0,0,0,2,,0,1,15,20,0,FINAL (ENTRADA MANUAL)
52,75,2,0,0,0,,,,0,0,0,0,0,0,0,,0,0,0,0,,0,0,0,0,0,FINAL (ENTRADA MANUAL)
52,77,1,554,298,25,,,,2,0,3,513,294,21,3,,22,15,1,0,,0,0,13,882,0,FINAL (ENTRADA MANUAL)
52,77,2,32,36,1,,,,0,0,1,31,34,1,1,,2,0,0,0,,0,0,1,70,0,FINAL (ENTRADA MANUAL)
52,77,3,465,162,36,,,,4,3,4,114,38,9,1,,14,21,1,5,,7,2,277,692,0,FINAL (ENTRADA MANUAL)
52,77,5,0,0,0,,,,0,0,0,0,0,0,0,,0,0,0,0,,0,0,0,0,0,FINAL (ENTRADA MANUAL)
52,78,1,1,0,0,,,,0,0,0,1,0,0,0,,0,0,0,0,,0,0,0,1,0,FINAL (ENTRADA MANUAL)
52,78,2,0,0,0,,,,0,0,0,0,0,0,0,,0,0,0,0,,0,0,0,0,0,FINAL (ENTRADA MANUAL)
52,78,3,0,0,0,,,,0,0,0,0,0,0,0,,0,0,0,0,,0,0,0,0,0,FINAL (ENTRADA MANUAL)
53,1,1,112,106,8,,,,1,0,0,85,76,6,,,5,0,1,,,1,0,54,228,533,FINAL (ENTRADA MANUAL)
53,1,2,112,107,7,,,,1,0,0,87,84,7,,,4,4,0,,,0,0,41,227,533,FINAL (ENTRADA MANUAL)
53,1,3,91,90,10,,,,0,0,1,71,76,8,,,1,4,2,,,2,0,30,194,533,FINAL (ENTRADA MANUAL)
53,1,4,121,113,10,,,,0,0,0,94,90,6,,,4,4,4,,,1,0,42,245,533,FINAL (ENTRADA MANUAL)
53,1,5,107,105,8,,,,0,0,0,71,86,4,,,4,3,0,,,2,0,52,222,532,FINAL (ENTRADA MANUAL)
53,2,1,125,102,10,,,,1,0,1,90,86,9,,,9,1,0,,,1,0,44,240,464,FINAL (ENTRADA MANUAL)
53,2,2,102,103,15,,,,0,0,1,72,88,13,,,4,1,0,,,0,0,43,221,464,FINAL (ENTRADA MANUAL)
53,2,3,100,103,11,,,,1,1,0,80,84,7,,,7,1,0,,,1,0,37,217,464,FINAL (ENTRADA MANUAL)
53,2,4,119,95,5,,,,0,0,0,91,75,3,,,1,4,0,,,0,1,45,220,466,FINAL (ENTRADA MANUAL)
53,3,1,124,82,8,,,,0,0,0,102,71,7,,,3,1,1,,,1,1,29,216,489,FINAL (ENTRADA MANUAL)
53,3,2,123,98,6,,,,0,0,1,106,78,6,,,5,4,0,,,0,0,29,228,489,FINAL (ENTRADA MANUAL)
53,3,3,114,92,2,,,,0,1,0,86,73,2,,,2,1,1,,,1,0,44,210,489,FINAL (ENTRADA MANUAL)
53,3,4,141,74,5,,,,0,0,0,96,48,5,,,2,0,4,,,0,0,65,220,489,FINAL (ENTRADA MANUAL)
53,4,1,87,125,8,,,,0,0,0,63,94,7,,,0,6,1,,,2,0,49,222,533,FINAL (ENTRADA MANUAL)
53,4,2,79,145,19,,,,0,1,0,53,133,13,,,2,1,3,,,3,1,39,248,533,FINAL (ENTRADA MANUAL)
53,4,3,102,121,13,,,,0,0,2,75,84,6,,,3,0,1,,,0,0,69,238,533,FINAL (ENTRADA MANUAL)
53,4,4,89,137,4,,,,0,0,0,60,118,4,,,1,3,1,,,2,0,43,232,533,FINAL (ENTRADA MANUAL)
53,4,5,92,104,5,,,,1,0,1,62,84,1,,,0,0,2,,,1,0,54,204,533,FINAL (ENTRADA MANUAL)
53,4,6,96,118,5,,,,1,0,0,63,83,4,,,3,3,0,,,2,0,64,222,532,FINAL (ENTRADA MANUAL)
53,5,1,130,93,12,,,,0,0,0,108,66,11,,,2,3,1,,,2,0,44,237,497,FINAL (ENTRADA MANUAL)
53,5,2,132,87,16,,,,1,0,1,100,63,11,,,6,3,2,,,3,0,52,240,497,FINAL (ENTRADA MANUAL)
53,5,3,118,89,4,,,,0,0,0,73,66,4,,,2,1,2,,,3,0,63,214,497,FINAL (ENTRADA MANUAL)
53,5,4,126,104,9,,,,1,0,0,106,84,7,,,2,3,2,,,1,0,36,241,498,FINAL (ENTRADA MANUAL)
53,6,1,112,108,4,,,,1,0,0,85,89,3,,,2,3,1,,,0,0,42,225,562,FINAL (ENTRADA MANUAL)
53,6,2,117,100,10,,,,0,0,0,87,82,7,,,5,3,1,,,1,1,42,229,562,FINAL (ENTRADA MANUAL)
53,6,3,120,110,5,,,,0,0,0,103,89,4,,,2,1,0,,,2,0,36,237,562,FINAL (ENTRADA MANUAL)
53,6,4,133,112,8,,,,0,0,0,98,82,3,,,4,3,0,,,3,0,63,256,562,FINAL (ENTRADA MANUAL)
53,6,5,151,112,6,,,,0,0,0,107,78,2,,,2,2,1,,,0,0,77,269,562,FINAL (ENTRADA MANUAL)
53,7,1,86,64,4,,,,0,0,0,63,49,2,,,1,1,1,,,0,0,37,154,302,FINAL (ENTRADA MANUAL)
53,7,2,65,71,2,,,,0,0,0,43,51,2,,,4,1,1,,,2,1,36,141,303,FINAL (ENTRADA MANUAL)
53,8,1,135,111,2,,,,0,0,1,99,95,2,,,3,4,2,,,1,0,45,252,444,FINAL (ENTRADA MANUAL)
53,8,2,137,98,8,,,,0,0,1,108,80,6,,,1,2,1,,,1,0,46,245,445,FINAL (ENTRADA MANUAL)
53,9,1,153,107,5,,,,1,1,0,115,84,5,,,7,3,0,,,0,1,53,268,595,FINAL (ENTRADA MANUAL)
53,9,2,161,130,5,,,,1,0,0,125,113,3,,,2,7,0,,,1,0,47,298,595,FINAL (ENTRADA MANUAL)
53,10,1,88,184,22,,,,0,0,3,72,150,16,,,3,1,2,,,3,0,50,297,540,FINAL (ENTRADA MANUAL)
53,11,1,91,123,8,,,,0,0,0,77,103,8,,,1,1,0,,,0,19,32,241,550,FINAL (ENTRADA MANUAL)
53,11,2,73,143,6,,,,2,0,1,58,129,4,,,2,1,0,,,1,0,31,226,551,FINAL (ENTRADA MANUAL)
53,12,1,68,78,2,,,,0,1,0,56,59,1,,,1,2,1,,,1,0,29,150,278,FINAL (ENTRADA MANUAL)
53,12,2,94,73,1,,,,0,0,0,78,53,0,,,1,2,0,,,1,0,34,169,277,FINAL (ENTRADA MANUAL)
53,13,1,87,151,6,,,,0,0,1,64,120,6,,,2,5,1,,,0,1,47,246,534,FINAL (ENTRADA MANUAL)
53,13,2,100,137,2,,,,0,0,1,93,127,2,,,2,0,1,,,1,0,15,241,534,FINAL (ENTRADA MANUAL)
53,13,3,86,152,12,,,,2,0,0,66,111,8,,,2,3,1,,,1,0,61,253,534,FINAL (ENTRADA MANUAL)
53,13,4,77,154,4,,,,0,0,1,53,123,4,,,0,3,1,,,0,0,52,236,534,FINAL (ENTRADA MANUAL)
53,13,5,80,161,7,,,,0,0,1,58,114,6,,,2,4,0,,,1,1,65,251,534,FINAL (ENTRADA MANUAL)
53,13,6,91,113,8,,,,0,0,0,61,86,6,,,0,3,2,,,3,0,54,215,535,FINAL (ENTRADA MANUAL)
53,74,1,47,28,3,,,,1,0,1,41,23,3,,,0,0,0,,,0,0,13,80,0,FINAL (ENTRADA MANUAL)
53,74,2,37,39,4,,,,0,0,0,30,32,4,,,1,0,0,,,0,0,13,80,0,FINAL (ENTRADA MANUAL)
53,74,3,30,34,4,,,,0,0,0,28,33,3,,,0,0,0,,,0,0,4,68,0,FINAL (ENTRADA MANUAL)
53,74,4,31,35,1,,,,0,0,0,27,32,1,,,0,0,0,,,0,0,7,67,0,FINAL (ENTRADA MANUAL)
53,74,5,65,19,1,,,,0,0,0,59,17,1,,,1,1,0,,,0,0,6,85,0,FINAL (ENTRADA MANUAL)
53,74,6,50,36,1,,,,0,0,0,46,34,1,,,0,0,0,,,0,0,6,87,0,FINAL (ENTRADA MANUAL)
53,74,7,43,44,1,,,,0,0,1,34,44,1,,,0,1,0,,,0,0,9,89,0,FINAL (ENTRADA MANUAL)
53,74,8,44,18,5,,,,0,0,1,27,12,4,,,0,1,3,,,1,0,21,69,0,FINAL (ENTRADA MANUAL)
53,74,9,37,36,2,,,,0,0,0,30,35,1,,,0,0,0,,,1,0,10,77,0,FINAL (ENTRADA MANUAL)
53,74,10,23,25,0,,,,0,1,0,20,24,0,,,1,0,0,,,1,0,4,50,0,FINAL (ENTRADA MANUAL)
53,74,11,21,12,0,,,,0,0,0,18,8,0,,,0,0,0,,,0,0,7,33,0,FINAL (ENTRADA MANUAL)
53,74,12,32,39,0,,,,0,0,0,25,32,0,,,0,0,0,,,0,0,14,71,0,FINAL (ENTRADA MANUAL)
53,74,13,33,40,0,,,,0,0,0,33,38,0,,,0,0,0,,,0,0,2,73,0,FINAL (ENTRADA MANUAL)
53,74,14,0,0,0,,,,0,0,0,0,0,0,,,0,0,0,,,0,0,0,0,0,FINAL (ENTRADA MANUAL)
53,75,1,4,11,0,,,,1,0,1,0,3,0,,,0,0,1,,,1,1,13,19,0,FINAL (ENTRADA MANUAL)
53,75,2,0,1,0,,,,0,0,0,0,0,0,,,0,0,0,,,0,0,1,1,0,FINAL (ENTRADA MANUAL)
53,75,3,0,0,0,,,,0,0,0,0,0,0,,,0,0,0,,,0,0,0,0,0,FINAL (ENTRADA MANUAL)
53,77,1,1139,1464,55,,,,0,0,9,845,1260,49,,,14,20,2,,,21,15,582,2808,0,FINAL (ENTRADA MANUAL)
53,77,2,177,253,9,,,,0,0,0,171,251,9,,,1,1,0,,,0,0,6,439,0,FINAL (ENTRADA MANUAL)
53,77,3,0,0,0,,,,0,0,0,0,0,0,,,0,0,0,,,0,0,0,0,0,FINAL (ENTRADA MANUAL)
53,77,5,0,0,0,,,,0,0,0,0,0,0,,,0,0,0,,,0,0,0,0,0,FINAL (ENTRADA MANUAL)
53,78,1,0,0,0,,,,1,0,0,0,0,0,,,0,0,0,,,0,0,1,1,0,FINAL (ENTRADA MANUAL)
53,78,2,0,0,0,,,,0,0,0,0,0,0,,,0,0,0,,,0,0,0,0,0,FINAL (ENTRADA MANUAL)
53,78,3,0,0,0,,,,0,0,0,0,0,0,,,0,0,0,,,0,0,0,0,0,FINAL (ENTRADA MANUAL)
53,78,4,7,13,1,,,,0,0,3,5,12,0,,,0,0,0,,,0,3,4,24,0,FINAL (ENTRADA MANUAL)
54,1,1,64,98,11,,,,1,0,0,41,78,7,,,3,3,2,,,0,0,40,174,437,FINAL (ENTRADA MANUAL)
54,1,2,94,98,13,,,,0,0,1,57,85,7,,,6,1,0,,,4,0,50,210,437,FINAL (ENTRADA MANUAL)
54,2,1,161,113,5,,,,1,1,1,113,92,3,,,10,5,2,,,3,0,57,285,558,FINAL (ENTRADA MANUAL)
54,2,2,135,108,16,,,,0,0,0,72,82,8,,,7,4,3,,,5,0,83,264,558,FINAL (ENTRADA MANUAL)
54,2,3,162,103,8,,,,0,0,0,119,66,4,,,0,1,1,,,2,0,82,275,558,FINAL (ENTRADA MANUAL)
54,3,1,90,108,13,,,,1,0,2,65,77,8,,,0,8,2,,,1,0,54,215,491,FINAL (ENTRADA MANUAL)
54,3,2,102,104,11,,,,1,0,2,70,69,6,,,0,2,1,,,2,0,72,222,491,FINAL (ENTRADA MANUAL)
54,3,3,105,111,6,,,,2,1,0,78,84,3,,,5,4,3,,,2,0,48,227,491,FINAL (ENTRADA MANUAL)
54,3,4,105,104,8,,,,3,0,3,73,70,3,,,2,5,1,,,0,1,69,224,490,FINAL (ENTRADA MANUAL)
54,4,1,168,79,20,,,,3,0,2,118,55,9,,,3,1,5,,,4,0,81,276,599,FINAL (ENTRADA MANUAL)
54,5,1,87,87,18,,,,3,0,0,67,68,14,,,3,6,1,,,2,0,36,197,442,FINAL (ENTRADA MANUAL)
54,5,2,97,83,18,,,,2,0,1,67,65,12,,,6,0,3,,,3,0,48,204,442,FINAL (ENTRADA MANUAL)
54,5,3,87,105,11,,,,2,0,3,59,68,9,,,5,0,2,,,2,0,65,210,443,FINAL (ENTRADA MANUAL)
54,6,1,84,103,17,,,,0,0,0,55,77,14,,,1,6,3,,,1,0,48,205,471,FINAL (ENTRADA MANUAL)
54,6,2,118,91,6,,,,0,0,1,80,61,3,,,6,3,1,,,0,0,62,216,471,FINAL (ENTRADA MANUAL)
54,6,3,81,84,10,,,,2,0,1,53,59,7,,,3,3,1,,,3,0,52,181,471,FINAL (ENTRADA MANUAL)
54,6,4,101,90,6,,,,0,0,2,76,72,4,,,4,2,0,,,2,0,41,201,470,FINAL (ENTRADA MANUAL)
54,7,1,82,134,18,,,,2,0,2,49,90,9,,,2,10,5,,,0,0,73,238,604,FINAL (ENTRADA MANUAL)
54,7,2,100,100,12,,,,2,0,0,82,78,7,,,4,3,1,,,1,0,39,215,604,FINAL (ENTRADA MANUAL)
54,7,3,93,115,15,,,,0,0,0,67,86,9,,,1,4,2,,,2,0,54,225,604,FINAL (ENTRADA MANUAL)
54,7,4,88,114,14,,,,2,0,0,49,86,7,,,6,9,2,,,2,0,59,220,604,FINAL (ENTRADA MANUAL)
54,7,5,107,120,5,,,,1,0,1,72,83,1,,,4,7,0,,,3,0,67,237,602,FINAL (ENTRADA MANUAL)
54,8,1,104,106,17,,,,1,0,2,66,79,9,,,8,9,1,,,3,0,58,233,475,FINAL (ENTRADA MANUAL)
54,8,2,73,96,12,,,,3,0,1,43,62,3,,,1,6,0,,,1,0,70,186,475,FINAL (ENTRADA MANUAL)
54,8,3,100,95,12,,,,0,0,2,75,80,6,,,2,2,3,,,0,0,41,209,474,FINAL (ENTRADA MANUAL)
54,9,1,115,95,12,,,,0,0,1,87,67,5,,,2,6,2,,,0,0,54,223,522,FINAL (ENTRADA MANUAL)
54,9,2,122,113,13,,,,1,0,1,80,74,5,,,7,6,3,,,0,0,75,250,521,FINAL (ENTRADA MANUAL)
54,10,1,85,127,8,,,,0,0,0,66,104,5,,,2,1,1,,,2,0,41,222,418,FINAL (ENTRADA MANUAL)
54,11,1,99,46,4,,,,0,0,3,57,36,3,,,14,1,2,,,0,0,39,152,360,FINAL (ENTRADA MANUAL)
54,12,1,96,152,15,,,,0,0,0,73,116,9,,,3,7,1,,,1,0,54,264,556,FINAL (ENTRADA MANUAL)
54,13,1,83,111,13,,,,4,0,0,50,80,8,,,4,5,0,,,2,0,64,213,525,FINAL (ENTRADA MANUAL)
54,14,1,127,100,5,,,,0,0,2,99,75,4,,,6,6,0,,,1,0,43,234,552,FINAL (ENTRADA MANUAL)
54,14,2,130,89,13,,,,0,0,0,103,76,8,,,3,3,3,,,1,0,36,233,551,FINAL (ENTRADA MANUAL)
54,15,1,105,81,7,,,,0,1,1,85,64,5,,,1,2,0,,,3,0,38,198,419,FINAL (ENTRADA MANUAL)
54,15,2,96,72,15,,,,0,0,0,81,60,9,,,1,2,1,,,4,0,29,187,419,FINAL (ENTRADA MANUAL)
54,16,1,103,77,7,,,,0,0,2,53,61,6,,,9,3,0,,,1,0,57,190,346,FINAL (ENTRADA MANUAL)
54,16,2,110,59,4,,,,0,0,2,58,39,1,,,2,5,1,,,2,0,69,177,346,FINAL (ENTRADA MANUAL)
54,17,1,90,110,16,,,,0,0,1,66,79,9,,,3,3,2,,,0,0,55,217,549,FINAL (ENTRADA MANUAL)
54,17,2,92,107,11,,,,3,0,0,61,82,8,,,1,2,3,,,1,0,56,214,549,FINAL (ENTRADA MANUAL)
54,17,3,94,97,10,,,,0,0,0,65,78,3,,,0,1,0,,,1,0,54,202,549,FINAL (ENTRADA MANUAL)
54,18,1,101,105,15,,,,1,1,3,76,86,10,,,2,3,1,,,1,0,48,227,576,FINAL (ENTRADA MANUAL)
54,18,2,100,104,18,,,,0,1,0,72,89,12,,,2,1,2,,,3,0,45,226,576,FINAL (ENTRADA MANUAL)
54,19,1,107,112,6,,,,0,0,1,80,87,3,,,3,1,1,,,2,0,51,228,504,FINAL (ENTRADA MANUAL)
54,19,2,85,104,12,,,,1,0,0,49,66,9,,,6,2,2,,,2,0,68,204,505,FINAL (ENTRADA MANUAL)
54,20,1,70,66,2,,,,0,0,1,54,42,1,,,3,3,0,,,0,0,36,139,338,FINAL (ENTRADA MANUAL)
54,20,2,75,61,9,,,,0,1,0,52,45,6,,,2,6,2,,,0,0,33,146,338,FINAL (ENTRADA MANUAL)
54,74,1,34,35,8,,,,0,0,1,27,24,5,,,1,2,1,,,0,0,18,78,0,FINAL (ENTRADA MANUAL)
54,74,2,34,35,8,,,,0,0,1,27,24,5,,,1,2,1,,,0,0,18,78,0,FINAL (ENTRADA MANUAL)
54,74,3,70,2,1,,,,0,0,0,54,2,1,,,2,0,0,,,0,0,14,73,0,FINAL (ENTRADA MANUAL)
54,74,4,35,26,4,,,,0,0,0,27,22,1,,,1,2,0,,,1,0,12,66,0,FINAL (ENTRADA MANUAL)
54,75,1,4,1,0,,,,7,1,1,2,0,0,,,0,0,1,,,0,1,10,14,0,FINAL (ENTRADA MANUAL)
54,77,1,874,687,16,,,,3,0,0,844,669,15,,,19,13,2,,,3,0,18,1583,0,FINAL (ENTRADA MANUAL)
54,77,2,19,26,2,,,,0,0,0,19,26,2,,,0,0,0,,,0,0,0,47,0,FINAL (ENTRADA MANUAL)
54,77,3,45,26,6,,,,2,0,1,3,2,0,,,2,0,0,,,2,1,73,83,0,FINAL (ENTRADA MANUAL)
54,77,5,0,0,0,,,,0,0,0,0,0,0,,,0,0,0,,,0,0,0,0,0,FINAL (ENTRADA MANUAL)
54,78,1,0,0,0,,,,0,0,0,0,0,0,,,0,0,0,,,0,0,0,0,0,FINAL (ENTRADA MANUAL)
54,78,2,0,0,0,,,,0,0,0,0,0,0,,,0,0,0,,,0,0,0,0,0,FINAL (ENTRADA MANUAL)
54,78,3,0,0,0,,,,0,0,0,0,0,0,,,0,0,0,,,0,0,0,0,0,FINAL (ENTRADA MANUAL)
54,79,1,2,0,0,,,,0,0,0,2,0,0,,,0,0,0,,,0,0,0,2,0,FINAL (ENTRADA MANUAL)
54,80,1,1,0,0,,,,0,0,0,1,0,0,,,0,0,0,,,0,0,0,1,0,FINAL (ENTRADA MANUAL)
55,1,1,74,76,4,,,,1,0,1,44,63,3,,,0,2,0,,,4,0,44,160,352,FINAL (ENTRADA MANUAL)
55,2,1,126,126,4,,,,1,0,0,88,104,0,,,3,2,0,,,0,0,60,257,532,FINAL (ENTRADA MANUAL)
55,2,2,123,132,8,,,,2,0,2,100,103,5,,,0,2,2,,,1,0,55,268,533,FINAL (ENTRADA MANUAL)
55,3,1,125,115,5,,,,0,0,0,87,82,4,,,1,5,0,,,6,0,66,251,452,FINAL (ENTRADA MANUAL)
55,4,1,80,102,8,,,,0,0,0,69,86,7,,,0,6,0,,,2,0,22,192,381,FINAL (ENTRADA MANUAL)
55,4,2,106,107,7,,,,0,0,3,86,95,4,,,0,1,1,,,5,0,36,228,381,FINAL (ENTRADA MANUAL)
55,5,1,122,117,6,,,,2,0,2,81,88,4,,,2,1,0,,,1,0,73,250,520,FINAL (ENTRADA MANUAL)
55,5,2,100,136,5,,,,2,0,1,71,98,3,,,5,3,0,,,2,1,64,247,521,FINAL (ENTRADA MANUAL)
55,6,1,89,138,4,,,,2,0,0,81,100,3,,,2,2,1,,,1,0,44,234,457,FINAL (ENTRADA MANUAL)
55,6,2,93,112,1,,,,0,0,2,72,86,0,,,2,1,0,,,2,0,47,210,457,FINAL (ENTRADA MANUAL)
55,7,1,63,103,5,,,,1,0,0,48,82,2,,,3,2,0,,,2,0,35,174,298,FINAL (ENTRADA MANUAL)
55,7,2,46,105,0,,,,0,0,1,34,87,0,,,1,0,0,,,7,1,30,160,298,FINAL (ENTRADA MANUAL)
55,8,1,104,125,7,,,,0,0,0,72,95,2,,,2,3,0,,,3,0,62,239,464,FINAL (ENTRADA MANUAL)
55,8,2,97,137,2,,,,0,0,0,74,98,1,,,1,2,0,,,7,0,60,243,463,FINAL (ENTRADA MANUAL)
55,9,1,112,117,9,,,,2,0,1,87,81,8,,,1,2,1,,,1,0,61,242,450,FINAL (ENTRADA MANUAL)
55,9,2,96,92,9,,,,0,0,1,63,60,4,,,1,5,1,,,5,1,64,204,450,FINAL (ENTRADA MANUAL)
55,9,3,105,108,8,,,,1,0,0,67,76,7,,,4,3,1,,,5,0,64,227,451,FINAL (ENTRADA MANUAL)
55,10,1,117,104,6,,,,0,0,0,93,74,2,,,2,1,0,,,4,0,55,231,508,FINAL (ENTRADA MANUAL)
55,10,2,123,108,6,,,,0,0,4,80,75,1,,,5,5,0,,,3,1,75,245,508,FINAL (ENTRADA MANUAL)
55,10,3,99,110,11,,,,3,0,0,80,82,5,,,4,7,0,,,1,0,45,224,508,FINAL (ENTRADA MANUAL)
55,10,4,108,121,7,,,,0,0,2,92,95,4,,,1,3,1,,,1,0,42,239,509,FINAL (ENTRADA MANUAL)
55,11,1,82,130,8,,,,0,0,0,59,77,4,,,2,1,2,,,3,0,75,223,468,FINAL (ENTRADA MANUAL)
55,11,2,93,106,7,,,,3,0,1,74,76,6,,,2,5,1,,,2,0,46,212,469,FINAL (ENTRADA MANUAL)
55,12,1,111,123,7,,,,0,0,3,71,90,4,,,1,5,0,,,1,0,73,245,562,FINAL (ENTRADA MANUAL)
55,12,2,112,137,11,,,,1,1,1,76,85,9,,,4,7,2,,,2,0,80,265,562,FINAL (ENTRADA MANUAL)
55,12,3,111,112,13,,,,1,0,0,67,76,7,,,4,3,0,,,1,0,80,238,562,FINAL (ENTRADA MANUAL)
55,12,4,102,115,11,,,,2,0,0,75,87,7,,,1,8,0,,,6,1,52,237,562,FINAL (ENTRADA MANUAL)
55,12,5,101,120,8,,,,2,0,3,70,100,5,,,2,4,0,,,2,0,53,236,562,FINAL (ENTRADA MANUAL)
55,12,6,100,103,10,,,,0,0,3,73,81,7,,,1,3,2,,,6,0,49,222,562,FINAL (ENTRADA MANUAL)
55,12,7,101,125,5,,,,0,0,2,84,89,1,,,4,3,3,,,1,0,49,234,560,FINAL (ENTRADA MANUAL)
55,74,1,12,2,0,,,,0,0,0,9,2,0,,,0,0,0,,,0,0,3,14,0,FINAL (ENTRADA MANUAL)
55,74,2,61,21,1,,,,0,0,0,47,15,0,,,1,1,0,,,0,0,19,83,0,FINAL (ENTRADA MANUAL)
55,74,3,60,19,0,,,,0,1,2,45,8,0,,,0,0,0,,,0,1,29,83,0,FINAL (ENTRADA MANUAL)
55,74,4,54,24,2,,,,0,0,0,47,18,1,,,0,0,1,,,1,0,13,81,0,FINAL (ENTRADA MANUAL)
55,75,1,0,0,0,,,,0,0,0,0,0,0,,,0,0,0,,,0,0,0,0,0,FINAL (ENTRADA MANUAL)
55,75,2,5,13,1,,,,3,0,3,1,3,0,,,0,0,0,,,0,2,21,27,0,FINAL (ENTRADA MANUAL)
55,75,3,0,0,0,,,,0,0,0,0,0,0,,,0,0,0,,,0,0,0,0,0,FINAL (ENTRADA MANUAL)
55,75,4,0,1,0,,,,1,0,0,0,0,0,,,0,0,0,,,0,0,2,2,0,FINAL (ENTRADA MANUAL)
55,77,1,357,343,21,,,,1,0,0,343,333,19,,,2,5,2,,,0,0,18,722,0,FINAL (ENTRADA MANUAL)
55,77,2,230,254,4,,,,0,0,0,227,242,4,,,2,3,0,,,0,0,10,488,0,FINAL (ENTRADA MANUAL)
55,77,3,194,118,9,,,,5,0,9,37,24,0,,,1,4,1,,,10,3,258,271,0,FINAL (ENTRADA MANUAL)
55,77,5,0,0,0,,,,0,0,0,0,0,0,,,0,0,0,,,0,0,0,0,0,FINAL (ENTRADA MANUAL)
55,78,1,7,6,0,,,,0,0,0,3,4,0,,,0,0,0,,,0,0,6,13,0,FINAL (ENTRADA MANUAL)
55,78,2,0,0,0,,,,0,0,0,0,0,0,,,0,0,0,,,0,0,0,0,0,FINAL (ENTRADA MANUAL)
55,78,3,0,0,0,,,,0,0,0,0,0,0,,,0,0,0,,,0,0,0,0,0,FINAL (ENTRADA MANUAL)
56,1,1,109,104,4,,,,0,0,1,94,92,3,,,1,4,1,,,0,0,23,218,461,FINAL (ENTRADA MANUAL)
56,1,2,102,127,9,,,,0,0,0,86,104,5,,,2,4,1,,,0,0,36,238,461,FINAL (ENTRADA MANUAL)
56,1,3,119,96,1,,,,0,0,0,83,74,0,,,4,1,0,,,3,0,54,219,462,FINAL (ENTRADA MANUAL)
56,2,1,89,98,6,,,,0,0,0,68,78,3,,,3,4,1,,,1,0,36,194,422,FINAL (ENTRADA MANUAL)
56,3,1,100,160,3,,,,0,0,0,74,127,2,,,3,1,0,,,0,0,56,263,500,FINAL (ENTRADA MANUAL)
56,3,2,118,129,4,,,,0,0,0,93,101,2,,,2,2,1,,,0,0,50,251,500,FINAL (ENTRADA MANUAL)
56,3,3,99,160,4,,,,0,0,1,86,135,2,,,2,2,0,,,1,1,37,266,501,FINAL (ENTRADA MANUAL)
56,4,1,92,139,5,,,,0,0,0,60,108,2,,,4,9,3,,,0,1,50,237,450,FINAL (ENTRADA MANUAL)
56,4,2,105,118,9,,,,0,0,0,68,81,3,,,6,4,1,,,0,0,69,232,450,FINAL (ENTRADA MANUAL)
56,4,3,101,121,1,,,,1,0,0,74,92,1,,,5,5,2,,,0,0,45,224,450,FINAL (ENTRADA MANUAL)
56,4,4,120,100,8,,,,0,0,2,95,79,1,,,5,3,3,,,0,0,44,230,450,FINAL (ENTRADA MANUAL)
56,4,5,137,87,5,,,,0,1,1,109,70,5,,,4,3,0,,,0,0,40,231,448,FINAL (ENTRADA MANUAL)
56,74,1,50,7,3,,,,0,0,0,49,7,3,,,0,0,0,,,0,0,1,60,0,FINAL (ENTRADA MANUAL)
56,74,2,42,12,3,,,,0,0,0,33,10,3,,,0,0,0,,,0,0,11,57,0,FINAL (ENTRADA MANUAL)
56,75,1,0,1,0,,,,0,0,0,0,0,0,,,0,1,0,,,0,0,0,1,0,FINAL (ENTRADA MANUAL)
56,77,1,206,262,6,,,,0,0,0,186,252,5,,,13,8,1,,,0,0,9,474,0,FINAL (ENTRADA MANUAL)
56,77,2,8,8,0,,,,0,0,0,7,8,0,,,0,0,0,,,0,0,1,16,0,FINAL (ENTRADA MANUAL)
56,77,3,0,0,0,,,,0,0,0,0,0,0,,,0,0,0,,,0,0,0,0,0,FINAL (ENTRADA MANUAL)
56,77,5,0,0,0,,,,0,0,0,0,0,0,,,0,0,0,,,0,0,0,0,0,FINAL (ENTRADA MANUAL)
56,78,1,0,1,0,,,,0,0,1,0,1,0,,,0,0,0,,,0,1,1,3,0,FINAL (ENTRADA MANUAL)
56,78,2,0,0,0,,,,0,0,0,0,0,0,,,0,0,0,,,0,0,0,0,0,FINAL (ENTRADA MANUAL)
56,78,3,0,0,0,,,,0,0,0,0,0,0,,,0,0,0,,,0,0,0,0,0,FINAL (ENTRADA MANUAL)
57,1,1,100,104,11,,,,1,0,0,68,79,6,,,6,1,2,,,0,0,54,216,385,FINAL (ENTRADA MANUAL)
57,1,2,114,64,5,,,,0,0,2,82,46,3,,,7,3,4,,,2,0,40,187,385,FINAL (ENTRADA MANUAL)
57,2,1,73,184,8,,,,0,0,1,57,151,3,,,0,5,2,,,2,0,48,268,511,FINAL (ENTRADA MANUAL)
57,3,1,97,110,2,,,,0,0,0,84,98,2,,,2,4,2,,,0,0,17,209,421,FINAL (ENTRADA MANUAL)
57,3,2,111,102,4,,,,0,0,0,90,93,3,,,2,0,1,,,0,0,28,217,421,FINAL (ENTRADA MANUAL)
57,3,3,104,117,1,,,,0,0,0,86,94,1,,,0,2,0,,,1,0,39,223,420,FINAL (ENTRADA MANUAL)
57,4,1,124,117,2,,,,0,0,0,97,101,2,,,4,1,0,,,1,1,38,245,473,FINAL (ENTRADA MANUAL)
57,4,2,108,124,7,,,,0,0,0,80,108,3,,,3,3,1,,,3,0,41,242,473,FINAL (ENTRADA MANUAL)
57,4,3,94,120,6,,,,0,0,2,74,107,4,,,1,1,0,,,0,0,35,222,473,FINAL (ENTRADA MANUAL)
57,4,4,108,114,6,,,,0,0,0,83,94,3,,,5,0,2,,,1,0,41,229,472,FINAL (ENTRADA MANUAL)
57,5,1,135,149,8,,,,0,0,0,95,124,4,,,6,7,0,,,0,0,56,292,538,FINAL (ENTRADA MANUAL)
57,6,1,59,70,5,,,,0,0,0,47,52,3,,,1,0,0,,,2,0,31,136,257,FINAL (ENTRADA MANUAL)
57,7,1,79,137,9,,,,0,0,0,57,108,6,,,0,3,2,,,1,0,49,226,427,FINAL (ENTRADA MANUAL)
57,7,2,116,123,3,,,,0,0,1,85,96,1,,,0,2,0,,,0,0,59,243,427,FINAL (ENTRADA MANUAL)
57,7,3,105,105,8,,,,0,0,1,76,85,5,,,7,3,1,,,0,0,42,219,427,FINAL (ENTRADA MANUAL)
57,74,1,32,14,3,,,,0,0,0,23,9,3,,,1,1,0,,,0,1,12,50,0,FINAL (ENTRADA MANUAL)
57,75,1,2,6,0,,,,0,0,1,0,0,0,,,0,1,0,,,0,0,8,9,0,FINAL (ENTRADA MANUAL)
57,77,1,199,282,3,,,,0,0,0,189,275,2,,,3,1,3,,,0,0,11,484,0,FINAL (ENTRADA MANUAL)
57,77,2,21,12,0,,,,0,0,0,21,12,0,,,0,0,0,,,0,0,0,33,0,FINAL (ENTRADA MANUAL)
57,77,3,83,99,1,,,,1,0,1,24,52,0,,,0,3,0,,,1,0,106,186,0,FINAL (ENTRADA MANUAL)
57,77,5,0,0,0,,,,0,0,0,0,0,0,,,0,0,0,,,0,0,0,0,0,FINAL (ENTRADA MANUAL)
57,78,1,4,0,0,,,,0,0,0,2,0,0,,,0,0,0,,,0,2,2,6,0,FINAL (ENTRADA MANUAL)
57,78,2,0,0,0,,,,0,0,0,0,0,0,,,0,0,0,,,0,0,0,0,0,FINAL (ENTRADA MANUAL)
57,78,3,0,0,0,,,,0,0,0,0,0,0,,,0,0,0,,,0,0,0,0,0,FINAL (ENTRADA MANUAL)
58,1,1,110,64,3,,,,0,0,1,65,38,2,0,,10,3,0,1,,0,0,59,178,400,FINAL (ENTRADA MANUAL)
58,1,2,104,61,6,,,,0,0,0,59,42,4,0,,3,1,0,0,,0,0,62,171,401,FINAL (ENTRADA MANUAL)
58,2,1,149,44,8,,,,0,0,0,101,29,3,0,,12,0,0,1,,0,1,55,202,350,FINAL (ENTRADA MANUAL)
58,3,1,163,74,2,,,,0,0,3,102,48,1,2,,3,6,2,2,,0,0,76,242,440,FINAL (ENTRADA MANUAL)
58,3,2,151,83,8,,,,0,0,0,104,64,6,0,,2,4,2,2,,1,0,58,243,440,FINAL (ENTRADA MANUAL)
58,3,3,145,62,12,,,,0,0,2,105,45,7,1,,1,5,1,1,,2,0,55,223,440,FINAL (ENTRADA MANUAL)
58,3,4,131,97,6,,,,0,0,0,95,72,6,0,,4,3,2,0,,0,0,52,234,439,FINAL (ENTRADA MANUAL)
58,4,1,139,81,4,,,,0,0,4,83,45,1,2,,5,3,1,0,,1,0,88,229,442,FINAL (ENTRADA MANUAL)
58,4,2,130,81,8,,,,0,0,1,73,45,3,0,,0,4,1,0,,1,0,94,221,443,FINAL (ENTRADA MANUAL)
58,5,1,179,101,4,,,,0,0,1,106,68,1,1,,4,4,1,1,,0,0,99,285,579,FINAL (ENTRADA MANUAL)
58,5,2,160,100,10,,,,0,0,2,107,68,6,2,,12,5,5,1,,0,0,66,272,579,FINAL (ENTRADA MANUAL)
58,5,3,173,91,11,,,,0,0,1,119,61,11,0,,2,6,0,3,,1,0,74,277,580,FINAL (ENTRADA MANUAL)
58,6,1,135,107,10,,,,1,0,1,67,69,6,0,,16,7,4,2,,0,0,83,254,509,FINAL (ENTRADA MANUAL)
58,6,2,115,102,10,,,,1,0,2,77,78,8,1,,2,5,3,1,,0,0,55,230,509,FINAL (ENTRADA MANUAL)
58,6,3,127,90,10,,,,0,0,1,80,59,8,1,,9,8,3,0,,1,0,60,229,509,FINAL (ENTRADA MANUAL)
58,6,4,111,113,10,,,,0,0,2,50,71,5,2,,10,8,5,2,,0,0,83,236,509,FINAL (ENTRADA MANUAL)
58,7,1,120,98,12,,,,0,1,3,60,67,8,2,,6,3,3,0,,0,0,85,234,493,FINAL (ENTRADA MANUAL)
58,7,2,137,110,17,,,,2,0,3,56,69,10,1,,10,12,5,4,,0,0,102,269,493,FINAL (ENTRADA MANUAL)
58,7,3,123,98,18,,,,0,0,2,69,64,9,0,,3,5,2,4,,1,0,85,242,493,FINAL (ENTRADA MANUAL)
58,7,4,124,79,11,,,,0,0,3,70,49,4,1,,3,2,2,3,,0,0,83,217,493,FINAL (ENTRADA MANUAL)
58,7,5,142,99,12,,,,0,0,2,94,52,7,1,,13,10,1,1,,1,0,76,256,492,FINAL (ENTRADA MANUAL)
58,8,1,142,101,6,,,,0,0,2,85,69,3,1,,11,7,0,2,,0,0,73,251,516,FINAL (ENTRADA MANUAL)
58,8,2,140,71,19,,,,0,0,4,65,47,14,1,,6,1,1,1,,1,0,98,235,515,FINAL (ENTRADA MANUAL)
58,9,1,105,22,0,,,,0,0,0,75,15,0,0,,2,0,0,0,,0,0,35,127,239,FINAL (ENTRADA MANUAL)
58,10,1,128,109,4,,,,0,0,1,74,69,4,0,,4,6,2,1,,1,0,82,243,470,FINAL (ENTRADA MANUAL)
58,10,2,153,80,6,,,,0,0,3,80,53,3,1,,5,7,2,1,,2,1,90,245,470,FINAL (ENTRADA MANUAL)
58,11,1,113,102,9,,,,0,0,4,67,80,6,1,,9,3,3,2,,2,0,57,230,483,FINAL (ENTRADA MANUAL)
58,11,2,121,97,10,,,,0,1,3,75,67,4,2,,2,4,2,3,,1,0,73,233,483,FINAL (ENTRADA MANUAL)
58,11,3,122,105,9,,,,1,0,1,79,75,4,0,,2,6,0,2,,0,0,70,238,484,FINAL (ENTRADA MANUAL)
58,12,1,73,81,1,,,,0,0,0,38,65,0,0,,1,0,1,0,,1,0,50,156,276,FINAL (ENTRADA MANUAL)
58,13,1,176,57,7,,,,1,0,2,120,41,5,1,,2,1,0,0,,0,0,73,243,459,FINAL (ENTRADA MANUAL)
58,14,1,122,78,4,,,,0,0,2,67,59,2,1,,9,13,1,1,,0,0,53,206,350,FINAL (ENTRADA MANUAL)
58,14,2,132,62,4,,,,4,0,3,76,39,2,0,,6,3,1,4,,0,0,74,205,351,FINAL (ENTRADA MANUAL)
58,74,1,14,18,0,,,,0,0,0,9,12,0,0,,1,0,0,0,,0,0,10,32,0,FINAL (ENTRADA MANUAL)
58,74,2,25,52,5,,,,1,0,1,18,43,5,0,,3,3,3,0,,0,0,9,84,0,FINAL (ENTRADA MANUAL)
58,74,3,20,46,8,,,,0,0,0,17,38,7,0,,1,0,1,0,,0,0,10,74,0,FINAL (ENTRADA MANUAL)
58,75,1,16,11,1,,,,0,0,0,0,0,0,0,,2,4,0,1,,0,0,22,29,0,FINAL (ENTRADA MANUAL)
58,75,2,1,1,0,,,,0,0,0,0,0,0,0,,0,0,0,0,,0,0,2,2,0,FINAL (ENTRADA MANUAL)
58,77,1,153,229,26,,,,0,0,1,142,214,24,1,,9,9,1,0,,0,0,9,409,0,FINAL (ENTRADA MANUAL)
58,77,2,141,212,10,,,,0,0,0,137,202,10,0,,6,5,0,0,,0,0,3,363,0,FINAL (ENTRADA MANUAL)
58,77,3,8,4,2,,,,3,0,25,4,3,1,0,,2,0,0,0,,0,0,4,14,0,FINAL (ENTRADA MANUAL)
58,77,5,0,0,0,,,,0,0,0,0,0,0,0,,0,0,0,0,,0,0,0,0,0,FINAL (ENTRADA MANUAL)
58,78,1,15,2,1,,,,0,0,0,12,2,1,0,,0,0,0,0,,0,2,3,20,0,FINAL (ENTRADA MANUAL)
58,78,2,0,0,0,,,,0,0,0,0,0,0,0,,0,0,0,0,,0,0,0,0,0,FINAL (ENTRADA MANUAL)
58,78,3,0,0,0,,,,0,0,0,0,0,0,0,,0,0,0,0,,0,0,0,0,0,FINAL (ENTRADA MANUAL)
59,1,1,71,87,6,,,,0,0,0,45,72,2,,,1,1,0,,,0,0,43,164,297,FINAL (ENTRADA MANUAL)
59,2,1,43,45,4,,,,0,0,0,33,31,4,,,0,0,0,,,1,0,24,93,220,FINAL (ENTRADA MANUAL)
59,3,1,106,133,9,,,,0,0,0,68,82,7,,,1,4,3,,,2,0,83,250,483,FINAL (ENTRADA MANUAL)
59,3,2,108,119,8,,,,1,0,0,80,86,7,,,1,3,7,,,1,0,52,237,483,FINAL (ENTRADA MANUAL)
59,3,3,97,135,13,,,,1,0,1,64,98,11,,,1,2,3,,,2,0,68,249,483,FINAL (ENTRADA MANUAL)
59,3,4,91,139,8,,,,1,0,3,63,97,6,,,1,0,2,,,1,0,73,243,483,FINAL (ENTRADA MANUAL)
59,4,1,94,187,6,,,,0,0,0,64,148,3,,,0,2,0,,,1,0,70,288,592,FINAL (ENTRADA MANUAL)
59,5,1,129,111,6,,,,0,0,0,103,79,6,,,7,2,1,,,1,0,48,247,456,FINAL (ENTRADA MANUAL)
59,6,1,104,194,7,,,,0,0,0,79,169,7,,,0,1,1,,,0,0,48,305,603,FINAL (ENTRADA MANUAL)
59,6,2,112,191,3,,,,0,0,2,74,136,3,,,6,2,1,,,0,0,86,308,603,FINAL (ENTRADA MANUAL)
59,6,3,101,167,6,,,,1,0,1,67,111,5,,,6,1,5,,,1,0,81,277,603,FINAL (ENTRADA MANUAL)
59,6,4,94,176,7,,,,0,0,0,60,124,6,,,3,4,1,,,0,0,79,277,604,FINAL (ENTRADA MANUAL)
59,7,1,114,132,13,,,,2,0,0,83,81,11,,,1,0,0,,,1,0,85,262,543,FINAL (ENTRADA MANUAL)
59,7,2,108,145,3,,,,0,0,1,86,87,2,,,3,4,0,,,1,0,75,258,543,FINAL (ENTRADA MANUAL)
59,8,1,75,157,6,,,,0,0,0,54,108,5,,,5,2,1,,,0,0,63,238,566,FINAL (ENTRADA MANUAL)
59,8,2,91,165,2,,,,0,0,0,60,106,2,,,5,7,1,,,2,0,77,260,566,FINAL (ENTRADA MANUAL)
59,8,3,79,189,9,,,,2,1,0,52,134,7,,,0,1,4,,,0,0,82,280,566,FINAL (ENTRADA MANUAL)
59,8,4,90,159,5,,,,0,0,0,57,108,5,,,2,1,2,,,1,0,79,255,567,FINAL (ENTRADA MANUAL)
59,9,1,105,125,11,,,,0,0,1,70,101,11,,,2,3,1,,,0,0,54,242,491,FINAL (ENTRADA MANUAL)
59,10,1,97,114,15,,,,1,0,0,72,82,14,,,2,1,1,,,1,0,55,228,482,FINAL (ENTRADA MANUAL)
59,10,2,98,130,13,,,,0,0,2,73,92,12,,,4,1,3,,,1,0,58,244,482,FINAL (ENTRADA MANUAL)
59,10,3,92,106,17,,,,2,0,0,67,76,12,,,3,3,4,,,0,0,52,217,482,FINAL (ENTRADA MANUAL)
59,10,4,79,104,9,,,,0,0,0,66,74,7,,,2,2,2,,,0,0,39,192,482,FINAL (ENTRADA MANUAL)
59,10,5,116,128,6,,,,0,0,0,96,95,6,,,6,4,2,,,2,0,41,252,482,FINAL (ENTRADA MANUAL)
59,11,1,72,113,16,,,,0,0,1,52,80,11,,,3,9,0,,,0,0,47,202,388,FINAL (ENTRADA MANUAL)
59,12,1,84,125,15,,,,0,0,0,52,95,12,,,6,2,0,,,3,0,57,227,484,FINAL (ENTRADA MANUAL)
59,12,2,92,143,15,,,,0,0,0,53,88,12,,,8,2,3,,,1,0,84,251,484,FINAL (ENTRADA MANUAL)
59,13,1,30,36,44,,,,0,0,1,19,22,43,,,4,5,0,,,0,0,18,111,171,FINAL (ENTRADA MANUAL)
59,14,1,122,161,7,,,,0,0,0,78,114,7,,,4,4,1,,,0,0,82,290,503,FINAL (ENTRADA MANUAL)
59,15,1,85,120,32,,,,1,0,1,67,69,28,,,3,1,3,,,2,0,68,241,452,FINAL (ENTRADA MANUAL)
59,15,2,89,96,19,,,,0,1,2,67,57,16,,,3,5,0,,,1,0,59,208,453,FINAL (ENTRADA MANUAL)
59,16,1,66,178,3,,,,0,0,0,42,126,2,,,2,0,0,,,0,0,75,247,477,FINAL (ENTRADA MANUAL)
59,16,2,60,160,7,,,,1,0,2,36,117,7,,,2,0,0,,,2,0,68,232,477,FINAL (ENTRADA MANUAL)
59,16,3,57,153,4,,,,0,0,0,33,111,3,,,2,1,0,,,2,0,64,216,477,FINAL (ENTRADA MANUAL)
59,74,1,69,21,5,,,,0,0,0,55,19,4,,,4,0,0,,,1,0,13,96,0,FINAL (ENTRADA MANUAL)
59,74,2,79,17,0,,,,0,0,0,64,15,0,,,0,0,0,,,0,0,17,96,0,FINAL (ENTRADA MANUAL)
59,74,3,0,0,0,,,,0,0,0,0,0,0,,,0,0,0,,,0,0,0,0,0,FINAL (ENTRADA MANUAL)
59,75,1,5,8,2,,,,2,0,0,2,5,1,,,1,0,0,,,0,1,8,18,0,FINAL (ENTRADA MANUAL)
59,77,1,369,391,28,,,,0,0,0,323,377,27,,,6,44,0,,,0,0,11,788,0,FINAL (ENTRADA MANUAL)
59,77,2,201,212,5,,,,0,0,0,148,201,5,,,3,51,1,,,0,0,9,418,0,FINAL (ENTRADA MANUAL)
59,77,3,81,93,8,,,,0,1,34,15,15,6,,,2,6,2,,,7,7,142,203,0,FINAL (ENTRADA MANUAL)
59,77,5,0,0,0,,,,0,0,0,0,0,0,,,0,0,0,,,0,0,0,0,0,FINAL (ENTRADA MANUAL)
59,78,1,10,12,0,,,,1,0,0,4,7,0,,,1,0,0,,,0,1,11,24,0,FINAL (ENTRADA MANUAL)
59,78,2,0,0,0,,,,0,0,0,0,0,0,,,0,0,0,,,0,0,0,0,0,FINAL (ENTRADA MANUAL)
59,78,3,0,0,0,,,,0,0,0,0,0,0,,,0,0,0,,,0,0,0,0,0,FINAL (ENTRADA MANUAL)
60,1,1,61,152,14,14,,,0,0,2,52,111,7,11,,2,2,6,2,,1,1,50,245,495,FINAL (ENTRADA MANUAL)
60,1,2,61,155,11,21,,,2,0,0,51,103,8,14,,5,2,4,1,,3,0,62,253,495,FINAL (ENTRADA MANUAL)
60,2,1,66,136,9,13,,,0,0,2,51,103,4,9,,2,3,2,3,,0,0,49,226,577,FINAL (ENTRADA MANUAL)
60,2,2,38,135,13,13,,,1,0,1,34,99,10,7,,1,2,2,1,,2,0,45,203,577,FINAL (ENTRADA MANUAL)
60,2,3,48,154,8,8,,,0,0,0,31,96,4,7,,5,3,3,2,,0,0,67,218,577,FINAL (ENTRADA MANUAL)
60,2,4,51,144,7,16,,,1,0,0,41,99,7,15,,6,0,3,5,,1,0,43,220,577,FINAL (ENTRADA MANUAL)
60,3,1,58,142,13,13,,,0,0,0,48,89,8,9,,3,3,0,0,,1,0,66,227,602,FINAL (ENTRADA MANUAL)
60,3,2,50,149,8,11,,,0,0,1,39,110,5,7,,2,3,1,3,,2,0,49,221,603,FINAL (ENTRADA MANUAL)
60,4,1,65,149,24,22,,,0,0,2,51,97,18,15,,2,4,1,6,,2,0,68,264,529,FINAL (ENTRADA MANUAL)
60,4,2,49,125,12,25,,,0,0,0,43,72,9,20,,3,3,1,6,,1,0,54,212,529,FINAL (ENTRADA MANUAL)
60,4,3,48,152,9,15,,,0,0,0,40,112,4,8,,4,1,2,0,,1,0,53,225,529,FINAL (ENTRADA MANUAL)
60,4,4,45,146,13,18,,,0,0,0,36,85,9,14,,2,3,1,4,,3,0,68,225,529,FINAL (ENTRADA MANUAL)
60,4,5,55,127,11,30,,,0,0,0,46,88,7,21,,5,3,2,3,,0,0,48,223,529,FINAL (ENTRADA MANUAL)
60,4,6,38,120,11,26,,,0,0,0,34,79,8,17,,6,4,3,4,,0,0,40,195,530,FINAL (ENTRADA MANUAL)
60,5,1,53,166,3,23,,,0,0,1,39,114,2,17,,2,3,0,5,,0,0,64,246,538,FINAL (ENTRADA MANUAL)
60,5,2,70,177,15,21,,,0,0,0,56,126,9,11,,3,2,7,4,,0,0,65,283,538,FINAL (ENTRADA MANUAL)
60,5,3,49,150,11,18,,,0,0,0,40,86,9,14,,1,2,4,2,,2,0,70,230,538,FINAL (ENTRADA MANUAL)
60,5,4,63,160,9,26,,,0,0,0,55,104,6,18,,2,3,1,4,,0,0,65,258,538,FINAL (ENTRADA MANUAL)
60,5,5,45,147,12,15,,,2,0,0,34,107,10,13,,1,1,1,9,,0,0,45,221,540,FINAL (ENTRADA MANUAL)
60,6,1,56,106,9,11,,,0,0,1,52,89,6,9,,0,5,0,5,,5,0,17,188,415,FINAL (ENTRADA MANUAL)
60,74,1,22,30,2,2,,,0,0,0,20,22,2,2,,1,1,0,0,,0,0,8,56,0,FINAL (ENTRADA MANUAL)
60,74,2,30,22,1,2,,,0,0,0,23,19,1,2,,1,1,0,0,,0,0,8,55,0,FINAL (ENTRADA MANUAL)
60,75,1,2,17,0,2,,,4,0,1,2,7,0,1,,0,1,0,0,,0,0,15,26,0,FINAL (ENTRADA MANUAL)
60,75,2,0,0,0,0,,,0,0,0,0,0,0,0,,0,0,0,0,,0,0,0,0,0,FINAL (ENTRADA MANUAL)
60,75,3,52,124,9,17,,,0,0,0,13,44,5,6,,1,2,0,0,,0,0,130,201,0,FINAL (ENTRADA MANUAL)
60,75,4,0,0,0,0,,,0,0,0,0,0,0,0,,0,0,0,0,,0,0,0,0,0,FINAL (ENTRADA MANUAL)
60,77,1,142,151,9,10,,,0,0,0,139,144,8,10,,3,3,1,0,,0,0,4,312,0,FINAL (ENTRADA MANUAL)
60,77,2,0,0,0,0,,,0,0,0,0,0,0,0,,0,0,0,0,,0,0,0,0,0,FINAL (ENTRADA MANUAL)
60,77,3,52,124,9,17,,,0,0,0,13,44,5,6,,1,2,0,0,,0,0,130,201,0,FINAL (ENTRADA MANUAL)
60,77,5,0,0,0,0,,,0,0,0,0,0,0,0,,0,0,0,0,,0,0,0,0,0,FINAL (ENTRADA MANUAL)
60,78,1,19,44,6,5,,,0,1,0,16,24,3,4,,0,0,1,2,,0,1,24,75,0,FINAL (ENTRADA MANUAL)
60,78,2,0,0,0,0,,,0,0,0,0,0,0,0,,0,0,0,0,,0,0,0,0,0,FINAL (ENTRADA MANUAL)
60,78,3,0,0,0,0,,,0,0,0,0,0,0,0,,0,0,0,0,,0,0,0,0,0,FINAL (ENTRADA MANUAL)
61,1,1,65,169,18,22,,,0,1,0,52,109,11,16,,2,3,0,1,,3,0,81,278,547,FINAL (ENTRADA MANUAL)
61,1,2,50,148,10,18,,,1,1,0,41,75,7,12,,5,3,3,1,,0,0,81,228,547,FINAL (ENTRADA MANUAL)
61,1,3,66,178,12,18,,,0,0,0,45,118,7,16,,3,4,0,6,,0,0,75,274,547,FINAL (ENTRADA MANUAL)
61,1,4,72,182,12,20,,,2,0,0,67,140,8,17,,2,0,1,3,,0,0,50,288,548,FINAL (ENTRADA MANUAL)
61,2,1,41,143,3,12,,,0,0,1,28,92,1,6,,1,1,0,4,,1,1,67,202,508,FINAL (ENTRADA MANUAL)
61,2,2,46,115,5,17,,,0,0,1,34,74,4,11,,2,0,1,2,,1,0,56,185,508,FINAL (ENTRADA MANUAL)
61,2,3,39,129,6,8,,,1,0,3,33,84,5,5,,1,1,0,2,,2,1,55,189,508,FINAL (ENTRADA MANUAL)
61,3,1,48,137,11,16,,,0,0,0,46,95,9,11,,1,2,1,2,,4,0,45,216,525,FINAL (ENTRADA MANUAL)
61,3,2,49,144,6,16,,,0,0,0,43,99,4,8,,1,2,4,3,,1,0,51,216,525,FINAL (ENTRADA MANUAL)
61,3,3,45,124,7,20,,,1,0,0,41,79,4,11,,6,0,2,1,,0,0,53,197,525,FINAL (ENTRADA MANUAL)
61,3,4,36,158,9,13,,,0,0,1,26,95,6,8,,1,0,2,2,,0,0,77,217,525,FINAL (ENTRADA MANUAL)
61,3,5,65,146,10,20,,,0,0,1,53,99,6,12,,2,4,2,3,,0,0,61,242,525,FINAL (ENTRADA MANUAL)
61,3,6,45,142,12,27,,,1,0,0,36,101,8,18,,1,1,1,9,,0,0,52,227,525,FINAL (ENTRADA MANUAL)
61,3,7,56,128,13,16,,,1,0,2,46,85,8,12,,2,1,1,3,,2,0,58,218,526,FINAL (ENTRADA MANUAL)
61,4,1,60,114,10,8,,,0,0,0,53,90,6,6,,0,1,3,2,,3,0,31,195,414,FINAL (ENTRADA MANUAL)
61,4,2,51,101,8,10,,,0,0,1,45,75,6,6,,1,2,1,1,,1,0,34,172,414,FINAL (ENTRADA MANUAL)
61,5,1,65,125,12,11,,,1,0,1,46,69,7,8,,3,1,1,2,,0,0,78,215,488,FINAL (ENTRADA MANUAL)
61,5,2,48,121,3,21,,,0,0,0,39,65,3,16,,3,0,0,6,,3,0,61,196,489,FINAL (ENTRADA MANUAL)
61,6,1,61,126,15,20,,,0,1,0,50,85,10,11,,3,0,0,3,,0,3,61,226,564,FINAL (ENTRADA MANUAL)
61,6,2,48,151,8,16,,,0,0,0,43,88,6,14,,2,8,2,3,,0,0,57,223,564,FINAL (ENTRADA MANUAL)
61,6,3,53,122,11,7,,,0,0,1,46,75,8,5,,0,4,2,2,,1,0,52,195,565,FINAL (ENTRADA MANUAL)
61,7,1,46,106,4,10,,,1,0,0,36,68,2,9,,3,0,0,0,,1,0,49,168,558,FINAL (ENTRADA MANUAL)
61,7,2,55,98,8,12,,,0,0,0,50,83,8,10,,4,2,2,1,,0,0,13,173,558,FINAL (ENTRADA MANUAL)
61,8,1,59,133,21,13,,,0,0,0,55,95,14,11,,1,0,4,1,,1,0,45,227,576,FINAL (ENTRADA MANUAL)
61,8,2,58,151,9,10,,,0,0,0,45,96,7,6,,5,4,1,3,,2,0,61,230,575,FINAL (ENTRADA MANUAL)
61,9,1,73,161,4,14,,,0,0,0,61,110,1,10,,2,3,3,3,,4,0,59,256,666,FINAL (ENTRADA MANUAL)
61,9,2,50,159,9,12,,,1,0,2,35,95,7,6,,4,2,1,5,,2,0,78,235,666,FINAL (ENTRADA MANUAL)
61,10,1,60,149,15,16,,,0,0,0,52,77,10,9,,3,2,5,5,,1,0,77,241,506,FINAL (ENTRADA MANUAL)
61,10,2,78,149,12,18,,,1,0,0,64,92,6,15,,3,4,2,4,,3,0,68,261,506,FINAL (ENTRADA MANUAL)
61,10,3,79,130,13,18,,,1,0,1,64,68,7,15,,0,4,4,4,,1,0,76,243,505,FINAL (ENTRADA MANUAL)
61,11,1,61,125,18,6,,,0,0,1,48,78,10,3,,3,6,2,5,,3,0,56,214,490,FINAL (ENTRADA MANUAL)
61,11,2,58,126,17,16,,,1,0,0,43,78,12,11,,2,1,3,4,,0,0,64,218,490,FINAL (ENTRADA MANUAL)
61,11,3,55,142,16,14,,,1,0,0,44,83,10,10,,2,3,6,4,,0,0,66,228,490,FINAL (ENTRADA MANUAL)
61,11,4,51,135,17,18,,,0,0,0,48,98,13,16,,4,4,4,2,,2,0,32,223,488,FINAL (ENTRADA MANUAL)
61,12,1,52,150,3,8,,,1,0,0,42,103,2,6,,3,2,2,2,,1,3,52,218,670,FINAL (ENTRADA MANUAL)
61,12,2,68,159,9,21,,,1,0,1,52,109,7,19,,0,3,3,1,,1,1,65,261,670,FINAL (ENTRADA MANUAL)
61,12,3,63,144,7,15,,,0,0,0,53,102,4,14,,7,4,1,1,,1,0,43,230,670,FINAL (ENTRADA MANUAL)
61,12,4,66,155,5,17,,,1,0,0,64,114,4,12,,3,2,4,1,,4,0,40,248,668,FINAL (ENTRADA MANUAL)
61,13,1,52,176,20,19,,,0,0,0,41,118,10,14,,4,4,3,7,,1,0,66,268,585,FINAL (ENTRADA MANUAL)
61,13,2,54,179,14,16,,,0,0,0,46,110,11,11,,4,2,7,8,,2,0,64,265,585,FINAL (ENTRADA MANUAL)
61,13,3,56,157,14,30,,,0,0,1,45,108,11,18,,4,4,5,3,,1,0,60,259,585,FINAL (ENTRADA MANUAL)
61,13,4,57,153,16,8,,,0,0,1,42,97,10,7,,1,3,0,5,,1,0,70,236,585,FINAL (ENTRADA MANUAL)
61,13,5,54,154,13,25,,,1,0,0,48,104,4,19,,4,0,7,7,,1,0,54,248,585,FINAL (ENTRADA MANUAL)
61,13,6,41,174,13,18,,,0,1,1,34,107,11,14,,6,3,7,7,,1,0,59,249,586,FINAL (ENTRADA MANUAL)
61,14,1,51,159,11,19,,,3,0,0,44,112,8,13,,2,2,5,1,,2,0,56,245,589,FINAL (ENTRADA MANUAL)
61,14,2,47,147,9,13,,,0,0,0,35,92,7,8,,1,2,1,4,,0,0,66,216,589,FINAL (ENTRADA MANUAL)
61,14,3,43,135,10,10,,,1,0,1,32,80,7,6,,4,0,0,3,,2,0,68,202,589,FINAL (ENTRADA MANUAL)
61,14,4,50,139,8,13,,,0,0,0,34,83,1,11,,4,0,0,1,,2,0,76,212,589,FINAL (ENTRADA MANUAL)
61,14,5,48,125,6,11,,,0,0,0,37,80,5,9,,1,1,0,4,,4,0,53,194,587,FINAL (ENTRADA MANUAL)
61,15,1,56,128,15,22,,,0,0,0,47,92,10,12,,2,3,4,5,,2,0,46,223,400,FINAL (ENTRADA MANUAL)
61,15,2,48,130,14,14,,,0,0,0,45,65,5,11,,4,2,2,2,,1,0,70,207,400,FINAL (ENTRADA MANUAL)
61,15,3,36,129,18,15,,,0,0,0,33,84,10,7,,3,2,6,7,,0,0,46,198,399,FINAL (ENTRADA MANUAL)
61,16,1,70,175,13,20,,,0,0,0,52,128,8,11,,3,3,1,4,,2,1,68,281,565,FINAL (ENTRADA MANUAL)
61,16,2,51,164,17,22,,,0,0,0,38,85,9,12,,4,0,3,6,,2,0,97,256,565,FINAL (ENTRADA MANUAL)
61,16,3,44,164,15,15,,,0,0,1,37,98,13,10,,3,0,2,4,,4,1,72,244,565,FINAL (ENTRADA MANUAL)
61,16,4,55,160,17,15,,,3,0,0,49,125,16,13,,1,4,2,2,,0,0,38,250,565,FINAL (ENTRADA MANUAL)
61,16,5,46,171,15,12,,,2,0,1,42,110,12,7,,0,4,2,4,,2,0,66,249,565,FINAL (ENTRADA MANUAL)
61,16,6,57,169,15,18,,,0,0,1,47,111,8,15,,4,2,3,3,,1,0,67,261,564,FINAL (ENTRADA MANUAL)
61,17,1,77,150,27,7,,,0,0,0,59,78,17,7,,3,8,6,3,,4,0,80,265,524,FINAL (ENTRADA MANUAL)
61,17,2,73,143,22,18,,,2,0,0,59,96,17,14,,8,2,0,0,,2,0,62,260,524,FINAL (ENTRADA MANUAL)
61,17,3,70,141,18,17,,,1,0,1,59,85,13,10,,3,1,2,5,,3,0,70,251,524,FINAL (ENTRADA MANUAL)
61,18,1,60,149,15,11,,,0,0,1,50,94,9,8,,2,2,3,4,,0,0,64,236,537,FINAL (ENTRADA MANUAL)
61,18,2,59,149,23,16,,,0,0,1,50,102,15,10,,3,5,2,18,,3,0,43,251,537,FINAL (ENTRADA MANUAL)
61,18,3,54,137,21,14,,,2,0,1,38,100,15,11,,2,3,1,3,,3,0,56,232,537,FINAL (ENTRADA MANUAL)
61,18,4,55,141,10,22,,,1,0,1,49,88,5,16,,3,2,8,2,,1,0,57,231,537,FINAL (ENTRADA MANUAL)
61,18,5,38,152,8,11,,,0,0,0,32,90,5,8,,6,3,3,2,,2,0,60,211,535,FINAL (ENTRADA MANUAL)
61,19,1,42,103,17,10,,,1,0,1,36,70,11,6,,2,0,2,4,,1,0,43,175,394,FINAL (ENTRADA MANUAL)
61,19,2,40,97,18,18,,,1,0,2,33,62,15,12,,4,3,6,3,,2,1,38,179,394,FINAL (ENTRADA MANUAL)
61,20,1,57,152,6,9,,,0,0,0,42,116,5,8,,2,5,0,2,,2,0,44,226,565,FINAL (ENTRADA MANUAL)
61,20,2,48,142,5,15,,,0,0,1,43,101,4,10,,1,0,0,1,,0,0,51,211,565,FINAL (ENTRADA MANUAL)
61,21,1,72,170,22,18,,,0,0,0,66,107,14,9,,2,3,5,5,,1,0,71,283,532,FINAL (ENTRADA MANUAL)
61,21,2,55,162,17,13,,,1,0,0,43,98,13,9,,6,3,3,3,,1,0,70,249,532,FINAL (ENTRADA MANUAL)
61,21,3,57,160,24,19,,,1,0,1,47,99,20,15,,5,2,4,2,,1,0,68,263,532,FINAL (ENTRADA MANUAL)
61,21,4,67,189,20,17,,,1,0,0,55,119,12,10,,0,3,2,1,,0,0,92,294,532,FINAL (ENTRADA MANUAL)
61,21,5,66,183,16,14,,,0,0,1,59,125,10,13,,2,4,5,3,,2,0,59,282,532,FINAL (ENTRADA MANUAL)
61,21,6,61,169,17,24,,,0,0,0,58,123,11,20,,6,3,3,5,,1,0,42,272,532,FINAL (ENTRADA MANUAL)
61,21,7,61,153,25,17,,,0,0,1,52,100,13,15,,1,4,2,6,,1,0,64,258,530,FINAL (ENTRADA MANUAL)
61,22,1,49,137,5,12,,,0,0,0,35,95,3,8,,3,3,1,4,,0,0,51,203,508,FINAL (ENTRADA MANUAL)
61,22,2,44,140,8,10,,,0,0,0,35,91,5,6,,0,1,2,4,,5,0,58,207,508,FINAL (ENTRADA MANUAL)
61,22,3,66,124,7,21,,,0,0,1,52,71,1,9,,3,1,1,3,,1,0,78,220,508,FINAL (ENTRADA MANUAL)
61,22,4,55,155,8,15,,,0,0,0,45,91,4,13,,2,1,4,4,,0,0,69,233,506,FINAL (ENTRADA MANUAL)
61,23,1,55,206,15,16,,,0,0,0,45,139,6,13,,2,1,2,1,,2,0,83,294,687,FINAL (ENTRADA MANUAL)
61,23,2,46,182,10,17,,,1,0,0,44,151,8,13,,1,0,1,1,,4,0,37,260,687,FINAL (ENTRADA MANUAL)
61,24,1,53,144,19,18,,,1,0,0,36,91,13,10,,2,5,4,2,,0,0,72,235,509,FINAL (ENTRADA MANUAL)
61,24,2,52,147,9,17,,,1,0,0,45,95,4,12,,0,4,2,5,,3,0,59,229,509,FINAL (ENTRADA MANUAL)
61,24,3,59,148,17,14,,,0,0,1,45,91,11,9,,3,8,6,1,,0,0,65,239,509,FINAL (ENTRADA MANUAL)
61,24,4,52,155,20,11,,,0,0,1,48,104,13,9,,4,6,1,2,,0,0,52,239,510,FINAL (ENTRADA MANUAL)
61,25,1,71,141,13,15,,,0,0,1,59,79,9,13,,6,2,5,3,,1,0,65,242,472,FINAL (ENTRADA MANUAL)
61,25,2,61,116,19,15,,,1,0,0,48,62,14,8,,6,4,4,8,,2,0,58,214,472,FINAL (ENTRADA MANUAL)
61,25,3,53,119,18,15,,,0,0,0,43,89,14,10,,1,3,5,2,,2,0,38,207,471,FINAL (ENTRADA MANUAL)
61,26,1,68,204,7,12,,,1,0,0,61,145,5,9,,5,1,0,1,,4,0,65,296,697,FINAL (ENTRADA MANUAL)
61,26,2,71,191,11,18,,,0,0,0,59,130,8,14,,2,2,1,0,,2,0,75,293,697,FINAL (ENTRADA MANUAL)
61,26,3,52,190,10,13,,,0,0,0,41,124,7,9,,5,1,1,2,,3,0,75,268,696,FINAL (ENTRADA MANUAL)
61,27,1,61,158,10,13,,,0,2,0,54,113,8,10,,3,1,3,2,,1,0,50,245,689,FINAL (ENTRADA MANUAL)
61,27,2,73,144,15,17,,,0,0,1,68,96,7,10,,3,4,0,4,,1,0,58,251,689,FINAL (ENTRADA MANUAL)
61,27,3,57,165,7,21,,,1,0,3,50,104,4,17,,2,2,3,1,,1,0,71,255,689,FINAL (ENTRADA MANUAL)
61,27,4,58,146,10,16,,,0,1,0,48,109,7,14,,1,4,2,2,,0,1,44,232,688,FINAL (ENTRADA MANUAL)
61,28,1,45,142,11,9,,,0,0,0,37,94,10,8,,2,6,1,3,,2,0,46,209,489,FINAL (ENTRADA MANUAL)
61,28,2,60,116,14,11,,,0,0,0,44,68,8,10,,4,3,3,6,,1,0,55,202,489,FINAL (ENTRADA MANUAL)
61,28,3,35,123,12,10,,,0,0,0,29,82,11,6,,0,5,2,4,,3,0,41,183,488,FINAL (ENTRADA MANUAL)
61,29,1,55,161,8,18,,,3,0,1,44,97,4,10,,3,2,1,5,,1,0,80,247,725,FINAL (ENTRADA MANUAL)
61,29,2,46,125,8,9,,,1,0,0,33,56,3,5,,1,0,1,1,,3,0,89,192,725,FINAL (ENTRADA MANUAL)
61,29,3,58,141,8,10,,,1,0,1,45,92,4,5,,1,3,1,3,,3,0,65,222,726,FINAL (ENTRADA MANUAL)
61,74,1,28,28,3,1,,,0,0,0,25,19,3,0,,0,2,0,0,,0,0,11,60,0,FINAL (ENTRADA MANUAL)
61,74,2,22,30,3,1,,,0,0,0,20,22,3,1,,1,1,0,0,,1,0,8,57,0,FINAL (ENTRADA MANUAL)
61,74,3,44,39,1,0,,,1,0,0,43,27,0,0,,1,2,0,0,,0,0,12,85,0,FINAL (ENTRADA MANUAL)
61,74,4,40,39,0,3,,,0,0,0,38,32,0,1,,2,4,0,1,,0,0,4,82,0,FINAL (ENTRADA MANUAL)
61,74,5,52,28,4,1,,,0,0,1,46,14,2,1,,3,4,0,0,,1,0,16,87,0,FINAL (ENTRADA MANUAL)
61,74,6,22,31,2,1,,,0,0,0,19,28,2,1,,1,1,1,0,,2,0,3,58,0,FINAL (ENTRADA MANUAL)
61,74,7,24,35,2,1,,,0,0,0,18,19,1,0,,1,2,1,0,,0,0,20,62,0,FINAL (ENTRADA MANUAL)
61,74,8,23,44,4,0,,,0,0,1,17,31,3,0,,3,2,0,1,,0,0,15,72,0,FINAL (ENTRADA MANUAL)
61,74,9,24,36,3,0,,,0,0,0,19,28,2,0,,1,0,0,0,,1,0,13,64,0,FINAL (ENTRADA MANUAL)
61,75,1,15,46,3,5,,,10,1,0,7,17,1,3,,1,6,2,3,,1,1,38,80,0,FINAL (ENTRADA MANUAL)
61,77,1,859,588,68,37,,,1,0,0,829,531,65,32,,25,23,7,3,,1,0,38,1554,0,FINAL (ENTRADA MANUAL)
61,77,2,103,163,5,5,,,0,0,0,99,153,4,5,,5,2,1,0,,0,0,7,276,0,FINAL (ENTRADA MANUAL)
61,77,3,316,414,41,42,,,0,2,4,128,139,19,17,,24,5,9,15,,24,1,494,875,0,FINAL (ENTRADA MANUAL)
61,77,5,0,0,0,0,,,0,0,0,0,0,0,0,,0,0,0,0,,0,0,0,0,0,FINAL (ENTRADA MANUAL)
61,78,1,2,1,1,0,,,0,0,0,2,1,0,0,,0,0,0,1,,0,0,0,4,0,FINAL (ENTRADA MANUAL)
61,78,2,0,0,0,0,,,0,0,0,0,0,0,0,,0,0,0,0,,0,0,0,0,0,FINAL (ENTRADA MANUAL)
61,78,3,43,98,4,4,,,0,0,3,34,69,4,4,,0,1,0,1,,2,12,39,166,0,FINAL (ENTRADA MANUAL)
61,79,1,0,0,0,0,,,0,0,0,0,0,0,0,,0,0,0,0,,0,0,0,0,0,FINAL (ENTRADA MANUAL)
61,79,2,0,0,0,0,,,0,0,0,0,0,0,0,,0,0,0,0,,0,0,0,0,0,FINAL (ENTRADA MANUAL)
62,1,1,39,130,4,19,,,0,0,1,34,84,2,15,,0,3,3,2,,2,0,50,195,651,FINAL (ENTRADA MANUAL)
62,2,1,0,0,0,0,,,0,0,0,0,0,0,0,,0,0,0,0,,0,0,0,0,40,FINAL (ENTRADA MANUAL)
62,3,1,86,139,4,13,,,0,0,2,77,99,1,7,,9,4,0,0,,4,0,47,248,555,FINAL (ENTRADA MANUAL)
62,4,1,59,169,15,9,,,0,0,2,42,110,9,7,,5,0,1,6,,3,0,74,257,580,FINAL (ENTRADA MANUAL)
62,4,2,71,170,8,11,,,0,0,0,55,104,4,6,,4,3,4,2,,2,0,78,262,580,FINAL (ENTRADA MANUAL)
62,4,3,63,143,11,8,,,0,0,0,53,96,8,6,,1,1,4,2,,2,0,54,227,580,FINAL (ENTRADA MANUAL)
62,4,4,72,173,9,10,,,0,0,0,46,113,6,8,,1,0,4,0,,2,0,86,266,580,FINAL (ENTRADA MANUAL)
62,4,5,56,160,11,17,,,0,0,0,46,93,5,7,,2,3,2,8,,3,0,78,247,580,FINAL (ENTRADA MANUAL)
62,4,6,61,182,7,8,,,0,0,1,48,114,3,7,,0,1,1,6,,1,0,79,260,580,FINAL (ENTRADA MANUAL)
62,4,7,58,166,9,16,,,2,0,0,42,94,6,14,,4,5,2,5,,5,0,79,256,581,FINAL (ENTRADA MANUAL)
62,5,1,38,142,12,18,,,1,0,0,33,84,10,15,,3,4,0,4,,1,0,58,212,454,FINAL (ENTRADA MANUAL)
62,5,2,34,150,7,17,,,1,0,3,24,103,6,13,,4,5,1,3,,0,0,53,212,455,FINAL (ENTRADA MANUAL)
62,6,1,37,104,3,5,,,0,0,0,30,74,3,4,,3,1,0,1,,2,0,33,151,277,FINAL (ENTRADA MANUAL)
62,7,1,89,211,17,17,,,0,0,0,80,165,10,14,,5,9,4,2,,0,0,45,334,590,FINAL (ENTRADA MANUAL)
62,8,1,41,114,13,13,,,0,0,1,34,53,12,7,,4,16,2,7,,0,0,47,182,390,FINAL (ENTRADA MANUAL)
62,8,2,39,103,16,8,,,0,0,1,31,43,13,6,,5,5,4,8,,0,0,52,167,390,FINAL (ENTRADA MANUAL)
62,9,1,61,184,22,13,,,0,0,2,49,111,16,8,,5,3,3,2,,1,0,85,283,511,FINAL (ENTRADA MANUAL)
62,9,2,58,159,18,14,,,2,0,1,51,109,14,12,,3,6,1,4,,0,0,52,252,511,FINAL (ENTRADA MANUAL)
62,9,3,57,189,16,25,,,1,0,1,45,113,12,19,,4,7,3,6,,2,0,80,291,511,FINAL (ENTRADA MANUAL)
62,9,4,59,173,22,20,,,0,0,0,51,123,12,12,,4,1,4,3,,1,0,64,275,511,FINAL (ENTRADA MANUAL)
62,9,5,50,178,23,22,,,1,0,0,44,126,14,16,,7,2,0,4,,3,0,61,277,512,FINAL (ENTRADA MANUAL)
62,10,1,90,146,6,13,,,0,0,1,85,116,6,12,,3,1,2,2,,3,0,29,259,571,FINAL (ENTRADA MANUAL)
62,11,1,102,187,16,27,,,0,0,1,82,114,12,18,,2,3,5,10,,0,0,87,333,570,FINAL (ENTRADA MANUAL)
62,11,2,95,168,14,19,,,0,0,0,78,112,8,12,,4,9,5,6,,4,1,62,301,570,FINAL (ENTRADA MANUAL)
62,11,3,86,188,23,24,,,0,0,0,69,120,15,13,,3,8,5,10,,2,0,78,323,570,FINAL (ENTRADA MANUAL)
62,11,4,96,178,24,13,,,1,0,0,75,112,16,7,,2,4,5,5,,0,0,86,312,570,FINAL (ENTRADA MANUAL)
62,11,5,78,187,17,16,,,0,0,2,63,121,13,8,,3,9,4,4,,1,0,75,301,572,FINAL (ENTRADA MANUAL)
62,12,1,47,139,9,15,,,1,0,0,44,102,7,10,,5,2,0,1,,1,0,40,212,447,FINAL (ENTRADA MANUAL)
62,12,2,40,141,6,9,,,0,0,1,33,96,4,5,,3,2,3,2,,1,0,49,198,447,FINAL (ENTRADA MANUAL)
62,13,1,43,97,7,9,,,0,0,1,34,65,5,5,,2,1,1,0,,0,0,44,157,518,FINAL (ENTRADA MANUAL)
62,13,2,56,104,13,12,,,0,0,0,46,55,8,11,,1,5,1,0,,1,0,58,186,518,FINAL (ENTRADA MANUAL)
62,13,3,57,103,8,9,,,0,0,0,40,55,5,6,,2,0,1,2,,1,0,66,178,517,FINAL (ENTRADA MANUAL)
62,14,1,47,156,15,14,,,0,0,0,37,103,10,11,,1,2,2,0,,2,0,66,234,503,FINAL (ENTRADA MANUAL)
62,14,2,59,143,7,12,,,0,0,0,46,77,5,9,,1,5,1,2,,3,0,75,224,503,FINAL (ENTRADA MANUAL)
62,14,3,60,139,14,12,,,0,0,0,44,81,6,9,,5,2,1,3,,2,0,74,227,503,FINAL (ENTRADA MANUAL)
62,15,1,72,129,12,13,,,2,0,1,63,98,11,9,,3,3,3,2,,0,0,37,229,428,FINAL (ENTRADA MANUAL)
62,15,2,53,127,12,5,,,1,1,1,38,87,11,4,,2,2,4,2,,3,1,50,204,429,FINAL (ENTRADA MANUAL)
62,16,1,58,152,24,24,,,0,0,0,49,101,19,16,,1,3,3,7,,2,0,59,260,501,FINAL (ENTRADA MANUAL)
62,16,2,50,171,13,17,,,1,0,1,38,115,7,14,,7,1,3,1,,2,0,67,255,501,FINAL (ENTRADA MANUAL)
62,16,3,55,159,20,24,,,0,0,0,48,101,15,14,,4,4,5,6,,2,0,61,260,501,FINAL (ENTRADA MANUAL)
62,16,4,38,169,12,26,,,0,0,0,33,118,5,20,,1,3,5,0,,2,0,60,247,501,FINAL (ENTRADA MANUAL)
62,16,5,45,185,12,21,,,2,0,0,40,134,4,16,,1,4,0,8,,0,0,58,265,502,FINAL (ENTRADA MANUAL)
62,17,1,66,164,5,9,,,0,0,1,58,110,4,7,,3,3,2,4,,1,0,54,246,569,FINAL (ENTRADA MANUAL)
62,17,2,61,151,13,18,,,0,0,1,55,91,7,15,,2,0,1,1,,1,0,72,245,569,FINAL (ENTRADA MANUAL)
62,17,3,72,144,9,21,,,0,0,0,64,80,6,17,,2,0,1,2,,3,0,74,249,570,FINAL (ENTRADA MANUAL)
62,18,1,49,174,22,23,,,1,0,0,36,118,14,14,,1,2,2,3,,3,1,79,273,569,FINAL (ENTRADA MANUAL)
62,18,2,50,189,9,14,,,2,0,1,38,118,5,5,,3,3,5,6,,0,0,82,265,569,FINAL (ENTRADA MANUAL)
62,18,3,55,184,13,22,,,0,0,0,46,132,6,16,,4,0,6,7,,0,0,57,274,569,FINAL (ENTRADA MANUAL)
62,18,4,58,187,13,9,,,0,0,1,50,115,6,6,,1,4,2,9,,3,0,75,271,569,FINAL (ENTRADA MANUAL)
62,18,5,61,166,11,28,,,0,0,0,51,103,9,17,,4,3,1,0,,2,0,78,268,569,FINAL (ENTRADA MANUAL)
62,18,6,64,154,13,24,,,0,0,0,52,96,9,11,,2,4,4,6,,1,0,71,256,569,FINAL (ENTRADA MANUAL)
62,18,7,46,168,10,16,,,1,0,0,40,92,5,8,,4,3,4,5,,3,0,80,244,569,FINAL (ENTRADA MANUAL)
62,18,8,58,164,13,17,,,0,0,4,42,91,7,10,,4,5,2,4,,3,0,91,259,568,FINAL (ENTRADA MANUAL)
62,19,1,79,103,7,13,,,1,0,0,65,54,4,7,,8,6,2,6,,1,1,51,205,397,FINAL (ENTRADA MANUAL)
62,19,2,63,150,20,11,,,0,0,0,49,92,14,8,,4,4,2,12,,2,0,59,246,397,FINAL (ENTRADA MANUAL)
62,19,3,62,138,11,11,,,1,0,0,55,99,6,10,,3,3,2,2,,2,0,43,225,398,FINAL (ENTRADA MANUAL)
62,20,1,70,157,13,12,,,0,0,1,57,111,11,8,,1,3,3,5,,2,0,54,255,522,FINAL (ENTRADA MANUAL)
62,20,2,77,156,14,23,,,1,0,0,61,91,7,12,,4,1,6,5,,5,0,84,276,522,FINAL (ENTRADA MANUAL)
62,20,3,85,155,11,15,,,1,0,0,62,108,8,11,,3,6,2,4,,5,0,63,272,522,FINAL (ENTRADA MANUAL)
62,74,1,27,34,1,1,,,0,0,0,24,29,1,1,,1,0,0,0,,0,0,7,63,0,FINAL (ENTRADA MANUAL)
62,74,2,39,26,2,1,,,0,0,0,35,20,2,1,,2,0,0,0,,2,0,8,70,0,FINAL (ENTRADA MANUAL)
62,74,3,36,21,2,0,,,0,0,0,30,14,1,0,,0,3,0,0,,1,0,11,60,0,FINAL (ENTRADA MANUAL)
62,74,4,30,24,0,0,,,0,0,0,27,19,0,0,,1,2,0,0,,0,0,5,54,0,FINAL (ENTRADA MANUAL)
62,74,5,26,35,1,3,,,0,0,0,23,21,1,2,,3,1,0,0,,0,0,14,65,0,FINAL (ENTRADA MANUAL)
62,75,1,16,44,4,8,,,2,0,1,10,23,3,3,,0,1,1,2,,1,3,32,79,0,FINAL (ENTRADA MANUAL)
62,75,2,0,2,0,0,,,0,0,0,0,0,0,0,,0,0,0,0,,0,0,2,2,0,FINAL (ENTRADA MANUAL)
62,75,3,2,2,0,0,,,0,0,0,2,2,0,0,,0,0,0,0,,1,0,0,5,0,FINAL (ENTRADA MANUAL)
62,75,4,0,0,0,0,,,0,0,0,0,0,0,0,,0,0,0,0,,0,0,0,0,0,FINAL (ENTRADA MANUAL)
62,75,5,0,0,0,0,,,0,0,0,0,0,0,0,,0,0,0,0,,0,0,0,0,0,FINAL (ENTRADA MANUAL)
62,77,1,367,331,29,23,,,0,0,0,362,291,25,17,,9,13,8,5,,0,0,20,750,0,FINAL (ENTRADA MANUAL)
62,77,2,103,141,6,5,,,0,0,0,103,133,6,5,,0,4,1,1,,0,0,2,255,0,FINAL (ENTRADA MANUAL)
62,77,3,162,245,9,19,,,0,0,1,46,76,7,10,,0,11,4,2,,4,2,288,454,0,FINAL (ENTRADA MANUAL)
62,77,5,0,0,0,0,,,0,0,0,0,0,0,0,,0,0,0,0,,0,0,0,0,0,FINAL (ENTRADA MANUAL)
62,78,1,31,52,3,3,,,0,3,2,24,31,3,2,,0,1,0,2,,0,3,28,94,0,FINAL (ENTRADA MANUAL)
62,78,2,0,0,0,0,,,0,0,0,0,0,0,0,,0,0,0,0,,0,0,0,0,0,FINAL (ENTRADA MANUAL)
62,78,3,0,0,0,0,,,0,0,0,0,0,0,0,,0,0,0,0,,0,0,0,0,0,FINAL (ENTRADA MANUAL)
63,1,1,14,81,4,,,,0,0,1,13,76,4,,,1,0,0,,,0,0,6,100,299,FINAL (ENTRADA MANUAL)
63,2,1,48,147,7,,,,4,0,1,41,116,5,,,5,5,1,,,2,0,34,209,442,FINAL (ENTRADA MANUAL)
63,2,2,65,123,18,,,,1,0,1,59,100,15,,,1,1,3,,,1,0,29,209,442,FINAL (ENTRADA MANUAL)
63,2,3,55,127,10,,,,0,0,0,45,96,7,,,0,1,1,,,1,0,42,193,442,FINAL (ENTRADA MANUAL)
63,3,1,79,182,13,,,,1,0,1,74,142,10,,,1,2,1,,,2,0,46,278,612,FINAL (ENTRADA MANUAL)
63,3,2,83,166,13,,,,0,0,1,74,127,10,,,3,3,0,,,1,0,46,264,612,FINAL (ENTRADA MANUAL)
63,3,3,65,183,11,,,,0,0,1,60,123,8,,,3,1,2,,,1,0,63,261,612,FINAL (ENTRADA MANUAL)
63,3,4,72,177,15,,,,0,1,0,62,122,12,,,3,1,0,,,9,0,65,274,612,FINAL (ENTRADA MANUAL)
63,3,5,50,177,13,,,,1,0,0,43,111,7,,,3,4,2,,,2,0,71,243,612,FINAL (ENTRADA MANUAL)
63,4,1,45,164,17,,,,1,1,0,41,117,14,,,4,1,1,,,1,1,50,230,452,FINAL (ENTRADA MANUAL)
63,4,2,42,140,12,,,,1,0,1,39,104,10,,,0,3,0,,,1,0,40,197,453,FINAL (ENTRADA MANUAL)
63,5,1,59,207,17,,,,2,0,2,53,132,12,,,2,2,2,,,2,0,84,289,612,FINAL (ENTRADA MANUAL)
63,5,2,63,185,24,,,,0,0,1,53,141,14,,,4,1,2,,,4,0,58,277,612,FINAL (ENTRADA MANUAL)
63,5,3,55,188,28,,,,0,0,1,48,130,22,,,1,1,1,,,2,1,69,275,612,FINAL (ENTRADA MANUAL)
63,5,4,64,183,26,,,,0,0,0,62,144,21,,,3,3,2,,,0,1,38,274,612,FINAL (ENTRADA MANUAL)
63,5,5,54,182,10,,,,0,0,0,46,111,5,,,1,5,2,,,3,0,76,249,614,FINAL (ENTRADA MANUAL)
63,6,1,101,97,15,,,,0,0,0,90,62,14,,,2,1,1,,,1,1,43,215,498,FINAL (ENTRADA MANUAL)
63,7,1,57,140,14,,,,0,0,0,48,90,9,,,4,2,1,,,3,0,57,214,502,FINAL (ENTRADA MANUAL)
63,7,2,58,125,22,,,,1,0,0,50,84,19,,,1,2,0,,,1,0,50,207,502,FINAL (ENTRADA MANUAL)
63,7,3,54,116,30,,,,2,0,0,43,87,21,,,1,4,1,,,0,0,45,202,502,FINAL (ENTRADA MANUAL)
63,7,4,51,107,13,,,,0,0,0,44,85,8,,,1,1,1,,,2,0,31,173,504,FINAL (ENTRADA MANUAL)
63,8,1,41,130,7,,,,0,0,0,36,107,5,,,1,1,0,,,0,0,28,178,348,FINAL (ENTRADA MANUAL)
63,9,1,56,103,12,,,,0,0,0,45,70,8,,,6,4,2,,,1,0,36,172,431,FINAL (ENTRADA MANUAL)
63,9,2,59,121,9,,,,1,0,0,53,90,6,,,2,2,1,,,4,0,36,194,431,FINAL (ENTRADA MANUAL)
63,9,3,54,104,12,,,,0,0,2,49,76,12,,,1,2,0,,,0,0,32,172,432,FINAL (ENTRADA MANUAL)
63,10,1,49,203,10,,,,0,0,1,41,155,6,,,2,0,1,,,1,0,58,264,597,FINAL (ENTRADA MANUAL)
63,10,2,56,214,8,,,,0,0,0,47,158,7,,,4,2,3,,,1,0,57,279,597,FINAL (ENTRADA MANUAL)
63,10,3,40,180,14,,,,0,0,1,38,113,7,,,3,2,2,,,2,0,70,237,597,FINAL (ENTRADA MANUAL)
63,10,4,38,203,15,,,,0,0,1,27,129,13,,,3,1,2,,,0,0,82,257,597,FINAL (ENTRADA MANUAL)
63,10,5,44,196,13,,,,0,0,0,36,146,9,,,3,2,0,,,4,0,57,257,596,FINAL (ENTRADA MANUAL)
63,11,1,50,171,28,,,,0,0,0,42,113,21,,,4,3,4,,,2,0,62,251,535,FINAL (ENTRADA MANUAL)
63,11,2,51,184,18,,,,0,0,0,44,133,16,,,0,3,5,,,2,0,52,255,535,FINAL (ENTRADA MANUAL)
63,11,3,53,219,30,,,,0,0,0,45,144,24,,,2,2,2,,,5,0,83,307,535,FINAL (ENTRADA MANUAL)
63,11,4,55,206,18,,,,0,0,0,47,158,12,,,0,3,1,,,2,0,58,281,535,FINAL (ENTRADA MANUAL)
63,11,5,53,171,16,,,,0,0,2,43,132,15,,,4,1,3,,,3,0,44,245,537,FINAL (ENTRADA MANUAL)
63,12,1,61,193,10,,,,0,0,0,49,141,5,,,1,2,2,,,2,0,64,266,519,FINAL (ENTRADA MANUAL)
63,12,2,46,177,12,,,,0,0,2,42,131,7,,,2,3,4,,,1,0,48,238,519,FINAL (ENTRADA MANUAL)
63,12,3,44,175,12,,,,0,0,0,40,115,10,,,1,2,1,,,0,0,62,231,519,FINAL (ENTRADA MANUAL)
63,13,1,26,103,9,,,,0,1,0,24,69,6,,,1,0,0,,,1,0,39,140,355,FINAL (ENTRADA MANUAL)
63,13,2,37,131,2,,,,0,0,1,33,107,1,,,0,2,2,,,1,0,26,172,355,FINAL (ENTRADA MANUAL)
63,74,1,40,15,1,,,,0,0,0,39,10,1,,,1,0,0,,,0,0,5,56,0,FINAL (ENTRADA MANUAL)
63,74,2,25,9,2,,,,0,0,0,23,5,2,,,1,0,0,,,2,0,5,38,0,FINAL (ENTRADA MANUAL)
63,74,3,44,21,0,,,,0,0,0,37,18,0,,,1,2,0,,,0,0,7,65,0,FINAL (ENTRADA MANUAL)
63,75,1,13,10,3,,,,0,0,0,11,6,1,,,0,1,0,,,0,4,7,30,0,FINAL (ENTRADA MANUAL)
63,77,1,372,413,11,,,,0,0,0,370,396,11,,,9,5,2,,,0,0,3,796,0,FINAL (ENTRADA MANUAL)
63,77,2,136,177,1,,,,0,0,0,135,168,1,,,7,2,0,,,0,0,1,314,0,FINAL (ENTRADA MANUAL)
63,77,3,105,221,15,,,,0,0,7,45,45,4,,,3,1,2,,,19,2,248,369,0,FINAL (ENTRADA MANUAL)
63,77,5,0,0,0,,,,0,0,0,0,0,0,,,0,0,0,,,0,0,0,0,0,FINAL (ENTRADA MANUAL)
63,78,1,13,10,3,,,,0,0,0,11,6,1,,,0,1,0,,,0,4,7,30,0,FINAL (ENTRADA MANUAL)
63,78,2,0,0,0,,,,0,0,0,0,0,0,,,0,0,0,,,0,0,0,0,0,FINAL (ENTRADA MANUAL)
63,78,3,0,0,0,,,,0,0,0,0,0,0,,,0,0,0,,,0,0,0,0,0,FINAL (ENTRADA MANUAL)
64,1,1,37,150,11,,,,0,0,0,32,108,10,,,1,0,0,,,3,0,47,201,456,FINAL (ENTRADA MANUAL)
64,1,2,24,148,13,,,,1,0,0,17,98,6,,,1,0,0,,,3,0,64,189,456,FINAL (ENTRADA MANUAL)
64,1,3,40,139,5,,,,2,0,1,38,104,2,,,1,1,0,,,4,0,41,191,457,FINAL (ENTRADA MANUAL)
64,2,1,50,215,21,,,,0,1,1,44,148,11,,,3,2,2,,,4,0,78,292,597,FINAL (ENTRADA MANUAL)
64,2,2,52,211,27,,,,0,0,1,41,161,22,,,3,0,3,,,2,0,61,293,597,FINAL (ENTRADA MANUAL)
64,2,3,42,221,29,,,,0,0,1,35,180,25,,,3,4,1,,,2,0,45,295,597,FINAL (ENTRADA MANUAL)
64,3,1,89,134,24,,,,0,0,1,82,105,20,,,0,0,1,,,0,0,40,248,593,FINAL (ENTRADA MANUAL)
64,3,2,74,141,7,,,,0,0,0,67,107,6,,,3,2,0,,,3,0,37,225,593,FINAL (ENTRADA MANUAL)
64,3,3,83,130,18,,,,0,0,0,73,88,15,,,1,2,0,,,2,0,52,233,593,FINAL (ENTRADA MANUAL)
64,3,4,67,158,18,,,,0,1,1,58,120,15,,,5,4,0,,,2,0,43,247,593,FINAL (ENTRADA MANUAL)
64,3,5,56,131,16,,,,0,0,2,49,94,13,,,1,0,0,,,4,0,48,209,593,FINAL (ENTRADA MANUAL)
64,3,6,68,122,11,,,,0,0,0,61,97,9,,,1,0,0,,,5,0,33,206,592,FINAL (ENTRADA MANUAL)
64,4,1,62,183,29,,,,1,0,0,55,131,20,,,9,4,2,,,2,0,54,277,562,FINAL (ENTRADA MANUAL)
64,4,2,49,171,26,,,,0,0,1,42,125,21,,,2,3,3,,,0,0,51,247,562,FINAL (ENTRADA MANUAL)
64,4,3,49,184,24,,,,4,1,0,45,132,17,,,4,6,6,,,2,0,52,264,562,FINAL (ENTRADA MANUAL)
64,4,4,58,178,21,,,,0,0,1,45,121,15,,,1,1,1,,,2,0,74,260,562,FINAL (ENTRADA MANUAL)
64,4,5,61,160,30,,,,0,0,2,49,119,28,,,3,1,0,,,3,0,53,256,562,FINAL (ENTRADA MANUAL)
64,4,6,53,162,24,,,,0,0,0,47,112,18,,,6,2,4,,,2,0,50,241,562,FINAL (ENTRADA MANUAL)
64,4,7,53,198,19,,,,1,0,0,40,145,16,,,6,2,2,,,0,0,60,271,563,FINAL (ENTRADA MANUAL)
64,74,1,30,16,0,,,,0,0,1,29,11,0,,,1,0,0,,,0,0,6,47,0,FINAL (ENTRADA MANUAL)
64,74,2,35,34,2,,,,2,0,0,31,25,1,,,0,1,0,,,0,0,15,73,0,FINAL (ENTRADA MANUAL)
64,75,1,5,4,0,,,,0,0,0,1,0,0,,,0,0,0,,,0,0,8,9,0,FINAL (ENTRADA MANUAL)
64,75,2,0,1,0,,,,0,1,0,0,0,0,,,0,0,0,,,0,1,1,2,0,FINAL (ENTRADA MANUAL)
64,77,1,128,278,11,,,,0,0,0,128,270,10,,,1,4,3,,,0,0,1,417,0,FINAL (ENTRADA MANUAL)
64,77,2,84,131,3,,,,0,0,0,82,130,3,,,1,0,0,,,0,0,2,218,0,FINAL (ENTRADA MANUAL)
64,77,3,2,9,1,,,,0,0,0,2,2,0,,,0,0,0,,,0,0,8,12,0,FINAL (ENTRADA MANUAL)
64,77,5,0,0,0,,,,0,0,0,0,0,0,,,0,0,0,,,0,0,0,0,0,FINAL (ENTRADA MANUAL)
64,78,1,6,17,2,,,,0,0,0,4,9,1,,,0,0,0,,,1,3,11,29,0,FINAL (ENTRADA MANUAL)
64,78,2,0,0,0,,,,0,0,0,0,0,0,,,0,0,0,,,0,0,0,0,0,FINAL (ENTRADA MANUAL)
64,78,3,0,0,0,,,,0,0,0,0,0,0,,,0,0,0,,,0,0,0,0,0,FINAL (ENTRADA MANUAL)
65,1,1,55,176,1,,,,0,0,2,42,142,1,0,,2,2,1,0,,0,0,44,234,466,FINAL (ENTRADA MANUAL)
65,1,2,72,158,3,,,,0,0,1,66,132,2,1,,1,6,0,0,,1,0,26,235,466,FINAL (ENTRADA MANUAL)
65,1,3,59,175,4,,,,0,0,1,55,135,2,0,,2,5,1,1,,0,0,38,239,465,FINAL (ENTRADA MANUAL)
65,2,1,21,96,0,,,,0,0,0,14,88,0,0,,3,0,0,0,,0,0,12,117,202,FINAL (ENTRADA MANUAL)
65,3,1,67,176,8,,,,0,0,0,58,141,5,0,,3,7,1,0,,0,0,36,251,487,FINAL (ENTRADA MANUAL)
65,3,2,65,178,5,,,,0,0,0,55,125,3,0,,9,6,2,2,,0,0,46,248,487,FINAL (ENTRADA MANUAL)
65,3,3,73,170,6,,,,0,0,0,60,133,6,0,,3,4,1,0,,1,0,42,250,487,FINAL (ENTRADA MANUAL)
65,3,4,64,160,6,,,,0,0,2,52,133,3,0,,1,10,2,0,,1,0,31,233,487,FINAL (ENTRADA MANUAL)
65,3,5,70,173,2,,,,0,0,1,58,140,1,1,,3,2,0,2,,1,0,39,247,488,FINAL (ENTRADA MANUAL)
65,4,1,145,76,10,,,,0,0,0,124,46,4,0,,8,3,4,1,,0,0,41,231,454,FINAL (ENTRADA MANUAL)
65,4,2,110,110,6,,,,0,0,4,87,70,0,1,,6,1,0,1,,0,0,64,230,455,FINAL (ENTRADA MANUAL)
65,5,1,100,144,4,,,,0,1,5,87,112,4,0,,4,2,1,0,,2,0,44,256,456,FINAL (ENTRADA MANUAL)
65,6,1,87,117,2,,,,1,2,1,77,85,0,1,,5,3,0,0,,0,0,39,210,433,FINAL (ENTRADA MANUAL)
65,6,2,63,125,2,,,,0,0,0,56,96,2,0,,0,2,0,0,,0,0,34,190,433,FINAL (ENTRADA MANUAL)
65,7,1,75,157,5,,,,0,0,1,65,107,4,1,,6,26,2,1,,0,0,26,238,461,FINAL (ENTRADA MANUAL)
65,7,2,74,158,2,,,,0,0,4,64,105,0,1,,3,4,2,1,,3,0,58,241,461,FINAL (ENTRADA MANUAL)
65,7,3,75,130,5,,,,1,0,2,56,103,4,1,,5,3,0,0,,0,0,41,213,461,FINAL (ENTRADA MANUAL)
65,7,4,59,135,4,,,,0,0,2,49,102,2,0,,5,9,2,1,,0,0,30,200,462,FINAL (ENTRADA MANUAL)
65,8,1,73,138,2,,,,1,0,2,67,113,2,1,,3,3,0,0,,0,1,27,217,473,FINAL (ENTRADA MANUAL)
65,8,2,65,152,2,,,,0,0,0,57,127,2,0,,4,4,0,1,,2,0,24,221,473,FINAL (ENTRADA MANUAL)
65,9,1,100,95,0,,,,0,0,1,92,83,0,1,,7,3,0,1,,1,0,9,197,379,FINAL (ENTRADA MANUAL)
65,10,1,108,162,0,,,,0,0,0,102,150,0,0,,0,1,0,0,,1,0,17,271,541,FINAL (ENTRADA MANUAL)
65,11,1,89,173,5,,,,0,0,0,79,137,4,0,,3,4,1,0,,0,0,39,267,514,FINAL (ENTRADA MANUAL)
65,11,2,72,178,2,,,,0,0,0,64,141,1,0,,4,4,0,1,,0,0,37,252,515,FINAL (ENTRADA MANUAL)
65,12,1,73,190,2,,,,0,0,1,67,148,1,0,,1,8,1,0,,1,0,40,267,557,FINAL (ENTRADA MANUAL)
65,12,2,78,155,2,,,,0,0,3,67,127,2,2,,5,4,0,0,,0,0,31,238,557,FINAL (ENTRADA MANUAL)
65,12,3,68,163,5,,,,0,0,0,59,125,4,0,,3,4,0,0,,0,0,41,236,557,FINAL (ENTRADA MANUAL)
65,12,4,62,174,2,,,,0,0,4,57,149,1,3,,2,8,2,0,,0,0,20,242,557,FINAL (ENTRADA MANUAL)
65,12,5,93,169,4,,,,0,0,0,82,128,1,0,,4,5,0,1,,0,0,45,266,555,FINAL (ENTRADA MANUAL)
65,13,1,56,171,7,,,,1,0,1,44,141,2,1,,7,0,1,0,,1,0,40,237,423,FINAL (ENTRADA MANUAL)
65,13,2,50,139,5,,,,0,0,0,43,110,2,0,,2,1,3,0,,1,0,33,195,423,FINAL (ENTRADA MANUAL)
65,13,3,73,142,1,,,,1,0,0,67,121,1,0,,5,2,0,1,,1,0,20,218,423,FINAL (ENTRADA MANUAL)
65,13,4,62,145,4,,,,0,0,0,53,126,1,0,,1,0,2,0,,0,0,28,211,424,FINAL (ENTRADA MANUAL)
65,14,1,84,179,12,,,,0,1,1,73,133,9,1,,5,1,1,2,,0,0,52,277,495,FINAL (ENTRADA MANUAL)
65,14,2,49,180,9,,,,1,0,0,41,126,8,0,,7,9,0,0,,1,0,48,240,495,FINAL (ENTRADA MANUAL)
65,15,1,66,163,7,,,,1,0,1,49,116,2,1,,6,4,1,2,,0,0,57,238,468,FINAL (ENTRADA MANUAL)
65,15,2,69,156,11,,,,0,0,0,60,123,7,0,,4,4,3,0,,0,0,35,236,468,FINAL (ENTRADA MANUAL)
65,15,3,79,167,11,,,,0,0,5,55,112,9,1,,4,11,5,1,,1,0,64,263,468,FINAL (ENTRADA MANUAL)
65,15,4,78,155,5,,,,0,0,1,69,112,2,0,,7,4,1,0,,0,1,44,240,468,FINAL (ENTRADA MANUAL)
65,15,5,67,146,9,,,,0,0,3,57,117,7,1,,3,2,0,0,,4,0,38,229,470,FINAL (ENTRADA MANUAL)
65,16,1,56,130,7,,,,1,0,0,39,113,2,0,,6,3,3,0,,0,1,28,195,382,FINAL (ENTRADA MANUAL)
65,16,2,54,113,2,,,,0,1,0,43,81,2,0,,4,9,2,0,,0,0,29,170,382,FINAL (ENTRADA MANUAL)
65,16,3,66,121,4,,,,0,1,2,53,96,4,2,,4,4,0,0,,1,0,31,195,382,FINAL (ENTRADA MANUAL)
65,17,1,18,92,1,,,,0,0,2,9,74,0,2,,0,1,0,0,,2,0,27,115,212,FINAL (ENTRADA MANUAL)
65,74,1,65,76,2,,,,0,0,1,60,68,1,0,,2,0,1,1,,0,0,11,144,0,FINAL (ENTRADA MANUAL)
65,74,2,46,59,1,,,,0,0,1,39,52,1,1,,1,0,0,0,,0,0,13,107,0,FINAL (ENTRADA MANUAL)
65,74,3,27,77,4,,,,0,0,0,26,66,4,0,,4,1,0,0,,0,0,7,108,0,FINAL (ENTRADA MANUAL)
65,75,1,0,1,0,,,,0,0,0,0,0,0,0,,0,1,0,0,,0,0,2,3,0,FINAL (ENTRADA MANUAL)
65,77,1,382,453,2,,,,0,0,1,376,429,2,1,,12,7,0,0,,1,0,11,839,0,FINAL (ENTRADA MANUAL)
65,77,2,324,392,4,,,,0,0,0,317,375,3,0,,12,6,0,0,,0,0,7,720,0,FINAL (ENTRADA MANUAL)
65,77,3,131,304,4,,,,1,1,9,58,134,2,0,,15,4,0,0,,8,23,237,481,0,FINAL (ENTRADA MANUAL)
65,77,5,0,0,0,,,,0,0,0,0,0,0,0,,0,0,0,0,,0,0,0,0,0,FINAL (ENTRADA MANUAL)
65,78,1,0,3,0,,,,0,6,0,0,1,0,0,,1,0,0,0,,0,6,1,9,0,FINAL (ENTRADA MANUAL)
65,78,2,0,0,0,,,,0,0,0,0,0,0,0,,0,0,0,0,,0,0,0,0,0,FINAL (ENTRADA MANUAL)
65,78,3,0,0,0,,,,0,0,0,0,0,0,0,,0,0,0,0,,0,0,0,0,0,FINAL (ENTRADA MANUAL)
65,79,1,1,0,0,,,,0,0,0,0,0,0,0,,0,0,0,0,,0,0,1,1,0,FINAL (ENTRADA MANUAL)
66,1,1,63,102,5,,,,0,0,1,47,81,3,,,2,2,2,,,1,0,34,172,356,FINAL (ENTRADA MANUAL)
66,1,2,77,84,7,,,,3,0,1,59,68,4,,,5,2,1,,,0,0,33,172,355,FINAL (ENTRADA MANUAL)
66,2,1,128,144,8,,,,1,0,1,81,107,4,,,6,3,4,,,4,0,77,286,560,FINAL (ENTRADA MANUAL)
66,2,2,115,127,9,,,,2,0,1,78,92,7,,,7,4,2,,,1,0,64,255,559,FINAL (ENTRADA MANUAL)
66,3,1,122,94,5,,,,0,0,0,98,71,3,,,6,5,0,,,1,0,38,222,468,FINAL (ENTRADA MANUAL)
66,3,2,99,104,8,,,,0,0,1,77,85,5,,,5,4,0,,,3,0,36,215,468,FINAL (ENTRADA MANUAL)
66,4,1,117,101,7,,,,0,0,0,87,78,6,,,1,1,0,,,2,0,52,227,507,FINAL (ENTRADA MANUAL)
66,4,2,137,92,6,,,,0,0,0,111,71,3,,,1,5,0,,,1,0,44,236,507,FINAL (ENTRADA MANUAL)
66,4,3,109,116,4,,,,0,0,1,86,96,3,,,1,2,1,,,0,0,41,230,506,FINAL (ENTRADA MANUAL)
66,5,1,95,119,8,,,,0,0,1,78,107,5,,,1,1,1,,,0,0,30,223,426,FINAL (ENTRADA MANUAL)
66,6,1,154,104,11,,,,0,0,0,117,85,8,,,2,1,0,,,1,0,56,270,551,FINAL (ENTRADA MANUAL)
66,6,2,148,102,4,,,,1,0,1,107,89,4,,,2,1,1,,,0,0,52,256,551,FINAL (ENTRADA MANUAL)
66,6,3,141,103,7,,,,1,0,2,97,92,6,,,3,1,0,,,0,0,55,254,551,FINAL (ENTRADA MANUAL)
66,7,1,181,72,8,,,,0,0,4,126,56,5,,,2,3,2,,,0,1,71,266,507,FINAL (ENTRADA MANUAL)
66,7,2,192,44,8,,,,0,0,2,139,30,6,,,4,1,0,,,3,0,66,249,507,FINAL (ENTRADA MANUAL)
66,7,3,186,56,5,,,,0,0,1,154,43,2,,,6,0,1,,,2,0,42,250,507,FINAL (ENTRADA MANUAL)
66,7,4,133,77,5,,,,0,0,4,110,63,4,,,2,1,0,,,0,0,39,219,507,FINAL (ENTRADA MANUAL)
66,8,1,121,61,8,,,,0,0,0,97,50,6,,,2,1,0,,,0,0,34,190,351,FINAL (ENTRADA MANUAL)
66,8,2,120,50,6,,,,2,0,0,102,33,3,,,1,1,3,,,3,0,35,181,351,FINAL (ENTRADA MANUAL)
66,9,1,64,63,4,,,,0,0,1,47,61,3,,,1,0,0,,,0,0,20,132,305,FINAL (ENTRADA MANUAL)
66,9,2,70,76,6,,,,0,0,1,62,70,5,,,0,2,0,,,0,0,14,153,305,FINAL (ENTRADA MANUAL)
66,10,1,53,90,5,,,,0,0,0,43,80,3,,,2,1,0,,,1,0,19,149,316,FINAL (ENTRADA MANUAL)
66,10,2,36,100,2,,,,0,0,1,30,94,2,,,0,1,0,,,1,0,12,140,316,FINAL (ENTRADA MANUAL)
66,11,1,57,20,0,,,,1,1,1,42,9,0,,,2,1,0,,,2,0,26,82,153,FINAL (ENTRADA MANUAL)
66,12,1,118,34,5,,,,0,0,0,94,26,3,,,0,0,0,,,1,1,34,159,340,FINAL (ENTRADA MANUAL)
66,12,2,113,38,4,,,,0,0,0,95,30,1,,,4,0,1,,,0,0,24,155,341,FINAL (ENTRADA MANUAL)
66,13,1,106,62,14,,,,0,0,1,76,43,9,,,1,0,0,,,1,0,54,184,407,FINAL (ENTRADA MANUAL)
66,14,1,123,95,16,,,,0,0,4,92,73,10,,,3,3,2,,,0,0,55,238,558,FINAL (ENTRADA MANUAL)
66,15,1,159,89,4,,,,0,0,0,142,73,2,,,3,0,2,,,0,0,30,252,533,FINAL (ENTRADA MANUAL)
66,15,2,149,83,5,,,,1,0,1,113,71,2,,,5,3,0,,,0,0,45,239,533,FINAL (ENTRADA MANUAL)
66,15,3,158,103,8,,,,0,0,0,121,81,6,,,1,2,1,,,2,0,57,271,533,FINAL (ENTRADA MANUAL)
66,15,4,151,105,3,,,,1,0,3,109,91,3,,,1,0,1,,,2,0,58,265,533,FINAL (ENTRADA MANUAL)
66,15,5,127,127,2,,,,0,0,1,104,99,2,,,0,1,1,,,2,0,50,259,534,FINAL (ENTRADA MANUAL)
66,16,1,111,87,9,,,,0,0,0,86,74,8,,,2,2,3,,,3,0,32,210,475,FINAL (ENTRADA MANUAL)
66,16,2,89,103,7,,,,0,0,0,65,79,5,,,4,4,0,,,3,0,42,202,475,FINAL (ENTRADA MANUAL)
66,16,3,113,96,3,,,,1,0,0,93,73,2,,,5,1,2,,,1,0,37,214,475,FINAL (ENTRADA MANUAL)
66,16,4,103,94,9,,,,1,0,1,83,83,8,,,2,3,0,,,1,0,29,209,475,FINAL (ENTRADA MANUAL)
66,16,5,101,106,6,,,,0,0,0,82,87,5,,,3,3,1,,,1,0,32,214,473,FINAL (ENTRADA MANUAL)
66,17,1,108,109,11,,,,0,0,0,88,87,9,,,1,2,2,,,0,0,39,228,488,FINAL (ENTRADA MANUAL)
66,17,2,124,112,7,,,,0,0,0,105,90,4,,,4,1,2,,,1,0,37,244,489,FINAL (ENTRADA MANUAL)
66,74,1,23,33,1,,,,0,0,0,19,28,1,,,2,0,2,,,1,0,7,58,0,FINAL (ENTRADA MANUAL)
66,74,2,41,33,1,,,,0,0,0,33,29,0,,,1,0,1,,,0,0,11,75,0,FINAL (ENTRADA MANUAL)
66,74,3,33,38,2,,,,0,1,2,29,35,2,,,1,0,0,,,1,0,9,77,0,FINAL (ENTRADA MANUAL)
66,75,1,1,0,0,,,,0,0,0,1,0,0,,,0,0,0,,,0,0,0,1,0,FINAL (ENTRADA MANUAL)
66,75,2,2,2,1,,,,1,0,2,2,0,1,,,0,0,0,,,0,0,5,8,0,FINAL (ENTRADA MANUAL)
66,75,3,0,0,0,,,,0,0,0,0,0,0,,,0,0,0,,,0,0,0,0,0,FINAL (ENTRADA MANUAL)
66,77,1,824,459,16,,,,0,0,0,759,451,12,,,19,12,0,,,0,0,46,1299,0,FINAL (ENTRADA MANUAL)
66,77,2,369,66,6,,,,1,0,1,348,64,4,,,4,0,0,,,1,1,23,445,0,FINAL (ENTRADA MANUAL)
66,77,3,163,97,6,,,,1,1,111,75,57,3,,,2,4,1,,,4,2,127,275,0,FINAL (ENTRADA MANUAL)
66,77,5,0,0,0,,,,0,0,0,0,0,0,,,0,0,0,,,0,0,0,0,0,FINAL (ENTRADA MANUAL)
66,78,1,15,8,1,,,,0,0,0,13,7,1,,,1,0,0,,,1,0,2,25,0,FINAL (ENTRADA MANUAL)
66,78,2,0,0,0,,,,0,0,0,0,0,0,,,0,0,0,,,0,0,0,0,0,FINAL (ENTRADA MANUAL)
66,78,3,0,0,0,,,,0,0,0,0,0,0,,,0,0,0,,,0,0,0,0,0,FINAL (ENTRADA MANUAL)
67,1,1,101,116,4,,,,0,0,0,63,84,3,,,0,3,1,,,2,0,67,223,458,FINAL (ENTRADA MANUAL)
67,1,2,96,102,1,,,,0,0,2,69,86,0,,,4,0,0,,,0,0,42,201,458,FINAL (ENTRADA MANUAL)
67,1,3,100,125,1,,,,1,0,0,63,90,0,,,2,0,0,,,2,0,72,229,458,FINAL (ENTRADA MANUAL)
67,2,1,94,147,3,,,,0,0,0,69,115,2,,,3,0,0,,,2,1,55,247,429,FINAL (ENTRADA MANUAL)
67,2,2,77,127,3,,,,0,0,0,47,82,3,,,4,0,0,,,0,0,71,207,429,FINAL (ENTRADA MANUAL)
67,2,3,90,96,1,,,,0,1,1,66,69,1,,,0,1,0,,,0,0,52,189,428,FINAL (ENTRADA MANUAL)
67,3,1,101,131,7,,,,0,0,0,74,89,4,,,1,2,1,,,3,0,68,242,473,FINAL (ENTRADA MANUAL)
67,3,2,87,128,3,,,,2,1,0,57,94,1,,,0,7,1,,,3,0,61,224,473,FINAL (ENTRADA MANUAL)
67,4,1,93,93,2,,,,0,0,0,60,64,1,,,5,2,0,,,1,0,56,189,388,FINAL (ENTRADA MANUAL)
67,4,2,86,92,5,,,,0,0,0,58,53,4,,,0,2,3,,,3,0,63,186,389,FINAL (ENTRADA MANUAL)
67,5,1,62,119,4,,,,1,0,2,39,93,4,,,0,0,1,,,0,0,51,188,450,FINAL (ENTRADA MANUAL)
67,5,2,93,122,7,,,,0,0,1,72,87,4,,,0,2,0,,,0,0,58,223,450,FINAL (ENTRADA MANUAL)
67,6,1,118,116,4,,,,0,1,0,76,75,2,,,5,1,1,,,0,0,79,239,614,FINAL (ENTRADA MANUAL)
67,6,2,116,132,6,,,,0,0,1,68,99,2,,,3,1,1,,,0,0,81,255,614,FINAL (ENTRADA MANUAL)
67,6,3,117,111,5,,,,2,0,1,86,81,2,,,2,1,0,,,1,0,64,237,614,FINAL (ENTRADA MANUAL)
67,6,4,109,141,10,,,,1,0,0,74,97,7,,,4,6,0,,,0,0,73,261,616,FINAL (ENTRADA MANUAL)
67,7,1,102,141,8,,,,0,0,0,65,94,6,,,2,1,2,,,0,1,81,252,555,FINAL (ENTRADA MANUAL)
67,7,2,108,131,4,,,,4,2,1,67,88,3,,,2,2,2,,,1,0,86,251,555,FINAL (ENTRADA MANUAL)
67,7,3,86,146,1,,,,0,1,0,62,105,0,,,4,6,0,,,1,0,57,235,554,FINAL (ENTRADA MANUAL)
67,8,1,86,72,3,,,,0,1,0,70,59,2,,,1,0,0,,,1,0,30,163,413,FINAL (ENTRADA MANUAL)
67,8,2,61,89,5,,,,1,0,0,44,73,5,,,0,0,0,,,4,0,34,160,413,FINAL (ENTRADA MANUAL)
67,9,1,142,134,17,,,,0,0,0,94,103,15,,,5,2,5,,,2,1,69,296,512,FINAL (ENTRADA MANUAL)
67,9,2,118,122,15,,,,0,0,2,83,92,13,,,2,0,1,,,2,0,66,259,512,FINAL (ENTRADA MANUAL)
67,9,3,148,121,21,,,,1,0,2,94,94,15,,,1,0,4,,,3,0,85,296,512,FINAL (ENTRADA MANUAL)
67,9,4,131,116,17,,,,1,1,0,85,86,12,,,3,3,4,,,4,0,73,270,512,FINAL (ENTRADA MANUAL)
67,9,5,146,110,16,,,,0,0,1,88,82,11,,,1,0,5,,,2,0,86,275,512,FINAL (ENTRADA MANUAL)
67,9,6,143,101,14,,,,0,1,0,101,70,12,,,1,0,4,,,1,0,71,260,512,FINAL (ENTRADA MANUAL)
67,9,7,135,92,25,,,,0,1,0,88,62,19,,,1,6,4,,,2,0,73,255,512,FINAL (ENTRADA MANUAL)
67,9,8,139,109,20,,,,2,0,0,93,79,15,,,4,1,2,,,1,0,76,271,513,FINAL (ENTRADA MANUAL)
67,10,1,89,130,6,,,,0,0,0,66,97,6,,,2,1,0,,,1,0,53,226,570,FINAL (ENTRADA MANUAL)
67,10,2,98,132,4,,,,1,0,0,85,100,3,,,0,3,0,,,3,0,44,238,570,FINAL (ENTRADA MANUAL)
67,10,3,92,135,5,,,,0,0,0,66,94,4,,,1,1,1,,,0,0,65,232,569,FINAL (ENTRADA MANUAL)
67,74,1,41,46,1,,,,0,0,0,33,38,1,,,0,1,0,,,0,0,15,88,0,FINAL (ENTRADA MANUAL)
67,74,2,59,34,1,,,,0,0,0,47,25,1,,,1,0,0,,,3,0,20,97,0,FINAL (ENTRADA MANUAL)
67,74,3,41,19,1,,,,1,0,0,35,14,1,,,3,0,0,,,0,0,9,62,0,FINAL (ENTRADA MANUAL)
67,74,4,45,16,1,,,,0,0,0,33,11,1,,,0,0,0,,,0,0,17,62,0,FINAL (ENTRADA MANUAL)
67,74,5,0,0,0,,,,0,0,0,0,0,0,,,0,0,0,,,0,0,0,0,0,FINAL (ENTRADA MANUAL)
67,75,1,0,0,0,,,,0,0,0,0,0,0,,,0,0,0,,,0,0,0,0,0,FINAL (ENTRADA MANUAL)
67,75,2,6,9,1,,,,2,0,0,1,5,0,,,0,2,0,,,3,0,10,21,0,FINAL (ENTRADA MANUAL)
67,75,3,0,1,0,,,,0,0,0,0,0,0,,,0,0,0,,,0,0,1,1,0,FINAL (ENTRADA MANUAL)
67,77,1,539,501,15,,,,1,0,0,529,493,15,,,7,6,0,,,0,0,6,1056,0,FINAL (ENTRADA MANUAL)
67,77,2,100,115,0,,,,0,0,0,97,114,0,,,1,2,0,,,0,0,1,215,0,FINAL (ENTRADA MANUAL)
67,77,3,385,305,31,,,,0,0,18,53,66,3,,,10,0,3,,,12,3,573,723,0,FINAL (ENTRADA MANUAL)
67,77,5,0,0,0,,,,0,0,0,0,0,0,,,0,0,0,,,0,0,0,0,0,FINAL (ENTRADA MANUAL)
67,78,1,0,0,0,,,,0,0,0,0,0,0,,,0,0,0,,,0,0,0,0,0,FINAL (ENTRADA MANUAL)
67,78,2,0,0,0,,,,0,0,0,0,0,0,,,0,0,0,,,0,0,0,0,0,FINAL (ENTRADA MANUAL)
67,78,3,11,11,2,,,,0,0,0,6,5,2,,,0,0,0,,,0,2,11,26,0,FINAL (ENTRADA MANUAL)
68,1,1,80,110,9,,,,0,0,1,65,85,5,,,2,1,1,,,1,0,41,201,489,FINAL (ENTRADA MANUAL)
68,1,2,64,130,8,,,,0,0,1,51,88,5,,,0,6,2,,,4,0,51,207,489,FINAL (ENTRADA MANUAL)
68,2,1,90,88,8,,,,1,0,0,75,71,7,,,0,0,0,,,0,0,34,187,463,FINAL (ENTRADA MANUAL)
68,2,2,76,100,10,,,,0,0,0,64,81,10,,,1,1,0,,,4,0,29,190,463,FINAL (ENTRADA MANUAL)
68,3,1,54,117,5,,,,0,0,3,41,79,4,,,3,2,0,,,3,0,50,182,447,FINAL (ENTRADA MANUAL)
68,3,2,73,99,3,,,,1,0,0,48,72,2,,,1,2,0,,,3,0,51,179,447,FINAL (ENTRADA MANUAL)
68,3,3,54,108,9,,,,1,0,0,41,82,7,,,0,1,0,,,3,1,41,176,446,FINAL (ENTRADA MANUAL)
68,4,1,54,96,2,,,,0,0,0,44,66,1,,,0,6,1,,,1,0,34,153,375,FINAL (ENTRADA MANUAL)
68,4,2,54,118,4,,,,0,0,0,40,85,2,,,3,5,1,,,1,1,40,178,375,FINAL (ENTRADA MANUAL)
68,5,1,88,103,8,,,,0,0,0,70,82,8,,,0,0,0,,,3,0,39,202,402,FINAL (ENTRADA MANUAL)
68,5,2,117,78,10,,,,0,0,0,103,62,7,,,0,0,0,,,2,1,33,208,403,FINAL (ENTRADA MANUAL)
68,6,1,97,86,2,,,,0,0,1,77,54,2,,,5,1,1,,,3,0,46,189,432,FINAL (ENTRADA MANUAL)
68,6,2,95,83,4,,,,0,0,1,82,60,3,,,3,2,3,,,1,0,30,184,433,FINAL (ENTRADA MANUAL)
68,7,1,44,154,4,,,,0,0,0,32,98,1,,,2,10,2,,,0,0,57,202,466,FINAL (ENTRADA MANUAL)
68,7,2,51,160,3,,,,0,1,0,46,105,0,,,2,8,1,,,2,0,53,217,466,FINAL (ENTRADA MANUAL)
68,7,3,49,133,4,,,,0,1,3,32,86,2,,,2,4,1,,,2,0,63,192,466,FINAL (ENTRADA MANUAL)
68,8,1,101,140,6,,,,0,0,0,90,114,3,,,0,2,0,,,1,0,38,248,486,FINAL (ENTRADA MANUAL)
68,9,1,76,102,3,,,,2,0,2,62,82,1,,,5,2,1,,,1,0,32,186,392,FINAL (ENTRADA MANUAL)
68,9,2,87,88,1,,,,0,0,2,65,70,1,,,1,1,1,,,3,0,39,181,393,FINAL (ENTRADA MANUAL)
68,10,1,57,106,8,,,,0,0,1,48,76,6,,,2,3,2,,,2,0,35,174,435,FINAL (ENTRADA MANUAL)
68,10,2,45,110,4,,,,0,0,1,39,76,2,,,2,0,1,,,1,0,40,161,435,FINAL (ENTRADA MANUAL)
68,10,3,56,107,5,,,,0,0,1,43,76,3,,,0,2,0,,,1,0,45,170,436,FINAL (ENTRADA MANUAL)
68,11,1,62,164,7,,,,0,1,0,45,110,4,,,2,3,3,,,5,0,67,239,478,FINAL (ENTRADA MANUAL)
68,11,2,62,160,9,,,,1,0,0,41,102,8,,,0,3,1,,,3,0,77,235,478,FINAL (ENTRADA MANUAL)
68,11,3,76,152,16,,,,0,0,3,57,108,11,,,0,3,3,,,0,0,65,247,478,FINAL (ENTRADA MANUAL)
68,74,1,38,19,1,,,,1,0,0,36,14,1,,,0,0,0,,,0,0,8,59,0,FINAL (ENTRADA MANUAL)
68,74,2,71,32,3,,,,0,0,0,62,19,2,,,1,3,1,,,3,0,18,109,0,FINAL (ENTRADA MANUAL)
68,74,3,0,0,0,,,,0,0,0,0,0,0,,,0,0,0,,,0,0,0,0,0,FINAL (ENTRADA MANUAL)
68,75,1,0,0,0,,,,0,0,0,0,0,0,,,0,0,0,,,0,0,0,0,0,FINAL (ENTRADA MANUAL)
68,75,2,0,0,0,,,,0,0,0,0,0,0,,,0,0,0,,,0,0,0,0,0,FINAL (ENTRADA MANUAL)
68,75,3,0,0,0,,,,0,0,0,0,0,0,,,0,0,0,,,0,0,0,0,0,FINAL (ENTRADA MANUAL)
68,77,1,124,211,1,,,,0,0,0,121,208,1,,,3,1,1,,,0,0,1,336,0,FINAL (ENTRADA MANUAL)
68,77,2,145,242,2,,,,0,0,0,143,231,2,,,4,1,2,,,0,0,6,389,0,FINAL (ENTRADA MANUAL)
68,77,3,88,91,1,,,,0,5,1,28,22,1,,,6,1,0,,,1,3,128,190,0,FINAL (ENTRADA MANUAL)
68,77,5,0,0,0,,,,0,0,0,0,0,0,,,0,0,0,,,0,0,0,0,0,FINAL (ENTRADA MANUAL)
68,78,1,8,5,0,,,,0,0,0,5,2,0,,,0,0,0,,,0,3,6,16,0,FINAL (ENTRADA MANUAL)
68,78,2,0,0,0,,,,0,0,0,0,0,0,,,0,0,0,,,0,0,0,0,0,FINAL (ENTRADA MANUAL)
68,78,3,0,0,0,,,,0,0,0,0,0,0,,,0,0,0,,,0,0,0,0,0,FINAL (ENTRADA MANUAL)
69,1,1,168,64,23,,,,3,0,0,94,43,12,0,,10,7,4,2,,1,0,86,259,523,FINAL (ENTRADA MANUAL)
69,1,2,161,51,23,,,,0,1,6,96,37,14,3,,9,3,2,1,,1,0,77,243,523,FINAL (ENTRADA MANUAL)
69,1,3,147,79,21,,,,0,0,3,93,48,14,3,,11,9,3,5,,1,1,64,252,523,FINAL (ENTRADA MANUAL)
69,1,4,170,55,14,,,,0,0,2,115,43,9,2,,10,7,2,3,,1,0,50,242,523,FINAL (ENTRADA MANUAL)
69,1,5,167,74,8,,,,1,0,4,93,56,6,2,,8,6,1,5,,1,0,77,255,523,FINAL (ENTRADA MANUAL)
69,1,6,183,71,11,,,,0,0,3,108,54,7,1,,9,8,2,0,,1,0,79,269,525,FINAL (ENTRADA MANUAL)
69,2,1,138,93,23,,,,0,0,6,83,68,14,4,,6,11,4,3,,1,0,67,261,623,FINAL (ENTRADA MANUAL)
69,2,2,154,86,14,,,,0,0,4,94,75,11,3,,9,5,3,1,,2,0,57,260,623,FINAL (ENTRADA MANUAL)
69,2,3,151,84,12,,,,0,0,4,84,57,7,4,,7,9,4,5,,2,0,74,253,623,FINAL (ENTRADA MANUAL)
69,3,1,139,87,12,,,,2,0,7,92,68,9,5,,10,6,2,1,,1,0,54,248,569,FINAL (ENTRADA MANUAL)
69,3,2,134,110,11,,,,0,0,0,68,67,7,0,,4,10,2,2,,1,0,95,256,569,FINAL (ENTRADA MANUAL)
69,3,3,118,114,13,,,,0,0,1,69,83,9,0,,7,2,0,0,,1,0,76,247,569,FINAL (ENTRADA MANUAL)
69,3,4,130,105,10,,,,0,0,4,66,67,6,4,,4,5,5,3,,0,0,89,249,569,FINAL (ENTRADA MANUAL)
69,3,5,166,81,13,,,,0,0,2,111,58,6,2,,4,1,6,2,,0,0,72,262,571,FINAL (ENTRADA MANUAL)
69,4,1,168,88,13,,,,1,0,2,108,71,8,1,,8,4,2,1,,2,0,69,274,589,FINAL (ENTRADA MANUAL)
69,4,2,134,75,16,,,,0,0,0,75,49,11,0,,3,5,1,8,,1,0,73,226,589,FINAL (ENTRADA MANUAL)
69,4,3,166,75,6,,,,1,0,3,97,60,3,2,,10,2,0,3,,0,0,74,251,589,FINAL (ENTRADA MANUAL)
69,4,4,134,89,5,,,,1,0,4,78,59,2,0,,13,5,2,4,,2,0,70,235,589,FINAL (ENTRADA MANUAL)
69,5,1,160,81,22,,,,0,1,1,101,61,13,1,,4,5,4,5,,0,0,71,265,519,FINAL (ENTRADA MANUAL)
69,5,2,135,62,10,,,,1,0,4,78,38,6,2,,9,3,1,4,,0,0,71,212,519,FINAL (ENTRADA MANUAL)
69,5,3,145,92,16,,,,0,1,3,81,71,8,2,,9,5,2,1,,0,0,78,257,519,FINAL (ENTRADA MANUAL)
69,5,4,151,85,10,,,,0,0,1,95,65,6,0,,5,6,3,3,,4,0,64,251,519,FINAL (ENTRADA MANUAL)
69,5,5,164,61,14,,,,1,0,3,98,44,8,1,,9,1,0,3,,0,0,79,243,518,FINAL (ENTRADA MANUAL)
69,6,1,153,53,3,,,,0,0,3,118,45,1,3,,8,5,3,0,,2,0,29,214,491,FINAL (ENTRADA MANUAL)
69,6,2,136,69,16,,,,1,0,4,95,51,8,2,,6,3,6,2,,1,0,53,227,491,FINAL (ENTRADA MANUAL)
69,6,3,124,61,17,,,,4,0,0,77,44,7,0,,4,2,8,5,,4,0,59,210,491,FINAL (ENTRADA MANUAL)
69,6,4,135,71,12,,,,0,0,2,75,48,8,1,,8,5,1,1,,2,0,73,222,491,FINAL (ENTRADA MANUAL)
69,7,1,138,55,9,,,,2,1,0,89,37,7,0,,8,2,1,0,,2,0,61,207,443,FINAL (ENTRADA MANUAL)
69,7,2,188,57,9,,,,1,0,2,130,48,6,1,,9,6,5,1,,2,0,51,259,443,FINAL (ENTRADA MANUAL)
69,7,3,145,44,3,,,,1,0,2,95,36,2,1,,3,2,2,2,,1,0,52,196,443,FINAL (ENTRADA MANUAL)
69,8,1,157,75,16,,,,1,0,0,91,58,10,0,,7,8,5,3,,1,0,67,250,565,FINAL (ENTRADA MANUAL)
69,8,2,142,86,9,,,,0,0,8,87,59,5,5,,7,12,2,2,,3,0,66,248,565,FINAL (ENTRADA MANUAL)
69,8,3,134,86,19,,,,0,0,4,75,56,6,3,,15,7,3,4,,0,0,74,243,565,FINAL (ENTRADA MANUAL)
69,8,4,167,71,16,,,,0,0,2,91,52,8,2,,15,8,9,1,,0,0,70,256,565,FINAL (ENTRADA MANUAL)
69,8,5,156,66,22,,,,0,0,1,103,53,9,0,,8,4,5,2,,1,0,61,246,564,FINAL (ENTRADA MANUAL)
69,74,1,42,59,7,,,,0,0,0,22,41,6,0,,3,5,0,0,,2,0,31,110,0,FINAL (ENTRADA MANUAL)
69,74,2,33,71,2,,,,0,0,2,19,51,2,1,,1,9,1,0,,0,0,24,108,0,FINAL (ENTRADA MANUAL)
69,74,3,43,58,3,,,,0,0,0,31,42,3,0,,1,2,0,0,,0,0,25,104,0,FINAL (ENTRADA MANUAL)
69,74,4,0,0,0,,,,0,0,0,0,0,0,0,,0,0,0,0,,0,0,0,0,0,FINAL (ENTRADA MANUAL)
69,75,1,0,0,0,,,,0,0,0,0,0,0,0,,0,0,0,0,,0,0,0,0,0,FINAL (ENTRADA MANUAL)
69,75,2,0,0,0,,,,0,0,0,0,0,0,0,,0,0,0,0,,0,0,0,0,0,FINAL (ENTRADA MANUAL)
69,75,3,12,2,1,,,,2,0,0,2,1,1,0,,2,0,1,1,,0,1,9,18,0,FINAL (ENTRADA MANUAL)
69,75,4,0,0,0,,,,0,0,0,0,0,0,0,,0,0,0,0,,0,0,0,0,0,FINAL (ENTRADA MANUAL)
69,77,1,570,441,24,,,,0,0,3,461,424,20,3,,90,13,2,0,,0,0,25,1038,0,FINAL (ENTRADA MANUAL)
69,77,2,186,195,2,,,,0,0,0,168,191,2,0,,14,2,0,0,,0,0,6,383,0,FINAL (ENTRADA MANUAL)
69,77,3,293,202,11,,,,0,1,9,78,75,3,1,,0,0,0,0,,7,2,333,544,0,FINAL (ENTRADA MANUAL)
69,77,5,0,0,0,,,,0,0,0,0,0,0,0,,0,0,0,0,,0,0,0,0,0,FINAL (ENTRADA MANUAL)
69,78,1,10,12,0,,,,0,2,0,7,9,0,0,,0,0,0,0,,0,2,6,24,0,FINAL (ENTRADA MANUAL)
69,78,2,0,0,0,,,,0,0,0,0,0,0,0,,0,0,0,0,,0,0,0,0,0,FINAL (ENTRADA MANUAL)
69,78,3,0,0,0,,,,0,0,0,0,0,0,0,,0,0,0,0,,0,0,0,0,0,FINAL (ENTRADA MANUAL)
70,1,1,142,133,9,,,,1,0,0,120,120,9,,,5,0,4,,,1,0,27,286,533,FINAL (ENTRADA MANUAL)
70,1,2,155,115,5,,,,0,0,1,120,83,4,,,2,3,1,,,0,1,63,277,533,FINAL (ENTRADA MANUAL)
70,1,3,134,114,6,,,,0,0,0,98,100,6,,,1,3,1,,,0,0,45,254,533,FINAL (ENTRADA MANUAL)
70,1,4,125,130,5,,,,1,0,0,88,96,4,,,2,6,1,,,2,0,64,263,533,FINAL (ENTRADA MANUAL)
70,1,5,119,173,5,,,,0,0,0,92,131,3,,,3,4,2,,,1,0,62,298,533,FINAL (ENTRADA MANUAL)
70,1,6,137,119,7,,,,0,0,0,107,96,4,,,3,4,1,,,0,0,48,263,533,FINAL (ENTRADA MANUAL)
70,2,1,95,175,4,,,,0,0,0,80,144,3,,,2,2,1,,,0,0,42,274,505,FINAL (ENTRADA MANUAL)
70,2,2,111,123,2,,,,0,0,0,74,103,1,,,2,4,3,,,0,0,49,236,505,FINAL (ENTRADA MANUAL)
70,2,3,93,145,4,,,,0,0,0,67,123,3,,,2,3,1,,,1,0,43,243,505,FINAL (ENTRADA MANUAL)
70,2,4,89,147,8,,,,0,0,0,77,129,6,,,1,1,1,,,0,0,29,244,505,FINAL (ENTRADA MANUAL)
70,2,5,107,142,4,,,,0,0,0,89,115,1,,,3,3,2,,,2,0,40,255,505,FINAL (ENTRADA MANUAL)
70,3,1,132,93,4,,,,2,0,0,112,73,2,,,2,3,1,,,0,0,38,231,396,FINAL (ENTRADA MANUAL)
70,3,2,112,84,0,,,,0,0,0,91,66,0,,,3,2,0,,,0,0,34,196,396,FINAL (ENTRADA MANUAL)
70,4,1,158,102,1,,,,0,0,0,136,75,1,,,6,1,2,,,0,0,40,261,514,FINAL (ENTRADA MANUAL)
70,4,2,143,117,1,,,,0,0,1,112,86,1,,,3,0,0,,,0,0,60,262,514,FINAL (ENTRADA MANUAL)
70,4,3,144,114,9,,,,0,0,1,123,98,6,,,2,3,1,,,1,0,35,269,514,FINAL (ENTRADA MANUAL)
70,4,4,102,125,4,,,,0,0,0,87,107,4,,,1,2,0,,,0,0,30,231,514,FINAL (ENTRADA MANUAL)
70,4,5,115,140,2,,,,0,0,0,100,120,0,,,1,0,0,,,0,0,36,257,514,FINAL (ENTRADA MANUAL)
70,4,6,126,139,4,,,,0,0,0,108,121,3,,,1,3,1,,,0,0,32,269,514,FINAL (ENTRADA MANUAL)
70,4,7,157,144,4,,,,0,0,1,129,121,4,,,4,2,0,,,0,0,46,306,514,FINAL (ENTRADA MANUAL)
70,5,1,80,151,4,,,,1,0,0,61,128,3,,,2,1,0,,,1,0,41,237,483,FINAL (ENTRADA MANUAL)
70,5,2,99,140,6,,,,0,0,0,74,118,5,,,2,1,3,,,1,0,42,246,483,FINAL (ENTRADA MANUAL)
70,5,3,79,147,3,,,,0,0,0,66,117,1,,,2,2,1,,,2,0,40,231,483,FINAL (ENTRADA MANUAL)
70,5,4,98,126,3,,,,0,0,1,67,96,2,,,2,4,1,,,2,0,56,230,483,FINAL (ENTRADA MANUAL)
70,6,1,174,122,9,,,,0,0,0,154,111,6,,,1,0,2,,,2,0,31,307,539,FINAL (ENTRADA MANUAL)
70,7,1,144,90,12,,,,0,0,0,109,77,12,,,2,1,0,,,0,0,45,246,472,FINAL (ENTRADA MANUAL)
70,7,2,131,118,8,,,,0,0,0,107,103,8,,,3,2,1,,,2,0,33,259,471,FINAL (ENTRADA MANUAL)
70,8,1,112,69,5,,,,0,0,0,60,56,4,,,1,1,0,,,1,0,64,187,352,FINAL (ENTRADA MANUAL)
70,8,2,92,73,4,,,,0,0,0,70,62,3,,,0,1,4,,,1,0,29,170,352,FINAL (ENTRADA MANUAL)
70,9,1,112,129,3,,,,0,1,0,84,97,2,,,0,1,0,,,2,0,61,247,535,FINAL (ENTRADA MANUAL)
70,10,1,106,161,8,,,,0,0,2,77,134,8,,,0,0,0,,,1,0,58,278,525,FINAL (ENTRADA MANUAL)
70,10,2,96,175,9,,,,1,0,1,61,144,6,,,1,1,0,,,0,0,69,282,525,FINAL (ENTRADA MANUAL)
70,11,1,64,172,2,,,,0,0,0,56,165,1,,,2,0,1,,,1,0,13,239,434,FINAL (ENTRADA MANUAL)
70,11,2,67,166,3,,,,0,0,0,55,146,3,,,0,0,0,,,3,0,32,239,433,FINAL (ENTRADA MANUAL)
70,74,1,30,34,1,,,,0,0,0,25,26,1,,,2,0,0,,,0,0,11,65,0,FINAL (ENTRADA MANUAL)
70,74,2,32,32,0,,,,0,0,0,26,25,0,,,0,0,0,,,0,0,13,64,0,FINAL (ENTRADA MANUAL)
70,74,3,50,53,3,,,,0,0,0,34,42,3,,,0,1,0,,,0,0,26,106,0,FINAL (ENTRADA MANUAL)
70,74,4,43,63,3,,,,0,0,0,39,51,2,,,1,0,0,,,0,0,16,109,0,FINAL (ENTRADA MANUAL)
70,74,5,50,32,1,,,,0,0,0,38,21,1,,,0,0,1,,,1,0,22,84,0,FINAL (ENTRADA MANUAL)
70,74,6,33,47,0,,,,0,0,0,29,40,0,,,0,0,1,,,0,1,10,81,0,FINAL (ENTRADA MANUAL)
70,74,7,0,0,0,,,,0,0,0,0,0,0,,,0,0,0,,,0,0,0,0,0,FINAL (ENTRADA MANUAL)
70,75,1,0,0,0,,,,0,0,0,0,0,0,,,0,0,0,,,0,0,0,0,0,FINAL (ENTRADA MANUAL)
70,75,2,14,9,2,,,,0,0,0,13,8,0,,,0,0,0,,,0,0,4,25,0,FINAL (ENTRADA MANUAL)
70,77,1,449,215,16,,,,0,0,0,437,210,15,,,7,0,1,,,0,0,10,680,0,FINAL (ENTRADA MANUAL)
70,77,2,210,299,10,,,,0,0,0,205,292,10,,,5,3,0,,,0,0,4,519,0,FINAL (ENTRADA MANUAL)
70,77,3,121,144,6,,,,0,2,4,45,31,2,,,28,5,2,,,0,0,158,271,0,FINAL (ENTRADA MANUAL)
70,77,5,1,0,0,,,,0,0,0,0,0,0,,,0,0,0,,,0,0,1,1,0,FINAL (ENTRADA MANUAL)
70,78,1,7,6,1,,,,0,0,0,6,5,1,,,0,0,0,,,0,4,2,18,0,FINAL (ENTRADA MANUAL)
70,78,2,0,0,0,,,,0,0,0,0,0,0,,,0,0,0,,,0,0,0,0,0,FINAL (ENTRADA MANUAL)
70,78,3,0,0,0,,,,0,0,0,0,0,0,,,0,0,0,,,0,0,0,0,0,FINAL (ENTRADA MANUAL)
71,1,1,158,144,5,,,,0,1,1,124,97,2,,,4,0,3,,,0,0,79,309,550,FINAL (ENTRADA MANUAL)
71,1,2,193,104,9,,,,0,0,0,162,78,5,,,3,0,2,,,0,0,56,306,550,FINAL (ENTRADA MANUAL)
71,1,3,149,140,9,,,,1,0,0,116,96,7,,,3,5,1,,,1,0,71,300,550,FINAL (ENTRADA MANUAL)
71,1,4,198,110,10,,,,1,0,0,153,75,7,,,4,2,7,,,1,0,71,320,551,FINAL (ENTRADA MANUAL)
71,2,1,166,120,6,,,,0,0,0,135,96,6,,,3,0,3,,,0,0,49,292,584,FINAL (ENTRADA MANUAL)
71,2,2,198,103,9,,,,0,0,0,146,75,9,,,2,2,1,,,0,0,75,310,584,FINAL (ENTRADA MANUAL)
71,2,3,154,132,12,,,,0,0,1,116,98,7,,,0,0,4,,,1,0,74,300,583,FINAL (ENTRADA MANUAL)
71,74,1,49,18,5,,,,0,0,0,40,12,5,,,0,0,0,,,0,0,15,72,0,FINAL (ENTRADA MANUAL)
71,74,2,81,31,0,,,,0,0,0,68,28,0,,,2,0,0,,,0,0,14,112,0,FINAL (ENTRADA MANUAL)
71,74,3,0,0,0,,,,0,0,0,0,0,0,,,0,0,0,,,0,0,0,0,0,FINAL (ENTRADA MANUAL)
71,75,1,0,0,0,,,,0,0,1,0,0,0,,,0,0,0,,,0,0,1,1,0,FINAL (ENTRADA MANUAL)
71,77,1,146,67,1,,,,0,0,0,142,66,1,,,1,1,0,,,0,0,3,214,0,FINAL (ENTRADA MANUAL)
71,77,2,0,0,0,,,,0,0,0,0,0,0,,,0,0,0,,,0,0,0,0,0,FINAL (ENTRADA MANUAL)
71,77,3,0,0,0,,,,0,0,0,0,0,0,,,0,0,0,,,0,0,0,0,0,FINAL (ENTRADA MANUAL)
71,77,5,0,0,0,,,,0,0,0,0,0,0,,,0,0,0,,,0,0,0,0,0,FINAL (ENTRADA MANUAL)
71,78,1,1,2,0,,,,0,0,1,1,1,0,,,0,0,0,,,0,1,2,5,0,FINAL (ENTRADA MANUAL)
71,78,2,0,0,0,,,,0,0,0,0,0,0,,,0,0,0,,,0,0,0,0,0,FINAL (ENTRADA MANUAL)
71,78,3,0,0,0,,,,0,0,0,0,0,0,,,0,0,0,,,0,0,0,0,0,FINAL (ENTRADA MANUAL)
72,1,1,76,45,4,,,,1,0,0,56,34,4,,,1,0,1,,,0,0,30,126,310,FINAL (ENTRADA MANUAL)
72,2,1,153,51,9,,,,0,0,0,126,41,5,,,3,0,2,,,2,0,36,215,468,FINAL (ENTRADA MANUAL)
72,2,2,150,53,6,,,,0,0,0,128,49,6,,,3,2,1,,,0,0,20,209,467,FINAL (ENTRADA MANUAL)
72,3,1,147,78,7,,,,0,0,0,126,65,6,,,2,2,2,,,1,0,29,233,436,FINAL (ENTRADA MANUAL)
72,3,2,128,101,15,,,,0,0,0,90,68,11,,,3,1,1,,,1,0,70,245,436,FINAL (ENTRADA MANUAL)
72,3,3,129,102,8,,,,0,0,0,103,85,6,,,1,0,1,,,1,0,43,240,435,FINAL (ENTRADA MANUAL)
72,4,1,135,56,3,,,,0,0,0,102,47,3,,,2,2,0,,,2,0,38,196,464,FINAL (ENTRADA MANUAL)
72,4,2,127,69,4,,,,1,0,0,113,51,2,,,1,0,0,,,1,0,34,202,464,FINAL (ENTRADA MANUAL)
72,4,3,144,45,12,,,,0,0,0,102,31,10,,,0,0,0,,,0,0,58,201,464,FINAL (ENTRADA MANUAL)
72,5,1,123,118,8,,,,0,0,0,89,97,7,,,4,2,1,,,0,0,49,249,560,FINAL (ENTRADA MANUAL)
72,5,2,138,125,8,,,,0,0,0,105,95,8,,,1,3,0,,,1,0,59,272,560,FINAL (ENTRADA MANUAL)
72,5,3,150,114,18,,,,0,0,1,120,88,12,,,2,2,2,,,0,0,57,283,560,FINAL (ENTRADA MANUAL)
72,5,4,151,102,16,,,,1,0,0,128,91,14,,,1,2,4,,,0,0,30,270,560,FINAL (ENTRADA MANUAL)
72,5,5,137,109,11,,,,1,0,0,106,90,10,,,2,2,1,,,0,0,47,258,559,FINAL (ENTRADA MANUAL)
72,6,1,141,67,11,,,,0,0,0,114,50,8,,,3,8,0,,,0,0,36,219,487,FINAL (ENTRADA MANUAL)
72,6,2,129,72,8,,,,0,0,0,103,63,6,,,2,6,1,,,1,0,28,210,487,FINAL (ENTRADA MANUAL)
72,6,3,160,59,10,,,,1,0,0,115,48,8,,,3,4,1,,,1,0,51,231,487,FINAL (ENTRADA MANUAL)
72,6,4,143,92,10,,,,0,0,0,109,74,7,,,2,5,3,,,2,0,45,247,487,FINAL (ENTRADA MANUAL)
72,6,5,146,76,8,,,,0,0,2,109,57,7,,,4,2,1,,,1,0,51,232,489,FINAL (ENTRADA MANUAL)
72,7,1,178,87,11,,,,2,1,0,130,80,9,,,4,1,0,,,0,0,55,279,542,FINAL (ENTRADA MANUAL)
72,7,2,139,92,7,,,,0,0,1,127,76,5,,,2,3,1,,,0,0,25,239,542,FINAL (ENTRADA MANUAL)
72,7,3,138,78,7,,,,0,0,0,92,51,5,,,2,6,4,,,0,0,63,223,542,FINAL (ENTRADA MANUAL)
72,7,4,156,76,8,,,,1,0,0,119,66,6,,,3,5,3,,,0,0,39,241,542,FINAL (ENTRADA MANUAL)
72,8,1,149,91,12,,,,0,0,1,133,84,10,,,0,2,2,,,1,0,22,254,506,FINAL (ENTRADA MANUAL)
72,8,2,157,80,5,,,,0,0,0,134,65,3,,,0,3,1,,,0,0,36,242,506,FINAL (ENTRADA MANUAL)
72,8,3,144,86,11,,,,2,0,0,114,72,6,,,1,5,1,,,1,0,44,244,506,FINAL (ENTRADA MANUAL)
72,8,4,166,76,8,,,,6,0,0,126,62,6,,,3,9,1,,,0,0,49,256,506,FINAL (ENTRADA MANUAL)
72,8,5,143,89,8,,,,0,0,0,118,77,6,,,1,3,1,,,0,0,34,240,506,FINAL (ENTRADA MANUAL)
72,8,6,153,63,7,,,,0,0,0,114,50,4,,,2,2,3,,,0,0,48,223,505,FINAL (ENTRADA MANUAL)
72,9,1,129,95,12,,,,2,0,0,90,71,9,,,0,1,1,,,1,0,66,239,442,FINAL (ENTRADA MANUAL)
72,9,2,119,77,17,,,,0,0,1,79,61,15,,,1,1,1,,,1,0,56,215,442,FINAL (ENTRADA MANUAL)
72,9,3,127,78,9,,,,0,0,1,103,62,6,,,1,0,4,,,0,0,39,215,443,FINAL (ENTRADA MANUAL)
72,10,1,127,105,8,,,,0,0,1,92,72,6,,,2,5,1,,,1,0,63,242,496,FINAL (ENTRADA MANUAL)
72,10,2,150,86,5,,,,0,0,1,110,70,3,,,3,2,4,,,2,0,50,244,496,FINAL (ENTRADA MANUAL)
72,10,3,118,115,9,,,,0,0,0,91,90,5,,,1,2,0,,,2,0,53,244,496,FINAL (ENTRADA MANUAL)
72,10,4,141,104,3,,,,2,0,0,115,94,3,,,2,2,2,,,0,0,32,250,495,FINAL (ENTRADA MANUAL)
72,11,1,84,106,4,,,,0,0,0,67,86,3,,,0,0,0,,,2,0,38,196,458,FINAL (ENTRADA MANUAL)
72,11,2,95,151,1,,,,0,0,0,79,131,1,,,1,1,1,,,0,0,33,247,458,FINAL (ENTRADA MANUAL)
72,11,3,120,93,2,,,,0,0,0,95,77,1,,,1,0,0,,,0,0,41,215,458,FINAL (ENTRADA MANUAL)
72,12,1,121,65,7,,,,0,0,0,109,61,6,,,0,0,1,,,0,0,16,193,387,FINAL (ENTRADA MANUAL)
72,12,2,139,62,1,,,,0,0,0,111,51,0,,,1,1,1,,,1,0,37,203,387,FINAL (ENTRADA MANUAL)
72,12,3,140,38,8,,,,0,0,0,112,23,6,,,0,0,1,,,0,0,44,186,386,FINAL (ENTRADA MANUAL)
72,13,1,137,70,6,,,,0,0,0,100,61,5,,,2,5,3,,,2,0,37,215,465,FINAL (ENTRADA MANUAL)
72,13,2,115,73,7,,,,0,0,0,92,59,4,,,1,0,0,,,1,0,39,196,465,FINAL (ENTRADA MANUAL)
72,14,1,133,126,5,,,,0,0,0,97,107,4,,,2,0,2,,,2,0,52,266,563,FINAL (ENTRADA MANUAL)
72,14,2,142,144,12,,,,0,0,2,112,131,8,,,0,2,1,,,4,0,46,304,563,FINAL (ENTRADA MANUAL)
72,14,3,95,137,8,,,,0,0,0,70,110,6,,,6,2,2,,,0,0,44,240,564,FINAL (ENTRADA MANUAL)
72,15,1,147,116,7,,,,0,0,2,111,91,7,,,2,6,1,,,1,1,54,274,559,FINAL (ENTRADA MANUAL)
72,15,2,144,102,8,,,,0,0,0,112,78,6,,,4,1,3,,,2,0,50,256,559,FINAL (ENTRADA MANUAL)
72,15,3,143,96,8,,,,0,0,2,106,68,6,,,1,3,0,,,1,0,65,250,559,FINAL (ENTRADA MANUAL)
72,15,4,150,91,14,,,,2,0,0,117,78,11,,,2,0,5,,,1,0,44,258,559,FINAL (ENTRADA MANUAL)
72,74,1,68,15,1,,,,0,0,0,60,11,0,,,0,0,0,,,0,0,13,84,0,FINAL (ENTRADA MANUAL)
72,74,2,64,16,2,,,,0,0,0,62,13,2,,,0,2,0,,,0,0,3,82,0,FINAL (ENTRADA MANUAL)
72,74,3,70,12,1,,,,0,0,0,63,12,1,,,0,0,0,,,0,0,7,83,0,FINAL (ENTRADA MANUAL)
72,74,4,77,7,1,,,,0,0,0,72,5,1,,,1,0,0,,,0,0,6,85,0,FINAL (ENTRADA MANUAL)
72,74,5,78,9,1,,,,0,0,0,74,4,1,,,0,0,0,,,0,0,9,88,0,FINAL (ENTRADA MANUAL)
72,74,6,27,3,1,,,,0,0,0,25,1,0,,,3,0,0,,,0,0,2,31,0,FINAL (ENTRADA MANUAL)
72,75,1,23,9,0,,,,1,0,0,11,4,0,,,2,2,1,,,1,0,14,35,0,FINAL (ENTRADA MANUAL)
72,75,2,0,0,0,,,,0,0,0,0,0,0,,,0,0,0,,,0,0,0,0,0,FINAL (ENTRADA MANUAL)
72,77,1,712,526,20,,,,0,0,0,684,501,17,,,7,9,1,,,1,0,39,1259,0,FINAL (ENTRADA MANUAL)
72,77,2,515,445,6,,,,0,0,0,501,433,6,,,5,9,2,,,0,0,10,966,0,FINAL (ENTRADA MANUAL)
72,77,3,429,446,21,,,,1,2,20,94,90,1,,,3,11,0,,,19,22,719,960,0,FINAL (ENTRADA MANUAL)
72,77,5,0,0,0,,,,0,0,0,0,0,0,,,0,0,0,,,0,0,0,0,0,FINAL (ENTRADA MANUAL)
72,78,1,7,1,0,,,,0,0,0,6,1,0,,,0,0,0,,,0,5,1,13,0,FINAL (ENTRADA MANUAL)
72,78,2,0,0,0,,,,0,0,0,0,0,0,,,0,0,0,,,0,0,0,0,0,FINAL (ENTRADA MANUAL)
72,78,3,0,0,0,,,,0,0,0,0,0,0,,,0,0,0,,,0,0,0,0,0,FINAL (ENTRADA MANUAL)
72,79,1,0,0,0,,,,0,0,0,0,0,0,,,0,0,0,,,0,0,0,0,0,FINAL (ENTRADA MANUAL)
73,1,1,160,96,4,,,,0,1,2,133,83,4,2,,2,4,1,1,,0,0,33,263,524,FINAL (ENTRADA MANUAL)
73,1,2,146,116,6,,,,0,0,1,124,98,4,1,,2,3,1,2,,2,0,34,271,523,FINAL (ENTRADA MANUAL)
73,2,1,127,79,9,,,,1,0,4,112,65,8,4,,1,1,3,0,,1,0,26,221,448,FINAL (ENTRADA MANUAL)
73,2,2,111,84,13,,,,0,0,2,96,67,8,2,,1,1,1,3,,1,0,31,211,448,FINAL (ENTRADA MANUAL)
73,2,3,125,103,3,,,,0,0,1,90,80,2,0,,0,0,1,2,,1,0,57,233,448,FINAL (ENTRADA MANUAL)
73,3,1,97,119,13,,,,0,0,1,73,94,6,1,,0,5,1,1,,5,0,49,235,533,FINAL (ENTRADA MANUAL)
73,3,2,114,117,5,,,,2,0,6,83,97,4,5,,0,4,4,0,,0,1,47,245,533,FINAL (ENTRADA MANUAL)
73,3,3,103,134,20,,,,1,0,6,83,101,12,4,,1,0,4,4,,2,0,55,266,533,FINAL (ENTRADA MANUAL)
73,3,4,102,122,18,,,,1,0,3,67,103,9,2,,1,2,8,6,,0,0,48,246,533,FINAL (ENTRADA MANUAL)
73,3,5,115,121,6,,,,3,0,1,80,106,3,0,,4,4,2,2,,1,0,45,247,532,FINAL (ENTRADA MANUAL)
73,4,1,123,105,14,,,,2,0,5,94,74,7,4,,3,4,1,2,,1,0,60,250,513,FINAL (ENTRADA MANUAL)
73,4,2,152,104,10,,,,3,0,2,120,85,7,2,,3,6,1,2,,1,0,45,272,513,FINAL (ENTRADA MANUAL)
73,5,1,136,88,13,,,,0,0,1,115,77,5,1,,0,3,4,2,,0,0,31,238,447,FINAL (ENTRADA MANUAL)
73,5,2,111,83,5,,,,0,0,3,80,69,0,2,,0,4,5,1,,1,0,41,203,447,FINAL (ENTRADA MANUAL)
73,5,3,110,111,1,,,,0,0,2,85,87,0,2,,0,1,1,1,,0,0,47,224,447,FINAL (ENTRADA MANUAL)
73,5,4,105,119,13,,,,1,0,1,83,108,8,1,,1,1,4,4,,1,0,29,240,447,FINAL (ENTRADA MANUAL)
73,6,1,163,122,14,,,,0,0,0,126,102,11,0,,1,5,4,3,,2,0,47,301,574,FINAL (ENTRADA MANUAL)
73,6,2,158,112,6,,,,1,0,4,129,87,4,2,,2,2,2,1,,3,1,52,285,574,FINAL (ENTRADA MANUAL)
73,6,3,181,106,4,,,,0,0,3,144,89,4,3,,3,2,2,2,,1,0,45,295,574,FINAL (ENTRADA MANUAL)
73,6,4,140,146,9,,,,1,0,4,104,128,5,4,,3,3,2,5,,0,0,46,300,574,FINAL (ENTRADA MANUAL)
73,6,5,142,128,10,,,,0,1,2,117,100,8,2,,2,3,3,2,,0,0,46,283,576,FINAL (ENTRADA MANUAL)
73,7,1,158,125,20,,,,0,0,5,134,111,11,3,,2,5,3,1,,1,0,38,309,555,FINAL (ENTRADA MANUAL)
73,7,2,139,151,21,,,,0,0,4,106,124,16,2,,0,8,7,2,,1,1,50,317,555,FINAL (ENTRADA MANUAL)
73,7,3,143,114,23,,,,0,0,3,102,87,15,2,,2,4,9,0,,2,0,62,285,554,FINAL (ENTRADA MANUAL)
73,8,1,114,112,12,,,,0,0,7,91,92,12,3,,4,2,1,4,,1,0,36,246,487,FINAL (ENTRADA MANUAL)
73,8,2,119,107,14,,,,0,0,3,90,93,8,1,,2,1,2,0,,2,0,46,245,487,FINAL (ENTRADA MANUAL)
73,8,3,111,110,17,,,,0,0,2,91,90,14,1,,2,2,2,1,,1,0,37,241,486,FINAL (ENTRADA MANUAL)
73,9,1,131,105,13,,,,0,0,1,101,80,7,1,,1,4,6,2,,1,0,48,251,531,FINAL (ENTRADA MANUAL)
73,9,2,127,105,22,,,,0,0,5,96,81,12,3,,6,2,3,5,,0,0,51,259,531,FINAL (ENTRADA MANUAL)
73,9,3,116,121,15,,,,1,0,3,87,105,10,2,,0,4,5,3,,1,0,40,257,531,FINAL (ENTRADA MANUAL)
73,9,4,116,117,14,,,,2,0,3,84,90,8,3,,1,6,3,2,,1,0,55,253,531,FINAL (ENTRADA MANUAL)
73,9,5,123,117,17,,,,1,0,6,92,86,10,5,,2,5,7,0,,0,0,57,264,531,FINAL (ENTRADA MANUAL)
73,9,6,147,102,14,,,,7,0,1,100,70,8,0,,2,7,4,3,,1,0,77,272,530,FINAL (ENTRADA MANUAL)
73,10,1,106,73,7,,,,0,0,2,86,55,4,2,,1,2,2,0,,0,0,36,188,437,FINAL (ENTRADA MANUAL)
73,10,2,125,83,10,,,,0,0,2,88,58,4,1,,4,6,8,6,,0,0,45,220,437,FINAL (ENTRADA MANUAL)
73,10,3,104,90,5,,,,0,0,2,97,76,5,1,,1,2,1,1,,0,0,17,201,438,FINAL (ENTRADA MANUAL)
73,11,1,137,74,6,,,,0,0,2,125,60,5,1,,3,5,2,1,,1,0,17,220,480,FINAL (ENTRADA MANUAL)
73,11,2,137,50,5,,,,0,0,2,118,40,3,2,,0,1,1,4,,1,0,25,195,480,FINAL (ENTRADA MANUAL)
73,11,3,133,58,4,,,,0,0,0,118,47,3,0,,0,2,2,0,,0,0,23,195,481,FINAL (ENTRADA MANUAL)
73,12,1,129,101,8,,,,0,0,1,100,84,7,0,,2,2,4,0,,0,0,40,239,500,FINAL (ENTRADA MANUAL)
73,12,2,143,105,9,,,,0,0,0,120,78,9,0,,2,1,4,1,,0,0,42,257,500,FINAL (ENTRADA MANUAL)
73,12,3,131,101,7,,,,0,0,1,108,75,6,1,,0,3,2,0,,0,0,45,240,500,FINAL (ENTRADA MANUAL)
73,12,4,139,97,7,,,,0,0,2,111,79,5,1,,5,2,2,2,,0,0,38,245,500,FINAL (ENTRADA MANUAL)
73,74,1,61,21,3,,,,0,0,0,56,19,3,0,,0,1,0,0,,1,0,6,86,0,FINAL (ENTRADA MANUAL)
73,74,2,59,11,3,,,,0,0,0,55,5,2,0,,0,0,0,0,,0,1,11,74,0,FINAL (ENTRADA MANUAL)
73,74,3,61,21,3,,,,0,0,0,56,19,3,0,,0,1,0,0,,1,0,6,86,0,FINAL (ENTRADA MANUAL)
73,74,4,52,24,2,,,,0,0,0,50,22,1,0,,1,1,1,0,,0,0,2,78,0,FINAL (ENTRADA MANUAL)
73,74,5,0,0,0,,,,0,0,0,0,0,0,0,,0,0,0,0,,0,0,0,0,0,FINAL (ENTRADA MANUAL)
73,75,1,9,6,1,,,,3,0,6,5,3,0,0,,0,1,1,1,,0,3,11,22,0,FINAL (ENTRADA MANUAL)
73,75,2,0,1,0,,,,0,0,0,0,0,0,0,,0,1,0,0,,0,0,0,1,0,FINAL (ENTRADA MANUAL)
73,77,1,763,637,25,,,,0,0,2,744,615,22,2,,6,18,6,0,,0,0,14,1427,0,FINAL (ENTRADA MANUAL)
73,77,2,417,389,13,,,,0,0,0,402,374,12,0,,5,18,2,0,,0,0,6,819,0,FINAL (ENTRADA MANUAL)
73,77,3,357,317,15,,,,0,4,0,72,32,3,2,,2,6,3,0,,10,5,575,710,0,FINAL (ENTRADA MANUAL)
73,77,5,0,0,0,,,,0,0,0,0,0,0,0,,0,0,0,0,,0,0,0,0,0,FINAL (ENTRADA MANUAL)
73,78,1,7,8,1,,,,0,0,0,7,6,0,0,,0,0,0,0,,0,4,3,20,0,FINAL (ENTRADA MANUAL)
73,78,2,0,0,0,,,,0,0,0,0,0,0,0,,0,0,0,0,,0,0,0,0,0,FINAL (ENTRADA MANUAL)
73,78,3,0,0,0,,,,0,0,0,0,0,0,0,,0,0,0,0,,0,0,0,0,0,FINAL (ENTRADA MANUAL)
73,79,1,1,0,0,,,,0,0,0,0,0,0,0,,0,0,0,0,,0,0,1,1,0,FINAL (ENTRADA MANUAL)
74,1,1,89,178,5,18,,,0,0,0,72,113,3,12,,0,10,2,0,,2,0,78,292,568,FINAL (ENTRADA MANUAL)
74,1,2,121,162,5,13,,,0,0,1,102,118,2,11,,1,5,0,0,,0,0,63,302,568,FINAL (ENTRADA MANUAL)
74,1,3,94,198,7,14,,,0,0,0,64,126,2,8,,1,7,2,5,,1,0,98,314,568,FINAL (ENTRADA MANUAL)
74,1,4,83,196,5,12,,,0,0,1,67,128,4,9,,2,8,4,4,,1,0,71,298,570,FINAL (ENTRADA MANUAL)
74,2,1,61,129,2,12,,,0,0,2,58,100,2,11,,1,0,0,0,,2,0,34,208,440,FINAL (ENTRADA MANUAL)
74,2,2,58,144,5,7,,,0,0,1,49,120,5,3,,0,0,0,2,,3,0,36,218,441,FINAL (ENTRADA MANUAL)
74,3,1,118,127,7,10,,,1,0,5,102,92,2,7,,5,1,4,2,,3,0,53,271,591,FINAL (ENTRADA MANUAL)
74,3,2,90,149,7,9,,,0,0,1,78,127,6,7,,4,2,0,2,,1,0,30,257,591,FINAL (ENTRADA MANUAL)
74,4,1,42,157,17,13,,,0,0,2,36,114,12,9,,0,1,2,3,,2,0,54,233,448,FINAL (ENTRADA MANUAL)
74,4,2,40,159,3,10,,,0,0,1,35,124,2,5,,0,2,0,1,,1,1,44,215,448,FINAL (ENTRADA MANUAL)
74,5,1,85,166,11,5,,,0,0,1,68,123,8,4,,8,7,1,4,,0,0,45,268,556,FINAL (ENTRADA MANUAL)
74,5,2,77,162,10,16,,,0,0,0,64,122,9,12,,1,4,2,1,,1,0,50,266,557,FINAL (ENTRADA MANUAL)
74,6,1,94,120,2,10,,,0,0,0,75,82,2,6,,1,3,5,2,,0,0,50,227,465,FINAL (ENTRADA MANUAL)
74,6,2,69,121,3,5,,,1,0,0,53,82,3,2,,1,5,2,1,,2,0,50,201,465,FINAL (ENTRADA MANUAL)
74,6,3,72,132,2,4,,,0,0,0,54,96,2,1,,0,1,1,0,,3,0,55,213,465,FINAL (ENTRADA MANUAL)
74,7,1,112,101,3,11,,,0,0,0,99,82,3,7,,3,2,1,2,,5,0,28,232,508,FINAL (ENTRADA MANUAL)
74,7,2,67,108,2,9,,,1,0,0,51,76,1,4,,0,0,1,0,,2,0,54,188,508,FINAL (ENTRADA MANUAL)
74,8,1,66,124,0,5,,,0,0,0,52,92,0,2,,0,3,1,2,,3,0,43,198,470,FINAL (ENTRADA MANUAL)
74,8,2,71,145,3,12,,,0,0,0,57,113,2,10,,1,1,0,0,,0,0,47,231,470,FINAL (ENTRADA MANUAL)
74,8,3,90,104,4,14,,,1,0,0,79,75,3,9,,3,1,0,0,,2,0,43,215,469,FINAL (ENTRADA MANUAL)
74,9,1,87,122,16,8,,,0,0,2,72,91,14,5,,2,6,1,1,,3,0,43,238,471,FINAL (ENTRADA MANUAL)
74,9,2,80,118,9,4,,,0,0,0,73,94,8,2,,0,1,2,1,,2,0,30,213,471,FINAL (ENTRADA MANUAL)
74,9,3,72,125,6,9,,,1,0,1,60,99,4,6,,0,3,3,0,,0,0,39,214,471,FINAL (ENTRADA MANUAL)
74,9,4,69,139,4,6,,,0,0,1,58,122,3,2,,2,1,1,1,,1,0,29,220,471,FINAL (ENTRADA MANUAL)
74,10,1,57,99,4,8,,,0,0,0,48,74,4,2,,5,6,1,3,,0,0,25,168,314,FINAL (ENTRADA MANUAL)
74,10,2,73,85,7,12,,,0,0,1,53,56,6,7,,0,3,2,2,,0,1,49,179,315,FINAL (ENTRADA MANUAL)
74,11,1,86,111,1,11,,,0,0,0,64,83,1,6,,2,3,1,1,,2,0,48,211,396,FINAL (ENTRADA MANUAL)
74,11,2,67,122,4,10,,,0,0,1,47,94,3,7,,2,8,0,1,,0,0,42,204,396,FINAL (ENTRADA MANUAL)
74,11,3,74,94,4,15,,,0,0,0,52,75,3,8,,1,3,1,4,,0,0,40,187,396,FINAL (ENTRADA MANUAL)
74,74,1,59,9,1,0,,,0,0,0,54,7,1,0,,1,0,0,0,,0,0,6,69,0,FINAL (ENTRADA MANUAL)
74,74,2,53,10,0,0,,,0,0,0,43,7,0,0,,4,0,0,0,,0,0,9,63,0,FINAL (ENTRADA MANUAL)
74,74,3,81,12,3,1,,,0,0,0,75,6,3,1,,1,0,0,0,,0,0,11,97,0,FINAL (ENTRADA MANUAL)
74,74,4,78,15,0,2,,,0,0,0,71,11,0,1,,1,0,0,0,,0,0,11,95,0,FINAL (ENTRADA MANUAL)
74,74,5,0,0,0,0,,,0,0,0,0,0,0,0,,0,0,0,0,,0,0,0,0,0,FINAL (ENTRADA MANUAL)
74,75,1,2,24,0,2,,,1,0,0,2,7,0,0,,0,2,0,3,,2,0,15,31,0,FINAL (ENTRADA MANUAL)
74,75,2,2,0,0,0,,,0,0,0,2,0,0,0,,0,0,0,0,,0,0,0,2,0,FINAL (ENTRADA MANUAL)
74,75,3,1,0,0,0,,,0,0,0,0,0,0,0,,0,0,0,0,,0,0,3,3,0,FINAL (ENTRADA MANUAL)
74,75,4,0,0,0,0,,,0,0,0,0,0,0,0,,0,0,0,0,,0,0,0,0,0,FINAL (ENTRADA MANUAL)
74,77,1,195,332,3,2,,,1,0,0,190,324,2,1,,3,12,0,0,,0,0,1,533,0,FINAL (ENTRADA MANUAL)
74,77,2,83,137,1,0,,,0,0,0,83,134,1,0,,0,2,0,0,,0,0,1,221,0,FINAL (ENTRADA MANUAL)
74,77,3,85,77,4,2,,,0,0,50,30,24,2,2,,1,3,0,0,,0,0,156,218,0,FINAL (ENTRADA MANUAL)
74,77,5,0,0,0,0,,,0,0,0,0,0,0,0,,0,0,0,0,,0,0,0,0,0,FINAL (ENTRADA MANUAL)
74,78,1,7,4,0,0,,,0,0,0,5,4,0,0,,1,0,1,0,,1,0,0,12,0,FINAL (ENTRADA MANUAL)
74,78,2,0,0,0,0,,,0,0,0,0,0,0,0,,0,0,0,0,,0,0,0,0,0,FINAL (ENTRADA MANUAL)
74,78,3,0,0,0,0,,,0,0,0,0,0,0,0,,0,0,0,0,,0,0,0,0,0,FINAL (ENTRADA MANUAL)
75,1,1,73,174,6,,,,0,0,3,61,119,4,,,3,3,1,,,4,0,65,260,589,FINAL (ENTRADA MANUAL)
75,1,2,81,194,17,,,,0,0,1,73,140,13,,,2,5,3,,,3,0,57,296,589,FINAL (ENTRADA MANUAL)
75,1,3,73,182,6,,,,1,0,1,56,135,4,,,5,6,0,,,2,0,57,265,589,FINAL (ENTRADA MANUAL)
75,1,4,74,149,10,,,,0,0,1,61,108,10,,,4,5,0,,,1,0,46,235,589,FINAL (ENTRADA MANUAL)
75,2,1,79,160,12,,,,1,0,2,67,101,11,,,5,8,4,,,2,0,58,256,417,FINAL (ENTRADA MANUAL)
75,2,2,70,169,17,,,,3,0,1,60,116,13,,,1,4,4,,,2,0,62,262,417,FINAL (ENTRADA MANUAL)
75,2,3,69,153,11,,,,2,0,0,53,106,10,,,5,3,1,,,6,0,57,241,418,FINAL (ENTRADA MANUAL)
75,3,1,43,199,2,,,,0,0,0,31,152,1,,,1,6,0,,,1,0,53,245,550,FINAL (ENTRADA MANUAL)
75,3,2,56,156,4,,,,0,0,2,48,117,3,,,0,0,0,,,0,0,50,218,550,FINAL (ENTRADA MANUAL)
75,3,3,48,176,6,,,,0,0,0,34,136,4,,,0,4,2,,,5,0,50,235,549,FINAL (ENTRADA MANUAL)
75,4,1,53,193,6,,,,0,0,2,40,132,5,,,2,6,1,,,0,0,68,254,612,FINAL (ENTRADA MANUAL)
75,4,2,52,166,4,,,,1,0,0,40,115,4,,,2,3,0,,,1,0,59,224,612,FINAL (ENTRADA MANUAL)
75,4,3,69,181,3,,,,1,1,1,59,130,2,,,3,5,0,,,2,0,57,258,612,FINAL (ENTRADA MANUAL)
75,4,4,56,174,2,,,,0,1,1,46,128,2,,,2,3,0,,,1,0,53,235,614,FINAL (ENTRADA MANUAL)
75,5,1,88,157,14,,,,0,0,4,70,106,8,,,4,2,2,,,1,0,71,264,591,FINAL (ENTRADA MANUAL)
75,5,2,87,189,15,,,,1,0,4,76,142,13,,,6,11,6,,,5,0,42,301,591,FINAL (ENTRADA MANUAL)
75,5,3,87,195,8,,,,0,0,0,63,139,6,,,2,7,3,,,2,0,70,292,591,FINAL (ENTRADA MANUAL)
75,5,4,76,170,11,,,,0,1,1,57,118,9,,,2,8,4,,,1,1,61,261,591,FINAL (ENTRADA MANUAL)
75,5,5,75,159,11,,,,0,1,4,59,105,11,,,1,6,0,,,3,0,68,253,592,FINAL (ENTRADA MANUAL)
75,6,1,77,184,12,,,,0,0,5,59,108,8,,,4,2,4,,,5,0,93,283,577,FINAL (ENTRADA MANUAL)
75,6,2,68,159,17,,,,2,0,0,53,115,16,,,3,2,2,,,3,0,55,249,577,FINAL (ENTRADA MANUAL)
75,6,3,86,155,4,,,,2,0,3,57,96,3,,,2,4,1,,,1,0,87,251,578,FINAL (ENTRADA MANUAL)
75,7,1,59,169,3,,,,1,0,3,45,135,2,,,2,3,1,,,2,0,47,237,495,FINAL (ENTRADA MANUAL)
75,7,2,55,156,6,,,,1,0,4,42,110,5,,,4,3,2,,,2,1,56,225,495,FINAL (ENTRADA MANUAL)
75,7,3,61,146,13,,,,2,0,0,53,103,8,,,0,6,0,,,1,0,52,223,495,FINAL (ENTRADA MANUAL)
75,7,4,67,164,6,,,,1,0,1,54,133,6,,,2,2,0,,,1,0,42,240,496,FINAL (ENTRADA MANUAL)
75,74,1,37,20,2,,,,0,0,2,28,11,2,,,0,2,1,,,0,0,17,61,0,FINAL (ENTRADA MANUAL)
75,74,2,39,32,1,,,,0,0,0,34,19,1,,,0,1,0,,,1,0,17,73,0,FINAL (ENTRADA MANUAL)
75,74,3,42,27,1,,,,0,0,1,31,10,1,,,3,1,0,,,0,0,25,71,0,FINAL (ENTRADA MANUAL)
75,75,1,4,7,0,,,,7,0,1,2,1,0,,,0,0,0,,,1,0,16,20,0,FINAL (ENTRADA MANUAL)
75,77,1,208,439,6,,,,0,0,0,204,422,6,,,9,4,1,,,0,0,7,653,0,FINAL (ENTRADA MANUAL)
75,77,2,34,67,0,,,,0,0,0,34,65,0,,,0,1,0,,,0,0,1,101,0,FINAL (ENTRADA MANUAL)
75,77,3,47,136,2,,,,0,0,24,15,43,1,,,1,2,0,,,2,1,114,178,0,FINAL (ENTRADA MANUAL)
75,77,5,0,0,0,,,,0,0,0,0,0,0,,,0,0,0,,,0,0,0,0,0,FINAL (ENTRADA MANUAL)
75,78,1,6,4,0,,,,0,0,0,5,0,0,,,0,0,0,,,1,0,5,13,0,FINAL (ENTRADA MANUAL)
75,78,2,0,0,0,,,,0,0,0,0,0,0,,,0,0,0,,,0,0,0,0,0,FINAL (ENTRADA MANUAL)
75,78,3,0,0,0,,,,0,0,0,0,0,0,,,0,0,0,,,0,0,0,0,0,FINAL (ENTRADA MANUAL)
76,1,1,104,121,15,,,,0,0,9,78,69,12,7,,4,2,3,1,,0,0,73,249,486,FINAL (ENTRADA MANUAL)
76,1,2,97,144,15,,,,2,0,6,76,75,10,3,,2,5,2,3,,2,0,88,266,486,FINAL (ENTRADA MANUAL)
76,1,3,76,143,12,,,,0,0,8,57,86,10,8,,5,4,1,5,,0,0,63,239,486,FINAL (ENTRADA MANUAL)
76,1,4,96,136,15,,,,4,1,5,79,78,10,4,,7,0,4,6,,4,0,69,261,488,FINAL (ENTRADA MANUAL)
76,2,1,73,163,9,,,,1,0,2,53,108,6,2,,2,4,3,6,,4,0,64,252,534,FINAL (ENTRADA MANUAL)
76,2,2,88,132,13,,,,0,0,3,77,105,11,1,,3,0,1,1,,6,0,37,242,534,FINAL (ENTRADA MANUAL)
76,2,3,98,146,15,,,,1,0,3,78,85,12,3,,7,8,3,6,,0,1,61,264,534,FINAL (ENTRADA MANUAL)
76,2,4,77,139,7,,,,0,0,4,57,87,7,0,,8,7,2,1,,3,0,58,230,534,FINAL (ENTRADA MANUAL)
76,2,5,86,161,15,,,,0,0,4,64,106,9,1,,3,4,1,1,,2,0,77,268,533,FINAL (ENTRADA MANUAL)
76,3,1,100,154,23,,,,5,0,6,79,98,17,6,,5,7,5,2,,1,1,69,290,562,FINAL (ENTRADA MANUAL)
76,3,2,81,172,26,,,,0,0,10,63,112,14,9,,5,1,4,6,,3,0,75,292,562,FINAL (ENTRADA MANUAL)
76,3,3,94,155,29,,,,0,0,12,67,98,21,10,,3,4,2,3,,4,0,82,294,562,FINAL (ENTRADA MANUAL)
76,4,1,88,119,14,,,,0,0,7,70,85,6,4,,3,2,2,3,,0,0,53,228,448,FINAL (ENTRADA MANUAL)
76,4,2,77,108,32,,,,1,0,11,58,76,22,8,,6,2,1,3,,2,0,53,231,448,FINAL (ENTRADA MANUAL)
76,5,1,65,101,8,,,,0,0,7,42,56,5,4,,1,1,2,3,,5,1,67,187,410,FINAL (ENTRADA MANUAL)
76,5,2,64,98,15,,,,1,0,3,54,60,10,3,,3,5,2,0,,0,0,44,181,409,FINAL (ENTRADA MANUAL)
76,6,1,103,130,24,,,,0,0,6,67,92,17,4,,4,7,10,3,,3,0,59,266,472,FINAL (ENTRADA MANUAL)
76,6,2,95,121,32,,,,2,0,5,66,76,21,5,,5,7,7,6,,1,0,62,256,472,FINAL (ENTRADA MANUAL)
76,6,3,113,126,32,,,,1,0,1,68,70,24,1,,6,6,9,6,,2,0,83,275,472,FINAL (ENTRADA MANUAL)
76,6,4,109,137,19,,,,2,0,3,63,86,11,2,,4,15,16,3,,3,0,70,273,472,FINAL (ENTRADA MANUAL)
76,6,5,102,108,32,,,,0,0,10,67,63,17,8,,9,5,8,3,,0,0,72,252,471,FINAL (ENTRADA MANUAL)
76,7,1,100,161,15,,,,0,0,4,83,107,9,2,,2,7,4,1,,2,0,65,282,607,FINAL (ENTRADA MANUAL)
76,7,2,77,182,20,,,,0,0,3,51,108,15,3,,4,6,7,1,,2,0,87,284,607,FINAL (ENTRADA MANUAL)
76,7,3,92,166,10,,,,1,0,5,72,108,8,3,,7,7,2,2,,4,0,65,278,607,FINAL (ENTRADA MANUAL)
76,7,4,74,156,16,,,,1,0,4,57,104,11,3,,4,9,4,2,,3,0,57,254,607,FINAL (ENTRADA MANUAL)
76,7,5,85,160,22,,,,0,0,0,65,113,14,0,,4,3,6,3,,1,0,59,268,606,FINAL (ENTRADA MANUAL)
76,8,1,136,100,21,,,,1,0,8,97,55,15,5,,1,2,2,1,,6,0,88,272,565,FINAL (ENTRADA MANUAL)
76,8,2,124,121,33,,,,0,0,11,83,70,19,7,,6,5,3,1,,4,0,95,293,565,FINAL (ENTRADA MANUAL)
76,8,3,134,124,25,,,,1,0,9,87,78,16,6,,4,2,2,3,,7,0,95,300,565,FINAL (ENTRADA MANUAL)
76,9,1,93,164,27,,,,0,1,8,66,97,12,6,,4,9,11,5,,3,0,83,296,564,FINAL (ENTRADA MANUAL)
76,9,2,85,168,27,,,,1,0,4,62,96,11,4,,1,18,6,4,,0,0,83,285,564,FINAL (ENTRADA MANUAL)
76,9,3,94,136,31,,,,1,0,6,63,68,22,5,,6,10,4,1,,2,0,89,270,564,FINAL (ENTRADA MANUAL)
76,9,4,77,141,22,,,,4,0,4,55,88,13,4,,9,11,6,1,,1,0,61,249,564,FINAL (ENTRADA MANUAL)
76,9,5,100,146,23,,,,2,0,6,79,77,17,5,,9,18,3,1,,1,0,68,278,566,FINAL (ENTRADA MANUAL)
76,10,1,75,150,16,,,,1,1,4,59,74,7,2,,6,4,5,2,,4,0,88,251,422,FINAL (ENTRADA MANUAL)
76,10,2,69,141,6,,,,2,0,5,53,82,4,4,,3,6,3,5,,1,0,63,224,422,FINAL (ENTRADA MANUAL)
76,11,1,108,114,16,,,,0,0,4,85,74,12,3,,5,3,2,1,,2,0,57,244,424,FINAL (ENTRADA MANUAL)
76,11,2,66,107,12,,,,0,0,1,52,51,11,1,,2,3,4,1,,0,0,61,186,424,FINAL (ENTRADA MANUAL)
76,11,3,55,124,17,,,,0,0,3,38,75,13,3,,4,4,1,0,,1,0,61,200,425,FINAL (ENTRADA MANUAL)
76,12,1,101,194,12,,,,0,0,8,74,131,9,2,,2,14,4,3,,0,0,76,315,619,FINAL (ENTRADA MANUAL)
76,12,2,106,162,21,,,,1,0,2,77,113,16,0,,8,8,2,4,,1,0,64,293,619,FINAL (ENTRADA MANUAL)
76,12,3,106,155,19,,,,2,0,5,81,98,16,4,,3,9,8,2,,3,0,66,290,620,FINAL (ENTRADA MANUAL)
76,13,1,66,113,6,,,,1,0,5,45,77,3,3,,1,1,0,2,,1,0,59,192,340,FINAL (ENTRADA MANUAL)
76,13,2,57,130,12,,,,0,0,4,40,85,8,1,,1,6,1,0,,1,0,61,204,339,FINAL (ENTRADA MANUAL)
76,14,1,94,111,8,,,,1,1,2,76,66,3,1,,2,5,2,0,,2,0,62,219,445,FINAL (ENTRADA MANUAL)
76,14,2,109,98,12,,,,1,0,2,93,68,8,2,,4,3,2,5,,1,0,37,223,445,FINAL (ENTRADA MANUAL)
76,14,3,92,115,8,,,,2,0,4,75,69,6,2,,2,7,3,1,,2,0,56,223,446,FINAL (ENTRADA MANUAL)
76,15,1,84,146,13,,,,1,0,2,70,96,7,1,,5,12,3,3,,1,1,49,248,451,FINAL (ENTRADA MANUAL)
76,15,2,64,165,10,,,,2,0,2,44,106,3,1,,2,5,1,0,,2,0,81,245,451,FINAL (ENTRADA MANUAL)
76,16,1,72,164,21,,,,0,0,3,53,105,13,3,,7,11,5,3,,1,0,60,261,551,FINAL (ENTRADA MANUAL)
76,16,2,76,143,11,,,,1,0,4,55,73,7,3,,8,5,3,0,,2,0,81,237,551,FINAL (ENTRADA MANUAL)
76,16,3,96,137,10,,,,0,0,3,65,75,5,1,,1,3,4,1,,2,1,91,249,551,FINAL (ENTRADA MANUAL)
76,16,4,105,155,14,,,,2,0,7,74,88,7,2,,4,9,0,4,,4,0,95,287,551,FINAL (ENTRADA MANUAL)
76,16,5,73,149,20,,,,0,0,4,43,81,11,3,,9,7,6,6,,0,0,80,246,551,FINAL (ENTRADA MANUAL)
76,17,1,135,137,32,,,,0,1,9,112,93,18,6,,4,2,4,2,,3,1,73,318,625,FINAL (ENTRADA MANUAL)
76,18,1,41,89,16,,,,1,0,6,34,57,11,3,,2,0,1,1,,0,0,44,153,307,FINAL (ENTRADA MANUAL)
76,18,2,33,106,12,,,,1,0,8,24,78,8,5,,2,1,3,1,,0,0,38,160,307,FINAL (ENTRADA MANUAL)
76,74,1,26,58,0,,,,0,0,0,21,51,0,0,,0,1,0,1,,0,0,10,84,0,FINAL (ENTRADA MANUAL)
76,74,2,30,44,7,,,,0,0,0,29,38,7,0,,1,0,1,0,,1,0,5,82,0,FINAL (ENTRADA MANUAL)
76,74,3,0,0,0,,,,0,0,0,0,0,0,0,,0,0,0,0,,0,0,0,0,0,FINAL (ENTRADA MANUAL)
76,75,1,0,0,0,,,,0,0,0,0,0,0,0,,0,0,0,0,,0,0,0,0,0,FINAL (ENTRADA MANUAL)
76,75,2,31,36,6,,,,19,1,3,20,17,3,2,,5,0,0,2,,1,1,47,98,0,FINAL (ENTRADA MANUAL)
76,75,3,22,21,2,,,,0,0,2,2,5,0,0,,0,0,0,0,,0,0,40,47,0,FINAL (ENTRADA MANUAL)
76,77,1,306,329,49,,,,2,0,5,292,300,46,5,,8,12,9,0,,0,0,19,691,0,FINAL (ENTRADA MANUAL)
76,77,2,58,134,5,,,,0,0,1,57,126,5,1,,1,4,0,0,,0,0,4,198,0,FINAL (ENTRADA MANUAL)
76,77,3,139,132,28,,,,6,0,7,53,48,16,1,,7,0,0,2,,11,0,182,330,0,FINAL (ENTRADA MANUAL)
76,77,5,0,0,0,,,,0,0,0,0,0,0,0,,0,0,0,0,,0,0,0,0,0,FINAL (ENTRADA MANUAL)
76,78,1,8,13,1,,,,0,0,90,6,7,0,0,,0,0,0,0,,0,8,9,30,0,FINAL (ENTRADA MANUAL)
76,78,2,0,0,0,,,,0,0,0,0,0,0,0,,0,0,0,0,,0,0,0,0,0,FINAL (ENTRADA MANUAL)
76,78,3,0,0,0,,,,0,0,0,0,0,0,0,,0,0,0,0,,0,0,0,0,0,FINAL (ENTRADA MANUAL)
77,1,1,43,200,11,,,,0,0,6,34,123,6,4,,4,2,3,1,,2,0,83,262,548,FINAL (ENTRADA MANUAL)
77,1,2,41,224,14,,,,0,0,3,35,145,9,3,,3,2,2,0,,1,0,83,283,547,FINAL (ENTRADA MANUAL)
77,2,1,32,170,11,,,,5,2,4,24,96,9,3,,4,6,3,4,,3,0,75,227,446,FINAL (ENTRADA MANUAL)
77,2,2,28,155,7,,,,0,0,4,24,108,6,3,,2,3,2,3,,2,0,43,196,446,FINAL (ENTRADA MANUAL)
77,2,3,26,158,10,,,,0,0,1,23,92,8,1,,2,0,2,4,,1,0,63,196,446,FINAL (ENTRADA MANUAL)
77,3,1,33,170,5,,,,0,0,5,28,117,4,3,,6,5,2,2,,1,0,46,214,543,FINAL (ENTRADA MANUAL)
77,3,2,48,168,12,,,,0,0,4,41,95,8,2,,2,4,1,4,,5,1,75,238,543,FINAL (ENTRADA MANUAL)
77,3,3,37,165,2,,,,0,0,3,30,125,2,1,,1,4,0,2,,0,0,42,207,543,FINAL (ENTRADA MANUAL)
77,3,4,39,162,9,,,,0,0,4,35,103,7,2,,1,2,3,4,,3,0,57,217,544,FINAL (ENTRADA MANUAL)
77,4,1,43,155,17,,,,0,1,10,36,93,14,6,,5,5,0,1,,3,0,66,229,499,FINAL (ENTRADA MANUAL)
77,4,2,53,168,10,,,,0,0,6,49,110,7,5,,4,4,2,0,,1,0,56,238,499,FINAL (ENTRADA MANUAL)
77,4,3,36,134,15,,,,0,1,4,30,64,10,4,,4,8,3,1,,0,0,66,190,498,FINAL (ENTRADA MANUAL)
77,5,1,32,180,15,,,,0,0,5,27,131,11,2,,5,2,1,1,,3,0,52,235,541,FINAL (ENTRADA MANUAL)
77,5,2,31,172,18,,,,0,0,5,27,116,10,3,,2,5,4,4,,3,0,55,229,541,FINAL (ENTRADA MANUAL)
77,5,3,34,177,8,,,,0,0,6,31,126,3,5,,5,5,1,1,,3,0,48,228,542,FINAL (ENTRADA MANUAL)
77,6,1,41,185,29,,,,0,0,4,36,122,16,2,,3,5,6,5,,2,0,64,261,578,FINAL (ENTRADA MANUAL)
77,6,2,56,208,21,,,,0,0,8,50,145,11,7,,9,4,3,2,,2,0,62,295,578,FINAL (ENTRADA MANUAL)
77,6,3,44,211,19,,,,1,0,5,33,118,13,2,,4,5,5,5,,0,0,95,280,579,FINAL (ENTRADA MANUAL)
77,7,1,34,133,3,,,,0,0,2,32,81,1,1,,1,2,2,0,,1,0,52,173,337,FINAL (ENTRADA MANUAL)
77,7,2,21,123,6,,,,0,0,1,20,89,6,1,,0,7,1,0,,1,0,27,152,337,FINAL (ENTRADA MANUAL)
77,8,1,39,225,20,,,,0,1,3,30,141,12,3,,3,1,6,3,,2,0,89,290,574,FINAL (ENTRADA MANUAL)
77,8,2,38,233,10,,,,1,0,5,33,140,6,4,,1,10,6,5,,2,0,82,289,574,FINAL (ENTRADA MANUAL)
77,8,3,49,228,8,,,,1,0,6,40,147,8,4,,3,6,2,1,,3,1,81,296,574,FINAL (ENTRADA MANUAL)
77,8,4,38,212,12,,,,1,0,7,31,129,10,5,,2,4,1,1,,0,1,87,271,574,FINAL (ENTRADA MANUAL)
77,8,5,31,233,7,,,,0,0,3,19,137,7,3,,4,8,2,5,,2,0,89,276,573,FINAL (ENTRADA MANUAL)
77,9,1,42,202,9,,,,3,0,8,40,138,7,5,,3,7,2,1,,2,0,61,266,528,FINAL (ENTRADA MANUAL)
77,9,2,24,181,10,,,,0,0,10,20,116,5,7,,1,4,2,3,,1,0,67,226,528,FINAL (ENTRADA MANUAL)
77,9,3,30,197,5,,,,0,0,5,24,126,4,2,,2,5,2,4,,0,0,68,237,528,FINAL (ENTRADA MANUAL)
77,9,4,42,185,12,,,,0,0,7,32,123,11,6,,2,7,2,1,,2,0,62,248,528,FINAL (ENTRADA MANUAL)
77,9,5,21,202,4,,,,2,0,7,16,145,3,3,,0,7,0,1,,2,0,61,238,527,FINAL (ENTRADA MANUAL)
77,10,1,16,212,17,,,,0,1,6,15,149,13,2,,1,2,3,1,,4,0,66,256,543,FINAL (ENTRADA MANUAL)
77,10,2,29,192,12,,,,0,0,4,26,136,10,4,,0,6,0,2,,1,0,53,238,543,FINAL (ENTRADA MANUAL)
77,10,3,23,206,8,,,,2,0,3,17,123,7,1,,2,4,3,3,,2,0,82,244,544,FINAL (ENTRADA MANUAL)
77,11,1,29,221,19,,,,0,0,7,26,137,12,5,,8,6,8,3,,2,1,71,279,496,FINAL (ENTRADA MANUAL)
77,11,2,33,205,12,,,,0,0,3,24,123,7,2,,5,4,1,9,,1,0,78,254,496,FINAL (ENTRADA MANUAL)
77,11,3,28,201,17,,,,0,1,5,23,125,9,3,,3,6,1,3,,1,0,79,253,497,FINAL (ENTRADA MANUAL)
77,12,1,35,199,18,,,,0,0,7,30,126,13,4,,4,10,3,5,,4,0,64,263,511,FINAL (ENTRADA MANUAL)
77,12,2,45,183,28,,,,2,0,6,42,99,15,4,,6,5,6,5,,2,0,82,266,511,FINAL (ENTRADA MANUAL)
77,12,3,38,201,13,,,,0,0,0,32,120,10,0,,7,2,4,3,,0,1,74,253,511,FINAL (ENTRADA MANUAL)
77,12,4,44,171,20,,,,0,0,3,36,107,13,1,,0,11,5,1,,0,0,64,238,511,FINAL (ENTRADA MANUAL)
77,13,1,33,211,10,,,,0,0,12,26,121,8,6,,3,8,2,2,,3,1,90,270,628,FINAL (ENTRADA MANUAL)
77,13,2,39,226,14,,,,0,1,4,35,142,5,1,,2,6,3,7,,4,0,83,288,628,FINAL (ENTRADA MANUAL)
77,14,1,32,197,26,,,,2,0,6,28,132,13,3,,0,4,3,4,,3,0,76,266,564,FINAL (ENTRADA MANUAL)
77,14,2,39,203,19,,,,1,1,3,36,107,13,2,,5,3,4,4,,1,0,92,267,564,FINAL (ENTRADA MANUAL)
77,14,3,28,204,8,,,,1,0,4,25,133,5,1,,5,6,4,4,,0,0,62,245,565,FINAL (ENTRADA MANUAL)
77,15,1,27,212,13,,,,0,0,2,24,135,12,1,,4,6,2,1,,0,0,69,254,462,FINAL (ENTRADA MANUAL)
77,15,2,23,185,23,,,,0,0,9,20,114,16,9,,6,8,3,2,,0,0,62,240,462,FINAL (ENTRADA MANUAL)
77,15,3,20,182,12,,,,0,0,7,14,103,9,4,,4,3,5,4,,2,0,75,223,462,FINAL (ENTRADA MANUAL)
77,15,4,25,168,11,,,,0,0,4,18,99,8,2,,1,2,2,1,,0,0,75,208,460,FINAL (ENTRADA MANUAL)
77,16,1,39,182,23,,,,2,0,9,33,110,13,7,,1,2,4,4,,1,2,81,258,449,FINAL (ENTRADA MANUAL)
77,16,2,46,175,21,,,,0,0,6,43,79,13,6,,2,4,4,3,,1,0,94,249,449,FINAL (ENTRADA MANUAL)
77,16,3,32,188,18,,,,1,0,5,29,109,14,4,,2,11,3,5,,2,0,67,246,449,FINAL (ENTRADA MANUAL)
77,17,1,41,211,20,,,,0,0,8,36,142,13,6,,8,8,3,9,,1,0,55,281,534,FINAL (ENTRADA MANUAL)
77,17,2,50,217,18,,,,0,0,9,46,136,8,7,,2,4,2,8,,4,1,81,299,533,FINAL (ENTRADA MANUAL)
77,18,1,36,119,5,,,,0,0,1,36,86,5,1,,4,1,0,1,,3,0,27,164,351,FINAL (ENTRADA MANUAL)
77,19,1,41,125,4,,,,1,0,1,35,58,3,1,,3,0,1,0,,4,0,71,176,403,FINAL (ENTRADA MANUAL)
77,20,1,25,131,11,,,,0,0,3,24,99,9,1,,1,2,2,1,,2,0,31,172,335,FINAL (ENTRADA MANUAL)
77,21,1,12,159,4,,,,0,0,5,9,118,3,2,,0,1,1,0,,2,0,46,182,370,FINAL (ENTRADA MANUAL)
77,22,1,63,175,15,,,,0,0,4,50,113,12,4,,3,5,3,2,,2,0,65,259,503,FINAL (ENTRADA MANUAL)
77,22,2,30,180,12,,,,0,0,4,23,108,10,4,,2,7,1,2,,0,1,69,227,503,FINAL (ENTRADA MANUAL)
77,22,3,31,180,12,,,,0,0,5,25,117,8,2,,3,5,2,0,,1,0,66,229,504,FINAL (ENTRADA MANUAL)
77,74,1,34,28,4,,,,0,0,1,31,19,3,1,,1,0,0,0,,1,0,12,68,0,FINAL (ENTRADA MANUAL)
77,74,2,30,28,3,,,,0,0,2,25,19,2,0,,3,0,0,0,,1,0,14,64,0,FINAL (ENTRADA MANUAL)
77,74,3,26,39,5,,,,0,0,1,25,25,4,0,,0,0,1,1,,1,0,15,72,0,FINAL (ENTRADA MANUAL)
77,74,4,34,37,1,,,,0,0,1,31,22,0,0,,1,1,2,1,,0,0,15,73,0,FINAL (ENTRADA MANUAL)
77,74,5,0,0,0,,,,0,0,0,0,0,0,0,,0,0,0,0,,0,0,0,0,0,FINAL (ENTRADA MANUAL)
77,75,1,11,52,1,,,,5,0,1,3,15,0,0,,0,1,0,5,,2,1,46,73,0,FINAL (ENTRADA MANUAL)
77,75,2,0,0,0,,,,0,0,0,0,0,0,0,,0,0,0,0,,0,0,0,0,0,FINAL (ENTRADA MANUAL)
77,75,3,0,0,0,,,,0,0,0,0,0,0,0,,0,0,0,0,,0,0,0,0,0,FINAL (ENTRADA MANUAL)
77,77,1,175,538,40,,,,0,0,3,169,504,34,3,,7,8,4,1,,0,0,26,756,0,FINAL (ENTRADA MANUAL)
77,77,2,22,21,3,,,,0,0,1,22,19,3,1,,0,0,0,0,,0,0,2,47,0,FINAL (ENTRADA MANUAL)
77,77,3,49,296,37,,,,0,2,17,15,60,10,3,,25,13,4,2,,12,2,255,401,0,FINAL (ENTRADA MANUAL)
77,77,5,0,0,0,,,,0,0,0,0,0,0,0,,0,0,0,0,,0,0,0,0,0,FINAL (ENTRADA MANUAL)
77,78,1,4,21,1,,,,0,0,6,3,11,1,0,,0,1,0,0,,1,3,13,33,0,FINAL (ENTRADA MANUAL)
77,78,2,0,0,0,,,,0,0,0,0,0,0,0,,0,0,0,0,,0,0,0,0,0,FINAL (ENTRADA MANUAL)
77,78,3,0,0,0,,,,0,0,0,0,0,0,0,,0,0,0,0,,0,0,0,0,0,FINAL (ENTRADA MANUAL)
78,1,1,68,150,22,,,,2,0,0,53,97,16,,,4,6,1,,,1,0,65,243,546,FINAL (ENTRADA MANUAL)
78,1,2,62,162,10,,,,2,0,0,48,121,7,,,2,6,1,,,1,0,51,237,546,FINAL (ENTRADA MANUAL)
78,1,3,71,147,19,,,,0,0,0,58,110,12,,,0,0,2,,,2,0,55,239,546,FINAL (ENTRADA MANUAL)
78,1,4,64,135,19,,,,0,0,0,53,94,10,,,2,2,0,,,2,0,57,220,546,FINAL (ENTRADA MANUAL)
78,1,5,65,143,19,,,,0,0,0,45,106,17,,,0,4,0,,,0,0,55,227,546,FINAL (ENTRADA MANUAL)
78,2,1,53,138,14,,,,0,1,0,46,87,12,,,3,4,2,,,0,0,52,206,590,FINAL (ENTRADA MANUAL)
78,2,2,56,124,16,,,,0,1,0,44,85,9,,,3,4,0,,,2,0,52,199,590,FINAL (ENTRADA MANUAL)
78,3,1,68,177,30,,,,0,0,1,49,117,22,,,7,2,2,,,1,0,77,277,481,FINAL (ENTRADA MANUAL)
78,3,2,37,128,22,,,,1,0,0,25,88,17,,,1,4,0,,,3,0,53,191,481,FINAL (ENTRADA MANUAL)
78,3,3,62,187,24,,,,0,0,0,47,117,17,,,3,3,3,,,0,0,83,273,481,FINAL (ENTRADA MANUAL)
78,4,1,63,196,19,,,,3,0,0,52,145,19,,,2,3,2,,,0,0,58,281,594,FINAL (ENTRADA MANUAL)
78,4,2,45,178,18,,,,0,0,1,36,110,11,,,2,0,1,,,4,0,82,246,594,FINAL (ENTRADA MANUAL)
78,4,3,50,185,8,,,,0,0,0,37,137,6,,,0,0,0,,,1,0,63,244,594,FINAL (ENTRADA MANUAL)
78,4,4,75,153,12,,,,0,0,2,66,105,9,,,0,4,0,,,0,0,58,242,594,FINAL (ENTRADA MANUAL)
78,4,5,46,159,12,,,,0,0,0,37,106,8,,,1,4,1,,,2,0,60,219,594,FINAL (ENTRADA MANUAL)
78,4,6,70,149,16,,,,0,0,1,57,93,12,,,3,0,4,,,1,0,67,237,594,FINAL (ENTRADA MANUAL)
78,5,1,52,159,8,,,,1,0,0,37,119,3,,,2,4,0,,,1,0,55,221,472,FINAL (ENTRADA MANUAL)
78,6,1,60,164,12,,,,0,0,1,43,117,8,,,1,0,1,,,0,0,67,237,520,FINAL (ENTRADA MANUAL)
78,6,2,37,158,6,,,,0,0,1,24,113,4,,,4,1,2,,,0,0,54,202,520,FINAL (ENTRADA MANUAL)
78,6,3,45,134,12,,,,0,0,2,38,92,9,,,5,1,0,,,1,0,48,194,520,FINAL (ENTRADA MANUAL)
78,6,4,53,187,10,,,,0,1,0,39,165,8,,,5,1,0,,,0,0,33,251,520,FINAL (ENTRADA MANUAL)
78,7,1,61,130,18,,,,0,0,0,54,111,12,,,0,0,3,,,1,0,29,210,510,FINAL (ENTRADA MANUAL)
78,7,2,50,141,11,,,,0,0,0,34,105,8,,,3,2,2,,,1,0,48,203,511,FINAL (ENTRADA MANUAL)
78,8,1,59,210,10,,,,0,0,0,45,174,7,,,7,1,0,,,1,0,45,280,546,FINAL (ENTRADA MANUAL)
78,8,2,50,181,16,,,,1,0,1,42,148,13,,,1,1,2,,,1,0,42,250,546,FINAL (ENTRADA MANUAL)
78,9,1,83,146,25,,,,0,0,0,69,94,15,,,2,4,1,,,3,0,69,257,595,FINAL (ENTRADA MANUAL)
78,9,2,73,151,20,,,,0,0,0,54,89,10,,,2,2,1,,,2,0,86,246,595,FINAL (ENTRADA MANUAL)
78,9,3,70,141,23,,,,0,0,1,51,93,14,,,1,6,4,,,0,0,66,235,595,FINAL (ENTRADA MANUAL)
78,10,1,57,71,12,,,,0,0,0,53,60,10,,,2,1,1,,,0,0,13,140,392,FINAL (ENTRADA MANUAL)
78,10,2,61,56,6,,,,0,0,0,44,34,4,,,0,0,0,,,2,0,41,125,392,FINAL (ENTRADA MANUAL)
78,11,1,74,74,7,,,,0,0,0,63,51,4,,,0,1,0,,,0,0,36,155,352,FINAL (ENTRADA MANUAL)
78,11,2,56,51,9,,,,0,1,0,40,23,6,,,1,3,1,,,0,0,43,117,352,FINAL (ENTRADA MANUAL)
78,11,3,51,51,3,,,,0,0,1,44,31,3,,,0,2,2,,,0,0,24,106,351,FINAL (ENTRADA MANUAL)
78,12,1,53,109,7,,,,0,0,0,40,71,4,,,0,0,1,,,0,0,53,169,452,FINAL (ENTRADA MANUAL)
78,74,1,41,84,7,,,,0,0,0,35,70,6,,,1,0,0,,,0,0,20,132,0,FINAL (ENTRADA MANUAL)
78,74,2,40,64,7,,,,0,0,2,37,60,5,,,1,0,1,,,0,0,9,113,0,FINAL (ENTRADA MANUAL)
78,74,3,7,57,2,,,,0,0,0,6,42,2,,,3,0,0,,,0,0,13,66,0,FINAL (ENTRADA MANUAL)
78,75,1,0,1,0,,,,0,0,0,0,1,0,,,0,0,0,,,0,0,0,1,0,FINAL (ENTRADA MANUAL)
78,75,2,1,0,0,,,,0,0,0,1,0,0,,,0,0,0,,,0,0,0,1,0,FINAL (ENTRADA MANUAL)
78,75,3,0,0,0,,,,0,0,0,0,0,0,,,0,0,0,,,0,0,0,0,0,FINAL (ENTRADA MANUAL)
78,75,4,17,52,2,,,,0,0,0,14,21,2,,,0,0,0,,,0,0,34,71,0,FINAL (ENTRADA MANUAL)
78,77,1,230,326,18,,,,0,0,0,219,296,15,,,16,3,0,,,0,0,25,574,0,FINAL (ENTRADA MANUAL)
78,77,2,0,0,0,,,,0,0,0,0,0,0,,,0,0,0,,,0,0,0,0,0,FINAL (ENTRADA MANUAL)
78,77,3,150,293,15,,,,0,3,10,96,175,4,,,2,0,1,,,6,3,184,471,0,FINAL (ENTRADA MANUAL)
78,77,5,0,0,0,,,,0,0,0,0,0,0,,,0,0,0,,,0,0,0,0,0,FINAL (ENTRADA MANUAL)
78,78,1,21,40,5,,,,0,0,1,17,27,3,,,1,0,0,,,1,0,19,68,0,FINAL (ENTRADA MANUAL)
78,78,2,0,0,0,,,,0,0,0,0,0,0,,,0,0,0,,,0,0,0,0,0,FINAL (ENTRADA MANUAL)
78,78,3,0,0,0,,,,0,0,0,0,0,0,,,0,0,0,,,0,0,0,0,0,FINAL (ENTRADA MANUAL)
79,1,1,77,102,4,,,,0,0,3,61,72,3,1,,2,1,1,0,,5,0,45,191,354,FINAL (ENTRADA MANUAL)
79,1,2,70,95,4,,,,0,0,3,61,80,3,2,,0,0,2,0,,0,1,24,173,355,FINAL (ENTRADA MANUAL)
79,2,1,96,106,10,,,,1,0,4,66,71,5,3,,4,4,2,1,,4,0,61,221,423,FINAL (ENTRADA MANUAL)
79,2,2,85,106,10,,,,0,1,3,61,63,5,3,,3,2,2,2,,0,0,64,205,423,FINAL (ENTRADA MANUAL)
79,3,1,65,81,5,,,,1,0,0,39,53,3,0,,2,2,2,1,,3,0,50,155,382,FINAL (ENTRADA MANUAL)
79,4,1,147,70,0,,,,0,0,0,124,56,0,0,,9,6,1,2,,3,0,19,220,453,FINAL (ENTRADA MANUAL)
79,5,1,107,94,6,,,,0,0,3,81,65,6,1,,2,1,0,0,,1,1,54,212,521,FINAL (ENTRADA MANUAL)
79,6,1,77,106,4,,,,0,0,8,34,65,2,4,,1,7,1,2,,2,0,79,197,391,FINAL (ENTRADA MANUAL)
79,7,1,54,56,5,,,,0,0,2,36,41,3,2,,0,2,1,1,,0,0,31,117,392,FINAL (ENTRADA MANUAL)
79,8,1,55,80,1,,,,0,0,3,42,67,0,1,,1,2,0,0,,1,0,26,140,311,FINAL (ENTRADA MANUAL)
79,9,1,86,115,7,,,,0,2,4,64,80,5,2,,1,3,0,1,,1,1,58,216,530,FINAL (ENTRADA MANUAL)
79,9,2,76,117,9,,,,0,0,4,58,85,3,3,,2,1,3,2,,3,0,49,209,530,FINAL (ENTRADA MANUAL)
79,9,3,78,120,6,,,,2,0,10,57,92,3,6,,3,0,0,1,,1,0,54,217,530,FINAL (ENTRADA MANUAL)
79,9,4,81,119,10,,,,0,0,3,61,87,5,2,,0,2,4,1,,1,1,51,215,530,FINAL (ENTRADA MANUAL)
79,9,5,74,116,6,,,,0,0,5,64,91,3,5,,1,4,1,2,,1,0,30,202,530,FINAL (ENTRADA MANUAL)
79,10,1,105,131,4,,,,1,0,2,90,105,3,1,,1,4,2,1,,3,0,36,246,674,FINAL (ENTRADA MANUAL)
79,10,2,80,137,11,,,,1,0,6,64,105,9,4,,4,3,1,1,,5,0,44,240,673,FINAL (ENTRADA MANUAL)
79,11,1,93,125,15,,,,0,0,4,63,82,11,4,,1,2,3,1,,0,0,70,237,497,FINAL (ENTRADA MANUAL)
79,11,2,63,160,8,,,,0,0,4,51,96,6,1,,3,5,1,0,,1,0,72,236,497,FINAL (ENTRADA MANUAL)
79,11,3,86,122,15,,,,1,0,3,61,79,11,2,,3,4,1,2,,3,0,64,230,497,FINAL (ENTRADA MANUAL)
79,11,4,78,132,13,,,,1,0,5,51,81,8,2,,4,4,2,3,,2,0,74,231,497,FINAL (ENTRADA MANUAL)
79,11,5,65,141,10,,,,1,0,4,42,88,9,1,,2,2,2,3,,3,0,72,224,496,FINAL (ENTRADA MANUAL)
79,12,1,86,145,11,,,,2,1,2,65,95,9,1,,3,6,4,2,,1,0,62,248,562,FINAL (ENTRADA MANUAL)
79,12,2,78,127,14,,,,1,0,2,52,92,10,1,,1,2,3,3,,5,0,58,227,562,FINAL (ENTRADA MANUAL)
79,13,1,76,138,4,,,,0,0,6,57,86,3,0,,3,4,2,2,,1,0,67,225,593,FINAL (ENTRADA MANUAL)
79,13,2,74,120,13,,,,0,0,3,52,83,8,3,,2,0,5,2,,2,0,55,212,593,FINAL (ENTRADA MANUAL)
79,13,3,68,131,7,,,,1,0,5,51,80,5,5,,2,1,1,0,,1,3,67,216,592,FINAL (ENTRADA MANUAL)
79,14,1,87,114,23,,,,1,1,5,54,86,18,1,,2,5,1,5,,0,0,59,231,536,FINAL (ENTRADA MANUAL)
79,14,2,92,123,17,,,,0,0,2,73,74,11,2,,5,3,2,2,,2,0,62,236,537,FINAL (ENTRADA MANUAL)
79,15,1,75,93,10,,,,0,1,2,58,64,5,2,,4,4,1,3,,0,0,40,181,426,FINAL (ENTRADA MANUAL)
79,15,2,69,82,7,,,,0,1,5,46,59,6,4,,2,0,1,1,,2,0,45,166,426,FINAL (ENTRADA MANUAL)
79,15,3,56,96,11,,,,0,0,6,47,64,8,6,,4,3,2,0,,0,0,35,169,426,FINAL (ENTRADA MANUAL)
79,16,1,55,107,8,,,,1,0,4,34,70,7,3,,1,5,0,1,,0,0,54,175,436,FINAL (ENTRADA MANUAL)
79,16,2,50,101,10,,,,0,0,3,30,64,7,1,,1,3,1,0,,1,0,57,165,436,FINAL (ENTRADA MANUAL)
79,16,3,67,98,9,,,,1,0,1,46,57,7,1,,1,4,2,1,,0,0,57,176,436,FINAL (ENTRADA MANUAL)
79,17,1,104,135,23,,,,0,0,10,80,90,11,4,,3,9,7,2,,1,0,66,273,581,FINAL (ENTRADA MANUAL)
79,17,2,87,135,15,,,,0,0,11,60,86,7,5,,5,3,5,3,,2,0,74,250,581,FINAL (ENTRADA MANUAL)
79,17,3,81,162,12,,,,0,2,7,58,108,9,5,,3,3,2,0,,2,0,76,266,581,FINAL (ENTRADA MANUAL)
79,17,4,88,143,5,,,,1,0,3,62,92,2,1,,2,2,0,3,,3,0,76,243,581,FINAL (ENTRADA MANUAL)
79,17,5,114,133,11,,,,0,0,6,79,97,9,3,,2,3,1,1,,2,0,69,266,580,FINAL (ENTRADA MANUAL)
79,18,1,57,109,3,,,,0,0,2,44,88,1,1,,1,0,1,0,,0,0,35,171,346,FINAL (ENTRADA MANUAL)
79,18,2,57,98,2,,,,0,0,4,42,81,0,3,,0,3,0,0,,0,0,32,161,345,FINAL (ENTRADA MANUAL)
79,19,1,77,141,30,,,,0,0,3,55,90,17,3,,5,11,6,1,,2,0,63,253,472,FINAL (ENTRADA MANUAL)
79,19,2,79,164,29,,,,0,1,6,59,99,17,2,,7,8,5,5,,1,0,77,279,472,FINAL (ENTRADA MANUAL)
79,19,3,92,152,10,,,,1,0,5,66,88,6,1,,3,3,3,5,,3,0,85,263,472,FINAL (ENTRADA MANUAL)
79,19,4,96,125,19,,,,1,0,2,73,86,13,2,,2,2,4,2,,3,0,59,246,470,FINAL (ENTRADA MANUAL)
79,20,1,91,147,10,,,,0,0,8,65,103,6,2,,4,5,3,1,,0,0,67,256,566,FINAL (ENTRADA MANUAL)
79,20,2,76,153,24,,,,0,0,7,49,99,14,4,,6,2,3,2,,0,0,81,260,566,FINAL (ENTRADA MANUAL)
79,20,3,91,154,12,,,,0,0,4,60,106,6,2,,1,4,1,4,,3,0,77,264,566,FINAL (ENTRADA MANUAL)
79,20,4,83,129,14,,,,1,0,2,60,92,9,1,,2,6,3,2,,2,0,54,231,566,FINAL (ENTRADA MANUAL)
79,20,5,87,140,13,,,,1,0,8,47,89,9,4,,5,2,4,7,,7,0,82,256,565,FINAL (ENTRADA MANUAL)
79,21,1,75,167,15,,,,3,0,6,59,118,13,3,,5,6,1,0,,0,2,61,268,552,FINAL (ENTRADA MANUAL)
79,21,2,72,151,13,,,,0,0,4,51,93,9,2,,5,7,3,4,,2,1,66,243,552,FINAL (ENTRADA MANUAL)
79,21,3,66,143,24,,,,0,0,5,47,95,21,4,,3,4,4,1,,1,1,59,240,552,FINAL (ENTRADA MANUAL)
79,74,1,20,48,5,,,,0,0,1,12,34,3,0,,1,1,0,0,,2,0,23,76,0,FINAL (ENTRADA MANUAL)
79,74,2,20,48,5,,,,0,0,1,12,34,3,0,,1,1,0,0,,2,0,23,76,0,FINAL (ENTRADA MANUAL)
79,75,1,1,1,0,,,,0,0,1,1,1,0,0,,0,0,0,1,,0,0,0,3,0,FINAL (ENTRADA MANUAL)
79,75,2,0,0,0,,,,0,0,0,0,0,0,0,,0,0,0,0,,0,0,0,0,0,FINAL (ENTRADA MANUAL)
79,77,1,543,527,23,,,,0,0,5,514,489,20,5,,16,13,1,0,,0,1,40,1099,0,FINAL (ENTRADA MANUAL)
79,77,2,155,158,9,,,,0,0,1,147,137,8,1,,8,3,0,0,,0,0,19,323,0,FINAL (ENTRADA MANUAL)
79,77,3,182,231,8,,,,2,4,8,88,87,1,2,,4,9,5,1,,17,3,252,470,0,FINAL (ENTRADA MANUAL)
79,77,5,0,0,0,,,,0,0,0,0,0,0,0,,0,0,0,0,,0,0,0,0,0,FINAL (ENTRADA MANUAL)
79,78,1,3,20,0,,,,0,0,0,3,17,0,1,,0,0,0,0,,0,1,3,25,0,FINAL (ENTRADA MANUAL)
79,78,2,0,0,0,,,,0,0,0,0,0,0,0,,0,0,0,0,,0,0,0,0,0,FINAL (ENTRADA MANUAL)
79,78,3,0,0,0,,,,0,0,0,0,0,0,0,,0,0,0,0,,0,0,0,0,0,FINAL (ENTRADA MANUAL)
80,1,1,18,148,14,,,,21,0,2,16,96,8,,,18,5,4,,,1,0,56,204,466,FINAL (ENTRADA MANUAL)
80,1,2,23,155,11,,,,27,0,1,22,100,7,,,18,10,5,,,2,0,55,219,466,FINAL (ENTRADA MANUAL)
80,1,3,14,152,8,,,,11,0,0,11,124,6,,,13,6,5,,,3,0,20,188,466,FINAL (ENTRADA MANUAL)
80,2,1,13,176,13,,,,27,0,1,13,118,10,,,22,4,1,,,1,0,62,231,511,FINAL (ENTRADA MANUAL)
80,2,2,19,143,6,,,,30,0,0,18,84,6,,,24,1,2,,,0,0,63,198,511,FINAL (ENTRADA MANUAL)
80,2,3,23,149,11,,,,22,0,0,20,106,8,,,14,2,0,,,1,0,55,206,511,FINAL (ENTRADA MANUAL)
80,2,4,18,178,2,,,,29,0,0,17,122,2,,,21,4,1,,,1,0,60,228,512,FINAL (ENTRADA MANUAL)
80,3,1,15,161,17,,,,42,0,0,13,118,11,,,32,7,1,,,2,0,53,237,580,FINAL (ENTRADA MANUAL)
80,3,2,27,160,18,,,,49,0,1,26,111,12,,,37,6,1,,,0,0,62,255,580,FINAL (ENTRADA MANUAL)
80,3,3,17,155,13,,,,56,0,0,14,116,9,,,45,4,1,,,0,0,52,241,580,FINAL (ENTRADA MANUAL)
80,3,4,19,137,18,,,,57,0,1,14,97,11,,,47,7,4,,,0,0,52,232,581,FINAL (ENTRADA MANUAL)
80,4,1,27,119,8,,,,34,0,1,20,86,6,,,25,3,0,,,3,0,49,192,475,FINAL (ENTRADA MANUAL)
80,4,2,27,124,10,,,,16,0,1,25,85,9,,,9,3,1,,,2,0,46,180,475,FINAL (ENTRADA MANUAL)
80,4,3,16,139,8,,,,40,0,1,13,100,7,,,26,1,1,,,1,0,56,205,474,FINAL (ENTRADA MANUAL)
80,5,1,20,191,14,,,,17,0,0,15,133,7,,,10,6,1,,,5,0,70,247,598,FINAL (ENTRADA MANUAL)
80,5,2,22,203,9,,,,16,0,2,20,136,8,,,10,6,0,,,0,0,72,252,598,FINAL (ENTRADA MANUAL)
80,5,3,18,195,10,,,,37,1,3,16,132,9,,,29,5,0,,,1,0,73,265,598,FINAL (ENTRADA MANUAL)
80,5,4,16,199,4,,,,16,0,0,13,109,2,,,15,10,3,,,2,0,83,237,598,FINAL (ENTRADA MANUAL)
80,5,5,16,174,5,,,,28,0,4,14,116,5,,,26,3,0,,,1,0,63,228,598,FINAL (ENTRADA MANUAL)
80,5,6,15,172,10,,,,33,0,0,11,127,7,,,30,6,1,,,2,0,48,232,599,FINAL (ENTRADA MANUAL)
80,6,1,19,163,11,,,,39,0,0,17,115,10,,,35,0,2,,,1,0,53,233,562,FINAL (ENTRADA MANUAL)
80,6,2,11,177,8,,,,32,1,3,10,112,3,,,28,5,0,,,1,0,74,233,561,FINAL (ENTRADA MANUAL)
80,7,1,31,102,13,,,,37,0,1,29,72,12,,,36,2,1,,,4,0,32,188,420,FINAL (ENTRADA MANUAL)
80,7,2,21,124,4,,,,22,0,0,20,80,4,,,20,5,4,,,0,1,38,172,420,FINAL (ENTRADA MANUAL)
80,7,3,16,94,3,,,,49,0,1,14,68,1,,,45,2,0,,,3,0,33,166,421,FINAL (ENTRADA MANUAL)
80,74,1,14,47,2,,,,21,0,1,13,39,0,,,23,0,2,,,0,0,8,85,0,FINAL (ENTRADA MANUAL)
80,74,2,13,50,4,,,,20,0,1,11,44,3,,,18,3,0,,,1,0,9,89,0,FINAL (ENTRADA MANUAL)
80,74,3,13,45,3,,,,23,2,2,12,31,2,,,14,2,0,,,0,0,27,88,0,FINAL (ENTRADA MANUAL)
80,74,4,14,21,1,,,,51,0,0,13,18,1,,,44,1,0,,,1,0,10,88,0,FINAL (ENTRADA MANUAL)
80,74,5,14,31,0,,,,45,0,1,11,22,0,,,44,0,0,,,0,0,14,91,0,FINAL (ENTRADA MANUAL)
80,74,6,3,40,2,,,,13,0,0,3,38,2,,,11,1,0,,,0,0,3,58,0,FINAL (ENTRADA MANUAL)
80,74,7,0,0,0,,,,0,0,0,0,0,0,,,0,0,0,,,0,0,0,0,0,FINAL (ENTRADA MANUAL)
80,75,1,0,1,0,,,,0,0,0,0,0,0,,,11,0,0,,,0,0,3,14,0,FINAL (ENTRADA MANUAL)
80,75,2,4,16,0,,,,98,0,2,3,6,0,,,77,2,0,,,1,0,31,120,0,FINAL (ENTRADA MANUAL)
80,77,1,27,132,2,,,,35,0,0,26,126,2,,,39,1,0,,,0,0,2,196,0,FINAL (ENTRADA MANUAL)
80,77,2,55,239,18,,,,78,0,0,55,222,18,,,79,4,0,,,0,0,12,390,0,FINAL (ENTRADA MANUAL)
80,77,3,210,353,13,,,,78,0,9,53,232,8,,,166,6,3,,,3,0,192,663,0,FINAL (ENTRADA MANUAL)
80,77,5,0,0,0,,,,0,0,0,0,0,0,,,0,0,0,,,0,0,0,0,0,FINAL (ENTRADA MANUAL)
80,78,1,6,15,1,,,,2,0,0,4,10,1,,,2,0,1,,,0,0,6,24,0,FINAL (ENTRADA MANUAL)
80,78,2,1,6,0,,,,0,0,0,1,5,0,,,0,0,0,,,0,0,1,7,0,FINAL (ENTRADA MANUAL)
80,78,3,0,0,0,,,,0,0,0,0,0,0,,,0,0,0,,,0,0,0,0,0,FINAL (ENTRADA MANUAL)
80,79,1,0,0,0,,,,0,0,0,0,0,0,,,0,0,0,,,0,0,0,0,0,FINAL (ENTRADA MANUAL)
85,1,1,68,178,9,,,,0,0,0,46,143,7,,,8,8,3,,,1,0,40,256,680,FINAL (ENTRADA MANUAL)
85,2,1,62,160,17,,,,0,0,1,47,121,15,,,5,2,0,,,0,0,50,240,574,FINAL (ENTRADA MANUAL)
85,2,2,85,155,12,,,,0,0,2,63,116,7,,,2,4,2,,,1,0,60,255,574,FINAL (ENTRADA MANUAL)
85,2,3,72,144,13,,,,0,0,0,56,82,9,,,4,0,1,,,2,0,77,231,575,FINAL (ENTRADA MANUAL)
85,74,1,6,35,0,,,,0,0,0,4,30,0,,,0,0,0,,,0,0,7,41,0,FINAL (ENTRADA MANUAL)
85,75,1,0,0,0,,,,0,0,0,0,0,0,,,0,0,0,,,0,0,0,0,0,FINAL (ENTRADA MANUAL)
85,77,1,35,62,1,,,,0,0,0,35,59,1,,,0,0,0,,,0,0,3,98,0,FINAL (ENTRADA MANUAL)
85,77,2,0,0,1,,,,0,0,0,0,0,1,,,0,0,0,,,0,0,0,1,0,FINAL (ENTRADA MANUAL)
85,77,3,20,41,4,,,,0,1,1,6,6,1,,,1,2,1,,,3,1,50,71,0,FINAL (ENTRADA MANUAL)
85,77,5,0,0,0,,,,0,0,0,0,0,0,,,0,0,0,,,0,0,0,0,0,FINAL (ENTRADA MANUAL)
85,78,1,2,2,0,,,,0,0,0,2,0,0,,,0,0,0,,,0,1,2,5,0,FINAL (ENTRADA MANUAL)
85,78,2,2,2,0,,,,0,0,0,2,0,0,,,0,0,0,,,0,1,2,5,0,FINAL (ENTRADA MANUAL)
85,78,3,0,0,0,,,,0,0,0,0,0,0,,,0,0,0,,,0,0,0,0,0,FINAL (ENTRADA MANUAL)
82,1,1,60,122,23,,,,0,0,9,41,107,14,9,,6,0,1,3,,0,0,33,214,441,FINAL (ENTRADA MANUAL)
82,1,2,76,85,26,,,,0,0,3,58,61,22,3,,2,2,1,0,,3,0,41,193,441,FINAL (ENTRADA MANUAL)
82,1,3,63,95,20,,,,0,0,3,47,79,13,3,,2,2,2,0,,3,0,33,184,441,FINAL (ENTRADA MANUAL)
82,2,1,109,68,24,,,,1,0,3,82,47,17,3,,0,3,3,5,,2,0,45,207,438,FINAL (ENTRADA MANUAL)
82,2,2,77,38,23,,,,1,0,4,59,29,13,3,,1,3,2,1,,1,0,32,144,437,FINAL (ENTRADA MANUAL)
82,3,1,82,125,22,,,,0,0,9,52,102,12,5,,3,4,2,2,,1,0,56,239,450,FINAL (ENTRADA MANUAL)
82,3,2,72,101,23,,,,0,0,8,54,81,17,8,,2,4,2,1,,1,0,35,205,450,FINAL (ENTRADA MANUAL)
82,3,3,68,80,28,,,,0,0,5,52,61,18,5,,1,2,5,3,,1,0,34,182,450,FINAL (ENTRADA MANUAL)
82,3,4,68,118,33,,,,0,0,9,40,82,24,7,,2,4,2,1,,2,0,66,230,452,FINAL (ENTRADA MANUAL)
82,4,1,92,119,16,,,,0,1,6,65,91,10,4,,1,5,0,1,,4,0,57,238,578,FINAL (ENTRADA MANUAL)
82,4,2,103,106,15,,,,1,0,5,71,80,7,2,,1,2,0,0,,3,0,67,233,578,FINAL (ENTRADA MANUAL)
82,4,3,103,116,19,,,,0,0,3,75,91,7,3,,0,5,0,0,,3,0,60,244,578,FINAL (ENTRADA MANUAL)
82,5,1,70,179,57,,,,0,0,8,58,122,36,7,,2,6,10,5,,2,0,68,316,522,FINAL (ENTRADA MANUAL)
82,5,2,102,159,55,,,,0,0,7,76,112,40,5,,3,4,12,8,,1,0,63,324,522,FINAL (ENTRADA MANUAL)
82,5,3,82,159,38,,,,1,0,12,68,118,27,7,,1,5,9,4,,2,0,53,294,522,FINAL (ENTRADA MANUAL)
82,5,4,81,164,59,,,,0,0,11,59,121,40,7,,4,3,13,4,,3,0,64,318,523,FINAL (ENTRADA MANUAL)
82,6,1,86,100,42,,,,0,0,11,54,72,28,9,,0,2,6,2,,3,0,66,242,550,FINAL (ENTRADA MANUAL)
82,6,2,96,108,26,,,,1,0,3,59,83,14,3,,1,2,1,2,,1,0,69,235,551,FINAL (ENTRADA MANUAL)
82,7,1,99,126,43,,,,0,0,7,75,91,27,5,,0,0,2,1,,1,0,74,276,479,FINAL (ENTRADA MANUAL)
82,7,2,87,124,44,,,,0,0,4,64,79,23,4,,1,1,9,1,,0,0,77,259,479,FINAL (ENTRADA MANUAL)
82,7,3,79,144,50,,,,1,0,7,62,111,33,6,,1,4,6,3,,0,0,55,281,479,FINAL (ENTRADA MANUAL)
82,7,4,64,126,47,,,,0,1,11,45,92,28,9,,4,5,7,6,,1,0,53,250,479,FINAL (ENTRADA MANUAL)
82,7,5,74,116,57,,,,2,0,7,55,89,35,6,,5,5,5,3,,4,0,53,260,479,FINAL (ENTRADA MANUAL)
82,8,1,77,73,12,,,,1,0,4,53,51,4,3,,1,2,2,1,,1,0,50,168,310,FINAL (ENTRADA MANUAL)
82,8,2,79,57,17,,,,3,0,3,65,38,7,2,,1,3,0,6,,2,0,37,161,311,FINAL (ENTRADA MANUAL)
82,9,1,84,133,13,,,,0,0,6,66,109,9,4,,1,1,4,1,,1,0,41,237,591,FINAL (ENTRADA MANUAL)
82,9,2,83,94,29,,,,0,0,5,56,77,23,4,,1,1,2,1,,7,0,46,218,591,FINAL (ENTRADA MANUAL)
82,9,3,125,110,16,,,,0,0,6,84,86,9,4,,2,4,0,3,,2,0,65,259,591,FINAL (ENTRADA MANUAL)
82,10,1,74,152,74,,,,1,0,2,49,123,53,2,,2,4,8,3,,1,0,59,304,498,FINAL (ENTRADA MANUAL)
82,10,2,72,148,54,,,,1,1,6,41,95,37,4,,1,9,14,2,,2,0,79,284,498,FINAL (ENTRADA MANUAL)
82,10,3,84,142,47,,,,0,0,11,59,95,22,11,,0,12,16,2,,0,0,67,284,498,FINAL (ENTRADA MANUAL)
82,10,4,74,134,48,,,,3,1,4,52,100,31,2,,4,4,13,2,,1,0,56,265,498,FINAL (ENTRADA MANUAL)
82,10,5,64,146,56,,,,1,0,5,49,103,33,4,,3,5,7,5,,3,0,63,275,498,FINAL (ENTRADA MANUAL)
82,10,6,81,144,67,,,,1,0,7,55,108,52,5,,2,2,5,2,,2,0,69,302,499,FINAL (ENTRADA MANUAL)
82,11,1,97,113,37,,,,2,0,6,74,93,18,4,,2,1,6,1,,0,0,56,255,526,FINAL (ENTRADA MANUAL)
82,11,2,81,110,36,,,,0,0,7,55,76,22,6,,0,1,4,5,,7,0,65,241,526,FINAL (ENTRADA MANUAL)
82,11,3,72,118,43,,,,0,0,9,48,98,21,8,,1,1,4,3,,4,0,58,246,526,FINAL (ENTRADA MANUAL)
82,11,4,99,100,35,,,,0,0,9,66,74,17,7,,6,2,4,5,,2,0,62,245,528,FINAL (ENTRADA MANUAL)
82,12,1,77,121,42,,,,0,0,7,48,93,28,6,,3,3,5,1,,1,0,60,248,519,FINAL (ENTRADA MANUAL)
82,12,2,76,110,34,,,,0,0,11,49,85,24,7,,0,5,2,4,,3,0,55,234,519,FINAL (ENTRADA MANUAL)
82,12,3,78,112,37,,,,1,0,11,54,86,21,10,,1,2,4,7,,1,0,54,240,518,FINAL (ENTRADA MANUAL)
82,13,1,114,69,14,,,,0,0,5,89,63,12,3,,0,0,2,1,,2,0,32,204,533,FINAL (ENTRADA MANUAL)
82,13,2,110,78,27,,,,0,0,6,71,65,21,4,,0,2,2,3,,0,0,53,221,533,FINAL (ENTRADA MANUAL)
82,13,3,134,68,21,,,,0,0,4,79,55,9,4,,0,3,2,5,,1,0,70,228,534,FINAL (ENTRADA MANUAL)
82,14,1,77,179,53,,,,0,0,12,61,118,35,11,,4,7,8,7,,3,0,70,324,503,FINAL (ENTRADA MANUAL)
82,14,2,92,153,70,,,,0,0,8,74,110,44,5,,2,5,10,1,,3,0,72,326,503,FINAL (ENTRADA MANUAL)
82,14,3,93,159,50,,,,1,1,5,64,101,32,3,,1,4,11,6,,2,0,87,311,503,FINAL (ENTRADA MANUAL)
82,14,4,90,168,51,,,,1,0,9,68,121,34,8,,4,3,7,6,,4,0,68,323,503,FINAL (ENTRADA MANUAL)
82,14,5,87,184,60,,,,0,0,7,62,131,31,4,,1,7,12,9,,2,0,81,340,503,FINAL (ENTRADA MANUAL)
82,14,6,89,160,58,,,,7,1,7,73,109,41,4,,3,7,9,4,,7,0,72,329,503,FINAL (ENTRADA MANUAL)
82,15,1,115,119,49,,,,0,0,6,75,82,29,5,,5,2,5,1,,1,0,85,290,567,FINAL (ENTRADA MANUAL)
82,15,2,114,114,36,,,,2,0,4,80,75,25,2,,1,9,3,1,,6,0,74,276,567,FINAL (ENTRADA MANUAL)
82,15,3,103,126,49,,,,1,0,7,62,99,29,6,,1,6,9,1,,2,0,73,288,567,FINAL (ENTRADA MANUAL)
82,15,4,113,130,46,,,,0,0,8,79,97,21,5,,0,3,7,8,,2,0,77,299,567,FINAL (ENTRADA MANUAL)
82,15,5,101,104,30,,,,0,0,5,77,75,22,4,,0,4,1,1,,3,0,56,243,567,FINAL (ENTRADA MANUAL)
82,15,6,86,139,41,,,,1,0,6,65,112,25,5,,2,7,5,1,,3,0,51,276,568,FINAL (ENTRADA MANUAL)
82,16,1,123,100,26,,,,0,0,8,80,87,15,6,,1,6,5,1,,0,0,56,257,446,FINAL (ENTRADA MANUAL)
82,17,1,110,77,14,,,,1,0,8,80,59,6,7,,2,4,1,2,,0,0,49,210,475,FINAL (ENTRADA MANUAL)
82,17,2,100,91,22,,,,0,0,7,65,68,15,5,,1,4,2,0,,1,0,60,221,475,FINAL (ENTRADA MANUAL)
82,18,1,83,106,37,,,,1,0,4,58,82,26,4,,3,4,1,6,,5,0,47,236,458,FINAL (ENTRADA MANUAL)
82,18,2,94,114,36,,,,0,0,8,70,90,23,6,,0,4,4,2,,1,0,53,253,459,FINAL (ENTRADA MANUAL)
82,74,1,36,50,9,,,,0,0,1,26,44,5,1,,0,7,0,0,,0,0,13,96,0,FINAL (ENTRADA MANUAL)
82,74,2,32,64,16,,,,0,0,1,25,45,12,1,,3,4,1,1,,0,1,21,114,0,FINAL (ENTRADA MANUAL)
82,74,3,18,67,8,,,,0,0,1,15,58,6,1,,1,1,0,0,,0,0,12,94,0,FINAL (ENTRADA MANUAL)
82,74,4,0,0,0,,,,0,0,0,0,0,0,0,,0,0,0,0,,0,0,0,0,0,FINAL (ENTRADA MANUAL)
82,75,1,7,4,3,,,,9,2,0,0,0,0,0,,1,3,0,0,,0,2,21,27,0,FINAL (ENTRADA MANUAL)
82,75,2,0,0,1,,,,0,0,0,0,0,0,0,,0,0,0,0,,0,0,1,1,0,FINAL (ENTRADA MANUAL)
82,77,1,494,448,55,,,,2,0,10,451,387,46,8,,26,6,4,1,,4,0,80,1013,0,FINAL (ENTRADA MANUAL)
82,77,2,72,116,8,,,,0,0,0,68,112,5,0,,1,5,1,0,,1,0,4,197,0,FINAL (ENTRADA MANUAL)
82,77,3,12,16,6,,,,2,0,1,6,7,3,0,,2,1,1,0,,0,0,16,37,0,FINAL (ENTRADA MANUAL)
82,77,5,1,6,1,,,,0,0,0,0,3,1,0,,0,0,0,0,,0,0,4,8,0,FINAL (ENTRADA MANUAL)
82,78,1,11,22,5,,,,1,0,0,7,14,5,0,,0,0,0,0,,2,9,13,50,0,FINAL (ENTRADA MANUAL)
82,78,2,0,0,0,,,,0,0,0,0,0,0,0,,0,0,0,0,,0,0,0,0,0,FINAL (ENTRADA MANUAL)
82,78,3,0,0,0,,,,0,0,0,0,0,0,0,,0,0,0,0,,0,0,0,0,0,FINAL (ENTRADA MANUAL)
83,1,1,96,101,40,,,,0,0,9,69,79,24,5,,1,4,4,4,,3,19,56,268,609,FINAL (ENTRADA MANUAL)
83,1,2,107,111,29,,,,0,0,9,65,85,16,9,,0,5,6,2,,0,0,68,256,609,FINAL (ENTRADA MANUAL)
83,1,3,80,82,44,,,,2,0,5,51,56,25,4,,1,3,5,6,,3,0,62,216,609,FINAL (ENTRADA MANUAL)
83,1,4,100,129,49,,,,0,0,8,61,96,32,6,,0,3,10,1,,0,0,77,286,610,FINAL (ENTRADA MANUAL)
83,2,1,116,83,24,,,,0,0,8,98,68,15,6,,2,2,4,1,,0,0,35,231,520,FINAL (ENTRADA MANUAL)
83,2,2,106,74,34,,,,0,0,3,78,65,26,3,,4,2,2,0,,1,0,37,218,520,FINAL (ENTRADA MANUAL)
83,2,3,128,71,21,,,,0,0,5,86,51,13,5,,2,1,4,3,,2,0,60,227,520,FINAL (ENTRADA MANUAL)
83,2,4,120,66,19,,,,0,0,5,92,50,13,3,,2,1,1,2,,2,0,46,212,518,FINAL (ENTRADA MANUAL)
83,3,1,97,131,38,,,,0,0,6,65,106,25,5,,0,2,5,3,,4,0,61,276,577,FINAL (ENTRADA MANUAL)
83,3,2,81,120,44,,,,0,0,4,56,91,32,4,,1,5,5,1,,5,0,54,254,577,FINAL (ENTRADA MANUAL)
83,3,3,84,103,43,,,,1,0,4,57,81,21,2,,2,0,10,6,,0,0,56,235,577,FINAL (ENTRADA MANUAL)
83,3,4,100,143,45,,,,0,0,4,64,112,31,4,,0,3,7,1,,2,0,70,294,576,FINAL (ENTRADA MANUAL)
83,4,1,127,110,31,,,,1,0,10,100,98,22,8,,2,1,3,3,,0,0,42,279,685,FINAL (ENTRADA MANUAL)
83,4,2,120,117,20,,,,0,0,9,93,95,10,6,,4,3,2,2,,2,0,51,268,685,FINAL (ENTRADA MANUAL)
83,5,1,105,104,32,,,,2,0,7,69,71,21,5,,2,3,7,3,,2,0,69,252,519,FINAL (ENTRADA MANUAL)
83,5,2,99,86,36,,,,0,0,7,70,63,23,7,,1,5,1,1,,0,0,57,228,519,FINAL (ENTRADA MANUAL)
83,5,3,104,95,36,,,,0,0,10,73,69,24,9,,3,0,1,3,,5,0,63,250,519,FINAL (ENTRADA MANUAL)
83,5,4,88,88,42,,,,0,0,9,58,60,27,9,,1,5,2,3,,4,1,62,232,519,FINAL (ENTRADA MANUAL)
83,5,5,101,97,48,,,,0,1,8,67,60,26,5,,6,5,5,1,,1,0,80,256,521,FINAL (ENTRADA MANUAL)
83,6,1,69,93,41,,,,0,0,8,40,82,30,8,,0,3,4,1,,1,0,43,212,503,FINAL (ENTRADA MANUAL)
83,6,2,92,106,29,,,,0,0,11,70,95,16,11,,1,3,9,3,,1,0,30,239,503,FINAL (ENTRADA MANUAL)
83,6,3,88,105,44,,,,0,0,11,63,84,28,9,,1,4,6,1,,4,0,52,252,502,FINAL (ENTRADA MANUAL)
83,7,1,59,82,24,,,,0,0,1,43,63,17,1,,2,2,4,3,,2,0,31,168,312,FINAL (ENTRADA MANUAL)
83,7,2,51,79,31,,,,1,0,5,43,59,24,3,,1,0,5,3,,2,0,29,169,312,FINAL (ENTRADA MANUAL)
83,8,1,101,59,10,,,,0,0,6,78,40,7,4,,2,3,1,2,,1,0,39,177,452,FINAL (ENTRADA MANUAL)
83,8,2,99,61,19,,,,1,0,7,68,34,13,5,,0,0,2,3,,3,1,62,191,452,FINAL (ENTRADA MANUAL)
83,9,1,95,101,39,,,,0,0,15,63,79,23,12,,3,2,4,3,,5,0,61,255,683,FINAL (ENTRADA MANUAL)
83,10,1,84,103,33,,,,0,1,4,66,76,21,3,,3,0,4,2,,2,0,50,227,643,FINAL (ENTRADA MANUAL)
83,10,2,120,92,34,,,,0,0,8,87,66,17,6,,4,2,3,0,,1,0,69,255,643,FINAL (ENTRADA MANUAL)
83,10,3,133,87,33,,,,0,0,7,94,65,22,6,,3,0,4,0,,1,0,66,261,644,FINAL (ENTRADA MANUAL)
83,11,1,179,75,20,,,,0,1,3,161,62,11,2,,3,2,1,1,,0,0,35,278,537,FINAL (ENTRADA MANUAL)
83,11,2,185,74,19,,,,0,0,12,150,58,7,9,,4,0,3,1,,0,0,58,290,537,FINAL (ENTRADA MANUAL)
83,12,1,89,96,30,,,,0,0,6,72,72,17,6,,6,2,3,4,,0,0,39,221,486,FINAL (ENTRADA MANUAL)
83,12,2,87,98,25,,,,2,0,4,69,76,15,3,,0,7,3,1,,3,0,42,219,487,FINAL (ENTRADA MANUAL)
83,13,1,92,110,39,,,,0,0,6,68,78,26,6,,0,3,2,0,,2,0,64,249,505,FINAL (ENTRADA MANUAL)
83,13,2,102,86,37,,,,2,0,9,80,62,23,9,,1,2,5,2,,0,0,52,236,505,FINAL (ENTRADA MANUAL)
83,13,3,88,104,30,,,,0,0,6,70,73,19,5,,1,2,2,0,,4,0,56,232,505,FINAL (ENTRADA MANUAL)
83,13,4,89,101,34,,,,0,2,3,54,84,23,2,,2,2,3,6,,2,0,53,231,504,FINAL (ENTRADA MANUAL)
83,14,1,84,119,39,,,,1,0,8,57,81,28,8,,3,6,7,3,,1,0,58,252,512,FINAL (ENTRADA MANUAL)
83,14,2,96,83,25,,,,3,0,4,58,57,15,4,,4,2,5,3,,1,0,63,212,512,FINAL (ENTRADA MANUAL)
83,14,3,88,97,32,,,,0,0,8,62,73,25,7,,3,3,3,0,,0,0,49,225,512,FINAL (ENTRADA MANUAL)
83,14,4,82,104,32,,,,1,1,10,49,72,19,6,,2,5,5,6,,1,0,66,231,512,FINAL (ENTRADA MANUAL)
83,14,5,75,106,31,,,,1,0,6,50,77,22,5,,0,6,2,2,,3,0,55,222,513,FINAL (ENTRADA MANUAL)
83,15,1,70,72,25,,,,0,1,9,56,56,18,8,,1,3,1,3,,2,0,31,179,648,FINAL (ENTRADA MANUAL)
83,15,2,87,55,24,,,,0,0,8,54,33,12,6,,1,2,2,1,,2,0,63,176,648,FINAL (ENTRADA MANUAL)
83,16,1,104,97,32,,,,0,0,7,75,69,21,3,,5,2,2,7,,4,0,56,244,595,FINAL (ENTRADA MANUAL)
83,16,2,102,116,38,,,,0,0,11,74,90,23,11,,2,6,5,4,,2,0,52,269,595,FINAL (ENTRADA MANUAL)
83,16,3,85,98,38,,,,0,0,7,67,77,20,6,,1,3,6,0,,2,0,48,230,596,FINAL (ENTRADA MANUAL)
83,17,1,85,86,28,,,,0,0,8,67,65,17,5,,1,2,2,5,,2,0,43,209,441,FINAL (ENTRADA MANUAL)
83,17,2,87,87,29,,,,0,0,8,59,57,17,8,,0,2,4,3,,6,0,61,217,441,FINAL (ENTRADA MANUAL)
83,17,3,82,68,33,,,,0,0,5,57,51,25,3,,2,1,9,7,,4,0,33,192,440,FINAL (ENTRADA MANUAL)
83,18,1,152,87,30,,,,0,0,5,117,65,16,3,,4,4,10,0,,1,0,55,275,449,FINAL (ENTRADA MANUAL)
83,19,1,109,102,63,,,,0,0,4,86,74,39,3,,0,5,7,4,,3,1,60,282,557,FINAL (ENTRADA MANUAL)
83,19,2,99,112,41,,,,0,0,6,61,92,27,4,,1,4,6,5,,1,0,58,259,557,FINAL (ENTRADA MANUAL)
83,19,3,103,106,46,,,,0,1,9,61,80,26,8,,2,3,9,2,,1,0,74,266,557,FINAL (ENTRADA MANUAL)
83,19,4,77,90,37,,,,1,0,8,61,73,17,8,,1,0,7,4,,1,32,42,246,557,FINAL (ENTRADA MANUAL)
83,19,5,88,97,59,,,,1,0,7,64,65,33,5,,1,5,8,1,,2,0,70,254,559,FINAL (ENTRADA MANUAL)
83,20,1,140,100,42,,,,0,0,4,98,71,25,4,,5,2,5,4,,3,0,72,289,590,FINAL (ENTRADA MANUAL)
83,20,2,127,110,44,,,,0,0,18,88,82,21,14,,3,6,3,6,,2,0,76,301,590,FINAL (ENTRADA MANUAL)
83,20,3,97,110,46,,,,3,0,9,60,79,28,9,,1,0,8,3,,2,0,77,267,590,FINAL (ENTRADA MANUAL)
83,20,4,121,96,38,,,,1,0,6,82,71,22,6,,0,4,6,0,,3,0,71,265,590,FINAL (ENTRADA MANUAL)
83,20,5,109,95,48,,,,0,0,17,73,68,26,15,,2,1,2,4,,1,0,78,270,590,FINAL (ENTRADA MANUAL)
83,20,6,103,98,49,,,,0,0,9,65,70,28,5,,0,2,10,4,,3,0,75,262,587,FINAL (ENTRADA MANUAL)
83,21,1,107,100,37,,,,0,0,9,76,78,24,8,,1,4,6,5,,2,0,51,255,595,FINAL (ENTRADA MANUAL)
83,21,2,125,112,32,,,,0,0,8,87,84,17,7,,1,6,2,4,,0,0,69,277,595,FINAL (ENTRADA MANUAL)
83,21,3,115,96,40,,,,0,0,8,83,71,26,6,,1,4,5,3,,3,0,60,262,595,FINAL (ENTRADA MANUAL)
83,21,4,123,99,29,,,,0,0,4,90,83,16,4,,2,2,3,3,,1,0,52,256,595,FINAL (ENTRADA MANUAL)
83,21,5,90,118,33,,,,0,0,3,72,85,24,2,,1,4,8,1,,1,1,47,246,594,FINAL (ENTRADA MANUAL)
83,22,1,133,84,25,,,,0,0,4,92,67,16,3,,5,2,3,3,,2,0,55,248,508,FINAL (ENTRADA MANUAL)
83,22,2,102,83,23,,,,1,0,16,74,62,15,15,,5,3,3,2,,1,0,46,226,508,FINAL (ENTRADA MANUAL)
83,22,3,102,92,31,,,,0,1,6,68,66,19,6,,5,2,2,5,,1,0,59,233,507,FINAL (ENTRADA MANUAL)
83,23,1,96,126,36,,,,1,1,11,70,97,24,8,,1,4,7,1,,0,0,59,271,624,FINAL (ENTRADA MANUAL)
83,23,2,119,101,33,,,,2,0,10,84,68,23,7,,4,8,6,9,,1,0,56,266,624,FINAL (ENTRADA MANUAL)
83,23,3,119,107,22,,,,1,0,10,80,65,15,10,,3,6,4,1,,1,0,75,260,623,FINAL (ENTRADA MANUAL)
83,24,1,140,106,37,,,,0,0,9,101,82,19,7,,1,0,4,0,,1,0,78,293,635,FINAL (ENTRADA MANUAL)
83,24,2,126,100,29,,,,1,0,5,88,76,19,5,,3,3,2,4,,1,0,63,264,635,FINAL (ENTRADA MANUAL)
83,24,3,123,112,32,,,,1,0,2,94,69,22,10,,2,11,5,6,,1,0,60,280,635,FINAL (ENTRADA MANUAL)
83,24,4,107,113,35,,,,1,1,4,62,83,24,2,,3,3,5,1,,1,0,78,262,635,FINAL (ENTRADA MANUAL)
83,25,1,90,106,45,,,,0,0,4,63,79,26,3,,1,4,4,3,,0,0,62,245,509,FINAL (ENTRADA MANUAL)
83,25,2,91,98,43,,,,0,1,14,66,82,31,11,,2,7,2,1,,2,0,45,249,509,FINAL (ENTRADA MANUAL)
83,25,3,89,99,30,,,,0,0,5,63,71,20,5,,0,2,2,2,,0,0,58,223,509,FINAL (ENTRADA MANUAL)
83,25,4,85,122,39,,,,2,0,8,66,86,26,5,,3,4,4,2,,6,0,60,262,509,FINAL (ENTRADA MANUAL)
83,25,5,73,118,41,,,,0,0,7,49,84,21,5,,1,7,6,2,,3,0,64,242,507,FINAL (ENTRADA MANUAL)
83,26,1,107,97,35,,,,0,0,5,91,77,27,5,,0,2,1,3,,2,0,38,246,524,FINAL (ENTRADA MANUAL)
83,26,2,92,117,63,,,,1,0,6,67,83,45,4,,0,5,8,3,,1,1,64,281,524,FINAL (ENTRADA MANUAL)
83,26,3,109,103,49,,,,0,0,6,66,77,32,5,,1,4,4,3,,1,0,75,268,524,FINAL (ENTRADA MANUAL)
83,26,4,128,111,20,,,,1,0,5,100,88,16,3,,1,1,2,0,,1,0,54,266,524,FINAL (ENTRADA MANUAL)
83,26,5,103,93,32,,,,1,0,7,77,76,22,7,,3,5,4,6,,1,0,36,237,523,FINAL (ENTRADA MANUAL)
83,27,1,73,117,23,,,,0,1,6,55,89,12,5,,1,2,3,2,,4,0,51,224,480,FINAL (ENTRADA MANUAL)
83,27,2,69,88,43,,,,0,0,5,47,66,26,2,,1,3,7,3,,4,0,50,209,479,FINAL (ENTRADA MANUAL)
83,28,1,113,119,33,,,,1,0,10,82,92,19,8,,2,7,5,5,,3,0,56,279,526,FINAL (ENTRADA MANUAL)
83,28,2,108,107,22,,,,0,0,4,85,83,13,2,,0,2,5,1,,3,0,50,244,526,FINAL (ENTRADA MANUAL)
83,28,3,87,117,29,,,,0,0,8,63,83,17,7,,1,0,3,4,,7,0,63,248,526,FINAL (ENTRADA MANUAL)
83,29,1,131,100,44,,,,0,0,9,99,79,31,7,,2,3,6,3,,1,1,54,286,605,FINAL (ENTRADA MANUAL)
83,29,2,140,111,39,,,,0,0,17,88,77,22,16,,3,2,5,7,,4,1,87,312,605,FINAL (ENTRADA MANUAL)
83,29,3,126,84,47,,,,0,0,9,94,58,30,6,,1,2,8,0,,6,0,67,272,606,FINAL (ENTRADA MANUAL)
83,30,1,170,75,16,,,,0,0,7,119,61,8,6,,4,4,3,2,,0,0,61,268,544,FINAL (ENTRADA MANUAL)
83,31,1,92,103,39,,,,0,0,2,69,76,27,2,,3,6,3,4,,2,0,46,238,544,FINAL (ENTRADA MANUAL)
83,31,2,92,121,44,,,,1,0,5,61,92,34,2,,1,1,7,2,,1,0,63,264,544,FINAL (ENTRADA MANUAL)
83,31,3,108,96,39,,,,0,0,7,88,79,23,7,,5,2,10,3,,3,0,33,253,544,FINAL (ENTRADA MANUAL)
83,31,4,105,111,32,,,,0,0,9,75,73,21,8,,1,3,2,1,,4,0,73,261,543,FINAL (ENTRADA MANUAL)
83,32,1,113,116,41,,,,0,0,7,89,89,29,6,,5,0,3,4,,1,0,52,278,545,FINAL (ENTRADA MANUAL)
83,32,2,102,121,39,,,,0,0,6,68,93,24,4,,2,2,4,6,,2,0,65,270,545,FINAL (ENTRADA MANUAL)
83,32,3,109,106,45,,,,1,1,7,81,73,29,5,,0,2,7,4,,1,0,68,270,545,FINAL (ENTRADA MANUAL)
83,32,4,103,117,46,,,,0,0,6,76,77,24,6,,4,2,6,3,,1,0,74,273,545,FINAL (ENTRADA MANUAL)
83,32,5,103,91,32,,,,0,0,15,72,75,18,12,,3,0,9,2,,2,0,50,243,543,FINAL (ENTRADA MANUAL)
83,74,1,25,33,2,,,,0,0,3,21,25,1,1,,2,1,0,0,,1,0,12,64,0,FINAL (ENTRADA MANUAL)
83,74,2,23,50,12,,,,0,0,1,19,42,8,1,,0,0,1,0,,1,0,15,87,0,FINAL (ENTRADA MANUAL)
83,74,3,20,54,10,,,,0,0,2,17,40,8,0,,0,0,0,0,,0,0,21,86,0,FINAL (ENTRADA MANUAL)
83,74,4,10,26,6,,,,0,0,0,8,20,4,0,,1,1,1,0,,0,0,7,42,0,FINAL (ENTRADA MANUAL)
83,74,5,27,33,7,,,,0,0,1,22,28,5,0,,0,1,1,1,,1,0,10,69,0,FINAL (ENTRADA MANUAL)
83,75,1,7,1,1,,,,0,0,0,6,1,1,0,,0,0,0,0,,0,0,1,9,0,FINAL (ENTRADA MANUAL)
83,75,2,1,0,0,,,,0,0,0,1,0,0,0,,0,0,0,0,,0,0,0,1,0,FINAL (ENTRADA MANUAL)
83,75,3,45,60,17,,,,3,6,1,21,33,6,1,,2,6,5,4,,0,6,49,133,0,FINAL (ENTRADA MANUAL)
83,75,4,0,0,0,,,,0,0,0,0,0,0,0,,0,0,0,0,,0,0,0,0,0,FINAL (ENTRADA MANUAL)
83,77,1,1311,1164,95,,,,0,1,18,1121,961,72,12,,48,22,10,1,,92,0,344,2683,0,FINAL (ENTRADA MANUAL)
83,77,2,131,222,10,,,,0,0,3,120,216,8,3,,9,4,1,0,,0,0,5,366,0,FINAL (ENTRADA MANUAL)
83,77,3,103,92,21,,,,1,2,7,46,27,5,2,,13,10,7,6,,3,0,109,228,0,FINAL (ENTRADA MANUAL)
83,77,5,0,0,0,,,,0,0,0,0,0,0,0,,0,0,0,0,,0,0,0,0,0,FINAL (ENTRADA MANUAL)
83,78,1,43,82,11,,,,0,0,0,29,58,7,2,,0,1,2,0,,0,15,39,153,0,FINAL (ENTRADA MANUAL)
83,78,2,0,0,0,,,,0,0,0,0,0,0,0,,0,0,0,0,,0,0,0,0,0,FINAL (ENTRADA MANUAL)
83,78,3,0,0,0,,,,0,0,0,0,0,0,0,,0,0,0,0,,0,0,0,0,0,FINAL (ENTRADA MANUAL)
84,1,1,157,41,6,,,,0,0,3,104,35,3,3,,3,3,2,0,,1,0,54,208,461,FINAL (ENTRADA MANUAL)
84,1,2,165,37,3,,,,0,0,4,95,34,2,3,,7,4,0,0,,1,0,64,210,461,FINAL (ENTRADA MANUAL)
84,1,3,165,45,9,,,,0,0,3,109,33,5,3,,1,0,1,1,,1,0,69,223,461,FINAL (ENTRADA MANUAL)
84,1,4,157,48,9,,,,1,0,4,93,37,6,3,,3,1,2,2,,0,0,72,219,461,FINAL (ENTRADA MANUAL)
84,2,1,129,48,12,,,,0,0,5,92,36,8,3,,0,4,1,0,,3,0,50,197,443,FINAL (ENTRADA MANUAL)
84,2,2,145,46,13,,,,0,0,3,92,38,9,3,,1,2,3,1,,1,0,58,208,443,FINAL (ENTRADA MANUAL)
84,2,3,143,29,10,,,,0,0,2,89,27,6,1,,4,2,1,0,,4,0,54,188,444,FINAL (ENTRADA MANUAL)
84,3,1,160,45,6,,,,1,0,1,120,34,4,0,,0,0,4,1,,1,0,50,214,550,FINAL (ENTRADA MANUAL)
84,3,2,173,29,3,,,,0,0,1,119,20,3,1,,5,6,2,1,,1,0,49,207,551,FINAL (ENTRADA MANUAL)
84,4,1,164,53,24,,,,2,0,4,90,41,8,2,,5,5,4,5,,0,0,87,247,576,FINAL (ENTRADA MANUAL)
84,4,2,182,43,23,,,,1,0,6,104,37,11,6,,5,3,7,3,,0,0,79,255,576,FINAL (ENTRADA MANUAL)
84,4,3,191,50,24,,,,1,0,5,99,43,15,2,,2,4,4,5,,0,0,97,271,576,FINAL (ENTRADA MANUAL)
84,4,4,172,51,19,,,,0,0,8,100,33,11,7,,5,5,4,5,,1,0,80,251,578,FINAL (ENTRADA MANUAL)
84,5,1,157,47,8,,,,0,0,0,110,42,6,0,,3,0,1,0,,2,0,50,214,512,FINAL (ENTRADA MANUAL)
84,5,2,145,44,8,,,,0,0,3,96,33,8,2,,9,3,0,2,,0,0,47,200,512,FINAL (ENTRADA MANUAL)
84,5,3,167,44,8,,,,0,0,5,100,35,6,4,,3,1,0,2,,1,0,73,225,512,FINAL (ENTRADA MANUAL)
84,5,4,167,35,13,,,,2,0,1,79,28,9,1,,2,3,1,0,,0,0,95,218,512,FINAL (ENTRADA MANUAL)
84,5,5,136,36,7,,,,0,0,5,87,24,5,5,,2,5,1,1,,2,0,54,186,512,FINAL (ENTRADA MANUAL)
84,6,1,186,66,50,,,,0,0,8,106,46,37,6,,2,8,8,2,,1,0,95,311,571,FINAL (ENTRADA MANUAL)
84,6,2,177,59,42,,,,2,0,10,102,44,20,8,,4,6,11,5,,2,0,90,292,571,FINAL (ENTRADA MANUAL)
84,6,3,177,79,39,,,,2,2,13,119,66,26,11,,4,7,9,3,,1,0,67,313,571,FINAL (ENTRADA MANUAL)
84,6,4,191,61,42,,,,0,0,9,121,49,30,6,,6,4,6,3,,2,0,78,305,571,FINAL (ENTRADA MANUAL)
84,6,5,174,65,46,,,,1,0,16,100,49,34,12,,3,5,14,6,,1,0,79,303,571,FINAL (ENTRADA MANUAL)
84,6,6,200,63,40,,,,0,1,7,115,45,23,7,,6,6,7,3,,1,0,99,312,571,FINAL (ENTRADA MANUAL)
84,6,7,199,76,31,,,,0,0,7,119,59,18,7,,6,5,6,4,,5,0,89,318,571,FINAL (ENTRADA MANUAL)
84,6,8,184,59,55,,,,1,0,12,113,47,31,9,,5,3,10,5,,3,0,88,314,574,FINAL (ENTRADA MANUAL)
84,7,1,179,45,13,,,,0,0,4,118,34,10,1,,10,3,0,4,,0,0,61,241,563,FINAL (ENTRADA MANUAL)
84,7,2,160,65,5,,,,1,0,3,105,53,3,3,,4,3,3,0,,1,0,60,235,563,FINAL (ENTRADA MANUAL)
84,7,3,164,48,15,,,,0,0,9,102,35,7,7,,9,4,6,0,,0,0,66,236,563,FINAL (ENTRADA MANUAL)
84,7,4,177,41,20,,,,0,0,2,102,33,11,1,,6,2,6,3,,2,0,76,242,563,FINAL (ENTRADA MANUAL)
84,7,5,176,51,13,,,,0,0,3,109,34,8,3,,4,3,4,1,,0,0,77,243,563,FINAL (ENTRADA MANUAL)
84,7,6,171,43,17,,,,0,0,4,96,28,10,3,,4,5,2,5,,0,0,82,235,563,FINAL (ENTRADA MANUAL)
84,7,7,173,69,15,,,,0,0,8,110,46,11,7,,10,3,4,1,,1,0,73,266,563,FINAL (ENTRADA MANUAL)
84,7,8,172,54,16,,,,2,0,3,127,40,10,2,,3,1,4,0,,1,0,60,248,566,FINAL (ENTRADA MANUAL)
84,8,1,147,72,46,,,,0,0,15,92,61,20,15,,3,4,7,6,,5,0,72,285,473,FINAL (ENTRADA MANUAL)
84,8,2,135,51,43,,,,0,0,8,83,45,25,6,,4,4,9,0,,1,1,61,239,473,FINAL (ENTRADA MANUAL)
84,8,3,143,47,50,,,,0,0,15,79,32,30,15,,2,5,16,4,,3,0,72,258,473,FINAL (ENTRADA MANUAL)
84,8,4,149,69,48,,,,0,0,7,87,46,26,4,,1,11,12,3,,2,0,83,275,473,FINAL (ENTRADA MANUAL)
84,8,5,137,75,32,,,,3,0,12,79,52,14,9,,5,4,8,3,,5,0,85,264,473,FINAL (ENTRADA MANUAL)
84,8,6,150,67,45,,,,0,0,16,88,49,24,13,,6,7,16,3,,1,0,72,279,473,FINAL (ENTRADA MANUAL)
84,8,7,154,55,39,,,,0,0,10,99,37,21,9,,2,4,6,7,,3,0,73,261,474,FINAL (ENTRADA MANUAL)
84,9,1,178,45,11,,,,1,0,2,105,22,9,1,,3,3,3,1,,1,0,90,238,501,FINAL (ENTRADA MANUAL)
84,9,2,193,41,5,,,,2,1,6,127,25,4,3,,3,5,2,4,,0,0,75,248,501,FINAL (ENTRADA MANUAL)
84,9,3,185,48,19,,,,0,0,3,110,36,11,2,,4,5,3,4,,0,0,80,255,501,FINAL (ENTRADA MANUAL)
84,9,4,159,43,13,,,,0,0,5,89,27,7,3,,9,2,6,5,,0,0,72,220,501,FINAL (ENTRADA MANUAL)
84,9,5,179,40,17,,,,3,0,5,116,29,10,3,,8,7,3,4,,1,0,64,245,500,FINAL (ENTRADA MANUAL)
84,10,1,175,55,16,,,,0,0,4,106,40,9,3,,0,7,5,2,,4,0,78,254,549,FINAL (ENTRADA MANUAL)
84,10,2,190,62,13,,,,2,0,7,121,37,7,6,,9,8,3,3,,1,0,80,275,549,FINAL (ENTRADA MANUAL)
84,10,3,161,59,23,,,,1,0,4,102,43,14,4,,2,2,5,1,,1,0,75,249,549,FINAL (ENTRADA MANUAL)
84,10,4,183,57,20,,,,0,0,2,109,36,11,0,,6,6,1,2,,6,1,91,269,549,FINAL (ENTRADA MANUAL)
84,10,5,183,52,21,,,,0,0,7,106,35,8,5,,7,5,13,3,,1,0,81,264,549,FINAL (ENTRADA MANUAL)
84,10,6,175,62,18,,,,1,0,9,108,45,12,7,,5,3,4,0,,2,0,81,267,549,FINAL (ENTRADA MANUAL)
84,10,7,191,54,22,,,,1,0,6,115,42,11,6,,6,2,5,2,,1,0,85,275,548,FINAL (ENTRADA MANUAL)
84,74,1,96,7,0,,,,0,0,0,81,6,0,0,,1,2,0,0,,0,0,13,103,0,FINAL (ENTRADA MANUAL)
84,74,2,75,8,0,,,,0,0,0,69,8,0,0,,0,0,0,0,,0,0,6,83,0,FINAL (ENTRADA MANUAL)
84,74,3,83,8,0,,,,0,0,1,55,7,0,1,,2,2,0,0,,0,0,25,92,0,FINAL (ENTRADA MANUAL)
84,74,4,45,5,0,,,,0,0,0,40,5,0,0,,0,0,0,0,,1,1,5,52,0,FINAL (ENTRADA MANUAL)
84,74,5,49,4,1,,,,0,0,0,40,3,1,0,,2,0,0,0,,0,0,8,54,0,FINAL (ENTRADA MANUAL)
84,74,6,79,11,6,,,,0,0,2,54,8,4,2,,1,0,2,0,,1,0,27,99,0,FINAL (ENTRADA MANUAL)
84,74,7,48,11,0,,,,0,0,0,34,7,0,0,,2,2,0,0,,1,0,14,60,0,FINAL (ENTRADA MANUAL)
84,74,8,51,7,0,,,,0,0,1,35,3,0,0,,2,0,0,0,,0,1,19,60,0,FINAL (ENTRADA MANUAL)
84,74,9,59,16,5,,,,0,0,1,41,15,3,1,,1,1,1,1,,1,0,17,82,0,FINAL (ENTRADA MANUAL)
84,74,10,56,8,0,,,,0,0,1,47,5,0,0,,0,0,0,0,,0,0,13,65,0,FINAL (ENTRADA MANUAL)
84,74,11,46,8,0,,,,0,0,0,34,6,0,0,,2,2,0,0,,3,0,10,57,0,FINAL (ENTRADA MANUAL)
84,74,12,47,8,0,,,,0,0,0,38,3,0,0,,2,0,0,0,,0,0,12,55,0,FINAL (ENTRADA MANUAL)
84,75,1,0,0,0,,,,0,0,0,0,0,0,0,,0,0,0,0,,0,0,0,0,0,FINAL (ENTRADA MANUAL)
84,75,2,3,1,0,,,,0,0,0,3,0,0,0,,0,0,0,0,,1,0,1,5,0,FINAL (ENTRADA MANUAL)
84,75,3,23,4,3,,,,2,0,0,4,0,2,0,,1,2,0,1,,0,1,21,32,0,FINAL (ENTRADA MANUAL)
84,75,4,0,0,0,,,,0,0,0,0,0,0,0,,0,0,0,0,,0,0,0,0,0,FINAL (ENTRADA MANUAL)
84,75,5,0,0,0,,,,0,0,0,0,0,0,0,,0,0,0,0,,0,0,0,0,0,FINAL (ENTRADA MANUAL)
84,75,6,2,0,0,,,,0,0,0,0,0,0,0,,0,0,0,0,,0,0,2,2,0,FINAL (ENTRADA MANUAL)
84,77,1,846,327,55,,,,0,0,6,700,301,50,4,,8,33,3,5,,9,0,130,1243,0,FINAL (ENTRADA MANUAL)
84,77,2,204,100,7,,,,0,0,0,185,96,6,0,,0,3,0,1,,0,0,20,311,0,FINAL (ENTRADA MANUAL)
84,77,3,17,2,5,,,,0,0,0,10,0,2,0,,0,1,2,0,,0,0,9,24,0,FINAL (ENTRADA MANUAL)
84,77,5,0,0,0,,,,0,0,0,0,0,0,0,,0,0,0,0,,0,0,0,0,0,FINAL (ENTRADA MANUAL)
84,78,1,35,9,2,,,,0,0,0,22,7,2,1,,0,1,0,0,,1,12,14,60,0,FINAL (ENTRADA MANUAL)
84,78,2,0,0,0,,,,0,0,0,0,0,0,0,,0,0,0,0,,0,0,0,0,0,FINAL (ENTRADA MANUAL)
84,78,3,0,0,0,,,,0,0,0,0,0,0,0,,0,0,0,0,,0,0,0,0,0,FINAL (ENTRADA MANUAL)
86,1,1,129,111,18,,,,1,0,0,87,78,13,,,9,5,1,,,1,0,66,260,497,FINAL (ENTRADA MANUAL)
86,1,2,124,108,18,,,,6,0,0,86,78,13,,,6,5,4,,,2,0,64,258,497,FINAL (ENTRADA MANUAL)
86,1,3,127,106,21,,,,3,0,0,76,76,17,,,4,3,2,,,1,0,79,258,497,FINAL (ENTRADA MANUAL)
86,1,4,139,89,17,,,,0,0,1,92,60,13,,,2,4,3,,,1,0,72,247,498,FINAL (ENTRADA MANUAL)
86,2,1,99,145,23,,,,0,0,2,75,87,19,,,3,2,5,,,4,0,78,273,589,FINAL (ENTRADA MANUAL)
86,2,2,85,150,29,,,,0,0,0,58,103,24,,,3,10,6,,,2,0,61,267,589,FINAL (ENTRADA MANUAL)
86,3,1,93,128,11,,,,0,0,0,59,93,5,,,5,1,2,,,0,0,67,232,466,FINAL (ENTRADA MANUAL)
86,3,2,67,135,7,,,,0,0,0,47,102,7,,,2,2,4,,,0,0,45,209,465,FINAL (ENTRADA MANUAL)
86,4,1,117,125,9,,,,0,0,0,75,80,3,,,2,2,3,,,0,0,86,251,568,FINAL (ENTRADA MANUAL)
86,4,2,105,110,13,,,,0,0,0,72,77,7,,,6,0,0,,,1,0,66,229,568,FINAL (ENTRADA MANUAL)
86,4,3,137,93,13,,,,0,0,0,96,70,9,,,4,2,3,,,1,0,59,244,567,FINAL (ENTRADA MANUAL)
86,5,1,94,92,6,,,,0,0,1,68,66,4,,,1,1,0,,,1,0,53,194,435,FINAL (ENTRADA MANUAL)
86,5,2,96,108,7,,,,0,0,0,61,83,5,,,1,2,2,,,1,0,57,212,435,FINAL (ENTRADA MANUAL)
86,5,3,92,88,6,,,,0,0,0,69,62,6,,,3,3,2,,,1,0,41,187,436,FINAL (ENTRADA MANUAL)
86,6,1,96,86,6,,,,2,0,0,83,62,6,,,7,9,1,,,1,0,22,191,490,FINAL (ENTRADA MANUAL)
86,6,2,76,89,15,,,,0,0,0,56,64,14,,,2,3,2,,,2,0,39,182,490,FINAL (ENTRADA MANUAL)
86,6,3,72,83,9,,,,1,0,0,47,55,8,,,3,3,2,,,2,0,47,167,490,FINAL (ENTRADA MANUAL)
86,7,1,107,111,9,,,,1,0,2,72,71,6,,,2,10,3,,,2,0,66,232,482,FINAL (ENTRADA MANUAL)
86,7,2,121,77,11,,,,0,0,0,65,43,8,,,9,3,4,,,0,0,77,209,482,FINAL (ENTRADA MANUAL)
86,7,3,100,111,18,,,,0,0,0,68,78,13,,,3,6,4,,,1,1,57,231,482,FINAL (ENTRADA MANUAL)
86,7,4,108,108,10,,,,0,0,0,69,77,10,,,1,2,4,,,1,0,63,227,482,FINAL (ENTRADA MANUAL)
86,7,5,106,94,11,,,,2,0,0,80,75,10,,,1,7,4,,,0,0,36,213,484,FINAL (ENTRADA MANUAL)
86,8,1,109,125,15,,,,0,0,1,82,101,12,,,4,3,1,,,3,0,47,253,519,FINAL (ENTRADA MANUAL)
86,8,2,112,114,10,,,,1,0,0,77,86,9,,,3,2,3,,,2,0,57,239,519,FINAL (ENTRADA MANUAL)
86,8,3,114,96,6,,,,0,0,0,80,63,4,,,2,4,3,,,2,0,60,218,519,FINAL (ENTRADA MANUAL)
86,8,4,107,96,10,,,,1,0,0,74,72,7,,,3,2,1,,,2,2,55,218,519,FINAL (ENTRADA MANUAL)
86,8,5,131,85,16,,,,1,0,0,94,63,15,,,4,3,1,,,2,0,53,235,521,FINAL (ENTRADA MANUAL)
86,74,1,16,50,2,,,,0,0,0,9,45,1,,,0,0,0,,,2,0,13,70,0,FINAL (ENTRADA MANUAL)
86,74,2,9,54,1,,,,0,0,0,8,43,1,,,0,0,0,,,0,0,12,64,0,FINAL (ENTRADA MANUAL)
86,74,3,11,42,6,,,,0,0,0,9,37,6,,,0,0,0,,,0,0,7,59,0,FINAL (ENTRADA MANUAL)
86,75,1,3,5,0,,,,0,0,0,0,1,0,,,0,2,0,,,0,0,5,8,0,FINAL (ENTRADA MANUAL)
86,77,1,355,439,9,,,,0,0,0,347,422,9,,,16,6,0,,,0,0,3,803,0,FINAL (ENTRADA MANUAL)
86,77,2,223,68,7,,,,0,0,0,216,64,7,,,4,2,0,,,0,0,5,298,0,FINAL (ENTRADA MANUAL)
86,77,3,4,1,1,,,,0,0,1,3,1,1,,,0,0,0,,,0,0,2,7,0,FINAL (ENTRADA MANUAL)
86,77,5,0,0,0,,,,0,0,0,0,0,0,,,0,0,0,,,0,0,0,0,0,FINAL (ENTRADA MANUAL)
86,78,1,14,16,1,,,,0,0,0,5,7,0,,,1,0,1,,,1,5,17,37,0,FINAL (ENTRADA MANUAL)
86,78,2,0,0,0,,,,0,0,0,0,0,0,,,0,0,0,,,0,0,0,0,0,FINAL (ENTRADA MANUAL)
86,78,3,0,0,0,,,,0,0,0,0,0,0,,,0,0,0,,,0,0,0,0,0,FINAL (ENTRADA MANUAL)
87,1,1,135,121,13,,,,0,0,0,95,91,11,,,4,5,5,,,0,0,58,269,606,FINAL (ENTRADA MANUAL)
87,1,2,129,138,10,,,,0,0,0,84,107,8,,,11,1,2,,,2,0,64,279,606,FINAL (ENTRADA MANUAL)
87,1,3,118,108,5,,,,0,0,2,83,87,5,,,8,2,0,,,1,0,48,234,606,FINAL (ENTRADA MANUAL)
87,1,4,124,120,16,,,,0,0,0,95,95,13,,,4,4,3,,,0,0,46,260,606,FINAL (ENTRADA MANUAL)
87,1,5,86,157,16,,,,1,0,0,59,132,14,,,4,3,1,,,0,0,47,260,605,FINAL (ENTRADA MANUAL)
87,2,1,92,124,3,,,,0,0,0,66,104,3,,,1,4,0,,,1,0,41,220,491,FINAL (ENTRADA MANUAL)
87,2,2,89,133,3,,,,2,0,1,66,106,3,,,0,2,2,,,2,0,49,230,491,FINAL (ENTRADA MANUAL)
87,2,3,107,126,8,,,,1,0,4,74,102,6,,,1,0,2,,,0,1,61,247,491,FINAL (ENTRADA MANUAL)
87,2,4,98,130,3,,,,0,0,0,74,104,1,,,2,1,0,,,1,0,49,232,491,FINAL (ENTRADA MANUAL)
87,2,5,100,118,6,,,,0,0,1,77,90,3,,,0,2,2,,,0,0,51,225,490,FINAL (ENTRADA MANUAL)
87,3,1,115,135,8,,,,1,0,0,82,103,7,,,5,2,0,,,2,0,60,261,543,FINAL (ENTRADA MANUAL)
87,3,2,145,134,9,,,,3,0,0,118,110,6,,,5,2,1,,,1,0,49,292,543,FINAL (ENTRADA MANUAL)
87,3,3,116,143,6,,,,0,0,0,89,111,6,,,4,4,1,,,1,0,50,266,543,FINAL (ENTRADA MANUAL)
87,3,4,104,128,8,,,,0,0,1,81,93,6,,,4,4,1,,,0,0,52,241,543,FINAL (ENTRADA MANUAL)
87,3,5,107,145,8,,,,1,0,0,76,114,5,,,4,2,2,,,1,0,58,262,545,FINAL (ENTRADA MANUAL)
87,4,1,137,112,5,,,,0,0,2,97,74,2,,,2,0,1,,,1,0,80,257,570,FINAL (ENTRADA MANUAL)
87,4,2,142,111,8,,,,0,0,0,120,92,5,,,3,1,1,,,1,0,39,262,570,FINAL (ENTRADA MANUAL)
87,5,1,161,118,5,,,,1,1,0,118,104,5,,,2,2,2,,,2,0,53,288,583,FINAL (ENTRADA MANUAL)
87,5,2,136,103,11,,,,1,0,0,120,91,8,,,1,2,0,,,0,0,29,251,583,FINAL (ENTRADA MANUAL)
87,5,3,157,81,11,,,,0,1,0,117,61,8,,,0,1,2,,,1,0,61,251,583,FINAL (ENTRADA MANUAL)
87,5,4,153,123,3,,,,2,1,0,107,95,3,,,5,9,1,,,0,0,62,282,583,FINAL (ENTRADA MANUAL)
87,5,5,151,86,8,,,,0,1,0,125,68,5,,,3,3,0,,,2,0,42,248,585,FINAL (ENTRADA MANUAL)
87,6,1,156,100,4,,,,0,0,1,118,80,4,,,1,0,2,,,0,0,56,261,621,FINAL (ENTRADA MANUAL)
87,6,2,149,115,3,,,,0,0,1,125,90,3,,,0,1,0,,,0,0,49,268,621,FINAL (ENTRADA MANUAL)
87,6,3,155,104,8,,,,1,1,1,129,84,8,,,0,1,2,,,1,0,46,271,621,FINAL (ENTRADA MANUAL)
87,6,4,125,138,10,,,,0,0,1,93,107,6,,,3,4,2,,,1,0,59,275,620,FINAL (ENTRADA MANUAL)
87,74,1,5,56,0,,,,0,0,1,4,45,0,,,0,1,0,,,0,0,12,62,0,FINAL (ENTRADA MANUAL)
87,74,2,10,48,1,,,,1,0,0,8,44,0,,,1,1,0,,,0,1,6,61,0,FINAL (ENTRADA MANUAL)
87,74,3,11,37,0,,,,0,0,0,7,32,0,,,1,0,0,,,0,0,8,48,0,FINAL (ENTRADA MANUAL)
87,75,1,2,0,0,,,,1,0,0,0,0,0,,,0,0,0,,,0,0,3,3,0,FINAL (ENTRADA MANUAL)
87,77,1,378,426,6,,,,0,0,0,370,414,6,,,10,0,0,,,0,0,10,810,0,FINAL (ENTRADA MANUAL)
87,77,2,285,58,3,,,,0,0,0,283,52,3,,,3,0,0,,,0,0,5,346,0,FINAL (ENTRADA MANUAL)
87,77,3,179,136,2,,,,0,4,12,102,21,2,,,7,1,0,,,10,0,190,333,0,FINAL (ENTRADA MANUAL)
87,77,5,0,0,0,,,,0,0,0,0,0,0,,,0,0,0,,,0,0,0,0,0,FINAL (ENTRADA MANUAL)
87,78,1,0,0,0,,,,0,0,0,0,0,0,,,0,0,0,,,0,0,0,0,0,FINAL (ENTRADA MANUAL)
87,78,2,14,17,1,,,,0,0,0,10,8,1,,,0,0,0,,,0,3,13,35,0,FINAL (ENTRADA MANUAL)
87,78,3,0,0,0,,,,0,0,0,0,0,0,,,0,0,0,,,0,0,0,0,0,FINAL (ENTRADA MANUAL)
88,1,1,102,142,13,,,,0,0,1,81,120,9,,,0,2,1,,,3,0,45,261,482,FINAL (ENTRADA MANUAL)
88,1,2,85,148,12,,,,0,0,2,68,114,9,,,2,2,0,,,4,0,52,251,482,FINAL (ENTRADA MANUAL)
88,1,3,107,116,8,,,,0,0,0,87,97,6,,,0,0,3,,,2,0,38,233,482,FINAL (ENTRADA MANUAL)
88,2,1,147,136,21,,,,0,0,0,124,113,19,,,0,1,0,,,3,0,47,307,605,FINAL (ENTRADA MANUAL)
88,2,2,130,143,30,,,,1,0,0,99,100,24,,,4,2,0,,,3,0,75,307,605,FINAL (ENTRADA MANUAL)
88,2,3,147,125,19,,,,0,0,0,113,99,14,,,5,0,0,,,1,0,60,292,605,FINAL (ENTRADA MANUAL)
88,3,1,71,127,12,,,,2,0,0,54,88,9,,,0,1,0,,,1,0,60,213,323,FINAL (ENTRADA MANUAL)
88,3,2,51,84,13,,,,1,0,0,39,61,11,,,0,2,0,,,0,0,36,149,323,FINAL (ENTRADA MANUAL)
88,4,1,66,147,12,,,,0,0,1,50,113,6,,,1,2,2,,,2,0,52,228,464,FINAL (ENTRADA MANUAL)
88,4,2,70,154,10,,,,0,0,0,47,118,6,,,2,4,2,,,0,0,55,234,464,FINAL (ENTRADA MANUAL)
88,4,3,79,140,11,,,,0,0,0,59,103,9,,,4,4,3,,,3,0,48,233,464,FINAL (ENTRADA MANUAL)
88,4,4,67,153,14,,,,0,0,0,47,122,10,,,0,3,0,,,0,0,52,234,463,FINAL (ENTRADA MANUAL)
88,5,1,104,120,15,,,,0,0,0,74,94,13,,,1,6,3,,,1,0,48,240,535,FINAL (ENTRADA MANUAL)
88,6,1,95,127,23,,,,1,0,0,83,103,20,,,4,0,3,,,2,0,33,248,414,FINAL (ENTRADA MANUAL)
88,6,2,93,129,28,,,,0,0,0,77,107,24,,,1,5,4,,,2,0,32,252,415,FINAL (ENTRADA MANUAL)
88,7,1,93,131,7,,,,0,0,1,73,96,7,,,1,4,5,,,0,0,46,232,524,FINAL (ENTRADA MANUAL)
88,7,2,102,133,13,,,,0,0,0,85,105,10,,,4,4,0,,,0,0,40,248,524,FINAL (ENTRADA MANUAL)
88,7,3,92,130,19,,,,1,0,2,63,100,13,,,3,4,4,,,2,0,57,246,523,FINAL (ENTRADA MANUAL)
88,8,1,68,168,8,,,,0,1,1,55,147,8,,,0,3,0,,,0,0,33,246,543,FINAL (ENTRADA MANUAL)
88,8,2,67,151,8,,,,0,0,0,43,131,7,,,1,3,1,,,0,0,40,226,543,FINAL (ENTRADA MANUAL)
88,8,3,69,168,9,,,,2,0,0,48,136,7,,,2,2,0,,,2,0,53,250,544,FINAL (ENTRADA MANUAL)
88,9,1,157,116,13,,,,0,0,0,135,83,12,,,4,6,0,,,1,0,47,288,551,FINAL (ENTRADA MANUAL)
88,9,2,128,121,22,,,,0,0,1,93,94,18,,,2,4,4,,,0,0,57,272,551,FINAL (ENTRADA MANUAL)
88,9,3,149,112,12,,,,0,0,0,122,93,7,,,0,3,1,,,1,0,47,274,552,FINAL (ENTRADA MANUAL)
88,10,1,117,118,6,,,,0,0,0,88,83,3,,,1,2,0,,,0,0,64,241,573,FINAL (ENTRADA MANUAL)
88,10,2,119,107,16,,,,0,0,0,97,94,15,,,3,7,2,,,0,0,24,242,573,FINAL (ENTRADA MANUAL)
88,10,3,125,96,9,,,,0,0,1,88,65,6,,,1,1,2,,,3,0,68,234,573,FINAL (ENTRADA MANUAL)
88,11,1,107,140,32,,,,1,0,0,81,112,19,,,1,3,2,,,2,0,62,282,552,FINAL (ENTRADA MANUAL)
88,11,2,116,145,16,,,,0,0,2,84,110,12,,,3,5,1,,,3,0,64,282,552,FINAL (ENTRADA MANUAL)
88,11,3,126,174,18,,,,0,0,0,90,131,14,,,1,2,1,,,0,0,79,318,552,FINAL (ENTRADA MANUAL)
88,11,4,89,158,28,,,,0,0,0,66,130,25,,,5,2,1,,,2,0,46,277,554,FINAL (ENTRADA MANUAL)
88,12,1,128,122,18,,,,0,0,1,81,69,9,,,0,3,1,,,3,0,106,272,525,FINAL (ENTRADA MANUAL)
88,12,2,135,110,17,,,,0,0,0,114,97,13,,,3,2,1,,,3,0,32,265,525,FINAL (ENTRADA MANUAL)
88,12,3,95,136,17,,,,0,0,0,75,94,9,,,2,1,2,,,3,0,65,251,525,FINAL (ENTRADA MANUAL)
88,12,4,98,124,16,,,,0,0,1,84,104,14,,,3,0,2,,,0,0,32,239,525,FINAL (ENTRADA MANUAL)
88,12,5,95,125,15,,,,0,0,1,82,95,12,,,1,1,1,,,1,1,44,238,524,FINAL (ENTRADA MANUAL)
88,13,1,111,109,21,,,,1,0,0,89,94,15,,,1,3,1,,,0,0,39,242,503,FINAL (ENTRADA MANUAL)
88,13,2,95,122,16,,,,0,0,0,68,104,11,,,0,0,1,,,2,0,49,235,503,FINAL (ENTRADA MANUAL)
88,13,3,72,98,18,,,,0,0,2,58,72,16,,,2,2,2,,,0,0,38,190,503,FINAL (ENTRADA MANUAL)
88,13,4,63,142,13,,,,0,1,0,47,104,9,,,0,1,1,,,1,0,57,220,502,FINAL (ENTRADA MANUAL)
88,14,1,105,134,25,,,,0,0,0,74,109,13,,,3,2,1,,,1,0,62,265,548,FINAL (ENTRADA MANUAL)
88,14,2,105,132,20,,,,0,0,0,93,120,19,,,1,2,0,,,0,0,22,257,548,FINAL (ENTRADA MANUAL)
88,15,1,99,156,13,,,,0,0,0,79,127,10,,,2,0,2,,,0,1,48,269,525,FINAL (ENTRADA MANUAL)
88,15,2,114,135,23,,,,1,0,0,97,112,16,,,1,5,2,,,2,0,40,275,525,FINAL (ENTRADA MANUAL)
88,15,3,83,160,25,,,,0,0,2,71,120,19,,,4,4,1,,,2,0,51,272,525,FINAL (ENTRADA MANUAL)
88,15,4,96,162,22,,,,1,0,0,76,131,15,,,4,2,4,,,1,0,49,282,525,FINAL (ENTRADA MANUAL)
88,15,5,102,136,39,,,,1,0,0,72,93,31,,,4,2,3,,,0,0,73,278,526,FINAL (ENTRADA MANUAL)
88,74,1,19,40,2,,,,0,0,1,17,38,2,,,0,1,0,,,0,0,4,62,0,FINAL (ENTRADA MANUAL)
88,74,2,22,36,2,,,,0,0,0,15,26,2,,,0,0,0,,,0,0,17,60,0,FINAL (ENTRADA MANUAL)
88,74,3,13,51,1,,,,0,0,1,12,42,1,,,0,1,0,,,2,0,10,68,0,FINAL (ENTRADA MANUAL)
88,75,1,0,1,0,,,,0,0,0,0,1,0,,,0,0,0,,,0,0,0,1,0,FINAL (ENTRADA MANUAL)
88,75,2,2,0,1,,,,0,1,0,0,0,0,,,0,0,1,,,0,0,3,4,0,FINAL (ENTRADA MANUAL)
88,75,3,0,0,0,,,,0,0,0,0,0,0,,,0,0,0,,,0,0,0,0,0,FINAL (ENTRADA MANUAL)
88,77,1,390,391,8,,,,0,0,0,387,376,8,,,6,3,0,,,1,0,9,790,0,FINAL (ENTRADA MANUAL)
88,77,2,122,108,5,,,,0,0,0,120,100,5,,,5,0,1,,,0,0,4,235,0,FINAL (ENTRADA MANUAL)
88,77,3,4,10,2,,,,0,0,1,2,6,2,,,0,1,0,,,0,0,6,17,0,FINAL (ENTRADA MANUAL)
88,77,5,0,0,0,,,,0,0,0,0,0,0,,,0,0,0,,,0,0,0,0,0,FINAL (ENTRADA MANUAL)
88,78,1,13,9,1,,,,0,0,0,10,7,0,,,1,0,1,,,0,7,4,30,0,FINAL (ENTRADA MANUAL)
88,78,2,0,0,0,,,,0,0,0,0,0,0,,,0,0,0,,,0,0,0,0,0,FINAL (ENTRADA MANUAL)
88,78,3,0,0,0,,,,0,0,0,0,0,0,,,0,0,0,,,0,0,0,0,0,FINAL (ENTRADA MANUAL)
89,1,1,164,70,44,,,,0,0,3,126,59,24,3,,3,3,6,4,,3,0,53,284,563,FINAL (ENTRADA MANUAL)
89,1,2,132,80,38,,,,2,0,4,104,69,20,2,,5,3,1,0,,1,0,52,257,563,FINAL (ENTRADA MANUAL)
89,1,3,134,98,51,,,,1,0,6,102,80,30,3,,8,6,5,13,,3,2,43,295,563,FINAL (ENTRADA MANUAL)
89,1,4,147,57,35,,,,2,0,14,96,45,17,8,,3,5,3,3,,2,1,75,258,563,FINAL (ENTRADA MANUAL)
89,1,5,144,66,45,,,,0,0,2,113,50,27,1,,3,2,4,3,,2,0,54,259,563,FINAL (ENTRADA MANUAL)
89,1,6,152,54,47,,,,1,0,8,115,39,27,5,,3,0,6,2,,4,0,65,266,563,FINAL (ENTRADA MANUAL)
89,2,1,79,67,13,,,,0,0,1,60,49,8,1,,2,0,3,1,,1,0,36,161,330,FINAL (ENTRADA MANUAL)
89,2,2,74,71,7,,,,1,0,4,60,55,4,3,,2,1,2,2,,0,0,28,157,330,FINAL (ENTRADA MANUAL)
89,3,1,146,72,11,,,,2,0,4,107,62,5,4,,2,1,0,3,,1,0,51,236,614,FINAL (ENTRADA MANUAL)
89,3,2,147,76,11,,,,0,0,3,119,61,6,1,,3,3,0,1,,2,0,43,239,615,FINAL (ENTRADA MANUAL)
89,4,1,155,105,31,,,,0,0,3,108,75,19,2,,4,3,8,0,,2,0,75,296,553,FINAL (ENTRADA MANUAL)
89,4,2,153,54,45,,,,1,0,7,109,36,32,5,,0,4,1,5,,2,0,68,262,553,FINAL (ENTRADA MANUAL)
89,4,3,170,61,38,,,,1,1,4,110,44,23,4,,3,2,3,6,,3,0,80,278,553,FINAL (ENTRADA MANUAL)
89,4,4,149,67,45,,,,0,0,3,94,54,22,2,,3,2,7,1,,3,0,79,267,554,FINAL (ENTRADA MANUAL)
89,5,1,172,69,31,,,,0,0,2,139,50,26,1,,6,3,5,4,,0,0,40,274,593,FINAL (ENTRADA MANUAL)
89,5,2,128,78,14,,,,1,0,8,102,62,5,8,,5,1,1,2,,4,0,43,233,593,FINAL (ENTRADA MANUAL)
89,5,3,166,77,27,,,,0,0,6,116,57,15,5,,7,4,4,3,,2,0,65,278,593,FINAL (ENTRADA MANUAL)
89,5,4,148,51,15,,,,0,0,5,118,39,11,3,,1,1,1,1,,2,0,44,221,593,FINAL (ENTRADA MANUAL)
89,5,5,154,76,12,,,,0,0,3,110,50,5,3,,5,0,4,2,,1,0,66,246,594,FINAL (ENTRADA MANUAL)
89,6,1,156,62,13,,,,0,0,2,140,49,7,2,,3,2,0,0,,1,0,30,234,489,FINAL (ENTRADA MANUAL)
89,6,2,150,50,21,,,,1,0,3,119,36,13,2,,5,1,2,2,,1,0,45,226,489,FINAL (ENTRADA MANUAL)
89,7,1,130,37,13,,,,2,0,1,104,28,8,1,,4,1,1,2,,0,0,34,183,420,FINAL (ENTRADA MANUAL)
89,7,2,138,45,13,,,,0,0,1,124,35,8,0,,4,4,0,1,,0,0,21,197,421,FINAL (ENTRADA MANUAL)
89,8,1,157,66,22,,,,0,0,5,123,52,16,4,,3,5,6,3,,4,0,38,254,593,FINAL (ENTRADA MANUAL)
89,8,2,180,68,31,,,,0,0,4,114,50,22,2,,10,1,3,2,,1,0,79,284,593,FINAL (ENTRADA MANUAL)
89,8,3,162,79,29,,,,2,0,5,108,52,18,3,,2,4,2,4,,5,0,84,282,593,FINAL (ENTRADA MANUAL)
89,8,4,161,85,24,,,,0,0,3,122,62,16,2,,4,6,5,3,,0,0,53,273,593,FINAL (ENTRADA MANUAL)
89,9,1,134,93,21,,,,1,0,3,74,56,13,2,,4,3,2,5,,0,0,93,252,484,FINAL (ENTRADA MANUAL)
89,9,2,115,77,19,,,,2,0,6,82,59,14,6,,3,7,0,1,,1,0,47,220,484,FINAL (ENTRADA MANUAL)
89,9,3,120,88,20,,,,1,0,8,82,69,15,6,,3,3,1,2,,1,0,56,238,484,FINAL (ENTRADA MANUAL)
89,9,4,126,69,25,,,,1,0,4,104,57,14,4,,3,5,3,0,,2,0,35,227,484,FINAL (ENTRADA MANUAL)
89,9,5,109,104,20,,,,0,0,3,76,83,16,3,,5,3,0,0,,2,1,50,239,484,FINAL (ENTRADA MANUAL)
89,10,1,163,66,27,,,,2,0,3,119,47,19,3,,2,5,2,2,,3,0,62,264,590,FINAL (ENTRADA MANUAL)
89,10,2,159,73,27,,,,0,0,1,108,45,15,0,,2,3,5,1,,3,0,81,263,590,FINAL (ENTRADA MANUAL)
89,10,3,152,60,40,,,,0,1,4,97,42,17,3,,7,0,3,1,,1,0,87,258,590,FINAL (ENTRADA MANUAL)
89,10,4,164,68,30,,,,1,0,7,121,52,22,5,,3,4,2,1,,4,0,60,274,590,FINAL (ENTRADA MANUAL)
89,10,5,151,75,34,,,,0,0,3,113,57,22,2,,3,4,3,1,,3,0,58,266,591,FINAL (ENTRADA MANUAL)
89,74,1,68,20,4,,,,0,0,1,55,18,2,0,,1,0,0,0,,0,0,17,93,0,FINAL (ENTRADA MANUAL)
89,74,2,57,27,3,,,,0,0,0,54,24,2,0,,1,1,0,1,,0,0,4,87,0,FINAL (ENTRADA MANUAL)
89,74,3,64,20,3,,,,0,0,0,50,17,3,0,,0,2,0,0,,0,0,15,87,0,FINAL (ENTRADA MANUAL)
89,74,4,53,26,7,,,,0,0,2,34,23,4,1,,2,1,0,0,,0,0,23,88,0,FINAL (ENTRADA MANUAL)
89,74,5,0,0,0,,,,0,0,0,0,0,0,0,,0,0,0,0,,0,0,0,0,0,FINAL (ENTRADA MANUAL)
89,75,1,2,2,0,,,,5,0,0,0,0,0,0,,0,0,0,0,,0,0,9,9,0,FINAL (ENTRADA MANUAL)
89,75,2,0,0,0,,,,0,0,0,0,0,0,0,,0,0,0,0,,0,0,0,0,0,FINAL (ENTRADA MANUAL)
89,77,1,949,197,20,,,,0,0,3,815,171,18,1,,11,38,3,0,,0,0,112,1169,0,FINAL (ENTRADA MANUAL)
89,77,2,285,61,4,,,,0,1,1,245,50,3,0,,0,4,3,0,,3,0,47,355,0,FINAL (ENTRADA MANUAL)
89,77,3,102,43,15,,,,0,1,2,28,14,6,1,,5,7,2,3,,2,1,160,229,0,FINAL (ENTRADA MANUAL)
89,77,5,0,0,0,,,,0,0,0,0,0,0,0,,0,0,0,0,,0,0,0,0,0,FINAL (ENTRADA MANUAL)
89,78,1,33,17,2,,,,0,4,2,26,11,2,0,,0,1,0,0,,1,4,13,58,0,FINAL (ENTRADA MANUAL)
89,78,2,0,0,0,,,,0,0,0,0,0,0,0,,0,0,0,0,,0,0,0,0,0,FINAL (ENTRADA MANUAL)
89,78,3,0,0,0,,,,0,0,0,0,0,0,0,,0,0,0,0,,0,0,0,0,0,FINAL (ENTRADA MANUAL)
90,1,1,61,116,6,,,,0,0,2,33,99,5,2,,0,3,1,0,,0,0,42,185,409,FINAL (ENTRADA MANUAL)
90,1,2,66,114,12,,,,0,0,3,38,104,7,2,,2,1,1,1,,0,0,39,195,409,FINAL (ENTRADA MANUAL)
90,2,1,139,100,34,,,,1,0,6,120,86,22,6,,4,0,7,0,,2,1,35,283,578,FINAL (ENTRADA MANUAL)
90,2,2,125,97,31,,,,1,0,8,72,71,16,5,,3,3,3,5,,2,1,84,265,578,FINAL (ENTRADA MANUAL)
90,2,3,120,93,29,,,,1,2,3,77,74,18,3,,2,3,2,6,,2,0,63,250,578,FINAL (ENTRADA MANUAL)
90,3,1,112,65,13,,,,1,0,3,87,48,5,1,,3,1,0,0,,2,0,49,196,392,FINAL (ENTRADA MANUAL)
90,4,1,111,62,17,,,,4,0,4,60,47,9,2,,1,4,3,1,,4,0,71,202,406,FINAL (ENTRADA MANUAL)
90,4,2,103,70,17,,,,0,0,5,75,56,11,2,,3,2,2,1,,2,0,43,197,406,FINAL (ENTRADA MANUAL)
90,4,3,95,68,20,,,,0,0,0,82,51,14,0,,3,4,0,1,,4,1,28,188,406,FINAL (ENTRADA MANUAL)
90,5,1,63,34,13,,,,0,0,2,43,29,9,2,,0,2,0,0,,1,0,27,113,233,FINAL (ENTRADA MANUAL)
90,74,1,14,12,0,,,,0,0,0,13,12,0,0,,0,1,0,0,,0,0,0,26,0,FINAL (ENTRADA MANUAL)
90,75,1,4,1,1,,,,0,0,0,2,0,0,0,,1,0,0,0,,0,0,3,6,0,FINAL (ENTRADA MANUAL)
90,77,1,27,20,1,,,,0,0,1,24,20,1,1,,3,0,0,0,,0,0,0,49,0,FINAL (ENTRADA MANUAL)
90,77,2,117,76,3,,,,0,0,1,102,73,2,1,,1,11,1,0,,0,0,6,197,0,FINAL (ENTRADA MANUAL)
90,77,3,59,21,1,,,,0,0,0,18,8,0,0,,3,0,0,0,,3,0,52,84,0,FINAL (ENTRADA MANUAL)
90,77,5,0,0,0,,,,0,0,0,0,0,0,0,,0,0,0,0,,0,0,0,0,0,FINAL (ENTRADA MANUAL)
90,78,1,3,2,1,,,,0,0,0,2,1,1,0,,0,0,0,0,,0,1,2,7,0,FINAL (ENTRADA MANUAL)
90,78,2,0,0,0,,,,0,0,0,0,0,0,0,,0,0,0,0,,0,0,0,0,0,FINAL (ENTRADA MANUAL)
90,78,3,0,0,0,,,,0,0,0,0,0,0,0,,0,0,0,0,,0,0,0,0,0,FINAL (ENTRADA MANUAL)
91,1,1,126,129,30,,,,0,0,0,94,102,17,,,3,3,2,,,2,0,64,287,554,FINAL (ENTRADA MANUAL)
91,1,2,106,97,24,,,,0,0,1,81,70,15,,,1,2,1,,,1,0,58,229,554,FINAL (ENTRADA MANUAL)
91,1,3,107,112,13,,,,1,0,1,80,73,8,,,2,3,1,,,0,0,67,234,554,FINAL (ENTRADA MANUAL)
91,1,4,102,128,27,,,,0,0,1,78,101,17,,,1,3,3,,,5,0,55,263,554,FINAL (ENTRADA MANUAL)
91,2,1,64,100,7,,,,0,0,0,43,74,5,,,1,3,1,,,2,0,44,173,359,FINAL (ENTRADA MANUAL)
91,3,1,108,59,11,,,,0,0,0,90,38,7,,,1,4,0,,,2,0,38,180,366,FINAL (ENTRADA MANUAL)
91,4,1,77,59,16,,,,0,0,0,46,39,10,,,3,1,0,,,1,0,53,153,308,FINAL (ENTRADA MANUAL)
91,5,1,101,102,26,,,,1,0,1,75,77,16,,,1,1,1,,,2,0,60,233,424,FINAL (ENTRADA MANUAL)
91,5,2,73,121,9,,,,1,0,0,60,100,6,,,0,2,0,,,2,2,36,208,424,FINAL (ENTRADA MANUAL)
91,5,3,83,104,21,,,,1,0,1,65,69,12,,,0,2,1,,,2,0,61,212,423,FINAL (ENTRADA MANUAL)
91,6,1,21,3,3,,,,0,0,0,19,3,1,,,0,0,0,,,0,0,4,27,60,FINAL (ENTRADA MANUAL)
91,7,1,97,64,8,,,,0,0,1,70,46,5,,,0,0,1,,,2,0,48,172,348,FINAL (ENTRADA MANUAL)
91,7,2,64,79,11,,,,1,0,0,39,62,7,,,3,0,0,,,2,0,44,157,347,FINAL (ENTRADA MANUAL)
91,8,1,125,105,13,,,,1,0,0,99,83,9,,,1,2,1,,,0,0,49,244,510,FINAL (ENTRADA MANUAL)
91,9,1,113,86,13,,,,0,0,2,85,72,9,,,7,2,0,,,1,0,39,215,424,FINAL (ENTRADA MANUAL)
91,10,1,92,83,15,,,,0,0,0,61,61,11,,,0,1,0,,,2,1,56,193,372,FINAL (ENTRADA MANUAL)
91,11,1,105,106,30,,,,0,0,1,82,78,18,,,6,1,2,,,0,0,55,242,540,FINAL (ENTRADA MANUAL)
91,11,2,115,118,16,,,,5,0,0,83,82,11,,,4,4,2,,,3,0,68,257,540,FINAL (ENTRADA MANUAL)
91,11,3,113,105,19,,,,2,0,1,88,78,9,,,5,5,1,,,0,0,54,240,539,FINAL (ENTRADA MANUAL)
91,12,1,100,92,13,,,,0,0,0,74,76,8,,,0,1,1,,,1,0,45,206,482,FINAL (ENTRADA MANUAL)
91,12,2,96,100,20,,,,0,0,1,65,66,15,,,1,1,0,,,0,0,69,217,482,FINAL (ENTRADA MANUAL)
91,12,3,90,110,13,,,,0,0,0,63,94,8,,,0,3,0,,,3,0,45,216,482,FINAL (ENTRADA MANUAL)
91,12,4,80,109,6,,,,3,0,2,58,78,5,,,0,2,0,,,4,0,57,204,483,FINAL (ENTRADA MANUAL)
91,13,1,101,99,13,,,,1,0,1,81,76,10,,,6,0,2,,,0,0,40,215,394,FINAL (ENTRADA MANUAL)
91,14,1,57,81,11,,,,0,0,1,38,50,6,,,1,0,1,,,0,0,54,150,349,FINAL (ENTRADA MANUAL)
91,14,2,45,93,21,,,,0,0,2,33,71,12,,,1,5,1,,,0,1,38,162,349,FINAL (ENTRADA MANUAL)
91,15,1,80,84,15,,,,0,0,0,57,56,7,,,3,1,0,,,1,0,55,180,404,FINAL (ENTRADA MANUAL)
91,15,2,105,88,10,,,,0,0,0,75,64,7,,,2,2,1,,,1,0,52,204,404,FINAL (ENTRADA MANUAL)
91,16,1,119,61,12,,,,0,0,0,89,44,8,,,4,3,0,,,1,0,44,193,330,FINAL (ENTRADA MANUAL)
91,16,2,92,62,10,,,,0,0,0,69,46,8,,,4,1,0,,,1,0,36,165,331,FINAL (ENTRADA MANUAL)
91,17,1,117,45,6,,,,0,0,0,91,35,4,,,2,4,0,,,1,0,32,169,350,FINAL (ENTRADA MANUAL)
91,17,2,118,59,1,,,,0,0,0,89,45,0,,,1,1,1,,,1,0,41,179,351,FINAL (ENTRADA MANUAL)
91,74,1,62,13,2,,,,0,0,0,58,9,2,,,1,0,0,,,1,0,7,78,0,FINAL (ENTRADA MANUAL)
91,74,2,57,18,2,,,,0,0,0,46,14,2,,,1,0,0,,,0,0,14,77,0,FINAL (ENTRADA MANUAL)
91,74,3,41,8,3,,,,0,0,0,40,2,2,,,6,0,0,,,0,0,2,52,0,FINAL (ENTRADA MANUAL)
91,74,4,50,13,2,,,,0,0,0,48,12,0,,,1,0,0,,,0,0,4,65,0,FINAL (ENTRADA MANUAL)
91,75,1,0,2,0,,,,0,0,0,0,0,0,,,0,1,0,,,0,0,1,2,0,FINAL (ENTRADA MANUAL)
91,75,2,2,6,0,,,,1,0,0,1,1,0,,,0,0,0,,,0,0,7,9,0,FINAL (ENTRADA MANUAL)
91,75,3,3,0,0,,,,0,0,0,2,0,0,,,0,0,0,,,0,0,1,3,0,FINAL (ENTRADA MANUAL)
91,75,4,5,1,1,,,,1,0,0,1,0,1,,,1,0,0,,,0,0,5,8,0,FINAL (ENTRADA MANUAL)
91,77,1,7,4,1,,,,0,0,0,7,4,1,,,0,0,0,,,0,0,0,12,0,FINAL (ENTRADA MANUAL)
91,77,2,186,348,29,,,,0,0,0,177,341,25,,,5,1,3,,,0,0,11,563,0,FINAL (ENTRADA MANUAL)
91,77,3,5,2,1,,,,0,0,0,4,1,1,,,0,0,0,,,0,0,2,8,0,FINAL (ENTRADA MANUAL)
91,77,5,0,0,0,,,,0,0,0,0,0,0,,,0,0,0,,,0,0,0,0,0,FINAL (ENTRADA MANUAL)
91,78,1,8,6,0,,,,0,0,1,7,5,0,,,0,0,0,,,0,1,2,15,0,FINAL (ENTRADA MANUAL)
91,78,2,0,0,0,,,,0,0,0,0,0,0,,,0,0,0,,,0,0,0,0,0,FINAL (ENTRADA MANUAL)
91,78,3,0,0,0,,,,0,0,0,0,0,0,,,0,0,0,,,0,0,0,0,0,FINAL (ENTRADA MANUAL)
92,1,1,78,110,6,,,,0,0,0,47,86,3,,,5,1,0,,,0,0,52,194,365,FINAL (ENTRADA MANUAL)
92,2,1,156,94,5,,,,0,0,0,127,69,4,,,4,2,2,,,1,0,47,256,558,FINAL (ENTRADA MANUAL)
92,2,2,138,102,10,,,,0,0,0,105,85,9,,,2,7,0,,,0,0,42,250,558,FINAL (ENTRADA MANUAL)
92,2,3,157,97,11,,,,0,0,0,125,74,8,,,3,8,1,,,2,0,46,267,558,FINAL (ENTRADA MANUAL)
92,2,4,148,81,15,,,,0,0,4,107,63,8,,,1,5,0,,,0,0,64,248,558,FINAL (ENTRADA MANUAL)
92,2,5,161,83,7,,,,0,0,1,129,58,5,,,4,2,2,,,0,0,52,252,556,FINAL (ENTRADA MANUAL)
92,3,1,148,120,19,,,,0,0,1,107,98,16,,,2,3,0,,,1,0,62,289,573,FINAL (ENTRADA MANUAL)
92,4,1,115,101,4,,,,0,0,1,83,85,3,,,4,0,1,,,3,0,45,224,397,FINAL (ENTRADA MANUAL)
92,5,1,143,86,9,,,,0,0,0,131,68,5,,,3,1,3,,,1,0,27,239,476,FINAL (ENTRADA MANUAL)
92,5,2,168,90,5,,,,0,0,0,147,74,4,,,5,5,2,,,0,0,26,263,475,FINAL (ENTRADA MANUAL)
92,6,1,87,130,3,,,,0,0,2,69,119,2,,,1,2,0,,,1,0,29,223,461,FINAL (ENTRADA MANUAL)
92,6,2,78,149,3,,,,0,0,0,63,134,1,,,2,4,1,,,0,0,25,230,461,FINAL (ENTRADA MANUAL)
92,7,1,123,92,2,,,,0,0,1,103,69,1,,,0,2,2,,,0,1,41,219,414,FINAL (ENTRADA MANUAL)
92,7,2,124,93,4,,,,0,0,0,109,76,0,,,1,2,2,,,2,0,31,223,414,FINAL (ENTRADA MANUAL)
92,8,1,100,124,12,,,,0,0,0,71,90,8,,,1,7,2,,,1,1,57,238,489,FINAL (ENTRADA MANUAL)
92,8,2,114,94,10,,,,0,0,1,94,71,10,,,3,2,1,,,0,0,38,219,489,FINAL (ENTRADA MANUAL)
92,8,3,84,110,15,,,,0,0,0,67,88,12,,,2,5,2,,,0,0,33,209,488,FINAL (ENTRADA MANUAL)
92,9,1,108,125,6,,,,0,0,0,81,109,5,,,0,5,0,,,0,0,39,239,552,FINAL (ENTRADA MANUAL)
92,74,1,37,35,5,,,,0,0,0,33,31,4,,,0,0,1,,,0,0,8,77,0,FINAL (ENTRADA MANUAL)
92,75,1,2,1,0,,,,0,0,0,1,0,0,,,0,0,0,,,0,0,2,3,0,FINAL (ENTRADA MANUAL)
92,77,1,130,186,4,,,,0,0,0,127,185,4,,,0,2,0,,,0,0,2,320,0,FINAL (ENTRADA MANUAL)
92,77,2,325,403,19,,,,0,0,0,318,393,16,,,3,3,2,,,0,0,12,747,0,FINAL (ENTRADA MANUAL)
92,77,3,34,48,2,,,,0,0,0,9,7,0,,,1,3,0,,,5,0,64,89,0,FINAL (ENTRADA MANUAL)
92,77,5,0,0,0,,,,0,0,0,0,0,0,,,0,0,0,,,0,0,0,0,0,FINAL (ENTRADA MANUAL)
92,78,1,4,0,0,,,,0,0,0,2,0,0,,,0,0,0,,,0,3,2,7,0,FINAL (ENTRADA MANUAL)
92,78,2,0,0,0,,,,0,0,0,0,0,0,,,0,0,0,,,0,0,0,0,0,FINAL (ENTRADA MANUAL)
92,78,3,0,0,0,,,,0,0,0,0,0,0,,,0,0,0,,,0,0,0,0,0,FINAL (ENTRADA MANUAL)
92,79,1,0,0,0,,,,0,0,1,0,0,0,,,0,0,0,,,0,1,0,1,0,FINAL (ENTRADA MANUAL)
93,1,1,74,153,8,,,,0,0,0,69,128,6,0,,2,3,0,1,,0,0,26,235,492,FINAL (ENTRADA MANUAL)
93,1,2,58,176,4,,,,0,0,2,49,137,2,2,,2,4,0,1,,0,0,43,240,492,FINAL (ENTRADA MANUAL)
93,1,3,81,155,6,,,,0,0,0,71,120,3,0,,1,4,0,0,,1,0,43,243,493,FINAL (ENTRADA MANUAL)
93,2,1,67,136,4,,,,1,0,4,59,97,4,2,,5,2,0,2,,2,0,41,214,402,FINAL (ENTRADA MANUAL)
93,2,2,68,123,1,,,,0,0,4,59,98,1,1,,4,3,0,0,,1,0,30,197,402,FINAL (ENTRADA MANUAL)
93,3,1,81,156,14,,,,1,0,1,66,115,10,1,,7,3,1,4,,1,0,46,254,498,FINAL (ENTRADA MANUAL)
93,3,2,83,129,2,,,,0,1,1,73,88,2,0,,1,4,0,1,,0,0,47,216,498,FINAL (ENTRADA MANUAL)
93,3,3,65,161,9,,,,1,0,4,54,108,4,1,,5,5,2,2,,1,0,59,241,498,FINAL (ENTRADA MANUAL)
93,3,4,70,168,2,,,,0,0,1,54,130,0,0,,6,5,1,5,,1,0,40,242,500,FINAL (ENTRADA MANUAL)
93,4,1,68,166,4,,,,2,0,1,54,115,1,0,,3,4,3,2,,1,0,59,242,527,FINAL (ENTRADA MANUAL)
93,4,2,58,159,3,,,,0,0,3,43,113,2,2,,2,3,3,1,,3,0,54,226,527,FINAL (ENTRADA MANUAL)
93,4,3,70,143,9,,,,0,0,1,65,99,7,0,,2,6,4,1,,0,0,39,223,527,FINAL (ENTRADA MANUAL)
93,4,4,66,135,7,,,,0,0,0,53,91,3,0,,4,1,1,3,,0,0,52,208,527,FINAL (ENTRADA MANUAL)
93,4,5,66,153,7,,,,1,0,1,57,100,4,1,,0,4,0,1,,0,0,61,228,529,FINAL (ENTRADA MANUAL)
93,5,1,61,174,6,,,,1,0,1,56,144,3,1,,3,3,1,5,,1,0,27,244,562,FINAL (ENTRADA MANUAL)
93,5,2,89,159,2,,,,0,1,0,76,116,1,0,,5,2,1,1,,2,0,49,253,561,FINAL (ENTRADA MANUAL)
93,6,1,91,176,6,,,,1,0,3,78,135,5,2,,1,5,0,0,,0,0,51,277,584,FINAL (ENTRADA MANUAL)
93,6,2,96,162,11,,,,1,1,1,68,111,7,0,,6,1,4,2,,0,0,73,272,584,FINAL (ENTRADA MANUAL)
93,6,3,71,205,7,,,,1,0,2,61,142,4,1,,3,7,1,0,,2,1,67,289,583,FINAL (ENTRADA MANUAL)
93,7,1,75,151,5,,,,0,0,1,63,125,5,1,,3,3,1,4,,1,1,27,234,476,FINAL (ENTRADA MANUAL)
93,7,2,79,164,5,,,,0,0,2,69,138,1,1,,0,5,3,4,,0,0,29,250,475,FINAL (ENTRADA MANUAL)
93,8,1,132,144,10,,,,0,0,3,105,95,4,1,,9,3,0,0,,0,0,72,289,574,FINAL (ENTRADA MANUAL)
93,8,2,109,145,6,,,,1,0,2,100,95,3,2,,6,3,3,2,,2,0,49,265,573,FINAL (ENTRADA MANUAL)
93,9,1,64,149,5,,,,0,0,3,51,101,1,1,,1,5,0,1,,0,0,60,221,404,FINAL (ENTRADA MANUAL)
93,9,2,95,243,16,,,,0,0,1,82,191,12,1,,5,8,1,3,,1,0,52,356,404,FINAL (ENTRADA MANUAL)
93,9,3,0,0,0,,,,0,0,0,0,0,0,0,,0,0,0,0,,0,0,0,0,403,FINAL (ENTRADA MANUAL)
93,10,1,70,156,8,,,,0,0,0,63,103,5,0,,2,3,2,4,,1,0,52,235,498,FINAL (ENTRADA MANUAL)
93,10,2,86,127,9,,,,0,0,3,75,83,7,1,,4,3,5,4,,1,0,43,226,498,FINAL (ENTRADA MANUAL)
93,10,3,102,141,2,,,,0,1,3,90,91,2,2,,7,6,0,4,,1,1,47,251,498,FINAL (ENTRADA MANUAL)
93,10,4,94,138,4,,,,0,0,1,83,97,2,1,,0,1,2,0,,1,0,51,238,496,FINAL (ENTRADA MANUAL)
93,11,1,61,169,7,,,,1,0,0,52,117,5,0,,3,2,2,1,,1,0,56,239,561,FINAL (ENTRADA MANUAL)
93,11,2,68,173,9,,,,1,1,1,49,115,4,0,,3,8,1,0,,2,0,73,255,561,FINAL (ENTRADA MANUAL)
93,11,3,81,152,7,,,,0,0,1,77,111,5,1,,4,4,1,0,,1,0,38,242,561,FINAL (ENTRADA MANUAL)
93,11,4,67,166,5,,,,0,0,0,49,130,2,0,,1,2,2,0,,0,0,52,238,562,FINAL (ENTRADA MANUAL)
93,12,1,56,175,22,,,,0,0,3,45,129,12,2,,3,5,7,1,,1,0,52,257,507,FINAL (ENTRADA MANUAL)
93,12,2,59,155,5,,,,1,0,1,46,103,3,1,,5,7,0,3,,0,1,53,222,507,FINAL (ENTRADA MANUAL)
93,12,3,61,161,10,,,,0,0,1,50,120,3,1,,5,3,2,5,,0,0,44,233,508,FINAL (ENTRADA MANUAL)
93,13,1,83,140,1,,,,0,0,0,76,95,1,0,,4,6,1,3,,1,0,38,225,491,FINAL (ENTRADA MANUAL)
93,13,2,75,160,1,,,,0,0,1,72,116,1,0,,2,0,1,0,,1,0,45,238,491,FINAL (ENTRADA MANUAL)
93,14,1,80,175,2,,,,1,0,0,69,134,0,0,,3,2,0,0,,1,0,50,259,600,FINAL (ENTRADA MANUAL)
93,15,1,76,167,7,,,,0,0,3,73,118,2,3,,2,0,2,2,,0,0,51,253,492,FINAL (ENTRADA MANUAL)
93,15,2,50,161,4,,,,1,0,2,43,124,1,2,,3,2,2,2,,1,0,39,219,492,FINAL (ENTRADA MANUAL)
93,15,3,35,93,2,,,,0,0,0,30,66,0,0,,0,1,1,0,,1,0,32,131,492,FINAL (ENTRADA MANUAL)
93,15,4,43,182,9,,,,0,0,1,35,117,2,1,,3,1,4,2,,0,0,70,235,493,FINAL (ENTRADA MANUAL)
93,16,1,70,201,9,,,,0,0,1,59,137,6,0,,0,7,1,4,,0,0,67,281,555,FINAL (ENTRADA MANUAL)
93,16,2,53,180,7,,,,0,1,6,48,127,7,6,,2,6,1,1,,1,0,49,248,555,FINAL (ENTRADA MANUAL)
93,16,3,61,178,6,,,,0,1,2,54,126,4,2,,1,9,1,2,,1,0,49,249,555,FINAL (ENTRADA MANUAL)
93,16,4,50,201,7,,,,0,0,0,35,150,5,0,,2,1,3,0,,0,1,62,259,555,FINAL (ENTRADA MANUAL)
93,16,5,38,179,8,,,,0,0,2,35,118,6,2,,0,4,0,1,,3,1,61,231,555,FINAL (ENTRADA MANUAL)
93,16,6,37,178,8,,,,0,0,2,26,119,6,1,,1,1,2,2,,0,0,67,225,553,FINAL (ENTRADA MANUAL)
93,74,1,55,29,2,,,,0,0,0,42,17,2,0,,4,1,0,0,,0,0,20,86,0,FINAL (ENTRADA MANUAL)
93,74,2,71,15,0,,,,0,0,1,69,7,0,1,,2,0,1,0,,1,1,7,89,0,FINAL (ENTRADA MANUAL)
93,74,3,68,21,1,,,,0,0,0,58,12,0,0,,5,0,0,0,,2,0,15,92,0,FINAL (ENTRADA MANUAL)
93,74,4,53,16,1,,,,0,0,0,48,11,1,0,,1,0,0,0,,2,0,9,72,0,FINAL (ENTRADA MANUAL)
93,74,5,49,19,0,,,,0,0,0,43,15,0,0,,0,1,0,0,,0,0,9,68,0,FINAL (ENTRADA MANUAL)
93,74,6,47,20,4,,,,0,0,2,45,15,3,0,,0,0,0,0,,0,0,10,73,0,FINAL (ENTRADA MANUAL)
93,74,7,0,0,0,,,,0,0,0,0,0,0,0,,0,0,0,0,,0,0,0,0,0,FINAL (ENTRADA MANUAL)
93,75,1,20,61,5,,,,2,0,230,15,40,2,0,,1,0,1,0,,0,0,27,86,0,FINAL (ENTRADA MANUAL)
93,75,2,0,0,0,,,,0,0,0,0,0,0,0,,0,0,0,0,,0,0,0,0,0,FINAL (ENTRADA MANUAL)
93,77,1,474,814,12,,,,0,0,1,461,785,9,1,,20,4,6,0,,0,0,15,1301,0,FINAL (ENTRADA MANUAL)
93,77,2,287,472,2,,,,0,0,1,286,462,2,1,,2,6,0,0,,0,0,3,762,0,FINAL (ENTRADA MANUAL)
93,77,3,89,190,4,,,,0,2,1,15,26,1,0,,4,4,3,1,,15,3,234,306,0,FINAL (ENTRADA MANUAL)
93,77,5,0,0,0,,,,0,0,0,0,0,0,0,,0,0,0,0,,0,0,0,0,0,FINAL (ENTRADA MANUAL)
93,78,1,11,20,0,,,,0,0,3,11,13,0,0,,1,1,0,0,,0,3,5,34,0,FINAL (ENTRADA MANUAL)
93,78,2,2,14,0,,,,0,0,0,2,12,0,1,,0,1,0,0,,0,0,1,17,0,FINAL (ENTRADA MANUAL)
93,78,3,6,29,0,,,,0,0,0,6,19,0,0,,0,3,0,0,,0,0,7,35,0,FINAL (ENTRADA MANUAL)
94,1,1,100,130,21,,,,0,0,5,53,104,10,5,,2,2,5,2,,1,0,73,257,534,FINAL (ENTRADA MANUAL)
94,1,2,130,124,24,,,,0,0,7,89,95,9,7,,6,8,6,1,,2,1,64,288,533,FINAL (ENTRADA MANUAL)
94,2,1,64,106,9,,,,3,0,2,40,68,6,2,,0,1,1,0,,0,0,66,184,310,FINAL (ENTRADA MANUAL)
94,3,1,144,90,12,,,,0,0,1,84,67,4,1,,0,3,4,0,,2,0,84,249,528,FINAL (ENTRADA MANUAL)
94,3,2,115,116,9,,,,1,0,6,91,93,7,4,,4,5,3,1,,2,0,39,249,528,FINAL (ENTRADA MANUAL)
94,3,3,126,110,21,,,,4,0,3,82,79,13,2,,2,8,4,2,,2,0,72,266,529,FINAL (ENTRADA MANUAL)
94,4,1,119,131,9,,,,0,0,1,69,89,4,1,,2,5,3,0,,0,0,87,260,618,FINAL (ENTRADA MANUAL)
94,4,2,106,128,9,,,,0,0,9,66,113,7,7,,2,5,0,3,,0,0,49,252,617,FINAL (ENTRADA MANUAL)
94,5,1,122,110,20,,,,0,0,0,78,86,11,0,,6,2,3,3,,0,0,63,252,590,FINAL (ENTRADA MANUAL)
94,5,2,95,137,15,,,,1,0,4,70,101,7,4,,2,5,2,1,,1,0,60,253,591,FINAL (ENTRADA MANUAL)
94,6,1,73,161,3,,,,1,0,2,43,121,2,0,,3,3,2,2,,0,0,64,240,575,FINAL (ENTRADA MANUAL)
94,6,2,87,160,7,,,,0,0,1,52,115,5,1,,1,2,1,2,,2,0,76,257,575,FINAL (ENTRADA MANUAL)
94,7,1,116,109,18,,,,0,0,1,69,65,13,1,,4,4,4,8,,0,0,76,244,574,FINAL (ENTRADA MANUAL)
94,7,2,105,142,10,,,,1,0,2,69,100,3,2,,3,5,6,5,,3,0,67,263,574,FINAL (ENTRADA MANUAL)
94,7,3,121,139,15,,,,0,0,4,71,94,11,2,,2,5,8,5,,2,0,81,281,573,FINAL (ENTRADA MANUAL)
94,8,1,146,123,14,,,,0,0,5,91,102,7,4,,3,2,0,3,,0,0,76,290,618,FINAL (ENTRADA MANUAL)
94,8,2,144,104,13,,,,1,0,6,111,80,7,6,,0,5,3,1,,3,1,54,271,619,FINAL (ENTRADA MANUAL)
94,9,1,102,84,7,,,,0,0,3,65,54,4,3,,7,6,1,3,,0,0,53,196,463,FINAL (ENTRADA MANUAL)
94,9,2,116,92,9,,,,0,0,6,75,64,5,3,,2,5,3,1,,3,0,65,226,463,FINAL (ENTRADA MANUAL)
94,10,1,107,82,19,,,,3,0,2,80,62,4,1,,0,1,3,5,,1,0,57,214,427,FINAL (ENTRADA MANUAL)
94,10,2,79,100,9,,,,0,0,5,51,64,7,2,,0,6,3,1,,4,0,59,197,427,FINAL (ENTRADA MANUAL)
94,10,3,104,94,15,,,,2,0,2,76,79,12,2,,2,0,1,1,,3,0,44,220,426,FINAL (ENTRADA MANUAL)
94,11,1,146,90,12,,,,0,1,2,99,55,5,0,,2,11,7,5,,1,0,67,252,494,FINAL (ENTRADA MANUAL)
94,11,2,157,66,8,,,,0,0,3,122,44,5,2,,3,4,3,3,,1,1,47,236,494,FINAL (ENTRADA MANUAL)
94,11,3,171,67,8,,,,1,0,5,115,50,6,3,,0,3,2,2,,2,0,71,254,494,FINAL (ENTRADA MANUAL)
94,12,1,137,50,5,,,,1,0,1,92,36,1,1,,2,1,1,2,,0,0,58,194,350,FINAL (ENTRADA MANUAL)
94,12,2,155,46,8,,,,0,0,0,129,37,3,0,,1,2,0,1,,0,0,36,209,350,FINAL (ENTRADA MANUAL)
94,13,1,130,103,16,,,,0,0,2,78,79,8,1,,4,6,5,2,,1,0,68,252,498,FINAL (ENTRADA MANUAL)
94,13,2,115,78,20,,,,1,0,4,68,53,10,3,,2,2,3,3,,1,0,74,219,499,FINAL (ENTRADA MANUAL)
94,14,1,100,67,9,,,,0,0,3,61,48,5,1,,0,1,2,1,,1,0,60,180,422,FINAL (ENTRADA MANUAL)
94,14,2,105,54,13,,,,0,0,4,75,35,6,4,,0,2,2,2,,1,0,50,177,422,FINAL (ENTRADA MANUAL)
94,15,1,100,131,12,,,,0,0,1,59,84,8,1,,0,5,1,4,,1,0,82,245,645,FINAL (ENTRADA MANUAL)
94,15,2,111,122,8,,,,0,0,3,70,89,4,3,,3,4,2,1,,2,0,68,246,645,FINAL (ENTRADA MANUAL)
94,15,3,150,114,20,,,,0,0,4,76,80,13,2,,2,5,2,2,,0,0,106,288,645,FINAL (ENTRADA MANUAL)
94,15,4,110,112,14,,,,0,0,4,56,91,12,4,,4,2,3,4,,4,0,64,244,645,FINAL (ENTRADA MANUAL)
94,16,1,132,122,28,,,,0,0,5,87,84,12,4,,4,8,2,1,,1,0,85,288,552,FINAL (ENTRADA MANUAL)
94,16,2,102,118,16,,,,1,0,8,67,88,12,5,,3,1,1,1,,4,1,67,250,552,FINAL (ENTRADA MANUAL)
94,16,3,126,130,16,,,,0,0,4,74,93,8,3,,3,1,1,1,,2,0,92,278,552,FINAL (ENTRADA MANUAL)
94,16,4,121,115,20,,,,0,0,4,81,90,11,4,,2,8,5,2,,1,0,57,261,552,FINAL (ENTRADA MANUAL)
94,16,5,123,125,18,,,,0,0,5,74,92,7,5,,3,5,6,0,,1,0,79,272,552,FINAL (ENTRADA MANUAL)
94,17,1,79,135,26,,,,0,0,7,58,91,17,4,,3,13,4,0,,1,0,57,248,502,FINAL (ENTRADA MANUAL)
94,17,2,121,114,29,,,,1,0,9,91,78,16,7,,7,11,3,1,,1,0,60,275,502,FINAL (ENTRADA MANUAL)
94,17,3,80,102,35,,,,1,0,5,59,68,23,4,,1,9,3,3,,1,0,53,224,501,FINAL (ENTRADA MANUAL)
94,18,1,57,101,2,,,,0,0,0,40,95,0,0,,1,6,1,1,,1,0,16,161,326,FINAL (ENTRADA MANUAL)
94,18,2,48,87,6,,,,0,1,1,28,70,4,0,,0,2,2,0,,1,0,37,144,326,FINAL (ENTRADA MANUAL)
94,19,1,103,107,25,,,,0,0,4,71,68,15,4,,5,11,5,1,,1,0,59,240,538,FINAL (ENTRADA MANUAL)
94,19,2,101,107,22,,,,1,0,4,57,72,13,3,,0,3,4,3,,1,0,80,236,538,FINAL (ENTRADA MANUAL)
94,19,3,92,92,25,,,,3,0,2,58,64,18,2,,3,5,0,1,,2,1,63,217,539,FINAL (ENTRADA MANUAL)
94,20,1,100,103,30,,,,1,0,6,62,66,12,2,,1,5,3,5,,2,0,84,242,519,FINAL (ENTRADA MANUAL)
94,20,2,106,108,31,,,,0,0,8,77,83,18,6,,4,4,6,2,,0,0,53,253,519,FINAL (ENTRADA MANUAL)
94,20,3,96,101,27,,,,1,0,9,61,63,14,2,,2,6,4,1,,2,0,81,236,520,FINAL (ENTRADA MANUAL)
94,21,1,97,128,15,,,,1,0,2,64,95,10,2,,1,8,1,1,,4,0,61,247,551,FINAL (ENTRADA MANUAL)
94,21,2,94,109,18,,,,0,0,7,59,80,7,3,,3,2,4,2,,2,0,68,230,551,FINAL (ENTRADA MANUAL)
94,21,3,103,80,26,,,,0,0,10,74,56,16,7,,3,5,5,4,,1,0,49,220,551,FINAL (ENTRADA MANUAL)
94,22,1,125,131,18,,,,2,1,5,92,99,9,4,,1,5,1,1,,1,1,70,284,548,FINAL (ENTRADA MANUAL)
94,22,2,151,101,17,,,,2,0,2,107,72,12,2,,7,5,1,0,,2,3,67,278,548,FINAL (ENTRADA MANUAL)
94,23,1,116,127,24,,,,2,0,4,75,92,15,2,,2,8,4,0,,2,0,75,275,541,FINAL (ENTRADA MANUAL)
94,23,2,128,99,24,,,,0,0,3,75,65,13,3,,4,4,2,5,,2,0,83,256,541,FINAL (ENTRADA MANUAL)
94,23,3,108,99,30,,,,0,0,9,77,68,15,7,,3,3,12,3,,0,0,58,246,541,FINAL (ENTRADA MANUAL)
94,23,4,109,114,16,,,,0,0,6,84,86,10,3,,1,2,3,1,,1,0,55,246,541,FINAL (ENTRADA MANUAL)
94,23,5,135,103,30,,,,1,0,3,93,69,19,2,,0,5,4,1,,2,1,79,275,542,FINAL (ENTRADA MANUAL)
94,24,1,52,119,10,,,,0,0,3,39,82,6,2,,3,3,2,0,,0,0,47,184,348,FINAL (ENTRADA MANUAL)
94,24,2,70,89,6,,,,1,0,1,47,65,5,0,,1,2,1,0,,1,0,46,168,347,FINAL (ENTRADA MANUAL)
94,25,1,94,104,13,,,,2,0,5,59,68,7,4,,5,6,1,2,,1,0,66,219,446,FINAL (ENTRADA MANUAL)
94,25,2,78,113,10,,,,0,0,6,49,90,3,5,,5,4,1,1,,2,0,49,209,446,FINAL (ENTRADA MANUAL)
94,25,3,99,98,11,,,,0,0,0,57,67,7,0,,5,6,4,2,,0,0,60,208,447,FINAL (ENTRADA MANUAL)
94,26,1,117,77,38,,,,1,0,7,74,53,20,6,,3,4,4,5,,1,0,71,241,481,FINAL (ENTRADA MANUAL)
94,26,2,136,96,17,,,,0,0,2,96,70,5,2,,3,6,5,3,,2,0,61,253,481,FINAL (ENTRADA MANUAL)
94,26,3,110,107,22,,,,1,0,10,78,76,9,6,,0,8,5,2,,0,0,66,250,481,FINAL (ENTRADA MANUAL)
94,26,4,137,101,19,,,,1,0,7,83,72,10,4,,3,4,1,5,,2,0,83,267,481,FINAL (ENTRADA MANUAL)
94,74,1,39,34,3,,,,0,0,2,35,23,3,1,,1,4,0,0,,0,0,11,78,0,FINAL (ENTRADA MANUAL)
94,74,2,39,34,3,,,,0,0,2,35,23,3,1,,1,4,0,0,,0,0,11,78,0,FINAL (ENTRADA MANUAL)
94,74,3,49,21,2,,,,0,0,1,34,13,2,0,,1,2,0,0,,0,0,21,73,0,FINAL (ENTRADA MANUAL)
94,74,4,49,21,3,,,,0,0,1,45,18,3,0,,1,2,0,0,,0,0,5,74,0,FINAL (ENTRADA MANUAL)
94,74,5,50,23,4,,,,0,0,1,41,19,1,0,,0,0,0,0,,0,0,17,78,0,FINAL (ENTRADA MANUAL)
94,74,6,51,23,1,,,,0,0,1,43,18,0,1,,1,1,0,0,,0,0,12,76,0,FINAL (ENTRADA MANUAL)
94,74,7,48,29,0,,,,0,0,1,33,24,0,0,,0,1,0,0,,0,0,20,78,0,FINAL (ENTRADA MANUAL)
94,74,8,0,0,0,,,,0,0,0,0,0,0,0,,0,0,0,0,,0,0,0,0,0,FINAL (ENTRADA MANUAL)
94,75,1,22,19,8,,,,1,0,1,6,10,3,1,,0,1,2,1,,1,3,27,55,0,FINAL (ENTRADA MANUAL)
94,75,2,0,0,0,,,,0,0,0,0,0,0,0,,0,0,0,0,,0,0,0,0,0,FINAL (ENTRADA MANUAL)
94,77,1,879,772,40,,,,3,2,6,718,659,36,4,,10,31,10,3,,21,0,240,1732,0,FINAL (ENTRADA MANUAL)
94,77,2,0,0,0,,,,0,0,0,0,0,0,0,,0,0,0,0,,0,0,0,0,0,FINAL (ENTRADA MANUAL)
94,77,3,246,135,10,,,,0,10,4,175,103,3,2,,3,10,3,0,,10,3,108,420,0,FINAL (ENTRADA MANUAL)
94,77,5,0,0,0,,,,0,0,0,0,0,0,0,,0,0,0,0,,0,0,0,0,0,FINAL (ENTRADA MANUAL)
94,78,1,22,15,3,,,,0,0,0,12,10,0,0,,1,2,0,0,,0,12,15,52,0,FINAL (ENTRADA MANUAL)
94,78,2,0,0,0,,,,0,0,0,0,0,0,0,,0,0,0,0,,0,0,0,0,0,FINAL (ENTRADA MANUAL)
94,78,3,22,15,3,,,,0,1,0,12,10,0,0,,1,2,0,0,,0,1,15,41,0,FINAL (ENTRADA MANUAL)
94,79,1,0,0,0,,,,0,0,0,0,0,0,0,,0,0,0,0,,0,0,0,0,0,FINAL (ENTRADA MANUAL)
94,79,2,0,0,0,,,,0,0,0,0,0,0,0,,0,0,0,0,,0,0,0,0,0,FINAL (ENTRADA MANUAL)
95,1,1,96,138,15,,,,1,0,4,66,96,10,,,6,2,6,,,2,0,68,256,629,FINAL (ENTRADA MANUAL)
95,1,2,117,141,14,,,,1,0,1,83,98,9,,,5,7,2,,,0,0,70,274,629,FINAL (ENTRADA MANUAL)
95,1,3,75,151,21,,,,0,0,0,50,100,14,,,3,7,0,,,1,0,73,248,629,FINAL (ENTRADA MANUAL)
95,1,4,105,144,17,,,,1,0,0,81,104,11,,,3,1,0,,,2,0,67,269,629,FINAL (ENTRADA MANUAL)
95,1,5,103,141,10,,,,0,0,0,81,84,8,,,1,5,0,,,2,0,75,256,629,FINAL (ENTRADA MANUAL)
95,1,6,90,141,16,,,,1,0,2,65,94,13,,,1,2,0,,,0,0,75,250,630,FINAL (ENTRADA MANUAL)
95,2,1,97,89,2,,,,3,0,1,93,64,1,,,1,0,1,,,2,0,32,194,515,FINAL (ENTRADA MANUAL)
95,2,2,110,102,4,,,,2,0,4,97,75,2,,,2,4,0,,,3,0,42,225,515,FINAL (ENTRADA MANUAL)
95,3,1,67,119,13,,,,0,1,2,52,90,11,,,7,3,0,,,0,0,39,202,494,FINAL (ENTRADA MANUAL)
95,3,2,101,112,14,,,,1,0,0,85,79,12,,,4,1,0,,,1,0,47,229,494,FINAL (ENTRADA MANUAL)
95,3,3,79,101,8,,,,0,0,2,52,77,5,,,6,0,3,,,1,1,47,192,493,FINAL (ENTRADA MANUAL)
95,4,1,60,110,7,,,,0,0,2,51,78,5,,,2,0,0,,,1,0,43,180,374,FINAL (ENTRADA MANUAL)
95,4,2,54,82,8,,,,0,0,1,43,54,5,,,2,1,1,,,1,0,39,146,373,FINAL (ENTRADA MANUAL)
95,5,1,88,118,15,,,,0,0,1,62,79,9,,,2,0,0,,,3,0,70,225,498,FINAL (ENTRADA MANUAL)
95,5,2,93,130,11,,,,0,0,1,87,121,8,,,3,1,0,,,1,0,15,236,497,FINAL (ENTRADA MANUAL)
95,6,1,107,96,13,,,,0,0,0,81,64,10,,,5,1,1,,,2,0,54,218,574,FINAL (ENTRADA MANUAL)
95,6,2,76,104,8,,,,1,0,0,52,60,7,,,1,1,1,,,1,0,67,190,575,FINAL (ENTRADA MANUAL)
95,7,1,96,74,2,,,,0,0,1,81,44,1,,,4,2,0,,,0,0,41,173,436,FINAL (ENTRADA MANUAL)
95,7,2,83,76,3,,,,0,0,0,68,56,1,,,0,1,1,,,3,0,35,165,436,FINAL (ENTRADA MANUAL)
95,7,3,76,62,4,,,,0,0,1,60,48,4,,,2,1,0,,,0,0,28,143,436,FINAL (ENTRADA MANUAL)
95,8,1,96,107,7,,,,2,0,0,75,81,5,,,4,2,3,,,0,0,42,212,466,FINAL (ENTRADA MANUAL)
95,8,2,84,104,10,,,,1,0,2,63,72,8,,,0,1,1,,,1,0,56,202,466,FINAL (ENTRADA MANUAL)
95,8,3,102,93,2,,,,0,0,1,69,66,1,,,1,1,0,,,0,0,60,198,466,FINAL (ENTRADA MANUAL)
95,9,1,103,132,14,,,,0,0,1,88,109,10,,,0,0,0,,,2,0,43,252,526,FINAL (ENTRADA MANUAL)
95,9,2,89,134,11,,,,0,1,0,71,111,6,,,2,2,1,,,0,0,42,235,527,FINAL (ENTRADA MANUAL)
95,10,1,59,151,11,,,,3,0,1,46,118,7,,,1,1,0,,,0,0,52,225,468,FINAL (ENTRADA MANUAL)
95,10,2,53,145,11,,,,0,0,3,49,121,8,,,1,3,0,,,1,0,30,213,469,FINAL (ENTRADA MANUAL)
95,11,1,136,132,12,,,,1,0,1,74,104,9,,,2,1,0,,,2,0,92,284,519,FINAL (ENTRADA MANUAL)
95,11,2,154,126,4,,,,0,0,0,97,108,4,,,0,2,1,,,5,0,72,289,519,FINAL (ENTRADA MANUAL)
95,12,1,61,139,9,,,,0,0,1,54,108,5,,,1,1,1,,,0,0,40,210,493,FINAL (ENTRADA MANUAL)
95,12,2,60,139,12,,,,1,0,1,51,120,10,,,2,0,0,,,0,0,30,213,493,FINAL (ENTRADA MANUAL)
95,12,3,82,131,6,,,,1,0,0,62,107,3,,,0,2,1,,,1,0,45,221,493,FINAL (ENTRADA MANUAL)
95,74,1,34,39,6,,,,0,0,0,23,37,4,,,0,0,0,,,0,0,15,79,0,FINAL (ENTRADA MANUAL)
95,74,2,57,17,1,,,,0,0,0,53,13,1,,,1,0,0,,,0,0,7,75,0,FINAL (ENTRADA MANUAL)
95,74,3,62,10,2,,,,0,0,0,57,7,2,,,3,1,0,,,0,0,4,74,0,FINAL (ENTRADA MANUAL)
95,74,4,43,26,0,,,,2,0,0,34,17,0,,,1,0,0,,,1,0,19,72,0,FINAL (ENTRADA MANUAL)
95,74,5,35,28,0,,,,0,0,0,28,24,0,,,0,0,0,,,0,0,11,63,0,FINAL (ENTRADA MANUAL)
95,74,6,36,24,0,,,,0,0,0,29,20,0,,,0,0,0,,,0,0,11,60,0,FINAL (ENTRADA MANUAL)
95,75,1,3,0,0,,,,0,0,0,3,0,0,,,0,0,0,,,0,0,0,3,0,FINAL (ENTRADA MANUAL)
95,77,1,490,540,13,,,,1,0,1,459,515,11,,,8,1,1,,,0,0,50,1045,0,FINAL (ENTRADA MANUAL)
95,77,2,0,0,0,,,,0,0,0,0,0,0,,,0,0,0,,,0,0,0,0,0,FINAL (ENTRADA MANUAL)
95,77,3,3,2,3,,,,1,0,0,1,1,2,,,0,0,0,,,1,0,5,10,0,FINAL (ENTRADA MANUAL)
95,77,5,0,0,0,,,,0,0,0,0,0,0,,,0,0,0,,,0,0,0,0,0,FINAL (ENTRADA MANUAL)
95,78,1,23,26,0,,,,0,0,0,18,13,0,,,1,0,0,,,0,4,17,53,0,FINAL (ENTRADA MANUAL)
95,78,2,6,4,0,,,,6,0,1,2,1,0,,,0,0,0,,,1,0,13,17,0,FINAL (ENTRADA MANUAL)
95,78,3,0,0,0,,,,0,0,0,0,0,0,,,0,0,0,,,0,0,0,0,0,FINAL (ENTRADA MANUAL)
96,1,1,113,107,5,,,6,12,0,0,73,71,2,,,2,2,2,,,0,0,91,243,512,FINAL (ENTRADA MANUAL)
96,1,2,113,90,6,,,0,10,0,1,83,59,3,,,3,5,1,,,1,0,66,221,512,FINAL (ENTRADA MANUAL)
96,1,3,101,94,8,,,2,20,0,5,55,66,2,,,2,4,1,,,2,0,100,232,512,FINAL (ENTRADA MANUAL)
96,1,4,125,88,5,,,4,18,1,3,88,49,3,,,0,4,0,,,0,0,100,244,512,FINAL (ENTRADA MANUAL)
96,2,1,121,97,8,,,4,21,0,3,69,78,7,,,1,2,2,,,2,0,95,256,524,FINAL (ENTRADA MANUAL)
96,2,2,110,106,9,,,0,15,0,1,68,65,3,,,2,6,1,,,1,1,96,243,525,FINAL (ENTRADA MANUAL)
96,3,1,97,112,13,,,5,17,0,4,56,73,9,,,2,2,0,,,0,0,106,248,504,FINAL (ENTRADA MANUAL)
96,3,2,102,99,10,,,2,16,1,0,69,64,1,,,1,4,5,,,0,0,86,230,503,FINAL (ENTRADA MANUAL)
96,4,1,82,79,5,,,1,13,0,0,36,45,4,,,2,4,1,,,0,1,88,181,398,FINAL (ENTRADA MANUAL)
96,4,2,94,76,3,,,3,11,0,1,60,56,2,,,0,2,0,,,2,0,68,190,399,FINAL (ENTRADA MANUAL)
96,5,1,139,95,7,,,1,12,0,1,76,56,3,,,5,6,0,,,2,0,109,252,560,FINAL (ENTRADA MANUAL)
96,5,2,127,93,10,,,3,10,0,1,75,73,6,,,2,2,0,,,2,0,86,246,560,FINAL (ENTRADA MANUAL)
96,74,1,51,9,2,,,0,0,0,0,41,3,1,,,0,0,0,,,0,0,17,62,0,FINAL (ENTRADA MANUAL)
96,74,2,49,26,0,,,0,0,0,0,36,23,0,,,0,0,0,,,1,0,16,76,0,FINAL (ENTRADA MANUAL)
96,75,1,0,0,0,,,0,0,0,0,0,0,0,,,0,0,0,,,0,0,0,0,0,FINAL (ENTRADA MANUAL)
96,77,1,37,51,0,,,0,1,0,0,35,46,0,,,0,2,2,,,0,0,4,89,0,FINAL (ENTRADA MANUAL)
96,77,2,0,0,0,,,0,0,0,0,0,0,0,,,0,0,0,,,0,0,0,0,0,FINAL (ENTRADA MANUAL)
96,77,3,80,109,5,,,0,3,0,1,58,80,4,,,1,1,2,,,2,2,51,201,0,FINAL (ENTRADA MANUAL)
96,77,5,20,17,4,,,0,33,2,2,0,0,0,,,2,3,1,,,0,0,72,78,0,FINAL (ENTRADA MANUAL)
96,78,1,0,0,0,,,0,0,0,0,0,0,0,,,0,0,0,,,0,0,0,0,0,FINAL (ENTRADA MANUAL)
96,78,2,0,0,0,,,0,0,0,0,0,0,0,,,0,0,0,,,0,0,0,0,0,FINAL (ENTRADA MANUAL)
96,78,3,0,0,0,,,0,0,0,0,0,0,0,,,0,0,0,,,0,0,0,0,0,FINAL (ENTRADA MANUAL)
96,79,1,1,0,0,,,0,0,0,2,0,0,0,,,0,0,0,,,2,0,1,3,0,FINAL (ENTRADA MANUAL)
97,1,1,136,157,7,,,,0,0,0,96,84,2,,,3,5,3,,,1,0,107,301,480,FINAL (ENTRADA MANUAL)
97,1,2,148,129,3,,,,2,0,0,100,88,2,,,5,3,5,,,0,0,79,282,480,FINAL (ENTRADA MANUAL)
97,2,1,99,105,7,,,,0,0,1,65,60,1,,,2,2,1,,,0,0,81,212,394,FINAL (ENTRADA MANUAL)
97,2,2,102,113,6,,,,0,0,1,78,73,1,,,3,3,0,,,0,0,64,222,393,FINAL (ENTRADA MANUAL)
97,74,1,2,5,0,,,,0,0,0,1,4,0,,,0,0,0,,,0,0,2,7,0,FINAL (ENTRADA MANUAL)
97,75,1,2,4,0,,,,0,0,0,0,3,0,,,0,0,0,,,3,3,3,6,0,FINAL (ENTRADA MANUAL)
97,75,2,1,4,0,,,,2,0,0,0,1,0,,,0,0,1,,,0,0,5,7,0,FINAL (ENTRADA MANUAL)
97,77,1,56,31,0,,,,0,0,0,54,25,0,,,1,0,0,,,0,0,7,87,0,FINAL (ENTRADA MANUAL)
97,77,2,0,0,0,,,,0,0,0,0,0,0,,,0,0,0,,,0,0,0,0,0,FINAL (ENTRADA MANUAL)
97,77,3,23,10,5,,,,1,0,0,12,4,0,,,0,0,0,,,1,0,19,36,0,FINAL (ENTRADA MANUAL)
97,77,5,1,0,0,,,,0,0,0,0,0,0,,,0,0,0,,,0,0,0,1,0,FINAL (ENTRADA MANUAL)
97,78,1,0,0,0,,,,0,0,0,0,0,0,,,0,0,0,,,0,0,0,0,0,FINAL (ENTRADA MANUAL)
97,78,2,0,0,0,,,,0,0,0,0,0,0,,,0,0,0,,,0,0,0,0,0,FINAL (ENTRADA MANUAL)
97,78,3,0,0,0,,,,0,0,0,0,0,0,,,0,0,0,,,0,0,0,0,0,FINAL (ENTRADA MANUAL)
98,1,1,148,54,14,,,,0,1,1,94,37,9,,,4,6,1,,,3,0,67,221,622,FINAL (ENTRADA MANUAL)
98,1,2,136,66,9,,,,1,1,1,78,40,9,,,7,2,0,,,2,0,78,216,622,FINAL (ENTRADA MANUAL)
98,1,3,146,62,13,,,,0,0,1,93,45,10,,,8,1,0,,,1,0,65,223,622,FINAL (ENTRADA MANUAL)
98,1,4,147,65,9,,,,3,2,0,73,44,5,,,3,5,2,,,1,0,94,227,620,FINAL (ENTRADA MANUAL)
98,2,1,176,50,13,,,,0,0,1,111,36,9,,,9,5,3,,,1,0,67,241,521,FINAL (ENTRADA MANUAL)
98,3,1,168,65,6,,,,1,0,0,142,50,3,,,1,2,1,,,1,0,41,241,609,FINAL (ENTRADA MANUAL)
98,3,2,154,68,9,,,,1,0,0,98,43,8,,,2,1,0,,,1,0,80,233,609,FINAL (ENTRADA MANUAL)
98,4,1,47,22,2,,,,0,0,0,26,16,2,,,2,4,0,,,0,0,21,71,135,FINAL (ENTRADA MANUAL)
98,5,1,157,48,11,,,,1,1,1,96,31,9,,,4,2,0,,,2,0,77,221,523,FINAL (ENTRADA MANUAL)
98,5,2,136,72,8,,,,0,1,0,76,48,3,,,2,5,3,,,0,0,80,217,523,FINAL (ENTRADA MANUAL)
98,5,3,127,52,9,,,,1,1,2,83,34,7,,,1,1,1,,,1,0,65,193,523,FINAL (ENTRADA MANUAL)
98,5,4,152,61,8,,,,0,0,2,113,48,6,,,5,5,0,,,1,0,46,224,522,FINAL (ENTRADA MANUAL)
98,6,1,136,60,1,,,,2,0,1,85,40,1,,,6,2,2,,,4,0,64,204,551,FINAL (ENTRADA MANUAL)
98,6,2,105,72,8,,,,1,0,1,73,48,6,,,3,1,1,,,2,0,55,189,551,FINAL (ENTRADA MANUAL)
98,6,3,124,63,3,,,,0,0,0,90,48,3,,,3,1,0,,,0,0,45,190,552,FINAL (ENTRADA MANUAL)
98,7,1,116,81,7,,,,0,0,0,79,59,5,,,1,2,1,,,2,0,57,206,510,FINAL (ENTRADA MANUAL)
98,7,2,102,92,10,,,,0,1,1,60,58,9,,,1,0,1,,,1,0,77,207,511,FINAL (ENTRADA MANUAL)
98,74,1,35,29,2,,,,1,0,0,25,21,2,,,1,2,0,,,0,0,16,67,0,FINAL (ENTRADA MANUAL)
98,74,2,32,24,1,,,,1,0,0,19,13,0,,,4,1,1,,,0,0,20,58,0,FINAL (ENTRADA MANUAL)
98,74,3,52,24,0,,,,0,0,0,35,18,0,,,1,2,0,,,0,0,20,76,0,FINAL (ENTRADA MANUAL)
98,74,4,52,22,3,,,,0,0,0,39,19,1,,,3,2,1,,,0,0,12,77,0,FINAL (ENTRADA MANUAL)
98,74,5,36,25,2,,,,0,0,1,20,15,1,,,1,0,0,,,0,0,27,64,0,FINAL (ENTRADA MANUAL)
98,74,6,38,24,1,,,,0,0,0,32,18,0,,,0,1,0,,,0,0,12,63,0,FINAL (ENTRADA MANUAL)
98,75,1,10,1,0,,,,0,0,0,0,1,0,,,0,0,0,,,0,1,10,12,0,FINAL (ENTRADA MANUAL)
98,75,2,0,0,0,,,,0,0,0,0,0,0,,,0,0,0,,,0,0,0,0,0,FINAL (ENTRADA MANUAL)
98,77,1,124,62,3,,,,0,0,0,116,58,2,,,8,3,0,,,0,0,2,189,0,FINAL (ENTRADA MANUAL)
98,77,2,302,144,5,,,,0,0,0,274,142,5,,,5,5,0,,,0,0,20,451,0,FINAL (ENTRADA MANUAL)
98,77,3,285,97,5,,,,2,4,6,54,20,2,,,4,0,0,,,6,1,315,402,0,FINAL (ENTRADA MANUAL)
98,77,5,0,0,0,,,,0,0,0,0,0,0,,,0,0,0,,,0,0,0,0,0,FINAL (ENTRADA MANUAL)
98,78,1,0,0,0,,,,0,6,0,0,0,0,,,0,0,0,,,0,6,0,6,0,FINAL (ENTRADA MANUAL)
98,78,2,0,0,0,,,,0,0,0,0,0,0,,,0,0,0,,,0,0,0,0,0,FINAL (ENTRADA MANUAL)
98,78,3,0,0,0,,,,0,0,0,0,0,0,,,0,0,0,,,0,0,0,0,0,FINAL (ENTRADA MANUAL)
99,1,1,129,39,12,,,,25,0,7,85,26,6,3,,3,4,1,1,,1,0,83,213,623,FINAL (ENTRADA MANUAL)
99,1,2,136,37,12,,,,9,1,4,72,26,9,4,,5,1,3,1,,0,0,78,199,623,FINAL (ENTRADA MANUAL)
99,1,3,109,29,9,,,,14,0,4,58,20,5,3,,3,4,2,1,,1,0,69,166,623,FINAL (ENTRADA MANUAL)
99,2,1,136,64,10,,,,13,0,5,108,49,8,4,,5,2,2,2,,2,0,48,230,666,FINAL (ENTRADA MANUAL)
99,2,2,126,38,14,,,,3,0,3,87,31,9,1,,2,0,2,0,,2,0,52,186,666,FINAL (ENTRADA MANUAL)
99,3,1,153,59,19,,,,18,0,5,82,48,12,2,,6,4,3,1,,0,0,96,254,660,FINAL (ENTRADA MANUAL)
99,3,2,123,45,23,,,,16,0,3,82,34,13,1,,3,6,3,2,,1,0,66,211,660,FINAL (ENTRADA MANUAL)
99,3,3,132,31,22,,,,17,0,6,100,16,14,2,,1,1,1,4,,1,0,69,209,660,FINAL (ENTRADA MANUAL)
99,3,4,117,35,20,,,,18,0,5,62,26,14,2,,7,4,2,4,,1,0,74,196,660,FINAL (ENTRADA MANUAL)
99,4,1,140,32,19,,,,23,0,3,98,28,9,2,,3,2,3,1,,1,0,71,218,659,FINAL (ENTRADA MANUAL)
99,5,1,148,36,25,,,,23,1,5,90,22,16,1,,6,1,2,1,,1,0,99,239,674,FINAL (ENTRADA MANUAL)
99,5,2,134,32,23,,,,17,1,5,84,26,16,1,,3,1,1,1,,2,0,79,214,674,FINAL (ENTRADA MANUAL)
99,5,3,147,35,20,,,,15,0,6,90,23,11,1,,5,6,6,0,,2,0,81,225,674,FINAL (ENTRADA MANUAL)
99,5,4,143,27,11,,,,24,0,3,82,22,7,1,,3,3,1,2,,5,0,87,213,675,FINAL (ENTRADA MANUAL)
99,6,1,154,41,16,,,,19,0,7,89,29,8,5,,5,1,2,2,,3,0,96,240,557,FINAL (ENTRADA MANUAL)
99,6,2,160,29,22,,,,25,0,4,97,26,8,1,,7,4,3,3,,10,0,91,250,557,FINAL (ENTRADA MANUAL)
99,6,3,134,42,19,,,,18,0,1,72,31,7,0,,4,2,0,0,,1,1,98,216,557,FINAL (ENTRADA MANUAL)
99,6,4,152,33,9,,,,28,0,5,124,27,6,4,,2,4,2,2,,0,0,56,227,557,FINAL (ENTRADA MANUAL)
99,6,5,164,32,19,,,,25,0,1,92,21,8,0,,6,3,3,3,,1,0,105,242,557,FINAL (ENTRADA MANUAL)
99,7,1,136,53,23,,,,14,0,3,77,36,12,2,,5,4,1,7,,2,0,85,231,612,FINAL (ENTRADA MANUAL)
99,7,2,139,27,29,,,,23,1,3,98,21,15,1,,5,5,3,1,,2,0,73,224,612,FINAL (ENTRADA MANUAL)
99,7,3,150,27,26,,,,18,0,5,100,16,20,4,,3,1,1,3,,3,0,78,229,612,FINAL (ENTRADA MANUAL)
99,7,4,161,34,22,,,,14,0,3,116,24,14,2,,3,3,4,3,,0,0,65,234,612,FINAL (ENTRADA MANUAL)
99,8,1,100,39,10,,,,12,0,3,60,27,6,1,,6,1,3,1,,0,1,59,165,402,FINAL (ENTRADA MANUAL)
99,8,2,105,41,12,,,,19,0,4,72,28,8,3,,9,2,1,0,,0,0,58,181,403,FINAL (ENTRADA MANUAL)
99,9,1,148,36,28,,,,28,0,6,116,30,17,3,,11,4,0,2,,2,0,63,248,574,FINAL (ENTRADA MANUAL)
99,9,2,147,41,27,,,,16,0,2,87,27,11,2,,3,5,6,2,,2,0,90,235,574,FINAL (ENTRADA MANUAL)
99,9,3,151,41,24,,,,15,0,3,99,26,11,1,,6,4,3,4,,0,0,80,234,574,FINAL (ENTRADA MANUAL)
99,9,4,139,40,28,,,,29,0,6,100,28,16,5,,10,7,4,2,,1,0,70,243,574,FINAL (ENTRADA MANUAL)
99,9,5,139,32,27,,,,30,0,2,91,21,14,2,,6,2,1,1,,1,0,92,231,575,FINAL (ENTRADA MANUAL)
99,10,1,142,39,25,,,,23,0,1,93,27,17,1,,5,3,1,2,,1,0,81,231,550,FINAL (ENTRADA MANUAL)
99,10,2,114,38,44,,,,36,0,7,76,30,21,2,,5,3,4,3,,0,0,95,239,550,FINAL (ENTRADA MANUAL)
99,10,3,120,42,34,,,,32,0,1,73,27,26,1,,4,9,0,2,,1,0,87,230,549,FINAL (ENTRADA MANUAL)
99,11,1,113,36,11,,,,9,0,1,80,27,6,1,,2,1,1,1,,3,0,51,173,451,FINAL (ENTRADA MANUAL)
99,11,2,117,27,6,,,,10,1,1,74,22,3,0,,4,2,2,2,,2,0,53,164,451,FINAL (ENTRADA MANUAL)
99,12,1,146,55,26,,,,24,0,10,103,41,17,7,,3,6,1,2,,0,0,81,261,595,FINAL (ENTRADA MANUAL)
99,12,2,149,28,22,,,,43,0,5,84,18,12,4,,12,6,5,3,,1,0,103,248,595,FINAL (ENTRADA MANUAL)
99,74,1,41,18,6,,,,4,0,0,28,15,4,0,,2,0,0,0,,0,0,20,69,0,FINAL (ENTRADA MANUAL)
99,74,2,37,12,2,,,,3,0,1,27,9,0,1,,1,1,1,0,,0,0,15,55,0,FINAL (ENTRADA MANUAL)
99,74,3,45,10,2,,,,5,0,2,32,7,1,0,,0,0,0,1,,0,0,23,64,0,FINAL (ENTRADA MANUAL)
99,74,4,61,21,2,,,,2,0,1,33,18,2,0,,6,4,0,0,,0,0,24,87,0,FINAL (ENTRADA MANUAL)
99,74,5,47,9,1,,,,2,0,3,32,6,0,0,,5,0,0,1,,0,0,18,62,0,FINAL (ENTRADA MANUAL)
99,74,6,0,0,0,,,,0,0,0,0,0,0,0,,0,0,0,0,,0,0,0,0,0,FINAL (ENTRADA MANUAL)
99,75,1,0,0,0,,,,2,0,0,0,0,0,0,,0,2,0,0,,0,0,0,2,0,FINAL (ENTRADA MANUAL)
99,75,2,47,4,4,,,,162,0,0,16,3,2,0,,9,9,6,6,,2,1,166,220,0,FINAL (ENTRADA MANUAL)
99,77,1,788,238,30,,,,0,0,4,744,231,30,4,,24,0,2,0,,1,0,25,1061,0,FINAL (ENTRADA MANUAL)
99,77,2,0,0,0,,,,0,0,0,0,0,0,0,,0,0,0,0,,0,0,0,0,0,FINAL (ENTRADA MANUAL)
99,77,3,5,1,3,,,,0,0,0,2,1,2,0,,1,1,0,0,,0,0,2,9,0,FINAL (ENTRADA MANUAL)
99,77,5,0,0,0,,,,0,0,0,0,0,0,0,,0,0,0,0,,0,0,0,0,0,FINAL (ENTRADA MANUAL)
99,78,1,15,1,0,,,,1,0,9,10,0,0,0,,1,0,0,0,,2,7,6,26,0,FINAL (ENTRADA MANUAL)
99,78,2,0,0,0,,,,0,0,0,0,0,0,0,,0,0,0,0,,0,0,0,0,0,FINAL (ENTRADA MANUAL)
99,78,3,0,0,0,,,,0,0,0,0,0,0,0,,0,0,0,0,,0,0,0,0,0,FINAL (ENTRADA MANUAL)
100,1,1,72,129,15,,,,0,0,0,53,103,14,,,2,4,3,,,1,1,37,218,619,FINAL (ENTRADA MANUAL)
100,1,2,79,117,9,,,,2,0,2,60,87,4,,,5,1,1,,,2,0,51,211,619,FINAL (ENTRADA MANUAL)
100,2,1,59,72,5,,,,0,0,0,44,58,5,,,0,1,0,,,0,0,28,136,396,FINAL (ENTRADA MANUAL)
100,3,1,107,93,5,,,,1,0,1,84,79,3,,,0,2,0,,,2,0,39,209,489,FINAL (ENTRADA MANUAL)
100,4,1,88,139,6,,,,0,0,0,75,111,5,,,1,1,0,,,1,2,40,236,555,FINAL (ENTRADA MANUAL)
100,4,2,94,120,6,,,,0,0,1,72,92,5,,,2,2,0,,,2,0,48,223,555,FINAL (ENTRADA MANUAL)
100,4,3,75,125,9,,,,0,0,1,63,94,4,,,0,0,2,,,1,0,47,211,556,FINAL (ENTRADA MANUAL)
100,5,1,84,158,10,,,,0,0,1,70,118,9,,,0,1,3,,,5,0,52,258,578,FINAL (ENTRADA MANUAL)
100,5,2,90,150,14,,,,1,0,0,71,125,10,,,2,1,1,,,1,0,45,256,578,FINAL (ENTRADA MANUAL)
100,5,3,91,159,7,,,,0,0,0,67,114,6,,,0,1,1,,,0,1,68,258,578,FINAL (ENTRADA MANUAL)
100,5,4,80,161,2,,,,2,0,0,62,126,1,,,1,4,1,,,1,0,50,246,579,FINAL (ENTRADA MANUAL)
100,6,1,73,119,15,,,,0,0,0,54,89,12,,,2,0,0,,,1,0,50,208,436,FINAL (ENTRADA MANUAL)
100,6,2,77,95,11,,,,0,0,0,56,59,3,,,5,1,1,,,3,0,58,186,436,FINAL (ENTRADA MANUAL)
100,6,3,93,92,11,,,,0,0,0,67,58,6,,,2,1,2,,,2,1,60,199,436,FINAL (ENTRADA MANUAL)
100,7,1,80,114,7,,,,1,0,1,63,88,5,,,1,0,0,,,0,0,46,203,511,FINAL (ENTRADA MANUAL)
100,7,2,78,88,6,,,,0,0,0,74,75,5,,,0,5,0,,,0,0,13,172,511,FINAL (ENTRADA MANUAL)
100,7,3,82,99,8,,,,0,0,0,67,81,7,,,1,0,1,,,0,0,32,189,510,FINAL (ENTRADA MANUAL)
100,8,1,92,102,4,,,,0,0,1,69,84,4,,,0,0,0,,,1,0,42,200,484,FINAL (ENTRADA MANUAL)
100,8,2,82,72,1,,,,0,0,1,68,69,1,,,1,0,1,,,0,0,16,156,484,FINAL (ENTRADA MANUAL)
100,8,3,80,78,4,,,,0,0,0,63,64,1,,,1,3,1,,,0,0,29,162,483,FINAL (ENTRADA MANUAL)
100,9,1,108,109,8,,,,0,0,0,85,89,6,,,1,0,1,,,0,0,43,225,465,FINAL (ENTRADA MANUAL)
100,9,2,122,82,15,,,,1,0,1,103,61,14,,,3,0,1,,,0,0,39,221,465,FINAL (ENTRADA MANUAL)
100,10,1,114,154,14,,,,0,0,2,79,119,10,,,1,3,1,,,2,1,71,287,636,FINAL (ENTRADA MANUAL)
100,10,2,106,116,11,,,,0,0,0,81,73,9,,,1,0,3,,,0,0,66,233,636,FINAL (ENTRADA MANUAL)
100,10,3,105,146,14,,,,0,0,2,83,110,12,,,1,2,3,,,1,0,56,268,636,FINAL (ENTRADA MANUAL)
100,74,1,25,38,1,,,,0,0,0,23,31,1,,,0,1,0,,,0,0,8,64,0,FINAL (ENTRADA MANUAL)
100,74,2,0,0,0,,,,0,0,0,0,0,0,,,0,0,0,,,0,0,0,0,0,FINAL (ENTRADA MANUAL)
100,74,3,31,118,1,,,,0,0,0,23,104,0,,,2,1,1,,,0,0,19,150,0,FINAL (ENTRADA MANUAL)
100,74,4,29,81,1,,,,0,0,0,27,77,1,,,0,0,0,,,0,0,6,111,0,FINAL (ENTRADA MANUAL)
100,74,5,0,0,0,,,,0,0,0,0,0,0,,,0,0,0,,,0,0,0,0,0,FINAL (ENTRADA MANUAL)
100,74,6,27,98,1,,,,0,0,0,22,81,0,,,0,2,1,,,1,0,20,127,0,FINAL (ENTRADA MANUAL)
100,74,7,0,0,0,,,,0,0,0,0,0,0,,,0,0,0,,,0,0,0,0,0,FINAL (ENTRADA MANUAL)
100,75,1,1,0,0,,,,0,0,0,1,0,0,,,0,0,0,,,0,0,0,1,0,FINAL (ENTRADA MANUAL)
100,75,2,2,7,1,,,,1,1,0,1,2,0,,,0,1,0,,,0,1,7,12,0,FINAL (ENTRADA MANUAL)
100,77,1,357,94,12,,,,1,0,0,346,87,12,,,5,2,1,,,0,0,11,464,0,FINAL (ENTRADA MANUAL)
100,77,2,21,2,3,,,,0,0,0,21,2,3,,,0,0,0,,,0,0,0,26,0,FINAL (ENTRADA MANUAL)
100,77,3,0,0,1,,,,0,0,0,0,0,1,,,0,0,0,,,0,0,0,1,0,FINAL (ENTRADA MANUAL)
100,77,5,0,0,0,,,,0,0,0,0,0,0,,,0,0,0,,,0,0,0,0,0,FINAL (ENTRADA MANUAL)
100,78,1,13,20,1,,,,0,0,0,11,16,0,,,0,1,0,,,0,9,6,43,0,FINAL (ENTRADA MANUAL)
100,78,2,0,0,0,,,,0,0,0,0,0,0,,,0,0,0,,,0,0,0,0,0,FINAL (ENTRADA MANUAL)
100,78,3,0,0,0,,,,0,0,0,0,0,0,,,0,0,0,,,0,0,0,0,0,FINAL (ENTRADA MANUAL)
101,1,1,39,120,16,,,,0,0,6,33,71,11,2,3,3,3,0,5,5,0,0,45,181,502,FINAL (ENTRADA MANUAL)
101,1,2,23,87,5,,,,0,0,5,20,50,2,2,2,3,1,1,1,0,1,0,38,121,502,FINAL (ENTRADA MANUAL)
101,1,3,42,153,8,,,,2,0,5,32,112,4,2,3,3,2,3,2,3,1,0,44,211,502,FINAL (ENTRADA MANUAL)
101,1,4,48,138,9,,,,0,0,4,37,91,4,3,0,0,5,1,0,3,2,0,55,201,502,FINAL (ENTRADA MANUAL)
101,2,1,61,166,6,,,,1,0,6,47,121,5,1,5,4,3,1,0,5,2,0,48,242,646,FINAL (ENTRADA MANUAL)
101,2,2,49,156,5,,,,0,1,6,35,105,2,0,4,4,2,2,2,2,1,0,59,218,646,FINAL (ENTRADA MANUAL)
101,2,3,69,184,9,,,,0,1,4,58,122,3,1,3,5,4,0,4,1,0,1,66,268,647,FINAL (ENTRADA MANUAL)
101,3,1,66,201,22,,,,1,0,14,47,130,15,11,3,4,6,4,3,3,1,0,78,305,558,FINAL (ENTRADA MANUAL)
101,3,2,55,197,23,,,,0,0,14,44,116,16,6,5,4,3,6,2,5,1,1,82,291,559,FINAL (ENTRADA MANUAL)
101,4,1,55,105,2,,,,0,0,1,43,82,2,1,0,0,0,0,2,0,0,0,33,163,412,FINAL (ENTRADA MANUAL)
101,4,2,37,127,6,,,,1,0,4,30,97,3,1,2,3,2,1,0,1,0,0,35,175,412,FINAL (ENTRADA MANUAL)
101,74,1,4,43,1,,,,0,0,0,3,28,1,0,0,1,1,0,0,1,0,0,13,48,0,FINAL (ENTRADA MANUAL)
101,74,2,6,34,0,,,,0,0,2,6,26,0,0,1,0,0,0,0,0,0,0,9,42,0,FINAL (ENTRADA MANUAL)
101,74,3,12,32,1,,,,0,0,1,10,28,1,0,1,0,0,0,0,0,0,0,6,46,0,FINAL (ENTRADA MANUAL)
101,74,4,5,63,0,,,,0,0,0,3,60,0,0,0,0,1,0,0,0,0,1,4,69,0,FINAL (ENTRADA MANUAL)
101,75,1,0,0,0,,,,0,0,0,0,0,0,0,0,0,0,0,0,0,0,0,0,0,0,FINAL (ENTRADA MANUAL)
101,75,2,0,6,0,,,,0,0,0,0,3,0,0,0,0,0,0,0,0,0,0,3,6,0,FINAL (ENTRADA MANUAL)
101,75,3,7,80,5,,,,1,0,0,5,49,0,3,1,0,0,2,2,0,0,2,36,99,0,FINAL (ENTRADA MANUAL)
101,77,1,42,145,3,,,,0,0,0,42,137,3,0,0,0,0,1,1,0,0,0,6,190,0,FINAL (ENTRADA MANUAL)
101,77,2,8,62,1,,,,0,0,0,8,60,1,0,0,0,0,1,0,0,0,0,1,71,0,FINAL (ENTRADA MANUAL)
101,77,3,0,3,0,,,,0,0,0,0,1,0,1,0,0,0,0,0,0,0,0,2,4,0,FINAL (ENTRADA MANUAL)
101,77,5,0,0,0,,,,0,0,0,0,0,0,0,0,0,0,0,0,0,0,0,0,0,0,FINAL (ENTRADA MANUAL)
101,78,1,5,20,2,,,,0,0,0,14,12,2,0,0,0,0,0,0,1,0,0,8,27,0,FINAL (ENTRADA MANUAL)
101,78,2,0,0,0,,,,0,0,0,0,0,0,0,0,0,0,0,0,0,0,0,0,0,0,FINAL (ENTRADA MANUAL)
101,78,3,0,0,0,,,,0,0,0,0,0,0,0,0,0,0,0,0,0,0,0,0,0,0,FINAL (ENTRADA MANUAL)
102,1,1,63,105,2,,,,0,0,1,53,81,2,0,1,3,4,0,0,0,1,1,27,173,382,FINAL (ENTRADA MANUAL)
102,1,2,51,107,3,,,,0,0,4,38,68,1,0,3,4,3,0,2,2,1,0,44,166,382,FINAL (ENTRADA MANUAL)
102,2,1,38,103,6,,,,0,1,8,29,64,4,1,5,2,3,0,0,0,1,0,48,157,457,FINAL (ENTRADA MANUAL)
102,3,1,54,196,11,,,,0,0,9,41,138,7,3,5,2,6,3,5,6,1,0,54,271,569,FINAL (ENTRADA MANUAL)
102,3,2,68,194,18,,,,0,0,6,48,143,12,3,3,4,15,4,4,1,1,0,49,287,569,FINAL (ENTRADA MANUAL)
102,3,3,54,185,10,,,,1,0,4,46,128,10,1,3,1,5,3,1,2,0,0,54,254,569,FINAL (ENTRADA MANUAL)
102,3,4,36,210,22,,,,0,0,8,21,139,10,4,2,4,9,6,2,4,0,0,75,276,569,FINAL (ENTRADA MANUAL)
102,4,1,70,171,9,,,,1,0,4,60,111,7,4,0,5,6,1,3,3,1,0,55,256,535,FINAL (ENTRADA MANUAL)
102,4,2,72,157,16,,,,2,0,6,59,96,12,4,1,3,7,2,0,0,2,0,69,255,535,FINAL (ENTRADA MANUAL)
102,4,3,62,168,8,,,,1,0,5,52,98,5,2,1,5,4,1,2,0,0,0,74,244,535,FINAL (ENTRADA MANUAL)
102,4,4,70,144,9,,,,0,0,3,60,94,6,2,1,8,1,0,1,1,0,0,52,226,535,FINAL (ENTRADA MANUAL)
102,4,5,50,150,13,,,,2,0,4,33,90,9,1,3,4,4,1,1,1,1,0,72,220,535,FINAL (ENTRADA MANUAL)
102,5,1,61,160,14,,,,2,0,10,49,106,6,7,1,1,3,0,3,3,1,0,68,248,579,FINAL (ENTRADA MANUAL)
102,5,2,52,155,5,,,,0,0,4,46,112,3,0,2,2,5,0,6,2,1,0,38,217,579,FINAL (ENTRADA MANUAL)
102,5,3,61,154,12,,,,0,1,4,49,83,7,1,1,7,4,1,4,3,1,0,72,233,579,FINAL (ENTRADA MANUAL)
102,5,4,51,184,11,,,,1,0,8,39,130,7,3,5,2,4,2,5,1,0,0,57,255,579,FINAL (ENTRADA MANUAL)
102,5,5,56,158,10,,,,0,0,7,39,97,5,4,1,4,6,1,2,4,2,0,68,233,579,FINAL (ENTRADA MANUAL)
102,5,6,69,140,21,,,,0,0,9,47,82,13,3,6,1,5,2,1,2,0,0,77,239,580,FINAL (ENTRADA MANUAL)
102,6,1,32,100,9,,,,3,0,3,22,63,2,1,2,6,1,0,2,0,1,0,48,148,335,FINAL (ENTRADA MANUAL)
102,6,2,38,92,1,,,,0,0,8,30,65,0,2,4,2,0,1,1,0,3,0,34,142,335,FINAL (ENTRADA MANUAL)
102,7,1,71,182,6,,,,2,0,10,47,105,2,2,6,4,6,1,1,5,0,1,92,272,620,FINAL (ENTRADA MANUAL)
102,7,2,84,156,3,,,,0,1,9,64,103,2,4,4,2,2,1,2,7,1,0,62,254,619,FINAL (ENTRADA MANUAL)
102,8,1,55,175,14,,,,1,0,5,49,131,11,2,2,3,5,1,2,2,0,0,42,250,606,FINAL (ENTRADA MANUAL)
102,8,2,63,163,15,,,,2,1,9,52,101,11,4,5,1,5,2,2,3,2,0,67,255,606,FINAL (ENTRADA MANUAL)
102,8,3,54,181,14,,,,0,0,9,45,128,8,5,4,7,0,3,2,1,1,0,55,259,606,FINAL (ENTRADA MANUAL)
102,8,4,61,164,11,,,,1,0,11,51,89,9,5,4,4,11,3,3,4,2,0,65,250,606,FINAL (ENTRADA MANUAL)
102,8,5,71,176,5,,,,0,0,7,59,122,3,3,3,3,2,1,1,2,3,0,60,262,606,FINAL (ENTRADA MANUAL)
102,8,6,50,172,15,,,,1,0,6,39,133,9,0,4,1,6,1,3,2,0,0,46,244,606,FINAL (ENTRADA MANUAL)
102,8,7,49,160,8,,,,1,1,3,35,102,5,1,1,5,2,0,3,3,2,0,65,224,606,FINAL (ENTRADA MANUAL)
102,8,8,49,168,10,,,,1,0,16,41,111,7,10,5,2,1,2,0,3,2,0,62,246,606,FINAL (ENTRADA MANUAL)
102,9,1,53,144,9,,,,0,0,8,47,95,7,1,6,3,3,2,0,7,0,0,43,214,421,FINAL (ENTRADA MANUAL)
102,10,1,30,145,11,,,,0,0,10,24,101,7,3,7,5,5,2,1,2,1,0,39,197,485,FINAL (ENTRADA MANUAL)
102,10,2,51,135,11,,,,0,0,11,39,92,4,1,8,4,3,4,0,3,0,0,50,208,485,FINAL (ENTRADA MANUAL)
102,10,3,61,134,16,,,,2,0,5,46,100,7,3,1,2,0,3,1,1,2,0,54,220,485,FINAL (ENTRADA MANUAL)
102,11,1,66,150,5,,,,0,0,11,51,134,2,1,9,2,1,0,0,3,2,0,29,234,487,FINAL (ENTRADA MANUAL)
102,11,2,69,144,7,,,,0,0,7,52,118,2,2,4,1,5,0,1,2,2,1,40,230,487,FINAL (ENTRADA MANUAL)
102,12,1,58,152,17,,,,2,0,14,46,112,12,6,6,6,2,1,4,3,0,0,45,243,579,FINAL (ENTRADA MANUAL)
102,12,2,58,149,12,,,,1,0,10,50,108,9,5,3,3,4,1,3,3,0,0,41,230,579,FINAL (ENTRADA MANUAL)
102,12,3,54,164,9,,,,2,0,9,48,121,8,4,4,4,18,1,0,5,0,0,25,238,579,FINAL (ENTRADA MANUAL)
102,12,4,49,148,14,,,,0,0,4,45,105,11,0,4,2,7,1,1,2,1,0,37,216,579,FINAL (ENTRADA MANUAL)
102,12,5,41,137,16,,,,0,0,13,29,77,8,9,1,6,1,5,1,1,1,0,69,208,579,FINAL (ENTRADA MANUAL)
102,12,6,67,147,17,,,,0,0,18,58,91,15,9,6,2,6,1,1,0,1,0,60,250,579,FINAL (ENTRADA MANUAL)
102,12,7,43,145,12,,,,1,1,10,38,85,5,6,2,3,2,3,1,4,0,0,63,212,580,FINAL (ENTRADA MANUAL)
102,13,1,90,141,8,,,,0,0,9,63,85,6,2,0,5,7,1,0,0,2,0,79,250,594,FINAL (ENTRADA MANUAL)
102,13,2,81,153,7,,,,0,0,8,64,89,4,2,3,2,0,1,0,1,1,0,83,250,594,FINAL (ENTRADA MANUAL)
102,14,1,84,113,7,,,,1,1,22,67,81,4,3,12,6,0,3,4,1,3,0,47,231,596,FINAL (ENTRADA MANUAL)
102,14,2,80,149,1,,,,0,0,8,55,101,1,1,5,4,6,0,3,2,2,0,60,240,596,FINAL (ENTRADA MANUAL)
102,14,3,84,123,10,,,,2,0,12,74,82,5,2,9,5,5,1,0,2,1,0,46,232,596,FINAL (ENTRADA MANUAL)
102,74,1,24,56,1,,,,0,0,2,21,45,1,0,2,0,1,0,0,1,0,0,12,83,0,FINAL (ENTRADA MANUAL)
102,74,2,12,55,2,,,,0,0,0,12,43,2,0,0,0,0,1,0,2,0,0,9,69,0,FINAL (ENTRADA MANUAL)
102,74,3,22,45,0,,,,0,0,2,19,36,0,0,2,1,0,0,0,0,0,1,11,70,0,FINAL (ENTRADA MANUAL)
102,74,4,25,47,0,,,,0,0,0,17,34,0,0,0,1,0,0,0,0,0,0,20,72,0,FINAL (ENTRADA MANUAL)
102,74,5,20,48,0,,,,0,0,0,16,39,0,0,0,2,1,0,0,0,0,0,10,68,0,FINAL (ENTRADA MANUAL)
102,74,6,7,27,0,,,,0,0,1,6,19,0,0,0,1,0,0,0,0,0,0,9,35,0,FINAL (ENTRADA MANUAL)
102,74,7,12,87,1,,,,0,0,1,11,62,0,0,0,2,0,2,0,0,0,0,24,101,0,FINAL (ENTRADA MANUAL)
102,74,8,19,74,1,,,,1,0,1,19,65,0,0,1,1,1,1,0,0,0,0,8,96,0,FINAL (ENTRADA MANUAL)
102,74,9,8,11,0,,,,0,0,0,6,6,0,0,0,0,0,0,0,0,0,0,7,19,0,FINAL (ENTRADA MANUAL)
102,74,10,8,29,1,,,,0,0,0,7,28,0,0,0,0,1,0,0,0,0,0,2,38,0,FINAL (ENTRADA MANUAL)
102,74,11,10,59,0,,,,0,0,2,8,39,0,1,1,3,0,1,0,1,0,0,17,71,0,FINAL (ENTRADA MANUAL)
102,74,12,15,57,4,,,,0,0,1,12,49,4,0,1,1,2,0,0,0,0,0,8,77,0,FINAL (ENTRADA MANUAL)
102,74,13,14,52,3,,,,0,0,1,11,46,3,1,0,2,2,0,0,0,0,0,5,70,0,FINAL (ENTRADA MANUAL)
102,74,14,25,42,0,,,,0,0,1,22,38,0,0,1,1,0,0,0,0,0,0,6,68,0,FINAL (ENTRADA MANUAL)
102,74,15,28,37,0,,,,0,0,2,24,25,0,1,1,0,0,0,0,0,0,0,16,67,0,FINAL (ENTRADA MANUAL)
102,74,16,17,83,1,,,,0,0,0,16,63,1,0,0,0,0,0,0,0,0,0,21,101,0,FINAL (ENTRADA MANUAL)
102,74,17,0,0,0,,,,0,0,0,0,0,0,0,0,0,0,0,0,0,0,0,0,0,0,FINAL (ENTRADA MANUAL)
102,75,1,14,43,11,,,,1,1,1,9,14,5,1,0,1,3,1,1,1,0,0,37,73,0,FINAL (ENTRADA MANUAL)
102,75,2,3,2,0,,,,0,0,0,3,2,0,0,0,0,0,0,0,0,0,0,0,5,0,FINAL (ENTRADA MANUAL)
102,75,3,0,0,0,,,,0,0,0,0,0,0,0,0,0,0,0,0,0,0,0,0,0,0,FINAL (ENTRADA MANUAL)
102,77,1,120,386,7,,,,0,0,6,118,371,5,5,1,4,6,1,0,0,0,0,8,519,0,FINAL (ENTRADA MANUAL)
102,77,2,75,309,5,,,,1,0,5,74,297,4,1,4,7,1,1,0,0,0,0,6,395,0,FINAL (ENTRADA MANUAL)
102,77,3,68,211,6,,,,0,1,0,23,38,1,2,4,3,6,2,1,1,10,0,217,306,0,FINAL (ENTRADA MANUAL)
102,77,5,0,0,0,,,,0,0,0,0,0,0,0,0,0,0,0,0,0,0,0,0,0,0,FINAL (ENTRADA MANUAL)
102,78,1,5,31,3,,,,0,12,3,4,21,1,1,2,0,0,1,0,2,0,12,10,54,0,FINAL (ENTRADA MANUAL)
102,78,2,0,0,0,,,,0,0,0,0,0,0,0,0,0,0,0,0,0,0,0,0,0,0,FINAL (ENTRADA MANUAL)
102,78,3,0,0,0,,,,0,0,0,0,0,0,0,0,0,0,0,0,0,0,0,0,0,0,FINAL (ENTRADA MANUAL)
102,79,1,0,0,0,,,,0,0,0,0,0,0,0,0,0,0,0,0,0,0,0,0,0,0,FINAL (ENTRADA MANUAL)
103,1,1,35,184,2,,,,0,2,1,25,113,2,0,,2,2,0,0,,0,0,80,224,519,FINAL (ENTRADA MANUAL)
103,1,2,36,168,7,,,,0,0,1,29,111,4,0,,2,0,0,0,,2,0,66,214,519,FINAL (ENTRADA MANUAL)
103,1,3,41,195,0,,,,0,0,0,26,135,0,0,,3,2,0,1,,4,0,69,240,519,FINAL (ENTRADA MANUAL)
103,1,4,46,190,4,,,,0,0,1,37,150,2,1,,0,3,0,0,,0,0,48,241,519,FINAL (ENTRADA MANUAL)
103,1,5,38,179,3,,,,0,0,1,22,103,2,1,,0,1,0,2,,0,0,90,221,520,FINAL (ENTRADA MANUAL)
103,2,1,53,168,2,,,,0,0,0,49,128,2,0,,3,0,0,0,,0,0,41,223,452,FINAL (ENTRADA MANUAL)
103,2,2,43,163,3,,,,0,0,0,41,94,3,0,,3,4,0,0,,2,0,64,211,452,FINAL (ENTRADA MANUAL)
103,2,3,21,176,2,,,,0,1,1,16,143,1,0,,2,4,0,0,,1,0,35,202,453,FINAL (ENTRADA MANUAL)
103,3,1,62,141,3,,,,0,0,1,50,114,3,0,,2,1,0,1,,1,0,36,208,454,FINAL (ENTRADA MANUAL)
103,3,2,38,169,2,,,,1,0,1,31,126,2,0,,1,0,0,2,,0,0,49,211,454,FINAL (ENTRADA MANUAL)
103,3,3,50,179,2,,,,1,0,1,44,147,2,0,,5,0,1,0,,0,0,34,233,454,FINAL (ENTRADA MANUAL)
103,3,4,58,145,2,,,,0,0,1,42,107,2,0,,1,0,0,1,,2,2,53,210,455,FINAL (ENTRADA MANUAL)
103,4,1,53,164,2,,,,0,1,4,39,95,2,2,,6,1,1,0,,4,0,78,228,499,FINAL (ENTRADA MANUAL)
103,4,2,70,156,1,,,,1,0,0,62,132,1,0,,2,0,0,1,,0,2,30,230,499,FINAL (ENTRADA MANUAL)
103,4,3,74,161,0,,,,0,0,2,63,126,0,0,,3,2,1,1,,1,0,41,238,499,FINAL (ENTRADA MANUAL)
103,4,4,58,144,3,,,,0,0,2,46,77,1,1,,4,2,0,0,,2,1,76,210,500,FINAL (ENTRADA MANUAL)
103,5,1,41,152,0,,,,0,0,1,32,121,0,1,,0,1,0,0,,0,0,39,194,425,FINAL (ENTRADA MANUAL)
103,5,2,47,133,3,,,,0,0,0,39,103,2,0,,3,2,1,0,,1,0,33,184,425,FINAL (ENTRADA MANUAL)
103,5,3,42,157,3,,,,0,2,0,36,116,3,0,,3,0,0,0,,0,1,46,205,424,FINAL (ENTRADA MANUAL)
103,6,1,46,228,12,,,,0,0,3,37,180,7,3,,2,4,3,0,,1,0,53,290,559,FINAL (ENTRADA MANUAL)
103,6,2,59,216,14,,,,0,1,2,48,144,9,2,,8,3,3,1,,5,0,74,297,559,FINAL (ENTRADA MANUAL)
103,6,3,61,199,11,,,,1,0,5,51,152,6,3,,1,2,2,0,,3,0,60,280,559,FINAL (ENTRADA MANUAL)
103,6,4,48,190,9,,,,0,0,7,34,118,7,5,,7,2,1,1,,4,0,79,258,559,FINAL (ENTRADA MANUAL)
103,6,5,63,184,7,,,,0,0,6,57,124,3,6,,0,2,3,1,,1,0,64,261,559,FINAL (ENTRADA MANUAL)
103,6,6,52,194,13,,,,0,0,6,39,130,10,6,,2,3,3,3,,1,0,69,266,560,FINAL (ENTRADA MANUAL)
103,7,1,90,129,5,,,,0,0,3,79,87,4,3,,1,2,0,1,,1,0,50,228,644,FINAL (ENTRADA MANUAL)
103,7,2,86,127,7,,,,1,0,1,71,90,4,1,,4,3,1,1,,6,0,47,228,645,FINAL (ENTRADA MANUAL)
103,8,1,55,187,7,,,,1,0,3,51,140,4,1,,3,2,4,0,,0,0,48,253,547,FINAL (ENTRADA MANUAL)
103,8,2,45,224,7,,,,2,0,0,33,166,5,0,,3,1,2,1,,0,0,67,278,547,FINAL (ENTRADA MANUAL)
103,8,3,65,207,8,,,,1,1,2,51,147,5,1,,0,1,0,0,,0,0,79,284,547,FINAL (ENTRADA MANUAL)
103,9,1,61,159,2,,,,0,0,2,44,109,2,1,,0,1,0,0,,3,0,67,227,479,FINAL (ENTRADA MANUAL)
103,9,2,52,171,2,,,,0,0,1,42,126,1,1,,4,0,1,0,,0,0,51,226,479,FINAL (ENTRADA MANUAL)
103,9,3,74,143,2,,,,0,0,0,59,88,1,0,,1,1,1,0,,0,0,68,219,479,FINAL (ENTRADA MANUAL)
103,9,4,44,156,1,,,,0,0,1,38,102,0,1,,1,2,0,1,,2,0,57,204,478,FINAL (ENTRADA MANUAL)
103,74,1,28,19,4,,,,1,0,1,25,14,3,1,,0,0,0,0,,2,0,10,55,0,FINAL (ENTRADA MANUAL)
103,74,2,20,35,1,,,,0,1,0,16,27,1,0,,1,0,0,0,,0,0,12,57,0,FINAL (ENTRADA MANUAL)
103,74,3,59,19,0,,,,0,0,1,52,10,0,0,,2,0,0,0,,0,0,15,79,0,FINAL (ENTRADA MANUAL)
103,74,4,54,23,3,,,,0,0,0,52,18,3,0,,2,0,0,1,,0,0,4,80,0,FINAL (ENTRADA MANUAL)
103,74,5,37,12,0,,,,0,0,2,29,4,0,0,,1,0,0,0,,0,0,17,51,0,FINAL (ENTRADA MANUAL)
103,74,6,23,23,1,,,,0,0,0,21,19,1,0,,1,0,0,0,,0,0,5,47,0,FINAL (ENTRADA MANUAL)
103,75,1,1,0,0,,,,0,0,0,1,0,0,0,,0,0,0,0,,0,0,0,1,0,FINAL (ENTRADA MANUAL)
103,75,2,6,29,0,,,,1,1,0,2,10,0,0,,0,3,0,1,,0,0,21,37,0,FINAL (ENTRADA MANUAL)
103,77,1,103,108,4,,,,0,0,0,101,102,4,0,,2,0,0,0,,0,0,6,215,0,FINAL (ENTRADA MANUAL)
103,77,2,79,102,3,,,,0,0,2,78,96,3,2,,1,3,0,0,,0,0,3,186,0,FINAL (ENTRADA MANUAL)
103,77,3,151,309,5,,,,0,0,0,44,66,1,6,,12,17,3,4,,28,2,323,353,0,FINAL (ENTRADA MANUAL)
103,77,5,0,0,0,,,,0,0,0,0,0,0,0,,0,0,0,0,,0,0,0,0,0,FINAL (ENTRADA MANUAL)
103,78,1,4,18,0,,,,0,0,0,3,13,0,0,,0,0,0,0,,0,4,6,26,0,FINAL (ENTRADA MANUAL)
103,78,2,0,0,0,,,,0,0,0,0,0,0,0,,0,0,0,0,,0,0,0,0,0,FINAL (ENTRADA MANUAL)
103,78,3,0,0,0,,,,0,0,0,0,0,0,0,,0,0,0,0,,0,0,0,0,0,FINAL (ENTRADA MANUAL)
103,79,1,1,1,0,,,,0,0,0,1,0,0,0,,0,0,0,0,,0,0,1,2,0,FINAL (ENTRADA MANUAL)
104,1,1,114,96,15,,,,0,0,3,70,62,10,1,,2,2,3,1,,2,0,77,230,460,FINAL (ENTRADA MANUAL)
104,1,2,115,86,9,,,,3,0,2,82,57,6,2,,4,1,0,0,,1,1,63,217,461,FINAL (ENTRADA MANUAL)
104,2,1,87,79,9,,,,2,0,3,52,60,6,3,,1,1,1,2,,2,0,54,182,451,FINAL (ENTRADA MANUAL)
104,2,2,77,68,15,,,,0,0,2,45,44,9,2,,0,0,2,0,,2,0,60,164,451,FINAL (ENTRADA MANUAL)
104,2,3,96,75,18,,,,0,0,2,60,47,10,1,,0,2,3,1,,1,0,67,192,452,FINAL (ENTRADA MANUAL)
104,3,1,124,113,14,,,,2,1,4,74,68,9,4,,2,3,2,2,,0,0,94,258,530,FINAL (ENTRADA MANUAL)
104,3,2,89,124,19,,,,1,0,6,60,88,14,4,,3,2,6,1,,1,0,61,240,530,FINAL (ENTRADA MANUAL)
104,3,3,100,107,13,,,,1,0,4,79,82,7,4,,2,3,1,2,,1,1,45,227,530,FINAL (ENTRADA MANUAL)
104,3,4,111,95,21,,,,0,0,8,82,68,13,8,,1,8,3,4,,0,0,48,235,532,FINAL (ENTRADA MANUAL)
104,4,1,124,112,12,,,,0,0,6,81,64,8,4,,1,0,3,3,,1,0,90,255,590,FINAL (ENTRADA MANUAL)
104,4,2,111,138,12,,,,0,0,8,68,93,8,5,,3,3,4,0,,2,0,85,271,590,FINAL (ENTRADA MANUAL)
104,5,1,112,125,10,,,,2,0,6,96,97,5,6,,1,0,3,1,,3,1,46,259,601,FINAL (ENTRADA MANUAL)
104,5,2,89,135,11,,,,2,0,3,71,96,9,3,,3,2,2,2,,7,0,52,247,601,FINAL (ENTRADA MANUAL)
104,5,3,117,128,7,,,,1,0,2,87,75,6,1,,1,7,1,0,,0,0,77,255,600,FINAL (ENTRADA MANUAL)
104,6,1,189,78,30,,,,2,0,6,129,68,21,5,,3,2,5,1,,4,0,71,309,483,FINAL (ENTRADA MANUAL)
104,6,2,203,58,30,,,,0,0,4,135,46,22,2,,3,4,5,2,,0,0,76,295,483,FINAL (ENTRADA MANUAL)
104,6,3,172,66,43,,,,0,0,7,109,48,22,5,,2,1,14,3,,1,0,84,289,483,FINAL (ENTRADA MANUAL)
104,6,4,169,90,32,,,,1,0,8,120,63,21,8,,2,8,7,2,,4,0,69,304,483,FINAL (ENTRADA MANUAL)
104,6,5,187,71,39,,,,2,0,12,107,55,23,9,,2,6,7,7,,2,0,95,313,483,FINAL (ENTRADA MANUAL)
104,6,6,182,76,23,,,,0,1,7,123,59,17,5,,6,4,3,2,,6,0,70,295,481,FINAL (ENTRADA MANUAL)
104,7,1,128,131,13,,,,3,0,2,107,104,8,1,,1,2,4,1,,1,0,49,278,543,FINAL (ENTRADA MANUAL)
104,8,1,82,137,8,,,,1,1,5,60,93,8,3,,0,5,3,0,,1,0,62,235,493,FINAL (ENTRADA MANUAL)
104,8,2,72,140,12,,,,1,0,1,43,85,9,1,,0,1,3,0,,0,0,84,226,493,FINAL (ENTRADA MANUAL)
104,8,3,63,133,6,,,,0,0,1,47,92,5,1,,4,0,3,4,,0,1,47,204,493,FINAL (ENTRADA MANUAL)
104,8,4,68,138,4,,,,2,0,2,53,80,1,0,,1,0,3,1,,0,0,75,214,494,FINAL (ENTRADA MANUAL)
104,74,1,54,48,3,,,,0,0,0,35,35,2,0,,3,0,0,0,,0,0,30,105,0,FINAL (ENTRADA MANUAL)
104,74,2,54,40,1,,,,0,0,1,30,26,0,1,,0,3,2,1,,0,0,33,96,0,FINAL (ENTRADA MANUAL)
104,74,3,51,37,3,,,,1,0,0,41,24,2,0,,0,0,0,0,,0,0,25,92,0,FINAL (ENTRADA MANUAL)
104,74,4,57,50,0,,,,0,0,0,38,36,0,0,,0,0,1,0,,1,0,32,108,0,FINAL (ENTRADA MANUAL)
104,74,5,55,48,3,,,,0,0,1,46,35,2,1,,0,2,0,0,,0,0,21,107,0,FINAL (ENTRADA MANUAL)
104,74,6,58,38,6,,,,0,0,0,43,28,4,0,,0,1,2,0,,0,0,24,102,0,FINAL (ENTRADA MANUAL)
104,74,7,0,0,0,,,,0,0,0,0,0,0,0,,0,0,0,0,,0,0,0,0,0,FINAL (ENTRADA MANUAL)
104,74,8,0,0,0,,,,0,0,0,0,0,0,0,,0,0,0,0,,0,0,0,0,0,FINAL (ENTRADA MANUAL)
104,74,9,0,0,0,,,,0,0,0,0,0,0,0,,0,0,0,0,,0,0,0,0,0,FINAL (ENTRADA MANUAL)
104,75,1,4,6,0,,,,3,0,0,3,1,0,0,,0,1,0,0,,0,0,8,13,0,FINAL (ENTRADA MANUAL)
104,77,1,8,2,0,,,,0,0,0,8,2,0,0,,0,0,0,0,,0,0,0,10,0,FINAL (ENTRADA MANUAL)
104,77,2,219,180,8,,,,0,0,2,161,175,6,2,,2,1,2,0,,1,0,60,410,0,FINAL (ENTRADA MANUAL)
104,77,3,38,45,5,,,,4,0,2,12,8,2,0,,2,1,2,0,,0,1,67,95,0,FINAL (ENTRADA MANUAL)
104,77,5,0,0,0,,,,0,0,0,0,0,0,0,,0,0,0,0,,0,0,0,0,0,FINAL (ENTRADA MANUAL)
104,78,1,19,11,1,,,,0,1,0,6,8,0,0,,0,0,0,0,,0,0,18,37,0,FINAL (ENTRADA MANUAL)
104,78,2,0,0,0,,,,0,0,0,0,0,0,0,,0,0,0,0,,0,0,0,0,0,FINAL (ENTRADA MANUAL)
104,78,3,0,0,0,,,,0,0,0,0,0,0,0,,0,0,0,0,,0,0,0,0,0,FINAL (ENTRADA MANUAL)
105,1,1,105,71,7,,,,4,0,7,68,39,4,3,,2,0,0,2,,1,0,76,195,535,FINAL (ENTRADA MANUAL)
105,2,1,112,80,23,,,,6,0,13,80,54,14,12,,2,3,7,6,,1,0,56,235,559,FINAL (ENTRADA MANUAL)
105,2,2,104,87,20,,,,1,0,9,70,55,14,7,,4,2,0,2,,2,0,67,223,559,FINAL (ENTRADA MANUAL)
105,2,3,104,83,15,,,,0,0,4,82,55,10,4,,3,4,3,2,,0,0,43,206,559,FINAL (ENTRADA MANUAL)
105,2,4,117,84,16,,,,3,0,4,86,67,11,3,,8,1,2,2,,0,1,44,225,559,FINAL (ENTRADA MANUAL)
105,2,5,109,71,15,,,,4,0,5,80,52,11,4,,3,0,2,2,,0,0,50,204,559,FINAL (ENTRADA MANUAL)
105,2,6,128,71,16,,,,1,1,9,98,47,9,8,,2,5,5,3,,1,0,49,227,558,FINAL (ENTRADA MANUAL)
105,3,1,105,127,4,,,,2,0,0,79,105,4,0,,4,5,0,1,,0,0,40,238,643,FINAL (ENTRADA MANUAL)
105,3,2,88,107,6,,,,1,0,3,64,73,4,0,,2,0,2,2,,3,0,58,208,643,FINAL (ENTRADA MANUAL)
105,3,3,95,102,3,,,,0,0,3,66,70,2,0,,2,0,1,0,,4,0,62,207,642,FINAL (ENTRADA MANUAL)
105,4,1,127,114,19,,,,0,0,7,92,92,15,5,,3,5,3,1,,2,0,51,269,552,FINAL (ENTRADA MANUAL)
105,4,2,118,111,17,,,,0,0,5,99,79,13,4,,2,4,2,2,,3,0,46,254,552,FINAL (ENTRADA MANUAL)
105,4,3,115,102,23,,,,2,0,8,94,79,13,7,,1,6,2,6,,2,0,42,252,552,FINAL (ENTRADA MANUAL)
105,4,4,128,92,17,,,,1,0,4,92,69,11,3,,1,3,6,2,,1,1,55,244,554,FINAL (ENTRADA MANUAL)
105,5,1,136,104,15,,,,0,0,9,104,74,10,8,,1,4,5,2,,5,0,56,269,592,FINAL (ENTRADA MANUAL)
105,5,2,114,114,19,,,,0,0,7,88,86,12,7,,1,1,3,1,,2,0,55,256,592,FINAL (ENTRADA MANUAL)
105,5,3,108,129,20,,,,0,0,7,63,83,12,4,,1,3,2,3,,3,0,93,267,592,FINAL (ENTRADA MANUAL)
105,5,4,144,94,21,,,,0,0,6,90,69,12,5,,0,3,1,3,,2,12,82,279,592,FINAL (ENTRADA MANUAL)
105,5,5,131,106,19,,,,1,0,8,87,80,12,7,,5,3,1,3,,3,1,67,269,594,FINAL (ENTRADA MANUAL)
105,6,1,104,106,5,,,,2,0,5,92,75,3,3,,5,3,2,3,,0,1,36,223,585,FINAL (ENTRADA MANUAL)
105,6,2,103,121,5,,,,0,0,2,87,97,2,1,,1,2,1,4,,0,0,36,231,585,FINAL (ENTRADA MANUAL)
105,6,3,96,105,7,,,,0,0,4,69,70,5,2,,0,0,1,0,,1,0,65,213,584,FINAL (ENTRADA MANUAL)
105,7,1,88,115,7,,,,6,1,4,61,78,6,2,,4,1,0,0,,0,0,69,221,532,FINAL (ENTRADA MANUAL)
105,7,2,88,91,4,,,,1,0,4,76,56,4,4,,2,1,0,2,,0,0,43,188,532,FINAL (ENTRADA MANUAL)
105,7,3,107,106,4,,,,2,0,2,78,60,3,1,,1,3,2,0,,3,1,73,225,532,FINAL (ENTRADA MANUAL)
105,7,4,80,87,7,,,,0,0,2,59,51,6,0,,2,0,0,1,,0,0,57,176,532,FINAL (ENTRADA MANUAL)
105,7,5,75,95,3,,,,1,1,2,45,67,1,1,,4,0,1,1,,0,0,57,177,534,FINAL (ENTRADA MANUAL)
105,74,1,37,25,4,,,,2,0,0,28,21,3,0,,0,1,1,0,,0,0,14,68,0,FINAL (ENTRADA MANUAL)
105,74,2,31,26,0,,,,1,0,0,25,22,0,0,,1,1,0,0,,0,0,9,58,0,FINAL (ENTRADA MANUAL)
105,74,3,24,49,3,,,,0,0,1,20,41,2,1,,0,1,0,0,,2,0,12,79,0,FINAL (ENTRADA MANUAL)
105,74,4,16,48,6,,,,0,0,0,16,44,4,0,,2,0,0,1,,0,0,3,70,0,FINAL (ENTRADA MANUAL)
105,74,5,28,46,3,,,,0,0,0,24,41,2,0,,2,0,3,0,,0,0,5,77,0,FINAL (ENTRADA MANUAL)
105,74,6,42,48,0,,,,0,0,1,31,40,0,1,,0,0,0,0,,0,0,19,91,0,FINAL (ENTRADA MANUAL)
105,74,7,39,51,0,,,,0,0,1,27,41,0,1,,0,0,0,0,,0,0,22,91,0,FINAL (ENTRADA MANUAL)
105,74,8,0,0,0,,,,0,0,0,0,0,0,0,,0,0,0,0,,0,0,0,0,0,FINAL (ENTRADA MANUAL)
105,75,1,1,0,0,,,,0,0,0,1,0,0,0,,0,0,0,0,,0,0,0,1,0,FINAL (ENTRADA MANUAL)
105,75,2,13,20,1,,,,0,2,0,5,8,1,0,,2,0,0,2,,0,0,18,36,0,FINAL (ENTRADA MANUAL)
105,77,1,64,32,2,,,,0,0,0,61,30,2,0,,0,0,0,0,,0,0,5,98,0,FINAL (ENTRADA MANUAL)
105,77,2,316,99,12,,,,0,0,2,298,95,12,2,,2,5,4,1,,0,0,10,429,0,FINAL (ENTRADA MANUAL)
105,77,3,163,111,7,,,,0,0,0,26,37,5,0,,4,1,0,1,,8,3,208,293,0,FINAL (ENTRADA MANUAL)
105,77,5,0,0,0,,,,0,0,0,0,0,0,0,,0,0,0,0,,0,0,0,0,0,FINAL (ENTRADA MANUAL)
105,78,1,11,3,0,,,,0,0,0,8,2,0,0,,0,0,1,0,,1,0,3,15,0,FINAL (ENTRADA MANUAL)
105,78,2,0,0,0,,,,0,0,0,0,0,0,0,,0,0,0,0,,0,0,0,0,0,FINAL (ENTRADA MANUAL)
105,78,3,0,0,0,,,,0,0,0,0,0,0,0,,0,0,0,0,,0,0,0,0,0,FINAL (ENTRADA MANUAL)
106,1,1,66,141,15,,,,1,0,5,49,83,12,1,,2,2,2,1,,3,0,76,231,548,FINAL (ENTRADA MANUAL)
106,1,2,68,155,11,,,,1,0,15,56,108,8,9,,0,7,2,4,,6,0,56,256,548,FINAL (ENTRADA MANUAL)
106,1,3,62,177,8,,,,1,0,4,44,133,8,3,,2,2,0,1,,2,0,59,254,547,FINAL (ENTRADA MANUAL)
106,2,1,77,173,15,,,,0,0,9,63,118,6,7,,3,6,1,6,,2,0,64,276,553,FINAL (ENTRADA MANUAL)
106,2,2,58,157,20,,,,1,0,10,49,106,12,8,,2,1,4,2,,1,0,62,247,553,FINAL (ENTRADA MANUAL)
106,2,3,53,178,20,,,,1,0,11,40,114,15,8,,1,5,1,6,,2,0,73,265,553,FINAL (ENTRADA MANUAL)
106,2,4,54,169,22,,,,1,0,13,44,116,15,12,,2,6,5,1,,2,0,58,261,553,FINAL (ENTRADA MANUAL)
106,2,5,54,190,13,,,,0,0,10,42,126,9,8,,3,4,1,1,,0,0,73,267,553,FINAL (ENTRADA MANUAL)
106,2,6,59,170,17,,,,1,0,11,47,113,11,8,,2,8,1,7,,6,0,61,264,553,FINAL (ENTRADA MANUAL)
106,3,1,54,165,22,,,,1,0,8,48,107,12,8,,4,1,7,6,,1,0,57,251,564,FINAL (ENTRADA MANUAL)
106,3,2,64,167,23,,,,0,1,16,57,112,18,13,,0,8,5,1,,1,0,57,272,564,FINAL (ENTRADA MANUAL)
106,3,3,61,172,25,,,,0,1,6,47,109,17,4,,1,6,7,3,,2,0,71,267,564,FINAL (ENTRADA MANUAL)
106,3,4,66,184,19,,,,1,0,13,53,121,12,9,,0,5,10,2,,3,0,71,286,564,FINAL (ENTRADA MANUAL)
106,3,5,43,197,23,,,,0,0,8,38,137,15,7,,8,6,1,2,,2,0,57,273,564,FINAL (ENTRADA MANUAL)
106,3,6,57,175,20,,,,1,0,9,50,122,11,4,,2,4,11,1,,1,0,57,263,567,FINAL (ENTRADA MANUAL)
106,4,1,74,163,4,,,,3,0,2,59,102,3,2,,4,7,0,1,,4,0,68,250,515,FINAL (ENTRADA MANUAL)
106,4,2,83,142,12,,,,1,0,4,63,92,7,3,,3,4,3,0,,3,0,67,245,515,FINAL (ENTRADA MANUAL)
106,4,3,56,148,5,,,,0,0,4,49,103,2,2,,7,2,5,1,,1,0,42,214,515,FINAL (ENTRADA MANUAL)
106,4,4,67,135,8,,,,0,0,4,51,86,6,2,,5,6,1,3,,2,0,54,216,515,FINAL (ENTRADA MANUAL)
106,4,5,61,156,11,,,,0,0,3,50,102,7,2,,4,1,1,2,,1,0,62,232,513,FINAL (ENTRADA MANUAL)
106,5,1,108,125,10,,,,0,0,12,98,93,6,9,,3,0,3,2,,0,0,41,255,516,FINAL (ENTRADA MANUAL)
106,5,2,72,160,3,,,,0,0,2,64,132,3,2,,0,3,1,0,,3,0,32,240,516,FINAL (ENTRADA MANUAL)
106,5,3,91,155,11,,,,0,0,2,71,117,9,2,,3,6,4,1,,0,0,46,259,515,FINAL (ENTRADA MANUAL)
106,6,1,76,184,20,,,,1,1,9,65,122,7,6,,3,4,2,3,,4,1,79,296,564,FINAL (ENTRADA MANUAL)
106,6,2,97,165,11,,,,0,1,7,84,122,7,6,,2,3,2,1,,3,0,54,284,565,FINAL (ENTRADA MANUAL)
106,7,1,43,131,12,,,,0,0,7,38,106,6,7,,2,3,6,0,,1,0,25,194,534,FINAL (ENTRADA MANUAL)
106,7,2,42,131,6,,,,0,0,10,32,95,4,10,,3,5,1,4,,2,0,35,191,534,FINAL (ENTRADA MANUAL)
106,7,3,34,146,7,,,,0,0,1,24,114,5,1,,0,1,0,0,,3,0,43,191,534,FINAL (ENTRADA MANUAL)
106,8,1,27,212,33,,,,2,0,7,21,149,18,7,,2,7,7,8,,1,0,62,282,592,FINAL (ENTRADA MANUAL)
106,8,2,54,199,25,,,,1,0,14,47,139,20,13,,1,6,12,3,,2,0,52,295,592,FINAL (ENTRADA MANUAL)
106,8,3,37,202,19,,,,0,0,10,32,118,13,10,,1,6,5,6,,0,0,77,268,592,FINAL (ENTRADA MANUAL)
106,8,4,37,195,24,,,,0,0,10,32,142,18,10,,2,3,3,1,,4,0,55,270,592,FINAL (ENTRADA MANUAL)
106,8,5,44,193,25,,,,0,0,5,36,131,19,4,,3,6,4,1,,2,0,63,269,592,FINAL (ENTRADA MANUAL)
106,8,6,41,220,18,,,,2,0,16,32,140,13,13,,4,4,4,4,,2,0,83,299,595,FINAL (ENTRADA MANUAL)
106,9,1,59,140,18,,,,0,0,8,52,103,12,6,,2,1,1,4,,2,0,44,227,604,FINAL (ENTRADA MANUAL)
106,9,2,92,124,9,,,,0,1,6,72,80,7,5,,1,2,0,2,,3,0,63,235,604,FINAL (ENTRADA MANUAL)
106,9,3,93,145,15,,,,1,0,1,75,101,4,1,,2,3,4,1,,2,1,64,258,604,FINAL (ENTRADA MANUAL)
106,9,4,66,146,11,,,,0,1,7,57,105,6,6,,4,2,2,1,,3,0,48,234,604,FINAL (ENTRADA MANUAL)
106,9,5,81,149,20,,,,0,0,7,71,105,14,7,,3,3,4,1,,4,0,49,261,606,FINAL (ENTRADA MANUAL)
106,74,1,38,55,5,,,,0,0,2,34,46,3,2,,0,1,1,1,,2,0,12,102,0,FINAL (ENTRADA MANUAL)
106,74,2,28,62,4,,,,0,0,1,23,47,2,0,,1,3,2,1,,1,0,16,96,0,FINAL (ENTRADA MANUAL)
106,74,3,35,32,1,,,,0,0,0,33,24,1,0,,1,1,0,1,,0,0,7,68,0,FINAL (ENTRADA MANUAL)
106,74,4,0,0,0,,,,0,0,0,0,0,0,0,,0,0,0,0,,0,0,0,0,0,FINAL (ENTRADA MANUAL)
106,75,1,35,61,15,,,,0,0,8,29,47,9,5,,0,1,2,0,,2,0,24,119,0,FINAL (ENTRADA MANUAL)
106,75,2,0,0,0,,,,0,0,0,0,0,0,0,,0,0,0,0,,0,0,0,0,0,FINAL (ENTRADA MANUAL)
106,75,3,2,3,0,,,,0,0,0,0,1,0,0,,0,0,1,0,,0,0,3,5,0,FINAL (ENTRADA MANUAL)
106,77,1,193,243,10,,,,0,0,1,190,223,10,1,,8,3,1,1,,0,0,10,447,0,FINAL (ENTRADA MANUAL)
106,77,2,118,151,3,,,,0,0,1,118,141,3,1,,1,1,0,0,,0,0,8,273,0,FINAL (ENTRADA MANUAL)
106,77,3,251,405,20,,,,0,3,29,182,195,10,4,,14,8,6,1,,16,4,271,711,0,FINAL (ENTRADA MANUAL)
106,77,5,0,0,0,,,,0,0,0,0,0,0,0,,0,0,0,0,,0,0,0,0,0,FINAL (ENTRADA MANUAL)
106,78,1,17,32,0,,,,0,2,2,15,16,0,2,,0,0,0,0,,0,0,20,53,0,FINAL (ENTRADA MANUAL)
106,78,2,0,0,0,,,,0,0,0,0,0,0,0,,0,0,0,0,,0,0,0,0,0,FINAL (ENTRADA MANUAL)
106,78,3,0,0,0,,,,0,0,0,0,0,0,0,,0,0,0,0,,0,0,0,0,0,FINAL (ENTRADA MANUAL)
106,79,1,0,0,0,,,,0,0,0,0,0,0,0,,0,0,0,0,,0,0,0,0,0,FINAL (ENTRADA MANUAL)
107,1,1,65,161,22,,,,1,0,10,56,125,18,9,,1,4,1,0,,0,0,45,259,568,FINAL (ENTRADA MANUAL)
107,1,2,47,146,9,,,,0,0,12,36,84,8,10,,5,4,1,4,,0,0,62,214,568,FINAL (ENTRADA MANUAL)
107,1,3,62,166,14,,,,0,1,3,49,111,8,3,,7,6,2,1,,2,0,59,248,568,FINAL (ENTRADA MANUAL)
107,1,4,53,179,20,,,,0,0,9,45,137,16,9,,6,7,6,1,,3,0,34,264,568,FINAL (ENTRADA MANUAL)
107,1,5,44,175,14,,,,0,0,9,35,116,12,9,,4,6,2,2,,2,0,56,244,568,FINAL (ENTRADA MANUAL)
107,1,6,46,160,16,,,,0,0,12,35,104,14,10,,3,2,2,3,,0,0,61,234,568,FINAL (ENTRADA MANUAL)
107,1,7,58,175,13,,,,0,0,6,52,112,8,6,,2,10,6,4,,4,0,52,256,567,FINAL (ENTRADA MANUAL)
107,2,1,50,192,31,,,,1,1,14,43,127,22,11,,7,5,9,1,,3,0,64,292,522,FINAL (ENTRADA MANUAL)
107,2,2,54,187,29,,,,0,0,11,44,123,14,7,,2,7,8,2,,2,1,71,281,522,FINAL (ENTRADA MANUAL)
107,2,3,42,188,33,,,,2,0,7,38,136,21,6,,5,7,2,4,,4,0,53,276,522,FINAL (ENTRADA MANUAL)
107,2,4,34,220,20,,,,0,0,13,32,145,14,11,,6,6,10,2,,2,0,61,289,521,FINAL (ENTRADA MANUAL)
107,3,1,45,158,21,,,,2,0,7,37,107,16,6,,3,6,2,3,,2,0,53,235,564,FINAL (ENTRADA MANUAL)
107,3,2,38,138,25,,,,2,0,9,29,100,16,8,,0,3,1,4,,2,0,51,214,564,FINAL (ENTRADA MANUAL)
107,3,3,50,140,21,,,,0,0,11,40,91,13,8,,5,0,5,4,,3,0,56,225,564,FINAL (ENTRADA MANUAL)
107,3,4,39,166,21,,,,1,0,11,33,96,14,9,,1,12,5,2,,2,0,66,240,564,FINAL (ENTRADA MANUAL)
107,3,5,47,161,13,,,,1,0,9,40,93,8,8,,1,5,4,5,,3,0,67,234,564,FINAL (ENTRADA MANUAL)
107,3,6,43,128,19,,,,3,0,9,38,75,14,9,,3,4,2,0,,4,0,57,206,564,FINAL (ENTRADA MANUAL)
107,3,7,48,191,21,,,,0,0,13,34,115,13,10,,7,5,4,2,,0,0,83,273,565,FINAL (ENTRADA MANUAL)
107,4,1,65,153,13,,,,1,0,12,58,119,8,9,,0,3,4,2,,1,0,41,245,634,FINAL (ENTRADA MANUAL)
107,4,2,66,147,7,,,,0,0,6,60,102,5,4,,1,4,1,0,,4,0,49,230,634,FINAL (ENTRADA MANUAL)
107,4,3,60,147,6,,,,0,0,9,50,94,3,8,,5,3,3,2,,4,0,54,226,634,FINAL (ENTRADA MANUAL)
107,4,4,59,164,11,,,,0,0,5,49,134,5,5,,5,4,0,1,,3,0,36,242,634,FINAL (ENTRADA MANUAL)
107,4,5,54,156,9,,,,0,0,11,45,129,4,10,,1,0,2,1,,2,0,38,232,634,FINAL (ENTRADA MANUAL)
107,4,6,61,144,12,,,,0,0,11,50,100,2,10,,2,1,3,2,,2,0,58,230,634,FINAL (ENTRADA MANUAL)
107,4,7,66,143,8,,,,0,0,4,51,110,7,3,,1,1,3,1,,3,1,44,225,637,FINAL (ENTRADA MANUAL)
107,5,1,64,160,12,,,,1,0,9,45,135,8,9,,1,2,6,0,,1,0,40,247,640,FINAL (ENTRADA MANUAL)
107,5,2,71,148,20,,,,0,0,2,52,96,14,1,,0,5,2,1,,1,0,70,242,640,FINAL (ENTRADA MANUAL)
107,5,3,57,143,13,,,,1,0,3,50,98,4,2,,2,5,2,0,,3,0,54,220,640,FINAL (ENTRADA MANUAL)
107,5,4,39,142,21,,,,0,0,8,33,97,11,7,,1,1,5,2,,3,0,53,213,639,FINAL (ENTRADA MANUAL)
107,6,1,82,129,22,,,,1,0,9,68,95,13,5,,3,5,3,2,,1,0,49,244,545,FINAL (ENTRADA MANUAL)
107,6,2,76,106,9,,,,1,0,8,68,74,6,4,,4,4,1,3,,3,0,36,203,545,FINAL (ENTRADA MANUAL)
107,6,3,47,133,14,,,,0,1,13,39,101,11,9,,1,2,3,0,,1,0,42,209,545,FINAL (ENTRADA MANUAL)
107,6,4,80,126,13,,,,0,0,6,64,79,8,5,,1,1,0,1,,1,0,66,226,546,FINAL (ENTRADA MANUAL)
107,7,1,45,169,13,,,,0,0,7,40,114,11,6,,3,7,0,3,,1,0,50,235,455,FINAL (ENTRADA MANUAL)
107,7,2,50,159,14,,,,0,0,4,42,129,11,2,,1,2,1,1,,1,0,38,228,455,FINAL (ENTRADA MANUAL)
107,7,3,52,152,13,,,,0,0,7,48,97,11,5,,3,5,4,5,,1,0,46,225,455,FINAL (ENTRADA MANUAL)
107,7,4,43,149,31,,,,0,1,3,41,110,14,2,,2,6,6,5,,3,0,41,230,455,FINAL (ENTRADA MANUAL)
107,8,1,46,150,23,,,,0,1,17,37,90,14,14,,5,8,2,6,,4,0,61,241,557,FINAL (ENTRADA MANUAL)
107,8,2,63,192,15,,,,0,0,13,57,137,11,12,,6,4,4,2,,1,0,50,284,557,FINAL (ENTRADA MANUAL)
107,8,3,67,167,22,,,,1,0,14,59,122,14,12,,5,2,6,2,,0,0,49,271,557,FINAL (ENTRADA MANUAL)
107,9,1,55,149,21,,,,0,0,8,44,98,12,7,,1,3,3,2,,4,0,63,237,588,FINAL (ENTRADA MANUAL)
107,9,2,59,139,20,,,,0,0,8,49,94,11,5,,5,3,1,2,,2,0,56,228,588,FINAL (ENTRADA MANUAL)
107,9,3,44,133,4,,,,1,0,5,32,93,2,4,,5,4,1,1,,1,0,45,188,588,FINAL (ENTRADA MANUAL)
107,9,4,43,154,12,,,,1,0,9,37,112,8,6,,3,4,2,2,,0,0,45,219,588,FINAL (ENTRADA MANUAL)
107,9,5,41,146,20,,,,1,0,9,39,112,19,6,,0,2,1,1,,5,0,37,222,588,FINAL (ENTRADA MANUAL)
107,9,6,55,134,14,,,,0,0,6,53,93,9,6,,2,3,2,2,,2,0,39,211,588,FINAL (ENTRADA MANUAL)
107,9,7,55,137,16,,,,0,0,5,46,82,10,4,,1,1,3,2,,0,0,64,213,588,FINAL (ENTRADA MANUAL)
107,9,8,63,140,14,,,,1,0,3,54,109,11,3,,1,3,4,3,,1,0,33,222,587,FINAL (ENTRADA MANUAL)
107,10,1,54,183,24,,,,1,0,8,39,116,17,6,,2,3,4,2,,3,0,81,273,574,FINAL (ENTRADA MANUAL)
107,10,2,59,206,16,,,,0,0,13,45,124,9,9,,2,8,2,6,,4,0,89,298,574,FINAL (ENTRADA MANUAL)
107,10,3,60,159,28,,,,0,0,7,52,103,16,6,,2,2,9,6,,1,0,58,255,574,FINAL (ENTRADA MANUAL)
107,10,4,48,205,30,,,,0,1,13,42,141,22,10,,1,3,7,4,,0,0,67,297,574,FINAL (ENTRADA MANUAL)
107,10,5,53,201,26,,,,1,0,11,45,127,15,8,,2,6,3,4,,1,0,82,293,574,FINAL (ENTRADA MANUAL)
107,10,6,47,178,37,,,,1,0,10,44,130,23,7,,1,8,1,7,,0,0,52,273,574,FINAL (ENTRADA MANUAL)
107,10,7,47,179,29,,,,1,0,10,39,133,21,7,,2,5,3,6,,1,0,50,267,574,FINAL (ENTRADA MANUAL)
107,10,8,57,186,24,,,,1,0,13,51,130,11,12,,4,9,7,6,,1,0,51,282,577,FINAL (ENTRADA MANUAL)
107,74,1,23,73,0,,,,0,0,0,19,56,0,0,,2,3,0,0,,1,0,16,97,0,FINAL (ENTRADA MANUAL)
107,74,2,11,66,6,,,,0,0,1,11,49,3,1,,1,4,2,0,,0,0,13,84,0,FINAL (ENTRADA MANUAL)
107,74,3,16,55,3,,,,0,0,0,15,40,3,0,,2,3,2,2,,0,0,7,74,0,FINAL (ENTRADA MANUAL)
107,74,4,20,48,4,,,,0,0,0,17,33,4,0,,2,3,0,0,,0,0,13,72,0,FINAL (ENTRADA MANUAL)
107,74,5,16,61,1,,,,0,0,1,14,52,0,1,,1,1,1,0,,0,0,9,79,0,FINAL (ENTRADA MANUAL)
107,74,6,29,59,4,,,,0,1,0,25,49,3,0,,1,1,1,0,,0,0,13,93,0,FINAL (ENTRADA MANUAL)
107,74,7,12,54,6,,,,0,0,0,11,45,3,0,,0,2,1,0,,0,0,10,72,0,FINAL (ENTRADA MANUAL)
107,74,8,20,53,6,,,,0,0,0,18,43,5,0,,0,1,0,0,,2,0,12,81,0,FINAL (ENTRADA MANUAL)
107,74,9,0,0,0,,,,0,0,0,0,0,0,0,,0,0,0,0,,0,0,0,0,0,FINAL (ENTRADA MANUAL)
107,75,1,0,0,0,,,,0,0,0,0,0,0,0,,0,0,0,0,,0,0,0,0,0,FINAL (ENTRADA MANUAL)
107,77,1,304,737,32,,,,0,1,18,272,560,21,6,,14,9,2,0,,13,0,210,1107,0,FINAL (ENTRADA MANUAL)
107,77,2,0,0,0,,,,0,0,0,0,0,0,0,,0,0,0,0,,0,0,0,0,0,FINAL (ENTRADA MANUAL)
107,77,3,23,93,12,,,,0,0,1,11,27,2,1,,8,1,4,1,,1,1,76,133,0,FINAL (ENTRADA MANUAL)
107,77,5,0,0,0,,,,0,0,0,0,0,0,0,,0,0,0,0,,0,0,0,0,0,FINAL (ENTRADA MANUAL)
107,78,1,9,26,1,,,,0,0,0,7,20,0,0,,1,0,0,0,,0,0,8,36,0,FINAL (ENTRADA MANUAL)
107,78,2,0,0,0,,,,0,0,0,0,0,0,0,,0,0,0,0,,0,0,0,0,0,FINAL (ENTRADA MANUAL)
107,78,3,3,21,5,,,,1,0,1,1,4,0,0,,0,1,1,1,,1,3,30,42,0,FINAL (ENTRADA MANUAL)
108,1,1,79,164,23,,,,0,0,20,74,104,13,14,,6,3,3,3,,1,0,66,287,596,FINAL (ENTRADA MANUAL)
108,1,2,78,138,31,,,,0,0,18,73,83,18,18,,6,1,0,3,,4,0,63,269,596,FINAL (ENTRADA MANUAL)
108,1,3,68,151,27,,,,0,0,8,63,95,16,5,,6,3,6,6,,8,0,54,262,596,FINAL (ENTRADA MANUAL)
108,1,4,66,136,25,,,,0,0,14,63,81,15,11,,8,3,11,5,,0,0,44,241,596,FINAL (ENTRADA MANUAL)
108,1,5,71,164,27,,,,0,0,12,61,88,16,10,,6,4,5,4,,3,0,80,277,596,FINAL (ENTRADA MANUAL)
108,1,6,90,145,30,,,,2,0,14,82,91,21,13,,4,1,2,6,,4,0,61,285,596,FINAL (ENTRADA MANUAL)
108,1,7,57,152,20,,,,0,0,14,51,99,14,11,,6,4,1,3,,2,0,54,245,596,FINAL (ENTRADA MANUAL)
108,2,1,59,165,16,,,,2,0,18,52,100,12,17,,5,12,7,4,,2,0,51,262,558,FINAL (ENTRADA MANUAL)
108,2,2,48,174,20,,,,1,0,15,38,109,9,10,,3,5,4,4,,1,0,76,259,558,FINAL (ENTRADA MANUAL)
108,2,3,51,160,15,,,,1,0,18,44,112,9,13,,6,7,2,5,,2,0,47,247,558,FINAL (ENTRADA MANUAL)
108,2,4,63,170,16,,,,1,0,8,59,94,10,7,,2,6,3,3,,3,0,74,261,556,FINAL (ENTRADA MANUAL)
108,3,1,56,160,24,,,,0,0,12,49,101,15,9,,2,3,7,3,,2,0,63,254,615,FINAL (ENTRADA MANUAL)
108,3,2,58,166,19,,,,0,1,12,51,113,15,11,,6,4,2,3,,2,0,51,258,615,FINAL (ENTRADA MANUAL)
108,3,3,62,165,22,,,,0,0,19,53,96,16,14,,3,5,8,5,,2,0,68,270,615,FINAL (ENTRADA MANUAL)
108,4,1,52,145,19,,,,0,0,18,49,89,11,16,,1,2,2,3,,2,0,61,236,551,FINAL (ENTRADA MANUAL)
108,4,2,46,149,15,,,,2,0,9,39,86,8,5,,3,7,5,4,,2,0,64,223,551,FINAL (ENTRADA MANUAL)
108,4,3,54,150,21,,,,0,1,13,49,112,15,9,,4,2,0,6,,0,0,42,239,551,FINAL (ENTRADA MANUAL)
108,4,4,43,145,23,,,,0,0,18,38,90,17,16,,4,3,5,3,,1,0,53,230,551,FINAL (ENTRADA MANUAL)
108,4,5,60,140,17,,,,0,0,17,56,98,13,17,,2,5,3,4,,2,0,36,236,551,FINAL (ENTRADA MANUAL)
108,4,6,61,139,23,,,,2,0,9,52,82,19,7,,7,4,5,3,,1,0,55,235,551,FINAL (ENTRADA MANUAL)
108,4,7,45,153,28,,,,0,1,10,33,87,14,9,,3,6,8,6,,2,0,71,239,551,FINAL (ENTRADA MANUAL)
108,4,8,51,143,29,,,,0,0,15,44,98,17,14,,3,2,6,4,,4,1,50,243,552,FINAL (ENTRADA MANUAL)
108,5,1,65,173,19,,,,0,1,12,60,110,12,8,,0,4,6,4,,3,0,66,273,621,FINAL (ENTRADA MANUAL)
108,5,2,61,177,34,,,,0,0,14,50,110,19,12,,3,2,7,4,,0,1,79,287,621,FINAL (ENTRADA MANUAL)
108,6,1,54,171,22,,,,0,0,11,47,105,12,11,,2,8,4,4,,2,0,65,260,523,FINAL (ENTRADA MANUAL)
108,6,2,55,181,16,,,,0,0,9,50,120,15,9,,2,4,9,1,,2,0,51,263,523,FINAL (ENTRADA MANUAL)
108,6,3,53,157,17,,,,1,0,11,43,96,10,10,,4,3,3,5,,2,0,65,241,523,FINAL (ENTRADA MANUAL)
108,6,4,59,174,27,,,,0,0,9,51,100,16,6,,3,3,6,4,,2,0,80,271,522,FINAL (ENTRADA MANUAL)
108,7,1,49,178,21,,,,1,0,7,44,124,10,6,,2,4,3,5,,5,0,58,261,572,FINAL (ENTRADA MANUAL)
108,7,2,71,165,19,,,,0,0,8,62,113,13,7,,7,5,2,5,,1,0,49,264,572,FINAL (ENTRADA MANUAL)
108,7,3,60,163,14,,,,1,0,10,55,110,5,8,,5,1,2,2,,0,0,60,248,572,FINAL (ENTRADA MANUAL)
108,7,4,60,181,26,,,,0,0,10,53,133,19,7,,4,4,5,9,,1,0,43,278,572,FINAL (ENTRADA MANUAL)
108,7,5,49,155,17,,,,0,0,17,42,101,12,17,,2,5,3,4,,2,0,52,240,572,FINAL (ENTRADA MANUAL)
108,7,6,71,165,14,,,,0,0,13,59,99,9,9,,2,7,2,2,,3,0,74,266,573,FINAL (ENTRADA MANUAL)
108,8,1,38,208,33,,,,0,0,14,32,135,24,11,,6,6,5,4,,1,0,70,294,546,FINAL (ENTRADA MANUAL)
108,8,2,46,204,30,,,,1,0,21,42,141,23,20,,7,7,9,3,,2,0,51,305,546,FINAL (ENTRADA MANUAL)
108,8,3,39,194,21,,,,0,0,13,32,115,14,11,,4,7,6,4,,1,0,74,268,546,FINAL (ENTRADA MANUAL)
108,8,4,32,197,27,,,,0,0,16,28,122,16,15,,5,7,12,6,,1,0,61,273,546,FINAL (ENTRADA MANUAL)
108,8,5,43,213,34,,,,3,0,12,39,147,20,7,,3,1,7,4,,3,0,77,308,546,FINAL (ENTRADA MANUAL)
108,8,6,44,192,40,,,,2,0,16,42,113,24,15,,2,5,8,7,,7,0,78,301,548,FINAL (ENTRADA MANUAL)
108,9,1,64,130,14,,,,0,0,12,62,75,10,10,,3,6,3,3,,1,0,48,221,495,FINAL (ENTRADA MANUAL)
108,9,2,59,155,22,,,,0,0,8,49,89,12,7,,6,4,7,1,,1,1,69,246,495,FINAL (ENTRADA MANUAL)
108,9,3,57,155,18,,,,0,0,10,43,100,11,8,,3,9,4,4,,2,0,58,242,494,FINAL (ENTRADA MANUAL)
108,10,1,48,167,13,,,,1,0,11,40,106,7,7,,3,6,5,1,,1,0,65,241,486,FINAL (ENTRADA MANUAL)
108,10,2,42,139,23,,,,0,0,9,36,92,17,5,,4,4,4,2,,2,0,49,215,486,FINAL (ENTRADA MANUAL)
108,10,3,45,131,18,,,,0,0,5,40,92,15,3,,1,4,1,2,,1,0,41,200,486,FINAL (ENTRADA MANUAL)
108,10,4,39,124,12,,,,2,0,15,36,84,8,12,,3,2,0,1,,1,0,46,193,487,FINAL (ENTRADA MANUAL)
108,11,1,45,165,22,,,,0,0,14,37,87,9,11,,1,7,6,5,,1,0,83,247,554,FINAL (ENTRADA MANUAL)
108,11,2,41,145,21,,,,0,0,12,40,95,12,8,,6,4,6,2,,3,0,46,222,554,FINAL (ENTRADA MANUAL)
108,11,3,58,151,31,,,,3,0,19,49,84,24,12,,1,2,4,3,,2,0,83,264,554,FINAL (ENTRADA MANUAL)
108,11,4,44,181,19,,,,3,0,12,37,114,10,7,,1,3,5,4,,1,0,78,260,554,FINAL (ENTRADA MANUAL)
108,11,5,55,166,17,,,,0,0,14,42,122,8,12,,6,14,13,5,,4,0,30,256,553,FINAL (ENTRADA MANUAL)
108,12,1,52,142,14,,,,0,1,7,39,98,8,5,,4,5,0,0,,2,0,57,218,471,FINAL (ENTRADA MANUAL)
108,12,2,50,122,13,,,,0,0,9,45,81,9,8,,2,2,4,1,,2,0,42,196,471,FINAL (ENTRADA MANUAL)
108,12,3,35,177,18,,,,0,0,6,30,112,11,5,,4,6,0,1,,1,0,67,237,471,FINAL (ENTRADA MANUAL)
108,12,4,44,153,15,,,,0,0,13,41,117,11,13,,3,2,3,0,,3,0,35,228,471,FINAL (ENTRADA MANUAL)
108,13,1,50,154,16,,,,0,0,7,45,97,7,6,,2,1,3,7,,1,0,59,228,544,FINAL (ENTRADA MANUAL)
108,13,2,42,151,9,,,,0,0,9,37,93,5,7,,4,6,4,4,,4,0,51,215,544,FINAL (ENTRADA MANUAL)
108,13,3,41,157,15,,,,0,0,14,35,102,9,12,,3,5,7,1,,3,0,53,230,545,FINAL (ENTRADA MANUAL)
108,14,1,39,210,25,,,,1,0,8,29,158,13,5,,3,4,7,2,,1,0,62,284,618,FINAL (ENTRADA MANUAL)
108,14,2,57,182,25,,,,2,0,16,49,125,17,16,,1,7,5,3,,1,0,59,283,618,FINAL (ENTRADA MANUAL)
108,14,3,40,198,27,,,,2,0,16,34,120,19,11,,2,8,3,6,,3,1,80,287,618,FINAL (ENTRADA MANUAL)
108,14,4,68,181,25,,,,0,0,5,57,108,20,5,,3,1,3,2,,0,0,80,279,618,FINAL (ENTRADA MANUAL)
108,14,5,57,189,24,,,,0,0,9,50,125,13,6,,2,5,3,5,,1,0,70,280,618,FINAL (ENTRADA MANUAL)
108,14,6,61,192,24,,,,3,0,17,53,124,16,17,,4,2,3,0,,5,0,78,302,618,FINAL (ENTRADA MANUAL)
108,15,1,63,171,20,,,,0,0,15,55,125,13,14,,4,9,2,6,,2,0,41,271,627,FINAL (ENTRADA MANUAL)
108,15,2,58,173,30,,,,0,1,7,51,100,17,3,,8,7,8,6,,2,0,69,271,627,FINAL (ENTRADA MANUAL)
108,15,3,61,167,23,,,,0,0,15,56,117,15,13,,1,3,4,3,,3,0,54,269,627,FINAL (ENTRADA MANUAL)
108,15,4,49,181,27,,,,0,0,16,44,141,20,14,,2,3,4,1,,2,0,44,275,627,FINAL (ENTRADA MANUAL)
108,15,5,59,169,32,,,,0,0,13,51,113,22,11,,6,2,5,4,,3,0,59,276,629,FINAL (ENTRADA MANUAL)
108,16,1,46,202,17,,,,2,0,10,36,119,10,7,,3,6,8,2,,4,0,86,281,624,FINAL (ENTRADA MANUAL)
108,16,2,48,176,20,,,,0,1,15,43,110,10,13,,1,5,6,4,,2,2,68,264,624,FINAL (ENTRADA MANUAL)
108,16,3,46,187,14,,,,0,0,4,33,101,8,3,,2,5,2,3,,5,0,94,256,624,FINAL (ENTRADA MANUAL)
108,16,4,60,176,15,,,,0,0,12,49,118,11,10,,2,2,5,2,,2,0,64,265,624,FINAL (ENTRADA MANUAL)
108,16,5,69,177,22,,,,0,0,12,51,107,13,9,,4,4,4,2,,4,0,86,284,624,FINAL (ENTRADA MANUAL)
108,17,1,54,83,8,,,,0,0,6,43,43,2,4,,1,7,0,2,,0,0,49,151,393,FINAL (ENTRADA MANUAL)
108,17,2,51,69,4,,,,0,0,11,36,45,3,1,,1,5,1,0,,2,0,43,137,393,FINAL (ENTRADA MANUAL)
108,18,1,45,142,6,,,,0,1,5,41,92,4,5,,3,2,4,2,,2,0,46,201,504,FINAL (ENTRADA MANUAL)
108,18,2,48,142,11,,,,0,0,9,36,86,10,6,,0,5,3,3,,1,0,61,211,504,FINAL (ENTRADA MANUAL)
108,18,3,46,134,25,,,,1,0,4,40,83,10,2,,4,2,3,4,,0,0,62,210,504,FINAL (ENTRADA MANUAL)
108,18,4,50,148,16,,,,0,0,4,41,94,8,3,,1,2,7,5,,2,0,57,220,505,FINAL (ENTRADA MANUAL)
108,19,1,56,165,22,,,,0,0,9,48,120,15,8,,1,8,2,5,,1,0,45,253,502,FINAL (ENTRADA MANUAL)
108,19,2,44,175,14,,,,2,0,3,38,114,11,3,,1,2,6,7,,0,0,56,238,502,FINAL (ENTRADA MANUAL)
108,19,3,48,186,20,,,,1,0,9,42,122,11,5,,2,4,6,3,,1,0,69,265,502,FINAL (ENTRADA MANUAL)
108,19,4,55,165,19,,,,0,0,9,51,112,11,8,,2,4,4,5,,1,0,51,249,502,FINAL (ENTRADA MANUAL)
108,19,5,55,170,22,,,,1,0,4,47,123,14,3,,5,0,7,1,,0,0,52,252,504,FINAL (ENTRADA MANUAL)
108,20,1,74,140,22,,,,0,0,8,64,91,11,6,,4,4,6,3,,3,0,55,247,585,FINAL (ENTRADA MANUAL)
108,20,2,64,140,15,,,,0,0,12,52,94,11,10,,5,3,3,0,,1,0,53,232,585,FINAL (ENTRADA MANUAL)
108,20,3,56,130,8,,,,0,0,11,44,91,5,8,,3,5,0,5,,3,0,44,208,585,FINAL (ENTRADA MANUAL)
108,20,4,61,131,17,,,,1,0,9,47,78,12,6,,4,2,1,3,,2,0,66,221,585,FINAL (ENTRADA MANUAL)
108,20,5,44,131,20,,,,1,0,17,34,79,12,10,,1,0,0,7,,1,0,70,214,586,FINAL (ENTRADA MANUAL)
108,74,1,23,35,3,,,,0,0,0,22,21,2,0,,0,1,0,0,,0,0,15,61,0,FINAL (ENTRADA MANUAL)
108,74,2,12,38,2,,,,0,0,1,11,23,2,1,,2,2,1,0,,0,0,11,53,0,FINAL (ENTRADA MANUAL)
108,74,3,18,57,1,,,,0,0,1,15,46,0,0,,2,1,1,0,,0,0,12,77,0,FINAL (ENTRADA MANUAL)
108,74,4,19,59,2,,,,0,0,0,19,44,1,0,,3,3,1,0,,0,0,9,80,0,FINAL (ENTRADA MANUAL)
108,74,5,37,66,2,,,,0,0,2,33,46,2,1,,3,0,2,0,,1,1,20,109,0,FINAL (ENTRADA MANUAL)
108,74,6,34,44,5,,,,0,0,0,34,34,2,0,,3,2,3,0,,0,0,5,83,0,FINAL (ENTRADA MANUAL)
108,74,7,20,49,3,,,,0,0,3,18,34,2,1,,1,1,2,1,,1,0,15,76,0,FINAL (ENTRADA MANUAL)
108,74,8,13,40,2,,,,0,0,2,12,26,2,0,,3,1,1,0,,1,0,12,58,0,FINAL (ENTRADA MANUAL)
108,74,9,20,36,4,,,,0,0,0,17,28,3,0,,1,0,0,0,,0,0,11,60,0,FINAL (ENTRADA MANUAL)
108,74,10,14,37,5,,,,0,0,0,11,26,5,0,,1,1,0,0,,0,0,12,56,0,FINAL (ENTRADA MANUAL)
108,74,11,0,0,0,,,,0,0,0,0,0,0,0,,0,0,0,0,,0,0,0,0,0,FINAL (ENTRADA MANUAL)
108,75,1,7,16,0,,,,0,0,1,5,15,0,0,,1,0,0,0,,0,0,3,24,0,FINAL (ENTRADA MANUAL)
108,75,2,0,3,0,,,,0,0,0,0,1,0,0,,0,1,0,0,,0,0,1,3,0,FINAL (ENTRADA MANUAL)
108,75,3,8,55,9,,,,0,0,6,8,16,1,1,,0,2,0,2,,2,0,50,81,0,FINAL (ENTRADA MANUAL)
108,77,1,714,1104,52,,,,0,0,35,662,821,41,23,,57,15,6,7,,19,1,273,1925,0,FINAL (ENTRADA MANUAL)
108,77,2,198,390,20,,,,0,0,8,193,343,19,8,,20,9,1,0,,1,0,23,617,0,FINAL (ENTRADA MANUAL)
108,77,3,63,76,6,,,,0,0,7,58,47,4,5,,1,0,0,2,,3,0,35,155,0,FINAL (ENTRADA MANUAL)
108,77,5,38,140,11,,,,1,0,3,22,38,2,5,,8,4,4,6,,2,4,104,199,0,FINAL (ENTRADA MANUAL)
108,78,1,0,0,1,,,,0,0,0,0,0,1,0,,0,0,0,0,,0,0,0,1,0,FINAL (ENTRADA MANUAL)
108,78,2,0,0,0,,,,0,0,0,0,0,0,0,,0,0,0,0,,0,0,0,0,0,FINAL (ENTRADA MANUAL)
108,78,3,0,0,0,,,,0,0,0,0,0,0,0,,0,0,0,0,,0,0,0,0,0,FINAL (ENTRADA MANUAL)
108,79,1,0,0,0,,,,0,0,0,0,0,0,0,,0,0,0,0,,0,0,0,0,0,FINAL (ENTRADA MANUAL)
108,79,2,0,0,0,,,,0,0,0,0,0,0,0,,0,0,0,0,,0,1,0,0,0,FINAL (ENTRADA MANUAL)
108,79,3,0,0,0,,,,0,0,0,0,0,0,0,,0,0,0,0,,0,0,0,0,0,FINAL (ENTRADA MANUAL)
108,79,4,0,0,0,,,,0,0,0,0,0,0,0,,0,0,0,0,,0,1,0,1,0,FINAL (ENTRADA MANUAL)
109,1,1,85,77,6,,,,1,0,3,57,58,5,2,,3,3,1,0,,0,0,43,172,352,FINAL (ENTRADA MANUAL)
109,1,2,81,76,6,,,,0,0,1,50,60,3,1,,2,3,2,0,,2,0,43,166,352,FINAL (ENTRADA MANUAL)
109,2,1,112,185,35,,,,1,0,5,88,131,27,5,,2,7,5,6,,1,0,67,339,570,FINAL (ENTRADA MANUAL)
109,2,2,82,172,37,,,,0,0,13,55,110,24,11,,1,8,5,3,,3,0,87,307,570,FINAL (ENTRADA MANUAL)
109,2,3,92,145,33,,,,0,0,9,62,100,17,7,,2,4,8,5,,0,0,74,279,570,FINAL (ENTRADA MANUAL)
109,2,4,83,161,29,,,,3,0,7,63,111,21,7,,2,8,2,3,,0,0,66,283,569,FINAL (ENTRADA MANUAL)
109,3,1,100,170,38,,,,0,0,11,76,99,20,9,,2,3,9,2,,1,0,99,320,505,FINAL (ENTRADA MANUAL)
109,3,2,85,154,29,,,,0,0,10,73,102,15,8,,3,13,9,4,,1,0,51,279,505,FINAL (ENTRADA MANUAL)
109,3,3,66,166,43,,,,0,0,9,57,121,26,8,,3,2,7,3,,0,0,57,284,505,FINAL (ENTRADA MANUAL)
109,3,4,107,140,37,,,,1,0,7,93,89,19,7,,0,2,12,5,,1,0,65,293,505,FINAL (ENTRADA MANUAL)
109,3,5,95,153,39,,,,1,0,6,71,97,25,6,,7,4,15,0,,2,0,69,296,505,FINAL (ENTRADA MANUAL)
109,3,6,88,152,38,,,,1,0,10,56,89,24,8,,7,3,6,3,,1,0,93,290,505,FINAL (ENTRADA MANUAL)
109,3,7,90,159,45,,,,0,0,15,63,101,28,14,,8,6,6,5,,0,0,78,309,505,FINAL (ENTRADA MANUAL)
109,3,8,86,137,32,,,,1,0,3,68,78,21,3,,0,5,6,1,,1,0,77,260,505,FINAL (ENTRADA MANUAL)
109,3,9,75,148,46,,,,1,0,6,54,92,28,5,,2,5,8,11,,0,1,71,277,505,FINAL (ENTRADA MANUAL)
109,3,10,100,155,28,,,,1,0,5,78,105,18,3,,5,5,3,2,,2,0,70,291,509,FINAL (ENTRADA MANUAL)
109,4,1,158,181,37,,,,0,0,11,116,127,19,9,,2,2,8,4,,3,0,100,390,618,FINAL (ENTRADA MANUAL)
109,4,2,78,101,18,,,,0,0,4,56,69,15,2,,1,0,7,4,,0,0,47,201,618,FINAL (ENTRADA MANUAL)
109,4,3,89,132,32,,,,5,0,7,64,75,17,6,,2,9,8,7,,3,0,77,268,618,FINAL (ENTRADA MANUAL)
109,4,4,99,155,31,,,,0,0,6,70,100,20,5,,2,2,6,4,,2,0,82,293,618,FINAL (ENTRADA MANUAL)
109,4,5,110,135,28,,,,0,0,11,78,77,14,8,,2,2,9,8,,3,0,86,287,618,FINAL (ENTRADA MANUAL)
109,4,6,106,108,34,,,,0,0,13,77,70,19,11,,4,4,7,2,,1,0,67,262,619,FINAL (ENTRADA MANUAL)
109,5,1,116,103,14,,,,0,0,1,82,78,9,1,,2,2,1,1,,1,0,58,235,608,FINAL (ENTRADA MANUAL)
109,5,2,130,86,16,,,,0,0,0,83,64,10,0,,3,0,1,0,,0,0,71,232,608,FINAL (ENTRADA MANUAL)
109,5,3,146,92,13,,,,1,0,1,101,66,7,1,,2,4,4,1,,0,0,67,253,608,FINAL (ENTRADA MANUAL)
109,5,4,128,112,6,,,,0,0,4,79,83,5,3,,0,7,0,1,,2,0,72,252,608,FINAL (ENTRADA MANUAL)
109,5,5,126,113,17,,,,2,0,4,87,79,13,2,,4,5,4,2,,0,0,66,262,608,FINAL (ENTRADA MANUAL)
109,5,6,140,103,6,,,,0,0,8,96,83,4,5,,2,3,1,0,,1,0,63,258,610,FINAL (ENTRADA MANUAL)
109,6,1,98,89,26,,,,0,0,3,64,61,14,3,,3,4,3,2,,0,0,62,216,411,FINAL (ENTRADA MANUAL)
109,6,2,96,70,15,,,,1,0,6,59,59,10,6,,3,3,4,2,,3,0,42,191,411,FINAL (ENTRADA MANUAL)
109,7,1,167,87,22,,,,1,0,2,118,63,13,1,,5,4,2,0,,2,0,73,281,640,FINAL (ENTRADA MANUAL)
109,7,2,140,99,23,,,,2,0,4,91,55,16,1,,8,6,5,3,,2,0,83,270,640,FINAL (ENTRADA MANUAL)
109,7,3,158,97,15,,,,0,0,3,115,70,10,3,,2,4,1,1,,2,0,67,275,640,FINAL (ENTRADA MANUAL)
109,7,4,147,97,20,,,,0,0,5,101,60,11,4,,3,7,5,2,,1,0,76,270,640,FINAL (ENTRADA MANUAL)
109,7,5,166,92,17,,,,0,0,4,119,58,10,3,,3,8,4,2,,0,0,72,279,640,FINAL (ENTRADA MANUAL)
109,8,1,128,72,20,,,,0,0,1,99,60,14,1,,2,2,3,1,,2,0,39,223,495,FINAL (ENTRADA MANUAL)
109,8,2,114,64,15,,,,0,0,8,70,48,10,6,,2,0,1,1,,3,0,63,204,495,FINAL (ENTRADA MANUAL)
109,8,3,126,62,13,,,,0,0,2,87,47,7,1,,0,2,5,1,,2,0,53,205,496,FINAL (ENTRADA MANUAL)
109,74,1,29,56,4,,,,0,0,0,24,38,4,0,,1,3,1,0,,0,0,18,89,0,FINAL (ENTRADA MANUAL)
109,74,2,23,59,1,,,,0,0,0,18,51,1,0,,0,3,1,0,,1,0,9,84,0,FINAL (ENTRADA MANUAL)
109,74,3,23,60,4,,,,0,0,1,19,50,3,1,,3,5,1,0,,0,0,6,88,0,FINAL (ENTRADA MANUAL)
109,74,4,36,50,5,,,,0,0,2,29,32,2,1,,1,4,2,3,,1,0,19,94,0,FINAL (ENTRADA MANUAL)
109,74,5,0,0,0,,,,0,0,0,0,0,0,0,,0,0,0,0,,0,0,0,0,0,FINAL (ENTRADA MANUAL)
109,75,1,63,76,15,,,,0,0,12,29,37,7,4,,5,4,3,3,,3,0,76,172,0,FINAL (ENTRADA MANUAL)
109,75,2,1,4,0,,,,1,0,0,0,2,0,0,,0,0,0,0,,0,0,4,6,0,FINAL (ENTRADA MANUAL)
109,75,3,0,0,0,,,,0,0,0,0,0,0,0,,0,0,0,0,,0,0,0,0,0,FINAL (ENTRADA MANUAL)
109,77,1,20,15,0,,,,0,0,1,19,13,0,1,,1,2,0,0,,0,0,0,36,0,FINAL (ENTRADA MANUAL)
109,77,2,560,479,37,,,,0,0,6,539,442,34,6,,14,12,8,2,,0,0,25,1082,0,FINAL (ENTRADA MANUAL)
109,77,3,178,196,18,,,,0,0,0,64,67,7,3,,3,5,3,5,,6,0,241,404,0,FINAL (ENTRADA MANUAL)
109,77,5,0,0,0,,,,0,0,0,0,0,0,0,,0,0,0,0,,0,0,0,0,0,FINAL (ENTRADA MANUAL)
109,78,1,0,0,0,,,,0,0,0,0,0,0,0,,0,0,0,0,,0,0,0,0,0,FINAL (ENTRADA MANUAL)
109,78,2,15,19,2,,,,1,0,1,12,16,0,0,,1,0,0,0,,0,10,9,48,0,FINAL (ENTRADA MANUAL)
109,78,3,0,0,0,,,,0,0,0,0,0,0,0,,0,0,0,0,,0,0,0,0,0,FINAL (ENTRADA MANUAL)
109,79,1,0,0,0,,,,0,0,0,0,0,0,0,,0,0,0,0,,0,0,0,0,0,FINAL (ENTRADA MANUAL)
110,1,1,70,161,39,,,,1,0,28,50,79,18,25,,6,8,10,6,,1,0,97,300,503,FINAL (ENTRADA MANUAL)
110,2,1,102,130,25,,,,0,0,9,84,97,15,7,,4,11,4,2,,0,0,42,266,574,FINAL (ENTRADA MANUAL)
110,2,2,122,104,30,,,,0,0,14,92,69,17,14,,2,4,5,1,,1,0,66,271,574,FINAL (ENTRADA MANUAL)
110,2,3,82,137,29,,,,0,0,11,53,92,21,9,,5,8,10,2,,0,0,59,259,574,FINAL (ENTRADA MANUAL)
110,2,4,77,141,28,,,,1,0,18,62,88,20,14,,3,6,4,4,,1,0,64,266,574,FINAL (ENTRADA MANUAL)
110,2,5,72,146,22,,,,0,0,8,55,103,17,5,,4,6,6,2,,2,0,50,250,574,FINAL (ENTRADA MANUAL)
110,3,1,85,118,34,,,,0,0,10,68,84,21,6,,2,9,3,3,,2,0,51,249,517,FINAL (ENTRADA MANUAL)
110,3,2,71,129,40,,,,0,0,9,48,87,29,5,,4,10,4,4,,2,0,58,251,517,FINAL (ENTRADA MANUAL)
110,3,3,72,132,34,,,,0,0,17,56,93,23,16,,1,7,2,2,,0,0,55,255,517,FINAL (ENTRADA MANUAL)
110,3,4,86,118,42,,,,0,0,18,57,73,24,14,,2,6,5,1,,5,0,82,269,517,FINAL (ENTRADA MANUAL)
110,3,5,69,153,28,,,,1,1,13,48,111,21,12,,3,6,4,7,,0,0,53,265,517,FINAL (ENTRADA MANUAL)
110,3,6,77,131,25,,,,0,0,7,60,92,16,7,,1,2,5,3,,0,1,54,241,517,FINAL (ENTRADA MANUAL)
110,3,7,76,154,28,,,,2,0,6,57,116,19,4,,6,9,2,4,,3,0,49,269,518,FINAL (ENTRADA MANUAL)
110,4,1,86,75,11,,,,1,0,2,64,65,7,2,,3,0,3,1,,0,0,30,175,377,FINAL (ENTRADA MANUAL)
110,4,2,86,57,9,,,,0,0,3,57,45,4,2,,1,1,1,0,,0,0,44,155,377,FINAL (ENTRADA MANUAL)
110,5,1,89,112,25,,,,0,0,10,66,77,10,10,,3,1,3,4,,2,0,62,238,583,FINAL (ENTRADA MANUAL)
110,5,2,79,110,22,,,,0,0,10,54,77,14,7,,3,5,5,4,,1,0,52,222,583,FINAL (ENTRADA MANUAL)
110,5,3,77,98,32,,,,0,0,10,56,69,22,8,,2,7,5,2,,3,0,46,220,583,FINAL (ENTRADA MANUAL)
110,5,4,79,102,22,,,,4,0,5,69,77,18,5,,2,4,3,1,,1,0,33,213,583,FINAL (ENTRADA MANUAL)
110,5,5,84,106,35,,,,1,0,4,57,74,19,3,,3,5,8,3,,1,0,58,231,583,FINAL (ENTRADA MANUAL)
110,5,6,91,109,28,,,,0,0,8,51,57,15,6,,6,9,6,6,,1,0,80,237,583,FINAL (ENTRADA MANUAL)
110,5,7,95,98,24,,,,0,0,6,69,65,12,5,,0,3,5,4,,3,0,60,226,583,FINAL (ENTRADA MANUAL)
110,5,8,79,120,22,,,,2,0,9,60,92,17,9,,1,3,2,2,,0,0,46,232,583,FINAL (ENTRADA MANUAL)
110,5,9,77,117,32,,,,0,0,9,58,89,23,9,,3,5,6,1,,0,0,41,235,583,FINAL (ENTRADA MANUAL)
110,5,10,74,111,37,,,,1,0,9,53,69,23,9,,1,6,6,2,,1,0,63,233,587,FINAL (ENTRADA MANUAL)
110,6,1,106,129,18,,,,0,0,7,77,102,9,5,,2,3,2,3,,1,0,57,261,576,FINAL (ENTRADA MANUAL)
110,6,2,111,123,8,,,,0,0,9,76,94,6,8,,1,2,0,1,,0,0,63,251,576,FINAL (ENTRADA MANUAL)
110,6,3,101,108,14,,,,0,0,6,64,80,12,3,,2,2,1,0,,4,0,65,233,576,FINAL (ENTRADA MANUAL)
110,6,4,122,114,19,,,,0,0,9,66,81,8,6,,6,2,3,3,,3,0,89,267,576,FINAL (ENTRADA MANUAL)
110,6,5,114,100,8,,,,0,0,9,82,73,2,7,,4,3,4,4,,3,0,52,234,576,FINAL (ENTRADA MANUAL)
110,6,6,110,136,14,,,,0,0,4,70,104,8,3,,8,3,2,3,,2,0,63,266,578,FINAL (ENTRADA MANUAL)
110,7,1,95,122,31,,,,2,0,10,64,77,17,8,,2,4,8,3,,3,0,77,263,531,FINAL (ENTRADA MANUAL)
110,7,2,94,143,20,,,,2,0,8,69,102,12,4,,1,1,4,4,,1,0,70,268,531,FINAL (ENTRADA MANUAL)
110,7,3,84,129,24,,,,2,0,8,58,89,16,6,,2,2,6,6,,4,0,62,251,531,FINAL (ENTRADA MANUAL)
110,7,4,96,128,34,,,,1,1,5,59,87,21,5,,4,7,13,3,,1,0,66,266,531,FINAL (ENTRADA MANUAL)
110,7,5,86,129,25,,,,0,0,8,69,87,17,8,,5,7,3,2,,0,0,50,248,531,FINAL (ENTRADA MANUAL)
110,8,1,86,142,28,,,,0,0,6,55,93,20,5,,7,7,3,1,,0,0,71,262,431,FINAL (ENTRADA MANUAL)
110,8,2,72,133,26,,,,0,0,12,55,82,18,9,,2,7,9,5,,1,0,56,244,431,FINAL (ENTRADA MANUAL)
110,8,3,71,133,39,,,,1,0,10,60,81,24,9,,2,5,8,4,,3,0,61,257,432,FINAL (ENTRADA MANUAL)
110,9,1,98,111,35,,,,0,0,19,78,74,23,18,,1,2,4,2,,3,0,61,266,443,FINAL (ENTRADA MANUAL)
110,9,2,68,121,33,,,,0,0,12,46,75,19,10,,2,4,6,8,,3,1,64,238,443,FINAL (ENTRADA MANUAL)
110,9,3,72,111,28,,,,1,0,12,60,91,22,9,,0,5,6,5,,2,0,26,226,443,FINAL (ENTRADA MANUAL)
110,9,4,78,140,32,,,,2,0,10,49,95,16,8,,6,4,6,2,,1,0,76,263,444,FINAL (ENTRADA MANUAL)
110,74,1,25,47,3,,,,0,0,1,16,34,2,0,,1,3,0,1,,0,0,19,76,0,FINAL (ENTRADA MANUAL)
110,74,2,29,41,0,,,,0,0,1,23,34,0,0,,1,3,0,0,,2,0,10,73,0,FINAL (ENTRADA MANUAL)
110,74,3,27,48,2,,,,0,0,0,18,39,2,0,,1,1,1,0,,1,0,15,78,0,FINAL (ENTRADA MANUAL)
110,74,4,27,45,1,,,,0,0,0,19,35,1,0,,2,3,0,0,,0,0,13,73,0,FINAL (ENTRADA MANUAL)
110,74,5,27,41,3,,,,0,0,3,22,33,1,3,,1,1,1,2,,1,0,10,75,0,FINAL (ENTRADA MANUAL)
110,74,6,0,0,0,,,,0,0,0,0,0,0,0,,0,0,0,0,,0,0,0,0,0,FINAL (ENTRADA MANUAL)
110,75,1,3,2,0,,,,0,0,0,1,1,0,0,,0,0,0,0,,0,0,3,5,0,FINAL (ENTRADA MANUAL)
110,75,2,0,0,0,,,,0,0,0,0,0,0,0,,0,0,0,0,,0,0,0,0,0,FINAL (ENTRADA MANUAL)
110,75,3,37,44,16,,,,8,0,0,14,15,4,2,,2,6,7,1,,0,0,61,112,0,FINAL (ENTRADA MANUAL)
110,77,1,216,192,14,,,,0,0,1,206,176,11,1,,6,10,1,1,,0,0,11,423,0,FINAL (ENTRADA MANUAL)
110,77,2,262,283,18,,,,0,0,1,253,258,15,1,,1,14,2,1,,0,0,19,564,0,FINAL (ENTRADA MANUAL)
110,77,3,162,227,40,,,,0,3,0,77,61,14,3,,4,10,2,4,,18,1,249,444,0,FINAL (ENTRADA MANUAL)
110,77,5,0,0,0,,,,0,0,0,0,0,0,0,,0,0,0,0,,0,0,0,0,0,FINAL (ENTRADA MANUAL)
110,78,1,0,0,0,,,,0,0,0,0,0,0,0,,0,0,0,0,,0,0,0,0,0,FINAL (ENTRADA MANUAL)
110,78,2,24,25,3,,,,0,0,9,19,16,2,0,,1,1,2,0,,0,8,12,61,0,FINAL (ENTRADA MANUAL)
110,78,3,0,0,0,,,,0,0,0,0,0,0,0,,0,0,0,0,,0,0,0,0,0,FINAL (ENTRADA MANUAL)
110,79,1,0,0,0,,,,0,0,0,0,0,0,0,,0,0,0,0,,0,0,0,0,0,FINAL (ENTRADA MANUAL)
