PREKEY,UNIKEY,COLKEY,PLE_NO,PLE_SI,PLE_MVT,PLE_NVT,PLE_BLN,PLE_NUL,PLE_TOT,INSCRITOS,STATUS_5
1,1,1,81,131,0,0,0,0,212,554,FINAL (ENTRADA MANUAL)
1,1,2,81,126,0,0,2,0,209,555,FINAL (ENTRADA MANUAL)
1,2,1,210,94,0,0,3,0,307,596,FINAL (ENTRADA MANUAL)
1,2,2,213,90,0,0,4,0,307,596,FINAL (ENTRADA MANUAL)
1,2,3,231,82,0,0,15,0,328,596,FINAL (ENTRADA MANUAL)
1,2,4,220,79,2,0,2,0,303,594,FINAL (ENTRADA MANUAL)
1,3,1,112,155,0,0,4,0,271,589,FINAL (ENTRADA MANUAL)
1,3,2,106,121,0,0,3,0,230,589,FINAL (ENTRADA MANUAL)
1,3,3,126,109,0,0,8,0,243,589,FINAL (ENTRADA MANUAL)
1,3,4,124,112,0,0,17,0,253,589,FINAL (ENTRADA MANUAL)
1,4,1,110,168,1,0,14,0,293,682,FINAL (ENTRADA MANUAL)
1,4,2,117,159,0,0,9,0,285,681,FINAL (ENTRADA MANUAL)
1,5,1,162,137,0,0,3,0,302,502,FINAL (ENTRADA MANUAL)
1,5,2,173,114,0,0,2,0,289,502,FINAL (ENTRADA MANUAL)
1,5,3,136,143,1,0,2,0,282,502,FINAL (ENTRADA MANUAL)
1,5,4,156,119,0,0,5,0,280,502,FINAL (ENTRADA MANUAL)
1,5,5,139,123,0,0,6,0,268,502,FINAL (ENTRADA MANUAL)
1,5,6,160,120,0,0,3,0,283,502,FINAL (ENTRADA MANUAL)
1,5,7,141,114,0,0,5,0,260,505,FINAL (ENTRADA MANUAL)
1,6,1,105,150,0,0,6,0,261,530,FINAL (ENTRADA MANUAL)
1,6,2,85,111,0,0,9,0,205,530,FINAL (ENTRADA MANUAL)
1,6,3,109,131,0,0,11,0,251,530,FINAL (ENTRADA MANUAL)
1,7,1,127,167,0,0,7,0,301,529,FINAL (ENTRADA MANUAL)
1,7,2,154,123,1,0,6,0,284,529,FINAL (ENTRADA MANUAL)
1,7,3,120,122,0,0,3,0,245,529,FINAL (ENTRADA MANUAL)
1,7,4,104,125,0,0,2,0,231,529,FINAL (ENTRADA MANUAL)
1,7,5,131,127,1,0,0,0,259,529,FINAL (ENTRADA MANUAL)
1,7,6,120,143,0,0,1,0,264,529,FINAL (ENTRADA MANUAL)
1,7,7,131,134,0,0,6,0,271,529,FINAL (ENTRADA MANUAL)
1,7,8,118,126,1,0,4,0,249,526,FINAL (ENTRADA MANUAL)
1,8,1,100,120,0,0,19,0,239,643,FINAL (ENTRADA MANUAL)
1,8,2,80,157,0,0,5,0,242,643,FINAL (ENTRADA MANUAL)
1,8,3,107,162,0,0,7,0,276,643,FINAL (ENTRADA MANUAL)
1,8,4,101,137,0,0,17,0,255,643,FINAL (ENTRADA MANUAL)
1,9,1,120,111,0,0,3,0,234,463,FINAL (ENTRADA MANUAL)
1,9,2,129,90,0,0,5,0,224,463,FINAL (ENTRADA MANUAL)
1,9,3,148,77,1,0,4,0,230,463,FINAL (ENTRADA MANUAL)
1,9,4,131,85,0,0,3,0,219,462,FINAL (ENTRADA MANUAL)
1,10,1,87,141,0,0,4,0,232,575,FINAL (ENTRADA MANUAL)
1,10,2,92,151,0,0,5,0,248,575,FINAL (ENTRADA MANUAL)
1,10,3,79,149,0,0,1,0,229,575,FINAL (ENTRADA MANUAL)
1,10,4,75,114,1,0,18,0,208,575,FINAL (ENTRADA MANUAL)
1,10,5,63,134,0,0,4,0,201,575,FINAL (ENTRADA MANUAL)
1,11,1,80,146,0,0,8,0,234,586,FINAL (ENTRADA MANUAL)
1,11,2,101,143,0,0,6,0,250,586,FINAL (ENTRADA MANUAL)
1,11,3,81,150,0,0,1,0,232,585,FINAL (ENTRADA MANUAL)
1,12,1,85,125,0,0,0,0,210,568,FINAL (ENTRADA MANUAL)
1,12,2,81,80,0,0,5,0,166,568,FINAL (ENTRADA MANUAL)
1,13,1,150,97,1,0,4,0,252,503,FINAL (ENTRADA MANUAL)
1,13,2,102,125,0,0,0,0,227,503,FINAL (ENTRADA MANUAL)
1,13,3,126,120,0,0,7,0,253,502,FINAL (ENTRADA MANUAL)
1,14,1,124,138,1,0,5,0,268,508,FINAL (ENTRADA MANUAL)
1,14,2,128,130,0,0,1,0,259,508,FINAL (ENTRADA MANUAL)
1,14,3,136,111,0,0,9,0,256,508,FINAL (ENTRADA MANUAL)
1,14,4,124,106,1,0,1,0,232,508,FINAL (ENTRADA MANUAL)
1,14,5,119,104,1,0,3,0,227,506,FINAL (ENTRADA MANUAL)
1,15,1,122,138,1,0,3,0,264,502,FINAL (ENTRADA MANUAL)
1,15,2,101,123,1,0,7,0,232,502,FINAL (ENTRADA MANUAL)
1,15,3,122,135,0,0,5,0,262,502,FINAL (ENTRADA MANUAL)
1,15,4,117,122,0,0,10,0,249,502,FINAL (ENTRADA MANUAL)
1,15,5,117,129,0,0,6,0,252,500,FINAL (ENTRADA MANUAL)
1,16,1,64,146,0,0,28,0,238,668,FINAL (ENTRADA MANUAL)
1,16,2,62,133,0,0,8,0,203,668,FINAL (ENTRADA MANUAL)
1,16,3,69,128,0,0,11,0,208,669,FINAL (ENTRADA MANUAL)
1,17,1,67,125,0,0,4,0,196,601,FINAL (ENTRADA MANUAL)
1,17,2,67,135,0,0,8,0,211,601,FINAL (ENTRADA MANUAL)
1,17,3,80,119,0,0,3,0,202,601,FINAL (ENTRADA MANUAL)
1,17,4,86,121,0,0,9,0,216,600,FINAL (ENTRADA MANUAL)
1,18,1,92,100,0,0,16,0,208,455,FINAL (ENTRADA MANUAL)
1,18,2,109,117,0,0,11,0,237,455,FINAL (ENTRADA MANUAL)
1,18,3,91,145,0,0,9,0,245,454,FINAL (ENTRADA MANUAL)
1,19,1,90,111,0,0,12,0,213,487,FINAL (ENTRADA MANUAL)
1,19,2,110,121,0,0,11,0,242,487,FINAL (ENTRADA MANUAL)
1,19,3,111,108,0,0,10,0,229,487,FINAL (ENTRADA MANUAL)
1,19,4,90,101,0,0,8,0,199,488,FINAL (ENTRADA MANUAL)
1,20,1,99,109,0,0,8,0,216,518,FINAL (ENTRADA MANUAL)
1,20,2,101,99,0,0,19,0,219,518,FINAL (ENTRADA MANUAL)
1,20,3,121,112,0,0,7,0,240,519,FINAL (ENTRADA MANUAL)
1,21,1,180,122,0,0,9,0,311,489,FINAL (ENTRADA MANUAL)
1,21,2,180,119,0,0,7,0,306,489,FINAL (ENTRADA MANUAL)
1,21,3,178,111,0,0,5,0,294,489,FINAL (ENTRADA MANUAL)
1,22,1,103,131,0,0,4,0,238,527,FINAL (ENTRADA MANUAL)
1,22,2,104,131,0,0,3,0,238,527,FINAL (ENTRADA MANUAL)
1,22,3,107,124,0,0,3,0,234,528,FINAL (ENTRADA MANUAL)
1,23,1,123,149,0,0,13,0,285,687,FINAL (ENTRADA MANUAL)
1,23,2,97,153,0,0,23,0,273,687,FINAL (ENTRADA MANUAL)
1,23,3,122,155,1,0,23,0,301,687,FINAL (ENTRADA MANUAL)
1,24,1,91,147,1,0,6,0,245,671,FINAL (ENTRADA MANUAL)
1,24,2,99,153,0,0,8,1,259,671,FINAL (ENTRADA MANUAL)
1,24,3,98,148,0,0,4,0,250,670,FINAL (ENTRADA MANUAL)
1,25,1,70,114,0,0,4,0,188,564,FINAL (ENTRADA MANUAL)
1,25,2,73,103,0,0,13,0,189,564,FINAL (ENTRADA MANUAL)
1,25,3,74,134,0,0,3,0,211,564,FINAL (ENTRADA MANUAL)
1,25,4,72,99,0,0,3,0,174,565,FINAL (ENTRADA MANUAL)
1,26,1,83,152,0,0,14,0,249,541,FINAL (ENTRADA MANUAL)
1,26,2,89,139,0,0,6,0,234,541,FINAL (ENTRADA MANUAL)
1,26,3,72,129,0,0,21,0,222,541,FINAL (ENTRADA MANUAL)
1,26,4,83,118,0,0,0,0,201,540,FINAL (ENTRADA MANUAL)
1,74,1,18,18,0,0,0,0,36,0,FINAL (ENTRADA MANUAL)
1,74,2,16,20,0,0,3,0,39,0,FINAL (ENTRADA MANUAL)
1,74,3,40,36,0,0,0,0,76,0,FINAL (ENTRADA MANUAL)
1,74,4,45,31,0,0,1,0,77,0,FINAL (ENTRADA MANUAL)
1,74,5,40,42,0,0,1,0,83,0,FINAL (ENTRADA MANUAL)
1,74,6,43,40,0,0,3,0,86,0,FINAL (ENTRADA MANUAL)
1,74,7,19,18,0,0,4,0,41,0,FINAL (ENTRADA MANUAL)
1,74,8,44,35,0,0,0,0,79,0,FINAL (ENTRADA MANUAL)
1,74,9,29,44,0,0,6,0,79,0,FINAL (ENTRADA MANUAL)
1,75,1,16,10,0,0,0,0,26,0,FINAL (ENTRADA MANUAL)
1,75,2,1,1,0,0,0,0,2,0,FINAL (ENTRADA MANUAL)
1,77,1,515,976,0,0,0,0,1491,0,FINAL (ENTRADA MANUAL)
1,77,2,231,370,0,0,0,0,601,0,FINAL (ENTRADA MANUAL)
1,77,3,308,380,0,0,45,12,745,0,FINAL (ENTRADA MANUAL)
1,77,5,18,11,0,0,0,0,29,0,FINAL (ENTRADA MANUAL)
1,78,1,100,143,0,0,6,0,249,0,FINAL (ENTRADA MANUAL)
1,78,2,8,13,0,0,0,0,21,0,FINAL (ENTRADA MANUAL)
1,78,3,0,0,0,0,0,0,0,0,FINAL (ENTRADA MANUAL)
1,78,4,1,5,0,0,1,0,7,0,FINAL (ENTRADA MANUAL)
1,78,5,3,16,0,0,0,0,19,0,FINAL (ENTRADA MANUAL)
1,79,1,0,0,0,0,0,0,0,0,FINAL (ENTRADA MANUAL)
1,79,2,0,0,0,0,0,0,0,0,FINAL (ENTRADA MANUAL)
2,1,1,114,115,0,0,1,0,230,540,FINAL (ENTRADA MANUAL)
2,1,2,131,123,1,0,3,0,258,540,FINAL (ENTRADA MANUAL)
2,1,3,123,122,0,0,0,0,245,540,FINAL (ENTRADA MANUAL)
2,1,4,122,119,0,0,4,0,245,540,FINAL (ENTRADA MANUAL)
2,1,5,127,111,0,0,5,0,243,541,FINAL (ENTRADA MANUAL)
2,2,1,202,118,0,0,3,0,323,507,FINAL (ENTRADA MANUAL)
2,3,1,60,92,0,0,9,0,161,559,FINAL (ENTRADA MANUAL)
2,3,2,52,107,0,0,18,0,177,559,FINAL (ENTRADA MANUAL)
2,3,3,74,76,0,0,16,0,166,560,FINAL (ENTRADA MANUAL)
2,4,1,106,112,0,0,4,0,222,518,FINAL (ENTRADA MANUAL)
2,4,2,103,122,0,0,3,0,228,518,FINAL (ENTRADA MANUAL)
2,4,3,129,121,0,0,11,0,261,518,FINAL (ENTRADA MANUAL)
2,4,4,106,112,0,0,4,0,222,518,FINAL (ENTRADA MANUAL)
2,4,5,96,112,0,0,9,0,217,517,FINAL (ENTRADA MANUAL)
2,5,1,185,125,0,0,8,0,318,524,FINAL (ENTRADA MANUAL)
2,5,2,164,132,1,0,9,0,306,524,FINAL (ENTRADA MANUAL)
2,5,3,162,149,0,0,4,0,315,524,FINAL (ENTRADA MANUAL)
2,5,4,167,138,0,0,0,0,305,524,FINAL (ENTRADA MANUAL)
2,5,5,174,133,0,0,2,0,309,524,FINAL (ENTRADA MANUAL)
2,5,6,166,142,1,0,5,0,314,522,FINAL (ENTRADA MANUAL)
2,6,1,126,86,0,0,0,0,212,458,FINAL (ENTRADA MANUAL)
2,6,2,112,79,0,0,5,0,196,458,FINAL (ENTRADA MANUAL)
2,6,3,116,104,0,0,2,0,222,458,FINAL (ENTRADA MANUAL)
2,6,4,125,97,0,0,4,0,226,456,FINAL (ENTRADA MANUAL)
2,7,1,135,116,1,0,6,0,258,549,FINAL (ENTRADA MANUAL)
2,7,2,124,121,0,0,6,0,251,549,FINAL (ENTRADA MANUAL)
2,7,3,114,102,0,0,0,0,216,550,FINAL (ENTRADA MANUAL)
2,8,1,181,92,1,0,6,0,280,566,FINAL (ENTRADA MANUAL)
2,8,2,172,101,0,0,7,0,280,566,FINAL (ENTRADA MANUAL)
2,8,3,163,83,0,0,18,0,264,566,FINAL (ENTRADA MANUAL)
2,8,4,185,118,0,0,4,0,307,566,FINAL (ENTRADA MANUAL)
2,8,5,184,92,1,0,4,0,281,566,FINAL (ENTRADA MANUAL)
2,8,6,162,114,1,0,4,0,281,566,FINAL (ENTRADA MANUAL)
2,9,1,115,140,0,0,4,0,259,586,FINAL (ENTRADA MANUAL)
2,9,2,100,141,0,0,8,0,249,586,FINAL (ENTRADA MANUAL)
2,9,3,99,112,0,0,4,0,215,586,FINAL (ENTRADA MANUAL)
2,10,1,128,70,0,0,4,0,202,363,FINAL (ENTRADA MANUAL)
2,10,2,124,61,0,0,10,0,195,363,FINAL (ENTRADA MANUAL)
2,11,1,149,48,0,0,16,0,213,453,FINAL (ENTRADA MANUAL)
2,11,2,123,47,0,0,3,0,173,453,FINAL (ENTRADA MANUAL)
2,11,3,162,68,0,0,6,0,236,453,FINAL (ENTRADA MANUAL)
2,11,4,150,48,0,0,5,0,203,453,FINAL (ENTRADA MANUAL)
2,11,5,140,58,0,0,6,0,204,453,FINAL (ENTRADA MANUAL)
2,12,1,101,113,0,0,3,0,217,482,FINAL (ENTRADA MANUAL)
2,12,2,122,94,0,0,5,0,221,483,FINAL (ENTRADA MANUAL)
2,13,1,144,103,0,0,7,0,254,568,FINAL (ENTRADA MANUAL)
2,13,2,121,101,0,0,5,0,227,568,FINAL (ENTRADA MANUAL)
2,13,3,112,92,0,0,2,0,206,568,FINAL (ENTRADA MANUAL)
2,13,4,128,122,0,0,6,0,256,568,FINAL (ENTRADA MANUAL)
2,13,5,123,112,0,0,5,0,240,566,FINAL (ENTRADA MANUAL)
2,14,1,189,116,0,0,5,0,310,563,FINAL (ENTRADA MANUAL)
2,14,2,165,115,0,0,4,0,284,563,FINAL (ENTRADA MANUAL)
2,14,3,171,127,0,0,7,0,305,563,FINAL (ENTRADA MANUAL)
2,14,4,175,122,0,0,5,1,303,564,FINAL (ENTRADA MANUAL)
2,15,1,141,121,0,0,4,0,266,575,FINAL (ENTRADA MANUAL)
2,15,2,132,147,0,0,4,0,283,575,FINAL (ENTRADA MANUAL)
2,15,3,140,125,0,0,2,0,267,574,FINAL (ENTRADA MANUAL)
2,16,1,123,110,0,0,3,0,236,480,FINAL (ENTRADA MANUAL)
2,16,2,113,94,0,0,5,0,212,480,FINAL (ENTRADA MANUAL)
2,16,3,117,98,0,0,15,0,230,480,FINAL (ENTRADA MANUAL)
2,16,4,132,88,0,0,1,0,221,480,FINAL (ENTRADA MANUAL)
2,16,5,117,106,0,0,16,0,239,481,FINAL (ENTRADA MANUAL)
2,17,1,153,100,0,0,4,0,257,454,FINAL (ENTRADA MANUAL)
2,17,2,149,106,0,0,4,0,259,454,FINAL (ENTRADA MANUAL)
2,17,3,153,87,1,0,1,0,242,454,FINAL (ENTRADA MANUAL)
2,17,4,144,94,1,0,3,0,242,453,FINAL (ENTRADA MANUAL)
2,18,1,151,124,1,0,4,0,280,626,FINAL (ENTRADA MANUAL)
2,18,2,160,133,0,0,2,0,295,626,FINAL (ENTRADA MANUAL)
2,18,3,144,150,0,0,8,0,302,626,FINAL (ENTRADA MANUAL)
2,19,1,192,94,0,0,8,0,294,508,FINAL (ENTRADA MANUAL)
2,19,2,190,93,0,0,4,0,287,507,FINAL (ENTRADA MANUAL)
2,20,1,159,77,1,0,35,0,272,556,FINAL (ENTRADA MANUAL)
2,20,2,172,54,0,0,0,0,226,556,FINAL (ENTRADA MANUAL)
2,20,3,208,72,0,0,2,0,282,555,FINAL (ENTRADA MANUAL)
2,21,1,134,121,0,0,6,0,261,547,FINAL (ENTRADA MANUAL)
2,21,2,125,111,0,0,0,0,236,547,FINAL (ENTRADA MANUAL)
2,21,3,132,125,0,0,5,0,262,547,FINAL (ENTRADA MANUAL)
2,22,1,91,127,0,0,2,0,220,542,FINAL (ENTRADA MANUAL)
2,22,2,93,112,0,0,1,0,206,542,FINAL (ENTRADA MANUAL)
2,22,3,100,96,0,0,3,0,199,541,FINAL (ENTRADA MANUAL)
2,23,1,65,101,0,0,2,0,168,530,FINAL (ENTRADA MANUAL)
2,23,2,76,98,1,0,3,0,178,531,FINAL (ENTRADA MANUAL)
2,24,1,86,109,0,0,9,0,204,543,FINAL (ENTRADA MANUAL)
2,24,2,68,100,1,0,5,0,174,543,FINAL (ENTRADA MANUAL)
2,24,3,93,94,0,0,2,0,189,544,FINAL (ENTRADA MANUAL)
2,25,1,192,104,0,0,5,0,301,550,FINAL (ENTRADA MANUAL)
2,25,2,219,76,2,0,12,0,309,550,FINAL (ENTRADA MANUAL)
2,25,3,223,77,0,0,7,0,307,550,FINAL (ENTRADA MANUAL)
2,25,4,205,93,0,0,4,0,302,549,FINAL (ENTRADA MANUAL)
2,26,1,130,92,0,0,3,0,225,512,FINAL (ENTRADA MANUAL)
2,26,2,122,100,0,0,8,0,230,512,FINAL (ENTRADA MANUAL)
2,27,1,101,145,0,0,4,0,250,663,FINAL (ENTRADA MANUAL)
2,27,2,123,119,0,0,10,0,252,663,FINAL (ENTRADA MANUAL)
2,27,3,117,128,0,0,5,0,250,663,FINAL (ENTRADA MANUAL)
2,27,4,92,126,0,0,12,0,230,664,FINAL (ENTRADA MANUAL)
2,28,1,174,113,0,0,2,0,289,615,FINAL (ENTRADA MANUAL)
2,28,2,154,125,0,0,1,0,280,615,FINAL (ENTRADA MANUAL)
2,28,3,171,109,0,0,9,0,289,615,FINAL (ENTRADA MANUAL)
2,74,1,28,43,0,0,0,0,71,0,FINAL (ENTRADA MANUAL)
2,74,2,20,51,0,0,2,0,73,0,FINAL (ENTRADA MANUAL)
2,74,3,35,24,0,0,2,0,61,0,FINAL (ENTRADA MANUAL)
2,74,4,31,26,0,0,0,0,57,0,FINAL (ENTRADA MANUAL)
2,74,5,28,35,0,0,0,0,63,0,FINAL (ENTRADA MANUAL)
2,74,6,42,29,0,0,0,0,71,0,FINAL (ENTRADA MANUAL)
2,74,7,63,54,0,0,1,0,118,0,FINAL (ENTRADA MANUAL)
2,74,8,26,37,0,0,1,0,64,0,FINAL (ENTRADA MANUAL)
2,74,9,16,48,0,0,1,0,65,0,FINAL (ENTRADA MANUAL)
2,74,10,47,34,0,0,0,0,81,0,FINAL (ENTRADA MANUAL)
2,74,11,34,47,0,0,3,0,84,0,FINAL (ENTRADA MANUAL)
2,74,12,0,0,0,0,0,0,0,0,FINAL (ENTRADA MANUAL)
2,75,1,163,143,0,0,1,6,313,0,FINAL (ENTRADA MANUAL)
2,75,2,4,2,0,0,0,0,6,0,FINAL (ENTRADA MANUAL)
2,77,1,1057,1255,0,0,0,0,2312,0,FINAL (ENTRADA MANUAL)
2,77,2,339,532,0,0,3,0,874,0,FINAL (ENTRADA MANUAL)
2,77,3,391,399,0,0,0,0,790,0,FINAL (ENTRADA MANUAL)
2,77,5,2,0,0,0,0,0,2,0,FINAL (ENTRADA MANUAL)
2,78,1,99,162,0,0,4,2,267,0,FINAL (ENTRADA MANUAL)
2,78,2,1,0,0,0,0,0,1,0,FINAL (ENTRADA MANUAL)
2,78,3,3,8,0,0,0,0,11,0,FINAL (ENTRADA MANUAL)
2,79,1,0,0,0,0,0,0,0,0,FINAL (ENTRADA MANUAL)
3,1,1,85,117,0,0,2,0,204,498,FINAL (ENTRADA MANUAL)
3,1,2,93,98,0,0,18,0,209,498,FINAL (ENTRADA MANUAL)
3,1,3,99,102,0,0,6,0,207,498,FINAL (ENTRADA MANUAL)
3,2,1,62,116,0,0,2,0,180,605,FINAL (ENTRADA MANUAL)
3,2,2,67,108,0,0,5,0,180,605,FINAL (ENTRADA MANUAL)
3,3,1,118,120,0,0,8,0,246,515,FINAL (ENTRADA MANUAL)
3,3,2,105,98,1,0,12,0,216,515,FINAL (ENTRADA MANUAL)
3,3,3,104,125,0,0,4,0,233,515,FINAL (ENTRADA MANUAL)
3,3,4,115,121,0,0,1,0,237,515,FINAL (ENTRADA MANUAL)
3,4,1,125,112,0,0,3,0,240,509,FINAL (ENTRADA MANUAL)
3,4,2,145,104,0,0,1,0,250,509,FINAL (ENTRADA MANUAL)
3,4,3,148,106,0,0,1,0,255,509,FINAL (ENTRADA MANUAL)
3,4,4,147,102,0,0,3,0,252,509,FINAL (ENTRADA MANUAL)
3,4,5,133,98,0,0,2,0,233,509,FINAL (ENTRADA MANUAL)
3,4,6,148,94,0,0,4,0,246,509,FINAL (ENTRADA MANUAL)
3,4,7,136,120,0,0,0,0,256,512,FINAL (ENTRADA MANUAL)
3,5,1,99,141,0,0,4,0,244,601,FINAL (ENTRADA MANUAL)
3,5,2,115,143,0,0,8,0,266,601,FINAL (ENTRADA MANUAL)
3,5,3,91,126,0,0,5,0,222,600,FINAL (ENTRADA MANUAL)
3,6,1,107,104,0,0,2,0,213,484,FINAL (ENTRADA MANUAL)
3,6,2,109,101,0,0,0,0,210,484,FINAL (ENTRADA MANUAL)
3,6,3,110,105,0,0,4,0,219,484,FINAL (ENTRADA MANUAL)
3,6,4,92,107,1,0,11,0,211,482,FINAL (ENTRADA MANUAL)
3,7,1,185,118,1,0,0,0,304,522,FINAL (ENTRADA MANUAL)
3,7,2,150,102,0,0,1,0,253,522,FINAL (ENTRADA MANUAL)
3,7,3,153,117,0,0,5,0,275,522,FINAL (ENTRADA MANUAL)
3,7,4,144,120,0,0,0,0,264,522,FINAL (ENTRADA MANUAL)
3,7,5,154,105,0,0,4,0,263,522,FINAL (ENTRADA MANUAL)
3,7,6,180,105,0,0,5,0,290,522,FINAL (ENTRADA MANUAL)
3,7,7,150,124,0,0,9,0,283,524,FINAL (ENTRADA MANUAL)
3,8,1,116,151,1,0,4,0,272,628,FINAL (ENTRADA MANUAL)
3,8,2,110,133,0,0,4,0,247,628,FINAL (ENTRADA MANUAL)
3,8,3,106,116,2,0,8,0,232,628,FINAL (ENTRADA MANUAL)
3,8,4,129,111,0,0,2,0,242,627,FINAL (ENTRADA MANUAL)
3,9,1,75,104,0,0,4,0,183,359,FINAL (ENTRADA MANUAL)
3,9,2,79,81,0,0,7,0,167,359,FINAL (ENTRADA MANUAL)
3,10,1,114,115,0,0,1,0,230,496,FINAL (ENTRADA MANUAL)
3,10,2,136,101,1,0,4,0,242,496,FINAL (ENTRADA MANUAL)
3,10,3,134,121,0,0,1,0,256,496,FINAL (ENTRADA MANUAL)
3,10,4,136,95,0,0,2,0,233,496,FINAL (ENTRADA MANUAL)
3,10,5,145,124,2,0,8,7,286,497,FINAL (ENTRADA MANUAL)
3,11,1,39,94,0,0,0,0,133,308,FINAL (ENTRADA MANUAL)
3,11,2,0,0,0,0,0,0,0,307,FINAL (ENTRADA MANUAL)
3,12,1,108,99,0,0,1,0,208,568,FINAL (ENTRADA MANUAL)
3,12,2,122,105,1,0,5,0,233,568,FINAL (ENTRADA MANUAL)
3,12,3,127,101,0,0,11,0,239,568,FINAL (ENTRADA MANUAL)
3,12,4,111,115,0,0,11,0,237,569,FINAL (ENTRADA MANUAL)
3,13,1,140,118,0,0,4,0,262,514,FINAL (ENTRADA MANUAL)
3,13,2,144,116,1,0,2,0,263,514,FINAL (ENTRADA MANUAL)
3,13,3,162,108,1,0,0,0,271,514,FINAL (ENTRADA MANUAL)
3,13,4,146,95,1,0,7,0,249,514,FINAL (ENTRADA MANUAL)
3,14,1,112,116,1,0,6,0,235,578,FINAL (ENTRADA MANUAL)
3,14,2,100,95,0,0,8,0,203,578,FINAL (ENTRADA MANUAL)
3,14,3,125,111,0,0,2,0,238,578,FINAL (ENTRADA MANUAL)
3,14,4,117,101,0,0,13,0,231,577,FINAL (ENTRADA MANUAL)
3,15,1,39,61,0,0,4,0,104,310,FINAL (ENTRADA MANUAL)
3,16,1,137,130,0,0,4,0,271,501,FINAL (ENTRADA MANUAL)
3,16,2,121,129,0,0,8,0,258,501,FINAL (ENTRADA MANUAL)
3,16,3,123,121,0,0,7,0,251,501,FINAL (ENTRADA MANUAL)
3,16,4,118,126,0,0,5,0,249,501,FINAL (ENTRADA MANUAL)
3,16,5,122,108,1,0,12,0,243,501,FINAL (ENTRADA MANUAL)
3,17,1,84,91,1,0,2,0,178,424,FINAL (ENTRADA MANUAL)
3,17,2,71,96,0,0,2,0,169,424,FINAL (ENTRADA MANUAL)
3,17,3,98,90,0,0,3,0,191,425,FINAL (ENTRADA MANUAL)
3,18,1,108,131,0,0,4,0,243,637,FINAL (ENTRADA MANUAL)
3,18,2,83,105,0,0,1,0,189,637,FINAL (ENTRADA MANUAL)
3,18,3,81,114,0,0,6,0,201,637,FINAL (ENTRADA MANUAL)
3,18,4,102,89,0,0,24,0,215,637,FINAL (ENTRADA MANUAL)
3,18,5,92,108,0,0,7,0,207,635,FINAL (ENTRADA MANUAL)
3,19,1,35,67,0,0,11,0,113,260,FINAL (ENTRADA MANUAL)
3,20,1,142,98,1,0,12,0,253,503,FINAL (ENTRADA MANUAL)
3,20,2,154,96,0,0,4,0,254,503,FINAL (ENTRADA MANUAL)
3,20,3,124,106,0,0,3,0,233,503,FINAL (ENTRADA MANUAL)
3,20,4,124,102,1,1,1,0,228,503,FINAL (ENTRADA MANUAL)
3,20,5,114,119,0,0,8,0,241,503,FINAL (ENTRADA MANUAL)
3,20,6,115,100,0,0,11,0,226,503,FINAL (ENTRADA MANUAL)
3,20,7,143,115,1,4,4,0,263,500,FINAL (ENTRADA MANUAL)
3,21,1,95,95,0,0,5,0,195,465,FINAL (ENTRADA MANUAL)
3,21,2,85,92,1,0,5,0,183,465,FINAL (ENTRADA MANUAL)
3,22,1,143,114,0,0,1,0,258,525,FINAL (ENTRADA MANUAL)
3,22,2,126,122,0,0,8,0,256,525,FINAL (ENTRADA MANUAL)
3,22,3,103,133,0,0,17,0,253,524,FINAL (ENTRADA MANUAL)
3,23,1,111,161,0,0,2,0,274,580,FINAL (ENTRADA MANUAL)
3,23,2,101,154,0,0,3,0,258,579,FINAL (ENTRADA MANUAL)
3,24,1,40,60,1,0,2,0,103,192,FINAL (ENTRADA MANUAL)
3,25,1,26,58,0,0,0,0,84,314,FINAL (ENTRADA MANUAL)
3,26,1,155,133,0,0,7,0,295,612,FINAL (ENTRADA MANUAL)
3,26,2,151,119,0,0,6,0,276,612,FINAL (ENTRADA MANUAL)
3,26,3,168,118,0,0,10,0,296,612,FINAL (ENTRADA MANUAL)
3,26,4,160,95,0,0,8,0,263,612,FINAL (ENTRADA MANUAL)
3,26,5,154,125,0,0,9,0,288,612,FINAL (ENTRADA MANUAL)
3,27,1,40,93,0,0,5,0,138,426,FINAL (ENTRADA MANUAL)
3,27,2,48,66,0,0,4,0,118,426,FINAL (ENTRADA MANUAL)
3,28,1,137,118,0,0,9,0,264,628,FINAL (ENTRADA MANUAL)
3,28,2,141,111,0,0,1,0,253,628,FINAL (ENTRADA MANUAL)
3,28,3,139,109,0,0,16,0,264,628,FINAL (ENTRADA MANUAL)
3,28,4,133,137,1,0,3,0,274,628,FINAL (ENTRADA MANUAL)
3,28,5,132,117,0,0,14,0,263,630,FINAL (ENTRADA MANUAL)
3,74,1,28,31,0,0,1,0,60,0,FINAL (ENTRADA MANUAL)
3,74,2,60,27,0,0,0,0,87,0,FINAL (ENTRADA MANUAL)
3,74,3,43,35,0,0,1,0,79,0,FINAL (ENTRADA MANUAL)
3,74,4,47,33,0,0,0,0,80,0,FINAL (ENTRADA MANUAL)
3,74,5,25,42,0,0,0,0,67,0,FINAL (ENTRADA MANUAL)
3,74,6,24,34,0,0,2,0,60,0,FINAL (ENTRADA MANUAL)
3,74,7,36,26,0,0,0,0,62,0,FINAL (ENTRADA MANUAL)
3,74,8,23,30,0,0,0,0,53,0,FINAL (ENTRADA MANUAL)
3,74,9,40,30,0,0,9,1,80,0,FINAL (ENTRADA MANUAL)
3,74,10,40,40,0,0,0,0,80,0,FINAL (ENTRADA MANUAL)
3,74,11,31,19,0,0,1,0,51,0,FINAL (ENTRADA MANUAL)
3,75,1,285,234,0,0,5,2,526,0,FINAL (ENTRADA MANUAL)
3,75,2,0,1,0,0,0,0,1,0,FINAL (ENTRADA MANUAL)
3,77,1,605,947,0,0,1,0,1553,0,FINAL (ENTRADA MANUAL)
3,77,2,250,445,0,0,0,0,695,0,FINAL (ENTRADA MANUAL)
3,77,3,586,868,0,0,51,8,1513,0,FINAL (ENTRADA MANUAL)
3,77,5,1,2,0,0,0,0,3,0,FINAL (ENTRADA MANUAL)
3,78,1,101,134,0,0,5,0,240,0,FINAL (ENTRADA MANUAL)
3,78,2,0,0,0,0,0,0,0,0,FINAL (ENTRADA MANUAL)
3,78,3,0,3,0,0,0,0,3,0,FINAL (ENTRADA MANUAL)
3,79,1,0,0,0,0,0,0,0,0,FINAL (ENTRADA MANUAL)
3,79,2,2,1,0,0,0,0,3,0,FINAL (ENTRADA MANUAL)
3,79,3,0,0,0,0,0,0,0,0,FINAL (ENTRADA MANUAL)
4,1,1,155,140,0,0,5,0,300,533,FINAL (ENTRADA MANUAL)
4,1,2,156,144,0,0,6,0,306,533,FINAL (ENTRADA MANUAL)
4,1,3,153,143,0,0,2,0,298,532,FINAL (ENTRADA MANUAL)
4,2,1,133,139,0,0,5,0,277,544,FINAL (ENTRADA MANUAL)
4,2,2,139,136,0,0,6,0,281,544,FINAL (ENTRADA MANUAL)
4,2,3,134,129,0,0,2,0,265,544,FINAL (ENTRADA MANUAL)
4,2,4,124,149,0,0,7,0,280,544,FINAL (ENTRADA MANUAL)
4,2,5,118,142,0,0,2,0,262,544,FINAL (ENTRADA MANUAL)
4,2,6,136,129,0,0,2,0,267,547,FINAL (ENTRADA MANUAL)
4,3,1,156,117,0,0,5,0,278,496,FINAL (ENTRADA MANUAL)
4,3,2,143,120,1,0,10,0,274,496,FINAL (ENTRADA MANUAL)
4,3,3,148,107,2,0,0,0,263,496,FINAL (ENTRADA MANUAL)
4,3,4,150,115,3,0,4,0,272,496,FINAL (ENTRADA MANUAL)
4,3,5,156,96,2,0,0,0,254,496,FINAL (ENTRADA MANUAL)
4,3,6,143,113,1,0,8,0,265,497,FINAL (ENTRADA MANUAL)
4,4,1,116,168,1,0,2,0,287,483,FINAL (ENTRADA MANUAL)
4,4,2,116,136,0,0,1,0,253,483,FINAL (ENTRADA MANUAL)
4,4,3,101,192,0,0,1,0,294,483,FINAL (ENTRADA MANUAL)
4,4,4,127,154,0,0,1,0,282,483,FINAL (ENTRADA MANUAL)
4,4,5,99,158,0,0,5,0,262,483,FINAL (ENTRADA MANUAL)
4,4,6,136,144,0,0,2,0,282,483,FINAL (ENTRADA MANUAL)
4,4,7,136,161,0,0,1,0,298,485,FINAL (ENTRADA MANUAL)
4,5,1,106,113,0,0,5,0,224,460,FINAL (ENTRADA MANUAL)
4,5,2,118,113,0,0,1,0,232,460,FINAL (ENTRADA MANUAL)
4,5,3,130,98,1,0,7,0,236,460,FINAL (ENTRADA MANUAL)
4,5,4,141,100,1,0,1,0,243,460,FINAL (ENTRADA MANUAL)
4,6,1,145,129,0,0,4,0,278,518,FINAL (ENTRADA MANUAL)
4,6,2,119,116,0,0,4,0,239,518,FINAL (ENTRADA MANUAL)
4,6,3,124,106,0,0,5,0,235,518,FINAL (ENTRADA MANUAL)
4,6,4,138,129,0,0,3,0,270,518,FINAL (ENTRADA MANUAL)
4,6,5,151,124,0,0,5,0,280,518,FINAL (ENTRADA MANUAL)
4,6,6,150,142,0,0,5,0,297,518,FINAL (ENTRADA MANUAL)
4,7,1,131,119,1,0,4,0,255,475,FINAL (ENTRADA MANUAL)
4,7,2,139,122,0,0,2,0,263,475,FINAL (ENTRADA MANUAL)
4,7,3,136,118,0,0,6,0,260,475,FINAL (ENTRADA MANUAL)
4,7,4,143,121,0,0,3,0,267,475,FINAL (ENTRADA MANUAL)
4,7,5,152,91,1,0,9,0,253,476,FINAL (ENTRADA MANUAL)
4,8,1,98,87,0,0,2,0,187,308,FINAL (ENTRADA MANUAL)
4,8,2,88,89,0,0,0,0,177,309,FINAL (ENTRADA MANUAL)
4,9,1,110,121,1,0,4,0,236,394,FINAL (ENTRADA MANUAL)
4,9,2,115,99,1,0,0,0,215,394,FINAL (ENTRADA MANUAL)
4,9,3,111,115,1,0,6,0,233,393,FINAL (ENTRADA MANUAL)
4,10,1,115,97,0,0,6,0,218,330,FINAL (ENTRADA MANUAL)
4,10,2,91,84,0,0,1,0,176,330,FINAL (ENTRADA MANUAL)
4,11,1,41,81,0,0,1,0,123,354,FINAL (ENTRADA MANUAL)
4,11,2,38,68,0,0,18,0,124,353,FINAL (ENTRADA MANUAL)
4,12,1,135,117,0,0,6,0,258,601,FINAL (ENTRADA MANUAL)
4,12,2,143,115,1,0,11,0,270,601,FINAL (ENTRADA MANUAL)
4,12,3,140,127,0,0,7,0,274,601,FINAL (ENTRADA MANUAL)
4,12,4,130,135,0,0,14,0,279,600,FINAL (ENTRADA MANUAL)
4,13,1,129,100,0,0,6,0,235,517,FINAL (ENTRADA MANUAL)
4,13,2,138,108,1,0,2,0,249,517,FINAL (ENTRADA MANUAL)
4,13,3,125,105,0,0,3,0,233,517,FINAL (ENTRADA MANUAL)
4,13,4,136,116,0,0,7,0,259,518,FINAL (ENTRADA MANUAL)
4,14,1,50,108,0,0,11,0,169,528,FINAL (ENTRADA MANUAL)
4,14,2,62,81,1,0,11,0,155,528,FINAL (ENTRADA MANUAL)
4,14,3,56,111,0,0,2,0,169,529,FINAL (ENTRADA MANUAL)
4,15,1,110,123,0,0,10,0,243,589,FINAL (ENTRADA MANUAL)
4,15,2,113,126,0,0,8,0,247,589,FINAL (ENTRADA MANUAL)
4,15,3,139,108,0,0,0,0,247,589,FINAL (ENTRADA MANUAL)
4,15,4,115,89,0,0,8,0,212,589,FINAL (ENTRADA MANUAL)
4,15,5,100,109,0,0,11,0,220,591,FINAL (ENTRADA MANUAL)
4,16,1,119,111,0,0,4,0,234,527,FINAL (ENTRADA MANUAL)
4,16,2,120,96,0,0,6,0,222,527,FINAL (ENTRADA MANUAL)
4,16,3,118,125,0,0,1,0,244,527,FINAL (ENTRADA MANUAL)
4,16,4,104,129,0,0,5,0,238,527,FINAL (ENTRADA MANUAL)
4,16,5,128,101,0,0,4,0,233,529,FINAL (ENTRADA MANUAL)
4,17,1,99,87,1,0,5,0,192,432,FINAL (ENTRADA MANUAL)
4,17,2,106,90,3,0,17,0,216,431,FINAL (ENTRADA MANUAL)
4,18,1,147,139,0,0,6,0,292,588,FINAL (ENTRADA MANUAL)
4,18,2,137,144,0,0,3,0,284,588,FINAL (ENTRADA MANUAL)
4,18,3,118,162,0,0,5,0,285,588,FINAL (ENTRADA MANUAL)
4,19,1,166,158,0,0,1,0,325,554,FINAL (ENTRADA MANUAL)
4,19,2,153,142,0,0,1,0,296,554,FINAL (ENTRADA MANUAL)
4,19,3,141,148,0,0,12,0,301,554,FINAL (ENTRADA MANUAL)
4,19,4,169,139,0,0,4,0,312,554,FINAL (ENTRADA MANUAL)
4,19,5,146,158,0,0,1,0,305,554,FINAL (ENTRADA MANUAL)
4,19,6,158,152,0,0,3,0,313,554,FINAL (ENTRADA MANUAL)
4,20,1,198,115,1,0,3,0,317,568,FINAL (ENTRADA MANUAL)
4,20,2,165,116,1,0,0,0,282,568,FINAL (ENTRADA MANUAL)
4,20,3,146,119,0,0,5,0,270,568,FINAL (ENTRADA MANUAL)
4,20,4,148,121,0,0,3,0,272,570,FINAL (ENTRADA MANUAL)
4,21,1,124,98,0,0,2,0,224,517,FINAL (ENTRADA MANUAL)
4,21,2,113,96,1,0,6,0,216,517,FINAL (ENTRADA MANUAL)
4,21,3,118,92,0,0,2,0,212,517,FINAL (ENTRADA MANUAL)
4,21,4,109,95,0,0,3,0,207,516,FINAL (ENTRADA MANUAL)
4,22,1,159,116,0,0,4,0,279,507,FINAL (ENTRADA MANUAL)
4,22,2,164,87,1,0,4,0,256,507,FINAL (ENTRADA MANUAL)
4,22,3,166,102,1,0,2,0,271,507,FINAL (ENTRADA MANUAL)
4,22,4,156,96,0,0,3,0,255,507,FINAL (ENTRADA MANUAL)
4,22,5,157,97,1,0,2,0,257,507,FINAL (ENTRADA MANUAL)
4,22,6,193,71,0,0,3,0,267,506,FINAL (ENTRADA MANUAL)
4,23,1,135,86,0,0,4,0,225,504,FINAL (ENTRADA MANUAL)
4,23,2,141,92,0,0,4,0,237,504,FINAL (ENTRADA MANUAL)
4,23,3,160,88,0,0,3,0,251,504,FINAL (ENTRADA MANUAL)
4,23,4,163,92,0,0,3,0,258,504,FINAL (ENTRADA MANUAL)
4,23,5,155,90,0,0,0,0,245,504,FINAL (ENTRADA MANUAL)
4,24,1,136,144,0,0,2,0,282,506,FINAL (ENTRADA MANUAL)
4,24,2,127,132,1,0,6,0,266,506,FINAL (ENTRADA MANUAL)
4,24,3,108,164,1,0,3,0,276,506,FINAL (ENTRADA MANUAL)
4,24,4,128,157,0,0,3,0,288,506,FINAL (ENTRADA MANUAL)
4,24,5,119,156,0,0,3,0,278,506,FINAL (ENTRADA MANUAL)
4,24,6,128,150,0,0,5,0,283,504,FINAL (ENTRADA MANUAL)
4,25,1,125,134,2,0,4,0,265,582,FINAL (ENTRADA MANUAL)
4,25,2,123,141,0,0,7,0,271,582,FINAL (ENTRADA MANUAL)
4,25,3,121,120,0,0,10,0,251,582,FINAL (ENTRADA MANUAL)
4,25,4,132,122,0,0,6,0,260,582,FINAL (ENTRADA MANUAL)
4,26,1,125,138,0,0,4,0,267,543,FINAL (ENTRADA MANUAL)
4,26,2,125,104,0,0,11,0,240,543,FINAL (ENTRADA MANUAL)
4,26,3,138,110,2,0,3,0,253,543,FINAL (ENTRADA MANUAL)
4,27,1,85,101,1,0,1,0,188,463,FINAL (ENTRADA MANUAL)
4,27,2,63,101,0,0,6,0,170,463,FINAL (ENTRADA MANUAL)
4,27,3,71,93,1,0,2,0,167,463,FINAL (ENTRADA MANUAL)
4,74,1,44,54,0,0,0,0,98,0,FINAL (ENTRADA MANUAL)
4,74,2,53,52,0,0,2,0,107,0,FINAL (ENTRADA MANUAL)
4,74,3,26,39,0,0,1,0,66,0,FINAL (ENTRADA MANUAL)
4,74,4,26,37,1,0,3,0,67,0,FINAL (ENTRADA MANUAL)
4,74,5,40,66,0,0,0,0,106,0,FINAL (ENTRADA MANUAL)
4,74,6,43,59,0,0,2,0,104,0,FINAL (ENTRADA MANUAL)
4,74,7,31,50,0,0,0,0,81,0,FINAL (ENTRADA MANUAL)
4,74,8,31,45,0,0,1,0,77,0,FINAL (ENTRADA MANUAL)
4,74,9,23,81,0,0,1,0,105,0,FINAL (ENTRADA MANUAL)
4,74,10,26,78,0,0,0,0,104,0,FINAL (ENTRADA MANUAL)
4,74,11,19,83,0,0,0,0,102,0,FINAL (ENTRADA MANUAL)
4,74,12,39,62,1,0,2,0,104,0,FINAL (ENTRADA MANUAL)
4,74,13,37,63,0,0,4,0,104,0,FINAL (ENTRADA MANUAL)
4,74,14,27,53,0,0,2,0,82,0,FINAL (ENTRADA MANUAL)
4,74,15,25,54,0,0,1,0,80,0,FINAL (ENTRADA MANUAL)
4,74,16,25,54,0,0,2,0,81,0,FINAL (ENTRADA MANUAL)
4,74,17,32,54,0,0,0,0,86,0,FINAL (ENTRADA MANUAL)
4,74,18,47,51,0,0,1,0,99,0,FINAL (ENTRADA MANUAL)
4,74,19,17,64,0,0,3,0,84,0,FINAL (ENTRADA MANUAL)
4,74,20,14,67,0,0,3,0,84,0,FINAL (ENTRADA MANUAL)
4,74,21,19,64,0,0,0,0,83,0,FINAL (ENTRADA MANUAL)
4,74,22,17,65,0,0,0,0,82,0,FINAL (ENTRADA MANUAL)
4,74,23,0,0,0,0,0,0,0,0,FINAL (ENTRADA MANUAL)
4,74,24,0,0,0,0,0,0,0,0,FINAL (ENTRADA MANUAL)
4,74,25,0,0,0,0,0,0,0,0,FINAL (ENTRADA MANUAL)
4,74,26,0,0,0,0,0,0,0,0,FINAL (ENTRADA MANUAL)
4,74,27,0,0,0,0,0,0,0,0,FINAL (ENTRADA MANUAL)
4,75,1,3,5,0,0,0,1,9,0,FINAL (ENTRADA MANUAL)
4,77,1,599,710,0,0,0,0,1309,0,FINAL (ENTRADA MANUAL)
4,77,2,321,456,0,0,0,0,777,0,FINAL (ENTRADA MANUAL)
4,77,3,749,887,0,0,55,8,1699,0,FINAL (ENTRADA MANUAL)
4,77,5,1,2,0,0,0,0,3,0,FINAL (ENTRADA MANUAL)
4,78,1,59,92,0,0,5,0,156,0,FINAL (ENTRADA MANUAL)
4,78,2,20,22,0,0,0,0,42,0,FINAL (ENTRADA MANUAL)
4,78,3,2,0,0,0,0,0,2,0,FINAL (ENTRADA MANUAL)
4,78,4,5,5,0,0,0,0,10,0,FINAL (ENTRADA MANUAL)
4,79,1,0,0,0,0,0,0,0,0,FINAL (ENTRADA MANUAL)
5,1,1,176,113,0,0,8,0,297,628,FINAL (ENTRADA MANUAL)
5,1,2,179,120,0,0,2,0,301,629,FINAL (ENTRADA MANUAL)
5,2,1,155,129,0,0,8,0,292,616,FINAL (ENTRADA MANUAL)
5,2,2,137,145,0,0,2,0,284,616,FINAL (ENTRADA MANUAL)
5,2,3,157,130,0,0,0,0,287,616,FINAL (ENTRADA MANUAL)
5,2,4,145,112,0,0,6,0,263,616,FINAL (ENTRADA MANUAL)
5,2,5,137,133,0,0,3,1,274,617,FINAL (ENTRADA MANUAL)
5,3,1,99,79,0,0,13,0,191,416,FINAL (ENTRADA MANUAL)
5,3,2,97,85,0,0,5,0,187,415,FINAL (ENTRADA MANUAL)
5,4,1,140,132,0,0,9,0,281,562,FINAL (ENTRADA MANUAL)
5,4,2,144,116,1,0,6,0,267,562,FINAL (ENTRADA MANUAL)
5,4,3,133,129,0,0,6,0,268,562,FINAL (ENTRADA MANUAL)
5,4,4,162,133,0,0,17,0,312,562,FINAL (ENTRADA MANUAL)
5,4,5,142,124,2,0,6,0,274,562,FINAL (ENTRADA MANUAL)
5,4,6,152,126,2,0,13,0,293,565,FINAL (ENTRADA MANUAL)
5,5,1,126,161,0,0,3,0,290,533,FINAL (ENTRADA MANUAL)
5,5,2,115,160,0,0,7,0,282,533,FINAL (ENTRADA MANUAL)
5,6,1,139,95,0,0,1,0,235,472,FINAL (ENTRADA MANUAL)
5,6,2,128,92,0,0,7,0,227,472,FINAL (ENTRADA MANUAL)
5,6,3,140,110,0,0,4,0,254,472,FINAL (ENTRADA MANUAL)
5,6,4,130,101,0,0,1,0,232,474,FINAL (ENTRADA MANUAL)
5,7,1,132,143,0,0,33,0,308,591,FINAL (ENTRADA MANUAL)
5,7,2,130,151,0,0,19,0,300,591,FINAL (ENTRADA MANUAL)
5,7,3,121,167,0,0,19,0,307,592,FINAL (ENTRADA MANUAL)
5,8,1,132,150,0,0,4,0,286,513,FINAL (ENTRADA MANUAL)
5,8,2,104,153,0,0,17,0,274,513,FINAL (ENTRADA MANUAL)
5,8,3,123,164,0,0,3,0,290,513,FINAL (ENTRADA MANUAL)
5,8,4,126,151,0,0,17,0,294,513,FINAL (ENTRADA MANUAL)
5,8,5,115,154,1,0,1,0,271,513,FINAL (ENTRADA MANUAL)
5,8,6,105,166,0,0,5,0,276,512,FINAL (ENTRADA MANUAL)
5,74,1,23,58,0,0,4,0,85,0,FINAL (ENTRADA MANUAL)
5,74,2,23,59,0,0,4,0,86,0,FINAL (ENTRADA MANUAL)
5,74,3,85,33,0,0,0,0,118,0,FINAL (ENTRADA MANUAL)
5,74,4,0,0,0,0,0,0,0,0,FINAL (ENTRADA MANUAL)
5,75,1,3,4,0,0,0,1,8,0,FINAL (ENTRADA MANUAL)
5,77,1,230,284,0,0,0,0,514,0,FINAL (ENTRADA MANUAL)
5,77,2,90,139,0,0,0,0,229,0,FINAL (ENTRADA MANUAL)
5,77,3,188,228,0,0,23,11,450,0,FINAL (ENTRADA MANUAL)
5,77,5,1,1,0,0,0,0,2,0,FINAL (ENTRADA MANUAL)
5,78,1,28,50,0,0,2,1,81,0,FINAL (ENTRADA MANUAL)
5,78,2,1,0,0,0,0,0,1,0,FINAL (ENTRADA MANUAL)
5,78,3,0,1,0,0,0,0,1,0,FINAL (ENTRADA MANUAL)
5,79,1,0,0,0,0,0,0,0,0,FINAL (ENTRADA MANUAL)
6,1,1,138,123,0,0,15,0,276,543,FINAL (ENTRADA MANUAL)
6,1,2,136,114,1,0,11,0,262,543,FINAL (ENTRADA MANUAL)
6,1,3,149,131,0,0,6,0,286,544,FINAL (ENTRADA MANUAL)
6,2,1,137,201,2,0,7,0,347,513,FINAL (ENTRADA MANUAL)
6,2,2,153,178,0,0,6,0,337,513,FINAL (ENTRADA MANUAL)
6,2,3,140,187,0,0,0,0,327,513,FINAL (ENTRADA MANUAL)
6,2,4,119,181,0,0,1,0,301,513,FINAL (ENTRADA MANUAL)
6,2,5,134,164,2,0,3,0,303,513,FINAL (ENTRADA MANUAL)
6,2,6,139,150,0,0,4,0,293,513,FINAL (ENTRADA MANUAL)
6,2,7,126,180,0,0,2,0,308,512,FINAL (ENTRADA MANUAL)
6,3,1,73,125,0,0,7,0,205,453,FINAL (ENTRADA MANUAL)
6,3,2,89,140,1,0,1,0,231,453,FINAL (ENTRADA MANUAL)
6,3,3,71,118,0,0,14,0,203,454,FINAL (ENTRADA MANUAL)
6,4,1,121,135,1,0,7,0,264,551,FINAL (ENTRADA MANUAL)
6,4,2,140,127,0,0,8,0,275,551,FINAL (ENTRADA MANUAL)
6,4,3,122,125,0,0,2,0,249,551,FINAL (ENTRADA MANUAL)
6,4,4,125,145,0,0,7,0,277,551,FINAL (ENTRADA MANUAL)
6,4,5,107,122,0,0,7,0,236,551,FINAL (ENTRADA MANUAL)
6,4,6,126,133,1,0,5,0,265,551,FINAL (ENTRADA MANUAL)
6,4,7,133,125,0,0,7,0,265,552,FINAL (ENTRADA MANUAL)
6,5,1,82,154,0,0,8,0,244,516,FINAL (ENTRADA MANUAL)
6,5,2,92,142,0,0,13,0,247,515,FINAL (ENTRADA MANUAL)
6,6,1,95,136,0,0,13,0,244,549,FINAL (ENTRADA MANUAL)
6,6,2,87,130,0,0,7,0,224,549,FINAL (ENTRADA MANUAL)
6,6,3,96,118,1,0,22,0,237,549,FINAL (ENTRADA MANUAL)
6,6,4,93,137,0,0,10,0,240,550,FINAL (ENTRADA MANUAL)
6,7,1,84,118,0,0,4,0,206,398,FINAL (ENTRADA MANUAL)
6,7,2,68,90,0,0,21,0,179,398,FINAL (ENTRADA MANUAL)
6,8,1,115,120,0,0,8,0,243,541,FINAL (ENTRADA MANUAL)
6,8,2,110,125,0,0,14,0,249,541,FINAL (ENTRADA MANUAL)
6,8,3,113,130,0,0,12,0,255,541,FINAL (ENTRADA MANUAL)
6,8,4,94,105,0,0,10,0,209,541,FINAL (ENTRADA MANUAL)
6,9,1,87,126,0,0,8,0,221,438,FINAL (ENTRADA MANUAL)
6,9,2,85,137,0,0,23,0,245,438,FINAL (ENTRADA MANUAL)
6,9,3,75,141,1,0,6,0,223,438,FINAL (ENTRADA MANUAL)
6,10,1,96,114,0,0,4,0,214,478,FINAL (ENTRADA MANUAL)
6,10,2,86,115,0,0,9,0,210,478,FINAL (ENTRADA MANUAL)
6,10,3,88,112,0,0,3,0,203,478,FINAL (ENTRADA MANUAL)
6,10,4,107,72,0,0,7,0,186,478,FINAL (ENTRADA MANUAL)
6,11,1,99,124,0,0,5,0,228,493,FINAL (ENTRADA MANUAL)
6,11,2,102,97,0,0,8,0,207,493,FINAL (ENTRADA MANUAL)
6,11,3,85,128,0,0,6,0,219,494,FINAL (ENTRADA MANUAL)
6,12,1,99,108,0,0,9,0,216,491,FINAL (ENTRADA MANUAL)
6,12,2,77,114,0,0,23,0,214,491,FINAL (ENTRADA MANUAL)
6,13,1,153,151,0,0,10,0,314,547,FINAL (ENTRADA MANUAL)
6,13,2,118,181,0,0,9,0,308,547,FINAL (ENTRADA MANUAL)
6,13,3,159,140,0,0,5,0,304,546,FINAL (ENTRADA MANUAL)
6,14,1,93,127,2,0,7,0,229,506,FINAL (ENTRADA MANUAL)
6,14,2,104,107,0,0,33,0,244,505,FINAL (ENTRADA MANUAL)
6,74,1,20,32,0,0,9,0,61,0,FINAL (ENTRADA MANUAL)
6,74,2,19,33,0,0,12,0,64,0,FINAL (ENTRADA MANUAL)
6,74,3,29,70,0,0,2,0,101,0,FINAL (ENTRADA MANUAL)
6,74,4,30,69,0,0,5,0,104,0,FINAL (ENTRADA MANUAL)
6,74,5,32,60,0,0,6,0,98,0,FINAL (ENTRADA MANUAL)
6,74,6,27,55,0,0,1,0,83,0,FINAL (ENTRADA MANUAL)
6,74,7,32,45,0,0,3,0,80,0,FINAL (ENTRADA MANUAL)
6,74,8,26,43,0,0,2,0,71,0,FINAL (ENTRADA MANUAL)
6,74,9,25,36,0,0,12,0,73,0,FINAL (ENTRADA MANUAL)
6,74,10,12,56,0,0,4,0,72,0,FINAL (ENTRADA MANUAL)
6,74,11,0,0,0,0,0,0,0,0,FINAL (ENTRADA MANUAL)
6,74,12,0,0,0,0,0,0,0,0,FINAL (ENTRADA MANUAL)
6,75,1,37,38,0,0,3,3,81,0,FINAL (ENTRADA MANUAL)
6,77,1,187,254,0,0,0,0,441,0,FINAL (ENTRADA MANUAL)
6,77,2,200,350,0,0,0,0,550,0,FINAL (ENTRADA MANUAL)
6,77,3,130,150,0,0,12,4,296,0,FINAL (ENTRADA MANUAL)
6,77,5,0,2,0,0,0,0,2,0,FINAL (ENTRADA MANUAL)
6,78,1,39,48,0,0,0,1,87,0,FINAL (ENTRADA MANUAL)
6,78,2,0,0,0,0,0,0,0,0,FINAL (ENTRADA MANUAL)
6,78,3,0,0,0,0,0,0,0,0,FINAL (ENTRADA MANUAL)
6,79,1,0,0,0,0,0,0,0,0,FINAL (ENTRADA MANUAL)
6,79,2,0,0,0,0,0,0,0,0,FINAL (ENTRADA MANUAL)
81,1,1,100,115,1,0,2,0,218,543,FINAL (ENTRADA MANUAL)
81,1,2,108,77,0,0,7,0,192,543,FINAL (ENTRADA MANUAL)
81,1,3,124,110,0,0,17,0,251,543,FINAL (ENTRADA MANUAL)
81,1,4,113,101,0,0,3,0,217,543,FINAL (ENTRADA MANUAL)
81,1,5,131,120,0,0,8,0,259,543,FINAL (ENTRADA MANUAL)
81,1,6,79,146,2,0,8,0,235,543,FINAL (ENTRADA MANUAL)
81,2,1,110,107,0,0,6,0,223,527,FINAL (ENTRADA MANUAL)
81,2,2,77,142,0,0,2,0,221,527,FINAL (ENTRADA MANUAL)
81,2,3,89,139,0,0,21,0,249,527,FINAL (ENTRADA MANUAL)
81,2,4,89,122,0,0,4,0,215,527,FINAL (ENTRADA MANUAL)
81,2,5,102,128,0,0,4,0,234,527,FINAL (ENTRADA MANUAL)
81,2,6,105,119,1,0,3,0,228,527,FINAL (ENTRADA MANUAL)
81,2,7,122,134,0,0,3,0,259,527,FINAL (ENTRADA MANUAL)
81,2,8,90,154,1,0,9,0,254,527,FINAL (ENTRADA MANUAL)
81,2,9,102,119,0,0,1,0,222,525,FINAL (ENTRADA MANUAL)
81,3,1,111,116,1,0,3,0,231,464,FINAL (ENTRADA MANUAL)
81,3,2,111,108,0,0,2,0,221,465,FINAL (ENTRADA MANUAL)
81,4,1,120,94,0,0,2,0,216,509,FINAL (ENTRADA MANUAL)
81,4,2,117,101,1,0,4,0,223,509,FINAL (ENTRADA MANUAL)
81,4,3,128,107,0,0,5,0,240,509,FINAL (ENTRADA MANUAL)
81,4,4,115,91,1,0,3,0,210,509,FINAL (ENTRADA MANUAL)
81,4,5,105,132,0,0,5,0,242,509,FINAL (ENTRADA MANUAL)
81,4,6,121,111,0,0,6,0,238,509,FINAL (ENTRADA MANUAL)
81,4,7,117,119,0,0,2,0,238,509,FINAL (ENTRADA MANUAL)
81,4,8,121,110,0,0,2,0,231,508,FINAL (ENTRADA MANUAL)
81,5,1,95,113,0,0,15,0,223,559,FINAL (ENTRADA MANUAL)
81,5,2,106,132,0,0,6,0,244,559,FINAL (ENTRADA MANUAL)
81,5,3,98,110,0,0,11,0,219,559,FINAL (ENTRADA MANUAL)
81,5,4,90,123,0,0,2,0,215,559,FINAL (ENTRADA MANUAL)
81,5,5,114,111,0,0,10,0,235,559,FINAL (ENTRADA MANUAL)
81,5,6,100,117,0,0,6,0,223,558,FINAL (ENTRADA MANUAL)
81,6,1,114,121,0,0,19,0,254,541,FINAL (ENTRADA MANUAL)
81,6,2,105,129,0,0,1,0,235,541,FINAL (ENTRADA MANUAL)
81,6,3,126,120,0,0,3,0,249,541,FINAL (ENTRADA MANUAL)
81,6,4,125,98,0,0,2,0,225,541,FINAL (ENTRADA MANUAL)
81,6,5,123,117,0,0,3,0,243,543,FINAL (ENTRADA MANUAL)
81,74,1,25,58,0,0,0,0,83,0,FINAL (ENTRADA MANUAL)
81,74,2,26,44,0,0,5,0,75,0,FINAL (ENTRADA MANUAL)
81,74,3,13,57,0,0,1,0,71,0,FINAL (ENTRADA MANUAL)
81,74,4,10,59,0,0,2,0,71,0,FINAL (ENTRADA MANUAL)
81,74,5,20,55,0,0,1,0,76,0,FINAL (ENTRADA MANUAL)
81,74,6,27,50,0,0,1,0,78,0,FINAL (ENTRADA MANUAL)
81,74,7,21,52,0,0,9,0,82,0,FINAL (ENTRADA MANUAL)
81,74,8,28,68,0,0,3,0,99,0,FINAL (ENTRADA MANUAL)
81,74,9,39,55,0,0,0,0,94,0,FINAL (ENTRADA MANUAL)
81,74,10,23,69,0,0,2,0,94,0,FINAL (ENTRADA MANUAL)
81,74,11,0,0,0,0,0,0,0,0,FINAL (ENTRADA MANUAL)
81,74,12,0,0,0,0,0,0,0,0,FINAL (ENTRADA MANUAL)
81,74,13,0,0,0,0,0,0,0,0,FINAL (ENTRADA MANUAL)
81,75,1,9,14,0,0,0,0,23,0,FINAL (ENTRADA MANUAL)
81,75,2,0,0,0,0,0,0,0,0,FINAL (ENTRADA MANUAL)
81,75,3,0,0,0,0,0,0,0,0,FINAL (ENTRADA MANUAL)
81,75,4,0,0,0,0,0,0,0,0,FINAL (ENTRADA MANUAL)
81,75,5,0,0,0,0,0,0,0,0,FINAL (ENTRADA MANUAL)
81,77,1,0,0,0,0,0,0,0,0,FINAL (ENTRADA MANUAL)
81,77,2,43,88,0,0,1,0,132,0,FINAL (ENTRADA MANUAL)
81,77,3,0,1,0,0,0,0,1,0,FINAL (ENTRADA MANUAL)
81,77,5,0,0,0,0,0,0,0,0,FINAL (ENTRADA MANUAL)
81,78,1,0,0,0,0,0,0,0,0,FINAL (ENTRADA MANUAL)
81,78,2,0,0,0,0,0,0,0,0,FINAL (ENTRADA MANUAL)
81,78,3,0,0,0,0,0,0,0,0,FINAL (ENTRADA MANUAL)
7,1,1,102,146,1,0,3,0,252,570,FINAL (ENTRADA MANUAL)
7,1,2,90,136,1,0,14,0,241,570,FINAL (ENTRADA MANUAL)
7,1,3,78,124,0,0,19,0,221,570,FINAL (ENTRADA MANUAL)
7,1,4,85,121,0,0,26,0,232,569,FINAL (ENTRADA MANUAL)
7,2,1,105,137,1,0,20,0,263,582,FINAL (ENTRADA MANUAL)
7,2,2,85,105,0,0,38,0,228,583,FINAL (ENTRADA MANUAL)
7,3,1,119,183,0,0,8,0,310,562,FINAL (ENTRADA MANUAL)
7,3,2,127,153,0,0,9,0,289,562,FINAL (ENTRADA MANUAL)
7,3,3,138,142,0,0,2,0,282,561,FINAL (ENTRADA MANUAL)
7,4,1,88,166,1,0,4,0,259,535,FINAL (ENTRADA MANUAL)
7,4,2,125,164,0,0,0,0,289,535,FINAL (ENTRADA MANUAL)
7,4,3,97,177,0,0,2,0,276,535,FINAL (ENTRADA MANUAL)
7,4,4,109,165,1,0,0,0,275,535,FINAL (ENTRADA MANUAL)
7,4,5,109,154,0,0,6,0,269,536,FINAL (ENTRADA MANUAL)
7,5,1,103,131,0,0,5,0,239,475,FINAL (ENTRADA MANUAL)
7,5,2,90,143,1,0,2,0,236,475,FINAL (ENTRADA MANUAL)
7,5,3,88,110,1,0,5,0,204,475,FINAL (ENTRADA MANUAL)
7,5,4,83,146,0,0,11,0,240,475,FINAL (ENTRADA MANUAL)
7,5,5,88,123,1,0,1,0,213,476,FINAL (ENTRADA MANUAL)
7,6,1,88,203,0,0,4,0,295,524,FINAL (ENTRADA MANUAL)
7,6,2,92,196,0,0,8,0,296,524,FINAL (ENTRADA MANUAL)
7,6,3,86,193,0,0,2,0,281,525,FINAL (ENTRADA MANUAL)
7,7,1,97,215,0,0,1,0,313,603,FINAL (ENTRADA MANUAL)
7,8,1,103,174,0,0,2,0,279,527,FINAL (ENTRADA MANUAL)
7,8,2,115,171,0,0,6,0,292,527,FINAL (ENTRADA MANUAL)
7,8,3,99,169,0,0,2,0,270,527,FINAL (ENTRADA MANUAL)
7,8,4,92,187,0,0,1,0,280,527,FINAL (ENTRADA MANUAL)
7,8,5,118,181,0,0,2,0,301,527,FINAL (ENTRADA MANUAL)
7,8,6,108,173,0,0,2,0,283,527,FINAL (ENTRADA MANUAL)
7,8,7,66,175,0,0,3,0,244,527,FINAL (ENTRADA MANUAL)
7,8,8,121,173,0,0,2,0,296,527,FINAL (ENTRADA MANUAL)
7,8,9,98,190,1,0,3,0,292,525,FINAL (ENTRADA MANUAL)
7,9,1,113,163,1,0,2,0,279,558,FINAL (ENTRADA MANUAL)
7,9,2,128,173,0,0,1,0,302,558,FINAL (ENTRADA MANUAL)
7,9,3,120,167,0,0,7,0,294,557,FINAL (ENTRADA MANUAL)
7,10,1,106,108,1,0,14,0,229,547,FINAL (ENTRADA MANUAL)
7,10,2,116,132,1,0,7,0,256,547,FINAL (ENTRADA MANUAL)
7,10,3,111,133,0,0,6,0,250,547,FINAL (ENTRADA MANUAL)
7,10,4,118,132,0,0,4,0,254,547,FINAL (ENTRADA MANUAL)
7,10,5,104,141,0,0,8,0,253,547,FINAL (ENTRADA MANUAL)
7,10,6,101,125,0,0,6,0,232,547,FINAL (ENTRADA MANUAL)
7,10,7,116,126,0,0,3,0,245,546,FINAL (ENTRADA MANUAL)
7,11,1,93,113,0,0,15,0,221,510,FINAL (ENTRADA MANUAL)
7,11,2,91,130,1,0,10,0,232,510,FINAL (ENTRADA MANUAL)
7,11,3,98,122,0,0,6,0,226,510,FINAL (ENTRADA MANUAL)
7,12,1,145,132,0,0,14,0,291,583,FINAL (ENTRADA MANUAL)
7,12,2,160,127,0,0,2,0,289,583,FINAL (ENTRADA MANUAL)
7,12,3,123,156,0,0,8,0,287,583,FINAL (ENTRADA MANUAL)
7,12,4,125,156,0,0,3,0,284,583,FINAL (ENTRADA MANUAL)
7,12,5,138,144,1,0,4,0,287,582,FINAL (ENTRADA MANUAL)
7,13,1,0,0,0,0,0,0,0,407,FINAL (ENTRADA MANUAL)
7,13,2,109,132,1,0,3,0,245,407,FINAL (ENTRADA MANUAL)
7,13,3,117,123,0,0,4,0,244,406,FINAL (ENTRADA MANUAL)
7,14,1,49,116,0,0,1,0,166,566,FINAL (ENTRADA MANUAL)
7,15,1,117,151,1,0,6,0,275,506,FINAL (ENTRADA MANUAL)
7,15,2,127,147,0,0,6,0,280,506,FINAL (ENTRADA MANUAL)
7,15,3,125,130,1,0,4,0,260,507,FINAL (ENTRADA MANUAL)
7,16,1,124,141,0,0,4,0,269,456,FINAL (ENTRADA MANUAL)
7,16,2,127,121,0,0,11,0,259,455,FINAL (ENTRADA MANUAL)
7,17,1,110,119,0,0,3,0,232,519,FINAL (ENTRADA MANUAL)
7,17,2,95,166,0,0,4,0,265,519,FINAL (ENTRADA MANUAL)
7,17,3,122,148,0,0,3,0,273,519,FINAL (ENTRADA MANUAL)
7,17,4,97,161,0,0,4,0,262,520,FINAL (ENTRADA MANUAL)
7,18,1,127,127,1,0,9,0,264,411,FINAL (ENTRADA MANUAL)
7,18,2,144,101,0,0,1,0,246,411,FINAL (ENTRADA MANUAL)
7,19,1,116,137,0,0,7,0,260,462,FINAL (ENTRADA MANUAL)
7,19,2,120,140,0,0,3,0,263,463,FINAL (ENTRADA MANUAL)
7,20,1,109,131,0,0,6,0,246,507,FINAL (ENTRADA MANUAL)
7,20,2,127,136,0,0,13,0,276,507,FINAL (ENTRADA MANUAL)
7,20,3,96,136,1,0,6,0,239,508,FINAL (ENTRADA MANUAL)
7,74,1,17,26,0,0,4,0,47,0,FINAL (ENTRADA MANUAL)
7,74,2,9,31,0,0,4,0,44,0,FINAL (ENTRADA MANUAL)
7,74,3,17,69,0,0,4,0,90,0,FINAL (ENTRADA MANUAL)
7,74,4,31,57,0,0,1,0,89,0,FINAL (ENTRADA MANUAL)
7,74,5,24,71,0,0,0,0,95,0,FINAL (ENTRADA MANUAL)
7,74,6,20,54,0,0,2,0,76,0,FINAL (ENTRADA MANUAL)
7,74,7,19,62,0,0,1,0,82,0,FINAL (ENTRADA MANUAL)
7,74,8,28,50,0,0,0,0,78,0,FINAL (ENTRADA MANUAL)
7,74,9,28,49,0,0,0,0,77,0,FINAL (ENTRADA MANUAL)
7,74,10,25,51,0,0,2,0,78,0,FINAL (ENTRADA MANUAL)
7,74,11,34,38,0,0,2,0,74,0,FINAL (ENTRADA MANUAL)
7,74,12,24,58,0,0,1,0,83,0,FINAL (ENTRADA MANUAL)
7,74,13,24,60,0,0,1,0,85,0,FINAL (ENTRADA MANUAL)
7,74,14,33,53,0,0,0,0,86,0,FINAL (ENTRADA MANUAL)
7,74,15,11,41,0,0,0,0,52,0,FINAL (ENTRADA MANUAL)
7,74,16,0,0,0,0,0,0,0,0,FINAL (ENTRADA MANUAL)
7,75,1,10,6,0,0,0,1,17,0,FINAL (ENTRADA MANUAL)
7,77,1,416,806,0,0,0,0,1222,0,FINAL (ENTRADA MANUAL)
7,77,2,276,491,0,0,0,0,767,0,FINAL (ENTRADA MANUAL)
7,77,3,289,481,0,0,27,11,808,0,FINAL (ENTRADA MANUAL)
7,77,5,0,0,0,0,0,0,0,0,FINAL (ENTRADA MANUAL)
7,78,1,46,80,0,0,0,2,128,0,FINAL (ENTRADA MANUAL)
7,78,2,3,5,0,0,0,0,8,0,FINAL (ENTRADA MANUAL)
7,78,3,0,0,0,0,0,0,0,0,FINAL (ENTRADA MANUAL)
7,79,1,1,0,0,0,0,0,1,0,FINAL (ENTRADA MANUAL)
7,79,2,0,0,0,0,0,0,0,0,FINAL (ENTRADA MANUAL)
8,1,1,53,90,1,0,3,0,147,370,FINAL (ENTRADA MANUAL)
8,1,2,60,70,0,0,2,0,132,371,FINAL (ENTRADA MANUAL)
8,2,1,68,148,0,0,10,0,226,601,FINAL (ENTRADA MANUAL)
8,2,2,62,140,0,0,10,0,212,601,FINAL (ENTRADA MANUAL)
8,2,3,61,161,0,0,14,0,236,601,FINAL (ENTRADA MANUAL)
8,2,4,70,154,0,0,10,0,234,601,FINAL (ENTRADA MANUAL)
8,2,5,82,145,0,0,9,0,236,601,FINAL (ENTRADA MANUAL)
8,3,1,152,124,1,0,10,0,287,492,FINAL (ENTRADA MANUAL)
8,3,2,122,150,0,0,3,0,275,492,FINAL (ENTRADA MANUAL)
8,3,3,125,168,0,0,1,0,294,492,FINAL (ENTRADA MANUAL)
8,3,4,121,149,0,0,6,0,276,492,FINAL (ENTRADA MANUAL)
8,3,5,148,142,1,0,8,0,299,492,FINAL (ENTRADA MANUAL)
8,4,1,71,93,0,0,21,0,185,388,FINAL (ENTRADA MANUAL)
8,4,2,89,104,0,0,10,0,203,388,FINAL (ENTRADA MANUAL)
8,5,1,125,172,0,0,11,0,308,585,FINAL (ENTRADA MANUAL)
8,5,2,147,151,0,0,10,0,308,585,FINAL (ENTRADA MANUAL)
8,5,3,152,146,0,0,8,0,306,585,FINAL (ENTRADA MANUAL)
8,6,1,120,183,0,0,26,0,329,694,FINAL (ENTRADA MANUAL)
8,6,2,108,141,1,0,5,0,255,694,FINAL (ENTRADA MANUAL)
8,6,3,98,138,0,0,10,0,246,694,FINAL (ENTRADA MANUAL)
8,6,4,96,134,0,0,5,0,235,694,FINAL (ENTRADA MANUAL)
8,6,5,131,124,0,0,2,0,257,694,FINAL (ENTRADA MANUAL)
8,6,6,101,140,0,0,10,0,251,694,FINAL (ENTRADA MANUAL)
8,6,7,97,140,0,0,7,0,244,692,FINAL (ENTRADA MANUAL)
8,7,1,110,111,0,0,16,0,237,510,FINAL (ENTRADA MANUAL)
8,7,2,96,126,0,0,12,0,234,510,FINAL (ENTRADA MANUAL)
8,7,3,88,114,0,0,23,0,225,510,FINAL (ENTRADA MANUAL)
8,7,4,88,146,0,0,2,0,236,510,FINAL (ENTRADA MANUAL)
8,7,5,93,117,0,0,16,0,226,511,FINAL (ENTRADA MANUAL)
8,8,1,65,101,0,0,18,0,184,415,FINAL (ENTRADA MANUAL)
8,8,2,56,111,0,0,2,0,169,415,FINAL (ENTRADA MANUAL)
8,9,1,69,162,0,0,10,0,241,637,FINAL (ENTRADA MANUAL)
8,9,2,70,153,0,0,11,0,234,637,FINAL (ENTRADA MANUAL)
8,9,3,70,139,0,0,0,0,229,637,FINAL (ENTRADA MANUAL)
8,9,4,71,131,1,0,19,0,222,637,FINAL (ENTRADA MANUAL)
8,9,5,73,137,0,0,5,0,215,637,FINAL (ENTRADA MANUAL)
8,74,1,18,41,0,0,7,0,66,0,FINAL (ENTRADA MANUAL)
8,74,2,14,24,0,0,18,0,56,0,FINAL (ENTRADA MANUAL)
8,74,3,32,49,0,0,2,0,83,0,FINAL (ENTRADA MANUAL)
8,74,4,34,39,0,0,6,0,79,0,FINAL (ENTRADA MANUAL)
8,74,5,36,25,0,0,3,0,64,0,FINAL (ENTRADA MANUAL)
8,74,6,27,37,0,0,6,0,70,0,FINAL (ENTRADA MANUAL)
8,74,7,28,29,0,0,10,0,67,0,FINAL (ENTRADA MANUAL)
8,74,8,26,34,0,0,14,0,74,0,FINAL (ENTRADA MANUAL)
8,74,9,0,0,0,0,0,0,0,0,FINAL (ENTRADA MANUAL)
8,75,1,5,12,0,0,3,1,20,0,FINAL (ENTRADA MANUAL)
8,75,2,0,0,0,0,0,0,0,0,FINAL (ENTRADA MANUAL)
8,77,1,116,261,0,0,15,0,392,0,FINAL (ENTRADA MANUAL)
8,77,2,158,189,0,0,0,0,347,0,FINAL (ENTRADA MANUAL)
8,77,3,138,198,0,0,32,1,294,0,FINAL (ENTRADA MANUAL)
8,77,5,0,0,0,0,0,0,0,0,FINAL (ENTRADA MANUAL)
8,78,1,20,48,0,0,5,0,73,0,FINAL (ENTRADA MANUAL)
8,78,2,0,3,0,0,0,0,3,0,FINAL (ENTRADA MANUAL)
8,78,3,0,1,0,0,0,0,1,0,FINAL (ENTRADA MANUAL)
8,79,1,1,1,0,0,0,0,2,0,FINAL (ENTRADA MANUAL)
9,1,1,99,127,0,0,19,0,245,430,FINAL (ENTRADA MANUAL)
9,2,1,139,123,0,0,2,0,264,476,FINAL (ENTRADA MANUAL)
9,2,2,125,107,0,0,8,0,240,476,FINAL (ENTRADA MANUAL)
9,2,3,111,123,2,0,7,0,243,476,FINAL (ENTRADA MANUAL)
9,2,4,130,134,0,0,2,0,266,474,FINAL (ENTRADA MANUAL)
9,74,1,48,62,0,0,1,0,111,0,FINAL (ENTRADA MANUAL)
9,74,2,0,0,0,0,0,0,0,0,FINAL (ENTRADA MANUAL)
9,75,1,0,0,0,0,0,0,0,0,FINAL (ENTRADA MANUAL)
9,75,2,1,0,0,0,0,0,1,0,FINAL (ENTRADA MANUAL)
9,77,1,39,44,0,0,0,0,83,0,FINAL (ENTRADA MANUAL)
9,77,2,13,4,0,0,1,0,18,0,FINAL (ENTRADA MANUAL)
9,77,3,21,36,0,0,0,0,57,0,FINAL (ENTRADA MANUAL)
9,77,5,0,0,0,0,0,0,0,0,FINAL (ENTRADA MANUAL)
9,78,1,8,9,0,0,0,0,17,0,FINAL (ENTRADA MANUAL)
9,78,2,0,0,0,0,0,0,0,0,FINAL (ENTRADA MANUAL)
9,78,3,0,0,0,0,0,0,0,0,FINAL (ENTRADA MANUAL)
9,79,1,0,1,0,0,0,0,1,0,FINAL (ENTRADA MANUAL)
10,1,1,151,149,1,0,6,0,307,601,FINAL (ENTRADA MANUAL)
10,1,2,143,157,0,0,8,0,308,601,FINAL (ENTRADA MANUAL)
10,1,3,141,157,1,0,6,0,305,601,FINAL (ENTRADA MANUAL)
10,1,4,147,158,0,0,5,0,310,602,FINAL (ENTRADA MANUAL)
10,2,1,142,182,1,0,12,0,337,512,FINAL (ENTRADA MANUAL)
10,2,2,140,201,0,0,6,0,347,512,FINAL (ENTRADA MANUAL)
10,3,1,109,144,0,0,8,0,261,618,FINAL (ENTRADA MANUAL)
10,3,2,108,160,0,0,1,0,269,618,FINAL (ENTRADA MANUAL)
10,3,3,111,154,0,0,2,0,267,618,FINAL (ENTRADA MANUAL)
10,3,4,126,157,0,0,6,0,289,619,FINAL (ENTRADA MANUAL)
10,4,1,92,122,1,0,22,0,237,484,FINAL (ENTRADA MANUAL)
10,4,2,109,134,0,0,6,0,249,484,FINAL (ENTRADA MANUAL)
10,4,3,103,134,0,0,0,0,237,484,FINAL (ENTRADA MANUAL)
10,4,4,108,123,0,0,10,0,241,484,FINAL (ENTRADA MANUAL)
10,4,5,105,141,0,0,3,0,249,482,FINAL (ENTRADA MANUAL)
10,5,1,105,114,0,0,8,0,227,551,FINAL (ENTRADA MANUAL)
10,5,2,97,155,0,0,4,0,256,551,FINAL (ENTRADA MANUAL)
10,5,3,105,98,0,0,0,0,203,551,FINAL (ENTRADA MANUAL)
10,5,4,101,122,0,0,1,0,224,551,FINAL (ENTRADA MANUAL)
10,5,5,103,133,0,0,2,0,238,549,FINAL (ENTRADA MANUAL)
10,6,1,96,136,0,0,4,0,236,490,FINAL (ENTRADA MANUAL)
10,6,2,111,128,0,0,10,0,249,490,FINAL (ENTRADA MANUAL)
10,6,3,89,127,0,0,11,0,227,490,FINAL (ENTRADA MANUAL)
10,6,4,95,128,0,0,15,0,238,489,FINAL (ENTRADA MANUAL)
10,7,1,95,131,0,0,1,0,227,538,FINAL (ENTRADA MANUAL)
10,7,2,112,113,0,0,2,0,227,538,FINAL (ENTRADA MANUAL)
10,7,3,104,128,0,0,1,0,233,538,FINAL (ENTRADA MANUAL)
10,7,4,109,101,0,0,15,0,225,538,FINAL (ENTRADA MANUAL)
10,7,5,93,116,1,0,3,0,213,540,FINAL (ENTRADA MANUAL)
10,8,1,95,148,0,0,5,0,248,462,FINAL (ENTRADA MANUAL)
10,8,2,127,128,0,0,2,0,257,462,FINAL (ENTRADA MANUAL)
10,8,3,99,135,0,0,0,0,234,463,FINAL (ENTRADA MANUAL)
10,9,1,109,115,0,0,32,0,256,521,FINAL (ENTRADA MANUAL)
10,9,2,102,159,0,0,2,0,263,521,FINAL (ENTRADA MANUAL)
10,9,3,124,121,0,0,3,0,248,521,FINAL (ENTRADA MANUAL)
10,9,4,122,121,0,0,4,0,247,521,FINAL (ENTRADA MANUAL)
10,9,5,107,147,0,0,3,0,257,523,FINAL (ENTRADA MANUAL)
10,10,1,92,159,0,0,8,0,259,571,FINAL (ENTRADA MANUAL)
10,10,2,130,138,1,0,10,0,279,571,FINAL (ENTRADA MANUAL)
10,10,3,124,140,0,0,3,0,267,571,FINAL (ENTRADA MANUAL)
10,10,4,124,141,0,0,0,0,265,571,FINAL (ENTRADA MANUAL)
10,10,5,92,149,0,0,8,0,249,572,FINAL (ENTRADA MANUAL)
10,11,1,116,165,0,0,9,0,290,609,FINAL (ENTRADA MANUAL)
10,11,2,124,188,0,0,7,0,319,609,FINAL (ENTRADA MANUAL)
10,11,3,154,158,0,0,8,0,320,609,FINAL (ENTRADA MANUAL)
10,12,1,94,131,0,0,4,0,229,462,FINAL (ENTRADA MANUAL)
10,12,2,110,125,0,0,3,0,238,462,FINAL (ENTRADA MANUAL)
10,12,3,113,127,0,0,8,0,248,461,FINAL (ENTRADA MANUAL)
10,13,1,81,128,0,0,2,0,211,554,FINAL (ENTRADA MANUAL)
10,13,2,72,125,0,0,7,0,204,553,FINAL (ENTRADA MANUAL)
10,14,1,130,137,0,0,4,0,271,514,FINAL (ENTRADA MANUAL)
10,14,2,111,133,0,0,7,0,251,514,FINAL (ENTRADA MANUAL)
10,14,3,101,139,0,0,3,0,243,514,FINAL (ENTRADA MANUAL)
10,14,4,102,131,0,0,4,0,237,514,FINAL (ENTRADA MANUAL)
10,14,5,133,135,0,0,7,0,275,515,FINAL (ENTRADA MANUAL)
10,15,1,121,133,1,0,4,0,259,508,FINAL (ENTRADA MANUAL)
10,15,2,119,143,0,0,2,0,264,508,FINAL (ENTRADA MANUAL)
10,15,3,111,126,0,0,2,0,239,508,FINAL (ENTRADA MANUAL)
10,15,4,121,136,0,0,0,0,257,507,FINAL (ENTRADA MANUAL)
10,16,1,111,139,0,0,24,0,274,606,FINAL (ENTRADA MANUAL)
10,16,2,123,110,0,0,7,0,240,606,FINAL (ENTRADA MANUAL)
10,16,3,119,132,0,0,6,0,257,606,FINAL (ENTRADA MANUAL)
10,17,1,83,104,0,0,21,0,208,455,FINAL (ENTRADA MANUAL)
10,17,2,83,95,0,0,16,0,194,455,FINAL (ENTRADA MANUAL)
10,17,3,80,110,0,0,10,0,200,454,FINAL (ENTRADA MANUAL)
10,18,1,123,131,0,0,6,0,260,618,FINAL (ENTRADA MANUAL)
10,18,2,129,127,0,0,3,0,259,619,FINAL (ENTRADA MANUAL)
10,19,1,90,126,0,0,13,0,229,586,FINAL (ENTRADA MANUAL)
10,19,2,105,143,0,0,1,0,249,586,FINAL (ENTRADA MANUAL)
10,19,3,81,144,0,0,7,0,232,586,FINAL (ENTRADA MANUAL)
10,19,4,102,136,0,0,2,0,240,588,FINAL (ENTRADA MANUAL)
10,20,1,87,116,0,0,9,0,212,539,FINAL (ENTRADA MANUAL)
10,20,2,75,113,0,0,35,0,223,539,FINAL (ENTRADA MANUAL)
10,20,3,75,146,0,0,2,0,223,540,FINAL (ENTRADA MANUAL)
10,21,1,120,112,0,0,10,0,242,532,FINAL (ENTRADA MANUAL)
10,21,2,118,130,0,0,1,0,249,532,FINAL (ENTRADA MANUAL)
10,21,3,105,134,0,0,2,0,241,532,FINAL (ENTRADA MANUAL)
10,21,4,109,116,0,0,8,0,233,530,FINAL (ENTRADA MANUAL)
10,22,1,135,141,1,0,18,0,295,525,FINAL (ENTRADA MANUAL)
10,22,2,100,145,0,0,4,0,249,525,FINAL (ENTRADA MANUAL)
10,22,3,132,139,0,0,4,0,275,525,FINAL (ENTRADA MANUAL)
10,22,4,107,119,0,0,13,0,239,525,FINAL (ENTRADA MANUAL)
10,22,5,98,140,0,0,3,0,241,524,FINAL (ENTRADA MANUAL)
10,23,1,114,133,0,0,2,0,249,522,FINAL (ENTRADA MANUAL)
10,23,2,104,126,0,0,18,0,248,522,FINAL (ENTRADA MANUAL)
10,23,3,126,149,0,0,3,0,278,522,FINAL (ENTRADA MANUAL)
10,23,4,103,141,0,0,5,0,249,522,FINAL (ENTRADA MANUAL)
10,23,5,105,119,0,0,12,0,236,520,FINAL (ENTRADA MANUAL)
10,24,1,116,124,1,0,7,0,248,532,FINAL (ENTRADA MANUAL)
10,24,2,130,121,0,0,9,0,260,532,FINAL (ENTRADA MANUAL)
10,24,3,119,132,0,0,1,0,252,532,FINAL (ENTRADA MANUAL)
10,24,4,123,132,2,0,2,0,259,534,FINAL (ENTRADA MANUAL)
10,25,1,106,127,0,0,0,0,233,468,FINAL (ENTRADA MANUAL)
10,25,2,114,135,0,0,5,0,254,468,FINAL (ENTRADA MANUAL)
10,25,3,101,140,0,0,4,0,245,468,FINAL (ENTRADA MANUAL)
10,25,4,93,130,0,0,5,0,228,470,FINAL (ENTRADA MANUAL)
10,26,1,123,129,0,0,6,0,258,603,FINAL (ENTRADA MANUAL)
10,26,2,122,143,1,0,3,1,270,603,FINAL (ENTRADA MANUAL)
10,26,3,93,155,0,0,17,0,265,603,FINAL (ENTRADA MANUAL)
10,27,1,127,147,1,0,4,0,279,537,FINAL (ENTRADA MANUAL)
10,27,2,148,149,0,0,7,0,304,537,FINAL (ENTRADA MANUAL)
10,27,3,142,133,0,0,3,0,278,538,FINAL (ENTRADA MANUAL)
10,28,1,112,146,0,0,4,0,262,553,FINAL (ENTRADA MANUAL)
10,28,2,116,146,0,0,11,0,273,553,FINAL (ENTRADA MANUAL)
10,28,3,123,127,0,0,1,0,251,553,FINAL (ENTRADA MANUAL)
10,28,4,127,167,0,0,1,0,295,553,FINAL (ENTRADA MANUAL)
10,28,5,120,133,0,0,4,0,257,552,FINAL (ENTRADA MANUAL)
10,74,1,34,43,0,0,2,0,79,0,FINAL (ENTRADA MANUAL)
10,74,2,33,39,0,0,0,0,72,0,FINAL (ENTRADA MANUAL)
10,74,3,27,41,0,0,3,0,71,0,FINAL (ENTRADA MANUAL)
10,74,4,26,39,0,0,6,0,71,0,FINAL (ENTRADA MANUAL)
10,74,5,28,34,0,0,4,0,66,0,FINAL (ENTRADA MANUAL)
10,74,6,46,26,0,0,0,0,72,0,FINAL (ENTRADA MANUAL)
10,75,1,0,0,0,0,0,0,0,0,FINAL (ENTRADA MANUAL)
10,75,2,5,10,0,0,2,1,18,0,FINAL (ENTRADA MANUAL)
10,77,1,441,506,0,0,0,0,947,0,FINAL (ENTRADA MANUAL)
10,77,2,282,422,0,0,2,0,706,0,FINAL (ENTRADA MANUAL)
10,77,3,166,209,0,0,18,2,395,0,FINAL (ENTRADA MANUAL)
10,77,5,0,0,0,0,0,0,0,0,FINAL (ENTRADA MANUAL)
10,78,1,141,185,0,0,8,0,334,0,FINAL (ENTRADA MANUAL)
10,78,2,1,2,0,0,0,0,3,0,FINAL (ENTRADA MANUAL)
10,78,3,0,1,0,0,0,0,1,0,FINAL (ENTRADA MANUAL)
10,79,1,0,0,0,0,0,0,0,0,FINAL (ENTRADA MANUAL)
11,1,1,101,119,1,0,9,0,229,517,FINAL (ENTRADA MANUAL)
11,1,2,95,133,0,0,5,0,233,517,FINAL (ENTRADA MANUAL)
11,1,3,86,130,0,0,2,0,218,516,FINAL (ENTRADA MANUAL)
11,2,1,114,118,0,0,16,0,248,562,FINAL (ENTRADA MANUAL)
11,2,2,125,147,0,0,2,0,274,562,FINAL (ENTRADA MANUAL)
11,2,3,112,136,1,0,10,0,259,562,FINAL (ENTRADA MANUAL)
11,2,4,139,142,0,0,5,0,286,562,FINAL (ENTRADA MANUAL)
11,2,5,126,134,0,0,5,0,265,562,FINAL (ENTRADA MANUAL)
11,2,6,121,144,0,0,8,0,273,560,FINAL (ENTRADA MANUAL)
11,3,1,106,121,0,0,4,0,231,563,FINAL (ENTRADA MANUAL)
11,3,2,131,137,0,0,1,0,269,563,FINAL (ENTRADA MANUAL)
11,3,3,154,118,0,0,3,0,275,562,FINAL (ENTRADA MANUAL)
11,4,1,122,125,0,0,3,0,250,494,FINAL (ENTRADA MANUAL)
11,4,2,106,144,0,0,6,0,256,494,FINAL (ENTRADA MANUAL)
11,4,3,112,119,1,0,5,0,237,494,FINAL (ENTRADA MANUAL)
11,4,4,107,140,0,0,17,0,264,494,FINAL (ENTRADA MANUAL)
11,4,5,103,137,0,0,1,0,241,492,FINAL (ENTRADA MANUAL)
11,5,1,144,111,0,0,7,0,262,636,FINAL (ENTRADA MANUAL)
11,5,2,122,128,0,0,5,0,255,636,FINAL (ENTRADA MANUAL)
11,5,3,91,94,0,0,11,0,196,636,FINAL (ENTRADA MANUAL)
11,5,4,106,125,0,0,7,0,238,636,FINAL (ENTRADA MANUAL)
11,5,5,129,131,0,0,7,0,267,636,FINAL (ENTRADA MANUAL)
11,5,6,99,135,0,0,22,0,256,635,FINAL (ENTRADA MANUAL)
11,6,1,140,172,1,0,2,0,315,495,FINAL (ENTRADA MANUAL)
11,6,2,128,171,0,0,1,0,300,495,FINAL (ENTRADA MANUAL)
11,6,3,129,168,0,0,0,0,297,495,FINAL (ENTRADA MANUAL)
11,6,4,135,157,1,0,3,0,296,496,FINAL (ENTRADA MANUAL)
11,7,1,86,109,0,0,4,0,199,436,FINAL (ENTRADA MANUAL)
11,7,2,79,102,2,0,2,0,185,436,FINAL (ENTRADA MANUAL)
11,7,3,80,107,0,0,10,0,197,435,FINAL (ENTRADA MANUAL)
11,8,1,159,136,0,0,3,0,298,527,FINAL (ENTRADA MANUAL)
11,8,2,153,156,0,0,4,0,313,527,FINAL (ENTRADA MANUAL)
11,8,3,126,116,0,0,19,0,261,527,FINAL (ENTRADA MANUAL)
11,9,1,128,149,1,0,6,0,284,588,FINAL (ENTRADA MANUAL)
11,9,2,139,156,0,0,0,0,295,588,FINAL (ENTRADA MANUAL)
11,9,3,138,146,0,0,13,0,297,588,FINAL (ENTRADA MANUAL)
11,9,4,127,126,0,0,8,0,261,588,FINAL (ENTRADA MANUAL)
11,9,5,151,130,0,0,0,0,281,586,FINAL (ENTRADA MANUAL)
11,10,1,96,150,1,0,1,0,248,596,FINAL (ENTRADA MANUAL)
11,10,2,135,106,0,0,14,0,255,596,FINAL (ENTRADA MANUAL)
11,10,3,139,133,0,0,7,0,279,597,FINAL (ENTRADA MANUAL)
11,11,1,122,150,0,0,4,0,276,613,FINAL (ENTRADA MANUAL)
11,11,2,127,151,0,0,5,0,283,613,FINAL (ENTRADA MANUAL)
11,11,3,129,145,0,0,3,0,277,612,FINAL (ENTRADA MANUAL)
11,12,1,110,144,0,0,16,0,270,600,FINAL (ENTRADA MANUAL)
11,12,2,118,142,1,3,14,0,259,600,FINAL (ENTRADA MANUAL)
11,12,3,101,143,0,0,16,0,260,601,FINAL (ENTRADA MANUAL)
11,13,1,127,179,0,0,1,0,307,650,FINAL (ENTRADA MANUAL)
11,13,2,143,149,0,0,4,0,296,649,FINAL (ENTRADA MANUAL)
11,14,1,111,141,0,0,9,0,261,515,FINAL (ENTRADA MANUAL)
11,14,2,107,118,0,0,4,0,229,515,FINAL (ENTRADA MANUAL)
11,14,3,92,133,0,0,23,0,248,515,FINAL (ENTRADA MANUAL)
11,14,4,84,136,0,0,7,0,227,516,FINAL (ENTRADA MANUAL)
11,15,1,84,120,0,0,3,0,207,522,FINAL (ENTRADA MANUAL)
11,15,2,89,107,0,0,5,0,201,522,FINAL (ENTRADA MANUAL)
11,15,3,81,96,0,0,20,0,197,522,FINAL (ENTRADA MANUAL)
11,15,4,86,103,0,0,11,0,200,522,FINAL (ENTRADA MANUAL)
11,15,5,87,104,0,0,2,0,193,522,FINAL (ENTRADA MANUAL)
11,15,6,85,124,0,0,6,0,215,519,FINAL (ENTRADA MANUAL)
11,16,1,131,151,1,0,12,0,295,628,FINAL (ENTRADA MANUAL)
11,16,2,117,148,0,0,10,0,275,628,FINAL (ENTRADA MANUAL)
11,16,3,134,147,0,0,7,0,288,628,FINAL (ENTRADA MANUAL)
11,16,4,98,130,1,0,17,0,246,628,FINAL (ENTRADA MANUAL)
11,16,5,116,146,0,0,20,0,282,628,FINAL (ENTRADA MANUAL)
11,16,6,115,112,0,0,4,0,231,629,FINAL (ENTRADA MANUAL)
11,17,1,96,124,0,0,6,0,226,532,FINAL (ENTRADA MANUAL)
11,17,2,89,124,0,0,11,0,224,531,FINAL (ENTRADA MANUAL)
11,18,1,143,155,0,0,2,0,300,583,FINAL (ENTRADA MANUAL)
11,18,2,158,148,0,0,7,0,313,583,FINAL (ENTRADA MANUAL)
11,18,3,121,143,0,0,16,0,280,583,FINAL (ENTRADA MANUAL)
11,18,4,153,144,0,0,3,0,300,583,FINAL (ENTRADA MANUAL)
11,19,1,77,83,0,0,0,0,160,385,FINAL (ENTRADA MANUAL)
11,19,2,59,84,1,0,2,0,146,385,FINAL (ENTRADA MANUAL)
11,20,1,131,152,0,0,7,0,290,547,FINAL (ENTRADA MANUAL)
11,20,2,103,131,0,0,4,0,238,547,FINAL (ENTRADA MANUAL)
11,20,3,124,129,0,0,6,0,259,547,FINAL (ENTRADA MANUAL)
11,20,4,124,139,0,0,4,0,267,547,FINAL (ENTRADA MANUAL)
11,20,5,116,148,0,0,9,0,273,548,FINAL (ENTRADA MANUAL)
11,21,1,121,153,0,0,0,0,274,514,FINAL (ENTRADA MANUAL)
11,21,2,101,111,0,0,28,0,240,514,FINAL (ENTRADA MANUAL)
11,21,3,118,144,1,0,3,0,266,514,FINAL (ENTRADA MANUAL)
11,21,4,107,118,1,0,1,0,227,516,FINAL (ENTRADA MANUAL)
11,22,1,102,149,0,0,12,0,263,525,FINAL (ENTRADA MANUAL)
11,22,2,130,147,1,0,7,0,285,525,FINAL (ENTRADA MANUAL)
11,22,3,127,135,0,0,4,0,266,525,FINAL (ENTRADA MANUAL)
11,22,4,99,163,0,0,3,0,265,525,FINAL (ENTRADA MANUAL)
11,22,5,107,150,0,0,6,0,263,526,FINAL (ENTRADA MANUAL)
11,23,1,92,117,0,0,13,0,222,464,FINAL (ENTRADA MANUAL)
11,23,2,110,117,0,0,8,0,235,464,FINAL (ENTRADA MANUAL)
11,24,1,118,145,0,0,9,0,272,570,FINAL (ENTRADA MANUAL)
11,24,2,120,152,0,0,8,0,280,571,FINAL (ENTRADA MANUAL)
11,25,1,125,125,0,0,3,0,253,522,FINAL (ENTRADA MANUAL)
11,25,2,104,146,0,0,4,0,254,522,FINAL (ENTRADA MANUAL)
11,25,3,100,149,0,0,3,0,252,522,FINAL (ENTRADA MANUAL)
11,25,4,118,144,0,0,4,0,266,522,FINAL (ENTRADA MANUAL)
11,25,5,89,146,0,0,2,0,237,524,FINAL (ENTRADA MANUAL)
11,26,1,104,150,0,0,4,0,258,551,FINAL (ENTRADA MANUAL)
11,26,2,123,132,0,0,8,0,263,551,FINAL (ENTRADA MANUAL)
11,26,3,110,138,0,0,5,0,253,551,FINAL (ENTRADA MANUAL)
11,26,4,134,137,0,0,6,0,277,551,FINAL (ENTRADA MANUAL)
11,26,5,125,118,0,0,9,0,252,552,FINAL (ENTRADA MANUAL)
11,74,1,25,39,0,0,0,0,64,0,FINAL (ENTRADA MANUAL)
11,74,2,36,35,1,0,6,0,78,0,FINAL (ENTRADA MANUAL)
11,74,3,31,43,0,0,1,0,75,0,FINAL (ENTRADA MANUAL)
11,74,4,47,32,0,0,0,0,79,0,FINAL (ENTRADA MANUAL)
11,75,1,0,0,0,0,0,0,0,0,FINAL (ENTRADA MANUAL)
11,75,2,95,123,0,0,2,5,225,0,FINAL (ENTRADA MANUAL)
11,77,1,456,582,0,0,1,0,1039,0,FINAL (ENTRADA MANUAL)
11,77,2,285,450,0,0,3,0,738,0,FINAL (ENTRADA MANUAL)
11,77,3,28,31,0,0,0,0,59,0,FINAL (ENTRADA MANUAL)
11,77,5,0,0,0,0,0,0,0,0,FINAL (ENTRADA MANUAL)
11,78,1,0,0,0,0,0,0,0,0,FINAL (ENTRADA MANUAL)
11,78,2,0,1,0,0,0,0,1,0,FINAL (ENTRADA MANUAL)
11,78,3,111,192,0,0,8,2,313,0,FINAL (ENTRADA MANUAL)
12,1,1,77,149,0,0,3,0,229,490,FINAL (ENTRADA MANUAL)
12,1,2,81,123,0,0,4,0,208,489,FINAL (ENTRADA MANUAL)
12,2,1,129,124,0,0,7,0,260,520,FINAL (ENTRADA MANUAL)
12,2,2,119,137,0,0,3,0,259,520,FINAL (ENTRADA MANUAL)
12,2,3,123,162,0,0,4,0,289,520,FINAL (ENTRADA MANUAL)
12,2,4,122,120,0,0,1,0,243,520,FINAL (ENTRADA MANUAL)
12,2,5,134,146,1,0,7,0,288,521,FINAL (ENTRADA MANUAL)
12,3,1,114,144,0,0,3,0,261,493,FINAL (ENTRADA MANUAL)
12,3,2,142,119,0,0,3,0,264,493,FINAL (ENTRADA MANUAL)
12,3,3,99,139,0,0,15,0,253,493,FINAL (ENTRADA MANUAL)
12,3,4,124,131,0,0,12,0,267,492,FINAL (ENTRADA MANUAL)
12,4,1,143,110,2,0,14,0,269,520,FINAL (ENTRADA MANUAL)
12,4,2,97,142,0,0,4,0,243,520,FINAL (ENTRADA MANUAL)
12,4,3,124,116,0,0,4,0,244,520,FINAL (ENTRADA MANUAL)
12,4,4,96,149,0,0,3,0,248,520,FINAL (ENTRADA MANUAL)
12,4,5,116,135,0,0,7,0,258,520,FINAL (ENTRADA MANUAL)
12,4,6,145,123,0,0,7,0,275,517,FINAL (ENTRADA MANUAL)
12,5,1,97,123,0,0,21,0,241,512,FINAL (ENTRADA MANUAL)
12,5,2,89,134,0,0,3,0,226,512,FINAL (ENTRADA MANUAL)
12,6,1,147,146,1,0,4,0,298,572,FINAL (ENTRADA MANUAL)
12,6,2,132,135,0,0,5,0,272,572,FINAL (ENTRADA MANUAL)
12,6,3,119,155,0,0,4,0,278,573,FINAL (ENTRADA MANUAL)
12,74,1,42,39,0,0,0,0,81,0,FINAL (ENTRADA MANUAL)
12,74,2,0,0,0,0,0,0,0,0,FINAL (ENTRADA MANUAL)
12,75,1,0,0,0,0,1,0,1,0,FINAL (ENTRADA MANUAL)
12,77,1,0,0,0,0,0,0,0,0,FINAL (ENTRADA MANUAL)
12,77,2,0,0,0,0,0,0,0,0,FINAL (ENTRADA MANUAL)
12,77,3,320,256,0,0,10,0,586,0,FINAL (ENTRADA MANUAL)
12,77,5,0,0,0,0,0,0,0,0,FINAL (ENTRADA MANUAL)
12,78,1,16,19,0,0,1,0,36,0,FINAL (ENTRADA MANUAL)
12,78,2,0,0,0,0,0,0,0,0,FINAL (ENTRADA MANUAL)
12,78,3,0,0,0,0,0,0,0,0,FINAL (ENTRADA MANUAL)
13,1,1,94,130,0,0,3,0,227,511,FINAL (ENTRADA MANUAL)
13,1,2,91,108,0,0,4,0,203,511,FINAL (ENTRADA MANUAL)
13,1,3,94,136,1,0,2,0,233,511,FINAL (ENTRADA MANUAL)
13,1,4,86,114,0,0,17,0,217,511,FINAL (ENTRADA MANUAL)
13,1,5,92,116,0,0,1,0,209,511,FINAL (ENTRADA MANUAL)
13,2,1,129,112,0,0,5,0,246,606,FINAL (ENTRADA MANUAL)
13,2,2,147,120,0,0,3,0,270,606,FINAL (ENTRADA MANUAL)
13,2,3,97,120,0,0,22,0,239,606,FINAL (ENTRADA MANUAL)
13,2,4,107,126,1,0,22,0,256,604,FINAL (ENTRADA MANUAL)
13,3,1,135,110,1,0,2,0,248,533,FINAL (ENTRADA MANUAL)
13,3,2,121,123,0,0,6,0,249,533,FINAL (ENTRADA MANUAL)
13,3,3,94,140,0,0,3,0,237,533,FINAL (ENTRADA MANUAL)
13,3,4,101,125,0,0,1,1,228,533,FINAL (ENTRADA MANUAL)
13,3,5,94,110,0,0,25,0,229,533,FINAL (ENTRADA MANUAL)
13,3,6,106,115,0,0,4,0,225,533,FINAL (ENTRADA MANUAL)
13,3,7,105,145,0,0,10,0,260,533,FINAL (ENTRADA MANUAL)
13,4,1,152,119,0,0,1,0,272,516,FINAL (ENTRADA MANUAL)
13,4,2,140,134,0,0,2,0,276,516,FINAL (ENTRADA MANUAL)
13,4,3,127,119,2,0,2,0,250,516,FINAL (ENTRADA MANUAL)
13,4,4,138,126,2,0,12,0,278,516,FINAL (ENTRADA MANUAL)
13,4,5,133,128,0,0,2,0,263,516,FINAL (ENTRADA MANUAL)
13,4,6,141,141,1,0,1,0,284,516,FINAL (ENTRADA MANUAL)
13,4,7,134,125,0,0,13,0,272,513,FINAL (ENTRADA MANUAL)
13,5,1,153,104,0,0,1,0,258,570,FINAL (ENTRADA MANUAL)
13,5,2,143,144,0,0,7,0,294,570,FINAL (ENTRADA MANUAL)
13,5,3,143,129,0,0,8,0,280,570,FINAL (ENTRADA MANUAL)
13,5,4,153,131,0,0,2,0,286,570,FINAL (ENTRADA MANUAL)
13,5,5,137,140,0,0,3,0,280,570,FINAL (ENTRADA MANUAL)
13,6,1,110,139,0,0,19,0,268,623,FINAL (ENTRADA MANUAL)
13,6,2,119,125,0,0,11,0,255,623,FINAL (ENTRADA MANUAL)
13,6,3,120,120,0,0,3,0,243,623,FINAL (ENTRADA MANUAL)
13,6,4,129,136,0,0,26,0,291,623,FINAL (ENTRADA MANUAL)
13,6,5,141,129,0,0,8,0,278,623,FINAL (ENTRADA MANUAL)
13,6,6,128,120,0,0,14,0,262,621,FINAL (ENTRADA MANUAL)
13,7,1,112,132,0,0,6,0,250,514,FINAL (ENTRADA MANUAL)
13,7,2,133,140,0,0,2,0,275,514,FINAL (ENTRADA MANUAL)
13,7,3,106,139,0,0,6,0,251,514,FINAL (ENTRADA MANUAL)
13,7,4,102,139,0,0,14,0,255,514,FINAL (ENTRADA MANUAL)
13,7,5,103,126,0,0,19,0,248,514,FINAL (ENTRADA MANUAL)
13,7,6,107,155,1,0,2,0,265,515,FINAL (ENTRADA MANUAL)
13,8,1,127,137,0,0,2,0,266,565,FINAL (ENTRADA MANUAL)
13,8,2,161,117,0,0,1,0,279,565,FINAL (ENTRADA MANUAL)
13,8,3,139,108,0,0,20,0,267,566,FINAL (ENTRADA MANUAL)
13,9,1,108,143,0,0,4,0,255,608,FINAL (ENTRADA MANUAL)
13,9,2,109,132,0,0,3,0,244,608,FINAL (ENTRADA MANUAL)
13,9,3,96,139,0,0,15,0,250,609,FINAL (ENTRADA MANUAL)
13,10,1,109,124,0,0,5,0,238,539,FINAL (ENTRADA MANUAL)
13,10,2,93,127,0,0,8,0,228,539,FINAL (ENTRADA MANUAL)
13,10,3,103,113,0,0,11,0,227,539,FINAL (ENTRADA MANUAL)
13,10,4,103,134,0,0,3,0,240,539,FINAL (ENTRADA MANUAL)
13,10,5,86,145,0,0,2,0,233,539,FINAL (ENTRADA MANUAL)
13,10,6,84,116,1,0,8,0,209,537,FINAL (ENTRADA MANUAL)
13,11,1,138,138,0,0,2,0,278,520,FINAL (ENTRADA MANUAL)
13,11,2,143,135,0,0,3,0,281,520,FINAL (ENTRADA MANUAL)
13,11,3,159,141,0,0,2,0,302,520,FINAL (ENTRADA MANUAL)
13,11,4,147,136,0,0,4,0,287,520,FINAL (ENTRADA MANUAL)
13,11,5,152,111,0,0,4,0,267,520,FINAL (ENTRADA MANUAL)
13,11,6,159,120,1,0,1,0,281,520,FINAL (ENTRADA MANUAL)
13,11,7,136,118,0,0,2,0,256,520,FINAL (ENTRADA MANUAL)
13,11,8,147,111,0,0,6,0,264,520,FINAL (ENTRADA MANUAL)
13,11,9,148,105,2,0,3,0,258,520,FINAL (ENTRADA MANUAL)
13,11,10,134,119,0,0,7,0,260,520,FINAL (ENTRADA MANUAL)
13,11,11,159,147,0,0,8,0,314,524,FINAL (ENTRADA MANUAL)
13,12,1,141,108,0,0,8,0,257,538,FINAL (ENTRADA MANUAL)
13,12,2,104,132,0,0,5,0,241,538,FINAL (ENTRADA MANUAL)
13,12,3,110,113,1,0,24,0,248,539,FINAL (ENTRADA MANUAL)
13,13,1,116,139,0,0,2,0,257,595,FINAL (ENTRADA MANUAL)
13,13,2,120,158,0,0,4,0,282,595,FINAL (ENTRADA MANUAL)
13,13,3,131,135,0,0,27,0,293,595,FINAL (ENTRADA MANUAL)
13,13,4,119,167,0,0,1,0,287,595,FINAL (ENTRADA MANUAL)
13,13,5,114,141,0,0,20,0,275,593,FINAL (ENTRADA MANUAL)
13,14,1,152,194,1,0,1,0,348,563,FINAL (ENTRADA MANUAL)
13,14,2,163,168,1,0,15,0,347,563,FINAL (ENTRADA MANUAL)
13,14,3,164,165,0,0,6,0,335,563,FINAL (ENTRADA MANUAL)
13,14,4,127,169,0,0,3,0,299,563,FINAL (ENTRADA MANUAL)
13,14,5,134,179,0,0,11,0,324,562,FINAL (ENTRADA MANUAL)
13,74,1,27,57,0,0,1,0,85,0,FINAL (ENTRADA MANUAL)
13,74,2,25,50,0,0,6,0,81,0,FINAL (ENTRADA MANUAL)
13,74,3,32,53,0,0,2,0,87,0,FINAL (ENTRADA MANUAL)
13,74,4,50,47,0,0,8,0,105,0,FINAL (ENTRADA MANUAL)
13,74,5,42,55,0,0,1,0,98,0,FINAL (ENTRADA MANUAL)
13,74,6,44,52,0,0,3,0,99,0,FINAL (ENTRADA MANUAL)
13,74,7,48,46,0,0,3,0,97,0,FINAL (ENTRADA MANUAL)
13,74,8,39,34,0,0,0,0,73,0,FINAL (ENTRADA MANUAL)
13,74,9,35,33,0,0,6,0,74,0,FINAL (ENTRADA MANUAL)
13,74,10,0,0,0,0,0,0,0,0,FINAL (ENTRADA MANUAL)
13,74,11,0,0,0,0,0,0,0,0,FINAL (ENTRADA MANUAL)
13,75,1,63,62,0,0,4,0,129,0,FINAL (ENTRADA MANUAL)
13,77,1,385,523,0,0,0,0,908,0,FINAL (ENTRADA MANUAL)
13,77,2,242,274,0,0,0,0,516,0,FINAL (ENTRADA MANUAL)
13,77,3,364,442,0,0,29,18,853,0,FINAL (ENTRADA MANUAL)
13,77,5,0,0,0,0,0,0,0,0,FINAL (ENTRADA MANUAL)
13,78,1,25,49,0,0,1,0,75,0,FINAL (ENTRADA MANUAL)
13,78,2,0,0,0,0,0,0,0,0,FINAL (ENTRADA MANUAL)
13,78,3,0,0,0,0,0,0,0,0,FINAL (ENTRADA MANUAL)
14,1,1,117,134,0,0,27,0,278,540,FINAL (ENTRADA MANUAL)
14,1,2,103,144,0,0,7,0,254,540,FINAL (ENTRADA MANUAL)
14,1,3,111,139,0,0,5,0,255,540,FINAL (ENTRADA MANUAL)
14,1,4,120,142,0,0,4,0,266,542,FINAL (ENTRADA MANUAL)
14,2,1,111,140,0,0,5,0,256,570,FINAL (ENTRADA MANUAL)
14,2,2,123,118,0,0,23,0,264,570,FINAL (ENTRADA MANUAL)
14,2,3,108,142,0,0,5,0,255,570,FINAL (ENTRADA MANUAL)
14,2,4,116,149,1,0,3,0,269,569,FINAL (ENTRADA MANUAL)
14,3,1,83,131,0,0,13,0,227,577,FINAL (ENTRADA MANUAL)
14,3,2,76,130,0,0,3,0,209,577,FINAL (ENTRADA MANUAL)
14,3,3,84,122,0,0,21,0,227,577,FINAL (ENTRADA MANUAL)
14,3,4,76,131,0,0,6,0,213,577,FINAL (ENTRADA MANUAL)
14,3,5,85,135,0,0,3,0,223,577,FINAL (ENTRADA MANUAL)
14,3,6,99,136,0,0,2,0,237,577,FINAL (ENTRADA MANUAL)
14,3,7,88,140,0,0,9,0,237,577,FINAL (ENTRADA MANUAL)
14,4,1,120,132,0,0,6,0,258,517,FINAL (ENTRADA MANUAL)
14,4,2,120,118,0,0,6,0,244,517,FINAL (ENTRADA MANUAL)
14,4,3,127,117,0,0,1,0,245,517,FINAL (ENTRADA MANUAL)
14,4,4,121,140,0,0,5,0,266,517,FINAL (ENTRADA MANUAL)
14,4,5,121,135,0,0,10,0,266,519,FINAL (ENTRADA MANUAL)
14,5,1,73,115,0,0,45,0,233,588,FINAL (ENTRADA MANUAL)
14,5,2,94,92,0,0,48,0,234,588,FINAL (ENTRADA MANUAL)
14,6,1,188,151,0,0,6,0,345,563,FINAL (ENTRADA MANUAL)
14,6,2,143,163,0,0,14,0,320,563,FINAL (ENTRADA MANUAL)
14,7,1,110,126,0,0,4,0,240,422,FINAL (ENTRADA MANUAL)
14,7,2,84,132,0,0,4,0,220,422,FINAL (ENTRADA MANUAL)
14,7,3,102,111,0,0,5,0,218,421,FINAL (ENTRADA MANUAL)
14,8,1,120,151,0,0,9,0,280,600,FINAL (ENTRADA MANUAL)
14,8,2,93,151,0,0,8,0,252,600,FINAL (ENTRADA MANUAL)
14,8,3,91,140,0,0,14,0,245,600,FINAL (ENTRADA MANUAL)
14,8,4,114,146,0,0,12,0,272,600,FINAL (ENTRADA MANUAL)
14,8,5,114,128,0,0,10,0,252,600,FINAL (ENTRADA MANUAL)
14,8,6,117,143,0,0,6,0,266,600,FINAL (ENTRADA MANUAL)
14,8,7,119,142,0,0,8,0,269,600,FINAL (ENTRADA MANUAL)
14,8,8,105,119,1,0,2,0,227,604,FINAL (ENTRADA MANUAL)
14,9,1,123,151,0,0,5,0,279,637,FINAL (ENTRADA MANUAL)
14,9,2,140,139,0,0,9,0,288,637,FINAL (ENTRADA MANUAL)
14,9,3,131,135,1,0,22,0,289,637,FINAL (ENTRADA MANUAL)
14,9,4,126,125,0,0,27,0,278,637,FINAL (ENTRADA MANUAL)
14,9,5,113,144,0,0,23,0,280,637,FINAL (ENTRADA MANUAL)
14,9,6,112,146,0,0,17,0,275,638,FINAL (ENTRADA MANUAL)
14,10,1,48,51,0,0,2,0,101,180,FINAL (ENTRADA MANUAL)
14,11,1,74,114,0,0,3,0,191,493,FINAL (ENTRADA MANUAL)
14,11,2,84,118,0,0,12,0,214,493,FINAL (ENTRADA MANUAL)
14,11,3,63,116,0,0,11,0,190,493,FINAL (ENTRADA MANUAL)
14,12,1,90,144,0,0,9,0,243,629,FINAL (ENTRADA MANUAL)
14,12,2,115,124,0,0,13,0,252,629,FINAL (ENTRADA MANUAL)
14,12,3,101,178,1,0,4,0,284,629,FINAL (ENTRADA MANUAL)
14,12,4,96,149,0,0,11,0,256,629,FINAL (ENTRADA MANUAL)
14,12,5,105,132,0,0,7,0,244,629,FINAL (ENTRADA MANUAL)
14,12,6,95,141,0,0,5,0,241,629,FINAL (ENTRADA MANUAL)
14,12,7,88,137,0,0,10,0,235,629,FINAL (ENTRADA MANUAL)
14,12,8,97,137,0,0,9,0,243,628,FINAL (ENTRADA MANUAL)
14,13,1,126,139,0,0,3,0,268,522,FINAL (ENTRADA MANUAL)
14,13,2,131,122,0,0,7,0,260,522,FINAL (ENTRADA MANUAL)
14,13,3,130,131,0,0,3,0,264,522,FINAL (ENTRADA MANUAL)
14,13,4,132,132,0,0,2,0,266,522,FINAL (ENTRADA MANUAL)
14,13,5,105,134,0,0,6,0,245,522,FINAL (ENTRADA MANUAL)
14,13,6,100,136,0,0,4,0,240,521,FINAL (ENTRADA MANUAL)
14,14,1,104,88,0,0,7,0,199,436,FINAL (ENTRADA MANUAL)
14,14,2,96,93,0,0,3,0,192,436,FINAL (ENTRADA MANUAL)
14,14,3,108,90,0,0,8,0,206,437,FINAL (ENTRADA MANUAL)
14,15,1,96,137,0,0,7,0,240,645,FINAL (ENTRADA MANUAL)
14,15,2,87,109,1,0,4,0,201,645,FINAL (ENTRADA MANUAL)
14,15,3,102,133,0,0,10,0,245,645,FINAL (ENTRADA MANUAL)
14,15,4,108,132,0,0,4,0,244,645,FINAL (ENTRADA MANUAL)
14,15,5,104,128,0,0,10,0,242,645,FINAL (ENTRADA MANUAL)
14,15,6,101,92,0,0,13,0,206,646,FINAL (ENTRADA MANUAL)
14,16,1,87,121,0,0,7,0,215,425,FINAL (ENTRADA MANUAL)
14,16,2,107,117,0,0,14,0,238,425,FINAL (ENTRADA MANUAL)
14,17,1,104,121,0,0,6,0,231,638,FINAL (ENTRADA MANUAL)
14,17,2,128,137,0,0,5,0,270,638,FINAL (ENTRADA MANUAL)
14,17,3,121,141,0,0,16,0,278,638,FINAL (ENTRADA MANUAL)
14,17,4,107,142,0,0,6,0,255,638,FINAL (ENTRADA MANUAL)
14,17,5,99,142,0,0,19,0,260,638,FINAL (ENTRADA MANUAL)
14,17,6,113,111,0,0,23,0,247,637,FINAL (ENTRADA MANUAL)
14,18,1,101,129,1,0,9,0,240,561,FINAL (ENTRADA MANUAL)
14,18,2,118,97,0,0,9,0,224,561,FINAL (ENTRADA MANUAL)
14,18,3,98,115,0,0,10,0,223,561,FINAL (ENTRADA MANUAL)
14,18,4,74,112,0,0,15,0,201,561,FINAL (ENTRADA MANUAL)
14,18,5,97,119,0,0,12,0,228,559,FINAL (ENTRADA MANUAL)
14,19,1,121,137,2,0,10,0,270,551,FINAL (ENTRADA MANUAL)
14,19,2,135,156,0,0,5,0,296,551,FINAL (ENTRADA MANUAL)
14,19,3,127,137,1,0,3,0,268,551,FINAL (ENTRADA MANUAL)
14,19,4,120,126,1,0,8,0,255,551,FINAL (ENTRADA MANUAL)
14,19,5,121,156,0,0,7,0,284,549,FINAL (ENTRADA MANUAL)
14,20,1,132,166,0,0,2,0,300,554,FINAL (ENTRADA MANUAL)
14,20,2,118,139,0,0,7,0,264,554,FINAL (ENTRADA MANUAL)
14,20,3,111,109,0,0,2,0,222,554,FINAL (ENTRADA MANUAL)
14,20,4,111,122,0,0,1,0,234,554,FINAL (ENTRADA MANUAL)
14,20,5,126,126,0,0,3,0,255,554,FINAL (ENTRADA MANUAL)
14,20,6,125,122,0,0,6,0,253,554,FINAL (ENTRADA MANUAL)
14,20,7,107,129,0,0,15,0,251,554,FINAL (ENTRADA MANUAL)
14,20,8,136,133,1,0,2,0,272,554,FINAL (ENTRADA MANUAL)
14,20,9,102,121,1,0,9,0,233,556,FINAL (ENTRADA MANUAL)
14,74,1,15,103,0,0,6,0,124,0,FINAL (ENTRADA MANUAL)
14,74,2,23,58,0,0,11,0,92,0,FINAL (ENTRADA MANUAL)
14,74,3,6,15,0,0,9,0,30,0,FINAL (ENTRADA MANUAL)
14,74,4,38,64,0,0,10,0,112,0,FINAL (ENTRADA MANUAL)
14,74,5,27,52,0,0,1,0,80,0,FINAL (ENTRADA MANUAL)
14,74,6,26,38,0,0,3,0,67,0,FINAL (ENTRADA MANUAL)
14,74,7,9,35,0,0,16,0,60,0,FINAL (ENTRADA MANUAL)
14,74,8,38,46,0,0,1,0,85,0,FINAL (ENTRADA MANUAL)
14,74,9,24,53,0,0,6,0,83,0,FINAL (ENTRADA MANUAL)
14,74,10,38,40,0,0,0,0,78,0,FINAL (ENTRADA MANUAL)
14,74,11,18,55,0,0,19,0,92,0,FINAL (ENTRADA MANUAL)
14,74,12,22,47,0,0,27,0,96,0,FINAL (ENTRADA MANUAL)
14,74,13,33,47,0,0,12,0,92,0,FINAL (ENTRADA MANUAL)
14,74,14,10,22,0,0,2,0,34,0,FINAL (ENTRADA MANUAL)
14,74,15,11,39,0,0,11,0,61,0,FINAL (ENTRADA MANUAL)
14,74,16,8,50,0,0,1,0,59,0,FINAL (ENTRADA MANUAL)
14,74,17,16,22,0,0,2,0,40,0,FINAL (ENTRADA MANUAL)
14,74,18,30,29,0,0,0,0,59,0,FINAL (ENTRADA MANUAL)
14,74,19,15,67,1,0,2,0,85,0,FINAL (ENTRADA MANUAL)
14,74,20,21,43,0,0,5,0,69,0,FINAL (ENTRADA MANUAL)
14,74,21,25,35,0,0,1,0,61,0,FINAL (ENTRADA MANUAL)
14,74,22,36,61,0,0,3,0,100,0,FINAL (ENTRADA MANUAL)
14,74,23,0,0,0,0,0,0,0,0,FINAL (ENTRADA MANUAL)
14,74,24,0,0,0,0,0,0,0,0,FINAL (ENTRADA MANUAL)
14,74,25,0,0,0,0,0,0,0,0,FINAL (ENTRADA MANUAL)
14,75,1,55,70,0,0,4,4,133,0,FINAL (ENTRADA MANUAL)
14,77,1,331,349,0,0,0,0,680,0,FINAL (ENTRADA MANUAL)
14,77,2,240,255,0,0,0,0,495,0,FINAL (ENTRADA MANUAL)
14,77,3,0,1,0,0,0,0,1,0,FINAL (ENTRADA MANUAL)
14,77,5,0,0,0,0,0,0,0,0,FINAL (ENTRADA MANUAL)
14,78,1,58,113,0,0,5,0,176,0,FINAL (ENTRADA MANUAL)
14,78,2,0,1,0,0,0,0,1,0,FINAL (ENTRADA MANUAL)
14,78,3,0,0,0,0,0,0,0,0,FINAL (ENTRADA MANUAL)
15,1,1,113,170,1,0,4,0,288,482,FINAL (ENTRADA MANUAL)
15,1,2,102,142,0,0,9,0,253,482,FINAL (ENTRADA MANUAL)
15,1,3,106,141,1,0,8,0,256,482,FINAL (ENTRADA MANUAL)
15,1,4,116,148,0,0,3,0,267,482,FINAL (ENTRADA MANUAL)
15,1,5,147,139,0,0,4,0,290,482,FINAL (ENTRADA MANUAL)
15,1,6,113,121,1,0,11,0,246,481,FINAL (ENTRADA MANUAL)
15,2,1,131,114,0,0,3,0,248,475,FINAL (ENTRADA MANUAL)
15,2,2,118,125,1,0,1,0,245,475,FINAL (ENTRADA MANUAL)
15,2,3,117,135,0,0,1,0,253,475,FINAL (ENTRADA MANUAL)
15,2,4,141,134,0,0,2,0,277,474,FINAL (ENTRADA MANUAL)
15,3,1,137,116,0,0,6,0,259,512,FINAL (ENTRADA MANUAL)
15,3,2,116,141,1,0,1,0,259,512,FINAL (ENTRADA MANUAL)
15,3,3,123,98,0,0,28,0,249,512,FINAL (ENTRADA MANUAL)
15,3,4,125,106,0,0,12,0,243,512,FINAL (ENTRADA MANUAL)
15,3,5,106,109,0,0,24,0,239,511,FINAL (ENTRADA MANUAL)
15,4,1,129,145,1,0,3,0,278,549,FINAL (ENTRADA MANUAL)
15,4,2,134,123,1,0,9,0,267,549,FINAL (ENTRADA MANUAL)
15,4,3,105,165,0,0,6,0,276,549,FINAL (ENTRADA MANUAL)
15,4,4,120,148,0,0,4,0,272,549,FINAL (ENTRADA MANUAL)
15,4,5,119,123,0,0,9,0,251,549,FINAL (ENTRADA MANUAL)
15,4,6,115,155,0,0,5,0,275,549,FINAL (ENTRADA MANUAL)
15,4,7,120,137,0,0,10,0,267,549,FINAL (ENTRADA MANUAL)
15,5,1,102,139,1,0,4,0,246,537,FINAL (ENTRADA MANUAL)
15,5,2,108,123,0,0,13,0,244,537,FINAL (ENTRADA MANUAL)
15,5,3,93,104,0,0,3,0,200,537,FINAL (ENTRADA MANUAL)
15,5,4,100,138,0,0,7,0,245,537,FINAL (ENTRADA MANUAL)
15,5,5,106,107,0,0,3,0,216,537,FINAL (ENTRADA MANUAL)
15,5,6,107,126,0,0,6,0,239,537,FINAL (ENTRADA MANUAL)
15,5,7,112,108,0,0,6,0,226,537,FINAL (ENTRADA MANUAL)
15,5,8,119,108,0,0,1,0,228,537,FINAL (ENTRADA MANUAL)
15,5,9,112,129,0,0,9,0,250,535,FINAL (ENTRADA MANUAL)
15,6,1,140,121,0,0,2,0,263,528,FINAL (ENTRADA MANUAL)
15,6,2,127,109,0,0,6,0,242,528,FINAL (ENTRADA MANUAL)
15,6,3,107,123,2,0,1,0,233,528,FINAL (ENTRADA MANUAL)
15,6,4,125,113,0,0,7,0,245,528,FINAL (ENTRADA MANUAL)
15,6,5,140,110,0,0,4,0,254,528,FINAL (ENTRADA MANUAL)
15,6,6,116,106,0,0,13,0,235,528,FINAL (ENTRADA MANUAL)
15,6,7,114,149,1,0,4,0,268,528,FINAL (ENTRADA MANUAL)
15,6,8,128,110,1,0,0,0,239,532,FINAL (ENTRADA MANUAL)
15,7,1,157,119,0,0,14,0,290,556,FINAL (ENTRADA MANUAL)
15,7,2,141,128,1,0,4,0,274,556,FINAL (ENTRADA MANUAL)
15,7,3,140,140,0,0,1,0,281,556,FINAL (ENTRADA MANUAL)
15,7,4,125,117,0,0,7,0,249,556,FINAL (ENTRADA MANUAL)
15,7,5,153,129,1,0,4,0,287,556,FINAL (ENTRADA MANUAL)
15,7,6,127,118,0,0,5,0,250,556,FINAL (ENTRADA MANUAL)
15,7,7,121,97,0,0,29,0,247,559,FINAL (ENTRADA MANUAL)
15,8,1,117,133,0,0,11,0,261,482,FINAL (ENTRADA MANUAL)
15,8,2,103,124,0,0,36,0,263,482,FINAL (ENTRADA MANUAL)
15,8,3,144,97,0,0,1,0,242,481,FINAL (ENTRADA MANUAL)
15,9,1,75,91,0,0,3,0,169,333,FINAL (ENTRADA MANUAL)
15,9,2,81,83,0,0,5,0,169,333,FINAL (ENTRADA MANUAL)
15,74,1,44,37,0,0,3,0,84,0,FINAL (ENTRADA MANUAL)
15,74,2,18,20,0,0,1,0,39,0,FINAL (ENTRADA MANUAL)
15,74,3,25,37,0,0,6,0,68,0,FINAL (ENTRADA MANUAL)
15,74,4,22,35,0,0,4,0,61,0,FINAL (ENTRADA MANUAL)
15,74,5,40,24,1,0,2,0,67,0,FINAL (ENTRADA MANUAL)
15,74,6,37,21,0,0,9,0,67,0,FINAL (ENTRADA MANUAL)
15,74,7,55,26,0,0,7,0,88,0,FINAL (ENTRADA MANUAL)
15,74,8,55,12,1,0,8,0,76,0,FINAL (ENTRADA MANUAL)
15,74,9,62,13,0,0,1,0,76,0,FINAL (ENTRADA MANUAL)
15,74,10,0,0,0,0,0,0,0,0,FINAL (ENTRADA MANUAL)
15,75,1,7,2,0,0,0,0,9,0,FINAL (ENTRADA MANUAL)
15,77,1,165,171,0,0,0,0,336,0,FINAL (ENTRADA MANUAL)
15,77,2,246,262,0,0,0,0,508,0,FINAL (ENTRADA MANUAL)
15,77,3,11,23,0,0,0,0,34,0,FINAL (ENTRADA MANUAL)
15,77,5,5,11,0,0,0,0,16,0,FINAL (ENTRADA MANUAL)
15,78,1,68,67,0,0,1,2,138,0,FINAL (ENTRADA MANUAL)
15,78,2,0,0,0,0,0,0,0,0,FINAL (ENTRADA MANUAL)
15,78,3,0,0,0,0,0,0,0,0,FINAL (ENTRADA MANUAL)
15,79,1,0,0,0,0,0,0,0,0,FINAL (ENTRADA MANUAL)
15,79,2,0,0,0,0,0,0,0,0,FINAL (ENTRADA MANUAL)
16,1,1,118,109,0,0,13,0,240,466,FINAL (ENTRADA MANUAL)
16,1,2,124,113,0,0,4,0,241,466,FINAL (ENTRADA MANUAL)
16,2,1,142,136,1,0,6,0,285,561,FINAL (ENTRADA MANUAL)
16,2,2,142,135,0,0,0,0,277,561,FINAL (ENTRADA MANUAL)
16,2,3,133,130,0,0,1,0,264,561,FINAL (ENTRADA MANUAL)
16,2,4,113,144,0,0,11,0,268,561,FINAL (ENTRADA MANUAL)
16,2,5,106,160,0,0,2,0,268,559,FINAL (ENTRADA MANUAL)
16,3,1,118,135,0,0,3,0,256,552,FINAL (ENTRADA MANUAL)
16,3,2,136,101,0,0,13,0,250,552,FINAL (ENTRADA MANUAL)
16,3,3,102,110,0,0,16,0,228,553,FINAL (ENTRADA MANUAL)
16,4,1,81,143,0,0,11,0,235,580,FINAL (ENTRADA MANUAL)
16,4,2,90,137,0,0,8,0,235,580,FINAL (ENTRADA MANUAL)
16,4,3,75,126,0,0,11,0,212,580,FINAL (ENTRADA MANUAL)
16,4,4,91,167,0,0,2,0,260,578,FINAL (ENTRADA MANUAL)
16,5,1,107,135,0,0,3,0,249,511,FINAL (ENTRADA MANUAL)
16,5,2,107,136,0,0,2,0,245,511,FINAL (ENTRADA MANUAL)
16,5,3,105,100,0,0,0,0,205,511,FINAL (ENTRADA MANUAL)
16,5,4,117,115,0,0,9,0,241,511,FINAL (ENTRADA MANUAL)
16,5,5,127,141,0,0,3,0,271,511,FINAL (ENTRADA MANUAL)
16,5,6,101,146,0,0,4,0,251,513,FINAL (ENTRADA MANUAL)
16,6,1,81,149,1,0,9,0,240,586,FINAL (ENTRADA MANUAL)
16,6,2,78,142,0,0,25,0,245,585,FINAL (ENTRADA MANUAL)
16,7,1,129,126,0,0,14,0,269,648,FINAL (ENTRADA MANUAL)
16,8,1,129,119,0,0,9,0,257,596,FINAL (ENTRADA MANUAL)
16,8,2,111,144,1,0,14,0,270,596,FINAL (ENTRADA MANUAL)
16,8,3,129,154,0,0,5,0,288,596,FINAL (ENTRADA MANUAL)
16,8,4,130,134,0,0,12,0,276,594,FINAL (ENTRADA MANUAL)
16,9,1,103,127,0,0,0,0,230,540,FINAL (ENTRADA MANUAL)
16,9,2,95,118,0,0,7,0,220,540,FINAL (ENTRADA MANUAL)
16,9,3,92,111,0,0,11,0,214,540,FINAL (ENTRADA MANUAL)
16,9,4,121,92,0,0,11,0,224,542,FINAL (ENTRADA MANUAL)
16,10,1,132,120,1,0,8,0,261,519,FINAL (ENTRADA MANUAL)
16,10,2,101,127,0,0,8,0,236,519,FINAL (ENTRADA MANUAL)
16,74,1,22,41,0,0,1,0,64,0,FINAL (ENTRADA MANUAL)
16,74,2,23,42,0,0,1,0,66,0,FINAL (ENTRADA MANUAL)
16,74,3,37,38,0,0,2,0,77,0,FINAL (ENTRADA MANUAL)
16,74,4,31,44,0,0,2,0,77,0,FINAL (ENTRADA MANUAL)
16,74,5,20,48,0,0,0,0,68,0,FINAL (ENTRADA MANUAL)
16,74,6,22,42,0,0,3,0,67,0,FINAL (ENTRADA MANUAL)
16,75,1,0,2,0,0,0,0,2,0,FINAL (ENTRADA MANUAL)
16,75,2,0,0,0,0,0,0,0,0,FINAL (ENTRADA MANUAL)
16,75,3,0,0,0,0,0,0,0,0,FINAL (ENTRADA MANUAL)
16,77,1,180,229,0,0,0,0,409,0,FINAL (ENTRADA MANUAL)
16,77,2,124,163,0,0,0,0,287,0,FINAL (ENTRADA MANUAL)
16,77,3,0,1,0,0,0,0,1,0,FINAL (ENTRADA MANUAL)
16,77,5,0,0,0,0,0,0,0,0,FINAL (ENTRADA MANUAL)
16,78,1,19,31,0,0,2,0,52,0,FINAL (ENTRADA MANUAL)
16,78,2,1,1,0,0,0,0,2,0,FINAL (ENTRADA MANUAL)
16,78,3,0,0,0,0,0,0,0,0,FINAL (ENTRADA MANUAL)
17,1,1,120,122,0,0,3,0,245,553,FINAL (ENTRADA MANUAL)
17,1,2,103,113,1,0,20,0,237,553,FINAL (ENTRADA MANUAL)
17,1,3,94,120,0,0,6,0,220,554,FINAL (ENTRADA MANUAL)
17,2,1,122,95,1,0,11,0,229,380,FINAL (ENTRADA MANUAL)
17,3,1,140,90,0,0,5,0,235,516,FINAL (ENTRADA MANUAL)
17,3,2,120,86,0,0,3,0,209,516,FINAL (ENTRADA MANUAL)
17,3,3,151,85,0,0,10,0,246,516,FINAL (ENTRADA MANUAL)
17,3,4,135,88,0,0,14,0,237,516,FINAL (ENTRADA MANUAL)
17,3,5,138,118,1,0,1,0,258,514,FINAL (ENTRADA MANUAL)
17,4,1,74,96,0,0,2,0,172,342,FINAL (ENTRADA MANUAL)
17,4,2,72,99,0,0,2,0,173,342,FINAL (ENTRADA MANUAL)
17,5,1,42,73,0,0,5,0,120,271,FINAL (ENTRADA MANUAL)
17,74,1,42,29,0,0,3,0,74,0,FINAL (ENTRADA MANUAL)
17,74,2,0,0,0,0,0,0,0,0,FINAL (ENTRADA MANUAL)
17,75,1,0,0,0,0,0,0,0,0,FINAL (ENTRADA MANUAL)
17,75,2,0,0,0,0,0,0,0,0,FINAL (ENTRADA MANUAL)
17,77,1,242,121,0,0,2,0,365,0,FINAL (ENTRADA MANUAL)
17,77,2,11,22,0,0,1,0,34,0,FINAL (ENTRADA MANUAL)
17,77,3,60,45,0,0,2,0,107,0,FINAL (ENTRADA MANUAL)
17,77,5,0,0,0,0,0,0,0,0,FINAL (ENTRADA MANUAL)
17,78,1,7,6,0,0,0,0,13,0,FINAL (ENTRADA MANUAL)
17,78,2,0,0,0,0,0,0,0,0,FINAL (ENTRADA MANUAL)
17,78,3,0,0,0,0,0,0,0,0,FINAL (ENTRADA MANUAL)
18,1,1,112,109,0,0,6,0,227,534,FINAL (ENTRADA MANUAL)
18,1,2,136,102,1,0,5,0,244,534,FINAL (ENTRADA MANUAL)
18,1,3,105,106,3,0,7,0,221,534,FINAL (ENTRADA MANUAL)
18,1,4,140,100,0,0,5,0,245,533,FINAL (ENTRADA MANUAL)
18,2,1,136,135,0,0,4,0,275,593,FINAL (ENTRADA MANUAL)
18,2,2,157,119,0,0,10,0,286,593,FINAL (ENTRADA MANUAL)
18,2,3,145,165,0,0,4,0,314,593,FINAL (ENTRADA MANUAL)
18,2,4,147,129,0,0,8,0,284,594,FINAL (ENTRADA MANUAL)
18,3,1,131,99,0,0,7,0,237,417,FINAL (ENTRADA MANUAL)
18,3,2,136,73,0,0,4,0,213,417,FINAL (ENTRADA MANUAL)
18,3,3,111,72,0,0,6,0,189,417,FINAL (ENTRADA MANUAL)
18,4,1,63,84,0,0,7,0,154,457,FINAL (ENTRADA MANUAL)
18,5,1,128,96,0,0,1,0,225,497,FINAL (ENTRADA MANUAL)
18,5,2,106,76,0,0,22,0,204,497,FINAL (ENTRADA MANUAL)
18,5,3,121,105,0,0,3,0,229,497,FINAL (ENTRADA MANUAL)
18,5,4,90,96,1,0,13,0,200,498,FINAL (ENTRADA MANUAL)
18,6,1,110,123,0,0,2,0,235,529,FINAL (ENTRADA MANUAL)
18,6,2,94,118,0,0,6,0,218,529,FINAL (ENTRADA MANUAL)
18,7,1,87,111,0,0,13,0,211,481,FINAL (ENTRADA MANUAL)
18,7,2,95,116,0,0,18,0,229,481,FINAL (ENTRADA MANUAL)
18,7,3,103,116,0,0,3,0,222,481,FINAL (ENTRADA MANUAL)
18,7,4,98,114,0,0,17,0,229,480,FINAL (ENTRADA MANUAL)
18,8,1,102,124,0,0,27,0,253,605,FINAL (ENTRADA MANUAL)
18,8,2,100,139,0,0,10,0,249,605,FINAL (ENTRADA MANUAL)
18,8,3,106,116,0,0,12,0,234,605,FINAL (ENTRADA MANUAL)
18,8,4,97,130,0,0,3,0,230,605,FINAL (ENTRADA MANUAL)
18,9,1,91,117,0,0,3,0,211,568,FINAL (ENTRADA MANUAL)
18,9,2,84,135,0,0,0,0,219,568,FINAL (ENTRADA MANUAL)
18,9,3,96,90,0,0,16,0,202,569,FINAL (ENTRADA MANUAL)
18,10,1,103,143,2,0,10,0,258,634,FINAL (ENTRADA MANUAL)
18,10,2,110,134,0,0,19,0,263,634,FINAL (ENTRADA MANUAL)
18,10,3,122,135,1,0,4,0,262,634,FINAL (ENTRADA MANUAL)
18,10,4,131,111,1,0,9,0,252,633,FINAL (ENTRADA MANUAL)
18,74,1,26,37,0,0,6,0,69,0,FINAL (ENTRADA MANUAL)
18,74,2,20,45,0,0,1,0,66,0,FINAL (ENTRADA MANUAL)
18,74,3,14,54,0,0,4,0,72,0,FINAL (ENTRADA MANUAL)
18,74,4,22,56,0,0,4,0,82,0,FINAL (ENTRADA MANUAL)
18,74,5,0,0,0,0,0,0,0,0,FINAL (ENTRADA MANUAL)
18,75,1,7,6,0,0,0,1,14,0,FINAL (ENTRADA MANUAL)
18,75,2,0,0,0,0,0,0,0,0,FINAL (ENTRADA MANUAL)
18,77,1,286,261,0,0,0,0,547,0,FINAL (ENTRADA MANUAL)
18,77,2,32,6,0,0,0,0,38,0,FINAL (ENTRADA MANUAL)
18,77,3,59,53,0,0,38,9,154,0,FINAL (ENTRADA MANUAL)
18,77,5,0,0,0,0,0,0,0,0,FINAL (ENTRADA MANUAL)
18,78,1,31,38,0,0,0,0,69,0,FINAL (ENTRADA MANUAL)
18,78,2,1,0,0,0,0,0,1,0,FINAL (ENTRADA MANUAL)
18,78,3,0,0,0,0,0,0,0,0,FINAL (ENTRADA MANUAL)
18,79,1,0,0,0,0,0,0,0,0,FINAL (ENTRADA MANUAL)
19,1,1,133,142,0,0,3,0,278,605,FINAL (ENTRADA MANUAL)
19,1,2,133,122,0,0,0,0,255,605,FINAL (ENTRADA MANUAL)
19,1,3,131,113,1,0,17,0,262,605,FINAL (ENTRADA MANUAL)
19,1,4,132,105,0,0,4,0,241,605,FINAL (ENTRADA MANUAL)
19,1,5,124,142,0,0,1,0,267,605,FINAL (ENTRADA MANUAL)
19,1,6,125,147,1,0,9,0,282,607,FINAL (ENTRADA MANUAL)
19,2,1,80,91,0,0,1,0,172,435,FINAL (ENTRADA MANUAL)
19,2,2,83,76,0,0,3,0,162,435,FINAL (ENTRADA MANUAL)
19,2,3,87,79,0,0,3,0,169,435,FINAL (ENTRADA MANUAL)
19,2,4,73,72,0,0,1,0,146,436,FINAL (ENTRADA MANUAL)
19,3,1,129,150,0,0,8,0,287,626,FINAL (ENTRADA MANUAL)
19,3,2,137,124,0,0,8,0,269,626,FINAL (ENTRADA MANUAL)
19,3,3,121,122,0,0,7,0,250,627,FINAL (ENTRADA MANUAL)
19,4,1,96,80,0,0,2,0,178,474,FINAL (ENTRADA MANUAL)
19,4,2,98,71,0,0,5,0,174,474,FINAL (ENTRADA MANUAL)
19,4,3,89,84,0,0,3,0,176,475,FINAL (ENTRADA MANUAL)
19,5,1,131,150,0,0,9,0,290,599,FINAL (ENTRADA MANUAL)
19,5,2,136,140,0,0,5,0,281,599,FINAL (ENTRADA MANUAL)
19,5,3,124,123,0,0,6,0,253,599,FINAL (ENTRADA MANUAL)
19,5,4,147,128,0,0,7,0,282,599,FINAL (ENTRADA MANUAL)
19,5,5,133,136,0,0,8,0,277,599,FINAL (ENTRADA MANUAL)
19,5,6,142,139,0,0,6,0,287,599,FINAL (ENTRADA MANUAL)
19,5,7,133,146,1,0,7,0,287,600,FINAL (ENTRADA MANUAL)
19,6,1,130,114,0,0,4,0,248,628,FINAL (ENTRADA MANUAL)
19,6,2,112,123,0,0,6,0,241,628,FINAL (ENTRADA MANUAL)
19,6,3,124,117,0,0,5,0,246,628,FINAL (ENTRADA MANUAL)
19,6,4,120,126,0,0,2,0,248,628,FINAL (ENTRADA MANUAL)
19,6,5,102,133,0,0,14,0,249,628,FINAL (ENTRADA MANUAL)
19,6,6,116,119,0,0,6,0,241,626,FINAL (ENTRADA MANUAL)
19,7,1,77,62,1,0,9,0,149,314,FINAL (ENTRADA MANUAL)
19,7,2,91,44,0,0,2,0,137,313,FINAL (ENTRADA MANUAL)
19,8,1,98,54,0,0,2,0,154,272,FINAL (ENTRADA MANUAL)
19,9,1,101,106,0,0,7,0,214,458,FINAL (ENTRADA MANUAL)
19,9,2,121,93,0,0,7,0,221,458,FINAL (ENTRADA MANUAL)
19,9,3,92,82,0,0,9,0,183,459,FINAL (ENTRADA MANUAL)
19,10,1,107,127,0,0,4,0,238,442,FINAL (ENTRADA MANUAL)
19,10,2,142,106,1,0,3,0,252,442,FINAL (ENTRADA MANUAL)
19,11,1,82,74,0,0,7,0,163,353,FINAL (ENTRADA MANUAL)
19,74,1,15,61,0,0,2,0,78,0,FINAL (ENTRADA MANUAL)
19,74,2,23,52,0,0,0,0,75,0,FINAL (ENTRADA MANUAL)
19,74,3,18,58,0,0,2,0,78,0,FINAL (ENTRADA MANUAL)
19,74,4,8,51,0,0,0,0,59,0,FINAL (ENTRADA MANUAL)
19,74,5,12,47,0,0,0,0,59,0,FINAL (ENTRADA MANUAL)
19,75,1,10,14,0,0,0,2,26,0,FINAL (ENTRADA MANUAL)
19,75,2,0,0,0,0,0,0,0,0,FINAL (ENTRADA MANUAL)
19,75,3,0,0,0,0,0,0,0,0,FINAL (ENTRADA MANUAL)
19,75,4,0,0,0,0,0,0,0,0,FINAL (ENTRADA MANUAL)
19,77,1,220,206,0,0,0,0,426,0,FINAL (ENTRADA MANUAL)
19,77,2,195,207,0,0,0,0,402,0,FINAL (ENTRADA MANUAL)
19,77,3,3,0,0,0,0,0,3,0,FINAL (ENTRADA MANUAL)
19,77,5,0,0,0,0,0,0,0,0,FINAL (ENTRADA MANUAL)
19,78,1,48,51,0,0,4,1,104,0,FINAL (ENTRADA MANUAL)
19,78,2,0,0,0,0,0,0,0,0,FINAL (ENTRADA MANUAL)
19,78,3,0,0,0,0,0,0,0,0,FINAL (ENTRADA MANUAL)
19,79,1,0,0,0,0,0,0,0,0,FINAL (ENTRADA MANUAL)
20,1,1,144,129,0,0,5,0,278,610,FINAL (ENTRADA MANUAL)
20,1,2,127,137,0,0,5,0,269,610,FINAL (ENTRADA MANUAL)
20,2,1,149,145,1,0,8,0,303,577,FINAL (ENTRADA MANUAL)
20,2,2,142,144,0,0,9,0,295,577,FINAL (ENTRADA MANUAL)
20,2,3,144,154,0,0,6,0,304,577,FINAL (ENTRADA MANUAL)
20,2,4,150,141,0,0,7,0,298,577,FINAL (ENTRADA MANUAL)
20,3,1,160,135,1,0,20,0,316,589,FINAL (ENTRADA MANUAL)
20,3,2,171,127,0,0,6,0,304,589,FINAL (ENTRADA MANUAL)
20,3,3,202,88,0,0,14,0,304,590,FINAL (ENTRADA MANUAL)
20,4,1,132,132,0,0,9,0,273,581,FINAL (ENTRADA MANUAL)
20,4,2,122,133,0,0,13,0,268,581,FINAL (ENTRADA MANUAL)
20,4,3,139,123,0,0,7,0,269,581,FINAL (ENTRADA MANUAL)
20,4,4,140,131,0,0,7,0,278,582,FINAL (ENTRADA MANUAL)
20,5,1,110,99,0,0,5,0,214,476,FINAL (ENTRADA MANUAL)
20,5,2,134,116,0,0,4,0,254,476,FINAL (ENTRADA MANUAL)
20,5,3,108,123,2,0,1,0,234,476,FINAL (ENTRADA MANUAL)
20,5,4,127,100,0,0,5,0,232,474,FINAL (ENTRADA MANUAL)
20,6,1,130,113,0,0,4,0,247,542,FINAL (ENTRADA MANUAL)
20,6,2,138,137,0,0,1,0,276,542,FINAL (ENTRADA MANUAL)
20,6,3,168,126,0,0,1,0,295,542,FINAL (ENTRADA MANUAL)
20,6,4,111,129,0,0,6,0,246,542,FINAL (ENTRADA MANUAL)
20,6,5,102,127,0,0,5,0,234,542,FINAL (ENTRADA MANUAL)
20,6,6,146,145,2,0,3,0,296,544,FINAL (ENTRADA MANUAL)
20,7,1,134,146,0,0,18,0,298,569,FINAL (ENTRADA MANUAL)
20,7,2,154,144,0,0,2,0,300,569,FINAL (ENTRADA MANUAL)
20,7,3,121,129,0,0,2,0,252,569,FINAL (ENTRADA MANUAL)
20,7,4,137,163,0,0,1,0,301,569,FINAL (ENTRADA MANUAL)
20,7,5,149,142,0,0,3,0,294,570,FINAL (ENTRADA MANUAL)
20,8,1,171,93,0,0,10,0,274,512,FINAL (ENTRADA MANUAL)
20,8,2,144,97,0,0,2,0,243,512,FINAL (ENTRADA MANUAL)
20,8,3,149,118,1,0,6,0,274,513,FINAL (ENTRADA MANUAL)
20,9,1,99,67,0,0,6,0,172,287,FINAL (ENTRADA MANUAL)
20,10,1,91,95,0,0,1,0,187,398,FINAL (ENTRADA MANUAL)
20,10,2,95,90,1,0,3,0,189,397,FINAL (ENTRADA MANUAL)
20,11,1,77,135,0,0,2,0,214,369,FINAL (ENTRADA MANUAL)
20,12,1,96,98,1,0,3,0,198,324,FINAL (ENTRADA MANUAL)
20,12,2,98,95,0,0,0,0,193,325,FINAL (ENTRADA MANUAL)
20,13,1,59,135,0,0,4,0,198,399,FINAL (ENTRADA MANUAL)
20,13,2,56,156,0,0,9,0,221,399,FINAL (ENTRADA MANUAL)
20,14,1,108,155,2,0,6,0,271,516,FINAL (ENTRADA MANUAL)
20,14,2,152,116,0,0,6,0,274,516,FINAL (ENTRADA MANUAL)
20,14,3,109,117,0,0,5,0,231,516,FINAL (ENTRADA MANUAL)
20,14,4,125,114,0,0,5,0,244,514,FINAL (ENTRADA MANUAL)
20,74,1,26,28,0,0,0,0,54,0,FINAL (ENTRADA MANUAL)
20,74,2,44,58,0,0,2,0,104,0,FINAL (ENTRADA MANUAL)
20,74,3,47,56,0,0,3,0,106,0,FINAL (ENTRADA MANUAL)
20,74,4,58,51,1,0,2,0,112,0,FINAL (ENTRADA MANUAL)
20,74,5,52,57,0,0,1,0,110,0,FINAL (ENTRADA MANUAL)
20,74,6,10,47,0,0,1,0,58,0,FINAL (ENTRADA MANUAL)
20,74,7,21,75,0,0,3,0,99,0,FINAL (ENTRADA MANUAL)
20,74,8,36,40,0,0,1,0,77,0,FINAL (ENTRADA MANUAL)
20,74,9,30,44,0,0,1,0,75,0,FINAL (ENTRADA MANUAL)
20,74,10,0,0,0,0,0,0,0,0,FINAL (ENTRADA MANUAL)
20,74,11,0,0,0,0,0,0,0,0,FINAL (ENTRADA MANUAL)
20,75,1,8,12,0,0,0,1,21,0,FINAL (ENTRADA MANUAL)
20,75,2,0,1,0,0,0,0,1,0,FINAL (ENTRADA MANUAL)
20,77,1,499,455,0,0,0,0,954,0,FINAL (ENTRADA MANUAL)
20,77,2,159,130,0,0,0,0,289,0,FINAL (ENTRADA MANUAL)
20,77,3,2,1,0,0,0,0,3,0,FINAL (ENTRADA MANUAL)
20,77,5,0,0,0,0,0,0,0,0,FINAL (ENTRADA MANUAL)
20,78,1,29,33,0,0,4,0,66,0,FINAL (ENTRADA MANUAL)
20,78,2,0,0,0,0,0,0,0,0,FINAL (ENTRADA MANUAL)
20,78,3,0,0,0,0,0,0,0,0,FINAL (ENTRADA MANUAL)
21,1,1,102,111,0,0,16,0,230,475,FINAL (ENTRADA MANUAL)
21,2,1,106,123,0,0,2,0,231,513,FINAL (ENTRADA MANUAL)
21,2,2,83,130,0,0,2,0,215,513,FINAL (ENTRADA MANUAL)
21,2,3,73,121,0,0,21,0,215,513,FINAL (ENTRADA MANUAL)
21,2,4,84,128,0,0,12,0,224,513,FINAL (ENTRADA MANUAL)
21,2,5,93,119,0,0,6,0,218,512,FINAL (ENTRADA MANUAL)
21,3,1,112,163,0,0,12,0,287,605,FINAL (ENTRADA MANUAL)
21,3,2,99,161,0,0,4,0,264,605,FINAL (ENTRADA MANUAL)
21,3,3,93,142,1,0,3,0,239,605,FINAL (ENTRADA MANUAL)
21,4,1,95,139,0,0,2,0,236,482,FINAL (ENTRADA MANUAL)
21,4,2,95,156,0,0,2,0,253,481,FINAL (ENTRADA MANUAL)
21,5,1,97,132,0,0,18,0,247,547,FINAL (ENTRADA MANUAL)
21,5,2,93,110,2,0,22,0,227,547,FINAL (ENTRADA MANUAL)
21,5,3,102,126,1,0,3,0,232,547,FINAL (ENTRADA MANUAL)
21,5,4,82,126,0,0,3,0,211,547,FINAL (ENTRADA MANUAL)
21,5,5,95,117,0,0,11,0,223,546,FINAL (ENTRADA MANUAL)
21,6,1,110,132,1,0,22,1,248,512,FINAL (ENTRADA MANUAL)
21,6,2,77,153,0,0,13,0,243,512,FINAL (ENTRADA MANUAL)
21,6,3,77,153,0,0,13,0,243,512,FINAL (ENTRADA MANUAL)
21,6,4,97,139,2,0,9,0,247,511,FINAL (ENTRADA MANUAL)
21,7,1,97,128,0,0,6,0,231,484,FINAL (ENTRADA MANUAL)
21,7,2,97,124,0,0,1,0,222,484,FINAL (ENTRADA MANUAL)
21,7,3,103,132,0,0,2,0,237,484,FINAL (ENTRADA MANUAL)
21,7,4,88,132,0,0,13,0,233,483,FINAL (ENTRADA MANUAL)
21,74,1,21,52,0,0,1,0,74,0,FINAL (ENTRADA MANUAL)
21,74,2,14,62,0,0,5,0,81,0,FINAL (ENTRADA MANUAL)
21,74,3,19,30,0,0,6,0,55,0,FINAL (ENTRADA MANUAL)
21,74,4,16,30,0,0,1,0,47,0,FINAL (ENTRADA MANUAL)
21,75,1,4,6,0,0,0,0,10,0,FINAL (ENTRADA MANUAL)
21,75,2,0,0,0,0,0,0,0,0,FINAL (ENTRADA MANUAL)
21,77,1,165,296,0,0,8,0,469,0,FINAL (ENTRADA MANUAL)
21,77,2,15,43,0,0,0,0,58,0,FINAL (ENTRADA MANUAL)
21,77,3,2,5,0,0,0,0,7,0,FINAL (ENTRADA MANUAL)
21,77,5,0,0,0,0,0,0,0,0,FINAL (ENTRADA MANUAL)
21,78,1,8,12,0,0,1,0,21,0,FINAL (ENTRADA MANUAL)
21,78,2,0,0,0,0,0,0,0,0,FINAL (ENTRADA MANUAL)
21,78,3,0,0,0,0,0,0,0,0,FINAL (ENTRADA MANUAL)
21,79,1,0,0,0,0,0,0,0,0,FINAL (ENTRADA MANUAL)
22,1,1,85,123,0,0,10,0,218,480,FINAL (ENTRADA MANUAL)
22,1,2,106,95,1,0,2,0,204,480,FINAL (ENTRADA MANUAL)
22,1,3,79,109,0,0,16,0,204,480,FINAL (ENTRADA MANUAL)
22,2,1,82,130,1,0,2,0,215,510,FINAL (ENTRADA MANUAL)
22,2,2,90,137,0,0,3,0,230,510,FINAL (ENTRADA MANUAL)
22,2,3,58,132,0,0,6,0,196,510,FINAL (ENTRADA MANUAL)
22,3,1,103,150,0,0,6,0,259,509,FINAL (ENTRADA MANUAL)
22,3,2,94,133,0,0,11,0,238,509,FINAL (ENTRADA MANUAL)
22,3,3,102,139,0,0,7,0,248,509,FINAL (ENTRADA MANUAL)
22,3,4,99,138,0,0,6,0,243,509,FINAL (ENTRADA MANUAL)
22,3,5,90,118,0,0,5,0,213,509,FINAL (ENTRADA MANUAL)
22,4,1,63,103,1,0,34,0,201,366,FINAL (ENTRADA MANUAL)
22,4,2,79,101,0,0,3,0,183,367,FINAL (ENTRADA MANUAL)
22,5,1,126,138,0,0,2,0,266,596,FINAL (ENTRADA MANUAL)
22,5,2,112,138,0,0,3,0,253,596,FINAL (ENTRADA MANUAL)
22,6,1,81,144,0,0,18,0,243,692,FINAL (ENTRADA MANUAL)
22,6,2,98,150,0,0,13,0,261,692,FINAL (ENTRADA MANUAL)
22,6,3,93,135,0,0,22,0,250,692,FINAL (ENTRADA MANUAL)
22,6,4,82,134,0,0,6,0,222,692,FINAL (ENTRADA MANUAL)
22,7,1,82,153,1,0,8,0,244,582,FINAL (ENTRADA MANUAL)
22,7,2,98,146,0,0,11,0,255,582,FINAL (ENTRADA MANUAL)
22,8,1,90,130,0,0,7,0,227,559,FINAL (ENTRADA MANUAL)
22,8,2,96,122,0,0,0,0,218,559,FINAL (ENTRADA MANUAL)
22,8,3,85,131,0,0,0,0,216,558,FINAL (ENTRADA MANUAL)
22,9,1,90,141,0,0,8,0,239,579,FINAL (ENTRADA MANUAL)
22,9,2,65,116,0,0,27,0,208,579,FINAL (ENTRADA MANUAL)
22,9,3,87,133,0,0,19,0,239,579,FINAL (ENTRADA MANUAL)
22,9,4,101,120,0,0,11,0,232,580,FINAL (ENTRADA MANUAL)
22,74,1,23,39,0,0,0,0,62,0,FINAL (ENTRADA MANUAL)
22,74,2,34,38,0,0,2,0,74,0,FINAL (ENTRADA MANUAL)
22,74,3,26,34,0,0,8,0,68,0,FINAL (ENTRADA MANUAL)
22,74,4,22,19,0,0,0,0,41,0,FINAL (ENTRADA MANUAL)
22,75,1,0,4,0,0,0,0,4,0,FINAL (ENTRADA MANUAL)
22,75,2,1,0,0,0,0,0,1,0,FINAL (ENTRADA MANUAL)
22,75,3,0,0,0,0,0,0,0,0,FINAL (ENTRADA MANUAL)
22,77,1,170,288,0,0,1,0,459,0,FINAL (ENTRADA MANUAL)
22,77,2,73,140,0,0,0,0,213,0,FINAL (ENTRADA MANUAL)
22,77,3,165,174,0,0,18,0,357,0,FINAL (ENTRADA MANUAL)
22,77,5,0,0,0,0,0,0,0,0,FINAL (ENTRADA MANUAL)
22,78,1,14,32,0,0,2,0,48,0,FINAL (ENTRADA MANUAL)
22,78,2,0,2,0,0,0,0,2,0,FINAL (ENTRADA MANUAL)
22,78,3,0,0,0,0,0,0,0,0,FINAL (ENTRADA MANUAL)
23,1,1,132,95,0,0,5,0,232,558,FINAL (ENTRADA MANUAL)
23,1,2,131,94,1,0,10,0,236,558,FINAL (ENTRADA MANUAL)
23,1,3,133,97,0,0,3,0,233,558,FINAL (ENTRADA MANUAL)
23,1,4,105,126,0,0,8,0,239,556,FINAL (ENTRADA MANUAL)
23,2,1,119,86,0,0,8,0,213,475,FINAL (ENTRADA MANUAL)
23,2,2,100,95,0,0,3,0,198,475,FINAL (ENTRADA MANUAL)
23,2,3,89,93,0,0,9,0,191,475,FINAL (ENTRADA MANUAL)
23,2,4,99,99,0,0,7,0,205,475,FINAL (ENTRADA MANUAL)
23,2,5,107,101,0,0,3,0,211,476,FINAL (ENTRADA MANUAL)
23,3,1,58,101,0,0,17,0,176,396,FINAL (ENTRADA MANUAL)
23,3,2,69,94,0,0,14,0,177,396,FINAL (ENTRADA MANUAL)
23,3,3,78,106,0,0,5,0,189,396,FINAL (ENTRADA MANUAL)
23,4,1,110,90,1,0,11,0,212,439,FINAL (ENTRADA MANUAL)
23,4,2,110,104,0,0,0,0,214,439,FINAL (ENTRADA MANUAL)
23,4,3,106,112,0,0,2,0,220,439,FINAL (ENTRADA MANUAL)
23,5,1,119,128,1,0,12,0,260,535,FINAL (ENTRADA MANUAL)
23,5,2,128,115,0,0,5,0,248,535,FINAL (ENTRADA MANUAL)
23,5,3,85,151,0,0,11,0,247,535,FINAL (ENTRADA MANUAL)
23,5,4,141,120,0,0,8,0,269,535,FINAL (ENTRADA MANUAL)
23,6,1,104,109,0,0,20,0,233,446,FINAL (ENTRADA MANUAL)
23,6,2,149,117,0,0,8,0,274,446,FINAL (ENTRADA MANUAL)
23,6,3,137,97,1,0,1,0,236,446,FINAL (ENTRADA MANUAL)
23,7,1,72,154,0,0,7,0,233,512,FINAL (ENTRADA MANUAL)
23,7,2,63,172,1,0,4,0,240,512,FINAL (ENTRADA MANUAL)
23,8,1,21,29,0,0,9,0,59,119,FINAL (ENTRADA MANUAL)
23,9,1,168,109,0,0,5,0,282,478,FINAL (ENTRADA MANUAL)
23,9,2,142,127,0,0,3,0,272,479,FINAL (ENTRADA MANUAL)
23,10,1,115,88,0,0,6,0,209,387,FINAL (ENTRADA MANUAL)
23,11,1,103,127,0,0,10,0,240,512,FINAL (ENTRADA MANUAL)
23,11,2,109,145,0,0,15,0,269,512,FINAL (ENTRADA MANUAL)
23,11,3,118,141,0,0,8,0,267,513,FINAL (ENTRADA MANUAL)
23,74,1,33,44,0,0,0,0,77,0,FINAL (ENTRADA MANUAL)
23,74,2,30,51,0,0,1,0,82,0,FINAL (ENTRADA MANUAL)
23,74,3,25,50,0,0,0,0,75,0,FINAL (ENTRADA MANUAL)
23,74,4,22,52,0,0,1,0,75,0,FINAL (ENTRADA MANUAL)
23,74,5,31,45,0,0,2,0,78,0,FINAL (ENTRADA MANUAL)
23,74,6,8,31,0,0,0,0,39,0,FINAL (ENTRADA MANUAL)
23,75,1,8,7,0,0,0,0,15,0,FINAL (ENTRADA MANUAL)
23,75,2,0,0,0,0,0,0,0,0,FINAL (ENTRADA MANUAL)
23,77,1,234,391,0,0,1,0,626,0,FINAL (ENTRADA MANUAL)
23,77,2,162,207,0,0,1,0,370,0,FINAL (ENTRADA MANUAL)
23,77,3,246,403,0,0,85,23,757,0,FINAL (ENTRADA MANUAL)
23,77,5,0,0,0,0,0,0,0,0,FINAL (ENTRADA MANUAL)
23,78,1,31,43,0,0,3,0,77,0,FINAL (ENTRADA MANUAL)
23,78,2,0,0,0,0,0,0,0,0,FINAL (ENTRADA MANUAL)
23,78,3,0,0,0,0,0,0,0,0,FINAL (ENTRADA MANUAL)
24,1,1,84,154,0,0,17,0,255,586,FINAL (ENTRADA MANUAL)
24,1,2,115,149,0,0,0,0,264,586,FINAL (ENTRADA MANUAL)
24,2,1,89,94,2,0,5,0,190,456,FINAL (ENTRADA MANUAL)
24,2,2,59,110,0,0,5,0,174,456,FINAL (ENTRADA MANUAL)
24,2,3,80,120,1,0,6,0,207,456,FINAL (ENTRADA MANUAL)
24,2,4,57,94,0,0,28,0,179,456,FINAL (ENTRADA MANUAL)
24,3,1,105,137,0,0,6,0,248,591,FINAL (ENTRADA MANUAL)
24,3,2,108,128,0,0,3,0,239,591,FINAL (ENTRADA MANUAL)
24,3,3,90,128,0,0,14,0,232,591,FINAL (ENTRADA MANUAL)
24,3,4,103,167,0,0,3,0,273,590,FINAL (ENTRADA MANUAL)
24,4,1,80,117,0,0,10,0,207,526,FINAL (ENTRADA MANUAL)
24,4,2,72,120,0,0,3,0,195,526,FINAL (ENTRADA MANUAL)
24,4,3,75,117,0,0,5,0,197,525,FINAL (ENTRADA MANUAL)
24,5,1,76,133,0,0,0,0,209,537,FINAL (ENTRADA MANUAL)
24,5,2,116,131,0,0,7,0,254,537,FINAL (ENTRADA MANUAL)
24,6,1,95,157,0,0,6,0,258,585,FINAL (ENTRADA MANUAL)
24,7,1,131,187,1,0,3,0,322,548,FINAL (ENTRADA MANUAL)
24,74,1,17,41,0,0,0,0,58,0,FINAL (ENTRADA MANUAL)
24,74,2,11,22,0,0,2,0,35,0,FINAL (ENTRADA MANUAL)
24,74,3,35,41,0,0,3,0,79,0,FINAL (ENTRADA MANUAL)
24,74,4,21,48,0,0,5,0,74,0,FINAL (ENTRADA MANUAL)
24,75,1,0,0,0,0,0,0,0,0,FINAL (ENTRADA MANUAL)
24,77,1,211,350,0,0,0,0,561,0,FINAL (ENTRADA MANUAL)
24,77,2,0,0,0,0,0,0,0,0,FINAL (ENTRADA MANUAL)
24,77,3,77,74,0,0,19,5,175,0,FINAL (ENTRADA MANUAL)
24,77,5,0,0,0,0,0,0,0,0,FINAL (ENTRADA MANUAL)
24,78,1,0,0,0,0,0,0,0,0,FINAL (ENTRADA MANUAL)
24,78,2,0,0,0,0,0,0,0,0,FINAL (ENTRADA MANUAL)
24,78,3,0,0,0,0,0,0,0,0,FINAL (ENTRADA MANUAL)
25,1,1,110,135,0,0,6,0,251,510,FINAL (ENTRADA MANUAL)
25,1,2,114,118,1,0,1,0,234,510,FINAL (ENTRADA MANUAL)
25,1,3,99,134,0,0,6,0,239,510,FINAL (ENTRADA MANUAL)
25,1,4,122,139,1,0,3,0,265,510,FINAL (ENTRADA MANUAL)
25,1,5,109,111,0,0,18,0,238,510,FINAL (ENTRADA MANUAL)
25,1,6,125,117,0,0,17,0,259,508,FINAL (ENTRADA MANUAL)
25,2,1,102,121,0,0,9,0,232,498,FINAL (ENTRADA MANUAL)
25,2,2,85,137,0,0,8,0,230,498,FINAL (ENTRADA MANUAL)
25,2,3,111,123,0,0,3,0,237,498,FINAL (ENTRADA MANUAL)
25,2,4,105,120,0,0,12,0,237,498,FINAL (ENTRADA MANUAL)
25,2,5,117,91,0,0,6,0,214,500,FINAL (ENTRADA MANUAL)
25,3,1,96,103,0,0,4,0,203,471,FINAL (ENTRADA MANUAL)
25,3,2,76,125,1,0,14,0,216,471,FINAL (ENTRADA MANUAL)
25,3,3,100,99,0,0,10,0,209,471,FINAL (ENTRADA MANUAL)
25,3,4,92,112,0,0,7,0,211,470,FINAL (ENTRADA MANUAL)
25,4,1,90,115,0,0,5,0,210,462,FINAL (ENTRADA MANUAL)
25,4,2,84,95,0,0,7,0,186,462,FINAL (ENTRADA MANUAL)
25,4,3,94,105,0,0,6,0,205,462,FINAL (ENTRADA MANUAL)
25,4,4,120,94,0,0,3,0,217,464,FINAL (ENTRADA MANUAL)
25,5,1,86,107,0,0,22,0,215,484,FINAL (ENTRADA MANUAL)
25,5,2,92,100,0,0,17,0,209,484,FINAL (ENTRADA MANUAL)
25,5,3,81,92,0,0,11,0,184,484,FINAL (ENTRADA MANUAL)
25,5,4,93,97,0,0,6,0,196,482,FINAL (ENTRADA MANUAL)
25,6,1,124,144,0,0,12,0,280,489,FINAL (ENTRADA MANUAL)
25,6,2,116,111,0,0,5,0,232,489,FINAL (ENTRADA MANUAL)
25,6,3,113,138,0,0,2,0,253,489,FINAL (ENTRADA MANUAL)
25,6,4,113,137,0,0,12,0,262,489,FINAL (ENTRADA MANUAL)
25,7,1,112,119,0,0,16,0,247,532,FINAL (ENTRADA MANUAL)
25,7,2,112,104,0,0,11,0,227,532,FINAL (ENTRADA MANUAL)
25,7,3,110,105,1,0,17,0,233,532,FINAL (ENTRADA MANUAL)
25,7,4,103,115,0,0,16,0,234,532,FINAL (ENTRADA MANUAL)
25,7,5,96,106,0,0,32,0,234,532,FINAL (ENTRADA MANUAL)
25,7,6,117,122,1,0,10,0,250,533,FINAL (ENTRADA MANUAL)
25,8,1,122,138,0,0,12,0,272,607,FINAL (ENTRADA MANUAL)
25,8,2,123,135,0,0,4,0,262,607,FINAL (ENTRADA MANUAL)
25,8,3,133,135,1,0,14,0,283,607,FINAL (ENTRADA MANUAL)
25,74,1,32,36,1,0,0,0,69,0,FINAL (ENTRADA MANUAL)
25,74,2,30,26,0,0,3,0,59,0,FINAL (ENTRADA MANUAL)
25,74,3,23,36,0,0,4,0,63,0,FINAL (ENTRADA MANUAL)
25,74,4,43,32,0,0,5,0,80,0,FINAL (ENTRADA MANUAL)
25,74,5,44,36,0,0,3,0,83,0,FINAL (ENTRADA MANUAL)
25,74,6,42,22,0,0,7,0,71,0,FINAL (ENTRADA MANUAL)
25,74,7,35,22,0,0,7,0,64,0,FINAL (ENTRADA MANUAL)
25,74,8,34,31,0,0,8,0,73,0,FINAL (ENTRADA MANUAL)
25,74,9,41,33,0,0,2,0,76,0,FINAL (ENTRADA MANUAL)
25,74,10,36,30,0,0,10,0,76,0,FINAL (ENTRADA MANUAL)
25,74,11,41,34,0,0,1,0,76,0,FINAL (ENTRADA MANUAL)
25,75,1,0,0,0,0,0,0,0,0,FINAL (ENTRADA MANUAL)
25,75,2,0,0,0,0,0,0,0,0,FINAL (ENTRADA MANUAL)
25,75,3,0,0,0,0,0,0,0,0,FINAL (ENTRADA MANUAL)
25,75,4,1,1,0,0,0,0,2,0,FINAL (ENTRADA MANUAL)
25,75,5,0,0,0,0,0,0,0,0,FINAL (ENTRADA MANUAL)
25,75,6,1,0,0,0,0,0,1,0,FINAL (ENTRADA MANUAL)
25,75,7,0,0,0,0,0,0,0,0,FINAL (ENTRADA MANUAL)
25,77,1,348,333,0,0,1,0,682,0,FINAL (ENTRADA MANUAL)
25,77,2,133,192,0,0,0,0,325,0,FINAL (ENTRADA MANUAL)
25,77,3,35,65,0,0,3,0,103,0,FINAL (ENTRADA MANUAL)
25,77,5,0,0,0,0,0,0,0,0,FINAL (ENTRADA MANUAL)
25,78,1,0,0,0,0,0,0,0,0,FINAL (ENTRADA MANUAL)
25,78,2,0,0,0,0,0,0,0,0,FINAL (ENTRADA MANUAL)
25,78,3,40,55,0,0,3,1,99,0,FINAL (ENTRADA MANUAL)
26,1,1,116,122,1,0,8,0,247,569,FINAL (ENTRADA MANUAL)
26,1,2,118,118,2,0,13,0,251,569,FINAL (ENTRADA MANUAL)
26,1,3,101,137,0,0,9,0,247,569,FINAL (ENTRADA MANUAL)
26,1,4,101,127,1,0,5,0,234,570,FINAL (ENTRADA MANUAL)
26,2,1,112,107,0,0,2,0,221,439,FINAL (ENTRADA MANUAL)
26,3,1,118,169,0,0,6,0,293,578,FINAL (ENTRADA MANUAL)
26,3,2,135,131,2,0,6,0,274,578,FINAL (ENTRADA MANUAL)
26,3,3,97,164,1,0,6,0,268,578,FINAL (ENTRADA MANUAL)
26,3,4,103,134,0,0,8,0,245,578,FINAL (ENTRADA MANUAL)
26,3,5,114,152,0,0,7,0,273,578,FINAL (ENTRADA MANUAL)
26,3,6,112,126,0,0,9,0,247,578,FINAL (ENTRADA MANUAL)
26,3,7,119,151,0,0,4,0,274,581,FINAL (ENTRADA MANUAL)
26,4,1,94,122,1,0,2,0,219,494,FINAL (ENTRADA MANUAL)
26,4,2,117,121,1,0,10,0,249,494,FINAL (ENTRADA MANUAL)
26,4,3,93,121,0,0,8,0,222,494,FINAL (ENTRADA MANUAL)
26,4,4,107,103,0,0,8,0,218,492,FINAL (ENTRADA MANUAL)
26,5,1,76,204,0,0,4,0,284,620,FINAL (ENTRADA MANUAL)
26,74,1,11,6,0,0,0,0,17,0,FINAL (ENTRADA MANUAL)
26,74,2,31,30,0,0,5,0,66,0,FINAL (ENTRADA MANUAL)
26,75,1,0,0,0,0,0,0,0,0,FINAL (ENTRADA MANUAL)
26,75,2,14,31,0,0,1,2,48,0,FINAL (ENTRADA MANUAL)
26,75,3,4,0,0,0,0,0,4,0,FINAL (ENTRADA MANUAL)
26,77,1,191,195,0,0,2,0,388,0,FINAL (ENTRADA MANUAL)
26,77,2,0,0,0,0,0,0,0,0,FINAL (ENTRADA MANUAL)
26,77,3,50,53,0,0,12,2,117,0,FINAL (ENTRADA MANUAL)
26,77,5,0,0,0,0,0,0,0,0,FINAL (ENTRADA MANUAL)
26,78,1,6,23,0,0,0,0,29,0,FINAL (ENTRADA MANUAL)
26,78,2,0,0,0,0,0,0,0,0,FINAL (ENTRADA MANUAL)
26,78,3,0,0,0,0,0,0,0,0,FINAL (ENTRADA MANUAL)
27,1,1,127,155,0,0,6,0,288,602,FINAL (ENTRADA MANUAL)
27,1,2,119,160,0,0,10,0,289,602,FINAL (ENTRADA MANUAL)
27,1,3,105,142,0,0,7,0,254,602,FINAL (ENTRADA MANUAL)
27,1,4,133,125,0,0,2,0,260,602,FINAL (ENTRADA MANUAL)
27,1,5,143,133,1,0,9,0,286,602,FINAL (ENTRADA MANUAL)
27,1,6,123,137,1,0,8,0,269,602,FINAL (ENTRADA MANUAL)
27,1,7,121,123,0,0,9,0,253,602,FINAL (ENTRADA MANUAL)
27,2,1,71,147,1,0,12,0,231,452,FINAL (ENTRADA MANUAL)
27,3,1,72,101,1,0,9,0,183,428,FINAL (ENTRADA MANUAL)
27,4,1,32,43,0,0,0,0,75,164,FINAL (ENTRADA MANUAL)
27,5,1,97,141,0,0,1,0,239,532,FINAL (ENTRADA MANUAL)
27,5,2,79,123,0,0,28,0,230,532,FINAL (ENTRADA MANUAL)
27,5,3,99,124,0,0,6,0,229,532,FINAL (ENTRADA MANUAL)
27,5,4,83,151,0,0,9,0,243,532,FINAL (ENTRADA MANUAL)
27,5,5,99,113,0,0,7,0,219,532,FINAL (ENTRADA MANUAL)
27,5,6,99,124,0,0,6,0,229,532,FINAL (ENTRADA MANUAL)
27,5,7,90,126,0,0,1,0,217,529,FINAL (ENTRADA MANUAL)
27,6,1,90,157,0,0,17,0,264,623,FINAL (ENTRADA MANUAL)
27,7,1,67,117,0,0,13,0,197,668,FINAL (ENTRADA MANUAL)
27,7,2,78,130,0,0,10,0,218,668,FINAL (ENTRADA MANUAL)
27,7,3,85,126,0,0,10,0,221,668,FINAL (ENTRADA MANUAL)
27,7,4,78,113,0,0,12,0,203,668,FINAL (ENTRADA MANUAL)
27,8,1,113,166,0,0,6,0,285,615,FINAL (ENTRADA MANUAL)
27,8,2,137,160,0,0,4,0,301,615,FINAL (ENTRADA MANUAL)
27,8,3,136,146,0,0,8,0,290,615,FINAL (ENTRADA MANUAL)
27,8,4,111,156,1,0,8,0,276,615,FINAL (ENTRADA MANUAL)
27,8,5,123,144,1,0,16,0,284,616,FINAL (ENTRADA MANUAL)
27,9,1,84,154,0,0,10,0,248,560,FINAL (ENTRADA MANUAL)
27,9,2,94,132,0,0,18,0,244,560,FINAL (ENTRADA MANUAL)
27,9,3,102,166,0,0,5,0,273,560,FINAL (ENTRADA MANUAL)
27,9,4,79,151,0,0,11,0,241,558,FINAL (ENTRADA MANUAL)
27,10,1,99,144,0,0,1,0,244,541,FINAL (ENTRADA MANUAL)
27,11,1,84,136,0,0,5,0,225,586,FINAL (ENTRADA MANUAL)
27,11,2,96,135,1,0,11,0,243,585,FINAL (ENTRADA MANUAL)
27,12,1,110,162,0,0,8,0,280,540,FINAL (ENTRADA MANUAL)
27,12,2,98,132,0,0,18,0,248,539,FINAL (ENTRADA MANUAL)
27,13,1,126,147,2,0,4,0,279,534,FINAL (ENTRADA MANUAL)
27,13,2,123,131,0,0,6,0,260,534,FINAL (ENTRADA MANUAL)
27,13,3,127,140,1,0,9,0,277,534,FINAL (ENTRADA MANUAL)
27,13,4,119,133,2,0,2,0,256,534,FINAL (ENTRADA MANUAL)
27,13,5,129,126,0,0,4,0,259,534,FINAL (ENTRADA MANUAL)
27,13,6,131,139,0,0,7,0,277,534,FINAL (ENTRADA MANUAL)
27,13,7,127,129,1,0,8,0,265,536,FINAL (ENTRADA MANUAL)
27,14,1,99,182,1,0,6,0,288,604,FINAL (ENTRADA MANUAL)
27,14,2,102,159,1,0,2,0,264,604,FINAL (ENTRADA MANUAL)
27,15,1,101,149,2,0,5,0,257,593,FINAL (ENTRADA MANUAL)
27,15,2,79,121,0,0,24,0,224,593,FINAL (ENTRADA MANUAL)
27,15,3,86,129,0,0,28,0,243,593,FINAL (ENTRADA MANUAL)
27,15,4,31,51,0,0,11,0,93,593,FINAL (ENTRADA MANUAL)
27,15,5,71,138,0,1,0,0,210,593,FINAL (ENTRADA MANUAL)
27,15,6,81,125,0,0,41,0,247,595,FINAL (ENTRADA MANUAL)
27,16,1,115,152,1,0,5,0,273,487,FINAL (ENTRADA MANUAL)
27,16,2,110,128,0,0,13,0,251,487,FINAL (ENTRADA MANUAL)
27,16,3,110,142,0,0,11,0,263,487,FINAL (ENTRADA MANUAL)
27,16,4,104,142,0,0,1,0,247,487,FINAL (ENTRADA MANUAL)
27,16,5,103,131,1,0,11,0,246,489,FINAL (ENTRADA MANUAL)
27,17,1,102,189,0,0,6,0,297,663,FINAL (ENTRADA MANUAL)
27,18,1,131,144,0,0,16,0,291,568,FINAL (ENTRADA MANUAL)
27,18,2,105,140,0,0,8,0,253,568,FINAL (ENTRADA MANUAL)
27,18,3,111,146,0,0,4,0,261,568,FINAL (ENTRADA MANUAL)
27,18,4,130,131,0,0,9,0,270,568,FINAL (ENTRADA MANUAL)
27,18,5,115,153,1,0,12,0,281,568,FINAL (ENTRADA MANUAL)
27,18,6,129,145,0,0,6,0,280,569,FINAL (ENTRADA MANUAL)
27,19,1,74,108,0,0,28,0,210,464,FINAL (ENTRADA MANUAL)
27,19,2,100,98,0,0,19,0,217,465,FINAL (ENTRADA MANUAL)
27,20,1,91,124,0,0,13,0,228,426,FINAL (ENTRADA MANUAL)
27,20,2,75,147,0,0,4,0,226,426,FINAL (ENTRADA MANUAL)
27,21,1,129,143,1,0,2,0,275,559,FINAL (ENTRADA MANUAL)
27,21,2,85,155,0,0,13,0,253,559,FINAL (ENTRADA MANUAL)
27,21,3,84,141,0,0,3,0,228,559,FINAL (ENTRADA MANUAL)
27,21,4,102,136,0,0,3,0,241,559,FINAL (ENTRADA MANUAL)
27,21,5,90,160,0,0,5,0,255,559,FINAL (ENTRADA MANUAL)
27,21,6,94,156,0,0,4,0,254,559,FINAL (ENTRADA MANUAL)
27,21,7,74,103,0,0,7,0,184,559,FINAL (ENTRADA MANUAL)
27,21,8,112,143,1,0,13,0,269,561,FINAL (ENTRADA MANUAL)
27,22,1,119,138,0,0,7,0,264,636,FINAL (ENTRADA MANUAL)
27,22,2,113,141,0,0,5,0,259,635,FINAL (ENTRADA MANUAL)
27,23,1,114,147,1,0,12,0,274,551,FINAL (ENTRADA MANUAL)
27,23,2,104,145,3,0,9,0,261,551,FINAL (ENTRADA MANUAL)
27,23,3,111,148,0,0,19,0,278,551,FINAL (ENTRADA MANUAL)
27,23,4,90,151,0,0,6,0,247,551,FINAL (ENTRADA MANUAL)
27,23,5,86,132,0,0,19,0,237,551,FINAL (ENTRADA MANUAL)
27,23,6,87,118,0,0,26,0,231,553,FINAL (ENTRADA MANUAL)
27,24,1,75,188,0,0,5,0,268,558,FINAL (ENTRADA MANUAL)
27,24,2,79,165,1,0,12,0,257,559,FINAL (ENTRADA MANUAL)
27,25,1,122,173,0,0,7,0,302,637,FINAL (ENTRADA MANUAL)
27,25,2,101,158,0,0,14,0,273,637,FINAL (ENTRADA MANUAL)
27,25,3,116,141,0,0,6,0,263,637,FINAL (ENTRADA MANUAL)
27,25,4,129,161,0,0,8,0,298,637,FINAL (ENTRADA MANUAL)
27,25,5,128,154,2,0,3,0,287,635,FINAL (ENTRADA MANUAL)
27,26,1,120,143,0,0,23,0,286,562,FINAL (ENTRADA MANUAL)
27,27,1,91,172,0,0,25,0,288,634,FINAL (ENTRADA MANUAL)
27,27,2,79,178,0,0,23,0,280,634,FINAL (ENTRADA MANUAL)
27,74,1,25,46,0,0,0,0,71,0,FINAL (ENTRADA MANUAL)
27,74,2,21,48,0,0,1,0,70,0,FINAL (ENTRADA MANUAL)
27,74,3,38,68,0,0,2,0,108,0,FINAL (ENTRADA MANUAL)
27,74,4,40,59,0,0,2,0,101,0,FINAL (ENTRADA MANUAL)
27,74,5,21,22,0,0,0,0,43,0,FINAL (ENTRADA MANUAL)
27,74,6,23,70,0,0,5,0,98,0,FINAL (ENTRADA MANUAL)
27,74,7,25,59,0,0,9,0,93,0,FINAL (ENTRADA MANUAL)
27,74,8,24,61,0,0,1,0,86,0,FINAL (ENTRADA MANUAL)
27,74,9,26,54,0,0,6,0,86,0,FINAL (ENTRADA MANUAL)
27,74,10,21,60,0,0,1,0,82,0,FINAL (ENTRADA MANUAL)
27,74,11,2,22,0,0,5,0,29,0,FINAL (ENTRADA MANUAL)
27,74,12,0,0,0,0,0,0,0,0,FINAL (ENTRADA MANUAL)
27,74,13,0,0,0,0,0,0,0,0,FINAL (ENTRADA MANUAL)
27,75,1,0,0,0,0,0,0,0,0,FINAL (ENTRADA MANUAL)
27,75,2,129,159,0,0,4,1,293,0,FINAL (ENTRADA MANUAL)
27,75,3,0,0,0,0,0,0,0,0,FINAL (ENTRADA MANUAL)
27,75,4,0,0,0,0,0,0,0,0,FINAL (ENTRADA MANUAL)
27,75,5,0,0,0,0,0,0,0,0,FINAL (ENTRADA MANUAL)
27,77,1,1196,1399,0,0,0,0,2595,0,FINAL (ENTRADA MANUAL)
27,77,2,211,353,0,0,0,0,564,0,FINAL (ENTRADA MANUAL)
27,77,3,0,0,0,0,0,0,0,0,FINAL (ENTRADA MANUAL)
27,77,5,0,0,0,0,0,0,0,0,FINAL (ENTRADA MANUAL)
27,78,1,70,119,0,0,2,0,191,0,FINAL (ENTRADA MANUAL)
27,78,2,0,0,0,0,0,0,0,0,FINAL (ENTRADA MANUAL)
27,78,3,0,0,0,0,0,0,0,0,FINAL (ENTRADA MANUAL)
27,79,1,0,0,0,0,0,0,0,0,FINAL (ENTRADA MANUAL)
27,79,2,0,0,0,0,0,0,0,0,FINAL (ENTRADA MANUAL)
28,1,1,83,141,0,0,8,0,232,592,FINAL (ENTRADA MANUAL)
28,1,2,93,156,0,0,16,0,265,592,FINAL (ENTRADA MANUAL)
28,1,3,79,160,0,0,6,0,245,592,FINAL (ENTRADA MANUAL)
28,1,4,102,141,0,0,4,0,247,592,FINAL (ENTRADA MANUAL)
28,1,5,99,157,0,0,4,0,260,594,FINAL (ENTRADA MANUAL)
28,2,1,87,152,0,0,18,0,257,565,FINAL (ENTRADA MANUAL)
28,2,2,113,123,0,0,3,0,239,565,FINAL (ENTRADA MANUAL)
28,3,1,132,162,0,0,1,0,295,606,FINAL (ENTRADA MANUAL)
28,3,2,134,121,0,0,5,0,260,606,FINAL (ENTRADA MANUAL)
28,3,3,104,145,0,0,2,0,251,606,FINAL (ENTRADA MANUAL)
28,3,4,127,143,0,0,8,0,278,606,FINAL (ENTRADA MANUAL)
28,3,5,116,150,0,0,4,0,270,604,FINAL (ENTRADA MANUAL)
28,74,1,38,48,0,0,2,0,88,0,FINAL (ENTRADA MANUAL)
28,74,2,0,0,0,0,0,0,0,0,FINAL (ENTRADA MANUAL)
28,75,1,6,9,0,0,0,0,15,0,FINAL (ENTRADA MANUAL)
28,75,2,1,3,0,0,0,0,4,0,FINAL (ENTRADA MANUAL)
28,77,1,0,0,0,0,0,0,0,0,FINAL (ENTRADA MANUAL)
28,77,2,261,266,0,0,0,0,527,0,FINAL (ENTRADA MANUAL)
28,77,3,50,75,0,0,5,0,130,0,FINAL (ENTRADA MANUAL)
28,77,5,0,0,0,0,0,0,0,0,FINAL (ENTRADA MANUAL)
28,78,1,8,15,0,0,0,0,23,0,FINAL (ENTRADA MANUAL)
28,78,2,0,0,0,0,0,0,0,0,FINAL (ENTRADA MANUAL)
28,78,3,0,0,0,0,0,0,0,0,FINAL (ENTRADA MANUAL)
29,1,1,130,101,0,0,4,0,235,553,FINAL (ENTRADA MANUAL)
29,1,2,129,119,0,0,6,0,254,553,FINAL (ENTRADA MANUAL)
29,1,3,106,111,0,0,5,0,222,553,FINAL (ENTRADA MANUAL)
29,1,4,114,103,0,0,3,0,220,554,FINAL (ENTRADA MANUAL)
29,2,1,106,112,0,0,2,0,220,443,FINAL (ENTRADA MANUAL)
29,2,2,81,105,0,0,11,0,197,443,FINAL (ENTRADA MANUAL)
29,2,3,90,128,0,0,2,0,220,443,FINAL (ENTRADA MANUAL)
29,3,1,147,121,0,0,6,0,274,578,FINAL (ENTRADA MANUAL)
29,3,2,125,147,0,0,3,0,275,578,FINAL (ENTRADA MANUAL)
29,3,3,131,124,0,0,1,0,256,578,FINAL (ENTRADA MANUAL)
29,3,4,130,127,0,0,9,0,266,578,FINAL (ENTRADA MANUAL)
29,3,5,151,109,0,0,6,0,266,577,FINAL (ENTRADA MANUAL)
29,4,1,128,136,0,0,9,0,273,610,FINAL (ENTRADA MANUAL)
29,4,2,101,129,0,0,28,0,258,610,FINAL (ENTRADA MANUAL)
29,4,3,111,162,0,0,7,0,280,610,FINAL (ENTRADA MANUAL)
29,4,4,118,145,0,0,6,0,269,610,FINAL (ENTRADA MANUAL)
29,4,5,124,159,0,0,7,0,290,610,FINAL (ENTRADA MANUAL)
29,4,6,122,142,1,0,22,0,287,609,FINAL (ENTRADA MANUAL)
29,5,1,88,181,1,0,3,0,273,583,FINAL (ENTRADA MANUAL)
29,5,2,65,160,0,0,20,0,245,583,FINAL (ENTRADA MANUAL)
29,5,3,89,170,0,0,7,0,266,583,FINAL (ENTRADA MANUAL)
29,5,4,84,165,0,0,12,0,261,583,FINAL (ENTRADA MANUAL)
29,5,5,103,150,0,0,25,0,278,581,FINAL (ENTRADA MANUAL)
29,6,1,103,110,0,0,7,0,220,491,FINAL (ENTRADA MANUAL)
29,6,2,108,100,0,0,3,0,211,491,FINAL (ENTRADA MANUAL)
29,6,3,106,115,0,0,8,0,229,492,FINAL (ENTRADA MANUAL)
29,7,1,103,160,0,0,3,0,266,546,FINAL (ENTRADA MANUAL)
29,7,2,95,149,0,0,16,0,260,546,FINAL (ENTRADA MANUAL)
29,7,3,117,140,0,0,7,0,264,546,FINAL (ENTRADA MANUAL)
29,7,4,103,146,0,0,4,0,253,548,FINAL (ENTRADA MANUAL)
29,8,1,139,113,0,0,2,0,254,533,FINAL (ENTRADA MANUAL)
29,8,2,146,112,1,0,3,0,262,533,FINAL (ENTRADA MANUAL)
29,8,3,94,145,1,0,1,0,241,533,FINAL (ENTRADA MANUAL)
29,8,4,103,134,1,0,4,0,242,533,FINAL (ENTRADA MANUAL)
29,8,5,122,117,1,0,1,0,241,533,FINAL (ENTRADA MANUAL)
29,8,6,113,123,0,0,3,0,239,534,FINAL (ENTRADA MANUAL)
29,74,1,44,22,0,0,1,0,67,0,FINAL (ENTRADA MANUAL)
29,74,2,44,25,0,0,0,0,69,0,FINAL (ENTRADA MANUAL)
29,74,3,33,33,0,0,1,0,67,0,FINAL (ENTRADA MANUAL)
29,74,4,30,33,0,0,2,0,65,0,FINAL (ENTRADA MANUAL)
29,74,5,24,41,0,0,2,0,67,0,FINAL (ENTRADA MANUAL)
29,75,1,1,4,0,0,0,0,5,0,FINAL (ENTRADA MANUAL)
29,77,1,340,404,0,0,0,0,744,0,FINAL (ENTRADA MANUAL)
29,77,2,260,273,0,0,0,0,533,0,FINAL (ENTRADA MANUAL)
29,77,3,132,133,0,0,10,4,279,0,FINAL (ENTRADA MANUAL)
29,77,5,0,0,0,0,0,0,0,0,FINAL (ENTRADA MANUAL)
29,78,1,17,21,0,0,0,0,45,0,FINAL (ENTRADA MANUAL)
29,78,2,0,0,0,0,0,0,0,0,FINAL (ENTRADA MANUAL)
29,78,3,0,0,0,0,0,0,0,0,FINAL (ENTRADA MANUAL)
30,1,1,60,130,0,0,4,0,194,525,FINAL (ENTRADA MANUAL)
30,1,2,81,140,0,0,3,0,224,525,FINAL (ENTRADA MANUAL)
30,1,3,108,134,0,0,6,0,248,525,FINAL (ENTRADA MANUAL)
30,1,4,94,118,0,0,11,0,223,524,FINAL (ENTRADA MANUAL)
30,2,1,120,139,0,0,10,0,269,539,FINAL (ENTRADA MANUAL)
30,2,2,95,154,0,0,21,0,270,539,FINAL (ENTRADA MANUAL)
30,2,3,124,140,1,0,2,0,267,539,FINAL (ENTRADA MANUAL)
30,2,4,99,158,0,0,9,0,266,539,FINAL (ENTRADA MANUAL)
30,2,5,99,134,1,0,11,0,245,539,FINAL (ENTRADA MANUAL)
30,2,6,110,149,0,0,3,0,262,539,FINAL (ENTRADA MANUAL)
30,2,7,104,137,0,0,4,0,245,539,FINAL (ENTRADA MANUAL)
30,3,1,91,155,0,0,4,0,250,540,FINAL (ENTRADA MANUAL)
30,3,2,99,153,2,0,7,0,261,541,FINAL (ENTRADA MANUAL)
30,4,1,81,151,0,0,2,0,234,471,FINAL (ENTRADA MANUAL)
30,4,2,99,129,1,0,3,0,232,471,FINAL (ENTRADA MANUAL)
30,4,3,87,133,1,0,6,0,227,471,FINAL (ENTRADA MANUAL)
30,4,4,96,133,0,0,3,0,232,471,FINAL (ENTRADA MANUAL)
30,4,5,93,150,0,0,2,0,245,469,FINAL (ENTRADA MANUAL)
30,5,1,138,127,0,0,4,0,269,434,FINAL (ENTRADA MANUAL)
30,6,1,79,148,0,0,13,0,240,505,FINAL (ENTRADA MANUAL)
30,6,2,85,159,0,0,9,0,253,505,FINAL (ENTRADA MANUAL)
30,6,3,116,139,0,0,3,0,258,504,FINAL (ENTRADA MANUAL)
30,7,1,93,103,0,0,1,0,197,343,FINAL (ENTRADA MANUAL)
30,8,1,116,156,1,0,10,0,283,513,FINAL (ENTRADA MANUAL)
30,8,2,150,131,0,0,5,0,286,513,FINAL (ENTRADA MANUAL)
30,8,3,110,153,0,0,11,0,274,513,FINAL (ENTRADA MANUAL)
30,8,4,136,134,1,0,2,0,273,512,FINAL (ENTRADA MANUAL)
30,9,1,76,128,0,0,5,0,209,402,FINAL (ENTRADA MANUAL)
30,9,2,74,129,0,0,10,0,213,402,FINAL (ENTRADA MANUAL)
30,9,3,89,118,0,0,7,0,214,403,FINAL (ENTRADA MANUAL)
30,10,1,87,144,0,0,2,0,233,482,FINAL (ENTRADA MANUAL)
30,10,2,90,149,0,0,5,0,244,482,FINAL (ENTRADA MANUAL)
30,10,3,85,141,1,0,4,0,231,482,FINAL (ENTRADA MANUAL)
30,10,4,82,161,0,0,9,0,252,482,FINAL (ENTRADA MANUAL)
30,10,5,102,116,0,0,8,0,226,483,FINAL (ENTRADA MANUAL)
30,11,1,109,112,0,0,8,0,229,414,FINAL (ENTRADA MANUAL)
30,11,2,73,117,4,0,9,0,203,414,FINAL (ENTRADA MANUAL)
30,11,3,114,102,1,0,11,0,228,415,FINAL (ENTRADA MANUAL)
30,12,1,76,132,1,0,11,0,220,461,FINAL (ENTRADA MANUAL)
30,12,2,94,117,1,0,15,0,227,461,FINAL (ENTRADA MANUAL)
30,12,3,111,110,0,0,14,0,235,462,FINAL (ENTRADA MANUAL)
30,13,1,11,58,0,0,1,0,70,99,FINAL (ENTRADA MANUAL)
30,14,1,134,148,0,0,9,0,291,574,FINAL (ENTRADA MANUAL)
30,14,2,134,163,0,0,3,0,300,575,FINAL (ENTRADA MANUAL)
30,15,1,85,172,0,0,6,0,263,621,FINAL (ENTRADA MANUAL)
30,15,2,120,155,0,0,4,0,279,621,FINAL (ENTRADA MANUAL)
30,15,3,98,175,0,0,5,0,278,621,FINAL (ENTRADA MANUAL)
30,15,4,95,151,0,0,6,0,252,622,FINAL (ENTRADA MANUAL)
30,16,1,93,133,1,0,10,0,237,444,FINAL (ENTRADA MANUAL)
30,16,2,77,138,1,0,16,0,232,444,FINAL (ENTRADA MANUAL)
30,74,1,32,54,0,0,4,0,90,0,FINAL (ENTRADA MANUAL)
30,74,2,37,53,0,0,1,0,91,0,FINAL (ENTRADA MANUAL)
30,74,3,35,53,0,0,2,0,90,0,FINAL (ENTRADA MANUAL)
30,74,4,22,67,0,0,4,0,93,0,FINAL (ENTRADA MANUAL)
30,74,5,22,40,0,0,3,0,65,0,FINAL (ENTRADA MANUAL)
30,74,6,27,44,0,0,0,0,71,0,FINAL (ENTRADA MANUAL)
30,74,7,11,57,0,0,2,0,70,0,FINAL (ENTRADA MANUAL)
30,74,8,17,47,0,0,4,0,68,0,FINAL (ENTRADA MANUAL)
30,74,9,23,60,0,0,1,0,84,0,FINAL (ENTRADA MANUAL)
30,74,10,18,60,0,0,5,0,83,0,FINAL (ENTRADA MANUAL)
30,74,11,31,51,0,0,3,0,85,0,FINAL (ENTRADA MANUAL)
30,74,12,23,58,1,0,0,0,82,0,FINAL (ENTRADA MANUAL)
30,74,13,23,55,0,0,8,0,86,0,FINAL (ENTRADA MANUAL)
30,74,14,19,64,0,0,4,0,87,0,FINAL (ENTRADA MANUAL)
30,74,15,6,62,0,0,3,0,71,0,FINAL (ENTRADA MANUAL)
30,74,16,15,63,0,0,1,0,79,0,FINAL (ENTRADA MANUAL)
30,74,17,0,0,0,0,0,0,0,0,FINAL (ENTRADA MANUAL)
30,74,18,0,0,0,0,0,0,0,0,FINAL (ENTRADA MANUAL)
30,75,1,26,22,0,0,0,2,50,0,FINAL (ENTRADA MANUAL)
30,75,2,0,0,0,0,0,0,0,0,FINAL (ENTRADA MANUAL)
30,75,3,0,0,0,0,0,0,0,0,FINAL (ENTRADA MANUAL)
30,77,1,515,906,0,0,0,0,1421,0,FINAL (ENTRADA MANUAL)
30,77,2,147,221,0,0,0,0,368,0,FINAL (ENTRADA MANUAL)
30,77,3,145,207,0,0,7,5,380,0,FINAL (ENTRADA MANUAL)
30,77,5,0,0,0,0,0,0,0,0,FINAL (ENTRADA MANUAL)
30,78,1,27,43,0,0,0,1,71,0,FINAL (ENTRADA MANUAL)
30,78,2,0,0,0,0,0,0,0,0,FINAL (ENTRADA MANUAL)
30,78,3,0,0,0,0,0,0,0,0,FINAL (ENTRADA MANUAL)
31,1,1,65,79,0,0,2,0,146,342,FINAL (ENTRADA MANUAL)
31,1,2,66,94,0,0,3,0,163,341,FINAL (ENTRADA MANUAL)
31,2,1,127,132,1,0,3,0,263,585,FINAL (ENTRADA MANUAL)
31,2,2,101,114,0,0,4,0,219,585,FINAL (ENTRADA MANUAL)
31,2,3,132,94,0,0,6,0,232,584,FINAL (ENTRADA MANUAL)
31,3,1,123,124,2,0,3,0,252,521,FINAL (ENTRADA MANUAL)
31,3,2,86,112,0,0,5,0,203,521,FINAL (ENTRADA MANUAL)
31,3,3,127,107,0,0,4,0,238,521,FINAL (ENTRADA MANUAL)
31,3,4,75,129,0,0,0,0,204,521,FINAL (ENTRADA MANUAL)
31,3,5,101,113,0,0,9,0,223,520,FINAL (ENTRADA MANUAL)
31,4,1,142,132,0,0,13,0,287,595,FINAL (ENTRADA MANUAL)
31,4,2,121,146,0,0,5,0,272,595,FINAL (ENTRADA MANUAL)
31,5,1,145,95,2,0,10,0,252,528,FINAL (ENTRADA MANUAL)
31,5,2,103,111,0,0,13,0,227,528,FINAL (ENTRADA MANUAL)
31,5,3,112,136,0,0,4,0,252,528,FINAL (ENTRADA MANUAL)
31,5,4,118,133,0,0,6,0,257,528,FINAL (ENTRADA MANUAL)
31,5,5,113,136,0,0,10,0,259,528,FINAL (ENTRADA MANUAL)
31,5,6,108,127,0,0,3,0,238,531,FINAL (ENTRADA MANUAL)
31,6,1,102,154,0,0,3,0,259,592,FINAL (ENTRADA MANUAL)
31,6,2,126,150,2,0,2,0,280,592,FINAL (ENTRADA MANUAL)
31,6,3,111,149,0,0,4,0,264,592,FINAL (ENTRADA MANUAL)
31,6,4,107,140,0,0,14,0,261,592,FINAL (ENTRADA MANUAL)
31,6,5,98,127,1,0,4,0,230,592,FINAL (ENTRADA MANUAL)
31,6,6,120,141,0,0,6,1,268,592,FINAL (ENTRADA MANUAL)
31,7,1,140,103,1,0,3,0,248,515,FINAL (ENTRADA MANUAL)
31,7,2,140,82,1,0,10,0,233,515,FINAL (ENTRADA MANUAL)
31,7,3,146,86,1,0,2,0,234,514,FINAL (ENTRADA MANUAL)
31,8,1,87,116,0,0,1,0,204,454,FINAL (ENTRADA MANUAL)
31,8,2,57,111,0,0,7,0,175,454,FINAL (ENTRADA MANUAL)
31,9,1,129,125,0,0,3,0,257,405,FINAL (ENTRADA MANUAL)
31,10,1,98,134,2,0,9,0,243,590,FINAL (ENTRADA MANUAL)
31,10,2,78,121,0,0,9,0,208,590,FINAL (ENTRADA MANUAL)
31,11,1,99,137,0,0,12,0,248,472,FINAL (ENTRADA MANUAL)
31,11,2,92,128,0,0,17,0,237,472,FINAL (ENTRADA MANUAL)
31,11,3,108,136,0,0,1,0,245,471,FINAL (ENTRADA MANUAL)
31,74,1,60,38,0,0,4,0,102,0,FINAL (ENTRADA MANUAL)
31,74,2,54,46,0,0,3,0,103,0,FINAL (ENTRADA MANUAL)
31,74,3,44,51,0,0,3,0,98,0,FINAL (ENTRADA MANUAL)
31,74,4,29,32,0,0,1,0,62,0,FINAL (ENTRADA MANUAL)
31,74,5,40,60,0,0,1,0,101,0,FINAL (ENTRADA MANUAL)
31,74,6,30,49,1,0,0,0,80,0,FINAL (ENTRADA MANUAL)
31,74,7,31,46,0,0,2,0,79,0,FINAL (ENTRADA MANUAL)
31,74,8,0,0,0,0,0,0,0,0,FINAL (ENTRADA MANUAL)
31,74,9,0,0,0,0,0,0,0,0,FINAL (ENTRADA MANUAL)
31,75,1,1,0,0,0,0,0,1,0,FINAL (ENTRADA MANUAL)
31,75,2,0,0,0,0,0,0,0,0,FINAL (ENTRADA MANUAL)
31,75,3,0,0,0,0,0,0,0,0,FINAL (ENTRADA MANUAL)
31,75,4,0,0,0,0,0,0,0,0,FINAL (ENTRADA MANUAL)
31,77,1,178,273,0,0,0,0,451,0,FINAL (ENTRADA MANUAL)
31,77,2,238,313,0,0,0,0,551,0,FINAL (ENTRADA MANUAL)
31,77,3,2,2,0,0,0,0,4,0,FINAL (ENTRADA MANUAL)
31,77,5,0,0,0,0,0,0,0,0,FINAL (ENTRADA MANUAL)
31,78,1,0,0,0,0,0,0,0,0,FINAL (ENTRADA MANUAL)
31,78,2,0,0,0,0,0,0,0,0,FINAL (ENTRADA MANUAL)
31,78,3,0,0,0,0,0,0,0,0,FINAL (ENTRADA MANUAL)
31,79,1,0,0,0,0,0,0,0,0,FINAL (ENTRADA MANUAL)
32,1,1,126,122,0,0,3,0,251,560,FINAL (ENTRADA MANUAL)
32,1,2,121,120,1,0,6,0,248,560,FINAL (ENTRADA MANUAL)
32,1,3,122,119,0,0,9,0,250,560,FINAL (ENTRADA MANUAL)
32,1,4,121,117,0,0,3,0,241,560,FINAL (ENTRADA MANUAL)
32,1,5,126,139,2,0,4,0,271,560,FINAL (ENTRADA MANUAL)
32,1,6,153,112,0,0,5,0,270,561,FINAL (ENTRADA MANUAL)
32,2,1,121,123,0,0,13,0,257,606,FINAL (ENTRADA MANUAL)
32,2,2,118,144,0,0,12,0,274,606,FINAL (ENTRADA MANUAL)
32,2,3,112,124,0,0,10,0,246,605,FINAL (ENTRADA MANUAL)
32,3,1,128,116,2,0,15,0,261,581,FINAL (ENTRADA MANUAL)
32,3,2,103,115,0,0,8,0,226,581,FINAL (ENTRADA MANUAL)
32,4,1,152,135,1,0,6,0,294,608,FINAL (ENTRADA MANUAL)
32,4,2,133,121,0,0,42,0,296,608,FINAL (ENTRADA MANUAL)
32,4,3,129,115,1,0,22,0,267,608,FINAL (ENTRADA MANUAL)
32,5,1,103,143,1,0,6,0,253,502,FINAL (ENTRADA MANUAL)
32,5,2,108,141,1,0,10,0,260,502,FINAL (ENTRADA MANUAL)
32,5,3,99,134,0,0,16,0,249,503,FINAL (ENTRADA MANUAL)
32,6,1,96,99,0,0,11,0,206,414,FINAL (ENTRADA MANUAL)
32,6,2,98,97,1,0,14,0,210,414,FINAL (ENTRADA MANUAL)
32,6,3,83,99,0,0,21,0,203,414,FINAL (ENTRADA MANUAL)
32,7,1,85,157,0,0,5,0,247,470,FINAL (ENTRADA MANUAL)
32,7,2,95,131,0,0,15,0,241,470,FINAL (ENTRADA MANUAL)
32,7,3,104,142,0,0,2,0,248,471,FINAL (ENTRADA MANUAL)
32,8,1,80,106,0,0,2,0,188,334,FINAL (ENTRADA MANUAL)
32,9,1,117,103,0,0,7,0,227,560,FINAL (ENTRADA MANUAL)
32,9,2,107,110,0,0,11,0,228,560,FINAL (ENTRADA MANUAL)
32,9,3,126,108,0,0,17,0,251,560,FINAL (ENTRADA MANUAL)
32,10,1,178,101,0,0,6,0,285,574,FINAL (ENTRADA MANUAL)
32,10,2,159,100,0,0,24,0,283,574,FINAL (ENTRADA MANUAL)
32,11,1,48,61,0,0,3,0,112,222,FINAL (ENTRADA MANUAL)
32,12,1,94,99,0,0,8,0,201,336,FINAL (ENTRADA MANUAL)
32,13,1,103,87,0,0,17,0,207,439,FINAL (ENTRADA MANUAL)
32,13,2,119,84,0,0,15,0,218,439,FINAL (ENTRADA MANUAL)
32,14,1,125,112,1,0,28,0,266,544,FINAL (ENTRADA MANUAL)
32,14,2,111,106,0,0,18,0,235,544,FINAL (ENTRADA MANUAL)
32,14,3,131,123,0,0,22,0,276,544,FINAL (ENTRADA MANUAL)
32,14,4,107,105,0,0,13,0,225,545,FINAL (ENTRADA MANUAL)
32,15,1,58,139,0,0,4,0,201,432,FINAL (ENTRADA MANUAL)
32,15,2,78,131,0,0,8,0,217,431,FINAL (ENTRADA MANUAL)
32,16,1,87,107,0,0,22,0,216,552,FINAL (ENTRADA MANUAL)
32,16,2,98,83,0,0,38,0,219,552,FINAL (ENTRADA MANUAL)
32,16,3,127,128,0,0,10,0,265,551,FINAL (ENTRADA MANUAL)
32,17,1,93,109,1,0,14,0,217,431,FINAL (ENTRADA MANUAL)
32,17,2,88,115,1,0,9,0,213,431,FINAL (ENTRADA MANUAL)
32,18,1,118,119,0,0,5,0,242,531,FINAL (ENTRADA MANUAL)
32,18,2,84,127,0,0,0,0,211,531,FINAL (ENTRADA MANUAL)
32,18,3,124,98,0,0,8,0,230,531,FINAL (ENTRADA MANUAL)
32,18,4,113,127,0,0,4,0,244,531,FINAL (ENTRADA MANUAL)
32,18,5,99,115,2,0,25,0,241,531,FINAL (ENTRADA MANUAL)
32,19,1,100,133,0,0,0,0,233,501,FINAL (ENTRADA MANUAL)
32,19,2,129,125,0,0,3,0,257,501,FINAL (ENTRADA MANUAL)
32,19,3,98,147,1,0,15,0,261,501,FINAL (ENTRADA MANUAL)
32,19,4,105,113,2,0,3,0,223,500,FINAL (ENTRADA MANUAL)
32,20,1,95,131,1,0,4,0,231,419,FINAL (ENTRADA MANUAL)
32,20,2,108,96,0,0,10,0,214,419,FINAL (ENTRADA MANUAL)
32,20,3,108,132,0,0,3,0,243,419,FINAL (ENTRADA MANUAL)
32,21,1,131,101,0,0,10,0,242,511,FINAL (ENTRADA MANUAL)
32,21,2,149,109,0,0,4,0,262,511,FINAL (ENTRADA MANUAL)
32,22,1,128,135,0,0,6,0,269,582,FINAL (ENTRADA MANUAL)
32,22,2,122,108,0,0,18,0,248,581,FINAL (ENTRADA MANUAL)
32,74,1,63,34,0,0,3,0,100,0,FINAL (ENTRADA MANUAL)
32,74,2,63,40,0,0,0,0,103,0,FINAL (ENTRADA MANUAL)
32,74,3,69,32,0,0,4,0,105,0,FINAL (ENTRADA MANUAL)
32,74,4,65,37,0,0,2,0,104,0,FINAL (ENTRADA MANUAL)
32,74,5,58,37,2,0,4,0,101,0,FINAL (ENTRADA MANUAL)
32,74,6,36,8,0,0,1,0,45,0,FINAL (ENTRADA MANUAL)
32,74,7,51,56,1,0,3,0,111,0,FINAL (ENTRADA MANUAL)
32,74,8,54,39,0,0,13,0,106,0,FINAL (ENTRADA MANUAL)
32,74,9,0,0,0,0,0,0,0,0,FINAL (ENTRADA MANUAL)
32,74,10,0,0,0,0,0,0,0,0,FINAL (ENTRADA MANUAL)
32,74,11,0,0,0,0,0,0,0,0,FINAL (ENTRADA MANUAL)
32,75,1,22,23,0,0,5,3,53,0,FINAL (ENTRADA MANUAL)
32,75,2,0,0,0,0,0,0,0,0,FINAL (ENTRADA MANUAL)
32,75,3,0,0,0,0,0,0,0,0,FINAL (ENTRADA MANUAL)
32,75,4,0,0,0,0,0,0,0,0,FINAL (ENTRADA MANUAL)
32,77,1,1803,2647,0,0,5,0,4455,0,FINAL (ENTRADA MANUAL)
32,77,2,85,181,0,0,0,0,266,0,FINAL (ENTRADA MANUAL)
32,77,3,0,0,0,0,0,0,0,0,FINAL (ENTRADA MANUAL)
32,77,5,0,0,0,0,0,0,0,0,FINAL (ENTRADA MANUAL)
32,78,1,26,36,0,0,1,1,64,0,FINAL (ENTRADA MANUAL)
32,78,2,0,0,0,0,0,0,0,0,FINAL (ENTRADA MANUAL)
32,78,3,0,0,0,0,0,0,0,0,FINAL (ENTRADA MANUAL)
33,1,1,121,138,0,0,6,0,265,536,FINAL (ENTRADA MANUAL)
33,1,2,105,156,0,0,8,0,269,536,FINAL (ENTRADA MANUAL)
33,1,3,123,128,0,0,4,0,255,536,FINAL (ENTRADA MANUAL)
33,1,4,121,118,0,0,5,0,244,534,FINAL (ENTRADA MANUAL)
33,2,1,102,124,2,0,10,0,238,510,FINAL (ENTRADA MANUAL)
33,2,2,111,102,0,0,2,0,215,510,FINAL (ENTRADA MANUAL)
33,2,3,101,120,0,0,11,0,232,510,FINAL (ENTRADA MANUAL)
33,3,1,111,130,0,0,14,0,255,559,FINAL (ENTRADA MANUAL)
33,3,2,119,117,0,0,8,0,244,559,FINAL (ENTRADA MANUAL)
33,4,1,113,117,0,0,6,0,236,541,FINAL (ENTRADA MANUAL)
33,4,2,121,107,1,0,6,0,235,541,FINAL (ENTRADA MANUAL)
33,5,1,115,83,1,0,15,0,214,464,FINAL (ENTRADA MANUAL)
33,6,1,109,89,0,0,4,0,202,469,FINAL (ENTRADA MANUAL)
33,6,2,98,125,0,0,7,0,230,469,FINAL (ENTRADA MANUAL)
33,6,3,126,104,0,0,8,0,238,469,FINAL (ENTRADA MANUAL)
33,7,1,96,144,0,0,4,0,244,550,FINAL (ENTRADA MANUAL)
33,7,2,113,101,1,0,12,0,227,550,FINAL (ENTRADA MANUAL)
33,7,3,126,131,3,0,7,0,267,550,FINAL (ENTRADA MANUAL)
33,7,4,119,89,0,0,6,0,214,552,FINAL (ENTRADA MANUAL)
33,8,1,109,112,0,0,12,0,233,448,FINAL (ENTRADA MANUAL)
33,8,2,105,104,0,0,3,0,212,448,FINAL (ENTRADA MANUAL)
33,8,3,101,110,0,0,11,0,222,448,FINAL (ENTRADA MANUAL)
33,8,4,93,114,0,0,6,0,213,448,FINAL (ENTRADA MANUAL)
33,9,1,104,145,1,0,9,0,259,557,FINAL (ENTRADA MANUAL)
33,10,1,113,98,0,0,6,0,217,544,FINAL (ENTRADA MANUAL)
33,10,2,102,113,0,0,15,0,230,544,FINAL (ENTRADA MANUAL)
33,10,3,104,98,1,0,6,0,209,544,FINAL (ENTRADA MANUAL)
33,10,4,117,124,1,0,5,0,247,544,FINAL (ENTRADA MANUAL)
33,10,5,87,121,0,0,14,0,222,546,FINAL (ENTRADA MANUAL)
33,11,1,117,92,0,0,14,0,223,483,FINAL (ENTRADA MANUAL)
33,11,2,113,95,0,0,11,0,219,483,FINAL (ENTRADA MANUAL)
33,12,1,103,130,0,0,3,0,236,512,FINAL (ENTRADA MANUAL)
33,12,2,98,124,0,0,3,0,225,512,FINAL (ENTRADA MANUAL)
33,12,3,85,116,0,0,8,0,209,512,FINAL (ENTRADA MANUAL)
33,12,4,92,102,0,0,11,0,205,512,FINAL (ENTRADA MANUAL)
33,13,1,106,99,0,0,13,0,218,477,FINAL (ENTRADA MANUAL)
33,13,2,114,101,1,0,12,0,228,477,FINAL (ENTRADA MANUAL)
33,13,3,93,108,2,0,24,0,227,477,FINAL (ENTRADA MANUAL)
33,13,4,108,89,1,0,6,0,204,477,FINAL (ENTRADA MANUAL)
33,14,1,73,86,0,0,18,0,177,398,FINAL (ENTRADA MANUAL)
33,14,2,99,78,1,0,2,0,180,398,FINAL (ENTRADA MANUAL)
33,15,1,138,105,0,0,4,0,247,549,FINAL (ENTRADA MANUAL)
33,15,2,103,111,0,0,9,0,223,549,FINAL (ENTRADA MANUAL)
33,15,3,107,121,0,0,4,0,232,549,FINAL (ENTRADA MANUAL)
33,15,4,126,102,1,0,6,0,235,548,FINAL (ENTRADA MANUAL)
33,16,1,51,84,1,0,7,0,143,337,FINAL (ENTRADA MANUAL)
33,17,1,105,96,0,0,7,0,208,464,FINAL (ENTRADA MANUAL)
33,17,2,110,93,0,0,16,0,219,464,FINAL (ENTRADA MANUAL)
33,18,1,67,107,0,0,21,0,195,515,FINAL (ENTRADA MANUAL)
33,18,2,91,99,0,0,15,0,205,515,FINAL (ENTRADA MANUAL)
33,18,3,103,102,0,0,7,0,212,514,FINAL (ENTRADA MANUAL)
33,19,1,94,113,2,0,7,0,216,540,FINAL (ENTRADA MANUAL)
33,19,2,97,107,0,0,12,0,216,540,FINAL (ENTRADA MANUAL)
33,19,3,104,117,0,0,4,0,225,540,FINAL (ENTRADA MANUAL)
33,19,4,95,113,0,0,3,0,211,540,FINAL (ENTRADA MANUAL)
33,19,5,97,91,0,0,15,0,203,538,FINAL (ENTRADA MANUAL)
33,20,1,73,127,0,0,2,0,202,436,FINAL (ENTRADA MANUAL)
33,20,2,77,133,0,0,5,0,215,437,FINAL (ENTRADA MANUAL)
33,74,1,41,35,0,0,0,0,76,0,FINAL (ENTRADA MANUAL)
33,74,2,47,34,0,0,4,0,85,0,FINAL (ENTRADA MANUAL)
33,74,3,24,52,0,0,1,0,77,0,FINAL (ENTRADA MANUAL)
33,74,4,35,45,0,0,0,0,80,0,FINAL (ENTRADA MANUAL)
33,74,5,26,38,0,0,2,0,66,0,FINAL (ENTRADA MANUAL)
33,74,6,38,24,0,0,1,0,63,0,FINAL (ENTRADA MANUAL)
33,74,7,48,42,0,0,1,0,91,0,FINAL (ENTRADA MANUAL)
33,74,8,47,49,0,0,3,0,99,0,FINAL (ENTRADA MANUAL)
33,74,9,36,40,0,0,1,0,77,0,FINAL (ENTRADA MANUAL)
33,74,10,29,36,0,0,8,0,73,0,FINAL (ENTRADA MANUAL)
33,74,11,30,37,0,0,2,0,69,0,FINAL (ENTRADA MANUAL)
33,74,12,252,249,0,0,0,0,501,0,FINAL (ENTRADA MANUAL)
33,75,1,1,0,0,0,0,0,1,0,FINAL (ENTRADA MANUAL)
33,75,2,5,2,0,0,0,0,7,0,FINAL (ENTRADA MANUAL)
33,75,3,0,0,0,0,0,0,0,0,FINAL (ENTRADA MANUAL)
33,75,4,0,0,0,0,0,0,0,0,FINAL (ENTRADA MANUAL)
33,75,5,0,0,0,0,0,0,0,0,FINAL (ENTRADA MANUAL)
33,77,1,0,0,0,0,0,0,0,0,FINAL (ENTRADA MANUAL)
33,77,2,253,369,0,0,2,0,624,0,FINAL (ENTRADA MANUAL)
33,77,3,192,261,0,0,34,8,495,0,FINAL (ENTRADA MANUAL)
33,77,5,0,0,0,0,0,0,0,0,FINAL (ENTRADA MANUAL)
33,78,1,0,0,0,0,0,0,0,0,FINAL (ENTRADA MANUAL)
33,78,2,48,74,0,0,2,0,124,0,FINAL (ENTRADA MANUAL)
33,78,3,0,0,0,0,0,0,0,0,FINAL (ENTRADA MANUAL)
34,1,1,87,90,0,0,1,0,178,350,FINAL (ENTRADA MANUAL)
34,1,2,71,88,1,0,7,0,167,351,FINAL (ENTRADA MANUAL)
34,2,1,98,117,0,0,17,0,232,437,FINAL (ENTRADA MANUAL)
34,2,2,98,97,0,0,26,0,221,437,FINAL (ENTRADA MANUAL)
34,2,3,86,114,0,0,29,0,229,438,FINAL (ENTRADA MANUAL)
34,3,1,88,64,0,0,22,0,174,306,FINAL (ENTRADA MANUAL)
34,3,2,95,71,0,0,13,0,179,307,FINAL (ENTRADA MANUAL)
34,4,1,85,132,0,0,18,0,235,422,FINAL (ENTRADA MANUAL)
34,4,2,114,115,1,0,7,0,237,422,FINAL (ENTRADA MANUAL)
34,4,3,113,115,0,0,7,0,235,423,FINAL (ENTRADA MANUAL)
34,5,1,81,129,1,0,3,0,214,415,FINAL (ENTRADA MANUAL)
34,5,2,76,133,0,0,17,0,226,415,FINAL (ENTRADA MANUAL)
34,5,3,80,142,1,0,0,0,223,414,FINAL (ENTRADA MANUAL)
34,6,1,106,147,0,0,19,0,272,513,FINAL (ENTRADA MANUAL)
34,7,1,71,114,0,0,9,0,194,339,FINAL (ENTRADA MANUAL)
34,7,2,64,97,0,0,5,0,166,339,FINAL (ENTRADA MANUAL)
34,8,1,78,155,0,0,7,0,240,423,FINAL (ENTRADA MANUAL)
34,8,2,108,125,0,0,27,0,260,423,FINAL (ENTRADA MANUAL)
34,9,1,105,166,1,0,26,0,298,562,FINAL (ENTRADA MANUAL)
34,74,1,22,53,0,0,3,0,78,0,FINAL (ENTRADA MANUAL)
34,74,2,22,54,0,0,4,0,80,0,FINAL (ENTRADA MANUAL)
34,74,3,17,46,0,0,0,0,63,0,FINAL (ENTRADA MANUAL)
34,74,4,20,40,0,0,3,0,63,0,FINAL (ENTRADA MANUAL)
34,75,1,3,2,0,0,0,0,5,0,FINAL (ENTRADA MANUAL)
34,77,1,331,393,0,0,0,0,724,0,FINAL (ENTRADA MANUAL)
34,77,2,89,117,0,0,0,0,206,0,FINAL (ENTRADA MANUAL)
34,77,3,1,2,0,0,0,0,3,0,FINAL (ENTRADA MANUAL)
34,77,5,0,0,0,0,0,0,0,0,FINAL (ENTRADA MANUAL)
34,78,1,25,19,0,0,2,0,46,0,FINAL (ENTRADA MANUAL)
34,78,2,0,0,0,0,0,0,0,0,FINAL (ENTRADA MANUAL)
34,78,3,0,0,0,0,0,0,0,0,FINAL (ENTRADA MANUAL)
34,79,1,0,0,0,0,0,0,0,0,FINAL (ENTRADA MANUAL)
34,79,2,0,0,0,0,0,1,1,0,FINAL (ENTRADA MANUAL)
35,1,1,66,118,0,0,10,0,194,555,FINAL (ENTRADA MANUAL)
35,1,2,52,113,0,0,10,0,175,555,FINAL (ENTRADA MANUAL)
35,1,3,66,110,0,0,10,0,186,556,FINAL (ENTRADA MANUAL)
35,2,1,83,136,0,0,6,0,225,543,FINAL (ENTRADA MANUAL)
35,2,2,104,120,0,0,1,0,225,543,FINAL (ENTRADA MANUAL)
35,2,3,88,117,0,0,9,0,214,543,FINAL (ENTRADA MANUAL)
35,3,1,112,138,0,0,5,0,255,543,FINAL (ENTRADA MANUAL)
35,3,2,132,125,0,0,2,0,259,543,FINAL (ENTRADA MANUAL)
35,3,3,114,130,0,0,4,0,248,543,FINAL (ENTRADA MANUAL)
35,3,4,109,102,1,0,7,0,219,542,FINAL (ENTRADA MANUAL)
35,4,1,124,135,0,0,2,0,261,614,FINAL (ENTRADA MANUAL)
35,4,2,103,146,0,0,15,0,264,614,FINAL (ENTRADA MANUAL)
35,5,1,118,106,0,0,15,0,239,442,FINAL (ENTRADA MANUAL)
35,5,2,105,114,0,0,8,0,227,442,FINAL (ENTRADA MANUAL)
35,5,3,109,118,0,0,6,0,233,442,FINAL (ENTRADA MANUAL)
35,5,4,114,96,0,0,6,0,216,441,FINAL (ENTRADA MANUAL)
35,6,1,99,137,0,0,2,0,238,506,FINAL (ENTRADA MANUAL)
35,6,2,108,109,1,0,6,0,224,506,FINAL (ENTRADA MANUAL)
35,6,3,110,119,1,0,7,0,237,507,FINAL (ENTRADA MANUAL)
35,7,1,67,94,0,0,7,0,168,479,FINAL (ENTRADA MANUAL)
35,7,2,75,103,0,0,2,0,180,479,FINAL (ENTRADA MANUAL)
35,8,1,134,155,0,0,10,0,299,605,FINAL (ENTRADA MANUAL)
35,8,2,109,124,1,0,11,0,245,605,FINAL (ENTRADA MANUAL)
35,8,3,98,128,0,0,23,0,249,605,FINAL (ENTRADA MANUAL)
35,8,4,119,126,0,0,8,0,253,605,FINAL (ENTRADA MANUAL)
35,8,5,97,111,1,0,28,0,237,605,FINAL (ENTRADA MANUAL)
35,8,6,120,126,1,0,3,0,250,605,FINAL (ENTRADA MANUAL)
35,9,1,89,140,0,0,11,0,240,511,FINAL (ENTRADA MANUAL)
35,9,2,82,142,1,0,1,0,226,511,FINAL (ENTRADA MANUAL)
35,9,3,92,129,0,0,2,0,223,510,FINAL (ENTRADA MANUAL)
35,10,1,94,106,0,0,15,0,215,468,FINAL (ENTRADA MANUAL)
35,10,2,83,98,0,0,11,0,192,468,FINAL (ENTRADA MANUAL)
35,10,3,95,91,0,0,4,0,190,469,FINAL (ENTRADA MANUAL)
35,11,1,107,141,0,0,5,0,253,569,FINAL (ENTRADA MANUAL)
35,11,2,83,140,0,0,9,0,232,569,FINAL (ENTRADA MANUAL)
35,11,3,116,128,0,0,10,0,254,569,FINAL (ENTRADA MANUAL)
35,11,4,99,141,0,0,18,0,258,570,FINAL (ENTRADA MANUAL)
35,12,1,148,152,0,0,6,0,306,591,FINAL (ENTRADA MANUAL)
35,12,2,121,139,0,0,1,0,261,591,FINAL (ENTRADA MANUAL)
35,12,3,102,137,1,0,15,0,255,591,FINAL (ENTRADA MANUAL)
35,12,4,83,164,1,0,9,0,257,591,FINAL (ENTRADA MANUAL)
35,12,5,115,147,0,0,2,0,264,591,FINAL (ENTRADA MANUAL)
35,12,6,106,154,0,0,3,0,263,591,FINAL (ENTRADA MANUAL)
35,13,1,89,125,0,0,8,0,222,423,FINAL (ENTRADA MANUAL)
35,13,2,90,121,0,0,2,0,213,423,FINAL (ENTRADA MANUAL)
35,13,3,73,130,0,0,1,0,204,422,FINAL (ENTRADA MANUAL)
35,14,1,105,135,1,0,8,0,249,500,FINAL (ENTRADA MANUAL)
35,14,2,92,125,1,0,6,0,224,500,FINAL (ENTRADA MANUAL)
35,14,3,88,118,0,0,29,0,235,499,FINAL (ENTRADA MANUAL)
35,15,1,96,138,0,0,4,0,238,561,FINAL (ENTRADA MANUAL)
35,15,2,77,124,0,0,18,0,219,561,FINAL (ENTRADA MANUAL)
35,15,3,86,138,2,0,12,0,238,561,FINAL (ENTRADA MANUAL)
35,15,4,73,132,0,0,5,0,210,560,FINAL (ENTRADA MANUAL)
35,16,1,61,113,2,0,6,0,182,437,FINAL (ENTRADA MANUAL)
35,16,2,51,102,0,0,11,0,164,437,FINAL (ENTRADA MANUAL)
35,16,3,72,108,0,0,3,0,183,438,FINAL (ENTRADA MANUAL)
35,17,1,124,118,0,0,2,0,244,533,FINAL (ENTRADA MANUAL)
35,17,2,95,138,0,0,10,0,243,533,FINAL (ENTRADA MANUAL)
35,17,3,105,141,0,0,5,0,251,533,FINAL (ENTRADA MANUAL)
35,17,4,126,122,0,0,7,0,255,533,FINAL (ENTRADA MANUAL)
35,17,5,120,124,0,0,6,0,250,533,FINAL (ENTRADA MANUAL)
35,18,1,55,128,0,0,15,0,198,414,FINAL (ENTRADA MANUAL)
35,18,2,81,109,0,0,6,0,196,414,FINAL (ENTRADA MANUAL)
35,18,3,56,131,0,0,12,0,199,414,FINAL (ENTRADA MANUAL)
35,19,1,98,127,0,0,6,0,231,600,FINAL (ENTRADA MANUAL)
35,19,2,98,106,1,0,13,0,218,600,FINAL (ENTRADA MANUAL)
35,19,3,102,129,1,0,4,0,236,600,FINAL (ENTRADA MANUAL)
35,19,4,98,128,0,0,5,0,231,598,FINAL (ENTRADA MANUAL)
35,74,1,20,50,0,0,3,0,73,0,FINAL (ENTRADA MANUAL)
35,74,2,24,48,0,0,3,0,75,0,FINAL (ENTRADA MANUAL)
35,74,3,15,58,0,0,1,0,74,0,FINAL (ENTRADA MANUAL)
35,74,4,26,50,0,0,2,0,78,0,FINAL (ENTRADA MANUAL)
35,74,5,22,59,0,0,2,0,83,0,FINAL (ENTRADA MANUAL)
35,74,6,17,55,0,0,0,0,72,0,FINAL (ENTRADA MANUAL)
35,74,7,17,71,0,0,2,0,90,0,FINAL (ENTRADA MANUAL)
35,74,8,21,72,0,0,8,0,101,0,FINAL (ENTRADA MANUAL)
35,74,9,30,66,0,0,3,0,99,0,FINAL (ENTRADA MANUAL)
35,74,10,20,51,0,0,0,0,71,0,FINAL (ENTRADA MANUAL)
35,74,11,30,36,0,0,0,0,66,0,FINAL (ENTRADA MANUAL)
35,74,12,0,0,0,0,0,0,0,0,FINAL (ENTRADA MANUAL)
35,74,13,0,0,0,0,0,0,0,0,FINAL (ENTRADA MANUAL)
35,75,1,2,3,0,0,0,1,6,0,FINAL (ENTRADA MANUAL)
35,75,2,0,0,0,0,0,0,0,0,FINAL (ENTRADA MANUAL)
35,77,1,526,805,0,0,0,0,1331,0,FINAL (ENTRADA MANUAL)
35,77,2,277,459,0,0,0,0,736,0,FINAL (ENTRADA MANUAL)
35,77,3,3,20,0,0,1,0,24,0,FINAL (ENTRADA MANUAL)
35,77,5,3,20,0,0,0,1,24,0,FINAL (ENTRADA MANUAL)
35,78,1,48,98,0,0,7,0,153,0,FINAL (ENTRADA MANUAL)
35,78,2,0,0,0,0,0,0,0,0,FINAL (ENTRADA MANUAL)
35,78,3,0,0,0,0,0,0,0,0,FINAL (ENTRADA MANUAL)
35,79,1,0,0,0,0,0,0,0,0,FINAL (ENTRADA MANUAL)
35,79,2,0,0,0,0,0,0,0,0,FINAL (ENTRADA MANUAL)
35,80,1,0,0,0,0,0,0,0,0,FINAL (ENTRADA MANUAL)
36,1,1,52,149,0,0,27,0,228,394,FINAL (ENTRADA MANUAL)
36,1,2,45,148,1,0,19,0,213,395,FINAL (ENTRADA MANUAL)
36,2,1,119,99,0,0,9,0,227,481,FINAL (ENTRADA MANUAL)
36,2,2,87,118,0,0,15,0,220,481,FINAL (ENTRADA MANUAL)
36,2,3,88,133,0,0,4,0,225,481,FINAL (ENTRADA MANUAL)
36,2,4,105,107,0,0,8,0,220,481,FINAL (ENTRADA MANUAL)
36,2,5,103,109,1,0,22,0,235,480,FINAL (ENTRADA MANUAL)
36,3,1,119,109,2,0,5,0,235,494,FINAL (ENTRADA MANUAL)
36,3,2,101,110,0,0,15,0,226,494,FINAL (ENTRADA MANUAL)
36,3,3,82,120,0,0,7,0,209,494,FINAL (ENTRADA MANUAL)
36,3,4,117,123,0,0,13,0,253,495,FINAL (ENTRADA MANUAL)
36,4,1,67,131,1,0,20,0,219,518,FINAL (ENTRADA MANUAL)
36,4,2,79,163,0,0,0,0,242,518,FINAL (ENTRADA MANUAL)
36,4,3,67,123,0,0,4,0,194,518,FINAL (ENTRADA MANUAL)
36,4,4,81,133,1,0,1,0,216,518,FINAL (ENTRADA MANUAL)
36,4,5,78,148,1,0,8,0,235,519,FINAL (ENTRADA MANUAL)
36,5,1,104,169,2,0,10,0,285,567,FINAL (ENTRADA MANUAL)
36,5,2,92,130,0,0,1,0,223,567,FINAL (ENTRADA MANUAL)
36,5,3,86,143,1,0,9,0,239,567,FINAL (ENTRADA MANUAL)
36,5,4,86,161,0,0,1,0,248,567,FINAL (ENTRADA MANUAL)
36,5,5,92,141,0,0,10,0,243,567,FINAL (ENTRADA MANUAL)
36,5,6,107,119,1,0,4,0,231,566,FINAL (ENTRADA MANUAL)
36,6,1,136,106,0,0,4,0,246,550,FINAL (ENTRADA MANUAL)
36,6,2,104,108,0,0,8,0,220,550,FINAL (ENTRADA MANUAL)
36,6,3,96,139,0,0,9,0,244,550,FINAL (ENTRADA MANUAL)
36,6,4,81,134,0,0,10,0,225,550,FINAL (ENTRADA MANUAL)
36,6,5,94,132,0,0,14,0,240,550,FINAL (ENTRADA MANUAL)
36,6,6,96,128,0,0,3,0,227,550,FINAL (ENTRADA MANUAL)
36,6,7,98,138,1,0,3,0,240,549,FINAL (ENTRADA MANUAL)
36,7,1,82,129,0,0,15,0,226,599,FINAL (ENTRADA MANUAL)
36,7,2,91,160,1,0,10,0,262,599,FINAL (ENTRADA MANUAL)
36,7,3,104,138,0,0,9,0,251,598,FINAL (ENTRADA MANUAL)
36,8,1,91,139,0,0,13,0,243,477,FINAL (ENTRADA MANUAL)
36,8,2,94,127,0,0,12,0,233,477,FINAL (ENTRADA MANUAL)
36,8,3,89,136,0,0,17,0,242,478,FINAL (ENTRADA MANUAL)
36,9,1,102,153,0,0,1,0,256,551,FINAL (ENTRADA MANUAL)
36,9,2,83,153,0,0,8,0,244,551,FINAL (ENTRADA MANUAL)
36,9,3,83,143,2,0,9,0,237,551,FINAL (ENTRADA MANUAL)
36,9,4,90,161,0,0,8,0,259,551,FINAL (ENTRADA MANUAL)
36,9,5,93,160,0,0,1,0,254,553,FINAL (ENTRADA MANUAL)
36,10,1,73,103,1,0,3,0,180,395,FINAL (ENTRADA MANUAL)
36,10,2,68,91,0,0,3,0,162,395,FINAL (ENTRADA MANUAL)
36,11,1,75,131,1,0,7,0,214,434,FINAL (ENTRADA MANUAL)
36,11,2,78,107,0,0,32,0,217,434,FINAL (ENTRADA MANUAL)
36,11,3,79,113,0,0,19,0,211,434,FINAL (ENTRADA MANUAL)
36,11,4,90,117,0,0,5,0,212,436,FINAL (ENTRADA MANUAL)
36,74,1,18,79,0,0,2,0,99,0,FINAL (ENTRADA MANUAL)
36,74,2,20,64,1,0,15,0,100,0,FINAL (ENTRADA MANUAL)
36,74,3,27,65,0,0,1,0,93,0,FINAL (ENTRADA MANUAL)
36,74,4,36,52,0,0,4,0,92,0,FINAL (ENTRADA MANUAL)
36,74,5,33,55,0,0,1,0,89,0,FINAL (ENTRADA MANUAL)
36,74,6,29,64,0,0,2,0,95,0,FINAL (ENTRADA MANUAL)
36,74,7,31,47,0,0,2,0,80,0,FINAL (ENTRADA MANUAL)
36,74,8,28,49,0,0,4,0,81,0,FINAL (ENTRADA MANUAL)
36,74,9,34,44,0,0,1,0,79,0,FINAL (ENTRADA MANUAL)
36,74,10,28,69,0,0,3,0,100,0,FINAL (ENTRADA MANUAL)
36,74,11,37,54,0,0,3,0,94,0,FINAL (ENTRADA MANUAL)
36,74,12,26,63,0,0,2,0,91,0,FINAL (ENTRADA MANUAL)
36,74,13,19,66,0,0,15,0,100,0,FINAL (ENTRADA MANUAL)
36,74,14,41,42,0,0,14,0,97,0,FINAL (ENTRADA MANUAL)
36,74,15,42,59,0,0,2,0,103,0,FINAL (ENTRADA MANUAL)
36,74,16,46,46,0,0,5,0,97,0,FINAL (ENTRADA MANUAL)
36,74,17,0,0,0,0,0,0,0,0,FINAL (ENTRADA MANUAL)
36,74,18,0,0,0,0,0,0,0,0,FINAL (ENTRADA MANUAL)
36,74,19,0,0,0,0,0,0,0,0,FINAL (ENTRADA MANUAL)
36,74,20,0,0,0,0,0,0,0,0,FINAL (ENTRADA MANUAL)
36,74,21,0,0,0,0,0,0,0,0,FINAL (ENTRADA MANUAL)
36,75,1,3,6,0,0,1,1,11,0,FINAL (ENTRADA MANUAL)
36,75,2,0,0,0,0,0,0,0,0,FINAL (ENTRADA MANUAL)
36,77,1,180,219,0,0,0,0,399,0,FINAL (ENTRADA MANUAL)
36,77,2,481,608,0,0,0,0,1089,0,FINAL (ENTRADA MANUAL)
36,77,3,11,8,0,0,0,0,19,0,FINAL (ENTRADA MANUAL)
36,77,5,0,0,0,0,0,0,0,0,FINAL (ENTRADA MANUAL)
36,78,1,68,64,0,0,0,1,133,0,FINAL (ENTRADA MANUAL)
36,78,2,0,0,0,0,0,0,0,0,FINAL (ENTRADA MANUAL)
36,78,3,0,0,0,0,0,0,0,0,FINAL (ENTRADA MANUAL)
36,79,1,0,0,0,0,0,0,0,0,FINAL (ENTRADA MANUAL)
37,1,1,88,126,0,0,3,0,217,376,FINAL (ENTRADA MANUAL)
37,1,2,77,139,0,0,8,0,224,377,FINAL (ENTRADA MANUAL)
37,2,1,93,123,1,0,4,0,221,416,FINAL (ENTRADA MANUAL)
37,2,2,104,105,1,0,6,0,216,415,FINAL (ENTRADA MANUAL)
37,3,1,59,174,0,0,8,0,241,498,FINAL (ENTRADA MANUAL)
37,3,2,71,148,1,0,5,0,225,498,FINAL (ENTRADA MANUAL)
37,3,3,80,155,1,0,16,0,252,498,FINAL (ENTRADA MANUAL)
37,3,4,67,118,0,0,7,0,192,500,FINAL (ENTRADA MANUAL)
37,74,1,36,57,0,0,0,0,93,0,FINAL (ENTRADA MANUAL)
37,74,2,18,49,0,0,3,0,70,0,FINAL (ENTRADA MANUAL)
37,74,3,26,41,0,0,2,0,69,0,FINAL (ENTRADA MANUAL)
37,74,4,0,0,0,0,0,0,0,0,FINAL (ENTRADA MANUAL)
37,75,1,9,8,0,0,0,0,17,0,FINAL (ENTRADA MANUAL)
37,75,2,5,7,0,0,0,0,12,0,FINAL (ENTRADA MANUAL)
37,77,1,1,0,0,0,0,0,1,0,FINAL (ENTRADA MANUAL)
37,77,2,84,132,0,0,0,0,216,0,FINAL (ENTRADA MANUAL)
37,77,3,0,0,0,0,0,0,0,0,FINAL (ENTRADA MANUAL)
37,77,5,0,0,0,0,0,0,0,0,FINAL (ENTRADA MANUAL)
37,78,1,0,0,0,0,0,0,0,0,FINAL (ENTRADA MANUAL)
37,78,2,0,0,0,0,0,0,0,0,FINAL (ENTRADA MANUAL)
37,78,3,0,0,0,0,0,0,0,0,FINAL (ENTRADA MANUAL)
37,79,1,0,0,0,0,1,0,1,0,FINAL (ENTRADA MANUAL)
38,1,1,108,111,0,0,13,0,232,438,FINAL (ENTRADA MANUAL)
38,1,2,100,90,0,0,11,0,201,438,FINAL (ENTRADA MANUAL)
38,1,3,116,85,0,0,11,0,212,437,FINAL (ENTRADA MANUAL)
38,2,1,66,165,0,0,7,0,238,503,FINAL (ENTRADA MANUAL)
38,2,2,85,153,0,0,10,0,248,503,FINAL (ENTRADA MANUAL)
38,2,3,66,155,2,0,2,0,225,503,FINAL (ENTRADA MANUAL)
38,2,4,66,145,2,0,15,0,228,502,FINAL (ENTRADA MANUAL)
38,3,1,58,121,1,0,11,0,191,468,FINAL (ENTRADA MANUAL)
38,3,2,71,121,0,0,8,0,200,468,FINAL (ENTRADA MANUAL)
38,3,3,79,128,0,0,9,0,216,469,FINAL (ENTRADA MANUAL)
38,4,1,104,124,0,0,10,0,238,514,FINAL (ENTRADA MANUAL)
38,4,2,111,122,0,0,7,0,240,514,FINAL (ENTRADA MANUAL)
38,4,3,101,112,0,0,13,0,226,514,FINAL (ENTRADA MANUAL)
38,4,4,104,129,2,0,3,0,238,515,FINAL (ENTRADA MANUAL)
38,5,1,121,150,1,0,2,0,274,527,FINAL (ENTRADA MANUAL)
38,5,2,118,140,0,0,13,0,271,527,FINAL (ENTRADA MANUAL)
38,5,3,114,154,0,0,4,0,272,527,FINAL (ENTRADA MANUAL)
38,5,4,122,141,0,0,11,0,274,527,FINAL (ENTRADA MANUAL)
38,5,5,106,137,1,0,7,0,251,527,FINAL (ENTRADA MANUAL)
38,5,6,115,130,0,0,12,0,257,529,FINAL (ENTRADA MANUAL)
38,6,1,115,124,0,0,7,0,246,528,FINAL (ENTRADA MANUAL)
38,6,2,108,128,2,0,6,0,244,528,FINAL (ENTRADA MANUAL)
38,6,3,98,95,0,0,3,0,196,528,FINAL (ENTRADA MANUAL)
38,6,4,88,131,0,0,7,0,226,528,FINAL (ENTRADA MANUAL)
38,6,5,91,123,0,0,5,0,219,530,FINAL (ENTRADA MANUAL)
38,7,1,100,110,0,0,25,0,235,461,FINAL (ENTRADA MANUAL)
38,7,2,96,126,0,0,13,0,235,461,FINAL (ENTRADA MANUAL)
38,7,3,98,131,0,0,7,0,236,462,FINAL (ENTRADA MANUAL)
38,8,1,115,102,0,0,10,0,227,430,FINAL (ENTRADA MANUAL)
38,8,2,80,108,0,0,16,0,204,430,FINAL (ENTRADA MANUAL)
38,9,1,121,87,1,0,6,0,215,444,FINAL (ENTRADA MANUAL)
38,9,2,99,105,1,0,7,0,212,445,FINAL (ENTRADA MANUAL)
38,10,1,135,129,0,0,13,0,277,524,FINAL (ENTRADA MANUAL)
38,10,2,106,135,1,0,11,0,253,524,FINAL (ENTRADA MANUAL)
38,10,3,95,163,0,0,11,0,269,524,FINAL (ENTRADA MANUAL)
38,10,4,129,133,0,0,7,0,269,524,FINAL (ENTRADA MANUAL)
38,11,1,75,153,0,0,15,0,243,498,FINAL (ENTRADA MANUAL)
38,11,2,83,164,0,0,16,0,263,499,FINAL (ENTRADA MANUAL)
38,12,1,131,152,0,0,2,0,285,559,FINAL (ENTRADA MANUAL)
38,12,2,105,165,1,0,8,0,279,559,FINAL (ENTRADA MANUAL)
38,12,3,140,153,0,0,2,0,295,560,FINAL (ENTRADA MANUAL)
38,13,1,111,125,0,0,17,0,253,500,FINAL (ENTRADA MANUAL)
38,13,2,90,134,0,0,17,0,241,500,FINAL (ENTRADA MANUAL)
38,13,3,89,128,0,0,15,0,232,500,FINAL (ENTRADA MANUAL)
38,13,4,120,100,0,0,21,0,241,500,FINAL (ENTRADA MANUAL)
38,13,5,70,148,0,0,11,0,229,500,FINAL (ENTRADA MANUAL)
38,14,1,122,111,0,0,7,0,240,427,FINAL (ENTRADA MANUAL)
38,14,2,114,103,0,0,9,0,226,427,FINAL (ENTRADA MANUAL)
38,14,3,107,111,0,0,5,0,223,427,FINAL (ENTRADA MANUAL)
38,14,4,112,109,1,0,6,0,228,427,FINAL (ENTRADA MANUAL)
38,15,1,133,147,0,0,7,0,287,570,FINAL (ENTRADA MANUAL)
38,15,2,128,147,1,0,20,0,296,569,FINAL (ENTRADA MANUAL)
38,16,1,125,130,0,0,9,0,264,578,FINAL (ENTRADA MANUAL)
38,16,2,139,132,0,0,8,0,279,578,FINAL (ENTRADA MANUAL)
38,16,3,132,140,0,0,14,0,286,578,FINAL (ENTRADA MANUAL)
38,16,4,133,124,1,0,11,0,269,579,FINAL (ENTRADA MANUAL)
38,17,1,106,100,0,0,5,0,211,409,FINAL (ENTRADA MANUAL)
38,17,2,85,117,1,0,1,0,204,409,FINAL (ENTRADA MANUAL)
38,17,3,100,110,0,0,3,0,213,409,FINAL (ENTRADA MANUAL)
38,74,1,25,28,0,0,0,0,53,0,FINAL (ENTRADA MANUAL)
38,74,2,35,22,0,0,2,0,59,0,FINAL (ENTRADA MANUAL)
38,74,3,62,23,0,0,9,0,94,0,FINAL (ENTRADA MANUAL)
38,74,4,24,49,0,0,4,0,77,0,FINAL (ENTRADA MANUAL)
38,74,5,32,46,0,0,0,0,78,0,FINAL (ENTRADA MANUAL)
38,74,6,29,42,0,0,4,0,75,0,FINAL (ENTRADA MANUAL)
38,74,7,36,37,0,0,7,0,80,0,FINAL (ENTRADA MANUAL)
38,74,8,37,42,0,0,0,0,79,0,FINAL (ENTRADA MANUAL)
38,74,9,0,0,0,0,0,0,0,0,FINAL (ENTRADA MANUAL)
38,75,1,0,0,0,0,0,0,0,0,FINAL (ENTRADA MANUAL)
38,75,2,0,1,0,0,0,0,1,0,FINAL (ENTRADA MANUAL)
38,75,3,12,13,0,0,0,3,28,0,FINAL (ENTRADA MANUAL)
38,77,1,629,605,0,0,0,0,1234,0,FINAL (ENTRADA MANUAL)
38,77,2,323,427,0,0,0,0,750,0,FINAL (ENTRADA MANUAL)
38,77,3,472,570,5,0,40,5,1092,0,FINAL (ENTRADA MANUAL)
38,77,5,0,0,0,0,0,0,0,0,FINAL (ENTRADA MANUAL)
38,78,1,40,58,0,0,4,0,102,0,FINAL (ENTRADA MANUAL)
38,78,2,0,0,0,0,0,0,0,0,FINAL (ENTRADA MANUAL)
38,78,3,0,0,0,0,0,0,0,0,FINAL (ENTRADA MANUAL)
38,79,1,0,0,0,0,0,0,0,0,FINAL (ENTRADA MANUAL)
39,1,1,150,111,0,0,6,0,267,566,FINAL (ENTRADA MANUAL)
39,1,2,143,97,0,0,6,0,246,567,FINAL (ENTRADA MANUAL)
39,2,1,111,109,0,0,6,0,226,502,FINAL (ENTRADA MANUAL)
39,2,2,114,112,0,0,12,0,238,502,FINAL (ENTRADA MANUAL)
39,2,3,120,100,0,0,10,0,230,502,FINAL (ENTRADA MANUAL)
39,2,4,115,108,0,0,13,0,236,502,FINAL (ENTRADA MANUAL)
39,2,5,111,95,0,0,14,0,220,501,FINAL (ENTRADA MANUAL)
39,3,1,119,57,0,0,6,0,182,430,FINAL (ENTRADA MANUAL)
39,3,2,114,80,0,0,4,0,198,429,FINAL (ENTRADA MANUAL)
39,4,1,150,86,0,0,10,0,246,531,FINAL (ENTRADA MANUAL)
39,4,2,143,110,1,0,2,0,256,531,FINAL (ENTRADA MANUAL)
39,4,3,141,91,0,0,8,0,240,531,FINAL (ENTRADA MANUAL)
39,4,4,134,101,0,0,10,0,245,532,FINAL (ENTRADA MANUAL)
39,5,1,98,110,1,0,10,0,219,477,FINAL (ENTRADA MANUAL)
39,5,2,117,95,0,0,6,0,218,477,FINAL (ENTRADA MANUAL)
39,5,3,84,98,1,0,17,0,200,477,FINAL (ENTRADA MANUAL)
39,5,4,108,102,0,0,9,0,219,477,FINAL (ENTRADA MANUAL)
39,5,5,100,83,0,0,16,0,199,477,FINAL (ENTRADA MANUAL)
39,6,1,119,98,0,0,7,0,224,461,FINAL (ENTRADA MANUAL)
39,6,2,92,115,0,0,11,0,218,461,FINAL (ENTRADA MANUAL)
39,6,3,112,94,0,0,5,0,211,462,FINAL (ENTRADA MANUAL)
39,7,1,79,133,0,0,8,0,220,500,FINAL (ENTRADA MANUAL)
39,74,1,36,49,0,0,0,0,85,0,FINAL (ENTRADA MANUAL)
39,74,2,37,50,0,0,9,0,96,0,FINAL (ENTRADA MANUAL)
39,74,3,44,46,0,0,3,0,93,0,FINAL (ENTRADA MANUAL)
39,74,4,37,33,0,0,5,0,75,0,FINAL (ENTRADA MANUAL)
39,74,5,34,38,0,0,2,0,74,0,FINAL (ENTRADA MANUAL)
39,74,6,35,27,0,0,9,0,71,0,FINAL (ENTRADA MANUAL)
39,74,7,0,0,0,0,0,0,0,0,FINAL (ENTRADA MANUAL)
39,75,1,0,3,0,0,1,0,4,0,FINAL (ENTRADA MANUAL)
39,77,1,351,217,0,0,0,0,568,0,FINAL (ENTRADA MANUAL)
39,77,2,31,28,0,0,0,0,59,0,FINAL (ENTRADA MANUAL)
39,77,3,0,0,0,0,0,0,0,0,FINAL (ENTRADA MANUAL)
39,77,5,0,0,0,0,0,0,0,0,FINAL (ENTRADA MANUAL)
39,78,1,20,19,0,0,1,0,40,0,FINAL (ENTRADA MANUAL)
39,78,2,0,0,0,0,0,0,0,0,FINAL (ENTRADA MANUAL)
39,78,3,0,0,0,0,0,0,0,0,FINAL (ENTRADA MANUAL)
39,79,1,0,0,0,0,0,1,0,0,FINAL (ENTRADA MANUAL)
40,1,1,189,94,3,0,8,0,294,521,FINAL (ENTRADA MANUAL)
40,2,1,86,152,0,0,2,0,240,430,FINAL (ENTRADA MANUAL)
40,3,1,138,137,1,0,10,0,286,553,FINAL (ENTRADA MANUAL)
40,3,2,147,135,0,0,10,0,292,553,FINAL (ENTRADA MANUAL)
40,3,3,163,131,0,0,4,0,298,553,FINAL (ENTRADA MANUAL)
40,3,4,149,114,0,0,11,0,274,553,FINAL (ENTRADA MANUAL)
40,3,5,126,133,1,0,10,0,270,552,FINAL (ENTRADA MANUAL)
40,4,1,111,132,0,0,8,0,251,493,FINAL (ENTRADA MANUAL)
40,5,1,79,104,0,0,6,0,189,421,FINAL (ENTRADA MANUAL)
40,5,2,75,109,0,0,6,0,190,421,FINAL (ENTRADA MANUAL)
40,5,3,99,92,0,0,4,0,195,422,FINAL (ENTRADA MANUAL)
40,6,1,101,142,0,0,4,0,247,540,FINAL (ENTRADA MANUAL)
40,6,2,105,120,0,0,5,0,227,540,FINAL (ENTRADA MANUAL)
40,6,3,76,145,0,0,9,0,230,540,FINAL (ENTRADA MANUAL)
40,6,4,87,133,1,0,11,0,232,539,FINAL (ENTRADA MANUAL)
40,7,1,120,139,0,0,5,0,264,588,FINAL (ENTRADA MANUAL)
40,7,2,148,138,1,0,8,0,295,588,FINAL (ENTRADA MANUAL)
40,7,3,110,146,0,0,13,0,269,588,FINAL (ENTRADA MANUAL)
40,7,4,96,147,0,0,11,0,254,588,FINAL (ENTRADA MANUAL)
40,7,5,131,131,1,0,6,0,269,588,FINAL (ENTRADA MANUAL)
40,7,6,119,133,0,0,5,0,257,585,FINAL (ENTRADA MANUAL)
40,8,1,103,100,0,0,8,0,211,402,FINAL (ENTRADA MANUAL)
40,8,2,90,106,0,0,5,0,201,402,FINAL (ENTRADA MANUAL)
40,8,3,94,118,0,0,3,0,215,403,FINAL (ENTRADA MANUAL)
40,9,1,126,107,0,0,14,0,247,570,FINAL (ENTRADA MANUAL)
40,9,2,130,128,0,0,10,0,268,569,FINAL (ENTRADA MANUAL)
40,10,1,115,156,0,0,3,0,274,457,FINAL (ENTRADA MANUAL)
40,11,1,99,179,0,0,1,0,279,479,FINAL (ENTRADA MANUAL)
40,12,1,122,159,0,0,4,0,285,611,FINAL (ENTRADA MANUAL)
40,12,2,146,136,0,0,3,0,285,611,FINAL (ENTRADA MANUAL)
40,12,3,118,143,0,0,5,0,266,611,FINAL (ENTRADA MANUAL)
40,13,1,109,114,1,0,5,0,229,494,FINAL (ENTRADA MANUAL)
40,13,2,78,114,0,0,2,0,194,494,FINAL (ENTRADA MANUAL)
40,14,1,134,129,0,0,2,0,265,492,FINAL (ENTRADA MANUAL)
40,14,2,109,121,1,0,7,0,238,492,FINAL (ENTRADA MANUAL)
40,14,3,102,141,0,0,5,0,248,492,FINAL (ENTRADA MANUAL)
40,14,4,94,158,1,0,8,0,261,492,FINAL (ENTRADA MANUAL)
40,14,5,93,122,1,0,10,0,226,494,FINAL (ENTRADA MANUAL)
40,74,1,18,39,0,0,6,0,63,0,FINAL (ENTRADA MANUAL)
40,74,2,34,35,0,0,3,0,72,0,FINAL (ENTRADA MANUAL)
40,74,3,41,39,0,0,0,0,80,0,FINAL (ENTRADA MANUAL)
40,74,4,34,41,0,0,1,0,76,0,FINAL (ENTRADA MANUAL)
40,74,5,29,46,0,0,1,0,76,0,FINAL (ENTRADA MANUAL)
40,75,1,4,2,0,0,0,0,6,0,FINAL (ENTRADA MANUAL)
40,75,2,36,41,0,0,0,0,77,0,FINAL (ENTRADA MANUAL)
40,77,1,413,484,0,0,0,0,897,0,FINAL (ENTRADA MANUAL)
40,77,2,316,312,0,0,1,0,629,0,FINAL (ENTRADA MANUAL)
40,77,3,40,51,0,0,2,0,93,0,FINAL (ENTRADA MANUAL)
40,77,5,0,0,0,0,0,0,0,0,FINAL (ENTRADA MANUAL)
40,78,1,21,36,0,0,1,1,59,0,FINAL (ENTRADA MANUAL)
40,78,2,0,0,0,0,0,0,0,0,FINAL (ENTRADA MANUAL)
40,78,3,0,0,0,0,0,0,0,0,FINAL (ENTRADA MANUAL)
40,79,1,0,0,0,0,0,0,0,0,FINAL (ENTRADA MANUAL)
41,1,1,103,79,0,0,10,0,192,533,FINAL (ENTRADA MANUAL)
41,1,2,109,83,0,0,9,0,201,533,FINAL (ENTRADA MANUAL)
41,1,3,83,92,2,0,6,0,183,533,FINAL (ENTRADA MANUAL)
41,1,4,97,107,0,0,5,0,207,534,FINAL (ENTRADA MANUAL)
41,74,1,0,3,0,0,0,0,3,0,FINAL (ENTRADA MANUAL)
41,75,1,1,0,0,0,0,0,1,0,FINAL (ENTRADA MANUAL)
41,77,1,58,75,0,0,0,0,133,0,FINAL (ENTRADA MANUAL)
41,77,2,0,0,0,0,0,0,0,0,FINAL (ENTRADA MANUAL)
41,77,3,0,0,0,0,0,0,0,0,FINAL (ENTRADA MANUAL)
41,77,5,0,0,0,0,0,0,0,0,FINAL (ENTRADA MANUAL)
41,78,1,2,6,0,0,0,0,8,0,FINAL (ENTRADA MANUAL)
41,78,2,0,0,0,0,0,0,0,0,FINAL (ENTRADA MANUAL)
41,78,3,0,0,0,0,0,0,0,0,FINAL (ENTRADA MANUAL)
41,79,1,0,1,0,0,0,0,1,0,FINAL (ENTRADA MANUAL)
42,1,1,127,112,1,0,7,0,247,577,FINAL (ENTRADA MANUAL)
42,1,2,117,129,1,0,5,0,252,577,FINAL (ENTRADA MANUAL)
42,1,3,151,117,1,0,4,0,273,577,FINAL (ENTRADA MANUAL)
42,1,4,139,116,0,0,3,0,258,577,FINAL (ENTRADA MANUAL)
42,1,5,138,103,0,0,2,0,243,577,FINAL (ENTRADA MANUAL)
42,1,6,117,119,0,0,2,0,238,577,FINAL (ENTRADA MANUAL)
42,1,7,125,112,1,0,3,0,241,577,FINAL (ENTRADA MANUAL)
42,2,1,115,132,0,0,3,0,250,493,FINAL (ENTRADA MANUAL)
42,2,2,116,110,0,0,3,0,229,493,FINAL (ENTRADA MANUAL)
42,2,3,123,122,0,0,3,0,248,492,FINAL (ENTRADA MANUAL)
42,3,1,96,111,2,0,10,0,219,551,FINAL (ENTRADA MANUAL)
42,3,2,93,112,0,0,12,0,217,551,FINAL (ENTRADA MANUAL)
42,4,1,126,119,0,0,2,0,247,595,FINAL (ENTRADA MANUAL)
42,4,2,127,111,1,0,10,0,249,595,FINAL (ENTRADA MANUAL)
42,4,3,131,114,0,0,2,0,247,595,FINAL (ENTRADA MANUAL)
42,4,4,135,105,0,0,18,0,258,594,FINAL (ENTRADA MANUAL)
42,5,1,116,134,0,0,8,0,258,602,FINAL (ENTRADA MANUAL)
42,5,2,143,107,0,0,6,0,256,602,FINAL (ENTRADA MANUAL)
42,5,3,152,117,0,0,7,0,276,601,FINAL (ENTRADA MANUAL)
42,6,1,135,84,0,0,8,0,227,502,FINAL (ENTRADA MANUAL)
42,6,2,107,65,0,0,24,0,196,503,FINAL (ENTRADA MANUAL)
42,7,1,88,66,1,0,8,0,163,457,FINAL (ENTRADA MANUAL)
42,7,2,83,81,0,0,2,0,166,457,FINAL (ENTRADA MANUAL)
42,7,3,92,76,1,0,2,0,171,457,FINAL (ENTRADA MANUAL)
42,8,1,107,98,1,0,20,0,226,537,FINAL (ENTRADA MANUAL)
42,8,2,132,99,2,0,8,0,241,537,FINAL (ENTRADA MANUAL)
42,8,3,123,93,0,0,4,0,220,537,FINAL (ENTRADA MANUAL)
42,8,4,114,113,0,0,10,0,237,538,FINAL (ENTRADA MANUAL)
42,9,1,108,91,2,0,45,0,246,651,FINAL (ENTRADA MANUAL)
42,9,2,112,105,0,0,35,0,252,651,FINAL (ENTRADA MANUAL)
42,9,3,140,118,0,0,9,0,267,650,FINAL (ENTRADA MANUAL)
42,10,1,77,86,0,0,6,0,169,530,FINAL (ENTRADA MANUAL)
42,10,2,89,124,0,0,19,0,232,530,FINAL (ENTRADA MANUAL)
42,11,1,136,117,1,0,4,0,258,549,FINAL (ENTRADA MANUAL)
42,11,2,166,100,0,0,12,0,278,549,FINAL (ENTRADA MANUAL)
42,11,3,161,110,0,0,2,0,273,549,FINAL (ENTRADA MANUAL)
42,11,4,135,98,0,0,6,0,239,549,FINAL (ENTRADA MANUAL)
42,12,1,73,74,0,0,36,0,183,405,FINAL (ENTRADA MANUAL)
42,12,2,75,90,1,0,13,0,179,405,FINAL (ENTRADA MANUAL)
42,12,3,63,65,0,0,3,0,131,404,FINAL (ENTRADA MANUAL)
42,13,1,125,92,0,0,5,2,224,481,FINAL (ENTRADA MANUAL)
42,13,2,128,96,0,0,7,0,231,481,FINAL (ENTRADA MANUAL)
42,14,1,58,70,0,0,8,0,136,631,FINAL (ENTRADA MANUAL)
42,14,2,65,58,0,0,2,0,125,631,FINAL (ENTRADA MANUAL)
42,14,3,85,57,0,0,4,0,146,631,FINAL (ENTRADA MANUAL)
42,15,1,89,81,1,0,13,0,184,450,FINAL (ENTRADA MANUAL)
42,15,2,97,86,0,0,14,0,197,450,FINAL (ENTRADA MANUAL)
42,15,3,72,55,0,0,11,0,138,450,FINAL (ENTRADA MANUAL)
42,15,4,88,93,0,0,2,0,183,452,FINAL (ENTRADA MANUAL)
42,16,1,111,114,0,0,8,0,233,572,FINAL (ENTRADA MANUAL)
42,16,2,102,100,1,0,9,0,212,572,FINAL (ENTRADA MANUAL)
42,16,3,98,118,0,0,7,0,223,572,FINAL (ENTRADA MANUAL)
42,16,4,100,82,0,0,25,0,207,572,FINAL (ENTRADA MANUAL)
42,16,5,99,103,1,0,4,0,207,572,FINAL (ENTRADA MANUAL)
42,17,1,117,108,0,0,3,0,228,599,FINAL (ENTRADA MANUAL)
42,17,2,114,105,0,0,1,0,220,599,FINAL (ENTRADA MANUAL)
42,17,3,111,117,0,0,22,0,250,599,FINAL (ENTRADA MANUAL)
42,17,4,109,99,0,0,11,0,219,598,FINAL (ENTRADA MANUAL)
42,18,1,108,98,0,0,27,0,233,487,FINAL (ENTRADA MANUAL)
42,18,2,116,103,0,0,22,0,241,487,FINAL (ENTRADA MANUAL)
42,18,3,149,85,0,0,12,0,246,488,FINAL (ENTRADA MANUAL)
42,19,1,126,118,1,0,2,0,247,617,FINAL (ENTRADA MANUAL)
42,19,2,132,124,0,0,13,0,269,617,FINAL (ENTRADA MANUAL)
42,19,3,128,83,0,0,11,0,222,617,FINAL (ENTRADA MANUAL)
42,19,4,123,111,0,0,3,0,237,617,FINAL (ENTRADA MANUAL)
42,19,5,125,94,0,0,23,0,242,618,FINAL (ENTRADA MANUAL)
42,20,1,109,97,0,0,3,0,209,550,FINAL (ENTRADA MANUAL)
42,20,2,95,95,0,0,0,0,190,550,FINAL (ENTRADA MANUAL)
42,21,1,110,103,0,0,3,0,216,474,FINAL (ENTRADA MANUAL)
42,21,2,115,99,0,0,4,0,218,474,FINAL (ENTRADA MANUAL)
42,21,3,119,83,1,0,21,0,224,473,FINAL (ENTRADA MANUAL)
42,22,1,131,126,0,0,1,0,258,605,FINAL (ENTRADA MANUAL)
42,23,1,83,106,0,0,2,0,191,342,FINAL (ENTRADA MANUAL)
42,23,2,98,91,0,0,8,0,197,341,FINAL (ENTRADA MANUAL)
42,24,1,96,123,0,0,16,0,235,522,FINAL (ENTRADA MANUAL)
42,25,1,90,92,1,0,4,0,187,345,FINAL (ENTRADA MANUAL)
42,25,2,73,81,1,0,4,0,159,345,FINAL (ENTRADA MANUAL)
42,26,1,125,109,0,0,8,0,242,570,FINAL (ENTRADA MANUAL)
42,26,2,125,95,1,0,4,0,225,570,FINAL (ENTRADA MANUAL)
42,26,3,124,98,0,0,10,0,232,570,FINAL (ENTRADA MANUAL)
42,26,4,125,118,0,0,6,0,249,570,FINAL (ENTRADA MANUAL)
42,26,5,158,101,0,0,9,0,268,570,FINAL (ENTRADA MANUAL)
42,26,6,170,89,0,0,2,0,261,570,FINAL (ENTRADA MANUAL)
42,27,1,123,109,1,0,5,0,238,637,FINAL (ENTRADA MANUAL)
42,27,2,109,122,1,0,4,0,236,637,FINAL (ENTRADA MANUAL)
42,27,3,105,111,0,0,0,0,216,637,FINAL (ENTRADA MANUAL)
42,27,4,119,121,0,0,8,0,248,638,FINAL (ENTRADA MANUAL)
42,28,1,104,74,0,0,2,0,180,407,FINAL (ENTRADA MANUAL)
42,28,2,102,69,0,0,10,0,181,407,FINAL (ENTRADA MANUAL)
42,74,1,54,40,1,0,8,0,103,0,FINAL (ENTRADA MANUAL)
42,74,2,48,50,0,0,6,0,104,0,FINAL (ENTRADA MANUAL)
42,74,3,29,51,0,0,0,0,80,0,FINAL (ENTRADA MANUAL)
42,74,4,37,37,0,0,9,0,83,0,FINAL (ENTRADA MANUAL)
42,74,5,40,36,0,0,6,0,82,0,FINAL (ENTRADA MANUAL)
42,74,6,0,0,0,0,0,0,0,0,FINAL (ENTRADA MANUAL)
42,75,1,23,33,0,0,2,1,59,0,FINAL (ENTRADA MANUAL)
42,75,2,1,0,0,0,0,0,1,0,FINAL (ENTRADA MANUAL)
42,75,3,4,5,0,0,0,0,9,0,FINAL (ENTRADA MANUAL)
42,75,4,0,0,0,0,0,0,0,0,FINAL (ENTRADA MANUAL)
42,77,1,0,0,0,0,0,0,0,0,FINAL (ENTRADA MANUAL)
42,77,2,321,383,0,0,0,0,704,0,FINAL (ENTRADA MANUAL)
42,77,3,1259,1536,0,0,56,13,2864,0,FINAL (ENTRADA MANUAL)
42,77,5,0,0,0,0,0,0,0,0,FINAL (ENTRADA MANUAL)
42,78,1,0,0,0,0,0,0,0,0,FINAL (ENTRADA MANUAL)
42,78,2,0,0,0,0,0,0,0,0,FINAL (ENTRADA MANUAL)
42,78,3,0,0,0,0,0,0,0,0,FINAL (ENTRADA MANUAL)
42,79,1,0,0,0,0,0,0,0,0,FINAL (ENTRADA MANUAL)
43,1,1,111,86,0,0,9,0,206,466,FINAL (ENTRADA MANUAL)
43,1,2,134,96,0,0,10,0,240,466,FINAL (ENTRADA MANUAL)
43,2,1,116,127,0,0,6,0,249,472,FINAL (ENTRADA MANUAL)
43,2,2,112,94,0,0,27,0,233,472,FINAL (ENTRADA MANUAL)
43,3,1,42,97,0,0,1,0,140,234,FINAL (ENTRADA MANUAL)
43,4,1,97,141,0,0,11,0,249,449,FINAL (ENTRADA MANUAL)
43,5,1,82,65,0,0,1,0,148,368,FINAL (ENTRADA MANUAL)
43,5,2,88,81,0,0,1,0,170,367,FINAL (ENTRADA MANUAL)
43,6,1,111,127,0,0,12,0,250,560,FINAL (ENTRADA MANUAL)
43,6,2,106,129,0,0,16,0,251,560,FINAL (ENTRADA MANUAL)
43,7,1,105,107,0,0,10,0,222,456,FINAL (ENTRADA MANUAL)
43,7,2,83,114,1,0,4,0,202,456,FINAL (ENTRADA MANUAL)
43,7,3,97,103,0,0,8,0,208,457,FINAL (ENTRADA MANUAL)
43,74,1,10,38,0,0,0,0,48,0,FINAL (ENTRADA MANUAL)
43,74,2,15,62,0,0,0,0,77,0,FINAL (ENTRADA MANUAL)
43,75,1,2,1,0,0,0,0,3,0,FINAL (ENTRADA MANUAL)
43,75,2,0,0,0,0,0,0,0,0,FINAL (ENTRADA MANUAL)
43,77,1,16,13,0,0,0,0,29,0,FINAL (ENTRADA MANUAL)
43,77,2,150,152,0,0,1,0,303,0,FINAL (ENTRADA MANUAL)
43,77,3,115,103,0,0,14,2,234,0,FINAL (ENTRADA MANUAL)
43,77,5,0,0,0,0,0,0,0,0,FINAL (ENTRADA MANUAL)
43,78,1,1,0,0,0,0,0,1,0,FINAL (ENTRADA MANUAL)
43,78,2,11,12,0,0,0,0,23,0,FINAL (ENTRADA MANUAL)
43,78,3,0,0,0,0,0,0,0,0,FINAL (ENTRADA MANUAL)
43,79,1,0,0,0,0,2,1,3,0,FINAL (ENTRADA MANUAL)
44,1,1,115,99,0,0,6,0,220,482,FINAL (ENTRADA MANUAL)
44,2,1,71,90,0,0,9,0,170,324,FINAL (ENTRADA MANUAL)
44,2,2,70,78,0,0,2,0,150,325,FINAL (ENTRADA MANUAL)
44,3,1,155,105,0,0,2,0,262,499,FINAL (ENTRADA MANUAL)
44,3,2,119,89,0,0,5,0,213,499,FINAL (ENTRADA MANUAL)
44,4,1,52,112,0,0,13,0,177,352,FINAL (ENTRADA MANUAL)
44,4,2,78,83,0,0,5,0,166,351,FINAL (ENTRADA MANUAL)
44,5,1,101,99,1,0,6,0,207,531,FINAL (ENTRADA MANUAL)
44,5,2,128,108,1,0,1,0,238,531,FINAL (ENTRADA MANUAL)
44,5,3,127,114,1,0,8,0,250,531,FINAL (ENTRADA MANUAL)
44,5,4,134,115,0,0,11,0,260,530,FINAL (ENTRADA MANUAL)
44,6,1,86,73,0,0,9,0,168,340,FINAL (ENTRADA MANUAL)
44,6,2,83,66,0,0,9,0,158,341,FINAL (ENTRADA MANUAL)
44,7,1,82,76,1,0,7,0,166,354,FINAL (ENTRADA MANUAL)
44,7,2,67,78,0,0,3,0,148,354,FINAL (ENTRADA MANUAL)
44,8,1,122,113,0,0,19,0,254,544,FINAL (ENTRADA MANUAL)
44,8,2,123,124,1,0,16,0,264,544,FINAL (ENTRADA MANUAL)
44,8,3,108,125,1,0,3,0,237,544,FINAL (ENTRADA MANUAL)
44,8,4,125,116,0,0,6,0,247,542,FINAL (ENTRADA MANUAL)
44,9,1,95,103,0,0,13,0,211,404,FINAL (ENTRADA MANUAL)
44,9,2,102,76,1,0,11,0,190,404,FINAL (ENTRADA MANUAL)
44,10,1,113,89,0,0,4,0,206,513,FINAL (ENTRADA MANUAL)
44,10,2,123,103,0,0,4,0,230,513,FINAL (ENTRADA MANUAL)
44,10,3,102,100,0,0,4,0,206,513,FINAL (ENTRADA MANUAL)
44,10,4,114,94,0,0,10,0,218,513,FINAL (ENTRADA MANUAL)
44,10,5,100,81,0,0,3,0,184,513,FINAL (ENTRADA MANUAL)
44,10,6,116,80,0,0,3,0,199,514,FINAL (ENTRADA MANUAL)
44,11,1,86,76,0,0,6,0,168,438,FINAL (ENTRADA MANUAL)
44,11,2,103,91,0,0,12,0,206,438,FINAL (ENTRADA MANUAL)
44,12,1,92,103,0,0,2,0,197,518,FINAL (ENTRADA MANUAL)
44,12,2,98,114,0,0,4,0,216,518,FINAL (ENTRADA MANUAL)
44,12,3,91,99,1,0,8,0,199,517,FINAL (ENTRADA MANUAL)
44,13,1,126,87,0,0,22,0,235,512,FINAL (ENTRADA MANUAL)
44,13,2,112,96,0,0,10,0,218,512,FINAL (ENTRADA MANUAL)
44,13,3,109,94,0,0,4,0,207,512,FINAL (ENTRADA MANUAL)
44,13,4,114,99,0,0,9,0,222,510,FINAL (ENTRADA MANUAL)
44,74,1,21,43,0,0,0,0,64,0,FINAL (ENTRADA MANUAL)
44,74,2,13,45,0,0,6,0,64,0,FINAL (ENTRADA MANUAL)
44,74,3,20,42,0,0,0,0,62,0,FINAL (ENTRADA MANUAL)
44,74,4,16,52,0,0,8,0,76,0,FINAL (ENTRADA MANUAL)
44,74,5,29,51,0,0,3,0,83,0,FINAL (ENTRADA MANUAL)
44,75,1,0,1,0,0,0,0,1,0,FINAL (ENTRADA MANUAL)
44,75,2,0,0,0,0,0,0,0,0,FINAL (ENTRADA MANUAL)
44,75,3,4,7,0,0,0,0,11,0,FINAL (ENTRADA MANUAL)
44,75,4,0,0,0,0,0,0,0,0,FINAL (ENTRADA MANUAL)
44,75,5,0,1,0,0,0,0,1,0,FINAL (ENTRADA MANUAL)
44,77,1,373,407,0,0,0,0,780,0,FINAL (ENTRADA MANUAL)
44,77,2,181,195,0,0,0,0,376,0,FINAL (ENTRADA MANUAL)
44,77,3,134,123,0,0,19,3,279,0,FINAL (ENTRADA MANUAL)
44,77,5,0,0,0,0,0,0,0,0,FINAL (ENTRADA MANUAL)
44,78,1,20,55,0,0,2,0,77,0,FINAL (ENTRADA MANUAL)
44,78,2,0,0,0,0,0,0,0,0,FINAL (ENTRADA MANUAL)
44,78,3,0,0,0,0,0,0,0,0,FINAL (ENTRADA MANUAL)
44,79,1,1,0,0,0,0,0,1,0,FINAL (ENTRADA MANUAL)
44,79,2,0,0,0,0,0,0,0,0,FINAL (ENTRADA MANUAL)
45,1,1,148,120,0,0,7,0,275,553,FINAL (ENTRADA MANUAL)
45,2,1,173,126,0,0,4,0,303,540,FINAL (ENTRADA MANUAL)
45,2,2,160,95,1,0,10,0,266,540,FINAL (ENTRADA MANUAL)
45,2,3,138,102,0,0,3,0,243,540,FINAL (ENTRADA MANUAL)
45,2,4,136,106,0,0,7,0,249,541,FINAL (ENTRADA MANUAL)
45,3,1,112,132,0,0,1,0,245,453,FINAL (ENTRADA MANUAL)
45,3,2,128,106,0,0,4,0,238,453,FINAL (ENTRADA MANUAL)
45,3,3,107,104,1,0,3,0,215,453,FINAL (ENTRADA MANUAL)
45,3,4,145,89,0,0,5,0,239,453,FINAL (ENTRADA MANUAL)
45,4,1,116,80,0,0,10,0,206,508,FINAL (ENTRADA MANUAL)
45,4,2,130,84,0,0,2,0,216,508,FINAL (ENTRADA MANUAL)
45,4,3,114,107,0,0,5,0,226,509,FINAL (ENTRADA MANUAL)
45,5,1,113,109,1,0,9,0,232,481,FINAL (ENTRADA MANUAL)
45,5,2,113,125,1,0,8,0,247,481,FINAL (ENTRADA MANUAL)
45,5,3,118,102,0,0,10,0,230,481,FINAL (ENTRADA MANUAL)
45,5,4,113,119,0,0,5,0,237,482,FINAL (ENTRADA MANUAL)
45,6,1,141,119,0,0,4,0,264,534,FINAL (ENTRADA MANUAL)
45,6,2,127,111,0,0,5,0,243,534,FINAL (ENTRADA MANUAL)
45,6,3,130,92,1,0,2,0,225,534,FINAL (ENTRADA MANUAL)
45,6,4,127,105,0,0,2,0,234,532,FINAL (ENTRADA MANUAL)
45,7,1,125,121,0,0,9,0,255,567,FINAL (ENTRADA MANUAL)
45,7,2,113,114,0,0,12,0,239,567,FINAL (ENTRADA MANUAL)
45,8,1,116,116,1,0,11,0,244,473,FINAL (ENTRADA MANUAL)
45,74,1,50,26,0,0,8,0,84,0,FINAL (ENTRADA MANUAL)
45,74,2,51,38,0,0,0,0,89,0,FINAL (ENTRADA MANUAL)
45,74,3,52,34,0,0,0,0,86,0,FINAL (ENTRADA MANUAL)
45,74,4,0,0,0,0,0,0,0,0,FINAL (ENTRADA MANUAL)
45,75,1,1,0,0,0,0,1,2,0,FINAL (ENTRADA MANUAL)
45,75,2,0,0,0,0,0,0,0,0,FINAL (ENTRADA MANUAL)
45,77,1,203,316,0,0,3,0,522,0,FINAL (ENTRADA MANUAL)
45,77,2,124,110,0,0,0,0,234,0,FINAL (ENTRADA MANUAL)
45,77,3,15,19,0,0,0,0,34,0,FINAL (ENTRADA MANUAL)
45,77,5,0,0,0,0,0,0,0,0,FINAL (ENTRADA MANUAL)
45,78,1,0,0,0,0,0,0,0,0,FINAL (ENTRADA MANUAL)
45,78,2,0,0,0,0,0,0,0,0,FINAL (ENTRADA MANUAL)
45,78,3,0,0,0,0,0,0,0,0,FINAL (ENTRADA MANUAL)
46,1,1,131,115,1,0,5,0,252,550,FINAL (ENTRADA MANUAL)
46,1,2,133,101,0,0,7,0,241,550,FINAL (ENTRADA MANUAL)
46,1,3,119,94,2,0,3,0,218,550,FINAL (ENTRADA MANUAL)
46,1,4,131,96,0,0,18,0,245,552,FINAL (ENTRADA MANUAL)
46,2,1,104,109,0,0,4,0,217,518,FINAL (ENTRADA MANUAL)
46,2,2,83,98,0,0,12,0,193,519,FINAL (ENTRADA MANUAL)
46,3,1,93,113,0,0,8,0,214,470,FINAL (ENTRADA MANUAL)
46,3,2,113,110,0,0,4,0,227,470,FINAL (ENTRADA MANUAL)
46,3,3,98,98,0,0,16,0,212,470,FINAL (ENTRADA MANUAL)
46,3,4,103,88,0,0,12,0,203,468,FINAL (ENTRADA MANUAL)
46,4,1,125,112,0,0,5,0,242,559,FINAL (ENTRADA MANUAL)
46,4,2,128,133,0,0,5,0,266,559,FINAL (ENTRADA MANUAL)
46,4,3,148,106,0,0,6,0,260,559,FINAL (ENTRADA MANUAL)
46,4,4,142,111,0,0,4,0,257,559,FINAL (ENTRADA MANUAL)
46,4,5,114,128,0,0,3,0,245,559,FINAL (ENTRADA MANUAL)
46,4,6,133,129,0,0,0,0,262,559,FINAL (ENTRADA MANUAL)
46,4,7,117,118,0,0,10,0,245,559,FINAL (ENTRADA MANUAL)
46,4,8,122,116,0,0,13,0,254,559,FINAL (ENTRADA MANUAL)
46,4,9,116,98,0,0,0,0,214,557,FINAL (ENTRADA MANUAL)
46,5,1,130,105,0,0,8,0,243,551,FINAL (ENTRADA MANUAL)
46,5,2,142,108,0,0,4,0,254,551,FINAL (ENTRADA MANUAL)
46,5,3,127,102,1,0,17,0,247,551,FINAL (ENTRADA MANUAL)
46,5,4,146,104,0,0,5,0,255,551,FINAL (ENTRADA MANUAL)
46,5,5,96,106,1,0,12,0,215,551,FINAL (ENTRADA MANUAL)
46,5,6,123,123,0,0,1,0,247,551,FINAL (ENTRADA MANUAL)
46,5,7,134,116,0,0,2,0,252,551,FINAL (ENTRADA MANUAL)
46,5,8,105,119,0,0,5,0,229,551,FINAL (ENTRADA MANUAL)
46,5,9,123,108,0,0,3,0,234,553,FINAL (ENTRADA MANUAL)
46,6,1,129,122,1,0,0,0,252,478,FINAL (ENTRADA MANUAL)
46,6,2,139,100,0,0,4,0,243,478,FINAL (ENTRADA MANUAL)
46,6,3,101,134,0,0,5,0,240,478,FINAL (ENTRADA MANUAL)
46,6,4,125,125,0,0,2,0,252,478,FINAL (ENTRADA MANUAL)
46,7,1,132,140,1,0,10,0,283,598,FINAL (ENTRADA MANUAL)
46,7,2,126,114,0,0,24,0,264,598,FINAL (ENTRADA MANUAL)
46,7,3,155,93,0,0,9,0,257,598,FINAL (ENTRADA MANUAL)
46,7,4,159,97,0,0,5,0,261,598,FINAL (ENTRADA MANUAL)
46,7,5,144,110,1,0,8,0,263,598,FINAL (ENTRADA MANUAL)
46,7,6,138,120,3,0,6,0,267,598,FINAL (ENTRADA MANUAL)
46,7,7,126,122,0,0,6,0,254,595,FINAL (ENTRADA MANUAL)
46,8,1,113,97,0,0,5,0,215,459,FINAL (ENTRADA MANUAL)
46,8,2,113,91,1,0,12,0,217,459,FINAL (ENTRADA MANUAL)
46,8,3,105,90,0,0,17,0,212,459,FINAL (ENTRADA MANUAL)
46,8,4,128,99,0,0,7,0,234,458,FINAL (ENTRADA MANUAL)
46,9,1,112,132,0,0,11,0,255,520,FINAL (ENTRADA MANUAL)
46,9,2,99,117,0,0,18,0,234,519,FINAL (ENTRADA MANUAL)
46,10,1,117,108,0,0,4,0,229,525,FINAL (ENTRADA MANUAL)
46,10,2,120,97,0,0,8,0,225,525,FINAL (ENTRADA MANUAL)
46,10,3,117,103,1,0,11,0,232,525,FINAL (ENTRADA MANUAL)
46,10,4,109,94,0,0,2,0,205,525,FINAL (ENTRADA MANUAL)
46,10,5,114,112,1,0,1,0,228,525,FINAL (ENTRADA MANUAL)
46,10,6,99,97,0,0,12,0,208,525,FINAL (ENTRADA MANUAL)
46,10,7,115,104,0,0,5,0,224,528,FINAL (ENTRADA MANUAL)
46,11,1,118,109,0,0,2,0,229,540,FINAL (ENTRADA MANUAL)
46,11,2,115,111,0,0,20,0,246,540,FINAL (ENTRADA MANUAL)
46,11,3,135,107,0,0,6,0,248,540,FINAL (ENTRADA MANUAL)
46,11,4,111,114,1,0,20,0,246,540,FINAL (ENTRADA MANUAL)
46,11,5,126,123,0,0,14,0,263,540,FINAL (ENTRADA MANUAL)
46,11,6,106,130,1,0,5,0,242,541,FINAL (ENTRADA MANUAL)
46,74,1,29,57,0,0,6,0,92,0,FINAL (ENTRADA MANUAL)
46,74,2,29,52,0,0,2,0,83,0,FINAL (ENTRADA MANUAL)
46,74,3,23,56,0,0,6,0,85,0,FINAL (ENTRADA MANUAL)
46,74,4,27,52,0,0,7,0,86,0,FINAL (ENTRADA MANUAL)
46,74,5,23,83,0,0,2,0,108,0,FINAL (ENTRADA MANUAL)
46,74,6,30,75,0,0,1,0,106,0,FINAL (ENTRADA MANUAL)
46,74,7,32,69,0,0,4,0,105,0,FINAL (ENTRADA MANUAL)
46,74,8,35,72,0,0,1,0,108,0,FINAL (ENTRADA MANUAL)
46,74,9,28,71,0,0,8,0,107,0,FINAL (ENTRADA MANUAL)
46,74,10,0,0,0,0,0,0,0,0,FINAL (ENTRADA MANUAL)
46,74,11,0,0,0,0,0,0,0,0,FINAL (ENTRADA MANUAL)
46,74,12,0,0,0,0,0,0,0,0,FINAL (ENTRADA MANUAL)
46,75,1,0,0,0,0,0,0,0,0,FINAL (ENTRADA MANUAL)
46,75,2,0,0,0,0,0,0,0,0,FINAL (ENTRADA MANUAL)
46,75,3,15,14,0,0,1,0,30,0,FINAL (ENTRADA MANUAL)
46,77,1,425,553,0,0,0,0,978,0,FINAL (ENTRADA MANUAL)
46,77,2,84,118,0,0,0,0,202,0,FINAL (ENTRADA MANUAL)
46,77,3,3,0,0,0,0,0,3,0,FINAL (ENTRADA MANUAL)
46,77,5,0,0,0,0,0,0,0,0,FINAL (ENTRADA MANUAL)
46,78,1,41,60,0,0,0,1,102,0,FINAL (ENTRADA MANUAL)
46,78,2,0,0,0,0,0,0,0,0,FINAL (ENTRADA MANUAL)
46,78,3,0,0,0,0,0,0,0,0,FINAL (ENTRADA MANUAL)
47,1,1,99,104,0,0,7,0,210,426,FINAL (ENTRADA MANUAL)
47,1,2,98,100,0,0,7,0,205,426,FINAL (ENTRADA MANUAL)
47,1,3,81,98,0,0,9,0,188,427,FINAL (ENTRADA MANUAL)
47,2,1,105,136,0,0,4,0,245,560,FINAL (ENTRADA MANUAL)
47,2,2,109,128,0,0,13,0,250,560,FINAL (ENTRADA MANUAL)
47,2,3,122,122,0,0,2,0,246,559,FINAL (ENTRADA MANUAL)
47,3,1,109,79,0,0,20,0,208,410,FINAL (ENTRADA MANUAL)
47,3,2,109,100,0,0,10,0,219,410,FINAL (ENTRADA MANUAL)
47,3,3,95,91,1,0,5,0,192,410,FINAL (ENTRADA MANUAL)
47,4,1,87,115,0,0,5,0,207,460,FINAL (ENTRADA MANUAL)
47,4,2,88,98,0,0,15,0,201,460,FINAL (ENTRADA MANUAL)
47,4,3,70,120,0,0,11,0,201,459,FINAL (ENTRADA MANUAL)
47,5,1,114,81,0,0,5,0,200,422,FINAL (ENTRADA MANUAL)
47,6,1,93,104,0,0,13,0,210,487,FINAL (ENTRADA MANUAL)
47,6,2,82,123,0,0,6,0,211,487,FINAL (ENTRADA MANUAL)
47,6,3,93,106,0,0,7,0,206,487,FINAL (ENTRADA MANUAL)
47,7,1,108,129,0,0,17,0,254,576,FINAL (ENTRADA MANUAL)
47,8,1,118,101,0,0,5,0,224,413,FINAL (ENTRADA MANUAL)
47,8,2,115,126,0,0,9,0,250,413,FINAL (ENTRADA MANUAL)
47,8,3,81,103,0,0,11,0,195,412,FINAL (ENTRADA MANUAL)
47,9,1,91,163,0,0,6,0,260,628,FINAL (ENTRADA MANUAL)
47,9,2,115,130,0,0,5,0,250,628,FINAL (ENTRADA MANUAL)
47,9,3,103,128,0,0,22,0,253,628,FINAL (ENTRADA MANUAL)
47,10,1,74,75,0,0,5,0,154,324,FINAL (ENTRADA MANUAL)
47,10,2,71,64,0,0,22,0,157,325,FINAL (ENTRADA MANUAL)
47,11,1,75,93,0,0,23,0,191,379,FINAL (ENTRADA MANUAL)
47,11,2,87,87,0,0,4,0,178,379,FINAL (ENTRADA MANUAL)
47,12,1,83,112,0,0,2,0,197,416,FINAL (ENTRADA MANUAL)
47,12,2,91,115,0,0,10,0,216,415,FINAL (ENTRADA MANUAL)
47,13,1,106,116,1,0,10,0,233,498,FINAL (ENTRADA MANUAL)
47,13,2,83,97,1,0,28,0,209,499,FINAL (ENTRADA MANUAL)
47,14,1,122,95,0,0,8,0,225,438,FINAL (ENTRADA MANUAL)
47,14,2,88,99,0,0,20,0,207,438,FINAL (ENTRADA MANUAL)
47,14,3,96,109,0,0,1,0,206,438,FINAL (ENTRADA MANUAL)
47,14,4,98,107,0,0,6,0,211,436,FINAL (ENTRADA MANUAL)
47,74,1,21,47,0,0,7,0,75,0,FINAL (ENTRADA MANUAL)
47,74,2,25,13,0,0,1,0,39,0,FINAL (ENTRADA MANUAL)
47,74,3,31,49,0,0,0,0,80,0,FINAL (ENTRADA MANUAL)
47,74,4,28,53,0,0,4,0,85,0,FINAL (ENTRADA MANUAL)
47,74,5,31,51,0,0,6,0,88,0,FINAL (ENTRADA MANUAL)
47,75,1,0,0,0,0,0,0,0,0,FINAL (ENTRADA MANUAL)
47,77,1,295,374,0,0,5,0,674,0,FINAL (ENTRADA MANUAL)
47,77,2,162,202,0,0,0,0,364,0,FINAL (ENTRADA MANUAL)
47,77,3,37,39,0,0,3,3,82,0,FINAL (ENTRADA MANUAL)
47,77,5,0,0,0,0,0,0,0,0,FINAL (ENTRADA MANUAL)
47,78,1,22,24,0,0,1,0,47,0,FINAL (ENTRADA MANUAL)
47,78,2,0,0,0,0,0,2,0,0,FINAL (ENTRADA MANUAL)
47,78,3,0,0,0,0,0,0,0,0,FINAL (ENTRADA MANUAL)
47,79,1,0,0,0,0,0,0,0,0,FINAL (ENTRADA MANUAL)
48,1,1,88,77,0,0,8,0,173,439,FINAL (ENTRADA MANUAL)
48,1,2,78,70,1,0,8,0,157,439,FINAL (ENTRADA MANUAL)
48,1,3,78,84,0,0,9,0,171,439,FINAL (ENTRADA MANUAL)
48,2,1,83,79,0,0,4,0,166,415,FINAL (ENTRADA MANUAL)
48,2,2,73,55,0,0,16,0,144,415,FINAL (ENTRADA MANUAL)
48,2,3,59,72,0,0,14,0,145,415,FINAL (ENTRADA MANUAL)
48,3,1,86,90,0,0,7,0,183,441,FINAL (ENTRADA MANUAL)
48,3,2,84,102,0,0,1,0,187,441,FINAL (ENTRADA MANUAL)
48,3,3,82,67,1,0,29,0,179,440,FINAL (ENTRADA MANUAL)
48,4,1,102,56,0,0,11,0,169,394,FINAL (ENTRADA MANUAL)
48,5,1,68,75,0,0,9,0,152,393,FINAL (ENTRADA MANUAL)
48,6,1,97,99,0,0,6,0,202,464,FINAL (ENTRADA MANUAL)
48,6,2,83,91,1,0,13,0,188,464,FINAL (ENTRADA MANUAL)
48,6,3,93,84,0,0,6,0,183,463,FINAL (ENTRADA MANUAL)
48,7,1,101,77,1,0,7,0,186,428,FINAL (ENTRADA MANUAL)
48,7,2,94,80,0,0,18,0,192,427,FINAL (ENTRADA MANUAL)
48,8,1,87,90,0,0,5,0,182,420,FINAL (ENTRADA MANUAL)
48,8,2,72,84,0,0,4,0,160,419,FINAL (ENTRADA MANUAL)
48,9,1,86,109,0,0,12,0,207,577,FINAL (ENTRADA MANUAL)
48,9,2,97,96,0,0,15,0,208,577,FINAL (ENTRADA MANUAL)
48,9,3,80,98,0,0,9,0,187,578,FINAL (ENTRADA MANUAL)
48,10,1,79,85,0,0,4,0,168,374,FINAL (ENTRADA MANUAL)
48,10,2,59,104,0,0,8,0,171,374,FINAL (ENTRADA MANUAL)
48,11,1,79,67,0,0,4,0,150,377,FINAL (ENTRADA MANUAL)
48,12,1,88,97,0,0,13,0,198,496,FINAL (ENTRADA MANUAL)
48,12,2,94,125,0,0,6,0,225,496,FINAL (ENTRADA MANUAL)
48,13,1,119,117,0,0,10,0,246,550,FINAL (ENTRADA MANUAL)
48,13,2,100,121,0,0,6,0,227,550,FINAL (ENTRADA MANUAL)
48,13,3,100,97,0,0,9,0,206,550,FINAL (ENTRADA MANUAL)
48,14,1,74,87,0,0,5,0,166,368,FINAL (ENTRADA MANUAL)
48,74,1,69,25,0,0,7,0,101,0,FINAL (ENTRADA MANUAL)
48,74,2,35,24,0,0,1,0,60,0,FINAL (ENTRADA MANUAL)
48,74,3,25,27,0,0,2,0,54,0,FINAL (ENTRADA MANUAL)
48,74,4,40,16,0,0,5,0,61,0,FINAL (ENTRADA MANUAL)
48,74,5,16,55,0,0,8,0,79,0,FINAL (ENTRADA MANUAL)
48,74,6,49,41,0,0,4,0,94,0,FINAL (ENTRADA MANUAL)
48,74,7,0,0,0,0,0,0,0,0,FINAL (ENTRADA MANUAL)
48,75,1,17,9,0,0,2,0,28,0,FINAL (ENTRADA MANUAL)
48,77,1,0,0,0,0,0,0,0,0,FINAL (ENTRADA MANUAL)
48,77,2,0,0,0,0,0,0,0,0,FINAL (ENTRADA MANUAL)
48,77,3,16,16,0,0,0,0,32,0,FINAL (ENTRADA MANUAL)
48,77,5,0,0,0,0,0,0,0,0,FINAL (ENTRADA MANUAL)
48,78,1,7,3,0,0,0,0,10,0,FINAL (ENTRADA MANUAL)
48,78,2,0,0,0,0,0,0,0,0,FINAL (ENTRADA MANUAL)
48,78,3,0,0,0,0,0,0,0,0,FINAL (ENTRADA MANUAL)
48,79,1,0,0,0,0,0,0,0,0,FINAL (ENTRADA MANUAL)
48,79,2,0,0,0,0,0,0,0,0,FINAL (ENTRADA MANUAL)
48,80,1,0,0,0,0,0,0,0,0,FINAL (ENTRADA MANUAL)
48,80,2,0,0,0,0,0,0,0,0,FINAL (ENTRADA MANUAL)
49,1,1,89,77,1,0,0,0,167,546,FINAL (ENTRADA MANUAL)
49,1,2,127,121,1,0,6,0,255,546,FINAL (ENTRADA MANUAL)
49,1,3,116,113,0,0,6,0,235,546,FINAL (ENTRADA MANUAL)
49,1,4,106,112,0,0,8,0,226,546,FINAL (ENTRADA MANUAL)
49,1,5,125,95,0,0,2,0,222,546,FINAL (ENTRADA MANUAL)
49,1,6,125,100,0,0,1,0,226,546,FINAL (ENTRADA MANUAL)
49,1,7,124,91,0,0,7,0,222,546,FINAL (ENTRADA MANUAL)
49,1,8,112,106,0,0,3,0,221,546,FINAL (ENTRADA MANUAL)
49,2,1,107,94,0,0,3,0,204,523,FINAL (ENTRADA MANUAL)
49,2,2,89,113,0,0,0,0,202,523,FINAL (ENTRADA MANUAL)
49,2,3,132,92,0,0,3,0,227,523,FINAL (ENTRADA MANUAL)
49,2,4,111,80,0,0,1,0,192,523,FINAL (ENTRADA MANUAL)
49,2,5,109,50,0,0,2,0,161,523,FINAL (ENTRADA MANUAL)
49,2,6,92,61,0,0,1,0,154,523,FINAL (ENTRADA MANUAL)
49,2,7,88,69,0,0,17,0,174,526,FINAL (ENTRADA MANUAL)
49,3,1,112,117,0,0,3,0,232,537,FINAL (ENTRADA MANUAL)
49,3,2,95,118,0,0,1,0,214,537,FINAL (ENTRADA MANUAL)
49,3,3,105,101,0,0,6,0,212,537,FINAL (ENTRADA MANUAL)
49,3,4,115,102,0,0,5,0,222,537,FINAL (ENTRADA MANUAL)
49,3,5,102,127,0,0,11,0,240,537,FINAL (ENTRADA MANUAL)
49,3,6,106,105,0,0,3,0,214,537,FINAL (ENTRADA MANUAL)
49,3,7,106,79,0,0,5,0,190,536,FINAL (ENTRADA MANUAL)
49,4,1,99,110,0,0,4,0,213,536,FINAL (ENTRADA MANUAL)
49,4,2,114,107,0,0,3,0,224,536,FINAL (ENTRADA MANUAL)
49,4,3,98,89,0,0,2,0,189,536,FINAL (ENTRADA MANUAL)
49,4,4,108,88,0,0,10,0,206,536,FINAL (ENTRADA MANUAL)
49,4,5,117,97,0,0,3,0,217,536,FINAL (ENTRADA MANUAL)
49,4,6,104,101,0,0,3,0,208,536,FINAL (ENTRADA MANUAL)
49,4,7,130,78,0,0,2,0,210,538,FINAL (ENTRADA MANUAL)
49,5,1,115,92,0,0,11,0,218,588,FINAL (ENTRADA MANUAL)
49,5,2,110,100,1,0,6,0,217,587,FINAL (ENTRADA MANUAL)
49,74,1,73,28,0,0,0,0,101,0,FINAL (ENTRADA MANUAL)
49,74,2,61,35,0,0,6,0,102,0,FINAL (ENTRADA MANUAL)
49,74,3,64,29,0,0,12,0,105,0,FINAL (ENTRADA MANUAL)
49,74,4,60,30,0,0,6,0,96,0,FINAL (ENTRADA MANUAL)
49,74,5,73,27,0,0,2,0,102,0,FINAL (ENTRADA MANUAL)
49,74,6,0,0,0,0,0,0,0,0,FINAL (ENTRADA MANUAL)
49,74,7,0,0,0,0,0,0,0,0,FINAL (ENTRADA MANUAL)
49,75,1,73,41,0,0,2,0,116,0,FINAL (ENTRADA MANUAL)
49,75,2,0,0,0,0,0,0,0,0,FINAL (ENTRADA MANUAL)
49,77,1,1153,1097,0,0,39,5,2294,0,FINAL (ENTRADA MANUAL)
49,77,2,0,0,0,0,0,0,0,0,FINAL (ENTRADA MANUAL)
49,77,3,0,0,0,0,0,0,0,0,FINAL (ENTRADA MANUAL)
49,77,5,0,0,0,0,0,0,0,0,FINAL (ENTRADA MANUAL)
49,78,1,0,0,0,0,0,0,0,0,FINAL (ENTRADA MANUAL)
49,78,2,0,0,0,0,0,0,0,0,FINAL (ENTRADA MANUAL)
49,78,3,0,0,0,0,0,0,0,0,FINAL (ENTRADA MANUAL)
49,79,1,3,2,0,0,0,0,5,0,FINAL (ENTRADA MANUAL)
50,1,1,64,109,0,0,5,0,178,409,FINAL (ENTRADA MANUAL)
50,1,2,55,133,0,0,9,0,197,409,FINAL (ENTRADA MANUAL)
50,1,3,78,117,0,0,5,0,200,408,FINAL (ENTRADA MANUAL)
50,2,1,79,80,0,0,13,0,172,427,FINAL (ENTRADA MANUAL)
50,2,2,105,89,0,0,3,0,197,427,FINAL (ENTRADA MANUAL)
50,2,3,98,76,0,0,4,0,178,427,FINAL (ENTRADA MANUAL)
50,2,4,79,85,1,0,0,0,165,428,FINAL (ENTRADA MANUAL)
50,3,1,93,190,0,0,11,0,294,571,FINAL (ENTRADA MANUAL)
50,4,1,60,70,0,0,7,0,137,247,FINAL (ENTRADA MANUAL)
50,5,1,116,85,0,0,11,0,212,407,FINAL (ENTRADA MANUAL)
50,6,1,59,121,0,0,5,0,185,316,FINAL (ENTRADA MANUAL)
50,6,2,65,99,0,0,4,0,168,315,FINAL (ENTRADA MANUAL)
50,74,1,17,57,0,0,8,0,82,0,FINAL (ENTRADA MANUAL)
50,74,2,22,50,0,0,7,0,79,0,FINAL (ENTRADA MANUAL)
50,74,3,48,38,0,0,21,0,107,0,FINAL (ENTRADA MANUAL)
50,74,4,61,45,0,0,3,0,109,0,FINAL (ENTRADA MANUAL)
50,74,5,11,34,0,0,4,0,49,0,FINAL (ENTRADA MANUAL)
50,74,6,20,15,0,0,1,0,36,0,FINAL (ENTRADA MANUAL)
50,74,7,26,43,0,0,8,0,77,0,FINAL (ENTRADA MANUAL)
50,75,1,1,1,0,0,0,0,2,0,FINAL (ENTRADA MANUAL)
50,77,1,127,133,0,0,0,0,260,0,FINAL (ENTRADA MANUAL)
50,77,2,2,1,0,0,1,0,4,0,FINAL (ENTRADA MANUAL)
50,77,3,43,48,0,0,15,3,109,0,FINAL (ENTRADA MANUAL)
50,77,5,0,0,0,0,0,0,0,0,FINAL (ENTRADA MANUAL)
50,78,1,8,10,0,0,1,0,19,0,FINAL (ENTRADA MANUAL)
50,78,2,0,0,0,0,0,0,0,0,FINAL (ENTRADA MANUAL)
50,78,3,0,0,0,0,0,0,0,0,FINAL (ENTRADA MANUAL)
51,1,1,76,94,0,0,13,0,183,388,FINAL (ENTRADA MANUAL)
51,1,2,72,81,0,0,10,0,163,389,FINAL (ENTRADA MANUAL)
51,2,1,33,43,0,0,2,0,78,159,FINAL (ENTRADA MANUAL)
51,3,1,32,38,0,0,9,0,79,248,FINAL (ENTRADA MANUAL)
51,3,2,47,41,0,0,4,0,92,247,FINAL (ENTRADA MANUAL)
51,4,1,74,73,0,0,4,0,151,468,FINAL (ENTRADA MANUAL)
51,4,2,76,61,0,0,30,0,167,468,FINAL (ENTRADA MANUAL)
51,5,1,73,71,0,0,5,0,149,347,FINAL (ENTRADA MANUAL)
51,6,1,78,91,0,0,4,0,173,369,FINAL (ENTRADA MANUAL)
51,7,1,94,129,0,0,7,0,230,552,FINAL (ENTRADA MANUAL)
51,7,2,110,133,0,0,2,0,245,552,FINAL (ENTRADA MANUAL)
51,7,3,121,131,0,0,4,0,256,552,FINAL (ENTRADA MANUAL)
51,7,4,117,123,0,0,2,0,242,552,FINAL (ENTRADA MANUAL)
51,8,1,91,120,0,0,22,0,233,582,FINAL (ENTRADA MANUAL)
51,8,2,83,111,0,0,20,0,214,581,FINAL (ENTRADA MANUAL)
51,9,1,101,129,0,0,3,0,233,598,FINAL (ENTRADA MANUAL)
51,10,1,101,98,0,0,11,0,210,516,FINAL (ENTRADA MANUAL)
51,10,2,107,113,0,0,2,0,222,515,FINAL (ENTRADA MANUAL)
51,11,1,111,100,0,0,9,0,220,518,FINAL (ENTRADA MANUAL)
51,11,2,99,126,0,0,7,0,232,518,FINAL (ENTRADA MANUAL)
51,11,3,116,106,0,0,6,0,228,518,FINAL (ENTRADA MANUAL)
51,11,4,86,92,0,0,5,0,183,518,FINAL (ENTRADA MANUAL)
51,11,5,92,109,0,0,1,0,202,518,FINAL (ENTRADA MANUAL)
51,74,1,18,23,0,0,2,0,43,0,FINAL (ENTRADA MANUAL)
51,74,2,40,24,0,0,1,0,65,0,FINAL (ENTRADA MANUAL)
51,74,3,32,41,0,0,3,0,76,0,FINAL (ENTRADA MANUAL)
51,75,1,0,0,0,0,0,0,0,0,FINAL (ENTRADA MANUAL)
51,77,1,166,247,0,0,5,0,418,0,FINAL (ENTRADA MANUAL)
51,77,2,42,77,0,0,2,0,121,0,FINAL (ENTRADA MANUAL)
51,77,3,1,2,0,0,0,0,3,0,FINAL (ENTRADA MANUAL)
51,77,5,0,0,0,0,0,0,0,0,FINAL (ENTRADA MANUAL)
51,78,1,0,0,0,0,0,0,0,0,FINAL (ENTRADA MANUAL)
51,78,2,0,0,0,0,0,0,0,0,FINAL (ENTRADA MANUAL)
51,78,3,0,0,0,0,0,0,0,0,FINAL (ENTRADA MANUAL)
51,79,1,0,0,0,0,0,0,0,0,FINAL (ENTRADA MANUAL)
52,1,1,20,84,0,0,3,0,107,206,FINAL (ENTRADA MANUAL)
52,2,1,93,115,0,0,6,0,214,529,FINAL (ENTRADA MANUAL)
52,3,1,143,118,0,0,3,0,264,542,FINAL (ENTRADA MANUAL)
52,3,2,148,114,0,0,4,0,266,542,FINAL (ENTRADA MANUAL)
52,3,3,139,99,0,0,9,0,247,542,FINAL (ENTRADA MANUAL)
52,4,1,84,65,0,0,4,0,153,336,FINAL (ENTRADA MANUAL)
52,4,2,78,55,0,0,0,0,133,335,FINAL (ENTRADA MANUAL)
52,5,1,81,53,0,0,11,0,145,336,FINAL (ENTRADA MANUAL)
52,5,2,57,76,0,0,8,0,141,337,FINAL (ENTRADA MANUAL)
52,6,1,76,96,0,0,12,0,184,442,FINAL (ENTRADA MANUAL)
52,6,2,79,81,0,0,3,0,163,442,FINAL (ENTRADA MANUAL)
52,7,1,110,93,0,0,5,0,208,529,FINAL (ENTRADA MANUAL)
52,7,2,105,95,0,0,21,0,221,529,FINAL (ENTRADA MANUAL)
52,7,3,96,120,0,0,8,0,224,529,FINAL (ENTRADA MANUAL)
52,7,4,114,94,0,0,8,0,216,529,FINAL (ENTRADA MANUAL)
52,7,5,94,93,0,0,2,0,189,529,FINAL (ENTRADA MANUAL)
52,7,6,124,111,0,0,8,0,243,530,FINAL (ENTRADA MANUAL)
52,8,1,99,118,0,0,3,0,220,504,FINAL (ENTRADA MANUAL)
52,8,2,76,115,0,0,1,0,192,504,FINAL (ENTRADA MANUAL)
52,9,1,108,109,2,0,3,0,222,472,FINAL (ENTRADA MANUAL)
52,9,2,112,106,0,0,6,0,224,472,FINAL (ENTRADA MANUAL)
52,9,3,91,94,1,0,2,0,188,472,FINAL (ENTRADA MANUAL)
52,9,4,86,99,0,0,6,0,191,470,FINAL (ENTRADA MANUAL)
52,10,1,112,110,0,0,12,0,234,579,FINAL (ENTRADA MANUAL)
52,10,2,124,115,0,0,5,0,244,579,FINAL (ENTRADA MANUAL)
52,10,3,130,114,0,0,0,0,244,579,FINAL (ENTRADA MANUAL)
52,11,1,82,110,0,0,17,0,209,592,FINAL (ENTRADA MANUAL)
52,11,2,76,120,0,0,9,0,205,592,FINAL (ENTRADA MANUAL)
52,11,3,100,104,1,0,4,0,209,592,FINAL (ENTRADA MANUAL)
52,12,1,127,108,0,0,3,0,238,544,FINAL (ENTRADA MANUAL)
52,12,2,107,134,0,0,3,0,244,544,FINAL (ENTRADA MANUAL)
52,12,3,94,138,1,0,4,0,237,544,FINAL (ENTRADA MANUAL)
52,12,4,105,114,0,0,4,0,223,542,FINAL (ENTRADA MANUAL)
52,13,1,68,79,0,0,11,0,158,447,FINAL (ENTRADA MANUAL)
52,13,2,87,89,1,0,9,0,186,447,FINAL (ENTRADA MANUAL)
52,13,3,72,75,1,0,24,0,172,447,FINAL (ENTRADA MANUAL)
52,74,1,28,37,0,0,17,0,82,0,FINAL (ENTRADA MANUAL)
52,74,2,43,41,1,0,1,0,86,0,FINAL (ENTRADA MANUAL)
52,74,3,41,49,0,0,0,0,90,0,FINAL (ENTRADA MANUAL)
52,74,4,41,30,1,0,9,0,81,0,FINAL (ENTRADA MANUAL)
52,74,5,0,0,0,0,0,0,0,0,FINAL (ENTRADA MANUAL)
52,75,1,4,5,0,0,0,0,9,0,FINAL (ENTRADA MANUAL)
52,75,2,0,0,0,0,0,0,0,0,FINAL (ENTRADA MANUAL)
52,77,1,371,538,0,0,1,0,910,0,FINAL (ENTRADA MANUAL)
52,77,2,40,39,0,0,0,0,79,0,FINAL (ENTRADA MANUAL)
52,77,3,43,40,0,0,3,1,87,0,FINAL (ENTRADA MANUAL)
52,77,5,0,0,0,0,0,0,0,0,FINAL (ENTRADA MANUAL)
52,78,1,0,1,0,0,0,0,1,0,FINAL (ENTRADA MANUAL)
52,78,2,0,0,0,0,0,0,0,0,FINAL (ENTRADA MANUAL)
52,78,3,0,0,0,0,0,0,0,0,FINAL (ENTRADA MANUAL)
53,1,1,97,127,0,0,1,0,227,533,FINAL (ENTRADA MANUAL)
53,1,2,102,119,0,0,4,0,225,533,FINAL (ENTRADA MANUAL)
53,1,3,85,105,0,0,3,0,190,533,FINAL (ENTRADA MANUAL)
53,1,4,105,134,0,0,6,0,245,533,FINAL (ENTRADA MANUAL)
53,1,5,104,112,0,0,6,0,222,532,FINAL (ENTRADA MANUAL)
53,2,1,113,112,1,0,13,0,239,464,FINAL (ENTRADA MANUAL)
53,2,2,108,109,0,0,4,0,221,464,FINAL (ENTRADA MANUAL)
53,2,3,102,109,0,0,6,0,217,464,FINAL (ENTRADA MANUAL)
53,2,4,85,129,0,0,6,0,220,466,FINAL (ENTRADA MANUAL)
53,3,1,69,136,1,0,9,0,215,489,FINAL (ENTRADA MANUAL)
53,3,2,86,142,0,0,0,0,228,489,FINAL (ENTRADA MANUAL)
53,3,3,82,116,0,0,12,0,210,489,FINAL (ENTRADA MANUAL)
53,3,4,76,138,0,0,6,0,220,489,FINAL (ENTRADA MANUAL)
53,4,1,104,109,0,0,10,0,223,533,FINAL (ENTRADA MANUAL)
53,4,2,143,94,0,0,11,0,248,533,FINAL (ENTRADA MANUAL)
53,4,3,124,107,0,0,4,0,235,533,FINAL (ENTRADA MANUAL)
53,4,4,138,91,0,0,3,0,232,533,FINAL (ENTRADA MANUAL)
53,4,5,116,84,0,0,3,0,203,533,FINAL (ENTRADA MANUAL)
53,4,6,124,94,0,0,4,0,222,532,FINAL (ENTRADA MANUAL)
53,5,1,82,151,0,0,5,0,238,497,FINAL (ENTRADA MANUAL)
53,5,2,94,128,0,0,19,0,241,497,FINAL (ENTRADA MANUAL)
53,5,3,78,130,1,0,5,0,214,497,FINAL (ENTRADA MANUAL)
53,5,4,89,144,0,0,8,0,241,498,FINAL (ENTRADA MANUAL)
53,6,1,95,122,1,0,11,0,229,562,FINAL (ENTRADA MANUAL)
53,6,2,102,122,0,0,6,0,230,562,FINAL (ENTRADA MANUAL)
53,6,3,81,155,0,0,1,0,237,562,FINAL (ENTRADA MANUAL)
53,6,4,80,148,1,0,28,0,257,562,FINAL (ENTRADA MANUAL)
53,6,5,96,163,0,0,7,0,266,562,FINAL (ENTRADA MANUAL)
53,7,1,66,83,0,0,5,0,154,302,FINAL (ENTRADA MANUAL)
53,7,2,57,76,0,0,8,0,141,303,FINAL (ENTRADA MANUAL)
53,8,1,107,121,0,0,24,0,252,444,FINAL (ENTRADA MANUAL)
53,8,2,107,132,1,0,5,0,245,445,FINAL (ENTRADA MANUAL)
53,9,1,93,170,0,0,5,0,268,595,FINAL (ENTRADA MANUAL)
53,9,2,131,153,0,0,13,0,297,595,FINAL (ENTRADA MANUAL)
53,10,1,173,103,2,0,18,0,296,540,FINAL (ENTRADA MANUAL)
53,11,1,115,125,1,0,0,0,241,550,FINAL (ENTRADA MANUAL)
53,11,2,137,87,0,0,3,0,227,551,FINAL (ENTRADA MANUAL)
53,12,1,68,71,1,0,9,0,149,278,FINAL (ENTRADA MANUAL)
53,12,2,67,93,1,0,8,0,169,277,FINAL (ENTRADA MANUAL)
53,13,1,140,99,0,0,7,0,246,534,FINAL (ENTRADA MANUAL)
53,13,2,110,125,2,0,3,0,240,534,FINAL (ENTRADA MANUAL)
53,13,3,131,118,0,0,4,0,253,534,FINAL (ENTRADA MANUAL)
53,13,4,139,88,0,0,10,0,237,534,FINAL (ENTRADA MANUAL)
53,13,5,134,96,0,0,19,0,249,534,FINAL (ENTRADA MANUAL)
53,13,6,103,104,0,0,8,0,215,535,FINAL (ENTRADA MANUAL)
53,74,1,32,42,0,0,5,0,79,0,FINAL (ENTRADA MANUAL)
53,74,2,41,38,0,0,2,0,81,0,FINAL (ENTRADA MANUAL)
53,74,3,36,30,0,0,1,0,67,0,FINAL (ENTRADA MANUAL)
53,74,4,30,33,0,0,4,0,67,0,FINAL (ENTRADA MANUAL)
53,74,5,16,67,0,0,2,0,85,0,FINAL (ENTRADA MANUAL)
53,74,6,32,52,0,0,3,0,87,0,FINAL (ENTRADA MANUAL)
53,74,7,46,39,0,0,5,0,90,0,FINAL (ENTRADA MANUAL)
53,74,8,28,35,0,0,6,0,69,0,FINAL (ENTRADA MANUAL)
53,74,9,33,40,0,0,4,0,77,0,FINAL (ENTRADA MANUAL)
53,74,10,22,27,0,0,1,0,50,0,FINAL (ENTRADA MANUAL)
53,74,11,10,21,0,0,2,0,33,0,FINAL (ENTRADA MANUAL)
53,74,12,31,33,0,0,7,0,71,0,FINAL (ENTRADA MANUAL)
53,74,13,33,41,0,0,0,0,74,0,FINAL (ENTRADA MANUAL)
53,74,14,0,0,0,0,0,0,0,0,FINAL (ENTRADA MANUAL)
53,75,1,8,10,0,0,0,2,20,0,FINAL (ENTRADA MANUAL)
53,75,2,0,0,0,0,0,0,0,0,FINAL (ENTRADA MANUAL)
53,75,3,0,0,0,0,0,0,0,0,FINAL (ENTRADA MANUAL)
53,77,1,1494,1274,0,0,109,7,2884,0,FINAL (ENTRADA MANUAL)
53,77,2,256,200,0,0,8,0,464,0,FINAL (ENTRADA MANUAL)
53,77,3,0,0,0,0,0,0,0,0,FINAL (ENTRADA MANUAL)
53,77,5,0,0,0,0,0,0,0,0,FINAL (ENTRADA MANUAL)
53,78,1,0,0,0,0,0,0,0,0,FINAL (ENTRADA MANUAL)
53,78,2,0,0,0,0,0,0,0,0,FINAL (ENTRADA MANUAL)
53,78,3,0,0,0,0,0,0,0,0,FINAL (ENTRADA MANUAL)
53,78,4,25,23,0,0,1,1,50,0,FINAL (ENTRADA MANUAL)
54,1,1,99,70,0,0,5,0,174,437,FINAL (ENTRADA MANUAL)
54,1,2,91,109,0,0,10,0,210,437,FINAL (ENTRADA MANUAL)
54,2,1,120,164,0,0,3,0,287,558,FINAL (ENTRADA MANUAL)
54,2,2,121,141,0,0,5,0,267,558,FINAL (ENTRADA MANUAL)
54,2,3,103,167,0,0,6,0,276,558,FINAL (ENTRADA MANUAL)
54,3,1,112,98,0,0,6,0,216,491,FINAL (ENTRADA MANUAL)
54,3,2,108,97,1,0,16,0,222,491,FINAL (ENTRADA MANUAL)
54,3,3,104,117,0,0,6,0,227,491,FINAL (ENTRADA MANUAL)
54,3,4,90,129,0,0,5,0,224,490,FINAL (ENTRADA MANUAL)
54,4,1,76,189,0,0,10,0,275,599,FINAL (ENTRADA MANUAL)
54,5,1,110,83,0,0,7,0,200,442,FINAL (ENTRADA MANUAL)
54,5,2,89,107,0,0,8,0,204,442,FINAL (ENTRADA MANUAL)
54,5,3,107,96,0,0,6,0,209,443,FINAL (ENTRADA MANUAL)
54,6,1,109,95,1,0,1,0,206,471,FINAL (ENTRADA MANUAL)
54,6,2,95,116,0,0,5,0,216,471,FINAL (ENTRADA MANUAL)
54,6,3,78,90,0,0,13,0,181,471,FINAL (ENTRADA MANUAL)
54,6,4,77,114,0,0,10,0,201,470,FINAL (ENTRADA MANUAL)
54,7,1,136,96,0,0,6,0,238,604,FINAL (ENTRADA MANUAL)
54,7,2,103,107,0,0,7,0,217,604,FINAL (ENTRADA MANUAL)
54,7,3,102,107,1,0,15,0,225,604,FINAL (ENTRADA MANUAL)
54,7,4,112,102,2,0,5,0,221,604,FINAL (ENTRADA MANUAL)
54,7,5,102,126,1,0,7,0,236,602,FINAL (ENTRADA MANUAL)
54,8,1,117,108,0,0,10,0,235,475,FINAL (ENTRADA MANUAL)
54,8,2,97,84,0,0,5,0,186,475,FINAL (ENTRADA MANUAL)
54,8,3,98,107,0,0,6,0,211,474,FINAL (ENTRADA MANUAL)
54,9,1,84,128,0,0,11,0,223,522,FINAL (ENTRADA MANUAL)
54,9,2,94,145,0,0,12,0,251,521,FINAL (ENTRADA MANUAL)
54,10,1,105,113,0,0,6,0,224,418,FINAL (ENTRADA MANUAL)
54,11,1,34,113,0,0,4,0,151,360,FINAL (ENTRADA MANUAL)
54,12,1,157,84,0,0,24,0,265,556,FINAL (ENTRADA MANUAL)
54,13,1,121,83,0,0,10,0,214,525,FINAL (ENTRADA MANUAL)
54,14,1,109,121,0,0,3,0,234,552,FINAL (ENTRADA MANUAL)
54,14,2,94,134,2,0,3,0,233,551,FINAL (ENTRADA MANUAL)
54,15,1,84,108,0,0,6,0,198,419,FINAL (ENTRADA MANUAL)
54,15,2,75,80,0,0,33,0,188,419,FINAL (ENTRADA MANUAL)
54,16,1,72,92,1,0,25,0,190,346,FINAL (ENTRADA MANUAL)
54,16,2,70,86,0,0,21,0,177,346,FINAL (ENTRADA MANUAL)
54,17,1,116,98,0,0,3,0,217,549,FINAL (ENTRADA MANUAL)
54,17,2,106,103,0,0,8,0,217,549,FINAL (ENTRADA MANUAL)
54,17,3,105,89,1,0,3,0,198,549,FINAL (ENTRADA MANUAL)
54,18,1,111,111,0,0,3,0,225,576,FINAL (ENTRADA MANUAL)
54,18,2,113,111,0,0,4,0,228,576,FINAL (ENTRADA MANUAL)
54,19,1,107,117,0,0,6,0,230,504,FINAL (ENTRADA MANUAL)
54,19,2,85,91,0,0,25,0,201,505,FINAL (ENTRADA MANUAL)
54,20,1,54,79,0,0,2,0,135,338,FINAL (ENTRADA MANUAL)
54,20,2,64,76,0,0,7,0,147,338,FINAL (ENTRADA MANUAL)
54,74,1,33,35,0,0,8,0,78,0,FINAL (ENTRADA MANUAL)
54,74,2,40,36,0,0,3,0,79,0,FINAL (ENTRADA MANUAL)
54,74,3,8,53,1,0,11,0,73,0,FINAL (ENTRADA MANUAL)
54,74,4,29,35,0,0,2,0,66,0,FINAL (ENTRADA MANUAL)
54,75,1,0,2,0,0,1,1,4,0,FINAL (ENTRADA MANUAL)
54,77,1,651,946,0,0,2,0,1599,0,FINAL (ENTRADA MANUAL)
54,77,2,23,24,0,0,0,0,47,0,FINAL (ENTRADA MANUAL)
54,77,3,27,23,0,0,0,1,55,0,FINAL (ENTRADA MANUAL)
54,77,5,0,0,0,0,0,0,0,0,FINAL (ENTRADA MANUAL)
54,78,1,0,0,0,0,0,0,0,0,FINAL (ENTRADA MANUAL)
54,78,2,0,0,0,0,0,0,0,0,FINAL (ENTRADA MANUAL)
54,78,3,28,71,0,0,1,0,100,0,FINAL (ENTRADA MANUAL)
54,79,1,0,0,0,0,0,0,0,0,FINAL (ENTRADA MANUAL)
54,80,1,0,1,0,0,0,0,1,0,FINAL (ENTRADA MANUAL)
55,1,1,82,67,1,0,11,0,161,352,FINAL (ENTRADA MANUAL)
55,2,1,108,129,1,0,23,0,261,532,FINAL (ENTRADA MANUAL)
55,2,2,106,117,0,0,45,0,268,533,FINAL (ENTRADA MANUAL)
55,3,1,93,129,1,0,30,0,253,452,FINAL (ENTRADA MANUAL)
55,4,1,106,80,0,0,4,0,190,381,FINAL (ENTRADA MANUAL)
55,4,2,110,112,0,0,6,0,228,381,FINAL (ENTRADA MANUAL)
55,5,1,103,141,0,0,8,0,188,520,FINAL (ENTRADA MANUAL)
55,5,2,106,131,1,0,8,0,246,521,FINAL (ENTRADA MANUAL)
55,6,1,89,133,1,0,9,0,232,457,FINAL (ENTRADA MANUAL)
55,6,2,81,123,0,0,7,0,211,457,FINAL (ENTRADA MANUAL)
55,7,1,81,90,0,0,4,0,175,298,FINAL (ENTRADA MANUAL)
55,7,2,80,80,0,0,0,0,160,298,FINAL (ENTRADA MANUAL)
55,8,1,99,135,0,0,7,0,241,464,FINAL (ENTRADA MANUAL)
55,8,2,105,113,0,0,25,0,243,463,FINAL (ENTRADA MANUAL)
55,9,1,113,118,1,0,11,0,243,450,FINAL (ENTRADA MANUAL)
55,9,2,85,108,0,0,11,0,204,450,FINAL (ENTRADA MANUAL)
55,9,3,95,124,0,0,8,0,227,451,FINAL (ENTRADA MANUAL)
55,10,1,96,130,0,0,5,0,231,508,FINAL (ENTRADA MANUAL)
55,10,2,106,129,1,0,8,0,244,508,FINAL (ENTRADA MANUAL)
55,10,3,95,128,1,0,10,0,234,508,FINAL (ENTRADA MANUAL)
55,10,4,112,113,1,0,14,0,240,509,FINAL (ENTRADA MANUAL)
55,11,1,120,89,0,0,14,0,223,468,FINAL (ENTRADA MANUAL)
55,11,2,92,115,0,0,5,0,212,469,FINAL (ENTRADA MANUAL)
55,12,1,112,123,0,0,9,0,244,562,FINAL (ENTRADA MANUAL)
55,12,2,124,130,1,0,10,0,265,562,FINAL (ENTRADA MANUAL)
55,12,3,105,120,1,0,13,0,239,562,FINAL (ENTRADA MANUAL)
55,12,4,119,112,3,0,4,0,238,562,FINAL (ENTRADA MANUAL)
55,12,5,112,118,0,0,7,0,237,562,FINAL (ENTRADA MANUAL)
55,12,6,95,114,0,0,13,0,222,562,FINAL (ENTRADA MANUAL)
55,12,7,109,120,0,0,5,0,234,560,FINAL (ENTRADA MANUAL)
55,74,1,3,11,0,0,1,0,15,0,FINAL (ENTRADA MANUAL)
55,74,2,16,55,0,0,14,0,85,0,FINAL (ENTRADA MANUAL)
55,74,3,15,64,0,0,4,0,83,0,FINAL (ENTRADA MANUAL)
55,74,4,17,62,0,0,2,0,81,0,FINAL (ENTRADA MANUAL)
55,75,1,0,0,0,0,0,0,0,0,FINAL (ENTRADA MANUAL)
55,75,2,4,2,0,0,0,1,7,0,FINAL (ENTRADA MANUAL)
55,75,3,5,4,0,0,0,0,9,0,FINAL (ENTRADA MANUAL)
55,75,4,0,0,0,0,0,0,0,0,FINAL (ENTRADA MANUAL)
55,77,1,381,460,0,0,2,0,843,0,FINAL (ENTRADA MANUAL)
55,77,2,160,201,0,0,0,0,361,0,FINAL (ENTRADA MANUAL)
55,77,3,152,149,0,0,30,14,345,0,FINAL (ENTRADA MANUAL)
55,77,5,0,0,0,0,0,0,0,0,FINAL (ENTRADA MANUAL)
55,78,1,13,21,0,0,1,0,35,0,FINAL (ENTRADA MANUAL)
55,78,2,0,0,0,0,0,0,0,0,FINAL (ENTRADA MANUAL)
55,78,3,0,0,0,0,0,0,0,0,FINAL (ENTRADA MANUAL)
56,1,1,91,116,0,0,9,0,216,461,FINAL (ENTRADA MANUAL)
56,1,2,117,117,0,0,5,0,239,461,FINAL (ENTRADA MANUAL)
56,1,3,90,116,0,0,13,0,219,462,FINAL (ENTRADA MANUAL)
56,2,1,96,94,0,0,4,0,194,422,FINAL (ENTRADA MANUAL)
56,3,1,132,120,0,0,11,0,263,500,FINAL (ENTRADA MANUAL)
56,3,2,102,137,0,0,13,0,252,500,FINAL (ENTRADA MANUAL)
56,3,3,138,123,0,0,6,0,267,501,FINAL (ENTRADA MANUAL)
56,4,1,138,94,1,0,4,0,237,450,FINAL (ENTRADA MANUAL)
56,4,2,113,116,0,0,3,0,232,450,FINAL (ENTRADA MANUAL)
56,4,3,123,102,0,0,1,0,226,450,FINAL (ENTRADA MANUAL)
56,4,4,109,116,0,0,4,0,229,450,FINAL (ENTRADA MANUAL)
56,4,5,89,135,0,0,5,0,229,448,FINAL (ENTRADA MANUAL)
56,74,1,12,48,0,0,0,0,60,0,FINAL (ENTRADA MANUAL)
56,74,2,12,44,0,0,1,0,57,0,FINAL (ENTRADA MANUAL)
56,75,1,0,0,0,0,0,0,0,0,FINAL (ENTRADA MANUAL)
56,77,1,204,246,0,0,0,0,450,0,FINAL (ENTRADA MANUAL)
56,77,2,8,17,0,0,0,0,25,0,FINAL (ENTRADA MANUAL)
56,77,3,0,0,0,0,0,0,0,0,FINAL (ENTRADA MANUAL)
56,77,5,0,0,0,0,0,0,0,0,FINAL (ENTRADA MANUAL)
56,78,1,2,7,0,0,1,0,10,0,FINAL (ENTRADA MANUAL)
56,78,2,0,0,0,0,0,0,0,0,FINAL (ENTRADA MANUAL)
56,78,3,0,0,0,0,0,0,0,0,FINAL (ENTRADA MANUAL)
57,1,1,108,108,0,0,1,0,217,385,FINAL (ENTRADA MANUAL)
57,1,2,90,91,0,0,7,0,188,385,FINAL (ENTRADA MANUAL)
57,2,1,156,84,0,0,26,0,266,511,FINAL (ENTRADA MANUAL)
57,3,1,97,110,0,0,2,0,209,421,FINAL (ENTRADA MANUAL)
57,3,2,78,115,0,0,24,0,217,421,FINAL (ENTRADA MANUAL)
57,3,3,107,114,0,0,2,2,223,420,FINAL (ENTRADA MANUAL)
57,4,1,108,128,0,0,8,0,244,473,FINAL (ENTRADA MANUAL)
57,4,2,129,101,0,0,11,0,241,473,FINAL (ENTRADA MANUAL)
57,4,3,114,98,0,0,10,0,222,473,FINAL (ENTRADA MANUAL)
57,4,4,124,103,0,0,5,0,232,472,FINAL (ENTRADA MANUAL)
57,5,1,155,130,0,0,6,0,291,538,FINAL (ENTRADA MANUAL)
57,6,1,56,76,0,0,4,0,136,257,FINAL (ENTRADA MANUAL)
57,7,1,126,84,2,0,16,0,228,427,FINAL (ENTRADA MANUAL)
57,7,2,104,136,0,0,3,0,243,427,FINAL (ENTRADA MANUAL)
57,7,3,111,103,0,0,2,0,216,427,FINAL (ENTRADA MANUAL)
57,74,1,17,33,0,0,0,0,50,0,FINAL (ENTRADA MANUAL)
57,75,1,2,2,0,0,0,0,4,0,FINAL (ENTRADA MANUAL)
57,77,1,223,247,0,0,0,0,470,0,FINAL (ENTRADA MANUAL)
57,77,2,13,22,0,0,0,0,35,0,FINAL (ENTRADA MANUAL)
57,77,3,106,83,0,0,8,3,200,0,FINAL (ENTRADA MANUAL)
57,77,5,0,0,0,0,0,0,0,0,FINAL (ENTRADA MANUAL)
57,78,1,5,8,0,0,2,0,15,0,FINAL (ENTRADA MANUAL)
57,78,2,0,0,0,0,0,0,0,0,FINAL (ENTRADA MANUAL)
57,78,3,0,0,0,0,0,0,0,0,FINAL (ENTRADA MANUAL)
58,1,1,76,98,0,0,4,0,178,400,FINAL (ENTRADA MANUAL)
58,1,2,74,95,0,0,2,0,171,401,FINAL (ENTRADA MANUAL)
58,2,1,63,132,0,0,6,0,201,350,FINAL (ENTRADA MANUAL)
58,3,1,108,113,1,0,20,0,242,440,FINAL (ENTRADA MANUAL)
58,3,2,120,116,0,0,8,0,244,440,FINAL (ENTRADA MANUAL)
58,3,3,102,113,0,0,7,0,222,440,FINAL (ENTRADA MANUAL)
58,3,4,101,127,0,0,4,0,232,439,FINAL (ENTRADA MANUAL)
58,4,1,124,99,0,0,6,0,229,442,FINAL (ENTRADA MANUAL)
58,4,2,113,101,1,0,6,0,221,443,FINAL (ENTRADA MANUAL)
58,5,1,128,142,0,0,15,0,285,579,FINAL (ENTRADA MANUAL)
58,5,2,125,141,0,0,7,0,273,579,FINAL (ENTRADA MANUAL)
58,5,3,139,132,0,0,5,0,276,580,FINAL (ENTRADA MANUAL)
58,6,1,118,133,0,0,3,0,254,509,FINAL (ENTRADA MANUAL)
58,6,2,127,100,0,0,3,0,230,509,FINAL (ENTRADA MANUAL)
58,6,3,108,118,0,0,3,0,229,509,FINAL (ENTRADA MANUAL)
58,6,4,152,77,1,0,6,0,236,509,FINAL (ENTRADA MANUAL)
58,7,1,130,100,1,0,3,0,234,493,FINAL (ENTRADA MANUAL)
58,7,2,153,106,0,0,10,0,269,493,FINAL (ENTRADA MANUAL)
58,7,3,128,110,1,0,3,0,242,493,FINAL (ENTRADA MANUAL)
58,7,4,91,107,0,0,19,0,217,493,FINAL (ENTRADA MANUAL)
58,7,5,101,132,0,0,22,0,255,492,FINAL (ENTRADA MANUAL)
58,8,1,128,100,0,0,22,0,250,516,FINAL (ENTRADA MANUAL)
58,8,2,121,101,0,0,11,0,233,515,FINAL (ENTRADA MANUAL)
58,9,1,38,83,0,0,6,0,127,239,FINAL (ENTRADA MANUAL)
58,10,1,103,125,0,0,15,0,243,470,FINAL (ENTRADA MANUAL)
58,10,2,118,103,0,0,24,0,245,470,FINAL (ENTRADA MANUAL)
58,11,1,127,86,0,0,16,0,229,483,FINAL (ENTRADA MANUAL)
58,11,2,130,97,0,0,5,0,232,483,FINAL (ENTRADA MANUAL)
58,11,3,133,89,0,0,15,0,237,484,FINAL (ENTRADA MANUAL)
58,12,1,96,55,0,0,5,0,156,276,FINAL (ENTRADA MANUAL)
58,13,1,94,126,0,0,23,0,243,459,FINAL (ENTRADA MANUAL)
58,14,1,119,76,1,0,6,0,202,350,FINAL (ENTRADA MANUAL)
58,14,2,111,77,4,0,13,0,205,351,FINAL (ENTRADA MANUAL)
58,74,1,14,14,0,0,5,0,33,0,FINAL (ENTRADA MANUAL)
58,74,2,53,27,0,0,4,0,84,0,FINAL (ENTRADA MANUAL)
58,74,3,48,25,0,0,1,0,74,0,FINAL (ENTRADA MANUAL)
58,75,1,1,4,0,0,0,2,7,0,FINAL (ENTRADA MANUAL)
58,75,2,1,0,0,0,0,0,1,0,FINAL (ENTRADA MANUAL)
58,77,1,231,195,0,0,0,0,426,0,FINAL (ENTRADA MANUAL)
58,77,2,212,139,0,0,0,0,351,0,FINAL (ENTRADA MANUAL)
58,77,3,7,4,0,0,0,0,11,0,FINAL (ENTRADA MANUAL)
58,77,5,0,0,0,0,0,0,0,0,FINAL (ENTRADA MANUAL)
58,78,1,17,23,0,0,0,0,40,0,FINAL (ENTRADA MANUAL)
58,78,2,0,0,0,0,0,0,0,0,FINAL (ENTRADA MANUAL)
58,78,3,0,0,0,0,0,0,0,0,FINAL (ENTRADA MANUAL)
59,1,1,69,93,0,0,2,0,164,297,FINAL (ENTRADA MANUAL)
59,2,1,33,49,0,0,14,0,96,220,FINAL (ENTRADA MANUAL)
59,3,1,126,120,0,0,5,0,251,483,FINAL (ENTRADA MANUAL)
59,3,2,118,120,0,0,4,0,242,483,FINAL (ENTRADA MANUAL)
59,3,3,122,115,1,0,11,0,249,483,FINAL (ENTRADA MANUAL)
59,3,4,107,125,0,0,12,0,244,483,FINAL (ENTRADA MANUAL)
59,4,1,172,110,1,0,3,0,286,592,FINAL (ENTRADA MANUAL)
59,5,1,93,150,1,0,2,0,246,456,FINAL (ENTRADA MANUAL)
59,6,1,167,129,0,0,9,0,305,603,FINAL (ENTRADA MANUAL)
59,6,2,151,150,1,0,6,0,308,603,FINAL (ENTRADA MANUAL)
59,6,3,136,132,0,0,10,0,278,603,FINAL (ENTRADA MANUAL)
59,6,4,151,120,0,0,5,0,276,604,FINAL (ENTRADA MANUAL)
59,7,1,110,144,0,0,8,0,262,543,FINAL (ENTRADA MANUAL)
59,7,2,102,140,0,0,16,0,258,543,FINAL (ENTRADA MANUAL)
59,8,1,121,109,0,0,7,0,237,566,FINAL (ENTRADA MANUAL)
59,8,2,118,131,0,0,8,0,257,566,FINAL (ENTRADA MANUAL)
59,8,3,158,111,0,0,10,0,279,566,FINAL (ENTRADA MANUAL)
59,8,4,110,133,1,0,11,0,255,567,FINAL (ENTRADA MANUAL)
59,9,1,116,118,0,0,7,0,241,491,FINAL (ENTRADA MANUAL)
59,10,1,112,110,0,0,6,0,228,482,FINAL (ENTRADA MANUAL)
59,10,2,139,102,0,0,3,0,244,482,FINAL (ENTRADA MANUAL)
59,10,3,99,101,0,0,17,0,217,482,FINAL (ENTRADA MANUAL)
59,10,4,85,100,0,0,7,0,192,482,FINAL (ENTRADA MANUAL)
59,10,5,124,124,0,0,6,0,254,482,FINAL (ENTRADA MANUAL)
59,11,1,103,98,0,0,2,0,203,388,FINAL (ENTRADA MANUAL)
59,12,1,90,103,2,0,8,0,203,484,FINAL (ENTRADA MANUAL)
59,12,2,101,138,1,0,11,0,251,484,FINAL (ENTRADA MANUAL)
59,13,1,67,39,0,0,5,0,111,171,FINAL (ENTRADA MANUAL)
59,14,1,149,138,0,0,5,0,292,503,FINAL (ENTRADA MANUAL)
59,15,1,112,124,1,0,5,0,242,452,FINAL (ENTRADA MANUAL)
59,15,2,79,120,0,0,9,0,208,453,FINAL (ENTRADA MANUAL)
59,16,1,131,110,0,0,6,0,247,477,FINAL (ENTRADA MANUAL)
59,16,2,134,79,0,0,18,0,231,477,FINAL (ENTRADA MANUAL)
59,16,3,122,80,0,0,16,0,218,477,FINAL (ENTRADA MANUAL)
59,74,1,23,70,0,0,3,0,96,0,FINAL (ENTRADA MANUAL)
59,74,2,17,77,0,0,2,0,96,0,FINAL (ENTRADA MANUAL)
59,74,3,0,0,0,0,0,0,0,0,FINAL (ENTRADA MANUAL)
59,75,1,25,18,0,0,1,0,44,0,FINAL (ENTRADA MANUAL)
59,77,1,354,403,0,0,0,0,757,0,FINAL (ENTRADA MANUAL)
59,77,2,214,206,0,0,0,0,420,0,FINAL (ENTRADA MANUAL)
59,77,3,131,178,0,0,37,3,349,0,FINAL (ENTRADA MANUAL)
59,77,5,0,0,0,0,0,0,0,0,FINAL (ENTRADA MANUAL)
59,78,1,15,26,0,0,2,0,43,0,FINAL (ENTRADA MANUAL)
59,78,2,0,0,0,0,0,0,0,0,FINAL (ENTRADA MANUAL)
59,78,3,0,0,0,0,0,0,0,0,FINAL (ENTRADA MANUAL)
60,1,1,119,123,0,0,3,0,245,495,FINAL (ENTRADA MANUAL)
60,1,2,129,121,0,0,4,0,254,495,FINAL (ENTRADA MANUAL)
60,2,1,88,131,0,0,6,0,225,577,FINAL (ENTRADA MANUAL)
60,2,2,82,106,0,0,16,0,204,577,FINAL (ENTRADA MANUAL)
60,2,3,83,122,0,0,12,0,217,577,FINAL (ENTRADA MANUAL)
60,2,4,107,113,1,0,0,0,221,577,FINAL (ENTRADA MANUAL)
60,3,1,106,111,0,0,10,0,227,602,FINAL (ENTRADA MANUAL)
60,3,2,109,104,0,0,8,0,221,603,FINAL (ENTRADA MANUAL)
60,4,1,123,133,1,0,7,0,264,529,FINAL (ENTRADA MANUAL)
60,4,2,97,107,4,0,4,0,212,529,FINAL (ENTRADA MANUAL)
60,4,3,111,111,0,0,3,0,225,529,FINAL (ENTRADA MANUAL)
60,4,4,94,124,2,0,5,0,225,529,FINAL (ENTRADA MANUAL)
60,4,5,104,117,1,0,1,0,223,529,FINAL (ENTRADA MANUAL)
60,4,6,78,116,0,0,1,0,195,530,FINAL (ENTRADA MANUAL)
60,5,1,131,112,0,0,4,0,247,538,FINAL (ENTRADA MANUAL)
60,5,2,135,143,0,0,5,0,283,538,FINAL (ENTRADA MANUAL)
60,5,3,104,115,1,0,10,0,230,538,FINAL (ENTRADA MANUAL)
60,5,4,116,137,0,0,3,0,256,538,FINAL (ENTRADA MANUAL)
60,5,5,113,105,0,0,16,0,234,540,FINAL (ENTRADA MANUAL)
60,6,1,95,90,0,0,5,0,190,415,FINAL (ENTRADA MANUAL)
60,74,1,29,27,0,0,0,0,56,0,FINAL (ENTRADA MANUAL)
60,74,2,22,30,0,0,3,0,55,0,FINAL (ENTRADA MANUAL)
60,75,1,6,4,0,0,0,0,10,0,FINAL (ENTRADA MANUAL)
60,75,2,0,0,0,0,0,0,0,0,FINAL (ENTRADA MANUAL)
60,75,3,72,109,2,2,8,1,194,0,FINAL (ENTRADA MANUAL)
60,75,4,0,0,0,0,0,0,0,0,FINAL (ENTRADA MANUAL)
60,77,1,121,166,0,0,1,0,288,0,FINAL (ENTRADA MANUAL)
60,77,2,0,0,0,0,0,0,0,0,FINAL (ENTRADA MANUAL)
60,77,3,72,109,2,2,8,1,194,0,FINAL (ENTRADA MANUAL)
60,77,5,0,0,0,0,0,0,0,0,FINAL (ENTRADA MANUAL)
60,78,1,38,52,0,0,0,0,90,0,FINAL (ENTRADA MANUAL)
60,78,2,0,0,0,0,0,0,0,0,FINAL (ENTRADA MANUAL)
60,78,3,0,0,0,0,0,0,0,0,FINAL (ENTRADA MANUAL)
61,1,1,124,143,1,0,11,0,279,547,FINAL (ENTRADA MANUAL)
61,1,2,107,109,0,0,9,0,225,547,FINAL (ENTRADA MANUAL)
61,1,3,141,132,0,0,4,0,277,547,FINAL (ENTRADA MANUAL)
61,1,4,147,139,0,0,4,0,290,548,FINAL (ENTRADA MANUAL)
61,2,1,98,82,1,0,19,0,200,508,FINAL (ENTRADA MANUAL)
61,2,2,83,88,2,0,12,0,185,508,FINAL (ENTRADA MANUAL)
61,2,3,102,87,0,0,2,0,191,508,FINAL (ENTRADA MANUAL)
61,3,1,105,109,0,0,2,0,216,525,FINAL (ENTRADA MANUAL)
61,3,2,107,102,1,0,6,0,216,525,FINAL (ENTRADA MANUAL)
61,3,3,90,102,0,0,5,0,197,525,FINAL (ENTRADA MANUAL)
61,3,4,112,80,0,0,25,0,217,525,FINAL (ENTRADA MANUAL)
61,3,5,104,133,0,0,6,0,243,525,FINAL (ENTRADA MANUAL)
61,3,6,113,111,0,0,5,0,229,525,FINAL (ENTRADA MANUAL)
61,3,7,102,115,0,0,1,0,218,526,FINAL (ENTRADA MANUAL)
61,4,1,93,96,0,0,8,0,197,414,FINAL (ENTRADA MANUAL)
61,4,2,65,85,0,0,22,0,172,414,FINAL (ENTRADA MANUAL)
61,5,1,97,100,0,0,20,0,217,488,FINAL (ENTRADA MANUAL)
61,5,2,82,102,0,0,11,0,195,489,FINAL (ENTRADA MANUAL)
61,6,1,90,129,0,0,5,0,224,564,FINAL (ENTRADA MANUAL)
61,6,2,118,101,0,0,1,0,220,564,FINAL (ENTRADA MANUAL)
61,6,3,113,84,0,0,1,0,198,565,FINAL (ENTRADA MANUAL)
61,7,1,71,93,0,0,4,0,168,558,FINAL (ENTRADA MANUAL)
61,7,2,67,103,0,0,2,0,172,558,FINAL (ENTRADA MANUAL)
61,8,1,122,98,1,0,7,0,228,576,FINAL (ENTRADA MANUAL)
61,8,2,121,104,1,0,7,0,233,575,FINAL (ENTRADA MANUAL)
61,9,1,100,119,0,0,38,0,257,666,FINAL (ENTRADA MANUAL)
61,9,2,114,102,0,0,20,0,236,666,FINAL (ENTRADA MANUAL)
61,10,1,88,142,1,0,7,0,238,506,FINAL (ENTRADA MANUAL)
61,10,2,108,143,0,0,8,0,259,506,FINAL (ENTRADA MANUAL)
61,10,3,98,140,0,0,4,0,242,505,FINAL (ENTRADA MANUAL)
61,11,1,109,103,0,0,2,0,214,490,FINAL (ENTRADA MANUAL)
61,11,2,112,98,1,0,7,0,218,490,FINAL (ENTRADA MANUAL)
61,11,3,116,109,0,0,3,0,228,490,FINAL (ENTRADA MANUAL)
61,11,4,115,104,0,0,4,0,223,488,FINAL (ENTRADA MANUAL)
61,12,1,97,114,0,0,8,0,219,670,FINAL (ENTRADA MANUAL)
61,12,2,131,111,0,0,15,0,257,670,FINAL (ENTRADA MANUAL)
61,12,3,100,123,1,0,9,0,233,670,FINAL (ENTRADA MANUAL)
61,12,4,105,137,0,0,5,0,247,668,FINAL (ENTRADA MANUAL)
61,13,1,131,130,0,0,6,0,267,585,FINAL (ENTRADA MANUAL)
61,13,2,131,133,0,0,2,0,266,585,FINAL (ENTRADA MANUAL)
61,13,3,134,118,0,0,4,0,256,585,FINAL (ENTRADA MANUAL)
61,13,4,118,108,0,0,10,0,236,585,FINAL (ENTRADA MANUAL)
61,13,5,121,118,0,0,9,0,248,585,FINAL (ENTRADA MANUAL)
61,13,6,126,119,0,0,5,0,250,586,FINAL (ENTRADA MANUAL)
61,14,1,109,106,0,0,28,0,243,589,FINAL (ENTRADA MANUAL)
61,14,2,104,103,0,0,10,0,217,589,FINAL (ENTRADA MANUAL)
61,14,3,86,103,1,0,16,0,206,589,FINAL (ENTRADA MANUAL)
61,14,4,84,107,0,0,17,0,208,589,FINAL (ENTRADA MANUAL)
61,14,5,87,100,1,0,6,0,194,587,FINAL (ENTRADA MANUAL)
61,15,1,112,106,1,0,4,0,223,400,FINAL (ENTRADA MANUAL)
61,15,2,87,106,0,0,16,0,209,400,FINAL (ENTRADA MANUAL)
61,15,3,106,90,0,0,2,0,198,399,FINAL (ENTRADA MANUAL)
61,16,1,133,134,1,0,10,0,278,565,FINAL (ENTRADA MANUAL)
61,16,2,133,111,0,0,14,0,258,565,FINAL (ENTRADA MANUAL)
61,16,3,130,100,0,0,14,0,244,565,FINAL (ENTRADA MANUAL)
61,16,4,132,112,0,0,7,0,251,565,FINAL (ENTRADA MANUAL)
61,16,5,129,111,2,0,6,0,248,565,FINAL (ENTRADA MANUAL)
61,16,6,118,135,1,0,5,0,259,564,FINAL (ENTRADA MANUAL)
61,17,1,112,146,1,0,6,0,265,524,FINAL (ENTRADA MANUAL)
61,17,2,94,144,0,0,22,0,260,524,FINAL (ENTRADA MANUAL)
61,17,3,106,141,0,0,3,0,250,524,FINAL (ENTRADA MANUAL)
61,18,1,116,114,0,0,5,0,235,537,FINAL (ENTRADA MANUAL)
61,18,2,134,108,2,0,8,0,252,537,FINAL (ENTRADA MANUAL)
61,18,3,119,111,0,0,3,0,233,537,FINAL (ENTRADA MANUAL)
61,18,4,110,113,1,0,8,0,232,537,FINAL (ENTRADA MANUAL)
61,18,5,109,88,0,0,14,0,211,535,FINAL (ENTRADA MANUAL)
61,19,1,86,86,1,0,2,0,175,394,FINAL (ENTRADA MANUAL)
61,19,2,94,73,0,0,15,0,182,394,FINAL (ENTRADA MANUAL)
61,20,1,100,116,1,0,10,0,227,565,FINAL (ENTRADA MANUAL)
61,20,2,88,112,0,0,11,0,211,565,FINAL (ENTRADA MANUAL)
61,21,1,123,152,1,0,6,0,282,532,FINAL (ENTRADA MANUAL)
61,21,2,121,122,0,0,5,0,248,532,FINAL (ENTRADA MANUAL)
61,21,3,115,135,0,0,13,0,263,532,FINAL (ENTRADA MANUAL)
61,21,4,148,141,0,0,4,0,293,532,FINAL (ENTRADA MANUAL)
61,21,5,126,151,0,0,5,0,282,532,FINAL (ENTRADA MANUAL)
61,21,6,148,123,0,0,5,0,276,532,FINAL (ENTRADA MANUAL)
61,21,7,120,133,1,0,5,0,259,530,FINAL (ENTRADA MANUAL)
61,22,1,92,76,0,0,34,0,202,508,FINAL (ENTRADA MANUAL)
61,22,2,89,96,1,0,21,0,207,508,FINAL (ENTRADA MANUAL)
61,22,3,82,113,0,0,26,0,221,508,FINAL (ENTRADA MANUAL)
61,22,4,103,129,1,0,0,0,233,506,FINAL (ENTRADA MANUAL)
61,23,1,124,155,0,0,10,0,289,687,FINAL (ENTRADA MANUAL)
61,23,2,119,133,0,0,8,0,260,687,FINAL (ENTRADA MANUAL)
61,24,1,100,87,0,0,1,0,188,509,FINAL (ENTRADA MANUAL)
61,24,2,117,110,0,0,6,0,233,509,FINAL (ENTRADA MANUAL)
61,24,3,120,115,0,0,7,0,242,509,FINAL (ENTRADA MANUAL)
61,24,4,112,108,0,0,19,0,239,510,FINAL (ENTRADA MANUAL)
61,25,1,108,129,0,0,5,0,242,472,FINAL (ENTRADA MANUAL)
61,25,2,93,117,0,0,5,0,215,472,FINAL (ENTRADA MANUAL)
61,25,3,96,107,0,0,4,0,207,471,FINAL (ENTRADA MANUAL)
61,26,1,128,142,0,0,25,0,295,697,FINAL (ENTRADA MANUAL)
61,26,2,119,142,1,0,32,0,294,697,FINAL (ENTRADA MANUAL)
61,26,3,138,118,0,0,11,0,267,696,FINAL (ENTRADA MANUAL)
61,27,1,117,124,0,0,4,0,245,689,FINAL (ENTRADA MANUAL)
61,27,2,120,125,0,0,6,0,251,689,FINAL (ENTRADA MANUAL)
61,27,3,125,120,0,0,7,0,252,689,FINAL (ENTRADA MANUAL)
61,27,4,107,101,0,0,24,0,232,688,FINAL (ENTRADA MANUAL)
61,28,1,106,97,0,0,5,0,208,489,FINAL (ENTRADA MANUAL)
61,28,2,85,112,0,0,4,0,201,489,FINAL (ENTRADA MANUAL)
61,28,3,92,86,0,0,5,0,183,488,FINAL (ENTRADA MANUAL)
61,29,1,117,118,2,0,7,0,244,725,FINAL (ENTRADA MANUAL)
61,29,2,87,92,0,0,11,0,190,725,FINAL (ENTRADA MANUAL)
61,29,3,97,99,0,0,26,0,222,726,FINAL (ENTRADA MANUAL)
61,74,1,14,35,0,0,11,0,60,0,FINAL (ENTRADA MANUAL)
61,74,2,25,29,1,0,1,0,56,0,FINAL (ENTRADA MANUAL)
61,74,3,25,55,0,0,4,0,84,0,FINAL (ENTRADA MANUAL)
61,74,4,26,57,0,0,1,0,84,0,FINAL (ENTRADA MANUAL)
61,74,5,25,58,0,0,3,0,86,0,FINAL (ENTRADA MANUAL)
61,74,6,31,27,0,0,0,0,58,0,FINAL (ENTRADA MANUAL)
61,74,7,30,27,0,0,5,0,62,0,FINAL (ENTRADA MANUAL)
61,74,8,42,28,0,0,2,0,72,0,FINAL (ENTRADA MANUAL)
61,74,9,33,33,0,0,1,0,67,0,FINAL (ENTRADA MANUAL)
61,75,1,48,65,0,0,0,4,117,0,FINAL (ENTRADA MANUAL)
61,77,1,521,1004,0,0,3,0,1528,0,FINAL (ENTRADA MANUAL)
61,77,2,73,122,0,0,0,0,195,0,FINAL (ENTRADA MANUAL)
61,77,3,359,588,0,0,47,5,999,0,FINAL (ENTRADA MANUAL)
61,77,5,0,0,0,0,0,0,0,0,FINAL (ENTRADA MANUAL)
61,78,1,0,0,0,0,0,0,0,0,FINAL (ENTRADA MANUAL)
61,78,2,0,0,0,0,0,0,0,0,FINAL (ENTRADA MANUAL)
61,78,3,106,168,0,0,6,3,283,0,FINAL (ENTRADA MANUAL)
61,79,1,0,0,0,0,0,0,0,0,FINAL (ENTRADA MANUAL)
61,79,2,0,0,0,0,0,0,0,0,FINAL (ENTRADA MANUAL)
62,1,1,105,104,0,0,27,0,236,651,FINAL (ENTRADA MANUAL)
62,2,1,0,0,0,0,0,0,0,40,FINAL (ENTRADA MANUAL)
62,3,1,89,154,0,0,2,0,245,555,FINAL (ENTRADA MANUAL)
62,4,1,123,121,0,0,12,0,256,580,FINAL (ENTRADA MANUAL)
62,4,2,123,132,0,0,7,0,262,580,FINAL (ENTRADA MANUAL)
62,4,3,111,108,0,0,9,0,228,580,FINAL (ENTRADA MANUAL)
62,4,4,123,126,0,0,17,0,266,580,FINAL (ENTRADA MANUAL)
62,4,5,121,114,0,0,13,0,248,580,FINAL (ENTRADA MANUAL)
62,4,6,124,129,0,0,3,0,256,580,FINAL (ENTRADA MANUAL)
62,4,7,115,111,0,0,31,0,257,581,FINAL (ENTRADA MANUAL)
62,5,1,103,84,0,0,26,0,213,454,FINAL (ENTRADA MANUAL)
62,5,2,112,76,1,0,23,0,212,455,FINAL (ENTRADA MANUAL)
62,6,1,85,66,0,0,0,0,151,277,FINAL (ENTRADA MANUAL)
62,7,1,182,149,0,0,3,0,334,590,FINAL (ENTRADA MANUAL)
62,8,1,100,78,0,0,8,0,186,390,FINAL (ENTRADA MANUAL)
62,8,2,96,67,0,0,6,0,169,390,FINAL (ENTRADA MANUAL)
62,9,1,145,134,0,0,7,0,286,511,FINAL (ENTRADA MANUAL)
62,9,2,123,125,0,0,4,0,252,511,FINAL (ENTRADA MANUAL)
62,9,3,129,120,0,0,42,0,291,511,FINAL (ENTRADA MANUAL)
62,9,4,125,121,0,0,28,0,274,511,FINAL (ENTRADA MANUAL)
62,9,5,125,136,1,0,14,0,276,512,FINAL (ENTRADA MANUAL)
62,10,1,105,141,0,0,13,0,259,571,FINAL (ENTRADA MANUAL)
62,11,1,151,169,1,0,9,0,330,570,FINAL (ENTRADA MANUAL)
62,11,2,131,166,0,0,3,0,300,570,FINAL (ENTRADA MANUAL)
62,11,3,140,165,0,0,15,0,320,570,FINAL (ENTRADA MANUAL)
62,11,4,137,167,0,0,9,0,313,570,FINAL (ENTRADA MANUAL)
62,11,5,140,159,0,0,3,0,302,572,FINAL (ENTRADA MANUAL)
62,12,1,93,116,0,0,3,0,212,447,FINAL (ENTRADA MANUAL)
62,12,2,92,101,0,0,4,0,197,447,FINAL (ENTRADA MANUAL)
62,13,1,63,89,0,0,3,0,155,518,FINAL (ENTRADA MANUAL)
62,13,2,80,99,0,0,7,0,186,518,FINAL (ENTRADA MANUAL)
62,13,3,55,110,0,0,12,0,177,517,FINAL (ENTRADA MANUAL)
62,14,1,112,97,0,0,26,0,235,503,FINAL (ENTRADA MANUAL)
62,14,2,107,102,0,0,15,0,224,503,FINAL (ENTRADA MANUAL)
62,14,3,94,112,0,0,21,0,227,503,FINAL (ENTRADA MANUAL)
62,15,1,94,135,0,0,0,0,229,428,FINAL (ENTRADA MANUAL)
62,15,2,88,101,0,0,14,0,203,429,FINAL (ENTRADA MANUAL)
62,16,1,137,121,0,0,2,0,260,501,FINAL (ENTRADA MANUAL)
62,16,2,108,143,2,0,3,0,256,501,FINAL (ENTRADA MANUAL)
62,16,3,126,129,0,0,3,0,258,501,FINAL (ENTRADA MANUAL)
62,16,4,133,113,0,0,2,0,248,501,FINAL (ENTRADA MANUAL)
62,16,5,136,125,0,0,4,0,265,502,FINAL (ENTRADA MANUAL)
62,17,1,113,124,0,0,11,0,248,569,FINAL (ENTRADA MANUAL)
62,17,2,116,124,0,0,5,0,245,569,FINAL (ENTRADA MANUAL)
62,17,3,103,127,0,0,18,0,248,570,FINAL (ENTRADA MANUAL)
62,18,1,138,127,2,0,6,0,273,569,FINAL (ENTRADA MANUAL)
62,18,2,138,117,1,0,10,0,266,569,FINAL (ENTRADA MANUAL)
62,18,3,140,128,0,0,4,0,272,569,FINAL (ENTRADA MANUAL)
62,18,4,126,134,1,0,10,0,271,569,FINAL (ENTRADA MANUAL)
62,18,5,132,133,1,0,2,0,268,569,FINAL (ENTRADA MANUAL)
62,18,6,121,133,0,0,3,0,257,569,FINAL (ENTRADA MANUAL)
62,18,7,115,124,0,0,5,0,244,569,FINAL (ENTRADA MANUAL)
62,18,8,125,125,0,0,9,0,259,568,FINAL (ENTRADA MANUAL)
62,19,1,66,135,0,0,4,0,205,397,FINAL (ENTRADA MANUAL)
62,19,2,117,128,0,0,2,0,247,397,FINAL (ENTRADA MANUAL)
62,19,3,100,121,0,0,4,0,225,398,FINAL (ENTRADA MANUAL)
62,20,1,129,122,0,0,3,0,254,522,FINAL (ENTRADA MANUAL)
62,20,2,120,146,0,0,9,0,275,522,FINAL (ENTRADA MANUAL)
62,20,3,121,150,0,0,3,0,274,522,FINAL (ENTRADA MANUAL)
62,74,1,26,37,0,0,0,0,63,0,FINAL (ENTRADA MANUAL)
62,74,2,12,58,0,0,0,0,70,0,FINAL (ENTRADA MANUAL)
62,74,3,14,44,0,0,1,0,59,0,FINAL (ENTRADA MANUAL)
62,74,4,16,37,0,0,1,0,54,0,FINAL (ENTRADA MANUAL)
62,74,5,21,43,0,0,1,0,65,0,FINAL (ENTRADA MANUAL)
62,75,1,7,11,0,0,2,3,23,0,FINAL (ENTRADA MANUAL)
62,75,2,1,1,0,0,0,1,3,0,FINAL (ENTRADA MANUAL)
62,75,3,0,0,0,0,0,0,0,0,FINAL (ENTRADA MANUAL)
62,75,4,0,0,0,0,0,0,0,0,FINAL (ENTRADA MANUAL)
62,75,5,0,0,0,0,0,0,0,0,FINAL (ENTRADA MANUAL)
62,77,1,324,479,0,0,1,0,804,0,FINAL (ENTRADA MANUAL)
62,77,2,99,113,0,0,0,0,212,0,FINAL (ENTRADA MANUAL)
62,77,3,214,323,0,0,12,2,553,0,FINAL (ENTRADA MANUAL)
62,77,5,0,0,0,0,0,0,0,0,FINAL (ENTRADA MANUAL)
62,78,1,44,93,0,0,0,1,138,0,FINAL (ENTRADA MANUAL)
62,78,2,0,0,0,0,0,0,0,0,FINAL (ENTRADA MANUAL)
62,78,3,0,0,0,0,0,0,0,0,FINAL (ENTRADA MANUAL)
63,1,1,60,39,0,0,1,0,100,299,FINAL (ENTRADA MANUAL)
63,2,1,95,106,0,0,6,0,207,442,FINAL (ENTRADA MANUAL)
63,2,2,87,117,1,0,4,0,209,442,FINAL (ENTRADA MANUAL)
63,2,3,96,87,1,0,12,0,196,442,FINAL (ENTRADA MANUAL)
63,3,1,128,143,1,0,5,0,277,612,FINAL (ENTRADA MANUAL)
63,3,2,103,157,0,0,3,0,263,612,FINAL (ENTRADA MANUAL)
63,3,3,125,133,0,0,4,0,262,612,FINAL (ENTRADA MANUAL)
63,3,4,111,153,0,0,12,0,276,612,FINAL (ENTRADA MANUAL)
63,3,5,106,131,0,0,6,0,243,612,FINAL (ENTRADA MANUAL)
63,4,1,117,109,0,0,5,0,231,452,FINAL (ENTRADA MANUAL)
63,4,2,103,94,1,0,2,0,200,453,FINAL (ENTRADA MANUAL)
63,5,1,141,146,0,0,2,0,289,612,FINAL (ENTRADA MANUAL)
63,5,2,138,136,0,0,3,0,277,612,FINAL (ENTRADA MANUAL)
63,5,3,151,121,0,0,4,0,276,612,FINAL (ENTRADA MANUAL)
63,5,4,126,142,0,0,2,0,270,612,FINAL (ENTRADA MANUAL)
63,5,5,113,133,0,0,2,0,248,614,FINAL (ENTRADA MANUAL)
63,6,1,55,148,0,0,15,0,218,498,FINAL (ENTRADA MANUAL)
63,7,1,95,112,1,0,6,0,214,502,FINAL (ENTRADA MANUAL)
63,7,2,91,114,0,0,4,0,209,502,FINAL (ENTRADA MANUAL)
63,7,3,90,92,0,0,19,0,201,502,FINAL (ENTRADA MANUAL)
63,7,4,89,81,1,0,2,0,173,504,FINAL (ENTRADA MANUAL)
63,8,1,99,77,0,0,2,0,178,348,FINAL (ENTRADA MANUAL)
63,9,1,82,89,0,0,3,0,174,431,FINAL (ENTRADA MANUAL)
63,9,2,93,101,0,0,0,0,194,431,FINAL (ENTRADA MANUAL)
63,9,3,88,85,0,0,1,0,174,432,FINAL (ENTRADA MANUAL)
63,10,1,125,137,0,0,2,0,264,597,FINAL (ENTRADA MANUAL)
63,10,2,132,125,0,0,22,0,279,597,FINAL (ENTRADA MANUAL)
63,10,3,118,117,0,0,2,0,237,597,FINAL (ENTRADA MANUAL)
63,10,4,142,114,0,0,1,0,257,597,FINAL (ENTRADA MANUAL)
63,10,5,124,121,1,0,11,0,257,596,FINAL (ENTRADA MANUAL)
63,11,1,128,97,2,0,24,0,251,535,FINAL (ENTRADA MANUAL)
63,11,2,127,123,1,0,4,0,255,535,FINAL (ENTRADA MANUAL)
63,11,3,174,124,0,0,9,0,307,535,FINAL (ENTRADA MANUAL)
63,11,4,131,144,0,0,6,0,281,535,FINAL (ENTRADA MANUAL)
63,11,5,123,109,0,0,14,0,246,537,FINAL (ENTRADA MANUAL)
63,12,1,133,112,0,0,19,0,264,519,FINAL (ENTRADA MANUAL)
63,12,2,116,116,1,0,5,0,238,519,FINAL (ENTRADA MANUAL)
63,12,3,111,117,0,0,2,0,230,519,FINAL (ENTRADA MANUAL)
63,13,1,68,69,0,0,3,0,140,355,FINAL (ENTRADA MANUAL)
63,13,2,85,86,0,0,4,0,175,355,FINAL (ENTRADA MANUAL)
63,74,1,8,48,0,0,0,0,56,0,FINAL (ENTRADA MANUAL)
63,74,2,4,30,0,0,4,0,38,0,FINAL (ENTRADA MANUAL)
63,74,3,14,49,0,0,2,0,65,0,FINAL (ENTRADA MANUAL)
63,75,1,25,44,0,0,0,0,69,0,FINAL (ENTRADA MANUAL)
63,77,1,329,467,0,0,0,0,796,0,FINAL (ENTRADA MANUAL)
63,77,2,143,201,0,0,0,0,344,0,FINAL (ENTRADA MANUAL)
63,77,3,120,172,0,0,28,0,320,0,FINAL (ENTRADA MANUAL)
63,77,5,0,0,0,0,0,0,0,0,FINAL (ENTRADA MANUAL)
63,78,1,0,0,0,0,0,0,0,0,FINAL (ENTRADA MANUAL)
63,78,2,0,0,0,0,0,0,0,0,FINAL (ENTRADA MANUAL)
63,78,3,0,0,0,0,0,0,0,0,FINAL (ENTRADA MANUAL)
64,1,1,107,89,1,0,5,0,202,456,FINAL (ENTRADA MANUAL)
64,1,2,88,91,0,0,8,0,187,456,FINAL (ENTRADA MANUAL)
64,1,3,91,96,1,0,3,0,191,457,FINAL (ENTRADA MANUAL)
64,2,1,169,115,1,0,6,0,291,597,FINAL (ENTRADA MANUAL)
64,2,2,164,117,0,0,12,0,293,597,FINAL (ENTRADA MANUAL)
64,2,3,182,110,0,0,3,0,295,597,FINAL (ENTRADA MANUAL)
64,3,1,110,131,0,0,10,0,251,593,FINAL (ENTRADA MANUAL)
64,3,2,97,128,0,0,1,0,226,593,FINAL (ENTRADA MANUAL)
64,3,3,96,136,0,0,1,0,233,593,FINAL (ENTRADA MANUAL)
64,3,4,115,119,1,0,12,0,247,593,FINAL (ENTRADA MANUAL)
64,3,5,96,101,0,0,10,0,207,593,FINAL (ENTRADA MANUAL)
64,3,6,81,115,0,0,3,0,199,592,FINAL (ENTRADA MANUAL)
64,4,1,126,145,0,0,6,0,277,562,FINAL (ENTRADA MANUAL)
64,4,2,135,109,0,0,3,0,247,562,FINAL (ENTRADA MANUAL)
64,4,3,127,132,0,0,5,0,264,562,FINAL (ENTRADA MANUAL)
64,4,4,124,132,0,0,4,0,260,562,FINAL (ENTRADA MANUAL)
64,4,5,120,124,0,0,12,0,256,562,FINAL (ENTRADA MANUAL)
64,4,6,118,119,0,0,4,0,241,562,FINAL (ENTRADA MANUAL)
64,4,7,124,143,0,0,4,0,271,563,FINAL (ENTRADA MANUAL)
64,74,1,10,37,0,0,0,0,47,0,FINAL (ENTRADA MANUAL)
64,74,2,28,44,0,0,1,0,73,0,FINAL (ENTRADA MANUAL)
64,75,1,3,4,0,0,0,0,7,0,FINAL (ENTRADA MANUAL)
64,75,2,1,1,0,0,0,0,2,0,FINAL (ENTRADA MANUAL)
64,77,1,234,198,0,0,0,0,432,0,FINAL (ENTRADA MANUAL)
64,77,2,95,104,0,0,0,0,199,0,FINAL (ENTRADA MANUAL)
64,77,3,8,7,0,0,2,0,17,0,FINAL (ENTRADA MANUAL)
64,77,5,0,0,0,0,0,0,0,0,FINAL (ENTRADA MANUAL)
64,78,1,20,27,0,0,0,2,49,0,FINAL (ENTRADA MANUAL)
64,78,2,1,0,0,0,0,0,1,0,FINAL (ENTRADA MANUAL)
64,78,3,0,0,0,0,0,0,0,0,FINAL (ENTRADA MANUAL)
65,1,1,121,105,0,0,7,0,233,466,FINAL (ENTRADA MANUAL)
65,1,2,121,110,1,0,3,0,235,466,FINAL (ENTRADA MANUAL)
65,1,3,122,110,0,0,7,0,239,465,FINAL (ENTRADA MANUAL)
65,2,1,85,31,0,0,1,0,117,202,FINAL (ENTRADA MANUAL)
65,3,1,139,108,0,0,2,0,249,487,FINAL (ENTRADA MANUAL)
65,3,2,134,107,0,0,5,0,246,487,FINAL (ENTRADA MANUAL)
65,3,3,142,98,0,0,10,0,250,487,FINAL (ENTRADA MANUAL)
65,3,4,133,99,0,0,1,0,233,487,FINAL (ENTRADA MANUAL)
65,3,5,135,108,0,0,4,0,247,488,FINAL (ENTRADA MANUAL)
65,4,1,46,182,0,0,3,0,231,454,FINAL (ENTRADA MANUAL)
65,4,2,78,145,0,0,8,0,231,455,FINAL (ENTRADA MANUAL)
65,5,1,107,145,0,0,4,0,256,456,FINAL (ENTRADA MANUAL)
65,6,1,88,115,0,0,7,0,210,433,FINAL (ENTRADA MANUAL)
65,6,2,84,101,0,0,5,0,190,433,FINAL (ENTRADA MANUAL)
65,7,1,127,108,0,0,3,0,238,461,FINAL (ENTRADA MANUAL)
65,7,2,115,111,2,0,12,0,240,461,FINAL (ENTRADA MANUAL)
65,7,3,107,103,0,0,3,0,213,461,FINAL (ENTRADA MANUAL)
65,7,4,102,94,0,0,4,0,200,462,FINAL (ENTRADA MANUAL)
65,8,1,113,102,0,0,2,0,217,473,FINAL (ENTRADA MANUAL)
65,8,2,109,102,0,0,10,0,221,473,FINAL (ENTRADA MANUAL)
65,9,1,70,123,0,0,4,0,197,379,FINAL (ENTRADA MANUAL)
65,10,1,142,110,0,0,19,0,271,541,FINAL (ENTRADA MANUAL)
65,11,1,125,133,0,0,10,0,268,514,FINAL (ENTRADA MANUAL)
65,11,2,126,122,1,0,3,0,252,515,FINAL (ENTRADA MANUAL)
65,12,1,139,117,0,0,11,0,267,557,FINAL (ENTRADA MANUAL)
65,12,2,113,121,0,0,5,0,239,557,FINAL (ENTRADA MANUAL)
65,12,3,114,115,0,0,7,0,236,557,FINAL (ENTRADA MANUAL)
65,12,4,110,130,0,0,2,0,242,557,FINAL (ENTRADA MANUAL)
65,12,5,112,145,0,0,9,0,266,555,FINAL (ENTRADA MANUAL)
65,13,1,113,119,0,0,4,0,236,423,FINAL (ENTRADA MANUAL)
65,13,2,102,89,0,0,3,0,194,423,FINAL (ENTRADA MANUAL)
65,13,3,96,118,0,0,5,0,219,423,FINAL (ENTRADA MANUAL)
65,13,4,108,99,0,0,4,0,211,424,FINAL (ENTRADA MANUAL)
65,14,1,113,143,0,0,17,0,273,495,FINAL (ENTRADA MANUAL)
65,14,2,147,90,0,0,4,0,241,495,FINAL (ENTRADA MANUAL)
65,15,1,118,109,0,0,11,0,238,468,FINAL (ENTRADA MANUAL)
65,15,2,114,115,0,0,8,0,237,468,FINAL (ENTRADA MANUAL)
65,15,3,126,124,0,0,13,0,263,468,FINAL (ENTRADA MANUAL)
65,15,4,113,112,0,0,15,0,240,468,FINAL (ENTRADA MANUAL)
65,15,5,120,99,0,0,11,0,230,470,FINAL (ENTRADA MANUAL)
65,16,1,111,80,1,0,3,0,195,382,FINAL (ENTRADA MANUAL)
65,16,2,85,80,0,0,7,0,172,382,FINAL (ENTRADA MANUAL)
65,16,3,101,90,0,0,4,0,195,382,FINAL (ENTRADA MANUAL)
65,17,1,87,23,0,0,5,0,115,212,FINAL (ENTRADA MANUAL)
65,74,1,54,85,1,0,4,0,144,0,FINAL (ENTRADA MANUAL)
65,74,2,53,47,0,0,7,0,107,0,FINAL (ENTRADA MANUAL)
65,74,3,68,38,0,0,2,0,108,0,FINAL (ENTRADA MANUAL)
65,75,1,1,3,0,0,0,0,4,0,FINAL (ENTRADA MANUAL)
65,77,1,310,393,0,0,0,0,703,0,FINAL (ENTRADA MANUAL)
65,77,2,304,350,0,0,2,0,656,0,FINAL (ENTRADA MANUAL)
65,77,3,322,390,0,0,40,1,753,0,FINAL (ENTRADA MANUAL)
65,77,5,0,0,0,0,0,0,0,0,FINAL (ENTRADA MANUAL)
65,78,1,14,19,0,0,3,0,36,0,FINAL (ENTRADA MANUAL)
65,78,2,0,0,0,0,0,0,0,0,FINAL (ENTRADA MANUAL)
65,78,3,0,0,0,0,0,0,0,0,FINAL (ENTRADA MANUAL)
65,79,1,0,1,0,0,0,0,1,0,FINAL (ENTRADA MANUAL)
66,1,1,106,64,0,0,2,0,172,356,FINAL (ENTRADA MANUAL)
66,1,2,95,72,0,0,4,0,171,355,FINAL (ENTRADA MANUAL)
66,2,1,146,129,1,0,10,0,286,560,FINAL (ENTRADA MANUAL)
66,2,2,136,115,0,0,5,0,256,559,FINAL (ENTRADA MANUAL)
66,3,1,100,118,0,0,4,0,222,468,FINAL (ENTRADA MANUAL)
66,3,2,100,104,0,0,11,0,215,468,FINAL (ENTRADA MANUAL)
66,4,1,117,97,1,0,11,0,226,507,FINAL (ENTRADA MANUAL)
66,4,2,98,128,1,0,9,0,236,507,FINAL (ENTRADA MANUAL)
66,4,3,119,101,1,0,9,0,230,506,FINAL (ENTRADA MANUAL)
66,5,1,129,86,0,0,7,0,222,426,FINAL (ENTRADA MANUAL)
66,6,1,120,139,0,0,11,0,270,551,FINAL (ENTRADA MANUAL)
66,6,2,105,143,1,0,7,0,256,551,FINAL (ENTRADA MANUAL)
66,6,3,122,125,1,0,7,0,255,551,FINAL (ENTRADA MANUAL)
66,7,1,100,157,1,0,8,0,266,507,FINAL (ENTRADA MANUAL)
66,7,2,62,172,3,0,12,0,249,507,FINAL (ENTRADA MANUAL)
66,7,3,83,165,1,0,4,0,253,507,FINAL (ENTRADA MANUAL)
66,7,4,84,133,0,0,3,0,220,507,FINAL (ENTRADA MANUAL)
66,8,1,69,117,0,0,4,0,190,351,FINAL (ENTRADA MANUAL)
66,8,2,65,109,0,0,7,0,181,351,FINAL (ENTRADA MANUAL)
66,9,1,68,63,0,0,1,0,132,305,FINAL (ENTRADA MANUAL)
66,9,2,81,67,0,0,6,0,154,305,FINAL (ENTRADA MANUAL)
66,10,1,90,55,0,0,4,0,149,316,FINAL (ENTRADA MANUAL)
66,10,2,94,44,0,0,2,0,140,316,FINAL (ENTRADA MANUAL)
66,11,1,21,59,0,0,3,0,83,153,FINAL (ENTRADA MANUAL)
66,12,1,41,114,2,0,2,0,159,340,FINAL (ENTRADA MANUAL)
66,12,2,48,103,0,0,4,0,155,341,FINAL (ENTRADA MANUAL)
66,13,1,63,106,0,0,16,0,185,407,FINAL (ENTRADA MANUAL)
66,14,1,106,123,0,0,8,0,237,558,FINAL (ENTRADA MANUAL)
66,15,1,91,150,0,0,10,0,251,533,FINAL (ENTRADA MANUAL)
66,15,2,98,132,0,0,6,0,236,533,FINAL (ENTRADA MANUAL)
66,15,3,102,141,0,0,26,0,269,533,FINAL (ENTRADA MANUAL)
66,15,4,124,140,0,0,2,0,265,533,FINAL (ENTRADA MANUAL)
66,15,5,128,123,0,0,6,0,257,534,FINAL (ENTRADA MANUAL)
66,16,1,102,105,0,0,3,0,210,475,FINAL (ENTRADA MANUAL)
66,16,2,107,90,0,0,5,0,202,475,FINAL (ENTRADA MANUAL)
66,16,3,97,117,0,0,2,2,218,475,FINAL (ENTRADA MANUAL)
66,16,4,102,101,0,0,6,0,209,475,FINAL (ENTRADA MANUAL)
66,16,5,104,104,0,0,7,0,215,473,FINAL (ENTRADA MANUAL)
66,17,1,117,104,0,0,8,0,229,488,FINAL (ENTRADA MANUAL)
66,17,2,114,118,1,0,13,0,246,489,FINAL (ENTRADA MANUAL)
66,74,1,30,25,0,3,3,0,58,0,FINAL (ENTRADA MANUAL)
66,74,2,23,36,1,0,13,0,73,0,FINAL (ENTRADA MANUAL)
66,74,3,32,31,0,0,5,0,68,0,FINAL (ENTRADA MANUAL)
66,75,1,0,2,0,0,0,0,2,0,FINAL (ENTRADA MANUAL)
66,75,2,2,1,0,0,0,0,3,0,FINAL (ENTRADA MANUAL)
66,75,3,0,0,0,0,0,0,0,0,FINAL (ENTRADA MANUAL)
66,77,1,391,646,0,0,0,0,1037,0,FINAL (ENTRADA MANUAL)
66,77,2,75,296,0,0,10,0,381,0,FINAL (ENTRADA MANUAL)
66,77,3,174,285,0,0,18,2,479,0,FINAL (ENTRADA MANUAL)
66,77,5,0,0,0,0,0,0,0,0,FINAL (ENTRADA MANUAL)
66,78,1,15,32,0,0,3,0,50,0,FINAL (ENTRADA MANUAL)
66,78,2,0,0,0,0,0,0,0,0,FINAL (ENTRADA MANUAL)
66,78,3,0,0,0,0,0,0,0,0,FINAL (ENTRADA MANUAL)
67,1,1,107,109,0,0,8,0,224,458,FINAL (ENTRADA MANUAL)
67,1,2,102,91,0,0,8,0,201,458,FINAL (ENTRADA MANUAL)
67,1,3,120,100,0,0,11,0,231,458,FINAL (ENTRADA MANUAL)
67,2,1,114,116,0,0,17,0,247,429,FINAL (ENTRADA MANUAL)
67,2,2,102,100,0,0,5,0,207,429,FINAL (ENTRADA MANUAL)
67,2,3,78,96,0,0,15,0,189,428,FINAL (ENTRADA MANUAL)
67,3,1,109,118,0,0,14,0,241,473,FINAL (ENTRADA MANUAL)
67,3,2,95,114,0,0,14,0,223,473,FINAL (ENTRADA MANUAL)
67,4,1,59,108,0,0,20,0,187,388,FINAL (ENTRADA MANUAL)
67,4,2,71,101,1,0,13,0,186,389,FINAL (ENTRADA MANUAL)
67,5,1,87,82,0,0,17,0,186,450,FINAL (ENTRADA MANUAL)
67,5,2,100,104,0,0,19,0,223,450,FINAL (ENTRADA MANUAL)
67,6,1,107,99,0,0,33,0,239,614,FINAL (ENTRADA MANUAL)
67,6,2,104,138,0,0,14,0,256,614,FINAL (ENTRADA MANUAL)
67,6,3,89,120,0,0,24,0,233,614,FINAL (ENTRADA MANUAL)
67,6,4,117,127,1,0,15,0,260,616,FINAL (ENTRADA MANUAL)
67,7,1,111,117,0,0,22,0,250,555,FINAL (ENTRADA MANUAL)
67,7,2,112,129,1,0,8,0,250,555,FINAL (ENTRADA MANUAL)
67,7,3,113,118,0,0,5,0,236,554,FINAL (ENTRADA MANUAL)
67,8,1,72,80,0,0,11,0,163,413,FINAL (ENTRADA MANUAL)
67,8,2,91,63,0,0,7,0,161,413,FINAL (ENTRADA MANUAL)
67,9,1,139,146,1,0,11,0,297,512,FINAL (ENTRADA MANUAL)
67,9,2,121,136,0,0,0,0,257,512,FINAL (ENTRADA MANUAL)
67,9,3,142,150,0,0,5,0,297,512,FINAL (ENTRADA MANUAL)
67,9,4,122,124,1,0,21,0,268,512,FINAL (ENTRADA MANUAL)
67,9,5,132,136,0,0,6,0,274,512,FINAL (ENTRADA MANUAL)
67,9,6,111,126,0,0,18,0,255,512,FINAL (ENTRADA MANUAL)
67,9,7,114,128,1,0,12,0,255,512,FINAL (ENTRADA MANUAL)
67,9,8,127,137,0,0,7,0,271,513,FINAL (ENTRADA MANUAL)
67,10,1,117,107,0,0,3,0,227,570,FINAL (ENTRADA MANUAL)
67,10,2,115,116,0,0,5,0,236,570,FINAL (ENTRADA MANUAL)
67,10,3,112,104,0,0,15,0,231,569,FINAL (ENTRADA MANUAL)
67,74,1,42,45,0,0,1,0,88,0,FINAL (ENTRADA MANUAL)
67,74,2,36,57,0,0,5,0,98,0,FINAL (ENTRADA MANUAL)
67,74,3,25,37,0,0,0,0,62,0,FINAL (ENTRADA MANUAL)
67,74,4,19,38,0,0,5,0,62,0,FINAL (ENTRADA MANUAL)
67,74,5,0,0,0,0,0,0,0,0,FINAL (ENTRADA MANUAL)
67,75,1,12,8,0,0,0,1,21,0,FINAL (ENTRADA MANUAL)
67,75,2,12,8,0,0,0,1,21,0,FINAL (ENTRADA MANUAL)
67,75,3,0,0,0,0,0,0,0,0,FINAL (ENTRADA MANUAL)
67,77,1,465,605,0,0,0,0,1070,0,FINAL (ENTRADA MANUAL)
67,77,2,110,119,0,0,0,0,229,0,FINAL (ENTRADA MANUAL)
67,77,3,199,243,0,0,0,0,442,0,FINAL (ENTRADA MANUAL)
67,77,5,0,0,0,0,0,0,0,0,FINAL (ENTRADA MANUAL)
67,78,1,0,2,0,0,0,0,2,0,FINAL (ENTRADA MANUAL)
67,78,2,0,0,0,0,0,0,0,0,FINAL (ENTRADA MANUAL)
67,78,3,19,40,0,0,4,0,63,0,FINAL (ENTRADA MANUAL)
68,1,1,96,100,1,0,4,0,201,489,FINAL (ENTRADA MANUAL)
68,1,2,105,86,0,0,14,0,205,489,FINAL (ENTRADA MANUAL)
68,2,1,86,101,0,0,1,0,188,463,FINAL (ENTRADA MANUAL)
68,2,2,83,106,0,0,1,0,190,463,FINAL (ENTRADA MANUAL)
68,3,1,81,86,1,0,15,0,183,447,FINAL (ENTRADA MANUAL)
68,3,2,72,92,0,0,3,0,167,447,FINAL (ENTRADA MANUAL)
68,3,3,87,77,0,0,13,0,177,446,FINAL (ENTRADA MANUAL)
68,4,1,75,72,0,0,6,0,153,375,FINAL (ENTRADA MANUAL)
68,4,2,87,87,0,0,3,0,177,375,FINAL (ENTRADA MANUAL)
68,5,1,94,101,0,0,5,0,200,402,FINAL (ENTRADA MANUAL)
68,5,2,79,121,0,0,7,0,207,403,FINAL (ENTRADA MANUAL)
68,6,1,65,116,0,0,8,0,189,432,FINAL (ENTRADA MANUAL)
68,6,2,73,107,0,0,4,0,184,433,FINAL (ENTRADA MANUAL)
68,7,1,116,74,0,0,9,0,199,466,FINAL (ENTRADA MANUAL)
68,7,2,106,85,0,0,28,0,219,466,FINAL (ENTRADA MANUAL)
68,7,3,101,87,0,0,2,0,190,466,FINAL (ENTRADA MANUAL)
68,8,1,112,129,0,0,7,0,248,486,FINAL (ENTRADA MANUAL)
68,9,1,83,99,0,0,2,0,184,392,FINAL (ENTRADA MANUAL)
68,9,2,72,100,0,0,6,0,178,393,FINAL (ENTRADA MANUAL)
68,10,1,92,75,0,0,5,0,172,435,FINAL (ENTRADA MANUAL)
68,10,2,78,68,0,0,16,0,162,435,FINAL (ENTRADA MANUAL)
68,10,3,92,74,0,0,6,0,172,436,FINAL (ENTRADA MANUAL)
68,11,1,115,109,0,0,14,0,238,478,FINAL (ENTRADA MANUAL)
68,11,2,109,102,0,0,24,0,235,478,FINAL (ENTRADA MANUAL)
68,11,3,125,112,0,0,11,0,248,478,FINAL (ENTRADA MANUAL)
68,74,1,20,39,0,0,0,0,59,0,FINAL (ENTRADA MANUAL)
68,74,2,29,76,0,0,4,0,109,0,FINAL (ENTRADA MANUAL)
68,74,3,0,0,0,0,0,0,0,0,FINAL (ENTRADA MANUAL)
68,75,1,10,6,0,0,0,0,16,0,FINAL (ENTRADA MANUAL)
68,75,2,10,6,0,0,0,0,16,0,FINAL (ENTRADA MANUAL)
68,75,3,0,0,0,0,0,0,0,0,FINAL (ENTRADA MANUAL)
68,77,1,167,138,1,0,7,0,313,0,FINAL (ENTRADA MANUAL)
68,77,2,192,169,0,0,0,0,361,0,FINAL (ENTRADA MANUAL)
68,77,3,78,152,0,0,12,0,242,0,FINAL (ENTRADA MANUAL)
68,77,5,0,0,0,0,0,0,0,0,FINAL (ENTRADA MANUAL)
68,78,1,10,27,0,0,2,0,39,0,FINAL (ENTRADA MANUAL)
68,78,2,0,0,0,0,0,0,0,0,FINAL (ENTRADA MANUAL)
68,78,3,0,0,0,0,0,0,0,0,FINAL (ENTRADA MANUAL)
69,1,1,133,114,1,0,11,0,259,523,FINAL (ENTRADA MANUAL)
69,1,2,125,115,0,0,3,0,243,523,FINAL (ENTRADA MANUAL)
69,1,3,135,110,1,0,6,0,252,523,FINAL (ENTRADA MANUAL)
69,1,4,120,117,1,0,4,0,242,523,FINAL (ENTRADA MANUAL)
69,1,5,136,114,0,0,5,0,255,523,FINAL (ENTRADA MANUAL)
69,1,6,123,119,1,0,25,0,268,525,FINAL (ENTRADA MANUAL)
69,2,1,159,98,2,0,2,0,261,623,FINAL (ENTRADA MANUAL)
69,2,2,163,93,1,0,2,0,259,623,FINAL (ENTRADA MANUAL)
69,2,3,143,89,0,0,27,0,259,623,FINAL (ENTRADA MANUAL)
69,3,1,144,101,0,0,3,0,248,569,FINAL (ENTRADA MANUAL)
69,3,2,156,94,1,0,5,0,256,569,FINAL (ENTRADA MANUAL)
69,3,3,151,89,0,0,5,0,245,569,FINAL (ENTRADA MANUAL)
69,3,4,162,81,1,0,4,0,248,569,FINAL (ENTRADA MANUAL)
69,3,5,136,123,0,0,3,0,262,571,FINAL (ENTRADA MANUAL)
69,4,1,147,110,2,0,15,0,274,589,FINAL (ENTRADA MANUAL)
69,4,2,123,87,1,0,14,0,225,589,FINAL (ENTRADA MANUAL)
69,4,3,143,104,1,0,3,0,251,589,FINAL (ENTRADA MANUAL)
69,4,4,134,98,0,0,3,0,235,589,FINAL (ENTRADA MANUAL)
69,5,1,146,112,0,0,7,0,265,519,FINAL (ENTRADA MANUAL)
69,5,2,99,110,0,0,3,0,212,519,FINAL (ENTRADA MANUAL)
69,5,3,151,102,0,0,5,0,258,519,FINAL (ENTRADA MANUAL)
69,5,4,142,108,0,0,3,0,253,519,FINAL (ENTRADA MANUAL)
69,5,5,131,108,0,0,5,0,244,518,FINAL (ENTRADA MANUAL)
69,6,1,107,106,0,0,3,0,216,491,FINAL (ENTRADA MANUAL)
69,6,2,114,111,0,0,1,0,226,491,FINAL (ENTRADA MANUAL)
69,6,3,112,92,0,0,6,0,210,491,FINAL (ENTRADA MANUAL)
69,6,4,116,99,0,0,8,0,223,491,FINAL (ENTRADA MANUAL)
69,7,1,103,91,0,0,15,0,209,443,FINAL (ENTRADA MANUAL)
69,7,2,121,132,1,0,5,0,259,443,FINAL (ENTRADA MANUAL)
69,7,3,84,101,0,0,11,0,196,443,FINAL (ENTRADA MANUAL)
69,8,1,131,112,1,0,6,0,250,565,FINAL (ENTRADA MANUAL)
69,8,2,141,93,0,0,13,0,247,565,FINAL (ENTRADA MANUAL)
69,8,3,137,99,0,0,11,0,247,565,FINAL (ENTRADA MANUAL)
69,8,4,149,104,0,0,5,0,258,565,FINAL (ENTRADA MANUAL)
69,8,5,133,110,1,0,2,0,246,564,FINAL (ENTRADA MANUAL)
69,74,1,69,37,0,0,4,0,110,0,FINAL (ENTRADA MANUAL)
69,74,2,79,21,0,0,8,0,108,0,FINAL (ENTRADA MANUAL)
69,74,3,68,35,0,0,1,0,104,0,FINAL (ENTRADA MANUAL)
69,74,4,0,0,0,0,0,0,0,0,FINAL (ENTRADA MANUAL)
69,75,1,0,0,0,0,0,0,0,0,FINAL (ENTRADA MANUAL)
69,75,2,0,0,0,0,0,0,0,0,FINAL (ENTRADA MANUAL)
69,75,3,6,3,0,0,0,0,9,0,FINAL (ENTRADA MANUAL)
69,75,4,0,0,0,0,0,0,0,0,FINAL (ENTRADA MANUAL)
69,77,1,515,547,0,0,2,0,1064,0,FINAL (ENTRADA MANUAL)
69,77,2,172,187,0,0,1,0,360,0,FINAL (ENTRADA MANUAL)
69,77,3,81,120,0,0,1,2,204,0,FINAL (ENTRADA MANUAL)
69,77,5,0,0,0,0,0,0,0,0,FINAL (ENTRADA MANUAL)
69,78,1,30,27,0,0,2,0,59,0,FINAL (ENTRADA MANUAL)
69,78,2,0,0,0,0,0,0,0,0,FINAL (ENTRADA MANUAL)
69,78,3,0,0,0,0,0,0,0,0,FINAL (ENTRADA MANUAL)
70,1,1,135,146,0,0,5,0,286,533,FINAL (ENTRADA MANUAL)
70,1,2,109,152,0,0,16,0,277,533,FINAL (ENTRADA MANUAL)
70,1,3,133,124,0,0,7,0,264,533,FINAL (ENTRADA MANUAL)
70,1,4,124,132,1,0,6,0,263,533,FINAL (ENTRADA MANUAL)
70,1,5,166,127,1,0,4,0,298,533,FINAL (ENTRADA MANUAL)
70,1,6,105,139,0,0,19,0,263,533,FINAL (ENTRADA MANUAL)
70,2,1,158,111,0,0,4,0,273,505,FINAL (ENTRADA MANUAL)
70,2,2,122,108,0,0,5,0,235,505,FINAL (ENTRADA MANUAL)
70,2,3,129,101,0,0,12,0,242,505,FINAL (ENTRADA MANUAL)
70,2,4,152,90,0,0,2,0,244,505,FINAL (ENTRADA MANUAL)
70,2,5,126,126,0,0,3,0,255,505,FINAL (ENTRADA MANUAL)
70,3,1,104,121,0,0,5,0,230,396,FINAL (ENTRADA MANUAL)
70,3,2,81,113,0,0,2,0,196,396,FINAL (ENTRADA MANUAL)
70,4,1,89,171,0,0,2,0,262,514,FINAL (ENTRADA MANUAL)
70,4,2,122,138,0,0,1,0,261,514,FINAL (ENTRADA MANUAL)
70,4,3,115,137,0,0,15,0,267,514,FINAL (ENTRADA MANUAL)
70,4,4,114,115,0,0,2,0,231,514,FINAL (ENTRADA MANUAL)
70,4,5,123,125,0,0,9,0,257,514,FINAL (ENTRADA MANUAL)
70,4,6,139,125,0,0,5,0,269,514,FINAL (ENTRADA MANUAL)
70,4,7,135,170,0,0,1,0,306,514,FINAL (ENTRADA MANUAL)
70,5,1,134,100,0,0,3,0,237,483,FINAL (ENTRADA MANUAL)
70,5,2,132,106,0,0,7,0,245,483,FINAL (ENTRADA MANUAL)
70,5,3,124,99,0,0,7,0,230,483,FINAL (ENTRADA MANUAL)
70,5,4,88,106,0,0,40,0,234,483,FINAL (ENTRADA MANUAL)
70,6,1,131,168,1,0,8,0,308,539,FINAL (ENTRADA MANUAL)
70,7,1,108,137,0,0,1,0,246,472,FINAL (ENTRADA MANUAL)
70,7,2,122,131,0,0,6,0,259,471,FINAL (ENTRADA MANUAL)
70,8,1,90,92,0,0,5,0,187,352,FINAL (ENTRADA MANUAL)
70,8,2,83,80,1,0,6,0,170,352,FINAL (ENTRADA MANUAL)
70,9,1,83,133,0,0,30,0,246,535,FINAL (ENTRADA MANUAL)
70,10,1,154,103,0,0,22,0,279,525,FINAL (ENTRADA MANUAL)
70,10,2,189,89,0,0,5,0,283,525,FINAL (ENTRADA MANUAL)
70,11,1,171,59,0,0,6,0,236,434,FINAL (ENTRADA MANUAL)
70,11,2,152,81,0,0,6,0,239,433,FINAL (ENTRADA MANUAL)
70,74,1,29,36,0,0,0,0,65,0,FINAL (ENTRADA MANUAL)
70,74,2,32,33,0,0,0,0,65,0,FINAL (ENTRADA MANUAL)
70,74,3,53,50,0,0,3,0,106,0,FINAL (ENTRADA MANUAL)
70,74,4,62,44,0,0,3,0,109,0,FINAL (ENTRADA MANUAL)
70,74,5,33,41,0,0,10,0,84,0,FINAL (ENTRADA MANUAL)
70,74,6,48,33,0,0,1,0,82,0,FINAL (ENTRADA MANUAL)
70,74,7,0,0,0,0,0,0,0,0,FINAL (ENTRADA MANUAL)
70,75,1,0,0,0,0,0,0,0,0,FINAL (ENTRADA MANUAL)
70,75,2,4,4,0,0,0,0,8,0,FINAL (ENTRADA MANUAL)
70,77,1,202,398,0,0,0,0,600,0,FINAL (ENTRADA MANUAL)
70,77,2,281,186,0,0,0,0,467,0,FINAL (ENTRADA MANUAL)
70,77,3,131,76,4,22,22,0,233,0,FINAL (ENTRADA MANUAL)
70,77,5,0,1,0,0,0,0,1,0,FINAL (ENTRADA MANUAL)
70,78,1,15,30,0,0,0,0,45,0,FINAL (ENTRADA MANUAL)
70,78,2,0,0,0,0,0,0,0,0,FINAL (ENTRADA MANUAL)
70,78,3,0,0,0,0,0,0,0,0,FINAL (ENTRADA MANUAL)
71,1,1,123,178,0,0,8,0,309,550,FINAL (ENTRADA MANUAL)
71,1,2,108,182,0,0,15,0,305,550,FINAL (ENTRADA MANUAL)
71,1,3,135,159,0,0,6,0,300,550,FINAL (ENTRADA MANUAL)
71,1,4,109,198,0,0,12,0,319,551,FINAL (ENTRADA MANUAL)
71,2,1,119,164,0,0,8,0,291,584,FINAL (ENTRADA MANUAL)
71,2,2,102,201,0,0,8,0,311,584,FINAL (ENTRADA MANUAL)
71,2,3,139,149,0,0,12,0,300,583,FINAL (ENTRADA MANUAL)
71,74,1,23,45,0,0,4,0,72,0,FINAL (ENTRADA MANUAL)
71,74,2,29,80,0,0,3,0,112,0,FINAL (ENTRADA MANUAL)
71,74,3,0,0,0,0,0,0,0,0,FINAL (ENTRADA MANUAL)
71,75,1,0,1,0,0,0,0,1,0,FINAL (ENTRADA MANUAL)
71,77,1,76,142,0,0,0,0,218,0,FINAL (ENTRADA MANUAL)
71,77,2,0,0,0,0,0,0,0,0,FINAL (ENTRADA MANUAL)
71,77,3,0,1,0,0,0,0,1,0,FINAL (ENTRADA MANUAL)
71,77,5,0,0,0,0,0,0,0,0,FINAL (ENTRADA MANUAL)
71,78,1,5,7,0,0,1,0,13,0,FINAL (ENTRADA MANUAL)
71,78,2,0,0,0,0,0,0,0,0,FINAL (ENTRADA MANUAL)
71,78,3,0,0,0,0,0,0,0,0,FINAL (ENTRADA MANUAL)
72,1,1,54,71,0,0,1,0,126,310,FINAL (ENTRADA MANUAL)
72,2,1,71,134,0,0,10,0,215,468,FINAL (ENTRADA MANUAL)
72,2,2,63,140,0,0,6,0,209,467,FINAL (ENTRADA MANUAL)
72,3,1,100,129,1,0,3,0,233,436,FINAL (ENTRADA MANUAL)
72,3,2,111,131,0,0,3,0,245,436,FINAL (ENTRADA MANUAL)
72,3,3,112,125,0,0,3,0,240,435,FINAL (ENTRADA MANUAL)
72,4,1,67,125,0,0,5,0,197,464,FINAL (ENTRADA MANUAL)
72,4,2,74,125,0,0,4,0,203,464,FINAL (ENTRADA MANUAL)
72,4,3,70,124,0,0,8,0,202,464,FINAL (ENTRADA MANUAL)
72,5,1,126,122,0,0,1,0,249,560,FINAL (ENTRADA MANUAL)
72,5,2,127,142,1,0,2,0,272,560,FINAL (ENTRADA MANUAL)
72,5,3,129,144,0,0,11,0,284,560,FINAL (ENTRADA MANUAL)
72,5,4,122,141,0,0,7,0,270,560,FINAL (ENTRADA MANUAL)
72,5,5,122,130,0,0,3,0,255,559,FINAL (ENTRADA MANUAL)
72,6,1,101,123,0,0,0,0,224,487,FINAL (ENTRADA MANUAL)
72,6,2,93,114,0,0,3,0,210,487,FINAL (ENTRADA MANUAL)
72,6,3,88,139,1,0,2,0,230,487,FINAL (ENTRADA MANUAL)
72,6,4,117,127,0,0,3,0,247,487,FINAL (ENTRADA MANUAL)
72,6,5,83,141,0,0,10,0,234,489,FINAL (ENTRADA MANUAL)
72,7,1,115,159,0,0,5,0,279,542,FINAL (ENTRADA MANUAL)
72,7,2,106,128,0,0,5,0,239,542,FINAL (ENTRADA MANUAL)
72,7,3,107,106,0,0,10,0,223,542,FINAL (ENTRADA MANUAL)
72,7,4,89,150,0,0,3,0,242,542,FINAL (ENTRADA MANUAL)
72,8,1,129,123,0,0,2,0,254,506,FINAL (ENTRADA MANUAL)
72,8,2,91,145,0,0,5,0,241,506,FINAL (ENTRADA MANUAL)
72,8,3,104,134,0,0,5,0,243,506,FINAL (ENTRADA MANUAL)
72,8,4,97,153,0,0,5,0,255,506,FINAL (ENTRADA MANUAL)
72,8,5,104,133,0,0,3,0,240,506,FINAL (ENTRADA MANUAL)
72,8,6,82,132,0,0,10,0,224,505,FINAL (ENTRADA MANUAL)
72,9,1,118,113,0,0,8,0,239,442,FINAL (ENTRADA MANUAL)
72,9,2,111,101,0,0,3,0,215,442,FINAL (ENTRADA MANUAL)
72,9,3,94,119,0,0,2,0,215,443,FINAL (ENTRADA MANUAL)
72,10,1,123,112,0,0,6,0,241,496,FINAL (ENTRADA MANUAL)
72,10,2,117,120,0,0,8,0,245,496,FINAL (ENTRADA MANUAL)
72,10,3,122,118,0,0,4,0,244,496,FINAL (ENTRADA MANUAL)
72,10,4,122,124,0,0,4,0,250,495,FINAL (ENTRADA MANUAL)
72,11,1,94,79,0,0,23,0,196,458,FINAL (ENTRADA MANUAL)
72,11,2,144,90,0,0,15,0,249,458,FINAL (ENTRADA MANUAL)
72,11,3,105,107,0,0,3,0,215,458,FINAL (ENTRADA MANUAL)
72,12,1,77,115,0,0,1,0,193,387,FINAL (ENTRADA MANUAL)
72,12,2,88,112,0,0,3,0,203,387,FINAL (ENTRADA MANUAL)
72,12,3,43,130,1,0,13,0,187,386,FINAL (ENTRADA MANUAL)
72,13,1,90,120,0,0,5,0,215,465,FINAL (ENTRADA MANUAL)
72,13,2,90,103,0,0,3,0,196,465,FINAL (ENTRADA MANUAL)
72,14,1,130,115,0,0,15,0,260,563,FINAL (ENTRADA MANUAL)
72,14,2,156,137,0,0,10,0,303,563,FINAL (ENTRADA MANUAL)
72,14,3,138,93,0,0,9,0,240,564,FINAL (ENTRADA MANUAL)
72,15,1,140,128,0,0,9,0,277,559,FINAL (ENTRADA MANUAL)
72,15,2,132,128,0,0,6,0,266,559,FINAL (ENTRADA MANUAL)
72,15,3,108,137,0,0,5,0,250,559,FINAL (ENTRADA MANUAL)
72,15,4,119,123,0,0,15,0,257,559,FINAL (ENTRADA MANUAL)
72,74,1,18,62,0,0,4,0,84,0,FINAL (ENTRADA MANUAL)
72,74,2,21,60,0,0,0,0,81,0,FINAL (ENTRADA MANUAL)
72,74,3,16,67,0,0,0,0,83,0,FINAL (ENTRADA MANUAL)
72,74,4,13,74,0,0,1,0,88,0,FINAL (ENTRADA MANUAL)
72,74,5,8,79,0,0,0,0,87,0,FINAL (ENTRADA MANUAL)
72,74,6,1,30,0,0,0,0,31,0,FINAL (ENTRADA MANUAL)
72,75,1,10,4,0,0,0,0,14,0,FINAL (ENTRADA MANUAL)
72,75,2,0,0,0,0,0,0,0,0,FINAL (ENTRADA MANUAL)
72,77,1,535,741,0,0,2,0,1278,0,FINAL (ENTRADA MANUAL)
72,77,2,419,524,0,0,0,0,943,0,FINAL (ENTRADA MANUAL)
72,77,3,271,384,0,0,51,17,723,0,FINAL (ENTRADA MANUAL)
72,77,5,0,0,0,0,0,0,0,0,FINAL (ENTRADA MANUAL)
72,78,1,12,23,0,0,2,0,37,0,FINAL (ENTRADA MANUAL)
72,78,2,0,0,0,0,0,0,0,0,FINAL (ENTRADA MANUAL)
72,78,3,0,0,0,0,0,0,0,0,FINAL (ENTRADA MANUAL)
72,79,1,0,0,0,0,0,0,0,0,FINAL (ENTRADA MANUAL)
73,1,1,121,140,0,0,2,0,263,524,FINAL (ENTRADA MANUAL)
73,1,2,123,146,0,0,8,0,277,523,FINAL (ENTRADA MANUAL)
73,2,1,96,118,0,0,4,0,218,448,FINAL (ENTRADA MANUAL)
73,2,2,109,103,0,0,1,0,213,448,FINAL (ENTRADA MANUAL)
73,2,3,104,118,0,0,11,0,233,448,FINAL (ENTRADA MANUAL)
73,3,1,157,75,0,0,3,0,235,533,FINAL (ENTRADA MANUAL)
73,3,2,133,100,0,0,10,0,243,533,FINAL (ENTRADA MANUAL)
73,3,3,163,101,0,0,2,0,266,533,FINAL (ENTRADA MANUAL)
73,3,4,143,94,0,0,8,0,245,533,FINAL (ENTRADA MANUAL)
73,3,5,169,77,0,0,1,0,247,532,FINAL (ENTRADA MANUAL)
73,4,1,125,118,0,0,5,0,248,513,FINAL (ENTRADA MANUAL)
73,4,2,120,150,0,0,3,0,273,513,FINAL (ENTRADA MANUAL)
73,5,1,118,119,0,0,0,0,237,447,FINAL (ENTRADA MANUAL)
73,5,2,127,75,0,0,1,0,203,447,FINAL (ENTRADA MANUAL)
73,5,3,125,98,0,0,1,0,224,447,FINAL (ENTRADA MANUAL)
73,5,4,142,94,0,0,4,0,240,447,FINAL (ENTRADA MANUAL)
73,6,1,158,141,0,0,2,0,301,574,FINAL (ENTRADA MANUAL)
73,6,2,141,136,2,0,6,0,285,574,FINAL (ENTRADA MANUAL)
73,6,3,127,163,0,0,5,0,295,574,FINAL (ENTRADA MANUAL)
73,6,4,176,121,0,0,3,0,300,574,FINAL (ENTRADA MANUAL)
73,6,5,152,128,0,0,2,0,282,576,FINAL (ENTRADA MANUAL)
73,7,1,179,128,0,0,2,0,309,555,FINAL (ENTRADA MANUAL)
73,7,2,213,99,0,0,3,0,315,555,FINAL (ENTRADA MANUAL)
73,7,3,166,114,0,0,4,0,284,554,FINAL (ENTRADA MANUAL)
73,8,1,136,109,0,0,1,0,246,487,FINAL (ENTRADA MANUAL)
73,8,2,132,107,0,0,6,0,245,487,FINAL (ENTRADA MANUAL)
73,8,3,118,121,0,0,2,0,241,486,FINAL (ENTRADA MANUAL)
73,9,1,129,111,0,0,11,0,251,531,FINAL (ENTRADA MANUAL)
73,9,2,145,110,0,0,4,0,259,531,FINAL (ENTRADA MANUAL)
73,9,3,159,98,0,0,2,0,259,531,FINAL (ENTRADA MANUAL)
73,9,4,153,92,0,0,8,0,253,531,FINAL (ENTRADA MANUAL)
73,9,5,170,89,0,0,5,0,264,531,FINAL (ENTRADA MANUAL)
73,9,6,160,101,0,0,7,0,268,530,FINAL (ENTRADA MANUAL)
73,10,1,87,100,0,0,1,0,188,437,FINAL (ENTRADA MANUAL)
73,10,2,115,102,0,0,3,0,220,437,FINAL (ENTRADA MANUAL)
73,10,3,117,83,0,0,1,0,201,438,FINAL (ENTRADA MANUAL)
73,11,1,75,142,0,0,2,0,219,480,FINAL (ENTRADA MANUAL)
73,11,2,65,120,0,0,10,0,195,480,FINAL (ENTRADA MANUAL)
73,11,3,73,119,0,0,3,0,195,481,FINAL (ENTRADA MANUAL)
73,12,1,111,125,0,0,3,0,239,500,FINAL (ENTRADA MANUAL)
73,12,2,122,129,1,0,5,0,257,500,FINAL (ENTRADA MANUAL)
73,12,3,113,121,2,0,5,0,241,500,FINAL (ENTRADA MANUAL)
73,12,4,101,139,0,0,5,0,245,500,FINAL (ENTRADA MANUAL)
73,74,1,30,54,0,0,2,0,86,0,FINAL (ENTRADA MANUAL)
73,74,2,18,55,0,0,1,0,74,0,FINAL (ENTRADA MANUAL)
73,74,3,30,54,0,0,2,0,86,0,FINAL (ENTRADA MANUAL)
73,74,4,26,51,0,0,1,0,78,0,FINAL (ENTRADA MANUAL)
73,74,5,0,0,0,0,0,0,0,0,FINAL (ENTRADA MANUAL)
73,75,1,7,12,0,0,0,0,19,0,FINAL (ENTRADA MANUAL)
73,75,2,0,0,0,0,0,0,0,0,FINAL (ENTRADA MANUAL)
73,77,1,674,781,0,0,0,0,1455,0,FINAL (ENTRADA MANUAL)
73,77,2,450,385,0,0,0,0,835,0,FINAL (ENTRADA MANUAL)
73,77,3,134,123,0,0,18,5,280,0,FINAL (ENTRADA MANUAL)
73,77,5,0,0,0,0,0,0,0,0,FINAL (ENTRADA MANUAL)
73,78,1,13,23,0,0,2,1,39,0,FINAL (ENTRADA MANUAL)
73,78,2,0,0,0,0,0,0,0,0,FINAL (ENTRADA MANUAL)
73,78,3,0,0,0,0,0,0,0,0,FINAL (ENTRADA MANUAL)
73,79,1,0,1,0,0,0,0,1,0,FINAL (ENTRADA MANUAL)
74,1,1,164,127,0,0,4,0,295,568,FINAL (ENTRADA MANUAL)
74,1,2,140,149,0,0,13,0,302,568,FINAL (ENTRADA MANUAL)
74,1,3,170,128,0,0,16,0,314,568,FINAL (ENTRADA MANUAL)
74,1,4,149,109,0,0,41,0,299,570,FINAL (ENTRADA MANUAL)
74,2,1,91,113,0,0,2,0,206,440,FINAL (ENTRADA MANUAL)
74,2,2,99,114,0,0,5,0,218,441,FINAL (ENTRADA MANUAL)
74,3,1,123,139,0,0,9,0,271,591,FINAL (ENTRADA MANUAL)
74,3,2,146,107,0,0,5,0,258,591,FINAL (ENTRADA MANUAL)
74,4,1,145,78,1,0,9,0,233,448,FINAL (ENTRADA MANUAL)
74,4,2,136,75,1,0,9,0,221,448,FINAL (ENTRADA MANUAL)
74,5,1,129,133,0,0,8,0,270,556,FINAL (ENTRADA MANUAL)
74,5,2,129,107,0,0,21,0,257,557,FINAL (ENTRADA MANUAL)
74,6,1,105,118,0,0,3,0,227,465,FINAL (ENTRADA MANUAL)
74,6,2,93,103,1,0,4,0,201,465,FINAL (ENTRADA MANUAL)
74,6,3,121,88,0,0,5,0,214,465,FINAL (ENTRADA MANUAL)
74,7,1,90,136,0,0,7,0,233,508,FINAL (ENTRADA MANUAL)
74,7,2,104,80,0,0,4,0,188,508,FINAL (ENTRADA MANUAL)
74,8,1,97,98,0,0,3,0,198,470,FINAL (ENTRADA MANUAL)
74,8,2,131,92,0,0,6,0,229,470,FINAL (ENTRADA MANUAL)
74,8,3,89,124,0,0,2,0,215,469,FINAL (ENTRADA MANUAL)
74,9,1,126,104,3,0,5,0,238,471,FINAL (ENTRADA MANUAL)
74,9,2,108,97,0,0,8,0,213,471,FINAL (ENTRADA MANUAL)
74,9,3,104,107,1,0,3,0,215,471,FINAL (ENTRADA MANUAL)
74,9,4,128,87,0,0,5,0,220,471,FINAL (ENTRADA MANUAL)
74,10,1,84,80,0,0,4,0,168,314,FINAL (ENTRADA MANUAL)
74,10,2,88,83,0,0,9,0,180,315,FINAL (ENTRADA MANUAL)
74,11,1,107,94,0,0,10,0,211,396,FINAL (ENTRADA MANUAL)
74,11,2,116,85,0,0,3,0,204,396,FINAL (ENTRADA MANUAL)
74,11,3,99,85,1,0,2,0,187,396,FINAL (ENTRADA MANUAL)
74,74,1,6,60,0,0,3,0,69,0,FINAL (ENTRADA MANUAL)
74,74,2,10,51,0,0,2,0,63,0,FINAL (ENTRADA MANUAL)
74,74,3,17,78,0,0,2,0,97,0,FINAL (ENTRADA MANUAL)
74,74,4,14,81,0,0,0,0,95,0,FINAL (ENTRADA MANUAL)
74,74,5,0,0,0,0,0,0,0,0,FINAL (ENTRADA MANUAL)
74,75,1,0,0,0,0,0,0,0,0,FINAL (ENTRADA MANUAL)
74,75,2,0,2,0,0,0,0,2,0,FINAL (ENTRADA MANUAL)
74,75,3,0,3,0,0,0,0,3,0,FINAL (ENTRADA MANUAL)
74,75,4,0,0,0,0,0,0,0,0,FINAL (ENTRADA MANUAL)
74,77,1,345,304,0,0,0,0,649,0,FINAL (ENTRADA MANUAL)
74,77,2,68,43,0,0,0,0,111,0,FINAL (ENTRADA MANUAL)
74,77,3,9,22,0,0,1,2,34,0,FINAL (ENTRADA MANUAL)
74,77,5,0,0,0,0,0,0,0,0,FINAL (ENTRADA MANUAL)
74,78,1,15,25,0,0,2,0,42,0,FINAL (ENTRADA MANUAL)
74,78,2,0,0,0,0,0,0,0,0,FINAL (ENTRADA MANUAL)
74,78,3,0,0,0,0,0,0,0,0,FINAL (ENTRADA MANUAL)
75,1,1,115,130,0,0,14,0,259,589,FINAL (ENTRADA MANUAL)
75,1,2,145,137,0,0,14,0,296,589,FINAL (ENTRADA MANUAL)
75,1,3,148,114,0,0,3,0,265,589,FINAL (ENTRADA MANUAL)
75,1,4,98,136,0,0,4,0,238,589,FINAL (ENTRADA MANUAL)
75,2,1,121,125,0,0,9,0,255,417,FINAL (ENTRADA MANUAL)
75,2,2,122,133,0,0,9,0,264,417,FINAL (ENTRADA MANUAL)
75,2,3,126,111,0,0,3,0,240,418,FINAL (ENTRADA MANUAL)
75,3,1,164,82,0,0,1,0,247,550,FINAL (ENTRADA MANUAL)
75,3,2,119,89,0,0,10,0,218,550,FINAL (ENTRADA MANUAL)
75,3,3,132,87,0,0,17,0,236,549,FINAL (ENTRADA MANUAL)
75,4,1,149,103,1,0,2,0,255,612,FINAL (ENTRADA MANUAL)
75,4,2,124,94,0,0,7,0,225,612,FINAL (ENTRADA MANUAL)
75,4,3,128,118,0,0,9,0,255,612,FINAL (ENTRADA MANUAL)
75,4,4,137,92,0,0,6,0,235,614,FINAL (ENTRADA MANUAL)
75,5,1,126,137,0,0,2,0,265,591,FINAL (ENTRADA MANUAL)
75,5,2,145,150,0,0,6,0,301,591,FINAL (ENTRADA MANUAL)
75,5,3,154,135,0,0,3,0,292,591,FINAL (ENTRADA MANUAL)
75,5,4,129,115,1,0,16,0,261,591,FINAL (ENTRADA MANUAL)
75,5,5,112,127,0,0,14,0,253,592,FINAL (ENTRADA MANUAL)
75,6,1,126,137,0,0,19,0,282,577,FINAL (ENTRADA MANUAL)
75,6,2,111,126,0,0,10,0,247,577,FINAL (ENTRADA MANUAL)
75,6,3,120,127,1,0,7,0,255,578,FINAL (ENTRADA MANUAL)
75,7,1,136,98,1,0,2,0,237,495,FINAL (ENTRADA MANUAL)
75,7,2,133,88,0,0,4,0,225,495,FINAL (ENTRADA MANUAL)
75,7,3,122,85,0,0,14,0,221,495,FINAL (ENTRADA MANUAL)
75,7,4,133,97,1,0,11,0,242,496,FINAL (ENTRADA MANUAL)
75,74,1,15,45,0,0,1,0,61,0,FINAL (ENTRADA MANUAL)
75,74,2,20,48,0,0,5,0,73,0,FINAL (ENTRADA MANUAL)
75,74,3,18,49,0,0,4,0,71,0,FINAL (ENTRADA MANUAL)
75,75,1,0,1,0,0,0,0,1,0,FINAL (ENTRADA MANUAL)
75,77,1,371,281,0,0,0,0,652,0,FINAL (ENTRADA MANUAL)
75,77,2,57,48,0,0,0,0,105,0,FINAL (ENTRADA MANUAL)
75,77,3,105,78,0,0,9,2,194,0,FINAL (ENTRADA MANUAL)
75,77,5,0,0,0,0,0,0,0,0,FINAL (ENTRADA MANUAL)
75,78,1,17,18,0,0,1,0,36,0,FINAL (ENTRADA MANUAL)
75,78,2,0,0,0,0,0,0,0,0,FINAL (ENTRADA MANUAL)
75,78,3,0,0,0,0,0,0,0,0,FINAL (ENTRADA MANUAL)
76,1,1,85,150,0,0,13,0,248,486,FINAL (ENTRADA MANUAL)
76,1,2,100,155,1,0,10,0,266,486,FINAL (ENTRADA MANUAL)
76,1,3,106,114,0,0,26,0,246,486,FINAL (ENTRADA MANUAL)
76,1,4,117,137,0,0,7,0,261,488,FINAL (ENTRADA MANUAL)
76,2,1,121,115,1,0,16,0,253,534,FINAL (ENTRADA MANUAL)
76,2,2,113,125,1,0,4,0,243,534,FINAL (ENTRADA MANUAL)
76,2,3,126,131,0,0,7,0,264,534,FINAL (ENTRADA MANUAL)
76,2,4,98,122,1,0,11,0,232,534,FINAL (ENTRADA MANUAL)
76,2,5,130,128,0,0,9,0,267,533,FINAL (ENTRADA MANUAL)
76,3,1,135,146,5,0,5,0,291,562,FINAL (ENTRADA MANUAL)
76,3,2,155,136,0,0,2,0,293,562,FINAL (ENTRADA MANUAL)
76,3,3,135,147,0,0,11,0,293,562,FINAL (ENTRADA MANUAL)
76,4,1,103,121,0,0,4,0,228,448,FINAL (ENTRADA MANUAL)
76,4,2,112,117,0,0,1,0,230,448,FINAL (ENTRADA MANUAL)
76,5,1,88,80,0,0,18,0,186,410,FINAL (ENTRADA MANUAL)
76,5,2,96,83,0,0,2,0,181,409,FINAL (ENTRADA MANUAL)
76,6,1,136,121,0,0,8,0,265,472,FINAL (ENTRADA MANUAL)
76,6,2,126,128,1,0,2,0,257,472,FINAL (ENTRADA MANUAL)
76,6,3,154,115,2,0,4,0,275,472,FINAL (ENTRADA MANUAL)
76,6,4,147,121,0,0,4,0,272,472,FINAL (ENTRADA MANUAL)
76,6,5,123,125,0,0,4,0,252,471,FINAL (ENTRADA MANUAL)
76,7,1,140,134,1,0,8,0,283,607,FINAL (ENTRADA MANUAL)
76,7,2,155,126,0,0,3,0,284,607,FINAL (ENTRADA MANUAL)
76,7,3,134,134,0,0,9,0,277,607,FINAL (ENTRADA MANUAL)
76,7,4,149,89,0,0,17,0,255,607,FINAL (ENTRADA MANUAL)
76,7,5,119,140,0,0,9,0,268,606,FINAL (ENTRADA MANUAL)
76,8,1,101,152,0,0,18,0,271,565,FINAL (ENTRADA MANUAL)
76,8,2,120,136,1,0,37,0,294,565,FINAL (ENTRADA MANUAL)
76,8,3,122,164,0,0,14,0,300,565,FINAL (ENTRADA MANUAL)
76,9,1,150,142,0,0,4,0,296,564,FINAL (ENTRADA MANUAL)
76,9,2,147,129,1,0,8,0,285,564,FINAL (ENTRADA MANUAL)
76,9,3,126,142,0,0,2,0,270,564,FINAL (ENTRADA MANUAL)
76,9,4,135,107,0,0,4,0,246,564,FINAL (ENTRADA MANUAL)
76,9,5,112,149,0,0,7,0,268,566,FINAL (ENTRADA MANUAL)
76,10,1,83,155,0,0,16,0,254,422,FINAL (ENTRADA MANUAL)
76,10,2,105,115,0,0,4,0,224,422,FINAL (ENTRADA MANUAL)
76,11,1,117,123,0,0,7,0,247,424,FINAL (ENTRADA MANUAL)
76,11,2,90,94,1,0,1,0,186,424,FINAL (ENTRADA MANUAL)
76,11,3,124,70,0,0,7,0,201,425,FINAL (ENTRADA MANUAL)
76,12,1,164,135,0,0,13,0,312,619,FINAL (ENTRADA MANUAL)
76,12,2,129,154,0,0,7,0,290,619,FINAL (ENTRADA MANUAL)
76,12,3,132,121,0,0,35,0,288,620,FINAL (ENTRADA MANUAL)
76,13,1,91,90,0,0,11,0,192,340,FINAL (ENTRADA MANUAL)
76,13,2,108,93,0,0,3,0,204,339,FINAL (ENTRADA MANUAL)
76,14,1,84,134,0,0,1,0,219,445,FINAL (ENTRADA MANUAL)
76,14,2,84,139,0,0,3,0,226,445,FINAL (ENTRADA MANUAL)
76,14,3,99,129,0,0,3,0,231,446,FINAL (ENTRADA MANUAL)
76,15,1,121,117,0,0,9,0,247,451,FINAL (ENTRADA MANUAL)
76,15,2,134,96,1,0,14,0,245,451,FINAL (ENTRADA MANUAL)
76,16,1,135,122,1,0,9,0,267,551,FINAL (ENTRADA MANUAL)
76,16,2,115,123,0,0,2,0,240,551,FINAL (ENTRADA MANUAL)
76,16,3,118,125,0,0,6,0,249,551,FINAL (ENTRADA MANUAL)
76,16,4,128,149,0,0,11,0,288,551,FINAL (ENTRADA MANUAL)
76,16,5,132,110,0,0,3,0,245,551,FINAL (ENTRADA MANUAL)
76,17,1,115,189,1,0,11,0,316,625,FINAL (ENTRADA MANUAL)
76,18,1,71,78,0,0,4,0,153,307,FINAL (ENTRADA MANUAL)
76,18,2,81,74,0,0,5,0,160,307,FINAL (ENTRADA MANUAL)
76,74,1,50,35,0,0,0,0,85,0,FINAL (ENTRADA MANUAL)
76,74,2,43,38,0,0,1,0,82,0,FINAL (ENTRADA MANUAL)
76,74,3,0,0,0,0,0,0,0,0,FINAL (ENTRADA MANUAL)
76,75,1,0,0,0,0,0,0,0,0,FINAL (ENTRADA MANUAL)
76,75,2,25,55,0,0,0,4,84,0,FINAL (ENTRADA MANUAL)
76,75,3,16,23,0,0,1,0,40,0,FINAL (ENTRADA MANUAL)
76,77,1,381,367,0,0,1,0,749,0,FINAL (ENTRADA MANUAL)
76,77,2,101,84,0,0,0,0,185,0,FINAL (ENTRADA MANUAL)
76,77,3,121,153,0,0,13,5,292,0,FINAL (ENTRADA MANUAL)
76,77,5,0,0,0,0,0,0,0,0,FINAL (ENTRADA MANUAL)
76,78,1,27,38,0,0,1,0,66,0,FINAL (ENTRADA MANUAL)
76,78,2,0,0,0,0,0,0,0,0,FINAL (ENTRADA MANUAL)
76,78,3,0,0,0,0,0,0,0,0,FINAL (ENTRADA MANUAL)
77,1,1,139,114,0,0,7,0,260,548,FINAL (ENTRADA MANUAL)
77,1,2,150,124,0,0,9,0,283,547,FINAL (ENTRADA MANUAL)
77,2,1,110,107,0,0,5,0,222,446,FINAL (ENTRADA MANUAL)
77,2,2,105,91,0,0,0,0,196,446,FINAL (ENTRADA MANUAL)
77,2,3,125,66,1,0,3,0,195,446,FINAL (ENTRADA MANUAL)
77,3,1,116,90,0,0,8,0,214,543,FINAL (ENTRADA MANUAL)
77,3,2,129,99,0,0,10,0,238,543,FINAL (ENTRADA MANUAL)
77,3,3,114,92,0,0,3,0,209,543,FINAL (ENTRADA MANUAL)
77,3,4,124,81,0,0,9,0,214,544,FINAL (ENTRADA MANUAL)
77,4,1,118,85,0,0,25,0,228,499,FINAL (ENTRADA MANUAL)
77,4,2,106,112,0,0,21,0,239,499,FINAL (ENTRADA MANUAL)
77,4,3,108,81,0,0,1,0,190,498,FINAL (ENTRADA MANUAL)
77,5,1,130,90,0,0,16,0,236,541,FINAL (ENTRADA MANUAL)
77,5,2,115,98,0,0,14,0,227,541,FINAL (ENTRADA MANUAL)
77,5,3,115,103,0,0,9,0,227,542,FINAL (ENTRADA MANUAL)
77,6,1,150,109,0,0,3,0,262,578,FINAL (ENTRADA MANUAL)
77,6,2,155,134,0,0,7,0,296,578,FINAL (ENTRADA MANUAL)
77,6,3,150,114,4,0,13,0,281,579,FINAL (ENTRADA MANUAL)
77,7,1,84,85,0,0,3,0,172,337,FINAL (ENTRADA MANUAL)
77,7,2,84,65,1,0,4,0,154,337,FINAL (ENTRADA MANUAL)
77,8,1,166,116,1,0,11,0,294,574,FINAL (ENTRADA MANUAL)
77,8,2,163,117,0,0,8,0,288,574,FINAL (ENTRADA MANUAL)
77,8,3,164,132,1,0,3,0,300,574,FINAL (ENTRADA MANUAL)
77,8,4,135,120,0,0,15,0,270,574,FINAL (ENTRADA MANUAL)
77,8,5,174,97,0,0,6,0,277,573,FINAL (ENTRADA MANUAL)
77,9,1,138,122,1,0,5,0,266,528,FINAL (ENTRADA MANUAL)
77,9,2,115,99,0,0,12,0,226,528,FINAL (ENTRADA MANUAL)
77,9,3,122,107,0,0,8,0,237,528,FINAL (ENTRADA MANUAL)
77,9,4,117,116,0,0,14,0,247,528,FINAL (ENTRADA MANUAL)
77,9,5,136,90,0,0,8,0,234,527,FINAL (ENTRADA MANUAL)
77,10,1,158,80,0,0,17,0,255,543,FINAL (ENTRADA MANUAL)
77,10,2,144,85,0,0,6,0,235,543,FINAL (ENTRADA MANUAL)
77,10,3,147,92,0,0,5,0,244,544,FINAL (ENTRADA MANUAL)
77,11,1,153,115,0,0,6,0,274,496,FINAL (ENTRADA MANUAL)
77,11,2,136,111,0,0,7,0,254,496,FINAL (ENTRADA MANUAL)
77,11,3,139,112,1,0,2,0,254,497,FINAL (ENTRADA MANUAL)
77,12,1,140,120,0,0,8,0,268,511,FINAL (ENTRADA MANUAL)
77,12,2,124,136,1,0,5,0,266,511,FINAL (ENTRADA MANUAL)
77,12,3,117,120,0,0,16,0,253,511,FINAL (ENTRADA MANUAL)
77,12,4,113,117,0,0,8,0,238,511,FINAL (ENTRADA MANUAL)
77,13,1,136,109,0,0,25,0,270,628,FINAL (ENTRADA MANUAL)
77,13,2,159,108,0,0,22,0,289,628,FINAL (ENTRADA MANUAL)
77,14,1,139,108,0,0,19,0,266,564,FINAL (ENTRADA MANUAL)
77,14,2,141,115,0,0,11,0,267,564,FINAL (ENTRADA MANUAL)
77,14,3,141,87,3,0,14,0,245,565,FINAL (ENTRADA MANUAL)
77,15,1,144,93,0,0,18,0,255,462,FINAL (ENTRADA MANUAL)
77,15,2,140,89,0,0,9,0,238,462,FINAL (ENTRADA MANUAL)
77,15,3,134,84,1,0,2,0,221,462,FINAL (ENTRADA MANUAL)
77,15,4,108,101,2,0,3,0,214,460,FINAL (ENTRADA MANUAL)
77,16,1,111,124,0,0,25,0,260,449,FINAL (ENTRADA MANUAL)
77,16,2,112,120,1,0,16,0,249,449,FINAL (ENTRADA MANUAL)
77,16,3,128,120,0,0,2,0,248,449,FINAL (ENTRADA MANUAL)
77,17,1,159,104,0,0,17,0,280,534,FINAL (ENTRADA MANUAL)
77,17,2,158,133,0,0,7,0,298,533,FINAL (ENTRADA MANUAL)
77,18,1,73,84,0,0,6,0,163,351,FINAL (ENTRADA MANUAL)
77,19,1,52,117,0,0,7,0,176,403,FINAL (ENTRADA MANUAL)
77,20,1,99,71,0,0,3,0,173,335,FINAL (ENTRADA MANUAL)
77,21,1,104,66,0,0,12,0,182,370,FINAL (ENTRADA MANUAL)
77,22,1,124,129,0,0,9,0,262,503,FINAL (ENTRADA MANUAL)
77,22,2,118,103,0,0,5,0,226,503,FINAL (ENTRADA MANUAL)
77,22,3,122,97,0,0,10,0,229,504,FINAL (ENTRADA MANUAL)
77,74,1,21,45,0,0,2,0,68,0,FINAL (ENTRADA MANUAL)
77,74,2,18,44,0,0,2,0,64,0,FINAL (ENTRADA MANUAL)
77,74,3,29,40,0,0,3,0,72,0,FINAL (ENTRADA MANUAL)
77,74,4,26,47,0,0,0,0,73,0,FINAL (ENTRADA MANUAL)
77,74,5,0,0,0,0,0,0,0,0,FINAL (ENTRADA MANUAL)
77,75,1,16,23,0,0,1,3,43,0,FINAL (ENTRADA MANUAL)
77,75,2,0,0,0,0,0,0,0,0,FINAL (ENTRADA MANUAL)
77,75,3,0,0,0,0,0,0,0,0,FINAL (ENTRADA MANUAL)
77,77,1,462,365,1,0,6,0,834,0,FINAL (ENTRADA MANUAL)
77,77,2,12,33,0,0,0,0,45,0,FINAL (ENTRADA MANUAL)
77,77,3,159,136,0,0,16,10,321,0,FINAL (ENTRADA MANUAL)
77,77,5,0,0,0,0,0,0,0,0,FINAL (ENTRADA MANUAL)
77,78,1,42,56,0,0,5,1,104,0,FINAL (ENTRADA MANUAL)
77,78,2,0,0,0,0,0,0,0,0,FINAL (ENTRADA MANUAL)
77,78,3,0,0,0,0,0,0,0,0,FINAL (ENTRADA MANUAL)
78,1,1,115,123,0,0,5,0,243,546,FINAL (ENTRADA MANUAL)
78,1,2,124,110,0,0,3,0,237,546,FINAL (ENTRADA MANUAL)
78,1,3,124,111,1,0,5,0,241,546,FINAL (ENTRADA MANUAL)
78,1,4,105,113,0,0,1,0,219,546,FINAL (ENTRADA MANUAL)
78,1,5,109,108,0,0,10,0,227,546,FINAL (ENTRADA MANUAL)
78,2,1,92,90,0,0,26,0,208,590,FINAL (ENTRADA MANUAL)
78,2,2,81,111,0,0,5,0,197,590,FINAL (ENTRADA MANUAL)
78,3,1,137,134,0,0,6,0,277,481,FINAL (ENTRADA MANUAL)
78,3,2,87,97,0,0,6,0,190,481,FINAL (ENTRADA MANUAL)
78,3,3,136,126,0,0,10,0,272,481,FINAL (ENTRADA MANUAL)
78,4,1,152,115,0,0,13,0,280,594,FINAL (ENTRADA MANUAL)
78,4,2,119,103,2,0,20,0,244,594,FINAL (ENTRADA MANUAL)
78,4,3,131,105,0,0,8,0,244,594,FINAL (ENTRADA MANUAL)
78,4,4,104,133,0,0,5,0,242,594,FINAL (ENTRADA MANUAL)
78,4,5,124,84,0,0,11,0,219,594,FINAL (ENTRADA MANUAL)
78,4,6,118,112,0,0,8,0,238,594,FINAL (ENTRADA MANUAL)
78,5,1,108,110,0,0,4,0,222,472,FINAL (ENTRADA MANUAL)
78,6,1,128,105,0,0,4,0,237,520,FINAL (ENTRADA MANUAL)
78,6,2,109,85,0,0,6,0,200,520,FINAL (ENTRADA MANUAL)
78,6,3,96,83,0,0,11,0,190,520,FINAL (ENTRADA MANUAL)
78,6,4,143,95,0,0,12,0,250,520,FINAL (ENTRADA MANUAL)
78,7,1,96,112,0,0,2,0,210,510,FINAL (ENTRADA MANUAL)
78,7,2,110,89,0,0,5,0,204,511,FINAL (ENTRADA MANUAL)
78,8,1,156,114,2,0,8,0,280,546,FINAL (ENTRADA MANUAL)
78,8,2,119,76,0,0,55,0,250,546,FINAL (ENTRADA MANUAL)
78,9,1,108,131,0,0,17,0,256,595,FINAL (ENTRADA MANUAL)
78,9,2,117,124,1,0,4,0,246,595,FINAL (ENTRADA MANUAL)
78,9,3,101,125,0,0,9,0,235,595,FINAL (ENTRADA MANUAL)
78,10,1,56,78,1,0,3,0,138,392,FINAL (ENTRADA MANUAL)
78,10,2,49,59,0,0,17,0,125,392,FINAL (ENTRADA MANUAL)
78,11,1,51,98,0,0,2,0,151,352,FINAL (ENTRADA MANUAL)
78,11,2,44,67,0,0,5,0,116,352,FINAL (ENTRADA MANUAL)
78,11,3,35,68,0,0,3,0,106,351,FINAL (ENTRADA MANUAL)
78,12,1,82,74,0,0,13,0,169,452,FINAL (ENTRADA MANUAL)
78,74,1,71,59,0,0,2,0,132,0,FINAL (ENTRADA MANUAL)
78,74,2,58,54,0,0,1,0,113,0,FINAL (ENTRADA MANUAL)
78,74,3,43,15,0,0,6,0,64,0,FINAL (ENTRADA MANUAL)
78,75,1,1,0,0,0,0,0,1,0,FINAL (ENTRADA MANUAL)
78,75,2,0,1,0,0,0,0,1,0,FINAL (ENTRADA MANUAL)
78,75,3,2,0,0,0,0,0,2,0,FINAL (ENTRADA MANUAL)
78,75,4,37,36,0,0,4,0,77,0,FINAL (ENTRADA MANUAL)
78,77,1,240,343,0,0,5,0,588,0,FINAL (ENTRADA MANUAL)
78,77,2,0,0,0,0,0,0,0,0,FINAL (ENTRADA MANUAL)
78,77,3,388,440,0,0,24,17,869,0,FINAL (ENTRADA MANUAL)
78,77,5,0,0,0,0,0,0,0,0,FINAL (ENTRADA MANUAL)
78,78,1,39,51,0,0,2,0,92,0,FINAL (ENTRADA MANUAL)
78,78,2,0,0,0,0,0,0,0,0,FINAL (ENTRADA MANUAL)
78,78,3,0,0,0,0,0,0,0,0,FINAL (ENTRADA MANUAL)
79,1,1,79,96,0,0,16,0,191,354,FINAL (ENTRADA MANUAL)
79,1,2,92,76,0,0,8,0,176,355,FINAL (ENTRADA MANUAL)
79,2,1,90,113,0,0,16,0,219,423,FINAL (ENTRADA MANUAL)
79,2,2,85,93,0,0,28,0,206,423,FINAL (ENTRADA MANUAL)
79,3,1,63,84,0,0,8,0,155,382,FINAL (ENTRADA MANUAL)
79,4,1,74,142,1,0,3,0,220,453,FINAL (ENTRADA MANUAL)
79,5,1,72,127,0,0,13,0,212,521,FINAL (ENTRADA MANUAL)
79,6,1,91,100,0,0,6,0,197,391,FINAL (ENTRADA MANUAL)
79,7,1,59,55,0,0,3,0,117,392,FINAL (ENTRADA MANUAL)
79,8,1,68,66,0,0,6,0,140,311,FINAL (ENTRADA MANUAL)
79,9,1,114,96,0,0,7,0,217,530,FINAL (ENTRADA MANUAL)
79,9,2,103,98,0,0,9,0,210,530,FINAL (ENTRADA MANUAL)
79,9,3,110,103,0,0,5,0,218,530,FINAL (ENTRADA MANUAL)
79,9,4,114,95,0,0,9,0,218,530,FINAL (ENTRADA MANUAL)
79,9,5,95,95,0,0,12,0,202,530,FINAL (ENTRADA MANUAL)
79,10,1,108,130,0,0,7,0,245,674,FINAL (ENTRADA MANUAL)
79,10,2,120,117,0,0,3,0,240,673,FINAL (ENTRADA MANUAL)
79,11,1,117,115,0,0,5,0,237,497,FINAL (ENTRADA MANUAL)
79,11,2,112,121,0,0,4,0,237,497,FINAL (ENTRADA MANUAL)
79,11,3,109,113,0,0,8,0,230,497,FINAL (ENTRADA MANUAL)
79,11,4,103,98,0,0,30,0,231,497,FINAL (ENTRADA MANUAL)
79,11,5,125,91,0,0,8,0,224,496,FINAL (ENTRADA MANUAL)
79,12,1,124,111,0,0,13,0,248,562,FINAL (ENTRADA MANUAL)
79,12,2,121,97,0,0,8,0,226,562,FINAL (ENTRADA MANUAL)
79,13,1,100,115,1,0,7,0,223,593,FINAL (ENTRADA MANUAL)
79,13,2,110,91,0,0,9,0,210,593,FINAL (ENTRADA MANUAL)
79,13,3,102,105,0,0,9,0,216,592,FINAL (ENTRADA MANUAL)
79,14,1,110,91,0,0,9,0,210,536,FINAL (ENTRADA MANUAL)
79,14,2,113,121,0,0,1,0,236,537,FINAL (ENTRADA MANUAL)
79,15,1,80,98,0,0,4,0,182,426,FINAL (ENTRADA MANUAL)
79,15,2,71,88,0,0,7,0,166,426,FINAL (ENTRADA MANUAL)
79,15,3,91,77,0,0,2,0,170,426,FINAL (ENTRADA MANUAL)
79,16,1,89,81,0,0,5,0,175,436,FINAL (ENTRADA MANUAL)
79,16,2,87,72,1,0,5,0,165,436,FINAL (ENTRADA MANUAL)
79,16,3,79,82,0,0,16,0,177,436,FINAL (ENTRADA MANUAL)
79,17,1,127,141,0,0,4,0,272,581,FINAL (ENTRADA MANUAL)
79,17,2,121,124,1,0,4,0,250,581,FINAL (ENTRADA MANUAL)
79,17,3,119,117,1,0,29,0,266,581,FINAL (ENTRADA MANUAL)
79,17,4,113,109,0,0,21,0,243,581,FINAL (ENTRADA MANUAL)
79,17,5,122,135,0,0,10,0,267,580,FINAL (ENTRADA MANUAL)
79,18,1,84,87,0,0,0,0,171,346,FINAL (ENTRADA MANUAL)
79,18,2,92,68,0,0,1,0,161,345,FINAL (ENTRADA MANUAL)
79,19,1,118,135,0,0,2,0,255,472,FINAL (ENTRADA MANUAL)
79,19,2,137,137,1,0,5,0,279,472,FINAL (ENTRADA MANUAL)
79,19,3,115,139,0,0,9,0,263,472,FINAL (ENTRADA MANUAL)
79,19,4,103,136,0,0,8,0,247,470,FINAL (ENTRADA MANUAL)
79,20,1,139,115,0,0,2,0,256,566,FINAL (ENTRADA MANUAL)
79,20,2,147,107,1,0,6,0,261,566,FINAL (ENTRADA MANUAL)
79,20,3,135,122,0,0,7,0,264,566,FINAL (ENTRADA MANUAL)
79,20,4,111,117,0,0,3,0,231,566,FINAL (ENTRADA MANUAL)
79,20,5,125,122,0,0,5,0,252,565,FINAL (ENTRADA MANUAL)
79,21,1,147,118,0,0,3,0,268,552,FINAL (ENTRADA MANUAL)
79,21,2,122,118,1,0,1,0,242,552,FINAL (ENTRADA MANUAL)
79,21,3,123,108,0,0,9,0,240,552,FINAL (ENTRADA MANUAL)
79,74,1,48,28,0,0,0,0,76,0,FINAL (ENTRADA MANUAL)
79,74,2,48,28,0,0,0,0,76,0,FINAL (ENTRADA MANUAL)
79,75,1,1,1,0,0,0,0,2,0,FINAL (ENTRADA MANUAL)
79,75,2,0,0,0,0,0,0,0,0,FINAL (ENTRADA MANUAL)
79,77,1,438,653,1,0,0,0,1092,0,FINAL (ENTRADA MANUAL)
79,77,2,127,144,0,0,1,0,272,0,FINAL (ENTRADA MANUAL)
79,77,3,196,310,0,0,32,5,543,0,FINAL (ENTRADA MANUAL)
79,77,5,0,0,0,0,0,0,0,0,FINAL (ENTRADA MANUAL)
79,78,1,27,50,0,0,1,0,78,0,FINAL (ENTRADA MANUAL)
79,78,2,0,0,0,0,0,0,0,0,FINAL (ENTRADA MANUAL)
79,78,3,0,0,0,0,0,0,0,0,FINAL (ENTRADA MANUAL)
80,1,1,117,84,0,0,3,0,204,466,FINAL (ENTRADA MANUAL)
80,1,2,101,115,0,0,3,0,219,466,FINAL (ENTRADA MANUAL)
80,1,3,114,73,0,0,3,0,190,466,FINAL (ENTRADA MANUAL)
80,2,1,126,100,0,0,5,0,231,511,FINAL (ENTRADA MANUAL)
80,2,2,91,101,0,0,5,0,197,511,FINAL (ENTRADA MANUAL)
80,2,3,101,103,0,0,3,0,207,511,FINAL (ENTRADA MANUAL)
80,2,4,112,114,0,0,2,0,228,512,FINAL (ENTRADA MANUAL)
80,3,1,125,101,0,0,11,0,237,580,FINAL (ENTRADA MANUAL)
80,3,2,124,130,0,0,1,0,255,580,FINAL (ENTRADA MANUAL)
80,3,3,107,126,0,0,9,0,242,580,FINAL (ENTRADA MANUAL)
80,3,4,122,109,0,0,2,0,233,581,FINAL (ENTRADA MANUAL)
80,4,1,79,93,0,0,20,0,192,475,FINAL (ENTRADA MANUAL)
80,4,2,98,78,0,0,4,0,180,475,FINAL (ENTRADA MANUAL)
80,4,3,96,103,0,0,6,0,205,474,FINAL (ENTRADA MANUAL)
80,5,1,139,99,1,0,10,0,249,598,FINAL (ENTRADA MANUAL)
80,5,2,140,108,0,0,5,0,253,598,FINAL (ENTRADA MANUAL)
80,5,3,141,122,0,0,2,0,265,598,FINAL (ENTRADA MANUAL)
80,5,4,131,89,0,0,18,0,238,598,FINAL (ENTRADA MANUAL)
80,5,5,114,110,0,0,4,0,228,598,FINAL (ENTRADA MANUAL)
80,5,6,123,100,0,0,11,0,234,599,FINAL (ENTRADA MANUAL)
80,6,1,127,103,0,0,3,0,233,562,FINAL (ENTRADA MANUAL)
80,6,2,117,114,0,0,3,0,234,561,FINAL (ENTRADA MANUAL)
80,7,1,88,94,0,0,6,0,188,420,FINAL (ENTRADA MANUAL)
80,7,2,101,72,0,0,1,0,174,420,FINAL (ENTRADA MANUAL)
80,7,3,67,87,0,0,7,0,161,421,FINAL (ENTRADA MANUAL)
80,74,1,43,41,0,0,1,0,85,0,FINAL (ENTRADA MANUAL)
80,74,2,41,46,0,0,3,0,90,0,FINAL (ENTRADA MANUAL)
80,74,3,34,52,0,0,2,0,88,0,FINAL (ENTRADA MANUAL)
80,74,4,23,65,0,0,1,0,89,0,FINAL (ENTRADA MANUAL)
80,74,5,22,67,0,0,2,0,91,0,FINAL (ENTRADA MANUAL)
80,74,6,41,15,0,0,3,0,59,0,FINAL (ENTRADA MANUAL)
80,74,7,0,0,0,0,0,0,0,0,FINAL (ENTRADA MANUAL)
80,75,1,0,0,0,0,0,0,0,0,FINAL (ENTRADA MANUAL)
80,75,2,0,0,0,0,0,0,0,0,FINAL (ENTRADA MANUAL)
80,77,1,387,317,0,0,30,5,739,0,FINAL (ENTRADA MANUAL)
80,77,2,0,0,0,0,0,0,0,0,FINAL (ENTRADA MANUAL)
80,77,3,0,0,0,0,0,0,0,0,FINAL (ENTRADA MANUAL)
80,77,5,0,0,0,0,0,0,0,0,FINAL (ENTRADA MANUAL)
80,78,1,26,31,0,0,0,1,58,0,FINAL (ENTRADA MANUAL)
80,78,2,2,5,0,0,0,0,7,0,FINAL (ENTRADA MANUAL)
80,78,3,0,0,0,0,0,0,0,0,FINAL (ENTRADA MANUAL)
80,79,1,0,0,0,0,0,0,0,0,FINAL (ENTRADA MANUAL)
85,1,1,122,128,0,0,5,0,255,680,FINAL (ENTRADA MANUAL)
85,2,1,113,129,1,0,3,0,246,574,FINAL (ENTRADA MANUAL)
85,2,2,118,135,0,0,3,0,256,574,FINAL (ENTRADA MANUAL)
85,2,3,95,117,0,0,18,0,230,575,FINAL (ENTRADA MANUAL)
85,74,1,28,13,0,0,0,0,41,0,FINAL (ENTRADA MANUAL)
85,75,1,0,0,0,0,0,0,0,0,FINAL (ENTRADA MANUAL)
85,77,1,44,70,0,0,1,0,115,0,FINAL (ENTRADA MANUAL)
85,77,2,1,0,0,0,0,0,1,0,FINAL (ENTRADA MANUAL)
85,77,3,19,32,0,0,2,1,54,0,FINAL (ENTRADA MANUAL)
85,77,5,0,0,0,0,0,0,0,0,FINAL (ENTRADA MANUAL)
85,78,1,3,11,0,0,0,0,14,0,FINAL (ENTRADA MANUAL)
85,78,2,3,11,0,0,0,0,14,0,FINAL (ENTRADA MANUAL)
85,78,3,0,0,0,0,0,0,0,0,FINAL (ENTRADA MANUAL)
82,1,1,131,76,0,0,6,0,213,441,FINAL (ENTRADA MANUAL)
82,1,2,94,97,0,0,2,0,193,441,FINAL (ENTRADA MANUAL)
82,1,3,87,84,3,0,9,0,183,441,FINAL (ENTRADA MANUAL)
82,2,1,91,113,0,0,2,0,206,438,FINAL (ENTRADA MANUAL)
82,2,2,60,84,0,0,1,0,145,437,FINAL (ENTRADA MANUAL)
82,3,1,115,117,0,0,7,0,239,450,FINAL (ENTRADA MANUAL)
82,3,2,106,96,0,0,6,0,208,450,FINAL (ENTRADA MANUAL)
82,3,3,83,94,1,0,3,0,181,450,FINAL (ENTRADA MANUAL)
82,3,4,118,104,0,0,9,0,231,452,FINAL (ENTRADA MANUAL)
82,4,1,118,111,0,0,9,0,238,578,FINAL (ENTRADA MANUAL)
82,4,2,123,108,0,0,2,0,233,578,FINAL (ENTRADA MANUAL)
82,4,3,131,111,0,0,2,0,244,578,FINAL (ENTRADA MANUAL)
82,5,1,164,148,0,0,4,0,316,522,FINAL (ENTRADA MANUAL)
82,5,2,164,152,1,0,8,0,325,522,FINAL (ENTRADA MANUAL)
82,5,3,160,133,0,0,1,0,294,522,FINAL (ENTRADA MANUAL)
82,5,4,160,156,0,0,4,0,320,523,FINAL (ENTRADA MANUAL)
82,6,1,133,94,0,0,16,0,243,550,FINAL (ENTRADA MANUAL)
82,6,2,117,92,0,0,27,0,236,551,FINAL (ENTRADA MANUAL)
82,7,1,143,131,0,0,2,0,276,479,FINAL (ENTRADA MANUAL)
82,7,2,146,106,0,0,7,0,259,479,FINAL (ENTRADA MANUAL)
82,7,3,157,117,0,0,3,0,274,479,FINAL (ENTRADA MANUAL)
82,7,4,142,103,1,0,4,0,250,479,FINAL (ENTRADA MANUAL)
82,7,5,140,109,0,0,9,0,258,479,FINAL (ENTRADA MANUAL)
82,8,1,82,85,0,0,3,0,170,310,FINAL (ENTRADA MANUAL)
82,8,2,68,88,0,0,4,0,160,311,FINAL (ENTRADA MANUAL)
82,9,1,118,116,0,0,3,0,237,591,FINAL (ENTRADA MANUAL)
82,9,2,109,105,0,0,4,0,218,591,FINAL (ENTRADA MANUAL)
82,9,3,120,134,0,0,5,0,259,591,FINAL (ENTRADA MANUAL)
82,10,1,189,111,1,0,3,0,304,498,FINAL (ENTRADA MANUAL)
82,10,2,175,107,0,0,3,0,285,498,FINAL (ENTRADA MANUAL)
82,10,3,143,141,0,0,5,0,289,498,FINAL (ENTRADA MANUAL)
82,10,4,140,120,0,0,6,0,266,498,FINAL (ENTRADA MANUAL)
82,10,5,156,109,2,0,7,0,274,498,FINAL (ENTRADA MANUAL)
82,10,6,184,118,0,0,1,0,303,499,FINAL (ENTRADA MANUAL)
82,11,1,134,117,0,0,2,0,253,526,FINAL (ENTRADA MANUAL)
82,11,2,124,109,0,0,6,0,239,526,FINAL (ENTRADA MANUAL)
82,11,3,125,91,0,0,31,0,247,526,FINAL (ENTRADA MANUAL)
82,11,4,116,124,0,0,5,0,245,528,FINAL (ENTRADA MANUAL)
82,12,1,135,108,0,0,3,0,246,519,FINAL (ENTRADA MANUAL)
82,12,2,119,112,0,0,3,0,234,519,FINAL (ENTRADA MANUAL)
82,12,3,130,108,0,0,5,0,243,518,FINAL (ENTRADA MANUAL)
82,13,1,95,95,0,0,14,0,204,533,FINAL (ENTRADA MANUAL)
82,13,2,116,99,1,0,6,0,222,533,FINAL (ENTRADA MANUAL)
82,13,3,96,116,0,0,20,0,232,534,FINAL (ENTRADA MANUAL)
82,14,1,160,153,0,0,12,0,325,503,FINAL (ENTRADA MANUAL)
82,14,2,179,140,1,0,7,0,327,503,FINAL (ENTRADA MANUAL)
82,14,3,153,152,0,0,6,0,311,503,FINAL (ENTRADA MANUAL)
82,14,4,160,157,0,0,6,0,323,503,FINAL (ENTRADA MANUAL)
82,14,5,168,167,0,0,6,0,341,503,FINAL (ENTRADA MANUAL)
82,14,6,169,153,2,0,6,0,330,503,FINAL (ENTRADA MANUAL)
82,15,1,140,138,0,0,11,0,289,567,FINAL (ENTRADA MANUAL)
82,15,2,139,126,0,0,10,0,275,567,FINAL (ENTRADA MANUAL)
82,15,3,171,112,0,0,3,0,286,567,FINAL (ENTRADA MANUAL)
82,15,4,159,136,0,0,4,0,299,567,FINAL (ENTRADA MANUAL)
82,15,5,121,121,0,0,3,0,245,567,FINAL (ENTRADA MANUAL)
82,15,6,152,119,0,0,4,0,275,568,FINAL (ENTRADA MANUAL)
82,16,1,168,85,0,0,1,0,254,446,FINAL (ENTRADA MANUAL)
82,17,1,97,105,0,0,9,0,211,475,FINAL (ENTRADA MANUAL)
82,17,2,111,108,0,0,2,0,221,475,FINAL (ENTRADA MANUAL)
82,18,1,130,104,0,0,3,0,237,458,FINAL (ENTRADA MANUAL)
82,18,2,130,119,0,0,4,0,253,459,FINAL (ENTRADA MANUAL)
82,74,1,59,37,0,0,0,0,96,0,FINAL (ENTRADA MANUAL)
82,74,2,63,47,0,0,5,0,115,0,FINAL (ENTRADA MANUAL)
82,74,3,60,28,0,0,5,0,93,0,FINAL (ENTRADA MANUAL)
82,74,4,0,0,0,0,0,0,0,0,FINAL (ENTRADA MANUAL)
82,75,1,0,4,0,0,0,1,5,0,FINAL (ENTRADA MANUAL)
82,75,2,1,0,0,0,0,0,1,0,FINAL (ENTRADA MANUAL)
82,77,1,363,569,0,0,35,0,967,0,FINAL (ENTRADA MANUAL)
82,77,2,93,84,0,0,1,0,178,0,FINAL (ENTRADA MANUAL)
82,77,3,11,13,0,0,0,0,24,0,FINAL (ENTRADA MANUAL)
82,77,5,0,0,0,0,0,0,0,0,FINAL (ENTRADA MANUAL)
82,78,1,36,46,0,0,2,0,84,0,FINAL (ENTRADA MANUAL)
82,78,2,0,0,0,0,0,0,0,0,FINAL (ENTRADA MANUAL)
82,78,3,0,0,0,0,0,0,0,0,FINAL (ENTRADA MANUAL)
83,1,1,148,118,0,0,2,0,268,609,FINAL (ENTRADA MANUAL)
83,1,2,144,109,0,0,2,0,255,609,FINAL (ENTRADA MANUAL)
83,1,3,115,98,0,0,3,0,216,609,FINAL (ENTRADA MANUAL)
83,1,4,155,125,0,0,5,0,285,610,FINAL (ENTRADA MANUAL)
83,2,1,95,122,3,0,16,0,236,520,FINAL (ENTRADA MANUAL)
83,2,2,99,121,0,0,2,0,222,520,FINAL (ENTRADA MANUAL)
83,2,3,101,116,0,0,8,0,225,520,FINAL (ENTRADA MANUAL)
83,2,4,80,126,0,0,7,0,213,518,FINAL (ENTRADA MANUAL)
83,3,1,137,96,0,0,39,0,272,577,FINAL (ENTRADA MANUAL)
83,3,2,148,103,1,0,5,0,257,577,FINAL (ENTRADA MANUAL)
83,3,3,121,110,0,0,4,0,235,577,FINAL (ENTRADA MANUAL)
83,3,4,174,111,0,0,5,0,290,576,FINAL (ENTRADA MANUAL)
83,4,1,120,151,0,0,9,0,280,685,FINAL (ENTRADA MANUAL)
83,4,2,103,111,0,0,53,0,267,685,FINAL (ENTRADA MANUAL)
83,5,1,115,114,1,0,23,0,253,519,FINAL (ENTRADA MANUAL)
83,5,2,108,116,0,0,4,0,228,519,FINAL (ENTRADA MANUAL)
83,5,3,115,128,0,0,6,0,249,519,FINAL (ENTRADA MANUAL)
83,5,4,114,112,0,0,5,0,231,519,FINAL (ENTRADA MANUAL)
83,5,5,134,116,0,0,6,0,256,521,FINAL (ENTRADA MANUAL)
83,6,1,121,89,0,0,0,0,210,503,FINAL (ENTRADA MANUAL)
83,6,2,112,120,1,0,3,0,236,503,FINAL (ENTRADA MANUAL)
83,6,3,137,111,0,0,4,0,252,502,FINAL (ENTRADA MANUAL)
83,7,1,99,64,0,0,4,0,167,312,FINAL (ENTRADA MANUAL)
83,7,2,99,68,0,0,2,0,169,312,FINAL (ENTRADA MANUAL)
83,8,1,73,101,0,0,1,0,175,452,FINAL (ENTRADA MANUAL)
83,8,2,59,104,0,0,29,0,192,452,FINAL (ENTRADA MANUAL)
83,9,1,129,119,0,0,7,0,255,683,FINAL (ENTRADA MANUAL)
83,10,1,118,97,0,0,11,0,226,643,FINAL (ENTRADA MANUAL)
83,10,2,132,104,0,0,16,0,252,643,FINAL (ENTRADA MANUAL)
83,10,3,118,139,0,0,4,0,261,644,FINAL (ENTRADA MANUAL)
83,11,1,87,186,0,0,6,0,279,537,FINAL (ENTRADA MANUAL)
83,11,2,98,184,0,0,9,0,291,537,FINAL (ENTRADA MANUAL)
83,12,1,110,105,0,0,5,0,220,486,FINAL (ENTRADA MANUAL)
83,12,2,105,112,0,0,2,0,219,487,FINAL (ENTRADA MANUAL)
83,13,1,142,101,0,0,6,0,249,505,FINAL (ENTRADA MANUAL)
83,13,2,107,119,0,0,10,0,236,505,FINAL (ENTRADA MANUAL)
83,13,3,118,110,0,0,3,0,231,505,FINAL (ENTRADA MANUAL)
83,13,4,125,97,0,0,11,0,233,504,FINAL (ENTRADA MANUAL)
83,14,1,136,109,1,0,8,0,254,512,FINAL (ENTRADA MANUAL)
83,14,2,80,106,0,0,23,0,209,512,FINAL (ENTRADA MANUAL)
83,14,3,113,107,0,0,5,0,225,512,FINAL (ENTRADA MANUAL)
83,14,4,116,121,1,0,4,0,242,512,FINAL (ENTRADA MANUAL)
83,14,5,118,87,0,0,16,0,221,513,FINAL (ENTRADA MANUAL)
83,15,1,81,92,0,0,14,0,187,648,FINAL (ENTRADA MANUAL)
83,15,2,78,90,0,0,5,0,173,648,FINAL (ENTRADA MANUAL)
83,16,1,111,115,0,0,15,0,241,595,FINAL (ENTRADA MANUAL)
83,16,2,126,138,0,0,7,0,271,595,FINAL (ENTRADA MANUAL)
83,16,3,117,107,0,0,3,0,227,596,FINAL (ENTRADA MANUAL)
83,17,1,111,99,0,0,1,0,211,441,FINAL (ENTRADA MANUAL)
83,17,2,85,119,0,0,12,0,216,441,FINAL (ENTRADA MANUAL)
83,17,3,82,106,0,0,5,0,193,440,FINAL (ENTRADA MANUAL)
83,18,1,107,159,0,0,9,0,275,449,FINAL (ENTRADA MANUAL)
83,19,1,134,145,0,0,3,0,282,557,FINAL (ENTRADA MANUAL)
83,19,2,142,115,0,0,2,0,259,557,FINAL (ENTRADA MANUAL)
83,19,3,151,112,1,0,2,0,266,557,FINAL (ENTRADA MANUAL)
83,19,4,121,121,0,0,4,0,246,557,FINAL (ENTRADA MANUAL)
83,19,5,144,106,0,0,7,0,257,559,FINAL (ENTRADA MANUAL)
83,20,1,138,148,0,0,4,0,290,590,FINAL (ENTRADA MANUAL)
83,20,2,163,130,1,0,7,0,301,590,FINAL (ENTRADA MANUAL)
83,20,3,135,130,0,0,1,0,266,590,FINAL (ENTRADA MANUAL)
83,20,4,111,106,0,0,4,0,221,590,FINAL (ENTRADA MANUAL)
83,20,5,133,123,0,0,14,0,270,590,FINAL (ENTRADA MANUAL)
83,20,6,148,102,0,0,12,0,263,587,FINAL (ENTRADA MANUAL)
83,21,1,123,130,0,0,2,0,255,595,FINAL (ENTRADA MANUAL)
83,21,2,140,136,0,0,1,0,277,595,FINAL (ENTRADA MANUAL)
83,21,3,119,126,0,0,11,0,256,595,FINAL (ENTRADA MANUAL)
83,21,4,121,128,0,0,9,0,258,595,FINAL (ENTRADA MANUAL)
83,21,5,138,104,0,0,5,0,247,594,FINAL (ENTRADA MANUAL)
83,22,1,112,125,0,0,11,0,248,508,FINAL (ENTRADA MANUAL)
83,22,2,111,112,0,0,4,0,227,508,FINAL (ENTRADA MANUAL)
83,22,3,125,107,0,0,4,0,236,507,FINAL (ENTRADA MANUAL)
83,23,1,137,124,1,0,10,0,272,624,FINAL (ENTRADA MANUAL)
83,23,2,123,134,0,0,8,0,265,624,FINAL (ENTRADA MANUAL)
83,23,3,122,126,0,0,13,0,261,623,FINAL (ENTRADA MANUAL)
83,24,1,137,153,0,0,3,0,293,635,FINAL (ENTRADA MANUAL)
83,24,2,117,142,0,0,6,0,265,635,FINAL (ENTRADA MANUAL)
83,24,3,142,137,0,0,1,0,280,635,FINAL (ENTRADA MANUAL)
83,24,4,130,121,0,0,7,0,258,635,FINAL (ENTRADA MANUAL)
83,25,1,127,117,0,0,2,0,246,509,FINAL (ENTRADA MANUAL)
83,25,2,126,111,0,0,10,0,247,509,FINAL (ENTRADA MANUAL)
83,25,3,105,112,0,0,5,0,222,509,FINAL (ENTRADA MANUAL)
83,25,4,130,123,0,0,6,0,259,509,FINAL (ENTRADA MANUAL)
83,25,5,145,93,0,0,5,0,243,507,FINAL (ENTRADA MANUAL)
83,26,1,123,121,0,0,1,0,245,524,FINAL (ENTRADA MANUAL)
83,26,2,151,116,0,0,6,0,273,524,FINAL (ENTRADA MANUAL)
83,26,3,139,130,0,0,1,0,270,524,FINAL (ENTRADA MANUAL)
83,26,4,128,127,0,0,11,0,266,524,FINAL (ENTRADA MANUAL)
83,26,5,119,109,0,0,6,0,234,523,FINAL (ENTRADA MANUAL)
83,27,1,110,98,0,0,13,0,221,480,FINAL (ENTRADA MANUAL)
83,27,2,119,79,1,0,9,0,208,479,FINAL (ENTRADA MANUAL)
83,28,1,154,121,1,0,4,0,280,526,FINAL (ENTRADA MANUAL)
83,28,2,113,113,0,0,15,0,241,526,FINAL (ENTRADA MANUAL)
83,28,3,143,93,0,0,12,0,248,526,FINAL (ENTRADA MANUAL)
83,29,1,143,128,0,0,15,0,286,605,FINAL (ENTRADA MANUAL)
83,29,2,149,137,0,0,26,0,312,605,FINAL (ENTRADA MANUAL)
83,29,3,127,137,0,0,9,0,273,606,FINAL (ENTRADA MANUAL)
83,30,1,112,157,0,0,1,0,270,544,FINAL (ENTRADA MANUAL)
83,31,1,126,103,0,0,9,0,238,544,FINAL (ENTRADA MANUAL)
83,31,2,125,125,0,0,12,0,262,544,FINAL (ENTRADA MANUAL)
83,31,3,116,130,0,0,6,0,252,544,FINAL (ENTRADA MANUAL)
83,31,4,112,144,1,0,4,0,261,543,FINAL (ENTRADA MANUAL)
83,32,1,131,138,0,0,9,0,278,545,FINAL (ENTRADA MANUAL)
83,32,2,157,106,0,0,6,0,269,545,FINAL (ENTRADA MANUAL)
83,32,3,148,120,0,0,5,0,273,545,FINAL (ENTRADA MANUAL)
83,32,4,138,129,1,0,5,0,273,545,FINAL (ENTRADA MANUAL)
83,32,5,121,110,0,0,11,0,242,543,FINAL (ENTRADA MANUAL)
83,74,1,30,32,0,0,2,0,64,0,FINAL (ENTRADA MANUAL)
83,74,2,52,34,0,0,1,0,87,0,FINAL (ENTRADA MANUAL)
83,74,3,45,26,0,0,15,0,86,0,FINAL (ENTRADA MANUAL)
83,74,4,23,17,0,0,3,0,43,0,FINAL (ENTRADA MANUAL)
83,74,5,35,33,0,0,1,0,69,0,FINAL (ENTRADA MANUAL)
83,75,1,3,6,0,0,0,0,9,0,FINAL (ENTRADA MANUAL)
83,75,2,0,0,0,0,0,0,0,0,FINAL (ENTRADA MANUAL)
83,75,3,41,42,0,0,3,2,88,0,FINAL (ENTRADA MANUAL)
83,75,4,0,0,0,0,0,0,0,0,FINAL (ENTRADA MANUAL)
83,77,1,1104,1766,0,0,33,7,2910,0,FINAL (ENTRADA MANUAL)
83,77,2,143,171,0,0,0,0,314,0,FINAL (ENTRADA MANUAL)
83,77,3,0,0,0,0,0,0,0,0,FINAL (ENTRADA MANUAL)
83,77,5,0,0,0,0,0,0,0,0,FINAL (ENTRADA MANUAL)
83,78,1,117,113,0,0,3,0,233,0,FINAL (ENTRADA MANUAL)
83,78,2,0,0,0,0,0,0,0,0,FINAL (ENTRADA MANUAL)
83,78,3,0,0,0,0,0,0,0,0,FINAL (ENTRADA MANUAL)
84,1,1,86,119,0,0,3,0,208,461,FINAL (ENTRADA MANUAL)
84,1,2,96,104,0,0,11,0,211,461,FINAL (ENTRADA MANUAL)
84,1,3,86,136,0,0,1,0,223,461,FINAL (ENTRADA MANUAL)
84,1,4,106,111,0,0,2,0,219,461,FINAL (ENTRADA MANUAL)
84,2,1,86,105,0,0,6,0,197,443,FINAL (ENTRADA MANUAL)
84,2,2,94,107,0,0,6,0,207,443,FINAL (ENTRADA MANUAL)
84,2,3,61,122,0,0,6,0,189,444,FINAL (ENTRADA MANUAL)
84,3,1,87,122,0,0,4,0,213,550,FINAL (ENTRADA MANUAL)
84,3,2,60,140,0,0,7,0,207,551,FINAL (ENTRADA MANUAL)
84,4,1,120,119,1,0,8,0,248,576,FINAL (ENTRADA MANUAL)
84,4,2,113,136,0,0,5,0,254,576,FINAL (ENTRADA MANUAL)
84,4,3,124,143,0,0,2,0,269,576,FINAL (ENTRADA MANUAL)
84,4,4,113,135,0,0,7,0,255,578,FINAL (ENTRADA MANUAL)
84,5,1,98,109,0,0,7,0,214,512,FINAL (ENTRADA MANUAL)
84,5,2,87,105,1,0,5,0,198,512,FINAL (ENTRADA MANUAL)
84,5,3,98,119,3,0,5,0,225,512,FINAL (ENTRADA MANUAL)
84,5,4,100,110,0,0,8,0,218,512,FINAL (ENTRADA MANUAL)
84,5,5,89,92,0,0,5,0,186,512,FINAL (ENTRADA MANUAL)
84,6,1,156,148,1,0,9,0,314,571,FINAL (ENTRADA MANUAL)
84,6,2,153,133,0,0,4,0,290,571,FINAL (ENTRADA MANUAL)
84,6,3,165,140,1,0,8,0,314,571,FINAL (ENTRADA MANUAL)
84,6,4,150,152,0,0,3,0,305,571,FINAL (ENTRADA MANUAL)
84,6,5,178,122,1,0,1,0,302,571,FINAL (ENTRADA MANUAL)
84,6,6,155,146,1,0,7,0,309,571,FINAL (ENTRADA MANUAL)
84,6,7,155,160,0,0,3,0,318,571,FINAL (ENTRADA MANUAL)
84,6,8,176,133,0,0,5,0,314,574,FINAL (ENTRADA MANUAL)
84,7,1,95,138,0,0,8,0,241,563,FINAL (ENTRADA MANUAL)
84,7,2,100,129,1,0,6,0,236,563,FINAL (ENTRADA MANUAL)
84,7,3,110,119,1,0,6,0,236,563,FINAL (ENTRADA MANUAL)
84,7,4,115,124,0,0,3,0,242,563,FINAL (ENTRADA MANUAL)
84,7,5,96,145,0,0,4,0,245,563,FINAL (ENTRADA MANUAL)
84,7,6,121,114,0,0,0,0,235,563,FINAL (ENTRADA MANUAL)
84,7,7,113,139,0,0,13,0,265,563,FINAL (ENTRADA MANUAL)
84,7,8,110,133,0,0,4,0,247,566,FINAL (ENTRADA MANUAL)
84,8,1,155,127,0,0,3,0,285,473,FINAL (ENTRADA MANUAL)
84,8,2,137,105,0,0,5,0,247,473,FINAL (ENTRADA MANUAL)
84,8,3,146,108,0,0,4,0,258,473,FINAL (ENTRADA MANUAL)
84,8,4,153,120,0,0,3,0,276,473,FINAL (ENTRADA MANUAL)
84,8,5,140,121,0,0,3,0,264,473,FINAL (ENTRADA MANUAL)
84,8,6,156,118,0,0,6,0,280,473,FINAL (ENTRADA MANUAL)
84,8,7,123,130,0,0,8,0,261,474,FINAL (ENTRADA MANUAL)
84,9,1,85,141,0,0,12,0,238,501,FINAL (ENTRADA MANUAL)
84,9,2,92,146,0,0,9,0,247,501,FINAL (ENTRADA MANUAL)
84,9,3,119,129,0,0,5,0,253,501,FINAL (ENTRADA MANUAL)
84,9,4,108,113,0,0,9,0,230,501,FINAL (ENTRADA MANUAL)
84,9,5,104,133,0,0,6,1,243,500,FINAL (ENTRADA MANUAL)
84,10,1,113,133,0,0,8,0,254,549,FINAL (ENTRADA MANUAL)
84,10,2,142,129,0,0,4,0,275,549,FINAL (ENTRADA MANUAL)
84,10,3,121,125,0,0,3,0,249,549,FINAL (ENTRADA MANUAL)
84,10,4,137,131,0,0,1,0,269,549,FINAL (ENTRADA MANUAL)
84,10,5,128,135,0,0,1,0,264,549,FINAL (ENTRADA MANUAL)
84,10,6,122,140,0,0,5,0,267,549,FINAL (ENTRADA MANUAL)
84,10,7,125,143,0,0,7,0,275,548,FINAL (ENTRADA MANUAL)
84,74,1,29,71,0,0,0,0,100,0,FINAL (ENTRADA MANUAL)
84,74,2,14,67,0,0,2,0,83,0,FINAL (ENTRADA MANUAL)
84,74,3,18,75,0,0,1,0,94,0,FINAL (ENTRADA MANUAL)
84,74,4,5,38,0,0,8,0,51,0,FINAL (ENTRADA MANUAL)
84,74,5,6,46,0,0,1,0,53,0,FINAL (ENTRADA MANUAL)
84,74,6,27,67,0,0,3,0,97,0,FINAL (ENTRADA MANUAL)
84,74,7,13,44,0,0,3,0,60,0,FINAL (ENTRADA MANUAL)
84,74,8,10,48,0,0,2,0,60,0,FINAL (ENTRADA MANUAL)
84,74,9,33,49,0,0,0,0,82,0,FINAL (ENTRADA MANUAL)
84,74,10,11,50,0,0,5,0,66,0,FINAL (ENTRADA MANUAL)
84,74,11,13,40,0,0,4,0,57,0,FINAL (ENTRADA MANUAL)
84,74,12,9,43,0,0,3,0,55,0,FINAL (ENTRADA MANUAL)
84,75,1,0,0,0,0,0,0,0,0,FINAL (ENTRADA MANUAL)
84,75,2,0,4,0,0,0,0,4,0,FINAL (ENTRADA MANUAL)
84,75,3,4,8,0,0,0,1,13,0,FINAL (ENTRADA MANUAL)
84,75,4,0,0,0,0,0,0,0,0,FINAL (ENTRADA MANUAL)
84,75,5,0,0,0,0,0,0,0,0,FINAL (ENTRADA MANUAL)
84,75,6,0,0,0,0,0,0,0,0,FINAL (ENTRADA MANUAL)
84,77,1,446,711,0,0,79,0,1236,0,FINAL (ENTRADA MANUAL)
84,77,2,115,192,0,0,0,0,307,0,FINAL (ENTRADA MANUAL)
84,77,3,11,10,0,0,1,0,22,0,FINAL (ENTRADA MANUAL)
84,77,5,0,0,0,0,0,0,0,0,FINAL (ENTRADA MANUAL)
84,78,1,39,55,0,0,3,0,97,0,FINAL (ENTRADA MANUAL)
84,78,2,0,1,0,0,0,0,1,0,FINAL (ENTRADA MANUAL)
84,78,3,0,0,0,0,0,0,0,0,FINAL (ENTRADA MANUAL)
86,1,1,114,140,0,0,4,0,258,497,FINAL (ENTRADA MANUAL)
86,1,2,121,125,1,0,8,0,255,497,FINAL (ENTRADA MANUAL)
86,1,3,121,121,0,0,16,0,258,497,FINAL (ENTRADA MANUAL)
86,1,4,111,130,0,0,5,0,246,498,FINAL (ENTRADA MANUAL)
86,2,1,126,132,1,0,12,0,271,589,FINAL (ENTRADA MANUAL)
86,2,2,129,125,0,0,15,0,269,589,FINAL (ENTRADA MANUAL)
86,3,1,109,119,0,0,7,0,235,466,FINAL (ENTRADA MANUAL)
86,3,2,109,87,1,0,11,0,208,465,FINAL (ENTRADA MANUAL)
86,4,1,98,132,1,0,22,0,253,568,FINAL (ENTRADA MANUAL)
86,4,2,92,121,3,0,12,0,228,568,FINAL (ENTRADA MANUAL)
86,4,3,96,135,1,0,10,0,242,567,FINAL (ENTRADA MANUAL)
86,5,1,73,111,0,0,11,0,195,435,FINAL (ENTRADA MANUAL)
86,5,2,84,102,0,0,31,0,217,435,FINAL (ENTRADA MANUAL)
86,5,3,77,101,0,0,8,0,186,436,FINAL (ENTRADA MANUAL)
86,6,1,74,113,0,0,5,0,192,490,FINAL (ENTRADA MANUAL)
86,6,2,92,83,1,0,6,0,182,490,FINAL (ENTRADA MANUAL)
86,6,3,69,89,0,0,8,0,166,490,FINAL (ENTRADA MANUAL)
86,7,1,110,122,0,0,3,0,235,482,FINAL (ENTRADA MANUAL)
86,7,2,103,96,0,0,10,0,209,482,FINAL (ENTRADA MANUAL)
86,7,3,116,109,0,0,5,0,230,482,FINAL (ENTRADA MANUAL)
86,7,4,116,108,0,0,3,0,227,482,FINAL (ENTRADA MANUAL)
86,7,5,95,110,0,0,7,0,212,484,FINAL (ENTRADA MANUAL)
86,8,1,133,113,0,0,8,0,254,519,FINAL (ENTRADA MANUAL)
86,8,2,111,115,0,0,14,0,240,519,FINAL (ENTRADA MANUAL)
86,8,3,97,112,1,0,8,0,218,519,FINAL (ENTRADA MANUAL)
86,8,4,97,114,0,0,7,0,218,519,FINAL (ENTRADA MANUAL)
86,8,5,93,137,0,0,5,0,235,521,FINAL (ENTRADA MANUAL)
86,74,1,41,24,0,0,5,0,70,0,FINAL (ENTRADA MANUAL)
86,74,2,46,15,0,0,3,0,64,0,FINAL (ENTRADA MANUAL)
86,74,3,36,23,0,0,1,0,60,0,FINAL (ENTRADA MANUAL)
86,75,1,0,2,0,0,0,1,3,0,FINAL (ENTRADA MANUAL)
86,77,1,347,444,0,0,0,0,791,0,FINAL (ENTRADA MANUAL)
86,77,2,68,183,0,0,3,0,254,0,FINAL (ENTRADA MANUAL)
86,77,3,3,5,0,0,0,0,8,0,FINAL (ENTRADA MANUAL)
86,77,5,0,0,0,0,0,0,0,0,FINAL (ENTRADA MANUAL)
86,78,1,14,34,0,0,3,0,51,0,FINAL (ENTRADA MANUAL)
86,78,2,0,0,0,0,0,0,0,0,FINAL (ENTRADA MANUAL)
86,78,3,0,0,0,0,0,0,0,0,FINAL (ENTRADA MANUAL)
87,1,1,134,132,0,0,3,0,269,606,FINAL (ENTRADA MANUAL)
87,1,2,126,138,1,0,12,0,277,606,FINAL (ENTRADA MANUAL)
87,1,3,117,115,0,0,3,0,235,606,FINAL (ENTRADA MANUAL)
87,1,4,133,127,0,0,1,0,261,606,FINAL (ENTRADA MANUAL)
87,1,5,146,115,0,0,1,0,262,605,FINAL (ENTRADA MANUAL)
87,2,1,120,95,0,0,5,0,220,491,FINAL (ENTRADA MANUAL)
87,2,2,130,92,0,0,8,0,230,491,FINAL (ENTRADA MANUAL)
87,2,3,127,104,0,0,15,0,246,491,FINAL (ENTRADA MANUAL)
87,2,4,121,102,0,0,8,0,231,491,FINAL (ENTRADA MANUAL)
87,2,5,113,107,1,0,4,0,225,490,FINAL (ENTRADA MANUAL)
87,3,1,111,136,0,0,14,0,261,543,FINAL (ENTRADA MANUAL)
87,3,2,123,163,0,0,6,0,292,543,FINAL (ENTRADA MANUAL)
87,3,3,121,134,0,0,12,0,267,543,FINAL (ENTRADA MANUAL)
87,3,4,114,122,0,0,5,0,241,543,FINAL (ENTRADA MANUAL)
87,3,5,118,138,1,0,4,0,261,545,FINAL (ENTRADA MANUAL)
87,4,1,113,134,0,0,9,0,256,570,FINAL (ENTRADA MANUAL)
87,4,2,116,141,0,0,5,0,262,570,FINAL (ENTRADA MANUAL)
87,5,1,130,152,2,0,4,0,288,583,FINAL (ENTRADA MANUAL)
87,5,2,103,139,0,0,8,0,250,583,FINAL (ENTRADA MANUAL)
87,5,3,109,141,0,0,1,0,252,583,FINAL (ENTRADA MANUAL)
87,5,4,121,148,0,0,12,0,281,583,FINAL (ENTRADA MANUAL)
87,5,5,98,140,0,0,9,0,247,585,FINAL (ENTRADA MANUAL)
87,6,1,99,151,0,0,10,0,260,621,FINAL (ENTRADA MANUAL)
87,6,2,98,163,0,0,8,0,269,621,FINAL (ENTRADA MANUAL)
87,6,3,101,162,0,0,8,0,271,621,FINAL (ENTRADA MANUAL)
87,6,4,130,139,0,0,7,0,276,620,FINAL (ENTRADA MANUAL)
87,74,1,46,10,0,0,6,0,62,0,FINAL (ENTRADA MANUAL)
87,74,2,46,15,0,0,0,0,61,0,FINAL (ENTRADA MANUAL)
87,74,3,34,13,0,0,1,0,48,0,FINAL (ENTRADA MANUAL)
87,75,1,1,3,0,0,0,0,4,0,FINAL (ENTRADA MANUAL)
87,77,1,349,460,0,0,0,0,809,0,FINAL (ENTRADA MANUAL)
87,77,2,33,313,0,0,0,0,346,0,FINAL (ENTRADA MANUAL)
87,77,3,76,214,0,0,22,9,321,0,FINAL (ENTRADA MANUAL)
87,77,5,0,0,0,0,0,0,0,0,FINAL (ENTRADA MANUAL)
87,78,1,0,0,0,0,0,0,0,0,FINAL (ENTRADA MANUAL)
87,78,2,19,25,0,0,0,0,44,0,FINAL (ENTRADA MANUAL)
87,78,3,0,0,0,0,0,0,0,0,FINAL (ENTRADA MANUAL)
88,1,1,125,135,0,0,1,0,261,482,FINAL (ENTRADA MANUAL)
88,1,2,124,123,1,0,4,0,252,482,FINAL (ENTRADA MANUAL)
88,1,3,90,135,0,0,5,0,230,482,FINAL (ENTRADA MANUAL)
88,2,1,127,173,0,0,7,0,307,605,FINAL (ENTRADA MANUAL)
88,2,2,128,173,0,0,6,0,307,605,FINAL (ENTRADA MANUAL)
88,2,3,98,184,0,0,10,0,292,605,FINAL (ENTRADA MANUAL)
88,3,1,99,105,0,0,7,0,211,323,FINAL (ENTRADA MANUAL)
88,3,2,66,79,0,0,3,0,148,323,FINAL (ENTRADA MANUAL)
88,4,1,129,93,0,0,6,0,228,464,FINAL (ENTRADA MANUAL)
88,4,2,125,103,0,0,6,0,234,464,FINAL (ENTRADA MANUAL)
88,4,3,129,99,0,0,5,0,233,464,FINAL (ENTRADA MANUAL)
88,4,4,137,76,0,0,20,0,233,463,FINAL (ENTRADA MANUAL)
88,5,1,106,121,0,0,13,0,240,535,FINAL (ENTRADA MANUAL)
88,6,1,105,139,0,0,3,0,247,414,FINAL (ENTRADA MANUAL)
88,6,2,108,141,0,0,2,0,251,415,FINAL (ENTRADA MANUAL)
88,7,1,114,118,0,0,1,0,233,524,FINAL (ENTRADA MANUAL)
88,7,2,98,131,0,0,20,0,249,524,FINAL (ENTRADA MANUAL)
88,7,3,125,102,0,0,19,0,246,523,FINAL (ENTRADA MANUAL)
88,8,1,130,100,0,0,16,0,246,543,FINAL (ENTRADA MANUAL)
88,8,2,128,89,1,0,8,0,226,543,FINAL (ENTRADA MANUAL)
88,8,3,125,108,0,0,17,0,250,544,FINAL (ENTRADA MANUAL)
88,9,1,115,167,0,0,5,0,287,551,FINAL (ENTRADA MANUAL)
88,9,2,113,153,0,0,6,0,272,551,FINAL (ENTRADA MANUAL)
88,9,3,106,165,0,0,3,0,274,552,FINAL (ENTRADA MANUAL)
88,10,1,108,130,0,0,3,0,241,573,FINAL (ENTRADA MANUAL)
88,10,2,111,129,0,0,2,0,242,573,FINAL (ENTRADA MANUAL)
88,10,3,100,122,0,0,13,0,235,573,FINAL (ENTRADA MANUAL)
88,11,1,154,110,1,0,14,0,279,552,FINAL (ENTRADA MANUAL)
88,11,2,130,142,0,0,12,0,284,552,FINAL (ENTRADA MANUAL)
88,11,3,135,165,0,0,16,0,316,552,FINAL (ENTRADA MANUAL)
88,11,4,138,131,1,0,7,0,277,554,FINAL (ENTRADA MANUAL)
88,12,1,97,162,0,0,13,0,272,525,FINAL (ENTRADA MANUAL)
88,12,2,108,155,0,0,1,0,264,525,FINAL (ENTRADA MANUAL)
88,12,3,111,126,1,0,9,0,247,525,FINAL (ENTRADA MANUAL)
88,12,4,120,111,0,0,6,0,237,525,FINAL (ENTRADA MANUAL)
88,12,5,117,118,0,0,2,0,237,524,FINAL (ENTRADA MANUAL)
88,13,1,105,135,1,0,1,0,242,503,FINAL (ENTRADA MANUAL)
88,13,2,104,127,0,0,2,0,233,503,FINAL (ENTRADA MANUAL)
88,13,3,100,81,0,0,9,0,190,503,FINAL (ENTRADA MANUAL)
88,13,4,125,93,0,0,2,0,220,502,FINAL (ENTRADA MANUAL)
88,14,1,125,137,0,0,1,0,263,548,FINAL (ENTRADA MANUAL)
88,14,2,127,122,0,0,5,0,254,548,FINAL (ENTRADA MANUAL)
88,15,1,126,143,0,0,0,0,269,525,FINAL (ENTRADA MANUAL)
88,15,2,125,140,1,0,7,0,273,525,FINAL (ENTRADA MANUAL)
88,15,3,138,133,1,0,0,0,272,525,FINAL (ENTRADA MANUAL)
88,15,4,135,143,1,0,1,0,280,525,FINAL (ENTRADA MANUAL)
88,15,5,141,129,0,0,9,0,279,526,FINAL (ENTRADA MANUAL)
88,74,1,36,23,0,0,4,0,63,0,FINAL (ENTRADA MANUAL)
88,74,2,23,31,0,0,7,0,61,0,FINAL (ENTRADA MANUAL)
88,74,3,42,25,0,0,0,0,67,0,FINAL (ENTRADA MANUAL)
88,75,1,0,0,0,0,0,0,0,0,FINAL (ENTRADA MANUAL)
88,75,2,0,3,0,0,0,0,3,0,FINAL (ENTRADA MANUAL)
88,75,3,0,0,0,0,0,0,0,0,FINAL (ENTRADA MANUAL)
88,77,1,277,425,0,0,1,0,703,0,FINAL (ENTRADA MANUAL)
88,77,2,73,148,0,0,0,0,221,0,FINAL (ENTRADA MANUAL)
88,77,3,6,6,0,0,0,0,12,0,FINAL (ENTRADA MANUAL)
88,77,5,0,0,0,0,0,0,0,0,FINAL (ENTRADA MANUAL)
88,78,1,18,36,0,0,3,0,57,0,FINAL (ENTRADA MANUAL)
88,78,2,0,0,0,0,0,0,0,0,FINAL (ENTRADA MANUAL)
88,78,3,0,0,0,0,0,0,0,0,FINAL (ENTRADA MANUAL)
89,1,1,120,158,0,0,6,0,284,563,FINAL (ENTRADA MANUAL)
89,1,2,121,135,0,0,1,0,257,563,FINAL (ENTRADA MANUAL)
89,1,3,144,148,0,0,4,0,296,563,FINAL (ENTRADA MANUAL)
89,1,4,103,150,0,0,5,0,258,563,FINAL (ENTRADA MANUAL)
89,1,5,115,136,0,0,8,0,259,563,FINAL (ENTRADA MANUAL)
89,1,6,103,158,0,0,5,0,266,563,FINAL (ENTRADA MANUAL)
89,2,1,64,87,0,0,10,0,161,330,FINAL (ENTRADA MANUAL)
89,2,2,62,91,0,0,4,0,157,330,FINAL (ENTRADA MANUAL)
89,3,1,91,133,2,0,9,0,235,614,FINAL (ENTRADA MANUAL)
89,3,2,89,139,0,0,12,0,240,615,FINAL (ENTRADA MANUAL)
89,4,1,148,143,0,0,5,0,296,553,FINAL (ENTRADA MANUAL)
89,4,2,126,131,0,0,3,0,260,553,FINAL (ENTRADA MANUAL)
89,4,3,118,154,0,0,4,0,276,553,FINAL (ENTRADA MANUAL)
89,4,4,115,150,1,0,2,0,268,554,FINAL (ENTRADA MANUAL)
89,5,1,100,166,0,0,8,0,274,593,FINAL (ENTRADA MANUAL)
89,5,2,92,134,0,0,7,0,233,593,FINAL (ENTRADA MANUAL)
89,5,3,114,161,0,0,3,0,278,593,FINAL (ENTRADA MANUAL)
89,5,4,75,143,0,0,3,0,221,593,FINAL (ENTRADA MANUAL)
89,5,5,78,158,0,0,11,0,247,594,FINAL (ENTRADA MANUAL)
89,6,1,81,150,0,0,3,0,234,489,FINAL (ENTRADA MANUAL)
89,6,2,69,158,0,0,2,0,229,489,FINAL (ENTRADA MANUAL)
89,7,1,73,109,0,0,1,0,183,420,FINAL (ENTRADA MANUAL)
89,7,2,60,129,0,0,7,0,196,421,FINAL (ENTRADA MANUAL)
89,8,1,89,156,0,0,11,0,256,593,FINAL (ENTRADA MANUAL)
89,8,2,110,167,0,0,6,0,283,593,FINAL (ENTRADA MANUAL)
89,8,3,115,160,0,0,6,0,281,593,FINAL (ENTRADA MANUAL)
89,8,4,109,158,0,0,5,0,272,593,FINAL (ENTRADA MANUAL)
89,9,1,134,114,0,0,4,0,252,484,FINAL (ENTRADA MANUAL)
89,9,2,122,97,0,0,1,0,220,484,FINAL (ENTRADA MANUAL)
89,9,3,120,114,0,0,4,0,238,484,FINAL (ENTRADA MANUAL)
89,9,4,97,125,0,0,5,0,227,484,FINAL (ENTRADA MANUAL)
89,9,5,122,101,0,0,16,0,239,484,FINAL (ENTRADA MANUAL)
89,10,1,105,156,0,0,3,0,264,590,FINAL (ENTRADA MANUAL)
89,10,2,91,156,0,0,16,0,263,590,FINAL (ENTRADA MANUAL)
89,10,3,104,140,1,0,14,0,259,590,FINAL (ENTRADA MANUAL)
89,10,4,115,155,0,0,4,0,274,590,FINAL (ENTRADA MANUAL)
89,10,5,105,156,0,0,5,0,266,591,FINAL (ENTRADA MANUAL)
89,74,1,35,58,0,0,0,0,93,0,FINAL (ENTRADA MANUAL)
89,74,2,33,53,0,0,1,0,87,0,FINAL (ENTRADA MANUAL)
89,74,3,21,59,0,0,8,0,88,0,FINAL (ENTRADA MANUAL)
89,74,4,45,43,0,0,0,0,88,0,FINAL (ENTRADA MANUAL)
89,74,5,0,0,0,0,0,0,0,0,FINAL (ENTRADA MANUAL)
89,75,1,0,0,0,0,0,0,0,0,FINAL (ENTRADA MANUAL)
89,75,2,0,0,0,0,0,0,0,0,FINAL (ENTRADA MANUAL)
89,77,1,271,755,0,0,15,0,1041,0,FINAL (ENTRADA MANUAL)
89,77,2,99,276,0,0,11,0,386,0,FINAL (ENTRADA MANUAL)
89,77,3,166,309,0,0,23,0,475,0,FINAL (ENTRADA MANUAL)
89,77,5,0,0,0,0,0,0,0,0,FINAL (ENTRADA MANUAL)
89,78,1,26,65,0,0,4,0,95,0,FINAL (ENTRADA MANUAL)
89,78,2,0,0,0,0,0,0,0,0,FINAL (ENTRADA MANUAL)
89,78,3,0,0,0,0,0,0,0,0,FINAL (ENTRADA MANUAL)
90,1,1,126,51,0,0,8,0,185,409,FINAL (ENTRADA MANUAL)
90,1,2,126,62,1,0,4,0,193,409,FINAL (ENTRADA MANUAL)
90,2,1,137,129,0,0,22,0,288,578,FINAL (ENTRADA MANUAL)
90,2,2,112,128,0,0,25,0,265,578,FINAL (ENTRADA MANUAL)
90,2,3,143,99,0,0,8,0,250,578,FINAL (ENTRADA MANUAL)
90,3,1,91,105,0,0,1,0,197,392,FINAL (ENTRADA MANUAL)
90,4,1,84,103,1,0,14,0,202,406,FINAL (ENTRADA MANUAL)
90,4,2,90,97,0,0,10,0,197,406,FINAL (ENTRADA MANUAL)
90,4,3,77,108,0,0,3,0,188,406,FINAL (ENTRADA MANUAL)
90,5,1,49,57,0,0,5,0,111,233,FINAL (ENTRADA MANUAL)
90,74,1,13,13,0,0,0,0,26,0,FINAL (ENTRADA MANUAL)
90,75,1,0,0,0,0,0,0,0,0,FINAL (ENTRADA MANUAL)
90,77,1,25,24,0,0,0,0,49,0,FINAL (ENTRADA MANUAL)
90,77,2,77,130,0,0,8,0,215,0,FINAL (ENTRADA MANUAL)
90,77,3,19,23,0,0,7,0,49,0,FINAL (ENTRADA MANUAL)
90,77,5,0,0,0,0,0,0,0,0,FINAL (ENTRADA MANUAL)
90,78,1,7,8,0,0,0,0,15,0,FINAL (ENTRADA MANUAL)
90,78,2,0,0,0,0,0,0,0,0,FINAL (ENTRADA MANUAL)
90,78,3,0,0,0,0,0,0,0,0,FINAL (ENTRADA MANUAL)
91,1,1,134,142,0,0,11,0,287,554,FINAL (ENTRADA MANUAL)
91,1,2,101,120,0,0,8,0,229,554,FINAL (ENTRADA MANUAL)
91,1,3,90,120,0,0,26,0,236,554,FINAL (ENTRADA MANUAL)
91,1,4,98,124,0,0,41,0,263,554,FINAL (ENTRADA MANUAL)
91,2,1,103,71,0,0,1,0,175,359,FINAL (ENTRADA MANUAL)
91,3,1,68,111,0,0,2,0,181,366,FINAL (ENTRADA MANUAL)
91,4,1,71,74,0,0,8,0,153,308,FINAL (ENTRADA MANUAL)
91,5,1,112,114,0,0,5,0,231,424,FINAL (ENTRADA MANUAL)
91,5,2,110,92,1,0,5,0,208,424,FINAL (ENTRADA MANUAL)
91,5,3,111,93,0,0,9,0,213,423,FINAL (ENTRADA MANUAL)
91,6,1,4,21,0,0,1,0,26,60,FINAL (ENTRADA MANUAL)
91,7,1,68,90,0,0,14,0,172,348,FINAL (ENTRADA MANUAL)
91,7,2,82,58,0,0,17,0,157,347,FINAL (ENTRADA MANUAL)
91,8,1,108,134,0,0,6,0,248,510,FINAL (ENTRADA MANUAL)
91,9,1,88,123,0,0,4,0,215,424,FINAL (ENTRADA MANUAL)
91,10,1,95,81,0,0,14,0,190,372,FINAL (ENTRADA MANUAL)
91,11,1,114,120,0,0,8,0,242,540,FINAL (ENTRADA MANUAL)
91,11,2,108,143,1,0,9,0,261,540,FINAL (ENTRADA MANUAL)
91,11,3,103,130,0,0,7,0,240,539,FINAL (ENTRADA MANUAL)
91,12,1,107,92,0,0,8,0,207,482,FINAL (ENTRADA MANUAL)
91,12,2,98,109,0,0,9,0,216,482,FINAL (ENTRADA MANUAL)
91,12,3,114,96,0,0,6,0,216,482,FINAL (ENTRADA MANUAL)
91,12,4,109,76,0,0,19,0,204,483,FINAL (ENTRADA MANUAL)
91,13,1,91,118,0,0,5,0,214,394,FINAL (ENTRADA MANUAL)
91,14,1,71,69,0,0,9,0,149,349,FINAL (ENTRADA MANUAL)
91,14,2,95,64,0,0,3,0,162,349,FINAL (ENTRADA MANUAL)
91,15,1,79,94,0,0,7,0,180,404,FINAL (ENTRADA MANUAL)
91,15,2,86,104,0,0,13,0,203,404,FINAL (ENTRADA MANUAL)
91,16,1,72,111,0,0,9,0,192,330,FINAL (ENTRADA MANUAL)
91,16,2,57,102,0,0,6,0,165,331,FINAL (ENTRADA MANUAL)
91,17,1,64,98,0,0,7,0,169,350,FINAL (ENTRADA MANUAL)
91,17,2,77,99,0,0,3,0,179,351,FINAL (ENTRADA MANUAL)
91,74,1,9,67,0,0,2,0,78,0,FINAL (ENTRADA MANUAL)
91,74,2,15,58,0,0,4,0,77,0,FINAL (ENTRADA MANUAL)
91,74,3,3,49,0,0,0,0,52,0,FINAL (ENTRADA MANUAL)
91,74,4,11,55,0,0,1,0,67,0,FINAL (ENTRADA MANUAL)
91,75,1,0,0,0,0,0,0,0,0,FINAL (ENTRADA MANUAL)
91,75,2,0,0,0,0,0,0,0,0,FINAL (ENTRADA MANUAL)
91,75,3,0,4,0,0,0,0,4,0,FINAL (ENTRADA MANUAL)
91,75,4,4,8,0,0,1,0,13,0,FINAL (ENTRADA MANUAL)
91,77,1,3,8,0,0,0,0,11,0,FINAL (ENTRADA MANUAL)
91,77,2,294,217,0,0,0,0,511,0,FINAL (ENTRADA MANUAL)
91,77,3,2,4,0,0,0,0,6,0,FINAL (ENTRADA MANUAL)
91,77,5,0,0,0,0,0,0,0,0,FINAL (ENTRADA MANUAL)
91,78,1,7,19,0,0,0,0,26,0,FINAL (ENTRADA MANUAL)
91,78,2,0,0,0,0,0,0,0,0,FINAL (ENTRADA MANUAL)
91,78,3,0,0,0,0,0,0,0,0,FINAL (ENTRADA MANUAL)
92,1,1,97,57,0,0,40,0,194,365,FINAL (ENTRADA MANUAL)
92,2,1,88,147,1,0,19,0,255,558,FINAL (ENTRADA MANUAL)
92,2,2,112,130,0,0,7,0,249,558,FINAL (ENTRADA MANUAL)
92,2,3,103,155,1,0,8,0,267,558,FINAL (ENTRADA MANUAL)
92,2,4,108,135,0,0,5,0,248,558,FINAL (ENTRADA MANUAL)
92,2,5,93,156,0,0,3,0,252,556,FINAL (ENTRADA MANUAL)
92,3,1,167,110,0,0,12,0,289,573,FINAL (ENTRADA MANUAL)
92,4,1,100,106,0,0,18,0,224,397,FINAL (ENTRADA MANUAL)
92,5,1,87,145,0,0,8,0,240,476,FINAL (ENTRADA MANUAL)
92,5,2,100,158,0,0,5,0,263,475,FINAL (ENTRADA MANUAL)
92,6,1,127,86,0,0,11,0,224,461,FINAL (ENTRADA MANUAL)
92,6,2,144,73,0,0,10,0,227,461,FINAL (ENTRADA MANUAL)
92,7,1,100,114,0,0,5,0,219,414,FINAL (ENTRADA MANUAL)
92,7,2,95,116,0,0,11,0,222,414,FINAL (ENTRADA MANUAL)
92,8,1,137,94,0,0,8,0,239,489,FINAL (ENTRADA MANUAL)
92,8,2,117,99,0,0,3,0,219,489,FINAL (ENTRADA MANUAL)
92,8,3,122,76,0,0,11,0,209,488,FINAL (ENTRADA MANUAL)
92,9,1,127,105,0,0,7,0,239,552,FINAL (ENTRADA MANUAL)
92,74,1,36,37,0,0,4,0,77,0,FINAL (ENTRADA MANUAL)
92,75,1,0,0,0,0,0,0,0,0,FINAL (ENTRADA MANUAL)
92,77,1,168,130,0,0,0,0,298,0,FINAL (ENTRADA MANUAL)
92,77,2,380,368,0,0,0,0,748,0,FINAL (ENTRADA MANUAL)
92,77,3,245,255,2,38,77,3,620,0,FINAL (ENTRADA MANUAL)
92,77,5,0,0,0,0,0,0,0,0,FINAL (ENTRADA MANUAL)
92,78,1,3,9,0,0,1,0,13,0,FINAL (ENTRADA MANUAL)
92,78,2,0,0,0,0,0,0,0,0,FINAL (ENTRADA MANUAL)
92,78,3,0,0,0,0,0,0,0,0,FINAL (ENTRADA MANUAL)
92,79,1,0,0,0,0,0,0,0,0,FINAL (ENTRADA MANUAL)
93,1,1,121,111,0,0,3,0,235,492,FINAL (ENTRADA MANUAL)
93,1,2,141,88,0,0,10,0,239,492,FINAL (ENTRADA MANUAL)
93,1,3,128,109,0,0,4,0,241,493,FINAL (ENTRADA MANUAL)
93,2,1,105,92,0,0,17,0,214,402,FINAL (ENTRADA MANUAL)
93,2,2,96,93,0,0,8,0,197,402,FINAL (ENTRADA MANUAL)
93,3,1,131,115,0,0,8,0,254,498,FINAL (ENTRADA MANUAL)
93,3,2,94,115,0,0,8,0,217,498,FINAL (ENTRADA MANUAL)
93,3,3,122,109,1,0,9,0,241,498,FINAL (ENTRADA MANUAL)
93,3,4,135,105,0,0,3,0,243,500,FINAL (ENTRADA MANUAL)
93,4,1,128,104,0,0,10,0,242,527,FINAL (ENTRADA MANUAL)
93,4,2,119,99,0,0,8,0,226,527,FINAL (ENTRADA MANUAL)
93,4,3,108,108,0,0,7,0,223,527,FINAL (ENTRADA MANUAL)
93,4,4,93,95,1,0,19,0,208,527,FINAL (ENTRADA MANUAL)
93,4,5,120,104,0,0,4,0,228,529,FINAL (ENTRADA MANUAL)
93,5,1,116,121,0,0,7,0,244,562,FINAL (ENTRADA MANUAL)
93,5,2,110,124,1,0,16,0,251,561,FINAL (ENTRADA MANUAL)
93,6,1,133,134,0,0,10,0,277,584,FINAL (ENTRADA MANUAL)
93,6,2,117,129,0,0,27,0,273,584,FINAL (ENTRADA MANUAL)
93,6,3,162,116,0,0,10,0,288,583,FINAL (ENTRADA MANUAL)
93,7,1,112,120,0,0,2,0,234,476,FINAL (ENTRADA MANUAL)
93,7,2,125,116,0,0,6,0,247,475,FINAL (ENTRADA MANUAL)
93,8,1,100,179,1,0,8,0,288,574,FINAL (ENTRADA MANUAL)
93,8,2,99,150,0,0,15,0,264,573,FINAL (ENTRADA MANUAL)
93,9,1,99,101,0,0,21,0,221,404,FINAL (ENTRADA MANUAL)
93,9,2,171,171,0,0,12,0,354,404,FINAL (ENTRADA MANUAL)
93,9,3,0,0,0,0,0,0,0,403,FINAL (ENTRADA MANUAL)
93,10,1,116,113,0,0,6,0,235,498,FINAL (ENTRADA MANUAL)
93,10,2,115,106,0,0,4,0,225,498,FINAL (ENTRADA MANUAL)
93,10,3,95,148,0,0,7,0,250,498,FINAL (ENTRADA MANUAL)
93,10,4,97,132,0,0,10,0,239,496,FINAL (ENTRADA MANUAL)
93,11,1,114,90,0,0,34,0,238,561,FINAL (ENTRADA MANUAL)
93,11,2,127,123,0,0,6,0,256,561,FINAL (ENTRADA MANUAL)
93,11,3,111,125,0,0,6,0,242,561,FINAL (ENTRADA MANUAL)
93,11,4,124,109,0,0,6,0,239,562,FINAL (ENTRADA MANUAL)
93,12,1,146,110,0,0,1,0,257,507,FINAL (ENTRADA MANUAL)
93,12,2,104,109,0,0,8,0,221,507,FINAL (ENTRADA MANUAL)
93,12,3,119,110,1,0,2,0,232,508,FINAL (ENTRADA MANUAL)
93,13,1,101,120,1,0,5,0,227,491,FINAL (ENTRADA MANUAL)
93,13,2,94,144,0,0,0,0,238,491,FINAL (ENTRADA MANUAL)
93,14,1,130,119,1,0,9,0,259,600,FINAL (ENTRADA MANUAL)
93,15,1,123,122,0,0,8,0,253,492,FINAL (ENTRADA MANUAL)
93,15,2,106,104,0,0,9,0,219,492,FINAL (ENTRADA MANUAL)
93,15,3,86,56,0,0,10,0,152,492,FINAL (ENTRADA MANUAL)
93,15,4,122,108,0,0,6,0,236,493,FINAL (ENTRADA MANUAL)
93,16,1,150,125,0,0,4,0,279,555,FINAL (ENTRADA MANUAL)
93,16,2,138,101,0,0,8,0,247,555,FINAL (ENTRADA MANUAL)
93,16,3,113,118,0,0,18,0,249,555,FINAL (ENTRADA MANUAL)
93,16,4,154,103,0,0,1,0,258,555,FINAL (ENTRADA MANUAL)
93,16,5,108,101,0,0,24,0,233,555,FINAL (ENTRADA MANUAL)
93,16,6,99,87,0,0,37,0,223,553,FINAL (ENTRADA MANUAL)
93,74,1,17,60,0,0,9,0,86,0,FINAL (ENTRADA MANUAL)
93,74,2,13,75,0,0,1,0,89,0,FINAL (ENTRADA MANUAL)
93,74,3,13,70,0,0,10,0,93,0,FINAL (ENTRADA MANUAL)
93,74,4,12,57,0,0,2,0,71,0,FINAL (ENTRADA MANUAL)
93,74,5,16,51,0,0,1,0,68,0,FINAL (ENTRADA MANUAL)
93,74,6,22,49,0,0,2,0,73,0,FINAL (ENTRADA MANUAL)
93,74,7,0,0,0,0,0,0,0,0,FINAL (ENTRADA MANUAL)
93,75,1,35,25,0,0,1,0,61,0,FINAL (ENTRADA MANUAL)
93,75,2,0,0,0,0,0,0,0,0,FINAL (ENTRADA MANUAL)
93,77,1,672,613,0,0,0,0,1285,0,FINAL (ENTRADA MANUAL)
93,77,2,343,283,0,0,0,0,626,0,FINAL (ENTRADA MANUAL)
93,77,3,206,211,0,0,37,4,458,0,FINAL (ENTRADA MANUAL)
93,77,5,0,0,0,0,0,0,0,0,FINAL (ENTRADA MANUAL)
93,78,1,35,45,0,0,1,0,81,0,FINAL (ENTRADA MANUAL)
93,78,2,9,7,0,0,0,0,16,0,FINAL (ENTRADA MANUAL)
93,78,3,20,13,0,0,1,1,35,0,FINAL (ENTRADA MANUAL)
94,1,1,147,102,0,0,8,0,257,534,FINAL (ENTRADA MANUAL)
94,1,2,156,123,2,0,7,0,288,533,FINAL (ENTRADA MANUAL)
94,2,1,98,70,0,0,15,0,183,310,FINAL (ENTRADA MANUAL)
94,3,1,111,122,1,0,15,0,249,528,FINAL (ENTRADA MANUAL)
94,3,2,119,121,0,0,9,0,249,528,FINAL (ENTRADA MANUAL)
94,3,3,130,124,0,0,13,0,267,529,FINAL (ENTRADA MANUAL)
94,4,1,127,106,0,0,26,0,259,618,FINAL (ENTRADA MANUAL)
94,4,2,137,106,0,0,8,0,251,617,FINAL (ENTRADA MANUAL)
94,5,1,127,117,0,0,9,0,253,590,FINAL (ENTRADA MANUAL)
94,5,2,129,102,0,0,22,0,253,591,FINAL (ENTRADA MANUAL)
94,6,1,105,121,0,0,13,0,239,575,FINAL (ENTRADA MANUAL)
94,6,2,102,104,1,0,46,0,253,575,FINAL (ENTRADA MANUAL)
94,7,1,102,135,1,0,6,0,244,574,FINAL (ENTRADA MANUAL)
94,7,2,134,123,0,0,6,0,263,574,FINAL (ENTRADA MANUAL)
94,7,3,145,128,0,0,9,0,282,573,FINAL (ENTRADA MANUAL)
94,8,1,140,149,1,0,1,0,291,618,FINAL (ENTRADA MANUAL)
94,8,2,118,146,0,0,6,0,270,619,FINAL (ENTRADA MANUAL)
94,9,1,87,103,0,0,6,0,196,463,FINAL (ENTRADA MANUAL)
94,9,2,97,115,1,0,10,0,223,463,FINAL (ENTRADA MANUAL)
94,10,1,99,105,1,0,6,0,211,427,FINAL (ENTRADA MANUAL)
94,10,2,107,84,0,0,8,0,199,427,FINAL (ENTRADA MANUAL)
94,10,3,104,106,0,0,10,0,220,426,FINAL (ENTRADA MANUAL)
94,11,1,99,140,0,0,13,0,252,494,FINAL (ENTRADA MANUAL)
94,11,2,85,144,0,0,7,0,236,494,FINAL (ENTRADA MANUAL)
94,11,3,86,151,1,0,13,0,251,494,FINAL (ENTRADA MANUAL)
94,12,1,69,116,0,0,9,0,194,350,FINAL (ENTRADA MANUAL)
94,12,2,66,135,0,0,8,0,209,350,FINAL (ENTRADA MANUAL)
94,13,1,108,114,0,0,28,0,250,498,FINAL (ENTRADA MANUAL)
94,13,2,95,100,0,0,21,0,216,499,FINAL (ENTRADA MANUAL)
94,14,1,87,87,0,0,6,0,180,422,FINAL (ENTRADA MANUAL)
94,14,2,83,92,0,0,3,0,178,422,FINAL (ENTRADA MANUAL)
94,15,1,122,101,0,0,23,0,246,645,FINAL (ENTRADA MANUAL)
94,15,2,127,100,0,0,21,0,248,645,FINAL (ENTRADA MANUAL)
94,15,3,157,124,1,0,5,0,287,645,FINAL (ENTRADA MANUAL)
94,15,4,139,96,0,0,9,0,244,645,FINAL (ENTRADA MANUAL)
94,16,1,142,112,0,0,32,0,286,552,FINAL (ENTRADA MANUAL)
94,16,2,130,101,0,0,13,0,244,552,FINAL (ENTRADA MANUAL)
94,16,3,122,117,0,0,38,0,277,552,FINAL (ENTRADA MANUAL)
94,16,4,134,122,0,0,6,0,262,552,FINAL (ENTRADA MANUAL)
94,16,5,150,115,1,0,6,0,272,552,FINAL (ENTRADA MANUAL)
94,17,1,139,111,1,0,2,0,253,502,FINAL (ENTRADA MANUAL)
94,17,2,114,152,0,0,9,0,275,502,FINAL (ENTRADA MANUAL)
94,17,3,96,114,0,0,15,0,225,501,FINAL (ENTRADA MANUAL)
94,18,1,101,52,0,0,7,0,160,326,FINAL (ENTRADA MANUAL)
94,18,2,75,53,0,0,16,0,144,326,FINAL (ENTRADA MANUAL)
94,19,1,125,119,0,0,4,0,248,538,FINAL (ENTRADA MANUAL)
94,19,2,132,91,0,0,13,0,236,538,FINAL (ENTRADA MANUAL)
94,19,3,107,101,1,0,9,0,218,539,FINAL (ENTRADA MANUAL)
94,20,1,135,99,0,0,8,0,242,519,FINAL (ENTRADA MANUAL)
94,20,2,123,116,0,0,13,0,252,519,FINAL (ENTRADA MANUAL)
94,20,3,132,97,0,0,6,0,235,520,FINAL (ENTRADA MANUAL)
94,21,1,123,99,0,0,26,0,248,551,FINAL (ENTRADA MANUAL)
94,21,2,125,95,0,0,10,0,230,551,FINAL (ENTRADA MANUAL)
94,21,3,111,107,0,0,5,0,223,551,FINAL (ENTRADA MANUAL)
94,22,1,131,136,0,0,17,0,284,548,FINAL (ENTRADA MANUAL)
94,22,2,114,132,0,0,30,0,276,548,FINAL (ENTRADA MANUAL)
94,23,1,140,130,1,0,4,0,275,541,FINAL (ENTRADA MANUAL)
94,23,2,123,131,0,0,2,0,256,541,FINAL (ENTRADA MANUAL)
94,23,3,126,114,1,0,5,0,246,541,FINAL (ENTRADA MANUAL)
94,23,4,128,109,0,0,9,0,246,541,FINAL (ENTRADA MANUAL)
94,23,5,134,124,0,0,16,0,274,542,FINAL (ENTRADA MANUAL)
94,24,1,115,62,0,0,6,0,183,348,FINAL (ENTRADA MANUAL)
94,24,2,92,73,0,0,3,0,168,347,FINAL (ENTRADA MANUAL)
94,25,1,102,105,0,0,12,0,219,446,FINAL (ENTRADA MANUAL)
94,25,2,118,89,0,0,2,0,209,446,FINAL (ENTRADA MANUAL)
94,25,3,109,91,0,0,8,0,208,447,FINAL (ENTRADA MANUAL)
94,26,1,113,123,0,0,5,0,241,481,FINAL (ENTRADA MANUAL)
94,26,2,107,142,1,0,2,0,252,481,FINAL (ENTRADA MANUAL)
94,26,3,122,125,0,0,3,0,250,481,FINAL (ENTRADA MANUAL)
94,26,4,122,141,0,0,5,0,268,481,FINAL (ENTRADA MANUAL)
94,74,1,43,36,0,0,0,0,79,0,FINAL (ENTRADA MANUAL)
94,74,2,42,36,0,0,0,0,78,0,FINAL (ENTRADA MANUAL)
94,74,3,20,43,0,0,10,0,73,0,FINAL (ENTRADA MANUAL)
94,74,4,30,42,0,0,2,0,74,0,FINAL (ENTRADA MANUAL)
94,74,5,25,53,0,0,1,0,79,0,FINAL (ENTRADA MANUAL)
94,74,6,25,51,0,0,0,0,76,0,FINAL (ENTRADA MANUAL)
94,74,7,20,54,0,0,4,0,78,0,FINAL (ENTRADA MANUAL)
94,74,8,0,0,0,0,0,0,0,0,FINAL (ENTRADA MANUAL)
94,75,1,12,5,0,0,0,1,13,0,FINAL (ENTRADA MANUAL)
94,75,2,0,0,0,0,0,0,0,0,FINAL (ENTRADA MANUAL)
94,77,1,819,1278,0,0,42,5,2144,0,FINAL (ENTRADA MANUAL)
94,77,2,0,0,0,0,0,0,0,0,FINAL (ENTRADA MANUAL)
94,77,3,0,0,0,0,0,0,0,0,FINAL (ENTRADA MANUAL)
94,77,5,0,0,0,0,0,0,0,0,FINAL (ENTRADA MANUAL)
94,78,1,38,78,0,0,6,0,174,0,FINAL (ENTRADA MANUAL)
94,78,2,0,0,0,0,0,0,0,0,FINAL (ENTRADA MANUAL)
94,78,3,38,78,0,0,6,0,116,0,FINAL (ENTRADA MANUAL)
94,79,1,0,0,0,0,0,0,0,0,FINAL (ENTRADA MANUAL)
94,79,2,1,0,0,0,0,1,2,0,FINAL (ENTRADA MANUAL)
95,1,1,126,125,0,0,1,0,252,629,FINAL (ENTRADA MANUAL)
95,1,2,119,143,2,0,10,0,274,629,FINAL (ENTRADA MANUAL)
95,1,3,131,111,0,0,6,0,248,629,FINAL (ENTRADA MANUAL)
95,1,4,121,144,0,0,4,0,269,629,FINAL (ENTRADA MANUAL)
95,1,5,109,140,0,0,6,0,255,629,FINAL (ENTRADA MANUAL)
95,1,6,99,142,1,0,10,0,252,630,FINAL (ENTRADA MANUAL)
95,2,1,64,126,0,0,4,0,194,515,FINAL (ENTRADA MANUAL)
95,2,2,76,146,0,0,2,0,224,515,FINAL (ENTRADA MANUAL)
95,3,1,98,102,0,0,3,0,203,494,FINAL (ENTRADA MANUAL)
95,3,2,101,127,0,0,1,0,229,494,FINAL (ENTRADA MANUAL)
95,3,3,93,95,0,0,4,0,192,493,FINAL (ENTRADA MANUAL)
95,4,1,74,93,0,0,13,0,180,374,FINAL (ENTRADA MANUAL)
95,4,2,64,79,0,0,2,0,145,373,FINAL (ENTRADA MANUAL)
95,5,1,98,104,0,0,23,0,225,498,FINAL (ENTRADA MANUAL)
95,5,2,112,124,0,0,1,0,237,497,FINAL (ENTRADA MANUAL)
95,6,1,72,142,0,0,4,0,218,574,FINAL (ENTRADA MANUAL)
95,6,2,76,110,0,0,2,0,188,575,FINAL (ENTRADA MANUAL)
95,7,1,65,100,0,0,7,0,172,436,FINAL (ENTRADA MANUAL)
95,7,2,64,95,0,0,7,0,166,436,FINAL (ENTRADA MANUAL)
95,7,3,52,88,0,0,1,0,141,436,FINAL (ENTRADA MANUAL)
95,8,1,80,130,0,0,2,0,212,466,FINAL (ENTRADA MANUAL)
95,8,2,86,114,0,0,2,0,202,466,FINAL (ENTRADA MANUAL)
95,8,3,68,126,0,0,4,0,198,466,FINAL (ENTRADA MANUAL)
95,9,1,103,144,0,0,5,0,252,526,FINAL (ENTRADA MANUAL)
95,9,2,100,121,0,0,12,0,233,527,FINAL (ENTRADA MANUAL)
95,10,1,130,96,0,0,2,0,228,468,FINAL (ENTRADA MANUAL)
95,10,2,108,100,0,0,5,0,213,469,FINAL (ENTRADA MANUAL)
95,11,1,169,105,0,0,10,0,284,519,FINAL (ENTRADA MANUAL)
95,11,2,165,110,0,0,14,0,289,519,FINAL (ENTRADA MANUAL)
95,12,1,117,89,0,0,5,0,211,493,FINAL (ENTRADA MANUAL)
95,12,2,119,85,1,0,7,0,212,493,FINAL (ENTRADA MANUAL)
95,12,3,118,98,0,0,5,0,221,493,FINAL (ENTRADA MANUAL)
95,74,1,35,44,0,0,2,0,81,0,FINAL (ENTRADA MANUAL)
95,74,2,14,60,0,0,1,0,75,0,FINAL (ENTRADA MANUAL)
95,74,3,14,59,0,0,1,0,74,0,FINAL (ENTRADA MANUAL)
95,74,4,17,51,0,0,4,0,72,0,FINAL (ENTRADA MANUAL)
95,74,5,20,34,0,0,8,0,62,0,FINAL (ENTRADA MANUAL)
95,74,6,21,30,0,0,9,0,60,0,FINAL (ENTRADA MANUAL)
95,75,1,0,0,0,0,0,0,0,0,FINAL (ENTRADA MANUAL)
95,77,1,485,578,0,0,5,0,1068,0,FINAL (ENTRADA MANUAL)
95,77,2,0,0,0,0,0,0,0,0,FINAL (ENTRADA MANUAL)
95,77,3,46,43,0,0,9,1,99,0,FINAL (ENTRADA MANUAL)
95,77,5,0,0,0,0,0,0,0,0,FINAL (ENTRADA MANUAL)
95,78,1,25,50,0,0,4,1,80,0,FINAL (ENTRADA MANUAL)
95,78,2,4,3,0,0,0,0,7,0,FINAL (ENTRADA MANUAL)
95,78,3,0,0,0,0,0,0,0,0,FINAL (ENTRADA MANUAL)
96,1,1,132,94,1,0,16,0,243,512,FINAL (ENTRADA MANUAL)
96,1,2,121,88,0,0,16,0,225,512,FINAL (ENTRADA MANUAL)
96,1,3,136,83,1,0,12,0,232,512,FINAL (ENTRADA MANUAL)
96,1,4,125,110,0,0,9,0,244,512,FINAL (ENTRADA MANUAL)
96,2,1,143,101,0,0,11,0,255,524,FINAL (ENTRADA MANUAL)
96,2,2,132,99,0,0,12,0,243,525,FINAL (ENTRADA MANUAL)
96,3,1,164,73,0,0,13,0,250,504,FINAL (ENTRADA MANUAL)
96,3,2,130,63,1,0,38,0,232,503,FINAL (ENTRADA MANUAL)
96,4,1,106,71,0,0,4,0,181,398,FINAL (ENTRADA MANUAL)
96,4,2,99,84,0,0,5,0,188,399,FINAL (ENTRADA MANUAL)
96,5,1,150,94,0,0,8,0,252,560,FINAL (ENTRADA MANUAL)
96,5,2,149,81,0,0,18,0,248,560,FINAL (ENTRADA MANUAL)
96,74,1,16,40,0,0,6,0,62,0,FINAL (ENTRADA MANUAL)
96,74,2,30,44,0,0,4,0,78,0,FINAL (ENTRADA MANUAL)
96,75,1,0,0,0,0,0,0,0,0,FINAL (ENTRADA MANUAL)
96,77,1,49,48,0,0,0,0,97,0,FINAL (ENTRADA MANUAL)
96,77,2,0,0,0,0,0,0,0,0,FINAL (ENTRADA MANUAL)
96,77,3,111,98,0,0,14,3,229,0,FINAL (ENTRADA MANUAL)
96,77,5,1,1,0,0,0,0,2,0,FINAL (ENTRADA MANUAL)
96,78,1,0,5,0,0,0,0,5,0,FINAL (ENTRADA MANUAL)
96,78,2,0,0,0,0,0,0,0,0,FINAL (ENTRADA MANUAL)
96,78,3,0,0,0,0,0,0,0,0,FINAL (ENTRADA MANUAL)
96,79,1,0,0,0,0,0,0,0,0,FINAL (ENTRADA MANUAL)
97,1,1,141,145,0,0,15,0,301,480,FINAL (ENTRADA MANUAL)
97,1,2,134,137,0,0,14,0,285,480,FINAL (ENTRADA MANUAL)
97,2,1,98,99,0,0,15,0,212,394,FINAL (ENTRADA MANUAL)
97,2,2,116,103,0,0,9,0,228,393,FINAL (ENTRADA MANUAL)
97,74,1,4,3,0,0,0,0,7,0,FINAL (ENTRADA MANUAL)
97,75,1,0,0,0,0,0,0,0,0,FINAL (ENTRADA MANUAL)
97,75,2,0,0,0,0,0,0,0,0,FINAL (ENTRADA MANUAL)
97,77,1,33,55,0,0,0,0,88,0,FINAL (ENTRADA MANUAL)
97,77,2,0,0,0,0,0,0,0,0,FINAL (ENTRADA MANUAL)
97,77,3,15,19,0,0,0,0,34,0,FINAL (ENTRADA MANUAL)
97,77,5,0,1,0,0,0,0,1,0,FINAL (ENTRADA MANUAL)
97,78,1,1,2,0,0,0,0,3,0,FINAL (ENTRADA MANUAL)
97,78,2,0,0,0,0,0,0,0,0,FINAL (ENTRADA MANUAL)
97,78,3,0,0,0,0,0,0,0,0,FINAL (ENTRADA MANUAL)
98,1,1,86,122,0,0,14,0,222,622,FINAL (ENTRADA MANUAL)
98,1,2,96,114,0,0,6,0,216,622,FINAL (ENTRADA MANUAL)
98,1,3,77,136,1,0,9,0,223,622,FINAL (ENTRADA MANUAL)
98,1,4,92,117,0,0,18,0,227,620,FINAL (ENTRADA MANUAL)
98,2,1,104,127,0,0,9,0,240,521,FINAL (ENTRADA MANUAL)
98,3,1,101,132,0,0,7,0,240,609,FINAL (ENTRADA MANUAL)
98,3,2,78,118,0,0,36,0,232,609,FINAL (ENTRADA MANUAL)
98,4,1,20,45,0,0,6,0,71,135,FINAL (ENTRADA MANUAL)
98,5,1,85,130,0,0,6,0,221,523,FINAL (ENTRADA MANUAL)
98,5,2,85,118,0,0,12,0,215,523,FINAL (ENTRADA MANUAL)
98,5,3,91,105,0,0,4,0,200,523,FINAL (ENTRADA MANUAL)
98,5,4,86,133,0,0,6,0,225,522,FINAL (ENTRADA MANUAL)
98,6,1,66,112,0,0,26,0,204,551,FINAL (ENTRADA MANUAL)
98,6,2,64,95,0,0,30,0,189,551,FINAL (ENTRADA MANUAL)
98,6,3,67,115,0,0,7,0,189,552,FINAL (ENTRADA MANUAL)
98,7,1,77,111,0,0,19,0,207,510,FINAL (ENTRADA MANUAL)
98,7,2,88,113,1,0,4,0,206,511,FINAL (ENTRADA MANUAL)
98,74,1,23,41,0,0,2,0,66,0,FINAL (ENTRADA MANUAL)
98,74,2,25,31,0,0,2,0,58,0,FINAL (ENTRADA MANUAL)
98,74,3,23,49,0,0,3,0,75,0,FINAL (ENTRADA MANUAL)
98,74,4,27,47,0,0,3,0,77,0,FINAL (ENTRADA MANUAL)
98,74,5,22,35,0,0,5,0,62,0,FINAL (ENTRADA MANUAL)
98,74,6,22,33,0,0,8,0,63,0,FINAL (ENTRADA MANUAL)
98,75,1,2,2,0,0,0,0,4,0,FINAL (ENTRADA MANUAL)
98,75,2,0,0,0,0,0,0,0,0,FINAL (ENTRADA MANUAL)
98,77,1,76,133,0,0,0,0,209,0,FINAL (ENTRADA MANUAL)
98,77,2,171,380,0,0,0,0,551,0,FINAL (ENTRADA MANUAL)
98,77,3,6,3,0,0,1,0,10,0,FINAL (ENTRADA MANUAL)
98,77,5,0,0,0,0,0,0,0,0,FINAL (ENTRADA MANUAL)
98,78,1,5,10,0,0,2,0,17,0,FINAL (ENTRADA MANUAL)
98,78,2,0,0,0,0,0,0,0,0,FINAL (ENTRADA MANUAL)
98,78,3,0,0,0,0,0,0,0,0,FINAL (ENTRADA MANUAL)
99,1,1,94,107,0,0,12,0,213,623,FINAL (ENTRADA MANUAL)
99,1,2,74,109,0,0,16,0,199,623,FINAL (ENTRADA MANUAL)
99,1,3,75,87,0,0,6,0,168,623,FINAL (ENTRADA MANUAL)
99,2,1,101,121,0,0,9,0,231,666,FINAL (ENTRADA MANUAL)
99,2,2,72,96,0,0,16,0,184,666,FINAL (ENTRADA MANUAL)
99,3,1,122,128,0,0,5,0,255,660,FINAL (ENTRADA MANUAL)
99,3,2,97,105,0,0,10,0,212,660,FINAL (ENTRADA MANUAL)
99,3,3,80,120,0,0,8,0,208,660,FINAL (ENTRADA MANUAL)
99,3,4,89,100,0,0,6,0,195,660,FINAL (ENTRADA MANUAL)
99,4,1,70,142,0,0,6,0,218,659,FINAL (ENTRADA MANUAL)
99,5,1,92,143,0,0,5,0,240,674,FINAL (ENTRADA MANUAL)
99,5,2,76,119,0,0,19,0,214,674,FINAL (ENTRADA MANUAL)
99,5,3,76,122,0,0,27,0,225,674,FINAL (ENTRADA MANUAL)
99,5,4,79,124,1,0,8,0,212,675,FINAL (ENTRADA MANUAL)
99,6,1,118,118,0,0,9,0,245,557,FINAL (ENTRADA MANUAL)
99,6,2,96,147,0,0,7,0,250,557,FINAL (ENTRADA MANUAL)
99,6,3,90,113,0,0,11,0,214,557,FINAL (ENTRADA MANUAL)
99,6,4,98,127,1,0,2,0,228,557,FINAL (ENTRADA MANUAL)
99,6,5,102,130,0,0,9,0,241,557,FINAL (ENTRADA MANUAL)
99,7,1,98,119,0,0,13,0,230,612,FINAL (ENTRADA MANUAL)
99,7,2,87,130,0,0,7,0,224,612,FINAL (ENTRADA MANUAL)
99,7,3,98,115,1,0,19,0,233,612,FINAL (ENTRADA MANUAL)
99,7,4,84,150,0,0,2,0,236,612,FINAL (ENTRADA MANUAL)
99,8,1,73,86,0,0,6,0,165,402,FINAL (ENTRADA MANUAL)
99,8,2,84,98,0,0,2,0,184,403,FINAL (ENTRADA MANUAL)
99,9,1,96,142,0,0,10,0,248,574,FINAL (ENTRADA MANUAL)
99,9,2,114,119,0,0,2,0,235,574,FINAL (ENTRADA MANUAL)
99,9,3,104,125,0,0,4,0,233,574,FINAL (ENTRADA MANUAL)
99,9,4,112,125,0,0,6,0,243,574,FINAL (ENTRADA MANUAL)
99,9,5,104,126,0,0,1,0,231,575,FINAL (ENTRADA MANUAL)
99,10,1,84,145,0,0,6,0,235,550,FINAL (ENTRADA MANUAL)
99,10,2,107,121,0,0,11,0,239,550,FINAL (ENTRADA MANUAL)
99,10,3,98,117,1,0,14,0,230,549,FINAL (ENTRADA MANUAL)
99,11,1,66,95,0,0,12,0,173,451,FINAL (ENTRADA MANUAL)
99,11,2,62,87,0,0,16,0,165,451,FINAL (ENTRADA MANUAL)
99,12,1,100,156,0,0,5,0,261,595,FINAL (ENTRADA MANUAL)
99,12,2,108,142,0,0,8,0,258,595,FINAL (ENTRADA MANUAL)
99,74,1,32,32,0,0,5,0,69,0,FINAL (ENTRADA MANUAL)
99,74,2,16,39,0,0,0,0,55,0,FINAL (ENTRADA MANUAL)
99,74,3,19,43,0,0,2,0,64,0,FINAL (ENTRADA MANUAL)
99,74,4,34,52,0,0,1,0,87,0,FINAL (ENTRADA MANUAL)
99,74,5,18,42,0,0,1,0,61,0,FINAL (ENTRADA MANUAL)
99,74,6,0,0,0,0,0,0,0,0,FINAL (ENTRADA MANUAL)
99,75,1,0,0,0,0,0,0,0,0,FINAL (ENTRADA MANUAL)
99,75,2,17,30,0,0,3,0,50,0,FINAL (ENTRADA MANUAL)
99,77,1,160,423,0,0,0,0,583,0,FINAL (ENTRADA MANUAL)
99,77,2,0,0,0,0,0,0,0,0,FINAL (ENTRADA MANUAL)
99,77,3,0,0,0,0,0,0,0,0,FINAL (ENTRADA MANUAL)
99,77,5,0,0,0,0,0,0,0,0,FINAL (ENTRADA MANUAL)
99,78,1,24,45,0,0,1,0,70,0,FINAL (ENTRADA MANUAL)
99,78,2,0,0,0,0,0,0,0,0,FINAL (ENTRADA MANUAL)
99,78,3,0,0,0,0,0,0,0,0,FINAL (ENTRADA MANUAL)
100,1,1,108,101,1,0,8,0,218,619,FINAL (ENTRADA MANUAL)
100,1,2,100,103,0,0,6,0,209,619,FINAL (ENTRADA MANUAL)
100,2,1,73,61,0,0,3,0,137,396,FINAL (ENTRADA MANUAL)
100,3,1,81,123,0,0,1,0,205,489,FINAL (ENTRADA MANUAL)
100,4,1,101,133,0,0,2,0,236,555,FINAL (ENTRADA MANUAL)
100,4,2,94,123,0,0,7,0,224,555,FINAL (ENTRADA MANUAL)
100,4,3,92,103,0,0,16,0,211,556,FINAL (ENTRADA MANUAL)
100,5,1,126,131,0,0,2,0,259,578,FINAL (ENTRADA MANUAL)
100,5,2,118,138,0,0,0,0,256,578,FINAL (ENTRADA MANUAL)
100,5,3,112,144,0,0,2,0,258,578,FINAL (ENTRADA MANUAL)
100,5,4,127,117,0,0,2,0,246,579,FINAL (ENTRADA MANUAL)
100,6,1,99,105,0,0,4,0,208,436,FINAL (ENTRADA MANUAL)
100,6,2,70,115,0,0,2,0,187,436,FINAL (ENTRADA MANUAL)
100,6,3,81,113,0,0,6,0,200,436,FINAL (ENTRADA MANUAL)
100,7,1,101,93,1,0,8,0,203,511,FINAL (ENTRADA MANUAL)
100,7,2,79,88,0,0,5,0,172,511,FINAL (ENTRADA MANUAL)
100,7,3,80,100,1,0,8,0,189,510,FINAL (ENTRADA MANUAL)
100,8,1,97,98,0,0,6,0,201,484,FINAL (ENTRADA MANUAL)
100,8,2,75,71,0,0,10,0,156,484,FINAL (ENTRADA MANUAL)
100,8,3,78,79,1,0,5,0,163,483,FINAL (ENTRADA MANUAL)
100,9,1,98,123,0,0,1,0,222,465,FINAL (ENTRADA MANUAL)
100,9,2,83,131,0,0,5,0,219,465,FINAL (ENTRADA MANUAL)
100,10,1,125,158,0,0,5,0,288,636,FINAL (ENTRADA MANUAL)
100,10,2,93,137,0,0,3,0,233,636,FINAL (ENTRADA MANUAL)
100,10,3,125,134,0,0,7,0,266,636,FINAL (ENTRADA MANUAL)
100,74,1,29,34,0,0,1,0,64,0,FINAL (ENTRADA MANUAL)
100,74,2,0,0,0,0,0,0,0,0,FINAL (ENTRADA MANUAL)
100,74,3,108,41,0,0,1,0,150,0,FINAL (ENTRADA MANUAL)
100,74,4,76,31,0,0,3,0,110,0,FINAL (ENTRADA MANUAL)
100,74,5,0,0,0,0,0,0,0,0,FINAL (ENTRADA MANUAL)
100,74,6,82,39,0,0,7,0,128,0,FINAL (ENTRADA MANUAL)
100,74,7,0,0,0,0,0,0,0,0,FINAL (ENTRADA MANUAL)
100,75,1,0,1,0,0,0,1,2,0,FINAL (ENTRADA MANUAL)
100,75,2,2,2,0,0,0,1,5,0,FINAL (ENTRADA MANUAL)
100,77,1,98,383,0,0,0,0,481,0,FINAL (ENTRADA MANUAL)
100,77,2,10,22,0,0,0,0,32,0,FINAL (ENTRADA MANUAL)
100,77,3,0,1,0,0,0,0,1,0,FINAL (ENTRADA MANUAL)
100,77,5,0,0,0,0,0,0,0,0,FINAL (ENTRADA MANUAL)
100,78,1,31,26,0,0,5,0,62,0,FINAL (ENTRADA MANUAL)
100,78,2,0,0,0,0,0,0,0,0,FINAL (ENTRADA MANUAL)
100,78,3,0,0,0,0,0,0,0,0,FINAL (ENTRADA MANUAL)
101,1,1,81,98,0,0,2,0,181,502,FINAL (ENTRADA MANUAL)
101,1,2,85,66,0,0,8,0,159,502,FINAL (ENTRADA MANUAL)
101,1,3,99,109,0,0,3,0,211,502,FINAL (ENTRADA MANUAL)
101,1,4,74,121,0,0,3,0,198,502,FINAL (ENTRADA MANUAL)
101,2,1,93,143,0,0,6,0,242,646,FINAL (ENTRADA MANUAL)
101,2,2,99,102,0,0,21,0,222,646,FINAL (ENTRADA MANUAL)
101,2,3,115,149,0,0,5,0,269,647,FINAL (ENTRADA MANUAL)
101,3,1,140,164,0,0,5,0,309,558,FINAL (ENTRADA MANUAL)
101,3,2,140,143,0,0,7,0,290,559,FINAL (ENTRADA MANUAL)
101,4,1,72,78,0,0,12,0,162,412,FINAL (ENTRADA MANUAL)
101,4,2,80,80,0,0,15,0,175,412,FINAL (ENTRADA MANUAL)
101,74,1,21,24,0,0,3,0,48,0,FINAL (ENTRADA MANUAL)
101,74,2,21,15,0,0,6,0,42,0,FINAL (ENTRADA MANUAL)
101,74,3,21,22,0,0,3,0,46,0,FINAL (ENTRADA MANUAL)
101,74,4,45,22,0,0,1,0,68,0,FINAL (ENTRADA MANUAL)
101,75,1,0,0,0,0,0,0,0,0,FINAL (ENTRADA MANUAL)
101,75,2,6,0,0,0,0,0,6,0,FINAL (ENTRADA MANUAL)
101,75,3,28,24,0,0,0,0,52,0,FINAL (ENTRADA MANUAL)
101,77,1,124,121,0,0,1,0,246,0,FINAL (ENTRADA MANUAL)
101,77,2,0,0,0,0,0,0,0,0,FINAL (ENTRADA MANUAL)
101,77,3,3,2,0,0,0,0,5,0,FINAL (ENTRADA MANUAL)
101,77,5,0,0,0,0,0,0,0,0,FINAL (ENTRADA MANUAL)
101,78,1,19,17,0,0,3,0,39,0,FINAL (ENTRADA MANUAL)
101,78,2,0,0,0,0,0,0,0,0,FINAL (ENTRADA MANUAL)
101,78,3,0,0,0,0,0,0,0,0,FINAL (ENTRADA MANUAL)
102,1,1,69,103,0,0,2,0,174,382,FINAL (ENTRADA MANUAL)
102,1,2,63,93,0,0,11,0,167,382,FINAL (ENTRADA MANUAL)
102,2,1,67,88,0,0,2,0,157,457,FINAL (ENTRADA MANUAL)
102,3,1,127,139,3,0,2,0,271,569,FINAL (ENTRADA MANUAL)
102,3,2,107,176,0,0,4,0,287,569,FINAL (ENTRADA MANUAL)
102,3,3,116,131,1,0,7,0,255,569,FINAL (ENTRADA MANUAL)
102,3,4,137,135,1,0,3,0,276,569,FINAL (ENTRADA MANUAL)
102,4,1,105,141,0,0,9,0,255,535,FINAL (ENTRADA MANUAL)
102,4,2,124,127,1,0,3,0,255,535,FINAL (ENTRADA MANUAL)
102,4,3,106,135,0,0,3,0,244,535,FINAL (ENTRADA MANUAL)
102,4,4,86,138,0,0,2,0,226,535,FINAL (ENTRADA MANUAL)
102,4,5,95,119,0,0,5,0,219,535,FINAL (ENTRADA MANUAL)
102,5,1,111,132,0,0,7,0,250,579,FINAL (ENTRADA MANUAL)
102,5,2,88,116,0,0,14,0,218,579,FINAL (ENTRADA MANUAL)
102,5,3,93,133,0,0,8,0,234,579,FINAL (ENTRADA MANUAL)
102,5,4,108,136,0,0,11,0,255,579,FINAL (ENTRADA MANUAL)
102,5,5,92,137,0,0,7,0,236,579,FINAL (ENTRADA MANUAL)
102,5,6,95,140,0,0,6,0,241,580,FINAL (ENTRADA MANUAL)
102,6,1,75,64,1,0,8,0,148,335,FINAL (ENTRADA MANUAL)
102,6,2,62,58,0,0,22,0,142,335,FINAL (ENTRADA MANUAL)
102,7,1,123,136,0,0,14,0,273,620,FINAL (ENTRADA MANUAL)
102,7,2,114,130,0,0,9,0,253,619,FINAL (ENTRADA MANUAL)
102,8,1,114,129,1,0,5,0,249,606,FINAL (ENTRADA MANUAL)
102,8,2,106,138,0,0,13,0,257,606,FINAL (ENTRADA MANUAL)
102,8,3,127,130,0,0,1,0,258,606,FINAL (ENTRADA MANUAL)
102,8,4,98,136,0,0,14,0,248,606,FINAL (ENTRADA MANUAL)
102,8,5,79,167,1,0,16,0,263,606,FINAL (ENTRADA MANUAL)
102,8,6,103,135,0,0,4,0,242,606,FINAL (ENTRADA MANUAL)
102,8,7,110,114,0,0,0,0,224,606,FINAL (ENTRADA MANUAL)
102,8,8,115,129,0,0,1,0,245,606,FINAL (ENTRADA MANUAL)
102,9,1,68,143,0,0,8,0,219,421,FINAL (ENTRADA MANUAL)
102,10,1,117,80,0,0,3,0,200,485,FINAL (ENTRADA MANUAL)
102,10,2,93,111,0,0,2,0,206,485,FINAL (ENTRADA MANUAL)
102,10,3,99,110,0,0,9,0,218,485,FINAL (ENTRADA MANUAL)
102,11,1,107,116,0,0,11,0,234,487,FINAL (ENTRADA MANUAL)
102,11,2,116,103,0,0,11,0,230,487,FINAL (ENTRADA MANUAL)
102,12,1,114,127,0,0,2,0,243,579,FINAL (ENTRADA MANUAL)
102,12,2,99,129,0,0,2,0,230,579,FINAL (ENTRADA MANUAL)
102,12,3,120,115,0,0,2,0,237,579,FINAL (ENTRADA MANUAL)
102,12,4,99,118,0,0,1,0,218,579,FINAL (ENTRADA MANUAL)
102,12,5,99,108,0,0,5,0,212,579,FINAL (ENTRADA MANUAL)
102,12,6,112,119,0,0,19,0,250,579,FINAL (ENTRADA MANUAL)
102,12,7,96,109,0,0,12,0,217,580,FINAL (ENTRADA MANUAL)
102,13,1,93,153,0,0,4,0,250,594,FINAL (ENTRADA MANUAL)
102,13,2,87,158,0,0,5,0,250,594,FINAL (ENTRADA MANUAL)
102,14,1,85,132,1,0,12,0,230,596,FINAL (ENTRADA MANUAL)
102,14,2,72,146,1,0,23,0,242,596,FINAL (ENTRADA MANUAL)
102,14,3,78,144,1,0,9,0,232,596,FINAL (ENTRADA MANUAL)
102,74,1,32,49,0,0,2,0,83,0,FINAL (ENTRADA MANUAL)
102,74,2,39,30,0,0,3,0,72,0,FINAL (ENTRADA MANUAL)
102,74,3,32,33,0,0,6,0,71,0,FINAL (ENTRADA MANUAL)
102,74,4,26,45,0,0,1,0,72,0,FINAL (ENTRADA MANUAL)
102,74,5,23,41,0,0,4,0,68,0,FINAL (ENTRADA MANUAL)
102,74,6,14,15,0,0,6,0,35,0,FINAL (ENTRADA MANUAL)
102,74,7,54,43,0,0,4,0,101,0,FINAL (ENTRADA MANUAL)
102,74,8,55,40,0,0,1,0,96,0,FINAL (ENTRADA MANUAL)
102,74,9,5,14,0,0,0,0,19,0,FINAL (ENTRADA MANUAL)
102,74,10,28,10,0,0,0,0,38,0,FINAL (ENTRADA MANUAL)
102,74,11,42,30,0,0,0,0,72,0,FINAL (ENTRADA MANUAL)
102,74,12,44,30,0,0,3,0,77,0,FINAL (ENTRADA MANUAL)
102,74,13,37,31,1,0,0,0,69,0,FINAL (ENTRADA MANUAL)
102,74,14,33,36,0,0,0,0,69,0,FINAL (ENTRADA MANUAL)
102,74,15,27,36,0,0,4,0,67,0,FINAL (ENTRADA MANUAL)
102,74,16,44,50,0,0,8,0,102,0,FINAL (ENTRADA MANUAL)
102,74,17,0,0,0,0,0,0,0,0,FINAL (ENTRADA MANUAL)
102,75,1,20,26,1,0,0,0,47,0,FINAL (ENTRADA MANUAL)
102,75,2,2,3,0,0,0,0,5,0,FINAL (ENTRADA MANUAL)
102,75,3,0,0,0,0,0,0,0,0,FINAL (ENTRADA MANUAL)
102,77,1,273,274,0,0,0,0,547,0,FINAL (ENTRADA MANUAL)
102,77,2,189,218,0,0,0,0,407,0,FINAL (ENTRADA MANUAL)
102,77,3,7,20,0,0,0,0,27,0,FINAL (ENTRADA MANUAL)
102,77,5,0,0,0,0,0,0,0,0,FINAL (ENTRADA MANUAL)
102,78,1,36,60,0,0,3,0,99,0,FINAL (ENTRADA MANUAL)
102,78,2,0,0,0,0,0,0,0,0,FINAL (ENTRADA MANUAL)
102,78,3,0,0,0,0,0,0,0,0,FINAL (ENTRADA MANUAL)
102,79,1,0,0,0,0,0,0,0,0,FINAL (ENTRADA MANUAL)
103,1,1,110,103,0,0,14,0,227,519,FINAL (ENTRADA MANUAL)
103,1,2,91,93,0,0,19,0,203,519,FINAL (ENTRADA MANUAL)
103,1,3,123,102,0,0,14,0,239,519,FINAL (ENTRADA MANUAL)
103,1,4,116,115,1,0,8,0,240,519,FINAL (ENTRADA MANUAL)
103,1,5,86,110,1,0,26,0,223,520,FINAL (ENTRADA MANUAL)
103,2,1,101,114,1,0,6,0,222,452,FINAL (ENTRADA MANUAL)
103,2,2,82,124,0,0,5,0,211,452,FINAL (ENTRADA MANUAL)
103,2,3,94,99,0,0,10,0,203,453,FINAL (ENTRADA MANUAL)
103,3,1,70,105,0,0,33,0,208,454,FINAL (ENTRADA MANUAL)
103,3,2,101,89,0,0,22,0,212,454,FINAL (ENTRADA MANUAL)
103,3,3,96,129,0,0,7,0,232,454,FINAL (ENTRADA MANUAL)
103,3,4,85,101,0,0,27,0,213,455,FINAL (ENTRADA MANUAL)
103,4,1,51,130,0,0,40,0,221,499,FINAL (ENTRADA MANUAL)
103,4,2,66,150,0,0,14,0,230,499,FINAL (ENTRADA MANUAL)
103,4,3,75,154,0,0,9,0,238,499,FINAL (ENTRADA MANUAL)
103,4,4,65,129,0,0,16,0,210,500,FINAL (ENTRADA MANUAL)
103,5,1,72,117,0,0,5,0,194,425,FINAL (ENTRADA MANUAL)
103,5,2,61,114,0,0,8,0,183,425,FINAL (ENTRADA MANUAL)
103,5,3,75,114,0,0,14,0,203,424,FINAL (ENTRADA MANUAL)
103,6,1,147,137,0,0,4,0,288,559,FINAL (ENTRADA MANUAL)
103,6,2,132,157,0,0,8,0,297,559,FINAL (ENTRADA MANUAL)
103,6,3,144,123,0,0,12,0,279,559,FINAL (ENTRADA MANUAL)
103,6,4,124,136,0,0,3,0,260,559,FINAL (ENTRADA MANUAL)
103,6,5,114,141,0,0,6,0,261,559,FINAL (ENTRADA MANUAL)
103,6,6,118,117,0,0,15,0,250,560,FINAL (ENTRADA MANUAL)
103,7,1,68,152,0,0,6,0,226,644,FINAL (ENTRADA MANUAL)
103,7,2,80,136,0,0,12,0,228,645,FINAL (ENTRADA MANUAL)
103,8,1,116,145,0,0,2,0,263,547,FINAL (ENTRADA MANUAL)
103,8,2,114,150,1,0,12,0,277,547,FINAL (ENTRADA MANUAL)
103,8,3,111,156,1,0,18,0,286,547,FINAL (ENTRADA MANUAL)
103,9,1,90,122,0,0,15,0,227,479,FINAL (ENTRADA MANUAL)
103,9,2,93,125,0,0,8,0,226,479,FINAL (ENTRADA MANUAL)
103,9,3,82,128,0,0,9,0,219,479,FINAL (ENTRADA MANUAL)
103,9,4,87,105,1,0,4,0,197,478,FINAL (ENTRADA MANUAL)
103,74,1,17,28,0,0,11,0,56,0,FINAL (ENTRADA MANUAL)
103,74,2,17,28,0,0,13,0,58,0,FINAL (ENTRADA MANUAL)
103,74,3,9,68,0,0,3,0,80,0,FINAL (ENTRADA MANUAL)
103,74,4,16,62,0,0,0,0,78,0,FINAL (ENTRADA MANUAL)
103,74,5,8,41,0,0,1,0,50,0,FINAL (ENTRADA MANUAL)
103,74,6,15,26,0,0,6,0,47,0,FINAL (ENTRADA MANUAL)
103,75,1,0,0,0,0,0,0,0,0,FINAL (ENTRADA MANUAL)
103,75,2,0,0,0,0,0,0,0,0,FINAL (ENTRADA MANUAL)
103,77,1,74,146,0,0,0,0,220,0,FINAL (ENTRADA MANUAL)
103,77,2,82,118,0,0,0,0,200,0,FINAL (ENTRADA MANUAL)
103,77,3,76,136,0,0,20,1,233,0,FINAL (ENTRADA MANUAL)
103,77,5,0,0,0,0,0,0,0,0,FINAL (ENTRADA MANUAL)
103,78,1,25,24,0,0,2,0,51,0,FINAL (ENTRADA MANUAL)
103,78,2,0,0,0,0,0,0,0,0,FINAL (ENTRADA MANUAL)
103,78,3,0,0,0,0,0,0,0,0,FINAL (ENTRADA MANUAL)
103,79,1,0,2,0,0,0,0,2,0,FINAL (ENTRADA MANUAL)
104,1,1,90,127,0,0,13,0,230,460,FINAL (ENTRADA MANUAL)
104,1,2,86,120,1,0,10,0,217,461,FINAL (ENTRADA MANUAL)
104,2,1,73,96,0,0,15,0,184,451,FINAL (ENTRADA MANUAL)
104,2,2,67,87,0,0,11,0,165,451,FINAL (ENTRADA MANUAL)
104,2,3,87,90,0,0,14,0,191,452,FINAL (ENTRADA MANUAL)
104,3,1,108,128,1,0,21,0,258,530,FINAL (ENTRADA MANUAL)
104,3,2,123,114,0,0,3,0,240,530,FINAL (ENTRADA MANUAL)
104,3,3,95,116,0,0,16,0,227,530,FINAL (ENTRADA MANUAL)
104,3,4,93,117,0,0,25,0,235,532,FINAL (ENTRADA MANUAL)
104,4,1,93,145,0,0,17,0,255,590,FINAL (ENTRADA MANUAL)
104,4,2,119,126,0,0,26,0,271,590,FINAL (ENTRADA MANUAL)
104,5,1,102,153,1,0,3,0,259,601,FINAL (ENTRADA MANUAL)
104,5,2,92,152,0,0,3,0,247,601,FINAL (ENTRADA MANUAL)
104,5,3,93,154,0,0,7,0,254,600,FINAL (ENTRADA MANUAL)
104,6,1,126,180,0,0,3,0,309,483,FINAL (ENTRADA MANUAL)
104,6,2,129,164,0,0,3,0,296,483,FINAL (ENTRADA MANUAL)
104,6,3,149,139,0,0,3,0,291,483,FINAL (ENTRADA MANUAL)
104,6,4,151,151,1,0,4,0,307,483,FINAL (ENTRADA MANUAL)
104,6,5,161,149,0,0,3,0,313,483,FINAL (ENTRADA MANUAL)
104,6,6,141,150,0,0,4,0,295,481,FINAL (ENTRADA MANUAL)
104,7,1,113,154,0,0,11,0,278,543,FINAL (ENTRADA MANUAL)
104,8,1,103,121,0,0,11,0,235,493,FINAL (ENTRADA MANUAL)
104,8,2,90,123,1,0,14,0,228,493,FINAL (ENTRADA MANUAL)
104,8,3,95,90,0,0,18,0,203,493,FINAL (ENTRADA MANUAL)
104,8,4,85,118,0,0,12,0,215,494,FINAL (ENTRADA MANUAL)
104,74,1,35,54,0,0,16,0,105,0,FINAL (ENTRADA MANUAL)
104,74,2,50,42,0,0,4,0,96,0,FINAL (ENTRADA MANUAL)
104,74,3,34,50,0,0,8,0,92,0,FINAL (ENTRADA MANUAL)
104,74,4,45,54,0,0,9,0,108,0,FINAL (ENTRADA MANUAL)
104,74,5,44,63,0,0,0,0,107,0,FINAL (ENTRADA MANUAL)
104,74,6,43,59,0,0,1,0,103,0,FINAL (ENTRADA MANUAL)
104,74,7,0,0,0,0,0,0,0,0,FINAL (ENTRADA MANUAL)
104,74,8,0,0,0,0,0,0,0,0,FINAL (ENTRADA MANUAL)
104,74,9,0,0,0,0,0,0,0,0,FINAL (ENTRADA MANUAL)
104,75,1,2,3,0,0,0,0,5,0,FINAL (ENTRADA MANUAL)
104,77,1,7,8,0,0,0,0,15,0,FINAL (ENTRADA MANUAL)
104,77,2,152,218,0,0,0,0,370,0,FINAL (ENTRADA MANUAL)
104,77,3,113,92,0,0,12,10,227,0,FINAL (ENTRADA MANUAL)
104,77,5,0,0,0,0,0,0,0,0,FINAL (ENTRADA MANUAL)
104,78,1,17,26,0,0,2,0,45,0,FINAL (ENTRADA MANUAL)
104,78,2,0,0,0,0,0,0,0,0,FINAL (ENTRADA MANUAL)
104,78,3,0,0,0,0,0,0,0,0,FINAL (ENTRADA MANUAL)
105,1,1,69,114,0,0,14,0,197,535,FINAL (ENTRADA MANUAL)
105,2,1,95,129,0,0,11,0,235,559,FINAL (ENTRADA MANUAL)
105,2,2,97,125,0,0,3,0,225,559,FINAL (ENTRADA MANUAL)
105,2,3,100,100,0,0,6,0,206,559,FINAL (ENTRADA MANUAL)
105,2,4,85,135,0,0,6,0,226,559,FINAL (ENTRADA MANUAL)
105,2,5,85,109,0,0,7,0,201,559,FINAL (ENTRADA MANUAL)
105,2,6,79,129,0,0,19,0,227,558,FINAL (ENTRADA MANUAL)
105,3,1,91,147,0,0,1,0,239,643,FINAL (ENTRADA MANUAL)
105,3,2,65,127,0,0,14,0,206,643,FINAL (ENTRADA MANUAL)
105,3,3,67,142,0,0,5,0,214,642,FINAL (ENTRADA MANUAL)
105,4,1,119,145,0,0,5,0,269,552,FINAL (ENTRADA MANUAL)
105,4,2,129,119,0,0,5,0,253,552,FINAL (ENTRADA MANUAL)
105,4,3,124,125,0,0,5,0,254,552,FINAL (ENTRADA MANUAL)
105,4,4,96,138,0,0,7,0,241,554,FINAL (ENTRADA MANUAL)
105,5,1,146,118,0,0,5,0,269,592,FINAL (ENTRADA MANUAL)
105,5,2,130,115,1,0,12,0,258,592,FINAL (ENTRADA MANUAL)
105,5,3,149,115,1,0,5,0,270,592,FINAL (ENTRADA MANUAL)
105,5,4,123,146,0,0,11,0,280,592,FINAL (ENTRADA MANUAL)
105,5,5,126,131,0,0,11,0,268,594,FINAL (ENTRADA MANUAL)
105,6,1,81,137,0,0,5,0,223,585,FINAL (ENTRADA MANUAL)
105,6,2,75,144,0,0,12,0,231,585,FINAL (ENTRADA MANUAL)
105,6,3,71,137,1,0,4,0,213,584,FINAL (ENTRADA MANUAL)
105,7,1,80,131,0,0,6,0,217,532,FINAL (ENTRADA MANUAL)
105,7,2,63,120,0,0,6,0,189,532,FINAL (ENTRADA MANUAL)
105,7,3,63,117,0,0,36,0,216,532,FINAL (ENTRADA MANUAL)
105,7,4,52,117,0,0,7,0,176,532,FINAL (ENTRADA MANUAL)
105,7,5,62,101,0,0,14,0,177,534,FINAL (ENTRADA MANUAL)
105,74,1,31,33,2,0,3,0,69,0,FINAL (ENTRADA MANUAL)
105,74,2,26,29,1,0,2,0,58,0,FINAL (ENTRADA MANUAL)
105,74,3,45,29,0,0,5,0,79,0,FINAL (ENTRADA MANUAL)
105,74,4,46,23,0,0,1,0,70,0,FINAL (ENTRADA MANUAL)
105,74,5,47,26,0,0,3,0,76,0,FINAL (ENTRADA MANUAL)
105,74,6,47,39,0,0,3,0,88,0,FINAL (ENTRADA MANUAL)
105,74,7,35,37,0,0,19,0,91,0,FINAL (ENTRADA MANUAL)
105,74,8,0,0,0,0,0,0,0,0,FINAL (ENTRADA MANUAL)
105,75,1,0,0,0,0,0,0,0,0,FINAL (ENTRADA MANUAL)
105,75,2,0,0,0,0,0,0,0,0,FINAL (ENTRADA MANUAL)
105,77,1,42,75,0,0,0,0,117,0,FINAL (ENTRADA MANUAL)
105,77,2,155,352,0,0,0,0,507,0,FINAL (ENTRADA MANUAL)
105,77,3,62,108,0,0,23,0,193,0,FINAL (ENTRADA MANUAL)
105,77,5,0,0,0,0,0,0,0,0,FINAL (ENTRADA MANUAL)
105,78,1,12,32,0,0,0,0,44,0,FINAL (ENTRADA MANUAL)
105,78,2,0,0,0,0,0,0,0,0,FINAL (ENTRADA MANUAL)
105,78,3,0,0,0,0,0,0,0,0,FINAL (ENTRADA MANUAL)
106,1,1,114,93,0,0,24,0,231,548,FINAL (ENTRADA MANUAL)
106,1,2,134,114,0,0,8,0,256,548,FINAL (ENTRADA MANUAL)
106,1,3,127,122,0,0,5,0,254,547,FINAL (ENTRADA MANUAL)
106,2,1,122,148,0,0,7,0,277,553,FINAL (ENTRADA MANUAL)
106,2,2,124,122,0,0,2,0,248,553,FINAL (ENTRADA MANUAL)
106,2,3,133,117,0,0,14,0,264,553,FINAL (ENTRADA MANUAL)
106,2,4,127,147,0,0,6,0,280,553,FINAL (ENTRADA MANUAL)
106,2,5,133,119,1,0,13,0,266,553,FINAL (ENTRADA MANUAL)
106,2,6,129,127,0,0,13,0,269,553,FINAL (ENTRADA MANUAL)
106,3,1,123,126,0,0,2,0,251,564,FINAL (ENTRADA MANUAL)
106,3,2,141,129,2,0,1,0,273,564,FINAL (ENTRADA MANUAL)
106,3,3,138,118,0,0,10,0,266,564,FINAL (ENTRADA MANUAL)
106,3,4,141,140,0,0,4,0,285,564,FINAL (ENTRADA MANUAL)
106,3,5,147,119,0,0,7,0,273,564,FINAL (ENTRADA MANUAL)
106,3,6,122,138,0,0,3,0,263,567,FINAL (ENTRADA MANUAL)
106,4,1,73,155,1,0,19,0,248,515,FINAL (ENTRADA MANUAL)
106,4,2,80,151,0,0,14,0,245,515,FINAL (ENTRADA MANUAL)
106,4,3,92,116,0,0,6,0,214,515,FINAL (ENTRADA MANUAL)
106,4,4,72,142,0,0,2,0,216,515,FINAL (ENTRADA MANUAL)
106,4,5,88,141,0,0,4,0,233,513,FINAL (ENTRADA MANUAL)
106,5,1,80,168,1,0,5,0,254,516,FINAL (ENTRADA MANUAL)
106,5,2,103,136,0,0,2,0,241,516,FINAL (ENTRADA MANUAL)
106,5,3,108,144,0,0,7,0,259,515,FINAL (ENTRADA MANUAL)
106,6,1,137,156,1,0,3,0,297,564,FINAL (ENTRADA MANUAL)
106,6,2,95,162,0,0,25,0,282,565,FINAL (ENTRADA MANUAL)
106,7,1,89,104,1,0,1,0,195,534,FINAL (ENTRADA MANUAL)
106,7,2,89,100,0,0,4,0,193,534,FINAL (ENTRADA MANUAL)
106,7,3,110,75,0,0,5,0,190,534,FINAL (ENTRADA MANUAL)
106,8,1,173,106,0,0,3,0,282,592,FINAL (ENTRADA MANUAL)
106,8,2,155,137,0,0,4,0,296,592,FINAL (ENTRADA MANUAL)
106,8,3,154,102,0,0,11,0,267,592,FINAL (ENTRADA MANUAL)
106,8,4,148,119,0,0,3,0,270,592,FINAL (ENTRADA MANUAL)
106,8,5,160,99,0,0,8,0,267,592,FINAL (ENTRADA MANUAL)
106,8,6,153,139,1,0,6,0,299,595,FINAL (ENTRADA MANUAL)
106,9,1,102,123,0,0,5,0,230,604,FINAL (ENTRADA MANUAL)
106,9,2,83,132,0,0,20,0,235,604,FINAL (ENTRADA MANUAL)
106,9,3,108,141,1,0,8,0,258,604,FINAL (ENTRADA MANUAL)
106,9,4,90,122,1,0,23,0,236,604,FINAL (ENTRADA MANUAL)
106,9,5,110,144,0,0,9,0,263,606,FINAL (ENTRADA MANUAL)
106,74,1,37,65,0,0,1,0,103,0,FINAL (ENTRADA MANUAL)
106,74,2,46,50,0,0,0,0,96,0,FINAL (ENTRADA MANUAL)
106,74,3,22,42,0,0,4,0,68,0,FINAL (ENTRADA MANUAL)
106,74,4,0,0,0,0,0,0,0,0,FINAL (ENTRADA MANUAL)
106,75,1,41,51,0,0,2,1,95,0,FINAL (ENTRADA MANUAL)
106,75,2,0,0,0,0,0,0,0,0,FINAL (ENTRADA MANUAL)
106,75,3,0,0,0,0,0,0,0,0,FINAL (ENTRADA MANUAL)
106,77,1,176,290,0,0,0,0,488,0,FINAL (ENTRADA MANUAL)
106,77,2,99,202,0,0,0,0,301,0,FINAL (ENTRADA MANUAL)
106,77,3,0,0,0,0,0,0,0,0,FINAL (ENTRADA MANUAL)
106,77,5,0,0,0,0,0,0,0,0,FINAL (ENTRADA MANUAL)
106,78,1,26,64,0,0,1,0,91,0,FINAL (ENTRADA MANUAL)
106,78,2,0,0,0,0,0,0,0,0,FINAL (ENTRADA MANUAL)
106,78,3,0,0,0,0,0,0,0,0,FINAL (ENTRADA MANUAL)
106,79,1,0,0,0,0,0,0,0,0,FINAL (ENTRADA MANUAL)
107,1,1,121,134,0,0,4,0,259,568,FINAL (ENTRADA MANUAL)
107,1,2,92,117,1,0,5,0,215,568,FINAL (ENTRADA MANUAL)
107,1,3,118,127,0,0,2,0,247,568,FINAL (ENTRADA MANUAL)
107,1,4,119,142,0,0,3,0,264,568,FINAL (ENTRADA MANUAL)
107,1,5,119,118,0,0,5,0,242,568,FINAL (ENTRADA MANUAL)
107,1,6,122,108,0,0,3,0,233,568,FINAL (ENTRADA MANUAL)
107,1,7,126,124,1,0,5,0,256,567,FINAL (ENTRADA MANUAL)
107,2,1,152,131,0,0,10,0,293,522,FINAL (ENTRADA MANUAL)
107,2,2,138,128,1,0,18,0,267,522,FINAL (ENTRADA MANUAL)
107,2,3,151,122,0,0,3,0,276,522,FINAL (ENTRADA MANUAL)
107,2,4,151,118,0,0,19,0,288,521,FINAL (ENTRADA MANUAL)
107,3,1,114,109,0,0,15,0,238,564,FINAL (ENTRADA MANUAL)
107,3,2,126,87,0,0,0,0,213,564,FINAL (ENTRADA MANUAL)
107,3,3,107,111,0,0,7,0,225,564,FINAL (ENTRADA MANUAL)
107,3,4,118,117,0,0,5,0,240,564,FINAL (ENTRADA MANUAL)
107,3,5,115,115,1,0,4,0,235,564,FINAL (ENTRADA MANUAL)
107,3,6,94,107,0,0,6,0,207,564,FINAL (ENTRADA MANUAL)
107,3,7,149,118,0,0,6,0,273,565,FINAL (ENTRADA MANUAL)
107,4,1,120,124,0,0,5,0,249,634,FINAL (ENTRADA MANUAL)
107,4,2,95,123,0,0,10,0,228,634,FINAL (ENTRADA MANUAL)
107,4,3,105,115,2,0,8,0,230,634,FINAL (ENTRADA MANUAL)
107,4,4,121,115,1,0,5,0,242,634,FINAL (ENTRADA MANUAL)
107,4,5,116,118,0,0,3,0,237,634,FINAL (ENTRADA MANUAL)
107,4,6,99,133,0,0,2,0,234,634,FINAL (ENTRADA MANUAL)
107,4,7,90,132,0,0,3,0,225,637,FINAL (ENTRADA MANUAL)
107,5,1,119,116,0,0,14,0,249,640,FINAL (ENTRADA MANUAL)
107,5,2,113,122,0,0,8,0,243,640,FINAL (ENTRADA MANUAL)
107,5,3,103,115,0,0,2,0,220,640,FINAL (ENTRADA MANUAL)
107,5,4,117,88,0,0,6,0,211,639,FINAL (ENTRADA MANUAL)
107,6,1,111,132,0,0,1,0,244,545,FINAL (ENTRADA MANUAL)
107,6,2,83,111,0,0,9,0,203,545,FINAL (ENTRADA MANUAL)
107,6,3,95,108,0,0,5,0,208,545,FINAL (ENTRADA MANUAL)
107,6,4,90,135,0,0,2,0,227,546,FINAL (ENTRADA MANUAL)
107,7,1,111,102,0,0,24,0,237,455,FINAL (ENTRADA MANUAL)
107,7,2,106,119,0,0,3,0,228,455,FINAL (ENTRADA MANUAL)
107,7,3,103,116,0,0,5,0,224,455,FINAL (ENTRADA MANUAL)
107,7,4,109,117,0,0,4,0,230,455,FINAL (ENTRADA MANUAL)
107,8,1,122,104,0,0,15,0,241,557,FINAL (ENTRADA MANUAL)
107,8,2,131,149,0,0,3,0,283,557,FINAL (ENTRADA MANUAL)
107,8,3,127,134,0,0,10,0,271,557,FINAL (ENTRADA MANUAL)
107,9,1,109,125,0,0,4,0,238,588,FINAL (ENTRADA MANUAL)
107,9,2,112,116,0,0,1,0,229,588,FINAL (ENTRADA MANUAL)
107,9,3,84,101,0,0,3,0,188,588,FINAL (ENTRADA MANUAL)
107,9,4,119,96,0,0,3,0,218,588,FINAL (ENTRADA MANUAL)
107,9,5,112,105,0,0,7,0,224,588,FINAL (ENTRADA MANUAL)
107,9,6,84,124,0,0,5,0,213,588,FINAL (ENTRADA MANUAL)
107,9,7,87,97,0,0,27,0,211,588,FINAL (ENTRADA MANUAL)
107,9,8,107,105,0,0,13,0,224,587,FINAL (ENTRADA MANUAL)
107,10,1,144,117,0,0,12,0,273,574,FINAL (ENTRADA MANUAL)
107,10,2,150,136,2,0,10,0,298,574,FINAL (ENTRADA MANUAL)
107,10,3,131,122,0,0,3,0,256,574,FINAL (ENTRADA MANUAL)
107,10,4,170,126,0,0,2,0,298,574,FINAL (ENTRADA MANUAL)
107,10,5,161,128,0,0,4,0,293,574,FINAL (ENTRADA MANUAL)
107,10,6,148,118,0,0,6,0,272,574,FINAL (ENTRADA MANUAL)
107,10,7,143,119,0,0,5,0,267,574,FINAL (ENTRADA MANUAL)
107,10,8,140,137,0,0,5,0,282,577,FINAL (ENTRADA MANUAL)
107,74,1,51,45,0,0,1,0,97,0,FINAL (ENTRADA MANUAL)
107,74,2,51,28,0,0,6,0,85,0,FINAL (ENTRADA MANUAL)
107,74,3,43,29,0,0,2,0,74,0,FINAL (ENTRADA MANUAL)
107,74,4,37,33,0,0,3,0,73,0,FINAL (ENTRADA MANUAL)
107,74,5,49,26,1,0,3,0,79,0,FINAL (ENTRADA MANUAL)
107,74,6,45,42,2,0,3,0,92,0,FINAL (ENTRADA MANUAL)
107,74,7,46,21,0,0,6,0,73,0,FINAL (ENTRADA MANUAL)
107,74,8,48,32,0,0,2,0,82,0,FINAL (ENTRADA MANUAL)
107,74,9,0,0,0,0,0,0,0,0,FINAL (ENTRADA MANUAL)
107,75,1,0,0,0,0,0,0,0,0,FINAL (ENTRADA MANUAL)
107,77,1,432,765,0,0,58,0,1255,0,FINAL (ENTRADA MANUAL)
107,77,2,0,0,0,0,0,0,0,0,FINAL (ENTRADA MANUAL)
107,77,3,0,0,0,0,0,0,0,0,FINAL (ENTRADA MANUAL)
107,77,5,0,0,0,0,0,0,0,0,FINAL (ENTRADA MANUAL)
107,78,1,36,67,0,0,2,0,105,0,FINAL (ENTRADA MANUAL)
107,78,2,0,0,0,0,0,0,0,0,FINAL (ENTRADA MANUAL)
107,78,3,5,7,0,0,0,2,14,0,FINAL (ENTRADA MANUAL)
108,1,1,123,163,0,0,2,0,288,596,FINAL (ENTRADA MANUAL)
108,1,2,99,167,0,0,3,0,269,596,FINAL (ENTRADA MANUAL)
108,1,3,114,142,0,0,7,0,263,596,FINAL (ENTRADA MANUAL)
108,1,4,105,131,0,0,5,0,241,596,FINAL (ENTRADA MANUAL)
108,1,5,111,160,2,0,4,0,277,596,FINAL (ENTRADA MANUAL)
108,1,6,110,170,0,0,5,0,285,596,FINAL (ENTRADA MANUAL)
108,1,7,105,133,0,0,8,0,246,596,FINAL (ENTRADA MANUAL)
108,2,1,125,134,0,0,3,0,262,558,FINAL (ENTRADA MANUAL)
108,2,2,125,128,0,0,7,0,260,558,FINAL (ENTRADA MANUAL)
108,2,3,103,136,0,0,6,0,245,558,FINAL (ENTRADA MANUAL)
108,2,4,119,137,0,0,4,0,260,556,FINAL (ENTRADA MANUAL)
108,3,1,133,118,2,0,1,0,254,615,FINAL (ENTRADA MANUAL)
108,3,2,120,139,0,0,0,0,259,615,FINAL (ENTRADA MANUAL)
108,3,3,118,140,0,0,11,0,269,615,FINAL (ENTRADA MANUAL)
108,4,1,108,128,0,0,1,2,239,551,FINAL (ENTRADA MANUAL)
108,4,2,107,107,0,0,11,0,225,551,FINAL (ENTRADA MANUAL)
108,4,3,122,113,0,0,3,0,238,551,FINAL (ENTRADA MANUAL)
108,4,4,114,114,0,0,3,0,231,551,FINAL (ENTRADA MANUAL)
108,4,5,108,122,0,0,5,0,235,551,FINAL (ENTRADA MANUAL)
108,4,6,104,126,0,0,2,0,232,551,FINAL (ENTRADA MANUAL)
108,4,7,125,112,0,0,2,0,239,551,FINAL (ENTRADA MANUAL)
108,4,8,115,123,0,0,4,0,242,552,FINAL (ENTRADA MANUAL)
108,5,1,134,132,0,0,8,0,274,621,FINAL (ENTRADA MANUAL)
108,5,2,147,129,0,0,12,0,288,621,FINAL (ENTRADA MANUAL)
108,6,1,132,125,0,0,3,0,260,523,FINAL (ENTRADA MANUAL)
108,6,2,129,134,0,0,1,0,264,523,FINAL (ENTRADA MANUAL)
108,6,3,114,124,0,0,4,0,242,523,FINAL (ENTRADA MANUAL)
108,6,4,127,141,1,0,4,0,273,522,FINAL (ENTRADA MANUAL)
108,7,1,120,138,0,0,3,0,261,572,FINAL (ENTRADA MANUAL)
108,7,2,119,143,0,0,0,0,262,572,FINAL (ENTRADA MANUAL)
108,7,3,91,140,0,0,18,0,249,572,FINAL (ENTRADA MANUAL)
108,7,4,150,128,0,0,3,0,281,572,FINAL (ENTRADA MANUAL)
108,7,5,117,116,0,0,6,0,239,572,FINAL (ENTRADA MANUAL)
108,7,6,121,141,0,0,4,0,266,573,FINAL (ENTRADA MANUAL)
108,8,1,149,142,0,0,3,0,294,546,FINAL (ENTRADA MANUAL)
108,8,2,155,138,0,0,11,0,304,546,FINAL (ENTRADA MANUAL)
108,8,3,131,133,0,0,2,0,266,546,FINAL (ENTRADA MANUAL)
108,8,4,140,128,0,0,5,0,273,546,FINAL (ENTRADA MANUAL)
108,8,5,158,140,0,0,9,0,307,546,FINAL (ENTRADA MANUAL)
108,8,6,158,140,0,0,2,0,300,548,FINAL (ENTRADA MANUAL)
108,9,1,96,113,0,0,10,0,219,495,FINAL (ENTRADA MANUAL)
108,9,2,112,124,0,0,13,0,249,495,FINAL (ENTRADA MANUAL)
108,9,3,101,133,0,0,9,0,243,494,FINAL (ENTRADA MANUAL)
108,10,1,109,107,2,0,20,0,238,486,FINAL (ENTRADA MANUAL)
108,10,2,103,102,1,0,9,0,215,486,FINAL (ENTRADA MANUAL)
108,10,3,105,97,0,0,5,0,207,486,FINAL (ENTRADA MANUAL)
108,10,4,89,104,0,0,1,0,194,487,FINAL (ENTRADA MANUAL)
108,11,1,119,118,1,0,9,0,247,554,FINAL (ENTRADA MANUAL)
108,11,2,110,105,0,0,7,0,222,554,FINAL (ENTRADA MANUAL)
108,11,3,121,139,0,0,4,0,264,554,FINAL (ENTRADA MANUAL)
108,11,4,135,110,0,0,0,0,245,554,FINAL (ENTRADA MANUAL)
108,11,5,123,132,0,0,1,0,256,553,FINAL (ENTRADA MANUAL)
108,12,1,102,107,0,0,9,0,218,471,FINAL (ENTRADA MANUAL)
108,12,2,79,111,0,0,3,0,193,471,FINAL (ENTRADA MANUAL)
108,12,3,126,108,0,0,1,0,235,471,FINAL (ENTRADA MANUAL)
108,12,4,104,120,0,0,4,0,228,471,FINAL (ENTRADA MANUAL)
108,13,1,111,113,0,0,4,0,228,544,FINAL (ENTRADA MANUAL)
108,13,2,104,97,0,0,15,0,216,544,FINAL (ENTRADA MANUAL)
108,13,3,127,96,0,0,6,0,229,545,FINAL (ENTRADA MANUAL)
108,14,1,155,119,2,0,8,0,284,618,FINAL (ENTRADA MANUAL)
108,14,2,135,142,0,0,14,0,291,618,FINAL (ENTRADA MANUAL)
108,14,3,155,112,0,0,22,0,289,618,FINAL (ENTRADA MANUAL)
108,14,4,132,146,0,0,1,0,279,618,FINAL (ENTRADA MANUAL)
108,14,5,157,119,0,0,3,0,279,618,FINAL (ENTRADA MANUAL)
108,14,6,151,146,0,0,6,0,303,618,FINAL (ENTRADA MANUAL)
108,15,1,120,145,0,0,5,0,270,627,FINAL (ENTRADA MANUAL)
108,15,2,132,135,0,0,4,0,271,627,FINAL (ENTRADA MANUAL)
108,15,3,126,134,0,0,7,0,267,627,FINAL (ENTRADA MANUAL)
108,15,4,130,131,1,0,12,0,274,627,FINAL (ENTRADA MANUAL)
108,15,5,135,121,0,0,19,0,275,629,FINAL (ENTRADA MANUAL)
108,16,1,134,140,0,0,6,0,280,624,FINAL (ENTRADA MANUAL)
108,16,2,133,129,1,0,1,0,264,624,FINAL (ENTRADA MANUAL)
108,16,3,113,132,0,0,8,0,253,624,FINAL (ENTRADA MANUAL)
108,16,4,131,127,0,0,4,0,262,624,FINAL (ENTRADA MANUAL)
108,16,5,124,136,0,0,22,0,282,624,FINAL (ENTRADA MANUAL)
108,17,1,68,88,0,0,0,0,156,393,FINAL (ENTRADA MANUAL)
108,17,2,67,87,0,0,2,0,156,393,FINAL (ENTRADA MANUAL)
108,18,1,96,100,0,0,4,0,200,504,FINAL (ENTRADA MANUAL)
108,18,2,104,106,1,0,1,0,212,504,FINAL (ENTRADA MANUAL)
108,18,3,93,112,0,0,5,0,210,504,FINAL (ENTRADA MANUAL)
108,18,4,98,114,0,0,8,0,220,505,FINAL (ENTRADA MANUAL)
108,19,1,134,115,0,0,7,0,256,502,FINAL (ENTRADA MANUAL)
108,19,2,131,103,0,0,2,0,236,502,FINAL (ENTRADA MANUAL)
108,19,3,144,116,0,0,4,0,264,502,FINAL (ENTRADA MANUAL)
108,19,4,127,114,0,0,8,0,249,502,FINAL (ENTRADA MANUAL)
108,19,5,130,119,0,0,4,0,253,504,FINAL (ENTRADA MANUAL)
108,20,1,105,132,1,0,8,0,246,585,FINAL (ENTRADA MANUAL)
108,20,2,105,127,0,0,1,0,233,585,FINAL (ENTRADA MANUAL)
108,20,3,88,109,0,0,11,0,208,585,FINAL (ENTRADA MANUAL)
108,20,4,98,112,0,0,11,0,221,585,FINAL (ENTRADA MANUAL)
108,20,5,104,100,0,0,10,0,214,586,FINAL (ENTRADA MANUAL)
108,74,1,29,32,0,0,0,0,61,0,FINAL (ENTRADA MANUAL)
108,74,2,32,16,0,0,7,0,55,0,FINAL (ENTRADA MANUAL)
108,74,3,45,32,0,0,0,0,77,0,FINAL (ENTRADA MANUAL)
108,74,4,45,36,0,0,1,0,82,0,FINAL (ENTRADA MANUAL)
108,74,5,48,59,0,0,1,0,108,0,FINAL (ENTRADA MANUAL)
108,74,6,49,53,0,0,6,0,108,0,FINAL (ENTRADA MANUAL)
108,74,7,37,38,0,0,1,0,76,0,FINAL (ENTRADA MANUAL)
108,74,8,22,36,0,0,1,0,59,0,FINAL (ENTRADA MANUAL)
108,74,9,24,35,0,0,1,0,60,0,FINAL (ENTRADA MANUAL)
108,74,10,31,24,0,0,1,0,56,0,FINAL (ENTRADA MANUAL)
108,74,11,0,0,0,0,0,0,0,0,FINAL (ENTRADA MANUAL)
108,75,1,0,0,0,0,0,0,0,0,FINAL (ENTRADA MANUAL)
108,75,2,1,0,0,0,0,0,1,0,FINAL (ENTRADA MANUAL)
108,75,3,26,25,0,0,1,1,53,0,FINAL (ENTRADA MANUAL)
108,77,1,548,712,0,0,0,0,1260,0,FINAL (ENTRADA MANUAL)
108,77,2,276,315,0,0,1,0,592,0,FINAL (ENTRADA MANUAL)
108,77,3,0,0,0,0,0,0,0,0,FINAL (ENTRADA MANUAL)
108,77,5,28,24,0,0,0,0,52,0,FINAL (ENTRADA MANUAL)
108,78,1,1,0,0,0,0,0,1,0,FINAL (ENTRADA MANUAL)
108,78,2,0,0,0,0,0,0,0,0,FINAL (ENTRADA MANUAL)
108,78,3,0,0,0,0,0,0,0,0,FINAL (ENTRADA MANUAL)
108,79,1,0,0,0,0,0,0,0,0,FINAL (ENTRADA MANUAL)
108,79,2,0,0,0,0,0,0,1,0,FINAL (ENTRADA MANUAL)
108,79,3,0,0,0,0,0,0,0,0,FINAL (ENTRADA MANUAL)
108,79,4,0,0,0,0,0,1,1,0,FINAL (ENTRADA MANUAL)
109,1,1,104,62,0,0,5,0,171,352,FINAL (ENTRADA MANUAL)
109,1,2,93,65,0,0,5,0,163,352,FINAL (ENTRADA MANUAL)
109,2,1,194,142,0,0,5,0,341,570,FINAL (ENTRADA MANUAL)
109,2,2,157,146,0,0,3,0,306,570,FINAL (ENTRADA MANUAL)
109,2,3,143,131,1,0,3,0,278,570,FINAL (ENTRADA MANUAL)
109,2,4,141,133,0,0,9,0,283,569,FINAL (ENTRADA MANUAL)
109,3,1,165,151,0,0,3,0,319,505,FINAL (ENTRADA MANUAL)
109,3,2,133,147,0,0,2,0,282,505,FINAL (ENTRADA MANUAL)
109,3,3,155,128,1,0,3,0,287,505,FINAL (ENTRADA MANUAL)
109,3,4,140,150,0,0,4,0,294,505,FINAL (ENTRADA MANUAL)
109,3,5,148,143,0,0,4,0,295,505,FINAL (ENTRADA MANUAL)
109,3,6,144,140,0,0,5,0,289,505,FINAL (ENTRADA MANUAL)
109,3,7,161,150,0,0,4,0,315,505,FINAL (ENTRADA MANUAL)
109,3,8,125,130,2,0,3,0,260,505,FINAL (ENTRADA MANUAL)
109,3,9,156,121,0,0,8,0,285,505,FINAL (ENTRADA MANUAL)
109,3,10,118,166,0,0,7,0,291,509,FINAL (ENTRADA MANUAL)
109,4,1,180,177,1,0,32,0,390,618,FINAL (ENTRADA MANUAL)
109,4,2,136,141,1,0,5,0,280,618,FINAL (ENTRADA MANUAL)
109,4,3,143,122,0,0,6,0,271,618,FINAL (ENTRADA MANUAL)
109,4,4,137,144,0,0,4,0,285,618,FINAL (ENTRADA MANUAL)
109,4,5,143,142,0,0,2,0,287,618,FINAL (ENTRADA MANUAL)
109,4,6,124,139,0,0,4,0,267,619,FINAL (ENTRADA MANUAL)
109,5,1,115,111,1,0,4,0,231,608,FINAL (ENTRADA MANUAL)
109,5,2,121,121,0,0,16,0,258,608,FINAL (ENTRADA MANUAL)
109,5,3,114,130,0,0,7,0,251,608,FINAL (ENTRADA MANUAL)
109,5,4,110,125,0,0,15,0,250,608,FINAL (ENTRADA MANUAL)
109,5,5,130,119,0,0,12,0,261,608,FINAL (ENTRADA MANUAL)
109,5,6,133,112,0,0,11,0,256,610,FINAL (ENTRADA MANUAL)
109,6,1,101,113,0,0,2,0,216,411,FINAL (ENTRADA MANUAL)
109,6,2,96,93,0,0,2,0,191,411,FINAL (ENTRADA MANUAL)
109,7,1,117,142,0,0,19,0,278,640,FINAL (ENTRADA MANUAL)
109,7,2,118,134,1,0,18,0,271,640,FINAL (ENTRADA MANUAL)
109,7,3,114,144,0,0,17,0,275,640,FINAL (ENTRADA MANUAL)
109,7,4,129,139,0,0,1,0,269,640,FINAL (ENTRADA MANUAL)
109,7,5,131,148,0,0,1,0,280,640,FINAL (ENTRADA MANUAL)
109,8,1,98,118,0,0,7,0,223,495,FINAL (ENTRADA MANUAL)
109,8,2,82,116,0,0,4,0,202,495,FINAL (ENTRADA MANUAL)
109,8,3,86,116,0,0,4,0,206,496,FINAL (ENTRADA MANUAL)
109,74,1,50,37,0,0,2,0,89,0,FINAL (ENTRADA MANUAL)
109,74,2,55,25,0,0,0,0,80,0,FINAL (ENTRADA MANUAL)
109,74,3,50,34,0,0,3,0,87,0,FINAL (ENTRADA MANUAL)
109,74,4,50,44,0,0,0,0,94,0,FINAL (ENTRADA MANUAL)
109,74,5,0,0,0,0,0,0,0,0,FINAL (ENTRADA MANUAL)
109,75,1,23,31,0,0,2,2,58,0,FINAL (ENTRADA MANUAL)
109,75,2,11,0,0,0,0,0,11,0,FINAL (ENTRADA MANUAL)
109,75,3,6,19,0,0,0,0,25,0,FINAL (ENTRADA MANUAL)
109,77,1,19,22,0,0,0,0,41,0,FINAL (ENTRADA MANUAL)
109,77,2,463,571,0,0,2,0,1036,0,FINAL (ENTRADA MANUAL)
109,77,3,162,298,0,0,18,1,479,0,FINAL (ENTRADA MANUAL)
109,77,5,0,0,0,0,0,0,0,0,FINAL (ENTRADA MANUAL)
109,78,1,0,0,0,0,0,0,0,0,FINAL (ENTRADA MANUAL)
109,78,2,38,46,0,0,1,0,85,0,FINAL (ENTRADA MANUAL)
109,78,3,0,0,0,0,0,0,0,0,FINAL (ENTRADA MANUAL)
109,79,1,0,0,0,0,0,0,0,0,FINAL (ENTRADA MANUAL)
110,1,1,170,115,1,0,18,0,304,503,FINAL (ENTRADA MANUAL)
110,2,1,137,125,0,0,4,0,266,574,FINAL (ENTRADA MANUAL)
110,2,2,125,145,0,0,1,0,271,574,FINAL (ENTRADA MANUAL)
110,2,3,141,119,0,0,0,0,260,574,FINAL (ENTRADA MANUAL)
110,2,4,139,124,0,0,3,0,266,574,FINAL (ENTRADA MANUAL)
110,2,5,127,123,0,0,0,0,250,574,FINAL (ENTRADA MANUAL)
110,3,1,113,119,1,0,16,0,249,517,FINAL (ENTRADA MANUAL)
110,3,2,138,115,0,0,4,0,257,517,FINAL (ENTRADA MANUAL)
110,3,3,131,118,0,0,5,0,254,517,FINAL (ENTRADA MANUAL)
110,3,4,133,132,0,0,5,0,270,517,FINAL (ENTRADA MANUAL)
110,3,5,151,109,0,0,5,0,265,517,FINAL (ENTRADA MANUAL)
110,3,6,131,95,0,0,15,0,241,517,FINAL (ENTRADA MANUAL)
110,3,7,138,130,0,0,1,0,269,518,FINAL (ENTRADA MANUAL)
110,4,1,83,91,0,0,1,0,175,377,FINAL (ENTRADA MANUAL)
110,4,2,64,93,0,0,2,0,159,377,FINAL (ENTRADA MANUAL)
110,5,1,108,119,0,0,11,0,238,583,FINAL (ENTRADA MANUAL)
110,5,2,106,106,0,0,9,0,221,583,FINAL (ENTRADA MANUAL)
110,5,3,118,101,0,0,3,0,222,583,FINAL (ENTRADA MANUAL)
110,5,4,112,96,0,0,5,0,213,583,FINAL (ENTRADA MANUAL)
110,5,5,129,101,0,0,0,0,230,583,FINAL (ENTRADA MANUAL)
110,5,6,127,113,0,0,3,0,243,583,FINAL (ENTRADA MANUAL)
110,5,7,117,107,0,0,1,0,225,583,FINAL (ENTRADA MANUAL)
110,5,8,126,106,0,0,3,0,235,583,FINAL (ENTRADA MANUAL)
110,5,9,135,96,0,0,4,0,235,583,FINAL (ENTRADA MANUAL)
110,5,10,127,109,0,0,0,0,236,587,FINAL (ENTRADA MANUAL)
110,6,1,119,137,0,0,3,0,259,576,FINAL (ENTRADA MANUAL)
110,6,2,107,141,0,0,3,0,251,576,FINAL (ENTRADA MANUAL)
110,6,3,104,117,1,0,14,0,236,576,FINAL (ENTRADA MANUAL)
110,6,4,120,141,0,0,2,0,263,576,FINAL (ENTRADA MANUAL)
110,6,5,92,125,0,0,14,0,231,576,FINAL (ENTRADA MANUAL)
110,6,6,128,118,0,0,20,0,266,578,FINAL (ENTRADA MANUAL)
110,7,1,124,127,0,0,9,0,260,531,FINAL (ENTRADA MANUAL)
110,7,2,131,132,0,0,3,0,266,531,FINAL (ENTRADA MANUAL)
110,7,3,125,115,0,0,10,0,250,531,FINAL (ENTRADA MANUAL)
110,7,4,117,125,1,0,25,0,268,531,FINAL (ENTRADA MANUAL)
110,7,5,122,130,0,0,6,0,258,531,FINAL (ENTRADA MANUAL)
110,8,1,146,116,0,0,2,0,264,431,FINAL (ENTRADA MANUAL)
110,8,2,123,115,1,0,6,0,245,431,FINAL (ENTRADA MANUAL)
110,8,3,146,100,0,0,11,0,257,432,FINAL (ENTRADA MANUAL)
110,9,1,135,124,2,0,7,0,268,443,FINAL (ENTRADA MANUAL)
110,9,2,132,100,0,0,4,0,236,443,FINAL (ENTRADA MANUAL)
110,9,3,124,106,0,0,1,0,231,443,FINAL (ENTRADA MANUAL)
110,9,4,137,116,0,0,9,0,262,444,FINAL (ENTRADA MANUAL)
110,74,1,47,27,0,0,2,0,76,0,FINAL (ENTRADA MANUAL)
110,74,2,44,29,0,0,0,0,73,0,FINAL (ENTRADA MANUAL)
110,74,3,48,29,0,0,1,0,78,0,FINAL (ENTRADA MANUAL)
110,74,4,38,33,0,0,6,0,77,0,FINAL (ENTRADA MANUAL)
110,74,5,44,29,0,0,2,0,75,0,FINAL (ENTRADA MANUAL)
110,74,6,0,0,0,0,0,0,0,0,FINAL (ENTRADA MANUAL)
110,75,1,0,0,0,0,0,0,0,0,FINAL (ENTRADA MANUAL)
110,75,2,0,0,0,0,0,0,0,0,FINAL (ENTRADA MANUAL)
110,75,3,30,31,0,0,0,0,61,0,FINAL (ENTRADA MANUAL)
110,77,1,191,295,0,0,0,0,486,0,FINAL (ENTRADA MANUAL)
110,77,2,226,257,0,0,1,0,484,0,FINAL (ENTRADA MANUAL)
110,77,3,16,10,0,0,0,0,26,0,FINAL (ENTRADA MANUAL)
110,77,5,0,0,0,0,0,0,0,0,FINAL (ENTRADA MANUAL)
110,78,1,0,1,0,0,0,0,1,0,FINAL (ENTRADA MANUAL)
110,78,2,52,55,0,0,4,1,107,0,FINAL (ENTRADA MANUAL)
110,78,3,0,0,0,0,0,0,0,0,FINAL (ENTRADA MANUAL)
110,79,1,0,0,0,0,0,0,0,0,FINAL (ENTRADA MANUAL)
