YEAR,PREKEY,UNIKEY,GENERAL__SOURCE_ROWS,GENERAL__GOB_PPD,GENERAL__GOB_PNP,GENERAL__GOB_PIP,GENERAL__GOB_PPR,GENERAL__GOB_OTR,GENERAL__GOB_BLN,GENERAL__GOB_NUL,GENERAL__COM_PPD,GENERAL__COM_PNP,GENERAL__COM_PIP,GENERAL__COM_PPR,GENERAL__COM_OTR,GENERAL__EST_INT_PPD,GENERAL__EST_INT_PNP,GENERAL__EST_INT_PIP,GENERAL__EST_INT_PPR,GENERAL__EST_MIX_PPD,GENERAL__EST_MIX_PNP,GENERAL__EST_MIX_PIP,GENERAL__EST_MIX_PPR,GENERAL__RPD_PPD,GENERAL__RPD_PNP,GENERAL__RPD_PIP,GENERAL__RPD_PPR,GENERAL__RPD_IND,GENERAL__RPD_OTR,GENERAL__RPD_BLN,GENERAL__RPD_NUL,GENERAL__SND_PPD_1,GENERAL__SND_PNP_1,GENERAL__SND_PIP_1,GENERAL__SND_PPR_1,GENERAL__SND_OTR,GENERAL__SND_PPD_2,GENERAL__SND_PNP_2,GENERAL__SND_PIP_2,GENERAL__SND_PPR_2,GENERAL__RPA_PPD_1,GENERAL__RPA_PNP_1,GENERAL__RPA_PIP,GENERAL__RPA_PPR_1,GENERAL__RPA_OTR,GENERAL__RPA_PPD_2,GENERAL__RPA_PNP_2,GENERAL__RPA_PPR_2,GENERAL__RPA_PPD_3,GENERAL__RPA_PNP_3,GENERAL__RPA_PPR_3,GENERAL__RPA_PPD_4,GENERAL__RPA_PNP_4,GENERAL__RPA_PPR_4,GENERAL__RPA_PPD_5,GENERAL__RPA_PNP_5,GENERAL__RPA_PPR_5,GENERAL__RPA_PPD_6,GENERAL__RPA_PNP_6,GENERAL__SNA_PPD_1,GENERAL__SNA_PNP_1,GENERAL__SNA_PIP,GENERAL__SNA_PPR_1,GENERAL__SNA_IND,GENERAL__SNA_OTR,GENERAL__SNA_PPD_2,GENERAL__SNA_PNP_2,GENERAL__SNA_PPR_2,GENERAL__SNA_PPD_3,GENERAL__SNA_PNP_3,GENERAL__SNA_PPR_3,GENERAL__SNA_PPD_4,GENERAL__SNA_PNP_4,GENERAL__SNA_PPR_4,GENERAL__SNA_PPD_5,GENERAL__SNA_PNP_5,GENERAL__SNA_PPD_6,GENERAL__SNA_PNP_6,GENERAL__LEG_INT_PPD,GENERAL__LEG_INT_PNP,GENERAL__LEG_INT_PIP,GENERAL__LEG_INT_PPR,GENERAL__LEG_MIX_PPD,GENERAL__LEG_MIX_PNP,GENERAL__LEG_MIX_PIP,GENERAL__LEG_MIX_PPR,GENERAL__ALC_PPD,GENERAL__ALC_PNP,GENERAL__ALC_PIP,GENERAL__ALC_LCL,GENERAL__ALC_IND,GENERAL__ALC_OTR,GENERAL__ALC_BLN,GENERAL__ALC_NUL,GENERAL__MUN_INT_PPD,GENERAL__MUN_INT_PNP,GENERAL__MUN_INT_PIP,GENERAL__MUN_INT_LCL,GENERAL__MUN_MIX_PPD,GENERAL__MUN_MIX_PNP,GENERAL__MUN_MIX_PIP,GENERAL__MUN_MIX_LCL,GENERAL__INSCRITOS,GENERAL__VOTARON
2008,1,1,1,111,161,8,10,6,1,1,112,159,8,6,2,108,155,7,7,0,3,1,2,113,154,8,6,0,0,4,2,118,152,8,4,0,114,151,9,4,108,137,12,4,0,0,0,0,0,4,0,1,0,1,5,2,0,1,0,106,142,16,4,0,0,0,1,0,1,0,0,6,2,0,0,0,1,1,106,134,8,4,6,12,0,0,116,167,6,0,0,0,3,2,112,167,6,0,0,1,1,0,446,298
2008,1,2,1,805,496,88,76,17,1,2,828,490,80,71,5,723,460,67,53,2,10,33,36,796,428,113,99,0,1,7,4,822,433,101,74,1,789,432,95,113,619,365,149,54,2,10,5,2,32,31,3,35,2,37,53,4,1,5,4,589,358,132,89,107,0,5,3,1,42,6,0,85,5,1,13,3,8,25,567,336,55,45,158,67,25,29,900,496,76,0,0,2,4,5,831,467,69,0,11,8,36,0,1979,1488
2008,1,3,1,317,487,12,32,10,2,5,321,477,15,25,3,305,460,11,22,4,2,3,3,321,447,19,31,0,7,3,1,335,453,17,23,2,318,447,18,28,288,398,45,19,1,2,5,0,3,20,1,4,2,4,19,6,0,2,1,281,390,45,16,12,1,4,2,0,9,3,1,13,3,0,1,4,1,20,277,365,15,15,30,54,1,7,344,497,16,0,0,0,2,3,334,466,13,0,2,5,1,0,1316,865
2008,1,4,1,293,340,17,22,9,1,6,306,331,18,18,1,274,318,12,14,4,2,5,10,298,317,16,23,0,0,1,9,313,309,16,21,0,302,313,16,25,249,283,34,14,1,8,6,0,3,10,2,8,5,8,17,2,0,0,0,244,278,36,23,8,0,0,2,0,8,4,0,21,4,0,1,5,3,6,235,266,9,13,52,32,6,3,329,333,15,0,0,0,0,11,317,317,14,0,4,4,2,0,998,690
2008,1,5,1,1048,1327,101,107,37,5,4,1103,1290,102,97,14,985,1231,84,76,13,30,27,42,1066,1180,131,171,0,3,10,9,1077,1224,131,114,9,1049,1190,141,141,840,958,205,73,1,18,30,3,38,127,11,38,12,39,115,9,1,12,15,792,963,187,102,93,2,10,7,6,75,29,4,131,29,1,10,15,9,66,760,876,90,58,215,236,21,44,1211,1285,104,0,0,5,13,7,1122,1240,98,0,20,26,22,0,3382,2635
2008,1,6,1,381,647,34,40,21,1,5,403,642,33,32,3,359,607,29,21,4,10,13,21,402,588,36,62,0,2,5,2,409,605,41,51,1,396,578,34,66,334,472,70,40,2,9,7,1,8,60,2,9,10,9,31,3,0,5,4,325,464,66,42,29,3,8,4,0,21,4,3,42,9,0,3,4,2,32,313,430,26,26,61,117,5,17,439,639,36,0,0,1,5,3,416,617,33,0,11,9,6,0,1445,1128
2008,1,7,1,732,1170,67,63,32,3,1,786,1141,52,55,9,702,1111,48,45,5,18,27,12,766,1064,77,94,0,5,10,3,781,1096,79,63,11,752,1068,89,74,630,893,139,43,3,17,24,1,25,95,3,15,7,12,76,8,1,4,11,621,885,115,52,52,2,5,8,1,36,20,1,96,19,0,4,10,4,61,592,822,52,36,125,181,11,14,851,1128,65,0,0,1,13,5,799,1111,54,0,7,6,9,0,2585,2069
2008,1,8,1,456,770,51,58,21,0,0,492,761,44,48,6,437,724,37,36,10,10,5,18,494,698,42,74,0,3,6,0,495,720,53,51,2,477,701,50,68,391,562,97,41,1,11,26,1,11,69,2,15,15,14,46,6,1,4,8,395,553,74,50,38,1,9,4,0,35,14,5,54,31,0,1,2,7,28,372,505,34,29,78,138,4,16,535,746,56,0,0,3,2,3,506,728,50,0,6,4,8,0,1703,1358
2008,1,9,1,222,387,10,24,4,1,1,226,386,10,21,2,217,374,8,16,2,6,0,2,231,351,10,27,0,0,4,0,237,351,10,21,0,229,346,11,23,208,312,33,20,1,2,8,0,3,10,0,1,0,5,12,4,0,0,2,208,316,32,26,6,0,1,0,0,0,1,0,13,4,0,0,0,1,5,201,299,8,19,18,34,2,3,241,387,14,0,0,0,5,0,238,379,12,0,3,0,2,0,936,648
2008,1,10,1,447,681,37,57,22,2,1,469,659,47,48,11,427,653,37,43,4,8,13,15,454,627,52,79,0,0,2,2,477,639,57,56,3,448,626,55,67,364,501,93,48,1,11,14,0,11,53,4,11,12,21,43,6,1,8,7,351,496,88,52,32,1,5,5,3,29,7,2,47,19,1,4,12,9,36,336,464,34,35,83,119,9,18,510,679,54,0,0,2,5,1,478,653,48,0,6,15,10,0,1630,1253
2008,1,11,1,191,409,6,21,4,1,0,198,398,4,18,2,189,386,3,17,2,1,1,1,201,380,6,14,0,1,3,2,205,379,4,12,0,197,386,6,14,187,350,19,11,0,0,2,0,0,11,1,0,2,1,7,4,1,1,1,186,354,17,11,3,0,2,3,0,1,4,0,1,2,0,0,0,1,4,184,337,3,10,10,31,3,2,209,410,5,0,0,1,1,3,207,393,5,0,1,0,1,0,909,630
2008,1,12,1,285,477,16,32,9,3,5,290,459,19,23,1,280,451,15,19,2,4,2,6,273,454,23,29,0,1,11,7,280,444,21,23,0,273,435,22,29,254,416,43,22,0,0,3,0,1,7,0,1,1,3,8,2,1,0,1,250,399,44,21,12,0,1,3,0,1,7,1,7,0,0,0,2,2,11,242,388,19,18,28,37,4,5,295,490,20,0,0,2,13,3,282,469,17,0,3,4,3,0,1382,827
2008,1,13,1,399,465,33,40,12,0,2,404,465,30,38,2,386,447,26,32,1,6,7,9,384,430,33,51,0,2,9,6,400,427,37,31,0,385,426,35,40,333,367,56,23,1,3,11,2,9,19,2,9,3,13,24,3,0,2,9,324,367,56,33,12,5,2,1,1,12,5,2,26,8,0,4,2,6,20,315,339,27,19,50,67,4,13,447,472,28,0,0,0,7,1,419,452,26,0,6,7,2,0,1350,955
2008,1,14,1,530,675,42,55,17,2,6,531,665,50,51,3,494,634,35,39,6,9,8,18,520,618,47,65,0,2,7,11,529,633,54,46,1,516,625,52,60,447,546,93,36,2,5,7,0,6,30,3,14,8,12,37,5,1,1,1,435,538,86,49,26,0,3,2,0,16,6,0,46,7,1,2,6,2,14,422,501,37,25,71,87,4,16,581,679,50,0,0,0,4,8,540,651,42,0,5,8,4,0,1770,1030
2008,1,15,1,224,376,11,34,4,3,1,230,373,9,26,2,218,365,7,26,3,2,1,3,211,361,11,34,0,0,7,3,225,364,9,23,0,215,359,13,24,195,321,42,15,0,2,3,1,2,8,4,1,0,2,13,2,0,1,4,195,324,48,14,9,0,0,0,2,3,2,1,15,2,0,0,2,0,5,192,307,9,12,16,37,2,9,243,394,8,0,0,0,3,2,234,387,8,0,1,6,0,0,976,654
2008,1,16,1,476,957,11,40,11,1,4,474,944,10,31,6,452,919,10,24,2,5,0,11,466,916,14,23,0,1,13,11,483,903,13,23,6,456,920,15,24,428,868,48,18,0,0,2,0,5,9,3,0,2,1,19,2,0,1,6,429,852,39,19,12,0,1,1,3,5,8,1,14,5,0,0,2,3,17,418,832,9,15,36,42,2,5,490,987,8,0,0,0,8,7,481,970,8,0,0,6,0,0,2331,1501
2008,1,17,1,678,1219,18,64,15,0,4,692,1197,13,50,3,663,1167,13,46,4,8,2,3,678,1176,22,45,0,3,6,4,679,1170,19,37,39,669,1185,19,43,625,1109,72,35,1,2,11,0,2,15,2,4,6,1,28,5,2,1,4,610,1091,67,35,14,0,3,3,0,5,5,2,20,15,1,0,2,4,13,593,1038,18,33,70,114,1,3,677,1300,15,0,0,0,1,5,658,1260,13,0,10,8,2,0,3024,2005
2008,1,18,1,597,961,26,52,17,0,7,597,962,25,44,0,575,939,23,41,2,13,0,3,587,914,35,46,0,1,10,9,611,911,33,38,0,584,915,37,43,540,834,83,34,0,6,15,0,1,27,4,3,4,3,21,5,1,0,5,541,849,79,37,14,0,4,3,2,3,7,1,20,3,0,0,1,2,12,530,798,30,31,43,86,2,1,635,976,31,0,0,2,8,5,613,953,29,0,2,7,4,0,2348,1661
2008,1,19,1,331,423,40,42,19,1,3,340,418,42,37,6,318,390,30,32,3,3,11,12,334,380,43,50,0,3,8,4,355,383,37,38,6,327,390,41,45,288,334,79,26,1,3,5,0,5,17,2,7,0,9,23,2,1,4,6,284,325,67,34,23,1,4,3,2,8,2,0,26,3,0,2,3,2,15,276,307,30,21,34,55,7,13,380,438,34,0,0,1,4,4,339,416,31,0,6,3,11,0,1247,863
2008,1,20,1,459,659,19,37,15,0,1,465,652,23,32,1,443,634,14,30,3,3,5,5,449,626,30,33,0,1,8,2,474,626,31,29,1,449,616,33,31,405,555,64,24,1,2,6,1,8,18,0,1,2,6,37,4,0,2,2,402,558,60,30,12,1,4,2,0,4,6,2,38,3,0,2,1,0,14,384,536,22,22,54,59,5,5,469,691,15,0,0,1,4,3,459,658,13,0,5,2,2,0,1701,1186
2008,1,21,1,426,458,23,32,19,1,0,437,456,26,28,2,401,434,19,19,4,9,8,22,425,422,34,46,0,0,4,2,433,438,33,27,1,426,427,33,37,367,363,69,15,1,4,6,1,4,27,2,8,2,12,31,4,2,2,7,352,364,59,23,30,0,1,6,0,13,6,1,43,2,0,2,2,5,10,342,340,19,9,60,66,4,16,468,462,30,0,0,0,1,0,445,448,26,0,3,7,2,0,1230,961
2008,1,22,1,439,713,18,42,18,2,3,439,711,19,39,7,418,690,14,36,3,11,1,6,444,671,22,48,0,4,5,8,454,686,21,34,1,441,678,19,41,392,603,55,31,2,5,8,1,5,17,1,4,3,6,26,9,4,1,8,381,589,50,39,15,1,10,2,0,5,3,2,35,3,0,2,2,1,18,375,561,11,28,48,89,3,8,476,713,22,0,0,1,3,5,460,693,18,0,3,8,2,0,1749,1239
2008,1,23,1,220,352,6,13,11,0,4,215,350,8,12,2,212,338,7,11,1,0,1,1,216,344,9,14,0,0,1,3,222,344,10,11,0,216,343,11,13,195,323,27,10,0,0,4,0,1,3,0,0,1,2,10,0,0,0,3,197,315,25,10,4,0,0,1,0,3,3,0,15,3,0,0,2,2,4,190,308,7,8,16,24,2,2,229,368,7,0,0,0,2,3,223,353,6,0,0,2,3,0,873,609
2008,1,24,1,512,932,30,50,25,2,3,512,927,27,45,8,494,891,24,38,6,13,2,6,505,880,21,46,0,4,11,8,527,882,24,37,2,503,876,27,41,464,826,77,35,2,4,9,0,3,14,2,0,0,1,19,7,0,1,2,451,823,77,35,16,1,2,2,0,2,5,0,18,5,2,0,1,1,17,453,801,20,32,40,47,0,4,535,971,25,0,0,1,12,4,517,938,25,0,7,4,1,0,2282,1558
2008,1,25,1,542,1020,22,34,11,3,12,533,999,24,30,3,516,961,22,27,5,7,0,6,553,962,24,31,0,1,11,9,557,967,26,26,1,546,951,25,34,501,871,73,27,2,1,9,0,4,20,1,6,3,2,18,6,0,0,7,499,860,70,27,11,0,1,0,0,6,8,1,16,7,1,0,3,3,33,487,831,24,24,54,89,0,2,536,1062,25,0,0,0,5,6,520,1019,23,0,7,9,1,0,2436,1607
2008,1,26,1,641,1049,24,50,29,2,5,652,1045,23,37,4,623,1003,21,35,5,13,3,9,623,1016,30,43,0,4,11,8,648,1011,30,32,2,625,1008,31,35,593,950,68,31,0,1,11,2,0,15,3,13,6,5,27,11,0,2,4,584,944,66,32,10,1,7,2,0,5,6,1,33,5,0,0,5,1,12,567,911,22,27,47,56,4,8,682,1079,20,0,0,2,6,3,655,1046,20,0,9,5,3,0,2615,1805
2008,1,27,1,611,1111,38,37,25,1,6,601,1100,40,33,4,578,1066,35,27,2,8,3,5,610,1052,35,46,0,0,9,10,610,1058,31,39,0,594,1060,32,45,554,962,95,26,1,6,9,2,8,29,4,1,4,4,17,8,1,0,1,554,951,87,32,10,0,6,4,1,8,9,0,32,5,2,1,6,1,16,543,923,25,25,35,86,7,11,637,1137,29,0,0,1,9,7,611,1110,24,0,4,5,5,0,2593,1828
2008,1,28,1,188,317,5,13,2,1,2,196,309,4,10,0,186,308,4,10,2,1,1,1,194,295,5,9,0,0,4,1,199,296,3,6,1,192,298,3,7,176,266,31,6,0,2,2,0,0,6,0,0,1,0,6,2,1,0,3,176,257,25,5,4,0,1,0,0,0,3,0,11,2,0,0,1,1,11,171,253,3,5,19,36,0,3,193,320,5,0,0,0,4,4,192,310,5,0,2,1,0,0,774,528
2008,1,29,1,174,316,9,19,7,1,1,178,311,9,14,1,171,307,9,16,0,3,0,5,171,292,10,26,0,0,2,2,182,296,10,14,0,169,300,9,18,157,263,27,12,1,4,3,0,2,11,0,2,2,0,9,8,0,1,2,170,261,29,17,6,0,1,1,0,2,1,0,12,1,0,0,2,0,13,149,248,9,11,15,31,0,3,200,313,10,0,0,0,1,2,189,305,10,0,2,0,0,0,693,531
2008,1,30,1,557,598,64,38,23,2,0,574,601,66,30,2,533,570,51,29,1,12,20,9,542,559,71,52,0,3,5,5,562,562,72,40,5,541,554,75,38,483,504,110,24,2,5,11,1,5,17,5,10,3,11,32,5,0,4,5,467,491,93,33,30,1,5,0,3,7,0,1,51,4,0,5,1,8,18,452,466,56,18,65,63,9,15,587,622,63,0,0,2,2,1,547,595,57,0,10,9,12,0,1735,1290
2008,1,31,1,314,443,13,35,16,2,1,318,443,17,22,6,307,432,13,20,1,4,1,10,313,425,18,32,0,2,9,4,322,417,17,26,2,310,421,15,31,285,385,44,19,2,1,5,0,3,10,1,4,1,4,12,7,0,0,0,280,382,38,21,12,1,0,0,1,3,3,0,11,3,0,3,3,0,12,276,369,11,18,28,31,1,6,335,471,12,0,0,0,6,2,320,442,10,0,2,2,1,0,1140,825
2008,1,77,1,107,288,12,14,3,2,0,112,274,10,12,0,103,267,8,12,1,3,3,0,112,250,11,14,0,1,7,2,116,247,13,13,0,111,248,11,15,100,238,21,12,0,1,1,0,2,8,0,3,0,3,3,2,0,1,0,93,182,26,13,7,0,3,1,0,7,0,0,3,0,0,2,0,0,64,90,174,9,12,14,69,2,0,108,265,11,0,0,0,7,3,101,249,10,0,0,2,0,0,0,431
2008,1,78,1,105,218,7,10,3,1,2,104,211,6,7,0,100,206,6,6,0,0,0,2,50,75,1,2,0,0,15,36,52,77,1,2,0,49,73,2,2,49,71,3,2,0,0,1,0,0,1,0,0,0,0,2,0,0,1,1,49,73,3,2,0,0,0,0,0,2,1,0,1,0,0,0,0,0,1,49,70,1,2,0,1,0,0,59,93,1,0,0,0,10,21,57,93,1,0,0,0,0,0,0,347
2008,1,79,1,4,1,0,0,0,0,1,4,0,0,0,0,3,0,0,0,0,0,0,0,1,1,0,0,0,0,0,1,1,1,0,0,0,1,1,0,0,0,1,0,0,0,0,0,0,0,0,0,1,0,0,0,0,0,0,0,0,1,0,1,0,0,0,0,0,0,0,0,0,0,0,0,0,0,0,1,0,0,0,0,0,0,0,2,0,0,0,0,0,0,1,1,0,0,0,0,0,0,0,0,6
2008,1,81,1,44,41,4,2,0,0,0,45,41,3,2,0,44,41,3,2,0,0,0,0,45,35,4,4,0,0,0,0,46,35,5,3,0,45,36,4,4,45,35,4,3,0,0,0,0,0,1,0,0,0,1,1,0,0,0,0,44,35,4,4,1,0,0,0,0,0,0,0,0,0,0,0,0,0,0,44,34,4,3,1,1,0,0,14,19,0,0,0,0,0,0,13,19,0,0,0,0,0,0,0,91
2008,2,1,1,334,481,10,27,7,4,1,332,472,9,24,1,324,458,9,21,1,4,0,4,339,466,12,22,0,1,3,3,333,471,13,23,1,330,462,15,22,312,432,28,19,2,1,9,2,2,3,0,10,5,0,0,1,2,1,4,309,417,26,19,14,1,3,4,0,12,3,0,0,4,0,0,11,1,0,306,406,8,17,20,46,3,3,334,516,7,0,0,1,5,1,329,484,7,0,3,2,0,0,1232,868
2008,2,2,1,563,728,12,41,12,3,3,563,726,16,31,1,553,709,10,29,2,9,3,0,567,714,17,22,0,1,6,7,577,710,12,22,0,566,694,16,29,546,646,46,22,0,11,6,7,1,2,0,11,9,1,4,1,0,0,2,537,638,48,27,11,0,4,4,1,11,1,0,0,10,0,2,5,1,1,513,624,11,18,48,51,4,4,549,786,15,0,0,0,4,7,538,736,12,0,43,3,2,0,1854,1364
2008,2,3,1,473,712,10,36,5,4,6,454,704,12,32,0,443,668,8,30,5,6,3,0,459,667,15,33,0,0,8,5,467,678,13,31,0,448,673,13,30,428,626,45,28,0,0,9,4,0,2,0,15,11,0,0,4,0,1,6,418,619,44,27,6,1,2,3,0,11,1,0,0,8,1,1,7,2,2,413,606,12,23,31,50,1,4,479,740,11,0,0,1,7,1,456,703,8,0,9,7,4,0,1981,1239
2008,2,4,1,428,610,36,41,16,1,2,436,615,35,27,6,401,590,29,21,4,9,7,14,442,560,35,35,0,0,3,8,445,570,40,30,0,426,576,44,30,377,520,66,22,0,7,13,6,4,3,0,34,15,1,0,2,0,3,7,367,508,64,23,13,0,6,4,0,37,4,0,2,16,0,3,15,12,2,359,499,29,14,46,49,8,11,462,631,21,0,0,0,5,13,436,608,21,0,4,0,4,0,1502,1134
2008,2,5,1,947,942,80,96,27,1,1,978,934,73,83,7,897,904,58,69,12,7,29,34,965,860,94,100,0,2,8,3,963,860,93,91,3,921,888,103,118,741,708,162,66,1,32,24,44,26,19,1,120,55,1,2,10,0,16,8,723,617,151,94,57,1,36,25,0,131,14,0,9,41,0,13,42,6,7,693,607,44,49,183,191,37,26,1026,966,82,0,0,5,8,3,981,929,74,0,15,9,19,0,2501,2094
2008,2,6,1,421,503,44,48,20,0,1,430,505,40,41,3,403,489,39,38,5,2,7,11,419,485,45,40,0,1,4,2,429,483,45,39,2,411,485,48,46,346,423,79,34,1,4,19,7,5,8,0,39,21,0,1,1,0,4,4,337,389,78,44,23,0,8,5,1,40,3,0,3,29,0,0,18,2,1,330,380,35,27,60,80,7,11,447,545,41,0,0,0,1,0,427,521,40,0,6,1,5,0,1352,1040
2008,2,7,1,457,594,25,26,4,1,8,461,584,22,24,2,443,570,19,19,4,4,3,6,477,541,22,20,0,0,12,11,475,554,24,16,1,460,549,22,22,427,502,64,16,0,0,7,2,3,5,0,13,7,0,1,3,0,2,3,424,489,59,17,10,0,6,0,0,12,0,0,0,7,0,0,12,0,0,417,485,20,14,34,44,2,2,470,612,19,0,0,0,7,10,454,595,19,0,4,3,0,0,1761,1118
2008,2,8,1,622,620,44,44,17,1,2,640,613,51,30,5,598,596,37,26,4,9,17,19,641,582,48,38,0,1,4,5,640,573,54,45,3,622,592,53,50,530,461,96,38,0,23,25,17,27,11,0,61,36,2,7,2,0,8,4,479,408,85,56,37,0,27,16,1,81,10,0,7,41,0,9,33,9,2,465,395,32,21,119,138,11,15,679,620,45,0,0,1,1,2,644,607,38,0,9,2,14,0,1634,1352
2008,2,9,1,323,407,14,29,10,0,0,321,408,13,22,1,315,395,13,21,5,4,0,1,330,377,13,15,0,5,4,0,334,385,13,15,0,313,394,15,23,293,362,36,15,0,1,9,0,0,3,0,9,6,0,1,0,1,1,3,293,352,32,14,7,1,3,2,1,14,4,0,0,9,0,1,5,0,0,287,342,13,11,18,25,0,3,343,418,17,0,0,0,4,0,336,402,17,0,4,1,1,0,1056,785
2008,2,10,1,274,200,46,32,8,0,7,276,203,44,29,2,253,185,43,23,3,3,4,15,280,193,49,23,0,0,0,6,272,192,49,26,0,259,197,53,33,213,156,64,19,0,10,6,17,5,2,0,28,14,0,4,0,0,1,2,197,151,55,36,13,0,17,2,0,31,1,0,1,20,0,4,12,1,0,192,145,33,14,54,31,9,7,295,213,49,0,0,0,1,8,277,193,46,0,6,6,9,0,731,567
2008,2,11,1,1428,493,16,47,15,4,3,1420,496,14,42,7,1400,482,13,37,5,7,4,7,1424,488,19,29,0,2,6,2,1439,454,21,30,0,1418,469,20,32,1365,429,49,26,2,6,9,2,4,0,1,23,6,0,0,1,2,2,1,1355,417,50,21,17,0,7,1,0,31,3,0,1,13,0,1,8,3,1,1335,407,15,17,76,39,1,13,1440,542,15,0,0,0,7,2,1423,518,15,0,10,2,2,0,2616,2007
2008,2,12,1,391,367,13,10,4,2,2,387,361,14,10,0,384,347,12,8,1,1,0,1,397,347,14,9,0,1,3,3,399,345,14,11,0,386,354,14,12,376,310,32,10,1,1,2,2,0,4,0,6,10,0,0,0,0,0,7,368,301,34,9,3,0,1,0,0,10,1,0,0,7,1,0,11,0,6,358,294,12,9,26,41,1,0,380,393,8,0,0,0,3,2,374,370,8,0,2,5,1,0,1086,789
2008,2,13,1,586,591,18,35,15,4,5,590,583,20,33,2,580,576,19,24,4,6,4,3,606,551,20,27,0,3,5,9,600,560,20,24,0,581,559,20,29,549,523,55,26,0,1,14,2,3,7,0,18,6,0,5,4,2,1,4,546,501,58,20,14,0,2,3,1,18,2,0,0,15,0,0,12,5,1,537,487,17,17,35,53,0,6,605,618,21,0,0,2,5,5,596,600,18,0,1,6,1,0,1684,1256
2008,2,14,1,566,548,16,21,5,2,3,560,542,16,22,0,551,521,14,16,3,6,0,3,579,532,11,14,0,0,5,3,580,518,14,16,0,570,512,11,21,544,478,39,16,0,1,5,3,1,6,0,15,5,0,1,0,1,0,4,536,464,39,18,9,0,4,0,1,8,1,0,1,9,0,2,11,5,1,530,459,10,12,33,41,1,5,567,573,11,0,0,2,4,2,555,550,10,0,4,6,1,0,1546,1160
2008,2,15,1,621,718,39,59,23,1,3,633,717,38,43,13,599,692,33,38,3,11,11,9,625,686,48,47,0,2,7,7,635,694,49,43,5,616,684,52,46,535,632,94,36,1,5,10,11,9,5,0,42,15,0,1,3,0,8,1,538,605,91,37,18,4,12,6,0,48,7,0,1,14,0,1,13,5,1,517,592,37,27,73,68,6,13,661,741,44,0,0,3,9,3,634,716,41,0,5,10,6,0,1903,1468
2008,2,16,1,753,763,57,57,27,2,3,777,751,47,50,11,714,730,41,42,4,12,17,24,764,712,56,60,0,2,10,5,764,715,63,55,1,739,728,58,68,614,601,105,50,0,20,19,19,25,11,0,61,49,1,9,5,2,9,7,587,558,98,59,57,0,35,21,0,88,10,1,5,46,0,10,13,4,2,573,550,37,31,121,126,16,16,829,759,58,0,0,5,10,4,777,741,53,0,10,9,10,0,2107,1663
2008,2,17,1,371,309,26,35,4,2,0,384,309,19,28,0,351,294,16,24,1,3,13,16,368,285,29,39,0,0,4,1,376,280,35,36,1,360,284,33,40,309,248,59,23,0,5,3,11,12,3,1,26,12,1,2,1,0,0,3,307,238,51,31,14,0,15,5,0,34,1,0,0,15,0,1,2,3,0,303,235,20,16,36,34,5,12,386,317,37,0,0,0,3,4,369,304,35,0,2,3,3,0,971,747
2008,2,18,1,297,314,28,30,7,0,2,302,308,25,34,1,284,296,22,29,2,8,7,4,313,287,31,29,0,0,2,2,312,287,36,29,2,300,291,31,32,246,238,66,18,0,9,9,7,12,6,0,20,19,0,0,2,1,2,2,230,218,53,26,23,0,12,7,2,38,5,0,0,18,0,4,9,4,1,226,210,21,15,59,62,6,9,327,307,38,0,0,0,3,5,308,294,34,0,6,5,5,0,851,677
2008,2,19,1,632,424,38,39,14,0,0,650,416,40,30,3,614,405,34,26,8,9,17,6,652,399,45,26,0,0,4,2,645,391,57,33,0,629,398,55,40,564,327,78,27,0,11,15,8,17,7,1,37,24,0,4,2,1,1,2,555,295,73,31,26,1,16,6,2,57,7,0,3,29,0,0,14,2,1,534,284,32,16,73,86,17,8,662,447,38,0,0,0,5,2,640,431,37,0,7,4,14,0,1487,1160
2008,2,20,1,954,393,10,26,4,1,6,955,391,11,18,0,947,381,9,15,3,2,5,4,951,366,19,12,0,0,5,6,954,363,17,15,0,944,363,19,19,909,324,50,14,1,1,8,1,5,3,0,17,9,0,1,0,0,1,2,904,266,45,13,10,0,11,2,1,21,1,0,2,11,0,0,10,3,2,885,309,15,7,50,38,3,3,954,414,10,0,0,1,5,7,941,390,9,0,9,6,3,0,1855,1394
2008,2,21,1,629,671,17,46,14,3,4,634,662,15,39,7,613,643,11,35,3,3,7,5,640,638,15,33,0,0,7,2,646,639,13,31,0,622,633,17,44,577,579,61,26,0,7,8,8,4,5,0,25,11,0,3,1,1,3,3,571,561,57,30,16,0,5,3,1,27,3,0,0,11,0,2,8,5,3,555,547,10,20,48,56,4,13,649,702,22,0,0,0,4,3,636,673,17,0,5,1,5,0,1886,1382
2008,2,22,1,307,512,11,14,4,1,5,305,509,11,11,0,297,492,11,11,3,1,0,0,303,491,10,15,0,2,4,4,311,484,9,11,0,302,489,9,11,284,448,26,12,0,0,10,1,1,2,0,13,9,0,1,2,0,2,6,284,448,24,9,3,0,2,2,0,15,1,0,1,12,0,1,11,4,2,270,426,9,8,19,45,0,4,295,546,8,0,0,0,2,3,290,530,8,0,4,4,1,0,1310,856
2008,2,23,1,256,484,6,13,2,1,2,254,477,5,11,0,249,473,4,11,0,3,1,2,250,473,8,10,0,0,2,0,256,468,7,12,0,242,472,10,13,235,446,19,9,0,2,4,1,0,3,0,6,3,0,0,0,0,1,2,237,442,24,9,3,0,3,0,0,6,1,0,0,5,0,1,6,0,0,230,437,7,9,12,26,1,1,259,491,6,0,0,0,3,1,250,476,6,0,0,2,1,0,1144,765
2008,2,24,1,223,189,4,12,11,1,1,225,192,6,7,4,218,182,4,7,0,4,1,3,222,181,5,10,0,1,4,4,227,175,5,7,0,221,182,6,8,206,152,13,6,0,1,7,2,0,1,0,7,6,0,1,0,0,2,6,200,147,17,7,7,0,1,0,0,14,2,0,1,6,0,0,6,1,3,194,144,5,6,18,27,0,3,222,203,11,0,0,1,2,3,220,192,10,0,2,0,0,0,575,443
2008,2,25,1,367,344,28,27,11,0,1,370,343,31,22,4,347,332,23,15,5,9,3,10,370,322,28,32,0,1,1,2,364,326,32,34,2,356,331,34,37,302,264,54,26,2,9,21,5,12,6,0,27,17,0,4,4,0,1,5,299,230,51,32,22,0,14,4,2,34,10,0,3,28,0,0,24,5,3,287,223,23,15,52,81,2,11,396,352,25,0,0,1,2,1,373,335,25,0,8,3,3,0,982,781
2008,2,26,1,329,412,25,27,19,2,0,333,416,21,30,4,316,400,21,24,1,8,3,8,338,398,27,28,0,1,8,1,336,388,28,27,0,328,396,30,35,294,335,56,17,0,2,6,13,2,4,0,26,17,0,4,3,0,1,3,277,322,52,24,17,0,5,4,1,138,2,0,1,14,0,2,14,2,3,270,316,18,12,47,48,8,5,348,431,24,0,0,3,6,1,332,418,22,0,4,0,4,0,1075,815
2008,2,27,1,877,1179,24,58,13,3,2,871,1157,33,56,3,848,1131,23,49,4,9,7,8,898,1112,39,49,0,0,9,4,891,1121,38,46,0,863,1128,42,51,808,1033,98,38,0,4,25,2,1,8,1,25,9,1,4,6,0,5,1,792,1009,98,38,22,1,1,6,0,33,3,0,1,23,0,4,18,8,2,782,990,36,32,60,100,3,14,870,1246,31,0,0,0,8,3,855,1220,31,0,6,9,2,0,3110,2165
2008,2,28,1,749,637,50,66,16,1,4,771,631,48,55,4,715,608,32,43,6,9,14,17,783,585,43,43,0,2,3,5,764,600,49,38,1,744,608,50,47,663,540,100,37,1,6,13,16,6,11,0,36,11,0,4,2,1,2,6,627,506,112,52,26,2,11,13,2,54,2,1,2,18,0,9,24,0,3,619,492,29,22,88,77,7,10,800,664,47,0,0,0,6,2,759,636,44,0,8,6,7,0,2013,1521
2008,2,29,1,496,758,12,31,13,1,5,508,725,12,28,2,481,699,9,24,3,8,1,7,520,682,15,22,0,2,5,4,517,710,14,19,1,498,696,19,21,474,645,45,17,0,2,11,3,1,7,0,18,11,0,0,3,2,1,8,456,629,42,20,10,0,6,3,0,24,2,0,1,19,1,4,18,3,1,449,611,13,13,41,59,1,5,507,768,16,0,0,0,10,2,486,725,14,0,6,3,3,0,1933,1446
2008,2,30,1,202,169,19,17,10,0,1,207,172,18,13,3,193,168,17,11,2,3,1,9,203,168,20,12,0,1,1,1,204,168,20,9,3,202,167,21,13,175,152,26,7,1,3,3,9,4,2,0,13,7,0,1,0,0,0,1,169,144,26,9,8,1,5,1,0,20,1,0,1,12,0,2,7,1,0,164,144,17,5,25,12,1,8,212,185,20,0,0,1,0,0,207,179,20,0,2,0,0,0,499,418
2008,2,31,1,468,496,24,32,9,2,1,470,498,24,24,2,452,477,18,20,3,8,6,2,461,473,28,27,0,0,2,2,475,472,28,21,1,460,478,29,30,412,412,74,16,0,3,13,4,1,10,0,14,17,0,1,0,0,1,5,409,393,72,18,10,0,4,6,1,25,3,0,1,21,0,2,14,3,1,403,383,20,14,34,61,5,6,494,512,22,0,0,0,1,3,475,496,20,0,3,5,6,0,1364,1032
2008,2,32,1,549,605,37,61,17,2,1,558,602,40,51,9,533,589,34,44,2,3,8,14,565,570,41,46,0,0,7,2,553,580,47,43,2,544,572,50,54,480,496,98,34,1,10,10,12,5,9,0,26,33,0,2,4,0,4,3,475,458,86,40,31,0,5,8,1,49,8,0,2,29,0,6,23,6,4,466,454,33,28,60,94,7,11,595,628,39,0,0,0,6,3,575,609,34,0,4,7,6,0,1591,1276
2008,2,33,1,778,754,69,63,18,1,7,789,749,75,52,7,748,735,60,43,4,9,14,15,805,697,70,59,0,0,5,4,807,696,87,55,6,779,714,81,71,651,584,132,36,1,20,15,29,37,10,2,54,55,1,3,3,1,6,8,615,544,122,66,47,1,38,19,1,86,12,0,11,31,0,3,22,10,2,606,529,49,28,132,136,19,14,856,764,64,0,0,1,2,5,814,745,57,0,17,12,14,0,2075,1694
2008,2,34,1,477,307,59,44,9,0,0,489,302,54,42,5,434,290,52,36,4,6,10,15,489,279,52,41,0,1,1,0,478,282,63,44,4,451,281,63,56,364,228,84,34,1,16,6,33,22,3,0,39,24,1,2,3,1,1,8,343,201,84,59,38,0,18,9,0,54,5,1,4,21,0,5,14,7,5,331,194,41,18,97,65,11,19,529,304,58,0,0,1,1,1,493,293,51,0,5,3,14,0,1078,897
2008,2,35,1,229,231,40,37,6,1,2,243,226,36,34,2,216,210,34,27,7,9,2,9,241,209,40,35,0,0,6,1,250,210,36,33,0,226,212,39,38,187,170,64,22,0,3,5,19,2,8,0,22,11,0,0,3,0,3,6,181,159,55,33,16,0,2,8,1,38,1,0,0,8,0,1,8,2,0,173,153,23,17,37,40,7,10,269,235,38,0,0,0,4,1,242,222,37,0,4,3,5,0,762,549
2008,2,77,1,51,215,5,14,0,0,0,56,199,7,13,0,48,191,5,13,1,2,1,0,56,182,11,8,0,0,0,2,55,177,12,8,0,52,185,10,9,43,163,20,9,0,0,5,1,2,2,0,8,3,0,0,0,0,0,2,40,114,21,8,4,0,3,1,0,8,1,0,0,57,0,0,3,0,0,40,112,9,7,6,63,0,1,60,211,8,0,0,0,1,2,55,200,8,0,1,0,1,0,0,285
2008,2,78,1,102,142,8,13,1,1,0,99,139,11,12,1,97,138,8,12,0,1,0,0,53,62,7,3,0,0,1,13,56,67,9,3,0,51,71,7,3,44,55,18,3,0,2,1,0,1,5,0,6,3,0,0,1,0,0,1,41,50,20,3,0,0,1,1,0,4,1,0,0,6,0,1,4,2,5,41,47,5,3,3,12,0,0,51,71,3,0,0,0,1,0,46,67,3,0,2,0,0,0,0,268
2008,2,79,1,1,3,0,1,0,0,2,1,3,0,1,0,1,3,0,1,0,0,0,0,0,2,0,0,0,0,0,0,0,2,0,0,0,0,2,0,0,0,2,0,0,0,0,0,0,0,0,0,0,0,0,0,0,0,0,0,0,2,0,0,0,0,0,0,0,0,0,0,0,0,0,0,0,0,0,0,2,0,0,0,0,0,0,0,0,1,0,0,0,0,0,0,0,1,0,0,0,0,0,0,7
2008,2,81,1,143,112,9,7,2,0,0,144,113,9,6,1,142,112,9,6,0,1,0,0,140,116,8,6,0,0,1,0,144,113,8,5,0,139,116,8,6,136,112,9,5,0,0,1,1,0,0,0,4,1,0,0,1,0,1,0,135,109,9,7,0,0,0,1,0,2,0,0,0,3,0,2,1,1,0,133,107,7,5,6,5,1,1,140,122,9,0,0,0,2,0,140,119,9,0,0,1,0,0,0,273
2008,3,1,1,595,662,13,26,8,1,2,588,666,14,21,3,577,644,11,18,4,3,2,9,588,628,21,21,0,3,7,1,586,628,21,19,1,596,618,22,23,547,561,57,17,0,0,14,1,21,1,0,6,6,0,3,5,0,1,18,544,551,51,18,4,0,25,3,4,0,9,0,2,0,0,1,15,3,9,535,539,18,14,35,45,2,6,587,701,12,0,0,0,2,2,579,672,11,0,10,5,1,0,1761,1309
2008,3,2,1,249,572,5,19,11,1,3,247,562,7,17,4,235,546,5,15,1,1,1,3,238,574,7,15,0,1,13,2,232,561,8,16,1,239,560,5,16,223,533,24,15,1,2,5,0,5,2,0,1,3,0,0,0,1,2,13,226,535,23,13,1,0,4,3,0,1,1,1,1,1,1,0,3,0,7,221,530,5,13,10,20,1,3,255,593,4,0,0,0,5,2,251,577,4,0,1,3,0,0,1408,863
2008,3,3,1,717,918,33,54,15,0,5,726,910,35,50,3,695,872,30,40,2,8,5,11,720,874,41,50,0,1,5,7,719,872,40,43,0,725,849,42,48,646,765,98,33,5,6,26,3,30,2,1,2,8,0,0,8,8,7,11,635,737,93,32,25,1,54,10,7,0,6,0,0,0,0,1,19,1,24,625,729,32,29,64,92,5,10,736,954,39,0,0,1,2,7,717,912,38,0,9,10,0,0,2263,1747
2008,3,4,1,750,688,68,79,12,0,1,771,670,60,71,5,718,657,55,64,5,7,10,14,766,653,72,63,0,0,3,2,754,656,77,57,0,768,653,78,75,644,555,137,37,1,15,34,3,57,5,2,7,9,0,6,6,12,14,16,640,521,127,39,33,0,98,7,16,4,10,0,3,2,4,5,23,3,21,605,511,57,25,110,94,3,23,798,729,61,0,0,0,3,1,763,706,56,0,11,6,7,0,1941,1599
2008,3,5,1,372,643,21,46,8,0,2,380,635,20,44,3,361,621,15,38,5,7,2,8,379,600,26,37,0,1,3,5,377,579,26,38,1,386,588,25,39,326,521,60,28,1,2,21,4,24,4,1,2,7,0,4,3,5,3,13,322,514,63,22,11,0,28,2,5,3,1,0,2,1,0,2,22,3,15,309,496,20,20,53,68,6,13,388,669,20,0,0,0,5,4,375,652,20,0,3,1,3,0,1670,1093
2008,3,6,1,633,850,36,62,19,3,1,639,832,38,61,10,607,809,32,56,6,6,3,9,618,812,37,69,0,1,6,8,623,793,36,61,4,631,792,42,70,573,718,83,55,0,3,14,2,29,2,0,4,7,2,1,8,5,6,17,563,686,73,50,28,0,44,2,8,2,3,0,4,4,1,6,23,7,25,548,675,26,48,55,80,5,7,681,882,35,0,0,0,2,2,654,843,33,0,15,5,5,0,2099,1608
2008,3,7,1,1455,1319,124,124,28,2,3,1471,1332,125,103,11,1396,1289,108,86,7,17,31,38,1470,1228,136,127,0,1,7,15,1469,1231,148,85,7,1508,1231,137,121,1266,1026,254,62,1,32,60,15,119,7,0,10,16,0,8,13,31,25,27,1247,987,216,54,65,0,187,16,41,6,21,1,2,6,2,13,53,11,37,1199,939,88,48,192,197,28,35,1529,1398,117,0,0,1,7,8,1458,1343,114,0,15,20,19,0,3693,3067
2008,3,8,1,934,1010,46,64,26,2,3,925,1007,51,55,6,903,967,42,47,6,11,5,6,945,961,53,49,0,1,14,6,917,841,59,48,2,935,935,60,51,851,846,115,39,1,6,22,6,32,7,0,8,9,0,4,7,8,5,22,849,837,100,37,18,0,54,7,10,1,8,0,6,3,0,5,28,1,20,832,822,41,33,58,72,8,8,963,1051,44,0,0,1,9,4,935,1014,42,0,5,7,4,0,2789,2087
2008,3,9,1,194,287,10,15,6,0,1,199,283,10,10,2,185,271,7,7,4,2,2,5,199,276,11,14,0,0,3,0,195,277,10,8,0,202,272,10,11,174,235,27,5,0,3,4,2,17,1,0,0,6,0,0,4,3,4,3,174,227,31,3,6,0,20,0,1,0,5,0,1,0,1,3,5,0,10,165,221,8,3,25,34,1,5,202,298,7,0,0,0,3,0,192,278,6,0,7,7,2,0,708,511
2008,3,10,1,535,663,22,28,9,0,4,542,657,20,27,3,525,649,18,25,2,1,1,8,539,636,26,34,0,0,3,4,536,632,24,29,0,542,632,27,38,475,581,53,29,0,5,11,0,36,3,1,1,6,0,2,4,2,4,9,473,558,53,26,19,1,39,4,7,0,7,1,1,2,0,3,15,2,11,461,549,15,20,54,58,5,6,543,689,26,0,0,0,4,1,532,667,24,0,4,2,4,0,1548,1263
2008,3,11,1,371,510,20,26,16,0,0,373,507,22,21,5,354,493,19,19,2,1,1,6,368,498,24,31,0,1,6,4,355,496,29,28,0,365,497,27,32,331,452,41,24,0,4,8,0,24,0,2,2,2,0,5,9,3,3,5,323,440,41,20,9,0,28,3,5,0,6,1,0,0,0,3,12,2,13,320,436,20,19,26,24,5,6,401,516,19,0,0,1,0,1,383,509,19,0,9,0,5,0,1185,940
2008,3,12,1,411,500,10,40,7,2,5,420,494,11,36,4,398,476,9,29,1,2,3,9,406,478,14,37,0,1,6,2,410,468,12,31,1,419,462,19,30,357,415,47,25,1,5,12,3,34,3,1,3,2,2,0,4,7,3,9,352,394,41,19,10,0,54,3,7,0,2,0,2,2,1,2,14,2,12,353,389,9,17,47,56,2,10,448,512,12,0,0,0,6,0,423,477,11,0,2,10,6,0,1313,980
2008,3,13,1,196,236,39,48,4,0,0,201,236,38,45,1,184,225,32,37,1,5,4,11,190,228,39,46,0,0,2,1,192,223,39,42,0,203,219,36,51,173,194,67,34,0,3,10,3,11,4,0,0,0,0,1,2,13,1,4,159,181,62,30,7,6,19,4,6,0,1,0,2,1,0,1,8,0,3,151,175,27,23,22,38,4,15,228,258,34,0,0,0,1,2,207,243,33,0,9,3,4,0,720,525
2008,3,14,1,370,567,25,36,16,2,2,374,568,21,34,6,351,554,21,31,7,4,6,6,362,544,26,36,0,0,15,2,357,529,30,34,0,373,526,29,41,322,478,56,28,0,4,14,2,18,1,1,1,4,0,4,3,7,2,18,321,469,48,22,6,0,17,3,9,0,3,0,2,0,1,4,22,2,17,308,462,20,21,35,53,5,10,397,579,29,0,0,3,8,3,378,557,28,0,5,6,2,0,1560,1024
2008,3,15,1,132,80,12,12,1,0,0,135,78,14,8,0,125,77,11,8,1,0,3,5,135,72,17,9,0,1,0,0,128,72,23,10,0,128,71,16,13,105,51,23,4,0,4,10,0,19,0,0,1,0,0,0,1,4,1,4,104,48,20,2,8,0,19,0,4,1,2,0,1,1,0,2,6,2,6,101,47,9,3,13,19,3,7,145,78,12,0,0,0,2,0,133,78,12,0,2,0,0,0,278,237
2008,3,16,1,797,933,45,65,13,1,8,834,918,41,46,7,776,894,38,39,4,11,9,25,801,885,53,64,0,3,3,4,799,887,54,52,1,806,883,59,58,702,735,126,37,0,11,38,4,38,14,0,8,15,1,6,3,13,6,21,678,679,109,29,43,0,103,4,16,1,10,0,4,11,1,1,48,8,31,649,667,35,23,114,153,13,26,837,981,42,0,0,0,3,5,811,955,34,0,8,5,10,0,2315,1871
2008,3,17,1,365,665,21,36,13,2,3,365,655,23,35,4,354,642,19,31,3,3,2,5,375,636,26,27,0,3,7,4,371,621,27,25,0,382,617,25,29,324,550,69,21,0,4,15,1,11,4,0,3,7,0,3,4,5,1,16,322,537,61,20,11,0,24,6,2,0,10,1,3,2,1,1,18,1,19,313,521,19,17,40,67,2,5,363,702,31,0,0,0,4,0,353,675,29,0,12,9,0,0,1675,1106
2008,3,18,1,537,731,17,36,19,2,5,535,726,23,28,6,520,703,14,25,6,7,2,8,547,722,22,24,0,1,5,5,534,700,19,22,3,550,699,18,24,488,647,55,21,1,1,11,2,23,0,0,4,7,0,3,4,4,4,16,486,631,54,19,13,1,35,4,6,0,3,0,1,1,0,2,11,4,10,477,612,15,18,43,61,2,5,524,788,22,0,0,0,6,1,517,769,18,0,6,3,3,0,2057,1345
2008,3,19,1,545,604,37,43,4,0,1,567,587,35,34,3,531,572,31,28,6,4,7,8,566,552,39,38,0,1,2,7,553,540,43,32,3,565,554,43,44,495,492,71,25,0,9,19,0,43,1,1,2,9,0,5,6,12,2,10,483,454,66,25,19,0,61,5,17,2,6,2,2,3,0,2,19,3,15,470,446,29,16,63,68,5,16,585,594,44,0,0,2,0,0,567,572,43,0,4,5,0,0,1610,1234
2008,3,20,1,780,821,60,52,19,1,5,807,816,47,47,8,746,789,40,34,10,8,20,29,793,790,55,60,0,0,3,2,776,778,65,50,1,798,780,57,60,662,679,105,34,2,13,36,2,76,4,1,12,7,0,6,9,16,12,18,648,645,97,32,37,1,105,3,19,1,10,1,8,7,0,3,32,11,25,633,633,30,28,104,100,21,19,858,829,44,0,0,2,5,0,823,798,38,0,12,7,17,0,2140,1740
2008,3,21,1,314,428,12,21,9,1,1,314,420,14,21,3,311,404,12,21,0,4,0,0,300,411,14,22,0,0,5,3,294,416,14,19,0,300,403,15,20,274,364,33,18,0,0,11,3,16,1,0,3,5,0,1,5,1,4,5,277,351,31,14,4,0,15,1,4,1,7,0,0,0,0,1,11,2,11,266,348,12,14,19,40,2,3,325,446,11,0,0,1,4,2,315,431,11,0,1,0,0,0,1135,790
2008,3,22,1,481,704,35,57,21,1,3,487,703,36,50,5,451,679,30,44,3,10,11,12,486,698,40,47,0,0,3,3,487,684,39,42,2,500,678,44,46,429,601,80,35,2,12,28,3,34,2,0,0,2,1,3,5,11,4,7,422,577,76,29,29,0,40,6,9,2,7,0,4,2,0,2,18,5,20,406,567,31,27,62,79,7,11,520,734,40,0,0,0,1,5,492,713,38,0,9,8,10,0,1669,1304
2008,3,23,1,347,598,8,23,15,0,1,350,591,9,19,11,341,585,7,18,2,5,0,2,349,604,13,21,0,0,2,0,343,599,13,18,5,341,591,14,17,331,574,23,17,0,1,3,1,4,0,0,0,0,0,0,2,1,2,12,329,566,23,15,2,0,7,2,1,0,0,0,1,1,0,0,14,0,6,329,560,11,15,11,22,1,5,341,640,10,0,0,1,1,2,335,612,7,0,1,20,0,0,1369,995
2008,3,24,1,50,110,3,4,0,1,0,50,110,3,3,0,50,108,3,3,0,0,0,0,51,106,3,4,0,0,0,3,52,106,3,1,0,53,106,3,1,50,101,8,1,0,0,0,0,1,0,0,0,2,0,0,0,0,0,1,50,96,5,1,3,0,2,0,0,0,1,0,0,0,0,0,2,0,1,49,96,3,1,3,9,0,0,48,116,3,0,0,0,1,0,48,114,3,0,1,0,0,0,205,168
2008,3,25,1,74,115,0,3,3,0,0,74,113,0,2,0,71,112,0,2,1,0,0,0,67,117,1,1,0,0,2,1,65,111,1,1,0,74,109,1,1,61,100,5,1,0,1,1,0,5,0,0,1,1,0,0,0,0,2,2,62,100,5,1,1,0,5,3,0,0,0,0,0,0,0,2,2,0,1,58,97,1,1,7,6,0,0,67,125,1,0,0,0,0,0,65,115,1,0,0,2,0,0,326,196
2008,3,26,1,987,1069,102,100,36,1,8,1009,1065,98,88,15,950,1031,88,72,7,10,12,15,1000,1044,101,78,0,3,9,13,996,1008,109,72,6,1029,996,107,81,881,875,184,57,2,19,39,8,57,2,3,2,6,0,4,15,27,5,26,875,847,179,52,41,2,82,5,23,0,9,0,2,3,2,4,26,10,25,836,831,79,46,110,115,13,14,1088,1097,99,0,0,1,8,15,1036,1065,95,0,8,8,14,0,3022,2305
2008,3,27,1,403,508,34,49,9,1,1,405,497,37,37,3,387,481,32,33,3,3,6,13,400,480,42,39,0,0,2,2,395,463,43,36,1,413,477,39,46,341,392,86,23,0,7,25,7,40,2,0,1,4,1,4,9,10,3,7,341,377,74,24,9,0,54,3,15,2,10,0,2,2,0,4,18,4,11,320,366,30,19,60,64,6,12,436,520,40,0,0,0,3,2,411,490,39,0,7,6,5,0,1386,1006
2008,3,28,1,1168,1260,62,88,30,3,2,1200,1227,54,74,6,1138,1201,49,63,8,14,12,16,1188,1196,68,69,0,6,10,5,1163,1179,79,65,1,1194,1185,74,83,1056,1043,144,48,1,13,31,5,71,4,4,11,13,1,4,8,21,9,26,1042,1012,131,43,40,1,92,13,24,1,6,1,6,9,1,12,38,10,34,1006,976,49,37,122,136,14,20,1233,1301,63,0,0,2,11,1,1200,1241,56,0,10,13,4,0,3508,2621
2008,3,29,1,81,124,2,4,1,0,3,79,122,2,4,1,77,119,2,4,0,0,0,0,78,125,4,3,0,0,0,2,77,122,3,3,1,79,121,3,3,76,117,4,2,0,0,0,0,0,0,0,0,0,0,0,0,0,0,2,75,118,3,2,0,0,2,0,1,0,0,0,0,0,0,0,1,0,1,77,116,2,3,3,5,1,0,79,127,3,0,0,0,3,4,76,122,3,0,2,0,0,0,295,216
2008,3,30,1,223,469,5,19,7,7,14,225,454,5,17,2,222,446,5,12,6,2,1,2,226,474,5,9,0,2,2,3,233,457,4,9,1,234,450,5,10,208,428,21,7,0,0,4,1,9,1,0,0,3,0,2,1,0,0,13,210,421,25,7,3,0,6,6,0,0,1,0,0,1,0,4,6,2,9,204,406,4,7,22,35,0,0,214,491,4,0,0,0,0,3,206,478,3,0,4,3,0,0,1348,749
2008,3,31,1,92,194,5,3,4,0,1,95,185,5,4,1,88,180,5,2,1,2,0,0,98,181,4,3,0,0,3,0,97,182,4,1,0,103,178,4,1,92,168,11,1,0,0,3,0,2,0,0,0,2,0,0,1,0,0,4,91,165,12,1,0,1,2,1,0,0,0,0,1,0,0,0,7,1,2,90,163,4,1,4,10,0,0,97,192,5,0,0,0,3,0,93,187,5,0,2,0,0,0,484,298
2008,3,32,1,974,976,87,103,32,0,4,1008,968,82,84,18,945,937,71,72,6,10,12,25,1028,931,73,89,0,4,4,4,1010,941,82,78,6,1024,916,75,90,864,756,155,54,1,22,48,8,81,3,0,8,11,4,8,20,21,12,40,860,741,145,53,45,2,108,7,22,2,7,0,2,7,1,8,47,7,27,824,714,56,45,124,165,13,30,1053,1006,94,0,0,2,8,5,1011,964,84,0,11,11,17,0,2758,2178
2008,3,33,1,66,174,3,9,1,0,0,66,172,3,7,0,62,167,2,7,1,4,0,0,69,175,2,5,0,0,0,0,63,173,2,5,0,65,176,3,5,54,159,12,4,0,0,2,0,3,0,0,0,0,0,1,0,0,1,4,55,155,10,4,2,0,3,4,0,0,0,0,0,0,0,1,2,0,1,53,151,2,4,8,15,0,1,56,191,3,0,0,0,0,2,54,180,3,0,0,6,0,0,390,253
2008,3,77,1,47,191,6,14,4,2,2,51,177,6,14,0,44,174,5,12,0,6,0,0,56,167,6,10,0,0,5,0,56,165,6,9,0,59,165,7,9,47,154,12,10,0,2,1,0,3,0,0,0,4,0,0,0,0,0,2,45,115,13,10,1,0,3,1,1,0,0,0,0,1,0,0,48,0,1,43,115,5,9,10,45,0,1,65,190,5,0,0,0,5,1,62,173,4,0,2,4,0,0,0,267
2008,3,78,1,120,209,12,6,4,0,1,121,208,12,4,2,117,205,10,4,2,1,1,0,47,80,1,1,0,0,2,67,48,80,2,1,0,47,79,2,1,43,75,3,2,0,1,2,0,1,1,0,0,0,0,0,0,0,0,1,41,74,4,2,1,0,2,0,1,0,0,0,0,0,0,1,2,0,1,41,74,1,1,3,2,0,0,48,99,1,0,0,0,0,50,48,95,1,0,1,0,0,0,0,353
2008,3,79,1,0,1,0,0,0,0,1,0,1,0,0,0,0,1,0,0,0,0,0,0,1,0,0,0,0,0,0,3,0,0,0,0,0,0,1,0,0,0,0,2,0,0,0,0,0,0,0,0,0,0,0,0,0,0,0,0,0,0,2,0,0,0,0,0,0,0,0,0,0,0,0,0,0,0,0,0,1,0,0,0,0,0,0,0,0,0,0,0,0,0,0,0,0,0,0,0,0,0,0,0,2
2008,3,80,1,2,0,3,0,0,0,0,5,0,0,0,0,0,0,0,0,0,0,5,0,0,0,0,0,0,0,0,0,0,0,0,0,0,0,0,0,0,0,0,0,0,0,0,0,0,0,0,0,0,0,0,0,0,0,0,0,0,0,0,0,0,0,0,0,0,0,0,0,0,0,0,0,0,0,0,0,0,0,0,0,0,0,0,0,0,0,0,0,0,0,0,0,0,0,0,0,0,0,0,0,5
2008,3,81,1,8,16,4,6,0,0,0,9,16,4,5,0,8,16,4,5,0,0,0,0,7,16,4,6,0,0,0,0,7,16,4,6,0,7,16,4,6,6,14,7,3,0,0,0,1,1,0,0,0,0,0,0,0,1,0,0,6,13,5,4,0,0,2,0,1,0,0,0,0,1,0,0,1,0,0,6,13,4,3,1,2,0,3,9,16,7,0,0,2,0,0,8,16,7,0,1,0,0,0,0,34
2008,4,1,1,437,475,23,40,13,0,1,446,469,23,37,5,429,455,22,32,1,5,3,8,440,446,32,38,0,0,4,2,445,444,35,38,0,444,437,34,38,405,404,62,32,1,18,2,0,0,2,1,1,1,1,5,6,11,1,3,416,378,63,39,18,0,2,18,0,0,0,0,3,2,1,1,3,5,0,392,364,29,25,33,54,0,12,458,498,27,0,0,0,3,2,446,475,25,0,5,6,1,0,1311,991
2008,4,2,1,1092,1297,63,97,17,0,3,1146,1280,52,74,4,1052,1247,40,65,14,15,19,39,1111,1244,60,82,0,4,3,4,1096,1228,78,90,5,1126,1190,86,100,947,1047,156,63,2,97,19,3,11,19,5,3,23,4,15,25,45,21,11,1072,955,141,80,65,2,6,44,1,3,8,0,11,9,5,6,30,23,15,907,912,40,39,137,212,9,27,1189,1295,77,0,0,4,3,2,1152,1259,61,0,11,11,17,0,3204,2573
2008,4,3,1,643,740,67,51,12,1,3,667,741,57,40,5,626,728,54,36,5,10,15,9,656,701,67,48,0,1,6,4,649,704,77,44,2,662,700,69,47,569,640,114,28,1,45,7,1,3,8,1,0,4,5,7,8,21,9,3,620,589,108,37,46,0,2,19,1,5,3,1,1,3,1,2,11,11,9,534,573,49,22,88,93,13,20,685,764,61,0,0,0,2,5,658,741,59,0,6,7,8,0,1847,1517
2008,4,4,1,545,480,31,33,21,1,2,559,466,31,31,5,522,453,22,25,7,9,16,11,557,433,32,38,0,0,2,5,545,444,37,26,0,559,443,34,42,494,375,61,12,0,25,2,0,5,14,1,7,12,4,7,11,21,8,7,522,360,51,31,28,1,1,26,2,0,7,0,5,2,0,0,5,9,6,465,342,20,9,61,63,7,14,586,478,33,0,0,0,4,1,562,458,33,0,6,5,5,0,1307,1081
2008,4,5,1,631,917,47,60,20,0,1,650,914,47,44,9,615,897,38,40,2,9,12,10,666,862,51,42,0,1,5,10,648,852,55,53,2,667,849,52,58,585,759,108,30,0,42,4,0,3,16,1,5,12,7,3,26,9,3,16,611,727,93,37,46,1,3,36,0,2,4,2,6,6,1,4,14,6,8,562,687,41,28,64,105,5,15,702,909,55,0,0,1,6,2,686,896,51,0,0,4,5,0,2057,1677
2008,4,6,1,338,404,18,24,3,0,2,339,404,20,20,2,321,393,17,18,1,2,6,8,328,383,26,25,0,0,2,1,326,386,30,20,0,329,374,31,30,288,345,59,15,0,16,2,0,0,2,0,1,3,2,0,6,8,3,3,311,322,59,15,19,0,3,12,0,0,3,0,1,1,2,1,3,2,2,282,312,21,11,32,42,3,7,348,408,24,0,0,0,4,3,337,399,23,0,4,1,5,0,994,791
2008,4,7,1,199,198,16,16,4,0,1,201,198,17,17,1,194,190,15,11,2,6,3,1,201,190,22,11,0,0,1,2,197,186,25,10,0,200,186,24,10,181,172,40,7,0,7,1,1,0,2,0,1,1,1,1,2,2,1,3,192,158,32,12,7,1,0,7,1,1,1,0,2,1,0,0,3,0,0,174,153,16,5,18,27,4,2,213,202,16,0,0,0,3,1,205,196,16,0,2,5,2,0,549,436
2008,4,8,1,677,749,39,51,18,3,0,682,750,37,45,5,661,724,32,38,2,12,5,9,680,724,42,46,0,1,12,4,681,711,47,40,3,687,709,46,48,607,654,103,28,2,23,0,2,2,7,2,5,8,2,7,8,13,3,3,638,635,96,35,19,1,0,15,1,2,2,1,2,2,3,2,5,8,4,586,619,31,22,63,63,5,14,723,758,47,0,0,1,6,0,701,725,44,0,6,7,1,0,2015,1538
2008,4,9,1,439,511,42,33,12,0,0,447,509,41,32,4,413,489,31,23,5,7,20,5,455,487,50,27,0,0,0,0,443,483,59,26,0,458,480,49,28,387,415,84,15,0,49,3,0,3,10,0,2,5,3,3,12,21,5,4,416,383,81,27,41,0,2,17,1,1,0,0,3,3,1,1,12,10,4,364,371,32,13,62,69,18,5,481,505,46,0,0,3,1,1,453,490,44,0,5,4,10,0,1219,1038
2008,4,10,1,354,339,22,17,4,0,1,378,331,15,8,2,341,323,14,8,4,5,4,11,381,307,20,16,0,0,1,2,362,313,27,14,2,371,310,22,19,317,263,37,10,0,36,5,0,6,9,1,2,1,2,3,10,11,4,8,351,245,30,10,15,1,1,11,1,3,6,0,4,3,2,6,11,12,11,310,234,16,7,39,51,3,3,412,312,10,0,0,0,2,1,395,305,8,0,7,4,8,0,842,738
2008,4,11,1,177,282,4,12,4,1,0,180,284,4,11,0,174,277,3,10,1,3,0,2,182,275,6,5,0,1,5,6,184,267,5,5,1,186,267,5,7,178,144,10,6,0,2,0,0,0,0,0,1,0,1,0,2,1,0,0,180,257,10,7,1,0,0,6,0,0,0,1,1,1,0,0,0,0,1,177,253,4,5,4,11,0,2,192,282,4,0,0,1,2,1,190,276,4,0,0,1,1,0,741,483
2008,4,12,1,903,972,61,84,21,1,2,913,959,60,76,8,868,931,55,64,1,12,10,20,914,926,57,75,0,2,6,3,880,936,63,73,2,908,934,68,80,806,822,151,51,1,40,5,0,5,13,2,5,10,6,12,17,14,8,4,849,801,144,59,44,2,1,24,1,2,4,0,10,2,1,5,4,5,1,773,771,46,43,80,105,12,20,952,1014,66,0,0,4,6,3,920,981,62,0,6,7,9,0,2587,2046
2008,4,13,1,801,837,50,65,12,1,0,822,819,48,54,7,773,793,42,41,6,7,5,19,808,784,48,60,0,0,6,2,800,789,55,54,1,822,776,50,59,727,697,93,37,1,46,5,1,3,9,0,6,6,4,4,20,25,8,8,789,658,85,45,42,1,1,22,2,1,4,1,7,10,1,4,16,7,7,701,632,32,29,66,89,9,25,864,839,55,0,0,2,2,2,833,809,52,0,6,5,6,0,2271,1770
2008,4,14,1,354,655,7,23,1,0,4,353,646,5,19,0,339,631,5,17,2,5,0,1,349,625,8,19,0,1,5,3,341,620,7,18,0,353,610,8,18,319,590,29,17,0,11,1,0,0,5,0,4,1,1,1,10,0,0,0,327,582,27,17,3,0,0,10,0,1,1,0,3,5,0,1,5,1,1,312,572,5,15,25,29,3,2,356,670,5,0,0,0,2,8,344,648,5,0,5,4,0,0,1697,1048
2008,4,15,1,654,719,36,40,18,2,1,652,713,36,40,8,632,694,33,30,3,5,6,7,652,681,39,38,0,0,5,3,647,676,37,32,2,669,677,40,33,595,610,81,30,0,30,3,0,2,8,0,3,3,5,3,17,8,4,5,686,599,80,29,16,0,0,11,2,5,3,0,6,1,3,2,7,4,4,580,574,32,24,53,72,4,8,686,737,33,0,0,0,8,1,662,706,33,0,6,12,3,0,2036,1470
2008,4,16,1,647,840,36,38,30,2,4,652,832,33,38,6,619,805,30,28,5,14,5,11,660,786,34,39,0,2,6,5,646,783,42,38,2,660,785,42,37,580,724,114,26,0,27,1,1,4,9,1,2,4,3,3,14,9,2,3,600,701,95,32,26,0,1,26,3,4,3,0,1,8,2,6,4,4,6,560,674,31,23,70,74,3,7,662,881,42,0,0,0,8,3,651,857,39,0,5,3,3,0,2147,1598
2008,4,17,1,278,344,23,27,7,1,0,294,338,23,20,1,275,335,19,17,1,2,3,6,297,333,13,16,0,0,2,0,293,332,18,15,1,298,325,19,17,258,302,38,9,0,16,0,0,1,0,0,6,6,2,4,6,5,4,1,276,282,33,15,9,0,1,14,0,2,1,0,4,2,2,2,3,0,2,242,277,12,7,33,30,2,8,316,347,15,0,0,0,1,0,306,335,15,0,3,1,3,0,845,680
2008,4,18,1,798,820,52,67,34,0,4,804,817,52,55,15,770,783,48,44,4,11,6,15,804,775,61,58,0,6,5,3,792,794,61,49,4,805,790,57,58,713,722,121,38,1,29,3,2,2,11,1,9,7,9,10,19,6,7,14,757,691,110,40,21,1,1,23,2,5,4,0,5,4,2,4,5,1,9,691,654,43,31,77,84,8,16,847,873,45,0,0,1,5,2,805,836,44,0,8,5,6,0,2261,1777
2008,4,19,1,1082,1243,76,101,25,2,2,1134,1216,75,89,5,1048,1185,65,72,8,21,18,36,1105,1186,93,95,0,1,2,1,1086,1167,113,99,5,1118,1150,99,110,951,1034,177,64,0,99,7,1,5,6,2,7,10,6,13,22,44,14,18,1053,966,171,87,60,0,7,34,2,6,5,0,5,8,2,8,24,18,7,911,925,67,48,130,171,20,28,1183,1239,99,0,0,3,9,1,1133,1211,92,0,14,14,13,0,3098,2538
2008,4,20,1,655,797,56,51,13,0,4,677,785,52,45,4,633,766,44,36,9,11,13,15,679,747,61,50,0,2,2,2,654,755,67,50,0,675,749,66,61,548,647,121,25,2,73,7,1,6,10,0,6,11,5,14,17,21,12,10,631,620,113,36,46,0,2,19,0,5,4,2,7,5,4,4,10,10,5,519,588,46,16,106,117,9,24,713,789,72,0,0,0,4,1,689,770,66,0,6,7,10,0,2058,1579
2008,4,21,1,707,824,29,53,12,0,5,736,804,23,47,3,687,783,21,40,5,5,8,13,729,756,36,54,0,0,6,9,704,766,34,51,0,724,766,41,59,632,677,90,35,0,45,6,0,2,8,0,8,17,4,9,20,9,7,6,685,660,77,41,24,20,2,26,0,5,1,0,5,11,1,6,7,4,2,610,632,24,30,66,85,3,18,771,820,29,0,0,1,3,3,742,799,23,0,8,6,10,0,2138,1633
2008,4,22,1,1247,1079,142,114,42,6,4,1288,1084,125,95,11,1194,1038,110,80,6,20,35,26,1265,1034,135,94,0,6,11,8,1229,1042,153,91,8,1284,1033,135,118,1101,942,222,51,2,58,6,2,6,19,2,4,9,9,8,23,57,12,14,1178,863,203,83,75,1,6,33,0,11,4,0,3,7,3,4,15,21,11,1044,823,97,43,139,139,22,31,1325,1143,140,0,0,3,16,5,1284,1113,136,0,9,9,19,0,3204,2633
2008,4,23,1,1032,1035,93,84,18,1,4,1057,1026,96,66,5,980,1001,83,57,7,12,15,28,1044,975,97,73,0,2,1,4,1022,991,106,74,1,1059,970,97,85,886,857,177,44,1,81,3,1,5,15,0,5,10,3,6,25,46,21,15,993,820,168,64,53,0,5,42,1,4,4,2,11,5,2,8,7,13,5,842,783,64,33,131,125,20,29,1114,1038,99,0,0,4,5,5,1067,995,88,0,18,11,13,0,2881,2271
2008,4,24,1,330,454,16,29,5,0,1,342,448,16,22,0,321,442,11,20,4,4,4,6,346,424,14,29,0,0,3,1,338,429,19,22,1,353,417,18,24,301,382,50,16,0,21,6,0,0,3,1,2,6,0,3,6,6,3,4,323,364,42,20,12,0,1,13,0,0,2,0,4,5,1,2,4,4,2,292,352,11,15,36,49,3,7,360,451,16,0,0,0,2,1,348,439,13,0,5,2,4,0,1126,836
2008,4,25,1,437,496,26,38,10,1,1,458,485,24,25,4,429,472,22,22,3,6,5,7,447,468,24,23,0,1,6,4,448,461,26,21,0,451,472,26,25,410,434,57,20,0,11,2,0,4,5,1,1,1,1,4,9,4,0,6,426,414,56,25,11,0,0,14,2,0,2,0,3,3,0,4,3,1,2,401,403,22,16,27,41,3,3,468,506,30,0,0,1,3,0,451,484,27,0,4,4,1,0,1251,1010
2008,4,26,1,393,460,25,24,14,0,0,404,458,27,17,4,380,443,23,15,1,10,2,5,403,443,28,17,0,0,5,4,387,443,35,18,2,398,439,32,18,352,388,62,12,2,17,5,0,4,3,0,3,9,3,5,19,1,3,0,376,389,53,15,18,0,0,8,0,5,3,0,2,1,2,2,5,5,2,341,356,23,8,39,58,3,8,409,476,22,0,0,0,4,1,396,468,20,0,3,3,1,0,1156,917
2008,4,27,1,399,569,13,31,8,0,2,404,547,16,24,0,383,522,11,21,4,4,2,4,403,537,17,18,0,0,5,1,388,539,21,15,0,404,530,23,23,345,487,60,11,0,15,3,0,3,7,0,3,1,1,5,5,11,3,7,366,480,51,17,13,0,1,17,1,2,1,1,3,2,0,6,2,4,2,333,458,12,10,46,49,1,6,415,587,14,0,0,0,3,0,399,556,12,0,7,1,4,0,1405,1023
2008,4,28,1,282,270,20,14,7,0,1,295,264,15,13,3,274,263,14,11,4,2,3,3,282,268,16,18,0,0,2,1,274,262,21,18,0,288,256,20,23,257,231,30,13,0,13,2,0,0,1,0,0,5,1,3,7,6,5,5,265,216,26,22,13,1,0,16,0,0,3,0,0,0,0,3,5,9,2,240,203,11,11,29,41,3,0,299,275,19,0,0,0,1,0,292,269,17,0,3,4,1,0,705,595
2008,4,29,1,1031,1421,79,68,24,3,2,1105,1389,70,51,9,1002,1362,59,42,20,14,22,26,1113,1344,67,60,0,1,1,2,1087,1356,89,59,1,1096,1328,84,70,919,1186,154,35,1,112,18,2,14,13,1,10,9,2,19,29,25,12,19,1003,1069,145,52,82,1,7,57,2,5,8,0,13,11,1,9,40,48,21,862,1021,48,31,150,224,12,20,1165,1378,80,0,0,2,5,1,1130,1349,69,0,9,8,11,0,3145,2632
2008,4,77,1,46,186,11,5,0,2,4,51,180,8,6,0,45,175,8,3,0,1,0,5,55,169,8,5,0,0,4,1,60,167,8,1,0,59,163,11,5,45,149,19,1,0,9,1,0,0,0,0,1,0,1,3,6,2,0,1,47,158,16,3,4,0,0,3,0,0,0,0,2,0,0,0,0,4,0,39,141,7,1,11,14,1,2,60,177,6,0,0,0,4,4,56,169,6,0,2,1,1,0,0,256
2008,4,78,1,81,131,15,7,1,2,0,81,129,13,8,1,81,128,13,7,0,0,0,1,29,36,4,0,0,0,0,26,30,37,4,1,0,32,37,6,1,26,35,7,1,0,1,0,0,0,0,0,1,0,0,0,0,1,0,0,29,36,6,0,0,0,0,0,0,0,0,0,0,0,0,0,0,0,0,26,35,4,0,2,1,0,0,34,40,2,0,0,0,1,26,33,40,2,0,0,0,0,0,0,237
2008,4,79,1,0,0,0,0,0,0,0,0,0,0,0,0,0,0,0,0,0,0,0,0,0,0,0,0,0,0,0,0,0,0,0,0,0,0,0,0,0,0,0,0,0,0,0,0,0,0,0,0,0,0,0,0,0,0,0,0,0,0,1,0,0,0,0,0,0,0,0,0,0,0,0,0,0,0,0,0,0,0,0,0,0,0,0,0,0,0,0,0,0,0,0,0,0,0,0,0,0,0,0,0,0
2008,4,80,1,1,0,0,0,1,0,0,1,0,0,0,0,0,0,0,0,0,0,1,0,0,0,0,0,0,0,0,0,0,0,0,0,0,0,0,0,0,0,0,0,0,0,0,0,0,0,0,0,0,0,0,0,0,0,0,0,0,0,0,0,0,0,0,0,0,0,0,0,0,0,0,0,0,0,0,0,0,0,0,0,0,0,0,0,0,0,0,0,0,0,0,0,0,0,0,0,0,0,0,0,2
2008,4,81,1,90,85,6,5,2,2,0,89,85,6,5,2,86,83,6,4,0,0,0,0,86,83,6,3,0,0,3,0,86,82,6,3,0,87,81,6,3,83,81,8,2,0,3,0,0,0,0,0,0,0,0,1,0,1,0,0,85,85,8,2,0,0,0,0,0,0,0,0,2,1,0,0,0,0,0,82,80,6,2,4,1,0,1,89,90,7,0,0,1,3,0,87,88,6,0,0,0,0,0,0,179
2008,5,1,1,577,715,59,47,12,0,2,603,701,58,39,5,561,686,51,29,5,10,12,13,588,689,62,44,0,1,1,6,607,658,59,39,8,596,677,56,46,570,532,88,34,0,3,70,2,2,6,0,8,10,2,13,9,7,10,20,475,449,87,34,74,0,4,20,2,3,11,0,4,65,2,14,30,74,7,458,440,46,19,108,189,4,13,646,705,47,0,0,1,6,5,622,695,44,0,6,6,6,0,1643,1413
2008,5,2,1,972,1007,83,95,16,3,2,1029,975,72,80,5,934,950,57,61,5,17,29,27,1004,948,73,100,0,1,2,5,1025,923,85,79,6,989,938,85,104,923,762,161,81,1,8,47,5,9,9,1,14,15,1,13,8,9,25,24,766,668,160,76,96,1,12,24,2,12,13,1,8,44,2,31,32,134,8,754,652,44,44,161,193,18,24,1091,1002,70,0,0,1,1,7,1043,957,65,0,15,12,10,0,2581,2178
2008,5,3,1,384,276,11,12,1,1,1,388,264,10,13,0,374,256,8,10,1,1,3,2,384,261,9,14,0,2,3,6,394,254,11,13,0,386,251,10,10,372,220,16,19,0,1,4,0,3,0,1,2,5,0,0,9,0,2,3,354,207,21,7,12,0,1,1,1,1,2,0,5,14,0,2,7,16,3,346,201,6,7,32,36,2,2,401,268,13,0,0,0,3,1,390,256,9,0,1,0,2,0,886,690
2008,5,4,1,1005,1045,50,67,10,1,9,1013,1022,56,53,2,970,990,42,46,9,9,8,15,1002,976,56,57,0,1,10,13,1008,940,57,62,2,986,967,62,68,942,845,119,55,0,9,28,1,3,6,0,10,12,1,11,11,4,10,12,848,820,116,48,30,2,6,7,0,10,6,0,16,32,1,16,26,87,4,832,798,39,31,114,114,6,17,1017,1088,60,0,0,2,2,14,981,1039,54,0,13,6,6,0,2988,2177
2008,5,5,1,346,421,23,22,7,1,6,354,409,19,22,5,331,400,17,17,2,3,2,7,353,408,17,26,0,0,1,4,354,399,23,22,0,343,400,22,26,334,355,32,31,0,0,15,0,2,4,0,2,5,0,2,0,1,5,11,292,329,26,22,23,0,4,5,0,1,3,0,4,15,0,7,15,36,3,288,316,10,13,38,58,5,9,385,415,22,0,0,0,1,3,373,403,22,0,3,5,1,0,976,827
2008,5,6,1,771,734,60,53,10,0,2,788,731,51,46,3,748,710,43,38,4,5,16,8,780,692,57,59,0,0,3,0,795,691,60,55,0,765,689,63,60,721,570,119,48,0,8,32,5,7,8,0,2,11,1,9,8,1,18,19,598,509,95,49,64,0,8,16,1,6,12,0,4,40,0,15,34,112,5,584,501,44,26,149,143,7,15,825,748,47,0,0,0,4,3,790,726,45,0,8,3,16,0,2006,1630
2008,5,7,1,631,882,29,47,6,3,5,646,866,24,43,3,620,859,20,39,2,4,8,6,631,841,26,45,0,0,11,9,646,817,25,41,2,629,824,27,40,598,741,54,69,0,6,17,0,3,3,0,2,4,0,3,7,2,4,18,551,713,55,43,29,2,1,7,0,1,5,0,2,15,0,10,22,55,3,539,698,14,28,64,92,3,9,695,860,33,0,0,0,8,5,664,835,30,0,5,9,2,0,2116,1608
2008,5,8,1,1076,1393,110,94,15,1,2,1131,1363,96,93,2,1043,1325,87,70,11,15,16,32,1114,1296,103,118,0,2,2,2,1137,1280,109,97,2,1107,1313,110,117,1052,1030,193,119,1,10,81,1,2,11,0,14,14,3,31,19,6,21,25,873,886,189,91,105,3,15,39,4,14,20,2,6,70,5,39,55,174,10,845,866,68,50,194,335,13,40,1219,1347,110,0,0,4,10,4,1161,1319,99,0,14,17,18,0,3151,2694
2008,5,9,1,1015,1665,71,83,15,2,3,1081,1623,71,65,2,973,1590,57,48,7,14,19,38,1077,1559,94,75,0,1,1,4,1092,1523,89,73,1,1065,1581,96,76,983,1248,196,69,0,10,124,1,7,18,0,18,14,2,34,15,2,29,29,796,1024,169,75,145,0,11,53,1,10,33,3,7,101,2,53,80,179,20,778,911,61,26,304,420,16,31,1166,1594,87,0,0,2,4,3,1117,1566,82,0,9,20,10,0,3314,2857
2008,5,10,1,1253,1197,52,90,16,0,4,1295,1158,48,75,5,1225,1122,41,65,6,16,9,15,1256,1143,56,72,0,3,9,6,1259,1135,61,68,2,1229,1132,59,89,1200,952,118,76,1,6,47,2,5,6,2,9,17,0,15,16,5,13,38,1096,895,119,76,47,0,5,22,1,6,6,1,8,63,3,18,36,105,8,1080,871,36,42,130,182,11,12,1292,1244,59,0,0,4,5,6,1260,1197,53,0,11,7,8,0,3354,2615
2008,5,11,1,927,941,57,65,3,1,3,940,917,58,59,1,881,898,50,51,5,3,18,22,925,874,67,59,0,0,6,5,934,859,73,48,0,914,863,72,62,849,746,128,69,1,4,33,1,7,8,1,11,9,0,9,4,2,13,20,790,697,125,56,40,0,2,10,0,5,5,0,6,37,1,10,29,76,10,778,675,49,32,99,149,13,12,987,917,76,0,0,2,5,6,948,894,71,0,6,10,15,0,2446,1996
2008,5,12,1,624,385,16,14,3,1,5,629,372,17,10,0,610,368,16,9,6,3,4,7,599,393,26,14,0,2,4,4,625,354,25,16,2,616,363,24,17,593,321,47,19,0,5,7,1,3,0,1,1,2,1,5,5,1,2,6,571,313,44,20,8,0,1,2,0,2,1,1,4,8,0,1,10,24,8,544,306,19,9,61,36,3,7,656,381,17,0,0,0,2,1,641,366,14,0,10,6,8,0,1355,1057
2008,5,13,1,1015,958,60,65,13,1,2,1017,947,57,62,5,976,925,51,50,7,4,7,18,1024,903,53,68,0,1,8,5,1035,893,56,58,2,1003,884,54,74,923,763,104,135,2,3,34,1,5,1,0,2,7,0,5,10,0,16,17,888,701,120,63,35,0,6,15,2,6,9,0,8,35,1,10,37,74,4,854,683,37,37,115,144,9,21,1100,947,54,0,0,0,5,5,1062,918,52,0,7,8,6,0,2661,2117
2008,5,14,1,737,979,30,51,10,7,8,762,959,27,39,4,718,931,25,37,8,13,5,10,758,921,35,50,0,0,7,10,778,880,42,38,0,750,902,41,47,707,772,83,64,0,2,23,0,4,4,0,10,10,0,9,14,2,15,15,622,708,99,44,30,0,3,16,0,9,6,0,13,30,0,26,33,66,8,609,692,28,27,120,147,1,7,803,977,30,0,0,1,7,6,768,940,27,0,6,10,7,0,2247,1825
2008,5,15,1,425,400,7,21,8,1,4,433,391,6,17,4,408,376,5,13,3,5,3,3,417,398,4,17,0,1,1,3,427,380,8,15,2,417,378,6,15,374,324,22,48,2,2,9,0,5,4,0,2,2,0,1,10,0,2,13,374,311,34,12,9,0,0,2,1,3,1,0,6,23,1,0,15,26,3,347,305,2,10,57,54,4,1,454,403,7,0,0,0,2,2,437,384,6,0,5,2,3,0,1142,870
2008,5,16,1,604,791,21,54,21,1,2,608,783,23,41,7,580,759,17,37,6,9,3,5,606,768,25,38,0,1,11,9,620,743,25,40,0,600,744,22,43,578,680,58,35,0,1,20,1,8,3,0,5,4,1,1,6,2,6,11,549,645,54,28,21,0,3,8,1,5,2,0,1,33,0,4,14,37,3,540,632,16,20,40,83,5,9,640,814,23,0,0,0,11,4,616,796,23,0,4,2,0,0,1917,1498
2008,5,77,1,33,135,14,5,0,3,0,38,126,12,4,0,32,125,10,4,0,0,2,2,34,122,15,7,0,1,5,0,42,120,14,3,0,36,124,16,4,34,107,24,4,1,1,1,0,1,2,0,0,0,0,0,1,0,0,1,26,73,22,3,5,0,0,2,0,0,2,0,0,38,0,1,3,6,0,26,68,9,3,7,51,3,1,45,123,14,0,0,0,7,0,40,122,13,0,1,2,2,0,0,190
2008,5,78,1,32,66,1,0,0,2,0,32,63,2,0,0,31,63,1,0,1,1,0,0,6,19,1,1,0,0,1,11,6,20,1,1,0,6,19,1,1,6,19,1,1,0,0,0,0,0,0,0,0,0,0,0,0,0,0,0,6,19,1,1,0,0,0,0,0,0,0,0,0,0,0,0,0,0,0,6,19,1,1,0,0,0,0,11,18,1,0,0,0,0,10,10,18,1,0,0,0,0,0,0,101
2008,5,79,1,0,0,0,0,0,0,0,0,0,1,0,0,0,0,0,0,0,0,0,0,0,0,0,0,0,0,0,2,0,0,0,0,0,0,0,0,0,0,0,0,0,0,0,0,0,0,0,0,0,0,0,0,0,0,0,0,0,0,0,0,0,0,0,0,0,0,0,0,0,0,0,0,0,0,0,0,0,0,0,0,0,0,0,0,0,0,0,0,0,0,0,0,0,0,0,0,0,0,0,0,1
2008,5,80,1,0,0,0,0,0,0,1,0,0,0,0,0,0,0,0,0,0,0,0,0,0,0,0,0,0,0,0,0,0,0,0,0,0,0,0,0,0,0,0,0,1,0,0,0,0,0,0,0,0,0,0,0,0,0,0,0,0,0,0,0,0,0,0,0,0,0,0,0,0,0,0,0,0,0,0,0,0,0,0,0,0,0,0,0,0,0,0,0,0,0,0,0,0,0,0,0,0,0,0,0,1
2008,5,81,1,40,39,2,1,0,0,2,40,38,2,1,0,40,38,2,1,0,0,0,0,40,39,2,1,0,0,0,2,40,39,2,1,0,40,39,2,1,39,35,4,1,0,0,1,0,0,0,0,0,1,0,0,0,0,0,1,37,36,4,1,0,0,0,0,0,0,0,0,0,0,0,1,2,0,0,37,35,2,1,3,4,0,0,42,38,2,0,0,0,0,2,41,38,2,0,0,0,0,0,0,84
2008,6,1,1,585,689,31,39,7,0,5,585,682,32,36,3,558,661,23,30,3,8,13,8,582,639,41,38,0,0,15,6,577,622,45,33,1,594,625,41,39,512,557,72,34,0,6,1,3,6,10,0,39,6,0,6,22,4,3,2,511,553,64,33,19,0,6,3,0,53,22,2,0,13,0,3,2,3,2,492,533,28,23,51,53,7,4,413,860,52,0,0,10,13,4,407,816,42,0,20,10,8,0,1655,1357
2008,6,2,1,1107,1746,93,98,19,3,1,1166,1709,84,87,8,1058,1660,70,74,8,15,22,42,1156,1595,105,115,0,3,5,5,1114,1633,117,95,7,1161,1600,111,124,892,1276,219,95,0,47,26,1,28,33,3,156,32,2,8,123,3,14,22,848,1228,194,91,90,1,44,17,2,233,82,1,8,62,0,9,17,14,11,817,1160,64,57,217,302,24,27,691,2219,125,0,0,15,9,3,679,2112,116,0,46,20,15,0,3575,3069
2008,6,3,1,370,686,3,15,9,0,4,375,665,4,15,2,359,652,3,13,1,7,1,0,371,649,6,13,0,1,9,2,347,648,9,9,2,367,651,8,10,330,571,32,14,0,5,14,0,2,10,0,19,3,0,4,14,0,4,4,330,553,33,11,12,0,1,7,0,16,21,0,6,19,0,7,7,2,5,320,531,6,8,19,71,0,2,345,820,4,0,0,6,5,1,239,784,3,0,7,3,3,0,1322,1088
2008,6,4,1,1218,1553,77,91,19,4,4,1251,1517,59,91,8,1171,1473,49,69,12,11,26,24,1269,1426,74,83,0,9,24,5,1215,1433,79,79,3,1254,1427,79,87,1051,1217,190,72,1,20,20,2,11,26,3,109,27,3,14,46,9,10,12,1018,1154,160,73,62,1,17,10,0,169,53,4,1,48,0,14,9,12,14,991,1109,50,45,156,224,14,16,868,1953,87,0,0,27,13,11,842,1808,82,0,46,39,13,0,3631,2968
2008,6,5,1,304,482,5,15,2,0,1,305,478,7,14,0,299,476,5,12,0,0,3,0,312,446,12,10,0,1,8,3,293,452,13,9,0,305,443,12,9,275,405,31,7,1,2,4,0,2,8,1,10,6,0,1,14,0,0,0,276,398,29,7,7,0,5,2,0,15,7,0,1,11,1,1,1,0,1,269,385,9,4,18,44,1,5,204,570,10,0,0,14,3,6,199,539,10,0,9,8,1,0,1057,811
2008,6,6,1,745,976,18,32,12,4,5,741,958,20,30,1,718,944,17,24,8,6,1,3,743,944,19,30,0,9,10,5,723,935,21,26,1,736,922,22,30,677,851,70,26,0,4,4,1,2,11,2,30,7,0,2,19,4,2,2,668,818,76,21,14,0,5,3,1,34,24,0,1,22,0,0,5,2,8,654,793,16,16,52,100,2,4,516,1211,17,0,0,21,10,9,493,1144,15,0,24,25,1,0,2356,1793
2008,6,7,1,214,341,12,14,5,1,2,210,342,14,15,0,208,335,12,13,0,1,0,1,223,326,9,9,0,0,4,4,218,323,9,8,0,224,322,9,9,201,311,22,7,1,2,2,0,3,4,2,12,1,0,0,1,1,0,1,195,299,22,9,6,0,2,0,0,12,9,0,0,3,0,0,0,0,1,194,295,15,5,8,13,21,2,146,410,14,0,0,6,2,3,142,389,13,0,9,5,2,0,759,588
2008,6,8,1,818,921,15,35,12,1,7,817,895,18,35,3,802,885,14,29,3,4,1,3,903,789,19,23,0,3,17,12,794,837,23,26,3,821,835,19,25,749,756,78,20,0,3,9,0,3,10,1,29,7,2,6,20,4,7,3,741,730,64,23,20,0,1,5,0,56,21,0,0,18,0,0,2,0,10,727,689,14,17,51,106,6,7,567,1195,14,0,0,7,13,12,558,1092,14,0,38,19,4,0,2311,1816
2008,6,9,1,253,735,11,31,9,0,1,254,729,10,29,1,244,714,9,24,0,2,0,6,260,710,11,26,0,2,4,4,249,695,16,27,0,254,695,15,30,220,625,50,26,0,4,7,0,5,11,0,21,13,0,0,11,1,2,2,220,598,43,22,25,0,1,8,2,28,13,0,0,14,0,0,3,4,7,209,585,11,18,31,76,1,6,160,833,16,0,0,18,5,7,156,766,13,0,5,43,3,0,1278,1043
2008,6,10,1,591,804,23,45,18,1,6,586,798,24,35,1,565,771,20,34,4,8,3,7,589,772,39,33,0,0,13,3,573,762,41,33,2,592,748,40,32,524,687,71,40,1,5,5,0,6,14,1,25,4,1,3,15,1,2,5,517,658,66,37,21,0,0,0,1,42,20,0,1,16,0,1,2,4,6,506,648,28,20,53,83,5,7,432,994,30,0,0,10,9,7,416,941,28,0,16,12,7,0,1919,1494
2008,6,11,1,413,650,8,22,9,4,3,408,656,6,17,3,402,639,6,15,1,5,0,3,404,611,7,17,0,0,9,16,403,602,7,16,1,406,606,7,15,374,566,37,14,1,0,2,0,0,7,0,28,2,0,3,8,2,1,0,366,555,38,10,18,0,0,6,0,30,13,0,0,4,0,1,1,0,5,361,547,5,10,32,34,1,4,274,794,20,0,0,5,5,5,264,749,19,0,14,22,0,0,1344,1108
2008,6,12,1,310,473,11,27,1,0,2,315,466,8,24,0,305,463,9,23,1,2,2,1,306,441,13,27,0,1,8,5,305,435,12,26,0,308,431,12,26,286,398,35,21,0,0,3,0,1,8,0,9,7,0,2,10,0,6,1,283,386,38,23,9,0,4,5,0,16,16,0,0,6,0,0,1,0,0,280,379,8,15,17,35,2,5,217,587,11,0,0,3,2,2,210,554,8,0,7,4,3,0,1036,827
2008,6,13,1,476,642,38,42,3,1,1,481,632,39,34,0,464,627,35,30,1,3,5,8,466,604,45,49,0,0,8,4,458,612,48,38,0,463,604,43,42,414,514,86,47,1,3,16,0,9,12,1,22,9,0,4,24,2,5,4,409,487,85,37,27,0,6,6,0,37,22,1,1,19,0,5,2,4,2,397,477,36,26,40,99,6,12,323,817,51,0,0,4,6,0,315,754,45,0,24,12,7,0,1476,1206
2008,6,14,1,316,481,23,31,8,0,2,318,472,21,27,2,304,457,15,22,4,6,4,4,309,459,23,21,0,1,10,5,305,452,21,18,1,319,447,20,25,273,397,45,19,0,6,3,0,5,5,0,22,6,0,3,12,4,3,1,262,381,38,13,25,0,7,7,0,39,11,0,1,5,0,2,4,5,2,256,370,14,10,36,49,5,10,197,611,26,0,0,2,8,7,192,576,22,0,4,7,3,0,1051,861
2008,6,77,1,20,105,6,3,1,2,0,20,103,4,3,1,19,99,4,3,0,0,0,0,19,97,7,5,0,1,2,0,20,97,6,6,0,19,97,5,5,16,87,10,4,0,0,2,0,1,3,0,0,0,0,0,4,1,2,0,16,60,12,4,1,0,0,1,0,0,28,0,0,1,0,2,0,1,0,16,58,5,4,3,34,1,1,10,115,5,0,0,3,3,0,10,110,4,0,1,1,0,0,0,137
2008,6,78,1,23,47,2,1,0,1,0,24,42,2,1,0,23,41,2,1,0,0,1,0,8,15,1,3,0,0,0,3,8,14,1,3,0,8,14,0,3,9,15,1,2,0,0,0,0,0,0,0,0,0,0,0,1,0,0,0,9,15,0,3,0,0,0,0,0,0,1,0,0,0,0,0,0,0,0,8,13,0,3,0,0,0,0,7,18,0,0,0,0,0,7,7,18,0,0,0,0,0,0,0,74
2008,6,79,1,0,2,0,0,0,0,1,0,1,0,0,0,0,1,0,0,0,0,0,0,0,1,0,0,0,0,0,0,0,0,0,0,0,0,0,0,0,0,0,0,0,0,0,0,0,0,0,0,0,0,0,0,0,0,0,0,0,0,0,0,0,0,0,0,0,0,0,0,0,0,0,0,0,0,0,0,0,0,0,0,0,0,0,0,1,0,0,0,0,0,0,0,1,0,0,0,0,0,0,0,3
2008,6,81,1,40,60,0,1,1,7,0,38,60,0,1,0,38,60,0,1,0,0,0,0,42,59,0,1,0,0,7,0,43,58,0,1,0,42,59,0,1,41,56,0,1,0,0,0,0,0,0,0,1,0,0,0,1,0,0,0,40,53,1,1,2,0,1,0,0,0,1,0,0,0,0,1,0,0,0,39,53,0,1,3,5,0,0,35,65,0,0,0,2,7,0,34,64,0,0,0,1,0,0,0,109
2008,7,1,1,723,1083,28,49,13,7,5,725,1078,26,34,2,700,1053,25,34,10,5,2,6,671,1092,33,50,0,2,12,5,673,1071,34,47,4,674,1067,37,0,643,971,75,33,1,3,6,0,29,16,0,1,7,1,1,18,1,3,8,634,946,74,30,15,2,25,12,2,1,7,0,1,24,1,3,26,5,1,619,926,31,26,50,88,2,11,531,1314,34,0,0,3,12,13,525,1263,33,0,17,6,2,0,2544,1908
2008,7,2,1,399,622,9,46,6,2,6,395,613,11,41,0,388,602,9,35,3,3,0,4,401,598,15,32,0,0,8,4,399,574,14,40,0,398,585,15,0,378,538,44,31,0,2,1,1,21,10,0,0,4,0,3,4,0,0,0,370,536,44,26,13,0,20,4,0,0,2,1,0,10,0,7,6,2,0,364,512,9,23,34,43,2,5,345,713,13,0,0,3,10,7,332,686,13,0,13,8,0,0,1471,1094
2008,7,3,1,546,868,49,30,16,0,3,564,846,42,38,3,517,819,37,25,6,8,11,25,539,828,51,60,0,0,5,2,540,809,52,76,1,538,823,47,0,487,680,85,48,0,5,6,0,54,26,2,1,15,1,3,36,3,8,4,482,638,79,44,32,1,61,12,2,5,7,0,3,34,1,3,32,5,3,462,616,39,38,57,136,5,11,377,1020,67,0,0,31,5,5,370,964,62,0,18,18,4,0,1845,1513
2008,7,4,1,768,1507,64,68,22,1,0,797,1484,64,62,7,741,1458,52,49,11,12,16,18,772,1423,71,95,0,2,4,1,769,1398,71,115,3,782,1422,80,0,648,1169,141,65,1,11,14,0,95,34,1,16,23,1,11,98,10,15,18,651,1059,116,70,83,4,121,53,3,6,19,2,6,78,0,11,56,15,9,604,934,48,43,129,260,12,16,611,1664,98,0,0,23,13,8,600,1592,89,0,29,32,3,0,2905,2430
2008,7,5,1,768,1208,59,61,14,1,5,789,1197,56,50,8,741,1182,45,41,10,6,12,21,759,1173,52,85,0,2,3,6,754,1155,59,94,2,750,1175,67,0,645,972,110,65,1,7,3,0,80,24,0,5,17,1,3,101,3,7,9,644,876,108,56,57,0,90,42,3,1,21,1,5,60,2,6,51,12,3,613,866,39,42,108,224,10,21,592,1419,71,0,0,10,8,9,594,1223,65,0,33,11,9,0,2555,2117
2008,7,6,1,439,910,20,24,9,0,2,476,881,16,20,2,431,868,13,20,8,6,8,7,470,858,24,33,0,0,2,2,468,852,28,37,1,466,863,28,0,413,708,61,23,0,4,11,0,43,19,1,4,11,1,1,56,2,7,9,420,665,61,18,19,0,53,31,0,2,16,0,1,31,0,15,39,1,3,401,651,12,7,54,137,6,9,357,990,35,0,0,11,3,2,350,953,28,0,17,12,4,0,1701,1402
2008,7,7,1,193,316,9,7,4,0,0,199,311,7,5,2,193,307,6,5,0,2,2,2,189,301,9,9,0,0,5,1,189,295,9,11,0,191,305,6,0,180,281,25,7,0,1,1,0,10,3,0,0,2,0,2,5,0,1,2,179,274,23,6,3,0,14,4,0,0,3,0,2,5,0,1,7,1,4,177,266,7,5,10,21,0,2,155,360,6,0,0,0,1,1,155,347,6,0,4,1,0,0,677,529
2008,7,8,1,1181,2450,87,90,23,1,1,1259,2408,72,75,8,1147,2388,58,64,14,21,28,30,1219,2326,86,121,0,2,10,5,1225,2288,97,153,1,1220,2323,80,0,1046,1850,228,82,0,23,33,1,129,41,7,13,31,3,7,182,18,33,25,1045,1605,195,75,119,0,205,87,4,3,46,7,15,150,2,20,119,9,17,979,1577,61,50,176,524,18,27,841,2821,131,0,0,17,14,5,831,2704,119,0,48,26,9,0,4489,3834
2008,7,9,1,404,678,20,31,5,0,4,432,662,15,26,0,387,639,14,24,5,7,5,22,395,658,19,49,0,0,4,0,393,651,23,51,1,400,665,23,0,346,532,59,30,0,7,10,1,42,6,2,2,11,2,4,49,1,11,6,349,483,53,35,34,2,51,22,0,1,16,0,5,27,0,1,35,4,6,331,480,13,21,46,109,1,15,285,814,32,0,0,3,6,1,280,768,32,0,22,8,3,0,1386,1145
2008,7,10,1,1042,1602,66,145,28,2,1,1073,1580,65,127,11,999,1543,56,118,8,16,9,27,985,1560,76,152,0,6,11,8,992,1513,93,170,6,1000,1494,100,0,892,1233,224,106,2,12,21,0,96,46,2,5,23,1,6,59,5,9,14,882,1185,195,99,63,0,148,17,1,1,11,1,12,68,1,5,48,4,2,846,1153,60,76,118,222,11,35,726,2008,85,0,0,47,9,10,700,1895,80,0,41,34,6,0,3751,2889
2008,7,11,1,377,712,23,43,10,1,4,381,702,19,35,1,369,688,15,33,3,2,3,5,359,698,22,39,0,2,12,5,358,681,22,37,1,363,675,25,0,325,592,67,29,0,0,7,0,34,11,1,2,5,1,3,15,3,2,5,325,573,50,25,24,0,36,9,0,1,3,0,3,23,1,1,18,2,1,311,557,18,22,42,73,2,10,288,819,19,0,0,16,10,4,280,786,17,0,7,8,3,0,1572,1165
2008,7,12,1,1067,1334,75,105,17,1,4,1091,1320,75,86,4,1032,1272,63,78,9,6,16,17,1043,1266,95,119,0,2,9,7,1045,1254,102,127,3,1051,1277,103,0,923,1008,206,76,0,13,22,2,86,26,0,4,24,4,7,89,3,15,11,910,938,182,73,75,0,125,38,1,2,9,0,6,63,1,5,60,11,11,882,901,71,49,130,236,13,30,808,1669,92,0,0,9,9,9,794,1550,88,0,38,19,10,0,3125,2605
2008,7,13,1,405,558,41,40,3,1,1,423,559,36,27,2,390,543,32,24,0,3,5,8,404,538,43,44,0,2,2,4,395,542,45,51,4,407,533,49,0,363,426,76,31,2,5,7,1,29,12,2,6,21,0,1,39,0,4,5,349,372,71,27,30,2,53,15,1,2,7,0,2,33,1,2,32,0,7,335,362,32,20,52,119,7,8,311,677,47,0,0,6,7,1,304,636,47,0,9,10,1,0,1223,1051
2008,7,14,1,137,244,9,13,6,0,2,140,243,8,11,2,135,237,7,10,2,3,0,1,133,247,5,12,0,1,1,1,134,231,6,15,1,131,233,7,0,120,208,23,13,1,2,4,0,9,5,0,1,2,0,3,2,0,0,0,121,196,25,10,5,0,4,2,0,0,1,0,3,8,0,2,2,1,1,119,195,5,9,8,28,0,2,113,288,3,0,0,5,1,0,110,280,3,0,3,4,0,0,633,413
2008,7,15,1,519,558,47,64,10,2,1,536,553,40,56,6,502,536,37,49,4,8,11,11,518,544,50,61,0,1,5,3,514,537,57,68,0,515,548,53,0,419,441,106,53,0,10,9,1,58,8,1,2,5,0,8,31,0,10,6,425,396,91,42,41,0,77,12,0,0,9,0,8,26,1,3,19,6,3,403,385,34,26,85,112,11,18,393,743,48,0,0,5,4,5,380,705,46,0,14,11,4,0,1475,1203
2008,7,16,1,109,226,4,4,1,0,0,108,222,3,6,0,108,221,3,4,0,1,0,0,103,212,6,7,0,0,3,3,102,211,5,8,0,103,210,7,0,99,192,11,5,0,2,1,0,6,6,0,0,0,0,0,8,0,0,1,96,182,13,4,5,0,7,2,0,1,5,0,1,5,0,3,4,1,1,96,180,4,2,6,22,1,0,115,219,3,0,0,0,3,2,110,213,3,0,0,1,0,0,576,346
2008,7,17,1,608,951,47,57,13,3,4,619,942,47,52,2,584,919,41,42,5,6,10,10,591,920,54,70,0,1,7,8,595,905,55,68,0,589,911,58,0,512,745,104,44,0,13,10,2,59,11,2,3,12,0,4,47,2,9,7,503,656,106,48,54,0,83,27,4,4,10,0,3,35,0,2,44,3,7,482,647,33,34,82,193,8,13,435,1159,63,0,0,6,9,7,417,1100,61,0,19,19,4,0,2086,1685
2008,7,18,1,310,306,24,35,6,0,0,321,302,23,30,3,298,296,21,27,5,7,2,5,298,302,31,28,0,3,1,0,302,292,31,35,2,302,298,33,0,253,220,58,30,4,2,6,0,42,8,0,3,3,1,3,20,1,2,1,240,211,58,21,23,0,54,2,1,1,3,0,3,9,0,2,17,3,6,230,202,25,16,49,69,3,8,228,410,42,0,0,1,3,0,216,370,37,0,17,9,2,0,851,681
2008,7,19,1,191,372,13,30,5,0,1,197,372,11,23,2,183,361,11,19,1,3,3,5,198,355,13,27,0,0,1,1,190,352,18,31,1,193,350,21,0,170,297,40,24,0,1,6,0,15,5,0,0,5,0,4,16,1,5,0,173,268,35,25,10,0,30,7,0,0,4,0,3,17,0,1,9,0,3,160,262,10,13,26,69,0,3,126,447,18,0,0,11,4,2,124,425,16,0,4,6,2,0,760,612
2008,7,20,1,378,569,21,45,6,3,3,383,557,19,42,2,361,543,15,38,4,3,5,5,371,556,14,42,0,1,2,3,362,519,22,53,0,370,548,24,0,346,454,54,31,1,3,12,1,18,7,3,4,5,1,5,25,3,2,2,331,422,58,39,19,0,29,8,0,1,1,0,4,21,1,1,19,3,3,326,415,11,20,32,91,3,6,279,708,20,0,0,9,3,5,269,665,19,0,9,9,0,0,1341,1026
2008,7,77,1,27,186,4,2,1,3,0,27,177,4,2,0,26,175,4,2,0,1,1,0,30,157,8,2,0,0,9,1,29,157,7,2,0,29,160,9,0,22,141,14,2,0,1,0,0,2,4,0,1,1,0,0,7,1,0,1,21,115,14,2,3,0,5,4,1,1,0,0,0,27,0,1,3,1,2,20,112,7,1,8,36,0,0,23,180,7,0,0,1,6,0,23,175,6,0,0,1,0,0,0,223
2008,7,78,1,42,78,3,4,1,1,0,42,76,3,3,0,41,76,3,3,0,0,0,0,16,22,1,0,0,0,1,23,15,22,1,0,0,15,22,1,0,13,20,4,0,0,0,0,0,1,1,0,0,0,0,0,0,0,0,0,13,19,4,0,0,0,0,0,0,0,0,0,0,0,0,0,1,0,0,13,19,1,0,2,0,0,0,13,28,1,0,0,1,0,23,13,27,1,0,0,0,0,0,0,129
2008,7,79,1,0,0,0,0,0,0,1,0,0,0,0,0,0,0,0,0,0,0,0,0,1,0,1,0,0,0,0,1,1,0,1,0,0,0,0,1,0,0,0,1,0,0,0,0,0,1,0,0,0,0,0,0,0,0,0,0,0,0,2,0,0,0,0,0,0,0,0,0,0,0,0,0,0,0,0,0,0,1,0,0,0,0,0,0,0,0,0,0,0,0,1,0,0,0,0,0,0,0,0,0,1
2008,7,81,1,31,65,4,1,0,2,2,31,63,4,1,0,30,62,4,1,0,0,0,1,30,61,4,1,0,0,3,1,30,64,4,0,0,31,65,5,0,29,60,4,0,0,0,0,0,2,0,0,0,0,1,0,3,0,0,0,29,59,4,0,0,0,3,0,0,0,0,0,0,1,0,1,3,1,0,29,58,4,0,1,4,0,0,28,69,4,0,0,0,2,2,28,69,4,0,0,0,0,0,0,106
2008,8,1,1,234,296,9,22,3,1,1,233,282,9,23,3,227,275,9,20,1,0,0,3,229,265,10,28,0,0,7,2,228,263,12,25,0,225,275,11,0,224,236,28,21,0,5,6,0,0,0,0,0,0,0,0,1,1,0,6,227,242,26,21,4,0,0,0,1,0,2,0,1,1,0,0,0,0,8,214,232,9,19,11,17,0,5,301,250,4,0,0,1,4,2,283,231,4,0,1,7,0,0,822,566
2008,8,2,1,903,1391,45,64,31,3,8,903,1366,44,58,12,874,1344,38,50,3,8,8,4,871,1327,41,71,0,2,21,17,867,1320,46,66,3,873,1359,50,0,816,1199,123,46,2,38,25,0,2,6,0,7,12,1,1,8,3,3,20,839,1192,124,45,24,0,0,10,0,9,8,3,7,5,1,1,5,3,30,787,1157,41,41,76,105,6,10,1156,1217,21,0,0,12,4,14,1058,1183,19,0,12,28,7,0,3623,2449
2008,8,3,1,925,1084,72,89,13,1,5,954,1080,60,82,3,881,1044,53,70,16,12,18,29,894,1018,83,135,0,2,5,3,882,1024,92,127,2,909,1033,77,0,791,840,152,80,1,84,65,5,5,5,8,8,12,0,5,9,5,13,17,887,840,132,98,43,1,1,2,0,8,4,1,1,9,1,6,5,9,50,761,785,62,57,100,149,9,28,1035,1015,85,0,0,21,6,10,975,987,83,0,15,25,18,0,2628,2191
2008,8,4,1,285,317,26,22,6,1,1,288,309,26,19,1,279,307,23,17,0,2,3,4,276,296,24,26,0,1,6,2,274,288,27,24,0,275,303,26,0,253,251,52,17,0,17,13,0,1,4,0,3,2,1,3,3,2,1,3,264,243,46,14,12,0,0,2,0,5,2,0,1,1,0,2,2,1,15,245,235,22,12,21,32,2,4,377,248,21,0,0,3,4,0,334,238,20,0,17,9,2,0,833,658
2008,8,5,1,712,756,13,43,11,5,4,709,725,11,37,3,685,696,10,32,139,5,1,4,712,675,12,40,0,4,21,10,706,663,13,39,1,711,655,17,0,675,599,46,27,0,21,17,0,3,5,0,1,2,1,3,5,3,1,11,694,594,40,19,17,0,0,0,0,4,5,1,4,1,0,4,0,2,21,656,578,10,19,43,35,1,8,927,584,5,0,0,2,5,7,852,554,5,0,10,23,0,0,2084,1543
2008,8,6,1,890,1237,24,81,14,2,8,888,1215,23,72,4,868,1193,21,69,3,6,2,5,897,1118,32,76,0,0,19,8,892,1135,32,79,0,898,1151,31,0,838,1021,108,57,2,31,23,1,1,8,0,6,12,1,4,5,1,3,24,877,990,108,51,15,0,0,5,0,5,7,0,7,4,0,2,6,2,28,821,955,25,41,64,113,3,19,1149,1049,21,0,0,9,15,7,1057,999,20,0,19,24,3,0,3157,2263
2008,8,7,1,906,1214,25,51,16,4,7,910,1199,22,48,8,889,1171,22,43,3,5,0,6,899,1161,26,48,0,1,8,15,887,1158,26,54,3,879,1190,27,0,832,1044,91,39,1,40,16,0,5,6,0,3,15,0,3,10,1,9,12,871,1039,79,35,27,1,1,2,0,2,7,0,7,9,0,4,2,5,25,811,1018,20,30,74,70,3,4,1044,1130,22,0,0,12,6,7,990,1099,20,0,13,16,2,0,2827,2231
2008,8,8,1,285,365,6,9,4,0,3,283,364,7,7,1,275,351,6,7,0,5,0,1,271,332,12,13,0,0,4,3,271,322,11,12,0,271,332,9,0,254,307,30,11,0,10,3,1,1,1,0,1,2,0,0,3,1,4,7,263,304,22,9,6,0,0,1,0,4,2,0,4,1,0,2,1,0,15,253,296,9,7,16,20,0,2,358,301,5,0,0,0,1,3,329,289,5,0,4,13,0,0,897,673
2008,8,9,1,359,641,9,19,4,1,2,361,627,8,11,1,349,618,7,13,2,4,2,1,347,593,8,25,0,1,10,6,349,585,9,27,0,346,597,8,0,333,533,35,21,0,16,18,0,1,1,0,0,7,1,1,2,0,1,7,344,533,41,19,4,0,1,0,0,0,4,0,1,1,0,0,0,4,14,321,515,6,17,22,47,2,2,546,476,3,0,0,1,4,7,501,462,3,0,5,9,1,0,1490,1042
2008,8,10,1,323,789,7,28,2,4,7,310,761,7,24,0,303,738,6,22,0,2,1,2,321,700,19,24,0,0,14,8,317,704,19,30,2,319,708,17,0,305,652,44,19,0,14,18,0,1,4,0,3,5,0,2,1,1,1,12,317,651,47,19,4,0,0,3,1,1,3,0,4,1,1,4,0,0,20,296,635,14,18,18,36,0,2,574,566,1,0,0,2,10,2,508,541,1,0,6,13,0,0,1839,1161
2008,8,11,1,509,761,27,48,10,1,2,521,755,24,39,5,486,734,22,32,4,7,5,9,493,729,37,54,0,1,5,6,486,717,40,52,0,496,737,36,0,451,610,96,27,0,34,41,1,0,7,2,4,4,1,2,6,4,6,8,482,615,78,33,22,0,2,4,2,7,4,0,3,12,0,2,4,6,21,432,633,27,17,41,80,8,7,584,733,22,0,0,10,2,4,544,703,20,0,9,21,5,0,1727,1360
2008,8,77,1,20,108,0,4,2,2,0,19,106,0,4,0,18,99,0,4,0,0,0,0,15,90,0,2,0,0,7,0,14,92,1,2,0,14,88,2,0,11,79,5,2,0,1,3,0,0,0,0,1,0,0,0,0,0,1,6,14,51,6,2,0,0,0,0,0,0,0,0,0,2,0,0,0,0,37,11,49,0,2,3,37,0,0,19,100,0,0,0,1,8,0,18,96,0,0,0,1,0,0,0,136
2008,8,78,1,43,79,1,1,0,0,0,41,77,1,1,0,40,77,1,1,0,0,0,0,11,18,0,1,0,0,1,21,11,18,0,1,0,11,18,0,0,11,18,0,1,0,0,0,0,0,0,0,0,0,0,0,0,0,0,0,11,18,0,1,0,0,0,0,0,0,0,0,0,0,0,0,0,0,0,11,18,0,1,0,0,0,0,13,8,0,0,0,0,0,3,11,8,0,0,0,1,0,0,0,124
2008,8,79,1,0,0,0,0,0,0,1,0,0,0,0,0,0,0,0,0,0,0,0,0,0,0,0,0,0,0,0,1,0,1,0,0,0,0,1,0,0,0,0,0,0,0,0,0,0,0,0,0,0,0,0,0,0,0,0,0,0,0,0,0,0,0,0,0,0,0,0,0,0,0,0,0,0,0,0,0,0,0,0,0,0,0,0,0,0,0,0,0,0,0,0,0,0,0,0,0,0,0,0,0,1
2008,8,81,1,21,31,4,2,0,1,0,21,31,4,3,0,21,31,4,2,0,0,0,0,20,32,4,2,0,0,1,0,21,30,4,3,0,21,29,4,0,20,28,4,3,0,1,0,0,0,0,0,0,0,0,0,1,0,0,1,21,27,4,2,0,0,0,0,0,0,0,0,0,0,0,0,0,0,3,20,27,4,2,0,2,0,1,25,29,4,0,0,0,1,0,25,29,3,0,0,0,0,0,0,60
2008,9,1,1,146,190,5,12,2,0,0,148,191,5,10,0,143,184,5,10,2,0,0,1,137,189,9,12,0,0,0,2,139,174,11,16,0,140,182,12,0,121,148,25,10,0,1,5,0,2,8,2,2,1,1,1,3,0,12,6,117,141,22,8,7,0,1,9,0,0,3,0,0,0,0,31,4,1,0,114,137,9,7,22,23,0,1,116,232,5,0,0,0,0,1,115,222,5,0,3,1,0,0,425,356
2008,9,2,1,797,844,41,83,20,1,4,814,841,35,72,5,764,812,27,69,6,5,12,15,777,834,38,91,0,0,2,13,768,830,46,90,0,777,850,46,0,681,681,102,53,0,4,10,0,3,48,6,12,11,17,12,11,0,65,12,647,675,100,54,45,1,1,24,1,3,10,0,19,5,2,98,13,6,4,636,646,28,36,111,115,7,31,586,1128,61,0,0,0,5,7,576,1059,55,0,24,11,10,0,2167,1789
2008,9,77,1,3,10,1,3,0,2,0,3,10,2,2,0,3,10,1,2,0,0,1,0,1,9,2,3,0,0,2,0,1,9,2,3,0,1,10,2,0,1,9,2,2,0,0,0,0,0,0,0,0,0,0,0,0,0,1,0,1,9,2,2,0,0,0,0,0,0,0,0,0,0,0,1,0,0,0,1,9,2,2,0,0,0,0,1,8,4,0,0,1,3,0,1,8,4,0,0,0,0,0,0,19
2008,9,78,1,1,4,0,0,0,0,0,1,4,0,0,0,1,4,0,0,0,0,0,0,0,1,0,0,0,0,0,0,0,2,0,0,0,0,2,0,0,0,1,0,0,0,0,0,0,0,0,0,0,0,0,0,0,0,0,0,0,1,0,0,0,0,0,0,0,0,0,0,0,0,0,0,0,0,0,0,1,0,0,0,0,0,0,0,2,0,0,0,0,0,0,0,2,0,0,0,0,0,0,0,5
2008,9,79,1,0,0,0,0,0,0,1,0,0,0,0,0,0,0,0,0,0,0,0,0,0,0,0,0,0,0,0,1,0,0,0,0,0,0,0,0,0,0,0,0,0,0,0,0,0,0,0,0,0,0,0,0,0,0,0,0,0,0,0,0,0,0,0,0,0,0,0,0,0,0,0,0,0,0,0,0,0,0,0,0,0,0,0,0,0,0,0,0,0,0,0,0,0,0,0,0,0,0,0,0,1
2008,9,81,1,3,1,0,0,0,0,0,3,1,0,0,0,3,1,0,0,0,0,0,0,2,2,0,0,0,0,0,0,2,1,0,0,0,3,1,1,0,2,1,1,0,0,0,0,0,0,0,0,0,0,0,0,0,0,0,0,1,1,0,0,1,0,0,0,0,0,0,0,0,0,0,0,0,1,0,1,1,0,0,1,0,0,0,2,1,0,0,0,0,0,0,2,1,0,0,0,0,0,0,0,4
2008,10,1,1,760,970,67,76,12,0,2,775,962,65,68,5,743,941,59,61,4,6,11,6,758,920,70,78,0,2,5,6,752,916,80,87,2,752,943,75,0,681,801,132,48,1,12,16,23,5,30,1,9,6,1,46,8,2,3,8,665,794,114,43,20,0,5,40,13,6,2,0,74,4,2,4,10,0,4,658,773,58,35,82,93,12,22,542,1265,73,0,0,1,5,1,540,1211,71,0,23,5,3,0,2491,1891
2008,10,2,1,300,377,22,28,3,0,0,307,370,17,31,0,286,366,15,25,4,1,4,12,301,361,19,31,0,0,4,1,291,351,31,36,0,292,368,24,0,245,267,62,23,0,2,4,5,1,37,0,5,4,0,44,3,0,2,2,235,262,49,14,26,0,2,41,9,5,1,1,46,1,1,2,6,1,1,227,252,15,11,60,68,5,13,177,537,13,0,0,1,3,0,175,492,12,0,20,3,7,0,872,730
2008,10,3,1,807,1196,47,54,22,2,3,814,1188,47,47,5,778,1153,43,43,3,12,6,9,784,1146,52,66,0,1,12,11,773,1144,58,69,1,779,1159,62,0,721,1009,117,38,0,6,11,5,6,35,0,5,7,1,43,11,0,4,10,715,987,120,34,26,0,9,39,8,8,3,0,57,3,0,1,10,4,9,699,956,46,33,69,123,3,10,610,1439,53,0,0,4,9,13,606,1378,51,0,24,5,2,0,2809,2131
2008,10,4,1,947,1077,59,87,32,0,5,958,1085,58,73,11,924,1052,47,65,5,15,14,17,922,1038,51,89,0,1,11,7,909,1047,57,85,1,917,1067,64,0,837,884,138,60,0,5,18,2,3,47,2,11,4,0,60,19,9,0,10,822,870,129,43,42,0,3,41,7,10,3,0,89,6,4,1,12,4,5,808,833,40,42,82,115,9,16,736,1374,68,0,0,1,10,13,730,1316,64,0,17,6,4,0,2726,2205
2008,10,5,1,884,1266,42,46,18,2,5,884,1263,34,40,6,856,1239,32,37,10,4,9,10,866,1203,32,62,0,3,10,17,855,1195,39,65,2,864,1208,44,0,780,1065,120,39,0,5,15,5,6,41,0,4,4,1,42,9,3,3,15,762,1039,101,32,23,2,12,30,5,3,2,0,74,10,3,5,9,4,7,745,1024,29,33,102,127,3,6,684,1497,46,0,0,2,12,7,685,1434,42,0,26,7,7,0,3072,2279
2008,10,6,1,351,559,29,35,9,1,0,358,555,28,35,3,345,543,22,28,1,4,3,8,348,544,29,35,0,1,2,0,343,535,35,42,0,345,555,33,0,315,470,59,30,0,3,6,4,8,29,0,2,2,0,28,3,0,1,3,306,468,48,24,13,0,3,23,7,3,1,0,50,1,0,1,4,3,2,297,455,20,24,42,57,8,4,266,682,27,0,0,1,7,1,265,652,26,0,12,3,4,0,1292,987
2008,10,7,1,394,577,25,17,7,4,1,395,568,19,16,5,382,551,18,11,2,5,0,6,384,553,22,28,0,1,5,4,373,550,22,29,2,380,554,21,0,341,499,38,19,0,1,4,2,5,19,0,4,1,0,26,7,0,0,3,339,513,43,17,8,0,1,11,3,6,1,0,28,1,0,0,4,0,1,334,489,18,13,35,44,1,6,304,683,19,0,0,0,4,7,297,643,18,0,17,2,2,0,1565,1027
2008,10,8,1,514,644,24,25,13,0,4,525,609,28,20,2,503,631,22,16,3,7,7,7,514,622,33,31,0,0,2,4,504,621,32,41,0,502,629,37,0,445,519,65,20,0,2,10,1,2,46,2,6,3,0,39,5,0,9,12,428,526,64,18,29,1,6,23,3,9,5,0,37,3,0,0,8,2,9,418,493,26,16,69,84,1,7,428,750,33,0,0,1,5,5,427,717,29,0,13,3,5,0,1509,1224
2008,10,9,1,841,1145,39,60,19,2,3,847,1133,35,59,7,820,1112,32,51,4,3,8,12,804,1073,55,78,0,1,16,6,793,1077,56,75,0,807,1082,56,0,756,945,118,56,0,2,9,4,10,26,1,10,10,0,35,8,0,0,19,734,933,111,43,25,0,6,36,5,13,4,0,64,1,2,2,8,1,7,721,905,41,37,66,109,8,19,647,1394,38,0,0,3,10,12,638,1335,37,0,26,2,5,0,2851,2113
2008,10,10,1,903,1377,38,74,18,0,3,914,1371,37,69,3,881,1335,32,60,5,12,9,9,891,1300,45,86,0,2,3,10,876,1292,55,85,4,880,1316,51,0,829,1147,127,65,1,6,14,6,4,37,0,1,9,0,44,11,0,1,13,802,1133,118,56,32,1,8,26,6,6,6,0,68,7,1,0,8,4,11,793,1100,37,54,74,117,6,12,678,1664,43,0,0,1,14,7,677,1599,42,0,18,3,4,0,3078,2415
2008,10,11,1,658,866,40,43,21,4,2,660,863,38,41,6,636,841,34,34,7,9,1,9,639,843,45,45,0,1,6,9,631,839,51,52,0,635,851,47,0,566,735,89,33,1,5,15,7,9,31,2,3,6,0,42,9,0,3,10,548,723,83,26,31,1,7,19,6,13,9,0,65,3,2,1,17,3,2,538,699,37,25,84,93,4,10,533,1046,40,0,0,0,4,6,524,996,39,0,16,4,6,0,1970,1632
2008,10,12,1,522,663,35,40,16,2,5,538,657,33,35,4,514,648,33,32,2,8,0,6,508,650,35,40,0,2,6,1,506,654,40,44,1,514,656,40,0,469,567,67,27,0,1,9,7,2,17,1,4,5,0,28,9,0,3,15,454,558,60,23,23,1,4,22,4,5,0,1,48,4,1,0,10,0,6,449,538,26,22,58,75,6,4,413,815,35,0,0,2,10,1,410,766,34,0,17,6,4,0,1638,1284
2008,10,13,1,328,483,6,18,8,2,4,321,473,8,17,2,314,460,6,16,1,6,1,3,323,459,10,15,0,0,6,11,319,458,14,15,0,321,457,13,0,306,438,25,12,0,1,3,1,0,4,0,1,1,0,9,1,0,0,3,304,444,25,11,3,0,1,4,1,0,0,0,6,0,1,0,0,1,1,301,427,9,11,17,18,1,1,281,537,10,0,0,0,10,5,279,522,9,0,1,3,0,0,1283,850
2008,10,14,1,758,1151,42,61,14,4,2,769,1148,38,58,6,745,1128,37,56,3,7,8,10,747,1117,44,72,0,3,5,6,740,1100,54,82,4,747,1119,54,0,683,965,108,53,0,13,18,5,5,36,2,5,12,0,43,10,1,2,17,668,961,103,42,31,0,15,45,8,7,6,0,63,6,2,1,11,3,6,655,926,35,39,78,114,7,14,591,1388,48,0,0,1,2,5,587,1358,46,0,11,4,5,0,2569,2039
2008,10,15,1,652,880,27,43,12,3,3,673,874,29,30,1,644,858,25,30,5,8,2,9,640,862,27,38,0,2,7,7,628,868,30,40,0,641,873,29,0,585,757,72,21,0,8,5,8,5,29,0,3,5,1,41,11,1,1,8,570,755,65,18,13,0,4,23,4,2,2,0,71,5,2,0,12,1,5,561,743,22,18,63,64,3,7,509,1063,26,0,0,2,12,4,507,1026,22,0,10,4,2,0,2033,1623
2008,10,16,1,694,783,53,58,18,1,3,701,783,54,46,4,677,763,47,43,0,6,10,13,678,770,45,67,0,1,7,3,670,762,56,70,2,675,781,51,0,621,661,100,43,0,5,14,8,5,31,2,6,5,1,50,3,0,1,8,607,681,77,37,24,0,9,18,11,4,5,0,56,2,2,0,7,5,2,596,647,36,33,67,75,8,12,572,953,69,0,0,1,7,5,569,925,65,0,6,6,7,0,2131,1611
2008,10,17,1,493,684,29,18,9,3,0,497,674,26,22,5,477,664,24,14,1,1,7,5,476,663,31,23,0,0,12,3,474,653,34,29,0,475,659,35,0,438,584,62,17,1,3,6,1,5,14,0,7,7,2,20,5,3,2,9,423,569,61,13,20,0,8,16,8,3,1,1,30,1,1,2,9,3,2,418,551,26,13,44,70,3,6,388,795,34,0,0,3,10,2,381,754,32,0,14,5,3,0,1662,1237
2008,10,18,1,420,568,21,29,7,0,0,425,567,22,21,1,410,558,19,19,2,2,3,6,414,558,19,25,0,1,4,2,413,555,22,26,0,417,564,23,0,398,493,48,17,0,3,6,2,2,11,0,3,1,0,15,6,1,1,8,392,494,50,14,4,0,4,11,0,2,0,1,25,4,1,0,3,2,5,389,480,17,14,21,52,2,6,351,666,21,0,0,2,2,4,349,644,20,0,1,5,1,0,1455,1047
2008,10,19,1,1101,1553,42,66,27,5,6,1115,1534,46,56,8,1075,1494,38,50,5,10,4,19,1083,1514,45,66,0,9,13,10,1074,1494,53,71,1,1085,1513,49,0,1004,1328,138,53,1,7,21,7,6,42,0,6,7,0,61,14,1,4,14,980,1320,131,39,36,1,16,36,8,11,8,1,68,9,0,2,12,6,14,963,1267,39,40,99,144,5,11,936,1785,43,0,0,3,14,10,928,1715,42,0,18,10,3,0,3660,2805
2008,10,20,1,474,816,18,40,14,0,2,472,815,18,32,3,460,794,16,29,3,9,1,7,451,804,22,30,0,0,4,0,454,792,29,28,4,452,804,27,0,416,726,74,19,0,1,9,2,0,23,0,4,6,0,23,8,1,0,2,403,721,72,18,16,1,7,21,2,4,0,1,29,3,0,0,3,3,3,399,698,17,14,46,59,0,8,364,963,29,0,0,0,4,1,362,918,27,0,7,2,0,0,1909,1368
2008,10,21,1,686,913,30,55,9,3,0,705,895,29,49,2,672,877,26,44,7,11,5,8,679,887,23,50,0,0,4,4,664,879,34,63,0,676,895,29,0,606,754,98,35,0,4,16,6,11,43,1,7,6,0,99,5,1,1,12,586,755,76,27,30,0,7,29,6,6,3,0,80,2,1,2,9,3,2,572,727,16,25,85,104,4,9,508,1144,28,0,0,0,8,4,506,1092,26,0,19,9,2,0,2197,1696
2008,10,22,1,393,493,14,31,9,2,2,406,486,14,24,6,389,481,13,21,3,4,0,3,390,479,15,31,0,3,3,8,391,459,21,36,6,391,479,16,0,361,413,36,23,0,4,1,2,1,15,1,1,4,0,30,7,0,2,4,353,397,31,15,16,0,10,16,8,3,5,0,40,3,0,0,6,1,3,347,380,13,14,35,60,1,7,331,579,21,0,0,1,2,9,330,564,21,0,6,1,0,0,1179,944
2008,10,23,1,530,796,18,38,14,1,3,543,789,20,23,4,516,770,18,22,3,13,1,4,515,772,19,24,0,0,3,13,512,776,20,29,2,513,766,21,0,474,680,63,20,0,9,15,1,3,18,0,2,8,0,23,4,2,1,9,464,670,59,16,15,0,4,28,4,0,1,0,38,5,0,1,3,7,5,459,650,15,16,45,76,1,5,392,968,19,0,0,0,8,9,390,914,17,0,13,3,2,0,1877,1403
2008,10,24,1,674,969,30,46,8,1,2,684,959,31,34,4,661,935,24,30,5,6,6,9,653,935,31,56,0,0,7,3,655,926,36,50,1,652,935,42,0,616,792,87,39,0,2,10,3,4,26,0,4,5,0,44,6,2,0,14,600,777,87,37,18,0,6,33,3,3,4,0,52,5,3,1,9,4,9,585,750,24,33,60,122,4,3,543,1140,33,0,0,1,5,5,540,1085,31,0,13,10,2,0,2257,1730
2008,10,25,1,222,280,17,12,3,2,2,228,273,16,13,1,218,268,14,11,1,3,1,7,220,277,13,19,0,0,1,0,219,264,15,25,0,230,267,18,0,199,236,33,12,0,3,5,3,3,3,0,0,2,0,14,3,0,1,2,194,234,28,11,10,0,2,5,1,4,1,0,27,1,0,0,3,0,3,188,222,12,9,28,32,0,7,198,318,18,0,0,0,3,2,197,309,18,0,1,0,0,0,669,543
2008,10,26,1,433,461,4,27,11,0,0,435,460,8,16,4,421,449,4,13,0,4,5,5,421,448,11,24,0,0,1,0,412,438,12,28,0,414,446,15,0,382,380,37,15,0,4,5,2,8,19,0,4,3,0,24,4,0,1,13,376,377,34,10,10,0,1,22,6,4,1,0,36,1,0,6,1,3,4,366,358,9,9,45,43,2,7,358,563,10,0,0,0,1,3,353,524,10,0,13,3,2,0,1199,935
2008,10,27,1,590,743,23,37,6,0,0,597,736,24,36,3,578,731,18,31,5,3,7,3,591,691,20,50,0,2,3,5,585,697,28,49,4,587,707,23,0,510,565,77,28,0,8,10,4,13,41,0,3,6,2,60,10,0,3,22,504,572,66,22,25,0,5,38,10,8,6,0,74,5,3,2,9,3,7,484,536,14,19,89,107,7,8,432,925,32,0,0,1,2,3,432,897,32,0,16,1,1,0,1702,1400
2008,10,28,1,1114,1559,69,78,25,3,5,1137,1465,67,69,10,1090,1521,61,61,5,14,10,14,1089,1541,60,77,0,1,8,8,1096,1513,68,90,2,1097,1540,66,0,1022,1325,178,52,0,6,16,9,5,41,0,6,14,0,61,17,0,3,15,996,1310,154,40,28,1,12,36,15,7,5,0,105,9,1,3,14,2,7,974,1265,52,37,115,151,8,23,897,1867,62,0,0,2,15,9,893,1798,58,0,26,8,3,0,3609,2858
2008,10,77,1,23,206,6,7,0,0,1,24,200,7,7,0,22,193,6,7,0,0,0,0,25,177,11,3,0,0,6,1,26,174,11,4,0,26,174,11,0,23,154,23,3,0,0,1,1,0,2,0,1,0,0,3,0,0,0,2,24,157,23,3,1,0,0,4,1,0,0,0,3,0,0,1,0,1,0,22,145,10,3,3,21,0,0,19,211,7,0,0,0,2,0,19,203,6,0,1,0,0,0,0,241
2008,10,78,1,88,170,6,8,1,0,0,87,169,6,7,0,86,166,6,6,0,1,0,1,18,45,1,5,0,0,0,42,19,45,2,4,0,18,47,2,0,17,41,5,3,0,0,1,0,0,0,0,0,0,0,4,0,0,0,1,17,41,6,3,0,0,0,1,0,1,1,0,1,1,0,0,0,0,0,17,41,1,3,0,1,0,0,13,58,0,0,0,0,0,43,13,55,1,0,0,0,1,0,0,273
2008,10,79,1,0,0,0,0,1,0,1,0,0,0,0,0,0,0,0,0,0,0,0,0,0,0,0,0,0,0,0,0,0,0,0,0,0,0,0,0,0,0,0,0,0,0,0,0,0,0,0,0,0,0,0,0,0,0,0,0,0,0,1,0,0,0,0,0,0,0,0,0,0,0,0,0,0,0,0,0,0,0,0,0,0,0,0,0,0,0,0,0,0,0,0,0,0,0,0,0,0,0,0,0,2
2008,10,81,1,78,114,8,2,1,0,0,80,112,7,2,0,77,112,7,2,0,1,0,0,77,111,8,3,0,0,0,0,77,113,8,4,0,76,114,7,0,75,100,14,1,0,0,1,1,0,2,0,2,0,0,0,2,0,0,0,74,99,14,1,1,0,1,0,1,0,0,0,3,0,0,0,2,0,0,74,98,7,1,1,10,0,1,71,123,9,0,0,1,0,0,70,122,8,0,0,0,0,0,0,203
2008,11,1,1,462,767,29,39,15,3,6,470,770,27,31,5,458,757,24,30,1,7,3,5,446,766,32,42,0,2,9,7,444,750,34,51,1,452,744,34,0,396,656,79,29,0,6,4,5,7,7,1,23,14,1,3,16,0,3,2,390,646,67,23,16,0,10,3,2,38,5,4,1,3,0,3,23,1,18,380,627,28,22,53,70,4,9,370,903,30,0,0,0,7,13,367,859,29,0,12,12,1,0,1694,1325
2008,11,2,1,704,1059,45,43,16,1,5,713,1053,46,46,7,691,1035,40,37,0,8,5,9,673,1046,63,50,0,8,6,4,670,1024,61,70,6,681,1015,66,0,595,896,114,33,2,8,8,7,4,14,1,58,8,1,7,37,4,10,9,578,858,104,28,34,0,6,2,2,80,10,8,2,5,0,10,36,3,30,564,841,48,25,101,112,7,11,549,1253,51,0,0,4,11,7,545,1201,48,0,24,9,5,0,2297,1884
2008,11,3,1,296,350,16,23,11,1,0,299,347,16,22,3,286,336,13,18,0,5,4,6,275,366,21,19,0,0,1,0,275,353,22,33,0,282,354,23,0,255,307,40,15,1,5,0,2,3,3,0,19,3,0,2,12,0,3,7,250,284,42,12,10,0,5,3,0,26,2,4,0,5,0,1,11,1,13,244,283,15,12,32,39,2,4,234,435,24,0,0,0,1,1,232,412,21,0,8,4,2,0,906,699
2008,11,4,1,584,793,23,46,5,0,5,594,788,24,43,2,567,774,20,37,2,5,8,13,547,767,27,52,0,3,3,5,553,751,34,63,3,566,742,34,0,507,660,73,35,1,7,1,7,6,6,0,36,7,0,5,12,2,2,9,506,636,70,31,19,0,6,3,1,44,7,10,0,3,1,4,17,1,7,505,637,23,32,45,80,4,14,444,959,36,0,0,0,2,6,431,931,33,0,16,10,2,0,1889,1459
2008,11,5,1,1126,1546,60,100,21,2,9,1152,1524,57,89,7,1095,1484,47,80,5,14,7,19,1099,1542,56,90,0,2,10,15,1090,1516,58,120,1,1107,1487,68,0,987,1353,140,63,0,15,4,7,12,11,2,75,14,0,3,27,3,4,22,963,1241,135,49,44,0,15,5,3,132,16,10,3,13,1,5,63,5,43,936,1222,46,45,130,196,9,28,901,1875,61,0,0,1,13,7,887,1787,61,0,23,19,8,0,3865,2866
2008,11,6,1,474,900,45,47,10,0,3,500,890,44,35,2,450,870,34,30,5,6,10,22,447,888,51,62,0,1,1,2,458,864,55,93,2,470,850,58,0,374,740,102,51,1,19,8,16,10,7,1,58,18,1,8,15,3,10,6,359,658,90,36,63,1,19,3,2,84,19,20,12,5,0,6,36,6,27,344,649,34,32,84,134,12,15,326,1106,40,0,0,2,3,4,321,1053,40,0,14,6,10,0,1717,1483
2008,11,7,1,442,603,20,33,13,0,4,456,594,18,24,2,432,575,16,18,0,9,4,10,412,603,18,34,0,2,7,5,412,597,21,45,2,418,575,23,0,386,516,47,32,0,3,4,8,2,6,1,24,5,0,1,10,3,4,11,384,479,51,26,15,0,3,7,0,36,11,4,1,3,0,6,21,2,14,376,471,14,22,32,72,2,8,359,715,19,0,0,0,9,7,353,680,19,0,4,1,2,0,1473,1116
2008,11,8,1,400,573,26,23,9,1,2,410,567,22,23,5,385,554,19,18,1,4,6,7,370,571,25,27,0,2,6,5,370,554,23,36,5,379,546,27,0,332,467,57,21,1,11,3,5,3,7,0,38,6,0,6,13,1,5,7,329,448,57,16,16,1,4,3,2,43,5,5,2,4,1,3,20,5,15,321,438,15,15,46,68,5,5,300,692,32,0,0,3,7,4,296,657,26,0,12,3,4,0,1332,1037
2008,11,9,1,430,570,22,27,3,0,0,436,565,24,21,0,420,548,21,18,3,7,1,6,421,565,24,24,0,0,2,0,422,550,28,36,0,428,541,27,0,404,476,63,21,1,3,6,6,3,1,1,21,0,0,1,8,0,2,9,396,452,54,21,16,0,0,6,1,27,1,12,0,3,0,1,13,1,18,384,440,17,16,34,69,5,5,352,674,19,0,0,0,5,3,349,644,17,0,7,4,3,0,1365,1055
2008,11,10,1,486,767,28,35,12,2,0,492,758,28,37,3,476,747,25,29,2,4,5,5,466,760,29,34,0,2,6,2,473,740,34,43,0,480,734,32,0,450,654,70,31,0,3,2,4,3,9,0,25,10,0,2,14,1,2,10,453,628,61,26,11,0,2,9,1,38,4,3,0,2,2,2,19,4,17,441,624,24,26,25,60,4,3,395,894,28,0,0,2,11,2,393,860,26,0,11,3,4,0,1736,1333
2008,11,11,1,281,426,13,26,4,0,1,282,424,14,23,3,269,416,11,19,4,3,0,5,264,428,12,23,0,1,9,0,263,421,12,29,2,267,413,11,0,251,375,42,21,0,1,4,2,2,3,0,13,5,0,2,2,1,0,3,252,360,39,16,15,0,1,2,1,18,1,1,0,0,0,1,7,1,8,245,356,7,16,16,31,3,5,220,511,9,0,0,0,8,1,218,494,9,0,10,0,0,0,956,752
2008,11,12,1,358,450,14,29,11,1,0,365,440,12,26,3,344,427,12,21,3,4,1,5,343,453,16,18,0,1,3,2,339,450,19,26,1,343,440,19,0,323,383,59,16,0,2,1,3,2,3,0,21,2,0,1,9,2,3,5,312,361,59,12,7,0,1,9,1,21,2,10,1,2,0,2,13,1,11,308,352,15,11,32,60,1,3,299,533,20,0,0,0,1,6,293,508,18,0,7,3,0,0,1162,863
2008,11,13,1,427,636,19,36,13,1,3,439,622,17,33,5,416,613,14,27,4,4,6,3,411,629,25,29,0,0,1,10,410,623,27,35,0,415,600,33,0,376,554,56,24,0,5,2,4,3,7,0,29,1,1,2,11,1,4,4,398,535,53,14,11,1,8,1,3,46,1,6,2,2,1,0,14,3,9,361,528,21,13,41,49,1,8,340,762,19,0,0,2,3,3,333,727,17,0,17,7,1,0,1476,1138
2008,11,14,1,631,991,53,55,13,0,1,644,984,49,54,1,621,970,47,50,2,4,3,12,597,1011,42,47,0,0,6,2,594,1002,49,64,0,608,973,45,0,559,886,112,39,0,3,6,5,3,6,1,42,10,0,0,14,4,3,9,553,857,107,35,22,0,12,2,2,54,7,9,1,0,1,3,16,4,13,538,848,37,33,62,70,4,10,475,1208,50,0,0,0,11,3,472,1163,48,0,13,8,1,0,2341,1752
2008,11,15,1,583,870,31,48,14,0,13,589,869,28,45,4,567,844,26,40,6,10,2,12,564,870,30,47,0,1,9,8,561,869,32,51,1,567,846,34,0,540,779,85,33,0,3,7,5,0,4,1,30,6,0,3,13,5,2,5,531,750,78,31,25,0,0,3,2,30,4,6,2,3,0,1,22,1,20,523,742,24,28,38,71,4,13,466,1034,36,0,0,0,10,10,464,992,36,0,11,7,0,0,2090,1558
2008,11,16,1,748,986,34,50,22,4,6,755,989,30,39,8,732,958,28,35,1,8,4,8,738,1000,37,34,0,4,7,11,740,980,35,38,2,740,963,37,0,705,857,78,31,0,5,4,17,5,15,12,36,10,4,4,19,7,2,8,691,844,66,25,16,1,6,5,3,47,9,5,2,8,1,2,31,3,13,680,836,32,23,44,75,3,4,631,1185,25,0,0,0,14,5,628,1123,25,0,14,1,4,0,2470,1656
2008,11,17,1,339,514,18,25,7,0,0,336,514,16,24,5,328,501,13,22,0,2,2,3,313,524,16,23,0,4,2,1,315,511,17,28,1,319,502,17,0,294,461,49,21,0,2,1,2,1,4,1,12,2,0,0,7,0,2,6,298,436,38,18,13,0,2,4,2,16,3,4,0,1,0,4,8,3,12,284,431,14,18,30,46,2,3,231,647,13,0,0,0,2,4,228,624,11,0,9,1,0,0,1301,903
2008,11,18,1,821,931,47,66,13,3,5,825,917,52,59,6,798,900,41,52,1,7,13,15,771,957,51,61,0,3,7,2,775,916,59,73,1,782,913,55,0,738,845,96,54,0,7,5,8,4,6,0,36,1,0,7,9,1,8,6,717,797,93,48,24,0,6,9,2,58,5,8,1,2,0,5,20,0,16,707,788,43,44,56,71,6,10,640,1125,106,0,0,1,6,2,630,1074,94,0,26,9,2,0,2284,1887
2008,11,19,1,253,394,12,21,8,2,4,252,396,11,19,3,245,384,10,18,0,5,7,2,233,394,11,31,0,0,3,7,238,386,14,27,0,239,378,14,0,215,342,34,23,0,1,3,2,2,2,0,19,2,1,0,10,0,2,3,215,328,30,19,12,0,0,3,0,24,5,4,0,0,0,0,10,1,5,208,320,10,18,27,37,3,4,190,473,16,0,0,0,4,5,191,460,17,0,3,2,1,0,868,694
2008,11,20,1,866,1162,62,91,16,2,7,883,1147,61,80,11,841,1116,48,66,7,11,8,22,813,1178,53,83,0,13,6,4,833,1130,59,113,6,849,1126,63,0,753,967,122,59,0,11,6,9,13,14,2,74,11,0,3,33,4,5,15,724,897,118,47,43,0,11,9,2,121,13,18,5,5,2,2,38,1,38,705,878,40,43,105,146,10,22,651,1470,55,0,0,4,11,12,641,1388,50,0,17,13,9,0,2788,2208
2008,11,21,1,778,897,30,30,9,0,3,771,891,29,28,3,761,874,28,24,2,6,3,4,723,921,30,34,0,1,5,3,722,886,36,46,2,728,888,34,0,675,798,82,28,0,12,5,3,5,9,0,45,6,1,3,11,1,4,6,665,767,69,23,14,0,11,5,3,61,13,8,1,2,0,3,18,1,21,647,759,23,20,73,71,5,7,611,1094,38,0,0,1,4,3,605,1033,35,0,12,18,4,0,2205,1753
2008,11,22,1,866,1274,42,68,16,2,10,885,1267,37,54,7,852,1245,33,49,1,12,4,15,814,1260,56,64,0,20,12,9,831,1225,59,84,4,836,1207,59,0,793,1091,115,42,1,3,7,7,5,13,1,43,15,2,4,25,2,10,9,779,1009,110,34,40,0,5,11,1,68,8,9,1,7,2,2,49,5,36,756,993,41,32,62,135,10,17,670,1524,58,0,0,1,12,10,665,1463,53,0,14,12,3,0,2837,2281
2008,11,23,1,256,347,11,18,7,3,1,257,349,12,18,1,237,339,9,15,0,1,7,5,235,357,10,23,0,1,2,2,244,346,13,26,0,248,339,14,0,213,284,34,13,0,5,1,3,7,4,0,24,7,1,2,12,2,7,5,205,263,31,12,16,0,6,0,1,35,12,7,0,2,0,2,13,1,14,193,262,7,10,42,42,1,7,200,426,11,0,0,1,2,5,198,409,11,0,5,0,5,0,750,644
2008,11,24,1,403,549,17,25,4,0,5,407,545,14,22,0,392,533,14,21,2,4,5,2,382,554,16,23,0,1,3,3,384,548,18,28,0,385,541,19,0,363,491,41,18,0,3,1,2,4,3,0,23,2,0,3,8,0,4,3,361,465,35,14,14,0,4,1,0,30,2,2,1,2,2,2,14,4,6,350,459,13,13,32,47,4,5,319,656,17,0,0,0,2,3,317,632,16,0,9,5,1,0,1308,1003
2008,11,25,1,833,1166,63,79,13,1,2,851,1144,61,71,4,807,1114,56,64,1,8,8,13,803,1158,62,67,0,0,8,9,797,1142,66,85,0,804,1123,62,0,748,991,108,49,0,5,10,9,6,13,1,60,13,1,2,20,1,7,15,744,929,117,38,19,0,5,3,1,73,17,10,1,10,1,3,35,7,31,726,920,54,35,61,127,4,13,631,1444,63,0,0,2,10,3,622,1381,57,0,19,11,4,0,2804,2156
2008,11,26,1,761,1012,36,93,17,3,4,775,1013,33,77,4,737,980,30,66,7,11,7,17,727,1027,46,77,0,0,5,2,728,1002,55,91,3,748,983,44,0,672,869,105,61,0,7,9,4,7,16,5,64,9,0,4,20,0,0,7,667,806,103,48,33,2,1,7,2,88,8,10,0,0,0,7,24,6,30,638,793,33,47,88,132,7,20,574,1273,45,0,0,7,11,2,573,1217,44,0,21,5,4,0,2462,1924
2008,11,27,1,606,734,27,34,22,0,2,608,730,30,32,7,590,714,24,28,3,7,5,3,573,739,31,32,0,3,12,3,576,711,30,38,2,583,703,31,0,543,637,73,20,0,2,1,6,2,7,2,27,9,0,4,21,1,4,9,530,602,75,17,13,0,4,11,3,28,7,8,6,5,0,6,24,3,23,518,590,21,15,52,71,3,7,481,896,30,0,0,3,6,2,479,846,28,0,14,4,1,0,1828,1426
2008,11,28,1,561,726,41,55,9,1,4,577,719,38,46,2,558,708,35,41,0,8,4,7,551,705,44,41,0,1,6,12,552,689,44,48,0,562,696,28,0,530,621,83,32,0,0,5,3,6,6,1,22,5,0,4,9,2,1,6,523,601,83,28,12,1,0,3,3,31,2,4,0,2,1,3,21,3,14,510,590,34,27,42,65,7,9,463,845,59,0,0,1,16,2,463,810,53,0,13,3,2,0,1726,1397
2008,11,29,1,503,657,27,32,16,0,2,508,659,27,32,5,497,642,25,27,1,3,0,5,463,664,28,37,0,1,6,6,464,657,29,40,0,478,627,31,0,436,556,78,25,0,5,1,6,2,7,0,28,7,0,0,17,1,3,6,429,531,77,19,15,0,1,4,2,45,6,2,0,2,0,2,21,5,11,415,517,22,19,52,70,1,8,388,795,33,0,0,0,6,9,386,756,30,0,11,6,3,0,1565,1237
2008,11,30,1,461,683,24,36,3,0,1,472,670,20,36,1,445,658,19,29,3,4,6,9,435,681,20,41,0,0,5,8,436,664,27,47,0,441,656,26,0,415,592,60,30,0,1,6,2,4,10,0,28,1,1,3,6,2,2,8,403,548,57,26,9,0,6,6,1,36,6,6,0,5,0,8,13,0,28,395,541,20,24,34,69,2,11,330,839,30,0,0,2,4,1,329,790,29,0,13,9,3,0,1523,1209
2008,11,31,1,494,632,51,58,8,0,1,511,627,42,53,4,471,607,41,44,3,5,10,16,440,668,50,60,0,1,0,1,443,630,60,79,5,446,627,56,0,389,512,119,40,1,7,7,21,2,6,1,58,8,0,4,17,0,0,9,377,462,113,33,34,0,9,3,1,74,7,10,1,4,2,2,34,1,26,367,458,43,32,73,96,9,16,321,851,62,0,0,2,3,2,317,788,60,0,14,12,5,0,1490,1243
2008,11,77,1,31,167,7,8,1,0,0,30,162,10,6,0,29,160,7,6,1,0,1,1,28,154,7,7,0,1,0,0,27,151,9,8,0,28,149,9,0,26,130,16,6,0,0,1,0,1,2,0,1,1,0,0,5,0,0,1,24,98,17,3,2,0,1,0,0,3,3,2,0,1,0,0,35,0,2,24,98,7,3,4,46,0,3,22,181,8,0,0,1,0,0,20,174,8,0,3,2,1,0,0,214
2008,11,78,1,103,192,8,8,0,2,1,100,190,7,6,0,98,185,7,6,0,0,0,0,46,87,3,3,0,0,1,0,49,94,4,5,0,50,94,4,0,44,83,18,4,0,0,0,0,0,1,0,0,0,0,0,1,0,0,0,44,77,18,1,0,0,1,0,0,1,0,0,0,0,0,0,2,2,1,43,75,2,1,2,7,1,2,34,106,3,0,0,0,2,1,34,99,3,0,1,0,0,0,0,317
2008,11,79,1,0,3,0,0,0,0,4,0,3,0,0,0,0,3,0,0,0,0,0,0,1,0,0,0,0,0,0,0,1,0,0,0,0,1,0,0,0,1,0,0,0,0,0,0,0,0,0,0,0,0,0,0,0,0,0,0,1,0,0,0,0,0,0,0,0,0,0,0,0,0,0,0,0,0,0,1,0,0,0,0,0,0,0,0,0,0,0,0,0,0,0,0,0,0,0,0,0,0,0,0,7
2008,11,81,1,73,100,7,4,0,0,5,74,100,7,4,0,73,100,7,4,0,0,0,0,72,97,8,7,0,0,1,1,70,97,8,6,1,73,97,8,0,70,94,10,6,0,0,0,0,0,0,0,3,0,0,0,2,0,0,1,72,91,10,6,2,0,0,2,0,1,0,0,0,0,0,0,1,0,0,70,92,8,6,0,2,0,0,67,114,7,0,0,0,0,2,65,110,7,0,1,0,0,0,0,191
2008,12,1,1,894,1209,18,30,10,3,2,908,1183,18,32,2,879,1171,17,27,5,6,1,5,887,1172,19,29,0,0,5,9,873,1148,20,40,1,882,1150,23,0,837,1041,70,25,0,4,11,7,32,14,0,0,8,2,7,29,0,1,5,818,1012,69,22,22,0,45,5,3,2,28,1,9,20,0,3,1,2,10,808,997,14,20,65,107,2,6,744,1381,23,0,0,0,5,4,743,1337,22,0,17,1,1,0,2861,2169
2008,12,2,1,559,893,27,54,6,3,3,573,886,28,44,2,545,875,23,38,3,4,10,8,542,851,39,51,0,0,7,4,536,850,38,60,1,542,862,42,0,482,740,98,39,1,5,6,1,50,12,0,0,11,0,4,29,1,4,4,479,720,82,32,16,3,73,5,5,1,22,0,2,17,2,6,0,5,6,464,708,26,30,66,88,8,7,415,1076,37,0,0,0,6,5,415,1030,37,0,12,5,4,0,2113,1548
2008,12,3,1,902,1207,40,57,20,4,1,908,1199,41,50,6,884,1180,35,43,6,6,8,9,884,1187,42,51,0,2,13,5,875,1171,45,62,6,886,1189,45,0,826,1056,98,39,3,8,8,6,53,25,1,0,9,0,3,26,2,0,3,804,1029,88,32,25,5,61,5,9,2,28,1,8,29,2,7,7,2,6,796,1010,31,30,74,107,6,9,710,1436,44,0,0,3,16,8,706,1379,44,0,27,5,3,0,2762,2232
2008,12,4,1,1077,1213,48,56,18,2,4,1074,1195,50,60,9,1049,1173,44,52,7,7,4,6,1039,1181,52,57,0,1,10,14,1032,1160,57,63,1,1036,1174,50,0,992,1051,101,47,1,4,10,4,47,26,1,3,4,0,3,33,0,3,9,978,1017,96,44,15,0,67,4,8,3,35,0,3,28,1,4,4,7,5,950,1007,42,42,85,105,6,7,873,1448,66,0,0,2,13,10,864,1395,66,0,24,6,2,0,2986,2421
2008,12,5,1,977,1225,23,42,7,5,4,987,1186,21,37,7,955,1165,19,34,7,5,0,8,956,1188,23,35,0,1,14,5,954,1185,21,38,0,961,1188,24,0,921,1082,61,23,0,5,4,4,28,25,2,2,14,0,4,22,1,7,0,898,1046,59,19,25,0,43,13,8,0,29,1,5,31,1,7,4,2,5,883,1026,18,16,72,102,3,13,827,1401,25,0,0,0,15,6,819,1342,24,0,20,1,0,0,2880,2289
2008,12,6,1,699,715,11,16,4,3,0,708,698,11,16,3,686,696,9,13,1,3,2,8,695,684,7,22,0,1,9,6,690,675,11,21,1,692,683,9,0,683,637,20,17,0,0,3,6,16,5,1,3,1,0,1,7,1,0,1,669,627,20,17,12,0,15,0,8,1,13,1,3,2,0,1,1,3,4,663,626,5,15,24,33,1,8,611,810,10,0,0,1,5,9,610,782,9,0,11,0,4,0,1796,1448
2008,12,7,1,761,880,15,21,2,1,2,763,872,17,17,0,747,855,13,14,2,3,2,2,754,861,13,18,0,0,7,0,748,847,14,22,0,753,859,14,0,717,784,33,12,0,2,8,2,32,24,0,2,10,0,5,10,0,0,0,705,746,32,8,13,0,35,2,0,2,41,0,5,27,0,4,1,2,3,687,733,7,8,55,89,4,4,655,1003,8,0,0,1,10,4,654,965,8,0,5,3,1,0,2065,1686
2008,12,8,1,628,825,19,30,7,1,2,648,808,15,27,2,617,803,13,20,3,6,4,8,607,788,29,41,0,1,6,5,603,790,33,48,3,616,798,21,0,548,670,73,29,0,4,12,7,53,10,2,2,8,0,5,32,0,3,1,532,638,66,21,37,3,69,8,12,1,26,0,1,28,1,1,5,5,5,519,617,15,19,72,109,4,6,489,992,18,0,0,2,4,6,483,954,17,0,14,8,1,0,1866,1514
2008,12,77,1,11,73,4,1,1,3,0,11,72,3,1,0,10,70,3,1,0,1,0,0,14,64,5,2,0,0,3,0,13,65,5,2,0,12,65,5,0,11,61,7,1,0,0,0,0,1,0,0,0,0,0,0,0,0,0,0,10,60,6,0,0,0,0,0,0,0,0,0,0,0,0,0,0,0,0,10,59,4,0,2,5,0,1,10,75,5,0,0,0,3,0,10,74,4,0,1,0,0,0,0,93
2008,12,78,1,34,64,0,1,0,0,3,32,64,0,1,0,32,64,0,1,0,0,0,0,13,28,0,0,0,0,1,0,15,28,0,0,0,15,27,0,0,7,24,5,0,0,0,0,0,1,0,0,1,0,0,0,0,0,0,0,6,24,4,0,0,0,2,0,0,0,0,0,0,0,0,0,0,0,1,8,23,0,0,2,1,0,0,8,26,0,0,0,0,0,0,8,24,0,0,1,0,0,0,0,103
2008,12,81,1,49,54,0,3,0,4,2,49,54,0,2,0,48,54,0,2,0,0,0,0,50,54,0,3,0,0,4,1,50,52,0,3,0,52,53,0,0,49,49,1,3,0,0,0,0,1,0,0,0,0,0,0,1,0,1,0,50,47,1,3,2,0,1,0,0,0,0,0,0,0,0,1,0,0,0,49,47,0,3,1,4,0,0,47,60,0,0,0,0,4,1,47,56,0,0,1,1,0,0,0,112
2008,13,1,1,826,1288,49,47,15,2,1,822,1286,50,36,6,797,1249,42,32,3,8,11,9,773,1251,83,31,0,1,4,2,797,1242,48,39,2,800,1241,36,0,791,1104,101,29,0,1,10,3,7,8,0,3,25,0,3,15,2,3,37,742,1072,96,25,17,0,6,44,7,2,28,0,5,2,0,5,9,53,9,721,1047,31,22,60,135,10,5,926,1256,33,0,0,0,6,4,833,1180,31,0,57,55,8,0,2890,2234
2008,13,2,1,981,1116,19,54,11,3,1,977,1094,20,55,3,953,1076,17,44,6,5,4,8,953,1096,33,41,0,1,3,7,952,1058,32,55,0,951,1043,32,0,941,922,76,34,1,3,24,1,5,3,2,10,18,0,2,12,0,5,19,898,898,76,32,17,0,7,33,5,8,31,1,8,2,1,4,7,38,5,885,877,23,26,57,102,5,16,1001,1128,17,0,0,2,13,5,974,1096,16,0,9,14,2,0,2852,2185
2008,13,3,1,1175,1467,38,81,29,8,7,1190,1441,39,75,5,1148,1410,32,66,8,16,6,18,1146,1475,47,62,0,4,14,4,1155,1391,46,82,2,1174,1379,43,0,1136,1221,112,63,0,4,25,5,7,16,0,9,25,2,2,18,1,4,28,1068,1176,107,51,28,0,9,53,6,7,36,0,9,7,1,5,2,62,18,1045,1157,36,45,102,150,1,17,1303,1429,38,0,0,2,15,13,1275,1385,36,0,9,20,3,0,3630,2812
2008,13,4,1,1274,1535,87,105,27,2,2,1313,1512,81,103,8,1238,1487,67,84,9,9,20,28,1258,1482,117,105,0,1,3,8,1244,1489,102,122,4,1269,1457,98,0,1223,1184,211,78,3,4,34,16,6,20,1,12,29,2,10,30,1,11,66,1101,1148,210,57,47,1,19,52,21,11,56,2,10,14,1,6,5,128,23,1083,1106,71,51,144,216,11,27,1334,1557,99,0,0,8,15,9,1293,1517,97,0,17,19,9,0,3527,3032
2008,13,5,1,1054,1085,35,65,14,1,2,1050,1076,34,65,0,1028,1062,32,60,4,4,8,13,1025,1090,55,46,0,1,4,3,1034,1047,48,65,1,1037,1038,47,0,1021,920,110,42,0,4,7,5,1,13,0,3,19,1,3,6,1,2,32,969,905,102,29,32,0,2,20,15,3,33,1,3,6,0,4,1,48,7,951,887,35,28,70,83,9,15,1079,1104,48,0,0,1,11,6,1051,1077,46,0,8,9,3,0,2737,2254
2008,13,6,1,851,1134,14,41,10,4,6,852,1114,12,39,4,832,1087,12,32,3,6,2,7,833,1089,24,39,0,1,8,4,828,1077,12,45,0,834,1065,12,0,838,993,51,33,0,1,5,1,1,4,1,5,10,1,3,5,1,1,10,785,982,44,30,17,0,4,15,4,7,10,0,4,2,1,1,3,30,3,775,961,12,32,45,80,0,8,794,1223,17,0,0,2,11,9,777,1177,14,0,9,13,1,0,2693,2062
2008,13,7,1,503,534,24,35,12,2,2,504,530,25,30,3,488,521,22,27,3,3,4,9,500,519,37,29,0,0,7,3,494,515,31,37,0,491,505,24,0,481,451,52,32,0,0,3,3,1,4,0,5,8,1,4,4,2,3,7,459,450,50,25,8,0,4,11,9,1,6,0,2,2,2,2,3,21,1,456,436,20,21,28,40,3,6,523,553,17,0,0,1,9,9,512,542,17,0,4,6,0,0,1352,1113
2008,13,8,1,656,641,18,44,15,1,1,660,632,15,37,8,640,616,15,34,2,11,3,5,647,613,26,40,0,1,7,4,648,599,19,51,0,664,593,22,0,637,519,51,33,1,1,7,5,0,5,1,6,12,1,2,7,2,2,22,608,502,50,22,19,0,3,21,7,0,12,0,3,4,0,4,6,35,3,599,496,17,18,46,64,0,15,703,633,22,0,0,2,7,2,687,611,21,0,10,14,2,0,1654,1376
2008,13,9,1,490,932,28,40,13,1,4,505,921,24,34,2,480,900,22,29,5,10,2,2,464,935,43,28,0,0,8,9,470,900,30,46,1,469,902,36,0,460,831,73,26,1,3,3,4,2,4,1,6,8,1,5,9,3,1,7,431,816,60,19,16,0,2,19,9,0,13,0,3,0,2,2,1,35,1,420,806,23,19,41,60,1,4,520,950,16,0,0,2,8,8,481,919,12,0,28,14,6,0,1991,1510
2008,13,10,1,581,945,22,38,10,3,3,591,933,17,30,2,568,911,14,26,4,6,3,5,561,944,37,20,0,3,10,5,550,933,17,30,5,554,913,17,0,541,833,50,17,1,4,6,1,4,11,1,9,11,1,5,7,0,3,17,511,813,59,15,14,1,5,18,3,7,25,0,3,3,2,5,4,27,2,503,800,10,12,33,79,3,8,554,1007,17,0,0,4,9,11,537,977,14,0,15,7,1,0,2192,1605
2008,13,11,1,364,543,12,26,4,1,1,365,538,13,25,1,359,534,11,23,2,2,1,4,349,525,34,18,0,2,3,7,344,511,19,15,0,348,504,23,0,346,441,37,14,0,3,6,2,2,6,1,1,11,0,0,5,0,2,17,322,431,39,10,10,0,3,14,6,4,10,1,3,2,0,2,3,20,6,314,393,13,8,24,74,3,11,366,559,11,0,0,1,0,4,352,553,8,0,11,5,3,0,1237,953
2008,13,12,1,490,757,22,32,6,2,4,489,748,24,32,2,477,732,20,26,1,4,1,3,463,742,60,17,0,1,3,9,476,714,29,28,0,482,705,34,0,474,635,59,16,0,0,8,1,1,4,0,2,17,0,1,5,0,2,15,447,615,65,13,18,0,0,20,5,2,24,0,0,1,0,6,2,25,2,436,604,22,8,35,70,4,8,497,780,20,0,0,0,5,10,470,746,20,0,13,15,3,0,1628,1313
2008,13,13,1,904,1379,53,69,21,2,3,917,1368,52,64,4,883,1343,48,56,6,15,6,6,840,1414,62,60,0,0,10,2,840,1372,54,68,1,845,1361,66,0,833,1192,166,42,0,0,13,7,5,12,1,5,18,0,2,10,1,1,29,771,1164,150,36,19,0,5,34,8,6,27,2,10,10,3,3,9,65,2,760,1139,48,33,70,127,4,12,813,1544,45,0,0,6,13,7,794,1511,46,0,8,6,2,0,3067,2433
2008,13,14,1,595,920,55,57,8,0,1,622,909,48,47,3,587,902,44,45,2,6,11,12,579,914,57,66,0,0,4,2,561,916,53,79,1,584,895,54,0,561,753,114,48,0,3,5,7,6,7,0,9,22,2,6,11,0,9,35,497,719,98,34,24,0,1,37,21,4,21,0,6,9,0,5,5,84,10,479,706,39,30,66,121,6,21,596,965,65,0,0,1,4,3,583,956,61,0,6,5,1,0,1856,1641
2008,13,15,1,1375,1898,117,171,20,4,5,1466,1862,102,137,3,1339,1801,89,107,11,21,28,53,1420,1735,130,188,0,3,6,12,1378,1776,141,206,2,1415,1761,137,0,1355,1397,270,110,1,14,42,31,19,29,0,13,41,5,16,34,3,22,83,1153,1375,252,85,81,1,16,82,50,8,62,1,17,10,1,22,12,198,22,1136,1335,86,69,218,242,22,46,1518,1906,122,0,0,6,19,15,1483,1868,115,0,10,19,11,0,4144,3591
2008,13,16,1,741,1054,36,58,11,2,7,753,1040,38,47,1,712,1013,30,40,2,9,7,18,719,1046,42,57,0,2,9,6,714,1030,50,71,0,725,1007,44,0,697,851,97,47,0,5,22,11,8,14,4,7,12,0,8,16,1,8,32,620,836,97,35,26,0,6,23,21,4,40,0,9,2,0,5,5,80,11,604,801,30,35,101,125,9,14,742,1115,38,0,0,0,9,2,726,1081,34,0,11,12,3,0,2395,1916
2008,13,77,1,16,73,2,1,1,2,0,17,68,2,1,0,16,67,2,1,0,1,0,1,17,63,3,1,0,0,4,2,16,62,4,2,0,16,61,4,0,15,57,5,1,0,0,0,0,0,1,0,0,3,0,0,1,0,0,0,15,40,6,1,2,0,0,19,0,0,2,0,0,0,0,0,0,0,0,15,39,3,1,1,21,0,0,20,66,2,0,0,0,5,1,17,65,2,0,1,1,0,0,0,95
2008,13,78,1,62,122,2,4,1,0,1,63,119,2,4,0,59,115,2,4,1,1,0,0,23,57,1,1,0,0,0,0,31,60,1,1,0,32,60,1,0,26,45,6,1,0,22,0,0,0,0,0,0,1,0,0,0,0,0,0,26,38,4,1,0,0,0,1,0,0,2,0,0,0,0,0,1,1,0,23,40,1,1,0,1,0,0,16,51,1,0,0,0,2,0,14,46,1,0,0,3,0,0,0,192
2008,13,81,1,34,52,5,2,0,1,0,34,52,5,2,0,34,52,5,2,0,0,0,0,36,49,6,1,0,0,1,0,35,49,7,1,0,35,49,7,0,34,43,8,1,0,0,0,0,0,0,0,0,0,1,0,0,0,0,0,34,44,7,1,0,0,0,0,0,0,0,0,0,0,0,0,0,0,0,34,41,6,1,1,4,1,0,39,46,6,0,0,0,2,0,39,46,6,0,0,0,0,0,0,94
2008,14,1,1,154,197,4,14,1,2,3,147,192,4,13,2,144,189,3,10,1,2,0,4,132,211,5,0,0,8,1,1,136,196,6,13,0,139,196,6,0,138,173,16,8,0,2,0,0,0,1,0,0,5,0,0,0,0,0,6,124,160,21,8,2,0,4,2,3,1,1,0,1,11,0,2,4,6,2,119,153,5,7,16,27,0,2,90,277,3,0,0,0,2,3,89,247,3,0,7,5,0,0,486,376
2008,14,2,1,385,472,11,27,6,0,2,394,468,15,15,0,374,455,10,14,5,3,3,6,335,496,19,0,0,12,9,1,338,471,23,21,0,338,459,23,0,332,404,49,9,0,3,2,2,1,5,2,1,12,1,6,8,0,6,11,310,374,50,13,19,0,1,2,6,2,1,0,4,15,0,1,12,29,2,292,352,17,7,40,81,1,4,254,624,8,0,0,8,3,4,236,580,7,0,23,20,1,0,1200,904
2008,14,3,1,1021,1597,26,59,19,6,11,1019,1579,27,52,5,993,1543,25,47,8,8,1,5,804,1805,32,0,0,1,10,11,875,1576,37,57,0,890,1552,44,0,866,1439,113,33,0,6,14,3,4,11,1,7,27,0,5,9,0,4,30,789,1413,131,23,20,0,9,7,7,9,4,1,11,40,0,3,25,56,4,743,1395,27,20,120,99,1,10,746,1955,17,0,0,12,6,9,717,1852,17,0,42,14,5,0,3753,2756
2008,14,4,1,177,293,11,18,8,2,3,183,291,10,14,4,175,281,9,13,0,3,4,2,152,322,8,0,0,1,3,1,161,294,11,12,0,163,293,10,0,162,249,22,7,0,0,4,2,1,0,0,1,7,1,3,8,0,2,8,148,235,23,5,10,0,0,3,3,2,0,0,3,14,1,3,16,11,1,136,230,8,5,24,45,1,2,140,347,7,0,0,2,4,6,135,334,5,0,7,4,2,0,665,509
2008,14,5,1,436,586,28,19,5,3,2,439,571,28,18,0,430,560,27,16,2,3,0,3,333,683,25,0,0,7,2,4,373,592,27,17,0,377,587,29,0,376,526,44,10,0,1,10,0,1,6,1,3,25,0,0,4,1,0,8,359,498,50,7,8,0,6,2,3,2,4,0,3,34,0,1,22,9,1,322,488,25,5,49,72,2,4,308,726,16,0,0,17,1,4,300,679,16,0,20,13,1,0,1377,1080
2008,14,6,1,357,478,57,48,3,0,0,365,479,57,38,1,340,459,51,31,4,4,9,6,312,542,58,0,0,1,1,0,325,489,58,50,0,339,474,64,0,329,372,108,23,0,2,10,6,4,5,1,5,8,3,10,5,1,2,20,243,327,111,19,30,0,2,6,14,8,8,0,2,25,0,5,22,71,2,236,315,50,13,80,105,4,13,170,719,42,0,0,10,2,2,168,633,41,0,38,10,9,0,1119,946
2008,14,7,1,448,631,26,41,9,0,3,461,629,27,24,4,439,609,21,23,7,4,7,6,394,695,28,0,0,1,4,5,414,627,33,37,0,422,622,33,0,406,518,72,24,1,1,6,3,3,8,0,7,13,0,1,11,1,4,24,352,470,75,18,26,2,2,5,3,5,3,1,4,36,0,6,19,66,4,343,459,22,16,61,120,6,3,282,836,19,0,0,10,6,4,271,761,16,0,25,18,8,0,1368,1158
2008,14,8,1,362,388,6,26,2,0,3,366,387,6,23,0,354,382,4,23,0,2,1,2,255,507,5,0,0,2,7,2,311,403,7,21,0,313,402,6,0,303,344,26,15,0,3,7,2,2,2,0,1,9,0,5,3,0,2,10,280,327,31,12,4,1,2,7,1,4,0,1,4,20,1,3,19,13,1,238,315,3,6,64,67,0,7,220,560,2,0,0,9,3,5,210,507,2,0,19,6,2,0,1018,798
2008,14,9,1,1031,1335,44,66,9,0,1,1043,1320,35,59,2,1004,1288,31,56,4,6,10,11,800,1580,36,0,0,6,11,7,903,1327,47,83,2,920,1295,52,0,916,1059,118,41,0,5,27,10,8,25,1,10,49,2,2,8,2,14,47,805,1000,121,37,54,0,8,21,13,5,7,0,19,68,2,6,41,111,5,747,990,26,25,130,205,8,15,692,1681,25,0,0,47,12,11,668,1557,21,0,59,29,9,0,3139,2492
2008,14,10,1,70,96,7,3,2,1,0,70,98,7,3,0,67,96,7,3,0,2,0,1,63,103,7,0,0,0,1,0,66,98,7,2,0,66,98,7,0,65,92,8,2,0,0,0,0,0,1,0,0,0,0,1,0,0,0,2,65,86,8,2,0,1,0,1,3,0,0,0,0,5,0,0,1,3,0,61,86,7,2,5,9,0,0,45,126,4,0,0,0,2,2,40,116,4,0,6,0,1,0,206,179
2008,14,11,1,508,710,8,32,16,2,10,507,703,8,27,7,494,686,7,26,3,4,0,6,426,789,10,0,0,4,10,8,443,736,11,20,0,448,731,14,0,441,665,43,15,0,0,3,0,0,7,0,2,10,1,0,5,1,2,8,413,633,44,13,9,1,2,0,5,6,2,0,3,20,1,5,16,22,4,398,621,9,10,41,89,1,9,238,1022,4,0,0,10,5,7,230,918,4,0,38,18,2,0,1707,1288
2008,14,12,1,1157,1853,42,96,29,7,7,1150,1849,56,73,4,1116,1792,39,68,7,20,9,9,933,2085,48,0,0,5,19,6,987,1871,47,81,0,994,1867,56,0,996,1668,132,54,0,2,22,4,4,24,1,10,33,1,3,14,0,4,32,924,1594,143,47,21,0,11,14,5,12,5,0,18,63,1,3,48,59,8,880,1568,35,42,98,203,8,8,668,2437,34,0,0,18,26,5,645,2257,33,0,66,11,7,0,4435,3202
2008,14,13,1,1054,1350,66,90,28,2,8,1080,1329,64,80,15,1028,1295,57,66,8,11,9,14,901,1502,65,0,0,2,5,12,929,1340,71,121,1,959,1229,80,0,956,1111,187,72,1,8,23,7,4,11,1,5,22,0,11,13,0,7,47,826,1065,171,56,44,0,9,13,13,7,8,0,4,65,2,9,28,127,6,798,1039,51,51,122,165,9,21,558,1947,51,0,0,14,10,12,547,1764,48,0,74,10,16,0,3353,2597
2008,14,14,1,519,523,19,35,8,1,0,512,523,21,32,1,502,508,18,27,6,6,0,3,383,649,18,0,0,17,5,8,431,554,24,18,3,437,538,21,0,438,483,48,5,3,2,10,4,3,3,0,2,10,0,0,5,0,2,8,402,442,52,6,13,2,7,4,8,5,1,0,2,30,1,2,15,18,0,358,430,16,3,74,76,3,6,334,725,13,0,0,22,2,3,320,659,13,0,32,19,0,0,1546,1107
2008,14,15,1,1272,1529,35,64,15,9,6,1267,1489,34,54,5,1233,1461,30,52,2,14,4,7,964,1818,32,0,0,13,24,10,1034,1574,39,64,0,1037,1566,42,0,1027,1371,126,42,0,6,20,5,6,16,0,13,29,1,4,21,0,9,29,954,1332,137,31,12,0,14,13,9,10,8,0,10,47,2,6,39,61,5,888,1300,29,30,135,155,2,10,738,2109,28,0,0,17,11,16,720,1908,21,0,71,26,5,0,4071,2939
2008,14,16,1,276,384,25,24,5,0,0,285,386,25,16,1,271,379,23,13,1,2,0,5,205,457,26,0,0,0,2,3,230,411,23,29,1,239,398,25,0,239,335,51,17,0,2,4,5,1,5,1,5,3,1,1,2,0,2,12,210,304,56,13,10,0,4,5,6,4,4,0,5,13,1,5,11,26,0,186,302,21,9,41,59,1,5,119,575,15,0,0,3,1,1,114,534,13,0,25,8,2,0,833,714
2008,14,17,1,776,1004,25,51,12,4,5,787,986,23,47,4,753,969,19,42,5,11,5,7,641,1130,27,0,0,5,14,6,663,1034,31,51,0,661,1023,31,0,676,879,84,32,8,3,6,8,3,11,0,11,18,1,4,12,0,0,28,604,857,78,20,14,0,4,8,12,10,2,0,7,36,2,8,22,61,4,583,842,18,16,70,111,4,5,445,1401,13,0,0,6,6,4,426,1274,12,0,45,22,5,0,2655,1880
2008,14,18,1,393,614,13,26,5,2,8,389,609,15,23,1,381,590,13,23,2,2,0,3,328,641,11,0,0,0,12,10,319,598,15,31,0,326,594,17,0,317,506,46,21,0,5,5,0,5,2,0,4,17,0,4,6,0,2,23,292,470,55,18,6,0,2,4,1,5,4,0,8,46,1,4,16,29,1,283,457,10,17,32,73,2,2,219,807,7,0,0,13,4,9,215,732,7,0,21,9,3,0,1452,1062
2008,14,19,1,963,1224,84,95,17,3,11,988,1219,74,79,6,931,1182,68,71,14,8,8,16,844,1341,85,0,0,4,5,8,866,1225,97,116,0,880,1193,103,0,878,962,188,63,1,4,21,11,7,10,0,8,29,4,11,29,3,6,54,749,876,193,46,64,4,11,19,14,13,8,1,7,72,2,11,51,117,10,720,861,63,36,126,209,18,24,527,1778,54,0,0,21,6,6,506,1598,50,0,65,26,16,0,3022,2400
2008,14,20,1,318,357,14,36,5,1,1,325,353,12,32,2,310,346,12,30,0,6,2,5,285,400,12,0,0,2,4,1,293,370,16,31,0,293,365,13,0,293,302,40,21,0,2,7,2,3,4,0,1,6,1,1,6,0,0,8,273,284,44,17,18,1,0,3,0,2,5,0,2,15,1,1,10,21,0,265,277,12,16,28,54,0,4,201,519,11,0,0,3,0,0,200,480,10,0,14,4,2,0,946,732
2008,14,21,1,1290,1797,108,134,26,5,3,1294,1798,101,122,7,1235,1738,87,98,13,15,14,23,1122,1964,118,0,0,11,9,4,1145,1790,124,168,3,1177,1766,124,0,1136,1442,250,93,0,8,19,22,13,30,2,4,44,4,10,31,0,12,88,1000,1295,272,67,74,0,10,23,28,7,16,1,18,115,2,7,72,147,13,959,1268,94,57,159,336,16,31,655,2587,75,0,0,18,14,8,634,2329,69,0,99,33,16,0,4298,3366
2008,14,22,1,1149,1574,66,94,27,3,5,1170,1560,61,76,8,1121,1531,58,70,4,14,2,10,1040,1680,75,0,0,2,13,7,1064,1544,80,98,5,1077,1516,84,0,1065,1264,169,59,2,1,23,17,9,16,0,10,32,3,8,30,1,5,63,972,1175,180,51,51,2,7,20,17,8,12,0,10,87,1,8,51,88,17,940,1144,57,37,105,244,7,16,673,2152,52,0,0,13,8,18,657,1970,50,0,65,24,9,0,3734,2917
2008,14,23,1,812,1084,70,94,24,0,1,828,1079,71,80,4,783,1052,61,73,8,11,8,16,711,1213,74,0,0,5,6,2,736,1091,79,96,8,751,1056,83,0,736,873,177,49,0,7,19,12,5,5,1,7,36,2,5,17,1,7,38,629,794,184,40,31,1,8,18,19,9,6,2,14,63,0,9,41,101,9,605,781,56,33,122,186,15,17,425,1568,75,0,0,10,3,6,412,1444,64,0,67,15,15,0,2627,2075
2008,14,24,1,478,632,50,38,21,2,6,490,630,49,35,7,464,614,48,30,4,6,6,4,425,693,50,0,0,4,7,10,438,636,50,36,3,445,621,52,0,440,506,96,23,1,5,4,3,7,7,1,8,14,1,1,7,1,5,28,389,462,91,18,26,0,2,3,6,4,5,1,12,43,0,0,23,54,2,374,448,44,16,60,116,3,8,255,914,36,0,0,6,4,5,249,834,34,0,24,13,8,0,1609,1227
2008,14,25,1,773,982,49,76,21,1,9,800,979,42,61,9,757,954,37,54,4,10,5,16,667,1089,50,0,0,6,9,20,688,990,57,94,2,702,978,58,0,687,818,149,42,1,7,6,11,7,5,0,4,30,5,7,16,0,4,31,618,766,131,39,45,1,1,12,15,5,4,0,6,59,3,6,28,77,5,597,747,37,34,86,154,11,15,414,1425,29,0,0,14,8,18,412,1309,26,0,39,13,12,0,2463,1911
2008,14,26,1,606,892,44,51,12,0,1,619,880,35,47,7,586,857,29,41,8,6,5,3,469,1040,35,0,0,2,6,7,523,911,43,67,1,534,891,45,0,522,711,98,35,0,4,20,7,7,23,1,3,25,2,5,11,1,6,43,433,647,116,29,38,0,9,20,7,6,9,2,17,54,0,1,37,72,11,399,633,24,22,119,173,9,9,319,1245,24,0,0,5,3,6,303,1150,23,0,47,16,10,0,1955,1608
2008,14,27,1,518,743,23,31,16,4,3,529,729,20,26,6,502,706,17,23,4,10,5,2,498,775,16,0,0,5,4,4,480,741,17,31,2,484,724,21,0,487,625,54,20,0,1,8,4,4,7,0,4,18,0,4,9,0,0,21,450,601,48,16,14,2,4,8,3,4,2,1,3,27,0,5,25,34,1,435,579,12,13,39,93,4,3,387,919,11,0,0,4,8,2,369,847,7,0,36,10,4,0,1746,1342
2008,14,28,1,117,227,7,15,3,2,0,118,226,8,13,0,114,222,6,12,0,0,1,1,87,254,9,0,0,0,1,0,94,238,11,12,0,96,233,13,0,101,184,27,7,0,0,3,1,0,2,0,0,2,1,1,5,0,1,8,84,166,29,8,9,0,0,3,1,1,0,0,1,12,0,0,2,5,1,79,157,8,6,14,51,2,1,69,285,6,0,0,7,2,0,65,268,6,0,5,8,3,0,432,371
2008,14,77,1,37,202,7,5,0,3,0,37,196,10,4,0,37,194,7,4,0,0,1,0,36,180,11,0,0,0,4,1,37,171,11,2,0,37,169,11,0,37,160,19,2,0,0,0,0,0,0,0,0,3,0,0,1,0,0,2,33,117,25,1,2,0,0,0,0,0,0,0,0,60,0,0,5,0,0,33,105,10,1,4,56,1,0,17,220,8,0,0,0,5,0,16,211,8,0,1,0,0,0,0,256
2008,14,78,1,126,214,9,8,1,1,1,127,207,12,7,0,124,207,9,5,0,1,0,2,62,110,6,0,0,0,0,18,66,104,7,4,0,66,104,7,0,63,100,15,4,0,1,1,0,1,0,0,1,1,0,1,0,0,0,0,61,99,14,3,0,0,0,1,0,1,0,0,1,2,0,0,1,3,0,58,98,6,3,5,0,0,0,41,123,3,0,0,2,1,39,40,118,3,0,3,0,0,0,0,365
2008,14,81,1,33,54,4,3,1,0,0,32,55,4,2,0,31,54,4,2,0,0,0,1,19,46,4,0,0,0,0,0,20,44,4,2,0,20,44,4,0,20,41,6,1,0,0,0,1,0,0,0,1,0,0,0,0,0,0,0,21,37,5,1,1,0,0,0,1,0,0,0,0,1,0,0,1,2,0,19,37,4,1,2,6,0,1,18,48,5,0,0,0,0,0,17,47,5,0,1,0,0,0,0,95
2008,15,1,1,658,956,81,69,19,0,2,705,931,66,64,10,635,901,63,51,9,13,16,36,714,877,76,77,0,1,5,4,691,889,80,87,4,662,874,76,76,550,692,139,54,2,8,68,0,10,4,1,12,14,2,104,19,4,10,34,514,693,122,35,55,0,11,16,23,22,4,0,122,25,2,8,8,25,51,489,629,58,28,151,169,8,35,895,818,61,0,0,6,2,4,827,767,57,0,20,41,26,0,2055,1786
2008,15,2,1,590,642,56,77,8,2,3,615,628,56,67,2,567,608,45,56,2,7,14,14,619,587,61,69,0,1,6,3,614,578,65,75,0,593,562,60,83,477,458,122,67,0,7,39,1,8,2,2,12,6,2,83,13,6,11,20,457,445,115,42,42,0,9,2,16,18,1,2,98,17,1,3,3,14,37,441,422,49,35,126,109,10,12,632,661,64,0,0,3,8,6,593,609,64,0,15,24,13,0,1650,1378
2008,15,3,1,1092,977,46,77,21,4,3,1126,970,36,70,11,1065,950,36,62,5,7,7,8,1168,883,38,54,0,3,11,13,1127,865,38,66,6,1107,866,36,68,1007,777,118,54,2,5,19,0,7,0,0,3,7,0,63,13,4,3,18,987,791,97,41,13,1,13,4,8,7,6,0,61,1,2,0,7,21,25,969,753,32,37,115,83,5,13,1321,851,28,0,0,1,10,4,1243,821,28,0,13,16,4,0,2845,2223
2008,15,4,1,1356,1434,47,84,24,2,8,1366,1409,50,72,5,1313,1378,41,68,7,15,9,8,1491,1296,52,54,0,0,8,13,1405,1295,60,71,1,1382,1290,56,75,1245,1160,166,48,0,4,45,2,14,6,0,7,4,0,93,15,4,8,27,1214,1151,167,33,33,1,6,4,10,10,8,0,96,18,1,3,5,28,33,1190,1104,48,30,166,144,6,18,1584,1296,42,0,0,3,6,9,1493,1266,40,0,16,26,6,0,3758,2957
2008,15,5,1,1145,1180,28,90,17,9,2,1144,1158,28,79,5,1121,1135,24,72,11,5,4,9,1212,1089,31,71,0,2,9,11,1201,1052,36,69,0,1156,1059,34,77,1070,970,110,60,1,7,24,1,7,14,0,5,10,0,50,14,6,2,15,1052,978,98,45,27,1,13,4,10,3,12,0,56,8,0,0,5,6,24,1034,917,23,43,107,109,7,19,1369,1065,17,0,0,1,10,6,1310,1036,17,0,15,7,4,0,3296,2473
2008,15,6,1,416,485,28,37,7,0,0,421,478,24,30,2,407,466,24,28,1,2,2,6,412,447,23,33,0,0,3,4,421,433,24,40,0,412,436,24,41,368,381,60,32,0,1,15,1,1,4,1,2,7,0,30,3,3,2,12,351,376,62,14,31,0,2,3,10,2,0,1,38,3,1,0,2,2,21,347,357,19,12,52,58,4,13,500,447,19,0,0,0,4,2,470,427,19,0,7,7,3,0,1234,973
2008,15,7,1,681,689,22,43,3,2,4,697,666,22,37,0,669,652,18,32,5,5,2,4,726,612,23,39,0,1,8,4,702,614,23,41,1,707,606,22,42,637,550,65,38,1,5,18,0,4,5,0,2,4,0,42,3,0,6,12,617,545,58,31,15,1,5,3,8,7,1,0,48,2,0,1,1,10,18,607,529,18,28,75,48,2,4,805,609,25,0,0,1,1,4,764,601,23,0,5,9,1,0,1760,1445
2008,15,8,1,359,232,16,18,6,0,3,360,231,16,13,0,349,224,14,13,0,3,0,3,392,201,13,10,0,0,5,2,374,207,16,11,0,368,207,14,11,349,193,26,7,0,2,6,0,0,0,0,0,2,0,16,4,0,0,3,348,194,26,7,7,0,2,3,0,1,1,0,19,1,0,0,0,0,2,346,187,12,5,15,9,1,4,421,201,9,0,0,0,1,1,403,196,8,0,5,4,0,0,786,635
2008,15,9,1,271,267,10,18,6,0,1,268,260,10,17,2,258,249,9,10,3,1,1,4,288,245,7,10,0,0,2,3,280,241,5,13,0,272,246,5,13,253,226,13,11,0,3,1,0,2,1,1,0,2,0,9,2,1,2,6,249,226,14,11,3,0,2,2,4,1,0,0,10,0,0,1,0,6,8,243,220,4,10,24,14,2,0,329,228,5,0,0,0,1,1,311,216,5,0,3,8,1,0,713,568
2008,15,10,1,592,355,12,25,17,1,0,588,351,15,22,6,571,341,13,22,0,2,3,9,611,337,13,20,0,0,3,2,601,336,14,22,0,593,333,13,23,554,314,33,19,0,4,9,0,3,1,0,2,1,1,21,2,1,1,5,554,317,29,15,4,0,4,3,1,5,0,0,29,0,1,0,1,2,10,542,308,10,14,44,14,5,7,672,316,9,0,0,0,6,1,643,309,8,0,8,4,5,0,1289,1008
2008,15,11,1,577,346,21,15,7,4,5,575,337,22,17,0,568,329,21,14,1,1,3,3,575,326,24,15,0,0,6,3,559,321,22,17,1,564,327,21,17,541,308,43,14,1,2,6,0,0,2,0,3,1,0,10,1,1,1,2,529,310,40,13,3,0,8,1,1,1,1,0,12,1,0,0,1,2,1,524,302,20,13,23,13,1,1,586,361,15,0,0,1,3,1,566,355,14,0,7,0,3,0,1220,977
2008,15,12,1,645,593,9,18,10,2,5,644,591,9,18,1,633,578,6,15,0,8,2,0,668,558,7,13,0,2,2,3,671,544,7,13,0,659,544,7,17,595,508,37,12,0,2,16,0,3,3,0,3,0,0,39,2,0,4,13,580,515,36,10,4,0,4,0,0,2,2,1,55,0,0,0,0,9,13,574,493,6,9,70,41,1,4,736,532,3,0,0,1,8,3,708,515,3,0,7,10,1,0,1586,1284
2008,15,13,1,385,300,16,14,7,2,2,387,298,14,12,4,381,290,14,10,0,3,1,1,381,280,25,14,0,0,3,4,390,276,17,16,0,379,275,16,15,357,252,33,10,0,3,2,0,1,2,0,3,3,0,17,5,0,1,6,354,252,31,9,5,0,3,2,5,2,4,1,21,2,0,0,0,4,7,344,241,14,5,33,22,1,5,429,278,12,0,0,4,3,1,400,273,11,0,7,0,1,0,938,729
2008,15,14,1,635,721,42,91,12,2,5,661,710,37,73,8,615,688,33,63,3,4,10,24,651,667,35,80,0,0,7,3,673,661,37,88,0,644,653,32,94,584,554,86,73,0,3,30,4,7,7,1,7,8,3,49,11,3,5,19,561,544,85,52,29,0,4,5,17,13,11,1,66,5,0,1,5,5,24,547,523,24,46,81,89,6,23,810,663,31,0,0,2,4,1,770,647,30,0,12,4,3,0,1794,1513
2008,15,77,1,12,74,1,4,1,2,0,10,72,1,5,0,10,67,1,4,0,2,1,0,15,64,3,4,0,0,4,0,13,65,4,3,0,12,66,3,4,10,59,6,3,0,0,2,0,0,0,0,0,0,0,4,0,0,0,1,8,44,5,3,2,0,0,1,0,1,0,0,0,0,0,3,0,1,17,8,43,3,3,3,19,0,0,37,50,3,0,0,0,2,0,30,50,2,0,0,3,0,0,0,94
2008,15,78,1,22,46,0,0,1,2,0,23,44,1,0,0,22,41,0,0,0,0,0,0,7,7,0,0,0,0,0,14,7,7,0,0,0,7,7,0,0,7,7,0,0,0,0,0,0,0,0,0,0,0,0,0,0,0,0,0,6,5,1,0,0,0,0,0,0,0,0,0,1,0,0,0,0,0,1,6,5,0,0,1,2,0,0,5,8,0,0,0,0,0,15,5,8,0,0,0,0,0,0,0,71
2008,15,81,1,36,24,2,3,0,0,0,35,25,2,3,0,35,24,2,3,0,0,0,0,37,24,2,2,0,0,0,0,35,24,2,3,0,35,24,2,3,33,23,2,3,0,0,0,0,0,0,0,0,0,0,3,0,0,0,1,33,23,2,3,0,0,0,0,0,0,0,0,2,0,0,0,0,0,1,33,23,2,2,2,1,0,1,41,21,2,0,0,0,1,0,38,21,2,0,0,1,0,0,0,65
2008,16,1,1,354,316,6,12,9,0,0,353,310,8,13,2,346,305,5,11,1,2,1,1,357,293,13,21,0,0,3,0,367,281,10,19,0,358,282,12,22,318,249,34,21,0,2,5,2,19,11,0,0,0,0,7,3,1,3,3,321,244,33,11,11,0,24,7,0,1,1,5,3,1,1,4,3,4,1,309,236,9,10,36,32,0,3,411,282,6,0,0,0,1,0,402,259,5,0,2,12,2,0,878,703
2008,16,2,1,822,870,34,71,17,1,3,831,854,35,57,5,797,825,29,54,2,15,7,18,843,824,34,64,0,0,10,5,831,796,40,75,0,818,806,35,68,757,678,108,57,0,2,8,2,47,44,0,5,5,1,3,10,3,6,10,747,686,102,34,29,0,46,30,4,2,6,19,6,3,2,7,7,7,4,726,652,30,32,70,116,5,16,966,802,26,0,0,3,5,4,923,746,23,0,7,42,8,0,2377,1818
2008,16,3,1,661,679,13,33,8,1,3,663,666,13,31,1,647,648,11,26,3,2,0,5,665,647,10,32,0,1,6,5,669,629,11,36,0,658,624,12,35,635,568,47,28,0,0,10,0,20,17,0,2,3,0,3,4,2,2,9,625,562,42,24,15,0,14,27,0,0,8,3,9,7,2,4,1,3,1,613,548,9,23,40,59,1,4,690,687,8,0,0,0,6,2,674,656,8,0,5,5,1,0,1776,1398
2008,16,4,1,615,1221,25,41,22,2,5,616,1194,27,39,5,596,1168,24,35,6,11,1,3,618,1185,30,22,0,1,14,5,626,1147,29,20,2,615,1144,31,22,596,1094,73,18,0,2,6,1,9,13,1,0,6,0,6,11,1,1,3,588,1082,70,15,5,0,20,28,0,0,1,4,5,3,0,0,3,9,1,579,1052,23,15,27,61,2,6,767,1112,22,0,0,1,11,2,715,1067,19,0,7,17,1,0,2615,1932
2008,16,5,1,1088,1233,71,76,27,2,7,1098,1226,69,68,4,1068,1204,66,62,3,7,2,10,1086,1191,84,60,0,8,12,12,1105,1145,68,60,2,1082,1155,58,63,987,1036,159,55,1,7,11,0,53,35,2,8,1,0,4,6,1,3,16,975,1031,137,43,27,1,81,27,1,1,9,9,8,6,1,3,12,6,2,951,999,56,42,102,109,5,9,1233,1195,48,0,0,1,15,8,1168,1128,45,0,28,24,6,0,3142,2511
2008,16,6,1,294,577,13,28,7,3,4,295,569,10,27,2,287,562,10,23,2,4,1,4,285,583,10,20,0,0,3,5,296,545,14,20,0,289,546,12,23,269,511,35,16,0,2,1,0,10,9,0,1,4,1,3,3,1,3,8,262,504,35,14,13,0,23,13,0,0,1,0,0,1,0,1,4,2,2,250,446,6,14,36,38,3,4,337,568,8,0,0,2,5,4,312,541,5,0,6,18,3,0,1178,927
2008,16,7,1,269,232,10,9,0,2,1,267,222,10,9,0,259,220,10,7,0,1,2,2,281,213,9,6,0,0,3,1,280,206,8,8,0,274,211,9,7,266,192,17,7,1,0,3,0,7,3,0,0,1,0,1,1,0,1,1,265,189,18,3,5,0,6,5,0,0,2,0,1,4,0,0,1,0,0,260,184,6,3,10,12,2,2,314,199,6,0,0,0,1,2,303,191,5,0,1,3,2,0,651,524
2008,16,8,1,837,1009,55,45,13,4,6,847,992,54,41,3,817,978,46,36,4,10,7,9,843,976,52,40,0,3,8,14,863,939,48,45,3,843,941,45,46,776,865,105,41,0,6,8,0,34,21,1,6,3,2,4,7,3,2,13,756,854,98,29,21,0,56,18,0,0,1,9,8,2,0,3,6,3,5,733,829,37,27,91,80,6,9,915,976,42,0,0,4,7,11,862,933,40,0,21,12,4,0,2538,1972
2008,16,9,1,757,1019,22,33,24,1,7,764,1000,23,28,11,743,977,20,25,1,9,4,7,750,1000,34,28,0,0,9,5,752,978,34,32,3,752,968,32,32,695,922,79,26,2,2,7,1,35,16,2,2,2,0,3,6,1,0,4,687,909,76,23,15,0,48,10,0,0,3,1,4,2,2,3,2,3,3,676,888,27,21,58,63,3,8,813,1024,10,0,0,1,5,7,779,982,10,0,11,11,4,0,2416,1863
2008,16,10,1,370,494,10,18,5,0,3,371,482,12,16,4,364,472,9,14,0,6,2,2,377,464,16,14,0,1,3,4,388,452,12,18,0,370,459,11,19,345,421,34,16,1,7,5,0,14,11,0,1,0,0,1,1,1,4,2,344,418,33,11,10,0,31,6,0,0,0,4,0,0,1,0,1,0,2,339,401,7,11,26,44,2,4,389,490,10,0,0,1,3,3,375,465,8,0,6,8,1,0,1174,901
2008,16,77,1,10,77,3,1,0,0,4,10,76,3,1,0,9,76,3,1,0,0,0,0,10,72,4,1,0,0,1,1,9,70,4,1,0,9,70,4,1,7,63,11,1,0,0,0,0,0,1,0,0,0,0,0,0,0,0,0,6,66,11,1,0,0,0,0,0,0,0,0,0,1,0,0,0,1,0,5,61,4,1,3,8,0,0,8,75,3,0,0,0,0,0,8,74,2,0,0,1,0,0,0,95
2008,16,78,1,37,57,2,2,0,0,0,35,55,2,2,0,34,52,1,2,0,1,0,0,20,23,1,0,0,0,0,10,20,21,1,0,0,20,22,1,0,19,19,1,0,0,0,0,0,1,1,0,0,0,0,1,0,0,0,1,18,20,2,0,0,0,0,1,0,0,0,0,0,0,0,0,0,1,0,18,19,1,0,1,1,0,0,23,21,0,0,0,0,0,9,22,18,0,0,0,2,0,0,0,98
2008,16,81,1,21,22,4,1,1,1,1,21,21,5,2,0,21,21,4,1,0,0,0,0,21,22,5,1,0,0,1,1,21,22,5,1,0,21,22,5,1,21,22,6,1,0,0,0,0,0,0,0,0,0,0,0,0,0,0,0,20,22,5,1,0,0,0,0,0,0,0,0,1,0,0,0,0,0,0,20,22,5,1,1,0,0,0,24,22,4,0,0,0,1,0,22,21,4,0,1,0,0,0,0,52
2008,17,1,1,584,760,15,35,15,5,2,590,743,15,28,4,575,726,13,26,1,6,2,6,605,704,17,28,0,0,13,5,595,695,18,30,0,595,694,18,32,564,652,38,28,0,5,4,0,2,15,0,2,1,0,3,7,1,17,5,561,652,33,19,13,0,3,18,0,5,3,0,2,3,0,20,6,0,1,547,627,12,20,39,50,4,6,646,740,19,0,0,1,3,1,614,715,19,0,12,4,2,0,1896,1416
2008,17,2,1,24,13,0,0,0,0,0,24,13,0,0,0,24,13,0,0,0,0,0,0,24,13,0,0,0,0,0,0,24,13,0,0,0,24,13,0,0,24,13,0,0,0,0,0,0,0,0,0,0,0,0,0,0,0,0,0,24,13,0,0,0,0,0,0,0,0,0,0,0,0,0,0,0,0,0,24,13,0,0,0,0,0,0,23,14,0,0,0,0,0,0,22,14,0,0,0,0,0,0,40,37
2008,17,3,1,1239,778,41,45,14,5,13,1239,774,41,40,1,1217,757,35,35,6,4,6,6,1255,740,43,42,0,1,9,12,1257,726,42,41,1,1242,722,46,41,1192,674,94,34,0,6,7,3,3,10,1,3,3,2,3,8,1,21,4,1184,674,81,30,15,0,1,12,0,8,1,11,4,4,0,30,1,1,4,1175,655,32,30,54,48,9,7,1287,792,30,0,0,1,7,5,1243,745,28,0,19,9,2,0,2686,2140
2008,17,4,1,217,322,11,16,8,0,1,219,317,10,16,2,211,309,8,16,2,2,2,5,226,300,10,10,0,2,2,1,224,300,12,9,0,221,294,10,10,203,266,28,13,0,0,5,0,1,4,0,1,0,0,1,5,3,10,7,201,266,31,6,7,0,1,11,0,1,0,4,0,2,0,11,0,2,0,199,258,9,6,18,25,0,4,265,300,4,0,0,2,2,0,258,287,4,0,1,5,2,0,726,575
2008,17,5,1,54,132,4,1,2,2,0,54,126,4,1,1,52,123,4,1,0,1,0,0,62,117,3,1,0,0,5,0,59,116,3,1,0,57,116,3,1,55,115,7,1,0,1,0,0,1,0,0,0,0,0,0,1,0,1,2,55,112,6,1,0,0,1,5,0,1,0,0,0,1,0,1,0,0,2,55,110,3,1,2,2,0,0,50,141,3,0,0,0,0,0,49,134,3,0,1,0,0,0,254,196
2008,17,6,1,205,105,8,16,2,0,2,205,104,7,17,1,204,101,7,14,1,2,0,1,215,90,4,18,0,0,3,2,201,92,5,29,0,209,92,4,16,186,75,11,17,0,0,2,0,2,4,0,2,1,0,2,1,0,9,2,192,76,7,13,3,0,2,3,0,1,3,1,1,1,0,14,0,0,1,182,73,4,13,24,17,0,1,234,92,4,0,0,1,3,2,226,89,4,0,2,4,0,0,382,338
2008,17,77,1,2,25,0,2,0,0,0,3,23,0,1,0,2,23,0,1,1,1,0,0,3,22,0,1,0,1,0,0,3,21,0,1,1,3,21,0,1,3,21,3,0,1,0,0,0,0,0,0,0,0,0,0,0,0,0,0,3,22,2,0,0,0,0,0,0,0,0,0,0,0,0,0,0,0,0,3,19,0,0,0,2,0,1,5,23,0,0,0,0,0,0,5,23,0,0,0,0,0,0,0,29
2008,17,78,1,10,18,0,1,0,0,0,10,18,0,1,0,9,18,0,1,0,0,0,0,2,5,0,0,0,0,0,4,2,5,0,0,0,2,5,0,0,2,3,1,0,0,0,0,0,0,0,0,0,0,0,0,0,0,0,0,2,3,1,0,0,0,0,0,0,0,0,0,0,0,0,0,0,0,0,2,3,0,0,0,1,0,0,5,5,0,0,0,0,1,0,5,4,0,0,0,1,0,0,0,30
2008,17,81,1,11,8,1,0,0,0,0,11,8,1,0,0,11,8,1,0,0,0,0,0,11,7,1,0,0,0,0,0,11,8,1,0,0,11,7,1,0,11,5,1,1,0,0,0,0,0,0,0,0,0,0,0,0,0,0,0,11,6,1,0,0,0,0,0,0,0,0,1,0,0,0,0,0,0,0,11,5,1,0,0,2,0,0,12,7,1,0,0,0,0,0,11,6,1,0,1,0,0,0,0,20
2008,18,1,1,730,775,40,49,14,2,2,734,772,37,47,4,709,757,31,40,6,6,5,4,754,728,38,36,0,1,8,11,750,712,41,43,3,736,711,38,41,681,656,99,39,0,3,9,0,31,4,0,2,6,0,7,6,1,7,12,674,650,76,29,12,0,39,4,3,2,5,9,4,3,0,6,1,8,13,659,618,34,28,65,68,1,3,815,774,16,0,0,1,1,4,789,757,15,0,3,9,7,0,2064,1613
2008,18,2,1,887,885,23,45,16,3,4,888,869,19,39,7,859,851,17,35,5,5,7,10,897,841,24,29,0,0,7,18,895,825,24,33,0,871,821,27,43,816,725,73,26,0,5,13,0,45,7,0,11,9,3,5,15,5,2,21,808,733,63,19,12,0,49,6,0,2,4,10,5,4,1,2,5,10,26,794,795,22,18,62,84,3,12,900,931,15,0,0,3,3,6,881,902,15,0,8,3,0,0,2354,1865
2008,18,3,1,598,415,36,39,3,0,2,602,410,37,38,1,577,401,33,32,2,3,8,15,596,401,32,43,0,0,0,5,587,388,36,46,0,583,393,37,44,552,344,65,40,0,5,12,1,22,4,1,1,4,1,4,2,4,3,5,543,349,61,33,11,0,30,1,1,2,3,9,1,1,3,1,0,4,8,527,335,26,28,49,35,7,12,607,457,23,0,0,0,3,2,587,442,23,0,6,5,10,0,1329,1093
2008,18,4,1,137,234,2,4,4,0,2,139,235,2,2,1,135,232,2,0,2,2,1,3,137,230,3,1,0,0,1,1,142,223,3,4,0,136,224,4,1,125,202,6,3,0,2,2,0,2,1,1,1,5,0,6,9,0,0,6,128,207,8,1,3,0,3,3,1,2,0,1,0,1,0,0,1,0,9,120,198,3,1,15,19,0,1,144,237,2,0,0,0,0,0,142,236,1,0,1,0,1,0,526,384
2008,18,5,1,876,864,39,55,14,3,4,888,845,37,44,4,850,829,35,40,2,2,3,8,888,826,33,47,0,0,1,6,888,808,36,50,1,879,810,33,51,812,712,90,38,1,2,17,1,45,4,1,6,19,0,5,11,4,6,18,802,699,81,19,12,0,54,2,5,0,9,11,8,13,1,8,7,8,25,786,679,25,22,75,87,4,15,922,899,18,0,0,5,1,7,890,872,16,0,14,4,6,0,2307,1857
2008,18,6,1,419,491,7,14,4,2,3,424,479,6,11,2,415,476,6,10,1,2,0,0,437,471,9,9,0,0,6,6,442,468,11,8,0,428,462,10,8,403,435,36,6,0,4,7,0,12,0,0,0,1,0,2,2,0,4,2,403,438,30,6,3,0,16,0,0,0,2,1,2,0,0,2,0,3,5,374,429,7,6,30,22,2,0,424,510,5,0,0,0,2,0,420,506,3,0,5,1,1,0,1258,940
2008,18,7,1,731,882,25,42,10,1,7,732,874,26,37,3,718,863,23,33,7,4,3,6,724,852,27,39,0,1,10,8,728,824,29,43,1,719,815,28,45,695,757,73,29,1,2,13,0,14,4,0,2,7,1,0,9,2,4,9,685,760,63,26,10,1,31,7,1,0,1,4,0,3,1,2,1,2,17,679,745,24,26,36,52,0,8,733,939,13,0,0,2,2,4,720,908,14,0,7,8,5,0,2240,1749
2008,18,8,1,403,728,12,16,4,2,1,405,716,12,12,2,395,707,12,10,0,3,1,2,412,707,12,11,0,0,5,6,420,691,12,11,0,407,691,14,14,387,582,30,8,0,1,14,0,16,1,0,1,4,1,1,5,2,0,4,384,655,29,7,11,0,20,0,0,0,1,2,1,3,0,2,0,2,11,381,646,10,7,20,27,4,2,428,720,6,0,0,0,2,2,424,703,5,0,4,4,2,0,1561,1167
2008,18,9,1,446,792,11,30,14,2,1,446,781,10,25,9,432,767,8,22,5,7,1,2,450,779,11,20,0,2,7,1,454,762,12,20,1,441,758,11,20,421,719,37,16,1,1,9,0,16,2,0,1,8,0,2,5,3,6,2,421,711,43,11,9,0,19,1,0,0,7,0,2,2,0,2,2,6,11,412,699,11,11,19,37,0,6,442,834,9,0,0,0,5,4,433,820,8,0,4,2,0,0,1748,1298
2008,18,10,1,919,1058,18,41,12,2,7,926,1037,16,38,4,904,1013,15,36,6,4,1,6,898,1074,13,32,0,0,10,10,928,991,15,38,2,904,991,15,41,856,892,70,32,0,5,17,0,34,1,1,3,14,0,8,9,4,6,19,846,878,68,24,20,0,34,6,0,4,2,7,3,8,2,4,6,11,29,811,858,12,20,80,94,1,12,959,1078,10,0,0,0,6,4,940,1039,9,0,7,21,0,0,2595,2058
2008,18,11,1,546,549,33,21,14,1,3,549,549,31,20,3,533,529,29,15,2,5,3,8,547,523,35,24,0,1,10,4,558,504,35,21,0,540,511,37,26,507,466,75,21,0,5,5,0,18,3,0,1,1,1,3,4,0,0,11,498,465,70,16,6,0,31,2,0,1,4,2,3,0,0,1,1,2,15,495,452,32,14,44,35,2,5,604,528,20,0,0,2,5,3,586,507,19,0,7,4,7,0,1543,1169
2008,18,77,1,17,74,2,1,1,3,1,16,68,2,1,0,16,66,2,1,0,1,0,0,18,64,2,1,0,0,5,0,17,62,3,1,0,17,62,2,1,16,53,3,1,0,1,2,0,1,0,0,0,0,0,0,1,0,0,5,15,42,5,1,0,0,1,0,0,0,0,0,1,0,0,1,0,0,18,15,41,2,1,1,21,0,0,31,57,3,0,0,0,6,1,29,56,3,0,0,0,0,0,0,100
2008,18,78,1,36,60,3,1,0,0,0,33,57,3,1,0,31,53,3,1,0,0,0,0,0,0,0,0,0,0,0,0,0,0,0,0,0,0,0,0,0,0,0,0,0,0,0,0,0,0,0,0,0,0,0,0,0,0,0,0,0,0,0,0,0,0,0,0,0,0,0,0,0,0,0,0,0,0,0,0,0,0,0,0,0,0,0,0,0,0,0,0,0,0,0,0,0,0,0,0,0,0,0,0,103
2008,18,81,1,43,28,1,1,0,1,0,44,27,1,1,0,43,27,1,1,0,1,0,0,47,23,1,2,0,0,1,0,48,23,1,1,0,47,21,1,2,45,23,1,1,0,0,0,0,1,0,0,0,1,0,0,0,0,0,0,43,22,1,1,1,0,1,0,0,0,0,0,1,0,0,0,0,1,1,43,21,1,1,3,2,0,0,50,23,1,0,0,0,0,0,50,23,1,0,0,0,0,0,0,74
2008,19,1,1,1201,1612,81,114,16,1,13,1217,1582,86,95,5,1170,1546,72,87,11,11,7,21,1221,1494,91,125,0,1,16,9,1225,1519,85,113,1,1187,1498,79,136,1080,1295,174,96,1,72,52,1,10,8,2,8,15,3,7,40,8,15,29,1178,1282,166,68,42,0,1,6,3,7,6,27,9,18,0,8,7,11,66,1045,1222,62,66,118,190,12,20,1223,1721,61,0,0,2,11,10,1173,1661,58,0,29,14,11,0,3776,3038
2008,19,2,1,609,739,17,30,15,1,6,613,723,16,25,9,590,706,14,21,4,3,4,6,617,694,19,27,0,2,5,13,631,681,20,24,3,615,670,19,31,572,622,44,28,1,22,13,1,1,2,2,3,12,0,0,6,4,4,10,594,629,45,12,8,0,0,5,1,1,3,8,2,2,1,4,3,1,18,566,598,14,13,41,60,4,8,653,731,18,0,0,1,3,10,635,709,16,0,8,8,2,0,1863,1419
2008,19,3,1,559,756,25,58,10,0,2,573,745,22,45,2,543,720,18,42,5,8,1,9,565,710,32,51,0,2,7,4,573,719,32,46,0,550,699,31,47,525,652,64,39,1,26,22,0,2,4,0,8,15,1,3,9,2,4,7,546,630,69,33,13,0,1,2,0,7,2,8,3,2,1,7,6,0,11,504,600,25,27,43,71,2,9,582,795,15,0,0,1,2,2,568,785,14,0,5,2,2,0,1836,1413
2008,19,4,1,513,680,19,27,2,4,0,518,608,18,25,0,500,653,15,23,2,2,4,3,511,641,25,26,0,0,7,2,511,634,21,25,0,505,629,30,23,481,598,42,16,1,21,7,0,3,2,0,2,15,0,2,2,1,3,2,499,598,44,13,9,0,0,3,0,3,3,3,2,12,1,1,1,2,4,466,571,18,11,33,36,4,10,520,710,8,0,0,0,5,1,504,691,8,0,3,6,6,0,1660,1244
2008,19,5,1,1299,1734,109,110,15,2,6,1330,1708,104,95,3,1264,1661,93,82,11,13,11,21,1352,1591,104,120,0,2,8,13,1368,1591,101,107,2,1299,1584,102,112,1180,1379,235,92,1,78,49,1,8,9,1,15,17,0,10,27,7,10,47,1287,1380,215,63,44,0,3,7,1,11,12,18,8,14,0,9,9,14,54,1139,1292,79,61,129,200,15,28,1351,1833,74,0,0,1,10,7,1309,1773,68,0,18,17,6,0,4067,3276
2008,19,6,1,1029,1259,39,53,19,4,4,1032,1235,40,46,7,993,1204,36,39,6,6,6,9,1087,1174,34,46,0,2,12,9,1046,1187,39,41,0,1017,1177,39,47,969,1095,92,39,1,25,17,1,2,2,0,6,8,0,4,15,3,5,19,995,1108,79,29,8,0,0,7,1,6,4,6,3,8,3,8,8,1,17,951,1054,31,25,54,77,2,9,1062,1307,20,0,0,0,7,7,1034,1273,20,0,11,7,5,0,2941,2409
2008,19,7,1,389,555,17,20,2,0,4,386,545,17,18,0,379,538,15,17,0,3,2,5,406,511,18,19,0,1,6,4,400,513,17,15,0,389,507,20,19,364,330,48,15,0,14,8,0,0,1,1,2,11,0,3,7,1,0,4,379,459,47,11,11,0,0,5,0,0,0,5,0,2,1,0,3,4,9,353,436,16,9,31,55,2,4,380,591,10,0,0,1,3,2,266,585,9,0,0,1,2,0,1236,989
2008,19,8,1,151,71,1,6,2,1,0,149,74,0,5,0,142,70,0,5,1,3,3,0,154,64,4,5,0,0,1,0,156,62,2,4,0,152,64,3,5,147,57,8,2,0,6,2,0,0,0,0,0,0,0,0,1,0,0,0,151,55,7,2,3,0,0,0,0,0,0,0,2,0,0,0,0,0,2,147,52,0,1,3,9,3,2,155,76,0,0,0,0,1,0,150,73,0,0,4,1,0,0,269,232
2008,19,9,1,637,587,10,25,4,2,3,626,583,8,28,0,619,572,6,21,5,2,2,6,649,558,8,21,0,0,4,3,649,555,7,19,0,642,557,8,19,617,515,40,16,1,14,8,0,2,0,0,2,3,0,0,4,0,2,5,631,504,40,14,5,0,0,1,0,1,0,2,1,4,0,1,0,1,11,609,498,6,14,29,44,3,3,670,582,4,0,0,0,4,2,656,570,4,0,2,2,1,0,1615,1267
2008,19,10,1,431,347,8,12,3,0,1,439,339,5,7,1,424,331,4,6,3,5,2,4,446,318,5,13,0,0,3,3,442,321,4,10,0,436,320,4,13,416,291,22,8,0,10,5,0,0,3,0,10,13,0,0,3,0,3,1,422,301,14,6,5,0,0,2,0,3,1,8,2,0,1,2,1,1,12,406,286,3,6,26,15,1,2,436,360,6,0,0,0,0,0,430,354,6,0,1,2,0,0,932,803
2008,19,11,1,141,147,6,14,1,0,1,147,144,7,9,0,140,139,6,9,1,1,0,2,149,135,9,7,0,0,2,2,146,134,8,6,0,141,134,9,8,129,123,20,6,0,12,1,0,0,0,0,1,2,0,0,0,1,0,1,140,122,21,5,1,0,1,0,0,0,1,2,0,0,0,0,0,1,2,128,119,8,5,13,10,0,1,150,155,2,0,0,0,2,1,147,151,2,0,0,2,0,0,357,310
2008,19,12,1,280,203,1,10,6,2,1,280,202,0,10,1,272,196,0,10,1,0,2,7,290,190,1,5,0,0,4,5,281,188,4,6,0,283,190,2,5,271,174,10,4,0,7,4,0,0,0,0,5,1,0,0,2,1,0,6,273,168,9,4,8,0,0,1,0,4,0,0,0,3,0,2,2,3,4,267,165,1,4,9,17,2,1,306,194,1,0,0,0,1,3,299,188,1,0,0,3,2,0,589,506
2008,19,77,1,15,74,0,1,0,2,0,15,69,0,1,0,14,69,0,1,0,1,0,0,13,62,1,1,0,1,3,2,13,60,1,1,0,13,60,1,1,13,55,3,1,0,0,1,0,0,0,0,0,0,0,1,0,0,0,1,13,56,2,1,1,0,0,0,0,0,1,0,0,0,0,0,0,0,8,13,54,1,1,0,4,0,0,26,55,0,0,0,0,4,0,26,55,0,0,0,0,0,0,0,92
2008,19,78,1,27,60,0,4,0,1,0,27,60,0,3,0,27,60,0,3,0,0,0,0,2,12,0,0,0,0,0,12,2,12,0,0,0,2,12,0,0,2,12,0,0,0,1,0,0,0,0,0,0,0,0,0,0,0,0,0,3,12,0,0,0,0,0,0,0,0,0,0,0,0,0,0,0,0,0,2,12,0,0,0,0,0,0,2,12,0,0,0,0,0,13,2,12,0,0,0,0,0,0,0,92
2008,19,81,1,41,25,1,0,0,0,0,40,25,1,0,0,40,25,1,0,0,0,0,0,41,25,1,0,0,0,0,0,41,25,1,0,0,41,25,1,0,41,24,1,0,0,0,0,0,0,0,0,0,0,0,0,0,0,0,1,41,24,1,0,0,0,0,0,0,0,0,0,0,0,0,0,0,0,0,41,24,1,0,0,1,0,0,14,29,5,0,0,0,0,0,14,28,5,0,0,0,0,0,0,67
2008,20,1,1,424,566,11,10,2,1,1,426,558,10,6,0,419,556,10,6,0,1,0,1,440,531,11,7,0,2,5,0,441,533,11,3,0,434,536,11,3,418,529,25,4,0,1,7,0,1,1,0,9,4,0,0,1,0,1,2,407,499,22,3,11,0,1,8,0,16,7,4,2,0,0,2,1,0,1,403,490,10,2,25,40,1,1,480,519,11,0,0,1,2,2,459,504,7,0,10,6,0,0,1242,1016
2008,20,2,1,782,969,21,46,4,1,6,793,964,19,32,3,775,947,14,29,1,3,3,6,792,921,21,61,0,4,8,5,783,922,19,36,3,776,925,19,33,733,848,58,21,0,5,13,1,1,2,0,42,19,1,0,4,1,2,2,718,827,57,17,21,0,10,17,0,45,18,6,0,1,0,1,8,1,3,699,807,12,16,66,87,4,10,853,935,23,0,0,4,2,6,809,893,13,0,21,24,6,0,2116,1829
2008,20,3,1,810,458,13,33,6,0,3,815,455,12,25,4,803,440,11,23,5,4,1,2,818,423,15,43,0,0,6,5,816,419,11,24,0,813,421,11,24,776,382,38,20,0,2,6,0,2,4,1,30,13,0,2,1,0,2,2,773,363,34,19,6,0,4,9,0,32,14,4,0,1,0,2,3,2,3,759,351,11,17,45,55,0,5,858,435,18,0,0,1,4,5,826,393,16,0,20,23,1,0,1534,1327
2008,20,4,1,854,929,18,29,3,4,4,846,919,15,28,0,836,903,14,24,1,1,1,4,851,889,17,38,0,2,9,5,861,869,19,29,0,838,866,20,33,813,816,58,24,0,5,18,9,1,4,2,22,13,1,0,1,1,5,3,799,800,62,19,16,0,6,20,1,35,10,2,0,2,0,2,2,5,1,793,787,16,17,38,56,1,10,920,897,16,0,0,0,4,4,893,850,15,0,10,16,0,0,2272,1844
2008,20,5,1,503,598,15,14,4,1,1,505,590,15,10,0,494,582,13,10,1,2,2,6,515,566,16,19,0,0,3,1,512,561,16,15,0,503,561,17,15,483,535,35,14,0,5,3,0,1,1,0,19,6,0,1,0,0,3,4,479,523,32,11,5,0,0,11,0,14,7,5,0,2,0,2,4,3,0,472,521,16,12,28,24,1,2,586,524,13,0,0,2,1,5,554,504,10,0,11,13,2,0,1334,1136
2008,20,6,1,231,168,12,6,0,0,1,233,166,11,3,0,224,162,11,3,1,0,0,0,231,155,12,6,0,0,3,0,232,154,13,2,0,228,154,12,3,226,132,20,2,0,2,1,1,0,0,1,3,5,0,0,1,0,0,0,218,137,21,2,4,0,3,3,0,7,3,0,0,1,0,1,1,0,0,214,129,12,1,11,19,0,1,247,158,10,0,0,0,1,1,232,154,9,0,7,1,0,0,488,419
2008,20,7,1,1042,1227,27,36,5,2,3,1046,1221,30,30,0,1026,1210,24,25,3,2,4,9,1046,1165,24,60,0,8,7,5,1046,1169,29,36,1,1039,1172,29,39,998,1109,60,33,0,6,10,2,6,3,1,28,30,0,3,0,2,4,4,983,1076,73,23,20,0,3,16,2,48,21,3,0,2,0,3,3,4,4,967,1062,22,22,58,80,3,8,1129,1175,23,0,0,8,5,4,1085,1147,21,0,21,12,3,0,2720,2343
2008,20,8,1,716,509,9,15,1,4,0,708,504,10,12,0,700,497,9,12,1,0,2,2,722,473,7,24,0,0,11,0,723,470,9,19,0,715,472,7,21,689,448,20,17,0,1,8,1,2,0,0,13,7,0,0,0,1,13,1,692,444,18,13,2,0,3,11,0,26,7,3,0,2,0,0,1,0,1,674,432,7,13,38,28,0,3,765,458,7,0,0,2,8,2,738,444,6,0,9,4,1,0,1469,1253
2008,20,9,1,154,132,2,2,1,0,2,155,128,2,3,1,154,127,2,2,0,1,0,0,155,128,2,1,0,1,2,2,154,126,4,1,0,153,128,2,2,146,120,5,1,0,1,1,0,0,2,0,5,2,0,1,0,0,0,0,145,116,3,0,3,0,0,1,0,7,2,0,0,0,0,0,1,0,1,142,115,2,0,10,6,0,0,162,122,3,0,0,0,3,1,156,118,2,0,3,3,0,0,320,293
2008,20,10,1,318,392,5,4,8,1,1,319,394,5,3,0,311,386,5,3,0,4,0,8,320,385,6,8,0,1,2,4,317,387,6,7,0,312,388,6,8,307,364,17,9,0,1,9,1,0,2,0,5,5,0,2,0,2,1,1,307,358,16,4,11,0,0,9,0,6,2,3,0,2,0,1,0,1,1,304,350,6,5,10,30,0,1,330,385,6,0,0,1,1,3,328,376,6,0,2,5,0,0,867,734
2008,20,11,1,112,229,3,3,0,1,0,113,228,4,1,0,111,227,3,1,0,1,0,0,112,226,3,1,0,1,2,0,115,224,3,1,0,113,226,3,1,110,222,5,0,0,0,0,0,0,0,0,2,0,0,0,1,0,1,1,109,219,6,0,0,0,0,1,0,6,1,0,0,0,0,0,1,0,0,107,219,3,0,6,3,0,0,113,228,4,0,0,0,3,0,111,227,4,0,0,0,0,0,424,348
2008,20,12,1,241,297,0,3,0,1,4,240,296,0,2,0,237,291,0,2,0,0,0,0,236,284,0,5,0,13,2,2,246,283,0,2,0,244,285,0,1,233,274,7,2,0,0,1,0,0,1,0,12,4,0,0,0,0,1,0,231,273,9,1,2,0,1,0,0,11,2,1,0,0,0,0,1,0,1,223,265,0,1,18,19,0,0,248,286,0,0,0,2,4,3,241,283,0,0,3,1,1,0,611,546
2008,20,13,1,122,551,4,4,3,1,0,123,522,4,5,1,120,546,4,4,1,3,0,0,130,540,5,7,0,0,1,2,133,534,5,4,0,128,533,6,5,127,519,12,3,0,0,9,0,0,0,0,1,1,0,0,0,0,0,0,125,517,11,3,2,0,0,4,0,5,0,0,0,0,0,0,2,0,1,125,516,5,3,1,12,0,0,158,519,4,0,0,0,2,2,150,513,4,0,2,6,0,0,771,685
2008,20,14,1,765,1050,16,23,5,2,1,772,1037,20,13,1,745,1025,13,11,4,7,7,5,786,999,20,27,0,0,10,5,780,993,22,18,0,772,992,19,19,744,949,44,17,0,6,10,1,2,8,0,13,15,0,0,0,0,1,4,732,930,52,10,6,0,4,23,0,23,12,6,1,0,0,0,1,1,2,728,910,16,11,32,66,5,4,812,1021,12,0,0,4,6,4,786,984,12,0,12,13,3,0,2224,1867
2008,20,15,1,1155,1320,30,30,11,3,4,1157,1300,34,24,3,1136,1282,26,23,4,3,6,2,1182,1259,27,39,0,2,8,5,1160,1247,28,38,0,1150,1257,29,39,1086,1166,75,29,0,8,30,0,2,5,0,48,10,0,3,2,1,7,10,1081,1110,67,25,14,1,4,33,0,60,33,1,1,4,1,9,3,5,16,1052,1097,27,24,84,94,3,6,1213,1293,26,0,0,1,11,4,1172,1254,23,0,15,15,3,0,3068,2551
2008,20,77,1,9,41,1,1,0,2,0,8,39,1,2,0,8,37,1,1,1,0,0,0,8,40,1,1,0,0,2,0,8,37,2,1,0,9,37,1,2,7,34,4,1,0,0,2,0,0,0,0,0,0,0,0,1,1,0,0,7,33,3,1,0,0,1,5,0,0,0,0,0,1,0,0,0,0,0,7,32,1,1,1,5,0,0,10,36,2,0,0,0,0,0,10,34,2,0,0,1,0,0,0,54
2008,20,78,1,23,35,0,0,0,0,0,23,30,0,0,0,23,30,0,0,0,0,0,0,6,3,0,0,0,0,1,3,6,4,0,0,0,6,4,0,0,6,3,0,0,0,0,0,0,0,0,0,0,0,0,0,0,0,0,0,6,3,0,0,0,0,0,0,0,0,0,0,0,0,0,0,0,0,0,6,3,0,0,0,0,0,0,4,4,0,0,0,0,1,6,4,4,0,0,0,0,0,0,0,58
2008,20,79,1,0,0,0,0,0,0,0,0,0,0,0,0,0,0,0,0,0,0,0,0,0,0,0,0,0,0,0,0,0,0,0,0,0,0,0,0,0,0,0,0,0,0,0,0,0,0,0,0,0,0,0,0,0,0,0,0,0,0,0,0,0,0,0,0,0,0,0,0,0,0,0,0,0,0,0,0,0,0,0,0,0,0,0,0,1,0,0,0,0,0,0,0,1,0,0,0,0,0,0,0,0
2008,20,81,1,98,100,4,2,1,1,0,97,100,4,2,1,97,99,4,2,0,0,0,0,99,97,5,1,0,1,1,0,98,97,5,1,0,97,99,5,1,98,94,5,1,0,0,1,0,0,1,0,0,0,0,0,0,0,0,1,97,94,5,1,0,0,0,1,0,0,0,0,0,0,0,1,0,1,0,96,92,5,1,1,4,0,0,103,93,3,0,0,0,1,0,102,90,2,0,1,3,0,0,0,206
2008,21,1,1,137,174,6,13,6,0,3,142,170,5,9,3,131,167,4,9,1,1,1,1,141,165,5,9,0,0,3,3,138,166,6,7,0,132,175,8,6,132,154,19,8,0,1,0,0,1,0,0,1,4,0,1,2,0,1,2,114,140,18,6,7,0,2,1,0,2,2,3,3,0,0,2,6,8,4,113,139,3,5,18,22,2,2,127,204,5,0,0,0,1,3,113,190,4,0,0,5,0,0,440,340
2008,21,2,1,398,717,22,38,10,4,5,401,699,25,35,6,387,685,22,34,1,5,3,2,413,669,30,40,0,0,13,3,414,663,30,40,0,394,673,35,41,392,612,71,25,0,2,2,0,5,6,0,2,10,0,4,10,4,1,6,363,589,62,16,8,0,1,2,4,6,3,8,4,5,1,2,16,31,16,353,574,24,16,39,56,2,12,380,764,34,0,0,0,7,4,361,732,32,0,3,16,2,0,1609,1192
2008,21,3,1,436,966,38,40,11,2,7,445,951,41,37,2,429,943,35,35,2,8,3,5,430,926,40,55,0,0,12,13,435,915,37,57,0,417,925,42,57,423,831,74,42,0,1,2,0,7,14,1,0,17,0,2,8,4,6,5,386,783,75,34,36,0,3,4,0,3,6,3,2,5,0,3,31,37,20,377,769,32,33,37,108,2,11,383,1031,65,0,0,1,5,10,362,979,48,0,16,29,11,0,1960,1503
2008,21,4,1,199,514,15,29,5,0,1,205,513,12,26,0,194,497,11,24,4,3,4,4,207,490,13,28,0,1,5,3,213,491,11,28,0,204,486,13,29,197,435,42,19,0,3,4,0,0,9,0,1,8,0,0,13,2,1,3,174,419,36,12,15,0,6,2,3,0,3,7,1,1,0,2,23,18,7,174,408,9,10,23,58,2,7,178,561,17,0,0,2,5,1,177,545,15,0,8,2,1,0,910,765
2008,21,5,1,837,1347,51,69,16,2,11,858,1334,49,61,7,826,1302,45,58,3,7,2,6,857,1280,47,73,0,1,10,5,843,1271,47,72,3,824,1299,61,69,820,1134,112,55,0,3,6,1,8,20,1,7,42,1,6,22,7,2,9,757,1069,109,42,24,0,9,12,6,6,31,5,7,14,0,6,41,66,38,747,1055,41,40,72,146,4,17,770,1477,64,0,0,5,7,7,737,1416,57,0,16,15,3,0,3026,2338
2008,21,6,1,277,531,18,29,4,1,3,279,528,19,23,3,271,519,17,22,3,0,0,3,284,494,21,21,0,1,5,5,285,496,22,17,0,282,497,21,21,273,442,52,14,0,2,1,0,6,5,0,1,7,0,1,14,1,2,1,261,438,46,13,4,0,1,1,1,1,2,4,7,0,0,0,9,15,17,258,425,18,13,15,42,3,3,267,555,32,0,0,0,0,4,261,544,30,0,2,4,1,0,1099,865
2008,21,7,1,502,771,19,37,11,1,2,502,767,20,35,2,491,752,17,30,2,6,0,7,492,723,24,36,0,1,4,4,490,735,27,36,2,473,732,58,35,470,666,68,34,1,4,3,0,12,10,0,1,14,0,1,12,2,0,8,449,634,60,27,8,0,9,3,2,6,11,5,8,4,0,3,20,22,28,433,623,21,24,35,61,6,9,436,868,22,0,0,2,2,2,428,833,22,0,4,22,0,0,1733,1342
2008,21,8,1,637,950,28,37,11,1,2,643,940,23,33,3,615,916,21,31,6,13,6,6,635,886,22,50,0,2,11,6,636,889,23,42,0,612,918,22,46,604,817,72,29,0,7,2,0,13,13,0,5,20,2,4,11,2,4,5,572,793,65,27,9,0,3,7,2,2,8,2,10,11,0,5,21,39,14,557,772,20,25,48,81,3,9,601,1022,21,0,0,0,12,8,585,994,20,0,4,9,1,0,2086,1673
2008,21,77,1,6,50,3,1,1,2,0,6,50,3,1,1,6,50,3,1,0,0,0,0,7,47,3,1,0,0,2,1,6,48,3,0,0,6,48,4,1,5,45,3,1,0,0,0,0,0,0,0,0,0,0,0,1,1,0,0,5,44,3,0,0,0,0,0,1,0,0,1,0,0,0,0,2,0,0,6,44,3,0,0,3,0,1,9,48,2,0,0,0,2,0,9,47,1,0,0,1,0,0,0,63
2008,21,78,1,14,34,0,0,0,0,0,16,31,0,0,0,13,31,0,0,0,0,0,0,9,11,0,0,0,0,0,2,11,11,0,0,0,12,13,0,0,6,11,0,0,0,0,0,0,0,0,0,0,1,0,0,0,0,0,0,6,6,0,0,0,0,0,0,0,0,0,0,0,0,0,0,0,0,0,6,6,0,0,0,0,0,0,6,9,0,0,0,0,0,11,6,9,0,0,0,0,0,0,0,48
2008,21,81,1,5,9,0,0,0,0,0,5,9,0,0,0,5,9,0,0,0,0,0,0,5,9,0,0,0,0,0,0,5,9,0,0,0,5,9,0,0,5,9,0,0,0,0,0,0,0,0,0,0,0,0,0,0,0,0,0,5,9,0,0,0,0,0,0,0,0,0,0,0,0,0,0,0,0,0,5,9,0,0,0,0,0,0,5,9,0,0,0,0,0,0,5,9,0,0,0,0,0,0,0,14
2008,22,1,1,434,645,16,22,7,2,6,434,640,13,22,1,427,627,13,19,2,3,0,1,446,606,19,15,0,1,12,4,431,606,19,19,0,424,615,18,16,405,566,39,13,0,4,0,1,1,4,1,2,10,0,1,8,0,15,1,401,544,41,12,5,0,1,3,2,4,5,2,1,5,0,13,18,0,3,395,533,16,9,30,53,1,5,389,700,18,0,0,1,9,7,379,676,19,0,8,2,1,0,1523,1133
2008,22,2,1,145,266,6,13,2,1,1,146,260,4,11,1,136,252,4,10,0,1,1,1,153,259,4,8,0,0,1,2,144,251,8,11,0,143,255,7,13,136,229,20,7,0,0,4,0,0,2,0,0,0,0,2,2,1,9,6,130,207,22,6,6,0,3,3,1,1,3,0,1,0,0,15,10,0,6,128,205,3,6,12,34,2,1,135,289,8,0,0,0,2,1,123,275,8,0,5,3,0,0,542,435
2008,22,3,1,417,824,31,54,8,4,2,425,819,27,46,3,405,807,27,45,2,3,4,6,435,799,27,43,0,1,12,2,426,786,31,43,1,410,808,33,43,374,716,68,30,0,6,3,1,2,19,6,4,13,0,5,14,1,29,4,350,680,65,26,20,0,8,4,0,3,4,10,2,4,0,55,22,0,18,345,657,24,26,56,95,4,10,394,903,27,0,0,2,8,3,380,878,26,0,7,11,5,0,1625,1344
2008,22,4,1,338,375,14,19,7,0,0,339,368,13,21,4,328,359,12,16,0,3,3,5,351,365,13,15,0,0,0,1,338,364,17,16,0,330,372,14,18,302,327,35,11,0,3,4,0,1,7,2,1,10,0,3,9,2,21,1,295,304,44,8,11,0,4,3,0,5,8,0,1,0,1,29,18,0,6,291,295,10,7,36,49,5,5,291,434,18,0,0,2,2,7,288,427,17,0,1,3,1,0,911,756
2008,22,5,1,447,576,24,35,7,3,3,449,564,22,32,3,430,547,23,28,2,2,3,10,463,534,21,30,0,1,5,10,449,536,23,29,0,437,541,28,31,406,494,54,20,0,1,2,2,0,7,3,3,3,0,4,18,1,30,2,391,477,56,20,20,0,2,2,2,3,2,4,5,4,0,34,11,0,11,386,453,18,18,46,70,3,8,413,631,36,0,0,0,11,5,393,590,29,0,12,13,7,0,1495,1097
2008,22,6,1,464,767,13,28,5,1,4,453,736,12,25,2,443,731,11,27,3,0,1,2,536,676,13,15,0,4,6,4,455,709,13,21,0,450,715,18,16,434,663,49,14,0,8,3,0,3,10,3,1,5,0,2,8,0,22,6,439,649,43,9,6,0,5,11,0,3,4,5,1,4,0,21,16,1,13,412,618,9,8,36,63,6,8,417,835,14,0,0,1,5,4,402,806,13,0,9,9,0,0,1859,1284
2008,22,7,1,352,627,7,16,2,1,3,354,626,8,10,0,343,611,5,10,0,3,3,4,340,613,8,14,0,9,4,3,336,604,11,16,0,334,614,14,12,316,548,30,9,1,0,3,0,3,18,1,0,5,0,4,9,0,18,4,308,534,27,11,7,1,4,3,0,2,8,5,5,3,0,20,15,0,9,301,516,6,8,30,68,3,2,324,658,13,0,0,1,4,4,311,645,11,0,2,9,2,0,1239,1010
2008,22,8,1,566,858,35,40,9,4,4,569,841,34,41,0,550,834,31,35,4,6,3,4,591,813,39,29,0,0,9,5,560,818,41,32,1,552,823,45,29,511,747,87,25,1,2,3,1,4,7,0,6,17,0,5,11,0,26,6,496,721,82,20,17,1,6,4,1,3,13,4,4,3,0,40,20,0,10,487,700,33,15,57,93,4,10,541,903,51,0,0,5,9,6,526,873,45,0,7,14,0,0,2007,1515
2008,22,9,1,477,714,18,27,7,3,4,479,702,16,21,0,467,690,14,18,6,5,4,4,515,654,18,15,0,1,11,8,482,677,20,17,1,462,679,24,19,441,643,49,17,0,7,3,2,3,4,3,0,2,0,2,3,2,19,3,431,598,44,13,10,0,2,3,2,6,7,6,1,3,0,33,16,1,12,425,565,16,12,35,75,2,3,478,732,16,0,0,0,11,6,458,707,15,0,11,10,4,0,1651,1252
2008,22,10,1,735,1265,18,56,17,1,4,751,1249,16,48,8,721,1228,14,45,6,7,4,2,767,1213,24,42,0,2,8,5,744,1199,25,44,4,729,1215,24,43,686,1115,74,37,0,5,1,3,2,11,3,6,15,0,8,20,1,33,4,674,1072,73,37,18,0,7,7,0,7,8,8,3,1,0,42,26,1,26,662,1044,19,32,60,110,2,7,763,1318,32,0,0,3,6,6,718,1284,31,0,7,9,4,0,2663,2100
2008,22,11,1,478,807,8,11,2,4,4,478,789,7,7,1,466,780,7,4,0,2,0,1,493,757,5,8,0,1,6,2,474,757,6,9,0,459,791,7,9,453,733,30,8,0,2,1,1,0,7,0,0,5,0,1,6,0,9,1,436,709,34,7,4,0,3,1,1,5,2,0,2,2,0,15,20,1,13,426,699,5,7,36,46,0,0,446,842,5,0,0,7,8,2,436,822,5,0,5,9,0,0,1697,1311
2008,22,77,1,17,97,3,1,0,1,0,17,91,3,1,0,17,91,3,1,0,0,0,0,20,80,3,1,0,1,2,0,18,81,3,1,0,17,81,4,1,13,76,5,1,0,1,0,0,1,2,0,0,0,0,1,2,1,2,1,13,63,6,1,2,0,0,0,0,0,1,0,1,0,0,0,18,0,0,11,62,3,1,6,17,0,0,13,100,3,0,0,0,1,0,13,94,3,0,0,0,0,0,0,119
2008,22,78,1,20,41,1,0,0,0,0,20,39,0,0,1,20,37,0,0,0,1,0,0,2,12,0,0,0,0,0,2,4,14,0,0,0,4,14,1,1,2,11,0,0,0,0,0,0,0,0,0,0,0,0,0,0,0,1,0,2,11,0,0,0,0,1,0,0,0,0,0,0,0,0,0,0,0,0,2,11,0,0,0,1,0,0,2,13,0,0,0,0,0,7,2,11,0,0,0,0,0,0,0,62
2008,22,81,1,18,11,0,0,0,0,0,18,9,0,0,0,18,0,0,0,9,0,0,0,18,9,0,0,0,0,0,0,18,9,0,0,0,18,9,0,0,18,8,0,0,0,0,0,0,0,1,0,0,0,0,0,0,0,0,0,18,8,0,0,0,0,0,0,0,0,1,0,0,0,0,2,0,0,0,18,8,0,0,0,1,0,0,20,9,0,0,0,0,0,0,18,9,0,0,0,0,0,0,0,29
2008,23,1,1,867,825,17,23,8,3,7,863,817,19,22,0,848,805,15,20,2,8,3,2,838,841,13,13,0,0,9,8,855,784,18,18,0,828,843,13,16,813,743,48,13,0,2,7,0,0,3,5,4,13,0,21,6,0,4,10,809,733,57,11,9,0,2,3,1,1,4,5,28,18,0,0,11,3,0,777,719,11,8,56,50,3,5,864,851,12,0,0,3,7,10,832,811,12,0,12,11,0,0,2207,1752
2008,23,2,1,877,1021,13,25,3,3,1,878,999,11,22,0,858,985,12,21,5,1,3,8,876,1000,14,23,0,1,11,3,885,958,12,22,0,858,994,12,21,835,878,47,20,0,5,11,1,3,16,4,1,11,2,24,5,0,3,14,829,864,52,17,11,0,5,5,0,1,0,4,33,25,0,2,18,5,4,806,854,11,16,58,75,3,3,894,1018,8,0,0,1,5,6,867,970,6,0,13,15,0,0,2409,1948
2008,23,3,1,250,686,14,19,5,2,1,256,666,12,21,1,243,654,12,17,3,2,2,7,237,689,17,11,0,1,6,3,250,649,18,14,0,241,672,17,17,228,601,31,9,0,4,6,0,1,8,1,3,12,1,17,0,2,3,12,223,579,35,6,7,0,0,7,0,1,1,2,27,18,1,0,13,1,4,217,573,14,5,23,55,3,8,281,673,13,0,0,1,2,8,264,634,11,0,4,9,2,0,1224,980
2008,23,4,1,512,542,18,35,7,0,3,516,546,15,29,2,504,533,15,23,2,4,3,10,489,567,15,20,0,1,1,1,516,527,14,24,0,489,564,13,25,479,472,40,18,0,2,6,0,1,10,2,6,12,1,18,1,0,4,13,473,456,46,17,16,0,5,2,0,0,1,6,28,15,0,1,12,3,3,456,450,11,16,45,60,4,2,512,577,14,0,0,4,4,3,501,556,13,0,9,7,2,0,1391,1117
2008,23,5,1,709,962,20,21,10,1,5,712,955,16,18,4,689,934,16,16,2,5,2,4,690,957,16,22,0,4,3,8,696,927,16,26,4,680,965,16,21,685,856,45,19,0,3,12,1,0,5,0,0,5,3,16,2,0,4,20,662,838,53,17,14,1,10,6,1,3,6,0,18,13,1,1,31,3,1,642,816,14,15,44,84,2,7,735,960,12,0,0,1,7,10,719,933,10,0,6,14,3,0,2081,1729
2008,23,6,1,573,513,6,13,6,3,1,574,508,6,10,1,563,504,5,10,2,1,0,4,562,519,3,5,0,0,8,2,575,486,5,5,0,561,514,5,5,550,457,16,4,0,0,2,0,2,1,1,1,11,0,18,1,0,3,11,543,447,19,5,6,0,1,1,0,1,0,2,23,20,0,0,7,0,1,532,444,3,4,36,35,0,0,544,556,3,0,0,0,8,1,528,533,2,0,11,1,0,0,1343,1115
2008,23,7,1,189,664,5,16,4,4,2,189,659,6,16,1,185,648,5,12,1,6,1,2,176,669,9,10,0,0,7,0,189,629,9,16,0,180,650,9,14,172,596,18,12,0,0,6,2,1,3,3,5,5,3,12,5,0,0,11,166,578,21,8,14,0,2,1,0,0,3,3,15,11,1,2,14,1,4,161,571,7,8,18,50,1,2,220,647,5,0,0,4,3,1,200,615,3,0,5,15,3,0,1031,883
2008,23,8,1,31,63,0,1,0,0,0,31,63,0,1,0,31,63,0,1,0,0,0,0,35,59,0,1,0,0,0,0,35,58,0,1,0,35,58,0,1,34,51,2,1,0,0,1,0,0,0,0,0,0,0,2,0,0,0,3,34,51,2,1,0,0,0,0,0,0,1,0,2,2,0,0,0,0,0,34,51,0,1,1,6,0,0,35,59,0,0,0,0,0,0,34,59,0,0,0,0,0,0,106,95
2008,23,9,1,374,422,4,17,0,2,0,375,414,5,15,0,371,410,3,15,0,0,2,2,376,415,6,11,0,0,6,0,378,402,6,11,0,376,407,8,12,369,377,17,10,0,1,3,0,0,2,3,1,4,0,7,1,0,1,5,361,370,22,9,4,0,1,0,1,0,0,0,9,9,0,2,4,1,1,358,368,5,9,19,26,1,2,404,402,5,0,0,0,3,2,393,387,4,0,5,3,0,0,978,819
2008,23,10,1,120,170,4,2,0,1,0,122,167,5,2,0,120,167,4,2,0,0,0,0,118,168,4,0,0,0,3,0,120,161,4,0,0,117,165,4,0,117,150,8,0,0,0,0,1,0,2,0,0,3,0,2,3,0,0,1,109,149,7,0,4,0,0,0,0,1,0,0,11,2,0,0,6,0,0,109,147,3,0,8,11,1,0,125,166,3,0,0,0,2,0,125,164,3,0,0,1,0,0,353,297
2008,23,11,1,404,736,40,26,5,2,1,410,724,38,21,0,398,712,36,19,2,3,2,3,402,759,36,18,0,0,4,1,412,728,36,22,0,401,758,34,17,387,654,69,15,1,2,6,1,3,12,1,2,3,0,14,6,0,0,15,379,640,60,13,10,0,2,7,0,0,10,4,16,9,0,2,26,0,0,370,627,31,8,26,69,4,7,417,761,30,0,0,0,3,1,386,727,29,0,15,13,7,0,1567,1215
2008,23,77,1,8,29,0,0,1,0,0,8,27,1,0,0,8,27,0,0,0,0,1,0,8,24,1,0,0,0,0,0,9,25,1,0,0,8,24,1,0,7,21,1,0,0,0,1,0,0,0,0,0,0,0,0,0,0,0,1,8,18,2,0,1,0,0,0,0,0,0,0,0,5,0,0,0,0,0,7,18,1,0,1,5,0,0,11,23,2,0,0,0,0,0,11,21,2,0,0,0,0,0,0,38
2008,23,78,1,17,33,3,1,0,0,0,17,33,3,1,0,17,32,3,1,0,0,0,0,5,8,1,0,0,0,0,4,5,8,1,0,0,5,8,1,0,4,8,2,0,0,0,0,0,0,0,0,0,0,0,0,0,0,0,0,4,6,2,0,0,0,0,2,0,0,0,0,0,0,0,0,0,0,0,4,8,1,0,1,0,0,0,5,8,0,0,0,0,0,5,5,8,0,0,0,0,0,0,0,54
2008,23,81,1,42,83,5,2,1,0,0,43,82,5,2,0,42,82,5,2,0,0,0,0,42,84,5,2,0,0,0,0,41,80,5,3,0,42,83,5,2,42,80,6,2,0,0,0,0,0,1,0,0,0,0,0,0,0,0,1,42,77,5,2,0,0,0,1,0,0,1,0,0,3,0,0,1,0,0,41,76,5,2,1,3,0,0,43,85,5,0,0,0,0,0,42,83,5,0,0,1,0,0,0,133
2008,24,1,1,294,556,7,13,1,1,1,293,546,7,11,0,289,538,4,11,1,4,0,2,310,507,10,11,0,1,2,8,313,502,10,8,0,306,517,9,10,287,453,24,7,0,5,14,0,0,9,0,14,1,1,1,9,0,5,0,285,435,20,8,5,0,1,3,0,15,18,2,1,22,0,4,3,1,2,278,422,8,7,27,53,0,0,365,487,11,0,0,1,5,4,337,464,8,0,10,2,0,0,1093,873
2008,24,2,1,581,800,28,36,7,0,3,577,784,26,32,4,563,773,25,30,4,3,0,4,577,762,28,30,0,1,15,5,575,738,28,31,0,572,767,30,23,534,692,67,28,0,2,13,0,4,6,4,17,1,1,1,5,1,12,3,544,675,64,21,13,0,3,6,3,17,11,3,0,11,0,5,4,1,3,522,665,24,21,41,51,4,9,664,762,14,0,0,1,6,6,633,734,14,0,3,6,0,0,1841,1458
2008,24,3,1,666,959,52,40,6,6,2,662,940,56,33,1,643,932,47,28,2,6,3,6,654,887,47,37,0,0,22,4,654,862,58,35,0,627,923,54,37,602,777,115,27,0,2,14,2,1,10,8,29,4,1,1,20,1,7,2,594,751,113,22,12,0,4,1,3,44,31,3,0,24,1,4,3,4,7,576,743,49,21,56,89,3,5,839,831,38,0,0,6,12,3,778,805,37,0,7,16,4,0,2186,1731
2008,24,4,1,475,767,24,15,5,2,4,475,752,23,11,1,466,743,22,11,1,2,0,2,478,728,27,15,0,0,14,6,476,709,27,13,0,470,728,30,9,441,658,52,8,0,3,9,0,3,10,2,24,2,1,0,15,0,4,0,442,633,48,6,13,0,5,11,0,24,18,1,0,14,1,3,2,1,0,432,619,26,5,31,75,0,3,562,690,24,0,0,4,6,3,520,657,24,0,4,12,1,0,1640,1292
2008,24,5,1,332,496,17,13,4,6,2,332,481,19,14,1,324,475,17,11,4,0,3,1,333,462,17,15,0,0,13,6,337,438,20,16,0,327,466,21,15,301,420,39,9,0,5,7,0,3,4,3,17,2,0,0,4,0,5,1,304,409,41,9,3,0,0,2,1,25,8,3,0,6,0,0,2,3,3,295,402,15,9,30,28,3,2,442,400,19,0,0,4,1,2,400,387,18,0,8,11,1,0,1090,870
2008,24,6,1,138,333,10,3,1,1,2,143,323,9,3,0,133,317,9,3,0,2,0,2,137,307,8,6,0,0,5,2,141,302,8,7,2,134,310,8,6,127,270,16,5,1,4,6,0,2,3,0,17,0,0,2,3,0,2,0,130,254,18,5,8,0,0,3,0,20,12,0,1,6,0,2,1,1,1,122,247,8,5,14,32,0,1,176,297,10,0,0,1,3,1,162,286,9,0,3,3,0,0,582,489
2008,24,7,1,139,295,12,14,3,0,0,139,293,11,10,1,134,289,10,8,1,2,4,0,138,280,17,8,0,0,4,0,140,274,17,10,0,137,283,15,9,122,249,34,9,0,0,2,0,2,3,1,10,3,0,1,6,0,0,5,120,243,36,6,4,0,0,0,0,13,9,3,0,5,1,0,1,0,0,116,242,14,6,17,22,3,2,151,301,4,0,0,0,2,3,149,292,4,0,1,1,2,0,517,463
2008,24,77,1,3,20,1,0,0,2,2,4,17,1,0,0,3,17,1,0,0,0,0,0,2,16,0,0,0,0,4,2,2,16,0,0,0,2,16,0,0,2,16,0,0,0,0,0,0,2,1,0,0,0,0,0,0,0,0,0,2,14,0,0,0,0,0,0,0,0,4,0,0,0,0,0,0,0,1,2,14,0,0,0,2,0,0,6,17,0,0,0,0,2,2,6,16,0,0,0,0,0,0,0,28
2008,24,78,1,8,22,3,1,0,0,0,8,21,3,1,0,8,21,3,1,0,1,0,0,3,6,1,0,0,0,0,3,3,6,1,0,0,3,6,1,0,3,6,1,0,0,0,0,0,0,0,0,0,0,0,0,0,0,0,0,3,6,1,0,0,0,0,0,0,0,0,0,0,0,0,0,0,0,0,3,6,1,0,0,0,0,0,3,5,1,0,0,0,0,4,3,5,1,0,0,0,0,0,0,34
2008,24,81,1,77,103,4,2,0,2,2,78,101,3,2,0,77,101,3,2,0,0,0,0,74,102,3,3,0,0,4,3,72,98,4,3,0,72,99,4,3,72,97,5,3,0,0,0,0,0,0,0,1,1,0,0,2,0,0,0,71,93,4,3,1,0,0,0,0,1,1,0,0,2,0,1,0,1,0,71,93,3,3,1,5,1,0,80,99,4,0,0,0,2,2,77,97,4,0,0,1,0,0,0,190
2008,25,1,1,930,1084,40,73,11,4,2,940,1065,39,70,3,917,1041,33,60,3,11,10,11,967,1010,34,71,0,1,11,8,973,1014,39,67,0,962,981,37,71,906,884,113,41,0,6,20,0,2,7,5,2,29,3,52,3,0,4,10,885,854,111,41,20,0,10,28,1,4,26,7,65,7,2,1,8,3,8,857,827,28,37,88,99,4,17,1446,638,44,0,0,1,4,5,1282,627,38,0,106,26,4,0,2654,2145
2008,25,2,1,474,529,11,44,8,3,3,481,510,11,38,4,468,501,10,36,5,3,0,2,510,475,13,27,0,2,10,7,498,486,14,30,1,501,469,15,28,463,429,51,22,0,3,8,1,2,4,0,2,7,0,27,2,0,1,1,459,420,43,21,10,0,4,6,0,3,15,1,30,1,0,0,4,4,1,444,411,12,20,44,31,3,4,779,268,7,0,0,3,7,8,724,256,5,0,22,24,2,0,1395,1075
2008,25,3,1,609,665,18,35,4,2,4,623,651,17,28,0,603,642,15,24,9,6,1,6,627,632,15,21,0,0,2,10,630,624,17,22,0,627,614,15,20,588,553,63,13,1,3,8,1,6,4,1,0,7,2,27,1,1,1,8,577,534,57,13,14,1,1,14,0,3,18,3,35,1,0,1,4,1,5,567,531,12,12,48,65,2,7,886,521,15,0,0,2,4,5,795,409,14,0,55,17,1,0,1734,1337
2008,25,4,1,617,843,29,35,9,6,4,621,829,25,29,4,600,810,23,25,4,6,2,7,639,780,25,23,0,0,24,10,647,769,25,22,0,633,774,24,25,591,716,78,18,1,4,11,0,2,5,0,1,13,1,28,1,0,3,5,571,681,75,15,14,0,9,12,0,2,22,5,31,1,0,0,6,7,2,563,669,22,15,59,79,0,5,1021,493,13,0,0,0,8,11,961,477,11,0,17,19,2,0,1994,1548
2008,25,5,1,767,840,27,48,10,2,11,768,818,29,44,3,747,787,24,38,3,3,2,16,788,737,32,49,0,1,19,16,799,738,29,49,0,785,722,31,55,741,632,88,28,0,8,19,4,3,6,2,2,20,3,37,3,1,1,15,736,602,85,27,14,0,9,28,1,7,32,8,50,3,0,1,8,4,5,704,589,23,25,61,82,4,18,1231,418,23,0,0,6,9,12,1121,404,21,0,43,35,4,0,2229,1706
2008,25,6,1,590,766,19,34,18,1,9,593,745,18,30,3,570,728,14,28,6,3,0,5,620,693,17,34,0,3,16,14,618,697,19,35,2,612,677,18,38,572,612,64,25,0,4,7,3,1,4,0,2,10,2,35,1,0,2,8,550,587,61,23,12,0,8,16,0,4,17,2,38,1,0,1,6,2,7,536,580,13,22,63,69,2,6,966,418,15,0,0,8,8,13,867,403,12,0,50,26,2,0,1955,1439
2008,25,7,1,673,716,16,37,2,1,9,675,688,18,30,1,653,674,14,26,7,4,1,8,714,629,17,29,0,0,12,3,710,644,18,28,0,703,625,16,29,653,558,60,19,0,6,17,1,3,8,2,2,14,1,44,1,0,1,2,637,547,63,16,13,0,6,21,1,5,14,1,37,0,0,0,4,5,6,626,534,14,16,64,51,3,6,1049,377,8,0,0,3,5,7,954,370,8,0,36,16,0,0,1828,1455
2008,25,8,1,660,641,21,40,2,3,1,660,619,19,39,1,642,600,19,34,4,7,1,7,711,530,18,38,0,0,15,1,707,533,19,36,0,700,518,17,38,661,459,71,27,0,6,10,0,1,2,1,3,12,0,21,0,0,4,9,647,451,69,25,10,0,4,17,0,2,13,2,28,2,0,2,3,1,2,633,439,16,25,54,47,2,6,1024,317,16,0,0,0,8,1,915,303,11,0,59,13,6,0,1783,1370
2008,25,9,1,472,494,6,12,4,3,3,469,493,5,10,0,462,480,4,9,7,5,0,1,483,462,7,13,0,0,7,4,487,465,9,10,0,486,460,9,11,468,426,31,8,0,1,6,1,1,5,0,1,5,1,10,1,0,0,4,464,424,31,6,6,0,4,7,0,0,7,0,15,1,0,0,1,0,0,456,420,7,6,20,22,0,3,694,289,4,0,0,0,3,6,654,284,4,0,10,7,0,0,1294,1000
2008,25,77,1,22,64,0,3,1,2,0,21,64,0,3,0,21,61,0,3,0,1,0,0,23,55,0,2,0,0,3,0,23,54,0,2,0,23,54,0,2,21,51,4,2,0,0,4,0,0,0,1,0,0,0,0,0,0,0,0,20,46,3,2,0,0,0,9,0,0,0,0,0,0,0,0,0,0,0,20,52,0,2,3,2,0,0,53,33,0,0,0,0,3,0,52,33,0,0,0,0,0,0,0,92
2008,25,78,1,29,34,1,2,0,0,1,28,33,0,2,0,28,32,0,2,0,0,0,0,12,9,0,0,0,0,0,0,12,11,0,0,0,12,11,0,0,10,6,0,0,0,0,0,0,1,1,0,0,0,0,0,0,0,1,0,9,6,0,0,1,0,0,0,0,0,1,0,0,0,0,0,0,0,0,9,6,0,0,2,1,0,0,12,5,1,0,0,0,0,0,12,5,1,0,0,0,0,0,0,67
2008,25,81,1,116,31,4,2,0,2,0,113,32,3,2,0,113,30,3,2,0,0,0,0,116,27,3,2,0,0,3,1,118,26,3,2,0,119,24,3,2,113,25,6,2,0,0,0,0,0,1,0,0,1,0,3,0,0,0,0,113,25,5,2,0,0,1,0,0,0,1,0,3,0,0,0,0,0,0,112,24,3,2,4,1,0,0,134,15,2,0,0,0,3,1,131,15,2,0,1,0,0,0,0,155
2008,26,1,1,678,953,38,45,22,1,3,680,960,31,38,7,664,944,30,35,6,10,2,8,683,900,36,34,0,2,13,3,695,916,37,30,2,680,907,34,33,657,834,70,20,1,1,16,1,6,1,2,4,11,4,5,9,0,1,17,633,839,75,20,4,0,2,7,4,9,7,6,8,6,1,2,0,25,27,620,810,29,20,52,58,2,9,795,880,35,0,0,16,9,2,763,851,30,0,9,17,5,0,2357,1741
2008,26,2,1,181,209,14,8,7,0,1,182,209,12,8,3,175,203,9,8,1,1,1,1,185,204,12,7,0,0,2,1,185,204,13,7,0,183,204,11,8,173,184,28,7,0,0,2,0,1,0,0,1,3,2,0,4,0,0,3,168,172,28,5,3,0,1,0,0,0,1,3,1,2,0,1,0,3,6,167,174,11,5,11,16,1,2,206,193,10,0,0,8,2,1,203,191,9,0,0,3,2,0,532,422
2008,26,3,1,1007,1575,61,80,19,3,7,1034,1544,61,67,3,988,1504,55,59,4,9,9,6,1026,1467,68,73,0,3,19,4,1037,1470,66,71,1,1024,1461,64,67,968,1263,151,54,1,10,46,1,14,5,6,10,35,5,13,25,0,5,26,900,1261,151,48,29,0,8,9,2,14,4,11,9,18,0,6,13,85,39,894,1210,57,45,98,152,6,15,1284,1337,65,0,0,30,17,18,1194,1291,60,0,17,42,5,0,3751,2759
2008,26,4,1,675,817,28,34,8,8,3,678,806,32,32,0,658,798,23,31,4,4,4,4,703,754,32,42,0,0,14,6,702,753,31,28,2,707,753,30,26,678,668,66,20,0,2,18,0,6,5,3,6,6,2,2,10,0,3,17,633,665,76,15,19,0,3,4,0,8,4,6,2,3,0,1,3,43,31,619,631,25,14,65,84,5,7,842,654,22,0,0,20,15,6,784,633,22,0,17,36,2,0,2042,1579
2008,26,5,1,131,433,10,12,2,0,3,129,431,8,11,0,126,428,8,10,0,0,1,0,132,420,11,8,0,0,2,4,135,420,12,9,0,130,414,11,10,134,405,18,7,0,0,4,0,2,2,1,1,2,0,1,1,0,0,4,127,406,18,7,1,0,0,1,0,0,2,0,1,3,0,0,0,7,2,127,401,9,6,1,6,1,2,156,415,9,0,0,3,4,5,146,403,7,0,1,5,2,0,791,591
2008,26,77,1,9,34,3,3,1,2,0,8,34,3,3,0,8,33,3,3,0,1,0,0,9,30,3,3,0,0,3,0,9,29,3,3,0,9,29,3,3,10,24,6,3,0,0,0,0,0,0,0,0,1,0,0,0,0,0,1,9,20,5,3,0,0,0,0,0,0,0,0,0,0,0,0,0,1,5,9,20,3,3,0,9,0,0,13,32,3,0,0,0,4,0,12,31,3,0,0,0,0,0,0,52
2008,26,78,1,12,34,1,0,1,0,0,11,33,1,0,0,11,33,1,0,1,0,0,0,1,10,0,1,0,0,1,4,11,14,0,1,0,12,14,0,1,1,9,1,1,0,0,0,0,0,0,0,0,1,0,0,0,0,0,0,1,10,1,1,0,0,0,0,0,0,0,0,0,0,0,0,0,0,0,1,9,0,1,0,0,0,0,11,13,0,0,0,0,1,6,11,13,0,0,0,0,0,0,0,47
2008,26,81,1,14,10,0,0,2,0,0,14,10,0,0,0,14,10,0,0,0,0,0,0,14,8,0,0,0,0,1,0,14,8,0,0,0,14,8,0,0,14,6,0,0,0,0,0,0,0,0,0,0,0,0,0,0,0,0,0,14,6,0,0,1,0,0,0,0,0,0,0,0,0,0,0,0,0,1,14,5,0,0,0,3,0,0,14,10,0,0,0,2,0,0,14,8,0,0,0,0,0,0,0,26
2008,27,1,1,805,1055,59,62,17,1,2,822,1045,63,48,6,788,1034,54,42,0,6,7,9,864,971,68,54,0,1,8,5,829,981,65,55,0,820,989,69,55,735,860,123,31,0,3,46,4,50,5,8,4,5,0,10,18,2,7,20,727,857,135,24,21,0,73,5,7,3,3,1,4,3,0,5,2,7,31,713,811,53,19,82,117,5,21,960,928,66,0,0,26,8,6,914,908,59,0,12,27,7,0,2456,2002
2008,27,2,1,159,248,7,9,2,0,0,165,241,6,7,0,159,241,5,6,2,2,0,2,170,227,11,8,0,0,1,0,163,231,9,2,0,162,230,9,7,148,210,19,5,0,0,9,1,11,1,0,1,3,0,1,0,0,1,2,144,206,23,5,5,1,10,0,0,1,3,1,0,0,0,3,0,1,5,142,197,9,5,15,22,0,2,175,222,16,0,0,7,2,0,166,216,14,0,1,6,0,0,561,424
2008,27,3,1,761,877,41,40,10,3,1,768,869,38,35,3,741,858,37,30,7,3,0,7,790,821,45,35,0,1,8,3,786,825,37,33,0,777,832,36,28,707,726,77,23,1,3,30,3,49,5,2,1,13,0,8,13,1,4,16,697,724,77,18,11,0,74,6,7,0,6,0,2,4,0,1,7,7,35,673,692,32,15,94,99,2,12,862,785,46,0,0,21,13,4,825,766,42,0,20,16,3,0,2109,1736
2008,27,4,1,72,105,1,1,1,0,1,74,103,0,0,1,71,102,0,0,0,0,0,1,76,102,1,1,0,0,1,0,75,102,0,1,0,74,103,0,1,71,97,3,1,0,0,2,0,0,0,1,0,1,0,0,0,0,0,2,71,100,2,1,1,0,0,0,1,0,0,0,0,0,0,0,0,0,3,70,92,0,1,3,8,0,0,75,104,0,0,0,3,0,0,66,102,0,0,2,1,0,0,222,182
2008,27,5,1,1082,1793,64,60,19,5,4,1084,1768,66,59,4,1036,1735,55,48,7,8,10,15,1147,1657,79,69,0,3,10,7,1101,1661,69,67,2,1081,1669,72,63,980,1467,155,45,2,9,64,3,46,4,3,1,22,1,19,23,2,13,43,964,1511,165,39,23,1,73,12,13,5,12,1,9,4,3,3,7,13,64,950,1393,52,38,102,191,9,12,1274,1599,79,0,0,45,16,5,1189,1553,66,0,24,41,8,0,3954,3034
2008,27,6,1,189,376,5,10,0,0,0,187,375,5,8,0,187,372,5,8,0,0,0,1,194,355,8,18,0,0,1,1,192,366,4,9,0,193,365,4,8,185,350,14,7,0,0,6,3,2,0,0,0,2,0,1,0,0,1,2,184,357,12,6,3,0,3,0,0,0,0,0,1,0,0,0,1,0,4,182,334,4,5,10,26,0,3,201,371,5,0,0,0,0,1,190,366,5,0,7,1,0,0,712,580
2008,27,7,1,416,652,8,14,8,3,6,417,642,7,9,1,405,626,7,9,3,0,0,3,447,611,15,8,0,0,11,9,428,606,13,10,0,425,594,14,9,400,564,34,7,0,0,5,0,14,0,0,0,6,0,2,4,0,1,9,408,558,33,6,4,0,11,0,2,0,3,0,2,3,0,1,2,2,11,394,541,13,5,28,36,0,3,481,568,12,0,0,18,12,4,452,558,9,0,6,9,1,0,1666,1107
2008,27,8,1,489,588,30,26,11,2,2,492,576,32,17,8,469,567,26,14,3,4,5,10,511,537,39,23,0,3,2,6,489,557,35,20,0,482,559,33,22,442,505,61,16,0,4,9,1,26,3,2,2,8,0,1,6,0,5,13,439,467,51,14,17,0,25,2,2,0,3,2,4,9,0,4,0,5,49,430,445,29,14,43,84,1,3,557,518,35,0,0,21,10,2,521,504,30,0,5,16,4,0,1489,1148
2008,27,9,1,191,237,15,15,9,1,1,193,237,16,12,2,186,227,15,9,1,5,1,3,205,224,21,10,0,0,1,1,201,226,17,9,0,195,226,9,11,169,196,37,8,1,0,2,0,18,1,1,0,0,0,6,7,0,1,4,174,198,32,8,3,0,14,1,1,0,0,0,5,1,0,0,1,1,5,166,187,15,8,21,25,1,1,243,193,22,0,0,7,2,1,226,187,15,0,3,10,1,0,636,471
2008,27,10,1,178,229,0,6,2,4,1,175,223,0,6,0,172,221,0,5,1,1,0,0,182,212,3,7,0,1,4,4,176,219,0,7,0,174,218,2,7,171,205,6,5,0,0,5,0,3,1,0,1,1,0,6,2,0,0,2,172,206,8,5,1,0,7,0,0,1,1,1,1,1,0,2,1,1,2,167,195,0,5,7,14,0,0,190,200,2,0,0,17,8,0,184,194,1,0,5,5,0,0,544,420
2008,27,11,1,228,319,6,13,9,1,4,228,306,6,14,2,224,301,6,13,0,1,1,2,250,293,10,22,0,1,1,2,239,288,7,14,0,237,292,7,14,226,264,21,13,0,1,4,1,8,1,0,2,4,0,1,1,0,0,4,221,268,25,12,3,0,10,0,3,0,4,0,0,2,0,1,2,2,3,217,254,6,11,15,26,0,1,269,271,10,0,0,7,6,3,249,268,5,0,1,10,4,0,904,581
2008,27,12,1,315,499,11,21,7,1,3,315,496,12,18,2,309,490,11,16,1,0,1,1,335,453,16,26,0,2,7,2,317,468,16,16,0,319,463,14,17,288,416,32,13,0,3,13,0,11,4,0,0,8,0,4,13,0,3,8,288,433,30,12,4,0,20,2,0,0,2,2,2,4,1,2,1,5,11,282,395,11,11,25,49,3,2,363,462,12,0,0,12,5,4,339,449,12,0,4,6,1,0,1108,858
2008,27,13,1,1134,1569,80,77,26,2,3,1160,1546,75,71,4,1110,1504,70,59,7,21,6,14,1190,1408,109,82,0,3,9,7,1159,1424,93,65,2,1144,1427,89,77,1053,1245,182,52,3,2,38,5,50,1,5,8,25,0,20,31,0,14,29,1042,1259,162,45,23,3,77,7,7,2,7,2,4,12,1,4,13,16,45,1012,1213,80,43,115,141,10,18,1405,1342,81,0,0,32,11,12,1303,1309,73,0,24,36,12,0,3607,2893
2008,27,14,1,349,627,12,22,5,2,0,354,625,12,16,1,348,614,10,16,2,2,2,2,375,585,15,17,0,1,6,2,368,584,12,19,0,366,590,12,19,343,544,37,13,0,1,6,3,8,0,1,1,4,0,2,10,0,6,12,345,547,37,10,6,0,3,3,1,1,3,2,3,7,0,1,0,3,18,335,534,11,11,27,34,0,2,393,589,11,0,0,13,4,6,371,571,10,0,11,4,1,0,1341,1018
2008,27,15,1,732,1259,28,46,16,1,2,748,1242,30,34,5,713,1219,27,32,4,7,4,4,766,1153,41,47,0,6,15,7,750,1160,33,38,2,744,1170,33,40,672,1045,91,23,0,3,23,3,38,8,3,5,17,0,13,21,1,6,18,658,1054,88,24,29,0,40,3,2,2,10,2,9,12,2,2,5,4,29,630,992,29,21,71,116,3,11,854,1114,33,0,0,54,11,7,809,1066,27,0,21,24,2,0,2649,2085
2008,27,16,1,755,1015,35,31,21,3,1,769,1000,30,28,6,735,980,27,25,6,9,3,11,808,911,103,48,0,4,5,2,778,934,38,46,0,766,944,38,40,704,796,95,19,0,2,35,3,38,2,2,4,21,0,17,23,1,6,25,685,791,89,18,23,0,61,2,6,1,5,1,8,12,1,4,3,8,71,667,733,30,18,85,143,4,13,892,879,43,0,0,31,5,4,853,850,38,0,7,38,3,0,2228,1864
2008,27,17,1,224,349,15,8,7,1,0,218,344,16,8,1,213,325,13,4,1,1,0,3,231,332,12,7,0,0,6,5,220,325,13,7,0,217,324,16,6,206,296,29,5,0,0,1,1,8,0,1,0,0,0,1,6,0,1,11,203,296,29,5,3,0,8,2,2,0,3,0,1,0,1,0,0,0,9,199,283,12,5,18,27,1,0,246,327,14,0,0,7,6,4,228,310,14,0,3,6,0,0,790,604
2008,27,18,1,332,540,13,18,4,1,2,334,538,15,12,0,330,526,12,11,1,4,2,4,333,515,17,19,0,1,8,0,336,503,16,16,0,334,506,13,22,316,475,32,13,0,0,5,1,15,2,1,1,4,0,5,5,0,1,4,317,477,36,11,7,0,8,2,2,0,3,0,0,0,0,1,0,2,13,305,460,12,12,24,27,0,6,373,508,13,0,0,9,8,1,355,495,11,0,5,5,2,0,1296,914
2008,27,19,1,340,469,10,11,6,1,1,340,459,9,11,4,333,444,8,10,2,2,3,4,365,430,14,17,0,1,2,0,349,431,10,19,1,350,428,10,18,320,384,28,9,2,4,15,2,13,2,0,1,5,0,4,6,0,6,6,314,392,31,8,10,1,16,1,4,1,8,0,1,0,0,3,0,5,7,311,371,9,8,29,39,2,2,402,408,10,0,0,15,2,1,385,395,9,0,1,14,3,0,1124,839
2008,27,20,1,512,926,33,36,10,1,2,521,910,35,34,4,504,896,30,31,7,4,4,4,559,839,39,41,0,1,2,8,537,847,34,39,0,528,861,35,34,481,762,73,24,0,3,27,0,26,1,4,3,15,1,4,18,0,3,14,476,770,78,21,22,0,36,5,4,2,5,1,1,5,1,6,3,2,29,463,726,29,21,61,88,4,6,632,810,39,0,0,26,5,6,600,793,34,0,7,78,6,0,1826,1515
2008,27,21,1,769,1212,53,44,13,2,5,784,1191,47,34,3,750,1173,43,31,5,4,7,7,815,1109,57,52,0,2,11,18,782,1130,53,41,0,778,1141,53,40,707,1008,121,30,0,5,30,1,44,3,1,2,10,2,10,16,2,10,10,699,993,128,22,7,0,56,2,11,1,5,4,2,14,2,2,5,6,37,680,965,45,21,79,112,5,9,932,1061,45,0,0,28,14,6,860,1025,39,0,18,31,4,0,2673,2098
2008,27,22,1,444,561,18,22,3,2,1,451,543,23,16,3,436,539,16,16,2,2,3,2,460,502,32,23,0,1,4,4,451,518,22,18,0,447,520,19,19,439,471,39,11,0,1,13,0,20,2,0,2,7,0,2,17,0,2,4,426,483,41,12,4,0,16,3,4,1,4,1,1,3,0,1,2,4,8,419,460,16,10,23,23,3,5,530,479,24,0,0,9,5,3,503,465,23,0,3,8,4,0,1493,1057
2008,27,23,1,1013,1647,25,45,12,3,5,1041,1608,27,39,5,1000,1588,20,33,5,8,7,7,1085,1523,22,41,0,1,13,9,1025,1527,27,43,1,1038,1510,24,41,972,1358,80,28,1,2,36,4,33,6,3,4,26,1,12,23,4,11,29,961,1375,65,26,11,0,44,7,4,4,9,5,8,9,1,9,6,7,44,938,1308,17,25,75,154,3,5,1134,1552,28,0,0,15,7,6,1083,1504,26,0,12,30,0,0,3458,2755
2008,27,24,1,269,670,4,7,8,1,4,271,652,2,9,2,266,647,2,6,1,4,0,0,268,642,7,9,0,2,9,5,258,632,9,5,0,256,635,8,4,245,596,22,3,0,2,8,0,8,2,0,0,5,1,1,8,0,2,12,242,588,20,4,5,0,9,0,1,1,9,1,1,7,0,1,4,1,19,235,572,5,3,21,38,0,1,289,651,4,0,0,5,7,6,279,628,3,0,6,4,0,0,1262,963
2008,27,25,1,509,712,22,15,12,1,6,508,705,21,12,3,502,691,21,12,4,3,0,1,536,665,25,20,0,2,4,6,527,647,19,17,0,518,657,18,17,497,601,51,18,1,1,11,0,9,3,0,2,6,0,10,5,0,1,7,493,618,49,17,4,1,6,2,0,0,3,0,0,2,0,2,3,3,9,478,585,18,11,32,39,2,3,619,620,13,0,0,17,2,5,592,597,12,0,3,15,3,0,1657,1280
2008,27,26,1,208,228,1,5,0,1,2,209,228,0,5,0,205,225,0,4,2,3,0,1,225,209,1,7,0,0,1,0,223,210,1,4,0,221,213,1,4,214,200,4,3,0,1,5,0,2,0,0,0,0,0,0,0,0,3,2,212,201,3,3,0,0,2,0,0,0,2,0,0,0,0,0,0,6,3,209,193,1,3,5,10,0,0,229,214,0,0,0,0,3,2,225,211,0,0,1,1,0,0,573,448
2008,27,27,1,438,584,17,27,10,3,0,444,583,17,22,3,429,571,15,22,0,7,1,4,464,544,23,27,0,1,6,3,456,548,18,26,1,450,547,16,25,427,489,46,19,0,1,8,2,11,5,0,4,9,0,3,3,3,3,11,421,490,35,16,7,0,26,3,2,1,1,1,2,5,2,1,5,4,10,413,472,15,15,32,44,2,5,521,517,20,0,0,9,7,1,500,508,17,0,9,12,2,0,1388,1083
2008,27,28,1,188,400,4,9,5,1,2,189,389,4,8,1,182,376,4,8,1,3,0,1,200,357,7,13,0,1,6,2,186,349,7,12,2,187,349,6,11,176,309,23,8,0,0,9,1,10,1,2,2,6,0,2,6,0,0,9,169,310,22,8,10,0,7,2,0,1,3,0,2,4,0,1,1,4,11,165,298,5,8,18,20,1,2,228,346,10,0,0,13,7,0,216,330,9,0,2,5,0,0,779,610
2008,27,29,1,548,890,25,25,13,5,0,552,869,25,23,4,536,849,21,22,5,9,1,0,588,814,24,29,0,0,5,10,566,822,19,24,0,559,819,22,23,514,742,76,17,0,1,16,0,20,1,2,9,9,0,3,18,0,2,15,514,742,71,16,5,0,26,3,2,2,9,1,3,8,0,3,7,4,23,504,725,18,10,45,59,1,7,643,808,23,0,0,7,12,3,619,797,19,0,5,7,2,0,1957,1502
2008,27,30,1,246,403,8,12,1,2,0,249,399,8,9,1,242,393,8,6,0,0,1,2,262,372,7,6,0,0,6,2,256,375,7,6,0,254,377,7,6,244,345,20,4,0,0,2,0,8,2,1,1,3,0,5,7,0,2,2,238,339,23,3,16,0,9,1,0,2,0,0,4,0,0,0,1,3,5,236,333,7,2,13,26,0,4,296,358,4,0,0,13,2,1,287,352,4,0,2,6,0,0,826,676
2008,27,31,1,282,219,5,6,4,0,0,286,217,4,4,2,281,212,4,4,0,1,1,1,291,197,8,6,0,2,1,0,283,206,6,4,0,286,204,6,5,268,177,10,3,0,0,6,1,14,0,1,2,5,0,6,1,0,0,6,268,181,9,2,5,0,13,1,0,0,2,1,2,3,0,1,0,2,7,263,169,5,2,18,24,0,1,309,198,4,0,0,2,0,4,301,192,4,0,6,1,0,0,634,518
2008,27,32,1,572,1217,33,53,6,3,6,588,1192,26,48,5,559,1176,22,36,4,6,0,7,646,1117,30,41,0,6,7,6,594,1140,22,47,1,607,1131,24,44,552,1039,66,35,0,5,29,2,28,5,0,8,15,1,6,21,1,4,8,544,1055,56,34,14,0,42,4,2,1,7,2,9,7,0,5,1,7,25,531,1004,17,31,48,87,3,8,724,1104,29,0,0,14,12,4,681,1075,22,0,13,21,3,0,2348,1894
2008,27,33,1,1048,1368,49,62,25,4,4,1064,1347,51,56,3,1032,1318,43,53,12,8,4,6,1109,1266,46,69,0,2,15,10,1084,1268,39,66,4,1078,1264,38,64,1003,1121,105,47,4,4,23,3,43,7,3,5,17,1,15,23,3,10,32,973,1115,106,39,26,1,87,5,6,1,7,5,7,5,0,1,7,11,55,961,1056,31,38,98,155,7,15,1212,1237,49,0,0,31,14,9,1143,1208,46,0,24,32,4,0,3249,2562
2008,27,34,1,158,246,2,5,3,1,0,158,239,2,4,1,156,236,2,4,2,1,1,0,163,234,4,3,0,0,1,1,158,235,2,2,0,162,232,3,3,155,213,14,2,0,0,6,0,2,2,0,1,0,0,2,2,0,0,3,151,210,11,2,6,0,3,0,0,1,1,1,0,0,0,1,1,2,2,151,207,1,2,5,19,2,0,180,226,0,0,0,5,1,1,169,222,0,0,1,2,0,0,535,416
2008,27,35,1,346,730,8,16,4,1,3,349,720,6,14,3,342,712,6,13,1,2,0,1,366,677,9,8,0,0,7,11,351,678,6,10,0,352,678,6,10,333,610,34,8,1,1,10,0,7,2,1,0,9,0,3,10,0,3,10,327,619,29,8,4,0,12,0,1,0,0,0,1,5,1,1,0,3,22,319,587,3,8,26,62,4,2,398,664,5,0,0,16,4,6,374,639,5,0,4,24,1,0,1382,1109
2008,27,36,1,116,214,0,4,0,3,2,122,210,0,1,0,115,202,0,1,0,2,1,0,124,202,0,6,0,0,4,3,127,190,1,1,0,127,190,1,2,122,181,6,1,0,0,2,3,2,0,0,0,1,0,1,1,1,1,2,123,184,3,1,0,0,3,1,3,0,1,1,0,1,0,0,0,1,4,119,180,0,1,4,3,0,0,165,167,0,0,0,5,2,2,154,159,0,0,0,13,0,0,453,345
2008,27,77,1,38,159,4,2,3,4,1,37,156,6,2,0,36,157,5,2,0,4,0,0,39,143,6,1,0,0,7,4,38,144,6,2,0,37,146,6,2,33,130,15,1,0,0,4,0,2,2,0,0,0,0,0,1,0,0,2,31,118,18,1,2,0,1,0,0,0,1,0,0,0,0,3,0,0,16,31,115,6,1,6,23,1,1,42,154,5,0,0,0,6,1,40,149,5,0,1,0,0,0,0,217
2008,27,78,1,87,170,7,6,1,1,3,85,167,8,6,0,82,166,7,6,0,0,0,2,49,79,3,7,0,0,2,19,41,82,4,7,0,43,85,3,7,41,79,5,6,0,0,2,1,2,0,1,1,1,0,1,0,0,0,0,42,81,4,5,1,0,1,0,0,0,0,0,2,0,0,0,0,0,1,41,78,3,5,0,1,0,0,58,88,4,0,0,0,0,16,57,86,4,0,1,1,0,0,0,276
2008,27,79,1,0,1,0,0,0,0,0,0,1,0,0,0,0,1,0,0,0,0,0,0,0,1,0,0,0,0,0,0,0,1,0,0,0,0,1,0,0,0,1,0,0,0,0,0,0,0,0,0,0,0,0,0,0,0,0,0,0,1,0,0,0,0,0,0,0,0,0,0,0,0,0,0,0,0,0,0,1,0,0,0,0,0,0,0,1,0,0,0,0,0,0,0,1,0,0,0,0,0,0,0,1
2008,27,81,1,91,139,8,5,2,8,3,92,139,8,5,0,90,137,8,5,1,0,0,0,97,134,8,4,0,0,8,5,96,132,8,4,0,97,131,8,5,95,125,10,4,0,0,2,0,0,0,0,0,2,0,0,0,0,0,2,94,126,9,4,2,0,0,0,0,0,0,0,1,0,0,0,0,0,2,94,121,8,4,3,8,0,0,100,131,9,0,0,3,8,6,99,127,9,0,1,0,0,0,0,257
2008,28,1,1,989,1477,21,45,3,5,8,994,1460,19,35,0,971,1435,18,33,3,3,0,3,1031,1378,24,33,0,0,22,6,1006,1356,22,32,0,1009,1367,21,33,960,1281,67,21,0,8,14,2,5,9,3,37,6,3,2,2,0,6,11,949,1223,76,17,15,2,4,43,5,41,24,0,2,2,1,4,4,2,6,925,1205,19,17,65,104,0,6,1291,1192,20,0,0,0,19,12,1204,1162,22,0,18,32,0,0,3156,2546
2008,28,2,1,373,526,11,9,3,3,3,374,514,10,9,1,366,503,10,5,2,1,1,2,389,489,8,13,0,1,11,4,382,490,7,14,0,378,491,8,12,362,446,19,10,0,2,9,0,1,4,0,7,11,0,1,2,0,3,4,355,427,21,10,8,0,1,28,1,11,10,0,0,1,0,1,4,5,1,349,411,6,10,27,53,1,0,527,386,2,0,0,1,3,4,469,374,2,0,15,17,2,0,1192,930
2008,28,77,1,2,1,0,0,0,0,0,1,1,0,0,0,1,1,0,0,0,0,0,0,2,1,0,0,0,0,0,0,0,1,0,0,0,0,1,0,0,0,1,0,0,0,0,0,0,0,0,0,0,0,0,0,0,0,1,0,0,1,0,0,0,0,0,0,0,0,0,0,0,0,0,0,0,0,0,0,1,0,0,0,0,0,0,2,1,0,0,0,0,0,0,2,1,0,0,0,0,0,0,0,3
2008,28,78,1,11,16,0,0,0,0,0,10,15,0,0,0,10,15,0,0,0,0,0,0,2,3,0,0,0,0,0,1,2,3,0,0,0,2,4,0,0,0,0,0,0,0,0,1,0,0,1,0,0,0,0,0,0,0,0,0,0,1,0,0,0,0,0,0,0,0,0,0,0,0,0,0,1,0,0,0,0,0,0,0,1,0,0,1,1,0,0,0,0,0,7,0,0,0,0,0,0,0,0,0,27
2008,28,81,1,10,34,1,0,1,0,1,12,33,1,0,0,10,33,1,0,0,1,0,0,11,33,1,0,0,1,0,1,11,32,1,0,0,11,32,1,0,11,32,1,0,0,0,0,0,0,0,0,0,0,0,0,0,0,0,0,12,32,1,0,0,0,0,0,0,0,0,0,0,0,0,0,0,0,0,11,32,1,0,0,0,0,0,15,30,1,0,0,1,0,1,13,30,1,0,0,0,0,0,0,48
2008,29,1,1,962,970,29,39,15,6,4,970,945,37,33,6,941,933,25,30,6,6,14,5,1022,885,32,34,0,3,13,8,994,873,36,28,2,903,886,29,25,960,807,88,20,0,3,9,4,5,10,2,2,17,0,3,2,0,2,8,922,664,92,19,12,0,6,36,6,2,11,1,7,1,1,5,3,32,3,905,772,20,17,67,73,9,3,1318,684,10,0,0,0,4,2,1094,671,8,0,42,33,7,0,2598,2027
2008,29,2,1,338,588,35,25,3,3,1,343,583,29,24,3,329,574,27,22,1,0,1,1,384,540,24,23,0,0,4,1,369,540,26,22,1,352,555,22,24,349,489,51,14,0,2,6,1,3,3,5,4,21,0,3,0,0,1,9,311,466,54,11,18,0,2,21,6,0,15,0,3,4,0,3,1,35,0,300,452,19,10,42,58,3,7,527,441,20,0,0,2,3,1,468,437,18,0,13,22,2,0,1201,995
2008,29,3,1,1159,1046,33,45,15,5,7,1166,1029,28,44,6,1128,998,24,33,5,9,10,5,1241,919,25,62,0,10,19,9,1199,927,26,46,4,1185,925,27,49,1151,845,85,38,0,3,19,0,8,4,0,5,31,1,4,1,0,4,14,1084,814,88,32,16,0,8,33,2,9,24,0,10,2,0,3,4,60,4,1034,796,19,32,105,79,3,8,1511,764,11,0,0,1,9,6,1395,740,10,0,35,33,4,0,2795,2313
2008,29,4,1,1128,1497,66,50,9,7,4,1141,1473,66,40,3,1110,1452,60,31,5,9,6,10,1226,1358,50,57,0,4,10,9,1178,1369,54,46,4,1156,1389,51,47,1122,1287,120,37,1,10,18,4,6,4,4,11,25,1,2,0,2,9,7,1069,1240,135,30,16,1,9,30,6,5,28,2,14,2,0,4,2,54,10,1046,1190,37,25,93,145,14,14,1553,1157,29,0,0,3,4,5,1429,1135,28,0,38,38,3,0,3443,2761
2008,29,5,1,696,1600,27,46,15,5,8,714,1581,26,39,2,682,1563,23,31,6,11,7,9,817,1472,32,42,0,0,14,7,771,1465,28,36,2,755,1468,27,40,718,1371,86,25,0,5,12,10,8,9,2,6,24,2,4,6,0,8,10,674,1320,92,16,22,1,13,37,6,2,26,1,3,2,2,7,7,45,8,660,1294,24,12,69,131,2,11,1116,1256,12,0,0,0,5,6,993,1236,9,0,23,49,4,0,2949,2400
2008,29,6,1,641,658,17,14,3,2,1,642,650,17,14,2,635,639,17,12,3,3,1,2,675,592,17,18,0,0,9,5,666,591,17,16,0,669,591,15,18,645,552,46,14,0,3,11,2,5,1,0,1,5,0,1,0,0,5,4,620,527,44,13,5,0,2,23,0,2,8,1,4,0,0,3,3,29,5,611,515,15,13,47,58,0,2,810,508,7,0,0,1,8,1,759,487,7,0,17,27,2,0,1609,1338
2008,29,7,1,652,1006,25,39,6,3,9,673,985,24,27,0,636,970,19,23,3,8,9,5,745,900,28,27,0,0,6,8,711,910,28,25,1,706,923,26,26,676,831,70,13,0,2,13,6,9,8,3,5,21,0,6,2,1,3,10,641,806,71,13,11,0,10,25,4,0,17,0,8,5,0,6,1,43,8,631,785,22,12,57,97,3,7,949,765,18,0,0,0,6,5,876,749,16,0,22,28,4,0,2117,1743
2008,29,8,1,1614,1682,34,42,20,9,5,1621,1657,33,38,7,1591,1635,29,35,4,8,4,5,1737,1537,19,37,0,1,20,11,1692,1531,24,40,3,1683,1528,23,42,1656,1435,87,30,1,6,11,2,7,12,2,4,18,0,2,1,0,5,15,1592,1409,87,27,13,0,2,29,3,4,32,1,9,1,1,6,3,56,6,1577,1381,15,28,76,98,4,8,1979,1382,17,0,0,1,10,9,1899,1360,15,0,28,26,2,0,4140,3412
2008,29,9,1,761,1062,22,28,6,5,7,781,1041,18,21,0,749,1028,16,20,5,4,2,4,865,926,19,20,0,3,8,16,817,948,20,22,0,805,948,18,27,782,858,59,16,0,5,14,2,9,10,4,7,22,1,7,4,0,4,12,749,832,70,11,10,0,5,27,2,4,28,0,6,7,1,3,3,40,8,735,808,12,9,62,90,5,7,1062,805,7,0,0,0,9,2,998,788,7,0,13,24,0,0,2350,1893
2008,29,77,1,19,51,0,3,0,2,0,18,47,1,3,0,18,47,0,3,0,1,0,0,20,44,0,2,0,0,3,0,17,44,0,4,0,17,46,1,3,15,39,5,1,0,0,1,0,0,0,0,1,2,0,0,1,0,0,1,13,39,6,0,0,0,1,7,0,0,0,0,0,0,0,0,0,1,0,13,37,0,0,5,7,0,2,36,32,1,0,0,0,4,0,30,32,0,0,2,1,0,0,0,76
2008,29,78,1,18,31,1,0,0,0,0,18,31,1,0,0,18,30,1,0,0,0,0,0,5,7,0,0,0,0,0,0,7,10,0,0,0,7,10,0,0,5,6,2,0,0,0,0,0,0,0,0,0,0,0,0,0,0,0,0,5,6,2,0,0,0,0,0,0,0,0,0,0,0,0,0,0,0,0,5,6,0,0,0,0,0,0,7,4,0,0,0,0,0,7,6,4,0,0,0,0,0,0,0,50
2008,29,81,1,69,58,2,3,2,0,0,68,59,2,3,1,68,58,2,3,0,0,0,0,75,52,2,2,0,0,2,0,72,54,2,2,0,71,53,2,2,71,47,5,2,0,0,0,0,0,3,0,0,3,0,0,0,0,0,0,70,45,5,2,0,0,0,2,0,0,2,0,0,0,0,0,0,1,1,70,45,2,2,1,7,0,0,83,49,2,0,0,0,0,0,79,48,2,0,2,1,0,0,0,134
2008,30,1,1,759,1023,24,37,14,2,4,773,1012,21,30,7,744,998,18,27,4,6,6,5,777,981,38,20,0,0,7,10,765,990,29,26,0,757,979,31,23,734,917,60,18,1,18,7,3,1,18,5,6,5,1,1,4,2,2,10,756,888,67,14,19,0,2,7,9,4,15,0,3,11,1,3,1,5,3,711,864,21,13,38,89,5,5,784,1038,16,0,0,2,5,9,757,1007,15,0,11,13,4,0,2367,1859
2008,30,2,1,1067,1604,56,55,18,2,2,1092,1585,48,47,5,1049,1563,46,42,8,11,10,5,1156,1484,77,31,0,3,8,12,1098,1526,56,37,1,1078,1511,60,40,1007,1342,138,23,1,53,17,1,2,30,5,10,30,1,7,12,3,2,25,1050,1325,137,18,22,0,1,10,9,12,55,1,3,28,0,11,6,5,9,972,1273,46,16,98,184,6,9,1132,1593,44,0,0,4,8,10,1085,1552,39,0,20,36,6,0,3520,2807
2008,30,3,1,348,533,6,11,5,3,0,347,523,7,7,2,336,514,5,8,0,2,0,3,381,482,11,7,0,0,5,2,361,494,7,12,0,359,493,5,13,343,455,19,8,0,10,7,2,2,8,2,4,6,0,1,1,0,0,10,359,446,21,4,6,0,0,5,2,3,6,0,1,10,0,0,0,4,3,333,437,5,4,22,34,0,5,348,536,7,0,0,0,6,2,344,526,7,0,0,4,0,0,1226,907
2008,30,4,1,608,1072,34,36,21,5,4,625,1055,30,35,4,601,1044,24,29,8,4,6,3,670,996,41,32,0,0,11,4,639,1022,30,40,0,636,1019,31,35,570,914,95,26,0,25,11,0,1,27,3,16,9,4,3,7,0,5,15,600,898,82,21,16,0,0,3,6,5,31,2,4,29,0,7,2,4,5,556,870,24,21,60,105,6,7,648,1077,31,0,0,3,9,6,628,1044,30,0,10,20,2,0,2160,1780
2008,30,5,1,171,142,7,3,3,0,2,176,139,6,6,0,170,138,6,3,4,0,1,3,175,142,7,4,0,0,1,1,175,139,5,4,0,171,139,5,4,165,121,17,4,0,3,1,0,1,0,0,4,5,0,0,0,0,0,1,164,111,16,3,9,0,1,1,1,5,4,1,0,4,0,1,0,0,0,155,109,5,3,22,22,0,1,178,145,5,0,0,0,1,1,176,141,5,0,1,1,0,0,381,330
2008,30,6,1,397,696,15,26,6,3,2,401,691,14,20,0,391,680,14,18,0,3,1,6,425,653,14,21,0,2,11,2,405,674,17,23,0,394,664,13,23,373,604,43,21,0,12,9,1,0,15,1,3,7,0,2,3,1,0,9,392,599,46,19,5,0,0,2,2,1,9,0,3,14,0,2,2,1,1,366,484,13,18,24,59,0,2,402,713,14,0,0,3,9,2,386,687,12,0,6,16,2,0,1395,1145
2008,30,7,1,107,163,1,3,2,0,1,110,162,0,2,0,107,160,0,2,1,0,0,0,105,164,1,1,0,0,2,1,104,158,1,1,0,105,158,1,1,100,151,11,1,0,2,1,0,0,1,0,0,1,0,0,0,0,0,0,101,148,11,1,1,0,0,0,0,0,2,0,0,1,0,1,0,0,0,99,148,1,1,4,8,0,0,115,159,0,0,0,0,1,2,108,154,0,0,0,0,0,0,330,277
2008,30,8,1,679,884,35,16,9,6,8,681,865,34,19,1,662,847,30,13,4,4,3,6,712,818,36,14,0,6,11,8,700,834,30,19,2,686,809,28,15,657,758,66,11,0,26,3,0,2,15,0,2,9,2,6,3,0,0,15,690,740,58,9,17,0,1,3,1,3,17,4,6,17,0,3,1,1,4,637,726,26,7,43,64,1,6,715,857,29,0,0,6,11,5,697,830,27,0,8,13,0,0,1961,1636
2008,30,9,1,280,605,17,23,1,1,5,285,593,16,22,1,277,584,16,20,2,0,0,3,309,572,18,14,0,0,3,5,283,587,16,18,1,283,583,17,19,271,538,31,10,0,7,5,5,0,17,2,3,9,1,0,3,0,0,6,287,527,32,8,6,0,0,5,3,3,15,2,0,7,1,4,2,2,1,265,514,16,8,18,52,0,5,301,601,14,0,0,0,6,10,288,585,13,0,4,8,0,0,1109,835
2008,30,10,1,722,1281,21,12,10,5,5,728,1264,22,12,2,712,1252,19,11,5,4,3,1,770,1196,33,21,0,0,10,10,745,1200,26,22,2,745,1199,26,21,715,1109,56,20,3,21,12,0,2,26,1,5,16,0,3,4,0,1,8,734,1093,63,15,12,0,0,4,1,7,26,0,0,23,0,5,3,1,3,697,1066,24,14,37,99,2,5,784,1220,19,0,0,1,9,17,756,1174,19,0,14,28,0,0,2499,2058
2008,30,11,1,488,495,15,14,6,1,2,493,483,12,12,2,481,478,12,12,1,2,1,0,500,458,15,18,0,1,12,2,490,455,15,18,0,489,450,16,15,475,425,33,11,0,12,1,1,1,3,0,2,8,0,0,2,0,0,5,476,410,36,11,7,0,1,2,3,0,10,2,1,5,2,2,1,1,7,462,401,13,10,24,37,2,3,493,501,12,0,0,1,6,5,479,487,12,0,6,4,0,0,1266,1023
2008,30,12,1,501,696,14,16,5,6,4,506,687,13,12,0,492,676,13,9,3,1,2,1,555,630,15,13,0,1,11,5,526,653,14,14,0,521,654,13,13,494,595,28,15,0,13,4,0,3,17,0,5,4,2,4,4,0,0,13,505,582,41,12,12,0,1,2,1,0,17,0,2,16,0,5,1,0,2,481,566,11,11,33,64,2,0,536,678,16,0,0,0,4,5,518,656,15,0,8,6,1,0,1509,1243
2008,30,13,1,20,58,0,1,0,0,0,20,56,0,1,0,20,55,0,1,0,0,0,0,20,57,0,0,0,0,0,0,20,56,0,0,0,20,55,0,0,19,45,0,0,0,1,7,0,0,0,0,0,1,0,0,0,0,0,3,22,35,0,0,0,0,0,0,0,0,17,0,0,2,0,0,0,0,0,19,35,0,0,0,20,0,0,22,57,0,0,0,0,0,0,22,56,0,0,0,0,0,0,85,79
2008,30,14,1,395,495,5,7,1,2,3,396,486,5,6,0,385,479,5,6,3,0,1,2,427,452,4,7,0,0,7,4,404,452,4,8,0,400,459,4,7,394,398,18,5,0,4,2,1,1,27,0,3,6,0,0,1,0,1,6,397,394,18,5,6,0,1,9,0,9,22,0,1,3,1,0,2,1,1,385,381,3,4,12,59,0,3,466,425,7,0,0,1,4,4,444,415,7,0,5,11,0,0,1115,910
2008,30,15,1,729,1281,42,27,5,5,2,741,1262,42,19,1,713,1248,36,18,3,4,3,4,766,1185,46,22,0,0,20,8,735,1183,47,27,0,731,1173,44,32,684,1062,98,20,0,23,13,4,2,40,2,9,11,4,5,5,0,0,13,712,1047,94,16,6,0,1,5,4,9,58,2,2,14,0,6,1,0,2,671,1006,38,14,47,120,4,9,814,1215,30,0,0,2,17,9,765,1163,29,0,20,31,1,0,2626,2098
2008,30,16,1,294,456,4,14,3,1,5,295,455,5,11,0,291,444,4,11,0,4,1,2,314,436,5,9,0,0,2,4,298,439,5,13,0,296,436,5,12,286,402,20,10,0,8,2,0,0,8,0,1,6,0,0,4,0,1,7,291,393,21,9,5,0,0,3,1,1,8,0,2,6,0,2,1,0,2,281,387,4,8,15,32,0,2,312,450,10,0,0,1,0,1,304,443,8,0,3,3,0,0,915,778
2008,30,77,1,10,47,1,0,0,1,0,9,45,2,0,0,9,43,1,0,1,0,0,0,9,41,1,0,0,0,3,0,8,41,2,0,0,9,40,1,0,8,36,3,0,0,1,0,0,0,0,0,0,1,0,0,0,0,0,1,8,29,4,0,0,0,0,0,0,0,7,0,1,0,0,0,0,0,2,8,29,1,0,0,10,0,0,11,41,1,0,0,0,4,0,11,39,1,0,0,0,0,0,0,59
2008,30,78,1,15,30,0,1,1,0,0,15,28,1,1,0,15,28,0,1,0,0,1,0,5,8,0,0,0,0,1,3,8,12,0,0,0,7,11,0,0,5,8,0,0,0,0,1,0,0,1,0,0,1,0,0,1,0,0,1,5,8,0,0,0,0,0,1,0,0,1,0,0,1,0,0,1,0,1,5,8,0,0,0,0,0,0,4,10,0,0,0,0,0,11,4,9,0,0,0,0,0,0,0,47
2008,30,81,1,145,182,5,3,1,1,0,145,179,5,3,0,144,179,5,3,0,0,0,0,146,176,5,3,0,0,5,0,144,178,5,3,0,144,175,5,3,144,173,6,3,0,1,0,0,0,1,0,0,1,0,2,0,0,0,0,144,173,6,3,0,0,0,0,0,0,2,0,0,0,0,0,0,0,0,144,172,5,3,0,1,0,0,151,180,5,0,0,0,1,0,148,178,5,0,1,0,0,0,0,336
2008,31,1,1,234,363,11,18,2,1,2,239,360,12,13,0,231,348,10,10,1,0,0,7,266,324,11,12,0,1,5,4,254,326,11,13,0,250,328,11,12,233,298,30,9,0,1,5,0,10,3,2,0,6,0,5,0,0,4,1,231,291,30,8,3,0,12,2,3,0,8,0,4,0,1,1,2,6,0,228,284,9,5,11,25,1,6,351,277,3,0,0,0,2,1,315,271,1,0,19,8,4,0,757,633
2008,31,2,1,687,780,26,27,3,3,6,687,769,25,23,0,675,755,22,20,2,4,3,3,770,672,21,8,0,5,18,6,723,701,21,16,4,711,678,21,21,662,631,67,9,1,6,5,2,33,3,1,2,11,0,6,2,0,2,6,648,606,65,7,12,3,45,12,3,1,10,1,5,1,1,5,4,9,6,634,593,18,6,69,63,2,2,939,572,8,0,0,0,7,2,888,556,8,0,18,14,0,0,1936,1534
2008,31,3,1,977,1076,47,59,7,4,9,978,1058,43,51,2,946,1037,37,46,5,7,7,4,1065,966,46,39,0,4,10,13,1021,990,43,45,1,1001,979,45,48,925,898,111,38,0,8,13,2,39,10,4,7,12,0,6,5,0,4,11,908,856,117,29,27,3,63,29,11,0,18,0,5,4,0,6,3,4,2,888,835,38,28,98,120,4,11,1309,839,21,0,0,0,7,6,1211,816,19,0,31,24,10,0,2717,2093
2008,31,4,1,361,475,36,24,2,1,4,358,468,35,20,1,340,461,32,18,0,2,7,10,385,434,35,17,0,2,2,7,364,442,34,21,0,353,437,35,24,321,401,70,17,0,6,4,0,20,1,2,0,8,0,3,8,0,0,3,312,394,74,15,11,0,18,4,4,0,13,0,1,0,0,2,5,3,3,308,383,33,12,37,44,1,8,490,383,21,0,0,1,1,3,454,374,20,0,7,5,8,0,1127,903
2008,31,5,1,1211,1201,43,59,11,4,5,1217,1191,37,51,0,1184,1153,33,42,6,4,10,6,1317,1074,35,46,0,2,10,14,1261,1065,36,47,1,1252,1075,35,44,1161,1006,92,38,0,7,6,3,62,11,5,3,18,0,7,1,0,4,7,1152,965,96,33,22,1,76,28,7,0,24,1,6,1,0,9,4,3,6,1127,944,28,31,105,92,6,11,1582,909,16,0,0,2,6,10,1481,885,17,0,26,28,5,0,3089,2539
2008,31,6,1,1136,1744,25,47,10,6,4,1151,1723,23,38,2,1118,1698,20,34,7,8,7,6,1251,1599,33,29,0,3,25,9,1183,1633,33,40,3,1166,1616,30,38,1096,1484,93,24,0,6,11,4,50,10,5,3,58,1,2,1,1,5,8,1077,1452,108,16,25,0,51,45,12,1,28,1,1,8,2,6,1,8,3,1056,1408,25,14,95,175,5,13,1478,1469,16,0,0,1,4,4,1403,1449,16,0,17,24,2,0,3554,2975
2008,31,7,1,749,495,32,29,5,2,5,753,480,32,22,1,737,471,30,22,3,4,2,2,800,426,31,18,0,0,11,10,768,438,34,16,0,760,430,32,18,722,400,60,14,0,1,6,4,24,1,2,1,9,0,5,1,2,3,0,703,387,72,12,9,0,25,9,3,0,5,0,4,0,0,4,2,4,4,698,1280,29,10,55,37,2,2,924,370,15,0,0,0,3,6,884,351,14,0,18,9,3,0,1651,1318
2008,31,8,1,260,502,11,10,2,3,4,263,495,10,9,0,255,491,10,7,1,2,0,1,283,466,9,6,0,0,14,4,271,464,9,8,0,263,461,10,5,255,432,27,4,0,1,5,0,8,3,0,1,5,0,1,4,0,0,3,253,424,32,4,5,0,8,12,0,1,7,1,0,0,0,0,3,0,0,248,414,9,4,12,35,0,0,361,415,10,0,0,0,5,4,345,400,7,0,1,6,0,0,970,796
2008,31,9,1,131,167,14,1,0,1,0,132,165,14,0,0,128,164,14,0,0,1,1,0,142,157,13,0,0,1,0,0,139,159,12,0,0,138,159,12,0,131,155,20,1,1,2,0,0,3,0,0,0,0,0,0,0,0,0,0,126,148,23,0,2,1,7,4,0,0,1,0,0,0,0,0,0,0,0,126,146,12,0,10,11,0,0,157,146,10,0,0,0,0,1,144,145,10,0,9,1,0,0,355,314
2008,31,10,1,296,539,13,15,0,1,4,293,526,14,15,0,288,524,12,13,0,2,2,0,318,504,13,10,0,0,7,6,308,501,14,12,0,307,495,13,13,293,471,24,8,0,2,6,1,16,2,0,3,6,0,0,1,0,1,7,286,462,28,9,4,0,14,12,0,0,8,0,2,0,0,0,3,3,2,283,458,13,7,25,22,0,1,392,464,6,0,0,0,2,5,375,451,6,0,4,3,0,0,1078,869
2008,31,11,1,58,98,1,1,0,1,2,56,94,2,1,0,54,93,0,1,0,0,0,0,60,87,0,0,0,0,5,2,57,85,0,0,0,57,85,0,0,56,80,3,0,0,0,2,0,1,0,1,0,2,0,0,0,0,0,1,54,80,7,0,0,0,2,3,0,0,0,0,1,0,0,1,0,0,0,54,79,0,0,3,4,0,0,77,82,0,0,0,0,2,1,70,76,0,0,0,2,0,0,196,162
2008,31,12,1,373,699,18,24,3,1,5,384,692,16,18,1,367,685,13,17,2,2,1,3,416,655,16,20,0,0,3,4,401,657,17,16,0,394,651,17,18,368,620,46,7,0,2,14,2,21,2,2,1,6,0,3,2,0,1,4,364,590,54,8,16,0,19,18,3,0,12,2,2,1,1,1,2,2,6,355,585,13,7,28,54,4,6,512,599,11,0,0,0,1,2,476,591,10,0,15,4,1,0,1343,1125
2008,31,77,1,5,32,2,1,0,2,2,5,32,2,1,0,5,30,2,1,0,0,0,0,5,27,2,1,0,0,2,2,5,27,2,1,0,5,26,3,1,4,21,5,1,0,0,1,0,0,0,0,0,2,0,0,0,0,0,0,4,18,4,1,0,0,0,9,0,0,0,0,0,0,0,0,0,0,0,4,18,2,1,1,8,0,0,17,20,2,0,0,0,2,2,17,20,2,0,0,0,0,0,0,44
2008,31,78,1,13,14,0,0,0,0,0,7,8,0,0,0,13,14,0,0,0,0,0,0,5,4,0,0,0,0,0,0,4,6,0,0,0,4,5,0,0,3,3,0,0,0,0,0,0,0,0,0,0,0,0,0,0,0,0,0,3,3,0,0,0,0,0,0,0,0,0,0,0,0,0,0,0,0,0,3,3,0,0,0,0,0,0,4,3,0,0,0,0,0,0,4,3,0,0,0,0,0,0,0,27
2008,31,81,1,62,103,6,3,2,0,0,63,104,6,2,0,62,103,6,2,0,0,0,0,70,97,5,2,0,0,0,0,66,101,5,2,0,65,99,5,2,65,92,6,2,0,1,1,0,0,1,0,0,1,0,0,0,0,0,0,65,88,6,2,1,0,2,2,1,0,2,0,0,0,0,0,0,0,0,64,86,5,2,1,9,0,0,78,93,5,0,0,0,0,0,75,93,5,0,2,0,0,0,0,176
2008,32,1,1,1190,1073,46,59,9,4,6,1199,1054,45,54,1,1153,1030,40,48,10,4,7,16,1241,995,51,44,0,4,7,14,1297,958,47,49,2,1236,930,45,68,1135,851,109,37,0,9,34,4,3,15,4,11,7,3,48,21,2,2,4,1110,835,101,25,11,1,19,6,2,9,41,11,72,24,0,1,1,15,4,1074,803,35,23,105,107,12,16,1511,821,40,0,0,1,7,14,1430,799,91,0,21,29,5,0,3029,2401
2008,32,2,1,775,830,45,33,10,1,0,777,818,43,31,0,751,790,39,25,7,7,10,3,784,799,46,25,0,2,5,4,822,759,38,25,2,794,757,39,36,729,698,75,21,0,3,15,5,3,10,4,4,5,0,27,7,0,7,2,702,685,79,18,11,1,7,2,4,1,24,10,53,8,0,0,1,12,3,686,663,29,15,78,73,13,6,971,670,26,0,0,3,4,14,888,642,25,0,23,27,7,0,2192,1696
2008,32,3,1,391,463,6,18,9,5,2,398,456,7,15,1,386,448,6,12,4,0,1,1,406,446,9,13,0,1,5,2,414,432,9,14,1,409,430,10,12,371,397,20,18,0,4,11,3,0,8,0,2,4,0,8,2,0,0,2,376,400,21,10,4,0,8,4,0,2,15,1,15,9,0,0,0,2,1,370,388,8,10,22,34,0,2,526,348,7,0,0,1,8,1,496,343,6,0,5,6,2,0,1134,894
2008,32,4,1,412,352,17,21,2,1,1,421,345,13,13,0,407,335,12,11,2,2,1,8,425,329,13,17,0,1,6,1,444,313,12,15,1,416,319,10,20,392,286,29,18,0,3,5,1,4,0,1,2,3,0,16,7,0,1,0,385,280,33,11,8,1,3,2,2,3,5,3,18,5,0,1,0,5,0,374,266,7,11,33,39,2,3,524,266,6,0,0,1,2,4,494,265,6,0,15,6,1,0,988,804
2008,32,5,1,804,1039,26,50,2,4,6,821,1016,26,37,0,786,1003,18,33,7,3,3,14,829,982,24,36,0,5,8,9,888,933,24,38,8,854,904,24,48,770,841,71,39,0,7,18,2,4,13,5,3,3,0,45,19,0,1,1,757,829,83,20,15,0,0,1,2,3,14,11,64,17,1,1,4,10,5,727,807,19,19,98,82,2,12,1079,814,14,0,0,5,8,9,1018,799,10,0,13,15,7,0,2423,1935
2008,32,6,1,365,588,19,18,5,1,0,368,585,19,16,2,361,568,18,14,1,4,0,4,387,566,18,9,0,2,1,1,400,556,19,10,0,383,532,20,18,355,501,50,17,0,1,16,3,3,6,2,1,2,0,11,5,0,0,0,351,497,52,5,8,1,0,3,0,4,8,3,16,8,1,0,1,6,5,346,481,18,10,27,54,2,6,462,513,17,0,0,0,1,2,434,505,17,0,10,8,4,0,1240,999
2008,32,7,1,417,735,8,41,3,1,1,422,727,9,35,0,411,721,8,34,3,0,2,11,426,720,9,31,0,0,9,4,447,687,8,37,2,412,688,8,52,385,618,30,85,1,1,3,0,6,7,4,0,2,0,14,6,0,0,0,395,630,35,26,9,1,1,5,0,2,23,3,20,4,0,0,0,3,1,366,577,7,19,47,100,2,14,527,646,6,0,0,4,11,6,500,633,6,0,10,7,3,0,1457,1206
2008,32,8,1,126,157,2,4,1,0,0,127,153,1,4,0,124,153,1,4,2,0,0,1,134,147,3,1,0,0,3,0,131,146,3,2,0,134,146,2,4,128,142,4,4,0,1,4,0,0,1,0,0,0,0,0,0,0,0,0,131,141,4,1,1,0,0,2,0,0,2,0,3,0,0,0,0,1,0,127,141,2,1,6,2,1,0,139,148,1,0,0,0,2,0,134,148,1,0,0,0,1,0,351,290
2008,32,9,1,723,731,14,30,1,0,5,727,718,14,25,0,714,709,12,24,2,5,1,1,751,676,14,24,0,0,10,3,779,651,14,23,1,758,636,19,33,719,598,40,24,0,2,10,1,3,4,4,4,0,0,14,14,2,2,2,717,580,52,19,12,0,3,3,0,3,13,3,14,10,0,0,3,2,4,705,559,13,19,33,72,5,3,933,534,12,0,0,0,7,5,894,527,11,0,8,17,1,0,1988,1504
2008,32,10,1,470,352,15,22,4,1,4,473,343,14,18,2,458,337,12,17,2,1,2,5,478,339,15,12,0,1,2,5,474,330,22,13,2,483,307,16,14,456,282,27,11,1,1,6,0,4,10,0,0,1,0,21,6,0,3,1,442,277,28,10,3,1,0,2,1,3,11,1,29,9,0,0,0,4,1,425,270,13,8,46,26,1,5,504,321,16,0,0,2,7,13,492,305,14,0,2,5,3,0,1114,868
2008,32,11,1,94,84,1,3,1,0,0,92,81,1,3,0,92,77,0,3,0,0,0,0,98,77,1,0,0,0,0,2,99,77,1,0,0,97,78,1,1,95,76,5,0,0,0,0,1,0,0,0,0,0,0,0,0,0,0,0,93,73,9,0,1,0,0,0,0,0,0,0,3,0,0,0,0,2,0,93,72,1,0,5,5,0,0,106,67,1,0,0,0,1,5,102,66,1,0,1,3,0,0,229,183
2008,32,12,1,84,142,6,12,1,1,1,86,143,6,10,0,83,142,6,10,0,1,0,0,83,137,5,11,0,0,5,0,91,132,5,10,0,85,133,4,11,72,119,11,11,0,1,2,1,0,4,0,0,0,0,4,4,0,0,1,67,117,16,5,4,0,0,0,1,2,8,0,4,0,1,0,0,4,0,64,114,3,5,18,17,1,3,117,127,3,0,0,0,0,0,106,123,2,0,2,2,2,0,321,248
2008,32,13,1,363,365,6,15,1,2,1,362,361,7,14,1,357,359,6,13,0,1,1,2,378,342,4,12,0,0,3,4,386,337,4,13,0,375,335,4,14,361,321,14,19,0,1,5,1,1,2,0,0,0,0,4,4,0,1,0,359,312,16,11,4,0,2,1,0,1,4,0,7,4,2,0,0,2,0,353,304,4,10,19,24,0,2,425,312,5,0,0,0,3,5,414,309,5,0,2,2,0,0,935,753
2008,32,14,1,758,873,16,35,5,5,5,766,864,14,31,0,750,850,14,27,3,3,3,4,783,800,20,23,0,0,17,11,823,778,19,27,0,778,762,20,31,738,707,52,29,0,6,19,2,2,7,3,4,7,0,16,18,0,2,1,719,691,57,18,19,0,8,5,0,8,24,3,29,25,0,0,2,10,0,708,670,15,17,50,78,2,5,970,680,9,0,0,1,14,7,904,665,9,0,19,16,4,0,2241,1697
2008,32,15,1,169,407,12,7,1,2,2,167,404,12,6,0,163,396,10,5,0,1,2,2,181,384,8,3,0,0,7,2,186,377,9,6,0,177,367,8,7,164,343,20,5,1,0,13,0,2,2,0,2,2,0,12,6,0,1,0,154,327,26,3,7,1,2,4,0,0,20,2,13,7,0,0,0,3,3,154,320,8,2,16,44,0,3,247,333,5,0,0,0,9,3,224,329,5,0,6,7,0,0,751,601
2008,32,16,1,527,722,7,24,2,5,4,531,708,10,23,0,516,699,7,16,5,1,4,5,552,679,10,20,0,3,7,5,589,646,9,22,0,550,638,7,30,522,611,36,16,0,0,16,0,2,10,1,0,2,0,18,11,0,0,1,513,600,33,15,5,0,2,6,1,3,11,4,26,6,1,0,0,3,7,504,589,6,11,32,44,4,9,716,559,5,0,0,0,3,5,670,551,4,0,8,12,4,0,1631,1292
2008,32,17,1,253,469,9,17,2,0,3,258,468,7,14,1,250,463,6,13,2,3,2,2,261,458,8,10,0,0,2,3,283,440,8,12,0,270,423,10,19,244,402,23,14,0,1,11,1,4,2,3,0,2,0,11,9,0,1,0,241,398,24,10,3,0,1,6,0,3,10,4,13,5,0,0,1,4,0,234,383,7,9,27,43,0,1,342,400,5,0,0,1,3,2,324,394,5,0,8,3,1,0,942,755
2008,32,18,1,870,1155,25,45,6,1,6,864,1152,25,36,1,846,1126,22,34,11,2,1,7,882,1131,23,34,0,0,10,9,948,1078,24,34,1,892,1069,22,42,854,1008,60,32,0,2,28,3,3,13,4,3,4,0,24,14,1,1,1,839,997,64,25,16,0,8,5,1,3,22,4,28,11,1,0,7,13,5,824,963,18,20,53,93,2,12,1138,959,15,0,0,0,6,15,1070,945,13,0,22,16,2,0,2770,2136
2008,32,19,1,621,871,49,40,7,0,6,626,871,47,36,0,610,852,45,32,2,4,4,9,649,822,43,40,0,0,3,7,687,789,44,44,3,556,760,46,51,585,712,92,40,2,3,18,3,2,17,5,5,6,1,25,14,1,8,0,565,683,87,22,16,0,7,1,0,3,35,7,51,31,2,1,1,14,3,550,658,39,20,73,99,5,16,876,676,26,0,0,1,4,6,809,661,26,0,20,22,9,0,2005,1596
2008,32,20,1,341,545,13,26,3,1,3,350,534,12,20,0,340,529,12,18,0,4,1,2,360,502,10,17,0,4,3,3,397,493,11,12,0,369,482,9,19,313,445,36,19,0,2,14,1,3,12,3,1,3,0,32,12,2,0,0,305,435,43,9,19,0,3,2,1,1,17,6,33,8,0,0,0,8,2,294,410,7,9,45,72,1,0,486,425,7,0,0,0,8,4,458,423,7,0,6,11,0,0,1141,934
2008,32,21,1,370,335,14,11,2,4,1,369,328,14,13,0,362,322,13,10,0,1,2,2,383,309,13,7,0,1,8,0,392,296,12,10,1,374,290,10,11,347,272,25,11,0,2,9,0,3,5,0,5,1,0,11,4,0,1,1,294,275,24,6,2,0,4,2,2,4,9,0,20,6,0,0,0,49,1,288,262,10,5,71,22,2,4,448,270,13,0,0,1,6,1,431,262,11,0,6,4,1,0,895,739
2008,32,22,1,440,486,15,24,17,4,4,448,484,13,18,9,435,476,13,17,1,4,2,2,468,459,11,19,0,0,14,8,483,447,11,21,0,466,449,11,23,437,399,31,16,0,2,10,1,0,18,1,1,1,0,18,8,0,7,1,419,393,33,17,7,0,5,4,1,0,27,2,26,5,1,0,2,4,3,414,380,8,15,39,49,2,1,568,391,12,0,0,4,9,9,552,386,11,0,2,10,1,0,1229,994
2008,32,77,1,15,69,0,2,0,1,0,15,64,0,2,0,15,64,0,2,0,0,0,0,15,62,2,0,0,1,2,0,17,57,2,0,0,15,56,2,0,13,52,5,0,0,0,0,0,0,2,0,1,2,0,0,0,0,0,0,12,42,6,0,1,0,0,0,0,0,9,0,0,0,0,1,0,0,1,12,42,2,0,3,13,0,0,43,38,0,0,0,0,3,0,41,36,0,0,0,0,0,0,0,87
2008,32,78,1,28,48,0,1,1,0,0,28,48,0,1,0,27,30,0,1,0,0,0,0,9,10,0,0,0,0,0,10,9,10,0,0,0,9,10,0,0,9,10,0,0,0,0,0,0,0,0,0,0,0,0,0,0,0,0,0,9,10,0,0,0,0,0,0,0,0,0,0,0,0,0,0,0,0,0,9,10,0,0,0,0,0,0,12,7,0,0,0,0,0,10,12,7,0,0,0,0,0,0,0,78
2008,32,81,1,38,64,3,5,0,1,0,38,64,3,5,0,38,63,3,5,0,0,0,0,38,63,3,4,0,0,1,0,40,59,3,4,1,40,60,3,4,39,57,3,4,0,0,0,0,0,0,0,0,1,0,2,1,1,0,0,38,57,3,5,0,0,1,1,0,0,1,0,2,0,1,0,0,0,0,35,55,3,4,5,4,0,0,48,58,3,0,0,0,1,1,47,58,3,0,0,0,0,0,0,111
2008,33,1,1,728,955,52,41,3,1,7,727,943,50,36,1,702,921,49,32,4,2,2,9,787,852,38,29,0,0,14,10,758,850,67,33,2,729,874,44,29,658,780,102,23,0,9,14,0,3,18,3,8,8,2,42,6,0,3,18,631,759,119,16,19,0,9,21,1,6,17,2,72,0,0,1,2,15,8,617,719,35,13,82,111,8,10,618,1114,33,0,0,1,5,8,594,993,33,0,30,35,6,0,2171,1790
2008,33,2,1,556,718,29,22,6,1,1,545,687,25,26,0,531,659,23,19,2,4,1,2,615,626,22,16,0,1,10,7,578,615,38,19,0,556,630,26,21,526,585,60,12,0,6,2,0,0,14,1,3,11,0,19,5,1,1,10,511,586,59,11,51,0,1,17,1,2,9,1,34,2,0,1,2,9,0,501,557,19,10,40,48,6,5,541,760,17,0,0,1,11,5,511,684,17,0,13,14,3,0,1645,1336
2008,33,3,1,378,471,39,25,3,2,1,386,461,36,21,1,369,460,33,21,2,2,5,4,394,448,34,11,0,2,9,1,401,426,38,24,1,377,437,34,14,340,395,60,11,0,1,2,3,3,6,1,5,10,0,26,5,0,0,9,314,382,61,11,5,0,1,19,0,1,9,2,49,0,0,6,2,8,2,307,369,33,11,60,56,1,1,374,510,26,0,0,2,4,3,342,470,26,0,33,11,1,0,1171,921
2008,33,4,1,396,446,17,21,2,4,2,402,435,15,20,0,387,427,14,19,1,3,2,1,421,411,12,15,0,0,7,3,410,403,16,14,0,394,410,12,16,372,361,37,11,0,4,1,0,1,20,2,0,5,1,24,2,0,0,6,355,355,37,9,8,0,1,10,1,3,1,2,46,3,0,0,3,2,0,348,337,10,9,36,58,1,4,359,513,8,0,0,4,2,1,343,478,7,0,8,6,1,0,1150,890
2008,33,5,1,238,198,6,10,0,0,1,243,192,6,6,0,236,191,6,5,1,1,0,1,241,187,5,7,0,0,4,4,232,186,6,9,0,232,184,6,8,223,172,18,6,0,1,3,0,0,2,1,1,4,0,4,1,0,0,1,219,167,16,4,2,0,1,8,0,0,2,1,6,1,0,0,0,3,1,211,165,4,4,20,15,2,2,235,208,7,0,0,0,3,1,233,198,5,0,2,0,2,0,560,453
2008,33,6,1,522,623,25,32,4,4,3,524,614,23,30,0,509,602,22,25,2,1,3,4,581,554,26,20,0,1,8,2,547,557,37,23,2,535,566,26,25,506,485,69,11,0,1,9,1,0,20,3,2,9,2,19,4,0,1,12,496,479,74,9,12,0,4,18,1,0,12,4,33,1,0,0,2,5,0,484,452,19,8,40,88,3,7,566,621,19,0,0,1,2,2,539,571,17,0,11,18,1,0,1467,1214
2008,33,7,1,742,1035,62,56,9,1,4,753,1020,57,50,3,726,1001,54,44,1,8,6,9,808,965,58,27,0,0,14,6,763,960,81,43,0,741,958,61,39,689,896,111,32,0,6,7,2,5,11,4,10,6,3,40,11,1,2,20,660,874,119,23,23,0,2,15,2,9,13,10,70,3,2,2,8,12,9,639,846,55,20,75,82,7,9,684,1141,53,0,0,9,5,9,656,1079,44,0,18,27,13,0,2389,1909
2008,33,8,1,536,940,47,33,8,4,2,541,925,38,28,3,514,909,36,22,6,4,8,7,592,854,36,24,0,1,12,8,583,837,47,31,4,552,864,37,27,516,786,71,14,1,3,9,0,1,21,3,3,10,2,33,2,0,4,9,489,763,77,13,8,0,4,30,1,2,6,2,60,4,0,2,6,8,1,479,734,32,12,63,97,2,6,512,1019,27,0,0,2,8,4,497,969,27,0,14,19,1,0,1835,1571
2008,33,9,1,167,299,10,9,3,1,3,165,301,9,8,1,160,290,8,7,1,1,2,2,183,284,10,5,0,0,4,1,168,286,13,12,0,166,285,11,5,156,272,21,4,0,1,1,0,0,4,1,0,2,0,8,0,0,0,3,153,265,26,4,3,0,1,5,1,0,0,0,14,2,0,0,1,1,2,149,258,10,4,14,19,1,1,162,319,9,0,0,0,2,2,157,304,8,0,2,1,1,0,633,496
2008,33,10,1,942,1301,50,51,7,6,6,938,1269,49,44,0,908,1224,44,38,6,4,4,8,957,1217,43,49,0,1,20,17,962,1174,49,51,3,939,1175,40,42,871,1056,104,29,1,6,17,3,1,26,3,5,24,3,54,8,0,2,19,855,1040,122,23,8,0,7,37,2,1,27,2,55,3,2,1,7,19,2,809,991,36,18,114,145,4,14,867,1437,26,0,0,9,13,10,833,1301,25,0,32,30,4,0,3000,2368
2008,33,11,1,379,389,14,20,2,4,5,381,375,15,15,0,372,367,13,14,2,3,2,1,398,350,18,7,0,1,12,4,394,331,20,13,0,380,344,16,10,361,314,34,10,0,0,1,1,0,5,1,5,2,1,13,3,0,1,5,352,305,35,6,5,0,4,9,0,2,5,1,21,0,0,1,1,7,1,344,187,16,5,33,29,0,4,381,413,9,0,0,1,8,2,370,400,8,0,4,2,1,0,1017,814
2008,33,12,1,543,1017,77,43,7,3,6,546,1015,71,39,1,527,990,65,31,3,3,3,7,610,941,60,32,0,1,12,7,582,917,90,38,1,556,944,65,32,503,860,124,23,0,5,7,4,3,18,2,11,9,0,35,5,0,0,15,472,848,128,22,16,0,4,15,1,3,18,7,54,4,1,3,10,8,4,459,809,53,11,74,105,9,14,515,1121,45,0,0,4,7,6,500,1035,43,0,16,28,3,0,2057,1699
2008,33,13,1,720,902,38,31,6,3,5,724,888,39,31,2,702,873,34,23,8,3,2,6,750,852,35,25,0,1,12,6,752,808,39,30,2,713,842,33,28,656,751,100,19,0,6,10,1,5,12,1,5,12,1,40,5,1,7,13,625,742,85,15,15,0,6,15,1,8,26,1,61,1,0,0,2,13,4,606,722,30,11,90,79,1,6,629,1035,26,0,0,4,7,4,616,991,25,0,10,12,0,0,2064,1712
2008,33,14,1,320,311,22,9,1,3,1,320,310,22,6,0,316,304,21,5,1,1,1,2,333,289,25,5,0,0,4,2,328,285,28,6,0,323,288,27,6,306,276,41,4,0,1,2,0,0,1,0,2,1,0,9,1,0,0,4,303,274,38,5,1,0,3,2,0,0,2,1,10,1,0,0,1,2,1,301,270,23,4,16,14,3,1,304,339,20,0,0,1,1,2,299,320,20,0,3,1,2,0,854,668
2008,33,15,1,770,954,59,39,10,3,8,773,945,54,31,2,744,916,49,27,5,7,7,8,848,877,48,26,0,0,9,15,800,855,76,33,0,766,878,53,33,694,813,101,17,0,2,7,2,4,9,3,14,10,0,48,8,0,0,16,656,791,104,16,16,0,4,25,1,6,12,8,88,0,1,0,7,17,10,644,755,43,15,106,92,3,4,653,1125,38,0,0,4,8,12,637,1023,36,0,23,28,4,0,2414,1846
2008,33,16,1,95,193,2,2,4,1,0,99,193,3,1,0,94,192,2,1,1,0,0,0,97,187,3,3,0,0,4,0,97,185,3,2,0,94,186,4,2,90,170,6,2,0,0,0,0,0,3,0,0,2,0,0,0,0,0,9,89,170,8,2,1,0,0,3,0,0,3,0,1,0,0,0,1,1,2,89,166,3,2,5,19,0,2,88,206,2,0,0,0,1,0,88,200,2,0,2,0,0,0,406,298
2008,33,17,1,366,391,10,12,2,1,1,370,387,9,11,0,360,378,7,10,1,0,1,4,403,345,8,8,0,0,6,2,389,343,11,8,0,381,362,10,7,371,323,24,5,0,2,1,0,1,7,0,1,3,0,2,0,0,0,7,355,317,23,5,4,1,3,12,0,0,9,2,9,0,0,0,1,5,2,350,303,8,5,20,41,3,2,367,414,5,0,0,0,1,0,362,382,4,0,7,6,2,0,971,789
2008,33,18,1,650,700,61,38,6,4,9,657,685,54,29,0,632,662,52,23,6,7,6,7,715,622,43,27,0,0,14,7,652,624,70,37,0,648,628,48,28,601,583,85,20,0,4,4,1,4,4,3,6,14,0,32,6,1,1,14,580,565,92,15,17,1,2,20,0,2,7,7,46,0,0,0,5,7,3,563,535,39,13,71,75,10,8,595,814,43,0,0,3,7,5,556,743,40,0,36,20,5,0,1867,1470
2008,33,19,1,1005,1287,57,41,8,5,4,1001,1256,54,35,0,966,1219,52,30,3,8,1,5,1076,1166,50,18,0,0,20,8,1006,1138,81,39,3,983,1175,51,25,918,1076,108,22,1,3,6,4,1,25,3,5,12,1,38,8,0,0,22,895,1049,118,13,21,0,4,34,1,2,20,6,61,2,0,1,7,16,7,872,998,47,12,89,133,4,9,959,1374,50,0,0,5,8,7,919,1279,49,0,27,32,7,0,3126,2415
2008,33,20,1,270,484,23,20,0,4,2,269,474,24,17,0,257,470,21,13,4,0,2,5,290,455,23,11,0,0,10,2,280,445,26,19,0,269,456,22,14,253,423,48,10,0,4,1,1,1,6,2,1,0,0,9,3,0,0,9,247,423,43,6,8,0,4,9,0,2,5,7,12,0,0,0,0,4,1,240,414,18,6,26,20,3,8,222,554,20,0,0,0,3,3,206,513,18,0,21,6,2,0,1028,803
2008,33,77,1,22,72,3,0,0,3,2,24,68,4,0,0,22,68,3,0,0,1,0,0,24,62,4,0,0,0,8,1,25,63,4,0,1,24,61,4,0,20,55,7,0,0,0,0,0,0,1,0,1,3,0,1,1,0,0,0,21,50,5,0,0,0,0,10,0,1,1,0,0,0,0,0,1,1,0,20,45,4,0,4,15,0,0,23,67,3,0,0,0,7,0,21,63,3,0,0,1,0,0,0,102
2008,33,78,1,22,37,1,1,0,1,1,23,35,1,2,0,22,33,1,1,0,2,0,0,9,8,1,0,0,0,0,0,8,8,1,1,0,7,9,1,0,8,8,1,0,0,0,0,0,0,0,0,0,0,0,0,0,0,0,0,8,8,1,0,0,0,0,0,0,0,1,0,0,0,0,0,0,0,0,7,8,1,0,1,0,0,0,8,9,1,0,0,0,0,4,7,8,1,0,0,1,0,0,0,64
2008,33,81,1,114,131,11,4,2,0,0,113,130,12,5,1,112,130,11,4,2,0,0,0,124,117,11,4,0,0,14,0,119,118,12,7,0,118,120,11,4,114,115,16,4,0,0,0,0,1,0,0,0,0,0,4,1,0,0,2,113,111,14,4,1,0,0,0,0,0,1,1,3,1,0,1,0,0,1,110,109,11,4,6,8,0,0,113,141,8,0,0,0,10,0,113,131,8,0,7,0,0,0,0,272
2008,34,1,1,290,268,9,1,0,2,3,289,260,7,1,0,283,258,7,1,1,1,0,0,298,253,11,2,0,0,0,3,294,248,12,3,1,297,252,8,2,278,231,21,2,0,3,3,0,1,3,0,1,2,0,12,2,0,1,1,267,226,21,2,2,0,2,8,0,0,2,0,16,3,1,0,1,7,0,258,215,7,2,29,25,2,0,270,293,6,0,0,0,4,4,256,268,6,0,10,13,0,0,702,574
2008,34,2,1,274,400,17,16,4,0,3,271,394,18,14,1,264,384,17,14,1,4,1,1,281,386,13,4,0,0,4,6,276,373,15,5,0,273,377,13,3,254,353,34,3,0,1,2,0,0,7,0,0,0,0,6,5,0,2,6,251,355,33,12,4,0,0,5,0,0,4,2,9,3,1,0,0,3,1,248,343,13,1,17,23,0,3,242,459,10,0,0,0,0,2,242,430,10,0,5,9,0,0,898,715
2008,34,3,1,252,265,6,5,0,1,4,248,257,7,5,0,243,253,6,4,0,1,0,1,250,252,3,3,0,0,7,2,251,240,3,5,0,248,243,3,3,235,218,19,3,0,2,1,0,0,8,0,0,1,0,6,2,0,0,2,228,220,13,3,1,0,0,3,0,0,0,0,11,0,0,0,2,8,0,227,211,3,3,15,22,0,0,216,301,9,0,0,0,2,4,211,284,7,0,3,3,0,0,668,534
2008,34,4,1,377,548,10,8,2,0,2,377,533,15,10,0,369,523,9,7,3,3,1,5,399,487,14,15,0,1,10,1,406,474,15,14,0,396,488,10,13,360,453,33,14,0,2,1,0,2,5,0,0,3,1,16,5,0,3,7,335,441,31,11,5,0,6,6,1,0,3,2,31,2,1,0,5,16,3,332,423,10,8,51,48,0,6,342,584,9,0,0,1,4,2,328,555,8,0,12,16,2,0,1143,947
2008,34,5,1,129,184,7,4,2,4,1,129,183,7,3,1,129,181,7,3,0,0,0,0,129,180,7,0,0,1,3,3,134,174,8,1,0,127,173,8,2,122,166,13,0,0,1,0,0,1,2,0,0,0,0,1,2,0,0,1,116,164,13,0,0,0,0,4,0,0,0,0,4,0,0,0,1,2,0,116,164,6,0,10,7,1,1,117,199,7,0,0,1,2,2,113,169,5,0,3,23,1,0,399,330
2008,34,6,1,124,277,17,4,2,0,7,127,274,13,3,0,121,269,12,3,0,2,2,2,124,268,13,4,0,1,4,5,126,262,13,3,0,126,265,13,5,118,248,21,5,1,0,1,0,1,6,0,0,0,0,4,1,0,0,2,117,244,17,3,2,0,0,2,0,0,1,1,10,1,2,0,0,3,2,116,234,12,3,5,25,0,1,110,303,13,0,0,0,3,1,110,290,12,0,2,4,2,0,514,431
2008,34,7,1,199,332,9,9,3,1,3,199,330,9,7,0,194,321,9,7,1,0,0,1,200,317,16,3,0,0,5,4,203,313,16,5,0,190,320,11,5,181,303,20,5,0,0,1,0,1,12,0,1,0,0,8,1,0,0,1,176,293,23,3,9,0,2,7,0,1,0,0,10,2,0,0,2,5,1,170,279,11,3,18,32,0,2,189,347,7,0,0,2,2,7,179,328,7,0,4,9,0,0,678,557
2008,34,8,1,226,469,9,7,0,3,2,225,470,8,5,0,221,465,8,5,1,0,0,1,226,454,14,2,0,0,2,6,228,448,14,3,0,221,451,13,5,216,433,21,3,0,1,1,1,1,5,0,2,2,0,5,2,0,0,1,207,425,28,1,7,0,0,5,0,0,0,0,12,3,0,0,1,6,0,207,416,12,1,11,29,0,3,230,460,12,0,0,1,3,8,226,450,12,0,2,8,0,0,878,719
2008,34,9,1,138,268,2,6,0,5,4,141,263,2,6,0,138,263,2,6,0,1,0,0,143,257,5,5,0,0,9,2,142,253,4,6,0,142,254,3,7,137,236,11,6,0,1,1,0,0,2,0,0,1,0,4,1,0,0,3,134,235,10,5,0,0,0,4,0,0,0,1,2,0,0,0,2,3,1,133,231,3,5,6,19,0,1,135,279,3,0,0,0,5,3,132,267,3,0,4,1,0,0,512,425
2008,34,10,1,305,621,15,6,2,1,3,310,613,13,5,1,299,598,87,1,2,3,1,4,313,580,16,9,0,1,6,4,319,576,19,9,0,372,406,13,10,283,542,31,7,0,4,1,0,0,16,0,5,0,0,11,3,0,3,1,273,535,34,7,9,0,2,10,0,0,2,0,19,0,0,0,0,14,1,266,507,13,6,32,55,0,1,270,649,15,0,0,5,6,6,257,608,14,0,5,29,1,0,1159,955
2008,34,11,1,41,75,2,2,0,1,1,41,74,2,2,0,40,74,2,2,1,0,0,0,39,73,3,3,0,0,1,0,39,72,4,3,0,40,73,3,3,35,70,5,3,0,1,1,0,0,1,1,0,0,0,2,0,0,0,0,32,66,8,3,0,0,0,1,0,2,0,0,3,0,0,0,1,0,0,32,66,3,3,5,6,0,0,40,72,5,0,0,0,3,2,39,71,3,0,0,2,0,0,128,122
2008,34,77,1,3,17,0,0,0,2,0,3,16,0,0,0,3,16,0,0,0,0,0,0,4,14,0,0,0,0,2,0,3,15,1,0,0,3,14,0,1,3,13,1,0,0,1,0,0,0,1,0,0,0,0,0,0,0,0,0,3,14,0,0,1,0,0,0,0,0,0,0,0,0,0,0,0,0,0,3,12,0,0,0,2,0,0,1,18,0,0,0,0,2,0,1,17,0,0,1,0,0,0,0,22
2008,34,78,1,10,7,1,0,0,0,0,10,7,1,0,0,10,7,1,0,0,0,0,0,5,2,1,0,0,0,0,1,5,2,1,0,0,5,2,1,0,5,2,1,0,0,0,0,0,0,0,0,0,0,0,0,0,0,0,0,5,2,1,0,0,0,0,0,0,0,0,0,0,0,0,0,0,0,0,5,2,1,0,0,0,0,0,4,4,0,0,0,0,0,1,4,4,0,0,0,0,0,0,0,18
2008,34,81,1,52,117,3,2,1,1,3,60,109,3,2,0,52,109,3,2,0,0,0,0,61,106,3,2,0,0,3,3,51,115,3,2,0,60,108,3,2,47,102,4,2,0,2,0,0,0,0,0,0,0,0,2,0,0,0,1,48,101,3,2,0,0,0,1,0,0,0,0,3,1,0,0,0,0,0,46,100,3,2,2,7,0,0,41,132,3,0,0,0,1,2,40,127,3,0,0,1,0,0,0,179
2008,35,1,1,458,921,31,30,21,2,8,474,913,25,26,3,449,883,12,23,28,11,1,5,466,915,15,19,0,0,16,11,466,878,15,19,1,466,873,16,24,432,844,43,13,1,13,7,0,1,3,0,4,12,2,2,1,1,2,6,451,796,50,11,8,2,0,3,3,7,22,0,0,15,0,1,4,2,3,422,782,12,11,30,70,3,3,373,1023,24,0,0,9,17,19,369,982,21,0,10,11,1,0,2280,1477
2008,35,2,1,490,904,21,36,42,5,2,493,899,21,36,3,478,869,19,28,6,13,3,10,476,925,29,19,0,1,19,6,473,873,24,41,3,489,877,22,36,442,865,48,21,1,9,9,1,0,3,1,21,8,0,0,0,2,0,1,461,813,57,12,8,2,1,2,1,14,18,1,2,10,1,1,2,4,5,432,797,22,15,38,54,1,9,421,1018,18,0,0,5,18,7,395,978,15,0,8,14,2,0,2090,1503
2008,35,3,1,684,1150,44,48,8,5,3,690,1123,36,48,2,657,1098,35,38,5,10,8,14,661,1124,44,45,0,2,14,12,700,1031,46,49,4,697,1057,46,52,611,977,112,38,0,37,16,3,5,5,0,6,21,2,3,4,4,3,8,662,913,113,26,15,2,1,7,2,16,29,8,5,29,3,7,4,3,2,582,877,38,18,74,130,6,15,538,1316,51,0,0,6,11,11,523,1202,42,0,27,48,2,0,2513,1945
2008,35,4,1,334,584,14,14,3,3,1,334,568,15,12,1,329,561,14,11,0,1,1,3,327,565,15,15,0,1,10,2,340,529,17,18,2,330,538,18,21,298,507,37,13,0,15,11,1,0,3,1,2,8,3,0,1,0,1,2,319,487,40,11,12,0,0,3,0,2,14,2,1,13,0,2,2,0,1,290,468,15,10,34,52,2,5,261,645,21,0,0,14,4,2,259,622,17,0,16,8,1,0,1262,954
2008,35,5,1,521,742,47,65,13,1,2,545,722,42,57,2,498,695,35,49,7,9,10,16,502,752,42,51,0,1,6,4,553,656,50,61,0,543,674,40,66,439,605,86,42,2,54,8,0,2,8,1,23,33,7,2,1,3,3,5,497,552,96,29,19,1,3,4,3,13,41,9,7,21,0,4,1,5,9,406,513,29,26,86,109,11,17,379,932,55,0,0,4,9,9,367,827,47,0,24,27,11,0,1725,1392
2008,35,6,1,486,716,34,25,16,1,3,491,712,29,25,1,464,693,28,18,0,6,4,13,478,696,30,26,0,3,11,5,490,655,32,25,5,485,668,30,27,521,625,49,22,0,43,12,8,7,2,1,5,16,1,3,1,5,4,6,477,583,51,13,23,2,0,5,1,8,21,3,5,6,1,3,2,2,3,406,554,23,13,39,82,7,4,376,831,46,0,0,5,13,8,365,768,37,0,19,23,7,0,1610,1281
2008,35,7,1,323,529,17,12,2,1,2,321,512,17,10,0,315,502,17,8,2,5,0,6,306,518,20,11,0,0,4,1,313,499,18,11,0,308,500,19,15,275,462,43,8,0,9,22,2,2,1,0,4,13,1,4,0,0,2,1,296,449,35,5,10,0,1,2,0,9,14,1,2,10,1,0,1,2,1,271,434,17,5,26,48,1,3,267,581,20,0,0,1,7,2,261,547,16,0,11,5,0,0,1231,887
2008,35,8,1,1019,1520,51,52,21,4,5,1018,1507,47,52,7,989,1472,47,41,3,18,5,7,974,1529,49,45,0,0,15,14,1019,1460,48,48,6,1001,1460,47,55,936,1381,93,35,0,33,24,1,2,3,0,11,17,3,6,5,4,4,5,961,1326,96,30,27,1,0,2,2,14,35,6,6,24,0,5,3,5,7,896,1294,42,21,76,120,13,17,837,1715,50,0,0,6,21,23,828,1638,47,0,18,29,13,0,3501,2674
2008,35,9,1,343,732,12,31,5,3,5,340,722,14,28,2,326,708,12,25,5,0,0,6,319,726,12,30,0,1,12,10,337,684,12,32,0,327,695,12,30,298,674,36,23,0,10,3,0,1,2,0,12,9,0,0,0,1,2,6,319,631,41,19,9,0,1,1,1,6,19,5,1,9,1,1,1,1,2,285,614,12,19,36,59,0,5,280,814,15,0,0,1,12,7,276,793,14,0,10,7,1,0,1552,1134
2008,35,10,1,451,715,14,25,6,6,1,456,705,13,16,3,444,694,11,16,1,0,2,6,406,736,17,25,0,4,6,2,427,698,18,25,3,432,700,18,32,396,696,40,17,0,14,2,0,0,3,0,2,3,0,1,0,1,4,3,425,649,36,13,7,3,1,3,0,5,20,1,1,4,0,0,2,2,1,380,644,15,11,38,36,2,7,332,829,20,0,0,11,7,5,322,754,17,0,15,28,3,0,1601,1219
2008,35,11,1,317,590,12,21,18,1,2,320,578,16,16,9,306,567,8,15,1,6,5,4,300,579,12,26,0,5,8,4,309,548,18,26,13,305,559,13,25,276,521,40,13,0,13,13,1,1,5,0,14,9,3,0,0,0,3,3,301,479,38,11,14,1,0,6,0,12,23,2,1,13,0,1,6,1,2,263,448,8,11,30,86,5,3,257,643,22,0,0,13,14,5,243,602,18,0,5,15,4,0,1251,962
2008,35,12,1,995,1565,41,60,28,7,4,1008,1552,44,52,6,963,1514,36,39,2,14,4,17,960,1557,45,43,0,4,14,14,1004,1453,54,44,6,995,1481,43,47,903,1368,103,37,3,51,28,1,5,8,1,14,21,1,8,2,3,0,8,962,1312,104,22,24,0,2,6,1,15,53,15,5,27,1,3,1,6,10,876,1256,29,16,69,160,7,15,830,1755,55,0,0,17,16,26,798,1638,45,0,29,45,5,0,3479,2705
2008,35,13,1,254,543,16,21,6,0,2,261,546,10,22,1,240,527,7,19,2,2,6,2,234,541,11,22,0,1,8,5,255,504,13,20,3,245,529,11,20,219,483,35,13,0,17,7,4,4,2,0,4,6,1,1,1,0,0,1,236,458,35,7,9,2,4,3,0,3,16,3,1,13,0,3,2,3,0,202,441,8,7,32,54,3,5,201,612,8,0,0,2,9,6,197,578,8,0,11,7,0,0,1082,844
2008,35,14,1,435,691,16,33,5,1,2,440,686,13,26,1,417,668,12,22,0,3,4,8,418,690,11,31,0,0,6,8,431,658,15,29,0,428,672,14,32,396,650,31,26,1,23,5,5,0,1,0,3,5,0,1,1,0,0,3,420,600,35,21,5,0,1,2,0,4,22,4,4,9,0,3,2,4,4,385,588,6,19,26,52,5,8,341,806,11,0,0,5,7,9,338,763,10,0,8,16,3,0,1557,1185
2008,35,15,1,608,1090,24,50,17,1,5,614,1066,27,43,3,587,1051,22,39,4,8,3,11,585,1085,26,40,0,5,11,9,608,1015,29,44,1,599,1039,29,44,557,953,70,38,0,29,9,2,0,3,1,10,16,1,2,4,4,2,3,580,904,71,28,10,0,1,3,0,10,31,7,2,21,1,5,3,10,4,525,870,23,26,51,127,6,12,482,1248,31,0,0,4,8,15,471,1186,26,0,15,12,4,0,2469,1795
2008,35,16,1,346,428,16,21,3,4,5,366,410,16,11,0,338,395,13,9,2,5,2,4,336,423,16,15,0,1,7,6,349,392,18,19,0,341,399,18,16,310,369,41,11,0,21,7,0,1,1,1,5,4,1,2,3,2,2,1,334,339,42,8,7,0,0,3,1,8,8,5,5,7,0,0,5,2,0,296,322,14,7,30,50,1,6,271,513,12,0,0,0,13,8,266,477,9,0,9,9,2,0,1072,826
2008,35,17,1,614,1027,43,58,16,2,2,634,995,35,55,8,597,800,91,47,178,8,7,12,607,1014,34,45,0,0,17,9,646,914,39,56,6,643,949,35,62,578,885,81,40,0,41,12,1,3,5,1,1,16,4,3,1,1,1,5,612,824,79,28,12,1,1,13,2,15,27,8,6,21,1,5,3,3,4,553,794,32,27,46,88,4,11,478,1209,39,0,0,6,15,12,468,1117,35,0,21,23,8,0,2281,1767
2008,35,18,1,311,661,10,17,6,2,3,315,649,8,19,0,302,637,7,14,3,3,1,5,315,639,9,20,0,1,9,3,317,608,12,22,0,318,616,8,23,289,590,25,12,0,16,5,0,1,1,0,1,14,2,0,0,2,1,1,300,554,31,11,6,0,0,2,1,6,15,0,2,18,0,4,0,0,5,280,547,6,11,24,55,1,6,262,702,16,0,0,3,16,1,255,684,12,0,7,6,0,0,1348,1015
2008,35,19,1,731,1192,27,42,15,2,10,732,1175,31,37,7,713,1155,25,36,5,7,4,3,708,1189,22,38,0,1,11,6,725,1132,20,38,0,723,1138,27,43,657,1063,66,28,1,41,13,1,1,3,0,11,20,1,3,2,2,3,5,685,1010,69,26,20,0,0,4,1,15,43,4,2,11,0,5,9,4,12,625,982,17,23,72,109,1,7,548,1388,36,0,0,15,16,15,535,1217,25,0,19,27,8,0,2738,2020
2008,35,20,1,342,719,14,29,15,2,4,350,704,12,29,5,334,685,10,25,4,3,1,9,337,719,9,26,0,0,8,1,344,689,9,29,0,340,688,9,26,310,647,33,20,0,14,9,0,1,3,0,6,13,4,4,1,0,0,1,329,615,38,16,8,1,2,3,0,4,24,3,2,8,0,3,3,0,5,301,596,8,14,20,74,0,6,272,810,12,0,0,5,15,3,261,775,10,0,8,17,2,0,1490,1127
2008,35,77,1,38,181,3,1,2,2,0,39,161,6,0,1,36,155,2,0,0,2,0,1,36,162,6,0,0,0,3,2,37,156,6,0,0,35,158,6,2,33,129,14,2,0,2,10,0,0,1,0,0,0,0,0,0,0,1,1,35,130,20,0,0,0,0,0,0,2,17,0,0,1,0,0,2,0,0,29,126,5,0,3,22,0,0,27,187,5,0,0,0,3,4,26,171,3,0,2,0,0,0,0,229
2008,35,78,1,22,95,3,4,0,0,3,22,94,3,3,0,22,91,3,3,0,5,0,0,10,37,1,2,0,0,0,0,11,36,1,2,0,11,38,1,3,10,32,3,1,0,0,0,0,0,0,0,0,0,0,0,0,0,0,0,10,33,2,1,0,0,0,0,0,0,0,0,0,0,0,0,0,0,0,10,32,1,1,0,0,0,1,10,37,1,0,0,0,0,8,8,36,1,0,0,0,0,0,0,129
2008,35,81,1,93,78,4,5,0,1,0,96,74,5,5,0,91,74,4,5,0,3,0,0,97,69,4,6,0,0,1,3,95,71,4,6,0,97,70,5,4,92,67,6,4,0,2,0,1,0,0,0,5,0,0,0,0,1,0,0,93,62,5,4,2,0,0,0,0,5,1,0,1,0,0,0,0,0,0,88,61,4,4,8,9,0,0,90,84,4,0,0,1,1,1,87,79,4,0,1,4,0,0,0,182
2008,36,1,1,176,482,5,7,6,1,0,174,484,5,6,1,172,480,5,6,3,1,0,0,172,472,5,12,0,0,2,1,177,465,5,10,0,171,467,5,15,164,437,12,10,0,3,1,0,0,0,0,1,12,1,1,15,0,4,0,170,429,12,8,1,0,0,3,1,3,4,1,0,1,1,1,17,0,4,161,418,5,6,6,43,0,3,176,482,7,0,0,0,2,6,174,471,7,0,1,5,0,0,798,677
2008,36,2,1,746,920,33,38,4,2,4,749,907,32,40,0,735,899,32,35,3,6,2,7,720,898,59,30,0,1,9,10,748,862,35,34,2,731,891,41,34,697,800,59,21,0,29,3,1,0,10,0,8,35,1,7,12,2,2,2,725,773,67,19,11,0,4,3,4,10,8,3,1,5,1,3,34,4,12,664,748,30,17,60,106,2,7,714,955,35,0,0,9,8,11,683,898,32,0,23,37,6,0,2148,1748
2008,36,3,1,649,773,16,17,11,3,4,658,763,15,15,0,633,752,15,13,7,8,1,3,633,748,15,22,0,2,7,5,649,730,19,23,0,641,737,15,25,607,647,34,18,1,10,3,0,8,0,0,13,49,1,1,22,1,2,5,618,656,36,18,8,0,1,2,1,20,16,0,1,3,0,9,21,1,14,582,610,14,14,49,101,3,6,620,812,20,0,0,2,13,5,609,763,19,0,15,6,0,0,1960,1477
2008,36,4,1,770,1390,39,28,19,0,3,782,1372,37,24,6,739,1345,36,21,6,7,3,11,781,1322,49,32,0,3,10,7,806,1275,41,28,3,777,1305,39,42,717,1152,87,21,0,22,3,0,2,12,0,7,64,2,6,27,3,5,9,751,1120,97,13,23,0,0,6,4,8,23,5,3,5,0,2,51,4,24,679,1061,29,10,65,173,5,7,686,1481,42,0,0,8,12,13,663,1342,40,0,46,51,3,0,2770,2252
2008,36,5,1,1014,1408,34,41,18,5,7,1017,1395,35,35,3,994,1371,30,29,9,2,4,17,1054,1324,37,66,0,3,11,3,1034,1304,32,51,6,1009,1328,34,59,957,1209,87,30,2,31,3,1,1,8,0,14,44,6,1,24,2,2,4,1000,1158,97,22,26,1,1,5,3,15,16,6,4,7,2,1,38,1,24,920,1099,27,18,70,183,4,11,950,1483,37,0,0,16,9,8,915,1370,35,0,45,58,5,0,3171,2529
2008,36,6,1,1282,1739,21,55,21,8,16,1283,1727,19,58,5,1250,1695,17,42,10,16,0,20,1310,1663,28,63,0,3,20,16,1321,1558,28,71,2,1296,1657,33,81,1210,1477,72,51,2,45,0,1,3,8,0,24,44,3,2,36,1,2,10,1263,1436,72,43,16,1,4,13,5,18,22,8,2,3,0,4,38,4,24,1142,1380,16,34,122,164,6,22,1376,1662,30,0,0,11,23,22,1317,1525,30,0,44,74,1,0,3968,3144
2008,36,7,1,471,832,36,25,9,1,6,479,823,32,18,3,455,812,28,14,5,4,1,6,480,800,39,15,0,0,8,5,483,778,36,20,0,475,788,38,19,448,716,67,13,0,13,1,0,1,9,0,3,17,1,1,13,2,4,5,456,687,89,10,14,0,0,5,1,4,3,4,5,1,0,2,25,1,13,432,662,31,7,27,98,2,5,498,814,33,0,0,6,12,8,475,768,29,0,15,20,0,0,1836,1381
2008,36,8,1,380,642,30,12,1,4,5,386,626,32,11,0,372,619,29,10,1,3,2,3,383,622,32,14,0,0,14,4,384,594,33,14,1,380,585,32,16,355,535,63,13,0,15,3,0,0,1,0,1,15,0,3,8,4,2,4,376,513,55,10,15,0,1,3,0,9,7,1,3,0,0,5,18,0,10,335,494,30,10,42,76,0,2,394,621,33,0,0,3,13,3,357,530,33,0,27,73,0,0,1322,1076
2008,36,9,1,587,1451,38,36,10,4,3,592,1432,39,35,1,574,1396,35,28,5,6,3,9,600,1411,40,30,0,2,10,9,614,1352,40,30,0,605,1369,36,34,558,1286,72,23,1,24,2,0,0,2,0,8,27,3,3,16,2,2,6,583,1248,76,18,15,1,3,3,2,10,9,5,4,2,1,4,26,2,23,543,1218,31,14,35,89,0,12,601,1432,37,0,0,13,15,23,566,1289,34,0,25,86,3,0,2650,2134
2008,36,10,1,252,340,5,12,5,2,3,252,335,5,12,0,249,333,5,11,1,0,0,0,250,335,9,11,0,0,5,4,257,318,10,10,0,250,323,9,11,240,307,16,7,0,2,0,0,0,3,0,2,7,1,1,3,1,0,3,245,306,16,7,3,0,0,2,0,2,2,0,1,1,0,1,5,0,6,233,296,8,7,15,15,1,0,279,319,9,0,0,1,8,2,273,309,6,0,2,4,1,0,784,621
2008,36,11,1,496,844,9,32,2,1,4,497,835,11,30,0,485,820,8,24,2,0,3,5,513,807,13,25,0,0,4,5,527,785,14,18,1,514,789,11,27,483,703,42,14,1,17,1,1,3,5,1,1,33,0,2,22,2,2,5,511,669,46,13,4,0,2,4,1,8,11,3,1,2,0,1,42,0,17,468,650,10,12,34,115,0,6,583,753,16,0,0,3,11,11,555,708,13,0,7,41,2,0,1691,1388
2008,36,77,1,64,174,6,1,1,0,0,63,175,6,1,0,62,172,6,0,0,2,1,0,58,171,9,2,0,0,4,0,60,170,9,2,0,60,167,9,3,56,160,14,0,0,1,0,0,1,0,0,1,3,0,0,4,0,0,0,57,157,12,0,2,0,0,1,0,1,2,0,0,0,0,0,4,1,0,54,151,9,0,5,16,1,0,60,177,6,0,0,1,4,0,59,169,6,0,1,3,1,0,0,247
2008,36,78,1,25,44,1,0,0,0,1,25,43,0,0,0,24,42,1,0,0,18,0,0,8,12,1,0,0,0,0,3,14,21,1,1,0,13,23,1,0,7,11,1,0,0,0,0,0,0,0,0,0,0,0,0,0,0,0,0,7,11,1,0,0,0,0,0,0,0,0,0,0,0,0,0,0,0,0,6,10,1,0,1,2,0,0,6,14,0,0,0,0,0,20,5,13,0,0,0,0,0,0,0,71
2008,36,81,1,51,136,5,1,1,0,0,51,137,5,1,0,50,136,5,0,0,1,1,0,51,134,6,0,0,0,0,0,51,133,6,0,0,52,132,6,1,48,129,8,0,0,2,0,0,0,0,0,1,1,0,0,1,0,0,0,49,128,8,0,2,0,0,0,0,1,0,0,0,0,0,0,0,0,0,47,124,6,0,3,9,1,0,46,141,4,0,0,1,2,0,46,136,4,0,1,3,1,0,0,194
2008,37,1,1,212,339,6,5,3,1,1,212,334,8,3,0,209,328,5,2,0,3,1,2,208,329,5,3,0,0,6,2,217,322,6,1,0,206,323,4,6,206,297,15,1,0,1,1,2,4,2,1,3,4,1,1,3,2,0,4,197,290,17,2,3,0,2,3,1,1,1,2,0,2,0,0,5,11,4,194,286,4,1,11,28,0,0,196,347,5,0,0,2,4,5,187,320,4,0,6,12,1,0,672,566
2008,37,2,1,113,287,2,5,3,1,1,113,284,2,5,0,113,275,2,5,0,0,0,0,114,280,2,4,0,0,2,3,117,277,2,5,0,120,267,2,4,110,259,13,3,0,2,1,0,0,3,0,0,6,0,1,1,0,0,0,104,248,19,3,0,0,2,1,0,0,2,0,0,0,0,1,4,8,5,103,244,2,3,8,22,0,1,131,264,3,0,0,1,3,8,121,255,3,0,6,8,0,0,485,413
2008,37,3,1,255,793,5,30,2,0,3,261,779,4,25,1,244,762,2,22,4,3,1,5,253,766,3,28,0,1,4,8,251,764,6,35,2,251,748,7,32,251,704,19,25,0,0,1,1,2,7,1,0,20,0,2,7,0,1,4,235,682,31,21,7,1,5,2,3,4,3,2,1,5,0,1,14,20,18,230,667,2,20,16,68,1,7,296,745,10,0,0,12,9,17,277,708,9,0,11,27,2,0,1365,1088
2008,37,4,1,231,388,4,16,0,0,1,235,383,3,14,0,229,383,3,13,1,0,2,1,234,371,5,9,0,1,3,4,241,357,7,13,0,235,364,5,11,230,347,15,8,0,0,0,0,1,0,0,0,8,0,2,7,1,1,1,201,333,18,6,5,0,2,2,1,0,2,2,3,0,1,2,10,25,5,201,324,3,6,28,32,2,4,252,359,4,0,0,3,5,9,229,340,3,0,15,20,1,0,762,640
2008,37,77,1,3,7,0,0,0,0,0,3,7,0,0,0,3,7,0,0,0,0,0,0,2,8,0,0,0,0,0,0,2,8,0,0,0,2,8,0,0,2,8,0,0,0,0,0,0,0,0,0,0,0,0,0,0,0,0,0,2,6,1,0,0,0,0,0,0,0,0,0,0,0,0,0,0,0,0,2,7,0,0,0,1,0,0,2,80,0,0,0,0,0,0,2,8,0,0,0,0,0,0,0,10
2008,37,78,1,4,5,0,0,0,0,0,3,5,1,0,0,3,5,0,0,1,0,0,0,0,1,0,0,0,0,0,2,0,1,0,0,0,0,1,0,0,0,1,0,0,0,0,0,0,0,0,0,0,0,0,0,0,0,0,0,0,1,0,0,0,0,0,0,0,0,0,0,0,0,0,0,0,0,0,0,1,0,0,0,0,0,0,0,1,0,0,0,0,0,2,0,1,0,0,0,0,0,0,0,9
2008,37,81,1,15,33,1,1,1,2,1,15,33,1,1,0,15,33,1,1,0,0,0,0,14,34,0,1,0,0,3,0,14,33,0,2,0,14,34,0,1,14,30,1,2,0,0,0,0,0,0,0,0,0,0,0,1,0,0,0,13,30,1,1,0,0,1,0,0,0,0,0,0,0,0,0,1,0,0,13,31,0,1,1,2,0,0,16,32,1,0,0,0,3,1,16,32,1,0,0,0,0,0,0,54
2008,38,1,1,458,520,13,32,1,0,3,457,503,16,28,0,448,499,13,26,2,1,1,6,449,497,18,34,0,1,5,3,455,473,18,17,0,454,470,16,17,406,408,52,14,0,8,21,0,5,4,4,1,6,0,4,17,0,22,1,401,394,55,13,14,0,4,0,0,9,13,3,3,13,0,42,3,2,2,383,375,16,12,52,69,0,2,481,475,40,0,0,7,7,13,451,445,32,0,6,13,1,0,1305,1028
2008,38,2,1,342,1228,25,39,18,2,6,348,1204,24,29,1,330,1173,23,21,3,7,1,10,328,1226,23,21,0,9,13,8,344,1142,26,35,3,323,1135,25,47,292,1035,57,25,1,2,45,4,4,13,5,0,3,0,0,27,0,36,6,278,1010,69,18,17,2,0,12,0,1,32,8,6,23,0,54,6,2,4,259,970,20,13,44,109,2,15,351,1215,42,0,0,19,9,13,325,1147,28,0,5,33,2,0,1986,1662
2008,38,3,1,219,803,9,23,10,6,3,222,795,8,25,0,207,767,5,20,2,13,2,11,243,787,6,18,0,2,6,4,239,760,5,21,1,228,759,6,27,204,686,22,11,0,1,24,3,12,11,4,1,0,0,3,20,0,14,0,196,682,34,14,9,0,3,3,0,1,12,4,1,14,2,19,4,2,2,186,644,2,9,34,93,2,7,265,786,14,0,0,0,7,4,245,760,9,0,10,7,2,0,1360,1078
2008,38,4,1,592,903,48,61,15,3,3,608,885,45,51,3,572,864,41,44,2,6,6,6,610,883,56,37,0,0,6,7,597,845,47,39,2,602,849,46,44,523,731,90,34,1,7,31,3,8,15,7,4,1,1,7,30,1,48,2,512,707,120,26,30,0,8,3,1,4,39,11,7,10,0,75,6,0,2,487,685,38,21,85,108,6,12,630,879,88,0,0,6,12,7,592,824,68,0,19,27,9,0,2063,1628
2008,38,5,1,373,553,21,26,13,2,2,373,551,21,22,3,365,526,20,20,2,6,1,1,377,539,27,17,0,2,5,4,371,527,25,18,0,373,516,23,17,339,459,51,13,0,4,21,1,0,7,1,2,1,0,1,18,1,12,3,336,431,54,11,12,0,2,3,0,2,14,3,3,13,0,28,18,0,7,324,417,19,6,33,79,4,7,397,546,35,0,0,6,3,5,381,517,25,0,4,8,2,0,1351,992
2008,38,6,1,562,630,36,47,8,0,2,564,616,37,42,3,552,608,32,39,2,5,2,2,589,585,32,32,0,1,12,1,559,569,31,32,0,556,551,31,38,503,496,69,23,1,2,18,1,9,10,3,7,6,0,2,15,0,36,0,488,474,75,23,25,0,3,2,1,3,20,4,6,6,1,64,1,1,6,471,457,24,20,64,86,4,2,578,626,52,0,0,8,6,4,542,583,45,0,21,21,0,0,1610,1285
2008,38,7,1,349,599,11,9,4,1,5,352,588,11,6,1,339,573,7,6,2,4,1,4,368,602,11,5,0,2,5,1,363,548,9,10,0,358,556,7,13,328,490,25,4,1,2,29,4,0,4,5,2,0,0,1,19,0,18,0,319,480,38,3,5,0,4,4,0,0,25,0,0,12,1,34,2,1,6,299,456,7,2,48,77,1,1,369,588,11,0,0,3,3,3,362,508,8,0,6,9,1,0,1190,979
2008,38,8,1,303,347,5,14,3,1,2,301,340,5,13,1,297,333,3,11,0,2,1,2,304,328,12,11,0,0,1,3,306,324,4,15,0,305,317,5,18,276,288,22,11,1,0,9,1,0,2,0,0,3,0,0,9,1,20,2,271,284,22,7,3,0,4,0,0,1,11,0,1,12,2,20,2,0,3,263,274,3,7,34,34,2,3,310,352,9,0,0,3,1,1,295,334,9,0,11,9,0,0,868,676
2008,38,9,1,363,372,11,12,2,0,0,370,368,9,9,1,357,358,5,8,1,4,5,6,367,361,11,6,0,0,8,5,361,357,10,7,0,363,346,14,9,336,317,26,6,0,0,23,0,3,1,1,0,2,0,4,8,0,11,0,333,325,24,5,9,0,2,1,0,2,3,2,1,5,0,17,1,0,1,323,306,8,5,30,37,2,1,387,344,22,0,0,0,4,5,363,318,14,0,17,22,4,0,970,765
2008,38,10,1,568,967,10,27,13,5,1,571,956,6,25,2,557,933,6,19,2,5,0,5,563,956,7,19,0,0,11,9,566,919,9,21,1,570,912,8,30,518,838,39,20,1,3,27,2,3,16,0,2,3,1,0,7,1,36,3,507,810,45,15,4,0,4,5,0,2,38,3,4,12,0,54,2,1,10,490,792,5,13,60,89,2,6,545,995,14,0,0,9,7,16,532,937,13,0,11,21,2,0,1933,1593
2008,38,11,1,206,554,6,10,1,3,2,207,543,4,9,1,202,538,4,9,0,1,1,2,201,549,8,7,0,1,3,5,203,528,4,15,1,199,529,5,15,180,498,16,12,0,0,16,0,4,1,0,0,2,0,0,3,1,10,2,181,491,23,7,7,0,1,1,0,5,8,0,1,5,0,15,0,1,2,182,488,4,7,12,33,0,3,199,556,10,0,0,0,5,9,194,539,10,0,2,7,0,0,946,782
2008,38,12,1,558,643,26,42,7,1,1,569,639,23,31,0,543,617,20,26,5,8,4,6,562,608,33,28,0,4,8,3,575,592,28,29,0,573,580,27,33,505,508,71,19,0,6,26,3,7,9,8,3,6,0,1,12,2,44,0,489,496,66,17,23,0,5,6,2,8,19,4,9,17,2,48,3,0,2,473,472,23,14,65,77,2,7,572,651,44,0,0,3,5,0,549,624,36,0,9,19,5,0,1609,1278
2008,38,13,1,767,1125,28,48,7,0,5,771,1104,25,39,0,738,1082,19,33,14,5,2,10,774,1091,25,31,0,0,11,10,777,1031,27,46,0,777,1007,28,44,698,893,65,29,0,3,44,3,5,20,5,3,8,0,4,32,0,51,1,682,868,76,20,20,0,5,8,0,11,45,7,6,27,2,62,8,2,6,653,826,19,19,92,139,5,10,763,1138,34,0,0,6,9,14,732,1058,27,0,21,40,3,0,2498,1982
2008,38,14,1,593,648,10,36,6,1,5,598,630,14,30,1,579,614,9,27,3,8,2,7,594,612,20,20,0,1,12,4,602,604,13,22,2,587,585,12,21,516,498,57,19,2,4,46,3,3,18,3,5,2,0,6,23,1,42,0,505,492,56,16,18,1,2,1,3,7,29,0,13,17,1,61,0,0,6,481,472,9,12,80,81,3,7,557,683,39,0,0,4,7,12,534,649,31,0,19,21,0,0,1543,1303
2008,38,15,1,363,518,14,41,5,2,1,361,517,11,34,1,338,487,10,28,1,1,4,11,364,493,10,41,0,1,7,0,377,473,9,27,0,363,480,9,40,334,423,34,24,0,2,12,1,4,4,5,0,3,1,3,15,0,20,2,326,409,33,21,13,0,3,5,2,3,7,4,2,9,0,45,1,1,0,308,389,7,15,44,60,3,9,377,529,22,0,0,2,7,2,361,499,16,0,7,11,2,0,1133,944
2008,38,16,1,620,967,45,73,8,5,12,641,960,38,53,1,592,933,35,49,7,9,6,19,632,941,45,58,0,0,13,9,640,891,42,55,5,633,860,43,63,543,754,99,39,0,5,64,5,6,13,10,1,8,0,4,25,1,61,1,518,737,89,32,39,0,4,13,0,4,35,3,7,21,1,106,10,0,3,493,686,32,24,96,141,9,20,587,1011,89,0,0,10,11,12,556,936,72,0,24,30,6,0,2095,1732
2008,38,17,1,444,495,7,20,7,3,4,445,485,7,19,3,435,476,4,17,4,2,1,4,461,469,3,15,0,0,7,9,459,448,7,18,1,460,447,7,16,424,408,26,15,0,5,17,1,4,7,3,1,3,0,4,6,0,13,1,427,393,29,12,4,0,3,7,0,3,14,0,1,10,0,28,0,1,3,407,383,3,12,38,52,1,2,466,475,16,0,0,1,12,10,447,453,12,0,4,12,1,0,1202,982
2008,38,18,1,867,1537,81,90,19,6,4,890,1520,73,71,3,834,1473,67,57,5,4,17,15,883,1513,82,47,0,2,15,6,884,1434,69,64,3,876,1426,70,78,766,1222,163,41,1,13,70,5,12,22,16,4,10,0,13,36,0,59,5,744,1177,176,32,27,0,7,7,1,11,58,15,7,42,0,116,5,6,9,720,1131,58,30,102,199,9,13,807,1650,104,0,0,3,14,11,760,1517,83,0,35,41,12,0,3164,2608
2008,38,77,1,10,41,3,2,2,0,0,11,40,3,2,1,9,39,2,2,0,0,1,0,11,37,3,1,0,1,0,0,12,36,3,1,0,11,37,2,1,10,30,6,1,0,1,0,0,0,2,1,0,0,0,0,0,0,0,0,7,29,6,1,0,0,1,0,0,0,5,0,0,0,0,2,0,0,1,5,30,2,0,5,6,0,1,14,40,2,0,0,1,1,0,10,33,2,0,0,3,1,0,0,58
2008,38,78,1,12,34,0,2,0,0,1,13,32,0,2,0,12,32,0,2,0,0,0,0,3,10,0,0,0,0,0,0,5,10,0,0,0,5,10,0,0,3,6,2,0,0,0,0,0,0,0,0,0,0,0,0,0,0,0,0,3,9,2,0,0,0,0,0,0,0,0,0,0,0,0,0,0,0,0,3,6,0,0,0,0,0,0,3,7,0,0,0,0,0,5,3,7,0,0,0,0,0,0,0,49
2008,38,81,1,13,30,2,1,0,0,0,13,30,2,1,0,13,30,2,1,0,0,0,0,13,31,2,1,0,0,0,0,13,30,2,1,0,13,30,2,1,12,27,3,0,0,0,2,0,0,0,1,0,0,0,0,0,0,1,0,11,26,4,1,0,0,0,0,0,0,2,0,0,0,0,1,0,0,0,13,30,2,1,0,0,0,0,14,29,2,0,0,0,1,0,13,30,2,1,0,0,0,0,0,46
2008,39,1,1,476,409,27,40,2,8,2,484,396,24,30,0,459,389,22,27,5,1,5,8,489,386,26,22,0,0,12,4,488,359,24,22,0,495,366,21,29,443,318,50,19,0,28,1,3,6,3,0,2,10,0,6,10,0,0,2,457,304,65,14,13,0,0,3,1,9,8,0,5,1,0,2,13,4,2,413,295,15,12,55,45,6,6,542,375,15,0,20,0,8,1,505,351,12,0,14,14,3,0,1231,966
2008,39,2,1,286,356,6,24,2,2,2,283,349,5,21,0,276,337,4,18,2,2,0,3,297,329,11,16,0,0,7,2,296,320,10,20,0,296,313,9,25,268,283,30,12,0,18,2,1,1,1,2,5,12,0,6,6,2,1,0,282,259,33,10,5,0,1,0,2,4,4,5,2,1,0,1,23,0,6,249,249,6,10,35,49,1,2,369,287,9,0,8,1,0,1,345,276,8,0,11,9,0,0,851,678
2008,39,3,1,277,375,14,27,7,1,2,276,369,16,27,0,267,354,12,24,3,3,4,8,299,349,12,22,0,1,7,7,289,330,10,31,0,290,334,11,30,263,293,35,17,0,17,2,2,4,4,3,4,10,0,5,4,0,0,3,285,281,28,15,9,0,1,1,0,8,3,2,1,4,0,5,7,0,5,250,278,8,11,26,38,1,12,346,331,9,0,14,1,1,3,321,310,9,0,11,8,4,0,892,705
2008,39,4,1,249,298,10,11,3,0,4,249,293,9,12,1,244,290,9,10,2,2,1,1,261,276,9,12,0,1,4,3,258,273,10,12,1,261,272,7,12,237,253,22,11,0,8,0,0,1,3,0,3,3,0,0,4,0,1,0,239,246,21,10,5,0,0,2,0,13,0,0,1,0,0,0,2,1,2,219,242,7,9,29,18,1,3,279,280,4,0,4,2,2,4,271,272,4,0,4,3,2,0,702,575
2008,39,5,1,784,1016,19,70,15,6,1,796,997,19,55,3,763,966,15,52,5,12,2,15,822,957,18,49,0,1,14,3,816,921,18,55,1,810,924,19,60,732,849,73,40,0,46,3,1,7,10,0,6,21,2,6,7,3,1,6,786,789,69,37,26,1,4,2,1,17,3,4,1,3,0,7,23,3,18,703,772,13,31,77,110,2,12,938,878,18,0,44,1,9,9,887,849,17,0,25,18,4,0,2410,1913
2008,39,6,1,418,650,4,27,3,0,2,420,632,4,26,0,407,624,3,22,4,4,1,5,431,615,6,24,0,0,5,5,422,592,7,27,0,421,593,7,32,402,558,24,15,0,16,0,0,1,5,0,3,19,0,2,4,1,0,4,416,542,31,16,5,0,0,2,1,2,3,6,1,2,0,6,8,0,8,388,529,5,13,21,42,0,4,485,587,3,0,16,0,4,2,461,572,2,0,9,8,0,0,1313,1104
2008,39,7,1,100,290,2,15,2,1,1,101,289,2,14,1,99,286,2,12,1,0,0,4,110,285,2,10,0,0,0,1,119,265,3,9,2,111,277,2,12,107,253,14,7,1,1,0,0,1,1,0,1,9,0,0,1,0,0,3,109,252,12,4,3,1,0,0,0,0,1,0,0,2,1,2,3,0,5,101,243,1,4,10,19,0,3,175,230,1,0,2,1,1,2,159,226,1,0,4,4,0,0,520,411
2008,39,8,1,404,327,4,16,0,2,1,406,317,4,14,0,399,314,3,13,2,0,1,0,431,298,1,5,0,0,10,2,419,292,1,7,0,416,292,2,11,402,279,10,8,0,9,0,0,1,1,0,2,5,0,2,0,0,1,2,413,274,14,8,2,0,0,1,1,4,1,0,0,0,0,2,3,0,2,396,268,1,5,16,17,0,2,455,289,3,0,1,0,4,0,445,285,1,0,0,1,1,0,905,754
2008,39,9,1,939,708,25,42,4,9,5,946,697,30,35,1,930,689,22,34,1,4,1,4,961,667,18,43,0,0,9,8,962,635,19,43,0,969,637,18,48,885,599,66,35,0,25,0,2,14,8,1,9,6,0,2,2,1,1,3,924,557,52,30,17,0,0,2,1,18,3,5,4,6,2,6,11,2,7,855,554,15,26,80,57,0,13,1079,611,13,0,15,0,9,6,1043,592,11,0,12,8,4,0,2111,1734
2008,39,77,1,4,22,0,0,0,2,0,4,20,0,0,0,4,20,0,0,0,0,0,0,5,18,1,0,0,0,2,0,5,19,1,0,0,3,18,1,0,4,16,2,0,0,0,0,0,0,0,0,0,0,0,0,0,0,0,2,4,13,2,0,0,0,0,1,0,0,0,0,0,0,0,0,4,0,0,3,12,1,0,0,5,0,0,7,17,0,0,0,0,2,0,6,15,0,0,1,1,0,0,0,30
2008,39,78,1,8,13,1,0,1,0,0,9,13,1,0,0,8,12,1,0,0,0,0,0,2,2,0,0,0,0,0,0,2,3,0,0,0,2,3,0,0,2,1,0,0,0,0,0,0,0,0,0,0,0,0,0,1,0,0,0,2,1,0,0,0,0,0,0,0,0,0,0,0,0,0,0,1,0,0,2,1,0,0,0,0,0,0,3,1,0,0,0,0,0,3,3,1,0,0,0,0,0,0,0,23
2008,39,81,1,150,101,4,1,1,0,1,151,100,2,1,0,150,99,2,1,0,0,0,0,149,99,4,1,0,0,2,0,149,99,4,1,0,149,99,4,1,147,99,4,0,0,2,0,0,0,1,0,0,0,0,0,0,0,0,0,146,98,6,1,1,0,0,0,0,1,0,0,0,0,0,0,0,0,0,145,98,4,0,2,1,0,0,155,91,3,0,0,0,0,0,152,92,3,0,0,2,0,0,0,258
2008,40,1,1,253,183,4,8,1,1,0,252,183,3,6,0,249,180,3,6,1,3,0,0,261,176,2,1,0,0,4,0,264,171,2,1,0,265,172,2,2,196,157,9,1,0,62,4,0,2,4,0,0,0,0,0,2,0,0,1,252,150,11,1,5,0,0,1,0,0,3,0,1,3,0,10,0,0,0,195,148,2,1,68,15,0,0,287,159,0,0,0,0,1,2,282,152,0,0,2,1,0,0,541,450
2008,40,2,1,131,246,2,9,0,1,0,131,243,1,7,0,128,239,0,6,1,0,0,2,132,232,1,7,0,0,5,1,130,233,0,5,0,134,232,0,8,121,224,3,4,0,8,0,0,0,2,0,0,1,0,0,0,1,1,4,119,215,2,4,4,0,1,0,0,0,4,2,0,5,0,9,0,0,2,114,215,0,4,15,12,0,1,147,239,0,0,0,0,1,0,142,235,0,0,2,2,0,0,462,389
2008,40,3,1,1004,1089,29,71,3,4,10,1017,1066,27,55,2,981,1045,24,51,6,5,4,13,1066,995,21,53,0,0,10,12,1052,977,24,57,0,1064,974,25,65,993,878,71,46,0,13,3,2,3,23,1,6,2,1,3,5,1,29,23,966,843,76,46,19,0,3,6,0,5,29,9,9,17,0,57,6,3,2,941,827,18,35,88,120,2,12,1216,958,10,0,0,0,15,5,1188,935,10,0,8,5,0,0,2698,2214
2008,40,4,1,223,201,3,9,1,1,1,226,197,3,9,0,218,194,3,7,1,2,0,3,230,180,2,4,0,0,4,1,226,183,2,5,0,230,175,2,4,220,159,10,5,0,0,1,1,3,5,0,2,0,0,1,0,1,3,5,221,154,10,2,2,0,0,0,0,1,9,0,0,2,0,10,1,0,1,215,152,1,2,9,22,1,3,273,159,3,0,0,0,1,0,266,154,2,0,1,6,0,0,511,439
2008,40,5,1,407,632,15,21,9,0,2,403,626,17,17,0,392,610,13,16,3,3,2,6,425,592,15,15,0,0,6,2,421,579,16,18,0,416,578,16,21,385,541,44,12,0,11,2,1,3,12,1,1,1,0,2,6,0,11,5,395,516,46,9,5,0,0,6,1,7,20,3,0,10,0,15,0,0,3,375,514,15,7,27,40,0,6,507,567,4,0,0,1,3,3,485,549,4,0,4,5,3,0,1382,1088
2008,40,6,1,689,1094,22,35,14,1,4,688,1085,19,33,4,675,1076,15,29,2,4,3,4,713,1067,19,22,0,2,13,6,706,1052,23,25,3,710,1047,21,29,654,979,66,20,1,15,9,1,6,21,0,0,1,0,4,3,1,22,7,653,942,67,16,9,0,5,4,0,4,42,1,4,14,0,41,0,1,2,636,923,15,15,52,106,2,6,865,988,9,0,0,2,3,4,820,967,9,0,11,17,2,0,2300,1871
2008,40,7,1,976,1121,18,18,3,4,2,970,1106,15,20,2,956,1089,14,13,3,0,0,10,993,1066,10,25,0,1,7,8,992,1068,11,26,0,989,1052,10,28,929,984,52,21,0,16,2,2,5,14,3,3,1,0,0,9,0,26,14,912,961,58,17,16,0,1,3,0,5,17,3,7,15,1,51,1,0,3,896,947,9,13,76,73,1,12,1110,1012,5,0,0,0,4,6,1089,983,5,0,6,6,1,0,2700,2147
2008,40,8,1,221,369,9,15,3,1,0,223,361,7,10,0,216,351,6,7,0,2,4,0,223,359,2,9,0,1,5,0,229,348,2,8,1,227,342,3,12,208,315,16,7,0,0,3,1,3,9,0,0,0,0,0,1,0,11,12,203,307,19,6,5,0,3,0,1,1,4,0,1,13,1,13,1,1,3,195,300,1,6,19,29,1,1,280,332,4,0,0,0,2,1,263,318,4,0,3,4,0,0,757,618
2008,40,9,1,441,553,12,24,11,0,1,444,553,10,21,0,428,532,9,18,2,9,3,6,456,522,12,14,0,2,7,1,461,515,14,17,0,462,508,12,22,413,450,53,13,0,14,2,1,2,19,4,0,0,1,1,3,1,11,12,406,436,48,10,9,0,2,3,0,1,16,5,5,14,0,30,0,5,3,390,422,9,9,55,65,1,5,539,486,9,0,0,2,3,4,512,473,8,0,8,12,2,0,1275,1042
2008,40,10,1,160,237,4,7,0,0,1,161,229,4,9,0,156,227,4,6,1,1,1,3,164,222,3,7,0,0,1,1,162,221,4,6,0,163,219,3,7,157,212,9,6,0,2,1,0,0,4,0,0,0,0,2,2,0,3,3,158,207,9,4,1,0,0,1,0,0,4,0,1,3,0,8,1,0,0,155,204,3,4,6,9,0,1,187,212,4,0,0,1,2,2,182,207,3,0,1,1,0,0,499,409
2008,40,11,1,161,282,9,10,1,1,3,160,279,9,10,0,154,274,8,9,0,2,1,1,168,262,6,13,0,0,3,4,164,265,6,13,0,171,256,6,13,155,243,18,13,0,3,2,0,2,3,0,0,0,0,1,3,0,4,5,158,242,16,13,3,0,1,0,0,0,1,0,1,4,0,2,0,0,1,154,236,6,13,6,18,0,0,205,252,8,0,0,0,1,3,199,240,8,0,2,4,0,0,559,468
2008,40,12,1,743,880,20,26,3,3,3,750,867,20,20,1,734,860,18,17,3,2,2,3,768,834,17,11,0,0,14,3,766,825,18,15,0,762,829,18,21,722,773,50,12,0,10,11,1,2,12,1,1,1,0,1,4,1,23,5,713,765,49,11,7,1,1,3,1,1,10,2,1,8,0,39,1,0,4,695,752,15,10,55,50,1,1,859,792,14,0,0,0,13,3,827,773,14,0,13,9,1,0,2100,1682
2008,40,13,1,368,530,24,22,8,3,1,372,521,19,23,2,361,515,18,20,0,3,2,3,383,502,17,19,0,5,8,2,390,499,16,19,0,389,493,15,23,360,457,34,14,1,11,9,2,2,8,0,1,1,1,1,4,0,8,7,352,445,35,12,10,1,2,4,0,2,12,1,4,6,0,21,1,3,2,337,430,12,12,43,55,4,3,464,472,12,0,0,0,2,3,441,461,12,0,4,10,6,0,1204,957
2008,40,14,1,635,1009,35,51,13,1,6,646,998,32,46,3,627,990,30,41,2,3,2,9,662,965,28,39,0,3,10,8,663,955,29,42,2,663,940,28,43,601,849,81,36,1,18,9,3,4,35,1,0,2,0,1,4,0,32,8,596,823,89,25,15,0,2,2,1,3,28,3,4,26,2,59,1,0,5,574,803,24,25,71,108,3,13,824,896,14,0,0,2,2,8,788,873,11,0,10,9,5,0,2102,1751
2008,40,15,1,463,525,18,18,2,2,2,459,520,18,21,0,452,509,18,18,2,4,1,3,466,492,18,18,0,0,11,0,468,493,19,18,0,467,484,18,18,442,455,37,12,0,5,3,1,2,6,1,1,2,0,3,4,0,6,10,436,439,35,12,3,0,0,2,2,1,14,2,1,8,0,20,3,0,5,423,433,18,12,34,39,0,4,534,472,13,0,0,2,2,2,524,455,13,0,4,3,0,0,1255,1031
2008,40,77,1,14,42,1,0,0,2,0,13,40,0,0,1,12,39,0,0,1,0,0,0,14,35,2,0,0,0,3,0,14,36,2,0,0,14,36,2,0,11,32,5,0,0,0,0,0,1,1,0,0,0,0,0,0,0,0,0,10,27,5,0,0,0,1,0,0,0,8,0,0,1,0,2,0,0,0,10,27,2,0,1,7,0,0,20,36,0,0,0,0,3,0,18,35,0,0,0,0,0,0,0,59
2008,40,78,1,23,54,2,1,1,0,0,23,52,2,1,0,23,50,2,1,0,0,0,0,8,6,0,0,0,0,1,8,8,6,0,0,0,8,6,0,0,8,6,0,0,0,0,0,0,0,0,0,0,0,0,0,0,0,0,0,8,6,0,0,0,0,0,0,0,0,0,0,0,0,0,0,0,0,0,8,6,0,0,0,0,0,0,9,6,0,0,0,0,0,8,7,6,0,0,1,0,0,0,0,81
2008,40,81,1,154,253,7,3,1,14,4,157,248,6,3,0,154,246,6,3,3,1,0,0,160,239,9,2,0,0,17,2,160,241,9,3,0,160,238,9,4,155,237,11,4,0,2,0,1,0,2,0,0,0,0,1,1,0,1,0,159,234,10,1,1,0,0,0,0,0,2,0,0,1,0,1,0,0,0,155,234,8,1,3,3,1,2,168,246,7,0,0,0,13,1,165,244,7,0,0,1,0,0,0,436
2008,41,1,1,659,665,23,34,11,0,3,668,656,21,28,4,642,639,20,24,5,5,1,4,678,595,20,31,0,0,16,6,680,600,20,25,2,699,589,24,28,613,527,72,20,0,10,10,2,3,5,1,4,14,1,3,0,1,22,6,604,521,74,19,7,0,4,12,0,8,10,6,3,0,1,39,1,1,4,597,508,19,19,63,59,2,3,804,556,16,0,0,1,11,7,770,543,16,0,5,9,0,0,1843,1398
2008,41,2,1,312,260,13,13,4,3,2,309,257,13,13,1,303,252,12,13,2,1,1,0,318,236,12,9,0,1,6,2,315,235,14,10,1,334,236,13,9,301,218,30,7,0,0,10,1,2,0,0,2,5,0,1,0,0,3,2,297,205,28,8,0,0,0,7,0,1,4,0,5,1,0,6,1,0,0,292,200,12,7,20,32,1,1,385,203,11,0,0,1,4,1,373,191,10,0,6,3,1,0,790,609
2008,41,3,1,863,587,27,28,3,4,7,850,570,26,25,1,834,555,23,22,3,6,3,3,869,516,33,28,0,1,12,7,870,525,31,25,1,891,507,31,28,807,470,80,19,1,11,8,2,7,2,1,1,6,0,2,2,0,25,4,792,458,83,18,15,0,7,13,0,5,5,3,0,0,0,39,1,0,0,773,449,27,17,80,56,5,4,1045,428,24,0,0,2,10,6,994,418,22,0,7,11,3,0,1977,1521
2008,41,4,1,470,586,44,27,14,1,2,479,585,38,23,5,453,558,33,19,3,7,12,4,491,541,37,23,0,3,11,3,494,532,36,26,6,522,520,37,32,399,463,74,20,0,14,12,2,11,11,7,2,21,1,16,2,1,44,3,376,438,80,11,24,3,8,29,1,4,6,10,12,4,1,75,1,3,10,361,415,29,10,104,91,7,8,532,525,68,0,0,5,9,3,497,510,61,0,15,10,4,0,1401,1146
2008,41,77,1,12,43,1,1,1,2,1,15,35,1,1,1,11,33,0,1,0,1,0,0,16,26,1,1,0,0,4,2,15,25,1,1,0,18,26,1,1,14,22,5,1,0,0,1,0,1,0,0,0,1,0,0,0,0,3,1,13,16,5,0,0,0,0,7,0,0,0,1,0,0,0,1,2,0,0,12,17,0,0,2,7,1,1,34,16,0,0,0,0,5,1,30,15,0,0,1,0,0,0,0,61
2008,41,78,1,9,13,0,1,0,0,1,9,13,0,1,0,9,13,0,1,0,0,0,0,4,2,0,0,0,0,0,2,4,2,0,0,0,4,2,0,0,4,2,0,0,0,0,0,0,0,0,0,0,0,0,0,0,0,0,0,4,2,0,0,0,0,0,0,0,0,0,0,0,0,0,1,0,0,0,4,2,0,0,0,0,0,0,7,0,0,0,0,0,0,2,7,0,0,0,0,0,0,0,0,24
2008,41,81,1,10,15,1,1,0,0,0,10,16,1,1,0,10,14,1,1,0,0,0,0,10,15,2,1,0,0,0,0,10,15,2,1,0,10,15,2,1,10,13,3,1,0,0,0,0,0,0,0,0,0,0,0,0,0,0,0,9,14,3,0,0,0,0,0,0,0,1,1,0,0,0,0,0,0,0,10,14,1,1,0,0,0,0,11,16,1,0,0,0,0,0,10,14,1,0,0,0,0,0,0,28
2008,42,1,1,914,1197,105,67,13,3,2,957,1176,90,53,8,893,1149,82,46,8,6,15,19,993,1088,92,61,0,0,6,12,962,1092,86,66,1,1031,1051,83,81,841,979,133,45,0,65,16,4,15,11,6,18,43,1,17,1,3,7,7,919,929,122,38,47,1,1,33,1,37,31,13,6,1,0,8,4,11,6,802,894,61,35,110,157,17,16,1070,1080,121,0,0,6,14,9,1010,1047,101,0,41,26,10,0,2918,2302
2008,42,2,1,435,447,55,41,9,1,2,444,443,50,35,4,415,430,45,32,5,2,5,7,462,401,73,33,0,1,4,2,443,405,56,38,0,478,388,52,44,384,343,90,22,9,30,11,2,5,4,13,13,16,0,5,1,1,3,5,404,317,85,20,26,0,0,17,1,12,13,19,7,0,0,4,2,8,11,355,304,39,16,61,68,13,12,525,371,68,0,0,8,7,4,469,357,62,0,16,16,9,0,1219,991
2008,42,3,1,354,520,21,16,0,2,4,365,499,22,14,0,350,496,17,14,3,3,2,0,369,463,25,14,0,0,13,5,357,467,25,14,1,378,446,23,14,330,408,47,12,0,12,10,1,3,5,0,5,12,0,2,0,0,0,10,337,397,46,10,5,0,0,10,0,6,19,4,2,0,0,4,1,0,7,316,391,23,10,33,48,0,1,457,424,21,0,0,1,4,7,417,410,20,0,17,14,0,0,1254,917
2008,42,4,1,634,669,42,40,9,4,3,634,650,44,36,4,612,631,38,29,4,6,6,6,650,605,47,31,0,1,11,6,636,611,41,31,0,662,597,39,34,571,545,77,24,0,45,19,1,3,6,0,9,6,0,6,2,2,1,10,597,518,72,20,12,0,3,33,0,9,9,7,3,1,1,7,4,1,1,546,504,34,20,66,76,5,7,782,560,36,0,0,1,11,4,720,538,34,0,19,15,3,0,1791,1403
2008,42,5,1,228,333,16,14,1,4,4,220,325,17,12,0,220,317,15,12,3,1,0,0,238,298,15,11,0,0,3,4,232,303,11,15,0,243,293,11,13,212,276,30,9,0,11,4,0,3,2,0,6,5,0,1,2,0,0,1,226,272,28,6,2,0,0,12,0,4,5,0,2,1,0,2,0,2,2,204,261,11,6,20,24,0,3,296,271,18,0,0,0,2,7,250,264,16,0,26,8,1,0,805,600
2008,42,6,1,461,388,36,21,4,1,5,467,380,33,20,1,451,370,31,19,1,1,0,2,448,392,29,15,0,0,5,6,428,394,27,14,0,443,391,24,15,378,360,56,12,0,35,6,0,0,1,1,3,9,0,3,0,0,3,6,399,351,52,9,7,0,0,11,0,12,7,3,3,2,0,3,0,4,2,370,321,21,9,41,54,4,2,580,291,34,0,0,0,5,4,553,288,29,0,9,2,1,0,1190,917
2008,42,7,1,467,412,26,12,5,1,2,462,405,25,10,0,454,399,25,9,1,2,2,1,491,374,28,12,0,1,3,4,478,374,27,7,0,491,372,29,11,446,343,48,7,1,17,3,1,2,2,0,3,13,1,6,0,0,0,3,449,329,45,6,8,0,1,10,1,11,14,1,4,0,0,0,4,3,9,428,324,26,5,40,34,1,2,546,338,30,0,0,1,5,6,532,329,26,0,5,8,3,0,1365,924
2008,42,8,1,206,202,23,19,5,0,1,217,194,22,19,0,200,188,19,14,14,2,2,3,222,185,21,15,0,0,1,1,221,179,22,16,0,234,174,20,17,193,156,40,9,0,12,1,1,3,2,5,1,7,1,3,1,0,1,0,198,151,38,9,6,1,3,7,1,11,1,4,1,1,0,2,3,1,0,180,142,17,6,30,27,0,4,257,174,21,0,0,3,0,2,231,166,17,0,11,6,3,0,608,457
2008,42,9,1,861,772,45,65,18,3,8,868,758,41,55,5,843,742,40,51,5,5,3,7,906,691,49,51,0,0,13,6,877,684,46,55,2,894,696,47,55,829,628,84,45,0,26,20,1,6,5,0,5,11,1,2,3,0,1,4,853,603,81,40,5,0,1,35,2,25,14,0,1,2,1,2,4,3,6,797,590,40,38,55,72,3,7,1082,621,38,0,0,2,12,4,1004,604,35,0,26,23,4,0,2452,1776
2008,42,10,1,458,427,22,28,10,1,2,456,426,23,24,1,446,410,20,20,3,7,2,4,478,389,25,20,0,0,4,5,462,390,24,21,1,465,389,25,28,433,349,55,13,0,20,10,0,0,2,1,3,13,0,1,0,0,2,2,441,344,55,13,5,0,0,14,1,11,7,2,2,1,0,1,2,1,3,412,337,19,15,36,36,2,5,569,347,24,0,0,2,1,2,540,339,22,0,13,11,1,0,1297,953
2008,42,11,1,444,437,43,33,12,1,3,455,436,37,25,5,432,430,36,23,5,0,7,4,458,430,36,21,0,0,4,4,445,405,41,21,1,460,404,38,23,399,364,76,14,0,29,13,5,1,1,1,7,14,0,6,1,1,2,3,423,345,72,12,7,0,0,22,1,21,9,5,3,0,0,2,4,4,2,369,342,30,12,59,42,7,5,559,364,42,0,0,1,5,0,534,359,41,0,11,5,2,0,1329,974
2008,42,12,1,432,509,16,32,3,3,1,432,493,14,29,0,422,483,12,20,5,5,4,2,464,449,16,18,0,0,14,2,460,447,12,20,0,468,441,14,27,421,424,34,16,0,20,2,3,1,3,0,2,3,0,2,2,1,3,3,428,414,38,14,3,0,3,5,0,15,3,4,1,2,2,4,2,3,1,411,409,10,12,36,27,2,5,544,424,13,0,0,0,8,4,514,416,13,0,9,10,0,0,1325,998
2008,42,13,1,417,339,46,18,3,2,7,429,334,39,12,1,402,319,37,11,4,2,4,9,444,305,45,14,0,1,3,3,423,320,39,19,0,448,298,40,18,378,271,61,11,0,22,8,1,2,6,2,5,16,0,6,1,0,7,4,400,249,62,9,10,0,3,20,0,9,7,5,3,4,0,5,1,1,3,364,240,34,7,34,47,7,8,494,285,42,0,0,4,1,4,449,276,38,0,22,8,4,0,1089,833
2008,42,14,1,424,464,13,18,1,3,5,422,439,12,15,0,413,432,11,14,2,1,0,1,456,397,20,16,0,0,10,13,444,377,12,17,0,448,372,19,11,422,355,45,14,0,13,5,0,2,4,0,2,3,0,2,2,0,1,1,419,349,43,7,2,0,1,9,0,12,10,1,2,0,0,1,3,2,0,410,344,18,11,29,24,0,3,640,265,11,0,0,0,2,1,570,261,9,0,22,10,0,0,1591,931
2008,42,15,1,651,661,37,26,8,2,2,647,647,34,24,1,634,630,30,21,5,0,3,1,687,578,34,26,0,0,10,4,669,564,31,26,2,688,566,32,31,615,518,72,21,0,25,13,2,4,2,2,9,13,1,4,1,0,2,3,638,491,67,18,7,0,1,18,1,20,16,2,1,3,2,4,7,0,4,598,482,29,18,51,57,2,5,839,487,38,0,0,2,8,6,771,469,32,0,25,17,4,0,1961,1390
2008,42,16,1,670,807,45,28,7,1,6,665,787,47,27,2,649,766,40,21,3,8,3,2,691,748,50,22,0,2,12,9,677,716,43,24,1,693,720,45,28,650,663,83,19,0,13,12,2,0,5,1,1,14,0,7,2,0,3,4,647,632,82,20,6,0,0,24,0,27,16,2,3,0,0,4,1,0,2,618,625,40,19,49,72,3,3,888,610,41,0,0,2,9,3,827,592,38,0,14,28,4,0,2203,1564
2008,42,17,1,1094,973,67,41,18,5,5,1099,949,60,45,8,1064,931,55,36,5,7,8,7,1120,886,69,39,0,1,16,8,1106,857,61,37,2,1133,841,63,50,1020,776,111,31,0,41,24,4,3,11,3,10,15,0,8,5,0,6,8,1036,736,117,24,22,1,1,43,1,26,14,2,4,6,0,5,8,11,0,994,726,49,23,89,100,8,13,1327,774,73,0,0,4,15,4,1255,756,60,0,24,21,9,0,3095,2206
2008,42,18,1,631,603,29,33,3,6,2,636,589,28,30,0,610,577,23,26,8,5,3,3,672,564,27,13,0,0,7,0,658,548,25,15,0,685,533,28,13,623,511,58,8,0,28,5,4,0,3,2,1,8,0,7,0,1,1,4,647,484,53,8,8,0,0,9,1,11,7,7,0,0,0,6,6,6,4,592,475,18,7,50,48,6,2,806,450,32,0,0,2,10,3,751,440,32,0,17,17,2,0,1631,1309
2008,42,19,1,1252,1255,92,49,13,4,7,1265,1220,91,33,2,1210,1197,77,35,8,8,13,7,1305,1183,88,50,0,0,12,9,1275,1143,77,46,1,1310,1131,80,55,1164,1010,176,35,1,65,19,5,3,10,5,11,28,11,6,6,0,6,12,1207,986,149,32,11,2,0,38,4,36,22,8,6,3,1,5,7,7,5,1108,952,64,28,126,129,10,10,1557,1000,83,0,0,2,15,10,1451,969,74,0,53,19,10,0,3461,2675
2008,42,20,1,519,447,25,33,5,2,1,522,434,25,31,0,497,427,20,26,5,4,3,8,552,405,20,20,0,0,8,5,537,403,21,16,2,560,402,17,21,506,367,45,12,1,19,11,2,1,4,0,2,7,1,4,2,1,1,1,516,358,47,10,7,0,2,10,0,6,7,0,5,1,0,1,1,3,0,484,352,16,10,42,39,3,6,646,354,17,0,0,2,4,5,615,347,16,0,5,4,5,0,1498,1034
2008,42,21,1,595,661,46,33,8,0,5,596,653,50,27,3,573,641,41,24,4,3,5,4,612,600,52,24,0,0,6,12,602,593,41,24,1,637,574,40,25,553,537,97,19,0,15,10,4,2,4,5,12,9,1,6,1,0,2,4,578,507,83,18,14,0,0,26,1,17,14,4,1,1,1,0,1,7,3,531,495,35,14,45,83,7,8,722,554,45,0,0,6,9,5,661,537,41,0,23,14,8,0,1692,1352
2008,42,22,1,304,305,13,12,3,1,3,305,301,13,11,1,300,293,12,10,2,3,0,2,313,273,14,9,0,0,11,3,305,279,13,10,0,314,272,12,12,283,263,29,7,0,10,5,0,0,0,0,4,7,0,2,0,0,2,2,286,253,24,6,13,1,0,2,0,9,4,2,0,1,0,1,0,3,0,269,242,11,6,29,28,1,5,367,246,16,0,0,0,2,7,344,243,14,0,7,10,1,0,810,639
2008,42,23,1,231,285,38,18,2,0,1,240,278,34,17,2,219,272,29,12,0,5,6,4,245,261,33,17,0,0,2,4,232,261,30,15,1,267,249,25,20,201,232,60,12,0,13,2,0,4,5,1,7,9,0,5,0,0,2,1,213,218,57,10,18,0,2,5,0,6,2,3,1,0,0,3,1,4,4,185,211,20,10,25,33,6,2,271,262,36,0,0,0,2,3,247,248,32,0,7,8,6,0,706,577
2008,42,24,1,179,250,19,11,3,3,1,180,251,17,8,2,175,243,17,8,0,1,1,2,186,238,20,4,0,0,5,1,180,236,19,8,0,184,229,19,8,168,221,29,5,0,8,6,1,0,2,1,2,2,0,0,0,0,0,0,167,217,29,3,2,0,0,7,0,7,3,1,1,0,0,0,1,0,0,164,216,17,3,13,11,2,2,218,221,18,0,0,0,3,5,206,214,18,0,5,7,1,0,607,466
2008,42,25,1,223,336,21,14,0,0,4,225,330,22,11,0,216,325,19,7,3,1,1,4,230,305,25,10,0,0,5,5,233,306,22,11,0,245,289,22,9,212,276,34,8,0,18,5,1,0,1,0,11,5,1,0,0,0,0,5,215,273,34,5,7,0,0,13,0,6,4,0,2,0,1,2,2,0,3,196,255,22,5,26,41,0,2,292,273,23,0,0,1,4,2,264,260,23,0,6,17,2,0,778,599
2008,42,26,1,387,335,35,16,4,3,2,387,335,33,17,1,380,329,31,13,3,4,3,0,400,305,32,21,0,0,5,2,389,291,36,19,2,404,291,35,26,354,264,73,15,0,19,7,2,2,4,1,1,7,0,2,1,0,0,3,372,251,63,14,11,0,0,13,0,14,5,0,1,1,0,2,0,2,2,333,244,27,14,44,36,6,4,462,276,30,0,0,1,8,3,445,270,28,0,5,5,1,0,981,783
2008,42,27,1,872,1112,56,53,12,4,7,874,1095,55,48,4,847,1072,46,44,5,5,12,4,939,1014,49,35,0,5,14,17,916,999,46,38,2,942,999,49,40,841,926,100,31,3,41,11,0,2,7,7,12,27,1,9,7,0,2,9,882,882,86,26,16,2,0,23,0,37,21,12,7,3,0,7,2,6,4,806,870,32,26,77,96,8,7,1178,876,40,0,0,4,8,11,1108,852,40,0,15,19,3,0,2890,2124
2008,42,28,1,466,285,20,17,3,3,2,466,279,19,16,0,453,271,17,15,5,4,2,2,487,255,13,12,0,0,6,4,478,259,14,11,1,482,255,15,12,452,226,42,10,0,10,11,0,2,3,0,2,3,0,2,0,0,0,1,448,218,36,8,4,0,0,14,0,12,7,2,4,1,0,1,1,1,0,436,215,12,8,33,34,3,2,543,227,13,0,0,0,6,2,534,222,12,0,2,4,2,0,991,796
2008,42,29,1,1211,1306,109,86,12,3,6,1250,1285,88,73,2,1177,1255,80,62,12,14,16,16,1308,1182,89,58,0,1,7,7,1279,1188,81,64,2,1304,1166,88,65,1136,1042,165,45,1,86,45,6,5,8,9,17,37,1,5,8,1,9,6,1216,996,149,43,31,1,5,35,3,41,31,14,4,4,4,4,10,9,11,1075,960,62,38,147,149,16,16,1539,1046,111,0,0,6,14,6,1436,1019,100,0,46,33,14,0,3393,2739
2008,42,30,1,1014,820,84,40,12,4,3,1020,821,76,29,5,997,805,71,28,4,6,6,6,1031,808,66,30,0,1,8,7,1044,750,65,35,0,1049,751,70,41,980,688,117,29,0,26,11,5,3,8,2,4,22,0,3,1,0,2,1,989,676,114,24,13,0,1,15,2,27,17,5,3,2,0,2,1,4,1,916,663,57,20,100,63,8,10,1250,636,65,0,0,1,8,7,1176,632,62,0,28,19,2,0,2419,1977
2008,42,31,1,864,839,39,58,12,7,8,874,825,28,49,1,840,797,26,46,4,1,9,10,894,784,24,49,0,1,19,9,898,759,25,46,0,922,734,22,51,846,684,75,39,0,33,9,5,1,12,4,6,14,0,4,2,1,2,7,858,659,64,36,26,0,0,16,1,25,14,10,1,0,1,9,3,4,5,804,638,18,36,72,70,5,5,1114,652,32,0,0,1,16,7,1038,633,26,0,25,15,5,0,2321,1828
2008,42,77,1,63,237,7,3,1,3,1,67,212,7,3,0,58,204,4,2,2,0,0,1,92,165,11,3,0,0,11,1,82,167,7,2,0,81,171,7,4,65,158,27,3,0,3,4,0,0,0,1,2,1,0,2,1,1,1,0,68,134,20,1,0,0,0,45,1,5,3,0,2,0,1,0,2,0,0,62,133,6,0,10,31,0,1,202,82,5,0,0,0,10,0,180,81,4,0,2,6,0,0,0,316
2008,42,78,1,76,155,9,6,2,0,1,77,145,10,5,0,71,136,6,4,0,1,1,0,21,19,1,1,0,0,0,12,25,22,2,2,0,25,23,2,3,20,13,2,1,0,0,0,0,0,0,0,1,1,0,1,0,0,0,0,19,13,5,1,2,0,0,1,0,1,0,1,0,0,0,0,0,0,0,16,12,1,1,5,2,0,0,30,11,1,0,0,0,0,28,26,9,1,0,1,1,1,0,0,249
2008,42,81,1,93,120,19,6,0,2,1,92,119,18,6,0,91,119,18,6,0,0,0,0,99,113,16,7,0,0,4,1,94,116,16,7,0,92,116,15,8,89,111,19,6,0,1,1,1,0,0,0,7,2,0,0,0,0,0,0,92,106,18,8,2,0,0,1,0,0,0,0,0,0,0,0,0,0,1,85,106,15,5,7,6,0,2,115,105,14,0,0,1,3,2,110,103,13,0,2,3,0,0,0,241
2008,43,1,1,390,369,10,30,2,2,4,400,352,11,23,0,378,346,8,23,3,1,5,5,412,324,15,17,0,0,7,5,397,333,15,17,0,402,326,16,22,378,291,46,15,0,3,7,2,1,2,1,2,5,0,10,5,0,0,1,371,293,39,13,5,0,2,0,0,0,1,3,14,0,0,0,3,10,5,368,289,12,14,20,18,4,4,519,269,9,0,0,0,2,5,491,262,9,0,1,7,1,0,1004,805
2008,43,2,1,338,389,19,23,1,1,4,347,375,17,17,0,330,368,15,16,3,3,2,5,339,395,12,10,0,0,4,4,354,344,13,15,0,366,349,14,16,320,295,49,9,0,1,23,0,2,1,1,3,2,1,14,5,0,2,11,313,291,28,7,9,0,4,2,0,3,4,4,30,0,0,0,0,6,26,295,272,11,7,47,57,3,8,528,228,15,0,0,1,2,3,477,222,12,0,5,28,1,0,951,777
2008,43,3,1,39,140,1,5,0,1,1,40,139,0,3,0,37,137,1,3,0,1,1,0,43,130,3,3,0,0,3,2,38,129,3,6,0,37,132,3,5,37,121,6,3,0,0,1,0,0,0,1,0,2,0,3,2,0,0,0,38,121,7,3,2,0,0,0,0,0,2,1,3,0,0,0,0,0,0,36,116,3,3,3,10,0,0,107,75,3,0,0,0,2,1,90,73,3,0,2,5,0,0,235,188
2008,43,4,1,130,236,4,10,1,2,0,128,228,5,9,0,123,224,4,8,2,0,0,2,135,208,7,12,0,0,6,1,127,213,7,9,0,134,214,7,11,118,199,16,9,0,2,3,1,0,0,1,1,4,0,3,2,0,1,3,111,198,19,9,2,0,0,0,0,2,0,2,6,0,0,0,1,3,3,110,186,5,8,14,17,0,2,210,166,0,0,0,0,6,1,193,161,0,0,1,4,0,0,485,385
2008,43,5,1,130,155,3,6,0,1,2,132,153,5,5,0,130,153,3,5,0,0,0,0,132,134,6,9,0,0,3,1,133,129,5,9,1,131,133,6,10,125,127,13,7,0,0,4,0,1,0,0,2,0,1,6,0,0,0,3,122,125,12,7,0,0,0,0,0,3,0,1,5,1,0,1,0,3,4,121,119,5,7,7,10,0,2,168,115,7,0,0,0,4,2,164,113,7,0,2,4,0,0,368,298
2008,43,77,1,0,3,0,0,0,3,0,0,3,0,0,0,0,2,0,0,0,0,0,0,0,2,0,0,0,0,4,0,0,1,0,0,0,0,1,0,0,0,0,0,0,0,0,0,0,0,0,0,0,0,0,0,0,0,0,0,0,0,0,0,0,0,0,0,0,0,0,0,0,0,0,0,0,0,0,0,0,0,0,0,1,0,0,2,1,0,0,0,0,3,0,2,1,0,0,0,0,0,0,0,6
2008,43,78,1,4,4,0,0,0,0,0,4,4,0,0,0,4,4,0,0,0,0,0,0,0,1,0,0,0,0,0,1,0,1,0,0,0,0,1,0,0,0,2,0,0,0,0,0,0,0,0,0,0,0,0,0,0,0,0,0,0,1,0,0,0,0,0,0,0,0,0,0,0,0,0,0,0,0,0,0,1,0,0,0,0,0,0,0,1,0,0,0,0,0,2,0,1,0,0,0,0,0,0,0,6
2008,43,81,1,12,30,0,0,0,1,1,12,30,0,0,0,12,30,0,0,0,0,0,0,12,27,0,0,0,0,3,1,11,27,0,0,0,11,28,0,1,11,26,0,0,0,0,1,0,0,0,0,0,0,0,0,0,0,0,2,11,23,0,0,0,0,0,1,0,0,0,0,0,0,0,0,0,0,4,11,22,0,0,0,5,0,0,18,24,0,0,0,0,0,2,16,24,0,0,0,0,0,0,0,44
2008,44,1,1,174,245,6,17,1,1,4,178,237,6,16,0,173,235,5,13,2,2,0,0,189,210,8,14,0,0,8,4,188,208,7,13,0,191,203,8,15,175,186,18,11,0,1,4,0,1,1,0,0,3,3,11,1,0,1,4,170,184,19,8,5,0,2,1,0,1,2,0,10,0,0,0,1,1,4,169,178,7,10,11,17,0,2,288,143,5,0,0,0,5,4,280,141,4,0,1,4,0,0,568,448
2008,44,2,1,187,354,8,14,4,0,3,189,348,5,12,1,178,339,3,11,2,2,1,4,205,318,9,11,0,0,4,1,196,318,8,13,0,199,313,8,12,179,290,24,8,0,5,2,3,1,0,0,1,3,0,8,0,0,3,3,174,290,25,7,3,0,1,0,0,1,0,1,19,1,0,0,0,6,9,170,284,8,5,20,16,0,3,307,251,3,0,0,0,4,2,287,243,3,0,5,8,0,0,733,570
2008,44,3,1,345,308,6,20,6,1,3,348,302,4,17,2,341,295,4,13,2,3,0,1,358,273,13,10,0,0,5,3,349,271,11,13,0,358,265,11,13,330,241,46,7,0,4,7,2,1,1,0,1,1,1,6,2,0,0,3,321,240,45,6,7,0,1,0,0,1,3,1,11,0,1,0,1,4,7,316,232,10,6,26,19,1,1,476,201,4,0,0,0,2,6,449,197,4,0,3,13,8,0,879,690
2008,44,4,1,159,408,9,11,2,1,2,163,398,9,12,0,159,396,9,11,0,2,0,1,165,373,8,11,0,0,8,4,161,368,7,9,0,161,370,8,13,147,329,23,8,0,4,17,0,0,2,1,2,2,0,8,4,0,0,3,140,329,26,6,1,0,1,1,0,0,3,3,19,7,2,1,1,9,11,134,313,6,5,19,38,2,2,272,301,6,0,0,3,7,0,243,291,6,0,8,10,0,0,747,592
2008,44,5,1,247,444,3,20,0,4,5,243,435,3,15,0,238,428,2,15,5,1,1,1,246,410,4,15,0,0,7,6,246,405,3,14,0,248,415,3,16,236,373,22,6,0,1,11,1,1,0,0,2,5,0,6,2,0,1,8,226,377,25,10,4,1,0,1,0,0,4,3,8,0,0,0,2,11,12,225,363,3,10,17,33,0,3,355,357,3,0,0,0,3,3,328,344,3,0,7,6,0,0,939,722
2008,44,6,1,263,258,9,22,3,0,3,262,257,9,19,2,257,252,8,19,0,1,1,2,284,238,8,12,0,0,2,2,276,232,9,12,0,276,231,7,16,256,218,30,9,0,2,3,0,0,1,1,0,0,0,7,1,0,2,4,251,218,29,9,8,0,1,1,1,0,0,0,7,1,0,0,0,4,1,249,211,7,9,21,14,0,3,345,200,8,0,0,1,1,3,318,198,8,0,6,6,0,0,725,558
2008,44,7,1,457,623,22,24,6,1,3,458,605,23,20,3,443,593,21,17,3,2,0,4,464,570,20,28,0,1,20,7,468,564,19,24,1,462,558,19,24,426,525,57,17,0,1,7,0,0,1,1,2,5,0,11,1,1,4,3,405,518,59,16,4,0,4,0,1,8,2,3,27,1,0,0,1,3,8,399,504,14,16,46,43,2,5,621,476,19,0,0,1,1,8,560,469,16,0,21,12,3,0,1458,1138
2008,44,8,1,754,945,28,55,10,3,5,751,940,28,50,2,734,915,24,50,5,5,6,2,794,851,30,42,0,2,13,16,774,839,26,41,0,781,835,26,48,726,751,95,28,0,9,29,4,1,0,2,4,5,1,27,4,0,4,11,713,761,95,24,14,0,3,1,1,5,3,4,43,3,0,0,3,10,11,705,723,22,23,42,64,3,11,1006,746,31,0,0,6,8,10,955,729,26,0,16,15,2,0,2252,1808
2008,44,9,1,258,364,22,28,1,3,0,265,351,24,25,0,255,347,20,22,2,0,0,4,288,320,20,11,0,0,10,6,287,313,17,17,0,289,309,18,14,259,271,54,8,1,2,8,1,1,2,0,2,2,0,12,2,0,3,13,242,271,51,7,8,1,5,2,0,0,1,2,20,5,0,0,2,4,14,237,257,16,7,30,35,3,4,422,221,21,0,0,0,5,5,380,214,19,0,11,20,0,0,874,677
2008,44,10,1,719,740,69,51,10,2,6,731,738,63,45,3,707,720,60,39,2,8,8,6,730,688,67,47,0,9,1,12,739,684,60,44,1,741,676,58,48,661,596,134,35,0,6,26,0,3,2,4,6,7,0,29,12,1,5,11,624,587,124,31,23,1,5,3,0,7,5,10,60,8,0,1,5,18,29,610,556,54,30,93,84,4,8,925,572,80,0,0,4,3,10,858,555,74,0,27,20,7,0,1977,1597
2008,44,11,1,362,405,24,19,9,1,5,363,391,21,22,2,353,387,20,16,0,1,5,6,386,371,17,15,0,2,4,6,386,360,18,19,1,386,361,16,19,351,333,36,15,0,2,6,3,0,0,1,3,3,0,14,4,0,2,4,339,336,28,12,5,0,3,0,1,1,1,2,18,3,0,0,1,13,3,337,324,12,10,32,21,4,5,492,307,15,0,0,4,2,3,444,296,14,0,22,14,2,0,1030,828
2008,44,12,1,949,1004,45,62,12,2,4,957,993,43,57,5,927,969,37,49,10,2,9,6,988,945,42,30,0,7,16,12,973,933,38,31,1,985,928,38,38,893,825,117,21,1,5,24,3,2,2,4,3,15,0,45,4,0,6,14,855,827,108,22,11,1,6,3,1,7,4,8,54,2,1,0,1,20,22,841,796,35,19,94,93,3,11,1253,745,44,0,0,9,8,10,1173,729,41,0,25,32,6,0,2745,2084
2008,44,13,1,782,751,29,61,7,3,3,790,736,31,48,2,763,715,26,46,10,4,1,4,822,676,33,34,0,2,16,9,806,659,30,41,0,814,657,27,46,739,600,80,32,0,5,10,5,4,0,2,3,2,0,40,2,0,4,9,709,582,90,30,11,0,2,3,2,6,1,3,38,1,0,0,2,40,9,694,563,21,28,88,62,7,6,1059,507,24,0,0,3,12,7,980,488,21,0,16,25,5,0,2197,1637
2008,44,14,1,260,339,9,20,4,2,3,264,322,11,15,1,254,315,9,14,2,3,0,3,287,283,12,10,0,0,12,2,280,281,12,10,0,282,292,10,11,255,260,35,7,0,2,12,1,0,0,0,0,1,0,8,3,0,1,4,245,255,39,7,5,0,0,2,1,1,1,1,13,0,1,0,0,12,9,241,249,9,6,29,22,2,1,366,252,12,0,0,0,4,3,337,244,11,0,3,7,0,0,825,640
2008,44,15,1,569,558,32,39,7,6,3,569,555,34,33,1,552,541,30,28,5,4,5,7,575,527,36,28,0,4,4,5,574,506,32,34,0,580,508,29,37,523,462,83,27,0,6,13,4,3,0,1,2,9,0,22,2,0,2,1,513,455,78,23,12,0,1,4,1,1,3,2,36,1,0,0,0,14,9,504,434,27,23,56,45,1,4,736,424,35,0,0,2,6,2,692,410,32,0,16,14,0,0,1597,1212
2008,44,16,1,669,822,53,49,6,3,4,669,815,50,45,2,648,795,43,42,7,3,1,8,695,755,50,42,0,19,8,8,706,742,46,51,1,706,740,42,57,648,638,124,32,1,6,30,1,3,1,4,1,5,0,40,6,0,4,9,614,631,120,25,16,0,2,0,0,12,3,5,55,2,0,1,3,8,27,609,607,40,25,80,91,2,18,901,639,35,0,0,12,10,9,842,619,35,0,21,16,5,0,2014,1610
2008,44,77,1,11,52,1,0,0,1,0,10,52,1,0,0,7,49,1,0,0,0,1,1,9,42,3,2,0,0,2,0,11,39,2,2,0,11,41,2,3,6,35,8,0,0,0,2,0,0,0,0,1,2,0,1,1,0,0,0,6,32,7,0,1,0,0,1,0,0,0,1,1,0,0,0,0,2,8,5,31,2,0,2,8,0,2,29,28,2,0,0,0,2,1,24,28,2,0,2,2,0,0,0,65
2008,44,78,1,22,47,1,1,1,1,1,20,45,1,1,0,20,45,1,1,0,0,0,1,5,3,0,0,0,0,1,11,5,3,0,0,0,5,3,0,0,5,3,0,0,0,0,0,0,0,0,0,0,0,0,0,0,0,0,0,5,3,0,0,0,0,0,0,0,0,0,0,0,0,0,0,0,0,0,5,3,0,0,0,0,0,0,6,2,0,0,0,0,1,11,6,2,0,0,0,0,0,0,0,74
2008,44,81,1,67,117,4,3,1,0,0,66,119,4,2,0,66,115,4,2,0,0,0,0,70,115,4,1,0,0,1,1,71,114,4,1,0,71,114,4,1,70,112,4,1,0,0,2,0,0,0,0,0,0,0,0,0,0,0,0,68,110,4,1,1,0,0,0,0,0,0,1,1,0,0,0,0,1,1,66,115,4,2,0,0,0,0,83,102,5,0,0,0,1,0,66,115,4,0,0,0,0,0,0,192
2008,45,1,1,268,238,12,10,4,0,0,264,234,13,12,0,262,232,11,10,2,1,1,2,275,220,9,9,0,0,4,2,269,214,10,13,0,265,215,10,11,255,206,19,9,6,0,0,1,9,1,0,5,2,0,1,1,0,0,1,244,185,18,9,2,0,23,2,0,0,1,2,5,0,0,1,7,1,9,238,184,9,9,22,23,1,1,305,210,9,0,0,0,2,4,287,198,9,0,7,7,0,0,628,532
2008,45,2,1,925,685,43,47,9,0,2,934,672,38,40,2,905,655,34,36,5,2,6,5,951,636,37,39,0,4,12,2,958,588,34,40,4,951,590,38,43,859,536,72,30,0,10,5,2,53,4,3,11,9,0,10,23,0,9,6,823,507,69,25,14,0,70,6,2,1,4,1,37,5,1,2,18,7,22,807,491,29,23,106,65,4,11,1078,591,29,0,0,1,1,5,989,539,28,0,41,16,3,0,2109,1715
2008,45,3,1,612,673,24,34,11,4,5,612,663,26,28,2,589,648,21,21,3,3,5,7,662,608,28,23,0,2,6,11,628,590,24,38,2,634,607,23,39,553,542,69,23,0,3,3,6,36,11,0,5,16,0,11,12,3,12,4,525,491,68,15,20,0,68,4,1,0,8,2,28,4,0,3,24,3,20,514,472,21,13,182,79,4,12,773,565,9,0,0,1,8,6,701,537,8,0,19,17,6,0,1594,1367
2008,45,4,1,665,622,42,31,10,5,1,660,602,44,28,4,645,589,39,29,5,1,3,5,704,569,36,25,0,5,15,3,675,554,35,32,0,673,557,33,32,620,517,67,18,0,2,1,2,30,6,2,3,6,0,5,12,0,7,5,607,494,68,18,6,0,48,4,0,0,5,2,18,3,0,0,12,3,12,598,479,31,15,51,53,2,9,809,531,29,0,0,3,8,5,755,497,26,0,14,17,5,0,1749,1387
2008,45,5,1,763,925,54,52,20,2,3,778,931,50,33,2,741,898,45,31,4,11,7,8,791,902,40,29,0,0,7,5,783,862,39,38,3,811,864,39,33,700,774,107,22,0,7,11,1,43,6,1,2,19,0,8,21,0,6,6,689,729,87,19,22,1,67,5,1,1,13,1,22,3,1,3,31,4,19,668,707,28,14,71,102,7,11,988,790,30,0,0,1,3,1,898,769,24,0,24,16,5,0,2186,1818
2008,45,6,1,855,896,46,49,10,5,6,864,878,45,44,4,837,866,42,39,2,6,4,7,914,816,48,42,0,3,8,3,888,805,43,41,7,886,806,48,50,784,725,102,33,0,12,4,4,47,6,1,4,11,0,6,19,2,9,5,757,677,91,30,21,0,65,3,3,1,6,3,27,6,1,4,30,4,21,732,656,35,25,104,102,7,11,1013,802,28,0,0,1,8,10,946,762,33,0,28,22,1,0,2320,1870
2008,45,7,1,459,622,30,21,5,4,3,463,614,29,14,0,445,598,26,13,3,3,3,4,484,577,25,17,0,2,8,6,468,560,29,18,5,480,560,25,23,424,521,61,14,1,2,1,3,26,4,0,2,2,0,8,9,0,8,6,420,481,55,11,19,0,36,4,1,0,2,1,7,2,1,0,20,0,22,407,466,20,11,44,73,6,4,560,563,11,0,0,1,3,4,521,548,10,0,8,12,3,0,1399,1145
2008,45,8,1,179,188,13,15,0,2,3,173,185,12,12,0,172,178,12,10,2,0,1,0,203,159,17,7,0,0,4,3,190,155,19,9,0,192,156,16,8,183,148,28,5,0,1,1,0,4,0,0,1,0,0,0,1,0,0,2,177,144,22,5,4,0,7,1,0,2,1,1,0,0,0,0,5,0,3,175,140,15,5,11,10,2,2,225,166,4,0,0,0,3,2,211,157,4,0,4,0,3,0,509,400
2008,45,77,1,5,24,1,0,0,2,1,5,20,4,0,0,3,19,1,0,0,0,0,1,1,18,2,1,0,0,2,1,1,17,2,0,0,3,17,1,1,1,16,7,0,0,0,0,0,0,0,1,0,0,0,0,0,0,0,1,1,13,3,0,1,0,0,1,0,0,0,0,1,0,0,0,6,0,2,1,13,0,0,0,4,1,0,10,18,0,0,0,0,3,2,7,15,0,0,0,2,1,0,0,34
2008,45,78,1,13,23,1,0,0,0,0,13,23,1,0,0,13,23,1,0,0,0,0,0,5,3,0,1,0,0,0,3,5,4,0,0,0,5,4,0,0,5,2,1,0,0,0,0,0,0,1,0,0,0,0,0,0,0,0,0,5,2,1,0,0,0,0,0,0,0,0,0,0,1,0,0,0,0,0,5,2,0,0,0,1,0,0,5,4,0,0,0,0,0,3,5,4,0,0,0,0,0,0,0,37
2008,45,81,1,42,28,4,3,1,0,1,43,28,4,2,0,42,28,4,2,0,0,0,0,42,28,4,3,0,0,2,0,43,28,4,3,0,43,27,4,3,41,26,5,3,0,0,0,0,0,0,0,0,0,0,0,1,0,0,1,41,26,5,2,1,0,0,1,0,0,0,0,0,0,0,0,1,0,0,42,28,4,2,0,0,0,0,46,28,3,0,0,0,2,0,42,28,4,0,0,0,0,0,0,79
2008,46,1,1,459,437,24,33,1,1,4,453,434,24,32,0,446,424,22,30,0,0,0,0,457,428,21,18,0,0,9,4,449,418,20,21,2,452,417,20,19,428,381,53,17,1,1,4,0,2,3,0,1,7,0,2,0,0,14,1,443,370,47,15,4,0,2,1,0,2,1,0,1,3,0,9,1,0,9,412,364,17,15,33,38,1,3,423,513,14,0,0,0,3,5,402,477,12,0,6,9,4,0,1244,960
2008,46,2,1,377,450,21,31,5,1,3,379,448,16,25,5,368,441,16,24,1,2,6,3,389,446,21,13,0,0,5,5,384,427,18,17,0,393,424,17,20,354,378,46,14,0,4,5,3,4,2,6,2,18,1,2,1,1,9,7,364,357,43,11,12,0,0,3,2,1,3,11,2,5,1,16,5,1,10,329,347,13,10,46,60,5,5,376,483,9,0,0,4,6,8,352,454,9,0,11,10,2,0,1079,888
2008,46,3,1,528,728,37,45,15,3,9,532,722,33,35,7,510,707,30,30,1,8,10,9,531,718,35,20,0,3,9,9,520,673,39,28,0,543,677,22,34,458,582,84,14,0,5,14,3,13,7,4,6,20,0,3,2,0,52,4,492,573,81,13,21,0,3,2,1,5,2,9,3,4,0,51,2,1,23,435,550,23,11,62,89,7,12,497,804,28,0,0,25,4,7,473,752,23,0,14,25,7,0,1655,1366
2008,46,4,1,789,927,76,66,11,5,4,793,908,74,59,4,773,890,69,53,1,1,3,14,773,903,76,50,0,2,15,10,790,846,74,55,1,805,836,73,58,711,749,150,34,1,9,16,4,15,14,12,5,21,0,7,1,0,47,6,738,714,145,26,27,0,3,2,1,3,3,15,8,6,1,58,11,2,22,655,681,66,21,102,112,4,22,723,1079,44,0,0,14,9,7,690,993,43,0,14,22,10,0,2362,1880
2008,46,5,1,1148,1438,77,88,5,1,12,1147,1422,69,83,3,1124,1410,65,76,6,5,2,9,1167,1417,61,55,0,1,14,6,1154,1349,62,61,0,1163,1337,64,69,1062,1212,159,48,1,14,25,9,15,10,5,5,24,0,4,3,0,50,6,1141,1170,154,40,17,0,7,5,6,4,5,14,3,5,1,66,2,0,23,1001,1130,52,38,117,135,7,11,1097,1613,41,0,0,6,8,9,1046,1519,34,0,29,22,9,0,3648,2780
2008,46,6,1,512,736,68,45,5,0,4,512,727,66,40,3,492,712,62,33,5,1,5,5,524,732,62,34,0,1,4,6,506,672,57,34,0,528,692,60,41,448,635,104,21,0,5,8,1,17,2,8,3,16,0,13,3,0,30,0,505,579,78,15,19,0,1,1,0,2,4,11,9,2,0,50,4,1,9,416,558,42,12,63,97,16,12,508,819,39,0,0,3,4,5,465,759,37,0,21,27,9,0,1651,1370
2008,46,7,1,834,771,55,55,8,1,2,832,762,54,43,4,804,745,46,35,1,7,10,7,817,759,51,37,0,3,6,5,829,722,46,34,2,828,717,44,43,737,636,115,26,1,5,20,1,20,4,6,5,19,0,7,3,0,41,4,791,607,83,25,26,0,5,2,0,2,3,12,8,5,0,52,2,3,15,704,578,37,21,77,105,7,10,802,880,24,0,0,5,6,5,744,800,22,0,41,35,4,0,2079,1726
2008,46,8,1,580,728,65,40,11,3,3,591,715,63,27,4,565,702,57,23,6,6,2,9,595,693,65,22,0,0,6,2,595,676,64,26,2,584,678,68,24,534,611,117,19,0,4,11,1,9,7,5,0,14,2,3,1,0,26,2,560,594,105,15,11,0,1,2,1,1,1,12,0,4,0,41,3,2,7,505,577,55,15,52,66,7,5,552,824,43,0,0,1,4,5,520,774,39,0,10,15,5,0,1815,1432
2008,46,9,1,403,462,42,30,14,2,3,403,461,41,28,3,390,445,37,23,0,7,5,3,407,455,36,22,0,1,9,4,399,430,37,20,1,401,434,35,23,351,381,81,16,0,1,12,3,10,3,0,3,5,2,4,2,0,25,4,390,355,65,13,8,0,3,0,0,1,0,2,2,0,0,35,1,0,19,328,341,31,11,46,66,6,3,362,565,25,0,0,3,5,1,347,533,24,0,8,7,3,0,1192,957
2008,46,10,1,412,624,46,37,5,4,5,416,613,45,32,0,397,601,40,28,2,3,4,5,416,615,47,18,0,1,4,6,411,583,47,23,0,408,586,45,26,375,550,91,17,0,1,8,2,6,3,1,0,10,0,2,0,0,14,2,406,524,83,15,15,0,0,0,0,0,1,4,4,1,0,19,1,1,4,357,509,42,11,37,57,3,7,414,672,30,0,0,5,2,4,387,637,26,0,12,13,7,0,1523,1134
2008,46,11,1,299,457,22,23,7,2,5,304,439,19,18,2,288,431,19,19,3,4,1,4,306,433,18,18,0,3,8,6,295,412,19,19,0,302,406,19,18,264,389,50,17,0,7,7,3,11,0,2,0,9,0,3,1,0,10,1,299,355,49,15,5,0,0,0,0,0,2,1,0,0,0,18,1,1,6,255,345,16,14,25,52,2,3,258,531,8,0,0,0,12,5,238,486,8,0,12,9,1,0,1035,819
2008,46,12,1,571,806,60,45,6,4,9,571,801,57,35,0,545,774,47,33,5,5,6,5,581,785,42,34,0,2,8,11,566,735,42,34,0,582,726,47,43,498,648,111,27,1,12,11,6,10,12,4,1,18,0,4,4,0,35,8,549,607,98,17,12,0,3,3,2,3,4,7,2,5,1,48,3,1,19,481,580,29,18,60,103,12,9,532,916,25,0,0,6,8,8,509,860,18,0,13,23,9,0,1894,1506
2008,46,13,1,710,685,35,50,1,7,4,708,676,33,39,0,691,665,30,39,1,3,3,4,714,673,33,33,0,1,8,8,699,639,37,32,0,709,635,36,38,637,572,88,27,0,6,6,4,21,3,1,0,19,0,8,1,0,34,4,667,559,78,25,11,0,4,2,0,6,1,4,5,4,0,42,2,0,8,613,532,30,20,65,67,3,7,673,788,25,0,0,4,4,7,635,697,20,0,34,28,5,0,1891,1503
2008,46,14,1,326,487,20,38,5,1,4,322,478,20,31,1,312,472,17,30,2,1,1,2,336,452,24,25,0,0,4,4,335,442,23,25,0,333,433,23,28,316,405,54,17,0,4,7,1,2,4,1,1,6,1,2,1,0,9,3,337,398,41,18,5,0,0,0,1,2,3,2,2,0,0,13,3,0,9,308,386,20,89,18,36,1,6,341,511,16,0,0,0,7,5,325,494,16,0,6,5,3,0,1120,882
2008,46,15,1,589,816,77,57,3,3,3,606,805,67,46,3,581,796,64,36,6,2,6,14,581,817,66,39,0,0,1,3,597,748,66,48,0,601,763,65,54,531,660,123,29,0,11,11,1,15,9,4,1,18,2,6,12,0,28,9,585,635,100,19,21,0,3,0,0,4,5,7,1,4,0,49,4,2,22,504,595,52,18,68,113,6,17,572,933,31,0,0,6,3,1,541,874,30,0,75,24,11,0,1861,1551
2008,46,16,1,587,856,77,56,8,2,4,564,847,68,48,3,531,828,64,41,3,10,14,8,560,836,65,38,0,0,15,5,566,799,61,39,0,575,789,59,40,510,724,114,31,0,2,6,2,9,12,2,1,16,0,3,1,0,21,7,556,684,101,29,17,0,0,2,0,1,1,6,3,2,0,41,0,1,15,479,667,53,23,63,98,8,12,540,975,38,0,0,4,5,2,498,908,37,0,17,18,9,0,1924,1560
2008,46,17,1,315,393,48,32,2,1,6,309,388,47,30,0,297,376,44,25,1,2,0,3,307,368,44,21,0,0,4,6,300,362,39,26,0,306,366,39,28,278,337,64,19,0,3,9,2,2,2,1,2,8,0,1,1,1,1,1,287,331,59,19,3,1,0,0,0,1,1,2,1,2,0,12,0,1,13,269,319,36,19,27,33,3,4,302,455,29,0,0,2,3,1,277,409,29,0,10,14,3,0,1039,798
2008,46,18,1,239,540,27,24,1,1,3,235,537,28,20,1,227,526,25,17,1,2,3,2,232,531,28,12,0,0,2,5,230,502,28,16,0,233,494,28,15,205,458,54,15,0,2,6,0,6,6,0,1,11,0,1,2,0,11,2,249,443,43,9,3,0,0,2,0,1,1,2,6,0,1,14,1,0,8,199,418,25,8,17,60,4,4,214,598,14,0,0,1,3,5,202,563,14,0,3,8,4,0,1101,834
2008,46,77,1,19,66,4,2,0,2,0,18,67,3,2,0,17,64,3,2,0,1,0,1,18,61,2,1,0,0,3,0,18,60,2,1,0,18,59,2,3,17,52,5,1,0,0,2,1,0,0,1,0,3,0,0,0,0,0,2,18,48,9,1,0,0,0,0,0,0,0,1,0,0,0,0,0,0,10,17,45,2,1,0,13,0,0,20,66,2,0,0,0,3,0,18,64,2,0,0,0,0,0,0,94
2008,46,78,1,33,62,1,1,0,0,1,33,60,1,1,0,32,56,1,1,0,0,0,0,9,13,0,1,0,0,0,0,11,12,0,1,0,12,12,0,1,8,11,0,1,0,0,0,0,0,1,0,0,0,0,0,0,0,1,0,9,10,2,0,0,0,0,0,0,0,0,0,0,0,0,1,0,0,0,7,10,0,0,0,2,0,0,9,14,0,0,0,0,0,5,8,12,0,0,0,0,0,0,0,98
2008,46,81,1,82,75,4,1,0,2,1,81,74,5,1,0,81,73,4,1,0,0,0,0,83,71,4,1,0,0,2,0,84,70,4,1,0,86,65,4,1,79,62,6,0,0,1,4,0,0,0,1,1,3,0,0,1,0,2,0,83,65,7,0,1,0,0,0,0,0,0,2,0,0,0,0,0,0,1,78,58,4,0,3,7,0,1,88,72,4,0,0,0,2,0,82,71,4,0,2,0,0,0,0,165
2008,47,1,1,342,618,13,20,6,3,2,346,609,13,16,0,387,555,13,10,6,3,2,5,373,559,19,0,0,0,8,4,355,566,16,24,0,356,565,16,0,312,500,47,17,0,2,11,0,32,0,0,0,5,1,4,3,2,7,12,286,485,39,13,14,0,46,2,5,0,1,3,25,0,1,2,2,2,15,278,476,11,11,64,61,1,5,425,539,22,0,0,10,4,5,394,518,21,0,7,13,2,0,1280,1010
2008,47,2,1,536,671,30,39,8,2,5,540,659,29,38,0,521,644,27,33,5,8,2,3,567,612,31,0,0,0,9,9,548,608,32,35,0,548,608,28,0,490,557,77,26,0,2,22,0,29,2,1,2,5,1,8,5,0,3,5,473,558,75,25,7,0,45,2,0,1,2,0,23,2,0,2,2,3,17,468,533,26,23,61,63,1,4,623,628,23,0,0,3,6,8,590,597,22,0,15,11,0,0,1716,1293
2008,47,3,1,474,472,19,33,3,3,8,479,466,17,26,2,468,456,15,26,3,2,3,0,518,413,17,0,0,1,7,8,490,413,19,26,0,493,416,19,0,450,388,49,18,1,3,4,0,13,1,0,4,6,0,6,4,0,4,4,428,373,40,16,12,0,30,2,2,1,1,1,36,1,0,4,1,2,3,420,360,13,15,60,40,6,4,521,461,16,0,0,1,9,3,504,431,11,0,1,6,3,0,1243,1008
2008,47,4,1,452,693,19,24,3,3,4,447,679,20,20,1,439,668,18,16,1,2,0,3,476,613,27,0,0,0,19,8,450,629,21,19,0,453,628,22,0,423,471,56,16,0,0,9,0,11,2,0,1,2,0,8,7,1,5,4,412,562,45,13,5,0,22,0,1,0,4,0,13,4,0,1,3,4,13,405,545,18,9,32,57,3,1,497,675,10,0,0,0,7,7,477,639,10,0,6,4,0,0,1507,1201
2008,47,5,1,194,166,7,20,4,0,0,193,169,4,19,1,197,163,6,16,1,0,1,0,205,157,4,0,0,1,2,1,194,163,3,16,0,193,159,5,0,171,141,18,12,0,1,4,0,19,0,0,2,1,0,0,0,0,0,3,161,140,18,9,2,0,17,2,0,0,1,1,8,1,0,1,0,2,5,159,136,3,9,27,14,0,4,224,155,8,0,0,0,0,1,218,146,8,0,2,1,0,0,504,389
2008,47,6,1,547,565,10,16,1,1,2,550,555,10,13,0,540,552,10,12,5,1,2,2,591,500,13,0,0,0,9,2,570,503,10,19,0,571,502,11,0,531,463,35,11,0,4,8,0,18,6,0,3,2,0,6,1,1,8,10,515,457,40,9,6,0,23,0,2,0,8,0,12,4,0,2,1,4,13,504,441,9,7,56,42,1,3,613,498,12,0,0,5,4,10,589,492,12,0,10,2,0,0,1441,1144
2008,47,7,1,158,313,7,6,1,1,0,158,310,7,5,0,156,308,7,5,0,0,0,1,167,292,9,0,0,0,4,0,165,289,9,6,0,167,290,9,0,151,269,31,3,0,1,3,0,4,1,0,0,3,0,1,0,1,3,3,146,268,27,3,0,0,6,0,0,1,0,0,5,1,0,1,0,2,7,145,260,7,3,17,29,1,0,177,299,6,0,0,1,3,0,176,296,6,0,0,1,1,0,616,487
2008,47,8,1,449,483,24,30,7,0,3,458,475,24,24,2,440,468,19,21,3,4,3,5,487,422,28,0,0,2,6,5,453,427,31,32,0,462,437,30,0,408,386,63,22,0,4,8,0,30,1,1,4,2,1,1,6,2,5,7,394,379,62,13,8,0,24,2,5,0,6,1,25,2,0,5,1,7,10,376,366,17,11,69,45,5,8,476,477,26,0,0,1,8,5,445,452,25,0,20,4,1,0,1253,997
2008,47,9,1,639,849,24,47,5,1,6,634,826,27,41,0,618,810,22,40,1,3,2,2,677,734,28,0,0,1,25,13,657,735,26,42,0,655,728,26,0,584,685,81,32,0,4,16,1,38,2,0,3,8,0,14,1,0,4,1,568,673,72,23,14,0,42,4,1,1,3,0,26,1,0,2,3,4,15,550,657,20,20,89,59,4,15,747,780,26,0,0,0,9,13,705,732,22,0,11,10,3,0,2075,1576
2008,47,10,1,226,302,4,17,2,3,0,220,290,3,16,0,218,294,3,16,0,0,0,0,247,271,8,0,0,0,7,3,236,268,8,15,0,234,267,8,0,212,256,23,11,0,0,6,0,12,1,0,0,2,0,3,1,1,1,1,198,255,19,9,2,0,13,1,0,1,0,0,18,0,1,0,1,0,2,196,250,7,9,33,14,0,3,267,284,2,0,0,0,2,2,253,271,2,0,4,1,0,0,734,557
2008,47,11,1,272,343,10,27,3,1,2,271,338,11,24,0,260,329,7,21,3,3,1,2,280,315,16,0,0,0,10,3,278,315,13,15,0,280,314,14,0,253,285,46,10,0,1,5,0,8,0,0,0,2,0,3,5,0,4,3,233,291,43,7,6,0,19,1,2,0,2,0,12,0,0,0,0,3,3,230,275,11,7,41,29,0,4,302,329,17,0,0,1,2,2,294,313,14,0,6,3,1,0,837,658
2008,47,12,1,209,446,13,16,1,3,3,214,440,14,10,0,203,435,11,7,2,2,2,4,233,395,15,0,0,0,6,5,228,397,14,12,0,226,390,14,0,194,369,28,7,0,3,5,0,20,0,0,3,2,0,1,6,0,8,6,179,358,30,7,2,0,22,2,2,1,3,2,22,1,0,1,2,4,12,174,348,11,6,38,34,3,5,253,414,10,0,0,0,7,8,236,398,9,0,5,5,1,0,859,692
2008,47,13,1,280,498,17,31,4,0,4,283,495,12,29,1,276,487,11,29,3,1,1,3,313,439,20,0,0,0,5,6,299,438,18,26,0,297,446,18,0,265,406,47,13,0,3,13,0,20,0,1,1,2,2,4,3,8,3,5,252,403,50,12,3,0,32,0,3,0,2,0,11,0,2,4,0,0,6,246,390,15,9,38,33,1,6,351,450,16,0,0,1,8,5,341,436,13,0,2,8,2,0,1086,836
2008,47,14,1,627,860,26,33,9,2,4,634,847,23,24,3,613,832,21,25,3,10,5,3,693,771,26,0,0,0,7,3,648,775,28,34,0,654,775,28,0,585,701,75,21,0,5,13,0,41,3,0,3,7,0,7,7,2,10,13,540,671,69,19,25,1,55,2,3,1,5,1,41,4,1,4,4,9,22,534,645,21,16,100,104,5,4,777,751,15,0,0,4,2,5,758,724,14,0,7,7,1,0,1904,1562
2008,47,77,1,11,32,1,0,0,4,1,11,29,1,1,0,10,27,1,0,0,1,0,0,14,26,2,0,0,0,5,0,13,25,3,0,0,12,26,2,0,9,24,5,0,0,0,0,0,1,0,0,0,0,0,0,0,0,0,1,7,19,3,0,0,0,0,0,0,0,0,0,1,2,0,1,0,0,9,7,19,1,0,5,6,0,0,23,19,2,0,0,0,5,0,22,17,2,0,1,0,0,0,0,50
2008,47,78,1,13,24,0,0,0,0,0,13,22,0,0,0,13,22,0,0,0,0,0,0,4,1,0,0,0,0,1,2,4,2,0,0,0,4,2,0,0,4,2,0,0,0,0,0,0,0,0,0,0,0,0,0,0,0,0,0,3,2,0,0,0,0,0,0,0,0,0,1,1,0,0,0,0,0,0,3,1,0,0,1,0,0,0,4,2,0,0,0,0,0,5,4,2,0,0,4,2,0,0,0,37
2008,47,81,1,84,79,8,5,3,0,0,84,79,7,4,0,82,76,7,4,0,0,1,0,87,75,8,0,0,1,4,1,85,75,9,2,1,86,75,9,0,83,72,10,2,0,0,0,0,0,0,0,0,1,0,2,0,0,0,0,82,71,10,2,1,0,1,0,0,0,0,0,2,0,0,0,0,1,0,81,70,8,2,4,4,1,1,99,73,6,0,0,0,1,0,94,71,6,0,0,1,1,0,0,179
2008,48,1,1,500,557,44,43,9,1,3,496,556,48,36,4,488,544,41,35,2,1,5,5,537,523,42,0,0,0,7,4,520,532,41,32,3,521,522,42,0,485,487,78,22,0,5,2,0,3,4,0,3,4,0,21,8,1,1,0,469,446,73,15,19,0,4,3,2,1,3,0,43,11,0,2,13,4,0,458,440,36,13,54,67,2,9,565,553,24,0,0,5,6,2,522,527,22,0,19,5,5,0,1455,1157
2008,48,2,1,458,457,19,27,1,1,4,457,448,18,23,1,451,441,17,22,1,2,0,1,483,429,17,0,0,1,7,3,465,437,17,19,6,463,433,17,0,433,404,47,19,0,1,3,0,1,6,1,1,0,0,14,3,0,1,0,424,387,46,23,11,0,2,0,2,2,0,0,15,8,0,0,9,3,0,419,380,15,17,41,47,0,1,492,442,11,0,0,6,3,7,481,422,10,0,6,8,3,0,1313,967
2008,48,3,1,479,471,18,21,5,1,1,482,464,18,17,1,468,455,16,15,7,4,1,5,496,448,16,0,0,0,7,2,482,455,17,16,0,483,453,17,0,461,429,33,17,0,1,4,0,1,5,1,2,1,0,8,8,1,0,1,440,408,37,23,5,0,3,0,1,1,2,0,15,8,0,0,10,5,2,434,402,16,13,44,30,1,2,548,436,13,0,0,0,2,1,529,422,13,0,8,7,0,0,1281,999
2008,48,4,1,171,142,6,6,0,0,0,175,135,4,4,0,168,133,3,4,0,0,2,0,182,129,6,0,0,0,0,1,176,128,5,4,0,175,131,6,0,163,115,15,2,1,0,0,0,2,5,0,0,0,0,9,3,0,0,0,157,111,13,2,5,0,0,0,0,2,0,0,10,7,0,1,0,4,0,156,108,5,2,16,18,0,0,188,131,4,0,0,1,0,1,184,126,4,0,1,1,0,0,422,325
2008,48,5,1,185,155,8,7,0,2,0,184,155,8,6,0,184,155,8,6,0,0,0,0,192,147,7,0,0,0,1,3,186,146,7,9,0,186,146,7,0,178,139,16,8,0,0,1,0,1,0,0,0,0,1,1,1,1,0,0,174,129,18,13,3,0,0,0,0,0,0,0,5,2,0,0,1,0,0,172,128,6,6,13,17,1,2,204,149,2,0,0,0,0,1,194,145,2,0,6,3,2,0,475,357
2008,48,6,1,518,528,14,37,4,2,2,528,526,13,29,0,513,506,10,26,3,6,2,4,553,472,16,0,0,0,7,4,519,488,18,33,0,517,482,19,0,491,455,45,25,1,4,2,1,0,2,0,1,2,1,12,10,0,1,1,485,436,48,21,11,0,11,0,2,2,1,0,16,6,1,0,5,4,1,477,430,15,18,37,44,1,4,580,507,7,0,0,1,5,4,559,492,6,0,7,5,0,0,1490,1110
2008,48,7,1,369,311,12,13,2,2,1,365,305,14,11,1,361,299,11,10,1,2,1,0,375,297,13,0,0,1,1,1,368,298,16,16,0,372,296,16,0,343,276,38,10,0,1,2,1,2,3,0,2,2,0,10,1,0,0,1,332,270,38,11,7,0,1,1,0,2,0,1,9,5,0,0,5,6,1,327,264,12,9,39,28,1,2,420,284,5,0,0,0,0,2,409,280,5,0,3,2,0,0,953,712
2008,48,8,1,231,327,3,10,1,0,0,230,321,3,8,0,225,316,3,8,1,0,0,1,275,272,3,0,0,0,7,3,247,277,3,10,0,249,285,5,0,241,261,12,9,0,0,0,0,0,4,0,1,3,0,6,6,1,2,0,231,248,16,9,2,0,2,0,1,1,2,0,7,11,0,1,4,3,1,229,243,3,9,16,24,0,0,312,253,2,0,0,0,3,3,298,248,2,0,0,3,0,0,766,572
2008,48,9,1,572,738,32,28,3,1,5,581,727,26,23,0,564,722,24,22,5,1,1,6,609,698,25,0,0,1,12,5,583,697,28,21,0,586,701,25,0,560,657,54,13,2,2,3,1,0,1,1,2,3,0,13,15,0,0,1,551,633,62,12,16,0,2,0,3,5,2,0,17,6,0,1,12,3,1,541,622,21,10,39,60,2,4,622,729,16,0,0,3,4,3,601,699,15,0,5,8,4,0,1944,1380
2008,48,10,1,240,313,3,13,2,0,0,237,315,3,13,0,236,309,3,13,0,2,0,0,250,284,6,0,0,0,4,1,243,283,7,15,0,244,289,6,0,230,269,23,10,0,0,5,0,1,2,0,0,1,0,6,5,1,0,0,225,259,22,9,6,0,3,3,2,0,3,0,12,1,0,0,8,0,1,222,256,5,8,15,18,0,6,271,293,3,0,0,0,2,0,267,287,3,0,3,1,0,0,764,571
2008,48,11,1,132,186,3,8,1,2,0,131,181,3,8,0,128,175,3,7,0,1,0,0,146,169,5,0,0,0,1,1,139,174,4,8,0,141,170,3,0,129,161,16,4,0,1,0,0,0,0,0,1,0,0,7,3,0,0,0,127,158,16,5,4,0,2,0,0,2,1,0,5,0,0,0,3,0,0,126,157,3,4,11,10,1,2,129,196,2,0,0,0,1,2,128,189,2,0,1,0,1,0,424,332
2008,48,12,1,368,444,8,14,2,2,3,366,430,8,15,0,361,424,8,14,2,0,0,0,404,395,10,0,0,0,8,4,385,397,10,13,0,387,393,10,0,382,373,22,10,1,0,6,0,0,7,0,1,1,0,5,9,0,0,2,363,365,28,10,4,0,1,1,1,1,4,0,6,17,0,0,5,1,0,361,354,10,10,21,35,0,0,418,308,6,0,0,0,3,1,405,388,6,0,1,2,1,0,1119,841
2008,48,13,1,537,637,17,31,4,3,1,537,626,17,28,2,523,619,14,24,1,3,3,5,556,609,20,0,0,1,8,2,545,598,22,30,0,545,600,18,0,516,551,51,18,0,4,5,0,4,3,0,1,6,1,13,10,3,1,2,500,534,51,17,7,0,2,3,3,3,2,0,30,15,0,0,7,1,2,495,531,16,16,39,54,2,6,572,634,14,0,0,1,2,0,541,612,13,0,13,8,2,0,1630,1231
2008,48,14,1,125,111,4,7,4,0,1,124,108,4,6,3,124,108,4,6,0,0,0,0,130,100,5,0,0,0,0,4,127,102,5,4,0,127,103,5,0,124,95,13,4,0,1,0,0,1,2,0,0,0,0,1,1,0,0,0,123,91,11,4,0,3,1,1,0,1,0,0,1,1,0,0,2,0,0,123,88,5,4,4,12,0,0,151,95,2,0,0,0,2,0,141,92,2,0,4,3,1,0,314,252
2008,48,77,1,8,50,0,0,0,2,0,8,45,0,0,0,7,44,0,0,0,0,0,0,7,44,0,0,0,0,4,0,9,43,0,0,0,7,43,0,0,7,40,3,1,0,0,0,0,0,1,0,0,0,0,0,0,0,0,0,7,35,2,0,0,0,0,0,0,0,0,0,0,6,0,0,0,0,0,7,35,0,0,0,8,0,1,17,36,0,0,0,0,0,0,17,35,0,0,0,1,0,0,0,60
2008,48,78,1,10,28,0,0,0,0,0,10,28,0,0,0,10,26,0,0,0,0,0,1,2,3,0,0,0,0,0,7,2,3,0,0,0,2,3,0,0,2,3,0,0,0,0,0,0,0,0,0,0,0,0,0,0,0,0,0,2,3,0,0,0,0,0,0,0,0,0,0,0,0,0,0,0,0,0,2,3,0,0,0,0,0,0,2,3,0,0,0,0,0,6,2,3,0,0,0,0,0,0,0,38
2008,48,81,1,70,91,8,2,0,1,1,71,89,8,2,0,69,88,8,2,0,1,0,0,73,84,8,0,0,0,2,1,72,84,8,2,0,71,84,8,0,68,83,12,2,0,0,0,0,0,0,0,0,1,0,0,0,0,1,0,70,81,12,2,1,0,0,0,0,0,0,0,2,0,0,0,0,0,0,68,81,8,2,3,3,0,0,78,84,8,0,0,0,1,1,78,80,8,0,0,1,0,0,0,173
2008,49,1,1,1099,1102,44,70,18,4,3,1110,1091,42,57,5,1076,1068,35,53,5,6,7,10,1224,977,43,0,0,5,7,12,1133,1002,41,75,6,1136,1008,40,0,1015,896,110,45,2,29,11,1,12,10,4,8,10,1,5,22,2,55,1,999,859,121,36,23,2,12,6,11,5,40,1,6,24,1,78,2,2,4,953,825,31,26,146,138,4,19,1191,1067,38,0,0,7,8,10,1117,1010,34,0,32,24,8,0,2961,2341
2008,49,2,1,549,513,14,32,4,4,2,566,496,12,27,1,541,487,12,25,2,2,0,3,626,431,17,0,0,2,7,4,578,445,16,25,0,573,449,16,0,537,408,43,20,0,9,0,0,4,6,2,0,7,0,1,9,2,19,0,529,386,53,12,12,0,2,4,3,6,7,4,2,9,0,28,0,1,2,518,380,14,10,46,59,1,7,601,492,17,0,0,2,3,5,566,459,16,0,15,9,0,0,1425,1121
2008,49,3,1,180,157,3,8,2,3,1,181,156,1,7,0,174,150,1,6,0,0,1,0,196,132,6,0,0,1,5,2,179,138,6,12,1,177,141,6,0,170,131,17,7,1,0,0,0,0,1,0,0,0,0,0,1,2,2,1,166,125,14,7,3,0,0,0,2,0,2,0,2,4,1,5,1,0,0,166,120,4,6,11,18,1,1,200,142,2,0,0,3,5,2,188,135,2,0,5,7,0,0,431,355
2008,49,4,1,830,721,33,33,3,3,4,833,708,34,28,0,814,695,30,26,3,3,3,8,924,602,41,0,0,4,17,6,849,623,38,27,0,855,635,37,0,791,568,181,18,0,16,4,0,7,6,0,3,5,1,1,12,1,30,4,782,548,74,14,5,0,5,2,2,4,21,0,7,16,0,47,2,1,2,757,526,33,14,77,79,2,6,896,688,28,0,0,1,8,7,837,654,28,0,19,23,1,0,2121,1631
2008,49,5,1,428,358,16,18,7,0,3,424,360,17,16,0,420,347,15,15,2,5,2,3,462,322,15,0,0,1,2,5,431,332,16,17,0,434,332,16,0,404,303,37,11,0,5,3,0,0,4,0,1,2,0,2,5,0,21,1,400,292,37,11,6,0,4,2,1,3,8,0,4,9,0,20,1,0,2,387,279,13,10,40,47,1,5,455,353,11,0,0,4,3,3,431,334,10,0,14,11,3,0,1080,831
2008,49,6,1,596,514,6,22,4,0,6,596,504,10,17,2,591,499,6,15,2,1,0,1,678,415,12,0,0,5,7,6,619,435,8,22,0,613,434,8,0,571,392,39,12,0,15,3,0,2,7,1,2,4,0,1,11,1,15,1,572,376,41,10,4,0,6,2,1,2,12,0,0,9,0,25,3,0,5,549,357,7,11,54,63,0,4,680,451,8,0,0,4,2,4,639,433,8,0,13,11,0,0,1438,1149
2008,49,7,1,722,703,27,52,7,4,5,722,690,25,52,2,701,672,23,42,0,6,4,11,808,600,36,0,0,9,8,6,740,619,31,51,1,737,627,34,0,645,559,77,30,0,37,2,0,9,9,1,3,9,0,3,16,1,35,0,648,528,91,26,13,0,8,2,9,4,24,0,3,10,1,51,3,0,2,606,504,24,22,116,88,5,11,814,651,27,0,0,6,8,7,742,599,26,0,37,24,5,0,1889,1521
2008,49,8,1,622,405,15,28,1,3,1,618,389,17,24,0,606,379,12,22,4,1,3,3,684,331,14,0,0,0,8,2,634,347,14,23,0,636,351,14,0,582,316,43,19,0,6,1,0,2,8,0,2,0,0,1,9,5,18,0,584,303,48,18,9,0,3,1,1,4,1,0,3,10,1,28,0,0,0,569,289,10,18,49,41,3,1,680,375,13,0,0,1,1,1,606,338,10,0,38,17,0,0,1416,1076
2008,49,9,1,1107,834,26,44,8,6,6,1093,820,28,36,1,1071,805,24,34,4,7,2,5,1223,696,32,0,0,9,10,11,1140,716,29,32,1,1136,719,30,0,1042,668,73,25,0,39,2,0,8,7,2,1,4,0,5,16,0,28,1,1058,643,71,19,7,1,20,4,5,4,14,1,6,13,0,33,1,0,7,1009,621,28,18,96,81,1,4,1194,783,25,0,0,2,12,9,1125,735,23,0,18,27,4,0,2564,1833
2008,49,10,1,541,710,17,31,10,3,7,548,694,18,27,5,532,685,14,25,2,4,3,7,651,600,17,0,0,5,4,7,594,623,17,32,0,594,619,17,0,548,571,58,16,0,8,1,0,6,5,1,0,3,0,3,15,2,26,2,548,551,60,16,12,0,7,5,2,1,12,1,4,4,0,31,2,1,3,526,534,16,11,52,70,0,12,645,634,14,0,0,4,7,5,614,618,13,0,12,15,0,0,1627,1318
2008,49,11,1,224,280,8,10,1,1,0,219,275,9,9,0,215,273,8,8,3,1,0,1,254,246,7,0,0,0,4,2,237,249,6,7,0,235,251,6,0,217,233,25,6,0,2,0,0,2,0,0,2,0,0,0,3,0,5,0,210,228,28,3,2,0,2,0,0,3,3,0,0,4,0,9,0,0,0,203,221,6,3,26,22,0,2,248,256,10,0,0,2,4,2,228,240,10,0,4,12,0,0,684,525
2008,49,77,1,7,33,1,2,0,1,1,5,27,1,2,0,5,26,1,2,0,0,0,0,14,23,1,0,0,0,1,1,9,22,1,4,0,10,21,1,0,8,20,3,2,0,0,0,0,0,0,0,0,1,0,1,1,1,0,0,8,17,1,2,1,0,0,0,0,0,6,0,0,1,0,1,0,0,1,8,16,1,2,1,5,0,0,19,18,3,0,0,0,1,1,14,15,2,0,0,1,0,0,0,45
2008,49,78,1,27,33,1,2,0,0,2,24,33,1,1,0,23,32,1,1,0,0,0,1,17,15,0,0,0,0,0,9,14,17,1,0,0,14,18,0,0,13,16,1,0,0,0,0,0,0,0,0,0,0,0,0,0,1,1,0,12,15,2,0,0,0,1,0,0,0,0,0,0,0,0,0,0,0,1,12,14,0,0,2,3,0,0,16,16,0,0,0,0,0,9,16,15,0,0,0,0,0,0,0,65
2008,49,79,1,0,0,0,0,0,0,0,0,0,0,0,0,0,0,0,0,0,0,0,0,0,0,0,0,0,0,0,0,0,0,0,1,0,0,0,0,0,0,0,0,0,0,0,0,0,0,0,0,0,0,0,0,0,0,0,0,0,0,0,0,0,0,0,0,0,0,0,0,0,0,0,0,0,0,0,0,0,0,0,0,0,0,0,0,0,0,0,0,0,0,0,0,0,0,0,0,0,0,0,0,0
2008,49,81,1,222,188,6,3,5,1,2,225,183,6,3,0,222,183,6,3,0,1,0,0,240,165,7,0,0,2,0,1,228,171,6,6,0,228,170,6,0,223,162,9,5,1,4,0,0,0,6,0,0,1,0,0,4,0,1,0,220,159,12,6,0,0,4,0,1,0,9,0,0,2,0,2,0,0,1,215,153,6,5,12,14,0,0,244,173,8,0,0,0,2,1,234,166,7,0,3,3,0,0,0,428
2008,50,1,1,262,687,3,11,3,2,2,259,681,3,10,1,254,677,2,9,2,3,1,3,272,658,14,0,0,2,7,4,269,665,5,10,2,271,662,4,0,260,646,10,8,2,1,2,0,0,1,0,7,2,0,0,5,0,0,1,256,634,15,7,1,0,1,4,3,10,0,0,0,1,0,5,8,1,1,251,628,4,7,15,29,0,1,310,647,2,0,0,0,3,7,292,629,2,0,7,12,0,0,1200,971
2008,50,2,1,558,644,18,13,1,5,8,559,633,18,12,0,552,630,15,12,0,0,3,1,571,601,29,0,0,0,12,4,566,608,19,9,0,566,608,20,0,549,583,38,8,0,0,0,0,4,4,0,8,9,0,0,0,1,6,1,537,555,37,6,5,0,2,3,4,22,4,0,0,0,0,12,7,1,6,530,550,15,4,33,50,4,5,629,583,11,0,0,0,9,10,591,559,10,0,12,17,3,0,1567,1249
2008,50,3,1,136,89,1,5,1,0,0,136,88,0,5,0,136,86,0,4,0,0,0,1,139,84,5,0,0,0,1,1,138,86,3,1,0,138,85,3,0,135,83,3,0,0,0,0,0,0,0,0,5,1,0,0,2,0,0,0,131,78,3,0,0,0,0,0,0,5,1,0,0,1,0,4,1,2,2,131,77,1,0,7,7,2,0,139,89,1,0,0,0,1,3,134,80,1,0,4,5,0,0,264,233
2008,50,4,1,89,143,3,1,3,0,0,89,139,3,1,1,87,139,3,1,0,0,0,0,94,135,4,0,0,0,0,0,92,137,4,3,0,93,137,4,0,86,124,7,2,0,1,0,0,0,3,0,5,1,0,0,2,0,0,1,86,122,7,2,0,0,0,1,0,5,1,0,0,1,0,0,3,1,2,85,121,3,2,6,11,1,1,99,136,2,0,0,1,1,0,97,136,2,0,1,0,0,0,293,239
2008,50,5,1,114,156,0,3,0,0,0,116,154,0,1,0,113,150,0,1,1,0,0,0,121,142,2,0,0,0,1,1,117,143,2,4,0,118,143,2,0,112,129,6,3,0,0,0,0,0,0,0,5,0,0,1,5,0,0,0,111,131,7,1,0,0,1,0,0,6,0,0,0,0,0,1,7,0,1,110,126,2,1,6,13,0,2,131,142,0,0,0,0,0,0,128,139,0,0,0,1,0,0,333,273
2008,50,6,1,159,352,0,4,1,1,0,156,349,0,4,0,156,349,0,4,0,1,0,0,158,344,2,0,0,0,2,4,155,345,2,4,0,153,339,3,0,150,326,10,4,0,0,2,0,0,0,0,4,6,0,0,2,0,0,0,147,327,8,4,1,0,0,0,0,4,2,0,0,0,0,2,4,0,1,146,318,2,4,8,18,0,0,187,328,0,0,0,0,0,1,181,327,0,0,0,0,0,0,611,517
2008,50,7,1,103,340,0,4,2,0,4,103,337,1,6,0,102,334,0,4,0,1,0,0,115,322,3,0,0,0,5,5,106,327,3,4,0,105,327,4,0,102,322,4,3,0,0,0,0,0,0,0,2,5,0,0,1,1,0,1,103,318,5,2,0,0,0,0,1,2,0,0,0,0,0,0,3,0,4,102,312,3,2,3,13,0,1,128,323,0,0,0,0,1,2,124,320,0,0,2,1,0,0,558,455
2008,50,77,1,2,3,0,1,0,2,1,3,3,0,0,0,2,2,0,0,0,0,0,0,4,2,0,0,0,0,2,1,4,2,0,1,0,3,2,0,0,3,2,0,0,0,0,0,0,0,0,0,0,0,0,0,0,0,0,0,3,2,0,0,0,0,0,0,0,0,0,0,0,0,0,0,0,0,0,3,2,0,0,0,0,0,0,2,4,0,0,0,0,2,1,2,3,0,0,0,0,0,0,0,13
2008,50,78,1,5,12,0,0,0,0,0,5,12,0,0,0,5,12,0,0,0,0,0,0,1,2,0,0,0,0,0,3,1,2,0,0,0,1,2,0,0,1,2,0,0,0,0,0,0,0,0,0,0,0,0,0,0,0,0,0,1,2,0,0,0,0,0,0,0,0,0,0,0,0,0,0,0,0,0,1,2,0,0,0,0,0,0,1,2,0,0,0,0,0,3,1,2,0,0,0,0,0,0,0,17
2008,50,81,1,50,63,1,1,0,0,0,50,63,1,1,0,50,63,1,1,0,0,0,0,50,61,1,0,0,0,0,0,49,62,1,2,0,49,62,1,0,48,61,1,2,0,0,0,0,0,0,0,0,0,0,0,0,0,0,0,48,60,1,2,0,0,0,0,0,1,0,0,0,0,0,1,1,0,0,48,60,1,2,1,2,0,0,52,61,1,0,0,0,0,0,50,60,1,0,1,2,0,0,0,115
2008,51,1,1,102,203,4,6,4,2,0,100,203,3,5,1,96,198,3,4,2,1,0,0,101,193,7,0,0,0,6,3,98,190,6,7,0,102,190,6,0,91,178,13,1,0,0,1,0,9,4,0,0,0,0,0,2,1,0,0,92,174,18,1,2,0,8,4,0,1,0,0,1,1,1,1,0,0,0,85,169,5,1,11,13,0,1,90,226,3,0,0,0,3,1,87,223,3,0,3,1,0,0,436,323
2008,51,2,1,80,73,5,1,0,0,0,80,70,4,0,0,78,68,4,0,1,1,0,1,81,67,4,0,0,0,2,1,75,67,4,0,0,76,67,4,0,74,66,8,0,0,0,0,0,2,0,0,0,0,0,0,1,0,1,0,73,63,7,0,0,0,4,0,0,0,0,0,1,1,0,0,0,0,0,73,62,4,0,2,3,0,0,68,86,4,0,0,0,0,0,67,80,4,0,0,0,0,0,197,159
2008,51,3,1,144,206,2,6,3,0,1,143,198,2,7,0,140,196,2,6,0,0,0,0,150,193,2,0,0,0,6,1,144,193,2,3,0,145,192,2,0,139,183,9,2,0,0,1,0,4,3,0,0,1,0,1,4,0,0,0,132,177,7,2,1,0,6,3,0,0,0,0,4,2,0,1,1,0,1,131,172,1,2,12,14,1,0,140,216,1,0,0,0,3,1,140,209,0,0,2,1,0,0,481,364
2008,51,4,1,217,190,2,10,1,0,0,219,187,2,9,0,214,182,2,8,2,0,0,0,229,170,4,0,0,0,4,1,219,175,3,8,0,221,174,4,0,208,156,18,6,0,0,0,0,7,2,0,0,0,0,1,1,0,2,0,210,153,17,6,1,1,5,4,0,0,0,0,2,0,0,4,0,0,1,203,148,3,5,15,19,0,0,213,201,2,0,0,0,3,2,208,187,2,0,2,0,0,0,555,422
2008,51,5,1,69,79,4,1,0,0,0,68,76,4,2,0,67,74,4,1,0,0,0,0,72,72,4,0,0,0,1,0,71,72,4,1,0,72,71,4,0,71,69,6,0,0,0,1,0,0,0,0,0,0,0,0,0,0,0,0,71,70,6,0,1,0,0,1,0,0,0,0,0,0,0,0,0,0,0,69,69,4,0,3,0,0,0,66,82,4,0,0,0,0,0,66,76,4,0,2,0,0,0,194,153
2008,51,6,1,123,190,8,7,1,1,2,124,188,6,6,0,120,184,6,5,0,1,1,1,134,180,6,0,0,0,2,2,126,184,6,5,0,123,185,6,0,123,174,11,2,0,0,3,0,2,2,0,1,0,0,0,0,0,0,0,119,170,9,2,3,0,5,6,0,0,0,0,0,0,0,0,0,0,0,119,168,5,2,5,9,0,1,121,207,2,0,0,0,1,1,116,197,2,0,2,1,1,0,415,333
2008,51,7,1,35,71,1,1,0,1,0,35,71,1,1,0,35,69,1,1,0,0,0,0,38,67,0,0,0,0,1,0,36,67,0,0,0,36,68,0,0,34,66,0,0,0,0,0,0,2,0,0,0,0,0,1,1,0,0,0,34,67,1,0,0,0,1,0,0,0,1,0,0,0,0,0,0,0,0,33,65,0,0,3,2,0,0,37,71,0,0,0,0,1,0,37,71,0,0,0,0,0,0,132,109
2008,51,8,1,153,230,8,14,0,0,1,156,230,10,6,0,150,225,6,6,0,2,1,3,164,221,7,0,0,0,5,2,155,224,7,6,0,156,222,7,0,148,207,18,2,0,1,1,0,2,5,0,0,0,0,2,0,0,0,0,148,207,13,2,2,0,7,2,0,0,0,0,1,0,1,0,0,0,3,146,202,7,2,7,14,0,1,156,240,5,0,0,0,3,3,152,235,5,0,0,4,1,0,531,408
2008,51,9,1,67,158,3,5,0,0,0,66,156,4,5,0,66,155,3,4,0,0,1,0,69,150,5,0,0,0,2,0,67,148,5,4,0,67,148,5,0,64,143,8,3,0,0,1,0,2,4,0,0,0,0,1,1,1,0,0,65,144,7,3,0,0,2,5,0,0,0,0,0,0,0,0,0,0,0,64,139,5,2,3,7,0,0,60,168,3,0,0,0,0,2,59,163,3,0,0,0,0,0,307,233
2008,51,10,1,271,382,11,14,2,4,4,270,372,12,10,0,261,366,11,10,1,1,2,1,277,355,12,0,0,1,8,7,263,360,13,9,3,262,358,19,0,253,346,30,7,1,2,0,0,4,2,0,1,1,0,0,0,0,1,2,251,342,28,4,3,0,10,3,1,0,2,0,2,1,0,0,0,1,0,248,332,12,4,16,20,0,3,224,445,8,0,0,0,4,3,216,413,6,0,10,9,1,0,864,689
2008,51,11,1,771,1206,59,73,10,3,8,773,1200,56,62,1,742,1172,52,57,1,3,9,6,779,1145,69,0,0,0,11,7,754,1158,70,76,2,758,1149,74,0,707,1021,155,57,1,4,8,1,35,31,0,0,3,2,3,9,1,5,13,699,1017,139,44,23,0,53,14,7,0,3,2,9,8,0,3,5,4,9,683,993,55,39,57,99,9,15,634,1430,53,0,0,0,4,6,618,1338,51,0,24,24,4,0,2736,2133
2008,51,12,1,268,522,13,11,3,0,1,271,518,11,10,0,264,513,11,10,1,1,1,2,279,492,15,0,0,0,6,0,269,496,17,11,0,267,493,18,0,252,471,33,3,0,2,3,0,11,6,0,0,1,0,1,3,0,0,2,250,464,32,4,4,0,15,7,0,0,0,0,2,3,1,1,4,1,2,247,454,14,4,16,28,2,5,237,572,7,0,0,0,2,1,233,561,7,0,3,0,0,0,1107,819
2008,51,13,1,41,84,9,5,1,0,0,43,85,8,4,0,41,84,8,4,0,1,0,1,49,77,9,0,0,0,1,0,44,79,9,4,0,42,78,9,0,42,71,16,3,0,0,1,0,2,1,0,0,0,0,0,0,0,0,0,40,65,14,3,6,0,4,1,0,0,0,0,0,1,0,0,0,0,0,40,64,8,3,1,12,1,0,36,92,10,0,0,0,2,0,35,81,9,0,2,7,0,0,178,140
2008,51,77,1,5,21,0,0,0,3,0,5,21,0,0,0,5,21,0,0,0,0,0,0,3,19,1,0,0,0,3,1,3,19,1,0,0,3,19,1,0,2,18,2,0,0,0,0,0,0,0,0,0,0,0,1,0,0,0,0,2,18,2,0,0,0,0,0,0,0,0,0,0,0,0,0,0,0,0,2,17,1,0,1,2,0,0,3,23,0,0,0,0,3,0,3,23,0,0,0,0,0,0,0,29
2008,51,78,1,7,8,0,1,0,0,0,7,7,0,1,0,7,7,0,1,0,0,0,0,2,1,0,0,0,0,0,0,2,2,0,0,0,2,2,0,0,2,3,0,0,0,0,0,0,0,0,0,0,0,0,0,0,0,0,0,2,3,0,0,0,0,0,0,0,0,0,0,0,0,0,0,0,0,0,2,1,0,0,0,0,0,0,2,1,0,0,0,0,0,2,2,1,0,0,0,0,0,0,0,16
2008,51,81,1,20,30,5,0,0,0,0,18,30,5,0,0,18,30,5,0,0,0,0,0,19,29,5,0,0,0,1,0,18,29,6,0,0,18,29,6,0,17,28,5,0,0,0,0,0,1,1,0,0,0,0,0,0,0,0,0,17,28,6,0,0,0,0,1,0,0,0,0,0,0,0,0,0,0,0,17,28,5,0,1,1,0,0,20,31,4,0,0,0,0,0,19,30,4,0,1,0,0,0,0,55
2008,52,1,1,23,152,0,2,0,0,0,23,149,0,1,0,23,147,0,0,0,0,0,0,23,149,1,0,0,0,0,1,22,149,0,0,0,23,147,0,0,21,147,1,0,0,0,1,0,0,1,0,2,0,0,0,0,0,0,0,21,143,4,0,0,0,0,2,0,0,0,0,0,1,0,1,0,0,0,21,141,0,0,0,4,0,0,16,160,0,0,0,0,0,0,15,155,0,0,1,0,0,0,212,177
2008,52,2,1,124,302,7,9,0,3,2,125,295,9,6,0,118,286,7,5,1,3,1,0,129,289,8,4,0,0,5,4,127,272,9,6,0,129,277,8,0,123,261,19,4,0,0,0,0,0,8,0,3,1,0,0,1,0,0,2,122,255,18,4,1,0,2,2,0,8,0,0,1,0,0,0,0,0,0,118,251,8,3,3,14,0,1,108,322,8,0,0,1,4,3,104,300,7,0,3,3,2,0,578,447
2008,52,3,1,250,607,11,21,9,1,3,254,597,10,20,5,244,584,9,15,1,2,3,1,266,591,15,12,0,0,6,0,260,579,17,15,0,255,576,18,0,249,538,32,9,0,0,1,0,3,6,3,9,1,1,0,3,0,1,9,242,538,27,10,4,0,1,4,4,19,0,0,0,4,1,4,2,1,3,238,522,13,8,11,33,2,3,226,658,12,0,0,0,3,2,216,622,9,0,8,6,1,0,1155,904
2008,52,4,1,353,362,10,24,0,0,6,353,353,8,23,0,342,348,7,19,1,0,3,0,344,336,13,11,0,1,2,4,343,325,14,11,0,340,323,20,0,321,296,34,9,0,1,1,1,2,9,1,12,1,1,1,3,0,1,2,313,298,29,11,10,0,1,2,1,20,0,0,0,0,0,7,4,1,2,318,302,11,7,30,19,0,1,305,425,9,0,0,0,4,7,292,399,7,0,13,5,0,0,922,756
2008,52,5,1,208,326,2,16,4,1,1,205,321,2,13,0,200,319,1,13,3,0,1,0,204,332,2,8,0,1,2,2,204,324,2,8,0,203,326,2,0,197,306,10,7,0,1,1,0,1,4,0,2,0,1,0,1,0,2,0,193,303,8,6,4,0,0,5,0,9,1,0,1,0,3,0,2,0,0,190,295,1,6,11,24,1,2,186,367,3,0,0,0,1,1,184,340,2,0,7,8,0,0,727,558
2008,52,6,1,297,446,19,20,5,0,0,305,434,18,16,1,292,429,16,15,3,3,1,6,299,437,21,13,0,0,5,1,296,418,18,22,0,302,416,28,0,267,360,49,9,1,6,7,0,3,17,2,26,0,1,0,4,0,1,8,259,360,46,8,14,2,5,10,2,34,2,0,0,1,0,5,1,2,7,250,345,18,8,44,48,0,3,246,525,12,0,0,0,1,2,238,492,9,0,16,6,3,0,948,787
2008,52,7,1,229,384,8,9,1,0,1,229,380,9,10,0,219,374,7,9,1,0,0,3,229,372,8,10,0,1,2,2,228,367,7,11,0,227,364,8,0,213,329,26,8,0,1,6,0,0,7,0,10,0,0,1,2,3,2,2,204,327,25,8,7,0,1,3,0,19,1,0,0,1,0,3,1,0,2,202,336,6,8,21,31,0,2,217,411,3,0,0,0,0,1,207,392,3,0,7,10,1,0,775,634
2008,52,8,1,315,478,13,18,1,2,1,319,467,12,15,0,307,458,9,14,1,1,1,3,324,454,10,14,0,0,6,2,322,442,9,17,0,321,447,11,0,301,412,28,12,0,4,2,0,1,6,1,13,0,0,1,5,0,0,7,296,406,30,10,6,0,1,7,1,21,0,0,0,0,0,0,2,2,5,290,395,9,10,20,31,2,1,274,542,8,0,0,0,0,4,270,514,8,0,10,5,2,0,1066,828
2008,52,9,1,582,835,34,35,10,2,2,595,836,36,24,1,573,818,31,22,4,7,8,5,595,810,44,25,0,1,0,4,586,781,43,32,1,586,786,51,0,541,692,82,18,0,2,10,0,11,39,1,25,4,4,2,3,0,4,6,532,692,79,18,22,0,5,19,6,49,2,0,0,2,0,8,2,2,13,520,661,36,13,52,80,3,8,488,966,34,0,0,1,4,4,474,922,30,0,14,12,8,0,1921,1500
2008,52,10,1,592,748,43,38,8,1,5,612,737,40,24,2,582,721,40,22,5,7,4,6,605,733,35,27,0,0,4,7,591,719,39,36,0,589,718,47,0,541,610,103,20,0,11,16,1,3,26,1,32,2,5,2,8,0,1,5,516,611,102,17,20,1,5,16,5,53,4,0,1,4,0,6,3,3,13,507,588,31,15,76,81,6,9,544,858,23,0,0,2,2,8,526,795,20,0,21,23,7,0,1807,1438
2008,52,11,1,362,532,13,15,6,0,1,368,526,10,11,1,353,511,9,9,2,1,3,3,371,522,7,9,0,0,7,3,355,506,9,21,0,359,506,17,0,336,462,34,5,0,4,4,0,2,20,0,14,1,1,0,2,0,3,3,331,460,34,5,7,0,3,12,3,23,0,0,3,2,0,2,2,1,2,316,452,6,4,36,39,2,3,343,573,5,0,0,1,1,4,323,537,5,0,16,11,2,0,1212,929
2008,52,12,1,360,505,24,14,7,0,4,363,502,23,13,3,353,498,22,12,3,0,4,1,371,488,19,16,0,0,0,10,366,488,19,20,0,366,481,26,0,340,418,48,12,0,3,5,0,4,14,1,16,0,2,2,2,0,1,13,329,419,40,11,24,2,2,5,4,25,0,1,0,2,0,2,4,1,5,317,406,15,10,40,56,5,3,318,562,18,0,0,4,2,7,307,527,17,0,11,10,2,0,1117,913
2008,52,13,1,52,57,0,1,1,0,0,50,56,0,1,0,49,55,0,1,0,0,0,0,53,54,1,2,0,0,0,0,52,53,1,2,0,50,53,3,0,51,53,1,2,0,0,0,0,0,1,0,2,0,0,0,0,0,1,0,51,50,1,2,1,0,1,1,0,2,0,0,0,0,0,0,0,0,0,49,50,1,2,1,3,0,0,52,56,0,0,0,1,1,1,50,53,0,0,0,0,0,0,117,113
2008,52,14,1,363,563,22,23,3,2,4,364,547,25,16,0,356,541,20,16,0,3,3,2,372,545,24,18,0,1,6,4,362,531,26,22,0,363,533,25,0,337,480,42,16,0,2,8,0,3,18,1,15,0,0,0,2,1,1,4,340,480,41,15,4,0,4,12,1,24,0,0,1,2,0,1,1,2,2,333,465,22,13,18,45,1,3,351,614,13,0,0,0,0,4,342,580,12,0,3,5,3,0,1417,982
2008,52,15,1,249,396,18,9,10,0,3,251,391,19,7,0,240,381,17,5,1,3,2,3,257,379,14,10,0,1,6,8,252,368,14,8,0,247,372,19,0,237,341,33,6,1,1,6,0,1,9,1,7,0,0,1,1,0,1,2,239,342,32,5,2,0,1,10,1,9,0,0,0,0,0,1,1,1,3,233,325,10,5,12,32,2,1,229,440,9,0,0,0,2,5,221,421,9,0,10,3,0,0,997,685
2008,52,16,1,579,635,39,45,12,1,4,582,635,40,39,4,567,625,35,38,2,1,5,6,569,625,34,35,0,1,9,7,556,612,34,51,0,549,607,48,0,507,525,69,24,0,7,8,1,4,32,2,46,1,3,2,5,1,7,9,504,535,58,20,11,0,12,21,5,57,3,0,0,5,3,3,2,0,4,482,503,30,15,61,73,1,11,492,783,27,0,0,3,5,4,475,728,25,0,21,10,3,0,1640,1316
2008,52,17,1,138,211,3,13,1,0,0,138,205,3,12,0,136,202,3,12,0,0,0,0,143,207,6,7,0,0,4,0,142,202,6,9,0,140,201,9,0,130,185,13,8,0,0,3,0,2,6,1,8,0,0,0,0,0,0,0,126,185,12,7,4,0,0,4,0,9,3,0,0,2,0,0,1,0,0,122,176,6,6,16,16,0,2,101,262,5,0,0,0,0,1,99,248,4,0,4,0,0,0,487,369
2008,52,18,1,461,566,14,34,6,0,3,465,554,18,25,3,462,545,12,25,0,3,2,8,474,542,15,23,0,0,5,3,463,537,15,28,0,461,536,17,0,431,495,44,22,0,2,3,0,2,19,1,15,0,2,0,0,0,0,0,423,490,34,21,9,0,4,9,1,18,4,0,0,7,0,0,0,2,1,415,478,11,18,37,38,2,8,422,646,6,0,0,1,1,6,413,614,6,0,11,11,1,0,1540,1084
2008,52,19,1,676,899,55,63,7,1,4,687,887,52,54,2,664,870,48,49,2,4,5,5,689,889,53,31,0,5,5,11,663,864,58,53,1,676,861,66,0,627,771,117,29,1,5,10,1,5,24,0,24,1,1,4,10,0,6,7,614,754,125,22,20,0,3,24,2,47,1,1,1,3,1,8,2,1,3,590,729,49,18,71,88,5,13,564,1091,40,0,0,0,4,5,552,1021,39,0,16,18,4,0,2234,1705
2008,52,20,1,146,132,11,4,5,0,0,143,127,11,3,2,136,123,10,2,0,0,1,1,140,131,12,1,0,0,6,0,138,116,12,6,0,139,117,12,0,127,110,19,3,0,0,0,0,0,0,0,7,0,0,2,2,0,3,0,129,109,20,2,0,0,0,3,1,6,0,0,0,0,0,0,0,0,3,122,106,12,0,13,10,0,2,133,156,6,0,0,0,0,1,125,139,6,0,5,0,1,0,434,298
2008,52,21,1,323,386,20,25,3,2,2,322,376,19,24,0,316,371,19,23,0,0,0,3,340,366,18,17,0,2,5,3,320,362,19,22,0,321,363,20,0,310,335,48,10,0,2,4,1,0,6,0,9,2,1,0,5,0,0,1,307,330,40,10,6,0,4,9,1,12,1,0,0,2,1,0,2,1,1,300,320,16,11,17,131,3,6,282,452,17,0,0,1,3,5,272,437,17,0,11,3,0,0,975,762
2008,52,77,1,16,60,0,1,0,3,1,16,59,0,1,0,15,56,0,1,0,0,0,0,20,52,2,0,0,0,6,0,20,51,2,0,0,19,49,3,0,16,46,5,0,0,0,1,0,0,2,0,1,0,0,0,0,0,0,1,17,48,4,0,0,0,0,1,0,3,0,0,0,1,0,0,0,0,0,16,43,1,0,3,3,1,0,16,63,0,0,0,0,3,0,16,61,0,0,0,1,0,0,0,83
2008,52,78,1,24,34,2,3,0,1,0,24,34,2,3,0,24,34,2,3,0,0,0,0,7,15,0,0,0,0,0,8,7,14,0,0,0,7,15,0,0,7,14,1,0,0,0,0,0,0,0,0,0,0,0,0,0,0,0,0,7,13,1,0,0,0,0,0,0,0,0,0,0,0,0,0,0,0,0,7,13,0,0,0,0,0,0,5,18,0,0,0,0,0,6,5,18,0,0,0,0,0,0,0,64
2008,52,81,1,48,138,3,4,0,0,0,48,137,3,4,0,47,137,3,4,0,0,0,0,47,137,3,2,0,1,1,1,45,137,3,3,0,46,138,3,0,44,129,8,0,0,0,0,0,0,2,0,1,0,2,0,0,0,0,0,44,129,7,2,1,0,0,2,0,1,0,0,0,0,0,0,0,0,0,44,127,3,0,1,8,0,2,46,144,2,0,0,0,0,0,46,140,2,0,0,2,0,0,0,193
2008,53,1,1,872,1282,97,46,18,1,8,879,1269,94,36,2,851,1255,87,34,3,5,11,6,891,1201,95,67,0,0,18,7,886,1191,102,35,0,881,1199,101,0,818,1091,157,27,0,1,12,0,28,13,1,2,17,5,17,6,2,1,20,810,1081,154,24,26,0,46,4,0,0,6,6,3,10,1,3,2,4,24,785,1034,85,21,76,123,15,7,1032,1205,59,0,0,3,8,15,964,1171,54,0,14,13,14,0,2903,2327
2008,53,2,1,712,846,55,24,9,1,4,719,834,53,20,0,696,827,52,18,1,8,7,5,723,788,50,39,0,0,17,11,716,787,52,24,0,717,792,56,0,660,741,101,17,0,2,8,0,23,9,1,5,5,5,9,4,3,2,6,655,740,106,17,5,0,28,2,1,0,5,3,4,3,1,2,3,7,11,640,705,51,14,64,65,4,5,767,821,36,0,0,1,6,16,738,797,35,0,6,5,5,0,2006,1651
2008,53,3,1,458,1000,23,16,6,0,11,455,987,22,18,0,444,978,21,16,2,3,1,4,469,945,23,19,0,1,15,9,464,930,23,21,0,464,934,25,0,440,860,57,16,0,1,10,0,6,8,0,3,19,2,3,1,1,1,12,433,857,48,13,11,0,17,1,0,0,9,2,4,2,0,2,3,4,29,425,826,20,11,35,90,2,5,517,963,12,0,0,6,5,8,501,934,12,0,2,14,2,0,1891,1517
2008,53,4,1,1192,1114,28,39,9,1,2,1192,1089,28,36,4,1169,1076,24,30,4,4,3,4,1215,1009,30,39,0,1,16,5,1207,981,34,30,8,1200,989,32,0,1118,903,92,17,2,5,17,0,35,14,0,3,12,1,21,5,2,2,12,1097,905,87,13,16,0,70,3,0,1,8,6,11,11,3,6,3,3,24,1089,880,25,14,112,85,4,7,1264,1070,35,0,0,0,11,4,1221,1026,30,0,17,14,4,0,3007,2386
2008,53,5,1,578,1038,49,28,10,0,5,580,1014,48,23,1,561,1000,45,18,5,7,6,0,587,985,36,46,0,0,16,7,592,961,39,22,0,587,971,38,0,538,868,81,18,0,1,14,0,22,10,1,4,18,1,13,9,2,5,6,535,871,83,18,7,0,33,4,0,1,8,2,6,1,0,1,6,6,29,527,847,33,18,45,72,4,0,645,1021,27,0,0,1,5,3,623,998,25,0,7,8,8,0,2053,1710
2008,53,6,1,803,1468,31,34,6,3,6,813,1446,28,29,0,782,1425,23,24,5,4,7,11,810,1364,24,71,0,1,14,13,810,1362,25,29,0,808,1380,29,0,748,1266,78,20,0,3,10,0,27,21,0,4,21,1,24,8,5,3,17,738,1250,77,20,16,1,46,5,1,2,8,6,17,2,0,2,2,11,28,712,1189,20,19,80,132,5,2,864,1448,19,0,0,0,7,10,825,1403,18,0,10,12,5,0,2962,2353
2008,53,7,1,181,311,6,5,2,0,1,181,309,6,6,0,180,308,6,5,0,1,0,1,190,292,6,5,0,0,1,2,187,290,6,3,0,188,289,6,0,175,280,18,2,0,1,3,0,3,0,0,0,5,2,0,1,0,2,1,176,273,21,1,2,0,6,0,0,1,2,2,3,1,0,1,1,3,9,173,269,6,0,6,17,0,1,198,300,4,0,0,0,2,0,194,292,4,0,0,0,0,0,629,506
2008,53,8,1,297,373,9,8,2,1,2,298,369,9,7,0,295,362,8,6,1,2,0,1,299,356,9,11,0,2,0,0,303,350,8,8,0,302,347,9,0,282,317,23,3,0,0,2,0,8,0,1,4,8,1,5,2,0,1,9,279,308,25,3,6,0,19,1,0,1,4,2,2,1,0,0,0,2,12,273,299,8,3,24,37,0,2,313,368,4,0,0,0,3,2,300,359,4,0,7,3,0,0,821,692
2008,53,9,1,374,718,13,5,1,4,4,378,705,10,0,0,368,696,10,0,2,5,1,2,378,690,8,19,0,0,4,6,375,684,6,3,0,377,691,6,0,361,638,26,0,0,1,7,0,7,8,0,1,12,0,5,3,0,1,13,356,652,23,1,3,0,12,1,0,0,2,0,6,1,0,1,5,1,10,348,619,6,1,25,50,0,0,385,723,6,0,0,0,2,3,365,710,5,0,1,4,0,0,1342,1122
2008,53,10,1,262,223,14,5,1,2,3,263,221,13,5,0,262,220,13,5,1,0,0,0,266,208,14,9,0,0,4,5,268,203,13,2,0,268,215,13,0,262,192,19,1,0,0,4,0,5,1,0,1,2,0,1,0,1,0,0,263,193,18,1,2,0,7,0,0,0,1,1,1,0,0,0,1,1,3,255,190,13,1,10,9,0,2,281,211,12,0,0,0,4,2,272,205,12,0,2,2,1,0,621,510
2008,53,11,1,453,364,12,14,6,5,4,450,361,14,13,3,443,352,11,11,3,1,2,1,461,327,7,21,0,1,8,6,464,325,8,12,0,464,325,7,0,443,297,25,7,0,0,3,0,7,9,0,3,7,0,9,4,1,0,6,436,302,24,6,4,0,18,2,0,1,1,0,1,1,0,1,0,0,11,423,283,6,6,35,35,1,3,496,334,14,0,0,4,7,4,483,324,14,0,4,0,0,0,1010,861
2008,53,12,1,231,236,5,1,1,0,1,234,232,5,1,0,231,231,5,1,3,0,0,0,235,228,3,4,0,0,1,2,234,228,3,1,0,234,228,3,0,225,216,9,1,0,0,3,0,7,3,0,1,0,0,0,1,0,1,1,221,222,10,1,0,0,5,1,0,0,0,0,0,0,0,0,1,2,1,220,214,3,1,13,12,0,0,236,235,2,0,0,0,1,1,231,234,2,0,0,0,1,0,524,475
2008,53,13,1,1022,1309,28,34,11,6,8,1027,1285,27,31,2,990,1250,23,26,9,5,0,4,1073,1213,26,54,0,0,12,4,1047,1199,31,48,0,1048,1192,27,0,985,1081,93,29,0,4,13,0,33,14,4,5,13,3,10,6,0,4,17,968,1083,93,29,16,1,45,5,1,5,7,2,6,5,0,6,6,5,19,953,1040,22,28,69,112,3,2,1185,1202,18,0,0,3,4,4,1122,1167,15,0,4,14,3,0,3013,2419
2008,53,77,1,13,27,5,0,0,2,0,13,26,4,0,0,13,25,4,0,0,0,0,0,15,19,6,0,0,0,3,0,14,18,6,0,0,14,18,7,0,13,15,10,0,0,0,1,0,0,0,0,0,0,0,0,0,0,0,1,13,13,8,0,1,0,0,1,0,0,0,0,0,0,0,0,0,0,6,13,12,6,0,1,6,0,0,17,21,5,0,0,0,3,0,16,20,4,0,1,0,0,0,0,47
2008,53,78,1,21,37,1,0,0,0,0,22,36,1,0,0,20,33,1,0,0,0,0,0,9,6,0,1,0,0,0,3,9,6,0,1,0,9,7,0,0,9,7,0,0,0,0,0,0,0,0,0,0,0,0,0,0,1,0,0,8,6,0,0,0,0,1,0,0,0,0,0,0,0,0,0,0,0,0,8,6,0,0,0,1,0,0,8,7,0,0,0,0,0,6,8,7,0,0,0,0,0,0,0,60
2008,53,81,1,94,144,10,4,2,8,0,94,144,10,4,2,94,143,10,4,0,0,0,0,96,139,10,6,0,0,8,3,96,137,10,5,0,97,137,10,0,96,136,10,0,0,0,0,0,0,1,0,0,0,0,0,0,0,0,0,97,137,10,4,0,0,0,0,0,0,0,0,0,0,0,0,0,0,0,96,134,10,4,0,1,0,1,99,142,11,0,0,0,8,1,99,140,11,0,0,0,0,0,0,262
2008,54,1,1,224,398,6,7,1,0,2,226,388,7,6,0,219,379,6,6,0,1,1,0,238,373,7,8,0,0,6,0,234,370,7,7,0,227,365,8,0,225,333,20,5,0,0,3,1,0,11,0,1,3,0,3,4,0,0,2,214,330,23,4,7,1,5,2,0,1,3,0,6,0,0,1,7,1,9,213,318,5,4,11,28,1,1,287,344,3,0,0,0,1,3,265,329,2,0,4,8,0,0,861,641
2008,54,2,1,500,944,21,14,6,0,0,503,920,25,10,0,489,845,18,10,1,2,4,2,520,903,19,9,0,0,11,1,537,881,19,12,0,509,878,18,0,518,801,40,4,0,1,2,0,2,6,0,1,11,0,15,18,0,1,2,456,783,41,4,8,0,1,6,1,2,6,3,44,6,0,6,21,9,15,443,754,14,4,60,103,4,2,600,849,13,0,0,2,13,5,548,820,9,0,23,21,6,0,1892,1488
2008,54,3,1,598,649,32,13,5,3,2,600,640,28,12,2,577,627,27,9,5,2,3,3,620,612,30,10,0,0,3,9,619,606,27,17,1,590,594,30,0,628,509,70,7,0,1,1,0,2,10,1,3,10,1,5,5,0,0,4,540,500,64,6,18,0,4,5,2,0,3,2,30,4,0,5,24,12,13,521,475,25,6,56,88,4,2,694,573,20,0,0,3,4,7,629,553,16,0,23,24,2,0,1590,1307
2008,54,4,1,127,237,12,4,3,0,2,126,232,9,3,1,118,227,9,2,1,0,1,1,128,233,8,2,0,0,6,2,124,225,7,5,0,124,224,8,0,121,216,16,1,0,0,1,0,0,1,0,1,0,0,5,2,1,0,1,106,208,18,1,5,0,3,0,0,3,0,1,7,0,0,0,5,1,4,105,204,6,1,14,18,0,0,145,231,7,0,0,0,1,1,132,224,7,0,4,1,0,0,481,386
2008,54,5,1,337,430,15,14,1,0,5,341,429,13,13,0,331,425,11,11,1,1,2,3,349,419,10,10,0,0,1,4,352,408,11,11,0,342,408,9,0,333,391,33,6,0,0,0,0,0,1,0,1,1,1,2,3,4,0,1,309,366,35,6,10,0,2,4,1,1,1,3,17,0,2,0,7,3,6,304,355,7,4,26,35,1,3,406,387,4,0,0,1,3,4,373,381,4,0,7,6,3,0,995,806
2008,54,6,1,659,965,22,35,9,2,2,667,949,24,28,2,646,941,20,25,2,4,4,2,667,936,20,34,0,6,6,5,662,918,20,36,1,652,898,20,0,646,843,53,23,0,2,3,0,3,8,0,2,4,3,12,12,2,0,3,602,812,48,22,23,0,5,10,1,3,5,4,33,2,1,2,19,1,21,584,780,17,21,51,111,1,5,811,860,11,0,0,3,3,4,747,832,10,0,11,31,4,0,2092,1697
2008,54,7,1,1094,1363,37,42,4,3,4,1090,1340,33,32,0,1065,1318,30,27,2,4,4,6,1135,1306,32,22,0,1,12,13,1118,1273,33,23,4,1112,1250,31,0,1081,1175,76,15,1,2,2,0,2,7,2,7,11,3,22,16,7,0,5,1047,1159,82,11,21,0,4,9,5,4,3,3,35,1,0,0,20,5,18,1028,1129,24,11,62,84,6,3,1336,1167,21,0,0,2,5,12,1244,1136,20,0,24,14,6,0,3246,2554
2008,54,8,1,78,194,3,5,0,0,0,76,192,3,6,0,76,192,3,5,0,0,0,0,91,169,4,2,0,0,4,3,84,178,4,1,0,86,169,4,0,84,154,9,1,0,2,0,0,1,6,0,0,1,0,5,1,1,0,0,78,142,14,1,7,0,2,0,0,0,6,0,3,1,0,0,1,1,5,78,141,4,1,7,21,1,0,96,179,2,0,0,0,1,0,87,175,2,0,2,2,0,0,336,280
2008,54,9,1,345,473,11,15,2,2,3,348,463,9,11,2,333,453,7,11,1,4,4,2,371,452,5,12,0,2,2,2,364,460,4,17,0,351,438,5,0,343,410,26,8,0,2,1,0,1,6,2,0,11,0,10,5,3,0,2,329,380,31,8,16,1,1,4,0,2,3,4,8,2,0,0,15,1,5,323,368,4,8,25,70,1,2,406,438,5,0,0,0,1,1,377,423,4,0,11,7,2,0,1047,852
2008,54,10,1,144,165,7,4,2,0,2,144,165,6,2,0,141,158,6,2,1,0,0,0,147,163,6,3,0,1,0,0,149,157,6,3,0,145,154,6,0,145,144,9,3,0,2,0,0,0,0,0,0,0,0,4,3,3,0,1,141,138,11,3,2,0,1,1,0,0,0,1,4,0,0,0,1,0,5,138,137,5,3,4,9,1,0,169,148,4,0,0,0,1,0,155,144,3,0,3,4,1,0,410,324
2008,54,11,1,88,264,1,0,0,1,1,89,259,0,0,0,86,256,0,0,2,2,0,0,88,258,1,3,0,0,0,2,87,252,1,2,2,88,251,1,0,83,246,4,2,0,1,0,0,0,1,0,0,1,0,2,0,1,1,1,83,239,3,2,0,0,0,1,1,0,0,1,4,1,0,0,2,0,3,78,238,1,2,10,10,0,0,113,235,1,0,0,0,4,2,108,233,1,0,0,1,0,0,446,355
2008,54,12,1,265,238,12,7,1,0,2,162,231,11,7,0,259,230,11,6,0,1,0,1,292,213,8,2,0,1,3,3,271,222,8,4,0,273,213,8,0,265,211,13,2,0,1,0,0,0,1,0,0,0,2,8,1,0,0,1,259,203,16,2,1,0,3,3,1,1,0,0,11,0,1,0,0,0,2,255,197,8,2,15,16,0,0,297,218,6,0,0,0,1,1,288,214,6,0,3,2,2,0,665,526
2008,54,13,1,249,216,4,5,0,0,1,244,209,2,7,0,240,207,2,5,1,0,0,2,264,203,2,3,0,0,2,1,248,201,3,7,0,246,193,2,0,243,178,8,3,0,0,0,0,1,2,0,2,0,0,9,5,1,0,1,235,174,9,3,7,0,0,0,0,0,0,1,7,0,0,0,3,5,3,231,171,2,3,11,18,0,2,275,193,2,0,0,0,0,3,259,189,2,0,5,0,4,0,575,475
2008,54,14,1,422,544,8,8,2,3,1,422,534,9,6,0,416,528,8,6,1,0,0,1,458,501,7,4,0,1,5,3,436,509,7,5,0,430,501,7,0,427,487,13,3,0,0,1,0,1,1,0,1,5,1,7,6,0,4,2,420,483,13,3,7,0,2,3,0,1,4,0,13,1,0,0,3,1,7,416,469,7,3,9,26,0,0,488,486,5,0,0,2,3,1,465,478,5,0,6,5,0,0,1219,988
2008,54,15,1,197,262,6,7,1,0,3,193,258,6,7,0,192,255,5,7,1,0,0,0,199,251,4,8,0,0,1,6,193,242,5,9,0,191,242,4,0,189,232,15,5,0,0,4,0,1,3,0,0,1,1,3,0,0,0,1,181,222,19,5,3,0,3,1,0,1,1,0,5,0,0,0,2,0,11,180,218,4,5,10,20,0,4,233,236,2,0,0,0,1,2,222,229,2,0,1,4,1,0,606,476
2008,54,16,1,217,333,4,12,1,1,2,217,332,3,11,0,212,328,3,11,3,1,0,0,219,324,4,14,0,0,1,2,212,320,6,19,0,212,318,5,0,188,286,27,9,0,0,0,0,1,2,0,2,1,0,20,4,0,1,5,176,271,20,4,22,0,1,3,0,2,0,0,26,3,0,3,8,3,7,169,266,4,4,38,40,0,4,249,313,2,0,0,1,2,3,239,310,2,0,3,5,0,0,668,570
2008,54,17,1,688,797,24,18,4,2,2,689,779,24,12,0,674,771,19,12,3,2,4,2,715,759,19,11,0,3,11,5,712,731,21,10,0,706,725,21,0,680,698,68,6,0,3,0,0,0,3,0,0,4,1,11,5,1,0,1,652,665,66,6,14,0,3,4,0,2,3,1,23,3,1,0,5,5,16,640,656,16,5,53,53,5,2,824,681,14,0,0,1,5,8,767,648,14,0,15,24,3,0,2050,1536
2008,54,18,1,70,49,1,0,1,0,0,69,49,2,0,1,69,49,1,0,0,0,1,0,79,41,0,0,0,0,0,1,74,44,0,0,0,74,44,0,0,73,41,1,0,0,0,2,0,1,0,0,0,1,0,1,0,0,0,0,74,39,1,0,0,0,0,1,0,0,0,0,1,1,0,0,2,0,1,73,39,0,0,1,4,0,0,84,35,0,0,0,0,1,1,83,35,0,0,0,0,0,0,138,121
2008,54,19,1,347,518,12,16,5,1,2,342,515,10,18,1,338,507,9,15,1,2,2,3,367,477,12,14,0,9,4,6,352,483,15,13,0,353,480,15,0,339,460,32,9,0,0,1,0,1,3,0,0,2,0,3,8,2,0,3,321,435,36,10,16,0,3,2,0,1,1,3,6,1,0,1,14,0,9,313,420,8,7,38,45,4,3,440,446,3,0,0,1,4,5,409,435,3,0,7,6,3,0,1140,902
2008,54,20,1,290,418,8,9,4,2,0,291,414,7,7,3,286,411,7,6,0,1,1,2,307,389,8,9,0,2,3,2,304,391,7,11,0,299,383,7,0,284,366,21,6,0,3,0,0,1,4,0,2,3,0,7,6,0,2,1,276,353,24,6,1,0,2,0,0,2,1,1,13,0,0,1,13,2,7,273,344,6,6,22,29,2,1,353,365,6,0,0,1,2,2,334,352,6,0,6,9,2,0,926,732
2008,54,21,1,119,344,8,6,0,1,2,116,338,6,7,0,113,331,7,5,1,2,1,0,129,321,6,3,0,2,4,1,124,322,6,3,0,122,320,7,0,120,277,19,2,0,1,1,0,0,0,0,1,18,0,4,4,0,1,1,113,281,19,2,8,0,1,1,1,0,3,0,7,0,1,1,6,1,9,108,263,6,2,12,47,0,0,186,284,6,0,0,0,3,1,158,272,6,0,4,15,0,0,564,480
2008,54,22,1,131,164,7,13,0,0,1,133,163,6,12,0,127,162,6,11,1,0,1,1,137,163,7,7,0,0,2,1,136,156,5,9,1,132,157,6,0,130,149,16,5,5,0,0,0,0,0,0,1,3,0,2,0,2,0,0,143,148,16,5,3,0,1,0,0,1,1,1,6,0,0,0,1,2,2,121,141,5,4,11,14,1,4,160,152,4,0,0,0,1,0,156,149,4,0,1,3,1,0,379,318
2008,54,23,1,401,430,7,12,3,0,3,402,423,7,6,0,391,410,7,6,5,2,0,2,444,386,2,8,0,0,4,6,420,394,4,9,0,412,387,4,0,400,357,15,7,0,2,0,0,0,2,0,1,7,1,9,6,0,0,2,380,334,15,6,9,0,9,1,0,1,1,2,14,1,0,0,13,4,17,374,323,2,6,37,48,0,1,487,355,1,0,0,2,2,7,464,346,1,0,5,4,0,0,1101,858
2008,54,24,1,444,576,12,19,1,2,1,447,568,14,16,0,437,562,10,14,4,0,2,5,463,549,16,13,0,0,7,3,445,550,16,19,0,446,539,15,0,439,503,37,9,0,1,2,1,1,5,0,0,7,0,4,4,3,0,3,404,476,26,9,3,0,2,5,2,2,1,7,24,3,0,0,14,5,18,400,468,12,8,34,63,1,4,540,499,8,0,0,0,5,3,513,486,6,0,13,13,3,0,1287,1056
2008,54,77,1,14,35,3,0,0,2,0,12,32,3,0,0,12,31,3,0,0,0,0,0,14,31,3,0,0,0,2,0,14,28,3,0,0,14,28,3,0,13,25,6,0,0,0,1,0,0,0,0,0,0,0,0,2,0,0,0,13,21,8,0,1,0,0,0,0,0,0,0,0,0,0,0,5,0,1,13,21,3,0,1,6,0,0,20,27,2,0,0,0,3,0,18,27,2,0,1,0,0,0,0,54
2008,54,78,1,13,44,2,0,0,0,0,13,42,2,0,0,12,41,2,0,0,0,0,0,9,12,1,0,0,0,0,3,8,14,1,0,0,8,14,1,0,8,12,1,0,0,0,0,0,0,1,0,0,0,0,0,0,0,0,0,8,12,1,0,0,0,0,0,0,0,0,0,0,0,0,0,0,0,0,8,12,1,0,0,0,0,0,9,13,1,0,0,0,0,5,9,13,1,0,0,0,0,0,0,59
2008,54,81,1,72,288,3,1,1,1,3,72,287,3,1,0,72,285,3,1,0,0,0,0,77,281,3,1,0,0,2,3,78,277,3,1,0,77,277,3,0,78,269,6,1,0,1,0,0,0,0,0,0,1,0,1,1,0,0,0,76,270,3,1,2,0,1,0,0,1,0,0,0,1,0,0,1,1,1,76,267,3,1,1,10,0,0,82,280,3,0,0,0,1,3,80,273,3,0,1,2,0,0,0,362
2008,55,1,1,133,151,1,2,1,2,0,132,148,0,2,0,130,147,0,2,1,0,0,0,131,149,0,1,0,0,0,0,132,149,0,0,0,132,147,0,0,132,140,1,0,0,0,2,0,0,1,0,0,1,0,0,1,0,0,0,130,136,1,0,0,0,1,3,0,0,1,0,0,0,0,1,0,4,0,125,136,0,0,7,7,0,0,135,151,0,0,0,0,4,0,132,150,0,0,1,0,0,0,368,291
2008,55,2,1,88,161,0,0,1,0,0,87,160,0,0,0,87,159,0,0,0,0,0,0,90,154,0,1,0,0,1,1,88,158,0,0,0,89,154,0,0,86,151,6,0,0,1,0,0,0,1,0,0,0,0,0,1,0,0,0,86,148,9,0,0,0,0,1,0,0,0,0,0,0,0,0,0,0,1,84,146,0,0,5,6,0,0,93,154,0,0,0,0,0,2,90,152,0,0,2,0,0,0,278,250
2008,55,3,1,107,223,2,6,0,1,0,108,218,2,5,0,103,214,1,5,1,1,0,0,109,202,2,7,0,0,5,0,103,221,2,7,0,105,201,2,0,108,186,4,6,0,0,3,0,3,2,0,0,1,0,0,7,0,0,3,102,189,7,5,0,0,1,10,0,1,0,0,3,1,0,0,1,6,0,98,183,2,5,7,10,0,1,112,222,0,0,0,0,3,0,105,214,0,0,2,1,0,0,423,341
2008,55,4,1,76,93,2,1,0,0,0,77,91,2,1,0,76,91,2,1,0,0,0,0,75,89,2,3,0,0,0,0,74,93,1,2,0,75,89,1,0,73,82,5,1,0,0,0,0,1,0,0,1,0,0,0,2,0,0,1,72,83,4,1,1,0,1,1,1,0,1,1,0,1,0,0,0,0,0,72,80,1,1,2,2,0,0,77,93,1,0,0,0,1,0,75,91,1,0,0,0,0,0,186,172
2008,55,5,1,266,387,4,6,7,2,1,266,383,6,4,3,264,381,4,4,0,4,0,2,280,356,4,12,0,1,10,0,270,375,4,9,4,271,355,4,0,270,340,15,8,1,1,2,1,3,1,2,0,0,0,1,6,0,0,1,259,339,19,9,6,0,1,5,0,1,1,0,6,2,0,0,1,1,0,255,327,4,6,14,19,0,3,295,367,4,0,0,1,3,3,288,353,4,0,2,6,0,0,822,673
2008,55,6,1,299,450,4,5,3,2,1,299,436,4,5,0,295,433,4,5,2,3,0,0,311,413,6,6,0,1,9,0,298,430,6,5,0,302,410,6,0,299,384,11,2,0,1,4,1,1,5,0,0,1,0,1,3,0,0,6,292,381,18,2,4,0,3,10,0,0,1,0,2,1,2,0,0,11,4,289,367,6,2,10,32,0,2,349,400,5,0,0,0,3,6,331,389,5,0,3,3,0,0,925,766
2008,55,7,1,139,257,10,10,1,0,2,143,253,8,7,0,135,248,7,7,3,0,1,1,152,241,7,6,0,0,1,1,140,264,6,6,1,143,238,7,0,145,220,23,4,0,0,1,0,0,4,0,1,1,0,0,2,0,1,0,134,213,21,4,6,0,1,4,0,0,0,0,1,0,0,4,1,10,1,125,205,6,4,19,25,1,0,165,247,1,0,0,1,1,3,151,240,0,0,2,5,4,0,487,420
2008,55,8,1,257,291,0,4,1,0,2,257,288,1,2,0,251,284,0,2,1,3,0,0,251,272,1,6,0,0,3,0,241,291,1,4,0,249,271,1,0,245,254,7,3,0,1,3,0,4,2,0,0,0,0,0,4,1,0,4,239,253,7,3,2,0,1,0,0,1,0,1,3,0,0,0,1,5,2,232,252,1,3,14,13,0,0,267,286,0,0,0,0,3,0,258,277,0,0,6,2,0,0,664,557
2008,55,9,1,80,93,0,0,4,0,0,78,92,0,0,0,78,90,0,0,2,0,0,0,80,87,1,2,0,0,0,1,79,91,1,2,0,80,84,1,0,77,77,5,2,0,0,1,0,1,2,0,1,0,0,0,2,1,0,1,76,77,7,2,1,0,0,3,0,0,3,0,0,0,0,2,0,0,1,73,75,1,2,7,6,0,0,81,93,0,0,0,0,0,3,77,88,0,0,1,1,0,0,202,177
2008,55,10,1,402,483,9,16,0,4,3,411,474,7,13,0,396,466,7,11,3,4,2,1,404,448,13,18,0,1,8,5,395,473,10,12,1,405,439,10,0,390,412,25,13,0,1,6,0,6,7,0,2,2,1,1,5,1,1,2,372,420,28,8,7,0,9,7,1,2,0,0,3,3,0,4,3,10,2,362,397,9,7,39,25,1,3,420,480,8,0,0,1,4,3,408,460,8,0,6,6,0,0,1100,919
2008,55,11,1,110,285,1,1,1,1,2,109,282,1,0,0,108,274,1,0,0,1,0,1,107,273,2,5,0,0,4,1,105,279,1,4,0,106,270,1,0,105,242,9,1,0,1,0,0,5,15,0,1,0,1,0,6,0,0,2,99,244,8,1,1,0,0,12,0,0,0,0,0,1,0,1,5,5,6,98,234,1,1,3,28,0,1,118,283,1,0,0,0,1,0,112,275,1,0,1,0,0,0,484,403
2008,55,12,1,70,134,2,1,0,0,0,70,134,2,1,0,70,134,2,1,0,0,0,0,69,132,2,1,0,0,0,0,68,136,2,0,0,67,132,2,0,69,131,3,0,0,0,0,0,0,1,0,0,1,0,0,0,0,0,0,67,129,6,0,0,0,0,0,0,0,0,0,0,0,0,0,0,1,0,64,127,2,0,5,5,0,0,66,140,0,0,0,0,0,1,64,139,0,0,0,2,1,0,230,207
2008,55,13,1,240,232,7,7,2,2,1,244,226,7,5,0,237,217,7,5,1,1,1,1,239,216,7,11,0,0,5,0,239,222,7,7,0,238,216,7,0,239,204,17,5,0,1,0,0,1,8,0,0,0,0,0,0,0,0,0,226,205,15,5,0,0,3,5,0,3,0,0,3,0,0,2,1,3,1,224,196,6,5,11,13,1,0,226,250,6,0,0,0,8,0,217,236,5,0,3,2,2,0,587,492
2008,55,14,1,1228,1904,55,33,3,4,9,1243,1875,50,30,1,1207,1853,49,23,5,4,4,10,1265,1781,45,41,0,1,25,10,1209,1903,44,23,2,1229,1801,52,0,1196,1673,106,20,0,11,6,0,14,33,1,2,12,1,4,14,3,3,8,1137,1681,111,15,15,0,23,26,1,4,6,7,9,8,0,4,9,53,2,1096,1625,40,12,117,117,7,6,1344,1808,37,0,0,9,17,18,1279,1760,33,0,18,30,6,0,4027,3240
2008,55,15,1,291,340,7,9,2,5,0,293,331,6,12,1,288,328,6,9,2,1,0,0,299,324,4,5,0,0,8,0,293,335,3,7,0,296,319,4,0,289,303,18,7,0,2,3,0,2,2,0,0,3,2,0,0,0,0,0,282,291,21,5,6,0,3,3,0,1,1,0,1,2,0,0,1,12,1,280,287,3,4,11,25,1,1,313,335,4,0,0,0,2,3,307,327,4,0,3,1,1,0,767,657
2008,55,16,1,63,165,2,2,0,2,7,61,158,2,2,0,61,157,2,2,0,0,0,0,68,160,3,2,0,0,5,1,68,162,4,2,0,71,156,3,0,66,148,7,0,0,0,1,0,0,2,0,0,0,0,0,1,0,0,0,63,149,9,0,0,0,0,1,0,0,0,0,0,0,0,0,0,3,0,63,138,3,0,1,9,0,0,63,167,2,0,0,0,0,8,60,161,2,0,0,2,0,0,285,234
2008,55,17,1,280,477,17,17,7,1,1,290,469,12,16,0,276,462,11,14,1,3,1,0,295,445,10,10,0,2,2,7,278,480,12,10,1,282,445,13,0,273,412,37,5,0,4,3,0,4,8,0,2,3,0,1,5,0,2,1,262,403,35,4,7,0,3,17,0,2,0,0,2,2,2,0,1,19,1,256,393,7,2,19,39,3,5,302,477,8,0,0,0,0,8,286,462,7,0,4,7,0,0,943,800
2008,55,18,1,306,463,11,12,0,2,0,303,455,10,11,0,301,453,10,9,1,1,1,2,305,432,13,11,0,0,9,0,299,449,11,13,0,304,426,12,0,302,408,26,11,0,0,3,0,3,6,1,0,4,1,1,6,3,1,6,289,387,28,8,4,0,3,10,0,1,5,2,1,4,0,0,1,9,6,284,372,10,8,18,42,2,1,315,468,3,0,0,0,5,0,302,461,3,0,2,5,0,0,957,795
2008,55,19,1,169,330,5,4,0,2,0,167,323,3,3,0,162,318,3,3,1,3,0,0,170,304,3,5,0,0,7,1,166,319,4,3,0,167,303,3,0,167,291,8,2,0,0,0,0,0,3,0,0,0,0,0,6,0,0,6,160,282,10,2,1,0,0,8,0,0,1,0,0,2,0,1,2,2,3,159,278,3,2,6,19,0,0,171,331,1,0,0,0,5,1,164,318,1,0,1,5,1,0,603,510
2008,55,77,1,6,29,0,2,0,2,0,6,26,0,1,0,6,26,0,1,0,0,0,0,6,26,1,1,0,0,4,0,6,26,1,1,0,6,24,1,0,7,20,1,1,0,0,0,0,0,1,0,0,1,0,0,0,0,0,0,6,23,2,0,0,0,0,0,0,0,0,0,0,0,0,0,0,0,0,6,21,1,0,0,3,0,1,8,26,1,0,0,0,3,0,8,24,1,0,0,0,0,0,0,40
2008,55,78,1,16,28,1,1,0,0,1,16,28,1,1,0,16,28,1,1,0,0,0,0,3,5,0,0,0,0,0,2,3,6,0,0,0,3,6,0,0,3,5,0,0,0,0,0,0,0,0,0,0,0,0,0,0,0,0,0,3,5,0,0,0,0,0,0,0,0,0,0,0,0,0,0,0,0,0,3,5,0,0,0,0,0,0,5,4,0,0,0,0,0,3,5,4,0,0,0,0,0,0,0,47
2008,55,81,1,56,51,1,1,0,1,2,56,51,1,1,0,56,51,1,1,0,0,0,0,58,50,1,1,0,0,1,1,57,51,1,1,0,58,50,1,0,58,48,1,1,0,0,0,0,0,1,0,0,1,0,0,0,0,0,0,58,49,1,1,0,0,0,1,0,0,0,0,0,0,0,0,0,0,0,57,48,1,1,1,2,0,0,56,51,2,0,0,0,1,2,56,51,2,0,0,0,0,0,0,112
2008,56,1,1,528,670,29,13,2,3,7,529,659,30,16,0,523,650,28,13,0,1,1,3,602,598,24,9,0,0,6,7,571,609,29,16,0,573,610,27,0,552,590,51,10,0,2,2,0,1,2,0,0,1,0,8,0,1,0,2,556,585,47,7,7,0,1,2,1,1,3,0,4,0,0,1,2,0,0,549,577,23,6,14,19,3,4,641,576,23,0,0,0,6,5,614,566,22,0,7,10,1,0,1613,1252
2008,56,2,1,160,187,7,9,1,0,1,163,184,7,6,0,159,183,6,5,0,0,0,1,187,163,3,8,0,0,1,0,179,168,4,8,0,177,164,5,0,174,157,11,6,0,0,2,1,0,0,0,0,1,0,3,0,0,0,0,169,154,8,4,4,1,2,0,1,1,3,0,6,1,0,0,0,3,0,168,153,2,4,6,7,1,2,205,152,3,0,0,0,1,3,190,149,3,0,4,2,2,0,437,365
2008,56,3,1,573,619,14,13,3,3,4,572,614,12,10,0,560,602,11,8,2,4,0,2,687,523,5,5,0,0,7,3,612,542,8,12,1,609,536,10,0,595,518,17,8,1,2,6,1,1,1,0,0,7,0,14,0,0,0,2,589,509,22,5,10,0,3,13,0,2,2,1,10,0,0,0,4,3,1,586,494,4,3,17,33,2,4,732,486,3,0,0,0,4,3,698,477,3,0,9,5,0,0,1559,1232
2008,56,4,1,733,899,17,30,1,1,8,743,890,12,21,0,729,879,11,21,4,0,0,6,831,820,9,9,0,0,4,6,783,832,15,15,0,781,825,13,0,748,793,34,10,3,3,8,2,1,1,0,1,6,1,23,2,0,4,1,736,759,50,9,13,0,1,16,5,0,14,0,28,1,1,0,2,4,1,734,741,9,8,38,78,3,0,886,783,6,0,0,1,4,4,834,744,5,0,26,39,2,0,2046,1690
2008,56,77,1,5,17,1,0,0,2,0,4,16,1,0,0,4,16,1,0,0,0,0,0,8,14,1,0,0,0,2,0,5,15,1,0,0,5,15,1,0,5,13,2,0,0,0,0,0,0,0,0,0,0,0,1,0,0,0,0,5,13,2,0,0,0,0,0,0,0,0,0,0,1,0,0,0,0,0,4,13,1,0,1,2,0,0,9,12,1,0,0,0,2,0,8,12,1,0,0,0,0,0,0,25
2008,56,78,1,11,10,0,0,1,0,0,11,9,1,0,1,11,9,0,1,0,1,1,0,5,4,0,1,0,0,0,2,5,4,0,1,0,5,4,0,0,5,4,0,1,0,0,0,0,0,0,0,0,0,0,0,0,0,0,0,5,4,0,1,0,0,0,0,0,0,0,0,0,0,0,0,0,0,0,5,4,0,1,0,0,0,0,6,2,0,0,0,0,0,4,6,2,0,0,0,0,0,0,0,23
2008,56,81,1,34,81,3,1,0,1,1,34,81,3,1,0,34,81,3,1,0,0,0,0,38,74,4,1,0,0,4,0,33,77,4,1,0,33,77,4,0,31,76,4,1,0,0,0,0,0,0,0,0,1,0,3,0,0,0,0,31,76,4,2,0,0,0,1,0,0,0,0,2,0,0,0,0,0,0,31,74,4,1,2,2,0,0,44,74,2,0,0,0,0,1,42,73,2,0,0,2,0,0,0,121
2008,57,1,1,270,309,38,12,1,0,0,275,311,34,8,0,261,303,30,8,6,0,8,2,291,289,27,6,0,2,3,9,275,288,30,10,2,273,291,28,0,242,278,54,8,1,2,1,1,11,0,0,1,1,1,2,0,0,3,0,241,269,51,7,5,0,19,1,2,0,3,0,1,0,0,2,1,2,3,236,268,25,5,31,13,3,3,341,259,25,0,0,1,2,0,303,246,24,0,22,10,1,0,790,630
2008,57,2,1,312,142,5,5,0,1,2,309,140,3,6,0,307,139,3,4,0,1,1,1,327,126,3,4,0,0,2,3,319,127,4,5,0,319,128,4,0,311,122,8,3,0,0,1,0,5,0,0,0,2,0,0,0,0,0,1,311,119,7,3,3,0,1,1,1,0,1,0,0,1,0,0,2,2,0,309,117,3,3,9,7,1,0,354,110,2,0,0,0,2,0,331,108,1,0,15,1,1,0,582,467
2008,57,3,1,428,557,4,8,1,2,4,425,551,5,7,0,421,544,4,7,2,0,0,0,444,523,5,11,0,4,3,4,437,525,6,12,0,438,531,6,0,425,512,11,9,0,3,4,0,4,3,2,2,3,0,1,1,0,4,1,423,503,11,8,5,0,11,5,2,0,6,0,1,0,0,1,2,1,0,420,500,4,7,14,18,0,2,522,468,1,0,0,0,6,5,505,467,1,0,3,4,0,0,1317,1004
2008,57,4,1,658,807,23,14,0,5,9,658,794,21,14,0,650,788,22,11,3,1,1,3,717,734,22,13,0,1,9,6,707,738,22,12,0,708,742,20,0,669,713,39,9,0,1,3,0,15,6,1,2,6,1,1,1,1,2,1,660,703,41,7,7,0,22,10,2,1,8,1,3,3,0,0,0,1,0,651,697,19,6,47,32,1,7,821,671,12,0,0,0,5,2,780,663,11,0,15,13,4,0,1938,1517
2008,57,5,1,222,189,9,6,2,1,2,222,185,8,7,1,221,185,8,6,1,0,1,0,235,173,8,6,0,0,4,1,228,174,9,6,0,227,174,8,0,217,164,16,6,0,0,2,2,4,2,0,1,3,2,0,0,0,1,0,215,159,16,4,3,0,6,3,3,0,4,0,3,0,0,0,0,0,0,215,158,8,4,9,11,0,2,273,146,7,0,0,0,3,0,263,145,6,0,6,3,0,0,523,431
2008,57,6,1,72,151,3,4,0,0,1,71,147,3,4,0,70,146,3,3,0,0,0,2,80,133,3,5,0,0,4,0,77,132,3,8,0,77,138,3,0,70,123,13,4,0,0,3,0,3,1,0,0,2,0,0,1,0,0,1,70,123,9,3,1,0,3,2,3,0,2,0,0,0,0,1,3,0,0,69,120,3,3,6,8,0,2,114,114,2,0,0,0,0,0,108,112,2,0,1,0,0,0,257,231
2008,57,7,1,467,567,17,27,2,3,7,476,555,14,23,0,464,551,14,21,4,2,1,2,508,516,14,22,0,1,7,7,496,521,14,26,0,491,532,14,0,472,484,27,16,0,1,6,0,14,5,5,0,12,2,7,1,0,1,3,467,473,27,14,17,0,22,7,7,0,11,0,0,1,0,1,1,5,0,462,461,11,14,26,46,2,5,625,448,9,0,0,1,2,2,587,443,7,0,14,5,2,0,1283,1090
2008,57,77,1,1,13,0,0,0,2,0,1,13,0,0,0,1,13,0,0,0,0,0,0,2,9,0,0,0,0,3,0,2,9,0,0,0,2,9,0,0,1,9,1,0,0,0,0,0,0,0,0,0,0,0,0,0,0,0,0,1,7,2,0,0,0,0,1,0,0,1,0,0,0,0,0,0,0,0,1,7,0,0,1,2,0,0,4,8,0,0,0,0,2,1,4,8,0,0,0,0,0,0,0,16
2008,57,78,1,5,20,2,0,0,0,0,5,20,2,0,0,5,16,1,0,0,2,0,0,2,2,2,0,0,0,0,1,2,2,2,0,0,2,2,2,0,2,2,2,0,0,0,0,0,0,0,0,0,0,0,0,0,0,0,0,2,2,2,0,0,0,0,0,0,0,0,0,0,0,0,0,0,0,0,2,2,2,0,0,0,0,0,2,2,2,0,0,0,0,1,2,2,2,0,0,0,0,0,0,29
2008,57,81,1,38,37,3,0,0,1,1,38,37,3,0,0,38,37,3,0,0,0,0,0,38,37,3,0,0,0,1,0,38,37,3,0,0,38,37,3,0,38,36,3,0,0,0,0,0,0,0,0,0,0,0,0,0,0,0,1,38,37,3,0,0,0,0,0,0,0,0,0,0,0,0,0,0,0,0,38,36,3,0,0,1,0,0,42,33,3,0,0,0,1,0,42,33,3,0,0,0,0,0,0,80
2008,58,1,1,241,371,16,17,0,2,4,244,368,16,14,0,240,366,14,14,2,0,1,1,256,345,15,10,0,0,8,4,244,333,15,8,0,247,329,15,0,230,312,30,5,0,0,0,0,7,6,0,0,3,0,9,5,0,0,0,234,298,35,5,4,0,10,1,0,1,1,0,2,8,1,1,7,1,1,223,292,15,5,20,31,0,2,342,291,10,0,0,0,3,2,318,285,9,0,3,9,0,0,947,652
2008,58,2,1,117,194,3,4,2,0,3,118,191,2,4,0,117,189,2,4,1,1,0,0,130,183,4,2,0,0,1,2,130,175,4,6,0,129,173,4,0,129,164,12,2,0,1,0,0,6,0,0,0,2,0,0,2,0,0,0,114,157,12,2,0,0,4,0,1,0,1,0,0,3,1,1,1,1,1,114,157,4,2,10,11,0,0,161,155,2,0,0,0,0,4,156,152,2,0,0,1,0,0,394,324
2008,58,3,1,635,724,40,28,3,2,3,637,716,39,25,0,626,701,36,22,6,2,4,1,689,664,36,12,0,0,7,4,676,652,41,15,0,670,660,40,0,629,601,82,12,0,1,4,0,16,5,0,2,6,0,5,11,0,1,0,624,580,90,10,5,0,26,2,3,1,2,0,3,13,0,1,13,1,1,616,566,36,9,38,64,3,3,809,583,30,0,0,2,4,5,779,567,30,0,26,8,0,0,1813,1434
2008,58,4,1,312,300,13,6,1,1,1,312,295,11,9,0,308,289,11,6,2,1,1,1,340,275,11,3,0,0,2,0,332,263,12,3,0,335,259,12,0,312,243,38,0,0,1,2,0,7,2,1,1,3,0,1,3,0,1,0,302,233,41,0,5,0,16,0,0,0,0,0,3,4,0,2,2,1,1,296,229,11,0,31,22,1,0,378,241,13,0,0,0,1,1,371,239,13,0,0,4,1,0,829,636
2008,58,5,1,676,820,34,49,4,6,7,677,814,35,36,2,654,798,33,36,3,7,3,3,724,785,35,34,0,0,12,12,723,728,40,37,2,724,727,37,0,658,665,86,27,0,2,3,0,41,7,1,0,5,0,2,23,1,3,0,651,639,92,25,10,0,46,2,2,1,6,0,6,16,0,2,18,1,0,627,622,31,22,75,77,4,4,872,679,27,0,0,3,4,13,829,664,25,0,14,5,2,0,2025,1598
2008,58,6,1,933,840,102,29,12,1,3,939,836,101,22,3,921,823,97,21,7,8,4,3,924,847,89,25,0,2,7,7,939,794,99,24,2,938,798,98,0,872,732,149,19,1,1,3,0,39,12,1,0,5,0,6,15,1,2,0,863,706,152,16,16,1,52,2,1,0,2,0,3,23,0,4,12,1,1,829,689,83,12,89,85,7,5,1050,765,82,0,0,9,10,0,987,739,79,0,33,16,8,0,2431,1924
2008,58,7,1,399,466,27,22,2,3,6,401,444,23,26,1,389,439,22,22,0,4,1,0,434,416,27,19,0,1,8,5,420,395,29,22,0,419,406,26,0,394,352,58,12,0,4,5,1,12,7,3,1,3,1,5,9,1,2,1,383,349,58,14,7,0,19,2,0,0,2,0,4,11,0,2,5,4,2,372,332,23,10,32,46,3,4,528,371,16,0,0,1,3,4,499,359,15,0,10,6,0,0,1245,925
2008,58,8,1,441,357,18,22,2,0,0,439,346,17,23,0,431,338,17,19,2,1,1,1,469,327,15,10,0,0,3,2,453,312,19,10,0,456,314,19,0,434,286,45,9,0,2,0,0,9,1,0,4,1,0,2,7,1,0,0,426,284,44,9,1,0,19,0,2,0,4,0,0,3,0,2,0,0,0,417,274,15,7,26,23,3,0,537,284,14,0,0,1,3,2,514,277,14,0,4,4,1,0,1099,843
2008,58,9,1,412,478,69,30,2,1,2,420,477,69,24,0,406,466,65,22,3,3,5,5,440,467,55,15,0,0,4,3,445,437,56,21,1,444,437,62,0,404,379,100,13,1,0,1,1,23,5,1,0,6,0,2,21,2,3,1,394,367,96,7,11,0,28,0,6,0,6,0,3,14,0,2,16,4,3,380,360,48,7,52,48,9,7,590,366,29,0,0,4,3,2,538,356,28,0,9,17,10,0,1280,1000
2008,58,10,1,301,322,12,13,3,0,0,303,316,12,12,0,300,311,12,13,2,3,0,1,315,299,12,14,0,0,3,4,317,276,13,10,0,314,273,13,0,298,256,33,10,0,2,0,0,8,7,0,3,1,0,3,2,0,0,2,297,241,32,10,7,0,13,1,2,0,4,0,1,8,0,0,3,2,0,285,234,12,8,25,34,0,1,392,247,8,0,0,0,4,2,380,241,8,0,1,7,0,0,837,657
2008,58,11,1,671,503,36,31,4,0,4,670,489,38,23,0,654,476,33,22,1,3,1,4,735,420,30,29,0,0,12,5,709,411,30,26,0,699,410,32,0,655,369,79,15,1,3,6,1,23,8,0,1,2,0,5,13,0,0,0,641,352,74,15,13,1,32,2,1,1,3,0,2,7,0,6,8,3,3,613,333,27,11,73,54,2,2,851,351,30,0,0,0,3,13,803,335,28,0,16,13,1,0,1646,1251
2008,58,12,1,146,104,5,2,1,1,1,147,102,5,0,1,145,101,4,0,0,0,2,1,153,93,6,1,0,0,2,0,149,95,7,2,0,151,93,7,0,140,86,13,1,0,0,1,0,6,3,0,0,2,0,0,2,0,0,0,140,82,9,0,2,0,6,0,0,0,1,0,0,3,0,0,8,1,0,139,77,6,0,9,14,1,1,165,89,5,0,0,0,1,0,160,88,5,0,5,0,0,0,324,260
2008,58,13,1,112,204,10,9,5,0,2,110,204,10,10,0,108,196,10,9,2,3,0,0,114,203,11,9,0,0,2,1,113,197,11,10,0,113,197,11,0,103,182,16,8,0,0,1,1,6,3,0,0,0,0,0,4,1,2,1,100,167,18,5,7,0,6,0,0,0,0,0,3,6,0,0,3,1,5,100,165,10,5,12,28,1,3,148,185,4,0,0,1,1,1,139,179,4,0,0,3,0,0,411,342
2008,58,14,1,254,264,5,10,0,3,1,256,260,3,8,0,247,253,3,7,3,0,0,2,269,247,4,7,0,1,3,2,269,239,3,8,0,268,238,3,0,259,217,13,5,0,0,0,0,7,4,0,0,0,0,0,3,0,2,0,255,214,12,6,1,0,11,2,0,0,0,0,0,4,0,0,3,2,1,245,212,2,3,21,11,0,4,295,230,6,0,0,0,2,3,287,223,4,0,4,2,0,0,681,537
2008,58,15,1,53,163,2,2,0,0,2,53,160,3,2,0,53,157,2,2,0,1,0,0,58,161,1,0,0,0,2,2,56,155,1,0,0,57,155,1,0,53,152,3,0,0,1,0,0,0,0,0,0,0,0,0,2,0,0,0,53,152,5,0,0,0,2,0,0,0,1,0,0,1,0,0,0,0,0,52,149,1,0,1,6,0,0,72,151,0,0,0,0,0,1,69,146,0,0,0,0,0,0,269,224
2008,58,77,1,10,42,0,0,1,3,1,10,42,0,0,1,10,40,0,0,0,0,0,0,10,35,1,0,0,0,4,2,11,34,1,0,0,10,34,1,0,9,30,2,0,0,0,0,0,0,0,0,0,0,0,0,2,0,0,0,9,23,2,1,0,0,0,1,0,0,0,0,0,7,0,0,2,0,0,9,22,1,0,0,11,0,0,22,31,0,0,0,0,3,1,21,29,0,0,0,0,0,0,0,57
2008,58,78,1,22,23,1,1,0,1,0,23,22,1,1,0,22,21,1,1,0,1,0,0,3,1,1,0,0,0,0,5,4,2,1,0,0,4,2,1,0,3,1,2,0,0,0,0,0,0,0,0,0,0,0,0,0,0,0,0,3,1,2,0,0,0,0,0,0,0,0,0,0,0,0,0,0,0,0,3,1,1,0,0,0,0,0,4,0,1,0,0,0,0,8,4,0,1,0,0,0,0,0,0,48
2008,58,81,1,81,62,7,2,0,0,0,83,62,5,2,0,81,62,5,2,2,0,0,0,90,53,6,1,0,0,1,0,85,57,7,2,0,85,57,6,0,81,55,8,1,0,0,0,0,2,1,0,0,0,0,0,0,0,1,0,81,53,9,1,0,0,3,0,0,0,2,0,0,2,0,0,0,0,0,81,48,6,1,4,8,0,0,89,54,9,0,0,0,0,0,88,54,9,0,0,1,0,0,0,152
2008,59,1,1,98,144,10,6,0,2,3,97,142,10,5,0,94,141,10,5,0,0,0,1,106,125,18,4,0,0,2,4,97,122,10,6,0,100,123,9,0,86,109,14,4,0,3,8,0,0,0,1,1,1,0,1,0,0,1,2,90,107,16,2,1,0,0,0,1,2,0,0,2,2,0,0,2,0,1,83,104,9,2,11,13,0,3,142,112,6,0,0,0,2,0,129,110,6,0,5,0,0,0,358,263
2008,59,2,1,68,130,8,3,2,2,3,69,123,7,3,1,66,122,6,3,1,1,0,0,70,127,6,5,0,0,0,3,64,117,6,6,0,66,119,6,0,62,111,11,5,1,1,1,0,0,0,0,0,2,0,1,0,0,0,1,66,110,12,4,1,0,0,0,0,0,1,0,0,1,0,0,1,0,0,60,108,6,4,4,5,0,2,94,112,6,0,0,0,1,3,83,107,6,0,5,2,0,0,278,218
2008,59,3,1,333,449,24,17,7,1,1,342,442,24,17,1,324,431,23,13,3,5,3,6,368,413,22,13,0,2,6,1,357,416,21,15,0,359,413,22,0,332,350,45,13,0,15,9,0,3,3,1,1,11,1,1,8,1,1,8,348,340,40,11,4,0,0,4,2,2,6,0,3,20,0,0,10,0,4,322,334,19,7,22,49,1,6,460,340,22,0,0,1,2,2,428,330,20,0,15,12,2,0,1050,834
2008,59,4,1,290,160,10,6,1,1,3,291,157,8,4,0,283,154,6,3,2,0,4,0,306,141,9,3,0,0,1,3,301,131,11,5,0,308,134,8,0,290,126,18,4,0,6,1,0,1,0,1,1,2,0,0,1,0,0,1,292,121,19,5,0,0,2,2,0,0,0,0,2,3,0,2,2,2,1,283,118,5,3,14,11,5,1,362,98,5,0,0,0,2,4,342,95,4,0,5,6,1,0,609,472
2008,59,5,1,116,290,5,5,2,1,2,115,288,4,6,0,114,283,4,5,0,0,0,1,133,271,3,5,0,0,2,1,129,272,4,4,0,127,272,3,0,118,249,15,5,0,4,1,0,0,1,1,2,3,0,1,1,0,0,6,124,228,13,4,9,0,0,1,0,1,0,0,2,16,0,1,3,0,5,114,224,3,3,11,40,0,0,168,241,6,0,0,0,3,2,151,236,6,0,5,10,0,0,508,420
2008,59,6,1,944,940,36,35,8,3,4,952,912,38,33,2,929,903,32,29,7,8,3,4,1038,828,43,24,0,0,6,6,999,815,44,33,1,1001,822,43,0,966,751,80,20,1,22,7,0,0,6,1,3,14,6,3,8,0,0,14,990,704,86,16,9,0,1,3,3,2,10,0,4,20,0,5,17,0,24,943,684,38,14,44,103,5,12,1211,714,33,0,0,0,4,3,1140,691,31,0,47,12,2,0,2503,1971
2008,59,7,1,402,439,10,15,3,5,2,399,432,12,14,0,395,425,9,12,1,5,1,2,430,409,11,9,0,0,5,2,415,398,13,7,0,417,393,11,0,398,379,27,7,0,4,0,0,1,2,1,0,4,2,2,0,0,0,4,399,374,24,7,3,0,0,0,3,0,1,0,1,10,0,0,4,1,2,391,364,8,5,18,19,1,3,514,346,8,0,0,0,2,0,492,342,8,0,5,8,1,0,1114,876
2008,59,8,1,803,894,34,28,9,4,10,805,872,34,27,2,789,852,32,23,10,5,2,4,914,765,38,27,0,0,6,6,873,750,39,24,0,873,753,38,0,837,712,85,17,0,12,6,0,1,0,0,2,10,1,2,1,1,2,8,855,700,89,15,3,0,0,1,0,2,2,0,5,13,1,2,4,0,2,823,691,36,15,34,43,0,7,1100,643,28,0,0,1,4,11,1041,627,27,0,21,4,3,0,2456,1790
2008,59,9,1,176,245,13,6,3,0,1,177,240,13,4,0,171,229,11,4,3,1,1,1,200,215,13,5,0,2,1,2,191,211,11,5,0,189,212,11,0,197,203,21,5,0,3,1,0,0,1,0,0,3,0,0,0,0,0,3,190,201,20,5,3,0,0,2,0,3,0,1,0,3,0,0,3,0,5,183,188,10,5,7,15,0,0,253,178,7,0,0,1,2,4,234,168,7,0,5,5,2,0,542,445
2008,59,10,1,468,568,61,19,10,3,6,461,561,63,19,1,450,546,58,16,3,7,6,1,495,535,62,14,0,0,5,3,482,529,57,18,0,488,521,58,0,456,481,90,16,0,12,4,0,1,3,0,1,9,2,1,6,0,1,6,469,464,92,12,7,0,1,4,4,2,8,0,1,16,0,2,5,0,0,445,459,53,11,32,45,4,5,611,459,52,0,0,5,4,3,555,444,50,0,19,16,4,0,1487,1136
2008,59,11,1,127,157,10,7,2,0,2,123,155,12,6,0,122,152,9,6,2,2,2,0,135,139,12,8,0,0,2,4,135,138,11,8,0,135,138,12,0,124,126,23,8,0,0,1,0,0,0,1,0,1,1,1,0,0,1,3,123,130,27,8,5,0,0,0,1,0,1,0,2,1,0,0,0,0,1,120,118,11,8,15,18,0,0,164,126,11,0,0,0,1,1,156,122,11,0,2,2,1,0,395,303
2008,59,12,1,326,442,26,27,3,4,2,332,433,27,25,0,315,423,24,20,1,5,0,2,381,388,24,17,0,0,5,1,349,399,23,19,0,349,397,21,0,332,360,45,15,0,9,7,1,0,2,0,7,6,1,3,3,0,0,6,339,350,45,16,7,0,0,2,0,6,2,0,0,8,0,5,4,0,1,326,341,19,13,15,36,3,4,478,316,25,0,0,2,5,1,450,312,25,0,5,8,0,0,1035,830
2008,59,13,1,58,89,40,0,2,0,0,59,86,39,0,2,57,86,39,0,0,1,1,0,55,83,44,0,0,0,2,0,55,80,43,0,0,55,80,45,0,51,77,49,0,0,0,0,0,0,0,0,0,2,0,0,1,0,0,0,55,74,47,0,2,0,0,0,0,0,0,0,0,4,0,0,1,0,0,51,72,42,0,4,8,0,0,71,64,51,0,0,0,0,2,64,64,46,0,1,5,1,0,224,188
2008,59,14,1,178,207,13,15,17,0,2,177,210,14,15,4,175,200,13,14,1,4,0,0,184,215,15,5,0,0,4,3,183,204,14,6,0,186,205,14,0,173,192,28,4,0,4,0,0,0,0,0,0,1,1,0,0,0,2,1,177,183,28,4,3,0,0,0,1,2,2,0,0,0,0,0,1,1,3,168,184,12,4,11,15,1,2,236,176,12,0,0,2,4,3,223,166,12,0,4,10,0,0,510,433
2008,59,15,1,217,443,63,21,4,3,2,219,436,60,14,2,213,429,60,14,0,0,2,2,248,415,65,9,0,0,3,0,222,419,63,14,0,231,412,64,0,213,365,95,9,0,10,2,1,0,1,0,3,6,1,0,6,0,0,3,227,355,95,4,5,0,0,1,2,0,2,0,0,10,1,2,5,0,0,206,344,61,4,14,57,1,4,281,374,90,0,0,0,2,3,264,361,81,0,6,10,0,0,951,755
2008,59,16,1,484,422,11,29,3,2,6,489,413,11,22,0,480,410,10,22,2,1,0,1,590,340,12,3,0,0,3,4,541,343,14,8,2,549,345,13,0,524,296,39,5,0,5,7,3,3,2,3,2,10,3,0,4,0,0,9,529,284,50,5,5,0,0,1,0,2,4,0,4,7,0,2,18,1,0,515,271,11,3,24,56,1,2,701,241,8,0,0,1,1,3,676,236,8,0,12,7,0,0,1289,959
2008,59,17,1,525,887,47,36,5,3,1,529,885,45,29,1,517,875,43,26,2,6,2,4,563,850,53,14,0,1,5,8,545,843,50,21,1,546,834,48,0,519,769,102,11,1,16,4,1,0,5,3,5,4,5,2,3,0,1,8,535,741,101,8,13,1,1,0,7,1,3,1,2,21,1,4,8,0,0,494,726,44,8,41,82,4,6,773,684,38,0,0,0,3,5,719,660,38,0,18,23,2,0,1897,1506
2008,59,77,1,23,84,2,2,0,4,4,21,82,2,2,0,21,82,2,2,0,0,0,0,31,60,2,2,0,0,10,0,27,62,2,2,0,27,62,2,0,25,56,14,0,0,0,0,0,0,0,0,0,2,0,0,0,0,0,2,25,52,8,0,0,0,0,0,0,0,0,0,0,12,0,0,0,0,0,25,50,2,0,2,12,0,2,55,48,0,0,0,0,18,0,55,48,0,0,0,0,0,0,0,119
2008,59,78,1,20,31,1,1,0,0,0,20,30,1,1,0,19,30,1,1,0,0,0,0,9,5,0,1,0,0,0,1,10,6,0,1,0,10,6,0,0,9,5,0,1,0,0,0,0,0,0,0,0,0,0,0,0,0,0,0,9,5,0,1,0,0,0,0,0,0,0,0,0,0,0,0,0,0,0,9,5,0,1,0,0,0,0,10,4,1,0,0,0,0,3,10,4,1,0,0,0,0,0,0,53
2008,59,81,1,46,50,5,3,0,0,0,46,49,5,3,0,46,49,5,3,0,0,0,0,49,48,5,2,0,0,0,0,46,47,6,2,0,46,47,6,0,46,46,6,0,0,0,0,0,0,0,0,0,0,0,0,0,0,0,2,46,44,7,2,0,0,0,0,1,0,0,0,1,0,0,0,1,0,0,46,44,5,2,0,3,0,0,54,44,6,0,0,0,0,0,54,42,5,0,0,1,1,0,0,104
2008,60,1,1,367,432,18,27,12,5,2,368,418,21,23,1,358,409,17,21,0,5,0,4,397,401,20,17,0,0,5,8,378,401,19,18,0,384,394,19,0,350,354,48,14,1,3,6,0,4,5,4,20,1,4,2,7,0,0,0,346,342,44,12,14,0,1,9,2,25,5,0,0,4,0,1,1,1,2,339,338,16,10,30,30,2,6,299,319,10,223,0,0,5,7,287,310,9,198,10,7,1,2,1154,864
2008,60,2,1,714,1054,22,66,7,1,6,720,1033,24,61,1,697,1006,22,52,5,9,1,6,765,936,27,57,0,1,12,15,737,952,27,58,1,747,924,28,0,684,831,87,47,1,4,8,0,5,26,0,38,6,0,4,14,0,5,2,667,808,94,41,16,1,4,6,1,43,18,0,1,22,0,5,1,5,2,642,791,22,37,74,87,3,16,577,802,14,454,0,2,6,13,556,770,14,401,18,6,3,7,2970,1872
2008,60,3,1,377,585,21,38,6,2,3,382,574,19,33,1,361,552,17,30,2,4,3,4,404,525,26,25,0,0,8,12,388,522,27,25,0,391,514,26,0,365,473,55,20,0,1,7,1,2,5,2,14,5,2,2,5,2,3,0,358,463,49,19,11,0,2,11,1,15,11,0,0,9,1,3,1,2,3,345,458,22,19,33,41,2,2,308,457,11,236,0,0,5,13,299,443,10,216,6,7,0,1,1541,1035
2008,60,77,1,3,29,1,1,0,3,0,3,28,1,1,0,3,28,1,1,0,0,0,0,3,27,1,1,0,0,4,0,3,26,2,1,0,3,27,1,0,3,26,2,1,0,0,0,0,0,0,0,0,0,0,0,0,0,0,0,2,19,3,1,0,0,0,0,0,1,5,0,0,1,0,0,0,0,0,2,19,1,1,1,7,0,0,3,26,0,3,0,0,3,1,3,26,0,3,0,0,0,0,0,37
2008,60,78,1,23,39,1,2,1,0,1,23,39,1,2,0,23,39,1,2,0,0,0,0,14,31,0,1,0,0,0,1,14,31,0,1,0,14,31,0,0,14,31,0,1,0,0,0,0,0,0,0,0,0,0,0,0,0,0,0,13,31,0,1,0,0,0,0,0,0,0,0,0,0,0,0,0,1,0,13,31,0,1,1,0,0,0,14,24,1,8,0,0,0,0,12,24,1,8,0,1,0,0,0,67
2008,60,81,1,17,15,1,0,3,1,1,17,16,1,0,0,16,15,1,0,0,0,0,0,18,16,1,0,0,0,1,2,17,16,1,0,0,17,16,1,0,17,16,1,0,0,0,0,0,0,0,0,1,0,0,0,0,0,0,0,17,16,1,0,0,0,0,0,0,0,0,0,0,0,0,0,0,0,0,16,15,1,0,0,0,0,0,17,15,1,3,0,0,1,1,17,15,1,3,0,0,0,0,0,34
2008,61,1,1,642,929,41,68,7,2,6,650,912,40,65,3,626,893,36,54,6,5,4,10,714,828,40,54,0,0,7,10,657,869,42,60,1,689,823,41,0,584,722,121,44,0,5,5,0,10,21,3,58,8,2,3,19,4,3,3,577,698,114,38,16,0,8,7,1,70,26,0,3,23,0,3,4,4,11,551,678,33,34,87,110,3,15,551,731,16,375,0,1,6,10,530,714,13,342,21,11,4,5,2206,1697
2008,61,2,1,193,285,8,18,5,4,2,203,273,9,13,2,189,264,8,12,3,2,0,4,219,245,12,14,0,0,4,7,212,245,12,14,0,217,237,13,0,192,217,31,11,1,2,2,0,1,3,0,12,1,0,3,2,0,2,0,187,210,31,11,4,0,2,0,0,17,7,0,0,5,0,1,1,2,1,180,205,12,10,20,22,0,2,148,181,3,175,0,0,1,5,137,172,3,159,8,4,0,0,739,516
2008,61,3,1,860,1115,57,58,27,1,4,877,1090,48,52,9,839,1070,41,44,7,11,10,10,915,1050,55,40,0,3,7,11,859,1066,61,42,4,885,1026,52,0,790,907,122,30,1,5,7,1,8,20,1,49,19,6,4,38,7,6,2,782,860,116,28,22,0,8,6,3,70,37,1,1,45,0,5,2,10,1,746,840,40,27,95,127,9,6,735,899,20,444,0,0,4,13,704,872,19,394,24,21,3,12,2827,2122
2008,61,4,1,333,403,29,27,3,2,2,334,393,30,27,1,328,390,27,24,1,1,0,2,356,363,31,23,0,3,5,2,338,372,33,25,2,342,363,28,0,311,317,67,15,1,2,1,0,2,4,0,18,5,1,0,6,2,1,1,313,307,68,13,9,1,1,1,2,22,8,0,0,9,0,2,1,1,1,301,304,25,13,33,36,3,6,270,284,17,219,0,0,2,3,252,277,17,198,10,6,3,4,1043,800
2008,61,5,1,184,234,7,21,5,1,4,184,227,6,17,2,175,217,5,14,4,2,1,2,211,205,9,14,0,1,0,5,200,211,11,11,0,201,208,9,0,177,187,27,10,1,0,2,1,2,1,0,14,0,0,0,6,3,2,1,164,183,28,10,2,0,1,1,3,19,7,0,0,5,0,2,1,2,0,162,170,6,9,31,27,1,0,159,161,5,130,0,0,1,2,151,158,3,121,3,4,1,1,663,453
2008,61,6,1,508,697,41,50,21,2,9,521,686,39,44,3,492,658,34,33,4,9,4,9,564,626,37,41,0,2,11,4,532,647,43,39,0,541,628,41,0,482,543,99,33,0,4,9,0,4,17,0,22,9,2,3,15,4,6,1,470,549,96,26,15,0,3,6,3,33,22,0,1,17,0,2,2,6,2,461,522,32,21,56,72,4,14,467,539,25,281,0,1,6,4,446,518,23,244,13,14,0,10,1905,1328
2008,61,7,1,356,482,19,18,14,2,4,360,475,18,19,4,349,467,15,13,0,4,3,4,393,440,17,23,0,1,0,5,364,454,23,26,0,374,440,18,0,334,393,47,21,0,1,3,0,3,15,4,14,8,3,2,11,2,7,1,327,387,55,18,16,0,2,5,3,14,12,2,0,17,0,0,2,2,3,320,376,15,16,32,44,1,4,308,404,5,160,0,1,2,7,294,400,5,139,8,10,1,2,1278,886
2008,61,8,1,469,425,20,38,15,0,4,466,431,22,34,7,452,417,17,31,0,3,6,3,511,376,25,28,0,2,4,2,478,401,25,21,2,503,383,23,0,430,349,52,19,1,2,2,0,10,8,0,23,7,1,6,12,0,9,1,424,338,57,17,11,1,2,1,3,35,17,0,2,8,0,2,2,2,3,409,323,20,16,53,45,4,6,428,368,13,155,0,1,0,5,409,359,13,140,10,7,5,2,1402,972
2008,61,9,1,461,588,29,24,13,4,1,468,569,27,27,0,451,554,26,22,4,5,0,5,517,507,25,21,0,0,19,8,465,541,25,19,2,480,521,25,0,427,477,66,20,0,3,2,0,1,10,0,32,5,0,2,9,2,6,0,418,458,75,18,13,0,0,6,5,30,10,0,1,11,0,1,0,3,3,403,444,23,10,54,58,2,10,433,464,16,190,0,0,7,7,421,455,16,170,10,8,1,2,1586,1121
2008,61,10,1,222,254,16,22,7,1,1,224,250,15,22,5,220,243,14,21,1,1,0,1,251,222,16,22,0,0,3,4,237,230,13,27,0,236,222,12,0,220,213,30,22,0,1,0,0,0,2,1,7,1,0,0,2,2,0,0,217,202,32,21,2,3,0,1,0,7,5,0,1,5,1,2,1,0,1,213,197,11,19,21,21,1,4,214,203,6,95,0,2,2,2,203,200,6,83,3,4,6,3,722,525
2008,61,11,1,548,653,37,40,15,2,2,560,646,32,33,4,532,630,30,29,3,7,6,7,588,607,39,27,0,0,3,4,530,640,57,24,0,563,611,36,0,494,542,83,21,0,7,7,0,4,13,1,34,5,1,1,24,3,6,2,478,523,79,17,21,0,7,9,2,49,21,1,1,17,0,2,0,3,7,461,503,26,15,71,73,5,12,509,557,22,207,0,1,2,6,467,544,21,147,22,10,3,6,1632,1283
2008,61,12,1,823,1041,31,61,42,2,7,815,1023,35,59,10,780,986,30,49,5,8,2,13,899,923,44,43,0,4,13,19,844,950,43,42,2,857,926,43,0,782,854,96,30,0,9,8,0,5,19,4,37,6,2,3,26,4,8,3,765,795,102,27,20,0,7,11,5,41,47,3,1,20,0,2,3,8,8,745,775,37,25,79,107,4,12,716,835,26,406,0,2,5,15,675,806,22,366,13,14,5,6,3012,2010
2008,61,13,1,1045,1391,76,101,25,1,2,1059,1377,80,77,2,1011,1337,66,75,10,8,9,9,1155,1269,75,70,0,3,8,8,1062,1327,86,70,3,1107,1263,74,0,950,1120,189,48,0,12,18,2,8,21,6,69,16,7,10,36,5,10,2,917,1061,194,45,28,0,8,17,12,102,40,0,8,34,0,5,8,9,9,884,1032,62,37,151,166,13,15,872,1091,34,626,0,1,3,10,833,1058,33,570,29,20,2,8,3610,2643
2008,61,14,1,1065,1288,37,79,18,6,15,1072,1243,36,73,5,1028,1194,31,67,6,8,2,7,1138,1127,39,51,0,1,19,15,1036,1200,46,54,2,1057,1146,43,0,931,1017,153,35,0,2,11,1,8,22,2,56,13,3,6,29,5,18,2,940,1002,133,32,13,1,7,11,6,56,32,0,1,28,2,4,3,8,7,923,991,35,31,109,123,5,17,938,1052,14,470,0,0,9,19,885,1028,13,406,31,12,2,6,3594,2511
2008,61,15,1,226,308,7,11,0,0,1,229,299,7,7,0,221,296,6,7,0,5,0,2,237,290,7,6,0,0,5,0,228,292,6,7,0,236,286,6,0,218,269,18,5,0,2,0,0,0,2,0,10,2,1,0,2,0,3,0,213,262,16,3,4,0,1,1,1,14,5,0,0,5,0,0,0,2,0,206,261,5,3,20,15,0,2,169,247,3,122,0,1,2,5,165,244,3,115,2,2,0,4,795,553
2008,61,16,1,249,264,10,10,4,1,0,250,262,9,7,1,245,254,9,7,2,3,0,2,286,223,9,8,0,1,1,0,273,229,9,8,0,280,224,8,0,260,205,16,6,0,0,1,0,2,1,0,11,4,0,0,4,0,1,2,257,202,21,5,3,0,2,3,0,5,4,0,0,7,0,1,1,2,4,251,197,8,5,20,19,0,1,242,203,7,86,0,0,0,0,232,198,6,75,4,6,0,0,926,537
2008,61,17,1,581,758,48,59,15,2,4,598,752,45,55,1,561,728,40,50,5,12,8,7,631,685,54,48,0,3,4,14,582,749,50,51,3,605,710,48,0,524,593,106,33,0,6,8,1,6,16,3,44,12,5,16,21,5,8,0,519,577,95,33,22,0,8,7,6,60,26,1,1,16,1,8,1,2,3,489,560,39,30,84,89,8,9,550,599,25,288,0,0,3,4,525,587,25,239,18,20,4,9,1852,1468
2008,61,18,1,812,1021,49,57,23,2,1,833,1006,52,47,7,792,983,40,40,7,6,9,14,885,941,49,44,0,1,6,4,816,1005,56,51,0,836,950,47,0,727,817,115,37,2,13,13,2,9,23,2,70,13,4,4,29,3,7,3,720,783,101,32,28,0,11,12,4,94,37,0,4,19,0,3,3,6,10,683,761,34,25,105,124,9,18,751,834,28,342,0,0,6,4,716,814,26,296,21,14,3,8,2467,1967
2008,61,19,1,295,392,26,31,10,0,4,303,386,21,29,7,287,380,19,23,4,4,2,3,316,374,28,16,0,2,3,5,284,396,34,21,0,290,385,27,0,252,325,57,11,0,2,3,0,3,12,2,22,10,1,4,13,3,4,0,249,311,50,12,8,0,4,7,3,35,22,0,0,4,0,4,2,1,4,236,300,17,11,44,52,7,4,266,339,11,129,0,1,2,4,255,323,9,110,16,12,3,7,964,757
2008,61,20,1,484,523,12,24,10,1,3,479,518,13,24,6,467,500,10,20,2,5,2,4,517,457,18,16,0,6,9,7,481,478,20,20,0,492,458,18,0,453,428,53,16,0,0,2,0,3,9,0,19,4,0,0,6,0,3,1,456,407,59,15,6,0,3,5,0,18,10,0,0,9,0,3,2,1,2,437,398,14,14,40,49,3,2,343,375,9,308,0,0,2,16,326,365,9,277,11,12,0,8,1582,1061
2008,61,21,1,832,998,55,93,20,1,2,848,995,49,82,7,816,975,46,76,5,9,8,10,925,891,59,61,0,1,11,9,843,945,66,73,0,874,914,58,0,737,783,154,53,0,6,6,0,12,38,4,65,11,4,3,26,5,8,2,744,746,139,47,32,7,5,6,7,77,44,1,1,22,2,2,1,5,6,704,721,50,41,118,139,2,16,780,795,29,386,0,1,10,9,756,780,27,337,29,15,5,11,2611,2005
2008,61,22,1,486,580,47,43,15,2,3,501,570,44,39,5,473,557,38,28,7,6,4,6,538,528,41,33,0,0,8,3,484,558,54,36,0,516,522,42,0,433,449,117,25,0,4,5,0,5,13,0,36,8,0,2,19,3,9,0,408,426,114,20,14,0,6,11,2,50,26,0,3,16,0,3,3,4,5,396,416,37,17,78,73,3,12,445,459,23,237,0,0,1,7,421,448,23,196,24,8,2,6,1474,1174
2008,61,23,1,469,540,32,31,12,2,4,474,533,29,27,4,456,519,26,25,3,5,2,2,539,460,31,21,0,0,9,6,501,496,36,22,1,497,479,31,0,440,417,85,13,0,2,9,0,3,14,0,23,3,0,5,9,1,3,0,433,396,92,13,4,0,1,5,1,30,22,0,0,17,0,2,2,2,5,421,386,26,11,55,61,7,7,406,400,15,260,0,0,2,5,386,392,14,230,15,14,2,1,1646,1091
2008,61,24,1,710,894,56,60,16,5,1,732,884,48,51,5,696,861,46,45,1,9,6,14,806,784,51,40,0,5,6,7,707,877,69,43,0,745,812,54,0,606,701,112,25,0,16,15,0,9,26,3,99,21,2,5,22,5,15,5,597,663,106,22,32,1,10,17,8,112,41,2,1,32,2,9,2,3,8,546,628,41,21,140,124,5,9,690,721,20,296,0,0,4,10,645,692,19,252,25,26,7,11,2222,1742
2008,61,25,1,481,687,45,30,16,0,2,492,685,39,28,3,473,658,39,25,5,12,2,4,535,615,40,27,0,10,3,0,489,676,45,27,1,501,648,37,0,433,554,70,17,0,12,7,1,12,16,2,32,10,0,7,25,3,8,5,428,536,62,15,18,1,13,9,3,47,28,1,2,15,0,4,7,8,7,400,510,32,13,72,93,4,5,495,597,21,144,0,2,2,3,465,581,19,120,15,14,3,4,1715,1261
2008,61,26,1,393,408,18,30,2,2,1,409,400,13,26,0,387,394,13,23,3,5,3,0,442,351,21,21,0,2,2,1,403,367,24,26,0,419,357,18,0,357,326,51,20,0,3,2,0,2,0,2,29,4,3,3,9,1,8,0,351,313,51,18,6,0,7,3,1,34,9,0,0,9,0,3,0,2,1,340,304,16,17,47,37,3,6,386,309,6,148,0,0,2,0,377,303,5,131,9,2,3,3,1121,855
2008,61,27,1,415,559,14,22,4,2,2,411,545,16,20,3,403,522,13,19,5,5,1,0,502,448,5,13,0,1,5,3,453,472,7,18,0,470,456,5,0,421,416,29,13,0,2,4,0,2,9,0,16,3,1,3,14,0,1,2,419,407,33,14,2,0,2,5,0,13,16,0,1,16,0,3,0,1,10,402,384,3,13,46,59,2,0,370,439,4,195,0,1,1,3,357,426,3,175,2,15,3,2,1733,1020
2008,61,28,1,417,576,34,35,10,2,1,433,556,29,40,0,404,546,26,29,4,6,4,13,480,500,30,25,0,3,5,5,435,543,30,31,0,455,513,27,0,388,451,60,19,0,6,6,0,7,14,0,31,11,0,2,7,6,6,4,385,418,58,14,23,1,6,13,2,45,18,1,2,9,0,2,0,5,4,360,402,20,12,67,76,4,6,383,452,14,221,0,0,2,3,360,435,14,186,12,9,4,13,1463,1077
2008,61,29,1,1267,1408,62,95,20,4,11,1283,1380,62,79,6,1227,1354,53,67,7,13,8,10,1373,1246,79,73,0,4,16,14,1286,1318,77,70,0,1338,1254,75,0,1167,1132,193,50,0,10,13,0,12,13,5,75,18,3,7,35,5,8,1,1146,1080,176,45,33,0,11,13,10,79,40,2,1,29,0,5,7,10,11,1109,1056,62,39,151,146,5,24,1136,1134,32,532,0,2,10,16,1089,1109,31,490,16,19,3,8,3924,2872
2008,61,30,1,269,212,8,14,10,2,1,265,213,8,9,2,258,207,8,9,1,2,0,1,287,192,7,9,0,1,4,2,273,195,7,8,1,281,190,8,0,254,178,17,6,0,1,1,0,1,3,0,7,2,2,3,3,0,1,0,251,173,19,6,1,1,1,2,0,10,5,0,0,5,0,1,0,3,2,245,173,7,6,22,11,0,0,223,161,6,118,0,0,3,4,221,157,6,108,5,0,0,2,730,516
2008,61,31,1,25,51,2,0,1,1,0,25,51,2,0,0,25,51,2,0,0,0,0,0,24,50,2,0,0,0,4,0,24,51,1,0,0,24,50,2,0,24,50,2,0,0,0,0,0,0,0,0,0,0,0,0,0,0,0,0,24,50,2,0,0,0,0,0,0,0,0,0,0,0,0,0,0,0,0,24,50,1,0,0,0,1,0,24,50,1,2,0,0,3,0,24,50,1,1,0,0,0,1,97,80
2008,61,32,1,948,1079,81,79,18,2,3,975,1065,71,74,7,927,1043,67,62,8,7,10,10,1097,922,69,50,0,1,6,2,970,1031,79,55,1,1026,968,69,0,866,803,167,36,0,11,15,0,15,30,4,71,26,5,8,37,12,10,2,836,748,159,32,39,0,9,24,15,125,38,2,3,34,1,3,5,11,9,813,710,53,27,129,171,13,6,905,848,46,394,0,3,5,5,855,832,43,346,21,14,9,11,2699,2211
2008,61,77,1,49,280,5,7,3,3,0,48,263,8,7,0,46,259,5,4,0,1,1,3,64,231,4,6,0,1,11,0,58,235,4,5,0,60,235,4,0,53,220,13,4,0,1,0,0,1,7,0,3,1,0,1,1,0,1,1,46,158,11,4,3,0,2,2,0,2,81,0,0,2,0,0,0,1,3,46,152,4,5,10,80,1,1,93,185,6,50,0,0,7,1,82,181,6,45,1,2,1,0,0,349
2008,61,78,1,119,247,9,11,0,2,0,119,234,9,8,1,112,225,8,7,2,2,0,1,59,97,4,4,0,1,3,32,57,96,4,5,0,57,96,4,0,50,91,11,2,0,1,2,0,0,2,0,1,1,1,0,0,0,0,1,50,86,11,2,1,0,0,1,0,1,4,0,0,1,0,1,0,1,1,49,84,4,1,2,10,0,4,60,98,2,33,0,0,2,18,58,94,2,30,1,2,0,0,0,390
2008,61,79,1,1,1,0,0,0,0,0,1,1,0,0,0,1,1,0,0,0,0,0,0,0,1,0,0,0,0,0,0,0,1,0,0,0,0,1,0,0,0,0,0,0,0,0,1,0,0,0,0,0,0,0,0,0,0,0,0,0,0,0,0,0,0,0,0,0,0,0,0,0,0,0,0,0,0,0,0,0,0,0,0,1,0,0,0,0,0,0,0,0,0,0,0,0,0,0,0,0,0,0,0,2
2008,61,80,1,1,0,0,0,0,0,0,1,0,0,0,0,1,0,0,0,0,0,0,0,0,0,0,2,0,0,0,0,0,0,2,0,0,2,0,0,0,0,0,0,0,0,2,0,0,0,0,0,0,0,0,0,0,0,0,0,0,0,0,0,0,0,0,0,0,0,0,0,0,0,0,0,2,0,0,0,0,0,0,0,0,0,0,0,0,0,0,0,0,0,0,0,0,0,0,0,0,0,0,0,1
2008,61,81,1,57,81,6,6,0,0,2,55,79,6,5,0,55,79,6,5,0,0,0,0,67,70,6,4,0,0,1,2,54,80,8,4,1,58,75,7,0,55,71,11,4,0,0,0,0,1,0,0,2,0,0,0,0,0,0,0,52,70,11,3,1,1,0,0,2,1,1,0,0,0,0,1,0,1,0,39,63,4,14,0,0,0,1,39,63,4,15,0,0,0,2,39,63,4,14,0,0,0,1,0,152
2008,62,1,1,217,262,7,21,0,2,1,216,256,8,17,0,211,249,7,17,1,0,0,3,242,225,13,16,0,0,3,1,228,230,12,13,0,227,224,13,0,213,204,28,10,0,2,2,0,0,1,0,9,8,1,1,0,0,1,1,213,205,29,11,0,0,0,5,1,10,5,0,0,0,0,0,0,1,0,207,202,10,9,17,17,0,5,196,193,5,109,0,0,3,3,187,191,4,80,2,1,1,2,710,510
2008,62,2,1,82,115,6,9,0,1,0,81,118,4,6,0,80,110,3,4,2,2,1,0,93,102,6,2,0,0,3,0,86,103,7,6,0,88,104,6,0,76,93,10,2,0,3,2,1,2,1,0,7,4,0,1,0,0,0,1,78,91,10,2,1,0,2,2,1,5,6,0,0,0,0,2,0,0,0,72,88,6,2,11,9,0,0,49,90,2,68,0,0,3,0,47,88,2,62,3,0,0,0,263,213
2008,62,3,1,86,275,2,8,3,1,0,86,271,3,7,0,83,267,2,7,0,0,1,1,96,251,3,9,0,0,2,0,91,254,4,10,0,89,251,3,0,86,238,6,8,0,0,6,2,0,3,0,4,1,1,0,1,1,0,1,88,232,7,8,1,0,0,5,1,8,8,0,0,0,0,0,0,0,0,86,229,2,8,2,14,1,0,72,245,1,52,0,0,0,4,72,245,1,51,1,0,0,0,517,375
2008,62,4,1,180,178,7,6,2,4,2,181,177,7,4,1,176,175,7,4,2,0,0,0,192,165,6,5,0,0,4,4,188,165,6,7,0,189,164,6,0,180,154,12,5,0,1,2,0,0,0,1,7,1,0,0,0,0,2,1,175,152,12,4,2,0,3,3,0,5,3,0,0,0,0,1,1,1,2,171,151,6,3,15,11,0,2,100,148,3,116,0,0,1,11,97,145,3,108,2,2,0,2,504,376
2008,62,5,1,374,384,21,19,1,0,0,378,377,20,14,1,364,370,19,14,0,1,3,4,396,337,20,12,0,0,4,0,371,342,22,14,0,390,362,18,0,341,315,41,8,0,5,6,1,1,9,0,19,6,4,2,0,0,4,6,338,304,42,7,5,0,5,8,4,25,13,0,0,3,0,2,2,2,2,330,302,15,6,34,25,5,3,308,314,11,157,0,1,2,2,295,303,11,140,8,4,4,1,1097,799
2008,62,6,1,137,113,8,11,1,0,3,133,112,9,10,0,133,108,8,10,0,0,1,0,153,86,19,8,0,0,1,1,137,94,15,9,0,140,95,14,0,123,82,18,7,0,0,3,0,0,2,0,9,0,2,8,0,0,0,3,129,81,14,7,2,0,2,5,0,8,4,0,0,0,2,0,1,1,0,118,78,11,4,17,10,3,3,110,89,3,69,0,0,0,1,103,84,3,56,8,3,2,3,326,273
2008,62,7,1,249,230,8,15,3,2,1,249,222,8,12,0,244,212,6,11,0,1,2,2,274,200,7,7,0,0,4,2,257,196,9,8,0,264,200,6,0,245,182,25,7,0,0,0,0,1,0,0,12,5,1,1,2,0,0,0,242,181,23,6,1,0,2,2,3,13,2,0,0,0,1,2,0,1,0,237,180,4,6,17,9,2,3,147,169,2,182,0,0,0,9,145,161,2,164,5,2,4,3,683,510
2008,62,8,1,107,167,25,10,0,2,0,107,161,25,8,0,105,158,24,8,3,0,1,0,124,143,24,5,0,0,8,3,115,140,25,4,0,115,141,25,0,102,134,31,4,0,2,2,0,0,0,0,7,0,1,0,0,0,3,0,100,125,30,3,5,0,1,1,1,9,4,0,0,0,0,0,2,1,0,95,124,20,3,15,13,4,1,82,114,8,103,0,0,0,5,77,110,8,91,4,3,3,1,417,312
2008,62,9,1,48,59,2,1,0,0,0,47,60,0,1,0,43,54,0,1,1,0,1,0,48,52,0,0,0,0,0,1,46,54,0,0,0,47,53,0,0,44,48,2,0,0,0,1,0,0,2,0,2,1,0,0,0,0,0,2,43,47,4,0,0,0,0,2,0,0,1,0,0,0,0,1,0,1,0,43,47,0,0,3,2,0,0,47,50,0,7,0,0,0,0,47,50,0,7,0,0,0,0,144,107
2008,62,10,1,125,166,6,10,3,0,0,126,164,6,8,2,122,160,6,8,0,3,0,1,127,154,7,12,0,1,4,0,122,155,7,12,0,124,156,7,0,117,141,14,9,0,2,2,0,0,0,1,7,3,0,0,1,0,0,0,115,139,13,7,2,0,1,4,0,10,2,0,0,0,0,0,1,1,0,110,137,7,7,10,12,0,4,120,147,1,40,0,0,0,0,114,147,1,38,0,1,0,0,408,309
2008,62,11,1,864,1184,59,57,11,3,1,899,1165,48,44,6,840,1130,43,40,9,9,9,16,1031,1016,33,45,0,0,8,4,893,1070,55,43,0,939,1146,39,0,773,889,142,24,2,13,17,7,9,21,5,94,55,5,5,5,1,14,20,751,858,121,23,46,0,18,37,11,124,49,2,4,4,0,7,6,3,14,722,815,28,16,129,161,7,16,843,922,26,365,0,1,9,6,803,905,26,324,32,16,3,4,2636,2180
2008,62,12,1,374,386,9,24,10,2,5,376,385,9,23,1,366,370,8,18,2,5,0,8,404,351,14,17,0,0,6,3,381,360,12,21,0,387,364,9,0,350,317,40,16,1,1,5,0,3,6,0,26,10,1,2,0,0,3,5,348,306,39,14,7,0,1,10,2,24,6,0,0,0,0,3,2,3,4,341,292,9,12,31,49,0,7,285,303,7,203,0,1,5,6,279,301,6,190,5,2,0,1,1148,815
2008,62,13,1,497,735,15,29,3,4,5,500,726,16,24,0,488,718,13,22,1,5,1,5,546,673,20,18,0,1,7,8,508,678,20,20,1,510,684,24,0,472,626,47,15,0,2,10,0,2,9,0,20,8,1,2,1,0,6,3,472,619,60,15,5,0,5,14,0,22,9,0,1,0,1,3,1,4,3,459,602,19,13,38,54,0,4,439,581,8,240,0,0,7,8,426,569,7,190,10,5,1,0,2064,1288
2008,62,14,1,597,624,22,39,4,1,6,598,606,23,37,2,576,592,20,36,4,2,1,3,651,531,21,27,0,0,10,6,605,554,24,32,0,595,577,19,0,542,477,75,22,0,9,10,2,2,3,3,42,15,5,0,4,0,11,10,544,468,82,22,11,0,4,21,7,50,12,0,0,4,0,2,4,2,4,517,457,19,20,67,50,0,6,532,477,13,246,0,0,0,23,506,460,11,229,15,10,0,3,1797,1296
2008,62,15,1,287,366,14,16,2,1,0,292,358,13,9,0,280,347,12,9,5,2,0,1,312,322,12,9,0,0,11,0,285,323,13,13,0,293,341,13,0,267,311,27,8,0,1,3,1,1,3,1,11,7,0,3,0,0,4,2,266,288,29,6,12,0,4,7,2,10,10,0,2,0,0,2,0,2,0,258,283,11,6,26,30,0,2,281,281,7,110,0,0,6,0,266,272,7,90,10,5,1,1,926,686
2008,62,16,1,58,109,6,5,0,1,0,59,105,6,5,0,53,101,6,4,1,1,0,0,65,96,3,4,0,0,4,0,60,100,4,4,0,61,100,5,0,57,93,8,2,0,0,3,0,0,1,0,0,1,0,0,0,0,1,0,59,92,7,2,0,0,0,4,0,3,2,0,0,0,0,0,0,2,0,57,89,3,2,2,7,1,0,61,88,3,27,0,0,1,0,57,85,3,25,0,0,0,1,232,181
2008,62,17,1,369,651,12,19,2,4,3,368,642,12,20,1,362,633,8,19,1,1,3,2,422,566,10,22,0,0,15,2,386,583,13,20,0,394,581,14,0,354,541,40,15,0,3,4,3,3,1,3,21,6,1,3,1,1,4,5,352,536,39,11,12,0,1,9,0,25,10,1,1,0,0,1,2,2,2,342,519,8,9,38,37,3,9,334,519,4,189,0,0,7,6,319,507,3,172,10,7,3,1,1396,1064
2008,62,18,1,225,248,8,11,0,2,1,233,242,6,5,0,221,238,6,5,2,0,2,4,263,204,7,7,0,0,3,2,233,213,8,11,0,239,224,7,0,222,189,17,8,0,1,1,0,0,3,0,18,7,0,0,1,0,2,2,227,187,16,8,3,0,2,1,0,16,7,0,0,0,0,1,1,1,0,215,183,5,7,15,17,0,1,231,182,5,71,0,0,2,2,224,177,3,69,1,6,1,0,653,495
2008,62,19,1,1142,1511,82,121,21,1,4,1157,1501,77,100,10,1115,1464,69,93,14,17,4,4,1265,1377,70,81,0,1,8,8,1180,1404,84,92,2,1191,1464,70,0,1026,1244,196,59,0,20,28,3,8,13,5,89,27,10,8,3,0,12,26,997,1220,187,52,39,0,28,46,6,107,27,0,4,5,0,10,4,13,11,960,1082,55,47,184,133,11,24,971,1217,39,631,0,0,5,7,932,1192,37,564,39,14,3,15,3796,2885
2008,62,20,1,943,1176,95,84,17,0,2,966,1162,84,71,8,926,1144,81,67,2,5,5,8,1037,1060,81,66,0,0,8,8,988,1063,87,71,0,999,1092,83,0,870,947,178,47,0,11,17,3,4,14,4,52,22,6,7,2,0,8,10,869,927,165,39,24,0,13,20,6,83,14,1,2,2,0,10,6,4,3,842,914,69,38,110,107,10,14,754,940,36,559,0,0,9,9,741,921,37,511,16,17,7,10,2978,2319
2008,62,21,1,1267,1316,47,77,19,3,4,1283,1278,49,69,6,1235,1247,41,60,8,10,6,10,1391,1139,43,59,0,2,10,13,1273,1173,59,72,4,1273,1223,48,0,1159,1047,147,51,1,9,16,1,4,14,1,66,39,1,9,7,1,10,14,1154,1012,150,41,29,1,5,28,15,73,42,0,2,1,1,4,7,13,10,1116,978,37,40,111,122,8,13,1194,1050,29,438,0,1,5,19,1144,1011,27,391,26,26,4,10,3745,2741
2008,62,22,1,707,1015,53,74,22,2,3,755,981,46,63,5,694,955,42,56,9,9,3,15,850,865,44,51,0,0,9,5,748,903,58,63,2,759,938,48,0,653,766,139,41,1,7,20,2,8,16,5,57,31,4,8,3,1,9,26,650,739,109,38,28,0,8,40,10,75,37,0,1,5,1,8,5,6,11,617,718,35,34,105,102,10,17,654,756,28,427,0,2,8,4,629,738,21,319,27,9,6,69,2421,1881
2008,62,23,1,440,572,36,43,9,1,3,454,563,31,41,1,427,551,29,34,5,7,3,7,491,519,29,31,0,0,2,4,443,527,38,32,0,458,558,31,0,385,448,89,20,0,6,5,5,1,10,2,32,20,5,3,1,0,7,7,386,428,80,16,36,1,4,13,3,43,8,0,0,1,1,3,2,0,10,367,412,24,13,62,90,7,13,383,465,22,229,0,2,1,2,370,454,21,206,10,11,3,3,1373,1105
2008,62,24,1,96,143,9,12,2,2,0,99,141,7,11,1,96,140,7,11,0,1,1,0,114,127,8,7,0,0,1,2,100,136,11,8,0,95,136,10,0,82,120,19,7,0,1,1,0,1,1,0,10,3,1,0,0,0,1,3,80,116,24,7,4,0,0,3,0,8,3,0,0,0,0,1,1,0,1,76,111,8,6,17,20,0,1,76,110,5,68,0,0,3,0,72,109,5,58,4,7,0,0,349,264
2008,62,25,1,153,225,13,6,6,0,2,153,220,13,7,3,146,215,13,5,2,2,1,3,166,200,14,8,0,0,1,3,156,203,16,4,0,159,208,14,0,136,182,29,7,0,3,5,0,4,3,1,5,1,0,0,1,0,1,2,133,181,30,7,7,0,0,7,0,8,1,0,0,1,0,0,1,3,0,132,174,13,4,18,19,1,3,133,167,6,93,0,0,0,3,128,164,6,88,1,4,0,3,542,408
2008,62,26,1,649,684,26,35,11,1,7,650,666,24,31,2,633,651,21,30,3,5,0,4,722,576,23,19,0,3,17,11,682,578,24,24,0,691,583,23,0,635,516,80,16,0,2,10,1,4,7,1,22,11,0,1,3,0,2,2,645,500,78,16,8,1,4,14,1,20,16,0,2,3,1,3,2,3,1,617,492,21,15,56,56,1,1,591,430,15,357,0,1,6,13,567,420,15,335,7,7,0,3,2214,1411
2008,62,27,1,415,620,36,28,5,0,2,407,603,39,28,2,397,584,34,24,2,3,3,2,446,552,41,26,0,3,8,3,416,553,43,27,0,425,560,40,0,363,505,83,21,0,0,11,0,3,4,1,25,7,0,3,1,3,5,6,364,504,80,20,5,0,3,5,3,33,9,0,0,0,0,4,3,6,2,350,492,32,18,48,47,6,6,396,453,15,229,0,0,4,7,380,441,15,202,6,11,3,1,1722,1107
2008,62,28,1,295,412,15,14,16,1,5,297,408,14,14,4,292,397,13,10,4,8,0,2,330,367,11,13,0,2,4,10,311,377,11,13,2,315,378,11,0,287,337,32,9,0,1,18,0,1,6,0,19,5,0,0,0,0,3,4,287,331,35,10,4,0,0,20,0,16,7,0,0,0,0,2,1,3,2,277,324,10,10,23,37,2,2,267,314,9,157,0,2,0,7,259,308,8,149,6,6,0,3,1207,759
2008,62,29,1,283,234,9,13,5,0,2,280,232,10,10,1,275,225,8,9,2,1,3,0,303,212,9,8,0,1,2,0,289,217,10,11,0,291,220,8,0,256,187,32,8,1,1,4,0,0,10,0,15,4,0,0,1,0,3,3,262,188,28,8,4,0,1,7,0,13,2,0,0,2,1,0,0,1,0,251,185,8,8,33,20,1,1,259,197,7,80,0,0,0,1,250,195,6,71,4,3,1,0,848,547
2008,62,30,1,532,630,8,29,4,3,2,529,615,8,22,1,524,607,7,21,2,1,2,1,583,554,14,23,0,0,11,5,545,559,15,24,0,550,566,16,0,517,507,38,19,0,8,5,0,1,6,2,18,7,0,3,1,0,2,8,512,507,38,16,6,0,2,10,0,28,8,1,0,0,1,0,2,4,1,500,496,11,15,40,36,4,4,522,465,24,187,0,0,1,6,507,458,3,192,9,8,1,0,1760,1210
2008,62,31,1,184,165,10,7,5,1,2,180,164,10,6,0,179,159,9,4,2,1,0,2,191,148,7,4,0,0,5,3,182,147,8,5,0,188,147,8,0,171,133,19,4,0,0,3,0,0,6,0,8,4,0,2,0,1,1,0,170,131,15,3,4,0,3,8,0,7,6,1,0,0,0,1,0,4,0,164,128,6,3,13,13,2,1,161,124,4,78,0,0,0,4,153,117,4,70,3,2,1,3,559,374
2008,62,32,1,721,955,34,51,7,4,3,739,922,30,49,1,708,904,28,44,8,5,3,5,801,837,25,37,0,4,6,9,745,859,34,42,2,753,865,33,0,690,778,82,28,0,4,12,0,5,8,0,40,19,3,8,1,0,3,9,680,761,82,28,13,0,5,19,4,56,18,0,0,3,0,7,5,4,4,658,740,23,27,73,71,4,3,616,720,15,395,0,1,4,12,597,709,13,362,9,10,3,10,2406,1775
2008,62,33,1,271,314,9,21,3,2,1,277,308,9,17,0,263,299,8,16,1,2,0,3,307,274,8,15,0,1,3,1,278,281,10,18,1,277,291,8,0,255,242,37,12,1,1,3,1,0,3,0,21,9,2,1,2,0,1,1,247,235,36,12,8,1,2,11,2,20,5,0,0,0,0,1,0,3,2,244,228,7,11,22,38,1,5,256,235,5,119,0,0,2,4,251,231,5,111,0,2,0,1,803,621
2008,62,34,1,1222,1397,71,101,12,1,7,1242,1370,64,87,6,1199,1336,58,79,10,8,15,6,1347,1215,66,73,0,0,13,12,1268,1218,79,78,1,1294,1272,66,0,1152,1090,200,60,1,5,23,3,9,18,4,53,26,0,10,3,0,13,9,1145,1078,182,49,27,0,9,29,2,69,30,0,3,7,1,4,4,8,8,1104,1027,57,53,127,138,8,14,1075,1069,40,609,0,0,4,14,1033,1048,39,553,33,14,6,10,3756,2809
2008,62,35,1,441,738,30,22,13,2,0,458,732,23,14,6,427,700,21,13,4,5,3,7,521,662,20,13,0,1,4,3,449,690,36,18,0,455,730,23,0,401,593,76,12,0,9,19,2,5,8,1,37,22,3,5,7,2,5,13,379,569,66,8,23,0,15,30,1,49,18,0,1,1,0,5,7,4,5,361,539,18,7,78,111,2,4,451,594,10,185,0,0,1,4,423,575,7,161,17,19,5,3,1661,1248
2008,62,36,1,445,623,30,26,7,0,2,464,621,22,20,3,439,605,21,17,1,5,7,1,506,558,25,15,0,1,1,2,453,587,26,21,1,447,631,25,0,398,498,61,13,0,4,12,0,5,20,1,41,14,2,3,6,0,8,13,379,478,54,11,45,0,7,18,5,48,18,0,1,3,0,5,4,3,8,359,448,14,10,78,108,7,4,444,507,10,169,0,0,0,2,406,492,8,148,19,24,2,19,1354,1135
2008,62,37,1,610,736,48,43,11,3,1,616,723,50,38,5,598,709,43,34,2,5,1,3,654,676,47,43,0,1,4,5,614,683,54,49,2,628,697,47,0,578,613,94,32,1,3,7,4,5,12,2,26,10,2,5,2,0,2,13,566,601,95,30,3,3,4,16,6,31,13,0,0,2,2,2,3,3,6,555,584,42,29,48,66,5,6,574,606,26,237,0,0,2,6,549,598,26,211,10,9,4,2,1844,1457
2008,62,77,1,47,199,4,5,0,9,2,49,188,4,5,0,46,177,4,4,0,1,0,1,57,165,5,3,0,0,9,5,56,166,5,3,0,58,168,6,0,50,154,14,3,0,0,7,0,1,1,0,3,1,0,0,1,1,0,1,50,110,11,3,1,1,2,56,1,1,3,0,0,0,0,1,1,0,0,49,107,4,3,6,54,0,0,83,136,4,27,0,0,10,0,77,129,4,24,0,2,0,0,0,267
2008,62,78,1,121,167,9,10,2,2,1,126,160,8,7,0,117,155,7,5,3,2,4,1,64,64,2,1,0,0,0,40,57,68,2,1,0,57,73,2,0,52,66,9,0,0,1,0,0,0,0,0,3,0,0,0,0,0,2,0,50,63,8,0,1,0,1,2,0,3,1,0,0,0,1,0,0,3,0,50,60,2,0,5,5,0,1,59,64,2,35,0,0,0,18,58,61,2,31,1,4,0,1,0,319
2008,62,79,1,3,1,0,0,0,0,2,3,1,0,0,0,3,1,0,0,0,0,0,0,4,4,0,0,0,0,0,2,4,4,0,0,0,4,4,0,0,4,2,0,0,0,0,1,0,0,0,0,0,1,0,0,0,0,0,0,4,2,0,0,0,0,0,1,0,0,1,0,0,0,0,0,0,0,0,4,2,0,0,0,2,0,0,2,1,0,0,0,0,0,2,2,1,0,0,0,0,0,0,0,6
2008,62,81,1,35,72,6,6,1,0,3,36,72,5,7,0,35,72,5,6,0,0,0,1,40,68,6,5,0,0,0,5,36,69,6,4,0,38,70,7,0,36,61,5,5,0,0,2,0,0,2,0,3,0,0,0,0,0,1,0,36,60,6,5,0,0,0,2,0,3,1,0,0,0,0,0,0,1,0,35,60,4,4,2,5,1,1,39,63,4,15,0,0,0,2,39,63,4,14,0,0,0,1,0,45
2008,63,1,1,132,111,0,2,1,4,0,131,110,0,2,0,129,105,0,2,0,0,0,0,144,90,0,0,0,0,7,3,139,86,0,1,0,141,88,0,1,136,84,4,1,0,2,0,0,1,0,0,0,0,0,0,2,0,2,0,137,87,2,1,0,0,1,2,0,1,0,0,1,0,0,2,0,0,0,135,84,0,1,3,2,0,0,166,75,3,0,0,0,4,1,158,73,3,0,0,2,0,0,362,251
2008,63,2,1,464,629,12,18,4,2,2,466,616,13,16,1,457,606,11,14,2,2,1,4,591,507,15,0,0,0,2,4,519,543,15,16,0,512,538,12,15,502,507,34,8,0,2,4,0,4,6,1,2,0,1,2,12,0,19,1,475,500,38,10,4,0,2,10,0,2,0,0,7,4,1,17,3,3,7,469,462,10,4,33,64,1,5,635,470,16,0,0,2,2,1,577,463,11,0,36,14,6,0,1415,1132
2008,63,3,1,997,1651,47,50,11,4,3,1001,1620,47,44,4,975,1603,43,39,4,10,2,6,1141,1470,44,0,0,0,24,20,1076,1474,41,47,0,1073,1477,39,38,1014,1414,91,31,0,5,14,2,2,15,1,1,8,1,3,14,1,32,1,999,1406,104,33,9,0,8,24,0,8,1,0,4,1,1,25,9,7,8,993,1363,37,27,54,80,2,7,1363,1333,37,0,0,7,3,16,1301,1306,37,0,13,26,3,0,3754,2767
2008,63,4,1,391,384,9,10,2,0,2,393,373,10,8,0,381,369,8,8,0,4,0,1,473,300,7,0,0,1,3,3,415,330,8,11,0,418,325,7,9,395,300,31,7,0,1,3,1,1,2,0,0,4,0,2,3,0,19,1,393,301,29,9,1,0,2,7,0,1,0,0,1,1,0,14,0,2,2,386,270,6,5,24,50,1,3,486,294,8,0,0,0,4,3,458,293,8,0,8,10,1,0,987,800
2008,63,5,1,1066,1295,54,56,11,2,1,1070,1261,51,51,4,1032,1236,49,48,5,7,4,8,1292,1050,43,0,0,0,12,4,1167,1085,49,52,0,1156,1082,47,45,1082,1006,121,26,1,5,16,0,4,13,4,2,12,8,7,13,1,35,2,1068,983,130,33,17,0,5,27,0,10,5,0,3,2,1,44,3,6,12,1052,948,38,19,71,94,8,19,1493,934,30,0,0,1,4,9,1423,919,29,0,17,21,2,0,3250,2485
2008,63,6,1,255,526,12,7,3,0,2,254,518,12,6,0,250,509,11,6,1,1,1,1,272,502,13,0,0,0,3,1,268,499,11,9,0,271,494,11,8,258,479,27,6,0,2,2,0,1,1,0,0,0,1,0,3,0,4,0,255,480,23,7,1,0,0,4,0,0,0,0,0,1,0,7,0,1,0,249,474,10,5,13,14,2,2,322,471,9,0,0,0,3,1,311,456,6,0,1,6,3,0,1033,806
2008,63,7,1,661,979,23,33,11,2,5,664,961,21,30,2,648,944,17,26,3,3,3,1,711,924,20,0,0,2,10,12,687,902,21,35,1,685,905,21,30,636,856,56,17,0,2,9,1,3,6,1,8,10,1,2,9,1,25,3,624,843,51,21,13,1,2,11,0,4,2,0,5,2,3,40,6,2,10,611,827,18,14,62,56,2,5,810,863,19,0,0,4,4,6,771,840,18,0,15,14,3,0,2310,1715
2008,63,8,1,1277,1619,62,65,11,2,4,1302,1603,53,53,4,1260,1571,48,46,11,8,5,6,1443,1438,62,0,0,8,17,7,1373,1451,53,58,1,1367,1448,53,45,1240,1298,179,34,0,11,14,0,9,35,2,5,14,2,1,34,3,63,4,1238,1294,159,37,25,0,5,25,0,12,1,0,5,6,1,109,6,1,26,1178,1230,45,25,136,169,5,7,1662,1305,47,0,0,5,11,11,1596,1272,46,0,18,27,6,0,3859,3043
2008,63,9,1,455,793,17,15,17,2,1,460,796,15,17,5,450,786,15,14,2,7,0,1,494,754,21,0,0,2,2,1,484,748,21,18,2,485,751,20,13,447,715,50,8,1,1,6,0,5,11,1,0,2,0,0,7,0,21,0,431,705,37,17,12,0,2,5,0,2,3,0,1,3,1,34,5,0,5,422,693,17,10,52,47,3,3,537,726,17,0,0,5,8,5,521,709,17,0,9,8,1,0,1553,1301
2008,63,10,1,1030,1038,21,58,12,6,6,1038,1007,21,47,2,1007,980,19,45,6,5,3,5,1177,849,25,0,0,3,15,8,1143,850,24,39,1,1140,850,21,36,1068,790,90,31,0,7,11,0,7,19,5,0,9,2,2,17,1,24,1,1051,793,82,30,14,0,8,15,0,6,7,0,2,4,4,35,2,3,7,1035,750,18,25,71,73,0,8,1508,628,9,0,0,2,6,7,1430,617,8,0,16,20,2,0,3087,2169
2008,63,11,1,805,752,30,38,7,2,7,818,729,33,27,3,789,715,28,24,3,3,3,6,908,636,30,0,0,0,8,9,865,635,24,32,0,865,640,24,27,793,581,77,21,1,7,5,1,2,11,1,3,5,1,4,21,1,34,1,774,577,72,25,8,0,3,13,0,8,7,0,4,3,1,48,8,4,4,764,656,26,19,70,59,1,6,1082,533,15,0,0,2,2,7,1037,579,14,0,8,12,3,0,2163,1643
2008,63,12,1,458,559,11,31,5,1,4,461,548,10,25,1,446,534,9,25,4,6,1,1,517,479,19,0,0,0,6,6,493,483,19,28,0,486,479,18,25,442,434,54,15,0,3,11,0,3,6,3,2,9,3,1,14,0,19,1,431,433,59,19,6,0,3,17,1,4,1,0,1,3,0,26,2,0,7,426,413,17,13,43,44,0,8,693,364,8,0,0,0,1,1,661,361,8,0,2,14,1,0,1489,1069
2008,63,13,1,158,314,4,7,3,0,6,163,303,5,5,1,155,298,3,4,1,3,1,0,186,281,5,0,0,1,2,2,177,282,5,7,1,174,278,4,5,162,261,15,3,0,1,4,0,0,2,0,0,2,0,2,4,0,10,0,159,258,11,4,2,0,0,9,0,1,2,0,0,0,0,11,2,0,2,156,247,2,3,16,23,1,0,227,253,3,0,0,0,1,0,217,235,3,0,2,16,0,0,639,488
2008,63,14,1,170,174,12,8,0,2,2,175,168,11,7,0,170,168,9,7,2,1,0,1,189,163,6,0,0,0,2,2,186,161,7,8,0,188,161,8,6,176,149,15,5,0,1,1,0,2,0,0,0,1,1,0,4,1,4,0,176,146,16,6,1,0,1,3,0,1,1,0,0,0,0,4,0,1,0,175,144,6,4,7,13,0,1,232,129,4,0,0,0,1,1,217,125,4,0,5,6,0,0,500,369
2008,63,15,1,833,1278,22,55,11,2,4,828,1250,26,47,2,803,1222,21,37,111,7,3,12,927,1122,31,0,0,1,20,6,878,1117,28,54,2,867,1129,28,52,817,1032,79,35,0,7,16,2,11,16,5,5,9,3,2,26,1,34,2,788,1029,87,36,10,0,6,27,0,9,5,0,4,5,0,41,7,20,11,772,992,26,31,79,80,1,10,1288,886,14,0,0,4,7,7,1206,869,14,0,8,32,5,0,3296,2208
2008,63,77,1,14,104,0,0,0,2,0,15,98,0,0,0,14,93,0,0,0,0,0,0,20,79,1,0,0,0,7,0,19,80,0,1,0,19,80,0,1,18,75,3,1,0,0,0,0,0,0,0,0,0,0,1,2,0,1,0,17,76,1,1,1,0,0,2,0,1,0,0,1,1,0,1,0,0,0,17,71,0,1,1,8,0,0,56,56,0,0,0,0,6,0,50,54,0,0,0,2,0,0,0,120
2008,63,78,1,43,79,2,3,0,1,1,43,74,3,3,0,42,71,2,2,0,0,0,0,14,12,0,0,0,0,3,23,13,12,0,1,0,13,12,0,1,13,11,0,1,0,0,0,0,0,1,0,0,0,0,0,0,0,0,0,13,12,0,1,0,0,0,0,0,0,0,0,0,0,0,0,0,0,0,13,11,0,1,0,1,0,0,16,13,0,0,0,0,0,23,16,13,0,0,0,0,0,0,0,129
2008,63,81,1,121,133,5,7,4,0,2,121,132,5,5,0,119,132,5,5,0,0,0,0,127,131,6,0,0,0,3,1,123,132,6,4,0,124,130,6,3,120,128,9,3,0,1,0,0,0,0,0,0,1,0,0,0,0,4,0,120,127,7,3,1,0,0,0,0,1,0,0,0,0,0,4,0,0,0,119,125,6,3,4,5,0,0,144,121,5,0,0,0,2,1,137,119,5,0,1,0,0,0,0,272
2008,64,1,1,436,579,8,22,8,0,0,446,572,5,12,0,430,560,5,12,2,2,0,2,494,503,6,0,0,0,7,10,481,510,5,11,1,480,508,5,7,468,489,26,7,0,10,1,0,0,5,2,0,0,0,0,1,0,0,4,478,485,24,6,2,0,0,5,0,0,2,1,4,0,0,0,2,0,2,466,479,5,6,7,18,0,0,648,376,6,0,0,13,0,6,624,368,6,0,1,13,1,0,1410,1054
2008,64,2,1,829,444,38,46,5,8,7,833,425,38,45,3,810,416,36,40,3,3,3,5,901,381,38,0,0,0,11,6,868,375,33,31,1,847,377,34,28,808,348,77,18,1,31,13,1,6,9,3,1,0,2,2,6,1,3,2,842,352,72,19,0,0,2,4,0,2,1,0,6,2,0,3,0,2,4,802,339,30,16,45,26,2,4,1013,326,30,0,0,2,11,5,982,306,29,0,17,4,2,0,1811,1391
2008,64,77,1,2,6,2,0,0,2,0,2,5,2,0,0,2,5,2,0,0,0,0,0,2,4,2,0,0,0,3,0,2,4,2,0,0,2,4,2,0,2,4,2,0,0,0,0,0,0,0,0,0,0,0,0,0,0,0,0,2,4,2,0,0,0,0,0,0,0,0,0,0,0,0,0,0,0,0,2,4,2,0,0,0,0,0,7,2,1,0,0,0,2,0,6,2,1,0,0,0,0,0,0,12
2008,64,78,1,9,6,0,0,0,0,0,9,6,0,0,0,9,5,0,0,0,0,0,0,7,1,0,0,0,0,0,0,7,1,1,0,0,7,1,1,0,7,1,1,0,0,0,0,0,0,0,0,0,0,0,0,0,0,0,0,7,1,1,0,0,0,0,0,0,0,0,0,0,0,0,0,0,0,0,7,1,0,0,0,0,0,0,8,1,0,0,0,0,0,0,8,1,0,0,0,0,0,0,0,15
2008,64,81,1,30,16,0,0,0,0,0,30,16,0,0,0,29,16,0,0,0,0,0,0,33,13,0,0,0,0,0,0,33,13,0,0,0,33,13,0,0,32,13,1,0,0,0,0,0,0,0,0,0,0,0,0,0,0,0,0,32,13,1,0,0,0,0,0,0,0,0,0,0,0,0,0,0,0,0,32,13,0,0,0,0,0,0,32,14,0,0,0,0,0,0,32,13,0,0,1,0,0,0,0,46
2008,65,1,1,558,586,25,17,1,3,3,556,576,25,14,0,550,571,21,13,2,0,2,0,612,533,20,0,0,0,8,2,590,536,17,13,0,588,542,17,8,566,511,37,6,0,5,1,0,1,3,0,2,2,1,3,8,0,12,1,564,504,36,9,3,0,4,2,0,1,1,0,2,1,0,18,8,0,3,560,495,17,6,20,37,0,1,695,485,11,0,0,0,2,0,665,478,11,0,10,5,1,0,1426,1195
2008,65,2,1,107,40,0,0,0,0,0,107,39,0,0,0,106,39,0,0,0,1,0,0,110,36,0,0,0,0,1,0,109,35,0,2,0,109,36,0,1,108,36,0,1,0,1,0,0,0,0,0,0,0,0,0,0,0,0,0,107,36,1,1,0,0,0,0,0,0,0,0,0,0,1,0,1,0,0,107,35,0,1,2,1,0,0,109,38,0,0,0,0,0,1,107,38,0,0,1,0,0,0,176,148
2008,65,3,1,809,835,24,28,0,0,1,822,825,18,22,0,804,818,18,20,1,3,4,2,890,752,31,0,0,0,6,4,857,762,26,15,0,857,761,28,11,823,744,50,9,0,0,2,0,0,3,0,2,1,0,1,2,0,16,4,807,707,60,9,4,0,0,2,0,2,1,0,3,5,0,30,15,1,12,807,694,26,6,40,59,0,4,916,756,22,0,0,1,1,2,886,741,21,0,15,9,2,0,2079,1699
2008,65,4,1,126,578,4,7,0,1,1,128,571,4,6,0,124,568,4,6,0,1,0,0,138,555,7,0,0,0,7,1,134,554,6,4,0,135,557,6,3,128,515,14,3,0,0,0,1,0,26,0,1,1,0,2,0,0,6,1,128,524,16,3,3,0,1,0,2,1,1,0,0,5,1,6,4,0,3,125,500,6,3,5,51,0,0,158,550,6,0,0,1,2,0,150,540,6,0,2,8,0,0,861,717
2008,65,5,1,132,279,7,2,0,3,0,136,275,5,1,0,131,275,5,1,0,1,0,0,146,253,8,0,0,0,6,0,140,256,5,1,0,143,256,5,1,135,248,12,1,0,0,0,0,0,0,0,0,0,0,1,0,0,2,0,135,246,12,1,1,0,1,1,0,0,0,0,0,0,0,2,0,0,1,134,244,5,1,3,8,0,0,175,242,3,0,0,0,2,0,167,241,3,0,2,4,0,0,504,424
2008,65,6,1,259,373,3,8,1,1,1,261,370,3,7,0,255,368,3,6,1,0,0,0,274,355,4,0,0,0,6,1,267,352,4,5,0,270,352,4,3,260,349,8,3,0,1,0,0,0,1,0,0,0,0,0,0,0,8,1,259,346,11,3,1,0,1,0,0,0,0,0,2,0,0,8,2,0,2,258,343,3,3,5,7,1,1,318,326,1,0,0,0,1,1,309,325,1,0,3,1,0,0,812,647
2008,65,7,1,611,848,22,24,1,4,3,608,843,22,19,0,601,836,21,19,5,0,0,2,665,793,18,0,0,0,11,4,645,787,17,21,0,641,794,18,19,614,765,43,12,0,2,1,0,1,7,2,1,6,0,0,3,1,11,1,606,738,47,14,3,0,0,2,1,3,1,0,0,5,0,22,10,0,11,595,731,15,11,40,44,2,4,744,747,14,0,0,0,5,1,719,686,14,0,7,10,0,0,1877,1514
2008,65,8,1,289,439,4,15,0,1,3,296,433,3,12,0,287,427,3,12,2,3,0,2,311,415,5,0,0,0,4,4,310,411,3,9,0,310,416,3,8,298,400,13,8,0,5,1,0,0,3,0,0,0,0,0,4,0,3,0,292,394,13,8,4,0,1,3,0,2,2,0,0,0,0,8,4,0,0,286,391,3,7,21,18,0,1,349,395,5,0,0,0,1,2,339,390,5,0,5,6,0,0,898,752
2008,65,9,1,68,215,1,0,3,1,1,68,216,1,0,1,67,214,1,0,0,2,0,0,78,203,1,0,0,0,2,0,77,201,1,1,0,77,201,1,1,75,196,2,1,0,0,0,0,0,2,0,0,0,0,0,3,0,1,0,73,194,4,1,1,0,1,0,0,0,0,0,1,0,0,1,3,0,0,72,195,1,1,4,6,0,0,95,191,1,0,0,0,0,0,90,188,1,0,0,2,0,0,362,289
2008,65,10,1,160,229,0,0,0,1,1,159,227,0,0,0,158,225,0,0,1,0,0,0,172,214,0,0,0,0,2,1,171,214,0,0,0,170,214,0,0,168,214,2,0,0,0,0,0,0,0,0,0,0,0,0,0,0,0,0,167,213,3,0,1,0,0,0,0,0,0,0,0,0,0,3,0,0,0,167,212,0,0,3,2,0,0,203,189,0,0,0,0,1,0,195,189,0,0,1,0,0,0,504,393
2008,65,11,1,265,436,7,20,3,2,1,268,362,7,18,0,259,426,7,17,1,3,0,0,308,386,12,0,0,0,5,2,298,387,9,19,0,297,387,10,17,276,374,26,15,0,2,0,0,1,2,0,2,1,0,3,5,0,8,0,269,363,29,12,3,0,2,0,0,2,1,0,0,2,0,13,8,1,4,268,355,9,12,16,24,0,3,381,343,7,0,0,0,1,2,361,336,6,0,10,3,1,0,928,736
2008,65,12,1,789,1226,31,24,4,2,10,788,1207,32,23,0,775,1200,30,20,4,3,1,0,871,1125,35,0,0,1,17,9,829,1124,30,20,0,833,1125,28,15,797,1099,68,10,0,3,0,0,1,1,1,0,3,1,1,8,1,13,1,787,1075,73,15,3,0,5,3,0,1,2,0,2,1,0,21,7,0,12,779,1060,26,10,33,53,1,3,984,1074,13,0,0,0,3,7,938,1058,13,0,8,10,2,0,2678,2086
2008,65,13,1,587,697,17,23,5,1,2,593,694,14,17,1,581,686,14,16,2,1,0,4,634,638,22,0,0,0,9,5,611,639,17,22,0,614,644,17,17,588,611,43,10,0,3,0,0,1,3,2,3,1,1,4,5,0,19,2,585,611,45,14,6,0,2,2,0,1,3,1,1,2,0,22,8,0,6,574,585,13,8,33,45,1,5,728,585,9,0,0,1,1,2,712,574,8,0,4,8,1,0,1665,1333
2008,65,14,1,365,388,20,7,3,1,3,369,386,19,3,1,360,381,19,3,3,2,0,3,388,365,19,0,0,2,3,5,379,365,18,7,0,379,369,18,3,366,351,22,4,0,0,4,0,0,3,0,0,2,0,1,1,0,14,1,346,339,26,2,3,0,0,1,0,0,1,0,0,1,0,34,4,0,3,343,335,16,1,32,25,2,3,436,327,16,0,0,0,2,4,418,321,15,0,10,3,2,0,966,787
2008,65,15,1,689,1044,39,33,12,1,4,701,1034,38,25,2,680,1021,36,24,4,10,3,7,800,944,47,0,0,2,6,3,748,955,44,34,0,749,962,44,26,706,913,75,18,0,4,1,1,1,13,1,0,7,0,2,12,0,24,4,686,889,72,19,9,0,3,5,0,3,2,0,2,2,0,39,16,0,14,681,863,40,11,49,75,3,8,849,930,35,0,0,1,2,5,799,910,33,0,18,16,2,0,2254,1824
2008,65,16,1,441,528,7,10,3,3,1,448,524,8,7,0,437,516,7,7,2,4,0,3,469,509,7,0,0,0,4,3,458,508,7,10,0,457,510,6,8,436,492,25,8,0,0,0,0,2,4,0,0,0,1,1,4,1,8,0,434,484,20,9,5,0,2,0,0,0,3,1,0,2,0,16,1,0,6,429,477,5,7,25,26,1,0,497,499,3,0,0,1,3,2,484,482,2,0,2,10,1,0,1218,1003
2008,65,17,1,119,26,0,4,1,0,0,120,26,0,4,0,118,25,0,4,0,0,0,0,127,22,0,0,0,0,1,0,121,22,0,1,0,122,22,0,0,119,21,1,0,0,1,0,0,0,1,0,0,0,0,0,0,0,1,0,114,21,2,0,0,0,1,0,0,3,0,0,0,0,0,0,1,0,0,113,20,0,0,8,2,0,1,128,20,1,0,0,0,0,0,125,17,1,0,0,4,0,0,183,150
2008,65,77,1,8,37,0,1,0,4,0,8,35,0,1,0,8,33,0,1,0,0,0,0,7,34,1,0,0,0,5,0,7,34,0,1,0,7,34,0,1,7,34,3,0,0,0,0,0,0,0,0,0,0,0,0,0,0,0,0,6,31,1,1,0,0,1,0,0,0,0,0,0,0,0,0,2,0,1,6,31,0,0,1,3,0,0,16,29,0,0,0,0,4,0,15,27,0,0,0,0,0,0,0,50
2008,65,78,1,31,34,1,0,0,1,0,31,33,1,0,0,31,32,1,0,0,0,0,0,19,15,2,0,0,0,0,0,19,15,2,0,0,19,15,2,0,18,14,2,0,0,1,0,0,0,1,0,0,0,0,0,0,0,0,0,18,15,2,0,0,0,0,0,0,0,0,0,0,0,0,1,1,0,0,18,14,2,0,0,1,0,0,20,16,1,0,0,0,1,0,20,15,1,0,0,0,0,0,0,67
2008,65,81,1,163,227,5,1,0,0,0,163,227,5,1,0,163,227,5,1,0,0,0,0,170,214,6,0,0,0,3,0,167,213,7,3,0,168,213,6,3,164,210,8,2,0,0,0,0,0,1,0,0,1,0,0,2,0,1,1,163,209,10,3,1,0,0,0,0,2,0,0,0,1,0,0,2,0,0,163,208,6,2,2,5,0,0,183,205,5,0,0,0,2,0,182,203,5,0,0,2,0,0,0,397
2008,66,1,1,262,271,2,11,2,4,0,263,270,2,10,0,259,266,2,9,0,1,0,1,270,255,3,0,0,2,4,1,257,267,2,9,1,272,249,2,9,261,241,5,8,0,0,1,0,0,0,2,0,3,1,1,3,1,0,4,238,233,6,8,2,0,0,5,0,1,7,0,2,3,1,0,0,20,1,235,229,2,8,26,22,0,0,267,272,9,0,0,0,4,1,267,264,9,0,2,0,0,0,681,553
2008,66,2,1,419,427,15,21,3,1,1,426,421,14,16,3,418,418,14,15,1,0,1,3,437,414,11,0,0,0,4,2,410,437,9,11,0,454,397,7,7,414,390,26,7,0,0,0,0,2,1,0,2,3,3,0,3,0,2,4,395,382,20,9,7,0,0,6,0,0,6,0,0,2,0,3,2,28,2,387,376,7,2,24,30,3,3,428,440,12,0,0,4,2,1,421,434,10,0,3,2,2,0,1041,888
2008,66,3,1,390,384,7,7,2,2,3,397,379,7,6,0,386,376,6,5,4,2,1,1,407,364,8,0,0,1,2,2,390,383,5,5,0,433,348,4,2,395,355,13,3,0,0,0,0,0,6,0,0,2,2,0,0,0,1,3,381,350,14,6,2,0,0,1,0,1,3,0,0,4,0,0,0,16,0,374,334,3,1,19,31,3,2,398,386,8,0,0,0,1,2,393,375,7,0,4,9,1,0,972,795
2008,66,4,1,540,701,12,9,5,2,3,543,696,12,8,0,532,691,11,7,1,4,3,2,560,664,12,0,0,0,7,5,548,685,11,5,0,573,656,10,5,538,646,26,4,1,0,0,0,0,3,0,4,2,0,3,0,0,2,7,522,638,25,4,5,0,1,1,1,1,4,0,1,1,0,1,0,29,1,519,626,8,4,26,35,2,0,544,708,9,0,0,0,9,2,533,697,8,0,2,6,0,0,1543,1276
2008,66,5,1,171,132,0,3,0,4,0,174,131,0,1,0,169,130,0,1,0,0,0,0,170,126,2,0,0,0,6,1,161,137,2,0,0,175,124,2,0,169,120,4,0,0,2,0,0,1,0,0,0,1,0,1,0,0,0,3,152,122,4,0,1,0,0,0,0,2,0,0,0,0,0,0,0,15,0,150,119,2,0,14,4,0,0,162,143,2,0,0,0,3,0,160,138,1,0,1,1,0,0,369,310
2008,66,6,1,497,696,4,12,1,1,2,498,690,4,9,0,489,684,4,9,0,2,1,1,514,668,9,0,0,1,5,2,499,684,2,6,0,525,658,4,5,499,643,11,3,0,2,1,2,1,4,0,2,4,1,1,0,1,2,10,478,630,12,6,5,0,0,3,1,2,10,0,1,5,0,2,2,19,6,466,615,2,3,30,43,2,1,497,714,4,0,0,0,2,2,486,691,3,0,7,5,1,0,1469,1215
2008,66,7,1,353,1126,6,20,19,2,2,357,1118,6,18,3,348,1106,5,17,1,5,1,1,364,1082,13,0,0,4,6,4,338,1161,8,12,1,387,1059,8,11,341,1028,17,10,0,0,3,0,4,7,2,2,11,2,3,3,0,0,18,330,921,19,12,11,0,1,5,0,1,19,0,0,14,0,0,1,21,3,315,998,7,7,24,58,1,4,364,1140,6,0,0,2,5,6,357,1122,5,0,3,2,1,0,1815,1528
2008,66,8,1,141,425,1,7,2,2,2,140,424,1,7,0,139,421,0,6,0,1,2,0,147,397,5,0,0,0,6,9,135,422,2,5,0,153,389,2,4,135,391,7,5,0,0,2,1,1,0,0,0,3,1,0,4,0,0,6,133,385,6,7,1,0,0,4,0,1,4,0,0,7,0,0,0,7,1,132,367,0,4,5,34,3,0,142,433,0,0,0,0,4,2,141,426,0,0,0,1,0,0,688,581
2008,66,9,1,270,223,1,7,3,1,1,267,219,1,8,0,263,217,1,6,0,1,0,1,273,214,1,0,0,0,4,0,270,218,1,3,0,274,213,1,3,269,205,8,2,0,0,0,0,0,1,0,0,2,0,0,0,0,0,4,263,203,7,2,1,0,0,1,0,2,6,0,0,2,0,0,0,2,0,262,203,1,2,7,4,0,1,263,237,3,0,0,0,2,1,259,226,2,0,4,0,0,0,642,507
2008,66,10,1,269,216,4,2,3,0,1,273,214,2,2,0,266,210,2,2,1,4,0,0,268,212,4,0,0,0,6,1,268,211,3,1,0,269,202,2,1,266,193,7,1,0,2,2,0,0,0,0,1,6,0,0,1,0,1,3,263,194,7,2,1,0,0,1,0,1,5,0,2,2,0,0,1,4,0,263,191,2,1,2,7,0,1,265,221,4,0,0,0,2,3,263,219,3,0,1,0,0,0,639,496
2008,66,11,1,39,112,1,1,0,2,3,38,112,1,0,0,38,112,1,0,0,0,0,0,43,105,0,0,0,0,2,1,40,105,0,3,0,43,103,0,2,37,106,1,2,0,2,1,0,0,0,0,0,0,0,0,0,0,0,0,36,103,2,2,1,0,0,0,0,0,1,0,1,0,0,0,0,2,0,36,101,0,2,1,5,0,0,48,101,1,0,0,0,2,4,45,100,1,0,0,1,0,0,186,157
2008,66,12,1,87,457,3,6,1,1,4,92,452,4,3,1,86,450,2,3,3,1,0,0,104,443,1,0,0,0,1,3,97,456,1,2,0,101,443,1,3,95,435,4,2,0,0,0,0,1,3,0,1,1,0,0,1,0,0,8,93,428,9,2,0,0,0,2,0,1,4,0,0,9,0,0,0,3,1,91,422,0,1,4,22,0,2,98,459,0,0,0,0,0,3,94,451,0,0,2,1,0,0,664,561
2008,66,13,1,89,252,6,4,2,0,1,90,250,6,4,1,88,244,6,3,0,1,0,0,96,235,9,0,0,0,0,2,93,244,6,2,0,94,233,6,3,91,224,7,1,0,0,2,0,1,3,2,0,3,0,0,0,1,0,3,89,218,10,1,2,0,0,2,0,0,5,0,0,3,1,0,3,6,0,90,216,6,1,1,15,0,2,87,256,4,0,0,0,3,2,86,251,5,0,0,1,1,0,433,354
2008,66,14,1,138,284,5,11,0,3,3,140,282,5,9,0,137,277,5,9,0,0,0,0,149,260,12,0,0,0,7,3,138,273,6,10,0,149,256,7,8,139,246,19,5,0,0,2,0,1,1,1,0,3,1,0,0,0,1,5,136,241,18,6,0,0,0,3,0,0,4,0,0,1,0,1,2,12,0,133,236,6,4,6,18,0,2,133,296,5,0,0,0,5,5,133,283,5,0,3,1,0,0,567,445
2008,66,15,1,795,1282,11,19,1,2,3,794,1280,12,13,0,777,1267,10,13,1,5,0,4,800,1256,11,0,0,2,11,5,784,1284,7,15,0,823,1244,8,14,787,1217,26,9,0,3,4,0,0,4,0,1,17,2,2,4,0,2,12,755,1192,30,17,5,0,3,1,1,0,25,0,3,14,0,0,0,31,2,753,1154,6,7,29,67,4,3,768,1320,10,0,0,3,7,10,760,1298,10,0,1,11,0,0,2537,2115
2008,66,16,1,833,942,32,22,5,4,3,840,941,26,17,2,823,931,25,17,0,4,5,6,870,894,30,0,0,0,4,4,833,943,23,20,1,902,874,22,10,835,866,42,15,0,0,5,0,4,9,1,0,9,3,2,2,0,2,14,810,855,48,17,8,0,1,5,1,3,16,2,4,13,0,2,1,20,5,803,831,20,10,31,54,5,4,852,944,28,0,0,3,5,8,842,933,25,0,5,2,3,0,2268,1843
2008,66,17,1,442,408,14,11,3,1,4,444,408,15,10,0,438,402,14,8,0,2,2,2,448,388,17,0,0,0,2,4,430,411,14,5,0,469,377,13,6,431,368,30,4,0,4,0,0,1,3,0,1,6,2,1,3,1,0,3,423,365,30,7,2,0,2,3,0,1,5,1,1,2,0,1,0,7,2,411,358,12,3,20,21,2,2,448,417,12,0,0,1,2,3,439,405,11,0,5,5,2,0,1079,884
2008,66,77,1,4,29,1,0,0,2,1,4,28,1,0,0,4,28,1,0,0,0,0,0,3,30,2,0,0,0,3,0,3,30,1,0,0,4,30,1,0,3,29,1,0,0,0,0,0,0,0,0,0,0,0,0,0,0,0,0,3,24,2,0,0,0,0,1,0,0,5,0,0,0,0,0,0,0,0,3,24,1,0,0,6,0,0,5,29,1,0,0,0,3,0,5,29,1,0,0,0,0,0,0,37
2008,66,78,1,15,30,0,0,1,0,0,14,29,0,0,1,14,28,0,0,0,0,0,0,9,10,0,0,0,1,0,1,9,11,0,0,2,9,11,0,0,9,11,0,0,0,0,0,0,0,0,0,0,0,0,0,0,0,0,0,9,10,0,0,0,0,0,0,0,0,0,0,0,0,0,0,0,0,0,9,10,0,0,0,0,0,0,9,10,0,0,0,0,0,2,9,10,0,0,0,0,0,0,0,46
2008,66,81,1,83,108,2,3,1,1,0,84,108,2,2,0,83,106,2,2,0,0,0,0,88,102,2,0,0,0,1,0,83,107,2,2,0,91,99,1,3,85,101,2,3,0,0,0,0,0,0,0,0,0,0,0,0,0,0,1,84,101,2,3,0,0,0,1,0,0,0,0,0,0,0,0,0,0,0,82,99,1,2,2,4,1,1,89,106,2,0,0,0,1,0,89,105,2,0,1,0,0,0,0,198
2008,67,1,1,544,606,7,22,7,4,2,546,595,6,14,2,531,586,6,14,2,4,0,7,576,564,8,0,0,0,9,9,560,570,6,11,0,559,560,6,9,540,533,37,5,0,10,4,0,0,3,1,2,7,1,2,1,0,0,4,555,513,33,5,2,1,0,3,0,2,8,0,0,6,1,0,10,0,1,536,508,6,4,19,43,1,4,527,659,1,0,0,1,3,0,514,642,1,0,6,6,0,0,1567,1193
2008,67,2,1,436,459,6,20,3,1,5,429,458,5,17,1,425,453,5,16,1,3,0,0,444,443,6,0,0,0,7,3,424,443,4,16,1,433,443,2,16,412,414,20,11,3,9,3,0,2,1,1,1,1,0,0,5,0,1,7,428,406,22,11,3,0,0,0,0,0,5,0,3,4,0,0,6,0,1,407,403,2,11,14,33,0,4,406,515,4,0,0,1,0,4,386,493,4,0,9,10,0,0,1281,931
2008,67,3,1,286,247,3,6,3,1,1,284,246,4,4,0,280,242,2,4,1,1,0,0,297,232,4,0,0,2,3,0,286,235,2,4,2,286,235,2,3,270,221,15,3,0,10,2,0,0,1,0,1,3,1,0,1,0,0,1,283,213,14,3,4,0,0,1,0,0,1,0,0,3,0,0,2,1,0,268,210,1,3,14,17,1,0,290,251,2,0,0,1,1,1,280,246,1,0,1,1,1,0,685,547
2008,67,4,1,171,418,6,8,3,0,1,169,412,5,9,0,162,404,5,8,1,1,0,0,176,407,7,0,0,0,4,4,165,404,5,6,0,165,404,5,4,158,378,14,3,0,9,3,0,0,1,1,2,9,1,0,1,0,0,1,168,372,17,4,0,0,0,1,0,0,4,0,1,9,0,0,3,0,0,156,364,5,3,5,31,1,0,135,468,4,0,0,0,1,2,124,452,4,0,7,1,0,0,799,610
2008,67,5,1,316,377,13,14,3,1,4,311,374,14,12,1,307,366,11,11,1,2,0,1,330,351,16,0,0,0,3,6,321,353,13,9,0,322,351,13,8,308,332,32,6,0,4,2,0,2,4,0,2,3,2,0,2,0,0,3,318,325,29,6,4,0,0,2,0,0,2,0,2,2,0,2,5,1,0,304,322,11,4,15,23,1,3,306,400,9,0,0,0,1,4,300,386,9,0,4,11,0,0,937,727
2008,67,6,1,768,1064,33,48,11,3,4,767,1048,33,35,2,749,1024,29,36,4,16,2,3,809,995,50,0,0,0,6,8,787,996,38,31,0,780,1003,37,28,737,921,94,19,0,23,8,0,2,11,0,2,15,1,1,9,0,2,16,760,902,94,20,12,1,1,0,0,4,14,0,3,30,0,5,13,2,2,725,877,35,18,37,95,1,4,747,1162,14,0,0,1,5,4,718,1118,14,0,21,19,3,0,2568,1944
2008,67,7,1,649,808,27,30,13,0,5,662,791,27,22,5,636,778,23,20,8,3,3,3,672,742,44,0,0,1,11,9,653,748,26,34,0,658,756,26,27,600,684,73,20,0,25,11,0,4,7,4,5,5,2,0,7,0,1,11,629,659,72,19,8,0,2,2,1,6,11,0,1,15,0,4,13,3,4,583,646,23,17,49,75,2,6,576,915,23,0,0,1,3,6,548,864,22,0,28,22,3,0,1958,1533
2008,67,8,1,249,347,4,7,1,3,1,248,342,4,5,0,242,337,3,4,0,0,0,2,260,325,2,0,0,0,6,1,254,327,3,4,0,253,327,2,3,241,313,10,3,0,7,2,0,0,0,0,1,2,0,0,3,0,0,4,252,306,10,3,2,0,0,0,0,1,2,0,1,2,0,0,4,0,0,240,305,2,3,12,18,0,0,249,355,3,0,0,0,0,3,242,341,1,0,4,2,2,0,843,612
2008,67,9,1,1020,1460,68,79,12,4,3,1037,1432,59,76,2,989,1405,52,62,5,8,16,17,1106,1326,73,0,0,1,13,9,1077,1325,48,100,2,1082,1329,51,77,980,1160,147,55,1,47,19,1,5,23,5,8,28,8,4,11,0,3,36,1078,1077,141,58,29,0,4,6,0,0,42,2,4,58,1,5,28,5,11,953,1059,44,39,65,202,10,26,1002,1593,42,0,0,2,10,1,956,1539,36,0,13,14,8,0,3248,2651
2008,67,10,1,593,732,24,26,9,3,1,597,723,28,24,6,584,716,22,21,0,2,7,4,595,705,33,0,0,0,9,3,578,702,30,33,0,585,705,29,28,549,662,56,20,0,15,5,0,3,2,0,2,6,2,1,3,1,5,8,565,656,62,22,5,0,0,4,0,1,2,0,1,16,0,0,4,1,1,540,648,28,19,34,40,1,3,543,822,19,0,0,2,1,4,524,791,17,0,14,8,3,0,1879,1392
2008,67,77,1,26,120,2,0,0,6,0,28,108,2,0,0,26,106,2,0,0,2,0,0,26,98,6,0,0,0,10,0,26,100,2,0,0,26,98,2,0,18,96,11,0,0,2,0,0,0,0,0,0,0,0,4,2,0,0,0,24,84,6,0,0,0,0,0,0,0,2,0,0,18,0,0,0,2,0,16,82,2,0,8,14,0,0,36,104,2,0,0,0,4,0,36,98,2,0,0,0,0,0,0,154
2008,67,78,1,21,33,1,1,0,0,1,21,32,1,1,0,21,32,1,1,0,1,0,0,6,4,0,0,0,0,1,1,9,4,0,0,0,8,4,0,0,6,4,0,0,0,0,0,0,0,1,0,0,0,0,0,0,0,0,0,6,4,0,0,0,0,0,0,0,0,0,0,0,0,0,0,0,0,0,6,4,0,0,0,0,0,0,6,5,0,0,0,0,0,7,6,5,0,0,6,0,0,0,0,57
2008,67,81,1,58,86,3,1,2,0,0,58,85,3,1,1,58,84,3,1,0,0,0,0,56,87,3,0,0,0,0,0,56,86,3,2,0,57,87,3,2,56,84,2,2,0,0,1,0,0,1,0,0,1,0,0,0,0,0,0,56,81,4,2,0,0,1,0,0,0,0,0,0,3,0,0,0,0,1,56,81,2,2,0,4,1,0,57,90,2,0,0,0,1,0,57,84,2,0,3,1,0,0,0,150
2008,68,1,1,124,306,0,9,0,2,0,123,304,0,7,0,121,300,0,7,0,0,0,0,135,294,0,0,0,0,4,0,127,297,0,8,0,131,293,0,4,121,284,4,5,0,6,2,0,0,1,0,1,0,0,0,0,0,1,3,134,276,5,3,1,0,0,2,0,0,3,0,0,0,0,2,0,1,0,117,271,0,3,9,18,0,1,168,265,0,0,0,0,4,5,159,261,0,0,1,1,0,0,543,441
2008,68,2,1,175,280,5,7,3,1,1,176,277,3,6,1,174,274,3,6,0,1,1,0,181,267,6,0,0,0,3,2,178,267,6,3,0,180,263,6,3,174,260,11,4,0,4,2,0,0,0,0,0,0,0,0,0,0,0,3,183,256,11,3,0,0,1,3,0,0,0,0,0,0,0,0,0,0,0,172,253,5,3,3,9,0,0,200,256,4,0,0,0,3,3,194,252,4,0,0,3,0,0,567,473
2008,68,3,1,136,148,1,5,0,1,0,136,146,2,3,0,135,146,1,3,0,0,1,0,151,136,1,0,0,0,2,0,142,138,2,2,0,141,137,2,1,136,135,4,1,0,3,3,0,0,0,0,0,0,0,0,0,0,0,0,146,132,4,1,1,0,0,0,0,0,1,0,0,0,0,0,0,0,0,137,131,1,0,3,5,1,1,167,121,2,0,0,0,1,0,161,120,2,0,1,2,0,0,362,291
2008,68,4,1,126,130,2,3,0,0,0,126,130,1,3,0,125,128,1,3,0,1,0,0,126,127,1,0,0,0,0,0,125,124,2,3,0,125,126,1,3,120,120,4,2,0,4,3,0,0,0,0,0,0,1,0,1,0,0,0,124,115,4,4,2,0,0,1,0,0,4,0,0,0,0,1,0,0,0,117,113,1,2,6,12,0,1,130,123,3,0,0,0,0,4,128,122,3,0,0,0,0,0,306,261
2008,68,5,1,199,272,4,14,0,0,3,204,273,3,9,0,193,267,2,9,0,0,1,3,212,260,3,0,0,1,2,0,208,257,4,10,0,208,255,3,8,197,245,12,6,0,5,1,0,2,2,1,0,0,0,1,0,0,3,1,207,241,8,8,4,0,3,0,0,2,2,0,0,0,0,2,1,0,0,195,236,3,6,4,13,0,1,220,257,2,0,0,0,6,5,215,254,3,0,1,0,1,0,589,494
2008,68,6,1,199,494,3,16,4,0,1,203,486,4,12,2,195,480,2,9,4,2,0,3,225,460,5,0,0,0,4,6,212,465,5,7,0,213,461,5,7,202,448,16,4,0,7,3,1,0,0,0,0,1,0,1,2,0,1,3,217,439,13,4,5,0,1,4,0,0,2,0,0,0,0,0,0,0,0,198,429,4,3,9,27,2,3,282,426,2,0,0,0,3,3,268,418,2,0,4,3,0,0,916,718
2008,68,7,1,498,469,12,23,3,2,3,500,461,12,20,0,492,448,12,19,2,3,0,2,577,386,7,0,0,1,6,1,539,397,9,14,0,545,395,8,10,523,379,26,10,0,15,7,0,0,0,0,4,2,0,1,0,0,1,4,562,359,22,10,8,0,0,3,0,0,4,0,1,3,0,3,1,0,0,511,343,7,7,23,35,1,3,663,324,10,0,0,1,6,2,631,321,6,0,10,4,1,0,1374,1010
2008,68,8,1,168,253,1,0,0,1,0,168,248,1,0,0,167,244,1,0,0,0,0,0,179,235,1,0,0,0,1,0,171,239,1,0,0,172,239,1,0,168,232,3,0,0,2,1,0,0,1,0,1,1,0,0,2,0,0,0,172,229,3,0,3,0,0,0,0,0,1,0,0,1,0,1,0,0,1,164,223,1,0,4,11,0,0,199,220,1,0,0,0,2,0,196,218,1,0,0,1,0,0,542,423
2008,68,9,1,118,263,4,11,1,0,2,120,263,3,10,0,115,261,2,9,2,2,2,0,145,243,0,0,0,0,1,1,131,249,0,10,0,133,248,1,10,124,236,4,5,0,4,7,1,0,2,1,1,2,0,1,0,0,2,2,137,233,5,5,1,0,0,2,0,0,0,0,2,0,0,0,1,1,2,122,228,0,4,8,15,0,4,159,233,1,0,0,0,3,2,149,232,1,0,2,2,2,0,474,399
2008,68,10,1,500,397,9,22,2,0,4,502,390,10,21,0,494,383,8,19,2,4,1,3,564,323,11,0,0,0,2,5,536,329,13,17,0,540,332,10,14,520,313,21,10,0,16,6,0,0,0,0,1,4,0,0,1,0,0,7,564,304,19,9,2,0,0,1,0,0,1,0,4,0,0,0,2,1,0,508,288,7,8,23,36,3,6,670,248,10,0,0,1,3,2,644,248,8,0,2,10,0,0,1315,937
2008,68,11,1,799,925,21,38,16,8,5,812,906,17,30,4,788,894,16,27,2,7,3,6,945,778,20,0,0,0,14,7,886,797,19,28,0,894,796,16,21,835,742,58,16,0,23,12,0,4,1,2,4,7,3,0,1,1,3,10,899,726,43,15,9,0,3,12,0,2,8,0,0,1,0,0,1,0,1,819,701,17,10,46,81,2,7,1084,694,17,0,0,1,10,2,1036,677,16,0,15,19,1,0,2361,1811
2008,68,12,1,236,298,9,22,0,2,0,239,292,10,19,0,233,291,9,18,4,0,0,12,267,271,8,0,0,1,0,0,254,268,8,16,0,257,267,7,14,246,256,19,7,0,9,4,0,0,2,1,2,0,1,1,1,1,3,1,274,252,14,4,2,0,0,2,1,0,0,0,0,0,0,0,0,0,0,240,242,5,2,9,20,4,10,313,237,11,0,0,2,3,2,296,236,10,0,4,3,2,0,705,568
2008,68,13,1,504,657,15,23,2,3,3,502,650,17,20,0,493,637,13,16,1,0,3,4,563,589,16,0,0,0,4,2,535,593,15,18,0,536,591,18,17,507,576,36,16,0,14,7,0,0,1,1,1,2,0,2,0,0,1,6,543,560,36,15,3,0,1,3,0,1,9,0,0,0,0,1,0,0,1,501,540,13,14,25,46,1,3,639,531,21,0,0,0,8,5,599,521,17,0,17,10,2,0,1641,1207
2008,68,14,1,957,1280,52,55,14,1,1,983,1254,46,50,2,943,1231,43,40,9,11,2,11,1143,1094,47,0,0,4,4,9,1058,1128,42,42,0,1064,1112,42,38,977,1045,98,25,2,51,26,2,1,2,2,3,16,1,2,1,0,5,9,1111,1022,77,21,10,0,0,11,0,0,16,0,0,1,0,1,1,0,1,952,969,37,12,69,120,5,14,1355,939,46,0,0,4,7,7,1263,921,43,0,32,31,1,0,3001,2361
2008,68,15,1,589,617,26,36,7,1,3,600,609,23,30,1,582,587,22,27,4,3,3,3,664,553,17,0,0,0,4,6,620,563,17,26,0,622,560,16,21,599,526,42,14,0,10,9,0,2,0,0,1,4,1,2,1,0,3,6,644,517,33,12,9,0,0,4,0,0,1,0,0,2,0,0,1,0,1,591,497,14,9,23,52,1,6,740,499,16,0,0,3,11,4,705,493,14,0,12,7,4,0,1602,1280
2008,68,16,1,758,814,30,37,8,1,4,766,801,27,31,2,744,782,26,24,6,3,5,6,868,700,21,0,0,2,5,1,801,734,14,33,2,801,724,21,21,765,685,43,17,0,19,20,1,2,4,1,4,3,3,6,3,1,3,12,841,686,39,16,6,0,1,2,0,2,3,0,0,2,0,1,1,1,2,745,635,11,11,37,76,8,6,953,659,22,0,0,2,5,2,882,648,22,0,24,14,5,0,2163,1651
2008,68,17,1,490,699,37,18,5,1,4,498,681,36,18,0,478,662,34,16,4,5,2,4,565,622,29,0,0,0,2,7,528,624,29,20,1,528,627,29,20,501,589,56,11,0,15,9,0,0,0,1,0,8,2,1,0,0,2,7,534,562,48,14,16,0,1,5,0,2,6,0,0,0,0,3,1,2,2,487,553,24,8,25,54,5,4,658,560,23,0,0,1,1,3,625,545,22,0,12,6,3,0,1603,1255
2008,68,18,1,740,495,9,20,3,10,5,752,467,8,19,0,725,456,6,18,1,4,1,1,839,383,8,0,0,0,13,3,779,393,6,21,0,782,391,6,17,740,366,35,11,0,18,12,1,2,1,4,3,5,1,2,0,0,4,3,800,366,21,12,5,0,1,7,0,1,4,1,2,0,0,2,0,0,1,725,347,4,11,69,31,2,1,918,329,12,0,0,0,13,10,882,320,7,0,5,6,3,0,1751,1287
2008,68,19,1,499,387,4,11,1,0,2,499,376,4,8,0,490,371,4,8,2,1,0,1,563,316,3,0,0,0,3,3,545,313,3,7,0,548,311,3,3,523,295,25,3,0,7,10,0,0,0,0,1,1,1,0,0,0,0,1,553,289,16,5,4,0,0,5,0,2,3,0,0,0,0,2,0,0,0,515,281,3,2,23,27,0,1,631,263,2,0,0,2,1,2,599,256,3,0,7,7,0,0,1211,904
2008,68,20,1,800,691,23,42,5,2,4,817,684,21,28,0,794,671,20,27,7,6,1,3,898,609,14,0,0,1,4,5,862,611,13,31,1,863,603,18,26,812,573,52,10,0,21,19,1,0,1,4,5,3,3,3,2,0,1,6,879,548,35,11,7,0,1,4,1,3,7,0,3,1,1,4,0,1,3,794,529,12,6,42,65,1,7,1027,519,11,0,0,1,2,2,952,504,10,0,25,27,3,0,2015,1570
2008,68,21,1,294,418,12,29,6,1,0,301,416,11,23,4,289,406,10,20,3,4,1,2,354,363,12,0,0,0,1,2,318,370,10,27,0,327,372,9,23,286,332,34,12,0,24,15,2,0,2,2,0,7,2,3,1,0,2,6,344,315,28,12,6,0,0,8,0,0,4,0,0,3,1,5,0,1,2,276,300,9,9,32,53,1,4,446,294,12,0,0,0,5,2,421,290,10,0,5,7,2,0,901,761
2008,68,77,1,152,143,7,3,2,4,3,151,140,7,3,1,151,139,7,3,0,1,0,0,159,130,9,0,0,0,6,3,153,131,9,1,0,153,130,10,1,151,124,12,1,0,1,3,0,0,0,1,0,0,0,1,0,0,0,1,154,122,12,1,2,0,0,6,0,0,1,0,1,0,0,0,1,0,1,147,117,9,0,6,12,0,1,173,119,6,0,0,0,8,6,170,118,6,0,0,1,0,0,0,314
2008,68,78,1,21,47,0,0,1,0,1,20,43,0,0,1,20,43,0,0,0,0,0,0,7,11,0,0,0,0,0,1,6,13,0,0,0,5,13,0,0,5,12,0,0,0,0,0,0,0,0,0,0,0,0,0,0,0,0,0,5,11,0,0,0,0,0,0,0,0,0,0,0,0,0,0,0,0,0,5,11,0,0,0,1,0,0,6,11,0,0,0,0,0,3,6,11,0,0,0,0,0,0,0,71
2008,68,81,1,136,97,3,2,1,0,0,135,98,3,2,0,135,97,3,2,0,1,0,0,140,94,4,0,0,0,1,0,137,94,4,1,0,137,93,5,1,135,92,6,1,0,1,0,0,0,0,0,0,0,0,0,0,0,0,1,133,93,5,1,1,0,0,1,0,0,0,0,1,0,0,0,1,0,0,131,91,4,0,6,3,0,1,143,89,3,0,0,0,3,1,143,89,3,0,0,0,0,0,0,239
2008,69,1,1,1150,1263,71,81,13,7,7,1166,1254,68,70,2,1126,1233,59,63,5,9,8,6,1132,1290,68,0,0,4,18,3,1148,1199,62,58,0,1170,1183,61,54,1125,1074,135,33,0,3,5,2,5,19,9,5,7,15,8,28,0,2,1,1013,1019,129,103,30,0,4,19,1,3,21,1,1,12,0,5,2,102,4,985,1005,46,27,127,154,13,13,874,1646,52,0,0,4,8,8,858,1559,50,0,23,16,10,0,3097,2592
2008,69,2,1,413,207,10,4,5,0,1,415,205,9,2,0,407,198,7,0,2,4,3,0,402,209,5,0,0,1,0,3,403,183,7,5,0,404,183,8,3,404,169,13,3,0,1,0,0,2,3,3,0,1,1,1,2,0,1,0,368,158,12,38,3,0,1,1,0,0,7,0,2,1,0,0,0,13,1,362,157,2,3,36,19,4,0,361,272,2,0,0,1,1,2,355,256,1,0,3,1,1,0,771,640
2008,69,3,1,1188,990,39,75,10,7,6,1196,972,37,62,3,1159,954,34,58,5,9,9,11,1190,953,41,0,0,1,25,6,1184,925,43,62,1,1200,909,38,54,1168,831,95,44,1,1,7,0,14,10,2,2,7,10,7,19,0,3,2,1059,774,82,70,19,1,1,10,0,6,20,2,18,15,0,6,2,89,4,1047,762,31,31,108,128,8,15,961,1308,23,0,0,1,7,3,933,1232,22,0,22,17,7,0,2876,2315
2008,69,4,1,1047,874,52,45,15,0,3,1049,872,49,31,1,1027,854,45,29,4,8,3,6,986,878,40,0,0,2,16,7,1002,825,42,44,5,1011,807,38,41,982,750,99,35,1,3,3,2,6,10,2,3,9,3,2,9,0,5,4,882,715,90,77,14,1,2,3,0,11,13,1,5,11,0,2,3,83,2,864,702,30,20,109,77,9,14,816,1176,31,0,0,1,6,7,798,1105,30,0,17,8,8,0,2539,2039
2008,69,5,1,935,958,41,38,15,5,4,937,949,40,36,4,907,921,36,33,2,6,3,2,919,954,35,0,0,1,12,3,923,913,34,49,0,937,884,32,47,911,814,82,30,0,5,8,0,7,14,4,3,7,11,3,16,0,1,2,809,767,74,78,23,0,1,13,2,8,22,2,5,14,0,1,2,63,3,792,755,26,23,102,112,4,11,703,1254,25,0,0,2,7,5,688,1182,22,0,23,16,2,0,2459,2000
2008,69,6,1,699,822,68,29,7,2,4,706,808,63,24,1,682,795,59,21,3,5,9,6,690,808,63,0,0,0,16,5,689,773,61,26,0,691,767,59,26,669,712,113,16,0,2,5,2,2,4,2,4,5,6,3,13,0,1,3,600,692,97,62,10,0,1,6,0,5,9,1,7,12,1,0,1,54,3,593,687,52,13,68,59,9,2,547,1020,42,0,0,4,8,8,531,956,39,0,22,9,11,0,2019,1633
2008,69,7,1,492,657,20,27,5,3,5,495,643,18,16,0,470,627,18,16,0,4,1,6,446,691,16,0,0,2,11,4,467,618,21,23,0,471,611,18,14,459,568,39,13,0,2,5,1,5,9,2,5,7,0,0,14,1,4,0,395,549,35,27,5,0,2,9,1,6,17,0,6,12,0,1,1,58,3,378,538,13,11,70,60,4,2,335,859,5,0,0,1,1,3,325,801,4,0,15,4,2,0,1434,1210
2008,69,8,1,848,940,68,60,10,4,5,869,914,70,55,1,827,891,66,48,7,9,7,4,844,923,65,0,0,0,10,7,834,892,59,58,0,849,875,60,56,815,789,108,42,0,4,8,1,13,15,2,8,3,11,2,18,0,4,4,709,742,102,97,28,0,4,7,0,8,20,1,8,16,0,3,2,79,5,694,734,46,30,101,105,12,17,677,1202,37,0,0,3,7,7,655,1105,33,0,32,21,14,0,2331,1941
2008,69,9,1,850,607,37,65,5,1,4,872,596,32,49,0,832,581,29,47,5,7,7,5,837,589,40,0,0,0,11,13,845,548,33,53,0,861,542,31,50,832,497,82,31,0,3,3,2,4,6,2,2,2,8,4,9,0,5,1,767,478,69,58,14,0,4,6,1,3,14,1,2,8,1,4,0,52,0,743,474,23,29,84,46,11,10,694,837,22,0,0,2,3,4,675,780,22,0,12,8,14,0,1993,1567
2008,69,77,1,7,42,0,1,1,3,0,8,36,0,1,0,6,36,0,1,1,1,0,0,7,34,1,0,0,0,6,0,7,32,1,1,0,9,32,1,1,7,30,4,1,0,0,0,0,0,1,0,0,0,0,0,0,0,0,0,6,19,6,1,0,0,0,0,0,0,8,0,0,0,0,0,0,1,0,6,19,1,0,1,11,0,1,15,31,0,0,0,0,4,0,15,30,0,0,0,0,0,0,0,54
2008,69,78,1,24,37,0,1,0,0,0,24,36,0,1,0,24,35,0,1,0,0,0,0,6,9,0,0,0,0,0,2,6,9,0,1,0,6,9,0,1,5,8,0,1,0,0,0,0,0,0,0,0,0,0,0,0,0,0,0,5,8,1,1,0,0,0,0,0,0,0,0,0,0,0,0,0,0,0,5,8,0,1,0,1,0,0,5,10,0,0,0,0,0,3,5,10,0,0,0,0,0,0,0,62
2008,69,81,1,44,91,5,2,0,0,1,44,91,5,2,0,44,91,5,2,0,0,0,0,44,91,6,0,0,0,0,0,44,90,5,2,0,45,90,5,2,43,88,6,2,0,0,0,0,0,0,0,0,0,1,0,0,0,1,0,39,86,7,4,0,0,0,0,0,1,0,0,0,0,0,0,0,3,0,39,86,3,1,5,4,2,1,46,92,5,0,0,0,0,0,45,91,5,0,0,1,0,0,0,143
2008,70,1,1,1021,1425,41,45,7,2,3,1025,1424,36,38,2,1008,1401,35,32,3,7,6,6,1032,1384,40,0,0,0,3,13,1028,1384,37,32,0,1039,1367,38,26,1012,1303,83,23,0,1,5,1,5,5,2,2,15,1,0,12,0,3,12,954,1249,92,25,15,0,0,5,0,3,15,2,4,35,0,7,11,55,3,948,1238,36,17,73,110,1,12,949,1540,39,0,0,1,10,8,928,1479,33,0,26,10,5,0,3098,2548
2008,70,2,1,1005,953,25,24,5,1,4,1003,953,22,19,0,990,945,22,17,1,5,1,5,1005,939,24,0,0,1,6,6,1007,924,23,23,1,1019,917,25,18,998,866,59,14,0,0,7,0,2,0,0,5,11,3,0,2,0,1,8,935,819,62,16,16,0,1,2,0,2,26,0,2,20,0,0,6,51,1,928,810,21,9,66,96,3,8,957,1029,14,0,0,1,8,5,939,997,13,0,13,13,3,0,2512,2015
2008,70,77,1,2,11,0,0,0,1,0,2,11,0,0,0,2,11,0,0,0,0,0,0,3,9,0,0,0,0,1,0,3,9,0,0,0,3,9,0,0,3,8,1,0,0,0,0,0,0,0,0,0,0,0,0,0,0,0,0,2,8,1,0,0,0,1,0,0,0,0,0,0,0,0,0,0,0,0,2,8,0,0,1,1,0,0,3,9,0,0,0,0,1,0,3,9,0,0,0,0,0,0,0,14
2008,70,78,1,6,7,0,0,0,0,0,6,7,0,0,0,6,7,0,0,0,0,0,0,3,1,0,0,0,0,0,2,3,1,0,0,0,3,1,0,0,3,1,0,0,0,0,0,0,0,0,0,0,0,0,0,0,0,0,0,3,1,0,0,0,0,0,0,0,0,0,0,0,0,0,0,0,0,0,3,1,0,0,0,0,0,0,3,1,0,0,0,0,0,2,3,1,0,0,0,0,0,0,0,13
2008,70,81,1,18,21,0,0,1,0,0,17,22,0,0,0,17,21,0,0,0,0,0,0,18,21,0,0,0,0,0,0,18,21,0,0,0,18,21,0,0,19,21,0,0,0,0,0,0,0,0,0,0,0,0,0,0,0,0,0,17,18,0,0,0,0,0,0,0,0,2,0,0,0,0,0,0,3,0,17,18,0,0,1,3,0,0,19,21,0,0,0,0,0,0,18,21,0,0,0,0,0,0,0,40
2008,71,1,1,553,236,11,4,2,1,0,552,234,10,4,0,549,234,10,4,1,1,0,0,556,229,11,0,0,1,1,0,557,227,10,4,0,554,230,10,6,542,214,17,3,0,8,0,0,1,2,0,0,2,0,0,2,0,0,3,540,198,19,2,5,0,0,1,0,2,5,0,0,6,0,0,9,0,9,527,193,8,2,26,29,0,1,496,301,6,0,0,0,2,1,495,290,6,0,5,1,0,0,933,807
2008,71,2,1,512,1243,34,15,3,1,4,521,1238,32,10,1,501,1228,27,10,3,6,1,4,533,1211,20,0,0,1,6,11,526,1178,26,11,2,530,1184,21,10,494,1136,52,7,0,13,10,0,1,6,1,1,6,2,2,5,1,2,15,525,1073,54,13,26,0,0,3,0,2,7,0,0,29,0,1,16,1,4,485,1065,19,6,20,100,2,3,438,1339,25,0,0,1,1,5,434,1314,24,0,9,7,1,0,2027,1817
2008,71,3,1,178,441,9,11,4,2,1,179,441,10,8,1,177,438,9,7,0,2,0,0,178,439,10,0,0,0,3,3,179,437,10,6,0,178,437,9,6,172,413,23,6,0,1,4,0,0,1,1,2,6,0,0,1,0,0,2,177,398,17,8,2,0,0,1,0,1,2,0,0,10,0,0,5,0,2,171,396,8,5,5,31,1,0,163,474,6,0,0,1,2,0,160,468,6,0,0,4,1,0,765,646
2008,71,4,1,1039,1722,33,27,6,2,0,1043,1702,31,26,0,1029,1684,31,24,0,5,1,7,1046,1702,31,0,0,1,2,0,1041,1663,31,22,0,1052,1677,29,19,1002,1575,73,15,0,23,11,1,2,4,3,6,27,2,0,6,0,0,25,1034,1505,76,17,33,1,2,0,0,2,7,0,2,52,0,1,25,2,3,982,1484,26,10,47,156,4,5,919,1864,21,0,0,2,4,5,909,1820,21,0,7,15,2,0,3422,2830
2008,71,5,1,462,832,19,21,6,0,2,462,832,21,13,2,448,819,19,12,2,4,1,9,468,818,22,0,0,0,3,3,462,800,19,23,1,471,803,18,14,440,753,46,9,0,26,0,1,1,1,1,5,10,2,0,1,0,0,7,467,703,50,10,17,0,0,0,0,7,7,1,2,27,0,0,11,3,0,428,694,16,5,24,100,2,7,419,896,18,0,0,2,2,5,409,876,17,0,10,7,2,0,1576,1343
2008,71,6,1,98,285,5,6,0,1,0,101,283,5,4,0,98,283,5,4,1,1,0,1,101,282,5,0,0,0,2,0,99,277,5,5,0,102,278,5,4,98,273,9,3,0,2,1,0,0,0,0,0,2,0,0,1,0,0,2,100,268,7,3,3,0,0,0,0,0,1,0,0,1,0,0,1,0,1,98,268,4,3,1,8,1,1,92,298,3,0,0,0,2,0,92,298,3,0,0,0,0,0,486,395
2008,71,7,1,294,517,33,12,0,0,1,294,515,31,12,0,290,513,31,12,1,2,1,1,289,502,27,0,0,0,2,2,291,495,28,6,0,291,496,27,6,282,478,47,5,0,3,1,0,0,1,2,1,3,2,0,1,0,0,1,282,469,48,9,5,0,0,0,0,0,0,0,1,5,0,0,1,1,0,284,474,26,6,10,25,1,1,276,549,27,0,0,1,2,3,275,544,27,0,2,1,2,0,1066,858
2008,71,8,1,276,372,15,6,1,1,1,280,364,14,3,1,268,359,13,3,1,2,5,3,277,360,14,0,0,1,2,1,277,356,15,13,3,279,358,14,8,256,348,36,7,0,5,0,0,0,0,1,0,4,0,1,0,1,0,2,259,338,39,8,7,0,0,0,0,0,0,0,1,4,0,0,3,0,0,252,335,13,5,19,21,1,3,260,392,13,0,0,0,2,4,257,384,13,0,1,3,0,0,818,673
2008,71,9,1,169,259,4,5,5,0,1,170,261,4,4,1,168,258,4,4,1,3,0,0,170,257,7,0,0,1,1,1,168,256,7,4,0,169,255,7,4,159,247,12,0,0,7,0,0,0,0,0,2,1,1,1,0,0,0,7,164,242,16,1,4,0,0,0,0,0,1,0,1,4,0,0,3,0,0,156,241,4,0,13,13,3,3,160,276,3,0,0,0,2,2,156,267,3,0,2,0,2,0,532,443
2008,71,10,1,526,378,24,14,8,0,1,532,381,23,12,0,522,367,22,10,2,4,0,6,533,372,22,0,0,0,2,2,527,362,23,10,1,535,369,21,8,511,335,35,3,0,14,4,0,0,3,2,2,5,1,0,1,0,1,9,540,307,28,8,11,0,1,1,0,1,4,0,1,12,0,0,3,1,4,506,305,19,3,12,50,1,5,489,437,21,0,0,0,1,3,482,420,19,0,10,1,1,0,1104,951
2008,71,11,1,824,814,37,14,2,3,4,827,799,34,13,0,807,792,34,12,4,7,2,1,826,787,35,0,0,1,7,11,811,779,41,11,0,818,774,38,10,782,733,75,7,0,24,4,0,0,2,1,0,6,4,0,2,0,1,7,803,704,69,10,19,0,0,1,0,0,1,0,5,14,0,0,8,4,2,768,695,30,5,36,66,8,2,766,898,20,0,0,0,4,9,754,862,19,0,7,9,5,0,2128,1702
2008,71,77,1,13,25,0,1,0,3,0,11,24,0,1,0,11,24,0,1,0,0,0,0,11,22,0,0,0,0,3,0,11,22,0,1,0,11,24,0,1,11,20,1,1,0,0,0,0,1,0,0,0,0,0,0,0,0,0,1,10,19,1,1,1,0,0,0,0,0,0,0,0,2,0,0,0,0,0,10,19,0,1,1,3,0,0,13,24,0,0,0,0,4,0,13,0,0,0,23,0,0,0,0,42
2008,71,78,1,17,28,0,1,0,0,0,17,28,1,1,0,17,28,0,1,0,0,0,0,5,8,0,0,0,0,0,3,6,8,0,0,0,6,8,0,0,5,7,0,0,0,0,1,0,0,0,0,0,0,0,0,0,0,0,0,5,7,0,0,0,0,0,0,0,1,0,0,0,0,0,0,0,0,0,5,7,0,0,0,0,0,0,5,10,0,0,0,0,0,3,5,10,0,0,0,0,0,0,0,46
2008,71,81,1,31,50,3,4,0,0,1,32,50,3,3,0,30,50,3,3,1,0,0,1,32,53,2,0,0,0,0,0,31,52,2,3,0,31,53,2,3,31,47,3,1,0,1,0,0,0,2,2,0,0,0,0,0,0,0,0,32,44,3,3,1,0,0,0,0,0,0,0,0,2,0,1,0,0,2,30,44,2,1,1,6,0,2,29,58,2,0,0,0,0,0,29,58,2,0,0,0,0,0,0,89
2008,72,1,1,90,188,1,2,0,1,0,91,185,0,2,0,90,184,0,2,1,0,0,0,91,184,0,0,0,0,3,0,91,182,0,2,0,92,181,0,2,86,177,2,1,0,0,0,0,6,3,0,0,0,0,1,0,0,0,0,83,176,1,1,5,0,7,0,0,0,0,0,0,0,0,0,0,0,0,83,174,0,1,9,5,0,0,95,183,0,0,0,0,3,0,94,183,0,0,0,1,0,0,342,282
2008,72,2,1,258,530,6,11,6,1,1,265,529,4,6,1,257,524,4,6,1,6,0,1,272,517,4,0,0,1,2,3,267,512,5,7,0,262,511,3,7,242,490,12,5,0,0,2,0,12,7,0,0,1,0,1,2,0,0,4,243,486,16,5,1,0,14,8,0,1,0,0,2,2,0,0,0,1,2,241,476,3,5,18,27,0,0,259,549,1,0,0,2,0,1,257,528,1,0,2,16,0,0,989,813
2008,72,3,1,354,556,20,10,0,0,4,353,555,22,7,0,345,549,19,7,1,1,3,1,354,544,19,0,0,0,3,6,351,534,20,11,0,354,541,19,10,329,503,38,10,0,2,2,0,15,14,0,2,0,0,1,3,0,1,2,318,502,33,7,5,0,28,7,0,0,2,0,0,0,0,0,3,4,5,317,490,18,7,24,36,1,1,370,553,13,0,0,0,3,8,361,541,12,0,2,3,0,0,1136,917
2008,72,4,1,413,842,10,20,3,5,11,415,836,9,17,0,407,827,9,15,0,5,0,3,426,821,14,0,0,1,4,9,421,807,11,21,0,418,806,10,17,398,759,39,17,1,0,2,8,20,11,8,0,2,0,0,6,0,3,4,392,751,35,17,6,0,23,13,0,1,0,0,0,4,1,2,3,1,4,388,737,10,15,20,54,0,1,470,808,9,0,0,1,5,6,459,798,8,0,1,5,0,0,1731,1306
2008,72,5,1,959,1269,42,54,19,3,4,976,1264,42,42,1,946,1247,37,40,4,11,8,10,985,1237,45,0,0,1,8,11,975,1203,46,44,2,976,1199,46,39,921,1108,111,31,0,3,5,0,44,30,2,2,3,10,2,5,0,3,7,909,1094,104,32,22,0,54,31,0,0,3,0,0,8,1,4,6,3,3,897,1069,35,21,58,91,9,15,1055,1257,22,0,0,4,2,5,1015,1077,18,0,169,17,5,0,2908,2351
2008,72,6,1,767,1267,22,41,8,1,3,771,1262,20,40,0,755,1251,19,35,3,4,2,9,793,1224,30,0,0,2,3,8,782,1209,23,42,0,783,1210,20,41,746,1128,53,33,0,1,4,1,33,33,0,1,7,1,1,8,0,1,3,734,1125,48,39,9,0,43,21,0,1,4,0,3,6,1,3,4,2,2,725,1098,19,31,44,86,2,8,800,1265,20,0,0,4,3,14,782,1251,21,0,5,10,0,0,2587,2111
2008,72,7,1,783,1045,27,37,4,3,5,792,1035,25,31,1,776,1026,23,30,1,4,2,5,812,1003,33,0,0,3,8,7,782,997,30,32,2,784,997,26,26,754,931,65,18,0,5,6,1,20,23,4,1,7,2,1,6,0,3,4,749,868,61,20,15,0,31,19,0,1,2,0,2,3,0,7,2,0,3,739,898,22,15,34,78,5,9,858,1005,20,0,0,6,5,7,827,982,18,0,12,10,4,0,2323,1905
2008,72,8,1,1015,1491,30,37,11,1,4,1019,1473,26,32,2,996,1457,25,29,1,11,1,4,1034,1447,34,0,0,2,11,6,1035,1403,31,33,1,1029,1411,27,29,977,1311,84,22,0,2,12,1,34,35,4,1,2,0,4,7,0,2,9,967,1302,81,22,18,1,45,28,0,2,7,0,1,5,2,5,6,1,3,957,1265,26,19,52,112,1,6,1104,1438,18,0,0,2,10,9,1066,1412,17,0,6,16,2,0,3163,2590
2008,72,9,1,457,516,22,28,4,1,3,458,519,20,26,2,454,513,19,25,1,0,2,1,454,517,25,0,0,0,2,0,457,501,21,34,0,456,506,21,30,431,455,55,25,0,1,2,0,11,21,2,1,0,2,0,5,0,0,4,420,442,57,24,12,0,23,19,0,0,0,0,0,1,0,1,3,2,3,416,435,21,22,32,53,0,8,482,524,17,0,0,1,0,4,470,519,16,0,4,3,2,0,1243,1033
2008,72,10,1,760,844,19,29,3,4,0,765,833,15,26,0,754,829,15,25,2,0,1,2,777,804,20,0,0,2,12,0,779,793,15,25,0,777,797,15,25,739,758,36,26,1,2,2,0,24,17,0,0,1,4,4,3,0,0,6,733,761,35,21,11,0,27,16,0,2,0,0,0,1,0,1,1,4,3,725,738,13,15,36,44,2,4,805,827,12,0,0,1,12,2,778,815,10,0,16,7,0,0,2027,1660
2008,72,11,1,656,493,7,9,3,1,2,657,499,5,5,0,653,489,5,5,2,5,1,3,669,479,7,0,0,0,4,1,669,468,8,8,0,670,472,7,5,661,456,23,5,0,0,3,0,3,1,1,0,0,1,0,0,0,1,0,654,449,18,5,7,0,14,3,0,0,1,0,1,0,1,0,0,0,0,653,444,6,4,14,21,1,0,650,509,5,0,0,0,3,3,646,501,3,0,5,3,2,0,1366,1171
2008,72,12,1,317,638,9,15,0,0,0,314,632,6,16,0,309,631,6,14,0,1,0,0,333,619,16,0,0,0,3,1,326,606,10,13,0,324,611,14,10,309,581,21,10,0,4,2,0,9,17,1,0,1,1,0,3,0,2,2,301,579,24,8,7,0,25,9,0,0,0,0,0,0,0,3,2,0,4,300,567,9,1,18,39,0,4,343,627,7,0,0,0,0,2,326,618,7,0,6,5,0,0,1141,980
2008,72,13,1,290,452,13,7,2,0,2,289,447,12,6,0,287,445,12,6,1,1,0,0,297,440,14,0,0,1,1,5,295,429,13,5,0,293,428,13,4,281,419,27,2,0,0,5,0,8,3,0,0,0,0,0,2,0,2,2,278,416,30,1,3,0,9,2,0,1,0,0,0,0,0,0,0,2,0,275,407,13,2,16,15,0,1,293,454,10,0,0,1,2,2,289,450,10,0,1,1,0,0,933,666
2008,72,14,1,454,424,9,10,3,1,0,459,416,7,10,0,451,414,6,10,2,0,1,1,465,417,6,0,0,0,1,0,461,412,5,13,0,461,412,5,9,454,393,17,10,0,1,2,0,4,7,1,0,2,0,0,1,0,0,2,449,393,12,9,2,0,9,8,0,0,0,0,0,0,1,0,2,0,2,448,389,5,9,10,17,0,0,472,420,5,0,0,1,0,3,463,416,5,0,1,3,1,0,1076,901
2008,72,15,1,851,1024,34,31,3,3,7,866,1013,27,25,0,839,994,25,23,2,3,4,3,866,1012,24,0,0,5,8,5,855,841,27,33,0,857,964,24,29,814,906,68,22,0,1,3,0,25,15,2,1,2,1,3,5,1,5,13,812,888,62,25,14,0,33,22,0,0,0,0,1,5,5,6,2,0,2,793,877,21,19,48,68,2,4,884,1050,14,0,0,5,4,7,842,1001,10,0,22,16,2,0,2388,1961
2008,72,16,1,302,192,4,7,1,0,1,303,190,2,9,0,302,189,2,7,0,0,1,0,302,194,5,0,0,0,1,1,303,185,3,10,0,303,187,3,7,297,174,18,3,0,0,0,0,5,0,0,0,0,0,0,1,0,1,1,294,171,13,4,7,0,9,0,0,0,1,0,0,0,0,0,0,0,0,292,168,3,2,8,15,0,2,307,197,2,0,0,0,1,0,306,197,2,0,0,0,0,0,585,507
2008,72,77,1,8,54,2,2,0,3,0,9,47,2,1,0,8,47,2,1,0,0,0,0,9,49,2,0,0,0,4,0,10,45,2,1,0,10,45,2,1,9,42,4,1,0,0,0,0,0,1,0,0,0,0,0,1,0,0,0,8,47,2,2,0,0,1,0,0,0,0,0,1,0,0,0,0,0,0,8,41,2,1,1,2,0,0,11,46,2,0,0,0,5,0,11,45,2,0,0,0,0,0,0,69
2008,72,78,1,35,43,3,0,0,0,1,34,41,2,1,0,33,40,2,0,0,0,0,0,12,8,1,0,0,0,0,2,12,8,1,0,0,12,8,1,0,13,7,1,0,0,0,0,0,0,0,0,0,1,0,0,0,0,0,0,14,8,1,0,0,0,0,0,0,0,0,0,0,0,0,0,0,0,0,11,7,1,0,1,1,0,0,11,7,1,0,0,0,0,6,11,7,1,0,0,0,0,0,0,82
2008,72,81,1,62,101,3,1,0,0,0,62,99,3,2,0,62,99,3,1,0,0,0,0,64,97,4,0,0,0,0,1,63,99,3,1,0,63,98,3,2,62,95,4,1,0,0,0,0,1,1,0,0,0,0,0,1,1,0,0,62,95,3,0,1,0,2,2,0,0,0,0,0,0,0,0,0,0,0,62,93,3,0,1,3,0,1,66,98,3,0,0,0,0,0,65,97,3,0,1,1,0,0,0,168
2008,73,1,1,464,495,14,10,9,0,2,461,489,16,11,3,457,485,14,9,1,4,0,1,481,480,12,0,0,0,2,3,465,470,13,5,0,465,469,11,3,445,457,21,1,0,0,0,0,14,2,2,1,4,1,3,1,0,0,5,431,439,22,2,10,0,19,0,0,0,1,0,8,7,1,4,3,1,0,424,444,11,1,35,31,1,0,426,553,9,0,0,1,1,4,417,532,8,0,10,1,1,0,1214,995
2008,73,2,1,465,584,28,9,2,0,2,472,575,26,7,0,452,565,23,4,3,6,0,8,498,551,26,0,0,0,4,1,482,538,29,8,0,481,544,27,5,452,516,42,4,0,2,2,0,18,3,1,0,7,1,5,0,0,1,6,452,504,39,3,7,0,24,0,0,1,0,1,0,12,0,1,7,2,3,444,496,25,2,22,36,1,1,456,610,20,0,0,0,1,1,448,586,19,0,8,6,1,0,1285,1090
2008,73,3,1,1290,923,61,27,7,4,2,1296,916,60,22,4,1275,897,55,21,1,8,3,3,1321,875,56,0,0,2,7,6,1295,864,57,28,0,1283,861,57,26,1230,808,86,19,0,2,5,0,53,2,1,2,17,6,1,3,0,1,18,1215,763,85,22,20,0,62,4,0,2,8,1,6,39,0,5,9,1,2,1205,758,52,15,62,83,5,5,1238,1029,31,0,0,0,7,8,1203,983,31,0,22,4,8,0,2733,2318
2008,73,4,1,315,524,13,10,4,0,1,317,520,14,9,0,312,515,13,8,2,2,1,0,341,496,15,0,0,0,2,1,321,501,15,8,0,323,498,15,7,300,475,28,5,0,0,3,0,12,1,1,2,6,0,1,0,0,6,9,293,457,26,5,8,0,24,5,0,0,1,0,0,11,0,2,5,1,1,289,449,11,4,24,40,3,1,310,543,10,0,0,0,1,2,305,534,9,0,4,3,0,0,994,867
2008,73,5,1,816,692,13,17,1,1,6,816,680,14,16,1,808,676,13,15,7,0,1,0,877,608,10,0,0,0,3,2,826,620,9,15,0,826,620,8,14,791,584,31,12,0,4,4,0,21,3,0,0,7,1,2,1,0,2,8,791,569,31,13,8,0,26,2,0,0,2,0,0,12,0,1,6,1,3,793,565,8,9,30,62,1,4,769,758,11,0,0,0,2,5,759,736,10,0,10,6,0,0,1775,1549
2008,73,6,1,1145,1217,19,41,8,5,3,1153,1206,17,34,3,1134,1196,15,31,1,7,2,4,1199,1171,19,0,0,0,5,5,1168,1164,21,29,0,1168,1151,19,26,1105,1088,55,21,0,3,14,0,34,6,1,5,15,2,1,2,0,4,14,1106,1058,55,25,10,0,47,4,0,1,6,0,1,34,1,1,10,2,9,1088,1040,16,18,54,86,2,4,1021,1389,15,0,0,0,2,4,1008,1354,15,0,16,6,0,0,2810,2440
2008,73,7,1,773,529,32,18,3,2,2,787,515,26,14,0,760,509,24,12,3,2,5,5,780,519,26,0,0,0,7,4,775,498,31,19,2,783,489,26,14,716,456,53,12,1,6,3,0,48,6,3,3,4,3,2,3,0,1,9,701,439,52,21,7,1,59,3,0,2,3,0,1,14,1,2,11,1,0,689,429,20,10,56,48,4,4,641,686,25,0,0,0,5,0,635,649,25,0,13,9,2,0,1584,1359
2008,73,8,1,594,573,17,24,5,1,1,594,569,15,22,2,584,561,14,17,2,1,3,3,620,545,21,0,0,1,6,2,603,529,22,16,0,606,529,21,11,579,497,43,6,0,0,6,2,18,3,0,0,6,4,0,5,0,0,8,566,473,40,6,15,0,24,1,0,1,2,1,0,17,0,1,9,0,2,556,471,19,2,36,47,3,4,527,661,18,0,0,0,4,2,513,630,17,0,9,3,5,0,1414,1215
2008,73,9,1,1472,1112,72,50,7,3,3,1476,1097,69,39,3,1439,1075,63,32,4,5,10,9,1518,1062,66,0,0,2,11,7,1485,1017,71,54,3,1487,1011,66,41,1390,941,117,32,0,7,22,1,57,8,2,4,11,6,7,6,2,2,15,1355,894,112,37,36,0,101,16,0,3,8,0,4,23,0,3,18,6,2,1329,882,54,20,121,106,10,15,1378,1272,57,0,0,2,3,5,1362,1224,55,0,11,7,6,0,3188,2720
2008,73,10,1,544,434,13,13,8,2,2,544,430,13,12,3,539,426,11,8,1,1,0,5,549,439,8,0,0,0,4,1,543,422,9,12,1,544,422,14,11,507,392,26,8,0,5,3,0,20,3,0,0,4,4,2,2,0,1,5,506,381,20,13,9,0,29,0,0,0,1,0,1,6,0,3,10,2,0,494,372,7,4,39,36,1,3,479,524,7,0,0,0,5,0,473,508,7,0,7,4,1,0,1211,1016
2008,73,11,1,378,833,16,6,3,3,1,377,815,16,6,1,371,814,14,5,2,0,2,0,384,821,15,0,0,0,10,4,366,788,18,8,0,363,790,18,8,350,756,31,4,0,1,0,0,10,0,0,0,13,2,1,1,0,0,8,356,738,33,5,6,0,11,1,0,0,1,0,0,18,0,2,7,2,0,345,726,12,4,12,53,5,1,374,847,8,0,0,0,8,3,360,825,8,0,4,4,3,0,1516,1240
2008,73,12,1,679,984,23,26,17,1,3,683,979,23,24,4,673,971,22,21,0,5,3,3,702,984,25,0,0,1,3,8,688,954,24,16,0,691,951,23,14,653,909,46,9,0,0,4,0,16,2,0,6,11,3,4,6,0,1,12,645,877,38,11,11,0,35,1,0,1,5,0,2,29,0,1,10,1,1,632,868,19,5,45,67,5,5,625,1082,19,0,0,0,3,3,618,1048,18,0,12,6,4,0,2043,1736
2008,73,77,1,16,35,3,1,1,4,0,16,33,3,1,0,15,33,3,1,0,0,0,0,18,34,3,0,0,0,3,0,18,32,4,0,0,18,32,4,0,15,29,6,0,0,0,1,0,2,0,0,0,1,0,0,0,0,0,2,15,21,8,0,0,0,0,0,0,1,0,0,1,6,0,0,1,1,1,14,21,3,0,3,10,0,0,19,31,3,0,0,0,3,0,19,30,3,0,0,0,0,0,0,60
2008,73,78,1,35,39,1,0,0,0,0,35,36,1,0,0,33,35,1,0,0,0,0,0,7,7,1,0,0,0,0,3,7,7,1,0,0,7,7,1,0,7,7,1,0,0,0,0,0,0,0,0,0,0,0,0,0,0,0,0,8,7,1,0,0,0,0,0,0,0,0,0,0,0,0,0,0,0,0,7,7,1,0,0,0,0,0,5,9,1,0,0,0,0,4,5,9,1,0,0,0,0,0,0,75
2008,73,81,1,110,82,3,2,2,2,0,110,82,3,2,1,109,82,3,2,0,0,0,1,111,83,3,0,0,0,2,0,111,82,3,2,0,112,82,3,2,111,78,4,2,0,0,0,0,0,0,0,1,0,0,0,1,0,0,0,110,78,4,2,0,0,1,1,0,0,0,0,0,0,0,1,0,0,0,110,78,3,2,1,1,0,0,110,87,2,0,0,0,4,0,108,84,2,0,2,0,0,0,0,201
2008,74,1,1,521,626,25,24,3,1,1,523,623,25,21,1,512,616,23,18,3,2,2,7,544,587,24,0,0,2,4,1,552,571,22,22,5,542,572,23,19,510,538,44,17,2,0,4,0,17,8,0,5,3,1,1,4,0,0,3,505,540,41,16,12,1,28,8,0,0,0,0,2,2,0,2,2,1,3,497,525,20,11,27,33,4,4,691,489,17,0,0,1,2,1,658,482,17,0,5,8,3,0,1438,1203
2008,74,2,1,155,201,3,6,0,0,0,158,197,2,4,0,153,196,2,4,1,0,1,0,166,181,2,0,0,0,4,0,170,175,2,4,0,164,177,2,4,162,171,9,4,0,0,0,0,2,3,0,1,0,1,0,0,0,1,0,156,170,10,5,1,0,5,2,0,0,0,0,0,1,0,1,0,0,0,156,166,2,4,5,7,0,0,187,175,2,0,0,0,1,0,177,172,2,0,1,0,0,0,451,366
2008,74,3,1,251,294,9,4,3,0,1,255,288,9,3,1,247,282,9,3,1,2,1,0,252,276,11,0,0,0,1,5,255,270,8,8,0,254,265,10,9,237,250,29,6,0,1,2,0,10,3,1,1,0,1,0,3,0,1,0,231,244,27,7,12,0,10,3,0,0,2,0,0,0,0,0,1,2,0,229,241,7,5,15,24,3,3,324,231,5,0,0,0,2,1,294,224,4,0,2,13,2,0,648,564
2008,74,4,1,464,251,39,14,0,0,1,461,245,39,12,0,456,243,39,11,0,1,0,1,468,231,43,0,0,0,6,5,464,228,42,11,0,456,229,43,8,447,223,51,6,0,1,2,0,4,0,0,0,1,4,1,1,0,2,1,446,220,49,10,2,0,6,3,0,0,1,0,1,0,1,2,1,0,0,444,216,42,4,9,10,1,2,548,190,30,0,0,0,0,2,526,188,29,0,0,1,5,0,936,770
2008,74,5,1,377,630,39,20,5,2,0,381,619,38,17,0,375,614,37,15,0,3,1,2,391,600,37,0,0,0,7,4,387,578,45,16,0,384,582,35,15,362,556,58,11,0,0,8,0,20,10,0,0,3,2,3,2,0,1,2,354,552,63,13,12,0,22,7,1,0,1,1,4,2,0,1,0,1,1,351,531,34,9,20,41,1,4,577,470,20,0,0,0,3,2,519,461,18,0,12,15,5,0,1277,1074
2008,74,6,1,409,303,20,5,0,1,1,409,303,20,4,0,408,297,20,4,15,7,0,0,423,279,22,0,0,0,1,1,423,276,8,4,0,419,275,8,3,400,260,36,1,0,0,2,0,15,3,1,0,0,0,3,1,0,0,3,396,261,41,1,1,0,13,1,0,1,1,0,4,0,0,3,0,0,1,395,256,21,1,22,17,0,0,470,245,21,0,0,0,0,1,456,241,21,0,3,7,0,0,900,739
2008,74,7,1,248,310,4,5,0,3,0,247,305,5,3,0,241,303,4,3,1,0,0,2,251,299,8,0,0,0,2,0,260,290,7,8,0,251,292,6,5,242,285,15,3,0,0,0,1,6,4,2,0,1,0,0,0,0,0,0,241,284,16,1,2,0,8,2,0,0,1,0,1,0,1,0,1,0,0,235,278,6,1,12,13,0,4,291,270,5,0,0,1,0,1,279,270,5,0,4,1,0,0,641,570
2008,74,8,1,360,390,7,10,0,0,1,361,384,8,7,0,354,377,7,6,1,6,1,1,371,376,6,0,0,0,4,0,369,369,8,6,0,363,369,7,4,355,357,17,3,0,1,1,0,7,3,0,0,0,1,0,1,0,0,1,353,352,15,4,3,0,12,3,0,1,0,0,2,0,0,0,0,0,0,352,349,6,2,9,16,1,2,405,355,3,0,0,0,3,0,384,352,3,0,7,3,1,0,888,768
2008,74,9,1,217,239,1,1,0,0,1,217,232,0,1,0,214,232,0,1,0,0,0,0,227,222,2,0,0,0,3,0,226,223,2,2,0,226,225,2,1,220,219,10,1,0,0,0,0,2,1,0,0,0,1,0,0,0,0,0,217,217,8,3,4,0,2,0,0,0,0,0,0,0,0,1,0,0,0,217,214,2,1,6,9,0,0,251,204,1,0,0,0,1,2,246,204,1,0,1,0,0,0,550,460
2008,74,77,1,4,18,5,0,0,2,0,5,17,5,0,0,4,16,5,0,0,0,0,0,5,15,5,0,0,0,2,1,5,15,5,0,0,5,16,5,0,4,15,5,0,0,0,0,0,0,0,0,0,0,0,1,0,0,0,0,4,15,5,0,1,0,0,0,0,0,0,0,0,0,0,0,0,0,0,4,15,5,0,0,0,0,0,9,13,5,0,0,0,2,0,8,13,5,0,0,1,0,0,0,29
2008,74,78,1,10,15,0,0,0,0,0,10,15,0,0,0,10,15,0,0,0,0,0,0,3,5,0,0,0,0,0,1,3,5,0,1,0,3,5,0,1,3,5,0,1,0,0,0,0,0,0,0,0,0,0,0,0,0,0,0,3,5,0,1,0,0,0,0,0,0,0,0,0,0,0,0,0,0,0,3,4,0,0,0,0,0,0,5,3,0,0,0,0,0,2,5,3,0,0,0,0,0,0,0,25
2008,74,81,1,60,40,6,3,0,1,0,59,40,6,2,0,58,40,6,2,0,0,0,0,59,41,6,0,0,0,1,0,60,40,6,1,0,59,40,6,1,58,39,7,0,0,0,0,0,3,1,1,0,0,0,0,0,0,0,0,58,39,7,1,1,0,2,0,0,0,0,0,0,0,0,0,0,0,0,58,39,6,0,1,1,0,1,66,37,6,0,0,0,1,0,63,37,6,0,0,0,0,0,0,110
2008,75,1,1,363,533,13,10,1,0,2,363,521,13,12,0,353,517,12,8,2,1,2,6,376,516,10,0,0,0,1,1,384,511,12,6,0,378,509,10,5,366,500,25,9,0,1,1,0,1,4,0,0,0,0,0,1,0,2,0,367,501,21,6,3,0,1,3,0,2,0,0,1,0,0,2,1,0,0,361,490,10,3,14,18,0,2,455,454,9,0,0,0,4,1,440,450,9,0,3,1,0,0,1126,923
2008,75,2,1,374,393,12,8,6,1,1,373,393,11,7,2,371,387,11,7,1,0,0,0,382,379,13,0,0,0,2,7,384,367,13,6,0,383,369,13,6,375,361,31,6,0,2,1,0,1,3,0,1,0,0,1,0,0,3,0,374,358,29,8,7,0,1,2,0,1,0,0,1,1,0,8,0,1,0,371,358,13,5,9,10,0,0,416,368,9,0,0,1,0,1,395,362,8,0,9,5,1,0,989,796
2008,75,3,1,556,451,15,19,3,1,2,556,442,15,19,1,550,439,14,17,1,1,1,1,572,431,18,0,0,0,5,5,577,421,21,7,0,570,420,18,11,544,401,41,9,1,2,3,1,0,8,0,0,1,0,0,2,0,11,4,544,382,35,7,8,0,1,20,0,2,0,0,0,5,0,15,1,0,2,538,387,15,5,20,25,6,1,631,392,15,0,0,2,2,1,613,384,9,0,6,9,5,0,1238,1048
2008,75,4,1,403,448,15,14,3,1,1,400,446,15,14,1,389,440,14,11,1,7,1,5,396,424,18,0,0,5,4,10,404,423,19,12,0,395,422,14,11,371,399,43,7,1,1,0,3,2,8,0,0,2,0,1,2,0,11,0,370,399,44,10,5,1,0,3,0,1,0,0,1,0,0,10,0,0,0,367,394,14,6,22,21,2,1,482,388,13,0,0,0,2,0,463,385,12,0,5,2,2,0,1054,886
2008,75,5,1,388,582,10,18,5,1,4,384,564,11,16,1,371,554,10,14,3,5,0,1,396,535,10,0,0,1,17,13,391,518,11,14,0,390,515,11,12,369,483,32,11,0,5,6,0,1,11,0,0,2,0,2,7,0,13,4,360,484,39,9,10,0,5,10,1,2,1,0,5,1,1,9,2,1,4,360,471,9,7,22,34,3,4,544,444,3,0,0,0,4,7,493,438,3,0,4,12,1,0,1253,1011
2008,75,6,1,248,314,15,7,2,0,1,248,311,17,6,0,243,309,13,6,1,3,5,0,261,297,12,0,0,0,2,2,264,292,12,8,0,261,291,9,7,249,274,24,8,0,0,1,0,0,4,1,1,1,0,0,1,0,6,1,247,262,27,7,4,0,0,3,0,0,0,0,0,1,4,7,0,0,0,244,253,9,6,13,35,0,0,326,250,8,0,0,0,1,1,293,247,8,0,20,3,4,0,688,587
2008,75,7,1,137,168,2,4,1,0,3,135,167,2,4,0,134,165,2,3,1,0,0,0,147,160,1,0,0,0,1,0,151,153,1,4,0,150,154,1,4,140,150,4,4,0,0,0,0,2,4,0,0,0,0,1,0,0,4,0,140,146,6,4,0,0,0,1,0,1,0,0,0,0,0,4,1,0,0,140,145,1,4,4,9,0,0,176,138,1,0,0,0,0,0,167,137,1,0,0,1,0,0,405,315
2008,75,77,1,6,18,0,0,0,5,1,6,18,0,0,0,6,16,0,0,0,0,0,0,7,15,0,0,0,0,4,1,7,15,0,0,0,7,15,0,0,6,14,0,0,0,0,0,0,0,1,0,0,0,0,0,0,0,1,0,6,7,0,0,0,0,0,0,0,0,0,0,0,0,0,0,0,0,0,6,14,0,0,1,0,0,0,14,11,0,0,0,0,5,0,14,11,0,0,0,0,0,0,0,30
2008,75,78,1,10,14,0,0,0,0,0,10,12,0,0,0,10,12,0,0,0,0,0,0,5,5,0,0,0,0,0,1,6,2,0,0,0,5,3,0,0,5,2,0,0,0,0,0,0,0,0,0,0,0,0,0,0,0,0,0,5,2,0,0,0,0,0,0,0,0,0,0,0,0,0,1,0,0,0,4,2,0,0,0,1,0,0,6,3,0,0,0,0,0,2,6,2,0,0,0,0,0,0,0,24
2008,75,81,1,86,29,2,1,0,0,0,86,29,2,1,0,86,29,2,1,0,0,0,0,86,30,2,0,0,0,0,0,87,28,3,0,0,86,29,3,0,85,26,4,0,0,0,0,0,0,1,0,0,0,0,0,0,0,2,0,86,26,4,0,1,0,0,0,0,0,0,0,0,0,0,0,0,0,0,85,26,2,0,1,3,1,0,88,28,1,0,0,0,0,0,87,28,1,0,1,0,0,0,0,118
2008,76,1,1,512,951,29,46,5,0,4,509,948,30,39,1,500,931,26,37,4,3,2,3,529,929,30,0,0,1,5,11,509,905,33,41,2,507,897,28,36,454,840,64,27,0,6,2,3,3,5,2,1,13,3,2,0,1,49,2,444,796,66,24,26,0,5,14,3,3,16,0,3,1,1,52,2,0,1,436,783,20,19,42,83,7,9,443,1046,35,0,0,2,8,12,437,1010,34,0,5,14,2,0,2001,1549
2008,76,2,1,826,1220,53,65,6,3,2,830,1207,57,55,1,808,1189,50,51,3,7,3,9,836,1203,56,0,0,1,10,4,816,1159,58,53,0,822,1151,55,42,746,1075,99,23,1,0,19,1,3,9,3,0,13,4,1,1,3,72,6,743,1058,103,30,24,0,4,20,2,3,14,0,1,2,0,60,5,1,0,722,1037,50,19,74,99,5,16,708,1376,63,0,0,3,9,10,692,1328,58,0,11,18,2,0,2822,2177
2008,76,3,1,473,612,44,58,4,1,1,486,606,37,52,0,455,582,31,47,1,3,12,8,501,592,40,0,0,2,3,3,478,566,43,52,0,480,567,43,37,420,508,73,23,0,7,13,1,2,5,0,3,18,2,5,1,4,57,6,403,472,63,31,24,0,5,27,0,4,22,1,2,1,0,71,1,2,6,396,458,27,19,56,80,14,11,483,694,58,0,0,1,4,4,425,658,54,0,2,13,6,0,1445,1196
2008,76,4,1,235,466,22,22,4,1,2,239,458,22,21,0,232,454,21,18,1,2,0,2,246,445,23,0,0,0,6,4,233,435,22,24,2,234,433,21,18,206,394,36,16,0,2,8,0,1,3,1,2,17,0,2,0,2,19,4,196,390,43,19,9,0,3,13,0,2,7,0,1,1,0,31,2,0,1,191,377,19,14,31,41,2,2,218,497,24,0,0,0,7,4,198,473,24,0,3,12,0,0,932,754
2008,76,5,1,246,382,16,16,1,2,0,249,378,16,16,0,244,375,15,16,1,0,3,1,248,369,20,0,0,0,5,0,243,355,24,20,0,242,353,24,15,221,337,47,12,0,0,2,0,0,2,0,1,3,1,0,0,3,13,2,221,330,39,14,3,0,2,2,0,2,2,0,2,0,0,13,1,1,0,219,327,20,12,17,23,2,3,229,410,19,0,0,0,3,2,226,402,17,0,1,5,0,0,812,663
2008,76,6,1,734,801,73,66,7,0,1,751,793,68,62,4,716,767,64,55,2,4,14,14,742,790,74,0,0,3,4,2,743,736,78,89,0,748,717,56,81,634,630,147,45,1,10,10,2,5,6,0,9,30,6,7,4,14,80,6,600,609,140,65,29,0,4,13,4,7,22,1,12,9,0,111,1,1,8,589,590,57,39,117,102,13,20,682,893,93,0,0,6,8,2,659,848,88,0,14,24,8,0,2048,1688
2008,76,7,1,539,661,49,28,7,4,0,550,650,47,25,3,525,632,46,20,0,10,3,8,547,656,44,0,0,0,8,3,535,617,47,37,0,531,614,46,23,484,550,82,18,0,3,21,1,1,7,1,2,14,0,2,3,2,42,3,473,528,82,25,17,0,0,26,0,1,17,0,3,2,0,41,3,1,2,459,515,38,10,58,82,7,9,476,727,67,0,0,3,3,5,451,687,58,0,16,26,6,0,1581,1288
2008,76,8,1,284,756,20,41,3,1,2,286,752,20,35,1,279,742,22,35,1,4,2,5,279,747,31,0,0,1,4,0,280,721,31,45,0,271,713,27,39,253,657,59,29,0,4,4,1,2,7,1,1,18,1,0,4,3,19,4,253,627,61,28,21,0,0,11,1,3,10,1,2,3,0,27,6,0,1,248,618,15,22,15,68,1,11,266,800,33,0,0,0,4,5,261,779,31,0,2,4,2,0,1394,1113
2008,76,9,1,705,1159,57,73,6,1,5,717,1054,53,62,1,691,1138,51,57,4,5,6,3,749,1126,55,0,0,4,8,6,712,1094,61,76,2,723,1081,54,55,619,971,130,40,1,6,17,0,5,17,1,2,23,3,6,4,5,80,8,608,943,115,47,43,0,3,27,0,1,15,0,2,0,0,106,4,3,3,592,915,41,32,81,130,9,11,648,1281,67,0,0,1,5,6,619,1221,63,0,24,28,4,0,2586,2009
2008,76,10,1,192,413,13,26,1,4,0,197,411,13,21,0,187,409,12,20,0,1,0,2,199,409,14,0,0,0,5,1,191,395,14,20,0,190,398,15,13,173,368,38,7,0,3,4,0,0,1,0,5,8,0,1,1,0,19,0,172,365,37,9,5,0,1,4,0,2,2,0,1,0,0,23,1,0,0,171,359,13,7,13,25,2,5,145,488,13,0,0,0,3,0,138,469,12,0,5,10,1,0,773,650
2008,76,11,1,477,582,51,28,5,1,2,482,578,53,24,2,468,574,47,22,1,3,4,5,476,576,45,0,0,1,1,3,469,559,47,28,2,470,560,46,23,433,532,61,18,2,2,6,2,1,2,0,3,9,2,0,1,3,27,1,434,522,60,21,5,2,2,12,0,1,6,0,3,1,0,23,2,1,2,418,503,41,14,42,40,4,6,419,657,56,0,0,1,3,7,402,635,52,0,13,9,7,0,1446,1146
2008,76,12,1,182,365,17,15,2,5,1,182,363,18,13,1,178,358,16,12,0,0,0,4,175,363,21,0,0,0,3,2,177,350,20,21,0,175,348,20,19,157,327,39,14,0,0,3,1,0,1,0,1,5,1,2,1,2,10,2,152,316,35,17,6,0,3,5,0,0,9,0,1,0,1,14,1,1,1,148,313,17,11,26,30,1,3,157,393,25,0,0,0,3,3,148,378,24,0,12,4,2,0,750,583
2008,76,13,1,174,257,10,9,0,0,5,181,246,10,8,0,173,246,9,8,0,1,1,1,183,240,10,0,0,0,3,4,180,231,10,13,0,179,230,10,9,164,223,28,6,0,0,1,0,0,1,0,0,0,2,0,0,0,11,1,157,209,28,7,3,0,1,3,0,4,3,0,0,0,0,17,1,1,0,156,207,9,5,18,18,0,2,166,272,10,0,0,1,0,5,159,265,10,0,2,2,0,0,557,455
2008,76,14,1,315,725,15,28,1,1,3,318,727,14,20,1,303,712,13,17,2,0,0,4,325,714,17,0,0,0,3,5,322,691,18,17,0,323,691,12,13,282,652,45,8,0,2,7,1,0,3,0,1,7,2,2,5,4,38,0,288,639,48,10,15,0,1,6,2,2,12,0,5,1,0,29,3,0,2,273,623,12,4,39,44,5,5,290,773,14,0,0,0,3,5,285,750,13,0,10,5,1,0,1397,1090
2008,76,15,1,308,376,11,16,0,1,2,312,371,13,12,0,299,370,10,11,4,0,2,6,324,366,10,0,0,0,6,4,312,356,11,21,0,316,355,11,16,304,338,20,6,0,1,3,0,1,0,0,0,5,1,0,0,1,11,2,299,334,21,13,8,0,2,4,0,0,3,0,0,0,0,13,2,0,1,299,331,10,5,10,18,1,8,298,398,17,0,0,0,4,1,294,397,17,0,1,0,1,0,915,721
2008,76,16,1,766,1210,76,57,11,2,1,776,1203,66,48,0,751,1184,62,45,2,8,4,9,793,1186,59,0,0,0,10,11,770,1130,60,63,0,778,1139,59,50,711,1024,120,34,0,3,17,0,3,6,2,2,28,6,0,2,0,61,9,693,994,132,40,25,0,4,25,0,3,23,0,3,4,0,61,1,1,4,686,965,46,27,63,127,14,16,668,1360,61,0,0,0,6,8,645,1299,54,0,21,40,6,0,2698,2125
2008,76,17,1,103,383,14,22,1,2,1,110,384,13,15,0,102,379,11,15,0,1,2,2,106,381,17,0,0,0,4,1,100,371,19,19,0,100,369,7,14,93,348,29,11,0,0,3,1,1,2,0,0,8,2,1,0,1,6,1,90,349,37,13,8,0,0,2,0,2,3,0,0,0,0,5,1,0,0,85,335,13,10,12,32,3,3,109,406,9,0,0,0,1,1,105,402,9,0,1,1,1,0,634,527
2008,76,18,1,204,285,3,18,3,1,1,208,280,4,17,0,196,274,3,16,2,2,2,1,206,275,7,0,0,0,5,1,196,268,7,19,0,197,266,5,16,172,240,17,13,0,1,7,0,1,4,0,4,5,0,1,0,0,24,2,168,232,16,13,2,1,2,6,2,3,5,0,3,0,0,22,4,0,3,165,231,4,10,25,29,1,5,159,342,8,0,0,0,1,2,157,328,8,0,6,4,0,0,636,515
2008,76,19,1,237,216,6,10,2,1,2,240,211,4,8,1,234,209,4,8,1,2,0,1,250,200,7,0,0,0,3,1,242,192,7,15,0,240,192,6,12,218,181,15,8,0,1,2,0,0,1,0,0,3,0,1,1,1,32,2,203,177,19,12,5,0,3,2,0,2,3,0,0,0,0,25,0,0,0,201,176,5,6,25,12,0,3,212,250,5,0,0,0,4,2,211,243,4,0,5,1,0,0,616,474
2008,76,20,1,676,851,89,44,12,2,5,684,841,83,40,6,660,829,78,37,0,3,8,7,694,826,87,0,0,1,12,5,660,802,94,54,0,664,803,86,45,630,753,121,29,0,4,7,2,1,8,1,1,7,1,1,5,7,36,3,629,732,126,36,15,0,2,9,1,2,11,0,1,0,0,32,6,1,3,619,706,77,23,31,78,9,9,613,946,93,0,0,5,15,7,594,892,87,0,16,32,4,0,2202,1683
2008,76,77,1,5,48,3,1,0,4,0,5,45,3,1,0,5,45,3,1,0,0,0,0,7,40,3,0,0,0,4,0,7,39,3,2,0,6,40,3,2,4,35,3,2,0,0,0,0,0,0,0,0,3,0,1,0,0,1,0,4,22,3,3,0,0,2,18,0,0,0,0,1,0,0,1,1,0,0,4,22,2,2,2,14,1,0,5,49,4,0,0,0,3,0,5,47,4,0,0,1,0,0,0,61
2008,76,78,1,22,50,2,2,0,0,0,22,49,3,2,0,22,49,2,2,0,1,0,0,10,12,1,0,0,0,0,14,10,11,1,3,0,10,11,1,3,9,11,1,1,0,0,0,1,0,0,0,0,0,0,0,0,0,1,10,9,1,2,1,0,0,0,0,0,0,0,0,0,0,0,3,0,0,0,9,11,1,1,0,0,0,0,7,15,2,0,0,0,0,16,7,15,2,0,0,0,0,0,0,77
2008,76,81,1,46,68,7,5,0,0,0,46,67,7,5,0,45,67,7,5,0,1,0,0,47,66,6,0,0,1,0,0,47,65,7,6,0,47,66,6,6,44,61,6,4,0,0,1,1,0,0,0,0,0,0,0,0,0,5,1,44,59,6,5,1,0,0,1,0,1,1,0,0,0,0,3,1,0,0,44,58,6,4,2,6,0,2,38,79,8,0,0,0,0,0,38,73,8,0,1,2,0,0,0,126
2008,77,1,1,491,533,25,47,7,4,1,494,520,26,36,3,479,504,22,32,0,6,0,6,546,467,32,0,0,2,6,6,509,452,30,37,2,511,449,27,35,489,417,62,26,1,2,2,1,3,1,1,4,5,3,2,5,0,6,3,454,383,61,22,17,1,4,12,0,3,8,0,2,2,1,3,2,34,2,447,376,26,20,45,60,0,8,728,324,39,0,0,2,6,3,666,308,31,0,10,15,2,0,1490,1111
2008,77,2,1,638,578,46,48,9,1,3,649,570,43,38,3,625,557,39,33,3,2,7,5,689,520,56,0,0,1,4,11,652,500,51,47,0,658,497,45,40,625,470,94,21,0,1,1,0,2,6,3,2,6,3,4,11,0,5,11,566,421,93,29,31,0,6,23,2,3,13,0,3,2,1,4,3,51,3,556,403,42,15,62,86,1,16,849,399,60,0,0,0,5,10,793,389,52,0,15,16,7,0,1723,1325
2008,77,3,1,560,524,30,40,6,3,3,569,506,29,36,2,544,493,25,31,7,4,4,8,604,472,35,0,0,1,4,6,579,458,37,36,0,579,456,33,35,560,423,70,27,0,0,1,0,3,4,0,1,4,2,2,6,0,4,4,507,403,69,25,15,0,2,16,0,11,7,0,2,1,0,1,2,37,1,506,389,25,20,49,54,6,12,745,357,43,0,0,4,4,10,689,349,37,0,12,11,4,0,1533,1167
2008,77,4,1,548,617,27,47,7,1,3,546,599,30,36,3,523,591,25,36,4,5,5,7,606,549,39,0,0,1,12,7,566,529,34,35,0,574,526,34,24,543,505,72,17,0,3,1,0,2,2,0,2,2,3,4,7,1,1,8,500,475,75,20,14,0,1,11,1,6,6,0,1,0,0,1,4,39,3,498,474,28,13,41,42,5,9,790,384,56,0,0,1,13,1,719,381,46,0,6,10,0,0,1806,1253
2008,77,5,1,683,656,32,49,10,1,1,693,636,30,40,2,667,618,26,38,3,4,5,9,740,581,40,0,0,0,11,3,700,558,37,44,0,709,555,36,32,674,519,74,22,0,3,2,2,3,6,2,5,6,3,5,13,0,4,6,610,507,81,31,11,0,1,16,0,7,14,0,4,0,1,4,4,72,4,602,485,31,18,63,53,1,8,936,434,50,0,0,2,8,2,861,414,48,0,11,14,0,0,1968,1439
2008,77,6,1,704,757,50,60,13,4,6,725,755,46,44,3,682,733,44,42,3,2,6,7,750,739,54,0,0,1,9,6,709,675,53,65,2,729,670,49,48,695,616,102,39,0,4,2,0,2,9,4,3,5,6,2,5,1,5,5,619,597,103,36,24,0,5,22,4,6,12,0,6,1,0,3,1,55,4,609,580,43,22,66,75,6,11,983,534,54,0,0,4,7,5,894,524,50,0,25,28,4,0,1983,1595
2008,77,7,1,292,272,7,10,0,1,1,293,264,6,10,0,287,257,6,8,1,0,0,0,303,241,7,0,0,0,5,5,293,237,5,9,0,295,237,5,9,294,221,12,8,0,0,1,0,0,4,0,1,3,0,1,2,1,0,1,276,215,26,6,1,0,3,1,0,1,2,0,1,0,0,1,0,7,1,273,213,5,5,13,19,0,3,406,161,7,0,0,1,6,3,398,161,4,0,3,7,0,0,737,584
2008,77,8,1,328,186,7,15,3,6,5,323,182,7,14,0,316,177,7,12,1,1,0,1,343,167,8,0,0,0,4,5,336,158,7,13,0,330,156,7,12,336,148,24,9,0,1,1,0,2,4,1,0,1,2,0,2,0,0,5,309,145,23,13,8,0,1,4,1,2,5,0,5,0,0,3,0,10,1,309,140,6,8,13,11,0,2,424,101,13,0,0,0,4,5,396,100,11,0,2,3,0,0,738,548
2008,77,9,1,1086,877,56,68,17,1,7,1092,868,54,57,5,1063,845,49,49,4,6,6,6,1193,763,56,0,0,0,8,22,1142,725,48,64,0,1144,717,44,57,1110,670,128,40,0,4,0,3,6,4,2,2,3,3,2,17,2,3,5,1036,648,128,45,18,0,1,18,0,7,16,0,8,1,1,6,2,51,3,1008,631,41,35,90,65,3,5,1494,519,72,0,0,0,10,16,1383,508,64,0,27,27,5,0,2874,2118
2008,77,10,1,426,379,22,29,6,1,1,426,372,19,25,1,412,365,19,22,0,1,2,4,469,316,22,0,0,1,10,5,440,318,20,25,0,440,313,20,24,436,292,39,15,0,0,1,1,1,1,2,0,6,1,0,6,0,0,2,405,277,40,17,11,0,1,14,0,2,2,0,2,1,0,1,0,13,2,398,271,18,13,31,30,0,3,611,214,30,0,0,0,3,3,565,211,26,0,6,14,2,0,1148,864
2008,77,11,1,520,443,33,52,7,0,2,525,443,28,48,0,503,421,26,42,1,7,4,8,562,412,31,0,0,0,4,5,531,379,25,56,0,551,378,24,47,509,351,54,36,0,3,3,1,6,4,6,8,1,5,2,9,2,4,2,460,326,55,35,10,0,3,13,1,7,13,1,6,2,0,2,1,47,3,451,310,20,25,58,55,4,11,715,288,43,0,0,4,3,4,653,272,38,0,14,12,2,0,1331,1059
2008,77,12,1,622,847,42,65,12,2,3,633,835,43,61,4,612,822,38,50,0,9,6,13,693,766,55,0,0,1,4,8,659,730,43,80,3,661,723,40,62,625,670,108,38,0,2,0,3,1,5,7,2,12,2,7,7,3,4,6,538,622,112,42,31,1,3,25,5,4,25,0,7,2,1,10,2,62,3,528,601,38,31,92,97,3,14,994,528,55,0,0,3,2,4,931,517,51,0,19,32,3,0,2062,1593
2008,77,13,1,493,483,15,36,2,2,4,492,480,13,31,0,481,460,14,30,3,3,2,3,560,400,24,0,0,0,9,4,529,398,17,27,0,534,401,17,24,512,367,52,18,0,1,3,0,2,4,1,1,2,3,3,6,0,0,5,484,351,51,19,11,0,1,8,0,6,10,0,2,1,0,5,3,20,1,478,399,17,15,34,61,0,4,727,276,23,0,0,1,5,6,677,265,20,0,10,19,0,0,1347,1039
2008,77,14,1,593,625,26,53,4,2,2,594,604,26,43,0,562,585,18,36,4,4,5,9,627,569,27,0,0,0,18,8,608,535,23,55,0,606,525,25,43,578,498,60,30,0,3,1,1,7,6,7,2,7,2,4,2,0,10,8,536,535,71,39,12,0,0,14,0,5,8,3,6,2,1,5,3,37,5,523,465,19,26,52,50,4,10,876,380,25,0,0,1,8,10,771,366,23,0,15,21,1,0,1719,1308
2008,77,15,1,575,520,43,62,9,2,7,593,510,39,45,1,565,490,37,44,4,8,2,5,637,459,38,0,0,0,8,6,591,435,39,48,0,593,430,37,43,575,388,81,26,0,0,3,1,7,3,4,2,9,3,5,4,2,4,9,519,363,90,27,17,0,4,19,2,1,21,0,3,1,0,2,2,52,4,528,364,32,22,54,57,5,10,860,307,24,0,0,3,6,13,790,303,23,0,8,16,2,0,1567,1222
2008,77,16,1,420,478,32,43,6,1,4,424,479,31,33,1,388,456,28,27,5,7,7,11,431,451,45,0,0,2,4,22,424,429,37,43,1,420,416,35,33,409,389,67,20,0,1,0,0,7,4,2,3,5,5,5,5,0,6,2,346,365,69,24,25,0,3,19,1,5,6,1,4,2,0,5,1,51,2,336,348,29,8,46,49,8,13,628,319,27,0,0,1,7,1,562,309,24,0,14,15,8,0,1167,985
2008,77,17,1,446,393,28,58,5,3,2,456,381,28,51,1,426,370,26,47,2,5,6,11,510,338,35,0,0,0,5,4,452,341,34,55,0,453,331,44,46,446,319,65,31,0,5,2,0,6,7,0,2,5,2,4,4,3,4,6,385,293,79,31,14,0,3,10,1,4,9,0,4,1,0,5,1,48,6,381,271,26,23,52,52,4,14,611,277,38,0,0,3,3,1,542,264,35,0,23,16,4,0,1147,936
2008,77,18,1,110,131,4,14,1,2,2,111,128,5,13,0,109,128,5,12,1,1,1,0,126,110,11,0,0,0,6,0,116,113,6,10,0,120,110,6,11,113,101,16,8,0,1,0,0,0,3,0,0,0,1,0,4,0,1,0,99,99,18,8,2,0,0,6,0,1,1,0,0,0,0,3,0,10,0,98,93,6,7,16,13,0,2,174,80,8,0,0,0,1,2,155,80,7,0,2,7,0,0,348,266
2008,77,19,1,103,259,1,6,2,0,2,102,251,1,6,1,100,249,1,6,2,1,0,0,106,241,5,0,0,0,5,1,100,227,2,4,0,104,226,2,4,101,206,10,4,0,0,1,0,2,2,1,1,0,0,1,12,0,0,2,87,208,8,5,3,0,0,8,0,5,5,0,1,0,0,1,0,10,1,84,197,2,4,12,27,0,0,226,143,2,0,0,0,1,1,211,141,1,0,1,5,1,0,457,373
2008,77,20,1,121,119,2,3,2,0,0,126,112,2,3,0,119,109,2,2,0,2,0,2,123,107,5,0,0,0,1,0,120,105,55,9,0,121,104,4,9,118,99,7,3,0,0,0,0,0,0,1,1,0,0,0,2,1,1,1,110,94,8,4,1,0,1,4,1,0,0,0,0,1,0,3,0,3,1,110,91,4,3,7,12,0,2,164,73,4,0,0,1,4,0,151,69,4,0,4,3,0,0,301,247
2008,77,21,1,163,55,3,5,0,2,0,162,53,3,3,0,161,52,3,3,0,0,0,0,169,46,4,0,0,0,4,1,169,40,4,2,0,168,42,4,2,163,37,10,2,0,0,0,0,0,0,0,0,0,0,1,0,0,1,0,158,34,9,2,2,0,1,0,0,1,1,0,0,0,0,0,0,5,0,156,34,3,2,11,5,2,0,196,29,2,0,0,0,1,1,189,25,1,0,1,3,1,0,316,229
2008,77,22,1,995,994,58,95,22,5,6,1014,989,48,83,4,967,947,45,77,4,17,10,12,1089,905,69,0,0,1,14,7,1043,865,57,87,1,1055,862,51,67,1006,787,136,47,0,5,0,2,8,12,7,8,8,8,5,19,2,1,9,914,744,128,54,30,0,4,33,0,11,16,1,8,4,0,10,5,96,4,900,703,46,38,77,128,4,15,1495,602,65,0,0,1,7,8,1335,581,60,0,19,26,3,0,2749,2178
2008,77,23,1,29,18,0,1,0,0,0,29,19,0,0,0,29,18,0,0,0,0,0,0,28,18,0,0,0,0,0,0,28,16,0,1,0,28,16,0,0,29,15,0,1,0,0,0,0,0,0,0,1,0,0,1,0,1,0,0,28,16,1,0,0,0,0,0,0,0,0,0,0,1,0,0,0,2,0,27,16,0,0,1,1,0,0,36,12,0,0,0,0,0,0,35,12,0,0,0,0,0,0,45,48
2008,77,24,1,473,303,14,40,3,2,3,481,292,12,28,1,460,281,12,27,1,0,0,5,507,262,18,0,0,0,14,8,486,242,14,31,1,485,240,14,23,473,223,32,20,0,2,1,1,1,4,2,1,2,1,1,5,0,2,5,437,225,31,21,6,0,1,4,0,3,6,0,2,0,0,2,2,21,1,427,215,12,18,34,17,1,4,612,188,28,0,0,2,8,6,569,183,26,0,6,6,1,0,1106,846
2008,77,25,1,434,445,16,30,11,2,4,446,440,11,22,4,421,424,11,18,1,3,6,7,464,408,18,0,0,0,5,3,451,381,19,20,0,455,384,19,15,444,364,47,9,0,0,1,1,2,7,0,2,6,3,1,8,0,1,4,399,347,47,14,12,0,0,11,0,3,8,0,1,2,0,1,1,31,1,395,335,11,8,43,40,5,1,616,298,19,0,0,0,5,4,563,281,15,0,16,10,2,0,1197,942
2008,77,77,1,16,87,1,3,0,6,1,18,82,1,3,0,16,78,0,3,0,1,0,0,21,75,3,0,0,0,6,1,19,74,2,1,0,20,74,2,1,19,70,6,1,0,0,1,0,3,0,0,0,0,0,0,0,0,0,0,17,50,9,0,0,0,0,24,0,0,1,0,0,0,0,0,1,1,0,14,49,1,0,4,23,1,1,64,43,0,0,0,1,4,1,58,43,0,0,0,1,0,0,0,115
2008,77,78,1,44,58,5,0,0,2,0,42,58,5,0,0,42,58,5,0,0,0,0,0,9,8,1,0,0,0,0,6,9,12,1,1,0,9,12,1,1,9,7,2,1,0,0,0,0,0,0,0,0,0,0,0,0,0,0,0,7,7,1,1,1,0,0,0,0,1,0,0,0,0,0,0,0,0,0,7,7,1,1,0,0,0,0,12,7,1,0,0,0,1,12,12,7,1,0,0,0,0,0,0,109
2008,77,81,1,63,39,4,3,0,0,0,62,37,4,3,0,62,37,4,3,0,0,0,0,63,37,4,0,0,0,2,0,63,36,4,4,0,62,36,4,4,61,35,6,3,0,0,0,0,0,0,0,0,0,0,0,2,0,0,0,59,33,5,3,1,0,0,1,0,0,1,0,1,0,0,0,0,1,1,58,31,4,3,3,4,0,0,73,29,5,0,0,0,1,1,70,29,5,0,1,1,0,0,0,109
2008,78,1,1,243,310,5,15,1,1,1,239,299,5,16,0,232,291,4,14,1,3,0,0,270,280,5,6,0,0,5,2,254,287,3,9,0,259,280,4,7,229,268,15,6,0,2,3,0,2,2,0,0,1,0,20,1,0,0,3,226,267,17,6,1,0,2,1,0,5,2,0,20,1,0,0,3,2,3,220,260,3,5,30,17,1,1,224,330,5,0,0,1,9,10,213,318,4,0,8,6,0,0,822,579
2008,78,2,1,236,453,12,24,2,2,4,242,435,12,18,0,231,427,11,16,2,7,2,1,239,439,12,18,0,0,7,6,243,424,8,19,0,243,424,8,19,234,400,28,13,0,1,3,0,0,2,0,0,0,2,9,1,0,1,1,233,397,29,13,7,0,0,0,0,0,1,0,5,2,0,0,1,1,3,229,391,8,12,9,19,0,4,251,459,15,0,0,0,7,5,239,441,12,0,7,5,1,0,1050,735
2008,78,3,1,320,418,12,33,7,0,0,328,443,11,30,5,310,434,9,25,2,1,1,7,337,428,9,31,0,0,1,4,337,410,12,41,0,333,406,13,37,299,367,39,29,0,3,12,1,3,2,0,1,2,0,20,2,0,0,7,292,359,36,26,14,0,1,0,0,3,3,0,32,2,0,0,2,0,6,284,341,8,25,21,34,2,9,323,473,14,0,0,2,2,6,311,450,13,0,6,12,1,0,994,820
2008,78,4,1,1351,1418,26,60,13,1,16,1355,1383,26,56,1,1319,1369,23,53,10,9,6,5,1391,1335,30,34,0,1,23,22,1392,1272,32,48,2,1403,1276,27,36,1332,1198,88,30,0,1,18,0,2,1,0,3,11,1,37,9,0,3,6,1332,1200,80,30,15,2,3,3,0,4,2,1,37,2,0,3,10,2,13,1300,1166,21,25,68,58,5,8,1450,1395,20,0,0,2,6,9,1407,1355,20,0,20,6,3,0,3823,2889
2008,78,5,1,210,222,6,5,2,0,1,211,221,6,5,0,208,211,6,5,0,0,0,0,217,215,3,3,0,0,3,1,215,207,4,5,0,217,203,4,5,208,191,13,3,0,1,3,2,0,0,0,0,0,0,7,1,0,0,3,208,193,13,4,5,0,0,0,0,0,3,1,2,0,0,0,0,0,6,201,189,3,3,12,13,0,0,207,235,4,0,0,0,1,1,200,233,4,0,2,1,0,0,570,451
2008,78,6,1,753,701,16,35,7,3,5,755,686,13,30,0,729,675,13,26,0,5,1,7,751,663,14,17,0,0,10,26,758,619,15,28,0,759,622,14,18,706,571,48,16,5,2,9,1,3,3,0,2,6,3,31,3,1,8,6,699,578,36,14,7,0,6,2,0,4,2,2,39,0,0,1,4,2,7,676,559,11,13,56,46,1,4,779,700,17,0,0,2,7,17,753,667,17,0,11,7,1,0,2031,1525
2008,78,7,1,127,111,0,8,0,0,0,126,107,0,8,0,125,107,0,8,0,0,0,0,136,102,0,3,0,0,2,2,135,100,0,3,0,135,99,0,2,133,96,2,2,0,0,0,0,0,0,0,0,0,0,0,0,0,1,1,134,94,2,2,0,0,0,0,0,0,0,0,3,0,0,0,0,1,0,133,93,0,2,0,4,0,0,139,107,0,0,0,0,0,1,137,103,0,0,0,1,0,0,334,246
2008,78,8,1,530,346,13,24,5,1,1,535,340,10,24,3,524,335,10,23,2,2,3,1,515,358,12,17,0,1,2,5,548,311,11,20,0,538,314,12,19,520,303,26,15,0,2,4,1,3,0,0,1,2,1,14,0,0,0,3,516,299,27,17,1,0,0,0,0,2,2,1,20,0,0,0,3,0,1,484,290,8,15,46,15,4,1,599,309,7,0,0,2,2,3,589,297,7,0,2,4,5,0,1178,922
2008,78,9,1,601,830,22,44,6,1,7,602,819,23,40,3,587,808,20,38,2,6,1,5,596,802,24,34,0,0,14,9,599,763,23,46,1,596,771,25,37,554,715,76,32,0,3,9,2,1,3,1,1,2,2,26,3,0,4,4,549,714,80,31,2,0,4,1,1,1,0,0,30,2,2,3,0,2,3,537,694,22,30,40,51,0,4,506,968,14,0,0,2,9,7,496,931,14,0,6,8,2,0,2209,1511
2008,78,10,1,221,417,8,10,2,1,1,226,405,8,7,0,220,400,7,7,3,1,0,2,224,396,10,10,0,1,2,2,224,383,7,13,0,226,381,8,11,211,365,18,8,0,0,10,0,0,0,1,0,1,1,10,0,0,0,4,210,359,21,8,2,0,0,1,0,1,3,1,15,1,0,3,4,0,5,204,352,7,8,19,23,1,2,245,398,11,0,0,0,2,2,234,390,9,0,2,0,1,0,953,660
2008,78,11,1,271,468,14,27,5,0,6,270,465,15,25,1,264,457,14,25,1,0,0,1,287,439,14,17,0,11,2,2,280,442,13,23,1,284,441,14,18,259,406,40,17,0,1,4,0,0,3,1,0,3,0,6,2,0,3,9,250,402,39,12,2,0,1,2,0,3,3,0,18,0,0,2,3,2,8,248,387,12,11,26,43,0,6,276,501,7,0,0,2,2,3,272,482,7,0,6,7,1,0,1072,792
2008,78,12,1,110,242,5,4,2,2,3,110,237,4,2,0,103,233,4,1,1,2,4,4,122,230,6,2,0,1,0,0,116,226,6,2,0,117,225,6,2,114,220,14,2,0,1,4,0,1,0,0,2,2,0,2,0,0,0,1,112,219,12,2,0,0,0,0,0,1,1,0,2,1,0,0,0,0,1,111,215,6,2,4,8,0,0,119,234,5,0,0,0,4,0,117,224,4,0,5,2,0,0,550,369
2008,78,13,1,306,315,11,11,0,1,2,302,307,11,13,0,299,300,10,10,0,0,1,1,307,294,11,10,0,0,8,2,306,286,11,13,0,306,285,11,9,282,266,26,9,0,2,4,0,0,1,0,2,3,2,10,0,0,0,2,286,262,26,8,3,0,2,2,0,0,1,0,10,1,0,0,2,1,3,278,258,9,7,24,15,2,2,333,298,6,0,0,0,3,3,319,290,6,0,2,5,0,0,921,648
2008,78,14,1,727,1020,34,37,15,1,6,732,1006,33,32,2,711,996,29,27,1,6,4,3,747,979,37,31,0,1,14,9,736,948,31,45,0,739,951,30,36,669,878,81,25,1,2,24,1,3,0,3,2,2,2,40,5,1,7,12,676,866,70,26,10,0,4,1,1,6,3,4,49,2,0,3,4,7,22,649,831,27,23,63,93,4,5,753,1034,34,0,0,2,3,14,714,980,32,0,19,33,5,0,2450,1841
2008,78,15,1,840,1152,49,54,20,1,3,842,1129,54,50,1,816,1103,44,45,9,9,4,7,865,1085,49,54,0,2,8,14,869,1068,44,59,0,876,1045,43,52,778,972,122,36,1,4,34,0,5,2,0,6,7,7,45,5,0,5,7,759,963,118,45,20,0,4,2,0,4,8,1,67,2,1,1,10,4,18,741,925,35,32,86,102,5,10,892,1168,34,0,0,3,5,11,830,1113,31,0,42,24,5,0,2707,2122
2008,78,77,1,10,89,0,2,0,2,0,10,87,0,1,0,10,86,0,1,0,1,0,0,10,85,1,2,0,0,2,0,11,83,1,2,0,11,82,1,2,8,76,5,2,0,0,0,0,0,0,0,0,0,0,2,0,0,0,4,10,73,4,2,0,0,0,0,0,0,0,0,0,0,0,0,0,0,6,7,72,1,2,4,10,0,0,14,84,0,0,0,0,0,0,14,83,0,0,1,0,0,0,0,103
2008,78,78,1,24,41,0,1,0,0,1,24,34,0,1,0,24,36,0,0,0,0,0,0,10,14,0,0,0,0,0,2,10,15,0,0,0,10,14,0,0,9,12,0,0,0,0,1,0,0,0,0,0,0,0,0,0,0,0,0,9,11,1,0,0,0,0,0,0,0,1,0,0,0,0,0,0,0,0,9,11,0,0,0,2,0,0,11,11,0,0,0,0,0,6,11,11,0,0,0,0,0,0,0,67
2008,78,81,1,79,112,3,4,0,0,0,79,111,3,4,0,78,111,3,4,0,0,0,0,80,109,4,3,0,0,0,0,77,106,4,4,0,78,106,4,3,78,98,6,3,0,0,1,0,0,0,0,0,0,0,3,0,0,0,0,76,95,7,3,1,0,1,0,0,0,1,0,3,0,0,0,2,0,1,76,93,4,3,1,12,0,0,83,110,3,0,0,0,0,0,81,108,3,0,2,1,0,0,0,189
2008,79,1,1,179,355,7,20,1,1,2,180,348,5,21,0,175,346,4,18,2,1,2,0,189,339,7,9,0,0,5,1,189,330,5,12,0,193,333,5,3,182,322,24,2,0,0,2,0,1,0,0,0,2,2,0,0,0,2,1,175,318,21,8,7,0,2,0,0,0,0,1,0,0,0,0,0,13,0,174,313,4,7,9,12,1,1,200,353,3,0,0,0,7,2,196,346,3,0,0,1,2,0,706,566
2008,79,2,1,267,394,19,18,2,0,3,273,392,16,13,0,262,387,14,13,1,2,2,4,276,372,16,9,0,6,2,10,282,360,18,15,0,265,365,19,10,257,331,48,7,0,0,6,1,1,0,0,3,3,2,1,1,1,2,9,242,323,45,8,6,0,1,0,0,4,3,1,0,1,0,2,5,15,11,227,301,13,6,33,53,4,2,307,380,7,0,0,1,1,5,277,368,7,0,10,6,2,0,892,704
2008,79,3,1,151,202,7,11,1,1,1,155,196,7,7,1,148,192,7,5,3,0,0,1,161,189,13,2,0,1,3,2,154,189,13,4,0,155,188,12,2,152,180,18,2,0,0,3,0,0,0,1,0,1,0,0,1,0,1,0,149,180,21,1,1,0,0,0,0,1,0,0,0,0,0,0,0,2,1,147,177,12,1,4,7,0,1,165,196,8,0,0,1,5,1,156,182,7,0,3,3,1,0,521,377
2008,79,4,1,82,293,1,2,1,3,4,85,283,1,1,0,80,279,0,1,0,3,0,1,86,280,1,3,0,0,4,1,96,267,1,3,0,90,271,1,3,83,256,11,2,0,3,2,0,2,0,0,0,3,0,0,2,0,0,3,75,252,11,2,1,0,3,1,0,1,0,0,2,2,0,0,3,5,5,75,244,1,2,7,20,0,0,125,251,1,0,0,0,4,4,109,235,1,0,1,12,0,0,575,387
2008,79,5,1,124,304,4,16,4,1,1,128,304,2,14,0,121,296,2,13,0,3,1,1,131,288,7,12,0,1,3,7,123,290,7,11,0,121,288,7,11,121,286,14,8,0,0,1,0,1,0,0,0,0,0,0,0,0,0,2,112,284,13,8,5,0,1,1,0,2,1,0,0,0,0,1,0,3,0,113,280,6,7,7,5,1,2,118,325,3,0,0,0,1,1,109,324,3,0,3,2,1,0,646,453
2008,79,6,1,96,188,2,10,2,0,1,97,178,2,4,0,91,176,2,4,0,0,0,0,105,172,4,4,0,0,5,2,98,179,2,6,0,95,177,2,4,93,169,10,3,0,1,2,0,0,0,1,0,0,0,0,0,0,0,1,86,168,11,3,2,0,1,0,0,0,1,0,0,0,0,0,0,5,1,86,156,2,3,8,19,0,1,94,201,0,0,0,0,1,1,85,135,0,0,6,0,0,0,398,299
2008,79,7,1,115,165,3,4,0,3,3,117,161,4,5,0,115,161,3,4,0,0,0,0,117,161,4,3,0,0,0,3,118,160,4,3,0,119,160,4,3,116,160,5,3,0,0,0,0,1,0,0,0,0,0,0,0,0,0,0,116,159,5,3,1,0,0,0,0,1,0,0,0,0,0,0,0,0,0,116,159,4,3,1,0,0,1,106,180,1,0,0,0,2,1,105,177,1,0,3,0,0,0,458,290
2008,79,8,1,122,166,1,4,3,0,2,123,163,1,5,0,120,154,1,4,2,0,0,0,136,149,1,4,0,1,0,3,132,146,1,5,0,132,149,1,4,126,144,11,4,0,0,0,0,0,0,0,0,0,0,0,0,0,0,1,119,142,14,4,0,0,0,0,0,1,0,0,0,0,0,0,0,2,1,119,135,1,4,12,10,0,0,135,158,1,0,0,0,0,3,130,149,1,0,3,2,0,0,404,298
2008,79,9,1,586,680,17,29,2,0,0,588,657,14,25,0,570,641,12,24,7,0,2,3,614,625,17,19,0,0,7,1,596,619,17,26,0,599,609,16,25,580,593,44,17,0,2,9,1,5,0,1,1,5,0,3,1,0,0,2,562,593,40,20,10,0,2,0,0,3,1,0,2,4,0,2,1,13,6,558,579,15,17,24,25,0,2,627,670,14,0,0,0,2,0,607,638,14,0,11,6,0,0,1913,1316
2008,79,10,1,454,684,12,20,4,1,2,448,658,12,14,1,435,644,11,14,3,6,0,2,503,601,19,12,0,0,9,4,476,586,20,18,0,473,591,12,12,461,555,47,11,0,0,8,1,3,2,0,3,9,0,0,2,1,1,6,439,555,51,12,6,0,2,1,0,5,4,0,2,2,0,3,2,13,2,420,549,16,11,32,26,2,1,515,651,7,0,0,0,2,4,476,621,7,0,9,4,2,0,1799,1182
2008,79,11,1,894,1034,48,46,11,5,3,899,1016,40,37,0,870,983,40,36,5,6,3,2,958,921,43,30,0,8,19,10,927,893,49,45,0,936,893,45,35,900,828,95,28,0,3,17,2,7,2,2,2,5,1,5,12,0,2,18,853,819,98,30,15,0,5,2,1,15,2,1,7,5,0,4,8,53,31,831,786,36,25,70,70,6,6,1025,978,24,0,0,2,4,7,963,909,24,0,14,19,4,0,2742,2045
2008,79,12,1,481,453,31,24,9,0,3,482,435,31,20,2,469,422,28,19,2,2,0,1,529,395,31,14,0,3,9,4,501,393,28,20,0,505,393,27,19,473,367,60,11,0,1,7,1,3,4,1,3,2,0,2,2,0,5,2,446,358,53,10,13,0,1,0,0,6,4,0,3,1,0,3,1,21,9,440,340,25,10,126,48,2,3,573,403,19,0,0,1,3,2,527,381,19,0,8,11,1,0,1392,1004
2008,79,13,1,578,811,40,41,18,3,4,587,804,40,28,4,563,784,36,26,6,4,2,5,640,757,33,18,0,2,8,6,613,734,36,31,1,615,746,37,23,581,694,78,16,1,2,16,0,2,0,0,1,4,3,1,5,0,7,16,544,692,68,17,9,0,2,5,0,5,2,2,1,1,0,1,4,50,19,521,652,27,13,56,68,6,4,697,767,23,0,0,0,2,2,653,747,20,0,8,9,5,0,2133,1496
2008,79,14,1,388,423,25,30,4,2,0,387,410,21,22,2,375,399,22,21,3,0,5,2,427,373,22,21,0,1,4,0,401,361,27,32,2,406,369,23,22,401,348,42,18,0,3,6,0,2,1,1,1,3,1,0,2,0,1,6,377,343,37,21,7,0,1,0,0,2,1,2,1,0,0,7,1,13,8,372,329,20,18,21,27,3,2,456,390,18,0,0,0,1,2,427,372,18,0,7,7,1,0,1190,871
2008,79,15,1,509,614,29,24,15,1,5,514,606,28,20,4,497,593,26,16,4,7,1,2,543,571,24,17,0,6,5,5,521,556,25,23,2,526,569,23,19,512,524,51,15,0,1,12,1,3,1,1,2,8,0,2,3,0,3,10,485,524,48,14,12,0,3,1,1,6,1,0,2,1,1,0,5,19,14,472,495,22,10,33,48,0,5,587,588,14,0,0,0,3,1,559,559,14,0,15,8,2,0,1591,1201
2008,79,16,1,557,613,33,40,8,1,1,559,609,29,29,0,533,595,26,29,2,3,4,3,615,549,29,23,0,3,6,5,576,540,35,31,0,578,546,34,26,546,503,73,16,0,2,12,3,2,0,4,4,2,4,1,4,1,2,9,515,495,70,18,9,0,2,3,0,2,5,1,6,0,1,0,3,30,9,504,462,25,12,41,67,4,7,641,582,21,0,0,1,3,2,574,555,16,0,21,17,8,0,1653,1253
2008,79,17,1,867,1072,53,59,22,5,6,876,1052,49,53,5,840,1016,43,41,2,9,7,11,951,964,45,36,0,10,16,13,914,937,46,63,2,919,949,38,41,875,846,120,28,0,2,24,1,4,6,5,2,12,4,3,15,0,4,24,822,861,94,34,16,1,1,4,0,8,6,0,6,6,2,0,9,57,35,804,801,34,20,59,103,2,18,1003,1037,25,0,0,2,6,10,924,992,22,0,14,10,0,0,2828,2085
2008,79,18,1,218,268,5,9,2,2,3,219,257,4,9,0,209,253,4,8,2,1,0,1,264,217,5,8,0,2,3,2,246,222,6,8,1,241,225,5,8,236,204,13,7,0,0,4,0,1,0,0,1,3,1,0,1,0,1,6,231,208,10,8,4,0,1,1,0,2,0,0,0,0,0,0,1,7,4,228,195,4,6,8,21,1,2,263,235,2,0,0,0,4,2,244,215,1,0,6,2,1,0,673,507
2008,79,19,1,320,453,23,18,15,0,1,324,452,22,17,2,311,442,19,15,2,2,4,2,340,430,25,13,0,2,2,2,330,407,23,31,0,329,423,20,20,308,378,55,9,0,1,13,0,2,3,2,0,5,2,1,2,0,5,8,271,374,52,12,14,0,1,0,0,3,1,2,2,4,0,0,2,39,6,267,353,18,6,36,48,3,5,369,440,13,0,0,1,2,4,343,422,13,0,3,7,4,0,989,831
2008,79,20,1,698,907,49,48,11,0,11,711,890,46,40,2,671,876,42,32,3,9,4,7,793,782,50,37,0,6,5,5,757,755,54,54,3,764,778,47,38,715,717,110,29,0,4,20,1,3,1,4,2,11,2,3,2,0,4,12,719,698,118,29,13,0,3,1,0,5,9,1,2,2,2,3,4,57,21,642,654,40,18,63,90,7,14,859,833,23,0,0,0,1,2,798,796,22,0,20,10,6,0,2376,1723
2008,79,21,1,619,719,72,35,11,1,2,642,715,65,30,3,613,701,62,25,4,6,4,1,703,651,55,21,0,8,1,7,664,636,59,47,0,663,656,52,31,622,590,113,17,0,1,18,0,2,2,3,2,8,2,1,1,0,7,13,587,569,119,21,12,0,3,2,0,3,5,4,4,0,2,1,3,43,18,569,550,49,14,49,70,4,12,756,666,36,0,0,0,1,1,693,638,35,0,24,15,6,0,1845,1461
2008,79,22,1,186,223,31,24,2,1,0,195,222,28,19,0,179,219,27,17,2,2,3,1,212,195,25,19,0,2,2,0,209,189,25,24,0,202,194,24,20,192,170,41,14,0,0,9,1,1,0,3,3,2,1,1,0,1,1,6,172,169,45,16,5,0,0,0,0,3,0,1,1,4,1,3,1,20,6,167,156,21,11,21,27,5,4,242,207,17,0,0,0,2,0,222,205,17,0,4,3,1,0,579,469
2008,79,23,1,286,339,6,12,1,1,4,289,326,6,8,0,282,320,6,8,0,4,0,2,300,310,7,6,0,0,7,2,294,307,7,7,0,292,306,7,7,291,295,21,5,1,2,4,0,1,1,1,3,1,0,0,1,0,3,3,283,294,23,5,2,0,1,1,0,1,0,0,2,1,1,0,0,9,5,279,288,7,5,7,10,0,1,305,339,3,0,0,0,0,1,296,330,3,0,0,1,0,0,1009,650
2008,79,77,1,34,133,1,4,5,0,3,32,131,2,4,1,30,124,1,3,3,2,0,0,40,114,7,1,0,0,8,3,37,122,3,2,0,37,115,3,1,32,104,11,1,0,0,2,0,1,1,0,0,0,0,0,0,0,0,2,29,101,12,1,2,0,0,0,0,1,1,0,1,0,0,0,2,1,9,29,98,3,1,5,13,0,0,53,121,0,0,0,0,7,1,50,114,0,0,0,2,0,0,0,183
2008,79,78,1,36,60,1,1,0,0,2,36,58,1,1,0,35,57,1,1,0,0,0,0,7,10,1,0,0,0,0,0,8,11,1,0,0,8,10,1,0,9,0,2,0,0,0,0,0,0,0,0,0,0,0,0,0,0,0,0,5,10,2,0,0,0,0,0,0,0,0,0,0,0,0,0,0,0,0,8,12,1,0,0,0,0,0,7,8,0,0,0,0,0,0,11,11,0,0,0,0,0,0,0,102
2008,79,81,1,88,58,4,6,1,1,1,88,58,4,6,0,86,57,4,6,0,0,0,0,91,56,3,6,0,2,2,0,90,56,3,6,0,90,57,3,6,89,53,4,6,0,0,0,0,0,0,0,0,0,0,0,0,0,0,0,54,54,3,6,0,0,0,0,0,0,1,0,0,0,0,1,1,0,1,86,57,4,6,0,0,0,0,93,60,3,0,0,0,1,1,93,60,3,0,0,0,0,0,0,159
2008,80,1,1,290,562,25,13,4,0,1,290,556,23,11,1,281,548,20,11,1,4,2,0,303,536,21,10,0,0,7,1,293,531,22,13,0,295,529,22,12,268,508,45,10,0,0,3,2,9,3,0,0,7,2,1,0,0,2,2,268,506,44,9,6,0,13,2,0,1,7,0,2,2,0,1,3,1,0,261,494,20,8,85,28,3,1,313,533,32,0,0,1,8,3,299,520,29,0,6,6,0,0,1175,898
2008,80,2,1,617,820,38,34,9,0,2,624,812,35,28,0,607,797,32,27,4,3,5,2,643,770,39,24,0,4,5,13,634,737,45,36,0,648,743,39,29,594,672,86,22,0,3,14,1,20,6,1,1,19,2,3,1,0,1,5,589,656,77,26,8,0,38,17,0,0,15,2,5,1,0,1,1,1,1,565,635,33,20,53,76,8,6,711,749,40,0,0,2,7,11,686,721,38,0,8,18,3,0,2048,1524
2008,80,3,1,377,526,40,14,5,2,3,372,524,40,12,1,367,517,39,11,1,3,2,3,389,502,45,9,0,0,2,3,385,482,48,16,0,388,490,47,13,355,437,67,8,0,1,9,2,17,2,0,1,17,2,1,4,0,3,6,352,433,70,9,5,6,18,22,0,3,6,0,1,4,0,2,5,2,1,335,417,39,6,36,56,5,2,451,469,35,0,0,0,6,5,423,454,32,0,8,8,4,0,1345,971
2008,80,4,1,380,658,17,21,6,1,8,382,641,17,16,0,369,631,15,13,2,3,2,3,397,617,21,13,0,0,8,4,393,602,18,18,0,395,592,19,15,358,563,36,10,0,4,6,1,15,7,0,1,12,2,4,0,0,1,4,356,557,43,14,5,0,18,14,0,2,8,0,1,0,0,2,1,1,1,345,550,17,9,31,29,1,3,443,605,18,0,0,1,9,6,417,592,17,0,3,8,4,0,1618,1092
2008,80,5,1,1055,1267,32,44,11,8,4,1055,1252,33,37,4,1032,1226,30,33,3,5,1,5,1081,1213,39,21,0,4,10,15,1079,1157,45,26,3,1089,1157,35,21,1018,1081,81,19,1,2,17,0,42,9,2,1,14,3,2,2,1,1,13,1012,1059,84,21,8,1,48,24,0,1,20,0,2,4,1,8,3,5,1,990,1033,29,19,63,80,8,0,1161,1198,34,0,0,1,9,8,1132,1164,33,0,9,17,1,0,3354,2428
2008,80,6,1,356,513,22,26,2,3,2,356,506,23,22,0,346,496,20,21,1,3,2,5,365,478,20,23,0,3,6,6,362,462,21,26,0,367,467,21,20,341,428,38,18,0,2,6,1,13,4,1,2,12,2,1,0,1,2,2,335,418,43,20,8,0,16,8,0,2,9,0,2,2,0,2,1,2,1,331,408,18,16,19,38,4,3,382,510,14,0,0,2,6,3,371,483,13,0,3,14,2,0,1265,924
2008,80,7,1,332,494,42,14,0,2,0,331,485,41,10,0,320,478,40,8,0,1,0,4,321,500,39,6,0,0,5,3,326,450,43,12,0,326,455,42,8,306,434,63,7,0,1,1,2,7,3,1,0,2,0,0,1,0,0,0,309,430,60,7,0,0,9,5,0,0,6,0,2,0,0,0,1,0,0,293,421,36,4,22,22,6,3,350,487,36,0,0,1,6,0,339,476,33,0,2,7,3,0,1263,886
2008,80,8,1,110,98,2,2,1,3,1,109,99,2,2,0,109,98,2,2,1,1,0,0,115,94,2,0,0,0,4,1,115,91,2,1,0,115,92,2,1,114,89,5,1,0,1,0,0,0,0,0,0,0,0,0,0,0,0,0,111,87,6,1,0,0,0,1,0,0,0,0,0,0,1,0,0,0,0,110,87,2,0,4,5,0,1,124,84,2,0,0,0,5,0,122,82,2,0,4,0,0,0,299,217
2008,80,9,1,520,630,39,25,4,2,2,534,619,38,20,1,513,610,36,17,4,3,4,5,555,572,41,21,0,1,2,5,547,554,45,32,0,546,570,42,19,495,506,81,16,0,7,15,0,18,11,0,0,25,1,1,1,0,0,5,495,485,72,21,12,0,23,25,0,3,15,0,0,2,0,4,8,0,3,481,464,33,16,37,87,9,3,590,569,45,0,0,1,9,6,566,549,37,0,10,15,7,0,1561,1226
2008,80,77,1,8,62,1,0,0,3,4,8,58,2,0,0,8,54,1,0,0,1,0,0,9,55,2,0,0,0,4,3,11,56,2,0,0,10,54,2,0,10,51,3,0,0,0,2,0,1,0,0,0,0,0,0,0,0,0,0,10,48,2,0,0,0,0,60,0,0,1,0,0,0,0,0,0,1,0,9,47,2,0,1,6,0,0,14,55,1,0,0,0,5,2,14,52,1,0,0,0,0,0,0,78
2008,80,78,1,19,39,0,3,0,2,1,21,37,0,2,0,19,35,0,2,1,0,0,0,9,16,0,1,0,0,0,1,8,16,0,1,0,9,15,0,2,8,15,0,1,0,0,1,0,1,0,0,0,0,0,0,0,0,0,0,8,15,0,1,0,0,1,1,0,0,0,0,0,0,0,0,0,0,0,7,15,0,1,1,0,0,0,9,17,0,0,0,0,0,1,9,15,0,0,0,0,0,0,0,62
2008,80,81,1,80,64,4,2,0,2,0,80,64,4,2,0,80,63,4,2,0,0,0,0,79,61,5,2,0,2,2,0,80,57,5,4,0,80,61,5,2,80,57,5,2,0,0,1,0,0,1,0,0,0,0,0,0,0,0,0,80,57,6,2,0,0,0,1,0,0,3,0,0,0,0,0,0,0,0,79,56,5,2,1,2,0,0,82,64,4,0,0,0,2,0,82,62,4,0,0,2,0,0,0,152
2008,81,1,1,358,467,46,39,4,0,1,365,470,45,28,1,346,458,40,25,1,4,6,13,404,426,46,19,0,0,3,2,395,418,47,24,0,374,414,46,24,329,368,85,15,0,5,8,0,5,16,1,7,1,4,28,6,0,0,2,318,357,72,14,21,0,0,18,8,3,1,1,46,0,1,1,1,0,0,315,337,36,9,48,59,8,11,437,410,45,0,0,7,6,6,422,402,42,0,4,2,4,0,1155,916
2008,81,2,1,493,443,26,26,2,1,2,503,436,23,20,0,488,432,23,19,1,2,2,1,546,386,29,13,0,0,4,3,530,382,28,16,0,518,373,26,17,489,353,61,10,0,1,3,0,1,3,0,1,2,1,16,3,0,1,2,483,352,63,9,5,0,2,8,0,1,0,0,16,0,0,0,0,1,2,477,337,26,8,29,28,0,7,649,318,18,0,0,1,3,4,626,312,18,0,2,3,1,0,1277,993
2008,81,3,1,217,222,8,8,1,1,0,222,216,6,6,1,214,213,6,6,0,0,1,1,238,206,5,5,0,0,2,0,235,197,6,8,0,225,185,5,7,216,168,9,5,0,2,0,0,0,13,0,2,1,3,7,0,0,1,2,210,167,20,4,10,0,1,5,2,1,0,0,16,0,0,0,4,0,1,205,158,5,4,14,25,0,0,293,156,7,0,0,1,1,1,285,147,6,0,0,4,0,0,584,457
2008,81,4,1,500,570,34,25,4,1,5,509,561,29,20,0,491,554,27,20,3,2,4,4,536,516,37,16,0,0,4,7,529,502,40,22,0,517,484,39,24,493,458,70,15,0,0,5,0,2,14,2,0,1,2,14,2,1,2,0,488,461,68,12,9,0,1,13,3,0,0,0,18,4,0,0,1,0,0,476,429,34,12,33,45,6,5,644,443,33,0,0,4,4,10,624,428,32,0,3,11,5,0,1476,1139
2008,81,5,1,617,736,61,20,8,3,5,616,729,60,21,2,607,724,58,16,0,3,7,5,661,673,69,17,0,4,6,3,643,675,69,19,0,635,663,64,20,603,612,107,11,0,0,7,1,1,19,2,0,1,2,18,4,0,1,2,591,612,108,11,20,0,5,4,4,2,1,0,20,3,0,0,6,2,3,580,582,58,9,43,64,5,5,783,601,50,0,0,3,7,5,740,587,48,0,13,12,7,0,1890,1452
2008,81,6,1,519,677,38,48,4,4,3,525,667,36,43,0,506,654,34,40,3,2,3,4,573,618,48,27,0,0,6,2,554,617,45,32,0,527,611,39,35,487,549,76,26,0,1,8,1,6,22,0,1,4,3,37,8,0,1,8,471,541,68,22,21,0,3,23,10,4,2,1,45,3,1,0,3,2,2,457,513,35,20,54,79,2,10,699,534,41,0,0,3,7,4,658,519,41,0,9,9,1,0,1575,1293
2008,81,7,1,358,364,31,30,10,0,2,367,359,28,31,2,352,349,26,25,0,5,2,3,383,356,34,15,0,1,0,3,387,329,36,19,0,379,329,29,22,343,304,63,15,1,0,4,0,1,8,0,1,0,0,19,3,0,0,1,331,297,56,14,10,0,1,8,0,2,1,0,23,1,0,0,2,0,1,322,275,27,11,43,45,2,5,448,308,35,0,0,0,0,4,429,300,34,0,8,4,1,0,985,797
2008,81,8,1,927,1589,65,76,13,1,3,929,1566,66,70,5,903,1541,57,62,4,3,11,6,1064,1433,72,53,0,3,9,11,1007,1424,84,65,0,963,1392,68,60,903,1228,146,44,1,4,23,0,4,33,2,3,5,7,52,7,0,1,6,891,1287,131,37,34,0,1,31,6,9,7,0,71,3,1,1,1,3,4,852,1226,51,31,79,136,15,18,1275,1314,61,0,0,2,10,7,1212,1275,59,0,11,24,6,0,3284,2677
2008,81,9,1,319,750,13,24,10,1,0,317,751,12,21,0,314,731,12,21,0,8,1,2,359,690,15,23,0,4,4,11,342,684,21,20,0,332,674,11,22,316,647,31,14,0,3,2,0,1,14,0,2,2,4,14,3,1,1,2,310,643,34,10,8,0,0,6,2,2,3,1,21,1,0,0,0,0,2,303,621,11,11,24,51,0,7,436,648,13,0,0,4,6,4,419,628,13,0,2,5,0,0,1434,1116
2008,81,10,1,952,1074,81,71,10,3,2,971,1058,73,64,3,929,1034,70,56,4,7,7,6,1050,977,78,58,0,0,5,2,1026,966,85,55,0,1002,942,76,55,927,859,141,46,0,3,9,1,3,40,4,10,4,4,59,11,0,1,2,906,862,125,40,31,0,6,23,8,2,2,0,72,5,3,1,2,3,4,882,799,64,37,96,120,14,9,1253,856,68,0,0,6,7,1,1194,828,53,0,15,23,7,0,2676,2197
2008,81,11,1,648,518,24,23,2,1,1,647,511,23,19,2,630,497,23,17,2,4,2,5,707,447,28,15,0,1,9,3,673,461,30,21,0,666,452,28,20,634,426,51,18,1,3,2,0,0,8,1,3,1,1,12,6,0,0,3,623,421,49,16,9,0,1,9,1,4,0,0,26,3,0,1,3,3,2,615,397,24,13,40,49,4,5,765,412,23,0,0,1,7,6,742,405,21,0,6,8,4,0,1454,1218
2008,81,12,1,167,284,9,5,1,1,1,166,281,10,3,0,163,279,9,3,3,0,0,1,178,273,11,2,0,0,2,0,176,268,10,5,0,174,265,8,4,169,250,19,2,0,0,0,0,0,6,0,0,0,1,3,1,0,1,3,167,246,17,2,5,0,0,1,0,0,2,0,8,1,0,0,0,0,1,164,243,8,1,8,20,0,1,207,253,8,0,0,0,4,1,196,242,5,0,3,7,1,0,527,469
2008,81,13,1,518,376,27,28,3,0,4,521,366,29,24,0,509,355,27,22,0,6,1,2,542,337,44,18,0,0,3,7,522,331,32,23,0,520,327,31,21,493,306,54,17,0,4,1,0,2,5,0,0,0,1,11,6,1,2,2,490,303,53,16,14,0,5,5,2,1,1,0,11,0,1,0,2,2,1,478,285,29,15,32,35,1,4,577,336,26,0,0,6,3,3,557,314,25,0,10,10,1,0,1215,956
2008,81,77,1,4,40,1,4,0,3,0,4,38,1,4,0,4,38,1,4,0,0,0,0,6,38,1,3,0,0,3,1,4,36,1,3,0,4,34,1,3,4,32,2,3,0,0,0,0,0,1,0,0,0,0,0,1,0,0,0,4,33,2,2,0,0,0,1,1,0,0,0,0,0,0,0,0,0,0,4,31,1,2,0,3,0,1,12,34,1,0,0,0,3,1,10,32,1,0,0,0,0,0,0,52
2008,81,78,1,26,38,1,0,0,0,1,26,35,1,0,0,25,34,1,0,0,0,0,0,7,10,1,0,0,0,0,4,7,13,1,0,0,7,13,1,0,7,10,2,0,0,0,0,0,0,0,0,0,0,0,0,0,0,0,0,6,10,2,0,0,0,0,0,0,0,0,0,0,0,0,0,0,0,0,6,10,1,0,0,0,0,0,8,9,0,0,0,0,0,8,8,9,0,0,0,0,0,0,0,67
2008,81,81,1,39,44,8,2,0,0,0,39,44,8,2,0,39,44,8,2,39,44,8,2,42,41,7,1,0,0,0,0,42,41,7,1,0,41,41,7,1,40,39,9,0,0,0,1,0,0,1,0,0,0,1,0,0,0,0,0,37,39,9,0,0,0,0,0,2,0,0,0,2,1,0,0,0,0,1,37,38,7,0,4,2,0,0,42,42,7,0,0,0,0,2,42,40,7,0,0,0,0,0,0,93
2008,82,1,1,482,582,18,30,4,1,4,485,572,19,26,1,476,567,18,25,4,3,0,4,517,539,21,22,0,0,2,4,515,528,19,28,0,498,535,19,26,475,501,47,26,0,14,1,1,0,4,7,1,0,1,0,22,1,0,1,482,475,51,21,8,0,1,3,5,1,3,0,1,0,0,0,29,1,5,463,469,16,17,30,53,2,7,631,456,21,0,0,0,1,5,607,452,21,0,5,7,2,0,1417,1122
2008,82,2,1,175,362,19,16,4,3,2,175,357,19,14,1,172,352,19,13,0,1,0,2,179,333,17,10,0,1,9,5,184,329,18,18,0,172,328,15,10,159,303,42,8,0,6,1,0,1,4,0,0,2,1,3,6,0,0,7,162,296,35,6,10,0,0,3,3,3,1,0,0,2,1,2,6,0,3,153,286,14,5,17,32,1,5,254,298,16,0,0,1,4,3,236,292,16,0,0,6,0,0,754,581
2008,82,3,1,682,646,45,40,14,2,2,691,638,40,40,4,659,616,34,31,3,10,6,6,720,581,42,42,0,0,14,6,724,576,38,36,0,697,574,36,47,646,527,76,28,0,34,3,1,1,6,0,4,6,10,1,11,1,8,6,686,501,72,27,16,0,1,4,8,2,3,0,1,4,0,3,10,5,17,630,496,31,26,53,58,4,6,887,497,31,0,0,0,11,1,832,492,29,0,7,13,5,0,1826,1433
2008,82,4,1,838,583,20,19,9,3,3,832,580,23,16,2,825,569,19,16,6,6,3,1,874,524,22,18,0,1,5,3,870,518,24,18,0,844,528,21,20,817,500,51,17,0,17,0,1,3,1,1,0,1,2,1,10,0,1,3,837,487,47,14,14,0,0,1,0,0,0,0,2,1,0,1,5,0,5,800,471,21,14,41,48,1,3,1001,437,14,0,0,0,9,5,972,433,11,0,7,11,1,0,2028,1478
2008,82,5,1,610,655,49,60,11,1,1,626,652,54,39,2,583,627,43,34,7,7,15,20,632,561,40,55,0,1,6,1,658,560,33,53,0,612,564,32,63,527,501,94,33,1,61,4,1,3,3,3,2,7,15,7,12,2,8,5,609,417,72,30,41,0,1,5,28,1,6,0,1,8,0,2,29,7,16,531,432,28,26,69,132,11,24,886,442,36,0,0,1,5,1,858,443,34,0,17,21,6,0,1620,1389
2008,82,6,1,463,364,14,25,2,0,3,472,350,13,21,2,457,345,13,18,1,2,2,3,479,329,16,17,0,0,4,4,483,318,13,19,2,468,324,16,19,444,300,36,13,0,19,0,0,1,2,0,1,3,2,0,4,0,3,2,455,283,33,10,7,0,0,3,2,2,2,0,2,2,0,3,7,2,7,432,282,12,10,27,28,4,5,590,254,12,0,0,0,5,4,547,253,12,0,10,10,2,0,1188,871
2008,82,7,1,915,917,88,126,21,4,3,949,907,82,105,5,888,872,70,94,9,3,10,28,981,805,89,126,0,3,5,8,1023,790,85,132,1,944,811,77,142,836,714,175,86,2,69,4,3,5,9,3,5,10,19,10,25,2,14,10,933,624,140,73,62,0,3,8,13,2,12,1,5,3,1,10,44,5,24,805,615,65,66,94,141,14,35,1394,589,72,0,0,3,6,8,1296,573,68,0,32,24,10,0,2569,2069
2008,82,8,1,210,164,6,8,1,1,1,209,162,5,8,0,205,156,5,7,0,0,0,1,212,148,6,8,0,0,4,2,216,146,5,6,0,209,144,3,10,196,134,18,6,0,4,0,0,1,1,1,1,0,0,1,3,0,1,2,200,131,11,6,4,0,0,2,4,0,2,0,0,2,0,2,2,1,1,191,127,2,4,16,16,1,3,258,122,5,0,0,1,2,1,242,118,4,0,4,6,2,0,522,390
2008,82,9,1,629,621,10,38,4,1,4,630,611,9,32,3,617,588,9,29,1,2,3,2,687,559,8,21,0,0,7,4,657,544,8,24,0,644,564,8,17,612,521,51,11,0,11,0,2,1,2,0,1,5,1,0,10,0,0,4,617,488,46,18,19,0,2,3,2,1,1,1,2,2,1,3,18,1,5,595,474,6,13,39,67,2,7,831,458,5,0,0,0,7,1,794,482,5,0,5,7,0,0,1893,1309
2008,82,10,1,890,794,89,120,9,0,0,927,781,80,106,1,855,754,70,88,7,3,14,25,963,665,79,115,0,2,3,6,1015,649,73,99,0,935,660,71,125,780,559,175,72,0,94,5,3,7,18,9,13,11,26,14,21,1,14,12,867,487,134,55,105,0,1,6,39,7,9,1,1,5,2,13,49,15,24,726,469,47,52,154,149,15,33,1368,465,62,0,0,0,2,4,1260,455,57,0,32,27,10,0,2231,1904
2008,82,11,1,839,852,35,59,27,1,1,853,843,31,54,12,815,819,27,45,3,10,8,14,885,760,39,70,0,1,12,5,899,762,38,62,1,854,781,34,69,779,690,105,38,1,40,6,0,5,7,4,12,9,9,5,25,2,1,9,807,630,92,36,39,0,3,6,21,4,3,1,4,8,0,8,37,5,17,740,609,28,33,76,125,5,17,969,625,32,0,0,2,6,2,1075,614,30,0,18,22,6,0,2320,1816
2008,82,12,1,714,787,44,80,17,3,4,726,783,46,67,4,688,745,40,56,3,7,8,8,795,688,41,60,0,2,6,4,805,691,37,57,0,755,707,39,62,672,643,100,36,0,59,6,3,7,9,2,3,4,8,8,17,2,3,6,727,570,87,28,65,0,0,6,10,8,6,0,2,4,2,6,20,1,13,641,560,31,27,81,104,8,16,1065,535,31,0,0,0,13,3,999,526,26,0,10,17,7,0,2203,1654
2008,82,13,1,672,623,10,35,14,5,7,676,606,10,28,4,661,593,9,27,4,6,1,7,735,523,12,27,0,2,13,16,729,522,13,27,1,693,527,11,28,658,479,43,20,3,17,3,0,4,12,1,3,5,3,1,10,1,2,2,672,465,41,20,17,0,0,6,2,0,2,0,6,2,0,2,13,1,15,641,451,9,18,35,61,0,8,881,451,11,0,0,2,12,10,835,445,10,0,3,11,0,0,1818,1367
2008,82,14,1,524,680,49,65,12,0,3,545,668,38,69,6,505,643,35,52,6,18,9,20,604,585,47,83,0,3,4,3,628,574,30,86,0,575,591,31,97,427,485,116,45,0,89,6,3,10,14,5,11,19,21,9,18,0,12,17,542,397,87,43,45,1,2,2,28,6,16,1,4,11,1,6,54,19,33,396,377,23,35,122,154,10,21,908,396,20,0,0,3,2,2,838,375,18,0,17,32,11,0,1506,1334
2008,82,15,1,1225,1156,94,133,16,7,4,1249,1144,93,102,5,1197,1120,79,95,9,3,15,10,1334,1010,87,94,0,4,12,10,1347,975,85,98,1,1243,1066,81,106,1122,914,220,76,0,72,4,1,3,9,4,4,11,17,8,25,0,4,16,1215,855,197,64,35,3,3,5,15,0,9,1,7,4,1,9,30,4,27,1079,821,70,53,130,143,12,24,1784,750,69,0,0,4,9,15,1679,741,64,0,21,29,9,0,3302,2637
2008,82,16,1,245,130,8,15,1,0,5,246,126,9,13,0,236,122,7,13,5,2,0,1,259,115,6,16,0,0,0,4,259,113,7,13,0,249,116,6,13,241,110,16,9,0,4,0,0,0,0,0,0,1,1,1,4,0,0,0,253,97,13,10,7,0,0,1,1,0,1,0,0,0,0,0,5,0,0,237,95,4,9,11,20,2,3,280,109,7,0,0,0,3,3,272,108,5,0,3,3,1,0,538,404
2008,82,17,1,310,341,14,40,9,0,4,315,338,15,33,2,308,326,13,30,2,6,1,3,336,304,13,34,0,1,4,4,335,303,13,34,0,322,308,12,32,296,285,38,22,1,18,1,0,1,3,1,1,3,1,1,5,1,2,4,318,254,36,19,13,0,0,0,2,3,0,0,2,0,0,3,9,2,11,287,251,11,18,31,38,2,9,446,256,10,0,0,0,3,5,422,251,9,0,1,4,5,0,969,721
2008,82,18,1,377,354,21,40,5,1,1,395,352,17,28,1,372,347,17,27,3,0,2,7,413,308,19,27,0,1,8,0,419,300,18,32,2,393,302,17,36,362,268,48,20,0,23,3,0,2,0,0,5,3,8,3,9,2,4,3,390,254,38,18,10,0,4,2,7,3,1,0,4,6,0,1,8,3,9,349,242,14,17,29,46,1,7,538,234,21,0,0,1,1,0,517,232,17,0,6,8,4,0,998,801
2008,82,77,1,19,50,0,2,0,3,1,20,45,2,2,0,16,43,0,2,0,2,2,0,18,43,1,0,0,0,4,4,19,43,1,0,0,18,43,1,1,16,41,4,0,0,1,0,0,0,0,0,0,0,0,0,1,0,1,0,17,31,4,0,0,0,0,0,0,1,0,0,0,0,0,0,11,0,1,16,31,1,0,1,11,1,0,42,27,0,0,0,0,4,2,39,26,0,0,0,1,0,0,0,76
2008,82,78,1,60,81,4,5,1,0,0,57,79,4,6,0,58,77,3,5,0,0,0,0,34,29,0,4,0,0,0,14,32,30,0,4,0,32,31,0,4,31,29,1,4,0,1,1,0,0,0,0,0,0,0,0,0,0,0,0,30,28,3,4,0,0,0,0,0,0,0,0,0,0,0,0,1,1,1,29,28,0,4,1,2,0,0,44,22,1,0,0,0,2,13,42,22,1,0,0,1,0,0,0,150
2008,82,81,1,79,42,4,1,1,1,0,78,42,4,1,0,78,42,4,1,0,0,0,0,81,40,4,1,0,0,0,0,81,40,4,1,0,79,41,4,1,79,41,4,1,0,0,0,0,0,1,0,0,0,0,0,0,0,0,0,79,38,4,1,0,0,0,1,0,1,0,0,0,0,0,1,1,0,1,78,37,4,1,1,1,0,0,89,34,4,0,0,0,0,0,87,34,4,0,1,0,0,0,0,128
2008,83,1,1,805,748,34,73,18,1,6,823,743,34,57,6,788,729,29,54,2,9,7,9,838,701,34,42,32,1,5,2,867,677,37,51,0,826,687,38,64,730,611,103,44,0,5,9,5,4,5,0,17,13,1,5,7,0,44,31,717,562,101,38,54,1,4,7,7,6,2,0,9,26,0,68,18,3,2,686,543,29,28,111,105,8,20,1070,559,39,0,0,4,5,5,996,549,33,0,25,27,6,0,2175,1687
2008,83,2,1,631,963,27,60,11,4,7,638,952,27,47,1,611,925,23,43,3,14,5,9,686,875,25,35,17,0,24,7,654,865,34,51,2,624,875,27,55,564,801,75,46,0,1,6,14,3,1,1,3,17,1,2,6,0,33,19,563,771,77,35,21,0,4,6,8,2,3,0,2,26,0,47,15,0,1,543,756,22,27,64,89,2,19,898,743,26,0,0,1,14,7,838,735,22,0,6,15,2,0,2221,1702
2008,83,3,1,942,804,67,70,32,3,3,959,809,60,62,10,917,763,55,56,7,17,9,5,1002,732,56,42,45,0,13,3,1054,705,55,47,3,995,720,55,61,870,606,132,29,0,8,12,14,7,9,1,7,34,1,8,9,1,65,37,811,543,112,22,82,1,11,9,14,11,6,0,8,48,0,118,21,2,8,785,532,40,20,166,143,12,17,1264,589,49,0,0,3,11,3,1150,576,44,0,32,26,11,0,2442,1923
2008,83,4,1,512,581,20,42,11,1,8,522,581,12,37,1,498,568,11,34,1,5,3,8,528,508,21,33,72,1,6,7,561,516,25,40,1,535,531,23,41,489,477,66,31,0,2,5,1,4,5,0,5,11,0,2,7,3,21,13,479,460,63,21,18,1,6,2,1,4,2,0,2,21,9,29,8,0,3,457,424,17,19,61,85,5,14,717,421,22,0,0,2,5,7,686,417,18,0,7,9,2,0,1693,1180
2008,83,5,1,944,1086,34,84,19,6,5,961,1076,35,65,4,921,1049,28,54,10,10,5,6,1000,974,34,49,54,0,14,15,1018,973,38,55,0,951,991,36,64,854,880,126,46,0,2,17,5,8,4,1,12,17,0,7,18,1,56,32,843,825,111,41,52,1,5,8,6,6,3,0,6,30,0,84,31,2,6,810,798,26,32,113,150,14,10,1340,789,27,0,0,0,8,5,1279,783,20,0,15,22,9,0,2917,2184
2008,83,6,1,582,669,41,73,14,3,3,593,672,33,62,6,565,647,29,53,2,0,7,12,635,619,25,43,19,4,5,5,643,611,30,52,0,617,622,26,54,533,556,86,40,0,2,5,8,1,2,0,2,8,2,8,3,1,43,22,528,522,66,33,40,1,2,2,8,1,7,0,4,23,0,60,12,2,3,514,509,19,33,66,82,5,7,850,498,24,0,0,0,6,4,802,491,22,0,11,11,5,0,1728,1387
2008,83,7,1,277,283,34,20,8,1,1,284,281,34,17,0,268,274,31,14,0,4,3,10,279,247,30,9,23,0,0,1,313,251,30,14,0,291,257,30,16,241,222,61,11,0,3,5,5,1,1,0,2,14,0,3,2,0,19,11,228,207,59,6,21,0,0,3,2,2,1,0,2,7,0,40,13,1,3,207,195,25,4,65,48,4,7,371,213,33,0,0,0,2,0,349,208,25,0,2,5,5,0,773,618
2008,83,8,1,208,414,12,34,8,2,1,212,402,11,34,1,203,393,8,30,0,7,1,1,233,371,9,21,19,0,2,6,233,374,12,26,0,215,381,12,29,208,344,35,21,1,0,2,3,0,1,0,2,9,0,0,2,1,6,10,208,333,35,20,11,0,1,1,0,0,2,0,1,6,0,9,9,0,1,205,321,8,18,8,51,2,7,319,327,14,0,0,1,6,2,295,325,12,0,9,7,2,0,989,684
2008,83,9,1,246,270,15,19,8,1,4,252,269,11,14,1,236,252,10,14,3,5,0,1,270,234,13,8,9,0,5,2,272,228,15,10,0,258,227,15,10,234,202,37,5,1,0,3,1,4,1,0,0,8,1,3,4,0,13,10,224,191,37,7,12,0,4,2,1,1,1,0,5,10,0,21,4,1,1,220,181,12,4,28,40,1,4,338,197,17,0,0,1,2,2,317,191,12,0,2,7,0,0,895,564
2008,83,10,1,646,734,38,44,17,0,7,650,721,39,36,7,630,695,35,33,4,6,1,9,677,652,38,34,46,1,5,8,703,651,48,39,2,669,648,39,42,593,589,88,31,2,1,9,7,3,2,1,9,22,0,0,6,1,38,17,584,545,89,27,29,2,2,4,9,4,5,0,4,32,1,50,18,1,3,550,527,37,25,97,99,4,11,892,540,34,0,0,6,2,7,830,522,31,0,12,16,4,0,2244,1493
2008,83,11,1,235,698,13,37,7,1,9,241,695,12,36,2,225,678,10,31,2,4,3,3,289,645,12,21,9,1,8,9,267,644,13,25,1,245,652,9,24,222,606,37,22,0,0,3,4,1,3,0,0,11,4,0,9,0,16,13,210,559,39,20,12,1,4,1,3,1,1,0,3,30,2,27,11,0,1,208,553,7,16,23,80,2,5,422,543,18,0,0,0,11,7,386,541,13,0,92,8,2,0,1232,1005
2008,83,12,1,352,399,24,35,15,0,2,363,403,19,31,3,349,389,18,25,2,4,5,9,370,365,23,21,28,0,1,3,377,361,23,28,1,364,367,23,31,340,342,48,15,0,2,3,2,2,1,0,3,11,2,5,1,1,11,9,329,326,41,12,12,0,1,0,5,3,1,0,4,12,0,23,14,3,0,323,318,21,11,26,40,2,11,483,310,25,0,0,0,5,6,448,305,23,0,8,10,1,0,1096,831
2008,83,13,1,706,779,56,58,17,1,5,718,778,49,52,5,685,747,45,44,6,8,7,10,764,691,43,46,24,0,4,7,775,680,42,59,0,736,698,40,55,673,603,92,44,0,6,14,5,2,5,1,4,18,1,7,10,1,44,20,651,580,89,40,36,2,5,8,8,1,0,1,3,38,0,46,16,2,6,638,564,35,35,69,98,5,14,1006,573,25,0,0,2,7,3,948,567,23,0,9,11,8,0,2142,1621
2008,83,14,1,877,1051,56,71,19,0,5,900,1038,50,62,6,856,1015,48,51,3,7,8,13,945,921,49,51,69,0,5,3,961,926,49,62,1,912,947,54,71,817,834,107,48,2,7,10,8,4,2,1,5,31,1,12,16,0,70,43,770,786,96,36,75,1,7,2,12,4,4,0,12,51,0,77,42,1,3,735,754,35,30,129,153,13,18,1211,796,53,0,0,0,11,4,1125,785,43,0,26,20,5,0,2835,2080
2008,83,15,1,450,518,18,29,9,1,4,447,511,14,27,0,437,493,12,26,1,3,2,2,485,441,15,19,18,0,5,7,486,442,15,25,2,473,446,16,25,440,405,45,20,0,1,5,3,1,4,1,1,8,1,1,5,0,17,15,429,390,43,17,14,0,4,2,0,1,3,0,1,17,0,22,13,0,1,416,371,13,15,49,70,2,7,634,367,17,0,0,0,4,5,598,363,14,0,4,12,0,0,1674,1033
2008,83,16,1,614,627,30,49,12,0,2,630,624,22,41,5,603,596,22,35,2,6,5,10,635,565,24,25,36,1,5,2,676,560,25,31,2,639,578,26,34,582,493,71,25,2,2,6,4,3,2,0,5,17,2,4,5,1,45,21,557,474,67,18,26,0,4,6,8,7,3,0,5,26,0,55,19,0,6,537,449,19,17,83,93,4,11,840,457,21,0,0,2,7,2,789,447,21,0,8,11,1,0,1890,1334
2008,83,17,1,497,546,41,38,11,1,1,511,539,36,29,3,481,522,33,23,2,4,5,14,535,483,28,32,28,4,6,0,551,473,27,45,0,507,489,30,56,465,460,78,27,0,2,3,8,4,5,0,1,8,0,5,6,0,25,15,443,411,75,25,36,0,2,3,10,3,5,0,1,19,0,38,14,0,3,424,400,24,21,78,66,3,12,695,403,22,0,0,1,8,3,664,398,20,0,7,5,5,0,1499,1136
2008,83,18,1,110,242,5,8,1,0,2,110,244,3,5,0,107,242,3,5,0,0,1,2,108,229,2,6,15,0,2,3,105,228,5,12,0,102,228,4,12,84,208,14,8,0,0,3,0,1,0,0,8,3,0,5,1,0,5,7,75,201,14,4,9,0,0,1,1,1,3,0,3,8,0,22,3,1,0,71,199,2,3,28,27,0,1,154,203,6,0,0,0,1,4,143,201,5,0,0,6,0,0,429,368
2008,83,19,1,838,949,48,92,10,3,3,868,934,41,67,2,826,920,38,65,6,4,5,15,928,787,42,57,44,0,6,7,925,799,43,68,0,874,825,44,81,770,697,128,55,0,4,11,8,9,12,0,7,26,2,8,7,1,49,37,741,657,122,52,50,0,6,9,24,5,3,0,4,42,1,82,29,2,6,712,629,32,38,122,138,10,17,1223,674,26,0,0,1,8,3,1159,665,24,0,9,19,8,0,2568,1947
2008,83,20,1,1105,1183,92,151,29,0,6,1136,1162,117,157,8,1074,1134,77,114,7,13,10,28,1218,1027,68,100,58,0,10,19,1235,1031,83,107,1,1134,1057,94,123,1007,903,204,86,0,8,15,15,11,14,1,12,25,2,6,12,1,84,31,966,840,188,69,61,0,10,6,16,7,6,0,8,50,2,131,31,6,8,922,820,59,66,267,171,19,25,1659,813,64,0,0,2,11,9,1540,799,58,0,22,38,7,0,3349,2567
2008,83,21,1,1165,1254,62,103,29,4,9,1183,1239,65,80,12,1137,1210,55,73,5,10,11,14,1235,1125,55,67,67,1,11,10,1278,1086,61,88,1,1197,1117,58,92,1032,990,137,60,4,9,27,19,12,7,1,11,23,2,12,12,3,81,26,1023,919,145,61,57,1,6,9,18,11,6,4,9,55,3,111,29,5,6,985,889,40,41,160,174,11,26,1631,914,47,0,0,4,11,5,1524,901,42,0,21,24,10,0,3452,2627
2008,83,22,1,492,632,19,38,10,0,5,487,621,22,35,5,473,606,18,33,2,3,4,5,550,540,17,27,13,2,4,9,531,549,22,29,0,507,552,21,35,469,504,52,28,0,8,6,4,2,6,0,1,12,1,1,4,0,25,10,458,489,53,28,16,0,2,3,1,3,3,0,2,19,0,34,13,0,3,449,465,13,25,45,72,7,3,694,462,18,0,0,2,9,4,655,454,15,0,2,14,3,0,1661,1197
2008,83,23,1,718,793,44,61,14,1,5,725,788,45,48,2,700,765,40,44,0,3,3,9,751,717,40,37,40,0,4,7,758,704,46,52,2,729,707,40,62,665,623,114,40,0,3,16,4,5,9,0,5,14,2,3,10,0,24,25,650,585,96,35,45,0,5,6,10,3,3,0,1,28,0,46,28,1,3,622,570,31,29,82,116,5,7,970,598,44,0,0,0,13,3,913,598,42,0,8,17,0,0,2209,1635
2008,83,24,1,1060,1194,28,101,29,6,4,1090,1197,31,79,4,1033,1162,23,69,5,13,8,19,1151,1061,27,56,59,1,11,5,1154,1049,36,67,3,1098,1070,34,80,996,960,126,53,0,4,10,4,10,4,0,11,25,2,4,10,1,52,35,976,895,113,43,71,0,7,5,10,2,6,0,12,55,0,82,34,1,1,951,876,24,40,109,147,6,22,1462,907,27,0,0,5,10,8,1393,900,24,0,14,21,5,0,3445,2426
2008,83,25,1,946,928,48,108,24,1,1,974,916,45,90,4,922,892,40,81,9,18,10,18,992,827,34,74,64,1,7,12,1017,811,41,92,0,963,824,41,109,842,729,96,67,0,10,8,17,12,9,0,20,14,1,2,15,2,81,34,793,657,103,57,53,1,6,6,15,9,8,1,9,37,0,144,39,2,2,766,635,28,51,157,154,10,23,1324,675,34,0,0,3,8,5,1241,660,33,0,19,19,4,0,2686,2057
2008,83,26,1,1000,1043,65,86,29,2,4,1024,1042,57,71,6,971,1001,52,64,6,13,5,16,1071,961,44,50,45,0,14,6,1086,928,58,63,0,1028,948,53,75,910,786,149,45,0,4,18,15,6,9,0,7,29,4,5,12,0,69,51,873,722,135,37,61,0,6,9,12,9,8,0,5,61,0,101,45,4,4,844,693,34,31,135,195,13,19,1387,774,39,0,0,1,11,8,1288,759,37,0,28,25,5,0,2877,2230
2008,83,27,1,351,263,7,20,6,1,1,348,260,7,20,2,342,256,7,16,2,6,0,2,343,231,8,19,39,0,1,4,359,228,8,19,0,348,237,8,22,333,207,21,16,0,1,0,2,4,3,1,1,7,1,2,4,0,7,5,327,193,21,14,9,0,2,0,4,0,1,0,4,12,0,14,7,1,1,305,188,8,11,40,39,0,6,435,197,9,0,0,2,3,0,414,192,7,0,3,6,2,0,835,651
2008,83,28,1,734,540,27,57,7,4,8,719,530,31,51,3,700,513,25,42,3,2,2,10,755,479,26,47,24,0,10,6,754,469,31,40,0,724,481,27,45,676,429,68,31,0,3,10,4,4,4,0,3,9,1,2,8,0,32,9,670,422,65,25,23,0,6,4,4,6,1,0,3,10,1,38,9,0,2,653,406,24,22,58,52,3,15,910,416,24,0,0,0,8,12,866,413,23,0,4,10,2,0,1812,1377
2008,83,29,1,400,468,34,46,4,3,1,415,469,28,37,0,396,458,32,37,1,3,6,3,409,391,31,26,21,0,7,1,415,390,37,32,1,387,395,29,36,324,337,80,27,0,2,5,6,1,1,0,4,7,3,4,7,0,45,17,315,328,69,26,16,0,2,3,2,3,2,0,4,20,0,57,13,0,0,327,335,30,23,71,62,3,8,565,365,23,0,0,0,5,3,541,359,25,0,3,4,2,0,1232,966
2008,83,30,1,183,392,15,14,1,3,1,190,385,15,12,1,177,372,13,8,1,2,2,2,200,346,12,14,10,1,5,3,202,350,13,14,0,192,352,11,16,163,326,34,11,0,0,6,0,0,0,4,2,4,0,2,7,1,13,8,158,310,38,10,10,0,2,1,1,2,1,1,2,8,0,21,13,0,2,154,298,9,9,30,50,2,4,268,319,13,0,0,0,4,1,241,312,10,0,5,10,1,0,729,608
2008,83,31,1,754,806,25,58,25,3,6,762,797,24,48,8,733,775,21,40,1,10,5,14,811,710,20,42,54,0,3,8,831,711,19,50,1,791,711,19,56,731,634,76,37,1,12,9,12,2,9,0,5,16,1,5,10,2,42,27,715,593,80,32,42,0,5,2,12,7,5,0,3,44,0,57,22,1,3,666,562,15,24,94,127,6,10,1084,556,18,0,0,2,6,9,1015,548,15,0,20,22,3,0,2257,1681
2008,83,32,1,962,873,32,68,17,0,8,979,864,32,49,7,943,855,27,46,5,6,5,8,1038,788,23,48,29,0,7,4,1030,785,26,53,0,995,795,24,54,942,709,97,35,0,1,7,13,3,2,1,2,15,0,2,5,2,37,21,931,698,97,35,16,1,3,2,6,7,2,0,5,9,0,42,17,0,2,913,671,22,27,64,93,3,11,1280,644,21,0,0,0,7,7,1224,632,17,0,11,19,3,0,2522,1965
2008,83,33,1,186,271,5,15,1,1,0,193,263,6,12,0,185,264,5,11,1,1,0,2,214,233,6,7,10,2,4,0,212,236,6,9,0,205,238,5,11,188,225,15,9,0,1,0,0,0,2,0,2,5,0,0,1,0,11,1,185,218,18,9,4,0,0,2,0,0,1,0,2,5,0,15,3,1,0,176,208,4,7,26,25,2,1,264,207,4,0,0,0,1,1,258,207,4,0,2,2,1,0,632,479
2008,83,77,1,50,194,2,3,3,4,1,48,188,5,2,1,44,179,2,2,0,2,1,1,56,151,7,3,2,0,11,1,58,148,9,3,0,53,152,7,3,45,136,17,2,0,1,2,0,0,3,0,0,6,1,1,0,0,1,1,42,90,25,2,2,0,0,0,0,2,1,0,2,60,0,1,2,0,0,41,88,6,2,8,57,1,1,147,94,3,0,0,0,10,2,134,90,3,0,0,4,0,0,0,257
2008,83,78,1,135,206,9,6,2,2,1,135,201,9,3,1,133,195,9,3,0,0,0,0,46,62,4,1,5,0,1,18,78,86,9,4,0,73,90,8,3,40,56,13,3,0,0,2,0,0,0,0,0,6,0,0,0,0,1,1,39,52,14,2,3,0,0,0,0,0,0,0,0,2,0,3,3,0,0,42,49,3,2,4,6,1,0,98,56,3,0,0,0,1,46,98,56,3,0,1,0,0,0,0,361
2008,83,81,1,90,70,6,4,3,0,0,88,72,6,4,1,88,70,6,4,0,1,0,0,92,68,7,2,1,0,0,0,94,68,7,3,0,93,67,7,2,91,64,9,3,0,0,0,0,1,0,0,0,2,0,0,1,0,0,0,91,61,8,2,1,0,0,0,0,0,0,0,0,2,1,1,1,0,1,90,61,7,2,3,4,0,0,109,56,6,0,0,0,2,0,108,56,6,0,0,0,0,0,0,173
2008,84,1,1,519,695,18,31,8,2,3,525,681,11,30,6,506,672,10,27,2,1,1,3,531,644,20,22,0,0,15,3,536,640,19,23,0,512,641,17,23,505,593,42,20,1,3,14,0,1,1,0,2,4,1,3,2,0,2,17,471,578,41,19,19,1,1,4,4,2,3,0,3,2,0,2,2,33,22,467,561,13,18,25,57,0,2,414,841,11,0,0,3,5,2,398,789,8,0,14,3,3,0,1530,1279
2008,84,2,1,162,164,1,6,5,1,2,162,158,1,5,3,154,150,1,4,1,0,0,7,174,138,2,7,0,0,3,0,174,141,3,5,1,156,140,2,7,160,126,10,5,0,0,7,0,0,2,0,0,1,0,0,1,0,2,4,149,117,6,5,7,0,1,0,0,6,0,0,2,1,0,0,0,10,10,146,113,2,5,6,21,0,1,141,193,0,0,0,1,2,0,133,170,0,0,2,5,1,0,426,342
2008,84,3,1,470,573,24,32,14,0,1,471,559,26,27,8,456,553,23,24,2,2,2,10,491,524,28,33,0,1,6,6,485,523,25,34,1,473,518,26,31,456,467,58,25,2,2,19,0,3,2,2,1,2,2,1,7,0,2,8,424,455,52,20,32,0,1,5,2,4,6,1,3,1,0,0,2,33,12,419,436,21,19,44,57,4,11,493,601,16,0,0,0,2,2,480,573,16,0,5,13,1,0,1414,1115
2008,84,4,1,685,1017,26,59,12,1,5,691,1000,23,54,5,672,986,21,51,4,6,1,11,744,929,31,46,0,3,5,7,721,953,29,51,0,690,951,29,54,662,871,94,40,0,1,24,0,1,1,1,3,7,3,2,4,0,6,18,639,863,92,29,23,0,5,4,5,5,3,2,2,3,1,1,2,28,21,627,818,25,28,47,78,3,11,690,1094,13,0,0,0,4,4,660,1043,13,0,11,12,2,0,2327,1808
2008,84,5,1,576,665,13,35,8,0,1,582,656,13,30,1,566,643,12,29,1,1,1,4,604,612,21,26,0,1,3,4,611,607,20,23,0,589,609,17,27,570,569,53,21,0,2,12,0,4,1,0,2,5,0,3,2,0,4,8,551,564,45,17,19,0,2,5,3,1,3,0,1,1,0,1,1,25,8,545,546,16,17,32,47,0,5,575,711,6,0,0,4,3,1,554,673,6,0,7,6,3,0,1605,1293
2008,84,6,1,1311,1486,90,137,19,7,9,1358,1451,75,117,5,1276,1398,69,97,12,9,16,37,1444,1314,81,127,0,1,16,13,1486,1303,77,133,0,1358,1289,71,155,1297,1114,210,75,0,19,72,2,13,6,13,9,20,20,8,18,2,16,28,1127,1117,172,72,64,1,11,10,29,15,6,1,14,12,0,15,9,181,53,1112,1045,62,60,166,180,9,33,1487,1496,54,0,0,1,13,8,1425,1436,53,0,9,14,10,0,3680,3062
2008,84,7,1,326,426,9,27,6,1,4,328,419,7,22,1,314,407,7,20,1,2,1,3,344,407,6,15,0,0,4,5,338,408,7,13,2,322,405,6,17,317,383,29,13,0,1,0,0,2,2,0,4,2,1,3,2,0,1,5,306,374,32,11,12,0,0,2,0,0,1,0,1,1,0,0,0,10,5,298,363,5,11,16,32,1,2,317,478,4,0,0,0,1,1,311,452,4,0,4,3,0,0,1103,800
2008,84,8,1,953,1012,102,150,13,0,1,995,1001,95,117,6,904,973,86,99,7,6,18,44,1017,896,117,141,0,0,2,7,1062,909,91,143,0,971,896,90,150,911,746,206,80,2,10,63,8,10,7,12,5,11,23,3,20,6,15,32,753,740,179,69,71,0,8,5,41,13,3,3,8,11,2,15,10,161,57,734,678,76,56,190,173,10,47,1065,1060,88,0,0,1,9,5,987,1017,80,0,16,15,16,0,2609,2233
2008,84,77,1,14,24,1,1,0,3,0,14,22,1,1,0,14,22,1,1,0,0,0,0,13,20,1,2,0,0,4,0,13,20,1,2,0,12,19,1,2,12,17,5,1,0,0,1,0,1,0,0,0,0,0,0,0,0,0,0,9,13,4,1,0,0,0,0,0,0,0,0,0,0,0,0,0,4,4,9,14,1,1,3,5,0,1,16,22,2,0,0,0,0,0,16,20,2,0,0,0,0,0,0,43
2008,84,78,1,18,40,2,1,1,0,0,17,39,2,1,1,17,38,2,1,0,0,0,1,7,14,0,1,0,0,0,2,11,16,0,1,0,11,16,0,1,7,13,1,0,0,0,1,0,0,0,0,0,0,0,0,0,0,0,0,7,11,1,0,0,0,0,0,0,0,0,0,0,2,0,0,1,0,0,7,11,0,1,0,2,0,0,8,13,0,0,0,0,0,1,8,13,0,0,0,0,0,0,0,63
2008,84,81,1,57,76,3,1,4,6,2,56,78,3,1,0,53,76,3,1,0,1,0,0,58,79,3,2,0,0,5,1,58,78,3,2,0,57,78,3,2,56,77,4,1,0,0,2,0,0,0,1,0,0,0,0,0,0,0,1,56,78,5,1,1,0,0,0,0,0,0,0,0,0,0,0,0,0,0,56,77,3,1,1,0,0,0,59,79,3,0,0,0,8,0,58,75,2,0,2,0,1,0,0,149
2008,85,1,1,243,327,8,8,4,1,3,241,326,9,6,0,235,317,8,6,3,2,1,2,254,304,5,9,0,0,3,7,257,298,4,7,0,250,307,5,10,231,280,19,5,0,0,11,0,2,0,0,12,3,0,0,2,1,0,3,226,270,19,4,4,3,0,2,3,19,2,0,1,1,0,0,1,1,11,221,264,3,4,22,25,1,5,237,348,2,0,0,0,4,3,229,331,2,0,3,5,0,0,760,595
2008,85,2,1,452,651,28,11,5,2,2,448,627,28,9,1,432,615,26,8,3,4,3,4,451,605,29,9,0,0,11,4,466,587,28,8,0,444,592,27,6,427,547,45,3,0,2,18,0,4,4,0,11,4,1,2,3,2,1,11,419,536,43,4,11,0,1,0,10,23,3,1,0,2,0,1,0,5,14,412,523,22,3,23,52,6,2,421,690,21,0,0,0,2,8,407,640,21,0,2,20,4,0,1417,1153
2008,85,3,1,953,1338,37,54,14,4,3,952,1313,34,49,2,922,1285,32,42,6,11,4,14,951,1252,31,64,0,0,20,12,1002,1218,34,59,0,954,1223,30,65,891,1123,106,38,0,4,26,2,5,8,1,39,5,2,5,11,5,7,23,874,1126,95,34,46,0,6,4,4,68,6,0,1,5,2,3,3,9,27,858,986,28,30,72,100,3,16,951,1424,19,0,0,1,7,6,917,1371,17,0,12,9,5,0,3003,2309
2008,85,4,1,527,1011,11,46,9,1,3,537,1006,12,38,1,518,992,9,32,5,9,2,3,526,931,15,41,0,1,9,4,564,909,17,39,0,540,916,13,47,499,834,60,27,0,3,22,0,0,4,0,20,13,5,1,6,3,9,22,487,816,55,20,26,0,2,5,5,50,3,0,0,2,1,3,2,4,27,482,788,13,19,30,108,2,10,495,1106,4,0,0,4,1,0,476,1074,4,0,8,15,2,0,2026,1610
2008,85,5,1,331,557,6,25,14,6,9,334,550,7,20,7,322,541,6,20,2,7,0,3,334,536,9,18,0,2,6,9,342,525,9,20,0,333,526,9,21,317,494,33,16,0,1,7,0,3,1,0,8,2,1,1,0,3,0,9,312,489,33,14,14,0,3,0,1,9,2,1,0,1,0,1,3,2,9,307,477,6,12,19,39,2,4,350,581,4,0,0,2,0,3,325,549,4,0,8,5,0,0,1308,944
2008,85,6,1,941,1255,43,75,19,0,6,952,1244,38,61,5,919,1213,35,52,1,7,3,16,943,1163,39,86,0,2,7,10,1006,1129,46,83,1,955,1145,35,82,865,985,130,42,1,7,45,2,9,8,2,55,16,6,6,23,16,11,24,842,966,109,37,57,0,10,12,18,90,6,5,2,14,0,2,8,4,40,830,913,25,34,96,160,8,25,992,1311,102,0,0,1,3,5,945,1241,25,0,19,14,0,0,2827,2339
2008,85,77,1,7,16,0,0,0,3,0,6,15,1,0,0,5,15,0,0,0,0,2,0,6,13,1,0,0,0,0,0,6,13,1,0,0,6,13,0,0,5,11,2,0,0,0,0,0,0,0,0,1,0,0,0,0,0,0,1,4,6,2,0,2,0,0,0,0,1,0,0,0,0,0,0,0,0,8,4,6,0,0,2,7,0,0,9,12,1,0,0,0,4,0,7,12,1,0,0,0,0,0,0,26
2008,85,78,1,13,30,1,0,0,0,0,14,30,0,0,0,13,29,0,0,0,0,0,0,1,9,1,0,0,0,0,4,4,14,1,0,0,4,14,1,0,1,9,1,0,0,0,0,0,0,0,0,0,0,0,0,1,0,0,0,1,9,1,0,0,0,0,0,0,0,1,0,0,0,0,0,0,0,0,1,8,1,0,0,1,0,0,3,11,0,0,0,0,0,9,3,11,0,0,0,0,0,0,0,44
2008,85,81,1,47,78,2,1,1,2,1,45,77,2,1,1,45,77,2,1,0,0,0,0,47,78,2,1,0,0,2,1,48,76,2,1,0,47,79,2,1,45,73,2,1,0,0,2,0,0,0,0,1,0,0,0,0,0,0,1,46,75,2,1,0,0,0,0,0,0,0,0,0,0,0,0,0,0,2,45,73,2,1,2,4,0,0,43,84,2,0,0,0,2,1,42,82,2,0,1,1,0,0,0,132
2008,86,1,1,568,713,31,51,9,0,3,582,708,25,38,1,550,687,22,33,2,5,7,13,582,660,24,58,0,2,7,6,600,643,25,51,0,578,636,25,55,558,572,71,43,0,1,16,1,7,17,0,7,3,0,2,3,1,2,10,503,561,68,41,24,0,2,6,2,6,31,1,4,20,0,2,8,38,4,498,522,21,34,63,89,2,9,727,611,22,0,0,1,3,9,685,582,21,0,12,17,1,0,1621,1377
2008,86,2,1,389,446,12,46,3,2,1,388,437,11,44,1,377,433,11,37,2,0,1,6,401,410,12,35,0,2,10,3,422,403,15,31,2,400,400,14,33,393,358,38,29,1,0,9,0,4,18,0,1,3,0,1,1,1,1,6,368,341,37,25,11,1,2,4,1,3,20,1,3,11,0,0,3,20,2,367,333,11,25,24,56,1,2,506,365,14,0,0,1,6,1,481,353,10,0,5,10,3,0,1179,899
2008,86,3,1,344,314,5,28,5,0,1,343,311,5,24,1,335,303,4,22,1,7,1,3,351,296,9,18,0,0,5,1,361,288,9,17,0,351,284,10,8,347,279,25,14,0,0,0,0,1,5,0,0,0,0,0,2,0,1,0,334,272,26,13,1,0,0,0,1,2,4,0,0,2,0,0,2,13,0,335,271,8,13,14,13,0,2,401,280,7,0,0,0,1,1,391,274,6,0,4,3,0,0,902,698
2008,86,4,1,478,783,26,40,6,4,6,483,768,24,38,2,465,753,22,33,2,9,1,6,504,727,24,34,0,0,14,7,528,707,25,35,0,503,701,25,30,495,672,56,27,0,1,9,0,0,10,1,0,1,1,1,3,0,1,6,459,648,61,24,13,0,3,1,0,1,16,0,3,10,0,2,3,33,3,458,640,21,23,30,56,2,4,658,658,17,0,0,0,5,5,615,636,15,0,13,14,4,0,1832,1345
2008,86,5,1,507,594,10,19,4,4,2,508,583,8,22,2,498,578,7,17,1,6,1,2,524,552,7,26,0,0,5,2,540,544,8,23,0,521,544,7,26,519,508,37,19,0,3,4,1,4,8,0,1,2,0,1,2,0,0,1,490,496,38,17,4,0,0,4,0,3,12,1,1,9,0,2,3,28,1,487,368,6,15,146,43,1,2,659,469,4,0,0,1,2,2,630,455,3,0,3,15,2,0,1472,1143
2008,86,6,1,532,713,26,27,12,1,5,542,697,23,21,3,518,680,22,17,1,11,1,1,538,672,26,30,0,1,10,4,554,657,27,26,0,534,658,24,32,523,624,61,26,1,1,2,0,4,12,0,1,0,0,1,2,2,1,0,480,585,58,32,17,0,0,4,0,7,15,0,1,5,0,4,8,39,2,475,576,20,16,51,73,1,2,655,633,14,0,0,2,0,2,605,607,14,0,19,13,5,0,1647,1316
2008,86,7,1,773,986,40,70,8,1,5,783,980,36,60,2,754,958,33,57,4,7,6,8,790,911,34,72,0,0,10,4,833,902,35,60,0,784,883,33,72,776,802,89,56,0,3,12,0,1,36,0,5,3,2,3,4,4,2,19,712,765,83,61,34,0,4,6,3,7,19,1,1,18,0,2,14,59,2,704,744,27,43,67,104,5,11,1006,835,27,0,0,1,5,6,961,810,25,0,13,19,2,0,2332,1885
2008,86,8,1,878,1069,24,69,11,5,4,878,1054,25,57,4,860,1024,23,54,5,14,0,3,908,980,30,63,0,2,20,13,938,958,33,52,1,903,955,30,60,888,907,73,55,0,3,9,0,1,21,0,4,3,0,1,6,5,0,3,840,863,66,53,17,1,2,4,0,3,32,1,4,6,0,2,4,59,3,832,854,26,44,60,84,1,8,1187,838,21,0,0,0,5,5,1129,814,20,0,14,22,1,0,2550,2064
2008,86,77,1,5,26,1,0,0,2,0,5,24,1,0,0,4,22,1,0,0,0,0,0,5,22,2,0,0,0,2,0,5,21,2,0,0,5,20,2,0,4,19,2,0,0,0,0,0,0,1,0,0,0,0,0,1,0,0,0,4,10,2,0,1,0,0,0,0,0,7,0,0,2,0,0,0,1,0,4,10,2,0,0,10,0,0,15,14,1,0,0,0,2,0,15,13,1,0,0,0,0,0,0,34
2008,86,78,1,17,26,1,2,0,0,0,16,25,1,2,0,16,25,1,2,0,0,0,0,5,0,0,0,0,0,0,0,5,0,0,0,0,5,0,0,0,5,0,0,0,0,0,0,0,0,0,0,0,0,0,0,0,0,0,0,5,0,0,0,0,0,0,0,0,0,0,0,0,0,0,0,0,0,0,5,0,0,0,0,0,0,0,5,0,0,0,0,0,0,0,5,0,0,0,0,0,0,0,0,46
2008,86,81,1,67,25,3,2,0,0,0,67,25,3,2,0,67,24,3,2,0,0,0,0,67,23,4,3,0,0,0,0,68,24,3,2,0,68,24,3,2,67,22,3,3,0,0,1,0,0,1,0,0,0,0,0,0,0,0,0,67,23,3,1,0,0,0,0,0,0,0,0,0,0,0,0,1,1,0,67,22,3,1,0,1,0,1,74,20,3,0,0,0,0,0,74,19,3,0,0,0,0,0,0,97
2008,87,1,1,745,904,31,67,13,3,6,747,893,31,60,1,726,873,27,57,4,6,2,1,782,811,34,51,0,1,10,10,820,802,32,47,2,784,793,34,58,737,733,81,37,1,32,11,1,0,24,3,5,0,2,1,11,0,1,13,772,703,77,38,23,1,0,3,0,2,21,0,1,18,1,2,5,4,2,719,689,29,29,51,83,4,11,968,758,23,0,0,1,7,9,907,740,22,0,12,15,4,0,2247,1768
2008,87,2,1,193,225,11,19,1,0,1,198,222,12,16,0,189,215,10,15,2,1,2,2,188,205,16,20,0,0,3,0,197,202,13,20,0,189,197,12,21,174,187,34,12,0,13,1,0,0,4,0,1,2,2,0,0,0,0,2,183,173,32,13,7,0,0,1,0,0,7,0,0,3,0,3,3,0,1,162,168,9,8,23,29,2,5,254,190,5,0,0,0,0,0,230,179,5,0,15,9,1,0,567,450
2008,87,3,1,648,1001,25,35,6,4,3,656,983,24,30,1,638,968,23,30,2,2,2,6,679,929,25,27,0,1,11,3,696,926,23,29,0,682,916,21,29,643,880,66,22,0,32,8,0,2,12,1,0,2,1,0,2,0,1,5,668,838,54,25,13,0,0,2,0,2,25,0,2,12,0,2,9,0,2,634,833,17,17,34,74,4,8,837,865,12,0,0,0,4,1,786,829,12,0,18,25,6,0,2130,1726
2008,87,4,1,271,320,4,23,3,1,0,274,318,4,16,1,268,315,3,15,0,0,1,3,278,299,3,16,0,0,3,2,279,295,3,16,1,274,291,2,19,263,279,22,12,0,8,3,2,0,1,1,0,0,1,2,1,0,1,1,268,266,28,11,3,0,1,1,0,0,3,0,2,4,0,1,2,1,3,256,263,2,10,14,23,0,5,338,278,3,0,0,0,1,1,331,274,3,0,2,3,1,0,762,622
2008,87,5,1,989,1335,31,72,7,10,6,1002,1307,27,62,0,973,1289,26,60,6,3,4,8,1022,1237,37,60,0,3,26,10,1043,1228,39,61,0,1008,1221,39,66,971,1094,84,47,0,33,14,0,1,19,2,9,4,2,0,6,1,5,8,1007,1128,74,50,16,2,0,5,0,3,25,0,4,20,0,6,10,0,3,949,1101,32,38,51,92,4,12,1280,1135,22,0,0,1,12,3,1180,1109,20,0,31,17,9,0,3031,2454
2008,87,6,1,791,1263,21,40,10,2,6,788,1246,18,42,1,773,1222,17,35,1,5,1,5,819,1179,18,38,0,0,19,8,829,1155,18,39,0,813,1155,17,42,774,1096,69,26,1,18,8,0,3,22,2,0,1,1,2,8,0,1,12,786,1066,78,27,8,0,0,5,0,1,23,0,2,12,0,1,7,1,5,759,1058,16,21,45,75,1,6,1013,1087,16,0,0,2,8,3,966,1054,11,0,10,21,1,0,2602,2136
2008,87,7,1,267,624,8,23,6,0,0,269,616,9,20,1,260,605,8,19,2,3,0,2,265,605,8,17,0,0,5,1,277,582,8,20,0,268,585,7,19,258,557,25,13,0,9,2,1,0,4,2,0,0,3,2,2,0,4,4,268,552,24,15,3,0,0,5,0,1,6,0,1,4,0,1,3,0,1,248,544,6,13,17,31,0,1,359,555,5,0,0,0,3,2,341,547,4,0,5,5,0,0,1134,930
2008,87,8,1,335,354,5,19,1,2,5,342,340,4,17,0,331,335,4,16,1,1,1,0,340,332,4,13,0,1,7,1,355,325,4,13,0,344,322,4,14,326,303,14,9,1,16,3,0,0,7,1,0,2,0,2,2,0,0,0,343,299,20,10,2,0,0,1,0,0,5,0,4,6,0,0,0,1,1,314,295,2,8,24,18,1,1,410,302,3,0,0,0,1,0,389,297,3,0,6,3,0,0,878,722
2008,87,9,1,704,604,18,35,5,3,8,711,592,15,29,1,693,583,14,28,4,3,1,1,721,555,14,31,0,0,18,10,740,540,16,30,2,721,540,14,34,700,524,35,22,1,17,2,0,1,5,2,4,0,1,0,3,0,1,1,713,507,34,23,6,0,1,1,0,1,9,1,2,7,0,0,0,3,1,687,504,12,20,28,24,3,6,897,464,7,0,0,0,4,4,863,455,4,0,4,8,2,0,1709,1381
2008,87,77,1,2,19,0,2,0,3,0,2,17,0,2,0,2,17,0,1,0,0,0,1,4,13,0,1,0,0,3,1,4,13,0,2,4,4,12,0,2,4,11,2,2,0,0,0,0,0,0,0,0,0,0,0,0,0,0,0,2,10,4,2,1,0,0,0,0,0,1,0,0,0,0,0,0,0,0,2,10,0,1,2,2,0,0,9,13,0,0,0,0,3,0,8,13,0,0,0,0,0,0,0,25
2008,87,78,1,16,22,1,0,0,0,0,17,21,1,0,0,16,21,1,0,0,1,0,0,7,2,0,0,0,0,0,2,8,5,0,0,0,8,5,0,0,8,4,0,0,0,0,0,0,0,0,0,0,0,0,0,0,0,0,0,8,4,0,0,0,0,0,0,0,0,0,0,0,0,0,0,0,0,0,7,2,0,0,0,0,0,0,8,2,0,0,0,0,0,4,8,2,0,0,0,0,0,0,0,36
2008,87,81,1,31,30,2,1,2,2,2,30,31,3,1,0,29,30,2,1,0,0,0,0,30,30,3,2,0,0,3,2,29,31,3,2,0,29,30,3,2,28,30,3,1,0,0,0,0,1,0,0,0,0,1,0,0,0,0,1,29,30,3,2,0,0,0,0,0,0,1,0,0,0,0,0,0,0,0,28,29,3,1,0,1,0,1,33,31,2,0,0,0,2,0,31,31,2,0,0,0,0,0,0,70
2008,88,1,1,461,561,7,14,0,3,1,461,558,5,14,0,456,558,5,14,0,2,2,0,496,512,5,12,0,0,2,4,501,503,5,13,0,493,507,5,13,471,480,25,8,0,4,3,0,0,7,0,3,1,1,1,7,1,9,3,470,471,21,9,5,0,2,1,0,0,1,0,0,9,0,16,9,0,2,465,465,4,8,19,31,2,1,699,339,7,0,0,2,1,2,680,339,7,0,5,2,0,0,1332,1052
2008,88,2,1,413,753,10,19,2,2,4,407,741,9,20,0,403,723,9,19,2,3,1,0,457,671,11,19,0,0,9,11,458,646,12,18,0,444,655,14,21,421,615,46,13,0,1,7,0,2,5,0,0,5,0,0,9,3,15,3,416,587,40,12,18,0,2,2,2,3,5,0,0,15,0,18,21,0,4,412,574,11,11,22,67,2,3,716,469,4,0,0,0,3,11,688,464,4,0,3,6,2,0,1620,1203
2008,88,3,1,221,308,5,20,5,2,0,226,306,6,17,3,216,298,5,16,0,6,2,4,257,255,6,20,0,0,2,1,254,258,7,19,0,236,263,7,17,209,236,28,14,0,3,3,1,2,8,0,1,1,0,0,7,2,18,0,204,218,27,13,8,0,0,2,2,1,1,0,1,7,1,35,6,0,1,201,210,6,13,20,36,0,2,370,180,6,0,0,0,1,2,357,180,5,0,2,4,1,0,706,561
2008,88,4,1,978,596,17,32,8,4,9,986,585,19,26,3,961,573,16,26,1,3,2,5,1028,518,17,30,0,0,17,10,1026,515,21,30,0,1002,513,18,31,948,473,55,21,0,9,6,1,4,10,1,1,3,3,4,13,1,27,1,933,451,53,21,20,0,5,12,2,7,1,1,3,20,0,52,12,0,3,923,448,16,19,56,47,2,7,1264,352,11,0,0,0,11,7,1237,346,10,0,6,5,3,0,2081,1650
2008,88,5,1,214,248,10,17,6,0,2,218,246,9,14,2,213,240,8,14,0,3,1,2,233,224,9,12,0,2,4,2,232,219,10,13,2,227,221,9,13,213,211,25,9,0,2,2,0,1,2,0,1,1,0,0,1,1,7,0,202,198,25,9,4,0,1,0,2,0,2,0,1,6,0,17,6,0,2,200,192,9,7,23,24,1,2,329,156,7,0,0,0,2,1,306,154,7,0,6,7,2,0,673,497
2008,88,6,1,183,451,9,14,3,1,1,187,444,9,12,2,180,439,8,10,1,1,0,4,208,398,6,22,0,0,3,1,203,406,9,13,0,194,402,6,18,179,384,24,12,0,2,6,0,3,7,0,1,4,0,1,14,1,8,0,176,356,27,12,12,0,1,6,4,1,1,1,0,7,0,19,8,0,2,171,349,3,11,20,41,0,2,337,310,8,0,0,0,4,1,325,307,8,0,2,4,0,0,877,662
2008,88,7,1,649,718,38,37,5,1,3,658,711,38,34,1,645,704,34,31,4,4,0,4,722,618,29,40,0,1,17,7,710,617,32,35,1,684,628,32,40,658,576,63,29,0,2,3,0,4,12,0,5,4,0,5,17,2,22,1,648,545,66,26,21,4,3,6,6,2,1,0,3,31,0,32,10,0,4,635,536,28,24,33,69,2,10,945,472,28,0,0,1,4,4,895,463,27,0,11,16,2,0,1943,1454
2008,88,8,1,824,518,18,32,10,2,3,825,507,17,26,1,809,501,17,23,0,3,1,1,853,469,12,24,0,2,12,0,856,453,15,22,2,836,453,14,22,785,421,42,19,0,3,8,0,3,6,2,2,2,0,4,9,1,22,1,757,394,39,14,16,0,1,0,1,3,3,0,3,15,0,51,15,1,7,753,385,9,15,67,57,5,2,1055,316,13,0,0,0,5,3,1017,309,13,0,8,8,0,0,1814,1398
2008,88,9,1,491,917,29,47,6,2,4,496,906,25,37,3,478,794,25,35,2,2,1,6,594,804,19,31,0,2,7,3,571,805,21,35,0,543,811,22,42,485,750,89,24,0,4,7,0,2,9,2,4,3,0,1,20,5,31,0,469,705,81,20,29,0,3,7,4,1,5,0,0,24,0,50,19,0,5,458,688,18,19,61,102,2,9,864,608,8,0,0,10,5,1,817,600,8,0,7,16,4,0,1849,1493
2008,88,10,1,561,707,18,40,5,8,5,555,686,17,33,1,545,670,17,30,0,3,1,4,668,576,16,25,0,0,12,8,632,579,19,24,0,613,580,18,26,579,559,45,21,0,3,2,0,1,9,1,3,3,2,0,7,0,18,1,571,527,49,22,14,0,4,3,1,5,1,0,3,22,0,22,14,1,5,563,512,15,20,36,47,0,1,928,384,14,0,0,0,6,9,881,374,11,0,12,5,3,0,1854,1347
2008,88,11,1,773,752,23,59,3,8,4,788,740,22,48,0,762,723,19,46,4,6,4,6,827,664,16,57,0,0,11,14,846,650,16,49,2,819,645,15,55,766,581,75,33,0,4,11,0,5,10,2,6,7,3,5,16,3,39,0,742,543,65,30,23,0,4,5,6,7,3,0,4,28,2,50,17,2,7,736,526,14,29,56,96,1,14,1152,437,15,0,0,3,4,11,1111,429,13,0,6,16,2,0,2028,1623
2008,88,12,1,868,1271,20,76,18,4,3,883,1258,18,69,0,851,1220,15,62,3,9,3,3,916,1180,15,70,0,1,17,13,918,1154,19,63,3,893,1152,18,66,838,1073,76,39,2,6,12,0,7,31,2,1,10,4,5,28,3,25,3,824,1028,76,38,23,3,2,9,11,4,5,1,5,39,4,40,18,4,12,812,1015,11,35,60,108,5,18,1265,956,20,0,0,3,10,4,1226,937,17,0,5,16,2,0,2962,2264
2008,88,13,1,668,732,29,48,8,1,5,683,707,27,44,3,652,692,17,37,4,4,4,9,706,672,28,37,0,3,9,7,734,637,30,34,0,706,636,29,39,637,597,66,26,0,4,4,0,5,15,3,0,8,3,7,11,3,38,6,611,560,66,26,23,0,3,4,1,5,9,0,3,20,0,63,8,1,10,615,554,25,25,59,69,3,4,1002,470,17,0,0,0,0,3,970,469,16,0,5,6,1,0,1950,1492
2008,88,14,1,352,437,19,30,4,3,1,355,437,19,23,1,346,426,16,22,1,2,3,4,413,361,17,24,0,0,4,5,397,373,20,20,0,385,375,17,25,348,339,49,12,0,0,1,1,3,6,0,1,5,1,2,11,3,19,2,338,319,46,10,16,0,1,3,2,2,2,0,2,14,0,31,7,0,3,337,302,15,10,37,57,2,8,569,252,17,0,0,2,3,2,546,251,16,0,7,3,1,0,1106,846
2008,88,15,1,595,681,19,66,10,2,1,619,667,16,58,4,585,655,12,54,14,4,4,9,678,572,19,66,0,0,6,3,677,571,17,59,0,649,570,21,60,569,517,64,44,0,7,5,1,4,10,1,6,7,1,3,22,8,34,1,549,465,67,40,29,0,3,5,9,4,7,0,5,31,0,60,20,1,10,539,448,14,38,70,84,2,13,994,364,9,0,0,1,1,2,948,360,8,0,14,9,2,0,1781,1375
2008,88,77,1,17,66,0,2,1,2,2,17,62,0,2,1,17,60,0,2,0,0,0,0,20,56,0,2,0,0,3,2,21,52,0,2,0,20,54,0,3,17,50,2,2,0,0,0,0,0,4,0,0,1,0,0,2,0,0,0,18,40,5,2,0,0,0,0,0,1,0,0,0,12,0,1,2,0,0,17,37,0,2,2,13,0,0,43,40,0,0,0,0,0,0,40,39,0,0,0,1,0,0,0,90
2008,88,78,1,34,55,4,5,1,0,0,43,54,4,5,0,34,53,4,5,0,0,0,0,9,14,0,3,0,0,0,26,10,13,0,3,0,8,14,0,3,8,13,1,2,0,0,0,0,0,0,0,0,0,0,0,0,0,2,0,8,11,1,2,1,0,0,0,0,0,0,0,0,1,0,1,0,0,0,8,11,0,2,0,2,0,1,17,9,0,0,0,0,1,27,16,9,0,0,0,0,0,0,0,99
2008,88,81,1,142,198,8,10,0,8,8,144,198,8,10,0,142,198,8,10,0,0,0,0,144,190,8,10,0,0,14,2,146,186,8,10,0,140,192,8,12,140,180,14,10,0,0,0,0,0,0,0,0,1,0,0,0,0,2,0,140,174,12,10,2,0,0,0,4,0,0,0,0,4,0,2,0,0,0,138,172,8,10,0,14,0,0,196,156,6,0,0,0,12,0,184,154,6,0,4,2,0,0,0,378
2008,89,1,1,855,1495,40,89,15,1,4,869,1485,35,74,2,823,1441,33,65,7,8,8,13,850,1416,36,126,0,1,12,5,882,1395,43,90,0,831,1391,34,100,758,1251,106,60,0,13,30,3,1,22,1,5,40,6,67,11,5,4,20,748,1169,90,56,94,0,9,8,10,5,10,1,102,8,0,0,48,3,32,711,1125,32,51,79,207,3,18,597,1811,43,0,0,19,10,12,582,1708,39,0,24,21,4,0,3121,2502
2008,89,2,1,244,312,3,18,1,1,2,241,309,3,16,0,239,305,2,16,0,1,1,0,232,298,2,23,0,0,5,1,246,287,1,14,0,235,280,3,16,215,247,24,8,0,1,8,2,1,2,0,0,7,2,7,3,3,0,1,209,233,22,9,28,0,3,1,1,1,1,0,14,0,1,0,2,0,5,215,237,0,8,11,31,3,1,210,357,1,0,0,9,1,0,206,341,1,0,3,6,0,0,741,581
2008,89,3,1,380,619,18,24,5,1,2,390,610,14,17,1,373,597,13,16,1,3,1,6,394,584,13,27,0,0,5,1,399,569,14,19,0,387,576,14,17,361,532,26,12,0,1,8,0,0,3,0,0,15,4,22,3,1,4,6,354,501,34,12,40,0,3,4,0,2,0,0,19,1,0,0,9,3,7,349,486,11,12,22,63,2,4,296,724,13,0,0,5,4,5,294,676,13,0,4,8,1,0,1462,1051
2008,89,4,1,504,840,22,48,8,0,3,511,822,21,36,1,490,806,18,36,6,5,4,8,494,781,16,60,0,3,12,3,537,753,18,40,0,503,762,15,43,437,675,61,30,0,9,26,1,2,9,0,6,29,2,38,2,6,4,8,414,550,61,28,62,0,7,9,9,10,2,0,63,10,0,1,37,4,15,405,586,12,24,67,132,4,10,346,1043,14,0,0,3,5,7,338,997,14,0,13,9,3,0,1771,1424
2008,89,5,1,662,1686,27,69,22,5,6,674,1681,22,52,2,641,1639,20,47,2,19,3,10,688,1593,21,88,0,2,18,9,679,1609,23,55,1,652,1602,21,58,608,1477,85,39,1,12,24,2,1,13,0,2,34,4,36,5,8,0,12,581,1360,86,38,114,1,8,3,8,6,7,0,54,6,0,5,28,1,23,576,1328,17,34,49,229,2,11,475,1916,26,0,0,22,14,19,466,1822,22,0,16,25,7,0,3124,2477
2008,89,6,1,201,577,1,8,4,1,1,200,564,1,8,1,198,556,1,6,0,1,0,2,211,541,3,10,0,1,4,2,202,540,2,4,1,200,537,3,5,188,504,12,3,0,1,5,0,1,9,0,2,10,0,7,2,0,0,6,185,465,12,3,24,0,1,1,0,0,5,0,15,4,0,0,17,0,12,182,459,2,6,11,61,0,1,140,643,1,0,0,5,1,1,137,613,1,0,3,1,0,0,982,794
2008,89,7,1,217,552,5,15,6,2,1,219,553,5,11,3,209,540,5,10,1,1,0,1,236,522,3,16,0,0,2,0,232,528,7,10,0,218,531,3,13,203,493,14,9,0,0,11,0,0,6,0,3,14,1,12,3,0,1,5,196,430,23,9,34,0,1,3,2,2,6,0,21,2,0,0,14,0,11,191,424,2,9,20,86,1,0,148,633,4,0,0,3,2,4,149,617,4,0,4,2,0,0,963,799
2008,89,8,1,706,1186,45,67,12,0,3,713,1184,44,60,1,679,1148,40,51,4,7,6,22,671,1058,41,111,0,0,12,5,717,1036,47,61,0,674,1044,45,70,611,918,103,47,0,8,35,3,3,15,0,1,35,0,74,4,6,2,8,579,845,97,47,88,1,6,9,14,4,9,0,86,2,0,4,35,5,23,559,797,32,42,75,206,11,13,428,1517,34,0,0,19,6,7,422,1435,32,0,19,24,9,0,2540,2021
2008,89,9,1,805,858,23,66,15,4,3,822,844,19,49,5,778,812,17,44,8,5,4,9,800,788,18,63,0,2,17,7,835,759,16,58,0,799,764,18,61,720,709,55,39,1,6,24,1,7,9,1,5,26,1,47,5,4,3,9,700,639,56,36,55,0,6,8,7,7,6,0,63,10,1,2,25,3,15,692,625,12,34,62,107,6,7,560,1144,20,0,0,16,8,6,544,1044,19,0,25,21,2,0,2252,1775
2008,89,77,1,6,39,0,1,0,0,0,7,35,0,1,0,5,31,0,1,0,1,1,1,7,37,0,0,0,0,3,0,6,36,0,0,0,6,36,0,0,6,36,0,0,0,0,0,0,0,0,0,0,0,0,0,0,0,0,0,5,23,0,0,0,0,0,0,0,0,0,0,1,0,0,1,13,0,0,5,22,0,0,1,14,0,0,4,40,0,0,0,0,4,0,4,40,0,0,0,0,0,0,0,46
2008,89,78,1,17,39,2,0,0,0,1,16,37,2,1,0,16,36,2,0,0,0,0,1,3,7,0,0,0,0,0,1,5,13,0,0,0,5,13,0,0,2,7,0,0,0,0,0,0,0,0,0,0,0,0,1,0,0,0,0,2,7,0,0,0,0,0,0,0,0,0,0,1,0,0,0,0,0,0,2,7,0,0,0,0,0,1,1,9,0,0,0,0,0,9,1,8,0,0,0,0,0,0,0,59
2008,89,81,1,37,76,3,3,0,0,0,37,76,3,3,0,37,75,3,3,0,0,0,0,41,68,3,6,0,0,0,0,37,72,3,5,0,37,74,3,6,36,63,6,5,0,1,4,0,0,1,0,0,1,0,0,0,0,0,1,35,46,5,5,18,0,1,0,0,0,0,0,0,0,0,0,6,0,1,35,45,3,5,1,24,0,0,32,84,3,0,0,0,0,0,32,82,3,0,1,1,0,0,0,117
2008,90,1,1,538,185,2,6,3,1,0,531,176,1,8,1,525,168,0,4,1,2,1,3,518,162,7,0,0,0,3,2,538,157,3,10,0,516,158,3,9,492,143,15,6,0,20,6,0,2,2,0,3,6,0,0,0,0,0,2,502,141,13,7,11,0,1,0,0,2,1,0,4,0,0,1,7,0,2,478,135,2,6,31,15,0,1,482,246,1,0,0,1,1,2,475,223,1,0,6,2,1,0,939,735
2008,90,2,1,693,523,9,47,3,1,4,698,518,8,35,0,683,507,8,35,4,3,1,14,711,473,16,0,0,0,4,3,727,462,14,36,0,694,464,12,39,658,419,35,27,0,28,9,0,2,3,3,8,17,3,2,1,0,1,2,693,382,41,19,35,0,1,2,0,1,1,0,2,2,0,2,16,0,9,644,372,10,17,44,74,0,14,593,651,10,0,0,5,4,3,588,607,10,0,13,28,1,0,1694,1281
2008,90,3,1,139,172,0,4,2,0,0,139,167,0,4,1,134,162,0,3,0,1,0,1,145,148,3,0,0,1,0,0,148,146,2,7,0,141,149,1,7,134,128,10,3,0,5,4,0,0,1,1,3,4,1,0,0,1,0,1,135,124,12,5,6,0,0,2,0,0,1,0,0,1,0,0,5,0,1,132,120,1,3,4,20,0,0,111,196,1,0,0,5,0,0,105,183,1,0,3,2,0,0,401,314
2008,90,4,1,477,550,12,26,11,2,2,481,543,12,21,1,464,523,9,17,1,13,4,5,470,531,8,0,0,1,11,8,477,533,6,22,0,464,526,4,27,444,485,24,20,0,19,9,0,0,2,1,2,11,1,0,1,0,1,5,453,463,31,20,30,1,0,3,1,1,1,2,2,2,0,0,12,1,5,436,444,3,17,18,64,3,4,360,687,8,0,0,15,5,5,358,646,7,0,10,9,4,0,1346,1082
2008,90,5,1,965,1557,47,88,13,6,6,974,1432,44,71,5,935,1500,40,61,5,8,3,8,1003,1457,47,0,0,2,24,10,1025,1436,45,63,1,969,1430,45,64,897,1287,112,42,0,48,45,1,5,13,5,5,41,3,3,1,2,6,23,977,1219,96,45,48,0,3,9,1,2,7,1,3,11,1,8,54,3,39,877,1171,33,34,60,187,5,10,670,1923,27,0,0,15,17,13,656,1794,27,0,33,16,2,0,3445,2687
2008,90,77,1,2,12,0,0,0,5,0,2,10,0,0,0,2,10,0,0,0,0,0,0,2,9,0,0,0,0,5,0,2,9,0,0,0,2,10,0,0,2,9,0,0,0,0,0,0,0,0,0,0,0,0,0,0,0,0,0,2,7,0,0,0,0,0,0,0,0,0,0,0,0,0,0,4,0,0,2,6,0,0,0,3,0,0,2,11,0,0,0,0,5,0,2,9,0,0,0,0,0,0,0,19
2008,90,78,1,12,11,0,0,0,0,1,12,11,0,0,0,12,8,0,0,0,0,0,0,8,1,0,0,0,0,0,0,9,1,0,0,0,8,1,0,0,7,2,0,0,0,0,0,0,0,0,0,0,0,0,0,0,0,0,0,7,1,0,0,0,0,0,0,0,0,0,0,0,0,0,0,0,0,0,7,1,0,0,0,0,0,0,7,2,0,0,0,0,0,0,7,2,0,0,0,0,0,0,0,24
2008,90,81,1,113,32,1,1,1,2,0,116,30,1,1,0,113,29,1,1,3,0,0,0,114,32,1,0,0,0,3,0,114,31,1,1,0,114,31,1,1,107,32,1,1,0,3,0,0,0,0,0,0,1,0,0,0,0,0,1,107,29,1,2,4,0,0,0,0,0,0,0,0,0,0,0,1,0,0,105,26,1,1,9,4,0,0,110,37,1,0,0,0,3,0,110,33,1,0,3,0,0,0,0,151
2008,91,1,1,710,928,62,42,10,3,8,712,917,63,37,2,688,897,59,32,0,3,6,4,667,931,64,30,0,1,15,11,705,887,65,32,0,671,879,71,32,608,837,104,24,0,2,5,1,13,6,4,40,7,2,8,5,0,2,5,609,795,100,22,15,0,4,7,2,51,3,1,16,2,0,4,17,1,20,579,783,61,20,79,60,2,3,532,1077,84,0,0,21,14,22,502,996,71,0,30,30,9,0,2287,1766
2008,91,2,1,160,167,7,8,3,0,0,166,156,7,6,1,158,154,7,6,0,4,0,1,156,156,5,8,0,0,5,0,166,141,6,7,0,157,139,5,8,148,124,10,8,0,2,0,0,0,2,0,13,1,0,3,4,0,0,2,147,120,9,7,4,0,4,2,0,12,0,0,2,1,1,0,2,0,5,146,120,4,6,8,14,1,1,144,175,10,0,0,6,6,0,141,161,8,0,1,8,1,0,453,346
2008,91,3,1,96,251,1,8,0,0,0,91,248,0,8,0,91,239,0,7,0,1,0,0,92,237,2,5,0,1,6,4,91,232,2,6,0,88,228,4,6,81,220,13,4,0,0,1,0,0,0,0,8,1,0,0,2,0,0,1,80,216,12,4,1,0,1,0,0,5,1,0,0,0,0,0,1,0,6,79,213,2,4,10,15,0,1,72,258,4,0,0,12,3,3,67,247,4,0,3,5,0,0,446,357
2008,91,4,1,71,198,7,5,0,0,1,72,198,7,5,0,71,195,6,4,0,0,1,0,69,202,7,4,0,1,3,1,68,199,6,2,0,66,194,9,4,63,182,15,0,0,1,2,0,2,0,0,4,1,0,0,1,0,0,1,62,178,15,1,2,0,0,0,0,5,2,0,1,1,0,1,0,0,0,61,176,5,1,4,3,1,0,74,194,4,0,0,8,3,3,67,183,4,0,0,7,2,0,377,291
2008,91,5,1,490,524,31,24,6,1,1,486,514,27,21,0,474,505,26,21,53,2,2,2,487,507,25,22,0,0,7,4,492,491,24,23,0,476,489,23,22,454,469,41,18,0,0,0,2,1,3,1,11,3,3,4,3,0,1,1,447,447,40,21,10,0,2,2,0,27,0,0,1,0,0,0,7,2,5,443,440,21,15,20,36,1,5,369,628,32,0,0,14,12,12,356,603,30,0,12,14,4,0,1359,1077
2008,91,6,1,17,65,1,2,0,0,1,18,63,1,1,0,16,63,1,1,0,0,0,0,15,63,1,2,0,0,0,2,17,62,1,2,0,15,63,1,2,15,61,2,2,0,0,0,0,0,0,0,0,0,0,0,0,1,0,0,15,61,2,2,0,0,0,1,0,0,0,0,0,0,0,0,0,1,0,11,60,1,2,4,2,0,0,13,71,1,0,0,0,0,0,13,68,1,0,0,2,0,0,87,86
2008,91,7,1,167,390,5,19,1,7,2,162,381,4,18,0,160,373,4,17,0,2,0,0,161,383,3,10,0,1,11,9,162,364,7,10,0,155,360,3,9,147,342,16,8,0,1,3,5,0,4,2,5,3,0,1,0,1,0,2,146,321,18,8,2,0,0,0,0,18,0,0,1,1,0,3,4,0,6,143,317,3,6,9,35,0,3,128,424,7,0,0,6,15,6,120,407,6,0,4,3,0,0,772,591
2008,91,8,1,171,253,5,7,2,0,2,170,254,5,6,1,168,249,5,6,1,1,1,0,165,251,6,6,0,0,2,1,174,242,5,6,0,170,242,4,6,166,232,12,4,1,0,1,0,0,0,1,6,1,0,0,1,0,0,2,162,230,11,4,4,0,0,0,0,6,0,1,0,0,0,0,5,1,4,158,226,4,3,11,12,0,2,130,279,10,0,0,10,2,3,128,268,10,0,4,10,0,0,616,440
2008,91,9,1,104,233,4,7,3,5,0,105,231,3,5,1,102,228,3,5,0,2,0,1,93,238,5,9,0,0,4,1,99,232,5,5,0,98,230,5,6,90,221,13,4,0,0,3,0,1,1,0,4,0,0,0,3,0,1,0,86,214,13,5,3,0,1,0,0,5,0,0,3,0,0,0,5,1,2,83,213,4,4,12,15,1,0,78,260,13,0,0,1,2,1,75,253,11,0,6,2,1,0,454,356
2008,91,10,1,110,185,5,12,1,1,4,108,180,4,10,0,105,178,4,9,3,0,0,1,102,184,6,9,0,0,6,3,107,175,5,9,0,105,173,4,10,103,171,6,7,0,1,0,0,0,1,1,1,0,1,0,3,0,0,2,102,166,8,9,1,0,0,2,0,1,0,1,0,1,0,0,2,0,5,97,166,4,7,6,2,1,1,74,233,3,0,0,0,3,4,73,217,2,0,5,4,0,0,420,318
2008,91,11,1,50,118,1,1,2,2,1,51,117,1,0,1,50,116,1,0,0,0,0,1,51,109,3,1,0,0,4,1,50,105,3,1,0,49,106,3,1,47,100,8,1,0,1,0,0,0,2,0,0,0,0,1,1,0,0,0,46,92,7,1,0,0,0,0,0,1,0,0,0,0,0,0,3,0,2,46,91,3,1,2,13,0,0,36,128,2,0,0,0,2,7,36,118,2,0,0,2,0,0,240,175
2008,91,12,1,459,546,18,29,8,2,2,453,544,17,24,0,439,525,17,21,1,6,3,4,420,530,25,23,0,0,11,4,441,507,21,22,0,424,498,23,25,398,470,42,17,0,54,0,1,1,3,2,23,3,1,3,6,1,3,3,393,457,48,17,2,0,3,1,0,29,5,1,3,3,2,1,8,0,5,392,461,19,14,30,36,0,6,328,672,15,0,0,15,12,8,315,625,14,0,15,15,2,0,1408,1066
2008,91,13,1,242,252,11,12,0,1,0,245,247,11,12,0,238,247,9,12,1,0,2,0,229,256,10,7,0,0,8,9,237,248,9,7,1,229,240,9,11,214,231,22,7,0,0,1,0,2,1,0,9,1,1,0,2,0,0,3,207,210,24,7,5,0,0,1,0,14,1,0,2,0,1,1,5,1,5,206,207,9,7,21,30,0,0,189,313,9,0,0,3,4,0,183,302,9,0,3,6,0,0,675,522
2008,91,14,1,242,332,18,11,6,1,1,245,326,18,10,0,240,324,18,9,1,2,0,0,237,312,22,8,0,0,6,6,243,295,23,11,1,235,292,21,10,222,273,35,9,0,0,0,0,2,5,0,14,3,1,0,3,0,1,5,218,270,34,9,2,0,2,2,0,13,1,0,2,0,0,2,6,3,2,216,261,21,8,14,25,0,0,191,377,17,0,0,6,10,8,188,373,15,0,1,3,1,0,847,611
2008,91,15,1,203,248,8,20,0,4,0,206,244,8,17,0,199,239,8,17,0,1,0,0,202,224,8,21,0,0,10,4,202,223,8,19,0,195,223,8,19,184,208,16,16,0,0,3,0,2,2,0,13,4,0,0,1,0,3,3,184,193,19,16,3,0,0,2,0,12,5,0,0,5,0,0,10,7,6,179,189,8,14,10,22,0,5,161,293,13,0,0,5,3,4,159,278,12,0,2,5,1,0,608,486
2008,91,16,1,212,376,15,14,0,5,0,215,375,13,9,0,210,369,12,8,3,1,1,2,208,353,16,15,0,1,9,4,217,341,16,15,0,204,340,15,14,194,324,32,11,0,0,0,0,0,3,0,3,1,1,3,4,0,1,2,188,303,31,11,8,0,3,4,1,8,2,0,1,4,1,1,7,3,8,182,298,14,10,19,38,1,2,183,395,23,0,0,3,12,2,176,382,19,0,8,8,1,0,792,623
2008,91,17,1,227,391,7,10,4,3,1,224,385,8,8,0,221,378,7,8,0,4,0,2,230,380,8,8,0,0,7,0,231,371,8,8,0,228,370,8,8,213,356,19,6,0,3,0,0,0,2,1,8,1,1,0,2,1,0,4,212,340,21,7,8,0,0,3,0,9,0,0,2,1,0,0,6,0,4,208,335,8,5,18,24,0,3,186,432,11,0,0,4,5,4,179,412,10,0,5,10,0,0,857,644
2008,91,18,1,79,218,3,1,3,0,0,78,212,4,2,2,75,209,3,1,0,0,0,1,73,211,5,3,0,0,3,0,79,208,5,2,0,73,205,6,2,69,200,10,1,0,0,1,0,0,0,0,5,2,1,0,2,0,0,1,69,189,11,1,6,0,0,0,0,0,0,0,0,0,0,0,6,0,0,66,188,5,1,5,18,0,0,64,216,9,0,0,4,6,2,61,208,6,0,2,3,0,0,410,304
2008,91,19,1,377,635,24,28,3,4,3,373,626,24,26,0,363,613,23,25,2,3,4,0,342,645,30,21,0,0,11,4,367,610,27,21,0,353,595,28,23,327,570,60,15,0,0,2,0,2,4,3,21,3,3,1,2,0,3,8,319,559,59,20,4,0,1,6,0,24,0,1,0,2,0,2,6,2,11,306,547,24,14,40,27,4,4,283,727,36,0,0,7,6,13,263,675,30,0,22,25,3,0,1456,1079
2008,91,77,1,9,32,0,1,1,0,0,8,31,0,1,0,7,29,0,0,0,0,0,0,6,27,3,0,0,0,6,0,7,28,2,1,0,6,28,2,1,5,22,4,0,0,0,0,0,0,1,0,3,0,0,0,1,0,0,0,5,22,2,0,0,0,0,0,0,0,0,0,0,0,0,3,3,0,0,5,22,2,0,1,5,0,0,5,32,1,0,0,0,6,0,5,32,1,0,0,0,0,0,0,46
2008,91,78,1,9,36,3,1,0,1,1,9,34,3,1,0,9,33,3,1,0,0,0,0,1,7,1,1,0,0,0,1,1,7,1,1,0,1,7,1,1,1,7,1,1,0,0,0,0,0,0,0,0,0,0,0,0,0,0,0,1,7,1,1,0,0,0,0,0,0,0,0,0,0,0,0,0,0,0,1,7,1,1,0,0,0,0,1,7,1,0,0,0,1,1,1,7,1,0,0,0,0,0,0,51
2008,91,81,1,41,65,3,3,0,1,0,40,64,3,3,0,39,63,3,3,0,0,0,0,41,64,3,3,0,0,1,0,40,63,3,3,0,40,62,3,3,40,63,3,3,0,0,0,0,0,0,0,0,0,0,0,0,0,0,0,40,61,3,3,0,0,0,0,0,1,0,0,0,0,0,0,0,0,1,40,61,3,3,0,0,0,0,40,62,4,0,0,1,4,1,40,58,4,0,1,1,0,0,0,112
2008,92,1,1,218,166,6,12,0,1,0,222,157,5,9,0,216,155,5,9,0,1,1,1,235,148,5,8,0,0,3,0,231,141,5,8,0,224,142,10,8,219,134,10,7,0,1,1,0,1,1,2,6,4,0,0,2,0,1,1,213,132,12,8,4,0,1,0,0,11,0,0,1,0,1,0,2,0,3,209,128,5,5,13,8,0,2,257,137,5,0,0,0,3,1,244,133,4,0,3,1,1,0,480,405
2008,92,2,1,842,1333,62,50,19,5,2,844,1302,62,47,6,813,1278,56,42,5,10,8,3,867,1277,58,31,0,3,25,10,879,1224,60,35,1,847,1238,81,36,809,1166,116,31,0,0,2,0,3,9,1,22,7,2,3,17,1,3,4,799,1140,119,32,14,0,5,6,2,27,6,0,2,2,0,5,36,6,9,781,1134,55,27,54,76,5,4,1074,1179,39,0,0,1,5,4,1019,1150,35,0,16,12,6,0,2853,2317
2008,92,3,1,216,219,39,14,3,1,2,215,214,39,11,0,213,210,38,11,1,2,1,1,219,205,37,9,0,1,6,4,222,192,37,10,0,219,195,39,10,210,179,47,9,0,1,1,0,0,3,0,2,3,0,1,4,0,1,4,209,173,44,10,5,0,1,2,1,8,0,0,0,2,0,0,9,1,3,205,171,36,9,12,14,0,0,251,197,35,0,0,0,2,3,226,186,35,0,12,3,0,0,587,494
2008,92,4,1,142,184,6,1,6,2,0,142,184,6,2,2,139,177,6,1,2,1,0,1,144,177,6,2,0,3,5,1,148,169,7,4,0,147,170,11,3,137,169,11,2,0,1,0,0,1,0,1,2,0,1,2,1,0,0,0,135,164,11,2,2,0,0,1,3,0,0,3,0,0,3,0,0,0,1,133,162,5,1,6,8,1,2,169,163,7,0,0,0,2,0,162,159,6,0,4,1,0,0,409,343
2008,92,5,1,343,502,14,14,2,7,0,341,489,13,13,0,336,482,13,11,4,0,1,0,360,481,14,8,0,1,9,3,363,463,14,7,0,359,463,17,7,346,439,25,7,0,0,2,1,2,2,0,2,6,0,1,6,0,0,1,342,438,26,6,1,0,0,3,1,5,4,0,0,0,1,3,11,2,4,341,431,11,4,12,21,4,2,425,445,9,0,0,0,1,3,408,434,9,0,4,5,1,0,1082,883
2008,92,6,1,372,331,9,6,0,1,1,374,316,7,7,0,364,313,7,6,1,0,2,0,389,288,7,10,0,0,6,3,394,278,8,9,0,383,289,11,9,369,271,17,7,0,0,0,0,1,1,0,7,3,0,0,6,0,1,1,369,268,14,6,6,0,1,2,0,10,3,0,0,2,0,1,3,1,1,364,265,7,4,12,10,0,4,449,260,7,0,0,0,2,0,433,257,7,0,5,1,0,0,875,720
2008,92,7,1,308,433,10,10,1,3,3,312,420,12,9,1,306,419,10,9,0,1,2,1,316,406,15,10,0,0,6,4,323,393,14,9,0,314,394,15,11,301,389,23,5,0,0,0,0,1,2,1,4,6,1,0,3,1,2,1,304,372,21,10,1,0,0,0,0,10,1,1,0,0,0,0,5,1,2,296,366,11,8,10,22,2,1,360,393,11,0,0,0,2,1,339,381,10,0,4,4,2,0,953,770
2008,92,8,1,737,601,46,25,4,4,6,738,597,44,23,1,724,590,42,21,1,1,3,3,740,586,46,17,0,2,5,7,761,554,43,17,0,737,550,67,18,715,536,82,15,0,0,2,0,2,8,0,14,2,1,1,2,0,1,1,709,521,79,18,6,0,0,2,1,18,4,0,0,1,1,2,9,2,4,698,515,40,12,34,33,4,3,853,528,32,0,0,1,6,5,806,509,31,0,19,13,6,0,1735,1426
2008,92,9,1,225,252,12,10,2,1,3,228,245,11,9,1,222,242,11,9,0,2,0,0,242,227,13,8,0,0,4,5,243,223,13,9,0,239,220,14,8,231,206,24,8,0,0,3,1,0,5,0,0,1,0,2,3,0,0,1,229,204,22,8,3,0,0,0,0,4,2,0,0,0,0,0,6,0,3,225,202,12,7,10,16,0,1,282,211,6,0,0,0,2,2,272,203,6,0,2,1,0,0,626,505
2008,92,77,1,7,27,0,0,0,3,0,7,26,0,0,0,7,26,0,0,0,0,0,0,7,22,3,0,0,0,3,0,7,24,2,0,0,7,22,3,0,7,20,3,0,0,0,1,0,0,1,0,0,0,0,0,0,0,0,0,7,21,3,0,0,0,0,0,0,0,0,0,0,0,0,0,2,0,0,6,19,2,0,2,2,0,0,9,24,0,0,0,0,3,0,9,23,0,0,0,0,0,0,0,37
2008,92,78,1,15,13,1,0,0,0,0,13,13,1,0,0,13,13,1,0,0,0,0,0,3,1,0,0,0,0,0,0,3,1,0,0,0,2,1,1,0,0,2,2,0,0,0,0,0,0,0,0,0,0,0,0,0,0,0,0,0,1,2,0,0,0,0,0,0,0,0,0,0,0,0,0,0,0,1,0,1,0,0,2,0,0,0,2,2,0,0,0,0,0,0,2,2,0,0,0,0,0,0,0,29
2008,92,81,1,54,71,5,2,0,0,0,54,71,5,2,0,53,71,5,2,0,0,0,0,55,67,5,2,0,0,0,0,54,66,5,3,0,54,67,5,2,55,66,7,2,0,0,0,0,0,0,0,0,0,0,0,0,0,0,0,54,63,6,2,0,0,0,2,0,0,0,0,0,0,0,0,0,0,2,54,63,5,2,0,2,0,0,61,67,5,0,0,0,0,0,60,67,5,0,0,0,0,0,0,133
2008,93,1,1,530,642,13,34,7,4,4,533,638,11,28,0,520,620,10,25,0,5,5,5,527,655,10,20,0,0,9,5,527,613,12,19,0,512,631,12,22,489,582,28,14,1,1,4,0,2,4,2,22,3,0,0,6,0,0,2,489,572,29,13,11,0,0,0,0,26,6,0,0,4,0,2,1,1,0,466,561,9,11,37,39,2,3,475,734,6,0,0,5,10,2,453,689,5,0,13,6,4,0,1596,1235
2008,93,2,1,202,475,7,20,1,1,2,203,463,8,21,0,197,457,6,20,0,2,0,2,215,457,7,16,0,1,3,2,209,441,8,17,1,197,453,8,17,195,419,25,14,1,3,3,0,0,1,1,6,4,0,1,4,0,0,0,192,414,24,15,4,0,0,0,0,10,4,0,0,7,0,1,1,0,0,184,411,7,12,15,23,0,3,195,506,4,0,0,0,2,2,192,487,4,0,1,2,0,0,844,709
2008,93,3,1,640,875,36,44,9,1,2,646,872,35,38,0,630,860,33,33,4,3,2,6,638,866,31,31,0,1,5,5,649,850,34,26,0,628,874,32,31,605,803,57,24,0,2,3,0,1,6,5,33,3,0,0,11,0,1,5,586,781,58,25,17,0,2,1,0,50,11,1,1,13,0,2,5,3,1,578,778,28,22,46,55,3,4,628,931,35,0,0,2,2,5,593,876,31,0,23,30,6,0,1987,1609
2008,93,4,1,327,411,14,19,9,2,1,329,402,15,18,4,320,395,13,17,0,0,4,1,347,395,14,15,0,0,2,2,347,384,14,17,0,337,399,12,14,320,358,18,13,0,1,3,0,1,5,1,13,2,0,0,13,0,0,0,314,344,21,14,7,0,3,0,0,9,23,0,2,6,1,0,0,1,0,310,338,11,10,22,33,1,3,349,417,11,0,0,0,2,3,337,385,10,0,8,14,0,0,957,783
2008,93,5,1,331,603,4,25,4,3,3,329,597,5,22,2,322,586,4,20,4,1,1,2,356,573,9,15,0,1,3,1,349,567,8,16,0,338,583,9,16,331,547,28,14,0,1,0,1,1,3,1,5,6,1,0,7,0,0,0,332,534,26,14,10,0,2,1,0,7,11,1,0,1,0,0,1,1,1,325,525,7,12,12,30,0,4,366,598,4,0,0,1,1,1,351,581,4,0,1,5,1,0,1292,974
2008,93,6,1,553,945,16,29,12,0,5,566,927,17,21,1,543,917,13,18,4,9,6,3,572,924,17,13,0,1,1,7,586,892,16,14,1,566,914,15,15,537,844,53,11,0,0,2,0,2,7,0,20,3,0,3,10,0,4,3,525,829,50,11,11,0,4,3,0,32,12,0,0,10,0,2,4,2,0,517,818,13,8,41,59,2,4,545,988,18,0,0,1,1,5,526,953,17,0,9,7,1,0,1966,1564
2008,93,7,1,264,461,15,15,3,0,3,265,455,16,11,2,260,451,15,11,1,1,1,2,306,428,10,6,0,0,1,5,284,430,12,9,0,285,435,10,9,273,421,29,6,0,0,2,0,0,6,0,8,2,0,0,8,0,0,1,269,396,37,9,0,0,6,0,0,8,11,0,0,4,0,2,1,3,0,265,376,10,4,9,49,3,2,271,477,11,0,0,0,0,4,260,458,11,0,4,1,1,0,972,762
2008,93,8,1,269,670,18,21,5,2,2,272,662,15,18,1,261,651,14,17,0,2,1,4,301,630,13,16,0,2,4,3,285,618,13,15,1,268,649,12,17,257,593,29,13,1,3,1,0,2,7,1,15,8,0,0,13,0,1,1,256,574,24,12,4,1,1,4,0,27,26,0,0,2,0,0,2,0,3,251,553,9,9,11,51,0,6,260,706,11,0,0,1,2,0,247,664,8,0,6,9,0,0,1255,987
2008,93,9,1,379,524,14,23,3,3,6,387,525,9,16,0,372,511,5,15,1,2,3,3,397,502,6,16,0,0,4,4,391,484,8,16,0,379,520,11,18,356,456,27,13,0,5,1,0,4,8,0,15,9,4,1,11,1,2,3,355,441,18,17,6,0,4,1,0,25,20,0,0,11,0,2,4,3,3,346,436,4,11,30,38,2,4,402,532,7,0,0,1,3,5,383,502,5,0,7,8,1,0,1188,954
2008,93,10,1,513,1024,26,24,8,0,2,521,1013,26,18,1,505,999,24,18,1,9,3,5,542,973,23,22,0,2,5,4,534,977,21,20,0,517,999,25,20,495,912,52,20,0,0,5,0,1,10,2,21,3,2,0,11,6,2,0,484,886,51,24,7,0,2,2,0,41,26,1,0,10,1,2,5,5,1,477,879,20,12,34,78,0,8,553,1007,27,0,0,1,3,3,515,960,25,0,16,27,2,0,1950,1597
2008,93,11,1,755,1052,31,34,10,2,6,752,1034,31,32,5,737,1014,29,26,6,3,2,7,764,1010,41,28,0,1,6,5,754,992,31,31,0,742,1013,29,29,711,946,69,23,0,2,4,1,0,8,4,23,8,2,1,12,0,4,1,700,924,74,24,14,0,3,3,0,36,25,0,0,13,0,0,3,7,1,679,907,28,17,59,62,2,9,753,1089,28,0,0,3,6,6,731,1038,28,0,7,7,2,0,2469,1880
2008,93,12,1,561,535,19,34,16,2,2,576,525,24,23,6,555,510,17,20,3,8,5,3,593,499,26,17,0,3,6,3,591,494,18,19,2,576,527,18,18,515,438,51,12,0,5,2,0,4,14,4,31,8,1,2,23,1,8,0,516,410,50,12,19,0,5,6,0,43,33,3,2,7,0,2,3,4,3,498,398,15,9,55,77,4,4,556,586,15,0,0,1,4,7,529,548,14,0,16,11,4,0,1516,1170
2008,93,13,1,249,557,13,32,5,1,3,243,557,13,27,0,232,538,11,25,1,1,3,2,248,528,12,30,0,0,5,4,254,512,13,26,0,240,543,11,27,222,492,33,24,0,1,2,0,4,10,1,11,2,3,1,10,0,0,0,224,477,34,21,9,0,2,1,0,24,10,0,0,6,0,1,5,1,1,217,470,11,18,17,32,1,7,251,573,23,0,0,3,5,2,237,543,22,0,5,5,0,0,1041,860
2008,93,14,1,188,300,5,6,3,0,1,189,299,5,3,1,186,298,5,2,1,1,0,1,213,274,2,5,0,1,1,1,193,286,4,5,0,190,292,4,6,182,274,15,4,0,0,0,1,0,2,0,3,1,1,0,3,0,2,0,183,269,11,4,3,0,0,1,0,4,3,0,0,4,1,1,0,1,1,179,256,2,3,8,22,3,2,179,314,4,0,0,1,1,2,177,307,4,0,1,0,0,0,623,503
2008,93,15,1,330,345,10,12,4,4,2,329,338,9,10,2,325,328,9,10,0,0,0,0,342,310,11,6,0,0,8,3,348,172,10,9,0,338,311,9,9,331,285,21,4,0,2,1,1,1,5,2,6,1,2,0,3,0,1,0,324,276,20,7,9,0,2,1,0,11,8,0,0,4,0,0,1,2,2,318,271,9,3,15,23,0,2,407,284,8,0,0,1,5,1,373,269,7,0,6,2,1,0,961,708
2008,93,16,1,954,817,28,53,7,1,5,967,796,25,37,1,933,776,23,34,3,1,2,8,992,728,28,28,0,0,5,5,1010,709,24,30,0,953,774,24,30,887,643,77,23,0,3,9,2,4,19,4,51,6,4,5,16,0,7,5,907,610,70,33,22,2,3,4,0,64,24,0,1,18,0,3,7,1,5,861,601,21,20,69,67,3,4,996,840,18,0,0,0,7,3,951,789,17,0,8,8,4,0,2400,1866
2008,93,17,1,730,876,22,29,21,3,5,736,859,21,23,6,716,835,15,19,3,4,3,2,762,833,20,19,0,1,5,6,752,820,18,23,2,715,877,14,28,684,762,51,19,1,3,3,1,3,15,1,37,6,5,1,15,0,0,1,680,735,56,21,23,1,4,2,0,43,25,2,1,9,0,2,2,0,5,664,724,12,9,51,70,4,10,763,887,21,0,0,3,6,9,732,836,17,0,7,10,2,0,2183,1690
2008,93,18,1,626,687,21,27,18,3,1,631,668,19,28,5,614,654,19,22,4,6,2,4,657,645,19,19,0,1,12,2,660,625,18,18,0,635,648,16,22,603,590,44,18,0,4,5,0,2,9,1,15,3,0,2,3,0,3,0,604,567,43,19,7,0,3,6,0,23,15,0,1,7,0,1,1,2,2,595,559,16,14,30,47,2,2,670,680,19,0,0,0,6,4,645,646,19,0,5,4,3,0,1841,1383
2008,93,77,1,11,64,2,0,1,3,0,12,59,1,0,0,11,57,1,0,0,0,0,1,10,59,1,0,0,0,5,0,11,56,1,1,0,10,58,2,1,9,54,3,1,0,1,1,0,0,1,0,2,0,0,0,0,0,0,0,9,43,2,0,0,0,1,0,0,0,16,0,0,0,0,0,0,0,0,9,42,1,0,1,15,0,1,12,61,1,0,0,0,4,0,12,58,1,0,0,0,0,0,0,81
2008,93,78,1,20,51,2,0,1,0,0,21,47,2,0,0,19,47,2,0,0,2,0,0,7,9,1,0,0,0,0,2,10,13,1,0,0,10,13,1,0,7,9,1,0,0,0,0,0,0,0,0,0,0,0,0,0,0,0,0,7,9,1,0,0,0,0,0,0,0,0,0,0,0,0,0,0,0,0,7,9,1,0,0,0,0,0,7,15,1,0,0,0,0,6,7,14,1,0,0,0,0,0,0,74
2008,93,81,1,123,176,3,2,2,6,0,126,174,3,1,0,123,171,3,1,1,2,0,0,155,178,2,1,0,0,0,0,156,175,2,1,0,154,176,2,1,153,173,3,1,0,0,0,0,0,1,0,1,1,0,0,0,0,0,0,151,171,2,2,1,0,0,0,0,4,1,0,0,0,0,1,0,0,1,150,169,2,1,4,4,0,0,143,189,2,0,0,0,3,2,143,182,2,0,3,0,0,0,0,312
2008,94,1,1,500,318,11,31,2,4,2,513,302,10,22,0,484,290,9,21,3,2,2,3,532,273,16,0,0,0,9,4,541,247,18,18,1,517,252,16,21,498,233,27,16,0,4,1,0,9,7,1,4,6,5,2,2,0,2,2,451,221,27,12,10,0,8,6,7,6,4,0,5,1,0,1,2,49,10,444,214,11,10,46,24,3,6,633,201,19,0,0,3,6,5,580,197,16,0,9,10,2,0,1078,870
2008,94,2,1,186,85,1,4,3,1,0,184,83,2,2,0,182,81,1,2,0,1,0,0,187,75,3,0,0,0,1,2,184,72,3,2,0,182,75,3,2,173,65,7,2,0,0,0,0,7,7,0,0,0,0,0,3,0,0,0,168,67,7,2,0,0,3,0,0,1,1,0,5,0,0,0,3,3,1,165,63,3,2,6,5,0,0,219,56,2,0,0,1,1,0,206,54,2,0,1,2,0,0,332,281
2008,94,3,1,607,577,24,49,5,0,1,617,557,22,39,3,589,538,19,34,3,3,0,8,676,513,15,0,0,0,11,3,683,480,15,29,0,641,493,15,26,612,435,55,18,0,3,1,1,7,7,1,4,16,6,4,10,3,2,8,556,410,51,18,19,0,9,4,4,4,8,0,9,3,2,2,16,63,8,553,387,12,15,54,69,2,5,818,410,24,0,0,3,1,3,743,400,22,0,8,7,2,0,1610,1263
2008,94,4,1,595,469,5,32,4,2,0,592,463,5,26,3,575,446,3,21,4,2,2,7,659,407,8,0,0,0,3,1,639,392,9,19,0,617,398,9,21,595,373,32,11,0,3,1,1,7,9,1,6,2,1,2,8,0,1,3,578,369,34,12,4,0,6,2,0,8,5,0,5,1,0,1,5,24,7,571,355,8,10,32,25,0,4,783,304,8,0,0,3,2,7,753,296,8,0,6,4,0,0,1468,1112
2008,94,5,1,567,453,11,38,3,3,6,564,443,10,31,0,545,433,8,29,0,2,2,2,585,390,22,0,0,4,10,6,596,383,18,26,0,571,386,16,23,559,358,39,17,0,1,4,1,3,1,1,2,3,5,2,15,0,1,6,517,341,47,15,9,0,1,2,5,2,2,0,5,4,0,3,9,19,13,515,329,14,14,35,45,1,3,728,305,26,0,0,5,9,4,662,295,26,0,8,13,0,0,1509,1083
2008,94,6,1,432,556,13,43,9,0,2,435,541,13,39,2,421,523,10,35,3,2,1,4,462,512,14,0,0,0,2,2,466,494,12,31,1,449,503,11,29,434,467,32,26,0,3,5,1,0,2,2,4,4,2,5,7,1,1,6,404,442,39,22,12,0,0,2,5,7,3,0,4,3,1,4,16,24,3,399,437,10,20,39,42,1,6,605,412,13,0,0,3,2,4,560,406,12,0,6,16,1,0,1483,800
2008,94,7,1,606,776,29,64,10,1,1,613,755,28,58,2,586,717,24,49,3,10,2,9,678,665,34,0,0,2,4,6,679,637,31,60,0,647,644,36,60,608,584,89,43,0,5,8,0,5,4,4,6,6,3,4,16,0,2,14,559,554,77,35,19,0,10,5,3,6,4,1,7,1,0,3,24,57,20,548,532,25,35,68,78,2,5,935,511,29,0,0,1,2,2,863,499,27,0,8,15,4,0,1997,1487
2008,94,8,1,477,561,10,35,13,3,3,481,561,11,26,0,470,542,8,26,0,7,1,2,526,502,12,0,0,0,10,7,520,485,11,24,0,508,489,11,20,478,463,32,16,0,3,1,0,9,6,0,0,15,1,2,7,1,4,2,451,442,33,15,13,0,4,5,2,4,2,0,3,5,0,6,15,24,13,443,429,9,15,41,45,1,4,685,387,13,0,0,2,8,5,644,387,13,0,2,10,2,0,1482,809
2008,94,9,1,383,393,7,12,5,0,3,381,383,7,11,0,371,381,5,10,1,1,3,5,404,343,5,0,0,5,5,7,406,329,6,16,1,389,333,5,12,228,344,119,21,1,1,4,0,4,6,0,2,5,0,4,7,0,2,4,347,288,27,7,7,0,2,1,2,2,0,0,2,5,0,3,19,20,5,341,277,3,4,34,35,4,5,528,251,11,0,0,3,1,4,490,246,9,0,8,7,2,0,1052,804
2008,94,10,1,557,478,24,40,14,1,1,565,470,25,31,9,541,452,21,30,8,2,2,4,585,412,31,0,0,2,6,3,590,403,29,29,2,570,409,30,36,541,359,56,25,2,3,0,1,4,11,1,1,8,1,3,22,0,3,3,506,352,56,23,14,1,3,3,1,4,0,0,7,3,1,4,17,23,10,496,337,24,21,61,52,3,7,709,364,23,0,0,2,3,4,682,354,23,0,2,11,2,0,1452,1118
2008,94,11,1,433,757,13,46,5,0,3,448,745,9,36,0,420,725,9,33,1,4,1,6,474,704,13,0,0,1,4,3,496,663,15,40,0,467,672,9,40,434,615,38,30,0,2,2,1,10,15,2,10,10,4,4,9,0,1,8,389,587,42,25,18,0,3,4,12,1,3,0,13,3,1,5,27,42,18,383,574,8,21,60,58,2,11,560,655,23,0,0,5,5,2,516,622,18,0,9,13,1,0,1603,1259
2008,94,12,1,116,441,6,15,2,0,1,129,434,4,10,1,115,426,4,8,2,3,2,3,135,413,4,0,0,0,1,2,142,403,2,17,0,130,407,5,16,121,372,20,7,0,1,1,0,1,2,1,1,4,1,0,8,0,1,3,110,352,20,7,10,0,0,4,0,3,0,1,3,3,0,2,8,9,6,109,349,2,6,9,43,1,4,208,363,5,0,0,0,1,3,191,356,5,0,2,7,0,0,706,582
2008,94,13,1,367,315,5,31,3,1,2,376,305,3,25,0,354,299,3,23,1,6,1,6,398,272,10,0,0,0,6,5,392,262,9,13,0,381,265,8,18,374,244,28,10,0,2,1,0,4,0,1,2,2,0,5,6,0,2,2,347,235,23,9,11,0,3,5,1,3,0,0,3,2,0,5,5,23,6,345,225,7,9,19,34,1,3,489,214,11,0,0,0,5,3,479,209,11,0,3,6,0,0,969,724
2008,94,14,1,239,316,3,21,8,0,2,245,310,3,22,2,231,296,3,18,3,4,0,2,266,279,12,0,0,1,5,3,258,287,6,15,0,254,284,4,16,242,261,21,10,0,0,1,0,0,3,4,2,3,0,2,5,2,2,3,225,257,20,7,6,0,0,6,2,3,3,0,3,0,2,2,6,12,5,223,248,4,7,22,26,0,4,358,223,4,0,0,1,3,2,326,215,4,0,4,6,1,0,849,593
2008,94,15,1,946,578,17,49,6,3,10,950,559,17,34,5,916,539,14,31,8,5,0,6,1013,459,11,0,0,6,18,8,1006,439,15,38,0,965,447,13,36,949,397,44,21,0,3,4,2,10,11,2,4,3,3,8,7,1,7,8,883,376,48,22,13,0,8,3,7,8,8,0,6,0,0,9,21,45,14,870,358,11,19,70,56,2,8,1234,343,18,0,0,0,8,6,1168,330,16,0,10,18,0,0,2347,1616
2008,94,16,1,1124,803,33,55,4,0,5,1117,787,30,53,2,980,768,28,49,4,3,6,13,1240,662,28,0,0,1,11,10,1220,655,29,43,0,1170,673,27,43,1087,596,84,28,0,6,2,0,28,10,1,8,13,8,12,20,2,11,6,1021,563,86,27,17,0,8,9,6,11,5,0,14,6,1,9,27,71,21,1001,538,21,26,115,94,8,5,1402,574,36,0,0,4,2,8,1338,549,34,0,10,14,3,0,2577,1848
2008,94,17,1,374,444,16,27,5,2,1,380,439,14,21,1,352,430,13,17,5,0,4,15,403,403,22,0,0,2,4,0,403,397,18,30,0,385,389,18,32,372,364,41,24,0,0,5,2,1,6,0,1,3,2,4,8,0,7,3,320,327,37,18,17,0,3,6,12,4,8,0,4,5,0,6,15,36,7,317,313,12,15,43,62,4,9,505,330,25,0,0,3,3,2,471,323,23,0,8,13,1,0,1148,868
2008,94,18,1,433,169,4,18,0,2,4,425,163,3,14,0,420,155,2,13,3,0,1,0,468,131,2,0,0,1,4,0,466,128,2,7,0,454,131,3,7,449,121,13,3,0,0,0,0,1,1,0,1,2,0,0,1,0,1,2,429,118,18,6,2,0,2,0,0,8,0,0,4,0,0,1,2,7,2,428,111,2,6,25,14,0,1,509,105,2,0,0,1,5,4,487,103,0,0,3,3,1,0,890,649
2008,94,19,1,733,701,53,52,19,1,5,762,682,47,43,2,715,664,42,40,5,7,12,6,783,634,51,0,0,2,12,16,810,594,37,43,0,789,589,39,37,719,537,104,20,0,4,4,1,14,6,6,2,3,5,3,20,2,7,15,672,494,84,25,39,0,5,6,14,7,6,1,7,3,0,4,22,66,18,653,481,30,22,71,76,8,7,980,491,71,0,0,8,5,8,889,472,63,0,18,21,10,0,2074,1571
2008,94,20,1,650,647,29,77,9,1,2,672,635,25,64,5,626,610,22,58,8,4,7,12,702,589,32,0,0,1,11,8,710,568,27,62,1,679,569,32,53,640,520,76,23,0,7,3,1,7,10,12,5,4,4,2,28,6,2,3,581,503,78,29,25,0,4,8,4,6,7,0,4,1,1,4,19,56,10,567,475,21,25,75,66,10,25,859,473,64,0,0,7,7,6,797,462,59,0,10,16,5,0,1860,1422
2008,94,21,1,641,630,30,61,16,3,8,647,618,35,44,7,622,592,29,41,0,8,5,6,687,553,39,0,0,4,12,17,679,539,39,48,4,646,558,38,51,622,490,88,31,0,3,2,3,4,1,1,9,5,10,4,11,0,4,8,574,472,89,31,25,0,3,5,9,5,1,0,2,4,0,5,13,31,8,571,466,33,26,49,48,4,10,873,457,36,0,0,4,8,9,828,447,34,0,11,9,3,0,1890,1389
2008,94,22,1,395,477,11,30,3,0,5,392,467,11,27,1,386,459,10,24,3,0,0,1,429,428,12,0,0,1,6,4,434,414,18,21,0,420,418,12,22,406,401,24,20,0,1,3,0,4,4,0,2,1,2,2,2,0,1,2,388,380,29,17,6,0,2,1,6,5,1,0,6,1,0,1,6,22,6,381,378,12,17,24,32,1,4,556,341,11,0,0,2,4,4,528,337,9,0,1,8,0,0,1245,922
2008,94,23,1,1012,1084,76,85,23,3,5,1031,1076,75,78,9,989,1056,65,69,7,4,8,21,1087,1015,79,0,0,4,10,6,1118,949,76,80,1,1067,962,74,83,1018,873,130,52,0,13,4,1,11,16,8,4,13,8,5,24,1,4,19,928,817,143,43,33,0,7,8,16,9,14,0,11,5,2,7,32,83,25,904,789,60,35,96,110,10,23,1311,826,120,0,0,25,9,6,1233,804,112,0,20,33,9,0,3000,2298
2008,94,24,1,337,221,14,17,5,0,3,337,215,14,10,0,331,209,13,8,0,1,0,4,361,190,14,0,0,5,2,3,349,188,15,11,4,341,190,12,13,318,172,32,6,0,0,1,0,3,2,1,3,4,3,1,3,0,3,3,302,167,28,5,5,0,2,0,5,1,2,0,0,1,0,2,7,20,7,295,160,12,5,37,21,2,2,412,166,14,0,0,1,2,1,389,161,14,0,3,8,1,0,759,597
2008,94,25,1,613,463,20,40,6,2,2,615,453,18,30,3,587,440,16,27,2,1,2,8,665,423,21,0,0,1,6,1,673,392,17,21,4,639,396,18,21,615,363,49,8,2,2,0,1,7,5,4,2,4,1,2,10,0,2,4,552,343,42,7,15,1,3,6,0,5,5,0,9,1,0,3,13,43,8,542,334,14,6,58,42,2,6,803,319,21,0,0,0,5,5,749,306,15,0,5,6,5,0,1520,1152
2008,94,26,1,585,649,41,63,10,3,3,607,640,36,47,2,571,624,35,44,3,7,2,8,662,564,46,0,0,1,7,5,662,540,42,51,2,630,552,39,54,584,493,78,35,1,5,4,1,14,10,6,6,14,5,4,16,4,3,9,522,443,83,33,25,0,3,10,9,4,10,0,16,10,2,4,28,55,10,506,427,30,30,82,75,6,13,862,435,38,0,0,8,10,4,787,417,35,0,13,16,4,0,1743,1362
2008,94,77,1,34,113,4,4,0,4,1,34,107,3,3,0,33,103,3,3,0,0,1,0,31,98,6,0,0,0,10,1,35,95,7,2,0,30,95,6,3,30,87,11,2,0,0,1,0,2,0,0,1,0,1,0,4,0,0,0,23,58,13,1,0,0,2,0,1,3,0,0,0,1,0,1,30,2,3,23,59,6,1,4,33,0,1,69,77,4,0,0,0,6,0,64,76,4,0,0,3,0,0,0,160
2008,94,78,1,55,83,0,2,0,1,1,57,74,0,2,0,53,72,0,2,0,1,0,0,23,16,1,0,0,0,0,5,28,20,0,1,0,27,21,0,1,16,10,1,1,0,0,0,0,1,0,0,0,0,0,0,1,0,0,0,14,10,1,1,0,0,0,0,0,0,0,0,0,0,0,0,1,1,2,14,10,0,1,1,1,0,0,26,6,0,0,0,0,1,25,23,6,0,0,0,0,0,0,0,144
2008,94,81,1,31,34,1,4,0,0,1,31,32,1,4,0,30,32,1,4,1,0,0,0,30,30,3,0,0,0,0,0,34,27,2,5,0,30,28,2,5,31,25,2,4,0,0,0,0,0,0,0,1,0,0,0,1,0,0,0,29,25,2,4,0,0,1,0,0,0,0,0,0,0,0,0,1,2,0,29,24,2,4,0,1,0,0,43,24,1,0,0,0,0,0,37,24,1,0,1,1,0,0,0,71
2008,95,1,1,995,1648,42,168,26,1,10,1000,1618,45,159,1,963,1568,37,148,6,8,5,18,1069,1546,58,0,0,1,12,18,1084,1508,44,132,1,1074,1487,45,128,960,1330,120,98,1,8,14,2,9,109,5,0,4,11,5,11,0,54,15,940,1320,108,89,38,0,10,10,14,5,7,0,3,11,1,71,64,2,34,935,1253,33,84,80,200,7,35,1246,1577,20,0,0,6,14,8,1173,1501,17,0,33,29,7,0,3814,2892
2008,95,2,1,320,521,10,33,7,1,2,325,512,11,24,0,311,498,9,23,0,3,2,4,340,485,9,0,0,0,4,3,348,475,8,30,2,339,468,7,34,312,443,29,17,0,5,4,1,3,16,4,0,4,1,1,4,0,14,6,305,429,33,16,6,0,1,3,1,2,3,1,3,3,0,17,10,1,13,297,423,7,14,29,36,0,8,388,483,11,0,0,2,1,6,374,475,11,0,4,3,1,0,1147,892
2008,95,3,1,459,647,7,76,12,5,7,463,643,4,72,5,444,624,4,63,4,6,3,8,484,609,12,0,0,0,22,11,493,603,11,49,0,484,596,10,45,451,543,40,36,0,0,8,1,2,14,3,3,4,4,1,12,1,12,9,437,539,34,36,16,0,2,6,3,3,4,1,2,2,0,19,17,1,12,435,523,8,35,33,63,3,4,574,619,5,0,0,0,9,0,542,595,5,0,6,19,2,0,1616,1217
2008,95,4,1,227,230,2,32,2,1,3,229,232,1,30,0,227,225,1,29,0,0,0,4,241,213,6,0,0,1,1,1,248,211,5,22,0,243,211,4,24,227,197,19,20,0,1,2,1,1,2,0,1,0,1,1,0,0,3,2,229,195,14,19,4,0,3,1,2,1,1,0,0,0,0,9,4,0,1,225,195,4,16,9,8,0,6,277,215,6,0,0,1,1,1,273,214,5,0,1,2,0,0,672,498
2008,95,5,1,330,414,11,42,9,0,2,327,406,11,37,1,316,393,10,32,2,1,1,6,342,390,12,0,0,0,9,3,344,384,8,39,1,338,390,8,37,304,348,33,27,0,5,3,1,3,18,3,2,2,2,0,2,3,14,3,296,339,25,23,11,0,5,6,8,4,1,0,1,1,0,18,18,1,8,290,330,10,22,35,37,0,8,387,401,8,0,0,0,4,3,372,389,8,0,8,6,0,0,1082,808
2008,95,6,1,264,491,6,50,1,4,2,270,475,7,41,1,260,474,5,40,2,0,0,3,286,461,9,0,0,0,13,1,292,444,12,27,0,287,444,7,31,269,428,24,25,0,1,4,0,1,8,1,1,0,2,0,2,0,9,1,270,426,19,24,9,0,3,3,4,0,0,0,2,0,0,8,4,0,7,264,418,4,21,13,23,3,5,328,466,3,0,0,2,6,4,312,454,3,0,4,4,1,0,1093,818
2008,95,7,1,348,685,4,54,14,1,1,355,678,4,44,4,338,666,4,42,4,0,1,2,365,667,5,0,0,1,7,2,372,654,4,44,1,368,652,3,42,340,605,31,31,0,0,6,1,2,17,3,1,2,1,1,5,1,12,12,332,586,24,31,7,0,2,2,2,2,7,0,1,2,0,18,32,0,13,325,575,3,28,28,57,0,9,468,628,1,0,0,2,3,1,438,614,1,0,10,11,0,0,1460,1109
2008,95,8,1,318,762,2,31,3,1,3,328,741,4,23,0,312,729,2,23,0,4,1,5,354,687,6,0,0,0,13,6,349,687,7,25,0,343,682,5,27,307,641,22,23,0,3,3,0,3,19,1,2,4,4,0,15,0,12,25,300,602,22,22,8,0,1,4,4,6,11,0,0,6,0,14,26,0,32,296,578,4,21,20,73,0,2,349,759,4,0,0,0,2,4,342,719,4,0,4,3,0,0,1483,1122
2008,95,9,1,355,523,7,38,6,2,2,359,519,7,36,1,351,513,5,34,0,4,0,7,384,495,9,0,0,0,7,1,392,489,6,31,0,388,477,7,32,359,459,21,21,0,4,3,0,1,6,0,1,2,6,0,8,0,13,5,346,445,25,22,17,0,0,4,6,6,4,0,1,1,0,16,4,0,7,343,437,5,20,21,35,1,8,437,486,7,0,0,1,0,2,429,479,7,0,2,3,3,0,1183,935
2008,95,10,1,379,402,15,36,8,1,3,383,398,14,30,1,371,389,14,30,2,5,0,2,399,363,16,0,0,1,11,5,402,364,19,25,0,395,361,16,25,359,336,39,22,0,3,2,0,3,9,0,5,1,2,0,7,0,20,2,349,325,27,19,21,0,2,3,2,3,2,0,0,1,0,26,8,0,3,343,315,15,19,31,38,1,4,425,399,5,0,0,5,6,4,415,373,5,0,6,4,5,0,1060,847
2008,95,11,1,554,268,5,13,1,1,1,538,250,6,10,0,527,241,5,10,2,0,0,1,615,184,5,0,0,0,6,3,560,200,5,13,0,548,201,3,13,529,182,20,4,0,5,2,1,2,2,2,0,1,0,3,3,1,18,0,521,163,19,5,6,0,3,4,1,4,0,0,3,1,0,16,13,0,5,508,161,2,4,34,19,1,3,392,435,12,0,0,0,3,3,378,370,9,0,19,1,1,0,990,846
2008,95,12,1,775,501,7,25,8,3,2,782,488,6,20,2,763,478,6,19,2,3,1,3,810,459,12,0,0,0,4,4,815,443,12,18,0,801,451,8,21,767,418,33,10,1,4,7,3,0,9,2,0,1,4,0,3,3,11,5,764,407,28,5,8,2,3,3,4,6,0,0,2,0,0,18,10,0,6,759,396,8,5,24,31,2,7,814,486,9,0,0,0,4,4,806,465,9,0,8,3,0,0,1655,1327
2008,95,77,1,7,38,1,0,0,2,0,6,36,2,1,0,6,33,1,0,0,0,0,0,6,32,0,0,0,0,4,0,6,33,1,0,0,7,34,1,0,4,27,2,0,0,0,0,0,0,4,0,1,0,0,0,0,0,1,0,4,15,6,0,1,0,0,2,0,0,0,0,0,0,0,1,14,0,0,6,32,1,0,0,1,0,0,11,32,0,0,0,0,3,0,6,33,1,0,0,0,0,0,0,48
2008,95,78,1,36,51,3,1,0,0,0,35,49,3,1,0,34,47,3,1,0,0,0,0,20,14,1,0,0,0,0,2,24,16,1,1,0,24,16,1,1,20,14,1,1,0,0,0,0,0,0,0,0,0,0,0,0,0,0,0,20,14,1,1,0,0,0,0,0,0,0,0,0,0,0,0,0,0,0,20,14,1,1,0,0,0,0,17,17,2,0,0,0,0,8,17,17,2,0,0,0,0,0,0,92
2008,95,81,1,107,101,2,3,3,1,0,106,102,2,4,0,106,101,2,3,0,0,0,1,109,102,2,0,0,0,2,0,107,103,2,1,0,106,103,2,2,104,100,5,1,0,0,0,0,0,2,0,0,0,0,0,0,0,1,0,104,98,5,1,1,0,2,0,1,0,0,0,0,0,0,1,0,0,1,104,97,2,1,1,6,0,0,113,101,1,0,0,0,1,1,112,100,1,0,1,0,0,0,0,217
2008,96,1,1,759,964,42,62,19,1,4,747,959,41,60,2,725,937,34,52,8,6,6,9,764,940,39,39,0,5,11,6,760,948,37,41,3,747,935,38,47,703,879,90,35,2,0,3,2,4,3,1,5,3,2,5,13,0,21,0,687,855,91,36,7,1,6,4,1,3,9,1,1,13,0,43,1,0,2,682,851,23,32,50,57,15,8,732,1040,30,0,0,0,3,15,657,945,17,9,139,32,8,41,2444,1852
2008,96,2,1,402,429,27,34,7,4,6,391,424,29,29,2,378,413,21,23,5,1,5,3,403,422,29,19,0,2,11,3,410,417,26,22,0,401,409,26,25,376,387,52,19,0,1,0,0,1,2,1,0,1,1,3,1,0,13,2,373,382,49,16,9,0,3,4,3,1,7,0,1,1,0,14,0,0,2,361,374,24,16,35,31,1,3,394,456,16,0,0,0,3,15,357,426,6,9,15,11,6,25,1256,912
2008,96,3,1,409,402,38,43,11,3,6,404,399,38,37,2,393,387,35,33,0,4,2,4,405,397,35,33,0,1,9,7,410,391,36,32,0,407,386,35,32,375,361,73,17,0,2,3,0,0,8,1,1,1,0,0,2,0,19,2,373,350,71,23,1,0,1,1,2,1,7,0,3,7,0,18,2,1,2,370,347,33,23,17,27,2,7,397,469,17,0,0,2,3,13,351,403,8,6,15,19,7,26,1196,911
2008,96,4,1,373,372,24,37,4,4,2,373,367,23,33,0,362,353,20,31,4,0,0,2,375,357,17,28,0,0,10,5,371,355,17,29,0,365,344,16,33,341,323,40,28,0,2,3,0,2,4,0,2,0,4,2,9,0,10,0,336,315,32,25,7,0,2,2,2,4,3,0,3,19,0,12,1,0,3,329,314,16,20,26,18,0,9,378,409,12,0,0,0,5,8,338,339,7,3,19,24,4,21,1095,819
2008,96,5,1,351,473,20,36,8,5,2,347,455,25,31,1,339,443,16,30,6,1,2,2,358,430,18,32,0,1,20,7,357,434,17,29,0,355,431,18,33,331,402,42,26,0,1,2,0,4,4,4,1,3,4,1,6,0,6,0,335,394,40,28,5,0,2,2,2,1,7,1,2,10,0,8,0,0,1,326,388,15,25,18,22,3,4,365,484,19,0,0,2,5,8,326,432,9,6,27,17,6,14,1169,898
2008,96,77,1,5,26,1,1,0,4,0,5,25,1,1,0,5,24,1,1,0,0,0,0,5,21,2,1,0,0,3,0,4,22,2,1,0,5,21,2,1,3,20,4,1,0,0,0,0,1,1,0,0,0,0,0,1,0,0,0,3,14,3,1,0,0,0,0,0,0,8,0,0,0,0,0,1,0,1,3,13,2,1,2,8,0,0,6,24,1,0,0,0,3,0,6,23,1,0,0,0,0,0,0,37
2008,96,78,1,8,21,0,0,0,0,0,8,21,0,0,0,8,20,0,0,0,0,0,0,2,4,0,0,0,0,0,4,2,4,0,0,0,2,4,0,0,2,4,0,0,0,0,0,0,0,0,0,0,0,0,0,0,0,0,0,2,4,0,0,0,0,0,0,0,0,0,0,0,0,0,0,0,0,0,2,4,0,0,0,0,0,0,2,4,0,0,0,0,0,4,2,4,0,0,0,0,0,0,0,29
2008,96,81,1,16,31,3,6,1,1,0,16,32,4,4,1,16,30,3,3,0,1,1,0,17,29,4,5,0,0,1,0,18,29,3,4,0,18,29,3,4,17,27,3,4,0,0,1,0,0,0,1,0,0,0,0,0,0,0,1,17,28,4,4,0,0,0,0,0,0,0,0,0,0,0,0,0,0,1,17,27,3,4,0,0,0,0,17,36,3,0,0,0,1,0,17,34,3,0,0,0,0,2,0,58
2008,97,1,1,103,143,9,9,7,5,0,102,141,10,8,2,98,136,8,7,0,0,0,0,101,134,12,7,0,1,10,2,103,132,11,8,1,100,135,11,9,96,121,17,7,0,1,2,0,1,3,0,1,3,0,1,3,1,1,0,95,116,21,6,1,0,2,3,0,3,0,1,5,1,0,1,7,1,5,92,114,9,6,5,11,2,2,125,146,5,0,0,1,0,0,108,111,5,0,11,15,1,0,336,278
2008,97,2,1,413,518,23,27,3,4,6,402,505,31,28,0,391,497,22,25,3,4,2,1,417,463,24,28,0,0,15,10,405,459,24,31,0,399,460,21,33,361,437,37,25,0,3,0,0,2,7,2,1,3,3,18,4,0,5,3,362,419,44,27,12,1,5,7,1,6,1,0,13,0,1,0,7,1,14,350,415,20,24,24,24,1,2,446,558,10,0,0,1,4,2,362,455,4,0,55,52,5,0,1214,996
2008,97,77,1,0,8,0,1,0,3,0,0,7,0,1,0,0,7,0,1,0,0,0,0,0,5,1,1,0,0,3,0,0,6,1,1,0,0,6,1,1,0,0,1,1,0,0,0,0,0,0,0,0,0,0,0,0,0,0,0,0,4,1,1,0,0,0,0,0,0,0,0,0,0,0,0,1,0,0,0,5,1,1,0,1,0,0,0,8,0,0,0,0,3,1,0,8,0,0,0,0,0,0,0,12
2008,97,78,1,2,4,0,0,1,0,0,2,4,0,0,0,2,4,0,0,0,0,0,0,1,2,0,0,0,0,0,2,1,2,0,0,0,1,2,0,0,1,2,0,0,0,0,0,0,0,0,0,0,0,0,0,0,0,0,0,1,2,0,0,0,0,0,0,0,0,0,0,0,0,0,0,0,0,0,1,2,0,0,0,0,0,0,1,2,0,0,0,0,0,0,1,2,0,0,0,0,0,0,0,7
2008,97,81,1,11,12,1,1,0,1,0,11,12,1,1,0,11,12,1,1,0,0,0,0,12,12,1,1,0,0,0,0,12,12,1,1,0,12,12,1,1,10,12,2,1,0,0,0,0,0,0,0,0,0,0,1,0,0,0,0,10,12,2,1,0,0,0,0,0,1,0,0,0,0,0,0,0,0,0,10,12,1,1,2,0,0,0,13,13,0,0,0,0,0,0,10,13,0,0,2,0,1,0,0,26
2008,98,1,1,684,984,33,136,18,1,5,709,972,35,115,4,658,943,30,110,9,12,3,20,747,932,26,88,0,2,11,5,747,905,26,95,1,735,906,27,95,657,805,75,73,0,52,19,1,3,8,3,12,16,11,3,6,0,8,14,704,812,69,81,17,0,1,1,0,5,5,2,7,3,1,3,5,3,20,636,773,23,67,68,76,3,21,841,929,51,0,0,10,11,14,790,862,39,0,31,27,3,0,2567,1870
2008,98,2,1,139,271,4,43,1,1,1,140,263,4,38,1,134,255,4,34,0,1,0,4,153,247,6,31,0,0,5,3,154,246,5,30,0,153,241,5,31,140,196,21,31,1,5,19,0,0,5,0,0,9,2,0,3,0,0,2,146,200,21,32,4,0,1,5,0,1,1,0,3,4,0,0,3,0,10,138,187,4,26,9,32,2,7,193,248,8,0,0,2,4,1,181,239,5,0,2,8,2,0,600,461
2008,98,3,1,283,489,13,55,2,2,2,294,478,6,50,0,272,461,6,48,4,3,1,4,296,450,6,33,0,1,6,4,306,427,7,37,3,296,437,9,41,273,376,34,28,0,9,15,1,0,9,1,0,11,2,0,2,2,3,6,283,381,28,33,7,0,0,2,0,4,7,0,2,5,1,5,2,1,10,262,360,6,25,19,40,1,10,334,498,9,0,0,2,6,0,320,467,8,0,8,6,2,0,1177,852
2008,98,4,1,44,71,0,3,3,1,0,45,72,0,2,0,43,69,0,1,0,2,0,1,47,70,1,2,0,0,0,0,49,67,1,3,0,52,61,0,3,44,56,6,2,0,1,3,0,0,1,0,0,4,0,1,1,0,0,1,46,57,3,2,3,0,0,0,0,0,0,0,0,0,0,1,0,0,6,42,53,1,2,4,4,0,0,55,68,0,0,0,0,0,0,51,66,0,0,0,0,0,0,135,122
2008,98,5,1,492,762,20,108,6,2,3,509,746,23,96,0,471,720,19,90,6,6,1,17,536,711,23,65,0,1,2,7,522,675,22,71,1,527,681,22,74,460,604,69,58,0,35,13,0,6,8,2,10,15,6,1,9,1,4,11,510,602,63,56,12,0,0,5,2,4,6,6,1,5,3,10,2,2,20,444,571,17,50,50,76,3,12,578,754,34,0,0,9,3,13,559,705,32,0,12,17,3,0,1920,1396
2008,98,6,1,367,769,11,113,14,2,5,369,769,10,99,2,352,744,9,97,0,7,3,7,396,763,13,70,0,1,12,8,400,737,14,77,0,386,748,14,75,363,679,34,62,0,16,13,0,2,6,1,4,16,10,8,4,1,0,12,375,655,42,69,12,0,0,4,0,6,6,0,3,2,1,2,3,1,32,352,639,10,60,176,70,3,14,468,773,11,0,0,4,14,6,451,739,9,0,8,13,2,0,1834,1283
2008,98,7,1,268,437,7,62,4,2,0,272,417,10,56,2,263,411,7,52,0,2,2,0,282,400,8,50,0,0,8,5,286,390,8,43,0,286,390,9,46,256,349,28,36,0,13,3,0,2,7,2,5,7,3,0,5,0,1,9,278,347,26,34,11,0,0,3,0,1,2,0,5,0,0,2,3,0,14,253,335,8,33,8,37,1,8,345,401,16,0,0,0,4,5,327,382,14,0,3,6,0,0,1062,780
2008,98,77,1,7,23,2,1,1,4,0,7,23,1,1,0,7,21,1,1,0,1,1,0,8,22,3,1,0,0,3,0,8,21,2,1,0,8,21,2,1,8,20,2,1,0,0,0,0,0,0,0,0,0,0,0,0,0,0,0,9,16,3,1,0,0,0,0,0,0,0,0,0,0,0,0,0,0,4,8,16,2,1,0,4,0,0,14,20,1,0,0,0,3,0,13,18,1,0,0,0,0,0,0,37
2008,98,78,1,22,29,0,0,0,0,0,20,30,0,0,0,19,28,0,0,0,0,0,0,8,8,0,0,0,0,0,5,8,9,0,0,0,8,9,0,0,5,7,0,0,0,0,0,0,0,0,0,0,0,0,0,0,0,0,0,5,6,0,0,0,0,0,0,0,0,0,0,0,0,0,0,0,0,0,5,6,0,0,0,0,0,0,5,6,0,0,0,0,0,12,5,6,0,0,0,0,0,0,0,48
2008,98,81,1,75,107,6,6,0,0,0,73,106,6,5,0,72,105,6,5,0,0,0,1,72,105,4,3,0,0,2,0,73,103,4,3,0,72,104,4,4,75,99,5,4,0,1,1,1,0,1,1,0,1,0,1,1,0,0,0,72,98,7,3,0,0,0,0,0,0,0,0,0,0,0,0,0,0,2,71,98,4,3,1,3,0,1,83,100,5,0,0,0,2,2,81,96,5,0,1,1,0,0,0,195
2008,99,1,1,448,838,26,47,19,1,5,458,831,28,37,4,358,808,26,36,6,4,1,1,448,840,29,42,0,0,7,4,455,806,31,46,1,457,800,28,49,403,707,75,37,0,17,10,0,2,7,2,3,13,2,3,4,0,4,12,433,702,71,39,9,0,0,11,0,2,5,1,2,24,1,2,11,2,3,386,678,28,35,38,57,2,2,347,988,38,0,0,3,5,4,327,937,36,0,16,16,2,0,2084,1393
2008,99,2,1,321,555,17,38,18,2,11,323,560,18,32,8,307,543,16,29,5,5,0,2,315,571,17,30,0,0,7,4,327,544,18,35,0,321,542,19,35,301,491,47,29,0,16,6,0,1,1,1,3,11,0,1,1,0,1,8,317,477,45,28,7,0,0,0,0,4,2,0,2,8,0,4,6,2,1,290,468,16,25,21,46,2,2,254,658,18,0,0,1,9,16,233,622,18,0,19,20,0,0,1617,966
2008,99,3,1,693,1121,42,89,45,2,11,697,1108,37,79,19,671,1071,34,70,4,10,4,17,704,1136,47,58,0,4,11,3,718,1062,45,71,2,725,1052,43,75,619,898,113,60,0,52,16,0,0,7,5,8,40,7,3,17,0,9,35,670,846,110,63,36,2,1,13,0,7,11,0,4,59,0,8,27,2,6,594,826,38,45,66,166,5,13,557,1340,66,0,0,14,17,12,512,1232,54,0,26,44,3,0,2993,2006
2008,99,4,1,199,313,13,17,18,0,1,200,303,16,16,3,193,289,12,10,1,8,0,2,179,337,11,18,0,0,6,4,187,304,13,22,0,187,300,12,24,180,279,30,17,0,9,2,0,2,0,2,3,8,4,2,4,0,0,9,185,273,34,18,7,1,1,3,0,3,7,0,6,11,0,2,9,5,2,165,266,11,15,12,21,0,3,150,382,19,0,0,2,5,3,141,350,15,0,7,17,1,0,867,563
2008,99,5,1,381,796,30,49,18,2,6,389,782,22,48,7,368,756,23,42,3,6,1,3,353,788,22,36,0,4,16,16,367,738,26,35,1,367,727,25,37,337,652,60,27,0,8,20,0,3,4,1,7,20,6,2,3,0,1,12,345,637,56,36,17,2,0,6,0,4,4,0,0,24,1,5,25,3,3,327,639,20,26,25,52,5,8,296,927,24,0,0,7,7,7,283,854,24,0,10,12,1,0,2120,1287
2008,99,6,1,614,1015,27,84,42,9,4,640,1003,24,76,4,602,967,20,72,4,17,3,9,621,1031,22,61,0,2,11,9,626,982,23,66,2,623,978,23,73,553,814,106,52,0,39,24,2,1,13,3,10,26,3,7,10,2,3,27,603,777,99,56,26,0,0,9,1,4,3,0,4,48,0,5,35,2,7,531,754,22,43,57,137,2,10,451,1272,25,0,0,14,15,10,430,1200,21,0,22,32,2,0,2523,1798
2008,99,7,1,498,1000,17,67,16,2,4,513,976,15,68,4,474,941,15,59,2,9,7,7,492,990,24,51,0,1,8,5,514,939,29,61,0,512,925,25,61,450,845,73,31,0,33,13,1,3,13,4,4,20,8,5,5,1,3,31,473,815,70,40,24,1,1,7,0,2,1,0,2,32,0,9,24,1,5,433,814,22,32,36,72,3,12,365,1187,34,0,0,2,10,5,348,1140,32,0,11,12,4,0,2314,1607
2008,99,8,1,266,400,17,29,8,1,2,270,395,14,29,1,263,390,14,27,1,4,1,3,267,403,18,19,0,0,2,1,267,389,17,19,0,267,388,17,21,245,354,43,16,0,8,1,0,2,3,0,1,3,0,0,3,0,0,8,253,347,48,18,4,0,0,2,0,0,0,0,0,2,0,2,12,1,0,237,347,14,12,22,24,3,4,221,294,21,0,0,0,1,3,215,462,20,0,5,4,2,0,946,722
2008,99,9,1,772,1246,32,98,42,2,1,787,1250,26,86,7,750,1207,23,77,6,13,5,13,758,1280,29,64,0,1,9,8,763,1225,30,76,2,778,1207,27,83,683,1068,109,52,0,47,20,1,10,18,5,6,30,8,5,11,0,6,20,750,999,116,57,28,0,0,10,0,4,6,1,10,37,1,8,33,0,9,663,991,25,43,61,154,2,21,535,1549,71,0,0,11,9,7,512,1476,58,0,29,28,7,0,3014,2195
2008,99,10,1,507,740,20,63,16,1,2,513,731,26,53,2,494,709,16,50,4,10,2,4,491,751,22,50,0,0,7,4,504,706,22,53,3,506,702,22,60,443,620,63,41,0,27,7,0,3,5,3,8,15,4,3,6,0,4,25,474,594,58,42,21,0,2,8,0,3,6,3,2,22,0,3,27,5,6,428,583,17,36,51,70,3,6,384,924,28,0,0,0,9,3,371,873,25,0,15,17,2,0,1798,1350
2008,99,11,1,364,330,4,25,12,4,2,363,326,3,18,1,351,314,3,17,1,3,0,2,365,328,4,13,0,2,8,5,357,315,4,17,2,357,312,5,15,335,266,29,13,0,10,3,0,0,3,0,5,14,0,5,1,0,1,4,340,252,24,14,8,0,0,1,0,4,2,0,2,15,0,6,15,1,1,324,252,4,11,21,38,0,2,339,384,6,0,0,1,4,6,318,362,5,0,5,5,0,0,978,742
2008,99,12,1,239,430,20,33,21,1,3,245,425,20,30,6,226,402,18,25,3,6,2,4,229,450,18,24,0,0,7,4,238,423,18,25,0,250,422,18,28,206,360,43,19,0,20,4,0,1,7,2,4,6,4,0,10,0,1,13,224,333,43,23,29,1,0,4,0,2,2,0,3,9,0,1,11,2,2,197,329,15,18,14,62,3,3,177,526,25,0,0,0,14,2,166,488,22,0,9,11,2,0,1059,749
2008,99,13,1,298,520,14,45,11,0,0,300,522,15,32,2,282,498,12,30,3,4,0,8,296,530,12,26,0,1,4,7,297,503,12,30,0,296,483,12,36,251,411,48,22,0,29,9,2,1,9,3,6,18,4,1,8,0,3,11,277,380,51,19,25,1,0,5,0,4,3,0,5,29,2,1,18,1,6,241,372,8,17,32,78,3,11,196,655,25,0,0,3,4,2,185,598,18,0,10,15,1,0,1227,889
2008,99,77,1,9,103,3,3,1,0,0,12,98,3,0,0,9,91,3,0,0,2,0,0,9,88,5,1,0,1,0,0,9,90,4,1,0,10,88,4,1,8,75,5,1,1,1,2,0,1,0,0,1,3,0,0,1,0,1,4,10,50,9,2,1,1,1,2,0,0,0,0,0,30,0,0,1,0,0,8,48,4,1,1,34,0,0,6,105,3,0,0,0,6,0,6,96,3,0,0,0,0,0,0,120
2008,99,78,1,38,93,3,6,3,0,0,36,91,3,5,0,36,83,3,4,1,2,0,1,9,7,2,2,0,0,0,8,8,5,2,2,0,8,5,2,2,7,6,2,2,0,1,1,0,0,0,0,0,0,0,0,0,0,0,0,8,5,6,0,0,0,0,0,0,0,0,0,0,0,0,1,0,0,0,6,5,2,0,0,0,0,2,5,10,2,0,0,0,0,15,4,10,2,0,1,0,0,0,0,143
2008,99,81,1,39,124,4,2,4,0,1,39,126,5,2,1,39,122,4,2,0,2,0,0,40,126,4,2,0,0,0,0,41,123,3,3,0,41,121,4,4,39,116,5,3,0,4,1,0,0,0,0,0,2,0,0,0,0,0,0,43,114,5,2,1,0,0,0,0,0,1,1,0,1,0,2,0,0,0,38,113,3,2,2,6,0,1,35,132,5,0,0,0,0,1,33,125,4,0,2,7,0,0,0,174
2008,100,1,1,362,489,31,43,20,4,2,363,474,31,43,7,350,457,29,30,5,10,3,1,374,468,35,28,0,3,6,4,371,457,32,31,0,369,462,33,32,330,412,57,31,0,3,4,2,17,14,0,2,2,1,2,4,1,3,5,327,401,60,27,7,0,20,11,1,1,1,1,1,5,0,2,5,3,7,322,384,30,24,27,53,1,3,338,558,24,0,0,10,9,2,326,512,23,0,10,18,0,0,1395,944
2008,100,2,1,172,140,2,9,4,1,3,171,135,2,9,1,166,131,2,8,2,0,0,0,182,129,2,5,0,0,1,5,180,126,1,6,0,181,120,1,6,168,109,9,5,0,2,1,1,5,4,0,2,1,0,0,1,1,0,4,163,107,12,5,4,0,4,3,0,0,1,0,1,1,1,0,5,3,1,161,102,1,5,10,12,0,0,146,181,2,0,0,0,0,1,143,158,1,0,5,6,1,0,492,331
2008,100,3,1,152,216,1,9,3,1,1,154,211,1,6,0,145,206,1,6,0,3,0,1,156,205,1,5,0,0,1,1,154,199,1,10,0,154,203,1,8,142,175,11,4,1,1,2,0,11,4,2,2,0,0,1,0,0,1,3,142,167,10,5,6,0,13,10,0,0,0,0,3,1,0,1,1,2,2,138,166,1,3,8,23,0,3,123,249,3,0,0,0,2,2,118,247,3,0,1,3,0,0,528,383
2008,100,4,1,324,490,13,45,6,1,3,336,482,10,40,0,319,472,9,39,1,3,3,6,335,473,12,35,0,0,1,3,329,459,11,43,0,327,454,13,40,295,403,40,35,0,2,3,2,20,21,0,6,5,0,1,3,1,2,10,288,404,33,30,13,0,38,19,0,0,2,0,0,3,1,1,4,6,4,281,379,10,24,23,55,0,10,288,559,10,0,0,9,6,8,277,539,10,0,6,5,4,0,1201,885
2008,100,5,1,640,813,37,88,32,3,4,654,804,38,79,15,606,778,28,66,4,8,10,23,656,809,35,65,0,2,10,7,678,787,32,76,0,657,772,33,78,564,656,111,52,0,9,11,1,60,31,1,2,2,2,4,23,3,2,12,547,641,104,49,24,0,72,41,0,2,2,0,4,2,2,3,12,8,9,530,609,27,35,70,105,11,22,605,960,26,0,0,3,6,8,573,891,24,0,15,14,7,0,2203,1626
2008,100,6,1,247,464,11,36,6,0,1,247,456,12,29,1,238,450,9,27,0,0,2,4,253,434,12,45,0,0,2,0,260,410,13,43,0,254,419,14,48,215,365,43,37,0,3,3,0,16,19,0,3,2,0,2,7,1,5,9,213,358,32,38,11,0,22,15,0,1,2,0,4,4,0,4,3,7,3,209,344,9,31,23,36,0,5,222,518,16,0,0,2,2,2,216,500,16,0,4,5,0,0,1019,767
2008,100,7,1,428,496,18,34,19,1,5,428,495,16,29,12,421,482,15,25,3,3,1,2,460,460,15,16,0,0,17,4,441,464,13,20,0,426,470,12,24,400,407,35,16,1,1,3,0,12,10,0,2,5,0,3,10,2,1,16,394,409,32,18,9,0,17,17,0,1,7,0,2,5,1,1,9,2,5,392,385,12,10,21,43,0,3,397,570,14,0,0,9,7,5,387,544,12,0,6,7,0,0,1546,1007
2008,100,8,1,460,613,2,29,12,0,5,458,601,3,29,1,443,578,1,21,1,5,1,1,480,578,5,21,0,0,7,6,471,565,5,26,0,466,568,5,29,438,533,24,21,0,2,4,0,14,10,0,1,1,0,5,4,1,3,2,435,529,25,23,8,0,14,13,0,1,1,0,0,2,0,6,5,2,0,427,490,4,17,21,45,1,5,434,666,3,0,0,2,9,7,419,642,2,0,3,4,0,0,1549,1123
2008,100,9,1,283,427,11,22,11,0,2,293,417,10,17,1,279,407,10,16,2,2,1,2,299,406,9,24,0,0,2,9,300,381,11,24,0,301,379,10,24,280,353,30,18,0,0,4,0,12,6,1,1,2,0,2,3,0,1,0,282,351,26,21,8,0,10,3,0,1,0,1,0,2,0,1,2,3,4,274,344,8,17,12,18,2,2,280,451,12,0,0,2,8,3,274,444,12,0,3,3,2,0,966,759
2008,100,10,1,503,709,27,56,12,1,5,503,708,25,46,2,486,688,24,41,2,4,5,8,500,702,34,37,0,0,3,12,497,678,33,42,0,499,674,31,47,448,609,89,24,0,4,6,1,21,13,0,1,2,0,3,13,4,1,4,442,607,73,31,19,0,23,20,0,0,0,0,3,10,1,4,5,2,3,431,584,24,22,40,52,8,9,435,833,27,0,0,5,3,7,428,801,27,0,6,11,0,0,1902,1313
2008,100,11,1,119,210,3,14,6,0,2,115,209,3,11,3,111,200,3,10,0,3,0,4,117,204,1,11,0,0,4,2,121,200,1,11,0,120,200,1,10,107,191,11,11,0,0,1,0,5,2,0,0,0,0,0,5,1,0,2,102,185,8,11,2,0,10,6,0,0,0,0,0,0,1,0,1,0,0,101,176,1,8,13,13,0,4,128,213,2,0,0,0,4,1,121,203,2,0,3,1,0,0,485,354
2008,100,77,1,4,33,0,1,0,3,2,4,30,0,1,0,4,30,0,1,0,0,0,0,4,30,0,1,0,0,3,1,4,31,0,0,0,4,30,0,1,2,29,0,0,0,0,0,0,0,1,0,0,0,0,0,0,0,0,0,2,30,2,0,0,0,0,1,0,0,0,0,0,0,0,0,0,1,0,2,27,0,0,1,2,0,1,2,35,0,0,0,0,4,0,2,34,0,0,0,0,0,0,0,43
2008,100,78,1,20,33,1,2,0,0,0,22,30,1,1,0,19,30,1,1,1,0,0,0,3,14,1,0,0,0,0,3,5,13,1,0,0,5,13,1,0,3,9,2,0,0,0,0,0,0,0,0,0,0,0,0,0,0,0,1,3,9,1,0,0,0,1,0,0,0,0,0,0,0,0,0,0,0,0,3,8,1,0,0,0,0,0,2,12,1,0,0,0,0,0,2,11,1,0,0,0,0,0,0,57
2008,100,81,1,30,33,5,2,0,0,1,31,33,5,1,0,30,33,5,1,1,0,0,0,30,31,5,2,0,0,2,1,31,30,5,2,0,32,28,5,1,30,27,6,1,0,0,0,0,2,1,0,0,0,0,0,0,0,0,0,28,27,5,1,0,0,4,1,0,0,0,0,0,0,0,0,0,0,1,27,27,5,1,5,0,0,0,27,39,4,0,0,0,0,0,27,38,4,0,1,0,0,0,0,71
2008,101,1,1,660,777,38,51,25,1,3,669,767,39,48,8,633,731,34,38,5,10,2,10,690,708,40,51,0,0,13,4,691,698,39,46,0,684,713,40,51,635,634,87,41,0,25,8,1,3,22,2,3,9,1,3,11,0,6,3,645,618,83,43,18,0,0,3,0,4,23,3,5,21,0,9,2,3,3,620,609,35,35,39,50,1,6,963,543,39,0,0,3,5,5,869,527,35,0,18,26,1,0,2129,1571
2008,101,2,1,190,260,10,10,4,0,3,187,254,12,9,3,183,246,10,8,2,1,0,3,201,229,15,4,0,2,3,4,195,230,14,6,0,196,238,14,9,181,209,28,3,0,7,1,1,0,4,2,5,1,0,0,7,0,2,2,180,202,31,2,3,0,2,2,0,1,9,0,0,11,0,0,0,1,1,172,197,14,2,16,23,0,3,299,160,9,0,0,1,3,4,274,158,9,0,2,7,1,0,735,478
2008,101,77,1,3,22,2,1,0,2,0,3,21,2,1,0,3,21,2,1,0,0,0,0,4,20,2,1,0,0,2,0,4,20,2,1,0,4,21,2,1,4,20,2,1,0,0,0,0,0,0,0,0,0,0,0,0,0,0,0,4,19,2,1,1,0,0,0,0,0,0,0,0,0,0,0,0,0,0,4,19,2,1,0,0,0,0,5,21,2,0,0,0,2,0,4,19,2,0,0,1,0,0,0,30
2008,101,78,1,2,1,0,0,0,0,0,2,1,0,0,0,2,1,0,0,0,0,0,0,1,2,0,0,0,0,0,0,1,2,0,0,0,1,2,0,0,1,2,0,0,0,0,0,0,0,0,0,0,0,0,0,0,0,0,0,1,2,0,0,0,0,0,0,0,0,0,0,0,0,0,0,0,0,0,1,2,0,0,0,0,0,0,1,2,0,0,0,0,0,0,1,2,0,0,0,0,0,0,0,3
2008,101,81,1,0,0,0,0,0,0,0,0,0,0,0,0,0,0,0,0,0,0,0,0,0,0,0,0,0,0,0,0,0,0,0,0,0,0,0,0,0,0,0,0,0,0,0,0,0,0,0,0,0,0,0,0,0,0,0,0,0,0,0,0,0,0,0,0,0,0,0,0,0,0,0,0,0,0,0,0,0,0,0,0,0,0,0,0,0,0,0,0,0,0,0,0,0,0,0,0,0,0,0,0,0
2008,102,1,1,250,358,6,14,6,1,4,248,350,8,10,0,235,337,6,9,3,2,0,2,247,358,5,11,0,0,2,1,253,326,5,10,0,252,334,4,8,220,300,22,7,0,1,1,0,2,6,0,2,3,1,2,5,0,17,0,217,290,25,5,6,0,2,3,0,2,6,0,0,7,0,17,1,0,3,216,280,5,5,25,33,0,2,367,260,3,0,0,0,0,4,335,256,3,0,4,3,0,0,827,637
2008,102,2,1,150,197,1,1,1,1,2,150,199,0,1,0,147,195,0,1,0,1,1,1,161,191,0,1,0,0,1,1,164,181,0,1,0,160,178,2,1,151,176,3,1,0,1,1,0,0,0,0,0,1,0,0,4,0,2,0,152,173,7,1,1,0,0,1,0,0,2,0,0,3,0,2,0,0,0,150,173,0,1,5,6,0,0,213,143,0,0,0,0,0,1,204,143,0,0,0,2,0,0,486,358
2008,102,3,1,851,1251,58,96,23,1,3,870,1239,58,76,6,818,1189,48,69,6,14,9,16,951,1130,48,89,0,1,4,5,923,1117,54,82,0,922,1131,47,87,768,962,158,47,1,8,13,0,10,35,4,12,17,7,3,41,15,67,8,754,913,145,44,41,0,6,6,17,13,69,0,4,32,2,94,3,1,11,732,885,39,39,99,148,8,18,1318,917,35,0,0,4,5,4,1216,887,33,0,16,27,4,0,2977,2285
2008,102,4,1,905,1211,56,79,36,9,6,928,1191,53,64,11,884,1153,50,58,4,14,5,13,943,1151,47,62,0,1,15,3,986,1085,47,60,0,951,1098,43,66,841,941,141,35,0,11,17,0,6,31,3,6,10,5,8,34,8,52,8,809,909,138,33,22,1,9,8,13,15,53,0,6,30,0,89,3,4,7,788,892,40,28,106,118,5,17,1425,833,20,0,0,2,7,1,1277,815,20,0,18,42,5,0,3006,2296
2008,102,5,1,451,711,20,18,14,4,3,457,696,17,16,4,444,682,16,15,1,8,1,1,461,695,20,18,0,0,12,6,467,666,20,15,0,460,668,19,18,438,627,58,12,0,0,1,0,2,6,1,1,1,3,1,6,0,13,1,419,609,59,12,13,0,4,4,2,6,10,1,1,13,0,18,0,0,0,410,602,16,11,42,44,0,3,682,518,14,0,0,0,5,6,665,511,12,0,6,8,0,0,1715,1225
2008,102,6,1,437,476,18,32,8,5,3,440,466,16,26,0,428,451,15,23,0,3,1,5,446,456,10,22,0,0,13,4,454,441,8,22,2,449,450,6,23,404,384,33,18,1,6,1,0,5,15,0,5,2,3,2,5,1,22,2,402,358,36,17,10,0,10,7,3,14,18,1,1,14,0,25,3,4,1,392,356,6,14,36,45,2,6,620,341,4,0,0,2,3,7,579,322,3,0,9,13,2,0,1473,978
2008,102,7,1,449,594,5,16,10,5,6,448,569,6,17,4,438,559,5,13,0,4,1,0,417,622,5,15,0,0,10,3,449,535,5,17,0,443,544,6,19,412,495,32,11,0,3,0,0,2,17,1,2,5,1,1,9,2,14,1,404,482,28,13,7,0,7,3,0,5,10,0,2,22,1,14,0,0,7,384,471,5,10,36,31,1,2,681,401,2,0,0,0,4,5,626,379,2,0,8,13,0,0,1512,1088
2008,102,8,1,1233,1575,56,80,26,3,7,1236,1551,55,75,7,1198,1495,51,68,6,10,7,7,1254,1455,59,81,0,2,15,11,1301,1385,60,81,0,1276,1391,59,82,1130,1222,191,53,0,8,17,0,8,29,2,2,13,0,5,44,6,64,7,1102,1181,177,50,34,0,11,5,2,8,55,1,6,54,1,81,5,3,7,1076,1155,52,43,126,137,5,14,1840,1084,35,0,0,2,10,7,1678,1060,34,0,12,41,5,0,3882,2983
2008,102,9,1,188,289,2,12,7,0,1,191,285,0,9,1,185,277,0,9,0,4,0,2,191,278,1,14,0,0,2,1,195,265,2,13,0,191,270,2,13,176,222,24,10,0,1,4,0,3,7,0,0,1,1,1,9,1,9,0,172,219,23,8,2,0,3,1,0,5,9,0,2,6,0,7,1,0,1,170,214,0,8,15,23,1,3,342,152,3,0,0,0,1,0,329,150,2,0,2,5,1,0,812,500
2008,102,10,1,531,761,35,54,16,0,0,546,756,31,41,5,513,730,28,38,6,8,6,10,544,706,36,69,0,1,3,2,571,674,39,59,0,562,682,37,66,472,591,89,34,1,11,13,2,4,16,0,8,7,2,7,33,3,48,5,452,557,69,30,29,0,3,9,14,13,40,1,8,27,0,66,2,0,7,440,544,30,27,73,91,10,6,780,578,27,0,0,1,2,1,699,556,24,0,11,18,7,0,1784,1400
2008,102,11,1,316,270,9,21,12,3,7,317,265,6,18,1,314,258,5,14,0,3,1,4,323,272,9,14,0,0,4,2,335,244,9,13,0,331,251,10,13,309,222,18,8,0,4,2,0,1,9,1,1,3,1,0,5,0,14,3,306,206,13,10,9,0,1,1,2,2,11,0,3,15,0,15,0,0,3,292,203,5,8,23,28,1,3,456,169,2,0,0,1,1,5,427,164,1,0,1,5,0,0,881,641
2008,102,12,1,1296,1421,53,73,24,5,11,1306,1262,51,56,136,1245,1340,40,58,3,11,12,11,1345,1281,37,86,0,1,30,17,1376,1231,38,71,4,1359,1233,42,76,1220,1079,119,62,2,10,16,1,12,25,0,6,7,4,10,39,6,55,6,1211,1038,112,54,25,1,11,9,8,14,65,0,16,33,0,65,4,0,5,1192,1019,33,49,90,118,5,14,1969,871,19,0,0,1,6,8,1816,847,18,0,32,29,6,0,3936,2882
2008,102,13,1,230,469,9,15,8,3,2,227,453,8,13,0,219,445,6,13,4,1,1,1,213,470,9,13,0,0,2,1,236,430,7,12,0,228,435,8,17,199,380,37,10,1,4,0,0,1,10,0,1,6,0,3,15,0,12,2,193,367,22,11,10,0,2,6,1,4,12,1,1,16,0,16,4,0,5,185,363,6,8,32,38,2,3,354,375,3,0,0,0,2,0,320,365,3,0,3,8,0,0,1081,740
2008,102,14,1,430,818,20,35,11,3,5,434,792,20,31,3,419,782,18,28,2,5,2,2,434,800,14,19,0,0,6,9,467,738,16,21,1,447,754,17,23,408,658,52,14,0,7,5,0,3,16,0,0,9,2,2,26,3,25,6,396,658,43,16,10,0,3,4,4,7,25,0,2,20,0,22,0,3,6,384,634,14,12,41,60,0,6,784,513,10,0,0,0,2,7,720,500,10,0,7,16,1,0,1801,1324
2008,102,15,1,481,498,25,46,20,3,3,487,487,21,48,3,471,473,18,41,1,4,3,5,503,464,23,39,0,1,10,5,517,434,22,40,0,504,348,23,40,456,364,61,24,0,6,7,0,5,23,2,4,5,2,1,10,3,23,5,446,356,53,21,14,0,2,4,4,10,20,2,3,11,0,32,3,0,1,434,340,21,20,48,54,1,8,746,303,16,0,0,0,6,4,692,292,15,0,4,13,1,0,1481,1079
2008,102,16,1,146,189,2,15,2,1,0,145,183,2,12,0,141,182,2,12,1,0,0,0,143,190,2,4,0,0,3,1,146,177,2,6,0,145,177,2,6,129,162,10,5,0,4,3,0,1,4,0,1,2,0,0,1,5,6,1,125,158,10,6,6,0,3,2,2,1,2,0,3,3,2,6,0,0,2,122,155,0,3,13,13,1,1,215,127,2,0,0,0,3,0,204,126,1,0,0,1,0,0,438,354
2008,102,17,1,391,342,7,17,1,3,1,388,332,8,15,1,371,322,4,11,1,5,1,2,387,309,5,14,0,0,14,0,410,278,6,17,0,406,387,6,17,365,253,24,11,0,4,4,0,4,6,0,4,1,1,1,4,0,15,2,363,243,18,11,4,0,5,1,2,8,16,0,3,4,0,15,3,0,4,346,238,4,9,41,24,1,4,547,203,1,0,0,1,4,3,506,197,1,0,1,7,1,0,954,765
2008,102,18,1,208,279,3,13,3,6,2,201,264,3,13,1,199,254,3,10,2,3,1,0,208,257,5,8,0,0,18,3,214,234,5,8,0,208,236,4,8,199,206,15,8,0,0,8,0,0,3,0,0,3,0,0,7,0,8,2,196,204,9,6,4,0,2,0,1,2,13,0,1,3,0,7,4,0,3,190,194,3,7,12,28,1,1,343,165,2,0,0,0,1,1,322,162,2,0,2,10,0,0,647,516
2008,102,77,1,13,75,2,1,0,3,2,14,72,1,1,0,12,71,1,1,0,0,0,0,12,64,2,2,0,0,5,2,13,66,2,1,0,13,65,3,1,11,56,2,1,0,0,0,0,0,3,0,0,1,0,0,1,0,4,0,10,43,4,1,1,0,0,0,0,0,15,0,0,1,0,3,1,0,0,10,42,2,1,1,18,0,0,28,55,1,0,0,0,6,2,24,54,1,0,1,1,0,0,0,96
2008,102,78,1,34,48,1,1,1,0,0,35,44,1,0,1,34,44,1,0,0,0,0,0,8,7,0,0,0,0,0,13,8,7,0,0,0,10,8,0,0,9,4,1,0,0,0,0,0,0,0,0,0,0,0,1,0,0,0,0,10,5,2,0,0,0,0,0,0,0,0,0,0,0,0,0,0,0,0,7,4,0,0,0,0,0,0,10,3,0,0,0,0,0,21,10,3,0,0,0,0,0,0,0,87
2008,102,81,1,53,92,2,4,3,0,0,54,91,2,4,0,53,89,2,4,0,1,0,0,58,89,2,4,0,0,0,0,57,86,1,4,0,56,87,1,4,56,83,2,4,0,0,0,0,0,1,0,0,0,0,0,0,0,0,0,56,83,3,4,1,0,0,0,0,0,1,0,0,0,0,0,0,0,0,56,83,1,4,0,0,0,0,78,73,2,0,0,0,0,0,75,73,2,0,0,1,0,0,0,154
2008,103,1,1,608,1198,54,67,24,8,7,612,1182,55,43,2,582,1143,45,40,2,16,6,4,561,1138,50,80,0,1,26,17,595,1116,57,58,2,608,1057,51,56,533,980,143,32,1,4,6,0,9,15,1,7,6,3,7,25,3,3,10,485,935,132,30,13,0,11,10,8,8,8,1,7,0,0,4,30,53,24,459,912,45,26,76,124,5,11,619,1229,43,0,25,5,16,18,573,1154,35,0,19,29,6,0,3121,1971
2008,103,2,1,302,677,9,37,7,5,5,299,655,11,29,1,290,636,8,25,1,6,1,5,281,623,6,61,0,0,10,7,307,624,7,26,0,302,608,8,30,280,555,48,19,0,2,0,0,2,6,0,4,4,1,2,17,2,0,7,255,532,49,18,10,0,1,5,11,3,1,0,2,3,0,3,20,17,20,347,518,6,17,31,53,1,4,287,689,9,0,27,4,9,3,265,646,6,0,16,15,3,0,1573,1044
2008,103,3,1,425,813,13,37,14,1,6,425,794,13,33,1,417,776,12,25,2,10,0,5,400,810,15,29,0,0,14,4,426,749,16,24,3,429,742,18,27,410,693,52,16,1,1,2,0,2,6,1,0,5,0,1,17,5,1,5,381,683,50,16,7,0,2,5,2,3,3,0,8,2,0,1,13,19,14,378,669,14,13,18,48,1,8,418,814,34,0,22,5,10,9,402,760,31,0,11,15,0,0,1987,1314
2008,103,4,1,231,1072,15,28,16,3,10,231,1047,14,24,4,221,1017,12,22,2,10,1,3,225,1025,7,50,0,1,10,19,247,1001,9,28,0,249,975,7,33,224,920,36,21,0,2,1,0,1,7,0,2,5,3,2,19,2,2,4,213,880,43,22,13,1,1,5,2,3,2,0,3,2,0,1,37,14,15,201,877,5,19,25,72,2,6,388,927,10,0,16,2,9,14,360,892,9,0,6,17,0,0,2198,1376
2008,103,5,1,306,663,11,16,6,1,5,306,632,12,13,2,296,621,11,12,1,2,0,0,300,627,10,23,0,0,10,6,312,593,14,11,0,320,574,12,17,298,534,37,9,0,2,1,0,1,8,0,0,4,1,0,15,0,1,6,285,521,31,7,5,0,1,7,1,5,4,0,3,3,0,2,16,8,12,278,508,10,7,17,38,0,2,376,597,12,0,5,0,4,5,359,571,11,0,2,6,0,0,1496,1008
2008,103,6,1,1101,1438,56,104,28,2,5,1115,1437,54,90,7,1079,1399,47,84,3,15,5,9,1085,1356,50,116,0,3,8,16,1119,1356,51,99,1,1137,1326,47,102,1030,1184,165,72,0,7,11,2,18,22,0,2,12,8,5,46,16,4,16,948,1078,161,65,39,0,11,11,19,11,11,0,11,3,0,5,61,85,60,929,1070,41,60,125,173,3,14,946,1651,58,0,40,2,20,10,928,1561,57,0,29,12,3,0,3456,2734
2008,103,7,1,208,683,11,30,4,5,3,206,670,10,25,0,196,655,9,25,3,4,2,1,206,647,7,28,0,0,12,6,217,641,6,20,0,222,631,6,23,201,578,47,11,1,1,7,0,4,7,0,3,2,1,1,10,4,1,4,186,571,46,8,8,1,3,4,6,4,0,0,2,1,0,2,12,7,10,181,559,6,7,19,40,0,5,240,637,15,0,7,12,11,19,228,619,13,0,3,7,2,0,1424,942
2008,103,8,1,298,705,15,49,11,1,4,293,700,16,40,3,280,676,13,37,4,1,4,5,284,697,23,47,0,1,5,7,316,651,21,41,0,309,643,20,46,286,600,57,31,0,0,3,0,0,2,1,3,4,1,1,10,4,2,8,252,577,57,31,11,0,8,7,6,0,2,1,1,1,0,3,18,19,8,245,561,19,29,37,65,1,5,314,706,31,0,19,2,5,4,301,682,28,0,7,6,2,0,1608,1083
2008,103,9,1,326,1021,14,51,11,5,5,330,994,12,45,1,320,978,12,40,1,4,1,4,321,964,14,54,0,0,14,7,347,933,15,35,0,351,916,15,45,328,859,64,24,0,1,4,1,3,11,0,2,6,0,2,14,1,0,3,297,825,59,25,15,0,2,7,4,6,4,0,3,2,0,6,13,20,19,292,815,11,21,24,54,3,6,421,954,15,0,28,3,5,17,402,919,23,0,6,15,1,0,2079,1432
2008,103,77,1,7,87,0,2,1,4,0,9,83,0,2,0,4,8,0,1,0,0,0,0,7,71,1,2,0,0,4,0,8,73,1,2,0,9,70,1,2,6,65,4,2,0,0,1,0,0,0,0,0,0,0,0,1,0,0,1,5,44,4,2,0,0,0,0,0,0,0,0,0,0,0,1,24,1,0,6,79,0,2,0,0,0,0,5,91,0,0,0,0,4,0,6,79,0,0,0,0,0,0,0,101
2008,103,78,1,6,40,1,2,0,0,0,6,38,1,2,0,6,37,0,2,0,0,0,0,3,26,0,2,0,0,1,0,3,30,0,0,0,3,30,0,0,3,25,0,0,0,0,0,0,0,1,0,0,0,0,0,1,0,0,0,2,24,2,0,0,0,0,1,0,0,0,0,0,0,0,0,1,1,0,2,24,0,0,1,2,0,0,3,28,1,0,0,0,0,5,3,28,1,0,0,0,0,0,0,49
2008,103,81,1,9,11,3,1,0,0,0,9,11,3,1,0,9,11,3,1,0,0,0,0,7,10,3,1,0,0,0,0,7,10,3,1,0,8,11,3,1,7,10,3,1,0,0,0,0,0,0,0,1,0,0,1,0,0,0,0,7,7,3,1,1,0,0,0,0,0,0,0,0,0,0,0,0,0,0,7,7,3,1,0,2,0,0,9,11,3,0,0,0,0,0,9,11,3,0,0,0,0,0,0,24
2008,104,1,1,311,395,13,29,9,2,0,312,394,11,27,3,301,380,11,23,0,5,4,3,298,368,15,30,0,1,3,6,319,314,15,25,0,312,366,14,28,273,311,43,16,0,3,7,1,8,4,0,3,5,1,2,7,2,2,18,267,313,32,16,12,0,17,1,0,0,4,1,3,2,1,3,6,2,25,264,297,12,14,22,50,3,5,349,383,20,0,0,2,1,4,325,367,18,0,6,9,0,0,965,760
2008,104,2,1,486,538,22,35,6,5,1,492,521,17,30,2,470,514,16,26,5,4,4,4,478,468,26,40,0,0,16,3,512,444,22,27,4,495,458,24,38,442,400,62,16,1,3,23,0,25,11,1,2,6,1,4,5,5,4,10,434,408,75,17,8,0,29,6,1,1,2,1,1,1,1,4,3,7,11,425,368,21,13,29,58,3,9,481,552,34,0,0,6,10,7,455,500,23,0,11,14,1,0,1470,1093
2008,104,3,1,637,839,25,47,9,2,2,641,810,22,43,4,618,793,21,39,4,5,1,4,630,770,27,43,0,1,14,7,645,743,27,41,1,636,802,23,46,572,680,73,27,0,6,19,1,31,4,0,14,2,2,2,10,5,3,15,568,679,78,24,11,0,41,10,6,0,2,0,10,2,0,3,3,8,15,553,645,19,24,49,73,3,6,597,906,38,0,0,8,9,4,567,858,26,0,17,12,2,0,2210,1565
2008,104,4,1,382,470,9,32,3,1,9,384,459,8,33,1,374,454,8,28,4,6,2,0,391,420,9,31,0,0,4,18,397,411,7,33,0,390,416,8,34,348,384,43,25,0,2,5,0,14,1,0,5,6,0,4,5,0,1,6,342,376,39,24,9,0,19,0,2,3,3,1,3,3,1,5,2,9,9,338,367,6,24,36,35,3,3,393,491,11,0,0,0,3,7,372,468,7,0,15,6,2,0,1206,908
2008,104,5,1,658,804,18,39,9,3,4,659,791,16,32,1,641,777,13,30,5,4,1,8,639,757,19,37,0,0,8,11,680,714,14,34,3,676,731,17,30,604,662,50,19,1,1,15,0,30,4,1,8,6,6,7,9,3,4,20,602,659,47,18,10,1,41,6,8,1,6,0,2,2,0,5,3,9,18,580,624,12,16,43,62,3,8,673,803,24,0,0,5,9,9,639,753,19,0,8,15,1,0,2046,1534
2008,104,6,1,486,760,31,75,9,1,0,504,749,28,64,4,464,728,22,52,2,2,7,19,480,688,26,85,0,0,2,2,564,659,27,73,1,553,664,24,77,405,553,97,36,0,6,40,1,69,6,0,18,17,10,4,19,9,12,21,389,546,81,37,32,9,112,8,20,3,4,1,5,8,2,4,1,9,50,375,500,12,29,86,121,10,22,541,764,35,0,0,9,2,6,522,728,30,0,14,14,5,0,1575,1362
2008,104,7,1,248,263,3,8,6,1,2,254,259,2,5,2,245,257,2,5,3,3,1,3,257,234,5,8,0,0,4,4,252,237,4,8,0,252,241,2,8,234,206,22,6,0,1,4,0,8,0,0,1,2,0,2,3,1,1,7,231,204,23,6,1,0,13,0,0,0,3,0,0,3,0,1,1,2,10,228,194,1,6,16,28,3,1,254,260,2,0,0,0,5,7,250,248,1,0,3,1,2,0,663,531
2008,104,8,1,744,865,21,51,5,7,5,739,843,19,47,2,711,831,15,41,3,3,5,4,735,789,20,49,0,3,17,12,773,755,20,40,1,766,784,22,48,672,675,58,29,0,3,11,0,49,2,1,1,11,1,11,6,5,5,33,662,676,63,25,18,0,52,7,2,0,9,0,8,3,0,6,3,5,29,648,647,17,24,63,78,3,10,800,849,26,0,0,2,10,13,771,810,19,0,4,14,1,0,2236,1709
2008,104,77,1,8,16,0,2,0,0,2,8,16,0,0,0,8,16,0,2,0,0,0,0,8,16,0,2,0,0,0,2,8,16,0,2,0,8,16,0,2,8,14,0,2,0,0,2,0,0,0,0,0,0,0,0,0,0,0,0,8,14,0,2,0,0,0,0,0,0,0,0,0,0,0,0,0,0,2,8,14,0,2,0,2,0,0,10,16,0,0,0,0,0,2,10,16,0,0,0,0,0,0,0,28
2008,104,78,1,24,19,0,2,0,0,0,23,18,0,1,0,23,18,0,1,0,0,0,0,16,8,0,1,0,0,0,0,15,8,0,1,0,15,8,0,1,15,8,0,1,0,0,0,0,0,0,0,0,0,0,0,0,0,0,0,15,8,1,1,0,0,0,0,0,0,0,0,0,0,0,0,0,0,0,15,8,0,1,0,0,0,0,15,9,1,0,0,0,0,0,15,9,1,0,0,0,0,0,0,45
2008,104,81,1,17,1,0,0,0,0,0,17,1,0,0,0,17,1,0,0,0,0,0,0,16,2,0,0,0,0,0,0,16,2,0,0,0,16,2,0,0,16,2,0,0,0,0,0,0,0,0,0,0,0,0,0,0,0,0,0,16,2,0,0,0,0,0,0,0,0,0,0,0,0,0,0,0,0,0,16,2,0,0,0,0,0,0,15,3,0,0,0,0,0,0,15,3,0,0,0,0,0,0,0,18
2008,105,1,1,132,282,7,10,5,0,3,134,268,7,12,1,127,267,7,9,0,3,0,2,136,258,11,4,0,0,2,7,135,260,12,9,0,137,247,10,5,124,221,22,5,0,1,9,0,1,0,0,1,5,0,1,4,0,2,5,127,221,20,5,2,0,1,2,1,6,1,0,0,0,0,1,3,0,8,123,213,10,4,6,30,0,1,137,286,6,0,0,0,3,4,130,270,6,0,2,1,0,0,600,438
2008,105,2,1,988,1284,51,55,19,7,13,993,1271,52,43,11,955,1236,48,40,3,15,4,6,986,1223,52,36,0,2,13,20,986,1227,45,42,0,1007,1187,44,50,897,1089,117,33,0,4,25,0,6,4,1,37,10,1,5,10,5,9,31,898,1096,111,30,15,2,5,7,4,41,10,1,2,4,1,1,0,7,36,873,1055,43,29,63,87,5,6,941,1390,45,0,0,5,10,12,925,1342,41,0,12,5,4,0,3472,2421
2008,105,3,1,360,733,12,20,18,1,4,358,715,14,19,1,350,691,11,19,1,4,2,4,358,663,12,19,0,10,9,6,364,691,11,21,3,365,657,13,21,336,605,34,13,3,0,18,0,0,3,0,10,11,2,2,2,1,1,15,337,632,39,11,6,1,2,4,4,9,4,0,0,3,1,2,4,0,14,329,586,10,11,21,63,2,8,340,772,13,0,0,6,6,12,326,722,11,0,5,11,2,0,1856,1150
2008,105,4,1,829,911,34,78,28,2,3,840,911,35,68,14,810,872,27,61,8,7,9,10,865,818,45,67,0,0,9,3,873,810,36,78,0,889,791,36,81,750,717,102,49,0,4,33,0,1,5,0,49,11,4,10,14,13,9,28,732,731,107,43,31,0,7,5,13,71,6,3,2,2,0,5,3,6,42,709,665,27,40,92,93,3,20,811,989,55,0,0,12,11,1,782,949,49,0,21,14,2,0,2452,1898
2008,105,5,1,1113,1027,60,99,21,3,3,1125,1009,58,85,10,1089,990,50,76,2,6,11,11,1137,925,90,68,0,0,14,7,1157,926,91,63,4,1176,890,82,82,987,798,179,59,0,23,30,1,14,10,3,67,16,6,17,19,12,12,29,977,788,177,52,31,0,14,10,13,100,10,1,7,16,0,15,13,13,34,942,749,70,52,120,108,10,12,1172,1043,78,0,0,11,5,9,1132,1000,70,0,22,12,6,0,3124,2327
2008,105,6,1,471,912,8,30,11,2,6,468,886,9,32,1,463,880,7,29,0,5,1,1,467,858,13,29,0,3,9,23,470,865,11,30,0,470,840,9,29,443,779,44,23,0,1,14,0,2,1,0,13,9,1,0,10,1,2,22,427,779,38,21,11,0,4,1,3,19,4,0,0,5,0,2,2,2,17,423,753,9,19,27,51,0,7,446,967,10,0,0,1,6,5,438,930,9,0,5,7,0,0,2116,1439
2008,105,7,1,587,1266,15,56,10,5,3,590,1244,14,43,3,576,1217,14,50,1,3,0,3,564,1165,25,46,0,2,14,0,571,1201,20,47,0,573,1154,20,53,526,1055,71,36,0,2,19,2,1,5,1,27,21,1,2,8,4,4,30,523,1072,86,36,9,0,4,7,2,19,17,0,1,5,1,0,4,5,27,506,1020,18,33,41,95,1,8,543,1352,12,0,0,2,11,6,533,1309,12,0,4,9,0,0,2865,1941
2008,105,77,1,4,60,1,1,1,3,0,4,58,2,1,0,4,55,1,1,0,3,0,0,5,47,1,1,0,0,5,2,5,52,1,1,0,4,50,1,1,3,42,5,1,0,1,1,0,0,0,0,0,1,0,0,0,0,0,3,3,35,5,1,0,0,1,1,0,0,0,0,0,0,0,0,0,0,13,3,34,1,1,1,14,0,0,4,62,1,0,0,0,3,0,4,58,1,0,0,1,0,0,0,711
2008,105,78,1,25,46,0,0,1,0,0,25,47,0,0,0,25,46,0,0,0,0,0,0,5,7,0,1,0,0,1,10,9,12,0,2,0,10,11,0,1,5,6,1,1,0,0,1,0,0,0,0,0,0,0,0,1,0,0,0,5,5,2,1,0,0,0,1,0,0,0,0,0,0,0,0,1,0,0,5,5,0,1,0,0,0,0,3,9,0,0,0,0,0,24,3,9,0,0,0,0,0,0,0,72
2008,105,81,1,7,25,4,0,0,0,0,6,26,4,0,0,6,25,4,0,0,0,0,0,6,23,4,0,0,0,0,0,6,24,4,0,0,7,23,4,0,6,21,5,0,0,0,2,0,0,0,0,1,0,0,0,0,0,0,1,6,22,4,0,0,0,0,0,0,0,0,0,0,0,0,0,0,0,2,6,21,4,0,0,2,0,0,7,24,5,0,0,0,0,0,6,23,5,0,0,0,0,0,0,36
2008,106,1,1,622,600,24,31,7,2,4,621,596,26,24,3,604,568,23,22,5,7,2,5,641,546,27,26,0,2,9,7,679,510,29,25,5,645,521,26,32,575,465,61,21,0,3,11,0,3,2,0,2,17,1,32,4,4,7,10,586,451,62,19,16,0,5,18,3,14,20,0,30,2,0,1,3,0,1,543,438,25,18,72,57,0,2,860,398,16,0,0,0,4,7,824,394,16,0,7,10,1,0,1667,1292
2008,106,2,1,1165,1284,61,84,13,3,5,1190,1246,56,78,4,1132,1223,47,73,10,10,9,9,1256,1118,60,68,0,3,12,20,1321,1065,55,69,0,1262,1085,48,93,1078,927,169,46,0,9,19,2,14,21,1,10,38,5,64,14,11,12,43,1068,897,147,52,31,0,19,52,14,12,44,1,93,11,1,2,10,8,13,1045,885,39,48,132,118,10,10,1759,814,26,0,0,1,6,8,1651,799,26,0,15,25,10,0,3314,2626
2008,106,3,1,512,661,16,25,23,1,4,520,652,16,22,3,499,638,15,18,5,7,2,1,539,625,23,21,0,0,5,3,565,589,20,17,0,546,593,20,21,486,533,46,12,0,3,11,1,0,13,2,4,25,0,22,7,5,7,12,473,524,47,15,7,0,7,28,11,3,18,0,27,2,0,1,6,3,4,458,506,18,11,52,60,0,2,766,455,10,0,0,0,5,1,695,448,9,0,12,20,1,0,1581,1243
2008,106,4,1,740,1227,18,37,19,4,10,743,1210,20,29,5,721,1184,16,27,1,10,6,7,832,1090,22,28,0,0,10,16,841,1058,25,35,0,803,1085,22,41,714,955,66,23,0,11,25,1,2,18,0,3,28,4,39,9,8,4,28,696,938,69,21,23,0,11,41,9,3,39,1,58,8,0,4,3,3,6,684,912,13,19,67,107,7,6,1267,760,12,0,0,0,6,6,1172,748,11,0,6,36,3,0,2545,2055
2008,106,5,1,571,708,7,15,12,1,2,576,698,4,15,2,555,672,4,13,6,8,2,3,604,651,5,12,0,0,5,10,609,633,8,14,0,591,651,6,23,552,577,32,10,0,3,15,1,6,8,0,4,19,1,13,4,0,2,9,539,572,39,7,7,0,5,29,5,3,11,0,25,5,0,2,2,0,3,529,558,3,7,39,53,2,2,819,475,6,0,0,0,5,4,777,472,4,0,8,15,0,0,1594,1317
2008,106,6,1,395,530,7,28,8,2,3,411,512,7,19,8,389,499,5,16,5,5,1,2,457,451,9,15,0,1,8,3,458,461,5,18,2,435,468,5,19,393,390,28,16,1,1,10,0,4,6,1,2,19,2,15,5,4,6,11,381,388,22,10,15,0,7,23,4,3,16,0,24,4,0,0,5,4,5,377,371,4,8,31,61,2,7,593,364,1,0,0,1,5,5,561,353,1,0,3,10,0,0,1183,975
2008,106,7,1,692,619,23,25,5,2,7,686,609,22,22,1,674,600,20,19,2,3,3,3,694,585,25,18,0,0,7,13,724,549,22,18,0,698,562,22,21,661,526,42,13,0,4,4,1,1,6,0,3,13,1,22,6,2,3,10,661,503,46,15,12,0,6,14,3,3,14,0,16,0,0,0,0,4,1,633,489,18,15,59,48,2,3,919,418,19,0,0,0,9,4,877,413,19,0,7,10,2,0,1844,1374
2008,106,8,1,1244,1232,79,151,28,2,1,1282,1223,72,127,8,1197,1175,62,114,10,9,23,32,1347,1125,89,109,0,2,5,3,1397,1083,78,125,1,1368,1072,61,146,1117,946,185,83,2,14,12,1,17,11,2,18,29,11,107,29,14,26,39,1069,907,174,70,42,1,17,44,26,24,43,2,176,6,2,3,8,4,17,1053,882,47,63,185,164,14,31,1868,828,37,0,0,3,3,3,1732,813,36,0,28,31,10,0,3409,2744
2008,106,9,1,124,126,3,6,4,0,0,125,129,3,4,0,123,124,3,4,0,2,0,1,122,128,2,3,0,0,0,0,128,125,2,2,0,126,123,3,2,114,108,16,2,0,0,3,0,0,0,0,2,3,0,5,0,0,0,5,111,108,16,2,3,0,0,3,1,0,3,0,8,0,0,0,0,0,0,109,107,2,2,11,12,0,0,164,97,2,0,0,0,0,0,157,94,2,0,0,6,0,0,341,263
2008,106,10,1,768,1154,26,34,16,2,4,772,1139,22,30,2,751,1114,17,28,4,3,4,6,829,1057,23,35,0,0,8,7,856,1011,15,36,1,831,1037,15,40,744,955,69,18,0,4,10,3,8,10,0,7,19,2,30,6,3,12,17,738,950,62,20,20,0,5,34,9,3,13,1,32,5,1,3,7,2,8,722,931,12,17,55,63,2,9,1163,822,5,0,0,0,8,4,1099,806,4,0,8,20,1,0,2614,1968
2008,106,11,1,541,574,33,53,8,4,4,558,569,28,47,3,517,557,25,40,4,1,15,14,597,507,36,51,0,1,3,0,635,470,28,58,0,621,476,26,63,479,414,88,35,0,10,10,0,12,9,1,7,7,5,48,7,9,11,31,464,391,80,34,30,0,9,18,16,11,21,0,80,4,0,6,5,5,7,449,374,19,27,87,87,5,18,826,366,18,0,0,1,4,0,771,362,15,0,13,18,7,0,1432,1217
2008,106,77,1,6,49,2,0,0,2,0,5,45,2,0,0,5,45,2,0,0,0,0,1,7,40,3,0,0,0,2,0,8,40,3,0,0,7,45,3,0,8,32,5,0,0,0,0,0,0,0,0,0,2,1,0,1,0,0,2,7,26,4,0,0,0,0,12,1,0,3,0,0,0,0,0,0,0,1,6,26,3,0,2,8,0,0,23,31,2,0,0,0,2,0,21,29,2,0,0,0,0,0,0,59
2008,106,78,1,29,61,3,1,1,0,0,29,59,2,0,0,28,57,2,0,0,0,0,0,14,24,1,0,0,0,0,1,18,27,2,0,0,18,27,2,0,14,22,3,0,0,0,0,0,0,0,0,0,0,0,1,0,0,0,1,13,23,3,0,0,0,0,1,0,0,0,0,0,0,0,0,0,0,0,13,22,1,0,1,2,0,0,21,20,0,0,0,0,0,7,20,20,0,0,0,2,0,0,0,93
2008,106,81,1,24,30,1,3,0,2,0,23,30,1,3,0,23,30,1,3,0,0,0,0,23,30,1,2,0,0,2,0,24,29,1,2,0,23,30,1,2,22,27,3,2,0,0,0,0,0,0,0,0,0,0,0,0,0,0,1,22,27,3,2,0,0,0,0,0,0,0,0,1,0,0,0,0,0,0,22,27,1,2,1,2,0,0,28,28,2,0,0,0,2,0,27,28,1,0,0,0,0,0,0,60
2008,107,1,1,773,914,45,78,21,1,1,783,903,47,72,1,751,877,37,65,5,11,7,9,838,809,29,74,0,0,16,4,820,817,29,68,0,840,792,28,75,739,736,112,49,0,15,17,0,8,11,1,6,29,4,10,6,8,7,7,663,709,106,35,42,0,5,36,12,6,16,1,11,1,0,4,4,85,6,659,680,29,32,100,97,8,16,1143,649,33,0,0,0,6,1,1068,629,29,0,11,26,4,0,2324,1837
2008,107,2,1,475,552,9,28,10,1,5,483,538,9,34,0,464,520,7,23,0,3,2,2,494,509,11,21,0,0,4,7,483,516,8,19,0,501,521,9,22,458,462,42,17,0,5,21,0,1,5,0,1,10,2,1,4,0,1,10,439,451,39,18,6,0,1,14,2,3,35,0,5,2,0,3,1,15,0,434,443,7,16,38,48,2,1,630,432,6,0,0,0,3,3,593,417,5,0,4,12,0,0,1557,1082
2008,107,3,1,704,772,29,56,15,1,1,720,762,24,49,6,687,744,23,42,2,7,5,9,743,688,13,53,0,3,7,4,752,682,15,53,0,761,678,16,55,694,607,76,32,0,2,19,0,2,11,0,4,21,5,6,4,7,4,9,630,592,72,28,21,0,2,26,8,5,26,0,7,2,2,5,3,58,3,621,577,15,27,78,65,3,11,972,580,15,0,0,2,5,0,834,651,11,0,7,10,2,0,2011,1582
2008,107,4,1,1292,1191,35,95,19,4,12,1312,1162,35,87,4,1265,1132,31,77,13,6,8,4,1458,1002,34,68,0,0,10,7,1406,1009,41,72,1,1443,1016,33,77,1326,922,118,47,0,12,24,3,10,5,1,6,27,5,5,3,5,2,12,1242,889,109,48,21,0,9,33,13,12,41,0,11,6,0,11,12,54,5,1223,862,30,41,118,104,8,14,1778,826,23,0,0,1,6,6,1692,804,20,0,20,19,0,0,3367,2648
2008,107,5,1,664,703,28,47,10,0,11,677,683,27,41,4,648,668,26,34,4,12,4,7,691,647,29,43,0,2,2,5,674,648,36,43,1,695,643,32,41,635,575,80,31,0,9,19,1,0,8,1,5,16,1,1,5,7,3,5,579,555,78,26,16,1,4,28,12,8,19,0,3,3,0,6,3,45,2,576,545,23,24,60,70,10,11,879,549,22,0,0,0,7,3,820,542,21,0,10,15,7,0,1949,1468
2008,107,6,1,798,795,28,60,7,0,4,808,781,31,53,4,780,765,25,46,2,5,5,8,867,701,27,60,0,1,2,1,860,697,29,55,1,865,694,31,63,777,639,97,46,0,14,27,1,6,5,3,1,14,5,0,0,16,5,11,735,619,86,32,14,0,9,24,9,5,27,0,5,3,0,2,3,60,2,711,595,22,30,81,72,6,9,1104,562,26,0,0,0,1,1,1058,552,26,0,14,13,2,0,2095,1695
2008,107,7,1,772,680,44,54,16,0,1,776,677,46,47,1,757,659,39,41,6,5,7,6,814,624,40,48,0,1,5,0,809,619,44,48,2,820,627,36,44,743,561,103,29,0,7,21,1,4,8,0,1,14,1,14,4,6,5,3,697,532,87,27,29,1,5,24,9,2,11,1,4,4,0,6,5,67,6,693,523,31,26,69,69,10,11,1015,516,28,0,0,1,7,0,976,508,26,0,6,11,5,0,2013,1568
2008,107,8,1,552,657,30,38,5,4,5,558,648,28,31,1,539,632,28,29,1,2,0,4,590,586,30,43,0,0,5,11,598,569,35,38,0,613,577,26,35,553,511,72,21,0,12,11,1,4,3,0,4,22,3,4,8,4,4,7,518,491,70,18,16,0,4,26,6,3,22,0,6,2,1,3,6,43,4,512,482,24,17,44,69,4,7,788,476,22,0,0,0,3,6,734,467,22,0,13,14,2,0,1713,1299
2008,107,9,1,1060,1188,43,63,11,1,7,1064,1171,42,60,2,1029,1138,39,54,8,3,8,13,1147,1039,42,67,0,2,9,10,1129,1032,44,68,3,1158,1037,42,69,1058,941,111,46,2,16,31,1,6,13,0,6,38,4,5,3,12,0,10,996,917,107,47,26,3,5,31,16,6,26,1,7,3,0,6,14,63,8,980,885,37,39,88,110,3,10,1464,880,34,0,0,1,3,5,1376,850,32,0,12,25,6,0,3263,2393
2008,107,10,1,846,831,48,92,10,3,0,857,819,42,92,2,816,801,38,79,3,5,11,19,923,722,35,76,0,0,8,5,913,723,44,75,1,934,717,41,85,817,633,131,55,0,11,19,1,5,13,0,4,38,6,6,4,9,5,6,739,603,116,52,23,0,6,33,19,6,28,0,4,7,2,5,3,88,13,735,588,29,48,97,94,8,14,1223,574,22,0,0,0,5,2,1154,565,20,0,18,18,4,0,2248,1832
2008,107,11,1,783,951,17,48,12,6,5,796,937,11,39,5,761,921,10,39,7,5,5,7,862,839,11,43,0,0,7,8,844,843,13,42,0,858,840,12,40,800,794,65,36,0,9,9,0,6,4,1,2,8,5,3,5,2,4,7,777,779,61,31,14,0,9,14,7,3,14,0,9,5,1,3,6,20,4,773,765,10,30,25,50,1,4,1067,728,10,0,0,0,6,8,1015,718,9,0,8,16,0,0,2479,1820
2008,107,12,1,226,261,4,13,7,1,0,225,261,4,12,0,218,256,4,10,2,2,0,1,233,248,3,8,0,0,0,2,233,247,3,8,0,236,253,3,9,224,234,18,8,0,1,4,0,0,1,0,2,5,1,1,0,0,0,1,209,226,18,7,5,0,0,5,2,1,4,0,0,0,0,1,1,8,1,204,226,3,7,21,12,0,1,280,231,4,0,0,0,0,0,268,230,4,0,0,2,0,0,695,516
2008,107,13,1,572,457,24,32,12,0,2,571,455,30,29,5,562,444,23,24,1,5,5,3,596,410,21,46,0,0,2,2,579,408,25,56,1,591,412,21,51,559,389,50,39,0,6,6,0,1,2,0,1,7,0,1,1,2,1,2,538,384,45,32,16,0,3,5,9,1,9,1,2,2,0,0,0,15,0,532,375,17,29,35,31,4,9,695,370,24,0,0,2,3,3,664,364,23,0,7,4,2,0,1550,1102
2008,107,14,1,1280,1367,37,110,27,5,6,1301,1335,36,85,9,1233,1286,27,72,12,10,6,22,1389,1181,39,91,0,8,10,11,1351,1178,40,95,0,1388,1180,38,103,1258,1042,143,58,1,21,39,4,14,18,1,15,36,3,10,5,12,9,17,1168,1013,137,51,41,1,9,38,16,13,42,0,15,8,0,11,4,105,8,1150,977,30,48,115,135,6,23,1831,1042,15,0,0,0,19,13,1708,916,15,0,19,24,6,0,3940,2836
2008,107,15,1,777,751,49,73,11,1,1,805,742,46,57,2,757,715,40,49,5,11,10,8,857,647,40,68,0,0,6,1,856,657,45,57,0,879,649,38,64,753,572,105,39,0,25,12,0,8,14,0,6,32,9,8,11,10,6,4,689,548,101,31,34,0,8,35,14,4,28,0,6,4,0,5,4,95,6,676,527,32,29,104,94,6,16,1083,535,37,0,0,0,6,1,1010,526,31,0,15,20,5,0,1994,1664
2008,107,16,1,155,202,5,10,1,0,1,155,200,5,10,0,155,200,5,10,0,0,0,0,166,185,8,10,0,0,2,2,167,183,8,10,0,166,186,7,8,159,177,11,8,0,3,0,0,0,0,0,1,0,0,0,1,0,0,3,156,171,12,8,2,0,0,4,0,1,1,0,1,0,0,0,0,6,0,155,169,7,8,6,11,0,1,210,158,4,0,0,0,1,1,200,158,3,0,0,1,0,0,538,339
2008,107,17,1,247,314,5,8,1,0,3,246,310,5,5,0,239,304,5,5,0,2,0,1,254,296,3,8,0,0,0,1,250,293,3,10,0,253,291,3,12,239,281,16,7,0,4,5,1,1,0,0,0,2,0,0,0,1,1,0,230,275,14,7,0,0,0,6,0,3,3,1,2,1,0,1,2,8,0,226,272,2,7,12,17,1,0,293,278,3,0,0,0,1,1,284,271,3,0,1,2,0,0,855,579
2008,107,77,1,37,138,6,4,1,2,1,39,137,6,3,0,36,137,6,3,0,0,0,1,39,118,5,3,0,1,6,0,38,123,6,2,2,41,124,6,2,35,109,11,2,0,0,2,1,1,1,1,0,2,1,0,1,0,0,0,34,79,12,1,0,0,0,35,1,0,2,0,1,1,0,1,0,1,0,34,79,5,1,3,37,1,1,77,100,4,0,0,0,4,0,69,98,4,0,0,1,1,0,0,189
2008,107,78,1,73,104,1,1,0,0,3,71,103,2,1,0,69,96,1,1,2,0,0,0,44,35,1,1,0,0,0,16,44,35,1,1,2,44,34,1,1,41,33,2,1,0,1,0,0,1,2,0,0,0,0,0,0,0,0,0,38,34,2,1,0,0,0,2,0,1,0,0,0,0,0,0,0,2,0,38,33,1,1,4,1,0,0,48,30,1,0,0,0,0,19,46,30,1,0,1,1,0,0,0,185
2008,107,81,1,37,59,3,1,0,0,0,37,59,3,1,0,37,59,3,1,0,0,0,0,38,59,3,1,0,0,0,0,37,59,4,1,0,38,59,3,1,36,58,5,1,0,36,59,1,0,0,0,0,0,0,0,0,0,0,0,36,57,3,0,0,0,0,0,0,0,0,0,0,0,0,0,0,0,0,37,59,3,1,0,0,0,0,37,59,3,0,0,0,0,0,37,59,3,0,0,0,0,0,0,100
2008,108,1,1,603,1062,41,64,27,4,2,638,1059,42,42,8,589,1034,35,34,4,14,5,26,633,1007,44,57,0,0,6,5,671,980,45,58,4,643,1007,43,62,528,849,108,32,3,4,13,1,8,81,3,18,12,9,15,8,2,52,9,490,854,93,27,46,0,14,41,14,8,4,0,28,6,2,86,14,2,8,474,803,35,23,104,133,0,18,843,907,44,0,0,0,8,7,794,891,41,0,4,15,3,0,2272,1531
2008,108,2,1,593,1063,52,55,30,0,2,612,1055,47,49,12,572,1031,43,40,3,6,13,16,613,991,39,79,0,1,4,3,630,994,43,72,0,622,1007,43,68,510,874,103,47,0,5,10,4,7,63,8,8,10,9,14,9,2,57,6,480,874,96,46,54,0,6,33,11,8,2,2,20,2,4,64,21,5,8,469,822,31,41,105,142,6,8,796,940,45,0,0,0,6,3,755,934,42,0,9,11,7,0,2266,1798
2008,108,3,1,374,399,22,41,16,0,0,384,407,23,26,8,360,384,17,23,4,6,6,9,393,369,29,35,0,0,5,2,405,357,25,40,0,393,363,25,40,333,311,67,18,0,1,10,0,4,24,4,2,2,4,0,4,0,39,4,307,308,62,18,25,1,3,19,3,1,2,0,11,4,0,49,3,0,3,304,291,19,14,55,48,2,8,497,323,25,0,0,1,4,2,469,316,24,0,2,11,3,0,1105,854
2008,108,4,1,1211,1563,34,135,47,3,7,1240,1551,36,111,12,1174,1483,28,93,6,15,7,27,1271,1453,39,102,0,2,21,11,1312,1444,35,101,2,1263,1422,33,117,1118,1267,167,72,2,8,23,2,8,61,4,12,6,10,3,15,8,79,15,1062,1263,155,69,46,0,9,59,14,18,9,0,19,11,4,115,9,1,10,1048,1203,29,56,144,162,4,28,1628,1301,35,0,0,4,15,11,1515,1260,29,0,12,32,3,0,3881,3003
2008,108,5,1,210,275,3,17,4,2,1,216,272,3,14,0,206,264,2,14,0,2,4,2,215,248,4,12,0,0,4,3,216,255,4,16,0,211,225,4,12,199,203,16,7,0,2,4,0,1,13,1,0,0,0,0,1,0,12,1,194,204,17,7,5,0,0,4,2,5,1,0,2,1,1,7,3,1,2,193,222,4,6,13,20,0,4,272,229,5,0,0,0,2,1,258,224,5,0,2,5,2,0,679,512
2008,108,6,1,666,888,33,68,14,0,2,677,879,24,64,7,644,862,21,49,7,6,3,13,681,827,26,74,0,1,4,0,719,794,25,82,0,693,803,27,81,582,692,103,46,0,2,9,0,4,54,3,5,10,8,6,8,3,50,11,536,704,98,42,31,0,4,31,16,8,2,0,11,6,0,84,8,3,3,525,660,20,39,107,106,5,16,936,706,18,0,0,0,7,2,867,685,11,0,18,22,8,0,2084,1670
2008,108,7,1,1324,1485,46,93,45,8,6,1347,1468,46,73,12,1284,1431,41,66,12,9,8,21,1349,1386,51,81,0,4,18,10,1386,1358,53,90,3,1367,1362,52,95,1242,1254,148,57,2,6,25,0,4,27,8,6,11,14,4,15,2,59,11,1204,1237,124,47,37,1,7,29,20,4,4,1,9,10,6,96,16,0,8,1084,1181,45,41,115,128,3,19,1700,1235,45,0,0,4,12,7,1617,1206,39,0,11,26,2,0,3790,3017
2008,108,8,1,818,904,68,85,17,0,1,853,883,57,84,8,789,854,53,67,7,9,17,19,866,816,51,103,0,0,4,3,915,793,55,101,1,885,772,53,107,724,626,134,60,1,6,20,1,15,69,5,13,12,25,15,19,3,69,19,682,631,109,51,70,0,11,47,34,8,3,0,25,9,0,126,17,4,12,666,584,37,45,129,153,11,22,1156,687,40,0,0,3,8,6,1066,670,38,0,18,23,9,0,2211,1898
2008,108,9,1,570,677,24,51,15,0,2,587,665,20,47,3,552,642,16,42,7,8,7,8,592,623,22,46,0,1,4,6,619,603,21,56,2,609,588,19,51,540,550,75,36,1,2,8,0,4,14,2,4,2,3,1,7,2,28,6,521,539,66,31,28,0,3,12,7,5,4,0,1,6,1,44,7,0,6,515,528,18,27,55,53,3,10,764,545,15,0,0,0,5,5,707,530,14,0,15,15,2,0,1764,1341
2008,108,10,1,855,742,28,70,20,1,5,858,749,28,55,4,830,726,23,50,3,4,12,11,860,691,39,61,0,1,7,11,892,668,29,62,0,873,667,35,67,791,621,97,44,0,4,7,2,3,12,3,6,2,13,6,4,6,39,6,766,602,91,43,20,0,6,28,9,4,0,1,8,4,2,59,8,2,3,756,586,22,37,74,58,11,17,1104,574,24,0,0,0,6,8,1051,559,23,0,10,14,8,0,2262,1722
2008,108,11,1,921,1094,37,115,30,5,10,953,1074,36,99,6,899,1040,28,94,1,7,11,17,953,996,42,105,0,5,11,8,989,983,42,103,2,964,973,32,101,853,852,134,66,2,13,24,0,6,39,3,7,8,6,10,11,7,52,13,818,847,131,61,44,1,9,46,13,8,10,0,17,6,4,77,9,1,4,801,810,26,57,86,119,9,17,1324,839,27,0,0,3,5,7,1211,808,23,0,18,41,4,0,2879,2238
2008,108,12,1,716,799,29,57,24,0,1,731,778,27,58,5,693,759,24,47,2,6,8,13,730,710,41,66,0,3,7,3,770,692,36,68,1,740,690,36,68,663,610,107,43,1,3,7,1,3,26,2,6,2,6,4,19,11,38,12,628,603,100,44,27,0,6,29,6,5,8,0,8,5,0,56,2,0,5,616,574,25,40,76,78,9,13,1010,590,16,0,0,0,4,1,936,569,15,0,14,26,7,0,2048,1626
2008,108,13,1,656,616,20,61,16,3,5,665,611,19,46,6,632,586,16,41,3,8,4,12,670,570,26,56,0,0,8,11,698,555,23,53,0,682,556,21,50,603,487,85,40,0,3,6,0,2,26,3,7,4,3,2,8,0,33,9,578,466,91,33,23,0,3,28,11,1,2,0,4,4,4,52,2,1,3,575,454,20,32,68,89,2,8,887,455,19,0,0,0,7,6,829,448,16,0,7,16,4,0,1802,1378
2008,108,14,1,1436,1492,66,128,43,6,6,1453,1488,60,109,15,1392,1438,51,96,9,8,21,19,1450,1381,64,144,0,0,11,6,1485,1339,68,146,2,1484,1343,65,141,1294,1192,206,93,1,10,28,4,4,57,6,11,6,10,9,12,1,97,17,1235,1157,183,79,49,0,4,55,17,16,8,1,15,16,5,171,10,2,9,1211,1088,51,71,179,201,17,35,1968,1140,52,0,0,0,12,3,1843,1110,47,0,20,45,11,0,3960,3181
2008,108,15,1,1309,1396,50,106,27,5,4,1336,1379,46,83,10,1264,1339,40,74,5,13,12,23,1345,1294,47,102,0,2,12,13,1389,1261,47,100,0,1347,1261,39,113,1220,1160,145,71,1,11,18,2,12,40,9,6,8,14,7,16,3,42,11,1178,1130,127,65,42,0,10,52,20,9,8,2,11,18,2,113,9,3,14,1158,1097,30,62,131,128,9,19,1723,1115,36,0,0,1,7,2,1605,1100,33,0,12,37,10,0,3613,2907
2008,108,16,1,1175,1262,47,108,30,3,3,1191,1248,45,100,6,1146,1212,40,90,9,13,4,11,1206,1159,59,96,0,0,10,0,1245,1141,58,103,2,1214,1142,54,105,1074,1030,174,79,0,2,21,7,6,37,11,6,6,4,5,10,2,58,9,1029,1011,165,66,25,2,4,47,7,10,5,1,7,7,0,93,3,1,6,1015,980,49,62,136,106,7,18,1567,1003,41,0,0,0,8,2,1474,975,39,0,14,30,4,0,3441,2630
2008,108,17,1,312,398,5,14,1,1,3,316,397,3,10,0,311,391,3,10,1,3,0,2,322,381,4,7,0,0,2,7,328,376,4,8,0,322,374,5,10,304,363,19,7,0,0,3,0,1,8,1,0,2,2,0,0,1,5,1,304,356,18,8,0,0,0,12,0,0,0,0,1,1,0,9,0,0,0,301,353,3,1,12,18,0,0,369,362,2,0,0,0,1,5,346,348,1,0,10,4,1,0,1001,743
2008,108,18,1,746,951,42,58,19,8,6,761,940,36,50,6,731,911,33,42,6,11,4,7,770,911,38,44,0,0,11,5,808,880,43,52,0,779,889,39,52,692,786,108,28,0,6,18,1,6,22,8,0,3,7,2,8,3,46,10,683,772,95,28,27,0,5,31,9,7,3,0,9,4,1,69,6,0,6,659,746,33,25,78,101,3,5,1059,736,24,0,0,0,7,4,984,744,24,0,9,24,6,0,2586,1837
2008,108,19,1,966,1056,50,78,26,2,2,985,1047,50,68,13,933,1016,43,57,8,9,14,14,989,983,55,77,0,1,3,7,1039,967,49,80,0,1009,956,50,79,882,868,133,43,0,6,18,1,5,39,4,5,6,12,8,14,0,64,6,841,849,115,39,52,1,8,34,11,7,4,0,10,19,3,79,10,1,7,827,813,136,36,114,125,15,12,1289,849,32,0,0,0,11,1,1211,830,31,0,9,29,8,0,2783,2186
2008,108,20,1,240,623,8,19,9,0,3,234,614,9,19,6,227,601,8,17,3,5,0,1,249,579,11,18,0,1,5,2,265,584,11,14,0,245,565,10,15,233,537,30,14,0,3,2,0,2,12,2,1,0,3,0,4,0,9,4,232,530,28,13,8,0,1,16,0,1,0,1,1,3,0,6,1,0,2,225,512,9,13,19,45,1,1,379,509,6,0,0,1,2,1,347,495,6,0,8,13,0,0,1323,904
2008,108,21,1,687,744,30,51,14,0,4,689,743,30,47,4,666,720,27,39,2,6,2,10,709,698,30,36,0,1,5,5,730,694,24,34,0,721,693,27,35,666,647,64,28,0,2,11,1,3,19,2,2,1,5,2,9,4,37,6,645,645,62,27,21,0,6,14,5,4,2,0,8,1,1,41,3,1,2,641,616,21,22,43,58,3,6,892,605,18,0,0,0,7,3,854,590,18,0,4,9,5,0,2002,1530
2008,108,22,1,575,781,42,70,21,1,0,592,765,40,62,3,564,747,37,53,4,8,6,9,617,717,42,54,0,0,5,5,635,707,40,75,0,622,695,38,56,547,609,96,33,3,4,12,0,4,36,4,2,10,16,4,11,3,34,8,519,607,85,35,16,1,2,39,15,4,4,0,3,11,3,52,9,1,5,511,572,32,28,68,98,8,17,880,568,31,0,0,0,3,4,816,556,29,0,8,12,4,0,1947,1490
2008,108,23,1,773,1065,33,71,22,4,4,783,1064,28,65,5,748,1018,21,51,4,12,6,15,806,985,24,74,0,1,9,11,832,976,22,79,0,804,963,21,90,714,853,100,53,1,6,19,1,7,29,2,10,2,6,5,11,2,47,7,675,846,76,51,42,2,4,39,11,7,3,1,6,7,1,79,8,0,10,664,807,14,48,97,113,6,22,1115,805,18,0,0,2,7,5,1061,783,16,0,4,23,7,0,2487,1976
2008,108,77,1,50,172,2,13,2,0,0,54,162,2,13,2,49,158,1,12,0,3,0,0,40,126,4,11,0,1,6,2,39,128,4,11,0,39,126,4,13,29,112,15,10,0,1,2,0,1,1,0,1,0,0,1,3,0,3,2,30,121,15,9,0,0,0,4,0,1,0,0,1,1,0,5,1,0,0,27,105,2,8,7,15,1,2,86,106,2,0,0,1,7,0,76,104,1,0,3,2,0,0,0,246
2008,108,78,1,93,125,9,8,1,0,1,94,122,10,5,0,91,119,9,4,0,0,0,1,52,47,3,2,0,0,0,41,53,44,3,2,0,52,45,3,2,48,43,7,3,0,0,0,0,0,1,0,0,0,0,0,0,0,1,0,44,42,7,2,0,0,0,0,0,1,0,0,2,1,0,0,1,0,0,41,42,2,2,6,2,1,0,59,42,3,0,0,0,0,44,54,41,3,0,0,0,0,0,0,239
2008,108,81,1,74,64,5,2,1,0,1,73,65,5,2,0,72,63,5,2,0,1,0,0,78,61,5,2,0,0,0,1,78,60,5,3,0,78,61,5,2,75,55,6,1,0,1,1,0,0,2,0,0,0,1,0,0,0,1,0,74,57,6,1,0,0,0,2,2,0,0,0,0,0,0,3,1,0,0,74,54,5,1,2,7,0,1,85,56,5,0,0,0,0,1,84,53,4,0,0,0,1,0,0,147
2008,109,1,1,348,246,9,8,2,1,3,347,238,9,7,1,344,233,8,7,0,1,0,0,381,203,11,6,0,0,0,2,369,204,9,7,1,369,202,14,9,336,186,29,5,1,2,0,0,2,4,0,3,1,0,13,3,2,1,1,331,185,25,5,3,0,2,6,2,1,2,0,21,0,2,0,0,0,2,329,171,9,5,24,24,0,0,436,162,9,0,0,3,1,4,401,157,9,0,11,9,0,0,802,616
2008,109,2,1,731,847,87,97,15,1,4,748,833,89,85,5,702,814,76,77,6,11,11,20,804,771,85,70,0,2,2,5,777,774,80,91,0,777,777,78,106,642,690,147,54,0,15,4,2,12,25,1,12,17,7,64,19,11,8,9,596,651,140,44,68,0,13,28,32,13,4,0,104,3,5,1,10,1,3,580,600,60,38,117,122,11,28,999,684,76,0,0,4,8,10,945,667,73,0,10,15,9,0,2163,1783
2008,109,3,1,1578,1936,139,157,24,0,8,1639,1902,129,141,5,1514,1844,111,120,14,15,24,46,1774,1676,144,124,0,0,7,14,1723,1635,135,188,3,1735,1639,139,182,1339,1470,287,86,2,21,21,2,29,23,2,32,36,6,200,52,38,19,24,1276,1409,254,71,110,0,13,75,42,55,11,5,263,4,3,13,25,12,13,1247,1302,105,68,296,378,21,46,2139,1553,123,0,0,5,14,5,2024,1523,116,0,24,32,17,0,4572,3849
2008,109,4,1,1142,1593,43,94,14,1,8,1154,1579,41,69,4,1101,1552,35,64,6,11,19,35,1207,1465,58,70,0,2,13,15,1171,1458,50,89,0,1180,1461,49,101,1005,1317,141,52,1,7,9,1,17,24,1,20,10,10,87,27,23,13,19,985,1298,131,37,49,1,8,57,26,28,9,7,84,10,0,3,7,6,4,962,1242,39,38,125,141,9,26,1489,1326,52,0,0,4,8,10,1371,1306,48,0,21,20,9,0,3688,2905
2008,109,5,1,1150,1203,44,61,9,2,9,1162,1189,42,52,2,1126,1174,38,46,4,4,2,11,1319,1022,35,35,0,5,16,8,1222,1016,39,47,1,1218,1007,52,53,1123,951,106,27,0,7,6,0,3,13,1,7,5,3,42,20,5,5,6,1120,931,94,22,26,0,11,22,9,12,3,0,55,4,0,2,1,7,7,1080,890,29,22,84,86,5,15,1545,858,36,0,0,7,10,5,1440,838,34,0,27,19,3,0,3175,2481
2008,109,6,1,519,458,15,23,8,2,3,523,450,14,20,4,509,445,13,17,3,4,1,6,561,427,13,5,0,0,2,7,536,428,13,9,0,535,426,14,14,470,393,32,5,2,0,3,1,10,3,1,2,5,1,41,4,7,4,5,462,404,26,7,15,1,2,9,6,27,1,0,49,3,1,1,0,3,3,451,367,8,5,70,41,5,1,599,399,11,0,0,9,4,4,573,388,9,0,9,4,2,0,1235,1029
2008,109,7,1,531,584,56,51,22,1,2,531,578,55,49,9,516,549,50,42,2,9,2,6,622,502,58,32,0,2,6,3,564,524,64,43,1,569,511,64,43,508,465,95,23,3,1,1,2,4,7,0,6,14,4,26,12,2,5,5,492,467,99,19,22,0,5,14,8,7,2,0,35,3,0,1,5,0,3,481,423,54,16,56,62,6,15,736,437,54,0,0,3,3,3,625,413,49,0,42,33,7,0,1644,1249
2008,109,8,1,385,145,10,7,0,0,2,382,141,10,6,0,377,139,9,5,2,0,0,1,407,118,11,3,0,0,3,2,391,116,12,7,0,392,116,14,8,374,99,22,4,0,0,0,0,0,1,0,0,0,0,13,8,1,1,3,371,103,22,1,2,0,0,7,5,0,0,0,13,4,0,0,0,2,1,358,92,10,3,22,13,2,0,437,100,7,0,0,2,2,2,414,97,7,0,2,3,3,0,683,552
2008,109,9,1,326,460,16,20,11,1,2,321,449,13,19,4,306,432,10,18,2,3,1,0,412,369,10,10,0,0,3,6,359,392,12,13,0,358,381,14,16,323,352,37,11,1,5,1,0,1,3,1,0,2,0,19,12,1,4,2,323,352,33,11,4,0,3,13,2,4,0,0,21,0,0,0,0,1,2,311,331,10,10,28,29,5,6,506,307,11,0,0,1,2,5,436,296,9,0,15,7,0,0,1151,840
2008,109,10,1,522,668,26,28,4,4,4,524,657,27,23,0,508,642,24,21,2,1,4,2,609,561,31,18,0,0,9,6,566,573,30,25,2,573,565,32,22,501,540,72,13,0,2,0,1,5,4,0,2,7,1,30,12,5,4,1,490,532,64,10,18,0,6,18,3,6,0,0,43,2,1,0,1,2,1,481,514,27,10,57,44,3,7,728,480,29,0,0,1,9,7,652,465,27,0,29,16,3,0,1567,1256
2008,109,77,1,13,47,2,6,2,2,2,15,44,2,6,0,12,43,2,5,0,0,0,2,17,41,1,7,0,0,3,3,20,39,0,5,0,18,39,0,6,12,35,3,5,0,0,0,0,1,0,0,1,0,0,0,1,1,0,2,12,36,4,4,1,0,0,1,1,1,1,0,1,0,0,1,0,0,0,11,32,0,4,4,5,0,1,23,39,4,0,0,1,3,3,19,39,4,0,2,1,0,0,0,74
2008,109,78,1,27,41,6,3,0,0,0,27,41,3,4,0,27,41,3,3,0,0,2,0,17,14,2,4,0,0,0,4,17,15,0,6,0,17,14,0,6,17,14,2,2,0,0,0,0,0,0,0,0,0,0,2,0,1,0,0,15,14,1,0,0,0,0,0,0,0,0,1,5,0,0,0,0,0,0,15,14,0,0,1,0,1,4,21,13,1,0,0,0,0,7,20,13,1,0,0,0,0,0,0,77
2008,109,81,1,25,29,1,0,1,1,0,24,29,1,0,0,24,29,1,0,0,0,0,0,25,28,1,0,0,0,1,1,24,29,1,0,0,24,28,1,0,24,28,1,0,0,0,0,0,0,0,0,0,0,0,0,0,0,0,0,24,28,1,0,0,0,0,0,0,0,0,0,0,0,0,0,0,0,0,24,29,1,0,0,0,0,0,29,27,1,0,0,0,0,0,24,29,1,0,0,0,0,0,0,54
2008,110,1,1,194,167,19,36,0,0,0,195,163,25,30,0,179,160,18,27,2,0,4,7,194,152,24,31,0,0,2,0,200,148,23,30,0,190,150,24,33,160,130,41,20,0,2,3,0,4,1,1,15,6,10,0,8,0,0,0,154,124,35,20,13,0,3,4,6,24,0,1,1,1,0,1,1,2,2,153,122,18,20,21,17,3,6,241,144,25,0,0,3,1,0,222,142,23,0,2,4,7,0,506,416
2008,110,2,1,1083,1132,84,90,20,2,4,1099,1125,74,78,5,1040,1077,65,66,6,8,26,18,1123,1034,76,103,0,0,10,9,1125,1019,81,97,2,1116,1034,72,121,948,916,181,72,0,16,19,1,10,15,5,67,7,16,14,32,2,12,3,942,898,161,60,50,0,21,35,19,90,6,0,4,7,2,2,16,4,4,914,869,56,55,135,111,20,20,1396,919,72,0,0,2,19,2,1347,907,72,0,5,15,5,0,3118,2415
2008,110,3,1,160,305,2,7,4,1,3,162,296,2,7,0,158,293,2,6,1,2,0,1,167,266,7,9,0,0,1,2,165,270,6,8,0,164,266,7,9,155,254,19,5,0,1,4,0,1,8,1,8,1,0,1,6,0,0,1,155,256,17,5,2,0,2,5,0,5,1,0,0,4,0,2,1,1,1,154,245,6,4,4,14,0,2,213,262,4,0,0,0,2,2,199,257,4,0,0,2,0,0,816,483
2008,110,4,1,702,707,56,71,13,2,7,737,690,47,64,14,677,666,40,53,4,10,17,16,720,651,54,79,0,2,3,8,746,632,56,75,5,726,643,56,84,596,551,126,49,1,10,12,4,14,16,6,45,9,25,9,30,3,2,5,576,551,115,42,27,0,18,25,29,87,5,0,2,7,1,4,3,1,5,563,522,40,39,105,87,9,21,865,617,54,0,0,6,2,8,821,606,53,0,9,5,5,0,2048,1560
2008,110,5,1,878,980,21,61,15,3,7,894,969,24,54,1,861,953,19,46,5,7,2,22,899,874,18,61,0,1,10,9,909,875,18,61,1,899,876,19,64,795,800,74,39,0,6,9,0,9,16,9,34,5,9,5,30,0,5,4,789,794,64,40,25,0,2,16,5,66,5,0,1,8,2,3,6,5,6,773,764,12,32,68,74,4,17,1074,801,24,0,0,13,13,8,1033,795,24,0,5,10,1,0,2680,1959
2008,110,6,1,1104,1231,45,86,13,4,5,1111,1224,49,69,1,1066,1178,42,60,9,12,8,11,1138,1103,48,84,0,0,6,18,1132,1100,49,82,1,1121,1112,50,83,1021,991,138,46,0,6,15,0,9,18,7,46,8,13,8,30,1,6,4,1019,988,133,43,31,0,5,35,12,88,4,0,2,2,2,4,5,4,6,989,928,42,40,84,120,5,20,1445,946,48,0,0,11,8,8,1353,932,44,0,7,23,5,0,3300,2495
2008,110,7,1,543,709,24,40,11,4,3,545,705,23,34,3,530,690,20,30,3,2,4,2,579,627,22,39,0,0,4,7,579,635,19,37,0,576,645,20,40,509,572,60,24,0,7,6,0,4,13,3,22,8,7,6,20,0,5,1,497,583,54,21,22,0,10,14,4,44,1,0,0,5,0,3,4,5,0,492,556,16,21,49,52,3,6,752,538,21,0,0,3,7,4,714,532,21,0,7,13,2,0,1892,1331
2008,110,8,1,536,489,37,48,12,1,1,546,491,36,37,5,525,470,32,35,2,6,1,10,560,451,34,52,0,0,2,4,567,449,32,44,0,563,440,33,55,463,395,85,25,0,5,11,0,9,11,7,50,4,3,5,19,0,2,3,455,392,68,25,31,0,12,15,2,61,3,0,1,1,0,4,10,3,1,440,372,27,21,77,47,4,15,683,402,29,0,0,1,5,2,640,396,29,0,14,9,3,0,1366,1124
2008,110,9,1,402,543,30,53,6,1,3,428,530,30,36,4,388,511,23,34,4,6,9,8,470,474,22,51,0,1,1,2,457,480,23,52,1,449,477,23,57,370,409,69,25,0,4,10,2,6,6,4,43,4,7,11,22,1,5,3,366,405,68,22,20,0,4,17,4,54,5,1,1,4,2,4,3,4,4,349,394,18,21,56,59,7,15,561,435,27,0,0,3,4,6,534,427,26,0,3,12,5,0,1310,1040
2008,110,10,1,903,1040,43,74,9,1,13,918,1027,48,58,2,871,995,36,54,4,10,12,23,940,952,52,88,0,3,9,11,951,947,51,83,4,966,949,45,83,794,817,118,46,4,16,15,1,23,20,4,58,17,23,8,39,1,16,5,775,810,116,40,36,1,21,37,25,92,2,0,2,7,1,6,10,6,6,755,765,37,32,217,117,9,23,1164,849,53,0,0,4,10,6,1116,833,49,0,11,16,4,0,2738,2088
2008,110,11,1,1391,1499,72,119,22,2,4,1435,1473,69,103,7,1345,1443,56,92,6,15,16,30,1421,1346,78,144,0,2,10,13,1451,1322,73,142,6,1416,1315,75,165,1195,1145,216,93,6,25,21,0,19,22,13,108,17,23,15,49,3,10,10,1172,1125,197,80,69,1,22,42,28,158,9,0,3,10,3,5,15,0,10,1137,1068,56,74,184,192,17,33,1747,1242,65,0,0,4,18,8,1671,1221,62,0,7,18,10,0,3834,3105
2008,110,12,1,244,308,8,23,1,2,2,248,303,9,19,1,238,295,6,16,6,0,1,2,262,279,3,20,0,1,3,1,266,271,2,16,0,260,279,4,20,238,256,22,15,0,2,5,0,5,3,1,7,1,2,2,5,1,2,1,238,248,20,16,2,0,0,6,0,15,2,0,2,1,0,1,1,0,1,232,239,1,13,23,26,1,3,340,239,5,0,0,0,2,1,328,236,4,0,2,6,0,0,808,590
2008,110,77,1,36,90,5,4,1,4,1,35,85,5,3,1,33,82,4,3,0,0,0,0,21,50,4,1,0,0,4,0,18,50,5,1,0,18,51,4,2,16,44,5,1,0,1,0,0,1,2,0,1,0,1,0,0,0,0,0,14,52,6,1,0,0,1,1,2,2,0,0,0,0,0,0,0,0,0,14,44,4,1,3,2,0,0,24,53,2,0,0,0,5,0,24,50,2,0,0,0,0,0,0,141
2008,110,78,1,30,37,3,1,0,0,0,30,37,1,1,0,28,36,1,1,0,0,1,1,19,18,1,0,0,0,0,22,17,22,3,0,0,19,21,3,0,18,18,4,0,0,0,0,0,0,0,0,0,0,0,0,0,0,0,0,16,21,2,0,1,0,0,1,0,1,0,0,0,0,0,0,0,0,0,16,17,1,0,0,1,0,0,19,21,1,0,0,0,0,26,18,21,1,0,0,1,0,0,0,71
2008,110,81,1,18,16,2,4,1,0,0,18,16,2,4,1,18,16,2,4,0,0,0,0,18,14,2,3,0,1,0,0,18,14,2,4,0,18,16,2,4,16,13,3,2,0,0,0,0,0,0,0,1,1,1,1,0,0,0,0,16,14,3,2,0,0,0,0,1,1,0,0,0,0,0,1,0,0,0,15,13,2,2,3,1,0,1,22,16,2,0,0,1,0,0,18,16,2,0,1,0,0,0,0,41
