YEAR,PREKEY,UNIKEY,GENERAL__SOURCE_ROWS,GENERAL__GOB_PNP,GENERAL__GOB_PPD,GENERAL__GOB_PIP,GENERAL__GOB_MUS,GENERAL__GOB_PPR,GENERAL__GOB_PPT,GENERAL__GOB_OTR,GENERAL__GOB_BLN,GENERAL__GOB_NUL,GENERAL__COM_PNP,GENERAL__COM_PPD,GENERAL__COM_PIP,GENERAL__COM_MUS,GENERAL__COM_PPR,GENERAL__COM_PPT,GENERAL__COM_OTR,GENERAL__EST_INT_PNP,GENERAL__EST_INT_PPD,GENERAL__EST_INT_PIP,GENERAL__EST_INT_MUS,GENERAL__EST_INT_PPR,GENERAL__EST_INT_PPT,GENERAL__EST_MIX_PNP,GENERAL__EST_MIX_PPD,GENERAL__EST_MIX_PIP,GENERAL__EST_MIX_MUS,GENERAL__EST_MIX_PPR,GENERAL__EST_MIX_PPT,GENERAL__EST_CND,GENERAL__RPD_PNP,GENERAL__RPD_PPD,GENERAL__RPD_PIP,GENERAL__RPD_MUS,GENERAL__RPD_PPR,GENERAL__RPD_PPT,GENERAL__RPD_OTR,GENERAL__RPD_BLN,GENERAL__RPD_NUL,GENERAL__SND_PNP_1,GENERAL__SND_PPD_1,GENERAL__SND_PIP_1,GENERAL__SND_MUS_1,GENERAL__SND_PPR_1,GENERAL__SND_PPT_1,GENERAL__SND_IND,GENERAL__SND_OTR,GENERAL__SND_PNP_2,GENERAL__SND_PPD_2,GENERAL__SND_PIP_2,GENERAL__SND_MUS_2,GENERAL__SND_PPR_2,GENERAL__SND_PPT_2,GENERAL__RPA_PNP_1,GENERAL__RPA_PPD_1,GENERAL__RPA_PIP,GENERAL__RPA_MUS,GENERAL__RPA_PPR,GENERAL__RPA_PPT,GENERAL__RPA_IND,GENERAL__RPA_OTR,GENERAL__RPA_PNP_2,GENERAL__RPA_PPD_2,GENERAL__RPA_PNP_3,GENERAL__RPA_PPD_3,GENERAL__RPA_PNP_4,GENERAL__RPA_PPD_4,GENERAL__RPA_PNP_5,GENERAL__RPA_PPD_5,GENERAL__RPA_PNP_6,GENERAL__RPA_PPD_6,GENERAL__SNA_PNP_1,GENERAL__SNA_PPD_1,GENERAL__SNA_PIP,GENERAL__SNA_MUS,GENERAL__SNA_PPR,GENERAL__SNA_PPT,GENERAL__SNA_IND,GENERAL__SNA_OTR,GENERAL__SNA_PNP_2,GENERAL__SNA_PPD_2,GENERAL__SNA_PNP_3,GENERAL__SNA_PPD_3,GENERAL__SNA_PNP_4,GENERAL__SNA_PPD_4,GENERAL__SNA_PNP_5,GENERAL__SNA_PPD_5,GENERAL__SNA_PNP_6,GENERAL__SNA_PPD_6,GENERAL__LEG_INT_PNP,GENERAL__LEG_INT_PPD,GENERAL__LEG_INT_PIP,GENERAL__LEG_INT_MUS,GENERAL__LEG_INT_PPR,GENERAL__LEG_INT_PPT,GENERAL__LEG_MIX_PNP,GENERAL__LEG_MIX_PPD,GENERAL__LEG_MIX_PIP,GENERAL__LEG_MIX_MUS,GENERAL__LEG_MIX_PPR,GENERAL__LEG_MIX_PPT,GENERAL__LEG_CND,GENERAL__ALC_PNP,GENERAL__ALC_PPD,GENERAL__ALC_PIP,GENERAL__ALC_MUS,GENERAL__ALC_PPT,GENERAL__ALC_LCL,GENERAL__ALC_IND,GENERAL__ALC_OTR,GENERAL__ALC_BLN,GENERAL__ALC_NUL,GENERAL__MUN_INT_PNP,GENERAL__MUN_INT_PPD,GENERAL__MUN_INT_PIP,GENERAL__MUN_INT_MUS,GENERAL__MUN_INT_PPR,GENERAL__MUN_INT_PPT,GENERAL__MUN_INT_LCL,GENERAL__MUN_MIX_PNP,GENERAL__MUN_MIX_PPD,GENERAL__MUN_MIX_PIP,GENERAL__MUN_MIX_MUS,GENERAL__MUN_MIX_PPR,GENERAL__MUN_MIX_PPT,GENERAL__MUN_MIX_LCL,GENERAL__MUN_CND,GENERAL__CON_1_SI,GENERAL__CON_1_NO,GENERAL__CON_1_BLN,GENERAL__CON_1_NUL,GENERAL__CON_2_EST,GENERAL__CON_2_IND,GENERAL__CON_2_ELA,GENERAL__CON_2_BLN,GENERAL__CON_2_NUL,GENERAL__INSCRITOS,GENERAL__VOTARON,REFERENDUM__SOURCE_ROWS,REFERENDUM__LEGISLATURA_SI,REFERENDUM__LEGISLATURA_NO,REFERENDUM__LEGISLATURA_BLN,REFERENDUM__LEGISLATURA_NUL,REFERENDUM__FIANZA_SI,REFERENDUM__FIANZA_NO,REFERENDUM__FIANZA_BLN,REFERENDUM__FIANZA_NUL,REFERENDUM__INSCRITOS,REFERENDUM__VOTARON
2012,1,1,1,363,383,7,2,4,5,1,3,3,380,369,4,2,2,3,0,357,367,4,1,2,3,2,4,0,1,1,0,25,364,366,15,1,0,0,0,5,2,357,370,11,1,4,6,0,0,362,370,11,0,0,0,346,348,21,6,3,2,0,0,1,0,8,2,1,5,0,3,2,0,336,343,29,2,3,2,5,0,2,0,1,0,1,2,0,3,11,7,331,331,10,0,3,2,19,33,0,1,0,0,36,410,354,3,0,1,0,0,0,1,2,389,349,3,0,1,1,0,1,5,0,1,0,1,0,19,360,367,38,8,337,19,188,225,4,1181,773,1,129,199,1,0,127,202,0,0,1162,329
2012,1,2,1,437,1030,91,36,9,112,2,3,7,468,1025,73,51,5,85,1,422,967,67,25,5,71,6,10,14,18,0,24,90,394,971,160,112,0,0,3,7,3,378,1057,104,96,7,97,0,3,399,988,132,0,0,0,345,794,125,239,6,33,0,0,5,5,23,22,7,27,4,9,6,5,335,891,185,120,2,44,7,0,1,5,1,22,5,6,4,10,15,0,321,754,67,22,2,13,46,161,22,29,0,27,252,429,1228,36,0,23,0,0,3,4,2,405,1069,36,2,1,9,0,9,33,28,19,1,18,0,90,716,952,46,12,447,319,648,291,21,2332,1726,1,206,779,3,4,190,795,2,5,2146,992
2012,1,3,1,719,706,32,12,6,15,2,2,3,750,683,21,16,2,8,1,707,664,20,10,1,7,3,8,5,1,1,4,62,712,682,27,23,0,0,1,6,8,697,696,26,17,3,15,0,2,708,680,28,0,0,0,637,613,50,34,2,7,0,2,2,10,29,10,9,10,5,10,4,5,613,624,94,13,2,13,5,0,1,4,4,9,2,7,4,10,26,6,601,576,19,7,1,5,74,91,4,3,0,4,101,779,691,11,0,4,0,0,1,5,6,753,653,10,1,1,2,0,8,7,5,6,0,2,0,40,611,820,54,14,678,68,432,299,22,2209,1499,1,324,372,6,0,294,407,1,0,2027,702
2012,1,4,1,497,555,14,4,6,5,1,6,4,515,539,10,4,5,3,0,487,536,9,3,5,3,1,11,5,1,0,1,21,484,534,22,6,0,0,2,13,6,475,543,15,4,4,4,0,0,482,532,17,0,0,0,437,499,35,13,3,4,1,0,2,6,20,1,6,3,1,2,0,0,420,489,69,4,2,4,5,1,2,2,0,3,1,0,0,2,30,2,411,479,12,2,1,0,59,49,3,2,0,1,65,557,517,5,0,2,0,0,0,1,3,527,504,5,2,1,5,0,6,14,1,0,0,0,0,26,516,505,63,10,456,40,287,304,7,1656,1098,1,168,237,11,2,167,244,4,3,1630,418
2012,1,5,1,1090,1216,137,29,13,96,2,2,4,1143,1211,110,43,12,55,2,1062,1135,100,20,7,38,9,16,18,10,5,27,134,1003,1196,167,120,0,0,2,5,4,984,1282,127,83,13,95,0,3,1012,1233,151,0,0,0,896,1007,170,199,8,30,2,1,11,17,47,47,19,26,6,3,9,16,895,1126,256,62,2,39,5,0,2,1,13,37,5,7,19,29,33,12,831,950,94,11,2,7,140,184,25,22,2,23,291,1090,1426,50,0,10,0,0,1,4,4,1048,1257,47,4,1,6,0,27,30,29,18,0,7,0,110,927,1619,33,12,1119,291,821,345,15,3211,2593,1,681,1038,5,2,689,1035,0,2,2948,1726
2012,1,6,1,545,471,48,9,1,18,0,0,2,566,461,39,9,2,12,1,536,447,36,5,1,10,1,2,6,3,1,1,43,500,467,61,27,0,0,1,3,2,485,503,44,16,5,20,0,2,514,470,52,0,0,0,441,389,74,47,2,10,2,0,5,6,37,8,12,11,4,5,2,15,424,426,111,16,0,10,4,0,1,0,6,12,2,2,14,7,22,2,410,359,36,5,0,4,66,87,5,2,0,3,114,537,528,19,0,6,0,0,0,0,3,510,493,17,1,0,4,0,9,9,4,1,0,2,0,43,397,688,9,3,557,82,297,159,2,1409,1096,1,340,369,3,0,348,362,2,0,1296,712
2012,1,7,1,1028,811,71,22,1,48,4,5,5,1055,803,57,29,2,33,1,1013,773,55,18,1,31,5,12,12,5,0,9,59,951,791,95,60,0,0,0,7,4,937,845,73,43,7,45,0,1,964,809,78,0,0,0,862,694,99,99,1,21,1,0,6,15,34,22,11,11,5,10,8,9,857,763,126,41,1,25,4,0,2,1,7,13,6,3,10,22,24,7,821,657,52,16,0,12,101,122,10,9,4,13,175,993,945,39,0,6,0,0,1,6,4,958,868,31,4,1,4,0,18,9,6,12,0,9,0,71,689,1281,17,13,1016,129,569,274,12,2563,2001,1,626,597,5,2,616,608,4,2,2353,1230
2012,1,8,1,701,547,52,12,8,39,2,0,4,731,536,34,24,5,25,0,682,507,31,9,5,15,7,10,12,7,1,7,58,657,534,62,62,0,0,1,4,3,631,581,49,54,10,40,0,1,660,548,54,0,0,0,576,471,69,86,8,21,1,1,10,15,32,15,16,11,0,8,8,6,556,514,117,25,4,18,2,1,2,1,3,14,5,5,11,12,25,3,539,434,35,9,3,7,77,97,7,10,1,4,155,687,642,19,0,8,0,0,0,1,1,666,576,18,4,2,8,0,11,12,13,6,0,0,0,49,430,914,15,6,718,123,361,156,7,1689,1365,1,436,431,1,0,425,442,0,1,1526,868
2012,1,9,1,280,256,6,5,2,3,0,0,3,285,251,6,5,2,1,0,275,246,6,3,2,1,2,4,0,0,0,0,13,271,245,12,4,0,0,0,1,2,270,245,14,3,4,5,0,0,275,239,14,0,0,0,251,218,34,2,3,2,0,0,2,2,11,1,0,6,0,1,0,2,245,223,49,1,2,2,1,0,0,1,0,1,0,1,0,1,7,1,237,212,9,1,2,1,30,22,2,0,0,1,38,304,240,7,0,0,0,0,0,1,4,289,229,7,0,1,0,0,4,2,0,1,0,0,0,20,234,283,36,4,260,19,132,142,4,844,558,1,114,134,0,3,108,139,1,3,818,251
2012,1,10,1,352,343,17,3,5,4,0,2,2,362,337,16,2,4,1,0,346,332,15,1,4,1,2,4,0,2,1,2,14,354,333,16,4,0,0,0,4,0,350,332,16,1,3,4,0,0,359,327,15,0,0,0,327,294,32,4,2,1,0,0,3,5,6,1,3,11,2,0,1,0,307,298,46,2,2,2,15,0,0,0,0,1,1,1,2,2,17,0,304,282,13,1,1,0,37,42,0,0,0,2,39,380,328,12,0,2,0,0,0,2,3,366,323,12,0,1,1,0,1,4,0,0,0,0,0,16,321,356,44,9,315,22,240,147,6,1031,730,1,131,183,6,0,123,192,2,3,1004,320
2012,1,11,1,644,459,20,3,3,6,0,0,7,656,449,15,2,2,4,1,634,445,13,1,1,4,6,7,3,1,1,1,21,633,410,32,5,0,0,0,8,10,613,418,26,5,6,8,0,0,615,416,30,0,0,0,578,383,53,7,3,2,0,0,5,7,26,1,4,4,0,3,2,0,553,397,78,5,1,3,5,1,1,0,1,4,1,0,0,4,20,1,550,366,24,2,0,2,50,41,3,0,0,3,83,669,443,10,0,5,0,0,0,2,4,644,424,9,0,0,3,0,5,9,4,1,0,2,0,35,450,620,61,11,553,34,280,270,5,1834,1142,1,235,239,1,3,237,234,5,2,1767,478
2012,1,12,1,342,310,19,5,5,8,1,1,4,342,309,16,6,4,7,1,335,301,15,5,4,6,1,2,1,0,0,2,18,332,296,31,7,0,0,1,3,0,329,296,26,7,5,8,0,0,328,299,27,0,0,0,306,267,36,11,4,3,1,1,1,7,11,2,5,5,0,0,1,0,291,264,60,8,3,3,3,0,0,1,0,5,0,3,0,1,15,1,288,252,21,2,3,1,34,35,2,1,0,1,50,365,309,13,0,3,0,0,0,1,0,345,289,13,0,0,2,0,3,6,0,1,0,1,0,33,277,375,37,7,292,40,168,194,2,1306,696,1,120,180,4,1,133,170,2,0,1264,305
2012,1,13,1,455,493,44,10,10,27,0,2,3,473,495,29,11,7,13,0,439,473,27,8,7,15,5,6,9,1,0,6,49,430,487,54,30,0,0,4,6,0,412,504,40,26,5,30,0,0,441,485,46,0,0,0,373,419,61,58,3,15,1,0,10,13,22,11,8,7,2,6,5,1,371,424,97,18,4,9,2,0,0,2,5,14,6,2,6,6,22,4,352,378,34,6,4,3,59,81,5,4,0,8,104,458,555,20,0,6,0,0,0,2,3,441,494,20,2,2,5,0,0,7,5,7,1,1,0,63,394,614,33,10,457,93,281,215,5,1366,1051,1,200,372,5,0,204,371,1,1,1249,577
2012,1,14,1,590,604,41,16,8,60,1,2,6,601,593,41,20,9,47,0,567,568,33,11,7,45,5,8,5,7,1,8,56,547,589,71,47,0,0,1,14,6,536,612,53,33,9,47,0,0,546,601,61,0,0,0,487,514,82,80,8,23,0,0,4,3,20,11,7,6,2,3,2,8,472,533,128,40,8,28,10,0,1,1,4,5,2,2,4,8,16,5,458,487,38,16,5,12,67,85,6,7,0,10,117,606,666,26,0,14,0,0,0,12,3,574,603,18,1,0,10,0,7,13,12,12,0,2,0,62,502,758,49,20,544,112,386,270,17,1781,1329,1,330,423,2,1,334,421,0,1,1622,756
2012,1,15,1,864,780,57,15,16,66,5,2,9,908,764,40,20,11,50,0,839,726,36,6,10,41,8,8,5,12,3,11,99,826,742,99,44,0,0,0,2,13,792,778,79,37,14,64,0,0,821,754,91,0,0,0,745,650,90,76,11,34,0,1,10,22,33,17,5,13,3,8,6,9,720,687,165,21,8,33,6,0,2,0,5,13,0,5,12,12,30,8,704,603,44,5,6,19,76,112,15,13,2,9,189,908,855,21,0,13,0,0,1,4,6,864,772,15,2,4,11,0,7,18,11,10,1,7,0,83,660,1098,51,9,892,129,464,319,14,2528,1818,1,451,561,1,0,463,547,3,0,2344,1013
2012,1,16,1,754,535,7,5,5,2,0,2,2,772,514,3,6,4,3,0,744,512,3,3,3,1,3,9,0,0,1,1,30,759,500,11,3,0,0,0,3,4,747,496,9,2,3,0,0,0,753,502,8,0,0,0,708,454,26,3,4,0,0,0,2,21,22,4,4,8,0,4,1,0,689,467,56,3,3,1,4,0,0,1,0,0,1,2,0,2,24,2,678,432,7,1,3,0,65,59,0,1,0,0,53,839,463,5,0,1,0,0,0,1,0,799,449,5,2,0,1,0,1,15,1,0,0,0,0,38,564,711,26,8,731,20,312,238,8,2108,1310,1,228,215,3,2,204,241,2,1,2068,448
2012,1,17,1,889,731,26,4,13,7,1,3,3,914,706,15,6,9,3,0,876,694,15,4,9,3,4,8,8,0,0,0,47,896,662,42,5,0,0,0,9,4,879,670,37,6,10,4,0,0,882,673,39,0,0,0,821,629,67,7,9,1,3,0,4,4,30,2,8,8,0,6,4,1,787,622,106,3,8,1,6,0,0,1,3,0,12,8,0,1,34,3,770,593,31,4,9,0,98,63,6,2,0,1,87,1032,609,15,0,5,0,0,0,3,4,991,586,13,1,2,2,0,5,8,3,0,1,0,0,58,724,870,65,20,769,52,366,471,21,2712,1680,1,240,317,7,2,212,349,3,2,2690,566
2012,1,18,1,486,459,21,3,7,16,0,2,5,499,447,16,3,7,13,0,477,439,15,2,6,11,3,7,1,1,0,1,28,490,430,28,7,0,0,0,3,5,478,432,21,12,7,21,0,0,480,428,25,0,0,0,447,392,41,13,7,11,2,0,5,6,20,7,2,6,0,3,1,1,433,389,64,5,4,7,5,0,1,0,3,3,3,1,0,0,24,8,424,365,15,0,2,9,46,55,1,0,1,2,71,549,427,12,0,6,0,0,0,0,4,535,411,11,1,0,4,0,4,4,2,1,0,2,0,18,467,490,38,4,453,34,265,233,14,1405,999,1,162,266,1,0,166,259,3,1,1324,429
2012,1,19,1,599,636,63,8,4,35,3,6,3,617,633,54,10,2,26,0,584,602,52,6,2,21,4,15,6,0,0,8,49,579,616,86,20,0,0,3,3,5,568,628,70,16,8,28,0,2,568,611,70,0,0,0,511,534,100,33,4,13,2,2,5,8,45,6,8,12,1,5,2,4,490,545,144,13,2,8,5,0,1,3,1,5,3,2,1,13,26,2,478,505,55,3,2,4,75,84,16,2,1,8,129,654,663,25,0,6,0,0,0,2,3,621,607,24,1,1,4,0,7,16,9,2,0,7,0,54,546,751,54,9,587,104,348,314,7,1994,1360,1,269,398,4,1,256,412,3,1,1919,672
2012,1,20,1,518,492,23,4,8,26,2,2,4,538,488,17,3,8,16,1,514,476,14,2,8,16,6,4,5,0,0,3,28,508,470,34,14,0,0,0,5,4,494,473,25,12,8,19,0,8,500,470,33,0,0,0,450,426,51,23,7,9,0,1,5,10,23,2,4,9,1,3,2,2,442,434,80,5,6,10,5,1,2,1,1,6,0,0,5,0,22,0,432,404,21,4,6,3,55,60,3,0,0,6,79,581,480,9,0,3,0,0,0,3,3,564,454,9,1,2,2,0,3,2,3,0,0,5,0,31,452,593,29,8,486,55,294,240,7,1584,1082,1,192,281,2,1,197,275,3,1,1558,476
2012,1,21,1,366,456,31,12,6,40,0,1,3,374,456,25,18,3,30,0,355,437,24,11,3,25,4,6,2,3,1,8,30,325,444,48,25,0,0,2,2,2,320,461,35,18,5,32,0,1,328,451,39,0,0,0,292,385,53,40,2,16,0,0,7,16,14,13,4,6,0,1,3,1,277,401,78,20,1,16,4,1,6,1,2,8,1,6,4,10,14,1,269,368,19,4,1,7,48,69,11,6,0,6,100,363,525,15,0,9,0,0,0,1,3,342,472,12,1,0,5,0,7,15,5,7,0,3,0,41,367,523,13,10,371,85,299,146,12,1108,913,1,217,372,2,0,218,372,1,0,1052,591
2012,1,22,1,542,510,30,9,10,17,0,4,8,560,495,25,9,7,15,0,527,483,25,3,6,12,5,14,1,2,0,3,40,531,484,44,18,0,0,0,5,2,513,493,35,19,4,15,0,1,530,484,40,0,0,0,470,438,63,23,2,12,1,0,8,6,20,4,6,9,3,2,4,2,448,434,94,12,1,12,3,0,1,1,4,9,0,1,0,8,28,1,437,412,22,5,3,6,68,54,10,0,0,3,104,603,497,10,0,5,0,0,1,4,1,564,475,8,0,4,4,0,10,13,6,2,0,2,0,39,472,603,49,9,503,58,280,285,7,1635,1133,1,200,274,9,4,187,290,7,3,1564,487
2012,1,23,1,395,410,18,5,8,6,0,2,3,396,405,16,6,8,4,0,387,400,15,4,5,4,2,2,1,1,1,0,22,389,395,25,8,0,0,0,8,5,380,395,23,10,2,6,0,0,382,395,28,0,0,0,364,368,39,10,1,2,0,0,1,4,8,3,2,5,0,2,1,0,348,365,70,4,0,1,4,0,0,0,0,2,0,2,0,1,13,1,343,355,20,4,1,0,35,32,3,0,0,0,44,428,400,6,0,5,0,0,0,5,2,410,382,6,1,1,0,0,2,4,6,2,0,0,0,27,357,423,64,6,356,40,195,253,6,1303,850,1,140,198,3,1,135,202,2,3,1257,342
2012,1,24,1,729,580,22,6,2,15,1,4,4,753,558,15,5,1,12,0,715,545,14,2,1,11,2,7,3,2,0,0,54,708,543,23,11,0,0,1,8,9,694,548,20,9,2,13,0,0,709,538,20,0,0,0,651,485,44,19,2,8,0,0,3,5,35,7,11,8,0,3,1,3,631,471,90,12,1,9,8,0,1,2,1,8,1,1,0,6,40,4,621,447,17,6,1,5,57,74,1,0,0,3,110,784,543,8,0,6,0,0,0,7,5,751,515,9,3,0,3,0,8,10,2,0,0,2,0,48,546,748,57,11,678,31,313,331,9,2049,1364,1,262,290,8,6,265,288,7,6,1974,566
2012,1,25,1,815,594,19,5,7,11,1,5,7,832,572,16,7,5,9,0,797,564,16,4,3,8,5,12,1,1,3,1,36,805,555,29,10,0,0,0,9,12,781,559,26,8,5,12,0,2,794,556,27,0,0,0,720,499,56,12,6,7,0,0,10,6,37,4,5,10,1,3,2,3,702,482,111,9,5,8,8,0,0,0,2,3,2,3,2,6,43,5,682,457,19,6,3,4,89,90,1,1,1,0,90,903,537,9,0,3,0,0,0,2,6,871,524,8,2,1,2,0,2,6,0,1,0,0,0,39,580,814,61,8,744,49,301,366,3,2448,1464,1,157,238,4,0,160,234,4,1,2383,399
2012,1,26,1,814,696,32,7,10,13,2,1,7,841,679,25,5,5,9,0,791,666,23,5,5,9,7,15,4,1,2,1,42,826,645,42,10,0,0,0,6,6,797,652,39,12,7,11,0,0,802,648,42,0,0,0,734,592,83,15,5,8,0,0,9,5,23,6,6,9,0,4,2,2,721,583,123,7,4,3,5,0,1,0,0,6,1,2,0,6,32,5,709,560,34,4,2,3,79,79,1,1,2,1,86,896,656,16,0,2,0,0,0,7,5,868,628,15,2,1,2,0,5,5,3,0,1,0,0,41,636,861,75,16,753,58,357,410,10,2402,1588,1,280,319,6,1,265,338,2,1,2321,606
2012,1,27,1,952,649,42,10,6,13,0,7,5,977,629,31,13,5,10,0,938,616,31,9,5,10,5,8,3,0,0,3,46,922,620,62,15,0,0,0,6,8,891,625,55,12,6,22,0,2,918,613,56,0,0,0,853,572,83,23,6,13,0,1,3,10,20,4,8,15,0,5,3,3,824,576,115,10,3,11,16,1,0,1,3,6,2,5,0,1,27,6,813,539,41,6,3,6,68,53,6,3,1,3,130,1009,635,24,0,5,0,0,1,4,5,972,602,23,5,0,3,0,4,9,6,1,0,2,0,53,625,977,77,12,876,69,373,365,8,2376,1694,1,316,377,9,3,328,371,4,2,2301,705
2012,1,28,1,266,186,10,5,4,0,0,1,2,272,182,8,4,4,0,0,263,178,7,4,3,0,0,2,0,0,0,0,15,260,168,11,4,0,0,0,5,5,256,169,10,3,4,2,0,0,254,165,10,0,0,0,241,150,20,5,4,2,0,0,2,3,8,2,3,3,0,0,2,0,224,153,35,4,3,2,4,0,1,0,3,0,0,0,0,3,11,0,222,142,9,3,3,1,28,24,0,0,0,0,33,285,173,6,0,0,0,0,0,3,3,272,169,5,2,2,0,0,1,3,0,1,0,0,0,14,178,270,21,6,264,16,105,84,6,744,475,1,68,88,1,0,67,89,1,0,747,157
2012,1,29,1,238,193,10,3,5,6,0,0,4,248,187,9,4,4,2,0,233,183,8,2,4,2,1,1,0,1,0,1,21,238,182,18,7,0,0,0,1,3,234,186,12,6,4,6,0,0,236,184,14,0,0,0,222,168,20,8,4,3,0,0,6,1,6,2,1,2,0,0,2,1,220,169,32,6,2,3,1,0,0,0,4,2,1,2,2,1,4,0,219,162,8,5,2,2,13,18,1,0,0,1,26,254,194,5,0,5,0,0,0,1,1,249,187,5,1,1,4,0,1,2,0,0,1,1,0,8,174,267,19,2,231,14,108,109,0,655,462,1,96,126,1,0,105,117,1,0,636,223
2012,1,30,1,493,606,64,11,4,39,3,2,2,512,600,50,15,4,35,2,480,572,48,7,2,29,5,10,12,1,0,6,53,463,584,84,40,0,0,0,3,5,455,599,67,32,4,48,0,0,462,594,72,0,0,0,414,500,84,65,2,23,0,0,2,15,22,20,16,8,1,6,6,1,403,519,131,17,1,28,5,0,1,6,5,13,1,8,3,10,19,9,391,463,54,8,0,10,54,91,7,2,1,11,127,521,667,22,0,13,0,0,0,5,3,496,601,21,1,0,7,0,5,10,15,5,0,6,0,54,467,728,25,12,506,126,375,217,8,1716,1231,1,231,444,5,3,231,447,2,4,1608,683
2012,1,31,1,359,348,12,5,3,13,0,3,2,369,340,10,3,2,10,0,354,335,9,2,2,10,5,8,2,0,1,1,13,355,326,27,6,0,0,1,6,3,347,327,19,7,5,17,0,1,355,323,21,0,0,0,320,304,37,6,2,11,0,1,3,8,15,0,6,9,0,0,0,0,310,301,55,3,4,11,0,1,0,1,4,4,1,0,0,5,8,1,303,287,15,0,2,6,41,35,2,0,0,1,45,389,341,7,0,7,0,0,0,1,0,371,329,7,1,1,6,0,1,2,2,0,1,0,0,25,292,398,45,11,341,23,228,151,3,1086,747,1,144,196,4,2,134,203,5,4,1034,346
2012,1,77,1,371,205,17,7,0,10,0,0,4,373,204,16,6,0,7,1,365,192,16,5,0,6,2,2,0,1,0,1,20,350,187,22,16,0,0,2,9,4,349,198,16,10,0,14,0,0,347,197,22,0,0,0,313,177,23,18,0,4,0,0,2,1,13,1,4,4,4,0,3,1,285,178,36,8,1,5,0,0,2,1,2,1,0,1,1,4,44,1,279,168,14,4,0,2,65,15,5,4,0,2,42,381,210,13,0,2,0,0,0,6,0,372,192,12,0,0,1,0,0,2,3,3,0,2,0,20,274,311,18,11,264,46,144,158,2,0,539,1,80,190,7,0,45,228,4,0,0,277
2012,1,78,1,154,173,5,0,1,3,0,5,4,160,152,6,4,1,1,0,147,156,4,0,0,1,0,1,0,0,0,1,27,62,55,2,2,0,0,0,1,21,67,65,2,1,1,3,0,0,65,66,2,0,0,0,58,51,3,4,0,1,0,0,1,2,4,0,1,1,0,1,0,0,51,52,6,2,0,1,0,0,1,1,2,5,1,0,0,1,4,0,50,48,1,0,0,1,10,5,0,0,0,0,30,75,71,0,0,1,0,0,0,0,0,65,68,0,0,0,0,0,0,1,0,0,0,0,0,14,157,169,20,0,139,17,88,102,0,0,346,1,100,144,4,3,62,180,5,4,0,251
2012,1,79,1,0,0,2,0,0,0,0,0,0,2,0,0,0,0,0,0,0,0,0,0,0,0,2,0,0,0,0,0,0,3,0,0,0,0,0,0,0,0,3,0,0,0,0,0,0,0,3,0,0,0,0,0,2,0,0,0,0,0,0,0,0,0,1,0,0,0,0,0,0,0,0,0,2,0,0,0,0,0,0,0,1,0,0,0,0,0,0,0,0,0,0,0,0,0,3,0,0,0,0,0,0,0,0,0,0,0,0,0,0,1,1,0,0,0,0,0,0,0,0,0,0,0,0,0,0,0,1,0,2,0,0,0,1,2,0,0,5,,,,,,,,,,,
2012,1,80,1,0,0,0,0,0,0,0,0,0,0,0,0,0,0,0,0,0,0,0,0,0,0,0,0,0,0,0,0,0,2,0,0,0,0,0,0,0,0,2,0,0,0,0,0,0,0,2,0,0,0,0,0,1,0,0,0,1,0,0,0,0,0,0,0,0,0,0,0,0,0,2,9,0,0,0,0,0,0,0,0,0,0,0,0,0,0,0,0,1,0,0,0,0,0,1,0,0,0,0,0,0,0,0,0,0,0,0,0,0,0,0,0,0,0,0,0,0,0,0,0,0,0,0,0,0,0,1,0,0,0,0,0,0,0,1,0,1,,,,,,,,,,,
2012,2,1,1,390,436,29,6,9,17,0,2,2,402,437,24,4,9,10,1,383,421,22,3,8,9,3,5,5,2,0,3,24,356,428,43,7,0,17,0,6,3,360,422,45,7,13,18,0,0,360,424,44,0,0,0,344,403,58,15,10,12,0,0,6,0,0,1,0,0,1,2,2,1,319,362,93,9,9,11,4,0,0,7,0,1,14,17,0,0,0,0,313,359,35,1,7,8,34,54,5,3,0,2,62,417,448,18,0,6,0,0,0,0,0,402,423,18,0,2,4,0,4,6,4,2,0,1,0,25,408,455,26,3,365,54,243,228,2,1199,892,1,184,288,1,1,182,288,3,1,1151,474
2012,2,2,1,161,216,17,2,2,16,1,0,1,169,212,16,5,2,11,0,161,207,15,2,2,10,0,4,1,0,0,4,10,151,210,19,9,0,14,0,0,5,156,202,19,19,2,15,0,0,153,203,28,0,0,0,145,181,29,22,1,8,0,0,3,2,1,2,0,0,0,7,1,1,140,161,49,6,1,11,0,0,0,6,1,1,3,18,0,0,0,2,135,159,14,1,1,4,14,34,2,3,0,3,42,167,236,11,0,1,0,0,0,0,1,162,220,11,2,0,1,0,5,0,3,0,0,1,0,11,175,232,5,5,169,41,125,76,6,498,317,1,106,168,1,1,109,166,1,0,462,276
2012,2,3,1,559,481,14,5,7,4,0,4,10,574,467,11,3,6,3,0,550,457,11,4,5,3,4,7,0,0,1,1,27,558,450,24,4,0,4,1,8,8,555,447,26,4,5,5,0,1,553,447,22,0,0,0,528,428,38,4,6,3,0,0,4,6,1,1,3,1,1,2,1,1,490,394,81,3,4,3,6,1,0,4,0,1,16,13,1,0,1,3,490,388,19,2,4,2,49,51,2,0,0,1,63,639,422,12,0,1,0,0,0,2,6,610,409,11,1,1,1,0,3,8,0,0,0,0,0,33,481,561,35,7,500,33,239,305,7,1837,1084,1,124,159,2,1,124,161,0,1,1815,286
2012,2,4,1,530,440,45,8,4,24,0,3,7,558,424,32,12,2,20,0,522,413,30,8,1,19,5,8,4,0,1,2,38,515,432,52,10,0,17,0,5,5,521,432,50,12,9,25,0,0,513,422,50,0,0,0,492,393,76,17,7,12,2,0,6,0,1,2,1,2,3,6,2,4,449,363,115,12,6,15,4,0,0,4,2,0,21,17,1,1,0,4,447,358,40,5,5,10,52,54,5,2,0,5,69,584,443,21,0,5,0,0,1,3,4,569,420,21,1,0,4,0,1,3,5,2,0,5,0,25,454,571,33,5,539,61,256,201,6,1435,1062,1,232,294,0,1,240,283,3,1,1371,527
2012,2,5,1,900,1025,110,25,13,75,0,1,8,964,1010,79,35,10,47,0,890,964,73,23,9,37,9,19,16,4,1,18,93,846,1000,118,48,0,79,0,6,14,870,1042,100,55,15,78,0,0,845,997,114,0,0,0,781,820,152,158,12,31,1,0,15,13,5,11,9,9,6,25,9,29,710,745,238,64,5,33,9,0,5,33,13,16,29,120,9,4,5,37,692,701,64,19,4,11,112,223,17,11,0,20,270,919,1173,42,0,18,0,0,0,0,3,879,1078,42,5,2,9,0,15,32,19,11,0,5,0,65,790,1336,23,16,934,226,688,301,16,2593,2165,1,512,818,4,0,515,812,6,1,2369,1334
2012,2,6,1,508,692,67,14,7,40,1,0,6,534,668,60,19,10,29,0,499,640,53,9,7,26,5,8,4,2,0,6,70,500,657,76,14,0,33,1,3,10,507,656,67,24,14,39,0,0,498,659,80,0,0,0,476,582,109,45,7,21,0,1,13,3,0,3,2,1,1,4,6,9,436,532,171,24,5,23,9,0,1,16,2,1,25,16,2,1,1,22,431,520,59,2,2,16,53,102,5,4,3,12,119,584,694,35,0,10,0,0,0,2,3,548,641,30,1,3,6,0,3,13,8,4,1,7,0,65,552,732,32,19,517,123,431,252,12,1760,1336,1,265,457,2,1,245,478,1,1,1684,725
2012,2,7,1,557,601,52,16,7,32,1,3,6,575,601,41,20,8,16,2,545,581,40,11,4,15,3,8,8,3,2,7,41,530,579,63,15,0,26,2,9,11,533,588,55,26,3,23,0,1,530,587,58,0,0,0,513,533,79,40,2,13,0,2,2,3,1,4,2,0,1,10,2,6,477,502,126,18,2,14,8,0,3,7,1,3,16,22,1,0,1,7,474,491,42,7,2,5,47,82,7,2,0,6,91,592,639,26,0,6,0,0,0,5,4,570,590,24,2,0,5,0,6,10,5,6,0,3,0,48,527,705,33,13,549,80,363,273,13,1713,1278,1,283,365,1,0,286,363,0,2,1630,651
2012,2,8,1,862,1345,91,24,14,76,1,2,6,903,1330,77,31,10,57,1,847,1289,73,20,9,48,7,18,9,4,3,14,74,790,1350,111,43,0,63,1,9,9,804,1344,112,59,14,69,0,4,781,1335,101,0,0,0,737,1162,159,113,10,40,0,0,18,10,5,12,6,6,4,16,18,37,672,1069,250,45,7,53,5,1,7,28,6,14,37,119,1,3,2,40,656,1042,78,14,3,23,113,324,13,15,2,13,209,903,1441,46,0,22,0,0,0,5,2,851,1344,45,2,1,15,0,11,16,20,10,2,11,0,88,1128,1250,29,15,895,213,838,465,11,3055,2423,1,483,1071,6,4,503,1054,3,4,2846,1564
2012,2,9,1,660,605,32,7,1,30,0,2,6,674,600,27,7,1,22,0,650,581,24,4,1,18,4,10,2,0,0,4,42,639,582,45,9,0,25,0,6,5,631,585,45,17,7,29,0,0,627,577,49,0,0,0,606,536,72,18,1,17,0,1,4,5,2,3,3,7,3,6,7,4,562,475,136,9,0,17,5,0,1,16,4,2,19,26,0,0,2,4,555,467,36,5,0,11,59,90,2,2,1,4,104,693,625,17,0,7,0,0,0,3,1,667,589,16,1,0,7,0,3,9,6,1,0,0,0,45,534,770,36,8,636,77,348,282,5,1918,1348,1,274,322,2,0,266,330,2,0,1885,598
2012,2,10,1,170,327,31,15,4,36,0,0,0,178,325,29,16,5,28,0,167,310,27,9,4,27,0,6,3,3,0,4,24,162,325,31,20,0,28,1,1,0,165,327,34,35,3,30,0,0,162,323,41,0,0,0,155,267,46,51,2,20,0,0,3,1,0,3,5,0,1,7,2,9,148,248,61,20,2,23,3,0,0,10,2,2,8,34,0,0,0,6,146,240,24,8,1,9,10,53,6,4,1,8,73,182,373,15,0,10,0,0,0,2,1,173,341,15,1,0,4,0,1,5,2,7,2,9,0,21,241,326,15,2,167,98,203,108,8,732,584,1,99,270,4,0,94,277,1,1,668,373
2012,2,11,1,399,1419,14,6,5,6,1,6,3,412,1407,10,6,4,4,0,388,1396,8,6,4,4,2,8,4,0,0,0,30,375,1422,18,5,0,4,1,7,5,383,1403,22,4,6,5,0,0,369,1403,24,0,0,0,359,1359,34,6,4,3,0,0,8,3,1,3,2,0,1,8,4,6,336,1322,63,3,4,3,0,0,1,12,1,1,21,38,1,2,2,4,319,1301,16,3,3,2,53,82,0,0,1,1,63,438,1396,5,0,1,0,0,0,6,6,416,1386,5,3,2,1,0,3,13,3,1,0,0,0,13,1302,477,71,9,403,34,517,901,4,2390,1859,1,171,719,5,10,163,725,4,13,2299,905
2012,2,12,1,276,420,17,4,1,4,0,3,4,286,413,12,3,1,4,0,269,408,11,2,0,4,1,8,1,0,1,0,17,270,423,13,3,0,5,0,1,5,274,416,13,5,0,3,0,0,268,418,14,0,0,0,262,395,31,5,0,3,0,0,3,1,0,0,0,0,0,2,2,2,240,368,52,3,1,3,3,0,2,4,0,1,7,12,0,0,0,1,238,364,12,1,0,2,27,45,0,2,0,1,31,323,390,5,0,2,0,0,0,1,6,300,382,5,0,0,2,0,1,7,3,1,0,0,0,21,380,306,37,6,265,20,189,253,2,1036,729,1,93,197,4,0,87,203,0,4,1030,294
2012,2,13,1,492,601,25,3,2,7,2,6,4,511,581,21,6,3,3,0,485,573,20,2,2,4,6,10,1,1,0,1,28,463,609,21,6,0,14,0,3,5,475,598,23,6,3,10,0,0,466,598,23,0,0,0,445,555,55,13,2,6,0,0,4,5,0,6,2,0,2,4,4,2,424,517,75,7,0,7,3,0,2,5,0,2,9,22,1,0,0,7,418,510,20,2,0,3,39,74,1,0,0,0,68,537,572,10,0,1,0,0,0,3,9,509,570,10,0,1,1,0,3,4,4,1,0,2,0,26,539,534,57,13,451,35,292,348,17,1582,1143,1,194,309,4,1,189,313,5,1,1535,508
2012,2,14,1,406,547,11,3,6,4,0,3,3,412,541,9,2,5,3,0,399,536,9,2,4,2,2,2,0,1,1,0,14,399,533,10,6,0,2,0,9,5,403,526,15,2,4,3,0,1,395,526,14,0,0,0,378,501,36,1,4,1,0,0,7,3,1,2,1,0,0,2,1,1,367,479,51,1,2,1,5,0,1,3,0,0,16,11,0,0,0,5,356,476,9,1,2,1,34,43,1,1,2,0,38,452,518,8,0,1,0,0,0,3,2,435,509,6,0,0,1,0,3,8,0,0,0,1,0,17,518,419,44,3,389,24,191,377,3,1424,984,1,155,290,1,2,145,298,2,3,1418,448
2012,2,15,1,565,635,54,6,6,31,1,1,9,588,621,45,9,8,18,0,545,602,45,4,6,17,5,7,4,2,0,7,56,558,619,54,9,0,20,1,3,5,554,626,50,15,8,21,0,0,549,619,58,0,0,0,523,553,87,21,6,16,1,0,9,10,0,4,3,3,1,16,4,2,479,517,121,10,1,13,9,0,2,17,1,7,21,32,1,0,3,16,474,494,44,6,1,7,52,101,3,0,0,7,113,614,649,28,0,4,0,0,0,4,5,567,613,26,2,2,3,0,6,15,7,0,0,6,0,54,570,684,44,8,569,81,385,261,10,1771,1310,1,270,413,2,1,266,415,3,2,1700,686
2012,2,16,1,713,878,71,29,7,41,0,5,3,745,871,55,27,8,31,0,701,844,51,21,7,25,2,10,13,7,0,9,52,674,889,60,32,0,35,0,6,1,691,889,56,44,11,41,0,0,675,883,67,0,0,0,632,743,90,87,7,23,2,0,16,12,3,10,6,5,3,14,7,26,588,677,140,38,5,22,8,0,8,37,7,8,24,88,2,4,0,22,577,646,38,10,3,7,79,196,12,16,2,5,153,719,980,35,0,5,0,0,0,4,1,689,888,33,3,2,2,0,14,31,8,12,1,6,0,57,698,991,52,10,729,136,583,294,9,2209,1751,1,430,669,3,5,431,674,4,4,1933,1110
2012,2,17,1,487,720,62,16,8,45,0,7,2,511,710,50,18,6,44,0,484,685,43,11,4,36,2,11,13,4,2,6,40,470,701,60,26,0,49,0,8,7,481,704,63,38,8,52,0,0,466,690,69,0,0,0,437,602,96,79,5,26,0,0,5,3,3,3,4,3,1,15,6,14,411,540,162,41,3,25,3,0,0,21,4,6,20,42,0,0,2,19,402,534,43,13,1,15,54,122,15,3,1,14,121,531,774,27,0,14,0,0,1,2,2,504,705,23,2,1,11,0,8,16,17,7,0,8,7,47,539,776,24,13,534,134,467,203,14,1737,1353,1,298,536,2,1,302,530,4,1,1633,837
2012,2,18,1,666,809,54,18,5,36,3,0,6,698,792,41,19,5,20,1,652,762,38,12,4,19,2,14,5,5,2,5,72,634,783,58,25,0,24,2,3,6,644,792,56,29,4,20,0,1,637,784,58,0,0,0,607,710,96,34,5,19,2,1,6,2,2,1,1,4,1,10,4,10,560,632,157,26,3,20,7,1,1,9,1,1,26,42,1,0,0,15,553,630,44,11,2,8,69,128,3,9,0,8,115,726,826,29,0,7,0,0,1,0,5,686,770,28,2,1,5,0,4,18,8,6,0,7,0,57,691,850,46,11,687,95,494,315,7,2049,1597,1,313,506,2,2,321,500,1,1,1953,823
2012,2,19,1,177,277,45,8,2,54,0,1,1,203,265,34,12,3,45,0,172,248,29,4,1,37,2,10,7,4,0,10,42,159,269,37,10,0,53,0,5,2,161,287,46,32,7,51,0,0,166,263,53,0,0,0,144,215,65,49,5,23,1,0,0,8,0,5,5,4,1,3,5,9,126,183,107,14,1,29,8,0,2,12,1,1,8,27,1,0,1,16,120,177,30,3,1,14,35,63,5,2,1,18,92,186,321,25,0,13,0,0,1,2,1,173,277,23,1,0,11,0,4,4,8,1,0,10,0,53,201,348,9,10,198,104,188,71,7,771,568,1,94,216,1,0,98,212,0,1,700,311
2012,2,20,1,287,1015,13,7,6,10,0,1,4,305,1009,11,5,2,3,0,285,997,10,4,2,3,2,6,1,1,1,3,27,272,1019,12,3,0,9,1,3,2,280,1011,12,5,4,12,0,0,273,1006,15,0,0,0,259,981,22,7,3,8,0,0,7,4,1,2,1,0,1,7,4,6,243,960,44,2,3,6,5,0,0,8,0,1,9,20,1,0,0,6,243,950,9,1,3,3,23,47,3,1,0,2,58,328,1001,5,0,2,0,0,1,4,3,311,993,5,1,1,0,0,5,8,2,1,0,0,0,14,923,370,49,6,309,32,292,705,10,1788,1348,1,154,663,2,3,155,660,4,3,1714,822
2012,2,21,1,545,707,19,10,4,10,0,1,9,562,693,16,9,3,7,0,536,686,14,7,3,6,6,5,1,1,1,1,29,513,708,26,7,0,10,7,3,6,531,681,26,11,9,7,0,0,524,683,27,0,0,0,506,640,58,8,1,10,2,0,4,3,2,2,2,1,1,7,3,2,477,605,98,4,1,8,7,0,4,5,2,1,12,16,1,2,1,5,466,595,18,2,0,5,46,72,3,3,0,3,85,613,661,13,0,8,0,0,0,3,5,581,650,13,0,0,6,0,4,9,0,1,0,0,0,35,657,584,63,8,508,27,302,463,12,1782,1312,1,211,391,4,1,216,389,1,1,1734,607
2012,2,22,1,386,314,8,3,3,1,0,1,2,390,307,6,2,3,1,0,380,304,6,1,2,1,1,3,0,1,0,0,17,372,305,7,4,0,3,0,0,4,376,302,7,3,2,2,0,0,371,301,6,0,0,0,363,295,19,3,5,3,0,0,0,3,1,0,1,1,2,1,2,0,347,280,37,3,1,2,1,0,1,2,0,1,8,7,2,0,0,0,343,276,6,3,1,2,27,22,0,0,0,0,37,427,279,3,0,2,0,0,0,1,2,412,272,3,1,0,2,0,2,5,1,0,0,0,0,17,332,358,27,2,355,16,152,195,1,1173,720,1,81,129,3,0,87,125,1,0,1159,213
2012,2,23,1,358,284,13,0,2,5,0,1,3,366,274,9,2,2,4,0,354,270,9,0,2,4,2,4,1,0,0,0,19,356,268,13,0,0,5,0,3,2,354,264,13,1,3,3,0,0,354,262,12,0,0,0,349,245,22,1,1,3,1,0,6,4,1,1,0,1,1,0,1,0,342,236,27,0,2,3,0,0,0,5,0,0,6,12,0,0,1,0,327,233,11,0,1,3,21,23,1,0,1,1,43,409,241,6,0,5,0,0,0,1,1,386,235,5,0,3,5,0,3,5,1,0,1,0,0,23,287,338,40,5,331,14,134,188,3,1108,669,1,96,113,1,0,85,125,0,0,1095,210
2012,2,24,1,179,227,5,7,4,7,0,2,1,182,224,5,8,3,5,0,178,223,4,6,3,5,0,2,1,0,0,1,6,178,220,5,7,0,7,0,3,4,179,218,6,13,3,3,0,0,178,215,8,0,0,0,167,203,13,12,4,1,0,0,2,1,0,0,0,2,0,4,1,2,154,184,24,6,2,2,2,0,1,9,0,0,7,13,0,4,0,3,151,178,3,4,1,0,23,35,0,2,2,2,25,201,223,1,0,4,0,0,0,1,1,191,214,1,2,0,2,0,3,3,0,1,2,1,0,11,201,214,15,2,182,18,97,132,3,546,432,1,74,155,1,0,72,158,0,0,517,230
2012,2,25,1,545,836,85,46,7,108,3,0,8,567,857,61,53,4,82,2,529,790,52,36,4,71,12,13,21,14,0,15,76,494,820,105,77,0,89,0,2,2,510,854,96,96,5,92,0,1,491,819,113,0,0,0,458,675,117,311,9,39,2,0,6,8,0,3,6,4,2,13,8,27,424,614,188,88,5,60,6,1,3,32,5,8,22,75,7,1,0,47,417,577,61,29,2,19,60,180,17,24,2,29,217,538,1040,36,0,15,0,0,1,2,2,515,896,31,4,1,11,0,7,24,18,23,1,14,0,92,663,948,19,11,576,250,586,216,13,2024,1641,1,356,793,3,1,364,786,2,1,1867,1153
2012,2,26,1,367,376,25,9,5,22,0,1,3,386,374,18,6,5,17,0,362,354,18,4,4,15,4,5,4,4,0,3,22,360,356,24,15,0,22,0,4,5,358,363,26,18,3,21,0,1,357,361,28,0,0,0,344,321,41,38,2,12,0,0,4,4,1,0,1,0,3,0,4,6,308,292,72,20,2,15,3,0,5,9,3,0,16,18,1,0,1,9,305,283,18,4,0,7,45,58,3,3,2,3,71,385,390,13,0,4,0,0,0,2,5,377,361,13,2,0,2,0,5,6,1,2,1,3,0,31,299,468,35,9,366,55,206,178,6,1093,811,1,211,253,4,2,202,264,2,2,1006,470
2012,2,27,1,927,951,41,8,9,34,2,2,7,951,925,33,13,7,19,2,902,903,31,5,6,17,9,15,4,0,2,6,77,892,919,61,3,0,24,0,8,14,910,893,63,12,11,22,0,0,905,907,67,0,0,0,886,838,96,11,5,22,0,0,2,5,0,2,0,2,5,6,5,7,806,795,164,6,7,14,5,0,0,6,1,1,35,29,3,1,1,4,796,779,52,2,3,7,88,107,6,0,1,8,115,1030,891,23,0,18,0,0,0,2,9,984,862,21,2,5,14,0,4,7,6,0,0,5,0,63,873,1018,83,11,851,87,468,565,14,2923,1986,1,349,462,5,5,330,483,3,5,2859,821
2012,2,28,1,526,837,59,15,7,30,0,1,3,546,825,54,16,7,22,0,523,802,49,11,6,19,3,7,3,3,1,2,45,506,844,56,18,0,25,1,5,6,528,827,60,24,6,23,0,0,519,828,61,0,0,0,497,737,113,45,4,14,0,1,8,5,2,3,0,3,0,6,3,4,459,688,167,22,3,12,6,0,0,11,1,4,14,32,1,1,1,8,444,677,46,9,1,8,64,113,5,6,2,7,102,582,835,35,0,15,0,0,0,0,2,558,806,31,5,1,8,0,8,13,4,4,1,6,0,48,727,727,34,7,536,99,450,403,7,1910,1496,1,260,555,3,2,243,572,3,2,1840,820
2012,2,29,1,570,534,25,2,2,22,0,0,4,582,526,18,3,1,19,0,559,517,17,1,1,17,5,8,4,1,0,2,23,553,519,20,3,0,26,0,6,6,552,512,23,7,4,22,0,0,555,513,22,0,0,0,533,485,43,10,1,22,2,1,3,1,0,0,2,1,1,3,6,0,499,463,65,5,1,18,10,0,3,1,0,1,24,18,1,0,1,4,496,456,16,1,1,14,46,49,3,0,0,3,60,613,489,6,0,42,0,0,0,2,4,582,477,6,1,0,22,0,9,16,3,0,0,4,0,33,534,564,45,14,499,46,265,337,10,1858,1159,1,173,258,4,1,154,277,4,1,1844,436
2012,2,30,1,627,854,75,51,9,99,0,3,7,673,853,58,47,5,74,0,616,799,51,34,4,60,4,10,17,13,1,30,363,612,838,78,59,0,87,1,6,6,610,862,76,89,9,87,0,1,603,851,88,0,0,0,567,709,119,154,2,46,2,0,6,7,1,8,8,6,3,12,10,19,516,653,191,65,2,50,6,0,2,29,4,4,24,78,0,2,0,45,504,624,53,27,0,16,77,152,19,13,0,33,198,651,1016,29,0,16,0,0,0,4,6,624,882,28,4,1,12,0,11,23,18,19,0,19,0,77,676,1019,19,14,666,207,607,235,13,2088,1728,1,400,680,4,2,407,677,1,1,1899,1086
2012,2,31,1,391,470,24,6,7,13,0,0,2,407,468,18,7,6,7,0,382,455,17,5,6,6,3,4,3,1,0,4,32,377,471,27,3,0,10,0,3,2,383,470,22,9,7,10,0,0,379,463,27,0,0,0,364,414,56,12,4,7,0,0,1,2,0,3,2,2,0,5,4,8,335,390,88,5,4,11,4,0,1,10,0,1,7,12,1,1,1,6,330,383,16,0,4,6,35,66,6,2,1,1,66,425,475,8,0,2,0,0,1,4,2,408,447,9,0,2,0,0,1,11,11,1,1,2,0,21,399,484,26,12,408,51,265,192,5,1264,921,1,185,278,1,3,182,284,1,0,1230,467
2012,2,32,1,481,531,51,7,5,31,3,1,6,499,524,44,9,3,23,1,466,503,38,5,2,22,2,15,11,1,2,5,37,454,531,57,6,0,28,0,6,8,459,528,55,18,9,25,0,0,449,526,55,0,0,0,430,469,83,27,5,17,3,0,7,5,1,4,1,1,4,12,7,3,391,442,122,12,4,17,9,0,0,12,1,3,13,28,3,1,1,12,385,433,39,3,2,8,51,79,7,3,2,5,87,513,564,26,0,4,0,0,2,4,2,481,531,23,0,0,6,0,6,11,10,2,0,1,0,41,466,626,24,2,486,83,324,223,2,1500,1118,1,214,343,2,1,212,346,2,0,1465,560
2012,2,77,1,273,208,14,7,1,15,0,3,1,278,204,14,7,2,9,0,267,199,11,6,1,9,2,1,0,2,0,5,16,258,193,22,6,0,11,0,10,1,258,199,18,10,2,14,0,0,258,195,23,0,0,0,248,187,23,8,2,8,0,0,2,1,2,1,1,1,1,1,2,4,218,172,35,5,2,9,0,0,1,4,0,0,24,13,3,0,1,2,216,171,15,2,2,6,38,16,2,3,0,1,31,231,200,11,0,7,0,0,0,4,0,223,186,10,0,0,6,0,2,4,1,5,0,2,0,12,238,264,20,2,201,41,157,121,4,0,523,1,59,127,0,1,31,154,0,2,0,187
2012,2,78,1,129,128,4,3,1,4,0,0,1,129,125,2,4,1,4,0,122,122,2,3,1,4,1,3,0,0,0,0,11,43,39,3,1,0,0,0,2,14,54,45,2,1,1,0,0,0,52,47,3,0,0,0,42,33,6,2,0,0,0,0,0,1,0,0,0,1,0,1,2,0,37,32,9,1,0,0,1,0,0,0,0,0,3,3,0,0,0,2,37,31,2,0,0,0,4,6,0,1,0,0,29,59,51,0,0,0,0,0,0,0,18,55,46,0,0,0,0,0,1,1,0,0,0,0,0,6,124,130,16,0,110,17,69,71,3,0,270,1,65,111,2,2,44,133,3,0,0,180
2012,2,79,1,0,1,0,0,0,0,0,0,1,0,1,0,0,0,0,0,0,1,0,0,0,0,0,0,0,0,0,0,0,0,1,0,0,0,0,0,0,0,0,1,0,0,0,0,0,0,0,1,0,0,0,0,0,0,0,0,0,0,0,0,0,0,0,0,0,0,0,0,0,0,0,0,0,0,0,0,0,0,0,0,0,0,0,1,0,0,0,0,0,0,0,0,0,0,0,1,0,0,0,0,0,0,0,0,0,0,0,0,0,0,0,0,0,0,0,0,0,0,0,0,0,0,0,0,0,1,1,0,0,0,0,0,0,0,1,0,2,,,,,,,,,,,
2012,2,80,1,0,0,0,0,0,0,0,0,1,0,0,0,0,0,0,0,0,0,0,0,0,0,0,0,0,0,0,0,0,1,0,1,0,0,0,0,0,0,1,0,1,0,0,0,0,0,1,0,1,0,0,0,1,0,1,0,0,0,0,0,0,0,0,0,0,0,0,0,0,0,1,0,1,0,0,0,0,0,0,0,0,0,0,0,0,0,0,0,1,0,1,0,0,0,0,0,0,0,0,0,0,0,0,0,0,0,0,0,0,0,0,0,0,0,0,0,0,0,0,0,0,0,0,0,0,0,0,0,0,0,0,0,0,0,0,0,1,,,,,,,,,,,
2012,3,1,1,551,615,21,5,4,9,1,1,3,565,594,17,5,8,6,0,537,586,16,4,3,5,4,8,3,0,1,1,38,550,606,28,0,0,4,0,2,5,534,593,27,7,6,9,0,0,537,586,27,0,0,0,501,548,54,6,2,6,0,0,4,9,3,2,13,4,2,4,0,7,498,528,79,4,3,3,6,0,0,4,2,2,0,1,4,25,0,0,480,514,23,4,1,2,43,64,0,0,0,1,71,608,578,15,0,2,0,0,0,2,1,583,566,13,1,0,1,0,2,10,1,1,0,0,0,28,557,597,50,5,530,31,296,342,10,1668,1207,1,228,310,3,2,216,320,6,1,1621,543
2012,3,2,1,438,279,7,1,4,8,0,1,3,445,270,8,1,4,4,0,432,268,6,1,3,3,1,4,0,0,0,2,18,453,268,10,0,0,6,0,2,2,442,266,12,1,1,5,0,0,440,267,13,0,0,0,407,251,26,2,1,5,0,0,2,4,2,1,18,2,4,1,0,1,418,246,34,1,1,2,2,0,0,1,0,5,4,1,0,6,0,0,402,242,8,0,1,2,31,21,3,1,0,3,25,475,255,7,0,0,0,0,0,2,3,465,246,5,0,0,0,0,1,3,2,1,0,0,0,13,288,422,32,3,395,22,128,199,1,1297,742,1,82,115,0,0,83,114,0,0,1268,197
2012,3,3,1,748,812,48,11,9,19,3,5,5,773,792,37,12,11,13,1,738,779,36,9,8,11,4,9,1,2,1,2,51,756,782,49,0,0,16,0,7,9,723,781,52,12,11,20,0,2,733,773,51,0,0,0,674,702,81,21,10,9,1,0,4,16,8,2,25,4,9,3,0,18,681,673,142,11,7,6,13,0,4,3,0,6,9,1,1,34,0,2,646,648,40,6,6,4,60,107,8,2,1,3,114,815,794,23,0,7,0,0,0,5,6,765,762,23,6,2,7,0,4,12,3,2,1,1,0,63,747,851,52,11,735,72,459,387,8,2214,1661,1,332,470,1,1,330,469,3,2,2131,804
2012,3,4,1,702,1018,79,25,11,66,2,1,4,756,1007,57,31,6,42,0,695,966,49,22,6,36,8,16,20,2,2,11,71,676,1003,97,0,0,53,4,4,5,654,1015,85,53,18,63,0,0,681,995,100,0,0,0,588,862,139,118,8,26,1,0,3,20,6,12,34,10,12,5,3,14,585,840,223,42,8,37,16,0,1,2,2,19,2,7,1,55,9,6,543,792,61,17,5,17,94,154,13,8,2,12,183,757,1082,39,0,14,0,0,0,4,3,729,1000,35,9,3,8,0,11,19,12,6,1,8,0,62,819,1060,22,9,736,187,695,277,15,2320,1911,1,378,773,1,0,376,775,1,0,2167,1152
2012,3,5,1,485,430,22,13,4,21,1,4,5,500,415,21,13,6,13,0,474,397,17,11,4,9,1,5,4,0,1,6,49,492,404,35,0,0,13,2,4,5,461,406,38,23,5,21,0,0,466,399,34,0,0,0,415,346,67,24,5,8,1,0,1,7,7,1,32,3,5,2,0,8,425,328,113,14,4,7,5,0,4,3,0,4,3,3,1,16,1,4,393,318,29,9,2,4,56,59,3,1,2,2,78,548,416,12,0,3,0,0,0,1,2,508,373,11,2,1,3,0,6,13,1,4,0,1,0,57,379,576,24,8,498,45,241,196,7,1561,987,1,157,198,2,1,144,213,0,1,1471,358
2012,3,6,1,704,744,41,10,6,14,0,2,6,732,720,36,10,7,9,0,691,710,34,7,4,9,4,8,3,2,1,3,48,682,728,51,0,0,12,0,4,9,671,724,52,14,7,12,0,0,677,718,48,0,0,0,610,643,86,19,4,10,0,0,4,10,6,9,27,7,7,2,2,13,621,620,130,9,3,12,11,1,0,5,1,6,0,10,0,22,3,0,584,598,44,3,3,6,75,97,2,4,0,1,101,751,742,20,0,3,0,0,0,2,3,714,700,27,4,1,2,0,9,14,6,3,2,2,0,44,694,775,49,14,675,66,430,354,7,2007,1532,1,295,442,5,3,303,436,3,3,1923,745
2012,3,7,1,1081,1571,139,41,16,105,2,2,5,1161,1554,103,48,11,69,2,1069,1506,89,31,10,62,8,18,26,10,2,16,112,1056,1600,132,0,0,88,4,4,13,1016,1585,129,81,13,91,0,3,1058,1558,153,0,0,0,906,1338,233,145,6,47,1,1,5,44,19,19,50,8,11,15,4,26,912,1321,314,56,4,47,20,2,4,11,2,41,7,9,6,87,7,3,857,1227,90,15,2,22,127,257,24,17,3,19,289,1198,1677,60,0,12,0,0,2,5,6,1132,1548,55,3,2,12,0,10,32,24,12,1,6,0,121,1253,1654,49,10,1152,288,1083,425,18,3550,2966,1,575,1185,5,2,599,1164,3,1,3345,1767
2012,3,8,1,806,1015,49,17,11,17,4,6,5,838,988,46,15,12,12,1,797,977,44,11,10,12,6,10,6,1,1,1,43,794,988,69,0,0,18,1,8,6,763,983,69,19,11,22,0,0,785,982,68,0,0,0,711,902,96,26,7,15,2,0,1,20,12,6,26,7,20,4,1,8,733,863,136,12,6,14,14,0,2,6,3,20,1,3,2,35,4,0,676,843,53,4,4,10,80,104,6,4,1,2,132,883,992,31,0,7,0,0,1,7,4,850,952,30,1,3,5,0,8,8,5,1,0,1,0,59,916,954,53,11,817,80,579,447,11,2635,1933,1,342,522,6,5,344,523,2,6,2482,875
2012,3,9,1,238,229,12,1,6,8,0,2,1,241,230,7,2,4,7,0,231,220,6,1,2,7,3,2,3,0,1,1,17,225,229,11,0,0,9,0,2,2,222,224,9,9,4,10,0,0,217,219,12,0,0,0,197,202,25,5,6,6,0,0,1,3,5,1,7,0,2,1,1,1,199,183,38,4,4,7,10,0,0,1,0,2,1,3,0,7,1,1,188,182,8,1,4,2,25,29,2,0,0,5,46,258,222,6,0,2,0,0,0,3,2,245,206,5,0,2,2,0,5,5,4,1,0,2,0,13,213,269,10,4,224,26,139,104,3,694,498,1,115,130,2,0,108,139,0,0,667,247
2012,3,10,1,554,521,25,7,4,16,2,1,7,582,509,17,7,2,10,0,550,501,16,5,2,9,5,11,1,0,0,6,23,559,512,27,0,0,10,2,4,6,539,515,23,8,5,14,0,0,544,511,30,0,0,0,496,460,58,19,3,8,1,0,1,8,8,4,19,1,4,3,0,5,493,462,85,7,2,5,9,0,1,0,3,8,2,3,5,8,1,0,475,442,18,1,0,3,55,56,0,3,0,5,69,583,537,7,0,2,0,0,0,2,1,569,513,7,2,0,1,0,6,6,2,1,0,3,0,21,481,627,25,4,526,36,332,239,4,1453,1077,1,289,321,1,3,287,321,2,4,1386,614
2012,3,11,1,416,387,30,7,4,11,0,2,1,427,381,25,8,4,9,0,408,371,23,4,4,7,1,7,2,2,0,1,26,412,375,31,0,0,10,2,4,0,403,376,27,10,5,9,0,0,408,377,27,0,0,0,382,346,38,11,1,9,0,0,2,3,9,3,9,3,4,0,0,5,377,334,67,6,1,5,6,0,1,3,3,10,0,1,1,10,3,0,361,327,21,4,1,5,39,41,2,1,0,2,53,451,385,17,0,4,0,0,0,2,0,436,370,14,1,1,4,0,1,6,3,0,0,0,0,24,362,463,34,3,405,38,264,154,1,1122,862,1,218,238,1,1,211,245,2,0,1080,458
2012,3,12,1,403,476,13,12,9,8,0,0,3,419,467,8,10,4,9,0,398,458,7,7,5,4,1,7,0,3,2,1,26,396,460,16,0,0,13,2,4,3,388,453,17,14,3,13,0,0,392,453,23,0,0,0,343,417,35,22,4,10,0,0,4,4,5,3,16,5,9,4,3,6,349,397,63,15,2,9,12,0,0,2,2,2,2,4,2,14,1,1,326,391,13,9,2,7,47,47,1,3,0,0,68,433,467,10,0,5,0,0,0,2,0,414,447,9,4,1,2,0,7,7,2,2,0,1,0,26,425,478,15,7,383,28,342,165,7,1250,925,1,192,294,2,0,189,298,1,0,1200,488
2012,3,13,1,637,733,76,12,3,36,2,3,4,686,711,55,19,6,19,1,625,689,48,11,2,15,6,16,9,5,2,8,64,622,735,71,0,0,36,2,1,8,601,751,68,36,3,35,0,2,608,729,76,0,0,0,532,622,110,50,6,20,1,1,4,25,8,13,27,6,4,11,6,12,534,594,168,21,2,17,11,0,4,3,3,11,1,5,3,58,11,1,493,557,46,6,1,5,77,117,15,4,2,5,170,677,784,35,0,5,0,0,0,1,2,642,741,32,1,1,1,0,8,12,12,3,2,3,4,46,591,884,19,13,655,133,459,253,7,1934,1507,1,280,501,2,3,291,491,2,2,1784,786
2012,3,14,1,628,634,55,16,9,94,0,3,13,649,632,43,19,12,66,0,609,589,36,10,7,53,6,8,9,3,1,20,86,601,619,64,0,0,81,1,11,11,595,607,57,55,14,72,0,2,598,600,75,0,0,0,544,514,82,105,8,43,1,4,4,11,4,7,22,5,4,3,3,6,552,503,142,31,5,48,5,0,2,5,1,18,1,3,1,37,4,1,523,472,40,10,4,18,55,95,11,6,1,29,166,659,715,25,0,24,0,0,0,8,10,632,635,24,4,3,16,0,7,11,7,7,0,16,0,75,515,849,78,13,592,161,385,308,9,2283,1451,1,264,389,5,2,262,391,5,2,2170,660
2012,3,15,1,135,75,6,0,2,0,0,1,0,135,73,6,0,2,0,0,134,72,5,0,2,0,0,1,0,0,0,0,4,137,73,3,0,0,0,0,2,0,132,74,3,0,2,0,0,0,132,73,3,0,0,0,128,69,7,0,2,0,0,0,0,1,0,0,3,0,0,0,0,1,134,62,12,0,2,0,1,0,0,0,0,1,0,0,0,0,0,0,128,61,3,0,2,0,3,11,0,0,0,0,9,146,69,2,0,0,0,0,0,1,0,143,69,2,0,0,0,0,1,0,1,0,0,0,0,1,101,111,7,0,105,5,35,74,0,356,220,1,31,33,2,0,27,37,2,0,353,66
2012,3,16,1,877,920,63,19,12,35,4,1,4,920,906,43,25,6,27,2,870,872,41,12,6,24,5,16,8,3,3,4,69,853,928,62,0,0,26,4,4,1,836,918,64,39,16,48,0,4,851,895,70,0,0,0,751,801,110,54,6,29,0,2,4,17,13,10,44,7,16,4,1,22,746,772,186,21,6,27,21,0,5,2,1,29,4,4,3,35,9,1,708,729,38,6,5,14,98,130,8,5,1,4,185,947,948,23,0,10,0,0,2,2,2,910,888,19,2,4,4,0,7,19,15,2,1,3,0,59,795,1106,28,10,920,116,555,336,12,2380,1939,1,447,626,1,2,463,609,0,4,2228,1076
2012,3,17,1,516,414,18,7,4,11,0,0,2,529,409,13,7,4,7,0,505,397,13,5,2,7,4,6,3,0,1,2,26,510,402,14,0,0,13,2,1,1,491,392,18,12,1,9,0,0,500,386,20,0,0,0,462,349,40,19,0,7,1,0,3,4,7,4,15,2,3,2,0,4,473,336,63,6,1,7,3,0,2,3,3,6,2,3,1,12,0,0,444,323,12,4,0,4,36,54,1,1,1,2,91,566,392,10,0,4,0,0,1,1,0,533,373,8,0,0,3,0,7,9,2,3,0,0,0,34,396,555,17,5,474,39,218,238,4,1583,973,1,144,243,3,2,145,246,1,1,1571,393
2012,3,18,1,545,621,18,4,3,8,1,1,5,552,609,14,8,3,4,3,535,605,14,4,0,4,5,6,2,0,0,1,25,538,595,23,0,0,7,1,5,10,525,591,23,12,2,5,0,1,532,595,23,0,0,0,498,547,49,12,2,4,4,0,2,11,5,4,14,4,3,1,1,4,487,532,85,6,0,3,14,0,0,4,0,5,0,0,1,12,0,1,471,518,20,3,0,2,48,68,2,2,0,0,59,612,576,8,0,4,0,0,1,1,1,590,561,7,1,0,2,0,6,5,2,1,0,0,0,30,568,587,46,6,485,33,302,379,8,1880,1207,1,176,234,2,4,159,250,2,5,1834,416
2012,3,19,1,470,582,43,9,9,28,0,0,5,492,578,29,13,8,20,1,462,560,27,7,7,18,5,9,10,3,1,4,34,460,585,37,0,0,29,3,4,4,450,584,40,14,13,28,0,3,466,570,40,0,0,0,410,509,65,38,8,15,0,1,1,3,7,4,24,2,7,1,1,13,419,481,116,10,6,19,9,0,2,3,0,4,2,3,1,24,5,0,391,456,25,3,5,6,47,93,8,6,3,6,96,502,612,18,0,7,0,0,0,2,4,478,573,16,1,4,8,0,2,12,10,4,3,1,0,34,495,626,26,4,482,83,376,204,6,1533,1152,1,224,407,4,1,234,397,2,3,1478,636
2012,3,20,1,703,840,55,23,10,36,0,2,8,728,834,52,23,10,18,0,698,813,46,15,9,16,3,3,8,3,0,8,47,669,856,58,0,0,36,1,7,7,660,850,54,35,14,39,0,1,667,830,55,0,0,0,594,738,96,46,6,21,9,1,5,25,8,10,38,4,3,3,3,11,599,712,146,24,7,22,18,1,6,2,0,9,6,3,4,47,3,1,560,679,37,3,2,10,75,107,5,9,4,6,168,730,902,22,0,10,0,0,3,2,2,702,834,20,2,1,4,0,2,13,15,6,3,4,0,67,712,926,32,9,718,106,590,259,6,2021,1679,1,439,610,3,2,439,611,3,1,1921,1054
2012,3,21,1,341,340,17,2,5,3,1,0,3,347,338,13,4,5,2,0,333,327,13,2,5,1,4,4,0,0,0,0,24,346,338,15,0,0,2,0,1,6,325,336,14,5,7,2,0,0,332,335,14,0,0,0,303,305,35,10,5,4,0,0,2,2,4,1,9,1,3,2,0,3,309,298,53,6,2,2,5,0,1,3,0,3,0,0,2,6,0,0,286,287,12,4,2,1,33,41,1,0,3,0,49,382,331,7,0,3,0,0,0,0,5,362,318,6,0,1,2,0,3,3,3,0,2,0,0,23,352,335,38,3,309,19,175,215,10,1030,728,1,122,193,2,3,127,190,0,3,1004,320
2012,3,22,1,548,576,49,14,7,34,1,1,7,579,562,43,18,6,15,1,542,540,42,12,5,14,1,7,4,1,1,13,32,555,556,54,0,0,33,1,3,5,548,551,57,26,4,29,0,0,547,558,58,0,0,0,498,472,97,49,3,17,0,0,0,10,2,5,21,3,7,3,0,4,490,475,133,17,3,13,7,0,2,2,0,7,6,3,0,20,1,1,471,439,42,8,2,8,54,91,6,6,0,7,98,632,574,24,0,3,0,0,0,0,2,603,531,21,0,2,3,0,8,15,8,4,0,1,0,39,406,788,33,10,553,109,331,235,9,1611,1237,1,249,415,3,1,246,418,2,2,1531,668
2012,3,23,1,481,393,9,2,5,7,0,2,3,498,378,9,2,3,5,0,475,373,8,2,3,4,7,3,1,0,1,0,20,502,370,5,0,0,8,0,1,2,490,365,7,1,5,5,0,0,489,365,7,0,0,0,465,343,28,1,5,2,0,0,0,7,1,0,10,3,2,0,0,2,470,321,48,1,3,2,6,0,0,2,0,0,0,1,0,10,1,3,454,315,4,0,2,1,31,48,0,0,1,1,41,527,359,6,0,3,0,0,0,1,3,512,352,5,0,0,1,0,4,6,1,0,1,0,0,15,362,500,28,10,463,20,267,145,5,1311,898,1,155,184,3,3,160,179,3,3,1282,345
2012,3,24,1,94,49,4,1,1,0,0,2,0,96,49,3,0,1,0,0,94,49,3,0,1,0,0,0,1,0,0,0,1,93,50,5,0,0,0,0,0,0,93,48,5,1,0,1,0,0,92,49,6,0,0,0,89,43,7,2,0,0,0,0,0,2,1,0,0,0,2,0,0,1,82,46,12,1,0,0,1,0,0,1,0,1,0,0,0,2,0,0,81,42,5,1,0,0,12,5,0,0,0,0,5,100,47,2,0,0,0,0,0,1,1,99,46,2,0,0,0,0,0,0,0,0,0,0,0,2,45,98,7,1,91,3,23,33,1,184,151,1,36,28,1,0,33,31,0,1,178,65
2012,3,25,1,107,58,0,0,1,0,0,0,2,109,55,0,0,1,0,0,104,54,0,0,1,0,2,0,0,0,0,0,6,112,57,0,0,0,1,0,0,1,106,58,0,0,0,0,0,0,105,57,0,0,0,0,100,56,2,0,0,0,0,0,6,0,1,1,6,0,1,0,0,0,98,55,2,0,0,0,3,0,1,1,0,0,1,0,0,1,1,0,94,54,0,0,0,0,12,2,0,0,0,0,8,119,47,0,0,0,0,0,0,0,3,111,46,0,0,0,0,0,1,3,0,0,0,0,0,5,63,89,5,12,92,6,36,35,0,351,169,1,17,22,0,1,12,27,0,1,344,40
2012,3,26,1,956,1119,91,37,10,89,1,3,13,998,1095,82,47,9,61,1,936,1051,69,30,8,52,9,22,10,5,2,24,90,932,1080,108,0,0,69,0,13,10,904,1070,113,57,23,75,0,0,929,1061,113,0,0,0,835,924,175,117,14,38,2,0,4,23,12,7,40,7,6,5,3,19,837,896,252,53,8,46,24,1,0,10,2,27,5,1,1,51,5,1,783,844,74,19,6,21,105,187,22,11,1,15,215,1000,1226,49,0,23,0,0,1,7,9,952,1113,43,5,2,15,0,12,22,20,10,4,11,0,97,920,1314,76,13,947,220,680,456,20,3099,2079,1,463,782,2,3,447,796,5,2,2894,1250
2012,3,27,1,380,420,46,17,11,25,0,2,2,396,416,42,16,7,15,0,374,400,41,12,5,14,4,4,1,5,5,2,33,373,412,49,0,0,25,0,4,2,361,414,42,29,10,19,0,0,370,403,48,0,0,0,320,358,77,47,5,10,0,0,0,15,7,5,27,5,3,2,1,5,333,333,107,19,5,12,6,0,2,3,0,11,1,3,2,26,0,0,301,318,34,7,1,6,47,63,6,6,2,1,104,433,436,24,0,6,0,0,0,1,1,410,404,22,1,0,5,0,3,8,5,4,1,1,0,38,355,521,24,4,399,88,240,168,9,1208,905,1,188,319,1,0,182,326,0,0,1177,508
2012,3,28,1,1007,1267,79,18,15,42,8,1,11,1048,1251,59,23,13,26,0,986,1214,50,8,11,25,13,21,12,8,1,7,77,990,1245,80,0,0,34,7,8,10,951,1247,78,40,22,31,0,2,975,1217,74,0,0,0,895,1096,137,81,5,23,1,1,3,21,12,8,32,14,13,1,1,10,898,1073,218,26,6,22,26,0,1,4,1,13,3,5,1,56,2,2,840,1007,48,11,5,10,96,180,15,5,0,6,198,1088,1299,29,0,9,0,0,3,5,3,1031,1227,29,0,1,6,1,13,20,14,7,1,2,0,79,1098,1243,79,18,985,143,715,578,17,3365,2444,1,493,803,5,4,486,806,7,6,3186,1306
2012,3,29,1,109,84,5,1,0,1,0,0,1,109,84,4,2,0,1,0,107,83,4,1,0,1,0,1,1,0,0,0,2,106,82,6,0,0,1,0,0,2,104,80,6,1,0,2,0,0,103,81,6,0,0,0,102,78,6,1,0,2,0,0,0,1,0,0,1,0,0,0,0,0,101,79,9,0,0,2,0,0,0,0,0,0,0,0,0,2,0,0,99,77,6,0,0,1,4,4,0,1,0,0,7,114,82,4,0,0,0,0,0,0,0,112,81,4,1,0,0,0,0,0,0,0,0,0,0,3,66,118,15,2,113,4,44,38,2,315,201,1,73,52,2,2,73,53,1,2,286,129
2012,3,30,1,334,208,3,3,1,0,0,2,0,333,205,1,2,1,0,0,327,205,1,2,1,0,0,1,0,0,0,0,12,336,197,6,0,0,1,1,1,0,328,196,7,2,1,1,0,0,328,198,6,0,0,0,316,179,13,4,1,1,0,0,0,5,0,2,6,1,1,0,2,1,319,174,24,3,1,1,2,0,0,0,0,0,0,1,1,7,0,0,308,172,6,2,1,1,16,21,0,0,0,0,23,360,184,2,0,0,0,0,0,2,0,347,181,2,1,1,0,0,0,4,0,0,0,0,0,13,256,267,23,5,302,18,110,120,1,1067,551,1,68,68,2,4,65,72,2,3,1067,142
2012,3,31,1,154,96,7,2,0,0,0,0,1,155,95,5,2,0,0,0,150,91,5,2,0,0,2,1,0,0,0,0,8,143,104,5,0,0,0,0,1,1,146,92,6,1,1,0,0,1,149,92,5,0,0,0,137,84,8,0,1,0,0,0,1,2,0,0,5,1,4,1,0,2,142,82,14,1,0,0,0,0,0,0,0,1,0,0,1,5,0,0,124,79,4,0,0,0,22,11,0,1,0,0,17,166,86,3,0,1,0,0,0,1,2,158,84,3,1,0,0,0,1,2,0,0,0,0,0,8,99,149,12,0,145,6,65,43,1,473,260,1,43,43,2,1,44,44,0,1,453,89
2012,3,32,1,805,1078,82,21,4,41,3,1,10,856,1043,60,33,3,27,5,797,1013,55,19,2,25,7,13,12,4,1,9,78,776,1082,85,0,0,41,1,5,5,754,1057,89,53,8,42,0,0,772,1034,101,0,0,0,704,932,125,91,4,16,1,0,1,16,13,8,23,7,20,11,0,15,703,911,182,36,2,20,15,0,3,6,2,16,1,1,3,49,9,0,649,854,67,15,0,7,91,143,8,10,0,10,183,843,1143,41,0,7,0,0,1,2,2,805,1068,36,2,0,3,0,18,13,12,12,0,6,0,66,923,1081,30,12,842,141,684,364,15,2572,2046,1,436,744,4,5,437,743,6,3,2416,1189
2012,3,77,1,323,173,12,5,4,6,0,1,4,318,171,11,8,3,4,0,310,165,10,4,3,4,1,5,0,2,1,1,18,298,168,12,0,0,8,0,5,9,298,164,11,12,4,7,0,0,293,168,13,0,0,0,278,157,20,5,3,6,0,0,1,1,6,3,10,0,1,5,0,2,287,156,25,5,3,6,0,0,0,2,0,2,2,0,0,3,0,0,271,150,10,3,2,3,17,13,2,2,0,0,41,331,167,8,0,7,0,0,0,3,4,319,155,7,2,2,4,0,4,3,2,3,0,0,0,20,244,253,25,7,233,24,144,124,4,0,529,1,53,131,3,2,26,158,3,2,0,189
2012,3,78,1,167,116,3,0,0,4,0,0,6,169,113,4,1,0,1,0,158,109,3,0,0,1,1,2,0,0,0,0,16,52,47,1,0,0,1,1,1,29,68,59,5,3,1,1,0,0,62,58,4,0,0,0,46,46,5,2,0,1,0,0,0,4,0,1,4,0,1,0,0,1,48,45,6,3,0,1,0,1,1,0,1,1,0,2,0,1,1,0,45,44,1,1,0,1,3,3,0,0,0,0,44,77,56,2,0,0,0,0,0,0,36,73,54,2,0,0,0,0,0,0,0,0,0,1,0,5,135,140,18,3,136,15,65,77,3,0,296,1,61,105,2,0,53,114,0,1,0,168
2012,3,79,1,2,11,0,0,0,1,0,0,0,3,11,0,0,0,1,0,2,11,0,0,0,1,1,0,0,0,0,0,0,4,4,0,0,0,0,0,0,0,2,5,0,0,0,0,0,2,3,4,0,0,0,0,2,0,0,0,0,0,0,4,0,0,2,0,0,0,0,0,0,0,2,4,0,0,0,0,0,0,2,0,0,0,0,0,0,0,0,0,2,0,0,0,0,0,2,3,0,0,0,0,1,2,0,0,0,0,0,0,0,0,0,2,0,0,0,0,0,0,0,0,0,0,0,0,0,0,1,1,0,0,1,0,1,0,0,0,15,,,,,,,,,,,
2012,3,80,1,0,0,0,0,0,0,0,0,1,0,0,0,0,0,0,0,0,0,0,0,0,0,0,0,0,0,0,0,0,0,0,0,0,0,0,0,0,1,0,0,0,0,0,0,0,0,0,0,0,0,0,0,0,0,0,0,0,0,0,0,0,0,0,0,0,0,0,0,0,0,0,0,0,0,0,0,0,0,0,0,0,0,0,0,0,0,0,0,0,0,0,0,0,0,0,0,0,0,0,0,0,0,0,0,0,0,0,0,0,0,1,0,0,0,0,0,0,0,0,0,0,0,0,0,0,0,0,0,0,0,0,0,0,0,0,0,1,,,,,,,,,,,
2012,4,1,1,613,628,51,18,3,35,1,1,3,648,621,33,19,3,19,0,610,594,32,15,2,16,3,10,11,4,0,8,46,592,652,42,20,0,23,0,2,2,593,673,43,31,2,30,0,1,578,641,51,0,0,0,506,528,68,63,3,16,1,0,5,16,4,17,6,29,43,16,9,5,495,527,113,22,1,15,6,0,23,66,2,0,1,28,6,4,1,17,461,494,29,11,1,4,105,108,8,3,0,6,121,636,686,19,0,10,0,0,0,2,5,614,647,18,2,0,3,0,4,11,8,6,0,4,0,31,499,845,8,3,657,96,456,142,4,1550,1355,1,379,547,3,1,409,518,2,1,1465,930
2012,4,2,1,1182,1243,106,33,3,48,3,2,10,1253,1226,68,30,2,37,1,1158,1172,64,18,1,28,10,27,15,14,2,7,105,1156,1261,72,45,0,39,0,3,10,1131,1286,80,76,7,50,0,2,1114,1253,88,0,0,0,999,1054,145,122,4,18,0,0,11,21,5,21,17,43,37,39,18,17,949,992,242,62,5,22,15,0,37,126,7,8,3,31,10,11,4,28,929,954,50,14,0,10,144,226,10,12,1,7,262,1218,1366,35,0,5,0,0,1,2,1,1180,1267,32,3,0,2,0,16,20,11,12,0,4,3,83,958,1628,30,16,1236,175,889,314,18,3251,2632,1,713,946,2,2,704,954,5,0,3054,1663
2012,4,3,1,637,673,51,20,8,46,0,1,3,665,673,35,22,10,30,0,630,644,31,13,5,27,2,11,13,7,1,13,39,615,667,49,31,0,40,0,3,4,617,682,50,39,13,41,0,0,599,682,53,0,0,0,548,573,78,72,8,26,0,0,2,6,5,11,11,14,20,11,3,10,531,574,129,32,4,20,5,1,21,35,4,2,1,17,1,7,3,12,518,542,35,13,1,15,58,94,8,12,4,9,122,669,732,26,0,9,0,0,0,2,0,647,676,21,1,0,5,0,5,11,15,14,0,9,0,33,549,866,17,8,634,110,508,183,5,1740,1440,1,392,543,1,1,401,534,2,0,1644,937
2012,4,4,1,383,556,41,11,4,32,0,1,0,399,562,31,15,1,17,0,376,540,31,8,1,15,2,7,2,1,0,7,37,362,557,39,21,0,25,0,6,0,366,559,51,25,2,26,0,0,361,543,54,0,0,0,314,481,66,52,0,16,0,0,5,4,1,4,8,9,18,9,4,9,307,465,90,18,0,15,5,0,15,30,1,1,1,12,4,1,3,12,296,444,27,7,0,5,44,79,9,3,0,6,104,411,597,15,0,2,0,0,0,2,1,391,554,14,2,0,2,0,5,11,6,3,0,4,0,35,441,564,16,9,400,82,385,159,4,1266,1030,1,199,430,1,3,202,429,0,2,1202,633
2012,4,5,1,760,704,63,19,10,38,0,4,5,800,692,47,16,7,29,1,754,675,43,14,7,25,7,15,9,0,1,3,39,739,706,59,21,0,36,1,5,2,739,715,62,26,10,30,0,0,732,701,62,0,0,0,653,616,103,52,8,22,3,1,9,4,4,12,9,7,22,4,14,9,630,606,142,22,5,26,10,0,29,35,3,0,2,18,4,3,4,10,609,572,46,8,4,14,93,99,10,2,2,2,132,779,762,33,0,12,0,0,0,5,2,757,719,33,3,1,10,0,10,7,10,4,1,2,0,35,623,940,32,6,777,136,416,262,10,1960,1601,1,439,528,5,2,452,518,3,1,1851,974
2012,4,6,1,375,414,33,10,3,22,2,3,5,392,416,23,6,3,17,2,371,397,22,5,2,12,2,8,6,3,0,9,25,359,398,26,15,0,19,0,2,27,372,390,34,21,4,18,0,0,367,382,33,0,0,0,324,329,46,34,4,10,0,0,5,4,0,3,5,11,24,12,3,2,321,319,79,14,2,9,11,0,21,28,3,1,1,6,1,2,0,7,312,303,20,5,1,4,40,61,6,4,2,7,75,398,447,11,0,2,0,0,0,1,9,388,416,10,1,0,2,0,4,1,7,3,0,2,0,25,357,494,12,6,383,58,266,154,8,1171,869,1,224,314,4,1,224,318,0,1,1119,543
2012,4,7,1,832,1008,98,27,10,58,0,2,7,869,999,76,33,6,37,0,809,949,69,15,5,31,14,10,16,11,0,9,96,814,1018,85,33,0,49,2,4,4,813,1010,88,61,9,60,0,0,775,987,99,0,0,0,693,808,153,118,12,31,1,0,11,19,8,27,13,21,34,25,14,20,658,780,226,46,6,34,15,0,34,84,5,1,0,35,7,10,9,27,639,738,61,14,3,16,112,193,17,9,1,9,223,864,1120,37,0,11,0,0,0,4,2,819,1036,33,3,1,8,0,19,23,16,9,1,5,0,64,754,1261,19,9,898,205,651,279,10,2384,2043,1,535,845,0,1,533,844,3,1,2300,1381
2012,4,8,1,213,262,23,6,1,13,0,0,1,228,258,17,3,0,12,0,212,250,17,3,0,10,1,3,1,2,0,2,18,205,258,18,8,0,10,0,2,3,208,256,20,9,1,10,0,0,202,251,26,0,0,0,180,220,26,19,0,6,0,0,2,1,1,3,4,5,19,9,1,1,171,212,47,10,0,8,6,0,17,9,1,1,0,6,0,0,0,3,168,199,15,2,0,5,29,45,3,5,0,1,43,230,277,6,0,1,0,0,0,3,1,220,262,6,2,0,1,0,3,4,3,3,0,2,0,10,224,284,12,0,212,37,188,83,0,621,519,1,99,217,0,0,110,205,1,0,599,316
2012,4,9,1,436,467,53,11,1,26,1,1,5,468,451,37,13,0,24,1,431,438,35,8,0,17,2,9,7,1,0,5,42,412,484,48,19,0,19,0,2,2,421,487,44,28,0,25,0,0,409,471,51,0,0,0,376,405,58,51,0,15,0,0,1,7,0,12,11,13,17,6,8,2,370,396,99,16,0,13,3,0,15,32,1,2,1,14,2,4,1,6,355,367,34,6,0,9,43,83,10,5,0,5,81,451,515,22,0,7,0,0,0,3,1,425,477,21,1,0,5,0,11,8,15,2,0,2,0,31,372,616,12,2,459,95,301,147,0,1223,1002,1,276,379,3,0,279,378,1,0,1161,658
2012,4,10,1,240,288,13,3,0,7,0,1,1,247,293,6,2,0,3,0,238,285,5,1,0,3,0,3,5,1,0,2,9,227,300,10,1,0,3,1,4,1,225,301,8,5,1,6,0,1,224,292,12,0,0,0,200,253,10,12,0,3,0,0,0,9,4,9,8,12,9,7,3,5,202,236,28,3,0,4,8,0,4,38,0,0,0,2,1,1,0,12,193,229,3,0,0,1,24,51,3,1,0,2,42,233,310,3,0,1,0,0,1,3,3,228,291,2,0,0,1,0,1,5,3,1,0,1,0,15,247,296,9,2,240,26,207,79,2,634,554,1,141,222,0,0,140,223,0,0,606,363
2012,4,11,1,229,191,5,3,4,2,0,0,5,237,182,2,4,3,1,0,228,179,2,2,3,1,1,2,0,1,0,0,15,227,187,7,2,0,2,1,0,3,222,183,7,2,1,2,0,0,223,185,8,0,0,0,205,174,16,2,1,1,0,0,0,0,0,2,0,1,9,2,1,1,204,162,25,3,1,1,3,0,9,3,0,0,0,1,1,2,1,0,201,162,7,1,1,1,17,17,0,1,0,0,26,246,186,2,0,0,0,0,0,0,4,233,179,2,0,0,0,0,3,2,0,3,0,0,0,12,199,209,26,3,204,4,93,118,18,742,437,1,63,104,3,1,62,107,1,1,732,171
2012,4,12,1,804,978,62,15,12,31,1,3,6,844,958,49,16,11,21,0,796,936,47,13,8,18,5,18,7,1,1,7,49,795,946,61,23,0,26,2,10,8,792,943,63,28,8,34,0,0,779,935,77,0,0,0,724,816,122,50,3,17,2,0,6,12,3,15,8,20,26,11,10,4,694,791,186,26,2,15,15,4,27,44,4,1,1,13,3,5,2,15,682,763,49,10,0,4,72,137,9,4,1,13,152,869,988,32,0,9,0,0,1,4,4,832,942,29,6,2,7,0,10,10,7,3,1,3,0,55,862,1004,39,10,799,112,521,473,10,2561,1915,1,379,626,5,2,388,622,0,2,2394,1012
2012,4,13,1,714,821,57,20,12,31,1,1,9,727,816,50,21,9,25,1,706,794,47,15,7,23,3,11,6,3,1,3,33,687,814,66,21,0,26,0,6,8,687,817,75,26,13,33,0,1,674,802,72,0,0,0,617,691,117,55,10,23,2,0,3,6,3,13,8,10,28,13,6,4,585,663,166,28,9,23,20,0,27,39,5,0,2,11,2,4,0,14,574,633,50,12,7,10,81,141,8,1,1,7,127,770,839,30,0,10,0,0,0,4,10,724,791,30,2,1,7,0,8,19,8,3,2,1,0,45,686,940,35,5,691,125,526,314,10,2164,1666,1,321,559,4,0,317,567,0,0,2075,884
2012,4,14,1,585,387,8,2,4,2,0,0,4,589,374,4,3,6,1,0,569,366,3,2,3,1,6,3,1,0,1,0,33,592,360,11,0,0,3,0,2,1,576,357,13,1,3,2,0,0,598,355,12,0,0,0,526,332,40,5,3,2,0,0,1,2,1,2,5,2,32,6,4,1,505,320,68,1,2,2,7,0,38,8,0,0,1,3,3,0,0,2,497,311,10,0,2,2,73,43,0,0,0,0,53,650,340,1,0,0,0,0,0,0,1,635,329,1,0,1,0,0,1,2,2,0,0,0,0,22,441,508,34,11,504,31,202,245,12,1700,994,1,126,171,1,1,107,188,3,1,1670,299
2012,4,15,1,622,686,42,16,5,28,2,3,0,637,679,38,16,3,19,0,608,665,34,13,3,18,2,11,4,0,1,2,41,600,665,53,15,0,23,0,10,2,588,667,55,22,2,29,0,0,588,666,55,0,0,0,536,592,94,27,3,17,0,0,3,4,6,11,3,8,30,5,6,3,507,561,138,17,1,20,6,0,30,35,2,1,1,3,6,8,0,6,496,551,42,10,1,12,82,98,3,3,0,2,94,671,694,28,0,2,0,0,0,4,2,646,663,27,5,0,2,0,2,9,1,8,0,2,0,36,602,744,53,6,604,76,405,312,8,1885,1405,1,262,350,7,2,267,348,5,1,1815,621
2012,4,16,1,821,992,64,16,8,40,4,7,5,848,986,50,14,9,25,1,798,944,41,7,3,25,5,17,15,3,1,8,79,791,983,70,15,0,29,0,13,11,784,994,70,26,10,30,0,0,775,971,78,0,0,0,686,856,109,53,6,12,0,0,6,9,3,20,12,9,44,18,9,10,666,807,172,23,6,10,24,0,32,64,2,2,2,17,0,3,3,12,649,782,53,6,5,4,101,147,8,5,0,13,155,903,1001,30,0,4,0,0,1,4,3,847,945,29,1,5,3,0,20,18,8,7,0,5,0,60,860,1017,62,18,828,118,603,396,12,2756,1956,1,332,541,2,3,329,544,2,3,2611,878
2012,4,17,1,276,307,31,8,1,28,0,2,3,292,304,29,9,1,15,1,273,296,27,7,0,13,2,1,1,0,1,8,22,272,299,32,9,0,21,0,5,3,266,308,34,18,4,18,0,1,272,305,34,0,0,0,224,266,48,21,2,11,0,0,5,4,5,2,7,4,15,9,3,3,208,246,75,6,0,13,5,0,21,20,1,1,0,11,2,1,2,9,206,245,25,2,0,3,48,42,3,1,0,6,67,293,340,13,0,4,0,0,0,3,2,279,315,13,1,0,1,0,4,4,3,1,0,5,0,25,270,372,9,5,283,51,205,114,3,854,656,1,164,204,3,2,156,214,1,2,801,373
2012,4,18,1,709,642,39,14,5,21,2,2,11,730,643,27,14,4,13,0,700,622,27,12,3,11,6,9,1,3,1,5,36,701,634,31,16,0,22,1,1,10,696,646,32,17,6,19,0,0,685,634,34,0,0,0,625,572,63,30,3,16,1,0,4,2,2,13,5,8,23,14,6,4,617,558,93,17,3,12,15,0,21,24,0,0,1,10,2,0,0,12,600,543,22,3,2,7,77,64,5,7,0,6,95,726,686,18,0,6,0,0,0,1,7,704,646,16,1,0,5,0,5,6,8,4,0,2,0,42,573,801,66,7,661,67,382,328,9,1950,1447,1,256,357,4,1,249,366,2,1,1905,618
2012,4,19,1,1109,1159,110,32,10,74,3,0,6,1160,1142,99,28,5,55,4,1089,1097,89,19,5,45,10,19,14,5,2,21,84,1055,1171,121,44,0,48,4,6,8,1064,1189,115,63,11,53,0,2,1046,1162,124,0,0,0,936,985,175,108,6,26,1,1,15,16,8,15,16,24,38,33,20,17,891,938,270,44,4,38,14,0,40,85,2,13,2,28,6,17,5,21,868,899,89,20,2,13,141,185,17,10,0,17,231,1136,1295,46,0,17,0,0,1,4,4,1093,1190,41,1,1,10,0,15,20,22,14,0,14,0,77,927,1540,30,9,1140,255,741,360,10,3126,2507,1,632,860,1,2,640,847,7,1,2909,1495
2012,4,20,1,810,1025,71,23,3,42,1,3,5,834,1020,55,31,1,31,1,802,992,52,18,1,32,9,14,10,4,2,12,39,781,1039,64,27,0,40,0,5,6,781,1027,66,52,1,47,0,0,769,1018,71,0,0,0,703,896,110,67,1,29,1,0,3,9,1,31,6,23,25,18,4,7,690,857,164,32,0,24,15,0,35,58,1,5,0,11,3,6,1,15,675,831,52,11,0,18,76,154,12,8,0,11,129,808,1118,35,0,9,0,0,1,6,5,783,1066,33,2,0,8,0,15,9,12,6,0,2,0,39,991,940,45,6,776,141,642,404,19,2453,1986,1,403,677,2,4,409,673,2,2,2390,1086
2012,4,21,1,684,763,40,17,9,22,4,2,3,719,757,23,19,5,12,2,672,728,21,9,4,10,3,8,12,5,3,4,62,664,749,49,10,0,20,3,7,6,661,756,53,21,6,21,0,3,652,742,54,0,0,0,599,661,83,37,2,12,0,1,6,4,4,14,10,10,24,9,3,8,580,630,145,10,2,14,16,1,23,27,2,0,1,7,2,2,3,13,569,608,34,6,1,7,61,110,5,1,0,3,127,729,785,21,0,6,0,0,2,2,1,708,735,20,0,0,3,0,11,16,2,4,1,1,0,41,714,785,37,9,645,82,457,354,7,2113,1546,1,276,460,1,3,277,459,2,2,2010,740
2012,4,22,1,893,1300,138,34,12,104,1,4,8,933,1294,118,51,10,72,0,883,1243,111,25,8,63,5,13,19,7,1,28,77,860,1304,130,54,0,87,1,7,4,868,1305,140,69,12,92,0,0,859,1288,140,0,0,0,771,1066,208,159,10,48,0,0,5,9,3,24,6,23,50,38,10,11,739,1060,286,62,3,48,5,0,29,106,4,1,0,42,4,10,6,14,723,1003,100,21,2,23,106,227,20,13,1,21,223,929,1449,76,0,23,0,0,0,2,3,895,1335,72,7,3,18,0,8,16,24,18,1,9,0,83,1060,1380,43,12,917,284,903,378,13,3085,2495,1,531,1076,2,2,521,1084,5,1,2937,1611
2012,4,23,1,808,1094,83,31,6,52,2,1,5,835,1076,72,40,5,34,2,789,1035,65,21,4,30,3,18,19,9,1,14,64,768,1090,89,54,0,32,0,3,14,769,1089,88,60,7,48,0,0,754,1078,100,0,0,0,685,882,134,153,5,27,0,2,5,14,3,15,11,24,25,20,12,7,661,882,198,62,3,27,16,2,29,70,4,4,0,24,3,2,2,14,650,836,62,22,2,8,78,186,19,12,0,12,176,825,1203,34,0,10,0,0,0,2,3,796,1107,32,3,0,7,0,4,8,24,12,1,5,0,76,827,1208,32,13,784,196,757,326,17,2634,2080,1,418,810,1,4,409,818,2,4,2511,1233
2012,4,24,1,360,388,27,3,2,11,1,2,2,378,378,20,2,1,7,2,358,374,19,1,1,7,2,3,3,0,0,3,21,348,397,21,1,0,10,0,2,2,349,397,24,7,1,7,0,0,343,390,28,0,0,0,308,327,54,20,1,5,0,0,3,4,0,8,8,14,16,5,2,4,299,320,79,4,1,7,2,0,15,24,2,0,0,8,0,1,2,9,292,308,19,1,1,2,32,62,3,0,0,2,70,374,408,9,0,2,0,0,0,2,0,361,394,9,0,1,1,0,5,1,5,1,0,2,0,14,325,448,20,3,346,43,257,147,3,1056,796,1,171,235,2,1,160,247,1,1,992,409
2012,4,25,1,394,466,23,7,6,12,0,2,3,406,463,17,9,3,7,0,387,453,17,5,2,6,3,4,1,0,1,1,30,389,461,21,9,0,8,0,6,2,386,457,21,14,8,12,0,0,373,454,21,0,0,0,345,402,45,18,5,10,1,0,3,4,2,7,3,5,15,11,3,8,342,383,73,6,4,7,6,0,21,12,0,1,0,11,1,2,0,10,333,370,15,4,4,5,25,75,4,2,0,2,68,408,482,13,0,3,0,0,0,3,4,392,464,13,0,1,0,0,2,10,2,1,1,1,0,21,428,460,20,7,384,38,299,184,10,1208,915,1,195,303,4,0,190,306,6,0,1167,502
2012,4,26,1,388,406,24,5,2,8,0,6,4,397,397,23,6,2,5,0,383,391,22,3,1,2,2,4,1,0,0,4,20,381,402,30,2,0,6,0,4,1,384,396,30,5,5,7,0,0,381,393,30,0,0,0,350,353,48,12,3,7,0,0,4,1,2,1,3,8,15,9,3,2,342,327,69,5,1,2,13,0,16,21,2,1,1,5,1,1,0,1,337,317,22,1,0,1,37,69,4,0,1,0,48,417,405,13,0,0,0,0,0,1,3,399,390,12,0,1,0,0,3,9,1,0,1,0,0,22,359,459,18,6,385,34,275,141,7,1094,842,1,201,280,0,8,209,274,0,6,1049,489
2012,4,27,1,487,443,28,4,3,13,0,2,4,508,426,14,5,3,10,0,472,416,14,2,2,9,4,7,7,0,0,0,44,478,420,21,8,0,14,0,7,3,452,431,27,14,4,10,0,0,468,423,29,0,0,0,428,372,43,21,2,9,0,0,2,2,5,3,4,3,28,14,1,4,406,362,77,7,2,10,6,0,26,14,5,0,1,6,0,5,2,6,398,350,18,3,2,4,62,65,1,2,0,0,69,528,437,7,0,1,0,0,0,3,1,499,419,6,2,1,1,0,5,4,4,1,0,1,0,36,390,539,46,8,446,38,237,260,2,1405,983,1,183,239,4,1,183,242,0,2,1347,427
2012,4,28,1,222,264,17,8,4,15,0,2,2,234,261,13,9,2,10,0,216,253,12,7,1,10,2,1,2,1,0,2,23,216,267,18,8,0,9,0,6,1,212,274,19,14,3,11,0,0,202,271,25,0,0,0,190,235,30,30,2,3,0,0,2,2,2,6,4,8,6,2,1,2,188,222,43,13,2,3,2,0,2,27,2,0,1,3,4,0,1,3,184,213,15,3,1,3,17,42,1,4,0,1,43,237,278,12,0,0,0,0,0,2,1,228,268,11,1,1,2,0,4,4,3,2,0,0,0,7,200,323,9,2,233,46,192,60,3,629,534,1,144,221,3,2,152,216,1,1,612,370
2012,4,29,1,1276,1131,91,25,6,48,0,4,3,1313,1144,63,26,3,29,0,1252,1079,61,13,3,25,7,22,18,8,1,8,84,1191,1202,79,32,0,30,0,5,7,1186,1235,154,52,7,42,0,2,1167,1189,93,0,0,0,1038,981,131,75,6,21,1,0,10,37,11,26,23,48,56,23,21,17,1024,916,210,32,3,20,10,0,35,178,8,3,0,21,8,14,11,24,969,877,59,11,1,5,160,214,13,7,1,10,261,1228,1295,39,0,9,0,0,1,6,3,1193,1217,35,3,0,3,0,21,19,15,5,0,6,0,62,904,1666,13,5,1314,161,789,316,8,3030,2588,1,831,923,8,2,825,935,3,1,2875,1764
2012,4,30,1,1143,1155,123,38,9,80,2,0,13,1204,1156,98,35,4,53,0,1133,1100,91,27,3,46,7,12,18,10,1,23,83,1089,1190,113,46,0,62,0,8,10,1098,1199,118,73,10,79,0,0,1055,1173,141,0,0,0,955,951,181,136,4,39,4,0,14,21,3,31,23,21,38,32,14,19,924,922,256,57,5,42,21,0,35,111,3,1,1,31,9,8,6,33,888,877,91,18,2,20,132,212,14,14,1,15,265,1170,1311,54,0,15,0,0,1,3,7,1137,1228,51,3,1,13,0,12,17,12,14,0,7,0,63,894,1646,21,7,1209,235,767,341,16,3026,2569,1,626,931,3,0,648,910,2,0,2837,1569
2012,4,31,1,1359,1076,82,25,3,55,1,2,3,1408,1068,53,31,5,34,1,1323,1006,48,18,1,27,7,14,12,7,0,14,124,1288,1110,76,43,0,44,1,5,6,1277,1159,73,61,10,66,0,0,1244,1103,90,0,0,0,1128,892,129,117,2,25,0,0,14,21,9,41,15,36,67,24,16,9,1075,871,223,49,1,29,8,0,53,111,10,13,12,36,12,8,2,28,1041,825,46,9,0,16,173,193,13,11,0,12,265,1346,1213,26,0,13,0,0,0,1,4,1303,1115,22,4,0,9,0,27,14,12,9,0,4,0,82,820,1764,10,11,1433,160,735,266,11,3065,2606,1,840,794,3,3,857,781,1,1,2735,1640
2012,4,77,1,347,196,23,8,1,12,0,3,1,346,197,21,13,0,5,1,338,187,20,6,0,5,2,2,1,2,0,2,22,334,197,23,11,0,12,0,1,0,336,195,25,18,1,15,0,0,337,191,23,0,0,0,300,162,27,17,3,3,0,1,5,2,3,6,1,6,16,4,5,6,287,162,41,10,3,5,1,1,30,17,1,1,1,1,4,1,2,5,277,157,19,5,0,2,45,27,3,3,1,2,50,354,211,17,0,4,0,0,0,3,0,343,188,16,2,1,2,0,3,4,4,2,0,3,0,22,242,338,14,0,269,43,159,123,0,0,592,1,46,101,1,1,24,124,0,1,0,149
2012,4,78,1,100,99,4,2,0,1,0,1,1,100,95,4,2,2,1,0,98,95,4,2,0,1,0,1,0,0,0,0,5,27,21,1,1,0,0,0,0,0,28,20,1,1,0,0,0,0,27,21,1,0,0,0,26,20,6,1,0,0,0,0,0,0,0,0,0,1,1,0,0,0,23,19,8,0,0,0,2,0,1,4,0,0,0,0,0,0,0,0,23,19,1,0,0,0,4,1,0,1,0,0,10,38,33,0,0,0,0,0,0,0,0,37,32,0,0,0,0,0,0,0,0,0,0,0,0,2,83,119,6,0,92,14,52,50,0,0,208,1,41,75,2,0,36,81,1,0,0,118
2012,4,79,1,0,0,0,0,0,0,0,0,2,0,0,0,0,0,0,0,0,0,0,0,0,0,0,0,0,0,0,0,0,0,1,0,0,0,0,0,0,3,0,1,0,0,0,0,0,0,0,1,0,0,0,0,0,1,0,0,0,0,0,0,0,0,0,0,0,0,0,0,0,0,0,0,1,0,0,0,0,0,0,0,0,0,0,0,0,0,0,0,0,0,0,0,0,0,0,1,0,0,0,0,0,0,0,0,0,0,0,0,0,0,1,0,0,0,0,0,0,0,0,0,0,0,0,0,0,0,0,0,0,0,0,0,0,0,0,0,2,,,,,,,,,,,
2012,4,80,1,0,0,0,0,0,0,0,0,0,0,0,0,0,0,0,0,0,0,0,0,0,0,0,0,0,0,0,0,0,0,0,0,0,0,0,0,0,1,0,0,0,0,0,0,0,0,0,0,0,0,0,0,0,0,0,0,0,0,0,0,0,0,0,0,0,0,0,0,0,0,0,0,0,0,0,0,0,0,0,0,0,0,0,0,0,0,0,0,0,0,0,0,0,0,0,0,0,0,0,0,0,0,0,0,0,0,0,0,0,0,0,0,0,0,0,0,0,0,0,0,0,0,0,0,0,0,0,0,0,0,0,0,0,0,0,0,0,,,,,,,,,,,
2012,5,1,1,308,623,30,10,0,6,0,2,4,322,607,30,9,0,4,0,302,602,25,8,0,3,3,7,4,1,0,1,21,333,601,24,9,0,0,0,0,2,302,616,30,9,2,6,0,1,310,604,32,0,0,0,293,565,37,17,1,6,0,0,0,6,10,6,3,1,0,2,2,4,279,556,61,13,0,4,3,0,0,2,1,1,1,4,1,15,15,0,271,530,21,6,0,3,35,62,4,4,0,0,45,345,620,9,0,4,0,0,0,0,3,321,597,9,1,0,3,0,4,11,5,5,0,1,0,23,570,370,39,4,283,63,279,356,2,1275,983,1,122,280,1,0,106,296,1,0,1184,403
2012,5,2,1,618,868,37,9,5,20,0,0,1,649,850,28,10,4,14,0,611,841,25,7,3,12,3,12,6,2,0,5,32,618,842,42,16,0,0,0,2,4,590,839,41,16,9,24,0,0,611,823,50,0,0,0,539,653,70,26,6,9,1,1,12,15,31,2,8,5,0,5,5,11,521,718,121,14,4,7,33,0,3,2,1,5,2,6,9,32,21,4,498,688,28,5,4,2,72,122,8,4,0,5,119,680,846,21,0,3,0,0,0,1,0,648,802,19,1,2,1,0,10,11,10,3,0,2,0,47,772,726,58,8,587,73,455,427,22,2002,1561,1,198,465,5,2,200,465,4,1,1893,670
2012,5,3,1,233,419,9,4,2,7,2,0,3,243,413,7,6,1,2,1,227,406,6,3,1,2,2,4,2,1,1,2,20,231,398,12,14,0,0,3,2,2,216,405,17,9,1,8,0,0,221,397,12,0,0,0,197,374,24,13,0,3,1,0,1,4,12,5,5,6,0,2,0,5,196,367,34,6,2,5,6,0,0,2,0,7,0,0,1,12,20,0,188,358,8,3,1,2,25,30,2,2,0,1,56,267,399,5,0,2,0,0,0,3,3,248,382,6,1,1,0,0,1,6,1,2,0,1,0,25,392,248,36,4,200,35,244,197,4,876,680,1,93,203,2,0,85,211,2,0,825,298
2012,5,4,1,1096,1337,76,38,15,53,3,4,9,1146,1337,54,31,12,28,4,1078,1297,53,22,10,24,9,8,7,7,1,13,88,1089,1333,79,47,0,0,0,11,14,1043,1352,68,56,17,41,0,0,1078,1327,73,0,0,0,954,1205,121,82,11,19,2,0,18,18,36,14,11,14,1,6,11,11,926,1166,193,33,10,21,29,0,1,6,5,16,1,9,2,53,43,3,899,1124,54,14,6,4,129,141,4,10,3,12,207,1178,1389,31,0,12,0,0,0,5,7,1131,1329,30,6,0,9,0,13,12,10,10,2,8,0,60,1161,1366,80,25,1071,205,822,513,21,3322,2632,1,473,775,3,5,496,752,3,5,3130,1256
2012,5,5,1,349,403,27,4,3,16,0,0,4,359,400,22,3,3,13,0,342,390,22,3,1,11,2,4,2,0,1,1,25,339,398,33,10,0,0,0,4,4,325,399,34,10,4,14,0,0,330,390,38,0,0,0,293,360,48,21,2,8,0,0,7,2,17,2,3,4,2,5,3,4,280,341,62,9,2,11,7,0,0,1,0,6,3,3,5,19,18,3,276,327,24,3,0,5,39,58,4,0,1,2,61,373,414,15,0,3,0,0,0,0,2,355,392,13,1,0,3,0,2,5,5,1,1,2,0,26,316,457,29,6,353,55,246,151,3,1000,808,1,172,208,4,1,172,210,2,1,948,385
2012,5,6,1,656,843,62,16,4,37,1,1,2,687,823,52,23,4,26,1,648,800,48,12,3,23,6,12,4,1,0,8,54,633,827,70,37,0,0,0,3,4,606,838,73,38,8,32,0,0,636,819,82,0,0,0,546,709,108,78,5,19,0,0,6,15,23,6,15,5,0,11,9,8,530,697,158,35,3,17,11,0,1,7,2,15,3,7,4,34,30,1,514,657,51,12,2,7,78,116,7,6,1,9,155,697,876,32,0,14,0,0,0,1,1,673,823,30,0,1,13,0,3,13,10,7,0,1,0,46,651,936,25,10,663,148,556,240,15,1908,1622,1,307,610,2,0,316,601,1,1,1824,919
2012,5,7,1,690,673,22,15,5,17,2,2,11,707,648,17,19,6,17,1,669,631,13,13,4,15,6,17,5,1,0,3,47,687,642,20,22,0,0,0,4,11,662,644,20,20,10,18,0,1,677,644,24,0,0,0,611,592,52,29,6,11,0,0,8,11,30,3,7,3,1,2,0,8,602,580,93,14,3,9,4,0,0,6,1,7,0,3,1,25,26,0,580,558,12,5,3,5,73,68,7,5,0,1,106,729,678,8,0,7,0,0,1,2,5,695,643,5,2,1,5,0,6,5,5,3,1,3,0,56,582,780,62,13,676,49,406,286,20,1846,1437,1,294,319,2,0,283,330,1,1,1765,615
2012,5,8,1,1095,1033,62,8,11,31,1,4,12,1135,1029,43,9,10,16,1,1074,996,39,5,9,15,6,10,9,3,0,3,78,1060,1050,61,24,0,0,0,5,16,1019,1066,56,27,8,25,0,0,1052,1027,64,0,0,0,943,916,91,48,3,14,2,0,11,22,44,14,15,7,5,8,7,28,916,885,148,18,3,17,19,0,4,5,5,24,8,1,8,64,37,5,892,853,40,5,2,4,97,136,9,2,1,6,189,1121,1085,31,0,7,0,0,2,5,10,1076,1031,28,0,2,5,0,8,16,4,4,0,1,0,73,887,1302,48,26,1090,103,639,407,24,2821,2263,1,507,639,5,5,517,627,7,5,2595,1156
2012,5,9,1,367,450,12,4,1,6,0,5,1,374,446,8,5,0,4,0,361,438,8,3,0,3,5,3,2,0,1,3,13,370,445,11,5,0,0,0,6,2,352,445,12,7,1,3,0,0,364,438,11,0,0,0,327,412,31,5,1,4,0,0,4,4,8,2,8,2,1,2,4,5,315,395,50,3,0,2,13,0,2,1,5,5,0,1,2,7,12,0,309,380,8,2,0,0,37,53,2,0,1,1,47,394,441,3,0,0,0,0,0,2,4,380,428,3,1,0,0,0,2,7,2,0,1,1,0,15,407,400,33,6,346,21,236,238,5,1125,846,1,118,185,4,4,125,179,3,4,1087,311
2012,5,77,1,74,52,4,0,2,2,0,1,2,72,52,3,1,1,3,0,71,48,3,0,1,2,0,1,0,0,0,0,8,69,51,3,5,0,0,0,2,1,71,53,3,3,1,1,0,0,68,51,4,0,0,0,64,48,5,4,1,1,0,0,0,1,3,0,0,0,0,0,0,0,60,44,7,4,1,1,0,0,0,0,0,1,0,1,0,2,5,0,60,44,3,1,0,1,6,6,0,1,1,0,10,73,54,4,0,1,0,0,0,2,1,71,51,3,0,0,0,0,2,0,0,1,1,0,0,4,59,66,11,1,47,10,44,35,1,0,138,1,16,42,0,0,11,47,0,0,0,58
2012,5,78,1,31,36,3,1,0,0,0,1,0,33,33,3,1,0,0,0,30,33,3,1,0,0,0,2,0,0,0,0,2,3,4,0,0,0,0,0,0,0,4,6,0,0,0,0,0,0,4,5,1,0,0,0,3,5,1,0,0,0,0,0,0,0,0,0,0,0,0,0,0,0,3,5,1,0,0,0,0,0,0,0,0,0,0,0,0,0,0,0,3,4,0,0,0,0,0,0,0,0,0,0,3,4,6,0,0,0,0,0,0,0,0,4,6,0,0,0,0,0,0,0,0,0,0,0,0,0,31,38,3,0,31,5,20,16,0,0,72,1,7,16,1,1,8,16,0,1,0,25
2012,6,1,1,595,594,42,15,1,21,1,6,1,611,586,32,23,1,9,0,584,570,29,14,0,9,6,11,7,0,0,7,35,577,561,47,29,0,0,4,4,5,555,565,47,32,2,31,0,1,577,559,46,0,0,0,523,497,71,39,2,17,1,0,6,8,5,7,12,7,17,6,7,5,506,504,100,24,1,16,12,0,24,0,0,4,2,4,1,11,2,6,484,468,31,11,0,6,60,70,7,1,0,4,124,736,457,32,0,22,0,0,15,7,2,700,442,29,6,0,16,0,14,16,3,0,0,2,0,44,526,701,44,6,539,66,341,324,7,1618,1277,1,297,357,5,3,327,329,3,3,1567,662
2012,6,2,1,1413,1050,124,39,5,81,4,2,6,1471,1062,91,32,9,50,1,1387,1001,81,23,4,41,12,20,17,5,0,14,112,1299,1124,132,82,0,0,2,6,14,1268,1147,130,67,13,72,0,2,1325,1096,138,0,0,0,1141,907,205,112,5,35,0,0,13,34,6,34,23,23,69,15,16,13,1108,988,286,46,3,28,35,0,43,10,4,23,4,5,8,39,4,8,1058,858,86,19,2,14,162,157,21,10,1,16,306,1616,910,107,0,54,0,0,18,6,17,1465,864,196,0,0,41,0,25,32,13,0,0,5,0,65,874,1840,10,5,1462,204,715,338,10,3169,2731,1,811,933,3,1,819,928,0,1,2903,1748
2012,6,3,1,598,398,15,4,1,4,1,1,10,613,385,12,3,0,1,0,586,379,11,2,0,1,6,4,1,1,1,0,30,590,373,11,9,0,0,1,5,13,566,383,15,6,3,3,0,4,584,365,11,0,0,0,511,339,29,8,1,1,0,0,4,5,2,4,23,3,22,2,12,4,484,309,63,6,2,2,17,0,40,1,2,0,3,3,2,5,6,0,468,318,9,3,0,0,93,36,0,1,1,0,86,699,283,6,0,9,0,0,18,6,11,661,272,6,0,0,8,0,21,13,0,0,0,0,0,36,359,615,57,4,572,16,234,208,5,1272,1034,1,260,192,2,1,248,202,2,3,1224,455
2012,6,4,1,1331,1326,92,18,16,44,2,3,10,1387,1296,68,22,17,35,1,1307,1261,58,12,13,31,12,15,12,3,2,4,108,1278,1293,90,57,0,0,3,15,9,1246,1299,96,47,18,60,0,4,1277,1276,100,0,0,0,1109,1112,173,71,14,24,2,0,7,33,2,14,23,17,59,19,15,18,1074,1140,259,31,7,27,30,0,78,0,1,18,4,7,2,23,4,6,1034,1036,62,9,6,13,167,174,10,6,2,7,299,1586,1069,72,0,65,0,0,22,15,14,1471,1014,65,0,0,54,0,55,31,9,0,0,8,0,117,1157,1592,79,23,1299,177,840,520,15,3532,2851,1,656,880,7,4,656,883,4,4,3390,1547
2012,6,5,1,433,308,8,3,1,6,1,0,0,445,300,5,3,0,4,0,426,298,5,2,0,4,1,6,0,0,0,0,19,412,303,13,3,0,0,1,3,3,404,307,12,7,1,4,0,0,407,306,14,0,0,0,362,286,29,7,1,6,0,0,1,4,0,3,1,0,24,2,6,1,345,278,53,2,1,4,5,0,31,1,1,1,0,1,2,1,0,2,337,271,9,1,0,1,52,30,0,0,1,2,51,499,237,9,0,4,0,0,10,4,1,463,234,9,0,0,4,0,9,8,0,0,0,0,0,29,303,431,24,3,390,15,210,142,4,1013,761,1,165,170,1,4,163,173,2,2,980,340
2012,6,6,1,824,716,23,5,5,12,1,6,3,852,686,17,7,6,10,0,807,678,15,4,5,8,2,14,3,0,0,4,48,805,685,26,6,0,0,2,8,6,796,693,29,7,3,12,0,0,804,669,25,0,0,0,747,623,59,10,1,9,1,0,6,8,2,5,2,10,18,7,9,3,705,616,114,6,1,10,9,0,28,1,2,7,3,1,7,8,2,5,688,589,20,3,1,7,94,66,4,1,0,1,107,1023,497,21,0,12,0,0,27,6,8,944,483,16,0,0,12,0,42,18,2,0,0,0,0,66,681,838,72,6,751,44,414,384,4,2188,1597,1,336,321,1,3,314,338,5,4,2153,661
2012,6,7,1,311,234,15,2,3,7,1,2,5,317,234,12,3,1,7,6,309,232,11,2,1,6,3,1,2,0,1,0,6,304,235,16,2,0,0,1,4,5,304,230,18,1,1,2,0,0,308,227,18,0,0,0,285,209,26,11,0,2,0,0,1,5,1,2,1,0,9,1,3,0,269,215,37,3,0,4,1,0,17,1,1,3,0,1,1,3,1,0,268,201,13,1,0,2,26,27,3,0,0,0,31,374,186,10,0,5,0,0,6,1,5,340,158,10,0,0,4,0,22,4,0,0,0,1,0,36,231,326,20,4,282,23,128,145,3,716,581,1,147,144,1,0,138,149,5,0,687,292
2012,6,8,1,759,907,19,10,6,7,0,2,7,778,881,19,8,5,5,0,748,878,14,7,5,5,3,8,1,1,0,1,38,734,855,28,6,0,0,1,18,12,708,870,29,7,8,8,0,0,730,851,27,0,0,0,669,806,58,9,2,8,0,2,2,11,5,5,11,3,17,8,13,2,646,793,101,5,4,4,16,0,37,4,1,3,2,5,0,5,0,3,634,773,22,2,3,4,69,69,2,1,2,1,106,992,668,19,0,10,0,0,8,3,13,924,661,15,2,0,5,0,18,19,0,0,0,4,0,56,826,790,98,4,670,42,473,523,10,2190,1717,1,307,444,5,5,299,454,3,5,2114,761
2012,6,9,1,650,298,18,8,3,11,0,3,9,663,285,17,7,2,10,0,642,279,15,5,2,10,6,4,0,1,0,0,26,650,278,23,12,0,0,1,5,8,619,287,33,9,6,11,0,0,634,281,25,0,0,0,582,246,46,11,4,4,0,0,3,7,0,1,7,5,25,4,5,4,575,229,89,10,2,4,13,0,22,0,0,4,0,3,0,5,2,1,538,228,21,4,1,1,78,40,0,2,0,1,77,760,191,12,0,6,0,0,14,1,11,699,176,10,0,0,6,0,42,2,2,0,0,1,0,52,337,621,34,10,578,33,153,228,10,1242,1002,1,256,216,0,1,260,211,1,1,1196,473
2012,6,10,1,692,651,35,13,5,20,1,6,10,704,646,25,15,5,18,0,687,637,24,11,5,15,4,3,3,1,0,0,28,677,628,31,27,0,0,0,11,9,660,640,31,17,12,30,0,1,674,623,35,0,0,0,614,587,56,22,6,16,0,0,1,13,2,7,3,5,24,4,4,2,591,600,96,14,5,16,10,0,22,0,1,3,0,1,0,9,1,2,569,567,21,5,4,9,87,47,5,4,1,4,88,824,525,26,0,34,0,0,11,5,5,775,515,23,0,0,23,0,22,16,1,0,0,8,0,41,611,747,66,6,640,58,452,269,11,1869,1434,1,314,321,1,6,307,326,3,6,1773,642
2012,6,11,1,570,498,20,5,3,14,0,6,3,575,493,18,4,2,11,0,558,481,16,4,2,11,6,5,3,0,0,0,25,583,457,20,8,0,0,2,9,8,561,454,27,6,3,19,0,1,571,452,26,0,0,0,524,418,46,6,2,11,0,0,0,8,2,4,3,3,21,5,5,2,496,419,87,4,1,10,6,0,24,1,1,5,1,0,0,1,2,0,482,400,18,1,1,8,80,40,0,0,0,3,68,726,334,11,0,12,0,0,7,7,15,682,323,11,0,0,11,0,19,14,0,0,0,0,0,38,474,568,69,9,503,28,283,294,12,1380,1120,1,242,244,5,1,220,268,3,1,1326,492
2012,6,12,1,378,339,17,1,0,6,0,3,7,391,331,12,1,0,6,0,375,328,12,0,0,5,1,6,2,0,0,1,12,373,324,18,2,0,0,1,6,6,364,333,18,3,3,5,0,2,366,328,19,0,0,0,339,304,39,2,0,6,0,0,4,4,1,2,1,2,6,3,2,1,327,300,56,2,0,2,5,0,14,0,2,2,0,0,2,2,0,1,317,293,13,1,0,2,43,28,1,0,0,0,42,469,255,8,0,3,0,0,3,1,9,431,347,8,0,0,2,0,21,6,0,0,0,1,0,26,316,400,29,7,348,20,171,210,3,957,752,1,186,165,2,1,182,170,1,1,932,354
2012,6,13,1,573,505,50,10,8,26,0,2,4,589,498,43,10,6,22,0,569,483,43,8,6,20,3,8,2,3,1,3,23,556,505,50,17,0,0,0,6,4,531,521,51,15,11,27,0,2,552,488,55,0,0,0,487,443,76,28,6,18,0,0,4,7,1,9,4,10,24,5,6,5,470,455,124,13,5,16,20,0,16,3,2,3,0,3,3,10,1,1,434,420,43,7,4,10,95,57,5,4,1,11,77,713,376,44,0,22,0,0,9,5,3,644,365,41,0,0,20,0,35,13,4,0,0,3,0,45,466,663,36,13,537,75,266,299,1,1465,1178,1,271,317,5,4,277,317,3,5,1375,602
2012,6,14,1,390,358,23,6,5,14,0,2,5,405,351,15,11,5,8,0,384,343,11,5,4,5,3,2,4,3,0,4,23,386,334,17,19,0,0,0,7,8,362,345,15,18,3,16,0,0,382,338,15,0,0,0,334,298,39,19,3,13,1,0,2,9,0,2,5,5,20,2,3,4,320,304,58,12,2,6,12,0,19,0,0,3,0,2,1,6,1,4,313,282,10,4,2,2,42,40,3,3,0,3,87,509,243,19,0,16,0,0,5,3,6,475,224,18,0,0,12,0,14,6,3,0,0,1,0,42,315,451,34,4,374,45,219,161,5,1041,804,1,189,189,1,1,193,184,2,1,1002,380
2012,6,77,1,126,50,4,2,0,4,0,1,0,124,49,7,1,1,1,0,122,45,4,1,0,1,0,0,1,1,1,2,9,117,48,9,2,0,0,0,3,1,112,52,8,1,0,5,0,0,116,49,9,0,0,0,110,46,8,2,0,1,0,0,1,0,0,3,0,0,6,0,0,0,96,47,14,0,0,2,0,0,13,0,0,0,0,0,0,1,1,0,92,45,6,0,0,0,22,1,2,0,0,0,15,136,34,5,0,5,0,0,1,1,1,126,32,5,0,0,3,0,3,3,0,0,0,1,0,12,66,106,13,2,89,11,28,58,1,0,187,1,20,45,5,0,11,58,1,0,0,70
2012,6,78,1,53,62,1,0,0,1,0,0,0,57,57,1,0,0,1,0,53,57,1,0,0,1,0,2,0,0,0,0,3,22,26,0,0,0,0,0,0,0,24,26,0,0,0,0,0,0,25,25,1,0,0,0,27,24,2,2,0,0,0,0,0,0,0,0,0,0,2,0,0,0,24,21,5,0,0,1,1,0,2,0,0,0,0,0,0,0,0,0,17,21,0,0,0,0,4,4,0,0,0,0,14,38,27,1,0,0,0,0,0,0,0,35,27,1,0,0,0,0,0,1,0,0,0,1,0,1,49,58,8,2,52,6,29,30,0,0,117,1,23,28,0,0,15,36,0,0,0,51
2012,7,1,1,885,756,30,6,6,9,1,1,5,901,734,28,6,6,7,0,871,727,28,5,4,7,12,9,2,0,0,0,39,865,700,39,0,8,0,14,8,7,866,695,39,9,0,14,0,1,871,694,42,0,0,0,793,655,75,8,6,10,0,0,6,5,2,5,4,1,25,2,16,5,761,626,136,7,1,6,12,0,48,3,2,3,2,1,3,14,2,0,743,618,30,6,1,5,90,72,6,0,1,3,115,1051,579,24,0,14,0,0,5,8,8,996,577,22,0,0,7,0,13,14,1,0,0,1,0,50,704,905,75,17,834,49,398,412,8,2426,1701,1,330,383,9,9,326,388,7,10,2392,731
2012,7,2,1,473,395,10,3,2,5,0,4,9,475,387,6,4,3,5,0,458,382,4,3,2,4,0,5,1,0,0,1,29,452,380,9,0,2,0,8,7,10,450,375,12,10,0,7,0,1,450,374,15,0,0,0,406,352,31,5,2,7,0,1,3,9,2,2,3,2,10,1,3,1,390,334,62,7,1,2,7,0,22,2,0,2,2,1,1,9,1,1,384,328,7,5,1,2,49,40,2,0,0,0,67,517,347,5,0,13,0,0,3,5,5,489,341,5,0,0,11,0,13,6,1,0,0,0,0,26,390,445,55,11,409,22,210,247,13,1280,902,1,223,211,2,4,203,231,2,4,1285,440
2012,7,3,1,724,578,47,6,2,19,2,4,4,746,559,29,13,4,16,1,707,542,27,5,2,7,3,10,6,6,1,6,51,676,574,45,0,9,0,20,4,2,691,556,41,26,0,30,0,0,691,550,48,0,0,0,605,471,82,48,8,8,2,0,8,12,4,11,4,8,30,4,24,8,594,461,116,21,4,8,3,0,34,9,4,11,3,5,9,47,3,1,562,423,33,7,3,2,86,100,1,4,2,2,147,775,496,38,0,33,0,0,11,7,5,740,485,36,0,0,25,0,13,10,4,0,0,1,0,52,576,773,18,8,709,76,354,229,7,1803,1379,1,407,431,5,2,405,434,4,2,1756,845
2012,7,4,1,1289,814,76,17,8,34,2,6,8,1327,815,47,13,10,26,0,1263,776,46,7,7,20,10,13,11,6,0,6,75,1218,848,88,0,15,0,12,8,11,1247,829,69,40,0,48,0,1,1241,826,75,0,0,0,1121,728,127,51,9,18,0,0,10,7,5,10,13,12,31,13,17,35,1074,712,178,27,6,17,5,0,30,15,10,16,6,8,10,61,5,1,1040,669,50,7,3,4,141,117,17,4,1,8,153,1302,784,70,0,61,0,0,7,10,15,1261,762,64,0,0,45,0,21,15,4,0,0,4,0,53,679,1550,19,7,1289,122,549,287,8,2736,2254,1,831,652,3,0,840,644,2,0,2617,1486
2012,7,5,1,1106,766,73,21,4,38,5,5,3,1133,764,60,21,5,23,3,1096,740,51,13,4,24,7,10,16,3,0,7,47,1045,795,97,0,15,0,6,11,6,1070,765,83,41,0,44,0,3,1062,771,89,0,0,0,942,681,113,64,4,20,1,1,13,12,2,15,7,7,45,9,12,16,914,643,167,31,4,27,8,3,30,6,5,22,2,3,10,72,5,2,881,616,55,9,3,10,130,126,13,4,0,7,151,1151,718,67,0,57,0,0,8,13,4,1110,704,62,0,0,39,0,21,17,6,0,0,4,0,42,647,1351,19,5,1119,118,505,275,5,2425,2022,1,706,620,5,0,712,618,1,0,2293,1331
2012,7,6,1,804,469,25,7,2,18,0,0,3,836,456,16,5,1,8,0,792,443,16,5,1,6,4,8,3,1,0,7,39,760,491,34,0,7,0,4,6,6,769,474,35,27,0,14,0,0,761,472,38,0,0,0,694,424,43,29,4,6,0,0,6,8,3,11,11,11,25,5,5,9,688,400,87,7,2,7,2,0,11,7,5,7,2,2,5,51,8,0,662,384,23,3,1,3,56,68,3,1,0,3,109,789,428,37,0,46,0,0,10,6,6,769,413,32,0,0,33,0,19,8,1,0,0,3,0,38,368,951,4,5,825,47,295,153,8,1603,1329,1,532,358,3,0,543,349,0,1,1499,893
2012,7,7,1,273,199,12,3,3,4,0,0,2,281,193,12,3,1,3,0,270,189,12,3,1,3,2,3,0,0,1,0,11,277,183,13,0,2,0,2,3,2,274,185,12,4,0,3,0,0,275,183,14,0,0,0,249,171,27,6,2,3,0,0,1,4,1,0,3,1,10,0,0,1,236,161,40,3,2,4,3,0,12,1,1,2,2,0,1,5,0,1,233,157,10,1,2,2,34,23,2,0,0,1,28,317,157,10,0,4,0,0,2,3,2,304,155,10,0,0,4,0,3,2,0,0,0,0,0,14,181,295,19,1,247,23,107,114,5,644,497,1,116,105,1,0,113,107,2,0,635,222
2012,7,8,1,2236,1273,118,23,4,62,1,2,7,2287,1257,87,26,4,52,3,2205,1217,82,16,3,44,9,25,14,3,0,13,91,2124,1340,132,0,15,0,17,11,7,2120,1298,113,61,0,59,0,8,2125,1311,139,0,0,0,1878,1165,191,91,6,27,0,3,25,27,10,18,24,29,74,15,33,29,1832,1080,298,48,6,35,12,1,62,17,16,37,4,6,12,136,15,9,1770,1031,81,11,1,9,238,205,18,7,2,17,319,2241,1209,114,0,103,0,0,18,12,23,2170,1166,104,6,0,78,0,44,26,8,0,0,9,0,87,1276,2431,15,5,2221,205,844,448,9,4428,3727,1,1430,1025,4,2,1468,991,0,2,4181,2461
2012,7,9,1,640,461,35,15,5,21,1,4,4,662,444,30,20,6,13,0,633,431,28,13,5,10,3,7,3,2,0,6,37,619,479,41,0,6,0,10,2,3,627,467,34,33,0,31,0,3,612,463,37,0,0,0,529,409,55,42,5,9,0,1,7,17,3,6,6,9,43,2,8,11,515,393,97,17,3,6,6,1,40,2,2,13,4,3,4,41,3,1,493,370,27,6,2,5,84,75,3,6,0,2,109,699,413,33,0,26,0,0,3,4,4,663,401,31,0,0,19,0,11,15,2,0,0,5,0,32,397,774,5,10,626,64,310,180,6,1463,1186,1,328,372,3,0,338,360,3,2,1358,703
2012,7,10,1,1402,1153,89,31,9,47,1,3,8,1466,1121,73,26,6,27,1,1375,1080,68,17,4,24,12,25,10,5,1,11,104,1338,1070,91,0,19,0,122,9,11,1368,1048,91,67,0,66,0,10,1356,1053,108,0,0,0,1174,944,189,77,7,20,8,0,13,17,8,13,15,11,52,12,38,18,1106,887,298,32,4,18,39,2,77,7,11,14,1,7,11,57,3,1,1060,844,67,10,3,10,210,171,14,8,0,7,327,1705,868,50,0,38,0,0,48,8,16,1597,837,47,0,0,27,0,43,33,3,0,0,9,0,129,1018,1645,70,16,1320,145,747,524,13,3674,2749,1,606,742,5,5,582,765,8,3,3534,1358
2012,7,11,1,628,439,24,8,2,13,2,1,5,647,419,23,8,3,6,0,622,415,19,6,1,5,5,3,2,0,0,5,34,593,392,35,0,7,0,34,5,9,624,389,30,14,0,17,0,0,604,388,34,0,0,0,537,354,70,23,1,8,0,0,6,8,3,4,6,0,25,3,11,6,502,343,102,12,2,9,5,0,43,3,3,6,0,0,7,22,0,0,476,332,24,4,1,2,105,46,5,2,0,5,106,759,293,26,0,8,0,0,26,5,3,710,286,24,0,0,5,0,31,8,2,0,0,3,0,45,408,654,49,11,563,62,263,226,8,1540,1122,1,216,267,4,2,221,264,2,2,1510,489
2012,7,12,1,1086,1128,101,30,9,50,0,2,5,1140,1114,80,32,3,34,1,1070,1080,73,22,2,29,14,11,15,7,1,15,73,1012,1153,107,0,16,0,37,5,17,1050,1108,93,57,0,60,0,7,1050,1111,115,0,0,0,892,981,153,72,5,27,2,1,8,33,6,18,21,6,49,12,20,18,845,937,245,32,3,26,28,0,70,14,1,31,1,1,4,64,6,1,791,912,72,14,2,8,189,171,10,2,0,9,221,1275,953,95,0,40,0,0,26,10,11,1207,924,88,0,0,32,0,36,15,10,0,0,8,0,76,977,1394,38,8,1087,143,744,427,16,2995,2417,1,631,906,6,1,632,908,2,2,2881,1544
2012,7,13,1,489,424,54,5,2,19,4,0,4,501,409,43,11,1,17,4,479,400,37,4,0,13,4,3,9,3,0,7,38,450,442,54,0,8,0,7,4,10,461,426,49,18,0,25,0,2,459,431,55,0,0,0,397,380,70,28,0,13,1,1,5,9,2,4,7,4,25,4,15,6,389,355,100,13,0,15,13,1,17,6,0,9,1,4,4,28,8,3,368,335,39,2,0,4,59,72,4,1,0,8,92,519,393,42,0,31,0,0,8,5,2,499,369,40,0,0,23,0,9,10,7,0,0,7,0,29,326,654,11,12,491,81,286,126,19,1207,1001,1,311,371,0,0,321,358,2,1,1145,682
2012,7,14,1,206,129,13,0,1,3,0,1,3,208,128,11,1,1,2,0,204,127,11,0,1,2,0,2,2,0,0,0,4,202,121,13,0,2,0,7,2,2,202,123,11,1,0,1,0,0,200,124,10,0,0,0,182,116,22,0,1,1,0,1,4,2,1,0,1,0,8,0,1,0,178,102,32,0,0,0,3,0,13,2,1,1,2,1,0,5,0,2,173,101,8,0,0,0,22,20,3,0,1,0,24,236,102,11,0,0,0,0,2,2,2,224,101,10,0,0,0,0,1,1,0,0,0,0,0,15,118,216,22,1,194,14,53,95,1,570,357,1,66,66,0,0,73,58,1,0,557,132
2012,7,15,1,531,508,53,13,15,38,2,2,5,551,508,38,17,6,23,0,522,493,36,11,3,16,2,5,6,1,1,2,44,493,515,71,0,19,0,11,7,5,502,493,54,40,0,41,0,3,493,501,71,0,0,0,431,445,91,41,8,15,0,0,8,9,4,8,7,4,19,7,8,12,415,406,141,17,4,18,15,0,19,3,3,10,3,3,0,44,4,4,395,318,38,5,3,6,65,89,14,3,1,7,130,627,429,50,0,33,0,0,9,5,5,588,407,46,0,0,23,0,15,18,8,0,0,10,0,38,411,723,14,8,554,70,338,184,10,1458,1156,1,305,421,3,3,315,414,2,1,1383,732
2012,7,16,1,301,300,17,6,1,17,1,2,1,311,288,14,9,0,16,1,297,280,12,4,0,12,1,6,2,1,0,2,26,289,292,26,0,6,0,3,2,3,292,278,23,16,0,17,0,0,289,283,29,0,0,0,257,245,33,20,1,5,0,0,3,14,0,2,4,2,15,2,1,9,242,229,51,20,0,9,5,0,12,2,3,17,1,2,0,24,2,4,238,215,17,4,0,5,39,54,2,0,1,3,63,346,252,19,0,15,0,0,11,2,1,328,239,17,0,0,11,0,10,8,3,0,0,3,0,24,242,388,14,2,295,52,191,108,0,890,646,1,133,193,2,1,136,191,1,1,882,329
2012,7,17,1,844,653,59,22,10,38,2,4,6,878,655,34,24,11,25,1,838,625,34,18,9,22,9,5,13,1,1,8,46,808,652,71,0,16,0,24,6,5,831,615,48,50,0,59,0,2,827,626,63,0,0,0,699,552,93,70,6,28,1,1,11,11,3,9,7,6,43,11,11,12,668,525,166,34,4,25,22,0,40,5,5,17,2,3,7,37,4,5,640,498,39,11,3,8,136,101,8,10,1,6,170,979,547,50,0,31,0,0,11,6,8,918,514,44,0,0,14,0,32,22,5,0,0,12,0,65,538,1069,22,10,829,114,448,233,15,1984,1639,1,463,501,3,4,446,522,2,1,1899,971
2012,7,18,1,293,312,24,8,2,23,0,1,2,297,312,23,12,2,14,0,285,297,20,7,2,12,0,8,4,1,0,7,18,269,315,37,0,7,0,3,2,6,281,301,32,16,0,20,0,0,273,306,35,0,0,0,231,257,60,28,3,12,1,0,3,4,0,3,6,4,12,4,6,4,228,245,76,10,2,12,6,0,13,2,0,5,3,1,0,23,0,1,220,234,24,4,2,7,35,58,3,2,0,4,63,342,256,33,0,19,0,0,3,5,4,328,250,30,0,0,15,0,7,9,3,0,0,1,0,12,260,398,3,3,276,51,237,96,4,791,664,1,196,250,0,0,187,258,1,0,752,446
2012,7,19,1,362,231,26,8,4,16,0,0,3,377,227,20,11,4,9,0,358,220,19,6,4,8,0,7,3,3,0,3,17,320,244,34,0,6,0,7,4,2,339,233,27,21,0,20,0,0,321,230,29,0,0,0,284,211,45,19,5,11,1,1,3,4,0,1,4,5,24,0,3,3,278,190,75,12,0,9,6,0,16,1,1,4,1,1,1,16,1,0,261,186,19,7,0,5,45,37,4,3,0,2,76,402,197,13,0,19,0,0,10,3,6,381,188,13,0,0,15,0,6,6,2,0,0,2,0,29,204,426,18,3,351,40,146,110,4,813,651,1,184,154,2,1,185,153,2,1,751,341
2012,7,20,1,506,457,32,10,4,16,2,0,2,530,446,24,9,2,10,0,493,428,21,7,2,10,2,7,1,3,1,5,49,485,422,38,0,4,0,14,5,8,491,415,34,26,0,21,0,0,479,420,40,0,0,0,432,378,60,21,1,13,2,0,2,9,3,7,7,7,15,3,7,9,416,365,95,14,0,9,9,1,20,2,0,7,1,0,3,24,0,1,398,348,24,5,0,7,64,47,5,3,1,5,109,613,332,23,0,18,0,0,23,7,8,581,325,20,0,0,18,0,13,9,5,0,0,2,0,41,400,592,33,6,484,53,285,200,9,1345,1031,1,235,260,3,4,230,268,2,2,1276,502
2012,7,77,1,230,82,7,4,3,5,0,0,0,235,77,4,6,4,5,0,228,76,3,4,3,4,1,2,2,0,0,1,7,221,81,8,0,2,0,1,5,1,226,76,7,7,0,5,0,0,224,76,7,0,0,0,199,64,8,4,1,3,0,0,2,4,2,1,3,1,9,0,3,3,184,65,9,2,2,2,1,0,18,3,5,1,1,0,3,8,4,0,184,60,4,0,0,1,25,13,0,2,0,0,33,243,68,6,0,6,0,0,3,5,0,238,67,5,0,0,5,0,4,0,0,0,0,1,0,8,115,207,7,1,182,20,71,57,0,0,331,1,33,64,2,0,18,80,1,0,0,99
2012,7,78,1,71,45,1,1,0,1,0,1,2,71,43,1,3,0,0,0,69,43,1,1,0,0,0,1,0,0,0,0,4,20,7,0,0,0,0,0,0,2,21,9,0,0,0,0,0,0,21,9,0,0,0,0,27,7,1,0,0,0,0,0,0,0,0,0,0,0,0,0,0,0,24,7,4,0,0,0,0,0,0,0,0,0,0,0,0,0,0,0,18,7,0,0,0,0,2,0,0,0,0,0,11,32,12,0,0,0,0,0,0,0,0,31,12,0,0,0,0,0,0,0,0,0,0,0,0,1,48,67,7,0,63,3,32,24,0,0,122,1,25,30,2,1,19,37,1,1,0,58
2012,7,79,1,0,0,0,0,0,0,0,0,0,0,0,0,0,0,0,0,0,0,0,0,0,0,0,0,0,0,0,0,0,0,0,1,0,0,0,0,0,0,0,0,1,0,0,0,0,0,0,0,1,0,0,0,0,0,0,1,0,0,0,0,0,0,0,0,0,0,0,0,0,0,0,0,1,0,0,0,0,0,0,0,0,0,0,0,0,0,0,0,0,0,0,0,0,0,0,0,0,0,0,0,1,0,0,0,0,0,0,0,0,0,1,0,0,0,0,0,0,0,0,0,0,0,0,0,0,0,0,0,0,0,0,0,0,0,0,0,2,,,,,,,,,,,
2012,8,1,1,237,296,15,3,3,10,0,1,2,244,289,15,2,3,8,0,236,288,15,2,3,8,0,4,0,0,0,2,6,209,301,17,0,4,0,3,4,1,220,291,17,4,0,9,0,0,222,292,18,0,0,0,195,285,23,3,5,4,0,0,3,3,0,0,2,3,11,3,4,2,190,268,42,3,2,2,0,0,11,4,0,5,0,3,0,0,0,0,184,263,16,2,2,2,24,27,1,0,0,2,39,240,312,7,0,0,0,0,0,2,1,232,298,7,0,0,0,0,6,5,0,1,1,0,0,13,304,233,22,7,226,20,149,159,12,807,567,1,104,120,4,2,92,133,3,2,772,230
2012,8,2,1,1351,947,51,9,9,18,0,5,4,1370,933,40,14,7,13,0,1339,923,39,7,7,11,4,11,7,1,0,7,33,1303,934,53,0,13,0,16,17,5,1311,898,56,19,0,19,0,2,1320,900,58,0,0,0,1230,837,102,14,11,13,1,1,7,3,5,15,5,4,35,8,8,6,1204,806,164,9,7,10,6,0,43,21,3,0,2,5,2,2,2,8,1174,789,48,4,3,7,107,91,2,4,2,1,145,1370,994,11,0,0,0,0,1,5,9,1323,959,9,1,2,0,0,20,13,4,2,0,0,0,53,913,1370,104,12,1228,72,458,615,26,3441,2400,1,474,425,9,4,454,447,7,4,3264,912
2012,8,3,1,912,969,85,28,9,55,2,2,2,962,955,70,27,8,33,1,903,919,64,22,7,31,5,18,9,4,1,9,69,860,987,92,0,22,0,10,6,7,873,947,86,56,0,55,0,0,884,955,93,0,0,0,749,821,157,78,5,29,1,0,9,11,7,27,10,16,47,18,11,7,727,768,243,40,3,26,15,1,45,60,6,1,1,20,3,4,4,28,701,744,63,16,2,15,121,171,11,10,1,5,188,851,1121,54,0,0,0,0,13,8,3,821,1051,49,6,1,0,0,15,26,9,7,3,0,0,67,829,1215,14,9,937,128,612,367,23,2538,2065,1,514,753,1,1,498,771,0,0,2350,1269
2012,8,4,1,293,308,25,3,3,3,0,0,5,302,300,23,6,2,1,0,290,297,21,3,2,1,4,4,2,1,0,2,8,278,300,22,0,5,0,0,4,7,280,293,19,8,0,7,0,2,282,290,20,0,0,0,249,252,59,11,4,3,0,0,1,3,0,6,1,2,10,4,1,2,231,239,87,3,2,4,1,0,9,17,0,0,0,4,0,0,0,2,225,232,17,2,2,2,46,50,4,0,0,0,48,307,323,7,0,0,0,0,0,0,2,286,306,7,1,0,0,0,8,8,1,1,1,0,0,20,252,371,13,4,295,41,154,145,5,843,640,1,131,177,3,0,124,184,2,1,790,311
2012,8,5,1,678,720,18,10,8,6,0,3,5,690,703,16,11,4,4,0,666,697,15,8,4,3,4,8,3,1,1,1,33,664,705,21,0,1,0,1,11,8,655,684,21,8,0,7,0,0,664,687,19,0,0,0,581,647,51,5,4,5,1,0,1,6,3,4,2,4,33,9,15,6,559,606,102,7,2,7,3,0,37,21,3,3,0,6,7,1,1,3,546,594,18,2,1,3,80,88,1,1,0,1,98,657,775,6,0,0,0,0,1,0,4,630,742,6,0,0,0,0,11,4,0,0,0,0,0,56,691,655,95,12,571,50,339,482,11,1968,1454,1,224,221,3,0,207,240,1,0,1904,448
2012,8,6,1,1123,1051,40,8,9,9,1,4,9,1149,1016,32,14,7,7,1,1101,1005,31,8,7,7,11,20,2,1,0,1,50,1102,1000,43,0,9,0,23,14,13,1116,975,39,18,0,13,0,0,1113,981,45,0,0,0,1006,919,87,18,8,14,1,0,8,3,3,15,5,6,45,11,9,3,972,880,148,10,5,11,10,0,53,24,4,0,1,4,1,3,0,4,940,861,33,3,3,4,120,109,6,1,3,2,146,1102,1113,11,0,0,0,0,1,1,14,1064,1061,11,1,1,0,0,17,19,0,1,2,0,0,65,990,1139,119,11,986,79,506,678,10,3148,2257,1,353,376,5,5,334,399,3,3,3037,739
2012,8,7,1,1050,989,41,15,6,19,1,4,7,1077,967,33,12,6,14,0,1031,953,31,11,5,13,5,7,5,1,0,3,58,965,962,46,0,9,0,55,13,17,1015,946,43,25,0,19,0,3,1023,950,47,0,0,0,918,881,90,26,5,15,0,2,5,3,3,8,9,8,41,11,15,8,897,848,144,17,4,11,17,0,39,27,3,0,1,7,6,3,2,6,849,824,33,10,2,7,124,114,4,2,0,2,141,1050,1041,18,0,0,0,0,2,5,9,1010,992,16,2,3,0,0,10,15,4,1,0,0,0,71,913,1121,82,25,979,66,548,532,16,2671,2135,1,448,519,6,4,449,521,3,4,2580,977
2012,8,8,1,347,313,3,1,1,8,1,1,3,346,312,4,2,1,2,0,334,306,3,1,1,2,2,3,0,0,0,0,23,318,310,11,0,1,0,0,6,6,318,307,10,5,0,6,0,0,317,302,14,0,0,0,293,285,24,4,0,3,1,0,0,0,0,1,2,2,14,6,1,2,287,281,39,3,0,2,0,0,14,5,1,0,0,0,0,0,0,3,280,274,8,2,0,2,23,26,2,0,1,0,38,310,358,2,0,0,0,0,0,1,2,291,351,2,1,0,0,0,8,3,0,1,0,0,0,15,311,326,41,1,297,22,170,185,5,870,679,1,109,128,1,1,104,133,2,0,832,239
2012,8,9,1,633,462,21,6,4,5,0,4,6,637,452,17,6,4,3,0,622,446,18,4,3,3,4,4,4,2,3,1,25,583,487,16,0,2,0,3,8,11,589,477,14,5,0,5,0,0,567,487,20,0,0,0,532,447,47,5,3,2,0,0,1,2,2,6,2,6,27,3,2,3,514,427,88,4,2,3,2,0,21,10,4,0,0,4,2,3,0,4,512,421,14,3,2,1,50,49,2,0,0,0,68,533,597,2,0,0,0,0,0,3,3,515,575,2,0,2,0,0,7,6,1,0,0,0,0,28,452,625,60,4,569,30,205,328,9,1523,1141,1,176,152,0,0,161,164,2,1,1435,328
2012,8,10,1,698,406,9,4,11,2,0,5,3,701,393,7,4,5,2,0,686,389,8,4,5,2,1,3,0,0,1,0,31,677,387,14,0,7,0,6,6,3,678,374,14,1,0,6,0,0,677,374,16,0,0,0,630,352,28,3,7,0,0,1,1,3,0,1,2,1,22,9,3,3,617,340,63,0,5,0,1,0,32,10,1,0,0,3,0,1,0,0,609,331,12,0,4,0,41,40,1,0,2,1,87,648,480,0,0,0,0,0,1,1,4,628,458,0,0,1,0,0,3,9,0,0,0,0,0,34,419,656,58,5,600,34,223,274,7,1759,1138,1,146,118,4,3,148,117,3,3,1689,271
2012,8,11,1,691,586,50,10,5,23,0,1,4,719,572,41,8,5,18,0,677,558,38,7,5,15,4,13,3,0,0,4,42,631,618,59,0,10,0,5,7,3,657,566,58,24,0,34,0,2,656,571,60,0,0,0,560,495,95,41,5,16,0,0,6,5,1,15,6,10,35,12,11,4,542,466,139,17,3,20,13,0,34,41,4,1,1,8,6,5,3,7,520,445,40,3,3,9,99,96,8,2,0,6,133,626,721,20,0,0,0,0,0,0,1,602,669,17,3,2,0,0,22,11,6,1,0,0,0,40,505,842,18,9,673,74,344,272,11,1733,1374,1,307,361,0,2,309,358,2,1,1625,670
2012,8,77,1,116,49,1,2,4,0,0,0,0,116,49,1,2,3,0,0,112,48,1,1,3,0,2,2,0,0,0,0,3,109,48,2,0,4,0,0,0,5,107,47,2,2,0,1,0,0,108,46,2,0,0,0,101,43,3,1,4,1,0,0,0,0,0,0,0,1,4,1,3,1,88,43,8,0,4,1,0,0,21,1,0,0,0,0,0,0,0,0,87,41,2,0,4,0,19,3,0,1,0,0,10,107,61,1,0,0,0,0,0,0,0,106,54,1,0,0,0,0,0,1,0,0,2,0,0,7,79,80,19,1,66,7,41,63,2,0,172,1,20,78,1,1,9,88,2,1,0,100
2012,8,78,1,56,47,0,1,0,0,0,0,0,56,43,0,2,0,1,0,53,39,0,1,0,0,0,1,0,0,0,0,11,3,6,0,0,0,0,0,0,0,5,5,1,0,0,0,0,0,3,6,0,0,0,0,3,6,0,0,0,0,0,0,0,0,0,0,0,0,0,0,0,0,2,5,3,0,0,0,0,0,0,0,0,0,0,1,0,0,0,0,2,5,0,0,0,0,1,0,0,0,0,0,4,5,6,0,0,0,0,0,0,0,0,5,5,0,0,0,0,0,0,0,0,0,0,0,0,1,52,48,5,1,45,4,24,33,0,0,106,1,23,36,0,1,13,46,0,1,0,60
2012,8,79,1,0,1,0,0,0,0,0,0,0,0,1,0,0,0,0,0,0,1,0,0,0,0,0,0,0,0,0,0,0,1,1,1,0,0,0,0,0,2,1,1,1,0,0,0,0,0,1,1,1,0,0,0,1,0,1,0,0,0,0,0,0,0,0,0,0,0,0,0,0,0,0,1,2,0,0,0,0,0,0,0,0,0,0,0,0,0,0,0,0,0,1,0,0,0,1,1,0,0,0,0,0,1,0,0,0,0,0,0,0,0,0,0,0,0,0,0,0,0,0,0,0,0,0,0,0,1,0,0,0,0,0,0,0,0,0,0,4,,,,,,,,,,,
2012,8,80,1,0,0,0,0,0,0,0,0,0,0,0,0,0,0,0,0,0,0,0,0,0,0,0,0,0,0,0,0,0,0,0,0,0,0,0,0,0,0,0,0,0,0,0,0,0,0,0,0,0,0,0,0,0,0,0,0,0,0,0,0,0,0,0,0,0,0,0,0,0,0,0,0,0,0,0,0,0,0,0,0,0,0,0,0,0,0,0,0,0,0,0,0,0,0,0,0,0,0,0,0,0,0,0,0,0,0,0,0,0,0,1,0,0,0,0,0,0,0,0,0,0,0,0,0,0,0,0,0,0,0,0,0,0,0,0,0,1,,,,,,,,,,,
2012,9,1,1,141,170,10,0,0,10,0,1,1,151,163,8,1,0,6,0,138,161,8,0,0,5,2,3,1,0,0,1,12,133,164,15,0,1,0,9,1,0,141,161,17,1,0,6,0,0,141,161,17,0,0,0,130,144,27,2,1,5,0,0,0,3,0,0,0,0,3,0,5,3,124,139,34,0,1,5,2,0,0,1,6,1,1,4,0,3,0,0,121,137,13,0,0,3,10,21,0,0,0,0,27,187,134,7,2,0,0,0,1,1,1,175,134,6,2,0,0,0,2,2,0,0,0,1,0,9,146,181,5,1,155,10,94,74,0,423,333,1,92,117,2,0,93,116,2,0,409,211
2012,9,2,1,754,789,45,10,5,37,1,1,1,767,781,41,13,7,29,1,734,762,38,8,4,24,5,9,2,1,1,4,49,717,782,55,0,12,0,12,0,6,729,760,51,32,0,46,0,1,727,762,67,0,0,0,649,689,112,42,4,18,0,0,1,7,3,13,3,5,6,4,34,13,604,660,161,17,8,15,21,0,8,5,39,8,1,3,0,41,2,0,584,636,41,8,1,5,99,110,4,5,2,8,134,966,607,44,13,0,0,0,1,3,3,904,592,43,9,0,4,0,4,24,4,1,0,10,0,42,703,906,24,10,740,90,506,297,10,2028,1643,1,441,560,5,1,440,566,0,1,1979,1007
2012,9,77,1,10,11,0,0,0,1,0,0,1,10,11,0,0,0,1,0,10,11,0,0,0,1,0,0,0,0,0,0,0,11,10,0,0,0,0,0,1,0,11,10,0,1,0,0,0,0,11,10,0,0,0,0,11,8,0,1,0,0,0,0,0,0,0,1,0,0,0,0,0,0,10,6,0,1,0,0,1,0,0,0,1,0,0,0,0,2,0,0,10,5,0,1,0,0,0,5,0,0,0,0,1,11,11,0,1,0,0,0,0,0,0,11,11,0,1,0,0,0,0,0,0,0,0,0,0,0,10,13,0,0,11,2,7,3,0,0,23,1,0,3,0,0,0,3,0,0,0,3
2012,9,78,1,5,3,0,0,0,0,0,0,0,5,3,0,0,0,0,0,4,3,0,0,0,0,0,0,0,0,0,0,1,2,0,0,0,0,0,0,0,0,2,1,0,0,0,0,0,0,2,1,0,0,0,0,2,0,0,0,0,0,0,0,0,0,0,0,0,0,0,0,0,0,2,0,0,0,0,0,0,0,0,0,0,0,0,0,0,1,0,0,2,0,0,0,0,0,0,0,0,0,0,0,2,2,0,0,0,0,0,0,0,0,2,2,0,0,0,0,0,0,0,0,0,0,0,0,0,0,2,6,0,0,6,0,0,2,0,0,8,1,6,7,0,0,7,6,0,0,0,13
2012,10,1,1,849,834,92,13,7,27,2,5,4,873,830,78,14,6,17,0,841,805,75,9,6,16,3,7,8,4,0,8,43,835,819,103,0,0,0,0,10,4,854,779,95,27,0,40,0,1,845,776,103,0,0,0,775,696,152,28,5,17,3,0,2,19,4,14,3,10,5,4,20,6,736,698,225,17,4,15,15,0,5,0,19,7,2,4,1,8,2,2,722,648,79,10,4,7,85,114,14,3,0,12,132,1156,588,55,14,0,0,1,0,6,4,1093,579,59,13,0,0,0,5,24,4,0,0,0,0,47,744,1038,48,5,812,130,462,421,10,2392,1835,1,384,459,2,1,367,476,2,1,2313,846
2012,10,2,1,393,339,28,3,0,25,0,0,4,412,333,21,4,0,17,0,389,323,21,2,0,14,4,2,3,0,0,5,26,384,337,37,0,0,0,0,3,6,382,331,32,13,0,16,0,0,370,342,32,0,0,0,320,305,51,12,2,9,1,0,1,7,6,10,2,2,5,7,22,3,300,308,83,5,1,8,6,0,3,0,19,9,2,0,0,15,2,2,292,288,27,1,0,2,58,36,1,5,0,3,70,558,215,13,3,0,0,0,0,0,2,506,211,13,5,0,0,0,6,20,4,0,0,2,0,24,285,494,11,3,392,43,232,124,2,937,793,1,215,251,1,1,227,240,1,0,849,468
2012,10,3,1,1018,841,61,11,6,17,1,2,7,1041,821,42,15,2,13,0,1006,812,50,8,4,12,3,12,6,1,0,4,47,1017,799,68,0,0,0,1,7,9,1023,783,57,16,0,28,0,0,1003,787,64,0,0,0,907,710,119,27,2,16,0,0,2,17,2,8,6,12,8,5,42,9,857,732,178,15,1,17,17,0,2,0,38,12,4,2,1,5,3,4,844,679,51,9,1,9,124,95,6,0,0,3,137,1269,621,37,14,0,0,1,1,4,10,1185,612,37,10,0,5,0,9,38,4,0,0,3,0,57,734,1129,102,10,978,89,437,456,15,2707,1975,1,441,495,8,2,440,496,2,8,2620,946
2012,10,4,1,912,965,59,10,6,24,3,2,7,935,954,47,16,5,17,1,903,939,45,8,5,16,2,5,9,2,0,4,40,887,934,80,0,0,0,0,10,6,894,914,64,24,0,30,0,0,898,906,83,0,0,0,802,833,130,27,6,18,3,0,3,14,2,11,2,12,8,12,23,5,760,837,188,21,2,14,12,0,5,3,18,6,1,10,0,13,4,5,753,780,56,5,1,11,98,119,7,3,1,2,136,1159,747,48,13,0,0,0,0,7,4,1099,737,43,10,0,4,0,10,12,7,1,0,3,0,51,827,1111,39,11,883,88,586,416,15,2576,1989,1,475,571,2,4,484,564,2,2,2529,1052
2012,10,5,1,1064,909,53,11,6,28,0,1,6,1079,903,43,11,3,22,0,1051,883,41,7,3,19,6,11,5,3,0,9,34,1046,873,77,0,0,0,0,11,13,1034,861,60,17,0,32,0,0,1034,861,66,0,0,0,956,783,118,23,7,20,3,0,2,15,2,4,2,14,3,7,34,4,895,770,194,13,6,12,15,0,0,0,49,13,1,1,0,9,4,1,888,726,51,4,3,8,121,126,9,1,1,8,112,1319,682,39,12,0,0,0,0,8,5,1246,671,35,10,0,6,0,13,24,2,0,0,6,0,52,860,1137,71,20,982,101,558,425,22,2976,2079,1,465,529,4,5,453,538,6,6,2892,1003
2012,10,6,1,494,398,35,7,3,16,0,1,2,506,391,28,9,3,13,0,486,380,28,6,3,10,1,5,2,1,0,3,29,482,385,47,0,0,0,0,5,3,476,372,45,15,0,14,0,0,489,375,45,0,0,0,432,337,60,18,4,8,0,0,0,12,2,4,0,9,5,2,19,3,406,341,91,10,1,8,13,0,2,1,17,4,1,3,1,13,0,3,401,320,32,5,1,3,48,45,6,0,0,2,86,618,293,29,10,0,0,1,2,3,1,580,291,26,5,0,1,0,5,7,4,0,0,3,0,30,354,580,20,3,483,59,233,178,4,1273,957,1,261,284,1,1,259,286,1,1,1235,547
2012,10,7,1,456,372,17,2,5,7,2,0,1,470,363,14,3,2,5,0,453,359,15,2,3,6,2,8,1,1,1,2,17,454,365,16,0,0,0,0,4,1,450,362,14,4,0,9,0,0,447,361,17,0,0,0,429,335,35,2,1,6,0,0,1,4,2,4,4,3,1,6,9,2,415,332,60,0,1,6,2,0,2,0,11,0,0,0,1,2,0,0,413,318,13,0,0,2,26,39,2,2,1,1,39,536,301,16,3,0,0,0,0,3,2,504,299,15,3,0,0,0,3,13,0,0,0,1,0,19,351,474,30,8,427,23,201,206,6,1433,863,1,186,196,2,1,172,212,0,1,1416,385
2012,10,8,1,566,539,32,8,2,12,0,1,1,583,533,25,6,1,8,0,562,524,24,4,1,8,4,7,3,2,0,4,21,574,503,45,0,0,0,0,2,3,577,489,35,26,0,16,0,0,569,492,46,0,0,0,521,449,62,32,1,6,0,0,2,8,8,4,2,9,2,4,20,3,491,457,92,12,1,4,10,0,5,0,26,9,0,6,0,9,9,4,485,422,29,2,0,2,54,57,6,3,0,4,95,696,427,21,9,0,0,2,0,4,1,658,420,22,6,0,1,0,1,14,0,4,0,1,0,32,470,666,21,7,561,51,323,226,3,1447,1164,1,341,394,1,2,352,380,3,3,1398,738
2012,10,9,1,1007,857,55,14,7,31,3,6,7,1021,844,49,15,8,25,0,989,827,44,10,6,22,5,6,4,3,1,5,56,998,820,71,0,0,0,0,5,12,991,810,69,27,0,31,0,0,1003,798,72,0,0,0,901,745,127,32,6,20,0,0,1,8,5,4,4,16,8,6,32,5,845,730,190,21,3,15,21,0,3,1,34,8,2,4,3,18,4,2,833,699,51,11,1,11,120,90,9,0,0,3,141,1266,638,46,12,0,0,1,0,12,11,1201,630,45,12,0,5,0,12,13,4,0,0,1,0,45,777,1131,66,13,938,100,542,391,16,2788,1990,1,449,442,1,2,398,489,5,2,2664,894
2012,10,10,1,1116,974,66,8,8,29,2,2,7,1150,961,53,11,7,16,1,1107,945,53,4,7,14,5,10,7,1,0,5,45,1075,939,82,0,0,0,1,13,9,1077,925,72,24,0,30,0,2,1062,924,80,0,0,0,961,853,130,30,7,19,0,0,1,15,7,5,3,17,13,3,53,6,911,849,190,24,4,16,24,0,7,0,42,9,2,3,3,17,1,1,896,801,63,4,3,5,123,109,5,0,0,3,179,1417,719,43,7,0,0,1,1,10,6,1340,712,35,4,0,5,0,10,27,8,0,0,1,0,54,948,1175,72,16,1037,97,582,487,8,3047,2213,1,470,554,3,7,449,571,6,7,2980,1034
2012,10,11,1,754,671,56,19,9,21,0,4,6,772,672,43,20,6,18,1,745,655,42,15,6,16,3,3,5,5,0,2,36,753,668,58,0,0,0,0,3,6,751,653,60,31,0,22,0,0,742,652,64,0,0,0,666,603,92,29,7,17,0,0,1,9,5,5,0,12,10,6,27,4,624,592,153,23,6,12,14,0,2,0,29,4,0,4,1,8,1,3,619,569,45,11,3,5,81,73,10,7,1,4,107,957,512,33,23,0,0,1,0,4,7,911,508,31,16,0,5,0,4,17,3,5,0,1,0,33,628,883,26,7,745,75,381,327,16,1947,1544,1,385,480,2,3,384,481,2,3,1900,870
2012,10,12,1,537,515,47,7,5,14,1,1,5,564,496,40,7,3,12,0,528,488,38,6,3,11,7,10,2,1,1,2,30,532,482,48,0,0,0,2,5,10,533,480,45,14,0,18,0,4,531,478,54,0,0,0,468,447,86,15,5,13,1,4,1,7,5,3,3,7,10,4,19,2,445,441,114,7,2,16,15,0,2,1,19,9,3,1,0,6,0,2,438,421,43,3,1,8,63,53,1,3,1,4,79,686,395,29,9,0,0,0,0,5,3,653,387,28,9,0,3,0,7,11,1,0,0,3,0,23,450,655,19,9,525,53,332,219,4,1524,1133,1,268,380,0,3,275,373,0,3,1493,651
2012,10,13,1,406,326,5,3,2,1,0,2,3,408,320,3,4,2,1,0,403,319,3,3,2,1,0,1,1,0,0,0,11,410,308,9,0,0,0,0,7,1,406,311,9,2,0,0,0,0,403,309,8,0,0,0,383,292,23,3,1,1,1,0,0,3,0,1,0,4,3,2,14,0,367,291,42,2,2,0,4,0,1,0,16,1,0,0,0,1,2,0,361,280,7,2,0,0,35,26,0,0,0,0,30,470,265,3,1,0,0,2,0,4,3,455,263,3,1,0,1,0,3,6,0,0,0,0,0,10,340,377,27,5,343,12,176,217,1,1224,749,1,145,168,0,6,149,161,3,6,1197,319
2012,10,14,1,993,819,76,13,6,32,1,6,10,1031,793,61,18,6,26,1,976,775,58,10,5,25,7,14,11,3,0,2,54,1000,782,95,0,0,0,2,4,8,1000,769,78,37,0,37,0,0,994,771,87,0,0,0,898,696,118,44,5,20,0,0,2,21,9,10,5,16,12,8,30,6,849,703,187,19,3,15,22,0,4,0,29,9,2,8,0,22,4,3,839,659,65,10,2,7,101,99,8,2,1,8,144,1276,593,47,26,0,0,2,0,6,4,1205,587,44,17,0,3,0,9,29,3,6,0,3,0,41,728,1171,49,8,982,116,467,388,3,2572,1957,1,393,482,6,1,398,478,6,0,2483,882
2012,10,15,1,811,718,44,9,6,13,1,3,3,832,709,34,14,3,6,0,800,698,30,7,2,5,7,2,6,0,1,3,45,812,678,59,0,0,0,0,6,9,805,669,46,21,0,17,0,0,800,676,54,0,0,0,716,620,97,19,9,6,1,0,0,9,1,7,1,5,6,7,31,6,681,624,136,10,2,8,17,0,1,1,35,9,0,8,0,5,4,0,670,588,40,7,1,2,98,73,5,1,2,2,106,1014,544,24,10,0,0,1,0,8,1,965,540,24,6,0,4,0,4,13,4,1,0,3,0,36,617,944,43,6,812,64,417,312,5,2108,1609,1,368,451,6,2,368,454,3,2,2007,827
2012,10,16,1,656,699,51,13,4,20,0,2,8,675,686,48,15,2,17,0,647,673,42,11,1,16,8,4,7,3,0,6,34,661,665,59,0,0,0,1,6,8,651,660,58,20,0,22,0,2,646,668,63,0,0,0,584,600,98,23,2,12,0,3,2,11,4,8,3,12,5,5,25,5,572,597,129,12,1,14,12,1,2,1,25,11,1,2,0,6,2,4,559,567,45,6,0,10,59,89,6,5,0,4,92,835,548,40,14,0,0,0,1,6,6,794,540,36,13,0,6,0,8,13,1,1,0,5,0,28,624,786,41,6,637,91,429,294,6,1979,1457,1,336,449,5,1,342,447,1,1,1929,791
2012,10,17,1,547,527,22,3,6,8,2,5,2,565,513,17,4,5,5,0,540,506,15,2,5,5,2,8,2,3,1,3,23,539,497,25,0,0,0,0,11,2,538,497,22,11,0,10,0,0,534,502,25,0,0,0,497,458,45,13,4,6,0,0,1,5,5,6,3,9,1,5,13,3,475,451,79,8,3,5,8,0,2,1,12,7,0,2,0,9,2,3,470,422,16,6,2,3,39,67,5,1,1,3,72,670,408,18,8,0,0,0,1,6,4,637,404,16,8,0,1,0,4,11,2,0,1,10,0,22,467,609,41,5,508,38,325,249,2,1582,1123,1,273,301,4,0,264,313,1,0,1535,578
2012,10,18,1,483,409,29,4,4,11,0,1,3,492,401,25,6,1,11,0,477,397,25,2,2,10,1,5,2,2,0,1,16,476,389,34,0,0,0,0,5,4,467,392,31,8,0,5,0,0,472,397,29,0,0,0,428,366,48,7,1,5,0,0,2,7,2,6,1,6,2,1,18,4,410,356,80,8,1,4,8,0,3,0,14,3,0,2,1,3,3,3,405,339,27,4,1,3,46,51,1,1,0,1,57,584,315,24,7,0,0,2,0,6,3,553,312,23,6,0,4,0,0,11,2,1,0,0,0,23,379,536,25,4,456,38,229,218,3,1306,944,1,205,217,1,1,195,226,1,2,1296,424
2012,10,19,1,1304,1148,57,8,4,16,0,6,11,1338,1120,39,13,1,14,0,1283,1099,37,7,1,13,7,10,7,1,1,0,73,1318,1064,68,0,0,0,0,12,15,1302,1049,59,30,0,27,0,0,1301,1057,66,0,0,0,1190,981,122,22,3,14,0,0,3,20,10,11,5,10,11,11,44,4,1134,979,187,14,2,13,23,0,5,0,61,12,2,1,1,8,4,7,1120,939,49,6,0,5,131,104,6,3,0,7,156,1564,891,36,20,0,0,0,2,7,19,1497,887,33,17,0,2,0,5,22,3,1,0,7,0,55,1063,1389,85,18,1215,82,688,557,13,3604,2552,1,652,614,2,4,645,621,3,3,3522,1272
2012,10,20,1,663,446,19,5,5,12,1,5,3,674,441,14,10,2,7,0,656,431,14,5,2,6,5,5,0,2,0,3,25,676,421,23,0,0,0,0,3,3,669,409,25,11,0,7,0,1,666,411,24,0,0,0,611,374,62,5,3,7,0,0,0,10,2,2,2,7,2,2,33,3,583,366,108,4,1,4,10,0,1,1,28,6,1,3,2,7,0,2,572,347,21,2,1,0,77,62,2,3,0,2,67,800,324,15,12,0,0,0,1,5,1,752,318,14,9,0,1,0,3,16,0,4,0,1,0,39,450,663,42,8,593,43,244,279,4,1792,1163,1,224,240,2,1,226,238,2,1,1772,467
2012,10,21,1,766,773,53,11,5,33,4,1,1,800,757,37,12,2,26,2,748,737,36,9,2,25,6,13,1,3,0,2,66,770,752,47,0,0,0,2,4,4,778,731,39,23,0,30,0,2,766,742,44,0,0,0,690,662,93,33,2,19,0,2,7,16,5,5,3,10,10,5,23,6,655,669,161,13,2,18,12,1,5,1,26,7,1,1,3,10,3,3,641,627,27,4,2,11,91,95,9,6,0,5,126,1052,547,24,12,0,0,7,0,1,2,974,536,23,4,0,2,0,7,32,3,7,0,4,0,57,710,900,33,7,775,89,477,303,6,2187,1652,1,317,450,2,0,315,451,2,1,2115,769
2012,10,22,1,453,432,17,4,3,15,2,2,3,469,418,12,7,1,13,2,440,411,12,4,1,10,2,6,3,1,0,3,33,478,396,22,0,0,0,2,2,3,459,405,21,13,0,15,0,2,462,397,25,0,0,0,403,367,44,7,2,11,1,0,3,5,2,10,4,5,5,2,20,3,374,369,72,7,2,6,24,0,2,1,22,5,4,1,2,4,0,1,362,347,15,1,1,0,64,44,2,1,0,5,84,581,319,10,9,0,0,1,2,1,3,533,313,8,8,0,3,0,5,18,0,1,0,2,0,36,379,526,19,7,449,41,231,206,4,1198,931,1,219,285,1,2,253,246,3,5,1148,507
2012,10,23,1,659,578,19,5,3,15,4,0,2,683,556,17,7,1,11,1,651,548,15,5,1,12,6,16,2,0,1,1,26,668,541,26,0,0,0,1,3,5,658,538,22,10,0,16,0,0,651,543,21,0,0,0,596,501,54,8,2,9,0,0,0,10,4,7,1,4,8,2,28,7,547,489,112,7,1,6,12,0,6,1,25,7,3,3,2,8,5,3,541,470,17,3,1,5,84,66,4,1,0,3,83,861,403,8,7,0,0,0,0,0,2,805,396,7,5,0,4,1,7,20,2,0,0,2,0,36,548,687,38,10,598,31,337,316,1,1807,1286,1,260,277,2,2,251,285,2,3,1777,541
2012,10,24,1,783,689,31,16,10,18,0,3,4,796,676,26,18,8,14,0,770,665,24,15,8,13,2,3,3,0,1,3,42,786,665,34,0,0,0,0,4,5,785,653,28,20,0,21,0,1,767,656,28,0,0,0,699,611,80,18,6,11,1,1,1,8,2,4,2,9,8,2,30,9,643,610,141,10,5,8,24,1,2,1,27,7,2,2,1,11,3,2,630,573,23,6,5,6,98,67,3,4,0,5,129,990,519,16,17,0,0,0,1,3,3,928,512,15,10,0,3,0,5,14,1,2,1,2,0,57,661,839,41,14,713,57,429,343,13,2197,1551,1,277,392,3,3,269,400,3,3,2150,675
2012,10,25,1,222,213,15,2,1,10,1,1,1,225,213,14,1,2,9,0,217,208,13,1,1,8,1,1,3,0,0,1,12,222,210,18,0,0,0,0,0,3,213,202,18,7,0,9,0,0,214,206,20,0,0,0,194,193,19,13,1,6,0,0,0,0,1,2,4,7,2,0,5,2,183,187,37,7,0,4,5,0,0,2,5,5,3,1,0,1,1,1,183,178,11,1,0,0,15,23,6,0,1,3,44,277,170,11,5,0,0,0,0,0,1,257,167,11,5,0,2,0,3,3,1,0,0,2,0,16,207,247,11,3,221,29,129,87,2,631,468,1,133,170,0,0,141,162,0,0,623,303
2012,10,26,1,375,400,20,2,3,14,2,4,1,388,399,13,1,3,10,1,373,394,13,1,3,10,5,4,1,0,0,2,11,382,386,18,0,0,0,0,6,5,377,387,12,4,0,14,0,0,371,382,21,0,0,0,331,346,34,15,1,7,0,0,0,10,2,7,1,9,3,2,15,4,316,351,64,5,3,8,4,0,0,2,17,4,1,2,0,3,0,5,309,331,8,2,1,2,47,47,2,0,0,4,58,479,321,5,4,0,0,0,0,6,1,457,316,5,2,0,4,0,5,14,1,0,0,1,0,10,377,427,15,3,367,32,209,209,5,1117,823,1,162,252,0,3,171,242,1,3,1105,417
2012,10,27,1,603,603,42,6,0,24,0,2,9,620,594,33,7,0,23,0,597,587,33,6,0,21,3,3,0,0,0,3,26,638,572,42,0,0,0,0,1,8,617,565,39,18,0,26,0,0,616,574,42,0,0,0,557,510,74,29,0,18,0,0,1,14,4,5,1,10,13,7,15,0,515,516,116,9,0,13,23,0,1,0,26,6,2,0,0,10,0,5,515,475,29,2,0,9,73,84,6,4,0,5,82,788,457,18,14,0,0,0,1,0,6,751,451,14,8,0,5,0,6,12,3,2,0,3,0,30,541,713,27,10,606,45,386,249,5,1658,1291,1,349,405,2,1,356,398,2,1,1631,757
2012,10,28,1,1076,1077,61,11,7,21,2,5,5,1103,1055,49,14,11,16,0,1061,1042,46,8,6,15,9,9,4,2,2,4,49,1102,1026,63,0,0,0,0,13,4,1078,1029,53,22,0,16,0,0,1066,1028,58,0,0,0,964,933,114,29,6,16,1,0,4,10,8,12,7,11,9,11,46,4,909,942,183,14,4,8,24,0,1,2,49,8,3,2,3,9,4,2,898,886,45,7,3,5,125,117,6,2,0,1,154,1352,831,34,28,0,0,0,0,7,7,1277,816,32,25,0,3,0,15,32,1,3,0,1,0,48,952,1226,66,23,1051,86,626,498,6,2981,2264,1,495,606,4,2,502,601,2,2,2869,1107
2012,10,29,1,812,731,20,3,4,16,0,9,2,820,726,14,7,1,11,0,801,715,14,3,1,11,4,6,1,1,0,0,30,864,675,19,0,0,0,1,5,6,817,689,19,8,0,11,0,0,819,590,20,0,0,0,765,658,43,5,4,7,1,0,2,5,5,3,3,6,6,7,17,0,719,638,79,4,1,6,29,0,2,0,37,5,0,7,0,5,0,2,711,614,16,3,2,4,84,68,2,0,0,1,81,987,583,8,4,0,0,1,0,7,2,931,576,8,3,0,1,0,3,25,0,1,0,1,0,38,690,819,81,8,740,45,411,395,7,2133,1598,1,271,334,6,4,282,327,1,5,2084,615
2012,10,30,1,782,623,49,8,10,18,2,2,6,809,605,43,9,8,13,2,773,592,36,5,6,12,5,12,10,2,0,2,38,816,575,51,0,0,0,1,4,7,789,579,47,14,0,21,0,0,794,578,51,0,0,0,711,523,99,16,8,11,1,0,1,8,7,3,2,8,9,3,32,3,673,525,147,6,4,10,16,0,0,0,26,5,2,6,1,9,4,0,670,495,41,4,2,5,80,76,3,0,1,6,104,1002,438,32,13,0,0,0,0,7,3,952,433,32,8,0,1,0,9,19,1,0,0,2,0,32,578,870,46,6,756,62,347,330,5,2071,1500,1,350,355,5,5,342,363,5,5,2068,715
2012,10,31,1,851,669,49,13,9,24,0,2,9,877,657,40,14,6,18,0,846,645,38,9,6,16,4,5,4,4,1,3,31,856,654,52,0,0,0,0,2,9,845,648,43,22,0,32,0,0,849,648,52,0,0,0,762,599,92,26,6,18,0,0,1,3,7,6,2,9,8,4,31,4,718,572,156,11,7,16,23,0,3,0,29,8,0,2,1,17,4,1,703,541,37,4,4,8,104,96,1,5,1,8,104,1078,487,25,21,0,0,0,0,3,4,1022,482,22,17,0,4,0,9,16,1,3,0,5,0,40,623,954,47,4,839,74,395,317,3,2184,1628,1,393,362,8,1,394,365,4,1,2125,764
2012,10,77,1,326,157,8,6,2,2,0,3,0,329,150,6,6,3,3,1,317,149,6,5,2,2,3,1,0,0,0,0,18,321,142,10,0,0,0,0,6,3,321,141,10,7,0,3,0,0,315,141,12,0,0,0,299,129,15,6,1,2,1,0,2,3,1,1,3,3,0,2,11,1,276,130,23,4,0,1,2,0,2,0,32,1,1,1,0,1,0,1,272,120,8,3,0,1,38,18,0,0,1,0,35,370,118,5,4,0,0,0,0,4,0,353,114,5,4,0,1,0,2,7,0,1,0,0,0,15,195,282,25,3,252,19,125,108,1,0,505,1,69,133,2,2,31,170,2,3,0,206
2012,10,78,1,207,140,7,2,1,0,0,3,3,208,133,5,3,0,0,0,200,131,5,2,0,0,2,1,1,0,0,0,15,52,27,2,0,0,0,0,0,0,92,55,3,0,0,1,0,0,93,55,2,0,0,0,51,45,3,1,0,0,0,0,0,1,0,0,0,0,1,1,2,0,49,42,6,1,0,0,0,0,0,0,3,1,0,0,0,1,0,0,47,23,1,0,0,0,3,3,0,0,0,0,80,90,39,1,0,0,0,0,0,0,1,87,37,1,0,0,0,0,1,1,0,0,0,0,0,4,150,194,19,1,182,18,85,78,1,0,363,1,107,135,2,2,90,155,0,1,0,246
2012,10,79,1,0,0,0,0,0,0,0,0,2,0,0,0,0,0,0,0,0,0,0,0,0,0,0,0,0,0,0,0,0,0,0,0,0,0,0,0,0,1,0,0,0,0,0,0,0,0,0,0,0,0,0,0,0,0,0,0,0,0,0,0,0,0,0,0,0,0,0,0,0,0,0,0,0,0,0,0,0,0,0,0,0,0,0,0,0,0,0,0,0,0,0,0,0,0,0,0,0,0,0,0,0,0,0,0,0,0,0,0,0,0,1,0,0,0,0,0,0,0,0,0,0,0,0,0,0,0,0,0,0,0,0,0,0,0,0,0,2,,,,,,,,,,,
2012,11,1,1,648,479,38,6,10,20,1,1,4,670,465,32,7,9,12,1,639,453,30,4,8,10,0,9,1,2,1,5,41,658,462,50,0,0,0,0,2,10,649,460,44,7,0,10,0,0,653,456,50,0,0,0,597,411,72,16,2,14,0,0,2,8,5,4,14,8,5,4,1,2,593,420,96,5,1,10,17,1,0,1,3,3,1,4,0,7,1,1,575,391,39,2,0,2,57,63,2,0,3,2,60,788,369,32,12,0,0,1,0,3,1,754,362,31,9,0,0,0,10,14,2,0,0,1,0,21,438,728,37,5,618,56,296,231,7,1634,1208,1,325,327,2,0,316,335,2,1,1586,654
2012,11,2,1,877,724,59,5,6,32,1,2,3,903,709,47,8,6,23,0,869,699,46,3,6,19,6,9,6,1,0,8,32,909,686,75,0,0,0,2,2,7,880,671,66,16,0,27,0,1,887,684,73,0,0,0,822,608,106,26,0,9,0,0,3,15,8,13,16,6,2,8,5,1,809,627,148,15,0,12,9,0,1,0,0,5,2,7,2,8,1,2,765,578,56,2,0,3,84,87,6,2,0,4,112,1097,548,38,9,0,0,2,0,3,5,1048,536,35,9,0,4,0,4,19,6,1,0,3,0,36,566,1066,20,57,949,57,446,250,7,2178,1709,1,486,510,5,3,483,514,4,3,2134,1004
2012,11,3,1,315,292,21,7,1,10,0,1,7,321,286,22,7,0,6,0,310,284,18,5,0,6,1,3,3,0,1,2,13,321,273,30,0,0,0,0,2,4,314,273,25,17,0,5,0,0,313,274,31,0,0,0,291,245,46,14,3,2,0,0,2,4,3,4,13,2,0,3,0,2,293,253,62,8,1,3,2,0,0,0,3,3,0,1,1,0,0,0,281,236,23,5,1,1,21,32,2,1,0,0,45,400,223,14,5,0,0,0,0,3,7,376,222,13,3,0,2,0,6,7,1,0,0,0,0,15,265,367,15,7,304,31,173,145,1,861,654,1,183,190,0,0,180,190,3,0,826,373
2012,11,4,1,620,604,39,8,3,22,2,2,3,640,592,32,8,2,21,0,612,587,31,5,1,16,2,5,2,1,0,4,30,628,570,48,0,0,0,0,4,3,615,573,41,15,0,24,0,0,615,574,45,0,0,0,559,508,67,27,2,15,0,0,3,13,4,4,18,9,5,8,2,9,557,531,107,10,3,12,6,1,2,1,0,4,2,3,1,5,4,3,532,494,32,5,2,9,62,63,5,0,0,4,89,814,447,26,7,0,0,0,0,1,1,777,442,24,5,0,6,0,4,8,2,1,0,1,0,25,529,738,27,9,662,52,369,213,7,1757,1300,1,353,433,4,0,368,418,4,0,1691,790
2012,11,5,1,1364,1226,69,17,13,38,1,8,7,1407,1199,59,16,11,29,1,1342,1179,53,11,10,27,6,17,5,6,1,4,77,1397,1163,92,0,0,0,4,8,11,1346,1172,82,33,0,34,0,0,1364,1164,87,0,0,0,1227,1071,157,45,6,18,0,0,4,13,11,5,48,21,9,7,4,6,1225,1076,210,27,4,14,17,0,12,2,4,12,4,4,2,16,4,6,1169,1016,66,7,2,6,135,131,4,6,0,8,182,1716,934,48,18,0,0,11,1,9,6,1600,903,41,13,0,6,0,29,34,6,3,0,6,0,94,1080,1566,87,16,1341,116,736,532,24,3731,2751,1,607,732,6,2,612,728,5,2,3622,1347
2012,11,6,1,821,497,82,19,3,45,2,3,1,859,488,60,20,3,36,1,813,469,57,11,3,29,5,9,8,1,0,16,54,823,493,95,0,0,0,2,5,2,792,478,77,49,0,52,0,1,798,486,87,0,0,0,691,408,120,60,4,28,2,0,8,17,6,14,35,7,9,12,2,13,669,455,175,33,3,22,6,1,5,4,2,14,5,6,4,11,15,1,639,375,58,10,2,13,105,74,11,4,0,8,167,1039,343,50,24,0,0,1,0,5,3,976,331,49,20,0,9,0,2,24,4,2,0,3,0,45,409,1042,15,7,840,115,344,166,8,1762,1473,1,505,452,4,1,507,452,1,2,1645,962
2012,11,7,1,536,470,25,12,4,16,0,1,1,555,460,21,13,4,12,0,527,448,19,10,3,11,2,9,5,0,0,1,30,549,441,31,0,0,0,1,5,1,531,438,32,13,0,14,0,2,528,436,29,0,0,0,477,390,63,21,1,7,0,1,3,9,3,3,24,9,3,5,2,5,480,403,88,14,3,6,6,0,1,1,1,3,1,1,0,7,0,1,456,375,21,9,2,2,45,50,2,1,0,6,91,662,351,19,25,0,0,0,0,4,0,626,348,19,14,0,1,0,5,10,2,4,0,2,0,34,444,596,19,9,504,46,278,229,11,1384,1068,1,249,269,9,0,258,267,2,0,1333,527
2012,11,8,1,484,451,36,6,5,23,1,1,0,502,446,26,6,4,17,0,473,430,25,5,3,16,4,6,3,0,2,5,35,507,422,37,0,0,0,0,4,3,481,419,29,10,0,26,0,0,482,423,35,0,0,0,428,379,58,16,3,15,1,0,3,8,1,6,24,8,9,4,3,4,427,396,93,2,1,12,3,0,0,1,4,10,2,2,0,6,3,1,401,362,21,1,1,6,50,43,4,1,1,4,105,634,342,19,5,0,0,0,0,4,1,584,332,16,3,0,3,0,5,14,6,0,0,3,0,31,508,466,30,3,481,53,291,173,9,1327,1005,1,212,264,1,1,208,266,0,4,1285,478
2012,11,9,1,498,459,15,10,4,6,1,2,5,510,451,14,11,2,5,1,494,442,11,7,2,2,1,4,2,3,0,3,22,510,431,26,0,0,0,2,3,3,494,424,22,14,0,14,0,0,494,426,23,0,0,0,456,403,36,15,3,9,0,0,2,7,6,2,12,5,0,6,1,6,453,410,63,8,1,7,15,0,0,1,1,2,0,0,3,4,2,0,425,384,16,4,1,3,46,34,3,3,0,2,73,621,343,14,13,0,0,0,0,4,2,582,340,12,8,0,4,0,7,13,3,1,0,3,0,22,438,523,32,9,439,35,282,237,9,1312,1000,1,234,261,2,1,229,268,1,0,1271,498
2012,11,10,1,600,492,35,8,1,15,1,3,4,609,486,30,7,3,10,0,588,477,29,5,0,11,1,4,2,3,0,2,30,621,453,39,0,0,0,1,8,1,594,456,30,16,0,16,0,0,589,453,38,0,0,0,538,418,65,9,4,9,4,0,5,6,8,4,18,10,2,6,1,0,537,407,92,8,1,8,14,0,0,1,1,5,4,9,1,7,2,1,511,387,27,3,1,6,51,63,4,3,0,1,93,745,375,24,8,0,0,0,0,2,1,703,369,20,6,0,3,0,6,14,4,0,0,1,0,30,469,637,46,7,568,49,281,252,9,1641,1159,1,272,333,3,1,272,334,2,1,1622,609
2012,11,11,1,361,285,18,2,1,4,1,0,4,362,283,17,2,2,2,1,355,280,15,2,1,2,1,1,2,0,1,0,12,373,270,19,0,0,0,0,3,1,361,269,18,3,0,4,0,0,360,275,21,0,0,0,323,245,47,4,2,4,0,0,0,2,2,1,14,4,2,1,1,2,326,246,59,3,1,3,9,0,1,1,0,1,0,5,0,4,0,2,312,236,15,1,1,1,34,34,2,1,0,1,34,439,221,8,3,0,0,0,0,4,0,418,220,7,1,0,1,0,1,4,2,0,0,1,0,17,282,375,14,4,330,21,170,151,3,920,676,1,145,179,2,1,145,180,2,0,891,327
2012,11,12,1,388,357,15,8,2,8,1,0,0,398,347,14,8,3,7,0,383,345,11,8,2,5,1,6,1,0,0,0,18,402,335,25,0,0,0,0,1,2,384,334,23,11,0,10,0,0,389,333,22,0,0,0,357,306,40,13,3,4,0,0,1,4,3,3,9,3,4,6,0,0,347,307,56,3,1,4,5,0,2,0,1,3,0,3,0,6,1,4,332,287,16,1,1,0,36,46,2,1,0,1,54,481,273,9,5,0,0,1,2,1,5,454,267,8,4,0,1,0,3,12,2,0,0,3,0,20,315,423,32,9,365,32,211,167,4,1077,780,1,177,206,2,2,167,218,0,2,1065,387
2012,11,13,1,521,493,21,6,8,7,1,1,1,532,481,18,7,6,5,0,516,480,11,6,6,5,4,5,3,0,1,0,14,546,457,22,0,0,0,0,3,4,528,460,19,7,0,8,0,0,524,463,21,0,0,0,483,429,45,15,4,5,0,0,2,3,3,2,16,12,4,2,0,4,482,424,58,6,3,7,11,0,3,1,2,2,0,2,1,5,0,1,465,404,15,2,2,2,33,46,2,0,0,3,78,667,356,19,8,0,0,0,0,3,2,632,355,17,8,0,3,0,4,10,0,0,0,2,0,23,416,616,24,3,513,38,326,178,4,1398,1059,1,272,291,0,4,279,278,6,4,1343,567
2012,11,14,1,828,758,39,7,13,9,2,0,2,836,745,39,8,10,10,1,821,740,36,6,10,8,3,2,2,1,0,1,28,842,723,49,0,0,0,0,11,7,826,724,41,11,0,17,0,0,829,723,43,0,0,0,766,698,73,8,2,12,2,0,2,9,4,1,17,7,7,3,0,2,760,684,109,4,0,5,14,0,2,0,0,7,5,3,0,9,2,3,736,656,34,0,0,4,60,64,4,2,0,3,79,1047,569,27,3,0,0,2,0,5,1,989,563,26,3,0,3,0,7,30,0,0,0,1,0,33,716,885,54,6,752,54,443,405,7,2194,1661,1,335,368,4,4,331,377,0,3,2175,711
2012,11,15,1,736,599,31,10,5,15,0,2,5,754,588,27,8,6,10,0,729,578,24,6,5,9,3,7,4,0,1,4,29,760,549,46,0,0,0,0,5,3,740,539,43,15,0,15,0,0,738,545,45,0,0,0,669,513,71,13,2,9,1,0,2,4,3,6,29,7,7,4,2,3,663,505,111,5,2,7,12,0,4,0,2,6,3,2,1,11,3,2,642,485,34,3,1,5,63,54,6,1,1,3,102,891,465,26,5,0,0,1,0,4,2,851,462,26,5,0,4,0,9,9,2,0,0,2,0,31,574,784,42,5,709,47,316,326,7,1960,1407,1,286,349,2,2,290,346,2,1,1921,639
2012,11,16,1,888,797,42,7,6,23,3,2,6,907,785,34,12,4,17,2,874,763,31,6,3,15,4,9,3,2,1,1,57,923,750,41,0,0,0,0,3,8,887,747,40,18,0,26,0,0,890,752,41,0,0,0,806,699,82,20,4,15,0,1,5,8,4,6,27,14,6,3,2,4,815,685,122,13,2,15,6,0,0,2,1,3,3,2,4,10,4,5,776,652,32,6,1,6,71,88,4,2,0,3,120,1100,619,27,6,0,0,1,3,3,9,1032,613,23,4,0,4,0,13,18,3,0,0,5,0,52,786,911,62,18,832,65,476,382,22,2359,1777,1,425,471,8,7,436,465,4,5,2302,911
2012,11,17,1,423,300,12,5,1,6,0,2,2,431,291,10,4,1,6,0,421,290,10,4,1,5,1,4,1,0,0,0,10,432,267,16,0,0,0,0,6,3,424,270,14,8,0,4,0,0,424,269,15,0,0,0,392,256,27,5,1,0,0,0,1,2,3,2,10,6,2,1,1,2,390,252,46,3,0,3,2,0,0,1,1,4,1,1,1,1,0,1,377,239,11,1,0,1,34,27,2,1,0,0,49,526,202,11,3,0,0,0,0,6,2,502,196,11,2,0,1,0,1,13,2,0,0,0,0,15,302,420,25,4,397,30,176,143,5,1141,751,1,155,137,0,2,147,145,0,2,1141,294
2012,11,18,1,849,903,53,17,7,26,0,8,8,858,899,49,17,8,22,0,833,880,43,14,4,20,3,7,3,4,4,4,40,865,860,67,0,0,0,1,8,11,819,855,56,43,0,40,0,0,827,855,60,0,0,0,750,802,92,45,6,20,1,0,2,11,6,4,24,10,10,5,2,8,739,804,145,20,5,16,16,0,1,2,0,8,4,2,0,17,2,2,702,764,46,8,1,6,84,76,2,8,3,11,145,1068,716,36,26,0,0,0,4,7,4,993,699,32,22,0,9,0,17,34,5,0,0,4,0,50,834,967,69,5,778,98,576,412,11,2353,1875,1,447,590,2,6,456,580,2,7,2243,1045
2012,11,19,1,322,257,16,3,4,13,0,3,4,334,253,14,3,3,7,0,320,250,13,1,3,7,4,2,3,1,0,3,9,336,245,18,0,0,0,0,4,2,324,240,15,12,0,14,0,1,323,241,18,0,0,0,290,228,27,9,4,7,0,0,1,2,2,2,9,4,10,1,1,1,291,224,50,3,1,6,5,0,1,0,0,1,1,2,1,6,0,1,279,217,13,1,1,3,34,21,3,3,2,4,36,416,288,9,5,0,0,0,0,1,1,397,187,8,3,0,3,0,2,3,2,1,0,2,0,13,245,353,20,5,317,30,155,118,3,842,623,1,145,161,0,3,149,159,0,1,838,309
2012,11,20,1,994,949,51,23,8,46,2,5,8,1039,915,46,19,11,41,1,989,898,41,14,8,37,5,16,4,2,0,5,59,1026,902,64,0,0,0,3,7,9,983,886,53,44,0,48,0,2,988,884,66,0,0,0,866,811,116,47,12,25,2,0,4,16,17,17,32,15,10,12,6,2,875,829,183,22,5,30,21,0,4,5,2,10,4,4,2,22,5,1,833,761,44,9,4,8,102,104,3,8,1,18,179,1310,677,43,27,0,0,3,5,10,7,1233,667,41,19,0,5,0,11,24,2,5,0,7,0,60,862,1160,51,18,938,103,596,442,12,2706,2091,1,476,649,6,3,479,648,4,3,2634,1134
2012,11,21,1,770,793,45,13,3,21,0,5,6,792,782,35,9,4,12,0,765,769,32,8,3,8,2,5,5,1,0,3,45,798,763,44,0,0,0,0,5,3,768,765,39,21,0,19,0,0,770,762,41,0,0,0,693,710,72,33,6,10,1,0,0,8,2,7,27,8,7,5,1,2,696,723,111,13,4,13,12,0,3,1,0,2,2,3,1,14,0,1,663,680,28,5,4,1,75,73,5,2,0,5,109,997,618,19,12,0,0,0,0,6,2,926,606,16,8,0,2,0,16,29,7,1,0,4,0,35,729,857,68,4,721,65,507,355,10,2106,1658,1,390,435,2,7,392,435,1,6,2051,834
2012,11,22,1,1079,904,62,11,6,23,3,1,6,1106,895,49,12,7,14,1,1069,880,49,8,4,13,4,4,3,2,2,2,51,1089,875,54,0,0,0,2,7,9,1054,873,53,28,0,24,0,0,1056,873,59,0,0,0,963,812,83,28,7,15,2,0,7,9,4,11,42,16,11,10,4,6,960,813,152,10,5,11,27,0,4,0,4,7,3,3,3,13,11,4,912,766,40,8,2,8,94,93,5,1,2,2,149,1326,705,37,10,0,0,0,3,10,4,1262,698,33,7,0,1,0,12,18,4,0,0,3,0,46,853,1157,80,7,990,84,565,447,11,2711,2098,1,515,525,7,3,522,522,3,3,2612,1050
2012,11,23,1,353,257,22,16,2,14,0,0,2,366,250,17,15,4,13,0,348,243,15,11,1,10,2,5,3,7,0,3,19,367,255,23,0,0,0,0,3,0,349,254,22,20,0,14,0,0,360,253,24,0,0,0,315,215,32,29,4,5,0,0,1,1,4,10,15,2,4,6,0,0,308,221,53,19,1,6,7,0,4,0,1,15,0,2,2,1,5,1,287,201,19,8,0,4,44,36,1,4,1,1,60,428,206,11,12,0,0,1,2,2,2,405,194,11,11,0,4,0,3,13,3,1,0,1,0,19,228,415,23,3,344,36,160,127,2,823,669,1,190,193,1,1,192,191,1,1,785,385
2012,11,24,1,473,398,22,8,1,4,0,2,2,479,395,17,8,0,4,0,468,387,17,7,0,3,1,7,0,0,1,1,15,476,375,26,0,0,0,0,4,2,462,374,23,14,0,6,0,1,462,374,30,0,0,0,424,346,49,9,3,4,1,0,1,5,2,5,15,6,1,2,0,3,420,341,81,6,1,3,2,0,0,1,1,3,0,3,2,6,0,2,404,327,20,4,1,2,40,38,1,3,0,1,64,595,292,14,4,0,0,0,0,3,0,559,287,14,4,0,0,0,6,8,0,0,0,0,0,30,362,509,31,9,436,28,216,223,8,1238,911,1,205,210,3,3,213,204,0,4,1217,421
2012,11,25,1,1039,883,62,11,4,33,3,1,5,1068,861,62,11,1,22,2,1027,851,55,7,1,21,6,12,9,1,2,3,41,1073,832,80,0,0,0,3,7,8,1036,825,71,22,0,29,0,6,1044,830,83,0,0,0,925,762,129,32,3,17,0,1,5,12,12,6,40,19,7,5,3,5,911,763,191,14,1,18,15,2,3,0,2,4,1,1,6,16,0,6,879,721,61,7,1,6,112,90,5,3,1,5,137,1318,643,45,13,0,0,0,5,3,4,1243,619,42,11,0,5,0,14,25,5,3,1,6,0,63,911,1080,38,14,968,95,572,395,13,2726,2044,1,413,520,3,1,423,513,1,0,2662,937
2012,11,26,1,997,936,49,10,9,34,2,2,12,1033,913,40,17,5,23,1,985,897,37,9,5,21,11,14,3,0,1,6,43,1053,876,62,0,0,0,0,4,10,1008,876,54,33,0,32,0,0,1012,879,57,0,0,0,916,817,94,26,4,24,1,0,7,10,9,9,42,10,5,6,1,7,917,809,160,11,1,15,29,0,3,0,1,6,1,3,2,14,5,0,875,769,34,6,0,7,87,92,8,4,1,5,171,1316,683,26,15,0,0,0,1,5,3,1244,675,25,13,0,3,0,6,31,7,0,0,0,0,44,884,1120,43,9,983,77,547,440,9,2696,2056,1,448,517,6,1,438,532,1,1,2606,972
2012,11,27,1,629,645,40,8,3,13,1,2,3,655,624,28,20,2,14,0,623,612,28,6,1,10,1,8,4,1,1,6,44,664,584,49,0,0,0,0,2,4,643,583,45,20,0,16,0,0,637,587,44,0,0,0,579,539,81,16,2,12,0,0,3,13,10,3,27,9,5,6,1,8,581,536,127,9,0,7,10,0,3,6,0,2,1,2,2,9,0,2,545,498,33,4,0,4,63,72,2,1,0,3,118,809,494,29,4,0,0,0,0,5,2,773,490,28,3,0,3,0,7,8,2,0,0,1,0,27,584,722,39,4,589,48,361,347,4,1861,1349,1,329,339,3,3,311,359,2,2,1805,674
2012,11,28,1,662,661,45,11,5,25,3,4,8,683,646,41,11,5,20,2,652,636,38,7,4,19,5,6,6,2,0,2,37,683,626,62,0,0,0,3,9,7,662,623,52,17,0,19,0,2,659,625,56,0,0,0,608,582,90,17,0,11,3,0,2,8,6,4,21,10,4,1,2,1,589,582,134,7,2,9,13,0,2,0,0,3,1,2,3,7,3,2,567,546,44,6,0,2,66,68,6,2,0,9,93,813,558,36,4,0,0,0,1,7,4,747,546,34,3,0,0,0,9,20,6,1,0,8,0,41,621,734,58,12,602,61,357,396,9,1841,1425,1,299,375,3,0,286,387,0,4,1737,677
2012,11,29,1,532,540,34,7,5,12,4,2,4,551,536,31,7,3,11,1,514,527,28,6,3,11,0,1,3,0,1,0,43,548,502,47,0,0,0,0,3,6,519,509,38,13,0,18,0,0,523,505,46,0,0,0,471,475,76,7,1,14,1,0,1,4,4,4,19,14,5,5,0,6,462,474,110,4,1,10,7,0,2,0,1,4,5,2,0,7,0,2,438,456,34,3,1,2,54,41,3,0,0,3,99,709,387,26,7,0,0,0,0,1,2,655,379,26,6,0,2,0,11,17,3,0,0,1,0,38,520,580,37,7,517,49,293,277,8,1500,1142,1,245,351,5,2,249,351,1,2,1489,603
2012,11,30,1,572,542,38,6,2,14,0,3,9,580,528,35,6,3,11,0,560,512,32,3,2,8,1,9,4,1,0,5,36,607,496,45,0,0,0,1,2,3,577,500,41,9,0,19,0,0,581,499,43,0,0,0,513,459,57,9,2,8,2,0,4,14,8,5,27,11,7,1,0,5,517,457,100,7,0,11,18,0,1,0,0,7,2,2,2,8,2,3,486,428,32,0,0,4,61,63,5,2,2,4,93,758,378,28,3,0,0,0,1,4,3,709,377,26,3,0,6,0,8,15,3,1,0,5,0,23,505,650,25,6,548,57,312,264,5,1494,1187,1,263,314,0,5,268,307,4,3,1425,582
2012,11,31,1,548,575,43,10,10,21,0,2,5,568,561,36,14,8,17,0,541,543,32,7,7,14,4,5,7,4,1,5,37,574,541,58,0,0,0,2,1,5,542,544,50,28,0,19,0,1,548,539,67,0,0,0,468,476,90,33,6,9,2,1,4,18,7,9,24,15,3,5,0,3,461,495,131,18,4,13,14,1,4,0,2,6,1,5,1,6,4,3,434,443,40,4,4,4,76,81,5,4,1,2,112,766,378,46,14,0,0,0,0,4,4,696,368,37,8,0,3,0,13,28,6,1,0,2,0,44,493,693,22,7,550,81,373,205,6,1473,1213,1,243,398,2,1,248,394,2,0,1451,644
2012,11,32,1,612,659,15,1,5,4,1,0,1,622,648,9,3,3,3,1,604,648,11,1,3,3,3,4,0,0,0,1,23,605,635,22,0,0,0,0,1,5,591,632,19,7,0,8,0,2,593,627,20,0,0,0,561,603,30,4,3,5,0,0,2,5,2,5,22,6,2,2,0,1,556,595,50,4,1,4,12,0,1,0,2,0,0,0,1,4,0,0,544,584,13,1,1,3,29,42,3,0,0,0,76,711,564,10,4,0,0,1,0,1,6,669,554,10,4,0,2,0,5,23,0,0,0,0,0,28,647,583,66,6,539,28,392,338,5,1710,1302,1,225,252,1,2,203,273,1,3,1631,480
2012,11,77,1,287,129,4,3,3,4,0,1,6,289,127,3,4,4,3,0,283,126,2,3,3,3,1,1,2,0,0,0,7,287,120,9,0,0,0,0,6,2,283,121,4,5,0,6,0,0,283,119,5,0,0,0,255,108,17,4,6,2,0,0,0,2,4,0,10,0,1,1,1,1,263,103,26,4,3,2,2,0,0,0,0,0,0,0,0,3,0,0,247,102,2,0,1,0,30,15,1,2,2,1,24,320,99,3,3,0,0,0,0,5,2,302,94,3,1,0,0,0,5,8,0,1,0,1,0,14,164,262,17,0,225,21,82,112,3,0,438,1,50,105,1,0,32,123,1,0,0,156
2012,11,78,1,195,150,6,2,1,4,0,2,0,199,147,5,3,0,2,0,193,144,5,2,0,1,1,2,0,0,0,1,9,87,49,4,0,0,0,0,0,12,125,75,3,3,0,2,0,0,123,74,4,0,0,0,71,48,10,2,1,1,0,0,0,2,3,0,5,1,2,0,0,0,73,45,21,1,0,0,0,0,0,0,1,0,1,1,0,2,0,2,67,41,3,1,0,0,10,8,1,0,0,0,83,139,51,1,3,0,0,0,0,0,31,132,51,1,3,0,0,0,0,1,1,0,0,0,0,6,155,190,11,3,169,19,80,91,0,0,360,1,76,95,4,1,68,105,2,1,0,176
2012,11,79,1,0,0,0,0,0,0,0,0,1,0,0,0,0,0,0,0,0,0,0,0,0,0,0,0,0,0,0,0,0,0,0,0,0,0,0,0,0,0,0,0,0,0,0,0,0,0,0,0,0,0,0,0,0,0,0,0,0,0,0,0,0,0,0,0,0,0,0,0,0,0,0,0,0,0,0,0,0,0,0,0,0,0,0,0,0,0,0,0,0,0,0,0,0,0,0,0,0,0,0,0,0,0,0,0,0,0,0,0,0,0,0,0,0,0,0,0,0,0,0,0,0,0,0,0,0,0,0,0,0,0,0,0,0,0,0,0,1,,,,,,,,,,,
2012,12,1,1,392,294,13,9,2,2,1,0,1,399,292,8,9,1,1,0,390,287,10,8,1,0,0,3,3,0,0,1,13,400,278,10,11,0,0,0,0,5,389,282,13,11,0,2,0,0,388,278,16,0,0,0,365,265,27,11,1,2,0,0,3,3,0,1,1,4,2,1,2,2,338,262,41,8,0,1,14,0,0,2,1,4,20,2,0,5,0,0,333,257,8,8,0,1,44,19,2,1,1,0,38,464,233,8,8,0,0,0,0,1,1,445,232,8,7,0,0,0,0,6,0,1,0,0,0,16,286,415,9,7,360,21,179,153,4,921,717,1,166,152,0,0,163,155,0,0,899,318
2012,12,2,1,907,877,34,13,4,29,1,1,7,934,859,29,11,4,20,0,892,839,26,7,4,18,4,18,4,2,0,5,46,912,825,48,33,0,0,0,6,6,887,824,48,22,0,25,0,4,898,830,55,0,0,0,823,768,99,29,5,15,3,5,9,16,5,6,4,2,1,2,13,17,748,740,151,12,4,13,23,0,3,5,2,16,55,5,0,30,1,1,738,704,42,6,3,6,94,106,3,1,0,2,156,1144,660,24,22,0,0,1,1,8,5,1089,655,22,20,0,8,0,3,16,3,0,0,2,0,44,781,1031,41,21,858,86,507,407,16,2344,1875,1,429,507,3,1,434,501,4,1,2199,940
2012,12,3,1,799,817,13,4,5,6,1,8,12,809,808,9,3,5,7,0,791,805,8,2,4,6,1,4,2,1,0,0,22,828,779,14,4,0,0,0,11,10,812,778,13,6,0,13,0,0,799,774,16,0,0,0,756,751,43,6,4,6,0,0,14,3,0,3,2,1,1,1,6,13,719,722,63,2,4,7,23,0,1,13,4,5,25,3,0,14,1,0,716,716,10,2,4,4,67,55,1,1,0,1,67,917,712,8,6,0,0,0,0,8,8,880,699,7,5,0,3,0,6,15,0,0,0,0,0,33,826,772,56,11,717,26,414,493,15,2085,1665,1,338,400,4,4,328,410,4,4,2049,746
2012,12,4,1,1162,1227,58,15,9,22,1,12,13,1187,1218,53,14,6,15,0,1152,1198,50,12,5,12,3,7,1,2,1,3,50,1192,1164,58,20,0,0,0,16,15,1163,1169,57,21,0,14,0,0,1166,1173,69,0,0,0,1099,1106,109,19,5,14,0,0,4,11,5,4,2,4,5,6,5,12,1038,1087,164,15,3,10,17,0,0,3,2,11,34,8,1,28,2,1,1034,1047,49,9,1,2,79,125,6,5,2,3,135,1445,984,36,21,0,0,0,2,16,5,1368,971,35,17,0,5,0,17,30,0,2,0,1,0,54,1143,1265,100,12,1071,148,534,756,11,3182,2520,1,510,608,5,10,512,605,4,12,3051,1129
2012,12,5,1,473,373,8,4,1,1,1,1,6,476,369,5,4,2,0,0,464,363,5,3,1,0,2,5,2,0,0,1,15,467,367,7,4,0,0,0,1,7,463,368,8,4,0,3,0,0,467,367,8,0,0,0,444,340,23,8,0,1,0,0,3,6,0,5,0,0,2,1,1,3,417,327,33,4,0,1,5,0,2,2,0,16,17,1,1,11,0,0,412,320,6,3,0,0,38,43,2,0,0,1,34,538,318,4,6,0,0,0,0,1,1,512,316,4,5,0,0,0,4,10,1,0,0,1,0,13,421,383,56,8,397,17,169,275,10,1184,868,1,139,153,6,0,130,166,2,0,1160,298
2012,12,6,1,662,703,12,7,1,6,2,3,0,674,693,12,5,1,2,0,652,687,8,3,0,2,6,3,6,1,0,2,24,669,667,15,3,0,0,0,7,4,649,673,20,4,0,8,0,0,650,670,18,0,0,0,619,652,30,7,3,5,0,0,9,2,2,3,1,5,4,3,10,4,589,637,52,3,0,2,17,0,0,1,1,6,24,2,0,9,0,0,585,618,12,1,0,1,47,44,1,0,0,1,76,764,601,9,9,0,0,0,0,5,6,726,596,9,6,1,1,0,2,12,1,0,0,0,0,32,683,657,48,9,571,27,384,403,12,1750,1397,1,238,279,0,2,241,274,2,2,1710,519
2012,12,77,1,61,51,0,0,0,0,0,0,0,60,51,0,0,0,0,0,60,51,0,0,0,0,0,0,0,0,0,0,1,58,50,0,0,0,0,0,0,0,57,50,0,0,0,0,0,0,59,50,0,0,0,0,56,50,0,0,0,0,0,0,1,0,0,0,0,1,0,0,0,0,50,47,1,0,0,0,0,0,0,0,0,0,5,0,0,0,0,1,50,47,0,0,0,0,7,3,0,0,0,0,3,63,47,0,0,0,0,0,0,0,0,61,47,0,0,0,0,0,0,1,0,0,0,0,0,2,50,51,7,0,50,2,16,40,0,0,112,1,10,21,0,0,6,25,0,0,0,31
2012,12,78,1,32,37,1,0,0,0,0,0,0,33,35,1,0,0,0,0,32,35,1,0,0,0,0,1,0,0,0,0,1,12,11,0,0,0,0,0,0,0,23,25,1,0,0,0,0,0,23,26,0,0,0,0,12,11,0,0,0,0,0,0,0,1,0,0,0,0,0,0,0,0,12,10,0,0,0,0,0,0,0,0,0,0,0,0,0,1,0,0,8,10,0,0,0,0,0,1,0,0,0,0,32,24,19,0,0,0,0,0,0,0,0,24,19,0,0,0,0,0,0,0,0,0,0,0,0,0,34,31,4,1,27,4,19,16,4,0,70,1,18,13,0,1,13,18,0,1,0,32
2012,12,79,1,0,0,0,0,0,0,0,0,0,0,0,0,0,0,0,0,0,0,0,0,0,0,0,0,0,0,0,0,0,0,0,0,0,0,0,0,0,3,0,0,0,0,0,0,0,0,0,0,0,0,0,0,0,0,0,0,0,0,0,0,0,0,0,0,0,0,0,0,0,0,0,0,0,0,0,0,0,0,0,0,0,0,0,0,0,0,0,0,0,0,0,0,0,0,0,0,0,0,0,0,0,0,1,0,0,0,0,0,0,0,0,0,1,0,0,0,0,0,0,0,0,0,0,0,0,0,2,2,0,0,3,0,0,0,1,0,3,,,,,,,,,,,
2012,13,1,1,1096,838,47,10,8,15,2,3,7,1105,830,42,12,11,13,1,1085,817,38,9,8,11,3,2,9,0,0,2,34,1185,852,48,14,0,0,1,6,3,1081,787,49,15,0,14,0,2,1069,791,47,0,0,0,1016,753,88,19,7,8,1,1,8,5,1,13,3,3,4,2,6,5,965,704,144,15,6,8,8,0,1,6,2,4,30,9,1,2,1,25,952,670,39,9,3,5,75,103,3,2,2,2,153,985,953,45,0,14,0,0,5,4,18,972,908,37,0,0,13,0,62,16,7,0,0,1,0,33,793,1134,79,21,1005,69,507,441,5,2667,2028,1,446,447,2,5,445,449,2,4,2668,900
2012,13,2,1,903,1020,25,9,5,8,0,0,10,924,997,19,8,4,7,0,893,989,16,5,4,7,1,10,3,1,0,1,40,979,918,26,13,0,0,0,7,6,900,941,27,12,0,13,0,0,889,945,32,0,0,0,840,884,72,10,4,6,1,0,8,4,5,22,3,3,2,6,15,2,781,841,114,8,2,6,13,0,7,6,0,5,38,15,1,5,3,22,769,818,21,3,1,2,78,114,4,1,3,1,151,811,1128,16,0,10,0,0,2,7,3,793,1087,14,0,0,9,0,5,9,3,0,0,0,0,51,930,947,89,12,846,67,457,594,14,2662,1982,1,306,368,5,1,342,331,6,1,2597,680
2012,13,3,1,1268,1339,75,13,9,20,3,5,13,1305,1306,61,12,7,22,1,1244,1291,59,8,7,18,6,17,8,2,0,4,64,1394,1212,56,17,0,0,1,12,12,1256,1241,64,30,0,36,0,0,1238,1257,68,0,0,0,1128,1175,121,30,8,16,7,0,21,7,3,19,5,8,9,6,19,8,1038,1101,205,17,3,10,31,0,3,16,6,10,69,12,1,5,3,40,1019,1066,43,5,3,3,143,166,11,1,0,5,257,1042,1583,50,0,23,0,0,2,14,21,1010,1502,49,0,0,14,0,33,17,4,0,0,4,0,79,1234,1379,115,19,1186,114,609,817,21,3683,2747,1,468,553,2,4,475,547,1,4,3482,1027
2012,13,4,1,1434,1473,128,21,16,60,5,2,13,1499,1448,99,25,14,44,2,1412,1413,91,16,10,39,12,20,15,2,1,8,101,1512,1413,104,44,0,0,0,2,10,1445,1404,108,59,0,58,0,0,1435,1433,115,0,0,0,1272,1279,226,60,11,30,0,1,31,25,3,22,6,20,5,15,22,9,1140,1156,349,34,6,24,60,0,12,22,7,5,84,47,4,6,6,59,1122,1121,80,9,3,10,201,250,16,3,3,6,319,1380,1579,121,0,47,0,0,2,7,10,1328,1511,204,0,0,37,0,42,33,7,0,0,2,0,63,1313,1799,26,16,1430,197,932,582,13,3829,3154,1,632,905,3,2,651,886,3,2,3590,1542
2012,13,5,1,947,1197,53,19,6,31,2,4,4,973,1185,39,17,6,27,1,922,1158,39,14,5,20,6,9,5,3,0,6,68,1037,1122,37,23,0,0,0,6,4,922,1149,41,31,0,33,0,0,922,1145,47,0,0,0,867,1071,89,29,2,21,0,0,12,14,4,22,1,9,5,3,4,4,789,997,161,17,3,17,30,0,1,13,4,5,36,16,1,9,2,41,776,977,27,11,1,4,91,145,13,1,1,7,199,767,1401,47,0,21,0,0,1,13,5,753,1339,45,0,0,17,0,14,14,9,0,0,2,0,52,1127,1052,72,12,904,75,667,605,12,2800,2263,1,425,600,2,0,433,594,0,0,2683,1027
2012,13,6,1,976,886,15,1,5,12,0,3,4,987,874,15,1,4,6,0,965,872,12,1,4,7,5,2,2,0,0,0,27,1025,822,15,6,0,0,0,8,8,977,816,16,12,0,14,0,0,969,816,20,0,0,0,938,788,45,6,1,6,1,0,9,6,1,10,1,5,3,1,5,3,880,757,88,3,1,5,10,0,1,3,0,3,32,12,0,5,0,17,868,724,14,0,0,3,83,77,0,3,0,2,114,946,896,20,0,9,0,0,1,12,13,927,882,19,0,0,7,0,9,3,0,0,0,0,0,32,858,931,96,19,834,51,410,599,10,2566,1904,1,343,374,5,0,326,392,4,0,2524,722
2012,13,7,1,462,521,19,5,1,11,0,1,1,477,511,17,6,1,4,0,457,503,16,4,1,4,2,6,2,0,0,3,24,474,507,20,6,0,0,0,2,1,450,506,21,11,0,13,0,1,445,509,28,0,0,0,419,462,46,6,2,7,0,0,7,5,0,7,8,3,3,4,1,5,390,439,69,5,2,3,8,0,1,6,1,1,27,8,0,3,0,22,384,429,17,2,2,2,45,60,2,1,0,2,73,403,584,24,0,6,0,0,0,3,5,398,570,23,0,0,3,0,4,2,1,0,0,2,0,14,479,504,34,7,436,38,293,252,5,1329,1024,1,215,276,3,2,213,280,0,3,1295,496
2012,13,8,1,556,730,30,10,9,8,1,1,0,575,709,29,7,10,7,0,550,702,28,7,7,7,2,5,1,0,0,0,36,569,701,35,15,0,0,1,2,4,532,702,36,16,0,15,0,0,522,716,41,0,0,0,484,667,62,14,8,7,5,0,7,6,0,16,3,7,1,1,3,1,455,631,99,12,4,8,16,0,3,7,2,2,20,4,1,1,1,27,446,615,30,4,1,3,53,69,3,2,2,2,110,469,803,39,0,9,0,0,11,4,5,464,779,37,0,0,5,0,6,8,1,0,0,2,0,36,661,635,44,6,522,47,451,322,4,1692,1346,1,256,356,3,0,250,365,0,0,1612,615
2012,13,9,1,802,555,34,7,4,20,0,1,1,819,546,31,9,3,12,0,796,542,31,6,3,12,6,3,0,0,0,3,25,851,495,32,10,0,0,0,5,6,798,502,36,12,0,19,0,0,795,510,37,0,0,0,755,472,67,17,4,11,0,0,3,5,1,8,3,2,1,0,3,1,691,436,117,14,4,8,7,0,0,5,4,2,24,10,2,4,2,13,688,423,30,5,3,7,76,70,3,1,0,1,110,743,616,38,0,10,0,0,2,8,5,727,581,33,0,0,10,0,15,14,4,0,0,0,0,30,467,878,49,32,727,57,303,315,24,1873,1428,1,301,277,5,1,289,291,3,1,1838,584
2012,13,10,1,798,636,14,2,4,7,1,1,8,806,619,12,5,3,5,0,772,610,9,2,3,4,1,11,5,1,1,4,42,861,561,13,4,0,0,2,1,8,782,578,15,7,0,8,0,0,782,575,15,0,0,0,735,547,42,9,2,7,0,0,9,4,2,9,2,2,2,3,3,2,684,518,79,5,1,5,22,0,1,3,0,5,25,8,3,4,0,20,674,495,8,0,1,3,73,64,1,3,1,2,136,750,681,18,0,8,0,0,2,4,3,715,641,14,0,0,7,0,19,13,4,0,0,0,0,49,613,798,52,7,708,45,273,440,4,2025,1470,1,278,238,14,3,278,246,5,4,1961,533
2012,13,11,1,461,372,19,7,2,9,1,2,4,486,357,13,4,3,5,0,456,353,12,5,2,6,1,7,0,2,2,3,29,511,329,15,10,0,0,0,0,3,462,331,16,12,0,12,0,0,457,340,21,0,0,0,429,310,42,12,4,7,1,0,5,6,1,2,4,1,2,0,2,1,394,297,73,13,4,5,4,0,0,3,1,3,24,5,1,2,0,6,386,284,12,3,3,1,47,48,1,3,0,4,84,402,430,19,0,12,0,0,1,3,10,393,406,19,0,0,7,0,11,5,0,0,0,3,0,21,349,491,32,7,449,29,210,185,6,1174,879,1,201,194,2,4,194,201,2,4,1161,401
2012,13,12,1,640,577,23,5,2,12,2,2,4,652,570,19,8,1,7,1,631,563,18,5,1,6,5,3,1,0,0,3,27,684,532,20,8,0,0,0,2,3,641,538,20,10,0,15,0,0,634,539,26,0,0,0,588,510,54,8,0,10,0,0,5,3,2,9,2,3,2,2,7,4,551,477,91,15,0,9,3,0,1,4,3,2,26,7,0,2,0,16,544,468,18,2,0,6,66,57,1,2,0,3,97,607,607,20,0,9,0,0,3,8,11,588,573,20,0,0,8,0,15,9,0,0,0,1,0,36,541,681,41,6,581,35,295,351,7,1630,1269,1,269,265,1,4,254,280,0,5,1582,539
2012,13,13,1,1145,1045,64,12,5,27,2,0,8,1183,1016,53,15,7,17,1,1130,1006,52,9,5,15,5,13,3,1,1,6,56,1235,932,55,15,0,0,1,2,14,1140,947,63,17,0,33,0,0,1143,945,71,0,0,0,1059,895,124,22,4,21,2,0,9,6,5,21,2,7,2,3,13,4,984,814,219,10,3,15,29,0,0,14,3,8,40,11,1,4,0,35,966,779,48,5,1,7,113,160,9,2,1,7,203,1103,1128,32,0,22,0,0,8,5,9,1079,1079,31,0,0,20,0,16,7,7,0,0,1,0,55,982,1261,48,18,1062,78,545,607,17,3045,2309,1,439,554,7,4,459,540,1,4,2934,1004
2012,13,14,1,882,854,93,17,8,36,2,0,5,929,831,75,17,10,29,0,867,806,72,12,6,23,14,13,6,2,1,11,61,922,818,73,42,0,0,0,4,6,887,809,80,44,0,45,0,0,887,809,93,0,0,0,808,728,139,38,3,29,0,0,23,17,3,22,3,11,3,4,15,4,723,672,207,21,1,23,24,0,2,18,7,6,42,25,3,6,3,48,704,659,64,10,0,8,117,127,9,7,1,5,177,881,890,67,0,38,0,0,0,10,7,860,861,67,2,0,27,0,14,12,2,1,0,4,0,32,709,1154,27,7,917,111,513,349,7,2246,1899,1,414,490,1,1,429,477,0,0,1964,906
2012,13,15,1,1834,1814,169,51,16,84,7,4,9,1906,1772,137,67,12,59,3,1794,1727,122,46,11,45,20,24,23,5,1,11,146,1863,1791,143,88,0,0,1,7,11,1809,1773,150,101,0,98,0,2,1774,1795,170,0,0,0,1584,1592,299,105,14,50,3,1,43,31,6,37,8,30,11,8,31,15,1402,1437,464,69,9,49,65,1,7,45,15,9,92,58,5,11,6,84,1382,1409,114,30,4,20,255,302,18,14,1,11,413,1778,1921,147,0,87,0,0,8,24,17,1726,1848,143,4,0,72,0,29,22,3,0,0,6,0,96,1532,2403,38,18,1907,258,1162,648,16,4704,3991,1,821,1109,1,1,811,1117,1,3,4209,1932
2012,13,16,1,948,896,61,15,10,29,1,2,7,978,884,49,17,6,18,1,929,867,48,13,6,17,4,9,1,2,1,6,59,1023,850,43,12,0,0,0,4,8,957,854,45,17,0,26,0,0,927,863,52,0,0,0,853,797,102,18,7,14,0,0,14,10,3,15,4,6,5,4,19,4,776,729,171,10,4,10,24,0,3,11,3,3,55,27,2,0,2,32,766,704,34,5,3,4,101,129,8,4,1,4,198,870,1008,53,0,21,0,0,2,2,7,849,968,52,0,0,13,0,10,10,3,0,0,5,0,50,826,1098,40,5,914,95,488,464,8,2499,1971,1,367,473,4,2,370,474,2,0,2363,846
2012,13,77,1,100,61,2,1,3,2,0,0,0,96,61,2,1,3,2,0,94,61,2,1,3,1,0,0,0,0,0,0,7,100,55,3,1,0,0,0,4,0,91,56,3,3,0,3,0,0,92,57,4,0,0,0,89,54,9,1,2,2,1,0,0,1,0,1,0,0,0,0,0,0,79,50,9,1,1,1,1,0,0,0,1,1,10,1,0,2,0,0,77,48,3,1,0,1,11,9,0,0,1,0,14,96,59,7,0,2,0,0,0,4,0,89,57,7,0,0,2,0,2,2,0,0,0,0,0,5,76,81,12,0,67,12,38,52,0,0,169,1,18,54,2,1,15,57,2,1,0,75
2012,13,78,1,76,43,6,2,0,2,0,1,1,78,42,6,1,0,1,0,76,41,5,1,0,1,0,1,0,0,0,0,4,22,10,4,1,0,0,0,0,0,34,19,5,2,0,4,0,0,33,20,6,0,0,0,21,8,5,1,0,3,0,0,0,0,0,0,0,0,0,0,0,0,19,8,6,2,0,2,4,0,0,0,0,0,0,0,0,0,0,0,18,8,3,0,0,0,2,0,0,0,0,1,30,19,15,4,0,0,0,0,0,0,0,19,14,4,0,0,0,0,0,0,0,0,0,0,0,1,51,75,5,1,60,15,22,35,0,0,131,1,36,49,0,0,30,55,0,0,0,85
2012,13,79,1,0,0,0,0,0,0,0,0,1,0,0,0,0,0,0,0,0,0,0,0,0,0,0,0,0,0,0,0,0,0,0,0,0,0,0,0,0,0,0,0,0,0,0,0,0,0,0,0,0,0,0,0,0,0,0,0,0,0,0,0,0,0,0,0,0,0,0,0,0,0,0,0,0,0,0,0,0,0,0,0,0,0,0,0,0,0,0,0,0,0,0,0,0,0,0,0,0,0,0,0,0,0,0,0,0,0,0,0,0,0,0,0,0,0,0,0,0,0,0,0,0,0,0,0,0,0,0,0,0,0,0,0,0,0,0,0,1,,,,,,,,,,,
2012,13,80,1,0,0,0,0,0,0,0,0,0,0,0,0,0,0,0,0,0,0,0,0,0,0,0,0,0,0,0,0,0,1,0,0,0,0,0,0,0,1,1,0,0,0,0,0,0,0,1,0,0,0,0,0,1,0,0,0,0,0,0,0,0,0,0,0,0,0,0,0,0,0,1,0,0,0,0,0,0,0,0,0,0,0,0,0,0,0,0,0,1,0,0,0,0,0,0,0,0,0,0,0,0,0,0,0,0,0,0,0,0,0,0,0,0,0,0,0,0,0,0,0,0,0,0,0,0,0,0,0,0,0,0,0,0,0,0,0,1,,,,,,,,,,,
2012,14,1,1,172,173,7,4,1,3,0,2,1,170,171,5,5,1,2,0,167,168,5,3,1,2,1,1,2,1,0,0,9,186,159,6,0,0,0,0,3,3,171,155,5,3,0,0,0,0,173,156,5,0,0,0,155,151,8,3,0,0,0,0,3,0,9,2,1,0,0,2,1,2,152,143,16,3,0,0,3,0,1,1,0,2,1,0,1,2,11,0,143,136,4,0,0,0,23,20,1,2,0,1,27,229,122,1,1,0,0,0,1,5,2,203,120,1,0,0,0,0,2,9,0,1,0,0,0,20,179,165,17,2,162,7,73,117,4,457,363,1,82,82,1,0,77,86,2,0,437,165
2012,14,2,1,408,402,12,3,4,6,0,0,8,414,398,8,5,4,4,0,400,390,8,2,4,4,5,3,2,0,0,0,20,380,429,16,0,0,0,0,0,6,389,361,16,9,0,5,0,4,386,362,18,0,0,0,338,339,31,7,1,3,1,1,7,9,22,6,4,3,0,1,2,10,328,327,61,5,1,3,11,0,3,3,1,5,3,0,0,6,15,2,308,319,13,0,1,1,53,33,0,2,0,0,108,511,311,7,4,0,0,0,2,4,3,455,296,7,3,0,2,0,14,14,0,0,0,0,0,48,363,432,38,13,385,22,205,227,7,1139,845,1,175,177,2,3,160,189,4,4,1110,357
2012,14,3,1,1407,1105,39,12,12,6,2,5,4,1431,1065,34,14,9,4,1,1368,1055,30,7,9,4,7,19,3,2,0,0,81,1413,1055,43,0,0,0,1,12,13,1391,983,45,16,0,7,0,0,1392,988,47,0,0,0,1263,908,114,18,4,3,4,0,14,7,49,11,12,3,3,2,10,14,1216,872,197,14,3,1,16,0,0,7,5,14,1,6,3,19,52,0,1182,854,34,6,1,0,141,122,4,3,1,1,219,1706,837,18,8,0,0,0,2,8,10,1533,816,17,5,0,0,0,30,36,5,1,0,0,0,130,1125,1319,138,13,1220,72,560,704,39,3642,2594,1,512,442,7,5,496,458,10,2,3510,968
2012,14,4,1,253,167,8,2,1,1,1,1,3,256,162,10,0,1,1,0,249,161,7,0,1,1,1,2,0,2,0,0,10,243,170,12,0,0,0,0,4,7,237,160,10,2,0,3,0,0,236,160,13,0,0,0,217,149,27,3,0,1,0,0,1,0,9,1,1,1,0,2,0,1,214,141,30,2,0,4,2,0,0,2,1,3,0,2,0,8,6,1,209,135,9,1,0,1,18,23,1,0,0,0,30,273,155,2,0,0,0,0,0,1,7,265,146,2,0,0,0,0,6,5,3,0,0,0,0,3,166,247,19,6,216,11,88,119,4,608,438,1,99,91,0,2,95,96,0,1,597,192
2012,14,5,1,465,436,25,1,0,3,1,2,2,479,419,24,2,0,3,0,465,417,21,0,0,3,2,3,4,0,0,0,17,486,404,26,0,0,0,0,2,2,476,388,25,5,0,2,0,0,475,391,26,0,0,0,444,370,50,4,1,1,0,0,2,2,8,0,1,0,3,0,1,4,430,359,68,4,0,0,6,0,0,1,0,1,1,1,1,4,8,1,431,349,22,2,0,0,38,38,3,0,0,0,56,567,353,14,2,0,0,0,0,0,2,543,339,14,2,0,0,0,12,13,3,0,0,0,0,10,452,452,20,15,406,37,305,185,6,1327,940,1,214,207,0,1,206,214,1,1,1290,422
2012,14,6,1,391,407,49,14,5,21,1,4,2,413,398,45,17,2,13,0,387,393,41,12,1,12,2,8,4,2,0,2,27,422,381,64,0,0,0,0,2,3,403,395,52,16,0,24,0,1,402,375,58,0,0,0,335,344,76,30,0,9,1,0,9,4,24,6,7,3,1,4,3,7,325,338,111,16,0,10,9,0,0,4,2,4,5,5,0,11,18,3,308,312,38,9,0,4,59,52,13,0,0,1,97,591,259,39,6,0,0,0,0,1,1,520,251,37,4,0,1,0,16,19,2,1,0,3,0,42,357,522,18,1,396,78,252,171,1,1093,898,1,210,321,0,0,203,328,0,0,1046,531
2012,14,7,1,544,501,30,8,4,27,2,0,5,562,488,28,15,3,19,0,539,479,23,6,2,20,4,9,3,1,1,2,28,577,467,44,0,0,0,1,1,6,544,461,35,21,0,16,0,0,546,462,44,0,0,0,473,411,73,24,4,7,0,0,8,7,22,6,4,3,2,5,3,6,456,411,112,12,2,3,12,0,1,1,1,10,1,2,1,13,21,2,448,366,26,4,2,3,60,81,5,5,0,2,113,742,347,20,5,0,0,0,1,2,3,674,336,20,4,0,0,0,14,29,3,0,0,2,0,34,466,627,19,10,507,60,283,264,8,1331,1122,1,278,343,2,2,282,340,1,2,1273,625
2012,14,8,1,330,352,13,1,5,4,0,4,6,339,348,8,4,4,1,0,327,344,8,1,3,1,1,4,3,0,2,1,9,347,342,8,0,0,0,0,3,4,337,331,7,3,0,4,0,0,331,334,6,0,0,0,303,318,21,2,5,2,1,0,5,2,8,2,2,0,1,1,1,6,289,310,47,4,3,1,5,0,0,1,1,2,0,0,2,7,11,1,276,296,5,0,1,1,39,35,0,0,2,0,53,413,285,4,0,0,0,0,0,0,6,386,276,3,0,0,0,0,9,14,1,0,0,0,0,19,355,321,28,9,291,15,163,237,7,957,714,1,139,186,0,0,126,198,1,0,928,325
2012,14,9,1,1147,1089,54,16,3,28,3,9,11,1187,1065,44,16,3,18,1,1139,1042,43,9,1,17,1,9,5,2,4,4,69,1154,1098,63,0,0,0,1,8,1,1133,1033,54,35,0,18,0,0,1136,1031,63,0,0,0,997,941,124,31,4,11,0,0,17,20,37,11,16,7,5,5,2,13,939,909,186,31,1,7,35,0,3,5,6,16,2,8,5,34,43,1,914,869,39,8,1,3,152,135,12,3,0,1,215,1450,844,25,6,0,0,0,11,2,7,1347,830,23,3,0,0,0,10,46,9,0,0,0,0,84,976,1299,75,10,1080,86,612,563,19,3102,2361,1,478,527,9,4,475,534,6,3,2960,1018
2012,14,10,1,86,69,5,1,0,0,0,0,2,86,68,5,1,0,0,0,86,68,5,1,0,0,0,0,0,0,0,0,1,89,64,3,0,0,0,0,0,1,86,64,3,1,0,0,0,0,84,65,3,0,0,0,83,63,5,1,0,0,0,0,1,0,1,0,1,0,0,0,0,0,77,62,12,1,0,0,1,0,0,0,1,0,0,0,0,0,1,0,77,59,3,1,0,0,7,6,0,0,0,0,9,105,53,3,0,0,0,0,0,1,1,95,48,3,0,0,0,0,1,5,1,0,0,0,0,8,69,86,8,0,75,5,49,34,0,195,163,1,41,38,1,1,42,38,0,1,191,81
2012,14,11,1,632,506,12,5,6,5,0,4,2,638,494,12,6,5,3,0,620,490,11,5,5,3,2,6,1,0,0,1,23,698,435,11,0,0,0,1,8,2,621,447,12,3,0,6,0,0,635,445,14,0,0,0,595,425,38,3,2,3,1,0,0,5,16,6,3,1,1,1,0,1,570,405,73,5,2,4,6,0,0,1,1,3,3,2,1,11,17,0,560,385,10,1,2,3,58,51,2,0,0,0,90,830,330,2,1,0,0,0,0,3,4,766,314,2,1,0,0,0,11,25,3,0,0,0,0,44,477,616,69,10,553,16,199,401,3,1695,1171,1,257,193,4,2,239,214,2,1,1628,456
2012,14,12,1,1623,1237,41,6,16,20,0,4,9,1635,1209,36,10,16,12,1,1594,1194,36,6,14,11,4,9,5,0,0,5,70,1696,1158,40,0,0,0,4,12,10,1650,1091,37,15,0,13,0,0,1642,1096,43,0,0,0,1515,1030,92,15,9,9,1,0,11,21,53,11,13,7,4,3,6,17,1448,993,186,15,8,4,25,0,5,11,2,5,3,0,3,34,67,0,1414,962,30,2,4,2,159,118,4,1,1,3,241,2000,911,21,11,0,0,0,5,5,6,1857,890,20,6,0,1,0,18,38,4,0,0,1,0,117,1254,1565,121,22,1399,71,550,923,19,4226,2963,1,555,520,4,4,535,543,3,2,4101,1083
2012,14,13,1,1173,1149,91,21,10,33,2,4,4,1221,1126,67,23,10,25,0,1151,1094,60,18,9,21,6,10,10,0,0,5,99,1260,1053,94,0,0,0,1,7,7,1192,1030,80,45,0,35,0,0,1204,1031,87,0,0,0,1053,939,150,42,5,14,1,1,20,27,45,15,12,7,0,9,9,17,1010,897,257,30,3,17,22,0,4,5,3,12,2,6,1,48,47,8,985,854,59,20,2,6,136,145,11,6,0,6,252,1613,785,48,15,0,0,0,2,8,10,1473,765,44,12,0,4,0,17,34,9,5,0,2,0,109,1042,1382,57,9,1156,119,621,588,6,3213,2491,1,623,683,4,2,613,695,3,1,3080,1312
2012,14,14,1,445,564,16,5,4,9,0,4,4,460,542,15,6,4,8,0,432,538,15,3,2,8,3,12,1,1,1,1,26,474,533,24,0,0,0,0,7,4,446,518,16,9,0,9,0,0,453,517,19,0,0,0,410,480,43,8,1,1,0,0,6,7,16,4,2,1,2,0,2,6,398,465,69,6,0,1,6,0,0,1,2,3,4,2,1,8,20,0,390,455,15,1,0,1,43,61,2,2,1,2,68,571,448,8,3,0,0,0,1,6,10,518,434,8,2,0,2,0,17,14,4,0,0,2,0,33,500,491,54,6,395,42,270,343,1,1417,1051,1,187,269,3,0,184,273,2,0,1373,459
2012,14,15,1,1309,1295,43,15,9,21,2,9,15,1326,1267,34,15,9,14,0,1283,1247,33,11,9,16,8,12,2,0,0,3,73,1418,1173,42,0,0,0,3,16,17,1340,1095,46,20,0,23,0,0,1340,1105,52,0,0,0,1186,1034,114,23,10,12,3,0,13,22,49,11,9,10,4,3,7,8,1153,999,190,17,8,9,14,0,3,4,6,8,4,4,3,38,52,1,1123,953,32,7,4,4,137,133,7,4,0,5,280,1768,896,19,6,0,0,0,0,5,16,1596,879,15,6,0,3,0,27,54,6,2,0,2,0,111,1213,1338,150,21,1165,88,611,845,13,3980,2722,1,517,571,7,8,493,600,8,2,3842,1103
2012,14,16,1,364,311,30,5,6,10,0,1,3,382,303,23,6,4,4,0,363,294,23,5,3,4,0,8,1,0,2,1,22,414,272,24,0,0,0,0,0,4,383,269,23,18,0,13,0,1,384,277,27,0,0,0,339,251,52,14,1,5,0,0,1,4,19,3,5,2,1,0,5,5,321,236,85,6,0,4,6,0,1,1,0,3,1,0,2,9,13,1,316,219,19,2,0,1,41,53,0,1,0,0,74,537,174,11,2,0,0,0,0,0,2,493,166,10,2,0,3,0,3,19,4,0,0,0,0,28,282,439,8,1,356,31,182,156,5,877,730,1,180,179,1,0,177,181,1,1,826,360
2012,14,17,1,879,804,39,14,6,22,0,7,7,895,785,30,13,4,17,0,858,768,27,8,4,14,3,15,6,0,1,6,55,946,753,36,0,0,0,0,5,7,903,713,36,19,0,27,0,0,893,719,42,0,0,0,813,663,74,15,5,22,0,0,12,15,36,7,6,8,4,2,4,14,786,640,131,12,4,16,9,0,4,5,2,6,1,3,2,38,32,2,750,597,27,5,4,8,96,110,6,0,1,4,160,1211,538,14,6,0,0,0,0,1,5,1079,522,12,4,0,3,0,29,47,4,1,0,4,0,70,767,913,88,13,787,64,455,465,10,2552,1781,1,325,351,5,1,321,356,5,0,2473,682
2012,14,18,1,542,397,22,6,6,6,3,5,5,551,383,18,6,4,5,1,536,379,17,4,5,5,4,6,3,0,0,2,22,550,402,18,0,0,0,0,7,5,539,361,15,6,0,8,0,0,545,364,21,0,0,0,486,346,39,6,2,2,2,1,8,4,17,4,1,2,3,3,4,3,460,324,66,4,2,2,6,0,0,2,1,2,3,1,1,15,21,3,446,313,13,1,1,1,66,47,6,1,0,0,86,680,291,12,3,0,0,0,2,2,2,639,282,11,2,0,0,0,14,9,1,0,0,0,0,31,407,521,56,9,480,32,199,270,12,1365,993,1,204,187,3,4,189,202,2,5,1323,398
2012,14,19,1,1020,1098,89,19,16,26,4,2,15,1068,1075,74,20,10,19,1,999,1044,68,13,7,16,16,15,7,1,2,4,81,1100,1002,110,0,0,0,2,3,9,1064,956,98,34,0,26,0,0,1066,958,109,0,0,0,900,881,167,48,3,16,0,0,24,18,41,19,15,4,1,4,11,15,870,855,244,25,3,13,24,0,3,3,4,19,2,7,3,28,53,1,829,809,76,14,0,9,156,127,13,4,3,5,226,1444,753,52,14,0,0,0,2,2,7,1265,727,50,10,0,4,0,36,56,9,1,0,0,0,116,970,1271,27,16,1006,137,635,488,18,2922,2284,1,544,699,5,2,522,718,5,5,2824,1250
2012,14,20,1,308,324,29,2,3,4,1,4,4,316,317,23,2,3,5,1,306,314,22,2,2,4,2,4,1,0,0,0,15,339,298,25,0,0,0,0,2,4,325,288,25,6,0,2,0,0,326,288,24,0,0,0,284,271,47,5,1,4,0,0,5,5,20,2,2,4,0,1,3,1,274,257,73,3,0,2,4,0,0,0,1,6,3,1,1,12,10,1,263,245,17,2,1,1,41,43,4,1,0,1,55,431,225,12,2,0,0,0,0,3,5,375,212,11,1,0,1,0,8,26,3,1,0,0,0,35,308,349,17,6,301,24,182,169,4,888,680,1,177,194,1,1,172,200,0,0,868,373
2012,14,21,1,1546,1432,122,28,10,73,0,5,9,1623,1388,109,31,8,48,1,1529,1362,100,22,7,45,10,21,11,2,1,16,87,1687,1305,135,0,0,0,5,3,17,1593,1262,124,68,0,73,0,2,1606,1262,136,0,0,0,1400,1124,246,69,8,32,1,2,18,38,68,22,17,8,5,9,8,23,1331,1078,364,42,5,30,35,1,5,10,5,41,2,7,5,49,53,5,1286,1008,98,14,3,9,198,215,9,11,0,8,347,2169,927,71,32,0,0,0,5,4,8,1930,883,65,15,0,5,0,25,103,25,11,0,6,0,147,1269,1874,66,18,1427,203,874,702,21,4196,3227,1,763,893,6,5,762,901,1,3,4012,1667
2012,14,22,1,1338,1283,104,25,18,34,5,8,6,1392,1232,95,24,16,31,1,1326,1222,90,17,14,28,7,20,8,4,0,4,73,1454,1155,115,0,0,0,2,9,12,1407,1118,102,38,0,44,0,0,1410,1113,112,0,0,0,1251,1032,190,38,14,23,0,0,22,15,51,21,14,9,4,3,4,21,1169,1010,276,28,5,22,27,0,4,12,9,12,2,4,5,48,55,2,1140,945,82,6,3,10,162,151,9,8,3,10,277,1851,870,62,15,0,0,0,2,8,5,1695,847,60,8,1,3,0,18,55,10,3,0,6,0,108,1154,1594,63,16,1342,137,718,611,19,3535,2827,1,671,724,5,6,665,731,8,2,3376,1406
2012,14,23,1,942,881,109,9,8,47,2,0,11,994,860,81,21,13,25,0,936,839,78,8,5,24,6,12,6,5,1,9,74,1022,834,111,0,0,0,0,2,7,959,824,93,32,0,42,0,0,970,818,105,0,0,0,825,728,164,42,11,21,1,1,16,21,47,9,12,10,3,4,8,13,773,685,260,26,3,21,22,0,2,1,4,16,2,8,2,46,42,1,754,642,70,6,1,8,144,153,11,1,3,6,206,1333,594,60,10,0,0,0,3,1,9,1215,567,54,5,0,3,0,23,54,8,1,0,5,0,69,763,1206,36,9,971,137,520,376,10,2580,2014,1,500,594,0,1,490,604,1,0,2484,1095
2012,14,24,1,554,544,44,14,3,15,5,3,4,578,523,37,14,3,13,1,542,522,37,13,3,13,4,6,1,1,0,0,39,590,511,44,0,0,0,2,6,5,564,493,43,20,0,15,0,0,566,501,44,0,0,0,482,450,81,23,3,7,1,0,6,5,36,9,6,4,4,5,1,8,469,437,130,88,1,8,6,0,1,3,5,4,2,2,1,18,23,0,450,420,35,10,1,4,74,68,3,4,0,1,109,768,370,30,8,0,0,0,4,3,4,705,362,28,7,0,1,0,12,20,1,0,0,1,0,45,487,668,25,10,563,69,297,253,8,1608,1190,1,279,317,3,0,268,330,0,1,1529,599
2012,14,25,1,806,831,80,11,12,39,3,4,6,842,818,66,13,9,25,1,797,799,60,9,7,23,12,8,8,1,3,6,50,874,794,81,0,0,0,0,3,3,827,790,69,25,0,37,0,0,832,781,77,0,0,0,728,694,144,31,5,21,3,0,6,16,31,8,7,9,4,4,0,15,695,670,203,28,3,14,19,0,1,4,3,11,1,4,3,34,32,1,678,627,58,4,2,5,105,135,6,2,0,6,156,1146,578,38,12,0,0,0,2,1,10,1048,559,37,5,0,1,0,11,48,4,0,0,5,0,64,743,995,48,7,818,96,498,373,8,2394,1793,1,416,527,3,3,405,535,5,4,2333,949
2012,14,26,1,829,738,60,13,11,17,1,2,2,857,726,46,10,10,16,0,811,703,41,8,9,15,6,6,4,2,0,1,66,884,685,62,0,0,0,1,1,5,832,665,48,24,0,26,0,0,838,674,61,0,0,0,731,620,97,20,5,14,0,0,9,15,29,10,7,2,2,2,5,21,697,598,157,11,5,16,31,0,2,4,3,3,1,2,2,33,28,0,683,561,40,1,3,7,100,93,8,2,1,2,169,1109,524,31,7,0,0,0,2,1,2,1013,509,29,4,0,0,0,18,37,4,0,0,1,0,58,684,965,20,6,801,97,393,378,6,2127,1676,1,399,402,1,0,382,413,2,5,1965,802
2012,14,27,1,560,511,27,16,3,4,2,2,6,579,489,24,15,3,4,0,546,482,22,13,2,4,4,9,4,0,0,0,43,525,553,25,0,0,0,3,3,0,539,478,22,17,0,8,0,0,556,481,21,0,0,0,475,449,42,19,0,5,1,0,12,8,27,9,4,9,1,3,3,4,453,430,78,15,0,3,20,0,2,4,3,5,2,3,5,14,30,3,434,406,10,6,0,2,77,59,7,2,0,0,98,720,372,11,16,0,0,0,2,4,3,641,365,9,14,0,1,0,16,25,2,1,0,0,0,54,488,598,45,5,515,53,258,242,68,1583,1136,1,244,227,3,2,239,231,3,3,1540,476
2012,14,28,1,288,192,20,4,5,5,0,0,1,301,186,14,3,5,2,0,287,181,13,1,4,2,1,4,4,2,1,1,14,314,165,16,0,0,0,1,0,0,298,152,15,11,0,2,0,0,300,155,19,0,0,0,238,141,43,5,4,2,2,1,5,7,22,0,6,1,0,2,1,3,229,127,65,4,4,2,10,0,0,6,2,6,1,0,0,8,19,0,218,120,10,2,3,1,52,30,2,1,2,0,73,385,121,5,2,0,0,0,0,0,2,343,117,5,1,0,1,0,6,8,4,1,0,0,0,28,179,326,7,4,272,25,107,107,5,676,516,1,119,92,0,0,118,92,1,0,591,211
2012,14,77,1,210,64,4,3,1,0,0,2,2,208,61,4,2,1,0,0,201,60,4,2,1,0,0,0,0,0,0,0,14,192,57,7,0,0,0,0,6,2,186,57,6,3,0,2,0,0,189,57,6,0,0,0,169,52,12,3,0,1,0,0,1,0,9,3,0,0,1,0,1,0,155,53,17,3,0,1,0,0,0,1,0,1,1,0,0,1,24,1,153,52,4,1,0,1,32,3,2,0,0,0,27,200,53,3,1,0,0,0,0,3,0,183,51,3,1,0,0,0,1,2,0,0,0,0,0,17,138,122,24,3,122,9,58,96,2,0,286,1,50,124,4,1,20,158,0,1,0,179
2012,14,78,1,138,129,5,1,0,4,0,2,2,139,123,5,1,0,4,1,129,121,4,1,0,4,1,3,0,0,0,0,15,56,46,1,0,0,0,0,1,2,67,60,4,0,0,2,0,0,67,62,4,0,0,0,49,40,5,0,0,2,0,0,2,0,1,1,0,0,0,1,0,0,48,39,7,0,0,1,1,0,0,1,0,0,0,0,0,0,3,1,47,38,1,0,0,1,5,4,0,0,0,0,41,73,30,0,0,0,0,0,0,1,1,62,29,0,0,0,1,0,3,1,0,0,0,1,0,8,122,139,17,3,122,16,70,73,0,0,282,1,49,69,1,1,32,86,1,1,0,120
2012,14,79,1,0,0,0,0,0,0,0,0,0,0,0,0,0,0,0,0,0,0,0,0,0,0,0,0,0,0,0,0,0,2,0,0,0,0,0,0,0,0,2,0,0,0,0,0,0,0,2,0,0,0,0,0,2,0,0,0,0,1,0,0,0,0,0,0,0,0,0,0,0,0,0,0,1,0,0,0,0,0,0,0,0,0,0,0,0,0,1,0,0,0,0,0,0,0,2,0,0,0,0,0,1,0,0,0,0,0,0,0,0,0,0,0,0,0,0,0,0,0,0,0,0,0,0,0,0,0,0,0,0,0,0,0,0,0,0,0,0,,,,,,,,,,,
2012,14,80,1,0,0,0,0,0,0,0,0,0,0,0,0,0,0,0,0,0,0,0,0,0,0,0,0,0,0,0,0,0,0,0,0,0,0,0,0,0,0,0,0,0,0,0,0,0,0,0,0,0,0,0,0,0,0,0,0,0,0,0,0,0,0,0,0,0,0,0,0,0,0,0,0,0,0,0,0,0,0,0,0,0,0,0,0,0,0,0,0,0,0,0,0,0,0,0,0,0,0,0,0,0,1,0,0,0,0,0,0,0,0,0,0,0,0,0,0,0,0,1,0,0,0,0,0,0,1,0,0,0,0,0,0,0,0,0,0,0,,,,,,,,,,,
2012,15,1,1,961,779,103,23,8,48,3,0,5,992,775,81,27,8,37,1,927,734,78,19,6,29,12,13,9,4,1,7,82,887,840,98,44,0,0,1,6,5,886,816,115,51,0,0,0,0,883,784,113,0,0,0,818,647,150,60,8,28,1,0,15,11,11,28,7,25,5,21,18,11,716,621,234,34,8,25,19,0,6,55,12,1,34,22,5,29,1,22,698,588,80,13,2,10,137,139,10,9,1,1,234,682,1155,81,0,0,0,0,2,1,2,658,1045,74,5,0,0,0,32,25,6,3,0,0,0,82,620,1286,13,10,990,150,486,290,13,2265,1932,1,538,524,3,2,543,521,1,2,2039,1067
2012,15,2,1,595,660,52,11,5,21,0,2,1,611,652,43,12,5,17,0,577,631,37,8,4,16,5,4,9,1,0,2,52,551,639,69,50,0,0,0,5,5,538,650,78,38,0,0,0,0,545,625,73,0,0,0,487,530,110,41,5,11,1,0,14,2,0,28,11,16,2,16,10,9,449,504,155,32,3,12,10,0,7,48,11,1,26,10,1,6,1,22,429,472,54,14,2,3,84,129,3,7,0,1,141,492,776,67,0,0,0,0,0,2,5,470,711,56,4,0,0,0,17,20,6,3,0,0,0,56,526,814,6,3,607,102,415,208,17,1634,1349,1,330,468,2,0,328,470,2,0,1501,800
2012,15,3,1,831,1087,59,9,11,7,0,5,5,870,1062,43,8,9,6,0,824,1049,40,5,9,6,7,12,8,1,1,0,43,793,1097,56,14,0,0,0,4,6,771,1080,58,16,0,0,0,0,768,1067,58,0,0,0,749,975,104,16,8,7,1,0,8,1,0,15,6,7,4,20,4,5,699,931,173,12,3,1,12,0,1,25,3,0,39,9,3,12,1,11,669,910,44,5,2,0,86,132,9,5,2,1,139,772,1205,26,0,0,0,0,0,4,6,743,1147,23,2,0,0,0,17,19,6,1,0,0,0,49,1005,905,102,5,756,62,483,706,10,2699,2015,1,374,489,4,9,358,507,5,6,2614,876
2012,15,4,1,1296,1460,76,19,11,24,3,2,9,1327,1440,65,16,6,19,1,1277,1415,64,12,5,18,17,11,4,5,1,2,68,1203,1528,73,31,0,0,2,11,16,1181,1503,84,29,0,0,0,2,1186,1469,81,0,0,0,1111,1326,150,33,8,14,0,3,15,8,6,37,13,10,8,16,19,15,1025,1281,237,20,5,11,17,1,6,44,9,1,56,15,4,12,8,15,985,1224,60,7,3,4,150,217,9,6,0,2,203,1158,1678,42,0,0,0,0,2,4,11,1107,1588,40,2,0,0,0,29,38,7,5,0,0,0,65,1324,1483,74,18,1260,105,758,737,39,3762,2900,1,604,732,6,4,588,752,2,4,3579,1346
2012,15,5,1,1625,1660,72,31,14,27,2,8,13,1668,1622,55,31,13,20,2,1594,1600,54,25,12,17,5,24,6,4,3,4,86,1602,1650,75,35,0,0,1,14,16,1532,1653,88,40,0,0,0,2,1542,1627,81,0,0,0,1459,1463,166,37,7,14,2,0,20,12,6,38,8,8,7,22,16,15,1365,1379,267,36,6,14,45,3,5,52,6,2,68,15,1,5,0,16,1345,1332,62,16,4,2,142,232,3,2,2,1,282,1574,1807,39,0,0,0,0,2,8,14,1501,1724,37,3,0,0,0,27,37,5,2,0,0,0,96,1587,1728,115,25,1497,137,857,908,56,4642,3455,1,675,684,8,2,634,730,4,1,4391,1369
2012,15,6,1,690,784,65,18,11,25,3,0,10,724,768,49,21,9,16,2,680,746,43,13,8,14,2,10,7,6,0,6,62,674,798,60,31,0,0,2,3,6,653,801,72,34,0,0,0,2,653,769,67,0,0,0,592,664,120,41,10,13,0,1,8,5,2,27,12,12,3,21,7,13,531,631,170,22,6,10,19,0,6,51,6,3,38,13,2,2,3,22,517,610,46,9,3,4,92,112,7,9,1,3,185,582,977,35,0,0,0,0,0,2,4,563,924,32,4,0,0,0,15,16,3,3,0,0,0,41,719,840,41,7,714,125,378,374,16,1951,1607,1,376,439,0,0,378,436,1,0,1793,815
2012,15,7,1,653,746,36,8,5,12,0,4,2,664,733,33,7,4,7,1,634,723,31,5,4,5,2,6,2,4,0,1,45,607,757,38,11,0,0,0,5,5,604,749,44,18,0,0,0,0,602,729,41,0,0,0,577,645,80,13,9,7,0,0,11,3,2,15,4,6,5,12,3,8,527,629,117,9,4,8,23,0,1,31,0,0,29,13,1,2,0,9,525,613,31,3,2,1,63,93,5,4,2,2,114,577,854,28,0,0,0,0,0,1,3,545,812,24,5,0,0,0,22,16,5,0,0,0,0,38,684,733,46,5,623,54,353,404,34,1846,1468,1,297,377,4,2,282,395,1,2,1725,680
2012,15,8,1,263,410,17,3,0,5,0,5,3,267,409,15,3,0,4,0,260,404,15,3,0,4,1,2,0,0,0,0,10,262,411,14,2,0,0,0,5,4,252,412,15,5,0,0,0,0,248,410,14,0,0,0,242,370,23,5,1,1,0,0,3,4,0,18,2,2,0,7,4,0,225,371,29,4,0,1,8,0,0,19,2,0,10,2,0,4,3,4,221,355,13,0,0,1,24,46,1,3,0,0,33,241,447,11,0,0,0,0,0,3,2,238,439,10,1,0,0,0,3,3,0,0,0,0,0,7,370,292,41,3,266,19,182,221,18,906,706,1,124,154,1,2,125,155,0,1,862,281
2012,15,9,1,256,268,12,0,1,4,1,1,0,262,264,6,0,1,4,0,252,254,6,0,1,4,1,3,3,0,0,0,18,250,270,9,6,0,0,0,1,3,239,266,9,3,0,0,0,0,243,261,10,0,0,0,234,243,22,5,0,1,0,0,1,2,1,2,0,2,1,2,2,5,221,236,28,4,0,1,6,0,1,6,0,0,9,1,0,2,0,4,220,230,8,0,0,0,15,22,0,2,0,0,42,233,300,7,0,0,0,0,0,1,0,226,280,5,0,0,0,0,4,7,2,0,0,0,0,18,256,264,20,3,224,19,137,148,15,696,543,1,82,130,1,0,91,121,0,1,672,213
2012,15,10,1,513,946,37,4,2,9,3,2,10,527,940,31,2,2,5,0,506,927,29,2,2,5,2,6,3,0,0,1,33,521,939,34,4,0,0,0,6,9,493,939,32,3,0,0,0,0,497,929,34,0,0,0,488,857,78,5,3,5,0,0,1,3,2,11,1,3,1,9,4,5,454,832,109,3,1,6,6,0,2,18,1,1,12,8,0,1,1,7,452,816,28,1,1,3,36,98,2,0,0,1,74,581,921,9,0,0,0,0,0,5,6,569,898,6,2,0,0,0,7,14,3,0,0,0,0,17,834,618,68,7,493,46,425,537,26,1991,1528,1,263,388,7,5,252,405,2,4,1920,663
2012,15,11,1,321,549,17,2,3,4,0,3,9,334,535,13,4,3,2,0,315,526,12,2,3,2,1,13,2,1,0,1,20,311,534,25,3,0,0,0,7,11,288,551,26,5,0,0,0,0,294,540,27,0,0,0,277,517,51,3,1,6,0,0,1,1,0,6,2,0,0,4,3,4,266,484,73,4,0,2,7,0,0,11,0,0,11,5,0,3,0,0,261,475,21,1,0,1,24,58,4,1,0,1,45,311,586,7,0,0,0,0,0,2,4,302,564,7,0,0,0,0,7,3,3,2,0,0,0,16,512,356,38,4,266,33,306,288,17,1161,910,1,162,227,1,1,162,229,0,0,1140,391
2012,15,12,1,479,652,15,3,1,5,0,1,5,491,642,11,2,2,4,0,471,638,10,2,1,4,1,7,1,0,0,0,20,451,669,11,5,0,0,0,4,1,440,667,10,6,0,0,0,0,444,656,11,0,0,0,423,601,110,10,1,2,0,0,1,2,0,25,3,0,0,7,5,3,405,593,55,7,0,4,6,0,0,11,0,0,14,2,0,2,0,6,402,573,10,4,0,2,34,74,0,1,0,1,46,399,749,7,0,0,0,0,0,1,3,390,732,6,1,0,0,0,7,3,3,0,0,0,0,15,622,493,44,2,423,17,329,309,83,1542,1161,1,210,320,1,0,210,320,1,0,1494,531
2012,15,77,1,79,74,1,1,0,1,0,0,0,77,74,1,1,0,1,0,77,74,1,1,0,1,0,0,0,0,0,0,2,75,72,2,2,0,0,1,0,0,73,74,2,1,0,0,0,0,76,71,1,0,0,0,71,68,2,1,0,1,0,0,2,0,0,2,2,0,0,1,1,0,64,68,4,1,0,1,0,0,1,1,0,0,9,0,0,0,0,0,62,66,1,1,0,1,12,5,0,0,0,0,7,58,92,2,0,0,0,0,1,0,0,56,91,2,0,0,0,0,1,1,0,0,0,0,0,4,84,65,5,2,59,4,40,45,8,0,156,1,18,35,3,1,12,41,3,1,0,57
2012,15,78,1,37,24,2,0,0,0,0,0,2,37,24,2,0,0,0,0,37,24,2,0,0,0,0,0,0,0,0,0,0,13,3,1,0,0,0,0,0,0,15,4,1,0,0,0,0,0,14,3,1,0,0,0,8,4,2,0,0,0,0,0,0,0,0,0,0,0,0,0,0,0,6,1,3,0,0,0,0,0,0,0,0,0,1,0,0,0,0,0,7,0,1,0,0,0,0,1,0,0,0,0,11,5,4,1,0,0,0,0,0,0,0,5,4,1,0,0,0,0,0,0,0,0,0,0,0,0,25,34,5,1,29,4,13,18,1,0,65,1,13,10,0,0,14,9,0,0,0,23
2012,15,79,1,0,0,0,0,0,0,0,0,0,0,0,0,0,0,0,0,0,0,0,0,0,0,0,0,0,0,0,0,0,1,0,0,0,0,0,0,0,0,1,0,0,0,0,0,0,0,1,0,0,0,0,0,1,0,0,0,0,0,0,0,0,0,0,0,0,0,0,0,0,0,0,0,0,0,0,0,0,0,0,0,0,0,0,0,0,0,0,0,0,0,0,0,0,0,0,0,0,0,0,0,1,0,0,0,0,0,0,0,0,0,0,0,0,0,0,0,0,0,0,0,0,0,0,0,0,0,0,0,0,0,0,0,0,0,0,0,0,,,,,,,,,,,
2012,16,1,1,293,400,9,4,0,11,0,6,1,304,394,7,4,0,7,0,291,386,6,2,0,7,0,4,2,0,0,2,18,303,383,9,5,0,0,1,5,2,275,393,13,6,0,0,0,0,284,381,11,0,0,0,268,352,26,14,2,3,0,0,3,1,1,0,1,1,2,1,10,4,258,335,43,8,1,1,0,0,0,10,7,3,1,13,0,1,0,2,258,332,6,3,0,1,20,36,2,1,0,0,59,275,435,4,3,0,0,0,1,3,0,269,410,4,1,0,1,0,8,8,0,0,0,1,0,19,377,326,21,1,285,25,199,211,5,911,725,1,144,184,0,0,139,188,1,0,849,328
2012,16,2,1,833,954,64,12,10,18,0,1,18,863,941,52,16,8,9,0,823,919,50,9,4,8,4,13,3,3,4,3,54,840,961,51,19,0,0,3,8,6,787,993,59,22,0,0,0,0,775,957,59,0,0,0,704,869,97,25,5,12,2,0,1,8,10,8,5,6,6,21,47,12,653,800,171,17,2,6,28,0,4,30,45,7,2,46,3,2,2,13,645,776,40,8,1,2,102,129,7,1,0,4,187,814,1024,34,20,0,0,0,3,7,9,782,988,31,15,0,1,0,13,15,2,1,0,1,0,51,864,970,63,19,788,83,434,601,10,2535,1916,1,373,442,2,1,365,450,2,1,2305,818
2012,16,3,1,592,698,18,7,3,8,0,1,3,603,683,13,7,5,4,0,577,678,13,6,3,4,1,8,1,1,0,0,34,623,648,25,9,0,0,0,3,7,570,679,24,12,0,0,0,0,574,668,24,0,0,0,531,637,48,7,3,1,1,0,0,5,1,0,3,3,4,3,17,7,515,600,86,5,0,3,20,0,2,7,17,4,0,10,3,0,1,2,511,584,18,2,0,0,49,69,1,5,0,0,81,660,641,9,9,0,0,0,0,1,2,632,631,8,8,0,0,0,4,6,1,0,0,0,0,36,648,590,83,9,524,34,298,463,11,1713,1330,1,224,283,4,2,235,275,1,2,1633,513
2012,16,4,1,1127,612,28,10,6,2,0,6,8,1134,597,23,10,7,1,0,1110,590,23,7,5,1,2,10,3,1,2,0,32,1164,555,27,6,0,0,0,8,7,1101,581,27,10,0,0,0,0,1102,576,26,0,0,0,1048,554,53,7,6,1,1,0,0,2,2,6,3,1,7,4,25,3,1022,523,98,6,4,2,8,0,0,5,36,1,0,11,1,0,1,2,1005,504,22,3,3,1,80,60,4,0,1,0,103,1205,567,16,1,0,0,0,0,3,5,1167,560,14,1,0,1,0,4,8,1,0,0,0,0,36,703,1025,60,13,1048,44,330,367,12,2536,1800,1,346,229,4,3,332,243,5,2,2425,582
2012,16,5,1,1109,1130,71,10,8,17,2,5,7,1139,1108,64,10,4,8,0,1092,1084,62,6,4,7,2,19,5,2,0,5,61,1132,1087,79,11,0,0,0,9,11,1062,1116,70,18,0,0,0,0,1068,1070,66,0,0,0,990,983,126,19,3,16,0,1,2,7,6,0,3,8,11,19,36,12,947,919,187,13,3,14,23,0,1,12,48,11,1,34,2,3,2,10,924,910,54,4,2,1,114,148,9,1,0,5,172,1133,1122,50,43,0,0,0,2,11,3,1071,1059,49,25,0,0,0,24,19,3,8,0,0,0,87,1008,1200,108,13,1006,104,569,630,20,3086,2362,1,432,539,5,3,443,532,1,3,2987,979
2012,16,6,1,546,322,12,3,5,3,3,1,2,550,318,11,1,4,2,1,536,312,9,1,3,2,1,3,1,2,1,0,24,595,272,16,6,0,0,0,1,1,531,304,15,11,0,0,0,0,535,292,18,0,0,0,513,270,27,11,0,4,0,0,0,5,0,5,1,0,4,3,15,2,471,249,56,6,0,4,15,0,0,5,24,1,3,13,3,1,1,1,467,233,8,2,0,0,50,53,4,3,0,1,75,561,280,6,43,0,0,0,0,1,2,533,266,4,26,0,0,0,16,11,1,3,0,1,0,34,327,534,30,7,468,21,138,269,2,1252,898,1,200,166,2,0,217,148,3,0,1220,368
2012,16,7,1,221,283,9,1,1,3,1,1,2,219,273,7,0,1,3,0,214,271,7,0,1,2,6,3,1,0,0,1,13,218,277,14,2,0,0,0,1,2,213,278,10,3,0,0,0,0,212,274,10,0,0,0,191,262,17,1,2,1,0,0,0,2,0,1,0,3,2,1,14,2,183,253,31,2,0,0,1,0,2,1,13,2,0,5,0,0,1,1,181,249,7,1,0,1,25,19,2,0,1,1,18,232,275,3,5,0,0,0,1,2,4,219,265,3,3,0,0,0,6,4,1,0,0,0,0,15,287,207,23,5,190,17,109,188,18,712,522,1,99,93,3,1,87,108,0,1,688,196
2012,16,8,1,867,872,65,8,7,23,1,4,4,897,853,50,10,6,19,0,858,844,47,6,5,16,5,8,5,1,0,3,49,889,833,75,10,0,0,0,6,12,843,867,61,19,0,0,0,1,842,852,59,0,0,0,790,778,103,29,2,14,0,0,0,3,3,1,5,0,7,19,26,3,758,747,157,15,1,12,11,0,0,7,36,5,2,35,1,1,2,9,744,713,47,4,1,3,83,116,4,5,0,5,112,920,832,38,34,0,0,0,4,5,8,877,789,65,27,0,1,0,13,31,2,3,0,2,0,59,854,949,47,5,795,89,425,527,19,2505,1856,1,353,503,0,2,360,492,4,2,2409,858
2012,16,9,1,893,733,27,6,7,15,1,2,5,920,717,19,9,6,9,2,883,705,19,5,6,8,4,10,2,0,0,4,37,918,688,37,5,0,0,0,6,9,884,701,33,10,0,0,0,0,885,693,33,0,0,0,839,639,75,10,6,8,2,0,0,8,5,3,3,3,5,10,20,4,799,607,101,12,6,9,4,0,0,17,40,4,1,28,1,1,0,3,795,594,25,4,4,4,84,80,0,0,0,2,81,984,666,14,15,0,0,0,1,2,4,946,650,13,12,0,1,0,12,18,2,1,0,2,0,26,702,915,60,12,795,51,339,478,26,2363,1689,1,390,338,6,1,379,351,4,1,2305,735
2012,16,10,1,413,395,13,1,2,4,1,3,3,421,386,12,1,2,4,0,405,384,11,1,2,4,2,5,1,0,0,0,17,421,375,18,6,0,0,0,3,2,402,393,16,7,0,0,0,0,399,387,15,0,0,0,379,358,29,3,0,5,0,0,0,6,3,3,3,1,4,5,12,3,357,335,51,9,0,3,5,0,3,3,19,2,0,16,2,0,1,3,355,322,12,2,0,2,37,50,3,0,1,2,47,443,368,9,9,0,0,0,0,0,5,422,357,9,6,0,0,0,6,6,1,1,0,2,0,23,381,426,26,5,384,26,224,199,5,1107,838,1,209,204,1,1,208,206,0,1,1101,415
2012,16,77,1,86,37,0,0,0,0,0,4,1,87,36,0,0,0,0,0,84,35,0,0,0,0,2,0,0,0,0,0,2,83,36,0,0,0,0,0,3,1,83,35,0,0,0,0,0,0,81,36,0,0,0,0,75,35,0,0,0,0,0,0,1,0,0,0,0,0,1,1,4,1,66,35,4,0,0,0,0,0,0,0,12,0,0,0,0,0,0,1,65,33,0,0,0,0,14,2,0,0,0,0,8,83,39,0,0,0,0,0,0,4,1,80,4,0,0,0,0,0,36,0,0,0,0,0,0,2,59,58,7,3,56,3,20,46,2,0,128,1,24,38,0,0,10,50,1,1,0,62
2012,16,78,1,50,50,1,0,1,2,0,0,0,50,49,2,0,1,1,0,49,48,1,0,0,1,0,2,1,0,0,0,2,17,15,1,0,0,0,0,0,8,21,29,1,0,0,0,0,0,20,28,2,0,0,0,14,12,5,0,0,0,0,0,0,0,0,1,0,0,0,0,1,0,14,11,8,0,0,0,1,0,1,0,0,0,0,1,0,0,0,0,13,11,1,0,0,0,2,5,1,0,0,0,21,20,23,1,2,0,0,0,0,0,16,20,23,1,2,0,0,0,0,0,0,0,0,0,0,0,51,51,2,0,39,6,27,31,1,0,104,1,9,24,2,0,4,30,0,1,0,35
2012,16,79,1,0,0,0,0,0,0,0,0,0,0,0,0,0,0,0,0,0,0,0,0,0,0,0,0,0,0,0,0,0,0,0,0,0,0,0,0,1,2,0,0,0,0,0,0,0,0,0,0,0,0,0,0,0,0,0,0,0,0,0,0,0,0,0,0,0,0,0,0,0,0,0,0,0,0,0,0,0,0,0,0,0,0,0,0,0,0,0,0,0,0,0,0,0,0,0,0,0,0,0,0,0,0,0,0,0,0,0,0,0,0,1,0,0,0,0,0,0,0,0,0,0,0,0,0,0,0,0,0,0,0,0,0,0,0,0,0,0,,,,,,,,,,,
2012,17,1,1,568,577,23,8,7,4,1,3,5,575,576,14,5,7,4,0,558,567,13,5,7,2,4,5,3,1,0,3,21,554,569,21,9,0,0,0,5,8,553,571,20,8,0,0,0,0,553,467,18,0,0,0,519,548,31,9,3,5,0,0,0,2,2,1,2,2,5,4,16,1,509,530,58,6,0,2,4,0,0,5,12,0,2,12,2,0,1,2,504,519,16,5,0,1,39,39,1,1,2,1,55,611,557,13,9,0,0,0,2,2,2,591,539,9,8,0,1,0,4,10,0,0,0,0,0,32,594,529,61,13,478,30,251,426,12,1726,1197,1,169,223,3,1,170,224,1,1,1699,396
2012,17,2,1,98,211,8,3,0,2,2,2,2,102,211,8,2,0,1,1,98,208,7,2,0,1,1,0,1,0,0,0,7,97,211,12,2,0,0,0,1,2,96,211,12,2,0,0,0,0,96,209,10,0,0,0,90,201,18,2,0,2,0,1,0,2,0,0,0,1,0,0,3,1,82,190,29,1,0,2,1,1,0,1,1,2,0,6,0,0,0,2,81,189,8,1,0,1,12,19,1,1,0,0,13,97,215,6,3,0,0,0,0,1,4,84,212,5,1,0,1,0,11,2,0,1,0,0,0,7,189,121,18,1,94,15,78,140,2,399,329,1,53,85,2,0,44,96,0,0,378,140
2012,17,3,1,746,1176,54,14,7,18,0,1,10,768,1164,46,12,7,10,0,733,1148,45,7,7,8,2,10,3,3,0,3,48,734,1163,58,19,0,0,0,3,9,708,1191,42,19,0,0,0,0,709,1170,55,0,0,0,680,1100,103,17,4,7,1,0,2,5,2,6,1,8,2,9,7,9,650,1040,152,11,1,5,10,0,1,8,18,10,2,31,1,1,2,7,643,1030,46,9,1,2,54,117,4,3,1,3,105,897,1023,25,58,0,0,0,1,8,9,848,994,24,49,0,0,0,14,28,5,4,0,0,0,45,1127,823,74,6,655,72,499,795,9,2563,2030,1,319,539,5,4,316,543,3,5,2499,867
2012,17,4,1,288,223,10,4,2,3,0,1,2,291,221,10,3,2,4,0,285,219,10,2,2,3,0,4,0,1,0,0,5,267,227,15,3,0,0,0,4,0,271,227,13,4,0,0,0,0,272,220,13,0,0,0,252,207,31,4,2,0,0,0,0,1,1,2,3,0,0,2,4,2,237,194,42,2,0,0,5,0,1,3,14,1,2,2,0,1,1,1,236,192,11,2,0,0,26,24,3,1,0,0,35,291,228,7,5,0,0,0,0,1,0,285,224,6,4,0,0,0,0,3,1,2,0,0,0,6,278,238,13,1,272,19,98,140,1,727,534,1,98,84,2,1,89,94,1,1,711,185
2012,17,5,1,115,69,2,1,1,1,0,1,2,115,65,2,1,1,0,0,112,65,2,1,1,0,0,1,0,0,0,0,7,112,65,2,1,0,0,0,3,0,111,63,2,1,0,0,0,0,111,62,2,0,0,0,107,60,3,1,0,0,0,0,0,0,0,0,1,0,0,1,3,1,104,57,6,1,0,1,2,0,0,1,3,0,0,1,0,0,0,1,102,56,2,1,0,0,6,5,0,0,0,0,17,132,54,2,1,0,0,0,0,1,1,122,50,2,0,0,0,0,2,0,0,0,0,0,0,14,75,97,12,0,88,4,23,69,0,252,192,1,38,18,0,0,32,23,1,0,245,56
2012,17,77,1,27,15,0,0,0,0,0,2,0,27,14,0,0,0,0,0,26,14,0,0,0,0,0,1,0,0,0,0,1,26,14,0,0,0,0,0,3,0,25,15,0,0,0,0,0,0,25,15,0,0,0,0,22,12,1,0,0,0,0,0,0,2,0,0,0,0,1,0,0,0,22,12,1,0,0,0,0,0,0,0,2,0,0,1,1,0,0,0,22,12,0,0,0,0,3,3,0,0,0,0,1,28,13,0,0,0,0,0,0,3,0,26,13,0,0,0,0,0,0,0,0,0,0,0,0,2,18,24,2,0,19,0,7,18,0,0,44,1,6,8,0,0,2,12,0,0,0,14
2012,17,78,1,23,21,0,2,1,0,0,0,0,25,18,0,2,1,0,0,23,17,0,2,1,0,0,0,0,0,0,0,5,7,10,0,0,0,0,0,0,1,17,17,1,0,0,0,0,0,18,17,1,0,0,0,7,10,0,1,0,0,0,0,0,0,0,0,0,0,0,0,1,0,6,9,1,1,0,0,2,0,0,0,2,0,0,2,0,0,0,0,6,9,0,0,0,0,0,0,0,0,0,0,23,19,15,0,0,0,0,0,0,0,5,18,14,0,0,0,0,0,0,0,0,0,0,0,0,2,26,19,2,1,24,1,9,14,0,0,48,1,1,4,0,0,0,5,0,0,0,5
2012,18,1,1,726,806,35,23,7,26,0,1,7,733,803,30,23,7,20,0,712,786,27,19,6,17,5,7,2,1,0,7,36,705,807,44,25,0,0,2,7,8,671,826,43,25,0,0,0,0,673,818,44,0,0,0,623,743,92,34,6,14,0,0,4,3,5,2,5,1,16,16,4,5,601,708,129,19,3,11,20,0,32,8,1,7,1,24,1,2,0,5,589,689,31,10,2,4,67,92,4,4,0,6,120,521,1070,22,0,0,0,0,0,4,9,511,1000,19,0,0,3,0,22,16,6,0,0,4,0,39,762,798,53,20,669,76,409,448,31,2129,1633,1,312,368,3,2,308,375,0,2,2001,685
2012,18,2,1,826,922,41,9,7,10,2,7,6,845,912,29,9,6,9,1,816,899,29,3,5,7,3,10,8,3,0,2,34,825,931,28,8,0,0,1,6,7,781,941,38,10,0,0,0,2,787,932,34,0,0,0,711,884,62,13,5,16,0,0,7,6,7,1,16,3,28,8,12,6,667,818,135,3,1,11,21,0,47,23,0,3,0,25,1,0,5,4,652,798,22,0,1,2,105,109,5,5,0,2,119,693,1103,20,0,0,0,0,0,6,6,675,1065,18,0,0,4,0,23,10,5,0,0,0,0,21,875,906,45,6,772,53,463,539,5,2356,1832,1,369,470,7,1,357,478,10,2,2254,847
2012,18,3,1,334,600,41,5,1,15,0,0,4,341,602,37,6,0,9,0,324,588,34,5,0,8,3,4,4,1,1,5,19,340,570,44,14,0,0,0,1,6,316,583,52,11,0,0,0,0,320,572,49,0,0,0,281,529,79,13,0,12,0,0,2,5,2,2,2,5,10,8,5,4,274,494,110,13,0,7,9,0,13,17,1,2,0,17,0,0,0,3,269,478,44,6,0,4,35,77,1,3,0,3,73,268,692,32,0,0,0,0,1,2,3,260,640,31,0,0,3,0,8,26,4,0,0,2,0,21,531,434,24,11,347,64,260,311,18,1271,1000,1,200,360,2,3,188,373,2,2,1249,565
2012,18,4,1,166,129,3,3,2,4,0,3,1,169,129,3,2,1,3,0,166,127,3,2,1,3,0,0,0,1,0,1,4,162,141,3,1,0,0,0,2,1,153,144,3,1,0,0,0,0,151,145,3,0,0,0,146,138,9,3,1,0,0,0,0,0,1,0,0,0,3,0,0,0,140,137,11,2,1,1,1,0,5,1,0,0,0,0,0,0,0,1,139,132,3,1,0,0,11,12,0,0,1,0,10,123,184,2,0,0,0,0,0,2,0,121,178,2,0,0,0,0,2,3,0,0,0,1,0,3,148,146,15,3,139,9,48,115,1,504,312,1,61,49,0,0,54,56,0,0,503,110
2012,18,5,1,701,865,54,8,8,12,2,3,5,713,846,48,10,8,12,0,695,840,48,5,8,8,4,7,0,2,3,7,27,679,858,51,9,0,0,0,3,15,639,871,55,13,0,0,0,0,635,860,51,0,0,0,591,793,90,15,7,9,2,1,2,5,2,2,4,1,27,11,6,4,574,745,141,9,4,3,12,9,27,17,2,3,0,18,5,0,5,7,563,730,44,4,5,2,59,100,4,1,0,2,114,564,1048,25,0,0,0,0,2,6,3,552,985,25,0,0,1,0,11,27,3,0,0,4,0,39,817,798,27,12,639,80,389,508,38,2182,1656,1,301,448,2,4,306,444,3,2,2138,785
2012,18,6,1,416,446,8,2,4,2,2,2,2,421,440,6,2,4,0,1,408,434,6,1,4,0,4,6,0,0,0,0,18,445,413,7,0,0,0,0,3,1,394,443,12,1,0,0,0,0,392,439,10,0,0,0,370,414,26,1,2,0,1,0,0,1,1,1,2,1,10,2,2,1,361,389,50,0,2,1,3,0,10,1,0,1,0,11,0,1,0,0,359,366,7,0,2,0,27,68,3,1,1,0,47,297,577,4,0,0,0,0,1,0,3,295,554,4,0,0,0,0,6,7,2,0,0,1,0,14,407,438,34,7,351,18,182,323,12,1219,886,1,123,116,2,2,119,121,1,2,1201,243
2012,18,7,1,765,735,34,1,9,9,0,9,3,781,724,29,0,10,5,0,754,718,25,0,7,5,5,8,5,0,2,3,23,773,717,32,5,0,0,0,8,3,707,752,34,7,0,0,0,0,710,733,39,0,0,0,643,691,65,4,4,6,1,0,2,3,2,5,17,3,28,7,13,11,621,665,102,4,2,3,19,3,30,6,7,3,2,20,5,1,2,3,606,642,26,0,2,1,75,76,4,0,1,4,122,612,915,19,0,0,0,0,1,10,5,593,886,18,0,0,1,0,19,7,1,0,0,2,0,29,733,753,76,9,674,45,296,550,6,2128,1571,1,299,362,6,0,301,365,1,0,2079,667
2012,18,8,1,967,931,48,10,8,13,0,9,9,976,920,45,11,7,10,0,949,908,42,10,6,10,3,9,3,1,0,0,39,987,905,43,11,0,0,0,9,5,915,925,46,16,0,0,0,0,909,928,44,0,0,0,860,870,95,11,6,4,0,0,8,7,3,3,4,3,23,8,12,4,842,822,133,9,5,8,12,0,39,8,0,2,0,19,0,1,0,7,831,792,38,5,4,1,66,113,2,1,1,1,124,789,1149,30,0,0,0,0,2,8,3,785,1096,26,0,0,2,0,15,21,3,0,0,1,0,46,888,999,99,13,865,66,446,600,22,2833,1999,1,387,437,4,1,379,446,3,1,2793,829
2012,18,9,1,705,500,18,1,7,12,0,2,4,715,492,12,2,4,9,0,693,490,11,0,7,9,6,4,2,1,0,1,22,709,495,14,3,0,0,0,2,7,651,504,15,4,0,0,0,0,653,513,14,0,0,0,606,467,45,4,3,6,2,0,3,3,3,2,1,1,21,2,11,4,589,440,72,1,3,3,6,0,44,7,1,0,1,14,0,0,2,4,580,423,10,2,2,3,56,73,3,0,0,0,88,535,692,7,0,0,0,0,1,7,2,528,675,5,0,0,4,0,8,7,0,0,0,1,0,13,528,665,45,11,604,24,235,375,11,1681,1249,1,158,172,2,1,164,164,4,1,1620,333
2012,18,10,1,962,965,26,5,7,17,0,2,8,978,943,21,5,8,15,0,944,928,20,3,7,12,2,14,6,1,0,0,45,1071,864,26,2,0,0,0,8,6,879,979,33,9,0,0,0,0,871,951,25,0,0,0,817,880,69,7,8,12,0,0,7,9,3,7,8,4,32,16,17,3,786,829,113,4,6,7,13,5,49,18,0,3,0,25,1,1,2,7,774,768,21,0,4,2,84,150,4,1,1,3,172,698,1255,19,0,0,0,0,0,9,4,679,1189,17,0,0,2,0,26,16,2,0,0,2,0,52,992,926,65,13,865,43,398,665,25,2617,1999,1,318,356,4,1,318,355,5,1,2541,679
2012,18,77,1,84,72,6,3,0,0,0,3,0,81,71,6,4,0,0,0,76,69,6,3,0,0,0,1,0,0,0,0,11,79,68,7,3,0,0,0,3,1,75,68,7,3,0,0,0,0,73,69,7,0,0,0,71,62,8,3,0,0,0,0,0,2,0,2,0,0,3,1,0,1,64,61,8,3,0,1,0,0,10,2,1,1,0,3,0,0,1,1,64,61,7,3,0,1,9,4,0,0,0,0,17,73,84,6,0,0,0,0,0,5,0,69,81,6,0,0,0,0,0,1,0,0,0,0,0,9,93,61,16,0,49,8,34,76,3,0,169,1,18,55,3,1,7,66,3,1,0,77
2012,18,78,1,52,53,1,0,0,0,0,1,2,52,53,1,0,0,0,0,52,52,1,0,0,0,0,0,0,0,0,0,1,14,12,0,0,0,0,0,0,5,17,15,0,0,0,0,0,0,17,15,0,0,0,0,14,9,3,0,1,0,0,0,0,0,0,0,0,0,0,0,0,0,14,9,4,0,0,0,0,0,0,0,0,0,0,0,0,0,0,0,14,9,0,0,0,0,0,2,0,0,0,0,9,15,16,0,0,0,0,0,0,0,9,14,16,0,0,0,0,0,1,0,0,0,0,0,0,0,60,39,9,1,37,4,28,39,1,0,109,1,28,81,3,1,11,97,3,2,0,113
2012,18,80,1,1,0,0,0,0,0,0,0,0,0,0,0,0,0,0,0,0,0,0,0,0,0,0,0,0,0,0,0,1,0,0,0,0,0,0,0,0,0,0,0,0,0,0,0,0,0,0,0,0,0,0,0,0,0,0,0,0,0,0,0,0,0,0,0,0,0,0,0,0,0,0,0,0,0,0,0,0,0,0,0,0,0,0,0,0,0,0,0,0,0,0,0,0,0,0,0,0,0,0,0,0,0,0,0,0,0,0,0,0,0,0,0,0,0,0,0,0,0,0,0,0,0,0,0,0,0,0,0,0,0,0,0,0,0,0,0,1,,,,,,,,,,,
2012,19,1,1,1428,1355,85,20,8,42,1,6,13,1447,1347,71,18,9,35,0,1402,1322,67,11,6,28,4,18,8,8,3,6,62,1342,1382,97,28,0,0,4,8,19,1334,1400,99,39,0,0,0,5,1353,1363,99,0,0,0,1209,1207,177,48,8,37,3,1,11,24,8,5,20,14,50,19,16,10,1143,1111,298,20,8,23,35,1,64,40,4,4,2,65,1,1,4,12,1014,1084,70,12,3,8,178,226,19,6,1,7,207,1147,1712,59,0,0,0,0,0,8,13,1119,1569,53,0,0,12,0,43,42,9,0,0,11,0,83,1301,1574,72,14,1317,139,752,729,24,3714,2962,1,671,701,5,6,650,723,7,3,3535,1383
2012,19,2,1,581,633,30,5,3,9,0,2,4,582,623,31,5,3,9,0,566,612,28,5,3,8,2,4,2,0,0,0,33,553,648,37,6,0,0,0,4,5,550,646,35,8,0,0,0,0,545,634,32,0,0,0,504,585,60,8,2,4,0,0,3,2,2,1,5,4,14,16,8,6,498,555,82,6,1,6,17,0,24,10,0,2,0,16,1,1,0,5,484,549,28,1,1,1,49,73,2,2,0,4,68,447,775,28,0,0,0,0,0,4,6,435,736,25,0,0,1,0,15,13,3,0,0,4,0,32,610,601,46,12,522,52,264,416,15,1754,1245,1,266,307,3,2,270,305,1,2,1704,578
2012,19,3,1,658,627,36,3,9,10,3,3,14,670,619,29,5,4,11,0,644,608,27,3,3,8,3,4,7,0,2,2,39,624,645,35,7,0,0,1,9,8,605,638,40,10,0,0,0,0,605,634,40,0,0,0,537,564,88,8,6,4,0,1,4,10,3,3,6,3,29,9,10,12,514,508,145,5,6,0,16,0,44,11,1,2,0,38,3,2,0,3,500,494,26,2,4,0,82,104,3,1,0,1,133,503,827,22,0,0,0,0,0,6,6,487,771,18,0,0,0,0,12,21,4,0,0,1,0,41,582,730,46,9,650,60,295,346,16,1877,1367,1,288,272,2,4,287,276,2,1,1776,566
2012,19,4,1,557,525,28,0,3,5,1,2,1,561,519,24,4,2,4,0,546,514,23,0,2,4,3,5,1,1,1,1,19,504,551,29,3,0,0,2,9,2,513,531,27,4,0,0,0,0,514,520,27,0,0,0,478,494,45,4,3,8,0,0,3,6,5,3,7,1,10,5,2,4,445,471,71,3,2,5,15,0,30,9,1,2,2,9,1,0,2,3,432,464,21,1,1,4,68,47,2,2,1,0,69,465,627,19,0,0,0,0,0,3,3,458,605,16,0,0,2,0,11,7,1,0,0,1,0,16,518,542,56,7,477,42,234,364,6,1537,1123,1,195,213,2,0,182,228,0,0,1492,410
2012,19,5,1,1489,1553,115,19,10,39,1,4,5,1547,1517,100,17,7,27,0,1468,1498,91,14,7,24,11,18,6,1,1,12,85,1405,1577,135,19,0,0,2,5,6,1400,1565,123,22,0,0,0,2,1399,1551,118,0,0,0,1257,1395,227,38,6,32,2,0,13,7,9,8,10,10,65,21,19,13,1188,1296,371,19,6,18,35,0,83,31,2,9,2,44,2,4,1,8,1165,1249,93,8,5,7,186,241,12,4,0,7,249,1199,1941,71,0,0,0,0,3,3,7,1154,1778,63,2,0,8,0,50,81,9,1,0,4,0,79,1445,1709,60,22,1402,163,757,888,26,4086,3237,1,643,797,6,3,653,793,3,0,3916,1449
2012,19,6,1,1004,1016,40,8,2,9,0,2,7,1007,1001,37,14,1,8,0,978,996,34,8,0,8,3,9,4,1,1,1,38,930,1029,51,9,0,0,3,10,5,917,1030,48,9,0,0,0,3,912,1012,44,0,0,0,865,955,87,11,4,12,0,0,4,9,5,3,2,5,25,9,6,5,827,896,145,8,3,11,20,0,54,16,0,4,2,23,3,3,0,2,822,881,37,6,2,5,76,114,1,1,0,4,133,776,1269,21,0,0,0,0,0,7,7,758,1207,18,0,0,4,0,17,20,5,0,0,0,0,48,964,1013,90,24,893,60,443,674,21,2783,2091,1,378,449,4,3,363,466,2,3,2737,834
2012,19,7,1,525,411,23,5,2,7,0,1,0,528,410,17,6,1,7,0,517,405,17,4,1,7,2,1,2,1,1,0,15,495,417,26,3,0,0,0,7,6,490,416,23,7,0,0,0,0,489,419,26,0,0,0,437,389,52,4,4,3,0,0,7,1,3,2,4,0,28,2,3,4,418,356,81,1,2,4,12,0,33,8,1,1,0,5,1,0,0,4,414,347,21,1,2,3,59,57,3,1,0,1,56,420,527,17,0,0,0,0,0,6,4,414,512,16,0,0,3,0,6,2,0,0,0,1,0,13,389,540,39,10,466,45,215,247,5,1325,978,1,165,179,6,1,159,188,3,1,1247,351
2012,19,8,1,63,170,4,0,2,2,0,0,0,64,169,3,2,1,1,0,61,166,2,0,1,1,1,2,2,1,1,1,2,55,171,4,4,0,0,0,1,0,51,170,4,3,0,0,0,0,52,170,5,0,0,0,48,165,9,2,1,1,0,0,1,0,0,0,0,0,1,0,4,0,44,160,14,1,1,1,2,0,5,1,0,0,0,3,0,0,0,0,44,159,2,0,1,0,6,8,0,1,0,1,18,45,195,0,0,0,0,0,0,1,0,44,180,0,0,0,0,0,5,3,0,0,0,1,0,7,127,80,34,0,58,5,61,116,1,289,241,1,34,61,1,0,31,65,0,0,272,96
2012,19,9,1,511,700,13,3,4,5,0,4,3,518,688,13,5,4,3,0,499,684,12,3,2,3,3,4,1,1,2,0,24,465,724,20,3,0,0,1,4,9,468,718,20,3,0,0,0,0,468,714,19,0,0,0,437,686,44,4,3,2,0,0,2,2,1,1,3,0,16,8,3,0,418,668,72,5,1,1,2,0,21,2,0,2,1,14,0,0,1,1,506,658,17,1,1,1,53,47,0,0,1,0,47,368,857,10,0,0,0,0,1,3,4,358,819,7,0,0,1,0,21,10,2,0,0,0,0,20,664,516,61,5,451,30,254,498,13,1653,1245,1,211,204,3,2,201,217,1,1,1606,420
2012,19,10,1,304,446,13,4,0,2,1,0,3,303,445,11,3,0,4,1,296,441,10,2,0,2,2,1,1,2,0,2,13,275,464,17,1,0,0,0,3,4,272,461,16,7,0,0,0,0,269,457,16,0,0,0,254,433,25,7,0,3,4,0,1,2,1,0,2,0,5,5,2,2,246,421,38,2,0,2,11,0,6,7,0,0,0,8,0,0,0,1,236,414,12,0,0,1,27,30,1,0,0,1,47,234,520,9,0,0,0,0,1,1,7,227,506,9,0,0,2,0,4,2,1,0,0,0,0,17,430,309,32,4,268,18,206,268,15,960,775,1,119,207,1,3,109,216,3,2,917,330
2012,19,11,1,116,158,6,0,1,2,0,0,0,120,155,5,0,0,1,0,113,154,5,0,0,2,0,1,1,0,0,1,8,110,161,7,1,0,0,0,1,1,105,161,8,0,0,0,0,0,110,161,5,0,0,0,99,150,17,1,1,1,0,0,1,1,0,1,1,0,5,0,0,1,95,147,21,0,0,2,0,0,6,3,0,2,0,2,0,0,0,0,95,141,4,0,0,0,10,15,2,0,0,0,16,79,199,4,0,0,0,0,1,0,1,77,185,1,0,0,0,0,5,10,3,0,0,1,0,2,156,122,7,0,107,7,75,94,2,359,285,1,34,73,1,0,35,73,0,0,344,108
2012,19,12,1,171,284,8,2,0,2,0,4,3,178,278,5,3,0,2,0,169,277,5,2,0,1,0,1,2,0,0,1,9,163,275,13,4,0,0,2,3,0,158,282,13,4,0,0,0,1,159,278,11,0,0,0,149,266,20,3,1,4,1,0,0,0,1,2,2,2,7,3,2,1,143,261,24,2,1,2,3,0,12,4,0,1,0,5,0,0,0,2,143,254,5,1,1,0,12,20,3,0,0,1,31,136,335,2,0,0,0,0,0,2,0,134,322,1,0,0,0,0,1,1,4,0,0,1,0,8,280,176,15,3,162,6,87,212,7,563,474,1,71,76,4,0,66,84,0,1,545,151
2012,19,77,1,91,94,2,1,0,0,0,4,0,94,92,0,1,0,0,0,89,91,0,1,0,0,0,1,0,0,0,0,6,90,95,1,1,0,0,0,3,0,88,93,0,3,0,0,0,0,90,91,0,0,0,0,81,87,0,1,0,0,0,0,1,3,0,1,3,0,2,2,4,1,77,83,2,2,0,0,2,0,8,1,0,1,1,3,1,0,0,0,75,83,0,1,0,0,13,7,0,0,0,0,9,79,104,0,0,0,0,0,0,2,0,77,96,0,0,0,1,0,0,5,0,0,0,0,0,8,111,71,9,1,57,9,45,79,2,0,192,1,17,37,2,0,5,50,1,0,0,56
2012,19,78,1,36,29,1,0,1,1,0,1,1,37,30,1,0,1,1,0,34,29,1,0,0,1,0,0,0,0,0,0,4,3,6,1,0,0,0,0,0,1,4,7,0,0,0,0,0,0,4,7,0,0,0,0,3,6,0,0,0,0,0,0,0,0,0,0,0,0,0,0,0,0,3,6,0,0,0,0,0,0,0,0,1,0,0,0,0,0,0,0,3,6,0,0,0,0,0,0,0,0,0,1,2,4,8,0,0,0,0,0,0,0,1,4,7,0,0,0,0,0,0,1,0,0,0,0,0,0,41,27,2,0,27,2,11,29,1,0,70,1,16,38,0,0,8,43,3,0,0,54
2012,20,1,1,584,464,15,4,3,5,1,0,3,591,455,16,4,3,4,1,582,453,14,3,3,4,2,4,1,0,0,0,11,583,439,15,4,0,0,0,3,5,571,445,15,4,0,0,0,0,574,449,11,0,0,0,549,428,31,5,1,4,0,1,3,1,1,3,1,0,9,1,2,1,548,414,36,4,2,5,3,1,17,5,0,0,0,3,0,0,0,3,542,411,13,3,1,3,29,37,0,1,0,0,32,615,437,14,0,0,0,0,3,4,2,607,426,12,3,0,0,0,6,8,1,1,0,0,0,10,442,608,19,12,554,26,139,283,79,1251,1080,1,254,202,3,0,249,204,4,2,1234,459
2012,20,2,1,925,907,29,6,10,8,2,2,11,940,898,24,6,10,5,2,917,887,21,5,10,4,7,5,2,1,0,2,31,975,847,34,6,0,0,2,5,7,938,863,35,7,0,0,0,0,936,859,31,0,0,0,852,803,63,15,6,3,2,0,8,13,0,9,4,4,35,16,12,5,849,776,91,6,5,5,7,0,42,28,1,0,1,5,1,2,0,14,819,756,25,0,4,0,93,176,2,2,2,2,113,1040,829,17,0,0,0,0,2,5,6,1000,806,17,1,0,0,0,18,16,1,0,0,0,0,36,864,984,47,11,871,61,389,514,71,2268,1906,1,399,383,1,3,396,387,1,2,2198,786
2012,20,3,1,465,920,20,3,0,12,0,1,8,478,901,21,2,0,11,0,458,895,17,2,0,10,3,7,3,0,0,2,23,444,910,30,3,0,0,0,7,14,435,906,27,6,0,0,0,0,434,909,28,0,0,0,380,837,52,4,2,7,0,0,17,8,1,10,2,8,18,15,1,5,389,823,67,1,0,5,17,0,24,17,1,1,1,1,0,2,1,11,362,807,21,1,0,2,59,89,5,1,0,3,65,529,870,14,0,0,0,0,0,3,5,480,812,8,2,0,0,0,31,48,3,1,0,0,0,35,849,531,37,11,449,39,374,513,53,1698,1428,1,225,411,1,4,204,433,4,0,1623,641
2012,20,4,1,912,944,22,7,1,12,1,3,6,917,932,18,8,3,10,1,897,925,15,7,1,7,6,6,3,0,0,4,32,964,886,22,8,0,0,1,5,7,894,915,27,8,0,0,0,2,907,908,22,0,0,0,839,871,45,9,3,7,0,1,3,3,6,5,4,2,25,6,8,5,835,851,81,8,1,2,8,1,23,16,2,0,0,4,1,2,0,7,820,824,15,6,0,1,56,72,4,2,1,2,96,982,893,19,0,0,0,0,3,4,6,958,880,15,1,0,0,0,6,11,1,0,0,0,0,29,906,936,55,14,855,55,381,587,33,2384,1911,1,406,341,3,1,405,343,1,2,2279,751
2012,20,5,1,570,566,19,3,1,5,1,3,2,577,558,15,4,1,4,1,562,551,15,3,1,4,3,7,1,0,0,0,20,615,520,14,3,0,0,0,6,8,566,547,16,3,0,0,0,0,575,541,14,0,0,0,536,505,30,5,1,3,0,1,1,6,0,13,2,2,14,6,5,6,530,497,52,1,0,3,4,1,21,14,0,1,0,3,0,1,0,7,519,462,12,0,0,0,40,70,2,0,0,2,52,666,486,13,0,0,0,0,0,3,4,632,471,8,0,0,0,0,11,17,2,0,0,0,0,25,523,607,35,8,556,27,244,282,64,1421,1173,1,279,264,4,2,288,259,1,1,1378,549
2012,20,6,1,155,235,11,1,2,4,1,0,1,162,231,9,1,2,2,1,153,227,9,1,2,2,0,4,1,0,0,2,8,161,228,14,0,0,0,0,1,2,153,232,12,0,0,0,0,0,150,232,12,0,0,0,131,220,14,1,0,4,0,0,2,3,1,1,0,1,17,3,2,0,132,207,23,0,0,3,0,0,11,9,0,0,0,1,2,0,1,4,123,202,11,0,0,0,26,24,0,0,0,3,18,179,217,9,0,0,0,0,0,1,3,170,210,9,0,0,0,0,4,5,0,0,0,0,0,8,230,166,10,4,137,13,118,122,20,468,410,1,80,109,0,1,79,108,2,1,461,190
2012,20,7,1,1182,1111,27,6,3,11,2,3,4,1201,1094,24,6,1,6,1,1172,1082,23,5,2,6,5,5,3,0,1,1,38,1205,1064,33,11,0,0,0,7,10,1165,1075,34,11,0,0,0,1,1164,1083,34,0,0,0,1080,1011,68,15,2,7,0,0,14,7,1,11,4,4,31,17,4,2,1061,997,99,12,3,3,14,0,37,29,4,0,1,2,1,3,0,6,1038,961,27,6,1,0,99,93,2,1,0,1,100,1310,993,26,0,0,0,0,3,1,11,1251,963,17,3,0,0,0,23,27,6,1,0,0,0,47,1141,1147,55,7,1091,55,435,675,94,2828,2350,1,514,538,4,2,514,536,6,2,2772,1058
2012,20,8,1,497,776,12,0,4,3,1,1,3,505,765,12,0,3,2,1,492,762,12,0,3,2,1,3,0,0,0,1,17,520,735,14,2,0,0,0,4,5,484,760,12,4,0,0,0,0,489,751,14,0,0,0,455,694,24,20,2,3,0,0,0,2,2,9,1,3,13,6,3,19,451,699,47,2,1,0,2,0,18,25,1,0,1,5,0,1,0,7,440,658,12,1,1,1,40,78,0,2,0,0,55,555,713,10,0,0,0,0,1,3,10,544,702,8,0,0,0,0,4,5,1,0,0,0,0,20,744,515,30,8,435,33,313,440,76,1544,1297,1,204,295,0,2,192,305,3,1,1503,501
2012,20,9,1,114,156,3,0,0,2,0,0,2,113,156,3,0,0,3,0,111,155,3,0,0,2,0,1,0,0,0,0,4,114,152,4,0,0,0,0,1,1,111,152,4,0,0,0,0,0,113,154,4,0,0,0,101,145,7,1,1,3,1,0,0,3,0,0,1,0,7,1,0,1,101,146,12,1,1,2,0,0,2,2,0,0,0,0,0,0,0,2,97,140,4,0,1,1,10,9,0,0,0,1,13,128,142,5,0,0,0,0,0,0,2,123,135,4,1,0,0,0,2,7,0,0,0,0,0,4,142,119,14,3,107,6,53,101,11,321,278,1,58,73,0,5,57,76,0,3,325,136
2012,20,10,1,391,324,7,2,0,4,0,0,2,394,320,7,2,0,3,0,388,320,6,2,0,3,1,2,0,0,0,2,6,387,327,7,1,0,0,0,2,1,384,329,5,1,0,0,0,0,380,328,6,0,0,0,365,314,18,2,0,4,0,0,1,0,1,3,5,2,8,2,0,3,344,310,32,3,0,2,0,0,14,6,0,0,0,0,0,0,0,4,342,303,5,1,0,1,34,21,0,0,0,1,21,385,333,2,0,0,0,0,0,1,8,372,327,2,2,0,0,0,12,1,1,0,0,0,0,5,330,380,13,7,340,14,152,214,10,849,732,1,180,152,1,1,174,160,0,0,833,334
2012,20,11,1,227,118,1,1,1,0,0,1,0,230,114,0,2,1,1,0,227,114,0,1,1,0,1,1,0,0,0,0,5,230,113,1,3,0,0,0,2,1,225,116,1,4,0,0,0,0,227,115,3,0,0,0,224,113,2,1,0,0,0,0,0,0,0,0,0,0,2,0,0,0,217,110,8,1,0,0,1,0,1,1,0,0,0,1,0,0,0,2,216,108,0,1,1,0,10,5,1,0,0,0,7,237,106,3,0,0,0,0,2,3,1,236,105,3,0,0,0,0,0,1,0,0,0,0,0,3,104,234,9,5,214,7,26,92,13,425,352,1,90,48,1,0,92,45,2,0,418,139
2012,20,12,1,298,269,0,1,2,1,0,3,3,298,267,0,1,2,1,0,296,264,0,1,2,0,0,3,0,0,0,1,4,305,255,3,1,0,0,0,2,5,299,261,2,1,0,0,0,0,299,259,2,0,0,0,291,255,7,1,0,0,0,0,1,0,0,0,1,0,3,0,0,0,290,250,7,0,0,0,2,0,2,2,0,0,0,0,1,1,0,2,286,244,2,0,0,0,8,16,0,1,0,0,9,308,261,0,0,0,0,0,0,2,3,301,258,0,1,0,0,0,3,4,0,0,0,0,0,5,266,297,11,3,278,7,86,198,8,667,577,1,130,105,1,0,127,109,0,0,640,236
2012,20,13,1,538,156,4,0,0,2,0,0,3,543,153,3,0,1,0,0,536,153,3,0,0,0,3,1,0,0,0,0,4,541,146,4,1,0,0,0,2,3,537,150,2,1,0,0,0,0,535,147,3,0,0,0,526,142,7,2,0,1,0,0,5,1,0,1,2,0,1,2,1,1,522,139,16,2,0,0,3,0,5,5,0,0,0,0,0,0,0,2,518,134,2,1,0,0,12,12,0,0,0,0,21,529,160,4,0,0,0,0,0,2,7,521,157,4,0,0,0,0,6,1,1,0,0,0,0,4,166,509,21,7,496,5,54,132,16,822,703,1,251,57,0,0,247,60,0,1,801,308
2012,20,14,1,972,775,21,3,0,7,0,3,5,983,767,12,3,0,5,0,968,758,10,3,0,5,2,5,8,0,0,1,19,973,754,26,2,0,0,0,6,8,958,758,27,3,0,0,0,0,952,757,23,0,0,0,916,711,39,6,0,9,0,0,4,6,4,11,3,2,16,7,4,3,897,689,68,1,0,7,10,0,24,26,0,0,0,2,1,3,2,10,884,675,17,0,0,1,59,64,6,2,0,2,64,1037,722,15,0,0,0,0,1,2,7,1008,704,13,0,0,0,0,12,17,1,0,0,0,0,21,779,929,72,8,872,44,236,479,157,2211,1788,1,401,366,8,4,406,365,5,3,2139,779
2012,20,15,1,1268,1261,53,7,7,11,2,5,16,1280,1256,42,8,5,9,1,1256,1247,38,6,5,9,5,7,6,0,0,1,28,1229,1235,49,6,0,0,1,12,10,1251,1231,53,8,0,0,0,0,1268,1219,48,0,0,0,1190,1107,100,5,3,12,0,0,10,10,3,18,12,8,16,28,10,13,1152,1075,144,2,3,6,39,0,42,44,1,2,1,1,1,6,4,16,1127,1038,40,2,2,4,92,153,3,0,0,4,145,1517,1067,26,0,0,0,0,2,2,12,1455,1039,26,1,0,0,0,38,24,2,0,0,0,0,33,1232,1294,86,20,1162,62,511,840,57,3243,2632,1,561,548,5,4,542,561,10,5,3121,1118
2012,20,77,1,176,124,4,1,0,2,0,10,0,178,122,4,1,0,2,0,174,122,3,1,0,2,0,0,1,0,0,0,5,178,118,4,0,0,0,0,14,0,176,119,5,0,0,0,0,0,179,118,5,0,0,0,168,111,8,0,0,0,0,0,0,0,0,3,1,0,6,1,3,0,167,113,10,0,0,0,1,0,10,0,0,0,0,0,0,0,0,1,166,110,4,0,0,0,9,8,0,0,0,0,8,183,116,5,0,0,0,0,0,10,2,173,114,5,0,0,0,0,4,3,0,0,0,0,0,7,158,136,24,1,160,6,37,110,6,0,318,1,11,32,5,0,5,38,5,0,0,48
2012,20,78,1,46,34,1,0,0,0,0,0,0,47,32,1,0,0,0,1,46,34,0,0,0,0,1,1,0,0,0,0,1,16,12,1,0,0,0,0,0,0,16,12,1,0,0,0,0,0,16,11,1,0,0,0,15,11,1,0,0,0,0,0,0,0,0,0,0,0,0,0,0,0,15,11,1,0,0,0,0,0,0,0,0,0,0,0,0,0,0,0,14,10,1,0,0,0,1,0,0,0,0,0,4,19,6,2,0,0,0,0,0,0,0,19,6,1,0,0,0,0,0,0,0,0,0,0,0,1,39,37,4,1,36,3,16,25,1,0,81,1,15,19,1,0,11,24,0,0,0,35
2012,20,79,1,0,0,0,0,0,0,0,0,1,0,0,0,0,0,0,0,0,0,0,0,0,0,0,0,0,0,0,0,0,1,0,0,0,0,0,0,0,0,0,0,0,0,0,0,0,0,0,0,0,0,0,0,0,0,0,0,0,0,0,0,0,0,0,0,0,0,0,0,0,0,0,0,0,0,0,0,0,0,0,0,0,0,0,0,0,0,0,0,0,0,0,0,0,0,0,0,0,0,0,0,1,0,0,0,0,0,0,0,0,0,0,0,0,0,0,0,0,0,0,0,0,0,0,0,0,0,0,0,0,0,0,0,0,0,0,0,1,,,,,,,,,,,
2012,20,80,1,0,0,0,0,0,0,0,0,0,0,0,0,0,0,0,0,0,0,0,0,0,0,0,0,0,0,0,0,0,0,0,0,0,0,0,0,0,0,0,0,0,0,0,0,0,0,0,0,0,0,0,0,0,0,0,0,0,0,0,0,0,0,0,0,0,0,0,0,0,0,0,0,0,0,0,0,0,0,0,0,0,0,0,0,0,0,0,0,0,0,0,0,0,0,0,0,0,0,0,0,0,0,1,0,0,0,0,0,0,0,0,0,1,0,0,0,0,0,0,0,0,0,0,0,0,0,0,0,0,0,0,0,0,0,0,0,0,,,,,,,,,,,
2012,21,1,1,183,152,8,3,4,5,0,3,2,188,146,9,3,1,4,0,178,144,7,3,1,4,1,1,0,0,0,0,17,174,146,6,4,0,0,0,1,1,164,137,8,3,0,0,0,0,163,184,6,0,0,0,155,117,17,5,0,4,0,0,0,1,2,0,8,10,7,4,0,4,160,112,22,4,0,1,3,3,0,2,0,17,3,0,2,3,1,0,134,105,3,1,0,1,25,22,2,2,0,1,63,217,128,3,0,0,0,0,9,3,1,194,125,2,0,0,0,0,9,3,1,1,0,0,0,22,148,198,12,3,177,14,68,93,9,443,361,1,67,67,1,1,60,75,0,1,424,136
2012,21,2,1,683,485,35,13,6,13,1,4,4,705,476,32,8,3,8,0,678,464,32,7,3,7,3,6,1,2,0,1,35,674,461,44,10,0,0,0,6,9,677,466,49,9,0,0,0,0,667,468,39,0,0,0,615,420,60,13,2,1,0,0,3,0,10,1,25,6,4,8,1,5,608,397,107,7,1,4,23,0,2,1,0,15,0,1,0,4,2,8,577,376,31,3,1,1,72,66,8,5,1,0,93,763,392,24,0,0,0,0,39,6,10,723,375,22,5,0,0,0,36,10,4,1,0,0,0,54,473,720,48,5,642,47,236,312,9,1706,1247,1,291,223,1,4,279,231,4,5,1622,519
2012,21,3,1,862,497,47,7,7,13,2,1,10,880,485,39,8,6,8,0,849,472,35,5,5,7,7,2,5,1,0,4,45,852,476,52,17,0,0,0,7,8,832,497,57,16,0,0,0,0,822,485,53,0,0,0,760,421,92,14,3,6,1,1,0,2,7,2,38,7,10,13,3,9,767,420,123,10,3,6,18,0,1,0,3,23,2,1,2,2,1,6,712,395,41,6,2,2,89,62,7,5,1,2,109,942,404,35,0,0,0,0,31,11,6,887,386,30,2,0,0,0,21,20,7,2,0,0,0,75,532,853,58,4,768,67,268,335,9,2002,1447,1,356,264,3,1,357,263,4,0,1913,624
2012,21,4,1,478,228,18,1,7,8,0,2,1,487,226,13,1,6,6,0,473,217,12,1,6,6,0,1,1,0,0,1,23,444,252,16,3,0,0,0,2,3,443,257,17,7,0,0,0,0,434,253,11,0,0,0,401,212,30,4,3,4,0,0,1,1,9,3,18,11,5,3,4,5,407,205,53,3,3,2,14,0,2,2,0,7,2,0,0,2,5,2,373,194,8,2,2,0,48,35,3,0,0,1,73,531,171,13,0,0,0,0,16,7,0,503,164,11,2,0,0,0,13,9,2,1,0,0,0,32,230,484,27,3,441,26,123,146,8,927,744,1,209,123,0,2,208,125,0,1,904,334
2012,21,5,1,1174,939,47,9,4,23,2,7,13,1208,911,39,8,4,15,1,1157,902,38,5,2,12,6,11,0,2,1,1,61,1153,892,63,13,0,0,2,7,7,1169,893,61,23,0,0,0,2,1128,896,55,0,0,0,1026,791,101,16,4,13,1,0,9,6,22,7,46,17,8,21,6,14,1048,769,142,9,3,8,60,0,1,6,1,35,4,1,7,5,7,2,963,735,37,3,2,2,215,116,11,3,0,4,208,1302,781,43,0,0,0,0,65,5,9,1256,762,36,3,0,0,0,22,13,3,1,0,0,0,108,844,1264,91,15,1109,85,416,542,62,2900,2206,1,494,444,9,3,484,456,7,3,2853,950
2012,21,6,1,454,297,23,1,2,7,0,6,2,458,293,18,1,3,6,0,445,289,18,0,1,6,2,2,3,1,0,0,17,454,289,21,3,0,0,1,8,3,451,290,20,2,0,0,0,0,442,294,18,0,0,0,412,267,33,3,1,2,1,0,1,0,7,1,12,5,3,3,1,3,417,260,55,2,0,3,16,0,0,0,1,1,0,1,0,0,0,1,393,248,16,2,0,1,39,37,3,0,0,0,44,470,255,18,0,0,0,0,39,7,2,453,247,17,0,0,0,0,24,8,2,1,0,0,0,33,283,486,19,6,419,32,127,205,11,1026,792,1,226,162,1,2,213,174,2,2,1001,391
2012,21,7,1,746,566,23,9,4,16,1,5,4,762,559,21,10,3,12,1,731,542,19,7,3,11,3,8,2,2,1,3,38,748,540,41,11,0,0,0,4,5,729,538,53,14,0,0,0,0,737,534,36,0,0,0,648,482,63,9,5,15,2,0,5,3,14,6,28,16,9,3,2,13,666,469,105,6,2,11,25,0,3,4,3,14,4,1,3,0,2,2,614,446,28,2,0,3,89,63,5,1,1,7,112,873,454,21,0,0,0,0,30,1,3,827,443,16,2,0,0,0,13,16,6,1,0,0,0,52,487,785,97,9,679,41,289,339,30,1842,1380,1,308,249,5,1,315,247,1,0,1744,563
2012,21,8,1,932,676,32,7,2,15,0,6,11,949,664,27,7,4,7,0,908,654,22,4,2,6,3,6,7,2,0,2,50,892,657,43,7,0,0,7,10,16,905,675,38,9,0,0,0,0,888,658,39,0,0,0,799,602,76,7,3,5,2,0,2,8,16,3,40,10,11,8,3,11,790,566,109,7,0,2,69,0,2,4,2,13,2,2,3,8,4,3,736,538,30,3,0,3,110,97,5,0,0,0,137,998,605,23,0,0,0,0,26,12,12,945,592,22,0,0,0,0,17,9,2,1,0,0,0,73,675,895,103,10,816,42,322,468,35,2105,1666,1,412,291,7,3,394,313,4,2,2026,713
2012,21,77,1,61,28,0,1,1,1,0,3,1,60,28,1,1,1,0,0,58,28,0,1,1,0,0,0,0,0,0,0,4,56,30,0,0,0,0,0,6,0,55,29,0,1,0,0,0,0,55,30,0,0,0,0,49,28,2,0,1,0,0,0,0,0,0,0,5,0,0,0,0,1,55,26,4,0,1,0,0,0,0,0,0,0,0,0,0,0,0,0,49,26,0,0,1,0,5,2,0,0,0,0,7,62,25,1,0,0,0,0,1,7,0,59,25,1,0,0,0,0,1,0,0,0,0,0,0,3,41,47,8,0,45,1,18,29,3,0,96,1,10,20,2,1,4,26,2,1,0,33
2012,21,78,1,27,19,0,0,1,1,0,0,0,29,18,0,0,1,0,0,26,18,0,0,1,0,0,1,0,0,0,0,2,5,5,0,0,0,0,0,0,0,7,8,0,0,0,0,0,0,7,7,0,0,0,0,5,6,0,0,0,0,0,0,0,0,0,0,0,0,0,0,0,0,5,7,0,0,0,0,0,0,0,0,0,0,0,0,0,0,0,0,3,5,0,0,0,0,0,0,0,0,0,0,7,6,6,0,0,0,0,0,0,0,0,5,6,0,0,0,0,0,0,0,0,0,0,0,0,1,20,23,4,1,22,3,4,18,1,0,48,1,6,16,1,0,4,18,1,0,0,23
2012,21,80,1,0,0,0,0,0,0,0,0,1,0,0,0,0,0,0,0,0,0,0,0,0,0,0,0,0,0,0,0,0,0,0,0,0,0,0,0,0,1,0,0,0,0,0,0,0,0,0,0,0,0,0,0,0,0,0,0,0,0,0,0,0,0,0,0,0,0,0,0,0,0,0,0,0,0,0,0,0,0,0,0,0,0,0,0,0,0,0,0,0,0,0,0,0,0,0,0,0,0,0,0,0,0,0,0,0,0,0,0,0,0,1,0,0,0,0,0,0,0,0,0,0,0,0,0,0,0,0,0,0,1,0,0,0,0,1,0,1,,,,,,,,,,,
2012,22,1,1,570,511,16,1,1,3,0,3,9,586,485,15,2,1,3,0,563,480,15,1,1,3,3,4,0,1,0,0,25,566,469,22,3,0,0,0,9,4,549,476,20,5,0,0,0,1,550,473,20,0,0,0,511,435,37,4,4,2,0,0,5,1,7,4,25,5,4,2,1,7,517,421,64,1,4,4,17,0,0,3,2,8,0,1,0,1,1,3,478,398,16,0,4,0,63,66,1,1,0,0,67,650,410,16,0,0,0,0,16,1,9,631,403,14,0,0,0,0,4,10,0,1,0,0,0,35,467,552,73,12,483,32,224,358,7,1531,1108,1,183,195,3,4,174,208,2,1,1453,385
2012,22,2,1,284,162,6,2,2,4,1,0,1,289,157,6,3,3,1,0,283,154,6,2,2,0,3,3,0,0,0,2,6,283,147,7,8,0,0,0,1,0,278,153,11,6,0,0,0,0,284,153,8,0,0,0,259,140,15,4,1,0,0,0,1,2,1,0,6,3,4,1,5,3,256,147,24,3,1,0,8,0,0,1,0,4,0,0,1,1,0,2,243,132,5,2,0,0,27,15,1,1,0,1,34,289,134,8,0,0,0,0,11,3,1,279,130,7,2,0,0,0,9,5,2,1,0,0,0,23,165,280,14,3,252,15,82,108,5,601,462,1,130,73,3,0,127,78,0,1,584,206
2012,22,3,1,778,537,36,14,6,16,3,2,10,793,535,29,14,5,11,1,762,514,29,11,4,9,9,10,2,1,0,4,39,767,512,39,32,0,0,1,8,7,738,533,49,23,0,0,0,0,745,546,43,0,0,0,683,463,68,19,8,5,0,0,5,4,5,3,37,6,5,5,1,8,682,464,115,13,5,4,12,0,1,5,2,18,1,1,0,6,1,1,634,427,30,7,1,0,87,68,4,4,2,2,125,832,462,24,0,0,0,0,65,7,7,802,447,21,4,0,0,0,30,9,4,4,0,0,0,71,523,824,53,6,722,54,262,355,13,1734,1405,1,336,283,6,3,345,279,2,2,1637,628
2012,22,4,1,296,337,23,5,7,9,0,2,2,312,330,17,3,3,8,0,293,324,17,3,3,7,1,3,4,1,2,1,20,308,317,19,11,0,0,0,3,4,294,327,23,10,0,0,0,0,297,330,19,0,0,0,267,299,42,9,1,3,0,0,1,1,2,2,8,2,3,2,0,10,265,298,55,5,1,3,7,0,1,2,2,9,0,0,1,1,1,3,248,283,14,3,1,2,38,34,3,3,1,0,50,352,287,10,0,0,0,0,14,3,9,336,286,10,2,0,0,0,13,2,1,0,0,0,0,21,307,341,32,3,275,26,162,204,16,827,683,1,158,189,1,2,154,193,1,2,821,350
2012,22,5,1,467,457,34,6,2,11,1,3,2,469,450,27,8,4,7,1,455,438,25,6,2,7,0,2,6,1,0,0,37,454,436,35,9,0,0,0,8,11,439,446,36,7,0,0,0,0,434,444,32,0,0,0,402,401,53,8,3,7,0,0,4,2,4,0,16,9,3,3,2,8,405,390,69,5,3,5,6,0,0,4,1,17,1,2,2,2,3,4,382,375,24,3,0,4,43,53,4,2,0,1,75,518,407,25,0,0,0,0,14,7,6,477,384,19,1,0,0,0,24,14,4,1,0,0,0,47,404,530,44,6,452,43,230,242,17,1351,985,1,242,242,7,1,235,255,1,1,1337,492
2012,22,6,1,623,467,17,6,3,7,1,2,5,632,448,17,6,3,6,0,609,447,15,4,3,6,4,6,2,0,0,0,31,611,431,21,9,0,0,0,15,6,604,441,20,10,0,0,0,0,590,439,20,0,0,0,566,400,35,8,2,4,0,0,0,5,4,2,25,1,5,5,1,6,586,389,51,9,2,5,6,0,2,5,1,8,2,0,1,1,0,1,550,380,17,4,1,1,39,43,1,1,1,2,74,703,364,18,0,0,0,0,27,10,3,662,357,15,3,0,0,0,12,16,2,0,0,0,0,54,428,639,63,3,529,35,195,363,11,1721,1134,1,186,225,6,6,178,235,4,6,1707,423
2012,22,7,1,575,342,12,8,2,6,0,3,5,573,336,12,8,0,3,2,556,330,9,6,0,2,2,0,2,1,0,0,37,578,319,16,12,0,0,1,6,2,536,333,17,13,0,0,0,1,557,327,16,0,0,0,504,302,26,7,2,1,0,0,5,1,1,0,23,7,8,2,2,6,506,299,48,6,0,2,18,6,0,2,0,5,1,0,0,2,3,1,459,278,11,5,0,0,71,40,1,1,0,0,80,627,282,15,0,0,0,0,9,11,5,590,275,11,3,0,0,0,2,8,1,2,0,0,0,45,342,521,71,18,486,30,182,237,17,1213,954,1,236,155,5,4,234,160,2,4,1206,400
2012,22,8,1,727,605,33,8,2,13,2,5,5,754,590,29,6,1,9,0,720,582,27,6,1,6,5,10,2,1,0,0,35,743,562,35,8,0,0,0,5,7,729,585,35,7,0,0,0,0,728,567,33,0,0,0,666,528,60,7,3,6,0,0,2,3,7,1,27,12,9,2,7,9,676,503,91,5,4,5,20,0,2,5,3,15,7,1,2,1,3,11,623,481,27,3,3,3,76,72,4,0,0,1,101,814,512,23,0,0,0,0,26,7,3,747,498,22,5,0,0,0,37,14,6,0,0,1,0,65,558,789,51,8,695,46,302,350,13,1896,1406,1,304,270,2,0,301,272,3,0,1866,576
2012,22,9,1,568,428,26,5,1,7,0,0,4,574,423,23,5,2,5,0,556,415,22,4,1,4,2,6,0,0,0,3,26,564,399,22,10,0,0,0,9,7,548,413,32,4,0,0,0,1,552,410,23,0,0,0,502,389,47,7,2,4,5,0,4,2,8,2,20,7,10,3,1,3,512,372,64,2,2,2,12,0,0,0,0,10,0,0,2,1,0,5,477,353,20,2,1,1,58,42,2,1,0,2,69,596,388,15,0,0,0,0,18,6,8,562,379,12,1,0,0,0,16,11,3,1,0,0,0,43,417,589,29,8,532,27,190,279,15,1438,1028,1,249,217,1,1,255,211,1,1,1432,468
2012,22,10,1,1080,750,36,14,3,14,0,3,5,1111,723,31,11,4,5,1,1070,715,30,10,3,3,8,8,1,2,1,6,39,1079,694,39,16,0,0,2,13,10,1039,721,46,13,0,0,0,1,1057,725,39,0,0,0,947,645,91,15,1,7,0,0,8,7,15,5,41,20,20,4,0,10,963,630,137,12,1,3,23,0,4,3,3,19,5,2,5,3,1,2,901,603,34,5,0,1,112,69,2,3,0,2,140,1139,658,17,0,0,0,0,57,5,9,1099,649,17,4,0,0,0,34,8,3,0,0,0,0,77,729,1079,75,20,991,56,363,466,27,2608,1901,1,466,396,6,1,453,412,2,2,2566,869
2012,22,11,1,721,507,11,5,1,4,0,6,5,722,497,10,4,1,2,0,707,492,10,3,1,2,2,4,0,1,0,0,30,701,483,11,1,0,0,1,6,7,705,476,14,1,0,0,0,0,720,471,12,0,0,0,642,449,41,1,0,0,2,0,3,2,8,1,25,5,8,2,2,5,660,441,67,1,0,1,12,0,2,0,0,10,0,1,0,0,1,2,612,425,9,0,0,0,59,45,1,0,0,1,98,690,431,10,0,0,0,0,108,6,12,662,424,9,0,0,0,0,54,8,1,1,0,0,0,86,516,677,64,6,625,24,267,337,10,1664,1263,1,291,174,6,5,276,193,2,5,1663,476
2012,22,77,1,99,54,2,1,2,1,0,9,1,99,55,1,1,2,0,0,94,52,0,1,2,0,1,1,2,0,0,0,6,95,55,2,1,0,0,0,9,1,91,57,5,1,0,0,0,0,92,53,1,0,0,0,85,51,2,1,0,2,0,0,1,0,1,0,9,1,0,1,0,1,93,51,3,0,0,0,0,0,1,0,0,2,0,0,0,0,0,0,83,49,0,0,0,0,8,3,2,1,0,0,14,107,48,1,0,0,0,0,1,10,2,101,48,1,0,0,0,0,3,1,0,0,0,0,0,4,72,77,20,1,72,4,40,54,0,0,170,1,21,51,6,0,4,69,5,0,0,78
2012,22,78,1,37,31,1,0,0,0,0,0,0,40,27,1,0,0,0,0,37,26,1,0,0,0,0,0,0,0,0,0,5,9,11,1,0,0,0,0,0,0,11,15,1,0,0,0,0,0,11,15,1,0,0,0,9,13,1,0,0,0,0,0,0,0,0,0,1,0,0,0,0,0,10,12,2,0,0,0,0,0,0,0,0,0,0,0,0,0,0,0,8,8,1,0,0,0,0,1,0,0,0,0,9,10,13,0,0,0,0,0,0,0,0,10,13,0,0,0,0,0,0,0,0,0,0,0,0,0,24,41,4,0,35,4,12,18,0,0,69,1,25,25,0,0,18,32,0,0,0,50
2012,22,79,1,1,0,0,0,0,0,0,0,0,1,0,0,0,0,0,0,1,0,0,0,0,0,0,0,0,0,0,0,0,0,0,0,0,0,0,0,0,1,0,0,0,0,0,0,0,0,0,0,0,0,0,0,0,0,0,0,0,0,0,0,0,0,0,0,0,0,0,0,0,0,0,0,0,0,0,0,0,0,0,0,0,0,0,0,0,0,0,0,0,0,0,0,0,0,0,0,0,0,0,0,0,0,0,0,0,0,0,0,0,0,0,0,0,0,0,0,0,0,0,0,0,0,0,0,0,0,0,0,0,0,0,0,0,0,0,0,1,,,,,,,,,,,
2012,23,1,1,781,979,24,5,2,8,0,7,2,791,972,21,5,1,6,0,774,962,20,4,1,6,3,4,2,1,0,1,23,790,959,20,6,0,0,0,8,2,782,960,34,7,0,0,0,0,757,967,24,0,0,0,714,946,49,6,2,3,1,0,5,4,13,3,8,2,0,4,0,3,690,911,77,10,1,2,7,0,1,11,0,3,1,8,2,2,22,3,679,892,20,3,0,0,66,62,3,0,1,1,73,722,1064,11,0,0,0,0,2,6,2,704,1037,11,1,0,0,0,12,7,1,0,0,0,0,29,945,800,55,10,763,39,275,725,8,2264,1810,1,265,388,5,1,279,375,4,1,2151,659
2012,23,2,1,939,945,23,2,1,17,2,6,8,947,935,19,5,2,11,1,928,927,18,2,1,8,4,6,2,0,0,5,28,953,922,22,10,0,0,1,5,9,934,929,29,13,0,0,0,2,912,940,27,0,0,0,863,894,62,13,2,8,0,0,8,2,15,4,8,2,0,4,9,0,842,852,94,9,0,5,10,0,2,7,4,1,0,16,1,8,35,2,831,839,15,4,0,1,67,84,6,0,1,1,79,964,956,6,0,0,0,0,0,5,10,934,926,5,0,0,0,0,20,22,0,0,0,0,0,21,907,958,69,9,862,55,296,704,26,2376,1944,1,346,378,10,3,356,370,10,1,2284,737
2012,23,3,1,611,326,17,4,2,7,1,3,2,617,315,19,3,1,5,1,604,313,17,3,1,4,3,4,2,0,0,1,16,619,320,9,5,0,0,0,2,4,608,315,18,9,0,0,0,1,594,315,13,0,0,0,558,298,27,5,3,2,0,0,2,3,17,1,8,2,0,4,4,0,538,284,50,3,2,6,5,0,0,3,1,3,3,8,1,3,24,4,530,279,9,1,1,0,50,28,3,1,0,0,65,586,369,8,0,0,0,0,1,1,7,556,338,7,0,0,0,0,20,20,3,0,0,0,0,20,326,595,43,8,564,30,121,245,12,1209,972,1,188,126,2,2,197,118,1,2,1170,318
2012,23,4,1,503,570,21,4,0,16,1,4,6,511,566,20,4,1,12,0,502,562,17,4,0,12,2,2,3,0,0,3,9,525,555,24,3,0,0,1,3,6,516,568,24,3,0,0,0,2,490,570,24,0,0,0,456,559,36,5,0,8,0,0,4,3,10,1,8,3,0,4,3,1,445,521,56,3,0,5,12,0,0,13,1,4,1,7,0,3,21,1,432,504,21,2,0,3,43,62,1,0,0,0,34,481,625,9,0,0,0,0,1,4,4,453,609,7,0,0,0,0,14,7,4,0,0,0,0,24,557,537,28,4,475,30,164,453,4,1381,1126,1,195,265,2,1,196,265,2,0,1325,463
2012,23,5,1,938,796,18,5,0,13,3,1,5,939,791,16,7,0,12,2,919,784,16,4,0,10,4,3,0,0,0,1,31,943,790,15,6,0,0,1,3,4,929,789,18,9,0,0,0,1,905,801,18,0,0,0,864,761,52,5,2,7,0,1,4,5,19,5,8,0,0,6,3,2,831,724,95,4,0,6,15,1,5,5,3,2,0,15,0,1,22,3,815,709,15,2,0,2,80,73,0,1,0,0,78,918,836,10,0,0,0,0,1,4,7,884,816,10,0,0,0,0,19,6,3,0,0,0,0,33,790,865,120,6,805,35,273,658,10,2105,1782,1,356,325,3,1,364,313,7,1,2019,685
2012,23,6,1,487,634,11,1,0,2,0,1,2,486,631,10,3,0,0,0,483,627,10,1,0,0,2,1,1,2,0,1,7,496,615,9,0,0,0,0,3,2,477,622,10,2,0,0,0,0,478,620,11,0,0,0,454,603,25,1,1,4,0,0,0,2,11,4,3,2,1,6,0,1,440,595,43,1,0,2,1,0,0,5,0,4,0,1,0,0,13,8,435,579,8,0,0,1,37,37,0,0,0,1,35,503,624,5,0,0,0,0,1,1,0,482,612,5,0,0,0,0,13,12,0,0,0,0,0,13,624,471,39,4,432,12,219,472,3,1315,1139,1,159,243,0,0,163,188,0,1,1280,402
2012,23,7,1,572,243,5,0,4,7,1,5,4,576,242,3,1,4,4,0,569,240,3,0,4,4,2,1,1,0,0,1,8,579,232,6,2,0,0,0,5,7,574,237,8,4,0,0,0,0,564,235,10,0,0,0,534,229,18,4,2,6,0,0,0,0,14,1,2,1,0,2,2,0,516,221,38,1,1,2,8,0,0,6,1,0,1,11,0,1,15,1,503,205,4,0,1,1,51,29,1,0,2,0,33,525,309,1,0,0,0,0,0,3,2,515,286,1,0,0,0,0,12,6,0,0,0,0,0,16,242,557,37,6,516,12,94,211,9,1020,842,1,227,104,3,4,240,94,0,4,982,338
2012,23,8,1,49,30,1,1,0,0,0,0,1,49,30,1,0,0,0,0,48,29,1,0,0,0,0,0,0,1,0,0,2,46,31,0,2,0,0,0,0,1,47,31,0,2,0,0,0,0,47,31,1,0,0,0,45,31,0,2,0,0,0,0,0,0,0,0,0,0,0,0,0,0,45,28,1,2,0,0,0,0,0,1,0,0,0,2,0,0,0,0,45,28,0,1,0,0,0,3,0,1,0,0,3,50,30,1,0,0,0,0,0,0,1,47,28,0,0,0,0,0,0,2,1,0,0,0,0,3,27,50,5,0,45,2,13,20,2,93,82,1,20,7,0,1,20,7,0,1,96,28
2012,23,9,1,347,428,2,2,1,3,0,2,2,351,423,1,2,0,1,0,344,420,1,2,0,2,1,3,0,0,0,0,10,347,424,3,1,0,0,0,3,3,346,422,2,2,0,0,0,0,344,425,2,0,0,0,335,411,9,2,0,0,0,0,1,2,3,2,0,1,0,1,1,0,322,393,24,0,0,0,2,0,1,4,0,0,0,8,0,9,1,1,321,390,2,0,0,0,20,31,0,1,0,0,15,343,438,1,0,0,0,0,1,1,2,326,426,1,0,0,0,0,10,6,0,1,0,0,0,13,417,341,27,1,323,6,102,352,3,950,786,1,146,106,1,3,140,114,2,0,923,256
2012,23,10,1,141,144,4,0,1,1,0,0,1,141,143,4,1,1,1,0,139,143,4,0,1,1,0,1,0,0,0,0,4,136,144,2,0,0,0,0,2,0,135,146,2,0,0,0,0,0,133,145,2,0,0,0,126,142,7,1,0,0,0,0,0,0,3,0,0,0,0,0,0,0,119,137,9,0,0,1,1,0,0,2,1,4,0,2,0,2,1,1,118,135,2,0,0,0,14,9,0,0,0,1,13,131,154,3,0,0,0,0,0,0,2,126,150,3,0,0,0,0,2,1,0,0,0,0,0,10,156,123,13,2,119,4,34,135,2,352,294,1,39,54,0,0,38,55,0,0,339,93
2012,23,11,1,642,495,38,2,4,14,4,5,11,643,482,35,6,8,11,2,626,480,31,2,3,11,5,6,3,0,3,3,26,650,476,31,12,0,0,1,6,7,652,488,33,4,0,0,0,1,630,481,36,0,0,0,578,456,58,9,7,9,0,0,9,2,24,0,6,1,0,2,2,3,552,438,88,1,6,7,19,0,1,6,0,2,1,6,2,1,26,2,543,432,26,1,2,3,72,41,6,0,2,1,72,636,536,28,0,0,0,0,1,2,8,609,500,26,2,0,0,0,11,22,2,0,0,0,0,33,484,684,40,5,588,55,224,330,16,1475,1214,1,190,196,4,3,182,207,1,3,1411,393
2012,23,77,1,106,80,1,0,0,0,1,4,0,106,80,2,0,0,0,0,105,80,1,0,0,0,0,0,1,0,0,0,1,101,80,2,0,0,0,0,5,0,102,80,2,0,0,0,0,0,101,79,2,0,0,0,92,77,4,0,0,0,0,0,1,1,7,0,1,0,0,0,0,0,92,74,5,0,0,0,0,0,0,0,0,0,0,0,0,2,11,0,92,75,2,0,0,0,7,4,0,0,0,0,7,103,81,2,0,0,0,0,0,6,0,100,80,2,0,0,0,0,1,1,0,0,0,0,0,2,82,94,16,0,87,2,15,88,0,0,192,1,11,24,1,7,2,34,0,7,0,43
2012,23,78,1,8,20,0,0,0,0,0,1,0,8,20,0,0,0,0,0,7,20,0,0,0,0,0,0,0,0,0,0,2,1,6,0,0,0,0,0,0,0,1,6,0,0,0,0,0,0,1,6,0,0,0,0,1,6,0,0,0,0,0,0,0,0,0,0,0,0,0,0,0,0,1,6,0,0,0,0,0,0,0,0,0,0,0,0,0,0,0,0,1,6,0,0,0,0,0,0,0,0,0,0,0,0,6,0,0,0,0,0,0,0,0,0,6,0,0,0,0,0,0,0,0,0,0,0,0,0,17,10,2,0,7,1,4,17,0,0,30,1,8,12,2,0,6,16,0,0,0,22
2012,23,79,1,0,0,0,0,0,0,0,0,0,0,0,0,0,0,0,0,0,0,0,0,0,0,0,0,0,0,0,0,0,0,0,0,0,0,0,0,0,4,0,1,0,0,0,0,0,0,0,1,0,0,0,0,0,0,0,0,0,0,0,0,0,0,0,0,0,0,0,0,0,0,0,0,0,0,0,0,0,0,0,0,0,0,0,0,0,0,0,0,0,0,0,0,0,0,0,1,0,0,0,0,0,0,0,0,0,0,0,0,0,0,5,0,0,0,0,0,0,0,0,0,0,0,0,0,0,0,0,0,0,0,0,0,0,0,0,0,4,,,,,,,,,,,
2012,23,80,1,0,0,0,0,0,0,0,0,0,0,0,0,0,0,0,0,0,0,0,0,0,0,0,0,0,0,0,0,0,0,0,0,0,0,0,0,0,0,0,0,0,0,0,0,0,0,0,0,0,0,0,0,0,0,0,0,0,0,0,0,0,0,0,0,0,0,0,0,0,0,0,0,0,0,0,0,0,0,0,0,0,0,0,0,0,0,0,0,0,0,0,0,0,0,0,0,0,0,0,0,0,0,0,0,0,0,0,0,0,0,0,0,0,0,0,0,0,0,0,1,0,0,0,0,0,0,0,0,0,0,0,0,0,0,0,0,0,,,,,,,,,,,
2012,24,1,1,505,352,11,5,3,4,0,4,4,519,337,6,5,1,4,0,503,334,6,4,1,4,0,2,1,0,0,0,27,497,319,13,7,0,0,0,6,9,506,324,11,3,0,0,0,0,494,316,13,0,0,0,443,280,34,2,1,3,1,0,31,15,9,3,0,5,0,1,3,7,411,260,46,3,4,4,43,0,2,8,1,4,0,1,28,20,0,0,389,249,10,1,1,1,82,59,0,0,0,0,84,630,250,3,0,0,0,0,0,2,4,492,237,3,0,0,0,0,107,11,0,0,0,0,0,36,339,500,47,4,477,22,164,215,12,1134,890,1,160,121,5,0,161,123,1,1,1104,286
2012,24,2,1,747,667,32,3,5,10,1,8,6,752,653,28,5,5,8,0,734,645,26,2,5,7,3,4,2,0,0,3,36,763,580,40,8,0,0,0,10,11,780,591,39,5,0,0,0,1,754,573,40,0,0,0,697,547,63,7,3,5,1,0,18,13,7,4,1,1,0,3,2,8,648,513,101,4,2,2,46,0,3,4,2,7,1,5,35,13,0,0,640,493,34,4,2,2,80,74,4,0,0,2,124,982,474,9,0,0,0,0,0,3,10,912,456,7,1,0,0,0,27,18,4,0,0,0,0,42,635,754,76,13,683,65,320,400,10,1858,1481,1,204,207,3,2,200,214,1,1,1812,416
2012,24,3,1,934,720,67,7,9,8,1,12,12,948,695,62,11,8,7,1,919,686,57,7,8,6,5,10,4,0,1,0,43,937,650,61,19,0,0,0,18,11,951,660,58,25,0,0,0,0,915,644,62,0,0,0,820,585,110,16,3,8,0,0,53,15,5,11,0,6,3,2,4,10,780,532,160,13,2,5,29,0,3,6,4,20,5,3,47,28,2,0,753,519,51,6,2,2,114,101,8,1,1,1,184,1196,535,22,0,0,0,0,0,5,10,1113,510,22,1,0,0,0,33,13,7,1,0,0,0,57,699,936,124,13,825,87,296,547,17,2247,1772,1,291,256,4,1,288,261,2,1,2179,552
2012,24,4,1,745,551,33,6,6,1,1,7,14,757,538,31,5,4,2,0,738,536,31,5,4,1,6,6,0,0,1,0,14,749,500,35,5,0,0,0,22,16,749,498,33,6,0,0,0,0,745,491,35,0,0,0,691,475,62,3,3,0,0,0,27,4,8,1,4,0,4,1,4,8,658,440,87,2,3,1,26,0,1,1,1,3,0,1,38,14,3,0,638,431,32,1,3,0,71,51,1,1,0,0,96,908,415,17,0,0,0,0,0,10,7,853,401,17,2,0,0,0,26,8,4,0,0,0,0,35,546,734,70,14,673,46,231,406,8,1679,1363,1,271,192,11,2,276,197,2,1,1645,476
2012,24,5,1,463,359,29,2,1,0,0,4,6,460,349,27,4,1,2,0,450,344,25,2,1,0,2,5,1,0,0,1,23,451,341,20,4,0,0,0,10,8,447,350,24,5,0,0,0,0,440,337,21,0,0,0,408,308,39,3,0,1,1,0,13,8,1,4,2,0,0,3,3,6,378,292,60,1,1,1,22,0,1,1,2,7,1,5,17,12,0,0,366,284,18,0,0,0,160,43,2,0,0,1,72,556,291,13,0,0,0,0,0,1,2,514,281,13,0,0,0,0,14,7,0,0,0,0,0,32,363,461,30,10,395,38,136,274,21,1075,864,1,137,120,1,0,135,122,1,0,1050,258
2012,24,6,1,277,189,7,4,2,1,0,3,2,280,182,9,4,2,1,0,274,179,6,4,2,1,1,2,1,0,0,0,11,269,182,5,3,0,0,0,5,4,272,179,6,3,0,0,0,0,263,175,6,0,0,0,235,167,15,5,1,1,0,0,11,1,5,3,0,1,2,0,4,4,223,157,23,3,0,1,15,1,0,2,0,1,0,2,13,12,1,0,219,145,5,1,0,0,32,25,0,2,0,1,47,307,169,7,0,0,0,0,0,2,0,277,147,4,0,0,0,0,13,9,2,0,0,0,0,32,188,266,30,2,243,17,97,128,1,584,486,1,117,59,2,1,108,69,1,1,563,179
2012,24,7,1,264,191,11,3,1,0,0,3,1,264,185,10,4,1,0,0,254,182,10,3,1,0,0,3,0,0,0,0,17,250,179,14,4,0,0,0,5,5,249,184,16,2,0,0,0,0,248,176,16,0,0,0,220,159,24,4,2,3,0,0,10,5,0,2,1,0,2,2,1,4,205,143,46,1,1,0,22,0,0,1,0,0,0,1,16,5,0,0,201,139,13,1,1,0,36,31,1,0,0,0,41,266,195,5,0,0,0,0,0,1,6,253,183,4,0,0,0,0,9,3,1,0,0,0,0,14,190,268,14,2,248,16,100,108,2,534,474,1,119,95,0,1,113,101,1,0,520,215
2012,24,77,1,51,47,1,0,1,0,0,7,1,55,44,1,0,0,0,0,51,44,1,0,0,0,0,3,0,0,1,0,0,53,42,0,0,0,0,0,6,1,54,41,0,0,0,0,0,0,51,44,0,0,0,0,42,41,2,0,0,1,0,0,4,0,3,0,0,0,0,0,0,0,35,41,2,0,0,0,0,0,0,0,1,0,0,0,11,0,1,0,35,40,0,0,0,0,14,2,0,0,0,0,5,61,36,0,0,0,0,0,1,6,0,58,30,0,0,0,0,0,1,0,0,0,0,0,0,9,47,52,9,0,45,0,11,52,0,0,108,1,8,16,3,0,3,21,3,0,0,27
2012,24,78,1,21,15,0,0,0,0,0,0,0,21,15,0,0,0,0,0,21,15,0,0,0,0,0,0,0,0,0,0,0,6,4,0,0,0,0,0,0,1,8,5,0,0,0,0,0,0,8,5,0,0,0,0,7,5,1,0,0,0,0,0,0,0,0,0,0,0,0,0,0,0,6,6,1,0,0,0,0,0,0,0,0,0,0,0,0,0,0,0,5,4,0,0,0,0,0,0,0,0,0,0,4,8,2,0,0,0,0,0,0,0,4,7,2,0,0,0,0,0,0,0,0,0,0,0,0,1,19,16,1,0,16,0,4,16,0,0,36,1,6,12,0,0,4,14,0,0,0,18
2012,25,1,1,1045,1058,84,17,9,11,1,7,10,1066,1049,68,19,6,8,0,1025,1025,63,14,6,7,4,17,10,2,3,2,54,923,1135,62,25,0,0,0,16,12,926,1133,66,19,0,0,0,0,944,1097,65,0,0,0,833,1026,136,16,5,12,0,1,44,18,9,4,5,5,8,1,2,9,776,952,213,10,4,6,43,1,4,2,5,19,6,4,55,36,0,1,748,914,50,6,2,5,127,162,12,3,0,1,191,700,1438,21,0,47,0,0,8,7,13,635,1171,18,1,0,26,0,70,160,12,0,0,6,0,130,1016,1134,81,18,938,75,494,723,19,2818,2249,1,369,478,3,5,367,479,4,5,2595,855
2012,25,2,1,545,566,34,8,10,6,0,5,6,565,550,27,7,10,4,0,537,545,26,5,8,4,1,10,2,1,2,0,28,482,603,26,13,0,0,1,9,5,471,607,31,12,0,0,0,1,477,593,24,0,0,0,442,548,57,12,9,8,0,1,25,6,2,3,0,3,3,2,1,9,418,525,92,7,7,7,17,0,1,2,0,8,3,1,27,14,0,0,408,510,21,6,5,4,54,65,3,0,1,0,90,282,847,8,0,26,0,0,2,2,10,264,765,8,0,0,14,0,19,42,2,1,0,2,0,51,563,579,29,10,510,44,257,353,17,1515,1181,1,204,223,1,2,197,231,1,1,1399,430
2012,25,3,1,616,728,32,4,11,17,3,3,3,635,711,26,6,8,15,1,601,701,25,3,8,15,1,9,4,2,0,0,44,574,741,29,12,0,0,0,7,15,560,748,36,12,0,0,0,0,561,734,34,0,0,0,525,696,56,11,3,12,0,0,17,6,5,3,0,5,2,0,3,3,507,667,100,6,2,4,21,0,0,1,0,12,1,1,20,19,3,0,494,647,25,4,1,2,47,72,4,1,2,3,96,421,914,6,0,59,0,0,3,3,5,393,778,7,0,0,30,0,29,83,5,2,0,13,0,71,669,668,64,18,573,51,261,512,22,1802,1419,1,248,288,3,2,240,298,3,0,1698,541
2012,25,4,1,729,708,36,5,4,6,0,3,7,743,694,24,8,2,4,0,714,686,24,5,2,2,3,5,4,0,0,1,43,654,731,29,6,0,0,0,20,4,632,746,34,13,0,0,0,0,655,712,30,0,0,0,604,689,65,2,4,4,16,0,15,8,5,4,4,3,0,1,1,7,550,652,105,2,2,3,34,0,2,2,3,10,2,1,24,9,0,0,538,637,25,1,1,2,87,68,0,0,1,0,116,425,1028,7,0,15,0,0,2,11,6,411,931,7,2,0,6,0,29,23,2,1,0,1,0,70,710,696,85,9,640,39,204,613,4,1980,1500,1,233,255,6,1,231,255,7,2,1907,495
2012,25,5,1,928,1038,45,13,11,14,0,6,17,937,1018,43,14,6,9,0,907,1007,39,10,6,9,1,6,1,0,1,0,64,813,1115,49,14,0,0,4,20,11,800,1099,57,14,0,0,0,2,812,1078,55,0,0,0,721,1012,102,14,2,11,2,0,33,20,12,13,3,2,5,3,2,11,688,968,157,18,1,8,24,0,0,9,4,7,2,4,53,21,1,0,666,931,41,7,0,4,109,123,8,2,0,0,152,576,1410,21,0,35,0,0,10,3,8,509,1232,15,0,0,18,0,49,99,7,1,0,3,0,130,961,973,107,27,818,71,493,667,19,2725,2074,1,379,449,6,6,354,478,2,6,2946,840
2012,25,6,1,585,638,43,2,3,4,0,2,6,586,629,36,2,2,3,0,569,617,31,2,2,3,1,4,3,0,0,2,41,524,646,32,19,0,0,0,4,4,510,667,36,12,0,0,0,0,527,629,36,0,0,0,475,582,68,11,4,13,1,0,19,8,8,6,2,2,4,4,4,16,426,553,112,8,2,7,32,0,1,6,0,6,2,4,31,21,0,0,419,534,26,5,1,3,73,77,5,1,0,2,129,339,902,12,0,16,0,0,1,1,4,295,781,9,0,0,8,0,20,54,5,0,0,4,0,104,593,625,54,11,556,52,272,386,17,1649,1283,1,184,196,3,1,168,213,2,1,1140,384
2012,25,7,1,627,795,20,1,4,14,1,5,4,626,787,17,3,5,10,0,609,779,16,1,4,10,1,12,0,0,0,0,31,553,820,24,9,0,0,1,11,13,524,845,27,11,0,0,0,0,533,832,25,0,0,0,495,766,51,8,5,4,0,0,26,19,2,8,2,3,4,1,2,10,451,737,98,4,3,6,27,0,0,6,1,12,2,3,28,12,2,2,442,713,19,3,3,0,58,99,2,0,0,2,98,383,1036,8,0,19,0,0,3,3,13,359,946,4,1,0,9,0,23,52,4,1,0,0,0,58,742,639,82,10,588,34,311,524,16,1881,1473,1,242,298,4,3,241,300,4,2,1793,547
2012,25,8,1,499,768,20,1,9,6,4,9,7,505,756,20,3,8,5,0,484,752,19,1,8,5,2,10,1,0,0,1,25,369,881,20,6,0,0,0,11,8,390,812,21,6,0,0,0,0,391,813,20,0,0,0,355,763,48,4,6,6,0,0,16,15,4,3,1,5,1,3,1,4,332,721,95,5,4,5,17,0,0,3,2,4,0,4,24,20,1,0,309,707,16,2,4,1,66,88,4,0,0,0,109,255,1020,16,0,11,0,0,4,7,4,229,907,10,1,0,4,0,36,64,1,0,0,2,0,59,725,518,69,12,442,31,369,474,8,1772,1324,1,158,234,9,1,161,241,0,0,1709,402
2012,25,9,1,426,498,13,2,1,5,0,3,2,426,498,10,2,0,4,0,418,493,10,1,0,4,1,3,0,0,0,0,16,383,521,9,6,0,0,0,2,2,363,527,10,8,0,0,0,0,380,522,10,0,0,0,350,486,35,5,1,3,1,0,15,6,5,2,1,2,1,1,1,5,339,452,76,1,2,2,7,0,0,1,1,3,1,2,17,10,0,0,329,444,6,2,1,1,32,64,2,0,0,2,65,218,708,4,0,9,0,0,1,2,4,205,614,4,0,0,6,0,27,50,0,0,0,1,0,38,505,409,31,6,347,16,196,387,5,1248,951,1,121,191,3,1,134,179,2,1,1210,316
2012,25,77,1,110,63,0,0,0,0,0,9,1,108,63,0,1,0,0,0,107,63,0,0,0,0,0,0,0,0,0,0,3,100,67,1,0,0,0,0,9,0,101,66,1,0,0,0,0,0,102,64,1,0,0,0,87,63,3,0,0,1,0,0,14,1,0,0,0,0,0,0,1,0,82,61,4,1,0,1,3,0,1,0,0,0,0,1,13,0,0,0,78,61,1,0,0,0,22,3,0,0,0,0,7,79,93,0,0,0,0,0,0,10,0,75,86,0,0,0,0,0,4,2,0,0,0,0,0,5,80,83,18,1,77,2,17,85,1,0,183,1,22,42,0,1,6,57,1,1,0,65
2012,25,78,1,46,43,1,0,0,0,0,0,2,48,39,1,0,0,0,0,46,39,1,0,0,0,0,1,0,0,0,0,3,9,16,0,1,0,0,0,0,0,15,21,0,2,0,0,0,0,14,21,0,0,0,0,10,15,1,0,0,1,0,0,2,0,1,0,0,0,1,0,0,1,9,15,3,0,0,1,0,0,0,1,0,0,0,0,2,0,0,0,5,14,0,0,0,0,3,2,0,1,0,0,12,7,18,0,0,1,0,0,0,0,11,7,18,0,0,0,1,0,0,0,0,0,0,0,0,0,49,39,4,0,43,8,15,26,0,0,92,1,20,31,1,0,14,38,0,0,0,52
2012,26,1,1,865,790,38,13,5,9,4,1,5,890,767,32,12,3,8,0,848,757,29,8,3,7,6,11,6,4,1,2,45,858,744,51,13,0,0,1,10,11,845,756,53,20,0,0,0,0,855,746,50,0,0,0,803,708,67,19,2,8,0,0,3,4,3,13,9,2,23,2,2,1,772,669,109,10,2,5,19,0,29,5,3,5,0,12,3,2,2,14,762,663,40,6,1,4,63,68,4,3,1,2,95,1006,683,26,3,0,0,0,0,5,5,942,663,20,3,0,1,0,10,24,2,2,0,1,0,54,757,891,75,11,810,57,354,499,14,2335,1724,1,271,339,0,2,277,332,2,1,2235,612
2012,26,2,1,194,170,9,3,3,3,0,1,1,196,165,9,4,2,3,0,192,164,9,3,2,3,77,3,0,0,0,0,6,184,167,11,5,0,0,0,4,3,180,166,12,4,0,0,0,0,186,163,12,0,0,0,174,157,17,5,1,1,1,0,1,1,0,2,2,0,2,2,0,0,164,147,23,5,1,1,4,0,7,2,0,0,0,2,0,1,1,0,164,147,7,3,1,1,14,15,2,1,0,0,22,211,164,4,5,0,0,0,0,0,0,203,162,4,4,0,0,0,1,3,0,0,0,0,0,8,165,200,16,3,172,16,83,112,1,510,384,1,84,64,0,0,78,69,1,0,499,148
2012,26,3,1,1465,1262,73,9,2,26,6,2,22,1503,1228,59,12,4,26,3,1443,1214,54,6,1,22,11,14,3,0,3,3,74,1419,1211,76,24,0,0,0,8,16,1403,1267,82,27,0,0,0,2,1414,1206,73,0,0,0,1259,1113,141,23,4,16,2,0,8,7,9,35,22,16,57,6,17,4,1174,1023,230,8,5,12,77,0,65,8,7,12,3,21,5,8,1,49,1150,1000,50,5,0,2,194,189,6,2,1,4,237,1609,1167,57,8,0,0,0,0,10,12,1524,1119,51,5,0,1,0,18,40,3,1,0,2,0,86,1205,1547,104,16,1379,130,549,785,29,3850,2871,1,569,489,4,3,546,513,2,4,3612,1065
2012,26,4,1,705,784,33,5,5,11,2,9,3,722,759,33,7,6,6,0,689,748,28,3,4,5,8,10,4,1,0,2,44,682,758,35,7,0,0,0,12,12,670,796,35,9,0,0,0,0,674,747,33,0,0,0,610,701,51,6,7,7,5,0,4,8,2,12,16,2,37,7,4,1,565,674,95,3,6,4,17,0,53,9,2,5,1,15,1,4,0,16,545,662,22,2,3,1,96,65,5,0,0,2,132,762,750,22,2,0,0,0,1,10,7,718,715,16,2,0,2,0,3,13,8,1,0,2,0,61,737,764,47,10,744,42,269,477,26,2013,1559,1,285,357,2,3,275,367,2,3,1950,647
2012,26,5,1,358,145,9,0,3,1,5,2,1,364,145,7,1,3,0,0,354,142,7,0,3,0,0,0,2,1,0,0,14,355,139,10,2,0,0,1,5,0,350,144,12,1,0,0,0,0,356,139,9,0,0,0,337,131,17,0,2,1,0,0,2,1,0,2,1,3,11,1,1,1,321,126,27,0,2,0,9,0,14,0,1,1,1,2,0,1,0,0,317,124,9,0,1,0,28,13,1,0,1,0,26,366,148,5,0,0,0,0,0,2,2,362,140,5,0,0,0,0,7,0,0,0,0,0,0,9,138,350,32,5,347,8,68,100,2,694,525,1,134,57,2,0,144,48,1,0,683,193
2012,26,77,1,39,35,4,0,0,0,0,1,0,39,34,4,0,0,0,0,39,34,4,0,0,0,0,0,0,0,0,0,1,35,32,5,0,0,0,0,1,1,34,33,5,0,0,0,0,0,35,33,5,0,0,0,30,31,5,0,0,0,0,0,0,0,1,1,1,0,6,0,0,0,29,29,5,0,0,0,0,0,11,0,0,0,0,1,0,0,0,1,28,29,5,0,0,0,6,2,0,0,0,0,6,41,32,4,0,0,0,0,0,1,0,40,32,4,0,0,0,0,0,0,0,0,0,0,0,1,37,40,2,0,24,7,8,38,2,0,79,1,9,14,2,0,5,18,2,0,0,25
2012,26,78,1,21,13,0,0,0,0,0,0,0,20,14,0,0,0,0,0,20,13,0,0,0,0,0,0,0,0,0,0,1,6,2,0,0,0,0,0,0,0,9,6,0,0,0,0,0,0,9,6,0,0,0,0,7,4,2,0,0,0,0,0,0,0,0,0,0,0,0,0,0,0,7,6,0,0,0,0,1,0,0,0,0,0,0,0,0,0,0,0,6,1,0,0,0,0,0,1,0,0,0,0,8,8,7,0,0,0,0,0,0,0,0,8,7,0,0,0,0,0,0,0,0,0,0,0,0,0,20,14,0,0,14,1,6,13,0,0,34,1,10,14,0,0,6,18,0,0,0,24
2012,27,1,1,922,837,66,16,5,13,2,0,7,945,829,52,18,3,9,0,907,809,47,14,3,8,11,9,9,1,1,1,42,941,796,60,18,0,0,1,5,8,902,813,65,23,0,0,0,0,899,792,64,0,0,0,824,734,112,23,0,6,1,0,37,10,9,11,0,7,14,3,1,3,790,678,168,16,1,7,22,0,8,7,2,4,2,16,41,4,3,24,765,655,54,11,0,3,91,119,5,3,0,2,138,1053,744,43,6,0,0,0,1,6,3,1004,721,42,7,0,3,0,14,24,6,0,0,0,0,36,802,1019,36,8,876,86,442,451,10,2373,1869,1,449,444,1,4,440,454,2,2,2306,898
2012,27,2,1,212,141,11,1,0,2,0,1,4,213,139,12,1,0,2,0,206,138,9,1,0,1,1,3,1,0,0,0,7,214,138,8,2,0,0,0,3,3,208,141,9,4,0,0,0,0,203,135,10,0,0,0,186,124,16,3,0,1,0,0,7,1,2,1,1,3,0,1,3,2,174,116,29,1,0,0,5,0,1,1,0,1,1,2,12,0,1,5,174,115,8,0,0,0,20,17,0,1,0,0,31,227,132,7,0,0,0,0,0,2,3,221,130,7,0,0,0,0,2,1,0,0,0,0,0,5,135,222,4,9,187,10,76,91,6,512,372,1,86,86,3,1,86,87,1,2,508,176
2012,27,3,1,759,880,49,11,6,10,1,3,3,783,857,46,14,4,5,0,743,846,42,8,4,5,5,14,4,1,0,0,45,791,821,44,10,0,0,0,10,11,748,848,48,25,0,0,0,0,735,822,51,0,0,0,695,760,84,14,4,3,0,0,25,17,5,12,1,5,3,5,3,3,652,715,136,13,2,3,35,0,1,8,3,4,3,19,24,2,2,25,642,691,37,6,1,1,67,108,4,2,0,2,142,898,779,30,4,0,0,0,1,3,4,823,747,26,2,0,0,0,14,25,10,1,0,0,0,70,781,886,48,9,745,63,408,490,18,2078,1724,1,374,443,3,2,357,462,2,1,1998,822
2012,27,4,1,93,64,3,0,0,0,0,0,0,93,64,2,0,0,1,0,93,64,2,0,0,0,0,0,0,0,0,1,0,94,61,2,1,0,0,0,0,0,94,62,2,0,0,0,0,0,93,62,2,0,0,0,89,58,6,0,0,0,0,0,1,0,2,1,0,0,0,0,0,0,86,56,5,0,0,0,3,0,0,1,0,0,0,1,3,0,0,1,86,56,2,0,0,0,6,3,0,0,0,0,7,98,60,1,0,0,0,0,1,0,0,98,60,1,0,0,0,0,0,0,0,0,0,1,0,0,66,92,2,0,90,0,15,55,0,187,160,1,55,44,0,0,52,47,0,0,174,99
2012,27,5,1,1527,1174,63,21,9,24,2,2,11,1545,1155,65,22,8,11,0,1502,1132,49,15,8,10,11,14,10,2,1,3,65,1541,1120,66,25,0,0,1,15,11,1496,1146,74,29,0,0,0,0,1492,1112,71,0,0,0,1344,1031,143,35,4,10,0,0,81,16,16,21,4,7,6,4,7,3,1279,965,227,24,3,11,41,1,7,12,2,9,5,16,83,4,2,28,1251,953,52,11,3,3,188,140,8,4,1,3,192,1687,1073,42,8,0,0,0,3,6,11,1609,1036,31,7,0,0,0,17,25,5,2,0,2,0,78,1068,1659,86,22,1454,110,574,671,26,3772,2835,1,643,557,5,2,635,569,2,1,3703,1207
2012,27,6,1,292,235,2,3,0,1,0,2,1,293,234,2,3,0,0,0,291,233,2,3,0,0,1,1,0,0,0,0,2,292,229,4,2,0,0,0,2,0,289,230,4,1,0,0,0,0,289,231,3,0,0,0,275,218,17,2,0,0,0,0,10,1,0,0,0,0,0,0,1,0,268,212,27,2,0,1,4,0,0,1,0,1,1,1,5,0,0,0,266,211,3,1,0,0,20,16,0,0,0,0,17,293,236,2,1,0,0,0,0,2,2,289,235,2,1,0,0,0,1,2,0,0,0,0,0,1,223,280,29,4,266,6,86,178,0,696,536,1,88,85,1,1,84,90,0,1,667,175
2012,27,7,1,535,458,12,2,1,1,1,4,3,535,454,8,1,0,1,0,525,449,8,0,0,1,1,5,2,0,0,0,21,539,438,11,4,0,0,0,2,3,527,439,13,6,0,0,0,0,521,433,12,0,0,0,495,413,30,2,0,1,0,0,16,6,3,6,0,0,1,3,1,0,482,394,43,2,0,1,3,0,1,1,1,4,0,0,23,2,1,12,476,385,8,2,0,1,39,44,3,0,0,0,59,562,441,5,1,0,0,0,0,1,2,540,422,5,0,0,0,0,6,7,3,0,0,0,0,35,418,560,41,1,500,21,158,339,2,1607,1020,1,148,149,2,11,139,158,2,11,1583,310
2012,27,8,1,477,490,22,13,3,10,2,3,4,488,482,22,11,3,8,1,469,472,18,9,2,7,4,2,5,3,1,0,25,476,466,33,23,0,0,1,1,6,470,474,32,24,0,0,0,0,466,461,32,0,0,0,439,447,45,13,2,5,0,0,15,3,5,5,0,2,2,3,1,1,418,421,67,10,0,5,20,0,5,0,0,2,0,9,12,2,0,12,403,406,26,8,0,2,57,54,1,1,0,0,58,529,444,24,20,0,0,0,0,1,5,505,428,21,15,0,1,0,4,5,1,2,0,0,0,36,427,557,29,10,460,39,272,243,9,1326,1023,1,239,308,0,1,242,305,0,1,1308,548
2012,27,9,1,181,142,3,1,1,0,0,4,3,181,142,2,1,1,0,0,177,141,2,0,0,0,0,0,0,0,0,0,9,180,140,0,2,0,0,2,5,1,176,141,1,1,0,0,0,0,174,140,1,0,0,0,169,133,3,1,0,0,0,0,3,1,1,1,0,3,0,0,0,0,166,127,14,1,0,0,5,0,0,0,0,0,0,0,6,0,0,3,166,125,0,1,0,0,6,11,0,0,0,0,22,192,137,1,1,0,0,0,1,0,5,181,131,1,0,0,0,0,1,1,0,0,0,0,0,16,142,165,23,7,147,3,61,119,7,434,337,1,42,53,0,0,38,56,1,0,412,95
2012,27,10,1,214,210,5,1,0,2,0,1,5,213,206,5,1,0,2,0,212,205,1,1,0,2,1,0,0,0,0,0,6,212,204,2,3,0,0,1,5,0,208,201,2,2,0,0,0,0,207,201,3,0,0,0,198,196,6,2,0,0,0,0,5,2,1,4,0,1,2,1,0,0,195,190,11,3,0,0,1,0,0,1,0,1,0,1,8,0,0,5,191,189,2,2,0,0,13,10,0,0,0,0,22,243,187,0,0,0,0,0,0,1,1,239,183,0,0,0,0,0,0,1,0,0,0,0,0,9,213,202,18,1,191,3,85,151,4,555,434,1,90,56,0,0,82,64,0,0,540,146
2012,27,11,1,546,417,25,9,7,8,0,3,5,553,411,24,9,6,7,0,536,400,21,7,4,7,3,10,0,0,2,0,22,557,394,23,12,0,0,1,0,4,550,397,24,18,0,0,0,0,542,383,24,0,0,0,495,357,54,11,4,6,1,0,25,4,5,6,0,2,3,0,1,3,481,330,80,6,4,5,10,0,1,3,0,4,2,3,26,3,2,6,472,322,21,5,2,2,56,55,0,2,2,2,75,609,383,17,8,0,0,0,0,0,1,592,366,15,5,0,1,0,7,9,1,3,0,2,0,18,412,568,28,12,512,38,233,231,6,1350,1020,1,221,211,3,3,226,209,1,2,1330,438
2012,27,12,1,470,366,18,0,1,5,1,1,11,475,357,16,2,1,2,1,467,358,16,0,1,4,1,3,0,0,0,0,13,502,336,16,1,0,0,0,0,3,478,352,15,4,0,0,0,0,471,336,20,0,0,0,437,310,29,4,1,4,0,0,16,3,6,11,2,1,3,1,3,1,414,292,57,2,1,4,18,0,1,2,3,6,0,2,25,3,1,9,409,280,10,1,1,1,50,50,5,0,0,1,65,540,308,15,1,0,0,0,1,1,5,526,307,15,1,0,0,0,4,2,1,0,0,0,0,14,338,504,26,8,458,32,182,194,10,1120,876,1,222,153,5,0,210,167,2,1,1050,380
2012,27,13,1,1432,1285,109,12,10,19,1,6,15,1467,1256,100,13,9,12,0,1407,1237,90,9,7,8,11,15,12,0,0,6,69,1439,1218,123,11,0,0,1,10,24,1402,1255,117,21,0,0,0,4,1373,1217,116,0,0,0,1251,1106,177,24,7,9,1,3,72,19,16,25,9,20,13,13,10,8,1157,1029,260,14,3,5,43,4,10,19,5,16,8,22,83,11,1,60,1125,992,90,5,3,3,182,190,10,8,0,3,243,1621,1150,85,2,0,0,0,1,9,13,1554,1125,84,0,0,0,0,9,21,4,2,0,2,0,66,1205,1613,54,19,1360,121,653,738,19,3663,2890,1,626,624,6,1,621,633,2,1,3444,1257
2012,27,14,1,569,385,6,3,3,4,0,1,1,576,371,7,5,3,3,0,561,366,5,3,3,3,1,10,0,2,0,0,19,566,363,9,3,0,0,0,6,4,561,363,8,4,0,0,0,0,554,354,10,0,0,0,512,339,23,4,5,2,1,1,27,3,3,5,1,2,0,2,2,0,493,321,35,3,3,4,17,0,0,3,0,2,0,4,36,4,2,11,484,318,5,2,2,1,54,31,2,0,1,1,61,628,322,7,4,0,0,0,1,4,4,598,311,6,4,0,2,0,7,14,0,0,0,1,0,21,384,530,50,9,510,19,142,286,16,1311,973,1,210,117,0,1,209,117,1,1,1253,328
2012,27,15,1,1091,841,27,5,3,14,1,4,5,1101,813,32,10,4,8,1,1067,813,24,4,2,8,2,15,6,0,0,3,40,1104,788,42,11,0,0,0,6,2,1067,800,40,15,0,0,0,0,1057,783,40,0,0,0,997,734,76,12,5,8,7,0,27,7,5,6,2,10,4,7,2,3,948,695,127,11,2,10,20,0,1,2,1,9,1,6,40,4,0,13,936,676,26,5,1,4,101,94,7,0,0,0,134,1196,753,23,6,0,0,0,2,3,6,1137,728,21,5,0,2,0,5,23,7,0,0,0,0,56,760,1140,80,12,1016,51,390,512,23,2611,1993,1,500,340,3,5,489,352,1,6,2547,848
2012,27,16,1,963,867,47,14,4,17,1,3,10,989,831,47,18,3,16,0,951,822,36,11,3,12,5,18,7,1,0,2,46,991,834,47,18,0,0,1,3,6,980,842,49,23,0,0,0,2,954,823,49,0,0,0,861,757,90,17,3,10,1,0,46,12,13,11,5,9,7,0,5,3,813,688,140,16,1,5,44,0,6,12,0,3,6,20,58,3,2,26,799,662,37,7,0,2,111,141,7,0,0,1,149,1078,781,35,12,0,0,0,2,0,15,1033,753,33,8,0,0,0,13,20,3,5,0,2,0,40,789,1101,32,6,970,77,417,450,14,2327,1927,1,430,441,3,3,422,451,2,2,2192,877
2012,27,17,1,305,224,9,1,2,0,0,0,1,310,218,10,3,0,0,0,303,217,9,1,0,0,1,2,0,0,1,0,8,303,217,12,0,0,0,0,5,2,301,213,13,0,0,0,0,0,299,206,14,0,0,0,276,196,22,1,1,0,0,0,11,7,0,4,2,0,1,0,0,0,266,181,32,1,0,0,4,0,1,2,1,5,0,3,11,1,0,6,262,176,11,0,0,0,28,31,2,0,0,0,26,333,201,8,0,0,0,0,0,0,0,317,198,7,0,0,0,0,2,4,1,0,0,0,0,14,212,309,18,4,282,14,80,158,9,728,543,1,146,102,0,0,134,113,0,1,706,248
2012,27,18,1,466,354,14,3,2,4,0,1,2,475,336,15,4,3,3,0,455,333,12,1,2,3,0,4,0,1,0,0,37,471,332,15,7,0,0,0,4,3,459,339,16,7,0,0,0,0,447,333,17,0,0,0,422,314,38,6,3,2,0,0,20,3,2,3,1,4,2,0,1,1,405,294,55,3,4,1,8,0,2,4,0,0,2,1,27,2,1,7,389,287,12,1,3,1,51,41,1,1,0,1,55,507,321,9,3,0,0,0,0,4,5,469,308,9,3,0,1,0,6,11,0,0,0,0,0,37,369,449,32,3,421,16,154,255,7,1241,853,1,178,151,1,2,174,151,3,4,1211,332
2012,27,19,1,409,366,12,5,1,5,0,2,2,414,360,10,5,1,5,0,401,358,9,4,1,5,3,2,1,0,0,0,15,406,360,12,8,0,0,0,7,1,404,353,9,7,0,0,0,0,404,354,14,0,0,0,370,318,25,6,0,4,0,0,17,4,0,7,1,10,0,2,2,0,353,312,41,5,0,2,8,0,3,4,2,1,0,10,14,2,1,7,345,299,7,3,0,1,44,48,1,0,0,1,46,447,333,14,3,0,0,0,0,1,3,415,318,12,3,0,0,0,6,12,0,0,0,0,0,33,349,421,27,6,376,20,152,251,4,1047,803,1,190,177,0,5,178,189,0,5,1020,372
2012,27,20,1,847,614,40,7,7,7,3,2,6,867,601,34,7,7,5,0,837,592,31,1,6,5,6,9,1,2,1,1,34,848,594,28,16,0,0,1,5,4,820,606,38,19,0,0,0,0,820,598,40,0,0,0,747,566,58,18,3,7,0,0,50,5,5,8,3,5,3,1,1,4,721,536,102,8,2,8,15,0,4,4,0,6,1,10,40,3,1,17,704,523,27,6,0,2,90,60,4,3,0,1,105,928,548,27,12,0,0,0,3,5,8,887,537,24,10,0,1,0,9,9,1,0,0,2,0,41,564,921,42,7,842,52,289,344,7,1916,1484,1,354,285,1,0,342,295,1,2,1820,640
2012,27,21,1,1090,845,57,11,2,17,2,8,6,1098,836,54,9,3,12,0,1072,824,49,6,2,13,4,7,4,4,1,0,43,1082,818,56,13,0,0,0,16,4,1057,830,60,18,0,0,0,0,1046,812,61,0,0,0,951,756,102,15,2,17,3,0,43,10,8,12,3,14,10,0,2,1,934,695,153,10,0,10,28,0,4,5,3,6,1,21,49,2,7,27,892,677,46,5,0,4,115,120,5,3,0,3,147,1215,761,38,9,0,0,0,0,5,6,1143,736,34,7,0,3,0,12,19,4,0,0,2,0,69,841,1126,52,19,995,77,389,553,24,2637,2041,1,442,373,2,4,432,376,7,6,2515,821
2012,27,22,1,488,451,17,2,4,7,1,2,4,491,448,17,2,2,4,1,479,444,13,2,2,4,2,2,1,0,0,0,22,496,429,18,6,0,0,1,6,1,480,437,15,8,0,0,0,2,464,424,15,0,0,0,439,392,37,6,2,4,5,1,13,2,3,4,2,9,3,6,2,2,408,362,64,4,2,2,25,0,1,6,0,3,3,9,17,1,1,13,406,358,11,3,1,1,47,61,1,0,1,1,79,569,392,7,4,0,0,0,0,2,2,542,386,6,3,0,1,0,5,10,2,0,0,1,0,16,421,503,47,6,448,24,201,298,6,1377,976,1,192,196,3,2,191,198,1,3,1345,393
2012,27,23,1,1471,1074,35,5,8,6,1,6,14,1490,1056,27,6,5,5,0,1453,1043,24,4,5,4,4,8,6,1,2,2,46,1454,1025,37,5,0,0,0,14,18,1411,1065,31,8,0,0,0,0,1426,1019,25,0,0,0,1312,966,78,5,2,8,1,0,49,8,16,17,2,8,10,3,6,2,1255,892,150,2,2,5,70,0,5,7,1,13,2,20,54,3,2,24,1216,879,20,1,1,1,149,130,5,1,1,0,184,1635,951,18,4,0,0,0,0,3,10,1556,931,14,3,0,2,0,14,26,2,0,0,0,0,62,1052,1419,130,21,1337,50,463,744,28,3489,2622,1,553,413,3,5,521,443,5,5,3382,974
2012,27,24,1,572,319,11,2,3,2,0,3,4,577,308,10,2,2,0,0,562,307,9,2,2,0,3,1,1,0,0,0,22,577,302,10,2,0,0,0,8,4,562,297,14,1,0,0,0,0,559,289,11,0,0,0,525,285,16,1,0,1,0,0,26,3,1,5,2,1,1,1,2,0,508,271,39,1,0,1,8,5,1,0,1,2,0,1,27,1,0,3,501,267,8,1,0,0,49,19,3,0,0,0,56,629,270,9,1,0,0,0,0,3,3,609,266,9,0,0,0,0,2,3,0,1,0,0,0,20,342,533,36,5,494,18,101,296,7,1185,916,1,250,109,4,1,249,112,3,0,1160,364
2012,27,25,1,623,507,22,3,1,6,0,1,4,632,501,22,3,1,2,0,615,498,20,3,1,2,5,7,0,0,0,1,13,611,509,22,0,0,0,3,6,3,604,500,24,3,0,0,0,0,602,496,25,0,0,0,550,469,49,1,0,2,0,0,15,2,13,5,1,2,9,2,2,0,524,452,76,0,0,0,16,0,0,2,1,2,0,4,30,1,1,9,518,445,20,0,0,0,68,41,2,0,0,1,66,681,459,20,1,0,0,0,0,1,4,649,454,19,0,0,1,0,1,17,1,0,0,0,0,23,491,629,45,5,563,30,178,392,7,1542,1170,1,249,212,2,0,242,217,3,1,1513,463
2012,27,26,1,198,235,2,0,0,0,0,5,3,199,234,1,0,0,0,0,197,233,1,0,0,0,0,0,0,0,0,0,4,192,229,3,1,0,0,0,6,4,194,226,3,1,0,0,0,0,199,222,3,0,0,0,185,215,2,2,0,0,1,0,4,2,2,1,0,1,1,0,0,1,181,211,7,1,0,0,6,0,0,0,0,0,0,0,8,0,0,1,174,207,1,1,0,0,18,16,1,0,0,0,15,222,213,0,0,0,0,0,0,6,2,221,213,0,0,0,0,0,0,0,0,0,0,0,0,1,212,207,22,2,173,2,110,157,1,577,443,1,75,53,0,2,69,59,0,2,555,130
2012,27,27,1,539,512,21,5,5,4,0,0,5,544,505,19,4,5,3,0,527,496,18,2,4,3,1,5,1,0,0,0,30,546,490,18,5,0,0,5,2,5,529,494,17,8,0,0,0,0,531,490,18,0,0,0,496,458,35,6,0,0,0,0,16,4,7,8,3,7,3,1,1,2,448,435,66,2,0,0,33,0,1,0,2,4,0,7,30,1,2,11,431,424,15,2,0,0,80,51,2,0,0,1,79,620,447,15,2,0,0,0,4,1,3,592,441,11,2,0,0,0,1,12,2,0,0,0,0,27,485,568,32,7,506,23,221,339,3,1401,1092,1,211,234,4,2,214,232,2,3,1344,451
2012,27,28,1,380,197,9,0,2,3,1,0,4,377,192,9,2,2,1,0,368,188,7,0,1,1,2,0,0,0,0,1,24,365,188,8,2,0,0,1,4,8,364,188,8,6,0,0,0,1,355,186,8,0,0,0,335,173,16,5,0,1,0,1,12,1,4,6,0,1,2,2,1,0,318,164,30,4,0,1,14,0,2,1,0,0,0,3,15,2,0,4,312,161,6,2,0,1,38,20,1,0,0,0,44,419,166,6,0,0,0,0,0,1,1,411,165,6,0,0,0,0,2,3,0,0,0,0,0,7,214,347,29,7,319,12,92,171,3,753,596,1,127,71,0,3,124,73,1,3,716,201
2012,27,29,1,823,642,26,3,4,7,0,8,12,830,629,17,3,4,2,5,808,623,22,2,4,3,4,7,1,0,0,0,34,831,620,24,7,0,0,0,11,5,817,629,27,6,0,0,0,0,813,602,24,0,0,0,735,567,56,6,3,2,1,0,36,1,4,13,2,8,3,0,4,1,695,535,102,3,1,1,37,0,2,7,2,3,0,8,45,2,2,9,684,526,17,2,1,0,92,70,4,2,1,0,113,918,574,19,3,0,0,0,0,3,9,867,566,18,1,0,1,0,5,10,1,1,0,0,0,46,640,811,54,23,757,33,237,491,10,2025,1528,1,346,237,0,3,336,246,4,0,1962,586
2012,27,30,1,378,292,7,0,0,1,0,3,2,373,289,10,0,0,1,0,369,288,7,0,0,1,1,1,0,0,0,0,12,374,288,7,0,0,0,0,6,5,359,295,7,0,0,0,0,0,370,284,7,0,0,0,349,279,11,0,1,0,0,0,6,2,4,2,2,1,1,0,0,1,322,261,26,0,0,0,32,0,0,0,1,0,0,2,10,0,0,2,313,259,7,0,0,0,39,26,0,0,0,0,29,411,260,5,0,0,0,0,2,4,2,394,253,5,0,0,0,0,3,4,0,0,0,0,0,19,296,361,22,5,329,7,110,232,6,856,684,1,171,98,2,1,179,92,0,1,819,272
2012,27,31,1,189,279,10,0,0,6,0,1,1,185,283,7,1,0,6,2,183,277,6,0,0,6,1,3,1,0,0,0,7,192,277,5,0,0,0,0,1,2,187,284,8,2,0,0,0,0,178,272,6,0,0,0,177,258,16,3,0,4,0,0,9,1,1,2,1,4,0,0,0,0,164,246,34,0,0,4,5,0,1,0,0,4,0,2,4,1,3,4,161,244,5,0,0,2,19,22,1,0,0,1,28,211,268,3,0,0,0,0,0,1,2,204,258,3,0,0,1,0,2,6,1,0,0,1,0,7,267,206,10,3,170,18,134,162,2,613,486,1,70,130,3,2,62,141,1,1,595,205
2012,27,32,1,1053,644,35,8,2,14,1,5,11,1055,649,22,11,1,10,3,1035,630,20,7,1,10,1,3,5,1,0,1,46,1057,616,29,11,0,0,1,11,11,1026,653,26,16,0,0,0,1,1041,606,35,0,0,0,949,566,61,13,5,11,2,0,33,10,15,10,3,3,4,1,4,6,887,523,111,8,3,10,35,0,4,7,1,4,0,11,53,1,2,23,869,515,22,4,2,5,136,81,6,2,0,1,112,1147,586,17,5,0,0,0,1,7,9,1095,565,14,5,0,2,0,14,19,4,1,0,0,0,40,623,1060,87,8,982,53,297,433,13,2259,1775,1,486,285,4,7,478,297,2,5,2167,782
2012,27,33,1,1272,1165,46,14,9,17,2,2,12,1293,1144,41,13,8,13,0,1248,1129,39,8,6,10,12,11,2,2,1,5,53,1255,1154,45,22,0,0,0,9,8,1237,1153,45,24,0,0,0,0,1232,1138,44,0,0,0,1122,1055,102,20,5,10,0,0,55,14,15,11,4,9,11,6,4,5,1064,988,190,12,2,10,35,1,7,10,1,4,1,21,66,10,0,20,1041,963,32,10,2,1,152,147,4,2,0,4,166,1406,1074,33,13,0,0,0,0,8,8,1340,1031,25,7,1,0,0,13,35,9,2,0,5,0,57,1128,1321,77,15,1199,66,451,808,17,3193,2541,1,532,525,4,1,515,544,2,1,3045,1062
2012,27,34,1,201,166,1,2,0,0,0,1,0,203,165,1,1,0,0,0,201,165,1,1,0,0,0,1,0,0,0,0,1,197,163,1,1,0,0,0,2,0,189,164,2,2,0,0,0,0,189,165,2,0,0,0,179,154,7,2,0,2,0,0,6,0,0,2,1,1,2,0,0,0,178,153,13,1,0,2,3,0,1,0,0,1,1,0,3,0,0,1,175,150,1,0,0,1,10,11,1,1,0,0,19,213,156,0,0,0,0,0,0,1,1,208,154,0,0,0,0,0,0,2,0,0,0,0,0,5,180,168,21,2,157,8,58,148,0,492,371,1,80,55,1,0,80,56,0,0,486,136
2012,27,35,1,654,370,5,3,1,2,0,2,2,657,368,3,3,1,1,0,648,364,2,2,1,1,2,3,1,0,0,0,12,660,350,2,0,0,0,0,5,4,646,350,3,1,0,0,0,0,642,349,4,0,0,0,607,337,17,0,2,1,0,0,19,2,9,0,1,3,9,1,2,0,587,314,43,0,2,1,9,0,6,1,0,1,0,4,28,0,0,4,580,311,2,0,1,1,50,34,0,0,1,0,53,693,339,4,0,0,0,0,0,2,5,683,336,4,0,0,0,0,1,4,1,0,0,0,0,7,353,646,36,9,641,13,122,260,8,1326,1043,1,278,148,2,1,269,159,0,1,1300,429
2012,27,77,1,320,175,4,0,2,1,0,13,0,314,176,3,1,1,1,0,310,172,3,0,1,0,1,0,0,0,1,1,13,298,174,4,1,0,0,0,14,3,299,173,4,1,0,0,0,0,302,172,3,0,0,0,265,164,7,0,0,2,0,0,35,0,0,3,0,0,0,0,3,1,257,158,6,1,0,1,1,0,1,1,2,0,1,3,42,1,1,5,250,157,2,0,0,0,46,13,0,0,0,0,25,322,168,2,0,0,0,0,0,15,0,310,163,1,0,0,0,0,2,2,0,0,0,0,0,16,218,253,42,0,247,11,80,175,0,0,516,1,45,104,5,0,17,129,7,1,0,154
2012,27,78,1,111,78,3,0,0,0,0,2,0,112,74,4,1,0,0,0,110,74,3,0,0,0,0,2,0,0,0,0,4,26,14,1,0,0,0,0,0,0,34,20,1,0,0,0,0,0,32,20,1,0,0,0,26,12,5,0,0,0,0,0,2,0,0,0,0,0,0,0,0,0,26,10,7,0,0,0,0,0,0,0,0,0,0,0,1,0,0,2,23,9,1,0,0,0,1,4,0,0,0,0,19,32,14,0,0,0,0,0,0,0,0,29,14,0,0,0,0,0,0,1,0,0,0,0,0,2,98,84,12,1,86,7,29,73,0,0,195,1,49,61,2,1,34,78,1,0,0,113
2012,27,79,1,0,0,0,0,0,0,0,0,1,0,0,0,0,0,0,0,0,0,0,0,0,0,0,0,0,0,0,0,0,0,0,0,0,0,0,0,0,0,0,0,0,0,0,0,0,0,0,0,0,0,0,0,0,0,0,0,0,0,0,0,0,0,0,0,0,0,0,0,0,0,0,0,0,0,0,0,0,0,0,0,0,0,0,0,0,0,0,0,0,0,0,0,0,0,0,0,0,0,0,0,0,0,0,0,0,0,0,0,0,0,0,0,0,0,0,0,0,0,0,0,0,0,0,0,0,0,0,0,0,0,0,0,0,0,0,0,1,,,,,,,,,,,
2012,28,1,1,1300,1073,28,7,1,9,0,13,10,1305,1059,24,11,1,5,2,1272,1042,22,5,1,5,5,11,1,2,0,1,56,1195,1137,26,10,0,0,2,18,7,1170,1123,28,11,0,0,0,1,1174,1092,29,0,0,0,1138,1039,55,15,7,5,0,0,21,13,2,5,6,8,5,7,1,2,1066,1030,97,12,1,1,17,0,2,5,2,2,62,7,0,14,0,1,1035,1003,23,4,1,1,106,69,2,3,0,0,171,857,1531,15,0,0,0,0,2,9,12,838,1380,12,2,0,0,0,75,19,4,2,0,0,0,89,1039,1259,130,15,1162,40,402,817,22,3096,2444,1,555,393,7,6,527,420,10,4,2988,961
2012,28,2,1,433,458,16,1,5,5,1,5,4,443,443,16,3,5,3,0,423,437,14,0,5,2,3,7,0,0,0,2,28,418,462,16,3,0,0,0,7,6,400,464,15,6,0,0,0,0,410,451,14,0,0,0,395,420,26,4,2,4,0,0,6,7,1,3,1,5,0,4,4,1,369,408,55,3,0,4,6,0,1,2,1,4,18,2,0,5,2,0,363,399,13,0,0,0,34,44,1,1,0,1,61,302,601,10,0,0,0,0,0,2,5,286,513,6,1,0,0,0,30,40,3,0,0,0,0,45,412,455,58,5,414,26,154,331,5,1197,930,1,216,126,2,2,209,135,0,2,1119,346
2012,28,3,1,1155,1197,26,7,4,15,1,7,13,1164,1184,22,7,4,11,0,1127,1174,17,6,3,10,2,8,4,0,0,2,54,1105,1240,25,6,0,0,2,10,12,1087,1230,29,5,0,0,0,1,1090,1208,27,0,0,0,1034,1136,62,7,2,9,4,0,4,7,1,13,11,13,4,5,15,5,964,1120,120,3,1,3,38,7,1,1,5,2,50,4,2,8,1,3,936,1082,22,1,1,2,126,100,1,2,0,2,131,794,1599,10,0,0,0,0,1,5,12,771,1500,10,2,0,0,0,54,18,0,0,0,0,0,56,1083,1226,102,15,1124,51,408,831,12,3132,2425,1,475,444,1,1,485,430,2,4,3039,921
2012,28,77,1,64,40,1,0,0,1,0,0,0,64,40,1,0,0,1,0,64,40,0,0,0,1,0,0,0,0,0,0,1,64,42,0,0,0,0,0,0,0,64,41,0,0,0,0,0,0,64,41,0,0,0,0,61,39,1,0,0,0,0,0,0,0,0,0,2,0,0,0,0,1,61,38,2,0,0,0,1,0,0,0,1,0,2,0,0,0,0,1,61,38,0,0,0,0,3,1,0,0,0,0,3,55,51,0,0,0,0,0,0,0,0,54,49,0,0,0,0,0,2,0,0,0,0,0,0,1,42,61,3,0,58,1,6,40,1,0,106,1,3,8,5,0,3,8,5,0,0,16
2012,28,78,1,18,15,1,0,0,0,0,0,0,19,14,1,0,0,0,0,17,14,1,0,0,0,1,0,0,0,0,0,1,3,9,0,0,0,0,0,0,1,4,10,0,0,0,0,0,0,4,9,0,0,0,0,2,6,0,0,0,0,0,0,0,1,0,0,0,0,0,0,0,0,2,6,0,0,0,0,0,0,0,0,0,1,0,0,0,0,0,0,2,6,0,0,0,0,0,0,0,0,0,0,5,2,6,0,0,0,0,0,0,0,6,2,6,0,0,0,0,0,0,0,0,0,0,0,0,0,18,12,3,1,13,1,9,11,0,0,34,1,6,8,0,0,5,9,0,0,0,14
2012,29,1,1,780,997,37,13,3,7,0,4,4,799,975,37,12,1,5,0,769,965,33,10,1,4,5,8,5,2,1,2,35,679,1069,26,13,0,0,3,9,10,696,1031,30,10,0,0,0,0,703,1004,41,0,0,0,679,972,56,19,2,5,0,0,12,5,1,4,3,1,0,8,6,5,638,941,108,12,1,6,12,0,1,19,0,1,29,8,0,4,4,5,609,916,22,7,0,2,66,81,8,5,1,1,112,482,1331,14,0,0,0,0,0,5,12,460,1189,9,2,0,0,0,45,55,10,0,0,0,0,62,951,840,49,8,749,50,313,723,13,2419,1848,1,373,490,2,3,363,500,1,4,2349,868
2012,29,2,1,518,420,36,10,3,9,3,2,3,533,407,39,13,2,5,1,506,398,30,7,2,5,4,9,3,1,0,2,36,447,475,35,11,0,0,3,3,9,470,457,30,22,0,0,0,0,470,432,37,0,0,0,454,378,56,18,5,5,0,0,9,1,2,7,3,5,3,6,4,4,412,374,80,15,3,3,8,0,0,17,2,0,21,1,1,0,2,12,384,367,26,3,2,0,71,45,1,2,0,0,93,327,652,16,0,0,0,0,1,2,6,315,569,16,1,0,0,0,41,15,4,1,0,0,0,38,397,562,34,14,499,50,209,238,11,1259,1008,1,226,215,0,0,220,221,0,0,1166,441
2012,29,3,1,932,1282,47,12,10,10,2,5,6,955,1264,37,15,9,5,0,919,1252,33,9,7,5,2,7,5,2,4,3,55,788,1396,35,6,0,0,3,17,9,830,1333,37,16,0,0,0,3,816,1316,40,0,0,0,756,1229,93,14,7,6,0,0,16,13,4,13,7,14,7,14,18,5,694,1175,157,5,3,5,20,0,1,37,7,1,63,7,1,5,1,16,655,1146,26,1,3,2,131,143,4,1,2,1,172,537,1743,10,0,0,0,0,4,3,6,518,1463,9,2,0,0,0,53,165,4,1,0,0,0,90,1212,1018,74,10,904,56,391,946,17,2930,2314,1,413,579,3,2,397,593,3,4,2815,997
2012,29,4,1,1329,1306,81,16,10,17,5,2,14,1361,1287,72,16,8,9,1,1311,1265,65,12,8,8,2,17,6,1,0,3,68,1137,1475,67,18,0,0,6,6,14,1174,1368,71,33,0,0,0,0,1183,1349,79,0,0,0,1116,1256,116,28,5,15,6,1,24,8,4,26,12,20,2,9,15,5,1051,1194,195,16,3,7,32,0,3,29,4,0,65,13,0,11,3,25,997,1158,51,6,2,3,148,160,10,4,1,0,222,870,1854,29,0,0,0,0,2,6,9,845,1649,24,1,0,0,0,81,65,8,2,0,0,0,99,1222,1447,99,13,1280,97,538,836,30,3554,2781,1,552,587,2,0,557,585,1,0,3336,1143
2012,29,5,1,1398,851,39,19,5,11,1,9,10,1409,839,33,18,5,8,0,1376,828,28,16,5,7,2,8,3,1,0,2,52,1282,937,40,10,0,0,2,15,13,1299,900,43,19,0,0,0,2,1301,866,43,0,0,0,1259,793,83,22,6,8,1,0,9,8,1,16,10,5,2,12,9,5,1190,771,136,17,5,5,13,0,3,11,4,0,48,13,0,5,1,15,1153,752,34,5,4,0,124,96,3,7,0,2,138,1015,1284,25,0,0,0,0,0,9,9,987,1121,18,3,0,0,0,61,49,6,3,0,0,0,82,811,1434,76,26,1345,48,330,612,12,2949,2346,1,561,381,5,3,569,374,4,3,2855,950
2012,29,6,1,499,691,21,4,0,0,1,4,3,505,683,23,5,0,0,0,491,676,19,3,0,0,1,5,1,2,0,0,18,455,733,22,2,0,0,0,8,2,456,713,21,4,0,0,0,0,467,696,20,0,0,0,442,675,42,2,0,2,0,0,8,0,1,7,0,2,0,3,4,1,403,652,66,1,1,0,24,1,0,9,1,0,19,1,1,2,1,6,391,649,18,1,0,0,62,45,1,1,0,0,46,340,853,18,0,0,0,0,0,7,3,333,786,17,0,0,0,0,27,21,0,0,0,0,0,29,621,551,46,6,482,38,176,522,6,1592,1223,1,204,263,3,5,212,251,7,5,1557,475
2012,29,7,1,891,772,44,11,3,13,1,5,8,903,763,42,10,2,9,0,881,753,36,8,1,8,2,6,5,1,1,3,31,817,826,35,10,0,0,3,16,7,830,803,32,17,0,0,0,0,827,777,32,0,0,0,784,722,64,15,2,10,1,0,15,7,2,10,3,7,3,7,15,14,726,692,111,12,1,9,33,0,0,21,1,1,42,6,0,3,1,13,702,679,25,4,0,6,103,79,4,3,0,2,122,588,1119,8,0,0,0,0,0,18,8,577,1019,8,2,0,0,0,39,14,4,1,0,0,0,61,724,948,65,14,819,64,320,532,16,2151,1751,1,415,342,3,6,405,353,2,6,2049,766
2012,29,8,1,1198,1338,41,10,8,8,3,6,11,1217,1322,31,10,6,8,0,1183,1317,30,8,4,8,5,11,2,0,0,0,40,1085,1423,32,12,0,0,4,13,14,1103,1367,39,17,0,0,0,2,1094,1368,35,0,0,0,1051,1294,84,13,2,6,1,0,9,7,1,12,9,1,4,10,13,8,985,1241,158,8,0,7,28,0,2,26,5,1,42,6,2,6,1,8,948,1226,27,6,0,0,127,118,4,1,0,3,138,880,1712,12,0,0,0,0,1,3,9,864,1603,11,4,0,0,0,37,39,2,0,0,0,0,57,1278,1249,81,17,1139,45,418,1002,21,3241,2626,1,514,515,6,5,523,509,4,4,3140,1040
2012,29,77,1,132,114,3,4,0,0,0,4,1,132,113,3,4,0,0,0,128,112,3,4,0,0,1,0,0,0,0,0,6,123,113,3,3,0,0,1,7,1,120,114,4,3,0,0,0,1,121,114,3,0,0,0,123,112,4,2,0,0,1,1,1,0,0,0,1,1,1,0,1,0,107,113,7,2,0,0,1,1,3,1,0,0,9,0,0,0,0,0,105,111,3,2,0,0,16,3,0,1,0,0,7,97,146,4,0,0,0,0,0,7,1,90,138,2,2,0,0,0,7,2,1,0,0,0,0,9,122,118,17,1,107,9,25,117,0,0,259,1,20,46,5,3,17,51,3,3,0,74
2012,29,78,1,31,32,1,0,0,0,0,0,1,32,32,0,0,0,0,0,31,32,0,0,0,0,0,0,0,0,0,0,1,3,7,0,0,0,0,0,0,0,9,12,0,0,0,0,0,0,9,12,0,0,0,0,3,6,1,0,0,0,0,0,0,0,0,0,0,0,0,0,0,0,3,6,1,0,0,0,1,0,0,0,0,0,0,0,0,0,0,0,2,6,0,0,0,0,1,0,0,0,0,0,12,2,8,0,0,0,0,0,0,0,0,2,7,0,0,0,0,0,0,1,0,0,0,0,0,0,28,31,6,0,25,3,16,21,0,0,65,1,5,18,0,0,2,21,0,0,0,23
2012,30,1,1,879,803,37,6,5,12,0,4,4,890,794,36,9,2,7,1,863,786,29,5,2,7,9,4,3,1,3,2,30,844,797,46,26,0,0,2,8,5,853,792,41,16,0,0,0,0,849,784,46,0,0,0,800,737,74,15,4,5,1,0,26,4,3,2,2,8,11,10,1,4,756,725,106,7,2,6,18,0,0,6,2,20,2,0,32,4,2,6,732,699,32,3,1,3,103,69,4,0,1,1,93,933,772,24,0,0,0,0,1,4,7,900,742,24,3,0,0,0,15,13,2,0,0,0,0,44,736,945,55,17,860,58,340,480,15,2252,1753,1,400,484,2,2,400,463,2,3,2194,888
2012,30,2,1,1475,1229,65,17,3,29,0,4,9,1508,1221,53,14,3,14,0,1461,1198,46,9,2,13,10,13,8,5,0,4,53,1399,1243,79,29,0,0,0,10,14,1415,1235,55,31,0,0,0,1,1423,1201,70,0,0,0,1302,1121,109,27,10,9,2,0,53,12,19,5,1,16,9,8,6,18,1218,1093,188,15,5,12,48,0,4,8,6,30,2,3,82,6,2,5,1180,1041,42,8,2,2,196,136,8,5,1,1,189,1578,1177,39,0,0,0,0,3,5,17,1512,1126,34,7,0,0,0,23,26,5,0,0,0,0,80,1154,1572,87,21,1419,120,474,784,37,3591,2835,1,640,559,3,3,611,587,3,4,3411,1205
2012,30,3,1,422,413,15,2,5,4,0,1,6,427,412,11,3,3,2,0,413,407,11,2,3,2,2,1,1,0,0,0,20,395,424,15,13,0,0,0,4,0,411,417,10,11,0,0,0,0,407,418,9,0,0,0,385,399,17,8,1,0,0,0,20,2,0,0,2,2,2,2,1,4,364,389,30,7,2,0,15,0,1,1,0,4,1,0,21,1,1,1,354,377,7,5,1,0,38,31,1,2,0,0,48,449,406,7,0,0,0,0,1,0,2,440,394,7,0,0,0,0,4,3,1,0,0,0,0,18,380,445,38,6,416,19,154,271,9,1109,869,1,180,172,2,0,179,174,1,0,1100,354
2012,30,4,1,971,701,33,11,7,15,1,3,6,983,688,30,11,9,9,3,953,678,26,10,6,9,4,5,5,3,0,2,43,925,707,42,33,0,0,1,1,8,946,719,26,25,0,0,0,0,938,703,31,0,0,0,860,655,67,23,3,6,1,0,37,6,14,2,4,11,5,5,2,5,801,616,123,16,3,5,31,0,5,6,6,19,5,0,49,7,2,9,775,588,21,9,2,4,136,92,4,4,1,1,107,1020,685,23,0,0,0,0,4,3,8,971,663,20,4,0,0,0,21,14,3,1,0,0,0,45,657,1052,36,8,937,50,350,405,11,2193,1754,1,448,373,7,5,457,369,4,3,2096,833
2012,30,5,1,125,204,8,1,0,0,1,0,0,127,201,7,1,2,0,0,124,201,7,1,0,0,2,0,0,0,0,0,3,123,198,7,1,0,0,0,0,0,125,192,5,1,0,0,0,0,122,193,5,0,0,0,111,185,16,0,1,0,1,0,7,0,1,1,0,3,1,3,1,0,101,179,27,1,0,0,7,0,0,0,0,3,0,0,9,1,0,4,102,171,5,0,0,0,18,21,0,0,0,0,21,137,194,5,0,0,0,0,1,1,0,127,191,5,1,0,0,0,5,7,0,0,0,0,0,1,179,148,11,0,125,13,73,125,2,380,338,1,55,85,0,0,52,88,0,0,368,140
2012,30,6,1,664,451,12,6,8,13,1,6,2,677,444,12,6,7,7,0,658,436,8,4,5,7,5,7,3,1,0,3,19,651,450,20,14,0,0,3,4,4,651,454,16,9,0,0,0,5,656,442,15,0,0,0,605,413,44,8,3,3,0,0,19,3,6,3,0,7,3,2,1,5,548,403,86,5,0,1,15,1,3,2,4,6,1,0,46,3,0,2,541,389,11,4,0,1,97,48,2,2,1,0,60,700,440,12,0,0,0,0,2,3,3,660,421,9,1,0,0,0,21,11,1,1,0,0,0,33,425,698,39,2,644,18,184,304,14,1402,1164,1,340,215,4,0,331,224,4,0,1344,559
2012,30,7,1,147,126,3,0,0,0,0,3,2,153,123,1,0,0,0,0,146,122,1,0,0,0,0,2,0,0,0,0,6,148,127,2,0,0,0,0,1,2,148,122,3,1,0,0,0,0,150,119,1,0,0,0,139,117,2,0,0,0,0,0,3,3,0,1,2,0,3,0,0,1,133,113,8,0,0,0,1,0,1,0,0,1,0,0,10,1,1,1,132,111,1,0,0,0,12,8,0,0,0,0,15,151,125,1,0,0,0,0,1,1,3,145,123,0,0,0,0,0,1,1,0,0,0,0,0,8,125,149,5,3,144,3,25,107,3,331,282,1,81,52,0,0,74,58,1,0,318,133
2012,30,8,1,755,774,39,5,3,13,0,7,4,772,756,36,5,2,12,0,745,749,33,5,2,9,1,10,3,0,0,1,37,723,779,49,11,0,0,0,11,5,721,789,45,6,0,0,0,0,732,762,44,0,0,0,691,716,73,8,3,7,0,0,14,5,5,2,0,12,0,6,6,4,651,696,114,3,2,11,19,0,2,3,0,8,0,0,30,8,0,2,641,680,34,1,1,2,68,71,8,1,0,1,82,805,749,32,0,0,0,0,0,8,2,775,725,28,4,0,0,0,11,8,5,0,0,0,0,40,720,810,66,10,706,59,247,577,17,1948,1606,1,322,347,4,0,320,350,3,0,1873,673
2012,30,9,1,541,376,24,5,2,7,0,6,7,555,368,20,4,1,4,0,538,365,19,3,1,4,2,3,0,0,0,1,22,516,378,36,6,0,0,0,7,9,519,373,35,7,0,0,0,0,523,363,30,0,0,0,494,347,40,11,3,3,0,0,15,2,3,2,2,2,0,2,2,4,466,338,66,6,0,2,21,0,1,2,0,7,2,0,20,1,0,2,454,325,22,3,0,0,60,31,5,0,1,0,54,549,391,18,0,0,0,0,0,6,3,526,374,16,1,0,0,0,13,7,5,1,0,0,0,19,386,549,29,7,489,31,155,275,21,1183,971,1,218,166,1,1,215,170,1,0,1126,386
2012,30,10,1,1142,800,28,4,2,5,1,2,16,1159,776,27,3,1,3,1,1130,767,26,2,1,2,3,9,0,0,0,0,44,1061,832,42,14,0,0,4,10,15,1127,782,31,8,0,0,0,0,1122,773,30,0,0,0,1059,746,48,11,1,3,0,1,19,4,20,2,1,12,5,2,1,6,996,718,89,6,2,1,39,0,3,5,2,15,3,0,55,5,0,8,955,706,27,4,1,0,142,56,3,1,0,1,81,1149,804,25,0,0,0,0,3,4,12,1110,777,24,0,0,0,0,21,16,1,0,0,0,0,37,754,1157,77,14,1095,45,267,576,19,2477,2002,1,461,389,2,0,461,388,3,0,2398,852
2012,30,11,1,452,536,13,4,5,8,1,3,4,459,536,9,4,2,7,0,445,529,7,2,2,5,5,4,1,0,0,2,19,429,550,16,4,0,0,1,2,8,427,544,13,4,0,0,0,0,432,540,16,0,0,0,403,515,30,6,4,3,0,0,17,2,5,1,0,2,1,1,0,6,379,494,56,3,1,5,12,0,1,0,1,10,1,0,24,1,6,4,370,488,12,2,1,2,49,43,1,0,1,0,48,461,537,7,0,0,0,0,1,3,9,443,530,6,1,0,0,0,6,3,3,0,0,0,0,23,495,486,39,7,430,27,250,299,21,1240,1027,1,208,202,5,1,205,207,3,1,1182,416
2012,30,12,1,610,572,13,4,3,8,2,7,3,622,561,13,4,2,5,0,601,556,12,2,1,5,1,4,0,2,1,0,29,576,561,27,9,0,0,0,19,7,583,562,18,10,0,0,0,0,584,547,16,0,0,0,550,522,35,6,2,7,0,1,10,5,2,4,0,8,3,1,1,7,513,513,63,3,1,5,28,0,0,4,0,9,0,0,23,2,0,6,501,498,12,2,1,3,64,41,4,1,0,1,70,618,575,14,0,0,0,0,0,8,8,590,540,8,0,0,0,0,8,19,1,1,0,0,0,36,524,629,61,10,573,27,233,365,26,1463,1224,1,284,220,5,3,286,218,5,3,1405,512
2012,30,13,1,46,18,0,0,0,0,0,0,0,46,18,0,0,0,0,0,46,18,0,0,0,0,0,0,0,0,0,0,0,38,18,0,0,0,0,1,4,0,40,17,0,0,0,0,0,1,39,17,1,0,0,0,29,17,0,0,0,0,0,0,2,0,6,0,0,0,5,0,0,0,20,17,0,0,0,0,0,0,0,0,0,0,0,0,20,0,0,0,20,17,0,0,0,0,19,0,0,0,0,0,4,47,15,0,0,0,0,0,0,1,1,35,14,0,0,0,0,0,13,0,0,0,0,0,0,0,17,43,4,0,39,1,3,21,0,87,64,1,26,11,0,0,27,10,0,0,83,37
2012,30,14,1,443,427,15,2,0,1,0,3,1,455,419,13,1,0,1,0,440,418,13,1,0,1,0,6,1,2,0,0,8,442,419,13,1,0,0,0,5,2,443,422,8,1,0,0,0,0,437,415,12,0,0,0,429,404,25,2,1,1,0,1,2,1,1,2,0,3,2,2,0,0,398,395,41,2,1,1,11,1,0,1,1,3,0,1,13,1,0,4,396,387,10,1,1,1,38,25,3,0,0,0,25,460,420,6,0,0,0,0,0,1,2,442,389,2,0,0,0,0,12,2,2,0,0,0,0,42,428,433,28,5,414,15,155,295,15,1095,894,1,172,139,2,2,159,153,0,3,1060,315
2012,30,15,1,1142,867,34,7,5,10,1,5,5,1148,857,29,11,4,8,0,1123,841,26,7,4,7,3,9,5,0,0,1,43,1092,872,38,6,0,0,0,12,9,1093,849,34,7,0,0,0,2,1086,839,31,0,0,0,998,782,66,4,2,7,3,0,62,6,12,6,3,5,10,5,5,9,877,760,121,3,3,5,48,2,8,8,2,13,1,1,129,3,0,6,853,729,26,0,0,5,207,88,2,4,0,0,145,1115,903,25,0,0,0,0,5,4,11,1071,873,25,1,0,0,0,12,10,2,0,0,0,0,70,859,1091,110,19,1046,52,319,642,20,2567,2080,1,433,316,2,3,427,322,4,1,2476,754
2012,30,16,1,400,328,10,6,1,0,0,4,1,400,325,9,5,1,0,0,397,323,9,5,1,0,0,1,0,1,0,0,8,389,333,11,3,0,0,0,5,1,389,331,10,4,0,0,0,0,396,317,12,0,0,0,363,309,17,3,2,0,1,1,13,3,7,1,1,3,0,2,2,1,333,297,43,2,1,0,14,0,1,1,1,2,0,0,23,0,0,2,329,291,7,2,0,0,52,23,3,0,0,0,37,399,339,6,0,0,0,0,0,2,1,388,328,6,1,0,0,0,8,2,3,0,0,0,0,11,330,387,31,2,351,13,98,276,12,899,750,1,150,112,0,0,142,118,0,2,867,262
2012,30,77,1,208,146,3,0,1,1,0,11,0,209,145,3,0,0,1,0,206,145,3,0,0,1,0,1,0,0,0,0,3,200,149,1,0,0,0,0,10,1,198,150,1,1,0,0,0,0,198,148,0,0,0,0,184,145,2,0,1,0,0,0,10,0,3,0,1,1,1,1,0,0,177,142,5,0,1,0,0,0,0,1,1,4,0,0,14,0,1,0,177,141,0,0,0,0,16,6,0,0,1,0,14,205,150,3,0,0,0,0,0,9,1,196,145,3,0,0,0,0,5,1,0,0,0,0,0,9,157,193,19,1,189,4,42,135,0,0,370,1,19,36,2,4,4,50,3,4,0,61
2012,30,78,1,33,24,1,0,0,0,0,1,0,33,22,1,1,0,0,0,33,22,1,0,0,0,0,1,0,0,0,0,1,8,9,0,0,0,0,0,0,4,9,10,1,0,0,0,0,0,9,10,1,0,0,0,9,8,2,0,0,0,0,0,0,0,0,0,0,1,0,0,0,0,8,7,3,0,0,0,0,0,0,0,0,0,0,0,1,0,0,0,7,6,0,0,0,0,1,3,0,0,0,0,5,7,10,1,0,0,0,0,0,0,9,7,8,1,0,0,0,0,0,1,1,0,0,0,0,1,29,26,4,0,25,6,7,21,0,0,59,1,17,19,2,0,13,24,1,0,0,38
2012,30,79,1,0,1,0,0,0,0,0,0,0,1,0,0,0,0,0,0,0,0,0,0,0,0,0,1,0,0,0,0,0,0,0,0,0,0,0,0,0,0,0,0,0,0,0,0,0,0,0,0,0,0,0,0,0,0,0,0,0,0,0,0,0,0,0,0,0,0,0,0,0,0,0,0,0,0,0,0,0,0,0,0,0,0,0,0,0,0,0,0,0,0,0,0,0,0,0,0,0,0,0,0,0,0,0,0,0,0,0,0,0,0,0,0,0,0,0,0,0,0,0,0,0,0,0,0,0,0,0,0,0,0,0,0,0,0,0,0,1,,,,,,,,,,,
2012,30,80,1,1,0,0,0,0,0,0,0,0,1,0,0,0,0,0,0,1,0,0,0,0,0,0,0,0,0,0,0,0,1,0,0,0,0,0,0,0,0,1,0,0,0,0,0,0,0,1,0,0,0,0,0,1,0,0,0,0,0,0,0,0,0,0,0,0,0,0,0,0,0,1,0,0,0,0,0,0,0,0,0,0,0,0,0,0,0,0,0,1,0,0,0,0,0,0,0,0,0,0,0,0,1,0,0,0,0,0,0,0,0,0,1,0,0,0,0,0,0,0,0,0,0,0,0,0,0,0,0,0,0,0,0,0,0,0,0,1,,,,,,,,,,,
2012,31,1,1,285,251,22,4,3,5,0,0,1,285,249,21,2,4,5,0,278,246,20,2,2,5,0,2,0,1,0,0,14,268,266,25,2,0,0,0,2,0,269,268,23,6,0,0,0,0,265,259,20,0,0,0,240,239,30,5,1,4,0,1,5,5,1,5,3,2,12,3,4,3,227,210,60,1,1,1,11,0,17,3,0,1,0,10,0,1,1,4,223,203,17,0,1,0,34,48,1,0,0,0,43,190,362,13,0,0,0,0,1,2,0,182,331,11,0,0,0,0,11,13,4,0,0,0,0,14,250,311,7,3,273,18,105,160,15,695,571,1,137,106,0,0,124,118,1,0,673,243
2012,31,2,1,613,705,33,4,1,3,0,3,3,620,698,28,4,2,2,0,603,689,26,3,1,1,2,6,0,0,0,2,28,559,714,38,5,0,0,0,14,13,568,704,36,4,0,0,0,0,565,697,34,0,0,0,532,654,60,4,1,2,1,0,4,2,3,3,2,4,17,7,4,10,509,602,94,3,0,1,16,0,26,21,0,6,0,23,2,0,0,4,501,590,30,1,0,0,58,89,1,1,0,0,67,419,911,15,0,0,0,0,0,9,6,413,816,15,2,0,0,0,20,49,0,0,0,0,0,37,632,642,80,13,604,32,293,423,15,1845,1367,1,228,276,1,4,201,302,3,3,1809,509
2012,31,3,1,892,997,49,12,12,13,2,5,7,913,985,39,15,11,11,2,881,969,36,9,8,10,6,6,5,1,1,1,48,823,1047,45,11,0,0,1,12,11,838,1022,52,20,0,0,0,0,835,1014,43,0,0,0,770,943,86,20,9,9,0,0,8,7,0,3,7,3,37,14,6,13,733,861,147,9,6,7,20,0,49,33,1,10,1,24,0,1,2,11,705,850,36,6,3,5,113,129,2,3,1,2,116,642,1289,33,0,0,0,0,3,9,11,616,1177,29,1,0,0,0,42,45,3,1,0,0,0,59,900,1016,62,15,894,70,451,544,34,2651,1993,1,424,484,6,0,414,493,7,0,2553,914
2012,31,4,1,386,388,44,8,3,7,1,3,3,391,389,39,8,3,4,1,379,378,36,7,2,4,1,5,3,0,0,1,23,348,411,42,8,0,0,1,8,6,353,405,42,8,0,0,0,0,355,398,41,0,0,0,322,376,63,14,0,4,0,0,1,2,0,1,4,4,12,5,2,3,308,345,89,4,0,2,3,0,27,6,0,4,0,6,2,2,1,3,294,334,38,1,0,0,51,55,1,0,0,0,52,271,529,31,0,0,0,0,0,1,3,265,489,27,2,0,0,0,13,17,6,0,0,0,0,22,349,456,32,5,370,42,185,237,8,1139,845,1,188,193,8,3,176,213,2,1,1064,392
2012,31,5,1,1016,1358,52,14,4,13,0,7,5,1039,1344,39,9,5,11,0,995,1328,35,4,3,11,8,10,7,4,0,1,54,938,1426,42,14,0,0,0,13,5,933,1412,44,12,0,0,0,1,936,1387,44,0,0,0,848,1311,80,14,2,11,2,1,15,12,1,2,11,3,47,12,6,17,822,1235,159,8,2,4,22,0,40,23,1,3,4,25,3,1,8,14,791,1213,25,3,2,3,116,140,11,1,1,3,145,717,1695,33,0,0,0,0,0,7,11,689,1594,27,2,0,0,0,36,45,5,0,0,0,0,56,1248,1111,103,11,992,72,580,798,31,3128,2472,1,466,600,5,6,452,616,6,3,3030,1077
2012,31,6,1,1524,1210,43,17,8,23,7,9,12,1541,1204,33,13,5,21,0,1509,1190,32,11,5,18,8,3,4,2,0,2,49,1428,1261,46,13,0,0,6,19,15,1435,1246,55,24,0,0,0,0,1420,1217,48,0,0,0,1303,1153,92,19,4,12,2,0,14,8,9,4,16,3,62,14,7,13,1250,1098,154,10,2,6,33,1,75,36,4,1,2,29,5,1,4,8,1209,1079,38,4,11,4,186,110,3,2,0,3,181,1148,1623,30,0,0,0,0,3,15,19,1118,1502,26,3,0,0,0,55,46,2,0,0,0,0,67,1179,1573,80,23,1444,66,548,772,25,3512,2855,1,591,474,6,5,603,464,3,6,3395,1076
2012,31,7,1,412,812,40,3,4,11,2,4,2,419,815,33,4,2,7,1,396,803,32,2,2,7,1,3,3,0,1,2,37,386,817,37,1,0,0,4,9,7,367,828,37,4,0,0,0,1,367,816,37,0,0,0,334,779,65,8,3,2,0,0,2,3,0,2,3,6,19,6,6,5,326,738,99,3,0,4,13,0,24,10,1,1,0,10,2,1,1,6,317,727,31,0,0,1,36,75,3,0,0,1,87,293,960,25,0,0,0,0,0,5,6,283,919,21,2,0,0,0,7,15,5,0,0,0,0,31,759,480,48,7,388,51,309,527,19,1616,1294,1,168,309,4,2,158,322,2,1,1555,483
2012,31,8,1,465,267,11,4,4,1,1,6,3,474,255,10,6,2,2,0,453,252,10,2,2,1,2,9,0,0,0,1,22,444,282,13,1,0,0,0,7,1,443,277,12,2,0,0,0,0,446,270,10,0,0,0,408,246,27,1,3,2,0,0,4,0,1,1,4,3,9,6,5,2,387,231,52,0,2,2,7,0,19,9,0,2,0,7,0,0,1,0,374,222,10,0,2,0,59,38,1,0,0,0,42,344,397,10,0,0,0,0,0,4,3,337,354,9,0,0,0,0,17,11,2,0,0,0,0,26,266,454,42,1,444,9,102,201,7,997,763,1,180,108,3,2,178,112,0,3,954,293
2012,31,9,1,164,145,15,0,0,0,0,1,0,164,144,15,0,0,0,0,163,143,15,0,0,0,0,1,0,0,0,0,2,159,147,16,0,0,0,0,0,0,158,144,16,1,0,0,0,0,157,146,16,0,0,0,144,141,18,0,0,1,0,0,0,0,0,0,0,0,12,0,0,0,143,123,28,0,0,0,3,0,12,4,0,3,0,3,0,0,0,0,142,122,16,0,0,0,14,21,1,0,0,0,9,147,155,19,0,0,0,0,0,0,1,140,129,19,0,0,0,0,8,23,0,0,0,0,0,5,141,172,10,2,154,15,32,120,4,370,325,1,82,73,4,1,83,76,1,0,353,160
2012,31,10,1,431,335,17,4,1,2,0,1,4,441,333,12,2,0,1,0,430,330,12,2,0,1,1,3,0,2,1,0,7,408,353,12,2,0,0,0,3,7,401,347,12,4,0,0,0,0,407,345,12,0,0,0,381,321,35,3,0,1,1,0,2,1,0,0,1,1,10,2,6,2,372,314,46,3,1,0,6,0,21,3,0,1,0,4,0,0,0,0,369,307,10,2,0,0,28,32,2,1,0,0,32,335,428,11,0,0,0,0,0,3,14,322,404,11,1,0,0,0,13,10,0,0,0,0,0,16,349,412,29,4,396,13,151,223,11,1019,794,1,153,104,0,0,147,110,0,0,995,257
2012,31,11,1,82,63,4,1,0,0,0,0,1,81,63,3,1,0,0,0,76,60,2,1,0,0,1,0,0,0,0,0,10,79,60,3,0,0,0,0,0,0,76,62,3,0,0,0,0,0,75,60,3,0,0,0,72,55,10,0,0,0,0,0,0,0,0,0,0,0,2,0,2,0,70,54,11,0,0,0,2,0,4,0,0,0,1,1,0,0,0,1,70,53,2,0,0,0,3,6,0,0,0,0,17,63,81,3,0,0,0,0,0,0,2,59,69,3,0,0,0,0,3,3,1,0,0,0,0,11,53,84,12,2,76,5,33,36,1,180,151,1,36,13,0,0,34,14,1,0,185,49
2012,31,12,1,627,443,27,2,4,5,1,2,4,637,441,23,1,1,5,0,620,437,22,1,1,5,3,1,1,1,1,0,18,593,467,25,3,0,0,0,6,3,590,463,23,3,0,0,0,0,583,455,25,0,0,0,528,421,53,6,1,4,0,0,1,5,4,0,5,2,29,3,5,8,519,389,85,4,1,1,4,1,32,11,2,2,1,10,0,1,0,9,503,384,21,1,0,1,65,59,3,0,0,1,70,464,617,22,0,0,0,0,0,3,5,452,557,20,1,0,0,0,16,24,2,1,0,0,0,36,426,649,35,7,598,35,218,257,9,1336,1117,1,287,236,3,2,290,229,7,2,1281,528
2012,31,77,1,118,95,4,0,0,0,0,6,1,120,92,4,0,0,0,0,117,90,3,0,0,0,2,1,1,0,0,0,3,111,93,6,0,0,0,0,6,0,112,94,4,1,0,0,0,0,111,93,4,0,0,0,107,89,6,0,0,0,0,0,0,2,1,0,0,0,2,0,0,1,105,82,6,0,0,0,1,0,5,0,0,3,0,4,0,0,0,1,102,82,3,0,0,0,9,10,0,0,0,0,9,101,107,0,0,0,0,0,0,6,2,100,104,0,0,0,0,0,2,0,0,0,0,0,0,4,108,105,10,0,110,3,27,83,0,0,224,1,16,11,0,1,6,21,0,1,0,28
2012,31,78,1,26,21,2,0,0,0,0,0,1,24,20,2,0,0,1,0,24,17,2,0,0,0,1,0,0,0,0,1,4,3,5,1,0,0,0,0,0,2,3,5,1,0,0,0,0,0,3,5,1,0,0,0,3,5,1,0,0,0,0,0,0,0,0,0,0,0,0,0,0,0,3,5,1,0,0,0,0,0,0,0,0,0,0,0,0,0,0,0,3,5,1,0,0,0,0,0,0,0,0,0,0,1,6,1,0,0,0,0,0,0,3,1,6,1,0,0,0,0,0,0,0,0,0,0,0,0,23,25,2,0,21,6,6,17,0,0,50,1,12,19,0,0,9,21,1,0,0,31
2012,31,80,1,0,0,0,0,0,0,0,0,0,0,0,0,0,0,0,0,0,0,0,0,0,0,0,0,0,0,0,0,0,0,0,0,0,0,0,0,0,1,0,0,0,0,0,0,0,0,0,0,0,0,0,0,0,0,0,0,0,0,0,0,0,0,0,0,0,0,0,0,0,0,0,0,0,0,0,0,0,0,0,0,0,0,0,0,0,0,0,0,0,0,0,0,0,0,0,0,0,0,0,0,0,0,0,0,0,0,0,0,0,0,0,0,0,0,0,0,0,0,0,0,0,0,0,0,0,0,0,0,0,0,0,0,0,0,0,0,0,,,,,,,,,,,
2012,32,1,1,983,1359,62,13,8,20,1,5,15,1009,1337,49,15,12,13,1,962,1312,46,11,7,11,5,11,3,2,1,3,75,946,1371,54,12,0,0,4,8,12,870,1443,65,14,0,20,0,3,918,1384,51,0,0,0,841,1265,106,19,4,13,2,0,37,14,11,5,1,5,3,16,3,30,781,1184,184,12,3,8,22,0,6,31,10,13,2,38,46,15,2,18,751,1152,41,10,2,5,123,176,1,1,1,2,185,786,1617,36,0,0,0,0,4,8,12,753,1525,32,3,0,0,0,31,28,5,1,0,0,0,71,1245,1131,72,21,1001,84,893,467,24,3128,2469,1,389,719,3,0,383,722,4,2,2961,1111
2012,32,2,1,655,778,45,5,4,10,1,3,6,662,774,37,5,5,8,0,642,758,35,4,3,8,2,10,8,0,0,2,28,633,783,37,9,0,0,2,4,9,597,809,42,8,0,9,0,0,608,792,39,0,0,0,562,730,64,13,3,4,0,0,31,12,2,1,2,2,3,14,2,13,537,680,109,12,4,3,18,0,2,20,4,1,1,19,24,3,0,7,515,655,27,4,2,2,71,117,11,0,1,1,90,537,935,20,0,0,0,0,2,4,6,518,860,15,3,0,0,0,27,18,12,0,0,0,0,46,717,731,48,13,642,52,557,245,13,1960,1509,1,297,430,1,0,286,441,1,0,1913,728
2012,32,3,1,411,440,20,2,0,4,0,4,5,425,431,13,2,1,4,0,404,425,13,2,0,4,5,8,3,0,0,0,14,405,438,12,2,0,0,0,7,5,385,461,13,4,0,3,0,1,388,439,16,0,0,0,369,406,29,3,0,1,2,0,12,3,4,4,2,2,0,5,4,5,346,388,55,2,0,2,6,1,1,9,5,0,3,11,12,2,0,2,336,374,9,2,0,1,42,57,4,0,0,0,50,360,515,3,0,0,0,0,1,4,1,348,486,2,0,0,0,0,14,11,1,0,0,0,0,20,405,440,34,8,401,19,325,139,3,1150,887,1,161,182,0,1,149,191,3,1,1106,344
2012,32,4,1,563,794,29,12,7,6,1,5,13,575,777,19,13,7,6,0,552,762,21,8,5,5,4,8,3,3,1,0,41,557,781,17,8,0,0,0,12,6,505,828,21,9,0,10,0,1,522,799,20,0,0,0,471,717,68,16,1,8,5,0,33,11,6,0,1,1,5,13,1,12,449,674,103,8,1,9,14,0,3,21,1,6,0,25,27,4,1,8,400,653,16,2,1,4,76,110,0,2,0,0,91,444,949,11,0,0,0,0,2,8,6,427,880,6,1,0,0,0,20,31,2,2,0,0,0,44,709,650,56,15,555,47,552,259,17,1817,1430,1,245,385,4,3,250,384,3,0,1723,637
2012,32,5,1,604,512,26,4,8,5,1,4,6,610,513,17,5,5,5,0,598,506,17,2,5,4,2,1,3,1,3,2,25,587,525,13,5,0,0,0,6,6,545,560,14,7,0,5,0,2,567,527,24,0,0,0,521,504,34,9,9,3,0,0,26,4,3,2,0,3,3,3,2,8,501,476,68,3,5,6,12,0,3,8,0,1,1,4,13,1,5,4,488,462,9,0,3,1,51,54,7,1,0,0,82,495,657,7,0,0,0,0,0,3,3,481,617,3,1,0,0,0,17,7,4,1,0,0,0,33,489,640,29,12,585,31,357,186,11,1558,1170,1,247,253,1,1,235,264,3,0,1506,502
2012,32,6,1,530,427,17,4,2,5,0,0,3,539,416,15,2,3,5,2,522,414,14,2,2,5,3,3,2,1,1,0,18,538,410,17,7,0,0,0,3,3,493,447,22,3,0,5,0,0,513,421,18,0,0,0,480,394,31,4,2,2,0,0,17,1,6,0,0,0,1,3,3,6,457,375,58,2,1,2,12,0,1,5,3,0,0,8,16,0,1,4,442,368,13,1,0,0,52,37,2,2,0,3,62,446,520,7,0,0,0,0,1,2,6,440,493,6,1,0,0,0,13,7,0,0,0,0,0,21,409,527,44,9,486,20,309,164,10,1233,988,1,229,243,4,2,231,243,2,2,1159,478
2012,32,7,1,655,484,13,4,4,8,2,0,3,664,473,13,4,4,9,1,653,473,12,3,3,7,3,3,1,0,2,3,7,662,472,10,3,0,0,1,6,6,628,507,9,7,0,4,0,2,646,473,9,0,0,0,598,447,28,5,5,2,0,0,16,7,4,0,1,3,3,7,1,12,574,420,55,6,4,4,6,0,0,7,5,3,1,5,22,18,0,5,562,410,6,3,3,1,59,58,2,0,0,1,56,579,570,7,0,0,0,0,1,1,10,571,533,5,1,0,0,0,12,11,3,0,0,0,0,26,478,640,47,8,602,22,348,191,10,1430,1173,1,285,238,0,1,271,252,1,0,1391,524
2012,32,8,1,151,139,0,1,1,0,0,0,2,151,137,1,1,1,1,0,150,137,0,1,1,0,0,1,0,0,0,0,2,148,136,2,1,0,0,2,2,0,147,137,2,1,0,0,0,2,153,134,1,0,0,0,151,131,1,0,0,1,0,0,0,0,0,0,0,0,1,0,0,1,150,128,3,1,0,0,4,0,0,0,0,0,0,1,1,0,0,0,146,127,1,0,0,0,6,6,0,1,0,0,5,161,130,0,0,0,0,0,0,0,0,155,130,0,1,0,0,0,1,1,0,0,0,0,0,6,131,158,3,2,153,5,85,39,12,362,294,1,67,46,1,0,62,50,2,0,336,114
2012,32,9,1,588,712,23,3,4,4,0,3,5,600,698,18,3,4,5,0,579,687,17,2,3,4,2,10,2,0,1,1,26,562,722,18,7,0,0,0,2,5,534,749,21,9,0,4,0,0,537,713,23,0,0,0,515,693,39,6,2,3,0,0,12,4,2,1,0,1,2,6,2,9,484,655,72,4,1,2,13,0,1,7,4,9,0,15,15,8,0,4,468,641,16,3,1,2,62,68,2,2,0,0,70,457,867,9,0,0,0,0,0,2,3,436,831,9,0,0,0,0,20,11,1,0,0,0,0,29,666,620,43,13,563,29,550,192,8,1786,1342,1,224,333,7,4,221,342,2,3,1747,568
2012,32,10,1,350,556,17,3,1,2,2,1,1,358,547,16,1,3,1,2,345,542,15,1,2,1,1,2,1,0,1,0,22,313,575,11,2,0,0,7,1,6,320,568,13,3,0,2,0,2,323,561,12,0,0,0,312,530,24,2,3,0,0,2,8,1,2,1,0,1,3,7,2,5,298,504,39,2,3,0,1,0,0,14,0,1,0,7,22,0,1,6,278,500,11,1,2,0,42,49,0,0,0,0,46,331,573,19,0,0,0,0,1,4,2,323,552,17,1,0,0,0,7,8,1,1,0,0,0,22,526,380,30,1,335,29,379,183,11,1152,937,1,172,297,1,5,161,310,2,2,1077,475
2012,32,11,1,86,109,1,0,0,1,0,0,2,86,109,1,0,0,0,0,86,109,1,0,0,0,0,0,0,0,0,0,1,81,108,0,0,0,0,0,1,3,79,106,1,0,0,0,0,0,80,105,2,0,0,0,77,106,2,0,0,0,0,0,2,0,0,0,0,0,0,0,2,0,76,103,9,0,1,0,0,0,0,0,0,0,0,0,0,0,0,0,75,102,0,0,0,0,3,4,0,0,0,0,11,74,115,4,0,0,0,0,0,2,2,73,113,3,1,0,0,0,1,0,0,0,0,0,0,4,102,89,8,0,77,1,77,44,0,255,199,1,51,29,0,0,50,30,0,0,232,80
2012,32,12,1,120,96,13,1,3,4,0,0,2,125,96,7,5,1,3,0,114,92,5,0,1,2,1,2,0,1,0,2,18,119,101,11,1,0,0,0,1,0,111,107,12,2,0,2,0,0,112,111,12,0,0,0,106,93,12,3,1,2,0,0,6,2,1,0,1,1,1,1,0,1,95,89,24,0,1,1,0,0,0,5,1,0,1,1,8,0,0,2,92,87,8,0,1,0,16,10,1,0,0,0,24,113,117,2,0,0,0,0,0,2,2,110,113,2,0,0,0,0,1,1,1,0,0,0,0,8,87,130,16,7,84,16,95,45,0,313,240,1,53,61,0,0,55,59,0,0,287,114
2012,32,13,1,320,391,5,4,2,1,0,1,5,327,385,4,3,1,1,0,317,382,3,2,1,1,2,3,1,1,0,0,10,316,381,10,2,0,0,0,17,4,306,389,9,2,0,4,0,0,307,379,9,0,0,0,288,364,18,2,1,2,0,1,7,1,2,0,0,1,0,4,3,2,280,346,37,3,1,3,3,0,2,2,0,0,0,4,11,1,0,2,275,337,7,2,1,2,26,36,2,0,0,1,28,284,434,1,0,0,0,0,0,2,6,278,414,1,0,0,0,0,8,9,1,0,0,0,0,10,370,308,42,9,278,13,289,142,7,886,729,1,133,170,1,1,121,180,4,0,867,305
2012,32,14,1,697,885,31,6,7,11,1,5,9,711,862,26,14,6,7,0,680,851,24,0,5,7,4,13,2,2,1,0,50,678,882,34,9,0,0,2,5,5,639,920,38,6,0,9,0,0,664,869,34,0,0,0,598,792,66,7,7,11,1,0,31,18,13,1,0,1,3,9,2,23,567,764,114,6,8,6,11,0,6,22,3,2,2,26,30,10,0,8,546,743,27,0,3,1,82,104,1,3,0,2,131,590,1015,18,0,0,0,0,1,11,9,568,954,18,0,0,0,0,19,14,1,1,0,0,0,58,789,771,76,17,684,55,592,304,18,2157,1652,1,317,427,6,0,303,443,4,0,2005,750
2012,32,15,1,419,233,9,4,2,2,0,3,3,423,231,7,3,1,0,0,415,227,7,3,1,0,1,2,2,1,1,0,9,417,231,8,1,0,0,2,5,0,381,260,11,1,0,2,0,0,401,237,11,0,0,0,380,207,21,3,4,0,1,0,17,5,4,2,0,0,6,2,2,8,355,199,43,1,1,0,12,0,2,5,2,3,2,4,14,0,0,2,341,189,5,0,1,0,49,41,3,0,1,0,42,348,311,6,0,0,0,0,3,2,3,339,287,4,2,0,0,0,11,8,2,0,0,0,0,19,218,421,33,4,402,9,168,90,7,831,677,1,186,110,0,0,192,103,1,0,764,296
2012,32,16,1,634,615,12,4,1,7,1,4,10,644,607,9,4,1,5,0,626,602,7,4,1,5,2,2,1,0,0,1,23,614,619,8,2,0,0,1,15,5,561,658,11,0,0,4,0,1,587,631,10,0,0,0,550,607,28,1,2,5,0,0,17,4,3,1,3,0,1,8,4,5,534,578,56,1,0,5,14,0,1,8,6,3,1,10,20,1,2,2,515,566,7,0,0,1,56,46,1,0,0,2,74,519,742,12,0,0,0,0,0,3,5,506,692,10,1,0,0,0,18,13,1,0,0,0,0,37,623,593,58,14,585,25,430,232,16,1654,1288,1,223,243,2,0,228,240,0,0,1581,468
2012,32,17,1,409,312,13,4,2,4,0,1,1,420,302,9,4,2,4,0,407,299,9,3,1,4,4,2,0,1,0,0,15,422,294,8,4,0,0,1,3,5,387,322,12,5,0,2,0,3,399,304,8,0,0,0,386,277,27,7,1,1,0,1,10,6,7,1,0,1,1,4,6,2,381,267,41,5,1,1,8,0,2,6,2,2,0,7,16,1,0,3,343,255,7,4,1,0,48,37,1,0,0,0,42,363,371,3,0,0,0,0,1,2,2,360,346,3,2,0,0,0,5,8,1,1,0,0,0,17,311,405,22,9,376,24,203,135,9,881,747,1,187,154,1,0,181,159,1,1,851,342
2012,32,18,1,1019,1026,36,14,10,15,2,3,8,1046,1011,31,11,8,9,0,1007,985,28,9,6,8,5,8,1,2,1,3,42,1013,1019,26,11,0,0,0,16,12,955,1057,30,12,0,10,0,1,976,1038,28,0,0,0,922,971,66,16,8,8,0,0,27,9,9,6,3,0,6,6,7,4,891,922,112,9,3,4,16,0,1,10,4,6,4,13,40,0,2,12,857,899,19,6,2,1,97,98,2,0,0,3,124,895,1204,11,0,0,0,0,2,14,5,881,1138,11,2,0,0,0,18,31,0,1,0,0,0,36,981,1042,95,18,954,47,650,464,21,2713,2136,1,422,507,4,5,410,520,6,2,2572,938
2012,32,19,1,820,710,44,9,14,17,1,4,5,833,694,41,12,9,18,3,808,682,38,8,9,13,6,4,2,0,1,5,40,804,712,40,14,0,0,4,3,4,726,788,45,14,0,20,0,2,776,714,44,0,0,0,708,666,78,20,7,8,1,1,27,13,7,1,4,2,1,4,7,8,668,624,131,10,6,7,23,0,8,11,10,4,3,16,32,1,2,10,642,607,32,7,2,4,97,85,6,1,4,4,126,672,914,27,0,0,0,0,0,3,5,662,834,23,2,0,0,0,17,19,9,5,0,0,0,44,649,928,40,8,829,62,507,219,8,1963,1625,1,352,393,2,1,349,397,2,0,1864,748
2012,32,20,1,524,428,18,5,5,4,1,0,7,528,425,13,7,3,4,0,515,416,13,3,2,4,3,7,1,1,0,0,21,523,424,16,7,0,0,1,2,5,457,482,22,11,0,6,0,1,490,447,15,0,0,0,447,397,34,7,4,1,3,1,19,6,6,2,0,3,5,7,3,12,418,371,72,6,2,1,10,0,2,11,4,0,5,18,25,3,1,8,400,353,11,0,1,0,66,70,3,0,0,0,81,421,561,7,0,0,0,0,0,3,1,404,518,5,0,0,0,0,18,12,1,0,0,0,0,31,385,571,27,10,485,28,314,155,11,1229,993,1,236,210,1,1,232,212,3,1,1140,448
2012,32,21,1,272,452,11,2,3,3,0,4,4,286,437,6,3,1,3,0,270,436,8,1,1,2,4,11,1,0,1,2,8,270,456,12,2,0,0,1,2,2,260,466,13,1,0,0,0,0,257,461,12,0,0,0,230,420,37,1,2,2,1,0,18,5,2,1,0,2,0,6,1,6,217,408,52,1,1,0,12,0,2,7,3,0,0,7,13,2,1,4,210,388,6,1,1,0,38,56,3,1,0,0,47,219,520,5,0,0,0,0,0,1,3,210,500,4,0,0,0,0,14,9,1,0,0,0,0,10,435,298,17,3,265,18,341,122,7,931,752,1,125,198,1,1,113,210,1,1,866,325
2012,32,22,1,426,482,29,1,4,5,0,4,4,433,480,24,1,3,4,0,421,474,22,1,3,4,1,4,1,0,1,0,16,439,463,18,1,0,0,1,6,7,397,501,21,2,0,5,0,1,404,482,14,0,0,0,381,456,34,4,2,3,0,0,16,5,6,0,0,1,0,5,1,7,360,432,62,2,2,2,10,0,1,10,0,0,1,9,17,4,0,4,351,413,18,1,2,2,40,57,1,0,0,0,57,376,552,12,0,0,0,0,0,8,5,367,531,11,1,0,0,0,4,5,2,0,0,0,0,22,454,459,38,5,422,26,366,139,3,1198,956,1,206,231,2,3,203,233,1,5,1140,442
2012,32,77,1,166,128,6,0,2,0,0,3,0,165,127,6,1,1,1,0,162,125,5,0,1,0,0,0,0,0,0,0,10,160,126,4,0,0,0,0,7,0,161,129,4,0,0,0,0,0,160,126,4,0,0,0,146,120,7,0,1,1,0,0,14,2,0,0,0,0,1,0,0,2,143,120,8,0,1,0,2,0,0,0,0,0,0,1,16,0,0,1,138,116,4,0,1,0,21,7,0,0,0,0,11,135,157,4,0,0,0,0,0,5,0,134,143,4,0,0,0,0,5,1,0,0,0,0,0,12,142,146,20,1,142,7,88,72,0,0,306,1,31,44,0,11,10,66,0,10,0,86
2012,32,78,1,58,45,2,0,0,0,0,0,1,60,45,2,0,0,0,0,58,44,2,0,0,0,0,1,0,0,0,0,2,16,15,1,0,0,0,0,0,4,17,16,2,0,0,0,0,0,17,16,2,0,0,0,16,16,2,0,0,0,0,0,0,0,0,0,0,0,0,0,0,0,16,16,2,0,0,0,0,0,0,0,0,0,0,0,0,0,0,0,16,15,1,0,0,0,0,0,0,0,0,0,3,15,16,1,0,0,0,0,0,0,6,15,16,1,0,0,0,0,0,0,0,0,0,0,0,0,54,46,9,0,50,3,20,36,0,0,108,1,19,30,0,0,10,38,1,0,0,49
2012,32,79,1,0,0,0,0,0,0,0,0,0,0,0,0,0,0,0,0,0,0,0,0,0,0,0,0,0,0,0,0,0,0,0,0,0,0,0,0,0,1,0,0,0,0,0,0,0,0,0,0,0,0,0,0,0,0,0,0,0,0,0,0,0,0,0,0,0,0,0,0,0,0,0,0,0,0,0,0,0,0,0,0,0,0,0,0,0,0,0,0,0,0,0,0,0,0,0,0,0,0,0,0,0,0,0,0,0,0,0,0,0,0,0,0,0,0,0,0,0,0,0,0,0,0,0,0,0,0,0,0,0,0,0,0,0,0,0,0,0,,,,,,,,,,,
2012,33,1,1,793,868,57,7,3,8,2,2,11,813,854,49,9,3,7,0,777,845,48,6,2,6,8,7,2,0,1,0,39,766,873,47,4,0,0,4,10,9,771,871,52,8,0,4,0,0,730,833,55,0,0,0,684,761,86,7,4,3,1,0,51,10,10,9,1,18,4,16,8,7,658,720,139,6,2,4,9,0,3,32,3,2,1,3,53,13,1,18,619,698,40,2,0,2,118,122,6,1,1,1,123,1032,639,43,3,0,0,0,5,5,13,959,625,37,3,0,0,0,19,41,1,0,0,0,0,51,804,868,72,10,748,76,438,469,23,2114,1754,1,351,444,10,2,327,472,5,3,2031,807
2012,33,2,1,579,601,27,5,5,2,0,3,11,593,587,23,3,3,1,0,563,574,20,3,2,2,2,8,3,0,0,0,45,560,605,21,3,0,0,0,7,9,572,586,19,4,0,3,0,0,551,581,21,0,0,0,518,526,46,4,0,2,0,0,26,0,4,8,4,6,3,6,2,5,494,489,78,3,1,1,6,0,4,19,0,1,0,4,29,14,0,19,470,477,15,1,1,0,70,76,3,0,0,2,105,675,510,25,1,0,0,0,0,5,9,636,495,20,1,0,0,0,8,9,0,0,0,0,0,48,563,580,78,16,532,27,315,342,21,1560,1237,1,214,310,6,2,213,315,1,3,1534,532
2012,33,3,1,347,484,39,5,2,6,0,2,5,354,477,35,7,1,6,0,342,472,32,5,1,6,1,3,3,0,1,0,19,340,487,34,1,0,0,0,9,3,347,481,36,4,0,3,0,0,318,474,35,0,0,0,290,417,56,3,2,3,1,0,22,7,6,7,2,8,7,7,1,7,271,399,84,2,0,0,0,0,2,10,2,0,3,8,32,9,0,20,253,386,31,1,0,2,64,60,4,1,0,0,78,464,386,25,4,0,0,0,0,5,3,430,367,25,3,0,0,0,11,14,1,1,0,0,0,32,434,404,45,9,341,31,284,227,9,1112,892,1,142,247,0,1,143,245,2,0,1067,390
2012,33,4,1,360,498,20,3,1,7,0,3,3,377,486,15,4,0,7,0,354,479,14,3,0,7,3,2,2,0,0,0,28,339,509,15,0,0,0,2,8,4,343,503,15,3,0,6,0,1,336,498,14,0,0,0,316,456,35,4,1,7,0,1,16,3,3,5,0,2,3,2,3,1,304,454,59,1,0,6,2,0,0,6,1,1,1,1,13,3,0,6,283,437,12,0,0,2,53,39,0,1,0,3,57,416,448,17,1,0,0,0,0,6,5,392,436,15,1,0,0,0,10,6,1,0,0,0,0,27,467,383,42,7,347,15,298,235,4,1094,899,1,132,246,3,2,128,249,3,3,1070,383
2012,33,5,1,141,275,3,1,0,3,0,0,1,145,274,2,1,0,2,0,140,270,2,1,0,2,1,2,0,0,0,0,9,143,271,3,2,0,0,1,1,1,140,274,5,3,0,3,0,0,139,269,4,0,0,0,135,248,18,1,1,4,0,0,2,2,0,0,0,3,2,3,0,1,133,242,22,2,1,1,0,0,0,5,0,0,1,0,2,1,0,5,132,238,2,1,1,0,4,24,0,0,0,1,25,177,239,2,4,0,0,0,0,3,0,168,238,0,2,0,0,0,5,4,1,0,0,0,0,10,257,156,5,12,162,1,178,84,5,530,430,1,75,127,0,3,66,137,1,1,524,205
2012,33,6,1,491,623,30,11,4,5,0,1,3,507,611,26,9,5,3,0,484,601,25,8,3,3,5,6,1,1,0,0,29,481,621,24,8,0,0,0,10,3,490,623,26,7,0,8,0,1,446,612,32,0,0,0,436,540,46,13,0,4,1,0,28,2,2,13,1,5,9,10,2,9,409,505,90,9,0,2,1,0,3,24,2,2,0,6,29,7,2,21,391,498,18,4,0,3,73,58,3,3,0,0,86,619,508,17,9,0,0,0,2,6,5,586,498,14,8,0,0,0,7,11,4,2,0,0,0,28,579,538,43,9,489,38,328,296,18,1457,1171,1,219,396,2,1,218,395,3,2,1388,618
2012,33,7,1,842,845,57,15,5,13,2,6,16,863,839,52,14,3,6,0,830,816,50,6,3,5,3,12,7,2,0,3,45,802,876,50,9,0,0,6,10,19,818,865,51,13,0,11,0,3,767,830,58,0,0,0,736,735,100,22,2,10,0,1,31,6,6,18,2,12,9,7,0,11,708,707,148,14,2,5,5,1,2,19,0,2,0,7,40,9,0,26,668,689,44,3,0,2,107,98,5,6,0,3,151,1024,691,43,6,0,0,0,6,8,10,944,670,42,5,0,0,0,31,28,5,3,0,0,0,56,774,943,65,25,812,75,512,388,20,2200,1807,1,389,504,5,3,394,501,3,3,2134,901
2012,33,8,1,770,640,34,9,5,9,1,6,8,781,627,31,7,5,8,1,756,619,29,5,3,8,5,5,1,0,0,1,37,754,629,27,8,0,0,2,11,8,757,633,32,7,0,6,0,0,722,613,29,0,0,0,674,560,62,6,6,5,0,0,46,2,7,0,2,4,6,12,4,8,651,539,95,7,4,4,8,0,4,14,1,1,1,7,53,7,1,15,631,532,24,3,3,3,77,58,3,0,1,1,127,886,540,32,1,0,0,0,1,4,7,835,530,26,1,0,0,0,26,12,5,0,0,0,0,37,625,763,89,6,704,39,391,336,13,1816,1483,1,305,378,6,5,309,375,6,4,1759,694
2012,33,9,1,264,193,8,0,2,0,0,1,3,271,189,7,1,1,0,0,262,188,6,0,1,0,3,1,1,0,0,0,8,270,188,7,0,0,0,0,2,2,269,190,7,0,0,1,0,0,257,189,6,0,0,0,253,170,17,0,0,1,0,0,4,1,3,1,0,2,1,3,0,1,243,161,27,0,0,1,2,0,2,3,0,0,0,0,10,6,0,3,238,159,6,0,0,1,27,18,0,0,0,0,21,297,165,5,0,0,0,0,0,2,4,292,162,5,0,0,0,0,4,2,1,0,0,0,0,2,192,254,27,1,241,8,96,123,6,614,474,1,115,83,3,1,117,84,1,0,587,202
2012,33,10,1,1002,1124,48,6,4,16,3,6,18,1019,1099,42,8,3,14,0,982,1089,39,4,2,12,4,10,4,0,1,3,60,967,1145,40,3,0,0,2,17,13,959,1130,43,3,0,9,0,2,940,1105,42,0,0,0,860,1021,84,7,2,7,0,1,65,2,4,14,3,3,11,9,4,13,808,972,168,2,1,5,2,1,8,21,2,0,1,1,67,17,2,23,771,953,35,1,0,2,152,111,3,1,0,1,174,1181,983,32,8,0,0,0,3,6,12,1079,940,29,3,0,0,0,28,43,4,2,0,0,0,88,1058,1062,98,16,901,62,567,590,114,2902,2234,1,395,472,4,1,388,476,5,3,2813,872
2012,33,11,1,313,450,11,3,1,6,1,6,5,317,443,10,2,1,6,1,307,438,8,2,1,5,4,4,2,0,0,0,15,314,442,13,1,0,0,1,3,5,310,437,14,1,0,2,0,0,309,432,15,0,0,0,292,402,25,3,2,1,0,0,15,4,2,4,0,4,2,7,0,3,279,393,36,1,1,2,8,0,0,10,0,1,0,1,15,6,0,8,270,383,12,1,1,1,30,37,2,0,0,1,49,377,398,6,2,0,0,0,2,7,2,358,387,6,1,0,0,0,4,5,1,0,0,0,0,24,437,313,43,3,292,20,211,257,16,1027,797,1,129,197,4,1,127,202,0,2,964,331
2012,33,12,1,853,662,71,15,8,13,1,8,7,875,641,67,17,6,10,0,837,629,62,13,6,9,3,12,4,2,0,2,46,797,684,75,9,0,0,3,11,12,817,668,81,13,0,5,0,2,779,644,82,0,0,0,724,571,107,8,8,2,0,1,49,9,11,17,2,7,3,6,3,7,671,532,163,9,5,4,8,0,2,22,4,0,1,5,59,16,2,22,646,514,65,5,4,2,128,92,9,2,0,0,147,1005,535,67,4,0,0,0,3,16,7,923,514,58,4,0,0,0,35,23,13,0,0,0,0,47,611,923,76,29,793,81,378,369,18,2010,1640,1,343,375,13,5,334,396,3,3,1940,736
2012,33,13,1,716,851,31,6,4,9,0,8,10,727,837,32,7,5,7,0,706,824,30,5,4,7,3,7,1,2,0,1,32,684,836,39,8,0,0,2,14,16,685,837,37,10,0,7,0,1,662,825,33,0,0,0,613,755,80,9,5,6,0,0,39,7,9,9,3,15,4,3,2,6,574,711,116,7,2,5,9,0,3,13,1,14,0,6,48,17,3,17,557,702,29,6,2,3,92,97,0,1,0,0,121,861,717,23,3,0,0,0,0,9,10,799,693,22,3,0,0,0,17,31,1,0,0,0,0,55,805,727,98,11,637,49,446,490,19,1996,1640,1,293,391,3,3,274,409,3,4,1934,690
2012,33,14,1,263,365,20,3,0,3,1,0,2,266,360,21,4,0,2,0,261,358,20,2,0,2,0,2,0,0,0,0,10,261,360,20,1,0,0,0,2,3,261,362,19,1,0,1,0,0,255,363,20,0,0,0,239,335,31,0,0,1,0,0,11,2,1,6,1,1,1,7,0,1,229,313,39,0,0,0,11,0,1,10,0,1,1,1,15,6,0,9,223,311,19,0,0,0,29,41,0,1,0,0,20,319,316,18,2,0,0,0,1,1,1,300,309,17,2,0,0,0,1,8,1,0,0,0,0,17,345,298,18,0,254,20,178,166,43,816,658,1,118,154,1,1,112,160,0,2,788,274
2012,33,15,1,745,910,68,15,10,15,4,8,14,765,899,59,14,8,12,1,724,886,59,12,8,10,5,6,1,2,1,2,52,729,918,63,18,0,0,2,11,15,748,900,67,11,0,8,0,0,700,885,71,0,0,0,666,797,109,15,4,6,0,0,49,2,8,14,3,13,3,9,3,6,619,748,164,13,3,4,7,0,3,28,5,2,1,14,39,20,4,19,586,724,54,6,1,1,108,118,7,4,2,3,132,948,758,47,5,0,0,0,2,6,19,858,734,39,4,0,0,0,35,26,6,2,0,0,0,61,822,870,84,14,739,101,537,393,20,2301,1790,1,331,489,2,2,315,505,2,2,2233,824
2012,33,16,1,156,115,2,1,1,0,0,1,2,155,114,3,0,0,0,0,152,113,2,1,0,0,0,1,0,0,0,0,7,156,111,3,0,0,0,0,5,1,154,111,3,0,0,0,0,0,152,112,4,0,0,0,145,107,7,0,2,0,1,0,4,0,0,0,2,0,0,0,0,0,138,102,14,0,1,0,2,0,0,0,0,0,0,0,6,0,0,1,137,102,3,0,1,0,15,8,0,0,0,0,8,178,96,0,0,0,0,0,0,0,0,175,94,2,0,0,0,0,1,2,0,0,0,0,0,5,107,150,19,3,157,3,52,66,1,362,279,1,65,24,0,0,63,26,0,0,345,89
2012,33,17,1,308,423,9,3,2,2,0,2,4,311,418,8,0,1,2,0,303,416,8,0,1,2,1,3,0,2,1,0,10,307,420,8,3,0,0,0,3,3,307,404,9,3,0,0,0,0,308,407,8,0,0,0,281,385,22,5,1,0,0,0,12,3,1,0,0,4,2,2,0,2,270,358,38,3,1,0,1,0,2,7,0,1,0,1,18,14,1,9,260,353,7,2,1,0,37,39,0,1,0,0,47,386,344,6,1,0,0,0,2,0,7,365,345,5,1,0,0,0,5,9,1,1,0,0,0,14,407,310,32,4,279,13,168,287,6,954,753,1,118,218,0,0,119,215,1,1,938,336
2012,33,18,1,584,698,36,4,1,12,1,7,4,598,679,34,5,0,7,1,574,675,32,3,0,5,3,5,1,0,0,5,35,557,709,33,4,0,0,7,7,8,575,680,37,6,0,11,0,0,556,661,35,0,0,0,502,602,72,7,1,10,0,0,38,2,7,8,3,11,5,4,1,4,491,586,103,7,0,5,2,0,2,12,2,1,5,5,32,10,0,13,468,565,29,2,0,1,72,72,3,2,1,8,111,704,585,38,1,0,0,0,6,4,7,650,569,30,0,0,0,0,19,23,6,1,0,0,0,50,636,638,64,11,559,58,411,309,12,1713,1349,1,247,401,4,4,241,405,6,4,1705,656
2012,33,19,1,1004,1084,53,9,5,13,1,9,15,1022,1062,45,11,5,9,0,993,1050,45,9,5,9,8,3,1,0,0,4,42,947,1132,45,9,0,0,4,13,16,990,1074,43,8,0,11,0,2,944,1050,48,0,0,0,885,965,86,8,0,8,0,0,55,7,11,10,2,17,7,10,3,12,845,919,143,13,0,7,8,0,4,15,1,3,3,6,74,27,1,23,793,892,36,5,0,4,145,125,3,1,0,5,154,1200,902,44,8,0,0,0,5,16,13,1123,878,38,7,0,0,0,20,29,3,0,0,0,0,65,998,1043,136,16,937,76,577,580,23,2896,2239,1,405,587,7,8,408,583,10,6,2813,1007
2012,33,20,1,378,296,20,5,2,5,1,5,1,388,291,16,7,1,3,0,368,284,15,4,1,3,2,6,3,1,1,1,20,354,314,19,1,0,0,1,5,1,370,303,16,3,0,2,0,0,360,290,16,0,0,0,340,260,24,4,3,1,0,0,22,0,3,2,0,7,1,4,0,7,328,252,44,2,1,1,1,0,0,11,1,2,2,3,25,2,0,8,313,243,14,0,1,1,41,36,1,1,0,0,55,463,227,10,0,0,0,0,0,7,4,434,220,10,0,0,0,0,7,13,1,1,0,0,0,17,273,405,33,3,361,18,155,177,3,906,716,1,178,143,2,0,176,145,1,1,889,323
2012,33,77,1,183,199,16,0,0,1,0,13,0,181,201,16,0,0,0,0,179,197,16,0,0,0,1,0,0,0,0,0,7,177,195,17,0,0,0,0,15,3,181,193,19,1,0,1,0,0,177,190,17,0,0,0,158,172,27,0,0,1,0,0,12,1,1,3,0,8,3,1,1,2,153,168,24,1,0,1,1,0,0,4,0,4,0,0,21,0,0,9,149,168,15,0,0,0,26,16,2,0,0,0,20,203,172,18,0,0,0,0,0,14,4,194,172,18,0,0,0,0,0,3,0,0,0,0,0,10,196,197,22,1,168,23,111,112,2,0,413,1,30,41,0,1,13,58,0,1,0,72
2012,33,78,1,50,35,1,0,0,0,0,0,0,48,35,1,0,1,0,0,47,33,1,0,0,0,0,0,0,0,0,0,5,6,10,0,0,0,0,1,0,0,11,12,0,0,0,0,0,0,11,11,0,0,0,0,6,10,1,0,0,0,0,0,0,0,1,0,0,0,0,0,1,0,6,10,2,0,0,0,0,0,0,0,0,0,0,0,0,1,0,0,6,9,0,0,0,0,0,1,0,0,0,0,8,11,7,0,0,0,0,0,0,0,0,9,7,0,0,0,0,0,0,1,0,0,0,0,0,1,44,37,5,0,38,3,17,27,1,0,86,1,16,26,3,1,18,26,1,1,0,46
2012,33,79,1,0,0,0,0,0,0,0,0,0,0,0,0,0,0,0,0,0,0,0,0,0,0,0,0,0,0,0,0,0,1,0,0,0,0,0,0,0,1,1,0,0,0,0,0,0,0,1,0,0,0,0,0,1,0,0,0,0,0,0,0,0,0,0,0,0,0,0,0,0,0,1,0,0,0,0,0,0,0,0,0,0,0,0,0,0,0,0,0,1,0,0,0,0,0,0,0,0,0,0,0,0,0,0,0,0,0,0,0,0,0,0,0,0,0,0,0,0,0,0,0,0,0,0,0,0,0,0,0,0,0,0,0,0,0,0,0,0,,,,,,,,,,,
2012,34,1,1,244,354,6,1,1,0,0,0,4,244,352,5,0,1,1,0,242,353,5,0,1,0,0,0,0,0,0,1,3,234,360,4,1,0,0,0,0,2,233,344,5,2,0,1,0,1,224,347,4,0,0,0,223,331,12,3,1,0,0,0,1,0,1,7,6,4,0,6,1,1,223,322,17,1,1,0,1,0,0,7,0,3,1,0,1,5,0,9,210,317,3,0,1,0,22,33,1,0,0,0,20,226,368,4,0,0,0,0,0,0,3,221,358,4,0,0,0,0,1,6,0,0,0,0,0,16,340,257,12,0,242,6,165,187,9,709,609,1,112,215,0,0,99,227,1,0,690,327
2012,34,2,1,488,560,15,4,4,5,0,2,8,492,548,15,5,2,4,0,479,547,14,3,2,3,3,3,0,0,0,0,23,476,541,17,3,0,0,0,15,6,455,553,19,5,0,4,0,0,453,534,21,0,0,0,425,516,31,2,4,2,0,0,5,1,0,5,20,7,3,4,0,0,438,481,62,2,5,3,1,0,3,7,5,1,0,2,0,10,0,4,404,478,15,1,4,2,46,54,3,2,0,0,59,470,603,4,0,0,0,0,0,3,5,447,580,4,0,0,0,0,15,2,2,0,0,0,0,31,546,476,54,13,403,27,253,387,19,1324,1087,1,172,214,1,1,166,221,0,1,1238,388
2012,34,3,1,204,332,4,1,2,1,1,0,4,199,331,4,2,1,1,0,195,328,3,1,1,1,2,0,0,0,1,0,12,194,332,1,1,0,0,0,6,4,185,339,3,2,0,1,0,0,182,338,2,0,0,0,171,311,9,1,0,1,0,0,0,2,2,4,14,2,2,1,0,5,178,305,15,1,0,0,1,0,0,3,0,0,0,2,0,5,0,3,163,300,1,1,0,0,19,26,0,0,1,0,27,191,349,3,0,0,0,0,0,4,1,179,343,2,0,0,0,0,7,1,0,0,0,0,0,11,271,248,26,3,182,5,83,275,3,633,548,1,61,147,5,0,58,153,2,0,613,213
2012,34,4,1,472,518,11,1,6,2,0,0,4,478,514,8,0,5,0,0,467,504,6,0,5,0,0,7,1,1,0,1,20,452,519,9,2,0,0,0,4,3,433,529,11,4,0,1,0,0,442,534,7,0,0,0,415,486,28,1,2,1,0,0,1,2,1,9,12,3,9,0,3,4,425,467,42,1,2,1,4,0,0,10,0,0,0,1,0,12,0,8,390,460,6,1,2,0,41,52,0,0,0,0,57,425,587,2,0,0,0,0,0,0,0,405,559,2,0,0,0,0,12,5,1,0,0,0,0,33,500,470,44,2,428,20,196,358,14,1160,1016,1,173,194,3,2,175,194,1,2,1109,372
2012,34,5,1,519,455,13,3,3,1,0,4,5,525,445,10,3,2,1,0,511,442,10,3,2,1,2,5,0,0,1,0,19,497,455,14,5,0,0,0,9,8,475,468,17,4,0,1,0,1,475,477,14,0,0,0,465,420,30,5,1,0,0,1,0,2,3,5,12,6,2,7,0,4,465,400,46,3,1,2,2,0,0,12,2,1,2,8,0,6,1,10,440,395,12,3,0,0,43,45,1,1,0,0,49,470,509,10,0,0,0,0,3,3,4,451,463,10,1,0,0,0,12,9,1,0,0,0,0,51,436,503,57,9,464,17,190,320,14,1209,1006,1,221,231,0,0,224,228,0,0,1139,452
2012,34,6,1,214,186,14,4,0,0,0,0,3,217,177,13,6,1,0,0,210,175,13,3,0,0,2,2,0,2,0,0,11,208,180,14,3,0,0,0,0,5,208,179,19,3,0,0,0,1,207,181,14,0,0,0,197,173,18,4,0,0,0,0,0,0,0,0,5,1,6,1,1,0,202,167,22,3,1,0,0,0,1,4,0,0,1,1,0,3,2,1,189,164,13,2,0,0,16,11,1,1,0,0,19,230,177,11,0,0,0,0,0,1,2,223,175,11,1,0,0,0,3,0,0,0,0,0,0,5,178,212,19,11,180,17,84,136,3,521,421,1,77,67,1,1,76,66,2,2,500,146
2012,34,7,1,294,276,13,2,1,1,0,2,2,302,266,12,2,0,1,0,292,265,12,2,0,0,1,3,0,0,0,2,11,294,272,8,3,0,0,0,3,3,285,272,12,4,0,1,0,1,283,275,8,0,0,0,277,252,13,3,0,3,0,0,0,1,0,3,10,3,0,0,1,1,273,243,25,4,0,1,1,0,1,3,0,0,1,1,0,6,0,7,261,238,8,3,0,0,26,27,0,0,0,0,22,280,293,12,0,0,0,0,0,3,3,266,274,11,0,0,0,0,9,3,0,0,0,0,0,22,259,303,23,6,269,16,99,199,8,688,592,1,140,127,0,1,135,129,1,3,654,268
2012,34,8,1,417,291,8,0,2,1,1,1,6,421,286,5,0,2,1,0,412,281,4,0,2,1,2,2,1,0,0,0,15,409,289,6,0,0,0,0,3,4,399,294,7,2,0,4,0,0,399,294,7,0,0,0,381,269,23,4,2,2,0,0,1,0,0,1,10,4,1,4,0,2,381,257,29,0,3,2,5,0,1,6,0,0,6,4,0,3,0,5,365,254,6,0,1,1,15,17,0,0,1,1,41,386,322,6,0,0,0,0,0,3,6,376,311,6,0,0,0,0,4,4,0,1,0,0,0,16,296,393,31,7,371,14,97,233,12,826,727,1,170,161,1,2,159,173,0,2,825,334
2012,34,9,1,247,246,0,3,2,1,0,1,2,247,243,0,2,1,1,0,243,242,0,2,1,1,0,2,0,0,0,0,8,242,246,1,1,0,0,1,2,5,239,239,1,2,0,3,0,1,242,241,1,0,0,0,232,228,6,3,0,1,1,0,0,0,0,0,6,1,3,0,1,1,234,230,12,1,0,2,2,0,0,1,1,0,0,0,0,0,0,1,223,223,0,1,0,1,16,10,0,1,0,0,20,229,263,0,0,0,0,0,0,3,3,222,250,0,0,0,0,0,6,2,0,1,0,0,0,14,221,224,47,9,204,8,86,195,8,610,501,1,85,95,2,2,84,97,1,2,599,184
2012,34,77,1,122,65,3,0,0,0,0,1,0,122,66,3,0,0,0,0,120,64,3,0,0,0,0,1,0,0,0,0,4,116,63,3,0,0,0,0,1,3,116,64,3,0,0,0,0,0,116,63,3,0,0,0,115,56,4,0,0,0,0,0,0,0,0,0,4,1,0,1,0,0,117,58,4,0,0,0,0,0,0,1,0,0,0,1,0,1,0,0,111,58,3,0,0,0,4,4,0,0,0,0,7,121,71,3,0,0,0,0,0,1,0,120,71,3,0,0,0,0,0,1,0,0,0,0,0,0,66,121,4,1,113,4,23,51,1,0,193,1,1,8,0,1,0,9,0,1,0,10
2012,34,78,1,9,15,1,0,0,0,0,0,0,9,15,1,0,0,0,0,9,15,1,0,0,0,0,0,0,0,0,0,0,2,7,1,0,0,0,0,0,0,2,7,1,0,0,0,0,0,2,7,1,0,0,0,2,5,1,0,0,0,0,0,0,0,0,0,0,0,1,1,0,0,3,6,1,0,0,0,0,0,0,0,0,0,0,0,0,1,0,0,1,4,1,0,0,0,1,2,0,0,0,0,2,2,6,1,0,0,0,0,0,0,0,2,6,1,0,0,0,0,0,0,0,0,0,0,0,0,15,10,0,0,8,1,7,8,1,0,25,1,8,6,0,0,4,10,0,0,0,14
2012,35,1,1,615,560,23,4,7,5,7,4,7,631,543,23,4,5,4,0,600,535,21,3,5,3,6,12,1,0,0,0,37,442,491,15,0,0,0,251,6,8,565,551,17,5,0,6,0,3,558,525,16,0,0,0,513,493,38,6,3,5,1,3,0,10,2,5,3,4,3,0,34,0,494,464,61,3,4,5,3,2,2,4,31,12,1,11,0,1,3,9,395,425,14,1,1,2,162,94,1,2,0,0,142,628,561,13,0,0,0,4,3,8,14,599,541,11,2,0,2,0,13,1,4,1,0,0,0,38,523,625,72,14,570,30,267,355,12,1853,1234,1,240,306,2,2,216,331,1,2,1831,550
2012,35,2,1,630,587,23,5,12,7,9,4,8,650,567,23,5,9,5,3,618,565,21,3,8,4,7,5,2,1,2,1,39,423,472,11,0,0,0,327,11,16,579,561,17,5,0,5,0,3,564,537,18,0,0,0,528,496,33,7,4,3,0,8,3,7,3,2,6,11,3,2,29,1,513,485,61,2,3,3,3,7,2,4,27,12,1,6,1,2,3,9,355,407,9,2,2,2,204,115,5,0,2,1,157,646,594,20,0,0,0,6,2,9,8,626,564,18,0,0,1,0,18,7,1,1,0,1,0,40,535,684,57,12,613,46,290,323,16,1768,1288,1,249,279,3,1,228,299,4,1,1737,532
2012,35,3,1,823,826,38,14,4,14,5,5,6,857,801,30,13,3,13,1,809,789,29,9,2,9,8,14,2,4,0,3,50,644,825,26,0,0,0,182,8,9,774,853,26,12,0,13,0,5,738,816,30,0,0,0,689,729,66,15,2,11,0,4,1,13,11,17,9,3,8,3,50,5,674,690,119,8,1,13,12,1,4,10,41,10,2,17,0,2,3,20,529,648,19,4,1,7,208,127,5,5,0,1,168,893,790,22,0,0,0,7,9,6,3,824,731,17,3,0,0,0,53,21,3,3,0,0,0,74,782,889,45,19,794,47,372,510,12,2215,1732,1,334,426,8,3,344,419,4,4,2163,770
2012,35,4,1,434,429,19,5,1,3,2,1,0,439,424,13,5,2,3,0,425,419,13,5,1,1,3,1,1,1,0,1,23,343,422,10,0,0,0,92,1,6,384,455,10,4,0,3,0,5,385,421,11,0,0,0,360,391,23,5,2,6,0,0,0,3,6,7,0,2,1,3,18,1,335,341,51,1,2,6,11,0,2,1,21,10,0,10,4,2,0,29,282,326,9,1,1,3,99,83,0,1,0,0,83,423,441,12,0,0,0,0,2,5,8,398,412,10,1,0,0,0,12,13,1,1,0,0,0,34,390,452,43,10,414,27,185,265,4,1175,895,1,165,203,4,1,160,209,2,2,1119,373
2012,35,5,1,649,606,43,14,12,30,3,1,5,692,590,37,14,5,17,0,643,572,36,10,5,15,6,9,4,3,1,5,50,562,583,45,0,0,0,128,6,7,598,660,59,23,0,25,0,4,572,633,39,0,0,0,515,528,78,32,2,14,1,2,2,14,5,13,4,8,14,5,54,10,483,438,149,18,2,11,13,3,6,10,54,16,4,30,2,7,7,38,396,412,22,8,1,5,174,155,9,3,1,6,160,724,566,44,0,0,0,6,2,5,11,666,527,32,3,0,1,0,28,25,7,1,0,6,0,53,476,857,24,8,692,80,358,222,13,1661,1365,1,327,431,4,2,378,379,4,3,1551,764
2012,35,6,1,592,577,26,7,2,7,3,0,4,612,560,23,8,2,6,1,588,556,22,6,2,6,3,6,1,0,0,0,28,484,556,28,0,0,0,120,7,5,532,611,29,5,0,5,0,2,495,587,33,0,0,0,475,514,51,12,4,6,1,1,3,16,5,3,4,7,13,1,41,3,465,476,82,7,3,3,6,1,2,7,27,10,0,22,4,1,5,27,376,455,23,1,2,1,137,83,1,0,1,1,129,594,568,31,0,0,0,8,3,4,8,546,535,26,1,0,2,0,23,18,4,0,0,1,0,54,501,690,27,4,607,41,283,279,12,1494,1222,1,367,381,5,1,362,388,4,0,1439,754
2012,35,7,1,379,324,15,3,1,2,0,3,8,387,318,11,3,0,1,0,374,315,12,2,0,1,2,4,0,1,1,0,15,285,316,14,0,0,0,98,3,8,344,325,16,1,0,3,0,4,341,315,15,0,0,0,316,298,24,0,1,2,0,3,2,4,3,1,3,3,4,0,24,0,315,280,46,0,1,2,3,1,0,0,17,10,2,1,0,0,1,8,245,269,13,0,1,1,89,35,1,0,0,0,74,405,308,11,0,0,0,2,1,3,11,382,290,10,0,0,1,0,11,11,0,1,0,0,0,19,316,369,44,10,342,21,145,222,9,1023,739,1,122,135,3,2,116,143,2,1,1021,262
2012,35,8,1,1281,1268,55,6,8,21,6,2,6,1324,1246,40,4,6,18,0,1269,1224,37,3,6,15,18,14,12,0,0,3,47,1020,1171,47,0,0,0,355,12,7,1210,1290,61,12,0,15,0,8,1182,1245,58,0,0,0,1118,1158,109,9,5,14,0,8,2,26,13,12,4,10,9,2,44,5,1066,1065,183,5,4,10,14,4,7,10,60,16,2,25,2,8,7,34,849,993,35,2,2,3,325,189,13,0,0,4,222,1324,1228,36,0,0,0,15,11,14,17,1244,1164,31,2,0,1,0,54,28,8,0,2,2,0,86,1151,1400,90,15,1273,84,594,687,18,3374,2656,1,546,661,5,1,552,656,5,0,3163,1213
2012,35,9,1,541,487,15,4,6,3,1,5,3,561,464,14,4,4,4,1,538,462,12,4,4,3,2,10,2,0,0,0,21,406,425,14,0,0,0,183,10,6,509,472,14,9,0,7,0,1,516,443,22,0,0,0,475,416,30,7,3,5,0,5,0,5,1,3,3,10,6,1,20,2,449,395,62,4,1,4,16,3,0,10,20,5,1,8,0,0,3,7,340,366,12,4,1,0,157,65,1,0,0,2,100,579,449,11,0,0,0,2,2,3,7,552,430,8,0,0,0,0,13,12,0,3,0,0,0,38,448,551,49,19,511,19,208,323,6,1486,1066,1,233,185,4,1,225,194,2,2,1423,423
2012,35,10,1,506,559,16,4,3,6,3,3,1,514,547,13,5,2,5,0,500,547,12,4,2,5,1,3,1,1,0,0,22,298,446,11,0,0,0,313,8,2,468,536,14,6,0,4,0,6,446,532,13,0,0,0,451,484,33,6,4,4,0,6,1,5,2,1,1,2,7,1,13,0,420,456,62,5,2,3,4,3,6,2,25,2,0,6,2,0,2,5,268,390,6,2,1,1,176,112,6,3,1,1,124,500,573,14,0,0,0,1,7,1,1,481,544,13,1,0,1,0,20,9,2,2,0,0,0,27,494,575,20,13,506,22,290,277,7,1460,1102,1,200,297,2,4,189,309,4,1,1407,503
2012,35,11,1,457,451,21,4,1,7,7,2,8,468,442,20,4,1,5,2,451,441,18,3,1,5,7,6,2,0,0,0,16,316,386,16,0,0,0,209,3,2,410,475,22,4,0,5,0,9,401,453,21,0,0,0,370,396,37,5,0,3,0,5,0,7,5,5,1,8,3,0,38,4,368,370,68,1,1,4,6,2,2,5,40,5,1,16,0,3,0,8,247,307,13,1,0,1,153,123,5,0,0,3,102,449,467,26,0,0,0,4,6,3,3,418,440,23,0,0,0,0,26,6,2,0,0,0,0,39,404,517,33,7,473,23,208,248,9,1212,960,1,180,253,4,0,178,258,1,0,1155,437
2012,35,12,1,1266,1202,52,18,11,26,4,8,11,1316,1178,41,14,6,16,1,1244,1153,38,9,4,13,11,13,7,4,1,5,86,971,1091,47,0,0,0,405,12,12,1188,1250,44,20,0,22,0,5,1158,1192,50,0,0,0,1062,1077,89,23,8,14,0,9,5,27,17,14,8,11,20,2,70,3,1019,995,167,11,4,12,19,3,1,12,71,18,7,44,2,5,8,37,802,914,23,4,1,2,343,198,12,7,2,4,260,1362,1147,36,0,0,0,15,4,9,12,1264,1084,23,1,0,0,0,53,35,13,4,0,1,0,107,1109,1402,76,20,1270,74,565,680,18,3329,2607,1,577,667,3,4,561,684,4,2,3158,1251
2012,35,13,1,496,393,21,5,4,10,4,4,1,504,392,17,4,1,7,2,488,383,17,2,2,4,0,5,1,1,3,5,24,389,358,24,0,0,0,142,4,1,485,402,26,4,0,7,0,3,461,378,21,0,0,0,425,347,42,6,3,8,1,6,3,3,2,11,3,3,1,2,26,2,414,319,80,5,2,2,5,0,3,1,20,5,3,9,2,0,3,11,307,289,14,0,0,0,143,74,2,1,1,2,100,519,388,13,0,0,0,4,2,3,5,478,363,11,1,0,0,0,20,9,1,0,1,0,0,46,356,544,31,7,500,22,163,246,7,1182,936,1,208,223,2,2,210,220,2,3,1066,435
2012,35,14,1,539,539,18,8,4,11,2,2,9,556,529,14,11,5,6,0,529,524,13,6,4,6,4,2,0,1,0,1,35,402,509,13,0,0,0,172,7,6,498,568,13,4,0,6,0,2,491,542,15,0,0,0,459,488,40,5,3,9,0,2,2,7,1,8,2,3,9,8,24,1,439,458,69,7,3,7,19,0,4,3,22,10,2,13,2,0,1,13,333,428,9,1,2,0,150,84,2,1,0,3,109,587,515,12,0,0,0,4,4,1,8,543,496,9,2,0,0,0,22,10,0,0,1,0,0,42,492,589,42,11,532,29,241,327,5,1473,1133,1,240,239,0,2,218,258,3,2,1400,571
2012,35,15,1,796,739,32,12,9,10,3,5,9,811,728,27,11,7,11,1,781,718,25,8,7,9,6,11,4,1,1,0,33,623,699,27,0,0,0,223,7,7,756,760,31,12,0,10,0,3,742,723,35,0,0,0,684,672,62,11,7,13,0,2,3,8,4,5,1,8,3,3,41,6,656,628,101,7,6,7,5,1,3,11,37,21,0,8,2,4,6,24,509,587,23,0,3,3,228,114,6,2,2,4,127,848,707,27,0,0,0,9,8,2,10,784,667,25,1,0,1,0,41,20,2,1,0,0,0,64,734,806,68,10,749,45,316,499,9,2233,1618,1,332,371,6,4,307,399,3,4,2162,713
2012,35,16,1,312,446,17,4,2,3,2,3,1,329,437,14,3,1,1,0,300,427,11,2,0,1,4,9,2,2,0,2,32,229,405,14,0,0,0,120,4,5,287,454,13,4,0,4,0,3,286,435,15,0,0,0,266,399,26,8,2,3,0,2,1,4,1,1,1,3,4,1,16,3,252,373,52,4,2,1,11,0,1,3,11,11,2,9,0,0,1,10,186,347,8,1,1,0,95,59,2,3,0,1,84,338,426,10,0,0,0,5,1,7,3,310,406,8,0,0,1,0,18,10,1,1,0,1,0,30,405,360,25,6,310,25,164,291,6,1010,796,1,132,234,1,3,131,236,0,3,961,370
2012,35,17,1,854,881,50,15,8,18,1,5,7,872,871,34,18,6,10,3,818,845,33,13,4,10,14,12,6,1,0,4,70,673,885,36,0,0,0,177,8,15,775,929,44,18,0,17,0,2,737,898,41,0,0,0,684,800,72,17,7,14,0,4,4,18,6,13,8,6,12,2,59,9,655,744,117,12,0,11,21,2,9,10,52,12,10,30,4,9,4,25,537,710,23,4,0,4,198,122,8,6,0,5,202,924,845,34,0,0,0,10,6,6,12,849,783,26,2,0,0,0,36,25,6,3,1,2,0,91,818,940,63,21,843,69,460,455,15,2391,1842,1,355,483,2,1,345,492,3,1,2196,841
2012,35,18,1,549,400,16,1,2,3,4,7,3,567,392,10,3,1,0,0,537,381,9,1,0,0,11,8,4,0,0,2,26,345,340,8,0,0,0,288,3,3,516,410,11,2,0,3,0,3,501,393,18,0,0,0,467,357,28,2,1,2,1,3,4,1,6,3,5,3,5,1,30,0,441,344,53,0,2,1,4,2,5,4,35,6,0,3,2,2,5,11,290,295,6,0,0,0,215,81,4,0,0,0,92,577,376,8,0,0,0,3,3,4,15,543,359,8,0,0,0,0,22,6,2,0,0,0,0,29,370,579,37,3,563,13,152,257,4,1272,989,1,208,204,2,1,197,215,3,0,1222,415
2012,35,19,1,866,886,32,8,2,9,7,6,9,895,874,23,5,2,5,1,853,866,20,5,1,5,13,7,7,2,0,2,38,696,861,15,0,0,0,220,8,5,818,890,18,5,0,7,0,9,800,877,26,0,0,0,750,806,49,7,4,7,0,12,2,13,8,4,3,8,9,1,31,2,721,751,107,3,1,6,14,2,0,7,29,13,0,20,2,1,4,21,569,704,12,0,0,3,224,134,6,3,1,2,158,935,846,16,0,0,0,4,9,3,10,867,803,12,0,0,0,0,38,29,6,3,0,0,0,61,834,885,80,33,817,47,414,532,22,2520,1832,1,336,449,7,5,299,488,4,6,2442,797
2012,35,20,1,589,383,23,6,2,8,6,4,5,600,377,19,6,2,4,1,582,369,19,6,2,4,4,4,1,0,0,1,26,466,341,12,0,0,0,174,12,4,554,389,18,5,0,6,0,4,550,367,16,0,0,0,533,334,28,4,1,3,0,3,0,3,8,2,1,7,2,0,14,5,506,319,59,2,1,3,8,4,9,4,16,6,0,8,0,0,0,6,398,291,11,2,1,1,158,50,4,0,0,0,96,614,373,14,0,0,0,7,2,3,8,572,350,12,2,0,1,0,20,8,1,0,0,0,0,49,350,638,35,4,593,21,150,258,5,1367,1027,1,251,206,5,7,254,207,1,7,1315,469
2012,35,77,1,235,181,4,1,0,0,0,13,4,233,174,4,1,1,0,0,226,172,4,0,0,0,2,1,0,0,0,0,19,211,172,6,0,0,0,26,36,0,225,184,8,1,0,0,0,1,230,173,6,0,0,0,192,165,10,2,4,0,0,1,0,4,1,1,0,2,1,1,28,0,173,155,21,1,2,0,0,0,2,2,43,4,1,2,0,3,0,5,157,146,4,0,0,0,65,29,2,0,0,0,34,256,171,4,0,0,0,0,0,20,3,243,166,4,1,0,0,0,3,1,0,0,0,0,0,14,227,188,63,1,181,11,75,210,2,0,441,1,66,115,9,5,20,163,7,5,0,195
2012,35,78,1,104,109,2,0,3,1,0,2,0,102,104,3,1,1,1,0,100,104,2,0,1,1,1,0,0,0,0,0,10,44,53,1,0,0,0,12,0,1,50,59,2,0,0,1,0,2,51,54,3,0,0,0,44,52,2,1,0,0,0,2,0,1,2,0,0,0,0,0,5,0,45,49,3,0,1,0,0,0,0,0,3,3,1,0,0,0,0,1,35,47,1,0,0,0,11,4,0,0,0,0,15,48,54,1,0,0,0,0,0,1,1,46,51,1,0,0,0,0,0,1,0,0,0,0,0,5,102,106,13,0,107,5,35,74,0,0,221,1,43,89,2,0,29,104,0,1,0,134
2012,35,79,1,0,0,0,0,0,0,1,0,0,1,0,0,0,0,0,0,0,0,0,0,0,0,1,0,0,0,0,0,0,0,0,0,0,0,0,0,0,0,0,1,0,0,0,0,0,0,0,1,0,0,0,0,0,1,0,0,0,0,0,0,0,0,0,0,0,0,0,0,0,0,0,1,0,0,0,0,0,0,0,0,0,0,0,0,0,0,0,0,0,0,0,0,0,0,0,1,0,0,0,0,0,0,0,0,0,0,0,0,0,0,0,0,0,0,0,0,0,0,0,0,0,0,0,0,0,0,0,0,0,0,0,0,0,0,0,0,1,,,,,,,,,,,
2012,36,1,1,436,205,8,2,0,1,9,0,4,450,200,8,3,0,1,0,435,197,8,2,0,1,6,5,0,0,0,0,10,279,197,10,0,0,0,167,1,2,415,209,15,4,0,2,0,3,405,210,14,0,0,0,384,193,17,2,1,1,0,2,1,0,0,0,1,0,11,3,17,6,358,183,26,1,0,1,13,1,2,4,28,1,1,7,0,0,2,1,237,169,7,1,0,1,168,29,4,0,0,0,49,425,216,8,0,0,0,0,1,1,6,410,209,8,1,0,0,0,13,7,1,0,0,0,0,12,205,454,6,3,468,12,85,100,3,793,668,1,214,96,0,0,210,100,0,0,766,310
2012,36,2,1,822,926,41,9,3,11,6,4,6,843,914,34,8,3,8,0,807,908,33,8,3,6,10,3,2,1,0,3,34,680,865,38,0,0,0,173,11,11,796,928,34,11,0,7,0,3,727,900,74,0,0,0,713,859,66,6,2,10,0,3,2,4,5,1,5,2,1,5,43,9,678,817,109,7,2,9,4,1,2,29,45,4,3,14,0,1,0,7,564,763,32,3,2,4,189,119,3,3,0,1,123,770,990,34,0,0,0,0,4,11,11,726,929,31,3,0,0,0,29,32,2,0,0,0,0,54,872,885,59,12,794,49,395,576,14,2152,1828,1,350,482,5,5,344,495,1,2,2030,842
2012,36,3,1,619,822,21,10,2,4,0,3,5,625,822,16,6,2,5,0,610,814,15,6,2,3,4,3,2,1,0,0,12,509,782,19,0,0,0,130,9,8,597,832,14,5,0,2,0,3,558,822,22,0,0,0,529,770,33,6,0,5,0,7,2,11,5,5,2,1,10,14,25,8,510,733,58,4,0,3,13,1,2,19,52,3,0,14,1,0,2,5,429,693,10,1,0,1,135,108,1,2,0,0,90,635,800,16,0,0,0,0,2,8,6,605,771,13,2,0,0,0,20,21,0,1,0,0,0,43,770,655,55,8,640,23,366,447,12,1901,1488,1,250,431,2,1,247,433,3,1,1766,684
2012,36,4,1,1136,939,32,6,6,16,7,7,9,1173,903,24,10,4,14,1,1120,893,31,6,4,11,14,10,3,0,0,4,57,929,872,36,0,0,0,259,8,8,1088,953,37,13,0,12,0,1,1000,939,68,0,0,0,990,844,70,14,8,13,0,5,1,12,4,5,6,1,5,10,55,10,943,784,132,10,5,8,12,2,3,38,58,2,4,28,0,3,5,8,775,740,26,4,1,3,248,139,3,2,3,1,209,1163,954,25,0,0,0,0,3,4,15,1070,862,23,2,0,0,0,59,49,6,1,0,0,0,78,829,1268,55,17,1159,66,477,456,11,2615,2169,1,569,527,8,6,562,533,6,9,2525,1110
2012,36,5,1,1310,1191,47,8,8,13,4,7,8,1330,1177,32,8,6,13,0,1294,1160,31,7,5,10,5,13,7,1,3,2,45,1040,1127,34,0,0,0,314,15,8,1235,1229,31,14,0,10,0,10,1186,1196,46,0,0,0,1148,1082,74,12,4,10,0,10,2,11,6,6,2,4,8,16,57,18,1091,1016,141,10,3,9,15,4,5,47,80,4,0,36,1,0,5,6,859,966,22,2,1,2,339,169,3,4,1,4,204,1283,1269,25,0,0,0,0,4,5,10,1184,1172,21,1,0,0,0,68,72,1,0,0,0,0,66,1099,1425,63,13,1358,50,585,589,18,3205,2600,1,619,690,4,2,609,701,1,4,3074,1315
2012,36,6,1,1435,1554,33,9,4,17,9,9,15,1464,1537,23,10,2,16,1,1415,1525,22,6,1,15,17,17,3,1,0,2,42,990,1419,26,0,0,0,585,16,15,1343,1613,32,5,0,9,0,13,1253,1573,62,0,0,0,1233,1465,54,13,3,7,5,15,4,11,15,5,1,5,13,10,61,16,1147,1399,140,11,1,6,13,8,1,33,84,6,2,17,0,0,5,15,842,1256,18,1,0,2,427,237,9,2,1,3,260,1373,1637,24,0,0,0,0,6,21,17,1291,1541,18,1,0,0,0,65,52,4,3,0,0,0,77,1458,1482,119,31,1397,42,605,1014,32,3829,3091,1,508,721,5,3,469,756,6,6,3677,1237
2012,36,7,1,704,587,42,3,6,5,4,5,9,712,580,33,4,8,3,1,692,570,32,2,4,3,8,3,0,1,2,2,28,481,553,36,0,0,0,245,11,9,666,619,35,5,0,2,0,3,614,600,49,0,0,0,598,559,63,2,3,3,0,6,3,4,4,0,3,2,7,0,27,7,566,529,120,1,3,2,2,2,0,11,38,3,0,4,2,0,4,3,407,489,28,0,1,0,232,83,7,1,0,1,99,658,641,34,0,0,0,0,1,11,11,621,594,31,2,0,0,0,36,27,0,0,0,0,0,34,570,731,59,7,660,50,277,368,12,1740,1367,1,231,257,1,4,224,264,1,4,1643,493
2012,36,8,1,550,489,45,3,1,5,6,3,5,566,480,39,5,0,5,2,541,465,39,2,0,5,6,16,2,0,1,0,25,382,430,42,0,0,0,218,5,4,498,505,47,2,0,2,0,9,481,487,52,0,0,0,445,448,61,2,2,5,0,5,1,6,4,1,1,3,4,1,35,6,412,421,102,1,3,3,12,4,1,23,35,3,0,6,0,1,2,5,292,371,42,1,2,1,193,95,1,1,0,2,100,511,540,37,0,0,0,0,3,6,5,470,504,34,0,0,0,0,27,24,1,0,0,0,0,39,487,574,45,4,550,55,210,291,4,1334,1110,1,202,208,1,1,206,202,2,2,1257,412
2012,36,9,1,1292,835,35,9,5,13,4,8,10,1318,817,31,5,4,11,1,1283,810,30,5,5,10,10,5,0,3,0,1,34,931,756,35,0,0,0,421,15,9,1244,869,31,12,0,10,0,10,1156,834,61,0,0,0,1141,753,70,13,0,10,0,7,0,11,15,0,5,2,8,8,42,11,1091,717,128,8,0,7,2,3,5,30,77,1,2,10,2,1,2,9,801,650,23,3,0,2,385,136,6,2,0,3,179,1238,927,23,0,0,0,0,1,11,8,1168,865,20,2,0,0,0,55,34,4,1,0,0,0,46,768,1349,73,25,1338,38,407,421,11,2666,2214,1,557,436,2,8,556,434,5,8,2529,1003
2012,36,10,1,295,295,11,0,0,0,1,5,0,304,290,8,1,0,0,0,295,286,6,0,0,0,3,3,2,0,0,0,8,215,273,10,0,0,0,102,3,0,278,299,8,1,0,0,0,4,276,291,10,0,0,0,263,276,17,0,0,1,0,2,1,1,1,0,2,0,6,2,6,2,252,268,28,0,0,0,4,1,1,6,19,1,1,1,1,0,1,2,186,253,7,0,0,0,91,32,1,0,0,0,35,275,314,7,0,0,0,0,2,4,3,259,304,7,1,0,0,0,11,10,0,0,0,0,0,9,269,311,25,3,295,12,149,152,0,739,608,1,131,114,2,0,132,115,0,0,713,247
2012,36,11,1,734,645,15,4,3,5,1,10,2,746,633,15,3,4,4,0,727,626,14,3,3,3,3,1,2,1,0,2,24,598,613,16,0,0,0,152,6,6,691,672,18,3,0,6,0,2,673,655,25,0,0,0,667,598,36,5,4,3,0,2,3,5,5,3,2,3,2,5,15,7,627,562,67,3,3,4,5,3,0,16,38,16,0,10,2,0,4,7,534,543,14,0,2,0,152,73,1,0,1,2,87,658,717,13,0,0,0,0,5,11,7,569,676,9,2,0,0,0,84,24,1,0,0,0,0,36,602,759,46,14,723,23,300,362,13,1671,1421,1,308,309,8,4,284,334,4,7,1581,629
2012,36,77,1,197,162,2,0,0,1,0,7,1,198,161,2,0,0,1,0,197,160,2,0,0,1,1,0,0,0,0,0,1,167,160,4,0,0,0,25,8,0,189,164,4,0,0,0,0,0,186,164,5,0,0,0,178,156,6,0,1,0,0,0,0,2,2,1,0,0,0,0,5,2,174,150,7,0,1,0,0,0,0,6,11,1,0,1,0,1,0,1,154,145,4,0,1,0,30,14,0,0,0,0,12,190,167,2,0,0,0,0,2,7,0,182,163,2,0,0,0,0,10,0,0,0,0,0,0,4,168,186,15,1,183,6,72,105,4,0,370,1,16,19,1,3,6,28,2,3,0,39
2012,36,78,1,41,23,1,0,0,0,0,0,0,42,23,0,0,0,0,0,40,23,0,0,0,0,0,0,0,0,0,0,3,11,7,0,0,0,0,2,0,0,16,7,0,0,0,0,0,0,16,7,0,0,0,0,13,7,2,0,0,0,0,0,0,0,0,0,0,0,1,0,0,0,13,7,2,0,0,0,0,0,0,0,0,0,0,0,1,0,0,0,10,7,0,0,0,0,3,0,0,0,0,0,5,12,5,0,0,0,0,0,0,0,8,12,5,0,0,0,0,0,0,0,0,0,0,0,0,0,27,33,5,1,35,2,6,22,1,0,66,1,13,15,0,0,10,18,0,0,0,28
2012,37,1,1,315,262,8,1,4,1,1,1,1,318,262,6,2,3,1,0,313,260,6,1,3,1,1,2,0,0,0,0,7,303,262,2,0,0,0,5,3,3,285,286,3,0,0,0,0,0,302,273,3,0,0,0,291,248,10,1,1,2,0,0,2,3,1,0,10,3,1,1,0,2,292,218,22,3,1,0,2,0,0,20,0,4,1,7,0,0,2,2,268,212,2,0,1,0,26,44,0,0,0,0,37,296,286,3,0,0,0,0,3,1,5,277,270,1,0,0,0,0,19,5,0,0,0,0,0,18,247,325,20,4,308,8,120,130,30,686,596,1,134,142,1,6,138,139,2,4,658,283
2012,37,2,1,255,158,6,2,2,0,0,1,3,259,158,4,2,1,0,0,253,155,3,2,1,0,2,0,3,0,0,0,6,250,150,9,0,0,0,7,2,1,230,170,7,4,0,0,0,1,241,161,7,0,0,0,221,144,12,5,1,0,0,2,0,1,0,0,8,1,11,4,2,2,230,129,21,4,1,0,0,1,1,10,1,1,1,1,7,0,0,1,203,125,3,4,1,0,36,25,3,0,0,0,26,229,190,6,0,0,0,0,1,2,0,222,173,6,1,0,0,0,3,12,3,0,0,0,0,7,152,250,25,2,246,4,50,124,5,485,429,1,69,86,4,1,76,81,2,1,472,160
2012,37,3,1,722,346,11,3,3,10,1,3,9,735,338,8,3,1,8,1,716,330,7,3,0,7,2,5,3,0,1,2,21,720,323,8,0,0,7,16,6,5,640,383,13,4,0,6,0,8,694,328,27,0,0,0,644,290,29,3,2,6,1,3,4,11,6,0,25,4,7,8,1,8,661,299,56,3,3,5,3,1,2,8,1,1,4,14,3,0,1,3,570,265,5,1,1,4,112,48,3,1,0,0,88,667,405,7,0,0,0,0,3,8,16,629,369,4,0,0,0,0,35,15,1,0,0,0,0,32,314,761,28,6,714,25,134,228,8,1412,1109,1,331,211,2,4,332,208,4,4,1325,548
2012,37,4,1,370,298,6,1,0,1,1,0,3,376,291,5,1,1,1,0,368,289,5,1,0,0,2,3,0,0,1,0,9,363,283,6,0,0,2,11,1,3,340,310,6,2,0,3,0,10,353,295,6,0,0,0,340,283,4,1,2,1,0,1,1,4,2,2,10,1,4,1,1,2,337,257,18,1,2,1,6,2,0,13,4,5,3,5,0,0,1,2,308,249,4,0,1,1,40,38,0,0,1,0,35,341,326,1,0,0,0,0,1,1,6,319,312,1,0,0,0,0,17,12,0,0,0,0,0,12,284,373,22,2,361,11,159,132,18,779,681,1,175,153,0,0,175,152,1,0,738,328
2012,37,77,1,39,30,0,0,0,0,0,1,4,39,30,0,0,0,0,0,39,29,0,0,0,0,0,0,0,0,0,0,1,38,30,0,0,0,0,0,1,4,38,31,0,0,0,0,0,0,38,31,0,0,0,0,38,31,0,0,0,0,0,0,0,0,0,0,0,0,0,0,0,0,38,31,0,0,0,0,0,0,0,0,0,0,0,0,0,0,0,0,38,30,0,0,0,0,0,0,0,0,0,0,1,38,30,0,0,0,0,0,0,1,4,36,29,0,0,0,0,0,2,0,0,0,0,0,0,2,36,31,3,4,31,1,8,30,4,0,74,1,3,1,0,0,1,3,0,0,0,4
2012,37,78,1,4,2,0,0,0,0,0,0,0,4,2,0,0,0,0,0,4,2,0,0,0,0,0,0,0,0,0,0,0,1,1,0,0,0,0,0,0,0,2,2,0,0,0,0,0,0,2,2,0,0,0,0,1,1,0,0,0,0,0,0,0,0,0,0,0,0,0,0,0,0,1,1,0,0,0,0,0,0,0,0,0,0,0,0,0,0,0,0,1,1,0,0,0,0,0,0,0,0,0,0,2,2,1,0,0,0,0,0,0,0,1,2,1,0,0,0,0,0,0,0,0,0,0,0,0,0,3,3,0,0,3,0,0,3,0,0,6,1,1,0,0,0,0,1,0,0,0,1
2012,38,1,1,419,530,26,8,5,7,3,10,3,436,516,21,5,3,6,0,413,508,21,4,3,6,5,6,1,1,1,0,31,434,515,19,0,0,5,6,5,3,395,561,28,4,0,6,0,2,375,524,26,0,0,0,345,489,44,5,1,4,0,0,1,12,6,2,24,6,3,1,2,1,360,457,86,3,3,3,1,0,0,9,0,7,1,6,1,4,2,7,314,451,17,2,1,3,66,53,2,0,0,0,89,414,556,20,2,0,0,0,2,4,9,379,513,19,1,0,0,0,23,20,1,0,0,0,0,40,520,445,32,12,392,33,258,315,11,1289,1009,1,149,292,7,1,144,304,0,1,1227,449
2012,38,2,1,1107,488,32,10,10,13,0,11,10,1132,468,22,9,5,10,0,1087,457,20,5,7,6,8,10,2,2,0,2,56,1164,414,30,0,0,8,1,10,12,1060,530,29,10,0,8,0,3,987,475,38,0,0,0,952,418,45,5,4,9,0,0,5,16,7,1,78,7,15,0,2,1,965,391,113,4,2,8,6,0,1,6,3,7,3,11,6,0,3,11,860,362,20,2,1,5,124,61,7,1,0,1,216,1031,603,15,3,0,0,0,8,5,15,975,519,12,3,0,0,0,34,25,7,0,0,0,0,88,509,1087,75,12,1048,46,225,347,17,1940,1683,1,328,249,2,3,332,243,4,4,1843,583
2012,38,3,1,701,305,24,8,7,2,0,4,2,713,294,9,8,4,0,0,680,282,9,7,4,0,4,4,3,0,1,1,53,761,255,9,0,0,2,3,2,4,674,305,13,8,0,4,0,2,653,277,20,0,0,0,600,242,21,10,2,1,1,1,6,10,2,1,55,6,5,1,3,0,623,224,56,5,1,2,2,1,1,3,1,13,6,9,3,6,1,13,555,201,7,4,1,0,85,45,4,1,0,0,147,672,351,6,1,0,0,0,2,6,6,610,308,6,3,0,0,0,27,14,2,1,0,0,0,74,333,649,59,15,599,26,169,255,7,1302,1056,1,198,164,2,3,197,161,5,4,1255,367
2012,38,4,1,789,749,54,8,6,20,7,4,11,816,732,42,13,4,14,1,774,717,41,8,2,13,9,9,5,1,0,1,56,798,725,60,0,0,13,2,8,7,741,783,51,10,0,18,0,1,704,747,53,0,0,0,645,680,81,19,6,6,1,0,8,20,8,3,48,15,10,2,1,0,663,632,142,12,2,8,4,0,3,13,3,16,6,13,3,8,4,19,579,608,35,5,1,3,115,96,8,1,1,5,179,728,842,42,9,0,0,0,3,7,8,673,763,36,6,1,0,0,34,29,9,0,0,0,0,83,683,888,73,7,722,71,374,474,10,1997,1651,1,297,420,5,3,297,424,1,3,1916,725
2012,38,5,1,414,491,19,7,5,4,3,1,9,429,475,17,6,4,2,1,402,467,15,2,3,2,3,10,3,2,1,1,36,434,474,20,0,0,0,2,1,10,396,512,17,3,0,1,0,0,379,496,16,0,0,0,354,455,32,6,0,1,2,0,5,7,2,3,25,6,2,1,1,0,366,431,51,4,0,2,3,0,1,4,9,3,1,6,0,4,1,8,326,417,12,2,0,0,49,53,1,1,0,0,84,368,560,8,2,0,0,0,3,2,13,353,524,8,1,0,0,0,8,16,0,1,0,0,0,32,465,435,41,16,394,34,192,323,14,1274,957,1,163,209,1,2,155,218,1,1,1214,375
2012,38,6,1,492,600,33,7,4,6,4,6,6,514,577,31,7,2,5,2,478,568,30,5,2,4,4,10,1,2,0,2,42,504,564,39,0,0,5,4,10,5,463,613,34,6,0,5,0,4,461,597,31,0,0,0,416,545,60,9,1,5,0,1,2,12,3,2,29,3,5,2,1,2,422,482,100,7,1,4,4,1,0,15,3,14,3,23,3,2,0,21,389,468,27,5,1,2,55,90,4,2,0,1,103,490,634,18,4,0,0,0,2,6,3,454,583,18,2,1,0,0,22,28,7,1,0,0,0,37,549,534,64,14,464,38,270,371,18,1461,1161,1,209,343,3,0,206,344,4,1,1437,555
2012,38,7,1,553,522,17,1,3,5,0,4,5,571,497,12,0,2,4,0,540,490,13,0,2,3,6,11,2,0,0,1,33,583,478,14,0,0,3,0,9,7,505,539,16,4,0,4,0,3,461,523,16,0,0,0,443,472,34,4,0,1,1,0,4,9,4,3,32,14,4,0,1,0,468,429,68,1,0,1,2,1,3,11,1,14,1,6,3,6,4,11,403,410,12,0,0,1,70,81,1,0,0,0,116,477,611,10,3,0,0,0,1,3,6,453,576,8,2,0,0,0,11,12,1,0,0,0,0,38,516,542,46,6,485,26,173,424,2,1286,1110,1,181,179,0,1,184,177,0,0,1225,361
2012,38,8,1,295,369,3,2,2,3,0,2,4,290,372,2,4,1,2,0,287,368,2,1,1,2,1,2,1,1,0,1,7,272,373,4,0,0,1,1,6,6,268,389,5,2,0,2,0,0,265,375,3,0,0,0,241,349,13,4,1,1,0,0,0,5,2,3,6,5,4,2,0,2,240,331,29,2,0,1,3,0,2,3,0,4,1,3,2,2,0,4,225,322,1,1,0,1,30,50,1,0,0,1,36,262,402,2,2,0,0,0,0,6,4,252,385,1,1,0,0,0,5,6,1,1,0,0,0,18,356,295,24,5,271,7,178,212,12,861,680,1,100,167,2,1,93,174,2,1,831,270
2012,38,9,1,327,411,16,1,0,3,1,1,1,339,404,13,1,0,3,0,323,396,11,0,0,3,2,4,4,0,0,0,17,330,407,11,0,0,4,0,2,0,314,424,13,0,0,3,0,0,308,418,15,0,0,0,289,389,26,1,0,3,0,0,1,3,2,2,17,3,1,0,0,1,300,374,38,1,0,1,0,0,0,0,1,2,3,5,1,7,0,3,276,368,11,0,0,0,32,36,1,0,0,1,33,306,438,10,2,0,0,0,1,2,3,294,409,9,2,0,0,0,10,21,1,0,0,0,0,11,382,348,22,10,314,21,162,258,7,939,762,1,120,198,0,0,116,202,0,0,886,318
2012,38,10,1,909,772,25,4,3,3,0,5,10,925,749,18,5,3,2,0,897,740,17,3,3,2,3,13,1,1,0,0,39,907,741,16,0,0,1,3,9,8,860,775,22,5,0,4,0,0,846,745,22,0,0,0,779,716,38,3,6,1,0,1,7,3,6,5,45,7,8,1,1,2,802,670,74,2,6,1,11,0,1,5,6,10,2,13,1,2,2,14,737,653,15,1,4,0,80,73,0,0,0,0,153,884,820,5,2,0,0,0,2,6,14,846,774,5,2,1,0,0,6,14,2,0,0,0,0,64,801,841,73,19,836,23,285,560,30,2022,1734,1,343,333,2,3,341,335,1,4,1914,681
2012,38,11,1,493,290,12,4,4,9,4,2,6,502,284,7,7,2,8,0,487,281,7,4,2,8,1,2,1,0,0,0,23,508,281,8,0,0,4,3,3,7,453,326,12,2,0,4,0,1,428,314,12,0,0,0,424,280,15,4,2,5,0,2,6,4,7,3,23,5,3,0,1,1,428,255,49,1,1,2,7,0,0,2,1,6,1,5,1,1,3,11,385,242,6,1,0,0,52,42,0,0,2,2,83,429,376,6,1,0,0,0,2,2,7,415,349,5,1,0,0,0,8,7,0,0,0,0,0,30,317,480,22,3,468,19,94,229,12,927,826,1,137,165,3,2,143,161,3,0,864,307
2012,38,12,1,556,704,36,11,6,21,0,1,8,574,695,29,10,4,11,0,539,672,27,7,3,9,8,6,5,2,0,8,50,583,660,31,0,0,11,3,10,8,528,721,33,5,0,15,0,1,509,699,33,0,0,0,465,645,57,7,4,12,1,1,3,9,12,0,44,8,6,2,1,2,483,583,99,5,2,8,5,1,3,5,2,8,3,9,5,21,2,27,415,562,28,2,1,3,84,89,2,1,1,7,132,520,774,26,6,0,0,0,3,4,4,475,713,24,1,1,0,0,16,32,9,4,0,0,0,62,661,642,35,7,535,53,363,386,8,1648,1345,1,235,392,1,2,231,396,1,2,1575,630
2012,38,13,1,978,1013,38,14,8,14,1,5,14,995,993,35,12,9,12,0,962,981,32,11,7,12,2,15,1,1,0,0,46,976,992,30,0,0,5,7,14,7,916,1065,34,6,0,4,0,1,878,1022,30,0,0,0,843,954,65,10,7,5,0,1,2,9,9,9,50,6,8,4,2,1,853,889,125,10,4,3,31,1,4,2,3,13,3,13,2,7,8,22,763,871,23,1,3,3,110,99,5,2,0,0,187,849,1210,7,3,0,0,0,0,7,10,807,1115,5,2,1,0,0,34,36,2,2,1,0,0,67,969,1020,80,20,924,66,331,751,17,2475,2089,1,328,470,9,5,318,487,3,4,2351,812
2012,38,14,1,548,757,19,10,3,7,0,3,9,557,753,13,8,1,4,0,532,742,13,7,1,4,7,6,0,2,0,0,30,534,756,23,0,0,3,2,8,4,497,821,21,7,0,4,0,2,456,777,25,0,0,0,447,717,43,15,1,3,0,0,5,6,6,5,29,13,7,1,1,1,451,682,77,4,1,2,2,0,0,8,4,7,3,13,4,5,2,22,384,665,17,2,1,2,84,80,1,1,0,1,108,453,875,9,6,0,0,0,4,3,8,424,834,8,5,0,0,0,17,19,3,0,0,0,0,38,719,583,47,9,503,32,312,495,16,1614,1358,1,245,375,9,1,216,406,3,5,1535,630
2012,38,15,1,432,451,18,8,7,6,1,2,5,444,445,15,8,4,4,0,422,431,12,5,3,3,5,4,0,3,2,1,35,460,424,18,0,0,2,1,4,6,401,481,14,3,0,5,0,0,387,453,16,0,0,0,363,410,33,5,6,2,0,0,4,11,5,5,17,4,4,1,1,2,377,374,62,2,3,2,3,0,1,11,2,7,2,11,3,5,1,13,331,358,9,0,2,0,48,63,0,0,1,2,109,388,520,13,1,0,0,0,0,5,4,352,469,7,0,4,0,0,26,16,1,0,0,0,0,49,440,462,28,3,402,31,231,260,9,1119,933,1,155,255,3,0,151,262,0,0,1076,413
2012,38,16,1,801,822,55,23,17,21,5,5,9,836,797,41,24,10,20,3,771,780,36,18,9,17,12,14,5,4,1,1,67,850,773,45,0,0,14,3,12,11,744,869,48,21,0,19,0,3,677,815,51,0,0,0,637,728,92,27,12,11,0,1,1,11,11,10,52,16,11,3,2,2,653,653,159,14,7,10,13,1,5,12,9,10,4,20,4,9,4,34,571,631,29,7,4,5,108,110,8,5,2,3,258,775,927,25,7,0,0,0,3,5,14,687,822,18,4,1,0,0,52,52,10,1,0,0,0,98,781,906,55,22,799,78,398,473,16,2131,1764,1,341,443,7,1,333,453,4,2,1985,792
2012,38,17,1,443,590,13,6,4,3,1,6,7,457,576,12,6,2,2,0,439,574,12,6,2,2,1,7,0,0,1,0,19,416,597,8,0,0,1,4,10,10,399,619,8,6,0,2,0,2,388,596,12,0,0,0,370,556,25,8,3,1,1,0,2,9,4,5,21,2,6,3,0,1,386,526,41,5,3,0,9,0,1,6,2,11,2,8,1,2,0,14,345,514,6,4,3,0,36,62,1,0,0,1,84,372,685,4,1,0,0,0,0,1,10,354,654,3,1,2,0,0,10,9,1,0,0,0,0,31,571,453,35,17,425,28,144,461,18,1230,1076,1,188,289,2,1,183,292,3,2,1141,480
2012,38,18,1,1342,1099,80,17,10,14,4,10,19,1385,1058,62,18,5,10,0,1321,1034,56,9,4,7,7,15,13,2,0,3,103,1378,1032,79,0,0,4,8,11,14,1263,1197,74,20,0,8,0,6,1116,1113,76,0,0,0,1080,963,133,21,5,4,2,2,9,20,10,18,118,21,12,9,1,5,1125,871,237,11,2,5,9,1,9,21,8,20,11,33,2,13,6,33,952,840,48,5,1,2,204,160,13,5,3,1,340,1147,1354,40,3,0,0,0,24,8,20,1059,1225,39,3,1,0,0,51,41,6,1,0,0,0,149,1117,1370,93,21,1260,107,563,656,15,3098,2603,1,452,584,3,3,475,565,2,0,2933,1042
2012,38,77,1,109,73,4,0,0,1,0,14,0,108,74,3,0,0,1,0,107,73,3,0,0,1,0,0,0,0,0,0,3,103,75,4,0,0,1,1,14,0,104,75,4,0,0,1,0,0,101,76,4,0,0,0,92,71,5,0,0,1,0,0,0,0,0,1,10,0,2,0,0,0,102,68,7,0,0,0,2,0,0,1,1,1,0,0,0,1,0,2,85,68,3,0,0,0,20,5,0,0,0,1,7,106,76,4,0,0,0,0,1,16,0,104,75,3,0,0,0,0,1,1,0,1,0,0,0,2,88,89,23,1,90,9,40,62,0,0,201,1,21,36,2,1,8,50,1,1,0,60
2012,38,78,1,43,28,1,1,0,0,0,0,0,42,28,1,1,0,0,0,39,26,1,0,0,0,1,1,0,0,0,0,5,7,4,0,0,0,0,0,0,4,6,4,0,0,0,0,0,0,7,4,0,0,0,0,7,4,0,0,0,0,0,0,0,0,0,0,0,0,0,0,0,0,8,4,1,0,0,0,0,0,0,0,0,0,0,0,0,0,0,0,6,3,0,0,0,0,1,2,0,0,0,0,1,4,7,0,0,0,0,0,0,0,6,4,5,0,0,0,0,0,0,1,0,0,0,0,0,1,44,26,3,0,24,4,14,31,0,0,73,1,12,18,0,0,8,22,0,0,0,30
2012,38,79,1,0,0,0,0,0,0,0,0,0,0,0,0,0,0,0,0,0,0,0,0,0,0,0,0,0,0,0,0,0,3,0,0,0,0,1,0,0,1,0,2,0,0,0,0,0,0,0,2,0,0,0,0,0,1,0,0,0,1,0,0,0,0,0,0,1,0,0,0,0,0,0,1,0,0,0,1,0,0,0,0,0,0,0,0,0,0,0,1,0,0,0,0,0,0,0,2,0,0,0,0,2,0,0,0,0,0,0,0,0,0,0,0,0,0,0,0,0,0,0,0,0,0,0,0,0,0,0,0,0,0,0,0,0,0,0,0,0,,,,,,,,,,,
2012,39,1,1,310,564,16,7,2,5,0,4,4,313,552,13,10,2,3,0,301,547,12,6,2,3,4,4,1,0,0,0,25,304,542,21,0,0,6,3,9,9,274,563,26,6,0,8,0,0,290,542,23,0,0,0,263,511,40,2,0,10,0,0,7,13,1,5,1,9,0,2,3,1,243,463,70,2,2,5,5,0,1,4,0,17,16,16,1,1,2,9,233,453,15,0,0,3,41,77,4,2,0,0,67,284,605,14,0,0,0,0,0,0,0,256,566,14,0,0,2,0,14,24,2,0,0,0,0,35,544,339,28,2,284,25,287,307,10,1182,913,1,145,274,3,2,145,275,2,2,1154,424
2012,39,2,1,521,613,29,10,5,12,1,3,11,536,602,26,9,5,9,0,517,601,23,7,5,9,2,5,6,0,0,1,20,516,612,29,0,0,9,1,4,7,487,640,29,15,0,8,0,0,491,612,29,0,0,0,475,583,34,11,3,6,0,0,8,8,2,3,5,10,2,4,3,1,429,522,69,11,1,3,6,0,3,7,4,12,36,15,0,1,1,19,417,513,21,3,2,3,47,82,4,3,0,1,101,477,686,17,0,0,0,0,3,7,7,469,649,16,0,0,4,0,10,12,3,0,0,2,0,28,551,605,40,10,497,36,284,380,9,1537,1207,1,205,282,6,1,211,277,5,1,1473,494
2012,39,3,1,297,331,15,5,4,5,0,1,3,299,322,12,7,5,4,0,289,320,12,3,3,4,1,2,1,3,0,1,21,283,327,18,0,0,4,2,5,6,264,345,16,6,0,6,0,1,267,328,19,0,0,0,261,303,26,7,1,4,0,0,3,4,0,2,3,6,2,0,5,0,232,282,43,4,2,4,1,0,1,5,0,8,27,6,0,1,1,4,219,276,11,0,1,3,39,39,3,4,0,1,57,253,388,9,0,0,0,0,1,3,1,243,359,6,0,0,1,0,13,11,5,0,0,0,0,22,311,325,27,1,285,22,177,176,4,861,664,1,136,171,0,1,134,173,0,1,824,308
2012,39,4,1,586,1044,26,12,4,7,2,5,3,598,1029,21,12,5,7,0,578,1022,21,10,3,6,1,5,2,3,1,1,29,576,1014,23,0,0,12,1,3,5,516,1069,25,8,0,13,0,0,539,1042,25,0,0,0,521,964,57,10,4,7,0,0,7,15,0,5,5,16,2,1,1,2,488,892,87,6,4,5,3,0,0,8,5,40,24,19,0,1,0,32,465,869,22,3,2,3,53,125,3,1,1,2,132,476,1161,22,0,0,0,0,5,3,10,461,1118,19,0,0,0,0,13,15,3,0,0,0,0,48,986,625,69,10,524,43,442,670,11,2090,1689,1,225,439,4,0,213,453,2,0,2013,668
2012,39,5,1,805,928,38,17,13,24,0,4,7,820,925,26,16,12,15,0,790,909,25,12,10,14,6,4,3,2,3,4,45,800,926,28,0,0,13,2,10,8,727,994,30,14,0,16,0,1,749,951,29,0,0,0,705,877,70,18,6,11,1,0,7,12,1,7,1,10,11,1,6,2,645,807,137,12,5,12,0,0,6,19,4,16,52,12,1,5,2,11,609,790,23,7,2,4,107,116,2,1,2,3,154,680,1108,17,0,0,0,0,1,7,10,656,1051,14,0,0,3,0,20,15,5,0,0,0,0,57,881,883,63,11,776,49,433,569,11,2315,1838,1,347,441,5,1,330,459,4,1,2208,794
2012,39,6,1,550,534,12,9,8,6,1,0,4,565,524,7,8,7,4,0,542,520,7,7,6,4,0,8,1,2,0,0,28,573,503,12,0,0,3,0,7,6,488,553,18,8,0,7,0,3,513,534,13,0,0,0,488,510,26,5,4,3,0,0,9,6,3,1,0,2,0,2,4,1,443,482,59,3,2,2,0,0,1,3,1,14,48,7,0,0,0,8,413,466,5,2,1,1,75,42,0,2,1,1,107,489,617,2,0,0,0,0,2,0,10,469,585,2,0,0,2,0,11,15,0,0,0,1,0,34,529,546,47,7,491,21,266,342,9,1347,1129,1,178,201,0,3,185,193,2,2,1294,382
2012,39,7,1,268,138,5,0,0,2,0,3,3,269,137,4,0,0,1,0,266,135,4,0,0,1,1,0,0,0,0,0,6,287,113,3,0,0,1,0,4,6,247,144,10,0,0,0,0,0,263,124,3,0,0,0,247,119,8,0,0,0,0,0,9,2,1,1,1,1,2,0,1,1,231,104,23,0,0,0,0,0,4,6,0,4,14,3,0,0,3,2,224,97,2,0,0,0,28,18,1,0,0,0,38,212,201,0,0,0,0,0,0,1,4,210,179,0,0,0,0,0,16,3,0,0,0,0,0,6,139,253,21,6,244,3,48,119,5,504,419,1,110,51,0,1,109,51,1,1,484,162
2012,39,8,1,264,451,2,0,3,2,0,2,4,267,448,1,0,2,2,0,263,446,1,0,2,2,0,1,0,0,0,0,7,271,436,2,0,0,1,0,9,3,251,447,3,1,0,1,0,1,253,439,4,0,0,0,249,429,9,1,1,0,0,0,3,1,0,1,0,2,0,1,1,0,227,400,21,0,1,0,0,0,1,0,0,13,23,4,0,0,0,4,222,394,2,0,1,0,23,40,1,1,0,0,32,238,476,3,0,0,0,0,0,1,4,237,471,2,0,0,0,0,4,1,1,0,0,0,0,7,457,231,34,6,197,7,150,372,2,866,728,1,79,122,0,0,78,121,1,1,850,201
2012,39,77,1,65,131,0,0,0,0,0,2,0,65,131,0,0,0,0,0,64,131,0,0,0,0,0,0,0,0,0,0,2,60,131,0,0,0,0,0,3,1,59,131,0,2,0,0,0,0,61,131,0,0,0,0,54,128,2,2,0,0,0,0,1,2,0,0,0,0,0,0,1,0,52,125,5,2,0,0,0,0,0,2,0,0,4,0,0,0,0,1,51,124,0,1,0,0,7,4,0,0,0,0,9,60,133,0,0,0,0,0,0,4,1,60,130,0,0,0,0,0,1,1,0,0,0,0,0,3,133,59,8,0,55,0,57,87,1,0,199,1,7,16,5,0,1,23,4,0,0,28
2012,39,78,1,15,9,1,0,0,0,0,0,0,15,9,1,0,0,0,0,14,9,1,0,0,0,0,0,0,0,0,0,1,0,1,0,0,0,0,0,0,0,0,1,0,0,0,0,0,0,0,1,0,0,0,0,0,1,0,0,0,0,0,0,0,0,0,0,0,0,0,0,0,0,0,1,0,0,0,0,0,0,0,0,0,0,0,0,0,0,0,0,0,1,0,0,0,0,0,0,0,0,0,0,0,0,1,0,0,0,0,0,0,0,0,0,1,0,0,0,0,0,0,0,0,0,0,0,0,0,15,10,0,0,10,2,3,10,0,0,25,1,7,5,0,1,4,9,0,0,0,13
2012,39,79,1,0,0,0,0,0,0,0,0,0,0,0,0,0,0,0,0,0,0,0,0,0,0,0,0,0,0,0,0,0,0,0,1,0,0,0,0,0,0,1,0,0,0,0,0,0,0,0,0,1,0,0,0,0,0,0,0,0,0,0,0,0,0,0,0,0,0,0,0,0,0,0,0,0,0,0,0,0,0,0,0,0,0,0,0,0,0,0,0,0,0,0,0,0,0,0,0,1,0,0,0,0,0,0,0,0,0,0,0,0,0,0,0,0,0,0,0,0,0,0,0,0,0,0,0,0,0,0,0,0,0,0,0,0,0,0,0,0,,,,,,,,,,,
2012,40,1,1,147,267,7,3,1,3,2,1,3,153,262,9,3,0,3,0,146,260,7,1,0,2,1,4,2,0,1,0,8,136,281,6,0,0,3,0,2,1,132,285,6,2,0,2,0,0,129,282,6,0,0,0,126,264,9,2,1,4,0,0,0,3,2,1,0,1,0,3,6,2,121,261,18,1,1,1,0,0,0,7,3,1,0,1,0,1,1,2,117,251,4,1,1,0,12,22,2,0,0,1,22,126,302,3,0,0,0,0,0,2,1,126,298,3,1,0,0,0,2,0,0,0,0,0,0,3,250,164,19,3,126,12,160,135,3,532,436,1,55,92,2,2,55,92,0,4,508,151
2012,40,2,1,220,151,0,3,1,0,0,1,4,224,148,0,0,0,0,0,219,148,0,3,0,0,0,3,0,0,0,0,2,219,150,2,0,0,0,0,3,1,217,155,1,2,0,0,0,0,216,152,1,0,0,0,210,143,2,0,0,1,0,0,1,2,0,0,0,1,3,0,4,1,204,128,7,0,1,0,3,0,1,13,8,0,0,1,0,0,0,4,203,126,1,0,0,0,9,21,0,0,0,0,16,217,160,1,0,0,0,0,0,0,1,214,154,1,0,0,0,0,0,3,0,0,0,0,0,7,150,214,16,0,204,6,93,77,0,459,380,1,106,64,2,0,106,66,0,0,437,172
2012,40,3,1,917,1220,45,22,13,17,3,3,6,956,1200,31,19,9,16,0,910,1187,30,15,9,15,7,13,8,4,3,1,35,905,1232,32,0,0,15,2,8,12,863,1286,47,26,0,19,0,0,843,1256,34,0,0,0,805,1134,63,28,4,11,1,0,1,19,12,4,10,9,8,16,31,23,771,1096,129,22,1,8,8,0,3,49,38,5,0,25,2,1,8,13,737,1058,23,6,1,2,101,124,8,9,0,7,150,833,1362,21,0,0,0,0,4,5,12,810,1311,17,3,0,0,0,13,17,4,9,0,0,0,45,1119,1023,88,16,890,63,737,534,22,2765,2246,1,426,475,6,2,404,500,3,2,2615,909
2012,40,4,1,161,241,4,1,1,5,0,2,1,164,236,4,2,1,5,0,158,236,3,1,1,5,0,4,1,0,0,0,4,155,243,1,0,0,5,0,3,2,152,246,2,3,0,4,0,0,149,244,1,0,0,0,139,239,4,0,1,5,0,0,1,1,0,0,2,0,3,1,5,2,133,231,16,0,1,4,4,0,0,1,7,1,0,2,0,0,1,1,129,229,1,0,1,0,16,14,0,0,0,2,19,155,250,5,0,0,0,0,0,1,3,148,248,5,0,0,0,0,0,3,1,0,0,0,0,5,229,160,25,2,150,4,123,138,1,513,416,1,74,81,2,0,67,88,2,0,492,157
2012,40,5,1,540,457,17,3,1,0,0,8,5,548,447,10,5,1,0,0,530,443,11,3,1,0,2,6,2,0,0,0,21,516,458,12,0,0,2,2,8,5,507,467,14,3,0,1,0,0,509,440,14,0,0,0,472,414,27,2,2,1,2,0,0,3,2,4,0,2,1,13,26,9,448,398,54,2,2,2,3,0,1,10,31,4,0,15,0,1,3,8,441,382,9,1,1,1,54,57,2,0,0,0,72,516,497,8,0,0,0,0,0,6,3,498,479,8,0,0,0,0,3,6,2,0,0,0,0,28,442,520,63,7,476,18,252,274,12,1294,1032,1,232,160,2,1,226,169,0,0,1265,395
2012,40,6,1,968,780,26,2,5,15,0,0,7,981,773,22,1,5,5,0,953,763,20,0,5,4,5,6,4,1,0,4,32,935,804,16,0,0,9,0,3,4,916,826,21,5,0,11,0,0,920,799,20,0,0,0,883,725,52,5,2,12,0,0,0,12,0,0,2,3,2,8,21,22,860,695,79,2,4,6,3,0,0,29,29,3,0,15,1,8,4,3,827,675,14,1,0,4,81,93,6,0,2,2,93,872,897,10,0,0,0,0,1,5,13,855,868,8,0,0,0,0,12,10,5,0,0,0,0,24,728,1008,56,8,920,42,475,355,8,2201,1804,1,481,396,3,4,485,384,6,9,2141,884
2012,40,7,1,964,1101,28,6,7,11,3,7,6,983,1083,22,6,6,9,2,950,1077,22,6,6,8,4,7,1,0,0,1,39,934,1122,21,0,0,6,2,5,9,925,1128,28,4,0,7,0,1,918,1118,24,0,0,0,881,1030,46,3,3,6,2,1,1,9,2,4,3,1,4,11,31,15,842,997,114,2,1,5,5,0,1,21,34,5,0,13,2,3,2,5,810,971,18,0,0,3,91,106,4,1,1,0,115,878,1225,8,0,0,0,0,1,10,5,858,1184,4,1,0,0,0,18,12,2,0,0,0,0,40,1058,986,78,11,928,39,648,505,13,2651,2134,1,433,489,2,2,424,497,3,2,2517,926
2012,40,8,1,375,272,13,2,2,3,1,1,1,379,269,11,2,2,4,0,368,266,11,1,2,3,2,1,0,0,0,0,14,314,318,6,0,0,3,2,3,9,337,299,5,0,0,1,0,0,327,292,7,0,0,0,308,267,23,0,0,0,0,1,2,3,3,0,0,2,4,2,12,4,287,259,40,0,0,1,3,0,0,7,24,0,0,3,1,0,2,1,266,251,5,0,0,0,52,25,1,0,0,1,58,332,324,3,0,0,0,0,0,3,3,317,308,3,0,0,0,0,10,2,0,1,0,0,0,24,265,364,36,6,340,18,147,161,5,833,671,1,128,92,0,0,121,96,0,3,794,220
2012,40,9,1,450,504,17,3,2,6,0,1,3,461,497,13,4,1,4,0,445,489,13,2,0,4,3,5,3,2,2,1,14,426,512,12,0,0,5,0,4,4,427,516,16,3,0,3,0,0,413,515,13,0,0,0,396,470,30,2,0,5,0,8,0,10,3,0,1,1,2,5,14,11,377,442,64,3,0,3,3,0,1,14,17,1,2,10,0,4,3,5,360,437,10,1,0,3,54,59,1,0,0,0,54,406,571,4,0,0,0,0,0,2,3,395,543,4,0,0,0,0,10,6,1,0,0,0,0,23,478,467,31,11,423,23,333,198,10,1215,987,1,212,302,5,4,225,294,3,1,1200,523
2012,40,10,1,197,196,4,0,1,6,0,1,0,198,192,3,1,0,6,0,196,192,3,0,0,5,0,0,1,0,0,0,8,190,196,4,0,0,3,1,3,1,191,198,4,3,0,6,0,0,189,194,6,0,0,0,184,185,12,0,0,4,1,0,0,2,0,0,0,0,0,2,3,0,179,179,18,0,0,3,0,0,0,4,5,2,0,3,0,0,1,2,177,177,4,0,0,1,10,14,0,0,0,1,17,184,208,4,0,0,0,0,1,1,3,180,203,4,1,0,0,0,3,1,0,0,0,0,0,9,194,198,9,4,186,8,99,110,2,469,405,1,94,95,2,2,90,98,4,1,455,193
2012,40,11,1,241,181,5,3,1,2,0,1,2,242,180,5,3,0,3,0,237,173,5,2,0,2,0,1,0,1,0,0,14,223,185,6,0,0,4,1,0,4,222,190,8,3,0,4,0,0,214,189,8,0,0,0,205,170,13,5,1,2,0,0,0,3,0,0,3,0,5,2,5,5,198,155,32,4,1,1,2,0,0,3,14,1,0,2,0,3,0,2,194,152,6,2,1,0,17,27,0,2,0,1,32,218,208,5,0,0,0,0,0,1,1,213,194,6,2,0,0,0,6,2,0,1,0,0,0,12,167,241,29,1,223,12,135,64,4,541,438,1,88,79,4,0,96,72,2,1,486,171
2012,40,12,1,704,845,24,3,2,2,0,0,5,719,828,16,6,1,1,0,693,823,16,2,1,0,6,8,5,1,0,0,27,678,847,15,0,0,3,1,5,5,665,862,17,3,0,3,0,0,662,845,13,0,0,0,630,791,38,3,2,6,0,0,1,2,3,2,6,3,2,7,22,11,605,765,77,6,0,3,6,0,0,15,24,0,2,14,0,0,5,5,594,744,9,0,0,1,55,82,3,0,0,0,89,662,910,6,0,0,0,0,0,5,4,641,871,6,0,0,0,0,13,12,1,0,0,0,0,34,770,738,71,8,685,37,424,432,9,1999,1587,1,285,392,3,3,290,392,0,1,1936,683
2012,40,13,1,463,427,16,2,1,7,2,3,3,473,421,11,5,0,3,0,457,413,11,2,0,3,1,6,1,1,1,0,22,446,425,10,0,0,8,0,7,7,439,438,11,3,0,4,0,0,434,414,15,0,0,0,416,386,25,5,3,1,0,0,1,6,1,2,1,2,0,4,18,10,404,376,38,4,1,1,3,0,1,14,16,1,1,6,0,3,3,3,393,363,8,0,1,0,39,41,1,1,0,1,62,422,480,4,0,0,0,0,1,6,5,412,458,4,1,0,0,0,7,8,1,1,0,0,0,21,379,495,41,9,444,25,279,168,8,1123,924,1,280,258,5,2,280,258,4,3,1105,545
2012,40,14,1,937,787,52,6,6,19,0,3,7,965,776,40,7,3,15,0,932,762,40,6,2,12,5,9,2,0,1,3,35,923,808,27,0,0,11,0,6,8,902,833,31,10,0,9,0,0,886,820,35,0,0,0,829,742,82,6,2,10,1,0,1,8,3,2,3,3,5,6,30,11,782,692,131,1,0,9,6,0,2,28,49,3,0,21,0,5,2,12,772,673,27,1,0,4,99,105,5,2,1,2,114,867,924,14,0,0,0,0,5,0,4,843,883,13,0,0,0,0,18,12,8,0,0,0,0,38,719,1032,57,11,919,63,438,387,12,2226,1819,1,431,397,3,2,425,405,1,2,2063,833
2012,40,15,1,478,525,11,2,2,2,1,2,3,484,512,11,3,2,2,1,472,509,11,2,2,2,4,4,0,0,0,0,16,474,525,10,0,0,2,0,4,7,467,530,11,2,0,2,0,0,457,526,14,0,0,0,434,498,24,0,2,2,0,0,2,6,1,1,0,1,7,3,13,4,415,487,44,0,0,1,7,0,1,6,29,4,2,8,1,0,0,3,405,463,8,0,0,1,53,51,1,0,1,0,34,447,566,6,0,0,0,0,1,3,3,436,550,5,1,0,0,0,5,4,4,0,0,0,0,17,476,498,47,7,455,20,289,251,13,1264,1028,1,257,241,2,2,239,257,3,3,1220,502
2012,40,77,1,232,203,3,1,0,0,0,3,1,237,198,2,0,1,0,0,226,198,2,0,0,0,4,1,0,0,1,0,9,228,205,2,0,0,0,0,2,0,221,206,3,0,0,0,0,0,229,201,2,0,0,0,204,191,8,0,0,0,1,0,1,0,0,0,0,0,1,1,18,1,195,193,10,0,0,0,0,0,0,5,23,0,0,1,0,0,2,1,189,193,2,0,0,0,30,6,1,0,0,0,21,203,236,1,0,0,0,0,0,2,0,200,227,1,0,0,0,0,6,0,1,0,0,0,0,7,219,214,13,1,200,6,124,116,1,0,445,1,13,35,7,0,7,42,6,0,0,55
2012,40,78,1,41,26,1,0,0,0,0,0,1,42,25,1,0,0,0,0,40,25,1,0,0,0,0,1,0,0,0,0,1,10,5,0,0,0,0,0,0,0,10,5,0,0,0,0,0,0,10,5,0,0,0,0,8,5,1,0,0,0,0,0,0,0,0,0,0,0,1,0,0,0,8,4,1,0,0,0,0,0,0,0,1,0,0,0,0,0,0,0,8,4,0,0,0,0,2,1,0,0,0,0,0,8,7,0,0,0,0,0,0,0,0,8,7,0,0,0,0,0,0,0,0,0,0,0,0,0,34,32,3,0,32,5,15,17,0,0,69,1,11,12,0,0,9,13,1,0,0,23
2012,40,79,1,0,0,0,0,0,0,0,0,0,0,0,0,0,0,0,0,0,0,0,0,0,0,0,0,0,0,0,0,0,1,0,0,0,0,0,0,0,1,0,1,0,0,0,0,0,0,0,0,0,0,0,0,0,0,0,1,0,0,0,0,0,0,0,0,0,0,0,0,0,1,0,0,0,1,0,0,0,0,0,0,0,0,0,0,0,0,0,0,0,0,0,0,0,0,0,0,0,0,0,0,2,0,0,0,0,0,0,0,0,0,0,0,0,0,0,0,0,0,0,0,0,0,0,0,0,0,0,0,0,0,0,0,0,0,0,0,0,,,,,,,,,,,
2012,41,1,1,459,706,17,6,0,4,2,5,9,469,702,14,4,0,2,0,455,689,13,4,0,2,3,6,1,1,0,0,21,423,712,16,0,0,4,1,8,4,436,715,16,5,0,3,0,0,423,719,15,0,0,0,401,669,45,3,1,4,0,1,9,6,0,4,1,1,2,2,3,5,371,612,83,3,1,2,13,0,1,23,1,10,16,1,0,8,1,0,365,595,14,1,0,2,44,99,0,0,0,0,78,364,824,7,2,0,0,3,0,4,6,390,791,7,1,0,0,0,12,16,2,0,0,0,0,21,636,495,70,9,447,22,371,355,15,1656,1210,1,170,284,2,2,165,291,1,1,1627,458
2012,41,2,1,201,319,11,3,0,6,0,1,3,207,310,9,4,0,6,0,201,306,9,3,0,6,0,3,1,0,0,0,11,186,312,12,0,0,2,0,1,2,203,310,12,3,0,5,0,0,189,312,11,0,0,0,183,299,18,4,0,2,1,0,1,4,1,0,0,1,0,0,1,5,166,273,34,0,0,3,1,0,1,15,0,7,11,0,1,5,0,1,163,266,10,1,0,2,21,35,1,0,0,3,39,168,360,11,0,0,0,1,0,1,2,163,342,9,0,0,0,0,4,7,2,0,0,0,0,14,267,228,46,4,194,29,163,150,9,742,545,1,89,125,2,3,96,119,2,2,725,219
2012,41,77,1,14,15,0,0,0,0,0,0,0,13,14,0,0,0,0,0,13,14,0,0,0,0,0,0,0,0,0,0,2,14,15,0,0,0,0,0,0,0,13,16,0,0,0,0,0,0,14,15,0,0,0,0,14,14,0,0,0,0,0,0,0,1,0,0,0,0,0,0,0,0,12,15,0,0,0,0,0,0,0,0,0,0,2,0,0,0,0,0,11,14,0,0,0,0,3,1,0,0,0,0,0,5,23,0,0,0,0,0,0,1,0,5,21,0,0,0,0,0,1,0,0,0,0,0,0,1,14,14,1,0,8,4,8,9,0,0,29,1,3,7,2,0,4,7,1,0,0,12
2012,41,78,1,10,12,0,0,0,0,0,1,0,10,12,0,0,0,0,0,10,12,0,0,0,0,0,0,0,0,0,0,0,1,2,0,0,0,0,0,0,0,1,2,0,0,0,0,0,0,1,2,0,0,0,0,4,2,0,0,0,0,0,0,0,0,0,0,0,0,0,0,0,0,4,1,1,0,0,0,0,0,0,0,0,0,0,0,0,0,0,0,1,1,0,0,0,0,0,1,0,0,0,0,4,5,12,0,0,0,0,0,0,0,1,5,12,0,0,0,0,0,0,0,0,0,0,0,0,0,14,7,3,0,7,1,5,10,1,0,23,1,2,5,0,0,2,5,0,0,0,7
2012,41,79,1,0,0,0,0,0,0,0,0,1,0,0,0,0,0,0,0,0,0,0,0,0,0,0,0,0,0,0,0,0,0,0,0,0,0,0,0,0,0,0,0,0,0,0,0,0,0,0,0,0,0,0,0,0,0,0,0,0,0,0,0,0,0,0,0,0,0,0,0,0,0,0,0,0,0,0,0,0,0,0,0,0,0,0,0,0,0,0,0,0,0,0,0,0,0,0,0,0,0,0,0,0,0,0,0,0,0,0,0,0,0,1,0,0,0,0,0,0,0,0,0,0,0,0,0,0,0,0,0,0,0,0,0,0,0,0,0,2,,,,,,,,,,,
2012,42,1,1,963,1057,77,25,4,45,3,7,12,1011,1036,66,27,5,29,1,953,1011,56,18,3,26,4,10,11,5,1,7,71,934,1030,126,0,0,0,1,12,9,918,1098,90,35,0,29,0,4,878,1070,81,0,0,0,855,908,115,52,4,17,0,0,21,12,9,3,6,15,3,78,21,11,775,918,189,23,4,15,14,0,10,11,13,34,75,1,1,10,0,36,727,812,60,7,3,6,149,158,16,6,1,7,222,886,1143,115,21,0,0,8,1,10,6,845,1060,98,15,0,0,0,32,38,15,3,0,0,0,73,869,1259,57,9,962,148,687,382,15,2768,2195,1,518,628,2,5,515,633,0,5,2604,1153
2012,42,2,1,392,511,64,17,7,22,0,1,5,415,515,54,15,4,7,0,384,491,51,10,3,7,2,2,8,5,0,6,48,362,514,87,0,0,0,2,5,10,350,563,64,21,0,12,0,0,341,534,59,0,0,0,328,433,76,32,2,8,0,0,13,2,2,0,8,11,5,41,6,7,288,436,112,24,0,6,5,0,3,5,5,21,34,2,3,14,1,11,275,389,49,4,0,3,62,78,7,8,0,2,131,356,564,64,19,0,0,7,1,3,4,325,507,55,11,0,0,0,23,14,8,7,0,0,0,66,423,566,27,7,406,106,332,171,8,1231,1023,1,228,316,4,3,222,326,1,2,1141,551
2012,42,3,1,406,409,29,12,3,3,0,0,10,424,395,22,10,3,1,0,402,393,23,8,2,1,3,5,2,0,0,0,25,380,403,32,0,0,0,0,4,12,380,417,27,12,0,2,0,1,379,409,22,0,0,0,342,375,31,9,0,2,0,0,14,1,3,1,3,4,7,16,10,3,312,365,49,11,1,1,19,0,3,1,4,6,27,1,1,2,0,12,303,341,19,4,1,1,55,48,0,1,0,0,85,332,507,21,4,0,0,2,0,0,6,305,445,19,4,0,0,0,21,20,1,0,0,0,0,53,371,448,41,14,375,31,214,192,62,1169,874,1,164,117,3,1,156,127,0,2,1125,285
2012,42,4,1,550,759,39,10,3,5,1,2,7,563,744,34,9,4,5,1,539,731,29,6,3,4,4,10,3,1,0,2,35,520,744,51,0,0,0,0,7,6,520,763,37,14,0,5,0,0,521,744,34,0,0,0,485,675,54,16,1,5,1,0,18,1,2,3,10,5,2,30,3,7,447,659,98,7,1,4,10,0,10,1,0,21,24,3,2,3,1,15,435,618,29,2,1,1,69,97,8,3,0,2,98,477,832,30,8,0,0,3,4,9,6,450,758,24,4,0,0,0,25,29,3,2,0,0,1,65,683,610,73,10,525,54,422,359,16,1747,1376,1,231,345,3,8,223,355,2,7,1700,587
2012,42,5,1,286,240,18,1,1,3,1,3,7,290,237,16,1,1,3,0,284,235,15,1,1,3,0,3,2,0,0,0,8,271,236,21,0,0,0,0,4,8,267,237,23,2,0,3,0,0,276,240,14,0,0,0,262,219,25,7,1,0,4,0,3,0,0,2,1,0,0,6,3,5,239,215,37,2,1,1,9,0,0,3,0,2,13,0,0,1,2,4,231,200,14,1,1,0,38,26,1,0,0,1,37,222,306,17,1,0,0,0,0,5,6,217,268,13,1,0,0,0,12,12,3,0,0,0,0,25,243,277,34,8,249,22,143,145,3,753,562,1,107,95,1,3,113,90,0,3,745,206
2012,42,6,1,302,481,25,6,2,8,1,3,6,306,481,15,7,3,6,1,293,469,13,4,1,5,3,4,5,1,0,0,27,275,490,31,0,0,0,1,6,2,277,499,22,5,0,4,0,1,282,486,24,0,0,0,268,441,35,10,1,3,0,0,2,2,1,2,0,8,2,19,4,2,233,427,59,5,2,2,7,0,3,6,0,14,18,4,0,1,0,2,228,406,17,1,0,2,34,61,3,1,0,0,73,222,573,19,3,0,0,1,1,2,6,209,531,18,1,0,0,0,18,10,2,1,0,0,0,36,418,367,42,7,280,37,309,153,55,1120,834,1,151,239,2,2,140,250,1,3,1081,394
2012,42,7,1,323,435,21,3,6,4,3,1,3,335,424,18,3,4,3,2,317,414,16,0,5,2,2,9,3,2,1,0,23,285,436,34,0,0,0,0,4,4,281,459,21,5,0,4,0,0,293,445,20,0,0,0,270,388,38,9,1,2,0,1,7,3,0,0,1,4,0,26,2,2,237,379,60,4,1,4,2,1,3,3,0,9,23,0,1,2,1,15,235,361,15,1,1,0,36,58,4,3,0,0,75,240,522,24,3,0,0,0,1,3,0,226,482,20,1,0,0,0,10,16,5,0,0,0,0,33,384,384,26,4,309,28,272,185,4,1149,798,1,124,205,5,3,120,211,3,3,1157,337
2012,42,8,1,139,184,11,3,1,8,0,0,0,144,182,12,4,0,4,0,137,178,10,2,0,3,1,3,1,0,0,1,10,130,176,21,0,0,0,0,1,2,131,184,14,6,0,4,0,0,128,179,13,0,0,0,118,156,21,8,0,4,0,0,3,0,0,1,3,1,0,11,0,4,114,140,38,4,0,5,2,0,0,1,0,6,3,2,0,1,1,8,106,132,9,2,0,2,21,37,3,1,0,0,30,124,198,18,3,0,0,0,0,1,0,119,179,16,2,0,0,0,2,10,1,1,0,0,0,15,161,175,10,0,138,21,117,69,1,451,346,1,77,125,0,0,78,124,0,0,469,202
2012,42,9,1,587,872,45,11,5,11,0,4,6,606,859,37,10,4,8,0,576,848,36,7,4,8,3,7,2,2,1,1,40,542,880,48,0,0,0,0,11,9,537,894,33,14,0,9,0,0,558,858,36,0,0,0,514,783,63,12,4,5,0,0,10,3,2,5,1,5,1,36,4,7,460,780,92,8,3,6,1,0,4,5,1,16,43,9,3,2,1,12,452,740,29,4,2,3,71,100,3,3,0,2,115,469,1033,22,9,0,0,0,0,2,6,446,935,21,7,0,0,0,24,34,2,1,0,2,0,66,769,655,106,14,578,57,460,428,21,2169,1544,1,239,340,2,5,233,344,4,5,2139,586
2012,42,10,1,312,446,20,1,3,4,0,1,5,321,436,16,3,3,2,0,304,432,15,1,3,2,2,5,3,0,0,0,18,285,432,33,0,0,0,1,2,3,278,445,23,5,0,4,0,0,299,438,19,0,0,0,274,392,37,5,2,2,0,0,7,2,0,2,1,7,0,18,1,8,252,382,65,2,2,2,1,0,0,2,0,11,17,0,0,5,0,10,243,361,15,1,2,1,33,60,2,1,0,1,66,227,536,13,1,0,0,1,1,3,5,212,488,13,0,0,0,0,5,12,1,1,0,0,0,50,398,340,40,12,292,33,236,219,10,1086,791,1,137,207,1,1,133,211,0,2,1064,346
2012,42,11,1,360,445,42,10,6,16,1,3,2,367,439,38,14,6,13,0,350,427,36,8,5,12,1,6,5,1,2,3,26,339,432,65,0,0,0,0,4,2,333,462,45,14,0,17,0,0,326,455,45,0,0,0,325,366,59,13,5,11,0,1,7,3,2,2,6,5,1,41,3,1,282,358,103,13,5,7,8,1,4,2,0,16,30,1,0,2,1,14,270,320,33,2,1,7,54,90,8,3,4,2,87,311,518,39,8,0,0,0,0,4,2,294,474,36,6,0,0,0,15,25,3,4,0,0,0,15,376,481,21,9,360,72,265,181,9,1153,887,1,208,248,0,1,205,251,1,0,1122,457
2012,42,12,1,415,487,15,5,2,8,0,4,6,408,486,13,4,1,8,0,398,480,12,4,1,7,1,3,1,0,0,0,25,375,488,29,0,0,0,0,6,7,376,496,30,10,0,6,0,0,381,494,17,0,0,0,371,453,26,9,1,3,0,1,2,3,1,0,2,1,0,13,0,7,344,423,58,7,1,3,2,0,1,1,0,12,19,1,2,5,0,16,332,405,14,4,1,1,39,74,1,1,0,0,58,356,551,16,7,0,0,2,1,5,3,347,523,15,5,0,0,0,8,6,0,2,0,0,0,28,438,421,72,9,363,36,255,274,12,1238,942,1,112,208,3,2,99,222,2,2,1204,325
2012,42,13,1,253,421,32,10,3,13,0,3,3,266,413,28,10,2,8,0,247,404,26,9,2,6,1,4,6,0,0,6,21,239,415,56,0,0,0,0,4,3,235,425,38,16,0,9,0,2,233,420,36,0,0,0,213,347,50,15,2,5,0,0,9,1,1,2,2,2,3,42,5,9,201,350,82,8,1,6,1,0,3,0,1,21,10,1,1,6,0,16,188,318,29,4,1,1,39,78,6,4,0,2,61,234,452,33,9,0,0,0,1,3,3,220,420,29,6,0,0,0,8,17,3,6,0,0,0,23,363,345,20,10,242,51,295,145,5,981,738,1,143,273,2,1,136,281,1,1,954,419
2012,42,14,1,273,409,5,3,1,3,0,1,3,278,402,2,3,0,3,0,266,394,2,2,0,3,1,8,2,1,1,0,16,242,412,11,0,0,0,0,2,2,234,425,9,1,0,2,0,0,260,405,4,0,0,0,223,370,17,0,2,4,0,0,2,4,0,3,2,2,1,16,2,2,209,346,44,0,0,1,2,0,1,2,0,7,18,0,1,4,0,16,204,328,3,0,0,1,28,75,1,0,0,1,55,138,545,3,1,0,0,1,0,1,2,137,490,2,0,0,0,0,16,25,0,1,0,0,0,26,371,267,43,19,226,23,217,221,13,1272,700,1,66,120,3,0,52,131,6,0,1278,189
2012,42,15,1,489,674,35,4,6,4,2,4,10,504,659,34,5,5,5,1,483,655,31,3,4,4,3,6,2,0,1,1,23,436,677,42,0,0,0,0,8,10,439,692,30,13,0,6,0,0,456,671,26,0,0,0,427,615,46,7,3,5,0,0,8,1,0,3,2,4,0,24,3,3,385,591,82,4,3,4,4,0,0,4,2,12,30,2,0,4,0,22,373,572,23,4,1,3,55,76,4,0,1,1,99,348,839,20,4,0,0,2,0,9,5,339,780,18,4,0,0,0,20,14,1,0,0,0,0,40,613,549,61,7,472,33,405,306,14,1796,1230,1,193,306,4,0,181,318,2,2,1736,503
2012,42,16,1,614,666,33,10,2,9,2,4,8,622,656,30,10,2,6,1,604,654,28,8,2,6,3,4,0,1,0,2,27,581,653,49,0,0,0,0,8,5,571,674,35,8,0,5,0,0,598,651,37,0,0,0,558,612,54,10,2,2,0,0,7,1,1,0,1,5,5,26,1,4,509,588,97,4,1,2,1,0,2,1,1,10,44,0,1,3,2,27,495,564,32,2,1,1,62,83,2,3,0,1,91,462,833,28,7,0,0,2,1,7,7,455,765,24,4,0,0,0,22,20,1,2,0,0,0,44,603,681,41,26,582,54,398,306,11,2025,1351,1,274,303,2,1,255,322,3,0,1951,580
2012,42,17,1,731,1106,47,11,8,10,5,10,10,743,1097,38,15,6,8,1,718,1082,38,10,4,7,6,9,2,3,1,1,38,673,1108,67,0,0,0,2,9,10,675,1128,42,18,0,12,0,4,702,1111,38,0,0,0,650,1005,65,14,5,5,0,0,10,6,0,3,4,11,4,47,11,11,590,963,128,11,5,4,10,0,2,4,1,41,54,1,1,7,0,23,578,918,32,2,3,2,78,156,4,3,1,1,142,601,1268,34,5,0,0,5,1,12,12,589,1201,31,4,0,0,0,24,22,4,0,0,0,0,41,946,884,97,12,734,65,698,423,19,2816,1939,1,298,540,6,2,301,538,4,3,2751,846
2012,42,18,1,479,717,40,8,0,17,1,4,9,501,703,29,11,0,10,0,471,692,28,5,0,9,4,12,3,4,0,3,32,447,725,44,0,0,0,4,6,9,484,754,34,10,0,7,0,9,431,721,33,0,0,0,421,649,49,11,2,8,0,0,9,2,1,3,5,7,2,43,7,7,385,633,84,10,3,6,7,0,8,1,3,19,35,2,1,14,0,10,377,566,27,3,2,4,42,96,1,1,0,4,109,455,781,23,6,0,0,2,1,5,3,422,747,20,5,0,0,0,17,9,5,2,0,0,0,41,618,590,58,10,470,51,410,331,14,1567,1276,1,217,325,6,5,208,337,5,3,1535,553
2012,42,19,1,991,1336,97,13,9,17,1,5,12,1025,1307,90,12,8,11,0,970,1276,81,8,6,10,7,17,9,2,2,2,73,918,1301,124,0,0,0,6,10,18,916,1354,102,20,0,20,0,1,914,1325,90,0,0,0,878,1169,148,13,5,13,1,3,22,10,2,3,4,9,1,65,7,15,813,1139,221,14,2,9,10,0,6,9,5,29,52,6,2,10,2,36,789,1072,79,5,1,7,96,180,13,5,0,2,205,845,1541,62,11,0,0,5,0,5,9,810,1430,60,7,0,0,0,27,46,9,1,0,0,0,78,1212,1179,79,13,976,127,809,551,20,3256,2483,1,428,714,4,1,425,721,0,1,3140,1147
2012,42,20,1,323,525,10,2,6,4,0,3,7,330,513,10,4,3,1,0,316,509,9,2,3,1,1,5,2,1,0,2,20,303,512,18,0,0,0,1,4,7,301,524,11,2,0,3,0,0,312,515,10,0,0,0,298,478,19,3,1,3,0,0,1,4,1,2,3,3,3,15,1,3,277,464,39,2,1,2,2,0,2,2,0,6,17,2,0,0,0,20,273,448,9,1,0,1,24,54,2,0,0,1,57,255,603,9,4,0,0,0,0,2,7,247,570,8,3,0,0,0,11,12,0,0,0,0,0,21,471,348,57,5,311,27,285,252,6,1309,881,1,83,175,1,1,75,184,0,1,1299,260
2012,42,21,1,518,641,34,10,3,7,2,3,7,530,629,28,13,2,4,2,503,615,26,5,2,3,6,8,2,2,0,0,40,482,621,49,0,0,0,3,4,13,469,640,36,13,0,6,0,2,379,625,34,0,0,0,460,539,45,9,3,6,1,2,11,5,0,4,3,6,1,32,6,7,416,528,101,5,1,8,14,0,1,2,2,14,24,1,0,4,0,10,404,488,22,3,1,2,49,96,8,2,0,1,128,429,745,24,2,0,0,2,3,2,9,404,668,18,3,0,0,0,20,21,4,2,0,0,0,73,541,607,68,8,496,54,391,270,13,1578,1224,1,248,309,5,2,247,314,1,2,1542,564
2012,42,22,1,234,288,13,3,3,10,2,0,2,242,288,8,3,3,8,0,228,280,8,3,3,8,3,2,0,0,0,2,16,212,279,22,0,0,0,0,8,4,221,281,14,4,0,3,0,0,220,276,14,0,0,0,208,257,23,3,1,4,0,0,8,1,0,0,0,2,1,13,2,0,191,262,32,3,1,0,4,0,1,0,0,3,17,0,0,2,0,9,186,238,11,0,0,1,22,27,0,2,0,1,55,209,330,6,3,0,0,1,0,2,2,200,310,6,3,1,0,0,3,9,0,0,0,0,0,20,257,275,21,2,236,15,170,131,3,697,555,1,94,126,0,0,90,130,0,0,700,220
2012,42,23,1,288,248,36,5,0,10,0,3,2,299,238,31,7,0,6,0,280,233,29,4,0,6,1,3,2,3,0,1,25,268,258,37,0,0,0,0,6,1,264,270,27,12,0,5,0,0,249,269,28,0,0,0,243,219,36,15,0,1,1,0,6,1,1,2,1,1,5,22,7,2,226,224,52,9,0,3,8,0,5,0,5,5,14,1,1,3,0,7,215,202,22,2,0,1,35,34,4,6,0,0,64,267,286,21,8,0,0,1,0,3,4,258,263,18,6,0,0,0,8,7,4,2,0,0,0,19,213,365,12,2,287,41,161,100,3,727,592,1,148,167,2,1,152,164,1,1,669,318
2012,42,24,1,199,197,14,0,3,4,0,0,0,199,196,12,0,3,3,0,194,195,12,0,2,3,1,1,0,0,0,0,9,184,196,13,0,0,0,0,7,1,183,198,16,4,0,4,0,0,188,188,12,0,0,0,176,180,17,0,3,0,0,0,3,1,2,0,3,3,0,4,0,1,163,175,26,0,2,0,1,0,0,0,0,4,10,1,0,3,0,2,162,163,11,0,0,0,14,26,0,0,0,0,33,175,226,10,0,0,0,0,0,1,1,166,213,10,0,0,0,0,2,7,0,0,0,0,0,17,172,231,11,3,194,16,87,117,3,554,417,1,77,73,1,0,72,78,1,0,531,151
2012,42,25,1,273,279,34,2,0,2,0,0,1,288,269,28,2,0,2,0,270,268,28,1,0,1,2,4,2,0,0,1,15,247,275,36,0,0,0,0,2,3,235,259,79,1,0,1,0,0,252,271,35,0,0,0,225,251,53,1,0,1,0,0,3,0,1,0,2,3,1,9,4,2,214,240,57,0,1,1,8,0,2,0,0,6,17,1,1,0,1,9,194,210,31,0,0,1,47,48,2,0,0,0,55,237,319,30,1,0,0,0,0,2,2,228,301,29,1,0,0,0,2,7,1,0,0,0,0,20,262,298,31,2,267,27,148,147,4,761,592,1,105,104,1,0,102,107,1,0,739,210
2012,42,26,1,262,392,27,4,0,8,1,2,4,263,387,28,7,0,5,0,254,381,25,4,0,5,3,2,1,1,0,2,16,249,379,40,0,0,0,0,1,3,242,399,24,5,0,8,0,0,259,383,22,0,0,0,236,334,45,6,1,4,0,0,5,2,1,1,4,3,0,17,2,2,219,327,63,2,1,4,3,0,0,1,0,8,15,2,0,7,0,12,209,310,20,2,0,2,35,55,4,0,0,2,55,223,444,22,2,0,0,1,0,6,2,217,416,21,1,0,0,0,12,8,1,1,0,0,0,15,359,314,26,1,254,40,245,156,5,897,700,1,140,220,0,1,136,224,1,0,872,361
2012,42,27,1,926,935,43,14,4,17,0,6,7,945,917,33,16,2,9,1,908,904,33,7,1,9,6,9,7,5,2,3,46,860,930,69,0,0,0,5,6,13,860,973,41,18,0,6,0,0,872,940,40,0,0,0,827,851,70,20,1,2,0,0,10,3,3,1,7,11,2,46,4,4,763,809,127,10,1,3,7,0,1,7,2,30,56,1,0,15,1,34,744,772,32,0,1,1,88,129,10,9,0,3,143,725,1172,27,5,0,0,1,3,3,7,697,1085,22,3,0,0,0,27,25,8,3,0,0,0,71,816,1038,79,17,904,69,551,414,12,2774,1944,1,380,403,2,2,367,418,2,0,2720,787
2012,42,28,1,242,420,19,5,3,1,0,1,3,251,412,15,5,3,0,1,238,407,14,4,3,0,1,7,2,0,0,0,14,220,427,23,0,0,0,0,3,3,218,430,19,8,0,0,0,0,221,430,16,0,0,0,204,388,32,4,1,1,0,0,1,1,0,5,0,1,1,18,3,4,188,360,57,3,0,0,2,0,3,4,3,12,13,0,0,2,0,17,187,345,51,2,0,0,21,64,2,0,1,0,51,191,489,7,3,0,0,1,0,1,0,179,461,5,2,0,0,0,10,11,4,1,0,0,0,20,381,285,23,5,223,20,273,173,5,920,694,1,106,187,1,0,101,192,1,0,909,294
2012,42,29,1,1095,1400,88,15,8,35,1,4,5,1136,1369,63,19,10,18,4,1074,1352,63,10,6,18,6,20,6,3,2,5,79,1006,1410,117,0,0,0,3,3,12,1001,1451,86,30,0,22,0,3,993,1432,82,0,0,0,943,1231,133,40,4,15,3,0,20,10,1,8,10,13,3,67,17,20,857,1235,189,18,4,9,15,0,2,7,6,43,63,0,5,20,1,45,827,1147,58,3,1,2,125,160,11,11,1,4,288,908,1627,71,16,0,0,8,5,3,5,868,1503,63,9,0,0,0,31,49,14,5,0,0,0,103,1215,1360,61,17,1098,136,831,561,27,3357,2657,1,509,816,2,5,498,828,3,3,3189,1332
2012,42,30,1,645,1110,57,10,1,6,1,7,8,664,1091,52,13,1,4,0,631,1081,50,7,1,4,5,8,3,1,0,1,39,607,1092,83,0,0,0,0,7,14,607,1119,61,14,0,7,0,0,606,1115,55,0,0,0,583,1018,82,13,4,2,0,0,1,3,0,1,2,7,3,33,5,9,538,989,127,8,2,4,3,0,0,5,0,23,30,4,0,6,1,22,525,941,46,3,1,2,67,133,9,4,1,0,93,548,1229,45,3,0,0,3,2,6,8,524,1150,43,3,0,0,0,25,25,4,1,0,0,0,57,974,789,75,8,640,80,675,432,19,2285,1846,1,288,553,7,3,261,584,3,3,2213,851
2012,42,31,1,708,962,38,19,9,7,1,3,10,726,947,31,21,8,5,0,703,939,28,15,7,3,2,9,3,2,1,1,33,662,961,48,0,0,0,0,8,10,656,986,32,25,0,6,0,5,667,966,38,0,0,0,637,889,57,24,5,3,0,0,12,3,0,1,2,9,2,27,2,11,590,852,104,18,2,0,5,0,1,2,2,18,31,1,0,8,3,27,573,818,25,9,2,0,71,111,5,4,1,0,122,582,1121,17,12,0,0,0,1,4,12,564,1061,15,7,0,0,0,26,12,4,3,0,0,0,51,837,825,87,9,710,53,587,389,19,2258,1760,1,293,406,5,2,280,417,5,4,2179,706
2012,42,32,1,457,884,27,2,5,9,3,3,9,466,873,23,3,5,6,2,449,866,23,1,5,5,0,7,2,1,0,2,27,399,889,34,0,0,0,0,4,12,400,901,29,5,0,8,0,0,420,875,26,0,0,0,398,836,49,7,4,4,1,0,1,2,1,3,0,4,1,19,1,5,370,800,86,4,5,4,3,0,0,4,1,15,21,2,1,3,0,14,360,777,22,1,4,1,33,85,3,0,0,1,97,328,1036,22,3,0,0,0,2,3,2,318,993,19,1,0,0,0,6,8,0,1,0,0,0,49,795,528,63,13,428,42,463,446,20,1867,1404,1,205,365,3,1,197,372,4,1,1795,574
2012,42,33,1,532,554,34,9,2,16,0,0,4,550,543,28,10,4,11,1,527,531,25,6,2,10,4,8,4,2,0,1,29,506,550,53,0,0,0,1,6,1,493,592,38,11,0,8,0,2,464,569,36,0,0,0,460,475,55,18,4,2,0,0,19,4,4,3,4,7,2,41,7,4,419,484,87,8,2,4,8,0,2,1,9,15,34,0,0,11,1,13,398,434,26,3,2,1,72,78,5,3,1,2,120,479,602,55,6,0,0,0,2,3,4,456,552,50,5,0,0,0,17,16,7,1,0,0,0,41,474,654,24,0,543,74,362,170,3,1386,1152,1,279,341,2,1,291,330,1,1,1295,623
2012,42,77,1,358,126,8,1,2,2,1,12,7,354,126,8,1,1,2,1,343,119,8,0,1,1,1,2,0,1,0,0,23,315,199,11,0,0,0,2,18,4,315,204,9,2,0,1,0,2,330,192,8,0,0,0,323,168,12,2,0,2,0,1,3,1,1,0,1,0,1,19,0,3,236,164,19,1,1,1,1,1,0,3,1,10,90,0,0,1,2,9,230,154,8,1,0,1,81,31,0,0,0,0,53,186,373,9,2,0,0,0,1,12,1,182,315,8,2,0,0,0,29,3,0,0,0,0,0,35,246,289,45,1,268,23,117,170,3,0,518,1,52,169,13,0,28,199,7,0,0,234
2012,42,78,1,131,146,11,0,1,1,1,1,3,131,138,11,0,2,2,1,123,134,10,0,1,1,3,3,2,0,0,1,14,34,53,5,0,0,0,0,0,3,35,56,5,1,0,0,0,0,38,52,6,0,0,0,36,50,6,3,0,2,0,0,1,0,0,0,0,1,1,2,0,0,33,48,11,1,0,1,0,0,0,0,0,1,2,0,0,2,0,0,30,46,2,1,0,0,3,6,2,0,0,1,15,30,61,3,0,0,0,0,0,0,6,28,58,3,0,0,0,0,0,2,0,0,0,0,0,4,156,116,18,7,109,20,79,82,7,0,296,1,54,94,1,0,26,120,2,1,0,149
2012,42,79,1,1,2,0,0,0,0,0,0,0,1,1,0,0,0,0,0,1,1,0,0,0,0,0,0,0,0,0,0,1,2,1,0,0,0,0,0,0,0,2,1,0,0,0,0,0,1,1,1,0,0,0,0,2,1,0,0,0,0,0,0,0,0,0,0,0,0,0,0,0,0,2,1,0,0,0,0,0,0,0,0,0,0,0,0,0,0,0,0,1,1,0,0,0,0,1,0,0,0,0,0,0,1,1,0,0,0,0,0,0,0,0,1,1,0,0,0,0,0,0,0,0,0,0,0,0,0,1,1,0,0,0,0,1,1,0,0,3,,,,,,,,,,,
2012,43,1,1,300,442,10,3,4,2,0,2,7,304,435,10,3,3,2,0,293,434,10,2,3,2,2,5,0,0,0,0,11,274,449,10,0,0,0,0,9,14,267,461,10,5,0,1,0,0,271,451,9,0,0,0,247,415,28,3,2,2,0,0,1,6,0,5,1,4,13,7,3,1,232,405,56,3,2,1,4,0,12,1,2,3,2,7,5,8,0,1,232,392,8,1,2,0,31,46,1,1,0,1,42,209,534,10,0,0,0,0,2,8,7,208,516,10,0,0,0,0,6,6,1,0,0,0,0,9,405,316,39,11,281,14,246,223,7,966,771,1,141,176,1,3,139,177,3,2,926,321
2012,43,2,1,360,372,17,8,2,3,0,2,3,360,375,14,10,0,2,0,351,362,13,6,0,2,4,1,3,1,0,1,19,315,385,24,0,0,0,0,2,8,319,397,12,10,0,5,0,0,314,389,11,0,0,0,291,347,25,14,0,3,1,0,3,4,3,15,2,3,18,4,6,2,272,344,51,5,0,5,4,0,30,0,0,5,2,12,2,8,1,0,263,323,9,3,0,0,46,54,2,2,0,3,56,245,481,26,0,0,0,0,3,1,5,238,434,17,2,0,0,0,20,18,7,3,0,0,0,26,361,376,26,8,322,21,233,184,11,947,768,1,154,195,4,3,158,196,0,2,924,356
2012,43,3,1,146,44,2,0,1,2,0,2,3,146,43,2,1,1,1,0,146,43,2,0,1,1,0,0,0,1,0,0,1,141,43,4,0,0,0,0,4,2,139,46,4,1,0,1,0,0,141,43,3,0,0,0,131,38,10,2,2,0,0,0,2,0,0,3,0,0,1,1,0,0,128,37,16,0,1,1,0,0,3,0,0,1,0,0,0,0,2,1,124,38,1,0,1,0,13,4,1,1,0,0,11,104,86,6,0,0,0,0,0,1,3,101,77,3,0,0,0,0,3,2,2,1,0,0,0,7,45,141,13,1,141,4,24,30,1,251,200,1,61,15,0,0,61,14,1,0,232,76
2012,43,4,1,213,163,10,0,1,2,2,1,0,218,160,8,0,0,3,0,212,160,8,0,0,2,2,2,1,0,0,1,3,208,162,10,0,0,0,0,1,0,202,170,10,1,0,2,0,2,204,166,8,0,0,0,192,151,17,3,1,1,0,0,2,0,1,3,0,1,7,1,2,1,181,150,30,1,0,0,0,0,8,0,1,2,0,4,0,1,0,2,173,146,7,1,0,0,28,13,0,0,0,1,22,136,239,3,0,0,0,0,2,2,5,135,222,3,1,0,0,0,10,2,0,0,0,0,0,12,156,206,27,3,182,11,97,100,2,478,392,1,90,51,3,1,91,52,2,0,461,145
2012,43,5,1,116,121,7,4,1,0,0,0,1,117,121,5,4,1,0,0,115,120,5,3,1,0,0,1,2,1,0,0,1,111,120,7,0,0,0,0,2,1,106,127,7,1,0,0,0,0,110,119,7,0,0,0,105,113,10,3,0,0,0,0,0,0,0,0,2,0,5,1,1,0,97,109,20,3,0,0,0,0,5,0,0,0,1,5,0,1,1,0,96,105,6,0,0,0,12,13,0,1,0,0,14,71,168,7,0,0,0,0,0,1,0,70,157,6,2,0,0,0,8,3,1,0,0,0,0,2,121,119,10,0,114,11,76,49,0,322,250,1,51,56,0,1,50,56,0,2,316,108
2012,43,6,1,362,275,5,1,4,0,0,3,4,362,272,5,1,3,0,0,356,269,4,1,2,0,0,1,0,0,0,0,13,332,270,12,0,0,0,0,7,5,322,280,11,2,0,1,0,0,338,275,9,0,0,0,308,261,16,1,2,0,0,0,3,4,3,6,0,2,17,0,3,0,298,240,40,0,2,1,0,0,17,0,1,1,1,10,3,3,0,0,295,235,8,0,0,0,29,29,1,0,1,0,43,232,395,6,0,0,0,0,2,6,8,229,366,6,1,0,0,0,10,6,1,0,0,0,0,20,271,341,39,2,310,13,155,170,5,872,653,1,125,106,0,3,124,105,1,4,853,234
2012,43,7,1,521,495,27,10,4,1,0,3,13,531,483,23,9,3,1,0,510,476,23,8,2,1,2,6,2,2,0,0,28,481,489,30,0,0,0,0,13,11,492,505,21,11,0,2,0,0,486,492,21,0,0,0,446,453,39,8,1,0,0,0,3,7,2,4,2,9,26,5,3,3,435,446,67,8,0,0,1,0,28,0,0,0,1,16,0,6,0,0,425,425,16,4,0,0,48,49,3,2,1,0,77,319,709,17,0,0,0,0,1,7,11,306,632,15,5,0,0,0,29,19,3,1,0,0,0,48,444,548,70,14,478,33,247,302,16,1425,1076,1,184,195,2,2,193,188,0,2,1359,383
2012,43,8,1,226,322,24,8,1,8,1,0,1,234,323,20,6,0,4,1,221,313,19,6,0,3,3,3,2,2,0,3,18,205,325,29,0,0,0,1,7,2,200,342,21,8,0,3,0,0,202,330,23,0,0,0,183,279,41,5,7,2,0,0,3,7,0,9,5,5,13,2,2,2,172,263,71,8,1,2,0,0,14,0,1,5,0,8,1,15,1,1,171,252,16,4,1,1,28,61,4,2,1,0,44,143,414,19,0,0,0,0,6,2,4,138,388,15,1,0,0,0,6,10,3,5,0,0,0,22,284,269,34,7,212,35,224,119,4,752,594,1,109,161,1,1,102,169,0,1,725,272
2012,43,77,1,33,26,0,0,0,0,0,0,0,33,26,0,0,0,0,0,33,25,0,0,0,0,0,0,0,0,0,0,1,33,24,0,0,0,0,0,1,0,33,24,0,0,0,1,0,0,35,22,0,0,0,0,29,22,1,0,0,0,0,0,0,0,0,0,1,0,2,0,2,0,28,20,1,0,0,0,1,0,3,0,0,0,0,1,0,0,0,0,27,21,0,0,0,0,6,1,0,0,0,0,3,22,36,0,0,0,0,0,0,0,0,22,33,0,0,0,0,0,0,0,0,0,0,0,0,3,27,32,1,0,35,1,16,8,0,0,59,1,5,6,0,0,2,9,0,0,0,11
2012,43,78,1,13,12,1,1,1,0,0,0,1,12,12,1,1,1,0,0,12,12,1,1,1,0,0,0,0,0,0,0,1,5,5,0,0,0,0,0,0,1,8,6,0,1,0,0,0,0,7,5,0,0,0,0,7,5,0,2,0,0,0,0,0,0,0,0,0,0,0,0,0,0,7,4,1,1,0,0,0,0,0,1,0,0,0,0,0,0,0,0,5,3,0,1,0,0,0,2,0,0,0,0,4,6,8,0,0,0,0,0,0,0,1,6,6,0,1,0,0,0,0,0,0,0,0,0,0,2,13,15,1,0,13,3,6,7,0,0,29,1,2,5,0,0,2,5,0,0,0,7
2012,44,1,1,161,205,17,2,1,1,0,1,3,162,205,15,3,1,1,0,159,202,15,2,1,1,1,5,1,0,0,0,2,147,213,13,0,0,0,0,1,2,140,221,13,1,0,1,0,0,138,221,12,0,0,0,127,191,18,1,0,2,0,1,3,1,2,6,3,5,14,2,0,1,119,179,34,1,0,3,0,0,13,0,0,7,0,8,2,6,0,0,115,173,11,1,0,0,26,35,0,0,0,1,28,98,276,9,0,0,0,0,1,2,5,97,255,8,2,0,0,0,7,7,1,0,0,0,0,9,200,174,17,2,144,21,121,105,2,524,393,1,77,79,0,0,67,88,1,0,518,156
2012,44,2,1,267,220,12,1,1,1,0,0,2,271,215,9,2,1,2,0,263,211,8,1,1,1,0,2,3,0,0,1,11,245,220,17,0,0,0,0,6,7,237,230,11,1,0,3,0,0,237,222,9,0,0,0,223,203,21,0,1,3,0,0,0,3,1,5,0,2,9,3,0,0,216,197,33,0,1,0,0,0,11,2,1,1,0,5,0,3,0,0,213,190,9,0,1,0,19,22,0,0,0,1,35,157,332,6,0,0,0,0,1,0,7,154,305,6,0,0,0,0,5,12,1,0,0,0,0,14,206,263,28,7,241,16,148,99,0,677,502,1,103,90,2,2,103,92,0,2,670,197
2012,44,3,1,293,409,12,5,4,5,1,4,4,304,400,11,5,2,4,1,286,394,9,3,2,3,4,3,1,2,1,1,21,289,404,18,0,0,0,2,3,4,270,423,18,5,0,2,0,0,253,421,20,0,0,0,236,365,44,6,2,2,0,0,3,10,1,9,1,9,13,3,3,0,231,358,64,5,1,3,1,0,16,2,1,3,0,6,2,7,0,1,212,335,13,2,1,2,44,62,3,2,0,0,55,176,544,8,0,0,0,0,0,4,3,174,507,5,0,0,0,0,13,11,2,0,0,0,0,19,363,327,46,2,290,25,241,181,1,936,738,1,121,180,2,2,118,183,3,1,870,305
2012,44,4,1,355,185,10,1,2,2,1,1,5,354,183,10,1,2,1,0,352,183,10,1,2,1,0,1,0,0,0,0,6,333,191,13,0,0,0,0,2,8,330,198,12,1,0,3,0,0,325,193,11,0,0,0,304,170,22,2,1,1,0,0,3,5,0,2,2,0,19,2,2,0,297,164,37,3,1,1,0,0,11,0,0,4,2,2,2,3,1,1,290,157,10,1,1,1,33,28,1,0,0,0,30,269,268,12,0,0,0,0,2,0,8,261,240,11,1,0,0,0,11,14,1,0,0,0,0,15,181,340,32,9,309,12,116,116,9,718,562,1,108,95,0,0,116,87,0,0,691,203
2012,44,5,1,733,783,67,6,10,5,0,2,8,757,770,56,5,9,4,0,725,759,54,4,8,4,4,4,5,1,0,0,38,712,759,76,0,0,0,0,3,10,677,810,61,15,0,6,0,2,646,794,59,0,0,0,600,706,103,12,9,2,0,0,3,12,5,7,13,7,39,6,11,3,585,674,147,6,6,1,3,0,43,4,0,14,5,17,1,21,0,5,568,647,48,2,6,0,65,99,7,1,1,0,158,492,1039,51,0,0,0,0,6,8,12,480,945,45,1,0,0,0,29,30,6,1,0,0,0,58,738,826,35,17,720,66,481,288,61,2037,1616,1,328,400,5,3,320,408,4,4,1931,736
2012,44,6,1,221,271,16,0,3,4,0,3,3,221,270,15,1,2,3,0,209,266,15,0,2,3,2,1,0,0,0,0,17,200,285,13,0,0,0,0,8,1,196,284,14,3,0,1,0,0,194,282,15,0,0,0,176,270,18,2,1,1,0,0,0,4,0,1,0,2,14,2,2,1,172,266,27,3,1,0,0,1,16,0,0,0,0,2,0,4,0,0,168,258,12,2,1,0,24,16,1,0,0,0,30,159,346,11,0,0,0,0,0,2,7,151,325,11,0,0,0,0,4,8,0,0,0,0,0,20,254,237,29,1,203,16,155,147,0,705,521,1,120,120,1,1,119,121,1,1,670,242
2012,44,7,1,450,562,33,6,2,5,1,0,2,461,556,27,5,3,2,0,444,545,27,4,2,1,2,3,3,3,0,1,24,419,563,44,0,0,0,1,4,6,402,591,32,8,0,4,0,1,400,574,32,0,0,0,358,524,57,8,0,1,0,0,3,13,3,7,5,1,19,5,7,4,355,513,83,3,0,1,0,0,23,3,3,6,0,11,1,6,1,0,341,491,27,0,0,0,51,60,6,0,0,0,76,304,720,23,0,0,0,0,3,4,6,300,685,24,0,0,0,0,16,15,2,0,0,0,0,10,491,527,38,6,438,46,369,208,1,1391,1062,1,250,276,2,1,244,283,2,0,1369,529
2012,44,8,1,746,894,30,9,4,11,4,2,5,765,872,28,9,4,8,3,726,861,25,3,1,7,3,10,2,2,2,2,55,713,875,42,0,0,0,2,8,10,696,912,29,13,0,6,0,4,675,888,34,0,0,0,634,798,67,12,3,8,0,1,2,11,1,11,5,3,31,11,7,6,620,770,123,10,2,4,1,0,41,0,1,7,0,16,4,16,0,3,600,742,27,7,2,2,69,103,1,2,0,0,134,522,1114,39,0,0,0,0,9,5,9,501,1025,34,3,0,0,0,37,31,2,3,0,0,0,57,758,848,88,12,743,46,442,460,15,2214,1707,1,354,385,3,4,353,386,4,3,2122,746
2012,44,9,1,326,298,27,6,7,6,2,0,3,336,299,19,6,4,3,2,319,290,19,3,3,3,1,5,5,2,0,1,24,314,298,31,0,0,0,0,1,7,297,315,23,11,0,4,0,0,286,307,24,0,0,0,274,270,39,12,0,3,0,0,1,3,2,10,0,6,18,4,5,4,263,257,69,8,1,3,7,0,17,0,0,5,1,7,1,7,0,1,253,246,15,2,0,1,30,41,8,3,0,2,69,192,451,22,0,0,0,0,1,0,7,190,396,16,1,0,0,0,22,11,4,5,0,0,0,26,274,378,22,4,319,34,184,135,6,841,678,1,137,184,4,0,138,185,2,0,806,325
2012,44,10,1,590,775,69,16,6,18,0,6,1,624,760,53,18,4,10,1,577,743,51,11,3,8,2,15,6,3,0,5,51,576,756,95,0,0,0,2,5,3,556,809,64,24,0,8,0,0,528,786,61,0,0,0,492,693,105,28,4,6,0,0,7,10,3,8,6,12,28,17,2,7,472,680,158,12,4,5,6,0,29,5,1,15,2,13,2,12,2,4,454,638,45,6,2,2,70,92,11,3,1,1,148,420,966,65,0,0,0,0,4,4,8,409,879,53,2,0,0,0,23,39,13,1,0,0,0,51,678,741,54,9,610,86,484,291,11,1857,1482,1,318,438,3,2,318,437,4,2,1790,761
2012,44,11,1,322,408,27,7,3,5,2,1,3,322,411,23,6,5,2,2,314,397,22,5,2,2,2,5,3,0,0,2,21,307,418,28,0,0,0,0,1,3,295,432,25,9,0,7,0,0,287,428,24,0,0,0,272,381,40,6,4,5,0,0,1,3,0,7,2,6,12,10,1,2,265,378,62,4,2,4,0,0,11,1,1,5,0,8,0,6,1,1,259,362,19,2,1,2,31,44,2,3,0,0,50,230,511,24,0,0,0,0,2,1,6,224,464,22,0,0,0,0,9,21,1,0,0,0,0,31,377,366,34,2,305,29,244,197,4,961,779,1,150,216,4,4,148,217,4,5,936,374
2012,44,12,1,547,599,24,7,3,10,0,2,11,555,588,21,6,4,3,0,532,578,18,5,2,3,0,7,2,1,0,3,47,530,607,23,0,0,0,0,8,9,501,636,21,6,0,5,0,0,497,614,20,0,0,0,464,552,44,14,2,3,0,0,1,13,6,8,3,7,25,8,4,2,445,538,84,9,0,4,2,0,26,0,1,3,3,13,3,14,2,0,432,511,14,5,0,2,52,76,2,1,1,2,96,367,798,18,0,0,0,0,8,2,10,357,722,13,1,0,0,0,24,24,2,2,0,0,0,54,555,598,50,8,534,40,389,242,6,1676,1211,1,230,332,1,3,245,319,1,1,1670,566
2012,44,13,1,614,946,37,7,3,10,1,5,9,632,919,30,11,3,7,0,597,908,30,7,3,7,6,8,3,1,0,1,46,577,930,52,0,0,0,0,15,15,545,966,41,12,0,8,0,1,526,943,40,0,0,0,479,859,84,12,5,1,0,0,5,10,0,13,2,13,43,9,4,5,457,828,132,6,4,3,2,0,38,5,1,6,3,39,1,16,2,0,449,793,34,1,4,0,75,119,3,4,0,1,124,346,1218,36,0,0,0,0,0,3,9,331,1132,28,4,0,0,0,27,22,7,0,0,0,0,62,807,719,101,6,596,65,500,460,12,2133,1633,1,244,346,1,4,244,347,0,4,2038,595
2012,44,14,1,230,354,15,5,2,1,0,2,4,235,348,11,5,1,2,0,224,342,10,4,1,1,0,2,1,0,1,0,24,215,356,12,0,0,0,0,9,4,208,365,12,4,0,1,0,0,201,345,14,0,0,0,185,330,28,4,4,0,1,0,0,1,0,2,3,4,10,6,0,1,180,308,48,4,1,0,0,0,8,1,0,7,0,15,1,1,0,0,179,307,10,2,1,0,20,35,1,0,1,0,47,173,414,12,0,0,0,0,0,7,4,170,390,6,1,0,0,0,3,2,0,0,0,0,0,33,312,249,53,2,211,14,174,212,5,783,622,1,97,137,1,0,98,133,4,0,756,235
2012,44,77,1,98,106,4,0,0,0,1,0,0,100,107,2,0,0,0,0,97,103,2,0,0,0,0,4,0,0,0,0,3,96,106,4,0,0,0,0,1,1,96,108,3,0,0,0,0,0,97,106,2,0,0,0,88,100,7,0,0,0,0,0,0,1,0,0,0,0,5,2,1,0,83,97,7,0,0,0,0,0,10,1,0,2,0,3,0,0,0,0,81,95,2,0,0,0,13,9,0,0,0,0,8,79,128,2,0,0,0,0,0,1,0,75,123,0,0,0,0,0,3,2,0,0,0,0,0,4,110,92,7,1,84,5,68,53,0,0,209,1,9,26,1,0,7,28,1,0,0,36
2012,44,78,1,33,28,0,0,1,0,0,1,0,33,27,0,1,1,0,0,32,25,0,0,1,0,0,1,0,0,0,0,3,4,3,0,0,0,0,0,0,0,6,7,0,1,0,0,0,0,6,5,0,0,0,0,7,4,2,1,0,0,0,0,0,1,0,0,0,0,0,0,0,0,7,4,1,1,0,0,0,0,0,1,0,0,2,0,0,0,0,0,4,3,0,0,0,0,0,0,0,0,0,0,14,4,6,0,0,0,0,0,0,0,0,4,6,0,0,0,0,0,0,0,0,0,0,0,0,0,28,29,6,0,30,1,11,21,0,0,63,1,12,20,0,0,11,21,0,0,0,32
2012,45,1,1,210,295,7,2,1,1,0,0,2,212,289,10,1,1,1,0,206,287,7,1,0,1,1,4,1,1,0,0,7,189,299,15,0,0,0,0,3,3,183,300,12,5,0,2,0,0,187,292,13,0,0,0,173,273,18,0,0,0,0,0,1,6,1,1,0,6,1,4,11,1,167,263,28,0,0,0,1,0,1,1,14,4,1,3,0,7,1,0,161,250,9,0,0,0,23,29,1,0,0,0,39,160,348,5,0,0,0,0,1,1,2,154,325,5,0,0,0,0,5,8,4,0,0,0,0,14,270,226,18,4,196,13,203,98,8,625,518,1,86,111,2,0,87,109,1,2,601,199
2012,45,2,1,571,1049,54,11,8,15,0,8,6,602,1010,44,14,6,8,0,559,1003,43,10,6,7,3,13,3,0,0,5,56,553,1045,49,0,0,0,1,8,10,505,1086,48,10,0,11,0,0,526,1043,46,0,0,0,476,964,85,17,5,10,1,0,2,27,3,28,1,8,9,15,26,3,447,885,139,10,2,6,15,0,1,2,32,38,0,25,2,19,5,1,434,838,37,6,1,3,59,159,7,3,2,3,152,462,1203,32,0,0,0,0,9,4,3,437,1097,32,0,0,0,0,28,48,4,0,0,0,0,69,909,740,64,9,606,75,665,358,18,2138,1722,1,265,521,2,2,249,537,1,3,2033,790
2012,45,3,1,594,712,32,9,4,12,0,1,3,610,689,30,11,4,9,0,577,681,27,6,3,8,5,8,0,1,0,2,46,561,719,33,0,0,0,1,2,10,524,731,38,16,0,8,0,1,552,697,28,0,0,0,471,598,74,12,5,8,0,4,6,18,5,32,4,8,13,11,36,4,433,575,122,6,2,7,11,0,4,3,34,36,0,40,1,12,6,1,421,544,24,2,1,4,94,124,4,2,0,1,134,436,889,17,0,0,0,0,8,5,7,409,791,17,0,0,0,0,44,44,2,0,0,0,0,48,610,690,62,5,603,40,408,299,17,1678,1368,1,274,339,3,3,278,335,3,3,1587,619
2012,45,4,1,507,729,37,8,1,5,1,3,10,520,716,33,8,1,2,0,498,709,32,6,1,2,3,5,1,0,0,1,33,476,722,35,0,0,0,1,11,13,450,745,42,6,0,3,0,0,466,712,37,0,0,0,427,646,57,9,3,2,0,1,1,14,6,16,2,4,4,13,19,3,403,621,94,3,2,2,4,0,2,2,27,14,0,21,1,9,1,0,396,600,34,1,2,1,50,89,2,1,0,1,104,396,860,22,0,0,0,0,9,4,6,368,794,22,0,0,0,0,30,12,4,0,0,0,0,66,632,585,74,14,512,45,449,293,6,1652,1304,1,225,311,5,1,230,308,3,1,1585,542
2012,45,5,1,764,801,48,15,6,22,2,3,8,809,775,44,11,3,12,2,755,761,37,8,2,11,4,15,7,2,1,3,56,738,814,48,0,0,0,1,8,10,693,841,48,14,0,16,0,1,711,802,40,0,0,0,627,694,92,11,2,11,0,0,1,15,4,32,7,14,16,11,50,6,587,684,149,6,2,9,19,0,4,2,53,21,1,27,1,25,9,4,563,631,36,3,2,5,115,219,6,0,0,3,166,665,959,29,0,0,0,0,2,6,6,641,872,27,0,0,0,0,34,28,5,0,0,0,0,50,731,895,39,8,767,77,539,274,16,2068,1673,1,409,430,2,6,410,427,4,6,2011,847
2012,45,6,1,731,963,42,14,6,14,2,5,7,759,946,31,15,4,9,0,720,938,30,10,2,7,5,9,3,0,2,3,44,700,968,41,0,0,0,3,9,14,629,1019,37,17,0,11,0,2,658,975,33,0,0,0,591,856,75,14,1,5,0,0,2,17,7,40,6,15,10,12,37,6,554,815,113,9,1,7,9,0,4,0,46,48,3,34,4,25,5,3,536,777,29,3,0,3,83,158,3,2,0,2,166,564,1144,35,0,0,0,0,4,10,9,523,1034,26,0,0,0,0,26,51,8,0,0,0,0,98,861,850,63,11,752,47,611,352,23,2249,1785,1,339,554,7,2,346,551,2,3,2207,902
2012,45,7,1,508,496,29,6,2,6,0,0,1,528,477,26,6,1,4,0,502,472,25,5,2,5,4,11,1,0,0,1,21,481,511,27,0,0,0,0,2,4,451,527,28,7,0,6,0,0,462,503,27,0,0,0,436,433,34,7,0,3,1,0,2,16,7,27,0,7,0,6,31,4,404,422,68,4,2,2,8,0,2,2,30,54,0,10,0,4,0,0,397,391,22,1,0,2,50,79,2,2,0,1,96,398,613,22,0,0,0,0,2,3,4,372,552,21,0,0,0,0,18,18,1,0,0,0,0,44,429,576,38,6,497,39,305,202,6,1276,1049,1,267,257,1,4,261,265,1,2,1272,529
2012,45,8,1,134,210,14,4,2,1,0,1,2,138,209,12,4,0,1,0,131,205,12,4,0,1,1,5,1,0,0,0,6,119,215,16,0,0,0,0,1,3,115,220,14,3,0,2,0,0,120,215,13,0,0,0,103,184,22,3,1,1,0,0,0,3,4,11,2,5,5,3,10,0,98,173,32,1,0,0,2,0,2,0,12,6,0,14,0,7,1,0,93,163,13,1,0,0,17,42,0,1,0,1,34,107,245,9,0,0,0,0,4,0,2,97,224,9,0,0,0,0,8,13,1,0,0,0,0,15,187,160,20,2,136,13,133,84,3,485,369,1,77,81,1,0,75,84,0,0,465,159
2012,45,77,1,29,40,1,0,1,0,0,1,1,29,40,1,0,1,0,0,29,40,1,0,1,0,0,0,0,0,0,0,0,30,40,1,0,0,0,0,1,0,29,41,1,1,0,0,0,0,29,41,1,0,0,0,22,35,4,2,0,0,0,0,0,0,0,1,0,0,0,0,6,0,20,32,5,1,0,0,0,0,0,0,7,4,0,0,0,0,0,0,19,31,1,1,0,0,9,9,0,0,0,0,2,25,47,1,0,0,0,0,0,1,0,25,45,1,0,0,0,0,1,1,0,0,0,0,0,0,48,25,0,0,22,4,31,16,0,0,73,1,8,12,0,1,1,19,0,1,0,21
2012,45,78,1,28,23,0,0,0,0,0,0,0,28,22,0,0,0,0,0,27,22,0,0,0,0,0,0,0,0,0,0,2,2,1,0,0,0,0,0,0,0,10,5,0,0,0,0,0,0,9,4,0,0,0,0,3,1,0,0,1,0,0,0,0,1,0,0,0,0,1,0,1,0,3,0,2,0,1,0,0,0,0,0,3,0,0,0,0,0,0,0,2,0,0,0,0,0,0,1,0,0,0,0,12,1,2,0,0,0,0,0,0,0,0,1,2,0,0,0,0,0,0,0,0,0,0,0,0,0,19,29,3,0,24,1,16,10,0,0,51,1,5,17,0,0,2,20,0,0,0,22
2012,45,79,1,0,0,0,0,0,0,0,0,0,0,0,0,0,0,0,0,0,0,0,0,0,0,0,0,0,0,0,0,0,1,0,0,0,0,0,0,0,0,1,0,0,0,0,0,0,0,1,0,0,0,0,0,0,0,0,1,0,0,0,0,0,0,0,0,0,0,0,0,0,0,1,0,0,0,0,0,0,0,0,0,0,0,0,0,0,0,0,0,0,0,0,0,0,0,1,0,0,0,0,0,0,0,0,0,0,0,0,0,0,0,0,0,0,0,0,0,0,0,0,0,0,0,0,0,0,0,0,0,0,0,0,0,0,0,0,0,0,,,,,,,,,,,
2012,46,1,1,334,585,31,4,2,5,0,5,5,344,570,26,5,3,5,0,327,568,24,4,2,4,0,2,4,0,0,2,25,355,546,27,0,0,0,0,8,3,330,551,25,3,0,4,0,0,327,552,28,0,0,0,324,517,45,5,1,4,0,0,0,6,0,3,5,2,1,9,2,5,282,520,57,4,1,3,1,0,1,7,1,2,17,17,1,0,0,4,274,482,20,1,1,3,44,60,1,1,0,1,73,372,501,15,3,0,0,67,0,3,7,339,467,15,2,0,0,0,12,18,2,0,0,0,0,97,534,392,37,9,310,32,304,320,6,1200,972,1,173,213,2,3,173,215,1,2,1175,391
2012,46,2,1,375,482,22,5,1,6,0,1,5,392,470,15,6,1,4,0,369,463,14,4,1,3,2,9,3,1,0,0,22,360,472,25,0,0,0,0,5,5,355,460,23,8,0,3,0,0,343,472,23,0,0,0,336,426,46,8,0,2,0,0,7,8,1,4,3,5,4,2,2,10,295,419,66,5,0,3,1,0,2,13,1,1,12,12,4,7,0,4,289,387,18,3,0,1,48,66,1,1,0,0,73,359,455,17,5,0,0,41,0,5,5,334,420,14,3,0,0,0,12,30,2,1,0,0,0,43,399,450,44,4,355,40,279,206,17,1075,897,1,187,226,0,0,191,222,0,0,1026,413
2012,46,3,1,695,693,47,10,3,7,2,6,6,715,673,38,10,4,6,0,682,663,35,6,2,4,2,13,3,2,0,1,48,704,653,42,0,0,0,0,9,8,637,716,43,13,0,10,0,0,610,686,38,0,0,0,594,590,73,10,5,5,0,0,6,10,4,7,9,4,7,9,16,24,512,605,118,8,4,5,9,0,0,30,10,2,40,20,1,2,3,3,494,522,28,2,4,1,104,106,3,2,0,0,188,713,610,32,9,0,0,99,1,0,8,650,581,29,6,0,1,0,19,25,2,5,0,1,0,146,617,788,60,8,694,53,436,278,12,1862,1473,1,308,320,1,2,312,314,3,2,1738,631
2012,46,4,1,908,1075,97,11,9,23,1,1,12,936,1049,72,15,5,21,1,887,1026,68,9,5,16,7,17,16,1,0,7,66,901,1037,95,0,0,0,2,11,18,815,1107,89,23,0,17,0,5,790,1073,89,0,0,0,793,897,138,30,2,20,1,1,13,20,0,10,9,7,0,15,16,37,668,908,206,15,4,11,14,0,2,52,6,3,47,23,5,2,1,16,635,813,66,6,1,7,142,173,14,10,1,5,236,900,963,68,15,0,0,165,0,6,12,834,900,56,9,0,0,0,33,40,10,4,0,6,0,214,957,1077,81,22,901,108,671,439,18,2608,2138,1,421,522,6,2,402,543,4,2,2355,951
2012,46,5,1,1241,1549,105,15,9,18,2,9,15,1268,1506,74,20,11,11,6,1194,1477,82,12,8,11,9,16,8,4,0,3,128,1269,1481,73,0,0,0,2,17,19,1141,1559,73,19,0,11,0,0,1132,1501,68,0,0,0,1106,1366,139,20,6,7,2,1,16,19,2,11,9,6,5,19,13,18,930,1391,228,8,5,4,13,0,4,52,1,3,65,35,1,0,1,8,911,1239,62,8,4,3,175,170,4,3,0,3,358,1217,1360,43,12,0,0,307,4,13,11,1085,1294,39,10,0,0,0,41,37,5,2,0,0,0,436,1435,1391,134,16,1155,114,960,725,22,3887,2976,1,491,591,4,1,465,615,6,1,3644,1087
2012,46,6,1,582,587,74,13,6,17,4,2,7,604,561,65,19,8,12,2,568,545,61,9,4,12,9,9,6,1,0,2,58,600,568,68,0,0,0,0,3,10,547,593,62,16,0,12,0,1,523,579,64,0,0,0,517,496,95,15,5,7,0,0,8,8,4,8,6,2,6,7,9,13,436,538,128,12,2,6,5,0,0,14,4,4,28,28,1,0,0,5,420,435,47,5,2,5,99,101,12,1,0,2,151,565,556,72,7,0,0,84,1,3,9,503,500,57,3,0,0,0,39,24,6,3,0,2,0,119,517,749,20,7,575,99,376,234,9,1562,1193,1,324,403,1,1,316,412,1,0,1503,729
2012,46,7,1,682,925,54,13,9,35,2,10,7,702,914,47,14,3,30,0,667,897,42,9,1,30,8,7,5,0,1,0,53,710,894,71,0,0,0,1,4,7,657,944,61,19,0,23,0,3,628,911,58,0,0,0,621,794,104,27,1,14,0,1,5,10,3,15,3,0,7,15,15,21,526,789,157,13,1,14,8,1,4,43,0,5,36,39,3,2,0,10,504,723,46,4,0,7,115,122,5,3,0,4,193,662,863,44,18,0,0,132,1,2,6,586,802,32,9,0,5,0,53,42,4,8,0,2,0,186,808,843,47,19,677,86,588,357,9,2103,1737,1,354,520,8,3,348,531,4,2,1990,885
2012,46,8,1,589,732,77,5,7,13,0,5,8,614,721,64,8,7,9,0,578,701,63,5,5,6,5,11,2,0,0,4,44,583,723,68,0,0,0,0,8,5,551,748,60,8,0,6,0,0,535,730,64,0,0,0,521,662,93,6,5,10,0,1,5,2,4,6,5,0,3,9,2,7,450,669,147,4,4,6,2,0,2,18,1,1,26,13,1,1,0,3,437,605,52,3,3,3,82,84,9,1,0,1,144,521,726,44,5,0,0,126,0,5,5,484,676,40,4,0,2,0,25,28,7,1,0,2,0,140,659,714,54,10,588,69,393,369,18,1796,1437,1,272,325,5,2,272,331,1,0,1713,604
2012,46,9,1,376,484,39,5,6,2,0,5,2,383,470,33,8,4,4,0,369,467,31,3,4,4,1,2,2,1,0,0,31,359,485,39,0,0,0,1,6,4,346,481,38,7,0,2,0,0,344,471,36,0,0,0,319,413,63,5,0,3,0,0,5,11,2,5,5,4,2,5,3,11,281,432,84,4,0,1,1,0,1,13,1,0,13,13,0,2,0,10,270,374,29,1,0,0,53,73,5,1,0,0,106,361,414,28,1,0,0,105,1,4,6,324,401,23,0,0,0,0,13,9,2,1,0,0,0,116,446,423,50,3,373,40,292,204,13,1123,922,1,199,258,3,2,201,257,2,2,1090,462
2012,46,10,1,487,501,55,12,4,14,0,1,7,499,487,52,10,6,6,0,472,474,49,10,4,6,3,12,3,2,0,4,39,496,471,57,0,0,0,0,3,14,461,492,53,11,0,6,0,0,454,471,50,0,0,0,453,427,79,14,4,5,0,0,5,4,0,4,0,0,0,1,4,7,406,455,101,7,4,7,0,0,1,6,0,0,14,11,0,1,0,5,384,386,45,4,2,3,58,52,5,5,1,1,113,445,481,43,7,0,0,103,0,1,3,426,447,38,3,0,1,0,14,19,4,4,0,0,0,99,451,579,45,11,469,73,321,217,6,1407,1086,1,201,285,10,2,205,288,0,5,1365,498
2012,46,11,1,373,401,24,5,3,3,1,2,10,388,387,17,4,3,3,0,357,374,16,3,3,3,4,8,2,0,0,0,41,365,389,23,0,0,0,0,11,6,355,389,21,5,0,6,0,0,342,368,16,0,0,0,334,344,44,3,3,3,1,0,5,6,2,4,3,0,1,3,4,5,299,367,55,3,1,2,0,0,0,1,0,2,17,5,1,0,2,0,282,319,13,3,1,2,53,37,3,0,0,0,93,360,271,9,2,0,0,174,0,4,11,328,256,8,2,0,0,0,6,15,1,0,0,0,0,192,351,412,49,11,333,29,222,230,9,1028,823,1,144,144,1,2,144,144,2,1,970,291
2012,46,12,1,786,796,64,16,18,15,1,5,13,821,767,47,17,15,11,0,769,749,43,11,12,10,10,14,9,2,1,2,66,784,765,54,0,0,0,0,10,13,704,825,54,23,0,11,0,0,674,805,51,0,0,0,659,677,116,27,1,10,0,0,11,13,2,9,7,1,7,10,9,21,550,728,151,17,3,6,8,0,3,31,3,3,49,18,6,1,0,11,532,607,37,8,3,2,132,98,9,4,0,2,277,731,693,34,9,0,0,231,0,8,9,677,645,27,5,0,0,0,31,21,5,4,0,0,0,249,695,924,79,19,765,75,472,397,8,2111,1716,1,332,344,3,1,311,366,3,0,1917,680
2012,46,13,1,610,924,47,11,2,13,0,6,7,628,901,44,12,2,9,0,600,893,40,7,1,8,0,9,4,4,0,2,40,627,881,46,0,0,0,0,5,13,570,920,45,9,0,9,0,0,550,899,47,0,0,0,557,828,76,13,2,8,0,0,5,10,2,6,2,2,2,7,2,7,471,812,136,5,2,6,2,0,2,19,0,2,26,14,3,1,0,5,460,748,37,2,1,4,76,107,5,3,0,1,159,591,865,25,4,0,0,107,0,1,11,557,813,21,2,0,0,21,14,39,3,3,0,0,0,124,836,691,83,11,576,57,532,438,18,1994,1621,1,290,396,6,3,284,402,5,4,1876,695
2012,46,14,1,384,429,24,5,4,10,0,6,8,395,413,18,8,3,11,0,369,406,18,4,3,10,0,5,1,0,1,0,32,372,420,25,0,0,0,0,16,11,358,429,21,7,0,8,0,0,340,421,19,0,0,0,335,392,34,7,2,7,0,0,5,3,0,2,2,1,1,4,5,4,303,400,58,4,1,4,0,0,0,6,0,0,12,4,0,0,0,3,294,366,19,3,1,4,43,42,0,0,1,0,74,311,421,18,0,0,0,108,0,5,6,291,377,15,0,0,1,0,9,14,5,1,0,0,0,150,409,395,65,5,363,29,247,220,15,1056,874,1,146,147,2,0,145,149,1,0,1024,295
2012,46,15,1,766,726,82,8,8,20,2,2,11,786,714,72,9,6,12,1,750,700,69,5,7,12,2,9,5,3,0,2,50,742,752,74,0,0,0,0,7,9,704,792,69,18,0,11,0,2,657,756,67,0,0,0,640,651,118,16,8,8,3,1,21,7,3,7,7,3,2,11,13,15,532,665,162,17,4,3,13,0,3,33,4,3,37,14,7,0,0,13,507,587,49,7,3,2,147,92,12,2,2,2,209,733,656,54,12,0,0,152,1,5,6,690,628,42,11,0,0,0,26,12,5,2,0,0,0,200,669,914,37,7,763,87,456,303,18,1943,1627,1,375,430,5,0,380,427,2,1,1824,810
2012,46,16,1,673,741,86,8,2,18,0,8,9,694,719,81,8,5,10,0,658,707,77,5,1,9,6,7,4,1,0,3,51,669,711,85,0,0,0,5,16,5,644,720,84,13,0,14,0,2,618,708,84,0,0,0,609,643,120,13,1,10,0,2,2,7,1,11,5,1,4,3,9,13,522,678,161,9,1,8,3,1,0,12,2,13,32,6,1,0,3,7,504,586,69,1,2,2,100,83,5,3,0,5,165,622,724,59,4,0,0,121,0,4,6,577,685,54,1,0,2,0,21,21,5,2,0,3,0,165,647,792,98,9,643,106,423,358,16,1918,1546,1,290,362,3,0,294,360,1,0,1816,655
2012,46,17,1,322,390,35,10,3,7,0,1,3,337,381,32,9,3,3,0,316,374,31,8,3,3,1,12,0,0,0,1,18,334,373,36,0,0,0,0,2,1,309,391,34,8,0,4,0,0,307,382,33,0,0,0,297,356,53,7,3,3,0,0,5,3,0,2,2,0,1,7,0,0,268,359,70,3,2,4,2,0,1,5,1,1,9,6,1,0,4,2,259,321,31,3,2,3,38,46,2,3,0,0,60,339,342,27,1,0,0,57,0,3,1,325,325,25,1,0,1,0,6,13,1,0,0,1,0,55,320,389,29,33,303,46,231,166,25,1012,771,1,138,167,0,0,143,160,2,0,972,305
2012,46,18,1,429,327,21,6,3,3,0,2,1,444,312,18,7,2,2,0,421,308,17,5,2,1,2,7,4,1,0,1,22,427,317,19,0,0,0,0,5,1,387,327,21,4,0,0,0,0,383,323,22,0,0,0,372,286,40,6,1,1,0,0,3,5,2,6,1,1,3,2,7,3,312,327,58,4,1,0,3,0,0,3,0,2,21,3,1,0,0,2,301,270,17,3,1,0,64,30,1,1,0,0,83,323,298,15,0,0,0,145,0,3,9,313,288,13,0,0,1,0,9,7,0,0,0,0,0,103,295,448,44,7,394,30,175,183,12,1048,794,1,143,120,4,1,125,138,2,3,1020,268
2012,46,77,1,133,104,1,0,3,2,0,2,0,130,102,1,1,3,1,0,128,102,0,0,3,1,0,2,0,0,0,0,7,129,99,5,0,0,0,0,3,0,121,97,5,0,0,2,0,0,121,103,4,0,0,0,125,96,10,0,0,1,0,0,1,0,0,0,1,0,0,1,0,0,82,100,9,0,0,0,0,0,1,0,0,0,34,3,0,0,0,0,82,90,3,0,0,1,37,8,1,0,0,0,21,125,90,4,0,0,0,23,0,1,0,118,87,2,0,0,1,0,5,3,0,0,0,0,0,28,122,105,12,2,79,9,67,84,2,0,245,1,37,49,3,3,16,71,0,5,0,92
2012,46,78,1,48,44,1,1,1,0,0,4,0,48,43,1,1,1,1,0,46,43,1,1,1,0,0,1,0,0,0,0,2,19,21,1,0,0,0,0,0,0,21,23,1,1,0,0,0,0,21,21,1,0,0,0,21,18,2,1,0,0,0,0,0,0,0,0,0,0,0,1,1,0,18,17,5,0,0,0,0,0,0,0,0,0,1,1,0,0,0,0,16,15,1,0,0,0,3,3,0,0,0,0,11,21,18,0,0,0,0,2,0,0,0,18,18,0,0,0,0,0,0,2,0,0,0,0,0,4,47,48,4,1,42,3,23,31,1,0,99,1,25,29,1,0,14,40,0,1,0,55
2012,46,79,1,0,0,0,0,0,0,0,0,3,0,0,0,0,0,0,0,0,0,0,0,0,0,0,0,0,0,0,0,0,0,0,0,0,0,0,0,0,0,0,0,0,0,0,0,0,0,0,0,0,0,0,0,0,0,0,0,0,0,0,0,0,0,0,0,0,0,0,0,0,0,0,0,0,0,0,0,0,0,0,0,0,0,0,0,0,0,0,0,0,0,0,0,0,0,0,0,0,0,0,0,0,0,0,0,0,0,0,0,0,0,0,0,0,0,0,0,0,0,0,0,0,0,0,0,0,0,0,0,0,0,0,0,0,0,0,0,3,,,,,,,,,,,
2012,46,80,1,0,0,0,0,0,0,0,0,0,0,0,0,0,0,0,0,0,0,0,0,0,0,0,0,0,0,0,0,0,2,0,0,0,0,0,0,0,0,2,0,0,0,0,0,0,0,2,0,0,0,0,0,2,0,0,0,0,0,0,0,0,0,0,0,0,0,0,0,0,0,2,0,0,0,0,0,0,0,0,0,0,0,0,0,0,0,0,0,2,0,0,0,0,0,0,0,0,0,0,0,0,0,0,0,0,0,0,0,0,0,0,0,0,0,0,0,0,0,0,0,0,0,0,0,0,0,0,0,0,0,0,0,0,0,0,0,2,,,,,,,,,,,
2012,47,1,1,490,466,34,8,3,5,0,4,3,512,446,30,9,2,2,0,485,443,30,7,2,2,0,9,1,0,0,2,26,446,473,51,0,0,0,0,6,7,455,462,34,0,0,0,0,0,459,462,39,0,0,0,407,408,69,11,2,3,0,0,8,5,1,8,4,3,12,3,5,12,400,371,94,4,1,2,1,0,20,27,1,10,1,3,4,10,0,2,391,357,31,3,1,0,48,82,2,0,0,2,83,355,596,42,0,0,0,0,4,4,7,339,559,36,0,0,0,0,23,16,2,0,0,0,0,27,426,546,37,3,491,38,251,225,7,1272,1014,1,232,240,0,2,234,236,2,2,1215,474
2012,47,2,1,546,680,32,4,5,5,2,3,5,566,669,19,5,3,4,2,539,665,23,4,3,4,3,8,2,0,0,1,24,479,712,40,0,0,0,0,8,5,496,697,28,0,0,0,0,0,496,687,26,0,0,0,437,633,65,8,2,3,0,0,2,8,4,10,5,3,21,8,1,5,424,598,89,6,2,4,0,0,29,31,0,3,0,0,0,14,1,0,418,591,23,1,1,2,58,81,2,1,0,1,92,379,854,39,0,0,0,0,0,4,5,369,819,34,0,0,0,0,13,12,0,0,0,0,0,28,644,560,72,8,495,38,355,389,7,1701,1281,1,209,299,3,4,196,313,2,4,1638,515
2012,47,3,1,383,609,23,3,5,2,1,4,2,396,600,19,3,5,2,0,381,598,19,2,4,2,0,5,1,0,0,0,18,319,642,28,0,0,0,1,8,9,325,617,27,0,0,0,0,0,324,618,28,0,0,0,299,566,62,6,4,0,0,0,2,3,2,10,5,3,11,3,2,4,283,521,88,2,4,0,1,0,17,24,0,10,4,2,0,10,1,0,281,515,22,0,3,0,33,91,2,0,0,0,72,298,687,37,0,0,0,0,1,5,6,290,654,32,0,0,0,0,6,14,3,0,0,0,0,26,568,406,45,17,353,33,292,346,12,1271,1036,1,158,251,5,2,162,251,0,3,1206,416
2012,47,4,1,568,564,22,9,1,5,0,6,11,573,558,21,10,1,2,0,563,551,20,9,0,2,2,4,1,0,0,0,18,484,611,34,0,0,0,0,9,12,487,583,34,0,0,0,0,0,489,585,35,0,0,0,453,560,48,7,4,3,1,0,2,9,1,4,3,3,21,2,2,6,433,533,82,6,3,3,0,0,25,17,1,4,1,0,2,11,0,0,426,524,16,2,3,2,51,50,5,0,0,2,79,447,690,26,0,0,0,0,1,6,16,438,676,22,0,0,0,0,5,10,0,0,0,0,0,14,565,554,61,8,506,26,313,335,8,1503,1187,1,229,223,3,6,227,225,6,3,1439,461
2012,47,5,1,123,220,7,2,3,0,0,1,1,125,219,6,2,3,0,0,122,216,6,2,3,0,0,0,0,0,0,0,6,118,219,6,0,0,0,0,3,2,115,216,9,0,0,0,0,0,116,216,8,0,0,0,102,193,16,1,0,1,0,0,4,6,0,3,3,0,4,3,0,6,99,175,26,0,0,0,1,0,6,9,1,3,0,0,0,6,0,1,96,170,6,0,1,0,18,38,0,0,0,0,23,86,260,5,0,0,0,0,1,1,3,83,247,5,0,0,0,0,2,4,1,0,0,0,0,11,192,140,25,0,114,12,121,109,1,466,357,1,67,108,1,1,68,108,0,1,457,177
2012,47,6,1,518,674,12,3,3,4,0,2,1,531,659,9,3,2,2,0,511,653,9,2,2,2,0,10,0,1,0,0,25,458,689,15,0,0,0,1,8,4,458,670,13,0,0,0,0,0,468,672,15,0,0,0,425,616,41,6,1,3,0,0,7,4,1,21,2,5,14,5,3,14,411,586,68,6,1,3,9,0,25,21,2,12,1,1,0,13,0,0,395,580,11,3,1,2,56,68,0,0,1,0,89,439,749,17,0,0,0,0,2,3,4,422,719,15,0,0,0,0,12,7,1,0,0,0,0,34,615,550,46,7,485,17,324,376,16,1521,1218,1,197,251,1,3,199,250,1,2,1454,452
2012,47,7,1,223,246,8,1,1,1,0,0,1,225,244,7,0,0,1,0,218,237,7,0,0,0,2,3,0,0,1,1,8,213,243,9,0,0,0,0,3,2,214,245,7,0,0,0,0,0,215,239,9,0,0,0,203,223,18,4,0,0,0,0,1,2,1,1,1,0,4,0,0,1,202,217,23,1,1,0,0,0,1,11,0,3,1,2,1,1,0,0,197,212,6,0,0,0,16,21,1,0,0,0,23,205,264,5,0,0,0,0,1,0,4,203,256,4,0,0,0,0,6,0,0,0,0,0,0,8,214,239,25,4,207,7,133,130,5,629,481,1,77,97,3,0,81,94,1,1,609,177
2012,47,8,1,389,526,32,19,3,10,0,2,3,407,514,24,21,3,9,0,383,501,21,16,3,7,0,9,4,3,0,0,32,351,541,52,0,0,0,0,5,4,356,533,41,0,0,0,0,0,359,526,42,0,0,0,320,463,69,34,2,10,0,0,0,2,1,6,2,5,16,3,0,6,307,439,102,20,0,5,0,0,10,22,0,5,1,0,4,15,0,0,305,420,26,5,0,3,44,92,0,3,0,2,75,319,607,42,0,0,0,0,4,1,8,309,565,33,0,0,0,0,10,18,5,0,0,0,0,35,466,466,44,8,367,43,284,278,12,1268,984,1,179,259,3,3,173,266,1,4,1190,444
2012,47,9,1,701,784,30,6,8,5,1,4,13,709,765,29,8,9,3,1,688,756,26,3,8,3,3,9,1,0,1,0,40,604,812,45,0,0,0,2,8,20,609,800,33,0,0,0,0,1,610,795,33,0,0,0,552,734,80,9,9,3,1,1,2,7,4,15,2,8,31,4,4,8,518,683,123,9,5,2,1,0,36,43,0,5,0,3,2,12,1,2,514,669,26,1,6,0,85,109,3,2,1,2,89,506,990,37,0,0,0,0,1,3,10,486,923,31,0,0,0,0,20,23,3,0,0,0,0,53,723,729,94,10,635,106,346,464,5,2054,1557,1,234,323,4,10,228,325,11,7,1984,571
2012,47,10,1,227,320,4,2,0,0,0,3,2,229,313,2,3,0,0,0,224,309,2,1,0,0,0,5,0,0,0,0,13,205,329,8,0,0,0,0,6,2,202,330,4,0,0,0,0,0,203,326,3,0,0,0,187,305,18,1,0,0,0,0,0,3,0,4,0,2,8,0,1,1,181,291,27,0,0,0,3,0,8,12,0,4,2,0,1,2,0,1,180,283,2,0,0,0,19,34,1,0,0,0,33,204,344,3,0,0,0,0,0,1,5,193,333,3,0,0,0,0,5,2,0,0,0,0,0,17,289,226,40,5,202,7,143,198,10,704,559,1,82,108,1,5,77,112,4,3,690,196
2012,47,11,1,283,334,18,3,1,6,1,4,3,288,328,11,5,2,6,0,277,324,10,3,1,5,0,5,2,0,0,0,20,260,343,26,0,0,0,0,7,5,255,341,22,0,0,0,0,0,259,335,20,0,0,0,234,303,35,4,4,5,0,0,3,2,1,1,1,3,15,1,0,4,230,275,57,4,4,3,1,0,14,13,0,3,1,1,1,8,1,0,226,271,14,1,4,0,27,58,1,0,0,0,43,206,414,23,0,0,0,0,0,5,7,197,400,22,0,0,0,0,7,5,1,0,0,0,0,12,316,306,27,7,272,24,173,184,3,817,656,1,118,175,3,1,112,183,0,2,795,297
2012,47,12,1,352,316,10,1,0,3,0,2,7,359,301,13,2,0,2,0,346,298,9,1,0,2,4,3,2,0,0,0,17,317,321,22,0,0,0,1,6,6,321,316,17,0,0,0,0,0,317,316,19,0,0,0,289,286,28,2,0,6,2,0,1,3,0,7,5,3,10,3,4,5,277,257,55,0,0,4,4,0,12,28,1,4,2,1,0,3,0,1,275,244,14,0,0,2,32,66,2,0,0,0,44,263,404,14,0,0,0,0,0,4,5,257,378,10,0,0,0,0,3,8,2,0,0,0,0,24,274,378,33,6,339,21,166,163,2,869,691,1,141,149,1,0,140,149,1,1,839,291
2012,47,13,1,346,406,24,2,6,4,0,6,8,361,389,20,4,6,3,0,341,386,20,2,6,2,1,9,0,0,0,0,21,306,422,37,0,0,0,0,9,5,313,411,34,0,0,0,0,0,310,406,35,0,0,0,290,377,50,4,3,2,1,0,0,3,0,8,0,2,14,1,3,5,275,346,79,3,1,1,0,0,17,20,1,2,0,2,0,5,0,1,272,339,27,2,1,1,32,58,1,0,1,0,55,252,510,26,0,0,0,0,2,4,5,248,495,23,0,0,0,0,8,4,0,0,0,0,0,15,348,391,58,5,333,31,163,270,5,1073,802,1,136,150,0,0,130,154,1,1,1037,286
2012,47,14,1,686,741,25,9,0,5,0,7,7,698,731,13,15,0,6,0,673,723,12,7,0,5,2,8,4,3,0,1,28,620,759,40,0,0,0,0,14,7,633,740,28,0,0,0,0,0,634,732,32,0,0,0,584,682,64,13,4,1,0,0,5,1,2,9,1,3,30,5,2,4,553,625,112,26,2,2,0,0,33,41,0,15,0,2,3,16,2,0,542,612,19,3,1,0,70,106,7,1,0,0,98,499,933,34,0,0,0,0,1,3,6,487,869,25,0,0,0,0,26,22,3,0,0,0,0,39,682,735,46,17,639,37,405,382,17,1853,1480,1,328,402,3,2,331,401,2,1,1797,735
2012,47,77,1,111,112,1,0,0,1,0,2,0,109,110,1,1,0,1,0,108,110,1,0,0,1,1,0,0,1,0,0,3,99,117,3,0,0,0,1,2,2,100,113,2,0,0,0,0,0,100,112,2,0,0,0,88,107,6,1,0,0,0,0,0,1,0,2,0,1,12,0,1,1,79,99,9,1,0,0,1,0,18,5,0,1,0,1,0,2,0,0,77,97,2,0,0,0,22,15,0,0,0,0,13,82,138,3,0,0,0,0,1,0,2,82,132,3,0,0,0,0,4,0,0,0,0,0,0,6,118,101,9,0,91,5,49,81,2,0,228,1,12,20,0,0,3,29,0,0,0,32
2012,47,78,1,37,42,1,1,0,0,0,2,0,39,39,1,1,0,0,0,36,39,1,1,0,0,0,2,0,0,0,0,2,17,25,0,0,0,0,0,2,0,18,24,0,0,0,0,0,0,18,24,0,0,0,0,17,24,1,0,0,0,0,0,0,0,0,0,0,0,0,0,0,0,15,23,3,0,0,0,0,0,1,0,0,0,0,0,0,0,0,0,14,23,0,0,0,0,3,1,0,0,0,0,4,13,29,1,0,0,0,0,0,0,0,13,27,1,0,0,0,0,1,0,0,0,0,0,0,2,37,38,6,0,34,4,19,24,0,0,83,1,7,14,2,0,5,17,1,0,0,23
2012,47,79,1,2,1,0,1,0,0,0,0,0,2,1,0,1,0,0,0,2,1,0,1,0,0,0,0,0,0,0,0,0,2,1,1,0,0,0,0,0,0,2,1,1,0,0,0,0,0,2,1,1,0,0,0,2,1,0,1,0,0,0,0,0,0,0,0,0,0,0,0,0,0,2,1,0,1,0,0,0,0,0,0,0,0,0,0,0,0,0,0,2,1,0,0,0,0,0,0,0,1,0,0,0,2,1,1,0,0,0,0,0,0,0,2,1,1,0,0,0,0,0,0,0,0,0,0,0,0,1,3,0,0,2,1,1,0,0,0,4,,,,,,,,,,,
2012,48,1,1,538,523,54,7,7,11,1,3,0,546,527,44,7,5,6,0,530,512,43,4,5,6,1,5,5,0,0,2,28,535,516,56,0,0,0,0,6,3,531,519,55,0,0,0,0,0,535,506,53,0,0,0,497,477,79,8,3,5,0,0,21,5,4,2,1,2,2,2,0,1,471,453,109,5,2,5,0,0,2,1,0,5,5,1,27,9,1,0,463,437,43,0,1,3,45,61,6,2,0,2,72,576,530,18,0,0,0,0,3,5,6,553,481,18,1,0,2,0,9,23,6,0,0,2,0,38,486,630,21,7,511,65,279,282,7,1390,1142,1,374,386,6,1,358,401,5,3,1303,767
2012,48,2,1,502,460,26,1,2,6,0,2,1,510,450,24,1,2,4,0,496,441,22,0,2,4,2,3,2,0,0,1,25,487,464,26,0,0,0,0,4,0,493,467,24,0,0,0,0,0,488,455,20,0,0,0,445,426,38,2,5,3,0,0,12,4,19,4,0,3,0,0,1,3,436,405,66,1,3,4,0,0,0,3,0,3,4,2,29,13,0,1,427,391,14,0,2,1,51,57,7,0,0,0,47,496,492,9,0,0,0,0,0,2,1,482,462,7,0,0,1,0,13,5,4,0,0,0,0,24,431,533,32,5,459,33,247,256,6,1283,1001,1,226,253,0,4,222,260,0,1,1217,483
2012,48,3,1,485,533,25,2,3,8,2,3,2,487,527,24,2,3,6,0,475,515,22,1,2,6,4,1,1,1,0,1,29,480,533,29,0,0,0,1,5,4,476,524,30,0,0,0,0,0,476,527,29,0,0,0,438,493,43,2,1,3,0,0,21,5,6,3,0,2,0,0,0,3,414,476,69,1,1,2,1,0,0,4,1,4,2,4,19,11,1,0,410,463,22,1,1,1,45,50,0,0,0,1,62,489,550,12,0,0,0,0,1,3,2,475,533,12,0,0,2,0,7,7,0,0,0,1,0,22,483,547,30,5,471,29,311,235,19,1351,1064,1,184,257,3,0,192,251,1,0,1232,444
2012,48,4,1,142,179,6,2,0,1,2,1,1,145,177,5,2,0,0,0,140,174,5,2,0,0,0,2,0,0,0,0,9,129,182,6,0,0,0,6,1,2,140,176,6,0,0,0,0,0,133,176,10,0,0,0,116,162,12,3,0,0,0,0,3,4,5,2,0,0,2,0,0,3,114,155,24,2,0,0,0,0,0,3,0,4,4,0,4,5,0,1,107,149,4,1,0,0,17,22,1,0,0,0,30,134,197,1,0,0,0,0,0,1,0,128,186,1,0,0,0,0,2,7,2,0,0,0,0,7,168,152,14,0,118,13,91,112,0,424,333,1,60,104,1,0,56,109,0,0,390,165
2012,48,5,1,156,189,7,1,0,1,0,0,0,157,189,5,2,0,0,0,153,185,4,1,0,0,0,1,1,0,0,0,10,154,186,7,0,0,0,0,1,0,153,186,6,0,0,0,0,0,154,184,6,0,0,0,140,174,11,1,0,0,0,0,5,0,6,1,0,1,0,0,0,4,132,167,22,1,0,0,0,0,0,0,1,4,1,0,13,4,0,0,124,163,4,1,0,0,25,17,0,0,0,0,20,163,188,2,0,0,0,0,0,0,0,157,184,2,0,0,0,0,3,0,1,0,0,0,0,8,181,155,16,3,140,8,95,112,0,450,355,1,74,100,3,1,77,99,1,1,422,178
2012,48,6,1,515,578,19,3,2,4,1,3,4,525,570,14,7,2,4,0,513,565,13,2,2,4,1,3,0,1,0,0,23,514,552,18,0,0,0,2,9,10,513,557,22,0,0,0,0,0,513,541,18,0,0,0,476,498,46,4,3,3,0,0,20,14,1,9,0,1,5,0,1,4,460,480,74,4,2,2,0,0,0,14,0,7,3,0,18,10,0,0,450,467,9,2,0,1,52,67,1,0,1,2,63,570,546,6,0,0,0,0,0,6,3,553,533,4,0,0,0,0,9,2,1,0,0,2,0,21,547,529,50,8,470,31,276,351,6,1449,1134,1,248,289,4,3,245,294,4,1,1350,544
2012,48,7,1,313,345,13,0,2,3,0,0,0,312,341,14,2,2,3,0,309,337,13,0,2,3,2,0,0,0,0,0,11,320,329,10,0,0,0,0,3,3,309,323,10,0,0,0,0,0,306,325,13,0,0,0,289,293,39,0,0,0,0,0,11,5,0,3,0,1,1,1,0,3,288,281,47,0,0,0,0,0,1,4,0,3,0,0,9,12,0,0,280,275,9,0,0,0,21,42,1,0,0,1,42,350,317,4,0,0,0,0,1,2,0,343,312,4,0,0,1,0,3,3,0,0,0,0,0,8,305,342,27,3,271,22,203,177,4,924,677,1,155,165,3,0,147,171,2,3,870,323
2012,48,8,1,331,268,12,2,2,3,0,1,2,334,267,10,2,2,2,0,329,266,10,2,2,2,0,0,0,0,0,0,8,326,264,11,0,0,0,0,2,3,326,269,13,0,0,0,0,0,325,249,11,0,0,0,307,238,19,3,0,0,0,0,7,2,0,3,0,0,3,2,2,1,299,228,42,4,0,0,0,0,1,3,0,1,2,0,9,2,0,1,294,220,10,1,0,0,24,26,0,0,0,0,42,356,256,7,0,0,0,0,0,0,3,352,253,7,0,0,0,0,2,3,1,0,0,0,0,1,263,337,19,3,301,16,163,140,2,834,622,1,149,126,1,2,152,123,2,1,794,278
2012,48,9,1,697,580,32,3,4,5,0,2,5,701,572,28,3,4,3,0,692,569,27,3,4,3,1,3,3,0,0,0,16,694,565,27,0,0,0,2,11,5,690,566,28,0,0,0,0,1,686,567,29,0,0,0,646,532,45,3,1,3,0,2,20,3,3,3,2,3,2,2,1,4,629,516,67,4,1,1,0,1,0,6,1,2,4,1,20,16,1,0,609,495,18,1,1,1,60,60,6,0,0,0,55,725,586,4,0,0,0,0,1,2,7,700,559,4,0,0,1,0,16,11,6,0,0,0,0,22,571,686,60,11,612,46,267,391,12,1842,1328,1,244,325,4,7,253,319,1,7,1718,580
2012,48,10,1,301,279,9,2,1,5,0,1,3,304,280,4,3,1,4,0,296,272,4,2,1,4,1,2,2,0,0,0,14,288,288,5,0,0,0,0,5,1,287,280,8,0,0,0,0,0,291,277,8,0,0,0,278,256,15,2,1,1,0,0,8,8,2,2,1,0,1,2,2,2,269,245,29,2,0,2,3,0,0,4,1,4,2,1,8,9,0,0,266,240,5,2,0,1,18,32,0,0,0,0,32,331,268,0,0,0,0,0,0,0,1,322,263,0,0,0,0,0,3,1,0,0,0,0,0,12,266,309,24,3,278,12,153,157,2,784,602,1,118,110,3,1,118,111,2,1,702,232
2012,48,11,1,165,153,4,2,2,3,0,1,1,166,155,2,0,2,3,0,164,152,2,0,2,3,1,1,1,1,0,0,2,165,151,2,0,0,0,0,2,2,163,150,3,0,0,0,0,1,167,149,3,0,0,0,155,142,12,2,1,2,0,0,1,0,0,0,0,0,2,1,0,0,150,136,22,0,1,3,0,0,1,0,0,1,1,0,1,1,0,0,148,128,2,0,1,2,10,20,0,0,0,1,15,193,135,1,0,0,0,0,0,1,1,191,131,1,0,0,0,0,2,1,0,0,0,0,0,3,144,165,21,1,132,6,77,114,2,420,331,1,58,63,0,2,49,70,3,1,401,123
2012,48,12,1,437,397,12,2,2,5,0,0,0,442,391,10,3,2,5,0,435,389,9,2,2,3,1,4,0,0,0,2,8,419,399,14,0,0,0,0,3,0,424,385,15,0,0,0,0,0,420,385,14,0,0,0,397,369,29,3,2,4,0,0,13,1,1,0,0,0,6,1,0,0,395,358,43,2,2,3,0,0,1,2,0,3,1,0,13,1,0,1,385,354,10,2,1,2,28,26,2,0,0,0,42,471,374,2,0,0,0,0,0,3,0,462,371,2,0,0,1,0,0,3,1,0,0,1,0,12,369,439,45,2,395,19,212,228,1,1094,855,1,159,165,2,2,161,164,1,2,1017,328
2012,48,13,1,664,588,25,7,4,7,1,5,5,677,576,15,10,4,2,2,659,572,15,5,4,2,1,7,5,2,0,4,20,673,573,23,0,0,0,1,7,4,670,574,23,0,0,0,0,0,664,569,28,0,0,0,616,533,46,7,2,4,0,0,25,9,5,5,2,1,6,2,2,3,603,507,81,5,1,2,2,0,0,6,0,3,6,2,28,17,0,0,593,492,17,3,1,1,54,66,3,0,0,1,64,738,555,2,0,0,0,0,1,5,4,718,536,2,0,0,0,0,9,11,5,0,0,1,0,15,545,706,45,10,646,41,354,255,10,1650,1306,1,367,297,2,1,346,316,4,1,1519,667
2012,48,14,1,144,124,1,0,0,0,0,0,0,143,123,2,0,0,0,0,143,123,1,0,0,0,0,0,1,0,0,0,1,142,122,2,0,0,0,0,0,0,140,122,4,0,0,0,0,0,142,121,2,0,0,0,138,115,3,0,0,0,0,0,2,0,0,3,0,0,1,0,0,0,135,108,10,0,0,0,0,0,0,2,0,5,0,0,2,3,0,0,134,105,1,0,0,0,6,16,1,0,0,0,6,150,119,0,0,0,0,0,0,0,0,146,118,0,0,0,0,0,1,0,0,0,0,0,0,4,108,148,13,0,127,5,77,60,0,327,269,1,72,66,0,0,69,69,0,0,308,138
2012,48,77,1,270,199,5,1,1,0,0,2,0,270,198,5,0,2,0,0,269,198,5,0,1,0,0,0,0,0,0,0,3,258,203,10,0,0,0,0,2,0,260,205,7,0,0,0,0,0,260,197,8,0,0,0,232,196,8,1,0,1,0,0,6,2,18,0,1,0,1,0,0,1,238,196,11,0,1,1,0,0,0,0,0,0,0,0,19,3,1,0,223,193,7,0,0,1,36,4,1,0,0,0,10,263,206,5,0,0,0,0,0,2,0,256,204,4,0,0,0,0,1,3,1,0,0,0,0,6,255,210,8,3,244,7,93,132,0,0,478,1,17,24,1,0,5,35,1,1,0,42
2012,48,78,1,23,20,0,0,0,0,0,1,0,23,20,0,0,0,0,0,22,20,0,0,0,0,0,0,0,0,0,0,1,9,3,0,0,0,0,0,0,0,11,3,0,0,0,0,0,0,11,2,1,0,0,0,9,2,0,0,0,1,0,0,0,0,0,0,0,0,0,0,0,0,9,2,0,0,0,0,0,0,0,0,0,0,0,0,0,0,0,0,9,2,0,0,0,0,0,0,0,0,0,0,3,9,3,0,0,0,0,0,0,0,0,9,3,0,0,0,0,0,0,0,0,0,0,0,0,0,16,24,4,0,26,1,10,7,0,0,44,1,8,13,0,1,5,15,1,1,0,22
2012,48,79,1,0,0,0,0,0,0,0,0,0,0,0,0,0,0,0,0,0,0,0,0,0,0,0,0,0,0,0,0,0,0,0,0,0,0,0,0,0,0,0,0,0,0,0,0,0,0,0,0,0,0,0,0,0,0,1,0,0,0,0,0,0,0,0,0,0,0,0,0,0,0,0,0,0,0,0,0,0,0,0,0,0,0,0,0,0,0,0,0,0,0,0,0,0,0,0,0,0,0,0,0,1,0,0,0,0,0,0,0,0,0,1,0,0,0,0,0,0,0,0,0,0,0,0,0,0,0,0,0,0,0,0,0,0,0,0,0,0,,,,,,,,,,,
2012,48,80,1,0,0,0,0,0,0,0,0,0,0,0,0,0,0,0,0,0,0,0,0,0,0,0,0,0,0,0,0,0,0,1,0,0,0,0,0,0,0,0,1,0,0,0,0,0,0,0,1,0,0,0,0,0,1,0,0,0,0,0,0,0,0,0,0,0,0,0,0,0,0,0,1,0,0,0,0,0,0,0,0,0,0,0,0,0,0,0,0,0,1,0,0,0,0,0,0,0,0,0,0,0,0,0,0,0,0,0,0,0,0,0,0,0,0,0,0,0,0,0,0,0,0,0,0,0,0,0,0,0,0,0,0,0,0,0,0,0,,,,,,,,,,,
2012,49,1,1,994,1216,61,15,11,11,2,2,8,1022,1200,54,10,9,7,2,979,1185,51,8,6,7,7,4,5,4,2,2,55,900,1280,80,0,0,0,1,7,19,943,1200,74,0,0,0,0,4,937,1207,83,0,0,0,849,1101,126,13,3,12,1,1,39,14,6,10,2,38,8,7,1,1,804,1042,211,7,3,7,2,1,4,19,2,15,3,29,44,2,1,25,771,1012,58,4,3,4,138,157,5,1,0,1,155,1064,1177,54,0,0,0,0,5,5,12,995,1126,47,2,0,0,0,30,40,4,0,0,0,0,64,1106,1146,60,13,1015,68,527,700,15,2897,2325,1,461,649,5,5,456,662,0,3,2764,1120
2012,49,2,1,422,642,21,4,1,3,3,7,8,440,627,16,7,1,2,0,417,618,16,3,1,1,4,13,1,0,0,1,22,398,661,22,0,0,0,2,3,7,414,624,21,0,0,0,0,0,414,632,20,0,0,0,384,594,32,4,1,0,0,0,17,5,1,5,2,9,4,2,2,2,364,558,74,2,0,1,0,0,2,13,1,9,1,2,16,2,0,8,351,550,13,2,0,0,50,67,4,0,0,0,61,474,605,20,0,0,0,0,1,8,1,452,576,16,1,0,0,0,4,20,3,0,0,0,0,30,523,529,58,2,431,28,247,390,16,1380,1112,1,195,271,4,1,192,277,0,2,1315,471
2012,49,3,1,118,195,6,3,1,5,0,0,0,126,192,5,2,0,1,0,115,188,4,2,0,1,3,3,2,0,1,2,7,115,197,7,0,0,0,0,0,1,116,194,6,0,0,0,0,0,116,191,8,0,0,0,110,183,15,1,0,1,0,0,8,0,0,0,0,1,0,0,1,0,103,174,27,1,0,1,0,0,1,0,0,2,0,2,9,0,0,1,99,169,5,1,0,1,14,21,0,0,0,0,17,126,191,6,0,0,0,0,1,2,0,121,183,5,1,0,0,0,2,4,0,0,0,0,0,10,167,136,25,0,122,14,69,123,0,400,328,1,58,104,1,2,59,105,0,1,395,165
2012,49,4,1,595,909,52,9,4,5,2,3,5,614,897,44,11,4,3,1,591,890,43,7,4,3,4,10,3,0,0,2,22,557,950,52,0,0,0,2,8,4,572,889,51,0,0,0,0,0,579,896,54,0,0,0,528,832,81,10,1,7,0,0,23,6,5,7,0,17,5,3,1,3,513,788,127,7,1,0,1,0,2,12,0,9,2,15,21,2,0,18,492,770,47,5,1,0,72,107,2,1,0,1,77,650,886,35,0,0,0,0,1,5,5,608,829,35,2,0,0,0,14,40,3,0,0,0,0,46,797,692,89,8,572,62,298,644,10,1910,1587,1,297,404,4,0,289,414,2,0,1850,705
2012,49,5,1,296,407,19,2,2,3,0,2,2,301,399,19,2,3,1,0,287,394,17,0,1,1,1,3,3,1,2,1,19,279,408,23,0,0,0,0,5,3,275,399,20,0,0,0,0,0,272,398,24,0,0,0,255,369,38,8,2,1,0,0,10,1,1,1,0,6,3,2,2,1,244,353,58,5,2,1,1,0,0,3,0,10,1,2,14,1,0,5,240,340,18,3,1,0,28,52,1,1,0,1,40,321,388,15,0,0,0,0,0,3,2,297,375,12,1,0,0,0,6,8,1,1,0,0,0,28,307,388,33,6,288,16,160,260,10,940,734,1,133,203,1,3,126,209,1,4,940,340
2012,49,6,1,443,625,9,3,2,2,1,1,4,445,624,7,4,2,2,1,439,620,7,3,2,2,1,4,1,0,0,0,8,385,668,11,0,0,0,3,6,3,413,615,11,0,0,0,0,0,411,616,13,0,0,0,375,569,31,3,0,2,1,0,15,4,1,6,0,20,3,5,2,0,368,554,54,2,1,0,0,0,1,3,0,6,1,3,17,3,1,13,340,531,6,1,0,0,63,75,2,1,0,0,62,470,600,5,0,0,0,0,3,2,6,436,577,3,1,0,0,0,11,19,2,2,0,0,0,28,570,464,54,3,419,15,222,421,14,1325,1092,1,188,236,2,0,158,260,8,0,1256,426
2012,49,7,1,580,810,42,8,9,9,1,2,6,596,795,37,7,8,7,0,573,782,36,7,7,6,2,7,2,0,2,2,34,527,842,47,0,0,0,4,5,9,553,798,46,0,0,0,0,130,547,792,56,0,0,0,498,713,83,16,7,4,0,0,24,2,3,7,0,46,2,1,3,3,476,698,127,14,5,2,1,0,3,8,4,9,2,11,25,2,1,16,454,664,37,4,3,2,76,112,7,1,3,1,90,634,789,34,0,0,0,0,1,3,5,589,730,27,1,0,0,0,21,37,6,0,0,0,0,49,730,678,49,11,575,58,321,502,12,1811,1468,1,276,434,2,1,270,440,2,1,1733,713
2012,49,8,1,362,657,23,3,0,5,0,4,2,372,643,21,3,1,2,0,355,636,21,3,0,2,3,7,0,0,0,0,25,337,603,26,0,0,0,1,7,6,337,640,26,0,0,0,0,0,341,637,25,0,0,0,312,591,44,6,2,2,0,0,12,7,3,5,1,18,4,3,0,1,301,584,65,3,2,2,0,0,0,4,0,10,2,3,19,1,0,12,293,564,20,1,1,1,34,61,1,1,0,1,67,396,631,19,0,0,0,0,1,6,3,357,572,15,2,0,0,0,20,48,0,0,0,0,0,35,623,388,44,3,335,33,225,449,16,1413,1058,1,143,272,0,4,153,259,3,4,1343,419
2012,49,9,1,716,1178,37,6,4,5,1,3,9,728,1161,32,5,3,4,0,700,1151,29,3,3,4,5,11,4,0,0,1,37,643,1228,33,0,0,0,3,10,12,666,1168,37,0,0,0,0,0,680,1160,41,0,0,0,639,1062,57,1,0,3,0,0,17,8,4,14,3,65,4,7,4,3,601,1047,113,0,0,4,5,0,2,13,3,8,2,11,25,2,4,27,581,986,27,0,0,0,72,157,5,1,0,0,109,757,1143,38,0,0,0,0,2,6,11,708,1082,30,1,0,0,0,28,40,5,0,0,0,0,49,1119,751,76,14,655,45,384,863,13,2452,1960,1,334,520,10,7,312,549,2,8,2331,871
2012,49,10,1,628,721,24,7,4,2,0,3,8,651,703,14,4,4,2,0,624,696,13,4,3,1,7,11,2,0,0,1,23,559,772,24,0,0,0,1,4,8,587,720,24,0,0,0,0,0,585,722,26,0,0,0,544,681,41,6,2,4,0,0,26,6,1,8,4,13,5,1,3,1,501,635,90,4,3,3,1,0,2,16,1,16,4,6,35,2,6,17,485,622,20,4,2,1,86,79,2,0,0,0,86,645,724,14,0,0,0,0,0,2,4,619,694,14,0,0,0,0,14,18,2,0,0,0,0,29,664,663,62,7,611,33,223,507,22,1716,1396,1,260,300,3,4,260,299,3,5,1587,567
2012,49,11,1,244,262,6,1,2,2,0,0,2,246,258,4,3,1,1,0,239,255,4,1,1,1,0,3,0,0,0,0,16,209,288,3,0,0,0,0,4,4,224,263,3,0,0,0,0,0,226,261,5,0,0,0,210,244,12,1,2,0,0,0,11,2,0,3,1,1,1,0,0,0,200,234,26,0,0,0,2,0,2,1,1,5,0,3,8,2,0,2,190,231,3,0,0,0,28,25,0,0,1,0,35,262,251,3,0,0,0,0,0,2,4,246,234,2,0,0,0,0,3,7,1,0,0,0,0,23,254,238,25,5,217,8,110,180,7,638,522,1,87,87,2,0,89,87,0,0,609,176
2012,49,77,1,117,151,5,0,1,0,0,4,1,115,151,5,1,1,0,0,115,150,5,0,1,0,0,1,0,0,0,0,2,108,159,5,0,0,0,1,3,1,111,153,5,0,0,0,0,0,110,153,5,0,0,0,102,145,6,1,0,0,0,0,8,1,0,0,1,5,0,0,0,2,98,146,12,1,0,0,0,0,2,1,0,1,0,1,8,0,0,1,96,139,5,1,0,0,13,11,0,0,0,0,12,105,161,6,0,0,0,0,0,5,3,104,154,6,0,0,0,0,1,3,0,0,0,0,0,3,155,116,7,2,105,5,48,118,4,0,279,1,6,23,2,0,1,29,1,0,0,31
2012,49,78,1,20,18,0,0,0,0,0,0,1,20,18,0,0,0,0,0,20,17,0,0,0,0,0,0,0,0,0,0,1,8,8,0,0,0,0,0,0,2,9,7,0,0,0,0,0,0,9,7,0,0,0,0,9,7,0,0,0,0,0,0,0,0,0,0,0,0,0,0,0,0,9,7,0,0,0,0,0,0,0,0,0,0,0,0,0,0,0,0,8,7,0,0,0,0,1,0,0,0,0,0,0,9,7,0,0,0,0,0,0,0,2,9,7,0,0,0,0,0,0,0,0,0,0,0,0,0,19,15,5,0,16,1,10,12,0,0,39,1,8,13,0,0,3,18,0,0,0,21
2012,49,79,1,0,0,0,0,0,0,0,0,0,0,0,0,0,0,0,0,0,0,0,0,0,0,0,0,0,0,0,0,0,1,0,0,0,0,0,0,0,2,0,0,0,0,0,0,0,0,0,0,0,0,0,0,0,0,0,0,0,0,0,0,0,0,0,0,0,0,0,0,0,0,0,0,0,0,0,0,0,0,0,0,0,0,0,0,0,0,0,0,0,0,0,0,0,0,0,0,0,0,0,0,1,0,0,0,0,0,0,0,0,0,0,0,0,0,0,0,0,0,0,0,0,0,0,0,0,0,0,0,0,0,0,0,0,0,0,0,0,,,,,,,,,,,
2012,50,1,1,623,334,6,6,1,2,0,5,4,625,335,5,5,1,2,0,620,333,5,5,1,2,1,1,0,0,0,0,9,617,335,8,0,0,0,0,8,6,620,328,5,0,0,0,0,0,618,332,6,0,0,0,600,322,13,2,2,3,0,0,12,3,0,1,0,2,4,0,0,0,587,309,25,2,4,2,5,0,0,4,0,3,2,4,12,0,0,0,583,309,4,1,2,2,32,17,0,1,0,0,24,631,338,8,0,0,0,0,1,1,2,627,326,4,0,0,0,0,2,8,2,0,0,0,0,18,335,606,39,6,576,18,169,218,5,1167,986,1,219,115,5,1,213,124,3,0,1089,340
2012,50,2,1,534,630,16,3,3,1,0,1,0,540,623,14,2,2,0,0,528,619,13,1,2,0,1,2,2,0,0,1,20,525,629,16,0,0,0,0,4,2,533,617,16,0,0,0,0,0,529,617,17,0,0,0,507,589,33,1,1,1,1,0,9,6,2,5,0,3,2,3,1,0,494,570,51,0,2,0,2,0,0,4,1,13,0,9,9,1,0,5,487,567,15,0,1,0,40,44,1,0,0,0,30,534,642,6,0,0,0,0,0,2,4,526,616,5,0,0,0,0,4,3,1,0,0,0,0,30,593,538,58,3,488,22,290,370,22,1490,1192,1,215,291,5,2,206,303,3,1,1385,513
2012,50,3,1,88,131,3,1,1,2,0,0,0,89,130,2,3,1,0,0,86,130,2,1,1,0,1,1,0,0,0,0,5,87,129,7,0,0,0,0,1,0,88,128,7,0,0,0,0,0,86,128,8,0,0,0,80,126,9,1,1,0,0,0,2,2,0,1,0,0,1,0,0,0,75,120,14,1,1,0,2,0,1,1,0,0,0,3,0,0,0,1,74,120,6,0,1,0,10,6,0,1,0,0,8,93,129,1,0,0,0,0,0,1,2,91,122,1,0,0,0,0,4,3,0,0,0,0,0,3,134,83,9,1,74,5,61,79,8,236,227,1,43,53,1,0,44,53,0,0,220,97
2012,50,4,1,121,84,2,1,1,2,0,1,0,122,84,2,2,1,0,0,121,84,2,1,1,0,0,0,0,0,0,1,1,116,83,1,0,0,0,0,4,1,118,80,1,0,0,0,0,0,115,81,3,0,0,0,109,75,9,2,1,1,0,0,2,1,0,0,0,0,0,0,1,0,106,67,18,0,1,1,2,1,0,0,0,2,0,2,2,0,0,2,106,67,0,0,1,1,8,14,1,0,0,0,9,129,77,4,0,0,0,0,1,1,0,128,76,4,0,0,0,0,0,0,0,0,0,0,0,3,80,115,17,0,100,5,33,69,5,258,212,1,29,37,1,0,28,38,1,0,254,67
2012,50,5,1,146,153,1,0,0,1,1,1,2,145,154,1,0,0,0,0,142,151,1,0,0,0,1,1,0,0,0,0,6,135,157,2,0,0,0,0,2,2,140,150,2,0,0,0,0,0,136,150,2,0,0,0,128,147,4,0,0,0,0,0,4,1,5,0,0,0,0,0,0,0,126,146,6,0,0,1,0,0,0,0,0,2,0,1,6,0,0,2,124,144,1,0,0,0,11,5,1,0,0,0,14,153,146,1,0,0,0,0,0,1,1,147,144,1,0,0,0,0,2,0,0,0,0,0,0,8,149,144,9,2,129,4,55,114,2,353,304,1,35,41,1,0,38,39,0,0,317,77
2012,50,6,1,321,176,1,1,2,1,0,0,1,323,173,1,1,0,0,0,318,172,1,0,1,0,0,2,0,1,0,0,7,320,172,1,0,0,0,0,2,1,322,169,1,0,0,0,0,0,322,169,1,0,0,0,312,159,11,0,1,0,0,0,7,0,0,1,0,2,0,0,0,0,299,149,18,0,1,0,6,0,0,1,0,2,0,3,11,0,0,2,297,148,1,0,1,0,22,20,0,0,0,0,11,332,160,3,0,0,0,0,0,2,6,329,158,2,0,0,0,0,0,1,0,0,0,0,0,5,151,314,37,1,284,4,96,116,3,617,503,1,90,65,0,2,96,58,0,3,589,157
2012,50,7,1,314,135,4,0,0,3,0,1,5,312,135,4,0,0,3,0,312,134,4,0,0,3,1,0,0,0,0,0,2,307,135,5,0,0,0,0,4,7,307,130,5,0,0,0,0,0,306,130,6,0,0,0,299,126,9,0,1,1,0,0,4,0,0,0,0,1,0,1,0,0,299,121,13,0,0,1,1,0,0,0,0,0,0,1,5,0,0,0,295,121,4,0,0,1,13,8,0,0,0,0,9,321,136,0,0,0,0,0,0,3,2,315,131,0,0,0,0,0,2,4,0,0,0,0,0,5,138,303,20,1,288,5,58,108,3,539,462,1,62,48,0,0,62,48,0,0,504,110
2012,50,77,1,60,31,0,0,0,0,0,2,0,60,31,0,0,0,0,0,60,31,0,0,0,0,0,0,0,0,0,0,0,59,32,1,0,0,0,0,2,0,59,32,1,0,0,0,0,0,60,31,1,0,0,0,58,31,2,0,0,0,0,0,1,0,0,0,0,0,0,0,0,0,58,30,3,0,0,0,0,0,0,0,0,0,0,0,1,0,0,0,58,30,1,0,0,0,1,1,0,0,0,0,1,61,31,0,0,0,0,0,0,2,0,61,31,0,0,0,0,0,0,0,0,0,0,0,0,0,34,56,3,1,57,1,6,30,0,0,93,1,3,5,2,0,2,6,2,0,0,10
2012,50,78,1,10,7,1,0,0,0,0,0,0,9,7,1,0,0,0,0,9,7,1,0,0,0,0,0,0,0,0,0,1,2,2,0,0,0,0,0,0,1,2,2,0,0,0,0,0,0,2,2,0,0,0,0,2,2,0,0,0,0,0,0,0,0,0,0,0,0,0,0,0,0,2,2,0,0,0,0,0,0,0,0,0,0,0,0,0,0,0,0,2,2,0,0,0,0,0,0,0,0,0,0,0,1,2,0,0,0,0,0,0,0,2,1,2,0,0,0,0,0,0,0,0,0,0,0,0,0,7,9,1,0,8,1,4,4,0,0,18,1,3,5,0,0,2,6,0,0,0,8
2012,51,1,1,146,118,1,2,0,1,0,0,2,151,110,1,3,0,1,0,141,108,1,2,0,1,2,4,0,1,0,0,8,146,113,2,0,0,0,0,1,2,148,106,2,0,0,0,0,0,150,104,2,0,0,0,133,96,5,3,0,3,0,0,0,0,0,1,0,1,1,3,10,2,127,97,14,1,0,2,0,0,0,0,9,5,0,0,0,0,0,0,125,92,2,0,0,0,17,10,0,0,0,1,20,173,91,5,0,0,0,0,0,1,0,168,88,5,0,0,0,0,1,2,0,0,0,0,0,5,106,142,20,2,130,11,50,78,1,377,270,1,50,28,0,1,49,29,0,1,368,79
2012,51,2,1,52,81,2,0,0,0,0,0,0,49,82,2,0,0,0,0,49,81,2,0,0,0,0,0,0,0,0,0,3,48,80,5,0,0,0,0,1,0,51,77,5,0,0,0,0,0,51,77,4,0,0,0,45,76,6,1,0,0,0,0,0,0,0,0,1,1,1,0,0,0,43,72,7,0,1,0,5,0,0,0,3,0,0,0,0,0,0,0,42,71,4,0,0,0,8,6,0,0,0,0,3,71,59,4,0,0,0,0,0,1,0,69,59,3,0,0,0,0,2,1,0,0,0,0,0,0,70,48,16,1,40,3,25,67,0,158,135,1,18,14,0,0,17,15,0,0,161,32
2012,51,3,1,170,161,1,0,0,0,0,2,2,172,157,1,0,0,0,0,169,155,1,0,0,0,0,2,0,0,0,0,6,165,154,0,0,0,0,0,5,4,169,148,0,0,0,0,0,0,169,148,0,0,0,0,158,141,4,0,0,0,0,0,0,0,0,0,0,1,1,0,5,5,154,138,7,0,0,0,1,0,0,1,13,1,0,1,0,0,0,1,149,137,0,0,0,0,16,9,0,0,0,0,17,205,127,0,0,0,0,0,0,2,2,196,123,0,0,0,0,0,1,4,0,0,0,0,0,9,153,155,26,3,138,9,84,104,2,448,337,1,57,49,2,1,49,57,3,0,459,109
2012,51,4,1,198,258,1,1,1,0,0,1,1,198,257,1,1,1,0,0,195,256,1,1,1,0,0,1,0,0,0,0,4,181,267,2,0,0,0,0,2,3,187,258,2,0,0,0,0,0,183,256,4,0,0,0,176,246,8,1,2,0,0,0,0,0,0,2,3,1,3,2,4,4,162,248,16,0,1,0,0,0,0,3,15,4,0,0,2,2,0,1,160,236,1,0,1,0,21,19,1,1,0,0,16,237,220,1,0,0,0,0,0,0,2,213,220,1,0,0,0,0,8,10,0,0,0,0,0,7,238,197,24,2,169,8,106,174,4,581,461,1,66,110,0,0,61,114,1,0,581,176
2012,51,5,1,86,76,6,1,0,2,0,1,0,86,76,5,3,0,2,0,86,75,5,1,0,2,0,0,0,0,0,0,3,83,75,9,0,0,0,0,2,1,83,73,8,0,0,0,0,0,83,74,8,0,0,0,75,69,8,3,1,1,0,0,0,0,1,2,1,0,1,0,3,2,71,69,12,2,0,0,0,0,2,0,2,6,0,0,1,0,0,1,71,66,6,1,0,0,8,5,1,1,0,0,11,103,64,4,0,0,0,0,0,1,1,97,59,4,0,0,0,0,2,3,0,0,0,0,0,6,76,91,5,1,77,10,47,39,0,218,173,1,34,55,0,0,33,56,0,0,214,89
2012,51,6,1,145,140,4,9,3,2,0,1,4,147,138,2,11,3,1,0,143,137,2,9,2,1,0,0,1,1,0,1,6,146,138,6,0,0,0,0,3,2,147,135,6,0,0,0,0,0,148,133,6,0,0,0,139,127,10,6,2,2,0,0,0,0,0,1,1,2,0,1,5,1,130,124,20,5,2,2,0,0,0,0,9,2,0,0,0,0,0,1,130,123,4,4,2,2,11,7,0,1,0,0,19,186,115,2,0,0,0,0,0,1,2,176,115,2,0,0,0,0,5,1,0,0,0,0,0,6,134,151,21,2,134,6,86,82,0,385,308,1,66,61,1,0,62,66,0,0,374,128
2012,51,7,1,61,52,0,0,0,0,0,0,0,61,49,2,0,0,0,0,61,49,0,0,0,0,0,0,1,0,0,0,2,55,46,1,0,0,0,0,4,0,54,49,1,0,0,0,0,0,54,48,0,0,0,0,53,46,3,0,0,0,0,0,0,0,0,0,0,1,0,0,1,0,49,43,6,0,0,0,0,0,0,0,2,2,0,0,0,0,0,0,49,42,0,0,0,0,5,6,0,0,0,0,7,65,45,0,0,0,0,0,0,2,2,60,44,0,0,0,0,0,0,1,0,0,0,0,0,6,44,49,19,1,58,2,13,40,0,135,113,1,54,26,2,0,52,28,2,0,126,82
2012,51,8,1,186,162,7,0,0,0,1,1,3,189,157,6,1,0,0,0,184,157,6,0,0,0,2,2,0,0,0,0,5,176,164,10,0,0,0,0,0,1,180,157,8,0,0,0,0,0,184,159,10,0,0,0,167,154,16,0,0,0,0,0,3,0,1,0,0,0,2,0,3,2,161,151,26,0,0,0,0,0,0,1,5,0,2,0,0,0,0,0,158,147,6,0,0,0,15,10,1,0,0,0,22,215,135,7,0,0,0,0,0,0,0,204,133,7,0,0,0,0,4,2,0,0,0,0,0,10,161,184,12,3,165,13,67,115,0,488,360,1,62,71,1,0,66,67,1,0,468,134
2012,51,9,1,191,132,9,0,1,1,0,1,1,189,133,8,0,1,1,0,186,130,8,0,1,1,1,0,1,0,0,0,6,183,137,8,0,0,0,0,1,4,183,137,7,0,0,0,0,0,182,137,7,0,0,0,176,133,14,1,0,1,0,0,0,0,0,1,0,0,1,0,3,1,170,129,22,1,0,0,0,0,0,0,4,3,0,0,0,0,1,0,168,127,6,0,0,0,13,6,1,0,0,0,10,205,117,6,0,0,0,0,1,2,2,202,116,5,0,0,0,0,1,0,1,0,0,0,0,7,125,185,24,2,169,11,81,72,3,444,336,1,64,57,0,0,60,61,0,0,439,121
2012,51,10,1,370,318,9,2,3,4,0,3,7,375,308,8,1,3,4,0,364,305,7,1,3,4,1,3,1,0,0,0,17,354,307,17,0,0,0,1,7,7,357,294,16,0,0,0,0,0,362,290,17,0,0,0,325,269,32,2,5,2,0,0,0,0,1,2,0,1,2,3,16,8,311,260,54,0,4,3,2,0,3,0,14,12,0,0,1,1,1,3,303,254,13,0,4,1,42,32,0,0,0,1,52,465,230,7,0,0,0,0,3,0,11,442,221,7,0,0,0,0,6,8,0,0,0,0,0,21,282,377,45,11,316,22,164,205,8,958,716,1,134,115,2,2,127,124,1,1,930,253
2012,51,11,1,995,900,77,9,6,17,0,5,12,1020,882,69,10,5,12,4,985,866,68,8,5,12,2,8,5,0,0,2,45,997,855,84,0,0,0,2,10,11,1005,836,79,0,0,0,0,0,1023,828,88,0,0,0,927,767,134,14,3,10,2,0,2,6,6,2,2,10,10,11,29,9,884,730,206,9,2,8,12,0,5,1,31,22,2,0,2,7,2,3,872,719,69,4,1,5,89,89,8,1,0,1,144,1289,663,54,0,0,0,0,1,5,6,1216,652,52,0,0,0,0,17,21,7,0,0,0,0,47,864,1088,52,19,924,86,489,514,10,2678,2023,1,441,477,4,7,429,492,3,5,2597,929
2012,51,12,1,395,312,12,4,2,6,0,0,0,404,308,11,3,1,2,0,391,305,10,2,0,2,0,2,1,2,1,1,14,394,300,15,0,0,0,8,5,0,400,299,15,0,0,0,0,0,399,296,18,0,0,0,364,282,24,3,0,0,0,0,0,3,7,2,2,3,2,3,11,3,354,281,45,1,0,0,2,0,0,1,10,4,0,0,2,2,2,1,350,265,13,0,0,0,36,30,0,1,0,0,32,493,225,9,0,0,0,0,1,1,2,470,223,9,0,0,0,0,2,7,1,0,0,0,0,17,291,385,52,4,337,21,142,225,7,1055,732,1,122,143,1,0,117,149,0,0,1021,266
2012,51,13,1,64,45,6,4,0,0,0,1,0,66,43,5,5,0,0,0,64,43,5,2,0,0,1,0,0,0,0,0,3,67,40,7,0,0,0,0,3,0,65,42,5,0,0,0,0,0,66,40,7,0,0,0,62,38,10,1,0,0,0,0,0,0,0,1,0,0,0,1,2,1,52,38,13,1,0,0,4,0,0,0,1,1,1,0,0,1,0,0,52,36,4,1,0,0,12,3,1,0,0,0,8,87,29,3,0,0,0,0,0,1,0,80,29,3,0,0,0,0,1,3,0,0,0,0,0,3,47,63,10,0,51,8,30,31,0,147,307,1,34,13,2,0,35,12,2,0,146,49
2012,51,14,1,472,313,20,7,2,4,0,2,3,479,304,16,7,2,2,0,461,302,15,5,2,2,3,4,0,0,0,0,24,452,310,21,0,0,0,0,7,7,461,297,22,0,0,0,0,0,465,297,24,0,0,0,436,275,32,7,0,4,0,0,0,0,1,2,1,2,1,0,16,4,416,262,56,5,0,2,1,0,4,1,16,7,1,0,0,1,0,0,412,257,18,3,0,1,39,33,3,1,0,1,41,568,231,18,0,0,0,0,0,3,3,531,225,14,0,0,0,0,8,13,2,0,0,0,0,24,309,460,49,5,420,29,200,171,3,1095,823,1,214,131,4,4,211,132,7,3,1077,353
2012,51,15,1,397,369,46,1,3,12,1,3,0,409,365,41,3,3,7,0,395,356,37,1,2,5,3,5,6,0,0,2,17,398,365,52,0,0,0,0,3,4,396,358,50,0,0,0,0,0,405,357,47,0,0,0,357,337,64,7,1,4,0,0,1,7,3,2,1,7,3,5,11,2,345,315,93,2,0,5,3,0,7,2,15,8,2,0,0,0,0,1,339,303,39,1,0,2,46,42,3,0,1,0,49,513,282,30,0,0,0,0,0,3,3,486,277,28,0,0,0,0,5,6,3,0,0,0,0,21,332,480,14,6,398,56,209,162,7,1025,832,1,176,231,4,2,180,227,4,2,957,413
2012,51,16,1,353,291,18,1,0,4,1,1,1,358,287,13,2,0,3,0,345,284,13,1,0,3,1,2,2,0,0,1,16,347,295,15,0,0,0,0,2,1,356,292,14,0,0,0,0,0,355,287,14,0,0,0,330,267,28,4,0,3,0,0,0,2,1,0,1,4,2,1,8,5,320,258,52,3,0,2,2,0,1,0,8,9,1,0,0,0,0,1,317,250,13,1,0,0,26,30,0,0,0,4,26,411,237,13,0,0,0,0,2,5,2,382,232,13,0,0,0,0,10,9,0,0,0,0,0,17,269,372,25,4,329,19,179,139,4,800,670,1,164,157,1,1,159,163,0,1,786,323
2012,51,77,1,115,79,3,2,0,0,0,4,1,118,77,3,0,0,0,0,114,77,3,0,0,0,1,0,0,2,0,0,2,108,79,4,0,0,0,0,7,1,111,76,4,0,0,0,0,0,111,76,4,0,0,0,108,74,5,2,0,0,0,0,0,0,0,0,0,0,1,1,3,0,102,73,9,2,0,0,1,0,1,0,4,0,0,0,0,0,0,0,102,73,4,2,0,0,6,2,0,0,0,0,7,130,67,2,0,0,0,0,2,1,1,126,67,2,0,0,0,0,0,2,0,0,0,0,0,4,79,113,9,2,92,3,38,69,1,0,204,1,6,16,0,0,1,21,0,0,0,22
2012,51,78,1,26,25,1,0,0,0,0,0,0,27,25,0,0,0,0,0,26,25,0,0,0,0,0,0,0,0,0,0,1,16,15,0,0,0,0,0,0,0,15,19,1,0,0,0,0,0,17,19,0,0,0,0,13,16,2,0,0,0,0,0,0,0,0,0,1,0,0,0,0,0,12,14,4,0,0,0,0,0,0,0,0,1,0,0,0,0,0,1,12,14,0,0,0,0,2,1,0,0,0,0,8,21,14,1,0,0,0,0,0,0,1,20,14,1,0,0,0,0,0,0,0,0,0,0,0,1,28,23,1,0,21,3,11,17,0,0,52,1,13,17,0,0,10,20,0,0,0,30
2012,52,1,1,127,29,1,1,1,0,0,0,0,124,31,1,1,0,0,0,124,29,1,1,0,0,1,0,0,0,0,0,3,129,27,1,0,0,0,0,1,0,128,27,1,0,0,0,0,0,126,27,2,0,0,0,126,26,2,0,0,0,0,0,0,0,0,0,1,0,0,0,0,0,125,27,3,0,0,0,0,0,0,0,2,0,0,0,0,0,0,0,125,26,1,0,0,0,1,1,0,0,0,0,4,138,20,1,0,0,0,0,0,0,0,135,19,1,0,0,0,0,1,2,0,0,0,0,0,1,43,110,5,1,115,1,21,22,0,212,159,1,53,16,1,0,46,23,1,0,212,70
2012,52,2,1,242,196,9,1,1,2,0,0,2,245,191,8,3,0,0,0,240,188,8,1,1,0,1,1,0,0,0,0,7,252,172,12,0,0,0,0,5,2,245,170,11,0,0,0,0,0,242,173,9,0,0,0,234,162,15,4,3,0,0,0,1,0,0,1,3,2,0,0,4,1,227,162,19,2,3,0,1,0,2,0,2,4,3,0,0,0,2,0,226,153,7,2,3,0,10,17,2,1,0,0,26,302,137,8,0,0,0,0,0,4,5,282,135,8,0,0,0,0,7,2,2,0,0,0,0,7,200,213,36,5,197,19,113,123,2,564,454,1,62,51,1,1,61,54,0,0,556,115
2012,52,3,1,347,319,27,2,4,3,0,0,3,352,310,26,4,2,3,0,344,309,25,2,2,3,3,4,1,0,0,0,9,372,293,23,0,0,3,1,1,2,336,310,28,0,0,0,0,0,341,306,26,0,0,0,317,286,35,3,3,4,0,0,3,2,1,0,2,4,1,0,9,5,312,279,45,2,2,3,2,0,4,2,6,8,1,0,1,2,0,1,305,267,21,1,1,2,28,27,4,0,0,0,46,404,260,25,0,0,0,0,7,1,6,391,256,24,0,0,0,0,5,7,2,0,0,0,0,13,333,331,22,19,284,34,186,178,23,907,705,1,116,154,2,0,120,151,0,1,885,272
2012,52,4,1,215,311,14,3,0,9,0,0,3,223,306,12,4,0,8,0,215,304,11,3,0,8,1,1,0,0,0,0,11,230,281,14,0,0,3,1,5,5,223,282,16,0,0,0,0,0,218,283,19,0,0,0,207,274,22,8,1,1,0,0,1,0,0,2,0,1,1,4,3,2,202,266,35,3,1,1,0,0,0,1,4,7,0,0,0,4,0,1,200,259,10,3,0,1,12,21,1,0,0,0,40,301,239,9,0,0,0,0,1,4,0,278,235,8,0,0,0,0,3,7,1,0,0,0,0,21,263,251,30,13,202,25,166,143,21,695,557,1,88,142,0,4,84,143,3,4,685,234
2012,52,5,1,289,252,7,2,1,0,0,0,3,293,236,7,3,2,1,0,285,234,7,2,1,0,2,3,0,0,0,1,16,296,238,8,0,0,4,1,3,0,296,235,8,0,0,0,0,0,289,233,10,0,0,0,274,224,17,3,0,1,0,0,1,1,1,0,2,1,0,2,5,2,278,221,24,0,0,2,2,0,1,1,3,3,2,0,1,0,0,2,270,216,8,0,0,0,18,14,0,0,0,0,25,337,207,6,0,0,0,0,0,2,0,319,204,5,0,0,0,0,3,7,1,0,0,0,0,13,247,281,21,5,261,8,177,107,1,701,554,1,92,113,0,0,88,116,1,0,675,205
2012,52,6,1,108,169,6,1,0,4,0,4,0,109,165,6,1,0,4,0,107,165,6,1,0,4,0,1,0,0,0,0,4,124,148,7,0,0,2,0,3,1,115,147,9,0,0,0,0,0,114,147,8,0,0,0,104,140,12,1,0,4,0,0,0,1,1,0,0,1,0,0,4,0,101,134,19,0,0,3,0,0,0,0,5,2,0,0,0,1,1,5,100,132,7,0,0,2,11,15,1,0,0,1,19,153,132,4,0,0,0,0,0,2,0,146,130,4,0,0,0,0,1,0,0,0,0,0,0,9,144,128,20,0,98,9,92,93,0,422,292,1,37,63,4,1,38,63,3,1,393,105
2012,52,7,1,756,801,85,5,2,17,2,8,4,785,782,73,7,2,15,0,739,762,69,5,2,13,6,6,5,1,0,2,63,876,710,54,0,0,15,0,5,6,790,738,76,0,0,0,0,0,774,741,72,0,0,0,698,682,120,9,6,13,0,0,3,5,7,2,3,4,2,8,25,10,667,656,177,3,2,12,3,0,8,3,14,23,3,0,2,7,3,6,660,620,45,0,2,4,76,97,13,0,0,4,153,981,625,57,0,0,0,0,6,4,6,912,617,54,0,0,0,0,17,17,7,0,0,0,0,51,755,850,63,17,715,100,493,363,14,2209,1685,1,355,412,2,2,336,431,1,3,2135,771
2012,52,8,1,421,338,13,0,2,3,0,3,0,427,329,10,4,2,2,0,418,327,10,0,2,2,3,4,0,0,0,0,12,427,317,11,0,0,3,1,4,5,419,314,11,0,0,0,0,0,411,316,14,0,0,0,384,290,35,3,0,1,0,0,2,2,1,3,1,2,2,1,8,5,354,278,58,1,0,2,1,0,2,2,12,12,1,0,0,1,1,1,352,269,7,0,0,0,41,38,2,0,0,1,62,509,259,4,0,0,0,0,0,5,2,484,253,4,0,0,0,0,8,5,1,0,0,0,0,19,329,421,25,6,383,20,198,176,4,996,781,1,142,145,0,2,146,140,1,2,957,289
2012,52,9,1,694,682,52,11,6,12,3,2,5,718,675,41,10,4,9,0,687,663,38,9,3,9,3,2,7,2,2,0,37,719,632,48,0,0,22,0,4,5,712,638,50,0,0,0,0,0,704,641,55,0,0,0,637,587,98,25,1,9,1,0,2,5,4,3,1,8,2,8,25,10,595,534,158,14,1,8,8,0,9,2,35,18,3,0,0,12,2,10,579,514,36,6,1,2,86,105,10,3,0,2,116,878,537,36,0,0,0,0,1,6,7,828,526,33,0,0,0,0,17,16,7,0,0,0,0,29,628,803,22,16,636,72,452,301,8,1841,1468,1,327,406,0,14,320,412,1,14,1770,747
2012,52,10,1,653,646,54,3,3,16,3,4,2,673,640,48,0,3,11,1,644,631,45,0,2,11,2,2,3,0,1,3,34,664,627,44,0,0,13,2,5,5,659,628,48,0,0,0,0,0,653,621,49,0,0,0,595,573,86,6,4,6,0,1,4,2,2,3,4,7,3,5,23,16,554,555,143,0,2,4,5,0,12,4,24,14,5,1,0,5,0,4,547,524,37,0,2,2,77,87,6,0,0,3,89,793,539,42,0,0,0,0,1,2,6,754,523,38,0,0,0,0,12,14,1,0,0,0,0,34,612,732,35,5,633,72,369,305,5,1749,1384,1,308,381,3,0,300,390,1,1,1732,692
2012,52,11,1,404,353,18,2,2,5,0,4,4,423,339,12,3,0,5,0,394,335,12,2,0,5,5,2,2,0,2,0,27,430,318,8,0,0,14,0,5,5,420,324,13,0,0,0,0,0,410,320,16,0,0,0,386,301,32,1,3,6,1,0,1,1,2,0,0,8,1,4,9,1,372,283,60,0,3,5,2,0,3,1,11,7,0,0,1,1,0,10,367,275,8,0,0,5,32,40,3,0,2,0,52,481,282,17,0,0,0,0,1,4,5,457,277,15,0,0,0,0,4,7,2,0,0,0,0,23,318,425,46,5,386,24,176,205,3,1040,793,1,172,169,2,0,161,182,0,0,1032,343
2012,52,12,1,444,410,30,3,4,6,0,1,0,448,412,23,5,1,6,0,438,406,22,2,1,4,1,1,3,2,2,1,13,441,394,30,0,0,4,0,1,7,435,400,27,0,0,0,0,0,428,396,29,0,0,0,390,363,53,5,3,4,0,0,2,2,8,1,0,8,1,6,9,7,358,349,84,2,2,3,3,0,11,4,15,10,2,0,0,3,0,6,361,335,23,0,2,1,52,52,3,1,0,0,59,536,336,23,0,0,0,0,0,2,4,489,334,18,0,0,0,0,19,4,2,0,0,0,0,25,350,526,17,4,424,49,258,165,1,1120,897,1,232,258,2,0,233,258,1,0,1058,492
2012,52,13,1,473,537,28,2,2,5,2,2,3,482,522,20,5,2,7,1,460,518,18,2,2,5,3,8,5,0,0,1,28,512,491,15,0,0,5,1,5,5,489,499,18,0,0,0,0,0,476,501,23,0,0,0,434,467,50,1,3,3,0,0,0,2,7,1,4,2,1,2,26,6,420,441,86,0,2,4,2,1,5,2,22,10,3,0,1,5,0,3,413,421,15,0,1,2,46,71,4,0,2,1,69,616,417,14,0,0,0,0,0,1,2,573,412,13,0,0,0,0,8,15,1,0,0,0,0,30,509,492,48,6,418,24,282,329,2,1422,1055,1,190,243,2,5,200,234,3,3,1378,440
2012,52,14,1,434,362,26,3,5,2,1,2,6,446,354,25,3,3,1,0,431,351,22,3,3,1,3,3,4,0,0,1,13,472,331,23,0,0,0,0,2,4,465,332,26,0,0,0,0,0,454,332,29,0,0,0,426,309,49,7,0,0,0,0,0,1,4,0,0,4,2,4,6,7,413,307,68,4,0,1,2,0,5,1,6,7,0,0,1,0,0,6,403,291,20,1,0,0,29,37,5,0,0,0,50,512,305,15,0,0,0,0,2,3,4,488,298,15,0,0,0,0,7,3,3,0,0,0,0,21,369,422,45,6,396,43,182,216,5,1215,841,1,134,176,0,0,126,183,1,0,1201,310
2012,52,15,1,296,275,11,6,3,2,0,1,8,296,272,8,7,3,2,0,289,269,8,4,3,1,0,3,0,3,0,0,14,302,264,11,0,0,4,0,4,10,292,261,13,0,0,0,0,0,289,262,16,0,0,0,274,240,21,8,2,2,0,0,0,1,0,3,0,2,3,0,10,2,266,234,38,6,2,0,0,0,1,0,5,5,0,0,0,2,0,2,261,227,10,2,1,0,24,28,0,2,0,1,33,346,237,10,0,0,0,0,0,3,4,334,226,10,0,0,0,0,2,7,0,0,0,0,0,17,270,292,37,4,259,23,169,146,6,864,603,1,117,137,3,0,114,141,1,1,857,257
2012,52,16,1,569,606,52,14,7,10,2,1,6,591,591,48,11,4,10,0,564,583,46,11,4,9,4,3,1,0,2,0,34,579,576,54,0,0,12,0,6,5,572,570,53,0,0,0,0,0,568,580,56,0,0,0,487,531,89,17,6,13,0,0,2,5,3,2,3,11,13,6,27,10,454,506,125,13,3,10,3,0,9,1,40,22,4,3,2,9,2,5,446,489,40,5,2,6,85,68,2,1,0,1,111,718,499,36,0,0,0,0,3,4,6,668,487,35,0,0,0,0,14,9,4,0,0,0,0,41,544,679,33,12,558,61,376,263,10,1591,1268,1,277,425,7,2,274,428,7,2,1554,711
2012,52,17,1,212,171,9,0,2,1,0,0,2,211,167,7,0,1,1,0,208,165,7,0,1,1,0,1,0,0,0,0,12,220,155,6,0,0,1,0,4,2,219,152,8,0,0,0,0,0,213,153,9,0,0,0,202,151,11,1,0,0,0,0,0,1,1,0,2,1,1,1,11,2,188,144,21,1,0,0,1,0,3,1,12,3,2,0,0,1,0,0,187,141,6,0,0,0,19,12,1,0,0,0,25,269,117,7,0,0,0,0,1,1,1,242,116,6,0,0,0,0,13,4,0,0,0,0,0,14,171,199,23,4,189,16,84,103,5,526,396,1,84,46,0,0,82,48,0,0,442,130
2012,52,77,1,147,82,2,0,0,1,0,1,0,144,83,2,0,0,1,0,139,78,2,0,0,1,1,5,0,0,0,0,7,147,73,5,0,0,0,0,2,0,140,76,6,0,0,0,0,0,138,77,5,0,0,0,128,77,7,0,0,0,0,0,0,0,1,0,1,0,1,2,9,0,127,69,15,0,0,0,0,0,0,0,10,0,0,0,0,2,2,1,125,66,5,0,0,0,11,10,1,0,0,0,12,160,66,1,0,0,0,0,0,2,0,149,65,1,0,0,0,0,3,2,0,0,0,0,0,8,98,122,10,2,118,6,48,60,0,0,234,1,16,41,0,1,5,51,1,1,0,58
2012,52,78,1,47,33,3,0,0,0,0,1,2,48,32,3,0,0,0,0,47,32,3,0,0,0,0,1,0,0,0,0,0,22,11,0,0,0,0,0,0,4,27,12,1,0,0,0,0,0,27,12,1,0,0,0,19,12,3,0,1,0,0,0,0,0,0,0,0,0,0,0,1,0,18,11,5,0,0,0,0,0,0,0,1,0,0,0,0,0,0,0,17,10,0,0,0,0,5,1,0,0,0,0,7,26,10,0,0,0,0,0,0,0,8,24,10,0,0,0,0,0,1,0,0,0,0,0,0,1,33,44,6,3,38,4,22,19,3,0,86,1,8,17,0,0,7,18,0,0,0,25
2012,52,79,1,0,0,0,0,0,0,0,0,0,0,0,0,0,0,0,0,0,0,0,0,0,0,0,0,0,0,0,0,0,0,0,0,0,0,0,0,0,0,1,0,0,0,0,0,0,0,0,0,0,0,0,0,0,0,0,0,0,0,0,0,0,0,0,0,0,0,0,0,0,0,0,0,0,0,0,0,0,0,0,0,0,0,0,0,0,0,0,0,0,0,0,0,0,0,0,0,0,0,0,0,1,0,0,0,0,0,0,0,0,0,0,0,0,0,0,0,0,0,0,0,0,0,0,0,0,1,0,0,0,0,0,0,0,0,0,0,0,,,,,,,,,,,
2012,53,1,1,1116,993,78,24,9,11,0,2,14,1129,984,73,25,4,9,2,1104,976,69,22,4,8,7,8,6,0,2,1,26,1077,1001,79,27,0,0,0,11,9,1077,981,78,0,0,0,0,0,1060,1045,79,0,0,0,1015,914,149,26,4,8,0,0,12,2,8,3,9,6,2,5,11,9,932,861,193,54,1,6,19,3,1,2,4,16,60,0,0,2,1,3,905,846,64,15,0,3,148,121,11,4,2,1,109,1080,1088,45,14,0,0,0,1,9,7,1054,1043,43,11,0,0,0,21,19,6,3,0,0,0,33,928,1214,89,18,1069,103,459,554,64,2756,2250,1,403,568,5,1,419,552,4,2,2676,977
2012,53,2,1,709,820,51,7,2,4,0,3,5,720,813,47,6,2,3,0,703,805,46,5,2,3,2,4,5,0,0,1,20,687,809,56,8,0,0,3,4,8,697,798,52,0,0,0,0,1,685,824,55,0,0,0,673,767,68,9,3,2,1,0,5,2,2,1,3,7,0,7,6,7,620,738,99,13,2,2,14,0,1,1,1,27,34,1,0,3,2,3,599,718,38,2,1,0,80,73,8,4,1,2,64,717,838,35,4,0,0,0,1,1,6,700,820,30,4,0,0,0,10,7,2,0,0,0,0,24,739,796,55,14,684,72,372,435,41,1977,1604,1,267,420,8,2,269,423,3,2,1904,697
2012,53,3,1,916,551,18,3,2,2,1,7,6,927,543,12,3,2,2,0,910,539,11,2,2,2,2,6,4,0,0,0,18,898,532,23,3,0,0,0,19,9,883,526,24,0,0,0,0,0,879,546,23,0,0,0,838,492,60,6,1,4,0,0,10,2,3,0,4,10,3,0,3,8,782,461,93,9,1,1,27,0,2,0,1,9,38,1,1,3,1,6,770,453,18,2,1,1,94,69,4,0,0,0,70,940,544,8,1,0,0,0,1,5,7,919,527,8,1,0,0,0,8,12,0,0,0,0,0,22,566,852,85,6,827,39,263,345,35,1909,1509,1,280,245,0,2,277,244,4,2,1806,527
2012,53,4,1,1005,1406,34,10,2,11,0,3,11,1026,1389,22,11,1,5,0,992,1371,25,8,1,5,6,11,3,1,0,1,46,995,1368,33,13,0,0,3,9,7,980,1369,33,0,0,0,0,0,964,1413,33,0,0,0,919,1290,81,8,1,6,0,0,9,3,8,9,5,18,1,11,10,13,832,1231,141,15,1,4,37,0,0,3,1,30,61,0,1,6,0,8,813,1193,20,2,1,2,136,159,4,1,0,0,137,1065,1381,12,8,0,0,0,1,3,9,1024,1339,11,4,0,0,0,10,29,2,4,0,0,0,49,1297,1060,109,9,919,68,674,745,69,3049,2484,1,405,581,3,2,401,584,3,3,2884,991
2012,53,5,1,944,630,41,3,5,11,0,7,5,943,623,40,4,3,8,0,934,612,38,2,3,8,5,4,2,2,1,2,23,929,607,37,10,0,0,0,8,6,911,602,39,0,0,0,0,0,906,660,37,0,0,0,869,536,94,9,3,4,0,0,8,0,8,2,6,7,1,1,5,15,817,516,114,18,2,2,11,0,2,5,2,19,48,1,0,1,1,8,790,503,24,2,1,2,108,77,9,0,0,0,117,994,609,14,7,0,0,0,0,5,10,968,578,12,4,0,0,0,8,13,7,1,0,0,0,41,598,951,83,15,839,68,346,374,20,2032,1647,1,334,283,6,3,336,282,5,3,1931,626
2012,53,6,1,1257,865,38,10,5,9,2,7,21,1273,856,30,10,5,3,0,1236,842,27,5,4,4,6,16,3,3,0,0,41,1252,843,38,13,0,0,0,5,15,1232,847,36,0,0,0,0,0,1232,881,36,0,0,0,1183,795,62,13,5,1,2,0,10,2,3,2,13,12,2,5,7,7,1098,758,120,14,1,1,21,0,0,3,3,13,69,1,0,2,0,12,1079,735,20,2,1,1,135,94,11,4,1,0,112,1307,865,16,5,0,0,0,0,3,15,1271,830,15,2,0,0,0,14,17,3,0,0,0,0,47,856,1210,131,20,1117,57,414,591,38,2874,2217,1,362,335,3,6,354,343,4,5,2742,706
2012,53,7,1,243,220,7,0,1,4,0,0,1,245,217,5,1,1,5,0,241,217,3,0,1,4,0,0,0,0,0,0,11,241,218,6,0,0,0,0,3,1,243,213,7,0,0,0,0,0,237,222,5,0,0,0,230,211,11,0,1,3,0,0,2,1,0,0,4,8,4,1,1,1,213,190,15,2,1,2,6,0,0,2,0,14,19,0,0,0,0,0,208,188,3,0,1,0,32,22,0,0,0,1,18,248,224,3,0,0,0,0,0,1,2,243,222,3,0,0,0,0,2,1,0,0,0,0,0,4,242,219,17,0,236,8,81,152,1,584,478,1,76,97,1,1,78,95,1,1,569,175
2012,53,8,1,345,334,15,0,0,1,0,3,2,350,331,10,0,0,1,0,342,329,10,0,0,1,1,3,1,0,0,0,8,342,321,15,4,0,0,1,3,4,339,324,14,0,0,0,0,1,334,333,13,0,0,0,323,313,24,5,0,0,2,0,0,1,1,0,1,0,1,3,3,2,311,302,38,4,0,1,3,0,0,0,1,5,7,0,0,1,0,2,303,297,13,1,0,0,27,27,0,1,0,0,24,351,331,10,0,0,0,0,1,2,2,345,325,9,0,0,0,0,6,2,0,0,0,0,0,9,320,346,28,6,325,16,160,182,17,823,700,1,112,168,2,1,116,166,1,0,786,283
2012,53,9,1,601,427,11,4,0,3,0,3,7,604,421,11,5,0,3,0,593,419,10,4,0,3,1,3,1,0,0,0,13,593,426,8,2,0,0,1,6,3,591,422,8,0,0,0,0,0,593,430,8,0,0,0,578,409,19,3,0,4,1,0,5,0,0,1,3,3,1,1,3,2,539,403,40,4,0,2,7,5,1,3,0,5,18,0,0,0,0,5,535,394,5,1,0,1,50,26,3,1,0,0,32,617,421,5,3,0,0,0,0,3,6,605,415,5,3,0,0,0,4,1,2,0,0,0,0,13,416,550,81,10,531,27,165,305,29,1245,1051,1,132,174,0,2,129,177,1,1,1242,308
2012,53,10,1,164,284,15,3,1,0,0,0,4,169,281,17,2,0,0,0,160,280,13,2,0,0,0,1,0,0,0,0,13,153,283,14,3,0,0,1,3,3,153,283,13,0,0,0,0,0,155,285,14,0,0,0,148,275,17,4,1,2,0,0,0,0,1,0,2,2,0,0,2,0,137,272,26,2,1,1,2,0,0,0,0,1,8,0,0,0,2,3,134,265,12,1,1,1,17,14,0,1,0,0,21,157,292,16,2,0,0,0,0,0,2,155,284,16,2,0,0,0,1,1,0,0,0,0,0,12,286,171,12,4,148,17,134,169,5,576,473,1,71,135,1,1,55,151,0,2,564,208
2012,53,11,1,357,485,18,2,2,2,1,2,6,355,487,12,1,2,2,1,347,481,11,2,1,1,2,1,2,0,1,0,18,334,498,13,4,0,0,1,3,6,332,487,13,0,0,0,0,0,332,505,14,0,0,0,316,465,30,5,0,1,0,0,3,1,4,2,2,5,1,3,4,2,290,442,47,7,0,1,12,0,0,1,1,14,20,0,0,1,2,0,282,434,10,3,0,1,40,46,2,1,0,0,47,364,492,10,0,0,0,0,0,2,6,345,483,8,0,0,0,0,9,5,2,0,0,0,0,15,478,364,28,5,333,16,234,283,9,1067,875,1,152,210,5,5,140,224,4,4,1044,372
2012,53,12,1,201,270,4,0,1,0,0,1,0,208,265,3,0,0,0,0,201,263,3,0,0,0,2,3,0,0,0,0,5,204,267,3,0,0,0,1,2,0,198,266,5,0,0,0,0,0,195,271,6,0,0,0,199,260,5,0,0,0,0,0,1,0,0,0,0,3,0,1,0,2,186,253,14,0,0,0,1,0,0,0,0,4,5,1,1,2,1,3,182,248,3,0,0,0,17,18,1,0,0,0,7,203,268,4,0,0,0,0,0,3,0,201,263,4,0,0,0,0,0,2,1,0,0,0,0,4,268,189,20,1,186,7,76,205,4,542,478,1,85,92,2,0,84,93,1,1,516,179
2012,53,13,1,1151,1218,33,9,4,15,5,3,11,1159,1197,26,14,6,10,3,1129,1189,25,7,3,8,5,14,1,1,1,2,52,1108,1216,39,19,0,0,0,5,13,1107,1203,38,0,0,0,0,0,1089,1232,40,0,0,0,1041,1135,87,15,5,9,0,0,7,8,8,7,4,9,3,2,1,6,978,1099,147,10,3,5,21,0,1,1,4,22,35,0,0,7,1,6,951,1079,31,3,3,2,129,104,1,5,0,4,118,1191,1231,16,2,0,0,0,0,2,5,1147,1208,13,2,0,0,0,17,6,4,0,0,0,0,45,1221,1127,93,8,1039,48,554,719,89,3031,2449,1,347,461,4,8,349,463,4,4,2892,820
2012,53,77,1,223,213,11,2,0,1,0,9,4,222,213,12,2,0,0,0,222,211,11,2,0,0,0,0,0,0,0,0,4,220,219,12,2,0,0,0,9,7,222,216,13,0,0,0,0,0,221,218,13,0,0,0,210,215,12,2,0,0,0,0,1,0,5,0,0,2,1,0,0,1,204,205,13,2,0,0,0,0,0,0,1,5,12,0,0,0,0,8,200,200,11,0,0,0,18,15,1,1,0,0,10,223,214,10,0,0,0,0,0,9,6,219,213,10,0,0,0,0,2,1,0,0,0,0,0,5,194,214,27,4,200,16,58,153,12,0,463,1,11,36,1,1,6,42,0,1,0,49
2012,53,78,1,36,18,2,0,1,1,0,0,0,37,17,3,1,0,0,0,35,16,1,0,0,0,1,0,1,0,0,0,4,5,4,0,0,0,0,0,0,5,4,3,0,0,0,0,0,0,4,3,0,0,0,0,5,2,0,0,0,2,0,0,0,0,0,0,0,0,0,0,0,1,4,2,1,0,0,1,1,0,0,0,0,0,0,0,0,0,0,0,4,2,0,0,0,0,0,0,0,0,0,0,4,5,4,0,0,0,0,0,0,0,6,5,3,0,0,0,0,0,0,0,0,0,0,0,0,1,24,27,7,0,25,3,9,21,0,0,58,1,10,29,0,0,10,29,0,0,0,39
2012,53,80,1,0,0,0,0,0,0,0,0,0,0,0,0,0,0,0,0,0,0,0,0,0,0,0,0,0,0,0,0,0,1,3,0,0,0,0,0,0,0,1,3,0,0,0,0,0,0,1,3,0,0,0,0,1,3,0,0,0,0,0,0,0,0,0,0,0,0,0,0,0,0,1,3,0,0,0,0,0,0,0,0,0,0,0,0,0,0,0,0,1,3,0,0,0,0,0,0,0,0,0,0,0,0,0,0,0,0,0,0,0,0,0,0,0,0,0,0,0,0,0,0,0,0,0,0,0,0,0,0,0,0,0,0,0,0,0,0,0,,,,,,,,,,,
2012,54,1,1,346,268,13,2,0,4,0,0,4,346,265,10,5,0,2,0,332,260,10,2,0,1,2,3,0,0,0,1,21,333,273,6,1,0,0,0,6,2,327,269,7,0,0,0,0,0,327,272,7,0,0,0,306,257,17,2,0,3,0,0,0,0,3,0,10,1,4,1,1,2,312,240,28,0,0,2,14,0,0,1,0,7,1,1,0,2,1,1,291,235,5,0,0,0,33,25,0,0,0,0,38,307,316,2,1,0,0,0,0,3,5,291,299,2,0,0,0,0,6,3,0,0,0,0,0,28,264,341,28,4,306,17,155,152,7,848,637,1,128,128,2,0,123,131,4,0,824,258
2012,54,2,1,808,579,21,3,3,2,1,0,5,810,573,16,5,1,3,0,796,569,15,3,1,1,4,0,2,1,1,0,24,774,567,16,7,0,0,1,5,9,772,562,15,0,0,0,0,0,748,586,17,0,0,0,701,553,40,9,2,2,1,0,4,1,5,0,30,2,9,4,2,4,716,516,59,6,3,1,30,0,1,5,0,8,2,0,1,0,0,3,656,502,14,4,2,0,89,47,0,1,0,0,94,793,597,11,7,0,0,0,0,1,9,765,564,11,6,0,0,0,14,25,0,1,0,0,0,27,559,792,68,4,737,37,366,276,7,1799,1423,1,296,272,7,0,293,280,2,0,1743,575
2012,54,3,1,553,713,29,13,2,5,2,6,5,570,702,24,10,1,2,1,541,692,20,10,1,2,4,6,4,1,0,0,38,530,708,24,25,0,0,3,7,6,540,688,32,0,0,0,0,0,530,715,28,0,0,0,477,674,56,8,2,3,0,0,2,0,7,1,20,3,2,3,2,8,483,639,92,6,1,3,9,0,2,1,1,13,3,1,0,2,4,7,439,599,17,5,1,0,82,70,5,2,0,0,97,537,756,9,11,0,0,0,1,7,6,516,710,9,6,0,0,0,13,16,0,3,0,0,0,43,672,612,35,11,545,39,398,335,13,1575,1330,1,270,354,3,3,263,362,4,1,1522,630
2012,54,4,1,226,145,6,2,1,1,0,1,0,228,142,6,2,2,0,0,224,141,5,2,1,0,0,0,1,0,0,1,8,227,143,5,4,0,0,0,1,0,224,138,7,0,0,0,0,0,224,138,7,0,0,0,220,135,7,4,1,0,0,0,0,0,0,0,0,0,1,1,1,0,215,131,14,3,1,0,1,0,0,0,0,1,1,0,0,0,0,0,211,128,5,1,1,0,11,8,0,1,0,0,17,222,154,2,3,0,0,0,1,0,0,220,148,2,1,0,0,0,2,3,0,2,0,0,0,6,142,223,18,1,202,10,82,88,2,493,384,1,62,49,2,0,61,51,0,1,460,113
2012,54,5,1,498,555,28,4,0,7,0,4,4,502,550,23,4,0,4,0,484,542,20,3,0,4,2,8,3,1,0,1,25,487,550,18,21,0,0,1,3,4,486,538,20,0,0,0,0,1,479,551,24,0,0,0,438,524,42,5,0,3,0,1,2,1,6,2,19,6,5,3,1,3,454,497,70,6,0,3,5,0,2,0,1,9,0,1,0,5,4,0,420,473,15,3,0,0,49,57,5,2,0,1,69,486,577,12,12,0,0,0,0,4,5,464,545,12,8,0,0,0,12,15,1,0,0,0,0,35,541,505,46,9,444,34,355,259,9,1365,1100,1,174,264,4,0,174,261,6,1,1329,442
2012,54,6,1,822,758,15,16,1,13,0,5,14,837,745,13,18,1,7,0,818,741,13,14,1,6,4,7,1,1,0,2,19,803,751,28,28,0,0,1,3,10,798,734,31,0,0,0,0,0,793,749,34,0,0,0,741,688,48,20,3,8,2,0,4,0,2,1,36,8,4,0,0,8,754,672,95,14,1,3,4,0,3,4,1,13,2,1,2,4,1,1,692,638,16,6,1,1,85,78,4,4,0,3,105,830,757,11,32,0,0,0,1,1,9,790,623,9,22,0,0,0,29,16,2,5,0,0,0,40,710,846,76,14,748,51,425,405,17,2048,1586,1,314,440,2,1,314,442,0,1,1974,757
2012,54,7,1,1120,1286,47,18,3,11,2,6,7,1128,1282,39,15,2,14,0,1103,1264,37,13,2,10,6,11,3,1,0,2,37,1103,1270,43,38,0,0,1,10,10,1102,1246,46,0,0,0,0,4,1085,1263,46,0,0,0,1029,1158,81,29,7,10,1,0,1,3,4,5,36,11,10,7,0,4,1045,1161,124,16,4,9,20,0,2,3,0,24,2,2,1,3,0,4,965,1112,33,12,3,4,102,116,6,2,1,4,126,1116,1321,31,16,0,0,0,3,3,8,1065,1275,22,13,0,0,0,27,21,8,1,0,0,0,60,1238,1172,79,10,1034,96,721,632,16,3159,2503,1,317,663,3,2,327,654,1,3,3097,985
2012,54,8,1,506,554,16,9,2,10,1,3,5,525,541,14,9,1,7,0,502,539,10,6,0,6,1,5,2,1,1,4,21,483,556,18,28,0,0,3,1,6,488,533,19,0,0,0,0,0,496,538,23,0,0,0,457,499,28,20,0,5,0,0,2,2,6,2,24,8,2,3,0,7,473,478,52,13,0,3,11,0,1,1,0,8,2,0,1,8,1,4,420,455,10,7,0,0,67,65,2,3,0,1,70,495,587,6,10,0,0,0,1,4,3,479,545,5,6,0,0,0,16,16,2,2,0,0,0,29,507,553,46,1,488,32,312,273,2,1356,1107,1,219,279,4,3,211,288,3,3,1315,505
2012,54,9,1,434,400,5,2,2,2,0,0,4,430,395,3,5,4,0,0,422,389,2,2,1,0,3,4,2,0,1,1,18,397,390,5,23,0,0,1,5,8,411,386,7,0,0,0,0,0,400,398,5,0,0,0,373,375,13,10,0,0,1,0,3,0,1,1,9,1,12,2,0,1,371,358,33,5,1,3,13,0,0,2,3,0,0,0,0,3,1,4,333,347,1,4,0,0,57,33,1,1,0,0,59,418,416,1,8,0,0,0,0,2,3,407,403,0,5,0,0,0,9,1,1,4,0,0,0,14,389,411,42,7,372,17,225,232,3,1038,849,1,161,200,0,0,150,211,0,0,986,361
2012,54,10,1,143,186,7,1,2,1,0,0,2,142,183,10,1,2,0,0,139,181,7,0,2,0,3,0,1,0,0,0,8,141,189,6,2,0,0,0,2,1,142,186,6,0,0,0,0,0,141,188,6,0,0,0,137,175,16,0,1,1,0,0,0,1,0,0,3,0,0,0,0,0,137,169,25,0,1,1,2,0,0,0,0,1,0,0,0,1,0,0,127,168,6,0,1,0,12,16,0,0,0,0,11,138,196,6,2,0,0,0,0,0,0,136,192,6,1,0,0,0,2,1,1,0,0,0,0,5,168,157,14,5,139,11,71,120,3,421,344,1,65,70,1,3,62,73,2,2,400,139
2012,54,11,1,213,115,1,1,0,0,0,1,0,214,112,0,2,0,0,0,211,110,0,1,0,0,0,1,0,0,0,0,7,185,124,2,9,0,0,0,3,0,206,103,2,0,0,0,0,0,201,102,2,0,0,0,191,96,8,2,0,0,0,0,1,0,0,0,7,0,2,0,0,2,187,90,16,2,0,0,5,0,1,0,0,3,0,0,0,1,6,0,168,82,1,0,0,0,31,16,0,1,0,0,28,194,133,2,0,0,0,0,1,0,0,190,119,2,0,0,0,0,5,3,0,1,5,0,0,11,113,199,17,2,187,3,50,89,2,396,331,1,61,49,1,1,62,47,2,1,386,112
2012,54,12,1,137,282,11,1,0,0,0,0,0,138,274,12,1,0,2,0,134,272,11,0,0,0,1,1,0,1,0,1,11,194,283,9,2,0,0,0,2,0,196,278,8,0,0,0,0,0,190,282,6,0,0,0,189,268,16,1,0,2,0,0,0,0,0,1,4,1,3,0,0,3,189,264,24,1,0,2,0,0,0,0,0,3,0,0,0,2,0,1,180,254,7,1,0,1,10,19,1,0,0,1,24,159,279,9,1,0,0,0,0,1,59,151,273,9,0,0,0,0,3,2,0,0,0,0,0,12,265,205,29,1,181,15,132,172,0,631,498,1,75,124,0,0,79,120,0,0,627,199
2012,54,13,1,167,257,5,4,0,0,0,1,3,174,249,2,4,0,0,0,163,248,2,3,0,0,2,4,0,1,0,0,10,166,252,4,6,0,0,0,1,3,159,251,4,0,0,0,0,0,159,251,4,0,0,0,155,244,11,2,0,0,0,0,0,0,2,0,2,1,3,0,0,1,149,234,21,3,0,0,0,0,0,0,1,3,0,0,0,0,0,5,140,220,3,1,0,0,16,29,0,1,0,0,23,162,266,1,1,0,0,0,0,0,4,156,254,1,1,0,0,0,7,3,0,0,0,0,0,11,235,176,23,3,160,7,135,131,4,566,437,1,50,136,0,0,52,132,1,1,543,186
2012,54,14,1,480,471,3,2,1,3,0,2,2,483,469,3,1,1,2,0,476,462,3,0,1,2,1,4,0,0,0,2,13,457,472,5,6,0,0,0,2,6,468,459,6,0,0,0,0,0,461,467,8,0,0,0,443,447,14,5,1,2,1,0,0,0,6,2,9,5,3,0,1,2,448,441,22,4,1,1,12,0,0,3,3,3,0,0,0,1,1,2,424,431,5,1,1,1,29,23,0,1,0,0,40,463,492,3,1,0,0,0,1,3,1,458,484,3,1,0,0,0,3,3,0,0,0,0,0,10,453,482,25,5,453,14,146,348,4,1170,966,1,194,155,3,3,199,150,4,2,1155,355
2012,54,15,1,351,334,11,7,3,0,2,4,1,359,326,9,8,3,0,0,347,326,9,6,2,0,2,4,0,1,1,0,12,340,335,10,3,0,0,0,4,4,342,321,12,0,0,0,0,0,335,324,11,0,0,0,319,304,19,3,5,1,1,0,4,4,3,2,7,0,3,2,0,2,323,289,36,1,3,0,6,2,0,1,1,2,0,0,0,3,0,2,301,278,9,1,3,0,29,36,0,0,1,0,49,350,348,3,6,0,0,0,1,4,1,339,340,2,6,0,0,0,9,3,1,0,0,0,0,10,334,338,35,8,314,17,182,197,5,879,715,1,106,123,0,0,96,132,0,1,864,229
2012,54,16,1,320,231,12,2,0,4,1,4,3,325,223,8,3,0,3,1,318,219,8,2,0,3,2,3,1,1,0,0,13,309,220,10,8,0,0,0,3,9,313,212,13,0,0,0,0,0,296,230,14,0,0,0,260,205,21,6,0,3,0,0,0,4,3,0,18,11,1,1,7,4,283,197,30,5,0,2,6,0,0,3,0,8,1,0,0,0,2,1,243,190,10,4,0,0,49,17,1,1,0,0,50,331,230,6,5,0,0,0,1,2,3,315,224,5,4,0,0,0,3,3,0,0,0,0,0,18,224,318,32,3,301,13,128,132,3,677,577,1,106,87,2,3,93,100,2,3,657,198
2012,54,17,1,611,746,33,6,2,4,1,4,3,619,729,30,7,1,4,0,604,724,28,6,1,4,3,9,1,0,1,0,23,561,777,35,8,0,0,0,5,5,573,729,37,0,0,0,0,0,570,744,36,0,0,0,539,690,59,10,1,3,0,0,1,2,4,0,18,3,2,4,0,5,542,655,95,6,1,2,10,0,1,2,2,8,2,0,1,3,1,2,491,636,27,5,0,0,74,80,6,2,0,0,80,599,771,15,9,0,0,0,1,3,6,569,735,12,7,0,0,0,17,21,7,2,0,0,0,32,707,629,67,8,548,54,417,389,3,1836,1411,1,233,302,14,2,223,318,8,2,1836,551
2012,54,18,1,405,543,8,5,2,2,0,4,4,413,531,5,5,2,5,0,396,526,5,2,1,2,1,8,2,1,0,0,24,378,553,12,9,0,0,0,2,6,379,542,10,0,0,0,0,0,376,544,15,0,0,0,344,514,27,5,1,3,1,0,2,1,3,0,17,4,10,2,0,4,356,501,39,4,1,1,9,0,1,1,1,5,0,0,0,3,0,4,321,491,7,1,0,1,44,35,1,1,0,0,66,356,596,7,5,0,0,0,0,1,4,344,579,6,4,0,0,0,7,4,0,1,0,0,0,28,522,403,37,15,367,24,240,343,3,1249,977,1,145,170,1,1,145,167,4,1,1206,317
2012,54,19,1,436,365,8,1,2,6,1,0,3,440,357,11,2,1,6,1,431,355,8,1,1,6,0,6,1,0,0,0,12,388,397,10,14,0,0,1,1,5,411,356,13,0,0,0,0,0,399,370,15,0,0,0,372,345,15,5,2,0,0,0,0,0,2,0,20,1,4,2,1,0,379,331,39,4,1,2,3,0,1,0,1,7,1,1,0,2,7,2,344,317,7,2,1,0,43,35,3,1,0,0,64,388,407,7,10,0,0,0,2,1,8,373,383,7,8,0,0,0,9,4,1,1,0,0,0,28,333,449,37,5,398,23,181,219,3,1092,824,1,169,185,2,0,170,183,1,2,1065,356
2012,54,20,1,304,284,11,4,1,3,0,2,6,309,276,8,6,1,1,0,299,272,8,4,1,1,1,2,1,2,0,2,17,298,278,11,11,0,0,0,5,4,293,263,12,0,0,0,0,0,288,270,14,0,0,0,274,244,30,8,0,1,0,0,1,4,1,2,10,3,0,3,0,0,275,238,42,9,0,0,2,0,1,1,0,3,0,2,0,0,0,6,265,228,10,6,0,0,18,33,1,0,0,0,48,303,299,6,5,0,0,0,0,0,3,294,287,5,4,0,0,0,5,4,1,2,0,0,0,13,252,330,23,13,285,23,152,143,15,823,618,1,132,130,3,1,115,150,1,0,826,266
2012,54,21,1,334,152,4,0,3,5,0,1,4,337,147,4,0,0,5,0,330,144,3,0,0,5,1,1,1,0,0,0,13,329,149,4,7,0,0,0,6,5,325,138,8,0,0,0,0,0,313,143,9,0,0,0,295,137,11,3,0,0,0,0,4,1,2,0,12,1,0,4,1,3,306,125,27,1,0,1,3,0,0,1,0,3,1,0,1,0,2,2,282,121,2,1,0,0,26,16,5,0,0,0,39,324,165,1,4,0,0,0,0,5,4,313,156,0,0,0,0,0,5,2,2,1,0,0,0,15,158,315,30,0,289,10,85,118,1,590,503,1,86,89,2,0,89,88,0,0,561,177
2012,54,77,1,190,112,3,0,1,1,0,16,2,188,114,3,0,1,1,0,186,112,3,0,1,1,0,1,0,0,0,0,5,179,110,4,2,0,0,0,17,3,180,108,4,0,0,0,0,0,180,109,4,0,0,0,169,105,4,2,1,0,0,0,1,0,1,0,5,0,1,0,0,1,171,103,6,1,0,0,1,0,0,0,1,1,0,0,0,1,3,0,163,99,3,1,0,0,12,7,0,0,0,0,13,181,114,3,0,0,0,0,1,16,2,177,112,3,0,0,0,0,2,1,0,0,0,0,0,5,120,173,34,0,172,9,65,81,0,0,327,1,21,49,6,0,11,59,6,0,0,76
2012,54,78,1,67,34,1,0,0,0,0,0,0,65,34,1,0,0,0,0,62,33,1,0,0,0,0,0,0,0,0,0,6,26,8,0,1,0,0,0,0,0,25,9,0,0,0,0,0,0,26,9,0,0,0,0,22,9,1,1,0,0,0,0,0,0,0,0,3,0,0,0,0,0,25,9,1,1,0,0,0,0,0,0,0,0,0,0,0,0,0,0,22,8,0,1,0,0,3,0,0,0,0,0,3,26,9,0,0,0,0,0,0,0,0,26,9,0,0,0,0,0,0,0,0,0,0,0,0,1,46,49,8,0,49,4,18,30,2,0,102,1,18,34,6,0,10,44,4,0,0,58
2012,54,79,1,68,0,0,0,0,0,0,0,0,68,0,0,0,0,0,0,68,0,0,0,0,0,0,0,0,0,0,0,0,0,0,0,0,0,0,0,0,0,0,0,0,0,0,0,0,0,0,0,0,0,0,0,0,0,0,0,0,0,0,0,0,0,0,0,0,0,0,0,0,0,0,0,0,0,0,0,0,0,0,0,0,0,0,0,0,0,0,0,0,0,0,0,0,0,0,0,0,0,0,0,0,48,0,0,0,0,0,0,0,0,0,48,0,0,0,0,0,0,0,0,0,0,0,0,0,0,0,0,0,0,0,0,0,0,0,0,68,,,,,,,,,,,
2012,54,80,1,0,0,0,0,0,0,0,0,1,0,0,0,0,0,0,0,0,0,0,0,0,0,0,0,0,0,0,0,0,0,0,0,0,0,0,0,0,0,0,0,0,0,0,0,0,0,0,0,0,0,0,0,0,0,0,0,0,0,0,0,0,0,0,0,0,0,0,0,0,0,0,0,0,0,0,0,0,0,0,0,0,0,0,0,0,0,0,0,0,0,0,0,0,0,0,0,0,0,0,0,0,0,0,0,0,0,0,0,0,0,0,0,0,0,0,0,0,0,0,0,0,0,0,0,0,0,0,0,0,0,0,0,0,0,0,0,1,,,,,,,,,,,
2012,55,1,1,129,155,2,1,0,1,0,4,1,131,153,2,0,0,2,0,129,153,2,0,0,1,0,2,0,0,0,0,1,135,150,1,1,0,0,0,0,1,135,148,2,0,0,0,0,0,135,149,2,0,0,0,128,143,5,1,0,1,0,0,0,1,1,0,0,0,0,2,2,1,125,140,10,1,0,1,3,0,0,0,3,0,0,0,0,1,0,0,122,137,1,1,0,1,12,11,0,0,0,1,7,149,141,2,0,0,0,0,0,0,0,147,139,1,0,0,0,0,1,0,1,0,0,0,0,4,156,123,13,1,112,3,54,124,0,346,293,1,38,66,4,0,38,70,0,0,347,108
2012,55,2,1,154,106,0,1,0,0,0,2,0,156,105,0,0,0,0,0,154,106,0,0,0,0,0,0,0,0,0,0,2,153,102,1,0,0,0,0,3,0,157,102,1,0,0,0,0,0,153,101,1,0,0,0,150,98,3,1,1,0,0,0,0,1,0,0,0,0,0,0,0,1,147,97,4,0,0,0,3,0,0,0,1,0,0,0,0,0,0,0,147,95,0,0,0,0,5,6,0,0,0,0,7,161,95,0,0,0,0,0,0,4,0,159,94,0,0,0,0,0,1,1,0,0,0,0,0,4,100,145,17,1,145,2,28,85,3,295,263,1,50,44,0,0,51,42,1,0,288,94
2012,55,3,1,224,136,1,2,1,3,0,4,0,228,135,1,1,0,2,0,224,133,1,1,0,2,0,2,0,0,0,1,4,227,131,3,1,0,0,0,5,0,231,129,1,0,0,0,0,0,225,132,2,0,0,0,215,126,8,0,0,0,2,0,0,0,0,4,0,0,1,0,1,1,196,124,19,0,0,0,9,0,1,0,8,1,0,1,0,0,0,0,194,120,1,0,0,0,25,3,1,0,0,0,17,227,137,1,0,0,0,0,0,5,1,217,133,1,0,0,0,0,8,3,0,0,0,0,0,4,136,222,11,3,208,5,57,101,1,423,372,1,81,64,1,0,82,63,1,0,391,146
2012,55,4,1,88,80,2,1,0,0,0,0,2,88,80,2,0,0,0,0,86,79,2,0,0,0,0,0,0,1,0,0,4,85,78,4,1,0,0,0,1,2,84,77,3,0,0,0,0,0,83,80,4,0,0,0,74,74,7,1,0,0,1,0,0,0,0,0,0,0,0,0,3,0,72,74,8,1,0,0,0,0,3,0,3,0,0,2,0,0,0,0,71,74,3,1,0,0,8,2,0,0,0,0,12,93,76,3,0,0,0,0,0,0,0,89,75,3,0,0,0,0,1,0,0,1,0,0,0,5,78,90,5,1,91,1,29,50,3,195,174,1,24,38,1,1,26,36,1,1,191,64
2012,55,5,1,329,328,13,0,1,1,0,3,1,332,323,12,0,0,0,0,324,320,11,0,0,0,3,0,1,0,0,1,12,323,312,12,2,0,0,0,3,7,322,313,9,0,0,0,0,0,318,317,10,0,0,0,296,300,23,1,0,0,0,0,1,7,0,1,0,0,6,0,7,2,278,292,39,1,0,1,7,0,3,0,10,10,0,1,0,3,0,1,276,284,8,0,0,0,33,22,3,0,0,1,39,342,310,5,0,0,0,0,0,6,9,323,302,4,0,0,0,0,9,6,1,0,0,0,0,16,315,329,29,3,305,11,114,235,11,805,676,1,114,157,1,0,108,162,2,0,769,272
2012,55,6,1,371,361,5,0,3,1,0,5,5,375,354,6,0,2,0,0,363,352,5,0,1,0,1,4,1,0,0,1,13,356,361,7,2,0,0,0,5,7,360,359,6,0,0,0,0,0,356,368,4,0,0,0,341,350,11,1,4,0,1,0,1,0,3,4,3,2,2,0,3,1,321,337,25,1,1,0,19,0,1,0,15,0,0,2,1,1,2,0,318,331,3,1,0,0,26,25,1,0,1,0,33,368,370,4,0,0,0,0,0,3,4,361,365,2,0,0,0,0,3,4,0,0,0,0,0,9,366,354,28,3,338,11,117,280,5,904,751,1,116,145,1,1,118,143,1,1,877,263
2012,55,7,1,201,182,9,2,2,2,0,1,0,204,181,5,3,1,3,0,200,180,5,2,1,2,0,0,1,0,1,0,6,197,181,5,4,0,0,0,2,1,203,177,8,0,0,0,0,0,198,182,7,0,0,0,183,170,15,2,1,2,0,0,1,4,3,0,3,2,0,1,3,1,173,172,22,1,0,2,6,0,1,0,4,0,2,1,2,0,0,1,168,173,3,1,0,1,25,20,4,0,0,0,17,207,180,4,0,0,0,0,0,4,2,198,175,3,0,0,0,0,7,0,2,0,0,0,0,8,174,215,9,1,195,7,63,131,3,476,399,1,74,86,0,1,78,83,0,0,462,161
2012,55,8,1,258,284,2,2,0,1,0,0,1,256,283,2,2,0,1,0,255,280,2,2,0,1,0,0,0,0,0,0,7,248,272,7,3,0,0,0,2,3,249,272,3,0,0,0,0,0,246,281,3,0,0,0,228,261,15,3,1,2,0,0,3,0,4,3,1,1,2,2,4,0,212,259,24,2,1,1,16,0,1,0,12,1,0,2,0,1,1,1,208,254,2,1,1,0,25,15,0,0,0,1,36,257,282,2,0,0,0,0,1,0,4,248,273,2,1,0,0,0,4,1,0,0,0,0,0,15,272,244,30,2,224,11,147,160,6,655,548,1,75,115,2,0,73,118,0,1,630,192
2012,55,9,1,84,94,1,0,0,0,0,0,0,84,94,1,0,0,0,0,84,94,1,0,0,0,0,0,0,0,0,0,0,81,90,1,0,0,0,0,0,0,82,90,1,0,0,0,0,0,77,91,2,0,0,0,72,80,3,0,1,0,0,0,4,0,0,0,2,6,1,2,2,0,70,78,8,0,0,0,5,0,1,0,3,1,2,0,0,2,0,3,68,76,0,0,0,0,3,12,0,0,0,0,20,85,92,0,0,0,0,0,0,0,2,85,92,0,0,0,0,0,0,0,0,0,0,0,0,0,83,85,10,1,83,3,42,45,6,211,179,1,31,40,0,0,30,41,0,0,206,71
2012,55,10,1,424,465,18,4,3,5,0,2,5,429,461,18,4,3,1,0,418,459,15,2,3,1,1,0,2,0,0,2,16,415,443,19,5,0,0,0,9,5,425,447,16,0,0,0,0,0,420,450,16,0,0,0,390,428,19,2,3,3,0,0,1,9,3,2,2,2,0,3,16,0,365,422,45,1,1,1,4,0,4,0,25,2,1,11,0,1,1,1,362,404,12,0,0,0,40,38,2,0,0,1,53,457,447,14,0,0,0,0,0,2,2,433,434,13,0,0,0,0,13,9,1,0,0,0,0,19,428,448,45,5,391,26,158,336,15,1109,926,1,128,202,1,1,124,204,3,1,1057,332
2012,55,11,1,272,129,1,0,2,0,0,0,2,271,126,1,1,1,1,0,266,123,1,0,1,0,3,0,0,0,1,0,9,266,118,3,0,0,0,0,4,1,270,117,2,0,0,0,0,0,262,123,1,0,0,0,241,117,5,0,2,0,0,0,0,2,2,2,0,0,2,0,19,1,216,110,20,0,1,0,10,0,1,0,26,2,0,1,0,0,1,0,214,107,1,0,0,0,39,10,0,0,0,0,30,269,126,3,0,0,0,0,0,4,1,261,123,2,0,0,0,0,3,0,1,0,0,0,0,11,134,243,23,6,234,3,62,103,4,483,406,1,95,45,2,0,93,46,2,1,446,142
2012,55,12,1,135,76,1,2,0,1,0,1,2,137,73,1,2,0,1,0,133,73,1,2,0,1,0,1,0,0,0,0,4,134,72,2,4,0,0,0,1,0,136,73,2,0,0,0,0,0,133,74,2,0,0,0,122,69,8,1,1,1,0,0,0,1,0,0,0,0,1,1,8,0,113,68,18,1,1,1,1,0,1,0,7,1,0,0,0,0,0,1,113,67,2,0,1,0,16,4,0,1,0,1,12,139,74,1,0,0,0,0,1,2,0,135,69,1,0,0,0,0,4,2,1,0,0,0,0,4,79,129,6,4,125,6,27,59,1,243,218,1,56,51,0,0,59,48,0,0,225,107
2012,55,13,1,218,259,8,1,2,1,0,0,3,221,256,7,1,1,1,0,218,256,7,0,1,1,0,1,0,0,0,0,5,203,258,9,1,0,0,0,7,3,211,255,7,0,0,0,0,0,200,260,8,0,0,0,191,249,14,1,0,1,0,0,0,1,1,2,0,0,0,3,6,0,177,233,25,1,0,1,4,0,1,0,12,1,0,11,0,4,3,0,173,229,7,1,0,1,27,25,0,0,0,0,19,229,236,5,0,0,0,0,0,5,1,222,235,4,0,0,0,0,6,5,0,0,0,0,0,14,259,205,24,4,195,13,110,167,7,553,492,1,59,114,1,0,54,120,0,0,530,174
2012,55,14,1,1704,1446,64,7,3,16,2,3,12,1725,1436,51,7,2,12,1,1689,1419,49,5,1,11,9,5,5,1,0,2,49,1649,1410,74,14,0,0,2,12,21,1699,1391,58,0,0,0,0,2,1660,1424,54,0,0,0,1566,1348,98,20,2,4,1,1,4,11,2,4,4,6,13,4,44,7,1501,1305,174,12,1,3,42,1,9,2,62,2,5,7,3,14,1,2,1465,1265,44,5,1,1,247,126,4,1,0,3,164,1758,1436,40,0,0,0,0,1,4,13,1700,1393,36,2,0,0,0,28,17,7,0,0,0,0,61,1415,1730,100,17,1632,81,600,921,28,3963,3261,1,566,776,13,9,586,766,2,10,3829,1364
2012,55,15,1,262,350,5,0,4,4,0,4,0,267,345,5,0,4,2,0,260,344,4,0,4,2,1,1,0,0,0,0,9,265,329,5,1,0,0,0,10,1,272,326,7,0,0,0,0,0,267,328,5,0,0,0,252,321,16,1,2,2,0,0,0,1,0,1,0,2,1,0,5,0,238,303,41,2,2,1,7,0,0,0,5,0,0,3,0,0,1,0,235,300,3,0,2,1,24,28,1,0,0,0,23,292,322,4,0,0,0,0,1,6,3,282,319,3,0,0,0,0,4,1,1,0,0,0,0,9,331,259,30,7,244,12,128,236,7,738,628,1,76,108,1,0,75,108,2,0,713,185
2012,55,16,1,138,77,3,1,0,1,0,0,1,139,76,3,1,0,1,0,138,77,3,1,0,1,0,1,0,0,0,0,0,126,77,4,3,0,0,0,2,3,129,79,4,0,0,0,0,0,127,79,4,0,0,0,121,75,4,0,0,1,0,0,0,0,0,0,2,0,0,0,2,0,118,72,10,0,0,0,1,0,0,0,3,2,0,0,0,0,0,0,115,71,4,0,0,0,11,6,0,0,0,0,9,139,72,7,0,0,0,0,0,2,1,136,70,7,0,0,0,0,2,3,0,0,0,0,0,0,78,138,5,0,129,3,32,57,0,278,221,1,42,36,0,0,46,32,0,0,264,78
2012,55,17,1,453,371,18,2,1,4,0,0,1,463,363,16,3,2,2,0,446,358,15,2,1,2,1,4,0,0,0,0,21,441,355,23,3,0,0,3,2,3,448,359,19,0,0,0,0,2,431,366,21,0,0,0,400,328,30,3,1,2,0,0,1,6,2,4,3,3,6,4,12,3,373,311,68,4,1,1,12,0,4,3,24,1,3,3,0,2,1,3,367,305,11,1,0,0,50,38,4,0,0,0,70,468,351,13,0,0,0,0,0,6,6,442,333,10,1,0,0,0,19,8,1,0,0,0,0,25,381,443,22,5,419,24,164,240,4,992,851,1,151,189,7,0,158,186,1,2,931,347
2012,55,18,1,397,355,11,2,0,1,1,2,5,403,351,14,3,2,0,1,391,348,14,2,0,0,4,3,1,0,0,0,13,388,341,16,1,0,0,0,6,2,392,345,12,0,0,0,0,0,392,350,13,0,0,0,370,322,28,0,1,2,0,0,0,5,3,1,1,1,4,2,14,0,352,312,47,0,1,1,11,0,0,0,14,2,2,1,0,7,4,0,345,201,11,0,0,1,37,34,1,0,0,0,45,411,351,7,0,0,0,0,0,5,2,388,339,7,2,0,0,0,11,5,0,0,0,0,0,24,361,372,42,8,353,18,144,255,13,938,783,1,136,144,2,2,133,147,3,1,907,284
2012,55,19,1,295,183,3,2,1,1,0,1,2,296,183,3,2,1,0,0,293,181,3,2,1,0,0,1,0,0,0,0,5,279,190,4,3,0,0,0,2,2,288,184,5,0,0,0,0,0,289,191,2,0,0,0,273,179,7,2,0,1,0,0,2,0,3,1,0,1,2,0,4,1,253,175,16,1,0,0,8,0,1,0,16,2,0,4,0,1,0,0,245,172,2,0,0,0,37,11,0,1,0,0,17,301,184,0,0,0,0,0,0,3,0,294,181,0,0,0,0,0,6,2,0,1,0,0,0,2,198,274,16,1,267,4,54,74,90,591,489,1,101,90,1,4,101,88,3,4,584,196
2012,55,77,1,66,81,1,1,0,0,0,3,0,65,80,1,2,0,0,0,63,80,1,1,0,0,1,0,0,0,0,0,3,61,77,3,0,0,0,0,6,6,63,76,2,0,0,0,0,0,58,80,2,0,0,0,52,77,4,0,0,0,0,0,0,1,0,0,3,0,0,0,4,0,52,77,4,0,0,0,0,0,1,0,9,1,0,0,0,0,0,0,54,74,2,0,0,0,4,2,0,0,0,0,12,67,80,1,0,0,0,0,0,4,0,65,78,1,0,0,0,0,0,0,0,0,0,0,0,5,73,62,12,1,57,3,29,58,1,0,152,1,13,24,1,3,4,33,1,3,0,41
2012,55,78,1,29,22,0,0,0,0,0,0,1,29,22,0,0,0,0,0,29,22,0,0,0,0,0,0,0,0,0,0,0,10,6,0,0,0,0,0,0,0,10,7,0,0,0,0,0,0,10,7,0,0,0,0,9,6,0,0,0,0,0,0,0,0,0,0,0,0,0,0,0,0,9,6,0,0,0,0,0,0,0,0,0,0,0,0,0,0,1,0,9,6,0,0,0,0,1,0,0,0,0,0,1,9,6,0,0,0,0,0,0,0,0,9,6,0,0,0,0,0,0,0,0,0,0,0,0,0,22,24,6,0,28,2,7,15,0,0,52,1,9,15,0,0,4,20,0,0,0,24
2012,55,79,1,0,0,0,0,0,0,0,0,0,0,0,0,0,0,0,0,0,0,0,0,0,0,0,0,0,0,0,0,0,1,0,1,0,0,0,0,0,0,2,0,0,0,0,0,0,0,2,0,0,0,0,0,2,0,0,0,0,0,0,0,0,0,0,0,0,0,0,0,0,0,1,0,0,0,0,0,0,0,0,0,0,0,0,0,0,1,0,0,0,0,0,0,0,0,2,0,0,0,0,0,0,0,0,0,0,0,0,0,0,0,0,0,0,0,0,0,0,0,0,0,0,0,0,0,0,0,0,0,0,0,0,0,0,0,0,0,0,,,,,,,,,,,
2012,56,1,1,573,542,21,1,1,5,0,6,7,574,540,21,1,1,4,0,570,539,21,1,1,4,0,4,0,0,0,1,2,554,546,24,0,0,0,0,7,9,555,545,24,0,0,0,0,0,555,546,23,0,0,0,555,527,31,3,1,4,0,0,1,0,1,0,4,2,0,1,0,0,538,521,47,0,1,4,5,0,1,0,0,0,0,0,0,3,2,0,532,521,19,0,1,3,19,21,2,0,0,0,22,524,599,19,0,0,0,0,0,4,7,518,569,17,0,0,0,0,5,21,3,0,0,0,0,12,536,579,32,9,523,29,120,472,12,1473,1156,1,206,268,4,1,208,269,1,1,1448,479
2012,56,2,1,176,173,9,1,0,1,0,1,3,177,172,9,1,0,0,0,176,171,8,1,0,0,0,1,0,0,0,0,2,172,177,8,2,0,0,0,0,2,173,177,7,0,0,0,0,0,173,178,8,0,0,0,167,172,12,1,0,2,0,0,1,0,1,0,2,0,0,1,0,0,164,172,17,0,0,0,1,0,1,0,1,0,0,0,0,0,1,0,158,170,6,0,0,0,12,5,1,1,0,0,8,163,190,3,0,0,0,0,0,0,3,156,180,3,0,0,0,0,7,5,2,0,0,0,0,7,185,168,10,0,156,8,52,145,2,440,363,1,66,79,0,2,68,77,0,2,425,147
2012,56,3,1,554,620,13,2,0,2,1,1,1,550,621,13,2,0,0,0,544,614,12,0,0,1,0,4,1,0,0,0,14,511,631,15,4,0,0,1,5,5,515,623,13,0,0,0,0,0,518,627,14,0,0,0,508,613,23,3,1,0,0,0,2,0,0,1,5,1,1,2,1,0,487,611,35,4,1,0,17,0,1,0,1,2,1,3,0,0,2,0,468,602,13,2,1,0,40,21,0,1,0,0,36,453,722,4,0,0,0,0,0,3,8,447,697,4,0,0,0,0,15,5,1,0,0,0,0,15,603,546,43,2,499,20,141,531,3,1492,1194,1,162,259,3,2,171,253,1,1,1464,426
2012,56,4,1,822,805,23,8,4,12,1,8,4,832,796,21,7,3,9,0,814,790,20,7,3,9,0,4,1,1,0,0,26,778,821,28,15,0,0,0,12,5,792,815,25,0,0,0,0,0,801,827,21,0,0,0,787,765,40,11,2,8,1,0,1,2,0,3,4,7,2,3,0,1,767,765,70,7,2,3,10,0,1,0,0,4,1,2,0,5,2,0,727,742,13,5,2,0,53,58,7,1,0,2,60,741,921,10,0,0,0,0,0,2,10,722,860,10,0,0,0,0,21,31,4,0,0,0,0,27,788,845,48,6,744,48,232,653,10,2034,1687,1,348,427,4,2,348,428,3,2,1962,781
2012,56,77,1,73,53,0,0,0,0,0,2,0,72,53,0,0,0,0,0,72,53,0,0,0,0,0,0,0,0,0,0,1,68,53,0,1,0,0,0,0,0,70,52,0,0,0,0,0,0,69,53,0,0,0,0,69,51,0,0,0,0,0,0,0,0,0,0,4,0,0,1,0,0,71,49,2,0,0,0,0,0,1,0,0,1,0,0,0,0,0,0,66,49,0,0,0,0,3,3,0,0,0,0,5,63,63,0,0,0,0,0,0,1,0,62,60,0,0,0,0,0,1,1,0,0,0,0,0,3,58,68,2,0,68,1,3,56,0,0,128,1,6,11,2,0,4,14,1,0,0,19
2012,56,78,1,10,3,0,0,0,0,0,1,2,10,3,0,0,0,0,0,9,3,0,0,0,0,0,0,0,0,0,0,1,3,0,0,0,0,0,0,0,0,5,0,0,0,0,0,0,0,5,0,0,0,0,0,3,0,0,0,0,0,0,0,0,0,0,0,0,0,0,0,0,0,3,0,0,0,0,0,1,0,0,0,0,0,0,0,0,0,0,0,3,0,0,0,0,0,0,0,0,0,0,0,2,3,0,0,0,0,0,0,0,0,0,3,0,0,0,0,0,0,0,0,0,0,0,0,0,0,7,7,2,0,8,0,2,5,1,0,16,1,5,7,0,0,1,11,0,0,0,12
2012,57,1,1,274,281,26,6,1,3,0,2,4,274,280,25,6,0,2,0,269,276,23,5,0,1,2,0,2,0,0,1,10,252,298,28,0,0,0,0,3,1,257,289,26,0,0,0,0,0,257,291,27,0,0,0,257,265,35,6,0,4,0,0,0,1,0,6,5,1,1,0,0,1,250,259,47,4,0,1,8,0,0,0,1,1,0,1,0,3,0,1,238,253,21,2,0,1,14,29,3,2,0,0,30,241,337,13,0,0,0,0,1,0,1,236,296,13,0,0,0,0,8,24,2,0,0,0,0,17,273,300,21,3,242,34,108,210,3,759,597,1,110,157,1,0,110,157,1,0,715,268
2012,57,2,1,107,304,9,0,0,0,0,2,8,108,304,8,0,0,0,0,107,303,8,0,0,0,0,0,1,0,0,0,1,103,311,8,0,0,0,0,1,8,106,303,9,0,0,0,0,0,102,307,9,0,0,0,103,300,12,0,0,0,0,0,0,0,1,1,1,0,0,1,0,0,99,300,15,0,0,0,1,0,0,0,0,1,0,1,0,0,1,0,99,293,8,0,0,0,3,12,1,0,0,0,6,95,326,2,0,0,0,0,0,2,5,91,302,2,0,0,0,0,7,13,0,0,0,0,0,8,282,120,17,11,101,11,88,221,9,547,430,1,58,106,0,1,49,115,0,1,535,165
2012,57,3,1,539,451,6,4,3,2,0,4,3,544,448,3,3,3,1,0,532,445,3,3,2,1,0,4,1,1,1,0,13,511,464,8,0,0,0,0,5,4,518,459,6,0,0,0,0,0,518,460,5,0,0,0,504,444,14,2,3,2,0,0,0,4,2,0,8,2,0,0,0,1,503,462,29,1,3,3,3,0,0,0,0,0,1,1,1,3,0,0,487,435,5,1,2,1,18,23,1,1,1,0,30,470,531,4,0,0,0,0,0,4,2,458,511,3,0,0,0,0,11,12,0,0,0,0,0,13,437,521,46,10,496,14,129,370,5,1262,1013,1,154,169,1,1,145,174,3,3,1205,325
2012,57,4,1,708,733,24,6,0,11,5,5,3,713,732,22,5,1,9,0,702,725,20,4,0,8,2,6,1,1,0,1,17,678,755,28,0,0,0,1,6,3,682,750,23,0,0,0,0,2,685,752,24,0,0,0,683,718,36,4,2,4,0,1,1,4,3,3,1,5,0,1,0,0,669,714,61,1,1,4,7,1,2,0,0,2,0,1,0,1,2,0,654,696,18,1,1,2,19,50,3,0,0,2,42,651,822,8,0,0,0,0,5,2,1,644,771,7,0,0,0,0,10,23,3,0,0,0,0,31,719,736,34,5,655,38,185,614,2,1904,1494,1,232,332,4,0,243,323,1,1,1837,568
2012,57,5,1,179,238,6,1,0,0,0,0,4,179,236,5,1,0,3,0,177,235,5,1,0,0,0,0,1,0,0,0,5,168,239,10,0,0,0,0,1,3,172,237,9,0,0,0,0,0,169,239,8,0,0,0,172,226,8,1,0,3,0,0,0,1,0,0,0,3,1,0,0,0,162,221,18,3,0,3,3,0,0,0,0,2,0,0,0,3,0,0,159,216,4,0,0,2,9,19,1,0,0,1,13,150,269,3,0,0,0,0,1,1,4,146,260,2,0,0,0,0,3,1,2,0,0,0,0,9,229,188,9,2,157,12,66,191,2,531,428,1,62,121,0,0,66,114,1,0,499,181
2012,57,6,1,124,83,4,0,0,0,0,0,2,121,84,3,0,0,0,0,120,81,2,0,0,0,0,2,1,0,0,0,5,113,86,4,0,0,0,0,1,1,116,85,4,0,0,0,0,0,111,88,4,0,0,0,108,79,5,1,0,1,0,0,0,0,2,3,1,0,0,0,0,0,107,79,11,2,0,1,1,0,0,0,0,0,2,0,0,1,1,1,101,79,3,0,0,0,8,3,0,0,0,0,17,99,112,1,0,0,0,0,0,0,0,95,106,1,0,0,0,0,2,1,1,0,0,0,0,7,86,111,11,5,110,4,20,79,0,266,213,1,46,42,2,0,44,45,0,1,256,90
2012,57,7,1,490,531,23,5,0,4,1,5,6,491,526,17,8,0,5,0,484,522,17,4,0,3,2,3,2,0,0,2,15,471,550,16,0,0,0,0,6,5,483,536,16,0,0,0,0,0,466,551,18,0,0,0,465,505,29,5,1,6,1,0,1,4,0,3,6,1,0,1,2,1,458,507,55,3,1,3,3,0,1,0,0,2,1,0,0,3,0,0,441,494,12,1,1,1,19,38,3,0,0,1,43,425,626,7,0,0,0,0,0,2,3,417,590,7,0,0,0,0,5,11,3,0,0,0,0,27,515,503,43,4,453,33,147,430,2,1281,1065,1,167,241,3,1,169,242,0,1,1243,412
2012,57,77,1,74,70,2,0,0,0,0,0,0,75,69,2,0,0,0,0,74,67,2,0,0,0,1,0,0,0,0,0,2,71,71,3,0,0,0,0,0,0,71,70,2,0,0,0,0,0,72,70,3,0,0,0,71,70,2,0,0,0,0,0,0,0,0,0,1,0,0,0,0,0,70,71,3,0,0,0,0,0,0,0,0,0,0,0,0,0,0,0,69,70,2,0,0,0,2,0,0,0,0,0,3,68,75,1,0,0,0,0,0,0,0,68,70,1,0,0,0,0,2,2,0,0,0,0,0,2,72,74,0,0,64,3,10,69,0,0,146,1,5,6,1,0,2,9,1,0,0,12
2012,57,78,1,13,12,0,0,0,0,0,0,0,14,11,0,0,0,0,0,13,10,0,0,0,0,0,1,0,0,0,0,1,6,2,0,0,0,0,0,0,0,7,2,0,0,0,0,0,0,7,2,0,0,0,0,7,2,0,0,0,0,0,0,0,0,0,0,0,0,0,0,0,0,7,2,0,0,0,0,0,0,0,0,0,0,0,0,0,0,0,0,6,1,0,0,0,0,0,0,0,0,0,0,3,6,2,0,0,0,0,0,0,0,0,6,2,0,0,0,0,0,0,0,0,0,0,0,0,0,11,11,3,0,12,1,2,10,0,0,25,1,1,12,0,0,0,13,0,0,0,13
2012,57,79,1,0,0,0,0,0,0,0,0,0,0,0,0,0,0,0,0,0,0,0,0,0,0,0,0,0,0,0,0,0,0,0,0,0,0,0,0,0,1,0,0,0,0,0,0,0,0,0,0,0,0,0,0,0,0,0,0,0,0,0,0,0,0,0,0,0,0,0,0,0,0,0,0,0,0,0,0,0,0,0,0,0,0,0,0,0,0,0,0,0,0,0,0,0,0,0,0,0,0,0,0,0,0,0,0,0,0,0,0,0,0,0,0,0,0,0,0,0,0,0,0,0,0,0,0,0,0,0,0,0,0,0,0,0,0,0,0,0,,,,,,,,,,,
2012,58,1,1,313,272,9,2,5,0,0,3,2,311,268,9,2,4,0,0,306,265,9,1,4,0,1,1,0,1,1,0,15,300,281,9,0,0,0,0,8,3,307,247,8,0,0,0,0,0,307,248,10,0,0,0,286,229,24,1,2,0,0,0,1,1,1,0,10,5,2,0,0,6,291,232,34,0,2,0,0,0,0,0,0,3,1,0,0,1,0,1,268,216,7,0,1,0,32,24,1,1,0,0,48,342,253,4,0,0,0,0,0,3,3,326,249,2,0,0,0,0,6,2,3,0,0,0,0,15,276,299,31,3,277,13,180,138,1,851,609,1,113,97,0,0,109,99,1,1,840,210
2012,58,2,1,156,132,2,0,0,2,0,0,3,157,133,2,0,0,0,0,156,131,2,0,0,0,0,0,0,0,0,0,3,159,126,6,0,0,0,0,2,0,156,127,5,0,0,0,0,0,155,122,7,0,0,0,142,119,6,0,0,0,0,0,1,1,0,0,7,5,0,0,1,1,150,117,10,0,0,0,1,0,1,0,0,3,0,0,0,0,0,0,140,108,5,0,0,0,12,14,0,0,0,0,14,157,128,2,0,0,0,0,0,1,7,151,122,1,0,0,0,0,2,1,0,0,0,0,0,10,125,154,9,7,141,5,68,79,2,376,295,1,60,28,1,1,61,28,0,1,369,90
2012,58,3,1,620,700,49,4,3,10,1,4,2,633,692,42,6,3,5,0,609,683,39,3,3,5,2,6,4,0,0,1,33,568,757,43,0,0,5,0,4,2,595,694,43,0,0,0,0,0,585,700,43,0,0,0,542,643,70,8,1,7,1,0,0,5,3,3,19,14,1,2,1,8,553,633,102,3,1,4,4,0,3,2,0,14,0,1,0,3,5,5,509,618,32,1,1,1,59,61,6,2,1,3,94,611,728,40,0,0,0,0,2,2,8,601,688,34,0,0,0,0,7,26,3,0,0,0,0,26,644,673,72,7,589,60,403,337,7,1767,1394,1,279,316,1,0,276,318,2,0,1718,596
2012,58,4,1,286,376,20,0,4,2,1,0,3,286,373,17,0,3,2,0,277,366,16,0,3,2,1,5,1,0,0,0,18,271,384,16,0,0,1,0,0,6,270,363,18,0,0,0,0,0,265,371,19,0,0,0,249,331,35,2,1,2,1,0,1,0,0,3,13,4,0,1,0,6,250,320,62,3,1,1,2,0,1,0,0,8,0,0,0,1,0,3,232,309,13,1,1,0,28,49,1,0,0,1,49,300,368,12,0,0,0,0,0,1,5,288,356,12,0,0,0,0,4,3,1,0,0,0,0,21,357,298,31,5,258,24,211,190,8,887,691,1,91,120,2,1,84,130,0,0,847,214
2012,58,5,1,622,731,53,5,3,11,0,4,11,632,726,46,5,2,9,0,613,716,46,3,2,9,3,8,2,2,0,0,20,599,758,48,0,0,5,0,6,8,600,714,52,0,0,0,0,0,607,719,54,0,0,0,559,649,84,4,3,9,0,0,2,3,1,1,26,11,2,2,1,13,566,633,116,0,2,6,2,0,2,6,1,19,0,2,1,7,7,7,524,611,39,0,1,5,67,81,9,0,0,1,87,651,717,46,0,0,0,0,4,7,14,623,686,42,0,0,0,0,9,13,6,0,0,0,0,39,681,671,72,15,536,70,459,367,7,1825,1439,1,235,337,0,3,239,333,2,1,1867,575
2012,58,6,1,720,974,84,3,3,12,0,1,5,735,960,79,8,3,11,0,718,957,76,3,3,10,6,6,3,0,0,1,16,693,977,95,0,0,8,0,8,5,714,937,83,0,0,0,0,0,712,944,87,0,0,0,665,879,117,5,3,10,0,0,1,4,3,4,15,19,3,2,1,6,660,862,163,2,3,7,1,0,3,1,0,21,1,1,0,4,4,3,618,823,70,1,2,4,72,108,6,1,1,1,84,782,925,81,0,0,0,0,4,1,9,747,873,72,2,0,0,0,16,37,8,3,0,0,0,37,884,858,50,13,685,97,594,417,12,2216,1805,1,332,591,5,6,326,597,5,6,2174,934
2012,58,7,1,408,409,34,3,0,6,1,4,10,410,400,30,2,0,5,0,401,394,29,2,0,4,3,2,0,0,0,0,25,381,425,35,0,0,4,0,2,10,380,396,37,0,0,0,0,0,376,395,40,0,0,0,353,368,57,5,2,4,0,0,2,1,0,0,15,7,0,2,2,7,361,354,69,1,3,3,5,0,0,0,0,11,1,3,0,1,3,1,335,340,31,1,0,2,35,40,3,0,0,0,74,425,405,26,0,0,0,0,2,4,9,415,382,25,0,0,0,0,3,13,2,0,0,0,0,21,378,453,39,4,364,46,258,198,8,1112,874,1,162,210,2,0,148,224,2,0,1086,374
2012,58,8,1,295,472,29,0,4,3,0,3,1,300,465,26,4,2,2,0,292,461,25,0,2,1,1,3,1,0,0,0,19,282,470,28,0,0,4,0,9,1,284,446,25,0,0,0,0,1,278,447,27,0,0,0,259,423,40,3,3,2,0,0,2,1,2,1,16,6,0,5,0,2,262,401,65,3,4,1,0,0,1,1,0,12,0,0,1,1,6,2,243,390,20,3,3,0,30,48,3,0,0,1,58,314,466,19,0,0,0,0,1,4,3,299,451,17,0,0,0,0,5,8,3,0,0,0,0,19,432,324,48,5,267,33,291,214,4,1069,809,1,88,168,2,2,86,172,0,2,1049,260
2012,58,9,1,453,483,61,2,2,9,1,1,3,474,465,53,3,2,8,1,451,457,51,1,1,8,6,4,5,0,0,0,30,419,505,58,0,0,6,0,4,4,443,454,59,0,0,0,0,0,442,464,63,0,0,0,397,403,98,7,1,5,0,0,0,1,4,0,29,10,4,3,0,15,407,389,137,3,0,4,0,0,0,1,1,15,0,0,0,3,4,3,362,367,46,0,0,2,63,80,8,0,0,1,81,495,475,29,0,0,0,0,4,3,8,469,446,26,0,0,0,0,15,7,8,0,0,0,0,36,438,542,36,2,433,64,302,216,3,1312,1018,1,160,237,4,1,161,241,0,0,1260,402
2012,58,10,1,287,360,19,1,3,3,0,1,3,292,353,15,3,3,2,0,283,351,15,1,2,2,0,4,0,0,0,0,16,301,342,19,0,0,1,0,1,1,281,346,16,0,0,0,0,0,277,346,18,0,0,0,258,324,35,1,2,1,0,0,0,0,2,0,14,7,1,0,0,6,264,308,53,1,2,1,2,0,1,1,0,6,0,1,0,3,2,1,243,291,13,1,1,1,25,48,1,0,1,0,50,302,348,18,0,0,0,0,4,3,2,292,344,18,0,0,0,0,3,2,0,0,0,0,0,14,339,293,43,4,244,34,228,161,12,896,678,1,112,122,1,1,112,121,2,1,854,236
2012,58,11,1,429,725,42,1,7,5,0,6,4,444,712,33,6,6,4,0,418,705,33,0,5,4,3,5,1,0,1,1,36,421,743,29,0,0,4,0,4,3,405,720,33,0,0,0,0,0,400,714,35,0,0,0,360,664,62,0,3,2,0,0,1,6,6,1,21,10,6,7,0,7,379,636,85,0,1,3,22,0,3,2,0,20,2,0,0,5,3,2,341,620,26,0,1,1,42,71,4,0,1,0,108,456,721,36,0,0,0,0,0,0,4,418,697,31,0,0,0,0,17,15,1,1,0,0,0,36,656,507,49,10,397,45,425,344,11,1604,1222,1,156,348,6,0,152,358,0,0,1555,510
2012,58,12,1,83,147,7,0,0,0,0,0,1,84,148,6,0,0,0,0,82,145,6,0,0,0,1,0,1,0,0,0,4,78,153,4,0,0,1,0,0,2,80,147,5,0,0,0,0,0,79,148,6,0,0,0,75,139,5,0,0,1,0,0,0,0,1,1,2,4,0,0,0,2,71,135,6,0,0,1,3,0,1,1,0,9,0,0,0,1,0,0,66,132,4,0,0,0,8,12,1,0,0,0,15,91,141,6,0,0,0,0,0,0,2,89,137,6,0,0,0,0,0,1,0,0,0,0,0,5,134,94,11,1,76,11,89,63,1,303,240,1,31,56,0,1,28,60,0,0,294,88
2012,58,13,1,183,137,13,2,2,2,1,1,2,186,133,11,2,1,2,0,176,131,11,1,1,2,1,3,0,0,0,0,14,175,133,12,0,0,3,0,3,6,179,124,14,0,0,0,0,0,181,127,13,0,0,0,164,116,17,2,1,2,0,0,0,0,2,1,8,5,1,1,0,2,165,108,25,0,1,1,0,0,4,3,0,2,0,2,0,1,1,1,152,104,10,0,1,1,20,18,0,0,0,0,28,215,112,8,0,0,0,0,1,2,3,206,100,6,0,0,0,0,6,5,0,0,0,0,0,15,133,182,22,6,158,17,76,84,8,437,343,1,64,57,2,0,71,50,2,0,409,123
2012,58,14,1,203,306,13,2,1,1,0,1,4,209,300,13,1,1,0,0,201,297,11,1,1,0,2,1,4,0,0,1,7,201,299,19,0,0,0,0,2,3,209,291,15,0,0,0,0,0,205,294,13,0,0,0,190,279,20,1,0,3,0,0,1,0,0,1,7,4,1,1,0,1,197,272,29,2,0,0,0,0,1,0,2,5,0,0,0,1,1,1,184,265,11,0,0,0,18,21,1,1,0,0,25,225,284,14,0,0,0,0,1,2,4,213,274,9,0,0,0,0,3,12,3,0,0,0,0,11,285,221,22,3,185,20,195,127,4,671,531,1,93,119,0,1,88,123,1,1,669,213
2012,58,15,1,167,44,0,0,1,1,0,1,0,162,44,0,0,1,1,0,161,44,0,0,1,1,0,0,0,0,0,0,6,158,48,2,0,0,0,0,2,1,155,47,1,0,0,0,0,0,155,47,1,0,0,0,147,47,4,0,0,0,0,0,1,0,0,0,7,0,0,0,0,0,153,47,6,0,0,0,0,0,0,0,1,0,0,0,0,0,0,0,143,46,1,0,0,0,12,1,0,0,0,0,8,167,45,0,0,0,0,0,0,1,0,160,42,0,0,0,0,0,3,2,0,0,0,0,0,6,58,134,21,1,132,2,22,54,4,259,214,1,31,12,0,0,30,13,0,0,256,43
2012,58,77,1,71,71,7,0,0,0,0,1,1,72,70,7,0,0,0,0,71,70,7,0,0,0,0,1,0,0,0,0,0,70,65,8,0,0,0,0,2,2,69,65,8,0,0,0,0,0,70,67,8,0,0,0,68,64,9,0,1,0,0,0,0,0,0,0,0,2,0,0,0,0,69,62,11,0,1,0,0,0,0,1,0,1,0,0,0,0,0,0,68,60,8,0,1,0,1,6,0,0,0,0,2,61,78,7,0,0,0,0,0,4,1,59,78,7,0,0,0,0,0,2,0,0,0,0,0,0,75,64,9,0,48,9,46,45,0,0,151,1,11,29,9,0,5,35,9,0,0,49
2012,58,78,1,23,28,3,0,0,0,0,0,0,23,28,3,0,0,0,0,21,28,3,0,0,0,0,0,0,0,0,0,2,5,11,1,0,0,0,0,0,1,6,11,1,0,0,0,0,0,6,11,1,0,0,0,5,11,1,0,0,0,0,0,0,0,0,0,0,0,0,0,0,0,5,11,1,0,0,0,0,0,0,0,0,0,0,0,0,0,0,0,5,10,1,0,0,0,0,0,0,0,0,0,4,5,11,1,0,0,0,0,0,0,0,5,10,1,0,0,0,0,0,0,0,0,0,0,0,1,27,21,5,1,19,4,14,17,0,0,54,1,7,18,0,0,5,19,1,0,0,25
2012,58,79,1,0,0,0,0,0,0,0,0,0,0,0,0,0,0,0,0,0,0,0,0,0,0,0,0,0,0,0,0,0,0,0,0,0,0,0,0,0,1,0,0,0,0,0,0,0,0,0,0,0,0,0,0,0,0,0,0,0,0,0,0,0,0,0,0,0,0,0,0,0,0,0,0,0,0,0,0,0,0,0,0,0,0,0,0,0,0,0,0,0,0,0,0,0,0,0,0,0,0,0,0,0,0,0,0,0,0,0,0,0,0,0,0,0,0,0,0,0,0,0,0,0,0,0,0,0,0,0,0,0,0,0,0,0,0,0,0,0,,,,,,,,,,,
2012,58,80,1,0,0,0,0,0,0,0,0,0,0,0,0,0,0,0,0,0,0,0,0,0,0,0,0,0,0,0,0,0,0,0,0,0,0,0,0,0,0,0,0,0,0,0,0,0,0,0,0,0,0,0,0,0,0,0,0,0,0,0,0,0,0,0,0,0,0,0,0,0,0,0,0,0,0,0,0,0,0,0,0,0,0,0,0,0,0,0,0,0,0,0,0,0,0,0,0,0,0,0,0,0,0,0,1,0,0,0,0,0,0,0,0,0,0,0,0,0,0,0,1,0,0,0,0,0,0,0,0,0,0,0,0,0,0,0,0,0,,,,,,,,,,,
2012,59,1,1,120,132,9,2,0,0,0,2,0,124,130,8,2,0,0,0,120,130,8,2,0,0,1,0,0,0,0,0,3,116,131,10,0,0,0,1,0,0,118,128,10,0,0,0,0,0,118,129,11,0,0,0,107,126,15,4,0,2,0,0,0,0,1,1,0,0,0,0,1,0,106,122,18,4,0,0,0,0,7,0,0,1,0,0,0,1,0,0,103,120,10,4,0,0,13,7,0,0,0,0,9,117,136,6,0,0,0,0,0,2,4,111,130,6,0,0,0,0,5,0,0,0,0,0,0,8,122,121,22,1,117,11,53,84,1,328,266,1,53,58,1,0,48,62,2,0,317,112
2012,59,2,1,98,73,5,2,0,5,0,1,3,100,72,5,2,0,1,0,97,72,5,0,0,3,0,0,0,0,0,2,6,96,77,4,0,0,3,0,0,4,96,74,5,0,0,0,0,0,96,74,5,0,0,0,93,69,12,0,0,3,0,0,0,1,0,0,0,0,1,0,0,1,94,67,12,0,0,3,1,0,3,0,0,0,0,0,0,0,0,0,93,67,4,0,0,1,1,8,0,0,0,2,9,92,85,6,0,0,0,0,0,0,5,90,78,5,0,0,0,0,2,3,1,0,0,0,0,5,61,109,15,4,95,11,25,57,1,230,189,1,43,26,1,0,43,26,1,0,228,70
2012,59,3,1,441,378,30,4,6,4,3,5,2,443,376,26,4,6,6,0,435,374,26,3,6,4,0,0,0,0,0,1,17,403,398,33,0,0,5,0,8,6,410,384,33,0,0,0,0,0,408,392,34,0,0,0,380,354,50,4,3,6,0,0,5,3,0,3,5,7,11,1,3,4,371,339,75,3,2,3,9,0,16,0,3,9,0,0,0,1,0,2,364,331,29,3,2,2,28,44,1,0,0,1,54,377,461,25,0,0,0,0,0,3,5,360,426,25,0,0,0,0,10,8,2,0,0,0,0,35,361,486,21,6,426,44,152,247,5,1083,874,1,185,156,2,0,182,159,1,1,1034,343
2012,59,4,1,145,283,8,2,0,0,0,3,3,146,280,7,3,0,0,0,144,277,5,2,0,0,1,3,1,0,0,0,5,138,287,7,0,0,1,0,7,1,142,276,9,0,0,0,0,0,141,279,8,0,0,0,136,269,17,3,0,0,0,0,1,0,1,1,1,0,2,1,0,0,131,263,28,1,0,0,0,0,2,0,1,2,0,0,0,1,0,2,129,257,3,0,0,0,9,20,1,0,0,0,17,117,315,7,0,0,0,0,0,0,2,114,307,5,0,0,0,0,1,2,0,0,0,0,0,13,252,166,24,2,135,15,100,193,1,572,444,1,62,73,0,0,57,77,1,0,558,135
2012,59,5,1,243,151,7,1,1,1,0,3,2,245,151,4,0,1,1,0,241,151,4,0,1,1,2,0,1,0,0,0,3,226,166,5,0,0,1,0,6,1,240,151,4,0,0,0,0,0,240,151,5,0,0,0,226,145,11,1,0,1,0,0,1,1,0,1,2,0,6,1,0,2,219,142,19,1,0,1,0,0,13,0,0,1,0,0,0,2,0,2,210,140,4,0,0,1,27,11,0,1,0,0,8,232,163,4,0,0,0,0,1,6,2,221,153,4,0,0,0,0,9,6,0,7,0,0,0,8,133,249,24,3,238,8,60,102,1,488,409,1,101,47,1,0,102,46,1,0,470,149
2012,59,6,1,749,996,42,8,5,9,1,8,3,763,977,38,9,5,7,1,734,967,36,7,3,5,3,7,2,0,0,2,44,708,1010,40,0,0,9,1,16,7,716,983,43,0,0,0,0,2,705,989,42,0,0,0,644,945,74,3,4,2,0,1,8,3,0,2,3,6,33,2,5,13,637,925,109,1,3,3,3,0,34,4,1,13,0,3,1,3,1,2,616,913,34,0,2,2,68,58,11,1,0,1,99,686,1096,22,0,0,0,0,0,12,2,639,1053,20,0,0,0,0,19,17,2,0,0,0,0,58,909,799,95,18,707,58,397,644,15,2397,1821,1,287,321,6,3,266,345,3,3,2336,617
2012,59,7,1,399,410,13,2,2,7,0,5,3,399,403,11,4,2,7,0,394,403,11,2,2,6,1,2,0,1,0,0,11,387,417,9,0,0,6,0,7,5,392,408,11,0,0,0,0,0,389,410,12,0,0,0,374,380,38,3,1,3,0,0,1,0,0,0,2,1,9,0,3,3,366,365,54,1,1,3,2,0,8,1,0,4,1,1,0,1,0,1,359,361,9,0,1,1,22,41,2,0,0,4,28,366,452,12,0,0,0,0,2,3,2,355,426,10,0,0,0,0,10,8,4,0,0,0,0,20,354,428,58,1,387,28,144,279,3,1090,841,1,147,143,0,0,145,144,1,0,1034,290
2012,59,8,1,750,900,39,1,3,5,0,5,4,757,885,41,1,3,4,0,739,879,34,1,2,4,4,2,2,0,0,0,33,695,924,39,0,0,0,0,14,11,707,887,38,0,0,0,0,0,701,891,38,0,0,0,656,843,85,2,0,1,0,0,6,5,2,1,3,8,19,3,2,11,635,809,120,1,1,1,6,0,27,2,0,11,0,0,3,0,1,8,624,797,33,1,0,0,62,82,2,0,1,1,81,683,981,27,0,0,0,0,0,5,8,656,941,25,0,0,0,0,16,11,2,0,0,0,1,44,838,775,65,31,680,62,301,660,6,2345,1709,1,277,248,2,5,266,264,0,2,2226,532
2012,59,9,1,184,199,12,2,1,4,3,2,2,190,195,11,2,1,3,0,183,194,10,2,1,3,1,1,0,0,0,0,10,176,204,12,0,0,1,0,5,1,175,199,11,0,0,0,0,0,179,202,12,0,0,0,167,182,23,0,0,1,0,0,1,2,1,0,0,1,4,1,2,2,158,182,29,0,0,2,4,0,8,0,1,2,0,0,0,0,0,1,155,177,11,0,0,1,16,15,0,0,0,0,28,167,227,8,0,0,0,0,0,2,2,155,215,7,0,0,0,0,5,4,2,0,0,0,0,17,179,218,11,1,191,21,84,113,0,508,409,1,80,82,0,0,82,80,0,0,487,162
2012,59,10,1,454,500,52,1,2,5,1,1,6,473,484,46,2,3,3,1,452,478,46,0,2,2,6,6,1,1,0,0,22,445,498,51,0,0,2,0,5,5,450,484,53,0,0,0,0,0,447,491,52,0,0,0,414,461,80,2,4,1,0,0,3,5,1,0,5,6,7,1,5,3,413,448,98,2,3,2,4,0,13,4,0,4,0,0,2,1,0,1,405,441,48,0,3,1,32,37,1,1,0,0,44,427,542,41,0,0,0,0,0,3,6,407,497,39,0,0,0,0,14,21,5,0,0,0,0,31,447,535,36,5,435,70,183,329,6,1365,1023,1,224,235,3,3,226,234,1,4,1320,465
2012,59,11,1,150,149,19,3,0,1,0,0,1,152,143,17,4,1,1,0,148,142,17,2,0,1,0,2,0,0,0,0,5,153,142,18,0,0,2,0,0,4,151,146,18,0,0,0,0,0,147,145,18,0,0,0,134,135,34,1,1,2,0,0,3,0,1,1,1,0,4,1,2,0,132,127,40,1,1,1,0,0,7,0,0,1,0,0,0,0,0,3,131,126,14,1,1,1,13,17,0,0,0,0,16,138,173,9,0,0,0,0,0,1,0,134,166,9,0,0,0,0,2,1,1,0,0,0,0,9,125,184,15,0,135,19,67,101,2,400,324,1,44,52,1,0,44,52,1,0,375,97
2012,59,12,1,372,355,28,2,1,1,0,5,5,377,349,24,3,5,1,0,365,345,24,1,1,0,1,4,0,0,0,0,18,339,367,32,0,0,2,4,7,2,347,350,34,0,0,0,0,0,348,356,34,0,0,0,319,332,50,1,2,4,0,0,0,2,1,1,4,3,5,1,4,8,312,320,65,2,0,1,8,0,5,4,1,10,0,0,0,1,1,4,308,314,28,1,1,1,23,33,3,1,1,0,45,327,405,24,0,0,0,0,1,8,1,314,383,21,0,0,0,0,10,6,5,0,0,0,0,21,311,416,40,2,357,32,115,262,3,998,769,1,151,152,7,2,161,144,4,3,963,312
2012,59,13,1,57,59,47,0,1,0,0,2,0,58,59,45,0,1,0,0,55,58,45,0,1,0,0,1,1,0,0,0,3,57,54,47,0,0,0,0,2,0,58,54,45,0,0,0,0,0,55,54,45,0,0,0,54,51,52,0,0,0,0,0,0,0,0,0,0,0,1,0,0,2,51,49,56,0,0,0,0,0,3,0,0,2,0,0,0,0,0,0,51,49,44,0,0,0,4,4,1,0,0,0,11,56,59,47,0,0,0,0,0,3,1,55,54,45,0,0,0,0,2,2,2,0,0,0,0,2,52,105,8,1,52,34,27,53,0,202,166,1,37,56,0,0,32,61,0,0,198,93
2012,59,14,1,198,195,19,0,1,2,0,1,4,198,196,18,1,0,0,0,196,195,18,0,0,1,0,0,1,0,0,0,4,198,201,15,0,0,1,0,0,4,198,192,16,0,0,0,0,0,200,192,15,0,0,0,187,182,29,2,0,1,0,0,1,0,0,0,0,2,2,0,2,2,181,181,43,0,0,1,1,0,3,0,0,2,0,0,0,0,0,1,175,179,13,0,0,1,16,12,2,0,0,0,18,176,220,15,0,0,0,0,1,7,1,173,214,15,0,0,0,0,1,2,0,0,0,0,0,7,186,219,12,3,194,13,75,130,8,510,420,1,79,102,0,0,76,104,0,1,492,181
2012,59,15,1,371,263,36,6,3,5,0,1,2,373,260,32,6,3,4,0,367,259,33,6,2,4,1,1,1,1,0,0,11,353,266,40,0,0,8,0,3,0,365,261,37,0,0,0,0,0,358,264,41,0,0,0,332,244,55,8,1,7,0,0,3,0,2,2,2,4,6,3,1,0,324,232,80,6,1,4,3,0,14,2,0,1,0,1,0,1,1,3,317,228,33,3,0,2,30,30,1,3,0,1,38,314,339,29,0,0,0,0,1,3,0,310,319,29,0,0,0,0,6,4,1,0,0,0,0,17,241,423,21,4,361,40,107,177,4,928,689,1,138,120,1,1,132,128,0,0,893,260
2012,59,16,1,385,637,25,2,2,7,1,1,4,396,629,18,2,3,5,1,378,625,17,1,2,5,3,9,3,1,0,0,13,358,665,16,0,0,5,0,1,6,352,647,18,0,0,0,0,0,354,651,19,0,0,0,318,602,53,0,0,4,0,0,2,2,3,3,0,8,14,1,1,4,313,583,78,0,0,0,12,0,13,2,1,11,0,2,1,2,0,1,307,578,12,0,0,1,29,66,0,0,1,0,64,327,717,11,0,0,0,0,0,3,1,302,694,10,0,0,0,0,15,8,1,0,0,0,0,28,598,425,36,3,355,37,244,418,8,1375,1062,1,163,164,1,0,160,168,0,0,1301,328
2012,59,17,1,772,652,46,5,2,12,2,2,4,782,651,42,3,1,7,1,768,644,41,3,1,7,1,2,2,0,0,1,21,709,686,46,0,0,7,1,7,9,732,660,52,0,0,0,0,0,721,661,50,0,0,0,675,619,87,2,4,4,2,0,5,1,0,3,5,3,10,3,3,11,650,604,124,0,1,2,13,0,19,2,2,12,1,1,0,0,2,0,640,588,41,0,1,0,61,60,2,0,0,1,87,667,786,28,0,0,0,0,3,4,8,641,753,26,0,0,0,0,17,12,2,0,0,0,0,34,614,836,41,6,733,61,307,390,6,1913,1497,1,309,289,0,1,307,288,2,2,1843,599
2012,59,77,1,134,99,3,0,0,0,0,2,0,131,99,3,0,0,0,0,129,99,3,0,0,0,0,0,0,0,0,0,5,128,100,4,0,0,0,0,2,2,131,98,4,0,0,0,0,0,127,99,4,0,0,0,121,89,9,0,1,0,0,0,2,1,0,0,2,0,2,0,0,1,117,88,12,0,0,0,1,0,5,2,0,1,0,0,0,2,0,0,117,88,4,0,0,0,10,7,0,0,0,0,10,112,114,5,0,0,0,0,0,0,0,111,110,5,0,0,0,0,1,0,0,0,0,0,0,8,105,121,11,0,123,7,43,64,0,0,238,1,17,19,10,1,5,31,10,1,0,47
2012,59,78,1,36,33,2,0,0,0,0,0,1,34,34,2,0,1,0,0,33,32,2,0,0,0,1,0,0,0,0,0,3,14,11,0,0,0,0,0,1,0,14,11,0,0,0,0,0,0,15,12,0,0,0,0,10,10,1,0,0,0,0,0,0,0,0,0,0,0,1,0,0,0,10,10,0,0,0,0,0,0,1,0,0,0,0,0,0,0,0,0,10,10,0,0,0,0,1,0,0,0,0,0,7,11,14,0,0,0,0,0,0,1,0,10,13,0,0,0,0,0,0,0,0,0,0,0,0,2,32,31,8,1,32,4,16,20,0,0,72,1,11,16,0,0,7,20,0,0,0,27
2012,59,79,1,0,0,0,0,0,0,0,0,0,0,0,0,0,0,0,0,0,0,0,0,0,0,0,0,0,0,0,0,0,0,2,0,0,0,0,0,0,0,0,2,0,0,0,0,0,0,0,2,0,0,0,0,0,1,0,0,0,0,0,0,0,0,0,0,0,0,0,0,0,1,0,1,0,0,0,0,0,0,0,0,0,0,0,0,0,0,0,0,0,1,0,0,0,0,0,1,0,0,0,0,0,0,0,0,0,0,0,0,0,0,0,0,0,0,0,0,0,0,0,0,0,0,0,0,0,0,0,0,0,0,0,0,0,0,0,0,0,,,,,,,,,,,
2012,60,1,1,360,419,24,2,2,6,0,2,4,365,414,25,2,1,4,0,354,409,22,1,1,4,0,3,0,0,1,0,18,350,411,30,0,0,2,2,2,5,356,411,27,0,0,0,0,0,352,410,27,0,0,0,308,381,54,3,1,3,0,0,2,2,3,3,2,4,4,1,14,6,292,360,80,2,0,3,6,0,8,1,7,11,0,0,0,3,0,0,289,349,18,0,0,2,43,51,1,1,1,0,54,428,366,21,0,0,0,0,0,1,3,392,359,20,0,0,0,0,5,13,1,1,0,0,0,27,354,424,34,8,340,41,193,242,4,1106,820,1,176,178,3,0,164,192,1,0,1068,357
2012,60,2,1,877,843,31,4,7,7,1,2,6,879,827,30,5,7,8,0,851,816,23,3,6,5,3,7,1,1,0,4,55,877,804,35,0,0,6,1,5,10,867,790,36,0,0,0,0,0,852,795,36,0,0,0,783,756,81,5,3,5,0,0,3,3,8,2,1,7,9,3,19,13,737,702,141,2,1,1,18,0,12,2,29,20,0,2,2,3,1,3,721,692,27,1,1,2,86,88,4,1,0,2,143,1030,723,13,0,0,3,0,0,5,7,942,696,9,2,0,0,3,12,20,1,1,0,0,0,85,798,880,93,12,821,63,456,435,8,2707,1783,1,322,263,4,0,307,277,4,1,2627,589
2012,60,3,1,422,388,20,3,7,4,0,2,3,428,388,13,4,4,1,0,415,378,13,2,3,1,1,7,3,0,1,1,20,413,384,18,0,0,2,0,2,5,409,382,19,0,0,0,0,0,407,387,18,0,0,0,372,343,44,2,3,3,0,0,1,7,4,2,4,4,1,1,14,5,355,325,71,3,3,1,2,0,14,2,20,11,1,0,1,3,0,4,354,318,17,0,3,1,38,57,1,1,0,1,52,471,359,9,0,0,0,0,0,2,4,436,353,9,1,0,0,0,4,10,1,0,0,0,0,30,373,425,45,7,386,22,199,241,2,1340,850,1,134,105,4,1,136,108,0,0,1284,244
2012,60,4,1,1243,1165,88,25,10,45,2,4,3,1274,1141,75,30,11,33,0,1221,1118,71,19,6,32,7,19,10,2,2,4,68,1186,1156,91,0,0,15,1,14,13,1222,1120,106,0,0,0,0,0,1218,1153,111,0,0,0,1070,1005,184,21,9,17,1,0,6,6,12,9,9,20,22,18,49,25,1005,950,273,8,4,9,22,0,53,5,42,40,9,2,1,16,4,10,988,922,75,3,2,3,145,168,8,3,0,9,233,1476,1038,47,0,0,6,0,0,2,3,1360,1021,40,5,2,0,3,275,20,9,2,0,0,0,108,1094,1422,61,9,1237,110,685,545,9,3539,2586,1,575,588,4,4,558,607,4,2,3479,1171
2012,60,5,1,1023,1040,73,15,7,25,2,6,7,1040,1026,65,14,9,18,1,1005,1011,62,11,5,17,10,5,3,0,2,1,55,1008,1014,81,0,0,12,0,11,8,1006,1004,82,0,0,0,0,0,1013,1018,82,0,0,0,889,917,162,13,8,11,1,0,5,8,6,5,4,11,15,6,32,14,828,871,232,9,4,9,22,0,28,0,48,25,2,0,1,6,1,5,824,854,68,5,4,5,134,129,5,1,0,2,151,1180,955,43,0,0,5,0,3,4,4,1102,939,41,3,0,0,5,16,13,5,1,0,0,0,70,939,1203,49,10,988,111,597,485,20,2896,2201,1,443,523,5,1,424,545,2,1,2849,972
2012,60,6,1,144,129,7,2,0,0,0,1,0,145,128,7,1,0,0,0,143,128,6,1,0,0,0,0,1,1,0,0,2,146,125,5,0,0,1,0,0,1,149,123,5,0,0,0,0,0,146,124,6,0,0,0,143,115,8,1,1,0,0,0,0,0,1,0,0,3,0,1,0,2,134,111,19,1,1,0,0,0,3,1,1,3,0,0,0,0,2,0,133,110,4,0,1,0,12,11,1,1,0,0,9,156,123,3,0,0,0,0,0,1,0,153,122,3,0,0,0,0,2,1,0,0,0,0,0,1,119,151,11,2,136,3,59,82,3,371,283,1,55,66,0,3,61,60,0,0,359,121
2012,60,77,1,39,23,3,0,2,0,0,7,0,37,23,3,0,2,0,0,37,22,3,0,2,0,0,0,0,0,0,0,3,40,21,4,0,0,1,0,5,0,40,20,6,0,0,0,0,0,40,20,6,0,0,0,37,20,3,0,0,1,2,0,0,0,0,0,0,0,0,0,4,0,35,20,7,0,1,1,0,0,0,0,1,0,0,0,0,0,0,0,34,20,3,0,0,0,7,0,1,0,0,1,2,42,19,5,0,0,0,0,0,6,0,41,19,5,0,0,0,0,1,0,0,0,0,0,0,1,36,28,9,0,22,8,16,27,0,0,74,1,13,32,4,1,5,40,4,1,0,50
2012,60,78,1,42,27,2,1,0,0,0,0,0,42,27,2,1,0,0,0,39,26,2,1,0,0,0,0,0,0,0,0,4,16,11,0,0,0,0,0,0,1,25,15,1,0,0,0,0,0,28,14,1,0,0,0,14,8,4,0,0,0,0,0,0,1,0,0,0,1,0,0,3,0,14,10,3,0,0,0,0,0,1,0,1,0,0,0,0,0,0,1,14,8,0,0,0,0,0,3,0,0,0,0,19,30,13,0,0,0,0,0,0,0,1,26,13,0,0,0,0,0,1,0,1,0,0,0,0,3,28,40,4,0,35,6,14,17,0,0,72,1,14,11,0,0,11,14,0,0,0,25
2012,61,1,1,791,741,36,6,9,12,5,3,10,822,715,30,12,7,4,0,767,698,27,6,4,5,8,7,5,0,1,3,71,794,711,43,0,0,0,0,7,15,793,697,43,0,0,0,0,1,790,713,44,0,0,0,702,630,96,15,5,5,0,0,35,7,15,14,3,5,8,13,3,7,633,589,173,7,4,2,19,0,6,15,3,3,37,5,29,4,2,15,620,572,36,3,3,0,109,111,6,1,0,1,132,928,661,13,0,0,2,0,0,3,4,864,634,13,1,0,0,1,7,19,4,0,0,0,1,64,694,865,37,19,774,65,407,354,15,2165,1615,1,332,365,3,0,322,375,3,0,2087,700
2012,61,2,1,225,205,10,2,0,3,0,1,4,230,204,8,2,0,2,0,224,197,8,2,0,2,1,4,1,0,0,0,7,223,197,16,0,0,0,0,2,2,222,192,14,0,0,0,0,0,218,191,14,0,0,0,196,167,38,3,0,0,0,1,16,2,2,3,0,0,0,4,0,3,185,161,46,1,0,0,5,0,1,7,0,1,7,0,7,1,0,1,183,157,14,1,0,0,26,28,0,0,0,0,38,263,183,4,0,0,0,0,0,1,0,254,180,4,0,0,0,0,0,5,0,0,0,0,0,7,200,215,29,8,198,12,118,117,7,667,451,1,64,70,0,0,62,71,0,1,640,134
2012,61,3,1,952,931,76,7,4,18,2,5,5,974,919,57,13,7,12,0,939,908,55,5,3,11,5,8,5,4,0,3,44,970,888,77,0,0,0,0,7,9,957,875,74,0,0,0,0,0,954,886,71,0,0,0,850,795,110,18,1,5,0,0,49,12,12,21,4,8,9,13,7,10,800,757,172,11,1,5,7,0,5,28,5,2,56,9,33,3,6,21,785,727,113,2,1,4,111,135,7,4,0,1,156,1087,863,38,0,0,3,0,2,3,4,1007,828,29,0,0,0,0,19,28,15,1,0,0,2,66,838,1101,53,10,934,85,539,436,8,2734,2002,1,500,481,2,6,488,489,3,9,2687,989
2012,61,4,1,321,360,22,3,2,2,0,1,1,320,357,22,4,2,0,0,315,353,21,3,2,0,1,3,1,0,0,0,12,303,358,25,0,0,0,0,3,7,304,348,24,0,0,0,0,0,308,349,28,0,0,0,288,317,45,6,0,2,1,0,8,4,0,3,0,0,0,7,0,1,271,304,64,3,0,2,6,0,1,11,0,0,3,1,5,2,1,2,268,298,22,2,2,1,31,47,1,0,0,0,31,369,314,18,0,0,0,0,0,3,2,348,308,16,2,0,0,0,4,7,1,0,0,0,0,22,334,345,30,4,277,28,182,221,5,979,713,1,160,146,2,0,140,162,5,1,962,308
2012,61,5,1,184,213,5,5,2,7,0,1,3,188,211,5,5,2,4,0,179,205,5,4,2,4,1,2,0,0,0,0,14,194,207,14,0,0,0,0,1,1,194,208,12,0,0,0,0,0,190,207,14,0,0,0,173,185,25,6,2,1,0,0,7,4,0,2,0,2,1,0,0,3,166,175,37,4,2,2,5,0,0,5,0,1,2,1,6,0,0,1,161,171,9,2,2,0,30,33,1,0,0,0,10,227,186,5,0,0,0,0,0,0,0,215,178,4,2,0,0,0,0,7,0,0,0,0,0,15,193,215,8,5,172,14,116,116,3,621,421,1,71,87,1,3,70,89,0,3,610,162
2012,61,6,1,592,528,46,9,5,15,1,2,4,598,524,37,8,6,13,1,575,507,35,5,3,13,4,8,4,2,0,1,41,588,511,54,0,0,0,1,4,2,583,503,55,0,0,0,0,3,580,509,54,0,0,0,528,452,90,14,4,8,0,1,18,4,3,4,1,8,8,10,3,4,482,429,126,4,3,7,16,0,1,10,1,0,15,10,25,2,3,10,471,421,41,2,3,4,73,80,6,0,0,1,96,668,497,25,0,0,4,0,0,3,5,633,480,23,1,0,0,3,7,14,1,0,0,0,0,34,489,670,31,13,558,57,315,264,9,1897,1203,1,182,268,1,3,191,227,1,5,1834,454
2012,61,7,1,399,337,22,6,4,8,0,1,5,411,323,20,8,7,6,0,391,318,18,5,4,6,3,8,4,1,0,0,20,390,344,28,0,0,0,2,0,6,399,330,26,0,0,0,0,0,399,326,24,0,0,0,355,291,54,9,4,3,0,0,12,1,4,2,0,4,3,8,4,3,316,265,89,5,4,3,4,1,0,13,0,2,15,3,12,4,3,6,308,257,19,1,3,1,70,66,1,1,1,0,51,445,317,11,0,0,4,0,0,4,2,425,308,11,0,0,0,3,6,9,3,0,0,0,0,14,342,417,12,13,395,40,187,150,12,1190,784,1,200,206,5,0,197,212,2,0,1164,411
2012,61,8,1,389,381,35,2,6,12,0,0,8,396,378,30,1,5,7,0,380,366,29,0,4,7,4,6,2,0,1,1,28,385,377,33,0,0,0,1,3,7,383,369,34,0,0,0,0,2,377,374,37,0,0,0,346,329,56,8,3,5,2,1,13,5,4,7,0,8,2,2,3,3,323,313,84,3,2,3,5,0,1,16,0,1,14,1,17,0,2,2,316,307,27,0,2,1,45,47,3,0,0,1,77,459,338,24,0,0,3,0,0,2,8,419,327,23,0,0,0,1,4,12,5,0,0,0,1,34,359,443,27,7,363,53,234,181,5,1273,836,1,177,227,3,3,177,226,3,4,1268,410
2012,61,9,1,508,459,30,2,5,6,0,7,3,518,456,19,3,4,7,0,495,446,17,1,3,4,4,4,6,0,0,2,29,518,441,25,0,0,0,0,7,7,504,438,25,0,0,0,0,0,512,443,24,0,0,0,462,385,59,3,3,3,2,0,18,4,3,4,0,7,2,15,4,7,438,361,88,1,4,0,7,0,1,19,1,1,18,6,8,8,0,6,429,353,18,0,3,0,56,70,6,0,0,1,68,575,420,15,0,0,1,0,0,5,4,546,405,14,0,0,0,0,3,11,5,0,0,0,1,27,399,571,41,10,461,42,257,247,14,1476,1021,1,247,233,0,0,221,256,3,0,1424,480
2012,61,10,1,194,215,14,0,1,8,1,1,3,196,211,14,1,1,9,0,193,210,14,0,0,8,1,1,0,0,0,1,5,190,209,16,0,0,0,0,1,5,191,203,15,0,0,0,0,0,192,208,15,0,0,0,174,190,24,2,0,4,0,1,7,0,1,1,0,1,2,3,1,1,157,186,46,0,0,4,1,0,0,4,1,0,6,2,7,0,1,2,156,178,14,0,0,2,27,22,0,0,0,2,30,230,191,9,0,0,2,0,0,1,3,214,187,8,0,1,0,1,2,8,1,0,0,0,0,12,201,215,8,8,181,67,68,116,0,685,437,1,64,109,0,0,69,104,0,0,637,173
2012,61,11,1,546,545,48,8,5,11,0,2,5,562,552,32,4,4,6,0,535,536,31,5,3,6,3,3,8,0,1,2,33,549,540,49,0,0,0,1,4,4,556,525,46,0,0,0,0,0,550,536,46,0,0,0,497,463,73,12,4,7,0,0,20,4,4,21,0,7,0,13,4,9,462,440,106,7,3,3,6,0,0,28,0,0,26,10,18,3,2,8,460,431,29,1,3,1,52,81,4,1,0,0,102,621,515,25,0,0,3,0,0,3,5,570,490,22,0,0,0,2,15,18,6,1,0,0,0,40,471,682,14,6,547,66,338,215,7,1519,1173,1,277,352,0,5,285,346,1,2,1471,634
2012,61,12,1,878,963,37,3,3,4,2,6,10,888,940,33,3,6,5,0,859,932,30,2,2,3,4,6,5,0,0,0,47,884,900,47,0,0,0,2,12,10,869,894,43,0,0,0,0,0,873,905,45,0,0,0,787,836,98,6,6,6,0,0,39,2,8,3,2,2,3,9,1,5,761,801,143,1,5,4,13,0,1,11,2,0,8,5,46,2,1,8,749,788,35,1,2,1,85,94,4,0,1,0,124,1006,857,20,0,0,3,0,1,6,7,936,837,17,2,0,0,4,8,19,5,1,0,0,0,64,863,924,108,11,840,69,504,483,10,2989,1906,1,301,324,5,3,292,337,2,2,2880,633
2012,61,13,1,1246,1202,87,18,6,26,2,2,7,1277,1187,72,13,5,16,1,1221,1154,65,9,5,14,6,15,11,2,0,3,86,1253,1167,99,0,0,0,6,8,11,1255,1134,107,0,0,0,0,1,1255,1146,108,0,0,0,1106,983,180,25,3,9,1,0,61,14,9,21,6,15,9,25,8,17,1031,924,277,9,3,3,14,2,3,56,1,4,54,19,49,10,6,16,1016,901,79,3,1,2,159,190,12,2,0,2,211,1470,1065,45,0,0,5,0,0,4,6,1356,1024,43,0,0,0,2,21,30,14,0,1,0,0,98,1048,1456,76,19,1183,150,688,562,16,3626,2598,1,470,607,2,2,462,611,6,2,3521,1081
2012,61,14,1,1034,1029,50,8,4,6,0,9,7,1035,1016,41,13,4,6,0,1001,1004,39,7,3,5,3,7,2,1,0,0,63,1022,991,59,0,0,0,0,15,12,1015,966,53,0,0,0,0,0,1019,975,57,0,0,0,907,886,133,6,5,4,0,0,38,2,12,12,3,2,4,18,4,7,848,821,186,6,4,6,40,0,1,30,1,6,26,3,47,5,1,7,823,807,41,2,3,4,117,152,5,2,0,0,166,1154,947,24,0,0,3,0,0,11,7,1079,910,24,2,0,0,2,11,21,5,0,0,0,0,81,992,1035,100,25,953,67,539,575,18,3244,2151,1,454,405,4,0,430,427,6,0,3177,863
2012,61,15,1,465,449,45,7,2,8,1,1,2,483,445,36,7,1,2,0,461,430,31,7,1,2,3,6,9,0,0,1,26,462,445,38,0,0,0,0,4,6,461,435,34,0,0,0,0,0,461,445,39,0,0,0,392,384,67,7,2,5,0,0,18,2,8,10,3,6,6,7,4,9,366,369,98,3,0,1,16,0,1,13,1,1,13,4,21,4,2,4,363,361,27,3,0,1,54,65,7,2,1,0,84,534,415,27,0,0,2,0,0,0,4,505,403,23,1,0,0,1,5,11,4,0,0,0,0,23,400,556,16,8,462,57,256,200,5,1270,978,1,219,271,1,2,218,273,0,2,1252,493
2012,61,16,1,198,209,7,2,1,1,0,0,3,202,209,4,2,1,1,0,196,203,4,0,1,1,0,3,1,2,0,0,7,197,204,7,0,0,0,0,3,2,197,201,9,0,0,0,0,0,201,202,7,0,0,0,182,186,16,0,0,0,0,0,5,2,3,5,0,0,1,1,0,1,176,183,21,0,0,0,0,0,0,8,0,1,6,2,3,0,1,0,175,182,4,0,0,0,14,19,2,0,0,0,20,217,194,3,0,0,1,0,0,1,3,205,194,2,1,0,0,1,0,0,1,0,0,0,0,13,199,197,22,3,182,12,118,105,4,758,421,1,67,82,0,0,63,86,0,0,751,149
2012,61,17,1,627,587,58,8,5,13,5,1,25,632,591,39,12,11,11,3,611,574,36,5,4,9,4,9,7,0,0,2,44,632,596,50,0,0,0,4,6,10,627,582,51,0,0,0,0,1,636,589,61,0,0,0,563,502,82,19,5,9,0,0,23,10,4,13,6,9,6,6,2,12,517,487,122,10,2,8,12,0,1,18,0,2,30,4,18,12,2,13,508,473,33,1,2,4,82,87,7,0,0,2,116,717,561,27,0,0,5,0,0,2,16,679,532,24,0,0,0,4,9,24,4,2,0,0,0,34,554,742,22,11,620,78,365,256,10,1723,1330,1,320,389,0,2,330,377,2,2,1686,711
2012,61,18,1,835,829,68,10,2,19,2,3,9,859,822,51,9,2,14,2,816,800,50,5,1,12,10,12,7,2,0,3,51,837,816,69,0,0,0,3,4,7,856,793,62,0,0,0,0,0,858,797,71,0,0,0,753,691,110,16,7,3,0,0,37,12,11,18,3,15,6,11,7,19,687,662,161,4,2,5,17,0,2,38,1,1,54,11,26,3,2,17,685,638,46,1,1,0,109,125,8,3,0,0,152,947,790,29,0,0,2,0,0,3,3,890,763,27,0,0,0,0,10,16,6,1,0,0,2,58,756,983,33,7,829,91,506,342,11,2275,1780,1,424,471,3,3,416,483,1,1,2240,901
2012,61,19,1,336,296,33,6,1,6,1,1,4,345,290,22,14,3,4,1,330,283,22,5,1,3,1,3,7,1,0,0,24,337,281,38,0,0,0,1,4,1,340,279,36,0,0,0,0,0,337,279,38,0,0,0,291,243,52,12,3,6,0,0,20,1,5,4,2,6,1,7,1,0,277,226,62,6,2,3,5,0,0,11,0,1,18,5,20,3,2,8,269,219,24,1,2,3,36,44,8,1,0,0,62,369,283,20,0,0,4,0,0,3,3,341,269,18,1,0,0,1,5,6,6,0,0,0,2,29,263,399,17,1,328,45,186,120,1,920,685,1,180,188,1,0,185,184,0,0,896,369
2012,61,20,1,406,489,15,3,3,4,1,3,6,413,472,13,4,2,3,0,395,466,12,2,2,3,2,9,2,0,1,0,28,397,476,23,0,0,0,0,1,7,391,473,24,0,0,0,0,0,388,475,22,0,0,0,367,437,38,5,3,2,1,0,19,2,2,6,1,6,3,7,2,1,343,417,69,1,3,2,7,0,1,9,0,2,11,2,11,2,3,5,338,411,17,1,2,2,39,45,4,0,1,0,53,450,464,8,0,0,0,0,0,3,1,425,453,7,1,0,0,0,6,1,0,1,0,0,0,33,444,429,50,8,402,28,274,222,5,1408,931,1,156,187,0,1,153,186,3,2,1371,344
2012,61,21,1,862,930,72,7,9,26,0,2,5,882,918,63,7,8,16,2,850,904,58,4,7,15,3,12,7,0,1,2,43,848,911,80,0,0,0,1,12,7,853,886,76,0,0,0,0,0,847,897,85,0,0,0,757,786,138,25,11,12,0,1,39,5,11,13,2,7,5,15,2,13,698,740,224,13,6,7,15,0,2,21,0,1,29,10,36,5,2,14,690,718,48,6,4,1,100,144,16,1,1,1,164,1008,867,42,0,0,6,0,1,5,2,921,831,38,0,0,0,4,9,18,12,1,0,0,1,71,815,1041,50,7,825,100,547,436,5,2468,1913,1,443,474,4,3,460,456,4,4,2383,924
2012,61,22,1,509,571,51,2,7,9,0,2,4,533,547,46,6,7,5,3,496,535,43,1,6,3,4,13,2,0,0,2,37,502,563,52,0,0,0,0,4,6,499,558,47,0,0,0,0,0,508,554,51,0,0,0,439,498,103,9,3,3,0,0,8,5,9,11,2,4,2,4,5,5,417,466,126,4,1,5,10,0,4,14,0,1,28,6,12,2,2,16,414,452,36,1,1,2,46,90,5,0,0,0,99,600,511,32,0,0,4,0,0,3,5,558,496,30,0,0,0,1,12,20,3,0,0,0,0,28,482,642,28,4,524,67,316,247,2,1490,1156,1,286,314,1,0,287,312,1,1,1422,601
2012,61,23,1,505,444,43,3,1,10,0,3,4,504,441,37,6,1,8,0,487,430,36,2,1,7,3,7,2,0,0,1,30,510,419,42,0,0,0,0,5,4,498,421,41,0,0,0,0,0,499,429,41,0,0,0,444,392,70,3,0,6,0,0,15,3,6,5,2,1,0,2,2,3,409,368,102,3,1,6,13,0,1,18,0,0,12,7,22,2,4,2,401,366,34,1,0,4,68,50,3,0,1,2,74,589,391,25,0,0,2,0,1,1,3,560,378,24,0,0,0,0,10,7,5,0,0,0,1,24,407,568,35,3,468,47,234,259,5,1566,1013,1,153,185,1,0,161,176,1,1,1525,339
2012,61,24,1,778,724,64,11,9,21,3,2,10,799,717,52,10,10,15,2,761,701,49,5,7,15,6,5,7,2,1,0,55,761,730,77,0,0,0,2,4,9,780,705,72,0,0,0,0,2,779,704,77,0,0,0,677,620,124,13,5,9,1,1,33,5,12,22,0,16,6,17,1,11,619,568,179,9,3,5,14,1,1,34,0,1,43,11,37,10,2,14,612,555,51,0,2,4,108,123,6,2,0,0,142,900,674,36,0,0,3,0,0,4,9,827,635,29,1,0,2,3,11,27,14,0,0,0,0,67,656,932,31,7,749,98,481,290,8,2134,1626,1,405,481,4,2,407,481,0,4,2080,892
2012,61,25,1,593,477,39,8,4,7,0,0,5,594,475,37,7,4,4,0,578,462,32,7,3,4,5,4,7,1,2,1,27,586,472,38,0,0,0,1,3,4,592,449,38,0,0,0,0,0,602,458,43,0,0,0,533,398,66,21,0,7,0,0,29,2,6,9,0,9,2,9,2,3,488,382,109,9,0,7,6,0,0,19,1,0,35,5,15,1,2,7,477,368,28,3,0,1,76,72,11,0,0,0,92,665,444,12,0,0,2,0,4,2,5,619,410,11,0,0,0,1,11,19,12,0,0,0,1,46,411,683,33,10,584,70,280,198,5,1537,1137,1,311,285,3,0,309,288,2,0,1506,599
2012,61,26,1,343,396,27,2,4,4,0,1,1,353,389,24,3,2,3,0,343,388,24,2,2,3,0,3,1,0,0,0,11,342,389,22,0,0,0,0,1,2,339,385,24,0,0,0,0,0,341,386,21,0,0,0,299,357,45,3,2,1,0,0,18,4,2,4,1,2,2,4,2,1,283,344,75,0,1,0,6,0,5,10,2,0,11,2,12,0,1,2,279,338,18,0,1,0,40,38,2,1,1,0,59,386,377,12,0,0,0,0,0,2,1,357,371,11,0,0,0,0,2,3,0,0,0,0,0,32,344,395,27,9,334,30,222,186,3,1020,779,1,155,202,2,2,146,211,2,2,1002,361
2012,61,27,1,431,344,13,2,2,2,0,0,2,429,338,14,3,1,0,0,422,336,12,2,1,0,1,2,0,0,0,0,19,425,345,13,0,0,0,0,1,3,419,336,12,0,0,0,0,2,420,339,12,0,0,0,387,310,29,1,0,2,0,0,20,1,0,3,1,3,0,3,3,2,382,295,45,0,0,0,5,0,1,7,0,0,0,1,12,2,0,3,372,286,9,0,0,0,36,48,1,0,0,0,42,481,306,6,0,0,0,0,0,1,5,449,296,6,0,0,0,0,5,9,1,0,0,0,0,26,353,400,38,5,381,28,219,165,3,1511,797,1,103,105,2,1,94,113,3,1,1511,211
2012,61,28,1,547,501,21,6,3,14,0,3,6,555,501,17,6,2,9,0,542,486,15,3,1,9,1,7,3,1,1,2,23,531,485,29,0,0,0,0,4,9,534,477,28,0,0,0,0,1,535,474,31,0,0,0,480,439,44,16,1,6,0,0,16,6,10,2,3,2,5,5,1,4,450,416,82,5,1,6,8,0,2,6,3,1,30,0,23,1,3,2,445,406,21,2,0,4,62,61,4,1,0,0,84,595,478,13,0,0,2,0,0,7,3,551,456,13,1,0,0,1,11,11,8,1,0,0,1,39,472,593,28,9,500,43,291,259,9,1512,1099,1,207,280,2,1,214,272,2,2,1443,490
2012,61,29,1,200,249,6,1,5,2,0,0,0,198,246,7,2,5,1,0,191,242,5,1,4,1,2,2,0,0,0,0,16,203,233,8,0,0,0,1,1,1,203,230,7,0,0,0,0,0,204,231,10,0,0,0,184,210,22,4,2,0,0,0,11,0,1,5,1,0,0,5,0,5,176,195,36,1,1,1,5,0,0,9,1,0,6,2,5,3,1,3,170,190,7,1,0,1,23,35,0,0,1,0,34,230,225,4,0,0,0,0,0,0,2,215,221,3,0,0,0,0,0,6,0,0,0,0,0,16,221,211,28,4,213,13,131,104,3,719,464,1,72,108,2,0,73,108,0,1,714,182
2012,61,30,1,462,469,17,1,5,6,0,0,1,468,466,15,2,5,2,0,458,461,13,1,5,1,1,3,2,0,0,2,13,445,455,28,0,0,0,0,8,5,450,446,22,0,0,0,0,1,452,454,22,0,0,0,416,414,49,3,6,1,0,0,12,3,3,3,0,4,1,5,1,2,407,393,77,3,2,0,8,0,0,9,0,1,7,4,11,2,2,2,401,385,21,2,3,0,35,60,1,0,0,0,40,533,409,11,0,0,2,0,1,0,3,498,403,11,0,0,0,2,9,13,1,0,0,0,0,21,419,488,44,10,425,26,240,262,8,1516,961,1,168,153,1,1,161,158,2,2,1505,323
2012,61,31,1,122,154,2,2,0,0,0,1,0,126,149,2,3,0,0,0,121,149,2,2,0,0,0,1,0,0,0,0,6,121,144,5,0,0,0,0,5,1,120,142,4,0,0,0,0,0,115,142,4,0,0,0,101,138,14,0,0,0,0,0,5,0,0,0,1,0,0,1,1,1,96,129,27,0,0,0,0,0,1,1,0,0,4,1,6,1,0,2,96,128,4,0,0,0,13,11,0,0,0,0,24,144,130,2,0,0,0,0,0,2,2,134,127,2,1,0,0,0,1,1,0,0,0,0,0,12,120,144,17,1,124,6,80,70,2,424,282,1,52,66,3,2,49,69,3,2,417,123
2012,61,32,1,838,763,38,5,6,17,0,4,5,850,741,31,8,8,12,1,822,649,32,4,5,13,94,6,8,2,1,3,40,818,731,41,0,0,0,0,11,11,816,722,44,0,0,0,0,0,810,725,47,0,0,0,730,657,98,11,1,3,0,0,33,5,5,13,3,2,4,9,0,8,689,616,141,6,0,2,21,0,1,24,0,1,19,3,32,3,1,4,683,608,31,4,1,1,78,93,5,2,2,2,142,999,647,16,0,0,2,0,0,7,4,942,632,15,0,1,0,1,8,16,1,0,1,0,0,49,728,871,64,13,745,69,397,459,6,2327,1676,1,324,372,4,6,321,371,8,6,2275,706
2012,61,33,1,250,247,20,1,1,8,0,0,4,255,247,17,0,1,5,0,249,243,17,0,1,5,1,1,1,0,0,0,11,252,243,19,0,0,0,0,3,4,259,236,18,0,0,0,0,0,256,236,22,0,0,0,234,218,30,1,2,3,0,0,6,1,2,3,0,3,1,4,1,2,220,213,35,1,0,2,5,0,0,5,0,1,8,0,3,0,5,3,218,206,15,0,0,1,22,21,3,0,0,1,40,286,231,10,0,0,0,0,0,0,1,281,224,9,0,0,0,0,2,5,2,1,0,0,0,8,219,284,27,3,245,24,133,128,3,713,533,1,120,111,1,1,119,111,0,3,703,233
2012,61,34,1,1213,1269,74,19,5,33,2,3,10,1246,1244,64,23,8,24,0,1200,1224,60,16,3,22,8,14,10,1,2,4,56,1199,1221,95,0,0,0,3,12,21,1215,1202,90,0,0,0,0,0,1226,1206,91,0,0,0,1075,1095,175,14,5,13,1,0,49,7,12,26,5,5,11,14,2,6,1025,1012,271,8,4,8,19,0,4,35,1,1,34,12,45,6,4,12,1012,994,74,3,3,4,115,191,5,0,1,4,192,1444,1136,36,0,0,2,0,0,6,3,1382,1109,34,1,0,0,1,13,30,9,2,0,0,0,40,1166,1362,85,18,1140,118,738,619,16,3609,2633,1,501,638,4,9,509,630,1,12,3523,1152
2012,61,35,1,638,431,27,8,3,10,1,4,3,658,413,23,9,3,8,0,628,408,21,6,1,5,1,8,3,0,1,2,33,635,418,34,0,0,0,0,8,6,643,411,31,0,0,0,0,0,634,416,29,0,0,0,572,362,49,16,1,4,0,0,21,1,10,15,0,13,5,7,2,6,540,340,81,7,1,4,5,0,5,17,1,0,37,7,21,3,1,7,533,323,15,2,0,0,57,69,6,2,0,0,104,670,421,22,0,0,0,0,3,4,2,633,389,18,1,0,0,0,19,11,3,2,0,0,0,43,460,643,20,2,608,53,275,184,5,1489,1126,1,328,260,6,3,321,271,2,3,1455,597
2012,61,36,1,127,108,6,1,1,1,0,0,2,128,109,4,0,1,1,0,127,104,4,0,1,1,1,0,1,0,0,0,5,126,112,4,0,0,0,0,1,0,119,113,5,0,0,0,0,0,121,112,5,0,0,0,109,106,10,0,0,1,0,0,4,1,0,1,0,0,0,2,1,1,102,100,17,0,0,0,3,0,0,6,0,0,3,1,3,1,0,0,101,98,4,0,0,0,17,13,0,0,0,0,12,143,96,5,0,0,0,0,0,0,0,137,94,5,0,0,0,0,0,2,0,0,0,0,0,8,102,134,7,3,108,10,66,60,2,319,246,1,61,59,1,0,62,59,0,0,313,121
2012,61,37,1,162,161,10,0,2,3,1,0,2,165,155,8,1,0,3,0,158,154,8,0,0,2,0,1,1,0,1,0,16,161,155,11,0,0,0,0,3,1,156,149,12,0,0,0,0,0,159,153,11,0,0,0,146,142,18,2,1,1,0,0,5,2,1,3,0,1,2,0,1,1,140,136,31,0,1,1,2,0,0,4,0,1,1,1,2,0,0,2,138,132,7,0,1,1,15,18,2,0,0,0,25,185,149,7,0,0,1,0,0,1,1,168,144,6,0,0,0,1,1,3,1,0,0,0,0,17,140,185,14,4,157,12,88,83,3,496,343,1,56,62,1,1,52,65,2,1,489,120
2012,61,38,1,514,611,27,3,4,5,0,5,11,516,596,27,7,3,4,0,503,590,27,3,2,4,3,7,0,0,0,0,27,511,591,32,0,0,0,0,5,9,504,587,33,0,0,0,0,0,510,591,33,0,0,0,449,547,54,7,2,2,0,1,33,3,6,2,1,6,1,6,0,3,430,525,87,4,2,2,5,0,2,18,0,0,6,3,32,3,1,3,421,512,29,2,1,0,58,65,3,1,0,1,76,606,531,15,0,0,1,0,0,5,18,556,524,15,2,0,0,0,3,14,1,0,0,0,0,44,547,556,63,13,468,45,296,360,10,1937,1182,1,135,240,2,1,145,228,4,1,1913,378
2012,61,39,1,478,391,26,2,4,9,0,5,3,482,379,27,7,3,3,0,464,370,24,1,4,3,6,6,4,0,0,5,24,487,362,33,0,0,0,0,4,2,481,351,40,0,0,0,0,0,483,355,33,0,0,0,430,319,57,8,4,4,0,0,19,1,1,3,0,3,3,6,4,1,420,299,83,5,2,2,5,0,3,8,0,1,8,1,18,5,0,3,412,294,24,1,2,1,53,52,8,1,1,2,64,565,331,18,0,0,0,0,0,1,2,534,317,18,0,0,0,0,3,11,3,0,0,0,0,29,361,513,40,6,434,37,189,256,4,1539,919,1,157,138,4,0,156,142,1,0,1508,299
2012,61,40,1,335,332,8,1,4,3,0,0,1,345,315,4,2,6,5,0,327,314,4,1,4,3,1,7,2,0,0,0,20,330,311,9,0,0,0,0,4,4,331,305,10,0,0,0,0,0,328,307,12,0,0,0,293,286,27,2,1,4,1,0,8,2,5,4,0,3,2,4,3,1,281,278,47,1,1,2,5,0,1,8,1,0,10,2,7,1,1,1,269,272,9,1,1,2,44,28,0,0,0,1,45,381,291,5,0,0,1,0,0,0,1,352,286,4,1,0,0,1,7,5,0,0,0,0,0,23,329,317,26,8,303,23,162,189,3,1094,680,1,123,126,1,1,114,134,3,0,1055,251
2012,61,77,1,490,270,24,3,1,5,0,20,2,477,266,23,5,3,3,1,464,256,22,2,0,3,2,3,1,0,0,0,42,465,270,24,0,0,0,0,28,1,465,266,23,0,0,0,0,0,463,264,25,0,0,0,405,239,34,3,1,2,0,1,29,1,5,4,1,5,5,7,2,6,379,222,53,2,0,2,1,0,1,12,1,0,11,2,57,7,2,6,374,220,23,1,0,0,67,34,1,0,0,0,70,504,259,23,0,0,3,0,0,24,2,475,250,22,0,0,0,3,1,8,2,0,0,0,0,32,342,417,53,6,347,49,167,251,4,0,817,1,91,155,40,8,25,225,35,9,0,294
2012,61,78,1,193,163,8,1,0,1,0,0,3,188,160,6,1,1,1,0,183,159,6,1,0,1,0,0,0,0,0,0,16,54,44,4,0,0,0,0,0,8,86,58,8,0,0,0,0,0,86,57,9,0,0,0,49,39,11,0,0,0,0,0,7,1,0,1,0,0,0,3,0,4,44,39,16,0,0,0,3,0,0,3,0,0,3,0,4,1,0,0,44,38,4,0,0,0,5,2,0,0,0,0,66,95,52,6,0,0,0,0,0,0,15,85,47,6,0,0,0,0,2,3,1,0,0,0,0,9,178,167,19,5,148,24,92,100,5,0,365,1,47,85,4,0,31,103,2,0,0,136
2012,61,79,1,0,0,0,0,0,0,0,0,0,0,0,0,0,0,0,0,0,0,0,0,0,0,0,0,0,0,0,0,0,0,0,0,0,0,0,0,0,0,0,0,1,0,0,0,0,0,0,0,0,0,0,0,0,0,0,0,0,0,0,0,0,0,0,0,0,0,0,0,0,0,0,0,0,0,0,0,0,0,0,0,0,0,0,0,0,0,0,0,0,0,0,0,0,0,0,0,0,0,0,0,1,0,0,0,0,0,0,0,0,0,0,0,0,0,0,0,0,0,0,0,0,0,0,0,0,0,0,0,0,0,0,0,0,0,0,0,0,,,,,,,,,,,
2012,61,80,1,0,0,0,0,0,0,0,0,0,0,0,0,0,0,0,0,0,0,0,0,0,0,0,0,0,0,0,0,0,2,0,0,0,0,0,0,0,0,2,0,0,0,0,0,0,0,2,0,0,0,0,0,2,0,0,0,0,0,0,0,0,0,0,0,0,0,0,0,0,0,2,0,0,0,0,0,0,0,0,0,0,0,0,0,0,0,0,0,2,0,0,0,0,0,0,0,0,0,0,0,0,0,0,0,0,0,0,0,0,0,0,0,0,0,0,0,0,0,0,0,0,0,0,0,0,0,0,0,0,0,0,0,0,0,0,0,1,,,,,,,,,,,
2012,62,1,1,215,255,6,0,4,5,0,2,4,217,249,7,1,2,5,0,211,248,6,0,2,5,0,4,0,0,1,0,8,212,248,11,0,0,0,0,2,3,220,235,11,0,0,0,0,0,212,243,11,0,0,0,206,228,18,2,1,6,0,0,0,2,0,0,3,0,4,3,1,0,201,221,29,1,1,3,0,0,8,2,0,0,0,5,1,0,0,0,195,215,8,0,0,2,16,22,2,0,1,0,9,239,237,6,0,0,1,0,0,2,4,226,232,5,0,0,0,1,3,5,0,0,0,0,0,13,207,247,35,2,213,12,85,181,0,702,491,1,81,72,2,0,68,84,3,0,674,155
2012,62,2,1,83,105,4,1,1,0,0,0,0,90,96,4,1,1,0,0,82,95,4,1,1,0,1,3,0,0,0,0,7,82,95,6,0,0,0,0,3,2,86,91,6,0,0,0,0,0,80,94,7,0,0,0,74,81,11,3,0,1,0,0,1,0,1,1,1,0,5,1,0,1,72,78,17,3,0,1,0,0,2,2,0,1,0,2,1,0,0,0,69,77,6,2,0,0,9,13,0,0,0,1,12,100,86,3,0,0,0,0,0,1,2,96,84,2,2,0,0,0,0,3,0,0,0,0,0,4,92,91,8,3,81,7,43,60,3,259,194,1,39,37,0,1,36,39,1,1,252,77
2012,62,3,1,255,129,4,1,1,0,0,2,0,263,123,0,0,1,0,0,253,122,1,0,1,0,0,4,1,0,0,0,8,246,127,3,0,0,0,0,2,4,245,120,1,0,0,0,0,0,251,124,1,0,0,0,227,115,5,0,0,0,0,0,5,1,0,0,1,1,14,2,3,0,221,111,16,0,0,0,1,0,16,2,0,1,1,1,0,0,0,1,219,109,0,0,0,0,21,11,0,1,0,0,25,257,127,3,0,0,0,0,0,1,1,254,124,2,0,0,0,0,0,2,0,0,0,0,1,7,148,218,25,1,222,7,98,64,1,496,392,1,63,34,1,0,58,39,1,0,489,98
2012,62,4,1,155,186,4,0,1,4,0,1,0,158,180,4,2,1,2,0,152,178,4,0,1,2,0,6,0,0,0,0,8,141,195,4,0,0,0,0,3,1,144,188,3,0,0,0,0,0,144,189,3,0,0,0,130,180,9,0,2,2,0,0,0,1,1,0,1,0,9,1,1,0,132,173,15,0,2,2,0,0,5,0,1,0,1,2,0,0,0,0,127,173,3,0,2,2,11,12,0,0,0,0,19,170,171,3,0,0,7,0,0,0,0,152,168,3,0,0,0,3,4,5,0,0,0,0,2,16,167,166,16,4,168,3,101,77,4,436,353,1,53,22,0,0,45,29,1,0,432,75
2012,62,5,1,306,375,26,1,1,6,0,3,0,310,365,27,2,2,3,0,300,363,24,1,1,3,0,2,4,0,0,2,16,287,370,34,0,0,0,0,4,7,289,365,33,0,0,0,0,0,290,364,32,0,0,0,266,338,50,5,1,4,0,0,0,3,0,2,6,1,6,2,2,3,255,314,74,2,1,4,4,0,14,6,1,1,0,6,0,0,0,5,248,313,31,0,1,3,28,41,3,0,0,1,41,364,330,18,0,0,2,0,0,3,2,341,324,18,0,0,0,2,0,8,2,0,0,0,0,19,340,348,25,6,274,36,163,241,5,1031,719,1,95,99,0,0,77,116,1,0,1014,194
2012,62,6,1,83,144,9,1,4,2,0,0,1,86,144,8,2,3,1,0,80,141,8,1,2,1,0,2,1,0,0,1,8,75,155,9,0,0,0,0,0,3,79,146,10,0,0,0,0,0,80,148,9,0,0,0,71,132,12,1,0,0,0,0,2,2,0,0,4,1,0,5,2,0,69,124,17,1,0,0,4,0,3,5,0,0,0,5,0,0,0,3,68,124,8,0,0,0,4,21,0,0,0,0,18,95,145,5,0,0,0,0,0,0,0,88,139,5,0,0,0,0,2,4,1,0,0,0,0,7,133,103,10,0,88,17,75,66,0,331,246,1,35,71,1,0,35,71,1,0,322,107
2012,62,7,1,205,251,8,1,1,3,0,3,3,205,253,6,1,1,3,0,198,248,5,0,1,3,1,1,3,1,0,0,10,192,249,12,0,0,0,0,6,2,194,244,10,0,0,0,0,0,196,251,12,0,0,0,178,238,20,3,0,0,0,0,2,1,2,0,1,2,5,3,0,4,178,228,25,3,0,0,0,0,5,2,0,2,0,5,0,0,0,2,173,225,9,0,0,0,12,17,2,3,0,0,28,231,239,5,0,0,0,0,0,1,1,218,235,4,0,2,2,0,1,4,3,0,0,0,1,9,227,211,32,7,197,17,143,112,8,622,477,1,74,93,1,1,81,86,1,1,605,169
2012,62,8,1,142,125,33,5,1,1,0,4,2,143,121,32,9,1,1,0,141,121,32,5,1,1,0,2,1,1,0,0,2,135,136,25,0,0,0,0,4,1,140,122,31,0,0,0,0,0,139,118,31,0,0,0,127,111,38,6,2,1,0,0,1,2,0,1,1,0,5,0,0,1,122,99,45,4,2,0,7,0,3,3,1,0,0,5,1,0,0,0,121,95,22,1,2,0,11,22,7,0,0,0,27,173,118,19,0,0,1,0,0,3,0,158,115,18,0,0,0,1,0,3,3,1,0,0,0,11,117,174,20,2,117,33,84,78,1,406,313,1,48,82,0,1,52,78,1,0,403,131
2012,62,9,1,42,43,0,0,0,0,0,1,0,43,40,0,1,0,0,0,42,41,0,0,0,0,0,1,0,0,0,0,2,39,42,0,0,0,0,0,1,2,40,41,0,0,0,0,0,0,39,43,0,0,0,0,36,41,1,0,0,0,0,0,0,0,0,0,0,0,3,0,0,0,35,41,2,0,0,0,0,0,3,0,0,0,0,0,0,0,0,0,34,41,0,0,0,0,5,0,0,0,0,0,5,47,40,0,0,0,0,0,0,0,1,45,38,0,0,0,0,0,0,2,0,0,0,0,0,2,44,37,6,0,30,3,24,30,0,122,88,1,12,6,0,0,9,8,1,0,116,18
2012,62,10,1,301,279,10,1,0,5,0,1,2,304,276,8,2,2,2,0,295,274,8,1,0,3,0,3,0,0,0,0,13,280,292,10,0,0,0,0,2,5,290,280,11,0,0,0,0,0,288,279,11,0,0,0,266,262,21,2,1,2,0,0,0,3,2,0,1,0,12,4,0,2,260,241,34,1,0,1,3,0,14,4,0,0,1,8,1,0,1,3,254,239,6,0,0,0,18,32,3,1,0,0,38,323,267,5,0,0,1,0,0,1,3,315,265,5,0,0,0,1,3,3,0,0,0,0,0,4,271,302,22,5,293,17,139,150,1,854,600,1,109,93,0,1,103,98,2,0,796,203
2012,62,11,1,1058,1018,85,15,10,43,2,1,5,1103,1000,68,17,6,27,2,1038,975,61,12,5,27,4,16,7,3,2,9,75,1012,1083,77,0,0,0,1,4,8,1062,999,82,0,0,0,0,1,1056,1028,76,0,0,0,897,890,130,26,6,14,2,0,10,36,10,4,17,7,54,24,15,15,966,804,185,14,5,11,17,0,39,32,7,8,0,50,2,0,1,17,848,780,53,3,2,5,106,199,10,3,3,1,207,1215,977,38,0,0,1,0,0,1,6,1141,935,32,2,0,0,1,22,29,10,0,1,0,1,60,886,1318,29,4,1102,120,639,347,29,2767,2240,1,600,656,2,0,602,654,2,0,2596,1258
2012,62,12,1,319,352,19,4,1,4,0,3,1,323,350,15,6,2,3,0,314,346,14,4,0,3,2,2,3,0,0,1,12,304,363,15,0,0,0,0,4,2,314,344,17,0,0,0,0,0,311,344,17,0,0,0,283,334,26,7,2,3,0,0,1,1,0,0,5,2,12,2,1,2,275,312,55,4,0,4,5,0,11,6,0,3,1,5,1,0,0,1,270,311,10,4,0,2,29,31,2,0,0,1,39,356,337,6,0,0,0,0,0,1,3,342,330,6,2,0,0,0,4,4,1,0,0,0,0,12,320,336,43,6,294,24,199,182,6,1044,705,1,119,112,1,4,118,118,0,0,1022,236
2012,62,13,1,601,414,15,7,3,5,0,3,6,600,403,13,8,3,3,0,585,394,12,5,2,1,1,4,2,3,1,0,36,579,421,16,0,0,0,0,7,5,590,389,17,0,0,0,0,0,587,390,16,0,0,0,537,361,31,6,2,3,0,0,6,2,2,5,5,1,21,4,1,6,528,339,66,9,2,1,5,0,18,5,1,0,1,14,1,0,1,3,517,333,10,6,1,0,46,44,1,0,1,0,88,703,336,9,0,0,2,0,0,1,3,655,320,8,0,0,0,1,4,13,2,0,0,0,0,49,390,612,40,15,564,34,206,242,11,1852,1056,1,173,117,1,1,172,117,3,0,1829,292
2012,62,14,1,510,586,35,7,5,12,0,3,9,516,582,27,10,4,9,1,497,573,24,4,4,8,0,4,4,1,1,3,33,475,615,34,0,0,0,2,6,7,499,580,35,0,0,0,0,1,494,586,36,0,0,0,419,538,62,10,5,5,0,0,11,9,1,4,13,3,24,7,1,4,417,510,104,3,2,4,19,0,25,5,1,2,0,11,1,0,1,4,396,498,29,1,0,2,58,66,1,1,0,0,103,621,508,24,0,0,5,0,0,1,7,581,497,21,0,0,0,5,4,7,3,1,0,0,1,40,561,542,58,7,449,43,307,363,6,1770,1169,1,199,197,3,0,200,198,1,0,1720,399
2012,62,15,1,357,314,19,2,1,5,0,4,0,361,308,16,5,1,4,0,347,303,16,0,1,3,1,2,0,1,0,2,22,334,324,19,0,0,0,0,5,2,348,304,18,0,0,0,0,0,342,309,18,0,0,0,310,283,29,6,1,5,0,0,2,2,3,1,9,1,16,5,2,1,312,260,50,6,0,2,11,0,17,3,1,1,0,6,0,2,0,6,289,260,15,1,0,1,30,40,0,1,0,1,57,400,293,5,0,0,2,0,0,0,2,379,286,4,0,0,0,1,4,6,2,1,0,0,1,18,284,381,33,4,325,20,170,185,2,915,702,1,157,123,3,0,140,141,2,0,890,283
2012,62,16,1,84,66,6,1,0,0,0,1,0,82,65,6,1,0,0,0,82,65,6,1,0,0,0,0,0,0,0,0,3,83,68,4,0,0,0,0,3,0,84,64,4,0,0,0,0,0,83,64,4,0,0,0,80,63,6,0,0,0,0,0,0,0,0,0,1,0,2,0,0,0,79,59,9,0,0,0,1,0,2,2,0,0,0,2,0,0,0,0,79,58,4,0,0,0,3,6,0,0,0,0,5,91,64,2,0,0,0,0,0,0,0,87,64,2,0,0,0,0,1,0,0,0,0,0,0,4,57,86,15,0,76,7,35,39,1,226,158,1,18,10,1,0,17,12,0,0,219,29
2012,62,17,1,521,422,19,5,4,5,1,2,6,529,418,15,4,5,3,0,511,409,14,4,4,3,5,4,2,0,0,0,22,489,444,15,0,0,0,1,6,7,512,408,14,0,0,0,0,0,511,413,16,0,0,0,453,392,20,6,5,6,0,1,2,3,1,1,6,1,17,8,7,4,449,364,59,7,2,5,4,0,22,1,1,1,1,5,2,0,0,3,434,288,10,3,2,3,45,40,0,0,0,1,77,579,383,6,0,0,11,0,0,5,6,551,378,5,1,0,0,4,2,10,2,0,0,0,0,22,360,570,48,8,503,39,189,247,8,1390,986,1,195,144,0,1,191,147,1,1,1323,340
2012,62,18,1,205,234,19,2,1,4,0,1,3,210,231,17,1,1,2,0,201,225,15,2,1,3,1,2,1,0,0,1,11,188,250,18,0,0,0,0,0,1,202,221,18,0,0,0,0,0,196,232,19,0,0,0,179,211,26,4,2,0,0,0,3,2,1,1,3,1,6,4,0,2,184,202,36,1,2,2,1,0,5,3,1,1,1,4,0,0,1,3,174,199,12,1,2,0,14,24,3,0,0,1,36,228,227,8,0,0,1,0,0,1,1,213,217,7,1,0,0,1,3,7,0,0,0,0,0,16,193,238,26,10,184,26,109,141,7,651,467,1,66,94,0,0,63,97,0,0,616,160
2012,62,19,1,572,393,36,5,2,7,0,1,5,578,393,30,2,2,5,1,566,381,27,1,2,4,3,5,3,2,0,2,20,523,433,26,0,0,0,0,0,3,552,401,27,0,0,0,0,0,550,403,27,0,0,0,486,359,47,11,3,4,0,0,5,3,4,3,8,2,22,4,8,13,495,319,82,7,3,2,14,0,18,11,1,2,0,14,0,1,1,6,460,313,18,1,2,1,54,68,2,0,1,1,97,604,399,11,0,0,2,0,0,0,2,561,371,11,0,1,0,1,16,16,2,0,0,0,0,41,340,661,17,4,555,47,273,142,5,1277,1022,1,282,284,4,0,285,284,1,0,1263,570
2012,62,20,1,681,589,36,7,2,14,1,1,0,695,574,28,10,4,10,1,661,564,26,7,2,9,3,7,5,0,0,0,46,657,586,39,0,0,0,1,7,3,687,546,38,0,0,0,0,1,679,563,42,0,0,0,588,517,69,7,4,7,0,1,8,3,3,3,17,4,22,5,5,4,577,482,126,4,2,4,14,1,27,7,1,1,2,11,1,0,1,4,557,470,32,3,1,1,69,72,2,0,0,3,111,757,537,26,0,0,4,0,0,0,1,721,527,25,2,0,0,2,5,7,1,0,0,0,0,38,535,755,32,9,635,49,328,315,4,1751,1331,1,316,293,2,2,292,318,1,2,1698,613
2012,62,21,1,1192,1322,66,11,5,19,4,3,9,1207,1309,55,19,2,14,2,1164,1290,55,6,2,13,6,15,5,3,0,3,62,1079,1388,63,0,0,0,0,9,16,1156,1272,65,0,0,0,0,0,1127,1294,72,0,0,0,997,1187,134,21,7,16,0,0,8,9,6,8,32,6,43,13,15,8,976,1116,225,13,4,11,31,0,53,15,4,4,1,26,4,0,2,9,922,1088,47,8,4,8,142,156,9,1,1,2,222,1368,1216,27,0,0,4,0,1,3,9,1249,1168,25,2,0,0,2,21,42,9,2,0,0,2,102,1204,1314,98,17,1099,90,683,744,17,3638,2636,1,475,506,4,7,482,503,2,5,3504,992
2012,62,22,1,871,878,74,15,5,24,3,2,8,901,857,58,17,9,17,1,843,841,54,11,3,16,8,10,7,1,0,2,76,816,931,69,0,0,0,0,2,8,867,855,72,0,0,0,0,1,866,876,71,0,0,0,717,775,132,23,6,9,1,0,12,18,4,7,26,2,44,19,10,14,726,709,207,9,4,9,26,0,41,32,11,7,0,24,0,1,0,10,667,694,53,6,4,0,112,140,5,1,0,3,184,1015,802,41,0,0,6,0,0,1,6,942,778,36,2,0,0,2,23,21,9,2,0,0,2,58,770,1065,34,13,869,91,528,382,12,2432,1882,1,423,491,2,3,428,487,2,2,2324,919
2012,62,23,1,1224,1307,72,10,7,24,2,9,9,1248,1282,61,10,8,18,0,1195,1252,54,4,6,16,5,12,11,5,0,4,82,1186,1313,64,0,0,0,1,17,7,1226,1236,64,0,0,0,0,2,1214,1252,71,0,0,0,1058,1133,137,24,10,22,0,0,15,22,2,8,19,5,43,20,11,8,1067,1030,241,14,6,14,14,3,41,26,2,4,1,30,1,1,2,24,1014,1011,42,4,3,8,119,194,11,3,0,4,222,1400,1194,33,0,0,2,0,0,9,17,1320,1150,32,1,0,0,1,11,31,4,3,0,0,1,83,1133,1424,88,17,1188,111,750,608,5,3669,2664,1,538,625,0,8,509,655,3,4,3556,1171
2012,62,24,1,177,265,5,0,0,1,0,2,2,178,258,5,1,0,0,1,171,254,5,0,0,0,0,6,0,1,0,0,11,161,263,7,0,0,0,0,4,4,163,254,9,0,0,0,0,0,162,256,7,0,0,0,149,228,23,3,0,1,0,0,0,2,1,0,1,0,5,3,0,2,145,219,38,0,0,1,0,0,6,2,0,3,1,5,0,0,0,3,143,213,7,0,0,0,14,35,0,0,0,0,32,201,240,4,0,0,1,0,0,2,2,190,235,4,0,0,0,1,2,2,2,0,0,0,0,12,242,176,30,4,142,9,121,179,1,672,452,1,87,65,0,3,78,73,1,3,656,155
2012,62,25,1,27,14,0,0,0,0,0,1,0,25,15,0,0,0,0,0,25,14,0,0,0,0,0,1,0,0,0,0,1,25,15,0,0,0,0,0,0,2,25,15,0,0,0,0,0,0,25,15,0,0,0,0,24,15,0,0,0,0,0,0,0,0,0,0,0,0,1,0,0,0,25,15,0,0,0,0,0,0,0,0,0,0,0,0,0,0,0,0,24,15,0,0,0,0,1,0,0,0,0,0,0,26,15,0,0,0,0,0,0,1,0,26,15,0,0,0,0,0,0,0,0,0,0,0,0,0,17,25,0,0,26,0,6,10,0,65,42,1,37,12,0,0,38,10,1,0,61,49
2012,62,26,1,1007,1025,104,11,7,27,2,1,4,1029,1017,76,14,9,25,0,984,995,74,9,4,17,10,5,8,2,1,6,68,956,1054,104,0,0,0,0,5,5,1013,980,108,0,0,0,0,0,1008,1001,103,0,0,0,831,885,161,33,4,13,4,0,14,9,5,11,16,6,60,20,26,13,854,799,224,16,1,14,23,0,43,32,2,4,1,45,2,3,1,17,784,779,78,6,1,4,120,174,7,2,1,5,217,1170,955,46,0,0,5,0,0,3,7,1081,919,44,3,0,0,3,17,27,8,5,0,0,0,72,901,1240,34,14,994,127,574,474,20,2677,2189,1,499,636,6,2,507,632,3,1,2597,1143
2012,62,77,1,178,75,7,0,1,1,0,5,1,182,73,5,0,1,1,0,175,71,5,0,1,1,1,3,2,0,0,0,4,163,78,5,0,0,0,0,7,1,164,76,6,0,0,0,0,0,162,77,8,0,0,0,143,66,13,3,2,0,0,0,2,0,1,0,2,0,6,4,1,1,132,68,17,0,2,1,0,0,20,3,0,0,0,1,0,0,0,1,131,64,4,0,1,0,26,8,2,1,0,0,21,177,77,4,0,0,0,0,0,6,3,167,74,4,0,0,0,0,2,3,2,0,0,0,0,7,114,132,22,0,130,9,46,83,0,0,269,1,0,2,0,0,0,2,0,0,0,2
2012,62,78,1,80,74,4,0,0,0,0,1,0,81,71,3,0,0,0,0,79,69,3,0,0,0,0,1,0,0,0,0,6,13,16,0,0,0,0,0,0,4,27,25,1,0,0,0,0,0,32,25,1,0,0,0,14,12,2,0,0,0,0,0,0,0,1,0,1,0,0,4,0,0,15,11,4,0,0,0,1,0,2,0,1,0,0,2,0,0,0,0,13,10,0,0,0,0,2,2,0,0,0,0,37,39,23,0,0,0,0,0,0,0,6,36,22,0,0,0,0,0,0,1,0,0,0,0,0,3,69,76,13,1,62,6,31,60,0,0,159,1,19,35,2,0,12,44,0,0,0,56
2012,62,79,1,0,0,0,0,0,0,0,0,0,0,0,0,0,0,0,0,0,0,0,0,0,0,0,0,0,0,0,0,0,0,0,1,0,0,0,0,0,0,0,0,1,0,0,0,0,0,0,0,1,0,0,0,0,0,1,0,0,0,0,0,0,0,0,0,0,0,0,0,0,0,0,0,1,0,0,0,0,0,0,0,0,0,0,0,0,0,0,0,0,0,1,0,0,0,0,0,0,0,0,0,0,0,0,0,0,0,0,0,0,0,0,0,0,0,0,0,0,0,0,0,0,0,0,0,0,0,0,0,0,0,0,0,0,0,0,0,0,,,,,,,,,,,
2012,62,80,1,1,0,0,0,0,0,0,0,0,1,0,0,0,0,0,0,1,0,0,0,0,0,0,0,0,0,0,0,0,1,0,0,0,0,0,0,0,0,1,0,0,0,0,0,0,0,1,0,0,0,0,0,1,0,0,0,0,0,0,0,0,0,0,0,0,0,0,0,0,0,1,0,0,0,0,0,0,0,0,0,0,0,0,0,0,0,0,0,1,0,0,0,0,0,1,0,0,0,0,0,0,0,0,0,0,0,0,0,0,0,0,0,0,0,0,0,0,0,0,0,0,0,0,0,0,0,0,0,0,0,0,0,0,0,0,0,1,,,,,,,,,,,
2012,63,1,1,112,125,1,0,0,0,0,2,3,113,124,1,0,0,0,0,111,123,1,0,0,0,0,0,0,0,0,0,3,100,129,1,0,0,0,0,6,2,104,124,2,0,0,0,0,0,105,125,2,0,0,0,100,122,2,0,0,0,0,0,0,0,0,0,2,0,0,1,1,0,101,117,7,0,0,0,2,0,0,0,0,0,0,1,0,0,0,1,96,117,1,0,0,0,5,7,0,0,0,0,9,79,161,0,0,0,0,0,0,1,1,79,158,0,0,0,0,0,0,1,0,0,0,0,0,3,129,99,14,1,98,1,109,34,1,342,243,1,33,52,1,0,36,48,0,1,329,86
2012,63,2,1,587,486,17,3,1,1,1,5,3,588,484,16,2,1,2,0,580,479,15,2,1,1,3,3,3,0,0,1,8,549,504,24,0,0,0,0,5,1,559,485,22,0,0,0,0,0,558,488,26,0,0,0,524,454,51,3,1,1,0,0,3,2,2,7,12,1,5,2,0,2,521,451,80,2,0,2,7,0,5,9,0,0,0,4,0,0,0,3,499,426,17,1,0,0,47,50,3,0,0,1,53,474,606,14,0,0,0,0,1,2,3,470,559,10,0,0,0,0,13,24,6,0,0,0,0,17,459,602,39,4,544,35,316,207,2,1398,1104,1,232,210,1,0,231,207,5,0,1323,443
2012,63,3,1,1179,938,39,5,8,7,1,3,11,1179,937,34,5,6,4,1,1157,919,31,4,6,4,5,6,3,1,1,2,40,1086,985,37,0,0,0,0,12,11,1109,944,40,0,0,0,0,0,1107,953,40,0,0,0,1018,891,79,8,5,8,1,0,3,3,12,10,34,8,10,18,1,7,1033,877,124,6,3,9,30,0,4,13,1,2,4,4,2,1,3,4,973,853,30,2,2,0,88,76,2,4,3,1,136,902,1247,21,0,0,0,0,0,6,9,893,1194,21,0,0,0,0,17,4,2,0,0,0,0,46,883,1213,86,9,1081,62,534,503,11,3090,2192,1,445,295,3,3,436,302,7,1,2942,746
2012,63,4,1,314,396,13,1,0,3,0,0,0,316,398,12,0,0,2,0,313,393,12,0,0,2,0,2,0,0,0,0,7,297,409,11,0,0,0,0,1,4,300,402,10,0,0,0,0,0,302,402,10,0,0,0,278,370,26,1,1,1,0,0,1,3,3,4,7,1,0,4,0,1,279,357,48,0,2,1,2,0,1,8,0,0,0,1,0,0,3,1,269,354,9,0,1,0,26,42,1,0,0,0,22,254,463,9,0,0,0,0,0,1,1,251,445,8,0,0,0,0,11,4,0,0,0,0,0,8,364,317,43,5,281,18,243,182,5,960,729,1,151,164,0,3,139,171,3,5,935,318
2012,63,5,1,1085,1228,55,4,7,17,1,5,4,1100,1221,43,6,6,13,0,1071,1202,40,3,4,13,6,6,7,0,2,3,42,967,1285,56,0,0,0,0,15,10,991,1231,57,0,0,0,0,0,1002,1241,61,0,0,0,895,1136,118,13,11,9,0,0,6,3,18,14,42,12,5,14,1,9,902,1110,185,8,5,6,22,0,4,15,2,0,0,8,1,8,8,9,857,1087,42,6,3,4,81,115,10,0,1,0,178,800,1557,33,0,0,0,0,0,7,6,787,1493,29,0,0,0,0,29,12,3,0,0,0,0,41,1149,1168,76,14,1026,69,729,573,10,3169,2408,1,479,492,5,1,473,499,5,0,3072,977
2012,63,6,1,352,96,6,2,1,0,0,0,0,352,96,6,2,0,0,0,351,96,6,1,0,0,2,0,0,0,0,0,1,341,101,6,0,0,0,0,4,1,341,99,6,0,0,0,0,0,338,101,7,0,0,0,326,98,13,0,0,0,0,0,0,0,1,2,10,0,0,0,0,0,329,94,18,0,0,0,0,0,0,2,0,0,0,0,0,0,5,0,320,93,6,0,0,0,19,6,0,0,1,0,7,312,138,4,0,0,0,0,0,1,1,312,125,4,0,0,0,0,6,3,0,0,0,0,0,5,91,342,16,8,319,7,50,76,5,569,457,1,132,34,0,0,127,38,0,1,555,166
2012,63,7,1,839,690,39,3,3,5,2,2,1,851,687,34,2,3,3,1,831,677,31,1,2,2,8,8,4,0,1,0,19,803,710,32,0,0,0,0,5,6,813,693,32,0,0,0,0,0,823,692,32,0,0,0,763,659,68,5,9,2,0,0,2,1,6,2,17,3,5,2,2,4,762,633,91,3,6,2,12,0,3,6,1,1,2,3,1,5,7,5,639,620,28,2,4,1,53,64,2,0,2,0,55,717,840,26,0,0,0,0,2,3,4,703,795,24,0,0,0,0,23,15,1,0,0,0,0,18,656,869,49,12,797,41,507,231,10,2260,1587,1,384,316,8,4,371,335,5,1,2189,712
2012,63,8,1,123,183,7,0,1,1,0,3,2,124,181,6,0,0,0,0,119,179,6,0,0,0,1,2,0,0,0,1,7,117,186,3,0,0,0,0,4,2,117,184,4,0,0,0,0,0,119,186,4,0,0,0,109,168,12,0,1,0,0,0,1,0,1,6,4,0,1,1,0,0,109,157,20,1,0,0,2,0,1,4,0,2,0,0,0,2,1,1,104,155,3,0,0,0,9,27,0,0,0,0,16,103,210,2,0,0,0,0,0,2,0,98,206,2,0,0,0,0,2,2,0,0,0,0,0,8,184,125,8,3,107,6,124,81,2,451,320,1,62,74,1,1,58,78,1,1,438,138
2012,63,9,1,653,496,22,3,1,6,0,1,3,659,494,22,3,0,4,0,649,490,20,2,0,4,3,4,1,0,0,0,11,639,500,25,0,0,0,0,4,8,638,492,25,0,0,0,0,0,637,493,29,0,0,0,617,467,42,3,1,5,0,0,2,2,7,6,6,1,0,0,0,5,605,451,59,3,1,3,4,0,2,10,0,0,1,3,0,1,7,8,594,446,22,1,1,2,40,42,2,0,0,0,26,577,585,20,0,0,0,0,0,0,5,567,555,18,0,0,0,0,9,12,3,0,0,0,0,19,467,695,21,5,624,39,345,171,9,1478,1188,1,366,279,3,1,354,292,3,0,1469,649
2012,63,10,1,896,1152,28,3,0,9,0,4,7,910,1137,22,2,1,5,1,881,1128,22,1,0,4,5,10,2,0,0,2,37,784,1200,26,0,0,0,0,11,15,801,1157,25,0,0,0,0,0,807,1168,28,0,0,0,718,1075,75,8,2,7,1,0,10,11,26,15,21,7,3,13,0,7,725,1052,142,4,1,4,24,0,4,17,1,1,0,4,1,6,9,5,679,1023,19,2,0,2,93,115,6,0,0,0,137,575,1495,17,0,0,0,0,0,4,7,569,1430,13,0,0,0,0,19,13,3,0,0,0,0,44,1070,932,93,8,841,51,724,472,15,3080,2103,1,317,349,5,2,321,349,0,3,2951,673
2012,63,11,1,691,988,44,1,2,11,0,5,7,703,981,34,1,4,8,0,673,968,33,1,1,6,2,8,5,0,0,0,41,629,1023,45,0,0,0,1,6,4,637,994,44,0,0,0,0,0,649,994,47,0,0,0,573,905,84,6,4,4,1,0,3,4,10,11,30,13,7,18,3,3,579,866,123,2,3,4,22,0,0,38,0,9,2,5,2,3,8,6,543,851,31,0,2,0,58,117,6,1,0,0,131,488,1225,23,0,0,0,0,0,5,8,482,1158,23,0,0,0,0,13,22,0,0,0,0,0,39,851,812,77,10,656,75,559,448,12,2292,1750,1,306,356,4,4,292,373,3,2,2148,670
2012,63,12,1,485,556,21,6,5,7,0,3,3,502,536,22,9,3,4,0,476,535,20,3,3,4,3,10,0,1,0,1,24,441,581,23,0,0,0,0,2,6,463,547,24,0,0,0,0,0,464,547,26,0,0,0,416,506,55,4,5,4,1,0,3,1,8,7,18,1,5,6,1,2,423,491,95,1,1,3,7,0,2,12,0,0,0,4,1,3,3,1,391,480,21,0,0,1,44,58,2,2,0,0,79,355,704,13,0,0,0,0,0,1,3,351,672,12,0,0,0,0,13,6,1,0,0,0,0,27,514,537,32,4,480,25,275,304,3,1540,1087,1,222,220,2,0,218,225,1,0,1453,444
2012,63,13,1,295,180,6,2,0,0,0,1,2,298,176,4,2,0,0,0,292,175,4,2,0,0,0,3,1,0,0,0,6,272,192,5,0,0,0,0,3,2,276,182,6,0,0,0,0,0,274,189,6,0,0,0,253,171,12,3,1,0,0,0,2,1,8,0,6,2,1,2,0,2,253,161,22,3,0,0,6,0,2,4,0,1,1,3,0,3,6,1,244,161,4,2,0,0,18,19,0,0,0,0,33,231,248,4,0,0,0,0,0,1,1,226,237,4,0,0,0,0,5,3,0,0,0,0,0,9,174,293,17,2,263,13,98,109,3,634,486,1,120,67,0,0,114,73,0,0,595,187
2012,63,77,1,188,119,1,0,0,0,0,6,1,186,118,1,0,0,0,0,184,117,1,0,0,0,0,1,0,0,0,0,5,177,119,2,0,0,0,0,8,2,181,115,2,0,0,0,0,0,181,117,2,0,0,0,170,109,4,0,0,1,1,0,1,2,0,0,5,2,0,1,1,1,173,108,7,0,0,0,1,0,1,2,1,0,0,1,0,0,0,2,165,107,1,0,0,0,11,7,1,0,0,0,14,152,152,2,0,0,0,0,0,7,1,151,143,2,0,0,0,0,5,1,0,0,0,0,0,6,145,157,13,0,150,4,73,85,3,0,315,1,27,41,12,2,17,53,10,2,0,82
2012,63,78,1,57,46,2,0,0,0,0,0,1,59,43,2,0,0,0,0,56,43,2,0,0,0,0,1,0,0,0,0,3,25,15,2,0,0,0,0,0,0,25,14,2,0,0,0,0,0,26,14,2,0,0,0,22,14,2,0,0,0,0,0,1,0,0,0,2,0,0,0,0,0,23,15,4,0,0,0,0,0,0,0,0,0,0,0,0,0,0,1,22,14,2,0,0,0,0,0,0,0,0,0,7,15,13,1,0,0,0,0,0,0,0,15,13,1,0,0,0,0,0,0,0,0,0,0,0,0,50,46,9,2,41,7,25,30,4,0,106,1,18,20,0,0,15,23,0,0,0,38
2012,63,79,1,0,0,0,0,0,0,0,0,0,0,0,0,0,0,0,0,0,0,0,0,0,0,0,0,0,0,0,0,0,0,2,0,0,0,0,0,0,1,0,2,0,0,0,0,0,0,0,2,0,0,0,0,0,2,0,0,0,0,0,0,0,0,0,0,0,0,0,0,0,0,0,2,1,0,0,0,0,0,0,0,0,0,0,0,0,0,0,0,0,2,0,0,0,0,0,0,0,0,0,0,1,0,0,0,0,0,0,0,0,0,0,0,0,0,0,0,0,0,0,0,0,0,0,0,0,0,0,0,0,0,0,0,0,0,0,0,0,,,,,,,,,,,
2012,63,80,1,0,0,0,0,0,0,0,0,0,0,0,0,0,0,0,0,0,0,0,0,0,0,0,0,0,0,0,0,0,1,0,0,0,0,0,0,0,0,1,0,0,0,0,0,0,0,1,0,0,0,0,0,1,0,0,0,0,0,0,0,0,0,0,0,0,0,0,0,0,0,1,0,0,0,0,0,0,0,0,0,0,0,0,0,0,0,0,0,1,0,0,0,0,0,0,0,0,0,0,0,0,0,0,0,0,0,0,0,0,0,0,0,0,0,0,0,0,0,0,0,0,0,0,0,0,0,0,0,0,0,0,0,0,0,0,0,0,,,,,,,,,,,
2012,64,1,1,489,518,13,1,4,3,1,3,2,495,513,11,3,3,2,1,482,507,10,1,3,1,2,5,0,0,0,0,20,455,528,18,0,0,0,0,15,6,456,519,13,4,0,0,0,0,455,524,14,0,0,0,424,483,34,2,2,4,1,0,1,1,2,1,0,0,7,9,15,4,412,469,48,0,2,2,6,0,3,11,25,0,0,3,0,0,0,4,410,467,11,0,2,0,41,45,0,0,0,0,39,349,669,9,0,0,0,0,0,2,6,348,647,8,0,0,0,0,9,5,0,0,0,0,0,12,466,512,51,8,436,27,284,281,9,1422,1037,1,174,132,2,3,176,130,4,1,1358,311
2012,64,2,1,406,896,48,3,1,15,1,4,5,414,892,33,3,3,12,1,396,881,39,2,1,11,2,4,5,0,0,3,25,364,874,63,0,0,0,0,12,6,368,890,50,6,0,0,1,0,369,862,51,0,0,0,336,812,77,8,2,2,0,0,2,3,2,12,4,1,3,7,17,10,318,781,120,4,2,2,8,0,6,19,15,1,4,4,0,5,0,4,310,789,45,1,1,4,50,84,2,1,0,0,73,297,1032,32,0,0,0,0,0,9,4,290,1001,30,0,0,0,0,9,11,2,0,0,0,0,22,791,528,52,8,404,77,517,376,5,1807,1378,1,204,360,3,1,178,383,7,0,1733,568
2012,64,3,1,1439,1219,52,4,12,11,1,6,7,1453,1200,49,9,12,6,0,1428,1192,45,4,10,6,4,8,3,3,0,4,34,1356,1253,73,0,0,0,2,10,12,1359,1250,58,10,0,0,2,3,1367,1237,57,0,0,0,1322,1182,87,2,5,9,1,0,4,4,4,8,3,5,2,5,25,12,1272,1146,142,1,2,4,10,0,7,23,36,2,1,5,1,5,0,5,1255,1137,42,0,3,0,90,88,5,0,0,1,110,1222,1479,34,0,0,0,0,0,6,8,1209,1421,32,0,0,0,0,17,18,3,0,0,0,0,39,1135,1465,133,21,1292,82,709,648,23,3961,2754,1,461,391,10,0,448,406,4,4,3870,862
2012,64,4,1,1409,1461,81,9,3,18,2,3,9,1442,1436,65,12,9,12,0,1390,1422,64,9,2,12,7,8,5,1,0,1,64,1321,1451,134,0,0,0,1,10,20,1326,1462,95,12,0,0,5,1,1336,1452,89,0,0,0,1214,1302,177,14,5,7,2,1,8,7,19,23,6,11,21,20,35,20,1180,1267,249,6,3,3,24,0,18,34,56,1,7,3,1,11,1,17,1144,1250,74,4,2,1,160,151,7,0,1,2,171,1106,1809,55,0,0,0,0,2,8,9,1083,1706,50,0,0,0,0,42,29,5,0,0,0,0,65,1305,1590,86,16,1381,116,958,527,15,3793,2997,1,601,631,2,7,601,632,1,7,3644,1241
2012,64,77,1,103,101,1,1,1,0,0,4,0,103,99,1,1,1,0,0,100,99,1,1,1,0,0,0,0,0,0,0,5,100,97,4,0,0,0,0,5,0,101,96,4,0,0,0,0,0,100,96,4,0,0,0,99,96,4,0,0,0,0,0,0,0,0,0,0,1,0,0,3,0,98,94,6,0,1,0,0,0,0,0,6,0,0,0,0,0,0,0,98,94,4,0,0,0,2,2,0,0,0,0,7,89,112,1,0,0,0,0,0,7,2,87,110,1,0,0,0,0,2,0,0,0,0,0,0,3,100,99,12,0,94,4,56,57,0,0,211,1,6,21,4,3,2,25,4,3,0,34
2012,64,78,1,28,29,2,0,0,0,0,0,0,27,29,2,0,0,0,0,25,28,2,0,0,0,0,0,0,0,0,0,4,12,14,2,0,0,0,0,0,8,12,14,2,0,0,0,0,0,12,13,2,0,0,0,12,12,3,0,1,0,0,0,0,0,0,0,0,0,0,0,0,0,12,12,3,0,0,0,0,0,0,1,0,0,0,0,0,0,0,0,12,12,2,0,0,0,0,0,0,0,0,0,4,12,19,1,0,0,0,0,0,0,6,12,19,1,0,0,0,0,0,0,0,0,0,0,0,0,26,28,5,0,22,3,19,13,2,0,59,1,9,19,0,0,7,21,0,0,0,28
2012,65,1,1,543,672,17,3,0,3,1,2,8,548,664,14,2,1,2,0,538,660,13,0,0,2,2,3,1,2,1,0,15,537,669,21,0,0,0,0,6,5,543,659,25,1,0,0,0,0,522,672,19,0,0,0,512,657,23,3,0,1,1,0,2,2,9,1,2,3,17,0,0,0,499,639,46,3,0,1,1,0,19,0,1,6,1,0,0,1,1,1,471,630,17,1,0,0,48,34,2,0,0,0,34,501,728,12,0,0,0,0,0,3,6,490,709,8,0,0,0,0,9,8,2,0,0,0,0,13,617,570,54,7,511,40,217,463,17,1465,1248,1,221,195,2,1,211,205,1,2,1380,419
2012,65,2,1,41,123,0,0,0,0,0,0,1,41,123,0,0,0,0,0,41,123,0,0,0,0,0,0,0,0,0,0,0,43,121,0,0,0,0,0,0,0,42,122,2,0,0,0,0,0,38,122,0,0,0,0,38,120,0,0,0,0,0,0,1,0,3,0,0,0,0,0,0,0,38,119,1,0,0,0,0,0,2,0,0,0,0,0,0,0,0,1,38,119,0,0,0,0,2,2,0,0,0,0,4,40,125,0,0,0,0,0,0,0,0,39,125,0,0,0,0,0,0,0,0,0,0,0,0,1,115,44,6,0,40,3,29,93,0,178,165,1,23,31,0,1,19,35,0,1,167,55
2012,65,3,1,832,1038,37,2,0,2,1,2,5,849,1026,30,3,0,0,0,827,1021,29,2,0,0,4,7,4,0,0,0,18,830,1029,36,0,0,0,0,7,7,833,1022,54,0,0,0,0,1,800,1036,26,0,0,0,764,1012,39,4,0,0,0,0,10,2,11,3,4,3,22,3,2,6,749,1001,67,3,0,0,8,0,28,4,3,8,1,1,2,2,0,3,732,975,19,0,0,0,65,50,5,1,0,0,59,797,1096,19,0,0,0,0,0,1,5,768,1070,18,0,0,0,0,14,14,4,1,0,0,0,25,990,893,29,8,798,50,285,769,18,2266,1919,1,381,458,2,3,388,450,2,4,2114,844
2012,65,4,1,578,172,6,1,2,6,0,0,0,585,168,4,2,2,4,0,575,167,4,0,2,3,3,0,0,0,0,0,12,582,167,8,0,0,0,0,1,2,576,164,17,0,0,0,0,0,570,163,8,0,0,0,465,157,13,0,1,2,0,0,5,0,70,0,2,1,31,1,2,0,526,158,29,0,1,2,1,0,34,0,1,1,0,0,0,0,0,0,451,152,5,0,1,0,114,10,1,0,0,2,27,581,180,3,0,0,0,0,0,1,0,567,177,2,0,0,0,0,12,2,0,0,0,0,1,4,172,579,13,2,548,10,47,154,7,899,766,1,302,87,5,1,331,61,2,1,869,395
2012,65,5,1,236,136,5,0,0,0,0,2,2,236,134,3,1,0,0,0,234,134,3,0,0,0,0,1,0,0,0,0,6,230,138,3,0,0,0,0,3,1,230,138,11,0,0,0,0,0,222,138,3,0,0,0,215,135,9,1,0,0,0,0,2,0,3,0,0,1,3,0,0,0,213,132,15,0,0,0,1,0,7,1,0,0,0,0,0,0,0,2,209,130,2,0,0,0,13,8,1,0,0,0,15,213,163,3,0,0,0,0,0,0,2,211,153,3,0,0,0,0,4,1,0,0,0,0,0,8,150,218,12,2,206,4,42,129,1,469,382,1,85,29,0,0,82,32,0,0,468,114
2012,65,6,1,381,292,6,1,0,4,2,3,1,385,293,4,0,1,1,0,376,286,4,0,0,1,3,8,0,0,0,0,9,380,291,6,0,0,0,0,7,1,381,286,8,1,0,0,0,0,374,290,4,0,0,0,361,286,7,0,1,3,0,0,4,0,2,1,4,1,8,0,0,1,362,280,14,0,0,2,4,0,11,0,0,1,0,0,0,1,0,1,356,276,3,0,0,1,16,12,1,0,0,0,18,360,322,1,0,0,0,0,0,5,1,354,315,1,2,0,0,0,4,2,0,0,0,0,0,7,280,390,17,4,369,9,44,264,5,859,691,1,165,117,0,2,167,116,1,0,804,284
2012,65,7,1,820,726,33,3,3,5,1,2,4,828,725,29,3,1,4,0,817,717,27,2,1,4,2,4,3,0,1,0,14,828,706,32,0,0,0,1,6,6,819,705,51,2,0,0,0,1,801,706,26,0,0,0,781,696,42,3,0,2,0,1,3,3,2,0,0,3,24,0,3,2,752,685,62,1,0,1,20,1,20,2,2,5,0,0,1,1,1,0,739,667,21,1,0,0,51,33,5,0,0,1,68,795,777,14,0,0,0,0,2,1,5,778,756,14,0,0,0,0,10,8,4,0,0,0,0,22,675,847,57,19,767,35,230,554,12,1891,1598,1,350,280,1,0,339,292,0,0,1788,631
2012,65,8,1,427,328,5,2,4,4,0,1,4,431,327,5,3,3,1,1,425,322,5,2,2,2,2,2,0,0,0,0,10,443,303,8,0,0,0,0,4,6,438,315,11,1,0,0,0,0,426,322,8,0,0,0,412,311,14,1,0,0,0,0,2,0,8,0,0,3,7,1,0,1,404,308,27,1,0,0,2,0,13,2,0,2,1,1,0,0,0,1,395,285,7,1,0,0,28,35,0,0,0,0,16,429,340,6,0,0,0,0,0,0,2,424,335,6,0,0,0,0,5,1,0,0,0,0,0,4,297,449,25,6,419,9,73,266,10,953,777,1,134,116,1,2,144,109,0,0,880,253
2012,65,9,1,210,103,1,2,0,0,2,0,0,212,102,0,3,0,0,0,209,101,0,1,0,0,1,1,1,0,0,0,4,210,99,2,0,0,0,0,3,1,209,100,4,0,0,0,0,0,205,100,2,0,0,0,199,95,5,0,0,0,0,0,0,0,4,0,0,1,0,2,1,1,197,93,13,0,0,0,2,0,1,0,0,1,0,0,0,1,0,0,195,90,2,0,0,0,10,10,0,0,0,0,7,205,112,0,0,0,0,0,0,1,0,201,110,0,0,0,0,0,4,0,0,0,0,0,0,2,103,195,20,0,195,0,46,76,1,376,318,1,78,33,1,0,79,33,0,0,352,112
2012,65,10,1,217,217,0,0,0,0,0,1,1,217,215,1,0,0,0,0,216,215,0,0,0,0,0,1,1,0,0,0,1,220,211,3,0,0,0,0,1,1,218,214,3,0,0,0,0,0,216,214,1,0,0,0,212,211,3,0,0,0,0,0,0,0,0,0,0,2,3,0,0,0,212,211,4,0,0,0,0,0,3,0,0,0,0,0,0,0,0,1,212,207,1,0,0,0,4,6,0,0,0,0,4,206,230,0,0,0,0,0,0,0,0,205,227,0,0,0,0,0,1,1,0,0,0,0,0,2,205,213,14,4,200,1,30,202,3,510,436,1,72,19,1,0,71,18,3,0,483,92
2012,65,11,1,420,363,6,3,1,4,0,3,1,418,365,6,5,1,2,0,416,358,5,2,1,2,3,2,1,0,0,1,7,396,376,13,0,0,0,0,3,4,405,370,13,2,0,0,0,0,401,374,7,0,0,0,373,363,13,1,1,1,0,0,1,1,1,0,1,2,16,1,2,2,376,348,34,1,1,0,4,0,10,2,3,1,0,1,0,1,0,1,363,342,5,0,0,0,30,29,2,1,1,0,22,351,440,4,0,0,0,0,0,2,5,347,425,3,0,0,0,0,7,4,1,0,0,0,0,8,348,417,28,9,386,14,124,277,1,959,801,1,136,118,2,2,137,117,3,1,894,258
2012,65,12,1,1220,966,29,1,3,3,0,1,9,1221,958,26,2,3,3,0,1208,952,24,0,4,1,3,3,0,0,0,0,27,1190,937,46,0,0,0,0,7,8,1202,928,51,3,0,0,0,0,1177,933,35,0,0,0,1139,905,58,8,1,0,1,0,3,0,5,1,0,4,30,5,0,6,1108,893,97,4,2,0,7,0,25,3,4,12,0,1,0,0,1,1,1097,892,32,1,1,0,66,49,1,1,0,0,72,1102,1104,16,0,0,0,0,0,0,4,1087,1072,16,0,0,0,0,9,11,0,0,0,0,0,23,931,1213,76,12,1090,55,295,769,23,2759,2232,1,398,258,2,4,380,276,2,4,2556,662
2012,65,13,1,639,675,18,3,1,8,0,3,1,641,674,11,5,0,7,0,631,666,10,2,0,7,5,2,5,1,0,0,15,606,688,29,0,0,0,0,10,5,617,674,31,2,0,0,0,0,606,681,24,0,0,0,578,661,39,4,0,0,0,0,1,1,11,1,1,2,11,3,1,3,572,641,56,3,0,0,3,0,13,2,4,9,2,0,1,1,0,8,557,624,18,0,0,0,41,55,5,0,0,1,32,568,761,10,0,0,0,0,0,2,4,560,738,10,0,0,0,0,5,10,1,0,0,0,0,18,646,646,49,7,571,39,233,499,6,1640,1348,1,276,250,0,3,281,247,1,0,1558,529
2012,65,14,1,393,418,18,2,1,1,2,0,1,398,416,17,1,1,1,1,393,413,16,1,1,1,1,2,2,0,0,0,5,389,412,24,0,0,0,0,1,1,405,407,25,1,0,0,0,0,389,410,22,0,0,0,377,404,30,2,0,1,0,0,0,0,2,0,1,0,5,0,2,0,371,395,43,2,0,0,2,0,5,2,1,0,1,0,1,1,0,1,366,383,21,0,0,0,20,28,1,2,0,0,12,375,443,12,0,0,0,0,0,1,2,366,431,12,0,0,0,0,7,7,1,1,0,0,0,7,386,426,19,4,384,18,133,300,0,1011,835,1,200,202,2,3,205,198,0,4,964,407
2012,65,15,1,990,807,51,5,6,16,2,3,8,1010,800,43,6,5,12,0,985,788,43,5,4,11,4,11,4,0,0,2,22,996,799,69,0,0,0,0,2,10,1011,781,86,7,0,0,0,0,971,803,46,0,0,0,924,775,70,13,0,6,0,0,0,4,15,1,4,3,24,2,3,4,918,756,96,3,0,2,4,1,29,5,6,12,1,0,1,2,0,7,896,729,40,1,0,0,63,67,2,2,0,1,76,988,863,25,0,0,0,0,1,0,8,947,840,24,0,0,0,0,21,16,3,0,0,0,0,31,778,1066,37,9,941,69,269,594,17,2277,1890,1,396,354,0,3,386,364,1,2,2181,753
2012,65,16,1,502,528,7,2,0,4,2,2,1,511,517,4,4,0,4,1,501,516,4,2,0,4,2,2,2,1,0,0,12,502,517,15,0,0,0,1,2,1,513,509,18,2,0,0,1,1,492,521,10,0,0,0,470,513,13,3,1,2,0,0,0,1,4,0,1,1,20,1,0,0,472,504,25,2,1,1,1,0,16,0,1,4,0,0,0,1,1,1,461,493,8,1,1,0,32,24,2,0,0,0,23,494,545,3,0,0,0,0,1,0,3,485,532,2,1,0,0,0,7,4,2,0,0,0,0,12,502,524,19,3,500,10,146,381,11,1215,1048,1,256,227,2,0,261,224,0,0,1173,485
2012,65,17,1,26,147,1,3,0,0,0,0,0,27,148,1,1,0,0,0,26,147,1,1,0,0,0,0,0,0,0,0,2,28,143,3,0,0,0,0,0,1,26,142,5,1,0,0,0,0,25,145,2,0,0,0,21,144,4,1,0,0,0,0,0,0,2,0,0,0,0,0,0,0,22,141,5,1,0,0,1,0,2,0,0,0,1,1,0,0,0,0,20,139,2,1,0,0,4,6,0,0,0,0,4,30,145,1,0,0,0,0,0,1,0,28,144,1,0,0,0,0,1,0,0,0,0,0,0,2,144,32,1,0,22,1,39,112,3,189,177,1,15,48,0,0,11,51,1,0,177,63
2012,65,77,1,248,110,1,0,0,0,0,5,2,247,109,2,0,0,0,0,245,108,1,0,0,0,1,0,1,0,0,0,4,250,116,3,0,0,0,0,5,0,251,117,2,1,0,0,0,0,248,118,2,0,0,0,230,117,2,2,1,0,0,0,3,0,10,0,0,0,4,0,0,2,236,115,6,1,1,0,0,0,11,0,0,1,0,0,0,0,0,0,223,113,2,1,1,0,25,5,0,0,0,0,6,234,119,1,0,0,0,0,1,5,0,232,116,0,0,0,0,0,4,0,1,0,0,0,0,3,113,240,10,1,231,4,37,91,1,0,368,1,7,18,3,0,2,22,4,0,0,28
2012,65,78,1,23,23,0,0,0,2,0,1,0,22,22,0,0,0,2,0,22,22,0,0,0,2,0,0,0,0,0,0,2,2,5,0,0,0,0,0,0,3,3,5,0,0,0,0,0,0,2,4,0,0,0,0,2,4,1,0,0,1,0,0,0,0,0,0,0,0,0,0,0,0,2,5,0,0,0,1,0,0,0,0,0,0,0,0,0,0,0,0,2,4,0,0,0,1,0,1,0,0,0,0,0,3,5,0,0,0,0,0,0,0,3,2,5,0,0,0,0,0,0,1,0,0,0,0,0,0,29,15,4,2,17,0,13,20,0,0,49,1,10,15,0,1,7,17,1,1,0,26
2012,65,79,1,0,0,0,0,0,0,0,0,0,0,0,0,0,0,0,0,0,0,0,0,0,0,0,0,0,0,0,0,0,1,0,0,0,0,0,0,0,0,0,0,0,0,0,0,0,0,0,0,0,0,0,0,0,0,0,0,0,0,0,0,0,0,0,0,0,0,0,0,0,1,0,0,0,0,0,0,0,0,0,0,0,0,0,0,0,0,0,0,0,0,0,0,0,0,0,0,0,0,0,0,1,0,0,0,0,0,0,0,0,0,0,0,0,0,0,0,0,0,0,0,0,0,0,0,0,0,0,0,0,0,0,0,0,0,0,0,0,,,,,,,,,,,
2012,66,1,1,244,320,5,1,0,3,0,1,4,246,317,5,3,0,2,0,242,313,4,1,0,2,0,3,1,0,0,0,8,259,306,3,0,0,0,0,3,1,253,309,4,1,0,0,0,0,235,314,5,0,0,0,230,307,10,0,0,3,0,0,1,2,0,0,1,1,0,4,1,1,216,304,17,0,0,2,0,0,0,6,2,0,11,0,0,0,0,2,215,292,3,0,0,1,16,20,0,0,0,1,27,224,344,2,0,0,0,0,0,5,3,218,336,1,0,0,0,0,5,2,0,0,0,0,0,9,323,229,25,2,213,13,82,268,3,701,579,1,92,91,1,1,84,98,3,0,640,185
2012,66,2,1,424,483,15,6,2,5,3,1,3,432,484,14,3,1,2,2,423,477,13,3,1,0,1,2,0,0,1,2,16,429,482,17,0,0,0,0,2,5,423,484,18,5,0,0,0,1,411,482,17,0,0,0,398,466,30,5,1,3,0,0,4,3,0,3,3,0,0,1,0,2,376,468,37,2,1,2,1,0,0,2,1,0,18,1,0,0,0,3,369,446,14,1,1,1,38,33,1,0,0,0,31,401,533,6,0,0,0,0,0,1,2,393,509,6,0,0,0,0,9,8,1,0,0,0,0,14,474,427,35,7,400,19,163,346,15,1113,943,1,141,191,1,1,151,178,2,3,1052,334
2012,66,3,1,319,444,10,1,0,0,1,2,3,324,441,7,0,0,0,1,317,437,7,0,0,0,3,2,1,1,0,0,8,328,437,7,0,0,0,0,3,3,327,438,7,0,0,0,0,0,315,442,7,0,0,0,311,434,12,1,0,0,0,0,0,0,0,5,2,1,0,1,2,1,297,431,23,0,0,0,4,0,0,5,0,0,7,0,0,0,0,0,292,414,7,0,0,0,22,23,0,0,0,0,17,306,468,3,0,0,0,0,0,0,3,299,452,3,0,0,0,0,3,7,1,0,0,0,0,13,429,326,23,3,298,16,173,291,3,934,781,1,103,126,1,1,96,134,1,0,886,231
2012,66,4,1,686,618,15,1,2,5,0,1,2,690,618,13,1,2,3,0,684,612,13,1,2,3,2,1,0,0,0,2,8,700,602,12,0,0,0,0,2,5,696,609,11,3,0,0,0,0,683,614,12,0,0,0,672,597,21,4,1,4,1,0,2,1,0,0,1,0,1,4,2,1,655,595,36,3,1,3,1,0,0,2,1,0,14,2,1,0,0,2,654,573,9,2,1,2,23,37,2,0,0,0,23,680,644,3,0,0,0,0,0,1,3,671,628,3,0,0,0,0,9,6,2,0,0,0,0,9,626,657,38,11,607,21,256,443,5,1575,1332,1,244,215,2,1,244,215,3,0,1482,462
2012,66,5,1,130,223,2,0,0,2,0,1,0,131,223,1,0,0,2,0,130,223,1,0,0,2,1,0,0,0,0,0,0,130,222,1,0,0,0,0,3,0,132,220,1,1,0,0,0,0,129,220,1,0,0,0,120,216,5,1,0,0,0,0,1,0,0,0,2,0,0,2,1,0,114,210,11,1,0,0,0,0,0,2,0,0,6,1,0,0,1,2,113,206,1,1,0,0,13,12,0,0,0,0,9,132,226,0,0,0,0,0,0,0,0,130,219,0,0,0,0,0,3,2,1,0,0,0,0,3,215,136,6,1,118,6,99,134,1,398,358,1,44,99,0,0,42,101,0,0,382,143
2012,66,6,1,722,602,9,3,2,4,0,3,3,727,601,8,2,2,3,0,717,596,7,1,2,3,1,4,0,2,0,1,11,719,593,12,0,0,0,1,5,5,709,594,10,4,0,0,1,4,686,601,8,0,0,0,679,587,15,3,2,4,0,0,8,0,0,9,1,0,1,3,1,1,645,577,33,2,0,4,6,1,0,4,4,0,24,3,3,0,0,4,628,552,5,2,0,1,51,45,1,1,0,2,53,689,653,3,0,0,0,0,0,3,2,661,634,3,0,0,0,0,12,10,0,0,0,0,0,26,592,702,51,6,657,16,271,386,21,1598,1350,1,251,252,1,0,255,248,1,0,1484,504
2012,66,7,1,1100,444,12,3,4,7,1,2,1,1099,450,10,1,3,3,1,1097,441,10,1,3,3,0,1,1,0,0,2,12,1109,434,5,0,0,0,0,2,6,1108,432,7,3,0,0,3,0,1018,437,7,0,0,0,1036,419,22,6,4,1,1,0,5,0,2,3,4,2,1,5,2,0,963,423,37,1,0,0,3,0,0,3,4,0,66,8,0,1,1,3,956,400,5,1,0,0,51,31,0,0,1,0,120,1065,495,4,0,0,0,0,0,3,6,1051,472,3,0,0,0,0,8,9,0,0,0,0,0,22,453,1062,49,10,1011,28,166,348,21,1866,1574,1,406,180,4,20,418,172,1,19,1791,610
2012,66,8,1,432,167,6,2,0,5,0,2,1,438,165,4,1,1,1,0,431,163,4,0,0,1,0,1,2,0,0,2,9,433,164,3,0,0,0,1,5,2,443,155,2,1,0,0,0,0,421,161,2,0,0,0,421,153,10,0,1,3,0,0,0,0,0,0,3,3,2,0,0,1,403,160,15,0,1,1,0,0,0,3,0,0,14,0,0,0,0,0,399,147,2,0,1,0,20,14,0,0,0,0,26,422,192,0,0,0,0,0,0,0,1,415,186,0,0,0,0,0,6,1,1,0,0,0,0,6,189,402,20,5,387,11,91,126,1,697,616,1,131,77,0,1,133,75,0,1,672,209
2012,66,9,1,215,315,2,1,0,1,1,1,0,215,315,2,0,0,0,1,213,312,2,0,0,0,0,0,0,0,0,1,7,216,314,1,0,0,0,0,1,0,212,315,1,2,0,0,0,0,213,313,1,0,0,0,205,307,6,3,0,0,0,0,0,0,0,2,1,0,0,1,1,0,200,306,7,1,0,1,0,0,2,0,0,0,7,1,0,0,1,0,199,303,1,0,0,0,8,8,0,0,0,1,14,217,317,0,0,0,0,0,0,1,0,214,314,0,0,0,0,0,1,0,0,0,0,0,0,6,313,200,21,2,187,3,74,268,4,635,536,1,64,86,0,1,66,84,1,0,591,151
2012,66,10,1,208,324,2,0,0,0,0,2,3,207,322,2,0,0,0,0,206,321,2,0,0,0,16,1,0,0,0,0,4,214,314,2,0,0,0,0,5,1,209,315,2,0,0,0,1,0,205,317,2,0,0,0,203,313,4,0,0,0,0,0,1,0,0,1,0,1,1,1,0,1,193,309,8,1,0,0,8,0,0,1,0,0,3,2,0,0,0,0,193,302,2,0,0,0,11,13,0,0,0,0,12,197,338,1,0,0,0,0,0,1,2,193,336,1,0,0,0,0,0,0,0,0,0,0,0,7,306,208,24,1,192,5,105,232,5,632,539,1,45,97,3,0,43,96,5,0,593,145
2012,66,11,1,101,30,0,0,0,0,0,1,1,101,30,0,0,0,0,0,99,30,0,0,0,0,0,0,0,0,0,0,2,95,30,0,0,0,0,1,1,1,95,31,1,0,0,0,0,0,96,31,0,0,0,0,93,30,1,0,0,0,0,0,2,0,0,0,0,0,0,0,0,1,85,30,3,0,0,0,0,0,0,0,0,0,11,0,0,0,0,0,83,29,0,0,0,0,10,2,0,0,0,0,7,90,41,0,0,0,0,0,0,0,2,88,40,0,0,0,0,0,0,0,0,0,0,0,0,3,27,99,4,3,93,3,7,30,0,150,133,1,32,5,0,0,32,5,0,0,153,37
2012,66,12,1,432,135,4,3,0,5,0,2,1,436,132,4,3,0,1,0,428,130,4,3,0,1,1,1,0,0,0,1,12,446,126,2,0,0,0,0,3,2,439,130,1,1,0,0,0,0,431,134,2,0,0,0,423,128,5,1,0,2,0,0,1,0,1,1,1,1,0,0,3,1,399,131,18,1,0,0,3,0,1,2,0,0,9,0,0,0,1,1,395,120,0,1,0,0,29,10,0,0,0,0,24,418,161,1,0,0,0,0,0,1,3,416,153,1,0,0,0,0,3,1,0,0,0,0,0,6,160,389,34,1,380,7,62,132,3,677,584,1,139,47,1,0,147,40,0,0,654,187
2012,66,13,1,235,115,4,3,0,2,0,2,2,236,114,4,2,0,2,0,231,111,4,2,0,2,0,4,0,1,0,0,4,235,107,5,0,0,0,0,2,2,229,112,4,2,0,0,0,0,227,112,5,0,0,0,214,108,7,1,1,0,0,0,0,0,0,2,1,2,2,2,2,0,204,106,13,2,1,0,2,0,1,3,1,0,8,0,1,0,1,0,203,100,4,1,0,0,17,10,0,1,1,0,21,225,135,1,0,0,0,0,0,1,2,221,126,1,0,0,0,0,2,3,1,0,0,0,0,8,109,232,18,3,218,7,36,100,1,413,362,1,107,33,0,1,102,38,1,0,402,141
2012,66,14,1,278,169,10,0,1,4,1,3,1,278,170,9,1,0,1,0,273,166,9,0,0,1,1,0,0,0,1,1,12,312,142,6,0,0,0,0,2,0,283,155,6,2,0,0,1,0,274,153,8,0,0,0,260,151,13,6,0,2,0,0,0,0,4,1,1,0,1,1,0,0,243,150,30,0,0,1,1,0,0,1,1,0,6,0,7,1,0,1,237,137,5,0,0,0,21,15,1,0,0,0,50,270,183,6,0,0,0,0,0,5,0,254,176,6,0,0,0,0,7,3,0,0,0,0,0,17,160,286,21,1,258,15,78,115,2,569,468,1,87,73,2,1,96,63,4,0,528,163
2012,66,15,1,1246,930,10,2,1,8,0,2,4,1248,925,8,5,1,3,0,1237,916,6,1,0,3,3,3,0,0,2,1,25,1250,913,11,0,0,0,0,5,9,1220,924,13,4,0,0,1,2,1204,925,14,0,0,0,1194,903,23,4,1,6,0,0,5,3,0,6,0,3,1,4,1,4,1149,916,31,3,1,6,1,0,1,3,1,1,23,6,1,5,0,6,1142,876,8,0,0,1,50,39,2,1,0,2,68,1219,968,6,0,0,0,0,1,5,5,1192,946,3,0,0,0,0,8,4,2,0,0,0,0,39,945,1148,98,12,1139,33,292,728,11,2619,2203,1,453,340,2,2,457,336,2,2,2525,797
2012,66,16,1,909,990,32,4,4,9,0,2,4,929,980,26,3,1,9,0,905,972,26,2,1,8,1,7,2,1,0,2,23,938,972,26,0,0,0,0,2,2,929,982,27,1,0,0,0,0,883,987,32,0,0,0,874,960,53,7,1,2,1,0,2,3,1,3,2,0,2,5,3,1,845,958,63,3,0,4,7,0,1,4,1,0,17,5,2,0,0,1,835,927,18,1,0,1,46,53,8,0,0,2,62,855,1077,16,0,0,0,0,0,3,3,846,1042,16,0,0,0,0,9,9,7,0,0,0,0,21,939,942,63,12,861,50,409,600,36,2348,1956,1,337,384,2,8,333,389,2,7,2238,731
2012,66,17,1,414,476,22,3,3,2,0,4,1,415,473,22,5,0,2,0,411,471,21,2,2,2,0,3,0,0,1,0,6,430,462,17,0,0,0,0,1,3,419,474,17,0,0,0,0,0,403,470,17,0,0,0,397,469,29,2,1,4,0,0,2,1,0,2,0,4,0,2,0,1,380,460,37,0,1,3,4,0,0,1,0,0,11,2,0,1,0,3,375,441,17,0,1,2,22,36,0,0,0,1,25,400,509,14,0,0,0,0,0,1,3,391,489,12,0,0,0,0,4,12,1,0,0,0,0,12,469,419,29,6,370,26,192,321,14,1047,925,1,177,255,3,2,174,259,2,2,1003,437
2012,66,77,1,166,160,3,2,1,0,0,1,0,164,159,3,3,1,0,0,164,159,3,2,1,0,1,0,0,0,0,0,2,161,151,2,0,0,0,0,0,0,166,146,3,1,0,0,0,0,162,147,3,0,0,0,161,145,3,1,0,0,0,0,0,1,0,0,1,0,2,0,0,0,154,146,5,0,0,0,0,0,0,1,1,0,6,0,0,0,1,0,153,142,2,0,0,0,8,5,0,0,0,0,9,166,164,3,0,0,0,0,0,0,0,163,162,3,0,0,0,0,1,0,0,0,0,0,0,5,169,157,5,1,155,3,39,134,1,0,333,1,8,37,6,0,2,43,6,0,0,51
2012,66,78,1,39,20,0,0,0,0,0,1,0,38,20,0,0,0,0,0,37,20,0,0,0,0,0,0,0,0,0,0,2,9,5,0,0,0,0,0,0,2,11,5,0,0,0,0,0,0,11,5,0,0,0,0,7,5,0,0,0,0,0,0,0,1,0,0,0,0,0,0,0,0,7,6,0,0,0,0,0,0,0,0,0,0,0,0,0,0,0,0,7,5,0,0,0,0,0,0,0,0,0,0,5,7,4,0,0,0,0,0,0,0,8,7,4,0,0,0,0,0,0,0,0,0,0,0,0,0,22,32,6,0,28,3,10,19,0,0,60,1,9,20,1,1,7,22,2,0,0,31
2012,66,79,1,0,0,0,0,0,0,0,0,0,0,0,0,0,0,0,0,0,0,0,0,0,0,0,0,0,0,0,0,0,1,1,0,0,0,0,0,0,0,1,1,0,0,0,0,0,0,1,1,0,0,0,0,1,1,0,0,0,0,0,0,0,0,0,0,0,0,0,0,0,0,1,1,0,0,0,0,0,0,0,0,0,0,0,0,0,0,0,0,1,1,0,0,0,0,0,0,0,0,0,0,0,0,0,0,0,0,0,0,0,0,0,0,0,0,0,0,0,0,0,0,0,0,0,0,0,0,0,0,0,0,0,0,0,0,0,0,0,,,,,,,,,,,
2012,67,1,1,559,488,8,3,1,8,0,1,1,563,482,8,4,2,5,0,552,476,7,3,1,5,2,3,0,1,0,1,17,540,497,9,0,0,0,0,5,5,535,486,9,4,0,0,0,0,540,482,12,0,0,0,515,461,24,4,0,4,0,0,3,0,15,2,1,1,4,1,0,0,499,441,46,4,0,1,8,0,0,3,0,2,0,3,0,2,15,4,489,437,8,1,0,1,43,39,0,0,0,1,40,634,423,5,0,0,0,0,0,4,1,612,411,4,0,0,0,0,7,11,0,0,0,0,0,20,486,550,31,3,488,18,197,363,4,1426,1070,1,270,176,1,6,280,164,1,8,1397,453
2012,67,2,1,474,429,13,3,0,3,1,6,4,483,422,9,5,0,1,0,469,419,9,3,0,1,1,5,2,0,0,1,14,456,430,22,0,0,0,0,5,3,445,418,18,3,0,0,0,0,445,418,21,0,0,0,424,402,32,2,0,2,0,0,7,1,11,4,5,2,1,1,0,1,416,376,51,2,0,2,3,0,1,4,0,1,0,1,2,1,16,10,411,373,16,1,0,0,33,36,1,0,0,1,53,528,391,8,0,0,0,0,1,2,2,505,369,8,0,0,0,0,15,13,0,0,0,0,0,21,409,455,66,3,408,21,233,265,6,1232,934,1,200,145,5,6,199,151,2,4,1171,356
2012,67,3,1,216,266,3,2,0,1,1,0,3,220,261,1,4,1,1,1,214,259,1,2,0,0,0,4,1,0,0,0,7,211,264,3,0,0,0,0,2,4,212,259,4,1,0,0,0,0,208,261,3,0,0,0,203,253,9,1,0,2,1,0,3,0,5,3,0,0,0,0,0,0,197,246,19,2,0,2,1,0,0,2,0,1,0,1,1,0,3,2,194,245,3,1,0,2,13,12,0,0,0,0,16,248,240,3,0,0,0,0,0,0,1,238,240,3,0,0,0,0,3,3,0,0,0,0,0,4,250,212,27,3,182,5,101,203,1,617,492,1,104,83,0,0,101,84,2,0,613,187
2012,67,4,1,389,179,3,2,1,1,0,2,2,390,174,2,2,1,1,0,387,172,2,1,1,1,1,1,1,2,0,0,6,381,170,7,0,0,0,1,1,5,381,170,3,4,0,0,0,0,380,164,5,0,0,0,358,162,15,2,0,3,0,0,1,0,9,1,2,2,1,3,2,1,354,155,28,1,1,3,1,0,1,0,0,1,0,0,4,0,10,2,349,151,3,0,0,3,28,12,1,2,0,0,24,440,129,3,0,0,0,0,3,1,2,424,121,2,0,0,0,0,13,8,2,1,0,0,0,5,187,361,27,4,321,12,116,124,6,775,579,1,210,66,0,1,200,76,0,1,752,277
2012,67,5,1,358,351,18,2,2,4,1,3,1,367,342,17,2,2,3,0,353,338,15,2,2,2,3,5,2,0,0,2,15,351,359,24,0,0,0,1,6,2,343,341,23,3,0,0,0,1,348,336,22,0,0,0,326,327,34,2,1,1,1,0,4,1,6,3,4,6,1,1,6,0,316,305,60,0,1,1,5,0,0,2,0,3,0,1,0,0,11,6,312,299,18,1,0,0,26,31,3,0,1,1,43,423,300,16,0,0,0,0,2,2,0,381,276,13,0,0,0,0,26,22,3,0,0,0,0,20,327,379,34,3,327,19,149,241,7,893,743,1,174,134,3,0,160,150,1,0,874,311
2012,67,6,1,1046,923,28,0,5,8,1,8,4,1056,905,25,4,5,4,1,1034,893,22,0,4,4,1,7,5,1,1,1,39,1019,912,35,0,0,0,1,11,12,1022,881,34,6,0,0,0,1,1025,879,39,0,0,0,949,835,76,5,5,3,1,0,15,1,33,8,5,3,7,2,3,0,935,785,124,5,2,2,21,0,2,5,1,3,2,5,2,4,26,11,899,779,28,2,2,1,113,80,2,0,0,1,94,1211,768,19,0,0,0,0,3,6,8,1149,734,15,1,0,0,0,29,27,1,0,0,0,0,52,908,1016,85,15,923,60,494,520,27,2742,2024,1,378,334,2,4,360,353,2,3,2637,718
2012,67,7,1,719,645,21,7,4,5,2,2,7,726,640,15,9,5,3,1,708,627,13,7,4,3,2,5,3,0,0,0,32,701,631,32,0,0,0,1,6,13,693,613,27,14,0,0,3,2,702,613,29,0,0,0,660,568,55,10,5,5,1,2,9,3,20,3,5,6,4,1,5,3,632,530,92,5,3,1,18,1,1,8,4,2,0,8,4,0,20,10,620,521,17,3,2,0,66,74,4,2,0,0,85,827,536,24,0,0,0,0,6,7,8,766,491,14,3,0,0,0,33,46,3,0,0,0,0,42,620,738,44,11,659,43,335,366,10,1763,1413,1,304,315,4,1,304,315,2,3,1739,624
2012,67,8,1,290,314,7,0,1,2,0,3,2,290,313,5,3,1,1,0,286,309,5,0,1,1,1,3,1,0,0,1,7,289,310,9,0,0,0,0,4,2,290,307,7,1,0,0,1,0,288,304,6,0,0,0,281,292,16,0,0,1,1,0,1,0,4,1,1,5,0,0,1,0,277,277,32,0,0,0,3,0,1,0,0,0,0,4,2,0,3,6,276,273,5,0,0,0,10,23,0,0,0,1,26,323,284,2,0,0,0,0,0,4,8,306,272,2,0,0,0,0,4,9,2,0,0,0,0,14,291,298,29,2,251,12,179,176,2,841,620,1,147,122,4,2,146,126,0,3,805,275
2012,67,9,1,1359,1278,89,17,8,15,2,4,6,1390,1251,66,19,10,12,7,1322,1220,63,13,8,10,12,8,10,0,0,0,104,1308,1255,119,0,0,0,1,13,19,1312,1231,96,28,0,0,6,0,1318,1214,101,0,0,0,1178,1106,167,23,7,21,1,0,22,14,51,14,18,11,15,2,11,7,1135,998,285,12,7,12,28,0,2,29,2,6,0,20,28,11,50,24,1096,979,74,5,6,3,156,179,6,6,0,2,231,1689,1001,57,0,0,0,0,3,12,13,1574,943,49,7,0,0,0,58,26,6,1,0,0,0,91,1128,1556,85,11,1320,115,657,676,12,3460,2781,1,583,533,12,4,582,541,4,5,3184,1132
2012,67,10,1,652,634,29,0,3,3,0,6,2,652,628,29,1,3,4,0,642,627,28,0,3,3,0,2,2,0,0,1,14,617,611,34,0,0,0,0,8,6,637,608,30,6,0,0,0,0,629,605,31,0,0,0,609,575,49,6,3,2,0,0,4,2,20,4,1,3,4,0,1,0,593,559,71,2,2,1,8,0,3,3,0,1,1,3,0,2,21,7,590,552,26,2,2,1,40,47,2,0,1,0,52,738,561,13,0,0,0,0,1,3,10,693,545,11,1,0,0,0,22,17,5,0,0,0,0,23,611,652,55,11,576,39,273,433,8,1768,1329,1,304,227,10,2,298,234,6,5,1688,543
2012,67,77,1,145,108,1,0,0,0,0,3,0,144,107,1,0,0,0,0,140,106,1,0,0,0,0,2,0,0,0,0,5,138,109,1,0,0,0,0,6,2,137,108,2,0,0,0,0,0,139,109,1,0,0,0,125,105,3,0,0,0,0,0,0,1,7,0,2,2,1,0,1,0,120,103,5,0,0,0,0,0,0,0,0,0,0,1,4,0,11,1,119,101,1,0,0,0,15,6,0,0,0,0,9,153,98,0,0,0,0,0,2,4,0,148,94,0,0,0,0,0,5,7,0,0,0,0,0,4,122,122,16,0,108,7,52,92,1,0,257,1,16,34,13,0,8,42,13,0,0,63
2012,67,78,1,49,26,1,1,0,0,0,1,1,48,26,1,2,0,0,0,48,24,1,1,0,0,1,0,0,0,0,0,3,19,8,1,0,0,0,0,1,5,19,8,1,0,0,0,0,0,19,8,1,0,0,0,18,8,1,0,0,0,0,0,0,0,0,0,0,0,1,0,0,0,19,8,1,0,0,0,0,0,0,0,0,0,1,0,0,0,0,0,18,8,1,0,0,0,1,0,0,0,0,0,1,22,6,1,0,0,0,0,0,0,5,22,6,1,0,0,0,0,0,0,0,0,0,0,0,1,32,36,8,4,40,3,10,27,0,0,80,1,11,15,0,0,6,19,1,0,0,26
2012,67,79,1,0,0,0,0,0,0,0,0,0,0,0,0,0,0,0,0,0,0,0,0,0,0,0,0,0,0,0,0,0,0,1,0,0,0,0,0,0,1,0,1,0,0,0,0,0,0,0,1,0,0,0,0,0,1,0,1,0,0,0,0,0,0,0,0,0,0,0,0,0,0,0,1,0,0,0,1,0,0,0,0,0,0,0,0,0,0,0,0,0,1,0,0,0,0,0,0,0,0,0,0,2,0,0,0,0,0,0,0,0,0,0,0,0,0,0,0,0,0,0,0,0,0,0,0,0,0,0,0,0,0,0,0,0,0,0,0,0,,,,,,,,,,,
2012,67,80,1,0,0,0,0,0,0,0,0,0,0,0,0,0,0,0,0,0,0,0,0,0,0,0,0,0,0,0,0,0,1,1,0,0,0,0,0,0,0,1,1,0,0,0,0,0,0,1,1,0,0,0,0,1,1,0,0,0,0,0,0,0,0,0,0,0,0,0,0,0,0,0,1,1,0,0,0,0,0,0,0,0,0,0,0,0,0,0,0,0,1,0,0,0,0,1,0,0,0,0,0,0,0,0,0,0,0,0,0,0,0,0,0,0,0,0,0,0,0,0,0,0,0,0,0,0,0,0,0,0,0,0,0,0,0,0,0,0,,,,,,,,,,,
2012,68,1,1,386,482,10,2,2,4,0,1,2,396,471,10,3,1,3,0,383,468,7,2,1,3,3,3,5,0,1,0,12,391,466,18,0,0,0,0,2,2,386,466,14,6,0,0,2,2,383,462,16,0,0,0,368,444,29,3,2,1,1,0,2,1,7,2,3,4,2,1,4,1,351,428,50,3,2,0,4,1,0,2,1,2,0,3,0,3,12,5,345,422,13,2,1,0,33,37,2,1,1,0,30,377,501,6,0,0,0,0,1,4,1,370,479,6,0,0,0,0,6,7,5,0,0,0,0,13,434,425,28,4,372,16,126,366,11,1130,891,1,191,177,2,4,190,177,3,4,1115,374
2012,68,2,1,497,326,7,4,1,5,0,3,4,501,322,6,3,1,5,0,493,320,5,3,1,4,0,2,1,0,0,1,11,510,326,9,0,0,0,0,2,3,484,324,9,3,0,0,0,0,490,316,9,0,0,0,472,305,20,2,1,3,0,0,0,2,8,1,3,1,2,0,1,0,467,290,30,2,0,3,0,0,0,3,1,2,0,4,1,4,6,2,462,286,6,1,0,1,25,26,1,0,0,2,33,491,340,7,0,0,0,0,0,2,7,487,335,6,0,0,0,0,2,0,0,0,0,0,0,9,319,487,38,4,469,15,137,223,4,1020,848,1,206,126,3,2,202,134,1,0,1015,337
2012,68,3,1,521,561,11,1,0,0,0,3,2,530,553,8,1,0,0,0,516,551,8,0,0,0,1,3,2,0,0,0,14,520,551,12,0,0,0,0,2,7,512,550,14,1,0,0,0,0,506,554,12,0,0,0,483,524,29,0,1,2,0,0,3,2,10,0,2,6,13,0,3,2,489,502,54,0,1,1,3,0,1,4,1,2,0,1,1,2,10,4,463,496,7,0,0,0,37,50,1,0,0,0,37,528,555,6,0,0,0,0,1,2,5,509,539,6,0,0,0,0,14,8,0,0,0,0,0,17,503,564,26,7,509,24,176,386,5,1463,1100,1,257,193,3,3,251,197,5,3,1439,456
2012,68,4,1,267,308,10,1,1,2,0,2,2,273,299,11,2,1,2,0,262,298,10,1,1,2,2,0,1,0,0,1,12,266,289,15,0,0,0,1,2,7,260,295,12,0,0,0,0,0,262,291,11,0,0,0,242,278,27,1,1,0,0,0,0,0,4,0,1,5,5,1,2,3,249,266,36,2,1,0,0,0,0,3,0,0,0,0,0,1,7,6,241,261,11,0,1,0,16,28,0,1,0,0,26,259,325,10,0,0,0,0,0,0,0,249,321,9,0,0,0,0,5,2,2,0,0,0,0,6,283,287,20,2,263,20,101,204,4,705,594,1,117,122,1,2,113,126,1,2,683,242
2012,68,5,1,373,337,9,0,2,8,0,0,6,378,335,6,1,1,6,0,370,331,6,0,1,4,0,3,1,0,0,0,12,374,335,9,0,0,0,0,2,5,373,332,8,3,0,0,3,0,370,333,8,0,0,0,362,320,15,3,0,3,0,0,3,1,19,3,0,5,1,0,0,1,336,312,31,0,0,5,0,0,0,2,1,0,0,2,0,1,17,9,333,309,6,0,0,1,32,29,1,1,0,4,22,395,328,4,0,0,0,0,1,2,4,386,324,2,0,0,0,0,1,3,3,0,0,0,0,10,334,378,18,5,344,11,141,235,4,877,735,1,148,124,1,2,138,132,2,3,837,275
2012,68,6,1,418,291,7,1,1,1,0,1,1,434,275,5,1,0,1,0,417,273,5,1,0,1,3,3,0,0,0,0,16,423,276,4,0,0,0,0,3,2,415,281,5,2,0,0,0,0,419,275,5,0,0,0,406,263,11,4,1,1,0,0,0,0,6,2,0,2,5,0,0,4,402,256,24,3,1,0,0,0,0,2,0,0,0,1,0,0,9,4,398,252,3,2,1,0,13,21,1,0,0,1,24,414,297,8,0,0,0,0,0,0,2,412,290,8,0,0,0,0,1,3,0,0,0,0,0,5,270,422,24,5,405,12,89,205,10,908,721,1,155,76,1,2,152,79,1,2,866,234
2012,68,7,1,380,643,9,1,1,3,0,2,2,389,629,7,1,1,1,0,371,623,5,0,1,1,4,7,1,0,0,1,23,379,635,8,0,0,0,1,3,3,376,636,9,2,0,0,1,2,372,634,7,0,0,0,346,619,21,3,1,0,1,1,2,0,11,2,1,1,5,1,0,0,338,587,46,2,1,1,3,1,0,7,0,1,0,3,0,1,17,6,331,583,7,1,0,0,36,40,0,0,0,0,38,352,678,4,0,0,0,0,0,1,1,342,663,6,0,0,0,0,4,8,0,0,0,0,0,18,598,401,40,2,377,12,195,445,12,1310,1041,1,157,151,1,1,153,156,1,0,1241,310
2012,68,8,1,224,215,3,0,0,0,0,0,0,227,211,3,0,0,0,0,223,211,3,0,0,0,0,2,0,0,0,0,3,220,211,5,0,0,0,0,1,1,217,214,5,0,0,0,0,0,217,212,5,0,0,0,212,208,11,0,0,0,0,0,3,0,2,0,0,0,0,0,1,0,212,197,13,0,0,0,4,0,1,1,0,0,0,0,0,0,2,1,210,197,4,0,0,0,5,6,0,0,0,0,10,217,224,1,0,0,0,0,0,0,0,215,218,1,0,0,0,0,1,5,1,0,0,0,0,1,195,228,17,2,219,5,39,174,5,547,442,1,103,63,0,0,101,65,0,0,530,166
2012,68,9,1,355,304,5,1,3,1,1,1,1,359,299,3,2,2,0,0,349,296,3,1,3,1,1,3,0,0,0,0,14,355,294,8,0,0,0,0,1,2,354,292,7,6,0,0,0,1,351,295,5,0,0,0,335,275,19,3,2,1,0,0,0,0,6,3,2,1,6,0,1,1,324,267,36,3,1,0,0,0,0,3,1,0,0,1,0,2,9,2,319,265,5,3,1,0,28,27,0,0,0,0,21,349,313,2,0,0,0,0,0,3,3,346,306,2,0,0,0,0,3,4,0,0,0,0,0,5,269,378,20,5,369,9,78,213,3,813,672,1,168,83,0,0,167,84,0,0,789,251
2012,68,10,1,442,648,14,5,5,2,0,2,0,459,634,13,3,5,0,0,437,631,13,3,5,0,3,3,0,0,0,1,21,444,632,14,0,0,0,0,5,2,436,632,16,4,0,0,1,1,441,630,15,0,0,0,402,607,24,6,3,2,0,0,3,4,11,0,1,1,23,1,5,0,401,603,46,3,3,2,2,0,0,2,2,0,1,1,1,3,11,4,382,582,10,2,2,1,54,41,1,0,0,0,34,439,664,9,0,0,0,0,0,3,0,419,638,7,0,0,0,0,12,14,2,0,0,0,0,21,579,494,41,5,444,30,173,462,10,1419,1119,1,223,237,3,5,227,234,4,3,1402,468
2012,68,11,1,479,592,16,5,0,3,0,1,5,492,580,15,4,0,2,1,474,568,14,4,0,2,2,8,3,1,0,0,20,475,573,23,0,0,0,0,6,5,475,573,19,4,0,0,3,2,469,569,18,0,0,0,439,541,33,4,0,2,1,0,0,2,21,3,1,8,9,2,4,0,437,508,74,4,0,3,4,1,0,6,1,1,0,6,3,6,7,11,416,505,13,1,0,0,45,52,4,3,0,2,50,457,630,8,0,0,0,0,0,6,1,449,590,7,0,0,0,0,4,16,3,0,0,0,0,26,539,529,31,3,472,36,204,381,9,1368,1102,1,256,196,1,1,249,203,2,0,1300,454
2012,68,77,1,74,112,0,1,0,0,0,0,0,73,111,0,1,0,0,0,73,111,0,1,0,0,0,0,0,0,0,0,2,69,109,0,0,0,0,0,3,3,68,109,0,1,0,0,0,0,68,109,0,0,0,0,63,107,1,1,0,0,0,0,0,0,0,0,2,0,2,0,1,0,65,105,2,1,0,0,0,0,0,0,0,0,0,0,0,0,2,1,61,105,0,1,0,0,6,2,0,0,0,0,6,68,116,0,0,0,0,0,0,0,0,68,115,0,0,0,0,0,0,1,0,0,0,0,0,0,113,71,0,2,64,2,29,91,0,0,187,1,9,13,3,0,3,20,2,0,0,25
2012,68,78,1,19,14,0,0,0,0,0,0,1,19,13,0,0,0,0,0,16,13,0,0,0,0,0,0,0,0,0,0,4,1,1,0,0,0,0,0,0,0,2,1,0,0,0,0,0,0,2,1,0,0,0,0,2,1,0,0,0,0,0,0,0,0,0,0,0,0,0,0,0,0,2,1,0,0,0,0,0,0,0,0,0,0,0,0,0,0,0,0,1,1,0,0,0,0,0,0,0,0,0,0,1,1,1,0,0,0,0,0,0,0,1,1,1,0,0,0,0,0,1,1,0,0,0,0,0,0,13,18,3,0,20,1,4,9,0,0,34,1,17,9,2,0,16,11,1,0,0,28
2012,69,1,1,1212,1188,108,15,9,24,1,4,13,1242,1176,81,15,7,20,1,1200,1149,81,10,6,18,4,9,9,3,1,3,66,1187,1191,106,0,0,0,4,12,18,1176,1175,91,16,0,0,3,1,1212,1153,99,0,0,0,1128,1105,184,26,7,7,0,0,11,8,9,13,4,14,3,3,2,3,1044,982,255,9,5,9,9,0,0,16,3,6,48,13,5,11,2,35,1026,968,65,2,3,4,134,143,15,5,0,0,165,1660,837,57,0,0,0,0,3,8,5,1560,816,52,0,0,0,0,22,34,6,0,0,0,0,72,1140,1332,83,20,1112,125,605,708,25,3161,2575,1,406,547,5,4,420,535,4,3,3006,962
2012,69,2,1,227,417,9,1,0,3,0,4,5,228,413,9,1,0,2,0,224,413,9,1,0,2,0,1,0,0,0,0,7,234,405,10,0,0,0,0,8,3,233,402,10,1,0,0,1,0,235,400,9,0,0,0,230,384,18,2,0,3,0,0,1,1,1,1,0,1,0,2,0,1,219,363,30,2,0,3,1,0,0,3,1,1,3,2,1,4,0,8,214,361,7,1,0,1,14,38,1,0,0,0,18,343,313,6,0,0,0,0,0,1,2,329,311,6,0,0,0,0,5,2,1,0,0,0,0,9,387,246,31,2,192,24,226,219,5,785,666,1,98,138,2,1,87,150,0,2,763,239
2012,69,3,1,916,1364,47,14,3,22,1,4,7,934,1350,36,17,3,17,2,904,1332,34,12,3,15,1,7,2,3,0,2,55,867,1322,67,0,0,0,1,23,14,853,1332,54,21,0,0,0,0,870,1309,57,0,0,0,815,1222,130,24,6,16,2,0,6,9,4,11,3,9,5,2,7,7,741,1159,191,19,4,10,28,0,0,21,2,1,32,23,5,6,4,15,736,1142,40,9,4,4,98,128,8,6,1,3,164,1320,1005,33,0,0,0,0,1,8,7,1237,988,32,0,0,0,0,10,40,5,0,0,0,0,51,1272,977,115,15,811,92,577,882,17,2997,2380,1,335,545,6,2,318,562,6,2,2896,888
2012,69,4,1,853,1092,53,7,9,11,0,4,5,871,1072,42,9,6,6,0,837,1059,42,5,6,6,2,11,3,0,1,0,55,824,1052,60,0,0,0,0,23,17,818,1033,56,12,0,0,1,1,834,1005,62,0,0,0,788,940,125,8,7,5,0,0,6,10,1,7,4,7,4,2,3,1,739,890,183,6,6,7,4,0,0,8,3,3,33,5,1,8,1,19,733,883,48,4,5,2,76,116,6,0,0,2,122,1246,757,23,0,0,0,0,0,2,7,1161,750,21,0,0,0,0,16,29,7,0,0,0,0,37,1041,878,105,12,722,68,482,757,7,2528,2036,1,321,432,6,3,316,441,2,3,2461,762
2012,69,5,1,887,1053,72,14,5,20,3,1,7,928,1028,55,14,1,13,0,879,1011,54,10,1,11,6,5,1,0,0,4,74,885,1005,72,0,0,0,0,20,13,885,983,70,19,0,0,4,3,899,976,62,0,0,0,838,909,140,21,5,5,1,1,9,6,2,9,4,4,9,3,2,3,774,863,183,18,3,5,5,1,1,12,8,4,29,10,3,11,1,23,761,855,57,8,2,1,103,102,3,1,1,2,124,1281,733,26,0,0,0,0,2,4,9,1190,720,24,0,0,0,0,13,28,6,0,0,0,0,70,981,994,69,19,854,93,462,639,15,2575,2064,1,356,468,4,1,344,482,2,1,2436,829
2012,69,6,1,766,726,62,4,4,12,0,4,4,772,720,56,5,3,10,1,754,707,52,3,2,8,2,18,4,1,1,0,31,731,729,73,0,0,0,0,6,9,724,712,68,7,0,0,0,0,746,704,73,0,0,0,699,649,118,16,3,8,0,0,6,1,5,8,2,4,3,1,3,0,639,613,162,4,1,11,6,0,0,9,4,1,33,6,1,1,1,17,631,602,61,0,1,4,75,81,6,0,0,0,107,984,556,32,0,0,0,0,0,3,1,928,542,31,0,0,0,0,15,29,5,0,0,0,0,29,684,831,56,12,672,82,368,453,8,2039,1583,1,261,384,2,3,259,385,3,3,2007,650
2012,69,7,1,597,510,28,6,2,6,0,5,6,610,503,20,6,2,5,0,590,495,20,3,2,5,1,4,2,3,0,0,24,576,502,32,0,0,0,0,11,10,575,498,26,12,0,0,0,0,580,491,27,0,0,0,549,458,60,9,5,3,1,0,2,6,0,1,3,4,6,2,2,0,524,438,83,5,4,2,4,0,0,7,1,1,28,2,0,3,0,11,517,427,22,3,3,1,52,49,0,3,0,0,63,764,376,11,0,0,0,0,1,5,1,708,368,11,0,0,0,0,18,18,1,0,0,0,0,30,497,598,58,7,516,40,212,386,6,1415,1160,1,254,206,3,0,250,208,3,2,1381,463
2012,69,8,1,828,830,94,9,4,23,2,3,8,847,824,83,10,4,16,1,818,811,82,7,3,14,5,6,7,1,1,3,35,803,828,100,0,0,0,0,11,12,793,819,92,18,0,0,2,1,821,800,97,0,0,0,756,743,158,17,2,10,1,0,7,6,4,8,7,5,1,3,10,2,689,688,204,13,2,9,10,0,2,15,2,4,30,9,3,4,2,25,680,675,80,4,1,2,91,110,7,3,1,1,126,1137,609,43,0,0,0,0,0,3,6,1045,597,36,0,0,0,0,21,24,17,0,0,0,0,56,778,943,73,11,746,145,385,507,22,2176,1805,1,359,491,5,4,349,501,5,4,2135,859
2012,69,9,1,559,872,42,12,4,20,1,4,6,581,851,42,10,3,14,0,552,842,38,8,3,14,7,11,6,1,0,3,27,531,861,52,0,0,0,1,15,8,530,848,50,7,0,0,1,1,540,839,52,0,0,0,515,778,100,13,1,11,0,0,7,2,0,9,3,3,3,2,2,3,480,729,149,7,0,7,7,0,1,12,0,1,21,13,0,3,0,19,474,715,33,1,0,1,47,99,12,4,0,4,105,852,633,26,0,0,0,0,1,4,7,785,621,24,0,0,0,0,8,18,7,0,0,0,0,43,819,622,70,10,467,84,348,609,13,1927,1522,1,180,368,3,2,168,383,0,2,1866,553
2012,69,77,1,112,161,3,0,0,1,0,7,1,112,157,3,1,0,1,0,110,156,2,0,0,1,0,1,1,0,0,0,6,106,156,2,0,0,0,0,7,2,107,156,3,1,0,0,0,0,109,153,2,0,0,0,105,147,5,2,2,1,0,0,0,1,1,0,0,1,1,1,0,0,96,148,5,2,2,1,0,0,0,1,0,1,12,1,0,0,0,2,95,145,1,0,0,1,11,8,1,0,0,0,12,123,146,3,0,0,0,0,0,8,1,115,145,3,0,0,0,0,1,4,0,0,0,0,0,5,164,103,16,0,91,6,75,111,0,0,285,1,6,25,7,1,0,31,7,1,0,39
2012,69,78,1,27,35,2,0,0,0,0,0,1,27,35,2,0,0,0,0,25,35,2,0,0,0,0,0,0,0,0,0,2,1,2,0,0,0,0,0,0,3,2,2,0,0,0,0,0,0,2,2,0,0,0,0,1,2,0,0,0,0,0,0,0,0,0,0,0,0,0,0,0,0,1,2,1,0,0,0,0,0,0,0,0,0,0,0,0,0,0,0,1,2,0,0,0,0,0,0,0,0,0,0,2,1,2,0,0,0,0,0,0,0,5,1,2,0,0,0,0,0,0,0,0,0,0,0,0,0,36,27,2,0,26,5,18,16,0,0,65,1,10,3,0,0,9,4,0,0,0,13
2012,69,79,1,0,0,0,0,0,0,0,0,0,0,0,0,0,0,0,0,0,0,0,0,0,0,0,0,0,0,0,0,0,0,0,0,0,0,0,0,0,1,0,0,0,0,0,0,0,0,0,0,0,0,0,0,0,0,0,0,0,0,0,0,0,0,0,0,0,0,0,0,0,0,0,0,0,0,0,0,0,0,0,0,0,0,0,0,0,0,0,0,0,0,0,0,0,0,0,0,0,0,0,0,1,0,0,0,0,0,0,0,0,0,0,0,0,0,0,0,0,0,0,0,0,0,0,0,0,0,0,0,0,0,0,0,0,0,0,0,0,,,,,,,,,,,
2012,69,80,1,2,0,0,0,0,0,0,0,0,2,0,0,0,0,0,0,2,0,0,0,0,0,0,0,0,0,0,0,0,0,3,0,0,0,0,0,0,0,0,3,0,0,0,0,0,0,0,3,0,0,0,0,0,3,0,0,0,0,0,0,0,0,0,0,0,0,0,0,0,0,0,3,0,0,0,0,0,0,0,0,0,0,0,0,0,0,0,0,0,3,0,0,0,0,0,0,0,0,0,0,0,0,0,0,0,0,0,0,0,0,0,0,0,0,0,0,0,0,0,0,0,0,0,0,0,0,0,0,0,0,0,0,0,0,0,0,2,,,,,,,,,,,
2012,70,1,1,1303,1204,52,7,3,16,0,2,5,1330,1187,42,8,2,12,0,1293,1171,41,5,2,11,6,7,6,2,0,3,40,1305,1218,43,0,0,0,0,3,11,1323,1173,46,9,0,0,0,0,1310,1170,41,0,0,0,1247,1114,81,15,4,5,0,0,6,4,26,7,11,0,2,2,5,14,1236,1076,132,5,2,6,2,0,3,4,3,9,1,3,3,13,24,1,1205,1057,29,0,1,3,96,94,7,4,0,2,83,1519,1018,30,0,12,0,0,0,4,6,1461,992,26,0,1,7,0,21,25,4,0,0,2,0,46,1165,1337,79,13,1234,69,541,740,10,3141,2595,1,394,470,5,9,395,472,4,7,2976,878
2012,70,2,1,852,1113,25,4,5,6,0,1,1,864,1097,20,3,2,4,0,846,1095,22,3,4,5,3,5,3,0,0,0,20,866,1086,27,0,0,0,1,3,1,857,1082,28,2,0,0,1,0,852,1081,29,0,0,0,814,1048,61,5,5,2,0,0,1,8,16,4,2,1,1,4,8,10,781,1004,94,2,6,3,11,0,2,4,3,6,0,8,2,13,16,2,771,985,24,2,4,1,72,82,1,0,1,0,61,962,1016,17,0,1,0,0,0,2,6,934,992,17,0,0,1,0,9,16,4,0,0,0,0,27,1076,868,56,8,780,37,423,755,13,2481,2008,1,309,461,5,3,311,460,3,1,2385,777
2012,70,3,1,434,204,11,0,1,4,0,0,0,444,197,8,2,1,3,0,432,196,8,0,1,3,1,1,1,0,0,1,11,426,205,7,0,0,0,0,3,1,428,194,7,0,0,0,0,0,419,195,5,0,0,0,407,188,10,1,0,2,0,0,0,3,15,4,2,1,0,1,0,0,404,183,17,0,0,2,4,0,3,0,2,3,0,0,0,1,13,0,391,174,5,0,0,2,26,11,2,0,0,0,36,474,167,6,0,4,0,0,1,2,1,460,166,5,0,0,2,0,1,4,2,0,0,1,0,10,228,397,28,2,380,10,99,162,4,793,655,1,155,84,0,0,150,89,0,0,751,239
2012,70,4,1,1645,1180,30,1,2,15,1,1,2,1659,1162,26,3,2,9,0,1637,1159,27,1,2,9,3,6,2,1,0,1,26,1635,1177,35,0,0,0,0,3,3,1629,1162,36,2,0,0,1,0,1626,1163,35,0,0,0,1567,1114,69,4,2,13,1,0,2,13,27,5,4,2,8,0,1,8,1531,1090,109,3,1,4,5,0,1,6,5,13,1,6,2,17,32,1,1507,1065,25,0,1,3,103,85,3,1,0,1,77,1804,1024,19,0,10,0,0,1,7,8,1751,1017,16,1,0,6,0,23,11,4,0,0,0,0,33,1172,1610,86,9,1500,59,522,786,10,3526,2877,1,591,422,3,3,594,415,6,4,3402,1019
2012,70,5,1,235,524,6,0,1,0,0,0,1,238,521,5,2,1,0,0,235,518,5,0,1,0,1,0,0,0,0,0,6,234,518,8,0,0,0,0,1,1,236,514,7,1,0,0,0,0,234,513,7,0,0,0,226,500,18,1,0,0,0,0,0,6,4,1,0,0,0,0,1,1,218,487,25,1,0,0,2,0,5,1,0,2,0,3,0,5,4,0,213,484,5,1,0,0,21,27,1,0,0,0,13,284,475,3,0,0,0,0,0,2,2,271,472,3,0,0,0,0,3,4,0,0,0,0,0,10,483,256,25,3,234,14,250,257,12,916,767,1,115,218,3,1,104,227,5,1,892,337
2012,70,6,1,303,111,11,0,0,1,0,1,0,303,111,11,0,0,1,0,302,111,11,0,0,1,0,0,0,0,0,0,1,301,110,13,0,0,0,1,1,0,299,110,12,0,0,0,1,0,298,111,12,0,0,0,288,108,13,0,0,1,1,0,0,0,7,2,0,0,0,0,0,0,287,107,17,0,0,0,3,0,0,0,0,0,0,0,0,1,6,0,283,107,10,0,0,0,14,2,1,0,0,0,9,318,99,7,0,1,0,0,0,1,1,314,97,7,0,0,1,0,1,3,0,0,0,0,0,2,108,311,8,0,289,10,44,84,0,487,427,1,109,46,1,0,110,46,0,0,470,156
2012,70,7,1,437,306,32,0,0,4,0,3,0,437,303,30,1,0,3,0,434,302,30,0,0,3,1,1,0,0,0,0,9,442,297,32,0,0,0,0,4,3,440,297,31,0,0,0,0,0,440,294,31,0,0,0,426,280,42,0,0,1,0,0,0,3,7,1,4,0,0,0,0,2,413,275,53,0,0,0,2,1,1,0,0,3,0,0,0,3,5,1,411,272,30,0,0,0,29,19,0,0,0,0,15,472,279,24,0,1,0,0,0,4,2,462,271,24,0,0,1,0,5,6,1,0,0,0,0,7,312,446,23,2,387,24,190,177,5,1024,783,1,187,156,3,1,182,162,3,0,1002,347
2012,70,8,1,306,290,20,1,4,7,0,2,1,308,291,18,0,3,3,1,305,287,16,0,3,2,0,0,2,1,0,2,9,305,284,25,0,0,0,0,3,4,304,284,24,1,0,0,1,1,302,280,24,0,0,0,292,257,36,5,2,2,0,0,0,2,6,1,2,1,0,0,0,4,285,251,48,3,3,1,5,0,1,1,0,5,0,0,0,5,2,1,280,247,19,0,2,0,21,31,4,0,1,2,16,328,276,15,0,4,0,0,0,2,4,317,270,11,0,0,2,0,8,5,1,0,0,2,0,8,289,332,8,1,294,33,170,129,4,738,632,1,131,168,2,0,132,169,0,0,726,301
2012,70,9,1,243,178,2,1,2,0,0,0,2,244,176,2,1,1,0,0,241,176,2,1,2,0,0,1,0,0,0,0,3,251,170,2,0,0,0,0,1,0,250,170,2,2,0,0,0,0,250,169,2,0,0,0,245,166,5,2,1,0,0,0,0,0,3,0,0,0,0,0,0,1,241,161,10,0,1,0,0,0,0,0,0,1,0,0,0,2,3,0,240,160,2,1,1,0,10,8,0,1,0,0,5,252,169,5,0,0,0,0,0,2,1,244,169,5,0,0,0,0,3,1,1,0,0,0,0,3,174,231,22,2,222,2,89,113,3,551,428,1,97,70,1,4,93,76,2,0,544,171
2012,70,10,1,332,535,20,4,1,2,1,2,1,338,530,19,5,1,2,0,331,526,19,4,1,1,0,1,0,0,0,0,13,329,532,24,0,0,0,0,3,2,333,529,24,3,0,0,0,1,326,523,26,0,0,0,308,512,37,4,0,5,0,0,1,4,10,2,2,1,0,0,1,4,295,483,59,2,1,0,4,0,3,0,0,14,1,2,1,7,7,0,285,478,22,2,0,0,38,39,2,1,0,1,26,365,506,18,0,2,0,0,0,0,4,340,492,14,1,1,0,0,16,8,3,0,0,0,0,20,525,352,20,2,303,26,252,316,2,1111,899,1,125,279,2,0,115,287,3,1,1090,406
2012,70,11,1,726,833,33,5,0,8,1,2,5,740,819,31,4,1,8,0,723,817,30,4,0,8,1,6,4,0,1,0,14,735,821,36,0,0,0,0,2,4,734,812,37,5,0,0,0,0,732,813,39,0,0,0,699,788,58,11,0,3,0,0,1,2,14,3,2,1,1,0,0,5,672,764,90,2,1,4,11,0,1,1,0,6,0,5,0,12,18,2,664,757,32,1,0,2,63,51,6,0,0,0,33,806,760,33,0,6,0,0,1,2,2,780,752,27,0,0,4,0,8,12,4,0,0,0,0,24,771,772,64,8,684,57,451,417,6,1993,1615,1,297,335,5,1,286,343,7,2,1965,638
2012,70,77,1,111,106,6,0,1,0,0,4,0,111,105,6,0,1,0,0,109,105,6,0,1,0,0,0,0,0,0,0,3,110,103,5,0,0,0,0,4,0,110,103,5,0,0,0,0,0,110,103,5,0,0,0,107,98,7,2,0,0,0,0,0,0,2,0,1,1,0,1,0,0,106,96,10,0,0,0,0,0,1,0,0,0,0,2,0,0,3,0,105,95,5,0,0,0,3,6,0,0,0,0,8,124,88,5,0,0,0,0,0,5,0,118,88,5,0,0,0,0,0,4,0,0,0,0,0,3,108,114,6,0,102,6,36,83,1,0,228,1,12,28,4,0,4,35,5,0,0,44
2012,70,78,1,26,20,1,1,0,0,0,0,0,27,19,1,1,0,0,0,26,19,1,1,0,0,0,0,0,0,0,0,1,12,9,0,0,0,0,0,0,0,16,10,0,1,0,0,0,0,16,10,0,0,0,0,15,10,0,1,0,0,0,0,0,0,1,0,0,0,0,0,0,0,15,10,0,1,0,0,0,0,0,0,0,0,0,0,0,0,1,0,11,9,0,1,0,0,0,1,0,0,0,0,5,15,8,0,0,0,0,0,0,0,0,15,8,0,1,0,0,0,0,0,0,0,0,0,0,0,17,27,3,1,25,2,13,7,1,0,48,1,7,15,1,0,5,18,0,0,0,23
2012,70,79,1,0,0,0,0,0,0,0,0,0,0,0,0,0,0,0,0,0,0,0,0,0,0,0,0,0,0,0,0,0,0,1,0,0,0,0,0,0,0,0,1,0,0,0,0,0,0,0,1,0,0,0,0,0,1,0,0,0,0,0,0,0,0,0,0,0,0,0,0,0,0,0,1,0,0,0,0,0,0,0,0,0,0,0,0,0,0,0,0,0,1,0,0,0,0,0,0,0,0,0,0,0,0,0,0,0,0,0,0,0,0,0,0,0,0,0,0,0,0,0,0,0,0,0,0,0,0,0,0,0,0,0,0,0,0,0,0,0,,,,,,,,,,,
2012,71,1,1,1143,575,36,8,3,20,1,2,4,1163,564,31,7,2,14,0,1134,558,30,5,2,14,1,5,4,0,0,1,34,1151,547,36,0,0,24,1,7,8,1111,559,37,11,0,0,3,3,1126,559,37,0,0,0,1064,518,65,14,2,26,0,1,1,4,22,6,3,1,2,1,1,2,1027,498,122,8,1,12,12,0,1,5,2,5,0,2,0,16,29,1,1022,481,33,3,1,8,79,57,0,3,0,6,88,1268,450,41,0,21,0,0,0,8,8,1237,444,38,1,0,16,0,5,11,6,0,0,3,0,17,594,1135,56,10,1010,60,235,476,14,2112,1794,1,451,269,1,2,452,267,2,2,2022,723
2012,71,2,1,774,561,39,6,6,3,0,1,1,786,556,35,5,2,3,0,771,551,34,5,2,3,4,5,3,0,1,0,10,792,534,34,0,0,6,0,6,3,773,550,31,8,0,0,0,0,780,537,33,0,0,0,736,509,63,7,2,4,1,0,0,6,15,0,3,1,2,1,1,3,702,466,93,5,2,2,7,0,0,5,0,20,0,0,0,15,32,0,697,454,29,5,2,2,67,79,3,0,0,0,44,865,483,29,0,3,0,0,1,3,6,837,468,24,1,0,2,0,10,22,3,1,0,0,0,14,548,804,32,7,710,48,222,407,4,1648,1381,1,321,217,1,3,318,221,2,1,1544,542
2012,71,77,1,13,6,0,0,0,0,0,3,0,13,6,0,0,0,0,0,13,6,0,0,0,0,0,0,0,0,0,0,0,13,5,0,0,0,0,0,3,0,13,6,0,0,0,0,0,0,13,5,0,0,0,0,13,5,0,0,0,0,0,0,0,0,0,0,0,0,0,0,0,0,13,5,0,0,0,0,0,0,0,0,0,0,0,0,0,0,0,0,13,5,0,0,0,0,0,0,0,0,0,0,1,14,5,0,0,0,0,0,0,3,0,14,5,0,0,0,0,0,0,0,0,0,0,0,0,0,8,13,1,0,12,0,3,7,0,0,22,1,1,1,1,0,1,1,1,0,0,3
2012,71,78,1,4,2,0,0,0,0,0,0,0,4,2,0,0,0,0,0,4,2,0,0,0,0,0,0,0,0,0,0,0,1,1,0,0,0,0,0,0,1,1,1,0,0,0,0,0,0,1,1,0,0,0,0,1,1,0,0,0,0,0,0,0,0,0,0,0,0,0,0,0,0,1,1,0,0,0,0,0,0,0,0,0,0,0,0,0,0,0,0,1,1,0,0,0,0,0,0,0,0,0,0,0,1,1,0,0,0,0,0,0,0,1,1,1,0,0,0,0,0,0,0,0,0,0,0,0,0,4,2,0,0,2,0,2,2,0,0,6,1,2,1,0,0,1,2,0,0,0,3
2012,72,1,1,164,101,0,0,0,1,0,0,1,166,99,0,0,0,1,0,164,99,0,0,0,1,0,2,0,0,0,0,0,163,101,0,0,0,0,0,0,1,163,101,0,0,0,0,0,0,162,101,0,0,0,0,161,100,1,0,0,0,0,0,0,0,2,0,0,1,0,0,0,0,160,98,3,0,0,0,0,0,0,0,0,0,0,0,0,1,3,0,159,97,0,0,0,0,3,3,0,0,0,0,4,153,112,0,0,0,0,0,0,1,1,153,108,0,0,0,0,0,4,0,0,0,0,0,0,0,100,158,8,1,149,3,42,66,7,333,267,1,61,49,1,1,57,53,1,1,317,112
2012,72,2,1,471,283,6,0,2,3,0,0,4,478,274,7,0,1,2,0,470,273,6,0,1,2,2,2,1,0,0,0,8,472,270,9,0,0,2,0,4,5,464,267,9,1,0,0,0,0,468,266,11,0,0,0,442,258,15,1,2,2,0,0,0,2,10,2,6,3,1,3,1,0,430,257,28,1,1,2,1,0,0,0,0,1,0,2,0,2,15,1,426,250,9,1,1,2,38,10,0,0,0,0,23,443,318,4,0,0,0,0,0,2,1,437,308,3,0,0,0,0,7,3,1,0,0,0,0,7,283,446,33,7,429,9,124,200,7,966,769,1,173,146,1,0,171,148,0,1,958,320
2012,72,3,1,524,427,28,0,1,4,0,0,3,534,418,27,0,1,5,0,517,414,26,0,1,2,1,2,1,0,0,1,22,510,426,34,0,0,2,0,3,3,504,431,33,2,0,0,0,0,497,425,34,0,0,0,457,404,54,3,1,1,0,0,1,4,22,3,2,4,2,0,2,0,438,402,76,2,1,1,4,0,1,1,0,5,1,0,2,2,26,0,431,392,31,2,1,0,58,23,2,0,0,0,45,453,510,20,0,0,0,0,0,2,5,447,489,19,0,0,0,0,7,9,0,0,0,0,0,12,387,559,41,3,486,37,180,287,0,1205,990,1,213,210,2,2,211,213,1,2,1154,427
2012,72,4,1,692,459,13,5,2,4,0,3,4,705,446,12,6,2,2,0,689,445,11,4,2,2,3,4,0,0,0,0,16,679,450,18,0,0,5,0,12,4,665,453,22,8,0,0,0,0,657,447,19,0,0,0,623,418,42,7,2,1,0,0,2,9,26,3,7,2,0,1,0,1,608,423,68,2,0,3,3,0,1,1,3,0,1,3,2,1,18,1,601,409,17,1,0,1,46,29,0,2,0,0,62,613,560,5,0,0,0,0,0,4,3,606,542,5,0,0,0,0,6,11,0,0,0,0,0,8,434,690,49,10,639,19,208,309,8,1572,1183,1,278,182,9,2,276,183,6,6,1539,471
2012,72,5,1,1147,1109,43,11,3,11,4,3,5,1167,1099,36,14,2,7,1,1134,1083,33,9,1,6,4,10,7,2,3,0,38,1147,1073,49,0,0,16,1,10,7,1107,1087,45,16,0,0,1,5,1109,1086,53,0,0,0,1036,1004,101,19,3,8,0,0,4,15,38,7,10,8,2,5,5,5,990,1020,154,12,1,10,7,0,2,2,1,3,2,2,6,15,34,1,978,969,36,2,0,5,107,91,7,2,1,2,120,1003,1302,22,0,0,0,0,1,0,6,969,1245,21,0,0,0,0,29,26,4,0,0,0,0,34,1015,1259,51,13,1079,72,532,646,9,2902,2337,1,516,576,4,5,532,563,2,4,2785,1101
2012,72,6,1,1133,881,29,5,3,10,1,1,4,1145,864,27,6,4,11,0,1123,861,24,4,2,9,4,8,3,0,0,1,25,1118,873,36,0,0,10,1,8,8,1102,877,37,9,0,0,0,2,1095,868,39,0,0,0,1023,818,72,11,1,6,0,1,4,8,47,11,10,6,1,6,1,3,994,824,97,9,1,8,10,0,3,0,2,3,3,2,0,6,46,1,981,796,29,2,1,4,105,56,6,2,0,1,71,1020,1017,22,0,0,0,0,0,4,6,997,979,18,0,0,0,0,13,14,2,0,0,0,0,36,852,1151,57,9,992,50,401,610,16,2550,2069,1,446,400,3,3,451,395,3,3,2458,852
2012,72,7,1,887,884,21,5,6,13,0,2,2,903,875,20,5,5,7,0,882,865,15,3,5,6,3,6,6,2,0,5,20,878,866,27,0,0,8,0,8,4,866,858,30,9,0,0,2,2,854,848,36,0,0,0,794,794,64,14,2,3,2,0,4,10,32,5,22,5,3,3,1,2,781,788,97,10,1,3,4,0,0,2,0,2,2,2,5,7,45,2,757,767,22,2,1,1,87,64,2,1,0,1,105,809,988,11,0,0,0,0,1,4,2,794,957,10,0,0,0,0,6,12,8,0,0,0,0,29,831,917,64,10,824,44,399,547,8,2246,1822,1,393,364,2,0,395,360,3,1,2163,759
2012,72,8,1,1286,1138,31,2,4,3,1,4,10,1306,1126,26,1,0,2,0,1274,1115,26,1,0,2,3,7,3,0,0,0,36,1285,1112,29,0,0,3,0,15,6,1242,1130,32,5,0,0,0,0,1232,1125,34,0,0,0,1162,1058,68,9,1,5,0,0,13,15,35,6,10,10,2,5,4,1,1133,1072,118,9,1,1,6,0,2,2,4,5,2,2,3,1,33,3,1118,1025,27,1,2,1,92,75,2,1,0,0,117,1099,1349,14,0,0,0,0,0,8,5,1082,1310,14,0,0,0,0,11,9,2,0,0,0,0,41,1107,1266,90,19,1156,57,505,754,10,3110,2482,1,532,465,10,4,533,470,1,7,3012,1011
2012,72,9,1,489,543,27,7,3,7,0,3,1,498,536,25,5,2,6,0,483,534,24,4,2,3,2,4,0,0,1,0,17,479,543,29,0,0,11,0,1,3,472,546,30,5,0,0,0,0,467,545,31,0,0,0,433,518,50,3,0,7,0,0,5,7,20,1,4,2,1,0,0,0,422,516,81,2,1,4,2,0,1,0,1,1,0,1,1,1,16,1,419,500,26,1,0,4,46,38,0,0,0,2,40,427,630,19,0,0,0,0,0,3,0,417,611,17,0,0,0,0,4,3,3,0,0,0,0,22,504,535,37,4,450,38,224,356,12,1294,1080,1,195,230,1,0,193,231,1,1,1246,426
2012,72,10,1,736,832,25,4,3,16,0,1,6,744,827,19,9,2,13,0,733,823,19,4,2,13,0,5,13,0,0,1,14,718,845,26,0,0,15,0,4,7,706,844,33,10,0,0,2,0,693,841,34,0,0,0,665,794,57,11,1,6,1,1,3,6,27,1,7,10,1,0,1,2,647,760,82,10,1,4,9,0,0,1,1,4,0,2,2,4,20,4,634,772,24,3,1,2,57,61,3,0,0,4,52,646,951,14,0,0,0,0,2,5,1,637,915,13,0,0,0,0,13,15,3,0,0,0,0,23,809,758,50,8,681,42,467,430,5,1999,1625,1,318,355,0,4,302,371,2,2,1965,677
2012,72,11,1,451,703,8,2,0,2,0,1,6,461,695,7,2,0,1,0,448,692,6,2,0,1,0,6,1,0,0,0,10,460,689,8,0,0,0,0,3,4,445,698,8,2,0,0,1,0,446,696,9,0,0,0,425,675,22,3,0,0,0,0,1,7,8,2,0,1,0,2,0,1,418,678,37,2,0,0,0,0,1,0,0,0,0,2,0,2,5,0,413,662,8,2,0,0,31,28,1,0,0,0,20,432,734,3,0,0,0,0,0,3,4,421,722,3,0,0,0,0,6,5,1,0,0,0,0,9,656,450,65,2,417,21,248,479,8,1381,1174,1,163,228,1,2,149,242,0,3,1360,394
2012,72,12,1,584,370,12,1,2,3,0,0,2,592,364,9,1,1,2,0,580,361,8,0,1,2,0,5,0,0,0,0,15,571,381,8,0,0,3,0,0,3,562,372,12,3,0,0,2,0,560,373,14,0,0,0,526,357,21,5,0,2,0,0,6,2,20,3,2,3,1,3,0,1,510,348,40,3,0,2,5,0,1,1,2,4,0,0,3,4,21,2,503,336,8,1,0,1,50,28,0,0,0,1,43,507,448,9,0,0,0,0,1,1,7,502,430,6,0,0,0,0,6,6,1,0,0,0,0,15,365,568,36,5,544,19,154,252,5,1165,974,1,237,157,1,2,238,154,4,1,1145,397
2012,72,13,1,416,367,10,1,0,2,0,1,2,418,361,11,1,0,2,0,414,359,10,1,0,2,0,4,0,0,0,0,7,410,365,14,0,0,1,1,4,2,395,354,16,0,0,0,0,0,394,362,15,0,0,0,387,339,26,1,0,1,0,0,1,5,6,0,3,3,0,4,0,0,380,324,38,2,0,1,3,0,0,0,0,4,0,3,0,0,11,2,376,314,10,0,0,1,19,37,3,0,0,0,34,386,392,6,0,0,0,0,0,2,3,383,388,5,0,0,0,0,5,2,0,0,0,0,0,12,348,409,37,6,368,15,135,264,18,984,800,1,154,159,2,2,160,152,5,0,951,317
2012,72,14,1,388,507,15,1,3,3,0,2,3,397,501,13,1,3,2,0,388,500,13,1,3,2,1,1,2,0,0,0,7,390,502,15,0,0,3,0,3,3,379,508,15,2,0,0,1,0,377,510,14,0,0,0,364,499,23,1,2,1,0,0,1,1,8,5,0,3,0,0,2,0,360,493,37,1,2,0,1,0,0,1,2,1,0,0,1,0,8,0,356,483,12,1,2,0,19,20,0,0,0,0,24,374,531,10,0,0,0,0,0,4,3,370,527,9,0,0,0,0,2,1,1,0,0,0,0,6,484,408,29,2,360,20,199,339,5,1142,923,1,127,202,1,1,132,197,1,1,1073,331
2012,72,15,1,897,973,41,4,10,7,1,7,2,908,963,34,6,8,7,0,888,954,33,3,8,7,4,7,0,1,0,0,29,889,974,36,0,0,8,0,8,3,859,980,39,5,0,0,3,0,850,967,37,0,0,0,795,926,79,7,6,5,0,0,1,4,30,5,5,4,1,4,5,0,758,902,134,6,5,2,7,0,2,2,1,4,2,2,2,4,39,2,749,881,32,0,2,2,195,76,2,0,2,2,89,813,1090,28,0,0,0,0,0,6,2,802,1055,27,0,0,0,0,11,11,1,0,0,0,0,28,915,939,79,9,819,50,456,609,8,2380,1943,1,328,423,9,5,328,425,6,6,2332,765
2012,72,16,1,184,317,9,0,0,2,0,2,1,189,317,2,2,0,2,0,183,313,2,0,0,1,1,2,2,0,0,2,6,179,320,6,0,0,3,0,2,2,175,322,8,1,0,0,0,0,175,320,7,0,0,0,170,313,17,2,2,3,0,0,1,2,5,0,0,0,0,0,0,1,155,312,25,0,1,1,0,0,0,0,0,0,0,0,0,5,7,0,152,309,6,0,1,1,17,6,1,0,0,1,17,163,345,3,0,0,0,0,0,2,2,159,343,3,0,0,0,0,1,3,0,0,0,0,0,2,305,182,23,5,164,13,114,216,8,602,515,1,60,114,3,1,57,118,3,0,580,178
2012,72,77,1,132,80,0,1,1,1,0,1,0,132,81,0,1,1,0,0,131,80,0,0,1,0,1,0,0,0,0,0,3,137,76,2,0,0,1,0,2,0,133,80,1,0,0,0,0,0,134,79,1,0,0,0,127,79,2,0,1,0,0,0,0,0,3,0,0,0,1,0,1,0,125,80,4,0,0,0,0,0,0,0,0,0,0,0,0,0,4,0,124,76,1,0,0,0,8,3,0,0,0,0,5,139,76,0,0,0,0,0,0,2,0,137,75,0,0,0,0,0,3,0,0,0,0,0,0,3,91,119,7,0,123,6,29,58,1,0,217,1,15,30,0,0,6,39,0,0,0,45
2012,72,78,1,44,37,0,0,0,0,0,0,0,42,37,0,0,0,0,0,42,36,0,0,0,0,0,0,0,0,0,0,3,11,11,0,0,0,0,0,0,6,12,11,0,0,0,0,0,0,12,11,0,0,0,0,11,11,0,0,0,0,0,0,0,0,0,0,1,0,0,0,0,0,11,10,0,0,0,0,0,0,0,0,0,0,0,0,0,1,1,0,11,10,0,0,0,0,0,1,0,0,0,0,1,10,12,0,0,0,0,0,0,0,7,10,12,0,0,0,0,0,0,0,0,0,0,0,0,0,43,32,6,0,34,6,24,17,0,0,81,1,14,19,0,0,10,23,0,0,0,33
2012,72,79,1,0,0,0,0,0,0,0,0,0,0,0,0,0,0,0,0,0,0,0,0,0,0,0,0,0,0,0,0,0,0,0,0,0,0,1,0,0,2,1,0,0,0,0,0,0,0,1,0,0,0,0,0,1,0,0,0,0,0,0,0,0,0,0,0,0,0,0,0,0,0,1,0,0,0,0,0,0,0,0,0,0,0,0,0,0,0,0,0,0,0,0,0,0,0,1,0,0,0,0,0,0,0,0,0,0,0,0,0,0,0,0,0,0,0,0,0,0,0,0,0,0,0,0,0,0,0,0,0,0,0,0,0,0,0,0,0,0,,,,,,,,,,,
2012,73,1,1,485,424,12,4,2,2,1,1,1,487,419,12,4,2,2,1,484,418,11,4,2,2,1,1,1,0,0,0,7,506,395,14,0,0,3,0,4,2,490,399,14,5,0,0,0,0,488,399,14,0,0,0,478,376,29,6,2,2,0,0,0,2,1,0,0,1,0,5,6,0,470,364,44,6,2,2,3,0,0,0,7,0,0,6,0,2,1,0,463,360,12,4,1,2,27,36,1,1,1,0,19,535,383,13,0,0,0,0,0,1,0,521,380,11,0,0,0,0,3,6,3,0,0,0,0,8,418,489,18,8,432,23,231,241,6,1134,933,1,194,255,3,1,198,252,2,1,1110,453
2012,73,2,1,556,535,30,2,2,6,1,1,1,566,524,29,1,2,6,0,549,520,28,0,2,5,1,3,1,1,0,1,21,584,511,29,0,0,4,0,1,0,561,515,31,1,0,0,0,0,559,511,31,0,0,0,541,490,50,5,1,2,0,0,1,2,1,1,3,1,1,1,7,1,526,490,67,1,0,4,2,0,0,1,11,0,1,0,0,1,1,1,517,465,27,0,0,2,38,40,2,0,0,1,41,617,490,22,0,0,0,0,0,2,1,604,481,21,0,0,0,0,8,3,2,0,0,0,0,12,509,585,38,2,497,43,283,311,0,1376,1134,1,212,296,5,1,217,295,1,1,1332,514
2012,73,3,1,858,1341,58,17,2,13,0,7,5,877,1327,51,19,5,9,0,848,1317,48,14,1,7,1,10,8,1,0,2,32,897,1296,63,0,0,9,0,10,7,856,1307,58,17,0,0,0,1,858,1306,61,0,0,0,816,1256,77,21,3,5,1,0,1,3,2,5,1,8,2,4,22,3,800,1251,118,17,3,0,3,0,0,0,22,6,1,3,0,6,1,2,794,1213,51,1,1,0,47,70,5,7,1,2,94,985,1273,37,0,0,0,0,0,4,2,956,1250,37,0,0,0,0,4,14,7,4,0,0,0,28,1254,962,70,16,779,81,666,764,12,2755,2302,1,334,605,6,7,328,613,9,2,2616,952
2012,73,4,1,472,359,14,3,1,5,1,1,2,476,358,12,5,1,2,0,471,354,10,2,1,3,1,0,1,0,0,2,8,486,343,15,0,0,1,0,1,2,476,347,15,4,0,0,0,0,476,347,18,0,0,0,458,327,28,5,1,2,0,0,0,4,0,3,1,4,0,1,8,0,454,332,41,4,1,1,3,0,0,0,7,0,1,0,0,5,0,0,444,317,13,3,1,0,28,19,1,0,0,1,29,508,336,9,0,0,0,0,0,2,0,499,336,10,0,0,0,0,2,3,1,0,0,0,0,5,336,495,27,1,445,14,167,230,3,1032,858,1,204,190,0,1,205,187,3,0,970,395
2012,73,5,1,645,867,18,2,1,5,0,1,1,659,851,16,3,1,5,0,642,850,15,2,1,5,3,4,1,0,0,1,15,669,837,17,0,0,4,1,5,1,657,832,18,5,0,0,0,0,654,836,17,0,0,0,634,812,28,5,0,7,0,0,0,8,1,2,1,4,1,2,11,0,617,814,49,4,0,2,2,0,1,0,13,1,0,0,0,3,0,2,604,794,16,3,0,2,46,31,0,2,0,2,34,708,814,12,0,0,0,0,0,1,4,689,807,11,0,0,0,0,12,3,2,0,0,0,0,11,842,647,44,7,585,29,468,449,9,1774,1540,1,286,408,7,0,289,407,5,0,1696,701
2012,73,6,1,1137,1320,34,6,11,11,2,2,5,1168,1297,32,6,8,6,2,1132,1289,28,4,7,6,2,13,5,0,1,3,32,1188,1255,34,0,0,9,1,7,7,1132,1282,37,5,0,0,1,0,1140,1270,37,0,0,0,1089,1224,73,6,6,8,0,0,2,9,4,4,7,10,4,1,19,2,1031,1228,99,4,5,4,5,0,1,2,62,2,1,1,3,11,0,0,1026,1185,28,2,4,3,92,73,4,0,1,1,96,1287,1213,13,0,0,0,0,3,5,4,1262,1204,13,0,0,0,0,3,8,2,0,0,0,0,26,1288,1164,71,6,917,48,699,855,10,2924,2529,1,471,662,12,3,456,684,5,3,2777,1148
2012,73,7,1,503,855,31,10,2,13,0,0,6,520,848,25,8,1,11,0,501,837,24,7,1,10,1,5,2,1,0,2,23,535,814,40,0,0,14,0,0,4,492,855,31,7,0,0,1,0,502,838,32,0,0,0,456,788,69,15,1,7,0,0,4,3,0,11,5,10,2,1,18,2,444,776,104,9,1,6,3,0,1,0,15,6,0,0,0,14,1,4,437,739,24,1,1,4,46,78,5,2,0,2,77,584,813,19,0,0,0,0,0,1,2,571,799,19,0,0,0,0,2,4,3,0,0,0,0,19,785,592,35,8,465,66,444,438,7,1654,1420,1,215,457,4,1,217,457,2,1,1565,677
2012,73,8,1,529,667,21,8,2,11,0,1,6,556,648,17,14,1,6,0,527,647,16,7,2,6,3,9,1,1,0,0,22,557,649,20,0,0,6,1,1,3,535,653,18,11,0,0,0,0,535,646,19,0,0,0,505,613,41,10,1,6,0,0,3,6,0,5,1,4,3,3,14,0,488,607,68,6,0,5,0,0,1,1,14,7,0,0,1,13,1,3,486,588,15,4,0,2,37,45,0,4,0,3,60,587,642,13,0,0,0,0,0,2,4,574,632,13,0,0,0,0,3,5,2,0,0,0,0,13,631,578,36,3,512,42,349,336,9,1470,1248,1,224,324,3,1,233,318,0,1,1390,552
2012,73,9,1,996,1630,68,27,5,27,3,5,12,1012,1611,61,29,10,23,0,977,1597,59,22,2,19,10,6,5,6,0,9,45,1053,1581,61,0,0,20,2,13,12,966,1603,67,23,0,0,1,1,974,1592,71,0,0,0,924,1502,95,36,3,15,0,1,3,13,1,10,3,15,11,8,24,2,881,1512,152,23,0,13,11,0,2,3,34,11,2,4,2,12,0,7,869,1429,47,4,0,3,83,122,14,12,1,7,155,1184,1534,43,0,0,0,0,0,3,3,1136,1511,43,0,0,0,0,11,16,5,0,0,0,0,46,1519,1164,81,10,924,117,930,790,13,3256,2774,1,354,984,6,2,358,979,4,5,3093,1346
2012,73,10,1,480,571,11,5,2,0,1,3,1,489,565,9,3,3,0,0,478,562,9,3,2,0,2,5,0,0,0,0,7,536,515,11,0,0,1,0,2,2,491,543,12,8,0,0,0,0,493,535,12,0,0,0,470,507,21,14,0,4,0,0,0,7,1,1,2,1,1,2,8,1,454,521,36,6,0,0,1,0,0,0,20,2,2,1,0,2,0,1,450,488,8,2,0,0,31,39,3,2,0,0,47,551,515,8,0,0,0,0,0,1,0,531,510,6,0,0,0,0,2,7,1,0,0,0,0,14,540,499,29,6,441,26,300,301,6,1290,1074,1,189,325,1,3,191,326,0,1,1216,518
2012,73,11,1,767,425,20,4,3,2,2,5,6,777,420,12,3,2,2,0,762,415,12,2,2,2,2,5,2,0,0,0,17,818,381,14,0,0,0,0,5,7,775,397,15,3,0,0,0,0,777,398,15,0,0,0,752,375,33,2,3,0,0,0,0,2,5,2,0,4,4,3,9,0,736,372,57,3,0,0,3,0,2,0,14,1,0,0,1,8,1,1,734,353,12,2,0,0,31,37,1,0,0,0,51,816,404,8,0,0,0,0,0,3,3,800,392,7,0,0,0,0,4,5,0,0,0,0,0,17,437,747,44,6,711,22,212,282,7,1505,1234,1,258,228,5,0,290,197,4,0,1431,491
2012,73,12,1,944,754,29,5,3,4,0,0,3,953,750,21,4,2,6,0,939,742,21,4,2,4,7,3,0,0,1,1,16,991,711,18,0,0,2,0,7,3,937,738,21,4,0,0,0,0,937,732,23,0,0,0,899,700,38,8,1,3,0,1,1,5,1,5,1,12,2,0,18,1,888,705,64,5,1,2,2,1,1,3,23,1,0,0,0,1,0,4,877,669,17,4,0,1,52,54,4,0,1,1,52,1005,713,13,0,0,0,0,1,3,0,986,699,12,0,0,0,0,6,7,3,0,0,0,0,23,755,927,44,15,828,39,371,496,7,2086,1743,1,419,408,3,2,430,397,5,0,1978,832
2012,73,77,1,202,185,3,1,0,1,0,2,0,203,184,3,1,0,1,0,200,183,3,1,0,1,0,1,0,0,0,0,4,198,182,5,0,0,3,0,2,0,195,186,3,3,0,0,0,0,194,184,5,0,0,0,190,180,7,2,0,2,0,0,0,0,1,0,0,0,0,0,3,0,186,185,8,1,0,0,0,0,1,0,7,0,0,0,0,0,0,0,185,176,3,1,0,0,8,8,0,0,0,0,10,206,180,4,0,0,0,0,0,2,0,205,179,4,0,0,0,0,0,0,0,0,0,0,0,5,191,196,8,0,182,3,66,144,0,0,395,1,11,32,0,0,8,35,0,0,0,43
2012,73,78,1,28,27,0,0,0,0,0,0,0,27,26,0,0,0,0,0,27,26,0,0,0,0,0,0,0,0,0,0,2,6,5,0,0,0,0,0,0,0,6,5,0,0,0,0,0,0,6,5,0,0,0,0,6,6,0,0,0,0,0,0,0,0,0,0,0,0,0,0,0,0,6,6,0,0,0,0,0,0,0,0,0,0,0,0,0,0,0,0,6,4,0,0,0,0,0,0,0,0,0,0,2,6,4,0,0,0,0,0,0,0,0,6,4,0,0,0,0,0,0,0,0,0,0,0,0,0,26,27,2,0,21,2,12,20,0,0,55,1,14,18,1,0,7,25,1,0,0,33
2012,73,79,1,0,0,0,0,0,0,0,0,1,0,0,0,0,0,0,0,0,0,0,0,0,0,0,0,0,0,0,0,0,1,1,0,0,0,0,0,0,2,0,2,0,0,0,0,0,0,0,2,0,0,0,0,0,2,0,0,0,0,0,0,0,0,0,0,0,0,0,0,0,0,0,2,0,0,0,0,0,0,0,0,0,0,0,0,0,0,0,0,0,1,0,0,0,0,0,1,0,0,0,0,0,0,0,0,0,0,0,0,0,0,1,0,0,0,0,0,0,0,0,0,0,0,0,0,0,0,0,0,0,1,0,0,0,0,1,0,2,,,,,,,,,,,
2012,74,1,1,579,605,17,5,7,18,2,2,2,593,599,17,4,5,14,0,576,597,17,3,5,14,3,4,0,0,0,0,17,561,602,21,0,0,38,0,4,3,550,617,21,6,0,0,1,0,546,619,23,0,0,0,522,585,38,4,3,27,0,0,16,5,2,1,1,0,2,1,1,8,514,578,56,4,3,12,3,0,1,1,0,8,0,0,18,14,0,1,507,561,18,1,2,10,32,45,3,1,1,4,49,499,723,5,0,10,0,0,0,1,1,495,706,5,4,0,5,0,5,4,2,0,0,2,0,10,572,625,37,6,535,42,391,262,10,1550,1240,1,267,285,5,1,265,289,3,1,1466,558
2012,74,2,1,520,438,22,5,0,9,0,3,5,521,433,20,5,0,10,0,505,427,19,5,0,9,0,4,2,0,0,1,24,496,436,22,0,0,11,0,9,5,491,436,23,2,0,0,0,0,482,439,25,0,0,0,453,411,37,3,0,22,2,0,19,1,2,0,0,2,2,1,1,4,441,403,54,1,0,8,5,0,1,0,0,4,1,1,18,5,2,0,433,393,16,0,0,6,47,38,4,1,0,2,50,419,552,9,0,8,0,0,0,5,8,416,518,9,0,0,6,0,7,4,1,0,0,2,0,30,400,541,53,10,466,38,258,226,16,1309,1004,1,209,183,2,0,210,180,4,0,1247,394
2012,74,3,1,243,273,13,1,0,7,0,1,3,240,275,10,0,0,7,0,239,272,10,0,0,6,0,0,1,1,0,1,7,226,273,8,0,0,16,0,1,6,224,278,12,3,0,0,0,0,221,282,11,0,0,0,205,264,17,1,0,10,0,0,9,5,1,2,0,1,0,0,1,2,200,256,32,1,0,4,7,0,0,1,0,0,0,0,10,6,0,1,197,247,5,1,0,2,21,25,4,0,0,2,30,213,318,1,0,3,0,0,1,2,1,209,302,1,0,0,2,0,5,3,2,0,0,1,0,13,244,276,17,4,230,22,162,126,1,646,540,1,126,141,0,2,133,134,0,2,630,269
2012,74,4,1,241,482,16,3,3,22,0,1,1,245,477,13,4,2,23,0,239,473,13,2,2,21,0,6,2,0,1,0,9,227,483,15,0,0,29,0,4,2,228,485,17,3,0,0,0,0,223,485,17,0,0,0,203,447,16,2,0,77,0,0,2,2,1,0,0,1,0,0,0,0,211,461,41,1,1,23,0,0,0,1,0,1,1,1,3,2,0,1,198,437,8,1,0,19,25,40,6,0,0,3,27,193,544,7,0,19,0,0,0,1,5,189,526,6,0,0,18,0,8,4,2,0,0,0,0,11,434,301,30,5,224,39,339,160,8,953,770,1,103,218,0,2,98,223,0,2,903,323
2012,74,5,1,597,501,50,4,2,6,2,1,3,614,490,46,4,0,4,0,594,486,42,3,0,4,5,1,5,0,0,0,23,588,495,46,0,0,6,0,4,6,575,490,49,5,0,0,1,0,573,494,48,0,0,0,543,449,70,3,2,12,0,0,16,8,7,7,1,1,2,0,3,1,524,449,100,2,1,3,2,0,0,5,0,5,1,1,27,6,0,0,516,434,40,1,1,2,52,38,5,0,0,0,66,476,657,25,0,1,0,0,0,2,1,470,616,24,0,0,1,0,14,6,7,0,0,0,0,25,466,662,33,5,565,55,288,248,10,1392,1130,1,243,251,5,1,246,251,3,0,1294,500
2012,74,6,1,409,440,16,3,1,3,0,4,3,419,435,13,2,1,2,0,408,430,13,2,1,2,1,4,2,0,0,1,8,402,435,12,0,0,6,0,5,4,390,442,13,2,0,0,1,0,390,442,11,0,0,0,367,411,23,4,0,29,0,0,10,3,0,2,2,0,0,0,1,3,363,410,47,6,0,1,2,0,0,0,1,1,0,0,9,7,0,0,356,392,10,0,0,1,31,37,1,1,0,1,40,362,505,4,0,3,0,0,2,2,0,359,483,4,0,0,2,0,4,12,1,0,0,0,0,12,383,453,35,8,369,34,271,198,7,1072,879,1,141,223,0,3,139,226,0,2,1036,367
2012,74,7,1,277,266,6,0,1,2,0,1,1,280,261,5,0,1,2,0,275,260,4,0,1,2,0,2,1,0,0,0,8,275,260,5,0,0,4,0,2,2,274,257,6,0,0,0,0,0,270,266,8,0,0,0,258,246,11,0,0,15,0,0,7,2,1,0,0,0,0,0,2,1,256,240,24,0,0,1,0,0,0,2,1,0,0,1,9,3,0,0,254,231,5,0,0,1,14,22,0,0,0,0,24,264,285,2,0,0,0,0,0,0,2,259,278,2,0,0,0,0,2,0,1,0,0,0,0,11,255,282,17,1,261,13,181,100,0,663,555,1,119,108,3,2,125,101,3,3,660,232
2012,74,8,1,573,643,12,3,0,2,0,2,4,575,644,8,3,0,3,0,570,642,8,3,0,2,2,1,1,0,0,0,5,571,642,8,0,0,5,0,3,3,562,642,9,3,0,0,0,0,560,647,8,0,0,0,548,618,21,6,0,6,1,0,5,4,0,1,0,1,1,0,0,2,537,609,43,4,0,5,0,0,0,1,0,2,0,0,6,7,1,0,526,597,6,1,0,2,32,41,1,0,0,0,26,492,731,3,0,3,0,0,3,2,4,488,722,3,0,0,3,0,4,4,0,0,0,0,0,10,603,583,46,8,523,25,412,275,5,1576,1240,1,223,246,1,1,223,243,4,1,1486,471
2012,74,9,1,442,542,29,0,1,4,0,0,3,444,540,27,0,1,4,0,440,539,27,0,1,4,0,3,0,0,0,0,4,430,536,35,0,0,3,0,2,2,420,538,35,2,0,0,1,0,413,543,39,0,0,0,404,513,40,3,1,14,0,0,11,3,2,6,0,1,0,0,1,5,392,510,61,2,1,3,1,0,1,3,0,2,0,3,18,2,0,0,387,496,27,1,0,3,31,29,4,1,0,0,31,386,608,21,0,0,0,0,1,1,3,378,592,21,0,0,0,0,10,5,2,0,0,0,0,9,512,471,34,4,409,37,360,209,6,1337,1021,1,150,237,5,2,157,235,1,1,1285,394
2012,74,10,1,271,261,17,0,3,6,0,2,1,275,257,14,1,1,6,0,266,253,13,0,1,5,0,4,2,0,0,1,13,260,259,14,0,0,13,0,5,2,256,260,18,2,0,0,0,0,254,267,17,0,0,0,240,244,23,1,2,15,0,0,6,2,2,1,0,2,0,0,1,1,231,238,42,1,1,6,2,0,1,1,0,5,0,1,7,4,0,0,227,228,9,0,1,4,26,29,3,0,0,1,26,222,321,6,0,4,0,0,0,3,3,212,305,6,0,0,3,0,8,5,1,0,0,2,0,13,237,286,35,3,253,28,158,120,2,715,561,1,91,118,2,1,90,121,0,1,706,212
2012,74,11,1,435,571,17,1,2,7,0,5,4,440,569,15,1,2,5,0,427,563,13,1,1,5,3,3,2,0,1,0,13,418,566,21,0,0,9,0,3,7,417,569,22,2,0,0,1,0,416,572,22,0,0,0,396,536,34,2,1,15,2,0,11,2,6,1,0,2,0,1,0,5,382,530,58,1,1,4,3,0,1,2,0,0,0,0,16,9,0,0,377,518,17,0,0,3,33,38,1,0,1,0,43,402,621,2,0,4,0,0,2,2,7,395,606,2,0,0,4,0,3,6,3,0,0,0,0,13,535,468,33,5,398,29,411,200,3,1316,1041,1,188,292,3,1,183,298,2,1,1280,484
2012,74,12,1,502,515,18,4,2,11,0,1,5,505,516,16,1,1,11,0,498,510,15,1,1,11,0,1,2,1,0,0,13,493,515,21,0,0,9,0,2,5,488,518,23,3,0,0,0,0,485,517,22,0,0,0,466,490,36,3,1,14,1,0,6,8,3,0,1,1,0,1,1,2,458,486,58,2,1,9,3,0,2,1,0,0,0,0,5,3,1,1,453,478,18,2,1,6,31,30,4,0,0,1,28,473,560,7,0,8,0,0,0,3,7,463,553,7,0,0,7,0,5,0,2,0,0,0,0,12,491,523,34,11,436,34,348,231,10,1396,1060,1,220,246,3,4,221,246,2,4,1366,473
2012,74,13,1,491,370,9,2,1,5,0,0,4,492,367,9,2,1,4,0,488,362,9,2,1,3,1,2,0,0,0,1,10,484,362,9,0,0,3,0,5,5,476,360,9,3,0,0,0,0,476,366,9,0,0,0,469,349,12,3,1,8,0,0,1,0,3,0,0,1,0,0,0,2,468,339,25,1,1,7,2,0,0,3,0,1,0,1,2,3,0,0,465,337,8,1,1,3,10,22,0,0,0,1,25,466,408,4,0,1,0,0,0,0,2,461,398,4,0,0,1,0,3,4,0,0,0,1,0,9,366,483,24,10,446,23,258,149,7,1154,883,1,183,166,1,3,187,163,0,3,1121,353
2012,74,77,1,112,83,0,0,1,0,0,1,0,111,81,0,0,1,0,0,111,81,0,0,1,0,0,0,0,0,0,0,3,107,77,1,0,0,2,0,1,1,109,78,1,1,0,0,1,0,107,78,1,0,0,0,102,76,3,1,0,0,0,0,4,0,1,1,0,1,0,0,0,0,97,77,4,1,1,0,0,0,1,0,0,0,0,0,9,0,0,0,95,75,1,1,0,0,13,2,0,0,1,0,6,98,93,0,0,0,0,0,0,1,0,98,88,0,0,0,0,0,1,1,0,0,0,0,0,7,89,102,6,0,96,4,61,36,0,0,197,1,13,28,3,0,0,40,4,0,0,44
2012,74,78,1,35,23,2,0,0,0,0,1,2,36,22,2,1,0,0,0,33,21,2,0,0,0,1,1,0,0,0,0,3,4,1,0,0,0,0,0,0,3,4,3,0,0,0,0,0,0,4,3,0,0,0,0,4,0,1,0,0,0,0,0,0,0,0,0,0,0,0,0,0,0,4,0,1,0,0,0,0,0,0,0,0,0,0,0,0,0,0,0,4,0,0,0,0,0,0,1,0,0,0,0,2,4,1,0,0,0,0,0,0,0,5,4,1,0,0,0,0,0,0,0,0,0,0,0,0,0,29,29,6,0,25,2,19,18,0,0,64,1,10,16,0,0,5,21,0,0,0,26
2012,74,79,1,0,0,0,0,0,0,0,0,0,0,0,0,0,0,0,0,0,0,0,0,0,0,0,0,0,0,0,0,0,0,0,0,0,0,0,0,0,0,0,0,0,0,0,0,0,0,0,0,0,0,0,0,0,0,0,0,0,0,0,0,0,0,0,0,0,0,0,0,0,0,0,0,1,0,0,0,0,0,0,0,0,0,0,0,0,0,0,0,0,0,0,0,0,0,0,0,0,0,0,0,1,0,0,0,0,0,0,0,0,0,0,0,0,0,0,0,0,0,0,0,0,0,0,0,0,0,0,0,0,0,0,0,0,0,0,0,0,,,,,,,,,,,
2012,75,1,1,771,1033,22,2,5,12,0,5,5,785,1021,20,5,3,2,1,759,1010,18,1,2,2,2,5,1,2,2,4,38,748,1038,31,0,0,0,0,10,3,745,1016,29,5,0,0,1,0,747,1014,29,0,0,0,700,965,56,7,0,7,0,1,6,2,13,2,2,3,19,4,2,12,690,925,108,0,0,5,15,0,1,4,1,8,1,5,4,7,14,0,668,905,20,0,0,0,66,95,2,0,0,0,94,718,1108,13,0,0,0,0,0,9,4,696,1073,13,0,0,0,0,10,14,1,0,0,0,0,36,927,841,79,9,757,35,385,666,13,2384,1856,1,348,336,6,1,351,334,5,1,2227,691
2012,75,2,1,376,442,13,2,2,7,0,0,2,383,434,11,4,5,5,0,370,426,10,2,2,4,4,7,0,0,0,1,17,361,446,20,0,0,0,0,0,3,364,438,16,5,0,0,0,1,367,433,17,0,0,0,329,396,30,7,0,2,0,1,3,6,22,4,1,0,10,1,6,9,327,387,54,5,1,3,6,0,1,1,1,5,0,4,5,10,17,1,317,371,10,2,0,1,25,50,1,0,0,1,64,345,493,6,0,0,0,0,0,1,0,342,471,6,0,0,0,0,4,8,5,0,0,0,0,8,384,448,10,2,383,33,176,248,4,1021,845,1,184,150,1,0,189,145,1,0,869,335
2012,75,3,1,307,665,7,0,0,2,1,1,5,314,660,5,0,1,1,0,305,653,5,0,0,1,2,2,1,0,0,1,13,307,657,8,0,0,0,0,3,5,300,655,6,1,0,0,0,0,298,650,6,0,0,0,281,632,13,0,1,5,0,0,2,10,10,3,4,0,0,1,0,0,275,612,42,2,1,3,3,0,0,1,0,3,0,4,2,4,8,0,270,599,4,0,1,1,25,49,1,0,0,1,30,284,696,5,0,0,0,0,0,0,4,280,677,5,0,0,0,0,2,8,0,0,0,0,0,13,598,348,37,6,315,19,175,472,8,1302,989,1,140,175,2,1,135,182,0,1,1235,318
2012,75,4,1,306,601,4,0,1,1,0,1,2,309,593,3,1,1,1,0,302,589,2,0,1,1,2,3,1,0,0,0,12,286,607,5,0,0,0,0,1,2,290,595,5,0,0,0,0,0,292,592,4,0,0,0,273,573,7,0,8,1,0,0,3,4,8,3,1,0,2,0,3,3,261,560,31,0,0,1,0,0,0,2,0,6,1,1,2,1,15,4,250,546,2,0,0,1,33,43,2,0,0,0,36,279,627,4,0,0,0,0,1,0,3,261,607,3,0,0,0,0,18,11,0,0,0,0,0,14,560,319,31,6,293,9,159,449,6,1169,916,1,137,145,1,0,138,143,2,0,1113,283
2012,75,5,1,950,1206,44,6,4,14,0,1,3,982,1178,34,7,3,9,0,941,1168,30,5,2,9,8,8,5,1,0,2,44,932,1204,44,0,0,0,0,4,6,934,1174,42,9,0,0,0,2,930,1171,41,0,0,0,847,1113,73,9,7,7,0,0,3,12,47,6,4,3,21,3,4,14,832,1066,134,7,4,4,6,0,1,8,0,14,0,10,6,19,45,2,798,1035,28,1,2,1,94,106,3,2,1,0,147,901,1292,18,0,0,0,0,2,5,9,877,1235,14,0,0,0,0,18,23,3,0,0,0,0,43,1071,1102,46,6,963,89,483,678,12,2741,2227,1,459,448,7,2,458,452,5,1,2593,916
2012,75,6,1,614,690,30,6,2,5,1,7,6,629,672,26,9,2,2,1,604,665,23,5,1,1,5,5,6,1,0,2,27,617,680,35,0,0,0,1,7,3,604,676,31,8,0,0,0,1,600,679,33,0,0,0,562,625,62,5,2,5,1,0,2,9,22,6,7,3,7,1,3,6,550,597,100,4,2,5,6,0,1,5,1,7,3,3,2,19,15,1,535,587,27,2,2,3,51,71,2,1,0,1,72,590,746,15,0,0,0,0,1,2,4,576,718,15,0,0,0,0,9,10,3,0,0,0,0,26,607,705,46,5,624,52,267,404,16,1690,1363,1,292,242,4,3,299,240,1,1,1543,541
2012,75,7,1,564,1041,20,1,2,13,0,1,5,584,1028,14,2,0,12,0,559,1019,13,1,0,11,2,10,3,0,0,1,23,577,1028,24,0,0,0,0,3,2,553,1024,25,8,0,0,0,1,561,1018,24,0,0,0,517,968,53,6,1,6,0,0,7,5,17,4,1,2,9,1,7,11,507,946,89,5,1,6,10,1,0,2,1,8,0,4,2,6,21,2,490,927,16,2,0,1,51,79,3,0,0,1,73,557,1076,10,0,0,0,0,0,2,2,541,1043,9,0,0,0,0,9,14,1,0,0,0,0,27,944,649,50,5,590,41,337,665,15,1994,1648,1,265,336,1,5,257,347,0,3,1881,607
2012,75,8,1,380,904,12,0,0,3,0,2,4,387,890,9,2,1,3,0,368,886,7,0,0,3,1,3,1,0,0,0,30,344,922,13,0,0,0,0,7,5,343,902,14,2,0,0,3,0,347,897,12,0,0,0,429,872,21,0,1,3,4,0,2,7,13,2,3,0,2,0,2,5,325,856,49,1,0,2,8,0,0,1,0,2,0,5,1,4,13,1,311,846,7,0,0,0,25,45,1,0,0,1,57,347,946,3,0,0,0,0,0,2,4,326,873,3,0,0,0,0,9,57,3,0,0,0,0,28,804,420,73,8,373,24,252,641,15,1734,1305,1,166,205,2,0,156,216,1,0,1666,373
2012,75,77,1,60,139,2,0,0,0,0,1,1,61,138,2,0,0,0,0,59,137,2,0,0,0,1,0,0,0,0,0,2,61,138,2,0,0,0,0,1,0,62,137,2,0,0,0,0,0,63,136,2,0,0,0,60,132,3,0,0,0,0,0,1,2,0,0,0,0,0,0,0,1,58,129,4,0,0,0,0,0,0,1,0,3,0,0,0,0,3,0,56,128,2,0,0,0,3,7,0,0,0,0,5,54,142,2,0,0,0,0,0,2,0,53,139,2,0,0,0,0,1,1,0,0,0,0,0,3,133,62,5,0,54,2,23,120,1,0,203,1,12,15,4,0,5,22,4,0,0,31
2012,75,78,1,16,23,0,0,0,0,0,0,0,16,23,0,0,0,0,0,15,22,0,0,0,0,0,0,0,0,0,0,2,3,4,0,0,0,0,0,0,0,3,6,0,0,0,0,0,0,3,6,0,0,0,0,3,4,0,0,0,0,0,0,0,0,0,0,0,0,0,0,0,0,3,4,0,0,0,0,0,0,0,0,0,0,0,0,0,0,0,0,3,4,0,0,0,0,0,0,0,0,0,0,2,3,5,0,0,0,0,0,0,0,1,3,5,0,0,0,0,0,0,0,0,0,0,0,0,0,22,16,1,0,15,0,13,11,0,0,39,1,9,10,0,0,5,14,0,0,0,19
2012,76,1,1,827,623,38,3,7,18,1,2,9,858,602,30,3,3,13,1,818,593,28,1,2,13,6,10,8,1,1,0,38,824,619,36,0,0,10,2,8,5,829,596,44,7,0,0,2,0,804,598,45,0,0,0,773,537,81,6,3,11,0,0,10,6,5,2,5,2,7,4,8,4,716,497,131,5,2,3,2,2,2,8,2,3,37,11,0,0,5,30,702,488,33,0,0,2,81,82,5,0,1,3,121,846,589,30,0,0,0,0,45,10,6,820,574,27,0,0,0,0,21,12,3,0,0,0,0,57,586,891,35,19,764,49,320,384,14,1979,1531,1,356,292,2,5,339,309,4,3,1899,655
2012,76,2,1,1082,897,71,13,6,10,3,3,7,1104,888,60,8,5,10,1,1071,875,59,4,4,8,6,5,4,5,1,1,43,1043,914,64,0,0,9,5,9,23,1051,879,74,13,0,0,1,0,1029,874,71,0,0,0,984,804,131,9,5,8,2,0,4,7,5,2,6,9,4,8,3,5,928,760,176,8,2,4,10,0,1,8,3,2,48,23,7,5,1,10,891,747,58,0,2,0,128,103,6,3,0,2,124,1048,895,53,0,0,0,0,74,4,9,1011,870,49,0,0,0,0,29,15,3,0,0,0,0,105,848,1149,78,21,960,86,415,615,20,2770,2096,1,416,411,2,3,409,420,1,2,2676,832
2012,76,3,1,612,592,54,13,6,23,1,2,2,625,587,42,17,5,16,0,598,576,42,13,5,16,7,1,3,1,1,1,39,564,604,57,0,0,29,2,8,2,569,593,57,26,0,0,1,0,569,575,59,0,0,0,541,504,99,27,4,18,0,0,13,6,1,3,8,3,4,9,6,10,498,456,136,17,2,20,7,0,1,20,5,9,32,17,5,1,0,36,470,445,44,6,1,6,80,94,7,9,0,7,127,610,596,45,0,0,0,0,38,10,4,587,578,41,0,0,0,0,10,7,2,0,0,0,0,67,514,760,23,9,588,76,298,335,9,1572,1306,1,239,349,0,1,242,346,0,1,1477,589
2012,76,4,1,410,281,28,3,3,11,1,2,0,420,272,29,3,4,9,0,409,272,27,2,3,9,2,1,1,0,1,1,10,387,282,28,0,0,9,0,4,7,394,281,30,8,0,0,1,0,387,271,31,0,0,0,371,259,50,4,3,6,0,0,3,2,0,1,2,1,1,1,3,1,349,237,67,5,1,5,5,0,0,6,0,0,18,3,2,0,0,11,343,235,25,1,1,1,33,34,1,2,1,3,48,407,272,31,0,0,0,0,23,4,0,400,267,28,0,0,0,0,6,2,1,0,0,0,0,32,270,431,38,1,372,35,157,173,3,964,740,1,183,144,3,1,183,144,2,2,927,331
2012,76,5,1,308,303,17,3,0,9,0,2,3,315,300,14,2,0,7,0,306,296,14,2,0,5,1,4,1,0,0,2,11,300,304,18,0,0,6,0,2,4,301,292,18,8,0,0,2,0,298,289,21,0,0,0,297,277,27,7,0,5,0,0,1,1,0,1,0,1,1,2,2,2,277,260,50,5,1,3,0,0,1,0,0,0,12,4,1,0,0,7,270,260,17,3,0,1,23,26,0,0,0,1,40,303,320,8,0,0,0,0,6,5,5,297,308,7,0,0,0,0,6,3,0,0,0,0,0,16,272,351,19,5,311,29,163,142,2,826,647,1,107,121,3,2,111,117,3,2,798,233
2012,76,6,1,739,844,92,14,8,43,0,2,5,772,823,78,22,5,33,1,724,810,77,11,4,27,5,13,7,4,3,7,48,713,862,87,0,0,35,0,7,6,701,862,91,40,0,0,2,0,706,849,105,0,0,0,643,741,144,46,3,34,0,0,18,7,1,6,7,2,1,13,11,15,576,674,238,25,2,23,11,0,0,25,5,8,34,34,0,0,1,26,560,664,67,6,0,10,119,141,7,12,2,4,139,787,853,69,0,0,0,0,26,4,3,749,804,66,0,0,0,0,25,27,10,0,0,0,0,59,703,1003,38,3,763,132,453,389,10,2110,1747,1,386,479,2,1,393,472,2,1,1991,868
2012,76,7,1,586,619,56,8,0,18,1,0,4,601,609,51,10,0,12,0,579,602,49,7,0,11,7,7,2,1,0,1,23,577,625,44,0,0,11,0,3,8,588,602,51,9,0,0,1,3,581,591,51,0,0,0,540,549,88,13,1,13,1,0,4,5,0,4,6,10,0,5,6,3,486,514,124,12,0,9,4,0,1,13,2,0,31,29,3,1,0,5,467,509,43,4,0,6,93,61,4,0,1,1,92,610,597,41,0,0,0,0,33,2,9,574,562,36,0,0,0,0,27,22,8,0,0,0,0,52,579,667,39,7,548,79,318,335,12,1592,1292,1,255,313,2,0,246,323,1,0,1544,570
2012,76,8,1,752,381,44,4,7,16,3,3,4,772,369,32,6,7,16,0,742,365,30,3,6,13,1,5,4,0,1,1,39,728,378,38,0,0,20,1,7,7,741,368,44,3,0,0,2,1,713,366,49,0,0,0,675,323,78,5,4,21,0,0,5,6,6,3,6,10,3,2,6,0,625,297,133,2,2,14,6,0,1,4,7,0,26,15,2,1,3,6,610,290,29,1,1,8,80,55,8,0,0,5,115,776,367,30,0,0,0,0,40,2,1,757,351,29,0,0,0,0,10,10,6,0,0,0,0,50,388,784,37,8,696,62,213,195,51,1566,1217,1,290,174,0,3,300,162,2,3,1478,467
2012,76,9,1,1031,904,90,13,9,36,0,8,5,1064,892,82,12,7,20,0,1017,868,75,8,6,20,2,14,5,3,1,5,61,986,928,83,0,0,33,3,12,10,994,918,88,20,0,0,2,0,970,901,91,0,0,0,925,828,158,25,1,23,0,1,11,3,2,0,9,6,5,8,10,9,845,780,217,12,0,14,11,2,4,13,7,0,44,26,1,4,0,24,826,767,70,1,0,8,124,97,11,3,1,3,164,1023,929,60,0,0,0,0,64,7,6,984,891,57,0,0,0,0,27,18,3,0,0,0,0,104,843,1195,48,11,970,103,406,608,10,2705,2097,1,413,443,1,0,423,433,0,1,2551,857
2012,76,10,1,374,240,27,5,2,8,0,2,3,391,229,20,7,2,6,0,371,228,20,5,1,6,2,6,1,2,1,1,14,360,264,19,0,0,6,0,2,5,360,245,25,7,0,0,1,0,356,241,25,0,0,0,344,221,46,6,2,6,0,0,2,3,0,0,3,1,1,2,2,0,328,198,75,5,1,6,1,0,1,2,0,0,7,6,0,0,0,6,321,196,16,2,0,0,30,34,3,0,0,2,52,326,270,17,0,0,0,0,47,0,4,313,258,15,0,0,0,0,13,7,1,0,0,0,0,52,219,420,18,6,369,31,104,156,3,836,663,1,149,106,2,0,158,99,0,0,815,257
2012,76,11,1,480,461,55,3,2,15,0,3,3,489,458,52,4,1,9,0,477,450,51,3,1,9,2,2,1,0,1,2,17,486,457,53,0,0,5,0,5,1,488,447,57,8,0,0,1,0,474,442,56,0,0,0,452,415,77,7,3,7,0,0,4,2,1,0,3,7,0,2,3,3,423,384,108,4,2,3,5,0,1,6,2,2,14,23,0,0,2,4,411,384,48,2,2,2,54,49,6,1,0,1,57,483,460,45,0,0,0,0,28,1,3,472,439,42,0,0,0,0,9,12,6,0,0,0,0,38,398,584,34,6,449,72,242,253,6,1384,1022,1,183,239,3,2,174,250,3,0,1358,427
2012,76,12,1,361,206,24,4,2,4,0,5,3,368,202,21,5,1,2,0,358,200,19,4,1,2,0,0,0,1,0,0,17,341,216,21,0,0,2,1,8,4,343,209,22,3,0,0,1,0,340,206,23,0,0,0,333,193,32,3,4,2,0,0,4,2,0,1,2,2,0,1,3,2,302,184,45,2,3,2,2,0,0,2,0,0,24,7,1,0,1,4,294,182,17,0,3,1,41,15,2,0,0,0,43,338,230,16,0,0,0,0,22,2,0,327,215,16,0,0,0,0,8,2,2,0,0,0,0,38,195,388,24,3,336,25,93,140,16,770,610,1,178,94,0,2,171,99,2,2,734,274
2012,76,13,1,233,215,14,2,1,2,0,2,2,237,212,14,1,1,2,0,233,212,14,1,1,2,1,1,0,1,0,0,1,230,209,14,0,0,1,0,4,3,232,203,16,3,0,0,0,0,225,206,15,0,0,0,216,195,21,3,2,4,0,0,2,1,1,0,1,3,1,2,1,2,198,182,47,2,1,1,0,0,0,2,0,0,9,4,1,0,0,3,196,179,12,2,1,1,26,20,1,0,0,0,26,242,214,5,0,0,0,0,8,2,0,237,205,5,0,0,0,0,5,3,1,0,0,0,0,13,192,245,30,4,208,20,101,136,6,585,471,1,89,69,0,0,90,68,0,0,566,158
2012,76,14,1,640,379,30,1,3,6,1,2,3,647,377,19,1,2,6,1,629,366,20,1,1,6,3,5,4,0,1,0,19,626,388,17,0,0,3,0,9,3,625,364,24,8,0,0,3,0,618,361,19,0,0,0,599,348,41,2,2,3,0,0,6,7,1,0,7,2,2,0,3,2,550,319,78,2,1,1,3,0,1,2,1,2,43,6,0,0,0,3,539,312,17,0,1,0,59,44,1,0,1,1,81,644,358,15,0,0,0,0,47,2,1,618,346,14,0,0,0,0,13,5,0,0,0,0,0,69,344,664,54,6,591,27,196,244,10,1395,1068,1,238,137,3,1,235,142,1,1,1339,379
2012,76,15,1,331,329,24,7,0,8,1,2,5,339,327,17,6,0,7,1,328,323,16,6,0,6,0,2,2,1,0,2,15,322,344,14,0,0,7,0,3,7,322,335,20,8,0,0,0,0,318,335,19,0,0,0,306,315,28,9,0,7,0,0,2,1,1,1,1,3,2,2,1,4,291,305,44,8,0,6,0,0,0,6,1,1,9,7,0,1,0,2,287,300,11,4,0,2,26,26,2,2,0,1,37,329,352,12,0,0,0,0,8,1,3,320,337,12,0,0,0,0,3,4,1,0,0,0,0,27,323,362,19,4,306,31,142,226,3,897,708,1,118,152,1,0,117,153,1,0,861,271
2012,76,16,1,1102,862,82,11,5,27,1,5,6,1122,837,72,16,5,17,1,1083,828,71,8,5,17,2,8,1,2,0,5,61,1070,865,64,0,0,22,2,9,11,1056,855,73,14,0,0,7,0,1022,851,74,0,0,0,1001,793,125,12,4,18,0,0,5,4,2,2,2,11,3,6,8,5,918,733,177,2,1,15,9,0,0,9,5,3,33,20,1,4,0,12,896,717,54,2,1,7,116,104,7,1,0,5,166,1029,912,41,0,0,0,0,83,4,9,985,863,39,0,0,0,0,36,19,4,0,0,0,0,143,810,1188,89,15,1006,108,428,549,11,2693,2102,1,346,378,5,7,330,398,2,6,2626,736
2012,76,17,1,355,131,18,8,2,4,0,3,5,365,129,12,7,2,2,0,354,122,12,4,2,2,1,3,3,2,0,0,14,355,134,18,0,0,3,0,1,3,354,131,19,3,0,0,1,0,344,131,18,0,0,0,330,115,34,2,0,3,0,0,3,4,1,1,0,0,0,1,2,1,309,109,46,4,0,3,1,0,1,6,0,1,12,8,2,0,0,2,307,106,14,2,0,2,35,17,3,0,0,0,37,329,148,8,0,0,0,0,32,4,5,325,141,8,0,0,0,0,6,1,3,0,0,0,0,34,124,373,27,3,324,18,72,109,4,631,527,1,147,52,1,0,135,63,1,1,616,200
2012,76,18,1,242,242,9,4,1,8,1,1,2,252,235,8,4,1,7,0,239,233,8,3,1,7,3,2,0,0,0,1,13,251,239,7,0,0,3,1,2,3,235,235,8,4,0,0,1,0,235,234,10,0,0,0,225,219,20,6,0,4,0,1,0,2,0,0,0,1,2,2,1,2,210,201,27,6,0,2,3,1,0,3,0,3,5,6,0,0,0,9,208,197,5,0,0,1,23,31,1,0,0,2,40,240,227,5,0,0,0,0,35,2,0,225,224,5,0,0,0,0,10,1,0,0,0,0,0,46,244,251,15,3,224,11,123,153,2,627,513,1,104,107,1,1,100,110,1,2,596,213
2012,76,19,1,217,271,13,1,3,1,0,0,2,221,270,11,2,2,1,0,216,268,11,1,2,1,0,1,0,0,0,0,8,205,282,7,0,0,2,0,2,1,198,278,7,4,0,0,0,0,193,275,9,0,0,0,191,255,23,4,2,1,0,0,2,3,0,3,2,1,1,5,1,1,176,237,40,1,2,1,3,0,0,5,0,0,8,5,0,0,1,12,171,228,7,0,2,0,19,41,0,1,0,0,38,188,289,8,0,0,0,0,22,1,1,187,283,8,0,0,0,0,4,1,0,0,0,0,0,25,252,235,22,1,207,8,120,175,0,615,510,1,92,108,2,1,86,115,1,1,580,203
2012,76,20,1,739,694,91,9,1,8,1,4,5,753,685,82,11,2,7,0,730,676,81,9,1,5,2,8,7,0,1,4,20,709,725,98,0,0,4,0,5,9,712,693,103,12,0,0,1,0,703,690,100,0,0,0,670,640,145,12,1,2,0,0,7,4,0,3,7,6,2,8,1,4,636,607,174,12,1,2,2,2,0,10,0,2,28,10,2,0,1,15,617,597,91,4,1,0,69,75,6,2,0,1,86,703,708,83,0,0,0,0,46,7,4,676,689,77,0,0,0,0,23,5,8,2,0,0,0,64,628,863,55,7,711,101,339,380,22,2036,1553,1,310,405,5,4,305,416,1,2,2009,724
2012,76,77,1,116,105,6,0,0,1,0,0,1,116,105,6,0,0,0,0,115,104,6,0,0,0,0,1,0,0,0,1,1,115,103,8,0,0,0,0,1,0,114,104,8,2,0,0,0,0,113,104,8,0,0,0,106,98,12,2,0,0,0,0,2,1,0,1,0,3,0,1,0,0,101,92,16,1,0,0,0,0,0,1,0,0,0,7,0,0,3,0,99,89,8,0,0,0,11,13,0,0,0,0,9,121,95,5,0,0,0,0,7,0,0,121,94,5,0,0,0,0,0,0,0,0,0,0,0,8,90,131,8,0,110,8,41,70,0,0,229,1,7,18,2,2,6,20,2,1,0,29
2012,76,78,1,43,27,1,0,0,0,0,0,0,44,25,1,0,0,0,0,42,25,1,0,0,0,0,0,0,0,0,0,3,17,9,1,0,0,0,0,0,3,17,10,1,0,0,0,0,0,17,10,1,0,0,0,17,8,1,0,0,0,0,0,0,0,0,0,0,0,0,0,0,0,17,8,1,0,0,0,0,0,0,0,0,0,0,0,0,0,0,0,16,8,1,0,0,0,1,0,0,0,0,0,4,9,10,0,0,0,0,0,2,0,10,9,10,0,0,0,0,0,0,0,0,0,0,0,0,2,30,37,4,0,35,3,14,19,0,0,71,1,12,17,3,0,8,21,3,0,0,32
2012,76,79,1,0,0,0,0,0,0,0,0,1,0,0,0,0,0,0,0,0,0,0,0,0,0,0,0,0,0,0,0,0,1,0,0,0,0,0,0,0,0,1,0,0,0,0,0,0,0,1,0,0,0,0,0,1,0,0,0,0,0,0,0,0,0,0,0,0,0,0,0,0,0,1,0,0,0,0,0,0,0,0,0,0,0,0,0,0,0,0,0,1,0,0,0,0,0,0,0,0,0,0,0,0,0,0,0,0,0,0,0,0,0,1,0,0,0,0,0,0,0,0,0,0,0,0,0,0,0,0,0,0,0,0,0,0,0,0,0,1,,,,,,,,,,,
2012,76,80,1,0,0,0,0,0,0,0,0,0,0,0,0,0,0,0,0,0,0,0,0,0,0,0,0,0,0,0,0,0,1,0,0,0,0,0,0,0,0,1,0,0,0,0,0,0,0,1,0,0,0,0,0,1,0,0,0,0,0,0,0,0,0,0,0,0,0,0,0,0,0,1,0,0,0,0,0,0,0,0,0,0,0,0,0,0,0,0,0,1,0,0,0,0,0,0,0,0,0,0,0,0,0,0,0,0,0,0,0,0,0,0,0,0,0,0,0,0,0,0,0,0,0,0,0,0,0,0,0,0,0,0,0,0,0,0,0,0,,,,,,,,,,,
2012,77,1,1,386,529,28,8,7,13,1,4,2,390,520,25,9,5,12,0,377,516,24,6,5,12,2,4,0,0,0,0,27,349,552,27,0,0,13,1,7,6,360,526,29,11,0,0,2,0,359,526,30,0,0,0,329,485,59,11,3,11,0,0,1,4,5,2,0,3,2,1,13,7,299,478,78,10,3,9,6,0,0,4,23,6,2,1,0,9,2,0,294,463,20,5,1,5,54,51,5,1,0,4,62,242,704,24,0,0,0,0,0,0,6,238,654,21,0,0,2,0,15,4,2,0,0,3,0,34,478,452,46,3,386,45,245,295,8,1401,979,1,156,227,2,4,145,241,0,3,1377,389
2012,77,2,1,489,702,52,6,5,17,4,1,6,510,690,44,6,3,12,1,479,678,43,4,3,11,3,6,4,0,1,4,39,451,718,53,0,0,11,0,6,7,439,725,53,9,0,0,5,0,442,714,56,0,0,0,408,652,77,12,8,9,2,0,3,11,3,9,2,3,3,2,19,10,384,661,115,4,7,4,8,0,3,2,22,3,1,1,1,13,1,0,375,612,41,2,3,3,53,73,5,1,0,3,98,311,910,43,0,0,0,0,1,3,8,306,680,37,3,0,3,0,190,20,3,0,0,1,0,28,575,656,45,6,503,73,337,367,2,1689,1282,1,254,412,3,1,244,424,1,1,1641,670
2012,77,3,1,446,548,25,9,4,6,2,4,7,458,538,25,9,4,4,1,438,531,24,6,4,4,3,9,1,0,0,0,22,417,561,29,0,0,7,1,4,6,415,554,23,7,0,0,2,0,422,544,27,0,0,0,385,495,38,9,9,8,1,0,1,10,3,4,1,2,1,2,19,10,363,513,66,2,3,4,1,0,0,1,17,8,2,1,1,9,0,3,355,474,20,2,3,2,56,62,3,2,2,2,60,286,713,28,0,0,0,0,3,6,8,282,664,26,0,0,3,0,17,13,1,0,0,0,0,33,468,530,50,5,432,46,244,326,5,1378,1053,1,187,263,1,1,156,294,1,1,1368,452
2012,77,4,1,496,582,43,3,3,13,0,3,2,504,574,39,8,3,8,0,493,569,39,3,3,9,2,8,0,1,0,2,12,444,607,42,0,0,7,0,5,7,437,607,41,7,0,0,0,0,442,593,43,0,0,0,407,551,69,7,3,7,1,0,3,6,2,3,1,0,0,2,17,13,384,548,98,3,2,5,2,0,1,1,29,4,0,1,0,7,1,0,381,515,29,2,2,2,48,58,6,2,1,2,87,310,770,39,0,0,0,0,2,6,7,309,748,36,0,0,1,0,9,6,4,0,0,0,0,20,548,530,60,8,455,56,252,380,3,1642,1146,1,182,280,9,2,175,292,3,3,1618,473
2012,77,5,1,457,735,32,11,4,7,0,3,8,467,728,30,9,4,6,0,453,712,27,6,3,5,1,5,0,0,0,1,30,420,719,59,0,0,7,0,11,9,406,726,38,5,0,0,2,0,415,713,38,0,0,0,388,667,68,7,2,5,1,0,1,7,5,6,2,4,1,2,16,9,363,651,101,3,2,4,11,0,1,3,25,4,1,3,0,10,0,2,354,613,29,2,1,3,44,79,3,0,0,0,108,297,923,22,0,0,0,0,1,4,5,286,882,21,0,0,1,0,14,8,1,0,0,0,0,35,629,557,51,20,433,61,300,445,18,1802,1257,1,191,319,3,2,171,342,2,0,1778,515
2012,77,6,1,610,724,49,9,7,16,2,4,6,634,716,37,9,3,11,2,601,706,36,6,3,10,4,2,3,0,1,1,45,567,740,45,0,0,16,2,2,12,562,742,44,11,0,0,1,0,570,722,46,0,0,0,530,641,90,16,6,16,0,0,1,14,0,6,4,2,4,5,25,13,504,632,133,8,4,12,2,0,2,5,33,5,0,1,0,16,1,2,496,595,35,5,3,7,54,107,4,0,0,3,114,431,951,40,0,0,0,0,3,2,3,408,895,35,0,0,0,0,25,18,4,0,0,0,0,39,628,731,59,11,599,79,363,375,13,1878,1429,1,299,436,2,4,295,439,3,4,1819,741
2012,77,7,1,216,305,6,2,0,1,0,2,3,214,306,6,2,0,2,0,212,304,4,2,0,1,1,1,0,0,0,1,4,192,313,7,0,0,5,0,6,2,192,307,7,4,0,0,0,0,193,306,9,0,0,0,186,288,13,3,2,1,0,0,0,3,2,1,0,0,3,0,6,7,170,286,30,2,0,1,0,0,1,0,8,3,0,0,1,3,2,0,168,275,6,1,0,1,23,30,0,0,0,1,22,108,420,3,0,0,0,0,1,2,1,107,407,2,0,0,0,0,4,2,1,0,0,0,0,10,285,223,25,2,190,10,101,232,2,699,535,1,91,99,0,3,80,110,2,1,690,193
2012,77,8,1,154,337,10,0,4,3,0,0,1,154,335,7,2,2,3,0,151,334,7,0,2,3,1,2,0,0,0,0,8,129,344,10,0,0,2,1,2,3,130,337,10,3,0,0,3,0,132,338,10,0,0,0,122,311,24,1,2,2,0,0,0,6,2,2,2,1,0,1,3,4,116,301,36,2,2,1,7,0,0,1,4,1,1,2,0,7,0,3,110,291,9,1,2,1,19,33,0,0,0,0,38,68,429,9,0,0,0,0,0,0,1,68,406,9,0,0,0,0,4,2,0,0,0,0,0,19,316,174,16,3,214,9,125,142,19,668,509,1,58,115,2,0,56,118,1,0,652,175
2012,77,9,1,690,1175,57,13,9,23,1,2,4,721,1150,47,13,7,15,0,677,1140,45,9,6,13,4,10,3,1,0,3,57,623,1190,57,0,0,23,0,13,13,597,1178,59,11,0,0,17,0,621,1161,59,0,0,0,570,1086,105,19,6,9,0,0,0,12,2,12,3,4,2,5,28,12,532,1072,173,8,3,9,6,0,0,4,29,5,7,5,2,22,1,2,520,1006,43,3,3,5,69,125,7,3,1,4,158,397,1492,55,0,0,0,0,1,8,9,386,1431,52,0,0,5,0,20,13,3,1,0,1,0,44,1046,830,90,7,647,82,515,714,15,2713,1973,1,294,506,5,6,291,508,6,6,2650,811
2012,77,10,1,267,472,18,2,3,5,0,1,3,271,464,15,8,3,5,0,265,461,16,2,3,3,1,4,1,0,0,0,13,242,480,14,0,0,7,0,4,7,231,475,14,4,0,0,3,0,233,470,18,0,0,0,213,436,32,5,3,4,0,0,0,14,2,3,0,2,3,6,5,4,202,429,56,2,2,3,4,1,0,2,11,1,1,0,0,10,0,1,201,418,12,1,1,2,25,35,2,0,0,0,65,156,588,19,0,0,0,0,0,2,1,152,563,16,0,0,1,0,10,5,1,0,0,0,0,21,403,322,43,5,262,37,150,313,11,1073,773,1,94,178,4,1,81,191,4,1,1045,277
2012,77,11,1,400,639,37,13,6,21,0,2,4,427,621,33,15,3,14,1,394,609,30,11,3,14,3,11,6,0,2,0,35,357,644,51,0,0,17,0,6,10,344,641,54,17,0,0,5,0,353,631,51,0,0,0,301,572,77,21,3,10,1,0,4,9,6,6,0,8,8,1,26,7,277,577,110,13,1,7,7,0,2,4,30,7,0,1,2,10,4,4,272,538,36,3,1,4,61,60,4,4,0,3,121,228,841,36,0,0,0,0,1,5,5,219,766,34,0,0,1,0,14,27,2,0,0,3,0,48,546,536,32,10,411,75,333,297,8,1411,1124,1,189,342,2,2,186,346,2,1,1334,535
2012,77,12,1,692,698,52,11,4,29,0,1,8,718,677,48,13,1,22,0,682,668,44,7,1,22,2,9,7,1,0,2,42,620,734,61,0,0,27,0,5,7,606,709,66,29,0,0,8,0,629,681,67,0,0,0,556,621,107,28,2,17,0,0,2,13,5,12,1,3,4,3,33,13,523,626,153,15,0,14,11,0,0,2,30,6,4,3,0,21,4,2,509,562,46,4,0,3,87,92,7,2,1,7,164,398,1035,43,0,0,0,0,5,2,9,388,954,36,1,0,1,0,21,23,6,0,0,3,0,53,605,844,41,6,670,96,381,342,7,2025,1496,1,275,402,3,1,287,392,1,1,1923,681
2012,77,13,1,376,552,27,5,5,7,0,3,6,387,545,23,5,5,4,0,373,539,23,2,5,4,1,7,2,2,0,0,17,341,548,24,0,0,9,0,17,4,342,547,27,10,0,0,2,0,340,547,26,0,0,0,321,501,56,15,5,3,0,0,2,4,1,4,2,0,1,3,13,4,302,488,86,6,2,3,4,0,0,1,15,4,0,0,0,11,0,1,292,467,23,3,2,2,47,64,0,1,2,1,58,199,750,19,0,0,0,0,0,8,1,194,720,18,0,0,3,0,13,7,1,0,0,1,0,18,442,455,81,6,349,37,227,356,15,1302,984,1,131,183,0,1,129,183,3,0,1272,315
2012,77,14,1,501,669,44,11,10,17,2,1,10,523,658,30,8,9,16,0,491,639,34,8,9,14,3,14,6,0,0,4,34,448,687,42,0,0,20,0,9,14,439,676,41,12,0,0,3,0,454,678,40,0,0,0,412,605,72,12,8,19,0,0,1,15,4,6,0,5,8,3,14,10,388,597,110,11,5,9,14,0,3,2,17,10,2,4,0,11,0,2,384,567,31,5,6,8,51,74,3,3,0,3,107,272,943,29,0,0,0,0,1,1,7,272,879,28,0,0,5,0,14,13,2,0,0,3,0,43,565,600,94,8,489,74,311,383,10,1704,1267,1,207,274,3,4,199,281,4,4,1640,488
2012,77,15,1,440,759,53,11,4,27,2,5,4,460,745,45,19,3,18,0,430,734,40,10,3,15,2,12,8,1,1,4,37,404,761,55,0,0,32,1,10,5,392,766,62,30,0,0,2,0,407,743,72,0,0,0,353,668,105,35,8,11,0,0,2,17,1,7,3,1,2,4,24,7,327,668,154,10,1,8,12,1,1,2,18,7,4,3,0,14,5,1,317,621,48,5,0,3,62,95,6,6,0,4,124,247,1012,27,0,0,0,0,4,6,5,238,949,21,0,0,3,0,13,15,12,0,0,2,0,42,647,597,55,7,431,88,372,405,10,1687,1306,1,170,299,8,1,174,300,3,1,1549,478
2012,77,16,1,448,490,39,4,7,18,1,1,4,466,480,27,10,7,12,1,441,466,26,4,6,8,0,6,5,2,0,5,39,408,499,41,0,0,27,0,3,4,410,506,49,17,0,0,3,0,409,488,52,0,0,0,364,437,71,23,3,13,0,0,1,4,6,12,1,2,8,1,30,4,338,443,103,11,2,7,10,0,6,1,17,7,3,2,0,16,4,2,325,403,30,2,1,2,63,56,7,4,1,6,106,263,718,22,0,0,0,0,1,3,4,254,651,21,0,0,0,0,26,16,3,0,0,1,0,34,442,543,21,7,434,71,243,261,4,1245,1003,1,195,253,1,1,193,256,1,0,1156,450
2012,77,17,1,333,459,39,7,6,19,1,0,3,346,457,30,11,3,14,0,328,447,29,7,3,13,2,4,4,1,1,3,23,305,471,33,0,0,20,0,7,7,304,464,36,12,0,0,1,0,303,450,40,0,0,0,283,416,48,23,4,16,0,0,2,1,2,4,3,4,1,1,12,10,275,418,68,8,2,12,3,0,2,0,10,11,3,0,2,3,1,1,272,393,26,3,1,7,19,43,6,1,1,5,77,184,637,29,0,0,0,0,0,1,8,180,594,23,0,0,4,0,18,9,8,0,0,4,0,19,406,430,31,1,314,61,216,276,1,1117,868,1,170,221,1,2,160,228,4,2,1080,394
2012,77,18,1,117,123,9,0,2,0,0,1,2,117,121,9,1,2,0,0,114,120,9,0,2,0,1,1,0,0,0,0,4,96,130,13,0,0,0,0,4,4,99,128,12,0,0,0,0,0,99,128,12,0,0,0,91,122,17,0,1,0,0,0,0,1,1,3,0,0,1,0,3,0,84,120,27,0,1,0,1,0,0,1,4,0,1,0,0,1,0,0,86,114,11,0,1,0,11,11,1,0,0,0,11,68,176,8,0,0,0,0,0,1,1,66,168,8,0,0,0,0,1,1,0,0,0,0,0,8,112,121,20,1,105,10,72,67,0,365,254,1,50,57,1,0,51,57,0,0,358,108
2012,77,19,1,209,121,4,0,0,2,0,2,1,213,120,3,0,0,0,0,207,118,3,0,0,0,0,0,0,0,0,1,8,201,121,4,0,0,0,0,2,0,196,118,5,1,0,0,0,0,196,116,7,0,0,0,188,112,10,1,0,0,0,0,0,2,1,3,0,0,0,0,2,3,183,105,20,1,0,0,0,0,0,1,6,1,1,1,0,1,0,1,182,104,4,1,0,0,11,11,0,0,0,0,16,107,223,1,0,0,0,0,0,2,2,106,200,1,0,0,0,0,12,2,0,0,0,0,0,15,95,162,21,1,150,6,46,74,3,449,340,1,71,23,0,1,71,23,0,1,440,95
2012,77,20,1,85,148,11,1,2,1,0,1,1,90,146,8,1,1,1,0,84,142,7,1,1,0,0,1,0,0,0,1,11,79,155,6,0,0,2,0,2,0,77,158,7,3,0,0,0,0,77,155,7,0,0,0,71,151,12,2,0,0,0,0,0,1,1,1,0,0,0,0,1,0,68,149,15,2,0,0,1,0,0,0,2,1,0,0,0,2,0,0,66,143,5,0,0,0,10,10,0,0,0,0,14,52,192,4,0,0,0,0,0,1,1,52,182,4,0,0,0,0,4,2,1,0,0,0,0,3,119,112,18,1,88,12,50,99,1,315,250,1,32,57,1,0,33,57,0,0,300,90
2012,77,21,1,44,190,3,0,1,0,0,5,0,49,187,3,0,0,0,0,42,184,3,0,0,0,0,2,0,0,0,0,8,36,187,3,0,0,0,0,5,3,35,185,4,2,0,0,0,0,41,178,3,0,0,0,31,175,12,1,0,1,0,0,0,3,1,1,0,0,0,0,1,2,29,168,17,1,0,1,0,1,0,1,2,2,0,0,0,3,0,0,28,165,2,1,0,0,6,16,1,0,0,1,16,26,208,3,0,0,0,0,0,2,4,25,199,3,0,0,0,0,2,0,0,0,0,1,0,8,162,56,24,2,38,14,48,142,2,322,244,1,23,30,1,0,20,34,0,0,321,54
2012,77,22,1,826,1164,66,9,12,24,1,4,12,856,1147,52,11,12,17,0,811,1127,46,8,7,15,3,13,10,3,1,4,57,736,1197,55,0,0,26,0,12,11,739,1169,64,18,0,0,7,0,755,1140,66,0,0,0,667,1050,137,30,7,8,1,0,5,14,2,12,5,8,9,5,46,16,626,1058,196,13,3,5,12,0,1,4,55,7,2,3,3,13,1,1,708,1000,44,5,3,1,110,108,7,6,2,8,195,469,1572,54,0,0,0,0,3,11,5,458,1463,47,0,0,3,0,33,36,11,0,0,2,0,52,1027,997,82,15,782,107,515,697,20,2795,2121,1,374,583,4,3,351,606,4,3,2699,964
2012,77,23,1,17,32,0,0,1,0,0,0,0,18,31,0,0,1,0,0,17,31,0,0,1,0,0,0,0,0,0,0,1,16,31,0,0,0,1,0,1,0,17,29,0,1,0,0,0,0,17,30,0,0,0,0,14,29,2,0,0,1,0,0,0,0,0,0,0,0,0,0,1,0,13,28,3,0,0,0,0,0,0,0,1,0,0,0,0,1,0,0,13,28,0,0,0,0,3,1,0,0,0,0,4,12,38,0,0,0,0,0,0,0,0,12,36,0,0,0,0,0,0,0,0,0,0,0,0,2,28,17,5,0,18,0,10,19,3,45,50,1,6,13,1,0,6,14,0,0,41,20
2012,77,24,1,236,489,22,8,3,6,0,2,4,242,486,18,8,4,6,0,232,483,18,8,3,6,0,2,0,0,0,0,14,214,499,19,0,0,5,0,5,10,212,494,18,10,0,0,3,0,215,490,19,0,0,0,201,462,30,12,1,3,0,0,0,5,4,3,3,0,2,4,4,5,188,460,49,5,1,2,2,0,2,1,10,3,4,2,0,4,1,0,186,440,15,2,1,2,21,38,2,2,0,0,48,145,599,20,0,0,0,0,2,1,5,143,581,14,0,0,0,0,2,8,1,0,0,0,0,17,435,289,40,8,218,39,220,291,4,1036,772,1,107,202,2,2,98,213,1,1,1028,313
2012,77,25,1,381,476,16,3,3,6,0,4,2,391,467,9,4,3,4,0,377,457,9,3,2,4,2,2,2,0,0,0,28,351,476,20,0,0,7,0,4,4,350,471,13,9,0,0,6,0,358,458,12,0,0,0,331,426,32,9,1,6,0,0,2,4,2,4,0,3,5,3,16,3,312,434,54,4,2,3,6,0,0,1,16,3,1,1,0,7,0,0,305,399,8,3,1,3,42,49,2,0,0,0,72,268,606,10,0,0,0,0,0,3,4,246,563,7,0,0,3,0,9,13,3,0,0,0,0,41,352,413,111,16,362,30,221,271,8,1129,892,1,188,227,2,0,180,236,0,1,1120,417
2012,77,77,1,89,128,4,2,0,3,0,2,1,91,127,4,2,0,1,0,86,125,4,2,0,0,1,0,0,0,0,1,8,77,125,5,0,0,2,0,4,5,77,121,5,5,0,0,0,0,78,124,6,0,0,0,74,119,9,3,0,1,0,0,0,1,0,2,0,1,0,0,0,0,69,117,13,2,0,0,1,0,0,1,3,2,0,0,0,0,1,0,68,113,4,2,0,0,8,10,0,0,0,0,14,46,166,6,0,0,0,0,0,4,0,43,164,6,0,0,0,0,3,0,0,0,0,0,0,8,127,83,19,1,51,7,65,105,2,0,230,1,24,53,7,0,8,69,7,0,0,84
2012,77,78,1,66,63,1,0,0,0,0,0,0,67,59,1,0,0,0,0,64,57,1,0,0,0,0,1,0,0,0,0,7,16,13,1,0,0,0,0,0,3,18,12,2,0,0,0,0,0,18,12,2,0,0,0,15,9,5,1,0,0,0,0,0,0,0,0,0,0,1,1,0,0,15,9,5,1,0,0,0,0,0,0,1,0,0,0,0,1,0,0,15,9,1,0,0,0,0,3,0,0,0,0,7,7,18,0,0,0,0,0,0,0,12,7,16,0,0,0,0,0,0,0,0,0,0,0,0,3,58,61,9,2,52,5,38,34,1,0,130,1,18,18,1,0,10,27,0,0,0,37
2012,77,79,1,0,0,0,0,0,0,0,0,0,0,0,0,0,0,0,0,0,0,0,0,0,0,0,0,0,0,0,0,0,0,0,0,0,0,0,0,0,0,0,0,0,0,0,0,0,0,0,0,0,0,0,0,0,0,1,0,0,0,0,0,0,0,0,0,0,0,0,0,0,0,0,0,0,0,0,0,0,0,0,0,0,0,0,1,0,0,0,0,0,0,0,0,0,0,0,0,0,0,0,0,1,0,0,0,0,0,0,0,0,0,0,0,0,0,0,0,0,0,0,0,0,0,0,0,0,0,0,0,0,0,0,0,0,0,0,0,0,,,,,,,,,,,
2012,78,1,1,999,1041,50,8,6,17,3,4,15,1023,1018,41,12,7,14,2,985,1005,39,8,6,13,7,9,5,0,0,1,49,959,1017,58,0,0,15,1,18,24,952,1011,54,17,0,0,7,3,946,997,50,0,0,0,866,894,108,13,5,9,0,0,12,4,5,31,9,4,35,16,5,15,842,856,187,9,2,9,9,0,30,34,3,5,0,8,0,4,1,11,800,839,40,6,1,5,124,123,4,4,1,2,154,1010,1061,42,0,0,0,0,6,7,14,966,1016,37,0,0,0,0,20,26,7,0,0,0,0,51,945,1131,46,22,982,83,502,561,16,2822,2145,1,434,482,4,1,435,481,2,3,2679,921
2012,78,2,1,448,478,24,2,3,8,0,3,3,452,479,15,3,2,4,1,442,471,16,2,3,5,0,0,1,0,0,1,22,432,471,27,0,0,7,1,11,9,429,465,31,4,0,0,1,0,424,463,36,0,0,0,387,430,57,6,2,4,0,0,0,1,2,6,3,2,18,0,1,2,374,413,86,3,2,4,2,0,19,7,2,2,0,3,2,2,0,2,367,407,23,1,1,0,47,48,2,2,0,2,51,421,524,13,0,0,0,0,1,4,5,410,506,11,0,0,0,0,11,6,4,0,0,0,0,14,460,473,30,8,435,36,239,254,7,1319,971,1,220,213,1,2,205,226,4,1,1296,436
2012,78,3,1,466,477,33,8,3,10,2,4,6,486,458,31,8,3,5,1,456,453,27,7,2,4,4,7,5,0,1,1,32,454,464,38,0,0,6,0,4,9,446,463,42,14,0,0,1,0,441,452,41,0,0,0,382,393,74,13,4,9,1,0,3,4,2,11,4,2,26,3,8,5,363,376,112,12,0,4,7,0,22,13,1,10,0,2,2,2,1,10,355,360,27,9,0,3,62,76,1,0,0,1,102,502,483,14,0,0,0,0,1,1,6,482,450,12,0,0,0,0,14,12,2,0,0,0,0,29,456,531,19,3,457,35,267,247,3,1243,1009,1,181,214,0,2,192,202,2,1,1114,397
2012,78,4,1,1175,1491,40,10,6,6,0,4,11,1182,1470,32,13,4,4,0,1152,1457,32,7,4,4,5,15,4,2,1,2,46,1148,1447,54,0,0,6,0,14,21,1116,1450,57,11,0,0,2,0,1108,1449,59,0,0,0,1021,1351,119,16,3,9,1,0,8,2,3,20,5,3,37,16,2,8,968,1303,194,9,1,7,12,0,53,33,7,6,0,14,2,4,1,9,951,1277,44,5,1,4,140,138,8,0,0,0,146,1155,1540,15,0,0,0,0,7,10,16,1129,1493,15,0,0,0,0,18,14,4,0,0,0,0,52,1387,1208,137,19,1052,82,614,981,22,3793,2748,1,365,497,11,2,352,513,6,4,3671,875
2012,78,5,1,202,202,3,2,2,0,0,1,1,207,195,0,1,2,0,0,199,195,3,2,2,0,0,3,0,0,0,0,7,198,200,2,0,0,1,0,1,2,196,189,2,3,0,0,0,0,193,192,3,0,0,0,186,180,4,2,3,0,0,0,0,1,1,2,0,0,5,4,1,1,173,175,22,2,3,0,0,0,9,4,1,2,0,0,0,0,0,1,166,173,2,2,1,0,27,13,0,0,0,0,26,196,207,3,0,0,0,0,0,2,3,192,203,3,0,0,0,0,3,1,0,0,0,0,0,6,186,205,19,3,178,20,71,143,1,538,413,1,95,77,2,1,91,82,1,1,524,175
2012,78,6,1,622,1020,23,5,2,5,2,9,7,636,1002,21,8,2,5,1,614,999,19,4,2,5,3,9,1,1,0,0,25,616,960,27,0,0,10,0,22,18,590,983,28,8,0,0,0,0,585,972,28,0,0,0,537,918,55,8,0,6,0,0,3,5,4,11,3,7,28,11,0,7,519,894,99,3,0,6,0,0,32,17,1,3,3,6,5,1,0,6,507,877,20,3,0,3,67,71,2,0,0,3,107,633,1016,20,0,0,0,0,8,7,9,620,990,17,0,0,0,0,14,5,0,0,0,0,0,34,964,614,104,16,542,34,358,746,18,2242,1698,1,252,305,3,5,244,314,2,5,2192,565
2012,78,7,1,337,385,16,2,0,1,1,1,3,343,381,14,2,0,2,0,332,376,13,1,0,1,4,3,0,1,0,1,11,316,391,20,0,0,1,0,7,3,323,379,18,1,0,0,3,0,319,380,19,0,0,0,294,350,42,1,0,1,1,0,0,2,1,4,0,3,14,3,0,3,284,333,72,0,0,2,4,0,6,6,1,1,0,2,0,1,0,0,273,325,15,0,0,1,42,49,0,1,0,0,31,316,417,6,0,0,0,0,1,3,1,311,408,6,0,0,0,0,5,1,1,0,0,0,0,11,361,349,33,4,301,22,169,251,4,998,747,1,123,122,0,4,115,133,0,1,907,249
2012,78,8,1,313,550,22,2,0,2,0,1,1,318,539,18,6,1,3,0,312,538,18,2,0,2,1,3,2,0,0,1,10,329,513,25,0,0,3,0,5,4,290,535,21,4,0,0,2,0,289,535,26,0,0,0,268,508,42,4,1,2,1,0,2,0,1,3,1,1,13,4,0,3,255,494,61,1,2,2,2,0,17,5,8,0,0,3,0,1,0,2,250,470,21,0,1,2,32,56,1,0,0,1,48,293,577,13,0,0,0,0,1,3,1,287,566,12,0,0,0,0,2,4,1,0,0,0,0,15,503,347,36,5,286,39,189,375,2,1159,891,1,142,165,0,3,133,171,3,3,1120,310
2012,78,9,1,671,663,30,5,6,11,0,7,3,688,643,28,8,2,11,0,667,642,27,4,2,9,3,4,2,0,0,0,31,682,628,32,0,0,6,0,13,8,667,622,32,7,0,0,1,0,661,623,34,0,0,0,608,574,66,7,2,7,1,0,8,4,1,5,2,5,22,10,5,2,582,554,105,2,3,8,3,0,29,13,5,10,1,7,5,1,0,2,567,543,24,1,0,2,79,60,3,0,1,3,97,797,568,15,0,0,0,0,4,5,3,766,545,12,0,0,0,0,19,10,5,0,0,0,0,36,615,707,66,13,611,46,268,465,11,2048,1401,1,302,248,6,0,287,262,3,4,1982,556
2012,78,10,1,342,224,3,1,2,1,0,1,3,339,222,3,2,2,1,0,337,220,3,1,2,1,2,0,0,0,0,0,8,321,224,6,0,0,1,20,8,7,321,216,6,0,0,0,0,0,320,213,6,0,0,0,312,197,12,0,1,1,0,0,0,0,1,4,0,0,7,2,2,4,302,194,15,0,1,1,2,0,12,5,1,4,0,1,1,1,0,0,295,189,4,0,1,0,21,19,0,0,0,0,34,348,222,3,0,0,0,0,0,0,4,343,216,3,0,0,0,0,4,4,0,0,0,0,0,4,226,310,28,15,300,5,128,131,15,877,579,1,123,73,0,0,117,79,0,0,826,196
2012,78,11,1,385,292,19,1,2,3,0,0,2,397,287,11,2,2,5,0,383,286,11,1,2,3,3,1,1,1,0,1,12,379,291,17,0,0,2,0,3,2,373,288,16,3,0,0,0,0,370,284,17,0,0,0,355,256,34,4,0,1,0,0,2,0,1,1,1,4,10,2,2,2,341,247,51,3,0,1,1,0,11,7,1,0,0,2,0,3,0,2,334,244,13,1,0,1,26,33,1,1,0,1,47,431,260,6,0,0,0,0,2,2,3,388,249,6,0,0,0,0,18,10,2,0,0,0,0,29,287,389,26,5,370,19,102,212,4,961,707,1,175,144,0,0,173,145,1,0,949,319
2012,78,12,1,204,146,4,0,0,0,0,2,1,205,141,4,0,0,0,0,202,141,4,0,0,0,0,3,0,0,0,0,4,189,146,7,0,0,0,0,7,4,185,139,7,0,0,0,0,0,184,139,7,0,0,0,178,134,10,0,1,0,0,0,0,0,3,1,0,0,2,1,0,2,170,130,18,0,2,0,1,0,7,4,0,2,0,0,0,0,0,1,165,126,6,0,1,0,18,13,0,0,0,0,18,188,157,4,0,0,0,0,0,2,3,173,153,2,0,0,0,0,9,3,1,0,0,0,0,12,150,175,33,0,154,8,51,144,1,523,357,1,80,67,3,0,81,66,3,0,501,150
2012,78,77,1,83,80,2,0,0,1,0,3,0,83,80,2,0,0,0,0,82,80,2,0,0,0,0,0,0,0,0,1,1,81,75,4,0,0,0,0,5,2,79,77,3,0,0,0,0,0,79,77,3,0,0,0,72,74,5,0,0,0,0,0,0,1,0,0,0,0,5,0,1,1,70,69,7,0,0,0,1,0,3,1,0,4,0,1,0,0,0,0,67,71,3,0,0,0,9,7,0,0,0,0,4,85,72,4,0,0,0,0,0,3,0,79,70,4,0,0,0,0,3,2,0,0,0,0,0,5,96,65,7,1,59,3,23,82,2,0,169,1,23,25,3,0,7,42,2,0,0,51
2012,78,78,1,30,26,1,0,0,0,0,0,0,29,26,1,0,1,0,0,29,26,1,0,0,0,0,0,0,0,0,0,1,2,2,0,0,0,0,0,0,0,9,6,0,0,0,0,0,0,9,5,1,0,0,0,1,4,2,1,0,0,0,0,0,0,0,0,0,0,0,1,0,0,1,3,2,0,0,0,0,0,0,1,0,0,0,0,0,0,0,0,1,2,0,0,0,0,0,1,0,0,0,0,13,9,6,0,0,0,0,0,0,0,2,9,5,0,0,0,0,0,0,1,0,0,0,0,0,0,24,30,3,0,24,4,16,12,1,0,57,1,16,25,0,1,9,32,0,1,0,42
2012,78,79,1,0,0,0,0,0,0,0,0,1,0,0,0,0,0,0,0,0,0,0,0,0,0,0,0,0,0,0,0,0,1,0,0,0,0,0,0,0,1,0,1,0,0,0,0,0,0,0,0,0,0,0,0,0,0,0,0,0,0,0,0,0,0,0,0,0,0,0,0,0,0,0,0,0,0,0,0,0,0,0,0,0,0,0,0,0,0,0,0,0,0,0,0,0,0,0,0,0,0,0,0,1,0,0,0,0,0,0,0,0,0,1,0,0,0,0,0,0,0,0,0,0,0,0,0,0,0,0,0,0,0,0,0,0,0,0,0,1,,,,,,,,,,,
2012,79,1,1,308,248,10,2,1,4,0,2,5,316,242,5,4,2,3,0,303,236,5,1,1,3,2,6,0,0,1,1,14,293,250,13,0,0,0,0,6,8,286,247,14,4,0,0,0,0,283,249,14,0,0,0,278,239,21,2,1,0,1,0,1,0,7,2,0,0,0,0,0,0,271,227,36,3,1,0,0,0,0,4,0,1,0,1,0,0,5,1,267,225,9,2,1,0,15,22,1,0,0,0,24,293,272,4,0,0,0,0,0,5,4,285,264,4,0,0,0,0,2,1,1,0,0,0,0,14,245,297,35,3,274,15,83,201,7,734,580,1,100,68,2,2,104,66,2,0,711,172
2012,79,2,1,344,304,13,3,0,5,0,2,5,351,299,7,6,0,2,0,339,292,7,3,0,1,0,3,3,0,0,3,19,317,321,13,0,0,5,0,4,7,310,318,16,4,0,0,3,0,314,309,17,0,0,0,288,284,35,2,0,5,0,0,0,2,15,2,0,3,3,3,0,4,275,266,57,5,0,3,1,0,1,5,1,2,0,3,0,0,10,10,267,257,9,1,0,1,40,46,2,0,0,0,43,322,338,5,0,1,0,0,0,2,6,314,326,5,0,0,1,0,6,3,1,0,0,1,0,12,285,363,23,5,332,20,123,198,3,842,677,1,144,120,1,3,147,117,1,3,817,268
2012,79,3,1,142,165,11,1,1,2,0,1,2,143,161,8,2,2,1,0,139,158,8,1,0,2,1,2,0,0,0,1,11,129,166,9,0,0,1,2,6,2,128,168,9,1,0,0,0,0,128,161,11,0,0,0,129,157,16,1,0,1,0,0,0,0,4,1,0,0,0,1,3,0,117,151,22,1,0,1,0,0,0,1,1,0,1,1,2,0,3,3,116,147,7,0,0,0,10,11,1,1,0,1,23,144,169,5,0,1,0,0,0,4,1,137,156,5,0,0,0,0,3,6,1,0,0,1,0,11,150,152,20,3,122,14,55,133,1,451,325,1,34,46,1,0,32,49,0,0,433,81
2012,79,4,1,226,105,3,0,2,0,0,0,1,225,104,3,0,2,0,0,223,102,3,0,2,0,2,0,0,0,0,0,4,225,102,2,0,0,0,2,0,0,212,106,3,0,0,0,0,0,214,105,2,0,0,0,203,99,11,0,1,0,0,0,0,2,8,2,0,0,0,1,0,1,196,99,16,0,1,0,0,0,0,0,0,1,0,3,0,0,6,0,195,94,2,0,0,1,17,7,1,0,0,0,20,231,101,2,0,1,0,0,0,0,2,224,93,2,0,0,0,0,5,4,1,0,0,0,0,6,115,212,5,5,190,5,52,86,4,485,337,1,88,54,0,0,82,60,0,0,468,142
2012,79,5,1,260,156,4,3,0,1,0,1,0,260,152,4,4,0,1,0,257,149,4,3,0,1,0,2,0,0,0,0,8,250,153,7,0,0,1,0,3,1,248,150,6,1,0,0,0,0,248,147,6,0,0,0,240,138,15,4,0,1,1,0,0,0,4,1,0,0,1,0,0,0,239,70,23,4,0,1,1,0,0,1,0,0,0,1,0,0,2,0,234,127,6,4,0,0,12,17,0,0,0,0,20,267,153,4,0,0,0,0,0,1,0,257,149,3,0,0,0,0,2,5,0,0,0,0,0,8,151,253,18,2,229,4,61,128,2,608,423,1,80,64,2,0,73,68,4,1,572,146
2012,79,6,1,186,126,1,1,0,1,0,0,2,189,118,2,2,0,1,0,183,118,1,1,0,1,1,3,0,0,0,0,6,160,141,4,0,0,1,0,3,1,163,127,6,2,0,0,0,0,162,126,4,0,0,0,158,116,10,0,0,2,0,0,2,0,5,0,0,0,0,0,0,2,156,112,16,0,0,1,0,0,0,1,0,1,0,1,0,0,3,3,150,109,2,0,0,1,10,14,1,0,0,0,25,172,137,1,0,1,0,0,0,1,1,117,119,0,0,0,1,0,36,3,0,0,0,0,0,65,132,167,13,4,166,6,61,83,0,403,316,1,77,43,0,0,70,50,0,0,384,120
2012,79,7,1,141,143,1,0,1,0,0,1,0,140,138,0,0,1,0,0,133,136,0,0,1,0,1,1,0,0,0,0,15,128,150,1,0,0,1,0,0,2,121,142,1,0,0,0,0,0,122,142,1,0,0,0,118,138,2,0,1,1,0,0,2,1,5,0,1,0,0,0,1,0,111,135,11,0,1,2,1,0,0,1,0,0,0,0,0,0,9,1,109,133,1,0,1,1,9,8,0,0,0,0,25,144,138,0,0,1,0,0,0,0,2,133,130,0,0,0,1,0,0,5,0,0,0,0,0,18,156,104,28,1,103,5,61,115,5,431,289,1,34,43,1,1,32,46,0,1,417,79
2012,79,8,1,140,135,1,1,2,0,0,0,2,144,129,1,0,2,1,0,138,129,1,0,2,0,0,3,0,1,0,0,5,114,157,2,0,0,0,0,0,2,119,138,2,0,0,0,0,0,120,138,2,0,0,0,116,134,6,0,0,0,0,0,0,1,2,1,0,0,1,1,1,1,115,131,8,0,0,1,1,0,0,0,0,0,0,2,1,0,2,1,110,128,1,0,0,0,6,9,1,0,0,0,24,121,153,2,0,0,0,0,0,0,1,118,143,0,0,0,0,0,4,1,1,0,0,0,0,13,138,130,13,0,121,6,36,116,2,375,281,1,69,48,2,1,71,46,3,0,371,120
2012,79,9,1,615,690,23,8,2,5,0,6,5,628,678,18,9,3,3,0,603,669,16,6,2,3,2,6,4,0,0,0,35,529,746,22,0,0,5,0,15,4,537,713,19,10,0,0,1,0,537,690,31,0,0,0,521,642,58,5,3,4,0,0,5,6,26,11,3,0,1,2,5,0,488,616,94,5,4,4,8,0,0,6,0,2,1,10,1,2,32,10,461,604,12,4,2,2,70,71,6,0,0,2,102,620,710,18,0,1,0,0,1,2,5,580,678,17,0,0,1,0,15,10,2,0,0,2,0,40,644,628,72,13,545,49,330,412,21,1870,1357,1,202,236,1,2,190,248,1,2,1760,441
2012,79,10,1,534,495,15,4,2,2,2,2,2,540,488,10,3,2,2,0,520,476,10,3,2,1,4,8,2,1,0,0,31,503,507,13,0,0,3,0,9,7,491,496,13,3,0,0,0,0,494,491,18,0,0,0,466,471,26,4,1,2,0,0,3,3,20,4,2,6,0,2,0,0,456,445,49,3,1,4,6,0,0,1,3,4,1,6,1,2,18,6,444,439,11,1,1,2,43,38,2,0,0,1,67,551,493,8,0,2,0,0,1,2,5,535,486,7,0,0,2,0,3,5,0,0,0,0,0,18,490,507,51,16,445,26,224,358,11,1553,1063,1,178,143,0,3,161,160,0,3,1508,324
2012,79,11,1,877,1005,49,6,4,5,0,6,15,894,985,38,6,5,3,0,859,972,38,3,4,2,7,5,1,1,0,3,51,795,1033,44,0,0,3,0,21,13,776,1007,46,8,0,0,2,0,778,997,54,0,0,0,727,949,85,7,3,5,1,0,8,1,32,9,4,1,2,2,3,5,708,910,134,7,2,2,12,0,2,2,2,4,0,1,2,0,36,16,684,884,36,2,2,2,72,84,4,1,0,0,162,908,996,31,0,4,0,0,3,11,10,851,954,29,0,0,2,0,23,22,2,0,0,1,0,62,1003,873,72,19,753,75,463,652,24,2583,1967,1,305,333,5,2,287,353,2,3,2503,645
2012,79,12,1,404,517,37,6,2,8,0,2,4,417,506,32,7,2,4,0,402,500,31,5,2,5,2,3,1,0,1,3,25,357,554,32,0,0,10,0,5,0,366,525,34,10,0,0,1,0,362,514,47,0,0,0,343,490,59,12,0,8,0,0,1,3,13,7,6,1,0,0,1,0,331,467,92,9,0,7,3,0,0,1,1,0,0,3,0,0,14,12,317,462,30,3,0,6,37,43,4,4,0,0,71,399,543,28,0,2,0,0,1,3,3,373,516,28,0,0,2,0,13,9,1,0,0,0,0,34,476,458,41,7,381,55,294,247,5,1297,982,1,189,258,4,2,174,273,3,3,1260,453
2012,79,13,1,692,614,38,5,2,6,0,2,6,698,602,36,6,2,4,0,681,594,33,3,1,4,1,2,2,0,1,1,32,650,622,41,0,0,5,1,7,4,645,594,42,6,0,0,4,0,647,589,44,0,0,0,599,547,71,8,2,1,0,0,10,2,24,5,8,4,3,2,1,1,578,529,114,5,1,2,8,1,2,5,1,1,1,3,1,2,27,12,564,506,34,1,0,1,69,64,3,2,1,0,108,690,626,28,0,3,0,0,0,7,6,662,589,26,0,0,3,0,15,9,5,0,0,0,0,42,559,747,50,8,633,61,331,334,5,1930,1364,1,289,282,2,1,274,295,4,1,1863,574
2012,79,14,1,364,429,14,6,3,4,0,0,0,369,417,12,7,4,3,0,361,414,12,6,3,3,0,3,1,0,0,1,16,354,427,13,0,0,8,1,2,2,347,412,22,7,0,0,2,0,355,407,19,0,0,0,314,375,36,9,3,5,0,0,3,5,16,4,1,2,2,2,3,3,306,362,60,4,3,4,0,0,0,1,0,0,1,5,2,2,14,9,297,357,11,2,2,2,44,40,2,2,1,2,56,397,405,12,0,3,0,0,0,0,1,375,391,9,0,0,2,0,8,4,2,0,0,1,0,29,380,394,40,8,340,25,217,237,3,1069,822,1,134,199,1,0,143,190,0,1,1016,334
2012,79,15,1,494,537,34,2,3,6,2,1,5,508,523,26,4,4,4,0,481,514,26,2,2,4,2,9,2,0,0,0,37,480,553,23,0,0,4,1,6,2,465,531,31,3,0,0,1,4,469,522,36,0,0,0,443,494,53,4,3,3,1,0,4,4,18,3,2,0,4,3,0,4,425,462,87,1,2,3,7,0,1,3,2,1,0,6,0,2,12,12,415,447,16,0,1,2,39,58,6,0,1,0,93,506,551,17,0,1,0,0,2,4,2,484,517,17,0,0,1,0,7,11,2,0,0,1,0,39,487,549,43,5,468,46,281,280,9,1441,1084,1,193,220,1,0,195,216,3,0,1416,414
2012,79,16,1,490,570,35,4,7,5,1,2,4,508,553,28,5,7,4,1,482,544,26,4,4,2,3,8,4,0,0,0,34,469,586,22,0,0,6,1,7,3,467,570,30,9,0,0,0,3,469,556,39,0,0,0,425,514,59,8,1,2,0,0,3,5,24,4,6,2,3,2,4,3,398,484,108,3,1,1,11,1,0,4,0,1,0,8,3,0,20,8,387,467,19,1,0,1,71,75,3,2,0,2,80,491,594,19,0,3,0,0,2,2,3,463,569,17,0,0,0,0,13,9,4,0,0,2,0,36,508,559,49,2,478,43,309,278,10,1476,1118,1,238,290,0,4,229,298,1,4,1440,532
2012,79,17,1,963,1124,53,8,7,19,0,11,6,994,1093,45,11,7,15,0,944,1075,43,6,6,13,5,14,3,1,0,5,60,893,1164,41,0,0,9,1,9,15,875,1121,47,11,0,0,1,0,890,1104,59,0,0,0,810,1033,106,11,7,10,2,0,7,8,33,12,4,5,0,1,7,5,776,977,176,7,4,5,12,1,2,8,5,9,1,9,6,1,41,24,740,952,35,2,4,3,122,108,5,3,0,0,193,1002,1134,25,0,4,0,0,1,10,13,941,1073,24,1,0,3,0,25,19,6,0,0,0,0,79,1065,1055,52,21,915,89,593,571,25,2938,2192,1,425,463,7,4,406,492,0,1,2760,899
2012,79,18,1,231,290,8,2,0,1,0,2,2,231,287,3,4,0,2,0,228,284,2,2,0,0,0,4,1,0,0,0,12,177,341,2,0,0,1,0,5,6,195,291,2,5,0,0,0,0,196,285,3,0,0,0,174,278,6,2,0,0,0,0,1,1,18,2,2,2,3,0,1,0,163,272,19,3,0,0,1,0,0,4,0,0,1,2,5,1,13,5,143,267,2,2,0,0,48,15,0,0,0,0,49,223,307,1,0,0,0,0,0,1,0,214,296,1,0,0,0,0,3,0,1,0,0,1,0,20,273,233,25,5,208,7,137,176,8,746,537,1,120,112,1,0,116,114,1,2,722,233
2012,79,19,1,436,375,35,7,1,12,3,0,8,460,358,29,7,1,8,1,431,351,25,7,1,8,3,7,9,0,0,1,27,425,386,30,0,0,9,1,1,4,415,381,38,12,0,0,1,1,417,362,43,0,0,0,376,336,59,15,1,10,0,0,6,1,19,8,5,1,1,1,4,3,356,319,83,5,2,8,7,0,0,4,1,1,1,3,3,1,27,13,343,304,22,3,2,1,57,40,5,2,0,1,93,446,403,16,0,8,0,0,0,1,4,428,375,16,0,0,6,0,9,11,6,0,0,1,0,22,332,528,15,4,440,47,218,168,6,1070,879,1,204,208,2,1,215,200,0,0,970,415
2012,79,20,1,874,938,65,8,6,13,1,4,7,904,912,54,10,7,10,0,858,892,51,4,5,9,5,13,8,1,2,3,59,821,969,58,0,0,11,1,8,7,820,937,59,9,0,0,5,0,831,925,82,0,0,0,759,836,139,9,4,6,0,1,5,5,30,16,7,2,5,8,6,3,728,784,211,7,2,4,9,0,0,2,1,6,1,6,2,1,28,33,697,757,48,1,1,2,102,127,8,2,1,1,159,897,972,29,0,3,0,0,1,8,7,846,921,27,0,0,2,0,24,19,6,0,0,2,0,59,853,1002,57,9,843,82,437,542,17,2602,1921,1,318,425,0,1,308,434,1,1,2446,744
2012,79,21,1,606,673,69,6,6,5,1,3,1,634,664,54,7,2,4,1,601,648,54,6,3,3,1,5,4,0,0,2,33,582,678,57,0,0,11,1,2,4,576,677,54,8,0,0,0,1,579,661,67,0,0,0,520,603,99,15,1,9,0,0,3,4,26,10,6,5,2,6,4,3,497,563,149,6,2,7,1,0,1,7,3,5,0,8,2,2,24,26,386,437,31,2,1,3,56,75,3,0,0,0,112,622,697,40,0,1,0,0,3,1,2,471,524,30,0,0,1,0,11,27,1,0,0,0,0,45,609,741,17,7,592,72,383,323,4,1725,1374,1,328,370,3,2,301,397,3,2,1642,703
2012,79,22,1,230,224,35,3,3,11,0,0,0,251,220,19,6,1,6,0,225,212,17,3,1,6,4,3,6,0,0,1,28,228,224,25,0,0,9,0,1,0,216,228,25,9,0,0,6,0,227,222,31,0,0,0,194,198,45,5,0,6,0,0,3,1,18,3,6,2,0,0,3,4,183,195,59,2,0,8,2,0,0,5,2,2,0,1,2,1,19,6,178,182,19,1,0,4,34,23,4,1,0,1,57,237,250,14,0,2,0,0,0,2,0,227,233,14,0,0,2,0,4,5,1,0,0,1,0,16,202,290,10,4,227,37,128,106,8,605,506,1,112,119,1,0,108,124,0,0,564,232
2012,79,23,1,289,326,5,0,0,0,0,3,4,290,319,5,1,0,0,0,283,314,5,0,0,0,3,3,0,0,0,0,13,262,345,6,0,0,1,0,2,4,256,327,7,2,0,0,0,0,259,330,7,0,0,0,243,313,17,1,1,1,0,0,0,0,10,5,4,1,0,0,1,1,228,305,33,1,1,2,4,0,0,0,2,1,1,1,0,0,15,4,223,302,6,1,0,1,32,21,0,0,0,0,36,271,345,3,0,0,0,0,0,4,3,263,339,3,0,0,1,0,4,0,0,0,0,0,0,12,318,277,16,16,246,14,163,190,14,908,627,1,109,119,3,2,107,122,2,2,883,233
2012,79,77,1,181,162,5,1,5,1,0,8,0,183,164,5,1,1,1,0,174,161,5,1,1,1,2,1,0,0,0,0,11,179,160,7,0,0,2,0,9,1,175,161,6,2,0,0,0,0,177,157,7,0,0,0,158,151,9,2,0,2,0,0,1,2,10,2,2,1,0,0,0,0,150,146,15,2,1,1,0,0,0,2,1,1,0,4,1,0,14,2,149,142,5,2,0,1,21,12,1,0,0,0,20,174,170,6,0,1,0,0,0,9,0,165,170,5,0,0,1,0,1,0,0,0,0,0,0,10,167,169,25,1,135,19,62,145,1,0,365,1,36,80,15,2,13,104,14,2,0,133
2012,79,78,1,100,45,4,0,0,1,0,1,5,97,46,3,1,0,1,0,94,42,3,0,0,1,1,3,0,0,0,0,7,32,17,1,0,0,0,0,0,0,33,16,0,0,0,0,0,0,32,16,0,0,0,0,31,16,1,0,0,0,0,0,0,0,0,0,0,0,0,0,0,0,31,15,1,0,0,0,0,0,0,0,0,0,0,0,0,0,0,0,31,14,0,0,0,0,0,2,0,0,0,0,4,30,15,0,0,0,0,0,0,0,1,26,14,0,0,0,0,0,2,1,0,0,0,0,0,4,73,70,12,3,58,9,29,60,2,0,157,1,40,49,2,1,32,59,0,1,0,92
2012,79,79,1,0,0,0,0,0,0,0,0,1,0,0,0,0,0,0,0,0,0,0,0,0,0,0,0,0,0,0,0,0,0,0,0,0,0,0,0,0,0,0,0,0,0,0,0,0,0,0,0,0,0,0,0,0,0,0,0,0,0,0,0,0,0,0,0,0,0,0,0,0,0,0,0,0,0,0,0,0,0,0,0,0,0,0,0,0,0,0,0,0,0,0,0,0,0,0,0,0,0,0,0,0,0,0,0,0,0,0,0,0,0,0,0,0,0,0,0,0,0,0,0,0,0,0,0,0,0,0,0,0,0,0,0,0,0,0,0,1,,,,,,,,,,,
2012,80,1,1,480,294,30,2,1,2,0,3,0,484,292,27,1,1,1,0,474,287,27,1,1,1,1,1,1,1,0,0,15,454,304,26,0,0,1,0,5,4,452,287,28,2,0,0,0,0,447,285,29,0,0,0,437,272,38,3,0,1,0,0,3,4,2,1,0,1,0,1,16,0,424,264,52,1,0,0,2,0,4,2,14,1,0,4,0,1,3,3,409,255,24,1,0,0,33,22,2,0,0,0,58,439,334,25,0,5,0,0,1,3,2,419,302,23,0,0,1,0,12,16,0,0,0,0,0,35,283,493,33,4,444,30,170,166,3,1073,813,1,277,174,3,1,273,179,2,1,1045,455
2012,80,2,1,704,715,47,2,2,7,0,2,5,719,707,40,3,0,5,0,700,699,39,1,0,5,2,5,6,0,0,0,21,688,716,45,0,0,5,0,8,4,682,697,47,3,0,0,2,0,673,692,43,0,0,0,628,645,90,2,1,3,1,0,2,1,2,7,0,7,2,2,30,2,604,605,135,4,2,4,5,0,0,5,28,4,2,2,0,2,2,18,579,593,40,0,1,0,87,74,2,0,0,3,94,646,783,34,0,6,0,0,2,4,6,622,750,28,0,0,2,0,22,13,4,0,0,1,0,33,673,746,61,5,650,115,265,450,5,2020,1485,1,282,279,2,2,286,276,2,1,1904,565
2012,80,3,1,486,421,34,1,4,8,1,3,1,492,415,36,1,3,3,0,479,404,32,1,3,2,3,4,3,0,1,4,20,493,399,37,0,0,1,0,7,4,463,406,41,4,0,0,1,0,463,403,40,0,0,0,436,374,75,2,1,3,1,0,1,0,1,4,0,0,0,1,17,1,433,363,93,2,1,1,2,0,5,1,14,1,0,1,0,1,4,4,413,350,36,2,1,0,44,48,3,0,0,1,52,433,482,31,0,5,0,0,0,2,1,414,456,28,1,0,1,0,13,8,3,0,0,0,0,33,375,552,25,8,459,54,224,220,3,1306,960,1,214,208,3,2,218,204,1,4,1221,427
2012,80,4,1,509,479,25,1,1,12,0,2,5,510,471,21,1,1,12,0,500,465,20,1,1,11,2,5,1,0,0,1,20,492,474,22,0,0,13,0,5,4,466,475,22,3,0,0,2,0,465,471,22,0,0,0,447,441,46,3,0,15,1,0,1,1,3,5,0,1,5,1,15,3,434,424,65,2,1,12,2,0,1,3,24,3,1,0,2,3,0,8,429,415,19,1,0,10,31,46,2,0,1,2,70,434,557,14,0,12,0,0,0,5,2,411,534,11,1,0,10,0,14,4,3,0,0,3,0,36,452,526,51,5,479,32,264,252,7,1505,1034,1,176,212,4,4,174,219,0,3,1439,396
2012,80,5,1,1114,1247,48,5,9,6,1,6,10,1122,1227,40,10,8,4,1,1095,1217,39,5,8,3,1,7,3,0,0,2,52,1089,1232,52,0,0,6,1,13,12,1058,1220,54,8,0,0,3,3,1053,1210,56,0,0,0,985,1183,100,5,5,8,0,0,1,3,10,6,2,8,4,1,37,0,953,1145,149,3,6,6,12,0,1,5,51,5,2,2,0,0,3,17,926,1114,46,3,3,3,105,84,5,0,0,1,133,1006,1382,30,0,10,0,0,0,8,7,954,1327,28,2,0,8,0,36,21,4,0,0,1,0,52,1168,1172,94,14,978,92,631,733,14,3439,2448,1,394,395,8,1,381,404,11,2,3210,798
2012,80,6,1,437,434,18,5,1,3,0,0,6,441,432,7,3,1,0,0,427,424,13,2,1,0,5,1,3,0,0,0,21,442,410,20,0,0,1,0,3,8,426,404,21,2,0,0,1,0,425,406,20,0,0,0,394,383,47,1,2,2,0,0,2,1,4,2,4,2,2,1,9,2,378,368,53,1,3,2,5,0,2,6,14,2,0,2,0,0,1,10,369,355,18,0,1,1,48,44,1,0,0,0,54,415,462,11,0,6,0,0,0,4,2,393,444,10,0,0,2,0,12,6,3,0,0,1,0,25,429,430,37,6,383,30,231,255,3,1149,902,1,179,156,4,2,171,163,5,2,1082,341
2012,80,7,1,412,398,43,0,1,1,0,4,1,424,390,39,1,0,0,0,409,387,38,0,0,0,1,5,2,0,0,0,15,440,371,34,0,0,0,0,5,4,398,380,40,2,0,0,1,0,398,377,39,0,0,0,373,361,55,2,1,0,0,0,0,0,2,2,3,2,0,0,10,2,365,356,66,1,1,1,0,0,0,0,12,0,2,1,0,0,0,6,356,339,33,1,0,0,32,31,5,0,1,0,54,369,451,28,0,2,0,0,0,4,1,353,426,26,2,0,2,0,9,8,4,0,0,0,0,25,373,438,41,8,376,45,206,226,7,1164,861,1,134,172,2,2,151,157,1,1,1100,310
2012,80,8,1,71,122,1,0,0,1,0,1,2,71,122,1,0,0,1,0,71,122,1,0,0,1,0,0,0,0,0,0,0,77,116,0,0,0,0,0,1,1,73,113,0,1,0,0,1,0,75,113,0,0,0,0,70,111,3,0,0,1,0,0,0,1,2,0,0,0,0,0,3,0,69,109,10,0,0,1,0,0,1,0,2,0,0,0,0,0,1,0,65,108,0,0,0,0,7,6,0,0,0,0,10,76,121,0,0,0,0,0,0,0,1,76,121,0,0,0,0,0,0,0,0,0,0,0,0,0,117,70,11,0,68,8,64,58,0,272,198,1,27,29,0,2,25,31,0,2,258,58
2012,80,9,1,518,560,38,3,1,8,0,1,4,524,558,39,1,0,3,0,512,551,36,1,0,4,4,2,2,1,0,1,14,493,575,33,0,0,5,0,5,8,496,555,36,2,0,0,0,0,490,554,39,0,0,0,457,524,63,4,1,3,0,0,2,3,2,5,0,3,2,0,18,1,439,500,94,4,1,3,2,0,0,4,21,2,0,2,0,2,1,9,421,489,30,1,1,1,59,54,4,0,0,2,58,464,633,17,0,6,0,0,1,3,1,452,597,18,0,0,3,0,16,13,4,0,0,0,0,25,497,605,26,5,485,54,321,271,2,1465,1133,1,286,324,1,1,286,325,0,1,1423,612
2012,80,77,1,206,181,3,0,0,1,0,1,1,208,177,3,0,0,1,0,202,176,2,0,0,0,3,1,0,0,0,0,7,207,174,3,0,0,0,0,3,0,202,177,5,0,0,0,0,0,201,175,4,0,0,0,197,173,5,0,0,1,0,0,1,0,0,0,0,0,0,0,1,1,197,173,6,0,0,0,0,0,0,1,3,1,0,0,0,0,1,0,194,169,3,0,0,0,7,4,0,0,0,0,10,202,175,3,0,1,0,0,0,1,0,195,174,1,0,0,0,0,3,1,0,0,0,0,0,7,183,193,12,4,179,3,98,107,5,0,393,1,14,26,8,2,1,41,6,2,0,50
2012,80,78,1,37,26,2,0,0,0,0,0,1,37,26,2,0,0,0,0,35,25,2,0,0,0,0,0,0,0,0,0,3,12,4,0,0,0,0,0,0,0,12,4,0,0,0,0,0,0,12,4,0,0,0,0,9,4,3,0,0,0,0,0,0,0,0,1,0,0,0,0,0,0,9,4,4,0,0,0,0,1,0,0,0,0,0,0,0,0,0,0,9,2,0,0,0,0,0,0,0,0,0,0,10,9,3,0,0,0,0,0,0,0,0,8,3,0,0,0,0,0,0,0,0,0,0,0,0,1,32,31,2,1,26,1,13,25,1,0,66,1,6,17,1,1,3,22,0,0,0,25
2012,81,1,1,494,391,48,5,3,16,0,0,3,509,390,39,5,1,12,0,489,381,39,4,1,12,1,3,5,2,1,2,20,481,386,44,13,0,0,0,4,1,484,386,43,9,1,10,0,0,468,383,46,0,0,0,452,339,72,29,0,7,0,0,4,5,1,2,0,4,4,5,2,4,419,316,98,10,1,7,7,0,1,13,2,1,23,24,1,1,0,6,411,306,33,5,0,2,41,61,9,2,0,3,84,506,417,35,0,0,0,0,0,1,2,484,406,34,0,0,0,0,4,7,1,0,0,0,0,24,373,542,34,14,428,61,233,231,10,1177,963,1,194,215,5,5,200,213,3,3,1108,419
2012,81,2,1,406,542,23,3,1,2,0,5,1,414,537,17,4,2,1,0,402,536,17,3,1,2,1,2,2,0,0,0,12,407,537,23,2,0,0,0,1,1,392,543,21,3,2,2,0,0,391,544,21,0,0,0,388,518,37,4,2,4,0,0,96,0,0,0,0,0,2,5,2,1,363,508,63,2,1,2,3,0,0,5,0,1,10,6,0,0,0,0,363,498,18,1,1,1,22,40,1,0,0,0,37,393,575,12,0,0,0,0,0,1,3,383,560,12,0,0,0,0,6,9,0,0,0,0,0,10,488,447,43,6,385,38,248,309,4,1272,984,1,139,161,1,0,134,165,2,0,1255,301
2012,81,3,1,188,215,9,1,1,5,0,0,4,188,219,7,2,1,3,0,186,212,6,1,1,3,5,1,3,0,0,1,5,185,216,9,6,0,0,0,1,3,184,216,10,2,2,5,0,0,180,221,9,0,0,0,174,203,19,3,0,3,0,1,1,1,0,0,2,2,0,1,2,2,161,197,41,2,0,2,1,0,0,0,0,0,4,5,0,0,1,2,160,196,6,0,0,1,20,17,0,0,0,2,18,184,232,6,0,0,0,0,1,1,0,182,218,6,0,0,0,0,1,3,2,0,0,0,0,11,195,212,16,1,187,15,83,139,0,553,424,1,67,101,1,1,65,104,0,1,532,170
2012,81,4,1,466,525,36,5,5,5,0,1,7,478,515,31,8,5,5,0,460,509,30,5,5,4,1,3,2,0,0,1,24,442,519,46,3,0,0,0,0,4,441,522,43,7,4,4,0,0,433,514,46,0,0,0,410,487,64,7,7,8,0,0,5,2,1,1,3,1,0,1,2,2,379,450,105,5,5,4,14,0,0,3,2,0,17,20,1,0,0,2,372,444,36,3,4,3,47,59,6,0,0,1,73,433,581,29,0,0,0,0,3,1,2,407,559,19,0,0,0,0,12,8,2,0,0,0,0,36,480,502,58,12,407,53,254,334,4,1419,1052,1,146,224,3,3,142,225,6,3,1392,376
2012,81,5,1,704,553,74,7,3,6,0,2,4,710,554,69,9,2,2,0,696,543,65,6,2,2,4,5,5,0,0,1,21,691,543,75,5,0,0,0,15,7,684,542,75,6,3,3,0,0,680,544,76,0,0,0,654,514,107,8,5,3,3,0,1,0,0,2,4,1,1,0,1,1,618,494,135,6,1,5,5,0,0,4,1,1,20,9,1,2,2,1,618,489,69,3,0,1,49,44,4,0,0,1,57,681,611,53,0,0,0,0,0,1,5,662,583,49,0,0,0,0,12,16,7,0,0,0,0,20,626,672,54,5,667,81,253,349,7,1744,1357,1,326,377,1,2,331,367,5,3,1701,706
2012,81,6,1,628,550,46,12,6,9,0,1,7,647,532,38,13,5,9,1,623,525,37,10,4,8,4,12,1,1,0,0,26,641,513,37,24,0,0,1,4,4,607,539,40,22,5,13,0,0,602,526,42,0,0,0,580,475,77,28,6,7,0,0,5,4,1,3,1,6,3,8,7,5,536,437,105,21,2,9,5,0,3,27,0,3,27,13,0,1,1,8,533,422,35,8,2,3,56,87,1,3,0,2,97,657,549,40,0,0,0,0,2,2,5,636,526,40,0,0,0,0,4,14,1,0,0,0,0,30,509,705,32,11,572,75,322,277,11,1590,1259,1,234,314,4,1,244,308,0,1,1512,553
2012,81,7,1,359,371,37,4,1,5,3,4,2,364,374,34,3,2,2,0,356,367,34,3,1,2,0,4,1,0,0,1,12,358,365,37,6,0,0,0,2,6,359,369,33,7,1,4,0,0,354,365,37,0,0,0,340,345,51,13,1,0,0,0,8,1,0,1,2,0,1,0,3,0,324,328,74,7,1,1,3,0,1,2,0,4,8,7,0,0,0,2,317,321,31,3,1,0,29,38,1,3,0,1,34,349,410,24,0,0,0,0,0,2,2,336,393,22,0,0,0,0,2,11,5,0,0,0,0,14,348,408,29,2,333,45,161,240,8,980,787,1,179,226,0,1,179,223,2,2,954,406
2012,81,8,1,1421,985,80,15,5,24,2,7,8,1441,975,67,12,3,21,2,1410,960,63,11,3,22,3,11,7,2,0,2,40,1399,965,85,28,0,0,0,19,5,1386,965,79,28,6,23,0,0,1377,957,87,0,0,0,1334,891,128,38,3,19,1,0,5,4,2,2,7,4,3,5,2,1,1253,843,224,20,1,10,12,0,0,11,1,5,30,29,2,1,1,7,1241,830,69,6,1,9,113,94,6,8,1,4,139,1346,1122,56,0,0,0,0,1,9,9,1322,1076,52,0,0,0,0,19,17,8,0,0,0,0,34,945,1478,113,10,1318,97,525,598,8,3256,2541,1,500,441,6,4,496,447,4,4,3210,951
2012,81,9,1,703,328,23,3,4,5,1,2,4,717,317,20,3,3,4,0,700,312,20,2,3,4,0,7,0,0,1,1,18,711,316,20,4,0,0,0,1,3,693,324,21,4,4,3,0,0,682,321,22,0,0,0,660,304,41,8,3,3,0,0,4,0,0,1,4,0,1,1,8,3,621,284,69,5,4,1,10,0,0,5,2,2,23,10,1,0,1,4,619,277,17,2,2,0,51,39,1,0,2,0,59,712,345,11,0,0,0,0,0,1,3,702,336,11,0,0,0,0,2,5,0,0,0,0,0,13,447,584,39,4,642,30,148,246,8,1460,1074,1,202,154,0,2,210,144,2,2,1413,358
2012,81,10,1,949,1015,78,15,9,27,3,2,3,973,996,76,16,7,18,2,944,987,71,12,6,17,3,7,7,0,1,5,37,943,997,68,19,0,0,0,5,13,935,1002,66,12,14,25,0,0,920,998,67,0,0,0,891,914,133,20,4,21,0,0,5,11,2,7,1,3,1,10,3,4,832,884,169,10,5,17,6,0,0,16,4,2,32,35,1,1,3,5,823,858,60,6,5,8,78,113,4,3,2,7,117,890,1142,51,0,0,0,0,2,8,4,854,1089,47,0,0,0,0,27,21,14,0,0,0,0,37,944,1062,89,7,904,109,492,591,6,2667,2102,1,442,548,2,0,452,535,5,0,2590,992
2012,81,11,1,484,669,29,7,3,8,1,5,7,489,664,29,8,4,5,0,479,652,26,6,3,3,1,4,4,0,0,4,21,491,646,43,7,0,0,1,10,3,476,663,31,7,3,8,0,0,476,661,31,0,0,0,458,627,44,8,3,16,5,1,6,0,0,2,1,1,2,2,4,2,437,603,72,5,3,5,1,0,0,6,0,3,22,14,0,1,0,3,435,590,29,4,3,4,31,57,3,1,0,1,45,482,690,26,0,0,0,0,0,6,9,468,674,25,0,0,0,0,5,6,3,0,0,0,0,20,591,542,78,5,478,42,292,398,6,1486,1216,1,198,270,2,4,196,276,1,1,1436,474
2012,81,12,1,272,158,14,2,0,5,0,0,1,272,158,9,3,0,5,0,269,156,9,2,0,5,1,0,0,0,0,0,10,272,152,15,2,0,0,0,1,1,274,155,9,1,0,2,0,0,270,154,10,0,0,0,263,152,10,1,0,3,0,0,1,2,2,0,1,0,1,0,1,0,252,148,22,1,0,1,3,0,0,1,0,0,7,1,1,0,1,2,249,143,8,1,0,1,18,10,1,0,0,1,18,282,160,7,0,0,0,0,1,0,1,276,149,6,0,0,0,0,6,4,0,0,0,0,0,11,148,282,22,1,255,15,81,99,3,559,453,1,103,66,2,4,99,73,1,2,547,175
2012,81,13,1,354,552,35,5,6,8,0,3,1,359,544,32,7,6,7,0,349,540,32,5,6,7,0,6,0,1,0,0,15,356,541,39,6,0,0,0,2,5,347,549,38,5,2,3,0,0,349,544,39,0,0,0,337,522,46,8,2,6,0,0,2,4,1,2,1,2,0,1,3,3,321,499,66,7,1,3,8,0,0,3,0,3,9,13,0,0,1,1,316,493,28,5,0,2,22,46,5,0,3,0,38,373,553,30,0,0,0,0,0,1,2,355,532,29,0,0,0,0,11,19,0,0,0,0,0,16,503,396,61,5,322,43,304,281,15,1218,965,1,108,180,2,1,107,183,1,0,1168,291
2012,81,77,1,183,147,6,1,0,0,0,2,2,183,145,7,1,0,0,0,180,145,6,0,0,0,0,0,1,0,0,0,5,178,143,8,0,0,0,0,4,3,179,143,8,0,0,0,0,0,179,144,7,0,0,0,178,139,8,3,0,0,0,0,0,1,0,0,0,0,0,1,0,0,175,135,7,2,0,0,0,0,0,2,0,1,5,0,0,0,1,1,174,134,4,0,0,0,3,9,2,0,0,0,8,177,149,5,0,0,0,0,0,4,3,175,145,5,0,0,0,0,0,3,0,0,0,0,0,5,159,169,11,2,167,9,56,109,0,0,341,1,7,19,2,4,5,21,2,4,0,32
2012,81,78,1,28,22,2,0,0,0,0,1,1,29,22,1,0,0,0,0,26,22,1,0,0,0,0,0,0,0,0,0,3,8,7,0,0,0,0,0,0,5,8,7,0,0,0,0,0,0,7,7,0,0,0,0,7,7,0,0,0,0,0,0,1,0,0,0,0,0,0,0,0,0,7,6,1,0,0,0,0,0,0,0,0,0,0,0,0,0,0,0,7,6,0,0,0,0,0,1,0,0,0,0,1,9,5,0,0,0,0,0,0,0,5,9,5,0,0,0,0,0,0,0,0,0,0,0,0,1,22,27,5,0,27,4,10,13,0,0,54,1,12,13,1,0,10,16,0,0,0,26
2012,81,79,1,0,0,0,0,0,0,0,0,0,0,0,0,0,0,0,0,0,0,0,0,0,0,0,0,0,0,0,0,0,0,0,0,0,0,0,0,0,1,0,0,0,0,0,0,0,0,0,0,0,0,0,0,0,0,0,0,0,0,0,0,0,0,0,0,0,0,0,0,0,0,0,0,0,0,0,0,0,0,0,0,0,0,0,0,0,0,0,0,0,0,0,0,0,0,0,0,0,0,0,0,0,0,1,0,0,0,0,0,0,0,0,0,1,0,0,0,0,0,0,0,0,0,0,0,0,0,0,0,0,0,0,0,0,0,0,0,0,,,,,,,,,,,
2012,82,1,1,495,540,16,7,0,6,3,0,4,508,531,13,5,0,6,0,489,527,13,6,0,5,3,6,1,1,0,1,16,454,553,16,3,3,6,0,6,1,459,555,27,4,1,5,0,0,455,533,19,0,0,0,432,493,37,9,1,6,0,0,0,1,1,2,3,4,1,0,17,9,407,482,57,4,1,6,7,0,1,6,21,4,3,1,0,4,1,3,403,477,13,3,1,3,46,44,2,0,0,2,72,428,627,11,0,2,0,0,0,1,3,418,616,11,0,0,2,0,4,0,1,2,0,0,0,15,504,522,40,7,429,35,271,330,8,1420,1073,1,221,233,3,0,216,240,1,0,1396,457
2012,82,2,1,322,225,23,3,7,7,0,0,3,328,228,16,3,6,3,1,317,220,16,1,5,3,3,0,2,1,0,2,14,293,225,18,6,9,5,0,1,4,295,239,20,11,6,4,0,0,292,225,18,0,0,0,268,193,40,11,5,4,0,0,0,2,2,1,3,4,3,2,15,5,255,182,66,5,5,4,6,0,0,1,21,10,0,0,1,2,1,1,249,178,17,3,5,2,38,41,2,1,0,1,48,279,291,14,0,2,0,0,1,1,1,272,273,14,1,0,1,0,3,2,1,1,0,2,0,18,212,341,32,5,288,31,128,138,5,775,590,1,147,103,1,1,143,107,1,1,727,252
2012,82,3,1,544,709,49,8,3,30,1,0,4,557,711,38,11,3,20,1,534,693,33,8,3,18,3,10,6,1,0,6,31,514,719,34,9,6,28,0,5,5,505,741,40,22,8,22,0,0,504,723,31,0,0,0,487,638,71,18,4,19,0,0,1,5,0,1,3,4,1,15,14,15,460,622,123,10,4,18,3,0,4,1,16,29,0,1,0,6,3,3,452,601,25,4,3,13,49,91,5,3,0,4,92,478,837,25,0,7,0,0,0,1,0,468,789,20,1,0,7,0,10,13,5,1,0,2,0,35,613,674,57,8,518,71,419,329,15,1792,1352,1,260,383,4,1,245,396,4,3,1719,648
2012,82,4,1,486,898,27,2,7,3,0,3,15,488,894,21,5,6,2,83,471,880,20,2,6,2,3,11,2,0,0,0,29,457,916,17,1,2,0,0,8,10,451,917,17,6,5,1,0,0,452,904,18,0,0,0,430,847,52,7,3,1,0,0,1,5,2,3,2,7,3,2,17,7,409,823,94,4,2,1,7,0,1,3,19,14,0,0,0,3,1,3,403,815,15,0,2,0,46,79,0,2,0,0,64,415,1001,11,0,1,0,0,0,6,5,403,968,11,1,0,1,0,7,10,0,0,0,0,0,32,795,560,69,19,451,42,438,489,23,1965,1444,1,192,364,1,3,177,380,0,3,1927,560
2012,82,5,1,649,802,68,22,6,41,5,3,6,694,787,47,25,7,29,2,637,762,43,14,4,23,3,12,9,7,0,7,73,599,843,71,24,5,22,0,3,1,584,862,85,38,8,24,0,0,588,820,69,0,0,0,533,702,123,65,2,14,1,0,5,12,7,6,3,14,11,15,36,17,500,697,173,25,3,18,15,0,13,2,29,42,1,2,3,24,3,5,484,649,48,10,0,7,87,128,12,4,2,7,161,533,1022,33,0,10,0,0,0,1,2,520,965,30,3,0,5,0,17,16,8,1,0,3,0,32,609,982,8,4,696,142,540,220,5,1860,1603,1,370,523,0,3,371,523,0,2,1644,896
2012,82,6,1,301,515,20,9,2,3,0,3,2,303,508,20,10,2,2,0,294,501,17,9,2,2,1,4,1,0,0,0,20,257,528,13,13,1,6,0,5,5,251,541,13,12,2,5,0,0,253,521,16,0,0,0,234,487,32,19,1,1,0,1,1,2,1,3,1,1,1,1,19,9,221,466,58,8,1,3,12,0,0,6,17,12,0,0,0,4,1,1,208,461,8,3,1,1,39,48,3,4,0,2,67,238,602,6,0,1,0,0,0,4,2,231,572,5,2,0,1,0,8,3,6,1,0,0,0,21,446,367,40,3,293,33,228,296,6,1193,856,1,108,181,1,0,97,193,0,0,1153,290
2012,82,7,1,764,1077,119,17,6,40,1,1,4,814,1050,97,22,6,28,1,759,1019,92,12,4,26,8,17,11,4,1,4,70,705,1083,105,27,12,31,0,4,6,697,1131,109,67,10,27,0,1,693,1064,105,0,0,0,645,944,172,55,9,21,2,0,3,7,6,5,4,11,7,17,35,18,594,920,245,35,5,22,17,0,7,8,38,37,2,3,4,10,4,2,578,880,83,9,3,10,103,136,17,8,1,4,190,579,1374,53,0,13,0,0,0,4,3,564,1113,47,2,1,8,0,186,23,8,4,0,1,0,69,916,1091,18,7,784,156,672,410,10,2438,2033,1,442,743,4,1,451,738,1,0,2341,1190
2012,82,8,1,153,221,12,1,1,2,0,1,0,155,221,9,2,1,2,0,152,220,9,1,1,1,0,1,0,0,0,1,4,146,223,11,1,2,1,0,1,1,146,232,11,1,0,3,0,0,145,223,11,0,0,0,141,211,17,2,0,1,0,0,0,0,1,1,0,1,0,1,3,2,138,206,24,2,0,1,3,0,2,1,2,1,0,0,0,0,0,0,136,206,10,1,0,1,9,13,1,0,0,0,14,141,247,5,0,0,0,0,0,0,0,139,237,5,0,0,0,0,4,2,0,0,0,0,0,6,207,172,9,5,145,9,84,154,1,545,392,1,70,83,0,0,70,82,1,0,519,153
2012,82,9,1,516,714,18,3,4,9,0,0,5,525,700,16,3,3,8,0,503,693,14,1,3,8,2,3,2,2,1,0,34,462,720,19,5,4,10,1,5,6,467,743,25,7,7,6,0,1,456,710,20,0,0,0,437,671,57,4,1,6,0,0,0,3,2,2,1,9,2,1,19,7,428,657,84,1,0,5,5,0,0,3,15,12,1,1,1,2,1,2,424,647,16,1,0,4,28,54,5,1,1,2,78,421,833,8,0,1,0,0,0,2,2,413,813,8,0,0,0,0,6,2,0,1,0,1,0,21,651,541,75,4,463,36,352,415,5,1770,1271,1,206,277,3,2,209,276,1,2,1755,488
2012,82,10,1,802,1159,115,27,14,77,2,3,5,851,1171,83,33,12,44,1,790,1114,78,19,10,40,7,16,17,8,3,13,82,714,1239,96,31,9,48,2,7,8,698,1286,103,81,12,47,0,0,709,1199,98,0,0,0,631,987,199,87,8,34,1,1,2,11,5,13,4,25,10,17,52,29,576,977,275,43,4,39,17,0,4,4,42,66,4,9,3,33,3,7,550,903,78,12,3,18,137,215,15,12,1,11,234,569,1570,49,0,10,0,0,1,8,3,551,1450,41,2,0,8,0,27,42,8,4,0,3,0,60,903,1280,18,4,883,191,787,335,9,2640,2200,1,439,860,5,1,438,858,8,1,2371,1305
2012,82,11,1,723,903,61,11,13,23,1,3,10,758,883,45,13,9,15,1,710,863,44,9,8,13,2,14,1,3,5,7,63,676,901,55,14,8,17,1,8,8,667,929,67,40,9,16,0,0,665,889,52,0,0,0,632,794,116,25,6,16,0,0,2,10,1,5,4,11,8,10,32,15,590,775,161,10,5,13,14,0,4,3,36,25,3,3,3,17,7,2,581,747,44,8,5,7,69,105,2,2,2,2,158,614,1088,23,0,6,0,0,0,6,2,583,1033,22,0,0,2,0,18,13,4,1,0,3,0,60,767,923,42,16,745,80,519,390,14,2253,1746,1,385,522,3,3,400,509,2,2,2156,913
2012,82,12,1,472,588,44,15,10,14,2,1,7,499,576,30,20,8,12,1,464,555,29,14,7,7,4,11,2,5,1,5,40,434,587,31,16,10,15,0,3,2,424,621,34,37,17,11,0,2,429,583,36,0,0,0,381,521,67,34,7,8,0,1,1,3,4,2,2,12,3,7,35,4,359,503,99,17,7,10,11,1,2,3,37,19,0,1,1,12,1,5,351,482,23,8,3,3,62,80,7,7,2,1,117,365,767,8,0,4,0,0,0,3,3,351,707,6,3,0,3,0,10,12,0,3,0,1,0,47,519,603,20,10,493,67,327,254,11,1550,1152,1,218,335,1,1,207,347,0,1,1517,555
2012,82,13,1,524,691,20,5,4,17,0,3,4,543,672,24,8,5,9,0,513,663,18,4,4,9,3,14,1,0,0,4,30,461,715,23,2,2,14,1,13,8,470,725,25,9,2,11,0,0,470,702,21,0,0,0,437,646,56,8,1,11,1,0,1,3,1,0,1,4,6,2,15,9,417,627,97,2,0,10,2,0,3,1,12,12,1,3,0,3,1,3,407,617,18,2,0,6,53,64,3,0,0,5,75,410,835,9,0,2,0,0,1,2,7,401,804,9,1,0,2,0,6,6,1,0,0,1,0,29,621,576,63,9,539,39,403,278,10,1703,1269,1,195,291,5,1,180,304,4,4,1681,492
2012,82,14,1,851,927,128,23,12,54,6,1,6,918,915,95,25,8,43,4,833,875,83,15,7,38,12,17,14,5,3,5,99,777,980,99,34,10,51,0,4,11,739,1035,115,77,12,45,0,0,751,967,94,0,0,0,636,787,176,74,7,39,2,0,4,12,16,19,3,30,24,18,66,28,585,769,256,33,5,31,26,0,12,12,71,72,8,5,5,32,5,15,559,713,69,7,4,19,150,169,17,9,2,11,268,639,1309,42,0,13,0,0,2,1,6,615,1217,38,0,0,6,0,25,26,15,1,0,4,0,59,719,1287,6,1,965,172,614,256,6,2341,2013,1,448,614,8,1,451,616,2,2,1919,1071
2012,82,15,1,1037,1430,118,23,13,54,1,3,10,1087,1399,99,22,14,45,0,1025,1371,94,16,10,36,5,20,11,5,1,9,77,942,1450,94,29,8,49,0,8,15,966,1507,105,42,10,34,0,1,934,1423,93,0,0,0,871,1250,212,56,11,30,1,1,3,5,6,7,3,23,8,8,59,28,825,1209,293,31,4,28,12,2,8,6,60,47,6,3,4,13,2,10,808,1158,78,13,3,16,96,201,8,6,2,10,272,818,1788,57,0,15,0,0,1,5,4,794,1633,49,2,0,12,0,21,71,7,4,0,3,0,88,1132,1458,89,13,1101,193,741,647,10,3414,2693,1,491,863,5,3,487,866,7,2,3274,1362
2012,82,16,1,94,263,10,0,3,3,1,1,2,97,262,8,0,3,2,1,93,257,7,0,2,2,0,0,2,0,1,0,10,83,266,9,1,2,2,1,0,4,84,271,10,0,2,2,0,0,81,264,9,0,0,0,72,252,13,2,1,0,0,0,2,1,0,0,0,4,2,0,3,3,73,235,28,0,2,2,1,0,0,4,5,8,0,0,0,4,0,1,70,231,6,0,1,0,7,27,2,0,0,1,28,84,284,4,0,2,0,0,0,0,3,77,275,4,0,0,2,0,1,2,1,0,0,0,0,12,228,129,15,5,90,18,136,130,3,498,377,1,47,95,0,0,43,99,0,0,493,142
2012,82,17,1,316,367,19,5,5,9,0,0,4,329,349,17,6,3,6,0,312,345,17,5,3,6,2,5,0,0,0,1,25,305,366,19,7,3,8,0,3,3,299,375,21,11,3,3,0,0,306,364,19,0,0,0,276,327,39,4,3,4,0,0,0,2,4,2,3,6,2,5,12,4,262,315,61,2,3,1,3,0,3,3,16,12,0,0,0,2,6,2,257,304,18,1,2,1,38,48,0,0,0,1,49,275,436,7,0,0,0,0,0,2,2,267,417,7,0,0,0,0,6,2,2,0,0,0,0,20,326,358,30,12,311,27,194,187,7,987,726,1,154,144,1,1,140,158,2,0,935,300
2012,82,18,1,259,381,32,7,1,15,0,1,5,272,378,23,6,1,11,0,257,373,70,4,2,9,1,3,1,0,0,3,18,230,394,18,8,1,18,0,5,12,224,405,26,13,1,11,0,0,230,388,25,0,0,0,199,344,51,16,1,13,0,0,0,2,4,2,1,10,5,5,7,9,188,333,74,8,1,7,7,0,1,0,19,15,0,1,0,8,1,5,185,318,16,2,0,6,32,44,3,2,0,2,75,209,475,6,0,3,0,0,1,2,3,197,453,4,3,0,3,0,7,4,4,0,0,2,0,20,322,350,26,4,253,45,251,149,4,916,702,1,112,184,0,3,105,190,1,3,866,299
2012,82,77,1,99,93,2,4,4,7,0,3,0,102,96,1,4,3,3,0,99,92,1,3,3,3,0,2,0,0,0,1,6,88,97,3,5,4,2,0,1,0,89,101,6,5,3,3,0,0,87,97,3,0,0,0,75,89,8,5,2,4,0,0,1,1,1,0,1,1,0,1,7,4,69,87,17,4,2,1,0,0,2,1,12,2,0,0,0,2,0,1,67,85,3,4,1,1,18,8,0,0,1,0,17,82,124,2,0,1,0,0,0,3,0,80,119,1,0,0,0,0,0,2,0,1,0,0,0,7,101,102,7,1,82,14,60,54,1,0,213,1,18,36,0,0,6,48,0,0,0,54
2012,82,78,1,57,39,4,0,0,0,0,0,0,55,38,4,1,0,0,0,55,38,4,0,0,0,0,0,0,0,0,0,4,8,14,2,0,0,0,0,0,0,19,26,4,0,0,0,0,0,20,24,4,0,0,0,6,13,7,0,0,0,0,0,0,0,0,0,0,0,0,0,1,1,4,12,8,0,0,0,0,0,0,0,1,0,1,0,0,0,0,1,4,12,2,0,0,0,3,1,0,0,0,0,28,13,32,2,0,0,0,0,0,0,1,13,31,2,0,0,0,0,0,0,0,0,0,0,0,1,48,47,7,0,48,4,20,30,0,0,101,1,23,27,0,0,21,29,0,0,0,50
2012,82,79,1,0,1,0,0,0,0,0,0,2,0,0,0,0,0,0,0,0,1,0,0,0,0,0,0,0,0,0,0,0,0,1,0,0,0,0,0,0,2,4,2,0,0,0,0,0,0,4,2,0,0,0,0,0,1,0,0,0,0,0,0,0,0,1,0,0,0,0,0,1,0,0,1,0,0,0,0,0,0,0,0,0,0,0,0,0,0,2,0,0,1,0,0,0,0,4,1,0,0,0,0,0,0,1,0,0,0,0,0,0,0,1,0,1,0,0,0,0,0,0,0,0,0,0,0,0,0,0,0,0,0,0,0,0,0,0,0,3,,,,,,,,,,,
2012,83,1,1,808,1048,73,12,8,33,0,4,4,833,1037,62,12,7,23,0,789,1006,58,9,5,20,5,10,2,1,2,8,57,789,1050,69,0,0,0,0,4,9,725,1069,66,37,8,20,0,0,743,1027,61,0,0,0,674,926,127,38,5,18,0,0,11,17,41,2,14,6,0,1,4,19,667,891,205,22,3,13,10,0,4,3,5,15,1,6,4,31,31,3,644,849,48,8,1,5,77,154,9,2,0,6,164,637,1304,28,0,10,0,0,0,3,9,618,1219,22,0,0,5,0,17,19,7,1,0,3,0,64,907,1011,47,15,846,115,591,414,14,2658,1982,1,415,627,2,5,418,622,5,4,2580,1049
2012,83,2,1,857,687,31,19,3,17,1,9,4,863,679,24,19,2,11,2,835,668,22,17,2,11,6,8,2,0,0,3,36,797,749,26,0,0,0,0,12,6,780,750,26,24,12,14,0,0,778,701,26,0,0,0,738,653,68,25,1,14,0,0,10,7,30,2,6,2,1,0,4,2,719,649,100,17,2,12,6,0,2,2,1,10,1,1,1,12,27,1,706,623,20,6,0,2,66,56,4,7,1,3,119,750,846,11,0,1,0,0,2,5,6,732,787,7,3,0,0,0,11,11,4,5,1,2,0,57,624,908,86,13,789,56,347,428,11,2222,1631,1,365,276,2,3,373,265,6,2,2179,646
2012,83,3,1,721,1055,84,15,10,23,1,5,4,742,1044,70,19,9,15,0,708,1023,64,14,6,14,3,17,8,1,2,7,41,663,1114,65,0,0,0,0,2,9,617,1144,57,39,12,15,0,0,646,1091,53,0,0,0,571,965,134,37,5,14,0,0,4,24,29,6,18,4,4,3,6,22,562,926,171,21,4,10,8,0,1,0,5,25,4,9,2,41,38,5,554,888,39,8,2,5,55,161,13,2,2,0,175,571,1295,32,0,3,0,0,0,7,2,547,1209,31,1,0,2,0,14,24,5,2,0,1,0,72,899,954,52,12,758,107,627,414,11,2418,1917,1,402,663,4,4,401,665,4,3,2334,1073
2012,83,4,1,496,522,20,2,2,12,1,4,5,509,508,19,5,2,7,0,482,500,16,2,1,7,3,6,4,0,1,1,33,443,553,22,0,0,0,3,4,5,437,554,22,8,5,5,0,0,442,530,22,0,0,0,404,487,43,12,8,6,1,0,1,7,20,3,2,3,1,2,1,6,391,462,81,7,2,6,7,0,0,3,1,6,0,8,2,7,21,2,382,449,16,4,1,4,50,63,4,1,0,0,82,419,626,11,0,1,0,0,1,2,2,410,590,10,1,0,0,0,7,12,4,0,0,1,1,26,510,504,44,7,434,32,273,321,5,1565,1065,1,181,240,1,3,170,253,0,2,1540,425
2012,83,5,1,911,1052,70,17,5,22,0,10,8,933,1036,56,19,6,15,0,895,1020,52,14,3,12,3,10,5,1,0,3,61,832,1102,55,0,0,0,4,14,8,803,1118,63,30,8,13,0,0,824,1068,56,0,0,0,762,981,118,35,4,11,3,0,5,16,31,8,10,2,0,3,6,8,732,938,186,21,3,9,16,0,1,1,4,13,0,7,1,19,30,4,718,912,45,8,2,5,80,121,7,2,2,1,172,751,1300,20,0,5,0,0,1,5,7,725,1231,18,2,0,2,0,21,18,6,1,0,2,0,59,920,1097,46,34,906,69,573,475,74,2791,2097,1,404,524,5,5,394,536,5,3,2734,938
2012,83,6,1,559,616,44,18,7,24,1,3,1,576,621,39,18,4,12,0,550,599,36,12,4,10,2,8,1,3,0,2,46,511,652,50,0,0,0,1,9,5,494,650,44,35,6,18,0,0,505,637,37,0,0,0,462,559,81,31,4,6,0,0,6,14,25,5,5,2,2,4,3,11,451,545,131,14,2,5,8,0,3,4,1,15,0,3,1,17,19,1,440,521,29,7,2,1,48,80,7,4,0,0,123,466,785,15,0,4,0,0,1,3,1,455,739,12,0,0,3,0,13,16,5,0,0,0,0,30,525,701,40,11,564,54,392,259,8,1654,1274,1,271,389,2,0,265,393,3,1,1628,662
2012,83,7,1,215,287,32,8,2,6,0,0,1,224,281,27,8,2,7,0,214,278,26,7,1,5,0,1,2,2,1,2,11,197,298,37,0,0,0,0,4,0,194,302,31,12,0,3,0,0,197,293,29,0,0,0,170,256,48,14,0,2,0,0,2,3,14,3,9,4,0,0,1,4,168,252,62,10,0,4,6,0,1,1,2,4,0,0,0,3,11,3,161,239,24,4,0,2,31,35,3,3,0,0,45,206,323,16,0,3,0,0,0,1,0,198,309,16,1,0,2,0,4,7,2,1,0,1,0,8,249,296,5,1,218,46,164,118,5,670,551,1,126,210,0,0,126,210,0,0,651,336
2012,83,8,1,363,279,13,1,5,9,0,1,3,371,271,14,2,4,5,0,361,268,12,1,3,4,0,2,3,0,1,4,10,342,281,20,0,0,0,0,9,3,342,280,19,7,4,6,0,0,345,265,19,0,0,0,329,239,31,6,4,4,0,0,1,7,9,1,3,1,2,3,1,2,306,227,70,2,4,3,1,0,0,2,0,2,1,2,1,7,13,0,308,219,16,1,2,1,30,41,2,0,2,3,36,344,305,8,0,2,0,0,0,6,8,333,301,6,1,0,2,0,6,4,2,0,0,0,0,24,244,393,24,12,337,34,115,177,10,1036,673,1,153,144,2,1,132,167,1,0,999,300
2012,83,9,1,199,247,12,6,3,3,0,1,3,206,240,10,7,1,4,1,194,238,10,6,1,3,2,4,1,0,1,1,11,176,258,18,0,0,0,0,3,1,168,258,18,6,0,1,0,0,178,251,18,0,0,0,157,228,29,11,0,1,2,1,1,3,9,1,5,0,0,0,0,3,155,223,40,7,0,0,1,0,0,0,0,6,1,1,0,4,13,0,147,215,16,3,0,0,23,28,0,1,0,1,38,155,301,11,0,1,0,0,0,2,3,154,282,11,0,0,0,0,4,5,0,1,0,0,0,21,203,243,28,2,206,27,118,123,2,796,476,1,104,122,2,0,95,133,0,0,805,228
2012,83,10,1,623,676,49,13,7,23,1,6,9,644,657,46,14,6,12,0,610,648,43,11,6,12,5,11,5,0,2,0,39,567,712,43,0,0,0,5,7,11,547,726,45,18,7,16,0,0,566,683,42,0,0,0,527,610,85,19,6,18,2,0,2,11,33,4,6,2,1,3,4,5,494,593,138,15,6,10,9,0,0,2,2,5,0,0,0,15,30,2,485,577,34,8,2,8,66,75,4,2,3,2,122,536,819,26,0,7,0,0,1,3,10,515,763,25,2,0,6,0,16,11,6,1,1,0,0,47,596,732,67,10,612,65,371,337,20,2096,1407,1,280,305,5,2,277,311,1,3,2036,592
2012,83,11,1,622,274,16,9,4,6,0,3,6,631,269,11,8,3,5,0,619,261,10,6,3,4,0,6,1,2,0,2,18,592,308,8,0,0,0,0,3,5,585,297,12,10,0,4,0,0,595,275,10,0,0,0,562,250,27,8,0,6,0,0,0,4,19,2,10,1,0,2,4,0,556,240,50,7,1,3,1,0,1,3,3,8,1,2,0,6,19,2,533,244,7,5,0,2,51,23,2,0,0,0,76,552,371,6,0,3,0,0,0,2,3,545,331,4,2,0,1,0,7,10,3,0,0,0,0,33,278,620,37,6,566,23,148,200,4,1155,941,1,232,113,2,0,229,117,1,0,1137,347
2012,83,12,1,347,372,34,8,2,7,1,4,2,361,359,27,9,2,6,1,342,353,24,7,2,5,5,5,6,0,0,3,19,337,381,30,0,0,0,1,5,2,332,389,31,10,2,4,0,0,330,373,30,0,0,0,303,336,52,9,3,4,0,0,1,3,14,6,9,1,0,6,0,8,299,332,67,6,2,3,4,0,0,2,0,7,1,1,2,9,12,1,287,320,23,2,2,2,40,41,1,2,0,1,50,311,447,12,0,4,0,0,0,6,0,306,422,12,0,0,2,0,5,9,3,0,0,2,0,13,335,407,32,4,337,42,226,171,2,1028,775,1,158,202,5,3,145,217,4,2,1026,368
2012,83,13,1,657,772,61,15,2,17,2,5,5,679,757,46,17,2,17,1,647,742,45,11,0,12,1,13,5,1,0,3,46,617,804,58,0,0,0,1,7,8,596,814,54,33,2,11,0,0,605,785,47,0,0,0,561,721,99,25,3,8,2,0,2,11,28,6,7,4,1,2,1,13,538,678,150,10,2,8,12,0,1,7,3,8,2,4,2,17,26,0,530,647,42,5,1,2,63,109,8,2,0,2,110,547,948,27,0,4,0,0,0,2,4,533,909,22,2,0,2,0,8,5,6,0,0,0,0,43,685,791,46,14,635,80,400,404,17,2048,1536,1,318,442,5,3,321,444,0,3,2001,768
2012,83,14,1,886,982,77,20,4,36,1,3,5,915,971,62,20,4,22,1,872,944,60,16,2,21,2,6,5,3,0,4,71,830,1040,76,0,0,0,1,5,3,788,1057,68,48,10,17,0,2,810,1001,64,0,0,0,740,889,135,35,4,17,0,1,3,11,35,9,18,3,2,4,4,21,714,856,214,19,1,15,8,0,2,3,6,21,4,3,5,35,37,1,686,826,50,12,0,6,101,131,8,4,0,4,178,745,1217,30,0,7,0,0,1,4,9,728,1123,29,1,0,5,0,14,24,5,4,0,2,0,65,849,1078,67,19,879,109,565,437,23,2758,2014,1,430,574,2,7,395,609,0,9,2647,1013
2012,83,15,1,371,476,18,8,3,6,0,0,7,377,476,13,7,2,6,0,367,468,13,7,1,4,2,4,1,0,1,1,15,347,495,14,0,0,0,0,2,3,339,500,15,10,2,3,0,0,347,476,15,0,0,0,320,440,40,9,1,4,0,0,2,9,13,1,1,2,0,0,3,1,320,434,63,7,0,5,2,0,0,1,0,1,0,2,0,8,12,0,310,420,14,4,0,2,29,48,0,1,1,1,55,289,587,5,0,0,0,0,0,2,3,281,563,5,2,0,0,0,5,5,1,2,0,0,0,20,436,399,48,7,338,22,257,262,11,1531,890,1,112,202,2,1,107,206,2,2,1516,317
2012,83,16,1,557,683,41,7,4,16,2,2,5,576,673,35,11,2,13,1,551,667,36,8,3,11,8,7,2,1,1,3,29,509,737,42,0,0,0,0,4,6,496,742,45,16,7,8,0,0,507,704,37,0,0,0,466,652,74,15,3,6,1,0,4,9,23,5,9,2,3,3,3,6,443,635,109,7,1,6,15,0,6,2,1,9,0,0,2,18,30,1,432,612,30,3,0,4,64,75,3,3,0,2,96,459,849,19,0,5,0,0,0,2,4,450,794,16,1,0,3,0,11,9,1,2,0,3,0,37,605,686,35,6,564,56,364,336,12,1881,1334,1,262,328,0,1,249,338,3,1,1837,591
2012,83,17,1,475,528,26,7,2,17,0,1,3,488,520,23,5,2,12,0,468,514,21,2,2,12,1,4,2,0,0,2,27,438,549,33,0,0,0,0,9,6,423,548,29,11,6,5,0,0,439,529,26,0,0,0,389,476,61,9,6,9,2,0,6,9,19,2,16,4,0,0,0,4,366,464,94,7,2,3,10,0,0,0,3,11,0,3,3,11,21,2,362,448,20,4,1,1,57,62,5,0,1,1,82,399,638,14,0,2,0,0,0,1,2,386,602,14,0,0,2,0,9,9,4,2,0,3,0,25,460,558,34,7,445,41,300,268,5,1447,1059,1,240,316,4,0,242,317,1,0,1425,560
2012,83,18,1,209,128,8,6,1,4,1,1,1,215,122,4,6,1,3,0,205,118,4,5,1,2,2,4,0,1,0,2,11,203,138,8,0,0,0,0,0,1,202,130,7,6,3,3,0,0,203,124,5,0,0,0,197,113,7,4,1,1,0,0,0,4,5,1,2,1,0,0,0,2,191,105,24,4,2,2,0,0,0,0,0,0,0,0,0,7,5,0,189,102,3,0,1,0,9,19,0,1,0,0,32,201,147,2,0,2,0,0,0,2,1,194,138,2,1,0,2,0,2,5,0,0,0,0,0,10,124,211,17,5,188,17,67,83,2,436,357,1,86,60,2,3,83,66,1,1,419,151
2012,83,19,1,835,1031,74,16,8,26,2,8,13,865,1027,50,20,7,17,0,821,998,43,11,6,16,2,10,13,2,1,4,69,750,1105,68,0,0,0,1,11,8,721,1101,67,34,11,22,0,0,744,1065,54,0,0,0,688,946,122,28,8,17,2,0,6,21,38,5,10,4,1,1,5,13,663,890,197,16,5,19,7,0,1,4,5,27,0,3,2,37,28,2,650,864,43,5,4,11,73,133,5,4,1,5,202,653,1320,30,0,5,0,0,2,4,1,635,1225,25,1,0,3,0,22,21,7,1,0,3,0,69,891,1070,50,6,832,103,605,465,12,2716,2017,1,364,514,2,1,343,536,1,1,2557,881
2012,83,20,1,1070,1364,129,28,15,39,0,2,11,1119,1343,101,27,15,28,0,1056,1313,99,20,11,27,4,16,13,5,2,5,74,987,1457,105,0,0,0,1,5,9,948,1477,96,42,14,25,0,0,989,1406,86,0,0,0,886,1235,197,39,12,25,1,0,12,27,55,17,18,5,3,3,12,20,870,1162,314,22,7,21,7,0,5,7,4,20,2,4,1,40,50,6,842,1133,80,11,4,8,107,194,13,4,2,11,235,875,1708,46,0,11,0,0,1,2,6,853,1622,44,2,0,8,0,17,25,9,3,0,0,0,67,1159,1409,66,24,1075,169,789,612,13,3465,2658,1,444,716,4,1,449,713,1,2,3318,1165
2012,83,21,1,981,1244,95,11,9,37,0,6,5,1025,1222,72,15,7,28,0,963,1200,67,7,7,26,6,16,4,5,0,4,76,912,1307,76,0,0,0,0,14,11,878,1312,79,39,7,33,0,0,907,1253,65,0,0,0,838,1134,144,36,3,25,0,0,9,18,45,13,11,3,1,5,2,15,795,1092,229,13,3,20,21,0,1,9,1,19,2,4,2,29,45,0,773,1062,58,4,1,12,102,130,7,5,2,5,195,801,1534,31,0,11,0,0,1,12,3,778,1435,26,1,0,7,0,16,24,7,3,0,4,0,76,1087,1217,72,16,992,110,708,566,16,3172,2392,1,463,663,8,3,445,683,8,1,3099,1137
2012,83,22,1,528,533,40,10,7,11,0,1,7,550,520,32,9,5,8,0,525,513,32,6,4,7,2,11,1,2,1,0,26,486,579,36,0,0,0,0,5,6,482,563,37,15,7,7,0,0,493,538,35,0,0,0,467,490,66,13,4,7,0,0,1,7,20,3,2,4,1,2,1,7,454,483,97,9,4,5,6,0,1,1,0,4,1,1,1,7,19,2,437,466,28,4,2,3,45,57,6,3,0,2,73,475,637,15,0,2,0,0,0,4,5,467,602,13,0,0,1,0,8,5,4,3,0,0,0,26,468,607,56,7,521,54,257,298,8,1627,1138,1,253,252,3,1,231,271,6,1,1581,509
2012,83,23,1,675,749,38,20,4,24,1,3,4,695,741,31,20,5,15,0,665,723,28,13,3,15,4,7,6,1,1,3,43,627,777,42,0,0,0,1,8,4,599,782,58,23,5,13,0,0,618,755,38,0,0,0,562,691,85,25,5,16,0,0,4,8,19,10,4,2,5,1,1,6,545,658,146,12,3,14,10,0,1,5,4,14,1,1,2,16,25,2,528,643,33,5,2,6,78,91,1,5,1,3,112,543,937,22,0,2,0,0,1,6,6,529,886,18,1,0,1,0,12,17,4,1,0,1,0,39,657,803,50,11,656,67,489,294,15,2057,1521,1,298,447,4,1,285,461,2,2,1998,750
2012,83,24,1,888,1127,56,10,8,30,3,3,7,927,1104,43,13,9,20,1,870,1085,40,7,7,20,9,20,6,1,1,3,56,824,1190,45,0,0,0,0,5,8,794,1207,38,22,7,16,0,0,817,1156,42,0,0,0,736,1060,113,23,7,11,0,0,4,10,46,8,15,3,1,4,1,14,708,1019,174,14,2,10,11,1,4,7,2,5,0,2,1,29,49,4,698,996,32,8,1,3,94,125,5,2,1,3,155,746,1361,14,0,4,0,0,1,2,4,726,1312,12,1,0,2,0,13,11,1,1,0,0,0,52,1002,1044,73,18,885,61,625,551,15,3261,2136,1,427,490,6,3,400,519,6,1,3224,926
2012,83,25,1,786,1095,69,24,10,36,1,2,2,816,1078,55,22,8,26,1,770,1053,49,18,8,25,6,10,9,3,1,5,68,730,1148,63,0,0,0,1,6,6,707,1134,61,53,13,22,0,0,723,1102,54,0,0,0,651,979,129,42,8,30,1,0,5,18,41,14,7,4,0,3,6,23,632,930,209,24,5,22,11,0,3,10,6,14,1,4,2,36,35,0,620,895,43,12,3,11,76,161,8,10,1,5,174,620,1357,22,0,13,0,0,1,2,5,607,1274,25,7,2,6,0,12,31,6,2,0,2,0,48,931,1042,43,13,784,102,605,526,12,2737,2029,1,347,636,5,5,344,639,6,4,2654,993
2012,83,26,1,872,1105,73,12,12,25,2,2,8,899,1098,62,10,11,19,1,862,1074,56,8,11,19,3,8,8,3,0,1,47,820,1159,64,0,0,0,0,6,4,780,1170,70,31,9,20,0,0,793,1131,59,0,0,0,711,1016,136,27,8,16,0,0,11,13,42,10,20,2,0,3,7,11,682,968,207,10,4,12,7,0,3,8,6,17,1,2,1,33,64,3,667,934,48,7,2,9,107,149,11,1,1,3,162,724,1345,27,0,6,0,0,2,3,4,698,1243,28,0,0,3,0,23,37,9,2,1,5,0,59,969,1075,52,15,884,90,595,533,9,2778,2110,1,447,617,4,1,415,649,4,1,2691,1069
2012,83,27,1,231,415,8,5,2,6,0,2,5,236,404,7,3,2,7,0,228,398,5,4,1,5,1,8,1,1,1,1,13,211,414,10,0,0,0,0,2,6,207,426,9,6,2,2,0,0,210,420,10,0,0,0,198,395,24,6,2,2,0,0,0,3,5,3,2,2,1,0,0,3,196,389,35,3,0,1,3,0,0,0,1,3,0,1,0,9,3,0,191,380,8,0,0,0,17,34,0,1,0,1,29,189,467,6,0,1,0,0,1,1,8,183,445,6,1,0,0,0,9,2,1,1,0,0,0,17,342,281,32,19,214,30,223,204,3,876,674,1,145,199,0,0,122,222,0,0,834,344
2012,83,28,1,490,703,42,6,4,13,0,2,11,506,685,36,8,5,13,0,484,679,34,6,4,12,0,7,5,0,0,0,29,457,746,34,0,0,0,0,5,7,440,730,38,9,3,6,0,3,449,710,34,0,0,0,408,668,67,10,3,7,3,0,3,8,26,4,5,2,1,2,3,1,398,642,102,4,2,7,6,0,1,2,1,6,2,4,0,9,22,0,393,631,29,2,2,2,42,63,5,0,0,4,86,421,803,20,0,9,0,0,0,4,10,410,774,20,2,0,7,0,8,6,3,0,0,1,0,25,621,592,54,4,463,65,383,355,5,1716,1271,1,189,268,0,2,175,277,4,3,1685,459
2012,83,29,1,713,663,64,10,7,24,1,5,5,740,659,42,7,8,17,0,698,639,42,7,7,16,5,7,7,1,0,1,54,664,692,51,0,0,0,4,7,9,647,698,63,25,12,9,0,3,660,651,52,0,0,0,600,582,107,25,8,15,1,3,6,11,41,8,9,2,2,2,2,3,592,549,154,10,6,6,8,0,0,5,2,13,1,5,1,17,40,1,575,528,42,6,3,2,64,91,6,2,1,5,155,634,820,20,0,3,0,0,1,4,5,615,760,20,2,0,2,0,6,12,6,2,0,1,0,60,599,838,47,12,690,79,360,356,11,1953,1495,1,301,345,1,5,297,343,4,8,1872,652
2012,83,30,1,221,192,11,1,2,6,0,0,4,227,190,9,0,2,3,0,221,189,9,0,2,3,0,1,0,0,0,0,8,213,204,8,0,0,0,0,0,5,216,199,8,2,2,2,0,1,213,195,8,0,0,0,201,178,12,1,4,3,0,0,0,2,13,1,2,1,0,0,3,4,197,174,24,1,2,2,2,0,0,0,0,1,0,1,0,4,12,0,192,170,7,1,2,1,19,18,0,0,0,1,21,210,217,7,0,0,0,0,0,0,1,209,213,5,0,0,0,0,0,1,1,0,0,0,0,7,182,239,13,3,217,8,99,108,5,599,437,1,118,56,1,1,108,67,0,1,598,176
2012,83,31,1,682,831,52,12,6,20,0,5,7,708,805,40,19,7,17,0,664,789,35,9,5,13,4,19,9,2,0,4,57,628,881,44,0,0,0,1,10,3,605,884,43,26,7,16,0,0,630,825,42,0,0,0,548,715,97,32,6,19,1,0,12,16,39,7,12,6,1,8,1,11,518,718,162,10,4,12,11,0,2,7,1,10,2,8,3,20,34,2,505,677,30,5,3,5,96,107,8,1,1,2,165,526,1061,18,0,4,0,0,1,4,2,514,996,13,1,0,4,0,16,13,5,1,0,0,0,49,679,835,60,45,656,78,510,284,91,2299,1619,1,289,442,1,0,272,456,4,0,2182,732
2012,83,32,1,803,1062,70,9,11,21,1,5,7,837,1043,57,8,9,16,1,798,1029,54,6,9,13,4,14,8,1,1,1,39,761,1099,54,0,0,0,0,11,9,729,1117,57,22,14,10,0,0,738,1076,53,0,0,0,695,992,93,19,10,11,1,0,4,18,30,3,9,2,6,9,6,8,673,961,150,11,11,10,7,0,1,6,5,7,0,6,6,24,36,0,650,941,44,8,7,6,74,98,9,2,0,0,130,697,1248,24,0,2,0,0,1,6,5,676,1199,23,0,0,2,0,10,17,7,1,0,0,0,43,956,957,64,12,795,96,518,571,9,2643,1989,1,346,393,1,0,341,395,2,2,2527,740
2012,83,77,1,218,182,15,8,1,1,0,6,3,215,184,12,7,1,1,0,207,178,12,7,1,1,2,0,0,1,0,0,18,198,191,11,0,0,0,1,6,2,194,191,9,8,1,4,0,0,193,181,10,0,0,0,180,170,14,6,1,4,0,0,3,2,7,3,1,2,0,2,1,1,172,164,28,5,1,3,1,0,0,0,1,3,1,1,0,4,21,0,169,160,9,5,1,3,23,20,0,0,0,0,31,167,247,8,0,0,0,0,0,4,1,158,218,8,0,0,0,0,1,3,0,1,0,0,0,27,210,205,13,7,177,18,106,128,6,0,436,1,31,72,4,1,13,91,4,0,0,108
2012,83,78,1,124,105,0,1,1,0,0,1,2,129,97,0,1,1,0,0,121,96,0,1,1,0,0,0,0,0,0,0,12,29,34,0,0,0,0,0,1,1,37,43,1,0,0,0,0,0,38,42,0,0,0,0,27,30,2,0,0,0,0,0,0,1,3,0,0,0,0,0,1,0,28,29,4,0,0,0,1,0,0,0,0,1,0,0,0,0,4,0,26,29,0,0,0,0,3,3,0,0,0,0,27,32,50,0,0,0,0,0,0,0,0,30,47,0,0,0,0,0,1,0,0,0,0,0,0,4,100,118,15,1,105,14,64,51,0,0,234,1,61,95,3,0,48,108,3,0,0,159
2012,84,1,1,638,519,25,7,1,21,1,2,3,650,513,21,8,2,15,0,630,510,21,6,1,15,1,3,1,3,0,4,23,619,568,29,11,4,15,1,10,2,613,521,30,19,1,12,0,0,613,510,27,0,0,0,570,472,53,23,0,14,0,1,4,2,2,2,4,0,20,8,10,6,556,447,88,11,0,9,5,0,27,6,5,5,3,12,1,1,1,9,549,441,23,5,0,7,51,53,4,2,0,4,72,786,402,17,0,0,0,0,0,1,2,754,392,13,1,0,2,0,12,10,4,0,0,3,0,29,498,677,42,6,564,53,268,330,8,1480,1213,1,268,266,1,0,257,278,0,0,1424,535
2012,84,2,1,141,181,7,3,2,3,0,0,0,150,174,7,3,1,1,0,139,172,6,1,1,1,1,4,1,0,1,2,9,134,170,2,0,1,3,0,4,7,128,182,2,5,1,0,0,0,130,169,2,0,0,0,117,161,6,5,2,0,0,0,0,3,1,2,3,0,6,0,3,0,114,155,16,1,1,0,1,0,8,1,1,0,0,4,0,0,1,4,114,150,1,0,1,1,8,16,1,0,0,1,35,180,148,4,0,0,0,0,0,2,0,168,138,2,0,0,1,0,4,3,0,0,0,0,0,20,165,157,16,0,128,8,86,114,2,419,338,1,72,81,0,1,64,89,0,1,397,154
2012,84,3,1,530,497,53,11,4,7,0,3,7,542,489,39,14,3,6,0,521,477,39,10,3,5,5,6,3,0,0,2,31,507,491,34,17,8,8,1,6,5,493,520,40,19,7,5,0,0,495,491,35,0,0,0,458,427,94,28,4,4,0,0,3,5,2,3,3,2,27,7,5,2,428,406,118,13,3,5,6,0,29,9,1,3,1,16,2,3,0,6,420,382,26,7,3,2,68,83,5,2,2,4,98,643,431,27,0,0,0,0,1,2,4,589,389,23,3,0,0,0,23,29,5,2,0,1,0,43,463,598,43,8,512,54,231,305,10,1410,1113,1,206,290,3,0,219,280,0,0,1313,499
2012,84,4,1,867,791,45,7,6,15,0,6,7,882,780,35,6,5,13,0,855,764,33,4,5,13,3,9,1,0,0,1,43,847,781,37,6,3,11,0,7,8,844,802,41,16,4,12,0,0,839,770,35,0,0,0,779,705,100,12,4,11,0,0,3,3,2,0,4,2,34,9,8,5,745,665,149,10,3,8,12,0,42,8,2,0,1,20,2,0,1,5,728,655,32,2,2,6,97,94,5,1,1,2,104,959,742,30,0,0,0,0,0,2,5,931,702,27,1,0,0,0,10,28,5,0,0,1,0,32,737,927,66,14,809,55,353,502,25,2307,1744,1,343,358,4,0,334,365,4,2,2245,705
2012,84,5,1,549,584,22,3,0,10,0,1,5,552,578,21,4,2,9,0,539,572,21,3,0,9,1,2,0,0,0,1,23,528,579,24,6,2,7,0,2,8,517,592,28,7,0,7,0,0,521,577,25,0,0,0,465,515,97,8,0,9,0,1,3,2,1,2,2,4,18,9,8,1,459,481,115,6,0,6,9,0,29,6,0,1,1,19,2,0,1,0,446,464,23,3,0,5,60,101,1,1,0,2,63,585,559,21,0,0,0,0,1,4,3,565,537,18,1,0,0,0,8,23,0,0,0,1,0,20,549,572,50,6,511,30,318,309,9,1560,1177,1,250,332,2,1,243,337,4,1,1521,585
2012,84,6,1,1417,1565,140,21,7,59,8,1,16,1476,1548,108,24,6,38,5,1394,1489,103,13,3,31,13,16,15,6,2,16,117,1343,1584,112,33,13,37,3,6,15,1307,1669,126,68,14,43,0,3,1318,1571,106,0,0,0,1138,1366,230,106,5,25,1,1,14,17,7,10,22,11,84,23,26,22,1094,1277,339,31,7,30,28,2,68,44,2,12,8,92,10,2,8,38,1054,1244,78,11,3,15,204,216,24,10,1,10,342,1581,1522,100,0,0,0,0,6,7,9,1494,1444,92,3,0,4,0,29,40,7,3,0,2,0,102,1360,1808,53,14,1446,182,902,677,28,4003,3235,1,656,968,6,4,657,966,6,5,3661,1634
2012,84,7,1,370,347,12,3,6,7,0,1,3,377,339,10,2,8,6,0,363,336,9,1,6,6,4,4,1,0,0,0,16,366,341,10,4,2,5,1,4,5,354,351,12,3,2,4,0,0,364,336,9,0,0,0,330,310,30,6,3,4,0,0,3,1,1,2,4,0,10,3,5,3,320,288,45,1,2,5,7,0,10,1,1,2,1,20,0,0,0,1,318,282,9,0,2,3,33,47,11,0,0,2,45,427,319,5,0,0,0,0,0,2,2,401,316,3,0,0,0,0,11,6,1,0,0,0,0,8,340,370,32,3,324,12,158,236,15,1029,750,1,132,116,1,4,122,126,1,4,987,253
2012,84,8,1,940,1142,158,34,11,83,2,1,8,986,1139,124,49,10,56,0,921,1100,108,25,6,52,6,7,20,9,2,14,96,887,1163,138,42,12,82,1,3,9,853,1216,155,100,14,58,0,3,881,1160,141,0,0,0,758,968,238,107,11,56,1,1,10,13,7,7,15,9,45,31,17,14,727,874,340,44,8,46,24,0,49,27,9,6,4,82,2,5,0,48,695,841,104,17,6,31,142,227,22,8,1,15,259,1036,1189,126,0,0,0,0,1,4,4,985,1107,104,3,0,11,0,14,39,23,5,0,8,0,73,949,1401,22,8,980,227,774,390,9,2813,2380,1,507,822,2,1,483,845,3,2,2602,1333
2012,84,9,1,308,273,10,5,3,4,0,1,1,314,266,10,4,1,3,0,304,264,9,3,1,3,1,4,0,1,1,1,11,277,277,8,1,1,3,0,4,3,275,280,12,1,1,3,0,0,277,277,12,0,0,0,255,262,36,7,0,3,0,0,2,0,3,0,5,0,5,4,3,1,255,219,43,2,0,3,3,0,12,6,0,0,2,14,0,0,1,0,252,213,7,1,0,3,17,53,2,0,0,0,41,289,279,7,0,0,0,0,0,2,1,282,269,7,1,0,1,0,5,5,1,1,0,0,0,7,246,332,23,5,310,15,113,163,5,746,605,1,143,128,0,0,146,124,0,1,706,271
2012,84,10,1,1118,1023,66,13,8,28,3,2,12,1153,1007,49,14,6,19,1,1108,989,43,8,4,16,10,12,9,2,0,7,52,1087,999,51,22,8,26,6,11,9,1063,1037,61,32,10,18,0,2,1067,1006,53,0,0,0,955,874,160,44,2,13,1,1,3,3,7,6,12,5,62,16,14,6,918,832,195,20,6,16,20,1,63,22,9,5,5,32,5,1,2,22,881,801,40,7,3,7,149,165,6,5,1,4,185,1313,894,46,0,0,0,0,2,6,10,1226,826,37,1,0,1,0,43,45,12,1,0,1,0,67,904,1306,53,11,1090,105,525,536,18,2854,2274,1,482,563,6,3,478,571,2,3,2706,1054
2012,84,11,1,497,325,14,4,7,3,0,1,4,504,312,16,4,6,2,0,491,307,14,4,6,2,3,5,0,0,0,1,16,489,313,13,6,0,1,1,3,4,484,326,14,6,0,1,0,0,485,311,14,0,0,0,454,293,37,8,1,2,0,0,2,2,1,0,3,1,13,2,2,2,451,283,53,4,1,1,3,0,13,0,1,1,0,14,1,0,0,1,445,274,11,3,0,0,28,36,2,2,0,1,44,527,308,9,0,0,0,0,0,2,2,513,300,9,2,0,1,0,4,8,1,1,0,0,0,11,302,507,39,6,461,19,145,222,7,1197,854,1,171,147,0,0,159,156,3,0,1158,318
2012,84,12,1,961,663,36,9,8,19,0,2,8,986,647,28,9,4,15,0,954,629,25,8,4,15,0,8,3,1,0,1,49,943,639,35,14,5,16,1,6,7,926,776,38,21,3,17,0,0,929,641,32,0,0,0,844,573,100,19,2,11,0,0,10,4,4,6,7,3,32,10,9,8,819,532,121,16,1,9,14,0,42,15,1,10,2,30,0,0,4,13,795,521,27,4,1,8,112,74,5,3,0,2,144,1148,527,24,0,0,0,0,1,2,4,1086,508,18,0,0,1,0,24,20,6,0,0,0,0,39,619,1032,39,18,910,62,288,415,33,2244,1707,1,395,312,1,2,396,310,1,3,2051,710
2012,84,13,1,1181,1038,51,10,4,14,0,6,9,1204,1027,38,13,3,10,0,1166,1008,34,9,3,10,3,8,6,0,0,1,60,1137,1000,58,23,3,14,2,14,11,1132,1042,67,17,6,8,0,0,1130,1000,58,0,0,0,1050,900,154,19,5,5,0,0,4,7,7,9,7,4,29,12,6,5,1029,866,177,11,2,8,15,0,43,14,2,5,3,26,3,2,0,7,1006,839,50,4,1,5,96,133,6,3,0,1,154,1367,905,26,0,0,0,0,1,7,10,1287,853,22,2,0,1,0,39,42,4,1,0,1,0,54,975,1221,98,28,1093,81,484,638,26,2972,2323,1,376,454,3,4,377,451,6,3,2864,837
2012,84,14,1,548,474,31,7,0,5,2,4,3,559,464,27,6,0,6,2,540,457,27,6,0,3,4,7,1,1,0,1,22,521,454,33,34,2,2,1,3,6,514,473,35,15,4,4,0,0,519,463,37,0,0,0,487,431,56,14,1,2,1,0,0,5,1,4,7,0,16,6,2,6,463,413,73,11,3,1,7,1,18,8,3,0,1,17,1,1,3,5,457,398,33,7,1,0,52,52,1,1,1,0,64,621,422,21,0,0,0,0,0,2,5,590,399,18,2,0,1,0,17,13,2,1,0,0,0,25,443,554,72,7,472,46,201,346,11,1378,1076,1,194,198,1,1,186,204,3,1,1336,394
2012,84,77,1,217,188,3,8,2,1,0,5,1,216,189,2,7,2,2,0,214,186,2,6,2,1,0,1,0,1,0,1,5,210,182,5,8,1,3,0,5,1,210,188,5,6,2,3,0,0,212,182,5,0,0,0,200,177,13,7,1,3,0,0,0,0,1,0,1,0,1,2,2,0,198,171,17,5,0,0,1,0,7,0,0,1,2,3,0,0,0,2,192,170,3,4,1,2,17,10,0,2,0,1,12,237,174,5,0,0,0,0,0,4,1,226,168,3,3,0,1,0,4,8,0,2,0,1,0,5,176,228,21,0,201,13,78,127,6,0,425,1,8,31,0,1,7,32,1,0,0,40
2012,84,78,1,50,41,0,0,0,1,0,0,0,53,38,0,0,0,1,0,49,38,0,0,0,1,0,2,0,0,0,0,3,18,16,0,0,0,0,0,1,0,20,16,1,0,0,0,0,0,21,18,0,0,0,0,16,15,1,0,0,0,0,0,0,0,0,0,0,0,0,0,1,0,16,13,2,0,0,0,0,0,1,0,0,0,0,2,0,0,0,0,15,13,0,0,0,0,3,3,0,0,0,0,5,19,17,0,0,0,0,0,0,0,0,19,16,0,0,0,0,0,0,1,0,0,0,0,0,0,38,56,2,0,48,7,17,24,0,0,93,1,9,20,1,0,19,11,0,0,0,30
2012,84,79,1,0,1,0,0,0,0,0,0,0,0,1,0,0,0,0,0,0,1,0,0,0,0,0,0,0,0,0,0,0,0,0,0,0,0,0,1,0,0,1,0,0,0,0,0,0,0,1,0,0,0,0,0,1,0,0,0,0,0,0,0,0,0,0,0,0,0,0,0,0,0,1,0,0,0,0,0,0,0,0,0,0,0,0,0,0,0,0,0,0,0,0,0,0,0,1,0,0,0,0,0,0,0,0,0,0,0,0,0,0,0,0,0,0,0,0,0,0,0,0,0,0,0,0,0,0,0,0,0,0,0,0,0,0,0,0,0,1,,,,,,,,,,,
2012,85,1,1,217,298,7,1,0,1,0,0,1,219,296,6,1,0,0,0,215,295,5,2,0,0,0,2,1,0,0,1,7,211,294,7,0,0,0,0,3,6,209,291,6,2,0,0,1,0,206,287,8,0,0,0,196,242,12,2,0,1,1,0,8,2,0,4,1,2,0,1,0,2,188,262,29,1,0,0,0,0,1,9,0,0,1,1,13,0,0,0,186,259,3,1,0,0,20,29,1,1,0,0,22,226,297,4,0,0,0,0,0,1,2,224,291,4,0,0,0,0,1,3,0,0,0,0,0,5,251,231,45,4,209,16,93,211,2,769,531,1,67,77,1,1,62,84,0,0,737,146
2012,85,2,1,679,571,27,8,8,15,0,4,6,690,556,25,10,5,14,0,664,546,21,7,5,13,3,7,7,0,0,0,36,648,553,41,0,0,0,0,8,17,649,554,37,13,0,0,2,0,652,540,37,0,0,0,607,497,73,11,4,5,0,0,25,0,4,9,2,2,2,7,2,8,582,477,104,10,6,5,2,0,4,13,1,3,2,5,22,3,2,4,579,470,29,6,3,1,49,59,2,2,0,2,92,677,603,29,0,0,0,0,1,3,4,648,575,23,0,0,0,0,19,10,4,0,0,0,0,32,548,711,48,12,621,54,290,340,14,1858,1319,1,267,246,5,4,252,263,4,3,1831,522
2012,85,77,1,10,13,0,0,0,0,0,0,0,11,12,0,0,0,0,0,10,12,0,0,0,0,1,0,0,0,0,0,0,12,11,0,0,0,0,0,0,0,12,11,0,0,0,0,0,0,11,11,1,0,0,0,11,11,0,0,0,0,0,0,1,0,0,0,0,0,0,0,0,0,11,10,0,0,0,0,0,0,0,1,0,0,0,0,1,0,0,0,11,10,0,0,0,0,0,1,0,0,0,0,1,11,11,0,0,0,0,0,0,0,0,10,11,0,0,0,0,0,1,0,0,0,0,0,0,1,14,8,1,0,6,0,6,10,1,0,23,1,2,9,2,0,1,10,2,0,0,13
2012,85,78,1,9,8,0,0,0,0,0,0,0,8,7,0,0,0,0,0,8,7,0,0,0,0,0,0,0,0,0,0,2,0,5,0,0,0,0,0,0,0,0,5,0,0,0,0,0,0,0,5,0,0,0,0,0,5,0,0,0,0,0,0,0,0,1,0,0,0,0,0,0,0,0,5,0,0,0,0,0,0,0,0,0,0,0,0,0,0,0,0,0,5,0,0,0,0,0,0,0,0,0,0,1,1,5,0,0,0,0,0,0,0,0,1,5,0,0,0,0,0,0,0,0,0,0,0,0,0,7,9,1,0,6,1,10,0,0,0,17,1,3,9,1,0,4,8,1,0,0,13
2012,86,1,1,693,732,51,10,9,19,2,2,7,724,711,39,14,8,14,0,682,702,38,8,8,12,6,9,3,0,0,3,47,688,717,52,0,0,0,1,4,6,658,726,53,21,17,19,0,1,662,707,52,0,0,0,605,634,99,19,8,12,2,0,3,7,4,10,3,5,4,8,21,11,578,615,142,6,9,8,3,0,5,17,31,3,2,7,5,4,2,15,566,597,42,4,6,4,80,84,2,1,2,1,128,666,824,24,0,0,0,0,0,5,4,631,777,22,0,0,0,0,21,22,2,1,0,0,0,42,685,791,42,9,668,73,317,451,18,1847,1527,1,301,358,1,0,301,356,1,2,1709,660
2012,86,2,1,444,468,23,11,7,11,1,2,8,452,459,22,11,8,7,0,434,453,20,12,5,6,1,7,3,1,0,1,26,427,476,28,0,0,0,1,5,2,409,495,25,10,6,11,0,0,411,481,23,0,0,0,389,428,58,9,5,7,1,0,2,1,0,5,0,2,4,7,13,5,364,409,91,5,4,5,9,0,0,13,19,3,1,3,1,0,4,3,353,401,17,2,3,1,52,54,4,2,0,3,80,385,565,13,0,0,0,0,0,1,6,379,548,13,2,0,0,0,5,9,2,0,0,0,0,14,430,506,40,3,422,29,187,333,8,1213,979,1,176,230,1,0,176,230,1,0,1146,407
2012,86,3,1,311,387,19,4,7,5,2,2,2,328,379,13,3,5,1,0,308,375,13,4,5,1,3,2,1,0,0,1,22,305,397,11,0,0,0,0,5,5,298,402,12,11,4,4,0,0,298,395,10,0,0,0,287,369,28,8,6,2,0,0,2,2,0,1,1,0,1,3,3,3,267,361,43,3,3,1,1,0,1,7,16,1,0,5,1,0,0,3,265,351,9,2,4,0,30,36,2,0,1,0,29,305,424,4,0,0,0,0,0,1,2,295,405,3,0,0,0,0,4,12,1,0,0,0,0,14,357,344,34,4,300,19,133,283,4,892,739,1,100,129,2,0,94,135,1,1,847,231
2012,86,4,1,730,579,36,4,7,13,2,2,6,749,565,30,6,6,11,1,712,556,29,3,4,9,7,9,3,0,3,1,37,705,580,38,0,0,0,0,7,7,670,609,37,7,6,2,0,2,683,685,36,0,0,0,638,539,66,8,8,6,0,1,0,0,2,10,3,3,3,8,18,3,613,514,110,4,7,5,9,0,0,17,18,0,1,3,5,2,2,6,599,507,30,3,4,1,65,60,4,1,3,0,90,663,690,18,0,0,0,0,0,3,4,641,647,17,1,0,0,0,14,16,2,1,0,0,0,37,564,738,67,12,667,43,200,462,9,1841,1381,1,263,207,6,1,248,226,1,2,1768,477
2012,86,5,1,549,488,15,4,7,1,0,0,5,551,479,14,4,7,2,0,538,472,13,1,7,1,2,4,1,0,0,0,25,519,495,22,0,0,0,0,3,8,502,506,21,7,3,3,0,0,505,496,23,0,0,0,492,466,38,6,5,2,0,0,0,3,0,4,0,0,1,5,13,2,467,451,67,2,4,4,4,0,0,11,15,1,0,1,1,0,2,4,462,446,18,1,2,2,40,33,3,1,2,1,47,468,581,6,0,0,0,0,0,2,5,452,562,6,1,0,0,0,11,12,2,0,0,0,0,16,484,524,47,14,466,24,144,428,7,1365,1069,1,228,237,2,3,218,246,3,3,1334,470
2012,86,6,1,608,543,24,8,4,1,0,5,5,608,542,16,11,3,1,0,596,533,16,6,3,1,4,2,3,2,1,0,23,575,549,24,0,0,0,0,7,10,560,562,24,12,1,7,0,0,569,548,18,0,0,0,550,515,43,12,1,3,0,0,1,1,2,5,0,1,3,2,8,4,516,496,73,4,0,3,8,0,0,12,22,1,0,7,3,0,1,6,516,489,14,1,0,1,44,50,2,3,1,1,58,558,619,13,0,0,0,0,1,3,1,531,582,12,0,0,0,0,18,22,2,0,0,0,0,29,505,622,45,28,572,36,185,394,13,1548,1200,1,293,306,5,6,284,316,4,6,1539,610
2012,86,7,1,949,885,51,12,11,25,2,3,10,966,875,43,14,8,20,1,940,860,41,9,7,20,1,6,3,2,2,3,40,911,913,46,0,0,0,0,3,7,881,938,47,23,7,11,0,0,888,909,44,0,0,0,842,825,103,23,5,7,1,0,1,5,4,13,4,4,4,7,26,4,781,782,172,8,3,12,18,0,2,33,37,0,2,9,7,2,2,11,761,773,28,3,2,7,106,96,7,4,0,1,149,847,1071,15,0,0,0,0,0,1,4,809,1013,14,0,0,0,0,24,30,6,0,0,0,0,48,838,1053,51,5,875,66,317,688,1,2392,1947,1,391,419,4,0,372,436,5,1,2284,814
2012,86,8,1,987,1006,41,10,9,15,0,3,3,998,1000,32,12,8,14,0,976,988,30,8,7,14,0,6,4,1,0,0,36,924,1029,52,0,0,0,0,7,7,894,1048,48,19,6,7,0,0,902,1024,48,0,0,0,874,933,100,16,7,4,0,0,0,1,4,7,1,7,3,16,28,4,818,920,141,11,3,6,12,0,2,26,34,1,0,1,4,4,3,6,813,892,41,4,2,4,76,106,4,3,1,1,115,881,1169,13,0,0,0,0,0,4,3,843,1116,13,3,0,0,0,26,21,5,1,0,0,0,38,956,1027,75,16,909,57,359,740,9,2593,2076,1,367,469,2,0,358,475,5,0,2488,838
2012,86,77,1,43,54,3,0,1,0,0,0,0,45,52,1,0,1,0,0,42,52,1,0,1,0,1,0,0,0,0,0,4,32,53,1,0,0,0,0,0,0,29,55,2,0,0,0,0,0,30,54,1,0,0,0,29,51,4,2,0,0,0,0,0,0,0,0,1,0,0,0,1,0,24,49,7,0,0,0,0,0,0,0,5,0,0,1,0,0,0,0,24,48,1,0,0,0,4,5,0,0,0,0,9,33,62,1,0,0,0,0,0,1,0,32,60,1,0,0,0,0,2,0,0,0,0,0,0,3,59,33,4,1,28,3,19,43,4,0,101,1,9,19,0,0,5,23,0,0,0,28
2012,86,78,1,25,17,0,0,0,1,0,1,0,25,17,0,0,0,1,0,25,17,0,0,0,1,0,0,0,0,0,0,0,5,1,0,0,0,0,0,0,0,11,4,0,0,0,1,0,0,12,3,0,0,0,0,10,3,0,0,0,0,0,0,0,0,0,0,0,0,0,0,1,0,10,3,0,0,0,0,0,0,0,1,0,0,0,0,0,0,0,0,4,1,0,0,0,0,1,0,0,0,0,1,9,7,6,0,0,0,0,0,0,0,0,7,5,0,0,0,0,0,0,0,0,0,0,0,0,1,18,20,6,0,18,2,7,17,0,0,44,1,9,12,0,1,9,12,1,0,0,22
2012,87,1,1,844,886,37,7,10,15,4,1,12,856,876,31,7,10,14,1,834,866,30,5,10,12,6,8,0,0,0,2,34,796,898,37,0,13,0,0,19,15,780,911,42,17,9,13,0,1,785,895,38,0,0,0,748,853,72,15,7,12,1,0,2,2,2,6,0,1,8,3,18,3,698,828,120,5,5,10,11,0,3,14,30,4,4,4,1,2,3,5,685,812,33,3,4,8,80,61,3,0,1,1,95,757,1026,14,0,0,0,0,1,2,12,720,973,13,2,0,0,0,25,31,3,0,0,0,0,39,861,870,73,16,784,48,315,658,15,2323,1820,1,302,314,8,0,298,319,5,2,2229,624
2012,87,2,1,200,244,11,3,1,5,0,1,2,199,242,12,4,1,3,0,190,236,9,3,1,3,1,1,3,0,0,0,17,169,260,14,0,2,0,0,0,2,171,266,13,7,2,2,0,1,166,256,14,0,0,0,166,221,28,6,1,3,0,0,1,0,0,3,1,1,0,5,5,4,150,220,34,5,1,3,3,0,0,5,6,2,1,3,0,2,2,5,149,214,11,2,1,2,16,29,1,0,0,0,42,175,280,6,0,0,0,0,0,0,3,167,261,4,0,0,0,0,9,16,2,0,0,0,0,5,236,218,12,1,182,17,92,175,1,584,467,1,104,111,0,0,96,119,0,0,559,215
2012,87,3,1,917,729,33,6,4,17,0,2,5,929,717,28,7,3,15,6,908,710,27,4,3,13,2,4,1,2,0,2,31,840,777,32,0,4,0,0,7,13,843,774,36,7,5,5,0,0,843,756,32,0,0,0,826,699,61,8,4,6,0,0,0,1,3,7,1,5,1,8,16,5,776,675,109,2,5,8,2,0,0,19,43,1,0,1,1,3,1,4,763,662,27,0,3,6,72,68,2,2,0,0,89,762,906,31,0,0,0,0,1,5,5,746,884,26,1,0,0,0,7,8,1,0,2,0,0,31,745,891,68,10,801,55,256,591,11,2125,1714,1,296,302,4,1,294,304,3,2,2075,603
2012,87,4,1,317,281,6,1,4,1,1,2,2,319,274,6,2,5,2,0,313,274,6,1,4,1,0,1,0,1,1,1,9,296,285,5,0,5,0,0,7,4,292,285,6,3,3,2,0,0,291,280,7,0,0,0,279,257,18,6,4,2,0,0,0,1,2,0,0,2,1,1,8,6,271,249,34,3,3,2,7,0,0,3,12,0,1,1,2,0,0,2,265,244,5,2,3,0,21,28,0,0,0,2,35,277,331,5,0,0,0,0,0,1,1,271,320,3,0,0,0,0,1,4,1,1,0,0,0,13,286,305,21,4,282,13,96,223,2,751,616,1,111,102,0,0,111,102,0,0,724,213
2012,87,5,1,1265,1149,33,10,7,15,3,10,9,1279,1131,30,11,6,11,1,1244,1119,27,8,6,11,1,10,4,0,0,2,47,1184,1179,36,0,11,0,1,19,13,1174,1178,43,26,9,16,0,1,1177,1164,40,0,0,0,1122,1090,84,25,4,13,0,1,2,1,4,3,3,3,3,7,27,7,1070,1064,155,12,2,10,9,0,1,12,45,2,1,10,4,6,2,5,1050,1046,30,8,2,3,117,79,5,1,1,5,126,1128,1333,19,0,0,0,0,0,6,13,1102,1264,18,2,0,0,0,32,22,6,2,0,0,0,38,1084,1294,107,20,1146,62,422,855,20,3080,2505,1,497,397,9,5,477,419,6,6,2948,908
2012,87,6,1,1137,916,35,8,4,8,0,4,4,1143,889,27,8,5,7,1,1108,883,25,7,4,6,1,9,3,1,1,2,59,1063,946,30,0,4,0,1,14,6,1064,945,32,11,3,6,0,2,1059,930,29,0,0,0,1040,876,64,11,2,2,0,0,2,3,0,4,2,1,2,5,14,5,984,855,118,9,2,2,7,0,2,9,31,2,3,2,2,1,2,4,972,845,26,6,1,1,78,62,2,3,1,3,97,991,1097,13,0,0,0,0,2,3,3,965,1039,12,2,0,0,0,14,14,1,1,0,0,0,63,842,1141,120,14,1028,36,268,766,19,2556,2117,1,414,315,4,2,416,314,2,3,2471,735
2012,87,7,1,562,327,10,4,5,8,0,4,5,560,323,9,5,4,5,0,553,320,7,4,4,5,1,3,0,1,1,2,15,528,342,7,0,4,0,0,7,7,526,339,7,10,4,6,0,0,524,331,8,0,0,0,508,306,19,4,3,4,0,0,1,2,0,3,2,1,2,7,13,4,493,302,38,3,2,5,3,0,1,4,19,0,0,3,0,0,3,3,486,293,5,3,2,3,34,27,0,3,1,1,53,494,413,3,0,0,0,0,0,2,6,478,393,3,0,0,0,0,9,5,0,1,0,0,0,28,352,509,48,16,478,23,112,302,10,1131,925,1,216,132,2,3,212,139,2,0,1089,353
2012,87,8,1,925,1150,26,6,12,12,0,6,12,937,1134,23,10,8,8,0,908,1126,19,6,8,8,4,9,3,0,0,0,42,855,1194,22,0,8,0,0,19,10,851,1178,29,11,9,8,0,0,851,1162,22,0,0,0,815,1108,56,8,7,7,1,0,0,5,3,10,1,5,1,14,18,5,791,1078,103,5,6,7,3,0,0,22,16,2,0,5,2,3,3,7,780,1068,19,1,5,4,57,73,2,2,0,2,107,821,1304,7,0,0,0,0,0,5,10,800,1255,3,0,0,0,0,11,19,2,0,0,0,0,46,1135,907,99,10,819,49,350,911,22,2605,2151,1,326,419,7,1,327,421,5,0,2478,753
2012,87,77,1,71,53,4,1,2,1,0,3,0,72,53,4,1,1,1,0,70,53,4,1,1,1,0,0,0,0,1,0,2,67,54,5,0,1,0,0,1,0,68,54,5,1,1,0,0,0,67,54,5,0,0,0,62,53,5,2,1,0,0,0,0,0,1,0,0,0,0,0,4,0,63,50,7,1,2,0,0,0,0,1,4,0,0,1,0,0,1,0,61,50,5,1,1,0,5,3,0,0,0,0,6,86,72,7,0,0,0,0,0,8,0,84,70,7,1,0,0,0,1,0,0,0,0,0,0,7,62,69,4,1,63,6,11,56,0,0,136,1,4,10,2,0,2,12,2,0,0,16
2012,87,78,1,26,18,0,0,0,1,0,0,0,27,17,0,0,0,1,0,25,17,0,0,0,1,0,1,0,0,0,0,2,12,7,0,0,0,0,0,0,0,15,7,0,0,0,0,0,0,15,7,0,0,0,0,11,5,1,0,0,0,0,0,0,0,0,0,0,0,0,1,0,0,11,6,1,0,0,0,1,0,0,0,0,0,0,0,0,0,0,0,9,5,0,0,0,0,2,0,0,0,0,0,7,12,7,0,0,0,0,0,0,0,0,12,7,0,0,0,0,0,0,0,0,0,0,0,0,1,17,25,4,0,28,0,6,12,0,0,46,1,7,7,0,0,3,11,0,0,0,14
2012,87,79,1,0,1,0,0,0,0,0,0,0,0,1,0,0,0,0,0,0,1,0,0,0,0,0,0,0,0,0,0,0,0,0,0,0,0,0,0,0,0,0,0,0,0,0,0,0,0,0,0,0,0,0,0,0,0,0,0,0,0,0,0,0,0,0,0,0,0,0,0,0,0,0,0,0,0,0,0,0,0,0,0,0,0,0,0,0,0,0,0,0,0,0,0,0,0,0,0,0,0,0,0,0,0,0,0,0,0,0,0,0,0,1,0,0,0,0,0,0,0,0,0,0,0,0,0,0,0,0,0,0,0,0,0,0,0,0,0,1,,,,,,,,,,,
2012,88,1,1,514,517,16,4,4,7,0,1,4,514,508,14,3,4,6,0,507,506,14,3,4,6,2,4,0,0,0,2,14,471,547,11,0,0,0,0,5,6,451,554,12,5,2,6,0,0,455,533,14,0,0,0,432,503,28,4,2,6,0,0,3,4,18,6,5,2,1,1,5,1,421,484,50,1,1,7,4,0,5,2,4,1,1,3,0,2,20,16,412,475,9,1,1,3,35,45,1,0,1,2,71,341,695,9,0,0,0,0,3,0,6,333,670,9,1,0,0,0,6,14,0,0,0,0,0,28,499,536,21,11,501,20,170,373,3,1394,1067,1,176,200,1,4,178,197,4,2,1331,381
2012,88,2,1,689,479,24,5,5,7,2,3,9,702,469,23,3,5,6,1,679,462,22,3,5,6,0,7,0,0,0,1,25,646,498,27,0,0,0,0,8,10,620,515,28,4,3,8,0,0,630,493,24,0,0,0,600,454,63,8,2,3,0,0,7,1,14,3,10,3,0,0,0,3,583,429,103,1,1,2,4,0,2,9,1,2,0,6,0,2,16,6,569,422,21,1,1,2,45,59,2,0,1,0,81,505,678,19,0,0,0,0,2,3,10,487,649,18,1,0,0,0,15,18,1,0,0,0,0,20,463,711,40,8,630,32,193,361,6,1651,1222,1,209,181,1,2,219,171,1,2,1551,393
2012,88,3,1,257,240,15,3,5,7,1,0,2,270,233,14,6,3,1,0,253,227,13,2,3,1,3,4,2,0,0,0,20,244,252,17,0,0,0,0,2,0,224,272,13,8,3,1,0,0,229,253,12,0,0,0,206,230,28,3,2,2,0,0,3,2,21,2,3,1,1,1,1,1,197,210,51,2,2,2,1,0,0,1,2,2,1,4,0,1,20,7,193,207,9,1,2,1,31,30,2,1,0,0,51,164,343,10,0,0,0,0,0,2,7,160,325,10,1,0,0,0,10,3,0,1,0,0,0,11,231,279,20,0,251,9,107,161,2,670,530,1,86,128,1,3,82,133,1,2,656,218
2012,88,4,1,490,960,17,7,4,9,0,4,6,508,949,13,6,4,7,0,480,939,11,5,4,7,4,7,3,1,0,0,27,459,970,21,0,0,0,0,5,2,441,981,22,10,5,8,0,0,444,969,17,0,0,0,421,922,40,7,4,10,3,0,0,4,11,9,4,7,1,5,1,3,394,885,81,7,2,8,16,0,3,6,0,2,0,7,3,3,13,12,384,878,12,3,2,5,53,70,1,0,2,1,80,316,1145,9,0,0,0,0,4,7,11,308,1104,8,3,0,0,0,10,20,2,1,0,0,0,23,904,531,51,5,424,71,286,706,4,2030,1497,1,173,403,3,2,176,399,4,2,1978,581
2012,88,5,1,203,212,16,1,1,3,1,2,0,208,210,15,2,1,1,0,200,207,15,1,1,1,0,1,0,0,0,0,11,186,225,13,0,0,0,1,5,1,183,223,14,2,2,3,0,0,184,220,13,0,0,0,168,210,23,0,2,2,0,0,3,1,6,0,5,0,0,1,0,0,161,193,42,1,2,2,0,0,1,1,0,2,0,2,0,0,7,6,158,192,11,0,2,1,22,22,3,0,0,0,23,158,267,8,0,0,0,0,1,1,3,154,250,7,0,0,0,0,6,4,2,0,0,0,0,13,189,231,20,0,204,20,86,128,2,626,440,1,100,101,3,0,101,103,0,0,612,204
2012,88,6,1,362,241,11,3,2,6,0,3,0,364,244,9,3,3,4,0,357,239,8,2,1,4,2,4,0,1,1,2,10,342,253,9,0,0,0,0,7,4,339,252,8,9,3,6,0,0,340,248,7,0,0,0,319,219,31,9,1,6,0,0,5,3,8,3,3,3,0,1,1,0,318,211,39,3,0,7,3,0,3,2,0,0,0,3,1,0,11,8,314,209,5,3,0,4,21,24,2,0,1,1,40,268,342,7,0,0,0,0,3,4,3,267,332,7,1,0,0,0,4,3,0,0,0,0,0,11,244,363,24,5,333,13,167,121,2,833,636,1,140,120,2,0,136,123,3,0,783,262
2012,88,7,1,611,664,42,8,3,19,3,3,7,619,664,40,7,2,10,2,600,649,38,6,2,11,2,1,1,0,0,4,39,547,711,48,0,0,0,1,6,7,532,706,45,22,4,14,0,0,539,686,40,0,0,0,505,638,71,16,4,9,0,0,2,3,14,3,15,5,1,4,3,4,495,606,107,11,3,8,9,0,5,9,0,2,2,8,2,1,17,17,475,594,35,5,1,5,62,72,2,1,0,4,93,470,822,33,0,0,0,0,1,2,28,454,770,27,1,0,0,0,8,22,10,0,0,0,0,42,606,704,47,6,582,52,275,447,7,1865,1363,1,291,368,3,1,294,365,3,1,1839,663
2012,88,8,1,418,825,19,4,6,9,0,4,8,426,817,14,7,4,7,0,406,809,14,3,4,8,2,6,1,2,1,1,27,368,869,15,0,0,0,0,8,5,360,866,17,6,3,9,0,0,366,856,16,0,0,0,331,826,40,5,0,10,0,0,5,2,19,2,1,0,0,1,3,0,322,803,52,4,2,9,2,0,11,2,2,2,1,4,0,0,17,14,309,792,12,1,0,6,44,49,4,1,2,0,62,242,1018,11,0,0,0,0,2,5,3,229,955,9,2,0,0,0,11,44,0,1,0,0,0,36,748,470,72,5,402,33,290,565,5,1765,1295,1,155,202,2,0,141,214,4,0,1736,359
2012,88,9,1,799,511,38,5,6,9,0,5,6,806,507,35,5,6,8,0,791,504,33,5,5,8,2,2,1,0,0,1,20,738,570,25,0,0,0,0,12,3,724,574,25,5,6,9,0,0,733,549,25,0,0,0,686,598,63,12,7,9,1,1,11,1,11,9,6,0,0,2,2,0,659,463,106,1,6,6,13,0,5,5,1,3,0,5,1,0,22,17,647,458,19,1,5,3,72,56,3,0,1,2,100,579,766,17,0,0,0,0,4,5,8,562,724,15,3,0,0,0,14,13,0,0,0,0,0,38,497,840,36,10,720,53,212,391,7,1755,1383,1,350,267,2,0,347,268,4,0,1709,619
2012,88,10,1,592,627,17,4,4,8,2,4,10,595,620,13,6,3,3,0,576,612,13,3,3,3,1,6,1,0,0,2,35,492,714,17,0,0,0,0,8,13,488,697,16,10,2,3,0,0,490,680,15,0,0,0,462,644,34,11,1,4,0,0,2,3,15,6,4,5,1,0,2,0,454,628,63,8,1,4,2,0,3,2,1,3,0,1,0,1,18,10,434,616,14,7,0,0,48,45,0,0,1,0,83,359,874,15,0,0,0,0,0,4,10,351,798,13,3,0,0,0,15,36,3,0,0,0,0,35,562,612,84,11,544,45,218,446,16,1773,1269,1,178,221,2,1,179,219,3,1,1725,402
2012,88,11,1,631,904,45,6,8,12,1,2,8,662,881,33,7,7,11,1,623,873,31,5,6,9,4,10,5,0,1,3,37,599,954,30,0,0,0,0,4,7,567,962,32,11,5,12,0,0,568,941,27,0,0,0,533,874,65,16,2,9,4,0,9,8,19,12,10,1,0,5,3,3,493,836,113,7,2,6,17,0,5,10,1,4,1,13,1,5,22,14,489,827,20,2,2,2,68,77,5,3,0,0,112,393,1184,30,0,0,0,0,1,1,4,386,1117,25,2,0,0,0,19,17,4,0,0,0,0,42,831,724,52,10,612,54,474,468,9,2095,1617,1,237,326,3,0,237,325,4,0,1979,566
2012,88,12,1,1077,924,40,7,16,16,1,5,8,1102,910,33,6,13,12,0,1057,899,32,5,12,12,3,10,3,1,1,2,49,1022,952,42,0,0,0,1,10,12,975,975,42,16,7,12,0,1,989,944,37,0,0,0,914,862,83,14,8,10,1,0,7,8,28,15,18,7,0,5,4,5,881,837,131,8,5,9,7,0,8,8,3,4,2,9,0,0,47,26,857,825,31,5,3,5,113,82,3,1,1,1,150,731,1311,23,0,0,0,0,3,11,5,721,1236,17,3,0,0,0,29,20,4,0,0,0,0,48,890,1116,74,20,1016,47,366,657,14,2777,2099,1,398,379,8,2,395,386,4,2,2720,787
2012,88,13,1,651,685,55,8,6,13,1,5,9,666,682,45,8,4,9,0,640,668,43,5,4,9,2,12,3,3,1,2,29,614,726,38,0,0,0,0,10,8,587,742,36,16,6,10,0,0,593,719,33,0,0,0,551,657,75,16,5,9,0,0,6,4,14,12,10,2,1,4,1,6,531,626,116,16,4,5,11,0,5,8,3,2,0,9,1,2,14,17,522,613,23,4,2,4,53,77,8,5,0,4,103,428,964,23,0,0,0,0,5,5,3,422,925,21,3,0,0,0,11,8,3,3,0,0,0,30,623,739,67,7,613,69,279,461,14,1922,1435,1,209,301,2,5,208,302,3,4,1838,517
2012,88,14,1,344,382,22,5,9,7,1,3,3,352,382,18,4,7,4,0,338,368,17,3,7,3,1,6,2,2,1,3,20,314,424,12,0,0,0,0,4,3,304,413,13,16,7,9,0,0,307,395,15,0,0,0,278,363,33,17,6,6,1,0,2,5,13,6,2,3,1,2,0,1,271,337,60,5,8,6,4,0,1,5,1,1,0,2,0,4,14,14,261,332,6,1,5,1,36,51,5,2,0,3,68,230,522,14,0,0,0,0,2,5,2,227,479,12,2,0,0,0,4,25,3,0,0,0,0,18,337,413,23,4,360,25,165,222,5,1092,777,1,127,186,0,0,122,190,1,0,1054,313
2012,88,15,1,770,798,41,9,5,24,1,4,10,798,783,32,7,2,18,0,762,769,31,6,1,16,2,9,2,0,0,5,47,678,888,34,0,0,0,1,2,11,639,911,33,22,6,17,0,0,638,874,30,0,0,0,576,766,83,33,3,16,2,0,10,5,42,15,13,6,4,4,3,2,550,715,149,13,2,14,28,0,9,8,2,2,1,6,2,3,48,31,528,697,21,3,0,6,89,102,6,2,2,6,190,437,1195,14,0,0,0,0,5,2,5,423,1104,14,1,0,0,0,15,37,1,1,0,0,0,61,727,897,31,9,763,64,350,481,6,2180,1664,1,315,337,1,2,306,344,3,2,1973,655
2012,88,77,1,128,74,4,0,1,0,0,0,2,127,73,4,0,1,0,0,125,73,4,0,1,0,0,1,0,0,0,0,3,119,74,6,0,0,0,0,2,1,118,75,6,2,0,0,0,0,118,73,5,0,0,0,111,72,6,1,0,0,0,0,1,0,6,1,2,1,0,0,0,0,102,71,7,1,0,0,0,0,0,0,1,1,0,0,0,0,15,3,99,72,5,1,0,0,19,2,0,0,0,0,7,119,82,4,0,0,0,0,0,3,2,116,79,4,0,0,0,0,2,1,0,0,0,0,0,6,88,111,10,0,99,6,41,63,0,0,209,1,10,42,7,0,1,52,6,0,0,59
2012,88,78,1,45,45,2,2,0,1,0,1,0,43,45,2,2,0,1,0,42,44,2,2,0,1,0,1,0,0,0,0,3,6,17,0,0,0,0,0,1,0,13,22,0,1,0,1,0,0,13,22,0,0,0,0,8,16,1,0,0,1,0,0,0,0,0,0,1,0,0,0,0,0,8,16,1,0,0,1,0,0,0,0,0,0,0,0,0,0,1,0,5,16,0,0,0,1,1,1,0,1,0,0,13,5,22,0,0,0,0,0,0,0,0,5,19,0,0,0,0,0,1,0,0,0,0,0,0,2,24,66,6,0,39,3,19,34,1,0,96,1,23,33,2,0,20,36,2,0,0,58
2012,89,1,1,1301,982,62,15,13,33,0,2,6,1324,968,52,15,10,25,0,1275,945,46,10,9,24,3,13,4,4,3,2,71,1371,918,61,0,0,0,1,10,5,1246,999,55,31,11,18,0,0,1259,949,50,0,0,0,1175,842,98,49,9,19,1,0,45,10,26,5,2,6,8,14,5,10,1142,788,168,21,10,13,25,0,2,22,1,9,3,33,43,0,0,13,1093,769,34,5,3,7,130,111,11,5,1,1,231,1496,853,36,0,0,0,0,6,9,11,1425,813,30,2,0,0,0,20,27,3,1,0,0,0,82,948,1378,73,18,1221,86,433,667,10,3178,2417,1,498,493,8,3,507,484,7,4,3025,1002
2012,89,2,1,275,249,7,2,1,5,0,3,2,278,246,4,2,1,3,0,269,242,4,1,1,3,1,3,1,0,0,1,14,299,221,10,0,0,0,0,0,0,271,237,14,6,1,3,0,0,270,230,9,0,0,0,255,212,23,4,1,2,0,0,10,2,3,1,0,1,2,3,2,0,258,204,29,2,0,2,3,0,0,1,1,1,0,7,3,1,1,2,244,194,7,1,0,1,18,28,1,0,0,1,23,308,226,5,0,0,0,0,1,1,2,290,224,4,0,0,0,0,2,7,0,0,0,0,0,14,244,275,21,4,245,12,113,172,2,705,544,1,123,120,1,1,126,115,4,0,681,245
2012,89,3,1,494,423,14,1,3,2,1,2,3,498,411,12,3,3,0,1,489,408,11,1,3,0,0,3,2,0,0,0,20,531,386,10,0,0,0,0,1,4,485,416,12,2,3,1,0,0,493,394,8,0,0,0,464,366,22,3,1,0,0,0,14,4,8,1,2,0,1,7,0,3,445,354,42,1,4,0,6,0,1,1,0,2,1,9,15,0,2,3,434,347,7,0,0,0,47,31,0,0,0,0,71,525,409,4,0,0,0,0,0,0,1,506,389,4,0,0,0,0,11,8,0,0,0,0,0,23,404,493,38,7,444,19,122,354,3,1293,942,1,202,186,0,2,192,196,0,2,1267,390
2012,89,4,1,798,576,44,10,7,11,1,2,3,805,570,35,8,9,10,0,788,558,31,6,6,7,2,4,5,2,2,2,34,815,563,36,0,0,0,0,7,7,741,601,36,22,5,7,0,0,748,579,32,0,0,0,690,508,66,23,5,8,0,0,37,6,18,4,1,1,6,6,2,8,673,483,116,9,6,3,7,0,1,18,0,5,2,22,28,1,3,11,642,471,24,7,3,2,89,59,5,2,3,2,154,908,530,19,0,0,0,0,1,1,8,865,504,16,3,0,0,0,18,15,6,0,0,0,0,41,633,809,33,2,760,59,319,328,11,1867,1427,1,306,274,3,1,303,279,0,2,1725,584
2012,89,5,1,1442,820,44,12,11,15,2,7,16,1475,791,37,16,10,8,0,1426,781,33,9,9,7,9,9,6,2,0,1,58,1475,787,38,0,0,0,1,14,10,1383,817,43,23,9,6,0,0,1393,795,41,0,0,0,1302,718,77,23,7,5,3,0,47,8,16,7,3,3,7,7,9,5,1295,682,135,14,6,3,15,0,6,16,2,3,4,24,21,6,3,6,1239,675,28,6,4,0,125,68,7,3,0,1,193,1493,825,23,0,0,0,0,1,8,12,1437,778,23,3,0,0,0,21,17,5,1,0,0,0,68,792,1470,98,13,1356,60,342,600,15,3019,2373,1,543,342,4,0,543,341,1,2,2893,889
2012,89,6,1,506,225,7,1,8,1,0,4,2,507,218,2,1,5,1,0,492,214,2,1,5,0,0,5,2,0,0,1,28,534,193,4,0,0,0,0,8,3,488,222,7,2,4,2,0,0,486,211,5,0,0,0,441,202,11,4,4,1,0,0,23,1,10,0,3,1,5,1,1,0,434,189,26,2,3,2,5,0,1,5,0,0,3,4,26,0,1,5,421,176,2,1,3,1,62,32,0,0,0,1,46,523,218,2,0,0,0,0,0,2,4,510,202,2,0,0,0,0,7,11,0,0,0,0,0,18,258,458,38,2,415,8,95,237,1,965,756,1,141,98,4,0,142,99,0,2,933,243
2012,89,7,1,508,238,8,3,0,3,1,0,3,512,236,6,2,0,3,0,503,233,6,2,0,4,4,0,0,0,0,0,12,514,229,8,0,0,0,2,3,4,484,235,10,5,1,2,0,2,489,235,8,0,0,0,462,211,10,8,2,1,0,0,19,4,13,1,0,0,0,6,2,0,452,202,26,3,0,2,1,0,0,4,0,1,0,8,23,2,0,1,439,197,7,1,0,0,42,21,0,0,0,0,53,528,229,4,0,0,0,0,1,0,3,505,161,4,0,0,0,0,11,8,0,0,0,0,0,13,234,488,39,6,454,20,90,193,10,930,767,1,184,92,3,0,177,100,2,0,906,279
2012,89,8,1,1062,741,54,5,12,19,0,6,8,1084,722,48,8,10,10,0,1049,711,46,4,10,8,4,12,4,0,1,4,40,1112,681,53,0,0,0,2,6,14,1030,726,54,13,11,9,0,1,1033,725,58,0,0,0,947,630,88,15,8,8,0,0,34,9,42,4,1,3,6,12,6,16,923,592,139,7,10,5,22,0,2,13,1,7,5,19,53,4,3,7,893,572,42,1,4,4,116,80,7,1,3,2,162,1205,643,33,0,0,0,0,0,8,15,1148,616,29,2,0,0,0,32,12,5,0,0,0,0,40,696,1142,50,19,1056,68,245,522,16,2499,1907,1,414,381,5,3,408,386,4,5,2400,803
2012,89,9,1,813,908,40,13,7,25,0,1,5,829,896,26,13,7,21,0,794,875,26,8,5,20,5,11,5,0,2,4,52,812,878,43,0,0,0,0,9,16,746,916,40,21,7,13,0,0,755,906,35,0,0,0,702,809,69,21,4,13,0,0,36,14,13,3,2,5,8,14,3,6,683,770,108,11,6,13,13,0,1,17,2,7,2,24,42,2,1,13,663,751,27,5,1,6,73,94,7,1,1,3,157,947,808,28,0,0,0,0,3,6,12,914,782,23,4,0,0,0,9,15,3,1,0,0,0,44,847,878,78,10,728,59,424,591,11,2287,1813,1,293,361,3,3,286,369,2,3,2137,660
2012,89,10,1,1217,978,56,12,9,26,1,4,3,1263,951,41,13,7,15,0,1203,934,41,8,6,15,10,13,4,2,0,2,62,1263,938,37,0,0,0,0,12,6,1168,988,43,18,7,11,0,0,1173,974,37,0,0,0,1098,859,79,22,6,10,3,0,61,8,18,3,0,2,9,15,5,7,1071,836,151,7,4,9,22,0,4,15,1,3,3,27,43,0,1,6,1034,794,27,4,1,3,125,99,6,3,1,1,191,1360,890,26,0,0,0,0,2,9,10,1296,823,18,3,0,0,0,22,15,4,0,0,0,0,63,895,1315,81,16,1200,57,432,604,14,3098,2307,1,546,461,1,4,545,460,3,4,2992,1012
2012,89,77,1,125,58,2,0,1,0,0,5,1,125,57,2,0,0,0,0,124,56,2,0,0,0,0,0,0,0,0,0,4,128,53,3,0,0,0,0,5,1,124,54,3,2,0,0,0,0,124,53,4,0,0,0,118,52,6,0,0,0,0,0,2,0,0,0,0,0,2,0,1,1,115,48,8,0,1,0,0,0,0,0,0,1,0,2,5,0,0,0,112,48,3,0,0,0,13,3,0,0,0,0,8,130,54,2,0,0,0,0,0,5,0,123,52,2,0,0,0,0,2,2,0,0,0,0,0,5,67,116,10,0,112,4,23,53,1,0,192,1,12,25,1,0,7,31,0,0,0,38
2012,89,78,1,36,28,1,0,0,0,0,0,0,35,26,1,0,0,0,0,34,25,1,0,0,0,0,0,0,0,0,0,5,4,3,0,0,0,0,0,0,0,6,9,0,0,0,0,0,0,6,9,0,0,0,0,3,3,0,0,0,0,0,0,0,1,0,0,0,0,0,0,0,0,4,3,0,0,0,0,0,0,0,0,0,0,0,1,1,0,0,0,2,3,0,0,0,0,0,0,0,0,0,0,13,3,4,0,0,0,0,0,0,0,0,2,4,0,0,0,0,0,0,0,0,0,0,0,0,1,48,11,5,0,26,5,10,23,0,0,65,1,18,29,0,0,15,32,0,0,0,47
2012,89,79,1,0,1,0,0,0,0,0,0,0,0,1,0,0,0,0,0,0,0,0,0,0,0,0,0,0,0,0,0,1,0,3,0,0,0,0,0,0,1,0,3,0,0,0,0,0,0,0,3,0,0,0,0,0,3,0,0,0,0,0,0,0,0,0,0,0,0,0,0,0,0,0,3,0,0,0,0,0,0,0,0,0,0,0,0,0,0,0,0,0,3,0,0,0,0,0,0,0,0,0,0,0,0,0,0,0,0,0,0,0,0,0,0,0,0,0,0,0,0,0,0,0,0,0,0,0,0,0,0,0,0,0,0,0,0,0,0,1,,,,,,,,,,,
2012,90,1,1,142,498,1,0,2,2,1,2,0,145,493,1,1,1,2,1,138,492,1,0,0,2,1,2,0,0,2,0,9,135,490,1,0,0,0,0,2,5,132,491,3,2,5,2,0,0,130,488,1,0,0,0,119,466,7,4,3,1,0,0,6,3,5,2,1,5,0,3,1,2,118,447,20,1,3,1,7,0,1,1,0,3,1,8,9,0,2,7,114,438,1,1,3,1,15,40,0,0,1,0,31,214,428,1,0,0,0,0,0,0,3,189,422,1,0,0,0,0,5,7,0,0,0,0,0,25,482,137,32,1,125,7,145,374,1,913,652,1,55,137,1,0,53,139,0,1,879,193
2012,90,2,1,486,773,26,9,10,10,1,1,10,511,752,18,9,9,9,0,477,742,17,7,8,8,3,7,1,0,1,0,44,485,764,20,0,0,0,0,4,11,465,789,16,14,5,9,0,0,474,762,16,0,0,0,425,704,50,17,2,8,0,0,22,6,6,4,1,7,5,7,5,7,399,659,101,7,1,7,15,0,0,10,0,5,2,25,21,0,2,9,391,647,14,3,2,3,64,80,0,1,2,2,101,680,619,12,0,0,0,0,3,2,7,636,597,10,2,0,0,0,13,25,0,0,0,0,0,34,693,556,70,7,465,51,316,486,8,1718,1326,1,177,283,6,0,170,292,4,0,1604,466
2012,90,3,1,147,150,2,1,1,0,0,2,1,149,148,1,1,1,0,0,146,147,1,1,1,0,2,0,1,0,0,0,4,143,149,4,0,0,0,0,2,0,142,151,6,2,0,1,0,0,142,148,4,0,0,0,131,141,12,0,0,1,0,0,5,1,0,0,0,0,0,1,0,1,131,134,20,2,0,1,0,0,0,0,0,1,0,1,3,0,0,0,128,132,4,0,0,1,12,9,0,1,0,0,17,168,128,2,0,0,0,0,0,2,2,163,126,2,0,0,0,0,4,2,0,0,0,0,0,5,146,145,15,0,132,7,41,122,4,393,306,1,74,55,2,0,71,59,1,0,385,131
2012,90,4,1,483,473,11,5,5,8,0,4,3,492,468,9,6,2,6,0,475,459,9,4,2,4,2,7,0,2,1,3,21,472,469,12,0,0,0,0,8,5,464,473,13,4,6,1,0,0,465,459,10,0,0,0,434,424,33,4,4,1,0,0,23,5,3,3,0,0,4,3,1,5,428,420,54,3,5,0,6,0,2,6,0,3,0,9,11,0,0,2,408,416,9,0,3,0,48,40,1,2,1,1,62,588,394,10,0,0,0,0,0,3,4,559,378,8,0,0,0,0,13,10,3,0,0,0,0,17,449,502,35,9,444,21,167,354,9,1285,995,1,192,175,4,1,191,176,4,1,1253,372
2012,90,5,1,70,87,4,1,4,0,0,1,0,69,87,4,1,4,0,0,67,85,4,1,4,0,0,0,0,0,0,0,5,66,92,2,0,0,0,0,0,0,63,90,2,3,4,1,0,0,62,92,2,0,0,0,54,86,5,2,2,1,0,0,4,0,1,0,1,0,0,1,0,0,52,83,12,1,1,0,1,0,1,1,1,0,0,1,4,0,0,1,47,83,2,0,1,0,11,2,0,1,0,0,20,80,83,1,0,0,0,0,0,1,0,78,77,1,1,0,0,0,0,2,0,0,0,0,0,7,85,75,7,0,58,9,32,66,2,187,167,1,25,38,1,0,30,33,1,0,167,64
2012,90,77,1,13,20,1,0,1,0,0,2,0,12,17,1,2,1,0,0,12,17,1,0,1,0,0,0,0,0,0,0,4,14,18,1,0,0,0,0,2,0,12,18,1,0,0,0,0,0,12,19,1,0,0,0,12,18,1,0,0,0,0,0,0,0,0,0,0,0,0,0,0,0,12,17,1,0,0,0,0,0,0,0,0,0,0,2,0,0,0,0,12,17,1,0,0,0,0,1,0,0,0,0,4,14,17,1,0,0,0,0,0,2,0,13,16,1,0,0,0,0,0,0,0,0,0,0,0,4,16,15,3,0,11,3,10,10,0,0,37,1,3,7,0,1,1,9,0,1,0,11
2012,90,78,1,4,7,0,0,0,0,0,1,0,4,6,0,0,0,0,0,4,6,0,0,0,0,0,0,0,0,0,0,1,2,2,0,0,0,0,0,1,0,2,3,0,0,0,0,0,0,2,3,0,0,0,0,2,2,0,0,0,0,0,0,2,0,2,0,2,0,2,1,2,0,2,2,0,0,0,0,0,0,2,0,2,0,2,0,2,1,2,0,2,1,0,0,0,0,0,1,0,0,0,0,1,3,3,0,0,0,0,0,0,0,0,3,3,0,0,0,0,0,0,0,0,0,0,0,0,0,7,4,0,0,3,1,1,6,0,0,12,1,3,2,0,0,1,4,0,0,0,5
2012,91,1,1,902,817,66,7,3,18,0,3,3,914,807,57,7,2,13,0,881,791,56,5,2,12,6,1,3,0,1,2,54,826,848,61,0,7,0,0,10,9,816,836,65,20,3,13,0,0,819,813,68,0,0,0,741,736,109,15,4,8,0,1,9,1,10,5,47,9,8,2,3,19,783,722,145,7,3,8,11,1,3,9,2,16,3,13,3,4,2,1,702,703,53,4,2,6,95,80,4,3,0,3,146,793,953,55,0,0,0,0,4,3,3,757,893,51,0,0,0,0,29,25,6,0,0,0,0,53,780,956,75,9,816,88,404,501,11,2263,1820,1,354,449,6,2,353,450,4,4,2202,811
2012,91,2,1,140,178,5,1,1,3,0,3,1,146,171,4,1,1,3,0,139,170,4,1,1,3,1,2,1,0,0,0,7,127,180,7,0,0,0,0,8,4,127,183,7,1,0,2,0,0,121,175,7,0,0,0,113,161,13,1,0,0,0,0,0,2,1,0,7,3,1,0,2,3,117,157,19,0,2,0,0,0,2,1,1,5,0,1,0,3,0,1,105,155,6,0,0,0,14,12,0,0,0,0,29,122,200,4,0,0,0,0,0,5,0,116,196,4,0,0,0,0,4,1,0,0,0,0,0,7,158,157,16,2,139,13,65,113,3,400,333,1,62,62,1,0,61,63,1,0,383,125
2012,91,3,1,177,130,1,4,2,4,0,0,3,178,130,1,1,0,3,0,174,128,1,4,0,3,2,1,0,0,0,1,4,163,128,7,0,2,0,0,2,3,162,133,6,4,1,2,0,0,158,129,5,0,0,0,149,120,10,4,0,1,0,0,2,0,1,0,5,2,0,1,0,0,157,115,18,4,0,0,0,0,2,0,0,4,0,0,0,0,0,0,146,114,4,3,0,0,12,8,0,1,0,1,27,156,152,5,0,0,0,0,4,3,1,149,147,3,0,0,0,0,4,1,2,0,0,0,0,11,113,183,22,3,174,7,53,85,2,404,321,1,73,62,1,1,73,63,0,1,393,137
2012,91,4,1,185,73,9,1,1,3,0,1,1,185,72,9,1,1,1,0,178,69,8,0,1,1,0,1,0,0,0,0,14,164,86,8,0,1,0,0,1,2,163,84,9,1,1,1,0,0,162,80,8,0,0,0,155,74,17,1,1,0,0,0,0,0,0,0,12,1,0,0,1,1,161,71,24,1,1,1,1,0,1,0,0,2,1,0,0,0,0,0,146,71,5,0,1,0,9,4,3,0,0,1,31,167,85,16,0,0,0,0,0,1,0,155,79,14,0,0,0,0,3,5,0,0,0,0,0,17,91,164,17,2,145,20,34,68,7,343,274,1,76,33,0,0,73,34,2,0,327,109
2012,91,5,1,488,545,34,6,3,5,0,4,7,494,537,29,8,3,5,0,474,532,27,6,3,4,1,4,4,0,0,0,28,455,557,34,0,3,0,0,5,6,448,551,36,10,3,5,0,0,454,537,36,0,0,0,426,500,67,4,2,3,0,0,4,0,1,1,23,5,1,0,2,6,439,479,85,3,2,4,2,0,2,2,0,13,2,5,2,2,0,1,404,471,29,3,2,2,39,54,3,0,0,2,74,430,626,27,0,0,0,0,1,4,4,407,594,25,0,0,0,0,8,15,2,0,0,0,0,35,509,526,49,10,434,56,228,364,12,1298,1095,1,188,253,1,5,179,262,4,2,1263,447
2012,91,6,1,49,15,1,0,1,1,0,0,3,45,15,1,0,1,1,0,45,15,1,0,1,1,1,0,0,0,0,0,3,50,13,2,0,0,0,0,0,1,48,15,2,1,0,1,0,0,47,13,2,0,0,0,43,13,2,1,0,1,0,0,0,0,0,0,0,0,0,0,0,1,46,13,4,2,0,0,0,0,0,0,0,0,0,0,0,0,1,0,42,13,2,0,0,0,5,0,0,0,0,1,6,55,12,1,0,0,0,0,0,0,3,53,11,1,0,0,0,0,0,1,0,0,0,0,0,0,20,43,4,3,43,2,5,17,3,86,70,1,21,4,0,0,22,3,0,0,85,25
2012,91,7,1,352,234,13,3,1,4,0,2,4,355,230,11,3,1,2,0,343,228,11,2,1,2,0,3,0,1,0,2,16,331,235,11,0,0,0,0,11,8,324,234,14,2,0,2,0,0,330,221,13,0,0,0,306,213,21,1,0,0,0,0,2,2,0,0,16,1,0,0,0,2,318,206,37,1,0,1,1,0,0,0,1,1,0,2,0,0,2,1,287,202,9,1,0,0,34,20,1,0,0,2,41,351,243,9,0,0,0,0,1,1,2,336,236,9,0,0,0,0,6,2,1,0,0,0,0,21,247,292,71,6,291,23,82,212,8,740,616,1,102,50,2,0,98,55,1,0,710,154
2012,91,8,1,232,197,8,1,2,2,0,2,1,229,196,8,1,2,2,0,223,194,8,1,2,1,0,0,0,0,0,1,12,212,199,9,0,1,0,0,4,4,209,202,11,3,2,1,0,0,208,197,10,0,0,0,195,185,18,3,1,1,0,0,0,1,1,0,10,4,2,0,0,2,204,180,25,1,1,1,2,0,1,1,0,2,0,1,0,1,0,0,184,178,9,1,1,0,22,14,0,0,0,2,26,212,209,5,0,0,0,0,2,2,5,206,203,6,0,0,0,0,1,8,1,0,0,0,0,13,187,228,28,2,208,10,118,108,1,532,445,1,101,88,1,1,101,87,1,2,528,191
2012,91,9,1,208,136,3,2,2,3,1,1,1,212,132,2,1,1,3,0,204,130,2,1,1,2,2,0,0,0,1,0,13,185,142,6,0,1,0,0,5,4,192,137,6,1,1,2,0,0,188,130,6,0,0,0,170,122,10,1,1,2,0,0,3,0,1,1,8,0,0,2,0,2,187,118,21,1,0,2,0,0,1,0,1,2,1,1,0,1,2,1,161,118,6,0,0,2,21,8,0,0,1,0,32,191,160,2,0,0,0,0,0,0,2,178,147,2,0,0,0,0,7,5,1,0,0,0,0,15,126,206,22,4,183,8,51,113,3,419,358,1,81,65,3,1,81,66,2,1,410,150
2012,91,10,1,148,176,8,4,2,1,0,4,3,148,172,8,5,1,1,0,144,168,8,4,1,1,1,2,0,0,1,0,11,144,170,7,0,1,0,0,6,3,138,166,8,5,1,1,0,0,140,164,8,0,0,0,126,154,10,4,1,1,0,0,4,1,0,0,5,0,3,0,0,3,142,149,11,5,1,1,1,0,0,1,0,3,0,0,0,1,0,0,124,149,5,4,1,1,11,11,2,0,0,0,31,134,191,7,0,0,0,0,1,5,8,126,183,6,0,0,0,0,6,6,0,0,0,0,0,8,163,158,21,6,151,15,70,109,3,397,348,1,48,50,1,0,52,46,1,0,371,99
2012,91,11,1,670,522,44,4,3,5,1,6,4,679,505,36,6,1,5,1,657,502,36,4,1,4,1,6,1,0,0,0,38,649,527,35,0,0,0,0,12,8,636,511,41,10,1,8,0,0,628,495,44,0,0,0,591,459,78,7,2,3,1,0,1,1,3,2,31,5,1,4,0,4,617,431,113,3,1,5,3,0,2,2,2,11,1,1,1,3,1,0,577,426,33,2,0,3,41,42,6,2,0,0,100,640,576,34,0,0,0,0,1,6,2,606,538,27,0,0,0,0,22,11,3,0,0,0,0,44,537,656,57,11,595,57,243,352,14,1616,1261,1,214,176,1,1,208,180,3,1,1490,392
2012,91,12,1,704,870,29,3,4,7,1,6,7,712,844,26,3,3,5,1,675,834,26,2,1,6,2,7,0,0,1,0,65,653,862,32,0,5,0,0,9,10,646,857,29,7,4,3,0,0,635,843,31,0,0,0,606,779,56,4,7,6,2,0,0,3,8,3,44,4,7,4,0,11,631,754,91,3,4,5,9,0,1,6,0,13,1,3,2,2,3,2,568,743,28,3,2,2,56,77,2,1,1,2,128,634,959,24,0,0,0,0,0,3,3,598,919,23,0,0,0,0,16,12,2,0,0,0,0,56,803,718,102,9,644,58,407,518,5,2050,1632,1,239,272,3,1,234,276,4,1,1963,515
2012,91,13,1,182,122,7,0,0,1,0,0,4,186,120,6,0,0,0,0,179,117,5,0,0,0,1,2,1,0,0,0,8,170,127,7,0,1,0,0,2,4,170,123,7,0,1,0,0,0,166,123,7,0,0,0,163,113,12,4,1,0,0,0,0,0,0,0,3,1,1,0,0,1,163,111,21,2,1,0,2,0,0,1,1,1,0,0,0,0,0,0,154,110,7,0,1,0,11,8,0,0,0,0,20,133,174,4,0,0,0,0,1,2,2,129,160,3,0,0,0,0,4,4,0,0,0,0,0,13,105,190,18,4,177,14,50,73,3,365,317,1,82,49,2,2,81,52,1,1,344,135
2012,91,14,1,311,285,16,2,2,2,0,1,3,310,280,15,2,2,2,0,301,276,15,1,2,2,1,1,0,0,0,0,19,273,302,15,0,0,0,0,5,8,261,306,22,9,0,0,0,0,257,289,15,0,0,0,239,277,29,1,1,1,1,0,3,1,3,1,17,4,1,0,2,5,252,262,50,1,0,0,3,0,0,0,0,5,1,2,0,0,0,1,227,259,14,0,0,0,25,24,0,0,0,0,60,247,355,10,0,0,0,0,4,0,4,242,328,9,0,0,0,0,5,14,0,0,0,0,0,20,271,307,35,9,270,19,145,181,7,738,622,1,119,111,0,5,116,111,3,5,710,235
2012,91,15,1,318,333,8,1,0,4,0,5,5,318,323,7,2,0,2,0,310,322,7,1,0,3,0,1,0,0,0,1,21,298,333,6,0,1,0,0,12,6,294,332,5,1,3,2,0,0,295,314,7,0,0,0,269,295,12,6,0,1,0,0,0,2,1,0,18,2,2,0,0,5,290,269,27,3,0,3,6,0,2,0,0,6,1,3,0,1,0,4,262,268,4,1,0,1,24,39,0,0,0,1,59,278,383,4,0,0,0,0,1,2,3,264,368,4,0,0,0,0,4,3,0,0,0,0,0,28,309,323,41,3,279,13,161,218,5,837,676,1,137,110,2,1,138,110,1,1,795,250
2012,91,16,1,326,234,16,2,2,4,0,0,2,326,233,15,3,2,2,0,317,229,15,2,2,2,1,4,0,0,0,0,11,308,242,14,0,1,0,0,5,0,303,241,16,2,0,2,0,0,299,238,18,0,0,0,277,219,25,1,0,2,0,0,2,1,4,0,21,4,1,1,0,3,304,211,38,0,0,2,0,0,2,0,1,6,0,0,0,2,0,2,271,210,14,0,0,2,24,24,1,0,0,0,35,322,249,7,0,0,0,0,1,3,1,315,243,6,0,0,0,0,4,2,1,1,0,0,0,11,237,324,24,1,309,13,110,151,3,736,586,1,147,112,2,0,147,112,2,0,710,261
2012,91,17,1,350,271,4,2,2,0,0,0,3,359,259,3,3,2,0,0,347,258,3,2,2,0,2,5,0,0,0,0,11,335,265,9,0,2,0,0,6,3,333,258,9,3,2,0,0,0,338,256,7,0,0,0,314,247,11,1,2,1,0,0,0,1,1,1,18,2,1,0,2,5,327,242,28,0,2,0,1,0,0,2,0,6,0,1,0,0,0,1,310,232,4,0,2,0,19,15,1,0,0,0,41,323,298,4,0,0,0,0,0,1,2,314,288,4,0,0,0,0,5,5,0,0,0,0,0,14,271,334,26,2,317,7,119,189,1,777,633,1,150,108,2,0,147,112,0,1,757,260
2012,91,77,1,38,35,0,0,0,0,0,1,0,39,32,0,0,0,0,0,38,32,0,0,0,0,0,0,0,0,0,0,3,39,32,1,0,0,0,0,1,0,38,33,0,0,0,0,0,0,38,31,0,0,0,0,35,31,1,0,0,0,0,0,0,0,1,0,1,0,1,0,0,0,37,30,2,0,0,0,0,0,0,0,0,0,0,0,0,1,0,0,35,30,0,0,0,0,1,1,0,0,0,0,6,36,36,0,0,0,0,0,0,1,0,35,34,0,0,0,0,0,0,1,0,0,0,0,0,2,32,40,3,0,29,0,12,34,0,0,76,1,11,13,4,0,3,22,3,0,0,28
2012,91,78,1,28,13,1,0,0,0,0,1,0,29,13,1,0,0,0,0,28,13,1,0,0,0,0,0,1,0,0,0,1,3,3,1,0,0,0,0,1,0,3,3,1,0,0,0,0,0,3,3,1,0,0,0,2,2,1,0,0,0,0,0,0,0,0,0,0,0,0,0,0,0,1,2,2,0,0,0,0,0,0,0,0,0,0,0,0,0,0,0,1,2,1,0,0,0,1,0,0,0,0,0,2,4,3,0,0,0,0,0,0,0,0,3,3,0,0,0,0,0,0,0,0,0,0,0,0,1,18,18,8,0,20,4,7,13,0,0,44,1,5,9,0,1,4,10,0,1,0,15
2012,91,79,1,0,0,0,0,0,0,0,0,1,0,0,0,0,0,0,0,0,0,0,0,0,0,0,0,0,0,0,0,0,0,0,0,0,0,0,0,0,1,0,0,0,0,0,0,0,0,0,0,0,0,0,0,0,0,0,0,0,0,0,0,0,0,0,0,0,0,0,0,0,0,0,0,0,0,0,0,0,0,0,0,0,0,0,0,0,0,0,0,0,0,0,0,0,0,0,0,0,0,0,0,0,0,0,0,0,0,0,0,0,0,1,0,0,0,0,0,0,0,0,0,0,0,0,0,0,0,0,0,0,0,0,0,0,0,0,0,1,,,,,,,,,,,
2012,92,1,1,128,228,4,0,0,0,0,2,0,130,226,2,0,0,0,0,127,225,2,0,0,0,0,2,1,0,0,0,3,117,230,5,0,0,0,0,3,0,116,230,7,0,0,0,0,0,116,229,7,0,0,0,111,217,9,0,0,0,0,0,2,1,3,0,0,5,0,0,1,1,105,218,18,0,0,0,1,0,0,0,0,0,0,1,1,0,9,0,105,212,5,0,0,0,11,13,1,0,0,0,12,121,232,4,0,0,0,0,0,2,1,113,228,4,0,0,0,0,4,2,0,0,0,0,0,7,221,128,12,1,116,6,60,180,0,442,362,1,47,72,2,0,41,79,1,0,417,121
2012,92,2,1,1188,932,68,9,5,9,1,4,6,1197,920,64,10,4,4,0,1178,912,62,7,4,4,2,9,3,2,0,1,30,1102,961,67,0,17,0,4,16,13,1102,950,70,9,5,6,0,0,1099,930,102,0,0,0,1058,888,109,5,8,5,0,0,3,5,29,0,12,8,1,4,3,1,1024,878,147,2,4,4,7,0,4,1,3,3,1,3,1,7,26,2,995,859,61,1,5,4,98,53,7,1,0,0,111,1091,1064,46,0,0,0,0,5,5,9,1064,1001,40,0,0,0,0,20,28,11,0,0,0,0,46,936,1183,93,11,1058,84,252,807,22,2810,2224,1,487,380,3,1,475,394,0,2,2662,871
2012,92,3,1,204,237,32,2,3,1,0,3,4,205,239,31,2,1,0,0,203,234,31,2,1,0,2,1,1,0,0,1,3,200,234,34,0,3,0,0,5,3,193,232,35,0,2,4,0,0,194,230,41,0,0,0,182,217,41,1,1,2,0,0,2,0,8,2,1,2,1,0,1,0,181,218,45,1,1,2,0,0,1,0,0,1,0,0,1,0,8,0,179,213,32,0,1,0,14,14,2,0,1,2,20,188,261,32,0,0,0,0,0,2,3,182,241,30,0,0,0,0,5,12,3,0,0,0,0,8,236,227,14,8,214,69,76,126,0,598,486,1,59,85,2,1,58,85,2,2,572,147
2012,92,4,1,158,174,7,0,2,1,0,3,2,158,173,7,0,2,1,0,157,172,6,0,2,1,0,0,0,0,0,0,5,149,172,8,0,6,0,0,5,1,154,172,8,0,2,1,0,0,151,174,9,0,0,0,144,165,13,0,1,1,0,0,2,1,2,0,0,3,0,0,1,0,142,167,20,0,1,1,1,0,0,0,0,0,0,0,0,1,6,0,142,160,6,0,1,1,5,9,0,0,0,0,18,145,192,7,0,0,0,0,0,3,1,145,189,6,0,0,0,0,1,1,0,0,0,0,0,2,168,162,14,4,146,9,27,161,5,424,348,1,58,56,0,0,55,58,1,0,402,114
2012,92,5,1,444,353,18,2,0,0,2,4,7,447,351,16,3,0,0,0,443,349,16,2,0,0,0,1,0,0,0,0,8,423,374,15,0,1,0,2,3,7,425,371,16,1,0,0,0,0,421,367,19,0,0,0,412,355,19,3,0,0,0,0,4,1,10,2,1,2,0,0,0,0,407,347,31,2,0,1,3,0,0,0,0,0,0,2,0,1,16,2,402,343,13,0,0,0,21,22,2,2,0,0,16,433,377,10,0,0,0,0,1,2,7,427,368,10,0,0,0,0,0,3,2,0,0,0,0,12,300,450,18,63,413,24,127,231,36,1050,830,1,213,144,5,1,203,159,0,1,1029,363
2012,92,6,1,253,456,7,1,1,0,1,4,1,256,448,6,2,2,1,0,251,448,5,1,1,0,0,3,0,0,1,0,9,236,471,4,0,4,0,0,4,2,234,468,5,5,2,1,0,0,237,463,7,0,0,0,223,453,8,2,2,0,1,0,2,3,11,0,3,1,0,0,0,1,220,451,18,0,1,0,3,0,1,0,0,1,0,1,0,1,12,0,216,445,4,0,2,0,16,16,0,0,0,0,19,224,493,5,0,0,0,0,0,2,0,220,487,5,0,0,0,0,2,1,0,0,0,0,0,7,448,248,25,3,210,13,79,418,4,918,724,1,84,137,1,0,84,137,1,0,878,222
2012,92,7,1,344,357,20,2,0,2,0,5,4,345,356,17,2,0,2,0,340,351,17,2,0,2,1,1,1,0,0,0,10,328,367,18,0,1,0,2,4,1,324,357,21,2,0,1,0,0,330,349,26,0,0,0,319,331,34,2,1,1,0,0,5,2,8,0,1,1,0,0,1,1,312,331,43,2,0,2,2,0,0,0,0,0,0,1,1,0,11,2,305,325,17,0,0,1,19,16,1,0,0,1,44,323,383,18,0,0,0,0,0,6,3,317,367,17,0,0,0,0,1,7,1,0,0,0,0,15,362,337,35,0,291,23,81,332,7,927,734,1,132,110,1,0,134,104,3,2,891,243
2012,92,8,1,496,770,54,1,4,5,0,5,5,502,764,51,2,2,3,0,492,760,50,1,2,3,2,2,3,0,0,1,15,441,801,48,0,13,0,1,12,8,451,782,53,4,4,3,0,0,449,769,64,0,0,0,428,735,74,10,3,1,0,0,4,6,14,2,2,2,0,2,1,2,431,729,87,2,4,2,7,0,2,0,0,7,0,2,0,2,17,2,401,712,41,0,2,1,42,47,7,0,2,0,65,454,824,41,0,0,0,0,2,8,7,441,792,34,0,0,0,0,6,12,7,0,0,0,0,34,739,543,40,19,443,64,219,590,25,1717,1341,1,219,406,5,0,217,410,1,2,1684,630
2012,92,9,1,202,263,14,2,2,1,0,3,2,215,256,12,2,0,1,0,202,256,12,2,0,1,4,2,1,0,0,0,7,186,282,14,0,2,0,0,4,2,188,275,15,0,0,1,0,0,189,268,17,0,0,0,180,255,20,2,0,1,0,0,1,1,6,1,2,2,0,0,0,0,177,254,22,1,0,2,1,0,1,1,1,0,0,0,0,1,10,0,173,251,12,0,0,0,12,13,1,0,0,0,25,178,299,10,0,0,0,0,1,3,1,174,282,10,0,0,0,0,3,2,3,0,0,0,0,15,246,210,34,3,190,19,61,221,2,570,494,1,73,92,1,0,70,95,1,0,553,166
2012,92,77,1,52,52,1,0,0,0,0,0,0,52,52,1,0,0,0,0,52,52,1,0,0,0,0,0,0,0,0,0,0,52,63,1,0,1,0,0,1,0,53,62,1,0,0,0,0,0,51,64,1,0,0,0,52,62,1,0,0,0,0,0,0,0,1,0,0,1,0,0,1,0,51,61,3,0,0,0,0,0,0,0,0,1,0,0,0,1,0,0,50,59,1,0,0,0,1,3,0,0,0,0,5,47,57,1,0,0,0,0,0,0,0,47,56,1,0,0,0,0,0,0,0,0,0,0,0,1,55,48,2,0,47,1,13,44,0,0,105,1,3,8,4,0,2,10,3,0,0,15
2012,92,78,1,15,16,0,0,0,0,0,0,0,15,16,0,0,0,0,0,15,15,0,0,0,0,0,0,0,0,0,0,1,1,3,0,0,0,0,0,0,0,2,3,0,0,0,0,0,0,2,3,0,0,0,0,1,3,0,0,0,0,0,0,0,0,0,0,0,0,0,0,0,0,1,3,0,0,0,0,0,0,0,0,0,0,0,0,0,0,0,0,1,3,0,0,0,0,0,0,0,0,0,0,1,1,3,0,0,0,0,0,0,0,0,1,3,0,0,0,0,0,0,0,0,0,0,0,0,0,14,12,5,0,8,0,6,17,0,0,31,1,4,12,0,0,4,12,0,0,0,16
2012,92,79,1,0,0,0,0,0,0,0,0,0,0,0,0,0,0,0,0,0,0,0,0,0,0,0,0,0,0,0,0,0,1,0,0,0,0,0,0,0,0,1,0,0,0,0,0,0,0,1,0,0,0,0,0,1,0,0,0,0,0,0,0,0,0,0,0,0,0,0,0,0,0,1,0,0,0,0,0,0,0,0,0,0,0,0,0,0,0,0,0,1,0,0,0,0,0,0,0,0,0,0,0,0,0,0,0,0,0,0,0,0,0,0,0,0,0,0,0,0,0,0,0,0,0,0,0,0,0,0,0,0,0,0,0,0,0,0,0,0,,,,,,,,,,,
2012,93,1,1,566,658,20,5,4,5,2,0,5,576,651,15,5,4,2,1,561,645,15,3,3,2,4,3,1,1,1,1,21,523,709,11,0,2,0,1,3,7,531,677,21,5,3,2,0,1,524,676,18,0,0,0,505,654,32,4,1,5,1,1,12,2,2,2,2,3,4,1,1,1,504,650,47,1,2,3,2,1,3,1,0,1,0,1,15,2,0,0,495,643,10,0,1,2,23,21,8,2,0,0,51,517,734,6,0,0,0,0,0,0,5,499,697,6,0,0,0,0,12,9,3,0,0,0,0,33,670,538,53,5,501,20,213,521,11,1553,1266,1,250,331,3,3,249,334,2,2,1466,587
2012,93,2,1,384,287,6,7,2,5,0,2,5,385,279,5,7,3,4,0,376,276,5,6,2,4,0,1,0,1,0,1,21,347,325,7,0,4,0,1,3,3,358,314,7,3,4,2,0,0,350,311,6,0,0,0,336,288,16,5,3,5,1,1,4,3,1,0,0,4,1,1,2,0,323,283,33,4,2,3,1,0,0,0,0,1,0,2,6,3,0,0,322,274,5,1,2,2,22,28,1,2,2,0,33,353,337,6,0,0,0,0,0,0,2,337,318,6,0,0,0,0,3,10,1,0,0,0,0,23,297,362,36,5,334,16,104,243,3,859,700,1,119,95,0,3,128,85,1,3,827,217
2012,93,3,1,836,820,28,2,6,9,0,3,8,844,817,24,5,4,4,0,827,810,22,3,4,3,5,5,1,2,0,1,22,752,911,27,0,3,0,0,4,8,782,855,30,8,4,4,0,0,778,848,25,0,0,0,734,819,45,10,3,3,0,0,28,3,5,2,2,4,3,0,1,1,719,819,79,2,3,2,6,0,4,1,0,3,0,2,17,5,0,4,695,802,21,1,3,0,64,33,4,1,0,1,78,760,925,22,0,0,0,0,0,2,3,740,885,20,0,0,0,0,16,9,3,0,0,0,0,37,804,852,53,7,761,46,279,619,11,2027,1716,1,360,336,5,3,359,341,2,2,1934,704
2012,93,4,1,378,374,12,5,4,3,0,3,3,381,375,9,5,2,2,0,366,371,8,3,2,2,3,2,2,0,0,1,17,351,402,11,0,1,0,0,1,2,354,397,12,3,1,1,0,0,355,387,13,0,0,0,338,370,15,6,1,1,0,0,10,2,0,5,1,7,0,0,2,0,324,376,29,2,1,2,5,0,1,0,1,1,0,2,9,0,1,1,320,364,8,1,1,0,29,16,3,0,0,0,38,352,415,7,0,0,0,0,2,1,4,345,401,7,0,0,0,0,4,7,0,0,0,0,0,14,388,358,27,10,326,21,110,319,7,920,783,1,166,150,3,4,169,147,3,4,882,323
2012,93,5,1,469,449,10,2,2,2,0,3,5,474,443,10,2,3,1,0,468,442,9,2,2,1,1,3,1,0,0,0,5,444,468,10,0,2,0,0,5,2,439,468,11,5,1,2,0,0,441,460,12,0,0,0,425,435,19,0,1,1,0,0,6,6,2,1,0,4,3,2,2,0,366,436,36,0,1,1,3,0,1,0,0,2,1,0,59,0,0,2,362,422,9,0,0,1,72,33,1,0,1,0,35,433,500,4,0,0,0,0,0,2,1,428,493,3,0,0,0,0,5,1,2,0,0,0,0,8,436,471,31,5,439,15,166,322,1,1247,943,1,246,142,4,0,248,142,1,1,1211,392
2012,93,6,1,764,701,17,2,3,9,1,2,3,764,696,14,2,1,4,3,755,686,14,2,1,6,1,3,1,0,2,2,26,703,750,16,0,4,0,2,6,3,715,718,17,5,5,3,0,0,708,703,17,0,0,0,668,682,42,4,5,2,0,0,22,1,3,0,0,3,6,3,1,1,661,672,65,3,4,2,2,0,0,1,0,5,2,2,23,4,0,0,646,662,15,3,4,1,47,36,0,0,1,0,79,698,785,8,0,0,0,0,0,1,5,689,754,7,0,0,0,0,6,8,2,0,0,0,0,31,697,740,57,9,690,27,260,520,6,1920,1503,1,291,248,6,0,291,252,2,0,1837,545
2012,93,7,1,397,331,17,3,3,0,0,4,0,398,329,14,3,3,1,0,392,327,14,2,3,0,1,0,0,0,0,1,13,373,357,8,0,2,0,1,4,1,379,346,9,2,1,1,0,0,375,343,10,0,0,0,363,332,13,5,2,0,0,0,13,0,0,0,0,0,0,0,0,0,349,328,34,2,2,0,2,0,0,0,0,0,2,0,15,0,0,0,338,326,8,1,1,0,33,12,0,0,0,0,29,370,375,5,0,0,0,0,0,3,1,365,356,5,0,0,0,0,3,8,1,0,0,0,0,13,319,395,41,2,368,17,79,293,0,949,757,1,168,161,0,0,165,163,1,0,896,329
2012,93,8,1,597,349,16,3,7,6,0,2,4,612,337,13,2,5,6,0,592,332,12,2,5,6,0,5,1,0,0,0,28,563,382,16,0,4,0,1,3,4,568,463,14,5,5,4,0,0,565,359,14,0,0,0,549,339,33,2,4,2,0,0,17,2,2,1,1,5,2,2,0,0,542,340,39,3,4,1,1,0,0,1,0,3,4,3,11,2,0,1,529,332,11,1,4,0,30,14,3,1,0,1,56,567,408,8,0,0,0,0,0,1,2,556,382,7,0,0,0,0,8,8,3,0,0,0,0,22,349,602,29,9,553,23,121,283,9,1210,989,1,248,149,3,0,231,169,0,0,1173,400
2012,93,9,1,458,501,16,1,2,9,0,5,3,471,491,15,0,2,4,0,454,488,12,0,2,3,0,2,3,1,0,0,23,419,530,14,0,1,0,5,6,5,434,516,17,4,1,1,0,0,425,508,16,0,0,0,402,480,29,4,1,7,0,0,17,1,3,2,0,2,4,1,0,1,393,477,43,1,0,0,4,0,1,4,0,3,1,1,19,5,0,2,374,467,12,0,0,0,46,30,2,0,1,0,52,415,570,4,0,0,0,0,1,4,2,404,548,4,0,0,0,0,8,8,4,0,0,0,0,15,467,482,34,14,423,35,164,363,12,1227,997,1,181,155,3,1,172,166,2,0,1154,340
2012,93,10,1,935,673,25,5,2,8,1,6,3,943,657,22,5,2,5,0,922,655,22,5,2,4,3,5,0,0,0,2,31,855,723,34,0,2,0,1,9,9,866,709,27,11,2,3,0,0,872,690,24,0,0,0,824,659,47,12,1,1,0,0,20,11,5,0,0,4,4,1,2,1,813,669,70,7,1,1,0,0,1,1,0,2,0,0,35,4,0,2,782,638,20,4,0,1,70,42,1,2,0,0,82,830,791,24,0,0,0,0,2,3,6,810,749,25,0,0,0,0,12,20,2,0,0,0,0,33,671,915,65,9,813,48,245,544,10,2000,1660,1,394,259,3,3,383,271,2,3,1894,659
2012,93,11,1,926,894,28,6,0,11,2,4,9,925,882,26,8,0,10,0,910,876,26,3,0,9,0,9,1,1,0,0,33,859,951,33,0,2,0,0,9,3,867,924,35,8,1,9,0,1,864,909,33,0,0,0,817,871,61,5,1,10,4,1,30,6,10,2,0,4,2,2,6,1,798,852,94,3,1,9,6,0,1,2,2,2,2,3,51,2,0,2,773,839,27,1,0,6,78,61,3,1,0,2,89,862,991,13,0,0,0,0,0,5,3,848,951,12,0,0,0,0,8,10,4,0,0,0,0,41,894,913,61,14,809,46,322,695,10,2384,1882,1,393,363,7,5,399,358,7,4,2281,768
2012,93,12,1,496,681,24,4,6,10,1,1,2,504,681,16,5,6,5,0,487,667,16,4,4,5,4,3,1,0,1,4,27,459,717,14,0,2,0,3,2,5,461,701,16,14,3,8,0,1,460,694,17,0,0,0,413,646,36,11,2,11,0,0,23,8,11,7,3,3,1,4,3,0,400,639,71,3,2,8,5,0,0,2,0,3,3,1,30,7,3,2,387,619,8,2,0,5,48,48,4,1,1,0,96,440,764,15,0,0,0,0,1,1,1,423,717,15,0,0,0,0,16,13,3,0,0,0,0,37,656,537,27,6,459,44,273,443,7,1581,1226,1,212,368,1,1,209,370,3,0,1504,582
2012,93,13,1,477,327,20,2,1,8,0,2,3,488,322,14,4,0,6,0,469,315,12,2,0,6,2,3,4,0,1,0,24,437,354,13,0,4,0,0,4,7,434,345,15,8,3,3,0,0,441,336,14,0,0,0,420,313,28,9,2,3,0,0,15,4,3,0,0,1,2,3,0,0,412,301,58,4,2,2,0,0,1,0,0,3,0,0,13,5,3,1,406,294,12,3,0,1,24,33,2,0,2,1,54,425,397,12,0,0,0,0,1,1,4,417,378,11,0,0,0,0,5,5,0,0,0,0,0,22,314,498,18,13,438,32,131,237,5,1045,843,1,212,155,1,1,216,150,1,2,978,369
2012,93,14,1,280,223,5,0,0,0,0,0,1,283,219,5,0,0,0,0,280,219,5,0,0,0,1,0,0,0,0,0,3,267,234,5,0,0,0,0,1,1,272,222,6,0,0,0,0,0,268,217,5,0,0,0,261,213,11,0,0,0,0,0,7,1,0,0,1,0,0,1,0,0,256,213,20,0,0,0,0,0,1,0,1,1,1,0,3,0,0,0,251,211,5,0,0,0,17,3,0,0,0,0,20,279,226,2,0,0,0,0,0,0,1,276,224,2,0,0,0,0,2,0,1,0,0,0,0,3,220,268,17,4,242,10,35,217,5,625,509,1,129,92,3,0,125,96,3,0,590,224
2012,93,15,1,264,347,8,2,1,2,0,5,7,262,343,9,3,1,2,0,257,342,8,2,1,2,1,2,0,0,0,0,11,252,356,9,0,0,0,0,4,3,243,354,12,5,0,1,0,0,240,354,10,0,0,0,227,338,19,4,0,1,0,0,6,2,3,0,0,3,1,1,0,2,233,338,29,2,1,1,0,0,0,0,0,0,0,2,5,0,1,0,222,326,9,1,0,1,16,24,1,1,0,0,30,249,375,9,0,0,0,0,0,1,1,244,372,8,0,0,0,0,1,0,0,0,0,0,0,11,354,246,36,2,228,15,99,296,0,891,638,1,98,104,3,0,85,119,1,0,878,205
2012,93,16,1,726,1166,34,2,4,11,0,3,8,751,1146,25,5,3,7,0,715,1134,25,1,3,6,3,12,0,0,0,3,43,651,1219,23,0,3,0,1,7,12,638,1205,23,14,2,2,0,0,635,1201,23,0,0,0,603,1094,55,4,6,5,2,0,25,15,4,4,2,6,7,7,8,5,580,1079,105,4,2,1,12,0,0,0,0,12,2,4,38,9,1,0,553,1048,18,1,1,1,141,96,2,0,0,0,148,613,1309,21,0,0,0,0,1,6,5,697,1269,17,0,0,0,0,9,5,4,0,0,0,0,46,1070,780,70,9,702,47,357,813,10,2508,1956,1,297,493,10,1,288,503,7,3,2358,801
2012,93,17,1,766,870,39,8,6,12,1,3,3,777,866,34,5,6,10,0,752,859,33,5,5,8,3,3,4,1,0,1,29,702,930,30,0,5,0,2,8,6,699,920,34,11,5,9,0,0,686,903,32,0,0,0,651,855,58,11,6,7,1,0,31,5,9,0,0,7,6,2,1,0,635,850,87,6,4,8,7,0,0,3,3,2,0,0,35,2,2,0,612,839,27,4,4,4,63,46,4,2,0,0,90,684,995,23,0,0,0,0,0,3,2,667,951,21,0,0,0,0,12,15,6,0,0,0,0,37,833,816,43,17,698,47,272,680,12,2087,1709,1,326,390,3,6,323,395,1,6,2032,725
2012,93,18,1,635,731,27,8,7,4,1,3,5,644,726,23,7,5,1,1,627,720,22,7,4,1,5,4,4,0,1,0,20,594,773,16,0,2,0,0,8,5,596,761,23,8,1,0,0,0,593,751,25,0,0,0,582,730,40,3,2,2,0,0,12,2,2,1,1,2,0,1,2,1,572,720,58,3,1,1,2,0,1,1,0,2,0,0,13,0,2,1,558,710,15,2,1,0,31,32,5,2,0,0,52,604,790,14,0,0,0,0,2,6,1,576,767,12,0,0,0,0,21,5,7,0,0,0,0,26,719,656,43,3,577,39,383,416,6,1850,1421,1,218,251,2,4,221,248,3,3,1766,475
2012,93,77,1,131,100,4,1,0,1,0,1,0,131,99,4,1,0,1,0,130,96,4,0,0,1,1,0,0,0,0,0,4,128,97,3,0,0,0,0,1,0,127,98,3,2,0,2,0,0,124,95,3,0,0,0,116,89,5,2,0,0,0,0,9,2,1,0,0,0,1,1,0,0,115,91,7,1,1,0,0,0,0,0,0,0,1,0,8,0,0,0,115,87,3,0,0,0,8,4,1,1,0,0,13,129,98,3,0,0,0,0,0,0,1,122,93,3,0,0,0,0,4,1,0,0,0,0,0,10,110,121,7,0,106,4,33,95,0,0,237,1,26,37,5,1,9,56,2,2,0,69
2012,93,78,1,46,34,2,1,0,0,0,0,0,47,34,2,1,0,0,0,43,33,2,1,0,0,1,0,0,0,0,0,3,16,13,1,0,0,0,0,0,0,17,12,1,0,0,0,0,0,17,13,1,0,0,0,14,11,1,0,0,0,0,0,1,0,1,0,0,1,0,0,0,0,14,11,4,0,0,0,0,0,0,0,0,0,0,0,1,0,0,0,14,11,1,0,0,0,1,0,0,0,0,0,4,17,14,0,0,0,0,0,0,0,0,17,14,0,0,0,0,0,0,0,0,0,0,0,0,0,43,36,4,0,30,6,19,28,0,0,83,1,12,41,0,0,8,45,0,0,0,53
2012,93,79,1,0,0,0,0,0,0,0,0,2,0,0,0,0,0,0,0,0,0,0,0,0,0,0,0,0,0,0,0,0,0,0,0,0,0,0,0,0,2,0,0,0,0,0,0,0,0,0,0,0,0,0,0,0,0,0,0,0,0,0,0,0,0,0,0,0,0,0,0,0,0,0,0,0,0,0,0,0,0,0,0,0,0,0,0,0,0,0,0,0,0,0,0,0,0,0,0,0,0,0,0,0,1,0,0,0,0,0,0,0,0,2,0,0,0,0,0,0,0,0,0,0,0,0,0,0,1,0,0,0,1,0,0,0,0,1,0,2,,,,,,,,,,,
2012,94,1,1,282,517,15,7,2,6,1,1,4,290,503,11,7,4,6,0,271,497,11,6,2,4,1,10,3,0,0,0,25,249,533,15,0,0,0,1,3,2,228,535,16,16,4,6,0,1,228,533,13,0,0,0,207,457,35,13,3,7,1,0,3,19,0,4,11,13,8,4,0,5,224,468,57,11,3,2,11,0,0,1,0,4,0,2,0,3,1,2,193,425,9,9,3,1,27,86,1,0,0,0,76,190,625,8,0,0,0,0,0,5,2,174,593,6,3,0,0,0,7,16,1,0,0,0,0,28,473,316,37,9,263,28,258,264,22,1085,835,1,120,224,3,1,128,217,2,1,1054,348
2012,94,2,1,63,185,5,1,1,1,0,0,2,63,183,5,2,1,0,0,59,181,5,1,1,0,0,2,0,0,0,1,6,55,193,5,0,0,0,0,1,2,53,186,5,2,1,0,0,3,53,183,5,0,0,0,49,168,7,0,0,0,0,0,1,8,1,1,1,7,2,0,0,0,48,172,10,0,0,0,7,0,0,0,0,0,0,3,0,0,0,0,44,163,4,0,0,0,9,17,1,0,1,0,16,43,211,2,0,0,0,0,0,1,1,42,207,2,0,0,0,0,3,0,1,0,0,0,0,1,172,80,5,1,59,5,59,119,16,327,258,1,40,75,1,0,31,84,1,0,321,116
2012,94,3,1,488,662,33,7,7,12,0,1,4,503,647,30,10,2,9,1,478,638,29,7,2,9,0,11,1,1,3,1,29,445,697,27,0,0,0,0,6,3,425,696,31,16,3,10,0,0,437,682,25,0,0,0,400,604,62,14,1,4,0,0,3,25,6,4,17,6,6,6,3,3,407,609,86,6,1,4,19,0,2,0,7,3,2,0,1,11,2,5,374,570,23,5,0,3,46,80,1,0,0,1,102,378,803,21,0,0,0,0,1,4,4,369,762,20,0,0,1,0,8,10,1,0,0,0,0,35,612,555,36,11,460,42,266,429,17,1537,1214,1,228,302,1,1,203,326,2,1,1482,532
2012,94,4,1,343,564,8,4,2,1,0,2,7,344,552,6,6,1,1,0,329,547,5,3,1,0,2,8,3,1,0,0,22,311,591,6,0,0,0,0,2,3,294,581,9,9,1,3,0,0,302,578,4,0,0,0,278,525,17,5,0,5,0,0,4,10,3,3,13,6,2,5,0,2,287,527,39,2,0,3,7,0,0,1,2,6,0,3,0,4,0,1,264,505,4,0,0,1,27,52,1,2,0,1,69,244,673,3,0,0,0,0,0,1,4,236,630,2,1,1,0,0,6,5,1,0,0,0,0,44,553,339,31,8,299,23,178,411,20,1353,930,1,137,183,5,2,117,199,5,6,1349,327
2012,94,5,1,351,529,19,3,6,9,0,4,5,356,523,16,4,6,6,0,345,515,12,2,5,6,1,4,3,1,0,0,24,319,547,18,0,0,0,0,7,7,306,549,19,9,4,5,0,3,311,547,16,0,0,0,279,499,38,18,5,5,0,0,0,5,3,2,22,3,3,4,0,1,290,502,60,4,3,3,5,0,0,0,1,2,1,0,1,3,1,1,262,478,13,3,3,2,40,40,1,0,0,0,69,241,652,17,0,0,0,0,1,3,5,234,617,12,0,4,0,0,7,10,4,1,0,0,0,29,484,373,61,9,310,33,182,375,27,1330,927,1,170,183,3,0,154,201,1,0,1292,356
2012,94,6,1,448,433,14,2,6,4,0,1,3,463,416,11,6,4,4,0,442,410,11,1,4,2,4,8,0,0,0,1,25,410,446,15,0,0,0,0,4,4,397,453,20,8,4,0,0,0,399,446,13,0,0,0,369,408,26,4,3,0,0,0,3,4,6,2,24,7,3,7,0,1,405,403,44,3,4,1,5,0,0,1,3,7,0,0,0,0,1,1,354,388,12,1,1,0,37,40,1,1,2,0,66,337,549,10,0,0,0,0,1,4,4,329,497,8,1,2,0,0,15,4,2,1,1,1,0,43,409,430,56,15,383,26,146,343,12,1366,912,1,208,168,0,4,199,176,1,4,1321,380
2012,94,7,1,619,601,37,4,12,13,0,2,7,623,588,30,7,12,10,0,593,577,30,3,10,9,6,14,0,0,0,1,46,541,646,40,0,0,0,0,7,6,529,654,33,12,10,8,0,0,522,649,32,0,0,0,496,556,62,11,8,5,0,0,1,10,12,3,22,13,9,7,1,2,506,569,82,3,6,5,21,0,2,0,6,6,0,3,0,1,2,5,473,518,28,3,5,3,45,74,4,0,1,2,137,435,824,20,0,0,0,0,4,2,5,424,775,17,4,2,0,0,21,9,4,0,0,0,0,35,583,668,34,13,550,46,246,445,11,1850,1298,1,259,305,4,3,252,313,4,2,1838,571
2012,94,8,1,467,471,8,1,5,5,1,1,4,474,464,5,2,5,5,1,459,457,5,1,5,3,2,3,1,1,0,2,21,445,486,9,0,0,0,0,2,2,428,490,11,6,3,6,0,0,434,478,14,0,0,0,410,439,32,7,4,4,0,0,2,6,3,1,15,5,2,6,1,2,418,445,43,5,3,2,4,0,0,1,4,0,0,2,0,3,1,1,395,412,8,3,2,1,27,51,0,0,1,0,61,339,604,10,0,0,0,0,4,2,1,333,566,8,0,1,2,0,12,7,1,0,0,1,0,30,461,459,33,12,445,16,156,341,7,1353,965,1,196,232,4,4,187,244,2,3,1333,436
2012,94,9,1,278,422,9,1,4,2,1,1,4,285,413,6,1,3,3,0,272,409,6,1,3,2,4,4,1,0,0,0,16,267,422,8,0,0,0,0,4,3,257,425,9,3,2,6,0,0,256,430,8,0,0,0,234,384,21,2,1,3,0,0,0,9,6,3,5,10,8,4,0,0,245,381,36,0,2,2,6,0,1,0,3,2,0,1,0,8,1,2,222,353,5,0,1,2,29,52,2,0,0,1,49,227,485,7,0,0,0,0,0,1,1,216,456,5,0,1,0,0,5,12,2,0,0,0,0,24,381,307,30,5,273,22,148,212,68,1024,722,1,135,151,4,1,121,168,1,1,1010,291
2012,94,10,1,387,597,18,7,1,6,0,2,5,403,585,11,7,0,5,0,373,572,11,6,0,5,3,16,5,1,0,0,25,367,598,16,0,0,0,0,4,6,350,598,16,8,0,4,0,0,344,601,16,0,0,0,320,533,50,8,3,3,0,0,1,7,3,0,16,16,11,4,1,3,337,525,74,5,1,3,8,0,0,2,6,0,1,1,0,5,1,1,303,497,12,1,0,3,35,74,2,3,0,0,84,309,696,16,0,0,0,0,0,1,7,288,663,11,3,0,1,0,12,13,1,1,0,1,0,22,515,451,49,9,376,32,244,357,15,1412,1024,1,185,196,1,1,169,213,0,1,1357,383
2012,94,11,1,661,507,30,10,4,14,0,1,1,683,496,21,10,2,11,0,656,483,20,7,1,11,0,10,2,1,1,1,37,745,430,21,0,0,0,0,2,1,609,515,22,17,2,13,0,0,616,500,17,0,0,0,574,431,41,20,1,7,0,0,4,16,5,4,20,8,12,9,0,3,595,447,68,8,0,6,10,0,3,0,4,6,3,2,1,6,1,0,557,352,14,3,0,1,38,113,4,0,1,4,142,570,634,17,0,0,0,0,1,2,3,549,581,15,1,0,1,0,13,14,3,1,1,1,0,47,482,712,31,7,622,47,197,349,17,1555,1232,1,279,232,2,0,266,244,3,0,1505,513
2012,94,12,1,382,165,7,6,1,4,1,1,3,386,164,6,7,1,1,1,376,159,6,6,1,1,3,2,1,0,0,1,10,385,168,7,0,0,0,0,1,2,352,181,10,2,2,0,0,0,353,185,10,0,0,0,330,145,17,4,0,4,2,0,1,5,0,0,16,9,6,1,1,2,330,146,38,1,1,1,4,0,1,0,2,0,1,2,0,4,2,0,315,123,5,0,0,1,32,33,1,0,0,0,57,317,240,6,0,0,0,0,1,2,4,315,217,5,1,0,0,0,5,7,0,0,0,0,0,14,191,345,28,7,336,14,71,140,10,709,571,1,128,83,1,1,118,93,1,1,693,213
2012,94,13,1,283,417,12,1,3,10,0,0,15,288,408,11,4,3,7,0,278,403,10,0,2,7,0,8,1,1,0,1,18,268,438,9,0,0,0,0,6,8,249,437,13,5,3,6,0,0,241,426,14,0,0,0,216,392,27,11,0,4,0,0,2,14,2,5,18,6,5,2,0,1,232,408,39,4,1,4,2,0,0,1,2,2,4,2,0,1,0,1,206,374,6,0,0,4,30,38,3,1,0,0,68,187,530,10,0,0,0,0,0,4,10,186,508,8,0,0,3,0,9,4,0,0,0,0,0,12,369,331,42,2,280,32,148,271,13,979,744,1,106,188,2,0,108,186,2,0,919,296
2012,94,14,1,263,276,10,4,4,1,1,1,3,263,270,9,7,4,1,0,250,264,9,4,3,1,0,5,1,1,0,0,22,266,268,7,0,0,0,2,1,3,239,274,6,6,4,3,0,0,238,275,6,0,0,0,219,234,25,4,1,3,0,0,0,11,0,2,13,7,2,3,0,2,221,247,42,4,1,4,1,0,1,0,1,3,0,1,0,2,1,0,207,221,5,2,1,0,27,36,1,1,1,1,58,185,356,6,0,0,0,0,4,3,3,180,332,5,3,1,2,0,5,4,0,0,0,0,0,27,245,293,25,2,261,29,113,159,3,887,565,1,98,119,0,3,105,111,2,2,855,220
2012,94,15,1,522,1041,23,5,8,9,0,6,10,531,1027,18,5,10,7,0,499,1001,17,5,6,6,1,12,1,0,1,1,62,453,1093,13,0,0,0,0,10,8,423,1089,22,11,7,3,0,0,431,1083,18,0,0,0,388,960,54,12,6,5,0,0,3,15,6,4,20,17,17,5,2,6,413,966,80,6,5,2,15,0,0,3,3,8,0,6,0,11,2,4,364,918,9,2,4,1,56,101,5,1,1,1,149,319,1285,13,0,0,0,0,0,2,7,308,1208,9,1,1,1,0,19,9,2,0,0,0,0,63,971,561,84,14,496,39,335,722,38,2329,1630,1,231,353,2,2,202,382,3,1,2233,588
2012,94,16,1,731,1179,37,13,7,11,3,1,10,752,1168,25,8,7,8,1,707,1144,25,6,5,8,3,12,2,4,1,1,64,642,1247,34,0,0,0,0,11,10,606,1237,37,12,7,7,0,0,601,1231,40,0,0,0,548,1068,64,14,6,7,1,0,3,47,8,10,33,17,17,12,1,9,575,1110,109,6,3,6,14,0,0,7,10,3,2,6,0,15,4,3,507,1008,24,0,2,2,73,145,6,4,1,2,198,497,1446,25,0,0,0,0,6,1,8,484,1361,22,0,2,2,0,18,17,3,2,0,1,0,72,1111,820,50,12,674,66,407,806,40,2614,1993,1,322,466,7,0,330,462,3,0,2516,795
2012,94,17,1,372,477,16,14,6,10,0,0,2,380,471,11,15,6,5,0,364,458,9,10,5,4,1,2,2,6,0,4,31,345,486,25,0,0,0,0,2,4,331,487,20,21,3,4,0,0,337,490,17,0,0,0,296,422,42,33,2,4,0,0,4,7,2,3,16,9,8,5,1,4,299,437,69,19,1,4,2,1,3,0,3,3,1,2,2,8,5,0,275,401,14,7,0,2,43,54,1,5,2,2,84,290,582,15,0,0,0,0,2,3,4,281,537,14,0,0,2,0,11,15,3,2,0,1,0,23,390,474,29,4,383,39,221,246,8,1172,898,1,179,237,0,3,170,246,1,2,1056,419
2012,94,18,1,123,374,4,1,0,2,0,1,2,124,372,3,1,0,1,0,120,368,3,0,0,1,1,3,1,0,0,0,7,120,373,2,0,0,0,1,0,1,98,375,3,1,0,1,0,0,101,379,4,0,0,0,96,366,5,1,0,1,0,0,1,3,1,2,4,1,3,2,0,0,104,366,11,0,0,0,1,0,0,0,1,1,0,0,0,0,1,0,96,341,2,0,0,0,1,32,0,0,0,0,34,78,425,1,0,0,0,0,0,0,3,77,412,0,0,0,0,0,4,2,1,0,0,0,0,8,346,141,17,3,113,7,74,256,57,792,507,1,62,123,1,1,51,134,2,0,784,187
2012,94,19,1,521,685,48,3,7,19,2,2,6,543,674,39,7,6,8,0,507,663,36,3,5,5,6,10,2,2,1,6,41,472,702,43,0,0,0,0,7,4,448,711,43,13,9,8,0,2,450,720,38,0,0,0,412,611,77,26,7,6,0,0,4,13,2,3,31,14,8,3,1,2,437,621,111,13,6,6,4,0,1,3,3,3,2,2,0,5,2,2,384,570,31,1,5,1,53,86,6,1,1,5,140,387,845,36,0,0,0,0,1,4,14,373,771,33,1,3,0,0,12,20,3,0,1,2,0,56,651,607,30,9,599,69,317,291,21,1823,1295,1,269,394,2,0,265,400,0,0,1800,665
2012,94,20,1,494,678,46,17,13,9,2,2,1,514,672,35,12,10,7,0,481,655,34,10,9,5,2,5,7,4,2,4,41,467,683,47,0,0,0,0,5,4,445,699,43,27,6,6,0,0,453,704,38,0,0,0,410,613,77,24,7,4,1,0,3,10,2,5,15,10,12,6,1,3,427,623,108,11,8,5,5,0,1,1,1,5,2,1,1,8,3,2,389,586,34,5,4,2,50,71,5,2,1,1,103,396,819,30,0,0,0,0,0,2,6,387,766,26,4,4,2,0,13,19,8,0,1,0,0,25,597,626,31,8,508,56,316,375,7,1638,1262,1,279,387,1,0,259,405,3,0,1606,667
2012,94,21,1,516,695,40,1,11,9,1,5,7,525,683,35,7,11,6,1,499,667,32,0,10,6,1,9,0,2,0,1,47,471,708,37,0,0,0,2,11,9,453,714,43,13,8,11,0,3,458,697,41,0,0,0,422,620,71,10,11,10,1,0,4,14,5,6,24,12,5,3,2,6,428,625,101,5,9,7,12,0,4,2,9,6,1,4,2,5,0,4,393,582,29,1,8,5,59,81,4,3,0,1,100,346,895,24,0,0,0,0,2,10,1,339,823,21,1,2,2,0,17,15,2,1,2,0,0,50,630,600,49,7,503,56,255,446,26,1745,1286,1,253,320,2,1,245,328,2,1,1695,576
2012,94,22,1,391,428,7,3,3,4,0,4,4,404,419,8,0,2,3,0,389,414,7,0,2,3,0,7,0,1,0,0,17,382,438,10,0,0,0,0,1,5,356,454,9,3,0,2,0,1,360,450,7,0,0,0,349,409,13,2,1,3,0,1,1,1,2,4,7,9,0,5,2,2,352,408,32,4,1,2,1,0,0,2,1,4,0,1,0,7,1,0,334,383,7,0,0,1,21,51,1,1,1,0,42,305,531,3,0,0,0,0,0,2,4,302,514,3,0,0,0,0,4,6,0,0,0,0,0,13,417,392,32,6,363,18,153,307,6,1181,848,1,181,168,2,2,166,182,3,2,1156,353
2012,94,23,1,895,1078,81,17,6,28,6,6,14,910,1072,71,17,6,22,2,875,1048,65,14,3,19,5,5,7,2,1,3,68,849,1117,72,0,0,0,0,8,12,834,1107,71,29,7,24,0,0,834,1099,70,0,0,0,766,958,123,29,5,25,1,0,3,27,12,6,35,15,14,5,4,4,779,962,182,12,3,23,18,0,4,6,4,7,1,3,1,15,1,4,717,902,56,5,1,10,89,122,7,2,0,7,197,689,1355,59,0,0,0,0,0,8,10,665,1242,52,2,1,6,0,35,22,9,0,0,4,0,77,974,1104,41,16,868,119,513,604,31,2870,2115,1,405,595,3,3,396,603,5,2,2788,1006
2012,94,24,1,179,355,13,7,1,6,1,1,1,181,358,11,5,1,3,0,171,348,10,5,0,3,2,2,1,0,0,1,19,191,353,12,0,0,0,0,1,2,167,360,11,8,0,6,0,0,166,357,10,0,0,0,152,322,19,11,0,1,0,0,0,8,3,2,12,1,1,3,0,2,161,324,31,5,0,7,4,0,0,0,0,3,0,1,0,2,3,3,146,310,9,3,0,0,18,29,1,2,0,4,39,135,406,14,0,0,0,0,1,1,2,131,391,11,0,0,1,0,7,1,4,0,0,2,0,13,314,224,24,2,157,34,98,243,32,733,564,1,72,140,0,1,73,139,0,1,716,213
2012,94,25,1,375,649,18,4,7,9,0,0,5,392,639,13,6,6,5,0,365,627,10,3,6,5,3,8,3,0,0,1,32,351,669,15,0,0,0,2,1,5,331,675,17,9,2,6,0,0,335,673,14,0,0,0,313,599,45,9,2,5,1,0,2,14,2,4,12,9,8,0,2,4,322,588,64,8,3,4,5,0,0,1,1,7,4,1,2,2,3,2,287,550,11,2,2,3,34,88,0,1,0,0,84,277,770,11,0,0,0,0,3,1,1,263,735,7,1,3,0,0,11,12,4,2,0,0,0,28,588,437,39,4,368,32,229,420,19,1452,1068,1,170,273,6,1,164,280,6,0,1411,450
2012,94,26,1,575,693,53,8,10,16,1,3,1,610,677,38,9,7,9,0,563,654,36,7,3,8,6,15,7,1,1,5,50,523,744,40,0,0,0,0,4,3,505,739,43,16,7,11,0,0,505,733,43,0,0,0,471,610,82,21,4,12,0,1,2,16,6,2,22,17,13,5,2,6,478,616,115,7,4,11,16,0,2,0,10,13,1,7,2,15,1,4,437,565,31,3,1,5,50,100,6,0,1,3,152,405,918,24,0,0,0,0,5,4,2,392,839,19,1,0,1,0,14,16,4,0,1,2,0,66,619,714,19,9,587,69,342,349,14,1815,1361,1,271,352,3,2,277,346,2,3,1710,628
2012,94,77,1,159,104,5,2,1,1,0,4,4,154,102,4,2,1,2,0,151,101,4,2,1,1,0,0,0,0,0,0,12,140,104,8,0,0,0,0,7,4,139,110,6,1,1,1,0,0,140,104,7,0,0,0,129,93,10,1,1,0,0,0,0,3,0,3,2,1,2,2,0,1,134,91,10,0,1,0,1,0,0,0,2,0,0,2,0,3,0,1,125,88,4,0,1,0,13,11,2,0,0,0,20,112,150,3,0,0,0,0,0,4,2,111,140,2,1,0,0,0,3,0,1,0,0,0,0,11,140,118,21,1,100,13,54,113,0,0,280,1,40,81,4,0,14,105,6,0,0,125
2012,94,78,1,74,90,2,0,1,2,0,1,2,73,90,1,0,1,1,0,72,87,1,0,1,1,0,1,0,0,0,1,5,14,26,0,0,0,0,0,0,0,17,35,0,0,0,1,0,0,17,33,0,0,0,0,10,28,2,1,0,2,0,0,0,1,0,0,0,1,0,0,0,1,9,29,4,0,0,2,0,0,0,0,0,0,0,0,1,0,0,1,9,22,0,0,0,1,2,2,0,0,0,0,19,7,30,0,0,0,0,0,0,0,0,7,27,0,0,0,1,0,1,1,0,0,0,0,0,1,97,63,11,0,52,15,50,54,0,0,171,1,32,65,0,1,16,81,0,1,0,98
2012,94,79,1,0,0,0,0,0,0,0,0,0,0,0,0,0,0,0,0,0,0,0,0,0,0,0,0,0,0,0,0,0,0,0,0,0,0,0,0,0,0,0,0,0,0,0,0,0,0,0,0,0,0,0,0,0,0,1,0,0,0,0,0,0,0,0,0,0,0,0,0,0,0,0,0,0,0,0,0,0,0,0,0,0,0,0,0,0,0,0,0,0,0,0,0,0,0,0,0,0,0,0,0,1,0,0,0,0,0,0,0,0,0,0,0,0,0,0,0,0,0,0,0,0,0,0,0,0,0,0,0,0,0,0,0,0,0,0,0,1,,,,,,,,,,,
2012,95,1,1,1401,1225,62,14,26,22,2,10,7,1431,1201,46,14,23,15,1,1385,1174,45,9,21,15,3,8,8,0,2,2,84,1347,1225,74,0,0,0,0,11,16,1312,1238,71,18,21,14,0,1,1320,1231,71,0,0,0,1196,1098,122,19,13,16,0,0,17,15,86,8,12,7,3,6,7,12,1164,1042,207,14,12,14,10,0,12,5,5,18,1,6,4,25,95,3,1128,1020,55,4,10,6,149,124,9,1,2,6,230,1466,1199,77,0,0,0,0,4,8,12,1389,1151,67,0,0,4,1,22,32,5,0,0,1,1,82,1182,1502,78,11,1315,93,526,824,15,3840,2773,1,597,578,7,2,581,599,0,4,3666,1184
2012,95,2,1,471,348,9,2,4,6,0,0,1,474,345,8,3,3,5,0,466,342,8,2,3,4,0,1,1,1,0,0,12,446,342,11,0,0,0,0,2,4,437,347,12,4,3,3,0,1,437,346,11,0,0,0,400,322,24,7,3,3,0,0,2,2,25,0,4,1,1,2,6,4,384,314,43,3,2,3,3,0,2,0,0,3,2,1,1,6,37,0,379,310,10,2,2,3,48,22,0,0,0,0,57,479,333,17,0,0,0,0,3,2,3,461,325,16,0,0,0,0,9,3,0,0,0,0,0,21,349,456,28,4,431,18,130,256,2,1099,841,1,198,158,2,1,207,149,2,1,1049,359
2012,95,3,1,560,569,13,2,12,1,2,3,1,570,562,8,1,11,1,0,554,559,7,1,9,1,3,5,1,0,1,0,18,533,570,17,0,0,0,0,5,2,525,578,17,8,10,4,0,0,521,572,15,0,0,0,479,520,40,5,5,1,2,0,2,8,20,4,5,3,2,3,2,5,464,502,75,3,6,2,7,0,2,1,0,2,1,5,0,12,29,0,458,489,11,2,2,0,49,61,3,0,1,1,81,603,526,15,0,0,0,0,1,6,5,585,508,16,1,0,3,0,7,8,0,0,0,1,0,27,528,567,64,5,516,27,219,401,1,1564,1163,1,210,225,1,0,200,236,0,0,1488,436
2012,95,4,1,240,245,11,1,3,3,0,3,2,247,239,11,2,3,2,0,236,234,11,0,3,2,1,4,0,0,0,0,13,223,259,8,0,0,0,0,3,2,221,256,10,2,1,3,0,0,220,257,10,0,0,0,202,228,28,0,1,2,0,0,2,5,10,1,2,1,2,0,0,6,190,225,43,0,1,1,3,0,1,3,2,1,0,2,0,4,10,0,188,218,7,0,0,1,28,27,0,0,0,0,35,234,265,5,0,0,0,0,3,1,0,229,256,5,0,0,1,0,1,4,1,0,0,0,0,11,245,250,13,1,227,15,97,169,1,714,509,1,70,105,2,1,77,100,0,1,671,178
2012,95,5,1,342,383,16,3,3,5,0,3,3,344,380,12,6,3,5,0,338,377,12,3,4,6,0,1,2,1,0,0,15,345,369,15,0,0,0,0,4,2,334,384,17,8,3,2,0,0,333,381,16,0,0,0,314,346,29,10,3,2,0,0,5,6,9,3,5,2,0,0,2,3,309,343,42,7,2,0,0,0,0,4,0,2,1,2,1,9,14,0,302,331,13,2,0,0,26,30,1,2,2,2,49,375,357,21,0,0,0,0,2,3,2,362,353,19,0,0,1,0,6,4,0,0,0,2,0,14,353,391,17,5,330,29,191,212,4,1036,766,1,148,167,0,0,131,183,1,0,971,315
2012,95,6,1,445,338,9,4,11,4,0,0,2,446,327,8,5,13,2,0,432,324,8,3,11,2,3,3,0,0,1,1,22,411,353,13,0,0,0,0,3,4,400,356,14,7,6,2,0,0,399,346,12,0,0,0,368,331,26,3,8,1,0,0,5,5,20,3,2,2,0,0,3,1,354,315,51,2,8,1,3,0,6,0,2,0,0,1,2,7,22,0,346,312,10,1,6,0,47,27,1,3,0,0,51,414,372,14,0,0,0,0,0,1,4,402,365,13,0,0,2,0,3,2,0,0,0,0,0,17,355,429,26,2,387,21,151,251,2,1121,812,1,103,107,0,0,105,105,0,0,1065,210
2012,95,7,1,639,413,17,5,5,7,3,2,3,646,404,13,5,5,6,1,630,398,13,3,4,6,2,4,2,2,2,0,26,638,402,17,0,0,0,7,8,3,618,402,20,7,4,7,0,7,627,399,18,0,0,0,585,364,35,3,3,5,0,0,5,9,24,4,4,2,2,2,3,6,563,346,66,1,3,5,2,0,2,1,0,6,0,4,5,8,31,1,543,337,17,1,2,5,58,41,0,1,0,0,81,731,338,12,0,0,0,0,7,2,1,667,331,12,0,0,2,0,18,9,1,0,0,0,0,54,425,630,36,6,592,24,127,352,2,1413,1097,1,248,166,6,2,253,164,3,2,1342,422
2012,95,8,1,633,403,8,1,8,7,0,1,2,636,397,7,1,8,5,0,627,393,8,0,8,5,0,3,1,0,0,0,16,581,439,9,0,0,0,0,3,8,612,400,13,3,5,6,0,0,588,408,9,0,0,0,561,376,24,4,4,6,0,0,4,1,22,0,12,1,1,1,2,3,545,363,61,3,4,4,11,0,2,0,0,2,0,0,2,2,24,0,514,352,8,2,3,3,76,35,0,0,1,2,57,675,360,18,0,0,0,0,0,2,3,636,353,16,0,0,1,0,8,10,0,0,0,1,0,34,381,643,37,3,617,17,143,284,3,1420,1064,1,294,177,1,4,281,188,4,3,1373,476
2012,95,9,1,443,403,15,3,7,6,0,1,4,449,395,14,4,5,5,0,439,392,12,3,5,5,1,5,1,1,0,0,13,430,386,18,0,0,0,1,5,7,419,402,20,6,2,4,0,1,417,399,17,0,0,0,405,355,33,11,2,3,0,0,4,5,13,3,2,0,0,2,1,9,397,348,53,5,3,2,8,0,3,0,0,1,0,3,1,3,16,0,387,341,15,3,1,2,31,30,1,1,0,0,58,500,353,12,0,0,0,0,2,5,6,477,348,10,0,0,1,0,11,2,2,0,0,0,0,20,368,476,30,8,414,23,110,330,5,1135,882,1,194,168,2,1,188,174,1,2,1092,365
2012,95,10,1,350,400,20,5,5,4,0,1,7,350,393,15,5,4,5,0,342,388,14,4,4,3,1,3,0,1,0,1,26,338,398,23,0,0,0,0,3,6,329,394,21,8,4,4,0,0,327,397,20,0,0,0,309,354,35,8,2,1,0,0,1,14,14,5,2,3,1,2,1,5,295,344,56,4,1,2,7,1,0,2,0,5,1,4,0,16,13,0,292,332,17,2,1,0,31,51,3,2,0,3,52,415,339,23,0,0,0,0,2,3,7,389,325,22,0,0,0,0,2,11,0,0,0,0,0,36,406,345,37,7,291,29,183,288,4,1032,795,1,144,206,4,3,144,208,4,1,996,357
2012,95,11,1,226,588,7,4,2,2,0,3,2,237,567,7,4,2,1,0,223,565,7,4,2,1,0,4,0,0,0,1,22,225,582,7,0,0,0,0,4,2,218,578,5,4,1,1,0,0,212,572,6,0,0,0,197,538,20,6,1,1,0,0,0,7,8,5,7,2,0,1,1,2,190,524,32,4,1,2,9,0,0,3,0,8,0,0,0,6,13,0,182,513,2,2,0,1,29,41,2,1,1,0,55,493,320,11,0,0,0,0,0,2,3,460,317,11,0,0,2,0,0,12,0,0,0,0,0,28,599,188,41,7,167,17,189,453,9,1016,835,1,67,103,1,2,59,109,2,3,978,173
2012,95,12,1,420,805,9,4,3,8,0,0,6,442,793,5,3,3,6,0,418,788,5,2,3,6,2,5,1,2,0,0,20,399,817,5,0,0,0,0,4,6,390,816,5,6,4,2,0,0,379,814,4,0,0,0,362,758,28,6,6,1,0,0,1,8,21,6,3,2,0,3,3,8,349,747,49,5,5,2,4,0,1,6,2,5,0,3,0,4,25,0,341,737,2,3,4,0,37,51,1,0,0,2,72,509,722,14,0,0,0,0,0,6,3,485,715,13,0,0,2,0,2,13,0,0,0,0,0,26,755,457,42,5,402,25,330,498,4,1600,1259,1,189,326,4,3,172,345,3,2,1576,522
2012,95,77,1,131,79,3,0,0,0,0,2,0,131,78,2,0,0,0,0,129,78,2,0,0,0,1,0,0,0,0,0,3,131,81,2,0,0,0,0,2,0,131,81,2,0,0,0,0,0,130,81,2,0,0,0,123,78,3,0,0,0,0,0,5,1,0,0,3,1,0,0,0,0,120,78,5,0,0,0,0,0,1,0,0,0,0,0,1,1,7,0,119,78,2,0,0,0,8,3,0,0,0,0,6,129,74,2,0,0,0,0,2,4,0,128,73,2,0,0,0,0,2,0,0,0,0,0,0,5,96,113,6,0,116,3,22,74,0,0,216,1,14,27,0,0,2,38,1,0,0,41
2012,95,78,1,40,38,1,1,1,1,0,1,0,40,36,1,1,1,1,0,38,35,1,1,1,1,0,0,0,0,0,0,5,12,14,1,0,0,0,0,0,0,12,14,1,0,1,0,0,0,12,14,1,0,0,0,10,14,0,1,1,0,0,0,0,0,1,0,0,0,0,0,0,0,10,14,1,0,1,1,0,0,0,0,0,0,0,0,0,0,2,0,9,14,0,0,1,0,3,0,0,0,0,0,2,13,16,0,0,0,0,0,0,0,0,12,14,0,0,0,0,0,1,0,0,0,0,0,0,2,45,33,5,0,26,3,22,32,0,0,83,1,8,7,1,0,8,8,0,0,0,16
2012,96,1,1,631,866,30,10,8,15,4,12,13,645,854,28,8,7,11,0,624,842,27,6,7,10,3,7,1,1,1,2,38,643,792,27,8,0,0,0,20,21,615,807,34,13,10,0,0,2,644,792,36,0,12,0,596,755,50,21,9,11,0,0,1,2,0,7,6,14,9,9,10,5,585,760,84,18,8,8,4,0,12,0,0,6,2,1,0,1,0,4,577,724,26,5,8,6,38,57,4,4,0,1,103,701,818,7,0,0,0,0,35,8,13,651,750,5,0,0,3,0,27,34,3,0,0,4,0,97,797,700,85,13,559,67,342,617,10,2248,1613,1,177,213,3,0,171,218,4,0,2197,393
2012,96,2,1,304,446,15,8,3,9,1,5,10,305,438,14,6,1,10,0,297,435,13,5,1,8,2,1,0,2,0,3,21,307,430,15,13,0,0,0,10,8,303,432,18,9,2,0,0,3,310,418,17,0,3,0,292,393,29,20,1,3,1,0,0,2,1,1,3,3,2,4,1,3,291,393,39,10,1,4,4,0,11,0,1,1,0,0,0,4,0,1,286,375,14,5,1,1,16,42,0,3,0,3,39,358,398,9,0,0,0,0,22,3,7,333,374,7,0,0,3,0,11,15,1,0,0,2,0,47,430,324,43,6,254,40,187,317,5,1156,803,1,87,155,1,1,81,161,2,0,1115,244
2012,96,3,1,249,502,36,3,5,16,0,1,5,257,491,33,4,4,13,0,245,488,32,3,4,12,1,4,1,0,1,1,20,263,473,34,7,0,0,1,14,3,245,478,35,8,3,0,0,3,254,479,34,0,4,0,235,433,62,15,3,8,0,1,0,1,2,1,0,9,6,3,5,2,222,433,87,5,2,7,1,1,6,5,0,4,0,1,1,1,0,1,217,411,33,1,2,5,24,60,1,3,0,0,42,295,484,10,0,0,0,0,12,4,7,273,430,10,0,0,1,0,13,33,4,0,0,0,0,41,443,317,52,6,216,53,208,337,4,1115,818,1,86,182,4,1,82,189,2,0,1086,273
2012,96,4,1,243,381,17,6,4,8,1,1,3,249,370,18,6,4,5,1,239,365,17,5,4,5,1,5,0,1,0,1,19,248,346,18,8,0,0,0,9,7,229,349,18,10,6,0,0,2,245,347,18,0,5,0,218,322,33,16,3,3,0,1,2,1,0,3,2,2,7,2,6,1,215,323,38,9,3,3,1,0,14,1,0,4,0,2,1,1,0,1,213,310,14,5,3,1,13,33,2,1,0,1,54,270,345,6,0,0,0,0,29,0,3,240,309,3,0,0,4,0,11,23,6,0,0,1,0,63,366,259,36,5,207,27,142,280,10,1007,766,1,76,154,0,2,73,155,1,3,980,232
2012,96,5,1,308,419,13,6,1,3,2,10,6,316,403,14,5,2,4,0,300,399,13,2,1,3,2,9,0,1,0,0,21,312,395,18,6,0,0,1,12,9,293,395,19,6,2,0,0,3,306,391,16,0,4,0,287,358,30,10,0,2,0,0,0,1,2,3,2,11,8,2,5,1,284,357,46,3,0,4,4,0,11,1,1,2,0,1,0,1,0,1,276,346,13,2,0,0,16,36,2,0,0,2,53,348,352,2,0,0,0,0,48,4,9,321,325,1,0,0,0,0,14,15,5,0,0,0,0,73,393,313,55,6,258,34,165,308,2,1139,767,1,85,148,0,3,82,150,2,2,1072,236
2012,96,77,1,45,32,2,0,0,1,0,1,1,45,32,2,0,0,1,0,45,32,2,0,0,1,0,0,0,0,0,0,0,43,34,2,0,0,0,0,1,0,41,35,1,0,0,0,0,0,45,34,1,0,0,0,42,33,2,1,0,0,0,0,0,0,0,0,0,1,1,0,0,0,41,34,2,0,0,0,0,0,0,0,0,1,0,0,0,0,0,0,41,33,1,0,0,0,0,1,0,0,0,0,5,46,35,2,0,0,0,0,0,1,1,45,34,2,0,0,0,0,0,1,0,0,0,0,0,1,40,41,1,0,30,3,10,39,0,0,82,1,3,19,3,0,4,18,3,0,0,25
2012,96,78,1,17,15,0,0,0,0,0,0,0,17,15,0,0,0,0,0,16,15,0,0,0,0,0,0,0,0,0,0,1,6,4,0,0,0,0,0,0,0,6,4,0,0,0,0,0,0,6,4,0,0,0,0,6,4,0,0,0,0,0,0,0,0,0,0,0,0,0,0,0,0,6,4,0,0,0,0,0,0,0,0,0,0,0,0,0,0,0,0,6,4,0,0,0,0,0,0,0,0,0,0,0,7,3,0,0,0,0,0,0,0,0,7,2,0,0,0,0,0,0,0,0,0,0,0,0,1,19,9,4,0,11,3,4,14,0,0,32,1,5,10,1,0,3,13,0,0,0,16
2012,96,79,1,0,0,0,0,0,0,0,0,0,0,0,0,0,0,0,0,0,0,0,0,0,0,0,0,0,0,0,0,0,0,0,0,0,0,0,0,0,1,0,0,0,0,0,0,0,0,0,0,0,0,0,0,0,0,0,0,0,0,0,0,0,0,0,0,0,0,0,0,0,0,0,0,0,0,0,0,0,0,0,0,0,0,0,0,0,0,0,0,0,0,0,0,0,0,0,0,0,0,0,0,0,0,0,0,0,0,0,0,0,0,0,0,0,0,0,0,0,0,0,0,0,0,0,0,0,0,0,0,0,0,0,0,0,0,0,0,1,,,,,,,,,,,
2012,97,1,1,481,629,18,4,12,12,4,17,2,496,609,15,5,12,9,0,472,597,14,4,11,10,1,6,2,0,0,0,43,482,579,25,10,0,0,1,44,6,489,575,24,12,7,0,0,0,465,574,24,0,6,0,453,524,43,15,2,7,1,0,7,6,4,2,0,1,1,3,4,3,440,518,69,6,4,3,5,0,0,1,2,9,2,0,15,8,0,1,436,502,21,5,2,1,22,46,2,0,1,1,80,554,602,5,0,0,0,0,2,2,3,517,540,5,0,0,0,0,22,7,1,0,0,0,0,77,568,519,76,15,423,46,229,449,31,1446,1178,1,227,207,5,1,219,216,4,1,1365,440
2012,97,2,1,113,123,15,1,2,1,4,4,1,117,122,14,1,2,1,0,109,120,14,1,2,1,2,0,0,0,0,0,12,104,122,12,4,0,0,3,8,2,107,120,13,5,1,0,0,0,102,120,12,0,2,0,94,106,26,3,1,0,0,0,3,1,2,0,1,0,0,1,0,0,93,105,31,3,1,1,1,0,1,0,0,2,0,0,3,1,0,0,89,102,11,3,1,0,11,13,2,0,0,0,22,115,142,3,0,0,0,0,1,1,1,104,124,3,0,0,0,0,5,4,3,0,0,0,0,19,111,140,15,0,104,22,44,90,6,324,266,1,54,53,2,0,58,51,0,0,279,109
2012,97,77,1,23,17,0,0,1,0,0,1,0,23,17,0,0,1,0,0,23,17,0,0,1,0,0,0,0,0,0,0,0,24,14,1,0,0,0,0,0,0,25,14,0,0,1,0,0,0,23,15,1,0,1,0,23,13,1,0,1,1,0,0,0,2,0,0,0,0,0,0,0,0,23,12,2,0,1,1,0,0,0,0,0,0,0,0,0,2,0,0,23,12,0,0,1,1,0,3,0,0,0,0,1,27,13,0,0,0,0,0,0,1,0,26,13,0,0,0,0,0,0,1,0,0,0,0,0,0,20,20,1,0,22,0,3,16,0,0,42,1,2,4,1,0,0,6,1,0,0,7
2012,97,78,1,7,3,0,0,0,0,0,0,0,7,3,0,0,0,0,0,7,3,0,0,0,0,0,0,0,0,0,0,0,2,3,0,1,0,0,0,0,0,2,3,1,1,0,0,0,0,2,3,0,0,0,0,2,3,0,1,0,0,0,0,0,0,0,0,0,0,0,0,0,0,2,3,1,0,0,0,0,0,0,0,0,0,0,0,0,0,0,0,2,3,0,0,0,0,0,0,1,0,0,0,0,1,5,0,0,0,0,0,0,0,0,1,5,0,0,0,0,0,0,0,0,0,0,0,0,0,4,6,0,0,5,1,1,2,1,0,10,1,0,1,0,0,0,1,0,0,0,1
2012,97,79,1,0,0,0,0,0,0,0,0,0,0,0,0,0,0,0,0,0,0,0,0,0,0,0,0,0,0,0,0,0,0,0,0,0,0,0,0,0,1,0,0,0,0,0,0,0,0,0,0,0,0,0,0,0,0,0,0,0,0,0,0,0,0,0,0,0,0,0,0,0,0,0,0,0,0,0,0,0,0,0,0,0,0,0,0,0,0,0,0,0,0,0,0,0,0,0,0,0,0,0,0,0,0,0,0,0,0,0,0,0,0,0,0,0,0,0,0,0,0,0,0,0,0,0,0,0,0,0,0,0,0,0,0,0,0,0,0,0,,,,,,,,,,,
2012,98,1,1,901,801,39,8,26,23,4,8,5,920,785,31,10,23,16,1,876,765,31,4,17,13,8,15,1,0,3,7,66,886,782,43,8,0,0,5,27,13,815,804,41,17,18,0,0,6,870,786,39,0,19,0,755,709,71,18,14,19,0,0,8,11,7,6,12,1,42,3,14,14,727,687,135,8,12,16,17,1,62,6,2,5,1,3,0,17,0,3,707,663,32,2,11,4,107,79,3,3,1,3,165,743,706,0,0,0,0,0,343,4,8,676,680,13,0,0,0,0,71,34,3,0,0,0,0,330,771,966,72,11,864,49,346,540,21,2516,1820,1,355,413,10,1,350,421,5,3,2391,685
2012,98,2,1,232,180,10,4,10,3,5,3,0,237,175,10,4,9,2,0,226,174,9,3,9,2,4,0,2,1,1,1,12,231,176,13,3,0,0,2,4,1,200,188,13,0,8,0,0,3,224,179,14,0,9,0,177,168,23,0,5,2,0,0,3,2,2,4,8,2,10,0,6,0,174,161,35,0,6,1,0,0,25,0,3,1,0,2,2,5,2,0,167,156,10,0,3,0,25,15,2,0,1,1,60,172,159,0,0,0,0,0,104,3,3,155,156,4,0,0,0,0,24,6,1,0,0,0,0,95,192,233,17,5,203,17,80,143,4,588,447,1,82,68,2,0,76,76,0,0,563,152
2012,98,3,1,464,376,17,5,17,13,3,6,5,463,370,13,7,16,11,0,444,364,13,2,12,10,2,6,2,1,2,0,40,445,369,22,7,0,0,3,16,8,395,378,28,9,7,0,0,1,426,367,23,0,9,0,360,331,45,12,5,7,1,3,1,5,8,4,20,0,21,3,6,6,344,321,65,7,6,6,21,0,48,2,1,3,2,2,0,6,2,0,333,309,17,3,5,4,52,36,3,1,1,0,118,373,306,0,0,0,0,0,206,4,7,350,298,7,0,0,0,0,25,12,1,0,0,0,0,199,374,492,38,4,418,34,136,308,12,1214,908,1,147,173,1,2,149,172,1,1,1157,323
2012,98,4,1,72,44,0,0,1,2,3,0,0,74,43,0,0,1,2,0,68,43,0,0,1,2,0,0,0,0,0,0,8,74,45,0,0,0,0,0,1,1,64,48,0,0,1,0,0,2,70,48,1,0,2,0,58,41,6,0,1,0,0,0,0,0,0,0,3,1,6,0,2,0,52,40,7,0,1,0,3,0,10,1,1,1,0,0,0,1,0,0,52,38,0,0,0,0,10,4,0,0,0,0,16,47,43,0,0,0,0,0,32,0,0,44,42,0,0,0,0,0,1,1,1,0,0,0,0,33,42,78,1,1,72,3,9,36,2,137,122,1,38,22,0,3,44,17,0,2,127,63
2012,98,5,1,736,606,30,8,20,10,2,1,5,748,591,21,7,17,8,0,704,575,21,6,16,7,5,14,4,0,0,2,62,747,583,23,8,0,0,0,9,9,659,604,20,17,14,0,0,6,698,602,27,0,14,0,598,536,60,13,10,4,0,0,11,9,4,4,13,6,46,2,9,10,576,506,105,8,7,4,8,1,65,6,1,6,2,1,3,23,0,3,550,483,17,4,2,2,106,82,2,1,5,1,149,545,539,0,0,0,0,0,308,5,15,501,520,4,0,0,0,0,43,21,3,0,0,0,0,310,575,798,33,16,716,46,249,402,9,1990,1422,1,255,252,1,0,267,237,2,2,1862,508
2012,98,6,1,689,461,19,7,37,7,7,6,8,686,454,19,6,31,5,0,667,443,16,4,30,5,4,5,3,2,3,0,46,687,439,24,2,0,0,4,13,8,637,442,21,10,28,0,0,2,664,445,23,0,33,0,573,395,42,5,24,5,0,1,9,6,3,6,5,2,41,3,15,11,561,387,69,2,20,2,6,0,62,5,7,6,1,2,0,9,1,0,550,371,15,1,19,1,69,59,2,2,2,0,129,584,351,0,0,0,0,0,276,5,9,550,335,7,0,0,0,0,50,11,1,0,0,0,0,277,457,710,57,18,649,41,174,352,26,1775,1242,1,292,170,3,1,278,183,3,2,1699,466
2012,98,7,1,398,324,8,5,12,9,1,4,6,403,316,6,6,9,8,0,383,311,5,2,9,7,3,6,2,1,1,1,26,392,309,13,6,0,0,2,12,9,361,321,13,6,9,0,0,4,384,314,13,0,9,0,338,282,31,8,6,7,0,0,2,3,3,3,9,1,9,0,3,9,335,282,54,3,5,6,4,0,15,0,1,0,0,0,1,3,2,0,328,267,10,3,3,2,30,31,3,2,4,2,67,339,262,0,0,0,0,0,135,5,11,318,255,6,0,0,0,0,27,6,1,0,0,0,0,139,303,433,30,3,369,15,131,247,7,1050,769,1,156,135,3,0,158,136,0,0,1013,294
2012,98,77,1,88,64,4,1,1,0,0,2,7,89,63,4,2,0,0,0,86,62,4,1,0,0,0,0,0,0,1,0,4,87,64,4,1,0,0,0,6,2,82,67,4,0,0,0,0,0,84,65,4,0,0,0,83,60,4,1,0,0,0,0,0,1,0,0,2,1,1,0,0,1,80,59,6,0,0,0,0,0,4,1,0,0,1,0,0,2,0,0,80,58,3,0,0,0,3,6,0,0,0,0,7,59,55,0,0,0,0,0,40,4,5,58,55,0,0,0,0,0,1,1,0,0,0,0,0,41,64,91,10,2,81,7,19,48,12,0,167,1,5,10,1,0,2,14,0,0,0,16
2012,98,78,1,23,14,0,0,0,0,0,1,1,23,14,0,0,0,0,0,23,14,0,0,0,0,0,0,0,0,0,0,0,9,3,0,0,0,0,0,0,0,8,3,0,0,0,0,0,0,10,3,0,0,0,0,8,3,0,0,0,0,0,0,0,0,0,0,0,0,0,0,1,0,8,2,1,0,0,0,0,0,2,0,0,0,0,0,0,0,0,0,8,2,0,0,0,0,0,1,0,0,0,0,3,8,3,0,0,0,0,0,3,0,0,8,3,0,0,0,0,0,0,0,0,0,0,0,0,3,17,20,2,0,18,1,6,14,0,0,39,1,8,5,0,0,5,8,0,0,0,13
2012,98,79,1,0,0,0,0,0,0,0,0,0,0,0,0,0,0,0,0,0,0,0,0,0,0,0,0,0,0,0,0,0,0,0,0,0,0,0,0,0,0,0,0,0,0,0,0,0,0,0,0,0,0,0,0,0,0,0,0,0,0,0,0,0,0,0,0,0,0,0,0,0,0,0,0,0,0,0,0,0,0,0,0,0,0,0,0,0,0,0,0,0,0,0,0,0,0,0,0,0,0,0,0,0,12,1,0,0,0,0,0,2,0,0,1,0,0,0,0,0,0,11,1,0,0,0,0,0,31,0,0,0,0,0,0,0,0,0,0,1,,,,,,,,,,,
2012,99,1,1,647,499,28,1,11,12,2,4,8,657,493,25,1,11,7,1,641,482,23,1,10,7,0,2,3,0,0,1,33,691,453,30,3,0,0,1,5,6,652,467,32,4,11,0,0,4,615,469,33,0,15,0,575,422,57,5,8,7,0,1,17,2,29,12,12,2,0,4,5,0,585,389,92,4,8,8,6,0,2,8,2,2,5,8,1,2,25,14,544,382,24,2,5,4,67,52,3,0,4,0,117,787,379,28,0,0,0,0,1,5,3,727,366,24,5,0,0,0,18,14,2,0,0,0,0,49,479,670,51,15,591,51,229,316,28,1934,1215,1,253,275,2,0,259,269,0,2,1876,530
2012,99,2,1,416,392,11,5,9,6,0,1,9,412,385,11,6,8,4,0,398,373,8,5,8,4,1,4,0,0,0,0,39,434,360,14,8,0,0,0,5,8,405,376,13,7,6,0,0,2,383,368,13,0,6,0,365,336,31,3,5,1,1,1,3,5,14,10,6,4,0,3,4,1,350,313,52,6,5,3,2,0,1,5,3,1,2,4,0,4,23,9,335,307,11,3,5,0,46,41,0,0,0,0,89,528,286,13,0,0,0,0,0,3,8,478,277,10,2,0,0,0,15,10,2,1,0,0,0,44,382,397,42,29,376,20,191,237,26,1469,850,1,140,159,4,0,137,166,0,0,1422,303
2012,99,3,1,907,775,45,8,8,14,1,5,6,933,752,35,10,6,14,0,887,741,34,6,6,10,5,5,1,0,0,2,66,983,686,35,15,0,0,3,4,9,899,726,42,16,6,0,0,10,865,732,43,0,10,0,818,646,71,15,4,15,0,0,18,6,34,21,12,8,1,3,2,4,801,606,127,8,1,11,3,0,2,7,5,6,0,14,1,5,46,35,773,590,30,5,2,2,93,83,5,2,1,3,171,1083,572,43,0,0,0,0,0,7,50,1015,542,40,5,0,0,0,24,17,3,0,0,0,0,74,699,1019,34,21,858,80,389,427,19,2708,1773,1,397,386,6,2,400,381,8,2,2636,791
2012,99,4,1,271,226,10,6,4,2,1,1,4,280,216,9,4,3,2,1,269,214,9,4,3,2,1,2,0,1,0,0,15,291,203,11,6,0,0,2,3,1,273,207,14,4,2,0,0,7,266,209,18,0,3,0,250,184,22,7,3,2,0,1,5,0,15,2,0,3,2,2,2,1,245,177,33,4,2,2,7,1,1,1,3,1,0,3,1,0,11,5,239,172,10,2,1,1,24,27,1,1,1,0,42,325,173,13,0,0,0,0,1,2,4,308,166,13,2,0,0,0,5,7,0,1,0,0,0,17,196,293,31,5,258,18,99,144,6,742,525,1,113,127,0,3,117,123,0,3,720,243
2012,99,5,1,929,754,56,11,12,7,1,6,5,941,741,42,13,8,6,0,905,723,38,7,7,5,7,10,5,2,3,5,61,1019,653,41,8,0,0,1,9,10,939,684,47,12,11,0,0,7,878,679,50,0,14,0,805,617,93,21,5,8,0,0,16,8,42,14,8,6,4,5,4,5,780,563,152,8,5,5,8,0,4,6,3,8,0,15,6,2,50,41,757,542,34,4,4,2,114,96,9,1,3,1,204,1180,551,35,0,0,0,0,2,7,7,1096,529,32,1,0,0,0,16,16,6,2,0,0,0,61,755,939,80,15,829,81,355,512,12,2862,1786,1,333,304,1,4,333,304,1,4,2782,642
2012,99,6,1,855,818,39,13,21,17,4,3,9,884,806,29,11,18,10,0,842,784,25,7,15,9,5,12,6,3,2,2,57,951,735,28,12,0,0,5,7,8,878,760,33,12,8,0,0,10,807,761,33,0,13,0,755,694,78,16,8,8,0,2,25,16,40,13,11,8,2,10,5,3,707,625,165,11,6,6,18,0,5,11,3,6,0,11,2,6,48,28,687,607,22,6,5,3,112,106,4,4,1,0,209,1183,552,23,0,0,0,0,2,5,7,1096,525,16,5,0,0,0,27,25,3,3,0,0,0,69,800,916,51,14,820,50,384,510,17,2529,1781,1,398,332,1,1,372,359,0,1,2383,732
2012,99,7,1,853,657,36,10,12,8,0,2,6,878,620,32,11,9,7,0,837,614,30,9,7,6,3,13,1,1,1,0,54,889,612,34,8,0,0,1,6,5,846,619,37,10,13,0,0,10,792,614,42,0,10,0,750,557,69,7,5,7,2,0,16,5,47,15,7,4,1,1,6,1,725,523,119,3,5,2,11,0,1,4,3,1,4,9,4,3,50,19,690,499,29,2,2,1,105,81,3,0,1,2,160,1091,426,37,0,0,0,0,4,9,5,1015,413,30,1,0,0,0,20,16,6,0,0,0,0,69,628,881,68,7,784,56,305,427,12,2362,1584,1,333,275,2,3,325,284,0,4,2222,613
2012,99,8,1,338,280,14,2,4,5,0,2,1,340,277,14,2,4,4,0,332,270,11,2,4,4,1,3,2,0,0,1,15,348,264,18,2,0,0,0,2,3,334,266,18,6,0,0,0,3,327,269,17,0,2,0,313,243,30,4,0,5,0,2,6,0,8,3,2,4,0,2,1,0,285,232,51,2,0,5,0,0,1,2,1,3,0,3,0,1,23,9,279,228,13,1,0,1,48,27,2,0,0,1,43,389,231,19,0,0,0,0,0,7,1,369,219,16,1,0,0,0,8,8,2,0,0,0,0,16,261,347,31,9,308,15,135,182,8,905,648,1,112,144,3,3,110,147,2,3,877,262
2012,99,9,1,1042,919,58,8,18,14,1,3,5,1065,903,45,11,17,11,0,1021,888,42,7,12,8,5,6,4,1,3,2,65,1117,837,42,8,0,0,2,12,3,1073,852,50,19,10,0,0,10,999,858,48,0,16,0,936,762,98,17,8,6,0,1,13,14,49,17,10,11,2,9,7,6,890,721,176,11,7,6,14,1,4,9,1,7,3,13,0,3,44,39,862,702,32,5,4,2,125,99,6,1,2,2,214,1311,674,52,0,0,0,0,5,4,9,1195,627,34,4,0,0,0,63,43,2,1,0,0,0,90,887,1127,44,13,1018,70,403,567,13,2926,2073,1,439,411,7,4,421,433,3,4,2793,861
2012,99,10,1,634,522,32,8,10,10,1,3,8,645,513,25,11,8,10,0,618,501,24,6,7,8,3,5,4,0,1,1,40,677,478,27,8,0,0,3,1,6,628,504,33,14,8,0,0,17,596,506,36,0,10,0,547,447,67,12,4,7,1,0,10,4,31,9,6,3,1,5,3,1,537,405,100,7,3,6,6,0,5,2,5,2,1,13,2,2,27,22,520,392,21,5,2,0,74,74,6,2,0,1,125,759,418,29,0,0,0,0,1,5,6,717,393,23,1,0,0,0,23,16,3,2,0,0,0,29,406,660,68,95,578,32,196,328,95,1673,1229,1,316,304,3,3,312,307,3,4,1611,626
2012,99,11,1,276,353,7,3,6,4,1,1,3,282,349,6,3,6,3,0,271,343,5,2,5,3,0,6,0,0,0,1,17,312,320,6,3,0,0,0,2,2,288,330,7,3,2,0,0,5,269,326,9,0,2,0,256,306,19,3,2,2,0,0,2,1,12,5,2,3,0,3,1,1,242,296,44,3,3,0,2,0,0,1,2,2,0,3,0,5,13,7,234,284,6,3,2,0,33,34,0,0,0,0,57,375,261,6,0,0,0,0,2,6,2,350,252,4,1,0,0,0,11,7,0,0,0,0,0,24,336,277,41,3,252,14,120,266,5,933,657,1,98,100,4,1,98,104,1,0,912,203
2012,99,12,1,432,336,13,3,7,4,1,1,1,440,325,10,1,4,2,0,418,317,10,0,3,2,1,3,1,2,0,0,39,471,285,10,7,0,0,3,3,0,435,305,10,8,8,0,0,4,402,300,13,0,12,0,366,266,29,7,3,7,0,5,8,3,28,9,5,3,0,4,1,0,351,241,68,2,2,3,4,0,1,3,3,2,0,4,3,3,28,20,335,230,7,2,2,0,52,45,2,0,2,0,113,537,232,11,0,0,0,0,0,0,2,488,223,9,1,0,0,0,17,7,1,0,0,0,0,50,317,457,23,1,419,13,157,206,3,1202,799,1,186,164,3,1,185,166,2,1,1149,354
2012,99,77,1,172,95,4,1,2,0,0,6,0,172,89,4,0,3,0,0,166,89,4,0,2,0,1,2,0,0,0,0,11,175,82,3,2,0,0,0,6,1,172,83,3,1,3,0,0,0,164,85,3,0,1,0,156,80,6,1,1,0,0,0,0,0,6,1,3,0,1,0,1,0,149,80,10,0,1,0,1,0,0,0,0,0,0,0,1,1,11,2,148,76,3,0,0,0,16,8,0,0,0,0,18,193,71,3,0,0,0,0,0,6,0,182,68,3,0,0,0,0,2,7,0,0,0,0,0,8,118,135,14,0,132,8,54,73,0,0,281,1,15,48,6,2,3,64,2,2,0,71
2012,99,78,1,76,39,1,0,0,2,0,0,4,72,40,1,0,0,2,0,71,38,0,0,0,2,1,0,0,0,0,0,6,24,10,1,1,0,0,0,0,8,21,13,0,1,0,0,0,0,22,12,1,0,0,0,18,11,2,1,0,0,0,0,1,0,0,0,0,0,0,0,1,0,16,12,0,0,0,0,0,0,1,0,0,0,0,1,0,0,0,0,17,10,0,0,0,0,2,2,0,0,0,0,5,26,6,0,0,0,0,0,0,0,13,23,6,0,0,0,0,0,1,0,0,0,0,0,0,2,63,52,7,0,51,0,24,47,0,0,122,1,17,37,2,0,13,42,1,1,0,57
2012,99,79,1,0,0,0,0,0,0,0,0,0,0,0,0,0,0,0,0,0,0,0,0,0,0,0,0,0,0,0,0,0,0,0,0,0,0,0,0,0,1,0,0,0,0,0,0,0,0,0,0,0,0,0,0,0,0,0,0,0,0,0,0,0,0,0,0,0,0,0,0,0,0,0,0,0,0,0,0,0,0,0,0,0,0,0,0,0,0,0,0,0,0,0,0,0,0,0,0,0,0,0,0,0,11,29,1,0,0,0,0,0,0,0,0,27,1,0,0,0,0,6,6,0,0,0,0,0,1,0,0,0,0,0,0,0,0,0,0,1,,,,,,,,,,,
2012,100,1,1,414,390,30,7,12,15,3,2,4,415,384,25,6,11,11,0,400,380,25,6,11,11,1,2,1,1,0,2,30,419,388,31,7,0,0,0,2,2,383,393,34,9,6,0,0,5,390,398,35,0,6,0,349,364,54,11,4,9,0,0,7,2,17,3,10,6,1,4,2,1,336,344,79,9,4,8,5,0,1,4,6,14,1,0,3,1,11,0,327,331,25,2,3,5,47,41,3,4,1,2,79,416,423,29,0,0,0,0,1,2,4,390,398,26,0,0,0,0,15,8,4,0,0,0,0,29,360,478,32,6,386,48,193,239,10,1283,876,1,178,219,1,5,171,230,1,1,1229,403
2012,100,2,1,117,169,8,1,2,3,0,1,2,117,168,8,3,2,2,0,117,168,8,1,2,2,0,1,0,0,0,0,1,120,160,6,2,0,0,0,2,3,106,164,6,2,1,0,0,0,111,162,7,0,1,0,101,154,10,4,1,1,0,0,1,0,2,0,3,1,0,0,0,2,100,147,20,3,1,1,0,0,0,0,1,0,1,0,0,0,5,1,98,145,6,1,1,1,7,13,0,0,0,0,25,125,171,5,0,0,0,0,0,1,0,123,170,5,0,0,0,0,1,1,0,0,0,0,0,2,141,138,21,3,100,12,42,147,2,426,303,1,39,63,1,0,36,64,3,0,420,103
2012,100,3,1,198,195,2,3,2,2,0,0,3,197,192,2,2,2,1,0,194,192,2,3,2,2,1,1,0,0,0,0,5,196,188,6,3,0,0,0,1,3,186,193,6,2,2,0,0,0,194,189,6,0,2,0,169,179,15,3,1,3,0,0,0,1,8,1,3,0,0,1,2,1,164,179,20,2,1,5,1,0,2,0,3,3,0,0,0,1,6,1,160,174,5,2,1,1,23,17,0,0,0,0,18,183,212,2,0,0,0,0,0,3,2,176,205,1,0,0,0,0,2,1,0,0,0,0,0,15,188,188,27,2,182,8,78,134,3,526,405,1,70,51,1,0,70,52,0,0,499,122
2012,100,4,1,451,374,27,2,4,6,1,6,4,456,369,18,3,3,7,0,438,360,18,1,3,5,2,2,1,1,1,1,32,464,368,19,5,0,0,0,2,2,405,385,24,5,6,0,0,3,429,385,20,0,6,0,382,324,38,12,5,5,0,0,7,6,17,4,13,12,2,1,0,8,358,317,75,7,3,2,7,1,2,3,1,11,0,0,2,3,26,1,345,299,12,1,3,0,59,48,6,1,0,0,96,402,447,18,0,0,0,0,1,3,3,379,417,16,0,0,0,0,14,13,1,0,0,0,0,29,360,483,27,5,410,31,166,266,2,1190,875,1,218,181,1,1,207,193,0,1,1141,401
2012,100,5,1,732,812,49,18,18,14,3,6,6,767,800,33,16,12,6,0,711,774,33,12,12,5,7,15,4,4,2,4,67,773,747,49,18,0,0,1,8,10,660,806,47,21,17,0,0,10,700,785,50,0,17,0,611,655,110,27,14,16,0,0,19,2,33,5,5,16,5,9,5,22,588,642,164,20,8,4,15,0,4,6,3,42,2,0,7,9,40,1,559,598,34,9,8,5,95,124,8,1,4,2,195,669,946,27,0,0,0,0,8,3,4,623,884,23,0,0,0,0,29,29,11,0,0,0,0,54,710,895,43,11,746,69,415,412,17,2219,1660,1,334,419,4,1,333,421,4,1,2097,759
2012,100,6,1,472,387,22,6,3,10,1,4,2,492,386,15,3,2,6,1,462,366,15,4,2,6,2,5,3,0,0,0,42,474,385,18,5,0,0,0,7,9,418,404,16,8,4,0,0,12,432,410,22,0,5,0,382,337,40,9,2,4,0,0,11,2,21,1,8,15,5,5,3,7,376,340,66,4,1,1,7,0,0,4,3,14,2,0,4,4,24,4,351,314,15,1,1,0,60,52,3,1,1,0,99,401,497,6,0,0,0,0,0,4,2,369,465,6,0,0,0,0,12,9,4,0,0,0,0,43,371,513,24,6,460,30,163,251,10,1173,914,1,150,170,0,3,153,167,0,3,1075,323
2012,100,7,1,447,499,12,8,3,6,1,1,4,450,489,8,8,2,6,0,427,484,7,7,2,5,0,5,0,0,0,0,44,435,470,12,5,0,0,3,11,14,394,487,10,6,5,0,0,6,415,485,10,0,4,0,362,436,25,8,3,1,3,0,8,5,16,0,10,6,6,4,3,12,357,430,44,4,3,0,4,0,1,4,1,14,2,0,2,6,27,4,344,416,8,3,3,0,44,48,1,1,0,0,92,459,505,10,0,0,0,0,0,1,6,432,473,8,0,0,0,0,12,17,0,0,0,0,0,37,476,435,65,10,424,23,191,338,10,1531,987,1,146,178,0,0,143,180,10,0,1477,324
2012,100,8,1,504,534,9,3,3,6,0,2,5,512,518,10,2,3,4,0,490,512,8,2,2,4,3,2,1,0,1,0,34,522,497,8,3,0,0,0,8,9,472,520,9,2,5,0,0,2,493,503,10,0,6,0,435,483,29,3,4,1,0,0,11,1,23,2,4,5,2,1,2,2,431,468,51,3,3,1,1,0,1,4,2,5,0,1,0,3,24,2,420,459,8,2,2,1,49,31,1,0,0,0,78,551,503,0,0,0,0,0,5,3,3,528,483,0,0,0,0,0,6,5,0,0,0,0,0,40,496,523,42,7,461,22,189,381,15,1473,1068,1,184,178,0,1,176,183,3,1,1436,363
2012,100,9,1,384,305,15,2,2,5,0,3,2,390,301,12,2,0,5,0,381,300,12,2,0,5,2,2,0,0,0,0,9,386,289,21,7,0,0,0,2,1,350,302,20,6,4,0,0,2,362,302,23,0,4,0,321,264,42,10,2,0,2,0,7,1,15,2,6,1,0,2,1,3,319,257,56,8,2,3,3,0,1,0,1,7,0,1,0,2,17,1,307,249,18,4,2,0,36,36,1,0,0,0,61,327,375,11,0,0,0,0,0,2,1,322,365,10,0,0,0,0,5,1,0,0,0,0,0,12,306,378,27,7,348,10,137,145,78,968,718,1,159,126,2,1,152,134,0,2,935,288
2012,100,10,1,645,636,34,9,11,14,1,4,8,668,610,28,12,9,11,0,631,595,27,7,7,10,4,13,4,1,1,2,49,667,587,36,11,0,0,0,4,11,582,622,39,13,8,0,0,8,616,614,38,0,5,0,528,539,85,14,5,5,3,0,14,5,45,1,7,10,0,9,3,9,502,517,129,8,2,3,17,0,2,4,2,22,1,1,3,6,47,5,488,484,26,4,2,1,81,89,1,2,0,2,168,644,681,19,0,0,0,0,4,4,7,623,653,18,0,0,0,0,9,5,2,0,0,0,0,42,560,742,54,7,617,64,302,354,26,1919,1363,1,227,295,3,1,230,293,2,1,1811,526
2012,100,11,1,186,157,1,1,1,2,0,0,1,186,153,0,4,1,2,0,182,150,0,1,1,2,1,2,0,1,0,0,8,194,139,2,2,0,0,0,2,3,174,147,1,4,4,0,0,4,183,143,1,0,2,0,163,132,9,1,3,2,0,0,2,1,5,1,1,3,1,0,1,4,160,128,15,1,3,2,6,0,0,1,0,2,1,0,0,0,10,3,155,122,1,1,2,1,14,17,0,1,0,0,30,194,150,0,0,0,0,0,2,1,1,185,144,0,0,0,0,0,5,1,0,0,0,0,0,12,165,175,7,2,175,8,55,111,0,490,349,1,49,51,1,2,50,50,1,2,460,103
2012,100,77,1,58,52,6,0,0,1,0,1,3,58,51,6,0,0,1,0,57,51,6,0,0,1,0,0,0,0,0,0,2,60,45,6,1,0,0,0,0,2,54,48,7,0,0,0,0,0,57,45,8,0,0,0,49,42,8,1,0,0,0,0,0,1,2,0,4,1,1,1,0,1,45,43,10,0,0,0,0,0,1,0,0,3,0,0,1,0,11,1,45,41,6,0,0,0,8,4,0,0,0,0,13,59,50,7,0,0,0,0,1,0,1,52,48,7,0,0,0,0,3,2,0,0,0,0,0,7,61,53,4,3,44,8,23,38,8,0,121,1,3,21,0,0,0,24,0,0,0,24
2012,100,78,1,30,24,2,0,0,0,0,0,0,30,22,2,1,0,0,0,28,22,2,0,0,0,0,1,0,0,0,0,3,8,7,1,0,0,0,0,0,0,6,9,1,0,0,0,0,0,6,9,1,0,0,0,6,7,1,0,0,0,0,0,1,0,0,0,0,0,0,0,0,0,6,7,1,0,0,0,0,0,0,0,0,0,0,0,0,0,0,0,6,7,1,0,0,0,0,0,0,0,0,0,2,5,7,0,0,0,0,0,0,0,0,5,7,0,0,0,0,0,0,0,0,0,0,0,0,0,25,27,4,0,23,5,10,17,1,0,56,1,17,11,1,1,7,23,0,0,0,30
2012,100,79,1,1,0,0,0,0,0,0,0,0,1,0,0,0,0,0,0,1,0,0,0,0,0,0,0,0,0,0,0,0,0,0,0,0,0,0,0,0,0,0,0,0,0,0,0,0,0,0,0,0,0,0,0,0,0,0,0,0,0,0,0,0,0,0,0,0,0,0,0,0,0,0,0,0,0,0,0,0,0,0,0,0,0,0,0,0,0,0,0,0,0,0,0,0,0,0,0,0,0,0,0,0,0,0,0,0,0,0,0,0,0,0,0,0,0,0,0,0,0,0,0,0,0,0,0,0,0,0,0,0,0,0,0,0,0,0,0,1,,,,,,,,,,,
2012,101,1,1,659,684,47,10,6,6,1,3,3,676,670,35,11,7,3,0,644,661,34,7,7,2,6,7,5,2,0,0,41,636,676,47,11,0,0,1,9,10,621,588,47,16,12,0,0,3,590,678,52,0,11,0,563,625,77,16,10,3,1,0,23,6,6,8,2,9,6,5,1,2,544,593,111,12,8,4,6,1,3,6,0,3,3,13,27,3,2,23,530,573,35,5,8,2,55,84,2,5,0,1,105,521,840,37,0,0,0,0,0,5,6,510,792,36,1,0,0,0,18,11,9,1,0,0,0,39,614,727,67,14,587,68,324,429,14,1984,1422,1,261,346,5,2,273,337,3,1,1894,614
2012,101,2,1,602,682,27,8,4,4,1,4,3,611,673,23,8,6,3,0,591,667,23,6,4,2,2,7,2,0,0,0,29,572,665,26,4,0,0,1,7,8,567,684,25,4,2,0,0,5,533,678,27,0,5,0,513,612,43,7,3,4,2,0,18,8,5,16,1,9,5,3,3,1,485,576,82,2,4,4,6,0,2,7,0,1,0,9,42,8,3,27,467,566,22,2,1,3,62,75,1,0,0,1,125,443,864,13,0,0,0,0,1,8,4,432,815,10,0,0,0,0,11,15,2,0,0,0,0,43,640,613,72,15,557,39,296,397,51,2053,1340,1,209,233,5,1,208,238,1,1,1988,448
2012,101,3,1,312,298,24,5,6,14,1,0,6,331,289,17,4,3,15,0,306,282,17,1,2,12,2,4,4,0,1,0,31,309,296,26,4,0,0,1,1,7,307,311,26,7,3,0,0,1,275,305,27,0,2,0,258,250,49,7,2,8,1,0,17,5,5,12,1,3,1,0,1,4,240,222,78,7,11,4,6,0,1,9,0,4,1,16,22,4,4,7,236,218,19,2,1,1,38,55,3,1,1,0,85,237,407,17,0,0,0,0,1,1,2,236,376,16,0,0,0,0,13,4,2,1,0,0,0,17,273,376,16,3,320,40,172,129,7,857,668,1,140,148,1,0,135,154,0,0,813,289
2012,101,4,1,251,328,7,4,2,5,0,2,2,256,325,4,4,2,4,0,247,322,3,4,2,4,0,1,1,0,0,0,14,235,336,3,5,0,0,1,3,1,237,338,5,5,2,0,0,0,221,333,5,0,4,0,216,310,14,8,1,0,0,0,8,1,6,2,1,4,0,0,0,0,203,293,33,3,0,1,2,0,1,3,0,3,0,2,11,0,0,11,201,283,3,3,0,0,16,40,1,0,0,0,51,181,409,4,0,0,0,0,0,0,4,176,388,3,0,0,0,0,5,6,1,0,0,0,0,19,299,272,26,5,233,10,143,199,17,830,602,1,97,103,2,0,91,109,2,0,790,202
2012,101,77,1,40,35,2,0,0,0,0,3,5,38,33,2,0,0,0,0,38,33,2,0,0,0,0,0,0,0,0,0,4,31,38,2,0,0,0,0,6,4,32,37,2,0,0,0,0,0,32,38,2,0,0,0,31,36,2,0,0,0,0,0,1,0,0,0,0,0,0,0,0,0,31,35,3,0,0,0,0,0,0,1,0,1,0,1,0,0,0,0,29,35,2,0,0,0,1,1,0,0,0,0,6,28,43,2,0,0,0,0,0,6,4,28,40,2,0,0,0,0,1,1,0,0,0,0,0,6,46,28,10,1,27,6,13,39,0,0,85,1,4,11,1,1,2,13,1,1,0,17
2012,101,78,1,9,8,0,0,0,0,0,0,0,10,7,0,0,0,0,0,9,6,0,0,0,0,0,0,0,0,0,0,2,3,2,0,0,0,0,0,0,0,4,4,0,0,0,0,0,0,4,3,0,0,0,0,3,2,0,0,0,0,0,0,0,0,0,0,0,0,0,0,0,0,3,2,0,0,0,0,0,0,0,0,0,0,0,0,0,0,0,1,3,2,0,0,0,0,0,0,0,0,0,0,3,3,4,0,0,0,0,0,0,0,0,3,4,0,0,0,0,0,0,0,0,0,0,0,0,0,10,7,1,0,7,0,6,5,0,0,17,1,10,10,0,0,6,14,0,0,0,20
2012,102,1,1,314,261,2,1,2,1,1,1,4,311,256,2,2,3,1,0,304,254,2,1,2,1,0,2,0,0,0,0,16,322,248,3,0,0,0,0,3,3,289,257,4,1,2,0,0,0,303,254,4,0,0,0,277,242,12,2,0,0,0,0,9,2,4,2,3,3,0,0,1,2,272,213,28,1,0,2,7,0,1,4,1,3,0,2,11,2,1,4,265,208,2,1,0,0,18,33,1,0,0,0,53,253,329,2,0,0,0,0,0,1,2,247,308,1,0,0,0,0,7,1,0,0,0,0,0,20,254,297,29,7,285,12,107,159,24,795,587,1,119,106,2,2,123,102,1,3,786,229
2012,102,2,1,152,139,3,0,1,0,0,0,0,154,138,2,0,1,0,0,151,137,2,0,1,0,0,1,0,0,0,0,4,150,130,6,0,0,0,0,1,2,140,134,6,1,2,0,0,1,147,131,6,0,2,0,138,123,9,1,2,1,0,0,4,0,0,3,0,0,1,0,0,0,134,115,17,0,2,1,3,0,0,2,0,0,0,0,4,1,0,1,133,113,4,0,1,1,7,14,2,0,0,0,18,128,165,0,0,0,0,0,1,1,1,123,161,0,0,0,0,0,1,2,1,0,0,0,0,6,121,138,36,1,143,10,61,82,0,430,296,1,64,43,1,1,66,41,1,1,421,109
2012,102,3,1,777,724,57,8,7,17,1,1,7,807,701,46,10,7,10,0,757,684,42,6,5,13,4,19,6,1,0,0,60,774,715,56,0,0,0,0,5,9,697,735,50,13,9,0,0,2,742,720,53,0,12,0,677,620,99,16,7,12,0,0,31,8,3,11,1,7,6,4,2,6,622,582,159,5,3,9,18,0,2,9,3,7,1,14,45,6,3,21,611,567,38,2,1,2,77,103,3,0,1,2,183,544,1019,29,0,0,0,0,1,6,3,530,933,24,1,0,0,0,26,24,4,2,0,0,0,53,713,845,37,9,770,83,380,354,17,2161,1604,1,295,378,0,3,291,382,1,2,2057,676
2012,102,4,1,1006,984,67,11,14,18,1,5,7,1033,972,55,10,11,14,1,986,946,48,7,9,12,4,13,13,3,3,0,59,1001,954,70,0,0,0,0,11,13,905,975,64,20,14,0,0,4,956,984,64,0,13,0,872,855,121,14,11,7,0,1,42,10,20,15,4,8,4,5,5,4,812,791,200,11,8,4,12,1,4,4,5,4,2,17,52,8,2,41,791,771,58,7,6,1,113,145,4,2,1,0,194,701,1349,31,0,0,0,0,0,6,11,677,1229,30,3,0,0,0,27,39,8,0,0,0,0,85,870,1160,67,18,974,98,494,537,12,2750,2115,1,564,531,6,3,534,564,5,1,2679,1104
2012,102,5,1,596,491,33,2,2,5,0,0,2,600,473,27,5,2,6,0,570,467,24,2,1,5,4,7,5,1,0,0,44,596,480,26,0,0,0,0,3,2,532,492,24,10,7,0,0,1,559,488,24,0,8,0,504,449,52,6,3,4,0,0,32,4,2,16,1,4,4,4,1,1,491,416,86,7,1,4,5,0,2,3,2,0,2,8,41,4,0,17,464,400,19,1,1,1,64,64,2,2,0,0,111,454,652,17,0,0,0,0,0,6,3,435,608,15,0,0,0,0,12,13,2,2,0,0,0,38,447,625,46,16,552,47,268,250,17,1528,1134,1,214,216,8,1,218,215,2,4,1476,439
2012,102,6,1,219,215,6,2,2,3,0,3,5,222,207,5,5,1,3,0,213,205,3,1,1,2,3,1,2,0,0,0,16,221,203,3,0,0,0,0,6,4,199,207,3,8,2,0,0,0,209,207,4,0,2,0,191,190,10,4,2,5,0,0,7,4,1,3,0,0,0,0,2,0,182,183,25,1,2,2,3,0,2,3,0,1,0,1,10,1,1,8,178,175,0,0,1,2,19,26,2,3,0,0,39,153,295,1,0,0,0,0,0,2,1,148,268,1,1,0,0,0,7,5,1,1,0,0,0,20,203,206,39,7,183,11,64,190,7,624,455,1,74,67,2,2,68,71,5,1,611,145
2012,102,7,1,469,460,14,3,6,3,0,2,2,475,448,12,3,5,4,0,459,444,12,3,4,3,1,5,0,0,0,0,23,494,418,15,0,0,0,0,6,2,431,441,14,6,1,0,0,0,450,443,14,0,1,0,418,421,30,4,0,2,4,0,14,2,4,5,0,0,4,1,2,1,392,393,50,4,1,2,5,0,3,0,1,2,3,0,21,2,3,12,382,384,12,1,0,1,36,39,1,3,0,1,89,333,607,8,0,0,0,0,0,2,4,319,565,8,1,0,0,0,11,11,0,1,0,0,0,36,432,445,67,14,414,19,170,339,16,1345,958,1,143,222,8,1,149,222,2,1,1318,374
2012,102,8,1,1331,1358,75,14,7,26,2,8,8,1358,1335,68,12,6,18,1,1308,1315,62,7,5,18,1,13,7,1,1,4,76,1291,1344,88,0,0,0,1,17,15,1187,1363,85,22,9,0,0,1,1242,1342,95,0,8,0,1121,1223,155,24,5,8,4,0,56,16,9,25,7,5,8,3,2,5,1057,1138,252,13,4,9,16,0,7,7,1,7,1,18,58,6,1,59,1036,1122,70,5,1,2,130,164,13,0,1,1,258,920,1841,39,0,0,0,0,5,7,12,887,1701,36,7,0,0,0,40,42,10,0,0,0,0,88,1252,1492,72,20,1262,111,684,753,26,3732,2835,1,567,609,2,4,553,625,2,2,3577,1182
2012,102,9,1,270,235,10,3,1,1,0,0,4,277,230,6,1,1,1,0,266,228,7,2,1,1,0,2,1,0,0,0,17,259,242,11,0,0,0,0,1,0,245,245,12,4,1,0,0,0,260,234,13,0,3,0,234,222,22,5,0,2,0,0,7,2,5,3,0,1,2,0,1,5,217,207,41,2,0,2,9,0,1,2,0,1,0,5,10,2,0,6,214,205,9,1,0,1,23,22,1,1,0,0,51,157,362,2,0,0,0,0,0,1,5,145,333,2,0,0,0,0,11,10,0,0,0,0,0,23,227,291,8,3,233,14,94,184,4,947,529,1,59,78,0,0,66,70,1,0,893,137
2012,102,10,1,664,608,46,13,10,20,0,0,6,694,591,38,14,5,14,0,652,578,34,8,4,11,7,16,7,2,0,2,43,644,627,50,0,0,0,1,1,3,575,647,50,22,13,0,0,1,628,629,46,0,12,0,565,543,83,24,5,14,0,0,29,8,10,9,2,8,3,3,3,6,514,502,127,15,3,13,11,0,5,15,0,0,4,13,40,3,2,36,496,487,36,7,2,3,75,101,3,2,2,2,150,502,822,34,0,0,0,0,1,1,4,490,744,29,2,0,0,0,21,32,0,3,0,0,0,45,534,800,26,10,683,60,335,279,13,1858,1370,1,276,296,0,2,289,283,0,2,1714,574
2012,102,11,1,277,444,10,2,2,4,0,3,7,282,436,6,4,1,4,0,263,426,6,2,1,3,3,9,2,0,1,0,24,284,414,10,0,0,0,0,6,9,235,448,9,6,3,0,0,0,263,427,8,0,4,0,237,419,17,7,2,1,0,0,16,4,1,2,0,2,0,1,0,2,218,377,41,4,1,2,11,0,0,0,2,7,1,5,30,5,1,9,214,364,6,2,1,1,19,57,1,2,1,0,67,189,548,4,0,0,0,0,0,2,2,178,524,4,1,0,0,0,5,4,0,0,0,0,0,30,397,281,70,2,263,18,166,295,8,941,750,1,89,111,3,0,86,114,3,0,904,203
2012,102,12,1,1205,1513,62,18,17,27,3,12,13,1234,1489,53,15,12,17,1,1181,1467,51,11,10,15,10,21,5,2,0,4,76,1164,1504,77,0,0,0,2,13,11,1045,1535,79,19,18,0,0,4,1116,1526,83,0,15,0,1025,1371,137,20,10,19,2,1,47,19,11,28,1,10,5,3,1,7,975,1295,218,11,7,10,18,1,4,18,3,8,1,22,64,13,3,56,932,1259,51,3,6,5,117,179,12,3,1,3,278,756,2041,38,0,0,0,0,2,12,13,739,1916,34,3,0,0,0,35,27,5,1,0,0,0,103,1341,1389,126,22,1149,101,723,862,43,3936,2878,1,461,607,6,6,449,621,8,2,3712,1080
2012,102,13,1,412,263,5,4,2,2,0,1,4,424,243,6,4,2,2,0,403,241,5,4,2,2,1,9,0,0,0,0,25,431,235,9,0,0,0,0,2,3,374,238,8,6,2,0,0,0,397,247,8,0,3,0,360,230,19,3,2,1,0,0,10,0,4,7,5,4,3,0,2,2,332,201,52,2,2,1,3,0,2,3,0,8,0,3,28,0,1,7,325,194,6,2,1,0,35,41,0,0,0,0,88,324,358,2,0,0,0,0,0,2,4,310,331,2,2,0,0,0,11,4,1,1,0,0,0,29,267,398,28,4,364,17,136,172,8,1051,697,1,131,97,0,0,129,99,0,0,1009,228
2012,102,14,1,667,522,14,10,6,10,1,4,12,678,513,14,9,5,3,1,645,502,13,8,5,3,6,6,1,0,0,4,40,651,497,22,0,0,0,1,10,9,600,518,20,16,6,0,0,1,619,510,19,0,10,0,575,478,51,17,5,1,1,0,24,4,4,7,2,3,6,3,3,4,537,450,89,15,3,2,19,0,3,4,5,4,1,7,26,3,2,12,525,431,13,9,1,0,56,60,2,1,2,1,129,416,795,7,0,0,0,0,1,8,10,397,723,7,2,0,0,0,24,11,0,2,0,0,0,63,478,682,77,9,605,25,235,374,7,1722,1249,1,232,186,6,2,228,189,5,4,1641,426
2012,102,15,1,441,556,21,8,1,9,1,3,5,437,551,17,9,2,9,1,424,546,17,7,1,7,2,3,0,1,0,1,28,436,540,25,0,0,0,0,9,3,380,569,20,11,6,0,0,2,398,559,25,0,7,0,373,500,50,14,3,7,0,0,9,3,6,5,2,1,0,1,0,2,348,468,84,12,2,3,15,0,1,9,1,1,1,7,25,2,0,12,337,455,18,3,1,1,36,82,1,2,1,1,94,283,730,15,0,0,0,0,1,1,4,272,689,15,3,0,0,0,6,10,1,0,0,0,0,42,511,478,50,5,405,42,287,307,3,1459,1044,1,201,242,1,2,193,246,5,2,1370,446
2012,102,16,1,175,151,7,1,3,2,1,3,3,175,150,6,1,5,2,0,170,147,4,1,3,2,0,3,1,0,0,0,9,174,151,8,0,0,0,1,1,3,158,158,5,3,2,0,0,0,165,154,6,0,3,0,148,140,12,5,1,1,0,0,2,4,3,2,0,2,0,1,1,1,143,129,22,5,1,2,6,0,0,0,0,5,0,2,10,0,0,2,142,125,3,1,0,1,11,25,1,1,0,0,32,118,220,3,0,0,0,0,0,2,2,118,208,3,1,0,0,0,7,2,0,0,0,0,0,3,118,211,13,4,177,10,60,89,10,406,346,1,70,70,2,0,74,66,2,0,402,142
2012,102,77,1,143,100,3,2,3,3,0,2,4,140,100,2,0,3,2,0,138,98,1,0,2,1,0,1,1,0,0,1,11,143,94,3,0,0,0,0,3,2,134,101,1,2,1,0,0,0,136,100,1,0,1,0,127,93,5,1,2,1,0,0,5,0,0,0,3,0,2,1,0,0,121,87,5,2,1,0,1,0,0,3,0,3,0,10,14,1,0,2,114,86,1,0,1,0,19,8,0,0,0,1,21,116,128,0,0,0,0,0,0,4,4,112,122,0,0,0,0,0,0,4,0,0,0,0,0,14,126,118,10,4,106,4,46,100,2,0,260,1,18,51,1,0,2,67,1,0,0,70
2012,102,78,1,62,46,4,1,0,1,0,0,0,64,46,3,0,0,0,0,59,45,2,0,0,0,1,0,0,0,0,0,7,19,23,2,0,0,0,0,0,9,21,28,2,0,0,0,0,0,23,28,2,0,0,0,14,22,3,0,0,0,0,0,1,1,0,0,0,0,0,0,0,0,13,20,5,1,0,0,0,0,0,0,0,0,0,0,2,0,0,1,13,19,2,0,0,0,2,4,0,0,0,0,18,15,32,0,0,0,0,0,0,0,19,11,30,0,0,0,0,0,0,0,0,0,0,0,0,7,49,59,6,0,59,3,26,25,1,0,112,1,26,53,4,0,21,58,4,0,0,83
2012,102,79,1,0,0,0,0,0,0,0,0,0,0,0,0,0,0,0,0,0,0,0,0,0,0,0,0,0,0,0,0,0,0,0,0,0,0,0,0,0,2,0,1,0,0,0,0,0,0,0,1,0,0,0,0,0,0,0,0,0,0,0,0,0,0,0,0,0,0,0,0,0,0,0,0,0,0,0,0,0,0,0,0,0,0,0,0,0,0,0,0,0,0,0,0,0,0,0,1,0,0,0,0,0,0,0,0,0,0,0,0,0,0,1,0,0,0,0,0,0,0,0,0,0,0,0,0,0,0,0,0,0,0,0,0,0,0,0,0,0,,,,,,,,,,,
2012,103,1,1,873,769,49,12,7,11,2,6,15,890,740,43,14,6,8,1,833,719,42,10,6,5,9,18,1,1,0,3,73,841,748,54,0,0,0,0,20,20,857,695,54,14,8,0,0,0,793,697,55,0,15,0,726,607,101,15,4,5,1,0,1,10,4,2,4,13,18,2,55,14,678,588,163,9,4,2,11,0,1,4,83,18,3,0,0,4,1,7,655,547,46,6,3,0,126,114,6,2,1,0,197,882,760,36,0,0,0,0,24,8,22,813,694,34,0,0,0,0,36,32,6,0,0,0,0,107,767,870,92,23,779,55,468,432,18,2862,1752,1,244,345,3,3,235,351,4,5,2789,595
2012,103,2,1,543,369,16,0,3,6,1,5,4,553,351,12,4,2,3,0,529,346,12,0,2,3,5,8,1,0,0,0,36,527,351,13,0,0,0,2,9,3,539,334,14,4,3,0,0,0,503,333,12,0,3,0,446,276,41,3,2,5,1,0,2,4,4,0,3,3,16,0,42,11,434,268,66,3,1,4,3,0,1,2,43,16,0,0,0,5,4,4,413,256,9,0,1,4,71,60,3,1,0,0,121,592,315,11,0,0,0,0,14,4,5,554,293,10,0,0,0,0,18,13,2,0,0,0,0,53,371,513,61,6,448,32,203,260,8,1444,951,1,120,129,2,1,115,134,1,2,1410,252
2012,103,3,1,711,510,11,4,4,7,1,5,18,710,503,9,5,2,3,1,676,486,7,3,2,2,7,9,1,0,0,1,57,723,477,11,0,0,0,1,17,18,687,454,17,5,6,0,0,2,656,460,14,0,7,0,620,420,39,5,3,0,1,0,1,5,5,6,0,7,11,4,22,4,601,411,68,4,2,2,9,0,1,4,37,7,1,0,0,3,1,5,580,386,10,1,1,0,66,55,2,1,2,0,135,754,400,37,0,0,0,0,31,7,23,688,362,23,0,0,0,0,32,29,7,0,0,0,0,103,534,622,109,9,600,24,244,395,11,1881,1274,1,214,218,5,5,205,226,5,6,1830,442
2012,103,4,1,957,334,13,3,2,1,4,6,14,948,324,12,3,1,2,1,918,312,11,2,1,0,5,2,0,0,1,0,67,931,316,10,0,0,0,1,11,18,925,302,10,8,5,0,0,0,891,298,13,0,8,0,820,254,36,3,2,2,0,0,1,4,3,1,5,6,15,2,38,4,796,244,68,5,2,5,6,0,2,2,54,11,0,0,0,1,3,0,769,227,9,3,1,0,111,44,2,0,0,0,146,882,323,14,0,0,0,0,81,7,15,837,301,9,0,0,0,0,31,18,8,0,0,0,0,121,372,842,110,16,863,21,191,253,12,2048,1339,1,215,132,6,1,217,135,0,2,1955,354
2012,103,5,1,515,329,8,1,4,2,1,6,4,515,325,5,1,3,1,0,498,320,5,1,3,1,2,1,1,0,1,0,29,515,315,8,0,0,0,0,5,4,502,301,10,3,7,0,0,0,470,303,9,0,6,0,433,270,25,1,2,3,0,0,1,2,0,0,2,4,9,2,29,4,417,258,48,0,2,0,4,0,0,3,44,6,3,1,1,1,0,2,405,247,7,0,2,0,57,40,0,0,0,1,104,528,288,7,0,0,0,0,26,4,8,468,261,6,0,0,0,0,55,29,1,0,0,0,0,40,315,474,70,13,449,18,165,235,5,1384,872,1,178,138,6,0,159,158,3,2,1335,322
2012,103,6,1,1165,1269,66,12,14,41,0,6,8,1215,1297,57,13,11,26,0,1149,1216,54,7,8,23,5,18,1,0,1,7,85,1055,1352,70,0,0,0,2,11,11,1122,1230,84,19,13,0,0,1,1046,1242,81,0,15,0,977,1093,143,18,8,30,1,0,4,9,7,4,2,31,21,9,62,23,912,1037,244,9,8,14,18,2,2,8,94,42,0,1,3,14,2,7,874,992,59,4,6,7,153,172,6,3,2,2,287,1328,1152,61,0,0,0,0,14,12,11,1275,1115,56,0,0,0,0,13,27,0,0,0,0,0,78,1182,1310,70,26,1098,99,672,699,20,3381,2588,1,511,676,2,1,491,693,5,1,3255,1190
2012,103,7,1,523,374,11,3,10,4,0,4,4,529,360,6,5,12,3,0,513,357,7,3,10,3,0,5,1,0,1,0,34,529,351,12,0,0,0,0,7,9,506,347,16,3,8,0,0,0,490,349,16,0,8,0,449,316,29,5,7,2,0,0,0,3,2,1,3,9,9,1,24,9,428,309,54,0,7,2,12,0,1,5,29,8,0,1,6,1,0,0,407,285,11,0,4,1,72,51,2,1,2,1,89,425,492,5,0,0,0,0,1,6,4,405,447,5,0,0,0,0,13,23,0,0,0,0,0,39,392,480,54,16,450,16,183,286,7,1407,942,1,100,127,3,0,100,129,1,0,1326,230
2012,103,8,1,658,390,31,6,8,7,0,2,5,672,379,22,9,7,6,0,644,369,21,6,5,6,5,8,2,0,0,1,36,607,437,22,0,0,0,0,8,6,610,415,21,4,6,0,0,0,587,414,21,0,6,0,514,362,42,9,4,5,0,0,1,2,1,1,3,6,25,6,34,13,490,350,90,3,3,3,6,0,2,4,41,13,0,1,1,6,4,2,465,331,17,1,2,1,99,56,1,2,1,0,120,685,368,28,0,0,0,0,10,7,9,625,339,22,0,0,0,0,28,21,2,0,0,0,0,58,405,637,56,12,561,41,228,274,6,1621,1110,1,194,175,1,1,200,162,2,0,1527,371
2012,103,9,1,823,438,15,5,5,8,1,11,8,830,421,14,5,4,2,0,797,407,14,3,5,0,7,10,1,2,0,3,46,799,427,14,0,0,0,0,11,11,811,408,14,6,2,0,0,0,785,400,15,0,3,0,701,360,49,5,2,3,1,0,0,1,1,1,1,8,13,3,39,10,667,355,80,3,4,1,9,0,2,3,50,14,2,1,2,2,2,0,646,403,10,0,1,1,113,51,3,1,1,0,134,879,368,12,0,0,0,0,28,6,15,825,347,12,0,0,0,0,34,15,1,0,0,0,0,60,498,709,91,18,667,28,223,386,12,2005,1316,1,236,194,7,6,223,208,5,7,1933,443
2012,103,77,1,84,37,1,0,0,1,0,4,2,84,36,1,0,0,1,0,81,34,1,0,0,1,0,0,0,0,0,0,6,78,34,3,0,0,0,0,6,2,83,32,1,1,1,0,0,0,80,32,2,0,0,0,70,29,2,1,0,0,1,0,0,0,0,0,1,0,4,0,1,3,66,25,4,0,0,1,0,0,0,2,16,0,0,0,0,0,0,0,65,24,0,0,0,0,10,9,2,0,0,0,11,88,30,1,0,0,0,0,0,5,0,84,30,1,0,0,0,0,1,0,0,0,0,0,0,6,62,62,4,0,51,3,25,49,0,0,129,1,16,43,5,0,11,51,2,0,0,64
2012,103,78,1,27,24,3,0,0,0,0,0,2,28,23,2,1,0,0,0,25,23,2,0,0,0,1,1,1,0,0,0,2,7,7,0,0,0,0,0,0,0,8,8,1,0,1,0,0,0,8,8,1,0,0,0,6,7,2,0,0,1,0,0,0,0,0,0,0,0,1,0,0,0,5,6,2,0,0,0,0,0,0,0,2,0,0,0,0,0,0,0,5,5,0,0,0,0,1,1,0,0,0,0,8,7,5,0,0,0,0,0,2,0,0,7,5,0,0,0,0,0,0,0,0,0,0,0,0,2,29,23,3,2,14,3,22,17,1,0,57,1,13,17,0,0,5,25,0,0,0,30
2012,104,1,1,369,302,15,2,2,7,0,0,3,372,301,16,1,1,4,0,359,292,13,1,1,4,2,2,1,0,0,0,23,360,283,26,0,0,0,0,4,0,360,288,28,4,2,0,0,0,341,299,26,0,1,0,318,254,39,6,1,6,0,0,16,3,3,1,2,4,0,3,2,9,310,245,55,3,1,2,7,0,2,2,0,8,0,0,20,3,1,2,298,233,19,1,1,2,40,39,2,1,0,0,61,420,242,24,0,0,0,5,7,2,1,401,232,22,0,0,0,0,6,7,1,0,0,0,0,21,294,368,33,6,307,29,165,194,6,921,701,1,144,161,1,0,139,165,1,1,891,306
2012,104,2,1,428,528,18,5,6,7,0,2,3,446,511,13,5,4,6,1,421,504,12,3,4,5,2,13,0,0,0,2,28,422,505,21,0,0,0,0,5,5,414,507,25,9,7,0,0,1,392,519,24,0,8,0,369,445,47,8,3,10,1,0,21,4,5,3,2,11,3,5,6,9,337,444,72,3,4,5,11,0,1,7,1,21,0,0,26,3,0,6,332,428,13,1,2,2,57,47,6,2,1,5,94,495,464,10,0,0,0,13,3,1,7,474,444,8,1,0,0,0,7,11,2,0,0,0,0,43,481,467,43,8,402,21,219,332,25,1331,999,1,189,204,7,0,191,203,3,3,1295,400
2012,104,3,1,686,766,33,6,7,10,2,1,5,710,751,26,5,5,6,1,679,739,23,3,4,5,1,11,4,1,1,1,36,678,714,43,0,0,0,0,6,5,687,732,36,9,6,0,0,0,638,730,38,0,7,0,583,636,77,12,3,6,2,0,34,1,16,2,2,30,3,3,6,13,556,653,112,3,2,5,19,0,5,2,1,25,2,0,54,5,0,2,543,601,31,1,2,1,83,82,6,3,1,2,148,805,660,24,0,0,0,10,0,3,8,758,635,22,3,0,0,0,7,18,3,0,0,0,0,59,735,697,70,14,586,67,377,481,5,2117,1517,1,250,328,4,1,239,340,3,1,2035,583
2012,104,4,1,409,476,21,4,4,5,1,0,3,410,466,22,4,4,5,0,397,461,17,2,4,4,5,5,1,0,0,1,23,398,457,20,0,0,0,0,2,9,404,447,19,6,4,0,0,0,380,452,18,0,8,0,347,388,44,7,2,2,0,0,26,7,7,1,2,7,3,2,2,11,323,381,70,2,4,2,9,0,1,1,0,13,1,0,31,5,0,2,306,364,14,1,1,0,58,63,2,1,1,1,100,489,397,12,0,0,0,5,0,0,11,458,382,9,2,0,0,0,8,14,2,0,0,0,0,37,409,457,52,5,384,28,205,299,7,1169,923,1,150,186,4,2,142,199,0,1,1118,342
2012,104,5,1,617,684,26,8,6,8,1,1,15,625,675,23,6,6,7,0,604,661,22,4,5,7,2,12,2,0,0,0,32,626,659,31,0,0,0,1,7,8,596,676,35,8,7,0,0,0,562,661,35,0,8,0,526,582,59,11,4,8,0,0,31,8,10,0,2,20,1,4,5,12,503,576,97,7,1,5,12,0,2,4,2,19,2,1,38,7,1,3,483,541,20,2,1,1,73,91,6,2,1,1,142,703,587,20,0,0,0,37,0,3,14,663,568,17,1,0,0,0,10,17,2,1,0,0,0,83,608,670,50,51,592,48,302,421,16,1888,1379,1,217,243,1,0,210,247,3,1,1830,461
2012,104,6,1,837,810,83,20,18,41,3,2,5,875,802,65,21,12,30,2,827,774,59,16,10,29,7,9,7,2,3,6,63,817,834,79,0,0,0,0,5,8,813,852,71,45,24,0,0,0,738,852,71,0,28,0,700,665,135,50,12,16,2,0,54,13,20,5,4,29,5,14,5,26,623,660,201,30,8,14,37,0,10,12,7,46,7,2,66,20,1,3,600,609,43,7,5,3,131,138,13,5,3,6,243,961,773,56,0,0,0,10,6,6,6,915,739,48,3,0,0,0,11,13,10,3,0,0,0,65,670,1120,25,4,903,113,499,292,12,2053,1819,1,412,445,0,1,392,465,0,1,1708,858
2012,104,7,1,198,228,5,0,0,0,0,2,0,198,225,4,1,0,0,0,193,221,4,0,0,0,0,3,0,0,0,0,11,185,218,3,0,0,0,0,4,1,182,214,4,3,1,0,0,0,184,213,5,0,0,0,174,202,13,1,0,1,1,0,3,3,3,0,0,1,0,1,1,1,166,196,26,0,1,0,3,0,1,0,0,3,2,0,5,2,1,2,164,193,3,0,0,0,14,16,0,0,0,0,39,174,178,2,0,0,0,71,0,4,2,169,175,1,1,0,0,0,6,5,1,0,0,0,0,70,198,202,28,6,174,7,102,147,4,595,434,1,87,78,4,1,85,84,0,1,577,170
2012,104,8,1,695,760,36,6,1,15,0,5,13,708,743,33,10,1,13,0,683,731,30,6,1,12,1,9,2,1,0,1,40,699,714,28,0,0,0,0,14,22,687,726,33,12,2,0,0,0,651,723,36,0,7,0,625,645,66,9,2,10,1,0,28,2,6,4,2,8,1,4,5,15,583,634,108,7,1,5,16,0,2,1,1,18,1,0,41,4,1,4,575,604,23,1,1,2,72,94,5,1,0,0,121,820,645,18,0,0,0,14,5,14,15,793,626,17,2,0,0,0,6,21,2,0,0,0,0,39,715,729,83,7,610,52,341,511,20,2093,1535,1,280,300,8,0,266,318,2,2,2051,588
2012,104,77,1,43,26,3,0,0,1,0,1,0,42,27,2,0,0,1,0,41,26,1,0,0,1,0,0,2,0,0,0,2,39,21,5,0,0,0,0,4,0,39,23,3,1,1,0,0,0,37,24,3,0,1,0,33,21,5,1,0,1,0,0,3,0,0,2,0,0,0,0,0,0,31,21,3,0,0,0,1,0,1,1,0,0,1,0,7,0,0,0,27,20,1,0,1,0,9,1,1,0,0,0,8,50,17,1,0,0,0,3,0,2,0,48,16,1,0,0,0,0,1,0,1,0,0,0,0,4,40,31,1,0,26,5,13,26,2,0,74,1,7,19,2,0,4,23,1,0,0,28
2012,104,78,1,17,16,2,0,0,1,0,0,0,18,16,2,0,0,1,0,16,14,2,0,0,1,0,0,0,0,0,0,4,6,1,1,0,0,0,0,0,0,9,3,2,0,0,0,0,0,9,3,2,0,0,0,7,3,2,0,0,0,0,0,0,0,0,0,0,0,0,0,0,0,7,3,2,0,0,0,0,0,0,0,0,0,0,0,0,0,0,0,5,1,1,0,0,0,0,1,0,0,0,0,6,7,3,0,0,0,0,1,0,0,0,6,3,0,1,0,0,0,0,1,0,0,0,0,0,1,13,21,3,0,15,5,10,7,0,0,37,1,7,11,0,0,5,13,0,0,0,18
2012,105,1,1,252,136,12,0,0,1,0,3,4,254,128,10,0,2,0,0,248,126,10,0,0,0,0,3,0,0,1,0,14,247,133,6,0,0,0,0,2,4,241,120,6,1,0,0,0,0,253,127,7,0,1,0,223,115,12,0,0,1,0,0,12,1,8,0,0,2,0,1,0,3,215,110,26,0,0,0,0,0,1,2,0,3,0,0,22,1,0,0,209,107,6,0,0,0,25,11,1,0,0,0,44,270,122,7,0,0,0,0,0,3,3,258,117,6,0,0,0,0,1,1,0,0,0,0,0,20,143,235,26,5,236,13,53,104,3,581,409,1,68,56,4,0,63,63,2,0,554,128
2012,105,2,1,999,1066,49,8,13,20,0,7,13,1030,1036,46,9,9,14,0,985,1027,44,7,8,12,8,8,3,1,1,3,51,970,1046,65,14,0,0,2,8,13,948,1023,57,11,14,0,0,2,1001,1021,60,0,6,0,896,927,96,16,3,18,0,0,34,10,13,3,2,19,5,5,4,21,857,904,145,9,2,15,18,0,3,5,2,24,1,1,49,8,1,6,832,883,47,3,2,7,110,107,9,1,0,4,149,1162,945,45,0,0,0,4,2,5,9,1084,916,39,2,0,0,0,26,19,5,0,0,0,0,72,972,1061,116,28,917,79,524,628,29,3241,2177,1,388,472,6,5,377,483,7,4,3105,871
2012,105,3,1,649,423,12,3,4,2,0,6,7,653,413,11,4,2,2,0,636,406,11,2,2,2,8,5,0,0,0,0,23,620,409,17,4,0,0,3,6,6,609,402,16,3,6,0,0,2,626,401,13,0,6,0,573,372,45,3,4,3,0,0,18,1,8,1,3,8,1,1,4,12,534,358,82,2,4,2,14,0,4,3,0,11,1,0,34,0,1,2,521,330,13,2,4,2,88,59,0,0,0,0,75,744,323,12,0,0,0,4,0,9,8,711,317,12,1,0,0,0,3,10,0,0,0,0,0,35,426,599,71,10,553,31,193,322,7,1713,1106,1,215,140,1,0,197,157,2,0,1623,356
2012,105,4,1,720,897,55,9,7,17,1,2,14,742,877,49,12,7,16,0,711,866,45,6,5,14,2,11,5,3,1,1,38,662,907,62,13,0,0,2,6,11,646,886,66,15,8,0,0,0,690,887,63,0,12,0,610,766,106,18,4,13,0,1,38,7,13,6,0,25,1,5,2,17,574,751,145,10,4,9,13,0,4,5,4,41,0,3,54,7,1,1,561,730,46,3,3,4,79,106,6,2,1,1,164,869,784,47,0,0,0,5,4,6,7,822,765,41,1,0,0,0,13,18,4,0,0,0,0,47,824,858,34,7,687,135,381,510,10,2228,1724,1,358,486,3,3,356,488,4,2,2189,850
2012,105,5,1,860,1158,86,22,10,25,2,5,7,885,1149,68,22,11,20,0,847,1129,67,18,9,18,6,14,7,3,1,3,43,815,1155,98,25,0,0,3,8,14,772,1147,91,28,13,0,0,5,845,1144,92,0,19,0,743,985,162,32,9,13,0,1,52,10,10,5,1,18,2,9,5,18,686,948,259,18,6,6,17,0,5,6,3,40,6,0,49,11,1,3,670,916,74,10,4,1,99,157,8,4,0,1,211,995,1083,73,0,0,0,7,0,6,9,949,1038,62,3,0,0,0,12,24,11,2,3,0,0,61,1012,1086,66,14,855,136,625,554,8,2933,2177,1,376,640,7,4,369,650,6,2,2849,1027
2012,105,6,1,721,494,12,4,5,3,0,3,5,725,484,11,5,4,2,0,713,482,11,4,2,2,2,7,0,0,0,0,18,699,481,15,4,0,0,1,9,10,683,481,10,5,6,0,0,0,717,468,9,0,6,0,667,423,28,4,2,4,2,0,17,5,5,1,0,12,3,4,1,8,638,403,71,4,1,2,7,0,7,3,1,10,0,0,27,1,2,2,625,390,9,3,2,0,53,62,0,1,0,0,85,840,387,8,0,0,0,1,0,5,4,827,383,8,2,0,0,0,1,8,0,0,0,0,0,11,487,699,54,9,650,22,268,300,9,1855,1249,1,208,148,3,0,207,151,1,0,1817,359
2012,105,7,1,1014,684,26,5,7,9,0,5,10,1020,677,22,7,2,7,0,990,662,23,4,2,7,2,5,2,0,2,0,52,970,652,39,10,0,0,0,12,17,949,639,36,7,5,0,0,0,1003,636,35,0,2,0,882,565,75,7,0,3,1,0,55,7,4,2,1,8,7,2,1,11,836,531,151,6,0,2,9,0,7,6,0,18,3,0,53,3,3,2,812,517,29,4,0,0,116,87,1,0,0,0,168,1193,519,19,0,0,0,5,0,7,16,1160,513,15,3,0,0,0,3,19,1,0,0,0,0,29,714,955,68,27,859,43,369,479,14,2685,1764,1,318,225,4,2,308,237,2,2,2589,549
2012,105,77,1,38,53,1,0,2,1,0,1,0,41,48,1,0,2,1,0,37,47,1,0,1,1,1,1,0,0,0,0,6,43,46,1,1,0,0,0,0,2,41,45,2,0,2,0,0,0,45,46,1,0,2,0,39,43,2,2,1,0,0,0,2,0,1,0,0,0,0,1,0,0,37,41,6,0,1,0,0,0,0,0,0,1,0,0,6,0,0,1,36,41,1,0,1,0,5,2,0,0,1,0,8,52,42,1,0,0,0,1,0,0,1,49,40,0,0,0,0,0,0,2,0,0,0,0,0,5,61,28,6,1,27,3,32,34,0,0,97,1,5,35,1,0,2,38,1,0,0,41
2012,105,78,1,35,34,0,0,0,0,0,0,0,39,30,0,0,0,0,0,35,30,0,0,0,0,0,1,0,0,0,0,3,2,5,0,0,0,0,0,0,3,12,13,0,0,0,0,0,0,11,13,0,0,0,0,3,5,0,0,0,0,0,0,2,0,0,0,0,0,0,0,0,0,2,5,3,0,0,0,0,0,0,0,0,0,0,0,3,0,0,0,2,5,0,0,0,0,0,0,0,0,0,0,19,5,5,0,0,0,0,0,0,0,19,5,5,0,0,0,0,0,0,0,0,0,0,0,0,0,39,27,4,0,31,4,19,16,0,0,69,1,11,25,1,0,8,29,0,0,0,37
2012,105,79,1,0,0,0,0,0,0,0,0,1,0,0,0,0,0,0,0,0,0,0,0,0,0,0,0,0,0,0,0,0,0,0,0,0,0,0,0,0,0,0,0,0,0,0,0,0,0,0,0,0,0,0,0,0,0,0,0,0,0,0,0,0,0,0,0,0,0,0,0,0,0,0,0,0,0,0,0,0,0,0,0,0,0,0,0,1,0,0,0,0,0,0,0,0,0,0,0,0,0,0,0,1,0,0,0,0,0,0,0,0,0,0,0,0,0,0,0,0,0,0,0,0,0,0,0,0,0,0,0,0,0,0,0,0,0,0,0,1,,,,,,,,,,,
2012,106,1,1,531,718,31,3,3,13,2,3,6,543,706,27,6,3,9,0,517,593,25,0,3,9,6,10,1,1,0,0,41,575,671,24,2,0,0,1,2,9,493,704,25,4,2,0,0,0,457,743,22,0,5,0,466,670,42,2,2,12,0,0,3,2,2,4,2,2,4,14,5,3,437,634,76,3,1,8,5,0,0,6,3,2,33,20,1,1,0,8,422,588,20,1,1,5,42,96,3,0,0,1,125,356,926,14,0,0,0,0,0,3,4,349,871,12,0,0,3,0,10,6,1,0,0,0,0,54,646,597,65,7,474,66,375,373,27,1770,1315,1,203,297,1,3,190,308,5,1,1674,504
2012,106,2,1,1078,1356,75,15,12,50,1,4,10,1128,1332,60,15,13,30,0,1060,1309,53,10,10,30,2,22,9,3,1,5,77,1052,1377,75,26,0,0,1,5,16,974,1400,71,34,15,0,0,1,919,1400,69,0,13,0,897,1243,123,34,5,27,2,0,20,16,6,7,6,8,6,40,20,8,818,1185,225,18,5,18,34,0,4,19,3,13,81,62,1,7,4,26,788,1069,49,9,4,9,102,229,7,8,0,3,306,632,1917,32,0,0,0,0,0,5,10,619,1773,27,5,1,3,0,50,20,3,2,0,2,6,87,1192,1275,116,21,1025,124,724,711,20,3399,2605,1,504,695,4,4,481,718,4,4,3259,1207
2012,106,3,1,621,550,20,6,1,5,2,1,3,630,540,13,3,1,3,0,609,532,16,3,1,3,1,5,1,0,0,0,28,687,473,15,7,0,0,0,5,6,590,528,24,8,1,0,0,0,573,514,25,0,3,0,558,477,32,7,1,6,0,0,10,7,1,3,7,2,6,7,5,5,516,440,67,5,0,4,7,0,3,14,0,4,43,11,1,0,2,10,505,405,13,1,0,2,61,87,3,2,0,1,119,443,742,8,0,0,0,0,1,5,2,431,658,6,1,0,2,0,29,12,3,1,0,0,0,60,530,620,50,10,571,31,264,328,16,1580,1210,1,211,240,1,2,214,238,1,1,1523,454
2012,106,4,1,1114,841,26,14,2,12,3,8,8,1123,825,21,12,3,7,1,1087,817,20,11,1,9,6,4,2,2,0,2,53,1160,791,28,8,0,0,1,11,8,1044,849,24,36,5,0,0,0,1009,845,23,0,5,0,977,762,49,17,3,6,1,0,27,9,4,2,5,0,3,13,15,6,904,734,96,7,1,4,25,0,3,5,2,4,81,19,1,0,2,15,863,661,14,4,0,0,135,130,4,1,0,3,195,627,1372,9,0,0,0,0,3,10,3,618,1219,7,0,0,0,0,54,33,3,0,0,3,0,80,785,1142,89,14,1050,39,477,451,13,2623,2030,1,425,327,0,3,432,319,1,3,2466,755
2012,106,5,1,653,614,10,5,7,5,0,3,3,663,604,6,3,5,4,1,646,596,6,3,5,4,2,4,1,0,1,0,27,684,579,10,7,0,0,0,5,3,616,627,13,10,2,0,0,0,594,619,12,0,6,0,584,565,28,5,1,5,0,0,12,6,1,2,1,2,0,13,12,4,551,538,64,3,1,3,4,0,2,9,1,8,33,19,1,0,1,4,540,491,7,1,1,1,56,94,2,1,0,0,99,449,835,3,0,0,0,0,2,5,3,444,762,3,1,0,1,0,27,13,0,2,0,1,0,39,571,681,44,5,590,23,240,440,8,1641,1301,1,252,256,2,1,255,254,1,1,1583,511
2012,106,6,1,462,456,10,9,3,9,2,4,13,464,451,6,9,5,7,1,454,442,5,6,3,6,5,3,1,1,0,3,21,435,484,14,5,0,0,0,6,2,413,488,13,7,4,0,0,0,403,476,10,0,5,0,389,431,26,9,4,4,0,0,13,4,1,2,3,1,4,14,10,0,361,413,49,3,4,7,8,0,3,5,0,2,31,16,2,0,2,4,347,399,9,2,1,2,47,51,0,1,1,0,95,307,644,4,0,0,0,0,0,5,4,298,591,4,1,0,0,0,17,5,0,0,0,0,0,42,428,489,43,7,341,37,263,317,9,1180,967,1,210,213,0,1,202,219,2,1,1117,424
2012,106,7,1,522,743,23,3,4,5,3,7,3,524,721,21,6,3,4,1,501,714,21,2,3,2,4,13,1,0,0,2,40,555,699,27,1,0,0,1,5,4,498,710,31,3,3,0,0,0,480,718,32,0,2,0,471,663,43,6,3,5,0,0,11,2,2,3,1,2,1,17,8,3,431,630,74,1,1,6,15,0,1,7,2,5,35,14,1,3,0,6,418,580,20,0,1,0,58,110,4,0,0,3,107,348,939,14,0,0,0,0,0,4,2,334,871,14,0,0,0,0,23,4,1,0,0,3,0,56,711,523,72,6,478,60,333,431,10,1809,1312,1,208,330,4,6,199,341,3,5,1763,548
2012,106,8,1,1062,1457,110,23,26,65,1,4,7,1107,1448,82,30,20,44,1,1037,1399,78,17,17,40,9,25,10,6,2,12,92,980,1618,105,31,0,0,1,8,12,958,1573,104,58,23,0,0,0,888,1531,106,0,26,0,869,1293,179,67,10,40,0,0,24,20,4,13,5,8,7,44,23,16,770,1172,322,33,6,22,25,0,9,40,9,8,63,108,3,4,7,26,740,1132,71,15,5,11,138,254,11,4,4,6,343,634,2059,37,0,0,0,0,0,7,2,624,1864,36,4,0,7,0,45,42,16,2,0,4,0,99,1262,1432,45,16,1072,186,901,569,27,3499,2755,1,524,892,11,2,496,923,8,2,3294,1429
2012,106,9,1,109,125,2,0,1,7,0,2,1,111,124,1,1,1,3,0,107,120,1,0,1,3,0,1,0,1,0,2,8,119,116,5,0,0,0,0,0,1,104,115,4,12,0,0,0,0,99,119,2,0,1,0,101,104,10,1,0,5,0,0,0,0,0,1,0,0,0,6,0,2,88,92,25,1,0,3,4,0,0,4,0,3,8,4,0,1,0,2,88,84,1,0,0,1,10,26,1,0,0,1,34,79,159,5,0,0,0,0,0,0,1,77,148,5,0,0,1,0,4,0,0,0,0,0,0,11,112,123,9,3,110,5,51,78,3,364,247,1,46,54,0,0,46,53,0,1,344,100
2012,106,10,1,982,932,38,15,4,14,1,11,10,1008,900,29,17,2,13,0,959,879,25,11,2,11,6,14,6,3,0,0,72,1054,836,31,22,0,0,0,6,5,937,886,29,64,4,0,0,0,914,897,32,0,6,0,911,801,61,30,2,9,0,0,17,4,0,2,5,3,3,48,15,3,827,757,114,19,1,7,19,0,1,18,3,11,76,30,2,0,1,10,787,658,19,10,0,4,110,183,4,7,0,0,205,720,1256,9,0,0,0,0,2,5,6,711,1153,7,0,0,1,0,36,18,4,5,0,0,0,60,878,1016,97,17,884,64,499,549,12,2718,2009,1,347,402,5,2,377,369,5,5,2563,756
2012,106,11,1,548,716,43,21,9,39,0,2,7,584,711,26,20,7,26,0,545,685,23,17,5,23,5,9,11,2,3,10,39,473,782,49,26,0,0,0,15,4,503,745,50,38,12,0,0,0,459,766,47,0,16,0,450,614,99,42,5,21,0,0,8,10,2,7,3,7,4,28,18,17,387,562,176,25,5,14,20,1,3,30,6,6,39,33,0,4,0,14,371,539,29,12,4,2,88,152,7,4,1,7,161,293,1068,13,0,0,0,0,0,2,2,283,968,10,7,0,3,0,33,24,8,1,0,2,0,43,597,761,25,3,595,90,456,235,10,1687,1386,1,277,452,0,1,273,455,1,1,1531,730
2012,106,77,1,141,74,2,1,0,0,0,2,1,140,78,0,1,0,0,0,140,74,0,1,0,0,0,1,1,0,0,0,2,134,79,0,0,0,0,0,3,0,130,84,1,0,0,0,0,0,127,83,0,0,0,0,123,70,2,0,0,0,0,0,2,0,0,0,1,0,0,10,1,3,117,72,3,0,0,0,0,0,0,3,0,1,7,5,0,0,1,1,116,59,0,0,0,0,10,23,0,0,0,0,8,116,98,1,0,0,0,0,0,4,2,114,97,1,0,0,0,0,2,0,0,0,0,0,0,1,93,123,6,0,116,3,43,60,0,0,222,1,16,40,5,0,10,45,5,1,0,61
2012,106,78,1,41,39,1,0,0,2,0,0,1,43,37,1,0,0,0,0,40,36,1,0,0,0,0,0,0,0,0,0,6,10,5,0,0,0,0,0,0,0,16,10,0,1,0,0,0,0,16,9,1,0,1,0,11,6,0,1,0,0,0,0,0,0,0,0,0,0,1,0,2,0,11,6,3,0,0,0,0,0,0,0,0,1,1,1,0,0,0,0,7,4,0,0,0,0,3,1,0,0,0,0,18,10,15,0,0,0,0,0,0,0,0,10,14,0,0,0,0,0,1,0,0,0,0,0,0,0,40,40,3,1,35,3,26,19,1,0,84,1,15,17,0,1,14,18,0,1,0,33
2012,106,79,1,0,0,0,0,0,0,0,0,0,0,0,0,0,0,0,0,0,0,0,0,0,0,0,0,0,0,0,0,0,0,0,0,0,0,0,0,0,0,0,0,0,0,0,0,0,0,0,0,0,0,0,0,0,0,0,0,0,0,0,0,0,0,0,0,0,0,0,0,0,0,0,0,0,0,0,0,0,0,0,0,0,0,1,0,0,0,0,0,0,0,0,0,0,0,1,0,0,0,0,0,0,0,0,0,0,0,0,0,0,0,0,0,0,0,0,0,0,0,0,0,0,0,0,0,0,0,0,0,0,0,0,0,0,0,0,0,0,,,,,,,,,,,
2012,107,1,1,721,902,46,20,8,18,2,4,4,754,876,35,23,8,14,2,709,863,34,15,8,10,7,7,4,2,0,4,55,663,947,31,17,0,0,1,4,8,655,922,36,19,16,0,0,2,679,914,40,0,18,0,624,831,88,25,8,14,3,1,13,6,3,12,3,7,1,2,5,4,584,754,161,18,8,9,16,0,2,10,3,3,18,20,2,4,1,26,556,741,27,8,5,1,88,131,4,4,2,3,138,462,1224,19,0,0,0,0,1,5,4,455,1144,18,3,0,2,0,30,18,2,0,0,0,0,45,775,902,42,7,719,75,545,380,7,2219,1726,1,340,490,1,1,346,483,3,0,2144,832
2012,107,2,1,469,485,14,3,6,3,0,1,7,480,477,12,2,7,1,0,467,473,12,2,6,1,1,6,1,0,0,0,11,430,500,15,8,0,0,0,4,7,429,480,17,4,9,0,0,0,445,475,16,0,10,0,406,457,37,5,3,4,1,0,5,3,2,3,2,4,2,0,9,2,377,439,58,1,3,1,4,0,0,3,1,1,34,7,0,1,1,6,366,436,15,1,3,1,57,30,1,2,0,1,64,332,641,6,0,0,0,0,0,4,4,325,598,5,0,0,0,0,15,5,1,1,0,0,0,30,467,470,45,6,456,23,209,294,6,1502,988,1,171,203,2,1,165,210,1,1,1479,377
2012,107,3,1,560,763,37,11,5,9,0,3,4,589,742,32,10,5,7,0,555,732,28,8,4,5,5,15,3,2,1,1,29,519,770,31,19,0,0,1,5,6,505,759,38,16,7,0,0,0,532,760,36,0,12,0,501,697,70,18,3,14,1,1,2,6,0,5,4,0,1,3,7,0,469,662,113,14,2,9,3,0,1,9,1,2,26,4,1,2,2,13,459,649,25,6,2,5,45,87,2,2,0,0,102,391,982,11,0,0,0,0,0,3,0,385,909,11,0,0,3,0,27,16,3,1,0,1,0,36,667,687,35,6,553,56,435,347,4,1900,1395,1,288,408,4,2,293,402,5,2,1869,702
2012,107,4,1,945,1371,55,10,10,19,1,7,13,971,1354,40,11,8,16,2,922,1328,36,10,7,15,7,18,2,0,1,1,67,821,1453,44,15,0,0,1,8,11,829,1395,50,18,9,0,0,1,861,1411,49,0,15,0,783,1285,123,11,8,16,1,1,16,10,2,21,2,8,8,9,23,3,688,1184,200,9,5,8,22,0,0,20,1,7,70,18,4,9,2,40,674,1165,36,2,2,6,137,173,7,1,2,1,193,600,1789,18,0,0,0,0,0,8,8,576,1662,18,2,0,3,0,43,38,1,2,0,0,0,75,1225,1103,97,11,927,78,667,747,17,3332,2435,1,393,672,7,5,381,683,8,5,3275,1077
2012,107,5,1,581,677,34,12,6,15,0,3,5,605,656,27,15,3,13,0,571,645,27,10,3,10,6,13,0,1,0,3,39,522,714,30,19,0,0,0,4,4,525,689,36,18,12,0,0,1,544,687,38,0,11,0,501,629,64,23,6,13,0,0,7,5,3,8,2,4,0,3,8,2,459,583,114,10,3,12,17,0,0,11,0,2,30,7,0,3,1,26,453,575,25,2,3,3,51,80,8,8,0,1,119,376,934,17,0,0,0,0,0,3,3,365,834,17,0,0,1,0,25,23,6,2,0,1,0,56,590,699,33,14,583,47,379,315,12,1820,1336,1,269,393,8,2,282,386,3,1,1753,672
2012,107,6,1,674,969,54,14,10,28,2,2,3,703,963,41,13,9,21,2,659,938,38,9,8,19,6,12,8,3,1,5,49,596,1027,44,28,0,0,0,7,7,591,1005,51,22,13,0,0,0,618,1007,47,0,18,0,576,887,87,39,3,10,1,0,5,14,2,14,2,9,5,6,15,5,516,798,159,19,3,11,18,0,3,12,3,2,43,17,0,9,3,43,504,784,29,5,2,2,80,160,7,7,0,3,163,442,1282,17,0,0,0,0,0,1,4,435,1177,16,0,0,6,0,31,32,6,2,0,1,0,49,856,849,46,9,667,93,545,439,16,2314,1760,1,296,487,0,3,277,504,2,3,2163,786
2012,107,7,1,586,832,43,11,9,19,1,1,3,604,820,40,10,9,13,0,582,806,36,7,6,12,6,6,3,2,2,5,29,538,869,36,18,0,0,0,2,10,540,829,42,20,20,0,0,0,551,846,42,0,20,0,524,765,77,26,7,13,1,0,7,8,1,15,1,1,2,5,10,2,489,701,121,13,6,10,6,0,0,12,1,1,32,9,1,4,1,42,477,681,32,7,3,2,54,124,6,2,2,3,101,411,1062,21,0,0,0,0,0,0,2,395,981,20,4,0,1,0,28,11,5,1,0,3,0,43,725,748,22,11,615,72,478,328,13,1992,1504,1,284,473,5,1,281,479,2,1,1905,763
2012,107,8,1,516,641,35,7,4,22,1,0,6,527,635,23,6,3,19,0,509,621,29,3,2,16,2,8,1,1,2,8,25,460,680,34,9,0,0,0,5,5,454,660,42,8,5,0,0,1,477,657,35,0,7,0,447,596,61,12,2,20,2,0,7,8,3,3,2,8,4,0,6,2,402,552,98,8,1,15,6,0,0,7,2,0,38,14,1,2,0,29,390,541,27,2,0,5,62,76,3,0,2,8,107,315,887,20,0,0,0,0,0,1,4,309,804,18,0,0,4,0,18,21,4,0,0,3,0,47,577,621,30,5,515,72,367,271,8,1707,1233,1,259,360,3,3,253,368,3,1,1627,625
2012,107,9,1,911,1116,40,10,4,19,0,4,10,931,1108,35,11,6,13,0,895,1081,34,8,3,12,10,8,2,3,0,1,50,819,1184,36,19,0,0,1,6,8,808,1149,49,19,8,0,0,3,841,1140,46,0,9,0,774,1042,100,27,4,9,1,0,13,10,1,12,7,7,3,6,20,3,704,957,171,16,2,7,23,0,4,18,1,9,60,17,1,5,2,29,681,946,35,7,2,2,110,135,6,1,0,3,181,596,1489,20,0,0,0,0,2,5,2,581,1393,17,2,0,0,0,34,28,2,0,0,1,0,51,988,1049,67,19,881,81,523,632,6,3132,2101,1,364,500,8,7,359,512,1,7,3063,879
2012,107,10,1,642,934,76,16,8,29,1,1,12,665,936,58,14,2,20,1,635,914,61,11,2,18,2,3,6,1,2,2,51,584,1004,55,23,0,0,0,4,3,565,980,66,27,13,0,0,0,596,974,60,0,12,0,544,847,118,46,5,22,0,0,11,10,1,17,3,6,3,8,17,2,491,762,199,21,5,12,16,0,4,12,1,7,42,16,3,5,1,43,477,747,42,8,2,5,88,139,8,1,2,2,172,400,1279,26,0,0,0,0,0,3,7,382,1166,23,2,0,2,0,26,16,5,2,0,2,0,85,833,848,32,9,663,118,545,385,11,2224,1721,1,349,544,7,1,336,563,1,1,2129,901
2012,107,11,1,721,870,31,5,6,17,1,6,15,733,871,25,4,4,14,0,714,851,22,2,3,13,2,7,4,2,0,1,32,637,947,26,9,0,0,2,7,10,638,906,27,10,8,0,0,1,663,902,28,0,10,0,625,851,71,5,3,12,0,0,5,4,1,4,0,8,5,2,18,3,563,786,125,3,3,11,15,0,1,6,3,2,38,7,0,2,3,15,555,778,22,0,0,4,74,93,2,0,2,4,124,530,1107,8,0,0,0,0,0,7,8,516,1043,7,0,0,2,0,18,17,2,0,0,1,0,52,766,818,74,16,661,53,462,481,17,2430,1673,1,281,361,4,3,260,384,3,2,2377,649
2012,107,12,1,270,286,14,6,2,3,0,1,8,277,279,12,6,1,3,0,268,278,12,6,1,3,2,1,0,0,0,0,13,247,296,11,6,0,0,0,2,6,248,288,9,6,2,0,0,1,258,297,11,0,1,0,239,284,19,5,1,4,0,0,8,2,0,4,1,0,0,1,2,0,224,263,35,2,1,2,1,0,0,1,0,0,20,1,0,2,1,6,223,262,8,3,1,1,22,23,1,2,0,1,39,211,364,9,0,0,0,0,0,4,1,192,345,9,1,0,1,0,6,1,0,2,0,1,0,31,261,303,26,4,254,19,111,209,1,837,593,1,68,114,2,0,70,113,1,0,823,184
2012,107,13,1,361,591,19,16,3,19,0,2,4,373,582,19,18,1,15,0,356,575,17,14,0,13,3,4,1,1,3,4,19,334,612,23,13,0,0,1,3,7,333,587,30,17,7,0,0,1,335,589,28,0,10,0,318,547,46,16,4,11,1,0,5,4,2,4,2,5,1,0,5,1,304,510,72,14,2,9,2,0,1,6,0,1,21,7,0,3,0,15,295,507,15,6,2,3,29,62,4,1,1,4,77,271,704,18,0,0,0,0,2,1,5,259,661,14,0,0,3,0,11,10,7,1,0,3,0,41,531,457,22,6,357,47,286,320,6,1539,1016,1,150,317,1,1,148,320,1,0,1484,469
2012,107,14,1,1096,1502,74,23,14,34,0,6,10,1138,1480,51,28,13,18,1,1072,1447,48,16,11,17,3,17,7,3,2,7,91,975,1589,62,42,0,0,1,14,9,961,1548,78,28,22,0,0,1,1008,1537,70,0,28,0,927,1383,131,43,13,19,0,0,24,16,2,23,9,12,3,6,19,2,846,1250,228,20,8,17,39,0,4,21,1,3,73,27,1,13,3,57,822,1234,51,8,4,5,202,227,7,5,6,3,249,669,2036,21,0,0,0,0,0,11,10,646,1879,17,3,0,3,0,50,22,9,2,0,5,0,107,1349,1302,94,19,1055,104,851,726,28,3854,2733,1,468,779,3,3,432,813,5,3,3698,1253
2012,107,15,1,653,862,71,14,5,28,1,6,1,693,846,52,17,5,20,0,646,831,49,10,5,19,2,13,9,2,0,2,49,569,942,53,26,0,0,1,4,8,561,899,61,20,13,0,0,2,606,893,61,0,13,0,552,799,107,27,7,7,1,0,18,8,7,15,6,9,1,4,16,0,491,713,181,21,6,10,12,0,2,16,6,6,55,15,1,8,2,42,479,706,38,3,1,3,76,113,11,3,0,4,194,406,1197,29,0,0,0,0,0,1,3,395,1082,22,0,0,4,0,30,40,7,0,0,2,0,57,708,894,35,6,692,111,533,298,9,2007,1644,1,305,522,6,2,314,519,0,2,1890,835
2012,107,16,1,151,134,4,0,2,2,0,2,1,153,133,3,0,2,1,0,150,132,3,0,2,1,0,1,1,0,0,0,2,134,146,5,0,0,0,0,2,2,137,138,6,1,2,0,0,0,140,140,5,0,2,0,135,134,9,0,3,1,0,0,2,0,0,3,0,0,1,0,0,0,132,121,20,0,3,0,3,0,1,0,0,0,4,1,0,0,0,2,127,121,5,0,2,0,9,15,0,0,0,0,13,117,176,0,0,0,0,0,0,1,0,117,169,0,0,0,0,0,2,1,0,0,0,0,0,6,125,159,11,1,144,9,58,84,1,448,296,1,59,57,2,0,62,54,0,2,450,118
2012,107,77,1,152,121,7,1,1,3,0,1,0,152,119,7,2,1,1,0,150,116,7,1,1,1,1,1,0,0,0,2,6,144,123,5,2,0,0,0,2,1,144,119,6,1,1,0,0,1,145,121,5,0,1,0,139,114,7,2,1,0,0,0,1,0,0,1,0,3,0,0,1,0,120,107,13,2,1,0,1,0,0,2,0,0,22,2,0,0,1,4,119,105,5,1,1,0,19,12,0,0,0,0,21,107,166,3,0,0,0,0,0,3,3,106,156,3,1,0,1,0,4,1,0,0,0,0,0,8,154,120,11,1,106,15,88,74,3,0,287,1,30,87,4,1,11,107,3,1,0,122
2012,107,78,1,82,73,5,0,0,0,0,0,2,83,69,5,0,0,0,0,77,64,4,0,0,0,0,1,1,0,0,0,14,9,13,0,0,0,0,0,0,3,20,22,1,0,0,0,0,0,20,22,1,0,0,0,10,11,1,0,0,0,0,0,0,1,0,0,0,0,0,0,0,0,10,11,2,0,0,0,0,0,0,0,0,0,1,0,0,1,0,0,7,11,0,0,0,0,4,0,0,0,0,0,22,13,28,1,0,0,0,0,0,0,16,13,26,0,0,0,0,0,0,1,1,0,0,0,0,1,87,64,12,0,57,10,51,45,0,0,163,1,39,51,0,2,24,65,1,2,0,92
2012,108,1,1,873,642,61,12,9,34,2,3,4,913,622,41,15,7,30,2,862,608,39,10,6,25,5,9,8,3,0,3,56,822,667,54,31,11,0,0,5,9,821,670,60,33,12,0,0,1,797,675,70,0,13,0,751,545,81,55,6,14,0,0,1,6,5,7,36,38,11,13,7,7,755,555,134,25,7,11,6,0,3,3,0,42,2,2,5,12,7,3,721,511,38,8,4,4,78,104,8,6,2,0,148,676,920,31,0,0,0,0,2,3,2,665,824,25,3,0,2,0,40,14,6,4,0,3,0,55,545,1075,13,7,878,77,415,267,3,2125,1642,1,523,499,3,1,519,504,2,1,1999,1026
2012,108,2,1,915,646,66,21,6,24,1,2,4,941,639,42,21,7,22,0,904,615,40,14,4,17,3,10,4,4,0,4,60,873,662,49,30,10,0,0,7,9,862,677,56,35,10,0,0,0,841,669,61,0,13,0,794,562,90,42,7,13,0,0,4,5,10,5,26,19,11,16,3,12,786,555,130,19,8,13,6,2,6,8,1,46,8,2,4,7,16,4,754,518,35,9,5,1,75,99,3,3,0,5,161,744,890,23,0,0,0,0,1,11,2,735,807,18,4,0,4,0,30,6,4,5,0,3,0,56,554,1106,18,6,925,81,411,261,6,2182,1685,1,533,503,5,2,545,494,3,1,2033,1043
2012,108,3,1,326,405,21,4,3,13,1,2,3,344,392,18,5,3,10,0,326,389,18,4,3,9,1,4,0,1,0,1,17,315,402,26,9,2,0,0,4,3,307,397,29,11,5,0,0,0,298,403,30,0,4,0,272,332,53,20,3,6,0,0,1,5,5,2,14,16,4,5,0,8,263,326,81,8,1,10,0,0,7,3,1,26,0,0,1,7,0,3,255,309,20,2,1,2,39,63,3,3,0,1,74,247,509,9,0,0,0,0,0,5,0,246,469,9,1,0,1,0,12,9,0,0,0,0,0,27,325,444,6,4,340,39,254,144,2,1025,779,1,204,287,2,0,209,279,2,3,959,493
2012,108,4,1,1236,1341,48,16,24,43,1,2,9,1280,1313,37,13,18,33,1,1214,1291,35,10,18,27,8,19,2,3,2,3,80,1202,1306,64,26,31,0,0,11,15,1176,1328,68,26,25,0,0,0,1131,1326,71,0,27,0,1041,1169,145,44,19,15,1,0,7,8,20,9,50,29,22,12,5,17,1073,1127,213,19,20,20,13,0,5,10,0,58,6,2,5,14,5,2,985,1098,46,7,15,5,121,168,5,5,2,5,232,889,1768,29,0,0,0,0,1,3,10,855,1617,24,0,0,6,0,40,26,5,1,0,3,0,131,1214,1427,64,17,1222,105,741,638,16,3695,2722,1,568,792,2,5,558,794,12,3,3556,1367
2012,108,5,1,409,490,13,7,8,13,0,0,5,416,486,11,9,5,11,0,404,480,9,7,5,10,1,4,3,1,1,2,16,386,487,12,8,6,0,0,2,10,385,492,18,7,5,0,0,2,370,495,16,0,7,0,346,433,36,15,3,8,1,0,0,1,4,1,22,17,5,7,0,8,353,425,71,4,2,4,5,0,1,3,1,14,1,0,1,7,3,1,329,413,11,2,2,4,37,62,1,3,3,3,66,307,621,7,0,0,0,0,0,3,4,303,581,5,0,0,5,0,11,7,2,1,0,1,0,26,465,448,27,8,382,34,269,256,7,1285,948,1,160,253,2,6,153,260,5,3,1234,421
2012,108,6,1,750,708,42,14,12,39,1,2,10,778,698,31,20,9,25,1,741,674,26,12,7,23,7,13,8,3,1,5,45,695,722,48,29,12,0,0,9,16,676,729,54,36,18,0,0,2,661,727,66,0,18,0,604,616,100,34,10,12,0,0,8,5,13,1,36,25,15,9,1,13,622,590,171,18,7,8,6,0,5,8,1,24,0,2,3,17,6,5,560,570,37,9,7,3,96,101,6,4,1,0,154,461,1083,13,0,0,0,0,3,5,4,451,952,13,4,0,1,0,54,18,6,1,0,3,0,65,620,919,27,11,771,87,444,261,14,2070,1577,1,404,448,2,1,397,454,2,2,1941,855
2012,108,7,1,1199,1409,58,24,4,33,1,5,12,1243,1381,41,25,3,20,1,1169,1351,39,13,3,19,13,25,1,4,1,9,81,1151,1390,63,28,5,0,0,18,18,1131,1398,65,31,11,0,0,2,1101,1408,63,0,11,0,1011,1234,136,47,5,14,0,0,4,7,20,4,47,29,26,12,2,17,1037,1193,218,17,4,11,21,0,5,8,4,29,6,2,5,13,4,9,956,1147,41,6,3,5,134,179,11,7,0,4,215,896,1789,28,0,0,0,0,0,11,4,876,1655,22,3,0,2,0,43,19,2,1,0,2,0,105,1245,1422,54,23,1200,99,833,597,15,3587,2744,1,545,777,8,2,550,773,6,3,3490,1332
2012,108,8,1,855,1104,99,23,12,53,2,1,6,919,1092,70,27,7,34,0,842,1063,64,14,4,30,11,16,18,8,5,6,71,805,1126,90,48,15,0,2,4,15,795,1154,100,55,17,0,0,4,747,1152,102,0,24,0,668,939,163,75,4,22,1,0,4,5,20,5,46,49,22,13,8,20,676,921,250,42,3,24,26,9,5,14,4,69,5,1,3,19,3,9,610,857,57,9,2,4,116,202,18,6,2,4,259,565,1542,31,0,0,0,0,1,2,3,557,1405,24,4,0,5,0,40,16,12,2,0,1,0,88,896,1234,25,4,922,146,723,352,16,2593,2159,1,428,715,2,0,444,701,0,0,2272,1145
2012,108,9,1,521,616,25,10,9,7,0,2,5,538,603,26,7,6,7,0,516,597,21,4,5,4,4,6,4,2,2,0,23,508,606,30,13,10,0,0,3,5,490,606,37,17,11,0,0,3,475,612,35,0,13,0,432,528,68,19,5,7,1,0,4,5,9,4,29,19,7,8,3,7,453,507,107,14,4,9,13,0,1,5,1,17,2,1,1,12,3,3,411,487,23,7,4,1,64,93,5,0,1,1,90,371,794,13,0,0,0,0,0,4,6,358,731,11,4,0,0,0,22,12,4,0,0,0,0,43,543,602,46,5,505,50,390,247,4,1637,1196,1,257,336,6,1,257,339,3,1,1584,600
2012,108,10,1,580,862,43,14,6,19,0,1,8,598,859,37,10,5,12,0,567,846,33,8,6,13,1,10,9,1,0,3,31,577,852,44,13,7,0,0,7,12,549,861,47,14,7,0,0,1,532,874,48,0,8,0,495,774,76,27,6,12,1,1,3,0,9,1,24,28,10,6,0,11,490,740,141,12,5,9,21,0,1,1,1,25,1,2,0,12,2,3,460,705,35,7,5,4,72,134,6,2,0,1,87,378,1119,23,0,0,0,0,1,3,6,369,1025,22,2,0,2,0,32,15,4,0,0,4,0,53,770,698,63,6,569,88,488,386,6,2098,1537,1,276,458,5,2,265,471,5,0,2015,741
2012,108,11,1,870,1037,63,10,10,35,1,8,9,920,997,47,13,8,25,0,854,988,43,8,8,24,2,18,5,2,1,3,76,846,1033,71,22,7,0,0,8,10,815,1057,74,29,16,0,0,0,775,1050,77,0,15,0,709,908,126,30,7,15,1,0,8,6,16,7,41,38,10,5,3,16,729,857,214,18,5,10,24,0,3,6,3,44,3,0,3,14,3,2,667,835,57,8,5,6,95,156,3,3,0,1,200,573,1437,22,0,0,0,0,0,10,3,558,1291,21,3,0,1,0,41,26,5,1,0,3,0,91,920,1063,58,13,871,95,610,470,8,2717,2053,1,435,612,7,3,437,615,4,1,2644,1057
2012,108,12,1,579,776,45,9,11,23,0,1,7,622,743,41,9,6,14,0,566,731,38,5,6,14,2,10,3,0,1,3,66,559,770,42,18,9,0,1,2,14,537,784,48,9,13,0,0,1,503,785,52,0,15,0,458,688,78,23,7,16,0,0,8,5,9,1,39,19,17,9,0,12,491,666,143,8,5,11,13,0,1,3,1,25,2,0,3,3,2,3,435,642,26,1,5,2,64,98,7,1,1,3,151,369,1061,12,0,0,0,0,0,3,4,365,958,10,0,0,2,0,31,11,2,0,0,4,0,63,711,694,35,13,558,65,450,369,11,1941,1453,1,273,423,4,1,268,426,3,4,1868,701
2012,108,13,1,496,694,22,7,9,34,1,2,6,514,689,21,6,7,26,0,491,672,20,4,7,27,1,9,1,1,0,2,30,487,682,37,11,7,0,0,0,8,468,703,39,12,9,0,0,0,448,697,41,0,9,0,415,623,62,22,4,20,1,0,0,5,8,2,21,11,6,4,1,7,431,604,109,5,5,15,12,0,2,2,0,19,1,3,1,2,2,3,392,583,24,2,4,5,52,84,5,2,2,5,105,306,930,14,0,0,0,0,0,4,5,298,854,14,3,0,4,0,20,12,1,0,0,2,0,56,591,603,64,15,485,49,376,339,24,1713,1273,1,205,356,5,2,203,362,2,1,1670,568
2012,108,14,1,1150,1585,112,23,14,38,1,6,11,1198,1574,79,27,9,32,2,1136,1540,76,18,8,28,17,17,17,3,0,4,66,1114,1589,94,40,15,0,0,6,16,1096,1595,111,31,25,0,0,1,1057,1608,119,0,25,0,961,1388,192,42,8,20,1,0,11,6,20,9,53,55,16,16,2,27,997,1335,261,15,6,20,33,0,3,12,3,70,6,4,4,33,6,7,915,1284,74,8,5,8,131,240,12,7,3,5,239,729,2157,44,0,0,0,0,1,2,7,718,1975,38,4,0,0,0,56,39,11,2,0,1,0,95,1375,1509,52,14,1234,156,974,572,14,3779,2948,1,635,989,7,5,623,1003,6,4,3640,1636
2012,108,15,1,1075,1352,55,30,12,35,0,6,8,1117,1333,46,24,10,23,0,1062,1311,41,21,7,21,6,15,8,3,2,5,64,1029,1342,55,30,14,0,0,9,12,1026,1357,63,32,14,0,0,0,991,1359,63,0,17,0,947,1201,116,43,8,16,1,0,5,5,20,2,38,27,13,16,2,24,940,1177,190,23,8,15,23,0,4,2,3,42,5,3,2,14,3,4,888,1128,44,14,6,4,100,164,5,4,1,4,196,786,1743,26,0,0,0,0,0,9,4,773,1612,25,8,0,3,0,105,16,6,2,0,4,1,76,1169,1325,67,20,1085,105,769,615,7,3463,2580,1,539,746,5,3,535,752,3,3,3336,1293
2012,108,16,1,1028,1215,63,19,15,20,0,2,7,1059,1189,49,19,10,19,0,1004,1173,46,13,8,16,8,12,5,4,4,2,66,968,1191,60,31,15,0,1,10,20,962,1214,66,26,21,0,0,1,929,1208,63,0,17,0,864,1087,128,34,10,7,0,0,4,4,14,1,53,35,18,3,4,10,884,1042,210,19,8,8,21,0,4,6,3,32,0,0,4,6,2,3,822,1015,48,11,6,2,101,142,10,6,5,2,166,679,1634,32,0,0,0,0,3,5,3,666,1497,28,2,0,3,0,41,22,4,3,0,1,0,95,1074,1220,55,20,1022,95,628,614,10,3248,2370,1,441,619,4,4,439,623,2,4,3122,1068
2012,108,17,1,297,308,6,0,4,6,0,2,3,303,306,4,2,2,3,0,294,300,4,0,2,2,2,1,2,0,1,2,11,312,289,9,1,0,0,0,2,1,293,295,10,4,0,0,0,0,280,313,8,0,1,0,270,271,17,3,0,3,0,0,0,0,1,0,12,14,3,1,0,0,279,265,30,0,1,2,6,0,0,2,0,6,2,2,0,3,0,0,263,284,5,0,0,1,18,52,1,0,0,1,38,219,382,2,0,0,0,0,0,3,1,202,331,2,0,0,1,0,14,23,1,0,0,0,0,48,290,301,17,18,279,16,122,207,2,929,626,1,115,126,0,2,106,136,1,0,906,243
2012,108,18,1,741,758,56,11,10,26,1,6,4,770,743,45,13,7,19,0,731,725,39,9,6,19,7,13,6,0,0,2,47,710,760,47,23,8,0,0,7,8,692,757,47,32,11,0,0,0,662,786,53,0,14,0,614,680,78,24,6,13,1,0,3,5,5,2,38,30,11,9,3,4,640,661,136,17,6,8,11,0,3,3,1,27,4,0,4,13,1,3,586,636,30,10,6,3,72,104,8,4,0,5,137,480,1086,22,0,0,0,0,0,5,10,469,987,19,5,0,1,0,41,14,5,0,0,4,0,53,714,851,36,12,711,77,468,351,6,2423,1613,1,294,442,4,2,291,444,4,3,2345,742
2012,108,19,1,883,1023,66,26,14,34,1,2,4,814,1009,55,18,12,29,0,871,986,52,14,9,25,8,14,4,6,0,5,52,852,1034,65,23,12,0,0,7,10,840,1037,70,27,16,0,0,0,799,1054,71,0,16,0,753,899,111,43,11,17,2,0,2,4,17,5,32,30,12,15,2,11,757,885,179,15,8,13,19,0,3,11,2,44,0,2,5,14,3,6,713,846,49,4,8,2,77,142,9,6,1,8,170,586,1414,32,0,0,0,0,0,3,5,580,1306,27,0,1,1,0,32,28,8,1,2,4,0,54,878,1117,46,11,873,117,643,401,18,2605,2050,1,537,701,5,3,532,706,5,3,2525,1246
2012,108,20,1,458,267,8,3,10,8,0,3,3,461,260,6,2,9,7,0,451,258,5,2,9,7,0,3,3,0,0,0,19,454,247,17,3,8,0,0,6,1,439,254,17,4,8,0,0,0,422,259,19,0,4,0,407,228,30,2,7,5,0,0,1,0,5,1,9,12,3,2,1,3,412,218,48,1,6,4,4,0,0,0,1,12,0,0,0,5,0,2,394,213,15,1,6,4,26,32,0,0,0,0,65,312,436,3,0,0,0,0,0,2,2,307,401,3,2,0,3,0,13,9,0,0,0,1,0,20,287,432,38,6,387,24,142,208,2,1285,763,1,176,125,1,0,168,134,0,0,1264,302
2012,108,21,1,595,709,30,11,9,19,2,2,5,618,698,27,11,5,14,0,590,684,26,9,5,13,2,10,1,2,1,2,31,574,717,30,16,6,0,1,1,9,566,728,26,22,12,0,0,0,549,726,30,0,9,0,513,643,60,20,6,8,0,0,2,4,4,3,23,24,8,3,1,15,517,628,112,14,4,3,16,3,2,9,0,17,2,0,0,9,1,2,488,602,19,9,4,4,59,91,4,1,0,0,97,430,935,11,0,0,0,0,0,3,1,425,880,7,7,0,1,0,25,9,2,0,0,0,0,27,651,702,25,9,586,46,430,312,13,1908,1387,1,245,401,4,2,251,399,2,0,1809,652
2012,108,22,1,613,629,49,9,8,23,2,1,2,640,616,37,8,8,15,0,600,599,36,5,6,13,2,10,3,1,2,2,52,598,630,38,12,11,0,0,3,4,582,633,41,21,13,0,0,2,575,633,43,0,16,0,531,545,61,23,10,11,1,0,0,4,4,2,35,29,7,7,2,6,539,540,120,7,6,12,12,0,1,7,2,19,3,0,1,3,1,5,502,512,32,2,4,4,58,89,4,3,1,2,118,384,914,19,0,0,0,0,0,1,5,382,827,15,1,0,3,0,31,13,8,1,0,2,0,50,574,728,35,1,600,63,386,283,6,1908,1339,1,250,360,2,5,255,357,0,5,1864,617
2012,108,23,1,831,856,34,14,13,24,3,4,10,855,845,29,16,7,18,0,816,828,23,13,6,17,4,10,7,3,2,2,45,785,849,48,22,7,0,2,7,12,782,859,51,24,10,0,0,3,749,865,51,0,8,0,702,767,77,27,5,14,0,2,4,2,11,4,40,20,9,5,1,14,728,744,133,11,4,9,11,1,3,3,2,26,5,2,5,11,4,9,674,716,34,6,3,3,69,104,5,7,1,1,148,559,1194,13,0,0,0,0,1,8,5,546,1103,10,1,0,4,0,31,11,4,5,0,1,0,80,785,955,38,10,809,59,495,407,18,2382,1790,1,398,483,7,1,393,492,1,3,2291,889
2012,108,77,1,196,148,9,3,12,4,0,1,2,201,150,7,2,10,3,0,192,142,7,2,10,1,3,1,1,0,0,2,12,187,157,6,5,9,0,0,4,2,185,159,7,5,9,0,0,1,180,161,7,0,10,0,175,143,12,6,8,4,1,0,0,0,3,0,5,2,3,2,0,1,177,144,19,4,8,2,1,0,0,0,0,6,1,0,0,0,2,0,167,137,4,3,9,0,10,16,1,0,0,1,23,154,209,5,0,0,0,0,0,5,2,148,189,4,2,0,0,0,5,1,2,1,0,0,0,18,162,200,12,3,163,14,114,83,3,0,376,1,49,53,6,3,24,76,8,3,0,111
2012,108,78,1,78,81,3,0,1,3,0,0,1,78,82,2,0,1,4,0,73,79,2,0,1,2,1,1,0,0,0,1,7,19,26,0,0,1,0,0,0,0,21,28,1,0,1,0,0,0,21,27,0,0,1,0,18,26,1,0,1,0,0,0,0,0,1,1,1,0,0,0,0,1,18,23,4,1,1,0,0,0,0,0,0,1,0,1,0,0,0,1,17,22,0,0,1,0,2,2,0,0,0,0,25,11,39,0,0,0,0,0,0,0,0,11,37,0,1,0,0,0,1,1,0,0,0,0,0,0,79,83,4,1,66,8,52,40,1,0,168,1,31,66,3,0,28,70,2,0,0,100
2012,108,79,1,0,0,0,0,0,0,0,0,0,0,0,0,0,0,0,0,0,0,0,0,0,0,0,0,0,0,0,0,0,1,0,0,0,0,0,0,0,3,1,0,0,0,0,0,0,0,0,1,0,0,0,0,1,0,1,0,0,0,0,0,0,0,0,0,0,0,0,0,0,0,0,0,1,0,0,0,0,0,0,1,0,0,0,0,0,0,0,0,0,0,0,0,0,0,1,0,0,0,0,0,1,0,0,0,0,0,0,0,0,0,2,0,0,0,0,0,0,0,0,0,0,0,0,0,0,0,0,0,0,0,0,0,0,0,0,0,0,,,,,,,,,,,
2012,109,1,1,212,375,12,8,0,1,0,1,0,219,370,8,8,0,1,0,210,367,8,7,0,1,0,1,1,0,0,0,14,205,364,8,10,0,0,0,4,1,192,392,7,7,0,0,0,0,202,368,10,0,0,0,185,343,20,7,0,2,1,0,0,0,4,7,7,3,2,6,0,1,205,327,33,7,0,2,5,0,0,9,0,1,0,0,0,0,0,2,178,325,7,6,0,0,17,34,1,1,0,0,37,162,429,8,7,0,0,0,0,2,2,148,397,8,7,0,0,0,12,8,0,0,0,0,0,26,337,248,20,5,204,17,228,158,3,786,610,1,89,160,3,0,78,172,2,0,776,252
2012,109,2,1,758,865,98,34,13,42,3,1,12,804,846,85,37,9,26,2,747,829,79,27,5,24,7,16,9,1,1,7,63,692,875,114,43,0,0,2,3,8,650,902,109,42,17,0,0,2,693,854,113,0,22,0,609,721,152,88,5,21,1,0,9,9,27,24,45,10,6,15,4,8,650,683,236,42,5,20,17,0,1,40,3,1,1,21,5,2,5,17,573,656,84,23,4,9,78,144,16,2,1,6,221,426,1322,43,24,0,0,0,1,2,2,417,1081,38,21,0,2,0,29,31,17,2,0,1,0,85,713,1065,35,15,794,156,553,307,18,2262,1827,1,346,616,3,2,360,602,3,2,2097,967
2012,109,3,1,1652,1841,169,49,13,121,5,2,19,1751,1797,127,56,12,92,5,1640,1736,119,36,8,83,15,27,24,8,1,14,141,1562,1908,189,90,0,0,3,14,17,1441,1998,201,95,23,0,0,5,1495,1923,191,0,31,0,1329,1527,296,162,9,57,3,1,9,14,28,47,100,44,19,44,5,29,1359,1461,433,74,4,52,45,1,13,136,5,6,8,36,5,3,13,55,1233,1381,124,32,2,16,205,350,25,14,3,15,443,1022,2713,79,33,0,0,0,1,5,14,1001,2431,74,24,0,5,0,79,64,20,15,0,13,0,130,1437,2369,50,19,1774,342,1149,594,16,4742,3874,1,918,1295,1,2,925,1286,3,2,4404,2216
2012,109,4,1,1375,1327,83,25,6,45,2,4,8,1403,1305,68,33,4,31,0,1347,1282,65,19,4,32,3,11,7,3,1,7,86,1301,1336,93,45,0,0,1,7,6,1243,1378,91,40,19,0,0,0,1297,1303,97,0,16,0,1168,1155,154,73,6,26,1,0,9,10,10,27,41,20,20,16,4,11,1209,1090,245,40,6,26,21,0,0,56,2,1,13,23,1,6,2,13,1125,1052,68,17,3,7,116,195,8,5,0,6,263,1072,1717,35,22,0,0,0,4,5,11,1041,1568,29,17,1,3,0,44,32,6,11,0,6,0,106,1175,1606,82,17,1312,170,764,600,34,3649,2880,1,529,658,2,0,496,688,3,2,3421,1189
2012,109,5,1,1053,1311,60,18,4,15,4,7,8,1068,1292,44,20,5,11,1,1023,1260,43,13,2,11,8,15,4,3,1,1,85,1162,1155,44,22,0,0,4,15,9,888,1386,44,26,5,0,0,0,972,1282,44,0,5,0,879,1144,81,23,3,10,1,0,4,5,13,31,43,18,15,21,1,17,926,1085,136,16,2,7,27,0,2,60,0,0,3,17,2,7,1,24,820,979,30,9,2,5,82,220,8,2,0,3,300,667,1733,39,7,0,0,0,2,7,15,635,1560,30,5,0,2,0,41,46,7,2,0,2,0,131,1202,1153,120,9,1010,78,681,699,16,3173,2484,1,472,538,5,2,474,536,1,6,3045,1017
2012,109,6,1,413,505,21,5,2,3,0,2,7,425,496,20,5,1,3,0,408,490,18,4,1,3,4,6,0,0,1,0,16,414,500,12,7,0,0,0,3,2,369,533,14,5,1,0,0,0,385,516,13,0,3,0,351,468,26,6,1,2,0,0,7,5,4,10,23,2,2,5,1,5,374,453,45,4,1,4,2,0,0,14,0,0,2,5,0,2,2,2,343,430,11,2,1,1,25,67,2,2,0,0,71,292,650,8,2,0,0,0,0,1,4,285,613,8,1,0,0,0,15,12,2,1,0,0,0,18,475,450,26,9,373,29,195,351,12,1275,960,1,179,224,2,3,171,232,4,1,1198,408
2012,109,7,1,546,605,63,14,3,13,0,2,9,560,597,59,14,3,8,1,538,591,57,12,2,8,1,2,1,0,1,2,31,517,594,62,31,0,0,0,8,8,473,643,63,26,6,0,0,3,504,603,62,0,8,0,446,535,94,31,2,7,0,1,1,2,6,13,25,6,4,12,0,7,476,511,123,20,1,7,13,0,0,18,2,1,4,5,2,2,0,7,416,491,50,13,0,0,60,88,7,2,0,4,109,397,787,51,15,0,0,0,0,2,5,366,666,39,13,0,0,0,28,49,8,1,0,2,0,78,539,654,53,11,542,81,335,284,15,1623,1257,1,211,318,2,0,213,317,1,0,1556,531
2012,109,8,1,135,402,11,3,0,2,0,2,3,141,396,9,3,0,3,0,133,393,9,2,0,2,0,2,1,0,0,0,11,174,344,13,6,0,0,0,4,4,113,399,12,4,1,0,0,0,123,394,10,0,1,0,110,360,15,6,2,2,0,0,0,1,2,4,7,1,2,5,0,1,125,360,26,3,0,1,5,0,0,6,0,0,2,1,0,1,0,2,105,316,9,3,0,1,7,60,3,0,0,0,46,92,447,8,2,0,0,0,0,0,1,84,429,7,2,0,0,0,7,8,2,1,0,0,0,17,356,164,32,6,137,11,201,189,20,714,558,1,73,137,3,1,60,150,2,2,694,214
2012,109,9,1,386,404,12,1,3,6,0,0,4,395,391,11,2,3,5,0,375,383,10,1,2,5,3,5,1,0,1,0,29,354,401,14,5,0,0,0,4,5,316,442,11,5,6,0,0,0,342,407,11,0,8,0,305,375,25,2,5,4,0,0,3,2,3,2,25,4,4,8,1,3,328,356,47,2,5,2,6,0,1,9,0,1,0,3,0,1,1,6,287,346,10,2,3,4,31,49,0,0,0,0,77,239,561,9,1,0,0,0,0,2,2,233,499,7,1,0,2,0,15,16,3,0,0,0,0,39,351,409,53,6,371,37,183,222,6,1177,819,1,124,168,2,4,120,173,3,2,1127,298
2012,109,10,1,606,584,31,13,2,10,0,3,6,624,573,25,11,1,9,0,605,564,23,8,1,7,1,11,7,3,1,1,15,598,577,30,9,0,0,3,3,5,516,648,29,11,4,0,0,1,543,599,28,0,3,0,505,525,56,14,2,5,1,0,0,4,7,15,24,3,8,3,3,13,524,513,92,6,0,3,9,0,2,19,0,2,0,6,1,3,1,4,478,478,26,4,0,2,53,86,3,3,1,0,109,424,790,15,11,0,0,0,2,4,3,404,717,13,10,0,1,0,24,28,4,0,0,0,0,46,531,638,57,28,553,54,335,280,32,1632,1256,1,237,238,5,1,239,242,0,0,1537,481
2012,109,77,1,102,72,9,8,2,6,0,1,5,100,72,9,7,4,6,0,96,70,8,4,2,6,3,0,0,1,0,0,10,93,74,10,5,0,0,0,0,5,90,74,9,5,1,0,0,0,96,75,7,0,2,0,95,62,12,10,2,3,1,0,1,0,2,0,5,4,1,2,0,2,94,64,14,6,1,0,0,0,0,5,0,0,3,1,1,1,0,2,83,56,7,3,0,1,6,13,0,1,1,0,22,89,112,6,7,0,0,0,0,1,3,85,98,4,7,0,7,0,2,6,2,0,0,0,0,14,93,102,5,4,83,17,48,50,6,0,206,1,12,23,0,0,8,27,0,0,0,35
2012,109,78,1,22,23,0,0,0,1,0,1,1,22,21,0,0,0,1,0,22,21,0,0,0,1,0,0,0,0,0,0,2,1,3,0,0,0,0,0,0,0,1,2,0,0,0,0,0,0,1,2,0,0,0,0,2,2,0,0,0,0,0,0,0,0,0,0,0,0,0,0,0,0,3,2,0,0,0,0,0,0,0,0,0,0,0,0,0,0,0,0,1,2,0,0,0,0,0,0,0,0,0,0,3,1,4,0,0,0,0,0,0,0,0,1,4,0,0,0,0,0,0,0,0,0,0,0,0,0,17,28,3,0,25,1,10,11,1,0,48,1,18,17,1,0,11,25,0,0,0,36
2012,110,1,1,144,216,23,12,2,22,0,1,0,148,212,16,19,2,20,0,137,205,14,9,1,14,2,2,3,3,0,5,25,134,210,21,34,0,0,0,2,0,121,225,24,31,0,0,0,0,133,209,27,0,4,0,107,149,34,74,1,6,0,0,3,1,3,4,12,6,0,5,1,1,111,154,54,35,1,7,3,0,0,13,0,0,2,11,0,0,5,4,104,140,13,16,0,1,19,52,3,6,0,7,56,85,284,14,32,0,0,0,1,0,0,81,232,10,23,0,0,0,25,27,2,3,3,2,0,22,171,235,8,7,151,60,114,91,5,507,421,1,83,176,3,1,83,178,1,1,477,263
2012,110,2,1,972,1201,86,23,13,39,4,3,12,1004,1201,64,24,6,34,0,958,1154,57,15,6,28,6,13,17,4,1,6,73,906,1228,89,41,0,0,1,5,8,887,1231,93,44,15,0,0,1,923,1200,101,0,13,0,824,1021,172,71,4,17,3,0,6,5,17,20,40,13,8,28,6,15,846,978,240,29,3,22,34,0,0,53,1,2,2,28,3,4,1,16,777,989,73,13,2,5,105,188,14,3,2,4,208,681,1570,58,23,0,0,0,1,7,8,664,1431,54,18,0,3,0,41,24,15,6,0,5,0,78,1037,1253,47,16,1004,144,757,431,17,3040,2353,1,478,742,4,0,456,766,1,1,2941,1224
2012,110,3,1,201,141,5,0,0,0,2,2,2,204,137,4,0,0,0,0,199,236,4,0,0,0,1,0,0,0,0,0,9,186,140,7,1,0,0,3,3,2,187,139,7,1,1,0,0,0,191,138,6,0,2,0,168,129,6,0,1,1,0,0,1,0,2,2,15,2,4,5,0,1,188,125,9,0,1,0,0,0,0,7,1,0,0,1,0,0,0,2,167,118,5,0,0,0,18,17,1,0,0,0,22,135,213,0,0,0,0,0,0,2,2,132,198,0,0,0,0,0,4,1,0,0,0,0,0,14,143,185,22,3,168,7,66,111,1,723,353,1,42,57,0,2,36,63,0,2,725,101
2012,110,4,1,569,780,69,18,11,36,1,0,8,595,764,52,21,12,30,0,554,736,49,13,9,22,7,11,7,3,1,7,65,537,794,65,37,0,0,0,2,12,508,802,76,37,18,0,0,0,528,785,77,0,17,0,469,640,114,84,7,21,0,0,2,6,6,23,31,13,5,10,5,13,474,615,171,32,3,18,18,0,2,40,2,3,6,23,4,1,5,11,439,590,49,9,2,7,64,117,11,6,2,6,158,399,1029,31,17,0,0,0,0,4,6,391,944,28,13,0,5,0,15,18,10,7,0,5,0,47,651,795,35,12,585,148,487,255,18,1971,1492,1,326,547,6,1,327,548,3,2,1887,880
2012,110,5,1,796,927,44,12,3,23,1,5,5,818,912,36,10,5,15,3,769,893,35,7,2,12,1,11,3,2,3,4,68,714,993,41,21,0,0,0,8,7,690,1004,45,14,6,0,0,0,708,961,45,0,8,0,658,860,86,27,2,14,1,0,2,4,18,23,30,5,9,13,2,8,681,814,128,12,2,13,32,0,0,32,1,2,5,14,0,5,1,14,633,802,34,4,2,4,51,115,6,5,0,2,147,561,1200,31,5,0,0,0,1,6,12,540,1135,26,4,1,1,0,32,14,5,0,0,2,0,45,858,873,69,19,718,73,549,406,73,2531,1819,1,379,425,2,3,371,435,1,2,2439,809
2012,110,6,1,1039,1161,49,18,5,34,3,5,11,1061,1144,42,18,6,27,1,1020,1126,37,15,4,24,8,15,6,2,1,3,47,946,1186,49,29,0,0,0,8,19,910,1224,47,35,11,0,0,0,953,1170,59,0,14,0,869,1066,95,41,8,10,2,0,6,5,12,21,45,8,7,11,2,4,897,1019,162,22,6,13,21,0,3,42,4,1,4,10,2,2,4,8,815,1007,36,11,4,1,104,119,4,2,1,5,189,693,1560,27,19,0,0,0,0,10,7,682,1455,26,14,0,0,0,38,21,3,1,0,4,0,64,1057,1191,65,12,1008,87,594,618,18,3124,2325,1,491,573,7,5,487,585,2,2,3027,1076
2012,110,7,1,560,598,29,10,4,29,0,3,6,577,592,21,10,5,20,0,547,575,18,5,3,19,6,5,3,4,1,4,40,515,617,32,23,0,0,0,3,9,503,636,34,19,6,0,0,2,506,608,33,0,8,0,469,537,63,21,1,20,5,0,2,3,4,5,28,14,4,10,2,4,480,505,106,12,2,12,8,0,1,21,2,0,3,8,2,4,5,7,439,499,27,9,1,2,57,78,0,3,0,5,107,398,802,23,6,0,0,0,0,2,3,383,738,21,5,1,2,0,24,16,2,2,0,1,0,39,546,634,51,7,539,51,292,346,10,1798,1239,1,229,310,3,1,221,321,0,1,1719,543
2012,110,8,1,433,555,46,16,2,26,1,1,0,454,555,31,24,1,11,1,428,540,28,14,1,11,0,5,6,3,1,4,39,389,590,34,32,0,0,0,2,5,376,601,39,28,9,0,0,1,379,583,43,0,12,0,349,499,69,42,5,16,1,0,1,4,11,13,24,10,7,8,1,6,356,468,100,29,1,13,20,0,4,26,1,0,2,11,3,2,2,10,321,450,27,10,1,4,44,87,6,6,0,1,118,280,764,17,10,0,0,0,0,2,0,273,694,15,9,0,5,0,15,32,4,1,0,0,0,31,466,599,12,4,443,84,354,193,7,1328,1081,1,243,403,2,0,231,413,3,1,1280,648
2012,110,9,1,481,582,47,16,3,18,0,3,12,505,568,37,17,2,10,0,469,549,31,13,1,8,3,13,11,2,1,7,39,429,638,32,23,0,0,0,4,4,410,640,41,22,9,0,0,2,427,618,45,0,11,0,372,511,77,38,3,14,0,1,0,2,11,20,30,9,3,18,1,7,395,477,121,21,2,16,15,0,1,33,0,0,1,13,1,4,3,9,347,461,24,10,2,3,61,112,10,6,1,1,116,306,816,16,5,0,0,0,0,5,8,297,638,15,3,0,1,0,20,16,7,4,0,1,0,47,508,631,15,8,479,72,347,253,11,1483,1162,1,226,313,0,2,219,317,3,2,1370,541
2012,110,10,1,863,1017,59,15,10,35,0,7,11,905,999,41,20,6,21,1,854,980,38,13,5,19,5,12,9,2,2,3,62,818,1039,50,33,0,0,1,9,5,788,1060,61,29,5,0,0,2,827,1021,64,0,9,0,743,873,116,41,3,26,1,0,6,10,17,23,42,14,10,15,1,8,732,832,194,23,1,21,33,0,3,57,7,1,1,15,3,4,4,6,680,811,41,9,1,10,99,147,8,6,0,2,194,587,1384,28,12,0,0,0,1,2,1,573,1278,21,9,1,3,0,43,59,6,3,0,2,0,62,901,1062,54,8,870,103,599,437,16,2648,2022,1,390,521,1,1,377,530,5,1,2529,913
2012,110,11,1,1279,1514,90,28,14,72,4,6,16,1335,1494,64,36,16,47,0,1242,1451,58,22,11,39,15,18,11,3,2,14,117,1206,1546,80,74,0,0,0,11,13,1151,1586,85,62,26,0,0,0,1202,1540,92,0,35,0,1080,1263,166,101,10,37,2,0,4,17,22,48,62,28,12,48,6,15,1101,1208,287,46,5,42,40,0,6,77,0,2,4,34,5,8,9,33,1004,1167,56,22,4,12,139,262,9,7,3,14,313,1005,1938,38,20,0,0,0,0,11,6,964,1802,36,15,0,4,0,47,32,4,10,1,7,0,89,1317,1641,63,7,1283,163,1003,567,12,3780,3028,1,636,973,4,3,630,981,4,1,3591,1616
2012,110,12,1,251,287,10,2,5,5,0,0,1,256,277,9,3,6,4,0,245,272,7,1,5,3,2,2,3,0,1,2,19,236,281,12,6,0,0,0,2,2,218,292,13,8,5,0,0,0,230,276,11,0,7,0,219,252,15,6,3,3,0,0,1,3,4,8,14,1,1,3,1,3,235,230,42,3,4,3,4,0,0,7,0,1,1,1,0,1,0,0,203,225,9,2,3,1,20,38,2,1,0,2,53,177,373,5,1,0,0,0,0,1,5,171,334,5,1,0,1,0,9,6,1,0,0,0,0,29,260,283,14,6,241,15,166,139,2,777,563,1,86,147,1,1,100,135,0,0,755,235
2012,110,77,1,78,63,2,0,2,1,0,3,1,77,58,2,1,1,3,0,74,56,2,0,1,1,0,2,0,0,0,0,11,72,64,0,4,0,0,0,3,2,70,64,3,3,1,0,0,0,74,66,0,0,2,0,65,55,3,4,1,2,0,0,0,0,1,1,3,0,1,0,0,2,72,51,8,0,1,2,1,0,0,2,0,0,0,1,0,0,0,0,62,50,0,0,1,0,7,10,0,0,0,0,16,63,80,0,2,0,0,0,0,4,1,63,72,0,1,0,0,0,2,2,0,0,0,0,0,5,77,67,7,1,60,4,35,50,3,0,151,1,17,41,3,1,9,51,1,1,0,62
2012,110,78,1,36,51,4,1,3,0,0,0,0,36,53,2,1,3,0,0,36,50,2,1,3,0,0,0,2,0,0,0,1,4,6,0,0,0,0,0,25,0,4,6,0,0,0,0,0,0,4,6,0,0,0,0,12,8,0,1,0,0,0,0,0,0,0,0,0,0,0,0,0,0,10,7,8,1,0,0,0,0,0,0,0,1,0,0,0,0,0,0,4,6,0,0,0,0,0,0,0,0,0,0,15,6,8,0,0,0,0,0,0,0,0,6,8,0,0,0,0,0,0,0,0,0,0,0,0,0,44,44,7,0,36,6,21,32,0,0,95,1,22,26,0,1,16,32,0,1,0,49
