PREKEY,UNIKEY,COLKEY,GOB_PNP,GOB_PPD,GOB_MVC,GOB_PIP,GOB_PD,GOB_OTR,GOB_MVT,GOB_NVT,COM_PNP,COM_PPD,COM_MVC,COM_PIP,COM_PD,COM_OTR,COM_MVT,COM_NVT,EST_PNP_INT,EST_PPD_INT,EST_MVC_INT,EST_PIP_INT,EST_PD_INT,EST_PNP_MIX,EST_PPD_MIX,EST_MVC_MIX,EST_PIP_MIX,EST_PD_MIX,EST_BLN,EST_NUL,EST_MVT,EST_CND,EST_TOT,INSCRITOS,STATUS_1
1,1,1,56,121,0,50,3,0,0,0,49,155,14,9,1,0,0,2,46,114,0,8,1,0,1,0,7,0,0,1,0,53,230,463,FINAL (ENTRADA MANUAL)
1,1,2,50,102,0,34,3,0,0,0,40,127,14,3,1,0,0,4,36,94,0,3,1,1,1,0,1,0,1,0,0,52,190,463,FINAL (ENTRADA MANUAL)
1,1,3,57,125,0,62,1,0,0,3,40,177,10,9,0,0,0,12,38,108,0,8,0,0,1,1,1,0,1,0,0,91,249,463,FINAL (ENTRADA MANUAL)
1,1,4,58,121,0,48,4,0,0,2,45,158,12,5,3,0,0,10,41,103,0,4,2,0,1,0,5,1,1,0,0,76,234,462,FINAL (ENTRADA MANUAL)
1,2,1,42,32,1,170,10,0,0,0,35,83,110,16,8,0,0,3,32,27,1,12,6,1,1,5,30,0,0,0,0,140,255,406,FINAL (ENTRADA MANUAL)
1,2,2,45,21,1,165,7,1,0,1,38,86,95,14,4,0,0,4,32,15,1,12,1,0,6,5,39,2,1,0,0,128,242,406,FINAL (ENTRADA MANUAL)
1,2,3,50,34,1,180,2,0,0,0,36,111,97,15,0,0,0,8,30,31,1,14,0,2,0,5,33,0,0,0,0,151,267,406,FINAL (ENTRADA MANUAL)
1,2,4,34,32,0,153,4,1,0,1,30,97,80,12,2,0,0,4,22,27,0,6,2,2,2,2,36,0,0,1,1,126,227,406,FINAL (ENTRADA MANUAL)
1,2,5,43,14,0,167,4,0,0,1,41,74,93,17,2,0,0,2,35,12,0,13,2,1,3,6,23,1,0,0,0,133,229,407,FINAL (ENTRADA MANUAL)
1,3,1,86,22,3,95,5,0,0,0,66,90,38,8,3,0,0,6,58,17,1,5,2,3,5,2,9,1,0,0,0,108,211,418,FINAL (ENTRADA MANUAL)
1,3,2,85,18,0,62,9,0,0,0,70,61,25,5,5,0,0,8,60,14,0,5,3,3,4,3,6,2,0,0,0,74,174,418,FINAL (ENTRADA MANUAL)
1,3,3,77,22,1,93,7,0,0,1,60,80,40,13,3,0,0,5,55,17,1,9,3,3,3,4,11,1,0,0,0,94,201,418,FINAL (ENTRADA MANUAL)
1,3,4,73,25,0,91,6,1,1,1,58,90,27,12,6,0,0,5,50,17,0,11,2,5,3,1,10,0,1,0,0,99,199,418,FINAL (ENTRADA MANUAL)
1,3,5,82,26,1,99,8,0,0,0,68,88,43,6,8,0,0,3,60,24,0,5,7,3,3,1,11,0,0,0,0,102,216,420,FINAL (ENTRADA MANUAL)
1,4,1,104,32,0,77,7,0,1,0,85,75,23,17,4,0,0,17,78,24,0,16,3,2,0,1,6,0,1,0,0,91,222,453,FINAL (ENTRADA MANUAL)
1,4,2,96,30,0,65,22,0,0,0,89,77,14,11,14,0,0,8,75,24,0,9,11,0,5,1,5,3,0,0,0,80,213,453,FINAL (ENTRADA MANUAL)
1,4,3,109,32,0,66,14,0,0,2,96,68,27,11,9,0,0,12,85,30,0,9,7,3,1,1,7,0,0,0,0,80,223,453,FINAL (ENTRADA MANUAL)
1,4,4,108,37,2,69,11,0,0,1,92,81,26,8,9,1,0,11,86,32,1,6,6,1,2,1,7,1,1,0,0,85,229,452,FINAL (ENTRADA MANUAL)
1,5,1,78,22,3,159,6,0,0,2,57,131,60,13,4,0,0,5,52,21,3,11,3,2,4,5,18,0,0,0,0,151,270,407,FINAL (ENTRADA MANUAL)
1,5,2,64,24,1,159,9,0,0,1,52,117,70,9,2,1,0,7,46,16,1,7,2,0,6,8,17,1,0,0,0,154,259,407,FINAL (ENTRADA MANUAL)
1,5,3,89,19,0,148,12,1,0,0,76,108,61,9,6,1,0,8,66,19,0,6,5,4,5,4,25,2,0,0,0,133,269,407,FINAL (ENTRADA MANUAL)
1,5,4,75,28,1,133,7,0,0,0,54,119,57,5,1,2,0,6,46,22,1,4,0,5,8,5,17,2,1,0,0,134,245,407,FINAL (ENTRADA MANUAL)
1,5,5,64,32,0,152,7,0,1,0,49,123,62,14,4,0,0,4,47,24,0,10,2,0,5,5,20,0,2,1,0,143,259,407,FINAL (ENTRADA MANUAL)
1,5,6,72,28,0,142,4,0,0,0,59,122,55,6,1,0,0,3,54,24,0,6,1,4,4,5,21,0,0,0,0,127,246,407,FINAL (ENTRADA MANUAL)
1,5,7,67,28,1,154,6,0,0,0,48,117,72,14,2,0,0,3,45,23,1,12,2,4,3,3,24,1,0,0,0,138,256,407,FINAL (ENTRADA MANUAL)
1,5,8,62,26,0,137,2,1,0,1,51,112,54,9,1,0,1,1,39,22,0,7,1,5,7,3,19,0,1,0,0,126,230,406,FINAL (ENTRADA MANUAL)
1,6,1,117,37,0,119,4,2,0,1,84,140,36,12,2,0,0,6,70,28,0,11,1,10,2,4,10,0,0,0,0,144,280,500,FINAL (ENTRADA MANUAL)
1,6,2,65,24,1,96,5,1,0,0,52,103,30,4,3,0,0,0,38,17,1,3,3,6,5,2,14,0,0,0,0,103,192,500,FINAL (ENTRADA MANUAL)
1,6,3,92,34,1,110,6,0,0,1,61,129,40,7,4,1,0,2,49,32,1,5,2,7,8,5,13,1,0,1,0,121,245,499,FINAL (ENTRADA MANUAL)
1,7,1,110,28,0,122,3,0,0,0,83,110,52,8,3,1,0,6,68,21,0,6,1,2,5,3,20,1,1,0,0,136,264,435,FINAL (ENTRADA MANUAL)
1,7,2,85,29,0,147,5,1,0,1,71,106,71,10,2,0,0,8,61,23,0,8,2,2,5,5,17,0,0,0,0,145,268,435,FINAL (ENTRADA MANUAL)
1,7,3,84,23,1,127,5,1,1,1,63,107,59,5,3,1,0,5,47,21,1,4,3,3,2,3,22,0,1,0,0,137,244,435,FINAL (ENTRADA MANUAL)
1,7,4,85,22,0,106,3,1,0,0,73,88,41,8,3,0,0,4,66,19,0,7,2,0,7,2,15,0,0,0,0,99,217,435,FINAL (ENTRADA MANUAL)
1,7,5,111,24,1,125,3,1,0,0,85,111,46,13,5,1,0,4,78,22,1,12,2,2,3,6,10,0,0,0,0,129,265,435,FINAL (ENTRADA MANUAL)
1,7,6,87,30,0,140,5,0,0,2,73,128,46,11,1,0,0,5,59,25,0,8,0,3,5,5,14,0,0,0,0,145,264,435,FINAL (ENTRADA MANUAL)
1,7,7,104,27,0,112,6,1,0,1,82,116,44,5,1,0,0,3,69,23,0,5,1,6,2,3,15,1,0,1,0,126,252,435,FINAL (ENTRADA MANUAL)
1,7,8,90,22,1,142,11,1,0,1,66,122,63,10,4,0,0,3,57,19,0,8,2,0,4,5,14,2,0,0,0,157,268,435,FINAL (ENTRADA MANUAL)
1,7,9,91,23,2,119,6,0,0,1,68,110,46,6,5,0,0,7,56,20,2,5,5,2,2,1,4,0,0,0,0,146,243,437,FINAL (ENTRADA MANUAL)
1,8,1,103,34,3,81,9,0,0,0,89,77,32,16,8,0,0,8,80,25,1,11,6,1,1,5,9,1,1,0,0,90,231,484,FINAL (ENTRADA MANUAL)
1,8,2,107,27,0,67,3,0,1,1,89,60,25,12,2,0,1,17,72,20,0,12,0,1,0,2,9,0,1,1,0,90,208,484,FINAL (ENTRADA MANUAL)
1,8,3,124,31,0,68,14,0,0,3,110,62,35,11,8,1,0,13,99,25,0,10,6,1,2,1,6,0,2,0,0,90,242,484,FINAL (ENTRADA MANUAL)
1,8,4,123,34,0,70,8,0,1,0,104,79,19,14,6,0,0,14,92,30,0,13,5,0,1,0,10,0,1,1,0,85,238,484,FINAL (ENTRADA MANUAL)
1,9,1,67,25,2,152,5,0,0,1,59,79,85,16,6,0,0,7,48,19,2,15,3,0,3,4,21,0,0,0,0,137,252,411,FINAL (ENTRADA MANUAL)
1,9,2,81,24,1,141,3,0,1,0,68,87,68,16,4,0,0,8,63,16,0,13,2,2,3,9,27,0,2,0,2,116,255,411,FINAL (ENTRADA MANUAL)
1,9,3,57,24,0,159,8,1,0,0,47,91,86,13,10,0,0,2,44,16,0,11,5,1,1,7,17,1,0,0,0,146,249,411,FINAL (ENTRADA MANUAL)
1,9,4,68,26,2,132,3,0,0,1,53,96,61,14,2,0,0,6,48,25,1,11,2,2,4,4,14,1,0,0,0,120,232,410,FINAL (ENTRADA MANUAL)
1,10,1,107,27,0,63,16,0,0,1,94,54,23,11,11,0,0,21,85,20,0,9,10,0,0,3,4,0,0,0,1,83,215,436,FINAL (ENTRADA MANUAL)
1,10,2,100,26,0,61,15,0,1,0,88,64,18,10,12,0,0,11,82,22,0,9,9,0,2,5,5,1,2,0,0,68,205,436,FINAL (ENTRADA MANUAL)
1,10,3,126,22,0,63,9,0,1,0,107,58,24,13,8,0,0,11,93,18,0,12,6,3,0,3,3,0,0,0,0,83,221,436,FINAL (ENTRADA MANUAL)
1,10,4,97,35,0,49,9,0,0,0,76,68,19,6,5,1,0,15,70,35,0,5,3,1,1,1,4,0,0,0,0,70,190,436,FINAL (ENTRADA MANUAL)
1,10,5,119,22,0,42,15,1,0,0,103,47,22,5,14,0,0,8,95,19,0,4,9,2,0,1,4,0,0,0,0,65,199,434,FINAL (ENTRADA MANUAL)
1,11,1,123,19,0,72,9,0,0,1,100,55,29,11,4,0,0,25,90,13,0,11,0,2,0,2,6,3,0,2,0,97,226,450,FINAL (ENTRADA MANUAL)
1,11,2,105,33,1,80,6,0,0,0,98,76,28,17,4,0,0,2,90,27,0,15,3,2,0,3,5,1,2,1,0,79,228,450,FINAL (ENTRADA MANUAL)
1,11,3,110,17,1,72,7,0,0,0,103,59,22,10,6,0,0,7,93,14,0,8,4,1,1,1,9,0,2,0,0,76,209,449,FINAL (ENTRADA MANUAL)
1,12,1,105,25,1,62,10,1,0,1,91,51,25,16,8,0,0,12,82,19,0,12,7,4,1,1,7,2,1,0,1,68,206,402,FINAL (ENTRADA MANUAL)
1,12,2,113,22,0,73,11,0,0,0,98,57,33,11,7,0,0,13,89,16,0,8,6,0,0,2,13,1,0,0,0,84,219,402,FINAL (ENTRADA MANUAL)
1,12,3,111,26,0,53,12,0,0,0,92,55,19,9,9,0,0,18,79,19,0,8,6,1,0,0,2,0,1,0,0,87,203,402,FINAL (ENTRADA MANUAL)
1,12,4,104,18,0,61,10,0,0,0,88,56,21,9,9,0,0,11,81,16,0,8,8,4,1,1,4,0,0,0,0,70,193,403,FINAL (ENTRADA MANUAL)
1,13,1,70,30,0,135,6,0,0,0,52,103,64,14,6,0,0,2,37,23,0,9,5,2,1,9,24,0,0,0,0,131,241,431,FINAL (ENTRADA MANUAL)
1,13,2,91,27,2,123,5,1,0,0,81,85,66,12,1,1,0,3,70,24,2,8,0,3,3,6,21,1,0,0,0,111,249,431,FINAL (ENTRADA MANUAL)
1,13,3,93,15,3,130,7,1,1,1,72,91,61,16,4,0,1,6,63,14,2,12,2,5,3,3,14,0,1,0,0,133,252,432,FINAL (ENTRADA MANUAL)
1,14,1,100,19,1,134,3,1,0,0,73,104,65,9,3,2,0,2,67,15,1,7,1,0,3,1,23,0,0,0,0,140,258,430,FINAL (ENTRADA MANUAL)
1,14,2,91,19,0,131,5,2,1,0,68,101,57,13,6,1,0,3,48,14,0,10,3,6,3,1,19,0,1,0,0,145,250,430,FINAL (ENTRADA MANUAL)
1,14,3,73,31,0,121,3,1,0,1,56,90,66,9,3,0,0,6,45,25,0,6,3,2,1,10,26,0,0,0,0,112,230,430,FINAL (ENTRADA MANUAL)
1,14,4,73,24,0,122,3,0,0,0,67,82,60,5,1,0,1,6,55,21,0,4,1,1,2,5,10,0,0,0,0,123,222,430,FINAL (ENTRADA MANUAL)
1,14,5,82,15,0,124,5,0,0,0,65,76,60,13,5,0,0,7,50,12,0,13,1,5,5,4,9,0,0,0,0,127,226,430,FINAL (ENTRADA MANUAL)
1,15,1,76,24,0,145,7,0,0,0,61,97,63,17,7,0,0,7,54,19,0,12,4,3,4,7,11,2,0,0,0,136,252,410,FINAL (ENTRADA MANUAL)
1,15,2,88,19,1,104,3,0,1,0,72,91,38,7,4,0,0,4,60,16,1,5,1,1,1,4,19,0,0,0,0,108,216,410,FINAL (ENTRADA MANUAL)
1,15,3,84,18,1,121,3,0,0,0,76,76,56,15,2,0,0,2,68,15,1,15,1,1,1,4,17,0,0,0,0,104,227,410,FINAL (ENTRADA MANUAL)
1,15,4,79,7,0,119,8,0,0,1,63,73,48,14,5,1,1,9,55,6,0,13,4,1,0,2,17,0,1,0,0,116,215,410,FINAL (ENTRADA MANUAL)
1,15,5,89,28,0,103,4,2,0,0,72,89,44,15,2,0,0,4,66,23,0,13,2,0,1,5,12,0,1,0,0,104,227,411,FINAL (ENTRADA MANUAL)
1,16,1,120,13,0,55,7,0,1,1,101,43,22,9,5,0,0,17,85,8,0,8,1,2,1,1,4,0,1,0,0,87,198,458,FINAL (ENTRADA MANUAL)
1,16,2,120,27,0,37,6,0,1,0,94,42,17,9,6,0,0,23,89,23,0,9,2,1,1,1,1,0,2,0,0,64,193,458,FINAL (ENTRADA MANUAL)
1,16,3,124,26,0,39,7,0,0,0,108,45,22,5,9,0,0,7,93,23,0,3,4,0,0,1,4,0,0,1,0,68,197,459,FINAL (ENTRADA MANUAL)
1,17,1,116,25,1,60,4,0,0,1,110,50,23,13,4,0,0,7,96,20,1,11,4,2,0,1,1,0,0,1,0,71,208,427,FINAL (ENTRADA MANUAL)
1,17,2,105,26,1,62,9,0,0,0,88,61,20,13,9,0,1,15,82,21,1,10,5,1,0,0,1,0,0,0,1,82,204,427,FINAL (ENTRADA MANUAL)
1,17,3,106,29,0,45,5,0,0,1,86,55,15,9,4,0,0,17,80,23,0,8,2,4,1,0,2,0,1,0,0,66,187,427,FINAL (ENTRADA MANUAL)
1,17,4,96,18,0,58,4,1,0,0,90,48,25,3,3,0,0,8,80,16,0,3,2,0,4,0,4,0,2,0,0,68,179,426,FINAL (ENTRADA MANUAL)
1,18,1,104,22,0,103,12,0,0,1,87,75,49,10,8,0,0,13,72,21,0,9,3,2,0,5,22,0,2,0,0,108,244,470,FINAL (ENTRADA MANUAL)
1,18,2,108,19,0,97,5,0,1,0,91,82,28,19,4,0,1,5,82,15,0,16,3,4,3,3,5,1,0,0,0,98,230,470,FINAL (ENTRADA MANUAL)
1,18,3,104,17,0,109,3,1,0,0,85,75,38,18,1,0,0,17,78,15,0,18,1,2,2,0,8,0,1,0,0,110,235,470,FINAL (ENTRADA MANUAL)
1,18,4,88,20,0,108,5,0,0,0,73,84,38,14,3,1,1,7,59,17,0,8,2,2,4,4,11,0,1,0,0,114,222,469,FINAL (ENTRADA MANUAL)
1,19,1,89,35,0,131,14,0,0,0,77,78,78,16,9,0,0,11,71,29,0,13,9,1,0,7,16,1,1,0,0,122,270,500,FINAL (ENTRADA MANUAL)
1,19,2,102,28,1,109,5,1,1,1,87,76,47,15,5,1,0,17,73,21,1,12,2,3,1,1,7,0,6,0,0,127,254,500,FINAL (ENTRADA MANUAL)
1,19,3,91,24,1,114,14,1,0,0,80,73,67,10,9,0,0,6,72,19,1,8,8,3,1,4,14,0,0,0,0,115,245,501,FINAL (ENTRADA MANUAL)
1,20,1,64,27,0,108,7,0,2,0,50,74,46,18,5,0,1,14,44,25,0,17,2,2,1,4,9,0,1,0,0,104,209,401,FINAL (ENTRADA MANUAL)
1,20,2,86,29,1,93,10,0,0,1,63,85,34,12,5,0,0,21,57,20,1,10,3,0,2,2,10,0,0,0,0,115,220,401,FINAL (ENTRADA MANUAL)
1,20,3,88,22,1,92,15,0,0,0,74,71,40,15,12,0,0,6,64,18,0,14,9,1,1,2,13,0,0,0,0,96,218,401,FINAL (ENTRADA MANUAL)
1,21,1,73,49,0,170,8,1,0,0,62,154,64,17,3,0,0,1,51,42,0,15,3,1,5,4,22,0,0,0,0,158,301,376,FINAL (ENTRADA MANUAL)
1,21,2,61,18,1,148,5,1,0,0,47,94,64,17,7,1,0,4,42,13,1,12,1,4,5,3,19,1,0,0,0,133,234,376,FINAL (ENTRADA MANUAL)
1,21,3,55,28,0,156,4,0,0,0,48,104,76,11,2,0,0,2,35,23,0,7,2,0,4,7,20,0,0,0,0,145,243,376,FINAL (ENTRADA MANUAL)
1,21,4,64,27,0,138,2,0,0,0,52,105,60,8,1,0,0,5,44,24,0,7,1,3,6,3,21,0,0,0,0,122,231,378,FINAL (ENTRADA MANUAL)
1,22,1,88,25,0,87,12,0,0,0,80,66,43,10,8,0,0,5,74,22,0,6,8,0,0,5,9,0,1,0,0,88,213,414,FINAL (ENTRADA MANUAL)
1,22,2,85,23,0,103,10,0,0,0,76,72,47,16,5,0,0,5,73,19,0,12,5,0,1,2,11,0,1,0,1,98,223,414,FINAL (ENTRADA MANUAL)
1,22,3,95,35,0,86,10,0,0,1,81,81,42,5,3,0,0,15,73,29,0,4,3,1,1,4,9,1,1,0,0,102,228,415,FINAL (ENTRADA MANUAL)
1,23,1,90,39,0,69,13,0,0,0,77,75,28,9,10,0,0,12,68,35,0,7,7,0,1,3,5,1,0,0,0,84,211,380,FINAL (ENTRADA MANUAL)
1,23,2,85,27,0,62,9,1,0,0,69,54,26,16,5,0,0,14,65,23,0,15,4,1,1,1,5,0,0,0,0,69,184,380,FINAL (ENTRADA MANUAL)
1,23,3,86,32,0,66,7,0,1,0,76,64,28,12,6,0,0,6,68,26,0,11,4,2,0,3,9,1,0,0,0,68,192,380,FINAL (ENTRADA MANUAL)
1,23,4,99,35,0,71,13,1,0,0,88,73,33,9,6,0,0,10,74,31,0,7,6,1,1,2,9,0,0,0,0,88,219,381,FINAL (ENTRADA MANUAL)
1,24,1,125,28,1,78,5,0,0,0,114,61,34,13,3,0,0,12,95,24,0,11,1,2,2,6,5,1,0,1,0,90,238,483,FINAL (ENTRADA MANUAL)
1,24,2,114,19,1,90,5,0,0,0,94,62,29,25,6,0,0,13,81,17,1,19,5,0,2,2,8,0,0,0,0,94,229,483,FINAL (ENTRADA MANUAL)
1,24,3,115,22,0,86,6,0,0,0,97,74,26,11,7,1,0,13,86,13,0,9,4,1,0,0,12,0,1,1,0,104,231,483,FINAL (ENTRADA MANUAL)
1,25,1,121,21,0,76,15,1,0,0,107,57,28,15,14,0,0,13,98,17,0,13,12,1,2,3,7,0,0,0,0,81,234,539,FINAL (ENTRADA MANUAL)
1,25,2,124,24,0,81,7,0,0,0,98,70,27,17,7,0,0,17,90,20,0,14,4,3,1,0,4,1,0,0,0,99,236,539,FINAL (ENTRADA MANUAL)
1,25,3,118,22,1,57,6,0,0,0,93,59,18,11,8,0,0,15,84,16,1,9,5,4,0,0,2,0,0,0,0,83,204,538,FINAL (ENTRADA MANUAL)
1,72,1,318,81,2,84,8,1,0,2,292,147,42,4,6,0,0,5,268,69,0,3,4,10,1,3,12,0,0,0,1,126,497,0,FINAL (ENTRADA MANUAL)
1,72,2,43,14,0,13,1,1,0,0,39,25,4,2,1,0,0,1,38,12,0,2,0,3,1,0,5,1,1,0,0,10,73,0,FINAL (ENTRADA MANUAL)
1,72,3,313,91,2,156,10,3,0,4,293,193,66,15,5,0,1,6,271,80,2,13,4,8,5,5,23,1,0,0,0,167,579,0,FINAL (ENTRADA MANUAL)
1,72,4,45,8,1,17,0,0,0,0,45,13,7,6,0,0,0,0,45,8,1,6,0,0,1,2,3,0,0,1,0,5,72,0,FINAL (ENTRADA MANUAL)
1,72,5,41,8,0,18,0,0,0,0,34,26,4,1,2,0,0,0,34,6,0,1,0,4,1,0,5,0,0,0,0,16,67,0,FINAL (ENTRADA MANUAL)
1,72,6,6,0,0,3,0,1,0,0,7,1,1,0,0,0,0,0,6,0,0,0,0,0,1,0,0,0,0,0,0,3,10,0,FINAL (ENTRADA MANUAL)
1,72,7,28,8,0,10,1,0,0,1,27,13,4,2,1,0,0,1,26,7,0,2,0,0,0,1,3,1,0,0,0,8,48,0,FINAL (ENTRADA MANUAL)
1,72,8,7,1,0,2,0,0,0,0,7,1,2,0,0,0,0,0,7,1,0,0,0,0,0,0,2,0,0,0,0,0,10,0,FINAL (ENTRADA MANUAL)
1,72,9,16,2,0,3,0,0,0,0,14,5,1,0,0,0,1,0,13,1,0,0,0,1,0,0,0,0,0,0,0,6,21,0,FINAL (ENTRADA MANUAL)
1,72,10,0,0,0,0,0,0,0,0,0,0,0,0,0,0,0,0,0,0,0,0,0,0,0,0,0,0,0,0,0,0,0,0,FINAL (ENTRADA MANUAL)
1,72,11,1,0,0,0,0,0,0,0,1,0,0,0,0,0,0,0,1,0,0,0,0,0,0,0,0,0,0,0,0,0,1,0,FINAL (ENTRADA MANUAL)
1,72,12,0,0,0,0,0,0,0,0,0,0,0,0,0,0,0,0,0,0,0,0,0,0,0,0,0,0,0,0,0,0,0,0,FINAL (ENTRADA MANUAL)
1,73,1,311,172,2,49,6,2,0,1,293,195,21,4,3,0,0,27,279,152,1,4,3,3,2,0,7,0,0,1,0,92,544,0,FINAL (ENTRADA MANUAL)
1,73,2,0,0,0,0,0,0,0,0,0,0,0,0,0,0,0,0,0,0,0,0,0,0,0,0,0,0,0,0,0,0,0,0,FINAL (ENTRADA MANUAL)
1,73,3,37,25,0,4,1,0,0,0,37,25,1,2,0,0,0,2,35,23,0,2,0,3,0,1,0,0,2,0,1,3,70,0,FINAL (ENTRADA MANUAL)
1,74,1,17,11,0,14,2,0,0,0,17,13,10,2,2,0,0,0,15,9,0,2,2,0,0,4,4,0,0,0,0,8,44,0,FINAL (ENTRADA MANUAL)
1,74,2,0,0,0,0,0,0,0,0,0,0,0,0,0,0,0,0,0,0,0,0,0,0,0,0,0,0,0,0,0,0,0,0,FINAL (ENTRADA MANUAL)
1,75,1,1,0,0,1,0,2,0,0,0,1,1,0,0,1,0,1,0,0,0,0,0,0,0,0,1,0,1,0,0,3,5,0,FINAL (ENTRADA MANUAL)
1,75,2,0,1,0,1,0,0,0,0,0,1,0,0,0,0,0,1,0,0,0,0,0,0,0,0,0,0,0,1,0,2,3,0,FINAL (ENTRADA MANUAL)
1,75,3,0,0,0,0,0,0,0,0,0,0,0,0,0,0,0,0,0,0,0,0,0,0,0,0,0,0,0,0,0,0,0,0,FINAL (ENTRADA MANUAL)
1,75,4,0,0,0,0,0,0,0,0,0,0,0,0,0,0,0,0,0,0,0,0,0,0,0,0,0,0,0,1,0,0,1,0,FINAL (ENTRADA MANUAL)
1,76,1,140,15,0,21,4,0,1,1,117,29,3,8,7,0,0,18,89,10,0,6,0,1,0,0,1,0,2,0,0,75,184,0,FINAL (ENTRADA MANUAL)
1,76,2,2,1,0,0,0,0,0,0,2,1,0,0,0,0,0,0,2,1,0,0,0,0,0,0,0,0,0,0,0,0,3,0,FINAL (ENTRADA MANUAL)
1,76,3,24,1,0,4,0,0,1,0,20,6,0,1,0,0,1,2,16,1,0,1,0,1,0,0,0,0,0,0,0,11,30,0,FINAL (ENTRADA MANUAL)
1,76,4,0,0,0,0,0,0,0,0,0,0,0,0,0,0,0,0,0,0,0,0,0,0,0,0,0,0,0,0,0,0,0,0,FINAL (ENTRADA MANUAL)
1,76,5,6,1,0,1,0,0,0,0,4,1,0,0,0,0,0,3,1,1,0,0,0,0,0,0,0,0,0,0,0,6,8,0,FINAL (ENTRADA MANUAL)
1,76,6,0,0,0,0,0,0,0,0,0,0,0,0,0,0,0,0,0,0,0,0,0,0,0,0,0,0,0,0,0,0,0,0,FINAL (ENTRADA MANUAL)
1,77,1,0,0,0,0,0,0,0,0,0,0,0,0,0,0,0,0,0,0,0,0,0,0,0,0,0,0,0,0,0,0,0,0,FINAL (ENTRADA MANUAL)
1,77,2,35,17,0,166,2,0,0,0,31,67,103,17,1,0,0,1,25,16,0,15,1,2,1,6,38,1,0,0,0,115,220,0,FINAL (ENTRADA MANUAL)
1,77,3,0,0,0,0,0,0,0,0,0,0,0,0,0,0,0,0,0,0,0,0,0,0,0,0,0,0,0,0,0,0,0,0,FINAL (ENTRADA MANUAL)
1,77,4,2,1,0,15,1,0,0,0,1,5,9,3,1,0,0,0,0,1,0,3,1,1,1,0,3,0,0,0,0,9,19,0,FINAL (ENTRADA MANUAL)
1,77,5,0,0,0,0,0,0,0,0,0,0,0,0,0,0,0,0,0,0,0,0,0,0,0,0,0,0,0,0,0,0,0,0,FINAL (ENTRADA MANUAL)
1,77,6,0,0,0,0,0,0,0,0,0,0,0,0,0,0,0,0,0,0,0,0,0,0,0,0,0,0,0,0,0,0,0,0,FINAL (ENTRADA MANUAL)
1,77,7,29,5,0,14,0,2,0,0,27,12,8,0,0,0,0,3,25,5,0,0,0,1,0,2,2,0,0,0,0,15,15,0,FINAL (ENTRADA MANUAL)
1,77,8,2,0,1,3,1,0,0,0,2,3,1,0,1,0,0,0,2,0,0,0,1,0,1,1,0,0,0,0,0,2,7,0,FINAL (ENTRADA MANUAL)
1,77,9,2,0,0,13,1,0,0,0,2,5,8,1,0,0,0,0,2,0,0,1,0,0,0,1,5,0,0,0,0,7,16,0,FINAL (ENTRADA MANUAL)
1,78,1,150,32,1,31,10,0,0,0,125,75,23,35,9,0,0,0,109,28,0,15,4,3,1,1,8,0,0,0,0,104,273,0,FINAL (ENTRADA MANUAL)
1,78,2,24,1,0,10,0,0,0,0,13,9,1,5,0,0,0,7,9,0,0,4,0,0,0,0,0,0,0,0,0,22,35,0,FINAL (ENTRADA MANUAL)
1,78,3,14,2,0,13,1,0,0,0,11,8,3,4,1,0,0,3,7,1,0,3,1,0,1,0,1,0,1,0,0,16,31,0,FINAL (ENTRADA MANUAL)
1,78,4,4,0,0,5,0,0,0,0,4,0,3,1,0,0,0,1,4,0,0,1,0,0,0,0,0,0,0,0,0,4,9,0,FINAL (ENTRADA MANUAL)
2,1,1,90,32,3,112,10,0,0,0,78,105,40,13,6,0,0,5,67,26,2,10,6,4,2,4,10,1,0,0,0,115,247,466,FINAL (ENTRADA MANUAL)
2,1,2,78,27,0,141,15,0,0,0,70,105,55,12,12,1,0,6,60,22,0,10,9,1,3,4,15,1,1,1,0,136,263,466,FINAL (ENTRADA MANUAL)
2,1,3,78,35,2,117,12,0,0,0,74,88,53,14,10,0,0,5,61,22,1,12,8,0,4,1,8,3,0,0,0,124,244,466,FINAL (ENTRADA MANUAL)
2,1,4,64,39,0,124,14,1,0,1,51,111,48,15,10,1,0,7,46,34,0,13,7,4,7,2,18,0,0,0,0,112,243,466,FINAL (ENTRADA MANUAL)
2,1,5,66,28,0,127,13,4,0,3,62,97,54,11,12,0,0,5,49,25,0,9,8,2,4,3,22,1,0,1,0,118,242,468,FINAL (ENTRADA MANUAL)
2,2,1,44,22,0,89,5,0,0,1,35,78,36,7,3,0,0,2,34,19,0,7,1,1,3,1,12,0,0,0,0,83,161,236,FINAL (ENTRADA MANUAL)
2,2,2,41,21,0,101,7,0,1,1,36,75,43,12,5,0,0,1,32,16,0,8,4,2,3,4,13,1,0,0,1,89,173,237,FINAL (ENTRADA MANUAL)
2,3,1,124,25,0,58,9,1,1,1,108,57,19,18,8,0,0,9,98,21,0,16,6,0,1,2,9,0,0,0,0,66,219,588,FINAL (ENTRADA MANUAL)
2,3,2,126,34,0,68,7,0,0,0,105,77,22,13,7,0,0,11,94,27,0,11,4,1,0,1,8,1,0,0,0,88,235,587,FINAL (ENTRADA MANUAL)
2,4,1,98,26,0,134,16,0,1,0,86,101,59,14,8,0,0,7,83,22,0,13,5,1,2,3,19,1,0,0,0,126,275,429,FINAL (ENTRADA MANUAL)
2,4,2,82,21,0,94,9,0,0,0,68,73,35,16,5,0,0,9,65,18,0,12,4,1,0,2,10,0,0,0,0,94,206,429,FINAL (ENTRADA MANUAL)
2,4,3,92,30,0,95,16,0,0,0,76,81,49,15,10,0,0,2,65,26,0,13,8,1,0,2,14,1,1,0,0,103,233,429,FINAL (ENTRADA MANUAL)
2,4,4,80,25,1,87,12,0,0,1,61,87,33,10,10,0,0,5,53,22,1,10,7,1,2,0,11,0,0,0,0,99,206,429,FINAL (ENTRADA MANUAL)
2,4,5,97,17,1,97,11,2,0,0,85,78,35,11,9,0,0,7,69,13,0,9,5,1,2,2,9,1,0,0,0,114,225,431,FINAL (ENTRADA MANUAL)
2,5,1,52,24,0,164,6,0,0,0,42,118,64,12,5,1,0,4,34,20,0,11,4,2,1,5,17,0,0,0,0,152,246,381,FINAL (ENTRADA MANUAL)
2,5,2,77,19,1,148,9,0,0,0,63,131,46,6,4,0,0,4,56,17,1,6,3,4,6,2,13,1,0,0,0,145,254,381,FINAL (ENTRADA MANUAL)
2,5,3,83,15,0,145,10,1,0,0,65,115,51,14,3,0,0,6,62,13,0,12,3,3,2,2,29,3,1,0,0,125,255,381,FINAL (ENTRADA MANUAL)
2,5,4,71,19,1,144,12,2,0,0,55,110,63,12,7,0,0,2,48,18,0,9,5,4,3,3,28,3,0,0,0,128,249,381,FINAL (ENTRADA MANUAL)
2,5,5,57,18,1,165,7,0,0,1,54,110,59,18,7,0,0,1,43,17,0,18,4,1,3,4,20,0,0,0,0,139,249,381,FINAL (ENTRADA MANUAL)
2,5,6,67,26,1,145,12,1,0,0,59,111,69,5,5,0,0,3,53,19,1,4,5,3,3,5,20,4,0,0,0,135,252,381,FINAL (ENTRADA MANUAL)
2,5,7,67,20,0,157,9,1,0,0,50,107,70,15,5,1,0,6,45,18,0,12,4,2,4,6,22,0,0,0,0,140,253,381,FINAL (ENTRADA MANUAL)
2,5,8,76,28,0,154,9,0,0,1,70,123,54,15,5,0,0,1,57,24,0,14,4,1,8,2,17,1,0,0,0,140,268,383,FINAL (ENTRADA MANUAL)
2,6,1,65,42,0,105,6,0,0,0,60,96,46,9,5,0,0,2,52,35,0,7,1,1,3,2,10,1,1,0,0,106,219,404,FINAL (ENTRADA MANUAL)
2,6,2,50,27,1,79,7,0,0,0,41,72,33,9,6,0,0,3,38,23,1,7,4,0,1,2,7,0,0,0,0,81,164,404,FINAL (ENTRADA MANUAL)
2,6,3,70,31,1,116,9,0,0,0,60,88,51,17,8,0,0,3,51,31,1,17,5,2,0,5,15,0,0,0,0,100,227,404,FINAL (ENTRADA MANUAL)
2,6,4,65,38,1,122,5,0,0,1,60,93,57,13,5,0,0,4,55,36,0,10,3,1,1,5,21,0,0,0,0,100,232,406,FINAL (ENTRADA MANUAL)
2,7,1,99,48,1,120,10,0,0,0,85,108,54,19,6,0,0,6,77,45,1,14,4,3,2,3,17,1,1,0,0,111,279,448,FINAL (ENTRADA MANUAL)
2,7,2,90,60,0,104,11,0,0,0,72,120,43,9,9,0,0,12,61,52,0,9,6,1,4,1,10,1,0,0,0,120,265,448,FINAL (ENTRADA MANUAL)
2,7,3,82,53,0,121,6,0,0,1,68,115,45,16,5,0,0,14,58,44,0,15,3,1,2,4,11,0,0,0,0,125,263,449,FINAL (ENTRADA MANUAL)
2,8,1,50,64,1,134,6,1,0,1,45,131,57,13,7,0,0,4,40,57,1,11,6,1,5,4,22,0,0,0,0,110,257,438,FINAL (ENTRADA MANUAL)
2,8,2,54,36,1,136,5,0,0,2,44,101,62,15,2,0,0,10,38,34,1,12,2,3,4,5,22,0,0,0,0,113,234,438,FINAL (ENTRADA MANUAL)
2,8,3,64,42,2,137,11,0,0,0,56,114,66,11,5,0,0,4,45,37,1,6,3,0,3,4,19,1,2,1,0,137,259,438,FINAL (ENTRADA MANUAL)
2,8,4,50,48,2,139,5,0,0,0,40,107,76,11,5,0,0,5,28,39,1,9,2,2,4,10,15,0,2,0,1,134,247,438,FINAL (ENTRADA MANUAL)
2,8,5,57,56,1,130,4,0,1,0,48,116,66,9,3,0,0,7,46,50,0,9,2,0,3,9,17,2,0,0,0,111,249,438,FINAL (ENTRADA MANUAL)
2,8,6,56,67,0,117,9,1,0,0,49,129,51,12,4,0,0,5,43,59,0,8,2,2,1,2,23,0,0,0,0,110,250,438,FINAL (ENTRADA MANUAL)
2,8,7,65,41,1,136,3,0,0,0,53,107,64,17,1,0,0,4,47,37,1,17,0,4,6,9,17,0,0,0,0,108,246,435,FINAL (ENTRADA MANUAL)
2,9,1,102,42,1,120,17,2,1,0,94,113,47,9,13,1,1,7,83,38,1,8,11,3,2,1,12,0,0,0,0,126,285,459,FINAL (ENTRADA MANUAL)
2,9,2,87,33,1,115,16,1,0,2,80,84,51,17,12,1,0,10,71,30,1,16,9,1,1,2,14,1,0,0,0,108,256,459,FINAL (ENTRADA MANUAL)
2,9,3,111,35,1,92,15,0,0,0,92,97,31,17,12,0,0,5,71,26,1,17,9,3,1,2,9,1,0,0,0,114,254,459,FINAL (ENTRADA MANUAL)
2,9,4,87,29,0,104,14,0,0,0,72,83,43,18,12,0,0,6,64,22,0,16,8,0,1,2,7,2,1,0,0,112,235,459,FINAL (ENTRADA MANUAL)
2,9,5,72,22,0,114,12,1,0,0,63,74,46,15,12,0,0,11,53,18,0,13,7,1,1,3,14,0,0,0,0,111,221,459,FINAL (ENTRADA MANUAL)
2,9,6,73,20,0,108,7,1,0,1,66,73,39,20,7,0,0,5,51,15,0,18,4,2,3,4,12,0,0,0,0,101,210,460,FINAL (ENTRADA MANUAL)
2,10,1,47,34,1,134,4,0,0,0,41,83,65,22,8,0,0,1,36,30,1,18,4,0,1,7,14,1,0,0,0,108,220,327,FINAL (ENTRADA MANUAL)
2,10,2,36,21,1,146,11,0,0,0,34,74,80,18,5,0,0,4,32,17,0,17,4,2,2,4,16,0,0,0,0,121,215,327,FINAL (ENTRADA MANUAL)
2,11,1,55,24,0,177,8,0,0,0,53,99,85,18,6,0,0,3,46,18,0,16,5,3,5,3,23,1,0,0,0,144,264,420,FINAL (ENTRADA MANUAL)
2,11,2,73,25,0,167,10,0,0,1,65,114,77,10,2,1,0,6,59,20,0,8,2,2,7,3,36,0,0,0,0,138,275,420,FINAL (ENTRADA MANUAL)
2,11,3,52,40,1,157,10,0,0,1,49,103,78,16,7,0,0,8,41,35,1,10,5,1,5,3,18,1,0,0,0,141,261,420,FINAL (ENTRADA MANUAL)
2,11,4,53,21,0,167,7,2,0,0,47,87,90,17,9,0,0,0,39,18,0,17,4,0,3,5,28,0,0,0,0,136,250,420,FINAL (ENTRADA MANUAL)
2,11,5,44,41,1,154,14,0,0,0,41,120,62,13,10,1,0,7,32,35,1,11,8,0,4,1,19,1,0,0,1,142,255,420,FINAL (ENTRADA MANUAL)
2,11,6,50,26,1,167,7,1,0,0,38,122,63,23,4,0,0,2,37,22,1,16,3,0,5,3,25,1,0,0,0,139,252,422,FINAL (ENTRADA MANUAL)
2,12,1,76,39,0,69,11,0,0,0,63,78,27,9,8,0,0,10,60,35,0,7,7,2,3,0,5,0,1,1,0,76,197,377,FINAL (ENTRADA MANUAL)
2,12,2,89,51,0,52,5,0,0,1,78,86,16,4,6,0,0,8,73,48,0,4,5,0,0,2,7,0,0,0,0,59,198,377,FINAL (ENTRADA MANUAL)
2,13,1,92,85,0,81,7,0,0,0,79,132,27,14,8,0,0,5,71,70,0,11,5,2,2,2,7,1,0,0,0,94,265,459,FINAL (ENTRADA MANUAL)
2,13,2,79,55,0,70,10,1,0,0,67,96,26,10,8,0,0,8,65,47,0,6,8,0,2,1,8,0,0,0,0,78,215,459,FINAL (ENTRADA MANUAL)
2,13,3,73,65,1,58,4,0,0,0,60,94,22,10,3,0,0,12,50,58,1,8,1,2,1,4,8,0,0,0,0,68,201,459,FINAL (ENTRADA MANUAL)
2,13,4,82,71,1,60,11,0,0,0,69,121,16,7,6,0,0,6,63,67,1,6,4,1,3,0,7,0,0,0,0,73,225,459,FINAL (ENTRADA MANUAL)
2,13,5,81,67,0,71,8,0,0,0,69,108,19,15,11,0,0,5,65,61,0,13,6,2,1,0,6,1,1,0,0,72,228,458,FINAL (ENTRADA MANUAL)
2,14,1,60,21,1,175,6,1,0,0,51,99,99,9,4,1,0,1,46,20,1,6,4,2,5,11,29,1,0,0,0,139,264,419,FINAL (ENTRADA MANUAL)
2,14,2,70,16,1,177,8,0,0,0,64,100,80,14,8,0,0,6,56,15,0,11,5,2,0,9,19,0,0,1,0,155,273,419,FINAL (ENTRADA MANUAL)
2,14,3,62,25,0,159,7,0,0,3,52,98,84,13,6,0,0,3,45,22,0,11,4,2,1,3,24,0,0,0,2,144,258,419,FINAL (ENTRADA MANUAL)
2,14,4,80,18,0,179,11,2,0,0,67,107,86,16,10,0,0,4,61,15,0,13,8,2,2,7,27,0,0,0,0,155,290,419,FINAL (ENTRADA MANUAL)
2,14,5,49,29,0,157,13,0,0,1,44,94,82,16,11,0,0,2,38,23,0,13,8,3,3,7,25,1,0,0,0,128,249,418,FINAL (ENTRADA MANUAL)
2,15,1,75,31,0,93,8,0,1,0,69,69,49,9,6,0,0,6,54,28,0,6,2,1,0,5,20,2,0,0,0,90,208,350,FINAL (ENTRADA MANUAL)
2,15,2,72,28,0,105,12,1,0,1,65,75,51,17,6,1,0,4,52,26,0,15,5,1,3,1,8,0,1,0,0,108,220,350,FINAL (ENTRADA MANUAL)
2,15,3,85,30,1,88,9,0,0,0,72,79,35,12,12,0,0,3,60,23,0,9,6,3,1,1,7,0,0,0,0,103,213,350,FINAL (ENTRADA MANUAL)
2,15,4,67,25,1,97,11,0,0,0,57,77,36,12,8,0,0,11,47,18,0,12,8,1,2,1,13,0,0,0,0,99,201,349,FINAL (ENTRADA MANUAL)
2,16,1,60,28,0,163,5,0,0,1,49,126,68,8,2,0,0,4,45,21,0,7,2,2,8,6,37,0,0,0,0,129,257,398,FINAL (ENTRADA MANUAL)
2,16,2,47,24,1,143,4,0,0,0,43,87,80,7,2,0,0,0,35,22,0,6,1,2,2,3,15,0,0,0,0,133,219,398,FINAL (ENTRADA MANUAL)
2,16,3,57,23,0,140,6,0,0,0,49,98,60,13,4,0,0,2,46,20,0,10,3,1,4,1,18,1,0,0,0,122,226,398,FINAL (ENTRADA MANUAL)
2,16,4,53,15,0,166,2,0,1,0,44,86,92,8,2,0,0,5,38,11,0,8,2,1,1,4,23,0,0,0,0,149,236,398,FINAL (ENTRADA MANUAL)
2,16,5,43,23,1,156,7,0,0,0,40,86,81,9,9,0,0,5,34,19,0,7,3,0,2,3,19,0,0,0,0,143,230,398,FINAL (ENTRADA MANUAL)
2,16,6,55,25,0,153,7,0,0,0,49,105,70,13,1,0,0,2,41,20,0,9,1,0,4,5,20,2,0,0,1,138,241,398,FINAL (ENTRADA MANUAL)
2,16,7,43,23,0,165,3,0,0,1,38,93,82,16,2,0,0,4,35,21,0,15,1,0,3,8,30,0,0,0,0,122,235,398,FINAL (ENTRADA MANUAL)
2,16,8,48,20,0,145,3,0,0,1,43,89,70,13,2,0,0,0,35,15,0,9,2,3,9,5,24,0,0,0,0,115,217,398,FINAL (ENTRADA MANUAL)
2,16,9,40,17,0,155,4,0,0,1,35,88,70,18,3,0,0,3,31,16,0,15,2,1,3,8,18,0,0,0,0,123,217,398,FINAL (ENTRADA MANUAL)
2,16,10,71,21,0,137,5,0,0,1,60,82,75,10,4,0,0,4,55,17,0,9,3,1,1,5,20,1,0,0,0,123,235,398,FINAL (ENTRADA MANUAL)
2,16,11,41,18,0,154,5,0,0,0,37,98,71,6,3,0,0,3,27,16,0,5,2,2,7,5,21,0,0,0,1,133,219,393,FINAL (ENTRADA MANUAL)
2,17,1,57,18,0,127,4,0,0,1,46,76,71,8,1,0,0,5,42,16,0,7,1,1,1,5,21,0,0,0,0,113,207,368,FINAL (ENTRADA MANUAL)
2,17,2,65,18,0,153,10,0,0,1,57,83,82,16,6,0,0,3,50,14,0,14,5,2,4,7,28,3,0,0,0,120,247,368,FINAL (ENTRADA MANUAL)
2,17,3,68,19,0,153,9,0,0,0,54,83,89,9,5,0,0,9,46,17,0,6,4,1,3,4,27,0,0,0,0,141,249,368,FINAL (ENTRADA MANUAL)
2,17,4,57,20,1,159,13,0,0,0,49,100,75,12,6,0,0,8,45,19,1,10,2,0,5,4,22,0,0,0,0,142,250,370,FINAL (ENTRADA MANUAL)
2,18,1,78,29,1,124,12,0,0,1,68,85,56,14,14,0,0,8,56,22,0,11,9,1,2,1,18,0,0,0,0,125,245,380,FINAL (ENTRADA MANUAL)
2,18,2,67,27,0,111,11,1,0,0,59,91,37,14,8,1,0,7,52,22,0,10,5,0,3,0,7,1,0,0,0,117,217,380,FINAL (ENTRADA MANUAL)
2,18,3,79,26,0,97,8,0,0,0,72,82,35,12,5,0,0,4,68,22,0,9,2,1,1,1,12,3,0,0,0,91,210,380,FINAL (ENTRADA MANUAL)
2,18,4,59,18,1,92,10,0,0,0,51,70,35,10,9,0,1,4,43,16,0,7,5,1,1,1,6,1,1,0,0,99,181,379,FINAL (ENTRADA MANUAL)
2,19,1,34,12,0,141,7,0,0,1,31,59,90,8,6,0,0,1,26,9,0,7,4,0,2,13,11,0,0,0,0,123,195,334,FINAL (ENTRADA MANUAL)
2,19,2,25,13,0,160,11,0,0,1,23,70,91,14,9,0,1,2,17,10,0,12,7,1,1,8,21,2,0,1,0,131,211,334,FINAL (ENTRADA MANUAL)
2,19,3,37,12,0,143,8,0,0,0,32,71,81,8,5,0,0,3,27,10,0,6,4,1,1,4,24,0,0,0,0,123,200,334,FINAL (ENTRADA MANUAL)
2,20,1,76,119,0,71,3,0,0,0,60,168,24,5,3,0,0,9,55,110,0,5,1,1,2,1,10,0,2,0,0,84,271,433,FINAL (ENTRADA MANUAL)
2,20,2,43,121,0,59,4,0,0,0,37,154,27,3,2,0,0,4,34,109,0,2,1,0,2,1,5,1,0,0,0,72,227,433,FINAL (ENTRADA MANUAL)
2,20,3,44,120,1,54,3,0,0,2,37,150,19,8,0,1,0,9,31,105,0,5,1,1,1,2,6,0,1,0,0,72,225,432,FINAL (ENTRADA MANUAL)
2,21,1,81,58,0,93,9,0,0,0,65,107,34,11,7,0,0,17,54,47,0,10,4,2,2,1,8,0,1,0,0,113,242,414,FINAL (ENTRADA MANUAL)
2,21,2,75,61,0,80,16,0,0,2,64,106,25,16,7,0,0,16,53,54,0,14,6,1,0,2,9,0,1,0,0,95,235,414,FINAL (ENTRADA MANUAL)
2,21,3,83,60,1,90,13,0,0,1,73,116,27,8,10,0,1,12,54,53,1,7,7,0,0,0,3,1,0,0,0,120,246,413,FINAL (ENTRADA MANUAL)
2,22,1,109,30,0,60,6,0,0,0,97,63,23,8,8,1,0,5,81,20,0,7,4,1,2,0,8,0,0,0,1,82,206,414,FINAL (ENTRADA MANUAL)
2,22,2,95,37,1,52,4,0,0,0,80,67,18,7,3,0,0,14,74,31,1,6,1,2,0,0,5,0,1,0,0,69,190,414,FINAL (ENTRADA MANUAL)
2,22,3,81,53,1,37,5,0,0,0,69,76,17,2,4,0,0,9,62,50,1,2,3,2,1,0,8,0,1,0,0,48,178,413,FINAL (ENTRADA MANUAL)
2,23,1,85,20,1,50,4,0,0,0,84,33,25,7,3,0,0,8,67,15,1,6,2,1,0,0,7,0,0,0,0,61,160,374,FINAL (ENTRADA MANUAL)
2,23,2,88,24,0,35,10,0,1,0,70,39,17,5,9,1,0,17,57,21,0,3,8,0,2,0,3,0,1,0,0,64,159,374,FINAL (ENTRADA MANUAL)
2,24,1,126,28,1,90,7,0,1,1,100,76,28,20,3,0,0,27,80,24,1,16,3,2,0,0,7,0,1,0,0,121,255,553,FINAL (ENTRADA MANUAL)
2,24,2,124,30,0,95,10,0,0,1,100,97,30,13,6,0,0,14,86,27,0,10,5,3,1,0,18,0,0,0,0,110,260,553,FINAL (ENTRADA MANUAL)
2,25,1,106,37,0,100,8,0,1,1,87,88,39,18,12,1,0,8,79,33,0,16,5,2,0,3,14,0,0,0,0,101,253,504,FINAL (ENTRADA MANUAL)
2,25,2,110,27,0,86,12,0,0,0,100,75,30,14,6,0,0,10,88,19,0,11,2,1,2,2,4,1,1,0,0,105,236,504,FINAL (ENTRADA MANUAL)
2,25,3,101,37,0,89,10,0,0,0,90,83,34,8,8,0,0,14,75,30,0,7,5,0,2,3,4,1,0,0,0,110,237,504,FINAL (ENTRADA MANUAL)
2,25,4,110,28,0,95,8,1,0,1,98,82,34,13,6,0,0,10,81,27,0,13,1,1,0,1,12,0,1,0,0,107,244,502,FINAL (ENTRADA MANUAL)
2,26,1,72,26,0,119,4,0,0,0,56,85,67,4,2,0,0,7,47,20,0,4,1,5,1,7,20,0,0,0,0,116,221,432,FINAL (ENTRADA MANUAL)
2,26,2,64,34,0,112,3,1,0,1,56,83,55,11,2,0,0,8,49,29,0,9,1,0,2,1,26,1,1,0,0,97,216,431,FINAL (ENTRADA MANUAL)
2,72,1,314,102,0,112,12,2,0,2,299,172,49,12,7,0,0,5,282,90,0,12,6,5,4,1,23,0,0,2,0,121,546,0,FINAL (ENTRADA MANUAL)
2,72,2,52,14,0,21,0,0,0,0,50,21,10,6,0,0,0,0,50,14,0,6,0,1,4,3,6,0,0,0,0,3,87,0,FINAL (ENTRADA MANUAL)
2,72,3,242,96,0,134,20,1,0,1,223,167,79,7,5,1,0,12,199,83,0,7,2,5,9,9,25,1,0,0,0,154,494,0,FINAL (ENTRADA MANUAL)
2,72,4,40,19,0,20,1,1,0,0,41,24,9,6,1,0,0,0,39,19,0,6,0,2,1,1,7,0,3,0,0,6,84,0,FINAL (ENTRADA MANUAL)
2,72,5,46,11,0,12,1,0,0,1,42,21,6,1,0,0,0,1,41,11,0,1,0,1,0,1,1,0,0,0,0,15,71,0,FINAL (ENTRADA MANUAL)
2,72,6,19,10,0,9,0,0,0,0,19,12,4,3,0,0,0,1,18,9,0,3,0,1,0,0,4,0,1,0,0,39,40,0,FINAL (ENTRADA MANUAL)
2,72,7,0,0,0,0,0,0,0,0,0,0,0,0,0,0,0,0,0,0,0,0,0,0,0,0,0,0,0,0,0,0,0,0,FINAL (ENTRADA MANUAL)
2,72,8,12,2,0,0,0,0,0,0,12,3,1,0,0,0,0,0,12,2,0,0,0,0,0,0,3,0,1,0,0,2,20,0,FINAL (ENTRADA MANUAL)
2,72,9,36,9,0,11,0,0,0,1,35,15,7,0,0,0,0,0,34,8,0,0,0,1,0,3,1,0,0,0,0,10,57,0,FINAL (ENTRADA MANUAL)
2,72,10,13,3,0,5,0,0,1,0,14,4,2,1,0,0,1,0,12,2,0,1,0,1,0,0,4,0,0,0,1,1,22,0,FINAL (ENTRADA MANUAL)
2,72,11,11,2,0,3,0,0,0,0,11,5,0,0,0,0,0,0,11,0,0,0,0,0,1,0,1,0,0,0,0,3,16,0,FINAL (ENTRADA MANUAL)
2,72,12,1,0,0,1,0,0,0,0,1,1,0,0,0,0,0,0,1,0,0,0,0,0,1,0,0,0,0,0,0,0,2,0,FINAL (ENTRADA MANUAL)
2,73,1,488,301,3,90,8,1,1,6,447,356,26,18,3,0,0,48,402,271,2,17,1,3,4,4,4,0,0,3,1,190,902,0,FINAL (ENTRADA MANUAL)
2,73,2,0,0,0,0,0,0,0,0,0,0,0,0,0,0,0,0,0,0,0,0,0,0,0,0,0,0,0,0,0,0,0,0,FINAL (ENTRADA MANUAL)
2,73,3,0,0,0,0,0,0,0,0,0,0,0,0,0,0,0,0,0,0,0,0,0,0,0,0,0,0,0,0,0,0,0,0,FINAL (ENTRADA MANUAL)
2,73,4,4,4,0,1,0,0,0,0,4,4,0,1,0,0,0,0,4,4,0,0,0,0,0,0,0,0,3,0,0,1,12,0,FINAL (ENTRADA MANUAL)
2,74,1,13,8,0,21,3,0,0,0,13,13,11,3,3,0,0,2,12,5,0,3,3,0,0,1,7,0,0,0,0,14,45,0,FINAL (ENTRADA MANUAL)
2,74,2,0,0,0,0,0,0,0,0,0,0,0,0,0,0,0,0,0,0,0,0,0,0,0,0,0,0,0,0,0,0,0,0,FINAL (ENTRADA MANUAL)
2,75,1,3,2,0,1,0,0,0,0,3,1,0,0,0,1,0,1,3,1,0,0,0,0,0,0,0,0,0,0,1,2,7,0,FINAL (ENTRADA MANUAL)
2,75,2,0,1,0,2,0,0,0,0,0,1,0,1,0,0,0,1,0,1,0,1,0,0,0,0,0,0,0,0,0,1,3,0,FINAL (ENTRADA MANUAL)
2,75,3,1,0,0,0,0,0,0,0,1,0,0,0,0,0,0,0,1,0,0,0,0,0,0,0,0,0,0,0,0,0,1,0,FINAL (ENTRADA MANUAL)
2,76,1,43,2,0,3,2,0,0,0,33,6,0,3,3,0,0,5,28,1,0,2,1,0,0,0,0,0,1,0,0,18,51,0,FINAL (ENTRADA MANUAL)
2,76,2,0,0,0,0,0,0,0,0,0,0,0,0,0,0,0,0,0,0,0,0,0,0,0,0,0,0,0,0,0,0,0,0,FINAL (ENTRADA MANUAL)
2,76,3,7,3,1,3,0,0,0,0,6,3,2,1,0,0,0,2,5,2,1,1,0,0,0,0,0,0,0,0,0,5,14,0,FINAL (ENTRADA MANUAL)
2,76,4,0,0,0,0,0,0,0,0,0,0,0,0,0,0,0,0,0,0,0,0,0,0,0,0,0,0,0,0,0,0,0,0,FINAL (ENTRADA MANUAL)
2,76,5,3,0,0,0,0,0,0,0,1,0,0,0,0,0,0,2,1,0,0,0,0,0,0,0,0,0,0,0,0,2,3,0,FINAL (ENTRADA MANUAL)
2,76,6,1,0,0,0,0,0,0,0,1,0,0,0,0,0,0,0,1,0,0,0,0,0,0,0,0,0,0,0,0,0,1,0,FINAL (ENTRADA MANUAL)
2,77,1,0,0,0,0,0,0,0,0,0,0,0,0,0,0,0,0,0,0,0,0,0,0,0,0,0,0,0,0,0,0,0,0,FINAL (ENTRADA MANUAL)
2,77,2,24,6,1,170,2,0,0,0,24,44,116,15,2,0,0,2,24,6,0,15,1,0,1,6,32,0,1,0,0,118,204,0,FINAL (ENTRADA MANUAL)
2,77,3,0,0,0,0,0,0,0,0,0,0,0,0,0,0,0,0,0,0,0,0,0,0,0,0,0,0,0,0,0,0,0,0,FINAL (ENTRADA MANUAL)
2,77,4,3,0,0,12,2,0,0,0,4,4,8,0,1,0,0,0,3,0,0,0,1,0,0,0,1,0,0,0,0,12,17,0,FINAL (ENTRADA MANUAL)
2,77,5,15,7,2,27,2,0,0,0,14,17,18,1,0,1,0,2,13,4,1,0,0,0,0,4,7,1,0,0,0,23,53,0,FINAL (ENTRADA MANUAL)
2,77,6,1,0,0,4,0,0,0,0,0,2,2,1,0,0,0,0,0,0,0,1,0,0,0,0,0,0,0,0,0,4,5,0,FINAL (ENTRADA MANUAL)
2,78,1,179,76,0,156,11,0,1,1,149,158,53,29,10,1,1,23,123,66,0,25,7,7,1,4,13,0,2,0,1,178,427,0,FINAL (ENTRADA MANUAL)
2,78,2,13,2,0,4,1,0,0,0,9,5,0,2,0,0,0,4,8,2,0,2,0,0,0,0,0,0,1,0,1,8,22,0,FINAL (ENTRADA MANUAL)
2,78,3,11,9,0,11,1,0,0,0,9,14,4,1,1,0,0,3,6,7,0,1,1,0,0,0,1,0,0,0,0,15,31,0,FINAL (ENTRADA MANUAL)
2,78,4,0,0,0,12,0,0,0,0,0,3,8,1,0,0,0,0,0,0,0,1,0,0,0,1,2,0,0,0,0,8,12,0,FINAL (ENTRADA MANUAL)
3,1,1,84,37,2,46,12,0,0,0,75,66,18,7,8,0,0,7,69,33,2,7,7,0,0,1,7,2,1,0,0,53,182,399,FINAL (ENTRADA MANUAL)
3,1,2,88,37,1,52,10,0,0,1,71,80,19,6,6,0,0,7,65,28,1,4,5,5,1,0,6,1,0,0,0,73,192,399,FINAL (ENTRADA MANUAL)
3,1,3,87,35,1,67,12,0,0,1,65,81,24,11,13,0,0,9,52,26,1,7,6,3,1,2,6,1,1,0,0,98,204,400,FINAL (ENTRADA MANUAL)
3,2,1,85,14,1,35,6,0,0,0,74,29,12,10,5,0,0,11,70,11,1,10,3,0,0,0,4,0,0,0,0,42,141,400,FINAL (ENTRADA MANUAL)
3,2,2,81,16,2,33,4,0,0,0,82,29,12,5,4,0,0,4,73,15,2,5,3,2,0,0,2,1,0,0,0,33,136,400,FINAL (ENTRADA MANUAL)
3,3,1,98,33,1,89,18,0,0,0,90,79,39,16,12,0,0,3,84,30,0,15,10,6,2,3,10,0,0,0,1,79,240,428,FINAL (ENTRADA MANUAL)
3,3,2,88,38,0,83,16,0,0,1,76,90,38,4,10,0,0,8,68,31,0,3,9,2,1,1,13,0,1,0,0,98,227,428,FINAL (ENTRADA MANUAL)
3,3,3,94,43,0,80,7,0,0,0,87,77,29,18,5,0,0,8,78,35,0,15,4,2,2,1,6,0,0,0,0,81,224,428,FINAL (ENTRADA MANUAL)
3,3,4,102,30,1,92,8,0,1,0,86,85,32,11,7,0,0,13,75,24,0,11,5,1,5,2,7,0,1,0,0,104,235,427,FINAL (ENTRADA MANUAL)
3,4,1,84,32,0,154,12,0,0,0,63,116,74,18,9,0,0,2,53,27,0,16,8,4,4,9,19,1,0,0,0,141,282,448,FINAL (ENTRADA MANUAL)
3,4,2,74,32,0,149,8,0,0,0,64,100,69,20,9,0,0,1,54,26,0,18,6,2,2,4,9,0,0,0,0,142,263,448,FINAL (ENTRADA MANUAL)
3,4,3,74,27,3,150,16,0,0,0,61,104,69,13,20,0,0,3,54,23,2,13,11,2,5,4,25,1,0,0,1,130,271,448,FINAL (ENTRADA MANUAL)
3,4,4,71,32,0,143,18,0,0,2,62,108,66,16,10,0,0,4,54,29,0,13,8,2,2,9,20,1,0,0,0,128,266,448,FINAL (ENTRADA MANUAL)
3,4,5,72,37,0,141,7,0,0,0,58,122,54,14,6,0,0,3,55,30,0,10,5,3,3,1,19,0,1,0,0,131,258,448,FINAL (ENTRADA MANUAL)
3,4,6,74,31,1,161,15,1,0,0,67,116,76,12,10,0,0,2,59,26,1,11,7,2,1,5,17,1,0,0,0,153,283,448,FINAL (ENTRADA MANUAL)
3,4,7,72,27,0,132,16,1,0,0,75,98,50,15,5,0,0,5,63,20,0,12,5,1,2,2,16,0,0,0,0,127,248,450,FINAL (ENTRADA MANUAL)
3,5,1,87,22,1,120,17,0,0,0,78,77,67,7,11,0,0,7,69,20,1,6,8,0,0,6,12,0,0,0,1,125,248,494,FINAL (ENTRADA MANUAL)
3,5,2,97,21,0,131,13,0,0,0,81,77,55,19,12,1,0,17,71,20,0,17,8,1,0,6,14,1,2,0,0,124,264,494,FINAL (ENTRADA MANUAL)
3,5,3,65,20,0,102,12,0,0,0,60,61,46,21,8,0,0,3,51,17,0,20,7,0,0,3,8,1,0,0,0,92,199,495,FINAL (ENTRADA MANUAL)
3,6,1,95,42,4,128,22,0,0,1,77,122,50,14,19,0,0,10,73,39,3,14,13,2,2,6,11,0,0,0,0,129,292,517,FINAL (ENTRADA MANUAL)
3,6,2,94,37,0,105,18,0,0,1,80,106,36,8,16,0,0,9,68,31,0,6,13,2,2,2,11,2,0,0,0,118,255,517,FINAL (ENTRADA MANUAL)
3,6,3,111,37,2,98,16,1,0,1,100,95,33,22,11,0,0,5,92,32,2,20,6,1,0,1,11,0,0,0,0,101,266,516,FINAL (ENTRADA MANUAL)
3,7,1,78,40,0,168,8,0,0,0,67,132,69,14,9,0,0,3,62,39,0,13,6,1,2,2,24,0,0,0,0,145,294,433,FINAL (ENTRADA MANUAL)
3,7,2,67,37,0,154,12,1,0,0,56,135,48,18,10,0,0,4,49,29,0,14,8,5,6,4,19,0,0,0,0,137,271,433,FINAL (ENTRADA MANUAL)
3,7,3,79,35,2,134,16,0,0,0,65,128,47,11,10,0,0,5,59,26,1,9,8,1,8,1,17,2,0,0,3,134,269,433,FINAL (ENTRADA MANUAL)
3,7,4,61,33,0,145,15,0,0,0,57,107,61,14,12,0,0,3,45,27,0,12,7,2,3,3,17,0,0,0,0,138,254,433,FINAL (ENTRADA MANUAL)
3,7,5,66,31,0,159,9,0,0,0,54,123,63,15,6,0,0,4,51,28,0,15,4,3,5,2,19,1,0,0,0,137,265,433,FINAL (ENTRADA MANUAL)
3,7,6,58,24,2,147,18,0,1,1,49,116,62,8,11,0,0,5,42,20,1,8,8,0,6,7,29,3,0,0,0,127,251,433,FINAL (ENTRADA MANUAL)
3,7,7,58,29,0,152,4,0,0,1,51,122,50,13,5,0,0,3,44,25,0,13,2,1,8,0,14,0,0,0,0,137,244,433,FINAL (ENTRADA MANUAL)
3,7,8,59,26,0,166,8,0,0,0,50,131,58,12,6,0,0,2,42,17,0,10,4,4,7,1,16,0,0,0,0,158,259,433,FINAL (ENTRADA MANUAL)
3,7,9,53,24,2,177,9,0,0,0,49,117,67,20,8,0,0,4,43,20,1,15,5,0,5,6,18,2,0,0,0,150,265,433,FINAL (ENTRADA MANUAL)
3,7,10,49,23,1,159,14,0,0,0,35,120,65,15,8,0,0,3,34,22,1,14,5,1,5,4,21,1,0,0,0,138,246,433,FINAL (ENTRADA MANUAL)
3,7,11,53,27,1,147,11,0,0,1,51,95,65,14,6,0,0,9,49,27,1,13,6,0,2,6,13,0,0,0,1,138,241,433,FINAL (ENTRADA MANUAL)
3,7,12,70,26,1,156,10,0,0,0,66,109,63,15,5,0,0,5,54,14,1,12,4,6,4,2,24,2,0,0,0,140,263,434,FINAL (ENTRADA MANUAL)
3,8,1,98,37,0,100,8,0,0,2,89,90,39,17,6,0,0,4,76,32,0,15,4,1,2,1,9,0,0,0,0,105,245,513,FINAL (ENTRADA MANUAL)
3,8,2,102,40,0,98,17,0,0,2,94,96,41,12,9,0,0,7,79,35,0,10,6,1,2,2,9,0,1,1,0,115,261,513,FINAL (ENTRADA MANUAL)
3,8,3,89,31,1,98,17,0,0,0,76,83,37,18,13,1,0,8,64,30,0,16,9,2,1,1,8,0,1,0,0,105,237,513,FINAL (ENTRADA MANUAL)
3,8,4,101,39,0,93,12,0,0,1,78,98,33,10,8,0,0,19,71,33,0,9,5,1,2,0,6,1,2,0,0,118,248,513,FINAL (ENTRADA MANUAL)
3,9,1,65,28,0,148,14,0,0,1,61,118,51,17,8,0,0,1,55,26,0,12,6,0,7,4,16,1,0,0,0,129,256,418,FINAL (ENTRADA MANUAL)
3,9,2,68,22,0,135,15,0,0,0,57,108,45,11,14,0,0,5,52,19,0,9,9,3,7,3,15,0,0,0,0,123,240,418,FINAL (ENTRADA MANUAL)
3,9,3,61,29,0,150,12,0,0,1,55,121,48,18,6,0,0,5,49,26,0,14,5,4,5,2,16,1,0,1,0,131,254,418,FINAL (ENTRADA MANUAL)
3,9,4,71,23,0,134,14,0,0,0,56,111,46,13,7,1,0,8,44,19,0,10,2,1,3,2,21,2,1,0,1,138,244,417,FINAL (ENTRADA MANUAL)
3,10,1,67,33,0,127,15,0,0,0,61,103,50,14,13,0,0,1,57,27,0,11,10,4,2,2,19,0,1,0,0,110,243,423,FINAL (ENTRADA MANUAL)
3,10,2,73,40,0,127,11,0,0,0,64,110,54,14,5,0,0,4,54,35,0,8,4,0,9,5,11,1,1,0,0,124,252,423,FINAL (ENTRADA MANUAL)
3,10,3,69,26,1,128,11,1,1,1,53,104,44,14,11,1,1,10,44,22,0,10,7,3,2,3,21,0,1,0,0,126,239,423,FINAL (ENTRADA MANUAL)
3,10,4,65,27,1,144,13,0,0,0,56,106,52,18,13,0,0,5,48,24,1,15,8,1,4,2,29,1,0,0,0,117,250,423,FINAL (ENTRADA MANUAL)
3,10,5,76,38,0,137,16,1,0,2,74,112,60,10,9,0,1,4,61,34,0,9,7,2,3,3,16,1,0,1,0,134,271,424,FINAL (ENTRADA MANUAL)
3,11,1,90,15,1,37,11,0,0,0,78,46,12,10,7,0,0,1,74,13,0,6,7,3,0,2,5,1,0,0,0,43,154,615,FINAL (ENTRADA MANUAL)
3,12,1,76,29,0,106,9,0,0,0,50,96,39,12,10,1,0,12,44,27,0,8,5,1,3,3,6,1,1,0,0,122,221,490,FINAL (ENTRADA MANUAL)
3,12,2,67,35,1,110,20,0,0,0,50,105,39,14,15,0,0,10,42,31,0,12,12,1,3,2,13,0,0,2,1,117,236,490,FINAL (ENTRADA MANUAL)
3,12,3,67,23,1,107,16,0,0,0,58,84,39,15,14,0,1,3,53,23,1,14,10,1,1,6,15,0,0,0,0,90,214,490,FINAL (ENTRADA MANUAL)
3,12,4,65,20,1,129,23,0,0,0,56,81,44,27,22,1,0,7,44,18,1,23,17,1,2,0,14,0,0,0,0,118,238,490,FINAL (ENTRADA MANUAL)
3,13,1,99,45,0,123,19,0,0,0,87,114,55,7,16,0,0,7,76,41,0,5,14,3,3,4,21,0,0,1,0,119,287,490,FINAL (ENTRADA MANUAL)
3,13,2,72,34,0,130,13,0,0,0,62,106,56,13,9,0,0,3,52,28,0,9,7,1,5,3,14,1,0,0,0,129,249,490,FINAL (ENTRADA MANUAL)
3,13,3,82,32,0,135,12,0,0,1,70,98,57,15,8,0,0,14,60,29,0,14,6,4,4,7,23,0,1,0,0,115,263,490,FINAL (ENTRADA MANUAL)
3,13,4,101,25,1,115,19,1,0,1,95,97,45,8,12,0,0,6,85,20,1,7,7,3,1,6,19,2,1,0,0,112,264,490,FINAL (ENTRADA MANUAL)
3,13,5,63,40,0,106,16,1,0,0,59,93,43,12,15,0,0,4,51,35,0,9,13,1,2,4,11,0,0,0,0,100,226,492,FINAL (ENTRADA MANUAL)
3,14,1,92,30,0,124,5,0,0,1,83,72,74,12,3,0,0,8,74,24,0,12,3,0,0,4,9,1,0,0,0,125,252,488,FINAL (ENTRADA MANUAL)
3,14,2,81,15,2,136,5,0,0,0,71,60,81,13,5,0,0,9,60,10,1,9,1,1,2,6,25,2,0,0,0,122,239,488,FINAL (ENTRADA MANUAL)
3,14,3,61,20,2,125,8,1,0,0,56,47,84,18,8,0,0,4,48,12,1,17,6,3,0,7,21,1,0,1,0,101,218,488,FINAL (ENTRADA MANUAL)
3,14,4,76,19,2,142,3,0,0,1,61,60,99,11,4,0,0,8,57,15,1,7,2,1,0,3,14,0,0,1,0,143,244,489,FINAL (ENTRADA MANUAL)
3,15,1,67,15,1,24,9,0,0,0,54,33,14,3,7,0,0,5,48,13,1,2,5,1,0,2,1,2,2,0,0,41,118,227,FINAL (ENTRADA MANUAL)
3,16,1,94,25,0,124,14,1,0,1,76,99,54,13,7,1,0,9,70,21,0,11,6,4,1,4,15,0,2,0,2,127,263,446,FINAL (ENTRADA MANUAL)
3,16,2,81,29,0,128,13,1,0,0,69,112,44,13,11,0,0,3,65,27,0,10,9,3,1,3,14,0,0,0,0,120,252,446,FINAL (ENTRADA MANUAL)
3,16,3,77,40,0,121,14,0,0,0,63,110,42,16,11,0,0,10,58,34,0,15,8,1,7,0,19,0,0,0,0,110,252,446,FINAL (ENTRADA MANUAL)
3,16,4,88,34,0,129,9,0,0,2,77,120,38,12,8,0,0,7,66,30,0,10,7,2,10,5,19,0,0,0,0,113,262,446,FINAL (ENTRADA MANUAL)
3,16,5,79,27,1,134,18,0,0,2,71,114,44,13,15,0,0,4,65,22,1,12,10,2,5,2,12,2,0,0,0,128,261,447,FINAL (ENTRADA MANUAL)
3,17,1,73,33,0,76,18,0,0,0,65,82,29,9,13,0,0,2,53,25,0,9,10,0,2,4,13,2,0,0,0,82,200,358,FINAL (ENTRADA MANUAL)
3,17,2,83,26,0,86,11,0,0,0,74,67,43,9,9,0,0,4,66,24,0,9,6,0,0,4,13,0,0,0,0,84,206,358,FINAL (ENTRADA MANUAL)
3,17,3,82,22,1,84,8,0,1,1,77,71,28,13,8,0,0,2,74,22,1,12,6,1,3,1,10,0,0,0,0,69,199,357,FINAL (ENTRADA MANUAL)
3,18,1,117,38,0,108,18,0,0,1,100,91,49,12,10,0,0,20,86,31,0,12,7,2,0,6,10,1,0,0,1,127,283,567,FINAL (ENTRADA MANUAL)
3,18,2,110,39,0,64,13,1,0,0,95,66,25,12,12,0,1,16,84,32,0,9,8,0,1,0,2,3,2,0,0,88,229,567,FINAL (ENTRADA MANUAL)
3,18,3,99,48,0,90,10,0,0,0,82,95,29,15,9,0,0,17,73,35,0,15,5,1,0,3,6,0,0,3,0,109,250,567,FINAL (ENTRADA MANUAL)
3,18,4,95,29,1,84,16,0,0,0,77,74,38,14,15,0,0,7,68,17,0,11,12,3,0,1,5,0,0,0,0,108,225,568,FINAL (ENTRADA MANUAL)
3,19,1,95,19,0,18,2,1,1,0,89,33,7,1,2,0,0,4,85,18,0,0,2,4,0,1,1,0,0,0,0,25,136,249,FINAL (ENTRADA MANUAL)
3,20,1,71,21,0,124,14,0,0,0,54,99,46,15,11,0,0,5,50,18,0,15,10,2,2,4,17,1,0,0,0,111,230,436,FINAL (ENTRADA MANUAL)
3,20,2,49,33,0,152,16,0,0,0,41,122,50,19,14,0,0,4,36,25,0,16,9,0,4,4,15,2,0,0,0,139,250,436,FINAL (ENTRADA MANUAL)
3,20,3,75,31,0,138,7,0,0,1,64,115,48,16,4,0,0,5,56,27,0,14,2,0,5,1,18,2,0,1,0,127,253,436,FINAL (ENTRADA MANUAL)
3,20,4,72,34,0,122,11,0,0,0,64,114,42,10,7,0,0,2,56,28,0,7,4,3,1,5,19,1,0,0,0,115,239,436,FINAL (ENTRADA MANUAL)
3,20,5,69,32,0,141,10,0,0,1,62,113,47,18,7,0,0,6,52,27,0,13,6,1,6,3,13,0,0,0,0,132,253,436,FINAL (ENTRADA MANUAL)
3,20,6,69,37,0,118,12,0,0,1,56,116,39,11,9,0,0,6,50,30,0,11,8,1,6,5,15,0,0,0,0,111,237,436,FINAL (ENTRADA MANUAL)
3,20,7,57,29,0,128,16,1,0,0,52,101,45,14,14,0,0,5,43,25,0,11,9,3,4,7,18,0,0,0,0,111,231,436,FINAL (ENTRADA MANUAL)
3,21,1,77,42,0,49,12,0,0,1,67,68,19,8,9,0,0,10,51,34,0,7,8,1,0,1,7,0,0,0,0,72,181,356,FINAL (ENTRADA MANUAL)
3,21,2,76,31,0,49,11,0,0,2,71,59,13,12,7,0,0,7,59,28,0,9,7,1,1,3,4,0,0,0,0,57,169,356,FINAL (ENTRADA MANUAL)
3,22,1,84,26,0,109,18,0,0,0,73,90,35,15,16,0,0,8,68,21,0,12,12,1,4,3,12,0,3,0,0,104,240,427,FINAL (ENTRADA MANUAL)
3,22,2,81,15,1,116,11,0,0,1,76,75,47,12,9,0,0,6,63,14,1,9,8,3,3,3,20,0,0,0,0,101,225,427,FINAL (ENTRADA MANUAL)
3,22,3,105,24,0,101,14,0,0,0,93,66,56,13,9,0,0,7,81,21,0,13,8,1,2,1,15,2,1,0,0,100,245,426,FINAL (ENTRADA MANUAL)
3,23,1,135,29,3,70,6,0,0,0,116,73,31,9,6,0,0,8,105,25,3,9,5,7,2,1,9,0,1,1,1,77,246,468,FINAL (ENTRADA MANUAL)
3,23,2,133,29,0,67,11,1,0,1,114,75,24,6,10,0,0,13,108,23,0,4,6,0,1,3,3,0,1,0,0,94,243,467,FINAL (ENTRADA MANUAL)
3,24,1,37,9,0,26,9,0,0,0,31,23,9,4,9,0,0,5,25,7,0,4,3,0,1,2,2,0,0,0,0,37,81,160,FINAL (ENTRADA MANUAL)
3,25,1,38,6,0,16,0,0,0,0,32,8,4,5,0,0,0,11,25,5,0,3,0,0,0,0,0,0,0,0,0,27,60,197,FINAL (ENTRADA MANUAL)
3,26,1,107,29,0,147,13,0,2,1,91,94,61,26,9,0,0,18,85,25,0,23,6,4,3,9,22,2,0,0,0,120,299,426,FINAL (ENTRADA MANUAL)
3,26,2,69,19,0,127,9,0,1,1,65,81,53,12,5,3,0,7,56,15,0,9,3,1,5,4,18,0,2,0,0,115,228,426,FINAL (ENTRADA MANUAL)
3,26,3,58,20,2,135,11,0,1,0,49,98,61,11,6,0,0,2,44,16,2,10,5,0,2,3,12,1,0,0,0,132,227,426,FINAL (ENTRADA MANUAL)
3,26,4,70,23,0,137,9,0,0,0,58,88,63,15,5,1,0,9,47,21,0,14,5,1,2,6,17,0,0,0,0,126,239,426,FINAL (ENTRADA MANUAL)
3,26,5,60,30,0,120,7,0,0,0,56,88,56,11,3,0,0,3,48,23,0,11,3,1,0,5,11,1,1,0,0,114,218,426,FINAL (ENTRADA MANUAL)
3,26,6,65,30,0,120,9,0,0,1,59,90,56,10,8,0,0,2,53,26,0,9,7,1,3,3,20,0,0,0,0,103,225,426,FINAL (ENTRADA MANUAL)
3,27,1,136,23,0,52,13,0,1,0,129,44,24,10,9,0,1,8,117,16,0,8,8,5,1,2,7,1,2,0,0,60,226,587,FINAL (ENTRADA MANUAL)
3,72,1,574,167,0,115,21,2,0,2,549,243,57,13,6,1,0,12,516,149,0,12,4,9,9,10,15,1,0,0,0,156,881,0,FINAL (ENTRADA MANUAL)
3,72,2,61,17,0,20,1,1,0,0,61,27,9,2,1,0,0,0,58,16,0,2,0,2,4,2,5,0,0,0,0,11,100,0,FINAL (ENTRADA MANUAL)
3,72,3,535,270,0,233,29,1,2,1,494,415,104,23,15,0,1,18,458,237,0,21,11,17,14,7,39,1,0,1,2,266,1074,0,FINAL (ENTRADA MANUAL)
3,72,4,67,40,0,16,3,1,0,1,65,51,8,1,1,0,0,1,63,39,0,1,1,2,6,0,6,1,0,0,0,8,127,0,FINAL (ENTRADA MANUAL)
3,72,5,129,17,0,26,2,0,1,0,123,26,16,0,4,0,1,5,115,15,0,0,2,2,0,2,3,1,0,0,0,35,175,0,FINAL (ENTRADA MANUAL)
3,72,6,20,5,0,1,0,0,1,0,20,5,1,0,0,0,0,1,19,5,0,0,0,0,0,0,1,0,0,0,0,2,27,0,FINAL (ENTRADA MANUAL)
3,72,7,0,0,0,0,0,0,0,0,0,0,0,0,0,0,0,0,0,0,0,0,0,0,0,0,0,0,0,0,0,0,0,0,FINAL (ENTRADA MANUAL)
3,72,8,1,0,0,0,0,0,0,0,1,0,0,0,0,0,0,0,1,0,0,0,0,0,0,0,0,0,0,0,0,0,1,0,FINAL (ENTRADA MANUAL)
3,72,9,23,2,3,0,0,0,0,0,22,2,2,1,0,0,0,1,21,2,0,0,0,0,0,0,1,0,0,0,0,4,28,0,FINAL (ENTRADA MANUAL)
3,72,10,5,2,0,2,0,0,0,0,4,4,1,0,0,0,0,0,4,2,0,0,0,0,0,1,1,0,0,0,0,1,9,0,FINAL (ENTRADA MANUAL)
3,72,11,89,26,0,10,1,0,0,0,82,30,6,1,1,0,0,6,78,22,0,1,1,0,0,2,2,0,0,0,0,20,126,0,FINAL (ENTRADA MANUAL)
3,72,12,30,7,0,3,0,0,0,1,27,10,2,2,0,0,0,0,26,6,0,2,0,1,0,0,0,0,0,0,0,6,41,0,FINAL (ENTRADA MANUAL)
3,73,1,103,166,1,50,4,0,0,0,96,192,17,8,3,0,0,8,88,156,1,7,2,0,4,0,3,0,0,0,0,63,324,0,FINAL (ENTRADA MANUAL)
3,73,2,0,0,0,0,0,0,0,0,0,0,0,0,0,0,0,0,0,0,0,0,0,0,0,0,0,0,0,0,0,0,0,0,FINAL (ENTRADA MANUAL)
3,73,3,35,37,0,4,4,0,0,0,27,39,1,1,3,0,0,9,26,33,0,1,2,0,0,0,0,0,0,0,0,18,80,0,FINAL (ENTRADA MANUAL)
3,74,1,17,4,0,16,0,0,0,0,15,11,8,3,0,0,0,0,15,4,0,3,0,0,0,2,1,0,0,0,0,12,37,0,FINAL (ENTRADA MANUAL)
3,74,2,0,0,0,0,0,0,0,0,0,0,0,0,0,0,0,0,0,0,0,0,0,0,0,0,0,0,0,0,0,0,0,0,FINAL (ENTRADA MANUAL)
3,75,1,0,0,0,0,0,0,0,0,0,0,0,0,0,0,0,0,0,0,0,0,0,0,0,0,0,0,0,0,0,0,0,0,FINAL (ENTRADA MANUAL)
3,75,2,4,0,0,2,0,0,0,0,4,1,0,0,0,1,0,0,3,0,0,0,0,0,0,0,0,0,0,0,0,3,6,0,FINAL (ENTRADA MANUAL)
3,75,3,0,0,0,0,0,0,0,0,0,0,0,0,0,0,0,0,0,0,0,0,0,0,0,0,0,0,0,0,0,0,0,0,FINAL (ENTRADA MANUAL)
3,75,4,0,0,0,0,0,0,0,0,0,0,0,0,0,0,0,0,0,0,0,0,0,0,0,0,0,0,0,0,0,0,0,0,FINAL (ENTRADA MANUAL)
3,76,1,52,4,0,5,1,0,0,0,49,7,1,1,1,0,0,3,43,2,0,1,1,0,0,0,1,0,0,1,0,14,63,0,FINAL (ENTRADA MANUAL)
3,76,2,1,0,0,0,0,0,0,0,1,0,0,0,0,0,0,0,1,0,0,0,0,0,0,0,0,0,0,0,0,0,1,0,FINAL (ENTRADA MANUAL)
3,76,3,11,1,0,5,1,0,0,0,10,4,0,1,1,0,0,2,6,1,0,1,1,0,0,0,0,0,0,0,0,9,18,0,FINAL (ENTRADA MANUAL)
3,76,4,0,0,0,0,0,0,0,0,0,0,0,0,0,0,0,0,0,0,0,0,0,0,0,0,0,0,1,0,0,0,1,0,FINAL (ENTRADA MANUAL)
3,76,5,1,0,0,0,0,0,0,0,1,0,0,0,0,0,0,0,0,0,0,0,0,0,0,0,0,0,0,0,0,1,1,0,FINAL (ENTRADA MANUAL)
3,77,1,0,0,0,0,0,0,0,0,0,0,0,0,0,0,0,0,0,0,0,0,0,0,0,0,0,0,0,0,0,0,0,0,FINAL (ENTRADA MANUAL)
3,77,2,22,19,0,151,2,0,0,0,21,50,97,67,5,0,0,1,16,10,0,13,0,2,5,8,27,2,0,0,0,102,185,0,FINAL (ENTRADA MANUAL)
3,77,3,0,0,0,1,0,0,0,0,0,0,1,0,0,0,0,0,0,0,0,0,0,0,0,0,0,0,0,0,0,1,0,0,FINAL (ENTRADA MANUAL)
3,77,4,0,0,0,6,0,0,0,0,0,1,4,1,0,0,0,0,0,0,0,1,0,0,0,0,1,0,0,0,0,4,6,0,FINAL (ENTRADA MANUAL)
3,77,5,39,14,0,16,1,0,0,1,37,21,11,1,0,0,0,1,35,12,0,0,0,0,0,2,1,0,0,0,1,21,71,0,FINAL (ENTRADA MANUAL)
3,77,6,1,0,0,0,0,0,0,0,0,0,0,0,0,0,0,1,0,0,0,0,0,0,0,0,0,0,0,0,0,1,1,0,FINAL (ENTRADA MANUAL)
3,77,7,0,0,0,0,0,0,0,0,0,0,0,0,0,0,0,0,0,0,0,0,0,0,0,0,0,0,0,0,0,0,0,0,FINAL (ENTRADA MANUAL)
3,77,8,0,0,0,2,0,0,0,0,0,1,0,1,0,0,0,0,0,0,0,1,0,0,0,0,0,0,0,0,0,1,2,0,FINAL (ENTRADA MANUAL)
3,77,9,6,2,0,11,0,0,0,0,6,8,5,0,0,0,0,0,6,2,0,0,0,0,2,0,2,0,0,0,0,7,19,0,FINAL (ENTRADA MANUAL)
3,78,1,158,45,1,91,16,1,1,3,126,98,32,14,11,0,0,35,106,36,1,13,10,1,1,7,13,0,0,2,0,128,318,0,FINAL (ENTRADA MANUAL)
3,78,2,22,1,0,3,1,1,1,2,23,1,0,3,2,0,1,1,18,0,0,2,1,1,0,0,0,0,0,0,0,9,31,0,FINAL (ENTRADA MANUAL)
3,78,3,9,4,1,10,0,0,0,1,9,7,6,2,0,0,0,1,7,3,1,2,0,0,0,1,0,0,0,0,0,11,25,0,FINAL (ENTRADA MANUAL)
3,78,4,4,0,1,6,0,0,0,0,3,1,7,0,0,0,0,0,3,0,1,0,0,0,0,2,2,0,0,0,0,3,11,0,FINAL (ENTRADA MANUAL)
4,1,1,47,36,0,76,10,0,1,0,39,87,23,7,6,0,0,8,35,31,0,6,4,1,1,1,16,0,1,0,1,75,172,319,FINAL (ENTRADA MANUAL)
4,1,2,46,42,1,83,14,0,0,0,44,94,21,11,12,0,0,4,38,41,1,11,7,0,4,1,13,0,0,0,0,70,186,319,FINAL (ENTRADA MANUAL)
4,1,3,54,40,0,57,21,0,0,0,40,97,15,6,9,0,0,5,36,30,0,4,8,1,1,1,9,6,1,0,0,76,173,319,FINAL (ENTRADA MANUAL)
4,2,1,99,33,0,148,11,1,0,1,82,132,56,8,9,1,0,5,75,28,0,6,5,8,4,1,35,0,0,0,0,131,293,433,FINAL (ENTRADA MANUAL)
4,2,2,91,28,0,133,11,0,0,0,67,147,30,10,6,1,0,2,64,25,0,9,3,3,6,1,14,2,0,0,0,136,263,433,FINAL (ENTRADA MANUAL)
4,2,3,91,26,0,137,9,0,0,0,69,125,47,12,6,0,0,4,62,18,0,9,4,2,4,3,17,1,0,0,0,143,263,433,FINAL (ENTRADA MANUAL)
4,2,4,83,17,0,135,8,3,0,0,66,124,39,8,4,0,0,5,59,14,0,8,3,2,6,1,19,2,0,0,0,132,246,433,FINAL (ENTRADA MANUAL)
4,2,5,101,37,0,141,9,0,0,1,80,136,58,7,5,0,0,3,69,32,0,4,4,5,7,3,24,3,1,0,0,138,290,433,FINAL (ENTRADA MANUAL)
4,2,6,83,33,1,132,11,0,0,0,69,119,52,12,4,0,0,4,58,29,0,10,3,1,6,4,19,1,0,0,0,129,260,433,FINAL (ENTRADA MANUAL)
4,2,7,84,32,0,129,11,0,0,2,67,118,47,12,11,0,0,3,63,26,0,10,8,3,5,2,18,2,0,0,0,121,258,433,FINAL (ENTRADA MANUAL)
4,3,1,74,23,4,156,14,0,0,0,64,124,51,14,14,0,0,4,57,17,2,11,7,3,3,2,20,2,0,0,0,147,271,443,FINAL (ENTRADA MANUAL)
4,3,2,72,36,0,157,13,0,0,1,62,118,71,10,11,0,0,7,55,31,0,7,9,2,4,1,21,0,0,1,0,149,280,443,FINAL (ENTRADA MANUAL)
4,3,3,66,30,1,171,20,0,0,0,58,117,80,14,14,0,0,5,49,26,1,12,13,4,3,4,26,1,1,0,0,149,289,443,FINAL (ENTRADA MANUAL)
4,3,4,83,22,1,158,16,0,0,0,64,100,75,17,12,0,0,12,55,18,1,13,8,3,2,2,14,2,0,0,0,162,280,443,FINAL (ENTRADA MANUAL)
4,3,5,62,20,1,173,12,0,0,0,56,118,69,11,4,1,0,9,49,17,1,10,3,1,4,3,28,0,0,1,1,152,270,443,FINAL (ENTRADA MANUAL)
4,3,6,65,28,0,160,14,0,0,0,57,123,60,12,10,0,0,5,50,26,0,10,6,0,6,2,25,1,0,1,0,141,268,443,FINAL (ENTRADA MANUAL)
4,4,1,102,36,1,139,10,0,0,1,86,139,39,19,5,0,0,1,78,31,0,16,3,1,11,1,21,1,0,0,1,126,290,395,FINAL (ENTRADA MANUAL)
4,4,2,78,27,0,98,9,1,0,1,57,112,25,8,5,2,0,5,51,22,0,6,4,4,5,0,11,1,0,0,1,110,215,395,FINAL (ENTRADA MANUAL)
4,4,3,116,20,0,114,6,1,0,1,85,125,30,10,6,0,0,2,80,14,0,9,4,7,9,0,15,0,0,0,0,120,258,395,FINAL (ENTRADA MANUAL)
4,4,4,103,31,0,124,5,3,0,0,79,131,31,10,4,1,0,10,73,27,0,10,3,5,10,0,15,1,1,0,0,122,267,395,FINAL (ENTRADA MANUAL)
4,4,5,95,43,0,134,7,0,0,0,67,151,41,11,6,0,0,3,58,29,0,11,4,3,5,2,16,0,0,0,0,151,279,395,FINAL (ENTRADA MANUAL)
4,4,6,94,19,1,121,10,1,0,1,72,112,38,12,8,1,0,4,65,18,0,11,4,5,4,2,17,2,2,0,0,119,249,395,FINAL (ENTRADA MANUAL)
4,4,7,97,29,0,130,6,2,0,0,77,136,30,14,4,0,1,2,67,28,0,10,2,3,7,0,15,0,2,1,0,132,267,395,FINAL (ENTRADA MANUAL)
4,4,8,109,19,0,126,6,0,0,0,82,136,34,5,3,0,0,0,76,16,0,5,2,5,9,1,16,1,0,0,0,129,260,395,FINAL (ENTRADA MANUAL)
4,5,1,68,18,1,112,12,0,0,1,62,83,50,7,7,0,0,3,57,15,1,6,5,2,2,5,20,0,0,0,1,99,213,392,FINAL (ENTRADA MANUAL)
4,5,2,74,29,0,127,10,0,0,1,62,109,45,13,9,0,0,3,51,25,0,11,5,1,5,1,18,0,0,0,0,124,241,392,FINAL (ENTRADA MANUAL)
4,5,3,80,27,0,134,6,0,0,0,63,104,50,18,7,0,0,5,52,21,0,17,5,2,4,3,19,0,1,0,1,124,249,392,FINAL (ENTRADA MANUAL)
4,5,4,78,28,0,149,5,0,0,1,74,106,62,10,5,0,0,4,67,19,0,9,3,5,3,1,17,0,0,0,0,137,261,393,FINAL (ENTRADA MANUAL)
4,6,1,76,23,0,141,17,0,0,1,58,127,50,11,8,0,0,4,56,21,0,7,7,0,3,2,22,0,1,0,0,140,259,414,FINAL (ENTRADA MANUAL)
4,6,2,100,25,0,135,10,0,0,1,82,117,50,9,7,1,0,5,67,23,0,7,4,3,5,2,18,1,0,0,0,141,271,414,FINAL (ENTRADA MANUAL)
4,6,3,81,28,0,129,7,0,1,0,63,121,47,8,5,0,0,2,57,22,0,7,5,1,5,3,13,0,0,0,0,133,246,414,FINAL (ENTRADA MANUAL)
4,6,4,68,26,0,140,13,0,0,0,46,142,35,13,9,0,0,2,40,24,0,11,6,2,8,3,21,0,0,0,0,132,247,414,FINAL (ENTRADA MANUAL)
4,6,5,70,24,0,156,10,0,0,0,59,123,48,18,6,1,0,5,55,22,0,17,3,2,12,3,17,0,0,0,1,129,261,414,FINAL (ENTRADA MANUAL)
4,6,6,70,24,0,148,16,0,0,0,58,114,62,13,10,0,0,1,52,20,0,10,8,2,8,5,15,2,0,0,0,136,258,414,FINAL (ENTRADA MANUAL)
4,6,7,72,21,1,176,7,0,0,0,58,126,69,16,5,1,0,2,53,15,1,15,2,2,6,2,25,0,0,0,0,156,277,412,FINAL (ENTRADA MANUAL)
4,7,1,122,54,0,140,9,0,0,0,102,154,51,8,7,0,0,3,93,52,0,5,4,4,5,0,21,1,0,0,0,141,325,399,FINAL (ENTRADA MANUAL)
4,7,2,70,25,2,147,9,0,0,1,57,120,49,19,5,0,0,4,54,21,2,15,4,2,5,3,21,1,0,0,0,126,254,399,FINAL (ENTRADA MANUAL)
4,7,3,90,41,0,113,9,0,0,0,73,120,44,4,8,0,0,4,65,35,0,4,6,6,6,5,19,0,0,0,0,107,253,399,FINAL (ENTRADA MANUAL)
4,7,4,85,26,0,132,9,0,0,0,72,119,46,11,4,0,0,0,64,23,0,8,3,1,5,1,13,1,0,0,0,133,252,399,FINAL (ENTRADA MANUAL)
4,7,5,87,23,0,145,5,0,0,0,72,107,61,11,5,0,0,4,60,19,0,10,3,6,5,3,20,0,0,0,0,134,260,399,FINAL (ENTRADA MANUAL)
4,7,6,66,21,1,138,13,1,0,2,53,110,57,10,9,0,0,3,51,19,1,9,8,2,5,2,18,0,0,0,1,127,243,399,FINAL (ENTRADA MANUAL)
4,7,7,77,25,0,145,7,0,0,0,61,123,54,7,4,0,0,5,52,20,0,7,4,7,5,4,13,1,0,0,0,141,254,399,FINAL (ENTRADA MANUAL)
4,7,8,60,28,1,153,6,0,0,0,48,112,61,18,7,0,0,2,43,25,1,18,2,2,10,4,21,2,0,0,0,120,248,399,FINAL (ENTRADA MANUAL)
4,7,9,69,18,1,153,7,0,0,0,59,129,44,9,5,0,0,2,54,14,0,9,3,4,8,2,17,1,0,0,0,136,248,403,FINAL (ENTRADA MANUAL)
4,8,1,64,28,0,100,8,0,0,1,52,92,40,7,6,0,0,4,45,23,0,6,5,0,2,2,12,0,0,0,0,106,201,278,FINAL (ENTRADA MANUAL)
4,8,2,62,25,0,89,10,0,0,0,56,81,32,8,5,0,0,4,46,20,0,5,2,1,6,1,15,1,0,0,1,89,187,277,FINAL (ENTRADA MANUAL)
4,9,1,98,31,0,116,10,1,0,0,86,95,46,17,6,0,0,6,77,22,0,15,5,3,3,3,8,1,0,0,1,119,257,530,FINAL (ENTRADA MANUAL)
4,9,2,97,25,0,111,10,1,0,3,83,86,36,14,9,0,1,18,73,22,0,13,6,2,0,2,9,2,0,0,0,118,247,531,FINAL (ENTRADA MANUAL)
4,10,1,68,29,0,93,12,0,0,0,53,115,20,7,5,0,0,2,48,26,0,5,4,3,9,0,15,2,0,0,0,90,202,292,FINAL (ENTRADA MANUAL)
4,10,2,65,33,1,87,16,0,0,0,48,106,26,5,10,0,0,7,44,24,1,4,8,3,9,1,7,0,0,0,0,101,201,292,FINAL (ENTRADA MANUAL)
4,11,1,100,28,0,64,10,0,2,2,90,57,22,15,9,0,0,13,79,23,0,14,6,0,0,0,6,0,0,0,0,78,206,534,FINAL (ENTRADA MANUAL)
4,12,1,78,37,0,112,18,1,0,1,77,101,39,14,13,0,0,3,66,33,0,12,9,0,6,1,12,0,1,0,0,108,248,413,FINAL (ENTRADA MANUAL)
4,12,2,85,36,3,107,18,0,0,0,71,99,53,13,9,0,0,4,62,32,2,11,7,1,0,2,16,2,0,0,0,114,249,413,FINAL (ENTRADA MANUAL)
4,12,3,77,26,0,95,13,0,0,1,66,80,32,10,9,0,0,15,61,22,0,9,7,5,1,4,9,0,0,0,0,94,212,413,FINAL (ENTRADA MANUAL)
4,12,4,77,31,0,95,12,0,0,1,74,90,25,9,12,0,0,6,70,26,0,8,8,2,4,3,18,1,0,0,0,76,216,413,FINAL (ENTRADA MANUAL)
4,12,5,77,27,0,101,21,0,0,1,70,88,32,16,15,0,0,6,64,24,0,15,12,1,1,2,14,1,0,0,1,93,228,413,FINAL (ENTRADA MANUAL)
4,13,1,74,21,0,140,18,1,0,0,60,108,50,16,17,0,0,3,56,20,0,15,11,0,6,4,13,0,0,0,1,129,255,440,FINAL (ENTRADA MANUAL)
4,13,2,64,33,0,144,10,0,0,0,58,108,58,15,7,1,0,4,51,27,0,12,3,1,3,2,22,0,0,0,0,130,251,440,FINAL (ENTRADA MANUAL)
4,13,3,65,26,1,126,24,1,0,0,57,97,61,7,13,1,0,7,47,20,1,5,11,4,4,2,11,0,1,0,0,138,244,440,FINAL (ENTRADA MANUAL)
4,13,4,78,30,0,140,19,0,0,0,70,93,63,19,17,0,0,5,61,24,0,16,11,3,3,3,10,1,0,0,0,135,267,442,FINAL (ENTRADA MANUAL)
4,14,1,125,22,0,57,8,0,0,0,107,61,22,5,5,0,0,12,97,18,0,5,3,5,1,1,10,0,1,0,0,72,213,542,FINAL (ENTRADA MANUAL)
4,14,2,128,11,1,50,16,0,0,0,115,46,16,9,13,0,0,7,111,10,1,9,13,1,0,1,7,0,0,0,0,53,206,541,FINAL (ENTRADA MANUAL)
4,15,1,93,30,0,136,12,0,0,2,73,111,50,18,7,0,0,14,60,25,0,16,6,3,1,2,15,0,0,1,0,145,274,469,FINAL (ENTRADA MANUAL)
4,15,2,100,21,1,110,15,0,0,0,78,88,39,14,14,0,0,14,74,17,0,12,8,2,1,1,8,0,1,0,0,124,248,469,FINAL (ENTRADA MANUAL)
4,15,3,76,34,0,122,17,1,1,0,65,107,45,11,11,0,0,12,58,27,0,9,8,2,4,2,20,0,1,0,0,121,252,469,FINAL (ENTRADA MANUAL)
4,15,4,65,31,0,126,17,0,1,0,63,91,52,17,9,0,0,8,53,29,0,13,7,0,2,1,18,2,0,0,1,115,241,469,FINAL (ENTRADA MANUAL)
4,15,5,79,18,0,114,14,0,0,1,63,84,49,14,8,0,0,8,58,13,0,14,6,0,0,3,12,1,1,0,0,119,227,469,FINAL (ENTRADA MANUAL)
4,16,1,89,25,0,92,17,0,0,1,66,97,35,10,12,0,0,4,61,22,0,8,11,1,4,1,19,2,0,0,0,95,224,431,FINAL (ENTRADA MANUAL)
4,16,2,68,38,1,106,13,0,0,0,58,101,34,15,8,0,0,10,52,29,1,13,6,3,2,2,10,0,0,0,0,108,226,431,FINAL (ENTRADA MANUAL)
4,16,3,83,35,0,107,13,0,0,0,71,92,37,16,13,0,0,9,66,31,0,13,9,1,1,1,13,0,0,0,1,103,239,431,FINAL (ENTRADA MANUAL)
4,16,4,93,35,0,89,16,0,2,0,77,99,28,10,9,0,0,12,72,28,0,9,9,1,2,1,5,2,0,0,0,106,235,431,FINAL (ENTRADA MANUAL)
4,16,5,80,25,0,115,14,1,0,0,70,96,31,18,12,0,0,8,55,21,0,17,9,2,3,2,11,1,0,0,0,114,235,433,FINAL (ENTRADA MANUAL)
4,17,1,63,22,1,90,14,0,0,0,56,66,46,9,12,0,0,1,46,17,1,7,9,5,0,3,10,2,0,0,0,90,190,370,FINAL (ENTRADA MANUAL)
4,17,2,50,30,1,102,16,0,0,0,46,84,37,9,14,0,0,9,41,24,1,8,9,2,3,1,12,0,1,0,0,98,200,369,FINAL (ENTRADA MANUAL)
4,18,1,87,30,0,100,18,0,0,0,72,93,43,12,12,0,0,3,68,23,0,11,9,1,2,2,13,1,0,0,0,105,235,362,FINAL (ENTRADA MANUAL)
4,18,2,93,29,0,86,7,0,0,0,77,91,24,12,6,0,0,5,70,26,0,10,4,1,3,1,10,0,2,0,0,90,217,362,FINAL (ENTRADA MANUAL)
4,18,3,79,32,1,91,10,0,0,0,66,88,30,12,8,1,0,8,58,27,1,10,7,1,1,0,9,2,0,0,0,97,213,362,FINAL (ENTRADA MANUAL)
4,18,4,101,26,0,79,15,0,0,1,87,80,28,6,12,0,0,9,81,20,0,6,8,1,3,1,6,0,2,0,0,96,224,363,FINAL (ENTRADA MANUAL)
4,19,1,101,32,0,148,8,1,0,3,84,136,49,17,2,0,0,5,70,29,0,15,2,4,3,4,24,2,0,0,0,140,293,406,FINAL (ENTRADA MANUAL)
4,19,2,86,29,0,146,9,0,0,1,59,140,50,12,6,0,0,4,50,22,0,11,4,5,2,2,27,1,1,0,0,147,272,406,FINAL (ENTRADA MANUAL)
4,19,3,85,24,0,130,7,0,0,0,68,111,46,14,6,0,0,1,61,21,0,13,4,2,2,3,19,2,0,0,0,119,246,406,FINAL (ENTRADA MANUAL)
4,19,4,87,22,0,120,16,0,1,0,73,95,56,6,11,0,0,5,69,17,0,5,8,0,6,5,13,2,0,0,0,121,246,406,FINAL (ENTRADA MANUAL)
4,19,5,74,23,0,139,9,0,0,0,63,113,52,12,4,0,0,1,52,18,0,10,3,4,4,2,19,0,0,0,0,133,245,406,FINAL (ENTRADA MANUAL)
4,19,6,70,31,0,160,6,0,0,0,60,125,59,15,3,0,0,5,50,26,0,9,2,4,7,6,17,0,0,0,0,146,267,406,FINAL (ENTRADA MANUAL)
4,19,7,70,27,2,152,11,0,0,0,55,129,50,15,10,0,0,3,50,23,2,13,6,0,6,1,16,1,0,0,0,144,262,406,FINAL (ENTRADA MANUAL)
4,19,8,83,24,0,143,5,0,0,1,73,120,43,13,4,0,1,2,63,21,0,13,3,1,2,3,18,0,0,0,0,132,256,406,FINAL (ENTRADA MANUAL)
4,19,9,66,24,0,149,14,1,0,0,54,114,57,13,10,0,0,6,45,20,0,10,5,2,5,1,18,1,0,1,0,147,255,406,FINAL (ENTRADA MANUAL)
4,19,10,81,26,0,142,4,1,0,1,60,126,51,11,4,0,0,3,56,21,0,8,2,6,4,3,17,0,0,1,0,138,256,408,FINAL (ENTRADA MANUAL)
4,20,1,58,42,0,134,15,0,0,0,49,113,50,16,10,0,0,11,41,36,0,14,7,2,3,1,18,1,0,0,0,126,249,387,FINAL (ENTRADA MANUAL)
4,20,2,82,37,0,105,15,0,0,0,74,94,37,14,14,0,0,6,71,34,0,11,10,0,0,1,21,1,0,0,0,90,239,387,FINAL (ENTRADA MANUAL)
4,20,3,88,40,1,121,10,0,0,0,73,132,35,12,8,0,0,0,61,36,1,11,5,2,5,1,10,1,0,0,0,127,260,387,FINAL (ENTRADA MANUAL)
4,20,4,80,47,0,98,16,0,0,0,66,122,25,11,12,0,0,5,61,44,0,9,10,0,5,1,13,1,0,0,0,97,241,387,FINAL (ENTRADA MANUAL)
4,20,5,83,54,0,84,9,0,0,0,60,120,33,9,7,0,0,1,55,49,0,8,7,4,2,0,10,0,0,0,0,95,230,387,FINAL (ENTRADA MANUAL)
4,21,1,86,39,1,138,11,1,0,1,77,121,41,20,12,0,0,6,63,33,0,18,8,4,3,1,22,1,0,0,1,124,278,458,FINAL (ENTRADA MANUAL)
4,21,2,86,31,2,134,13,1,0,0,74,104,51,20,11,0,0,7,65,28,1,17,7,1,2,6,19,2,0,0,0,119,267,458,FINAL (ENTRADA MANUAL)
4,21,3,81,43,1,145,6,0,0,0,66,137,45,16,4,0,0,8,56,37,1,14,2,1,3,2,25,1,0,0,1,134,277,458,FINAL (ENTRADA MANUAL)
4,22,1,71,11,0,82,23,0,0,1,52,62,33,9,21,1,0,10,47,9,0,7,13,4,0,2,3,0,0,0,0,103,188,340,FINAL (ENTRADA MANUAL)
4,22,2,66,15,0,74,12,0,1,1,58,52,32,11,9,0,0,7,48,11,0,11,6,1,2,3,4,0,0,0,0,83,169,340,FINAL (ENTRADA MANUAL)
4,23,1,49,37,0,154,9,1,0,2,43,111,65,14,8,0,0,11,34,32,0,10,6,1,2,6,25,0,0,0,0,136,252,441,FINAL (ENTRADA MANUAL)
4,23,2,70,36,0,154,8,0,0,0,57,124,68,9,5,0,0,5,50,31,0,7,5,2,3,7,20,0,0,0,0,143,268,441,FINAL (ENTRADA MANUAL)
4,23,3,59,26,0,166,12,0,0,0,49,104,80,17,7,0,0,6,42,20,0,14,5,4,9,4,21,2,0,0,0,142,263,441,FINAL (ENTRADA MANUAL)
4,23,4,64,17,0,173,11,0,0,1,59,104,79,15,7,0,0,2,50,15,0,13,4,3,3,1,21,0,0,0,0,156,265,441,FINAL (ENTRADA MANUAL)
4,23,5,59,20,1,163,14,1,0,1,50,111,80,12,6,0,0,0,44,15,1,10,5,1,0,5,17,2,0,0,0,159,259,440,FINAL (ENTRADA MANUAL)
4,24,1,118,47,0,122,6,0,0,1,96,148,34,9,5,0,0,2,87,43,0,7,2,8,7,1,19,2,0,0,0,118,294,405,FINAL (ENTRADA MANUAL)
4,24,2,106,33,1,115,7,0,0,1,80,135,32,10,2,0,1,3,66,30,0,8,2,5,7,2,15,1,0,0,1,127,264,405,FINAL (ENTRADA MANUAL)
4,24,3,135,31,0,96,7,0,0,0,95,129,29,7,6,0,0,3,92,28,0,7,3,5,3,2,16,0,0,0,0,113,269,405,FINAL (ENTRADA MANUAL)
4,24,4,108,20,0,121,6,1,0,0,78,131,29,11,3,0,0,4,66,14,0,7,3,6,6,2,21,0,0,0,0,131,256,405,FINAL (ENTRADA MANUAL)
4,24,5,108,40,0,113,3,1,0,0,85,136,27,10,6,0,0,1,76,32,0,9,0,3,6,4,10,1,0,0,0,124,265,405,FINAL (ENTRADA MANUAL)
4,24,6,103,29,0,121,8,1,0,0,70,142,26,14,7,0,0,3,63,23,0,10,4,1,9,1,15,0,0,0,0,136,262,405,FINAL (ENTRADA MANUAL)
4,24,7,95,45,0,117,8,1,0,0,65,158,26,5,8,0,0,4,54,35,0,4,3,4,7,0,10,1,0,0,0,148,266,406,FINAL (ENTRADA MANUAL)
4,25,1,77,38,0,130,21,0,0,0,63,109,55,15,18,0,0,6,57,28,0,11,12,4,1,2,25,2,0,0,0,124,266,449,FINAL (ENTRADA MANUAL)
4,25,2,81,29,0,119,9,0,0,0,64,109,42,14,5,0,0,4,55,25,0,11,5,4,8,4,14,1,0,0,0,111,238,449,FINAL (ENTRADA MANUAL)
4,25,3,82,35,0,102,18,0,0,1,68,99,36,11,15,0,0,9,63,27,0,9,11,3,2,3,12,0,0,0,0,108,238,449,FINAL (ENTRADA MANUAL)
4,25,4,75,25,0,100,19,0,0,0,61,80,32,18,20,0,0,8,56,22,0,15,14,1,2,2,14,1,1,0,0,92,220,449,FINAL (ENTRADA MANUAL)
4,25,5,69,43,2,100,14,0,0,0,61,105,40,12,9,0,0,1,51,34,2,9,7,3,0,1,19,1,0,0,0,101,228,449,FINAL (ENTRADA MANUAL)
4,25,6,70,30,0,104,15,0,1,0,60,92,38,12,11,0,0,7,52,21,0,11,7,2,4,2,10,0,0,0,0,111,220,449,FINAL (ENTRADA MANUAL)
4,25,7,53,24,1,134,17,0,0,0,40,113,44,15,12,0,0,5,31,19,0,13,8,0,2,1,14,0,0,0,0,141,229,449,FINAL (ENTRADA MANUAL)
4,25,8,80,35,0,111,20,0,0,1,62,95,45,21,13,0,0,11,55,28,0,14,11,1,1,1,19,1,0,0,0,116,247,452,FINAL (ENTRADA MANUAL)
4,72,1,508,127,0,133,23,4,0,3,484,215,70,8,9,0,0,12,451,114,0,6,8,10,10,3,30,4,0,0,0,162,798,0,FINAL (ENTRADA MANUAL)
4,72,2,54,16,0,9,2,0,0,0,49,24,5,1,2,0,0,0,49,15,0,1,2,3,1,0,5,0,2,0,0,5,83,0,FINAL (ENTRADA MANUAL)
4,72,3,826,282,2,426,43,8,2,5,789,588,145,24,24,1,2,19,727,247,0,21,20,25,32,15,78,5,1,1,1,423,1597,0,FINAL (ENTRADA MANUAL)
4,72,4,0,0,0,0,0,0,0,0,0,0,0,0,0,0,0,0,0,0,0,0,0,0,0,0,0,0,0,0,0,0,0,0,FINAL (ENTRADA MANUAL)
4,72,5,68,21,0,27,2,0,0,1,62,41,11,2,1,0,0,2,58,18,0,2,1,4,2,1,3,0,0,0,0,30,119,0,FINAL (ENTRADA MANUAL)
4,72,6,20,2,0,8,1,0,0,1,19,6,7,0,0,0,0,0,18,2,0,0,0,1,0,1,6,0,0,0,0,4,32,0,FINAL (ENTRADA MANUAL)
4,72,7,84,27,0,28,3,0,0,1,76,46,15,3,2,0,0,1,72,23,0,3,1,1,0,2,7,0,0,0,1,34,144,0,FINAL (ENTRADA MANUAL)
4,72,8,1,1,0,0,1,0,0,0,1,2,0,0,0,0,0,0,1,1,0,0,0,0,0,0,0,0,0,0,0,1,3,0,FINAL (ENTRADA MANUAL)
4,72,9,16,4,0,8,2,0,0,0,12,11,4,2,1,0,0,0,12,4,0,2,1,1,2,1,1,0,0,0,0,6,30,0,FINAL (ENTRADA MANUAL)
4,72,10,22,3,0,3,0,0,0,0,22,3,3,0,0,0,0,0,22,3,0,0,0,0,0,0,1,0,0,0,0,2,28,0,FINAL (ENTRADA MANUAL)
4,73,1,134,197,2,63,5,0,0,0,112,243,17,9,4,0,0,16,104,176,1,8,3,2,7,1,9,0,0,1,0,90,402,0,FINAL (ENTRADA MANUAL)
4,73,2,0,0,0,0,0,0,0,0,0,0,0,0,0,0,0,0,0,0,0,0,0,0,0,0,0,0,0,0,0,0,0,0,FINAL (ENTRADA MANUAL)
4,73,3,29,33,1,18,0,0,0,0,22,42,9,2,0,0,0,6,21,28,1,1,0,1,0,1,3,0,0,1,0,25,82,0,FINAL (ENTRADA MANUAL)
4,74,1,4,2,1,17,1,0,0,0,4,7,12,2,0,0,0,0,4,2,1,2,0,0,0,1,8,0,0,0,0,7,25,0,FINAL (ENTRADA MANUAL)
4,74,2,1,0,0,0,0,0,0,0,1,0,0,0,0,0,0,0,1,0,0,0,0,0,0,0,0,0,0,0,0,0,1,0,FINAL (ENTRADA MANUAL)
4,75,1,3,0,0,1,1,0,0,1,1,3,0,0,0,0,0,2,1,0,0,0,0,0,0,0,0,0,0,0,0,5,6,0,FINAL (ENTRADA MANUAL)
4,75,2,1,0,0,2,0,0,0,0,1,1,0,1,0,0,0,0,1,0,0,1,0,0,0,0,0,0,0,0,0,1,3,0,FINAL (ENTRADA MANUAL)
4,75,3,0,0,0,1,0,0,0,0,0,1,0,0,0,0,0,0,1,0,0,0,0,0,0,0,0,0,0,0,0,1,1,0,FINAL (ENTRADA MANUAL)
4,76,1,45,1,0,8,1,0,0,0,38,2,2,0,1,0,0,12,20,1,0,0,1,0,0,0,0,0,1,0,0,33,56,0,FINAL (ENTRADA MANUAL)
4,76,2,1,0,0,0,0,0,0,0,1,0,0,0,0,0,0,0,1,0,0,0,0,0,0,0,0,0,0,0,0,0,1,0,FINAL (ENTRADA MANUAL)
4,76,3,11,0,0,1,2,0,0,0,10,1,0,0,1,0,0,2,9,0,0,0,0,0,0,0,0,0,0,0,0,5,14,0,FINAL (ENTRADA MANUAL)
4,76,4,0,0,0,0,0,0,0,0,0,0,0,0,0,0,0,0,0,0,0,0,0,0,0,0,0,0,0,0,0,0,0,0,FINAL (ENTRADA MANUAL)
4,76,5,2,0,0,2,1,0,0,0,3,0,0,1,1,0,0,0,2,0,0,1,1,0,0,0,0,0,0,0,0,1,5,0,FINAL (ENTRADA MANUAL)
4,76,6,0,0,0,0,0,0,0,0,0,0,0,0,0,0,0,0,0,0,0,0,0,0,0,0,0,0,0,0,0,0,0,0,FINAL (ENTRADA MANUAL)
4,77,1,5,7,0,31,1,0,0,1,4,19,17,3,1,0,0,1,3,4,0,3,0,0,0,1,9,0,0,0,0,25,45,0,FINAL (ENTRADA MANUAL)
4,77,2,61,22,0,261,3,0,0,0,50,112,149,33,2,0,0,1,46,22,0,33,0,1,4,8,35,0,0,0,0,198,347,0,FINAL (ENTRADA MANUAL)
4,77,3,0,0,0,9,0,0,0,0,0,1,7,1,0,0,0,0,0,0,0,1,0,0,0,0,0,0,0,0,0,8,40,0,FINAL (ENTRADA MANUAL)
4,77,4,2,2,0,12,0,0,0,0,2,6,7,1,0,0,0,0,2,2,0,1,0,0,1,0,5,0,0,0,0,5,16,0,FINAL (ENTRADA MANUAL)
4,77,5,0,0,0,0,0,0,0,0,0,0,0,0,0,0,0,0,0,0,0,0,0,0,0,0,0,0,0,0,0,0,0,0,FINAL (ENTRADA MANUAL)
4,77,6,0,0,0,0,0,0,0,0,0,0,0,0,0,0,0,0,0,0,0,0,0,0,0,0,0,0,0,0,0,0,0,0,FINAL (ENTRADA MANUAL)
4,77,7,0,0,0,0,0,0,0,0,0,0,0,0,0,0,0,0,0,0,0,0,0,0,0,0,0,0,0,0,0,0,0,0,FINAL (ENTRADA MANUAL)
4,77,8,0,1,0,9,0,0,0,0,0,3,5,2,0,0,0,0,0,1,0,2,0,0,0,1,1,0,0,0,0,5,10,0,FINAL (ENTRADA MANUAL)
4,77,9,0,0,0,0,0,0,0,0,0,0,0,0,0,0,0,0,0,0,0,0,0,0,0,0,0,0,0,0,0,0,0,0,FINAL (ENTRADA MANUAL)
4,77,10,71,22,0,38,5,2,0,0,71,37,21,5,2,0,0,2,68,22,0,5,2,0,1,1,8,0,0,0,0,31,138,0,FINAL (ENTRADA MANUAL)
4,78,1,113,34,1,95,14,0,0,1,94,96,25,13,13,0,0,17,83,30,0,10,9,4,2,1,5,0,0,1,1,114,260,0,FINAL (ENTRADA MANUAL)
4,78,2,32,2,0,4,3,0,0,0,27,2,0,0,3,0,0,9,23,2,0,0,2,0,0,0,0,0,0,0,0,14,41,0,FINAL (ENTRADA MANUAL)
4,78,3,9,7,0,9,0,0,0,0,7,14,2,2,0,0,0,0,5,7,0,1,0,0,0,0,0,0,0,0,0,12,25,0,FINAL (ENTRADA MANUAL)
4,78,4,1,1,0,9,0,0,0,0,2,4,5,0,0,0,0,0,1,1,0,0,0,0,0,1,0,0,0,0,0,8,11,0,FINAL (ENTRADA MANUAL)
5,1,1,122,51,1,99,12,0,0,0,100,133,29,10,11,0,0,2,86,40,1,8,7,2,7,2,11,1,0,0,0,120,285,450,FINAL (ENTRADA MANUAL)
5,1,2,113,41,0,106,18,1,0,0,94,119,33,11,14,0,0,8,84,30,0,11,13,4,4,3,7,0,0,0,0,123,280,450,FINAL (ENTRADA MANUAL)
5,1,3,134,22,0,107,11,0,1,0,99,131,23,4,9,0,0,9,93,19,0,4,6,3,7,1,8,2,1,0,0,132,276,450,FINAL (ENTRADA MANUAL)
5,1,4,118,31,0,117,14,0,0,0,98,132,23,10,12,0,0,5,89,28,0,10,8,2,6,2,13,1,0,0,0,121,280,450,FINAL (ENTRADA MANUAL)
5,1,5,104,24,0,132,10,0,0,0,81,133,37,8,7,0,0,4,75,22,0,8,5,2,5,3,14,2,0,0,0,134,270,450,FINAL (ENTRADA MANUAL)
5,1,6,108,29,0,103,16,0,0,0,89,119,21,13,10,0,0,4,85,25,0,10,6,3,3,1,7,2,0,0,0,114,256,451,FINAL (ENTRADA MANUAL)
5,2,1,102,47,0,107,21,2,0,0,85,114,44,8,14,0,0,14,75,42,0,7,11,2,3,4,13,2,1,0,1,120,281,496,FINAL (ENTRADA MANUAL)
5,2,2,116,38,0,99,13,0,0,0,99,102,28,12,16,0,0,9,92,31,0,9,11,4,2,2,13,0,0,0,1,102,267,496,FINAL (ENTRADA MANUAL)
5,2,3,80,46,0,120,25,0,0,1,70,124,37,10,18,0,0,13,61,40,0,9,17,2,6,2,14,0,0,0,0,121,272,496,FINAL (ENTRADA MANUAL)
5,2,4,97,43,0,98,20,0,0,2,83,109,31,19,13,0,0,5,72,37,0,16,11,0,3,4,12,0,0,0,0,105,260,496,FINAL (ENTRADA MANUAL)
5,2,5,95,49,0,104,20,0,0,0,81,124,31,13,14,0,0,5,65,41,0,11,10,1,1,3,13,1,0,0,0,122,268,497,FINAL (ENTRADA MANUAL)
5,3,1,62,45,0,52,12,0,1,0,46,79,19,7,11,0,0,10,40,38,0,6,9,1,0,0,2,3,0,0,0,73,172,332,FINAL (ENTRADA MANUAL)
5,3,2,49,40,0,50,14,0,0,0,38,76,17,6,7,1,0,8,31,33,0,6,5,3,1,0,3,3,0,0,1,68,154,331,FINAL (ENTRADA MANUAL)
5,4,1,77,43,0,106,26,0,0,0,67,112,39,15,15,0,0,5,62,38,0,13,11,1,3,1,20,1,0,1,0,103,254,417,FINAL (ENTRADA MANUAL)
5,4,2,78,47,1,116,15,1,0,1,71,112,37,13,15,0,0,11,61,40,1,11,12,2,2,4,14,1,0,0,0,111,259,417,FINAL (ENTRADA MANUAL)
5,4,3,85,37,1,103,13,0,0,0,74,107,30,9,12,1,0,6,68,31,0,9,9,0,3,4,15,0,0,0,0,100,239,417,FINAL (ENTRADA MANUAL)
5,4,4,72,30,0,129,12,1,0,0,58,114,41,13,11,0,0,7,56,28,0,10,10,1,3,2,12,2,0,0,0,120,244,417,FINAL (ENTRADA MANUAL)
5,4,5,73,35,0,139,14,0,1,0,63,120,49,17,9,0,0,4,60,27,0,15,8,1,3,5,11,1,1,0,0,131,263,417,FINAL (ENTRADA MANUAL)
5,4,6,74,40,1,113,15,0,0,0,62,100,47,15,12,0,0,7,55,33,1,14,11,1,1,2,11,0,2,0,0,114,245,417,FINAL (ENTRADA MANUAL)
5,4,7,80,30,0,130,10,1,0,0,71,106,44,13,8,0,0,9,64,25,0,12,6,0,0,6,7,0,0,1,0,131,252,419,FINAL (ENTRADA MANUAL)
5,5,1,67,37,0,83,18,0,0,0,63,85,25,14,11,0,0,7,54,24,0,12,8,3,0,1,8,1,1,0,0,94,206,313,FINAL (ENTRADA MANUAL)
5,5,2,73,19,0,95,12,0,0,1,62,95,21,9,9,0,0,4,57,18,0,8,8,1,2,1,10,1,0,0,0,94,200,313,FINAL (ENTRADA MANUAL)
5,5,3,81,16,0,84,20,0,0,0,74,73,26,6,18,0,1,3,70,14,0,6,15,1,6,3,12,0,0,0,0,74,201,312,FINAL (ENTRADA MANUAL)
5,6,1,87,34,0,71,16,0,0,0,76,82,19,11,13,0,0,7,67,29,0,7,9,1,4,1,5,3,0,0,0,82,208,376,FINAL (ENTRADA MANUAL)
5,6,2,85,30,0,96,13,0,0,0,69,92,28,14,11,0,0,10,59,26,0,11,9,0,4,1,7,1,0,0,0,106,224,376,FINAL (ENTRADA MANUAL)
5,6,3,88,39,1,77,15,0,0,0,76,86,24,16,13,0,0,5,68,34,1,12,11,7,0,0,8,0,0,0,0,79,220,376,FINAL (ENTRADA MANUAL)
5,6,4,103,30,0,77,16,0,0,0,89,72,27,10,14,0,0,14,84,24,0,10,11,2,2,0,6,0,1,0,0,87,227,376,FINAL (ENTRADA MANUAL)
5,72,1,43,8,0,10,1,0,0,0,40,17,4,0,1,0,0,0,38,7,0,0,1,2,0,1,5,0,0,0,0,8,62,0,FINAL (ENTRADA MANUAL)
5,72,2,9,1,0,0,0,0,0,0,9,1,0,0,0,0,0,0,9,1,0,0,0,0,0,0,0,0,0,0,0,0,10,0,FINAL (ENTRADA MANUAL)
5,72,3,177,28,0,36,12,1,0,0,163,61,16,3,5,0,0,6,155,23,0,3,4,2,1,2,5,2,0,0,0,57,254,0,FINAL (ENTRADA MANUAL)
5,72,4,9,1,0,0,0,0,0,0,9,1,0,0,0,0,0,0,9,1,0,0,0,0,0,0,0,0,0,0,0,0,10,0,FINAL (ENTRADA MANUAL)
5,72,5,16,2,0,7,0,0,0,0,14,9,1,1,0,0,0,0,12,1,0,1,0,1,0,0,0,0,0,0,0,10,25,0,FINAL (ENTRADA MANUAL)
5,72,6,0,0,0,0,0,0,0,0,0,0,0,0,0,0,0,0,0,0,0,0,0,0,0,0,0,0,0,0,0,0,0,0,FINAL (ENTRADA MANUAL)
5,72,7,0,0,0,0,0,0,0,0,0,0,0,0,0,0,0,0,0,0,0,0,0,0,0,0,0,0,0,0,0,0,0,0,FINAL (ENTRADA MANUAL)
5,72,8,23,4,0,4,1,0,0,0,21,7,2,0,1,0,0,1,20,2,0,0,1,1,0,0,0,0,0,0,0,8,32,0,FINAL (ENTRADA MANUAL)
5,72,9,2,1,0,0,1,0,0,0,3,1,0,0,0,0,0,0,2,0,0,0,0,0,0,0,0,0,0,0,0,2,4,0,FINAL (ENTRADA MANUAL)
5,72,10,44,3,0,8,1,0,0,1,43,7,2,2,0,0,0,1,41,3,0,2,0,2,0,2,1,0,1,1,0,7,60,0,FINAL (ENTRADA MANUAL)
5,73,1,25,113,0,12,4,0,0,1,21,114,3,2,2,0,0,13,19,104,0,2,2,2,0,0,2,0,0,0,0,24,155,0,FINAL (ENTRADA MANUAL)
5,73,2,7,30,0,1,0,0,0,0,6,29,0,1,0,0,1,1,5,29,0,1,0,0,1,0,0,0,1,0,0,2,39,0,FINAL (ENTRADA MANUAL)
5,74,1,2,0,0,9,0,0,0,0,2,3,4,2,0,0,0,0,2,0,0,1,0,0,0,0,3,0,0,0,0,5,11,0,FINAL (ENTRADA MANUAL)
5,74,2,0,0,0,0,0,0,0,0,0,0,0,0,0,0,0,0,0,0,0,0,0,0,0,0,0,0,0,0,0,0,0,0,FINAL (ENTRADA MANUAL)
5,75,1,1,0,0,0,0,1,0,0,1,0,0,0,0,0,0,0,1,0,0,0,0,0,0,0,0,0,0,0,0,1,2,0,FINAL (ENTRADA MANUAL)
5,75,2,0,0,0,0,0,0,0,0,0,0,0,0,0,0,0,0,0,0,0,0,0,0,0,0,0,0,0,0,0,0,0,0,FINAL (ENTRADA MANUAL)
5,75,3,0,0,0,0,0,0,0,0,0,0,0,0,0,0,0,0,0,0,0,0,0,0,0,0,0,0,0,0,0,0,0,0,FINAL (ENTRADA MANUAL)
5,75,4,0,0,0,0,0,0,0,0,0,0,0,0,0,0,0,0,0,0,0,0,0,0,0,0,0,0,0,0,0,0,0,0,FINAL (ENTRADA MANUAL)
5,76,1,11,1,0,1,0,0,0,1,11,0,0,0,0,0,0,3,7,0,0,0,0,0,0,0,0,0,0,0,0,7,14,0,FINAL (ENTRADA MANUAL)
5,76,2,0,0,0,0,0,0,0,0,0,0,0,0,0,0,0,0,0,0,0,0,0,0,0,0,0,0,0,0,0,0,0,0,FINAL (ENTRADA MANUAL)
5,76,3,8,0,0,0,0,0,0,0,5,0,0,0,0,0,0,3,3,0,0,0,0,0,0,0,0,0,0,0,0,5,8,0,FINAL (ENTRADA MANUAL)
5,76,4,0,0,0,0,0,0,0,0,0,0,0,0,0,0,0,0,0,0,0,0,0,0,0,0,0,0,0,0,0,0,0,0,FINAL (ENTRADA MANUAL)
5,77,1,0,0,0,0,0,0,0,0,0,0,0,0,0,0,0,0,0,0,0,0,0,0,0,0,0,0,0,0,0,0,0,0,FINAL (ENTRADA MANUAL)
5,77,2,3,0,0,9,4,0,0,0,2,2,6,2,3,0,0,1,2,0,0,2,3,0,0,1,1,0,0,0,0,7,16,0,FINAL (ENTRADA MANUAL)
5,77,3,0,0,0,0,0,0,0,0,0,0,0,0,0,0,0,0,0,0,0,0,0,0,0,0,0,0,0,0,0,0,0,0,FINAL (ENTRADA MANUAL)
5,77,4,0,0,0,2,0,0,0,0,0,1,1,0,0,0,0,0,0,0,0,0,0,0,0,0,0,0,0,0,0,2,2,0,FINAL (ENTRADA MANUAL)
5,77,5,8,2,0,2,1,0,0,0,9,1,2,0,1,0,0,0,7,0,0,0,1,0,0,1,0,0,0,0,0,4,13,0,FINAL (ENTRADA MANUAL)
5,77,6,14,3,0,4,1,0,0,0,15,2,2,0,1,0,0,0,13,1,0,0,1,0,0,1,1,0,0,0,0,5,22,0,FINAL (ENTRADA MANUAL)
5,78,1,53,25,0,22,5,0,0,1,44,47,9,1,3,0,0,2,41,23,0,1,3,2,1,1,3,1,1,1,0,30,108,0,FINAL (ENTRADA MANUAL)
5,78,2,4,0,0,2,0,0,0,0,2,1,0,0,0,0,0,3,1,0,0,0,0,0,0,0,0,0,0,0,0,5,6,0,FINAL (ENTRADA MANUAL)
5,78,3,2,1,0,2,0,0,0,0,2,1,2,0,0,0,0,0,2,1,0,0,0,0,0,0,1,0,0,0,0,1,5,0,FINAL (ENTRADA MANUAL)
5,78,4,0,0,0,0,0,0,0,0,0,0,0,0,0,0,0,0,0,0,0,0,0,0,0,0,0,0,0,0,0,0,0,0,FINAL (ENTRADA MANUAL)
6,1,1,80,32,1,87,14,2,0,0,75,73,36,11,11,0,0,10,62,23,1,8,10,1,0,0,8,0,1,0,0,103,217,310,FINAL (ENTRADA MANUAL)
6,1,2,63,19,0,66,14,1,0,0,58,65,18,9,11,0,0,2,48,16,0,7,9,0,0,0,5,1,0,0,0,77,162,310,FINAL (ENTRADA MANUAL)
6,1,3,63,23,0,70,5,1,0,0,52,67,24,5,6,0,0,8,44,17,0,4,2,1,1,0,7,0,0,0,0,86,162,310,FINAL (ENTRADA MANUAL)
6,1,4,66,21,0,57,17,0,0,1,65,59,18,8,11,0,0,1,56,17,0,8,9,2,0,0,8,0,0,0,0,62,162,310,FINAL (ENTRADA MANUAL)
6,1,5,59,33,1,62,9,1,0,0,50,69,22,8,6,0,0,10,46,28,1,7,3,0,1,1,8,0,0,0,0,70,165,311,FINAL (ENTRADA MANUAL)
6,2,1,107,20,2,70,22,0,1,0,94,74,28,9,11,0,0,6,82,19,2,9,10,3,0,2,9,0,0,1,0,86,223,414,FINAL (ENTRADA MANUAL)
6,2,2,95,15,0,102,6,0,1,1,91,74,25,20,1,0,0,9,70,11,0,15,1,4,3,0,5,0,0,0,0,111,220,414,FINAL (ENTRADA MANUAL)
6,2,3,86,18,0,89,10,1,0,0,72,71,23,18,6,0,0,14,62,17,0,15,2,1,0,1,7,2,2,0,0,97,206,414,FINAL (ENTRADA MANUAL)
6,3,1,113,33,0,68,32,0,0,0,92,90,19,11,27,0,0,7,84,25,0,9,17,2,1,0,10,2,0,0,0,96,246,403,FINAL (ENTRADA MANUAL)
6,3,2,116,26,0,80,29,1,0,0,100,82,20,14,28,0,0,8,90,21,0,13,19,4,3,0,3,2,0,0,0,97,252,403,FINAL (ENTRADA MANUAL)
6,3,3,108,27,0,75,23,0,0,0,89,81,20,14,17,0,0,12,82,23,0,13,16,1,1,0,7,0,0,0,0,90,233,404,FINAL (ENTRADA MANUAL)
6,4,1,105,37,0,117,20,0,0,0,87,126,31,12,16,0,0,7,80,34,0,10,10,7,6,0,14,1,0,0,0,117,279,391,FINAL (ENTRADA MANUAL)
6,4,2,74,29,0,114,18,0,0,1,54,114,35,14,15,0,0,4,52,27,0,13,12,4,4,3,8,1,0,0,0,112,236,391,FINAL (ENTRADA MANUAL)
6,4,3,65,19,0,111,18,1,0,0,55,100,27,18,8,0,0,6,47,18,0,14,8,1,2,0,16,1,0,0,0,107,214,391,FINAL (ENTRADA MANUAL)
6,4,4,64,30,0,93,19,0,0,0,54,95,23,12,12,2,0,8,46,26,0,9,10,4,3,2,9,4,0,0,0,93,206,391,FINAL (ENTRADA MANUAL)
6,4,5,74,32,0,90,17,0,0,0,62,95,22,13,10,0,0,11,52,25,0,10,9,6,1,1,8,0,0,0,1,101,214,391,FINAL (ENTRADA MANUAL)
6,4,6,71,21,0,104,27,1,0,0,59,97,26,13,20,0,0,9,51,20,0,12,18,2,3,0,12,2,0,0,0,104,224,391,FINAL (ENTRADA MANUAL)
6,4,7,77,24,0,83,10,1,0,0,60,74,21,17,11,0,0,12,56,20,0,12,7,2,4,1,8,0,1,0,0,85,196,391,FINAL (ENTRADA MANUAL)
6,4,8,64,17,0,89,13,0,0,0,57,79,26,12,6,0,0,3,50,13,0,11,6,2,0,3,11,1,0,0,0,86,183,391,FINAL (ENTRADA MANUAL)
6,4,9,80,36,0,112,8,0,1,1,68,102,38,13,8,0,0,9,64,32,0,12,5,2,6,2,18,1,0,0,0,96,238,391,FINAL (ENTRADA MANUAL)
6,5,1,120,41,0,73,24,0,0,0,95,88,28,14,20,0,0,13,90,35,0,13,20,4,2,0,9,0,3,0,0,85,261,440,FINAL (ENTRADA MANUAL)
6,5,2,140,34,0,59,22,0,0,0,126,70,15,15,21,0,0,8,111,31,0,14,15,1,0,1,8,0,3,1,1,74,260,441,FINAL (ENTRADA MANUAL)
6,6,1,93,43,0,80,18,0,0,0,77,98,20,15,11,1,0,12,68,35,0,12,9,1,0,0,4,1,2,0,0,104,236,447,FINAL (ENTRADA MANUAL)
6,6,2,107,17,0,82,16,1,0,0,76,69,23,17,12,1,0,25,66,12,0,16,9,3,2,1,4,0,1,1,1,110,226,447,FINAL (ENTRADA MANUAL)
6,6,3,101,27,0,92,14,0,0,1,84,75,33,15,12,0,0,16,75,21,0,14,8,1,0,0,5,2,3,0,0,109,238,447,FINAL (ENTRADA MANUAL)
6,6,4,102,32,0,71,19,1,1,0,81,83,19,11,14,0,0,18,71,28,0,10,11,4,0,1,10,0,1,0,0,91,227,447,FINAL (ENTRADA MANUAL)
6,7,1,71,27,0,57,19,0,0,0,66,66,10,8,15,0,0,9,54,21,0,8,14,2,1,0,9,0,2,1,0,65,177,346,FINAL (ENTRADA MANUAL)
6,7,2,73,36,0,48,8,0,0,0,56,74,12,5,5,0,0,13,52,32,0,5,2,0,3,1,4,0,1,0,0,66,166,345,FINAL (ENTRADA MANUAL)
6,8,1,109,50,0,56,26,0,0,3,100,94,5,13,14,0,0,18,86,43,0,10,14,1,3,0,2,2,0,0,0,83,244,447,FINAL (ENTRADA MANUAL)
6,8,2,106,51,0,56,25,0,0,2,81,97,19,7,23,0,0,13,78,43,0,7,19,2,0,1,6,0,1,1,0,84,242,447,FINAL (ENTRADA MANUAL)
6,8,3,120,46,0,64,19,0,0,1,99,89,20,13,15,0,0,14,93,43,0,12,13,1,2,0,9,1,2,1,0,76,253,447,FINAL (ENTRADA MANUAL)
6,8,4,123,51,1,68,17,0,0,0,88,112,16,10,14,0,0,20,78,48,0,9,9,6,2,0,1,0,0,0,0,107,260,447,FINAL (ENTRADA MANUAL)
6,9,1,112,23,0,65,21,0,0,1,88,62,22,13,16,0,0,21,72,17,0,11,9,1,0,0,9,2,0,0,0,101,222,374,FINAL (ENTRADA MANUAL)
6,9,2,94,23,0,84,16,0,0,0,76,79,26,7,12,0,0,17,66,16,0,6,9,1,4,1,10,0,1,0,0,104,218,374,FINAL (ENTRADA MANUAL)
6,9,3,110,15,0,88,45,0,1,0,95,76,28,13,34,0,1,12,86,12,0,11,31,3,0,0,11,1,0,0,0,104,259,373,FINAL (ENTRADA MANUAL)
6,10,1,117,34,0,66,11,1,2,0,93,85,14,12,8,0,2,17,85,29,0,10,5,6,1,0,12,0,0,0,0,83,231,398,FINAL (ENTRADA MANUAL)
6,10,2,84,28,1,77,11,0,2,0,72,81,20,16,7,0,0,7,65,23,0,12,3,0,0,4,10,0,0,0,0,86,203,398,FINAL (ENTRADA MANUAL)
6,10,3,92,24,0,84,7,0,0,1,76,77,20,16,9,2,0,8,69,21,0,12,1,0,0,0,6,0,0,0,0,99,208,398,FINAL (ENTRADA MANUAL)
6,10,4,81,35,0,85,18,0,1,1,73,90,26,11,11,0,0,10,62,32,0,10,10,0,2,0,16,1,4,0,0,88,225,396,FINAL (ENTRADA MANUAL)
6,11,1,124,36,0,74,13,1,1,0,107,89,16,8,13,0,0,16,91,31,0,8,9,1,1,0,9,2,0,0,0,97,249,415,FINAL (ENTRADA MANUAL)
6,11,2,120,39,0,76,9,0,0,0,96,92,15,10,9,0,0,22,88,33,0,8,4,1,0,1,3,0,3,0,0,106,247,415,FINAL (ENTRADA MANUAL)
6,11,3,125,32,0,56,12,0,0,3,98,74,11,12,11,0,0,22,87,23,0,12,7,1,1,0,4,1,0,0,1,92,229,414,FINAL (ENTRADA MANUAL)
6,12,1,90,44,0,70,19,0,0,1,79,88,15,12,17,1,0,12,71,38,0,9,10,2,1,0,3,0,2,0,0,90,226,412,FINAL (ENTRADA MANUAL)
6,12,2,99,42,0,72,23,0,1,0,82,85,29,7,20,0,0,14,74,32,0,6,16,1,4,1,9,0,2,0,0,94,239,412,FINAL (ENTRADA MANUAL)
6,13,1,92,27,1,134,15,0,1,1,70,116,47,17,9,0,0,12,66,22,0,14,7,4,4,2,11,1,1,0,0,140,272,391,FINAL (ENTRADA MANUAL)
6,13,2,102,23,0,94,19,1,0,2,91,91,31,11,10,0,0,7,82,21,0,4,8,1,1,0,13,2,3,0,1,109,245,391,FINAL (ENTRADA MANUAL)
6,13,3,94,28,0,98,20,0,0,1,77,111,30,6,7,0,0,10,68,20,0,5,7,0,2,2,11,2,1,0,0,124,242,391,FINAL (ENTRADA MANUAL)
6,13,4,71,39,0,111,16,0,0,2,52,107,33,20,16,0,0,11,41,34,0,17,12,4,2,1,13,0,1,0,0,115,240,392,FINAL (ENTRADA MANUAL)
6,14,1,108,35,0,93,27,1,0,0,91,100,25,17,19,1,0,11,77,31,0,12,16,1,1,1,13,1,0,0,0,111,264,436,FINAL (ENTRADA MANUAL)
6,14,2,79,36,0,114,30,0,0,0,68,99,43,19,21,1,0,8,61,31,0,14,19,3,1,3,17,2,0,0,0,108,259,435,FINAL (ENTRADA MANUAL)
6,15,1,82,34,0,121,9,0,0,0,60,104,47,16,6,1,0,12,50,29,0,14,5,5,3,5,10,0,0,0,0,125,246,367,FINAL (ENTRADA MANUAL)
6,15,2,70,32,0,130,12,0,0,1,65,106,50,10,10,0,0,4,54,28,0,5,7,0,1,4,23,0,0,0,0,123,246,367,FINAL (ENTRADA MANUAL)
6,16,1,93,28,1,144,21,0,0,0,73,130,48,13,15,0,0,8,62,23,0,10,11,2,2,1,12,1,0,0,0,163,287,442,FINAL (ENTRADA MANUAL)
6,16,2,95,30,0,147,12,0,0,3,84,127,53,12,10,0,0,1,78,26,0,11,7,3,4,0,21,1,0,0,1,136,288,442,FINAL (ENTRADA MANUAL)
6,17,1,95,29,0,81,14,0,0,1,77,90,23,10,11,0,0,9,71,24,0,8,8,3,0,0,8,0,0,0,0,98,220,368,FINAL (ENTRADA MANUAL)
6,17,2,70,26,0,85,18,0,0,1,56,93,24,8,11,0,0,8,49,17,0,7,6,3,2,2,7,1,1,0,0,106,201,368,FINAL (ENTRADA MANUAL)
6,17,3,66,16,0,89,20,1,0,3,59,81,25,12,14,0,0,4,54,10,0,9,10,2,0,0,13,2,0,0,0,95,195,368,FINAL (ENTRADA MANUAL)
6,17,4,79,25,0,104,12,1,0,0,71,83,37,9,11,0,0,10,63,19,0,9,8,3,3,3,12,0,0,0,0,101,221,367,FINAL (ENTRADA MANUAL)
6,72,1,133,53,0,16,7,1,0,0,124,69,5,1,4,0,0,7,113,45,0,1,4,0,2,1,5,1,0,0,0,38,210,0,FINAL (ENTRADA MANUAL)
6,72,2,16,12,0,6,1,1,0,0,15,13,6,0,1,0,0,1,15,11,0,0,1,1,0,0,6,0,1,0,0,2,37,0,FINAL (ENTRADA MANUAL)
6,72,3,427,181,0,137,29,1,0,1,384,297,50,8,13,0,0,24,359,161,0,7,9,12,6,2,24,7,0,0,2,189,778,0,FINAL (ENTRADA MANUAL)
6,72,4,62,37,0,10,4,0,0,0,58,50,2,1,1,0,0,1,58,37,0,1,1,3,1,1,2,3,0,0,1,6,114,0,FINAL (ENTRADA MANUAL)
6,72,5,48,13,0,6,6,1,0,2,46,20,4,0,4,0,0,2,40,12,0,0,4,1,0,0,0,0,0,0,0,19,76,0,FINAL (ENTRADA MANUAL)
6,72,6,1,5,0,0,0,0,0,0,1,5,0,0,0,0,0,0,0,5,0,0,0,0,0,0,0,0,0,0,0,1,6,0,FINAL (ENTRADA MANUAL)
6,72,7,31,9,0,2,2,0,0,0,29,13,0,0,1,0,0,0,26,8,0,0,1,2,1,1,0,0,0,0,0,6,45,0,FINAL (ENTRADA MANUAL)
6,72,8,5,3,0,0,0,0,0,0,5,3,0,0,0,0,0,0,5,3,0,0,0,0,0,0,0,0,0,0,0,0,8,0,FINAL (ENTRADA MANUAL)
6,72,9,53,27,0,2,4,0,0,0,50,28,2,0,4,0,0,2,47,26,0,0,0,0,0,0,0,0,0,0,0,9,86,0,FINAL (ENTRADA MANUAL)
6,72,10,13,7,0,0,0,0,0,0,13,9,0,0,0,0,0,0,13,7,0,0,0,0,2,0,0,0,0,1,0,0,23,0,FINAL (ENTRADA MANUAL)
6,73,1,68,47,0,8,4,0,0,0,59,55,0,2,2,0,0,9,50,46,0,2,2,1,0,0,2,0,0,0,0,24,127,0,FINAL (ENTRADA MANUAL)
6,73,2,11,9,0,1,0,0,1,1,12,9,1,0,0,0,0,1,11,9,0,0,0,0,0,0,1,0,1,0,0,2,24,0,FINAL (ENTRADA MANUAL)
6,74,1,3,2,0,7,1,0,0,0,3,8,1,0,1,0,0,0,3,2,0,0,1,0,0,0,0,0,0,0,0,7,13,0,FINAL (ENTRADA MANUAL)
6,74,2,0,0,0,0,0,0,0,0,0,0,0,0,0,0,0,0,0,0,0,0,0,0,0,0,0,0,0,0,0,0,0,0,FINAL (ENTRADA MANUAL)
6,75,1,2,1,0,1,0,1,0,0,1,1,0,0,0,0,0,1,1,0,0,0,0,0,0,0,0,0,0,0,0,5,6,0,FINAL (ENTRADA MANUAL)
6,75,2,0,1,0,0,0,0,0,0,0,1,0,0,0,0,0,0,0,1,0,0,0,0,0,0,0,0,0,0,0,0,1,0,FINAL (ENTRADA MANUAL)
6,76,1,20,4,1,6,0,0,0,0,14,6,0,4,0,0,0,7,10,4,0,3,0,0,0,0,0,0,0,0,0,14,31,0,FINAL (ENTRADA MANUAL)
6,76,2,1,0,0,0,0,0,0,0,1,0,0,0,0,0,0,0,1,0,0,0,0,0,0,0,0,0,0,0,0,0,1,0,FINAL (ENTRADA MANUAL)
6,76,3,1,0,0,1,1,0,0,0,1,0,0,0,1,0,0,1,0,0,0,0,1,0,0,0,0,0,0,0,0,2,3,0,FINAL (ENTRADA MANUAL)
6,76,5,2,0,0,0,0,0,0,0,0,0,0,0,0,0,0,2,0,0,0,0,0,0,0,0,0,0,0,0,0,2,2,0,FINAL (ENTRADA MANUAL)
6,76,6,0,0,0,0,0,0,0,0,0,0,0,0,0,0,0,0,0,0,0,0,0,0,0,0,0,0,0,0,0,0,0,0,FINAL (ENTRADA MANUAL)
6,77,1,0,0,0,0,0,0,0,0,0,0,0,0,0,0,0,0,0,0,0,0,0,0,0,0,0,0,0,0,0,0,0,0,FINAL (ENTRADA MANUAL)
6,77,2,12,6,0,54,1,0,0,0,9,28,32,2,1,0,0,1,6,5,0,2,1,0,0,2,9,0,0,0,0,48,73,0,FINAL (ENTRADA MANUAL)
6,77,3,0,0,0,0,0,0,0,0,0,0,0,0,0,0,0,0,0,0,0,0,0,0,0,0,0,0,0,0,0,0,0,0,FINAL (ENTRADA MANUAL)
6,77,4,1,0,0,7,0,0,4,4,1,1,5,1,0,0,0,0,1,0,0,1,0,0,0,0,2,0,0,4,0,4,8,0,FINAL (ENTRADA MANUAL)
6,77,5,0,0,0,1,0,0,0,0,0,0,1,0,0,0,0,0,0,0,0,0,0,0,0,0,0,0,0,0,0,1,1,0,FINAL (ENTRADA MANUAL)
6,77,6,21,4,0,12,0,0,0,0,19,10,6,2,0,0,0,0,16,3,0,0,0,1,0,0,1,0,0,0,0,16,37,0,FINAL (ENTRADA MANUAL)
6,78,1,58,23,0,38,10,0,0,0,46,51,10,4,8,0,0,10,45,21,0,4,8,2,1,0,4,0,0,0,0,44,129,0,FINAL (ENTRADA MANUAL)
6,78,2,0,0,0,1,0,0,0,0,0,0,0,1,0,0,0,0,0,0,0,1,0,0,0,0,0,0,0,0,0,0,1,0,FINAL (ENTRADA MANUAL)
6,78,3,6,0,0,2,0,0,0,0,4,1,1,0,0,0,0,2,3,0,0,0,0,0,0,0,0,0,0,0,0,5,8,0,FINAL (ENTRADA MANUAL)
6,78,4,2,0,0,0,0,0,0,0,2,0,0,0,0,0,0,0,2,0,0,0,0,0,0,0,0,0,0,0,0,0,2,0,FINAL (ENTRADA MANUAL)
6,79,1,1,0,0,0,0,0,0,0,1,0,0,0,0,0,0,0,0,0,0,0,0,0,0,0,0,0,0,0,0,1,1,0,FINAL (ENTRADA MANUAL)
81,1,1,114,31,0,59,19,0,0,0,99,74,15,14,15,0,0,6,92,30,0,11,13,1,1,1,4,1,0,0,0,69,223,485,FINAL (ENTRADA MANUAL)
81,1,2,77,44,0,81,10,0,1,2,67,99,14,20,13,0,0,2,59,40,0,20,6,7,1,2,8,0,0,0,0,72,215,485,FINAL (ENTRADA MANUAL)
81,1,3,73,53,1,78,19,0,0,0,57,100,18,17,16,1,0,15,50,46,0,15,14,1,1,0,5,0,0,0,0,92,224,485,FINAL (ENTRADA MANUAL)
81,1,4,131,45,0,62,14,0,0,0,116,86,13,18,12,0,0,7,108,44,0,17,8,1,2,1,7,3,0,0,0,61,252,485,FINAL (ENTRADA MANUAL)
81,1,5,120,52,0,74,24,0,0,2,100,112,13,17,21,1,0,8,91,45,0,17,20,1,0,0,10,0,0,0,0,88,272,485,FINAL (ENTRADA MANUAL)
81,1,6,122,28,0,57,17,0,0,0,104,76,14,9,16,0,0,5,95,27,0,8,12,2,0,0,3,0,2,0,0,74,223,485,FINAL (ENTRADA MANUAL)
81,2,1,106,24,0,83,14,0,0,0,97,72,25,15,12,0,0,6,91,22,0,14,7,1,1,1,6,2,0,0,0,82,227,520,FINAL (ENTRADA MANUAL)
81,2,2,135,20,0,76,12,0,0,1,115,62,21,22,11,0,0,13,109,17,0,20,10,3,0,0,4,0,0,0,0,81,244,520,FINAL (ENTRADA MANUAL)
81,2,3,134,32,0,88,26,0,0,1,118,81,37,12,21,0,1,11,112,31,0,12,17,2,2,1,10,0,0,0,0,94,281,520,FINAL (ENTRADA MANUAL)
81,2,4,137,42,1,80,17,0,0,1,124,90,17,22,16,0,0,9,104,35,0,19,10,1,3,0,3,1,1,0,0,102,279,520,FINAL (ENTRADA MANUAL)
81,2,5,140,29,0,97,14,0,0,0,123,87,28,18,13,2,0,9,109,22,0,12,9,2,1,3,14,2,1,0,0,106,281,520,FINAL (ENTRADA MANUAL)
81,2,6,145,33,1,100,23,0,0,0,125,97,36,14,12,1,0,17,114,28,1,14,10,3,2,3,8,2,2,1,0,117,305,520,FINAL (ENTRADA MANUAL)
81,2,7,144,28,0,89,14,1,0,1,126,87,20,17,10,0,0,17,108,24,0,12,7,0,1,1,8,1,0,0,0,115,277,520,FINAL (ENTRADA MANUAL)
81,2,8,119,21,1,97,21,0,0,0,109,79,24,22,16,0,0,9,97,16,0,20,14,2,0,1,6,0,2,0,0,103,261,519,FINAL (ENTRADA MANUAL)
81,3,1,116,36,1,64,4,0,0,0,102,71,13,16,1,0,1,17,98,31,0,15,1,0,2,0,3,0,1,0,1,71,223,392,FINAL (ENTRADA MANUAL)
81,3,2,102,33,0,76,9,1,0,0,93,72,25,14,8,0,0,9,83,30,0,14,7,1,1,2,10,0,1,0,0,73,222,391,FINAL (ENTRADA MANUAL)
81,4,1,116,46,0,108,18,0,0,0,97,109,31,23,11,0,0,17,84,42,0,19,6,2,2,2,13,2,0,0,0,116,288,509,FINAL (ENTRADA MANUAL)
81,4,2,111,35,0,100,11,1,0,0,98,77,31,18,12,0,0,22,92,24,0,17,9,2,1,2,10,0,0,0,0,101,258,509,FINAL (ENTRADA MANUAL)
81,4,3,108,36,0,124,19,0,0,0,95,103,37,23,10,0,0,19,86,29,0,19,6,2,1,1,11,2,1,0,0,130,288,509,FINAL (ENTRADA MANUAL)
81,4,4,101,43,0,115,19,0,0,1,80,106,34,31,19,0,0,9,78,38,0,28,11,1,0,0,10,0,2,2,0,113,283,509,FINAL (ENTRADA MANUAL)
81,4,5,112,23,0,90,13,0,0,1,101,76,26,16,15,1,0,4,91,20,0,13,12,2,2,0,10,0,1,0,1,89,241,509,FINAL (ENTRADA MANUAL)
81,4,6,110,33,0,94,19,0,0,0,94,86,38,17,16,0,0,5,88,29,0,15,13,0,1,0,16,1,0,0,0,93,256,509,FINAL (ENTRADA MANUAL)
81,4,7,90,28,1,94,22,1,0,0,80,82,29,13,19,0,0,13,70,22,0,12,16,3,0,1,15,0,1,0,0,97,237,510,FINAL (ENTRADA MANUAL)
81,5,1,110,37,0,90,23,1,0,0,92,80,31,22,17,0,0,19,88,31,0,20,15,0,3,1,6,0,2,0,0,97,263,535,FINAL (ENTRADA MANUAL)
81,5,2,130,27,0,89,15,1,0,0,113,71,31,25,13,0,0,9,103,20,0,24,10,1,1,0,8,1,0,0,0,94,262,535,FINAL (ENTRADA MANUAL)
81,5,3,112,40,0,78,10,1,0,0,109,77,24,16,7,0,0,8,100,33,0,14,4,0,2,1,8,0,0,0,0,79,241,535,FINAL (ENTRADA MANUAL)
81,5,4,135,38,1,82,16,0,0,2,118,85,19,23,13,0,0,16,112,33,1,21,12,1,1,0,6,1,2,0,1,86,277,535,FINAL (ENTRADA MANUAL)
81,5,5,114,41,1,84,17,0,0,0,100,80,23,23,15,0,0,16,91,31,0,21,12,1,2,0,5,0,0,0,0,94,257,536,FINAL (ENTRADA MANUAL)
81,6,1,95,41,1,116,16,1,0,0,87,111,34,15,15,0,0,8,79,37,1,15,12,1,7,0,7,1,1,0,0,110,271,458,FINAL (ENTRADA MANUAL)
81,6,2,110,31,1,94,14,0,0,0,86,90,24,21,13,0,0,16,80,24,1,15,9,2,2,2,7,1,0,0,0,107,250,458,FINAL (ENTRADA MANUAL)
81,6,3,92,37,0,117,19,1,0,0,91,101,43,15,13,0,0,3,85,35,0,15,11,1,1,2,6,0,0,0,0,110,266,458,FINAL (ENTRADA MANUAL)
81,6,4,95,32,0,107,11,0,0,0,84,85,27,27,10,0,0,12,75,25,0,23,8,2,2,0,7,0,0,0,0,103,245,458,FINAL (ENTRADA MANUAL)
81,6,5,99,32,0,110,14,0,0,1,78,97,28,29,13,0,0,11,65,27,0,27,12,4,0,1,16,1,0,0,0,103,256,460,FINAL (ENTRADA MANUAL)
81,72,1,9,12,0,14,3,0,0,1,8,21,4,4,2,0,0,0,7,9,0,4,1,0,1,0,4,0,0,0,0,13,39,0,FINAL (ENTRADA MANUAL)
81,72,2,2,4,0,0,0,0,0,0,2,4,0,0,0,0,0,0,2,4,0,0,0,0,0,0,0,0,0,0,0,0,6,0,FINAL (ENTRADA MANUAL)
81,72,3,122,223,0,87,9,0,1,1,112,270,31,17,7,2,0,4,104,210,0,14,5,2,3,0,19,0,0,1,3,86,447,0,FINAL (ENTRADA MANUAL)
81,72,4,21,66,0,24,0,0,1,1,19,80,4,10,0,0,0,0,17,66,0,10,0,0,1,0,5,0,1,2,0,14,116,0,FINAL (ENTRADA MANUAL)
81,72,5,4,15,0,4,0,0,0,0,4,18,0,1,0,0,0,0,4,15,0,1,0,0,1,0,0,0,0,0,0,2,23,0,FINAL (ENTRADA MANUAL)
81,72,6,1,3,0,0,0,0,0,0,0,3,0,0,0,0,0,0,0,2,0,0,0,0,0,0,0,0,0,0,0,2,4,0,FINAL (ENTRADA MANUAL)
81,72,7,8,10,0,1,0,0,0,0,6,12,0,1,0,0,0,0,6,10,0,1,0,0,0,0,0,0,0,0,1,2,20,0,FINAL (ENTRADA MANUAL)
81,72,8,0,0,0,0,0,0,0,1,0,1,0,0,0,0,0,0,0,0,0,0,0,0,0,0,0,0,0,0,0,1,1,0,FINAL (ENTRADA MANUAL)
81,72,9,2,3,0,2,0,0,0,0,2,4,0,1,0,0,0,0,2,3,0,1,0,0,0,0,0,0,0,0,0,1,7,0,FINAL (ENTRADA MANUAL)
81,72,10,1,2,0,0,0,0,0,0,1,2,0,0,0,0,0,0,1,2,0,0,0,0,0,0,0,0,0,0,0,0,3,0,FINAL (ENTRADA MANUAL)
81,72,11,5,0,0,2,1,0,0,0,5,1,0,1,1,0,0,0,5,0,0,1,1,0,0,0,0,0,0,0,0,1,8,0,FINAL (ENTRADA MANUAL)
81,72,12,0,1,0,3,0,0,0,0,0,2,1,1,0,0,0,0,0,1,0,1,0,0,0,1,0,0,0,0,0,1,4,0,FINAL (ENTRADA MANUAL)
81,73,1,733,214,3,37,27,0,0,0,688,220,6,21,12,0,0,67,652,191,2,17,10,6,0,0,3,3,0,0,0,130,1014,0,FINAL (ENTRADA MANUAL)
81,73,2,0,0,0,0,0,0,0,0,0,0,0,0,0,0,0,0,0,0,0,0,0,0,0,0,0,0,0,0,0,0,0,0,FINAL (ENTRADA MANUAL)
81,73,3,0,0,0,0,0,0,0,0,0,0,0,0,0,0,0,0,0,0,0,0,0,0,0,0,0,0,0,0,0,0,0,0,FINAL (ENTRADA MANUAL)
81,73,4,0,0,0,0,0,0,0,0,0,0,0,0,0,0,0,0,0,0,0,0,0,0,0,0,0,0,0,0,0,0,0,0,FINAL (ENTRADA MANUAL)
81,73,5,33,13,0,5,0,0,0,1,21,16,0,2,0,0,0,12,20,12,0,2,0,1,0,0,0,0,12,0,0,17,64,0,FINAL (ENTRADA MANUAL)
81,74,1,0,1,0,1,0,0,0,0,0,1,1,0,0,0,0,0,0,1,0,0,0,0,0,0,0,0,0,0,0,1,2,0,FINAL (ENTRADA MANUAL)
81,74,2,0,0,0,0,0,0,0,0,0,0,0,0,0,0,0,0,0,0,0,0,0,0,0,0,0,0,0,0,0,0,0,0,FINAL (ENTRADA MANUAL)
81,75,1,0,1,0,0,0,1,0,0,0,2,0,0,0,0,0,0,0,1,0,0,0,0,0,0,0,0,0,0,0,1,2,0,FINAL (ENTRADA MANUAL)
81,76,1,15,2,0,1,0,0,0,0,14,2,0,1,0,0,0,1,12,2,0,1,0,0,0,0,0,0,0,0,0,3,18,0,FINAL (ENTRADA MANUAL)
81,76,2,0,0,0,0,0,0,0,0,0,0,0,0,0,0,0,0,0,0,0,0,0,0,0,0,0,0,0,0,0,0,0,0,FINAL (ENTRADA MANUAL)
81,76,3,3,0,0,1,0,0,0,0,3,0,0,0,0,0,0,1,2,0,0,0,0,0,0,0,0,0,0,0,0,2,4,0,FINAL (ENTRADA MANUAL)
81,76,5,0,0,0,0,1,0,0,0,0,0,0,0,1,0,0,0,0,0,0,0,0,0,0,0,0,0,0,0,0,1,1,0,FINAL (ENTRADA MANUAL)
81,77,1,7,2,0,7,2,0,0,0,7,2,4,3,2,0,0,0,6,2,0,3,2,0,0,1,0,0,0,0,0,4,18,0,FINAL (ENTRADA MANUAL)
81,77,2,3,0,0,18,0,0,0,0,4,2,13,2,0,0,0,0,2,0,0,2,0,0,0,2,1,0,0,0,0,14,21,0,FINAL (ENTRADA MANUAL)
81,77,3,0,0,0,0,0,0,0,0,0,0,0,0,0,0,0,0,0,0,0,0,0,0,0,0,0,0,0,0,0,0,0,0,FINAL (ENTRADA MANUAL)
81,77,4,0,0,0,3,0,0,0,0,0,0,2,1,0,0,0,0,0,0,0,1,0,0,0,1,0,0,0,0,0,1,3,0,FINAL (ENTRADA MANUAL)
81,77,5,0,0,0,1,0,0,0,0,0,0,1,0,0,0,0,0,0,0,0,0,0,0,0,0,0,0,0,0,0,1,1,0,FINAL (ENTRADA MANUAL)
81,77,6,2,2,0,1,1,0,0,0,1,3,1,0,1,0,0,0,0,2,0,0,0,0,0,0,0,1,0,0,0,3,6,0,FINAL (ENTRADA MANUAL)
81,78,1,19,11,0,8,2,0,0,0,15,16,2,3,1,0,0,3,14,11,0,3,1,1,0,0,0,1,0,0,0,0,40,0,FINAL (ENTRADA MANUAL)
81,78,2,4,0,0,1,0,0,0,0,1,0,0,1,1,0,0,2,1,0,0,1,0,0,0,0,0,0,0,0,0,3,5,0,FINAL (ENTRADA MANUAL)
81,78,3,4,5,0,1,0,0,0,0,3,5,1,0,0,0,0,1,3,5,0,0,0,0,0,0,0,0,0,0,0,2,10,0,FINAL (ENTRADA MANUAL)
81,78,4,2,0,0,0,0,0,0,0,1,1,0,0,0,0,0,0,1,0,0,0,0,0,0,0,0,0,0,0,0,1,2,0,FINAL (ENTRADA MANUAL)
7,1,1,114,40,0,73,14,0,0,0,90,92,18,17,8,0,0,16,76,32,0,15,6,3,1,2,7,0,1,1,0,99,243,454,FINAL (ENTRADA MANUAL)
7,1,2,103,27,0,74,12,2,1,2,82,64,19,19,12,1,0,24,71,20,0,15,10,1,2,3,5,0,0,0,0,94,221,454,FINAL (ENTRADA MANUAL)
7,1,3,99,28,0,66,13,1,0,0,84,67,17,11,10,0,0,18,76,24,0,10,7,0,2,2,7,0,0,0,0,79,208,454,FINAL (ENTRADA MANUAL)
7,1,4,94,30,0,55,17,0,0,0,89,63,10,11,15,0,0,8,75,25,0,10,12,1,2,0,7,0,0,2,0,64,198,454,FINAL (ENTRADA MANUAL)
7,2,1,131,40,2,78,10,0,1,0,106,76,34,11,11,0,0,24,101,33,2,8,9,2,1,1,12,0,0,0,0,93,260,464,FINAL (ENTRADA MANUAL)
7,2,2,100,28,0,73,10,1,2,1,84,77,19,9,8,0,1,17,71,25,0,7,6,1,4,0,0,1,1,1,0,100,217,463,FINAL (ENTRADA MANUAL)
7,3,1,107,27,0,94,13,0,0,0,87,104,22,16,11,0,0,1,77,21,0,14,8,2,0,1,15,1,0,0,0,102,241,379,FINAL (ENTRADA MANUAL)
7,3,2,95,16,1,111,8,0,0,0,78,106,34,8,2,0,0,3,63,12,1,7,2,3,3,3,16,3,0,0,0,118,231,379,FINAL (ENTRADA MANUAL)
7,3,3,72,37,0,105,10,0,0,0,58,107,35,11,8,0,0,5,52,32,0,9,4,0,4,0,15,0,0,0,0,108,224,379,FINAL (ENTRADA MANUAL)
7,3,4,83,17,0,106,8,0,0,0,65,104,29,9,4,0,0,3,60,16,0,7,3,6,6,1,11,2,1,0,1,102,216,378,FINAL (ENTRADA MANUAL)
7,4,1,136,23,0,84,5,2,0,0,107,107,24,7,3,0,0,2,97,21,0,5,2,4,5,1,9,0,0,0,0,106,250,423,FINAL (ENTRADA MANUAL)
7,4,2,113,36,0,101,2,1,0,0,88,122,24,14,0,1,0,4,75,30,0,12,0,3,7,2,11,0,0,0,0,113,253,423,FINAL (ENTRADA MANUAL)
7,4,3,125,38,1,106,2,0,0,0,98,143,20,6,2,0,0,3,87,32,1,5,0,3,6,0,11,0,0,0,0,127,272,423,FINAL (ENTRADA MANUAL)
7,4,4,124,28,0,92,6,0,0,0,101,114,24,6,4,0,0,1,92,26,0,5,2,6,5,0,6,0,1,0,0,108,251,423,FINAL (ENTRADA MANUAL)
7,4,5,122,37,0,91,9,1,0,0,90,134,17,7,5,0,0,7,76,33,0,5,5,6,1,0,11,0,0,0,1,123,261,423,FINAL (ENTRADA MANUAL)
7,4,6,122,34,0,93,5,0,0,0,102,113,24,11,3,0,0,1,93,28,0,10,1,3,1,2,10,1,0,0,1,105,255,423,FINAL (ENTRADA MANUAL)
7,4,7,117,38,1,93,10,0,0,0,88,123,26,8,9,0,0,5,79,32,1,7,4,3,5,2,7,1,0,0,0,118,259,423,FINAL (ENTRADA MANUAL)
7,4,8,109,34,1,109,7,1,0,0,94,114,35,10,3,0,0,5,81,27,1,9,1,3,5,1,14,0,0,0,0,119,261,423,FINAL (ENTRADA MANUAL)
7,4,9,128,28,1,93,7,2,0,0,102,115,23,11,4,0,0,4,88,24,0,10,4,3,5,0,17,0,1,0,1,108,261,423,FINAL (ENTRADA MANUAL)
7,5,1,124,15,2,104,4,0,0,1,95,99,35,13,5,0,0,3,85,9,0,10,4,3,2,1,13,0,0,0,0,123,250,427,FINAL (ENTRADA MANUAL)
7,5,2,126,29,0,101,1,0,0,1,107,110,24,12,0,2,0,3,88,23,0,9,0,4,5,1,14,0,0,0,1,114,259,427,FINAL (ENTRADA MANUAL)
7,5,3,118,33,1,104,6,1,0,0,98,116,31,10,4,1,0,3,84,31,1,8,3,4,1,1,18,1,0,0,0,111,263,427,FINAL (ENTRADA MANUAL)
7,5,4,119,35,0,109,6,0,0,0,97,124,29,9,3,0,0,7,91,32,0,7,2,4,6,1,12,0,0,0,0,114,269,427,FINAL (ENTRADA MANUAL)
7,5,5,114,35,0,104,6,0,1,0,102,108,36,7,4,0,0,3,91,30,0,6,2,1,4,1,11,1,0,0,0,113,260,428,FINAL (ENTRADA MANUAL)
7,6,1,101,27,0,119,12,0,0,2,85,105,42,13,10,1,0,5,79,27,0,13,7,1,3,2,14,0,0,0,0,115,261,462,FINAL (ENTRADA MANUAL)
7,6,2,113,16,0,110,13,1,0,0,90,96,39,12,10,0,0,6,79,15,0,10,7,2,3,2,12,1,1,0,0,122,254,462,FINAL (ENTRADA MANUAL)
7,6,3,98,37,2,130,16,0,0,0,90,124,36,16,12,0,0,5,77,32,2,14,8,2,7,2,14,1,0,0,0,124,283,462,FINAL (ENTRADA MANUAL)
7,6,4,115,23,1,109,22,1,1,1,95,101,43,9,13,0,0,12,83,21,1,9,11,5,1,6,18,0,2,0,0,118,275,462,FINAL (ENTRADA MANUAL)
7,7,1,68,13,0,37,7,0,0,1,63,39,12,7,5,0,0,0,55,11,0,6,4,2,1,0,2,1,0,0,0,44,126,254,FINAL (ENTRADA MANUAL)
7,7,2,73,10,0,34,8,1,0,0,66,37,5,7,8,0,0,3,63,10,0,7,3,0,0,0,3,1,1,0,0,39,126,254,FINAL (ENTRADA MANUAL)
7,8,1,134,24,0,100,6,2,0,0,107,117,21,13,5,0,0,3,96,21,0,9,3,8,4,0,6,0,0,0,0,119,266,426,FINAL (ENTRADA MANUAL)
7,8,2,135,31,0,104,8,1,1,0,109,128,22,12,4,0,0,5,98,28,0,11,4,4,4,1,9,0,0,0,0,121,280,426,FINAL (ENTRADA MANUAL)
7,8,3,121,39,1,101,11,0,0,0,107,114,30,13,7,0,0,2,91,31,1,11,5,5,1,0,10,0,0,0,0,118,273,426,FINAL (ENTRADA MANUAL)
7,8,4,157,31,0,76,10,1,0,0,121,110,26,9,9,0,0,0,108,29,0,7,7,5,2,0,8,1,0,0,0,108,275,426,FINAL (ENTRADA MANUAL)
7,8,5,130,30,0,111,5,2,0,0,101,132,28,8,7,0,0,2,91,25,0,8,3,7,4,0,14,0,0,0,0,126,278,426,FINAL (ENTRADA MANUAL)
7,8,6,131,27,0,110,7,1,0,3,95,135,30,11,5,0,0,3,81,25,0,11,4,10,5,1,11,1,0,0,1,130,279,426,FINAL (ENTRADA MANUAL)
7,8,7,133,29,0,112,6,1,0,0,101,129,28,16,4,0,0,3,92,23,0,13,3,5,5,1,13,0,0,0,0,126,281,426,FINAL (ENTRADA MANUAL)
7,8,8,110,26,0,125,9,0,0,0,76,143,28,12,8,0,0,3,69,24,0,8,5,1,3,5,23,0,0,0,0,132,270,426,FINAL (ENTRADA MANUAL)
7,8,9,137,28,1,89,7,2,0,0,103,113,33,9,4,0,0,2,91,22,1,8,2,11,3,1,17,0,0,0,0,108,264,426,FINAL (ENTRADA MANUAL)
7,8,10,132,22,0,110,8,0,0,0,94,118,36,15,5,0,0,4,90,15,0,10,4,4,2,1,19,0,0,0,0,127,272,429,FINAL (ENTRADA MANUAL)
7,9,1,105,24,0,105,11,1,0,1,82,111,26,12,9,1,0,6,68,20,0,10,6,5,3,0,6,1,1,0,0,128,248,384,FINAL (ENTRADA MANUAL)
7,9,2,105,27,0,91,6,0,0,1,84,95,32,10,5,0,0,4,78,20,0,9,2,4,4,1,9,1,0,0,0,102,230,384,FINAL (ENTRADA MANUAL)
7,9,3,103,30,0,106,12,0,0,2,87,111,29,12,11,0,0,3,76,22,0,11,7,2,2,0,10,0,1,0,0,123,254,384,FINAL (ENTRADA MANUAL)
7,9,4,92,30,0,108,13,0,0,0,77,105,30,14,11,0,0,6,70,28,0,9,6,3,1,4,10,0,0,0,0,112,243,383,FINAL (ENTRADA MANUAL)
7,10,1,94,20,0,106,10,0,0,0,79,78,30,23,12,0,0,8,62,17,0,22,7,4,1,1,12,1,1,0,0,103,231,464,FINAL (ENTRADA MANUAL)
7,10,2,83,33,0,128,16,1,0,0,63,118,31,18,12,1,0,18,50,28,0,16,10,3,3,1,16,0,0,0,0,134,261,464,FINAL (ENTRADA MANUAL)
7,10,3,95,23,2,113,13,2,0,0,71,96,39,16,11,0,0,15,63,21,1,11,6,4,2,1,17,0,1,0,0,122,249,464,FINAL (ENTRADA MANUAL)
7,10,4,90,11,0,120,18,0,0,0,76,97,31,16,10,0,0,9,66,8,0,11,9,2,4,0,15,1,0,0,0,123,239,464,FINAL (ENTRADA MANUAL)
7,10,5,100,22,0,102,32,2,0,0,89,81,39,12,31,0,0,6,76,19,0,10,24,2,4,1,11,2,0,1,0,109,259,464,FINAL (ENTRADA MANUAL)
7,10,6,92,23,0,97,12,2,0,0,79,82,35,11,13,0,0,6,60,21,0,9,8,0,1,0,12,0,0,0,0,115,226,464,FINAL (ENTRADA MANUAL)
7,10,7,81,23,1,125,17,0,0,0,69,100,41,19,15,0,0,3,60,20,1,16,11,5,3,0,11,0,0,0,0,120,247,463,FINAL (ENTRADA MANUAL)
7,11,1,113,22,1,122,9,0,0,1,94,112,46,8,5,0,0,3,81,17,1,6,4,4,4,2,12,0,0,0,0,137,268,417,FINAL (ENTRADA MANUAL)
7,11,2,116,32,0,107,19,1,0,0,95,130,30,6,11,0,0,3,82,27,0,5,9,3,11,1,18,2,0,0,0,117,275,417,FINAL (ENTRADA MANUAL)
7,11,3,116,25,0,138,3,0,0,0,88,146,35,7,4,0,0,2,76,19,0,7,2,7,7,4,16,0,0,0,0,144,282,417,FINAL (ENTRADA MANUAL)
7,11,4,123,25,0,107,15,0,0,1,96,119,31,11,11,0,0,3,87,21,0,8,8,3,3,1,13,0,0,0,0,127,271,417,FINAL (ENTRADA MANUAL)
7,11,5,95,34,0,131,14,1,0,0,78,152,28,13,3,0,0,1,66,27,0,11,2,3,5,2,20,4,0,0,0,135,275,417,FINAL (ENTRADA MANUAL)
7,11,6,100,28,0,125,12,4,0,0,77,138,32,9,10,1,0,2,70,23,0,9,7,3,5,5,13,1,0,0,0,133,269,417,FINAL (ENTRADA MANUAL)
7,11,7,102,43,1,124,17,0,0,2,79,154,36,9,6,0,0,5,69,34,0,8,6,4,4,0,15,2,0,0,0,147,289,417,FINAL (ENTRADA MANUAL)
7,11,8,106,25,0,119,15,1,0,2,85,125,37,5,13,1,0,2,75,19,0,5,9,3,5,0,13,3,0,0,0,136,268,420,FINAL (ENTRADA MANUAL)
7,12,1,74,35,0,131,22,0,0,0,67,121,30,22,15,0,0,7,62,33,0,19,13,4,3,1,9,1,0,0,2,117,264,423,FINAL (ENTRADA MANUAL)
7,12,2,89,30,1,129,10,2,0,0,74,112,43,17,7,0,0,8,63,28,1,13,4,2,7,2,12,0,0,0,0,129,261,423,FINAL (ENTRADA MANUAL)
7,12,3,71,31,1,129,18,0,0,0,65,99,52,16,13,0,0,5,54,28,1,16,11,1,4,5,18,3,0,0,0,109,250,423,FINAL (ENTRADA MANUAL)
7,12,4,90,23,0,115,22,0,1,0,79,92,44,11,21,1,0,3,71,20,0,10,19,4,6,0,15,1,0,0,0,105,251,423,FINAL (ENTRADA MANUAL)
7,12,5,87,28,0,119,16,0,0,0,68,107,42,13,17,0,0,3,56,22,0,11,7,3,3,1,14,3,0,0,0,130,250,423,FINAL (ENTRADA MANUAL)
7,12,6,76,35,0,126,18,0,0,0,65,110,51,18,10,0,0,1,53,27,0,14,8,1,4,1,22,1,0,0,0,124,255,422,FINAL (ENTRADA MANUAL)
7,13,1,90,26,1,124,13,0,1,2,74,114,41,15,10,0,0,3,65,22,1,12,7,4,2,2,21,0,0,0,0,121,257,383,FINAL (ENTRADA MANUAL)
7,13,2,82,24,0,128,11,0,0,0,70,112,46,7,7,0,0,3,64,20,0,6,6,0,4,3,17,0,1,0,0,125,246,383,FINAL (ENTRADA MANUAL)
7,13,3,90,30,0,132,6,0,0,1,77,136,31,10,3,0,0,2,66,22,0,10,2,7,6,0,14,0,0,0,0,132,259,382,FINAL (ENTRADA MANUAL)
7,14,1,109,17,0,54,4,0,0,1,94,56,13,11,2,0,0,9,75,14,0,10,1,0,1,0,5,1,2,0,0,78,187,424,FINAL (ENTRADA MANUAL)
7,15,1,89,29,0,137,8,0,0,0,72,131,40,11,8,0,0,1,69,27,0,9,6,3,4,1,17,1,0,0,1,126,264,442,FINAL (ENTRADA MANUAL)
7,15,2,88,17,0,156,11,1,0,0,69,120,47,22,10,1,0,4,65,16,0,20,4,6,4,2,19,0,0,0,0,137,273,442,FINAL (ENTRADA MANUAL)
7,15,3,83,33,1,141,14,0,0,0,74,120,49,18,7,0,0,4,64,26,1,13,6,1,5,4,17,2,0,0,0,133,272,443,FINAL (ENTRADA MANUAL)
7,16,1,91,27,0,144,14,0,0,1,78,121,44,18,7,0,0,9,63,23,0,16,6,2,4,2,14,1,0,0,2,146,279,427,FINAL (ENTRADA MANUAL)
7,16,2,94,33,1,151,17,0,0,0,75,127,58,20,12,2,0,2,62,29,0,18,11,4,8,7,20,2,0,0,0,135,296,427,FINAL (ENTRADA MANUAL)
7,72,1,502,185,1,150,13,3,0,1,453,314,54,11,10,0,0,13,405,162,0,9,5,8,8,6,27,0,0,2,1,225,858,0,FINAL (ENTRADA MANUAL)
7,72,2,112,26,0,9,4,1,0,1,111,37,1,0,1,0,0,3,108,25,0,0,1,2,3,0,2,0,3,0,1,12,157,0,FINAL (ENTRADA MANUAL)
7,72,3,273,113,1,161,22,1,0,1,242,244,55,12,7,0,0,12,220,100,0,11,5,11,6,4,24,2,0,0,0,189,572,0,FINAL (ENTRADA MANUAL)
7,72,4,73,16,1,40,6,0,0,0,72,46,11,4,2,0,0,1,69,16,0,4,2,2,2,2,6,0,2,0,0,33,138,0,FINAL (ENTRADA MANUAL)
7,72,5,43,15,0,13,0,0,0,0,38,28,4,0,0,0,0,0,37,13,0,0,0,2,2,0,0,0,0,1,0,17,72,0,FINAL (ENTRADA MANUAL)
7,72,6,12,1,0,0,1,0,0,0,11,2,0,0,1,0,0,0,10,1,0,0,1,1,0,0,0,0,0,0,1,1,15,0,FINAL (ENTRADA MANUAL)
7,72,7,24,7,0,8,0,1,0,0,23,15,1,0,1,0,0,0,22,7,0,0,0,0,0,0,1,0,0,0,0,10,40,0,FINAL (ENTRADA MANUAL)
7,72,8,5,1,0,0,0,0,0,0,5,1,0,0,0,0,0,0,5,1,0,0,0,0,0,0,0,0,0,0,0,0,6,0,FINAL (ENTRADA MANUAL)
7,72,9,1,0,0,0,0,0,0,0,1,0,0,0,0,0,0,0,1,0,0,0,0,0,0,0,0,0,0,0,0,0,1,0,FINAL (ENTRADA MANUAL)
7,72,10,36,15,0,6,0,0,0,0,34,19,4,0,0,0,0,0,34,15,0,0,0,1,1,0,5,0,0,0,0,1,57,0,FINAL (ENTRADA MANUAL)
7,72,11,150,61,0,38,6,1,0,2,148,87,12,4,3,0,0,4,137,55,0,3,3,2,1,1,4,0,0,0,4,52,258,0,FINAL (ENTRADA MANUAL)
7,73,1,131,50,1,26,4,0,0,0,124,69,8,4,2,0,0,5,116,48,0,4,1,1,3,2,8,2,0,0,1,28,213,0,FINAL (ENTRADA MANUAL)
7,73,2,38,21,0,11,2,0,0,1,34,29,2,1,1,0,0,6,31,17,0,1,1,3,1,0,1,0,1,0,0,18,79,0,FINAL (ENTRADA MANUAL)
7,74,1,4,3,0,7,2,0,0,0,3,8,2,1,2,0,0,0,2,3,0,1,2,0,0,0,2,0,0,0,0,6,16,0,FINAL (ENTRADA MANUAL)
7,74,2,0,0,0,0,0,0,0,0,0,0,0,0,0,0,0,0,0,0,0,0,0,0,0,0,0,0,0,0,0,0,0,0,FINAL (ENTRADA MANUAL)
7,75,1,3,3,0,9,1,1,0,0,1,13,0,1,0,0,0,2,1,2,0,1,0,1,0,0,0,0,0,1,0,12,18,0,FINAL (ENTRADA MANUAL)
7,75,2,3,1,0,0,0,0,1,0,3,1,0,0,1,0,0,2,3,0,0,0,0,0,0,0,0,0,0,1,0,4,8,0,FINAL (ENTRADA MANUAL)
7,75,3,1,0,0,0,0,0,0,0,1,0,0,0,0,0,0,0,1,0,0,0,0,0,0,0,0,0,0,0,0,0,1,0,FINAL (ENTRADA MANUAL)
7,75,4,0,0,0,0,0,0,0,0,0,0,0,0,0,0,0,0,0,0,0,0,0,0,0,0,0,0,0,0,0,0,0,0,FINAL (ENTRADA MANUAL)
7,76,1,13,0,1,1,0,0,0,0,11,0,1,1,0,0,0,2,11,0,1,1,0,0,0,0,0,0,0,0,0,2,15,0,FINAL (ENTRADA MANUAL)
7,76,2,0,0,0,0,0,0,0,0,0,0,0,0,0,0,0,0,0,0,0,0,0,0,0,0,0,0,0,0,0,0,0,0,FINAL (ENTRADA MANUAL)
7,76,3,6,0,0,1,1,0,0,0,4,1,0,0,1,0,0,2,3,0,0,0,1,1,0,0,0,0,0,0,0,3,8,0,FINAL (ENTRADA MANUAL)
7,76,5,0,0,0,0,0,0,0,0,0,0,0,0,0,0,0,0,0,0,0,0,0,0,0,0,0,0,0,0,0,0,0,0,FINAL (ENTRADA MANUAL)
7,76,6,1,0,0,0,0,0,0,0,1,0,0,0,0,0,0,0,1,0,0,0,0,0,0,0,0,0,0,0,0,0,1,0,FINAL (ENTRADA MANUAL)
7,77,1,0,0,0,0,0,0,0,0,0,0,0,0,0,0,0,0,0,0,0,0,0,0,0,0,0,0,0,0,0,0,0,0,FINAL (ENTRADA MANUAL)
7,77,2,54,12,0,103,7,1,0,0,47,68,46,12,4,0,0,0,42,12,0,12,3,3,2,3,15,1,1,0,1,84,179,0,FINAL (ENTRADA MANUAL)
7,77,3,2,0,0,13,0,0,0,0,2,2,9,2,0,0,0,0,2,0,0,2,0,0,0,0,0,0,0,0,0,11,15,0,FINAL (ENTRADA MANUAL)
7,77,4,10,2,1,57,2,0,0,0,8,30,28,5,1,0,0,0,7,2,1,3,0,1,0,0,9,0,0,0,0,49,72,0,FINAL (ENTRADA MANUAL)
7,77,5,0,0,0,0,0,0,0,0,0,0,0,0,0,0,0,0,0,0,0,0,0,0,0,0,0,0,0,0,0,0,0,0,FINAL (ENTRADA MANUAL)
7,77,6,2,0,0,4,0,0,0,0,1,4,1,0,0,0,0,0,1,0,0,0,0,0,0,0,0,0,0,0,0,5,6,0,FINAL (ENTRADA MANUAL)
7,77,7,14,3,0,13,1,0,0,0,11,10,6,3,0,0,0,1,10,3,0,2,0,1,0,0,0,0,0,0,0,15,31,0,FINAL (ENTRADA MANUAL)
7,77,8,0,0,0,1,0,0,0,0,0,0,1,0,0,0,0,0,0,0,0,0,0,0,0,0,0,0,0,0,0,1,1,0,FINAL (ENTRADA MANUAL)
7,78,1,115,39,0,95,23,0,0,0,95,99,27,13,21,1,0,16,84,33,0,12,13,3,3,0,12,0,1,0,1,112,274,0,FINAL (ENTRADA MANUAL)
7,78,2,5,1,0,1,0,0,0,0,4,1,0,1,0,0,0,1,2,1,0,1,0,0,0,0,0,0,0,0,0,3,7,0,FINAL (ENTRADA MANUAL)
7,78,3,6,3,0,2,0,0,0,0,4,6,0,1,0,0,0,0,3,3,0,0,0,1,0,0,0,0,0,0,0,4,11,0,FINAL (ENTRADA MANUAL)
7,78,4,1,0,0,4,0,0,0,0,0,1,0,3,0,0,0,1,0,0,0,0,0,0,0,0,0,0,0,0,0,5,5,0,FINAL (ENTRADA MANUAL)
8,1,1,104,19,0,100,13,1,0,1,88,70,27,24,10,0,0,19,82,15,0,21,8,2,1,0,5,0,2,0,1,104,241,594,FINAL (ENTRADA MANUAL)
8,2,1,117,25,0,72,11,0,1,0,107,58,15,18,8,0,0,20,102,18,0,16,6,0,0,0,5,0,0,0,0,79,226,481,FINAL (ENTRADA MANUAL)
8,2,2,119,17,0,55,7,0,0,0,105,48,14,15,6,0,0,10,92,16,0,12,5,1,0,2,1,0,0,0,0,69,198,481,FINAL (ENTRADA MANUAL)
8,2,3,91,18,0,65,15,2,0,0,84,53,15,18,13,1,0,7,72,15,0,15,11,3,0,1,6,0,1,0,0,68,192,481,FINAL (ENTRADA MANUAL)
8,2,4,115,26,0,60,7,0,0,1,106,54,16,14,4,0,1,14,96,21,0,12,4,0,1,0,5,0,0,0,0,70,209,481,FINAL (ENTRADA MANUAL)
8,2,5,101,22,1,55,12,0,0,0,83,46,23,12,13,0,0,14,71,19,1,10,9,2,2,0,3,0,1,1,0,74,193,483,FINAL (ENTRADA MANUAL)
8,3,1,116,22,1,50,6,0,0,1,103,49,11,10,7,0,0,16,91,19,1,9,5,0,1,0,4,0,0,0,0,66,196,507,FINAL (ENTRADA MANUAL)
8,3,2,119,19,0,56,12,0,0,2,96,55,15,10,14,0,0,18,86,16,0,8,9,2,0,0,4,0,0,0,0,83,208,507,FINAL (ENTRADA MANUAL)
8,3,3,110,20,0,49,8,0,1,1,89,38,18,15,7,0,0,22,82,14,0,14,6,0,0,0,4,0,2,0,0,69,191,507,FINAL (ENTRADA MANUAL)
8,3,4,117,29,0,54,5,0,1,0,98,56,14,16,5,0,1,16,90,22,0,14,3,1,0,0,7,0,1,0,0,69,207,507,FINAL (ENTRADA MANUAL)
8,3,5,113,19,0,51,13,2,0,0,90,43,9,17,11,0,0,28,84,19,0,13,8,0,0,0,3,0,1,1,0,71,200,506,FINAL (ENTRADA MANUAL)
8,4,1,87,16,0,79,3,0,0,0,76,69,22,13,1,0,0,4,67,10,0,11,0,0,0,2,6,0,0,0,1,89,186,330,FINAL (ENTRADA MANUAL)
8,4,2,65,33,1,72,8,0,0,0,60,68,24,16,7,0,0,4,50,23,1,15,5,0,2,0,11,0,0,0,0,72,179,330,FINAL (ENTRADA MANUAL)
8,5,1,132,49,1,64,22,0,0,1,97,93,21,11,20,0,0,27,88,37,1,10,14,3,1,0,9,0,0,0,0,106,269,648,FINAL (ENTRADA MANUAL)
8,6,1,118,19,0,82,15,0,0,1,96,72,13,19,11,0,0,24,88,14,0,18,9,2,1,0,6,0,1,0,0,97,236,551,FINAL (ENTRADA MANUAL)
8,6,2,86,36,0,70,13,0,0,0,70,78,12,16,8,0,0,21,64,25,0,15,7,4,3,0,6,1,1,0,1,80,207,551,FINAL (ENTRADA MANUAL)
8,6,3,115,38,1,54,23,2,0,2,89,71,23,8,21,0,0,23,82,33,1,8,16,3,1,0,6,0,1,0,0,85,236,551,FINAL (ENTRADA MANUAL)
8,6,4,97,32,0,60,18,1,0,2,76,71,13,14,15,1,0,20,64,25,0,13,14,0,0,0,2,0,1,1,0,92,212,551,FINAL (ENTRADA MANUAL)
8,6,5,104,43,0,60,14,0,0,1,77,82,13,11,8,0,0,31,65,34,0,10,7,0,0,0,1,1,1,0,0,104,223,551,FINAL (ENTRADA MANUAL)
8,6,6,96,42,0,70,18,1,2,0,78,84,19,12,17,0,0,19,67,32,0,10,14,1,0,0,2,0,0,1,0,103,230,551,FINAL (ENTRADA MANUAL)
8,6,7,116,38,1,63,9,0,0,2,94,72,20,15,9,0,0,19,81,30,1,13,3,1,2,0,4,0,1,0,1,94,231,553,FINAL (ENTRADA MANUAL)
8,7,1,97,32,0,72,18,1,1,0,79,85,20,14,12,0,1,10,74,28,0,10,9,0,1,0,11,1,0,0,0,87,221,427,FINAL (ENTRADA MANUAL)
8,7,2,106,24,0,71,23,0,1,1,97,79,15,13,17,0,0,5,86,21,0,12,17,4,4,0,10,0,0,0,0,72,226,427,FINAL (ENTRADA MANUAL)
8,7,3,82,20,1,70,27,0,0,0,61,80,18,9,21,0,0,11,55,17,1,8,15,0,1,2,6,2,0,1,0,93,201,427,FINAL (ENTRADA MANUAL)
8,7,4,108,23,1,79,11,0,0,1,97,75,19,17,9,0,0,6,87,17,1,16,7,3,5,1,5,0,2,0,0,81,225,427,FINAL (ENTRADA MANUAL)
8,7,5,105,31,1,72,14,0,0,3,85,79,19,16,11,0,1,15,75,28,1,13,9,1,1,0,7,2,1,0,0,89,227,428,FINAL (ENTRADA MANUAL)
8,72,1,387,97,3,42,3,0,3,0,368,126,17,10,2,0,0,12,347,84,3,9,1,4,0,0,5,1,0,1,4,81,540,0,FINAL (ENTRADA MANUAL)
8,72,2,55,13,0,0,1,0,0,0,52,13,0,0,2,0,0,2,52,13,0,0,1,0,0,0,0,0,0,0,0,3,69,0,FINAL (ENTRADA MANUAL)
8,72,3,245,305,2,46,12,0,1,0,224,348,14,5,9,0,0,11,194,276,2,4,8,20,9,1,7,2,0,0,6,88,617,0,FINAL (ENTRADA MANUAL)
8,72,4,33,42,0,5,1,0,1,0,30,45,2,2,2,0,1,0,30,39,0,2,1,4,1,0,2,0,1,0,0,3,83,0,FINAL (ENTRADA MANUAL)
8,72,5,41,38,0,6,4,0,0,0,39,44,1,2,2,0,0,1,35,35,0,1,2,1,1,0,1,0,0,0,0,13,90,0,FINAL (ENTRADA MANUAL)
8,72,6,7,6,0,0,0,0,0,0,7,6,0,0,0,0,0,0,7,6,0,0,0,0,0,0,0,0,0,0,0,0,13,0,FINAL (ENTRADA MANUAL)
8,72,7,26,20,0,4,2,0,0,0,25,24,1,0,0,0,0,2,21,18,0,0,0,3,0,0,1,0,0,0,0,9,52,0,FINAL (ENTRADA MANUAL)
8,72,8,1,4,0,0,0,0,0,0,1,4,0,0,0,0,0,0,1,4,0,0,0,0,0,0,0,0,1,0,0,0,6,0,FINAL (ENTRADA MANUAL)
8,72,9,58,12,0,4,3,0,0,0,56,16,0,0,3,0,0,2,52,10,0,0,1,0,1,0,0,1,0,0,0,12,77,0,FINAL (ENTRADA MANUAL)
8,72,10,1,0,0,0,0,0,0,0,0,0,0,0,0,0,1,0,0,0,0,0,0,1,0,0,0,0,0,0,0,0,1,0,FINAL (ENTRADA MANUAL)
8,72,11,0,0,0,0,0,0,0,0,0,0,0,0,0,0,0,0,0,0,0,0,0,0,0,0,0,0,0,0,0,0,0,0,FINAL (ENTRADA MANUAL)
8,72,12,23,5,0,3,2,0,0,0,22,6,2,0,2,0,0,1,18,3,0,0,2,0,0,0,0,0,0,0,0,10,33,0,FINAL (ENTRADA MANUAL)
8,73,1,4,2,0,1,0,0,0,0,3,2,0,0,0,0,0,2,3,2,0,0,0,0,0,0,0,0,0,0,0,2,7,0,FINAL (ENTRADA MANUAL)
8,73,2,0,0,0,1,1,0,0,0,0,0,0,1,1,0,0,0,0,0,0,1,1,0,0,0,0,0,0,0,0,0,2,0,FINAL (ENTRADA MANUAL)
8,74,1,1,1,0,0,0,0,0,0,1,1,0,0,0,0,0,0,1,1,0,0,0,0,0,0,0,0,0,0,0,0,2,0,FINAL (ENTRADA MANUAL)
8,74,2,0,0,0,0,0,0,0,0,0,0,0,0,0,0,0,0,0,0,0,0,0,0,0,0,0,0,0,0,0,0,0,0,FINAL (ENTRADA MANUAL)
8,75,1,0,0,0,0,0,0,0,0,0,0,0,0,0,0,0,0,0,0,0,0,0,0,0,0,0,0,0,0,0,0,0,0,FINAL (ENTRADA MANUAL)
8,75,2,1,0,0,0,0,0,4,0,0,1,0,0,0,0,4,0,0,0,0,0,0,0,0,0,0,0,0,4,0,1,5,0,FINAL (ENTRADA MANUAL)
8,76,1,26,1,0,1,1,0,1,0,23,3,0,0,1,0,0,3,22,1,0,0,1,0,0,0,0,0,0,0,0,6,30,0,FINAL (ENTRADA MANUAL)
8,76,2,0,0,0,0,0,0,0,0,0,0,0,0,0,0,0,0,0,0,0,0,0,0,0,0,0,0,0,0,0,0,0,0,FINAL (ENTRADA MANUAL)
8,76,3,3,0,0,1,0,0,0,0,2,0,0,1,0,0,0,1,2,0,0,0,0,0,0,0,0,0,0,0,0,2,4,0,FINAL (ENTRADA MANUAL)
8,76,5,1,0,0,0,0,0,0,0,1,0,0,0,0,0,0,0,0,0,0,0,0,0,0,0,0,0,0,0,0,1,1,0,FINAL (ENTRADA MANUAL)
8,76,6,1,0,0,0,0,0,0,0,1,0,0,0,0,0,0,0,1,0,0,0,0,0,0,0,0,0,0,0,0,0,1,0,FINAL (ENTRADA MANUAL)
8,77,1,0,0,0,0,0,0,0,0,0,0,0,0,0,0,0,0,0,0,0,0,0,0,0,0,0,0,0,0,0,0,0,0,FINAL (ENTRADA MANUAL)
8,77,2,2,1,0,3,1,0,0,0,2,2,3,0,0,0,0,0,2,1,0,0,0,0,0,1,0,0,0,0,0,3,7,0,FINAL (ENTRADA MANUAL)
8,77,3,0,0,0,1,0,0,0,0,0,0,0,1,0,0,0,0,0,0,0,1,0,0,0,0,0,0,0,0,0,0,1,0,FINAL (ENTRADA MANUAL)
8,77,4,0,0,0,0,0,0,0,0,0,0,0,0,0,0,0,0,0,0,0,0,0,0,0,0,0,0,0,0,0,0,0,0,FINAL (ENTRADA MANUAL)
8,77,5,0,0,0,0,0,0,0,0,0,0,0,0,0,0,0,0,0,0,0,0,0,0,0,0,0,0,0,0,0,0,0,0,FINAL (ENTRADA MANUAL)
8,77,6,2,0,0,2,1,0,0,0,2,1,2,0,0,0,0,0,2,0,0,0,0,0,0,0,1,0,0,0,0,2,5,0,FINAL (ENTRADA MANUAL)
8,78,1,25,8,0,6,2,0,0,0,20,10,2,1,2,0,1,5,18,5,0,0,2,0,0,0,0,0,0,0,0,16,41,0,FINAL (ENTRADA MANUAL)
8,78,2,6,1,0,2,0,0,0,0,4,2,0,0,0,0,0,3,3,1,0,0,0,0,0,0,0,0,0,1,0,5,10,0,FINAL (ENTRADA MANUAL)
8,78,3,4,0,0,3,0,0,0,0,4,0,0,3,0,0,0,0,3,0,0,3,0,0,0,0,0,0,0,0,0,1,7,0,FINAL (ENTRADA MANUAL)
8,78,4,0,0,0,0,0,0,0,0,0,0,0,0,0,0,0,0,0,0,0,0,0,0,0,0,0,0,0,0,0,0,0,0,FINAL (ENTRADA MANUAL)
9,1,1,85,33,0,136,14,2,0,0,69,114,57,11,10,0,0,9,62,26,0,10,10,2,3,2,19,1,0,0,0,135,270,443,FINAL (ENTRADA MANUAL)
9,1,2,87,37,1,156,17,0,0,0,74,145,39,23,13,0,0,4,69,32,1,21,13,2,3,0,20,0,0,0,0,137,298,443,FINAL (ENTRADA MANUAL)
9,1,3,102,37,0,143,14,0,0,0,87,125,52,16,14,0,0,2,78,31,0,15,9,1,6,1,22,3,0,0,0,130,296,443,FINAL (ENTRADA MANUAL)
9,1,4,89,30,0,135,21,1,0,0,76,115,43,17,17,1,0,7,64,27,0,15,14,2,4,0,8,1,0,0,0,141,276,443,FINAL (ENTRADA MANUAL)
9,1,5,85,41,1,140,22,0,0,0,72,135,37,19,13,0,0,13,57,32,1,17,12,1,5,1,10,0,1,0,0,153,290,444,FINAL (ENTRADA MANUAL)
9,2,1,98,19,0,97,9,0,0,0,75,86,25,18,9,0,0,10,69,15,0,15,5,2,3,1,9,0,1,0,1,104,14,394,FINAL (ENTRADA MANUAL)
9,2,2,78,24,1,129,12,0,1,1,65,110,38,15,11,0,0,7,54,22,0,12,8,2,2,2,6,1,1,0,0,137,247,394,FINAL (ENTRADA MANUAL)
9,2,3,80,24,1,100,8,0,0,0,66,91,30,15,6,0,0,5,58,22,0,12,3,1,5,1,10,1,1,0,0,100,213,394,FINAL (ENTRADA MANUAL)
9,2,4,69,20,0,120,7,0,0,0,61,85,40,17,6,0,0,7,55,17,0,15,6,2,3,2,9,0,0,0,0,107,216,394,FINAL (ENTRADA MANUAL)
9,72,1,26,6,0,6,5,0,0,0,24,13,4,0,2,0,0,0,24,6,0,0,2,1,0,1,3,1,0,0,0,5,43,0,FINAL (ENTRADA MANUAL)
9,72,2,3,1,0,1,0,0,0,0,2,2,1,0,0,0,0,0,2,1,0,0,0,1,0,1,0,0,0,0,0,0,5,0,FINAL (ENTRADA MANUAL)
9,72,3,77,64,0,35,11,0,0,1,73,99,8,2,3,0,0,3,65,58,0,0,1,2,2,0,4,1,0,0,1,55,189,0,FINAL (ENTRADA MANUAL)
9,72,4,6,8,0,2,0,0,0,0,5,10,0,1,0,0,0,0,5,8,0,1,0,1,1,0,0,0,1,0,0,16,17,0,FINAL (ENTRADA MANUAL)
9,72,5,6,2,0,2,0,0,0,0,5,5,0,0,0,0,0,0,4,2,0,0,0,1,0,0,1,0,0,0,0,2,11,0,FINAL (ENTRADA MANUAL)
9,72,6,0,1,0,0,0,0,0,0,0,1,0,0,0,0,0,0,0,1,0,0,0,0,0,0,0,0,0,0,0,0,1,0,FINAL (ENTRADA MANUAL)
9,72,7,2,0,0,2,2,0,0,0,1,1,2,0,2,0,0,0,1,0,0,0,2,0,0,0,0,0,0,0,0,3,6,0,FINAL (ENTRADA MANUAL)
9,72,8,6,1,0,0,0,0,0,0,6,1,0,0,0,0,0,0,6,1,0,0,0,0,0,0,0,0,1,0,0,0,8,0,FINAL (ENTRADA MANUAL)
9,72,9,32,13,0,10,4,0,0,0,29,21,4,2,2,0,0,1,25,12,0,2,1,1,0,0,2,0,0,0,0,16,59,0,FINAL (ENTRADA MANUAL)
9,72,10,0,0,0,0,0,0,0,0,0,0,0,0,0,0,0,0,0,0,0,0,0,0,0,0,0,0,0,0,0,0,0,0,FINAL (ENTRADA MANUAL)
9,72,11,1,0,0,0,0,0,0,0,1,0,0,0,0,0,0,0,1,0,0,0,0,0,0,0,0,0,0,0,0,0,1,0,FINAL (ENTRADA MANUAL)
9,73,1,1,14,0,0,0,0,0,0,1,14,0,0,0,0,0,0,1,13,0,0,0,0,0,0,0,0,0,0,0,1,15,0,FINAL (ENTRADA MANUAL)
9,74,1,0,0,0,0,0,0,0,0,0,0,0,0,0,0,0,0,0,0,0,0,0,0,0,0,0,0,0,0,0,0,0,0,FINAL (ENTRADA MANUAL)
9,74,2,0,0,0,0,0,0,0,0,0,0,0,0,0,0,0,0,0,0,0,0,0,0,0,0,0,0,0,0,0,0,0,0,FINAL (ENTRADA MANUAL)
9,75,1,0,0,0,1,0,0,0,0,0,0,0,0,0,0,0,0,0,0,0,0,0,0,0,0,0,0,0,0,0,1,1,0,FINAL (ENTRADA MANUAL)
9,76,1,1,0,0,0,0,0,0,0,1,0,0,0,0,0,0,0,1,0,0,0,0,0,0,0,0,0,0,0,0,0,1,0,FINAL (ENTRADA MANUAL)
9,76,2,0,0,0,0,0,0,0,0,0,0,0,0,0,0,0,0,0,0,0,0,0,0,0,0,0,0,0,0,0,0,0,0,FINAL (ENTRADA MANUAL)
9,76,3,0,0,0,0,0,0,0,0,0,0,0,0,0,0,0,0,0,0,0,0,0,0,0,0,0,0,0,0,0,0,0,0,FINAL (ENTRADA MANUAL)
9,77,1,0,0,0,5,0,0,0,0,0,2,3,0,0,0,0,0,0,0,0,0,0,0,0,0,0,0,0,0,0,5,5,0,FINAL (ENTRADA MANUAL)
9,77,2,0,3,0,6,0,0,0,0,0,3,6,0,0,0,0,0,0,3,0,0,0,0,0,2,1,0,0,0,0,3,9,0,FINAL (ENTRADA MANUAL)
9,77,3,1,1,0,1,0,0,0,0,1,1,1,0,0,0,0,0,1,1,0,0,0,0,0,0,0,0,0,0,0,1,3,0,FINAL (ENTRADA MANUAL)
9,77,4,0,0,0,2,0,0,0,0,0,1,1,0,0,0,0,0,0,0,0,0,0,0,0,0,0,0,0,0,0,2,2,0,FINAL (ENTRADA MANUAL)
9,77,5,0,0,0,0,0,0,0,0,0,0,0,0,0,0,0,0,0,0,0,0,0,0,0,0,0,0,0,0,0,0,0,0,FINAL (ENTRADA MANUAL)
9,77,6,0,0,0,2,0,0,0,0,0,1,0,1,0,0,0,0,0,0,0,1,0,0,0,0,1,0,0,0,0,0,2,0,FINAL (ENTRADA MANUAL)
9,77,7,0,0,0,0,0,0,0,0,0,0,0,0,0,0,0,0,0,0,0,0,0,0,0,0,0,0,0,0,0,0,0,0,FINAL (ENTRADA MANUAL)
9,77,8,1,0,0,0,0,0,0,0,1,0,0,0,0,0,0,0,1,0,0,0,0,0,0,0,0,0,0,0,0,0,1,0,FINAL (ENTRADA MANUAL)
9,78,1,11,8,0,7,2,0,0,0,10,12,0,1,2,0,0,3,9,7,0,1,1,2,0,0,0,0,1,0,0,8,29,0,FINAL (ENTRADA MANUAL)
9,78,2,0,0,0,0,0,0,0,0,0,0,0,0,0,0,0,0,0,0,0,0,0,0,0,0,0,0,0,0,0,0,0,0,FINAL (ENTRADA MANUAL)
9,78,3,2,0,0,1,0,0,0,0,2,0,1,0,0,0,0,0,1,0,0,0,0,0,0,1,0,0,0,0,0,1,3,0,FINAL (ENTRADA MANUAL)
9,78,4,0,0,0,0,0,0,0,0,0,0,0,0,0,0,0,0,0,0,0,0,0,0,0,0,0,0,0,0,0,0,0,0,FINAL (ENTRADA MANUAL)
10,1,1,87,31,0,117,12,0,0,0,70,110,37,14,10,0,0,6,58,25,0,11,6,1,2,2,12,0,0,0,0,130,247,414,FINAL (ENTRADA MANUAL)
10,1,2,85,44,0,107,11,0,0,0,71,107,36,15,14,0,0,4,65,38,0,15,9,1,0,0,13,1,0,0,0,105,247,414,FINAL (ENTRADA MANUAL)
10,1,3,92,34,1,95,13,0,1,0,80,97,29,14,10,0,0,6,74,30,0,12,3,1,3,2,7,1,0,0,0,103,236,414,FINAL (ENTRADA MANUAL)
10,1,4,76,37,1,115,12,0,0,0,68,108,34,15,8,0,0,8,63,30,0,14,6,1,5,0,10,1,2,0,0,111,243,414,FINAL (ENTRADA MANUAL)
10,1,5,87,20,0,108,21,0,0,0,78,87,32,11,17,0,1,10,68,14,0,10,12,3,5,0,13,2,2,0,0,109,238,413,FINAL (ENTRADA MANUAL)
10,2,1,79,38,2,87,6,0,0,0,66,108,23,8,3,0,0,4,56,30,1,6,2,4,1,1,12,1,0,0,0,98,212,306,FINAL (ENTRADA MANUAL)
10,2,2,80,34,1,84,10,0,0,0,70,108,17,4,7,0,0,3,62,31,0,4,6,1,3,3,13,0,2,0,0,86,211,306,FINAL (ENTRADA MANUAL)
10,2,3,84,31,1,82,11,0,0,0,63,98,21,11,7,0,0,9,56,27,0,9,6,4,0,0,13,1,0,0,0,93,209,307,FINAL (ENTRADA MANUAL)
10,3,1,80,39,0,92,20,0,0,0,76,84,21,27,13,0,0,10,66,33,0,26,10,1,1,1,12,0,0,1,0,81,232,397,FINAL (ENTRADA MANUAL)
10,3,2,106,32,0,79,9,1,0,0,91,76,24,12,7,0,0,17,77,23,0,11,6,0,0,0,9,1,0,0,0,100,227,397,FINAL (ENTRADA MANUAL)
10,3,3,91,36,0,79,7,2,0,0,80,81,24,20,4,0,0,6,66,32,0,19,2,1,0,0,5,0,0,0,0,90,215,397,FINAL (ENTRADA MANUAL)
10,3,4,95,39,1,80,10,2,0,0,78,89,27,12,9,1,0,11,68,34,0,9,7,4,0,0,9,0,0,0,0,96,227,397,FINAL (ENTRADA MANUAL)
10,3,5,72,32,0,96,16,3,0,0,60,95,20,22,12,0,0,10,50,29,0,18,8,1,2,2,10,2,0,0,0,97,219,398,FINAL (ENTRADA MANUAL)
10,4,1,101,27,0,91,25,0,0,0,90,87,28,14,17,0,0,8,76,25,0,12,14,0,2,0,9,0,0,1,1,106,246,408,FINAL (ENTRADA MANUAL)
10,4,2,102,57,0,84,10,1,0,0,82,128,18,11,8,0,0,7,71,50,0,11,5,3,7,0,7,0,1,0,0,100,255,408,FINAL (ENTRADA MANUAL)
10,4,3,100,43,1,92,14,0,1,0,90,94,29,16,16,0,0,6,79,38,1,15,11,3,1,1,13,0,0,0,0,89,251,408,FINAL (ENTRADA MANUAL)
10,4,4,86,43,0,76,17,0,0,2,69,97,28,9,13,0,0,8,59,36,0,8,10,0,2,1,14,0,0,1,0,94,225,408,FINAL (ENTRADA MANUAL)
10,4,5,90,33,0,93,20,0,0,0,73,94,29,13,18,0,0,9,66,25,0,12,12,1,0,2,13,1,0,0,0,104,236,406,FINAL (ENTRADA MANUAL)
10,5,1,95,36,0,86,15,0,0,1,76,102,17,18,13,0,0,7,71,33,0,17,10,2,1,0,5,2,2,0,0,92,235,430,FINAL (ENTRADA MANUAL)
10,5,2,109,30,1,78,21,0,0,1,93,86,24,16,16,0,0,5,84,29,1,15,14,1,1,1,9,2,0,0,0,83,240,430,FINAL (ENTRADA MANUAL)
10,5,3,88,36,0,69,16,3,0,2,77,90,27,6,10,1,0,3,69,30,0,6,5,3,0,0,17,4,0,0,0,80,214,430,FINAL (ENTRADA MANUAL)
10,5,4,88,33,0,74,15,0,0,0,78,74,29,13,13,0,0,3,73,28,0,12,10,2,0,0,7,0,0,0,0,78,210,430,FINAL (ENTRADA MANUAL)
10,5,5,89,44,0,83,10,0,0,0,72,99,22,15,10,0,0,8,63,39,0,15,8,3,1,2,3,0,0,0,0,92,226,432,FINAL (ENTRADA MANUAL)
10,6,1,89,58,0,86,21,1,1,2,82,117,29,8,18,0,1,3,74,48,0,8,15,3,2,3,10,1,1,0,0,94,259,378,FINAL (ENTRADA MANUAL)
10,7,1,90,31,0,90,17,0,0,1,78,94,30,12,10,0,0,5,72,27,0,9,9,1,3,3,6,2,0,0,0,97,229,436,FINAL (ENTRADA MANUAL)
10,7,2,96,27,0,108,11,0,0,0,87,93,37,13,10,0,0,2,81,23,0,12,8,4,4,2,10,0,0,0,0,98,242,436,FINAL (ENTRADA MANUAL)
10,7,3,94,26,0,106,9,2,0,0,88,91,34,11,10,0,0,3,80,24,0,11,7,0,1,1,14,0,0,0,0,99,237,436,FINAL (ENTRADA MANUAL)
10,7,4,82,33,1,79,13,0,0,0,73,86,25,11,7,1,0,5,62,28,1,11,7,1,2,0,9,0,0,0,1,87,209,436,FINAL (ENTRADA MANUAL)
10,7,5,80,26,0,81,9,0,1,2,66,89,24,8,7,0,0,5,57,25,0,7,5,3,1,1,15,0,0,0,0,85,199,434,FINAL (ENTRADA MANUAL)
10,8,1,88,39,0,108,12,0,0,1,80,119,27,12,6,0,0,4,70,34,0,10,4,2,3,2,13,1,1,0,0,109,249,406,FINAL (ENTRADA MANUAL)
10,8,2,92,49,1,104,12,0,0,0,79,127,27,12,6,0,0,7,67,42,0,11,2,2,1,2,17,0,0,1,0,114,259,406,FINAL (ENTRADA MANUAL)
10,8,3,98,39,0,90,15,1,0,0,84,115,19,11,11,0,0,3,76,34,0,11,5,3,1,1,8,1,0,0,0,103,243,406,FINAL (ENTRADA MANUAL)
10,9,1,100,45,0,89,15,0,0,0,90,95,21,21,13,0,0,9,76,37,0,19,12,1,1,1,11,0,1,0,1,91,251,420,FINAL (ENTRADA MANUAL)
10,9,2,96,24,1,96,25,4,0,1,82,86,33,11,23,0,0,12,74,21,1,11,15,0,3,0,9,2,2,3,0,111,252,420,FINAL (ENTRADA MANUAL)
10,9,3,87,36,0,99,10,1,1,0,73,97,35,11,11,0,0,7,65,29,0,11,4,4,1,4,16,1,0,0,0,99,234,420,FINAL (ENTRADA MANUAL)
10,9,4,97,36,0,101,17,1,0,0,73,106,33,14,13,2,1,10,67,28,0,13,8,3,1,1,18,1,1,0,0,112,253,420,FINAL (ENTRADA MANUAL)
10,9,5,98,33,0,91,26,1,0,0,82,95,26,15,23,0,0,8,76,29,0,14,20,2,1,1,7,2,1,0,0,97,250,422,FINAL (ENTRADA MANUAL)
10,10,1,114,34,0,98,31,2,0,1,85,95,36,15,24,1,0,24,79,25,0,14,19,2,2,1,10,3,0,0,0,125,280,471,FINAL (ENTRADA MANUAL)
10,10,2,114,40,0,110,12,0,0,1,99,108,30,19,10,0,0,11,88,33,0,18,9,5,5,1,4,1,0,0,0,113,277,471,FINAL (ENTRADA MANUAL)
10,10,3,80,46,0,101,18,0,0,0,71,108,26,21,13,1,0,5,64,43,0,19,11,2,2,0,5,1,0,0,0,98,245,471,FINAL (ENTRADA MANUAL)
10,10,4,90,39,1,111,22,0,1,1,80,114,39,13,14,0,0,5,67,32,1,11,11,3,0,1,12,2,2,0,0,125,267,471,FINAL (ENTRADA MANUAL)
10,10,5,108,41,1,90,21,0,0,0,93,116,14,11,16,2,0,9,79,35,0,9,11,0,0,0,10,3,0,0,0,114,261,471,FINAL (ENTRADA MANUAL)
10,11,1,93,31,0,88,18,1,0,1,80,81,27,16,15,1,0,12,69,24,0,13,13,2,1,0,8,1,1,1,0,101,234,375,FINAL (ENTRADA MANUAL)
10,11,2,80,24,1,92,17,2,0,0,66,82,27,17,15,1,0,8,57,20,1,17,13,1,3,2,11,0,0,0,0,91,216,375,FINAL (ENTRADA MANUAL)
10,11,3,88,35,0,91,17,2,0,2,77,97,27,16,14,0,0,4,73,32,0,14,11,1,2,0,15,0,0,0,0,87,235,375,FINAL (ENTRADA MANUAL)
10,11,4,78,35,0,92,18,0,0,1,73,93,28,13,11,2,0,4,65,30,0,11,9,1,0,0,9,0,2,1,0,99,227,375,FINAL (ENTRADA MANUAL)
10,12,1,79,36,1,93,19,0,0,1,70,95,30,13,16,0,0,5,62,29,1,10,14,1,4,0,11,2,0,0,0,95,229,382,FINAL (ENTRADA MANUAL)
10,12,2,87,30,1,101,13,0,0,1,74,86,33,21,12,1,0,6,69,26,0,16,7,0,2,0,10,1,0,0,0,102,233,382,FINAL (ENTRADA MANUAL)
10,12,3,82,46,0,89,27,0,0,1,75,100,26,14,22,0,0,8,66,41,0,12,19,2,4,0,10,1,1,0,0,90,246,383,FINAL (ENTRADA MANUAL)
10,13,1,120,28,0,46,12,1,0,0,109,55,13,13,12,0,0,5,101,23,0,11,9,3,0,0,8,0,1,0,0,52,208,430,FINAL (ENTRADA MANUAL)
10,13,2,118,31,0,39,11,2,0,0,104,56,9,15,7,0,0,10,94,29,0,14,7,0,1,0,0,0,0,0,0,56,201,430,FINAL (ENTRADA MANUAL)
10,14,1,93,42,0,114,21,0,0,1,84,107,41,18,16,0,0,5,78,39,0,14,13,0,3,0,12,0,2,0,0,112,273,435,FINAL (ENTRADA MANUAL)
10,14,2,95,40,0,128,24,1,0,0,82,126,38,13,19,0,0,10,71,36,0,13,15,1,2,1,19,1,2,0,0,129,290,435,FINAL (ENTRADA MANUAL)
10,14,3,104,36,0,100,21,0,0,0,90,102,31,16,16,0,0,6,80,27,0,14,10,1,1,1,8,1,0,0,0,118,261,435,FINAL (ENTRADA MANUAL)
10,14,4,91,29,0,123,18,1,0,1,77,110,44,9,13,0,0,10,70,25,0,7,9,0,2,4,11,4,0,0,0,131,263,435,FINAL (ENTRADA MANUAL)
10,14,5,105,27,1,112,12,1,0,0,86,103,33,15,14,0,0,7,72,20,1,14,11,3,1,1,18,1,0,0,0,116,258,435,FINAL (ENTRADA MANUAL)
10,14,6,92,29,0,123,21,3,1,0,83,115,31,15,16,0,0,9,77,25,0,12,13,0,3,0,16,3,1,0,0,120,270,435,FINAL (ENTRADA MANUAL)
10,14,7,104,48,0,84,19,0,0,0,91,111,20,9,17,0,0,7,78,42,0,6,12,2,3,0,11,1,0,0,0,100,255,435,FINAL (ENTRADA MANUAL)
10,14,8,88,32,0,112,15,0,0,0,79,108,34,14,10,2,0,0,68,27,0,13,7,1,0,1,8,0,0,0,0,122,247,435,FINAL (ENTRADA MANUAL)
10,14,9,78,22,0,124,29,0,1,0,78,88,39,18,24,0,0,7,67,16,0,13,21,1,3,2,14,0,0,0,0,117,254,435,FINAL (ENTRADA MANUAL)
10,15,1,109,49,0,102,19,0,0,1,97,116,32,14,15,0,0,0,88,41,0,13,12,1,1,2,6,2,0,0,0,114,280,454,FINAL (ENTRADA MANUAL)
10,15,2,85,51,0,104,20,0,0,2,72,110,33,14,15,0,0,18,62,46,0,12,12,0,3,1,10,1,0,0,0,115,262,454,FINAL (ENTRADA MANUAL)
10,15,3,95,44,0,100,21,0,0,1,83,116,28,6,15,0,0,13,68,41,0,6,13,0,1,0,10,2,0,0,0,120,261,454,FINAL (ENTRADA MANUAL)
10,15,4,104,34,0,99,16,1,0,0,92,109,24,16,9,0,0,4,86,31,0,16,7,0,4,1,12,0,1,0,0,97,255,454,FINAL (ENTRADA MANUAL)
10,15,5,88,27,1,96,24,0,0,0,82,98,22,12,19,0,0,3,72,23,1,12,11,1,0,0,8,0,0,0,0,108,236,452,FINAL (ENTRADA MANUAL)
10,16,1,93,28,0,114,15,1,0,0,86,87,37,21,15,0,0,5,81,27,0,19,11,2,3,2,8,0,0,0,0,98,251,480,FINAL (ENTRADA MANUAL)
10,16,2,73,34,0,115,23,0,0,0,55,102,39,19,18,1,0,11,46,27,0,16,11,1,4,0,12,0,0,0,1,128,246,480,FINAL (ENTRADA MANUAL)
10,16,3,88,39,0,113,11,0,0,0,78,103,32,20,12,0,0,6,70,33,0,19,6,0,0,2,11,1,0,0,0,109,251,479,FINAL (ENTRADA MANUAL)
10,17,1,84,29,0,76,18,0,0,1,73,83,19,14,13,0,0,6,70,26,0,12,12,0,2,0,12,2,1,0,0,72,209,367,FINAL (ENTRADA MANUAL)
10,17,2,82,26,0,67,11,0,0,0,70,64,22,10,14,0,0,6,58,22,0,9,8,4,1,1,7,0,1,0,0,76,187,367,FINAL (ENTRADA MANUAL)
10,17,3,60,30,0,71,17,0,0,0,53,75,21,13,12,0,0,4,49,30,0,12,10,1,1,1,3,0,0,0,0,71,178,366,FINAL (ENTRADA MANUAL)
10,18,1,98,36,1,105,11,0,1,0,82,105,28,17,10,0,0,10,74,33,0,16,6,3,0,0,9,0,1,0,0,111,253,404,FINAL (ENTRADA MANUAL)
10,18,2,97,38,0,100,18,1,0,1,89,102,33,12,11,0,0,8,82,35,0,12,10,2,2,0,11,1,0,0,0,100,255,403,FINAL (ENTRADA MANUAL)
10,19,1,102,44,0,94,9,0,0,0,86,96,32,11,10,0,0,14,73,36,0,10,6,2,1,2,3,0,2,0,0,116,251,501,FINAL (ENTRADA MANUAL)
10,19,2,112,41,0,82,10,0,0,0,90,96,24,11,10,0,0,14,79,35,0,11,7,1,0,3,8,1,2,0,0,100,247,501,FINAL (ENTRADA MANUAL)
10,19,3,99,32,0,91,19,0,1,2,85,101,27,10,14,0,1,6,73,29,0,7,12,1,1,1,10,3,0,0,0,107,244,501,FINAL (ENTRADA MANUAL)
10,19,4,107,26,0,83,17,0,0,1,104,73,24,14,15,0,0,4,92,24,0,12,10,0,1,1,3,1,0,0,0,90,234,501,FINAL (ENTRADA MANUAL)
10,19,5,108,22,0,86,10,0,0,0,93,76,25,21,11,0,0,0,81,18,0,18,8,1,1,1,11,2,0,0,0,86,227,501,FINAL (ENTRADA MANUAL)
10,19,6,128,36,0,74,21,0,0,1,115,96,18,7,17,0,0,7,96,33,0,7,14,0,1,0,11,1,2,0,1,97,263,503,FINAL (ENTRADA MANUAL)
10,20,1,94,28,0,97,24,0,1,0,78,94,20,19,21,0,0,12,71,26,0,18,18,0,2,0,11,0,0,0,0,98,244,407,FINAL (ENTRADA MANUAL)
10,20,2,101,29,1,113,22,0,0,1,84,108,36,17,15,0,0,7,79,27,1,16,9,0,2,0,12,1,1,0,0,120,268,407,FINAL (ENTRADA MANUAL)
10,20,3,102,40,0,78,20,1,0,0,94,94,20,11,19,0,0,3,79,32,0,9,14,3,3,0,9,1,0,0,0,91,241,407,FINAL (ENTRADA MANUAL)
10,20,4,99,28,0,89,20,1,0,0,89,86,21,14,15,0,0,12,79,20,0,11,8,1,1,1,8,0,1,0,0,108,238,406,FINAL (ENTRADA MANUAL)
10,21,1,110,35,0,111,15,1,0,2,86,119,35,9,12,1,0,12,76,28,0,8,7,1,2,1,11,2,0,0,0,138,274,425,FINAL (ENTRADA MANUAL)
10,21,2,79,44,2,105,13,2,0,0,77,104,39,11,11,0,0,3,66,38,0,7,9,1,2,1,8,1,0,0,0,112,245,425,FINAL (ENTRADA MANUAL)
10,21,3,82,40,1,115,17,1,0,2,72,128,28,7,10,0,1,12,58,29,0,7,7,4,4,1,9,4,0,0,0,135,258,425,FINAL (ENTRADA MANUAL)
10,21,4,82,20,0,134,9,1,1,0,74,126,23,15,5,0,0,4,69,16,0,10,2,1,1,1,16,0,0,0,0,131,247,425,FINAL (ENTRADA MANUAL)
10,21,5,98,43,0,103,12,0,0,0,86,118,27,14,8,0,0,3,78,38,0,11,7,1,3,0,14,2,0,0,0,102,256,425,FINAL (ENTRADA MANUAL)
10,21,6,77,30,0,122,13,0,0,0,70,108,33,18,9,0,0,4,61,27,0,16,6,1,1,1,20,2,0,0,0,107,242,425,FINAL (ENTRADA MANUAL)
10,21,7,84,49,0,105,10,1,0,2,69,119,37,13,9,0,0,4,63,45,0,10,5,5,0,2,11,1,2,0,0,109,253,425,FINAL (ENTRADA MANUAL)
10,21,8,99,34,0,103,11,0,0,0,81,120,25,9,7,1,0,4,74,29,0,5,5,0,7,0,10,2,0,0,0,115,247,428,FINAL (ENTRADA MANUAL)
10,22,1,86,38,0,122,13,0,0,0,78,110,37,13,12,0,1,8,65,33,0,11,7,5,5,1,18,0,2,0,0,114,261,462,FINAL (ENTRADA MANUAL)
10,22,2,104,39,1,96,16,0,0,0,90,104,26,19,10,0,0,7,81,35,1,17,8,1,2,0,12,1,0,0,0,98,256,462,FINAL (ENTRADA MANUAL)
10,22,3,98,25,0,107,15,0,0,0,82,91,35,17,8,0,0,12,71,21,0,13,6,6,1,0,12,2,0,0,0,113,245,462,FINAL (ENTRADA MANUAL)
10,22,4,85,25,0,108,18,1,0,2,71,94,26,19,16,0,0,13,63,22,0,17,12,2,4,0,11,0,0,1,0,108,240,462,FINAL (ENTRADA MANUAL)
10,22,5,101,46,1,100,17,3,0,1,90,120,20,16,16,0,0,7,84,38,0,13,11,1,0,0,10,0,0,0,0,112,269,462,FINAL (ENTRADA MANUAL)
10,22,6,93,44,0,90,27,0,0,0,89,99,31,11,23,0,0,1,79,43,0,11,18,2,1,0,5,0,0,0,0,95,254,462,FINAL (ENTRADA MANUAL)
10,22,7,99,43,1,87,13,0,1,0,97,88,32,10,13,0,0,4,86,33,1,10,8,0,3,1,7,1,0,0,0,94,244,461,FINAL (ENTRADA MANUAL)
10,23,1,118,44,0,65,20,0,0,2,105,101,12,8,11,0,0,12,97,35,0,8,10,4,3,1,4,0,3,0,0,87,252,424,FINAL (ENTRADA MANUAL)
10,23,2,111,37,1,77,23,0,0,0,94,104,15,11,17,0,0,8,84,34,1,9,10,1,2,0,3,3,0,0,0,102,249,424,FINAL (ENTRADA MANUAL)
10,23,3,102,49,0,84,19,0,0,0,88,100,26,13,16,0,0,11,77,39,0,11,16,1,1,1,7,1,0,1,0,100,255,424,FINAL (ENTRADA MANUAL)
10,23,4,99,34,1,86,22,0,0,0,91,96,25,8,15,0,0,7,85,27,0,8,11,1,1,0,12,3,0,0,0,94,242,424,FINAL (ENTRADA MANUAL)
10,23,5,94,38,0,77,15,0,0,1,73,98,12,16,14,1,0,11,62,32,0,13,9,6,2,0,3,1,1,0,0,97,226,425,FINAL (ENTRADA MANUAL)
10,24,1,97,32,0,115,26,0,0,0,87,102,43,11,21,0,0,6,80,26,0,10,16,2,4,2,18,1,0,0,0,111,270,435,FINAL (ENTRADA MANUAL)
10,24,2,97,40,0,89,15,0,1,1,88,89,35,11,11,0,0,9,77,33,0,10,9,0,4,0,8,1,0,0,0,101,243,435,FINAL (ENTRADA MANUAL)
10,24,3,86,28,0,91,35,0,1,0,76,101,16,15,28,0,0,5,70,25,0,14,23,1,0,1,14,3,0,0,0,90,241,435,FINAL (ENTRADA MANUAL)
10,24,4,99,25,0,107,19,0,0,0,81,98,34,15,13,0,0,9,70,23,0,15,9,2,2,3,7,2,0,0,0,117,250,435,FINAL (ENTRADA MANUAL)
10,72,1,487,118,0,60,11,2,1,0,464,177,23,3,8,0,0,4,442,110,0,2,4,12,1,6,9,0,0,0,2,93,681,0,FINAL (ENTRADA MANUAL)
10,72,2,75,17,0,6,4,0,0,0,77,21,3,0,3,0,0,0,70,16,0,0,2,2,0,1,4,1,3,0,0,8,107,0,FINAL (ENTRADA MANUAL)
10,72,3,393,117,0,114,15,4,0,2,369,200,43,14,8,0,0,11,348,102,0,14,6,9,3,2,19,2,0,0,1,140,646,0,FINAL (ENTRADA MANUAL)
10,72,4,111,51,0,40,10,0,0,0,112,76,16,0,7,0,0,1,103,46,0,0,7,1,3,3,10,0,2,0,0,39,214,0,FINAL (ENTRADA MANUAL)
10,72,5,42,7,0,11,5,0,1,2,44,12,8,2,1,0,1,0,40,7,0,2,1,1,0,0,3,1,0,0,0,13,68,0,FINAL (ENTRADA MANUAL)
10,72,6,5,3,0,4,0,0,0,0,4,5,2,1,0,0,0,0,4,3,0,1,0,1,0,0,2,0,0,0,0,1,12,0,FINAL (ENTRADA MANUAL)
10,72,7,15,1,0,4,0,0,0,0,14,1,3,1,0,0,0,1,11,0,0,1,0,0,0,2,0,0,0,0,0,6,20,0,FINAL (ENTRADA MANUAL)
10,72,8,2,2,0,1,0,0,0,0,2,2,0,1,0,0,0,0,2,2,0,1,0,0,0,0,0,0,0,0,0,0,5,0,FINAL (ENTRADA MANUAL)
10,72,9,126,31,0,17,3,1,0,0,121,45,5,1,2,0,0,4,111,27,0,1,1,0,1,0,4,0,0,0,0,33,178,0,FINAL (ENTRADA MANUAL)
10,72,10,30,6,0,4,2,0,0,1,30,6,3,1,2,0,0,1,30,6,0,1,2,0,0,0,1,0,2,0,0,3,45,0,FINAL (ENTRADA MANUAL)
10,72,11,0,0,0,0,0,0,0,0,0,0,0,0,0,0,0,0,0,0,0,0,0,0,0,0,0,0,0,0,0,0,0,0,FINAL (ENTRADA MANUAL)
10,72,12,30,6,0,3,2,0,0,0,30,8,1,0,2,0,0,0,30,6,0,0,2,0,0,0,1,0,4,0,0,2,45,0,FINAL (ENTRADA MANUAL)
10,73,1,72,93,3,13,6,0,0,0,69,98,8,2,4,0,0,6,64,86,3,2,4,0,0,0,3,0,0,0,0,25,187,0,FINAL (ENTRADA MANUAL)
10,73,2,0,0,0,0,0,0,0,0,0,0,0,0,0,0,0,0,0,0,0,0,0,0,0,0,0,0,0,0,0,0,0,0,FINAL (ENTRADA MANUAL)
10,74,1,9,7,9,0,0,0,0,0,7,11,6,0,0,0,0,1,7,7,0,0,0,0,0,0,3,0,0,0,0,8,25,0,FINAL (ENTRADA MANUAL)
10,74,2,0,0,0,0,0,0,0,0,0,0,0,0,0,0,0,0,0,0,0,0,0,0,0,0,0,0,0,0,0,0,0,0,FINAL (ENTRADA MANUAL)
10,75,1,2,2,0,4,1,4,0,0,4,5,1,0,0,1,0,2,1,2,0,0,0,0,1,0,2,0,0,0,0,7,13,0,FINAL (ENTRADA MANUAL)
10,75,2,1,0,1,1,0,0,0,0,1,2,0,0,0,0,0,0,1,0,0,0,0,0,0,1,0,0,0,0,0,1,3,0,FINAL (ENTRADA MANUAL)
10,76,1,48,4,0,4,0,0,0,1,40,6,0,4,0,0,0,7,30,2,0,3,0,1,0,0,0,0,0,0,0,21,57,0,FINAL (ENTRADA MANUAL)
10,76,2,1,0,0,1,0,0,0,0,1,1,0,0,0,0,0,0,0,0,0,0,0,0,0,0,0,0,0,0,0,2,2,0,FINAL (ENTRADA MANUAL)
10,76,3,6,1,0,1,0,0,0,0,5,1,1,0,0,0,0,1,4,1,0,0,0,0,0,0,1,0,0,0,0,2,8,0,FINAL (ENTRADA MANUAL)
10,76,4,0,0,0,0,0,0,0,0,0,0,0,0,0,0,0,0,0,0,0,0,0,0,0,0,0,0,0,0,0,0,0,0,FINAL (ENTRADA MANUAL)
10,76,5,2,0,0,1,0,0,0,0,2,0,0,1,0,0,0,0,2,0,0,1,0,0,0,0,0,0,0,0,0,0,3,0,FINAL (ENTRADA MANUAL)
10,77,1,5,2,0,25,0,0,0,0,4,8,13,7,0,0,0,0,3,2,0,7,0,1,0,0,3,0,0,0,0,16,32,0,FINAL (ENTRADA MANUAL)
10,77,2,16,2,0,73,9,0,0,0,13,24,40,15,6,0,0,2,13,2,0,15,6,0,0,3,11,1,0,0,0,49,100,0,FINAL (ENTRADA MANUAL)
10,77,3,1,0,0,6,0,0,0,0,1,1,5,0,0,0,0,0,1,0,0,0,0,0,0,0,1,0,0,0,0,5,7,0,FINAL (ENTRADA MANUAL)
10,77,4,0,0,0,2,0,0,0,0,0,0,1,1,0,0,0,0,0,0,0,1,0,0,0,0,0,0,0,0,0,1,2,0,FINAL (ENTRADA MANUAL)
10,77,5,6,2,0,16,5,0,0,0,4,7,9,5,3,0,0,1,3,1,0,3,3,0,0,2,2,0,0,0,0,15,29,0,FINAL (ENTRADA MANUAL)
10,77,6,1,0,0,6,0,0,0,0,1,1,5,0,0,0,0,0,1,0,0,0,0,0,0,0,1,0,0,0,0,5,7,0,FINAL (ENTRADA MANUAL)
10,78,1,141,45,0,93,18,0,0,1,121,98,24,22,14,0,0,19,116,34,0,18,13,1,2,0,7,0,2,1,1,107,302,0,FINAL (ENTRADA MANUAL)
10,78,2,19,2,0,3,0,0,0,24,16,3,0,1,0,0,0,4,11,0,0,0,0,0,0,0,0,0,0,0,0,13,24,0,FINAL (ENTRADA MANUAL)
10,78,3,17,7,0,7,1,0,0,0,16,11,1,3,1,0,0,0,15,5,0,3,1,0,0,0,0,0,0,0,0,8,32,0,FINAL (ENTRADA MANUAL)
10,78,4,8,0,0,2,1,0,0,0,7,0,1,0,2,0,0,1,7,0,0,0,1,0,0,0,0,0,0,0,0,3,11,0,FINAL (ENTRADA MANUAL)
10,80,1,0,0,0,0,0,0,0,0,0,0,0,0,0,0,0,0,0,0,0,0,0,0,0,0,0,0,0,0,0,0,0,0,FINAL (ENTRADA MANUAL)
11,1,1,101,43,2,80,22,3,0,0,80,106,27,16,17,0,0,5,68,33,0,13,13,2,0,3,8,2,0,0,0,109,251,467,FINAL (ENTRADA MANUAL)
11,1,2,103,33,0,102,15,1,0,0,81,105,29,16,15,0,0,8,61,27,0,15,10,0,1,1,13,0,0,0,0,126,254,467,FINAL (ENTRADA MANUAL)
11,1,3,114,37,0,103,21,0,0,0,101,103,33,11,20,0,1,6,83,33,0,10,14,1,2,1,12,1,0,0,1,118,276,467,FINAL (ENTRADA MANUAL)
11,1,4,92,33,0,107,22,1,0,0,84,103,29,17,14,0,0,9,76,27,0,16,12,2,2,0,13,0,1,0,0,107,255,467,FINAL (ENTRADA MANUAL)
11,1,5,88,40,0,102,16,1,0,0,73,90,44,18,15,0,0,7,63,33,0,18,12,4,2,2,15,1,0,0,1,97,248,465,FINAL (ENTRADA MANUAL)
11,2,1,111,36,0,109,18,1,0,2,106,104,37,10,14,0,0,6,99,31,0,9,11,0,3,2,11,0,0,0,0,111,277,472,FINAL (ENTRADA MANUAL)
11,2,2,102,43,0,121,11,0,0,0,90,112,36,20,8,0,0,11,80,36,0,19,5,0,3,2,19,1,1,0,0,112,278,472,FINAL (ENTRADA MANUAL)
11,2,3,95,34,0,118,15,0,0,0,85,102,30,18,17,0,0,10,66,31,0,17,8,1,2,0,11,1,0,0,0,125,262,472,FINAL (ENTRADA MANUAL)
11,2,4,87,40,1,132,13,0,0,1,73,129,44,8,11,0,0,9,63,33,0,5,7,3,2,5,16,2,0,1,0,138,275,472,FINAL (ENTRADA MANUAL)
11,2,5,92,40,0,140,19,0,0,0,82,116,50,14,18,0,0,11,75,27,0,13,11,3,4,2,19,0,0,0,0,137,291,472,FINAL (ENTRADA MANUAL)
11,2,6,111,33,1,106,19,0,0,0,106,102,31,8,16,0,0,7,89,24,0,8,12,2,0,1,6,0,0,0,1,128,270,471,FINAL (ENTRADA MANUAL)
11,3,1,122,61,0,68,11,1,0,1,108,105,18,6,14,0,0,13,94,52,0,4,6,0,2,0,3,1,0,0,0,102,264,459,FINAL (ENTRADA MANUAL)
11,3,2,125,45,0,71,20,0,0,0,100,106,17,8,13,0,0,17,91,43,0,7,11,3,3,0,9,0,1,0,0,94,262,459,FINAL (ENTRADA MANUAL)
11,3,3,87,59,0,82,18,4,1,0,69,120,29,9,10,0,0,14,67,56,0,8,7,0,1,0,5,1,2,0,0,106,253,459,FINAL (ENTRADA MANUAL)
11,4,1,88,30,0,113,16,1,1,0,79,89,39,20,12,0,0,10,67,23,0,20,12,3,4,4,4,1,1,0,1,111,251,428,FINAL (ENTRADA MANUAL)
11,4,2,103,33,0,84,14,3,0,0,90,88,30,12,10,1,0,6,78,26,0,10,4,1,3,0,14,0,0,0,0,101,237,428,FINAL (ENTRADA MANUAL)
11,4,3,85,33,2,112,15,1,0,1,74,101,34,20,14,0,0,6,63,24,1,17,10,2,0,0,12,0,0,0,0,120,249,428,FINAL (ENTRADA MANUAL)
11,4,4,88,42,0,94,16,1,0,0,78,97,37,11,14,0,0,4,70,32,0,11,10,1,3,2,12,2,0,0,0,98,241,428,FINAL (ENTRADA MANUAL)
11,4,5,90,32,0,107,11,0,0,0,83,83,42,15,8,0,0,9,75,28,0,14,5,0,2,1,14,1,0,0,0,100,240,429,FINAL (ENTRADA MANUAL)
11,5,1,90,35,0,85,20,2,0,1,78,92,19,13,14,1,1,15,66,29,0,10,12,5,1,0,10,3,0,0,0,97,233,404,FINAL (ENTRADA MANUAL)
11,5,2,87,25,1,108,25,0,0,0,73,105,32,12,17,0,0,7,66,22,1,10,13,3,1,1,17,1,0,0,0,111,246,404,FINAL (ENTRADA MANUAL)
11,5,3,92,31,0,101,21,1,0,0,81,93,22,23,14,0,0,13,73,30,0,22,11,0,2,0,9,1,0,0,0,98,246,404,FINAL (ENTRADA MANUAL)
11,5,4,80,33,1,94,14,0,0,0,70,94,25,13,6,0,0,14,63,26,0,11,6,0,3,0,10,2,0,0,0,101,222,404,FINAL (ENTRADA MANUAL)
11,6,1,79,41,0,97,13,3,0,0,68,110,25,12,10,0,0,8,59,36,0,10,6,1,5,0,11,3,0,0,0,102,233,362,FINAL (ENTRADA MANUAL)
11,6,2,81,28,0,105,20,2,0,0,69,90,32,13,21,1,0,10,60,24,0,11,12,0,3,1,15,1,0,0,0,109,236,362,FINAL (ENTRADA MANUAL)
11,6,3,93,33,1,101,14,0,0,0,77,96,39,7,14,0,0,9,70,32,1,6,7,3,7,2,5,2,1,0,0,107,243,362,FINAL (ENTRADA MANUAL)
11,6,4,78,30,0,101,17,0,0,1,69,92,31,18,13,0,0,4,59,26,0,17,8,2,2,3,10,0,2,1,0,100,230,361,FINAL (ENTRADA MANUAL)
11,7,1,98,37,0,121,27,0,0,0,90,118,35,17,16,0,0,7,80,33,0,17,15,2,1,1,10,2,0,0,0,122,283,461,FINAL (ENTRADA MANUAL)
11,7,2,89,41,0,105,19,0,0,0,75,103,28,19,14,0,0,15,69,34,0,15,13,0,3,2,2,1,1,0,0,115,255,461,FINAL (ENTRADA MANUAL)
11,7,3,99,37,0,104,14,2,0,0,86,108,17,21,17,0,0,7,73,33,0,19,10,2,4,0,11,0,0,0,0,104,256,461,FINAL (ENTRADA MANUAL)
11,7,4,92,49,0,115,19,0,0,0,83,122,34,9,13,1,0,13,68,43,0,8,9,0,3,1,22,2,2,0,0,119,277,461,FINAL (ENTRADA MANUAL)
11,7,5,94,47,1,110,17,0,0,0,76,125,20,18,13,0,0,17,69,39,1,15,10,3,0,1,10,3,0,0,0,118,269,460,FINAL (ENTRADA MANUAL)
11,8,1,68,26,0,116,21,0,0,1,59,92,38,15,18,0,0,9,54,20,0,15,13,1,4,1,11,0,0,0,1,112,233,356,FINAL (ENTRADA MANUAL)
11,8,2,63,35,0,114,16,0,0,0,48,111,34,16,13,0,0,6,38,31,0,15,9,2,3,0,9,2,0,0,0,119,228,356,FINAL (ENTRADA MANUAL)
11,8,3,73,33,0,113,13,0,0,0,64,102,34,12,11,0,0,9,57,28,0,10,8,3,3,0,16,1,1,0,0,106,233,356,FINAL (ENTRADA MANUAL)
11,8,4,74,32,0,110,13,1,0,0,66,93,38,19,13,0,0,1,59,27,0,16,9,1,2,1,15,0,1,0,0,100,231,358,FINAL (ENTRADA MANUAL)
11,9,1,96,37,1,105,18,0,0,1,86,107,29,18,14,1,0,3,75,31,0,15,14,1,2,0,9,0,2,0,0,111,260,493,FINAL (ENTRADA MANUAL)
11,9,2,106,39,1,99,19,0,0,0,88,96,33,21,15,0,0,11,80,34,0,18,11,3,0,1,8,2,0,0,0,107,264,493,FINAL (ENTRADA MANUAL)
11,9,3,89,43,0,116,29,0,0,1,78,113,33,29,16,0,0,9,71,40,0,24,11,0,3,1,9,2,1,0,0,117,279,493,FINAL (ENTRADA MANUAL)
11,9,4,94,34,0,111,29,0,0,2,74,112,29,22,23,0,0,10,65,29,0,17,17,1,0,0,11,1,0,0,0,129,270,493,FINAL (ENTRADA MANUAL)
11,9,5,91,43,0,114,19,0,0,1,77,108,43,14,14,0,0,12,68,34,0,11,10,3,2,1,16,0,0,0,0,123,268,493,FINAL (ENTRADA MANUAL)
11,9,6,97,45,0,101,28,0,1,1,87,106,34,11,26,0,0,9,76,35,0,10,21,1,1,2,13,1,0,0,0,113,273,493,FINAL (ENTRADA MANUAL)
11,9,7,89,22,0,113,24,0,1,0,82,87,33,17,19,0,0,11,71,15,0,14,14,0,2,0,11,0,3,0,0,122,252,493,FINAL (ENTRADA MANUAL)
11,9,8,106,44,0,102,20,0,0,0,82,126,22,15,13,0,0,14,72,37,0,14,12,2,5,0,9,0,0,0,0,121,272,492,FINAL (ENTRADA MANUAL)
11,10,1,103,46,1,97,20,1,1,0,86,105,32,20,16,0,1,9,74,39,1,17,13,2,4,1,9,1,2,1,0,108,272,449,FINAL (ENTRADA MANUAL)
11,10,2,107,40,0,96,17,0,0,0,88,110,27,14,13,0,0,8,72,30,0,12,9,3,2,0,16,2,0,0,0,114,260,449,FINAL (ENTRADA MANUAL)
11,10,3,113,30,0,82,27,1,1,0,101,86,20,14,20,0,0,13,89,26,0,13,16,1,1,0,6,0,1,0,0,102,255,449,FINAL (ENTRADA MANUAL)
11,10,4,103,40,0,96,21,0,0,2,93,108,21,20,11,0,0,9,80,35,0,16,8,1,2,0,7,0,0,0,0,113,262,449,FINAL (ENTRADA MANUAL)
11,10,5,61,24,0,79,15,0,1,0,52,63,28,15,11,0,0,11,47,19,0,11,4,0,0,0,6,2,0,1,0,91,181,449,FINAL (ENTRADA MANUAL)
11,10,6,108,28,0,87,17,0,0,1,90,92,30,7,14,1,0,7,75,20,0,5,9,3,1,2,6,1,1,0,0,119,242,449,FINAL (ENTRADA MANUAL)
11,10,7,86,33,0,88,13,0,0,0,74,86,26,11,13,0,0,10,65,29,0,10,10,2,4,1,5,0,0,0,1,94,221,448,FINAL (ENTRADA MANUAL)
11,11,1,95,32,1,86,21,1,0,0,87,88,24,15,15,0,0,7,81,27,1,13,10,0,1,0,5,0,0,0,0,98,236,432,FINAL (ENTRADA MANUAL)
11,11,2,105,26,0,86,12,0,0,1,90,80,23,13,12,0,0,12,80,22,0,12,8,3,2,0,10,0,1,0,0,93,230,432,FINAL (ENTRADA MANUAL)
11,11,3,96,28,0,99,15,2,0,2,80,88,27,24,12,0,0,11,71,23,0,19,8,3,1,0,7,1,0,0,0,109,242,432,FINAL (ENTRADA MANUAL)
11,11,4,82,32,0,85,21,0,0,0,70,85,29,14,14,0,0,8,66,25,0,14,12,0,2,1,6,1,0,0,0,93,220,432,FINAL (ENTRADA MANUAL)
11,11,5,90,42,0,81,18,1,0,1,71,101,19,15,12,0,0,15,66,31,0,11,9,1,1,0,9,2,3,0,0,103,236,430,FINAL (ENTRADA MANUAL)
11,12,1,97,24,0,103,27,0,0,1,85,77,35,32,20,1,0,2,79,21,0,27,16,0,0,2,10,1,0,0,0,96,252,458,FINAL (ENTRADA MANUAL)
11,12,2,98,32,1,91,23,0,0,0,80,91,36,12,16,0,0,10,71,29,1,8,13,2,2,0,10,2,1,0,0,107,246,458,FINAL (ENTRADA MANUAL)
11,12,3,97,37,1,79,20,0,0,1,84,85,28,13,14,0,0,11,72,30,1,8,10,0,2,0,7,0,0,0,0,105,235,458,FINAL (ENTRADA MANUAL)
11,12,4,105,30,0,88,13,1,0,0,97,80,17,14,13,0,0,16,88,26,0,14,8,2,0,2,2,1,1,0,0,94,238,458,FINAL (ENTRADA MANUAL)
11,12,5,109,24,0,91,18,1,0,1,95,90,23,15,12,0,0,9,84,21,0,13,9,1,3,0,9,1,0,0,0,103,244,458,FINAL (ENTRADA MANUAL)
11,13,1,76,30,2,79,13,0,2,1,68,77,27,12,11,1,1,6,58,24,1,12,8,2,0,1,12,0,0,0,0,85,203,346,FINAL (ENTRADA MANUAL)
11,13,2,72,27,0,77,16,0,0,0,63,79,24,12,10,0,0,4,52,20,0,9,6,0,1,0,8,0,0,0,0,96,192,346,FINAL (ENTRADA MANUAL)
11,13,3,69,25,1,91,13,0,0,0,58,93,27,12,4,0,0,5,53,24,0,11,2,1,1,1,13,4,0,0,0,89,199,345,FINAL (ENTRADA MANUAL)
11,14,1,101,44,0,88,16,3,1,0,85,105,26,15,13,0,0,9,78,41,0,13,10,0,5,1,7,1,0,0,0,97,253,438,FINAL (ENTRADA MANUAL)
11,14,2,98,48,1,79,14,2,0,0,88,105,16,14,14,0,0,5,76,41,1,12,9,1,2,0,6,4,1,0,0,90,243,438,FINAL (ENTRADA MANUAL)
11,14,3,116,39,0,65,21,1,0,0,108,86,16,12,13,0,0,7,91,36,0,12,10,1,3,0,4,1,1,0,0,84,243,438,FINAL (ENTRADA MANUAL)
11,14,4,104,43,0,101,23,1,0,1,91,119,24,14,14,0,0,11,79,32,0,13,8,1,2,1,9,5,0,0,0,123,273,439,FINAL (ENTRADA MANUAL)
11,15,1,117,44,0,105,18,0,1,0,108,102,34,20,16,0,0,5,88,39,0,19,12,0,1,0,14,2,0,0,0,110,285,512,FINAL (ENTRADA MANUAL)
11,15,2,101,42,0,94,16,3,0,0,92,110,26,12,12,0,0,4,86,37,0,9,8,4,1,1,13,2,0,0,1,95,257,512,FINAL (ENTRADA MANUAL)
11,15,3,74,24,1,77,32,0,1,0,65,74,25,14,19,0,1,11,55,17,0,14,18,3,0,0,9,2,0,0,0,91,209,512,FINAL (ENTRADA MANUAL)
11,15,4,107,25,0,86,20,0,0,2,90,81,23,14,20,0,0,12,80,23,0,10,16,0,2,1,9,0,0,0,0,99,240,512,FINAL (ENTRADA MANUAL)
11,15,5,112,32,0,93,23,0,2,2,99,102,22,12,17,0,1,11,84,27,0,11,14,3,3,0,7,1,0,0,0,114,264,510,FINAL (ENTRADA MANUAL)
11,16,1,114,26,0,106,22,0,0,0,93,92,42,12,20,0,0,9,82,20,0,8,14,3,2,2,10,0,4,0,0,127,272,499,FINAL (ENTRADA MANUAL)
11,16,2,95,46,0,87,24,0,0,0,91,101,22,17,10,0,0,11,75,34,0,16,9,1,2,3,8,0,0,0,0,104,252,499,FINAL (ENTRADA MANUAL)
11,16,3,108,45,0,110,25,0,0,2,87,114,35,18,24,0,0,12,76,36,0,13,15,2,5,0,12,0,1,1,0,131,292,499,FINAL (ENTRADA MANUAL)
11,16,4,108,35,0,92,16,0,0,1,97,97,34,9,10,0,0,5,88,31,0,9,8,1,2,0,13,1,1,1,0,99,254,499,FINAL (ENTRADA MANUAL)
11,16,5,104,34,3,94,13,0,0,0,95,94,31,13,9,0,0,6,90,28,3,13,7,1,2,1,12,2,2,0,0,89,250,499,FINAL (ENTRADA MANUAL)
11,16,6,102,38,0,85,24,2,0,0,82,93,31,14,20,0,0,11,71,29,0,12,11,1,2,0,9,1,0,0,0,115,251,501,FINAL (ENTRADA MANUAL)
11,17,1,87,68,0,92,23,2,0,0,73,127,29,9,22,0,0,12,64,60,0,4,17,2,2,2,13,1,1,0,0,107,273,433,FINAL (ENTRADA MANUAL)
11,17,2,115,47,0,72,20,0,0,0,91,102,19,13,15,0,0,14,84,45,0,11,10,1,2,0,4,1,1,0,0,96,255,433,FINAL (ENTRADA MANUAL)
11,17,3,84,51,0,86,11,0,0,0,70,102,19,13,11,0,0,17,65,42,0,12,5,0,3,0,4,0,1,0,0,101,233,433,FINAL (ENTRADA MANUAL)
11,17,4,101,40,0,92,16,1,0,0,82,99,23,13,14,0,0,19,76,35,0,11,8,0,2,0,10,0,1,0,0,108,251,433,FINAL (ENTRADA MANUAL)
11,17,5,120,47,0,72,20,2,0,0,111,95,20,10,15,1,0,9,99,39,0,8,12,0,2,0,7,2,0,0,0,92,261,433,FINAL (ENTRADA MANUAL)
11,17,6,83,66,0,91,20,0,0,1,75,121,25,19,13,0,0,8,67,59,0,17,10,1,2,0,7,3,0,0,0,95,261,433,FINAL (ENTRADA MANUAL)
11,18,1,107,38,0,84,15,0,0,0,94,98,27,7,11,0,0,7,90,32,0,6,9,1,2,1,12,0,2,1,0,91,247,395,FINAL (ENTRADA MANUAL)
11,18,2,92,41,0,102,21,0,1,1,82,104,30,13,14,0,0,15,77,35,0,10,11,1,3,1,7,1,0,0,0,112,258,395,FINAL (ENTRADA MANUAL)
11,18,3,90,35,1,93,26,0,0,1,81,99,29,11,17,0,0,9,69,31,0,8,14,2,3,2,14,0,1,0,0,103,247,395,FINAL (ENTRADA MANUAL)
11,18,4,82,41,1,83,15,0,0,0,75,99,23,9,12,0,0,4,68,37,0,6,9,1,2,0,17,2,1,0,0,80,223,395,FINAL (ENTRADA MANUAL)
11,18,5,88,43,0,86,16,0,0,1,79,94,30,10,12,0,0,9,67,38,0,7,10,3,5,0,20,0,0,1,0,84,235,394,FINAL (ENTRADA MANUAL)
11,19,1,135,32,0,82,29,0,1,0,118,93,22,13,23,0,0,10,103,27,0,9,15,2,2,0,17,1,2,0,0,103,281,443,FINAL (ENTRADA MANUAL)
11,19,2,105,48,0,89,28,0,0,0,86,98,26,19,30,0,0,11,80,39,0,16,22,1,1,0,10,0,0,0,0,101,270,443,FINAL (ENTRADA MANUAL)
11,19,3,90,50,0,89,36,0,0,0,74,111,22,18,27,0,0,13,67,44,0,15,25,4,0,1,10,1,1,1,0,98,267,443,FINAL (ENTRADA MANUAL)
11,19,4,123,33,0,91,29,0,0,1,115,88,25,14,25,0,0,10,105,31,0,12,24,1,1,0,10,1,2,0,0,92,279,443,FINAL (ENTRADA MANUAL)
11,19,5,97,38,0,100,31,0,0,0,78,112,29,15,23,0,0,9,67,31,0,11,19,4,0,2,11,0,0,0,1,121,267,443,FINAL (ENTRADA MANUAL)
11,20,1,94,33,0,110,19,0,0,1,71,121,31,5,18,0,0,11,65,29,0,3,9,1,1,1,11,1,0,0,0,136,257,451,FINAL (ENTRADA MANUAL)
11,20,2,81,30,0,119,15,1,1,0,65,92,45,18,16,0,1,10,57,28,0,17,10,3,0,3,15,0,0,0,1,114,248,451,FINAL (ENTRADA MANUAL)
11,20,3,80,29,0,122,17,0,0,0,66,106,41,7,20,0,1,7,56,25,0,5,12,1,5,1,14,0,1,0,0,129,249,451,FINAL (ENTRADA MANUAL)
11,20,4,84,28,0,120,24,0,0,0,64,101,45,15,22,1,0,8,56,23,0,13,12,3,1,0,15,2,2,1,0,131,259,451,FINAL (ENTRADA MANUAL)
11,20,5,78,35,0,122,19,0,0,0,67,118,36,15,12,0,0,6,63,30,0,13,8,3,2,2,16,1,0,0,0,116,254,449,FINAL (ENTRADA MANUAL)
11,21,1,93,55,0,87,21,0,0,0,83,108,31,12,13,0,0,9,74,48,0,10,10,5,4,0,8,2,1,0,0,95,257,434,FINAL (ENTRADA MANUAL)
11,21,2,105,53,0,69,23,0,0,0,90,98,19,16,17,0,0,10,78,41,0,14,15,4,3,0,5,2,2,0,0,88,252,434,FINAL (ENTRADA MANUAL)
11,21,3,113,47,0,52,17,1,1,2,104,89,12,10,15,0,0,3,100,42,0,9,11,2,3,0,9,0,1,0,0,57,234,434,FINAL (ENTRADA MANUAL)
11,21,4,80,37,0,66,11,0,0,1,70,81,13,12,12,0,0,7,63,35,0,9,10,1,2,0,6,1,1,0,0,68,196,435,FINAL (ENTRADA MANUAL)
11,72,1,516,138,0,56,14,0,1,1,497,184,23,3,9,0,0,10,464,128,0,3,7,4,4,1,11,0,0,0,0,104,726,0,FINAL (ENTRADA MANUAL)
11,72,2,4,0,0,0,0,0,0,0,4,0,0,0,0,0,0,0,3,0,0,0,0,0,0,0,0,0,0,0,0,1,4,0,FINAL (ENTRADA MANUAL)
11,72,3,531,147,0,150,42,0,1,3,504,256,55,10,29,1,1,18,468,129,0,8,24,9,8,2,32,0,0,0,1,194,875,0,FINAL (ENTRADA MANUAL)
11,72,4,102,37,0,18,10,3,0,0,103,46,7,5,8,0,0,1,99,37,0,5,8,4,0,1,4,0,1,0,0,12,171,0,FINAL (ENTRADA MANUAL)
11,72,5,35,5,0,2,0,0,0,0,34,6,1,0,0,0,0,1,34,5,0,0,0,0,0,0,0,0,0,0,0,3,42,0,FINAL (ENTRADA MANUAL)
11,72,6,18,4,0,4,0,0,0,0,19,7,1,1,0,0,0,1,17,4,0,1,0,0,0,0,3,0,0,0,0,4,29,0,FINAL (ENTRADA MANUAL)
11,72,7,9,5,0,3,1,0,0,0,9,7,1,0,1,0,0,0,9,4,0,0,1,0,0,0,0,0,0,0,0,4,18,0,FINAL (ENTRADA MANUAL)
11,72,8,4,0,0,0,0,0,0,0,4,0,0,0,0,0,0,0,3,0,0,0,0,0,0,0,0,0,0,0,0,1,4,0,FINAL (ENTRADA MANUAL)
11,72,9,114,46,0,13,2,0,0,0,107,52,8,1,2,0,0,5,102,42,0,1,2,2,1,0,2,0,0,0,0,23,175,0,FINAL (ENTRADA MANUAL)
11,72,10,38,16,0,0,1,0,0,0,37,17,0,0,0,0,0,1,34,16,0,0,0,0,0,0,0,0,1,0,0,5,56,0,FINAL (ENTRADA MANUAL)
11,72,11,2,0,0,0,0,0,0,0,2,0,0,0,0,0,0,0,2,0,0,0,0,0,0,0,0,0,0,0,0,0,2,0,FINAL (ENTRADA MANUAL)
11,72,12,72,27,0,16,2,1,0,0,72,30,10,2,2,0,0,2,70,25,0,2,2,1,1,3,7,0,0,0,0,7,118,0,FINAL (ENTRADA MANUAL)
11,72,13,0,0,0,0,0,0,0,0,0,0,0,0,0,0,0,0,0,0,0,0,0,0,0,0,0,0,0,0,0,0,0,0,FINAL (ENTRADA MANUAL)
11,73,1,78,219,0,24,8,0,0,0,69,223,6,3,5,0,0,22,68,205,0,3,5,0,3,0,3,0,0,0,0,42,329,0,FINAL (ENTRADA MANUAL)
11,73,2,0,0,0,0,0,0,0,0,0,0,0,0,0,0,0,0,0,0,0,0,0,0,0,0,0,0,0,0,0,0,0,0,FINAL (ENTRADA MANUAL)
11,73,3,1,17,0,1,0,0,0,0,2,17,0,0,0,0,0,0,1,16,0,0,0,0,0,0,0,0,0,0,0,2,19,0,FINAL (ENTRADA MANUAL)
11,74,1,9,2,0,7,4,0,0,0,8,9,1,1,2,0,0,1,8,2,0,1,2,0,0,0,0,1,0,0,0,8,22,0,FINAL (ENTRADA MANUAL)
11,74,2,0,0,0,0,0,0,0,0,0,0,0,0,0,0,0,0,0,0,0,0,0,0,0,0,0,0,0,0,0,0,0,0,FINAL (ENTRADA MANUAL)
11,75,1,30,12,0,22,6,2,0,1,25,28,4,3,5,1,1,6,22,9,0,3,4,1,1,0,2,0,0,3,0,31,76,0,FINAL (ENTRADA MANUAL)
11,76,1,39,2,0,1,0,0,0,0,31,5,0,0,0,0,0,6,28,2,0,0,0,0,0,0,0,0,1,0,0,12,43,0,FINAL (ENTRADA MANUAL)
11,76,2,0,0,0,0,0,0,0,0,0,0,0,0,0,0,0,0,0,0,0,0,0,0,0,0,0,0,0,0,0,0,0,0,FINAL (ENTRADA MANUAL)
11,76,3,8,0,0,0,2,0,0,0,7,1,0,0,1,0,0,1,6,0,0,0,0,0,0,0,0,0,0,0,0,4,10,0,FINAL (ENTRADA MANUAL)
11,76,4,0,0,0,0,0,0,0,0,0,0,0,0,0,0,0,0,0,0,0,0,0,0,0,0,0,0,0,0,0,0,0,0,FINAL (ENTRADA MANUAL)
11,76,5,2,0,0,0,0,0,0,0,0,1,0,0,0,0,0,1,0,0,0,0,0,0,0,0,0,0,0,0,0,2,2,0,FINAL (ENTRADA MANUAL)
11,76,6,0,0,0,0,0,0,0,0,0,0,0,0,0,0,0,0,0,0,0,0,0,0,0,0,0,0,0,0,0,0,0,0,FINAL (ENTRADA MANUAL)
11,77,1,5,1,0,13,2,0,0,1,4,6,10,0,2,0,0,0,4,1,0,0,1,1,0,0,3,0,0,0,0,12,22,0,FINAL (ENTRADA MANUAL)
11,77,2,17,5,0,75,0,0,0,0,15,23,44,13,0,0,0,2,14,5,0,13,0,0,2,3,15,0,0,0,0,45,97,0,FINAL (ENTRADA MANUAL)
11,77,3,0,0,0,0,0,0,0,0,0,0,0,0,0,0,0,0,0,0,0,0,0,0,0,0,0,0,0,0,0,0,0,0,FINAL (ENTRADA MANUAL)
11,77,4,1,0,1,3,0,0,0,0,1,1,1,2,0,0,0,0,1,0,0,1,0,0,0,1,1,0,0,0,0,1,5,0,FINAL (ENTRADA MANUAL)
11,77,5,1,1,0,1,0,0,0,0,0,1,2,0,0,0,0,0,0,0,0,0,0,0,0,1,0,0,0,0,0,2,3,0,FINAL (ENTRADA MANUAL)
11,77,6,13,4,0,8,2,0,0,0,13,8,4,1,1,0,0,0,13,4,0,1,1,0,0,0,1,0,0,0,0,7,27,0,FINAL (ENTRADA MANUAL)
11,78,1,142,40,0,65,13,0,0,0,114,83,18,11,14,0,0,20,104,25,0,10,11,0,1,0,3,0,0,1,1,106,262,0,FINAL (ENTRADA MANUAL)
11,78,2,17,0,2,0,0,0,0,0,10,3,0,1,0,0,0,3,10,0,1,0,0,0,0,0,0,0,0,0,0,0,22,0,FINAL (ENTRADA MANUAL)
11,78,3,16,5,0,6,2,0,0,0,13,8,4,1,2,0,0,1,12,5,0,0,1,2,0,0,2,0,0,0,0,7,29,0,FINAL (ENTRADA MANUAL)
11,78,4,2,0,0,1,1,0,0,0,2,0,1,0,1,0,0,0,2,0,0,0,1,0,0,1,0,0,0,0,0,0,4,0,FINAL (ENTRADA MANUAL)
12,1,1,117,64,0,65,22,1,1,1,108,114,11,15,14,1,0,8,95,54,0,11,12,2,3,0,2,0,0,0,1,92,272,480,FINAL (ENTRADA MANUAL)
12,1,2,102,72,2,58,12,0,0,0,93,113,16,8,10,0,0,6,88,69,1,7,9,1,2,0,10,1,0,0,0,58,246,480,FINAL (ENTRADA MANUAL)
12,1,3,120,73,0,54,17,1,1,1,101,118,17,5,10,1,0,15,95,64,0,5,9,1,2,0,6,0,0,0,0,85,267,480,FINAL (ENTRADA MANUAL)
12,2,1,94,59,0,99,21,0,1,1,78,118,34,16,20,0,0,9,65,56,0,12,16,4,3,3,9,1,0,1,0,106,276,469,FINAL (ENTRADA MANUAL)
12,2,2,102,42,0,116,18,0,0,1,86,127,30,12,14,1,0,9,77,39,0,10,11,2,7,2,5,0,0,0,0,126,279,469,FINAL (ENTRADA MANUAL)
12,2,3,98,55,0,107,30,1,0,0,89,130,30,12,25,0,0,5,80,44,0,9,21,0,3,1,9,0,0,0,0,124,291,469,FINAL (ENTRADA MANUAL)
12,2,4,115,49,0,97,16,1,1,0,95,141,24,9,4,0,0,6,92,42,0,5,4,2,2,0,5,1,0,0,0,126,278,469,FINAL (ENTRADA MANUAL)
12,2,5,101,43,0,123,18,1,1,1,84,119,45,15,15,0,0,10,75,35,0,12,10,2,5,2,13,1,0,0,0,133,288,469,FINAL (ENTRADA MANUAL)
12,3,1,124,51,0,32,24,0,0,0,107,76,7,2,19,0,0,20,96,41,0,1,14,0,0,0,1,1,0,0,1,77,232,397,FINAL (ENTRADA MANUAL)
12,3,2,107,74,0,44,18,0,0,1,99,103,11,11,13,0,1,6,91,72,0,11,12,0,1,0,0,0,0,0,0,57,244,397,FINAL (ENTRADA MANUAL)
12,3,3,113,53,0,43,28,0,0,1,101,87,10,5,24,0,0,11,89,46,0,5,13,0,0,0,3,0,0,0,1,82,239,397,FINAL (ENTRADA MANUAL)
12,3,4,111,78,0,45,16,0,0,0,92,116,16,4,7,0,0,15,81,71,0,4,5,2,1,0,7,0,0,1,1,79,252,398,FINAL (ENTRADA MANUAL)
12,4,1,122,37,1,58,20,0,0,0,101,93,17,8,12,0,0,7,85,34,1,7,11,1,0,1,6,1,0,0,0,91,238,434,FINAL (ENTRADA MANUAL)
12,4,2,115,43,0,63,22,0,0,0,88,102,16,8,17,0,0,12,83,41,0,6,11,1,3,0,4,2,2,0,0,92,245,434,FINAL (ENTRADA MANUAL)
12,4,3,90,45,0,73,29,0,0,2,72,99,22,7,21,0,1,17,61,35,0,7,13,1,1,1,9,0,1,0,0,111,240,434,FINAL (ENTRADA MANUAL)
12,4,4,119,46,0,59,11,0,0,0,107,81,18,9,7,0,0,13,94,39,0,8,6,0,0,1,3,0,0,0,0,84,235,434,FINAL (ENTRADA MANUAL)
12,4,5,125,42,0,42,22,0,1,1,99,83,7,10,17,1,0,16,93,33,0,10,13,2,2,1,3,2,0,0,1,74,234,436,FINAL (ENTRADA MANUAL)
12,5,1,112,56,1,43,18,0,0,1,94,87,17,3,13,0,0,17,86,46,0,3,9,3,1,0,7,1,0,0,0,75,231,394,FINAL (ENTRADA MANUAL)
12,5,2,121,40,0,51,10,0,0,0,111,76,13,6,9,2,1,4,108,35,0,6,8,2,2,0,8,0,0,0,0,53,222,395,FINAL (ENTRADA MANUAL)
12,72,1,51,8,0,2,0,0,0,0,51,7,1,1,0,0,0,1,49,7,0,1,0,0,0,0,0,0,2,0,0,4,63,0,FINAL (ENTRADA MANUAL)
12,72,2,2,1,0,0,0,0,0,0,3,1,0,0,1,0,0,0,2,1,0,0,0,0,0,0,0,0,1,0,0,1,4,0,FINAL (ENTRADA MANUAL)
12,72,3,168,41,1,10,7,0,0,0,164,46,7,0,3,0,0,7,159,33,1,0,3,0,0,1,3,0,0,0,0,27,227,0,FINAL (ENTRADA MANUAL)
12,72,4,29,15,0,2,3,0,0,0,28,16,1,0,4,0,0,0,28,14,0,0,3,1,1,0,0,0,0,0,0,2,49,0,FINAL (ENTRADA MANUAL)
12,72,5,17,5,0,2,0,0,0,1,16,7,1,0,0,0,0,1,15,4,0,0,0,1,0,0,1,0,0,0,0,5,25,0,FINAL (ENTRADA MANUAL)
12,72,6,0,1,0,0,0,0,0,0,0,1,0,0,0,0,0,0,0,1,0,0,0,0,0,0,0,0,0,0,0,0,1,0,FINAL (ENTRADA MANUAL)
12,72,7,5,1,0,0,0,0,0,0,5,1,0,0,0,0,0,0,5,1,0,0,0,0,0,0,0,0,0,0,0,0,6,0,FINAL (ENTRADA MANUAL)
12,72,8,3,3,0,0,0,0,0,0,3,3,0,0,0,0,0,0,3,3,0,0,0,0,0,0,0,0,0,0,0,0,6,0,FINAL (ENTRADA MANUAL)
12,72,9,7,3,0,0,0,0,0,0,7,3,0,0,0,0,0,0,6,3,0,0,0,0,0,0,0,0,0,0,0,1,10,0,FINAL (ENTRADA MANUAL)
12,73,1,10,107,0,2,1,0,0,1,9,110,0,1,1,0,0,0,9,107,0,1,1,1,0,0,0,0,0,0,0,2,121,0,FINAL (ENTRADA MANUAL)
12,73,2,1,24,0,1,0,0,0,0,1,23,0,0,0,0,0,2,1,22,0,0,0,0,1,0,0,0,0,0,0,2,26,0,FINAL (ENTRADA MANUAL)
12,74,1,0,2,0,0,0,0,0,0,0,2,0,0,0,0,0,0,0,2,0,0,0,0,0,0,0,0,0,0,0,0,2,0,FINAL (ENTRADA MANUAL)
12,74,2,0,0,0,0,0,0,0,0,0,0,0,0,0,0,0,0,0,0,0,0,0,0,0,0,0,0,0,0,0,0,0,0,FINAL (ENTRADA MANUAL)
12,75,1,1,0,0,1,0,1,0,0,1,0,0,0,0,0,0,2,0,0,0,0,0,0,0,0,0,0,0,0,0,3,3,0,FINAL (ENTRADA MANUAL)
12,75,2,3,0,0,0,0,0,0,0,3,0,0,0,0,0,0,0,3,0,0,0,0,0,0,0,0,0,0,0,0,0,3,0,FINAL (ENTRADA MANUAL)
12,76,1,7,0,0,1,0,0,0,0,6,1,0,0,0,0,0,1,2,0,0,0,0,0,0,0,0,0,0,0,0,6,8,0,FINAL (ENTRADA MANUAL)
12,76,2,2,0,0,1,0,0,0,0,2,0,0,1,0,0,0,0,2,0,0,0,0,0,0,0,0,0,0,0,0,1,3,0,FINAL (ENTRADA MANUAL)
12,76,3,2,0,0,0,0,0,0,0,1,1,0,0,0,0,0,0,0,0,0,0,0,0,0,0,0,0,0,0,0,2,2,0,FINAL (ENTRADA MANUAL)
12,76,4,0,0,0,0,0,0,0,0,0,0,0,0,0,0,0,0,0,0,0,0,0,0,0,0,0,0,0,0,0,0,0,0,FINAL (ENTRADA MANUAL)
12,76,5,0,0,0,0,0,0,0,0,0,0,0,0,0,0,0,0,0,0,0,0,0,0,0,0,0,0,0,0,0,0,0,0,FINAL (ENTRADA MANUAL)
12,77,1,1,2,0,6,1,0,0,0,1,5,4,0,0,0,0,0,1,2,0,0,0,0,0,0,2,0,0,0,0,5,10,0,FINAL (ENTRADA MANUAL)
12,77,2,0,0,0,2,0,0,0,0,0,0,1,1,0,0,0,0,0,0,0,1,0,0,0,0,0,0,0,0,0,1,2,0,FINAL (ENTRADA MANUAL)
12,77,3,0,0,0,0,0,0,0,0,0,0,0,0,0,0,0,0,0,0,0,0,0,0,0,0,0,0,0,0,0,0,0,0,FINAL (ENTRADA MANUAL)
12,77,4,1,0,0,0,0,0,0,0,1,0,0,0,0,0,0,0,1,0,0,0,0,0,0,0,0,0,0,0,0,0,1,0,FINAL (ENTRADA MANUAL)
12,78,1,24,14,1,10,3,0,0,0,19,23,1,3,2,0,0,4,16,13,1,2,1,1,0,0,0,1,0,0,0,17,52,0,FINAL (ENTRADA MANUAL)
12,78,2,0,0,0,0,0,0,0,0,0,0,0,0,0,0,0,0,0,0,0,0,0,0,0,0,0,0,0,0,0,0,0,0,FINAL (ENTRADA MANUAL)
12,78,3,4,2,0,0,0,0,0,0,4,2,0,0,0,0,0,0,3,1,0,0,0,0,0,0,0,0,0,0,0,2,6,0,FINAL (ENTRADA MANUAL)
12,78,4,1,0,0,1,0,0,0,0,1,0,1,0,0,0,0,0,1,0,0,0,0,0,0,0,0,0,0,0,0,1,1,0,FINAL (ENTRADA MANUAL)
13,1,1,109,67,0,101,16,0,0,0,91,137,16,17,9,0,0,23,80,64,0,15,8,0,5,0,5,1,0,0,0,115,293,562,FINAL (ENTRADA MANUAL)
13,1,2,114,48,0,85,14,1,0,1,94,103,18,17,11,0,0,20,84,43,0,15,9,2,0,0,6,0,0,0,0,104,263,562,FINAL (ENTRADA MANUAL)
13,1,3,111,45,1,89,28,0,0,2,90,112,20,15,25,1,0,13,82,34,0,15,19,1,8,2,8,1,1,0,1,106,278,562,FINAL (ENTRADA MANUAL)
13,1,4,98,61,0,76,16,0,0,1,79,111,18,16,14,0,0,14,69,50,0,13,12,0,5,1,12,0,0,0,0,90,252,560,FINAL (ENTRADA MANUAL)
13,2,1,99,59,2,69,31,0,0,3,82,104,23,16,23,0,1,14,80,54,1,15,19,1,1,0,4,0,1,0,1,88,265,484,FINAL (ENTRADA MANUAL)
13,2,2,100,66,0,69,24,1,0,0,86,114,18,8,20,0,0,14,79,58,0,8,15,0,2,2,3,1,0,1,0,92,261,484,FINAL (ENTRADA MANUAL)
13,2,3,110,52,0,70,22,0,0,0,81,105,22,7,22,0,0,17,76,44,0,7,14,2,3,2,3,0,1,0,0,103,254,484,FINAL (ENTRADA MANUAL)
13,2,4,95,61,2,65,22,1,1,1,83,111,12,9,19,1,0,13,77,54,0,8,17,1,4,0,9,0,0,0,0,78,248,482,FINAL (ENTRADA MANUAL)
13,3,1,129,60,0,92,14,2,0,0,110,122,26,10,12,1,0,16,98,54,0,10,8,0,1,0,16,0,1,0,0,110,298,525,FINAL (ENTRADA MANUAL)
13,3,2,92,63,0,82,23,0,0,0,78,124,23,10,16,0,0,9,71,59,0,8,16,1,1,2,10,1,0,1,0,91,261,525,FINAL (ENTRADA MANUAL)
13,3,3,120,50,0,68,23,0,0,1,94,107,25,5,20,0,0,11,80,44,0,4,15,6,2,1,5,0,0,1,0,105,263,525,FINAL (ENTRADA MANUAL)
13,3,4,106,49,0,89,30,0,0,0,76,115,29,13,27,0,0,14,67,46,0,13,20,1,2,0,7,0,0,0,0,118,274,525,FINAL (ENTRADA MANUAL)
13,3,5,100,47,0,84,15,0,0,0,79,105,20,13,15,1,0,13,71,35,0,12,8,2,4,0,3,0,0,0,0,111,246,525,FINAL (ENTRADA MANUAL)
13,3,6,117,43,1,92,29,0,1,0,98,110,22,19,27,0,0,7,89,39,0,17,21,3,5,1,9,2,0,0,0,97,283,525,FINAL (ENTRADA MANUAL)
13,4,1,72,49,0,133,17,1,0,1,59,142,33,18,14,0,0,7,50,46,0,15,11,5,4,0,8,1,1,1,0,133,275,447,FINAL (ENTRADA MANUAL)
13,4,2,88,37,0,136,28,0,0,0,73,135,37,15,23,0,0,6,64,30,0,10,19,3,4,1,16,1,0,0,1,141,290,447,FINAL (ENTRADA MANUAL)
13,4,3,79,31,0,129,34,0,0,0,66,114,46,15,26,0,0,6,58,28,0,12,20,2,3,1,9,4,0,0,0,136,273,447,FINAL (ENTRADA MANUAL)
13,4,4,78,45,1,144,27,0,0,0,64,145,42,20,20,0,0,4,53,38,1,17,16,1,5,0,17,1,0,0,0,146,295,447,FINAL (ENTRADA MANUAL)
13,4,5,72,41,0,139,28,0,0,0,67,127,47,13,20,0,0,6,62,37,0,10,19,0,2,0,22,3,0,0,0,125,280,447,FINAL (ENTRADA MANUAL)
13,4,6,78,51,0,124,25,0,0,1,64,142,24,16,25,1,0,7,55,46,0,12,19,3,4,1,12,2,0,0,0,125,279,447,FINAL (ENTRADA MANUAL)
13,4,7,84,33,0,131,19,0,0,0,75,133,34,8,15,0,0,2,61,29,0,7,10,5,2,1,14,0,0,0,0,138,267,446,FINAL (ENTRADA MANUAL)
13,5,1,86,88,1,111,14,0,0,0,80,149,28,17,16,0,0,10,71,78,1,14,10,2,2,0,11,0,0,0,0,111,300,506,FINAL (ENTRADA MANUAL)
13,5,2,97,44,2,108,23,0,0,1,82,106,27,29,17,0,0,14,71,37,0,25,13,1,5,0,12,0,0,0,0,111,275,506,FINAL (ENTRADA MANUAL)
13,5,3,99,42,0,112,22,0,0,1,76,119,38,17,16,0,0,10,64,38,0,15,12,5,1,1,9,1,0,0,0,130,276,506,FINAL (ENTRADA MANUAL)
13,5,4,92,47,0,101,14,1,0,0,80,105,25,18,17,1,0,9,64,40,0,15,12,2,0,1,12,0,0,0,1,109,256,506,FINAL (ENTRADA MANUAL)
13,5,5,97,63,0,91,19,0,0,2,81,130,21,13,18,1,0,8,70,52,0,10,12,2,4,0,12,0,0,0,0,110,272,508,FINAL (ENTRADA MANUAL)
13,6,1,109,56,1,76,12,0,0,0,85,97,23,18,9,1,0,21,75,45,1,18,6,1,1,2,5,0,0,0,0,100,254,503,FINAL (ENTRADA MANUAL)
13,6,2,99,58,0,83,13,0,0,0,87,106,16,17,12,0,0,15,84,51,0,17,10,3,1,0,5,1,2,0,1,81,256,503,FINAL (ENTRADA MANUAL)
13,6,3,98,58,0,72,9,0,0,1,87,111,14,11,6,0,0,9,81,48,0,8,5,0,0,0,7,1,0,0,1,88,239,503,FINAL (ENTRADA MANUAL)
13,6,4,117,50,0,78,20,2,0,1,101,111,19,13,15,0,0,9,87,47,0,12,13,3,0,0,9,0,0,0,0,97,268,503,FINAL (ENTRADA MANUAL)
13,6,5,96,60,0,86,12,0,0,0,71,123,24,9,12,0,0,15,57,50,0,8,8,1,0,0,4,1,1,0,0,125,255,503,FINAL (ENTRADA MANUAL)
13,6,6,91,56,0,82,11,2,0,0,80,111,17,13,13,0,0,8,63,49,0,11,7,0,2,0,7,1,0,0,0,102,242,502,FINAL (ENTRADA MANUAL)
13,7,1,87,40,0,109,24,0,0,1,77,109,29,14,24,0,0,8,69,35,0,13,19,0,2,0,15,2,1,0,1,106,263,458,FINAL (ENTRADA MANUAL)
13,7,2,82,51,0,103,21,0,0,0,70,116,31,12,22,1,0,5,61,45,0,11,17,2,2,3,13,0,0,0,0,103,257,458,FINAL (ENTRADA MANUAL)
13,7,3,95,28,0,103,38,0,0,0,72,101,36,12,34,0,0,9,64,26,0,10,28,4,2,1,3,0,0,0,0,126,264,458,FINAL (ENTRADA MANUAL)
13,7,4,84,39,1,100,28,0,0,0,65,111,30,16,23,0,0,7,53,35,0,13,19,0,5,0,6,2,1,0,0,119,253,458,FINAL (ENTRADA MANUAL)
13,7,5,85,39,0,105,27,0,0,0,64,122,23,10,21,0,0,16,59,33,0,9,16,3,1,0,9,3,0,0,0,123,256,458,FINAL (ENTRADA MANUAL)
13,7,6,89,42,0,112,23,0,0,0,75,124,34,13,14,0,0,6,68,38,0,12,9,0,1,0,14,1,0,0,0,123,266,459,FINAL (ENTRADA MANUAL)
13,8,1,106,51,0,97,19,0,0,0,84,119,23,13,15,2,0,17,75,43,0,12,13,0,1,2,12,1,1,0,0,114,273,493,FINAL (ENTRADA MANUAL)
13,8,2,76,62,0,98,21,2,0,0,65,135,30,9,14,0,0,6,58,56,0,8,12,0,0,0,10,1,0,0,0,114,259,493,FINAL (ENTRADA MANUAL)
13,8,3,89,68,3,114,21,0,0,1,73,144,38,12,18,0,0,11,68,58,3,10,13,1,2,0,10,2,2,0,0,129,298,494,FINAL (ENTRADA MANUAL)
13,9,1,108,35,0,82,11,0,0,0,89,90,24,9,8,0,0,16,78,26,0,7,7,1,5,0,10,0,0,0,0,102,236,497,FINAL (ENTRADA MANUAL)
13,9,2,94,43,0,91,13,0,0,2,81,100,27,15,8,0,0,12,75,41,0,10,6,0,5,0,12,1,0,0,0,93,243,497,FINAL (ENTRADA MANUAL)
13,9,3,110,40,0,87,8,1,1,0,99,92,20,16,6,0,0,14,90,34,0,12,5,2,7,0,9,0,0,0,1,88,248,496,FINAL (ENTRADA MANUAL)
13,10,1,98,38,0,63,17,0,2,0,87,76,18,10,16,0,0,11,76,30,0,7,11,2,2,1,3,0,0,0,0,86,218,470,FINAL (ENTRADA MANUAL)
13,10,2,86,38,0,81,23,0,0,1,70,78,25,17,21,0,1,17,62,28,0,17,15,0,2,3,7,1,3,0,0,94,232,470,FINAL (ENTRADA MANUAL)
13,10,3,103,34,0,63,20,0,0,0,85,74,19,9,17,0,0,16,68,26,0,5,10,3,0,1,3,0,0,0,0,104,220,470,FINAL (ENTRADA MANUAL)
13,10,4,100,46,0,60,20,0,0,0,83,87,15,9,16,0,0,16,73,43,0,7,15,1,3,2,4,0,0,0,0,78,226,470,FINAL (ENTRADA MANUAL)
13,10,5,83,28,0,63,17,0,0,1,68,68,15,14,13,0,0,14,54,25,0,13,10,0,0,2,3,0,1,1,0,85,194,470,FINAL (ENTRADA MANUAL)
13,10,6,92,49,0,57,16,0,0,2,71,90,13,7,15,1,0,19,58,42,0,6,13,0,0,0,10,0,1,0,0,87,217,471,FINAL (ENTRADA MANUAL)
13,11,1,93,54,0,148,29,1,0,0,88,147,40,26,19,1,1,3,79,45,0,24,14,1,4,0,16,2,0,0,0,140,325,449,FINAL (ENTRADA MANUAL)
13,11,2,69,28,0,146,18,1,0,0,59,119,45,18,15,0,0,6,51,26,0,15,9,2,5,2,20,3,0,0,0,129,262,449,FINAL (ENTRADA MANUAL)
13,11,3,69,28,2,169,19,2,1,0,62,156,35,17,14,0,0,6,55,27,1,16,9,5,1,2,17,1,0,1,0,156,291,449,FINAL (ENTRADA MANUAL)
13,11,4,86,33,0,147,25,0,0,1,79,127,45,22,14,0,0,5,67,31,0,19,9,1,3,0,13,1,0,0,0,148,292,449,FINAL (ENTRADA MANUAL)
13,11,5,72,42,0,157,18,1,1,1,59,142,48,21,17,2,0,3,49,34,0,19,11,2,1,1,11,2,1,0,0,162,293,449,FINAL (ENTRADA MANUAL)
13,11,6,73,24,1,156,21,0,0,0,66,120,57,13,16,0,0,3,56,19,1,8,13,0,4,0,21,0,0,0,1,153,276,449,FINAL (ENTRADA MANUAL)
13,11,7,68,41,0,161,20,0,0,0,56,150,48,13,18,1,0,4,51,34,0,11,11,0,2,0,19,0,0,0,0,162,290,449,FINAL (ENTRADA MANUAL)
13,11,8,89,20,0,116,24,0,0,1,73,98,42,12,17,0,0,8,69,19,0,9,15,4,5,2,13,2,0,0,0,112,250,449,FINAL (ENTRADA MANUAL)
13,11,9,65,40,1,131,27,2,0,1,57,128,40,18,20,0,0,4,48,32,1,15,17,2,2,1,10,2,0,0,0,137,267,449,FINAL (ENTRADA MANUAL)
13,11,10,45,41,1,156,22,0,1,1,30,143,47,23,19,0,1,4,29,36,1,21,15,3,4,2,20,4,0,0,1,132,268,449,FINAL (ENTRADA MANUAL)
13,11,11,82,37,0,133,24,0,0,1,62,123,52,13,20,0,0,7,51,32,0,13,17,1,1,1,14,0,0,0,0,147,277,449,FINAL (ENTRADA MANUAL)
13,11,12,71,28,0,154,23,0,0,0,60,138,46,10,19,0,0,3,54,26,0,9,15,3,3,2,13,1,0,0,1,150,277,450,FINAL (ENTRADA MANUAL)
13,12,1,90,58,0,77,14,0,0,0,77,101,21,16,14,0,0,10,66,49,0,13,10,2,2,2,8,1,0,0,0,86,239,480,FINAL (ENTRADA MANUAL)
13,12,2,101,48,0,88,11,0,0,1,89,105,27,9,9,0,0,10,78,41,0,9,4,0,3,3,9,1,1,0,0,101,250,480,FINAL (ENTRADA MANUAL)
13,12,3,94,45,1,90,11,0,0,0,75,113,26,11,5,0,0,11,63,39,1,9,3,1,0,3,9,0,2,0,0,113,243,481,FINAL (ENTRADA MANUAL)
13,13,1,106,42,0,104,16,0,1,0,87,96,40,21,12,0,0,13,82,33,0,20,11,1,0,1,6,0,1,1,0,115,271,514,FINAL (ENTRADA MANUAL)
13,13,2,92,47,1,108,30,0,0,0,74,136,26,19,15,0,0,8,68,41,1,18,13,0,2,1,4,1,0,0,0,129,278,514,FINAL (ENTRADA MANUAL)
13,13,3,91,65,1,107,14,0,0,1,71,133,28,17,17,0,0,13,61,54,1,12,6,1,2,0,8,2,0,1,0,132,279,514,FINAL (ENTRADA MANUAL)
13,13,4,103,53,1,86,18,1,1,0,84,105,29,18,16,0,1,10,70,48,1,15,12,3,1,1,7,0,3,0,0,105,266,514,FINAL (ENTRADA MANUAL)
13,13,5,98,55,2,98,21,1,0,1,88,111,28,22,17,0,0,10,74,45,0,18,10,2,2,1,5,0,2,0,1,119,279,515,FINAL (ENTRADA MANUAL)
13,14,1,97,22,1,156,24,0,0,0,74,149,39,12,23,0,0,3,68,19,1,9,16,2,6,1,17,1,0,0,0,160,300,447,FINAL (ENTRADA MANUAL)
13,14,2,92,42,0,146,24,0,0,0,74,149,37,20,17,0,0,7,71,34,0,17,17,4,2,3,17,3,0,0,0,136,304,447,FINAL (ENTRADA MANUAL)
13,14,3,86,41,0,156,13,0,0,0,69,143,48,22,12,0,0,2,62,38,0,19,9,2,1,4,29,1,0,0,0,131,296,447,FINAL (ENTRADA MANUAL)
13,14,4,91,41,0,121,30,0,0,0,78,123,41,11,22,0,0,8,66,34,0,8,14,4,2,0,14,4,0,0,0,137,283,447,FINAL (ENTRADA MANUAL)
13,14,5,91,24,0,149,23,0,0,1,80,123,43,19,15,0,0,8,69,22,0,15,12,1,6,0,20,2,0,0,0,141,288,447,FINAL (ENTRADA MANUAL)
13,14,6,97,31,1,143,19,0,0,1,79,140,33,14,15,0,0,11,74,25,0,10,11,4,4,3,17,1,0,0,0,143,292,446,FINAL (ENTRADA MANUAL)
13,72,1,979,219,0,66,12,0,5,0,931,291,27,6,9,0,1,16,902,202,0,6,4,17,5,2,12,2,0,2,4,129,1287,0,FINAL (ENTRADA MANUAL)
13,72,2,124,45,0,9,2,0,0,0,119,54,2,0,3,0,0,2,118,45,0,0,2,1,1,0,4,0,5,0,0,9,185,0,FINAL (ENTRADA MANUAL)
13,72,3,948,246,0,217,57,1,8,0,912,390,76,26,49,0,4,20,854,225,0,24,36,20,19,0,43,2,0,0,16,254,1495,0,FINAL (ENTRADA MANUAL)
13,72,4,122,66,0,16,5,2,1,1,122,74,6,4,5,0,1,2,117,63,0,2,4,3,0,0,6,0,5,0,0,18,218,0,FINAL (ENTRADA MANUAL)
13,72,5,114,37,0,21,5,0,1,0,110,54,5,4,3,0,0,2,107,34,0,4,2,3,0,0,5,0,0,0,0,23,178,0,FINAL (ENTRADA MANUAL)
13,72,6,6,7,0,2,2,0,0,0,6,9,0,1,1,0,0,0,6,7,0,1,0,0,0,0,0,0,0,0,0,3,17,0,FINAL (ENTRADA MANUAL)
13,72,7,67,10,0,5,0,0,0,1,66,17,0,0,0,0,0,0,64,9,0,0,0,1,0,0,1,0,0,0,0,8,83,0,FINAL (ENTRADA MANUAL)
13,72,8,4,3,0,5,1,0,0,0,6,6,1,0,0,0,0,0,4,2,0,0,0,1,0,0,2,0,1,0,0,4,14,0,FINAL (ENTRADA MANUAL)
13,72,9,7,1,0,2,0,0,0,0,7,1,1,1,0,0,0,0,7,0,0,1,0,0,0,0,0,0,0,0,0,2,10,0,FINAL (ENTRADA MANUAL)
13,72,10,1,1,0,1,0,0,0,0,0,2,1,0,0,0,0,0,0,1,0,0,0,0,0,0,1,0,0,0,0,1,3,0,FINAL (ENTRADA MANUAL)
13,72,11,0,0,0,0,0,0,0,0,0,0,0,0,0,0,0,0,0,0,0,0,0,0,0,0,0,0,0,0,0,0,0,0,FINAL (ENTRADA MANUAL)
13,72,12,1,1,0,1,0,0,0,0,0,2,1,0,0,0,0,0,0,1,0,0,0,0,0,0,1,0,0,0,0,1,3,0,FINAL (ENTRADA MANUAL)
13,73,1,21,53,0,4,2,0,0,0,20,55,2,0,2,0,0,1,20,50,0,0,2,0,0,0,0,0,0,0,0,8,80,0,FINAL (ENTRADA MANUAL)
13,73,2,10,17,0,4,0,0,0,0,9,17,1,0,0,0,0,4,9,13,0,0,0,0,0,1,0,0,0,0,0,8,31,0,FINAL (ENTRADA MANUAL)
13,74,1,6,3,0,3,0,0,0,0,6,6,0,0,0,0,0,0,6,3,0,0,0,0,0,0,1,0,0,0,0,2,12,0,FINAL (ENTRADA MANUAL)
13,74,2,0,0,0,0,0,0,0,0,0,0,0,0,0,0,0,0,0,0,0,0,0,0,0,0,0,0,0,0,0,0,0,0,FINAL (ENTRADA MANUAL)
13,75,1,3,1,0,0,2,0,1,0,3,1,0,0,1,0,0,2,3,0,0,0,0,0,0,0,0,0,0,1,0,4,8,0,FINAL (ENTRADA MANUAL)
13,76,1,27,1,0,3,1,0,0,0,16,5,0,0,2,0,0,9,12,0,0,0,1,2,0,0,1,0,1,0,0,16,33,0,FINAL (ENTRADA MANUAL)
13,76,2,0,0,0,0,0,0,0,0,0,0,0,0,0,0,0,0,0,0,0,0,0,0,0,0,0,0,0,0,0,0,0,0,FINAL (ENTRADA MANUAL)
13,76,3,4,0,0,2,0,0,0,0,5,0,0,0,1,0,0,0,3,0,0,0,0,0,0,0,0,0,0,0,0,3,6,0,FINAL (ENTRADA MANUAL)
13,76,4,1,0,0,0,0,0,0,0,1,0,0,0,0,0,0,1,1,0,0,0,0,0,0,0,0,0,0,0,0,1,2,0,FINAL (ENTRADA MANUAL)
13,77,1,8,3,0,16,4,0,0,0,4,18,8,1,0,0,0,0,3,3,0,1,0,2,0,0,3,0,0,0,0,19,19,0,FINAL (ENTRADA MANUAL)
13,77,2,9,6,0,68,4,0,0,0,10,32,37,5,2,0,0,1,8,6,0,5,2,0,0,2,12,0,0,0,0,52,87,0,FINAL (ENTRADA MANUAL)
13,77,3,0,0,0,0,0,0,0,0,0,0,0,0,0,0,0,0,0,0,0,0,0,0,0,0,0,0,0,0,0,0,0,0,FINAL (ENTRADA MANUAL)
13,77,4,1,0,0,0,0,0,0,0,0,2,3,0,0,0,0,1,0,0,0,0,0,0,1,0,0,0,0,0,0,5,6,0,FINAL (ENTRADA MANUAL)
13,77,5,0,1,0,1,0,0,0,0,0,1,1,0,0,0,0,0,0,1,0,0,0,0,0,0,0,0,0,0,0,1,2,0,FINAL (ENTRADA MANUAL)
13,77,6,5,1,0,5,0,0,0,0,5,6,9,1,0,0,0,0,5,1,0,1,0,0,0,0,2,0,0,0,0,12,21,0,FINAL (ENTRADA MANUAL)
13,78,1,68,29,0,42,14,0,0,2,52,60,11,5,12,0,0,15,44,23,0,2,9,1,0,0,3,0,0,0,0,73,152,0,FINAL (ENTRADA MANUAL)
13,78,2,6,2,0,3,0,0,0,0,4,3,0,2,0,0,0,2,3,2,0,2,0,0,0,0,0,0,0,0,0,4,11,0,FINAL (ENTRADA MANUAL)
13,78,3,6,5,0,4,1,0,0,0,4,6,1,1,1,0,0,3,3,4,0,1,1,0,0,0,0,0,0,0,0,7,16,0,FINAL (ENTRADA MANUAL)
13,78,4,2,0,0,3,0,0,0,0,1,2,2,0,0,0,0,0,1,0,0,0,0,0,0,0,1,0,0,0,0,3,5,0,FINAL (ENTRADA MANUAL)
14,1,1,97,32,0,122,43,0,0,0,93,107,35,16,32,1,0,10,84,29,0,11,28,1,4,0,13,4,0,0,0,120,294,470,FINAL (ENTRADA MANUAL)
14,1,2,99,34,0,117,30,0,0,0,87,127,29,11,23,0,0,3,74,25,0,10,22,1,2,0,15,0,1,0,0,131,281,470,FINAL (ENTRADA MANUAL)
14,1,3,86,44,1,104,23,0,0,0,74,111,35,11,19,0,0,8,67,39,0,11,13,0,1,0,12,1,0,0,0,114,258,470,FINAL (ENTRADA MANUAL)
14,1,4,91,32,0,131,31,0,0,1,83,112,38,15,27,0,0,11,77,31,0,12,24,1,1,1,15,2,2,0,0,122,288,470,FINAL (ENTRADA MANUAL)
14,2,1,97,34,0,120,16,1,0,0,74,113,38,16,14,1,0,12,63,27,0,14,10,2,3,0,16,1,1,0,0,132,269,449,FINAL (ENTRADA MANUAL)
14,2,2,87,29,0,122,10,0,0,1,70,125,31,13,5,0,0,5,61,22,0,12,4,2,3,0,6,0,2,1,0,139,252,449,FINAL (ENTRADA MANUAL)
14,2,3,67,38,1,121,7,0,0,0,55,106,44,18,7,0,0,4,46,29,1,15,3,4,2,0,15,0,0,0,0,119,234,449,FINAL (ENTRADA MANUAL)
14,2,4,82,42,0,123,18,0,0,1,63,116,36,19,15,0,1,16,53,34,0,16,9,2,0,0,13,2,2,0,0,137,268,448,FINAL (ENTRADA MANUAL)
14,3,1,107,42,0,61,21,0,0,3,83,84,9,14,16,0,1,27,72,30,0,11,12,2,1,0,3,0,0,0,0,103,234,511,FINAL (ENTRADA MANUAL)
14,3,2,110,35,0,49,28,0,0,0,84,72,7,13,19,0,0,27,72,30,0,10,15,2,2,0,5,0,1,0,0,86,223,511,FINAL (ENTRADA MANUAL)
14,3,3,128,42,0,47,23,1,1,1,108,68,13,9,15,0,0,30,93,34,0,5,12,1,1,0,1,1,1,0,0,95,244,511,FINAL (ENTRADA MANUAL)
14,3,4,130,53,0,40,28,0,0,0,107,81,14,7,25,0,0,17,99,49,0,7,20,2,0,1,2,0,1,0,0,71,252,511,FINAL (ENTRADA MANUAL)
14,3,5,134,32,0,68,26,0,0,1,114,82,17,11,17,0,0,20,100,25,0,8,12,4,2,0,5,1,0,0,0,104,261,511,FINAL (ENTRADA MANUAL)
14,3,6,126,36,1,67,16,1,0,0,106,63,20,13,18,2,1,24,89,26,0,11,11,1,3,0,7,0,0,0,1,99,248,512,FINAL (ENTRADA MANUAL)
14,4,1,89,38,0,130,19,0,0,1,71,130,34,19,14,0,0,9,58,29,0,15,8,2,6,1,14,4,0,0,0,140,277,437,FINAL (ENTRADA MANUAL)
14,4,2,82,34,0,124,18,0,1,0,69,109,40,18,17,0,0,6,64,29,0,13,12,0,1,1,17,0,0,0,0,122,259,437,FINAL (ENTRADA MANUAL)
14,4,3,68,20,0,138,18,1,0,0,59,100,44,21,14,0,0,7,49,15,0,19,9,3,0,2,16,1,0,0,0,131,245,437,FINAL (ENTRADA MANUAL)
14,4,4,87,39,0,121,21,0,0,0,77,106,41,17,19,0,0,8,65,34,0,12,11,1,3,0,15,2,0,1,0,125,269,437,FINAL (ENTRADA MANUAL)
14,4,5,76,29,1,125,19,0,0,1,60,113,40,18,10,0,0,10,53,21,1,13,8,5,1,0,14,0,0,0,0,135,251,438,FINAL (ENTRADA MANUAL)
14,5,1,104,55,1,70,10,0,0,3,79,101,17,19,9,0,0,18,71,46,1,17,6,1,1,0,8,0,0,0,0,92,243,461,FINAL (ENTRADA MANUAL)
14,5,2,120,44,0,59,20,0,0,0,89,83,13,15,18,0,1,24,85,38,0,13,13,1,0,0,4,0,0,0,0,89,243,461,FINAL (ENTRADA MANUAL)
14,6,1,49,25,0,153,14,0,0,1,43,121,47,16,9,0,0,6,34,24,0,16,8,2,5,2,20,2,0,1,0,129,243,336,FINAL (ENTRADA MANUAL)
14,6,2,66,31,0,117,19,0,0,1,58,104,40,10,14,0,0,8,50,25,0,9,9,2,1,1,20,0,0,0,0,117,234,336,FINAL (ENTRADA MANUAL)
14,6,3,54,29,0,120,20,1,0,1,43,95,42,18,17,0,0,10,35,26,0,12,14,1,4,2,18,1,0,0,0,112,225,335,FINAL (ENTRADA MANUAL)
14,7,1,95,31,1,97,16,1,0,1,75,111,25,7,12,1,0,11,68,22,0,6,10,2,0,4,18,2,1,1,0,110,244,347,FINAL (ENTRADA MANUAL)
14,7,2,75,26,0,79,23,1,0,0,61,86,20,8,25,0,0,4,50,24,0,6,20,2,0,2,8,1,0,0,0,91,204,347,FINAL (ENTRADA MANUAL)
14,7,3,74,34,0,83,13,0,0,0,62,98,20,10,7,0,0,7,49,30,0,10,6,2,2,2,5,3,0,0,0,95,204,348,FINAL (ENTRADA MANUAL)
14,8,1,93,44,0,110,21,0,1,0,75,121,31,15,18,0,1,8,64,37,0,14,15,2,3,1,11,1,0,0,0,121,269,462,FINAL (ENTRADA MANUAL)
14,8,2,92,31,0,104,17,1,0,0,80,96,26,20,13,0,0,10,74,24,0,16,13,2,3,0,9,0,1,0,0,104,246,462,FINAL (ENTRADA MANUAL)
14,8,3,84,30,0,106,17,0,0,0,71,94,29,20,15,0,0,8,58,24,0,16,13,2,0,0,10,0,1,0,0,114,238,462,FINAL (ENTRADA MANUAL)
14,8,4,80,47,0,106,24,1,0,1,61,125,36,10,18,0,0,9,52,40,0,9,16,1,1,2,11,2,0,0,0,125,259,462,FINAL (ENTRADA MANUAL)
14,8,5,64,33,0,130,22,1,0,2,61,101,45,21,17,0,1,6,54,30,0,19,14,0,2,1,11,2,0,0,0,119,252,462,FINAL (ENTRADA MANUAL)
14,8,6,85,31,0,92,10,0,0,1,68,91,26,14,10,0,0,10,59,26,0,11,5,1,1,0,7,0,1,0,0,109,220,462,FINAL (ENTRADA MANUAL)
14,8,7,82,25,1,105,20,1,0,1,65,95,37,9,15,1,0,13,61,23,0,6,12,1,1,1,13,0,1,0,0,117,236,462,FINAL (ENTRADA MANUAL)
14,8,8,87,31,0,106,17,0,2,0,76,90,34,17,13,0,0,12,66,23,0,15,11,2,2,3,13,0,0,0,0,107,242,460,FINAL (ENTRADA MANUAL)
14,9,1,83,40,1,82,21,0,0,0,66,104,24,10,15,0,0,8,57,34,1,8,10,6,1,0,15,2,0,0,0,93,227,444,FINAL (ENTRADA MANUAL)
14,9,2,98,50,1,76,21,0,1,0,72,108,28,12,16,0,0,11,65,43,0,10,13,3,1,2,4,1,0,0,0,105,247,444,FINAL (ENTRADA MANUAL)
14,9,3,100,45,0,78,17,2,0,1,78,104,25,10,14,0,0,12,72,37,0,9,8,1,2,1,3,3,0,0,0,107,243,444,FINAL (ENTRADA MANUAL)
14,9,4,89,52,0,83,30,0,0,0,66,121,19,14,24,0,0,10,51,45,0,12,20,2,0,2,8,2,0,0,1,112,255,444,FINAL (ENTRADA MANUAL)
14,9,5,93,39,0,89,19,0,0,0,72,105,22,12,22,0,0,7,59,32,0,8,16,1,2,1,7,1,0,0,0,113,240,444,FINAL (ENTRADA MANUAL)
14,9,6,117,40,1,71,21,0,0,0,96,93,20,13,21,0,0,7,88,34,1,10,15,3,1,0,8,0,0,0,0,90,250,444,FINAL (ENTRADA MANUAL)
14,9,7,76,28,1,100,23,0,0,0,58,99,28,13,22,0,0,8,46,27,0,11,19,1,1,0,8,0,0,0,0,115,228,442,FINAL (ENTRADA MANUAL)
14,10,1,47,14,0,33,2,0,0,0,41,31,11,9,1,0,0,3,36,12,0,8,0,0,2,0,2,1,2,0,0,35,98,146,FINAL (ENTRADA MANUAL)
14,11,1,98,36,0,44,12,0,0,1,83,73,6,7,11,0,0,11,77,33,0,5,7,0,2,1,2,0,0,0,0,64,191,380,FINAL (ENTRADA MANUAL)
14,11,2,96,58,0,35,14,0,0,0,82,88,7,7,10,0,0,9,71,51,0,7,8,0,1,0,1,0,2,0,0,64,205,380,FINAL (ENTRADA MANUAL)
14,11,3,85,46,0,35,14,0,0,1,77,72,5,5,10,0,0,12,59,33,0,4,5,1,0,0,3,0,0,1,0,76,182,381,FINAL (ENTRADA MANUAL)
14,12,1,106,41,0,51,18,1,1,0,84,70,14,9,21,1,0,19,71,33,0,8,14,2,0,1,1,0,1,0,0,88,219,496,FINAL (ENTRADA MANUAL)
14,12,2,110,42,0,86,14,0,0,0,97,82,24,15,12,0,0,22,82,36,0,13,9,1,1,1,6,0,1,0,1,103,254,496,FINAL (ENTRADA MANUAL)
14,12,3,105,30,0,86,30,0,1,1,87,85,19,12,26,0,1,23,74,23,0,9,23,0,4,2,5,1,2,0,0,112,255,496,FINAL (ENTRADA MANUAL)
14,12,4,80,29,0,93,18,0,0,0,65,77,43,7,18,1,0,9,60,22,0,5,12,3,0,0,5,0,0,0,0,113,220,496,FINAL (ENTRADA MANUAL)
14,12,5,107,44,0,78,24,1,0,1,89,90,30,9,19,0,0,18,75,33,0,8,15,3,0,0,9,1,0,0,0,111,255,496,FINAL (ENTRADA MANUAL)
14,12,6,111,32,0,84,19,0,0,0,92,82,28,15,19,0,0,10,78,26,0,14,11,0,1,1,11,2,0,0,0,102,246,496,FINAL (ENTRADA MANUAL)
14,12,7,98,35,0,76,29,1,0,1,85,76,32,6,23,0,0,18,72,29,0,6,15,6,1,1,8,1,1,0,0,101,241,496,FINAL (ENTRADA MANUAL)
14,12,8,124,40,0,71,24,0,0,0,109,83,20,10,20,0,0,17,102,35,0,8,17,3,0,0,8,1,0,1,0,85,260,493,FINAL (ENTRADA MANUAL)
14,13,1,73,36,0,117,12,0,0,1,60,108,32,17,15,0,0,7,54,30,0,15,10,1,2,1,11,0,0,1,0,115,240,419,FINAL (ENTRADA MANUAL)
14,13,2,75,32,0,105,16,0,0,0,63,94,32,18,14,0,0,7,56,29,0,15,10,2,1,0,14,2,0,0,0,99,228,419,FINAL (ENTRADA MANUAL)
14,13,3,82,37,0,117,18,0,0,0,65,120,32,14,16,0,0,7,56,31,0,10,13,2,5,2,12,2,4,0,0,121,258,419,FINAL (ENTRADA MANUAL)
14,13,4,80,36,0,103,11,0,0,1,74,99,27,14,5,0,0,12,62,26,0,12,4,4,1,2,16,0,0,0,0,104,231,419,FINAL (ENTRADA MANUAL)
14,13,5,88,29,0,101,17,0,0,2,68,111,28,8,18,0,0,4,63,20,0,7,10,1,2,3,13,2,0,0,0,116,237,419,FINAL (ENTRADA MANUAL)
14,13,6,92,27,0,93,21,0,2,0,74,94,27,11,18,0,0,11,65,21,0,8,12,2,2,1,8,0,0,1,0,116,236,421,FINAL (ENTRADA MANUAL)
14,14,1,71,54,0,44,18,0,0,1,54,88,10,8,12,0,0,16,49,49,0,5,10,1,1,1,6,0,2,1,0,66,191,342,FINAL (ENTRADA MANUAL)
14,14,2,72,43,0,52,8,0,0,1,58,81,15,7,5,0,0,10,47,36,0,5,4,1,2,1,7,1,1,0,0,72,177,342,FINAL (ENTRADA MANUAL)
14,14,3,68,62,1,69,7,0,0,0,54,101,28,5,5,0,1,13,43,53,1,4,4,1,0,0,4,0,0,0,0,97,207,341,FINAL (ENTRADA MANUAL)
14,15,1,120,49,0,84,23,0,0,0,109,95,34,7,17,0,0,14,97,38,0,7,13,3,1,4,7,2,1,0,0,104,277,485,FINAL (ENTRADA MANUAL)
14,15,2,88,40,0,80,19,0,0,1,74,100,16,14,12,0,0,12,66,30,0,12,10,2,0,1,4,0,1,0,0,103,229,485,FINAL (ENTRADA MANUAL)
14,15,3,100,40,1,63,13,0,0,2,86,76,17,6,17,0,0,17,70,31,0,4,10,0,1,0,4,0,0,0,0,99,219,485,FINAL (ENTRADA MANUAL)
14,15,4,109,50,0,46,29,0,1,0,103,87,15,5,17,0,0,8,84,45,0,4,12,4,0,1,2,0,0,0,0,83,235,485,FINAL (ENTRADA MANUAL)
14,15,5,89,49,1,68,17,0,2,1,70,96,20,12,10,0,1,18,55,41,0,12,9,3,1,0,8,1,0,0,0,97,227,485,FINAL (ENTRADA MANUAL)
14,15,6,77,35,0,72,24,2,0,0,67,80,26,10,20,0,0,7,54,29,0,10,18,0,0,0,6,0,0,0,0,93,210,487,FINAL (ENTRADA MANUAL)
14,16,1,94,30,0,89,19,0,0,1,72,105,25,13,13,0,0,5,64,23,0,11,12,1,3,0,6,1,1,0,0,112,234,364,FINAL (ENTRADA MANUAL)
14,16,2,80,31,0,93,23,1,0,1,67,102,19,14,16,0,0,11,54,24,0,12,11,0,3,0,13,0,1,0,0,112,230,364,FINAL (ENTRADA MANUAL)
14,17,1,120,49,1,81,19,0,0,1,93,100,26,14,14,1,0,23,74,37,1,12,11,3,2,0,2,0,2,0,0,129,273,494,FINAL (ENTRADA MANUAL)
14,17,2,94,48,1,95,15,0,0,0,80,118,28,10,11,0,0,6,64,40,1,6,7,2,1,1,7,0,0,0,0,124,253,494,FINAL (ENTRADA MANUAL)
14,17,3,99,43,0,94,23,1,0,1,83,105,36,9,19,0,0,9,70,34,0,5,15,1,1,0,13,0,1,0,1,122,263,494,FINAL (ENTRADA MANUAL)
14,17,4,101,31,1,79,20,4,1,1,83,81,28,9,20,0,0,17,67,27,1,7,14,0,0,0,11,0,0,0,0,111,238,494,FINAL (ENTRADA MANUAL)
14,17,5,102,29,0,76,28,0,0,1,88,76,30,14,19,0,0,9,75,23,0,10,15,3,1,1,13,1,0,0,0,94,236,494,FINAL (ENTRADA MANUAL)
14,17,6,93,37,0,85,22,0,0,0,70,105,26,12,15,0,0,9,61,30,0,10,12,1,1,0,5,2,1,0,0,115,238,491,FINAL (ENTRADA MANUAL)
14,18,1,111,50,0,82,23,2,1,0,81,108,25,12,16,1,0,26,72,41,0,9,14,3,0,1,8,1,1,0,0,120,270,530,FINAL (ENTRADA MANUAL)
14,18,2,100,36,0,71,22,0,0,2,73,91,22,13,16,0,0,16,62,27,0,11,11,3,0,0,13,2,0,0,0,102,231,530,FINAL (ENTRADA MANUAL)
14,18,3,98,37,0,70,27,0,0,0,81,100,14,13,11,1,0,12,63,30,0,13,8,1,0,0,10,3,0,0,0,104,232,530,FINAL (ENTRADA MANUAL)
14,18,4,116,37,0,91,33,0,0,1,95,101,23,15,32,0,0,12,82,31,0,13,24,3,2,0,4,2,0,1,0,117,279,531,FINAL (ENTRADA MANUAL)
14,19,1,80,49,0,127,20,2,0,0,74,131,31,14,12,0,1,15,56,44,0,13,11,3,1,2,16,0,0,0,0,132,278,447,FINAL (ENTRADA MANUAL)
14,19,2,102,42,1,102,25,2,1,0,89,111,38,14,17,0,0,6,77,39,1,11,14,0,3,0,15,1,0,0,1,114,276,447,FINAL (ENTRADA MANUAL)
14,19,3,99,39,2,114,19,1,0,0,87,115,35,12,15,0,0,10,75,31,1,10,13,0,4,1,21,1,0,0,0,117,274,447,FINAL (ENTRADA MANUAL)
14,19,4,84,49,0,114,19,0,0,1,74,122,35,11,12,0,0,13,63,44,0,10,8,1,3,0,14,0,0,0,0,124,267,447,FINAL (ENTRADA MANUAL)
14,19,5,87,42,1,96,20,1,0,1,79,98,24,18,18,2,0,9,70,33,1,16,13,2,3,1,8,0,0,0,0,101,248,446,FINAL (ENTRADA MANUAL)
14,20,1,106,18,1,130,20,0,1,0,94,100,37,24,12,0,1,8,81,17,0,22,7,2,2,2,13,2,0,0,0,128,276,443,FINAL (ENTRADA MANUAL)
14,20,2,85,22,0,123,17,0,0,2,72,93,34,20,16,0,1,13,61,17,0,19,10,3,3,1,13,1,0,0,0,121,249,443,FINAL (ENTRADA MANUAL)
14,20,3,77,26,1,112,18,0,0,0,66,110,20,15,13,0,0,10,58,22,0,14,11,3,3,2,13,5,1,0,0,103,235,443,FINAL (ENTRADA MANUAL)
14,20,4,65,28,2,116,12,1,0,0,60,110,26,17,8,0,0,3,46,24,1,15,4,1,1,1,9,0,0,0,0,122,224,443,FINAL (ENTRADA MANUAL)
14,20,5,88,37,1,115,20,0,0,0,71,110,37,12,19,0,0,12,62,29,1,10,15,1,1,1,11,0,0,0,0,130,261,443,FINAL (ENTRADA MANUAL)
14,20,6,73,28,0,121,18,0,0,0,59,100,39,16,18,0,0,8,50,25,0,13,14,1,1,2,9,0,0,0,0,125,240,443,FINAL (ENTRADA MANUAL)
14,20,7,81,25,0,140,14,0,0,0,64,107,48,22,10,1,0,8,52,20,0,18,7,2,0,1,19,0,0,0,0,141,260,443,FINAL (ENTRADA MANUAL)
14,20,8,82,27,0,104,15,0,0,0,65,96,28,13,14,0,0,12,57,22,0,11,11,0,7,0,16,0,0,0,0,104,228,443,FINAL (ENTRADA MANUAL)
14,20,9,75,30,0,109,25,1,1,0,61,103,32,12,17,0,0,16,48,21,0,9,11,3,1,1,12,1,0,0,0,134,241,443,FINAL (ENTRADA MANUAL)
14,72,1,379,63,0,64,16,1,2,0,357,114,28,7,10,0,0,9,329,49,0,7,7,4,1,3,16,0,0,0,0,109,525,0,FINAL (ENTRADA MANUAL)
14,72,2,57,16,0,3,2,0,0,0,52,19,1,1,2,0,1,2,52,14,0,1,2,2,1,0,1,0,2,0,0,5,80,0,FINAL (ENTRADA MANUAL)
14,72,3,393,113,0,105,31,1,0,1,356,197,38,15,25,0,0,13,326,99,0,11,16,9,1,4,19,4,0,2,0,155,646,0,FINAL (ENTRADA MANUAL)
14,72,4,77,30,0,24,4,0,0,0,66,45,13,1,5,0,0,5,66,29,0,1,4,3,2,1,11,0,5,2,0,18,142,0,FINAL (ENTRADA MANUAL)
14,72,5,72,13,0,9,2,0,0,0,66,22,3,0,3,0,0,2,62,10,0,0,1,2,0,1,1,0,0,0,0,19,96,0,FINAL (ENTRADA MANUAL)
14,72,6,8,3,0,1,0,1,0,0,9,3,0,1,0,0,0,0,8,3,0,1,0,1,0,0,0,0,1,0,0,0,14,0,FINAL (ENTRADA MANUAL)
14,72,7,29,1,0,2,2,0,1,1,26,3,3,0,2,0,0,2,23,1,0,0,2,1,0,0,0,0,1,0,1,9,38,0,FINAL (ENTRADA MANUAL)
14,72,8,0,0,0,0,0,0,0,0,0,0,0,0,0,0,0,0,0,0,0,0,0,0,0,0,0,0,0,0,0,0,0,0,FINAL (ENTRADA MANUAL)
14,72,9,0,0,0,1,0,0,0,0,0,1,0,0,0,0,0,0,0,0,0,0,0,0,0,0,0,0,0,0,0,1,1,0,FINAL (ENTRADA MANUAL)
14,72,10,7,0,0,0,0,0,0,0,7,0,0,0,0,0,0,0,6,0,0,0,0,0,0,0,0,0,0,0,0,1,7,0,FINAL (ENTRADA MANUAL)
14,72,11,135,31,0,17,1,0,0,0,130,41,7,3,0,0,0,3,116,25,0,3,0,1,0,1,3,0,0,0,1,35,185,0,FINAL (ENTRADA MANUAL)
14,72,12,19,5,0,3,0,1,0,1,19,5,1,1,1,0,0,2,18,0,0,1,0,0,0,0,2,0,2,0,0,4,33,0,FINAL (ENTRADA MANUAL)
14,73,1,70,199,1,29,14,0,0,0,50,211,10,6,11,0,0,25,48,169,1,5,7,2,3,1,4,2,0,0,0,71,313,0,FINAL (ENTRADA MANUAL)
14,73,2,0,0,0,0,0,0,0,0,0,0,0,0,0,0,0,0,0,0,0,0,0,0,0,0,0,0,0,0,0,0,0,0,FINAL (ENTRADA MANUAL)
14,73,3,11,60,0,7,2,0,0,0,8,62,3,1,2,0,0,4,8,57,0,1,2,0,0,0,2,0,0,0,0,10,80,0,FINAL (ENTRADA MANUAL)
14,74,1,8,5,0,10,1,0,0,0,8,6,5,3,1,0,0,1,8,3,0,3,1,0,0,0,0,0,0,0,0,9,24,0,FINAL (ENTRADA MANUAL)
14,74,2,0,0,0,0,0,0,0,0,0,0,0,0,0,0,0,0,0,0,0,0,0,0,0,0,0,0,0,0,0,0,0,0,FINAL (ENTRADA MANUAL)
14,75,1,0,0,0,0,0,0,0,0,0,0,0,0,0,0,0,0,0,0,0,0,0,0,0,0,0,0,0,0,0,0,0,0,FINAL (ENTRADA MANUAL)
14,75,2,3,2,0,3,1,1,0,0,2,3,1,0,1,1,0,2,2,2,0,0,1,0,0,0,0,0,0,1,0,5,11,0,FINAL (ENTRADA MANUAL)
14,76,1,49,4,0,2,2,0,0,0,38,7,2,1,1,0,0,8,34,3,0,1,0,0,0,0,0,0,1,1,0,19,59,0,FINAL (ENTRADA MANUAL)
14,76,2,2,0,0,0,0,0,0,0,2,0,0,0,0,0,0,0,2,0,0,0,0,0,0,0,0,0,0,0,0,0,2,0,FINAL (ENTRADA MANUAL)
14,76,3,7,0,0,1,1,0,0,0,6,0,0,0,1,0,0,2,6,0,0,0,0,0,0,0,0,0,0,0,0,3,9,0,FINAL (ENTRADA MANUAL)
14,76,4,0,0,0,0,0,0,0,0,0,0,0,0,0,0,0,0,0,0,0,0,0,0,0,0,0,0,0,0,0,0,0,0,FINAL (ENTRADA MANUAL)
14,76,5,1,0,0,0,0,0,0,0,1,0,0,0,0,0,0,0,1,0,0,0,0,0,0,0,0,0,0,0,0,0,1,0,FINAL (ENTRADA MANUAL)
14,77,1,4,0,0,15,0,0,0,0,3,7,5,3,0,1,0,0,3,0,0,2,0,0,0,0,2,0,0,0,0,12,19,0,FINAL (ENTRADA MANUAL)
14,77,2,12,3,0,37,4,1,0,0,14,19,21,1,2,0,0,0,11,3,0,1,2,2,0,1,5,2,0,0,0,30,57,0,FINAL (ENTRADA MANUAL)
14,77,3,0,0,0,0,0,0,0,0,0,0,0,0,0,0,0,0,0,0,0,0,0,0,0,0,0,0,0,0,0,0,0,0,FINAL (ENTRADA MANUAL)
14,77,4,1,0,0,7,0,0,0,0,1,0,4,3,0,0,0,0,1,0,0,3,0,0,0,0,1,0,0,0,0,3,8,0,FINAL (ENTRADA MANUAL)
14,77,5,0,0,0,1,0,0,0,0,0,0,1,0,0,0,0,0,0,0,0,0,0,0,0,0,0,0,0,0,0,1,1,0,FINAL (ENTRADA MANUAL)
14,77,6,4,2,0,13,2,0,0,0,4,7,1,6,3,0,0,0,4,2,0,6,2,0,0,0,0,0,0,0,0,7,21,0,FINAL (ENTRADA MANUAL)
14,78,1,115,49,0,50,20,0,1,0,106,72,16,14,13,0,1,13,83,41,0,14,10,2,5,0,2,2,1,0,0,76,236,0,FINAL (ENTRADA MANUAL)
14,78,2,17,0,0,3,0,0,0,0,12,0,0,2,1,0,0,5,10,0,0,2,0,0,0,0,0,0,0,0,0,8,20,0,FINAL (ENTRADA MANUAL)
14,78,3,15,4,0,4,2,0,0,0,14,9,1,0,1,0,0,0,10,4,0,0,1,0,0,0,0,0,0,0,0,10,25,0,FINAL (ENTRADA MANUAL)
14,78,4,2,2,0,1,0,0,0,0,2,2,1,0,0,0,0,0,2,2,0,0,0,0,0,0,1,0,0,0,0,0,5,0,FINAL (ENTRADA MANUAL)
41,1,1,81,43,1,115,8,0,0,0,70,112,44,9,5,0,0,8,65,38,1,9,3,2,5,7,20,0,2,0,0,98,250,448,FINAL (ENTRADA MANUAL)
41,1,2,85,32,0,119,12,1,0,0,74,104,42,13,10,0,0,6,67,28,0,11,7,7,5,0,11,3,0,1,0,110,250,448,FINAL (ENTRADA MANUAL)
41,1,3,93,22,1,97,24,0,0,0,85,80,41,10,11,0,0,10,71,19,0,7,9,3,1,1,6,2,0,0,0,118,237,448,FINAL (ENTRADA MANUAL)
41,1,4,81,24,0,91,25,0,0,1,62,74,33,16,25,0,1,11,56,23,0,14,20,1,2,3,11,2,1,0,0,90,223,448,FINAL (ENTRADA MANUAL)
41,1,5,72,38,0,95,13,0,0,1,60,93,35,18,11,0,0,2,48,34,0,14,8,2,1,2,7,1,0,0,0,102,219,448,FINAL (ENTRADA MANUAL)
41,1,6,92,32,1,102,14,0,0,0,81,103,27,12,12,0,0,6,71,27,1,10,8,1,5,0,8,1,0,0,0,109,241,448,FINAL (ENTRADA MANUAL)
41,1,7,106,24,0,90,16,2,0,0,92,83,29,15,13,0,0,6,86,21,0,14,12,2,1,0,5,1,0,1,0,96,239,448,FINAL (ENTRADA MANUAL)
41,2,1,119,26,0,138,19,0,1,0,85,144,39,16,9,0,1,9,69,21,0,15,5,6,3,0,12,3,0,0,0,169,303,419,FINAL (ENTRADA MANUAL)
41,2,2,96,21,0,155,10,1,0,1,88,131,37,20,4,0,0,4,74,21,0,16,3,2,2,0,11,0,0,0,0,155,284,419,FINAL (ENTRADA MANUAL)
41,2,3,114,22,0,132,12,1,0,1,93,121,41,10,9,1,2,5,81,16,0,9,6,2,1,1,14,0,0,0,0,152,282,419,FINAL (ENTRADA MANUAL)
41,2,4,99,14,1,154,15,1,0,0,82,123,55,8,13,1,0,2,71,10,1,5,5,3,9,3,12,2,0,0,0,163,284,419,FINAL (ENTRADA MANUAL)
41,2,5,96,24,1,163,13,1,0,0,78,134,55,14,11,0,0,6,66,20,1,13,9,2,2,2,18,1,0,0,0,164,298,419,FINAL (ENTRADA MANUAL)
41,72,1,18,2,0,4,0,0,0,0,18,5,1,0,0,0,0,0,18,2,0,0,0,0,0,0,1,0,0,0,0,3,24,0,FINAL (ENTRADA MANUAL)
41,72,2,0,0,0,0,0,0,0,0,0,0,0,0,0,0,0,0,0,0,0,0,0,0,0,0,0,0,0,0,0,0,0,0,FINAL (ENTRADA MANUAL)
41,72,3,89,35,0,25,4,0,0,0,84,53,9,4,1,0,0,2,79,32,0,3,1,3,0,1,3,0,0,0,0,31,153,0,FINAL (ENTRADA MANUAL)
41,72,4,26,15,1,16,5,1,0,0,27,23,6,1,2,2,0,3,24,14,1,1,1,1,2,0,0,0,0,0,0,20,64,0,FINAL (ENTRADA MANUAL)
41,72,5,4,2,0,4,0,0,0,0,4,5,1,0,0,0,0,0,4,2,0,0,0,0,0,0,1,0,0,0,0,3,10,0,FINAL (ENTRADA MANUAL)
41,72,6,1,0,0,0,0,0,0,0,1,0,0,0,0,0,0,0,1,0,0,0,0,0,0,0,0,0,0,0,0,0,1,0,FINAL (ENTRADA MANUAL)
41,72,7,2,0,0,0,0,0,0,0,2,0,0,0,0,0,0,0,2,0,0,0,0,0,0,0,0,0,0,0,0,0,2,0,FINAL (ENTRADA MANUAL)
41,72,8,0,0,0,0,0,0,0,0,0,0,0,0,0,0,0,0,0,0,0,0,0,0,0,0,0,0,1,0,0,0,1,0,FINAL (ENTRADA MANUAL)
41,72,9,6,0,0,0,0,0,0,0,6,0,0,0,0,0,0,0,60,0,0,0,0,0,0,0,0,0,0,0,0,0,6,0,FINAL (ENTRADA MANUAL)
41,73,1,0,0,0,0,0,0,0,0,0,0,0,0,0,0,0,0,0,0,0,0,0,0,0,0,0,0,0,0,0,0,0,0,FINAL (ENTRADA MANUAL)
41,73,2,13,8,0,3,2,0,0,0,12,12,0,0,1,0,0,0,11,8,0,0,1,0,0,0,0,0,0,0,0,6,26,0,FINAL (ENTRADA MANUAL)
41,74,1,1,0,0,3,0,0,0,0,0,4,0,0,0,0,0,0,0,0,0,0,0,0,1,0,0,0,0,0,0,3,4,0,FINAL (ENTRADA MANUAL)
41,74,2,0,0,0,0,0,0,0,0,0,0,0,0,0,0,0,0,0,0,0,0,0,0,0,0,0,0,0,0,0,0,0,0,FINAL (ENTRADA MANUAL)
41,75,1,0,0,0,1,0,0,0,0,0,1,0,0,0,0,0,0,0,0,0,0,0,0,1,0,0,0,0,0,0,0,1,0,FINAL (ENTRADA MANUAL)
41,76,1,8,0,0,0,0,0,0,0,5,1,0,0,0,0,0,2,5,0,0,0,0,0,0,0,0,0,1,0,0,3,9,0,FINAL (ENTRADA MANUAL)
41,76,2,0,0,0,0,0,0,0,0,0,0,0,0,0,0,0,0,0,0,0,0,0,0,0,0,0,0,0,0,0,0,0,0,FINAL (ENTRADA MANUAL)
41,76,3,0,0,0,1,0,0,0,0,1,0,0,0,0,0,0,0,0,0,0,0,0,0,0,0,0,0,0,0,0,1,1,0,FINAL (ENTRADA MANUAL)
41,76,5,0,0,0,0,0,0,0,0,0,0,0,0,0,0,0,0,0,0,0,0,0,0,0,0,0,0,0,0,0,0,0,0,FINAL (ENTRADA MANUAL)
41,77,1,0,0,0,0,0,0,0,0,0,0,0,0,0,0,0,0,0,0,0,0,0,0,0,0,0,0,0,0,0,0,0,0,FINAL (ENTRADA MANUAL)
41,77,2,4,6,0,24,0,0,0,0,4,12,12,6,0,0,0,0,4,6,0,6,0,0,0,1,1,0,0,0,0,18,34,0,FINAL (ENTRADA MANUAL)
41,77,3,2,0,0,6,0,0,0,0,2,2,4,0,0,0,0,0,2,0,0,0,0,0,0,1,1,0,0,0,0,4,8,0,FINAL (ENTRADA MANUAL)
41,78,1,18,2,0,7,3,0,0,0,16,8,0,2,1,0,0,3,16,1,0,2,1,0,0,0,0,0,0,0,0,10,30,0,FINAL (ENTRADA MANUAL)
41,78,2,2,0,0,1,0,0,0,0,1,2,0,0,0,0,0,0,1,0,0,0,0,0,0,0,0,0,0,0,0,2,3,0,FINAL (ENTRADA MANUAL)
41,78,3,0,0,0,1,0,0,0,0,0,0,1,0,0,0,0,0,0,0,0,0,0,0,0,0,0,0,0,0,0,1,1,0,FINAL (ENTRADA MANUAL)
41,78,4,0,0,0,0,0,0,0,0,0,0,0,0,0,0,0,0,0,0,0,0,0,0,0,0,0,0,0,0,0,0,0,0,FINAL (ENTRADA MANUAL)
15,1,1,99,26,0,95,16,1,0,0,67,100,37,15,9,1,0,8,59,23,0,14,7,2,2,2,7,2,1,0,0,119,238,419,FINAL (ENTRADA MANUAL)
15,1,2,88,32,1,103,15,0,0,1,63,116,34,10,13,0,0,4,52,30,0,8,10,3,5,0,8,0,0,0,0,124,240,419,FINAL (ENTRADA MANUAL)
15,1,3,100,28,0,84,13,1,0,0,79,89,34,8,10,0,0,6,67,26,0,7,9,3,1,1,9,1,0,0,0,102,226,419,FINAL (ENTRADA MANUAL)
15,1,4,99,27,0,110,15,0,0,0,78,110,32,9,13,0,1,8,60,25,0,8,9,2,5,1,14,2,0,0,0,125,251,419,FINAL (ENTRADA MANUAL)
15,1,5,79,30,0,128,11,1,0,1,71,113,36,16,8,0,0,6,63,26,0,13,3,2,6,1,13,0,0,0,0,123,250,419,FINAL (ENTRADA MANUAL)
15,1,6,91,40,0,112,16,0,0,0,73,120,35,15,12,0,0,4,69,34,0,14,10,2,5,1,13,2,0,0,0,109,259,419,FINAL (ENTRADA MANUAL)
15,1,7,95,30,0,89,10,0,0,1,73,112,23,8,6,0,0,3,58,26,0,8,4,1,1,2,10,3,0,0,0,112,225,416,FINAL (ENTRADA MANUAL)
15,2,1,76,39,2,143,9,0,0,1,63,130,41,18,8,0,0,10,56,34,2,14,3,2,5,3,14,0,0,0,0,137,270,442,FINAL (ENTRADA MANUAL)
15,2,2,86,47,0,135,9,0,0,1,73,142,34,19,6,0,0,4,61,42,0,15,4,3,1,0,17,0,0,0,1,135,279,442,FINAL (ENTRADA MANUAL)
15,2,3,106,34,1,118,11,0,0,1,85,126,33,14,6,0,0,7,70,27,0,12,4,4,5,0,11,0,0,0,0,138,271,442,FINAL (ENTRADA MANUAL)
15,2,4,87,36,0,123,16,0,0,0,63,120,47,17,10,0,0,5,55,31,0,15,8,3,2,2,13,3,0,0,0,130,262,444,FINAL (ENTRADA MANUAL)
15,3,1,84,63,0,60,8,0,0,1,63,99,12,12,7,0,0,23,54,53,0,10,6,2,1,0,5,0,0,0,0,85,216,430,FINAL (ENTRADA MANUAL)
15,3,2,78,58,1,86,15,0,0,2,63,118,21,14,16,0,0,8,51,49,1,11,13,2,1,0,3,0,0,0,0,109,240,430,FINAL (ENTRADA MANUAL)
15,3,3,60,67,0,71,10,0,0,0,40,103,18,9,10,0,2,26,34,54,0,8,9,0,4,0,10,0,2,0,0,89,210,430,FINAL (ENTRADA MANUAL)
15,3,4,74,66,0,61,16,0,0,1,62,104,14,12,11,0,0,15,54,53,0,10,9,0,0,0,1,0,0,0,0,91,218,430,FINAL (ENTRADA MANUAL)
15,3,5,75,53,0,79,11,2,0,0,59,97,25,12,7,0,0,20,53,44,0,8,7,1,0,0,6,0,1,0,0,101,221,428,FINAL (ENTRADA MANUAL)
15,4,1,92,57,1,89,11,1,1,0,62,115,31,16,9,0,0,19,56,52,1,13,7,1,3,0,15,0,2,0,0,104,254,444,FINAL (ENTRADA MANUAL)
15,4,2,86,64,1,82,15,0,0,2,68,124,27,16,11,0,0,4,60,53,1,16,9,1,4,3,10,0,0,0,0,93,250,444,FINAL (ENTRADA MANUAL)
15,4,3,93,66,0,73,8,0,0,0,72,127,17,13,3,0,0,8,65,57,0,13,2,7,0,1,12,0,0,1,0,83,241,444,FINAL (ENTRADA MANUAL)
15,4,4,90,57,0,64,20,0,0,0,75,107,14,11,12,0,0,12,69,47,0,10,10,1,1,0,4,1,0,0,0,88,231,444,FINAL (ENTRADA MANUAL)
15,4,5,72,58,1,88,9,0,0,1,54,125,16,12,10,0,0,12,40,47,0,11,6,3,2,1,7,0,0,0,0,112,229,444,FINAL (ENTRADA MANUAL)
15,4,6,82,60,0,72,18,0,0,0,59,117,26,8,10,0,0,12,50,50,0,6,5,4,0,0,9,1,0,0,0,107,232,444,FINAL (ENTRADA MANUAL)
15,4,7,86,56,0,58,15,0,0,1,62,110,15,5,11,1,0,12,58,49,0,2,10,2,4,0,7,0,0,0,0,84,216,444,FINAL (ENTRADA MANUAL)
15,4,8,89,54,0,87,13,0,0,1,63,131,15,17,7,0,0,11,54,50,0,11,6,2,3,0,14,0,0,0,0,104,244,442,FINAL (ENTRADA MANUAL)
15,5,1,100,44,0,90,25,0,0,0,76,109,30,10,17,0,0,17,65,39,0,8,12,0,2,0,9,1,0,0,0,123,259,470,FINAL (ENTRADA MANUAL)
15,5,2,77,45,1,101,21,0,0,1,70,104,26,14,18,0,0,14,53,36,1,12,14,3,0,0,9,1,1,0,0,117,247,470,FINAL (ENTRADA MANUAL)
15,5,3,70,50,0,88,27,1,0,0,58,97,25,21,23,0,0,12,50,43,0,20,18,5,4,2,8,0,1,0,0,86,237,470,FINAL (ENTRADA MANUAL)
15,5,4,80,52,1,80,16,0,0,1,68,101,18,21,16,0,0,6,63,51,1,18,11,1,0,1,4,1,2,0,0,79,232,470,FINAL (ENTRADA MANUAL)
15,5,5,90,63,1,62,13,0,0,1,67,107,19,6,9,2,0,20,54,58,0,5,8,1,3,1,7,0,0,0,0,93,230,470,FINAL (ENTRADA MANUAL)
15,5,6,73,54,0,78,22,1,0,0,66,97,21,10,22,1,1,10,59,47,0,7,13,1,2,0,5,0,0,0,0,94,228,470,FINAL (ENTRADA MANUAL)
15,5,7,75,48,0,91,23,0,0,0,64,99,29,12,19,0,0,14,52,42,0,11,16,1,0,0,4,0,0,0,0,111,237,470,FINAL (ENTRADA MANUAL)
15,5,8,88,58,0,80,16,0,0,0,65,105,23,16,12,0,0,21,55,52,0,14,8,3,1,2,3,2,1,0,0,102,243,470,FINAL (ENTRADA MANUAL)
15,5,9,91,36,0,102,31,1,0,1,73,113,25,18,19,0,0,14,61,32,0,16,16,1,1,0,12,1,0,1,0,122,263,466,FINAL (ENTRADA MANUAL)
15,6,1,80,50,0,140,22,0,0,0,73,144,36,21,17,0,0,1,60,39,0,17,14,1,3,0,18,0,0,0,0,140,292,533,FINAL (ENTRADA MANUAL)
15,6,2,85,55,0,125,22,0,0,1,74,126,31,26,21,0,0,10,61,48,0,24,15,0,2,0,10,3,2,0,0,125,290,533,FINAL (ENTRADA MANUAL)
15,6,3,87,54,1,110,20,0,0,1,72,115,43,20,17,0,0,6,69,47,1,15,16,2,1,0,15,0,1,0,0,107,274,533,FINAL (ENTRADA MANUAL)
15,6,4,78,81,0,95,18,0,0,1,55,151,20,15,19,0,1,12,49,70,0,13,15,2,6,1,10,1,0,0,0,106,273,533,FINAL (ENTRADA MANUAL)
15,6,5,77,57,1,117,26,0,0,0,60,129,38,17,22,0,0,12,50,46,1,15,20,0,4,1,6,0,1,0,0,135,279,533,FINAL (ENTRADA MANUAL)
15,6,6,89,71,0,111,26,0,0,0,71,154,24,20,17,0,0,11,63,63,0,15,14,2,2,0,8,1,0,0,0,129,297,533,FINAL (ENTRADA MANUAL)
15,6,7,85,47,0,131,23,0,0,0,67,131,40,17,17,0,0,14,58,40,0,15,9,0,4,0,8,1,3,0,0,151,289,533,FINAL (ENTRADA MANUAL)
15,7,1,80,68,0,109,20,0,0,2,57,137,27,22,15,0,0,21,52,63,0,20,13,0,2,0,11,1,0,0,0,117,279,486,FINAL (ENTRADA MANUAL)
15,7,2,98,54,1,95,25,0,0,0,74,134,18,14,19,0,0,14,67,52,0,13,13,0,3,0,7,0,0,0,0,118,273,486,FINAL (ENTRADA MANUAL)
15,7,3,94,72,0,77,18,0,1,0,78,124,21,12,11,0,0,16,74,64,0,11,8,0,2,0,6,0,0,0,0,97,262,486,FINAL (ENTRADA MANUAL)
15,7,4,75,58,0,98,18,0,0,1,63,113,28,16,16,0,0,14,54,50,0,12,10,2,1,2,9,1,0,0,0,109,250,486,FINAL (ENTRADA MANUAL)
15,7,5,87,70,0,107,18,0,0,0,66,140,32,17,14,0,0,13,53,59,0,16,11,1,3,0,10,0,0,0,0,129,282,486,FINAL (ENTRADA MANUAL)
15,7,6,86,52,0,80,30,0,0,0,72,118,9,10,21,0,0,18,64,46,0,10,18,0,3,0,5,2,0,0,0,100,248,486,FINAL (ENTRADA MANUAL)
15,7,7,76,70,1,86,15,0,0,0,65,130,13,15,13,0,0,12,57,61,1,9,7,2,0,0,8,2,2,0,0,101,250,487,FINAL (ENTRADA MANUAL)
15,8,1,83,77,0,68,10,0,2,0,67,118,26,6,9,0,0,14,62,69,0,6,5,2,3,2,9,0,0,1,0,82,241,416,FINAL (ENTRADA MANUAL)
15,8,2,96,55,0,53,19,0,0,0,73,96,11,12,11,0,0,20,64,45,0,10,9,0,1,0,5,2,0,0,0,87,223,416,FINAL (ENTRADA MANUAL)
15,8,3,97,69,0,49,8,0,0,0,66,116,7,5,5,0,0,24,62,59,0,5,4,0,0,1,4,1,2,0,1,87,226,417,FINAL (ENTRADA MANUAL)
15,9,1,55,44,0,44,10,1,0,1,45,82,7,6,8,0,0,7,39,42,0,5,5,0,2,0,4,1,0,0,0,57,155,274,FINAL (ENTRADA MANUAL)
15,9,2,50,47,0,53,10,0,0,0,38,79,12,14,9,0,0,8,32,37,0,11,6,2,1,0,2,0,0,0,0,69,160,274,FINAL (ENTRADA MANUAL)
15,72,1,196,64,1,64,3,0,0,2,180,105,29,7,1,0,0,8,171,59,0,6,1,1,3,7,2,0,0,0,0,80,330,0,FINAL (ENTRADA MANUAL)
15,72,2,0,0,0,0,0,0,0,0,0,0,0,0,0,0,0,0,0,0,0,0,0,0,0,0,0,0,0,0,0,0,0,0,FINAL (ENTRADA MANUAL)
15,72,3,197,55,0,81,18,0,0,0,185,99,44,5,11,0,0,7,168,44,0,5,8,4,1,9,9,1,0,0,1,102,352,0,FINAL (ENTRADA MANUAL)
15,72,4,55,19,0,10,3,0,0,1,53,26,5,2,2,0,0,0,53,19,0,2,2,0,0,1,4,0,4,0,0,7,92,0,FINAL (ENTRADA MANUAL)
15,72,5,24,10,0,10,0,0,0,0,21,14,5,2,0,0,0,2,18,8,0,2,0,0,1,1,2,0,0,0,0,12,44,0,FINAL (ENTRADA MANUAL)
15,72,6,2,2,0,0,1,0,0,0,2,2,0,0,1,0,0,0,2,2,0,0,1,0,0,0,0,0,0,0,0,0,5,0,FINAL (ENTRADA MANUAL)
15,72,7,15,1,0,4,0,0,0,0,15,3,2,0,0,0,0,0,15,1,0,0,0,0,0,0,0,0,0,0,0,4,16,0,FINAL (ENTRADA MANUAL)
15,72,8,2,1,0,0,0,0,0,1,2,1,0,0,0,0,0,1,2,1,0,0,0,0,0,0,0,0,1,0,0,0,4,0,FINAL (ENTRADA MANUAL)
15,72,9,0,0,0,2,1,0,0,0,0,0,1,1,0,0,0,1,0,0,0,1,0,0,0,0,0,0,0,0,0,2,3,0,FINAL (ENTRADA MANUAL)
15,72,10,1,0,0,1,0,0,0,0,1,0,1,0,0,0,0,0,1,0,0,0,0,0,0,0,1,0,0,0,0,0,2,0,FINAL (ENTRADA MANUAL)
15,72,11,51,10,0,15,1,0,0,0,49,22,3,0,3,0,0,1,44,7,0,0,1,1,1,0,1,0,0,0,0,22,77,0,FINAL (ENTRADA MANUAL)
15,72,12,13,0,0,0,2,0,0,0,13,0,0,0,2,0,0,0,13,0,0,0,2,0,0,0,0,0,0,1,0,0,16,0,FINAL (ENTRADA MANUAL)
15,73,1,161,705,0,81,23,1,0,6,117,712,25,15,7,0,0,101,97,605,0,13,6,2,7,0,9,1,0,1,1,237,979,0,FINAL (ENTRADA MANUAL)
15,73,2,0,0,0,0,0,0,0,0,0,0,0,0,0,0,0,0,0,0,0,0,0,0,0,0,0,0,0,0,0,0,0,0,FINAL (ENTRADA MANUAL)
15,73,3,0,0,0,0,0,0,0,0,0,0,0,0,0,0,0,0,0,0,0,0,0,0,0,0,0,0,0,0,0,0,0,0,FINAL (ENTRADA MANUAL)
15,73,4,0,0,0,0,0,0,0,0,0,0,0,0,0,0,0,0,0,0,0,0,0,0,0,0,0,0,0,0,0,0,0,0,FINAL (ENTRADA MANUAL)
15,73,5,34,147,0,8,4,0,0,1,31,149,2,5,3,0,0,4,29,144,0,5,3,0,1,0,3,0,6,0,0,9,200,0,FINAL (ENTRADA MANUAL)
15,74,1,0,2,0,2,0,0,0,0,0,2,1,1,0,0,0,0,0,2,0,1,0,0,0,0,0,0,0,0,0,1,4,0,FINAL (ENTRADA MANUAL)
15,74,2,0,0,0,0,0,0,0,0,0,0,0,0,0,0,0,0,0,0,0,0,0,0,0,0,0,0,0,0,0,0,0,0,FINAL (ENTRADA MANUAL)
15,75,1,4,3,0,0,0,0,0,0,2,4,0,0,0,0,0,0,2,3,0,0,0,1,0,0,0,0,0,0,0,1,7,0,FINAL (ENTRADA MANUAL)
15,75,2,0,0,0,0,0,0,0,0,0,0,0,0,0,0,0,0,0,0,0,0,0,0,0,0,0,0,0,0,0,0,0,0,FINAL (ENTRADA MANUAL)
15,75,3,0,0,0,0,0,0,0,0,1,0,0,0,0,0,0,0,0,0,0,0,0,0,0,0,0,0,0,0,0,1,1,0,FINAL (ENTRADA MANUAL)
15,75,4,0,0,0,0,0,0,0,0,0,0,0,0,0,0,0,0,0,0,0,0,0,0,0,0,0,0,0,0,0,0,0,0,FINAL (ENTRADA MANUAL)
15,76,1,21,1,0,1,0,0,0,0,16,2,0,1,1,0,0,3,15,1,0,1,0,1,0,0,0,0,2,0,0,5,25,0,FINAL (ENTRADA MANUAL)
15,76,2,0,0,0,0,0,0,0,0,0,0,0,0,0,0,0,0,0,0,0,0,0,0,0,0,0,0,0,0,0,0,0,0,FINAL (ENTRADA MANUAL)
15,76,3,5,0,0,1,0,0,0,0,5,0,0,0,0,0,0,1,4,0,0,0,0,0,0,0,0,0,0,0,0,2,6,0,FINAL (ENTRADA MANUAL)
15,76,4,1,0,0,0,0,0,0,0,0,0,0,0,0,0,0,1,0,0,0,0,0,0,0,0,0,0,0,0,0,1,1,0,FINAL (ENTRADA MANUAL)
15,76,5,0,0,0,0,1,0,0,0,0,0,0,0,1,0,0,0,0,0,0,0,0,0,0,0,0,0,0,0,0,1,1,0,FINAL (ENTRADA MANUAL)
15,77,1,8,1,0,11,1,0,0,1,8,9,4,1,0,0,0,0,4,1,0,0,0,0,0,0,3,1,0,0,0,13,22,0,FINAL (ENTRADA MANUAL)
15,77,2,17,7,0,47,0,0,0,0,13,22,28,5,3,0,0,0,10,6,0,5,0,0,1,1,8,1,0,0,0,39,71,0,FINAL (ENTRADA MANUAL)
15,77,3,0,0,0,0,0,0,0,0,0,0,0,0,0,0,0,0,0,0,0,0,0,0,0,0,0,0,0,0,0,0,0,0,FINAL (ENTRADA MANUAL)
15,77,4,0,2,0,4,0,0,0,0,0,3,3,0,0,0,0,0,0,1,0,0,0,0,0,0,1,0,0,0,0,4,6,0,FINAL (ENTRADA MANUAL)
15,77,5,0,0,0,3,0,0,0,0,0,0,1,2,0,0,0,0,0,0,0,2,0,0,0,0,0,0,0,0,0,1,3,0,FINAL (ENTRADA MANUAL)
15,77,6,2,1,0,6,0,0,0,0,2,3,3,1,0,0,0,0,2,1,0,1,0,0,0,0,2,0,0,0,0,3,9,0,FINAL (ENTRADA MANUAL)
15,78,1,88,51,0,42,12,0,0,0,62,79,12,9,9,1,0,21,55,48,0,7,6,0,2,1,2,0,0,0,0,72,193,0,FINAL (ENTRADA MANUAL)
15,78,2,5,3,0,1,0,0,0,0,3,3,0,1,0,0,0,2,3,2,0,1,0,0,0,0,0,0,0,0,0,3,9,0,FINAL (ENTRADA MANUAL)
15,78,3,8,6,0,2,0,0,0,0,4,6,2,0,0,0,0,4,3,3,0,0,0,0,0,1,0,0,0,0,0,9,16,0,FINAL (ENTRADA MANUAL)
15,78,4,1,0,0,1,0,0,0,0,1,1,0,0,0,0,0,0,1,0,0,0,0,0,0,0,0,0,0,0,0,1,2,0,FINAL (ENTRADA MANUAL)
16,1,1,92,43,0,100,11,0,0,1,81,103,36,10,9,1,0,7,79,40,0,8,6,0,4,0,12,0,0,0,0,98,247,422,FINAL (ENTRADA MANUAL)
16,1,2,101,44,1,73,16,0,0,2,88,89,26,14,13,0,0,7,82,39,1,14,13,1,0,1,8,0,1,0,0,78,238,421,FINAL (ENTRADA MANUAL)
16,2,1,84,50,1,108,24,0,0,0,66,116,32,13,22,0,0,18,61,41,0,12,17,2,1,0,5,0,0,0,0,128,267,434,FINAL (ENTRADA MANUAL)
16,2,2,92,38,0,120,19,0,1,0,80,123,31,11,13,0,0,12,72,29,0,11,9,1,0,2,7,1,1,1,0,138,272,434,FINAL (ENTRADA MANUAL)
16,2,3,91,36,0,107,15,0,0,0,76,114,31,14,10,0,0,4,68,27,0,13,6,2,6,1,15,0,0,0,0,111,249,434,FINAL (ENTRADA MANUAL)
16,2,4,106,43,0,81,29,0,1,0,90,105,17,14,28,0,0,6,78,35,0,8,22,2,1,2,6,0,0,0,0,106,260,434,FINAL (ENTRADA MANUAL)
16,2,5,101,35,2,101,30,2,0,0,85,95,33,20,26,2,0,10,72,30,2,16,17,4,0,1,11,1,0,0,0,117,271,434,FINAL (ENTRADA MANUAL)
16,2,6,100,33,1,93,20,2,0,0,93,95,27,10,16,1,0,7,85,30,1,7,12,3,1,0,4,0,1,0,1,106,251,433,FINAL (ENTRADA MANUAL)
16,3,1,121,57,0,85,19,0,0,0,108,101,26,18,16,0,0,13,104,51,0,17,13,0,4,1,2,1,0,0,0,89,282,522,FINAL (ENTRADA MANUAL)
16,3,2,102,48,1,84,14,1,0,0,88,98,21,15,12,0,0,16,81,45,1,13,11,3,0,0,5,0,0,1,0,91,251,522,FINAL (ENTRADA MANUAL)
16,3,3,114,47,0,84,8,0,0,1,97,103,23,17,4,0,0,10,91,39,0,14,3,3,2,1,10,0,1,0,0,91,255,522,FINAL (ENTRADA MANUAL)
16,3,4,92,62,0,60,14,0,0,0,90,102,15,7,9,0,0,5,74,58,0,7,7,1,1,0,6,0,0,0,0,74,228,522,FINAL (ENTRADA MANUAL)
16,3,5,117,64,0,88,18,0,2,1,102,124,17,16,11,1,0,19,91,57,0,13,9,2,1,2,12,0,0,0,0,103,290,524,FINAL (ENTRADA MANUAL)
16,4,1,145,48,0,46,22,0,0,0,117,89,10,13,16,0,0,16,114,41,0,13,14,1,0,0,3,0,0,0,0,75,261,461,FINAL (ENTRADA MANUAL)
16,4,2,133,48,0,57,16,0,0,1,112,90,19,6,17,0,0,11,102,40,0,5,15,2,0,3,2,1,1,0,0,85,256,461,FINAL (ENTRADA MANUAL)
16,4,3,131,46,0,51,25,0,0,0,113,81,18,10,19,0,0,12,102,41,0,8,14,2,3,1,5,0,0,0,0,77,253,461,FINAL (ENTRADA MANUAL)
16,4,4,109,50,0,53,15,1,0,0,97,80,12,14,15,0,0,10,86,39,0,11,9,1,1,1,2,1,1,1,0,77,230,461,FINAL (ENTRADA MANUAL)
16,4,5,120,45,0,51,25,1,1,0,99,85,11,11,20,0,0,17,90,36,0,10,18,3,4,1,7,1,0,0,0,73,243,461,FINAL (ENTRADA MANUAL)
16,4,6,98,61,0,46,26,0,0,0,88,91,13,10,26,0,0,3,84,55,0,9,23,2,5,0,5,0,0,0,0,48,231,461,FINAL (ENTRADA MANUAL)
16,4,7,131,64,0,43,16,0,0,2,107,93,13,8,15,1,0,19,98,55,0,8,11,1,1,0,4,0,1,1,0,78,258,462,FINAL (ENTRADA MANUAL)
16,5,1,105,55,0,87,16,0,0,0,83,122,25,9,15,0,0,9,73,42,0,9,9,8,3,1,9,0,0,0,0,109,263,442,FINAL (ENTRADA MANUAL)
16,5,2,94,50,0,99,16,2,0,1,83,123,17,19,10,0,0,10,74,42,0,15,7,1,4,0,4,1,0,0,0,114,262,442,FINAL (ENTRADA MANUAL)
16,5,3,68,42,0,62,16,0,1,1,61,80,22,10,12,0,0,5,56,33,0,10,9,1,1,0,9,1,1,1,0,70,192,442,FINAL (ENTRADA MANUAL)
16,5,4,69,47,0,83,13,0,1,0,63,96,23,12,13,0,0,6,51,37,0,11,9,2,3,0,6,0,1,0,0,94,214,442,FINAL (ENTRADA MANUAL)
16,5,5,97,59,0,72,24,2,1,0,75,106,17,21,20,0,0,16,72,47,0,20,14,3,2,1,13,2,0,0,0,81,255,442,FINAL (ENTRADA MANUAL)
16,5,6,118,46,0,74,24,0,0,1,108,103,19,10,14,0,0,9,96,36,0,9,12,2,2,0,5,2,1,0,0,99,264,443,FINAL (ENTRADA MANUAL)
16,6,1,151,40,0,49,16,2,0,1,143,67,10,17,13,0,0,9,138,32,0,15,10,3,0,0,2,0,0,0,1,59,260,487,FINAL (ENTRADA MANUAL)
16,6,2,142,37,0,55,12,1,0,1,117,76,16,10,4,0,0,25,107,31,0,7,4,5,0,0,4,1,1,0,0,89,249,487,FINAL (ENTRADA MANUAL)
16,7,1,108,69,1,62,9,0,0,0,85,109,18,8,5,1,0,23,76,54,1,7,1,3,1,0,4,0,2,0,0,102,251,500,FINAL (ENTRADA MANUAL)
16,8,1,84,60,1,79,14,0,0,0,66,111,18,15,12,0,0,16,57,52,1,13,9,0,4,0,3,0,0,0,0,99,238,400,FINAL (ENTRADA MANUAL)
16,8,2,90,42,0,71,15,0,0,0,81,82,27,8,14,0,0,6,76,38,0,5,8,2,1,0,11,0,1,0,0,77,219,400,FINAL (ENTRADA MANUAL)
16,8,3,88,39,0,92,20,1,0,0,72,88,32,17,13,0,0,18,64,32,0,17,9,0,1,0,10,0,0,0,0,107,240,400,FINAL (ENTRADA MANUAL)
16,8,4,103,40,0,72,19,0,1,0,85,93,18,15,15,0,0,9,80,34,0,13,12,6,2,1,8,0,0,0,0,79,235,400,FINAL (ENTRADA MANUAL)
16,8,5,100,55,0,66,9,0,0,0,85,96,15,18,5,0,0,11,73,42,0,16,5,1,0,1,10,1,0,0,0,81,230,402,FINAL (ENTRADA MANUAL)
16,72,1,96,22,0,18,2,0,0,0,92,29,8,2,3,2,0,2,84,16,0,1,1,0,0,1,4,0,0,0,0,31,138,0,FINAL (ENTRADA MANUAL)
16,72,2,15,2,0,2,2,0,0,0,13,5,0,1,2,0,0,0,11,2,0,1,2,1,1,0,0,0,0,0,0,3,21,0,FINAL (ENTRADA MANUAL)
16,72,3,165,64,0,38,15,0,0,0,154,91,7,10,10,0,0,10,142,55,0,10,8,2,2,0,5,1,0,0,0,57,282,0,FINAL (ENTRADA MANUAL)
16,72,4,29,7,1,5,5,0,0,0,28,11,2,1,5,0,0,0,27,6,1,1,5,3,0,0,4,0,0,0,0,0,47,0,FINAL (ENTRADA MANUAL)
16,72,5,24,13,0,3,1,0,0,0,22,14,2,1,1,0,0,1,22,12,0,1,1,1,0,0,1,0,0,0,0,3,41,0,FINAL (ENTRADA MANUAL)
16,72,6,0,0,0,0,0,0,0,0,0,0,0,0,0,0,0,0,0,0,0,0,0,0,0,0,0,0,0,0,0,0,0,0,FINAL (ENTRADA MANUAL)
16,72,7,11,3,0,0,0,0,0,0,11,3,0,0,0,0,0,0,11,3,0,0,0,0,0,0,0,0,0,0,0,0,41,0,FINAL (ENTRADA MANUAL)
16,72,8,1,0,0,0,0,0,0,0,1,0,0,0,0,0,0,0,1,0,0,0,0,0,0,0,0,0,0,0,0,0,1,0,FINAL (ENTRADA MANUAL)
16,72,9,2,0,0,1,0,0,0,0,2,1,0,0,0,0,0,0,1,0,0,0,0,1,0,0,0,0,0,0,0,1,3,0,FINAL (ENTRADA MANUAL)
16,72,10,0,0,0,0,0,0,0,0,0,0,0,0,0,0,0,0,0,0,0,0,0,0,0,0,0,0,0,0,0,0,0,0,FINAL (ENTRADA MANUAL)
16,72,11,41,8,0,2,0,0,0,0,42,7,0,1,0,0,0,1,41,7,0,1,0,0,0,0,0,0,0,0,0,2,51,0,FINAL (ENTRADA MANUAL)
16,72,12,12,3,0,3,0,0,0,0,12,3,1,0,0,1,0,0,9,2,0,0,0,0,0,0,2,0,0,0,0,5,18,0,FINAL (ENTRADA MANUAL)
16,73,1,192,193,0,14,7,0,1,0,176,192,4,3,4,0,0,28,169,172,0,3,3,0,0,0,0,0,0,0,0,60,407,0,FINAL (ENTRADA MANUAL)
16,73,2,17,25,0,0,1,0,0,0,16,22,0,0,0,1,0,4,15,21,0,0,1,0,0,0,0,0,0,0,0,6,28,0,FINAL (ENTRADA MANUAL)
16,73,3,7,18,1,1,0,0,0,0,7,17,1,1,0,0,0,1,7,17,1,1,0,0,0,0,0,0,3,0,0,1,30,0,FINAL (ENTRADA MANUAL)
16,73,4,7,18,3,0,0,0,0,0,7,19,0,0,0,0,0,2,6,17,0,0,0,0,0,0,0,0,0,0,0,5,28,0,FINAL (ENTRADA MANUAL)
16,74,1,0,1,0,1,1,0,0,0,0,2,0,0,1,0,0,0,0,1,0,0,1,0,0,0,0,0,0,0,0,1,3,0,FINAL (ENTRADA MANUAL)
16,74,2,0,0,0,0,0,0,0,0,0,0,0,0,0,0,0,0,0,0,0,0,0,0,0,0,0,0,0,0,0,0,0,0,FINAL (ENTRADA MANUAL)
16,75,1,12,4,0,10,4,0,0,0,10,13,2,1,3,0,0,1,8,4,0,1,1,0,2,0,2,0,0,0,0,12,30,0,FINAL (ENTRADA MANUAL)
16,75,2,0,0,0,0,0,0,0,0,0,0,0,0,0,0,0,0,0,0,0,0,0,0,0,0,0,0,0,0,0,0,0,0,FINAL (ENTRADA MANUAL)
16,76,1,14,1,0,2,0,0,0,0,11,2,0,1,1,0,0,2,10,0,0,1,0,0,0,0,0,0,0,1,0,6,18,0,FINAL (ENTRADA MANUAL)
16,76,2,0,0,0,0,0,0,0,0,0,0,0,0,0,0,0,0,0,0,0,0,0,0,0,0,0,0,0,0,0,0,0,0,FINAL (ENTRADA MANUAL)
16,76,3,2,0,0,0,0,0,0,0,1,0,0,0,0,0,0,1,1,0,0,0,0,0,0,0,0,0,0,0,0,1,2,0,FINAL (ENTRADA MANUAL)
16,76,4,0,0,0,0,0,0,0,0,0,0,0,0,0,0,0,0,0,0,0,0,0,0,0,0,0,0,0,0,0,0,0,0,FINAL (ENTRADA MANUAL)
16,76,5,1,0,0,0,0,0,0,0,1,0,0,0,0,0,0,0,0,0,0,0,0,0,0,0,0,0,0,0,0,1,1,0,FINAL (ENTRADA MANUAL)
16,76,6,0,0,0,0,0,0,0,0,0,0,0,0,0,0,0,0,0,0,0,0,0,0,0,0,0,0,0,0,0,0,0,0,FINAL (ENTRADA MANUAL)
16,77,1,0,0,0,0,0,0,0,0,0,0,0,0,0,0,0,0,0,0,0,0,0,0,0,0,0,0,0,0,0,0,0,0,FINAL (ENTRADA MANUAL)
16,77,2,12,1,0,23,0,0,0,0,11,11,12,2,0,0,0,0,11,1,0,2,0,0,0,1,1,0,0,0,0,20,36,0,FINAL (ENTRADA MANUAL)
16,77,3,0,0,0,0,0,0,0,0,0,0,0,0,0,0,0,0,0,0,0,0,0,0,0,0,0,0,0,0,0,0,0,0,FINAL (ENTRADA MANUAL)
16,77,4,0,0,0,1,0,0,0,0,0,0,1,0,0,0,0,0,0,0,0,0,0,0,0,0,0,0,0,0,0,1,1,0,FINAL (ENTRADA MANUAL)
16,77,5,0,0,0,2,0,0,0,0,0,0,1,1,0,0,0,0,1,0,0,0,0,0,0,0,0,0,0,0,0,1,2,0,FINAL (ENTRADA MANUAL)
16,77,6,4,1,0,3,0,0,0,0,2,4,2,0,0,0,0,0,2,1,0,0,0,0,0,0,3,0,0,0,0,2,8,0,FINAL (ENTRADA MANUAL)
16,78,1,49,15,0,11,7,0,0,0,40,21,3,4,7,0,0,7,37,14,0,3,7,0,0,0,1,0,1,1,0,20,84,0,FINAL (ENTRADA MANUAL)
16,78,2,1,0,0,0,1,0,0,0,1,0,0,0,1,0,0,0,1,0,0,0,1,0,0,0,0,0,0,0,0,0,2,0,FINAL (ENTRADA MANUAL)
16,78,3,7,1,0,0,1,0,0,0,6,2,0,0,0,0,0,1,5,1,0,0,0,0,0,0,0,0,0,0,0,3,9,0,FINAL (ENTRADA MANUAL)
16,78,4,1,1,0,0,0,0,0,0,1,1,0,0,0,0,0,0,1,1,0,0,0,0,0,0,0,0,0,0,0,0,2,0,FINAL (ENTRADA MANUAL)
17,1,1,115,59,0,54,20,0,0,0,97,101,17,12,19,0,0,2,89,46,0,9,18,0,3,0,3,0,0,0,0,80,248,442,FINAL (ENTRADA MANUAL)
17,1,2,110,50,0,50,12,0,0,0,92,89,9,10,10,0,0,12,85,37,0,10,7,1,1,0,8,0,3,0,0,73,225,442,FINAL (ENTRADA MANUAL)
17,1,3,97,60,0,46,19,0,0,0,84,85,11,7,17,0,0,18,81,50,0,5,13,0,0,0,1,0,1,0,0,72,223,443,FINAL (ENTRADA MANUAL)
17,2,1,66,51,0,79,5,1,1,0,55,107,20,8,4,0,1,8,53,44,0,5,2,0,3,0,9,0,0,1,1,87,205,318,FINAL (ENTRADA MANUAL)
17,3,1,67,71,0,78,13,1,0,1,59,119,25,11,10,1,0,6,54,60,0,11,7,1,3,1,4,3,0,0,0,87,231,436,FINAL (ENTRADA MANUAL)
17,3,2,68,60,0,90,13,0,0,1,54,118,20,17,13,0,0,10,47,51,0,16,10,1,1,0,5,0,1,0,0,101,233,436,FINAL (ENTRADA MANUAL)
17,3,3,69,57,0,84,15,0,0,1,55,111,23,11,15,0,0,11,46,52,0,6,12,2,0,0,8,2,2,0,2,98,230,436,FINAL (ENTRADA MANUAL)
17,3,4,67,76,0,66,14,0,1,2,56,128,8,13,8,0,0,13,52,65,0,11,6,0,1,0,9,2,2,0,0,80,228,436,FINAL (ENTRADA MANUAL)
17,3,5,86,48,1,57,26,0,0,0,71,84,15,11,23,0,0,14,67,39,1,10,19,2,1,0,7,1,0,2,0,71,220,437,FINAL (ENTRADA MANUAL)
17,4,1,87,35,0,35,5,0,0,0,73,64,3,8,5,0,0,9,72,29,0,6,2,1,1,0,1,1,1,0,0,49,163,292,FINAL (ENTRADA MANUAL)
17,4,2,66,35,0,45,13,0,1,0,65,62,9,12,8,0,0,4,55,31,0,10,4,3,0,0,5,3,0,1,0,49,161,291,FINAL (ENTRADA MANUAL)
17,5,1,68,18,0,6,12,0,0,0,57,25,2,1,12,0,0,7,52,15,0,0,12,1,0,0,2,0,1,0,0,22,105,215,FINAL (ENTRADA MANUAL)
17,72,1,0,0,0,1,0,0,0,0,0,1,0,0,0,0,0,0,0,0,0,0,0,0,0,0,1,0,0,0,0,0,1,0,FINAL (ENTRADA MANUAL)
17,72,2,0,0,0,0,0,0,0,0,0,0,0,0,0,0,0,0,0,0,0,0,0,0,0,0,0,0,0,0,0,0,0,0,FINAL (ENTRADA MANUAL)
17,72,3,0,0,0,0,0,0,0,0,0,0,0,0,0,0,0,0,0,0,0,0,0,0,0,0,0,0,0,0,0,0,0,0,FINAL (ENTRADA MANUAL)
17,72,4,8,18,0,5,3,0,0,0,6,23,1,1,3,0,1,0,6,18,0,1,3,1,0,0,2,0,3,0,0,4,38,0,FINAL (ENTRADA MANUAL)
17,72,5,0,0,0,0,0,0,0,0,0,0,0,0,0,0,0,0,0,0,0,0,0,0,0,0,0,0,0,0,0,0,0,0,FINAL (ENTRADA MANUAL)
17,72,6,6,1,0,0,0,0,0,0,6,1,0,0,0,0,0,0,6,1,0,0,0,0,0,0,0,0,0,0,0,0,7,0,FINAL (ENTRADA MANUAL)
17,72,7,10,4,0,0,0,0,0,0,9,5,0,0,0,0,0,0,9,4,0,0,0,0,0,0,0,0,0,0,0,1,14,0,FINAL (ENTRADA MANUAL)
17,72,8,4,2,0,0,0,0,0,0,4,1,0,0,0,0,0,0,3,1,0,0,0,1,0,0,0,0,1,0,0,0,6,0,FINAL (ENTRADA MANUAL)
17,72,9,8,4,0,1,0,0,0,0,7,6,0,0,0,0,0,0,6,4,0,0,0,1,0,0,0,0,0,0,0,1,13,0,FINAL (ENTRADA MANUAL)
17,72,10,1,2,0,0,0,0,0,0,1,2,0,0,0,0,0,0,1,2,0,0,0,0,0,0,0,0,0,0,0,0,3,0,FINAL (ENTRADA MANUAL)
17,73,1,61,142,0,10,0,0,1,0,52,146,3,2,0,0,0,11,47,132,0,1,0,1,1,0,0,0,0,0,0,32,214,0,FINAL (ENTRADA MANUAL)
17,73,2,6,15,0,3,0,0,0,0,6,16,0,2,0,0,0,0,6,15,0,2,0,0,0,0,1,0,0,0,0,0,24,0,FINAL (ENTRADA MANUAL)
17,74,1,0,0,0,1,0,0,0,0,0,1,0,0,0,0,0,0,0,0,0,0,0,0,0,0,0,0,0,0,0,1,1,0,FINAL (ENTRADA MANUAL)
17,74,2,0,0,0,0,0,0,0,0,0,0,0,0,0,0,0,0,0,0,0,0,0,0,0,0,0,0,0,0,0,0,0,0,FINAL (ENTRADA MANUAL)
17,75,1,1,0,0,0,0,0,0,0,1,0,0,0,0,0,0,0,1,0,0,0,0,0,0,0,0,0,0,0,0,0,1,0,FINAL (ENTRADA MANUAL)
17,76,1,7,0,0,0,0,0,1,0,6,1,0,0,0,0,0,1,6,0,0,0,0,0,0,0,0,0,0,0,0,2,8,0,FINAL (ENTRADA MANUAL)
17,76,2,0,0,0,0,0,0,0,0,0,0,0,0,0,0,0,0,0,0,0,0,0,0,0,0,0,0,0,0,0,0,0,0,FINAL (ENTRADA MANUAL)
17,76,3,1,0,0,0,0,0,0,0,1,0,0,0,0,0,0,0,0,0,0,0,0,0,0,0,0,0,0,0,0,1,1,0,FINAL (ENTRADA MANUAL)
17,77,1,0,0,0,0,0,0,0,0,0,0,0,0,0,0,0,0,0,0,0,0,0,0,0,0,0,0,0,0,0,0,0,0,FINAL (ENTRADA MANUAL)
17,77,2,0,3,0,2,0,0,0,0,0,3,2,0,0,0,0,0,0,3,0,0,0,0,0,1,0,0,0,0,0,1,5,0,FINAL (ENTRADA MANUAL)
17,77,3,0,0,0,0,1,0,0,0,0,0,0,0,1,0,0,0,0,0,0,0,1,0,0,0,0,0,0,0,0,0,1,0,FINAL (ENTRADA MANUAL)
17,78,1,19,7,0,7,2,0,0,0,15,13,0,1,2,0,0,4,15,3,0,1,2,0,0,0,0,0,0,0,0,14,35,0,FINAL (ENTRADA MANUAL)
17,78,2,6,0,0,0,0,0,0,0,4,1,0,0,0,0,0,1,4,0,0,0,0,0,0,0,0,0,1,0,0,2,7,0,FINAL (ENTRADA MANUAL)
17,78,3,2,1,0,0,1,0,0,0,2,1,0,0,1,0,0,0,2,1,0,0,1,0,0,0,0,0,0,0,0,0,4,0,FINAL (ENTRADA MANUAL)
17,78,4,1,0,0,0,0,0,0,0,1,0,0,0,0,0,0,0,1,0,0,0,0,0,0,0,0,0,0,0,0,0,0,0,FINAL (ENTRADA MANUAL)
18,1,1,89,41,0,61,24,1,0,0,67,80,11,15,20,1,0,22,62,34,0,14,17,1,1,0,2,1,0,1,0,84,217,430,FINAL (ENTRADA MANUAL)
18,1,2,109,45,1,47,14,0,0,0,88,79,7,7,12,0,0,23,83,42,1,6,10,1,0,0,3,0,0,0,0,70,216,430,FINAL (ENTRADA MANUAL)
18,1,3,94,57,0,48,18,0,0,0,73,88,12,8,14,0,0,22,64,51,0,7,14,2,0,0,6,1,0,1,0,72,218,430,FINAL (ENTRADA MANUAL)
18,2,1,77,51,0,84,12,0,0,0,60,104,28,8,13,1,0,10,55,48,0,7,10,1,2,0,8,2,1,0,0,91,225,423,FINAL (ENTRADA MANUAL)
18,2,2,79,49,0,90,20,0,0,0,62,109,27,11,17,0,0,11,55,47,0,10,11,2,1,1,10,0,0,1,0,100,238,423,FINAL (ENTRADA MANUAL)
18,2,3,81,80,0,78,21,0,0,0,74,133,21,13,14,0,0,5,65,71,0,12,13,3,3,1,8,3,0,0,1,81,261,423,FINAL (ENTRADA MANUAL)
18,2,4,84,45,0,95,19,1,0,2,67,123,25,8,11,1,0,11,50,43,0,8,9,1,3,1,9,1,0,0,0,121,246,423,FINAL (ENTRADA MANUAL)
18,2,5,86,73,0,64,14,0,1,0,70,125,13,10,7,0,0,13,58,68,0,10,3,1,5,0,9,3,0,0,0,81,238,423,FINAL (ENTRADA MANUAL)
18,3,1,64,46,0,109,14,1,0,0,59,115,30,12,10,0,0,8,45,37,0,9,7,0,3,3,17,1,0,0,0,112,234,377,FINAL (ENTRADA MANUAL)
18,3,2,47,50,1,104,14,0,0,1,39,117,26,10,15,0,0,10,32,44,1,10,10,1,5,1,13,0,1,0,0,100,218,377,FINAL (ENTRADA MANUAL)
18,3,3,42,45,2,92,21,0,0,0,27,104,21,18,20,0,0,12,26,39,1,14,15,0,6,0,2,0,0,0,0,99,202,377,FINAL (ENTRADA MANUAL)
18,4,1,79,45,1,32,7,0,0,1,61,66,4,10,4,0,0,20,50,39,1,8,4,0,2,0,0,0,0,0,0,61,165,323,FINAL (ENTRADA MANUAL)
18,5,1,74,41,0,74,22,0,0,0,69,92,16,13,15,2,0,4,60,36,0,9,14,1,4,0,6,1,0,0,0,80,211,402,FINAL (ENTRADA MANUAL)
18,5,2,75,44,2,77,14,0,0,2,64,99,17,16,10,0,0,8,57,38,1,15,7,0,5,1,8,0,1,1,0,82,216,402,FINAL (ENTRADA MANUAL)
18,5,3,75,56,0,60,18,0,0,0,61,95,17,14,12,0,0,10,51,52,0,13,8,0,1,1,7,2,1,0,0,74,210,402,FINAL (ENTRADA MANUAL)
18,5,4,61,49,0,73,13,0,0,1,45,101,24,10,10,0,0,7,34,46,0,10,9,1,2,1,7,0,1,0,0,86,198,403,FINAL (ENTRADA MANUAL)
18,6,1,139,52,0,37,10,0,0,0,121,86,15,4,7,0,0,5,110,47,0,3,7,2,3,0,4,0,0,0,0,62,238,396,FINAL (ENTRADA MANUAL)
18,6,2,134,55,0,25,10,0,0,0,104,75,5,5,10,0,0,25,91,50,0,4,7,0,3,0,2,3,0,0,0,64,224,396,FINAL (ENTRADA MANUAL)
18,7,1,99,48,0,56,16,0,0,0,76,79,13,15,12,0,0,24,67,39,0,15,9,1,2,0,0,0,0,1,0,86,220,398,FINAL (ENTRADA MANUAL)
18,7,2,89,58,1,62,19,1,1,1,76,97,13,9,17,0,1,19,71,50,1,8,16,1,5,0,8,0,2,0,0,72,234,398,FINAL (ENTRADA MANUAL)
18,7,3,93,58,0,56,21,1,0,0,80,90,23,8,22,0,0,6,72,57,0,7,18,2,0,0,13,0,0,0,0,60,229,398,FINAL (ENTRADA MANUAL)
18,7,4,80,46,0,68,19,1,0,0,64,94,15,13,10,0,0,18,47,40,0,12,7,2,6,0,8,1,3,0,0,91,217,398,FINAL (ENTRADA MANUAL)
18,8,1,116,56,0,69,15,1,0,0,98,97,20,13,12,0,0,17,86,46,0,12,10,1,2,1,5,1,1,0,0,93,258,476,FINAL (ENTRADA MANUAL)
18,8,2,117,45,1,60,17,0,0,0,94,95,18,7,14,0,0,12,85,39,0,7,9,2,3,0,4,0,0,0,0,91,240,476,FINAL (ENTRADA MANUAL)
18,8,3,91,49,0,70,14,0,0,0,76,89,23,13,10,0,0,13,61,39,0,12,8,2,4,0,4,0,2,0,0,94,226,476,FINAL (ENTRADA MANUAL)
18,8,4,102,51,1,50,16,0,0,1,92,83,10,10,15,0,0,11,87,48,1,9,11,1,3,0,3,1,0,0,0,57,221,476,FINAL (ENTRADA MANUAL)
18,72,1,3,3,0,0,0,0,0,0,2,0,0,0,0,0,0,0,3,0,0,0,0,0,0,0,0,0,0,0,0,0,3,0,FINAL (ENTRADA MANUAL)
18,72,2,3,0,0,0,0,0,0,0,3,0,0,0,0,0,0,0,3,0,0,0,0,0,0,0,0,0,0,0,0,0,3,0,FINAL (ENTRADA MANUAL)
18,72,3,135,41,0,32,15,0,0,0,130,56,12,10,13,0,0,2,128,38,0,10,12,1,0,1,2,9,0,0,0,31,223,0,FINAL (ENTRADA MANUAL)
18,72,4,31,2,0,2,0,1,0,0,29,4,1,1,0,0,0,1,27,2,0,1,0,2,0,0,0,0,1,0,0,4,37,0,FINAL (ENTRADA MANUAL)
18,72,5,22,3,0,1,0,0,0,0,21,4,0,0,0,0,0,1,21,1,0,0,0,0,0,0,0,0,0,0,0,4,26,0,FINAL (ENTRADA MANUAL)
18,72,6,0,0,0,0,0,0,0,0,0,0,0,0,0,0,0,0,0,0,0,0,0,0,0,0,0,0,0,0,0,0,0,0,FINAL (ENTRADA MANUAL)
18,72,7,1,0,0,3,0,0,0,0,1,1,1,1,0,0,0,0,1,0,0,1,0,0,0,1,0,0,0,0,0,1,4,0,FINAL (ENTRADA MANUAL)
18,72,8,0,0,0,0,0,0,0,0,0,0,0,0,0,0,0,0,0,0,0,0,0,0,0,0,0,0,0,0,0,0,0,0,FINAL (ENTRADA MANUAL)
18,72,9,6,1,0,1,0,0,0,0,6,1,1,0,0,0,0,0,6,1,0,0,0,0,0,0,1,0,0,0,0,0,8,0,FINAL (ENTRADA MANUAL)
18,73,1,69,269,0,43,8,0,0,0,56,285,4,9,4,0,0,31,49,239,0,8,3,5,3,0,2,0,0,0,0,80,389,0,FINAL (ENTRADA MANUAL)
18,73,2,0,0,0,0,0,0,0,0,0,0,0,0,0,0,0,0,0,0,0,0,0,0,0,0,0,0,0,0,0,0,0,0,FINAL (ENTRADA MANUAL)
18,73,3,0,2,0,0,0,0,0,0,0,2,0,0,0,0,0,0,0,2,0,0,0,0,0,0,0,0,0,0,0,0,2,0,FINAL (ENTRADA MANUAL)
18,73,4,6,1,0,0,0,0,0,0,6,1,0,0,0,0,0,0,6,1,0,0,0,0,0,0,0,0,0,0,0,0,7,0,FINAL (ENTRADA MANUAL)
18,74,1,0,0,0,1,0,0,0,0,0,0,1,0,0,0,0,0,0,0,0,0,0,0,0,0,1,0,0,0,0,0,1,0,FINAL (ENTRADA MANUAL)
18,74,2,0,0,0,0,0,0,0,0,0,0,0,0,0,0,0,0,0,0,0,0,0,0,0,0,0,0,0,0,0,0,0,0,FINAL (ENTRADA MANUAL)
18,75,1,2,2,0,2,0,1,0,0,4,3,0,0,0,0,0,0,2,2,0,0,0,0,0,0,0,0,0,0,0,3,7,0,FINAL (ENTRADA MANUAL)
18,75,2,0,0,0,0,0,0,0,0,0,0,0,0,0,0,0,0,0,0,0,0,0,0,0,0,0,0,0,0,0,0,0,0,FINAL (ENTRADA MANUAL)
18,76,1,14,1,0,2,0,0,0,0,11,0,0,1,0,0,0,5,8,0,0,1,0,0,0,0,0,0,0,0,0,8,17,0,FINAL (ENTRADA MANUAL)
18,76,2,0,0,0,0,0,0,0,0,0,0,0,0,0,0,0,0,0,0,0,0,0,0,0,0,0,0,0,0,0,0,0,0,FINAL (ENTRADA MANUAL)
18,76,3,3,1,0,0,0,0,0,0,3,1,0,0,0,0,0,0,3,1,0,0,0,0,0,0,0,0,0,0,0,0,4,0,FINAL (ENTRADA MANUAL)
18,76,4,0,0,0,0,0,0,0,0,0,0,0,0,0,0,0,0,0,0,0,0,0,0,0,0,0,0,0,0,0,0,0,0,FINAL (ENTRADA MANUAL)
18,76,5,1,0,0,0,0,0,0,0,1,0,0,0,0,0,0,0,1,0,0,0,0,0,0,0,0,0,0,0,0,0,1,0,FINAL (ENTRADA MANUAL)
18,77,1,0,0,0,0,0,0,0,0,0,0,0,0,0,0,0,0,0,0,0,0,0,0,0,0,0,0,0,0,0,0,0,0,FINAL (ENTRADA MANUAL)
18,77,2,9,0,0,16,1,0,0,0,8,8,6,3,1,0,0,0,7,1,0,3,1,0,0,0,2,0,0,0,0,12,26,0,FINAL (ENTRADA MANUAL)
18,77,3,0,0,0,0,0,0,0,0,0,0,0,0,0,0,0,0,0,0,0,0,0,0,0,0,0,0,0,0,0,0,0,0,FINAL (ENTRADA MANUAL)
18,77,4,0,0,0,4,0,0,0,0,1,2,1,0,0,0,0,0,0,0,0,0,0,0,0,0,1,0,0,0,0,3,4,0,FINAL (ENTRADA MANUAL)
18,77,5,4,2,0,3,0,0,0,0,3,5,1,0,0,0,0,0,3,2,0,0,0,1,0,0,2,0,0,0,0,1,9,0,FINAL (ENTRADA MANUAL)
18,78,1,21,4,0,8,4,0,0,0,13,12,2,1,4,0,0,5,12,4,0,1,3,0,0,0,2,0,1,0,0,15,38,0,FINAL (ENTRADA MANUAL)
18,78,2,8,1,0,1,0,0,0,1,7,1,1,0,0,0,0,2,4,3,0,0,0,0,0,0,0,0,0,0,0,7,11,0,FINAL (ENTRADA MANUAL)
18,78,3,5,2,0,1,1,0,0,0,4,4,0,1,0,0,0,0,2,2,0,0,0,0,0,0,0,0,0,0,0,5,9,0,FINAL (ENTRADA MANUAL)
18,78,4,0,0,0,1,0,0,0,0,0,0,1,0,0,0,0,0,0,0,0,0,0,0,0,0,1,0,0,0,0,0,1,0,FINAL (ENTRADA MANUAL)
19,1,1,81,53,0,98,28,0,0,0,63,130,23,13,18,0,0,13,59,43,0,10,17,4,3,1,8,1,0,0,0,114,260,443,FINAL (ENTRADA MANUAL)
19,1,2,89,40,1,101,23,0,0,0,70,108,40,6,23,0,0,7,64,32,1,4,18,3,2,1,9,2,1,0,0,118,255,443,FINAL (ENTRADA MANUAL)
19,1,3,78,48,0,87,26,0,0,1,64,105,25,14,22,0,0,10,52,42,0,13,15,1,0,1,7,2,0,0,1,107,241,443,FINAL (ENTRADA MANUAL)
19,1,4,66,44,0,109,26,1,0,1,55,115,34,13,21,0,0,9,43,34,0,10,17,3,6,2,12,0,1,0,0,120,248,443,FINAL (ENTRADA MANUAL)
19,1,5,73,37,0,100,28,0,0,2,60,112,26,13,19,0,0,10,53,35,0,12,13,2,4,1,10,2,0,1,1,108,242,443,FINAL (ENTRADA MANUAL)
19,1,6,80,51,1,84,37,0,0,1,69,99,28,14,34,0,0,10,58,43,1,12,28,1,2,0,3,2,0,0,1,104,255,443,FINAL (ENTRADA MANUAL)
19,1,7,84,45,0,99,23,0,1,1,74,99,36,17,22,0,0,5,61,38,0,14,15,1,0,1,9,1,0,1,0,113,254,444,FINAL (ENTRADA MANUAL)
19,2,1,77,68,3,75,22,1,0,0,58,120,22,9,22,0,0,15,51,61,3,9,18,4,1,2,6,0,0,1,0,91,247,486,FINAL (ENTRADA MANUAL)
19,2,2,83,53,0,68,15,0,1,0,73,90,13,20,11,0,0,13,56,47,0,19,10,0,1,0,5,0,0,0,0,82,220,486,FINAL (ENTRADA MANUAL)
19,2,3,60,28,2,43,14,0,1,2,49,63,8,5,13,0,0,12,44,23,2,4,12,1,0,1,5,1,0,0,0,57,150,487,FINAL (ENTRADA MANUAL)
19,3,1,83,37,0,99,14,0,0,1,58,108,21,20,14,0,0,13,43,31,0,18,8,4,5,1,8,0,0,1,1,116,236,408,FINAL (ENTRADA MANUAL)
19,3,2,90,41,0,88,18,1,0,0,80,95,31,9,13,0,0,10,71,34,0,9,8,1,3,1,7,0,0,0,0,104,238,408,FINAL (ENTRADA MANUAL)
19,3,3,66,32,0,97,18,0,0,0,56,94,29,11,12,0,0,11,43,26,0,10,10,1,1,1,7,1,0,0,0,113,213,408,FINAL (ENTRADA MANUAL)
19,3,4,79,32,0,90,31,0,0,0,66,90,32,15,23,1,0,5,55,28,0,15,16,2,0,2,8,1,0,0,0,105,232,409,FINAL (ENTRADA MANUAL)
19,4,1,111,59,1,80,16,0,0,0,85,116,18,18,10,0,0,20,70,54,1,16,6,3,5,0,8,2,0,0,0,102,267,548,FINAL (ENTRADA MANUAL)
19,4,2,100,45,3,68,29,0,0,3,82,102,18,7,19,0,0,20,77,40,1,7,13,3,4,3,4,0,2,0,0,96,250,549,FINAL (ENTRADA MANUAL)
19,5,1,91,48,1,122,19,0,0,0,76,129,33,22,16,0,0,5,63,37,1,20,12,3,1,0,7,0,0,2,0,137,283,466,FINAL (ENTRADA MANUAL)
19,5,2,93,43,0,110,32,0,0,0,79,119,24,24,27,0,0,5,68,40,0,20,22,0,2,0,7,1,0,0,0,118,278,466,FINAL (ENTRADA MANUAL)
19,5,3,79,30,0,106,17,0,0,1,60,104,28,16,15,0,0,10,50,25,0,15,13,1,5,1,6,0,0,0,0,117,233,466,FINAL (ENTRADA MANUAL)
19,5,4,87,45,0,98,22,0,1,0,76,119,24,17,11,0,0,6,67,39,0,16,7,1,5,0,8,3,0,0,0,107,253,466,FINAL (ENTRADA MANUAL)
19,5,5,90,51,0,117,29,0,0,0,77,124,27,22,24,0,0,13,57,46,0,17,18,2,1,3,5,3,0,0,0,135,287,466,FINAL (ENTRADA MANUAL)
19,5,6,75,42,1,116,26,0,0,0,65,118,36,15,25,1,0,0,55,35,0,12,16,3,1,1,11,2,0,0,0,124,260,466,FINAL (ENTRADA MANUAL)
19,5,7,77,43,1,126,25,0,0,0,66,125,40,14,21,0,0,6,57,38,1,11,18,0,1,2,8,0,0,0,0,136,272,466,FINAL (ENTRADA MANUAL)
19,5,8,85,31,0,125,20,0,1,0,68,120,30,12,16,0,1,15,59,24,0,10,14,0,2,3,13,0,0,0,0,137,262,463,FINAL (ENTRADA MANUAL)
19,6,1,82,76,0,62,24,0,1,3,64,122,17,7,17,1,0,20,57,68,0,7,14,0,2,0,9,1,0,0,0,90,249,483,FINAL (ENTRADA MANUAL)
19,6,2,116,53,0,65,18,0,0,0,90,107,15,12,13,0,0,15,82,47,0,10,7,2,3,0,6,0,0,0,0,95,252,483,FINAL (ENTRADA MANUAL)
19,6,3,86,55,1,67,22,0,2,0,70,111,15,8,19,0,1,9,65,49,1,4,14,1,4,0,6,1,0,1,0,88,234,483,FINAL (ENTRADA MANUAL)
19,6,4,118,50,0,64,15,0,0,0,93,93,16,7,15,0,0,23,79,43,0,7,10,0,3,1,3,1,2,0,0,100,249,483,FINAL (ENTRADA MANUAL)
19,6,5,115,51,1,64,31,0,0,1,93,99,21,14,26,0,1,9,82,44,1,13,22,2,1,0,3,4,0,0,0,91,263,483,FINAL (ENTRADA MANUAL)
19,6,6,103,53,1,60,16,0,2,0,83,92,15,16,15,0,0,14,71,46,1,16,9,2,1,0,4,3,2,1,0,82,238,485,FINAL (ENTRADA MANUAL)
19,7,1,103,61,0,76,40,0,0,2,86,106,24,17,27,0,0,22,78,55,0,14,24,1,2,1,7,3,0,0,0,97,282,510,FINAL (ENTRADA MANUAL)
19,7,2,95,48,2,79,34,0,1,1,78,97,28,17,25,0,0,15,74,39,1,16,21,0,1,0,7,0,0,0,0,101,260,510,FINAL (ENTRADA MANUAL)
19,7,3,109,63,0,81,35,0,0,0,87,120,30,12,25,0,0,14,83,51,0,11,23,2,5,0,7,1,2,0,0,105,290,510,FINAL (ENTRADA MANUAL)
19,7,4,85,62,2,87,26,0,1,1,66,130,17,21,18,0,0,12,57,57,2,18,13,2,3,0,6,2,0,0,0,104,264,512,FINAL (ENTRADA MANUAL)
19,8,1,33,79,0,41,9,0,0,0,28,103,9,9,6,0,0,7,24,69,0,9,5,1,0,0,4,0,1,0,1,50,164,232,FINAL (ENTRADA MANUAL)
19,9,1,88,70,1,53,13,0,0,1,64,99,21,9,10,0,0,23,61,56,0,7,9,0,0,2,8,1,1,1,1,82,229,414,FINAL (ENTRADA MANUAL)
19,9,2,85,77,1,62,12,0,0,0,69,117,16,9,11,0,0,15,61,66,1,6,8,1,1,1,3,1,1,0,0,88,238,414,FINAL (ENTRADA MANUAL)
19,9,3,64,71,2,53,14,0,1,1,44,102,15,11,9,0,0,25,38,58,2,11,9,0,0,1,5,1,0,0,0,81,206,414,FINAL (ENTRADA MANUAL)
19,9,4,76,69,0,56,10,0,0,1,65,99,13,10,8,0,0,17,59,57,0,9,8,0,2,0,6,0,1,0,0,71,213,415,FINAL (ENTRADA MANUAL)
19,10,1,59,77,0,50,17,0,0,0,53,105,8,8,19,0,0,9,45,67,0,6,13,1,3,0,2,1,1,0,0,65,203,345,FINAL (ENTRADA MANUAL)
19,10,2,53,70,1,62,18,0,0,0,46,111,22,4,12,0,0,9,43,63,1,4,10,1,2,0,7,2,0,0,0,71,204,345,FINAL (ENTRADA MANUAL)
19,10,3,81,51,0,50,13,0,0,1,57,90,11,10,11,0,1,16,52,45,0,9,8,2,1,0,3,0,4,1,0,76,201,346,FINAL (ENTRADA MANUAL)
19,11,1,83,51,2,87,12,0,0,0,73,95,33,12,11,0,0,11,66,43,2,11,7,1,2,2,8,0,1,0,1,93,237,438,FINAL (ENTRADA MANUAL)
19,11,2,62,51,0,96,14,0,1,0,53,109,30,10,11,0,0,11,45,42,0,9,7,0,4,3,14,0,1,0,0,100,225,438,FINAL (ENTRADA MANUAL)
19,11,3,76,55,0,85,16,1,1,1,59,114,22,11,11,1,0,17,46,50,0,10,7,1,4,0,10,0,0,0,0,107,219,438,FINAL (ENTRADA MANUAL)
19,11,4,69,60,0,94,12,0,0,0,55,116,23,13,13,0,0,15,50,48,0,12,7,3,3,1,8,2,0,0,0,101,235,439,FINAL (ENTRADA MANUAL)
19,72,1,1,0,0,0,0,1,0,0,2,0,0,0,0,0,0,0,1,0,0,0,0,1,0,0,0,0,0,0,0,0,2,0,FINAL (ENTRADA MANUAL)
19,72,2,0,2,0,1,0,0,0,0,0,3,0,0,0,0,0,0,0,2,0,0,0,0,0,0,1,0,0,0,0,0,3,0,FINAL (ENTRADA MANUAL)
19,72,3,359,70,0,109,14,0,0,0,339,140,38,17,10,1,0,7,325,62,0,16,7,2,4,4,24,2,0,1,0,106,553,0,FINAL (ENTRADA MANUAL)
19,72,4,65,22,0,12,5,2,0,1,64,28,5,2,5,0,0,3,60,21,0,1,4,1,0,1,6,0,3,0,0,13,110,0,FINAL (ENTRADA MANUAL)
19,72,5,17,5,0,6,1,0,0,0,18,7,2,1,1,0,0,0,16,2,0,1,0,0,0,1,0,0,0,0,0,9,29,0,FINAL (ENTRADA MANUAL)
19,72,6,2,0,0,0,0,0,0,0,2,0,0,0,0,0,0,0,2,0,0,0,0,0,0,0,0,0,0,0,0,0,2,0,FINAL (ENTRADA MANUAL)
19,72,7,0,0,0,0,0,0,0,0,0,0,0,0,0,0,0,0,0,0,0,0,0,0,0,0,0,0,0,0,0,0,0,0,FINAL (ENTRADA MANUAL)
19,72,8,6,2,0,1,2,0,0,0,6,5,0,0,0,0,0,0,5,1,0,0,0,0,0,0,0,0,0,0,0,5,11,0,FINAL (ENTRADA MANUAL)
19,72,9,2,0,0,0,0,0,0,0,2,0,0,0,0,0,0,0,2,0,0,0,0,0,0,0,0,0,0,0,0,0,2,0,FINAL (ENTRADA MANUAL)
19,72,10,0,0,0,0,0,0,0,0,0,0,0,0,0,0,0,0,0,0,0,0,0,0,0,0,0,0,0,0,0,0,0,0,FINAL (ENTRADA MANUAL)
19,72,11,0,0,0,0,0,0,0,0,0,0,0,0,0,0,0,0,0,0,0,0,0,0,0,0,0,0,0,0,0,0,0,0,FINAL (ENTRADA MANUAL)
19,72,12,3,2,0,1,0,0,0,0,3,3,0,0,0,0,0,0,3,2,0,0,0,0,0,0,0,0,0,0,0,1,6,0,FINAL (ENTRADA MANUAL)
19,73,1,121,346,0,35,9,0,1,2,95,366,9,1,4,0,0,39,86,302,0,1,4,2,5,1,7,0,0,0,0,106,514,0,FINAL (ENTRADA MANUAL)
19,73,2,0,0,0,0,0,0,0,0,0,0,0,0,0,0,0,0,0,0,0,0,0,0,0,0,0,0,0,0,0,0,0,0,FINAL (ENTRADA MANUAL)
19,73,3,0,0,0,0,0,0,0,0,0,0,0,0,0,0,0,0,0,0,0,0,0,0,0,0,0,0,0,0,0,0,0,0,FINAL (ENTRADA MANUAL)
19,73,4,52,140,2,12,1,0,0,0,45,140,2,5,0,0,0,15,41,124,1,4,0,1,1,0,0,0,3,5,0,35,215,0,FINAL (ENTRADA MANUAL)
19,74,1,0,0,0,0,0,0,0,0,0,0,0,0,0,0,0,0,0,0,0,0,0,0,0,0,0,0,0,0,0,0,0,0,FINAL (ENTRADA MANUAL)
19,74,2,0,0,0,0,0,0,0,0,0,0,0,0,0,0,0,0,0,0,0,0,0,0,0,0,0,0,0,0,0,0,0,0,FINAL (ENTRADA MANUAL)
19,75,1,0,0,0,0,0,0,0,0,0,0,0,0,0,0,0,0,0,0,0,0,0,0,0,0,0,0,0,0,0,0,0,0,FINAL (ENTRADA MANUAL)
19,75,2,0,0,0,0,0,0,0,0,0,0,0,0,0,0,0,0,0,0,0,0,0,0,0,0,0,0,0,0,0,0,0,0,FINAL (ENTRADA MANUAL)
19,76,1,17,1,0,1,0,0,0,0,12,2,1,0,1,0,0,3,8,1,0,0,0,0,0,0,0,0,0,0,0,10,19,0,FINAL (ENTRADA MANUAL)
19,76,2,0,0,0,0,0,0,1,0,0,0,0,0,1,0,0,0,0,0,0,0,0,0,0,0,0,0,0,0,0,1,1,0,FINAL (ENTRADA MANUAL)
19,76,3,2,0,0,0,0,0,0,0,0,0,1,0,0,0,0,1,0,0,0,0,0,0,0,0,0,0,0,0,0,2,2,0,FINAL (ENTRADA MANUAL)
19,76,4,0,0,0,0,0,0,0,0,0,0,0,0,0,0,0,0,0,0,0,0,0,0,0,0,0,0,0,0,0,0,0,0,FINAL (ENTRADA MANUAL)
19,76,5,1,0,0,0,0,0,0,0,0,0,0,0,0,0,0,1,0,0,0,0,0,0,0,0,0,0,0,0,0,1,1,0,FINAL (ENTRADA MANUAL)
19,76,6,1,0,0,0,0,0,0,0,0,0,0,0,0,0,0,0,1,0,0,0,0,0,0,0,0,0,0,0,0,0,1,0,FINAL (ENTRADA MANUAL)
19,77,1,2,0,0,4,0,0,0,0,2,1,3,0,0,0,0,0,2,0,0,0,0,1,0,0,1,0,0,0,0,3,6,0,FINAL (ENTRADA MANUAL)
19,77,2,2,1,0,28,3,0,0,0,0,9,15,1,3,0,0,0,0,1,0,1,23,1,1,3,9,0,0,0,0,18,34,0,FINAL (ENTRADA MANUAL)
19,77,3,0,0,0,3,1,0,0,0,0,1,0,2,1,0,0,0,0,0,0,2,1,0,0,0,1,0,0,0,0,0,4,0,FINAL (ENTRADA MANUAL)
19,77,4,3,4,0,7,1,0,0,0,3,6,2,4,1,0,0,0,3,4,0,4,1,0,0,0,0,0,0,0,0,4,16,0,FINAL (ENTRADA MANUAL)
19,78,1,64,43,1,30,17,0,0,1,56,59,13,4,14,1,0,9,48,36,0,4,10,1,0,1,1,1,0,0,0,54,156,0,FINAL (ENTRADA MANUAL)
19,78,2,9,1,0,2,0,0,0,0,4,2,0,1,1,0,0,4,4,1,0,1,0,0,0,0,0,0,0,0,0,6,12,0,FINAL (ENTRADA MANUAL)
19,78,3,0,0,0,0,0,0,0,0,0,0,0,0,0,0,0,0,0,0,0,0,0,0,0,0,0,0,0,0,0,0,0,0,FINAL (ENTRADA MANUAL)
19,78,4,5,2,0,0,0,0,0,0,3,4,0,0,0,0,0,0,2,2,0,0,0,0,0,0,0,0,0,0,0,3,7,0,FINAL (ENTRADA MANUAL)
20,1,1,104,75,1,34,6,0,0,0,88,102,11,2,4,0,0,13,86,68,1,2,3,3,2,0,5,1,1,0,0,49,221,480,FINAL (ENTRADA MANUAL)
20,1,2,109,59,0,44,4,0,0,2,93,86,17,6,2,0,0,14,83,55,0,6,1,0,3,0,2,0,4,0,0,68,222,479,FINAL (ENTRADA MANUAL)
20,2,1,122,72,0,81,9,1,0,0,107,131,12,10,5,3,0,17,98,67,0,8,4,3,2,0,6,1,0,0,0,96,285,512,FINAL (ENTRADA MANUAL)
20,2,2,98,80,0,79,10,0,0,1,82,136,18,5,7,0,1,19,77,66,0,3,4,2,1,0,4,0,2,0,0,111,270,512,FINAL (ENTRADA MANUAL)
20,2,3,119,60,0,66,10,1,0,0,95,116,13,14,6,0,0,12,88,55,0,13,6,0,2,0,2,0,0,0,0,90,256,512,FINAL (ENTRADA MANUAL)
20,2,4,113,68,0,71,11,0,0,1,89,118,18,13,8,0,0,18,76,60,0,12,6,3,3,0,2,2,1,0,0,100,265,512,FINAL (ENTRADA MANUAL)
20,3,1,94,85,0,83,23,0,0,1,75,156,23,8,11,0,0,13,70,71,0,6,6,3,2,0,9,2,0,0,1,117,287,504,FINAL (ENTRADA MANUAL)
20,3,2,98,78,0,75,26,0,0,3,84,143,13,11,20,0,0,9,76,68,0,9,17,1,1,0,4,0,0,0,0,104,280,504,FINAL (ENTRADA MANUAL)
20,3,3,67,100,0,85,17,1,0,0,47,164,18,12,12,1,0,16,42,84,0,11,11,3,1,1,5,2,0,0,0,110,270,504,FINAL (ENTRADA MANUAL)
20,4,1,121,56,1,60,11,1,0,2,105,90,23,10,9,0,0,15,101,48,0,8,4,1,3,0,7,1,1,0,0,79,253,491,FINAL (ENTRADA MANUAL)
20,4,2,126,55,1,56,14,0,0,0,103,102,10,8,10,1,0,18,97,52,0,8,9,2,5,0,8,2,1,0,0,69,253,491,FINAL (ENTRADA MANUAL)
20,4,3,130,67,0,64,11,0,1,1,95,112,14,13,9,0,0,31,76,53,0,11,8,0,3,1,2,1,1,1,0,119,276,491,FINAL (ENTRADA MANUAL)
20,4,4,111,68,1,82,15,0,0,0,99,119,24,9,15,0,0,11,92,62,0,9,10,0,2,0,14,0,0,1,0,88,278,491,FINAL (ENTRADA MANUAL)
20,5,1,99,69,0,60,4,0,0,0,86,103,15,11,3,0,0,14,78,60,0,10,2,2,2,2,8,0,0,0,0,68,232,402,FINAL (ENTRADA MANUAL)
20,5,2,94,63,0,49,7,0,0,0,70,99,14,10,5,0,0,15,66,59,0,7,2,2,1,0,4,0,1,0,0,72,214,402,FINAL (ENTRADA MANUAL)
20,5,3,91,59,0,58,8,0,0,0,77,96,10,10,4,0,0,19,70,56,0,10,3,1,3,0,4,1,1,0,0,68,217,402,FINAL (ENTRADA MANUAL)
20,5,4,89,68,0,60,7,0,0,1,79,99,14,16,6,0,0,11,73,60,0,14,5,0,0,0,0,0,1,0,0,73,226,404,FINAL (ENTRADA MANUAL)
20,6,1,119,72,1,75,12,0,0,0,96,136,9,15,11,0,0,12,88,70,0,13,8,3,4,0,4,0,1,0,0,89,280,457,FINAL (ENTRADA MANUAL)
20,6,2,99,63,0,64,25,1,0,2,83,114,15,7,18,0,0,17,75,60,0,7,13,2,3,0,5,4,1,0,0,85,255,457,FINAL (ENTRADA MANUAL)
20,6,3,81,79,0,68,26,0,1,1,70,121,20,13,19,0,0,13,58,73,0,11,15,0,2,0,7,0,0,0,0,90,256,457,FINAL (ENTRADA MANUAL)
20,6,4,109,48,0,56,20,0,0,2,98,89,11,8,18,0,0,11,83,42,0,7,16,0,1,1,4,2,1,1,0,79,237,457,FINAL (ENTRADA MANUAL)
20,6,5,115,54,0,69,15,0,0,0,100,113,14,10,10,0,0,6,88,47,0,9,8,1,1,0,8,1,1,0,0,90,254,457,FINAL (ENTRADA MANUAL)
20,6,6,110,68,0,60,13,1,0,1,96,109,13,6,11,0,0,18,88,59,0,6,7,2,4,0,1,1,6,0,0,85,259,455,FINAL (ENTRADA MANUAL)
20,7,1,121,57,1,68,13,0,0,0,110,101,25,9,7,0,0,8,105,56,0,8,7,3,2,0,12,1,0,0,0,66,260,477,FINAL (ENTRADA MANUAL)
20,7,2,96,65,0,71,9,0,0,1,84,113,22,8,3,0,0,12,82,60,0,8,2,2,4,2,11,1,0,0,0,70,242,477,FINAL (ENTRADA MANUAL)
20,7,3,112,80,0,60,5,0,0,0,100,117,16,13,3,0,0,8,92,76,0,11,2,1,2,2,7,0,0,1,0,64,258,477,FINAL (ENTRADA MANUAL)
20,7,4,110,70,1,58,17,0,0,0,92,110,13,13,14,0,0,14,84,62,0,11,12,1,6,0,5,1,1,0,0,74,257,477,FINAL (ENTRADA MANUAL)
20,7,5,118,73,0,63,12,0,0,0,99,119,17,7,9,0,0,15,89,64,0,6,6,1,1,0,5,1,0,0,0,93,266,477,FINAL (ENTRADA MANUAL)
20,8,1,85,88,0,65,8,0,0,0,70,141,14,8,7,0,0,6,65,80,0,7,2,3,1,0,6,1,2,1,0,81,249,441,FINAL (ENTRADA MANUAL)
20,8,2,84,101,0,52,9,0,0,2,69,143,8,5,6,0,0,17,61,87,0,5,3,0,2,0,2,1,0,0,0,87,248,441,FINAL (ENTRADA MANUAL)
20,8,3,90,103,0,42,1,0,0,1,77,125,12,8,3,0,0,12,73,93,0,8,1,0,1,0,5,0,0,0,0,56,237,440,FINAL (ENTRADA MANUAL)
20,9,1,71,54,0,30,7,0,0,0,58,89,3,2,5,0,0,5,50,48,0,2,5,1,5,0,0,1,0,0,0,50,162,227,FINAL (ENTRADA MANUAL)
20,10,1,69,60,0,37,7,0,0,0,58,95,9,2,3,0,0,6,57,58,0,2,3,4,2,0,2,0,3,0,0,45,176,320,FINAL (ENTRADA MANUAL)
20,10,2,80,59,0,41,7,0,0,1,73,89,13,6,4,0,0,3,68,58,0,6,3,2,2,0,4,0,0,0,0,45,188,319,FINAL (ENTRADA MANUAL)
20,11,1,125,53,0,20,3,0,0,0,125,64,4,0,2,0,0,6,119,51,0,0,2,0,0,0,3,0,0,0,0,26,201,300,FINAL (ENTRADA MANUAL)
20,12,1,85,78,0,25,3,0,0,0,74,103,3,1,2,0,0,8,70,73,0,0,0,0,2,0,2,1,0,0,0,43,191,292,FINAL (ENTRADA MANUAL)
20,12,2,90,72,0,25,2,0,0,0,75,94,3,3,1,0,0,13,72,65,0,2,1,0,0,0,1,0,1,0,0,48,190,293,FINAL (ENTRADA MANUAL)
20,13,1,139,35,0,24,11,0,0,0,131,58,1,3,8,0,0,8,131,33,0,2,7,1,1,0,0,0,0,0,0,34,209,345,FINAL (ENTRADA MANUAL)
20,13,2,158,30,0,21,3,0,0,1,149,46,4,1,3,0,0,10,148,26,0,1,3,0,2,0,3,0,1,0,0,30,214,345,FINAL (ENTRADA MANUAL)
20,14,1,129,44,1,60,12,0,0,0,109,88,17,6,12,0,0,14,101,42,1,5,10,2,3,0,10,1,2,0,0,71,248,426,FINAL (ENTRADA MANUAL)
20,14,2,109,66,0,52,12,0,0,1,84,110,13,8,11,0,0,14,77,57,0,6,7,1,1,0,8,0,2,0,0,83,242,426,FINAL (ENTRADA MANUAL)
20,14,3,110,49,0,56,4,0,0,1,95,94,12,6,7,0,0,6,89,45,0,6,2,3,2,0,6,1,0,0,0,66,220,426,FINAL (ENTRADA MANUAL)
20,14,4,91,70,0,48,9,0,0,0,83,95,9,10,8,0,0,13,75,60,0,10,5,0,3,0,4,0,0,0,0,61,218,427,FINAL (ENTRADA MANUAL)
20,72,1,317,23,0,14,3,0,0,0,312,33,3,3,2,0,0,4,303,18,0,3,2,2,0,0,1,1,0,0,0,27,357,0,FINAL (ENTRADA MANUAL)
20,72,2,0,0,0,0,0,0,0,0,0,0,0,0,0,0,0,0,0,0,0,0,0,0,0,0,0,0,0,0,0,0,0,0,FINAL (ENTRADA MANUAL)
20,72,3,508,45,1,34,5,2,0,2,491,75,13,5,2,0,0,11,476,41,1,5,1,3,0,2,4,1,0,0,0,63,597,0,FINAL (ENTRADA MANUAL)
20,72,4,24,2,0,3,1,0,0,0,24,3,1,0,1,0,0,1,24,2,0,0,1,0,0,0,0,0,2,0,0,3,32,0,FINAL (ENTRADA MANUAL)
20,72,5,53,5,0,4,0,0,1,0,51,8,2,0,1,0,0,1,49,5,0,0,0,1,0,0,0,0,0,0,0,8,63,0,FINAL (ENTRADA MANUAL)
20,72,6,4,0,0,0,0,0,0,0,4,0,0,0,0,0,0,0,3,0,0,0,0,0,0,0,0,0,0,0,0,1,4,0,FINAL (ENTRADA MANUAL)
20,72,7,64,11,0,5,0,0,0,0,62,13,3,1,0,0,0,1,61,11,0,1,0,0,0,0,1,0,2,1,0,6,83,0,FINAL (ENTRADA MANUAL)
20,72,8,8,0,0,0,0,0,0,0,8,0,0,0,0,0,0,0,8,0,0,0,0,0,0,0,0,0,0,0,0,0,8,0,FINAL (ENTRADA MANUAL)
20,72,9,47,5,0,2,3,0,0,0,47,7,0,1,1,0,1,0,44,4,0,1,1,1,0,0,0,0,0,0,0,6,57,0,FINAL (ENTRADA MANUAL)
20,72,10,0,0,0,0,0,0,0,0,0,0,0,0,0,0,0,0,0,0,0,0,0,0,0,0,0,0,0,0,0,0,0,0,FINAL (ENTRADA MANUAL)
20,72,11,8,2,0,0,0,0,0,0,8,2,0,0,0,0,0,0,8,2,0,0,0,0,0,0,0,0,0,0,0,0,10,0,FINAL (ENTRADA MANUAL)
20,72,12,3,0,0,0,0,0,0,0,3,0,0,0,0,0,0,0,3,0,0,0,0,0,0,0,0,0,0,0,0,0,3,0,FINAL (ENTRADA MANUAL)
20,73,1,78,646,0,29,4,0,0,2,61,657,5,7,2,0,0,27,59,623,0,7,2,0,2,0,1,0,0,0,0,65,759,0,FINAL (ENTRADA MANUAL)
20,73,2,0,0,0,0,0,0,0,0,0,0,0,0,0,0,0,0,0,0,0,0,0,0,0,0,0,0,0,0,0,0,0,0,FINAL (ENTRADA MANUAL)
20,73,3,0,0,0,0,0,0,0,0,0,0,0,0,0,0,0,0,0,0,0,0,0,0,0,0,0,0,0,0,0,0,0,0,FINAL (ENTRADA MANUAL)
20,73,4,0,0,0,0,0,0,0,0,0,0,0,0,0,0,0,0,0,0,0,0,0,0,0,0,0,0,0,0,0,0,0,0,FINAL (ENTRADA MANUAL)
20,73,5,31,172,0,10,2,0,2,1,22,177,1,1,0,0,2,1,22,158,0,1,0,0,1,0,0,0,2,0,2,35,220,0,FINAL (ENTRADA MANUAL)
20,74,1,0,0,0,1,0,0,0,0,0,1,0,0,0,0,0,0,0,0,0,0,0,0,0,0,0,0,0,0,0,1,1,0,FINAL (ENTRADA MANUAL)
20,74,2,0,0,0,0,0,0,0,0,0,0,0,0,0,0,0,0,0,0,0,0,0,0,0,0,0,0,0,0,0,0,0,0,FINAL (ENTRADA MANUAL)
20,75,1,0,0,0,1,0,0,0,0,0,0,0,1,0,0,0,0,0,0,0,1,0,0,0,0,0,0,0,0,0,0,1,0,FINAL (ENTRADA MANUAL)
20,76,1,18,1,0,1,0,0,0,0,15,1,0,1,0,0,0,3,13,1,0,1,0,0,0,0,0,0,1,0,0,5,21,0,FINAL (ENTRADA MANUAL)
20,76,2,1,1,0,0,0,0,0,0,1,1,0,0,0,0,0,0,1,1,0,0,0,0,0,0,0,0,0,0,0,0,2,0,FINAL (ENTRADA MANUAL)
20,76,3,2,0,0,0,0,0,0,0,2,0,0,0,0,0,0,0,2,0,0,0,0,0,0,0,0,0,0,0,0,0,2,0,FINAL (ENTRADA MANUAL)
20,76,5,3,0,0,0,0,0,0,0,1,0,0,0,0,0,0,2,1,0,0,0,0,0,0,0,0,0,0,0,0,2,3,0,FINAL (ENTRADA MANUAL)
20,76,6,0,0,0,0,0,0,0,0,0,0,0,0,0,0,0,0,0,0,0,0,0,0,0,0,0,0,0,0,0,0,0,0,FINAL (ENTRADA MANUAL)
20,77,1,3,3,0,1,2,0,0,0,3,3,1,0,2,0,0,0,3,3,0,0,2,0,0,0,0,0,0,0,0,1,9,0,FINAL (ENTRADA MANUAL)
20,77,2,3,4,0,12,0,0,0,0,3,5,10,1,0,0,0,0,2,3,0,1,0,0,0,1,1,0,0,0,0,11,19,0,FINAL (ENTRADA MANUAL)
20,77,3,1,0,0,3,0,0,0,0,1,1,2,0,0,0,0,0,1,0,0,0,0,0,0,0,0,0,0,0,0,3,4,0,FINAL (ENTRADA MANUAL)
20,78,1,32,31,0,6,2,0,0,0,30,28,1,2,2,0,0,8,30,26,0,2,2,0,0,0,0,0,0,0,1,11,72,0,FINAL (ENTRADA MANUAL)
20,78,2,7,1,0,1,0,0,0,0,5,1,0,0,0,0,0,3,3,0,0,0,0,0,0,0,0,0,1,0,0,6,10,0,FINAL (ENTRADA MANUAL)
20,78,3,7,3,0,4,1,0,0,0,3,6,1,1,1,0,0,3,3,3,0,1,1,0,1,0,0,0,0,0,0,6,15,0,FINAL (ENTRADA MANUAL)
20,78,4,2,0,0,0,0,0,0,0,2,0,0,0,0,0,0,0,2,0,0,0,0,0,0,0,0,0,0,0,0,0,2,0,FINAL (ENTRADA MANUAL)
21,1,1,117,37,0,78,24,0,0,0,107,101,12,10,20,0,0,6,102,33,0,10,16,0,4,0,4,0,0,0,0,87,256,475,FINAL (ENTRADA MANUAL)
21,1,2,103,46,0,79,24,0,0,1,92,106,20,12,17,0,0,6,83,43,0,12,15,1,1,2,7,0,0,0,0,89,253,475,FINAL (ENTRADA MANUAL)
21,1,3,107,46,1,81,17,0,0,0,92,108,18,7,17,1,0,9,80,34,0,6,12,3,2,1,12,0,0,1,0,102,253,475,FINAL (ENTRADA MANUAL)
21,1,4,117,51,0,73,21,0,0,0,86,115,19,11,12,0,0,19,80,46,0,10,11,3,1,1,7,0,1,0,0,103,263,475,FINAL (ENTRADA MANUAL)
21,1,5,115,44,0,89,32,0,0,0,101,114,16,10,29,0,0,10,93,40,0,9,22,4,3,0,6,0,1,0,0,103,281,475,FINAL (ENTRADA MANUAL)
21,1,6,114,44,0,75,23,0,0,2,88,98,20,15,21,0,0,16,80,39,0,12,18,0,5,0,5,0,1,1,0,99,260,475,FINAL (ENTRADA MANUAL)
21,1,7,132,34,0,66,23,1,1,3,113,82,22,6,21,1,1,14,103,28,0,5,14,1,2,0,6,1,0,0,0,100,260,475,FINAL (ENTRADA MANUAL)
21,1,8,101,41,0,76,23,0,0,0,88,86,23,9,22,0,0,13,76,30,0,8,16,1,4,0,5,1,1,0,0,100,242,474,FINAL (ENTRADA MANUAL)
21,2,1,117,44,0,59,36,0,0,0,95,91,16,11,35,0,0,8,85,40,0,10,22,3,0,0,7,1,0,0,0,88,256,429,FINAL (ENTRADA MANUAL)
21,2,2,94,38,0,64,42,0,0,2,76,84,19,9,40,0,0,12,68,34,0,8,33,1,0,2,4,1,0,0,0,89,240,429,FINAL (ENTRADA MANUAL)
21,2,3,94,38,1,43,49,0,0,1,78,69,13,11,43,0,0,12,72,31,0,8,36,0,2,3,1,3,0,0,0,70,226,429,FINAL (ENTRADA MANUAL)
21,2,4,100,35,0,43,32,0,0,0,80,62,7,10,28,0,1,22,73,26,0,9,23,0,1,1,2,0,2,0,0,75,212,429,FINAL (ENTRADA MANUAL)
21,72,1,0,0,0,0,0,0,0,0,0,0,0,0,0,0,0,0,0,0,0,0,0,0,0,0,0,0,0,0,0,0,0,0,FINAL (ENTRADA MANUAL)
21,72,2,21,5,0,1,1,0,0,0,17,8,0,0,0,0,0,3,17,3,0,0,0,1,0,0,0,0,0,0,0,7,28,0,FINAL (ENTRADA MANUAL)
21,72,3,128,22,0,27,10,2,0,1,122,42,10,4,10,0,0,2,108,19,0,4,6,1,1,1,5,1,0,0,1,44,191,0,FINAL (ENTRADA MANUAL)
21,72,4,19,4,0,1,1,0,0,0,17,7,0,0,1,0,0,0,17,4,0,0,1,0,1,0,0,0,0,0,0,2,25,0,FINAL (ENTRADA MANUAL)
21,72,5,0,0,0,0,0,0,0,0,0,0,0,0,0,0,0,0,0,0,0,0,0,0,0,0,0,0,0,0,0,0,0,0,FINAL (ENTRADA MANUAL)
21,72,6,6,3,0,1,1,0,0,0,5,6,0,0,0,0,0,0,5,3,0,0,0,0,0,0,0,1,0,0,0,2,11,0,FINAL (ENTRADA MANUAL)
21,72,7,5,1,0,0,0,0,0,0,5,1,0,0,0,0,0,0,4,1,0,0,0,0,0,0,0,0,0,0,0,1,6,0,FINAL (ENTRADA MANUAL)
21,72,8,0,0,0,0,0,0,0,0,0,0,0,0,0,0,0,0,0,0,0,0,0,0,0,0,0,0,0,0,0,0,0,0,FINAL (ENTRADA MANUAL)
21,72,9,3,0,0,0,0,0,0,0,3,0,0,0,0,0,0,0,3,0,0,0,0,0,0,0,0,0,0,0,0,0,3,0,FINAL (ENTRADA MANUAL)
21,73,1,88,99,0,0,3,0,0,0,85,98,0,0,2,0,1,4,77,84,0,0,0,1,4,0,0,2,0,0,0,22,190,0,FINAL (ENTRADA MANUAL)
21,73,2,1,0,0,0,0,0,0,0,0,1,0,0,0,0,0,0,0,0,0,0,0,0,0,0,0,0,0,0,0,1,1,0,FINAL (ENTRADA MANUAL)
21,73,3,0,0,0,0,0,0,0,0,0,0,0,0,0,0,0,0,0,0,0,0,0,0,0,0,0,0,0,0,0,0,0,0,FINAL (ENTRADA MANUAL)
21,74,1,0,0,0,0,0,0,0,0,0,0,0,0,0,0,0,0,0,0,0,0,0,0,0,0,0,0,0,0,0,0,0,0,FINAL (ENTRADA MANUAL)
21,74,2,0,0,0,0,0,0,0,0,0,0,0,0,0,0,0,0,0,0,0,0,0,0,0,0,0,0,0,0,0,0,0,0,FINAL (ENTRADA MANUAL)
21,75,1,0,0,0,2,0,0,0,0,0,0,0,1,0,0,0,1,0,0,0,0,0,0,0,0,0,0,0,0,0,2,2,0,FINAL (ENTRADA MANUAL)
21,75,2,1,0,0,0,0,0,0,0,1,0,0,0,0,0,0,0,1,0,0,0,0,0,0,0,0,0,0,0,0,0,1,0,FINAL (ENTRADA MANUAL)
21,76,1,4,0,0,0,0,0,0,0,4,0,0,0,0,0,0,0,4,0,0,0,0,0,0,0,0,0,0,0,0,0,4,0,FINAL (ENTRADA MANUAL)
21,76,2,0,0,0,0,0,0,0,0,0,0,0,0,0,0,0,0,0,0,0,0,0,0,0,0,0,0,0,0,0,0,0,0,FINAL (ENTRADA MANUAL)
21,76,3,1,0,0,0,0,0,1,0,2,0,0,0,0,0,0,0,1,0,0,0,0,1,0,0,0,0,0,0,0,0,2,0,FINAL (ENTRADA MANUAL)
21,77,1,0,0,0,0,0,0,0,0,0,0,0,0,0,0,0,0,0,0,0,0,0,0,0,0,0,0,0,0,0,0,0,0,FINAL (ENTRADA MANUAL)
21,77,2,1,0,0,1,1,0,0,0,1,1,1,0,0,0,0,0,1,0,0,0,0,0,0,0,0,0,0,0,0,2,3,0,FINAL (ENTRADA MANUAL)
21,77,3,0,0,0,1,3,0,0,0,1,3,0,0,0,0,0,0,0,0,0,0,0,0,0,0,0,0,0,0,0,4,4,0,FINAL (ENTRADA MANUAL)
21,78,1,14,3,0,10,3,0,0,0,10,8,3,2,2,0,0,5,9,2,0,2,2,0,0,0,1,0,0,0,0,14,30,0,FINAL (ENTRADA MANUAL)
21,78,2,3,0,0,0,0,0,0,0,3,0,0,0,0,0,0,0,3,0,0,0,0,0,0,0,0,0,0,0,0,0,3,0,FINAL (ENTRADA MANUAL)
21,78,3,1,0,0,0,0,0,0,0,1,0,0,0,0,0,0,0,1,0,0,0,0,0,0,0,0,0,0,0,0,0,1,0,FINAL (ENTRADA MANUAL)
21,78,4,0,0,0,1,0,0,0,0,0,1,0,0,0,0,0,0,0,0,0,0,0,0,0,0,0,0,0,0,0,1,1,0,FINAL (ENTRADA MANUAL)
22,1,1,105,41,0,43,22,1,0,1,93,81,9,9,14,0,0,7,87,37,0,9,12,2,0,0,2,2,0,0,0,62,213,376,FINAL (ENTRADA MANUAL)
22,1,2,96,36,0,54,21,0,0,0,76,81,15,8,14,0,0,13,71,29,0,7,11,1,3,0,5,2,1,0,0,78,208,376,FINAL (ENTRADA MANUAL)
22,1,3,84,32,0,55,24,0,0,0,74,69,11,10,19,0,1,11,57,31,0,10,14,0,1,2,3,0,0,0,1,77,196,376,FINAL (ENTRADA MANUAL)
22,2,1,110,35,1,29,21,0,0,1,94,64,5,8,16,0,0,10,83,23,1,7,13,1,0,0,1,2,0,0,0,66,197,412,FINAL (ENTRADA MANUAL)
22,2,2,125,36,0,23,27,0,0,0,107,57,6,6,17,0,0,18,101,29,0,5,15,3,1,0,2,0,0,0,0,55,211,412,FINAL (ENTRADA MANUAL)
22,2,3,123,32,0,33,25,0,0,0,115,55,6,9,18,0,0,10,106,23,0,8,13,1,1,0,0,1,0,0,1,60,214,413,FINAL (ENTRADA MANUAL)
22,3,1,110,25,0,101,17,1,0,1,83,112,31,10,13,0,0,6,73,22,0,8,9,2,7,1,10,1,0,0,0,122,255,439,FINAL (ENTRADA MANUAL)
22,3,2,97,22,0,98,26,0,1,0,84,98,18,14,26,0,0,4,78,18,0,14,19,2,5,0,12,2,0,1,0,94,245,439,FINAL (ENTRADA MANUAL)
22,3,3,101,33,1,78,13,0,0,2,95,85,26,9,10,0,0,3,86,31,0,9,8,1,2,2,16,1,1,0,0,72,229,439,FINAL (ENTRADA MANUAL)
22,3,4,119,20,0,101,25,0,1,0,97,85,43,13,17,0,0,11,86,16,0,12,13,1,0,1,10,0,1,0,0,127,267,439,FINAL (ENTRADA MANUAL)
22,3,5,91,28,0,112,19,0,0,1,85,86,31,18,19,0,1,11,72,21,0,16,11,1,2,2,9,0,0,0,0,117,251,439,FINAL (ENTRADA MANUAL)
22,3,6,110,26,0,88,21,1,0,1,81,102,22,13,16,0,0,13,74,22,0,9,12,1,1,1,6,1,0,0,0,120,247,438,FINAL (ENTRADA MANUAL)
22,4,1,91,33,1,48,10,0,0,0,80,72,9,9,9,0,0,4,76,33,0,8,4,2,0,2,2,1,0,0,0,55,183,307,FINAL (ENTRADA MANUAL)
22,4,2,73,37,0,58,13,0,0,0,57,80,13,10,9,0,0,12,55,31,0,10,7,2,2,0,4,0,0,0,0,70,181,307,FINAL (ENTRADA MANUAL)
22,5,1,107,35,0,92,13,0,1,2,91,101,31,10,10,0,0,7,84,30,0,8,5,4,2,2,7,2,0,0,0,106,250,450,FINAL (ENTRADA MANUAL)
22,5,2,93,36,1,79,18,0,1,0,82,90,17,13,15,0,0,11,76,31,1,12,10,5,1,0,5,0,1,0,0,87,229,451,FINAL (ENTRADA MANUAL)
22,6,1,126,44,0,67,18,0,0,0,113,94,13,15,12,0,0,8,109,42,0,15,10,1,1,1,9,1,0,0,0,66,255,536,FINAL (ENTRADA MANUAL)
22,6,2,102,39,0,63,13,0,0,0,78,92,10,11,9,0,0,17,73,34,0,7,6,1,0,0,10,3,1,0,0,83,218,536,FINAL (ENTRADA MANUAL)
22,6,3,114,32,1,81,19,0,0,0,97,94,18,13,14,0,0,11,86,30,1,11,12,0,1,0,6,1,1,0,0,99,248,536,FINAL (ENTRADA MANUAL)
22,6,4,122,28,1,65,20,2,0,0,107,77,11,17,18,2,0,6,97,24,1,16,13,3,5,0,8,1,1,0,0,70,239,536,FINAL (ENTRADA MANUAL)
22,6,5,131,31,0,68,15,0,0,0,107,77,18,13,15,0,0,15,99,27,0,12,10,5,0,0,8,0,3,0,0,84,248,536,FINAL (ENTRADA MANUAL)
22,6,6,124,34,0,53,18,0,0,0,101,83,7,11,11,0,0,16,92,28,0,10,9,2,6,0,7,1,0,0,1,74,230,538,FINAL (ENTRADA MANUAL)
22,7,1,124,57,0,52,19,0,0,0,110,96,11,11,10,0,0,14,102,54,0,8,9,0,3,0,5,0,0,0,1,71,253,466,FINAL (ENTRADA MANUAL)
22,7,2,138,47,1,55,17,0,0,0,124,89,20,2,16,0,0,7,117,45,1,1,12,0,0,0,10,0,0,0,0,72,258,466,FINAL (ENTRADA MANUAL)
22,8,1,111,31,0,68,27,0,0,1,97,78,20,12,20,0,1,10,84,28,0,11,16,5,3,2,5,0,0,1,0,84,239,399,FINAL (ENTRADA MANUAL)
22,8,2,119,22,1,77,21,0,0,1,102,79,23,11,18,0,0,8,94,19,1,9,15,2,0,1,6,0,1,0,0,94,242,399,FINAL (ENTRADA MANUAL)
22,9,1,109,36,0,54,21,0,0,0,98,62,22,4,12,0,0,22,90,32,0,4,11,1,2,0,4,2,0,0,0,74,220,444,FINAL (ENTRADA MANUAL)
22,9,2,102,31,0,51,14,0,0,2,87,75,11,3,12,0,0,12,78,25,0,3,9,3,3,1,7,1,1,0,0,70,201,444,FINAL (ENTRADA MANUAL)
22,9,3,119,34,1,47,20,0,0,0,108,67,16,7,15,0,0,8,102,26,1,6,12,2,3,1,5,0,0,0,1,63,222,444,FINAL (ENTRADA MANUAL)
22,9,4,89,40,0,58,12,0,0,0,77,81,19,7,8,0,0,7,69,35,0,7,6,1,0,2,5,1,0,0,0,73,199,442,FINAL (ENTRADA MANUAL)
22,10,1,137,39,2,76,22,2,0,1,117,104,12,8,23,0,0,15,107,32,1,8,18,2,3,0,7,2,0,0,0,99,279,486,FINAL (ENTRADA MANUAL)
22,10,2,119,30,0,78,20,4,0,0,108,96,10,13,14,0,0,10,93,26,0,9,11,1,3,0,10,0,1,0,0,98,252,486,FINAL (ENTRADA MANUAL)
22,10,3,120,27,0,89,23,0,0,0,106,85,25,12,19,1,0,11,98,19,0,11,12,3,1,2,17,2,0,0,0,94,259,487,FINAL (ENTRADA MANUAL)
22,11,1,128,43,1,95,11,0,0,2,103,102,32,17,11,0,0,15,97,38,0,13,7,1,4,2,5,0,0,0,0,113,280,516,FINAL (ENTRADA MANUAL)
22,11,2,108,39,0,104,26,2,0,0,98,108,30,18,18,0,0,7,91,35,0,17,15,1,2,0,9,2,0,0,0,107,279,516,FINAL (ENTRADA MANUAL)
22,11,3,124,33,0,68,25,1,1,1,104,77,26,13,21,1,1,10,96,29,0,12,16,2,0,0,7,3,0,1,0,88,254,516,FINAL (ENTRADA MANUAL)
22,11,4,124,32,0,91,28,1,0,0,118,114,15,7,20,0,0,2,108,30,0,6,10,5,2,1,6,10,0,0,0,98,276,517,FINAL (ENTRADA MANUAL)
22,72,1,150,34,0,15,7,0,0,0,143,47,10,2,2,0,0,2,138,32,0,2,2,3,0,0,3,0,0,0,0,26,206,0,FINAL (ENTRADA MANUAL)
22,72,2,32,0,0,3,1,0,0,0,32,0,3,0,1,0,0,0,32,0,0,0,1,0,0,0,2,0,0,0,0,1,36,0,FINAL (ENTRADA MANUAL)
22,72,3,267,68,0,42,18,1,0,1,254,108,15,4,11,0,0,5,239,57,0,3,6,4,2,1,10,0,0,0,1,75,398,0,FINAL (ENTRADA MANUAL)
22,72,4,97,17,0,11,6,0,0,0,90,29,6,1,3,0,0,3,88,16,0,1,3,1,1,2,5,0,2,0,0,14,133,0,FINAL (ENTRADA MANUAL)
22,72,5,17,1,0,1,2,0,0,0,16,5,0,0,0,0,0,0,16,1,0,0,0,0,0,0,0,0,0,0,0,4,21,0,FINAL (ENTRADA MANUAL)
22,72,6,2,0,0,0,0,0,0,0,2,0,0,0,0,0,0,0,2,0,0,0,0,0,0,0,0,0,0,0,0,0,2,0,FINAL (ENTRADA MANUAL)
22,72,7,22,4,0,1,0,0,0,0,16,7,0,0,1,0,0,3,16,4,0,0,0,0,0,0,0,0,0,0,0,7,27,0,FINAL (ENTRADA MANUAL)
22,72,8,0,0,0,0,0,0,0,0,0,0,0,0,0,0,0,0,0,0,0,0,0,0,0,0,0,0,0,0,0,0,0,0,FINAL (ENTRADA MANUAL)
22,73,1,201,192,0,14,7,0,0,0,182,204,3,1,3,0,0,21,174,177,0,1,3,1,6,0,4,0,0,0,0,48,414,0,FINAL (ENTRADA MANUAL)
22,73,2,0,0,0,0,0,0,0,0,0,0,0,0,0,0,0,0,0,0,0,0,0,0,0,0,0,0,0,0,0,0,0,0,FINAL (ENTRADA MANUAL)
22,73,3,0,0,0,0,0,0,0,0,0,0,0,0,0,0,0,0,0,0,0,0,0,0,0,0,0,0,0,0,0,0,0,0,FINAL (ENTRADA MANUAL)
22,74,1,0,0,0,0,0,0,0,0,0,0,0,0,0,0,0,0,0,0,0,0,0,0,0,0,0,0,0,0,0,0,0,0,FINAL (ENTRADA MANUAL)
22,74,2,0,0,0,0,0,0,0,0,0,0,0,0,0,0,0,0,0,0,0,0,0,0,0,0,0,0,0,0,0,0,0,0,FINAL (ENTRADA MANUAL)
22,75,1,1,0,0,0,0,4,0,0,1,0,0,0,1,2,0,1,0,0,0,0,0,2,0,0,0,0,0,0,0,3,5,0,FINAL (ENTRADA MANUAL)
22,76,1,24,3,0,2,0,0,0,0,23,4,0,1,0,0,0,1,21,3,0,1,0,0,0,0,0,0,0,1,0,4,30,0,FINAL (ENTRADA MANUAL)
22,76,2,1,0,0,0,0,0,1,0,1,0,0,0,0,0,1,0,1,0,0,0,0,0,0,0,0,0,0,0,0,1,2,0,FINAL (ENTRADA MANUAL)
22,76,3,5,0,0,1,1,0,0,0,4,0,0,1,1,0,0,1,3,0,0,1,1,0,0,0,0,0,0,0,0,2,7,0,FINAL (ENTRADA MANUAL)
22,76,4,0,0,0,0,0,0,0,0,0,0,0,0,0,0,0,0,0,0,0,0,0,0,0,0,0,0,0,0,0,0,0,0,FINAL (ENTRADA MANUAL)
22,76,5,7,0,0,0,0,0,0,0,5,0,0,0,0,0,0,2,1,0,0,0,0,0,0,0,0,0,0,0,0,6,7,0,FINAL (ENTRADA MANUAL)
22,76,6,0,0,0,0,0,0,0,0,0,0,0,0,0,0,0,0,0,0,0,0,0,0,0,0,0,0,0,0,0,0,0,0,FINAL (ENTRADA MANUAL)
22,77,1,2,3,0,5,0,0,0,0,2,4,3,1,0,0,0,0,2,3,0,1,0,0,0,0,0,0,0,0,0,4,10,0,FINAL (ENTRADA MANUAL)
22,77,2,5,5,1,19,1,0,0,0,4,10,14,1,1,0,0,0,4,5,0,1,1,0,0,1,1,0,0,0,0,17,30,0,FINAL (ENTRADA MANUAL)
22,77,3,3,1,0,2,2,0,0,0,4,2,1,0,1,0,0,0,3,0,0,0,1,0,0,0,0,0,0,0,0,4,8,0,FINAL (ENTRADA MANUAL)
22,78,1,54,14,0,13,10,0,1,0,45,23,2,4,8,1,0,9,43,12,0,3,6,0,0,0,0,1,2,0,0,27,94,0,FINAL (ENTRADA MANUAL)
22,78,2,14,1,0,1,0,0,0,0,10,2,0,1,0,0,0,3,8,1,0,0,0,0,0,0,0,0,0,0,0,6,16,0,FINAL (ENTRADA MANUAL)
22,78,3,7,5,0,3,1,0,0,0,6,6,2,1,1,0,0,0,6,4,0,1,0,0,0,0,0,0,0,0,0,5,16,0,FINAL (ENTRADA MANUAL)
22,78,4,0,0,0,0,0,0,0,0,0,0,0,0,0,0,0,0,0,0,0,0,0,0,0,0,0,0,0,0,0,0,0,0,FINAL (ENTRADA MANUAL)
24,1,1,134,28,0,29,42,0,0,1,117,62,3,7,33,0,0,12,102,25,0,7,30,2,0,0,4,0,3,0,0,64,237,468,FINAL (ENTRADA MANUAL)
24,1,2,130,34,0,42,41,1,1,0,112,74,7,7,36,0,0,13,100,28,0,7,30,4,0,0,1,1,0,0,0,78,249,469,FINAL (ENTRADA MANUAL)
24,2,1,140,52,0,39,27,0,0,0,111,90,5,10,19,0,0,23,102,38,0,7,14,1,2,0,1,3,3,0,0,90,261,507,FINAL (ENTRADA MANUAL)
24,2,2,124,40,0,41,34,0,0,1,107,70,12,8,21,1,0,21,96,31,0,8,17,3,2,0,3,0,0,0,0,80,240,507,FINAL (ENTRADA MANUAL)
24,2,3,128,35,3,43,31,0,0,0,110,68,9,8,31,0,0,14,94,25,2,8,24,2,0,0,4,1,0,0,0,80,240,508,FINAL (ENTRADA MANUAL)
24,3,1,120,35,0,76,30,0,0,1,100,101,18,15,22,0,0,6,90,31,0,14,22,0,2,0,7,1,0,0,0,95,262,490,FINAL (ENTRADA MANUAL)
24,3,2,98,42,0,81,29,0,0,0,84,102,19,17,17,0,0,11,76,35,0,17,16,3,1,0,10,1,1,0,0,91,251,490,FINAL (ENTRADA MANUAL)
24,3,3,116,21,0,66,31,0,0,1,91,77,12,10,27,0,0,18,83,19,0,9,24,1,0,0,9,3,1,0,0,87,236,490,FINAL (ENTRADA MANUAL)
24,3,4,125,35,0,62,39,0,0,2,96,91,10,13,29,0,0,24,83,28,0,10,21,1,0,0,3,1,1,0,0,116,264,492,FINAL (ENTRADA MANUAL)
24,4,1,114,34,0,42,18,1,1,1,96,59,11,7,14,0,1,23,86,24,0,7,9,2,2,0,6,2,0,0,0,73,211,420,FINAL (ENTRADA MANUAL)
24,4,2,114,32,0,30,19,0,0,0,101,49,8,11,18,0,0,8,100,26,0,11,16,1,0,0,4,0,0,0,0,37,195,420,FINAL (ENTRADA MANUAL)
24,4,3,121,28,0,29,17,0,0,1,101,58,7,5,12,0,0,13,95,23,0,5,10,3,0,0,4,1,0,0,0,55,196,419,FINAL (ENTRADA MANUAL)
24,5,1,137,33,0,39,32,0,1,1,119,62,11,8,29,0,0,14,109,28,0,8,26,1,1,1,5,0,1,0,0,64,244,456,FINAL (ENTRADA MANUAL)
24,5,2,125,31,0,56,34,0,0,0,111,70,15,13,24,0,0,13,99,26,0,10,19,2,1,0,5,2,0,0,0,82,246,456,FINAL (ENTRADA MANUAL)
24,6,1,154,32,0,40,49,0,0,0,136,78,8,5,35,0,0,13,127,28,0,5,29,2,0,1,3,1,0,0,0,79,275,475,FINAL (ENTRADA MANUAL)
24,7,1,78,24,0,41,25,0,0,0,75,58,8,7,17,0,0,3,67,19,0,5,13,0,0,0,1,4,0,0,0,59,168,241,FINAL (ENTRADA MANUAL)
24,7,2,67,32,0,38,14,1,0,0,61,60,7,7,10,0,0,7,56,26,0,6,8,2,1,0,2,3,1,0,0,48,153,241,FINAL (ENTRADA MANUAL)
24,72,1,1,1,0,0,0,0,0,0,1,1,0,0,0,0,0,0,1,1,0,0,0,0,0,0,0,0,0,0,0,0,2,0,FINAL (ENTRADA MANUAL)
24,72,2,0,0,0,0,0,0,0,0,0,0,0,0,0,0,0,0,0,0,0,0,0,0,0,0,0,0,0,0,0,0,0,0,FINAL (ENTRADA MANUAL)
24,72,3,74,20,0,19,8,0,0,0,69,36,8,4,4,0,0,0,63,16,0,4,4,1,3,0,8,0,0,0,0,22,121,0,FINAL (ENTRADA MANUAL)
24,72,4,6,2,0,6,0,1,0,0,7,2,3,3,0,0,0,0,5,2,0,3,0,0,0,0,3,0,0,0,0,2,15,0,FINAL (ENTRADA MANUAL)
24,72,5,9,2,0,1,0,0,0,0,9,2,1,0,0,0,0,0,7,2,0,0,0,0,0,0,1,0,0,0,0,2,12,0,FINAL (ENTRADA MANUAL)
24,72,6,0,0,0,1,0,0,0,0,0,0,1,0,0,0,0,0,0,0,0,0,0,0,0,0,1,0,0,0,0,0,1,0,FINAL (ENTRADA MANUAL)
24,72,7,2,0,0,0,0,0,0,0,2,0,0,0,0,0,0,0,2,0,0,0,0,0,0,0,0,0,0,0,0,0,2,0,FINAL (ENTRADA MANUAL)
24,73,1,224,94,0,19,13,0,0,0,207,104,2,5,9,0,0,23,197,85,0,4,7,1,0,0,2,0,0,0,0,54,350,0,FINAL (ENTRADA MANUAL)
24,73,2,0,0,0,0,0,0,0,0,0,0,0,0,0,0,0,0,0,0,0,0,0,0,0,0,0,0,0,0,0,0,0,0,FINAL (ENTRADA MANUAL)
24,73,3,21,6,0,2,4,0,0,0,20,6,0,2,4,0,0,0,18,6,0,1,4,0,0,0,0,0,5,0,0,4,38,0,FINAL (ENTRADA MANUAL)
24,74,1,0,0,0,0,1,0,0,0,0,0,0,0,1,0,0,0,0,0,0,0,1,0,0,0,0,0,0,0,0,0,1,0,FINAL (ENTRADA MANUAL)
24,74,2,0,0,0,0,0,0,0,0,0,0,0,0,0,0,0,0,0,0,0,0,0,0,0,0,0,0,0,0,0,0,0,0,FINAL (ENTRADA MANUAL)
24,75,1,0,0,0,0,0,0,0,0,0,0,0,0,0,0,0,0,0,0,0,0,0,0,0,0,0,0,0,0,0,0,0,0,FINAL (ENTRADA MANUAL)
24,75,2,0,0,0,0,0,0,0,0,0,0,0,0,0,0,0,0,0,0,0,0,0,0,0,0,0,0,0,0,0,0,0,0,FINAL (ENTRADA MANUAL)
24,76,1,5,3,0,1,0,0,0,0,4,4,0,0,0,0,0,1,4,2,0,0,0,0,0,0,0,0,0,0,0,3,9,0,FINAL (ENTRADA MANUAL)
24,76,2,0,0,0,0,0,0,0,0,0,0,0,0,0,0,0,0,0,0,0,0,0,0,0,0,0,0,0,0,0,0,0,0,FINAL (ENTRADA MANUAL)
24,76,3,1,0,0,0,0,0,0,0,1,0,0,0,0,0,0,0,1,0,0,0,0,0,0,0,0,0,0,0,0,0,1,0,FINAL (ENTRADA MANUAL)
24,76,5,1,0,0,0,0,0,0,0,0,0,0,0,0,0,0,1,0,0,0,0,0,0,0,0,0,0,0,0,0,1,1,0,FINAL (ENTRADA MANUAL)
24,76,6,0,0,0,0,0,0,0,0,0,0,0,0,0,0,0,0,0,0,0,0,0,0,0,0,0,0,0,0,0,0,0,0,FINAL (ENTRADA MANUAL)
24,77,1,1,0,0,3,0,0,0,0,1,0,3,0,0,0,0,0,1,0,0,0,0,0,0,1,2,0,0,0,0,0,4,0,FINAL (ENTRADA MANUAL)
24,77,2,0,0,0,1,0,0,0,0,0,0,1,0,0,0,0,0,0,0,0,0,0,0,0,0,0,0,0,0,0,1,1,0,FINAL (ENTRADA MANUAL)
24,77,3,5,0,0,2,0,0,0,0,4,1,1,1,0,0,0,0,4,0,0,1,0,0,0,0,0,0,0,0,0,2,7,0,FINAL (ENTRADA MANUAL)
24,78,1,42,10,1,9,4,0,0,0,38,14,3,2,3,0,0,7,36,8,1,2,3,0,0,0,1,0,1,0,1,16,69,0,FINAL (ENTRADA MANUAL)
24,78,2,8,0,0,1,0,0,0,0,7,1,0,1,0,0,0,0,5,0,0,1,0,0,0,0,0,0,0,0,0,3,9,0,FINAL (ENTRADA MANUAL)
24,78,3,3,1,0,1,1,0,0,0,1,3,0,0,1,0,0,1,1,1,0,0,1,0,0,0,0,0,0,0,0,3,6,0,FINAL (ENTRADA MANUAL)
24,78,4,0,0,0,0,0,0,0,0,0,0,0,0,0,0,0,0,0,0,0,0,0,0,0,0,0,0,0,0,0,0,0,0,FINAL (ENTRADA MANUAL)
25,1,1,105,57,1,79,18,0,0,0,83,129,14,13,10,0,0,11,72,51,1,12,7,1,2,1,11,0,1,0,0,102,261,443,FINAL (ENTRADA MANUAL)
25,1,2,70,47,1,85,30,1,0,2,59,109,24,11,25,0,0,8,45,40,1,10,22,0,1,1,12,1,0,1,0,103,237,443,FINAL (ENTRADA MANUAL)
25,1,3,85,52,1,67,33,0,1,0,73,93,18,14,28,0,0,13,63,40,0,13,23,1,2,2,3,1,0,0,0,91,239,443,FINAL (ENTRADA MANUAL)
25,1,4,82,50,2,87,37,0,0,0,63,128,14,11,33,0,0,9,56,45,2,10,31,3,2,1,5,0,0,0,0,103,258,443,FINAL (ENTRADA MANUAL)
25,1,5,87,64,0,77,30,0,0,1,68,122,19,14,21,0,0,15,61,60,0,13,18,2,4,0,6,6,1,0,0,89,260,443,FINAL (ENTRADA MANUAL)
25,1,6,98,46,0,96,26,0,0,4,78,110,35,13,21,0,0,13,65,35,0,11,15,1,4,0,5,2,1,0,0,132,271,441,FINAL (ENTRADA MANUAL)
25,2,1,70,41,1,78,18,0,0,1,53,94,22,17,13,0,0,10,48,34,1,15,9,0,1,0,6,1,0,2,0,94,211,383,FINAL (ENTRADA MANUAL)
25,2,2,64,53,1,72,17,0,0,0,53,90,20,13,15,0,1,15,46,46,0,11,13,1,4,0,8,0,1,0,0,78,208,383,FINAL (ENTRADA MANUAL)
25,2,3,70,36,0,88,10,1,0,0,56,89,30,13,6,0,0,11,47,31,0,11,5,2,2,0,6,0,0,0,0,101,205,383,FINAL (ENTRADA MANUAL)
25,2,4,64,43,0,84,12,2,0,0,55,97,22,11,6,0,0,14,48,39,0,10,3,0,2,0,5,0,2,0,0,98,207,382,FINAL (ENTRADA MANUAL)
25,3,1,82,51,1,68,21,0,1,1,60,107,16,16,15,0,0,11,49,47,1,15,13,3,1,0,1,1,1,0,0,94,226,416,FINAL (ENTRADA MANUAL)
25,3,2,82,47,0,63,17,0,0,0,67,88,18,9,15,0,0,12,56,43,0,8,11,0,0,0,5,0,2,0,0,86,211,416,FINAL (ENTRADA MANUAL)
25,3,3,69,52,0,79,15,0,0,3,59,107,17,11,11,0,0,13,55,48,0,9,9,0,3,0,8,1,2,0,0,85,220,416,FINAL (ENTRADA MANUAL)
25,3,4,82,51,0,73,23,0,0,0,69,114,14,4,12,0,0,16,59,45,0,3,10,0,1,0,6,0,2,0,0,105,231,418,FINAL (ENTRADA MANUAL)
25,4,1,107,70,0,46,24,0,0,0,89,109,9,7,14,0,0,19,78,65,0,6,12,2,1,0,3,2,0,0,0,78,247,509,FINAL (ENTRADA MANUAL)
25,4,2,113,59,0,49,17,0,0,0,90,93,9,7,13,0,0,26,70,47,0,5,10,2,1,0,5,2,0,0,0,96,238,509,FINAL (ENTRADA MANUAL)
25,4,3,94,81,1,50,29,1,0,0,67,115,10,15,25,0,0,24,58,71,1,15,21,1,0,2,4,0,1,0,0,83,257,508,FINAL (ENTRADA MANUAL)
25,5,1,88,62,0,41,24,1,1,2,81,84,12,7,16,1,0,18,69,56,0,6,13,0,0,0,7,0,1,0,0,68,220,435,FINAL (ENTRADA MANUAL)
25,5,2,83,54,0,59,26,1,0,0,70,96,16,5,22,1,0,13,60,48,0,5,17,1,3,0,3,0,2,0,0,86,225,435,FINAL (ENTRADA MANUAL)
25,5,3,87,61,1,68,24,0,1,0,73,111,18,12,18,0,0,10,61,53,1,11,15,1,0,0,6,1,1,0,0,93,243,435,FINAL (ENTRADA MANUAL)
25,5,4,87,61,1,66,19,0,0,0,75,101,21,11,11,0,0,15,69,55,0,10,9,0,4,1,5,1,1,1,0,80,236,435,FINAL (ENTRADA MANUAL)
25,5,5,80,65,0,61,14,1,0,0,62,114,11,16,8,0,0,10,54,59,0,14,7,4,1,0,0,1,2,0,0,81,223,436,FINAL (ENTRADA MANUAL)
25,6,1,81,72,0,77,23,1,0,0,65,133,19,11,17,1,0,8,58,60,0,10,12,3,3,1,8,3,0,0,0,96,254,442,FINAL (ENTRADA MANUAL)
25,6,2,82,55,0,86,39,1,0,0,62,129,20,11,30,0,0,11,53,50,0,9,25,3,3,0,5,1,0,0,0,114,263,442,FINAL (ENTRADA MANUAL)
25,6,3,88,48,1,80,35,0,0,0,68,113,22,11,28,0,0,10,60,43,0,8,21,2,1,1,6,2,0,0,0,108,252,442,FINAL (ENTRADA MANUAL)
25,6,4,91,48,0,92,34,0,0,0,68,126,20,8,27,0,1,15,65,43,0,8,24,2,2,0,8,0,0,0,1,113,266,441,FINAL (ENTRADA MANUAL)
25,7,1,78,68,0,62,24,0,0,1,55,110,19,5,19,1,0,24,41,57,0,3,14,1,1,0,9,1,0,0,0,106,233,428,FINAL (ENTRADA MANUAL)
25,7,2,79,74,1,62,20,0,0,0,61,123,14,8,15,0,1,14,56,69,1,6,10,3,2,1,3,1,1,0,0,84,237,428,FINAL (ENTRADA MANUAL)
25,7,3,92,62,1,62,37,0,0,1,76,116,17,7,24,0,0,15,68,55,1,6,20,1,2,3,7,3,0,0,0,89,255,428,FINAL (ENTRADA MANUAL)
25,7,4,114,58,0,62,14,0,0,1,91,108,14,12,5,0,0,19,83,49,0,10,4,3,1,0,8,3,1,0,0,88,250,428,FINAL (ENTRADA MANUAL)
25,8,1,68,75,0,48,17,0,0,1,50,109,9,10,17,0,0,14,38,66,0,9,11,0,3,0,3,1,2,0,0,78,211,391,FINAL (ENTRADA MANUAL)
25,8,2,67,62,0,44,16,0,0,0,52,99,6,8,15,0,0,9,47,55,0,6,13,2,0,0,3,1,0,0,0,62,189,391,FINAL (ENTRADA MANUAL)
25,8,3,77,49,0,58,18,1,0,0,59,80,13,15,17,0,0,19,50,39,0,11,15,0,2,0,4,0,2,0,0,82,205,391,FINAL (ENTRADA MANUAL)
25,8,4,72,60,1,54,21,0,0,0,53,103,11,9,15,0,0,17,39,50,0,7,12,2,4,0,3,2,1,0,0,89,209,390,FINAL (ENTRADA MANUAL)
25,9,1,109,94,0,51,24,0,1,0,84,125,9,16,19,0,0,26,77,84,0,14,16,2,1,0,1,0,2,0,0,84,281,467,FINAL (ENTRADA MANUAL)
25,9,2,90,70,0,48,26,0,1,1,69,113,8,10,21,0,1,14,62,59,0,8,18,2,2,0,2,0,1,2,0,83,239,467,FINAL (ENTRADA MANUAL)
25,72,1,6,7,0,1,0,0,0,0,6,8,0,0,0,0,0,0,6,7,0,0,0,0,0,0,0,0,0,0,0,1,14,0,FINAL (ENTRADA MANUAL)
25,72,2,0,1,0,0,0,0,0,0,0,1,0,0,0,0,0,0,0,1,0,0,0,0,0,0,0,0,0,0,0,0,1,0,FINAL (ENTRADA MANUAL)
25,72,3,416,286,0,58,42,1,0,1,377,351,16,12,23,0,0,25,354,271,0,11,20,9,7,0,7,6,0,0,0,119,804,0,FINAL (ENTRADA MANUAL)
25,72,4,66,70,0,25,12,3,0,0,63,88,7,6,7,0,0,5,49,67,0,6,6,4,4,0,6,0,1,0,3,34,180,0,FINAL (ENTRADA MANUAL)
25,72,5,26,13,0,3,1,0,0,0,27,16,0,0,0,0,0,0,25,13,0,0,0,0,0,0,0,0,0,0,0,4,44,0,FINAL (ENTRADA MANUAL)
25,72,6,0,1,0,0,0,0,0,0,0,1,0,0,0,0,0,0,0,1,0,0,0,0,0,0,0,0,0,0,0,0,1,0,FINAL (ENTRADA MANUAL)
25,72,7,18,8,0,3,2,0,0,0,19,11,1,0,0,0,0,0,16,8,0,0,0,0,0,0,0,1,0,0,0,6,31,0,FINAL (ENTRADA MANUAL)
25,72,8,0,1,0,0,0,0,0,0,0,1,0,0,0,0,0,0,0,1,0,0,0,0,0,0,0,0,0,0,0,0,1,0,FINAL (ENTRADA MANUAL)
25,72,9,0,1,0,0,0,0,0,0,0,1,0,0,0,0,0,0,0,0,0,0,0,0,0,0,0,0,0,0,0,1,1,0,FINAL (ENTRADA MANUAL)
25,72,10,1,3,0,0,0,0,0,0,1,3,0,0,0,0,0,0,1,3,0,0,0,0,0,0,0,0,0,0,0,0,4,0,FINAL (ENTRADA MANUAL)
25,73,1,29,73,0,7,3,0,0,0,26,76,1,2,2,0,0,5,22,66,0,2,1,2,0,0,0,0,0,0,0,19,112,0,FINAL (ENTRADA MANUAL)
25,73,2,2,9,0,0,0,0,0,0,2,9,0,0,0,0,0,0,2,9,0,0,0,0,0,0,0,0,0,0,0,0,11,0,FINAL (ENTRADA MANUAL)
25,74,1,1,1,0,1,0,0,0,0,1,2,0,0,0,0,0,0,1,1,0,0,0,0,0,0,0,0,0,0,0,1,3,0,FINAL (ENTRADA MANUAL)
25,74,2,0,0,0,0,0,0,0,0,0,0,0,0,0,0,0,0,0,0,0,0,0,0,0,0,0,0,0,0,0,0,0,0,FINAL (ENTRADA MANUAL)
25,75,1,7,1,0,3,0,1,0,0,7,2,1,0,1,0,1,0,6,1,0,0,0,0,0,0,0,0,0,0,0,5,12,0,FINAL (ENTRADA MANUAL)
25,76,1,20,2,0,0,0,0,0,1,19,1,0,0,0,0,0,3,14,1,0,0,0,0,0,0,0,0,0,0,0,8,23,0,FINAL (ENTRADA MANUAL)
25,76,2,1,0,0,0,0,0,0,0,1,0,0,0,0,0,0,0,1,0,0,0,0,0,0,0,0,0,0,0,0,0,1,0,FINAL (ENTRADA MANUAL)
25,76,3,4,0,0,0,0,0,0,0,4,0,0,0,0,0,0,0,2,0,0,0,0,0,0,0,0,0,0,0,0,2,4,0,FINAL (ENTRADA MANUAL)
25,76,5,5,0,0,1,0,0,0,0,3,2,0,0,0,0,0,1,3,0,0,0,0,0,0,0,0,0,0,0,0,3,6,0,FINAL (ENTRADA MANUAL)
25,76,6,0,0,0,0,0,0,0,0,0,0,0,0,0,0,0,0,0,0,0,0,0,0,0,0,0,0,0,0,0,0,0,0,FINAL (ENTRADA MANUAL)
25,77,1,0,0,0,0,0,0,0,0,0,0,0,0,0,0,0,0,0,0,0,0,0,0,0,0,0,0,0,0,0,0,0,0,FINAL (ENTRADA MANUAL)
25,77,2,2,1,0,27,4,0,0,0,2,7,11,9,5,0,0,0,2,1,0,9,3,0,0,1,1,0,0,0,0,17,34,0,FINAL (ENTRADA MANUAL)
25,77,3,1,0,0,1,0,0,0,0,1,0,1,0,0,0,0,0,1,0,0,0,0,0,0,0,0,0,0,0,0,1,2,0,FINAL (ENTRADA MANUAL)
25,78,1,35,29,0,16,9,0,0,0,23,36,5,2,6,0,0,17,18,21,0,1,3,0,2,0,1,0,1,0,0,43,90,0,FINAL (ENTRADA MANUAL)
25,78,2,12,0,0,2,0,0,1,0,8,2,0,0,0,0,0,5,8,0,0,0,0,1,1,0,0,0,0,0,0,6,16,0,FINAL (ENTRADA MANUAL)
25,78,3,6,5,0,1,0,0,0,0,6,5,0,0,0,0,0,1,3,5,0,0,0,0,0,0,0,0,0,0,0,4,33,0,FINAL (ENTRADA MANUAL)
25,78,4,0,0,0,1,0,0,0,0,0,1,0,0,0,0,0,0,0,0,0,0,0,0,0,0,0,0,0,0,0,1,1,0,FINAL (ENTRADA MANUAL)
26,1,1,98,47,0,64,23,0,0,1,79,94,19,12,13,1,0,15,69,43,0,11,11,1,2,2,7,1,1,0,0,86,234,450,FINAL (ENTRADA MANUAL)
26,1,2,101,35,0,80,17,0,1,0,79,93,22,9,8,0,0,23,69,28,0,8,6,0,1,0,10,2,0,1,0,110,235,450,FINAL (ENTRADA MANUAL)
26,1,3,103,59,0,65,31,0,0,0,89,105,17,8,20,0,0,19,77,50,0,8,18,2,5,1,5,4,3,0,0,88,261,450,FINAL (ENTRADA MANUAL)
26,1,4,90,54,1,74,17,1,0,2,69,93,25,9,15,0,0,28,63,46,1,9,11,2,3,3,9,0,0,1,0,92,240,450,FINAL (ENTRADA MANUAL)
26,2,1,82,59,0,48,8,0,0,0,62,97,14,6,5,0,0,13,61,53,0,6,3,0,4,0,6,1,1,0,0,63,198,345,FINAL (ENTRADA MANUAL)
26,3,1,103,72,0,86,22,0,0,1,94,129,19,9,20,1,0,12,87,59,0,9,14,2,2,3,15,1,1,0,0,92,285,438,FINAL (ENTRADA MANUAL)
26,3,2,97,47,0,85,27,1,0,1,69,114,19,10,25,0,0,21,66,41,0,10,19,3,4,1,9,0,0,0,0,105,258,438,FINAL (ENTRADA MANUAL)
26,3,3,107,46,0,76,25,0,0,0,77,121,19,7,14,0,0,16,69,37,0,6,10,1,4,0,9,3,1,1,0,115,256,438,FINAL (ENTRADA MANUAL)
26,3,4,89,46,0,77,36,1,0,0,76,103,20,15,25,0,0,10,72,42,0,13,23,1,0,1,11,0,0,0,1,86,250,438,FINAL (ENTRADA MANUAL)
26,3,5,86,57,0,85,16,0,0,0,65,125,21,11,10,1,0,11,55,47,0,8,6,2,3,0,6,1,0,0,0,116,244,438,FINAL (ENTRADA MANUAL)
26,3,6,101,43,0,63,37,1,0,1,81,93,11,11,26,0,0,24,72,39,0,10,22,1,2,1,3,1,0,0,0,95,246,438,FINAL (ENTRADA MANUAL)
26,3,7,87,58,0,71,28,0,0,0,72,108,23,7,21,0,0,13,63,51,0,6,19,1,3,3,9,0,2,0,0,89,246,438,FINAL (ENTRADA MANUAL)
26,3,8,106,59,0,63,24,0,0,0,77,103,20,13,24,0,0,15,69,52,0,11,17,1,4,0,4,0,0,0,0,94,252,437,FINAL (ENTRADA MANUAL)
26,4,1,95,44,1,65,36,0,0,0,85,94,24,8,24,0,0,6,79,42,1,8,22,1,2,1,3,2,1,0,0,80,242,434,FINAL (ENTRADA MANUAL)
26,4,2,91,49,0,74,25,0,0,0,81,95,17,20,19,0,0,7,77,46,0,18,17,0,3,1,6,2,1,0,0,69,240,434,FINAL (ENTRADA MANUAL)
26,4,3,88,58,0,60,24,0,0,0,69,103,17,10,20,0,0,11,58,53,0,8,17,4,1,1,5,1,0,0,0,82,230,434,FINAL (ENTRADA MANUAL)
26,4,4,76,45,0,75,27,2,0,0,70,93,19,15,20,0,0,8,60,41,0,15,19,2,6,1,18,1,1,2,0,62,228,432,FINAL (ENTRADA MANUAL)
26,5,1,86,23,1,20,7,0,0,0,68,41,8,2,7,0,0,11,63,22,0,2,4,3,0,0,4,1,0,0,0,38,137,252,FINAL (ENTRADA MANUAL)
26,5,2,97,17,0,29,13,0,0,0,78,51,6,6,6,0,0,9,64,17,0,6,4,1,0,0,2,0,1,0,0,62,157,253,FINAL (ENTRADA MANUAL)
26,6,1,126,54,0,56,14,0,0,0,106,88,9,14,12,0,0,21,93,42,0,12,7,0,2,0,3,0,0,0,0,91,250,476,FINAL (ENTRADA MANUAL)
26,6,2,107,64,0,67,21,0,0,0,93,110,16,9,11,0,0,20,82,57,0,8,6,1,3,0,5,1,3,1,0,96,263,476,FINAL (ENTRADA MANUAL)
26,6,3,117,47,0,71,15,0,0,0,95,106,15,9,13,0,0,12,85,43,0,8,8,3,1,0,8,0,0,0,0,94,250,476,FINAL (ENTRADA MANUAL)
26,6,4,117,42,0,64,28,0,0,0,93,91,19,12,19,1,0,16,79,37,0,11,17,4,1,1,6,1,1,0,0,94,252,477,FINAL (ENTRADA MANUAL)
26,72,1,9,1,0,0,0,0,0,0,8,1,0,0,0,0,0,1,8,1,0,0,0,0,0,0,0,0,0,0,0,1,10,0,FINAL (ENTRADA MANUAL)
26,72,2,1,0,0,0,0,0,0,0,1,0,0,0,0,0,0,0,1,0,0,0,0,0,0,0,0,0,0,0,0,0,1,0,FINAL (ENTRADA MANUAL)
26,72,3,220,107,1,23,12,0,0,0,214,127,5,3,10,0,0,4,205,101,1,3,10,1,1,1,4,1,0,0,0,35,363,0,FINAL (ENTRADA MANUAL)
26,72,4,153,51,0,11,11,0,0,0,143,64,3,11,10,0,0,6,136,48,0,0,9,5,0,0,0,1,5,0,0,27,231,0,FINAL (ENTRADA MANUAL)
26,72,5,16,5,0,3,0,0,0,0,13,9,0,0,0,0,0,2,11,5,0,0,0,0,0,0,0,0,0,0,0,8,24,0,FINAL (ENTRADA MANUAL)
26,72,6,3,0,0,0,0,0,0,0,2,1,0,0,0,0,0,0,0,0,0,0,0,1,0,0,0,0,1,0,0,2,4,0,FINAL (ENTRADA MANUAL)
26,72,7,9,1,0,0,0,0,0,0,8,1,0,0,1,0,0,0,7,1,0,0,0,0,0,0,0,0,0,0,0,2,10,0,FINAL (ENTRADA MANUAL)
26,72,8,5,0,0,0,1,0,0,6,1,0,0,0,1,0,0,1,4,0,0,0,1,0,0,0,0,0,0,0,0,1,6,0,FINAL (ENTRADA MANUAL)
26,72,9,0,0,0,0,0,0,0,0,0,0,0,0,0,0,0,0,0,0,0,0,0,0,0,0,0,0,0,0,0,0,0,0,FINAL (ENTRADA MANUAL)
26,72,10,0,0,0,0,0,0,0,0,0,0,0,0,0,0,0,0,0,0,0,0,0,0,0,0,0,0,0,0,0,0,0,0,FINAL (ENTRADA MANUAL)
26,73,1,36,104,0,8,2,0,0,0,34,105,3,1,1,0,0,6,31,99,0,1,0,1,0,0,0,0,0,0,1,18,151,0,FINAL (ENTRADA MANUAL)
26,73,2,3,11,0,0,0,0,0,0,3,11,0,0,0,0,0,0,3,11,0,0,0,0,0,0,0,0,1,0,0,0,15,0,FINAL (ENTRADA MANUAL)
26,74,1,0,0,0,1,0,0,0,0,0,0,1,0,0,0,0,0,0,0,0,0,0,0,0,0,0,0,0,0,0,1,1,0,FINAL (ENTRADA MANUAL)
26,74,2,0,0,0,0,0,0,0,0,0,0,0,0,0,0,0,0,0,0,0,0,0,0,0,0,0,0,0,0,0,0,0,0,FINAL (ENTRADA MANUAL)
26,75,1,0,0,0,0,0,0,0,0,0,0,0,0,0,0,0,0,0,0,0,0,0,0,0,0,0,0,0,0,0,0,0,0,FINAL (ENTRADA MANUAL)
26,75,2,0,0,0,0,0,0,0,0,0,0,0,0,0,0,0,0,0,0,0,0,0,0,0,0,0,0,0,0,0,0,0,0,FINAL (ENTRADA MANUAL)
26,76,1,14,1,0,1,0,0,0,0,13,1,0,0,1,0,0,1,8,0,0,0,0,0,0,0,0,0,1,0,1,8,18,0,FINAL (ENTRADA MANUAL)
26,76,2,0,0,0,0,0,0,0,0,0,0,0,0,0,0,0,0,0,0,0,0,0,0,0,0,0,0,0,0,0,0,0,0,FINAL (ENTRADA MANUAL)
26,76,3,5,1,0,0,0,0,0,0,3,1,0,0,0,0,0,2,2,1,0,0,0,0,0,0,0,0,0,0,0,3,6,0,FINAL (ENTRADA MANUAL)
26,76,4,0,0,0,0,0,0,0,0,0,0,0,0,0,0,0,0,0,0,0,0,0,0,0,0,0,0,0,0,0,0,0,0,FINAL (ENTRADA MANUAL)
26,76,5,4,0,0,0,0,0,0,0,1,0,0,0,0,0,0,3,1,0,0,0,0,0,0,0,0,0,0,0,0,3,4,0,FINAL (ENTRADA MANUAL)
26,76,6,1,0,0,0,0,0,0,0,1,0,0,0,0,0,0,0,1,0,0,0,0,0,0,0,0,0,0,0,0,0,1,0,FINAL (ENTRADA MANUAL)
26,77,1,0,3,0,2,0,0,0,0,0,4,1,0,0,0,0,0,0,3,0,0,0,0,0,0,0,0,0,0,0,2,5,0,FINAL (ENTRADA MANUAL)
26,77,2,7,2,0,10,1,0,0,0,6,5,8,1,0,0,0,0,6,2,0,1,0,0,0,0,1,0,0,0,0,10,20,0,FINAL (ENTRADA MANUAL)
26,77,3,0,0,0,1,0,0,0,0,0,0,1,0,0,0,0,0,0,0,0,0,0,0,0,0,0,0,0,0,0,1,1,0,FINAL (ENTRADA MANUAL)
26,77,4,1,1,0,4,2,0,0,0,3,2,2,0,1,0,0,0,1,1,0,0,0,0,0,0,2,0,0,0,0,4,8,0,FINAL (ENTRADA MANUAL)
26,78,1,35,22,0,19,8,0,0,0,29,34,2,6,5,0,0,8,26,18,0,5,4,0,0,0,0,0,0,0,0,31,84,0,FINAL (ENTRADA MANUAL)
26,78,2,7,1,0,0,0,0,0,0,5,1,0,0,0,0,0,2,5,1,0,0,0,0,0,0,0,0,0,0,0,3,8,0,FINAL (ENTRADA MANUAL)
26,78,3,3,0,0,0,0,0,0,0,2,0,0,0,0,0,0,1,2,0,0,0,0,0,0,0,0,0,0,0,0,1,3,0,FINAL (ENTRADA MANUAL)
26,78,4,0,0,0,0,0,0,0,0,0,0,0,0,0,0,0,0,0,0,0,0,0,0,0,0,0,0,0,0,0,0,0,0,FINAL (ENTRADA MANUAL)
27,1,1,130,68,1,96,21,1,0,1,117,137,33,9,12,0,0,10,103,65,0,7,8,2,5,1,22,0,0,1,0,105,319,513,FINAL (ENTRADA MANUAL)
27,1,2,135,59,0,86,24,0,0,0,109,121,27,13,17,0,0,17,94,49,0,10,15,1,1,1,9,2,1,0,1,122,306,513,FINAL (ENTRADA MANUAL)
27,1,3,103,48,0,109,19,0,0,0,74,129,33,11,14,0,0,18,63,39,0,10,10,2,3,0,16,0,0,1,0,136,280,513,FINAL (ENTRADA MANUAL)
27,1,4,116,60,0,96,24,0,0,0,106,137,23,11,16,0,0,5,96,53,0,10,14,3,8,0,14,1,2,0,0,97,298,513,FINAL (ENTRADA MANUAL)
27,1,5,96,73,0,101,19,0,0,0,86,140,32,17,8,0,0,6,82,68,0,16,7,4,3,1,16,3,2,0,1,89,292,513,FINAL (ENTRADA MANUAL)
27,1,6,107,82,0,89,28,0,0,0,86,164,16,6,23,0,0,11,77,75,0,6,18,3,7,0,11,1,0,0,0,108,306,513,FINAL (ENTRADA MANUAL)
27,1,7,107,49,0,109,21,0,1,1,84,133,29,14,16,1,0,11,76,40,0,12,11,0,6,0,9,4,0,0,1,130,289,510,FINAL (ENTRADA MANUAL)
27,2,1,135,38,0,45,19,0,0,1,107,85,6,6,19,0,0,15,104,36,0,6,13,6,3,0,7,1,1,0,0,62,239,371,FINAL (ENTRADA MANUAL)
27,3,1,83,52,0,16,14,0,1,0,72,73,3,5,9,0,0,4,70,51,0,4,8,0,2,0,1,0,0,0,0,30,166,332,FINAL (ENTRADA MANUAL)
27,4,1,43,21,0,7,8,0,0,1,40,30,1,2,6,0,0,1,40,20,0,2,6,0,0,0,0,0,0,0,0,12,80,144,FINAL (ENTRADA MANUAL)
27,5,1,97,57,0,92,29,0,1,0,84,122,30,7,20,0,0,13,72,51,0,4,18,0,2,2,10,3,1,1,0,114,278,520,FINAL (ENTRADA MANUAL)
27,5,2,110,49,0,80,24,0,0,2,92,110,15,13,23,1,0,11,87,45,0,10,17,1,2,1,6,0,1,0,1,96,267,520,FINAL (ENTRADA MANUAL)
27,5,3,106,66,0,89,29,1,0,0,97,136,24,13,13,1,0,7,91,61,0,13,11,2,5,1,12,3,1,0,0,92,292,520,FINAL (ENTRADA MANUAL)
27,5,4,102,58,0,80,26,0,0,0,91,117,24,10,19,0,0,5,78,52,0,10,17,1,3,2,9,2,1,1,0,92,268,520,FINAL (ENTRADA MANUAL)
27,5,5,121,46,0,59,26,2,1,0,98,100,13,10,24,0,0,10,90,39,0,6,19,1,5,0,7,1,1,0,0,87,256,520,FINAL (ENTRADA MANUAL)
27,5,6,109,55,0,80,23,0,1,1,99,98,29,9,13,0,0,21,86,46,0,9,10,0,1,4,10,1,0,0,0,102,269,519,FINAL (ENTRADA MANUAL)
27,6,1,156,66,0,44,10,0,1,0,147,95,15,4,3,0,0,13,142,65,0,4,2,1,0,4,1,2,1,0,1,56,279,452,FINAL (ENTRADA MANUAL)
27,7,1,106,43,1,47,15,0,0,0,92,71,16,11,13,0,0,9,89,39,1,11,12,3,0,1,7,0,1,0,0,49,213,484,FINAL (ENTRADA MANUAL)
27,7,2,98,56,1,38,10,0,0,1,76,79,4,7,11,0,0,27,72,50,0,5,7,0,0,0,0,0,0,0,0,70,204,484,FINAL (ENTRADA MANUAL)
27,7,3,108,49,0,43,9,0,0,0,89,71,8,14,5,0,0,22,84,46,0,11,4,1,2,0,3,2,0,0,0,56,209,484,FINAL (ENTRADA MANUAL)
27,7,4,121,54,0,38,7,0,0,1,93,83,3,9,7,0,0,26,86,48,0,9,6,0,1,0,2,0,0,0,0,69,221,485,FINAL (ENTRADA MANUAL)
27,8,1,121,54,1,89,34,0,1,0,100,131,21,12,25,0,0,11,90,47,0,8,19,4,2,0,16,2,0,0,1,112,301,517,FINAL (ENTRADA MANUAL)
27,8,2,124,75,0,65,32,0,0,3,108,132,8,15,28,0,0,8,94,71,0,14,20,1,2,0,5,4,0,0,0,88,299,517,FINAL (ENTRADA MANUAL)
27,8,3,106,80,0,68,29,0,1,0,83,141,16,9,20,0,0,15,71,72,0,6,18,4,5,0,3,4,0,0,0,101,284,517,FINAL (ENTRADA MANUAL)
27,8,4,112,67,0,72,30,1,0,0,99,119,14,12,23,0,0,15,87,59,0,10,17,1,5,0,8,0,1,0,0,95,283,517,FINAL (ENTRADA MANUAL)
27,8,5,93,60,0,77,51,3,0,3,74,128,19,17,35,0,0,14,64,51,0,13,28,2,2,0,4,3,3,0,0,120,290,518,FINAL (ENTRADA MANUAL)
27,9,1,172,58,1,38,27,0,0,1,147,110,12,6,10,0,0,12,138,51,1,4,8,1,0,0,7,5,1,0,0,82,298,482,FINAL (ENTRADA MANUAL)
27,9,2,166,42,0,31,19,0,0,2,148,74,5,6,12,0,0,15,130,39,0,4,10,2,2,0,6,1,1,0,1,66,262,482,FINAL (ENTRADA MANUAL)
27,10,1,135,52,0,36,21,0,0,0,113,96,4,3,14,1,0,13,97,45,0,3,7,1,1,0,1,4,0,0,0,85,244,408,FINAL (ENTRADA MANUAL)
27,11,1,87,46,0,64,12,0,0,0,77,84,14,10,9,0,0,15,70,39,0,9,8,1,2,0,7,0,0,0,0,73,209,453,FINAL (ENTRADA MANUAL)
27,11,2,96,59,0,59,13,0,1,2,79,105,14,8,8,0,0,16,65,49,0,8,5,0,2,0,4,0,1,1,1,97,233,453,FINAL (ENTRADA MANUAL)
27,12,1,134,59,0,68,29,1,1,0,130,109,15,9,19,1,0,9,115,48,0,9,15,2,2,0,8,1,0,0,0,92,292,466,FINAL (ENTRADA MANUAL)
27,12,2,127,71,0,51,28,0,0,0,106,129,16,6,11,0,0,9,96,64,0,6,11,0,3,0,7,3,0,0,0,87,277,465,FINAL (ENTRADA MANUAL)
27,13,1,104,62,0,80,20,0,0,0,80,119,24,15,16,1,0,11,73,55,0,15,11,2,2,0,8,5,0,0,0,95,266,415,FINAL (ENTRADA MANUAL)
27,13,2,90,50,0,79,17,1,0,1,74,107,21,13,15,0,0,8,63,42,0,11,11,2,3,0,5,1,0,0,0,100,239,415,FINAL (ENTRADA MANUAL)
27,13,3,102,43,0,87,20,0,0,1,76,120,20,10,17,0,0,10,68,38,0,7,11,3,1,0,14,0,1,0,0,111,254,415,FINAL (ENTRADA MANUAL)
27,13,4,84,42,0,87,30,1,0,0,68,111,20,12,20,0,0,13,62,38,0,10,15,3,2,1,8,2,0,0,0,103,244,415,FINAL (ENTRADA MANUAL)
27,13,5,99,46,1,95,18,1,0,0,89,115,22,11,12,0,0,11,73,33,1,9,9,3,8,1,6,0,0,0,0,117,260,415,FINAL (ENTRADA MANUAL)
27,13,6,82,69,1,88,17,0,0,0,74,127,25,13,14,0,0,4,64,67,1,13,12,2,2,0,10,3,0,0,0,83,257,415,FINAL (ENTRADA MANUAL)
27,13,7,72,69,0,93,23,0,0,0,58,130,30,12,20,0,0,7,51,60,0,9,15,2,1,0,9,0,0,0,0,110,257,415,FINAL (ENTRADA MANUAL)
27,13,8,79,42,0,96,29,0,0,0,64,107,33,14,17,0,0,11,55,39,0,12,14,2,5,0,9,2,1,0,0,108,247,418,FINAL (ENTRADA MANUAL)
27,14,1,112,47,0,25,17,0,0,0,89,73,3,6,16,0,0,14,77,42,0,4,13,0,2,0,1,0,0,0,0,62,201,326,FINAL (ENTRADA MANUAL)
27,14,2,107,45,0,30,26,0,0,0,85,83,5,5,18,0,0,12,78,37,0,5,16,1,2,0,0,3,0,0,0,66,208,326,FINAL (ENTRADA MANUAL)
27,14,3,85,61,0,20,22,1,0,1,76,79,2,5,17,0,0,11,70,53,0,4,15,2,3,1,1,1,2,0,0,40,192,325,FINAL (ENTRADA MANUAL)
27,15,1,109,42,0,88,26,1,2,3,84,109,22,13,21,0,0,22,74,32,0,11,15,3,4,1,6,1,1,1,0,124,273,482,FINAL (ENTRADA MANUAL)
27,15,2,103,37,0,59,33,4,0,0,83,81,17,12,25,1,0,17,79,37,0,12,21,3,1,1,8,2,0,0,0,72,236,482,FINAL (ENTRADA MANUAL)
27,15,3,106,43,0,86,31,0,0,1,97,107,27,10,18,0,0,8,86,37,0,10,17,2,1,2,5,1,0,0,0,106,267,482,FINAL (ENTRADA MANUAL)
27,15,4,122,38,1,57,28,0,0,1,96,93,9,5,24,0,0,20,88,30,0,5,21,2,4,1,3,2,1,0,0,91,250,482,FINAL (ENTRADA MANUAL)
27,15,5,106,41,0,63,21,0,0,0,94,87,10,8,14,0,0,18,79,30,0,5,12,0,1,0,9,0,1,0,0,95,232,482,FINAL (ENTRADA MANUAL)
27,15,6,88,40,0,70,26,0,0,1,72,94,13,10,23,0,1,12,63,39,0,10,18,1,4,0,5,1,0,0,0,83,224,479,FINAL (ENTRADA MANUAL)
27,16,1,126,50,0,65,44,0,0,0,104,119,18,4,27,2,0,11,94,45,0,4,22,3,5,0,8,3,0,0,0,101,285,430,FINAL (ENTRADA MANUAL)
27,16,2,97,32,0,86,27,0,0,0,86,107,14,7,17,0,0,11,72,31,0,7,14,2,4,0,16,2,0,0,0,94,242,430,FINAL (ENTRADA MANUAL)
27,16,3,123,46,0,89,25,1,0,0,103,118,21,9,20,0,0,13,89,36,0,9,15,2,2,0,7,2,0,0,0,122,284,430,FINAL (ENTRADA MANUAL)
27,16,4,115,47,0,77,27,1,0,0,85,126,10,13,19,1,0,13,79,42,0,11,14,3,4,0,7,2,0,0,0,105,267,430,FINAL (ENTRADA MANUAL)
27,16,5,99,53,0,77,44,0,0,0,76,123,15,12,32,0,0,15,66,48,0,7,28,2,6,0,6,0,0,0,0,110,273,431,FINAL (ENTRADA MANUAL)
27,17,1,123,58,0,62,21,0,0,2,99,100,11,13,17,0,0,26,90,50,0,11,11,0,1,0,2,1,3,0,0,100,269,507,FINAL (ENTRADA MANUAL)
27,18,1,125,78,0,54,44,0,0,0,107,129,13,6,24,0,0,22,95,71,0,5,20,1,3,0,4,2,1,0,0,100,302,488,FINAL (ENTRADA MANUAL)
27,18,2,105,63,0,58,27,0,0,1,86,112,13,10,20,0,0,13,79,57,0,10,17,2,1,0,4,0,2,0,0,84,256,488,FINAL (ENTRADA MANUAL)
27,18,3,107,74,1,50,42,0,0,1,95,116,10,10,26,0,0,18,84,70,1,9,23,4,3,0,5,4,1,0,0,72,276,488,FINAL (ENTRADA MANUAL)
27,18,4,98,91,0,44,39,0,0,0,73,135,8,11,29,0,0,16,67,86,0,10,21,2,1,0,4,2,0,0,0,79,272,488,FINAL (ENTRADA MANUAL)
27,18,5,115,73,0,56,25,0,1,0,101,109,13,12,18,0,0,17,92,57,0,11,13,1,0,0,2,3,0,0,1,91,271,488,FINAL (ENTRADA MANUAL)
27,18,6,114,84,0,60,25,0,0,1,94,129,11,14,22,0,0,14,83,83,0,14,20,2,2,1,4,1,0,0,0,74,284,488,FINAL (ENTRADA MANUAL)
27,19,1,82,51,1,34,13,0,0,0,67,68,6,6,10,0,0,24,60,41,0,3,8,0,4,0,2,0,0,0,0,63,181,358,FINAL (ENTRADA MANUAL)
27,19,2,74,58,1,46,12,0,0,0,53,84,11,13,8,0,0,22,46,54,1,10,7,3,3,0,3,0,0,0,0,64,191,357,FINAL (ENTRADA MANUAL)
27,20,1,105,54,0,41,25,0,0,1,88,101,4,3,18,0,0,12,82,45,0,1,15,0,1,0,6,2,0,0,0,74,226,368,FINAL (ENTRADA MANUAL)
27,20,2,99,55,0,46,22,0,1,1,78,89,10,7,14,0,0,26,66,49,0,6,13,1,2,0,4,2,0,0,0,81,224,367,FINAL (ENTRADA MANUAL)
27,21,1,116,59,0,86,16,0,1,2,101,120,32,12,9,0,0,6,97,54,0,10,8,2,3,0,21,0,0,0,0,85,280,486,FINAL (ENTRADA MANUAL)
27,21,2,125,41,2,77,10,0,0,1,105,85,30,12,10,0,0,14,94,35,2,10,6,1,1,0,7,0,0,0,0,100,256,486,FINAL (ENTRADA MANUAL)
27,21,3,113,45,0,74,18,0,0,0,97,88,25,12,14,0,0,14,90,39,0,11,13,1,3,0,8,0,0,0,0,85,250,486,FINAL (ENTRADA MANUAL)
27,21,4,106,63,0,75,23,2,0,1,87,117,16,13,20,0,0,17,76,54,0,11,14,3,4,0,8,1,0,0,0,99,270,486,FINAL (ENTRADA MANUAL)
27,21,5,110,52,0,80,31,1,0,1,97,104,16,17,25,0,0,16,91,42,0,16,23,1,2,0,8,2,1,0,1,90,277,486,FINAL (ENTRADA MANUAL)
27,21,6,109,44,1,85,32,0,0,0,93,110,23,12,21,0,0,12,86,38,1,10,19,2,1,1,9,3,0,0,0,101,271,486,FINAL (ENTRADA MANUAL)
27,21,7,125,51,1,73,19,0,0,1,96,121,15,12,17,0,0,9,90,48,1,11,10,8,2,0,14,2,1,1,0,84,272,486,FINAL (ENTRADA MANUAL)
27,21,8,96,62,1,102,30,0,0,0,82,135,33,6,20,0,0,15,70,55,1,3,19,4,4,1,23,1,0,0,0,110,291,486,FINAL (ENTRADA MANUAL)
27,22,1,98,70,0,66,29,0,0,0,83,123,15,9,25,0,0,8,71,65,0,8,17,2,0,0,4,1,0,0,0,95,263,498,FINAL (ENTRADA MANUAL)
27,22,2,118,70,0,65,26,0,2,0,94,127,13,13,15,0,1,18,82,61,0,11,13,0,1,1,8,1,0,0,0,103,281,497,FINAL (ENTRADA MANUAL)
27,23,1,129,62,1,40,42,0,0,1,108,98,10,7,38,0,0,14,92,51,1,7,32,1,1,0,4,0,0,0,0,86,275,464,FINAL (ENTRADA MANUAL)
27,23,2,139,49,1,48,39,0,0,1,116,88,14,10,30,1,1,17,104,41,1,10,25,2,2,0,5,1,1,0,0,86,278,464,FINAL (ENTRADA MANUAL)
27,23,3,119,52,0,58,46,1,0,0,88,93,22,7,37,0,0,29,77,47,0,7,33,1,3,1,6,1,1,0,0,100,277,464,FINAL (ENTRADA MANUAL)
27,23,4,148,55,0,46,31,0,0,0,127,84,15,11,25,0,0,18,111,51,0,9,23,2,2,1,4,1,1,0,1,76,282,464,FINAL (ENTRADA MANUAL)
27,23,5,116,51,1,42,35,0,0,2,95,96,6,1,29,0,0,20,85,46,0,1,23,2,1,0,3,0,0,0,0,86,247,464,FINAL (ENTRADA MANUAL)
27,23,6,127,66,1,48,25,0,0,0,106,107,9,3,23,1,0,18,95,54,0,2,18,1,6,0,0,2,3,0,0,89,270,466,FINAL (ENTRADA MANUAL)
27,24,1,154,48,0,38,26,1,0,0,135,88,8,9,12,0,0,15,122,41,0,9,12,3,0,0,3,0,0,0,0,77,267,450,FINAL (ENTRADA MANUAL)
27,24,2,140,51,1,36,21,1,0,0,125,72,6,11,12,0,0,24,110,45,1,10,10,0,0,1,0,0,1,0,0,73,251,450,FINAL (ENTRADA MANUAL)
27,25,1,116,82,0,62,26,0,0,2,95,132,9,13,19,0,0,20,87,77,0,12,15,3,3,1,4,0,1,0,0,86,289,511,FINAL (ENTRADA MANUAL)
27,25,2,122,86,0,50,23,0,0,0,107,121,10,12,13,0,0,18,97,79,0,10,12,1,0,0,7,1,0,0,0,74,281,511,FINAL (ENTRADA MANUAL)
27,25,3,106,65,0,43,28,0,0,2,87,96,13,10,19,0,0,19,84,58,0,10,16,1,3,1,4,2,1,0,0,65,245,511,FINAL (ENTRADA MANUAL)
27,25,4,117,72,0,61,28,1,0,0,95,122,13,14,18,0,0,17,83,69,0,14,14,3,5,0,7,1,2,0,0,83,281,511,FINAL (ENTRADA MANUAL)
27,25,5,121,73,0,44,30,0,0,1,101,119,10,8,21,0,0,10,90,69,0,7,16,1,2,0,4,3,2,0,0,77,271,511,FINAL (ENTRADA MANUAL)
27,26,1,139,87,1,30,15,0,0,0,124,118,7,7,13,0,0,3,124,84,1,7,8,7,3,1,10,3,0,0,0,24,272,509,FINAL (ENTRADA MANUAL)
27,72,1,791,152,1,35,23,2,0,2,783,179,13,4,10,0,0,17,738,139,1,4,9,7,1,1,6,2,0,0,0,98,1006,0,FINAL (ENTRADA MANUAL)
27,72,2,140,21,0,3,5,0,0,0,137,24,2,0,4,0,0,2,136,21,0,0,4,2,1,0,0,0,2,0,0,5,171,0,FINAL (ENTRADA MANUAL)
27,72,3,703,217,1,115,53,6,0,1,651,328,38,12,34,1,0,32,611,198,0,11,24,16,13,5,14,2,0,0,1,202,1097,0,FINAL (ENTRADA MANUAL)
27,72,4,161,54,0,15,14,0,1,4,153,65,11,1,14,0,0,5,146,48,0,0,11,2,1,0,5,0,3,0,0,36,252,0,FINAL (ENTRADA MANUAL)
27,72,5,0,0,0,1,0,0,0,0,0,0,0,1,0,0,0,0,0,0,0,1,0,0,0,0,0,0,0,0,0,0,1,0,FINAL (ENTRADA MANUAL)
27,72,6,19,6,0,3,2,0,0,0,18,10,0,0,0,0,0,2,13,6,0,0,0,0,1,0,0,0,0,0,0,10,30,0,FINAL (ENTRADA MANUAL)
27,72,7,57,5,0,2,3,0,0,1,57,7,0,1,3,0,0,0,54,4,0,1,3,1,0,0,0,0,0,0,0,5,68,0,FINAL (ENTRADA MANUAL)
27,72,8,10,1,0,1,1,0,0,0,9,1,1,0,1,0,0,0,9,1,0,0,1,0,0,0,0,0,0,0,0,2,13,0,FINAL (ENTRADA MANUAL)
27,72,9,44,28,1,2,3,0,0,0,42,31,1,1,2,0,0,1,38,26,0,1,2,0,0,0,0,0,0,0,1,11,78,0,FINAL (ENTRADA MANUAL)
27,72,10,16,5,0,0,1,0,0,0,15,6,0,0,1,0,0,0,15,5,0,0,1,1,0,0,0,0,0,0,0,0,22,0,FINAL (ENTRADA MANUAL)
27,72,11,40,7,0,0,3,0,0,0,40,10,0,0,0,0,0,0,36,6,0,0,0,1,0,0,0,0,0,0,0,7,50,0,FINAL (ENTRADA MANUAL)
27,73,1,111,564,0,27,21,0,0,4,100,570,7,4,16,0,0,30,89,523,0,4,13,0,4,0,8,1,0,0,1,85,728,0,FINAL (ENTRADA MANUAL)
27,73,2,0,0,0,0,0,0,0,0,0,0,0,0,0,0,0,0,0,0,0,0,0,0,0,0,0,0,0,0,0,0,0,0,FINAL (ENTRADA MANUAL)
27,73,3,0,0,0,0,0,0,0,0,0,0,0,0,0,0,0,0,0,0,0,0,0,0,0,0,0,0,0,0,0,0,0,0,FINAL (ENTRADA MANUAL)
27,73,4,36,158,0,12,6,0,1,0,31,162,2,9,3,0,0,6,30,154,0,9,3,1,2,0,2,1,2,1,0,11,216,0,FINAL (ENTRADA MANUAL)
27,74,1,1,0,0,3,0,0,0,0,1,2,0,0,1,0,0,0,0,0,0,0,0,0,0,0,0,0,0,0,0,4,4,0,FINAL (ENTRADA MANUAL)
27,74,2,0,0,0,0,0,0,0,0,0,0,0,0,0,0,0,0,0,0,0,0,0,0,0,0,0,0,0,0,0,0,0,0,FINAL (ENTRADA MANUAL)
27,75,1,3,1,0,7,1,0,0,0,1,4,3,2,0,0,0,2,1,1,0,2,0,0,0,1,0,0,0,0,0,7,12,0,FINAL (ENTRADA MANUAL)
27,75,2,0,0,0,0,0,0,0,0,0,0,0,0,0,0,0,0,0,0,0,0,0,0,0,0,0,0,0,38,0,0,38,0,FINAL (ENTRADA MANUAL)
27,76,1,59,5,0,5,0,0,0,0,45,10,0,1,1,0,0,12,30,3,0,0,0,2,1,0,0,0,2,0,0,33,71,0,FINAL (ENTRADA MANUAL)
27,76,2,0,0,0,0,0,0,0,0,0,0,0,0,0,0,0,0,0,0,0,0,0,0,0,0,0,0,0,0,0,0,0,0,FINAL (ENTRADA MANUAL)
27,76,3,12,0,0,1,1,0,0,0,9,2,0,0,1,0,0,2,8,0,0,0,0,0,0,0,0,0,0,0,0,6,14,0,FINAL (ENTRADA MANUAL)
27,76,4,0,0,0,0,0,0,0,0,0,0,0,0,0,0,0,0,0,0,0,0,0,0,0,0,0,0,0,0,0,0,0,0,FINAL (ENTRADA MANUAL)
27,76,5,10,1,0,0,0,0,0,0,8,1,0,0,0,0,0,2,8,1,0,0,0,0,0,0,0,0,0,0,0,2,11,0,FINAL (ENTRADA MANUAL)
27,76,6,2,0,0,0,0,0,0,0,0,0,0,0,0,0,0,0,2,0,0,0,0,0,0,0,0,0,1,0,0,0,3,0,FINAL (ENTRADA MANUAL)
27,77,1,4,2,0,13,3,0,0,0,4,9,5,1,3,0,0,0,3,1,0,1,3,0,1,0,0,0,0,0,0,0,22,0,FINAL (ENTRADA MANUAL)
27,77,2,5,3,0,49,1,0,0,0,4,21,25,7,1,0,0,1,4,3,0,7,1,0,0,0,10,0,0,0,0,33,58,0,FINAL (ENTRADA MANUAL)
27,77,3,1,0,0,0,0,0,0,0,1,0,0,0,0,0,0,4,1,0,0,0,0,0,0,0,0,0,0,0,0,0,1,0,FINAL (ENTRADA MANUAL)
27,77,4,2,3,0,9,1,0,0,0,2,8,2,3,0,0,0,0,2,3,0,3,0,0,0,0,1,0,0,0,0,6,15,0,FINAL (ENTRADA MANUAL)
27,78,1,69,29,0,16,3,0,0,0,65,36,4,3,2,0,6,1,60,28,0,2,1,1,1,0,2,0,0,1,0,22,118,0,FINAL (ENTRADA MANUAL)
27,78,2,25,4,0,7,1,0,0,0,20,7,1,1,1,0,0,7,17,3,0,0,1,0,0,0,0,0,0,0,1,16,38,0,FINAL (ENTRADA MANUAL)
27,78,3,18,7,2,3,2,0,0,0,15,9,2,1,3,0,0,2,13,7,0,1,2,0,0,1,1,0,0,0,0,7,32,0,FINAL (ENTRADA MANUAL)
27,78,4,2,0,0,1,0,0,0,0,1,0,0,1,0,0,0,1,1,0,0,1,0,0,0,0,0,0,0,0,0,1,3,0,FINAL (ENTRADA MANUAL)
28,1,1,107,56,0,48,32,0,0,1,95,94,8,10,22,0,0,15,88,51,0,10,16,2,0,0,6,1,1,0,0,70,245,478,FINAL (ENTRADA MANUAL)
28,1,2,124,54,0,63,28,0,0,1,108,102,13,8,19,1,0,19,97,51,0,8,17,3,2,1,6,0,2,0,0,85,272,478,FINAL (ENTRADA MANUAL)
28,1,3,123,61,0,47,28,1,0,0,105,99,10,10,25,0,0,11,97,51,0,9,17,0,2,0,8,0,0,0,0,76,260,478,FINAL (ENTRADA MANUAL)
28,1,4,101,69,1,41,24,0,0,0,99,91,10,12,14,0,0,10,90,65,1,12,12,1,2,0,4,1,0,0,0,48,236,478,FINAL (ENTRADA MANUAL)
28,1,5,108,62,0,58,44,0,0,2,100,109,14,5,31,0,0,15,83,53,0,4,24,0,1,1,6,2,0,0,1,100,275,478,FINAL (ENTRADA MANUAL)
28,2,1,122,57,2,52,16,0,0,0,113,89,9,10,17,0,0,11,107,53,0,9,9,0,2,0,1,1,0,0,0,67,249,458,FINAL (ENTRADA MANUAL)
28,2,2,116,85,0,36,22,0,0,0,105,122,7,4,12,0,0,9,102,78,0,4,9,3,1,0,3,0,2,0,1,59,262,459,FINAL (ENTRADA MANUAL)
28,3,1,120,60,0,61,26,0,0,1,108,122,14,5,15,0,0,4,105,59,0,5,11,3,0,1,7,0,0,0,0,77,268,510,FINAL (ENTRADA MANUAL)
28,3,2,110,78,0,59,29,0,0,1,84,138,18,9,16,0,0,12,79,69,0,7,14,3,1,0,6,0,0,0,0,98,277,510,FINAL (ENTRADA MANUAL)
28,3,3,116,65,1,66,26,0,0,0,102,119,16,7,20,0,0,10,91,58,0,5,17,0,6,1,7,1,2,0,0,88,276,510,FINAL (ENTRADA MANUAL)
28,3,4,80,68,1,70,29,0,0,2,71,109,20,17,22,0,0,11,67,59,1,16,19,1,1,0,12,0,0,0,0,74,250,510,FINAL (ENTRADA MANUAL)
28,3,5,96,81,1,61,26,1,0,0,84,136,13,6,17,0,0,10,72,74,0,5,17,1,1,1,5,0,0,0,0,90,266,508,FINAL (ENTRADA MANUAL)
28,4,1,133,43,0,72,27,1,0,0,114,112,20,10,13,0,0,7,107,37,0,9,11,4,4,0,12,1,0,0,0,91,276,467,FINAL (ENTRADA MANUAL)
28,4,2,105,69,0,67,25,0,0,1,82,128,19,10,15,0,0,13,70,65,0,8,13,2,3,1,7,0,1,0,0,98,268,467,FINAL (ENTRADA MANUAL)
28,4,3,110,67,0,63,19,0,0,2,94,124,13,7,13,0,0,10,89,62,0,6,10,2,4,0,4,0,1,0,0,84,262,467,FINAL (ENTRADA MANUAL)
28,4,4,122,39,0,75,37,0,0,1,107,97,19,18,19,0,0,14,101,35,0,14,17,4,4,1,12,2,0,1,0,84,275,466,FINAL (ENTRADA MANUAL)
28,72,1,2,2,0,0,0,0,0,0,2,2,0,0,0,0,0,0,2,2,0,0,0,0,0,0,0,0,0,0,0,0,4,0,FINAL (ENTRADA MANUAL)
28,72,2,0,0,0,0,0,0,0,0,0,0,0,0,0,0,0,0,0,0,0,0,0,0,0,0,0,0,0,0,0,0,0,0,FINAL (ENTRADA MANUAL)
28,72,3,241,86,0,36,11,0,0,1,232,114,10,5,13,0,0,1,222,82,0,5,8,0,6,1,6,1,0,0,0,44,375,0,FINAL (ENTRADA MANUAL)
28,72,4,44,24,0,4,4,0,0,0,43,27,0,1,3,0,0,2,39,20,0,1,2,0,0,0,1,0,0,0,0,13,76,0,FINAL (ENTRADA MANUAL)
28,72,5,0,0,0,0,0,0,0,0,0,0,0,0,0,0,0,0,0,0,0,0,0,0,0,0,0,0,0,0,0,0,0,0,FINAL (ENTRADA MANUAL)
28,72,6,0,0,0,0,0,0,0,0,0,0,0,0,0,0,0,0,0,0,0,0,0,0,0,0,0,0,0,0,0,0,0,0,FINAL (ENTRADA MANUAL)
28,72,7,2,0,0,0,0,0,0,0,2,0,0,0,0,0,0,0,2,0,0,0,0,0,0,0,0,0,0,0,0,0,2,0,FINAL (ENTRADA MANUAL)
28,72,8,0,0,0,0,0,0,0,0,0,0,0,0,0,0,0,0,0,0,0,0,0,0,0,0,0,0,0,0,0,0,0,0,FINAL (ENTRADA MANUAL)
28,72,9,5,2,0,0,0,0,0,0,5,2,0,0,0,0,0,0,4,2,0,0,0,0,0,0,0,0,0,0,0,1,7,0,FINAL (ENTRADA MANUAL)
28,72,10,4,2,0,1,0,0,0,0,4,3,0,0,0,0,0,0,4,2,0,0,0,0,0,0,0,0,0,0,0,1,7,0,FINAL (ENTRADA MANUAL)
28,73,1,189,166,0,9,15,0,1,0,172,173,0,4,5,0,0,26,166,157,0,4,5,1,0,0,0,0,0,0,0,47,380,0,FINAL (ENTRADA MANUAL)
28,73,2,0,0,0,0,0,0,0,0,0,0,0,0,0,0,0,0,0,0,0,0,0,0,0,0,0,0,0,0,0,0,0,0,FINAL (ENTRADA MANUAL)
28,73,3,2,4,0,0,0,0,0,0,2,3,0,0,0,0,0,1,2,3,0,0,0,0,0,0,0,0,0,0,0,1,6,0,FINAL (ENTRADA MANUAL)
28,74,1,0,0,0,0,0,0,0,0,0,0,0,0,0,0,0,0,0,0,0,0,0,0,0,0,0,0,0,0,0,0,0,0,FINAL (ENTRADA MANUAL)
28,74,2,0,0,0,0,0,0,0,0,0,0,0,0,0,0,0,0,0,0,0,0,0,0,0,0,0,0,0,0,0,0,0,0,FINAL (ENTRADA MANUAL)
28,75,1,0,0,0,0,0,0,0,0,0,0,0,0,0,0,0,0,0,0,0,0,0,0,0,0,0,0,0,0,0,0,0,0,FINAL (ENTRADA MANUAL)
28,75,2,0,0,0,0,0,0,0,0,0,0,0,0,0,0,0,0,0,0,0,0,0,0,0,0,0,0,0,0,0,0,0,0,FINAL (ENTRADA MANUAL)
28,76,1,5,0,0,0,0,0,0,0,4,1,0,0,0,0,0,0,2,0,0,0,0,0,0,0,0,0,0,0,0,3,5,0,FINAL (ENTRADA MANUAL)
28,76,2,0,0,0,0,0,0,0,0,0,0,0,0,0,0,0,0,0,0,0,0,0,0,0,0,0,0,0,0,0,0,0,0,FINAL (ENTRADA MANUAL)
28,76,3,1,0,0,0,0,0,0,0,1,0,0,0,0,0,0,0,1,0,0,0,0,0,0,0,0,0,0,0,0,0,1,0,FINAL (ENTRADA MANUAL)
28,76,5,0,1,0,0,0,0,0,0,0,0,0,0,0,0,0,1,0,0,0,0,0,0,0,0,0,0,0,0,0,1,1,0,FINAL (ENTRADA MANUAL)
28,76,6,0,0,0,0,0,0,0,0,0,0,0,0,0,0,0,0,0,0,0,0,0,0,0,0,0,0,0,0,0,0,0,0,FINAL (ENTRADA MANUAL)
28,77,1,0,0,0,0,0,0,0,0,0,0,0,0,0,0,0,0,0,0,0,0,0,0,0,0,0,0,0,0,0,0,0,0,FINAL (ENTRADA MANUAL)
28,77,2,2,0,0,4,1,0,0,0,2,0,2,2,1,0,0,0,2,0,0,2,1,0,0,0,1,0,0,0,0,1,7,0,FINAL (ENTRADA MANUAL)
28,77,3,0,1,1,0,0,0,0,0,0,1,1,0,0,0,0,0,0,1,0,0,0,0,0,0,0,0,0,0,0,1,2,0,FINAL (ENTRADA MANUAL)
28,78,1,23,8,0,2,0,0,0,0,19,12,0,0,1,0,0,1,18,8,0,0,0,1,0,0,0,0,0,0,0,6,33,0,FINAL (ENTRADA MANUAL)
28,78,2,1,0,0,0,0,0,0,0,1,0,0,0,0,0,0,0,1,0,0,0,0,0,0,0,0,0,0,0,0,0,1,0,FINAL (ENTRADA MANUAL)
28,78,3,1,1,0,1,0,0,0,0,1,1,0,0,1,0,0,0,0,1,0,0,0,0,0,0,0,0,0,0,0,2,3,0,FINAL (ENTRADA MANUAL)
28,78,4,0,0,0,0,0,0,0,0,0,0,0,0,0,0,0,0,0,0,0,0,0,0,0,0,0,0,0,0,0,0,0,0,FINAL (ENTRADA MANUAL)
29,1,1,97,80,0,68,22,1,0,0,80,134,18,8,18,0,0,10,71,67,0,8,15,0,1,0,11,3,1,0,0,92,269,492,FINAL (ENTRADA MANUAL)
29,1,2,108,89,2,51,17,0,0,1,97,132,7,9,10,0,0,13,83,78,1,9,7,2,4,1,4,2,0,0,0,77,268,492,FINAL (ENTRADA MANUAL)
29,1,3,112,69,0,61,27,0,0,0,94,118,14,10,18,0,0,15,87,61,0,8,15,1,2,0,3,0,1,0,0,92,270,492,FINAL (ENTRADA MANUAL)
29,1,4,105,62,0,45,35,0,0,0,89,95,10,10,30,1,0,12,85,51,0,9,29,1,3,0,4,2,1,0,0,63,248,492,FINAL (ENTRADA MANUAL)
29,1,5,117,76,1,51,17,0,0,0,97,116,10,8,15,0,0,16,90,71,0,7,12,4,4,1,9,0,0,0,0,64,262,492,FINAL (ENTRADA MANUAL)
29,1,6,102,90,0,45,26,0,0,3,98,120,9,7,21,0,0,11,93,82,0,5,19,2,1,0,8,0,1,0,0,56,267,492,FINAL (ENTRADA MANUAL)
29,1,7,110,74,1,38,27,0,0,1,91,121,8,4,14,0,0,13,78,61,0,1,12,2,4,0,7,2,0,0,0,84,251,492,FINAL (ENTRADA MANUAL)
29,1,8,108,60,0,60,31,0,0,0,91,110,16,7,24,0,0,11,84,54,0,5,22,3,2,1,6,0,0,0,0,82,259,492,FINAL (ENTRADA MANUAL)
29,2,1,130,57,0,57,30,0,0,0,111,106,9,9,25,0,0,14,101,46,0,7,19,0,1,0,8,1,0,0,0,91,274,495,FINAL (ENTRADA MANUAL)
29,2,2,143,53,1,65,29,0,0,1,125,104,18,8,28,0,0,9,117,44,0,5,23,0,3,1,4,1,0,0,0,94,292,495,FINAL (ENTRADA MANUAL)
29,2,3,121,49,0,60,19,0,0,1,106,98,13,6,14,0,0,13,97,46,0,6,11,5,0,0,5,0,0,1,0,80,251,495,FINAL (ENTRADA MANUAL)
29,2,4,130,54,0,57,20,0,0,0,121,91,16,8,14,1,0,10,108,50,0,8,11,4,1,3,5,2,0,0,0,69,261,495,FINAL (ENTRADA MANUAL)
29,2,5,128,50,0,66,24,0,0,1,116,105,14,8,15,0,0,11,110,45,0,7,14,0,4,0,8,1,0,0,0,80,269,496,FINAL (ENTRADA MANUAL)
29,3,1,85,87,2,55,23,0,0,2,73,134,15,7,15,0,0,10,65,85,1,6,15,4,0,0,4,1,1,0,0,73,255,528,FINAL (ENTRADA MANUAL)
29,3,2,73,92,0,69,17,0,0,2,62,143,12,10,11,0,0,15,53,82,0,10,10,1,6,0,6,1,0,0,0,84,253,528,FINAL (ENTRADA MANUAL)
29,3,3,89,80,1,87,16,0,0,0,72,153,14,11,13,0,0,10,66,75,0,9,7,1,2,0,8,1,1,0,0,104,274,528,FINAL (ENTRADA MANUAL)
29,3,4,93,83,0,81,22,0,1,0,76,135,18,9,18,0,0,24,71,72,0,9,12,1,1,1,6,1,1,0,0,106,281,528,FINAL (ENTRADA MANUAL)
29,3,5,109,72,0,72,23,0,0,1,90,121,16,15,19,0,1,15,82,65,0,13,13,2,1,0,5,1,0,0,0,95,277,528,FINAL (ENTRADA MANUAL)
29,3,6,87,84,1,70,20,0,0,1,71,136,13,13,18,0,0,12,63,72,1,12,15,3,2,0,5,0,0,0,0,90,263,528,FINAL (ENTRADA MANUAL)
29,3,7,86,82,0,74,20,0,0,1,71,135,23,6,19,0,0,9,66,72,0,5,18,3,2,2,10,1,0,0,0,84,263,528,FINAL (ENTRADA MANUAL)
29,3,8,79,89,0,72,26,0,1,1,63,149,7,10,18,0,1,20,61,79,0,8,16,0,5,0,4,1,0,0,0,94,268,526,FINAL (ENTRADA MANUAL)
29,4,1,109,44,0,89,19,2,0,0,102,105,25,8,13,2,0,8,94,35,0,7,10,1,3,2,9,2,0,0,0,100,263,466,FINAL (ENTRADA MANUAL)
29,4,2,107,46,0,81,16,0,0,0,91,95,27,14,11,0,0,12,76,40,0,11,7,1,0,1,8,2,2,0,0,104,252,466,FINAL (ENTRADA MANUAL)
29,4,3,109,57,1,86,21,0,0,0,84,137,22,9,17,0,0,5,79,56,0,8,14,2,4,0,10,1,0,0,0,100,274,466,FINAL (ENTRADA MANUAL)
29,4,4,104,46,0,67,26,1,0,0,88,96,23,7,19,0,0,11,78,44,0,7,15,3,4,1,13,2,0,0,0,77,244,466,FINAL (ENTRADA MANUAL)
29,4,5,110,46,1,62,27,0,0,0,95,102,11,12,19,0,0,7,84,41,0,11,17,1,2,0,6,0,0,0,0,84,246,466,FINAL (ENTRADA MANUAL)
29,4,6,85,66,0,74,26,1,0,3,73,118,16,9,21,0,0,18,63,59,0,6,18,1,3,0,9,4,2,1,0,92,258,466,FINAL (ENTRADA MANUAL)
29,4,7,99,44,0,88,18,0,0,1,77,116,21,10,8,0,0,18,69,38,0,8,7,2,3,1,9,1,1,0,0,112,251,466,FINAL (ENTRADA MANUAL)
29,4,8,98,49,0,69,24,0,0,0,85,97,11,13,17,0,0,17,78,42,0,11,14,0,5,0,6,1,1,0,0,83,241,466,FINAL (ENTRADA MANUAL)
29,4,9,108,46,0,88,23,0,0,1,92,100,33,16,18,0,0,7,89,42,0,14,14,2,7,1,17,3,0,0,0,77,266,466,FINAL (ENTRADA MANUAL)
29,72,1,0,0,0,0,0,0,0,0,0,0,0,0,0,0,0,0,0,0,0,0,0,0,0,0,0,0,0,0,0,0,0,0,FINAL (ENTRADA MANUAL)
29,72,2,1,1,0,0,0,0,0,0,1,1,0,0,0,0,0,0,1,0,0,0,0,0,0,0,0,0,0,0,0,1,2,0,FINAL (ENTRADA MANUAL)
29,72,3,478,222,0,70,33,0,1,0,440,300,17,13,18,0,0,16,413,211,0,12,15,10,9,1,12,2,0,0,0,119,804,0,FINAL (ENTRADA MANUAL)
29,72,4,155,63,0,13,11,0,0,0,142,82,2,1,8,0,0,7,140,61,0,1,7,2,2,0,5,0,1,1,0,24,244,0,FINAL (ENTRADA MANUAL)
29,72,5,17,8,0,2,3,0,0,0,14,15,1,0,0,0,0,0,14,7,0,0,0,0,1,0,1,0,0,0,0,7,30,0,FINAL (ENTRADA MANUAL)
29,72,6,4,5,0,2,0,0,0,0,4,6,0,1,0,0,0,0,4,5,0,1,0,0,0,0,0,0,0,0,0,1,11,0,FINAL (ENTRADA MANUAL)
29,72,7,0,0,0,0,0,0,0,0,0,0,0,0,0,0,0,0,0,0,0,0,0,0,0,0,0,0,0,0,0,0,0,0,FINAL (ENTRADA MANUAL)
29,72,8,0,0,0,0,0,0,0,0,0,0,0,0,0,0,0,0,0,0,0,0,0,0,0,0,0,0,0,0,0,0,0,0,FINAL (ENTRADA MANUAL)
29,72,9,2,0,0,1,0,0,0,0,1,1,0,0,0,0,0,1,0,0,0,0,0,0,0,0,0,0,0,0,0,3,3,0,FINAL (ENTRADA MANUAL)
29,73,1,158,383,1,19,8,0,0,2,144,386,6,2,7,0,0,26,134,358,1,1,4,2,1,0,2,0,0,0,0,68,571,0,FINAL (ENTRADA MANUAL)
29,73,2,0,0,0,0,0,0,0,0,0,0,0,0,0,0,0,0,0,0,0,0,0,0,0,0,0,0,0,0,0,0,0,0,FINAL (ENTRADA MANUAL)
29,73,3,5,8,0,3,0,0,0,0,5,11,0,0,0,0,0,0,4,8,0,0,0,0,1,0,0,0,2,0,0,3,18,0,FINAL (ENTRADA MANUAL)
29,74,1,0,0,0,0,0,0,0,0,0,0,0,0,0,0,0,0,0,0,0,0,0,0,0,0,0,0,0,0,0,0,0,0,FINAL (ENTRADA MANUAL)
29,74,2,0,0,0,0,0,0,0,0,0,0,0,0,0,0,0,0,0,0,0,0,0,0,0,0,0,0,0,0,0,0,0,0,FINAL (ENTRADA MANUAL)
29,75,1,3,0,0,0,0,0,0,0,3,0,0,0,0,0,0,0,2,0,0,0,0,0,0,0,0,0,0,1,0,1,4,0,FINAL (ENTRADA MANUAL)
29,76,1,17,0,0,1,0,0,0,0,10,1,1,0,0,0,0,6,7,0,0,0,0,1,0,0,1,0,1,0,0,9,19,0,FINAL (ENTRADA MANUAL)
29,76,2,1,0,0,0,0,0,0,0,1,0,0,0,0,0,0,0,1,0,0,0,0,0,0,0,0,0,0,0,0,0,1,0,FINAL (ENTRADA MANUAL)
29,76,3,2,0,0,0,0,0,0,0,1,1,0,0,0,0,0,0,0,0,0,0,0,0,0,0,0,0,0,0,0,2,2,0,FINAL (ENTRADA MANUAL)
29,76,5,1,0,0,0,0,0,0,0,1,0,0,0,0,0,0,0,1,0,0,0,0,0,0,0,0,0,0,0,0,0,1,0,FINAL (ENTRADA MANUAL)
29,77,1,4,1,0,21,3,0,0,0,3,11,4,10,1,0,0,0,3,1,0,0,0,0,0,0,5,1,0,0,0,17,29,0,FINAL (ENTRADA MANUAL)
29,77,2,0,0,0,17,1,0,0,0,0,5,11,1,1,0,0,0,0,0,0,1,1,0,0,1,4,0,0,0,0,11,18,0,FINAL (ENTRADA MANUAL)
29,77,3,2,2,0,3,0,0,0,0,2,3,2,0,0,0,0,0,2,2,0,0,0,0,0,0,0,0,0,0,0,3,7,0,FINAL (ENTRADA MANUAL)
29,78,1,31,16,0,4,3,0,0,0,22,23,0,0,2,0,0,7,18,14,0,0,2,1,0,0,0,0,0,0,0,19,54,0,FINAL (ENTRADA MANUAL)
29,78,2,7,1,0,1,0,0,0,0,5,2,0,1,0,0,0,1,5,1,0,1,0,0,0,0,0,0,0,0,0,2,9,0,FINAL (ENTRADA MANUAL)
29,78,3,3,3,0,2,0,0,0,0,3,3,0,2,0,0,0,0,2,2,0,1,0,0,0,0,0,0,0,0,0,3,8,0,FINAL (ENTRADA MANUAL)
29,78,4,7,1,0,1,0,0,0,0,5,2,0,1,0,0,0,1,5,1,0,1,0,0,0,0,0,0,0,0,0,2,9,0,FINAL (ENTRADA MANUAL)
30,1,1,107,38,0,53,25,1,0,3,96,68,19,10,19,0,1,14,92,33,0,7,17,0,2,0,7,1,0,0,1,68,228,442,FINAL (ENTRADA MANUAL)
30,1,2,99,28,1,56,26,0,0,1,86,77,9,9,14,0,0,16,76,24,0,7,12,5,3,0,6,3,0,0,0,75,211,442,FINAL (ENTRADA MANUAL)
30,1,3,98,55,1,47,29,0,0,0,86,91,13,9,22,0,0,9,79,52,1,9,19,0,0,0,2,1,1,0,0,67,231,442,FINAL (ENTRADA MANUAL)
30,1,4,93,42,0,48,20,0,0,0,83,79,9,10,14,0,0,8,78,37,0,9,11,2,1,0,6,1,1,0,0,58,204,441,FINAL (ENTRADA MANUAL)
30,2,1,101,44,1,93,29,0,0,0,83,122,24,12,17,0,0,10,77,37,0,9,15,0,2,0,11,1,1,0,0,116,269,482,FINAL (ENTRADA MANUAL)
30,2,2,116,31,0,74,35,0,0,0,102,87,16,13,27,0,0,11,88,28,0,13,19,4,2,1,5,2,1,0,0,94,257,482,FINAL (ENTRADA MANUAL)
30,2,3,114,50,0,74,24,0,0,0,97,108,21,13,15,0,0,9,84,47,0,11,11,3,3,3,9,5,0,0,0,87,263,482,FINAL (ENTRADA MANUAL)
30,2,4,100,46,0,83,25,0,0,0,91,102,20,17,16,0,0,8,79,38,0,17,11,2,2,0,4,1,0,0,0,100,254,482,FINAL (ENTRADA MANUAL)
30,2,5,110,56,0,67,20,0,0,0,90,116,17,8,12,0,0,10,82,45,0,8,11,2,1,2,4,3,0,1,0,95,254,482,FINAL (ENTRADA MANUAL)
30,2,6,96,57,1,73,19,0,0,0,82,105,18,12,13,0,0,16,73,47,1,11,7,0,5,0,9,2,1,0,0,91,247,482,FINAL (ENTRADA MANUAL)
30,2,7,126,32,0,83,14,0,0,0,112,99,17,8,9,0,0,10,100,28,0,7,6,0,3,0,9,1,0,0,1,101,256,482,FINAL (ENTRADA MANUAL)
30,3,1,98,42,0,39,30,1,0,1,86,73,6,9,29,0,0,8,81,39,0,7,21,1,1,1,3,1,1,0,0,56,212,454,FINAL (ENTRADA MANUAL)
30,3,2,103,40,0,63,42,1,1,0,91,88,14,16,31,0,0,10,86,34,0,14,25,2,2,0,8,0,0,0,0,79,250,453,FINAL (ENTRADA MANUAL)
30,4,1,111,34,0,65,26,1,0,1,101,83,14,9,21,1,0,9,92,30,0,8,18,2,2,0,5,2,0,0,0,79,238,422,FINAL (ENTRADA MANUAL)
30,4,2,96,34,0,66,36,0,0,1,80,90,16,11,29,0,0,7,74,29,0,11,25,3,3,0,9,3,0,0,0,76,233,422,FINAL (ENTRADA MANUAL)
30,4,3,111,29,0,83,22,0,0,2,94,94,18,10,19,0,0,12,80,23,0,9,16,2,2,0,11,1,0,0,0,103,247,422,FINAL (ENTRADA MANUAL)
30,4,4,114,62,0,56,19,0,0,0,100,118,9,5,12,0,0,7,90,59,0,5,9,2,2,1,5,0,0,0,0,78,251,422,FINAL (ENTRADA MANUAL)
30,4,5,119,38,0,54,25,0,0,0,105,87,11,7,17,0,0,9,96,34,0,7,14,2,0,1,7,1,0,0,0,74,236,421,FINAL (ENTRADA MANUAL)
30,5,1,89,58,1,74,22,2,0,0,84,114,17,7,11,0,0,13,79,52,0,4,7,1,4,1,10,0,0,0,0,88,246,418,FINAL (ENTRADA MANUAL)
30,6,1,129,39,0,74,21,0,0,2,112,92,22,13,16,0,0,10,102,31,0,9,9,1,2,0,7,0,1,0,0,104,266,471,FINAL (ENTRADA MANUAL)
30,6,2,153,39,0,77,23,0,0,1,135,94,20,15,17,0,0,12,128,36,0,14,15,1,4,2,5,0,0,1,0,88,294,471,FINAL (ENTRADA MANUAL)
30,6,3,115,65,0,78,20,0,0,0,94,137,11,10,16,0,0,10,83,59,0,9,14,4,5,0,6,1,0,0,0,97,278,472,FINAL (ENTRADA MANUAL)
30,7,1,90,42,1,26,16,1,0,0,79,64,2,5,14,0,2,10,75,37,0,5,8,0,0,0,0,2,0,0,0,49,176,311,FINAL (ENTRADA MANUAL)
30,8,1,128,45,0,70,24,0,0,3,115,105,15,7,17,0,0,11,101,43,0,6,12,1,0,0,11,2,1,0,0,94,271,465,FINAL (ENTRADA MANUAL)
30,8,2,102,50,0,69,38,0,0,1,91,107,17,8,27,0,0,10,78,42,0,6,22,1,4,0,3,4,1,0,0,100,261,465,FINAL (ENTRADA MANUAL)
30,8,3,124,41,0,60,27,0,0,2,107,97,11,13,22,0,0,4,96,36,0,12,17,6,4,0,6,2,1,3,0,75,258,465,FINAL (ENTRADA MANUAL)
30,8,4,112,51,0,72,32,0,0,0,101,114,19,6,15,0,0,12,86,47,0,5,12,2,3,0,6,3,0,0,0,103,267,465,FINAL (ENTRADA MANUAL)
30,9,1,133,42,0,42,12,0,0,0,117,75,15,4,8,0,0,10,114,41,0,4,5,2,1,0,6,0,1,1,1,56,232,365,FINAL (ENTRADA MANUAL)
30,9,2,114,36,0,42,19,0,0,0,103,71,8,5,15,0,0,9,96,31,0,5,9,2,0,0,3,0,0,0,0,65,211,365,FINAL (ENTRADA MANUAL)
30,9,3,123,34,0,29,23,0,0,0,108,62,5,5,18,0,0,11,100,30,0,4,10,0,1,0,2,1,0,0,0,61,209,364,FINAL (ENTRADA MANUAL)
30,10,1,123,56,0,42,21,0,0,1,116,81,16,10,16,0,0,4,110,54,0,9,15,1,1,0,7,1,2,0,0,45,245,440,FINAL (ENTRADA MANUAL)
30,10,2,104,44,1,39,22,0,1,1,92,80,11,5,11,0,1,12,84,43,1,5,7,1,0,1,0,1,2,0,0,69,214,440,FINAL (ENTRADA MANUAL)
30,10,3,131,38,0,33,16,0,0,1,113,70,8,4,13,0,0,11,103,34,0,3,8,2,1,0,4,0,0,0,0,64,219,440,FINAL (ENTRADA MANUAL)
30,10,4,118,43,0,41,19,0,0,2,116,77,9,2,14,0,0,5,103,41,0,2,6,0,5,0,3,0,0,0,0,63,223,440,FINAL (ENTRADA MANUAL)
30,10,5,106,44,0,42,15,1,0,0,98,77,14,4,8,0,0,7,85,39,0,4,8,0,1,0,5,0,0,0,1,66,209,440,FINAL (ENTRADA MANUAL)
30,11,1,112,57,0,43,24,0,0,0,97,91,9,9,15,0,0,15,84,53,0,8,13,1,0,2,2,0,0,0,0,73,236,379,FINAL (ENTRADA MANUAL)
30,11,2,110,41,0,47,27,0,0,1,93,91,4,6,19,0,0,13,83,35,0,5,17,1,0,0,2,1,0,0,0,82,226,379,FINAL (ENTRADA MANUAL)
30,11,3,88,78,0,46,30,1,0,0,70,124,4,8,20,0,0,17,65,67,0,7,18,0,5,0,6,1,1,0,0,74,244,380,FINAL (ENTRADA MANUAL)
30,12,1,84,56,0,37,36,0,0,1,78,89,6,4,20,0,0,17,71,47,0,4,14,0,1,0,0,3,0,0,0,74,214,399,FINAL (ENTRADA MANUAL)
30,12,2,85,56,0,37,24,0,0,0,72,86,9,12,18,0,0,5,63,49,0,8,17,3,1,0,3,0,1,1,1,58,205,399,FINAL (ENTRADA MANUAL)
30,12,3,78,59,1,43,28,0,1,2,63,104,7,6,18,0,0,14,57,52,0,4,14,1,4,0,4,0,0,0,0,76,212,398,FINAL (ENTRADA MANUAL)
30,13,1,50,5,0,10,4,0,0,0,44,11,1,5,2,0,0,6,43,5,0,5,2,1,0,0,0,0,0,0,0,13,69,106,FINAL (ENTRADA MANUAL)
30,14,1,127,71,0,42,33,0,1,2,119,110,9,7,23,0,0,8,108,68,0,4,18,0,0,0,10,3,0,0,0,65,276,502,FINAL (ENTRADA MANUAL)
30,14,2,129,56,0,35,28,0,0,0,106,97,6,6,16,0,0,17,103,47,0,5,14,3,2,0,7,3,5,0,0,64,253,503,FINAL (ENTRADA MANUAL)
30,15,1,170,43,0,40,27,0,0,0,145,77,9,5,23,0,0,21,137,35,0,4,19,0,0,1,3,2,1,1,0,79,282,542,FINAL (ENTRADA MANUAL)
30,15,2,133,53,0,53,43,0,0,0,120,99,11,8,31,0,0,13,111,48,0,7,27,0,1,1,4,3,0,0,0,80,282,542,FINAL (ENTRADA MANUAL)
30,15,3,159,48,0,55,30,0,0,0,150,87,9,15,21,0,0,10,142,40,0,14,16,3,6,0,5,0,2,0,1,66,295,542,FINAL (ENTRADA MANUAL)
30,15,4,143,51,0,34,57,0,0,1,122,84,11,4,46,0,0,19,111,45,0,4,39,3,3,0,5,1,0,0,0,75,286,544,FINAL (ENTRADA MANUAL)
30,16,1,101,41,1,25,54,0,1,0,100,73,5,6,33,0,0,6,93,37,0,6,21,1,2,1,4,2,0,0,0,56,223,396,FINAL (ENTRADA MANUAL)
30,16,2,105,61,0,20,37,0,1,0,95,90,6,2,22,0,0,9,85,56,0,1,18,2,3,0,1,0,0,0,0,58,224,396,FINAL (ENTRADA MANUAL)
30,72,1,459,117,1,36,40,0,0,1,435,166,8,4,29,2,0,10,420,109,0,4,24,11,3,1,6,4,0,0,1,72,655,0,FINAL (ENTRADA MANUAL)
30,72,2,86,39,0,7,12,0,0,0,82,41,3,4,9,0,0,5,77,36,0,4,9,1,1,1,0,1,0,2,0,14,146,0,FINAL (ENTRADA MANUAL)
30,72,3,514,100,0,26,35,0,2,1,498,136,10,3,23,0,1,7,469,83,0,3,17,9,10,0,4,5,0,0,2,78,680,0,FINAL (ENTRADA MANUAL)
30,72,4,83,23,0,8,6,0,0,0,78,31,5,0,3,0,0,3,74,21,0,0,2,2,0,0,2,0,4,7,0,19,131,0,FINAL (ENTRADA MANUAL)
30,72,5,60,11,0,2,6,0,0,1,61,12,1,0,5,0,0,1,53,11,0,0,5,1,0,0,0,0,0,0,0,10,80,0,FINAL (ENTRADA MANUAL)
30,72,6,8,1,1,0,2,0,0,0,9,2,1,0,0,0,0,0,8,1,1,0,0,0,0,0,0,1,0,0,0,1,12,0,FINAL (ENTRADA MANUAL)
30,72,7,534,97,2,47,33,0,1,2,528,137,12,8,22,0,2,7,504,92,0,7,17,3,9,3,8,6,7,0,2,67,8,0,FINAL (ENTRADA MANUAL)
30,72,8,91,23,0,9,15,0,0,4,94,37,0,0,7,0,0,4,90,22,0,0,7,0,1,0,1,1,4,0,0,16,142,0,FINAL (ENTRADA MANUAL)
30,72,9,1,2,0,2,1,0,0,0,1,2,2,0,1,0,0,0,1,2,0,0,0,0,0,0,2,0,0,0,0,1,6,0,FINAL (ENTRADA MANUAL)
30,73,1,281,251,0,7,13,0,0,1,273,252,1,2,9,0,0,16,259,240,0,1,7,0,1,1,0,0,0,0,0,44,553,0,FINAL (ENTRADA MANUAL)
30,73,2,0,0,0,0,0,0,0,0,0,0,0,0,0,0,0,0,0,0,0,0,0,0,0,0,0,0,0,0,0,0,0,0,FINAL (ENTRADA MANUAL)
30,73,3,0,0,0,0,0,0,0,0,0,0,0,0,0,0,0,0,0,0,0,0,0,0,0,0,0,0,0,0,0,0,0,0,FINAL (ENTRADA MANUAL)
30,73,4,91,88,0,9,3,0,0,0,87,91,1,1,1,0,0,11,84,79,0,0,1,1,0,0,1,0,0,0,0,25,196,0,FINAL (ENTRADA MANUAL)
30,74,1,0,1,0,1,0,0,0,0,0,1,1,0,0,0,0,0,0,0,0,0,0,0,0,0,0,0,0,0,0,2,2,0,FINAL (ENTRADA MANUAL)
30,74,2,0,0,0,0,0,0,0,0,0,0,0,0,0,0,0,0,0,0,0,0,0,0,0,0,0,0,0,0,0,0,0,0,FINAL (ENTRADA MANUAL)
30,75,1,0,0,0,1,0,0,0,0,0,0,0,1,0,0,0,0,0,0,0,0,0,0,0,0,0,0,0,0,0,0,1,0,FINAL (ENTRADA MANUAL)
30,75,2,0,0,0,0,0,0,0,0,0,0,0,0,0,0,0,0,0,0,0,0,0,0,0,0,0,0,0,0,0,0,0,0,FINAL (ENTRADA MANUAL)
30,76,1,16,3,0,1,0,0,0,0,14,5,0,0,0,0,0,1,12,3,0,0,0,0,0,0,0,0,1,0,0,5,21,0,FINAL (ENTRADA MANUAL)
30,76,2,0,0,0,0,0,0,0,0,0,0,0,0,0,0,0,0,0,0,0,0,0,0,0,0,0,0,0,0,0,0,0,0,FINAL (ENTRADA MANUAL)
30,76,3,4,0,0,0,0,0,0,0,4,0,0,0,0,0,0,0,4,0,0,0,0,0,0,0,0,0,0,0,0,0,4,0,FINAL (ENTRADA MANUAL)
30,76,4,0,0,0,0,0,0,0,0,0,0,0,0,0,0,0,0,0,0,0,0,0,0,0,0,0,0,0,0,0,0,0,0,FINAL (ENTRADA MANUAL)
30,77,1,2,2,0,7,3,0,0,0,2,4,5,0,3,0,0,0,2,2,0,0,3,0,0,0,1,0,0,0,0,6,14,0,FINAL (ENTRADA MANUAL)
30,77,2,3,1,0,21,1,0,0,0,3,8,13,1,1,0,0,0,3,1,0,1,1,0,0,0,0,0,0,0,0,20,26,0,FINAL (ENTRADA MANUAL)
30,77,3,1,0,0,1,0,0,0,0,1,0,0,1,0,0,0,0,1,0,0,1,0,0,0,0,0,0,0,0,0,0,2,0,FINAL (ENTRADA MANUAL)
30,77,4,4,1,0,0,1,1,0,0,6,1,0,0,0,0,0,0,4,1,0,0,0,0,0,0,0,0,0,0,0,2,7,0,FINAL (ENTRADA MANUAL)
30,78,1,78,18,0,24,12,0,0,0,69,33,3,6,11,0,0,10,66,16,0,5,10,0,1,0,0,0,0,0,0,34,132,0,FINAL (ENTRADA MANUAL)
30,78,2,17,1,0,0,1,0,0,0,15,1,0,0,0,0,0,3,9,1,0,0,0,0,0,0,0,0,0,0,0,9,19,0,FINAL (ENTRADA MANUAL)
30,78,3,6,4,0,2,2,0,0,0,4,5,0,0,2,0,0,3,4,4,0,0,2,0,0,0,0,0,0,0,0,4,14,0,FINAL (ENTRADA MANUAL)
30,78,4,1,0,0,0,0,0,0,0,0,1,0,0,0,0,0,0,0,0,0,0,0,0,0,0,0,0,0,0,0,1,1,0,FINAL (ENTRADA MANUAL)
31,1,1,73,31,0,47,18,0,0,0,63,57,15,7,15,0,0,12,57,28,0,7,15,0,0,0,5,1,0,0,0,56,169,292,FINAL (ENTRADA MANUAL)
31,1,2,75,31,0,47,25,0,0,1,65,68,8,8,20,0,0,10,60,26,0,8,14,0,1,0,4,0,1,0,0,66,180,292,FINAL (ENTRADA MANUAL)
31,2,1,104,71,0,67,12,0,0,0,92,117,17,12,9,0,0,7,78,58,0,10,5,0,1,0,8,2,0,0,0,92,254,496,FINAL (ENTRADA MANUAL)
31,2,2,110,49,0,44,8,0,0,2,90,66,14,9,7,0,0,27,81,37,0,8,5,3,0,0,4,0,0,0,0,75,213,496,FINAL (ENTRADA MANUAL)
31,2,3,93,56,0,68,15,0,0,0,74,110,15,10,10,0,0,13,66,50,0,7,9,1,3,2,10,0,0,0,0,84,232,497,FINAL (ENTRADA MANUAL)
31,3,1,86,56,0,63,21,1,0,0,77,93,10,14,14,0,0,19,62,46,0,12,9,1,3,2,4,2,1,0,0,86,228,450,FINAL (ENTRADA MANUAL)
31,3,2,78,40,1,75,18,2,0,1,70,85,24,15,13,0,0,8,65,38,1,10,11,0,0,0,5,1,1,0,0,84,216,450,FINAL (ENTRADA MANUAL)
31,3,3,75,78,0,74,19,0,0,2,66,126,22,10,10,0,0,14,64,73,0,10,10,2,2,2,10,1,1,0,0,74,249,450,FINAL (ENTRADA MANUAL)
31,3,4,106,41,0,60,20,0,0,1,93,82,15,14,12,0,0,12,82,35,0,12,9,1,3,0,2,1,0,0,0,83,228,450,FINAL (ENTRADA MANUAL)
31,3,5,76,48,0,64,19,0,1,0,63,101,12,10,11,0,0,11,46,43,0,10,8,1,7,0,5,1,0,0,0,87,208,450,FINAL (ENTRADA MANUAL)
31,4,1,63,54,0,53,13,0,0,1,52,97,12,10,8,0,0,5,47,50,0,9,5,1,2,1,4,1,0,0,0,64,184,361,FINAL (ENTRADA MANUAL)
31,4,2,89,26,0,73,19,0,0,1,74,69,23,13,16,0,0,13,62,23,0,13,15,0,2,1,9,0,1,0,0,83,209,361,FINAL (ENTRADA MANUAL)
31,4,3,82,41,0,59,8,0,0,0,71,78,9,13,6,0,0,13,64,37,0,12,5,1,3,0,4,0,0,0,0,64,190,362,FINAL (ENTRADA MANUAL)
31,5,1,89,84,0,76,14,0,0,2,63,132,16,21,12,0,0,21,59,69,0,17,8,3,1,1,5,1,0,0,0,101,265,461,FINAL (ENTRADA MANUAL)
31,5,2,96,90,0,53,14,0,1,1,75,130,9,11,11,1,0,18,63,79,0,8,10,1,1,0,3,0,0,0,0,90,255,461,FINAL (ENTRADA MANUAL)
31,5,3,110,69,0,65,16,0,0,0,91,133,15,6,5,1,0,9,85,64,0,5,3,1,2,0,4,2,3,0,0,94,263,461,FINAL (ENTRADA MANUAL)
31,5,4,119,71,0,67,19,0,0,3,103,127,14,9,11,0,0,15,100,59,0,8,8,3,5,0,2,1,0,1,0,93,280,461,FINAL (ENTRADA MANUAL)
31,5,5,107,73,0,62,23,1,0,0,99,122,13,14,13,0,0,5,89,71,0,11,11,2,1,0,4,1,2,0,0,76,268,461,FINAL (ENTRADA MANUAL)
31,5,6,99,59,0,52,19,1,0,0,74,106,12,6,16,0,0,16,67,53,0,6,11,1,5,0,2,2,0,1,0,83,231,459,FINAL (ENTRADA MANUAL)
31,6,1,111,60,0,61,23,0,0,0,93,106,19,12,14,0,1,10,89,50,0,10,9,5,3,1,7,2,0,1,0,79,256,510,FINAL (ENTRADA MANUAL)
31,6,2,105,72,0,72,20,0,0,1,86,136,14,11,11,0,0,12,77,64,0,9,11,2,1,1,4,3,2,0,0,98,272,510,FINAL (ENTRADA MANUAL)
31,6,3,137,59,1,58,31,0,0,0,116,113,19,6,23,0,0,9,105,55,0,3,17,3,6,2,5,1,0,0,0,89,286,510,FINAL (ENTRADA MANUAL)
31,6,4,135,73,0,56,15,0,0,0,114,115,10,14,10,0,0,16,97,64,0,11,9,1,3,0,3,0,0,0,0,91,279,510,FINAL (ENTRADA MANUAL)
31,6,5,107,56,1,62,23,0,0,1,84,114,7,10,21,0,0,14,74,50,0,8,14,1,3,0,5,0,0,0,0,95,250,510,FINAL (ENTRADA MANUAL)
31,6,6,117,75,0,65,24,0,0,0,102,125,13,9,18,1,0,13,85,67,0,8,16,2,1,0,5,1,0,0,0,96,281,512,FINAL (ENTRADA MANUAL)
31,7,1,91,62,0,78,13,2,0,1,76,116,16,14,10,1,0,14,68,53,0,11,7,0,3,2,6,0,0,0,0,97,247,471,FINAL (ENTRADA MANUAL)
31,7,2,78,46,0,54,29,0,0,0,63,88,12,9,21,0,0,14,57,40,0,9,13,0,4,1,8,3,0,0,0,72,207,471,FINAL (ENTRADA MANUAL)
31,7,3,77,71,0,66,16,1,0,0,57,109,15,18,13,1,0,18,55,57,0,17,10,0,5,0,5,2,1,0,0,80,232,471,FINAL (ENTRADA MANUAL)
31,8,1,98,53,1,43,18,0,0,2,89,83,8,11,15,0,0,9,82,49,1,8,13,0,1,0,4,0,1,0,0,57,216,382,FINAL (ENTRADA MANUAL)
31,8,2,91,47,0,33,17,0,0,0,83,71,12,7,10,0,0,5,74,39,0,7,9,0,1,0,3,2,0,0,0,53,188,382,FINAL (ENTRADA MANUAL)
31,9,1,106,92,0,47,5,0,0,0,96,110,10,12,5,0,0,17,87,87,0,12,4,0,2,1,5,0,0,0,0,52,250,364,FINAL (ENTRADA MANUAL)
31,10,1,133,58,0,40,25,0,0,0,121,98,6,5,14,0,0,12,110,56,0,4,12,0,4,0,6,3,0,0,0,61,256,492,FINAL (ENTRADA MANUAL)
31,10,2,157,48,0,24,20,0,0,0,139,63,5,4,17,0,0,21,122,38,0,4,14,2,1,0,3,1,2,0,0,64,251,493,FINAL (ENTRADA MANUAL)
31,11,1,121,63,0,63,13,0,0,0,114,98,11,15,10,0,0,12,90,58,0,13,7,1,4,1,2,1,1,0,0,83,261,419,FINAL (ENTRADA MANUAL)
31,11,2,114,48,0,67,15,0,0,2,90,89,17,12,12,0,0,26,75,41,0,11,8,0,1,0,6,0,1,0,0,104,247,419,FINAL (ENTRADA MANUAL)
31,11,3,103,59,0,61,15,1,0,3,92,96,19,10,10,0,0,15,82,46,0,9,8,1,4,1,7,0,1,0,1,84,244,419,FINAL (ENTRADA MANUAL)
31,72,1,11,3,0,2,0,0,0,0,11,3,2,0,0,0,0,0,10,3,0,0,0,0,0,0,2,0,0,0,0,1,16,0,FINAL (ENTRADA MANUAL)
31,72,2,5,0,0,0,0,0,0,0,5,0,0,0,0,0,0,0,5,0,0,0,0,0,0,0,0,0,0,0,0,0,5,0,FINAL (ENTRADA MANUAL)
31,72,3,363,68,1,74,21,1,0,0,349,110,37,8,15,0,9,0,330,61,0,7,12,3,4,7,17,0,0,0,0,87,528,0,FINAL (ENTRADA MANUAL)
31,72,4,104,29,0,25,13,1,0,0,96,39,14,8,6,0,0,9,94,27,0,8,6,3,0,0,3,0,0,0,0,31,172,0,FINAL (ENTRADA MANUAL)
31,72,5,23,2,0,1,1,0,0,0,23,2,1,0,1,0,0,0,23,2,0,0,1,0,0,0,0,0,0,0,0,1,27,0,FINAL (ENTRADA MANUAL)
31,72,6,4,0,0,0,1,0,0,0,4,0,0,0,1,0,0,0,4,0,0,0,1,0,0,0,0,0,0,0,0,0,5,0,FINAL (ENTRADA MANUAL)
31,72,7,6,2,0,4,0,0,0,0,6,2,3,1,0,0,0,0,6,2,0,1,0,0,0,0,3,0,0,0,0,0,12,0,FINAL (ENTRADA MANUAL)
31,72,8,0,0,0,0,0,0,0,0,0,0,0,0,0,0,0,0,0,0,0,0,0,0,0,0,0,0,0,0,0,0,0,0,FINAL (ENTRADA MANUAL)
31,72,9,0,0,0,0,0,0,0,0,0,0,0,0,0,0,0,0,0,0,0,0,0,0,0,0,0,0,0,0,0,0,0,0,FINAL (ENTRADA MANUAL)
31,72,10,0,0,0,0,0,0,0,0,0,0,0,0,0,0,0,0,0,0,0,0,0,0,0,0,0,0,0,0,0,0,0,0,FINAL (ENTRADA MANUAL)
31,72,11,0,0,0,0,0,0,0,0,0,0,0,0,0,0,0,0,0,0,0,0,0,0,0,0,0,0,0,0,0,0,0,0,FINAL (ENTRADA MANUAL)
31,72,12,0,0,0,0,0,0,0,0,0,0,0,0,0,0,0,0,0,0,0,0,0,0,0,0,0,0,0,0,0,0,0,0,FINAL (ENTRADA MANUAL)
31,73,1,509,576,0,41,21,1,0,5,454,560,9,16,8,0,0,106,432,507,0,15,8,2,2,2,5,5,0,0,1,175,1154,0,FINAL (ENTRADA MANUAL)
31,73,2,0,0,0,0,0,0,0,0,0,0,0,0,0,0,0,0,0,0,0,0,0,0,0,0,0,0,0,0,0,0,0,0,FINAL (ENTRADA MANUAL)
31,73,3,0,0,0,0,0,0,0,0,0,0,0,0,0,0,0,0,0,0,0,0,0,0,0,0,0,0,0,0,0,0,0,0,FINAL (ENTRADA MANUAL)
31,73,4,0,0,0,0,0,0,0,0,0,0,0,0,0,0,0,0,0,0,0,0,0,0,0,0,0,0,0,0,0,0,0,0,FINAL (ENTRADA MANUAL)
31,73,5,0,0,0,0,0,0,0,0,0,0,0,0,0,0,0,0,0,0,0,0,0,0,0,0,0,0,0,0,0,0,0,0,FINAL (ENTRADA MANUAL)
31,73,6,76,98,0,7,7,0,0,0,70,101,1,5,5,0,0,6,69,95,0,5,5,0,0,0,1,0,16,0,0,13,204,0,FINAL (ENTRADA MANUAL)
31,73,7,67,120,0,6,4,0,1,0,61,113,2,1,2,0,0,19,60,101,0,1,2,2,0,0,0,2,0,0,0,32,198,0,FINAL (ENTRADA MANUAL)
31,73,8,22,34,0,1,1,0,0,0,21,35,0,0,1,0,0,1,21,34,0,0,0,0,0,0,0,0,0,0,0,3,58,0,FINAL (ENTRADA MANUAL)
31,74,1,1,0,0,0,0,0,0,0,1,0,0,0,0,0,0,0,1,0,0,0,0,0,0,0,0,0,0,0,0,0,1,0,FINAL (ENTRADA MANUAL)
31,74,2,0,0,0,0,0,0,0,0,0,0,0,0,0,0,0,0,0,0,0,0,0,0,0,0,0,0,0,0,0,0,0,0,FINAL (ENTRADA MANUAL)
31,75,1,0,0,0,0,0,1,0,1,0,0,1,0,1,0,0,0,0,0,0,0,0,0,0,0,0,1,0,0,0,1,2,0,FINAL (ENTRADA MANUAL)
31,76,1,9,2,0,1,0,0,0,0,7,3,0,0,0,0,0,2,6,2,0,0,0,0,0,0,0,0,0,0,0,4,12,0,FINAL (ENTRADA MANUAL)
31,76,2,0,0,0,0,0,0,0,0,0,0,0,0,0,0,0,0,0,0,0,0,0,0,0,0,0,0,0,0,0,0,0,0,FINAL (ENTRADA MANUAL)
31,76,3,1,1,0,0,0,0,0,0,0,0,0,0,0,0,0,2,0,0,0,0,0,0,0,0,0,0,0,0,0,2,2,0,FINAL (ENTRADA MANUAL)
31,76,5,4,0,0,0,0,0,0,0,1,1,0,0,0,0,0,2,1,0,0,0,0,0,0,0,0,0,0,0,0,3,4,0,FINAL (ENTRADA MANUAL)
31,76,6,0,0,0,0,0,0,0,0,0,0,0,0,0,0,0,0,0,0,0,0,0,0,0,0,0,0,0,0,0,0,0,0,FINAL (ENTRADA MANUAL)
31,77,1,0,0,0,0,0,0,0,0,0,0,0,0,0,0,0,0,0,0,0,0,0,0,0,0,0,0,0,0,0,0,0,0,FINAL (ENTRADA MANUAL)
31,77,2,3,7,0,18,2,0,0,0,3,14,9,2,2,0,0,0,3,7,0,2,2,0,0,2,1,0,0,0,0,13,30,0,FINAL (ENTRADA MANUAL)
31,77,3,0,0,0,1,0,0,0,0,0,1,0,0,0,0,0,0,0,0,0,0,0,0,0,0,0,0,0,0,0,1,1,0,FINAL (ENTRADA MANUAL)
31,77,4,1,1,0,5,3,0,0,0,1,5,1,0,3,0,0,0,1,1,0,0,3,0,0,0,0,0,0,0,0,5,10,0,FINAL (ENTRADA MANUAL)
31,78,1,11,5,1,6,0,0,0,0,8,8,3,0,0,0,0,4,8,4,1,0,0,0,0,1,0,0,0,0,0,9,23,0,FINAL (ENTRADA MANUAL)
31,78,2,7,1,0,1,0,0,0,0,6,1,0,1,0,0,0,1,5,0,0,0,0,0,0,0,0,0,0,0,0,4,9,0,FINAL (ENTRADA MANUAL)
31,78,3,4,1,0,0,0,0,0,0,2,1,0,0,0,0,0,2,2,1,0,0,0,0,0,0,0,0,0,0,0,2,5,0,FINAL (ENTRADA MANUAL)
31,78,4,1,0,0,0,0,0,0,0,1,0,0,0,0,0,0,0,1,0,0,0,0,0,0,0,0,0,0,0,0,0,1,0,FINAL (ENTRADA MANUAL)
32,1,1,91,82,0,82,19,0,0,0,72,139,28,8,7,1,0,19,62,76,0,8,7,1,3,3,6,4,1,0,0,104,275,501,FINAL (ENTRADA MANUAL)
32,1,2,98,88,0,72,28,1,0,0,80,137,20,18,13,0,0,19,65,80,0,14,12,1,2,0,3,1,0,0,0,109,287,501,FINAL (ENTRADA MANUAL)
32,1,3,69,87,0,89,21,0,0,2,50,156,25,7,14,0,0,16,42,78,0,6,9,2,5,0,7,1,0,0,0,118,268,501,FINAL (ENTRADA MANUAL)
32,1,4,57,66,0,66,29,1,0,0,36,109,20,13,23,0,0,18,31,54,0,11,16,2,2,0,7,0,1,0,0,96,220,501,FINAL (ENTRADA MANUAL)
32,1,5,84,59,0,91,32,0,0,2,66,125,32,12,20,0,0,13,54,55,0,11,19,3,2,0,13,1,1,0,0,110,269,501,FINAL (ENTRADA MANUAL)
32,1,6,82,75,0,84,27,0,0,1,64,135,18,13,22,0,0,17,58,65,0,11,15,0,4,1,10,0,1,0,0,105,270,503,FINAL (ENTRADA MANUAL)
32,2,1,104,59,0,81,21,0,2,1,78,122,16,11,17,0,0,24,66,52,0,10,11,4,8,1,11,1,0,0,1,104,269,475,FINAL (ENTRADA MANUAL)
32,2,2,97,78,0,58,13,0,0,0,73,116,17,10,10,0,0,20,66,75,0,10,9,0,2,0,7,0,0,0,0,77,246,475,FINAL (ENTRADA MANUAL)
32,2,3,88,59,0,73,15,0,0,0,69,111,14,18,12,0,0,11,60,54,0,13,8,1,4,0,7,1,2,0,0,87,237,475,FINAL (ENTRADA MANUAL)
32,3,1,108,66,1,67,12,0,0,1,80,125,19,6,9,0,0,16,75,58,1,5,7,4,3,0,3,1,0,0,0,98,255,455,FINAL (ENTRADA MANUAL)
32,3,2,88,64,0,58,17,1,0,1,66,113,13,6,14,1,0,16,61,59,0,5,9,1,7,0,5,1,0,0,0,81,229,455,FINAL (ENTRADA MANUAL)
32,4,1,75,71,0,61,20,0,0,1,50,137,13,7,13,0,0,8,42,67,0,5,8,0,9,0,7,0,0,0,0,90,228,372,FINAL (ENTRADA MANUAL)
32,4,2,70,56,0,60,23,0,0,2,49,97,22,5,17,0,0,21,37,48,0,4,11,2,0,2,4,0,1,1,0,103,213,372,FINAL (ENTRADA MANUAL)
32,4,3,75,52,0,61,24,0,1,1,58,93,17,10,22,0,0,14,50,46,0,9,19,1,2,0,5,1,1,0,0,81,215,372,FINAL (ENTRADA MANUAL)
32,4,4,72,62,0,43,29,0,1,0,56,91,15,5,26,0,0,14,48,57,0,5,20,0,1,0,4,1,0,0,0,71,207,370,FINAL (ENTRADA MANUAL)
32,5,1,121,46,0,62,21,0,0,1,106,97,20,4,18,0,0,6,89,40,0,2,11,2,0,3,4,0,0,1,0,100,252,425,FINAL (ENTRADA MANUAL)
32,5,2,87,71,0,69,15,0,0,0,74,117,17,8,11,0,0,15,64,59,0,7,7,0,0,0,1,3,2,0,0,101,244,425,FINAL (ENTRADA MANUAL)
32,5,3,115,49,0,51,26,3,0,0,102,77,18,10,21,0,0,16,90,46,0,9,17,0,4,0,8,0,1,0,0,70,245,426,FINAL (ENTRADA MANUAL)
32,6,1,84,52,0,58,13,0,0,0,70,88,17,10,13,0,0,9,62,47,0,8,10,1,2,1,4,0,0,0,0,72,207,376,FINAL (ENTRADA MANUAL)
32,6,2,94,56,0,73,20,1,0,0,76,107,25,10,15,1,0,10,61,50,0,5,13,2,6,1,16,1,0,0,0,89,244,376,FINAL (ENTRADA MANUAL)
32,6,3,85,60,0,54,17,0,0,0,74,93,11,8,13,0,0,17,66,56,0,8,10,1,0,0,6,1,1,0,1,68,218,377,FINAL (ENTRADA MANUAL)
32,7,1,117,46,0,64,18,0,0,0,96,107,5,11,15,0,0,11,87,44,0,10,10,2,4,1,2,0,1,0,0,85,246,411,FINAL (ENTRADA MANUAL)
32,7,2,114,63,0,47,13,0,0,0,96,104,8,8,9,1,0,11,92,57,0,6,6,1,8,0,5,0,1,0,0,62,238,411,FINAL (ENTRADA MANUAL)
32,7,3,115,65,0,58,12,0,0,0,104,99,17,10,10,0,1,9,87,54,0,10,9,0,1,0,7,0,0,0,0,82,250,410,FINAL (ENTRADA MANUAL)
32,8,1,79,77,0,30,15,0,0,0,68,100,6,3,10,0,1,13,66,75,0,2,8,0,2,0,1,1,1,0,1,46,203,293,FINAL (ENTRADA MANUAL)
32,9,1,85,74,0,44,15,2,0,0,68,107,14,5,13,0,0,13,57,64,0,5,11,0,2,0,2,1,1,0,0,78,221,438,FINAL (ENTRADA MANUAL)
32,9,2,81,76,0,55,20,0,0,0,52,110,17,11,16,0,0,26,47,65,0,8,14,1,3,1,5,0,0,0,0,88,232,438,FINAL (ENTRADA MANUAL)
32,9,3,80,64,0,50,26,0,0,0,55,98,12,10,23,0,0,22,42,54,0,9,20,4,1,1,3,0,0,0,1,86,221,439,FINAL (ENTRADA MANUAL)
32,10,1,75,107,0,49,48,0,0,0,51,157,10,5,29,0,0,27,46,100,0,3,25,2,6,0,1,0,1,0,0,96,280,451,FINAL (ENTRADA MANUAL)
32,10,2,64,115,0,55,39,0,0,0,57,150,11,9,27,1,0,18,50,106,0,8,23,3,5,0,8,3,2,0,0,67,275,451,FINAL (ENTRADA MANUAL)
32,11,1,54,46,0,10,7,0,0,0,50,51,2,2,4,0,0,8,45,44,0,2,3,0,0,0,0,0,0,0,0,23,117,185,FINAL (ENTRADA MANUAL)
32,12,1,53,31,0,84,14,0,0,0,47,72,29,14,12,0,0,8,40,27,0,8,9,2,4,0,7,0,0,0,0,85,182,290,FINAL (ENTRADA MANUAL)
32,13,1,87,61,0,41,15,0,0,0,67,97,7,6,14,0,0,13,63,57,0,4,9,3,0,0,3,0,3,0,0,65,207,352,FINAL (ENTRADA MANUAL)
32,13,2,68,60,1,41,20,1,0,0,54,93,10,10,12,0,0,12,51,52,0,8,10,1,6,0,5,2,5,0,0,56,196,352,FINAL (ENTRADA MANUAL)
32,14,1,95,59,0,86,32,0,0,2,66,124,23,14,23,0,0,24,53,49,0,12,16,2,2,2,7,1,1,0,0,130,275,454,FINAL (ENTRADA MANUAL)
32,14,2,98,41,0,88,24,0,0,0,81,90,31,18,21,0,0,10,68,37,0,17,16,2,2,0,7,0,0,0,0,102,251,454,FINAL (ENTRADA MANUAL)
32,14,3,86,68,1,75,30,0,2,0,61,126,24,12,23,0,0,16,44,60,1,9,15,3,4,3,7,0,0,0,0,116,262,454,FINAL (ENTRADA MANUAL)
32,14,4,84,48,0,77,26,0,0,1,64,92,27,15,18,0,0,20,59,43,0,14,15,0,1,0,11,2,1,0,0,91,237,455,FINAL (ENTRADA MANUAL)
32,15,1,118,33,0,57,22,0,0,0,101,78,9,8,18,0,0,16,89,28,0,6,13,2,6,1,3,1,0,0,1,81,231,376,FINAL (ENTRADA MANUAL)
32,15,2,112,40,1,44,50,0,0,1,95,85,14,7,42,0,0,5,85,36,1,6,38,1,0,1,5,2,0,0,0,73,248,375,FINAL (ENTRADA MANUAL)
32,16,1,111,66,0,39,28,0,0,1,91,98,9,7,19,1,0,20,78,56,0,7,15,2,3,0,5,2,1,1,0,77,247,449,FINAL (ENTRADA MANUAL)
32,16,2,93,80,0,46,21,0,0,2,78,118,11,7,14,0,0,14,74,74,0,6,13,0,6,1,4,1,2,0,0,63,244,449,FINAL (ENTRADA MANUAL)
32,16,3,93,88,0,40,20,0,1,1,72,125,10,7,16,0,0,13,66,83,0,6,14,4,1,0,6,0,0,0,0,63,243,450,FINAL (ENTRADA MANUAL)
32,17,1,93,44,0,54,28,0,0,0,74,88,15,5,21,0,0,16,67,38,0,3,19,1,4,1,9,0,2,1,1,77,223,365,FINAL (ENTRADA MANUAL)
32,17,2,94,41,0,57,27,1,0,1,79,103,4,10,16,0,0,9,72,34,0,8,15,1,3,0,0,1,0,0,0,87,221,365,FINAL (ENTRADA MANUAL)
32,18,1,87,74,0,57,21,0,0,1,67,128,9,6,17,0,0,13,62,66,0,6,14,0,6,0,1,0,0,0,0,85,240,441,FINAL (ENTRADA MANUAL)
32,18,2,101,55,0,45,22,0,0,0,74,95,11,8,19,0,0,16,60,51,0,6,13,2,2,0,2,0,0,0,0,87,223,441,FINAL (ENTRADA MANUAL)
32,18,3,97,83,0,52,21,0,1,1,75,130,10,3,11,0,0,26,62,72,0,2,6,2,4,1,5,0,0,0,0,101,255,441,FINAL (ENTRADA MANUAL)
32,18,4,78,76,0,57,25,0,0,0,66,124,13,6,13,1,1,12,58,67,0,5,12,2,2,0,4,0,1,0,0,86,237,441,FINAL (ENTRADA MANUAL)
32,18,5,86,74,0,53,23,0,0,1,70,115,12,8,19,0,0,13,65,63,0,6,16,0,0,0,7,0,1,0,0,80,238,443,FINAL (ENTRADA MANUAL)
32,19,1,93,48,1,83,24,0,0,0,74,102,26,15,21,1,0,10,66,39,0,13,18,3,3,0,10,1,0,0,0,96,249,432,FINAL (ENTRADA MANUAL)
32,19,2,90,51,1,91,11,0,0,0,64,104,36,11,12,0,0,17,59,45,1,11,5,1,1,2,16,3,0,0,0,100,244,432,FINAL (ENTRADA MANUAL)
32,19,3,117,30,0,108,29,0,0,0,104,110,33,9,21,1,0,6,91,27,0,9,15,2,4,0,8,1,0,0,0,127,284,432,FINAL (ENTRADA MANUAL)
32,19,4,87,50,0,68,21,0,3,0,61,111,15,11,18,0,2,11,55,45,0,10,16,4,2,1,9,3,0,2,0,84,231,431,FINAL (ENTRADA MANUAL)
32,20,1,96,44,0,61,23,0,0,1,71,92,18,8,18,0,0,18,64,39,0,8,12,2,2,0,6,0,0,0,0,92,225,365,FINAL (ENTRADA MANUAL)
32,20,2,76,44,0,62,25,0,0,1,65,93,19,4,17,0,0,10,58,40,0,4,15,0,5,0,7,1,0,0,0,78,208,365,FINAL (ENTRADA MANUAL)
32,20,3,89,45,0,74,15,1,0,0,69,106,19,7,9,0,0,14,61,40,0,6,5,1,3,0,9,0,1,0,0,99,225,365,FINAL (ENTRADA MANUAL)
32,21,1,83,74,0,73,18,1,0,0,60,128,10,14,15,0,0,22,53,62,0,12,10,2,0,0,5,0,0,0,0,105,249,438,FINAL (ENTRADA MANUAL)
32,21,2,88,81,0,58,20,0,0,0,64,125,17,9,13,0,0,19,56,73,0,7,11,1,1,0,8,1,0,0,1,89,248,438,FINAL (ENTRADA MANUAL)
32,22,1,101,53,0,43,19,0,0,1,80,97,9,5,16,0,0,10,72,47,0,4,15,0,6,1,3,0,0,0,0,69,217,329,FINAL (ENTRADA MANUAL)
32,22,2,65,49,0,49,16,0,0,0,55,87,8,9,12,0,0,8,44,48,0,9,11,0,4,0,5,0,1,0,0,58,180,329,FINAL (ENTRADA MANUAL)
32,22,3,79,48,0,53,21,0,0,1,63,84,14,10,16,0,0,15,52,46,0,10,12,2,1,1,5,1,0,0,0,72,202,328,FINAL (ENTRADA MANUAL)
32,72,1,173,74,0,23,17,0,0,1,159,99,10,1,8,0,0,12,149,70,0,1,7,0,1,0,6,0,0,1,1,55,291,0,FINAL (ENTRADA MANUAL)
32,72,2,48,22,0,9,2,0,0,0,47,24,5,1,1,0,0,3,46,22,0,1,1,0,0,0,6,0,1,0,0,5,82,0,FINAL (ENTRADA MANUAL)
32,72,3,608,94,0,40,46,2,0,0,585,129,13,7,41,1,0,14,560,86,0,7,34,6,5,0,6,3,0,1,2,83,793,0,FINAL (ENTRADA MANUAL)
32,72,4,87,28,0,7,5,1,0,0,85,32,3,1,3,0,0,4,82,27,0,1,2,2,0,0,2,0,8,1,0,12,137,0,FINAL (ENTRADA MANUAL)
32,72,5,39,5,0,1,1,0,0,0,36,7,1,0,0,0,0,2,32,5,0,0,0,0,1,0,1,0,0,0,0,7,46,0,FINAL (ENTRADA MANUAL)
32,72,6,6,1,0,1,0,0,0,0,6,1,1,0,0,0,0,0,6,1,0,0,0,0,0,0,1,0,0,0,0,0,8,0,FINAL (ENTRADA MANUAL)
32,72,7,2,3,0,2,1,0,0,0,4,4,1,1,0,0,0,0,2,2,0,1,1,0,0,0,0,0,0,0,0,4,4,0,FINAL (ENTRADA MANUAL)
32,72,8,0,0,0,0,0,0,0,0,0,0,0,0,0,0,0,0,0,0,0,0,0,0,0,0,0,0,0,0,0,0,0,0,FINAL (ENTRADA MANUAL)
32,72,9,1,0,0,0,0,0,0,0,0,0,0,0,0,0,0,1,0,0,0,0,0,0,0,0,0,0,0,0,0,1,1,0,FINAL (ENTRADA MANUAL)
32,73,1,85,283,0,24,25,0,0,2,79,286,3,5,19,0,0,27,66,255,0,3,18,0,4,0,1,0,2,0,0,72,419,0,FINAL (ENTRADA MANUAL)
32,73,2,0,0,0,0,0,0,0,0,0,0,0,0,0,0,0,0,0,0,0,0,0,0,0,0,0,0,0,0,0,0,0,0,FINAL (ENTRADA MANUAL)
32,73,3,0,0,0,0,0,0,0,0,0,0,0,0,0,0,0,0,0,0,0,0,0,0,0,0,0,0,0,0,0,0,0,0,FINAL (ENTRADA MANUAL)
32,73,4,51,110,0,14,14,0,0,1,42,114,2,0,7,0,0,25,35,95,0,0,6,0,2,0,0,0,2,3,0,52,195,0,FINAL (ENTRADA MANUAL)
32,74,1,1,0,0,0,0,0,0,0,1,0,0,0,0,0,0,0,1,0,0,0,0,0,0,0,0,0,0,0,0,0,1,0,FINAL (ENTRADA MANUAL)
32,74,2,0,0,0,0,0,0,0,0,0,0,0,0,0,0,0,0,0,0,0,0,0,0,0,0,0,0,0,0,0,0,0,0,FINAL (ENTRADA MANUAL)
32,75,1,0,0,0,0,1,1,0,0,0,1,1,0,0,0,0,0,0,0,0,0,0,0,0,0,1,0,0,0,0,1,2,0,FINAL (ENTRADA MANUAL)
32,75,2,0,0,0,0,0,0,0,0,0,0,0,0,0,0,0,0,0,0,0,0,0,0,0,0,0,0,0,0,0,0,0,0,FINAL (ENTRADA MANUAL)
32,75,3,0,0,0,0,0,0,0,0,0,0,0,0,0,0,0,0,0,0,0,0,0,0,0,0,0,0,0,20,0,0,20,0,FINAL (ENTRADA MANUAL)
32,76,1,27,8,0,2,1,0,0,0,19,13,0,1,1,0,0,4,15,7,0,0,0,0,1,0,0,0,0,1,0,15,39,0,FINAL (ENTRADA MANUAL)
32,76,2,0,0,0,0,0,0,0,0,0,0,0,0,0,0,0,0,0,0,0,0,0,0,0,0,0,0,0,0,0,0,0,0,FINAL (ENTRADA MANUAL)
32,76,3,5,1,0,1,0,0,0,0,4,2,0,0,0,0,0,1,3,1,0,0,0,0,0,0,0,0,0,0,0,3,7,0,FINAL (ENTRADA MANUAL)
32,76,4,0,0,0,0,0,0,0,0,0,0,0,0,0,0,0,0,0,0,0,0,0,0,0,0,0,0,0,0,0,0,0,0,FINAL (ENTRADA MANUAL)
32,76,5,1,0,0,0,0,0,0,0,1,0,0,0,0,0,0,0,1,0,0,0,0,0,0,0,0,0,0,0,0,0,1,0,FINAL (ENTRADA MANUAL)
32,77,1,0,0,0,0,0,0,0,0,0,0,0,0,0,0,0,0,0,0,0,0,0,0,0,0,0,0,0,0,0,0,0,0,FINAL (ENTRADA MANUAL)
32,77,2,7,4,0,28,0,1,0,0,6,14,15,4,0,1,0,0,5,4,0,2,0,0,0,0,6,0,0,0,0,23,40,0,FINAL (ENTRADA MANUAL)
32,77,3,0,1,0,7,0,0,0,0,0,5,1,2,0,0,0,0,0,1,0,2,0,0,1,0,1,0,0,0,0,4,9,0,FINAL (ENTRADA MANUAL)
32,77,4,1,2,0,5,0,0,0,0,1,3,2,2,0,0,0,0,1,2,0,2,0,0,0,0,0,0,0,0,0,3,8,0,FINAL (ENTRADA MANUAL)
32,78,1,39,35,0,27,12,0,0,1,31,46,5,10,12,0,0,10,28,27,0,9,10,1,0,1,1,0,0,0,0,37,114,0,FINAL (ENTRADA MANUAL)
32,78,2,15,0,0,0,0,0,0,0,8,1,1,0,0,0,0,5,7,0,0,0,0,0,0,0,0,0,0,0,0,8,15,0,FINAL (ENTRADA MANUAL)
32,78,3,5,4,0,2,0,0,0,0,5,4,0,1,1,0,0,0,4,4,0,1,0,0,0,0,0,0,0,0,0,2,11,0,FINAL (ENTRADA MANUAL)
32,78,4,1,0,0,0,0,0,0,0,1,0,0,0,0,0,0,0,1,0,0,0,0,0,0,0,0,0,0,0,0,0,1,0,FINAL (ENTRADA MANUAL)
33,1,1,86,52,1,64,114,0,0,0,73,139,13,7,70,0,0,15,64,50,1,7,64,1,1,1,5,7,0,0,0,116,317,508,FINAL (ENTRADA MANUAL)
33,1,2,76,55,0,81,91,0,0,0,70,116,28,13,58,0,0,18,56,47,0,10,51,0,3,0,12,4,0,0,0,120,303,508,FINAL (ENTRADA MANUAL)
33,1,3,91,56,0,56,78,0,0,0,75,107,15,13,51,0,0,20,73,49,0,11,47,2,3,0,4,2,1,1,0,90,283,508,FINAL (ENTRADA MANUAL)
33,1,4,75,51,0,49,108,1,0,0,71,112,7,3,73,0,0,18,64,46,0,3,66,1,2,0,8,2,0,0,0,92,284,508,FINAL (ENTRADA MANUAL)
33,1,5,81,44,0,68,99,0,0,1,74,113,19,15,58,0,0,14,61,39,0,12,48,0,1,0,13,11,0,0,0,108,293,508,FINAL (ENTRADA MANUAL)
33,1,6,66,64,0,57,85,1,0,2,61,127,16,9,55,0,0,7,56,59,0,9,50,1,3,0,2,11,0,0,0,84,275,508,FINAL (ENTRADA MANUAL)
33,2,1,92,41,0,51,82,0,0,0,80,86,9,10,57,0,0,24,63,36,0,9,52,2,3,0,5,2,0,0,0,94,266,447,FINAL (ENTRADA MANUAL)
33,2,2,76,54,0,68,81,0,0,3,65,119,16,10,56,0,0,16,54,50,0,9,51,1,0,0,7,2,1,0,0,108,283,447,FINAL (ENTRADA MANUAL)
33,2,3,100,48,0,53,71,0,0,0,86,100,8,11,50,0,0,17,72,38,0,9,44,2,4,0,5,1,0,0,0,97,272,446,FINAL (ENTRADA MANUAL)
33,3,1,77,37,0,53,54,1,0,0,68,81,16,6,40,1,0,10,59,34,0,6,37,2,0,0,5,1,0,0,0,78,222,386,FINAL (ENTRADA MANUAL)
33,3,2,86,33,0,44,49,0,0,0,75,64,11,11,38,0,0,13,68,26,0,9,32,1,1,0,5,2,1,0,0,68,213,385,FINAL (ENTRADA MANUAL)
33,4,1,101,105,0,47,49,0,1,1,89,152,8,8,27,0,0,20,82,97,0,7,24,3,2,0,6,0,1,0,0,83,305,488,FINAL (ENTRADA MANUAL)
33,4,2,118,77,0,54,47,0,1,1,107,122,15,10,32,0,0,12,92,75,0,10,28,1,6,0,5,1,0,0,0,80,298,488,FINAL (ENTRADA MANUAL)
33,4,3,116,78,0,57,58,0,0,3,95,132,14,6,28,0,1,36,85,71,0,5,26,0,4,1,2,3,2,0,0,115,314,487,FINAL (ENTRADA MANUAL)
33,5,1,76,56,0,57,66,0,0,1,63,113,16,8,45,0,0,11,57,46,0,8,43,3,2,0,5,3,1,0,1,89,258,439,FINAL (ENTRADA MANUAL)
33,5,2,79,61,2,42,74,0,0,0,70,107,13,3,53,0,0,12,60,54,2,3,43,1,2,0,3,2,0,0,0,88,258,439,FINAL (ENTRADA MANUAL)
33,5,3,65,41,0,45,86,0,0,0,65,84,7,11,54,0,0,16,51,37,0,11,48,3,2,0,1,7,5,0,0,77,242,439,FINAL (ENTRADA MANUAL)
33,5,4,81,57,2,46,73,0,0,0,70,109,9,10,46,0,0,15,66,50,1,9,42,1,2,0,3,2,0,0,0,83,259,439,FINAL (ENTRADA MANUAL)
33,5,5,80,60,0,44,87,0,0,1,73,112,8,9,51,0,0,19,69,54,0,7,47,2,1,0,4,2,0,0,0,86,272,438,FINAL (ENTRADA MANUAL)
33,6,1,65,70,0,69,58,0,0,0,60,122,18,9,39,0,0,14,56,60,0,7,37,1,3,1,11,2,0,0,0,84,262,437,FINAL (ENTRADA MANUAL)
33,6,2,90,58,0,52,68,0,0,0,76,99,16,7,36,0,0,34,69,50,0,5,32,2,3,2,6,4,0,0,1,95,269,437,FINAL (ENTRADA MANUAL)
33,6,3,68,48,1,75,89,0,0,1,71,105,26,14,55,0,0,11,52,45,0,14,48,2,0,2,10,4,0,0,0,105,282,436,FINAL (ENTRADA MANUAL)
33,7,1,108,54,0,65,64,0,0,1,100,104,17,14,37,0,0,20,84,50,0,13,31,2,1,0,9,0,1,0,0,102,293,482,FINAL (ENTRADA MANUAL)
33,7,2,83,34,1,77,62,0,0,0,77,97,18,18,33,0,0,14,67,30,1,15,26,0,4,0,11,5,0,0,0,98,257,482,FINAL (ENTRADA MANUAL)
33,7,3,85,40,0,85,67,0,0,0,79,105,15,16,47,1,0,14,70,35,0,12,41,2,2,0,8,2,0,0,0,105,277,482,FINAL (ENTRADA MANUAL)
33,7,4,65,43,0,91,58,0,0,1,55,120,21,10,32,0,0,20,47,39,0,8,25,2,4,0,9,3,0,0,0,121,258,482,FINAL (ENTRADA MANUAL)
33,8,1,83,57,1,55,87,1,0,0,75,100,11,9,64,0,0,25,66,50,0,8,54,1,3,0,1,3,0,0,0,98,284,442,FINAL (ENTRADA MANUAL)
33,8,2,83,41,0,55,113,0,0,0,74,95,17,8,79,0,0,19,65,39,0,7,74,2,6,0,7,6,0,0,0,86,292,442,FINAL (ENTRADA MANUAL)
33,8,3,92,41,0,39,108,0,0,0,81,83,10,7,77,0,0,22,71,39,0,7,73,1,2,0,2,6,0,0,0,79,280,442,FINAL (ENTRADA MANUAL)
33,8,4,77,27,0,39,114,0,1,0,72,72,11,11,80,0,0,12,60,24,0,10,77,1,1,0,5,5,1,0,0,75,259,443,FINAL (ENTRADA MANUAL)
33,9,1,84,50,2,28,63,0,1,0,74,76,7,3,53,0,0,15,64,44,0,2,41,1,1,1,2,5,1,0,0,67,229,376,FINAL (ENTRADA MANUAL)
33,9,2,89,43,1,25,66,0,0,0,86,64,9,4,39,1,0,21,80,38,1,3,39,2,1,0,3,2,2,0,2,55,228,375,FINAL (ENTRADA MANUAL)
33,10,1,76,49,0,61,81,0,1,0,66,105,12,20,49,0,0,16,59,45,0,18,42,1,3,0,4,2,1,0,0,94,269,457,FINAL (ENTRADA MANUAL)
33,10,2,82,53,0,53,76,0,0,3,75,110,6,9,45,0,0,22,60,47,0,8,35,1,4,0,5,6,0,0,1,101,268,457,FINAL (ENTRADA MANUAL)
33,10,3,81,46,0,52,59,0,1,2,72,95,8,12,38,0,0,16,61,40,0,11,36,1,2,0,3,3,0,0,0,84,241,457,FINAL (ENTRADA MANUAL)
33,10,4,97,53,1,55,66,0,0,1,83,117,10,8,39,0,0,16,78,46,0,8,33,3,9,0,10,4,1,0,0,82,274,457,FINAL (ENTRADA MANUAL)
33,10,5,87,47,0,46,61,0,0,0,77,94,13,6,45,0,0,6,74,45,0,6,39,3,4,0,4,7,0,0,0,59,241,455,FINAL (ENTRADA MANUAL)
33,11,1,97,49,0,40,89,1,0,1,84,95,7,8,58,1,0,24,78,39,0,6,50,1,0,0,4,3,1,1,0,96,279,434,FINAL (ENTRADA MANUAL)
33,11,2,86,41,0,36,103,0,0,0,75,87,5,6,76,0,0,17,64,37,0,6,68,1,2,0,5,7,0,0,0,76,266,433,FINAL (ENTRADA MANUAL)
33,12,1,86,49,0,66,90,1,0,1,75,110,22,11,53,0,0,22,66,43,0,10,45,2,4,0,18,4,0,0,0,101,293,453,FINAL (ENTRADA MANUAL)
33,12,2,93,39,0,62,69,0,1,0,79,93,16,9,49,0,0,18,70,34,0,7,45,1,0,2,7,1,1,0,0,97,265,453,FINAL (ENTRADA MANUAL)
33,12,3,80,26,1,60,88,0,0,2,68,82,25,8,60,0,0,14,61,23,1,5,49,0,2,0,4,1,0,1,0,111,258,453,FINAL (ENTRADA MANUAL)
33,12,4,84,25,1,68,82,0,0,0,74,84,26,8,45,0,0,23,66,22,1,6,41,2,2,0,14,5,0,0,0,101,260,452,FINAL (ENTRADA MANUAL)
33,13,1,87,39,0,64,68,0,0,0,75,91,14,12,55,0,0,11,66,34,0,9,48,2,1,1,6,4,1,1,0,87,260,412,FINAL (ENTRADA MANUAL)
33,13,2,78,44,0,69,83,0,0,0,68,107,7,16,54,0,0,22,56,37,0,16,49,5,4,0,9,6,0,0,0,92,274,412,FINAL (ENTRADA MANUAL)
33,13,3,84,40,0,56,92,0,2,0,75,101,8,12,61,0,1,16,67,38,0,11,53,0,2,0,6,8,0,0,0,89,274,412,FINAL (ENTRADA MANUAL)
33,13,4,72,41,1,65,75,0,1,0,65,99,13,13,54,0,0,11,57,40,1,12,47,1,5,1,5,3,1,0,1,83,257,412,FINAL (ENTRADA MANUAL)
33,14,1,63,49,0,40,52,0,0,1,57,79,11,9,32,0,0,17,49,44,0,9,32,0,1,0,4,3,1,0,0,63,206,356,FINAL (ENTRADA MANUAL)
33,14,2,52,56,0,44,53,0,1,0,48,85,9,16,35,0,0,13,42,48,0,13,32,0,1,0,6,2,0,0,0,62,206,356,FINAL (ENTRADA MANUAL)
33,15,1,63,49,0,76,79,1,0,2,55,124,18,15,46,1,0,11,51,48,0,14,44,1,3,0,9,3,1,0,0,97,271,474,FINAL (ENTRADA MANUAL)
33,15,2,71,64,0,55,76,0,1,0,62,121,10,7,39,0,0,28,52,54,0,6,31,2,3,0,2,3,0,0,0,114,267,474,FINAL (ENTRADA MANUAL)
33,15,3,78,52,0,55,83,0,0,0,59,110,15,5,58,0,0,21,49,50,0,4,55,0,5,0,2,4,1,1,0,99,270,474,FINAL (ENTRADA MANUAL)
33,15,4,77,58,0,65,79,0,0,0,63,116,15,16,51,0,0,18,46,50,0,11,44,1,6,0,6,1,0,0,0,114,279,474,FINAL (ENTRADA MANUAL)
33,16,1,64,40,1,58,45,1,0,0,43,86,20,6,32,0,0,22,37,35,1,5,28,1,1,0,12,3,1,0,0,86,210,385,FINAL (ENTRADA MANUAL)
33,16,2,61,29,0,51,51,0,0,0,53,73,13,10,31,1,0,11,45,27,0,10,27,4,4,0,7,2,0,0,0,66,192,385,FINAL (ENTRADA MANUAL)
33,16,3,59,58,0,41,59,0,0,0,51,88,12,8,38,0,0,20,44,55,0,6,34,0,3,0,6,1,0,0,0,68,217,385,FINAL (ENTRADA MANUAL)
33,17,1,67,44,0,39,92,0,0,1,54,90,9,7,58,0,0,25,46,42,0,5,57,1,1,0,7,2,1,0,0,82,244,394,FINAL (ENTRADA MANUAL)
33,17,2,67,53,0,37,76,0,0,0,58,98,6,7,52,0,0,12,48,49,0,6,46,2,3,0,4,4,1,0,1,71,235,395,FINAL (ENTRADA MANUAL)
33,72,1,253,37,0,17,77,0,0,0,242,59,9,3,57,0,0,14,224,31,0,1,49,3,1,0,6,2,0,0,2,67,386,0,FINAL (ENTRADA MANUAL)
33,72,2,38,5,0,3,6,0,0,0,38,5,1,2,6,0,0,0,38,4,0,2,6,0,1,0,0,0,0,0,0,1,52,0,FINAL (ENTRADA MANUAL)
33,72,3,394,156,1,72,204,3,1,1,424,232,30,10,122,0,1,13,356,131,1,9,109,41,17,0,15,9,0,0,0,144,832,0,FINAL (ENTRADA MANUAL)
33,72,4,115,50,0,24,79,0,3,2,121,80,9,3,50,0,1,9,95,42,0,3,47,12,6,1,4,0,2,1,0,60,273,0,FINAL (ENTRADA MANUAL)
33,72,5,25,9,0,4,9,0,0,0,28,10,1,0,8,0,0,0,22,8,0,0,7,3,2,0,0,1,0,0,0,7,47,0,FINAL (ENTRADA MANUAL)
33,72,6,10,2,0,2,4,0,0,0,10,5,0,0,2,0,0,0,9,2,0,0,2,0,0,0,0,1,0,0,0,4,18,0,FINAL (ENTRADA MANUAL)
33,72,7,4,1,0,1,2,0,0,0,4,3,0,0,1,0,0,0,4,1,0,0,1,0,1,0,0,0,0,0,0,1,8,0,FINAL (ENTRADA MANUAL)
33,72,8,1,0,0,1,1,0,0,0,2,1,0,0,0,0,0,0,1,0,0,0,0,0,1,0,0,0,0,0,0,1,3,0,FINAL (ENTRADA MANUAL)
33,72,9,65,18,0,5,16,0,0,0,65,25,4,0,7,0,0,3,56,17,0,0,3,0,0,0,2,0,0,0,0,26,104,0,FINAL (ENTRADA MANUAL)
33,72,10,17,1,0,1,1,0,0,0,15,3,1,0,1,0,0,0,15,1,0,0,1,0,0,0,1,0,0,1,0,2,21,0,FINAL (ENTRADA MANUAL)
33,73,1,135,452,1,35,153,1,0,1,124,480,11,9,92,0,0,62,111,412,1,9,87,0,6,0,3,3,0,0,0,146,778,0,FINAL (ENTRADA MANUAL)
33,73,2,0,0,0,0,0,0,0,0,0,0,0,0,0,0,0,0,0,0,0,0,0,0,0,0,0,0,0,0,0,0,0,0,FINAL (ENTRADA MANUAL)
33,73,3,0,0,0,0,0,0,0,0,0,0,0,0,0,0,0,0,0,0,0,0,0,0,0,0,0,0,0,0,0,0,0,0,FINAL (ENTRADA MANUAL)
33,73,4,0,0,0,0,0,0,0,0,0,0,0,0,0,0,0,0,0,0,0,0,0,0,0,0,0,0,0,0,0,0,0,0,FINAL (ENTRADA MANUAL)
33,73,5,67,205,0,20,59,0,0,3,61,213,6,9,38,0,0,27,54,186,0,9,36,0,1,0,3,3,3,4,0,62,361,0,FINAL (ENTRADA MANUAL)
33,74,1,0,0,0,4,1,0,0,0,0,1,2,1,1,0,0,0,0,0,0,1,1,0,0,0,2,0,0,0,0,1,5,0,FINAL (ENTRADA MANUAL)
33,74,2,0,0,0,0,0,0,0,0,0,0,0,0,0,0,0,0,0,0,0,0,0,0,0,0,0,0,0,0,0,0,0,0,FINAL (ENTRADA MANUAL)
33,75,1,0,0,0,1,2,0,0,0,0,0,0,1,1,0,0,1,0,0,0,1,1,0,0,0,0,0,0,0,0,1,3,0,FINAL (ENTRADA MANUAL)
33,75,2,0,0,0,0,0,0,0,0,0,0,0,0,0,0,0,0,0,0,0,0,0,0,0,0,0,0,0,0,0,0,0,0,FINAL (ENTRADA MANUAL)
33,76,1,34,4,0,2,3,0,1,0,28,6,2,0,2,0,1,5,19,3,0,0,1,0,0,0,0,0,1,0,0,21,45,0,FINAL (ENTRADA MANUAL)
33,76,2,2,0,0,0,0,0,0,0,2,0,0,0,0,0,0,0,2,0,0,0,0,0,0,0,0,0,0,0,0,0,2,0,FINAL (ENTRADA MANUAL)
33,76,3,1,1,0,0,0,0,0,0,1,1,0,0,0,0,0,0,1,1,0,0,0,0,0,0,0,0,0,0,0,0,2,0,FINAL (ENTRADA MANUAL)
33,76,4,0,0,0,0,0,0,0,0,0,0,0,0,0,0,0,0,0,0,0,0,0,0,0,0,0,0,0,0,0,0,0,0,FINAL (ENTRADA MANUAL)
33,76,5,4,0,0,1,0,0,0,0,4,0,0,1,0,0,0,0,4,0,0,1,0,0,0,0,0,0,0,0,0,0,5,0,FINAL (ENTRADA MANUAL)
33,76,6,0,0,0,0,0,0,0,0,0,0,0,0,0,0,0,0,0,0,0,0,0,0,0,0,0,0,0,0,0,0,0,0,FINAL (ENTRADA MANUAL)
33,77,1,3,2,0,11,3,0,0,0,3,8,4,1,2,0,0,1,3,2,0,1,2,0,0,0,0,0,0,0,0,11,19,0,FINAL (ENTRADA MANUAL)
33,77,2,1,0,0,23,5,0,0,0,1,8,10,5,3,0,0,2,1,0,0,5,3,0,1,0,4,0,0,0,0,15,29,0,FINAL (ENTRADA MANUAL)
33,77,3,0,0,0,3,1,0,0,0,0,1,2,0,1,0,0,0,0,0,0,0,1,0,0,1,0,0,0,0,0,2,4,0,FINAL (ENTRADA MANUAL)
33,77,4,3,4,0,1,3,0,0,0,2,5,0,0,2,0,0,0,2,2,0,0,1,0,1,0,0,0,0,0,0,3,9,0,FINAL (ENTRADA MANUAL)
33,78,1,38,18,0,8,10,0,0,0,32,22,3,3,8,0,0,6,31,15,0,3,8,0,0,0,2,0,0,0,1,15,75,0,FINAL (ENTRADA MANUAL)
33,78,2,14,0,0,2,3,0,0,0,10,1,0,0,1,0,0,7,7,0,0,0,0,0,0,0,0,0,0,0,0,12,19,0,FINAL (ENTRADA MANUAL)
33,78,3,5,5,0,1,5,0,0,0,5,5,0,1,4,0,0,1,5,5,0,1,2,0,0,0,0,0,0,0,0,3,16,0,FINAL (ENTRADA MANUAL)
33,78,4,0,0,0,0,0,0,0,0,0,0,0,0,0,0,0,0,0,0,0,0,0,0,0,0,0,0,0,0,0,0,0,0,FINAL (ENTRADA MANUAL)
35,1,1,117,37,0,52,16,2,0,1,85,83,12,14,9,0,0,22,80,30,0,13,9,3,2,0,5,0,1,0,0,83,226,492,FINAL (ENTRADA MANUAL)
35,1,2,106,37,0,43,15,0,0,0,89,58,14,10,5,0,0,25,79,30,0,10,2,0,0,0,2,0,1,0,0,78,202,492,FINAL (ENTRADA MANUAL)
35,1,3,115,55,0,49,7,0,0,0,95,89,10,9,3,0,0,20,79,49,0,8,2,2,2,1,5,0,0,0,0,78,226,492,FINAL (ENTRADA MANUAL)
35,1,4,118,57,0,42,11,0,0,0,89,88,12,6,6,0,0,27,78,54,0,4,3,0,1,0,4,1,0,0,0,83,228,492,FINAL (ENTRADA MANUAL)
35,1,5,110,43,0,60,8,1,0,0,87,83,13,15,6,0,0,18,79,40,0,13,5,3,2,0,3,0,2,0,0,77,224,492,FINAL (ENTRADA MANUAL)
35,2,1,128,59,1,39,25,0,0,1,101,96,7,8,18,0,0,23,89,52,0,7,16,1,3,0,3,0,0,0,0,82,253,520,FINAL (ENTRADA MANUAL)
35,2,2,129,56,1,35,35,6,0,2,109,101,7,10,25,0,0,12,88,53,0,9,21,1,2,0,3,1,0,0,1,86,265,520,FINAL (ENTRADA MANUAL)
35,3,1,102,43,0,73,23,2,0,1,78,106,17,10,17,1,0,15,71,41,0,10,14,1,6,0,8,0,0,0,0,93,244,455,FINAL (ENTRADA MANUAL)
35,3,2,102,55,1,85,25,0,0,0,72,128,15,18,18,0,0,17,65,44,0,12,12,1,6,1,3,1,0,0,0,123,268,455,FINAL (ENTRADA MANUAL)
35,3,3,105,41,0,88,31,0,2,0,95,95,23,14,21,0,0,19,79,33,0,13,17,1,5,2,6,2,0,1,0,109,268,455,FINAL (ENTRADA MANUAL)
35,3,4,103,43,1,64,17,0,0,0,89,80,23,8,16,0,0,12,75,38,1,6,10,1,2,1,13,1,0,0,0,80,228,456,FINAL (ENTRADA MANUAL)
35,4,1,96,53,0,50,26,0,0,0,70,98,13,12,20,0,0,12,62,51,0,10,16,1,2,0,9,1,1,0,0,73,226,361,FINAL (ENTRADA MANUAL)
35,4,2,80,30,0,43,31,0,0,1,66,69,11,5,26,0,0,8,54,26,0,4,17,1,2,1,3,2,0,0,0,75,185,361,FINAL (ENTRADA MANUAL)
35,4,3,80,30,1,46,32,0,0,0,67,72,8,7,24,0,0,11,61,25,1,5,22,0,1,0,4,0,0,0,1,70,190,360,FINAL (ENTRADA MANUAL)
35,5,1,109,56,0,96,26,0,0,1,94,122,33,9,17,0,0,13,83,53,0,6,14,1,3,1,14,3,1,0,0,110,289,473,FINAL (ENTRADA MANUAL)
35,5,2,75,39,0,119,17,0,0,0,58,110,41,17,15,0,0,9,53,34,0,13,9,0,3,2,9,2,0,0,1,125,251,473,FINAL (ENTRADA MANUAL)
35,5,3,104,35,0,106,20,0,0,0,85,104,28,18,16,1,0,13,72,27,0,14,9,3,5,1,7,2,1,0,0,125,266,473,FINAL (ENTRADA MANUAL)
35,5,4,81,43,0,93,22,0,0,0,68,97,32,15,12,0,0,15,59,40,0,13,11,0,3,2,8,1,0,0,1,102,240,473,FINAL (ENTRADA MANUAL)
35,5,5,74,35,0,94,24,0,0,0,61,102,25,14,15,0,0,10,55,30,0,13,11,2,3,1,13,3,0,1,1,96,229,475,FINAL (ENTRADA MANUAL)
35,6,1,113,46,1,75,11,0,0,0,95,102,20,8,11,0,0,10,85,43,1,7,6,4,4,0,8,1,0,0,1,87,247,450,FINAL (ENTRADA MANUAL)
35,6,2,83,38,0,98,27,2,1,1,74,113,28,10,17,0,0,8,66,33,0,9,12,0,7,1,7,1,0,0,1,114,251,450,FINAL (ENTRADA MANUAL)
35,6,3,81,38,0,90,15,0,0,0,70,102,21,19,7,0,0,5,62,34,0,16,6,4,5,0,8,1,0,0,0,88,224,449,FINAL (ENTRADA MANUAL)
35,7,1,100,77,2,77,42,0,0,0,77,137,26,10,31,1,0,16,64,70,1,10,28,2,2,1,5,1,0,0,0,114,298,489,FINAL (ENTRADA MANUAL)
35,7,2,96,43,0,98,24,0,2,0,85,110,18,20,17,0,0,13,70,39,0,18,13,6,11,0,13,2,0,0,0,91,263,489,FINAL (ENTRADA MANUAL)
35,7,3,90,55,2,104,30,1,0,0,72,133,35,10,22,0,0,10,65,49,1,9,16,5,3,1,8,2,1,0,0,123,283,489,FINAL (ENTRADA MANUAL)
35,7,4,88,42,0,86,28,1,0,0,69,106,24,12,20,2,0,12,59,34,0,9,16,5,7,0,6,1,0,1,0,108,246,489,FINAL (ENTRADA MANUAL)
35,7,5,84,47,0,92,26,1,0,0,72,121,27,8,16,0,0,6,64,43,0,7,12,3,7,0,12,0,0,0,0,102,250,488,FINAL (ENTRADA MANUAL)
35,8,1,112,55,0,81,29,0,1,0,91,108,25,12,22,0,0,20,76,45,0,8,16,3,7,1,2,1,0,0,0,119,278,516,FINAL (ENTRADA MANUAL)
35,8,2,107,57,0,76,25,0,0,0,89,110,22,10,18,1,0,15,80,54,0,9,14,1,2,2,11,1,2,0,0,91,267,516,FINAL (ENTRADA MANUAL)
35,8,3,104,45,0,79,27,0,0,0,90,99,26,12,17,0,0,11,80,42,0,9,13,1,3,0,8,0,0,1,0,99,256,516,FINAL (ENTRADA MANUAL)
35,8,4,95,58,1,82,19,1,0,0,68,128,23,11,16,1,0,9,61,50,1,7,11,1,5,0,15,1,0,0,0,104,256,516,FINAL (ENTRADA MANUAL)
35,8,5,98,58,0,69,22,0,0,1,81,103,19,16,18,0,0,11,73,52,0,13,14,1,3,2,4,1,0,0,0,85,248,516,FINAL (ENTRADA MANUAL)
35,8,6,92,60,1,77,35,1,0,1,74,126,23,11,21,0,0,12,66,51,0,10,14,3,4,0,3,3,1,0,0,113,268,516,FINAL (ENTRADA MANUAL)
35,9,1,91,53,0,70,29,1,0,0,66,105,18,17,24,0,0,14,57,44,0,11,16,2,1,0,3,3,0,0,1,107,245,503,FINAL (ENTRADA MANUAL)
35,9,2,98,42,2,39,18,0,0,0,73,73,14,10,14,0,0,15,66,39,1,10,9,0,1,0,4,0,2,0,0,69,201,503,FINAL (ENTRADA MANUAL)
35,9,3,119,44,1,65,20,0,0,2,96,95,12,6,19,1,0,22,89,36,0,6,12,3,0,0,4,1,0,0,0,100,251,503,FINAL (ENTRADA MANUAL)
35,9,4,110,40,0,53,27,0,0,0,87,75,17,12,23,0,0,16,78,34,0,10,20,3,1,0,4,2,0,0,1,78,231,503,FINAL (ENTRADA MANUAL)
35,9,5,105,47,0,53,20,0,0,1,80,93,11,11,17,0,0,14,70,41,0,11,13,0,1,0,2,2,2,0,0,85,228,503,FINAL (ENTRADA MANUAL)
35,9,6,100,51,0,64,20,0,1,1,79,106,14,11,10,1,0,16,68,44,0,9,7,4,4,0,7,1,2,0,0,93,239,503,FINAL (ENTRADA MANUAL)
35,10,1,136,61,0,56,16,0,0,0,114,101,14,7,12,0,0,21,102,51,0,7,10,1,1,1,4,2,0,0,0,90,269,595,FINAL (ENTRADA MANUAL)
35,10,2,120,69,0,71,14,0,0,2,110,118,23,8,7,0,0,10,96,63,0,6,6,2,5,1,6,1,0,0,1,90,277,595,FINAL (ENTRADA MANUAL)
35,11,1,100,52,0,49,13,0,0,0,83,78,14,10,10,0,0,19,76,48,0,8,7,1,0,0,4,0,0,1,1,70,216,460,FINAL (ENTRADA MANUAL)
35,11,2,83,52,1,51,17,0,0,0,69,82,15,7,17,0,0,14,63,47,0,7,14,0,1,0,3,1,0,0,0,68,204,460,FINAL (ENTRADA MANUAL)
35,11,3,103,53,1,53,15,0,0,0,94,81,11,18,9,0,0,12,86,46,0,17,9,0,0,0,3,1,1,0,0,63,226,460,FINAL (ENTRADA MANUAL)
35,11,4,103,56,0,44,17,0,0,0,87,88,13,8,11,0,0,13,73,49,0,6,8,1,1,1,2,1,0,0,0,78,220,459,FINAL (ENTRADA MANUAL)
35,12,1,144,70,0,72,26,1,0,0,121,126,14,12,20,0,0,20,105,57,0,8,11,3,6,1,7,1,5,0,0,114,318,505,FINAL (ENTRADA MANUAL)
35,12,2,107,53,0,75,18,0,0,1,90,109,22,8,10,0,0,15,84,50,0,8,9,2,4,0,7,1,0,0,0,89,254,505,FINAL (ENTRADA MANUAL)
35,12,3,88,59,0,60,37,0,0,0,73,110,21,8,22,0,0,10,65,53,0,6,18,1,0,0,7,1,0,0,0,93,244,505,FINAL (ENTRADA MANUAL)
35,12,4,91,52,0,61,27,0,0,0,91,83,18,17,18,0,1,3,75,46,0,12,15,1,3,1,3,2,0,0,0,73,231,505,FINAL (ENTRADA MANUAL)
35,12,5,92,40,2,93,29,0,0,0,71,111,26,15,21,0,0,12,63,39,2,13,18,2,4,0,7,0,0,0,0,108,256,505,FINAL (ENTRADA MANUAL)
35,12,6,105,61,0,77,22,0,0,0,85,106,26,16,21,0,0,11,76,49,0,12,15,0,1,1,8,1,0,0,0,102,265,505,FINAL (ENTRADA MANUAL)
35,12,7,92,75,0,62,20,0,0,0,75,114,16,11,18,0,0,15,61,64,0,11,14,3,2,0,2,2,0,0,0,90,249,505,FINAL (ENTRADA MANUAL)
35,12,8,89,57,0,73,29,0,0,1,70,115,20,14,15,0,0,15,64,46,0,10,13,2,3,2,2,2,0,1,0,105,250,505,FINAL (ENTRADA MANUAL)
35,12,9,87,44,0,66,25,0,0,1,70,97,16,12,17,0,0,11,60,41,0,9,14,1,1,0,8,1,0,0,0,88,223,505,FINAL (ENTRADA MANUAL)
35,12,10,96,57,0,73,19,0,0,0,84,110,18,10,13,0,0,10,73,53,0,7,10,1,1,0,5,1,0,0,0,94,245,505,FINAL (ENTRADA MANUAL)
35,13,1,94,35,0,75,28,1,0,1,72,90,28,9,20,0,1,14,62,32,0,6,18,3,0,0,10,1,0,0,0,102,234,380,FINAL (ENTRADA MANUAL)
35,13,2,67,42,1,79,22,1,0,0,59,91,27,11,17,0,0,7,50,38,1,9,13,3,1,1,7,1,0,0,0,88,212,380,FINAL (ENTRADA MANUAL)
35,13,3,98,28,0,64,27,0,0,0,79,88,18,7,18,1,0,6,71,24,0,6,17,1,4,0,8,1,1,0,1,85,219,380,FINAL (ENTRADA MANUAL)
35,14,1,124,55,0,67,21,0,0,0,97,109,17,10,17,0,0,17,87,51,0,8,10,1,3,0,7,1,0,0,0,99,267,447,FINAL (ENTRADA MANUAL)
35,14,2,104,65,0,69,21,0,0,1,90,107,18,13,19,0,0,13,78,55,0,11,12,0,2,0,6,0,0,0,1,96,261,447,FINAL (ENTRADA MANUAL)
35,14,3,107,52,0,67,17,0,0,1,92,102,10,11,12,0,0,17,77,45,0,10,11,0,4,2,4,0,0,0,0,91,244,447,FINAL (ENTRADA MANUAL)
35,72,1,638,215,0,63,42,0,0,2,608,277,20,8,25,0,1,21,572,195,0,7,21,10,3,1,7,0,24,1,0,144,985,0,FINAL (ENTRADA MANUAL)
35,72,2,81,37,0,4,3,0,0,0,79,40,2,0,3,0,0,1,76,35,0,0,2,1,0,0,2,0,0,0,0,9,125,0,FINAL (ENTRADA MANUAL)
35,72,3,925,283,1,153,61,1,0,1,872,424,51,13,38,1,0,26,830,250,1,10,31,32,15,4,25,2,0,0,0,225,1427,0,FINAL (ENTRADA MANUAL)
35,72,4,131,44,0,18,8,0,0,0,123,58,7,3,5,0,0,5,119,40,0,2,5,4,1,0,3,0,2,0,0,27,203,0,FINAL (ENTRADA MANUAL)
35,72,5,104,27,0,20,5,0,0,0,100,42,5,3,4,0,0,2,96,26,0,3,2,4,3,0,5,0,0,0,0,17,156,0,FINAL (ENTRADA MANUAL)
35,72,6,24,7,0,0,1,0,0,0,24,7,0,0,1,0,0,0,23,7,0,0,1,0,0,0,0,0,1,0,0,1,33,0,FINAL (ENTRADA MANUAL)
35,72,7,78,15,1,7,10,0,0,0,78,22,3,1,5,0,0,2,72,14,1,1,4,3,0,0,3,0,0,0,1,13,112,0,FINAL (ENTRADA MANUAL)
35,72,8,7,2,0,1,1,0,0,0,7,2,1,0,1,0,0,0,7,2,0,0,1,0,0,0,1,0,0,0,0,0,11,0,FINAL (ENTRADA MANUAL)
35,72,9,34,19,1,11,2,0,0,0,30,27,1,4,3,0,0,2,24,14,0,4,2,0,2,0,1,0,0,0,0,20,67,0,FINAL (ENTRADA MANUAL)
35,72,10,6,4,1,1,0,0,0,0,6,4,1,0,0,0,0,1,6,4,0,0,0,0,0,0,1,0,0,0,0,1,12,0,FINAL (ENTRADA MANUAL)
35,73,1,150,367,0,28,16,0,1,1,125,374,4,10,11,0,0,39,98,332,0,8,7,1,0,0,3,1,0,0,0,113,563,0,FINAL (ENTRADA MANUAL)
35,73,2,0,0,0,0,0,0,0,0,0,0,0,0,0,0,0,0,0,0,0,0,0,0,0,0,0,0,0,0,0,0,0,0,FINAL (ENTRADA MANUAL)
35,73,3,0,0,0,0,0,0,0,0,0,0,0,0,0,0,0,0,0,0,0,0,0,0,0,0,0,0,0,0,0,0,0,0,FINAL (ENTRADA MANUAL)
35,73,4,29,44,1,6,4,0,0,0,25,49,5,2,2,0,0,1,24,43,1,2,2,0,0,0,1,0,3,1,0,11,88,0,FINAL (ENTRADA MANUAL)
35,74,1,0,0,0,0,0,0,0,0,0,0,0,0,0,0,0,0,0,0,0,0,0,0,0,0,0,0,0,0,0,0,0,0,FINAL (ENTRADA MANUAL)
35,74,2,0,0,0,0,0,0,0,0,0,0,0,0,0,0,0,0,0,0,0,0,0,0,0,0,0,0,0,0,0,0,0,0,FINAL (ENTRADA MANUAL)
35,75,1,1,1,0,0,2,1,0,0,0,1,0,0,2,0,0,2,0,0,0,0,1,0,0,0,0,0,0,1,0,4,6,0,FINAL (ENTRADA MANUAL)
35,75,2,0,0,0,0,0,0,0,0,0,0,0,0,0,0,0,0,0,0,0,0,0,0,0,0,0,0,0,0,0,0,0,0,FINAL (ENTRADA MANUAL)
35,75,3,0,0,0,0,0,0,0,0,0,0,0,0,0,0,0,0,0,0,0,0,0,0,0,0,0,0,0,0,0,0,0,0,FINAL (ENTRADA MANUAL)
35,76,1,72,6,0,3,2,0,0,0,56,8,1,1,3,0,0,14,52,4,0,1,2,0,0,0,0,0,1,1,0,24,85,0,FINAL (ENTRADA MANUAL)
35,76,2,0,0,0,0,0,0,0,0,0,0,0,0,0,0,0,0,0,0,0,0,0,0,0,0,0,0,0,0,0,0,0,0,FINAL (ENTRADA MANUAL)
35,76,3,13,0,0,1,1,0,0,0,12,0,0,0,1,0,0,2,10,0,0,0,1,0,0,0,0,0,0,0,0,4,15,0,FINAL (ENTRADA MANUAL)
35,76,4,0,0,0,0,0,0,0,0,0,0,0,0,0,0,0,0,0,0,0,0,0,0,0,0,0,0,0,0,0,0,0,0,FINAL (ENTRADA MANUAL)
35,76,5,5,1,0,0,0,0,0,0,5,1,0,0,0,0,0,0,5,1,0,0,0,0,0,0,0,0,0,0,0,0,6,0,FINAL (ENTRADA MANUAL)
35,76,6,1,0,0,0,0,0,0,0,1,0,0,0,0,0,0,0,1,0,0,0,0,0,0,0,0,0,1,0,0,0,2,0,FINAL (ENTRADA MANUAL)
35,77,1,3,6,1,20,0,0,0,0,5,12,9,4,0,0,0,0,1,5,1,3,0,0,0,0,2,0,0,0,0,18,30,0,FINAL (ENTRADA MANUAL)
35,77,2,7,2,0,39,1,1,0,0,6,17,16,7,2,1,0,1,5,1,0,7,1,0,0,0,9,0,0,0,0,27,50,0,FINAL (ENTRADA MANUAL)
35,77,3,0,1,0,6,3,0,0,0,0,5,3,0,2,0,0,0,0,1,0,0,2,0,0,0,0,0,0,0,0,7,10,0,FINAL (ENTRADA MANUAL)
35,77,4,7,9,0,12,0,0,0,0,6,13,7,1,0,0,0,1,6,9,0,1,0,0,0,0,3,0,1,0,0,9,29,0,FINAL (ENTRADA MANUAL)
35,78,1,62,50,1,39,15,0,1,1,50,81,6,6,15,0,0,15,42,44,1,5,9,5,2,0,0,1,0,1,0,60,170,0,FINAL (ENTRADA MANUAL)
35,78,2,52,3,0,4,0,0,0,0,37,5,0,0,2,0,0,15,30,2,0,2,0,0,0,0,0,0,0,0,0,28,62,0,FINAL (ENTRADA MANUAL)
35,78,3,6,3,0,2,1,0,1,0,5,4,2,0,1,0,0,1,4,3,0,0,1,0,0,0,0,0,0,0,0,5,13,0,FINAL (ENTRADA MANUAL)
35,78,4,1,0,0,0,0,0,0,0,1,0,0,0,0,0,0,0,1,0,0,0,0,0,0,0,0,0,0,0,0,0,1,0,FINAL (ENTRADA MANUAL)
36,1,1,115,71,0,32,19,0,0,2,102,100,6,6,15,0,0,10,96,66,0,5,11,2,4,0,0,0,0,0,0,55,239,390,FINAL (ENTRADA MANUAL)
36,1,2,121,49,0,38,16,1,0,1,96,93,8,4,13,0,0,12,85,40,0,3,10,2,0,0,1,1,0,0,0,84,226,390,FINAL (ENTRADA MANUAL)
36,1,3,94,48,0,49,21,0,0,0,78,77,11,16,17,0,0,13,71,47,0,13,13,1,2,0,7,1,0,0,0,57,212,390,FINAL (ENTRADA MANUAL)
36,1,4,97,65,0,46,27,0,0,0,85,105,11,7,19,0,0,8,80,63,0,7,17,0,2,1,8,0,0,0,0,57,235,392,FINAL (ENTRADA MANUAL)
36,2,1,106,104,0,42,45,0,0,0,94,154,12,2,29,0,0,6,90,101,0,2,26,2,3,0,4,1,0,0,0,68,297,535,FINAL (ENTRADA MANUAL)
36,2,2,108,67,0,53,63,0,0,1,89,133,13,3,43,0,1,10,82,62,0,2,40,2,4,0,4,3,1,0,0,93,293,535,FINAL (ENTRADA MANUAL)
36,2,3,94,78,2,71,58,0,2,0,79,143,16,8,33,0,0,26,69,75,0,5,29,1,0,1,10,2,0,0,0,113,305,535,FINAL (ENTRADA MANUAL)
36,2,4,126,78,0,66,44,0,0,0,106,127,23,12,34,0,0,12,96,74,0,12,29,5,7,0,9,0,0,0,0,82,314,535,FINAL (ENTRADA MANUAL)
36,3,1,80,86,0,25,46,0,0,0,70,112,5,5,35,0,0,10,66,79,0,5,28,2,1,0,1,2,0,0,0,53,237,415,FINAL (ENTRADA MANUAL)
36,3,2,81,52,1,26,35,0,0,1,67,79,7,5,27,0,0,11,61,49,1,5,26,0,1,0,2,0,0,0,0,51,196,415,FINAL (ENTRADA MANUAL)
36,3,3,88,46,0,31,28,2,0,0,77,71,9,2,25,0,0,11,69,43,0,2,22,2,1,1,2,1,0,0,0,52,195,415,FINAL (ENTRADA MANUAL)
36,3,4,88,69,0,26,40,0,0,0,70,102,2,6,30,0,0,13,68,63,0,5,27,2,1,0,3,1,1,0,1,53,225,415,FINAL (ENTRADA MANUAL)
36,4,1,117,41,0,45,30,0,0,0,107,77,15,4,24,0,0,6,95,33,0,4,18,1,7,0,8,2,0,0,0,65,233,485,FINAL (ENTRADA MANUAL)
36,4,2,142,52,0,35,28,0,0,1,118,91,3,9,18,0,0,19,102,43,0,5,10,6,0,0,2,0,0,0,0,90,258,485,FINAL (ENTRADA MANUAL)
36,4,3,142,55,0,29,27,0,1,0,127,80,8,6,16,0,0,17,116,48,0,6,13,0,2,0,3,2,2,0,0,64,256,485,FINAL (ENTRADA MANUAL)
36,4,4,135,36,0,46,26,0,0,2,111,80,10,6,21,0,0,17,103,34,0,4,16,2,1,0,8,1,0,0,0,76,245,485,FINAL (ENTRADA MANUAL)
36,4,5,131,50,1,47,31,0,0,0,107,97,17,4,17,0,0,18,95,44,0,4,13,3,4,1,2,2,1,0,0,92,261,485,FINAL (ENTRADA MANUAL)
36,4,6,111,45,0,46,39,0,0,1,98,90,8,9,28,0,0,9,85,41,0,7,24,4,1,0,3,4,0,0,1,73,243,484,FINAL (ENTRADA MANUAL)
36,5,1,125,61,1,50,20,0,0,0,105,108,6,12,14,0,1,11,97,57,0,8,12,3,5,0,7,1,2,0,0,67,259,486,FINAL (ENTRADA MANUAL)
36,5,2,121,58,1,56,26,0,0,0,97,101,13,11,22,0,0,18,87,53,0,10,16,3,5,0,3,1,0,0,0,84,262,486,FINAL (ENTRADA MANUAL)
36,5,3,121,63,0,40,34,0,0,0,102,111,12,6,19,0,0,8,92,56,0,4,13,5,0,0,6,0,0,0,0,82,258,486,FINAL (ENTRADA MANUAL)
36,5,4,116,53,0,52,22,1,1,0,90,93,15,8,17,0,0,22,87,43,0,7,12,1,6,0,5,2,2,0,0,82,247,486,FINAL (ENTRADA MANUAL)
36,5,5,102,58,0,59,26,0,1,0,85,105,11,11,18,0,0,16,79,53,0,10,13,4,5,0,3,0,0,1,0,79,247,486,FINAL (ENTRADA MANUAL)
36,5,6,109,63,0,59,25,0,0,1,87,122,12,5,13,0,0,18,78,55,0,5,12,2,0,0,4,2,0,0,0,99,257,483,FINAL (ENTRADA MANUAL)
36,6,1,100,78,0,56,27,0,1,2,83,134,11,6,16,0,0,14,73,74,0,6,15,2,2,0,6,2,0,0,0,84,264,488,FINAL (ENTRADA MANUAL)
36,6,2,85,56,1,53,38,0,0,0,66,100,11,11,23,0,0,22,59,52,0,10,18,0,2,1,7,3,1,0,1,81,235,488,FINAL (ENTRADA MANUAL)
36,6,3,103,61,0,48,32,0,0,0,80,105,12,6,24,0,0,17,71,54,0,5,19,2,2,0,5,0,0,1,0,86,245,488,FINAL (ENTRADA MANUAL)
36,6,4,102,52,0,36,38,0,0,0,88,86,6,12,22,0,0,14,82,46,0,12,20,1,0,0,3,4,1,0,0,60,229,488,FINAL (ENTRADA MANUAL)
36,6,5,107,64,1,32,38,0,0,0,94,90,13,4,23,0,0,18,79,58,1,4,19,2,1,0,2,2,1,0,0,74,243,488,FINAL (ENTRADA MANUAL)
36,6,6,91,65,0,41,29,0,0,0,78,93,7,8,22,0,0,18,71,59,0,8,18,1,2,0,2,2,0,0,1,63,227,488,FINAL (ENTRADA MANUAL)
36,6,7,109,58,0,61,27,0,0,1,91,99,11,12,25,0,0,18,73,54,0,11,16,4,2,0,1,2,0,0,0,93,256,486,FINAL (ENTRADA MANUAL)
36,7,1,92,48,1,39,66,0,1,0,84,89,11,9,37,1,0,16,72,43,0,7,30,0,2,0,4,6,1,0,0,83,248,494,FINAL (ENTRADA MANUAL)
36,7,2,102,53,0,42,57,0,0,0,83,86,7,14,46,0,0,18,69,47,0,11,40,3,1,0,4,1,0,0,0,78,254,494,FINAL (ENTRADA MANUAL)
36,7,3,95,52,0,50,56,0,1,0,83,92,12,11,38,0,1,17,71,46,0,10,29,0,0,0,9,6,3,1,0,83,258,493,FINAL (ENTRADA MANUAL)
36,8,1,109,67,0,58,37,0,0,2,95,96,9,22,32,0,0,19,82,59,0,20,23,0,0,0,5,2,1,0,0,82,274,500,FINAL (ENTRADA MANUAL)
36,8,2,130,76,1,49,37,0,0,0,102,127,12,10,23,0,0,19,94,72,1,8,18,2,4,0,8,2,1,0,1,84,295,500,FINAL (ENTRADA MANUAL)
36,8,3,126,61,0,59,36,0,1,0,112,103,13,15,25,0,0,15,105,51,0,13,22,1,2,0,5,1,1,0,0,83,284,500,FINAL (ENTRADA MANUAL)
36,8,4,113,74,0,47,38,0,0,2,90,124,6,8,28,0,0,18,77,63,0,7,27,3,1,0,2,0,1,0,0,94,275,498,FINAL (ENTRADA MANUAL)
36,9,1,122,62,0,51,25,0,0,1,100,106,15,10,16,0,0,14,95,59,0,8,15,2,1,0,9,1,1,0,0,71,262,480,FINAL (ENTRADA MANUAL)
36,9,2,128,50,1,37,32,0,0,0,109,88,9,7,22,0,1,12,101,46,1,4,17,2,4,0,6,1,0,0,0,66,248,480,FINAL (ENTRADA MANUAL)
36,9,3,115,44,1,51,40,1,0,0,103,85,14,10,26,1,0,13,86,40,1,9,22,5,1,0,2,1,0,0,0,85,252,480,FINAL (ENTRADA MANUAL)
36,9,4,128,50,1,47,35,0,0,0,110,84,15,13,26,0,0,13,99,46,1,11,22,2,1,0,1,0,0,0,0,78,261,480,FINAL (ENTRADA MANUAL)
36,9,5,122,42,0,46,41,0,1,0,98,81,11,10,31,0,0,21,91,37,0,8,23,1,4,0,2,2,3,0,0,84,255,482,FINAL (ENTRADA MANUAL)
36,72,1,191,43,0,11,38,1,0,0,183,64,5,0,25,0,0,7,173,39,0,0,24,3,3,0,4,3,28,0,0,35,312,0,FINAL (ENTRADA MANUAL)
36,72,2,0,0,0,0,0,0,0,0,0,0,0,0,0,0,0,0,0,0,0,0,0,0,0,0,0,0,0,0,0,0,0,0,FINAL (ENTRADA MANUAL)
36,72,3,886,284,0,85,144,1,1,6,840,406,30,15,88,1,2,25,788,272,0,13,74,14,10,3,25,8,0,0,7,200,1414,0,FINAL (ENTRADA MANUAL)
36,72,4,289,79,3,22,44,3,2,1,294,105,9,3,28,0,0,4,283,78,3,3,28,9,1,1,3,0,6,1,1,34,450,0,FINAL (ENTRADA MANUAL)
36,72,5,59,15,0,0,6,0,1,0,57,20,0,0,6,0,0,3,54,15,0,0,3,2,1,0,0,1,0,0,0,10,86,0,FINAL (ENTRADA MANUAL)
36,72,6,5,3,0,0,0,0,0,0,5,2,0,0,0,0,0,1,5,2,0,0,0,0,0,0,0,0,0,0,0,1,8,0,FINAL (ENTRADA MANUAL)
36,72,7,1,0,0,0,1,0,0,0,1,0,0,0,1,0,0,0,1,0,0,0,1,0,0,0,0,0,0,0,0,0,2,0,FINAL (ENTRADA MANUAL)
36,73,1,60,130,0,9,8,0,1,0,54,144,0,1,5,0,0,4,45,126,0,1,5,1,0,0,1,1,0,0,2,28,210,0,FINAL (ENTRADA MANUAL)
36,73,2,0,0,0,0,0,0,0,0,0,0,0,0,0,0,0,0,0,0,0,0,0,0,0,0,0,0,0,0,0,0,0,0,FINAL (ENTRADA MANUAL)
36,73,3,53,153,0,4,11,0,0,0,46,156,1,2,6,0,0,10,45,144,0,2,6,0,3,0,0,0,2,0,0,21,223,0,FINAL (ENTRADA MANUAL)
36,74,1,0,0,0,0,0,0,0,0,0,0,0,0,0,0,0,0,0,0,0,0,0,0,0,0,0,0,0,0,0,0,0,0,FINAL (ENTRADA MANUAL)
36,74,2,0,0,0,0,0,0,0,0,0,0,0,0,0,0,0,0,0,0,0,0,0,0,0,0,0,0,0,0,0,0,0,0,FINAL (ENTRADA MANUAL)
36,75,1,0,0,0,0,0,0,0,0,0,0,0,0,0,0,0,0,0,0,0,0,0,0,0,0,0,0,0,0,0,0,0,0,FINAL (ENTRADA MANUAL)
36,76,1,14,2,0,0,0,0,0,0,10,3,0,0,0,0,0,3,7,2,0,0,0,0,0,0,0,0,2,0,0,7,18,0,FINAL (ENTRADA MANUAL)
36,76,2,0,0,0,0,0,0,0,0,0,0,0,0,0,0,0,0,0,0,0,0,0,0,0,0,0,0,0,0,0,0,0,0,FINAL (ENTRADA MANUAL)
36,76,3,1,1,0,0,0,0,0,0,1,1,0,0,0,0,0,0,1,1,0,0,0,0,0,0,0,0,0,0,0,0,2,0,FINAL (ENTRADA MANUAL)
36,76,4,1,0,0,0,0,0,0,0,0,0,0,0,0,0,0,1,0,0,0,0,0,0,0,0,0,0,0,0,0,1,1,0,FINAL (ENTRADA MANUAL)
36,76,5,1,0,0,0,0,0,0,0,1,0,0,0,0,0,0,0,1,0,0,0,0,0,0,0,0,0,0,0,0,0,1,0,FINAL (ENTRADA MANUAL)
36,77,1,0,0,0,0,0,0,0,0,0,0,0,0,0,0,0,0,0,0,0,0,0,0,0,0,0,0,0,0,0,0,0,0,FINAL (ENTRADA MANUAL)
36,77,2,13,2,0,25,7,0,0,0,14,13,13,2,4,0,0,1,11,2,0,1,4,4,0,0,10,0,0,0,0,15,47,0,FINAL (ENTRADA MANUAL)
36,77,3,4,0,0,2,2,0,0,0,4,1,2,0,1,0,0,0,3,0,0,0,1,0,0,0,1,0,0,0,0,3,8,0,FINAL (ENTRADA MANUAL)
36,77,4,1,0,0,5,0,0,0,0,1,1,2,2,0,0,0,0,1,0,0,2,0,0,0,0,0,0,0,0,0,3,6,0,FINAL (ENTRADA MANUAL)
36,78,1,119,61,0,15,9,1,0,0,107,67,2,6,5,0,0,18,102,53,0,5,2,0,0,0,1,1,0,1,0,41,206,0,FINAL (ENTRADA MANUAL)
36,78,2,15,2,0,2,2,0,0,0,11,2,0,2,2,0,0,0,7,1,0,0,2,1,0,0,0,0,0,0,0,9,21,0,FINAL (ENTRADA MANUAL)
36,78,3,1,3,0,1,0,0,0,0,1,3,0,1,0,0,0,0,1,3,0,1,0,0,0,0,0,0,0,0,0,0,5,0,FINAL (ENTRADA MANUAL)
36,78,4,0,0,0,0,0,0,0,0,0,0,0,0,0,0,0,0,0,0,0,0,0,0,0,0,0,0,0,0,0,0,0,0,FINAL (ENTRADA MANUAL)
37,1,1,71,63,0,37,59,0,1,0,74,111,2,5,30,0,0,9,61,58,0,5,28,1,2,0,3,3,0,0,1,70,232,362,FINAL (ENTRADA MANUAL)
37,1,2,93,35,1,61,48,0,0,0,87,87,16,10,26,0,0,12,80,30,1,9,20,2,3,0,4,2,0,0,0,87,238,361,FINAL (ENTRADA MANUAL)
37,2,1,106,59,0,30,42,1,1,0,96,96,6,6,23,0,0,12,90,58,0,5,23,1,2,0,0,5,1,0,0,55,240,376,FINAL (ENTRADA MANUAL)
37,2,2,88,64,0,27,57,1,0,0,80,97,5,7,35,0,0,13,72,63,0,5,31,1,2,1,2,3,0,0,0,57,237,375,FINAL (ENTRADA MANUAL)
37,3,1,133,39,0,37,46,0,0,0,114,81,7,7,25,0,0,21,106,32,0,6,20,0,1,0,2,3,1,0,0,85,256,429,FINAL (ENTRADA MANUAL)
37,3,2,133,33,1,51,39,0,0,1,114,68,19,8,28,0,0,21,106,30,0,6,21,1,1,1,2,2,1,0,0,88,259,429,FINAL (ENTRADA MANUAL)
37,3,3,112,47,0,52,43,0,0,1,100,90,15,6,33,0,0,11,89,43,0,6,26,3,6,0,6,0,0,0,0,76,255,429,FINAL (ENTRADA MANUAL)
37,3,4,108,45,0,57,32,0,1,0,81,95,11,9,22,0,0,25,69,39,0,7,18,4,4,0,6,1,1,0,0,95,244,428,FINAL (ENTRADA MANUAL)
37,72,1,10,1,0,0,1,0,0,0,9,3,0,0,0,0,0,0,9,0,0,0,0,0,0,0,0,0,0,0,0,3,12,0,FINAL (ENTRADA MANUAL)
37,72,2,1,0,0,0,0,0,0,0,1,0,0,0,0,0,0,0,1,0,0,0,0,0,0,0,0,0,0,0,0,0,1,0,FINAL (ENTRADA MANUAL)
37,72,3,158,36,0,14,18,1,0,0,155,48,1,3,11,0,0,9,147,35,0,3,9,0,0,0,4,0,0,0,0,29,227,0,FINAL (ENTRADA MANUAL)
37,72,4,19,2,0,1,5,0,0,0,18,6,1,0,2,0,0,0,16,2,0,0,2,0,1,0,0,1,0,0,0,5,27,0,FINAL (ENTRADA MANUAL)
37,72,5,34,3,0,2,3,1,0,1,35,6,0,1,2,0,0,0,34,2,0,1,2,0,0,0,0,0,0,0,0,5,44,0,FINAL (ENTRADA MANUAL)
37,72,6,5,0,0,0,0,0,0,0,5,0,0,0,0,0,0,0,5,0,0,0,0,0,0,0,0,0,0,0,0,0,5,0,FINAL (ENTRADA MANUAL)
37,72,7,0,0,0,0,0,0,0,0,0,0,0,0,0,0,0,0,0,0,0,0,0,0,0,0,0,0,0,0,0,0,0,0,FINAL (ENTRADA MANUAL)
37,72,8,14,3,0,0,1,0,0,0,14,3,0,0,1,0,0,0,13,2,0,0,0,0,0,0,0,1,0,0,0,2,18,0,FINAL (ENTRADA MANUAL)
37,73,1,21,59,0,0,3,0,0,0,20,60,0,0,1,0,0,2,19,57,0,0,1,0,0,0,0,0,0,0,0,6,83,0,FINAL (ENTRADA MANUAL)
37,73,2,0,0,0,0,0,0,0,0,0,0,0,0,0,0,0,0,0,0,0,0,0,0,0,0,0,0,0,0,0,0,0,0,FINAL (ENTRADA MANUAL)
37,74,1,0,0,0,0,0,0,0,0,0,0,0,0,0,0,0,0,0,0,0,0,0,0,0,0,0,0,0,0,0,0,0,0,FINAL (ENTRADA MANUAL)
37,74,2,0,0,0,0,0,0,0,0,0,0,0,0,0,0,0,0,0,0,0,0,0,0,0,0,0,0,0,0,0,0,0,0,FINAL (ENTRADA MANUAL)
37,75,1,0,0,0,0,0,0,0,0,0,0,0,0,0,0,0,0,0,0,0,0,0,0,0,0,0,0,0,0,0,0,0,0,FINAL (ENTRADA MANUAL)
37,76,1,0,0,0,0,0,0,0,0,0,0,0,0,0,0,0,0,0,0,0,0,0,0,0,0,0,0,0,0,0,0,0,0,FINAL (ENTRADA MANUAL)
37,76,2,0,0,0,0,0,0,0,0,0,0,0,0,0,0,0,0,0,0,0,0,0,0,0,0,0,0,0,0,0,0,0,0,FINAL (ENTRADA MANUAL)
37,76,3,1,0,0,0,0,0,0,0,1,0,0,0,0,0,0,0,1,0,0,0,0,0,0,0,0,0,0,0,0,0,1,0,FINAL (ENTRADA MANUAL)
37,77,1,2,1,0,6,0,0,0,0,2,1,5,1,0,0,0,0,2,1,0,1,0,0,0,0,1,0,0,0,0,4,9,0,FINAL (ENTRADA MANUAL)
37,77,2,1,1,0,1,0,0,0,0,1,1,1,0,0,0,0,0,1,1,0,0,0,0,0,0,1,0,0,0,0,0,3,0,FINAL (ENTRADA MANUAL)
37,78,1,11,1,0,4,1,0,0,0,8,4,1,1,1,0,0,2,8,1,0,1,1,0,0,0,0,0,1,0,0,6,18,0,FINAL (ENTRADA MANUAL)
37,78,2,0,0,0,0,0,0,0,0,0,0,0,0,0,0,0,0,0,0,0,0,0,0,0,0,0,0,0,0,0,0,0,0,FINAL (ENTRADA MANUAL)
37,78,3,0,0,0,0,0,0,0,0,0,0,0,0,0,0,0,0,0,0,0,0,0,0,0,0,0,0,0,0,0,0,0,0,FINAL (ENTRADA MANUAL)
37,78,4,0,0,0,0,0,0,0,0,0,0,0,0,0,0,0,0,0,0,0,0,0,0,0,0,0,0,0,0,0,0,0,0,FINAL (ENTRADA MANUAL)
38,1,1,75,36,0,80,15,0,0,0,60,75,29,9,15,0,0,18,51,28,0,7,13,0,1,0,2,0,0,0,0,104,206,371,FINAL (ENTRADA MANUAL)
38,1,2,62,37,0,65,9,0,0,0,49,70,17,10,11,0,0,16,42,29,0,8,5,3,0,0,3,1,1,0,0,82,174,371,FINAL (ENTRADA MANUAL)
38,1,3,69,45,0,70,20,1,1,0,61,88,19,13,12,1,0,12,51,41,0,12,11,1,1,0,6,0,0,0,0,83,206,370,FINAL (ENTRADA MANUAL)
38,2,1,165,40,0,74,30,1,1,0,126,100,22,12,17,2,0,32,112,35,0,9,12,4,0,0,4,2,0,0,0,133,311,598,FINAL (ENTRADA MANUAL)
38,2,2,176,41,0,75,26,0,1,0,152,96,16,16,18,0,0,21,141,35,0,16,12,1,3,0,8,2,1,0,0,101,320,598,FINAL (ENTRADA MANUAL)
38,2,3,143,37,1,85,23,0,0,0,108,91,17,17,18,0,0,38,94,26,0,15,13,2,1,0,4,1,1,0,0,133,290,599,FINAL (ENTRADA MANUAL)
38,3,1,112,27,1,37,11,0,0,0,91,46,7,13,6,0,0,25,76,21,1,11,3,1,0,0,1,0,0,0,0,74,188,424,FINAL (ENTRADA MANUAL)
38,3,2,110,34,1,54,10,0,0,1,86,54,20,13,9,0,0,28,76,30,0,9,5,2,0,0,4,1,0,0,0,83,210,424,FINAL (ENTRADA MANUAL)
38,3,3,112,38,0,51,9,0,0,0,90,75,9,12,2,0,0,22,85,31,0,10,2,0,1,1,4,0,0,0,0,76,210,425,FINAL (ENTRADA MANUAL)
38,4,1,83,39,0,77,19,0,0,1,73,90,22,10,9,0,0,15,65,34,0,8,8,0,0,0,8,3,0,0,0,93,219,438,FINAL (ENTRADA MANUAL)
38,4,2,82,51,0,79,12,0,0,0,70,100,11,12,9,0,0,22,51,39,0,10,5,1,2,3,10,1,0,0,0,102,224,438,FINAL (ENTRADA MANUAL)
38,4,3,90,31,0,79,21,0,1,2,79,84,18,13,13,0,0,17,68,29,0,12,9,0,1,0,3,0,0,0,0,102,224,438,FINAL (ENTRADA MANUAL)
38,4,4,87,49,1,77,21,0,0,1,76,113,17,8,13,0,0,9,69,39,1,6,10,1,5,0,4,2,2,0,0,99,238,439,FINAL (ENTRADA MANUAL)
38,5,1,101,43,0,82,32,0,0,0,84,109,19,13,20,0,0,13,65,33,0,11,15,4,6,0,10,3,0,0,1,111,259,466,FINAL (ENTRADA MANUAL)
38,5,2,103,46,0,92,32,0,0,0,89,124,23,12,15,0,0,10,77,40,0,9,10,1,3,1,4,3,1,0,1,125,275,466,FINAL (ENTRADA MANUAL)
38,5,3,110,31,0,81,22,0,0,0,86,89,24,16,15,0,0,14,74,27,0,14,10,1,2,0,9,2,0,0,0,105,244,466,FINAL (ENTRADA MANUAL)
38,5,4,80,41,1,89,23,1,0,2,72,102,18,13,17,0,0,15,63,40,0,11,11,1,8,2,6,0,0,0,0,95,237,466,FINAL (ENTRADA MANUAL)
38,5,5,93,43,2,68,25,1,1,1,78,92,19,12,16,0,0,17,61,34,1,11,11,1,4,0,3,1,0,0,0,107,234,466,FINAL (ENTRADA MANUAL)
38,5,6,82,34,0,85,20,0,1,0,66,96,11,18,10,0,0,21,56,26,0,10,7,1,1,0,14,1,5,0,0,106,227,466,FINAL (ENTRADA MANUAL)
38,6,1,104,62,0,82,22,0,0,0,83,119,20,17,18,0,0,13,73,59,0,11,13,2,4,3,10,2,0,0,0,93,270,545,FINAL (ENTRADA MANUAL)
38,6,2,95,49,0,81,28,1,0,1,78,110,17,13,15,1,0,21,70,47,0,11,11,3,3,0,6,1,0,0,0,103,255,545,FINAL (ENTRADA MANUAL)
38,6,3,87,58,0,86,14,1,0,1,76,105,24,16,8,0,0,18,61,50,0,15,7,0,3,0,4,0,0,0,0,107,247,545,FINAL (ENTRADA MANUAL)
38,6,4,96,57,0,76,14,0,0,0,73,111,18,14,6,2,0,19,65,50,0,13,5,1,3,0,4,1,0,0,1,101,244,545,FINAL (ENTRADA MANUAL)
38,7,1,97,66,1,49,9,0,0,0,66,99,7,9,3,0,0,38,58,55,0,8,3,0,2,1,0,1,0,0,0,94,222,402,FINAL (ENTRADA MANUAL)
38,7,2,91,53,0,51,9,0,0,0,70,91,7,14,7,0,0,15,62,48,0,12,6,0,0,0,1,1,0,0,0,74,204,402,FINAL (ENTRADA MANUAL)
38,7,3,93,63,0,50,15,0,0,1,68,111,8,8,8,0,0,19,59,53,0,7,5,2,0,0,4,1,2,0,0,91,224,402,FINAL (ENTRADA MANUAL)
38,8,1,73,66,0,43,22,0,0,0,64,96,12,7,17,0,0,8,53,57,0,6,15,3,0,0,5,0,1,0,0,65,205,338,FINAL (ENTRADA MANUAL)
38,8,2,73,46,0,39,19,0,0,0,60,69,15,5,12,0,0,16,57,42,0,5,8,0,1,0,4,1,1,0,0,59,178,338,FINAL (ENTRADA MANUAL)
38,9,1,65,52,0,68,8,0,0,0,54,98,13,14,5,0,0,9,49,47,0,10,5,1,1,0,9,1,0,0,0,70,193,357,FINAL (ENTRADA MANUAL)
38,9,2,63,36,0,67,15,0,0,0,53,83,14,10,11,0,0,10,45,33,0,9,5,0,0,0,3,2,1,0,0,84,182,357,FINAL (ENTRADA MANUAL)
38,10,1,117,78,0,37,23,0,0,0,86,116,12,7,16,0,0,18,77,65,0,7,15,1,2,0,1,0,0,0,0,87,255,453,FINAL (ENTRADA MANUAL)
38,10,2,108,61,1,39,25,0,0,1,91,83,5,12,16,0,0,28,80,51,0,12,13,1,3,0,0,0,1,0,0,75,236,453,FINAL (ENTRADA MANUAL)
38,10,3,107,58,0,45,27,0,0,0,99,81,17,3,21,0,0,16,88,54,0,3,18,1,0,0,5,0,0,0,1,68,238,453,FINAL (ENTRADA MANUAL)
38,10,4,98,60,0,49,23,0,0,0,73,107,6,6,15,0,0,23,64,51,0,5,10,0,7,0,3,1,0,1,0,89,231,453,FINAL (ENTRADA MANUAL)
38,11,1,116,37,0,60,23,0,0,0,91,72,15,12,16,0,0,30,71,32,0,11,10,2,2,0,3,2,2,0,0,103,238,448,FINAL (ENTRADA MANUAL)
38,11,2,121,30,1,60,13,0,0,0,112,62,15,11,8,0,0,17,97,27,0,7,5,4,1,1,7,2,0,0,0,74,225,447,FINAL (ENTRADA MANUAL)
38,12,1,94,60,0,94,33,0,0,1,73,144,15,14,18,0,0,18,65,57,0,13,15,1,3,0,9,2,0,0,1,117,283,486,FINAL (ENTRADA MANUAL)
38,12,2,104,58,1,86,22,0,0,1,84,112,19,18,26,0,0,13,69,52,1,14,16,2,6,0,9,0,2,0,1,103,275,486,FINAL (ENTRADA MANUAL)
38,12,3,95,55,0,98,26,0,0,0,75,129,19,15,9,0,0,27,66,51,0,12,8,3,4,0,5,4,0,1,0,121,275,485,FINAL (ENTRADA MANUAL)
38,13,1,102,73,0,83,41,0,0,0,85,122,24,20,27,0,0,21,69,65,0,17,20,4,6,0,12,2,0,0,0,104,299,542,FINAL (ENTRADA MANUAL)
38,13,2,91,53,1,66,38,0,1,2,73,94,16,12,27,1,0,29,66,45,0,11,26,2,1,3,5,1,0,0,0,92,252,542,FINAL (ENTRADA MANUAL)
38,13,3,94,44,0,92,22,0,0,0,77,108,18,9,15,0,0,25,69,37,0,9,9,1,2,0,7,1,1,0,0,117,253,542,FINAL (ENTRADA MANUAL)
38,13,4,120,62,1,64,27,0,0,0,97,109,17,9,21,0,0,21,91,49,0,9,13,0,3,1,6,1,0,0,0,101,274,541,FINAL (ENTRADA MANUAL)
38,14,1,95,82,0,76,39,0,0,0,76,155,19,5,16,0,0,21,71,76,0,4,14,3,7,0,7,4,1,0,0,106,293,512,FINAL (ENTRADA MANUAL)
38,14,2,96,53,0,78,36,0,0,0,74,109,13,21,26,0,0,20,64,50,0,17,23,5,5,1,3,2,0,0,0,93,263,512,FINAL (ENTRADA MANUAL)
38,14,3,118,55,0,62,39,0,0,0,86,120,12,10,26,0,0,20,70,47,0,10,18,1,2,0,6,2,1,0,0,118,275,513,FINAL (ENTRADA MANUAL)
38,15,1,102,61,1,88,28,0,0,1,86,127,18,10,16,0,0,24,73,50,1,7,14,0,4,0,6,3,0,0,1,123,282,484,FINAL (ENTRADA MANUAL)
38,15,2,128,44,0,91,28,0,0,1,103,114,21,11,18,0,0,25,90,40,0,10,15,3,2,1,6,2,0,0,1,123,293,485,FINAL (ENTRADA MANUAL)
38,16,1,103,35,0,127,30,0,0,0,87,130,31,20,19,0,0,8,75,28,0,19,15,1,9,1,15,0,1,0,0,132,296,529,FINAL (ENTRADA MANUAL)
38,16,2,94,53,0,111,13,0,0,0,80,118,28,14,13,0,1,17,75,46,0,13,10,3,3,0,13,0,0,0,0,108,271,529,FINAL (ENTRADA MANUAL)
38,16,3,86,50,0,111,36,0,0,0,66,120,29,25,29,0,0,14,56,45,0,19,24,3,1,2,8,0,0,0,1,125,284,529,FINAL (ENTRADA MANUAL)
38,16,4,82,50,0,123,24,0,0,0,66,134,26,18,15,0,0,20,53,43,0,14,8,3,4,0,19,2,2,0,0,133,281,530,FINAL (ENTRADA MANUAL)
38,17,1,137,68,1,51,40,1,0,1,118,114,8,8,30,0,1,20,107,63,1,8,28,2,6,0,3,0,0,0,0,81,299,524,FINAL (ENTRADA MANUAL)
38,17,2,96,76,0,43,52,0,0,0,77,116,7,12,41,0,0,14,65,72,0,11,35,1,5,0,5,3,1,0,1,70,269,523,FINAL (ENTRADA MANUAL)
38,72,1,601,41,1,46,37,0,0,0,577,85,12,7,18,0,1,26,538,30,0,4,14,13,4,0,3,0,0,0,2,120,728,0,FINAL (ENTRADA MANUAL)
38,72,2,3,2,0,0,0,0,0,0,3,2,0,0,0,0,0,0,3,2,0,0,0,0,0,0,0,0,0,0,0,0,5,0,FINAL (ENTRADA MANUAL)
38,72,3,608,74,0,77,50,0,1,1,579,144,19,14,25,0,1,29,544,56,0,12,22,28,4,0,10,0,0,0,1,135,812,0,FINAL (ENTRADA MANUAL)
38,72,4,89,9,0,4,4,0,0,0,84,14,1,3,4,0,0,0,84,9,0,3,4,5,0,1,0,0,1,1,0,0,108,0,FINAL (ENTRADA MANUAL)
38,72,5,92,8,0,9,5,0,0,0,89,15,2,2,4,0,0,2,81,5,0,2,3,6,2,0,0,0,0,0,1,15,115,0,FINAL (ENTRADA MANUAL)
38,72,6,16,5,0,2,0,0,0,0,15,8,0,0,0,0,0,0,13,5,0,0,0,1,0,0,0,0,0,0,0,4,23,0,FINAL (ENTRADA MANUAL)
38,72,7,57,10,0,4,5,0,0,0,55,15,0,1,3,0,0,2,53,7,0,1,2,2,1,0,0,0,0,0,0,10,76,0,FINAL (ENTRADA MANUAL)
38,72,8,8,1,0,1,0,1,0,0,7,2,0,1,0,0,0,1,6,1,0,1,0,2,0,0,0,0,0,1,0,1,12,0,FINAL (ENTRADA MANUAL)
38,72,9,0,0,0,4,0,0,0,0,0,2,1,1,0,0,0,0,0,0,0,1,0,0,0,0,1,0,0,0,0,2,4,0,FINAL (ENTRADA MANUAL)
38,72,10,0,0,0,0,0,0,0,0,0,0,0,0,0,0,0,0,0,0,0,0,0,0,0,0,0,0,0,0,0,0,0,0,FINAL (ENTRADA MANUAL)
38,72,11,0,0,0,0,0,0,0,0,0,0,0,0,0,0,0,0,0,0,0,0,0,0,0,0,0,0,0,0,0,0,0,0,FINAL (ENTRADA MANUAL)
38,72,12,97,13,0,3,5,0,0,0,90,17,2,0,4,0,0,5,86,10,0,0,3,3,0,1,0,0,0,1,0,15,119,0,FINAL (ENTRADA MANUAL)
38,73,1,244,1285,3,118,70,0,3,4,192,1327,22,26,42,0,0,118,157,1183,3,25,32,15,11,0,5,4,0,0,0,292,1730,0,FINAL (ENTRADA MANUAL)
38,73,2,0,0,0,0,0,0,0,0,0,0,0,0,0,0,0,0,0,0,0,0,0,0,0,0,0,0,0,0,0,0,0,0,FINAL (ENTRADA MANUAL)
38,73,3,0,0,0,0,0,0,0,0,0,0,0,0,0,0,0,0,0,0,0,0,0,0,0,0,0,0,0,0,0,0,0,0,FINAL (ENTRADA MANUAL)
38,73,4,0,0,0,0,0,0,0,0,0,0,0,0,0,0,0,0,0,0,0,0,0,0,0,0,0,0,0,0,0,0,0,0,FINAL (ENTRADA MANUAL)
38,73,5,0,0,0,0,0,0,0,0,0,0,0,0,0,0,0,0,0,0,0,0,0,0,0,0,0,0,0,0,0,0,0,0,FINAL (ENTRADA MANUAL)
38,73,6,0,0,0,0,0,0,0,0,0,0,0,0,0,0,0,0,0,0,0,0,0,0,0,0,0,0,0,0,0,0,0,0,FINAL (ENTRADA MANUAL)
38,73,7,31,216,0,13,14,0,0,0,26,215,0,9,13,0,0,11,25,206,0,9,12,1,2,0,0,1,7,1,0,18,282,0,FINAL (ENTRADA MANUAL)
38,74,1,0,0,0,0,0,0,0,0,0,0,0,0,0,0,0,0,0,0,0,0,0,0,0,0,0,0,0,0,0,0,0,0,FINAL (ENTRADA MANUAL)
38,74,2,0,0,0,0,0,0,0,0,0,0,0,0,0,0,0,0,0,0,0,0,0,0,0,0,0,0,0,0,0,0,0,0,FINAL (ENTRADA MANUAL)
38,75,1,0,3,0,2,0,0,0,0,0,5,0,0,0,0,0,0,0,3,0,0,0,0,0,0,0,0,0,0,0,2,5,0,FINAL (ENTRADA MANUAL)
38,75,2,1,0,0,0,0,0,0,0,1,0,0,0,0,0,0,0,1,0,0,0,0,0,0,0,0,0,0,0,0,0,1,0,FINAL (ENTRADA MANUAL)
38,76,1,26,5,0,1,0,0,0,0,19,5,0,1,0,0,0,7,16,3,0,1,0,0,0,0,0,0,0,0,0,12,32,0,FINAL (ENTRADA MANUAL)
38,76,2,0,0,0,0,0,0,0,0,0,0,0,0,0,0,0,0,0,0,0,0,0,0,0,0,0,0,0,0,0,0,0,0,FINAL (ENTRADA MANUAL)
38,76,3,5,0,0,0,0,0,0,0,5,0,0,0,0,0,0,0,3,0,0,0,0,0,0,0,0,0,0,0,0,2,5,0,FINAL (ENTRADA MANUAL)
38,76,4,1,0,0,0,0,0,0,0,0,0,0,0,0,0,0,1,0,0,0,0,0,0,0,0,0,0,0,0,0,1,1,0,FINAL (ENTRADA MANUAL)
38,76,5,1,0,0,0,0,0,0,0,1,0,0,0,0,0,0,0,1,0,0,0,0,0,0,0,0,0,0,0,0,0,1,0,FINAL (ENTRADA MANUAL)
38,76,6,3,0,0,0,0,0,0,0,3,0,0,0,0,0,0,0,3,0,0,0,0,0,0,0,0,0,0,0,0,0,3,0,FINAL (ENTRADA MANUAL)
38,77,1,1,1,0,6,0,0,0,0,1,4,3,0,0,0,0,0,1,1,0,0,0,0,0,0,1,0,0,0,0,5,8,0,FINAL (ENTRADA MANUAL)
38,77,2,5,3,0,20,1,0,0,0,5,14,7,3,0,0,0,0,5,3,0,3,0,0,0,0,3,0,0,0,0,15,29,0,FINAL (ENTRADA MANUAL)
38,77,3,3,0,0,3,0,0,0,0,3,2,1,0,0,0,0,0,3,0,0,0,0,0,0,0,1,0,0,0,0,2,6,0,FINAL (ENTRADA MANUAL)
38,77,4,1,0,0,3,0,0,0,0,1,1,2,0,0,0,0,0,1,0,0,0,0,0,0,0,0,0,0,0,0,3,4,0,FINAL (ENTRADA MANUAL)
38,78,1,27,16,1,14,3,0,0,0,22,22,1,12,3,0,0,7,17,12,1,4,2,0,1,1,2,0,0,0,0,4,44,0,FINAL (ENTRADA MANUAL)
38,78,2,16,1,0,2,0,0,0,0,12,1,1,1,0,0,0,4,12,0,0,1,0,0,0,0,0,0,0,0,0,6,19,0,FINAL (ENTRADA MANUAL)
38,78,3,5,1,0,1,1,0,0,0,4,2,0,0,1,0,0,1,4,1,0,0,1,0,0,0,1,0,0,0,0,1,8,0,FINAL (ENTRADA MANUAL)
38,78,4,0,0,0,0,0,0,0,0,0,0,0,0,0,0,0,0,0,0,0,0,0,0,0,0,0,0,0,0,0,0,0,0,FINAL (ENTRADA MANUAL)
39,1,1,78,55,0,90,18,0,2,0,55,107,24,21,12,0,1,23,46,45,0,16,11,1,4,0,8,1,1,0,0,111,244,498,FINAL (ENTRADA MANUAL)
39,1,2,73,66,0,68,20,1,0,1,58,103,18,24,10,0,0,16,47,54,0,19,9,2,1,0,4,1,3,0,0,92,232,498,FINAL (ENTRADA MANUAL)
39,2,1,88,42,0,95,12,0,0,0,71,99,27,13,8,0,0,19,65,32,0,10,5,0,5,0,7,1,1,0,0,112,238,522,FINAL (ENTRADA MANUAL)
39,2,2,69,48,0,89,12,1,0,0,63,89,31,17,11,0,0,8,53,43,0,10,9,1,1,1,11,0,2,1,0,90,222,522,FINAL (ENTRADA MANUAL)
39,2,3,78,40,0,105,17,0,0,0,64,93,33,21,11,0,0,18,57,34,0,14,7,0,6,1,11,2,0,0,0,108,240,522,FINAL (ENTRADA MANUAL)
39,2,4,59,56,1,100,18,0,0,1,47,107,31,21,11,1,0,17,41,48,1,13,8,1,2,0,6,4,1,0,1,111,237,523,FINAL (ENTRADA MANUAL)
39,3,1,64,72,0,33,7,0,1,0,45,88,7,12,1,0,0,24,44,65,0,10,1,0,0,0,4,0,0,0,0,53,177,393,FINAL (ENTRADA MANUAL)
39,3,2,78,59,0,45,9,0,0,1,57,92,13,9,3,0,0,18,52,50,0,8,3,0,2,0,2,2,0,0,0,73,192,393,FINAL (ENTRADA MANUAL)
39,4,1,72,73,2,98,31,0,0,3,54,133,27,18,17,0,0,30,46,64,1,14,16,1,2,0,7,0,1,0,0,128,280,614,FINAL (ENTRADA MANUAL)
39,4,2,80,64,2,103,15,1,0,0,52,125,31,26,10,0,0,21,45,53,2,22,8,0,1,1,6,0,0,0,0,127,265,614,FINAL (ENTRADA MANUAL)
39,4,3,83,59,3,79,23,0,0,1,54,117,18,14,18,0,0,27,45,53,0,12,15,1,3,1,4,0,1,0,0,114,249,614,FINAL (ENTRADA MANUAL)
39,5,1,87,47,0,109,22,0,0,0,62,116,28,25,12,0,0,22,54,35,0,22,9,0,2,1,4,1,0,0,0,137,265,522,FINAL (ENTRADA MANUAL)
39,5,2,86,66,0,105,16,1,0,0,76,116,32,22,8,0,0,20,65,49,0,16,6,2,1,0,8,0,0,1,0,127,275,522,FINAL (ENTRADA MANUAL)
39,5,3,98,44,0,110,13,1,1,0,81,96,32,16,12,0,0,30,72,34,0,14,10,4,2,2,11,0,3,0,0,118,270,522,FINAL (ENTRADA MANUAL)
39,5,4,69,57,0,97,4,0,0,1,50,116,24,22,2,0,0,14,46,48,0,17,1,1,1,0,10,0,0,0,0,104,228,520,FINAL (ENTRADA MANUAL)
39,6,1,103,55,0,97,17,0,0,1,83,117,28,14,11,0,0,20,71,42,0,12,10,0,5,0,11,1,2,0,0,121,275,608,FINAL (ENTRADA MANUAL)
39,6,2,115,46,1,101,14,0,0,0,83,102,28,18,16,0,0,30,74,35,1,16,11,2,2,0,5,0,2,0,0,131,279,607,FINAL (ENTRADA MANUAL)
39,7,1,136,42,0,42,13,0,0,0,111,58,14,5,10,0,0,35,100,31,0,4,8,1,2,0,4,2,0,0,0,81,233,444,FINAL (ENTRADA MANUAL)
39,72,1,198,238,0,26,10,0,3,1,170,283,2,4,3,0,1,13,162,222,0,4,1,0,8,0,1,1,0,0,0,77,476,0,FINAL (ENTRADA MANUAL)
39,72,2,0,0,0,0,0,0,0,0,0,0,0,0,0,0,0,0,0,0,0,0,0,0,0,0,0,0,0,0,0,0,0,0,FINAL (ENTRADA MANUAL)
39,72,3,262,378,0,101,26,0,1,0,236,458,22,19,12,0,0,21,216,352,0,18,7,3,7,1,7,1,0,0,0,156,769,0,FINAL (ENTRADA MANUAL)
39,72,4,104,156,1,64,18,0,0,4,91,204,11,11,9,0,0,21,89,152,1,11,9,2,1,0,6,2,3,4,0,74,354,0,FINAL (ENTRADA MANUAL)
39,72,5,23,19,0,15,1,0,0,0,18,33,3,0,1,0,0,3,18,19,0,0,0,0,0,0,1,0,0,0,0,20,58,0,FINAL (ENTRADA MANUAL)
39,72,6,3,7,0,0,1,0,0,0,3,7,0,0,1,0,0,0,3,7,0,0,1,0,0,0,0,0,0,0,0,0,11,0,FINAL (ENTRADA MANUAL)
39,72,7,2,3,0,0,0,0,0,0,2,3,0,0,0,0,0,0,2,3,0,0,0,0,0,0,0,0,0,0,0,0,5,0,FINAL (ENTRADA MANUAL)
39,72,8,16,22,0,4,3,0,0,0,15,26,0,0,2,0,0,2,14,19,0,0,2,0,1,0,0,1,0,0,0,8,45,0,FINAL (ENTRADA MANUAL)
39,72,9,0,0,0,0,1,0,0,0,0,0,0,0,0,0,0,1,0,0,0,0,0,0,0,0,0,0,0,0,0,1,1,0,FINAL (ENTRADA MANUAL)
39,72,10,0,0,0,0,1,0,0,0,0,0,0,0,0,0,0,1,0,0,0,0,0,0,0,0,0,0,0,0,0,1,1,0,FINAL (ENTRADA MANUAL)
39,72,11,0,0,0,0,0,0,0,0,0,0,0,0,0,0,0,0,0,0,0,0,0,0,0,0,0,0,0,0,0,0,0,0,FINAL (ENTRADA MANUAL)
39,72,12,0,0,0,1,0,0,0,0,0,1,0,0,0,0,0,0,0,0,0,0,0,0,0,0,0,0,0,0,0,1,1,0,FINAL (ENTRADA MANUAL)
39,72,13,0,0,0,0,0,0,0,0,0,0,0,0,0,0,0,0,0,0,0,0,0,0,0,0,0,0,0,0,0,0,0,0,FINAL (ENTRADA MANUAL)
39,72,14,0,2,0,0,1,0,0,0,0,2,0,0,1,0,0,0,0,2,0,0,1,0,0,0,0,0,0,0,0,0,3,0,FINAL (ENTRADA MANUAL)
39,73,1,20,50,0,6,4,0,1,0,17,55,0,3,3,0,0,3,14,46,0,1,2,0,0,0,1,0,0,0,0,17,81,0,FINAL (ENTRADA MANUAL)
39,73,2,1,8,0,0,1,2,0,1,1,10,0,0,1,0,0,1,1,8,0,0,1,0,2,0,0,0,1,0,0,0,13,0,FINAL (ENTRADA MANUAL)
39,73,3,0,0,0,0,0,0,0,0,0,0,0,0,0,0,0,0,0,0,0,0,0,0,0,0,0,0,0,0,0,0,0,0,FINAL (ENTRADA MANUAL)
39,73,4,0,0,0,0,0,0,0,0,0,0,0,0,0,0,0,0,0,0,0,0,0,0,0,0,0,0,0,0,0,0,0,0,FINAL (ENTRADA MANUAL)
39,74,1,0,0,0,0,0,0,0,0,0,0,0,0,0,0,0,0,0,0,0,0,0,0,0,0,0,0,0,0,0,0,0,0,FINAL (ENTRADA MANUAL)
39,74,2,0,0,0,0,0,0,0,0,0,0,0,0,0,0,0,0,0,0,0,0,0,0,0,0,0,0,0,0,0,0,0,0,FINAL (ENTRADA MANUAL)
39,75,1,0,0,0,0,0,0,0,0,0,0,0,0,0,0,0,0,0,0,0,0,0,0,0,0,0,0,0,0,0,0,0,0,FINAL (ENTRADA MANUAL)
39,75,2,0,0,0,0,0,1,0,0,0,1,0,0,0,0,0,0,0,0,0,0,0,0,0,0,0,0,1,1,0,1,3,0,FINAL (ENTRADA MANUAL)
39,76,1,10,0,0,1,0,0,0,1,7,0,0,1,0,0,1,3,5,0,0,0,0,0,0,0,0,0,1,0,0,7,13,0,FINAL (ENTRADA MANUAL)
39,76,2,0,0,0,0,0,0,0,0,0,0,0,0,0,0,0,0,0,0,0,0,0,0,0,0,0,0,0,0,0,0,0,0,FINAL (ENTRADA MANUAL)
39,76,3,2,0,0,0,0,0,0,0,2,0,0,0,0,0,0,0,2,0,0,0,0,0,0,0,0,0,0,0,0,0,2,0,FINAL (ENTRADA MANUAL)
39,76,5,0,0,0,0,0,0,0,0,0,0,0,0,0,0,0,0,0,0,0,0,0,0,0,0,0,0,0,0,0,0,0,0,FINAL (ENTRADA MANUAL)
39,76,6,1,0,0,0,0,0,0,0,0,0,0,0,0,0,0,1,0,0,0,0,0,0,0,0,0,0,1,0,0,1,2,0,FINAL (ENTRADA MANUAL)
39,77,1,0,2,0,4,0,0,0,0,0,3,1,2,0,0,0,0,0,1,0,1,0,0,0,0,0,0,0,0,0,4,6,0,FINAL (ENTRADA MANUAL)
39,77,2,0,1,0,9,0,0,0,0,0,5,3,2,0,0,0,0,0,1,0,2,0,0,0,0,3,0,0,0,0,4,10,0,FINAL (ENTRADA MANUAL)
39,77,3,0,0,0,1,0,0,0,0,0,1,0,0,0,0,0,0,0,0,0,0,0,0,0,0,0,0,0,0,0,1,1,0,FINAL (ENTRADA MANUAL)
39,77,4,0,4,0,3,0,0,0,0,0,4,3,0,0,0,0,0,0,4,0,0,0,0,0,0,2,0,0,0,0,1,7,0,FINAL (ENTRADA MANUAL)
39,78,1,25,15,0,11,0,0,0,1,16,22,2,3,1,0,0,8,14,12,0,2,0,0,0,0,1,0,0,0,0,23,52,0,FINAL (ENTRADA MANUAL)
39,78,2,7,0,0,1,0,0,0,0,5,0,0,1,0,0,0,2,5,0,0,1,0,0,0,0,0,0,0,0,0,2,8,0,FINAL (ENTRADA MANUAL)
39,78,3,0,1,0,1,0,0,0,0,0,2,0,0,0,0,0,0,0,1,0,0,0,0,0,0,0,0,0,0,0,1,2,0,FINAL (ENTRADA MANUAL)
39,78,4,0,0,0,1,0,0,0,0,0,1,0,0,0,0,0,0,0,0,0,0,0,0,0,0,0,0,0,0,0,1,1,0,FINAL (ENTRADA MANUAL)
40,1,1,67,98,0,65,11,1,0,3,52,138,14,10,5,1,0,25,42,85,0,9,4,2,2,0,5,1,2,0,0,95,247,452,FINAL (ENTRADA MANUAL)
40,2,1,113,27,0,35,21,0,0,1,109,50,5,6,13,0,0,14,100,24,0,6,9,1,0,0,2,0,0,0,0,55,197,386,FINAL (ENTRADA MANUAL)
40,3,1,96,37,1,95,13,0,0,0,80,98,21,17,6,0,0,20,74,31,0,13,4,2,4,0,10,1,3,0,0,103,245,486,FINAL (ENTRADA MANUAL)
40,3,2,90,42,0,106,22,0,0,1,73,124,21,17,16,0,0,10,63,38,0,14,13,3,3,0,6,1,1,0,0,120,262,486,FINAL (ENTRADA MANUAL)
40,3,3,97,57,2,87,26,1,0,2,73,131,20,14,16,0,0,18,65,49,1,13,12,2,3,1,8,0,0,0,1,118,273,486,FINAL (ENTRADA MANUAL)
40,3,4,88,51,1,70,17,0,1,2,69,107,20,10,11,0,0,13,62,45,0,9,8,2,3,0,7,0,1,0,0,94,231,486,FINAL (ENTRADA MANUAL)
40,3,5,67,57,0,79,19,0,1,0,65,98,18,13,8,0,0,21,56,42,0,10,3,1,0,0,9,2,1,0,0,100,224,484,FINAL (ENTRADA MANUAL)
40,4,1,82,53,0,58,34,0,0,0,62,92,16,12,24,0,0,21,56,48,0,9,21,1,2,0,4,4,0,0,0,82,227,417,FINAL (ENTRADA MANUAL)
40,5,1,73,30,0,37,18,0,0,0,63,51,13,5,10,0,0,16,56,29,0,5,9,2,0,0,0,1,2,0,0,56,160,384,FINAL (ENTRADA MANUAL)
40,5,2,99,30,0,33,23,0,0,0,86,51,7,8,19,0,0,14,77,30,0,6,17,1,1,1,3,0,0,1,0,49,186,384,FINAL (ENTRADA MANUAL)
40,5,3,99,42,1,31,25,1,0,0,83,70,4,7,15,0,0,20,72,34,0,6,11,4,1,0,3,1,0,0,0,67,199,384,FINAL (ENTRADA MANUAL)
40,6,1,126,44,1,75,10,0,0,0,112,89,23,17,6,0,0,9,109,43,1,16,6,0,2,1,9,0,1,0,0,69,257,468,FINAL (ENTRADA MANUAL)
40,6,2,94,46,0,70,14,1,0,0,81,82,21,15,10,1,0,15,76,41,0,13,8,3,0,1,6,0,0,1,0,77,226,468,FINAL (ENTRADA MANUAL)
40,6,3,106,28,1,57,14,0,0,1,97,65,12,13,6,0,0,14,90,27,1,12,6,0,5,1,1,0,0,1,0,64,208,468,FINAL (ENTRADA MANUAL)
40,6,4,104,32,0,58,20,0,0,1,86,85,11,6,10,0,0,17,79,29,0,6,7,2,2,0,4,1,1,0,0,85,216,469,FINAL (ENTRADA MANUAL)
40,7,1,93,36,0,65,22,0,0,0,76,74,25,14,17,0,0,10,68,32,0,12,15,4,4,1,6,0,1,0,0,74,217,447,FINAL (ENTRADA MANUAL)
40,7,2,87,63,0,63,17,0,0,1,71,104,12,14,14,0,0,16,64,57,0,10,12,0,5,0,5,0,1,0,0,78,232,447,FINAL (ENTRADA MANUAL)
40,7,3,107,44,0,66,13,0,0,0,86,83,16,19,5,0,0,21,75,37,0,18,5,1,1,0,3,1,1,0,0,89,231,447,FINAL (ENTRADA MANUAL)
40,7,4,116,43,0,55,16,0,0,0,100,78,16,10,11,0,0,15,94,36,0,10,7,2,3,0,2,0,0,1,0,76,231,447,FINAL (ENTRADA MANUAL)
40,7,5,96,35,0,71,14,0,0,0,71,84,19,15,10,0,0,17,64,30,0,13,9,1,0,0,3,2,1,0,0,94,217,447,FINAL (ENTRADA MANUAL)
40,7,6,86,58,0,65,14,0,0,1,74,102,12,14,11,0,0,11,65,50,0,12,8,0,1,0,4,0,0,0,0,84,224,447,FINAL (ENTRADA MANUAL)
40,7,7,99,39,0,73,16,0,0,0,80,82,13,19,15,0,0,18,70,34,0,16,7,3,0,0,6,0,1,0,0,91,228,444,FINAL (ENTRADA MANUAL)
40,8,1,69,49,0,67,13,0,0,0,61,88,16,10,8,0,0,15,58,43,0,10,7,0,1,0,6,0,2,0,0,73,200,364,FINAL (ENTRADA MANUAL)
40,8,2,98,52,1,48,15,0,0,1,85,82,11,12,11,0,0,14,77,47,0,10,10,4,1,1,4,2,2,0,0,59,217,364,FINAL (ENTRADA MANUAL)
40,8,3,97,36,1,42,14,0,0,0,91,57,11,13,9,1,0,8,85,32,1,10,7,0,0,0,3,1,0,0,0,51,190,363,FINAL (ENTRADA MANUAL)
40,9,1,88,52,0,97,19,1,0,0,77,115,25,23,8,0,0,9,70,47,0,22,6,2,2,0,6,2,0,0,0,100,257,487,FINAL (ENTRADA MANUAL)
40,9,2,94,44,0,83,8,1,1,0,77,101,19,12,8,1,0,13,69,36,0,11,5,5,4,0,7,0,1,0,0,94,232,487,FINAL (ENTRADA MANUAL)
40,10,1,123,44,0,34,27,0,0,1,115,72,8,5,14,0,0,15,107,39,0,5,11,0,2,0,6,3,1,0,1,56,231,385,FINAL (ENTRADA MANUAL)
40,11,1,99,38,0,42,34,0,0,0,89,63,12,10,23,0,0,16,84,31,0,9,21,1,0,0,6,0,3,0,0,61,216,375,FINAL (ENTRADA MANUAL)
40,12,1,119,66,0,61,17,0,0,0,97,108,17,8,11,0,0,22,94,58,0,8,9,3,3,0,12,0,2,0,0,76,265,500,FINAL (ENTRADA MANUAL)
40,12,2,91,53,0,62,22,0,0,0,86,95,20,11,9,0,0,7,75,48,0,10,8,2,1,0,4,1,1,0,0,79,229,500,FINAL (ENTRADA MANUAL)
40,12,3,118,48,1,61,17,0,0,1,96,88,17,6,12,0,0,27,90,43,1,5,10,2,1,0,4,0,0,0,0,90,246,499,FINAL (ENTRADA MANUAL)
40,13,1,97,36,1,58,8,0,0,0,88,72,16,7,5,0,0,12,79,31,1,6,2,0,2,0,5,1,0,0,0,73,200,396,FINAL (ENTRADA MANUAL)
40,13,2,74,31,0,50,6,0,0,0,70,56,13,10,4,0,0,8,65,27,0,8,3,1,0,1,2,0,0,0,0,54,161,396,FINAL (ENTRADA MANUAL)
40,14,1,104,38,1,102,12,1,0,1,88,106,20,28,8,0,0,9,79,34,0,25,7,2,11,0,6,0,0,0,0,95,259,440,FINAL (ENTRADA MANUAL)
40,14,2,104,37,0,83,16,0,0,0,75,87,23,19,17,1,0,18,70,31,0,17,9,1,2,1,4,0,0,0,0,105,240,440,FINAL (ENTRADA MANUAL)
40,14,3,127,24,0,91,13,0,0,0,116,71,27,17,8,0,0,16,102,20,0,17,6,0,0,0,11,0,0,0,0,99,255,440,FINAL (ENTRADA MANUAL)
40,14,4,117,38,0,76,25,0,1,0,103,84,19,20,14,0,0,17,92,32,0,19,12,0,3,0,6,0,1,1,0,93,259,440,FINAL (ENTRADA MANUAL)
40,14,5,93,29,0,105,22,0,0,0,85,86,37,18,15,0,0,8,76,27,0,16,12,0,1,0,15,0,0,0,0,102,249,442,FINAL (ENTRADA MANUAL)
40,72,1,357,45,0,21,6,0,0,2,350,61,8,2,2,0,0,8,337,38,0,2,2,1,1,0,4,0,28,0,0,46,459,0,FINAL (ENTRADA MANUAL)
40,72,2,38,10,0,1,1,0,0,0,38,11,0,0,1,0,0,0,36,9,0,0,1,0,0,0,0,0,0,0,0,4,50,0,FINAL (ENTRADA MANUAL)
40,72,3,487,89,1,53,46,0,0,2,465,145,17,9,26,0,1,15,441,83,1,9,23,5,2,0,7,3,0,0,3,104,681,0,FINAL (ENTRADA MANUAL)
40,72,4,49,19,0,20,0,2,0,0,47,27,6,3,0,1,0,6,46,18,0,3,0,0,0,0,6,0,0,0,0,17,90,0,FINAL (ENTRADA MANUAL)
40,72,5,0,1,0,1,0,0,0,0,0,2,0,0,0,0,0,0,0,1,0,0,0,0,0,0,0,0,0,0,0,1,2,0,FINAL (ENTRADA MANUAL)
40,72,6,8,0,0,0,0,0,0,0,8,0,0,0,0,0,0,0,7,0,0,0,0,0,0,0,0,0,0,0,0,1,8,0,FINAL (ENTRADA MANUAL)
40,72,7,28,1,0,0,2,0,0,0,27,2,0,0,2,0,0,0,26,1,0,0,2,0,0,0,0,0,0,0,0,2,31,0,FINAL (ENTRADA MANUAL)
40,72,8,9,4,0,0,1,0,0,0,8,4,0,0,1,0,0,1,8,4,0,0,1,0,0,0,0,0,0,0,0,1,14,0,FINAL (ENTRADA MANUAL)
40,72,9,0,0,0,0,0,0,0,0,0,0,0,0,0,0,0,0,0,0,0,0,0,0,0,0,0,0,0,0,0,0,0,0,FINAL (ENTRADA MANUAL)
40,72,10,1,0,0,0,0,0,0,0,1,0,0,0,0,0,0,0,1,0,0,0,0,0,0,0,0,0,0,0,0,0,1,0,FINAL (ENTRADA MANUAL)
40,72,11,0,0,0,0,0,0,0,0,0,0,0,0,0,0,0,0,0,0,0,0,0,0,0,0,0,0,0,0,0,0,0,0,FINAL (ENTRADA MANUAL)
40,72,12,1,0,0,0,0,0,0,0,1,0,0,0,0,0,0,0,1,0,0,0,0,0,0,0,0,0,0,0,0,0,1,0,FINAL (ENTRADA MANUAL)
40,73,1,110,636,2,45,23,0,0,1,79,648,8,12,13,0,0,57,71,578,1,11,10,0,3,0,3,2,0,0,0,138,817,0,FINAL (ENTRADA MANUAL)
40,73,2,0,0,0,0,0,0,0,0,0,0,0,0,0,0,0,0,0,0,0,0,0,0,0,0,0,0,0,0,0,0,0,0,FINAL (ENTRADA MANUAL)
40,73,3,0,0,0,0,0,0,0,0,0,0,0,0,0,0,0,0,0,0,0,0,0,0,0,0,0,0,0,0,0,0,0,0,FINAL (ENTRADA MANUAL)
40,73,4,0,0,0,0,0,0,0,0,0,0,0,0,0,0,0,0,0,0,0,0,0,0,0,0,0,0,0,0,0,0,0,0,FINAL (ENTRADA MANUAL)
40,74,1,0,0,0,0,0,0,0,0,0,0,0,0,0,0,0,0,0,0,0,0,0,0,0,0,0,0,0,0,0,0,0,0,FINAL (ENTRADA MANUAL)
40,74,2,0,0,0,0,0,0,0,0,0,0,0,0,0,0,0,0,0,0,0,0,0,0,0,0,0,0,0,0,0,0,0,0,FINAL (ENTRADA MANUAL)
40,75,1,0,0,0,0,0,0,0,0,0,0,0,0,0,0,0,0,0,0,0,0,0,0,0,0,0,0,0,0,0,0,0,0,FINAL (ENTRADA MANUAL)
40,75,2,0,0,0,0,0,0,0,0,0,0,0,0,0,0,0,0,0,0,0,0,0,0,0,0,0,0,0,0,0,0,0,0,FINAL (ENTRADA MANUAL)
40,76,1,35,2,0,4,0,0,0,0,30,4,1,1,0,0,0,5,24,2,0,1,0,0,0,0,0,0,0,0,0,14,41,0,FINAL (ENTRADA MANUAL)
40,76,2,0,0,0,0,0,0,0,0,0,0,0,0,0,0,0,0,0,0,0,0,0,0,0,0,0,0,0,0,0,0,0,0,FINAL (ENTRADA MANUAL)
40,76,3,1,0,0,2,0,0,0,0,1,0,0,1,0,0,0,1,0,0,0,0,0,0,0,0,0,0,0,0,0,3,3,0,FINAL (ENTRADA MANUAL)
40,76,4,0,0,0,0,0,0,0,0,0,0,0,0,0,0,0,0,0,0,0,0,0,0,0,0,0,0,0,0,0,0,0,0,FINAL (ENTRADA MANUAL)
40,76,5,2,0,0,0,0,0,0,1,2,0,0,0,0,0,0,1,1,0,0,0,0,0,0,0,0,0,0,0,0,2,3,0,FINAL (ENTRADA MANUAL)
40,76,6,1,0,0,0,0,0,0,0,0,0,0,0,0,0,0,1,0,0,0,0,0,0,0,0,0,0,1,0,0,1,2,0,FINAL (ENTRADA MANUAL)
40,77,1,7,8,0,13,0,0,0,0,7,9,8,3,0,0,0,1,7,7,0,4,0,0,0,0,1,0,0,0,0,9,28,0,FINAL (ENTRADA MANUAL)
40,77,2,4,2,0,5,0,0,0,0,4,2,4,1,0,0,0,0,4,2,0,1,0,0,0,0,2,0,0,1,0,2,12,0,FINAL (ENTRADA MANUAL)
40,77,3,1,1,0,2,0,0,0,0,1,2,1,0,0,0,0,0,1,1,0,0,0,0,0,0,1,0,0,0,0,1,4,0,FINAL (ENTRADA MANUAL)
40,78,1,56,68,0,28,10,0,0,1,42,86,4,8,7,0,0,16,37,65,0,7,6,2,5,0,3,0,0,0,0,38,163,0,FINAL (ENTRADA MANUAL)
40,78,2,17,0,0,1,0,0,0,0,9,0,1,0,0,0,0,8,7,0,0,0,0,0,0,0,0,0,0,0,0,11,18,0,FINAL (ENTRADA MANUAL)
40,78,3,0,0,0,2,0,0,0,0,0,1,0,1,0,0,0,0,0,0,0,1,0,0,0,0,0,0,0,0,0,1,2,0,FINAL (ENTRADA MANUAL)
40,78,4,0,0,0,0,0,0,0,0,0,0,0,0,0,0,0,0,0,0,0,0,0,0,0,0,0,0,0,0,0,0,0,0,FINAL (ENTRADA MANUAL)
42,1,1,78,46,0,136,17,1,0,1,58,139,46,18,7,0,1,10,48,35,0,12,7,3,6,2,19,2,0,0,0,145,279,518,FINAL (ENTRADA MANUAL)
42,1,2,86,43,0,131,12,0,0,1,75,128,40,14,7,0,0,9,65,35,0,12,6,3,6,3,15,2,0,1,0,126,274,518,FINAL (ENTRADA MANUAL)
42,1,3,70,44,0,156,21,1,0,1,56,140,52,26,8,1,0,10,44,32,0,20,7,5,5,1,25,5,1,0,0,149,294,518,FINAL (ENTRADA MANUAL)
42,1,4,68,34,1,144,15,0,0,0,54,122,46,26,9,0,0,5,45,26,0,20,5,1,1,3,19,4,1,0,0,138,263,518,FINAL (ENTRADA MANUAL)
42,1,5,66,32,0,148,21,0,0,0,59,115,49,19,16,0,0,9,52,29,0,15,10,1,0,0,15,1,0,0,0,144,267,518,FINAL (ENTRADA MANUAL)
42,1,6,64,39,0,119,15,0,0,0,51,117,37,13,9,0,0,10,44,33,0,10,7,1,5,0,13,0,0,0,0,124,237,518,FINAL (ENTRADA MANUAL)
42,1,7,79,44,1,112,17,0,0,1,66,118,37,13,11,0,0,9,58,38,1,9,7,1,6,1,11,1,0,0,0,121,254,517,FINAL (ENTRADA MANUAL)
42,2,1,96,73,1,75,25,0,0,0,77,126,14,19,20,1,0,13,61,57,0,15,14,1,2,0,7,1,0,0,0,112,270,563,FINAL (ENTRADA MANUAL)
42,2,2,77,66,0,83,20,2,0,0,64,122,22,12,14,2,0,12,57,56,0,11,9,0,4,1,7,1,0,0,1,102,249,563,FINAL (ENTRADA MANUAL)
42,2,3,96,63,1,63,30,0,0,0,78,105,19,12,20,1,0,18,67,53,0,11,14,1,0,0,5,3,0,0,0,99,253,563,FINAL (ENTRADA MANUAL)
42,3,1,81,55,1,79,26,0,0,1,71,101,19,15,24,0,0,13,59,44,0,13,19,1,4,0,14,2,1,0,0,87,244,453,FINAL (ENTRADA MANUAL)
42,3,2,83,54,0,64,34,0,1,1,67,98,10,11,32,0,0,19,63,44,0,9,23,0,1,0,5,2,0,0,0,90,237,453,FINAL (ENTRADA MANUAL)
42,4,1,111,53,0,70,21,0,0,0,90,97,21,11,16,1,0,19,76,45,0,7,11,2,4,0,8,0,0,0,1,102,256,489,FINAL (ENTRADA MANUAL)
42,4,2,89,58,2,80,17,0,0,2,74,105,17,11,18,0,0,23,63,45,1,11,12,0,5,0,13,0,0,0,0,98,248,489,FINAL (ENTRADA MANUAL)
42,4,3,86,58,0,90,19,0,0,3,71,111,33,12,12,0,0,17,58,54,0,11,10,1,3,0,17,0,1,0,0,102,257,489,FINAL (ENTRADA MANUAL)
42,4,4,81,59,0,71,33,1,0,0,70,105,20,13,25,0,0,12,61,48,0,12,19,0,2,1,9,0,0,0,2,93,247,489,FINAL (ENTRADA MANUAL)
42,4,5,75,53,0,86,25,0,0,1,66,107,22,15,16,0,0,14,50,48,0,14,12,0,3,1,12,1,1,0,0,99,241,490,FINAL (ENTRADA MANUAL)
42,5,1,88,66,1,96,19,0,2,2,69,120,28,21,16,0,0,20,56,53,0,20,11,1,1,0,7,0,1,1,0,125,276,521,FINAL (ENTRADA MANUAL)
42,5,2,77,64,0,83,18,0,0,0,62,106,22,15,15,0,0,22,49,53,0,14,11,0,3,1,8,0,0,0,0,103,242,521,FINAL (ENTRADA MANUAL)
42,5,3,85,87,0,72,21,0,0,0,61,129,24,17,15,0,0,19,55,75,0,16,10,1,3,3,9,1,0,0,0,92,265,521,FINAL (ENTRADA MANUAL)
42,6,1,51,49,0,71,16,0,0,2,44,93,12,17,14,0,0,9,39,40,0,14,11,0,2,1,1,0,1,0,0,81,190,392,FINAL (ENTRADA MANUAL)
42,6,2,39,48,0,67,11,0,0,0,30,80,20,10,11,0,0,14,26,37,0,8,9,0,2,0,10,0,0,0,0,73,165,393,FINAL (ENTRADA MANUAL)
42,7,1,81,37,0,99,15,0,0,0,67,111,28,10,11,0,0,5,53,30,0,10,10,1,3,0,20,1,0,0,1,104,233,490,FINAL (ENTRADA MANUAL)
42,7,2,76,34,0,109,15,1,0,0,61,102,41,13,9,0,0,9,54,30,0,10,7,2,3,0,11,2,0,0,0,116,235,490,FINAL (ENTRADA MANUAL)
42,7,3,61,37,0,128,18,1,0,0,53,122,37,14,9,0,0,10,41,27,0,11,8,1,6,1,16,1,0,0,0,133,245,490,FINAL (ENTRADA MANUAL)
42,7,4,98,27,1,121,9,0,0,0,80,98,38,24,7,0,0,9,66,24,1,20,4,2,6,0,13,1,0,0,0,119,256,490,FINAL (ENTRADA MANUAL)
42,7,5,95,23,0,110,14,0,0,0,69,110,32,14,11,0,0,6,57,15,0,10,9,6,6,1,12,1,0,0,0,125,242,490,FINAL (ENTRADA MANUAL)
42,8,1,77,52,0,76,15,1,0,0,60,94,18,11,12,0,0,26,52,40,0,11,9,1,1,1,3,0,1,0,0,103,222,440,FINAL (ENTRADA MANUAL)
42,8,2,84,46,0,71,16,0,0,0,63,92,22,11,12,0,0,17,58,36,0,9,11,1,4,0,7,1,3,0,0,90,220,440,FINAL (ENTRADA MANUAL)
42,8,3,72,45,1,77,15,0,0,0,61,86,18,16,13,0,0,16,51,38,1,16,9,0,1,1,6,1,1,0,0,86,211,440,FINAL (ENTRADA MANUAL)
42,8,4,65,47,0,76,11,0,0,1,55,90,15,17,11,0,0,12,45,40,0,16,10,0,2,1,7,0,3,0,0,79,203,442,FINAL (ENTRADA MANUAL)
42,9,1,107,62,0,87,9,0,0,2,85,107,31,12,9,0,0,23,76,46,0,9,8,0,0,0,5,0,0,0,0,123,267,570,FINAL (ENTRADA MANUAL)
42,9,2,92,59,0,101,18,1,0,0,69,129,25,17,9,1,0,21,62,52,0,12,6,1,5,0,8,1,1,0,0,124,272,570,FINAL (ENTRADA MANUAL)
42,9,3,86,49,0,83,13,0,1,0,77,97,23,13,8,0,0,14,68,39,0,11,5,0,2,1,7,1,2,0,0,98,234,570,FINAL (ENTRADA MANUAL)
42,9,4,72,58,1,114,9,1,0,0,59,113,38,19,6,0,0,20,50,46,0,18,6,0,1,1,15,0,0,0,0,118,255,570,FINAL (ENTRADA MANUAL)
42,9,5,92,54,0,116,12,0,1,3,74,116,38,23,11,0,0,16,63,48,0,19,8,3,3,0,15,0,2,0,0,119,280,570,FINAL (ENTRADA MANUAL)
42,10,1,55,32,1,64,7,0,0,0,40,63,19,18,8,0,0,11,31,27,1,14,4,2,3,2,4,0,0,0,0,71,159,453,FINAL (ENTRADA MANUAL)
42,10,2,87,55,2,72,8,1,0,1,70,100,20,10,12,1,0,13,59,44,0,8,5,1,1,1,9,0,1,0,0,98,227,453,FINAL (ENTRADA MANUAL)
42,11,1,78,57,0,116,4,0,0,0,63,119,25,21,4,0,0,23,57,46,0,21,2,3,5,2,11,2,1,1,1,106,258,473,FINAL (ENTRADA MANUAL)
42,11,2,67,76,0,111,11,0,0,0,55,163,15,16,4,0,0,12,47,63,0,15,4,0,6,0,14,2,1,0,0,114,266,473,FINAL (ENTRADA MANUAL)
42,11,3,81,44,1,88,10,0,0,1,63,111,13,16,5,0,0,17,58,37,1,14,5,1,3,1,6,1,1,0,0,98,226,473,FINAL (ENTRADA MANUAL)
42,11,4,80,52,0,89,11,0,0,0,60,111,20,9,9,1,0,22,52,42,0,9,4,0,4,1,5,0,0,0,0,115,232,474,FINAL (ENTRADA MANUAL)
42,12,1,108,53,1,65,19,2,0,0,101,88,15,12,16,0,1,15,85,43,0,11,14,2,2,0,4,0,1,0,0,87,249,510,FINAL (ENTRADA MANUAL)
42,12,2,65,54,1,53,14,0,0,0,53,83,15,11,11,0,0,14,37,48,1,10,9,1,0,0,3,0,1,1,0,78,189,511,FINAL (ENTRADA MANUAL)
42,13,1,57,42,0,70,3,0,0,0,46,83,17,10,6,0,0,10,42,33,0,6,2,0,0,0,9,0,0,0,0,80,172,330,FINAL (ENTRADA MANUAL)
42,13,2,55,60,0,63,8,0,0,0,38,110,13,8,6,0,0,11,36,52,0,7,4,3,2,0,2,0,0,0,0,80,186,329,FINAL (ENTRADA MANUAL)
42,14,1,75,43,0,92,6,0,0,1,52,87,32,21,7,0,0,18,50,37,0,18,3,1,2,2,8,0,2,0,1,96,220,524,FINAL (ENTRADA MANUAL)
42,14,2,63,45,0,102,9,0,0,1,45,97,33,20,7,0,0,18,40,43,0,18,6,3,2,2,13,0,0,1,0,93,221,524,FINAL (ENTRADA MANUAL)
42,14,3,69,38,0,87,9,0,1,1,63,87,26,16,7,0,0,6,52,33,0,15,6,1,2,1,6,0,1,0,0,89,206,524,FINAL (ENTRADA MANUAL)
42,14,4,68,52,2,106,13,0,0,0,56,111,28,18,12,1,0,15,49,45,1,16,9,0,2,2,13,1,0,0,0,103,241,526,FINAL (ENTRADA MANUAL)
42,15,1,88,48,0,88,11,0,0,0,60,96,29,24,11,0,0,15,54,42,0,19,10,3,0,2,10,0,0,0,0,95,235,578,FINAL (ENTRADA MANUAL)
42,15,2,78,55,0,78,11,0,0,0,65,89,20,23,10,0,0,15,58,48,0,23,5,1,0,0,6,0,0,0,0,81,222,578,FINAL (ENTRADA MANUAL)
42,15,3,65,38,1,77,15,0,0,0,40,99,19,10,12,0,0,16,33,34,1,10,9,0,1,1,7,0,0,0,0,100,196,578,FINAL (ENTRADA MANUAL)
42,15,4,68,35,0,53,7,0,0,0,53,64,15,14,4,0,0,13,48,28,0,13,3,0,0,0,1,0,1,1,1,70,163,578,FINAL (ENTRADA MANUAL)
42,15,5,86,59,0,79,17,0,1,1,62,106,19,16,14,0,0,26,61,55,0,14,12,1,1,1,9,0,0,1,1,89,245,578,FINAL (ENTRADA MANUAL)
42,16,1,106,54,0,106,6,0,0,1,89,102,27,27,7,0,0,21,80,42,0,25,4,3,1,0,10,0,0,0,0,108,273,554,FINAL (ENTRADA MANUAL)
42,16,2,92,40,1,107,8,0,2,1,72,100,33,15,9,0,0,22,59,29,0,12,4,2,0,1,11,0,2,0,1,133,254,554,FINAL (ENTRADA MANUAL)
42,16,3,93,62,0,75,17,0,0,1,72,102,26,12,13,0,0,23,62,51,0,11,8,1,4,4,10,1,0,1,0,96,249,554,FINAL (ENTRADA MANUAL)
42,16,4,77,51,0,89,20,0,0,2,58,94,23,23,15,0,0,26,49,44,0,20,11,0,0,2,16,1,1,1,0,96,241,554,FINAL (ENTRADA MANUAL)
42,17,1,65,59,0,94,10,0,0,0,50,120,26,15,9,0,0,8,45,47,0,15,7,1,4,0,10,1,2,0,0,98,230,482,FINAL (ENTRADA MANUAL)
42,17,2,63,64,0,69,13,0,0,0,54,99,15,16,14,0,0,11,48,49,0,16,6,0,4,0,8,0,0,1,0,78,210,482,FINAL (ENTRADA MANUAL)
42,17,3,84,50,0,73,15,0,0,0,65,88,26,17,15,0,0,11,55,37,0,15,10,1,1,0,4,0,2,0,0,99,224,482,FINAL (ENTRADA MANUAL)
42,17,4,60,50,0,70,10,0,1,2,47,92,20,12,7,0,0,15,43,38,0,8,5,0,2,0,10,0,1,0,0,87,194,483,FINAL (ENTRADA MANUAL)
42,18,1,76,66,0,73,9,0,0,0,59,114,16,14,3,0,0,18,51,51,0,10,3,2,0,0,5,1,0,0,1,101,225,420,FINAL (ENTRADA MANUAL)
42,18,2,75,50,0,71,14,2,0,0,65,96,9,20,7,0,0,15,56,38,0,17,7,1,0,1,7,0,2,0,0,85,214,420,FINAL (ENTRADA MANUAL)
42,18,3,58,56,2,79,12,0,0,0,50,99,18,14,13,0,0,13,40,45,2,13,9,1,2,1,6,0,0,0,0,88,207,421,FINAL (ENTRADA MANUAL)
42,19,1,87,45,0,127,9,1,0,0,71,110,35,16,8,1,0,28,67,33,0,14,4,1,2,1,12,1,0,0,0,134,269,519,FINAL (ENTRADA MANUAL)
42,19,2,86,46,0,111,13,1,0,0,70,111,22,26,10,0,0,18,56,40,0,24,9,0,6,0,10,0,0,0,0,112,257,519,FINAL (ENTRADA MANUAL)
42,19,3,68,52,0,105,12,0,1,0,54,115,30,16,11,0,0,12,44,40,0,12,8,2,3,0,10,0,1,0,0,119,239,519,FINAL (ENTRADA MANUAL)
42,19,4,69,41,0,114,17,0,1,0,55,116,23,25,9,0,1,13,40,32,0,21,8,2,8,0,9,0,2,0,0,122,244,519,FINAL (ENTRADA MANUAL)
42,19,5,83,51,0,102,11,0,1,1,63,125,24,23,5,0,0,9,52,38,0,18,5,2,3,0,12,0,0,0,0,119,249,521,FINAL (ENTRADA MANUAL)
42,20,1,85,67,0,78,24,1,1,1,68,114,23,8,19,1,1,23,62,56,0,7,13,1,2,2,9,2,1,0,0,103,258,496,FINAL (ENTRADA MANUAL)
42,20,2,84,53,0,87,25,0,0,0,68,108,28,13,16,0,1,15,60,45,0,13,13,2,2,0,9,1,0,0,0,104,249,496,FINAL (ENTRADA MANUAL)
42,20,3,72,58,0,86,17,0,0,3,58,108,19,14,14,0,0,23,52,50,0,13,10,0,4,1,7,1,3,0,0,98,239,496,FINAL (ENTRADA MANUAL)
42,20,4,90,61,0,88,19,0,0,1,71,120,25,16,14,0,0,13,61,52,0,11,10,3,3,0,8,2,1,0,0,109,260,494,FINAL (ENTRADA MANUAL)
42,21,1,77,51,0,125,18,0,0,0,62,137,39,10,15,0,0,8,53,45,0,9,14,0,5,1,14,0,0,0,0,130,271,514,FINAL (ENTRADA MANUAL)
42,21,2,69,42,1,100,19,0,0,0,48,116,28,14,13,1,0,11,43,40,1,12,10,1,2,2,8,2,0,0,0,110,231,514,FINAL (ENTRADA MANUAL)
42,21,3,55,35,0,100,13,0,0,0,48,94,29,21,8,0,0,3,43,31,0,20,7,1,5,1,6,0,1,0,0,89,204,514,FINAL (ENTRADA MANUAL)
42,21,4,77,40,0,127,27,0,1,0,55,130,33,23,20,0,0,11,45,27,0,21,17,2,4,0,8,1,0,0,0,147,272,514,FINAL (ENTRADA MANUAL)
42,21,5,88,53,1,120,15,1,0,1,64,137,33,23,11,0,0,11,51,46,1,21,10,2,2,0,5,0,0,0,1,141,280,514,FINAL (ENTRADA MANUAL)
42,21,6,71,55,1,128,25,0,0,0,58,122,58,15,16,0,0,11,46,44,1,13,14,0,3,1,14,1,0,0,0,143,280,517,FINAL (ENTRADA MANUAL)
42,22,1,70,29,0,48,28,0,0,1,63,62,18,7,15,0,0,11,55,22,0,6,11,1,1,0,7,2,2,0,1,71,179,289,FINAL (ENTRADA MANUAL)
42,22,2,62,33,0,40,14,0,0,1,56,52,13,8,11,0,0,10,47,27,0,7,8,0,4,2,5,0,1,0,1,50,152,289,FINAL (ENTRADA MANUAL)
42,23,1,74,25,2,78,16,1,0,0,63,82,27,10,9,0,0,5,50,21,1,7,5,3,1,0,11,0,0,0,1,97,197,297,FINAL (ENTRADA MANUAL)
42,23,2,68,37,0,74,16,0,0,1,54,87,23,11,14,0,0,7,50,29,0,6,7,1,3,0,5,1,1,0,0,94,197,297,FINAL (ENTRADA MANUAL)
42,72,1,711,458,1,160,40,2,0,5,668,572,61,13,24,1,1,37,611,410,1,13,17,10,8,4,31,1,0,0,0,271,1377,0,FINAL (ENTRADA MANUAL)
42,72,2,13,8,0,60,1,0,0,0,11,22,23,23,1,0,0,2,8,3,0,6,0,1,4,0,16,0,0,0,2,44,82,0,FINAL (ENTRADA MANUAL)
42,72,3,134,121,1,57,11,0,2,1,121,169,17,7,3,1,0,9,115,116,0,6,2,1,5,2,8,3,0,0,1,69,328,0,FINAL (ENTRADA MANUAL)
42,72,4,16,22,0,11,1,0,0,0,17,25,5,1,0,0,0,2,14,20,0,1,0,0,1,1,2,1,3,1,0,10,54,0,FINAL (ENTRADA MANUAL)
42,72,5,222,140,0,80,22,1,0,1,198,216,11,12,12,0,0,17,175,129,0,10,12,6,8,1,11,2,0,0,5,112,471,0,FINAL (ENTRADA MANUAL)
42,72,6,66,60,0,27,13,1,0,0,58,87,8,2,7,0,0,5,54,59,0,2,7,3,6,3,8,2,2,1,0,23,170,0,FINAL (ENTRADA MANUAL)
42,72,7,199,183,1,55,18,0,0,0,186,224,15,7,13,0,0,11,175,173,0,6,9,3,1,0,8,1,0,0,2,80,458,0,FINAL (ENTRADA MANUAL)
42,72,8,67,51,0,18,9,1,1,0,57,76,5,4,3,0,0,2,52,47,0,4,3,1,5,0,4,1,0,1,0,29,147,0,FINAL (ENTRADA MANUAL)
42,72,9,279,236,1,92,24,0,2,0,255,306,28,17,14,0,0,14,235,225,1,15,11,9,11,1,9,0,0,1,0,117,635,0,FINAL (ENTRADA MANUAL)
42,72,10,56,53,0,19,8,0,0,0,55,65,6,4,3,0,0,3,52,52,0,4,3,1,2,1,1,0,5,1,0,20,142,0,FINAL (ENTRADA MANUAL)
42,72,11,16,12,0,4,1,0,0,0,15,16,0,0,0,0,0,2,15,11,0,0,0,0,0,0,0,0,0,0,0,7,33,0,FINAL (ENTRADA MANUAL)
42,72,12,0,1,0,1,1,0,0,0,0,3,0,0,0,0,0,0,0,1,0,0,0,0,0,0,1,1,1,0,0,0,4,0,FINAL (ENTRADA MANUAL)
42,72,13,0,0,0,0,0,0,0,0,0,0,0,0,0,0,0,0,0,0,0,0,0,0,0,0,0,0,0,0,0,0,0,0,FINAL (ENTRADA MANUAL)
42,72,14,11,12,0,6,0,0,0,0,12,13,1,1,0,0,0,1,10,11,0,1,0,0,1,0,0,0,1,0,0,5,29,0,FINAL (ENTRADA MANUAL)
42,72,15,49,16,0,6,0,0,0,0,46,21,1,1,0,0,0,2,42,14,0,0,0,0,1,0,0,0,0,0,0,14,71,0,FINAL (ENTRADA MANUAL)
42,72,16,19,9,0,0,0,0,0,0,16,11,0,0,0,0,0,1,14,9,0,0,0,1,0,0,0,0,0,0,0,4,28,0,FINAL (ENTRADA MANUAL)
42,72,17,19,12,0,8,3,0,0,0,15,18,2,1,1,0,0,5,13,11,0,1,1,0,1,0,0,0,0,0,0,15,42,0,FINAL (ENTRADA MANUAL)
42,72,18,113,67,0,16,5,0,0,0,102,79,7,4,6,0,0,3,99,62,0,4,5,3,4,0,5,0,5,0,0,19,206,0,FINAL (ENTRADA MANUAL)
42,72,19,56,47,0,12,6,0,0,0,51,57,4,3,5,0,0,1,47,45,0,3,2,4,0,1,1,0,0,0,0,18,121,0,FINAL (ENTRADA MANUAL)
42,72,20,5,2,0,1,0,0,0,0,5,2,1,0,0,0,0,0,5,2,0,0,0,0,0,0,1,0,0,0,0,0,8,0,FINAL (ENTRADA MANUAL)
42,73,1,114,378,0,58,10,0,1,2,77,404,12,16,7,0,0,47,67,336,0,11,5,0,3,0,6,2,0,0,0,133,563,0,FINAL (ENTRADA MANUAL)
42,73,2,0,0,0,0,0,0,0,0,0,0,0,0,0,0,0,0,0,0,0,0,0,0,0,0,0,0,0,0,0,0,0,0,FINAL (ENTRADA MANUAL)
42,73,3,3,9,0,0,0,1,1,0,2,10,0,0,0,0,0,2,2,8,0,0,0,0,1,0,0,0,2,0,0,3,16,0,FINAL (ENTRADA MANUAL)
42,74,1,0,0,0,1,0,0,0,0,0,1,0,0,0,0,0,0,0,0,0,0,0,0,0,0,0,0,0,0,0,1,1,0,FINAL (ENTRADA MANUAL)
42,74,2,0,0,0,0,0,0,0,0,0,0,0,0,0,0,0,0,0,0,0,0,0,0,0,0,0,0,0,0,0,0,0,0,FINAL (ENTRADA MANUAL)
42,75,1,2,2,0,1,0,1,0,0,3,2,1,0,0,0,0,0,2,2,0,0,0,1,0,0,0,0,1,0,0,1,7,0,FINAL (ENTRADA MANUAL)
42,76,1,142,14,1,7,0,0,1,2,117,11,2,2,2,0,0,33,102,6,1,1,0,2,1,0,0,0,0,1,0,54,168,0,FINAL (ENTRADA MANUAL)
42,76,2,1,0,0,0,0,0,0,0,0,1,0,0,0,0,0,0,0,0,0,0,0,0,1,0,0,0,0,0,0,0,1,0,FINAL (ENTRADA MANUAL)
42,76,3,20,1,0,3,0,0,0,0,15,4,0,0,0,0,0,5,10,1,0,0,0,0,0,0,0,0,0,0,0,13,24,0,FINAL (ENTRADA MANUAL)
42,76,4,0,0,0,0,0,0,0,0,0,0,0,0,0,0,0,0,0,0,0,0,0,0,0,0,0,0,0,0,0,0,0,0,FINAL (ENTRADA MANUAL)
42,76,5,24,0,0,2,0,0,0,0,17,1,0,0,0,0,0,8,14,0,0,0,0,0,0,0,0,0,0,0,0,12,26,0,FINAL (ENTRADA MANUAL)
42,76,6,2,0,0,0,0,0,0,0,2,0,0,0,0,0,0,0,2,0,0,0,0,0,0,0,0,0,1,0,0,0,3,0,FINAL (ENTRADA MANUAL)
42,77,1,6,5,0,21,4,0,0,0,6,13,13,2,1,0,0,1,6,5,0,2,1,0,0,0,9,0,0,0,0,13,36,0,FINAL (ENTRADA MANUAL)
42,77,2,4,3,0,9,0,0,0,0,5,6,2,2,0,0,0,1,4,3,0,2,0,0,0,0,1,0,0,0,0,6,16,0,FINAL (ENTRADA MANUAL)
42,77,3,1,0,0,11,1,0,0,0,1,2,7,2,1,0,0,0,1,0,0,2,1,0,0,0,0,0,0,0,0,9,13,0,FINAL (ENTRADA MANUAL)
42,78,1,113,62,0,48,6,0,2,0,88,79,17,13,5,0,0,28,78,50,0,12,3,1,2,0,3,1,0,1,1,80,232,0,FINAL (ENTRADA MANUAL)
42,78,2,53,6,0,8,1,0,1,2,39,7,2,6,1,0,0,16,31,3,0,6,1,0,0,0,0,0,1,0,1,30,73,0,FINAL (ENTRADA MANUAL)
42,78,3,7,5,0,4,1,0,0,0,6,9,1,0,0,0,0,1,6,3,0,0,0,0,0,0,0,0,0,0,0,8,17,0,FINAL (ENTRADA MANUAL)
42,78,4,0,0,0,0,0,0,0,0,0,0,0,0,0,0,0,0,0,0,0,0,0,0,0,0,0,0,0,0,0,0,0,0,FINAL (ENTRADA MANUAL)
43,1,1,61,47,0,75,13,1,0,0,55,90,15,16,7,0,1,13,49,39,0,16,5,1,3,1,6,5,2,0,0,72,199,402,FINAL (ENTRADA MANUAL)
43,1,2,81,40,0,77,5,0,0,2,65,79,23,16,5,1,0,16,52,29,0,14,2,4,0,0,4,0,0,0,0,100,205,402,FINAL (ENTRADA MANUAL)
43,1,3,77,46,0,63,15,1,0,2,65,84,20,9,8,0,0,18,59,38,0,7,8,0,1,0,5,0,1,0,0,86,205,403,FINAL (ENTRADA MANUAL)
43,2,1,88,42,0,82,18,1,0,0,68,99,16,19,13,1,0,15,62,36,0,18,11,1,1,1,6,1,2,0,0,94,233,402,FINAL (ENTRADA MANUAL)
43,2,2,79,41,1,72,24,0,0,0,57,78,24,18,22,0,0,18,48,34,0,16,14,1,3,3,5,0,2,0,0,93,219,401,FINAL (ENTRADA MANUAL)
43,3,1,86,14,0,39,1,0,0,0,82,27,11,14,0,0,0,6,78,14,0,13,0,2,0,0,1,0,0,0,0,32,140,220,FINAL (ENTRADA MANUAL)
43,4,1,96,32,0,54,6,0,0,0,84,67,12,8,4,0,0,13,79,30,0,7,3,0,1,0,3,0,1,2,0,65,191,369,FINAL (ENTRADA MANUAL)
43,5,1,60,29,1,72,7,0,0,0,45,77,22,12,4,0,0,9,42,27,1,10,3,1,3,1,16,0,0,0,0,65,169,314,FINAL (ENTRADA MANUAL)
43,5,2,54,26,0,66,8,0,0,1,45,63,11,12,6,0,0,18,38,20,0,12,3,0,4,2,8,0,1,0,0,68,156,315,FINAL (ENTRADA MANUAL)
43,6,1,104,53,0,35,11,1,0,0,88,80,9,8,8,1,0,10,80,47,0,6,8,0,4,0,4,0,0,0,0,55,204,416,FINAL (ENTRADA MANUAL)
43,6,2,111,37,0,48,6,0,0,0,98,63,15,12,3,0,0,11,82,33,0,11,2,2,1,0,6,0,1,0,0,65,203,417,FINAL (ENTRADA MANUAL)
43,7,1,106,25,0,40,9,0,0,0,92,52,3,13,5,0,0,15,82,19,0,12,4,0,0,1,1,1,0,0,0,60,180,306,FINAL (ENTRADA MANUAL)
43,7,2,76,33,2,54,10,0,0,0,64,54,14,17,7,0,0,19,59,25,1,15,4,1,0,0,3,0,0,0,0,67,175,306,FINAL (ENTRADA MANUAL)
43,8,1,101,26,0,50,6,0,0,1,86,67,10,10,6,0,0,5,77,21,0,9,5,0,1,1,5,0,0,0,0,65,184,316,FINAL (ENTRADA MANUAL)
43,8,2,81,32,0,36,11,0,0,1,70,60,13,3,7,0,0,8,65,28,0,3,6,0,1,0,6,0,0,0,0,52,161,316,FINAL (ENTRADA MANUAL)
43,9,1,93,58,0,111,16,0,1,3,77,146,20,18,8,0,0,13,70,50,0,16,6,1,4,1,13,0,2,0,0,121,284,476,FINAL (ENTRADA MANUAL)
43,9,2,70,51,0,97,13,0,0,0,51,121,18,17,10,0,0,14,44,44,0,17,9,1,3,0,9,0,0,0,0,104,231,475,FINAL (ENTRADA MANUAL)
43,72,1,0,0,0,0,0,0,0,0,0,0,0,0,0,0,0,0,0,0,0,0,0,0,0,0,0,0,0,0,0,0,0,0,FINAL (ENTRADA MANUAL)
43,72,2,71,34,3,6,4,0,0,0,66,40,4,3,5,0,0,0,60,34,1,3,3,2,0,0,0,0,0,0,0,15,118,0,FINAL (ENTRADA MANUAL)
43,72,3,153,111,0,51,7,1,0,1,135,152,12,12,6,0,0,7,127,102,0,12,5,1,4,0,7,0,0,0,1,66,325,0,FINAL (ENTRADA MANUAL)
43,72,4,10,9,0,2,0,0,0,0,7,10,0,2,0,0,0,2,7,9,0,2,0,0,0,0,0,0,0,0,0,3,21,0,FINAL (ENTRADA MANUAL)
43,72,5,10,6,0,4,0,0,0,0,9,7,1,0,0,0,0,3,6,3,0,0,0,0,0,0,0,0,0,0,0,11,20,0,FINAL (ENTRADA MANUAL)
43,72,6,5,2,0,0,0,1,0,0,6,2,0,0,0,0,0,0,5,2,0,0,0,1,0,0,0,0,1,0,0,0,9,0,FINAL (ENTRADA MANUAL)
43,72,7,2,2,0,0,0,0,0,0,2,2,0,0,0,0,0,0,2,2,0,0,0,0,0,0,0,0,0,0,0,0,4,0,FINAL (ENTRADA MANUAL)
43,72,8,0,1,0,0,0,0,0,0,0,1,0,0,0,0,0,0,0,1,0,0,0,0,0,0,0,0,0,0,0,0,1,0,FINAL (ENTRADA MANUAL)
43,73,1,29,27,0,3,2,0,0,1,25,30,0,1,1,0,0,5,24,23,0,1,1,0,0,0,0,0,0,0,0,13,62,0,FINAL (ENTRADA MANUAL)
43,73,2,46,41,0,1,0,0,0,0,45,38,0,0,0,0,0,0,44,32,0,0,0,0,0,0,0,0,0,0,0,12,88,0,FINAL (ENTRADA MANUAL)
43,74,1,0,0,0,0,0,0,0,0,0,0,0,0,0,0,0,0,0,0,0,0,0,0,0,0,0,0,0,0,0,0,0,0,FINAL (ENTRADA MANUAL)
43,74,2,0,0,0,0,0,0,0,0,0,0,0,0,0,0,0,0,0,0,0,0,0,0,0,0,0,0,0,0,0,0,0,0,FINAL (ENTRADA MANUAL)
43,75,1,0,0,0,0,0,0,0,0,0,0,0,0,0,0,0,0,0,0,0,0,0,0,0,0,0,0,0,0,0,0,0,0,FINAL (ENTRADA MANUAL)
43,75,2,0,0,0,3,0,0,0,0,0,0,0,3,0,0,0,0,0,0,0,1,0,0,0,0,1,0,0,0,0,1,3,0,FINAL (ENTRADA MANUAL)
43,76,1,9,0,0,1,0,0,0,0,7,1,0,0,0,0,0,2,7,0,0,0,0,0,0,0,0,0,0,0,0,3,10,0,FINAL (ENTRADA MANUAL)
43,76,2,0,0,0,0,0,0,0,0,0,0,0,0,0,0,0,0,0,0,0,0,0,0,0,0,0,0,0,0,0,0,0,0,FINAL (ENTRADA MANUAL)
43,76,3,2,0,0,0,0,0,0,0,2,0,0,0,0,0,0,0,2,0,0,0,0,0,0,0,0,0,0,0,0,0,2,0,FINAL (ENTRADA MANUAL)
43,76,5,2,0,0,0,0,0,0,0,1,0,0,0,0,0,0,1,1,0,0,0,0,0,0,0,0,0,0,0,0,1,2,0,FINAL (ENTRADA MANUAL)
43,76,6,0,0,0,0,0,0,0,0,0,0,0,0,0,0,0,0,0,0,0,0,0,0,0,0,0,0,0,0,0,0,0,0,FINAL (ENTRADA MANUAL)
43,77,1,0,0,0,0,0,0,0,0,0,0,0,0,0,0,0,0,0,0,0,0,0,0,0,0,0,0,0,0,0,0,0,0,FINAL (ENTRADA MANUAL)
43,77,2,1,1,0,6,0,0,0,0,1,1,5,1,0,0,0,0,1,1,0,1,0,0,0,0,0,0,0,0,0,5,8,0,FINAL (ENTRADA MANUAL)
43,77,3,0,0,0,1,0,0,0,0,0,0,1,0,0,0,0,0,0,0,0,0,0,0,0,0,0,0,0,0,0,1,1,0,FINAL (ENTRADA MANUAL)
43,78,1,12,5,0,10,3,0,0,0,12,10,1,4,1,0,0,2,11,2,0,4,1,0,0,0,0,0,0,0,0,11,29,0,FINAL (ENTRADA MANUAL)
43,78,2,6,1,0,0,0,0,0,0,6,0,0,0,0,0,0,1,5,0,0,0,0,0,0,0,0,0,0,0,0,2,7,0,FINAL (ENTRADA MANUAL)
43,78,3,0,0,0,2,0,0,0,0,0,2,0,0,0,0,0,0,0,0,0,0,0,0,0,0,0,0,0,0,0,2,2,0,FINAL (ENTRADA MANUAL)
43,78,4,0,0,0,0,0,0,0,0,0,0,0,0,0,0,0,0,0,0,0,0,0,0,0,0,0,0,0,0,0,0,0,0,FINAL (ENTRADA MANUAL)
44,1,1,84,36,1,71,12,0,0,0,70,68,15,22,11,0,0,18,64,28,1,20,10,2,1,1,8,0,0,1,0,69,205,385,FINAL (ENTRADA MANUAL)
44,1,2,101,19,0,60,13,0,1,0,79,59,9,20,12,1,0,14,72,14,0,17,10,4,1,0,5,0,0,0,0,71,194,385,FINAL (ENTRADA MANUAL)
44,1,3,88,34,1,62,13,0,1,0,73,77,16,8,14,0,0,11,68,26,1,6,10,1,0,0,10,0,1,0,0,77,200,386,FINAL (ENTRADA MANUAL)
44,2,1,71,51,0,91,19,0,0,1,57,109,25,18,9,0,0,15,51,43,0,17,8,0,5,0,11,1,2,0,0,97,235,464,FINAL (ENTRADA MANUAL)
44,2,2,86,43,0,81,11,1,1,2,69,104,18,15,8,1,0,10,61,36,0,14,8,2,1,0,7,1,0,1,1,95,227,464,FINAL (ENTRADA MANUAL)
44,2,3,71,34,0,64,19,0,0,1,50,84,21,13,16,0,0,5,46,29,0,12,13,6,4,0,8,1,0,0,0,70,189,464,FINAL (ENTRADA MANUAL)
44,2,4,82,56,0,68,14,0,0,0,68,93,19,16,6,0,1,17,57,47,0,16,5,1,4,1,2,0,2,0,0,87,222,463,FINAL (ENTRADA MANUAL)
44,3,1,79,30,0,75,9,1,0,0,64,81,14,15,6,1,0,13,57,27,0,15,5,0,2,1,8,0,0,0,0,79,194,413,FINAL (ENTRADA MANUAL)
44,3,2,87,34,0,83,12,0,0,0,67,92,23,11,7,0,0,16,65,29,0,10,6,2,1,0,7,0,0,0,1,96,217,413,FINAL (ENTRADA MANUAL)
44,3,3,83,27,0,59,5,0,0,0,72,62,19,9,3,0,0,9,53,20,0,8,3,0,1,1,8,0,0,0,0,80,174,414,FINAL (ENTRADA MANUAL)
44,4,1,93,46,0,99,10,0,0,1,81,106,24,23,4,0,1,10,69,35,0,19,2,3,2,1,13,2,0,0,0,103,249,514,FINAL (ENTRADA MANUAL)
44,4,2,90,55,0,93,10,0,0,0,80,111,17,23,7,0,0,10,72,47,0,20,4,2,0,1,4,0,0,0,0,98,248,515,FINAL (ENTRADA MANUAL)
44,5,1,82,28,0,91,8,0,2,1,65,94,18,12,6,0,0,17,57,24,0,10,4,2,1,0,5,0,0,0,0,109,212,449,FINAL (ENTRADA MANUAL)
44,5,2,88,40,1,109,6,1,0,0,67,109,30,20,4,1,0,14,57,38,0,20,3,1,2,0,13,0,0,0,0,111,245,449,FINAL (ENTRADA MANUAL)
44,5,3,68,36,0,107,7,1,0,0,59,92,21,26,6,0,0,15,49,27,0,24,5,0,3,0,3,1,0,0,0,107,219,449,FINAL (ENTRADA MANUAL)
44,5,4,83,42,2,101,10,0,0,1,75,97,32,16,8,0,0,11,62,34,2,14,5,0,3,1,7,1,1,0,0,110,240,450,FINAL (ENTRADA MANUAL)
44,6,1,63,29,0,43,4,0,0,0,51,55,11,6,4,0,0,12,49,25,0,5,2,0,3,0,4,0,0,0,0,51,139,274,FINAL (ENTRADA MANUAL)
44,6,2,55,51,0,53,5,0,0,1,48,79,15,11,3,0,0,9,45,43,0,9,2,0,3,0,6,0,1,0,0,57,166,274,FINAL (ENTRADA MANUAL)
44,7,1,77,48,1,35,6,0,0,1,63,77,7,5,8,0,0,8,55,42,0,4,5,1,2,0,0,0,0,0,0,59,168,272,FINAL (ENTRADA MANUAL)
44,7,2,65,34,0,34,5,0,0,1,55,52,11,6,3,0,0,12,51,30,0,5,2,0,0,1,3,0,1,0,0,47,140,273,FINAL (ENTRADA MANUAL)
44,8,1,97,52,0,82,14,0,0,2,80,103,24,14,9,0,0,17,74,44,0,12,9,2,3,1,10,0,2,0,0,92,249,462,FINAL (ENTRADA MANUAL)
44,8,2,112,52,0,80,12,2,0,0,97,98,11,23,10,2,0,17,84,40,0,20,8,3,2,1,3,1,2,0,0,96,260,462,FINAL (ENTRADA MANUAL)
44,8,3,113,38,0,67,13,2,0,0,97,90,21,8,9,0,0,8,86,28,0,8,8,1,3,0,8,1,1,0,0,90,234,462,FINAL (ENTRADA MANUAL)
44,8,4,88,47,1,99,14,0,0,1,72,122,22,13,13,0,0,8,61,37,1,10,8,2,1,2,9,1,2,0,1,118,253,462,FINAL (ENTRADA MANUAL)
44,9,1,61,27,2,85,15,0,0,1,50,78,19,19,11,0,0,14,45,23,2,18,9,1,0,0,6,0,2,1,0,87,194,334,FINAL (ENTRADA MANUAL)
44,9,2,66,41,0,70,14,0,0,0,58,87,17,15,10,1,0,3,53,36,0,13,8,2,1,0,7,0,0,0,0,71,191,334,FINAL (ENTRADA MANUAL)
44,10,1,69,37,0,109,10,0,0,1,54,105,44,7,5,0,0,11,44,31,0,5,4,0,5,4,17,0,1,0,0,116,227,457,FINAL (ENTRADA MANUAL)
44,10,2,71,38,0,118,14,0,0,0,66,99,35,15,12,0,0,14,59,33,0,11,11,0,1,0,17,0,0,0,0,109,241,457,FINAL (ENTRADA MANUAL)
44,10,3,104,41,0,107,12,0,0,2,86,112,30,18,7,0,0,13,77,33,0,16,5,0,1,1,12,0,1,0,0,121,267,457,FINAL (ENTRADA MANUAL)
44,10,4,67,37,0,121,21,0,1,0,53,120,32,18,16,0,0,8,45,30,0,17,12,1,1,2,16,1,0,0,0,122,247,457,FINAL (ENTRADA MANUAL)
44,10,5,70,29,0,100,18,0,0,0,59,94,30,10,17,0,0,7,50,26,0,7,14,3,5,3,15,2,0,0,0,92,217,457,FINAL (ENTRADA MANUAL)
44,72,1,176,84,0,36,3,0,0,4,165,112,10,3,1,0,0,12,149,75,0,2,0,4,1,0,4,1,0,0,1,67,304,0,FINAL (ENTRADA MANUAL)
44,72,2,39,26,0,0,2,0,0,0,39,27,0,0,1,0,0,0,39,25,0,0,1,0,0,0,0,0,1,0,0,2,68,0,FINAL (ENTRADA MANUAL)
44,72,3,305,233,1,95,12,1,0,2,266,323,21,18,7,0,0,14,240,212,1,14,6,6,5,0,16,0,0,0,1,149,650,0,FINAL (ENTRADA MANUAL)
44,72,4,89,61,0,27,5,0,0,1,84,77,4,10,4,0,0,4,75,57,0,7,4,1,3,0,4,1,2,2,0,31,187,0,FINAL (ENTRADA MANUAL)
44,72,5,35,11,0,15,3,0,0,0,33,19,4,4,1,0,0,3,33,10,0,4,0,0,0,0,0,0,0,0,1,17,65,0,FINAL (ENTRADA MANUAL)
44,72,6,2,2,0,0,0,0,0,0,2,2,0,0,0,0,0,0,2,2,0,0,0,0,0,0,0,0,0,0,0,0,4,0,FINAL (ENTRADA MANUAL)
44,72,7,14,6,0,2,1,0,0,0,12,9,1,0,0,0,0,1,10,6,0,0,0,0,0,0,0,0,0,0,0,7,23,0,FINAL (ENTRADA MANUAL)
44,72,8,1,0,0,0,0,0,0,0,1,0,0,0,0,0,0,0,1,0,0,0,0,0,0,0,0,0,0,0,0,0,1,0,FINAL (ENTRADA MANUAL)
44,72,9,8,5,0,2,0,0,0,0,8,7,0,0,0,0,0,0,8,5,0,0,0,0,1,0,0,0,0,0,0,1,15,0,FINAL (ENTRADA MANUAL)
44,72,10,3,1,0,0,0,0,0,0,2,2,0,0,0,0,0,0,2,1,0,0,0,0,0,0,0,0,0,0,0,1,4,0,FINAL (ENTRADA MANUAL)
44,72,11,2,4,0,1,0,0,0,0,2,4,0,1,0,0,0,0,1,4,0,1,0,0,0,0,0,0,0,0,0,1,7,0,FINAL (ENTRADA MANUAL)
44,73,1,102,72,0,20,1,0,1,0,83,83,2,4,2,0,0,22,75,66,0,3,0,0,2,0,0,0,0,0,0,50,196,0,FINAL (ENTRADA MANUAL)
44,73,2,35,49,0,8,0,0,0,1,29,47,4,3,0,0,1,10,29,44,0,3,0,1,0,0,1,0,4,1,0,15,98,0,FINAL (ENTRADA MANUAL)
44,74,1,0,0,0,1,0,0,0,0,0,1,0,0,0,0,0,0,0,0,0,0,0,0,0,0,1,0,0,0,0,0,1,0,FINAL (ENTRADA MANUAL)
44,74,2,0,0,0,0,0,0,0,0,0,0,0,0,0,0,0,0,0,0,0,0,0,0,0,0,0,0,0,0,0,0,0,0,FINAL (ENTRADA MANUAL)
44,75,1,0,0,0,0,0,0,0,0,0,0,0,0,0,0,0,0,0,0,0,0,0,0,0,0,0,0,0,0,0,0,0,0,FINAL (ENTRADA MANUAL)
44,76,1,10,0,0,2,0,0,2,0,7,1,0,1,1,0,0,4,4,0,0,1,0,2,0,0,0,0,0,0,0,7,14,0,FINAL (ENTRADA MANUAL)
44,76,2,0,0,0,0,0,0,0,0,0,0,0,0,0,0,0,0,0,0,0,0,0,0,0,0,0,0,0,0,0,0,0,0,FINAL (ENTRADA MANUAL)
44,76,3,1,1,0,1,0,0,1,0,1,1,0,1,1,0,0,0,0,1,0,1,0,1,0,0,0,0,0,0,0,1,4,0,FINAL (ENTRADA MANUAL)
44,76,4,0,0,0,0,0,0,0,0,0,0,0,0,0,0,0,0,0,0,0,0,0,0,0,0,0,0,0,0,0,0,0,0,FINAL (ENTRADA MANUAL)
44,76,5,1,0,0,0,0,0,0,0,0,0,0,0,0,0,0,1,0,0,0,0,0,0,0,0,0,0,0,0,0,1,1,0,FINAL (ENTRADA MANUAL)
44,77,1,0,0,0,0,0,0,0,0,0,0,0,0,0,0,0,0,0,0,0,0,0,0,0,0,0,0,0,0,0,0,0,0,FINAL (ENTRADA MANUAL)
44,77,2,8,5,0,28,2,0,0,0,8,12,16,4,2,0,0,0,8,5,0,4,2,0,1,0,10,0,0,0,0,14,44,0,FINAL (ENTRADA MANUAL)
44,77,3,0,0,0,3,0,0,0,0,0,0,3,0,0,0,0,0,0,0,0,0,0,0,0,1,2,0,0,0,0,0,3,0,FINAL (ENTRADA MANUAL)
44,77,4,1,0,0,2,0,0,0,0,0,2,0,1,0,0,0,0,0,0,0,1,0,0,0,0,0,0,0,0,0,2,3,0,FINAL (ENTRADA MANUAL)
44,78,1,19,4,1,8,7,0,0,0,13,8,2,3,5,0,0,8,11,3,1,3,4,0,0,0,0,0,0,0,0,16,39,0,FINAL (ENTRADA MANUAL)
44,78,2,12,1,0,2,0,0,0,0,11,2,0,1,0,0,0,1,11,1,0,1,0,0,0,0,0,0,0,0,0,2,15,0,FINAL (ENTRADA MANUAL)
44,78,3,3,1,0,2,0,0,0,0,2,2,0,1,0,0,0,1,2,0,0,1,0,0,0,0,0,0,0,0,0,3,6,0,FINAL (ENTRADA MANUAL)
44,78,4,0,0,0,0,0,0,0,0,0,0,0,0,0,0,0,0,0,0,0,0,0,0,0,0,0,0,0,0,0,0,0,0,FINAL (ENTRADA MANUAL)
45,1,1,85,63,1,91,13,0,0,1,73,117,17,17,10,0,0,20,67,53,0,16,6,2,1,0,6,0,2,0,0,103,256,455,FINAL (ENTRADA MANUAL)
45,2,1,62,69,1,111,17,0,0,0,45,138,23,18,16,0,0,20,37,60,1,17,14,2,5,0,7,0,1,0,0,117,261,474,FINAL (ENTRADA MANUAL)
45,2,2,71,60,0,118,14,0,0,0,50,138,28,25,8,0,0,14,43,51,0,23,7,1,8,0,9,0,0,0,0,121,263,474,FINAL (ENTRADA MANUAL)
45,2,3,76,77,0,86,19,0,0,0,52,137,21,12,16,0,0,20,44,71,0,12,11,1,0,0,12,0,0,0,0,107,258,474,FINAL (ENTRADA MANUAL)
45,2,4,73,63,1,105,20,1,0,0,58,138,25,20,12,0,0,10,50,59,1,16,10,2,2,0,9,0,0,0,0,114,263,474,FINAL (ENTRADA MANUAL)
45,3,1,93,52,1,103,20,0,1,0,72,110,24,22,17,1,1,23,60,41,0,16,14,2,0,1,5,0,0,0,0,131,270,402,FINAL (ENTRADA MANUAL)
45,3,2,82,48,0,96,14,0,0,0,59,115,26,15,12,0,0,13,54,40,0,12,9,1,4,1,9,0,0,0,1,110,241,402,FINAL (ENTRADA MANUAL)
45,3,3,87,50,0,89,17,0,0,0,71,113,18,19,14,0,0,8,61,44,0,16,13,3,5,0,4,1,0,0,0,96,243,402,FINAL (ENTRADA MANUAL)
45,3,4,70,45,0,111,23,0,0,1,55,114,42,13,16,0,0,10,50,43,0,10,15,1,1,0,9,0,0,0,0,121,250,401,FINAL (ENTRADA MANUAL)
45,4,1,75,57,1,73,16,0,0,2,53,110,21,8,12,0,0,20,49,46,1,8,10,1,2,0,7,0,1,0,0,100,225,422,FINAL (ENTRADA MANUAL)
45,4,2,68,64,0,78,11,0,0,0,48,115,21,18,11,0,0,8,44,59,0,16,8,2,4,1,4,1,0,0,0,82,221,422,FINAL (ENTRADA MANUAL)
45,4,3,88,58,1,59,10,0,0,0,71,93,13,15,10,0,0,14,66,48,1,12,9,2,0,0,6,0,1,0,0,72,217,422,FINAL (ENTRADA MANUAL)
45,5,1,68,41,0,89,23,0,0,0,54,105,26,11,13,0,0,12,46,35,0,10,9,0,1,0,12,1,0,0,0,107,221,400,FINAL (ENTRADA MANUAL)
45,5,2,89,39,1,85,18,0,0,0,79,97,18,24,11,1,0,2,67,36,1,19,9,2,4,0,5,0,0,0,0,89,232,400,FINAL (ENTRADA MANUAL)
45,5,3,70,39,0,112,21,0,0,1,56,113,28,21,16,0,0,9,48,36,0,14,12,0,3,0,6,0,1,0,0,124,244,400,FINAL (ENTRADA MANUAL)
45,5,4,79,40,0,100,9,0,0,1,68,96,28,17,10,0,0,10,55,38,0,14,8,1,1,1,11,0,3,0,0,100,232,402,FINAL (ENTRADA MANUAL)
45,6,1,95,64,0,105,13,1,0,0,87,120,28,17,9,0,0,17,72,56,0,15,9,1,3,0,6,1,1,1,0,115,280,452,FINAL (ENTRADA MANUAL)
45,6,2,92,58,0,107,3,0,1,2,74,131,21,13,7,0,1,16,64,51,0,12,2,1,4,0,8,0,0,0,0,121,263,452,FINAL (ENTRADA MANUAL)
45,6,3,78,62,0,91,11,0,0,1,62,124,13,19,6,0,0,19,46,53,0,16,2,3,1,0,6,0,0,0,0,116,243,452,FINAL (ENTRADA MANUAL)
45,6,4,82,66,0,107,10,1,0,1,70,132,23,23,9,1,1,8,62,61,0,23,7,1,4,0,9,0,1,0,0,100,268,452,FINAL (ENTRADA MANUAL)
45,7,1,81,58,0,96,8,0,0,1,73,111,20,18,9,0,0,13,63,50,0,15,6,2,2,0,7,0,0,0,0,99,244,490,FINAL (ENTRADA MANUAL)
45,7,2,89,58,1,81,18,0,0,0,78,94,31,13,15,0,0,16,67,48,0,11,13,2,0,1,4,0,0,0,0,101,247,489,FINAL (ENTRADA MANUAL)
45,8,1,87,68,0,73,19,0,0,0,68,122,11,18,13,0,0,15,60,59,0,14,12,1,1,0,4,1,0,0,0,95,247,416,FINAL (ENTRADA MANUAL)
45,72,1,69,20,0,9,7,0,0,1,70,24,5,1,2,0,0,4,65,19,0,1,2,1,0,0,2,1,0,0,0,15,106,0,FINAL (ENTRADA MANUAL)
45,72,2,13,4,0,0,1,0,0,0,13,4,0,0,1,0,0,0,13,4,0,0,1,0,0,0,0,0,0,0,0,0,18,0,FINAL (ENTRADA MANUAL)
45,72,3,233,101,1,58,11,2,0,2,229,127,28,9,6,0,0,9,210,95,0,7,6,4,0,1,10,0,0,0,0,75,408,0,FINAL (ENTRADA MANUAL)
45,72,4,2,0,0,1,0,0,0,0,2,1,0,0,0,0,0,0,2,0,0,0,0,0,0,0,0,0,0,1,0,1,4,0,FINAL (ENTRADA MANUAL)
45,72,5,25,6,0,5,0,0,0,0,24,7,2,1,1,0,0,1,24,5,0,1,0,0,0,0,2,0,0,0,0,4,37,0,FINAL (ENTRADA MANUAL)
45,72,6,0,0,0,0,0,0,0,0,0,0,0,0,0,0,0,0,0,0,0,0,0,0,0,0,0,0,0,0,0,0,0,0,FINAL (ENTRADA MANUAL)
45,72,7,12,6,0,2,0,0,0,0,12,7,1,0,0,0,0,0,12,6,0,0,0,0,0,0,1,0,0,0,0,1,20,0,FINAL (ENTRADA MANUAL)
45,72,8,3,1,0,0,0,0,0,0,3,1,0,0,0,0,0,0,3,1,0,0,0,0,0,0,0,0,0,0,0,0,4,0,FINAL (ENTRADA MANUAL)
45,72,9,2,1,0,1,0,0,0,0,1,1,0,1,0,0,0,1,1,1,0,1,1,0,0,0,0,0,0,0,0,1,4,0,FINAL (ENTRADA MANUAL)
45,72,10,0,0,0,0,0,0,0,0,0,0,0,0,0,0,0,0,0,0,0,0,0,0,0,0,0,0,0,0,0,0,0,0,FINAL (ENTRADA MANUAL)
45,72,11,3,3,0,1,1,0,0,0,3,3,1,0,1,0,0,0,3,3,0,0,1,0,0,0,0,0,0,0,0,1,8,0,FINAL (ENTRADA MANUAL)
45,72,12,0,0,0,0,0,0,0,0,0,0,0,0,0,0,0,0,0,0,0,0,0,0,0,0,0,0,0,0,0,0,0,0,FINAL (ENTRADA MANUAL)
45,72,13,11,3,0,0,0,0,0,0,9,5,0,0,0,0,0,0,9,3,0,0,0,0,0,0,0,0,0,0,0,2,14,0,FINAL (ENTRADA MANUAL)
45,73,1,17,150,1,15,2,0,0,1,12,159,4,1,1,0,0,9,10,142,1,1,1,0,2,0,2,0,0,0,0,27,186,0,FINAL (ENTRADA MANUAL)
45,73,2,10,87,0,8,0,0,0,0,8,90,4,3,0,0,0,0,8,86,0,3,0,0,0,0,4,0,0,0,0,4,105,0,FINAL (ENTRADA MANUAL)
45,74,1,0,0,0,0,0,0,0,0,0,0,0,0,0,0,0,0,0,0,0,0,0,0,0,0,0,0,0,0,0,0,0,0,FINAL (ENTRADA MANUAL)
45,74,2,0,0,0,0,0,0,0,0,0,0,0,0,0,0,0,0,0,0,0,0,0,0,0,0,0,0,0,0,0,0,0,0,FINAL (ENTRADA MANUAL)
45,75,1,0,0,0,0,0,0,0,0,0,0,0,0,0,0,0,0,0,0,0,0,0,0,0,0,0,0,0,0,0,0,0,0,FINAL (ENTRADA MANUAL)
45,75,2,0,0,0,0,0,0,0,0,0,0,0,0,0,0,0,0,0,0,0,0,0,0,0,0,0,0,0,0,0,0,0,0,FINAL (ENTRADA MANUAL)
45,76,1,5,0,0,2,0,0,0,0,3,2,0,0,0,0,0,2,2,0,0,0,0,0,0,0,0,0,1,0,0,5,8,0,FINAL (ENTRADA MANUAL)
45,76,2,0,0,0,0,0,0,0,0,0,0,0,0,0,0,0,0,0,0,0,0,0,0,0,0,0,0,0,0,0,0,0,0,FINAL (ENTRADA MANUAL)
45,76,3,2,0,0,0,0,0,0,0,0,0,0,0,0,0,0,2,0,0,0,0,0,0,0,0,0,0,0,0,0,2,2,0,FINAL (ENTRADA MANUAL)
45,76,5,1,1,0,0,0,0,0,0,1,1,0,0,0,0,0,0,1,1,0,0,0,0,0,0,0,0,0,0,0,0,2,0,FINAL (ENTRADA MANUAL)
45,76,6,0,0,0,0,0,0,0,0,0,0,0,0,0,0,0,0,0,0,0,0,0,0,0,0,0,0,0,0,0,0,0,0,FINAL (ENTRADA MANUAL)
45,77,1,0,0,0,11,0,0,0,0,0,7,3,1,0,0,0,0,0,0,0,0,0,0,0,0,0,0,0,0,0,11,11,0,FINAL (ENTRADA MANUAL)
45,77,2,3,1,0,9,0,0,0,0,3,2,7,1,0,0,0,0,3,0,0,1,0,0,0,0,0,0,0,0,0,9,13,0,FINAL (ENTRADA MANUAL)
45,77,3,0,0,0,2,0,0,0,0,0,0,2,0,0,0,0,0,0,0,0,0,0,0,0,0,0,0,0,0,0,2,2,0,FINAL (ENTRADA MANUAL)
45,77,4,2,1,0,3,0,0,0,0,2,2,2,0,0,0,0,0,2,1,0,0,0,0,0,0,2,0,0,0,0,1,6,0,FINAL (ENTRADA MANUAL)
45,78,1,5,3,0,4,1,0,0,0,4,5,2,1,0,0,0,1,2,3,0,1,0,0,0,0,0,0,0,0,0,7,13,0,FINAL (ENTRADA MANUAL)
45,78,2,4,3,0,1,0,0,0,0,4,3,0,0,0,0,0,1,3,3,0,0,0,0,0,0,1,0,0,0,0,1,8,0,FINAL (ENTRADA MANUAL)
45,78,3,2,1,0,0,1,0,0,0,2,1,0,0,1,0,0,0,2,0,0,0,1,0,0,0,0,0,0,0,0,1,4,0,FINAL (ENTRADA MANUAL)
45,78,4,0,0,0,0,0,0,0,0,0,0,0,0,0,0,0,0,0,0,0,0,0,0,0,0,0,0,0,0,0,0,0,0,FINAL (ENTRADA MANUAL)
46,1,1,87,51,0,82,14,0,0,0,72,110,15,12,10,0,0,15,63,41,0,12,8,0,1,0,4,2,2,0,0,103,236,459,FINAL (ENTRADA MANUAL)
46,1,2,91,43,0,91,11,1,0,0,82,97,19,22,12,0,0,5,72,39,0,19,10,2,3,1,4,0,0,1,1,87,239,459,FINAL (ENTRADA MANUAL)
46,1,3,83,31,0,79,10,0,0,0,73,78,20,12,5,0,0,15,62,23,0,11,5,1,4,1,8,0,1,0,0,88,204,459,FINAL (ENTRADA MANUAL)
46,1,4,77,48,1,100,11,0,2,0,62,104,26,18,9,0,0,20,56,38,1,15,8,1,6,0,2,0,0,0,1,112,240,460,FINAL (ENTRADA MANUAL)
46,2,1,104,32,0,74,9,0,0,0,84,69,20,16,6,0,0,24,81,28,0,13,5,1,0,0,6,0,4,0,1,85,224,410,FINAL (ENTRADA MANUAL)
46,2,2,95,32,0,65,9,0,0,1,72,74,21,16,4,0,0,15,66,27,0,12,3,1,1,1,11,0,0,0,0,80,202,411,FINAL (ENTRADA MANUAL)
46,3,1,110,46,1,111,12,0,0,0,84,107,35,24,12,1,0,17,79,39,0,23,10,1,0,1,8,0,2,1,0,119,283,511,FINAL (ENTRADA MANUAL)
46,3,2,117,36,0,115,12,2,1,0,103,113,32,19,9,0,1,6,95,30,0,17,7,1,2,1,12,0,0,1,0,118,284,511,FINAL (ENTRADA MANUAL)
46,3,3,86,32,0,119,12,1,0,0,73,84,30,31,14,0,0,18,63,26,0,30,11,0,2,1,11,0,0,0,0,106,250,512,FINAL (ENTRADA MANUAL)
46,4,1,100,37,0,145,12,0,0,0,73,132,59,16,9,0,0,5,67,28,0,13,6,1,3,1,18,1,0,0,0,156,294,462,FINAL (ENTRADA MANUAL)
46,4,2,73,34,0,136,18,1,0,0,51,131,39,20,14,0,0,7,46,29,0,15,12,2,6,1,14,0,0,0,0,137,262,462,FINAL (ENTRADA MANUAL)
46,4,3,91,37,0,124,18,0,0,2,72,118,30,29,9,1,0,13,62,35,0,28,7,0,2,0,9,0,3,0,0,129,275,462,FINAL (ENTRADA MANUAL)
46,4,4,79,33,1,147,17,0,0,0,67,130,40,13,11,0,0,16,59,28,0,10,6,1,4,2,10,2,0,0,0,155,277,462,FINAL (ENTRADA MANUAL)
46,4,5,61,27,1,129,18,0,0,1,53,108,33,20,11,0,0,12,43,20,1,17,5,1,3,0,15,0,0,0,0,132,237,462,FINAL (ENTRADA MANUAL)
46,4,6,81,25,0,132,13,0,0,0,68,104,39,21,8,0,0,11,64,20,0,19,6,2,2,0,14,2,0,0,1,122,252,463,FINAL (ENTRADA MANUAL)
46,5,1,97,50,0,116,13,1,1,1,78,110,29,25,9,1,0,27,66,43,0,20,4,3,1,0,8,1,0,1,0,133,280,521,FINAL (ENTRADA MANUAL)
46,5,2,87,31,0,137,14,0,1,3,75,111,27,35,11,0,1,13,69,24,0,33,7,3,0,1,12,1,0,0,0,123,273,521,FINAL (ENTRADA MANUAL)
46,5,3,82,42,0,116,16,0,1,0,63,110,34,21,13,0,0,16,53,34,0,19,10,2,0,0,10,1,0,0,2,128,259,521,FINAL (ENTRADA MANUAL)
46,5,4,81,39,0,111,11,0,0,1,62,105,19,28,6,0,0,23,52,36,0,22,4,1,1,0,8,0,0,2,0,119,245,521,FINAL (ENTRADA MANUAL)
46,5,5,100,32,0,114,16,0,0,0,86,107,27,17,13,2,0,10,76,29,0,16,9,1,1,0,9,0,0,0,0,121,262,521,FINAL (ENTRADA MANUAL)
46,5,6,95,42,1,112,11,1,0,1,80,113,29,20,8,0,0,13,69,35,1,19,5,5,2,0,9,0,0,0,1,118,264,521,FINAL (ENTRADA MANUAL)
46,5,7,105,34,0,108,14,0,0,3,86,104,27,18,9,0,0,20,79,28,0,16,7,3,1,1,7,2,0,0,0,120,264,521,FINAL (ENTRADA MANUAL)
46,5,8,95,34,1,118,13,0,0,2,75,116,26,16,12,0,0,18,65,29,0,13,7,2,2,1,13,0,0,1,0,131,264,521,FINAL (ENTRADA MANUAL)
46,6,1,80,31,1,122,9,0,0,0,76,100,32,21,7,0,0,7,62,27,0,20,6,2,2,0,10,0,0,0,0,114,243,415,FINAL (ENTRADA MANUAL)
46,6,2,75,44,0,111,12,0,0,0,58,122,28,18,7,0,0,9,48,40,0,17,4,3,2,1,15,0,0,0,0,112,242,415,FINAL (ENTRADA MANUAL)
46,6,3,86,37,0,101,14,0,0,0,68,105,32,17,6,0,0,10,61,32,0,14,5,1,4,0,16,0,1,0,0,105,239,415,FINAL (ENTRADA MANUAL)
46,6,4,88,37,0,99,15,0,0,0,76,98,29,12,12,0,0,12,69,30,0,9,9,3,4,2,11,1,0,0,0,101,239,414,FINAL (ENTRADA MANUAL)
46,7,1,96,32,0,145,17,0,0,0,82,123,37,19,13,0,0,16,73,24,0,16,11,0,4,2,19,1,1,0,0,140,291,542,FINAL (ENTRADA MANUAL)
46,7,2,86,39,1,140,8,0,0,0,75,118,43,20,8,0,0,10,67,36,0,19,6,2,2,1,10,0,0,0,0,131,274,542,FINAL (ENTRADA MANUAL)
46,7,3,81,61,1,146,10,2,0,1,62,145,41,21,10,1,0,22,56,55,0,19,6,2,3,1,7,0,0,0,0,153,302,542,FINAL (ENTRADA MANUAL)
46,7,4,95,43,0,139,9,0,0,0,76,120,40,26,7,0,0,17,65,40,0,19,5,2,5,1,11,0,0,0,0,138,286,542,FINAL (ENTRADA MANUAL)
46,8,1,74,29,2,99,9,0,0,1,55,80,35,19,6,1,0,18,48,26,1,16,5,1,1,1,8,0,3,0,0,107,217,388,FINAL (ENTRADA MANUAL)
46,8,2,75,33,0,95,9,0,0,4,58,99,26,14,4,0,0,15,53,30,0,13,3,1,4,0,12,0,1,0,0,100,217,388,FINAL (ENTRADA MANUAL)
46,8,3,68,31,1,101,7,0,0,0,55,88,24,24,5,0,0,12,49,27,1,24,4,3,0,1,3,0,0,2,0,96,210,388,FINAL (ENTRADA MANUAL)
46,8,4,56,34,1,115,17,0,0,1,45,94,29,23,13,0,1,19,37,23,1,21,12,1,1,0,10,1,1,0,0,117,225,388,FINAL (ENTRADA MANUAL)
46,9,1,88,49,0,74,6,0,0,1,72,100,15,14,4,0,0,13,67,42,0,13,3,1,1,1,6,0,0,1,0,84,219,419,FINAL (ENTRADA MANUAL)
46,9,2,100,53,1,71,4,0,1,1,82,95,18,20,2,0,0,14,72,45,1,17,2,0,0,0,3,0,0,0,0,91,231,419,FINAL (ENTRADA MANUAL)
46,10,1,78,28,0,114,8,0,0,1,65,94,32,17,5,0,0,16,59,25,0,13,4,1,4,0,14,0,0,1,0,109,230,495,FINAL (ENTRADA MANUAL)
46,10,2,87,41,0,121,10,1,0,0,71,112,38,17,9,0,0,13,64,32,0,11,4,4,2,1,6,2,0,0,0,134,260,495,FINAL (ENTRADA MANUAL)
46,10,3,86,36,0,122,11,0,0,1,75,102,39,19,11,0,0,10,64,30,0,15,8,2,4,0,11,0,1,0,0,122,257,495,FINAL (ENTRADA MANUAL)
46,10,4,73,41,0,112,10,0,0,1,58,105,24,26,9,0,0,15,49,35,0,23,6,0,3,0,11,0,1,0,0,110,238,495,FINAL (ENTRADA MANUAL)
46,10,5,87,31,0,117,11,0,1,1,66,89,30,25,12,0,1,25,57,23,0,21,7,3,2,1,16,0,1,0,0,118,249,495,FINAL (ENTRADA MANUAL)
46,10,6,88,31,0,104,12,1,1,1,74,102,26,17,8,1,0,10,61,26,0,14,5,2,6,0,14,2,0,0,0,108,238,494,FINAL (ENTRADA MANUAL)
46,11,1,91,34,1,105,12,0,0,0,79,100,23,23,6,0,0,12,66,25,0,19,5,0,1,0,9,0,0,1,0,118,244,470,FINAL (ENTRADA MANUAL)
46,11,2,89,33,0,98,25,1,0,0,80,102,23,12,21,0,0,8,67,28,0,10,18,1,4,0,11,0,0,0,1,107,247,470,FINAL (ENTRADA MANUAL)
46,11,3,84,35,0,133,14,0,1,0,62,110,36,30,11,1,1,16,51,30,0,21,9,0,4,0,9,0,1,0,0,143,268,470,FINAL (ENTRADA MANUAL)
46,11,4,96,33,0,94,15,0,1,0,83,85,23,17,17,1,0,13,71,29,0,14,12,4,2,0,7,0,1,0,1,100,241,470,FINAL (ENTRADA MANUAL)
46,11,5,96,33,0,119,21,0,0,0,76,103,37,18,15,0,0,20,64,27,0,17,13,2,3,1,17,2,0,0,0,123,269,470,FINAL (ENTRADA MANUAL)
46,11,6,100,25,1,114,18,0,0,0,78,102,32,24,14,0,0,8,68,21,0,20,10,2,3,2,13,1,0,0,0,118,258,470,FINAL (ENTRADA MANUAL)
46,12,1,89,19,0,129,16,0,0,1,79,100,49,15,4,0,0,7,68,17,0,14,3,2,3,0,19,2,1,0,0,126,255,457,FINAL (ENTRADA MANUAL)
46,12,2,83,25,0,131,13,0,0,0,69,113,34,23,8,0,0,5,66,21,0,19,5,0,1,0,18,3,0,0,0,119,252,457,FINAL (ENTRADA MANUAL)
46,12,3,95,28,0,102,11,1,0,1,77,93,27,18,11,0,0,12,63,20,0,15,6,1,0,1,5,0,0,0,0,127,238,457,FINAL (ENTRADA MANUAL)
46,12,4,92,44,0,109,12,0,0,0,72,117,32,19,7,0,0,10,65,37,0,18,6,5,0,0,9,0,0,0,0,117,257,456,FINAL (ENTRADA MANUAL)
46,13,1,88,43,0,112,13,0,0,0,72,112,25,24,11,0,0,12,65,35,0,19,9,2,5,1,9,2,0,0,0,109,256,486,FINAL (ENTRADA MANUAL)
46,13,2,92,41,0,117,9,0,0,0,75,105,36,19,7,1,0,16,66,28,0,18,5,5,0,3,6,0,0,0,0,128,259,486,FINAL (ENTRADA MANUAL)
46,13,3,85,42,0,112,9,0,0,0,71,100,29,25,5,0,0,18,54,30,0,19,4,3,1,1,5,1,2,0,0,130,250,485,FINAL (ENTRADA MANUAL)
46,72,1,493,237,2,100,11,2,0,1,474,302,48,7,5,2,0,8,443,216,2,5,3,5,5,1,19,0,0,0,4,147,850,0,FINAL (ENTRADA MANUAL)
46,72,2,54,50,0,6,4,0,0,0,54,52,4,1,3,0,0,0,53,50,0,1,3,1,0,0,1,1,3,0,0,4,117,0,FINAL (ENTRADA MANUAL)
46,72,3,610,273,0,192,47,2,1,2,570,410,48,35,33,1,1,29,540,246,0,32,25,9,4,2,17,6,0,4,5,246,1136,0,FINAL (ENTRADA MANUAL)
46,72,4,103,41,0,32,8,0,1,0,98,63,9,5,2,2,1,5,95,38,0,5,2,4,0,0,5,3,0,2,0,33,187,0,FINAL (ENTRADA MANUAL)
46,72,5,73,15,0,14,5,0,0,0,68,30,1,5,2,0,0,1,65,15,0,5,2,2,0,0,2,0,0,0,1,16,108,0,FINAL (ENTRADA MANUAL)
46,72,6,11,3,0,1,0,0,0,0,11,3,0,1,0,0,0,0,10,3,0,1,0,0,0,0,0,0,1,0,0,1,16,0,FINAL (ENTRADA MANUAL)
46,72,7,50,5,0,9,0,0,0,0,49,10,2,1,1,0,0,1,46,3,0,1,0,0,0,0,2,0,0,0,1,12,65,0,FINAL (ENTRADA MANUAL)
46,72,8,7,1,0,3,0,0,0,0,8,0,1,2,0,0,0,0,7,0,0,2,0,0,1,0,1,0,0,0,0,0,11,0,FINAL (ENTRADA MANUAL)
46,72,9,61,18,0,7,3,1,0,0,59,26,1,0,3,0,0,1,57,18,0,0,3,0,0,0,2,0,0,0,1,10,91,0,FINAL (ENTRADA MANUAL)
46,72,10,4,4,0,0,0,0,0,0,4,4,0,0,0,0,0,0,4,4,0,0,0,0,0,0,0,0,0,0,0,0,8,0,FINAL (ENTRADA MANUAL)
46,72,11,5,3,0,4,0,0,0,0,4,8,0,0,0,0,0,0,4,3,0,0,0,0,0,0,0,0,0,0,0,5,12,0,FINAL (ENTRADA MANUAL)
46,72,12,1,0,0,0,0,0,0,0,1,0,0,0,0,0,0,0,1,0,0,0,0,0,0,0,0,0,0,0,0,0,1,0,FINAL (ENTRADA MANUAL)
46,73,1,113,153,0,32,7,0,0,1,97,164,5,13,5,0,0,22,92,139,0,13,5,1,3,0,2,0,0,0,0,51,306,0,FINAL (ENTRADA MANUAL)
46,74,1,0,0,0,1,0,0,0,0,0,1,0,0,0,0,0,0,0,0,0,0,0,0,0,0,0,0,0,0,0,1,1,0,FINAL (ENTRADA MANUAL)
46,74,2,0,0,0,0,0,0,0,0,0,0,0,0,0,0,0,0,0,0,0,0,0,0,0,0,0,0,0,0,0,0,0,0,FINAL (ENTRADA MANUAL)
46,75,1,0,0,0,0,0,0,0,0,0,0,0,0,0,0,0,0,0,0,0,0,0,0,0,0,0,0,0,0,0,0,0,0,FINAL (ENTRADA MANUAL)
46,76,1,42,2,0,2,1,0,0,0,34,7,0,0,0,0,0,6,29,1,0,0,0,0,0,0,0,0,1,0,0,17,48,0,FINAL (ENTRADA MANUAL)
46,76,2,0,0,0,0,0,0,0,0,0,0,0,0,0,0,0,0,0,0,0,0,0,0,0,0,0,0,0,0,0,0,0,0,FINAL (ENTRADA MANUAL)
46,76,3,6,0,0,2,1,0,0,0,5,2,0,1,0,0,0,1,4,0,0,1,0,0,0,0,0,0,0,0,0,4,9,0,FINAL (ENTRADA MANUAL)
46,76,4,0,0,0,0,0,0,0,0,0,0,0,0,0,0,0,0,0,0,0,0,0,0,0,0,0,0,0,0,0,0,0,0,FINAL (ENTRADA MANUAL)
46,76,5,6,1,0,0,0,0,0,0,6,1,0,0,0,0,0,0,4,1,0,0,0,0,0,0,0,0,0,0,0,2,7,0,FINAL (ENTRADA MANUAL)
46,77,1,0,0,0,0,0,0,0,0,0,0,0,0,0,0,0,0,0,0,0,0,0,0,0,0,0,0,0,0,0,0,0,0,FINAL (ENTRADA MANUAL)
46,77,2,4,3,2,20,0,0,0,0,4,3,2,20,0,0,0,0,4,3,0,9,0,0,0,2,11,0,0,0,0,37,66,0,FINAL (ENTRADA MANUAL)
46,77,3,0,0,0,6,0,0,0,0,0,1,5,2,0,0,0,0,0,0,0,0,0,0,0,0,2,0,0,0,0,4,6,0,FINAL (ENTRADA MANUAL)
46,77,4,0,0,0,1,0,0,0,0,0,0,1,0,0,0,0,0,0,0,0,0,0,0,0,0,0,0,0,0,0,1,1,0,FINAL (ENTRADA MANUAL)
46,77,5,2,5,0,5,0,0,0,0,3,9,0,2,0,0,0,0,2,5,0,0,0,0,0,0,2,0,0,0,0,3,12,0,FINAL (ENTRADA MANUAL)
46,78,1,49,18,0,37,9,0,0,1,42,32,14,10,5,0,0,11,34,13,0,9,4,0,0,0,6,0,0,0,0,48,114,0,FINAL (ENTRADA MANUAL)
46,78,2,1,0,0,0,0,0,0,0,0,0,0,0,0,0,0,0,0,0,0,0,0,0,0,0,0,0,0,0,0,1,1,0,FINAL (ENTRADA MANUAL)
46,78,3,3,3,0,4,1,0,0,1,2,8,0,1,0,0,0,1,1,3,0,0,0,0,0,0,0,0,0,0,0,8,12,0,FINAL (ENTRADA MANUAL)
46,78,4,0,0,0,0,0,0,0,0,0,0,0,0,0,0,0,0,0,0,0,0,0,0,0,0,0,0,0,0,0,0,0,0,FINAL (ENTRADA MANUAL)
85,1,1,94,56,0,51,17,0,0,0,75,94,15,8,14,0,1,11,62,51,0,7,14,1,2,0,4,1,1,0,0,76,219,443,FINAL (ENTRADA MANUAL)
85,1,2,99,35,1,50,24,1,0,0,90,67,15,8,18,0,0,12,81,30,1,8,14,0,0,0,10,0,0,0,0,66,210,443,FINAL (ENTRADA MANUAL)
85,1,3,103,51,1,56,20,0,0,0,81,85,20,10,18,0,0,17,73,42,0,8,14,4,1,0,8,1,1,0,1,80,233,442,FINAL (ENTRADA MANUAL)
85,72,1,26,8,0,1,1,0,0,0,25,8,0,1,1,0,0,1,24,8,0,1,1,0,0,0,0,0,0,0,0,2,36,0,FINAL (ENTRADA MANUAL)
85,72,2,2,0,0,0,0,0,0,0,2,0,0,0,0,0,0,0,2,0,0,0,0,0,0,0,0,0,0,0,0,0,2,0,FINAL (ENTRADA MANUAL)
85,72,3,39,21,0,3,0,0,0,0,39,22,1,0,0,0,0,1,37,20,0,0,0,0,0,0,1,0,0,0,0,5,63,0,FINAL (ENTRADA MANUAL)
85,72,4,2,5,0,0,3,0,0,0,2,4,0,1,3,0,0,0,2,4,0,0,3,0,0,0,0,0,0,0,0,1,10,0,FINAL (ENTRADA MANUAL)
85,72,5,0,0,0,0,0,0,0,0,0,0,0,0,0,0,0,0,0,0,0,0,0,0,0,0,0,0,0,0,0,0,0,0,FINAL (ENTRADA MANUAL)
85,72,6,5,2,0,1,0,0,0,1,4,5,0,0,0,0,0,0,6,2,0,0,0,0,0,0,0,0,0,0,0,1,9,0,FINAL (ENTRADA MANUAL)
85,72,7,2,2,0,0,0,0,0,0,2,2,0,0,0,0,0,0,2,2,0,0,0,0,0,0,0,0,0,0,0,0,4,0,FINAL (ENTRADA MANUAL)
85,72,8,1,0,0,0,0,0,0,0,1,0,0,0,0,0,0,0,1,0,0,0,0,0,0,0,0,0,0,0,0,0,1,0,FINAL (ENTRADA MANUAL)
85,73,1,4,1,0,2,0,0,0,0,4,1,0,2,0,0,0,0,3,1,0,2,0,0,0,0,0,0,0,0,0,1,7,0,FINAL (ENTRADA MANUAL)
85,73,2,0,0,0,0,0,0,0,0,0,0,0,0,0,0,0,0,0,0,0,0,0,0,0,0,0,0,1,0,0,0,1,0,FINAL (ENTRADA MANUAL)
85,74,1,0,0,0,0,0,0,0,0,0,0,0,0,0,0,0,0,0,0,0,0,0,0,0,0,0,0,0,0,0,0,0,0,FINAL (ENTRADA MANUAL)
85,74,2,0,0,0,0,0,0,0,0,0,0,0,0,0,0,0,0,0,0,0,0,0,0,0,0,0,0,0,0,0,0,0,0,FINAL (ENTRADA MANUAL)
85,75,1,0,0,0,0,0,0,0,0,0,0,0,0,0,0,0,0,0,0,0,0,0,0,0,0,0,0,0,0,0,0,0,0,FINAL (ENTRADA MANUAL)
85,75,2,0,0,0,0,0,0,0,0,0,0,0,0,0,0,0,0,0,0,0,0,0,0,0,0,0,0,0,0,0,0,0,0,FINAL (ENTRADA MANUAL)
85,76,1,0,0,0,0,0,0,0,0,0,0,0,0,0,0,0,0,0,0,0,0,0,0,0,0,0,0,0,0,0,0,0,0,FINAL (ENTRADA MANUAL)
85,76,2,0,0,0,0,0,0,0,0,0,0,0,0,0,0,0,0,0,0,0,0,0,0,0,0,0,0,0,0,0,0,0,0,FINAL (ENTRADA MANUAL)
85,76,3,0,0,0,0,0,0,0,0,0,0,0,0,0,0,0,0,0,0,0,0,0,0,0,0,0,0,0,0,0,0,0,0,FINAL (ENTRADA MANUAL)
85,77,1,0,0,0,0,0,0,0,0,0,0,0,0,0,0,0,0,0,0,0,0,0,0,0,0,0,0,0,0,0,0,0,0,FINAL (ENTRADA MANUAL)
85,77,2,0,0,0,2,0,0,0,0,0,1,1,0,0,0,0,0,0,0,0,0,0,0,0,0,1,0,0,0,0,1,2,0,FINAL (ENTRADA MANUAL)
85,77,3,1,0,0,0,0,0,0,0,0,1,0,0,0,0,0,0,0,0,0,0,0,1,0,0,0,0,0,0,0,0,1,0,FINAL (ENTRADA MANUAL)
85,78,1,5,4,0,2,1,0,0,0,5,6,0,0,1,0,0,0,4,4,0,0,1,0,0,0,0,0,0,0,0,3,12,0,FINAL (ENTRADA MANUAL)
85,78,2,3,0,0,0,0,0,0,0,2,0,0,0,0,0,0,1,2,0,0,0,0,0,0,0,0,0,0,0,0,1,3,0,FINAL (ENTRADA MANUAL)
85,78,3,0,0,0,1,0,0,0,0,0,0,0,1,0,0,0,0,0,0,0,1,0,0,0,0,0,0,0,0,0,0,1,0,FINAL (ENTRADA MANUAL)
85,78,4,0,0,0,1,0,0,0,0,0,0,1,0,0,0,0,0,1,0,0,1,0,0,0,0,0,0,0,0,0,0,3,0,FINAL (ENTRADA MANUAL)
23,1,1,94,99,0,66,11,0,0,1,73,137,15,13,9,0,0,24,67,90,0,11,8,0,2,0,3,1,3,0,0,89,274,613,FINAL (ENTRADA MANUAL)
23,1,2,116,97,0,61,11,0,0,2,91,136,12,9,9,0,0,30,82,87,0,7,5,1,2,0,4,0,1,0,1,99,289,613,FINAL (ENTRADA MANUAL)
23,1,3,126,80,0,79,10,0,0,2,102,141,13,17,8,0,0,16,96,77,0,16,4,3,4,0,2,0,0,0,0,95,297,614,FINAL (ENTRADA MANUAL)
23,2,1,101,70,0,56,3,1,0,0,77,119,14,4,2,1,0,14,71,66,0,4,2,2,6,0,2,1,1,2,0,77,234,524,FINAL (ENTRADA MANUAL)
23,2,2,131,54,0,47,9,0,0,0,104,102,12,5,7,0,0,11,103,54,0,5,7,1,3,1,6,0,2,0,0,61,243,524,FINAL (ENTRADA MANUAL)
23,2,3,122,79,0,52,19,0,1,1,102,118,11,13,16,0,0,14,98,75,0,13,12,2,1,0,4,3,2,0,0,66,276,524,FINAL (ENTRADA MANUAL)
23,2,4,122,70,0,41,9,0,0,1,98,111,7,5,8,0,0,14,88,63,0,5,7,0,0,0,3,1,0,0,0,76,243,525,FINAL (ENTRADA MANUAL)
23,3,1,123,41,0,41,13,0,0,0,95,73,8,8,9,0,0,25,91,35,0,6,8,2,1,0,4,1,1,0,0,70,219,522,FINAL (ENTRADA MANUAL)
23,3,2,138,46,1,61,15,0,0,1,118,83,15,12,14,0,0,20,105,40,0,11,13,1,3,1,8,0,1,0,0,80,263,522,FINAL (ENTRADA MANUAL)
23,4,1,116,81,1,62,12,0,0,0,100,118,16,10,12,0,0,16,89,72,1,10,11,1,5,0,3,0,1,0,1,80,274,550,FINAL (ENTRADA MANUAL)
23,4,2,119,90,0,76,11,0,0,0,108,142,17,12,6,0,0,11,101,87,0,11,4,1,2,0,4,0,0,0,0,86,296,549,FINAL (ENTRADA MANUAL)
23,5,1,113,64,0,48,15,0,0,2,104,101,8,10,14,0,0,5,94,56,0,10,12,1,3,0,5,0,0,0,0,61,242,486,FINAL (ENTRADA MANUAL)
23,5,2,94,64,2,67,16,0,0,0,86,104,13,13,12,1,0,14,73,57,1,11,10,0,2,1,7,1,2,0,0,80,245,486,FINAL (ENTRADA MANUAL)
23,5,3,141,45,0,53,7,0,0,0,115,87,12,8,4,0,0,20,108,40,0,6,3,1,3,0,6,1,1,0,0,78,247,486,FINAL (ENTRADA MANUAL)
23,5,4,114,73,1,40,13,0,0,0,95,106,9,10,9,0,0,12,89,66,1,10,8,0,0,0,3,0,2,0,0,64,243,485,FINAL (ENTRADA MANUAL)
23,6,1,138,97,0,55,10,0,0,2,118,136,12,6,6,0,0,24,114,86,0,5,5,1,0,1,2,1,0,0,1,87,303,600,FINAL (ENTRADA MANUAL)
23,6,2,112,138,0,50,8,0,0,1,98,170,9,11,7,0,0,14,95,129,0,11,7,4,0,0,0,0,0,0,0,63,309,600,FINAL (ENTRADA MANUAL)
23,7,1,122,35,0,44,16,0,0,0,115,66,6,6,8,0,0,16,103,31,0,6,8,0,3,0,1,2,1,0,0,63,218,452,FINAL (ENTRADA MANUAL)
23,7,2,148,27,0,58,7,0,0,0,138,61,10,13,7,0,0,11,122,22,0,13,5,0,4,0,5,0,1,0,0,69,241,452,FINAL (ENTRADA MANUAL)
23,8,1,24,14,0,7,0,0,0,0,23,14,5,1,0,0,0,2,22,13,0,1,0,0,0,0,2,0,0,0,0,7,45,105,FINAL (ENTRADA MANUAL)
23,9,1,96,103,0,38,11,0,0,1,81,121,10,5,7,0,0,25,70,87,0,5,3,0,2,0,4,1,2,0,0,77,251,435,FINAL (ENTRADA MANUAL)
23,9,2,106,91,1,30,11,0,0,1,71,116,4,6,7,0,0,36,66,77,1,6,5,1,0,0,1,0,1,0,0,83,241,435,FINAL (ENTRADA MANUAL)
23,10,1,99,74,0,16,16,0,0,0,81,92,2,5,13,0,0,12,76,73,0,5,10,2,1,0,1,0,3,0,0,37,208,337,FINAL (ENTRADA MANUAL)
23,11,1,115,47,0,42,10,0,0,3,106,73,10,13,8,0,0,7,96,42,0,13,6,4,2,0,4,2,2,0,0,48,219,431,FINAL (ENTRADA MANUAL)
23,11,2,111,45,0,54,16,0,0,2,93,71,18,11,12,0,0,23,84,36,0,9,11,2,0,0,9,1,1,0,0,76,229,431,FINAL (ENTRADA MANUAL)
23,11,3,103,59,0,45,24,0,0,1,77,98,10,6,14,0,0,27,71,46,0,6,12,2,1,1,9,3,0,1,1,81,234,431,FINAL (ENTRADA MANUAL)
23,72,1,28,6,0,2,0,0,0,0,27,7,1,1,0,0,0,0,26,6,0,1,0,0,0,0,0,0,0,0,0,3,36,0,FINAL (ENTRADA MANUAL)
23,72,2,0,0,0,0,0,0,0,0,0,0,0,0,0,0,0,0,0,0,0,0,0,0,0,0,0,0,0,0,0,0,0,0,FINAL (ENTRADA MANUAL)
23,72,3,473,70,1,40,16,0,0,0,462,96,18,9,9,0,0,6,452,63,1,9,9,4,3,0,4,0,0,0,1,55,601,0,FINAL (ENTRADA MANUAL)
23,72,4,64,18,0,3,2,0,0,4,60,20,1,1,1,0,0,4,59,17,0,1,1,0,0,0,1,0,1,0,0,8,88,0,FINAL (ENTRADA MANUAL)
23,72,5,39,3,0,1,0,0,0,0,34,7,1,0,0,0,0,1,32,3,0,0,0,0,0,0,0,0,0,0,0,8,43,0,FINAL (ENTRADA MANUAL)
23,72,6,2,2,0,0,0,0,0,0,2,2,0,0,0,0,0,0,2,2,0,0,0,0,0,0,0,0,0,0,0,0,4,0,FINAL (ENTRADA MANUAL)
23,72,7,2,0,0,0,0,0,0,0,2,0,0,0,0,0,0,0,2,0,0,0,0,0,0,0,0,0,0,0,0,0,2,0,FINAL (ENTRADA MANUAL)
23,72,8,5,0,0,0,0,0,0,0,4,0,0,0,0,0,0,1,4,0,0,0,0,0,0,0,0,0,0,0,0,1,5,0,FINAL (ENTRADA MANUAL)
23,72,9,18,5,0,1,1,0,0,0,19,5,0,1,0,0,0,0,17,5,0,1,0,0,0,0,0,0,0,0,0,2,25,0,FINAL (ENTRADA MANUAL)
23,72,10,2,0,0,0,0,0,0,0,2,0,0,0,0,0,0,0,2,0,0,0,0,0,0,0,0,0,0,0,0,0,2,0,FINAL (ENTRADA MANUAL)
23,73,1,605,737,1,49,16,0,0,2,564,746,6,17,13,0,0,64,545,689,0,17,9,1,2,0,2,0,0,0,1,145,1411,0,FINAL (ENTRADA MANUAL)
23,73,2,0,0,0,0,0,0,0,0,0,0,0,0,0,0,0,0,0,0,0,0,0,0,0,0,0,0,0,0,0,0,0,0,FINAL (ENTRADA MANUAL)
23,73,3,0,0,0,0,0,0,0,0,0,0,0,0,0,0,0,0,0,0,0,0,0,0,0,0,0,0,0,0,0,0,0,0,FINAL (ENTRADA MANUAL)
23,73,4,0,0,0,0,0,0,0,0,0,0,0,0,0,0,0,0,0,0,0,0,0,0,0,0,0,0,0,0,0,0,0,0,FINAL (ENTRADA MANUAL)
23,73,5,0,0,0,0,0,0,0,0,0,0,0,0,0,0,0,0,0,0,0,0,0,0,0,0,0,0,0,0,0,0,0,0,FINAL (ENTRADA MANUAL)
23,73,6,4,2,0,0,0,0,0,0,4,2,0,0,0,0,0,0,4,2,0,0,0,0,0,0,0,0,0,6,0,0,12,0,FINAL (ENTRADA MANUAL)
23,74,1,0,0,0,1,0,0,0,0,0,1,0,0,0,0,0,0,0,0,0,0,0,0,0,0,0,0,0,0,0,1,1,0,FINAL (ENTRADA MANUAL)
23,74,2,0,0,0,0,0,0,0,0,0,0,0,0,0,0,0,0,0,0,0,0,0,0,0,0,0,0,0,0,0,0,0,0,FINAL (ENTRADA MANUAL)
23,75,1,1,0,0,0,0,0,0,0,1,0,0,0,0,0,0,0,1,0,0,0,0,0,0,0,0,0,0,0,0,0,1,0,FINAL (ENTRADA MANUAL)
23,75,2,0,0,0,0,0,0,0,0,0,0,0,0,0,0,0,0,0,0,0,0,0,0,0,0,0,0,0,0,0,0,0,0,FINAL (ENTRADA MANUAL)
23,76,1,8,0,0,1,0,0,0,0,8,1,0,0,0,0,0,0,7,0,0,0,0,0,0,0,0,0,0,0,0,2,9,0,FINAL (ENTRADA MANUAL)
23,76,2,0,0,0,0,0,0,0,0,0,0,0,0,0,0,0,0,0,0,0,0,0,0,0,0,0,0,0,0,0,0,0,0,FINAL (ENTRADA MANUAL)
23,76,3,2,0,0,0,1,0,0,0,2,0,0,0,1,0,0,0,1,0,0,0,1,0,0,0,0,0,0,0,0,1,3,0,FINAL (ENTRADA MANUAL)
23,76,4,0,0,0,0,0,0,0,0,0,0,0,0,0,0,0,0,0,0,0,0,0,0,0,0,0,0,0,0,0,0,0,0,FINAL (ENTRADA MANUAL)
23,76,5,1,1,0,0,0,0,0,0,1,1,0,0,0,0,0,0,1,1,0,0,0,0,0,0,0,0,0,0,0,0,2,0,FINAL (ENTRADA MANUAL)
23,77,1,0,0,0,0,0,0,0,0,0,0,0,0,0,0,0,0,0,0,0,0,0,0,0,0,0,0,0,0,0,0,0,0,FINAL (ENTRADA MANUAL)
23,77,2,4,0,0,14,1,0,0,0,2,4,5,6,1,0,0,0,2,0,0,3,1,0,0,0,3,0,0,0,0,10,19,0,FINAL (ENTRADA MANUAL)
23,77,3,0,0,0,0,0,0,0,0,0,0,0,0,0,0,0,0,0,0,0,0,0,0,0,0,0,0,0,0,0,0,0,0,FINAL (ENTRADA MANUAL)
23,77,4,0,0,0,1,0,0,0,0,0,1,0,0,0,0,0,0,0,0,0,0,0,0,0,0,0,0,0,0,0,1,1,0,FINAL (ENTRADA MANUAL)
23,77,5,0,0,0,2,0,0,0,0,0,0,1,1,0,0,0,0,0,0,0,1,0,0,0,0,0,0,0,0,0,1,2,0,FINAL (ENTRADA MANUAL)
23,78,1,27,12,0,5,1,0,0,0,19,18,2,1,0,0,0,5,19,11,0,1,0,0,1,0,0,0,0,0,0,0,45,0,FINAL (ENTRADA MANUAL)
23,78,2,4,1,0,1,0,0,1,0,4,1,0,1,0,0,0,1,0,1,0,1,0,1,0,0,0,0,0,0,0,4,7,0,FINAL (ENTRADA MANUAL)
23,78,3,6,1,0,2,0,0,0,0,6,3,0,0,0,0,0,0,6,1,0,0,0,0,0,0,0,0,0,0,0,2,9,0,FINAL (ENTRADA MANUAL)
23,78,4,0,0,0,0,0,0,0,0,0,0,0,0,0,0,0,0,0,0,0,0,0,0,0,0,0,0,0,0,0,0,0,0,FINAL (ENTRADA MANUAL)
34,1,1,67,25,0,34,13,0,0,0,69,44,6,7,10,0,0,3,65,22,0,5,10,0,4,0,4,1,0,0,0,28,139,292,FINAL (ENTRADA MANUAL)
34,1,2,74,36,0,29,23,0,0,1,77,49,5,9,11,0,0,12,69,28,0,7,10,0,1,0,1,3,0,0,0,44,163,293,FINAL (ENTRADA MANUAL)
34,2,1,110,48,0,21,28,0,1,0,91,72,9,1,16,0,0,19,83,41,0,1,13,2,2,0,2,2,1,0,0,62,209,385,FINAL (ENTRADA MANUAL)
34,2,2,79,38,0,52,33,0,1,0,72,77,13,14,19,0,0,8,69,37,0,13,16,0,1,1,4,3,0,0,0,59,203,385,FINAL (ENTRADA MANUAL)
34,2,3,84,54,1,36,25,0,0,0,72,86,7,7,12,0,0,16,67,47,1,4,9,2,1,0,2,1,3,0,0,66,203,384,FINAL (ENTRADA MANUAL)
34,3,1,45,56,0,15,18,0,0,0,39,72,4,3,11,0,0,5,37,54,0,3,10,1,1,0,1,2,1,0,0,25,135,258,FINAL (ENTRADA MANUAL)
34,3,2,45,56,0,24,28,0,0,0,38,76,7,6,20,0,0,6,35,50,0,5,17,0,3,0,0,1,1,0,0,42,154,258,FINAL (ENTRADA MANUAL)
34,4,1,110,33,0,35,23,0,0,0,102,68,4,5,16,0,0,6,97,30,0,5,14,3,1,1,5,0,5,1,0,45,207,384,FINAL (ENTRADA MANUAL)
34,4,2,115,47,1,22,30,0,0,1,105,76,7,3,13,0,0,12,101,41,1,3,11,3,0,0,1,7,1,0,0,48,217,384,FINAL (ENTRADA MANUAL)
34,4,3,95,35,0,33,34,0,0,0,83,67,5,5,25,0,0,12,78,31,0,3,18,0,2,0,3,1,1,0,0,61,198,383,FINAL (ENTRADA MANUAL)
34,5,1,109,30,0,52,23,0,0,0,95,75,7,10,13,0,0,14,89,29,0,9,10,1,2,0,6,0,1,0,0,68,215,375,FINAL (ENTRADA MANUAL)
34,5,2,145,57,2,37,44,0,1,0,137,94,8,8,31,0,0,8,125,53,1,8,29,2,0,0,1,2,8,0,0,65,287,375,FINAL (ENTRADA MANUAL)
34,5,3,122,33,1,31,27,0,0,0,111,67,7,9,9,0,0,11,104,30,1,9,7,1,1,0,1,2,0,0,0,58,214,375,FINAL (ENTRADA MANUAL)
34,6,1,140,40,0,32,17,0,0,0,119,68,8,1,11,0,0,22,109,33,0,1,9,1,2,0,2,1,0,0,0,71,229,420,FINAL (ENTRADA MANUAL)
34,7,1,97,25,0,28,18,0,0,0,91,43,7,8,14,0,0,5,87,20,0,7,13,2,1,0,3,0,2,0,0,35,170,287,FINAL (ENTRADA MANUAL)
34,7,2,88,30,2,15,12,0,0,2,80,50,5,3,5,0,0,6,75,30,2,3,4,0,0,0,0,0,0,0,0,35,149,287,FINAL (ENTRADA MANUAL)
34,8,1,119,25,0,31,23,1,0,1,111,52,6,11,11,0,0,9,98,24,0,9,10,2,0,0,4,1,0,0,0,52,200,371,FINAL (ENTRADA MANUAL)
34,8,2,112,34,0,29,39,0,0,0,108,61,6,6,24,0,0,9,100,28,0,5,21,3,2,0,3,1,0,1,0,51,215,371,FINAL (ENTRADA MANUAL)
34,9,1,151,52,1,23,16,0,0,0,138,68,2,5,15,0,0,15,134,43,0,3,12,1,1,1,2,0,3,0,0,46,246,455,FINAL (ENTRADA MANUAL)
34,72,1,184,133,0,18,17,0,0,0,178,148,2,10,10,0,0,4,170,130,0,10,10,1,0,0,0,1,0,0,1,30,353,0,FINAL (ENTRADA MANUAL)
34,72,2,16,18,0,1,0,0,0,0,16,19,0,0,0,0,0,0,16,18,0,0,0,0,0,0,0,0,0,0,0,1,35,0,FINAL (ENTRADA MANUAL)
34,72,3,1,2,0,0,0,0,0,0,1,2,0,0,0,0,0,0,1,2,0,0,0,0,0,0,0,0,0,0,0,0,3,0,FINAL (ENTRADA MANUAL)
34,72,4,6,7,0,2,1,0,0,0,6,8,0,1,1,0,0,0,5,7,0,1,1,0,1,0,0,0,1,0,0,1,17,0,FINAL (ENTRADA MANUAL)
34,72,5,19,3,0,6,0,0,0,0,19,4,1,3,0,0,0,1,19,2,0,3,0,0,0,0,0,0,0,0,0,4,28,0,FINAL (ENTRADA MANUAL)
34,72,6,1,2,0,0,1,0,0,0,1,2,0,0,0,0,0,0,1,1,0,0,0,0,1,0,0,0,0,0,0,0,3,0,FINAL (ENTRADA MANUAL)
34,72,7,1,6,0,2,0,0,0,0,1,6,0,2,0,0,0,0,1,6,0,2,0,0,0,0,0,0,0,0,0,0,9,0,FINAL (ENTRADA MANUAL)
34,72,8,0,1,0,0,0,0,0,0,0,1,0,0,0,0,0,0,0,0,0,0,0,0,0,0,0,0,0,0,0,0,1,0,FINAL (ENTRADA MANUAL)
34,72,9,53,36,0,15,8,0,0,0,57,41,1,9,4,0,0,0,48,33,0,9,3,1,2,0,1,2,0,0,0,13,112,0,FINAL (ENTRADA MANUAL)
34,73,1,259,63,1,7,9,0,0,0,242,74,1,1,2,0,0,19,232,60,0,1,2,1,2,0,0,0,0,0,0,41,339,0,FINAL (ENTRADA MANUAL)
34,73,2,0,0,0,0,0,0,0,0,0,0,0,0,0,0,0,0,0,0,0,0,0,0,0,0,0,0,0,0,0,0,0,0,FINAL (ENTRADA MANUAL)
34,73,3,46,8,0,0,2,0,0,0,46,10,0,0,1,0,0,0,46,8,0,0,1,1,1,0,0,0,10,0,0,0,67,0,FINAL (ENTRADA MANUAL)
34,74,1,0,0,0,0,0,0,0,0,0,0,0,0,0,0,0,0,0,0,0,0,0,0,0,0,0,0,0,0,0,0,0,0,FINAL (ENTRADA MANUAL)
34,74,2,0,0,0,0,0,0,0,0,0,0,0,0,0,0,0,0,0,0,0,0,0,0,0,0,0,0,0,0,0,0,0,0,FINAL (ENTRADA MANUAL)
34,75,1,0,0,0,0,0,0,0,0,0,0,0,0,0,0,0,0,0,0,0,0,0,0,0,0,0,0,0,0,0,0,0,0,FINAL (ENTRADA MANUAL)
34,76,1,4,0,0,0,0,0,0,0,4,0,0,0,0,0,0,0,4,0,0,0,0,0,0,0,0,0,0,1,0,0,5,0,FINAL (ENTRADA MANUAL)
34,76,2,0,0,0,0,0,0,0,0,0,0,0,0,0,0,0,0,0,0,0,0,0,0,0,0,0,0,0,0,0,0,0,0,FINAL (ENTRADA MANUAL)
34,76,3,1,0,0,0,0,0,0,0,1,0,0,0,0,0,0,0,0,0,0,0,0,0,0,0,0,0,0,0,0,1,1,0,FINAL (ENTRADA MANUAL)
34,76,5,4,0,0,1,0,0,0,0,4,0,0,1,0,0,0,0,4,0,0,1,0,0,0,0,0,0,0,0,0,0,5,0,FINAL (ENTRADA MANUAL)
34,76,6,0,0,0,0,0,0,0,0,0,0,0,0,0,0,0,0,0,0,0,0,0,0,0,0,0,0,0,0,0,0,0,0,FINAL (ENTRADA MANUAL)
34,77,1,0,0,0,0,0,0,0,0,0,0,0,0,0,0,0,0,0,0,0,0,0,0,0,0,0,0,0,0,0,0,0,0,FINAL (ENTRADA MANUAL)
34,77,2,2,0,0,3,1,0,0,0,2,1,1,1,1,0,0,0,2,0,0,1,1,0,0,0,0,0,0,0,0,2,6,0,FINAL (ENTRADA MANUAL)
34,77,3,0,0,0,2,0,0,0,0,0,0,1,1,0,0,0,0,0,0,0,0,0,0,0,0,0,0,0,0,0,2,2,0,FINAL (ENTRADA MANUAL)
34,77,4,4,1,0,2,0,0,0,0,4,1,0,2,0,0,0,0,4,1,0,2,0,0,0,0,0,0,0,0,0,0,7,0,FINAL (ENTRADA MANUAL)
34,78,1,7,2,0,0,1,0,0,0,5,3,0,0,2,0,0,0,5,1,0,0,1,0,0,0,0,0,0,0,0,4,10,0,FINAL (ENTRADA MANUAL)
34,78,2,2,0,0,1,0,0,0,0,2,0,0,1,0,0,0,0,2,0,0,0,0,0,0,0,0,0,0,0,0,1,3,0,FINAL (ENTRADA MANUAL)
34,78,3,0,0,0,0,0,0,0,0,0,0,0,0,0,0,0,0,0,0,0,0,0,0,0,0,0,0,0,0,0,0,0,0,FINAL (ENTRADA MANUAL)
34,78,4,0,0,0,0,0,0,0,0,0,0,0,0,0,0,0,0,0,0,0,0,0,0,0,0,0,0,0,0,0,0,0,0,FINAL (ENTRADA MANUAL)
47,1,1,85,25,0,90,6,1,0,3,73,78,27,11,7,1,0,13,65,19,0,9,6,3,1,1,13,0,0,0,0,93,210,378,FINAL (ENTRADA MANUAL)
47,1,2,88,32,0,73,16,1,0,0,76,82,15,15,13,0,1,8,65,28,0,13,12,0,1,0,4,0,0,0,0,87,210,378,FINAL (ENTRADA MANUAL)
47,1,3,89,37,0,79,8,0,0,0,76,91,14,16,2,0,0,14,68,32,0,13,2,1,1,1,9,1,0,0,0,85,213,377,FINAL (ENTRADA MANUAL)
47,2,1,105,45,0,80,10,1,0,0,91,84,28,16,10,0,0,12,83,38,0,13,7,1,3,0,9,0,1,0,0,87,242,465,FINAL (ENTRADA MANUAL)
47,2,2,93,58,0,57,12,1,0,1,79,91,11,16,11,1,0,13,73,47,0,11,8,0,3,0,3,0,0,0,0,77,222,465,FINAL (ENTRADA MANUAL)
47,2,3,94,40,0,59,11,0,0,0,65,83,12,15,7,0,0,22,63,33,0,13,6,0,3,0,3,0,0,0,0,83,204,466,FINAL (ENTRADA MANUAL)
47,3,1,104,81,2,68,18,0,0,1,91,131,17,15,10,0,0,10,83,69,2,11,7,0,3,1,7,2,1,1,2,89,278,510,FINAL (ENTRADA MANUAL)
47,3,2,111,71,0,62,22,0,0,3,88,115,22,12,21,0,0,11,83,65,0,12,16,2,3,2,7,1,1,1,0,78,271,511,FINAL (ENTRADA MANUAL)
47,4,1,104,37,0,36,21,0,0,0,88,66,12,4,20,0,0,8,80,30,0,4,18,2,0,0,3,0,0,0,0,61,198,367,FINAL (ENTRADA MANUAL)
47,4,2,82,38,0,61,11,0,1,0,68,83,15,14,5,0,0,8,61,30,0,12,4,1,1,0,6,1,0,0,0,77,193,367,FINAL (ENTRADA MANUAL)
47,4,3,100,39,0,43,14,0,0,0,78,77,10,5,9,0,0,17,73,33,0,5,8,1,2,0,4,2,1,0,0,68,197,368,FINAL (ENTRADA MANUAL)
47,5,1,70,67,0,62,6,0,0,1,51,112,18,6,2,0,0,17,49,63,0,5,1,1,2,0,10,1,0,0,0,74,206,381,FINAL (ENTRADA MANUAL)
47,6,1,109,52,1,57,6,0,0,1,92,86,11,15,8,0,0,14,84,46,1,14,4,2,1,0,1,1,1,0,0,72,227,414,FINAL (ENTRADA MANUAL)
47,6,2,104,44,0,50,13,0,0,1,88,79,11,15,13,0,0,6,85,42,0,15,9,1,0,1,6,1,0,0,0,52,212,414,FINAL (ENTRADA MANUAL)
47,6,3,98,56,0,35,11,0,0,0,91,73,11,5,10,0,0,10,82,45,0,5,7,1,1,0,5,0,0,0,0,54,200,414,FINAL (ENTRADA MANUAL)
47,7,1,140,49,1,56,7,0,0,0,120,83,15,13,5,0,0,17,116,46,1,12,3,2,1,1,4,0,0,0,1,67,254,508,FINAL (ENTRADA MANUAL)
47,8,1,67,34,0,110,5,0,0,2,50,93,35,14,5,0,0,21,46,25,0,12,4,3,0,2,15,0,2,0,0,111,220,372,FINAL (ENTRADA MANUAL)
47,8,2,108,29,0,89,10,1,0,0,85,96,26,7,8,1,0,14,73,24,0,5,6,2,2,1,4,0,0,0,0,120,237,372,FINAL (ENTRADA MANUAL)
47,8,3,71,46,1,77,6,0,0,1,59,92,23,12,3,0,0,13,49,37,1,11,3,1,1,0,8,0,1,0,0,91,203,372,FINAL (ENTRADA MANUAL)
47,9,1,128,47,0,60,7,0,0,0,112,72,15,16,6,0,0,21,93,44,0,12,5,1,0,0,4,0,0,0,0,83,242,507,FINAL (ENTRADA MANUAL)
47,9,2,118,45,2,63,11,0,0,1,98,75,17,11,13,0,0,26,87,39,2,9,9,1,1,0,4,0,1,0,0,88,241,507,FINAL (ENTRADA MANUAL)
47,9,3,113,44,0,71,2,0,0,0,99,79,14,16,1,0,0,21,89,39,0,16,1,2,4,0,4,0,0,0,0,75,230,508,FINAL (ENTRADA MANUAL)
47,10,1,71,31,1,29,1,0,0,0,61,49,7,5,0,0,0,11,56,29,0,4,0,0,3,0,2,0,0,0,0,39,133,296,FINAL (ENTRADA MANUAL)
47,10,2,90,29,0,26,6,0,0,0,68,45,4,6,3,0,0,25,63,23,0,5,2,0,0,0,1,0,0,0,0,57,151,296,FINAL (ENTRADA MANUAL)
47,11,1,91,47,0,48,4,1,0,0,61,84,14,7,2,0,0,23,59,41,0,7,1,1,1,2,5,1,2,0,0,73,193,336,FINAL (ENTRADA MANUAL)
47,11,2,68,46,1,45,2,0,1,1,52,75,9,8,1,0,0,19,44,32,1,7,1,1,1,0,2,0,1,0,0,75,165,337,FINAL (ENTRADA MANUAL)
47,12,1,100,30,0,43,10,0,0,0,95,61,7,6,8,0,0,6,89,25,0,5,7,0,0,0,4,0,2,0,0,53,185,346,FINAL (ENTRADA MANUAL)
47,12,2,101,31,0,49,18,0,0,0,84,81,6,7,15,0,0,6,81,27,0,6,12,0,2,0,2,1,0,0,0,68,199,346,FINAL (ENTRADA MANUAL)
47,13,1,117,35,0,65,10,0,0,1,92,71,15,16,8,0,0,26,80,26,0,13,5,1,0,0,1,0,2,0,0,102,230,414,FINAL (ENTRADA MANUAL)
47,13,2,88,34,0,64,2,0,0,0,75,68,13,17,0,0,0,15,66,28,0,17,0,3,2,0,6,0,3,0,0,66,191,414,FINAL (ENTRADA MANUAL)
47,14,1,121,55,1,89,16,1,2,0,105,124,27,8,10,0,0,11,95,50,1,5,10,3,8,0,8,0,1,0,0,105,286,499,FINAL (ENTRADA MANUAL)
47,14,2,112,50,0,84,10,0,0,0,95,99,13,17,6,0,0,26,85,42,0,16,4,2,2,0,3,0,1,0,0,102,257,499,FINAL (ENTRADA MANUAL)
47,14,3,120,49,0,80,9,1,0,0,103,98,20,15,8,1,0,14,96,40,0,13,5,1,1,0,12,1,0,0,0,90,259,500,FINAL (ENTRADA MANUAL)
47,72,1,45,29,0,4,0,0,0,0,42,36,0,0,0,0,0,0,39,26,0,0,0,0,0,0,2,0,0,0,0,11,78,0,FINAL (ENTRADA MANUAL)
47,72,2,0,0,0,0,0,0,0,0,0,0,0,0,0,0,0,0,0,0,0,0,0,0,0,0,0,0,0,0,0,0,0,0,FINAL (ENTRADA MANUAL)
47,72,3,278,53,1,50,13,1,0,2,267,89,24,5,5,0,0,8,245,43,1,4,4,1,5,2,9,1,0,0,0,83,398,0,FINAL (ENTRADA MANUAL)
47,72,4,0,2,0,0,0,0,0,0,0,2,0,0,0,0,0,0,0,2,0,0,0,0,0,0,0,0,0,0,0,0,2,0,FINAL (ENTRADA MANUAL)
47,72,5,3,0,0,0,0,0,0,0,3,0,0,0,0,0,0,0,3,0,0,0,0,0,0,0,0,0,0,0,0,0,3,0,FINAL (ENTRADA MANUAL)
47,72,6,2,0,0,0,0,0,0,0,2,0,0,0,0,0,0,0,2,0,0,0,0,0,0,0,0,0,0,0,0,0,2,0,FINAL (ENTRADA MANUAL)
47,72,7,9,0,0,1,1,0,0,0,10,1,0,0,0,0,0,0,9,0,0,0,0,0,0,0,0,0,0,0,0,2,11,0,FINAL (ENTRADA MANUAL)
47,73,1,375,336,0,33,8,0,0,1,320,351,1,6,5,0,0,70,310,296,0,5,5,0,4,2,0,2,0,0,0,133,753,0,FINAL (ENTRADA MANUAL)
47,73,2,0,0,0,0,0,0,0,0,0,0,0,0,0,0,0,0,0,0,0,0,0,0,0,0,0,0,0,0,0,0,0,0,FINAL (ENTRADA MANUAL)
47,73,3,0,0,0,0,0,0,0,0,0,0,0,0,0,0,0,0,0,0,0,0,0,0,0,0,0,0,0,0,0,0,0,0,FINAL (ENTRADA MANUAL)
47,73,4,0,0,0,0,0,0,0,0,0,0,0,0,0,0,0,0,0,0,0,0,0,0,0,0,0,0,0,0,0,0,0,0,FINAL (ENTRADA MANUAL)
47,73,5,152,159,1,11,1,0,1,0,139,159,2,3,1,0,0,21,135,150,1,3,1,1,0,0,1,0,11,0,0,33,336,0,FINAL (ENTRADA MANUAL)
47,74,1,0,0,0,0,0,0,0,0,0,0,0,0,0,0,0,0,0,0,0,0,0,0,0,0,0,0,0,0,0,0,0,0,FINAL (ENTRADA MANUAL)
47,74,2,0,0,0,0,0,0,0,0,0,0,0,0,0,0,0,0,0,0,0,0,0,0,0,0,0,0,0,0,0,0,0,0,FINAL (ENTRADA MANUAL)
47,75,1,0,0,0,0,0,0,0,0,0,0,0,0,0,0,0,0,0,0,0,0,0,0,0,0,0,0,0,0,0,0,0,0,FINAL (ENTRADA MANUAL)
47,76,1,17,1,0,1,0,0,1,0,13,1,1,0,0,0,0,5,9,0,0,0,0,1,0,0,0,0,0,1,0,10,21,0,FINAL (ENTRADA MANUAL)
47,76,2,0,0,0,0,0,0,0,0,0,0,0,0,0,0,0,0,0,0,0,0,0,0,0,0,0,0,0,0,0,0,0,0,FINAL (ENTRADA MANUAL)
47,76,3,5,0,0,0,0,0,0,0,3,0,0,0,0,0,0,2,3,0,0,0,0,0,0,0,0,0,0,0,0,2,5,0,FINAL (ENTRADA MANUAL)
47,76,5,0,0,0,0,0,0,0,0,0,0,0,0,0,0,0,0,0,0,0,0,0,0,0,0,0,0,0,0,0,0,0,0,FINAL (ENTRADA MANUAL)
47,77,1,2,1,0,23,1,0,0,0,1,8,15,3,0,0,0,0,1,1,0,3,0,0,0,1,1,0,0,0,0,20,27,0,FINAL (ENTRADA MANUAL)
47,77,2,8,1,0,0,0,0,0,0,8,1,0,0,0,0,0,0,8,1,0,0,0,0,0,0,0,0,0,0,0,0,9,0,FINAL (ENTRADA MANUAL)
47,77,3,0,0,0,0,0,0,0,0,0,0,0,0,0,0,0,0,0,0,0,0,0,0,0,0,0,0,0,0,0,0,0,0,FINAL (ENTRADA MANUAL)
47,77,4,0,0,0,2,0,0,0,0,0,0,2,0,0,0,0,0,0,0,0,0,0,0,0,0,0,0,0,0,0,2,2,0,FINAL (ENTRADA MANUAL)
47,78,1,31,10,0,4,3,0,0,0,28,10,0,2,3,0,0,5,24,5,0,2,2,0,0,0,0,0,0,0,0,15,48,0,FINAL (ENTRADA MANUAL)
47,78,2,11,2,0,2,0,0,0,0,6,1,0,0,0,0,0,8,3,1,0,0,0,0,0,0,0,0,0,0,0,11,15,0,FINAL (ENTRADA MANUAL)
47,78,3,1,5,0,1,0,0,0,0,0,6,0,0,0,0,1,0,0,3,0,0,0,0,0,0,0,0,0,0,0,4,7,0,FINAL (ENTRADA MANUAL)
47,78,4,0,0,0,0,0,0,0,0,0,0,0,0,0,0,0,0,0,0,0,0,0,0,0,0,0,0,0,0,0,0,0,0,FINAL (ENTRADA MANUAL)
48,1,1,74,70,0,114,9,0,0,0,63,138,29,22,3,0,0,12,57,63,0,20,1,1,6,0,20,0,1,0,0,99,268,564,FINAL (ENTRADA MANUAL)
48,1,2,98,61,0,95,11,0,0,0,75,120,22,26,7,0,0,15,67,53,0,23,5,2,2,0,9,0,0,1,0,104,266,563,FINAL (ENTRADA MANUAL)
48,2,1,76,56,0,84,9,0,0,4,66,106,24,14,8,0,0,11,59,52,0,13,4,1,6,0,3,0,0,1,1,91,231,500,FINAL (ENTRADA MANUAL)
48,2,2,84,60,0,60,5,0,1,0,75,100,13,9,5,0,0,8,69,58,0,9,2,2,2,0,3,0,0,0,0,65,210,500,FINAL (ENTRADA MANUAL)
48,3,1,88,75,0,109,8,0,0,0,74,148,33,7,6,0,0,12,68,70,0,6,3,3,5,0,12,0,1,0,0,113,281,568,FINAL (ENTRADA MANUAL)
48,3,2,99,61,0,75,12,0,0,0,83,110,19,13,6,0,0,16,74,57,0,13,5,2,0,0,6,2,2,0,0,88,249,569,FINAL (ENTRADA MANUAL)
48,4,1,61,60,0,62,4,0,0,0,45,109,18,8,2,0,0,5,37,53,0,6,2,0,4,2,4,0,0,0,0,79,187,321,FINAL (ENTRADA MANUAL)
48,5,1,57,41,1,37,7,0,0,0,51,58,7,11,6,0,0,10,44,37,1,11,4,2,1,0,1,0,2,0,1,42,146,309,FINAL (ENTRADA MANUAL)
48,6,1,100,97,1,65,16,0,1,1,87,135,10,18,16,0,0,15,79,80,0,14,12,4,1,0,4,0,1,1,0,87,283,566,FINAL (ENTRADA MANUAL)
48,6,2,97,66,0,64,11,0,0,0,82,113,11,8,6,0,1,17,75,59,0,6,4,1,4,0,7,0,0,0,0,82,238,565,FINAL (ENTRADA MANUAL)
48,7,1,61,58,0,52,4,0,0,0,52,87,8,14,4,0,0,10,46,55,0,13,3,0,0,0,4,0,1,0,0,54,176,370,FINAL (ENTRADA MANUAL)
48,7,2,61,62,0,48,9,0,0,1,46,81,21,13,9,0,0,11,43,56,0,12,8,2,0,0,4,0,0,0,1,56,182,370,FINAL (ENTRADA MANUAL)
48,8,1,68,45,0,55,0,0,0,0,57,78,15,10,0,0,0,8,46,41,0,10,0,2,1,1,3,0,0,0,0,64,168,348,FINAL (ENTRADA MANUAL)
48,8,2,74,38,0,30,1,0,1,0,57,66,7,4,0,0,0,10,54,33,0,4,0,3,3,0,0,0,0,0,0,47,144,349,FINAL (ENTRADA MANUAL)
48,9,1,84,66,0,46,5,0,0,1,69,106,7,6,4,0,0,10,60,58,0,6,3,1,2,2,2,0,1,0,0,68,203,465,FINAL (ENTRADA MANUAL)
48,9,2,87,47,2,32,3,0,2,0,73,66,7,6,5,0,0,16,67,42,0,4,1,0,1,0,3,0,0,0,0,55,173,465,FINAL (ENTRADA MANUAL)
48,9,3,75,64,0,40,4,2,0,0,65,93,8,8,5,1,0,5,55,62,0,7,3,2,1,1,6,0,0,0,0,48,185,464,FINAL (ENTRADA MANUAL)
48,10,1,90,53,0,42,6,0,0,0,77,75,10,14,6,0,0,9,72,48,0,10,3,1,0,0,5,1,1,0,0,51,192,306,FINAL (ENTRADA MANUAL)
48,10,2,76,33,0,38,7,0,0,0,66,52,11,7,7,0,0,11,60,29,0,5,5,0,1,1,4,1,0,0,1,48,155,305,FINAL (ENTRADA MANUAL)
48,11,1,69,41,0,28,0,0,0,0,64,53,8,8,0,0,0,5,60,38,0,8,0,0,1,0,1,0,0,1,0,30,139,286,FINAL (ENTRADA MANUAL)
48,12,1,83,62,1,49,7,0,0,0,75,87,12,9,7,0,0,12,71,51,0,8,5,0,1,0,6,0,0,0,0,60,202,410,FINAL (ENTRADA MANUAL)
48,12,2,88,63,0,30,9,0,0,0,83,80,8,2,6,0,0,11,78,61,0,1,4,0,0,0,0,1,1,0,0,45,191,409,FINAL (ENTRADA MANUAL)
48,13,1,56,50,0,60,2,0,0,0,51,90,10,4,3,0,0,10,44,43,0,4,0,1,4,0,5,0,2,0,0,67,170,380,FINAL (ENTRADA MANUAL)
48,13,2,63,44,0,47,6,0,0,0,52,75,12,10,3,1,0,7,46,40,0,7,3,1,2,0,3,1,0,2,0,57,162,380,FINAL (ENTRADA MANUAL)
48,13,3,68,58,1,55,5,0,0,0,57,96,11,10,4,0,0,9,49,53,1,9,3,0,5,0,4,0,0,0,0,63,187,380,FINAL (ENTRADA MANUAL)
48,13,4,78,50,0,43,12,0,0,0,72,75,9,11,12,0,0,4,61,45,0,7,11,0,2,0,3,0,0,0,0,54,183,382,FINAL (ENTRADA MANUAL)
48,14,1,35,46,0,57,5,0,0,0,29,66,14,17,6,0,1,10,25,43,0,16,2,0,2,0,0,0,1,0,0,55,144,367,FINAL (ENTRADA MANUAL)
48,72,1,14,1,0,1,0,0,0,0,13,3,0,0,0,0,0,0,13,1,0,0,0,0,0,0,0,0,0,0,0,2,16,0,FINAL (ENTRADA MANUAL)
48,72,2,4,1,0,0,0,0,0,0,4,1,0,0,0,0,0,0,4,1,0,0,0,0,0,0,0,0,0,0,0,0,5,0,FINAL (ENTRADA MANUAL)
48,72,3,466,84,1,83,9,1,1,0,443,133,39,12,3,0,1,14,427,81,0,10,2,5,9,0,19,1,0,0,4,91,645,0,FINAL (ENTRADA MANUAL)
48,72,4,99,10,0,15,2,0,0,0,92,18,6,4,1,0,0,5,88,10,0,4,0,5,0,0,5,0,1,0,0,14,127,0,FINAL (ENTRADA MANUAL)
48,72,5,17,1,0,0,0,0,0,0,17,0,0,1,0,0,0,0,17,0,0,0,0,0,0,0,1,0,0,0,0,0,18,0,FINAL (ENTRADA MANUAL)
48,72,6,1,0,0,0,0,0,0,0,1,0,0,0,0,0,0,0,1,0,0,0,0,0,0,0,0,0,0,0,0,0,1,0,FINAL (ENTRADA MANUAL)
48,72,7,0,4,0,3,0,0,0,0,0,4,3,0,0,0,0,0,0,4,0,0,0,0,0,3,0,0,0,0,0,0,7,0,FINAL (ENTRADA MANUAL)
48,72,8,0,0,0,0,0,0,0,0,0,0,0,0,0,0,0,0,0,0,0,0,0,0,0,0,0,0,0,0,0,0,0,0,FINAL (ENTRADA MANUAL)
48,73,1,122,404,0,20,3,0,0,1,86,402,2,5,3,0,0,52,78,360,0,5,2,0,0,0,2,0,0,0,0,103,550,0,FINAL (ENTRADA MANUAL)
48,73,2,0,0,0,0,0,0,0,0,0,0,0,0,0,0,0,0,0,0,0,0,0,0,0,0,0,0,0,0,0,0,0,0,FINAL (ENTRADA MANUAL)
48,73,3,20,94,0,2,0,0,0,0,18,93,0,3,0,0,0,2,18,93,0,2,0,0,0,0,0,0,3,0,0,3,119,0,FINAL (ENTRADA MANUAL)
48,74,1,0,0,0,0,0,0,0,0,0,0,0,0,0,0,0,0,0,0,0,0,0,0,0,0,0,0,0,0,0,0,0,0,FINAL (ENTRADA MANUAL)
48,74,2,0,0,0,0,0,0,0,0,0,0,0,0,0,0,0,0,0,0,0,0,0,0,0,0,0,0,0,0,0,0,0,0,FINAL (ENTRADA MANUAL)
48,75,1,3,0,0,0,0,0,0,0,3,0,0,0,0,0,0,0,3,0,0,0,0,0,0,0,0,0,0,0,0,0,3,0,FINAL (ENTRADA MANUAL)
48,76,1,3,0,0,1,0,0,0,0,2,0,0,0,1,0,0,1,1,0,0,0,0,0,0,0,0,0,0,0,0,3,4,0,FINAL (ENTRADA MANUAL)
48,76,2,0,0,0,0,0,0,0,0,0,0,0,0,0,0,0,0,0,0,0,0,0,0,0,0,0,0,0,0,0,0,0,0,FINAL (ENTRADA MANUAL)
48,76,3,5,0,0,1,0,0,0,0,4,0,0,1,1,0,0,0,3,0,0,1,0,0,0,0,0,0,0,0,0,2,6,0,FINAL (ENTRADA MANUAL)
48,76,4,0,0,0,0,0,0,0,0,0,0,0,0,0,0,0,0,0,0,0,0,0,0,0,0,0,0,1,0,0,0,1,0,FINAL (ENTRADA MANUAL)
48,77,1,6,14,0,11,0,0,0,0,6,19,3,2,0,0,0,1,4,13,0,1,0,0,3,0,2,0,0,0,0,8,31,0,FINAL (ENTRADA MANUAL)
48,77,2,0,5,0,3,0,0,0,0,0,10,0,3,0,0,0,1,0,5,0,2,0,0,1,0,1,0,2,0,0,7,18,0,FINAL (ENTRADA MANUAL)
48,77,3,0,1,0,0,0,0,0,0,0,1,0,0,0,0,0,0,0,1,0,0,0,0,0,0,0,0,0,0,0,0,1,0,FINAL (ENTRADA MANUAL)
48,77,4,5,7,0,4,0,0,0,0,5,7,2,2,0,0,0,0,5,7,0,2,0,0,0,0,0,0,0,0,0,2,16,0,FINAL (ENTRADA MANUAL)
48,78,1,11,5,0,5,0,0,0,0,8,10,0,1,0,0,0,2,7,4,0,1,0,0,2,0,1,0,0,0,0,6,21,0,FINAL (ENTRADA MANUAL)
48,78,2,10,2,0,2,0,0,0,0,9,2,0,1,0,0,0,2,6,1,0,1,0,0,0,0,0,0,0,0,0,6,14,0,FINAL (ENTRADA MANUAL)
48,78,3,0,0,0,3,0,0,0,0,0,1,1,0,0,0,0,1,0,0,0,0,0,0,0,0,0,0,0,0,0,3,3,0,FINAL (ENTRADA MANUAL)
48,78,4,0,0,0,0,0,0,0,0,0,0,0,0,0,0,0,0,0,0,0,0,0,0,0,0,0,0,0,0,0,0,0,0,FINAL (ENTRADA MANUAL)
49,1,1,66,54,0,101,12,0,0,0,61,102,25,24,10,0,0,11,51,45,0,22,6,0,7,0,8,0,1,0,0,94,234,473,FINAL (ENTRADA MANUAL)
49,1,2,88,56,0,97,8,0,0,0,76,128,14,20,1,0,0,10,67,54,0,20,0,2,4,0,5,1,0,0,0,96,249,473,FINAL (ENTRADA MANUAL)
49,1,3,91,66,0,83,10,0,0,3,78,120,24,17,6,0,0,8,66,59,0,14,5,0,3,1,8,0,0,0,0,97,253,473,FINAL (ENTRADA MANUAL)
49,1,4,88,73,1,82,6,0,0,2,70,130,22,12,8,0,0,10,63,68,1,11,4,2,4,1,4,0,0,0,0,94,252,473,FINAL (ENTRADA MANUAL)
49,1,5,80,56,2,83,10,0,0,0,64,122,22,9,5,0,0,9,59,54,1,7,4,1,3,1,13,1,0,0,0,87,231,473,FINAL (ENTRADA MANUAL)
49,1,6,83,48,0,98,10,0,0,1,70,111,25,17,5,1,0,11,56,41,0,16,5,1,3,1,8,1,1,0,0,108,241,473,FINAL (ENTRADA MANUAL)
49,1,7,71,66,0,74,11,0,1,0,54,109,26,13,6,0,0,15,44,56,0,12,4,2,3,0,9,0,0,1,0,93,224,473,FINAL (ENTRADA MANUAL)
49,1,8,86,65,1,82,9,0,0,0,73,124,17,20,6,0,0,3,69,63,1,17,5,3,0,1,10,1,0,0,0,73,243,475,FINAL (ENTRADA MANUAL)
49,2,1,107,64,1,72,6,0,0,0,88,110,11,19,5,0,0,17,81,59,1,16,3,3,1,1,4,0,0,0,0,81,250,502,FINAL (ENTRADA MANUAL)
49,2,2,116,69,0,79,11,0,0,0,97,127,17,10,10,0,0,14,89,58,0,10,7,1,5,0,6,1,1,0,2,98,278,502,FINAL (ENTRADA MANUAL)
49,2,3,77,81,0,76,13,0,1,1,60,128,14,15,9,1,0,22,56,64,0,13,7,0,1,0,6,0,0,0,1,102,250,502,FINAL (ENTRADA MANUAL)
49,2,4,75,72,1,48,21,0,0,0,60,119,7,9,14,0,0,8,54,68,1,9,11,0,5,0,3,3,0,0,0,63,217,502,FINAL (ENTRADA MANUAL)
49,2,5,85,78,0,62,12,0,0,0,69,113,12,13,8,0,0,22,57,56,0,11,7,1,2,0,5,0,0,0,0,98,237,502,FINAL (ENTRADA MANUAL)
49,2,6,79,79,0,67,10,0,0,0,62,123,17,11,10,0,0,12,53,61,0,11,7,1,3,0,7,0,0,0,0,92,235,502,FINAL (ENTRADA MANUAL)
49,3,1,121,79,0,81,8,0,1,2,96,136,22,14,7,0,0,17,85,74,0,13,3,1,0,0,10,0,1,0,0,106,293,548,FINAL (ENTRADA MANUAL)
49,3,2,118,67,1,76,10,2,0,1,102,114,23,11,9,0,0,16,94,57,0,11,7,2,0,0,4,0,1,0,0,100,276,548,FINAL (ENTRADA MANUAL)
49,3,3,117,80,0,60,16,0,0,1,95,127,13,16,11,0,0,12,81,71,0,15,8,1,3,0,2,0,0,0,0,93,274,548,FINAL (ENTRADA MANUAL)
49,3,4,102,70,1,84,9,0,0,1,79,121,22,14,8,1,0,22,65,53,1,13,6,2,2,0,5,0,0,1,0,120,268,548,FINAL (ENTRADA MANUAL)
49,3,5,117,68,0,84,10,0,0,0,95,130,16,16,8,0,0,14,87,60,0,15,5,2,3,1,3,0,0,0,0,103,279,548,FINAL (ENTRADA MANUAL)
49,3,6,89,88,0,69,11,1,0,2,70,138,14,7,9,0,0,22,60,75,0,5,6,1,4,0,2,0,0,0,0,107,260,546,FINAL (ENTRADA MANUAL)
49,4,1,83,74,0,99,14,0,0,0,67,130,20,23,13,1,0,16,59,59,0,22,11,1,6,0,8,1,0,0,0,103,270,520,FINAL (ENTRADA MANUAL)
49,4,2,102,64,1,82,11,0,0,0,87,109,19,17,13,0,0,15,77,56,0,15,8,3,1,0,6,3,1,0,0,91,261,520,FINAL (ENTRADA MANUAL)
49,4,3,70,83,0,95,10,2,1,1,54,151,15,21,8,0,0,13,47,78,0,18,5,3,1,1,5,1,0,0,0,103,262,520,FINAL (ENTRADA MANUAL)
49,4,4,93,77,0,86,5,0,0,0,85,126,15,20,4,0,0,11,77,69,0,16,2,1,2,0,8,1,0,0,1,85,262,520,FINAL (ENTRADA MANUAL)
49,4,5,88,69,0,102,7,0,0,0,73,141,27,12,3,0,0,10,62,62,0,11,2,3,5,1,20,0,1,0,0,100,267,520,FINAL (ENTRADA MANUAL)
49,4,6,110,69,2,95,9,0,0,1,84,136,24,18,6,0,1,17,79,60,2,18,3,0,3,0,11,3,0,0,0,107,286,523,FINAL (ENTRADA MANUAL)
49,5,1,88,81,0,64,5,0,0,0,76,120,12,13,6,0,0,11,71,77,0,13,2,2,5,0,6,0,0,0,0,62,238,480,FINAL (ENTRADA MANUAL)
49,5,2,75,69,0,58,8,0,0,0,53,105,12,13,8,0,0,19,49,55,0,11,6,0,1,0,12,1,0,0,0,75,210,481,FINAL (ENTRADA MANUAL)
49,72,1,28,20,0,7,4,1,0,1,27,25,4,0,2,0,0,3,24,19,0,0,2,0,1,0,1,0,0,0,1,14,62,0,FINAL (ENTRADA MANUAL)
49,72,2,8,5,0,1,0,0,0,0,8,5,0,1,0,0,0,0,8,5,0,0,0,0,0,0,1,0,0,0,0,0,14,0,FINAL (ENTRADA MANUAL)
49,72,3,115,85,0,61,2,0,0,0,106,121,20,12,1,0,0,3,99,78,0,11,1,1,7,1,11,0,0,0,0,54,268,0,FINAL (ENTRADA MANUAL)
49,72,4,21,24,0,10,2,0,0,1,19,27,5,2,1,0,0,4,19,19,0,2,1,0,0,0,6,0,1,0,0,11,59,0,FINAL (ENTRADA MANUAL)
49,72,5,5,2,0,3,0,0,0,0,4,4,0,2,0,0,0,0,4,2,0,2,0,0,0,0,0,0,0,0,0,2,10,0,FINAL (ENTRADA MANUAL)
49,72,6,0,0,0,1,0,0,0,0,0,0,0,1,0,0,0,0,0,0,0,1,0,0,0,0,0,0,0,1,0,0,2,0,FINAL (ENTRADA MANUAL)
49,72,7,8,1,0,3,1,0,0,0,5,7,1,0,0,0,0,0,4,1,0,0,0,0,2,0,0,0,0,0,0,6,13,0,FINAL (ENTRADA MANUAL)
49,72,8,0,0,0,0,0,0,0,0,0,0,0,0,0,0,0,0,0,0,0,0,0,0,0,0,0,0,0,0,0,0,0,0,FINAL (ENTRADA MANUAL)
49,73,1,328,635,0,43,9,1,1,6,272,646,7,3,3,0,0,92,251,551,0,3,1,3,3,0,0,0,0,0,0,211,1023,0,FINAL (ENTRADA MANUAL)
49,73,2,0,0,0,0,0,0,0,0,0,0,0,0,0,0,0,0,0,0,0,0,0,0,0,0,0,0,0,0,0,0,0,0,FINAL (ENTRADA MANUAL)
49,73,3,0,0,0,0,0,0,0,0,0,0,0,0,0,0,0,0,0,0,0,0,0,0,0,0,0,0,0,0,0,0,0,0,FINAL (ENTRADA MANUAL)
49,73,4,0,0,0,0,0,0,0,0,0,0,0,0,0,0,0,0,0,0,0,0,0,0,0,0,0,0,0,0,0,0,0,0,FINAL (ENTRADA MANUAL)
49,73,5,90,231,0,10,3,0,0,0,87,235,0,4,2,0,0,6,85,229,0,4,2,0,0,0,2,0,5,0,0,12,339,0,FINAL (ENTRADA MANUAL)
49,74,1,0,0,0,1,0,0,0,0,0,0,1,0,0,0,0,0,0,0,0,0,0,0,0,0,1,0,0,0,0,0,1,0,FINAL (ENTRADA MANUAL)
49,74,2,0,0,0,0,0,0,0,0,0,0,0,0,0,0,0,0,0,0,0,0,0,0,0,0,0,0,0,0,0,0,0,0,FINAL (ENTRADA MANUAL)
49,75,1,0,0,0,0,0,0,0,0,0,0,0,0,0,0,0,0,0,0,0,0,0,0,0,0,0,0,0,0,0,0,0,0,FINAL (ENTRADA MANUAL)
49,76,1,10,0,0,0,0,0,0,0,9,1,0,0,0,0,0,0,9,0,0,0,0,0,0,0,0,0,0,0,0,1,10,0,FINAL (ENTRADA MANUAL)
49,76,2,0,0,0,0,0,0,0,0,0,0,0,0,0,0,0,0,0,0,0,0,0,0,0,0,0,0,0,0,0,0,0,0,FINAL (ENTRADA MANUAL)
49,76,3,2,0,0,0,0,0,0,0,2,0,0,0,0,0,0,0,1,0,0,0,0,0,0,0,0,0,0,0,0,1,2,0,FINAL (ENTRADA MANUAL)
49,76,5,3,0,0,0,0,0,0,0,3,0,0,0,0,0,0,0,2,0,0,0,0,0,0,0,0,0,0,0,0,1,3,0,FINAL (ENTRADA MANUAL)
49,76,6,0,0,0,0,0,0,0,0,0,0,0,0,0,0,0,0,0,0,0,0,0,0,0,0,0,0,0,0,0,0,0,0,FINAL (ENTRADA MANUAL)
49,77,1,1,2,0,2,0,0,0,0,1,4,0,0,0,0,0,0,1,2,0,0,0,0,0,0,0,0,0,0,0,2,5,0,FINAL (ENTRADA MANUAL)
49,77,2,4,1,0,13,1,0,0,0,3,5,9,1,1,0,0,0,3,1,0,1,1,0,0,1,2,0,0,0,0,10,19,0,FINAL (ENTRADA MANUAL)
49,77,3,0,2,0,3,0,0,0,0,0,2,3,0,0,0,0,0,0,2,0,0,0,0,0,0,0,0,0,0,0,3,5,0,FINAL (ENTRADA MANUAL)
49,78,1,5,7,0,4,0,0,0,0,5,10,0,1,0,0,0,0,5,7,0,1,0,0,0,0,0,0,0,0,0,3,16,0,FINAL (ENTRADA MANUAL)
49,78,2,6,2,0,0,0,0,0,0,5,1,0,0,0,0,0,2,4,1,0,0,0,0,0,0,0,0,0,0,0,3,8,0,FINAL (ENTRADA MANUAL)
49,78,3,2,2,0,2,0,0,0,0,2,3,0,0,0,0,0,1,1,2,0,0,0,0,0,0,0,0,0,0,0,3,6,0,FINAL (ENTRADA MANUAL)
49,78,4,0,0,0,2,0,0,0,0,0,1,1,0,0,0,0,0,0,0,0,0,0,0,0,0,1,0,0,0,0,1,2,0,FINAL (ENTRADA MANUAL)
50,1,1,104,63,0,29,15,0,0,1,89,82,5,4,11,0,0,21,82,54,0,4,9,0,0,0,1,1,1,0,0,61,213,390,FINAL (ENTRADA MANUAL)
50,1,2,138,27,0,33,19,0,0,0,118,43,6,9,13,0,0,28,113,24,0,8,12,0,1,0,1,0,1,1,0,58,219,390,FINAL (ENTRADA MANUAL)
50,1,3,115,59,0,24,10,2,0,0,106,72,1,8,7,0,0,16,104,55,0,7,6,1,0,0,0,3,2,3,0,34,215,389,FINAL (ENTRADA MANUAL)
50,2,1,92,135,1,46,13,0,0,1,74,177,6,10,8,0,0,13,73,129,1,9,6,1,5,0,4,0,2,0,0,60,290,532,FINAL (ENTRADA MANUAL)
50,2,2,77,141,1,51,9,0,0,1,67,172,7,11,3,0,0,20,57,133,0,11,2,3,3,0,2,0,0,0,0,69,280,532,FINAL (ENTRADA MANUAL)
50,2,3,85,117,0,55,12,0,0,1,83,157,7,7,8,0,0,8,74,112,0,5,7,0,1,0,3,0,0,0,0,68,270,533,FINAL (ENTRADA MANUAL)
50,3,1,193,49,0,31,17,0,0,1,188,69,3,9,9,0,0,13,185,46,0,9,7,2,0,2,1,0,1,0,0,39,292,513,FINAL (ENTRADA MANUAL)
50,4,1,60,42,1,14,12,0,0,0,49,49,7,1,7,0,0,16,49,38,1,1,7,0,0,0,3,1,0,0,0,29,129,224,FINAL (ENTRADA MANUAL)
50,5,1,79,121,0,31,18,0,0,1,65,149,2,7,12,0,0,15,62,118,0,6,11,0,7,0,2,1,0,0,0,43,250,390,FINAL (ENTRADA MANUAL)
50,6,1,100,40,0,17,11,0,0,0,90,56,1,3,9,0,0,9,87,38,0,3,7,0,0,0,3,0,0,0,0,30,168,302,FINAL (ENTRADA MANUAL)
50,6,2,101,44,0,16,18,0,0,0,94,59,0,2,13,0,0,11,90,43,0,2,11,1,0,0,0,0,3,0,0,32,182,301,FINAL (ENTRADA MANUAL)
50,72,1,0,0,0,0,0,0,0,0,0,0,0,0,0,0,0,0,0,0,0,0,0,0,0,0,0,0,0,0,0,0,0,0,FINAL (ENTRADA MANUAL)
50,72,2,0,0,0,0,0,0,0,0,0,0,0,0,0,0,0,0,0,0,0,0,0,0,0,0,0,0,0,0,0,0,0,0,FINAL (ENTRADA MANUAL)
50,72,3,423,45,1,21,10,0,0,3,420,56,5,6,7,0,0,9,414,45,0,6,5,0,0,0,4,1,0,0,0,28,503,0,FINAL (ENTRADA MANUAL)
50,72,4,0,0,0,0,0,0,0,0,0,0,0,0,0,0,0,0,0,0,0,0,0,0,0,0,0,0,0,0,0,0,0,0,FINAL (ENTRADA MANUAL)
50,72,5,7,3,0,2,0,0,0,0,7,3,1,1,0,0,0,0,7,3,0,1,0,0,0,0,0,0,0,0,0,1,12,0,FINAL (ENTRADA MANUAL)
50,72,6,0,0,0,0,0,0,0,0,0,0,0,0,0,0,0,0,0,0,0,0,0,0,0,0,0,0,0,0,0,0,0,0,FINAL (ENTRADA MANUAL)
50,72,7,1,0,0,0,0,0,0,0,1,0,0,0,0,0,0,0,1,0,0,0,0,0,0,0,0,0,0,0,0,0,1,0,FINAL (ENTRADA MANUAL)
50,73,1,86,211,0,13,16,0,0,2,74,213,0,2,5,0,0,34,69,188,0,1,2,0,2,0,0,1,0,0,0,65,328,0,FINAL (ENTRADA MANUAL)
50,73,2,0,0,0,0,0,0,0,0,0,0,0,0,0,0,0,0,0,0,0,0,0,0,0,0,0,0,0,0,0,0,0,0,FINAL (ENTRADA MANUAL)
50,73,3,15,28,0,0,3,0,0,0,16,26,0,0,3,0,0,1,13,26,0,0,3,0,1,0,0,0,5,0,0,3,51,0,FINAL (ENTRADA MANUAL)
50,74,1,0,0,0,0,0,0,0,0,0,0,0,0,0,0,0,0,0,0,0,0,0,0,0,0,0,0,0,0,0,0,0,0,FINAL (ENTRADA MANUAL)
50,74,2,0,0,0,0,0,0,0,0,0,0,0,0,0,0,0,0,0,0,0,0,0,0,0,0,0,0,0,0,0,0,0,0,FINAL (ENTRADA MANUAL)
50,75,1,8,4,2,1,0,0,0,0,8,4,2,0,1,0,0,0,8,4,0,0,1,0,0,1,0,0,1,0,0,1,16,0,FINAL (ENTRADA MANUAL)
50,75,2,0,0,0,0,0,0,0,0,0,0,0,0,0,0,0,0,0,0,0,0,0,0,0,0,0,0,0,0,0,0,0,0,FINAL (ENTRADA MANUAL)
50,75,3,0,0,0,0,0,0,0,0,0,0,0,0,0,0,0,0,0,0,0,0,0,0,0,0,0,0,0,0,0,0,0,0,FINAL (ENTRADA MANUAL)
50,76,1,7,1,0,1,0,0,0,0,7,1,0,1,0,0,0,0,6,0,0,1,0,0,0,0,0,0,1,0,0,2,10,0,FINAL (ENTRADA MANUAL)
50,76,2,0,0,0,0,0,0,0,0,0,0,0,0,0,0,0,0,0,0,0,0,0,0,0,0,0,0,0,0,0,0,0,0,FINAL (ENTRADA MANUAL)
50,76,3,2,0,0,0,0,0,0,0,2,0,0,0,0,0,0,0,1,0,0,0,0,0,0,0,0,0,0,0,0,1,2,0,FINAL (ENTRADA MANUAL)
50,76,4,0,0,0,0,0,0,0,0,0,0,0,0,0,0,0,0,0,0,0,0,0,0,0,0,0,0,0,0,0,0,0,0,FINAL (ENTRADA MANUAL)
50,76,5,0,0,0,0,0,0,0,0,0,0,0,0,0,0,0,0,0,0,0,0,0,0,0,0,0,0,0,0,0,0,0,0,FINAL (ENTRADA MANUAL)
50,76,6,1,0,0,0,0,0,0,0,1,0,0,0,0,0,0,0,1,0,0,0,0,0,0,0,0,0,0,0,0,0,1,0,FINAL (ENTRADA MANUAL)
50,77,1,6,2,0,1,0,0,0,0,6,2,1,0,0,0,0,0,5,2,0,0,0,0,0,0,1,0,0,0,0,1,9,0,FINAL (ENTRADA MANUAL)
50,77,2,3,5,0,3,1,0,0,0,3,6,2,1,0,0,0,0,3,5,0,1,0,0,0,0,1,0,0,0,0,2,12,0,FINAL (ENTRADA MANUAL)
50,77,3,6,1,0,3,0,0,0,0,6,2,2,0,0,0,0,0,6,1,0,0,0,0,0,0,1,0,0,0,0,2,10,0,FINAL (ENTRADA MANUAL)
50,78,1,8,4,0,2,1,0,0,0,8,4,2,0,1,0,0,0,8,4,0,0,1,0,0,1,0,0,1,0,0,1,16,0,FINAL (ENTRADA MANUAL)
50,78,2,3,1,0,2,0,0,0,0,3,1,0,1,0,0,0,1,2,0,0,1,0,0,0,0,0,0,0,0,0,3,6,0,FINAL (ENTRADA MANUAL)
50,78,3,0,1,0,0,0,0,0,0,0,1,0,0,0,0,0,0,0,1,0,0,0,0,0,0,0,0,0,0,0,0,1,0,FINAL (ENTRADA MANUAL)
50,78,4,0,0,0,0,0,0,0,0,0,0,0,0,0,0,0,0,0,0,0,0,0,0,0,0,0,0,0,0,0,0,0,0,FINAL (ENTRADA MANUAL)
51,1,1,97,42,0,59,11,0,0,1,77,94,19,5,9,0,0,6,71,35,0,5,6,0,0,0,4,1,0,0,0,88,210,406,FINAL (ENTRADA MANUAL)
51,1,2,100,42,0,61,6,0,0,1,78,80,21,10,3,0,0,18,71,34,0,7,3,2,2,0,4,0,1,0,0,87,211,405,FINAL (ENTRADA MANUAL)
51,2,1,29,21,0,4,3,0,0,0,22,28,2,1,2,0,0,2,21,18,0,1,2,0,0,0,1,0,0,0,0,14,57,115,FINAL (ENTRADA MANUAL)
51,3,1,91,34,0,24,8,0,0,0,78,56,1,2,6,0,0,14,70,29,0,1,5,2,0,0,2,0,2,0,0,48,159,483,FINAL (ENTRADA MANUAL)
51,4,1,66,50,0,49,2,0,0,0,56,75,15,6,1,0,0,14,50,42,0,5,1,1,0,1,3,0,2,0,0,64,169,362,FINAL (ENTRADA MANUAL)
51,4,2,60,52,0,38,12,0,0,0,47,81,8,6,11,0,0,9,43,45,0,5,9,1,4,0,3,1,1,0,0,51,163,361,FINAL (ENTRADA MANUAL)
51,5,1,107,38,0,83,10,0,0,3,90,96,26,15,5,0,0,9,81,33,0,14,3,1,2,0,2,0,0,0,0,105,241,450,FINAL (ENTRADA MANUAL)
51,5,2,78,27,0,83,8,0,0,0,69,73,18,22,7,0,1,6,63,22,0,20,2,0,2,0,7,0,0,0,0,80,196,450,FINAL (ENTRADA MANUAL)
51,5,3,88,36,0,80,12,0,0,0,76,96,15,13,6,0,0,10,58,28,0,8,4,1,3,0,12,0,1,0,0,102,217,450,FINAL (ENTRADA MANUAL)
51,5,4,94,51,0,71,6,0,0,0,79,81,19,20,6,0,0,17,75,43,0,20,5,1,0,0,2,0,0,0,0,76,222,450,FINAL (ENTRADA MANUAL)
51,5,5,92,41,0,63,11,0,0,2,86,78,16,13,7,0,0,9,80,31,0,11,7,0,1,0,7,0,2,0,0,72,211,450,FINAL (ENTRADA MANUAL)
51,6,1,68,41,0,25,11,0,0,1,59,56,9,6,8,0,0,8,57,38,0,5,7,0,0,4,4,0,0,0,0,31,146,284,FINAL (ENTRADA MANUAL)
51,7,1,83,42,0,62,8,1,0,1,71,83,14,9,3,0,0,17,66,33,0,9,2,1,1,0,3,0,5,0,0,82,202,404,FINAL (ENTRADA MANUAL)
51,7,2,118,44,0,42,7,0,0,0,103,76,8,6,4,0,0,14,97,37,0,6,4,2,0,0,5,0,0,0,0,60,211,403,FINAL (ENTRADA MANUAL)
51,8,1,58,35,0,40,4,0,0,0,44,63,8,8,2,0,0,12,36,30,0,5,1,3,2,0,2,0,1,0,0,58,138,349,FINAL (ENTRADA MANUAL)
51,8,2,54,27,0,43,3,0,0,2,43,56,11,6,3,1,1,8,38,20,0,6,2,2,1,1,5,0,1,0,0,54,130,349,FINAL (ENTRADA MANUAL)
51,8,3,84,24,0,44,10,0,0,1,70,51,7,11,8,0,0,16,62,21,0,8,7,2,1,0,2,0,0,0,0,60,163,349,FINAL (ENTRADA MANUAL)
51,9,1,120,34,0,37,8,0,1,1,96,53,14,9,3,1,0,25,90,30,0,8,1,3,1,2,6,1,0,0,0,59,201,452,FINAL (ENTRADA MANUAL)
51,72,1,2,0,0,0,0,0,0,0,1,0,0,0,0,0,0,1,1,0,0,0,0,0,0,0,0,0,0,0,0,1,2,0,FINAL (ENTRADA MANUAL)
51,72,2,1,0,0,10,0,0,0,0,1,3,5,2,0,0,0,0,0,0,0,2,0,0,2,0,3,0,0,0,0,4,11,0,FINAL (ENTRADA MANUAL)
51,72,3,259,48,1,32,14,0,0,1,236,79,12,6,8,0,0,14,222,38,0,5,7,4,1,2,4,0,0,0,1,72,356,0,FINAL (ENTRADA MANUAL)
51,72,4,61,7,0,6,1,0,0,0,56,13,0,1,1,0,0,4,55,3,0,1,0,0,0,0,0,0,0,0,0,16,75,0,FINAL (ENTRADA MANUAL)
51,72,5,6,3,0,0,0,0,0,0,6,2,0,0,0,0,0,1,5,2,0,0,0,0,0,0,0,0,1,0,0,2,9,0,FINAL (ENTRADA MANUAL)
51,72,6,0,0,0,0,0,0,0,0,0,0,0,0,0,0,0,0,0,0,0,0,0,0,0,0,0,0,0,0,0,0,0,0,FINAL (ENTRADA MANUAL)
51,72,7,229,45,0,28,13,0,0,2,195,86,12,6,4,0,0,14,181,40,0,5,3,4,1,1,3,0,0,0,2,79,319,0,FINAL (ENTRADA MANUAL)
51,73,1,23,66,0,7,0,0,0,0,22,69,4,0,0,0,0,1,22,62,0,0,0,0,1,0,3,0,0,0,0,8,96,0,FINAL (ENTRADA MANUAL)
51,73,2,5,13,0,1,0,0,0,0,4,13,0,1,0,0,0,1,4,12,0,1,0,1,0,0,0,0,0,0,0,1,19,0,FINAL (ENTRADA MANUAL)
51,74,1,0,0,0,0,0,0,0,0,0,0,0,0,0,0,0,0,0,0,0,0,0,0,0,0,0,0,0,0,0,0,0,0,FINAL (ENTRADA MANUAL)
51,74,2,0,0,0,0,0,0,0,0,0,0,0,0,0,0,0,0,0,0,0,0,0,0,0,0,0,0,0,0,0,0,0,0,FINAL (ENTRADA MANUAL)
51,75,1,0,0,0,0,0,0,0,0,0,0,0,0,0,0,0,0,0,0,0,0,0,0,0,0,0,0,0,0,0,0,0,0,FINAL (ENTRADA MANUAL)
51,75,2,4,5,0,0,1,0,0,0,4,6,0,0,0,0,0,0,4,5,0,0,0,0,0,0,0,0,0,0,1,1,11,0,FINAL (ENTRADA MANUAL)
51,76,1,6,1,0,0,0,0,0,0,3,2,1,0,0,0,0,1,3,0,0,0,0,0,0,0,0,0,0,0,0,4,7,0,FINAL (ENTRADA MANUAL)
51,76,2,0,0,0,0,0,0,0,0,0,0,0,0,0,0,0,0,0,0,0,0,0,0,0,0,0,0,0,0,0,0,0,0,FINAL (ENTRADA MANUAL)
51,76,3,2,0,0,0,0,0,0,0,1,0,1,0,0,0,0,0,1,0,0,0,0,0,0,0,0,0,0,0,0,1,2,0,FINAL (ENTRADA MANUAL)
51,76,5,1,0,0,0,0,0,0,0,0,0,0,0,0,0,0,1,0,0,0,0,0,0,0,0,0,0,0,0,0,1,1,0,FINAL (ENTRADA MANUAL)
51,77,1,0,0,0,0,0,0,0,0,0,0,0,0,0,0,0,0,0,0,0,0,0,0,0,0,0,0,0,0,0,0,0,0,FINAL (ENTRADA MANUAL)
51,77,2,0,0,0,0,0,0,0,0,0,0,0,0,0,0,0,0,0,0,0,0,0,0,0,0,0,0,0,0,0,0,0,0,FINAL (ENTRADA MANUAL)
51,77,3,2,0,0,2,0,0,0,0,2,1,0,1,0,0,0,0,2,0,0,0,0,0,0,0,0,0,0,0,0,2,4,0,FINAL (ENTRADA MANUAL)
51,78,1,2,2,0,0,0,0,0,0,2,1,0,0,0,0,0,1,2,1,0,0,0,0,0,0,0,0,0,0,0,1,4,0,FINAL (ENTRADA MANUAL)
51,78,2,6,2,0,0,0,0,0,0,4,1,0,0,1,0,0,2,2,1,0,0,0,0,0,0,0,0,0,0,0,5,8,0,FINAL (ENTRADA MANUAL)
51,78,3,0,0,0,0,0,0,0,0,0,0,0,0,0,0,0,0,0,0,0,0,0,0,0,0,0,0,0,0,0,0,0,0,FINAL (ENTRADA MANUAL)
51,78,4,0,0,0,0,0,0,0,0,0,0,0,0,0,0,0,0,0,0,0,0,0,0,0,0,0,0,0,0,0,0,0,0,FINAL (ENTRADA MANUAL)
52,1,1,68,0,0,16,1,0,0,0,59,13,3,0,2,0,0,8,52,0,0,0,1,0,0,0,0,0,0,0,0,32,85,159,FINAL (ENTRADA MANUAL)
52,2,1,55,32,2,23,7,0,0,0,51,51,1,6,2,0,0,8,45,27,0,4,2,0,2,0,1,1,0,0,0,37,119,260,FINAL (ENTRADA MANUAL)
52,2,2,61,16,0,24,9,0,0,0,52,35,9,2,7,0,0,5,48,12,0,2,7,1,0,0,1,0,0,0,0,39,110,259,FINAL (ENTRADA MANUAL)
52,3,1,84,44,0,139,7,0,0,1,67,150,22,21,2,0,0,13,56,39,0,19,0,2,7,0,15,0,0,0,0,137,275,470,FINAL (ENTRADA MANUAL)
52,3,2,66,47,0,132,7,0,0,0,61,126,40,20,3,0,0,2,55,43,0,18,3,2,4,0,12,1,0,0,0,114,252,470,FINAL (ENTRADA MANUAL)
52,3,3,73,33,0,112,13,1,0,2,63,108,34,9,12,0,0,8,58,27,0,8,7,0,5,0,16,0,1,0,0,113,235,471,FINAL (ENTRADA MANUAL)
52,4,1,67,53,1,38,13,0,0,0,61,79,5,8,7,0,0,12,58,48,0,8,5,1,3,0,2,0,2,0,0,47,174,308,FINAL (ENTRADA MANUAL)
52,4,2,55,63,0,29,6,0,0,3,49,77,7,6,7,0,0,10,48,55,0,4,4,0,1,0,2,0,0,0,0,42,156,307,FINAL (ENTRADA MANUAL)
52,5,1,121,48,0,65,8,0,0,0,102,82,22,15,5,0,0,16,91,43,0,14,3,2,2,2,3,0,2,0,0,82,244,511,FINAL (ENTRADA MANUAL)
52,6,1,78,32,0,48,4,1,0,0,70,49,5,13,5,0,0,21,60,23,0,12,1,1,2,1,3,0,0,0,0,60,163,332,FINAL (ENTRADA MANUAL)
52,6,2,71,25,0,55,4,1,0,0,62,60,8,13,3,0,0,10,57,23,0,12,2,0,1,1,4,0,0,0,0,56,156,331,FINAL (ENTRADA MANUAL)
52,7,1,80,44,1,91,13,0,0,0,68,115,19,8,9,0,0,10,58,37,1,6,7,1,1,0,8,0,0,0,0,110,229,478,FINAL (ENTRADA MANUAL)
52,7,2,87,40,0,91,8,0,1,0,71,106,25,12,7,0,0,6,63,34,0,11,6,1,5,0,8,1,2,0,0,98,229,478,FINAL (ENTRADA MANUAL)
52,7,3,83,55,0,93,11,1,0,1,69,105,27,15,10,1,0,17,61,44,0,15,5,0,1,1,7,2,0,0,0,108,244,478,FINAL (ENTRADA MANUAL)
52,7,4,102,43,0,100,8,3,0,0,89,103,28,17,10,0,0,9,77,35,0,15,5,1,2,0,10,0,1,0,0,111,257,476,FINAL (ENTRADA MANUAL)
52,8,1,73,27,0,57,3,0,0,0,64,58,23,8,3,0,0,4,54,25,0,8,1,2,1,0,4,0,1,0,0,65,161,316,FINAL (ENTRADA MANUAL)
52,8,2,71,35,1,53,9,0,0,1,60,76,8,11,3,0,0,12,51,26,0,10,3,2,0,2,2,0,0,0,0,74,170,317,FINAL (ENTRADA MANUAL)
52,9,1,77,31,0,85,21,0,0,0,65,88,25,10,15,1,0,10,59,25,0,10,10,0,1,0,12,0,0,0,0,97,214,407,FINAL (ENTRADA MANUAL)
52,9,2,78,30,0,106,7,0,0,0,69,97,28,16,8,0,0,3,60,30,0,15,4,2,1,1,10,0,3,0,0,98,224,407,FINAL (ENTRADA MANUAL)
52,9,3,77,24,0,59,8,2,1,1,64,73,14,4,7,0,0,10,58,21,0,4,7,0,3,0,6,0,1,0,0,73,173,407,FINAL (ENTRADA MANUAL)
52,9,4,68,30,0,90,18,0,0,0,69,84,23,14,13,0,0,3,57,23,0,12,11,0,3,1,11,1,0,0,0,87,206,408,FINAL (ENTRADA MANUAL)
52,10,1,77,48,0,52,5,1,0,0,64,78,16,12,3,0,0,10,57,41,0,10,2,1,0,0,6,0,3,0,0,66,186,387,FINAL (ENTRADA MANUAL)
52,10,2,78,56,0,50,3,0,0,1,69,88,12,9,1,0,0,9,62,49,0,7,1,0,0,0,5,0,2,0,0,64,190,387,FINAL (ENTRADA MANUAL)
52,11,1,71,19,0,35,7,0,0,0,65,37,9,11,1,0,0,9,56,17,0,8,1,2,0,1,3,0,1,0,1,44,134,358,FINAL (ENTRADA MANUAL)
52,11,2,86,19,0,40,4,0,0,0,77,38,14,6,4,0,0,10,72,18,0,4,2,0,0,1,6,0,0,1,0,46,150,358,FINAL (ENTRADA MANUAL)
52,11,3,74,29,0,50,4,0,0,0,53,74,6,7,4,1,0,12,45,22,0,5,3,2,1,0,5,0,0,0,0,74,157,358,FINAL (ENTRADA MANUAL)
52,11,4,60,35,0,51,6,0,1,2,52,69,12,10,4,0,1,7,48,32,0,8,1,0,2,1,6,1,0,0,0,56,155,360,FINAL (ENTRADA MANUAL)
52,12,1,83,59,0,119,8,0,1,2,67,142,29,14,5,0,0,15,56,53,0,12,2,1,5,0,10,1,0,1,0,132,273,547,FINAL (ENTRADA MANUAL)
52,12,2,90,49,0,127,9,0,0,0,69,121,44,14,10,0,1,16,62,38,0,13,4,5,2,0,12,2,0,0,1,137,276,547,FINAL (ENTRADA MANUAL)
52,12,3,116,44,1,98,17,0,0,1,83,122,35,11,13,0,0,13,77,40,0,10,8,4,1,1,16,1,1,0,0,119,278,547,FINAL (ENTRADA MANUAL)
52,12,4,104,57,0,101,14,0,0,0,78,135,24,10,10,1,0,18,68,49,0,7,7,3,0,1,8,0,1,0,0,133,277,547,FINAL (ENTRADA MANUAL)
52,12,5,101,37,0,111,16,1,1,1,89,108,30,14,11,0,1,15,73,34,0,10,9,3,4,1,8,0,2,0,0,126,270,547,FINAL (ENTRADA MANUAL)
52,12,6,98,50,0,100,17,0,0,0,84,121,24,12,10,0,0,14,69,42,0,11,9,1,5,0,8,1,1,0,0,119,266,545,FINAL (ENTRADA MANUAL)
52,13,1,109,50,0,69,17,0,0,1,93,98,13,12,14,0,0,16,87,44,0,11,11,2,0,1,3,0,0,1,0,87,247,537,FINAL (ENTRADA MANUAL)
52,13,2,110,61,0,64,11,0,0,0,94,111,14,9,8,0,0,10,83,49,0,8,6,1,0,2,3,0,0,0,1,94,247,537,FINAL (ENTRADA MANUAL)
52,14,1,47,24,0,35,3,0,0,0,37,49,12,3,3,0,0,5,33,18,0,2,1,0,1,0,1,0,0,0,0,53,109,198,FINAL (ENTRADA MANUAL)
52,15,1,95,33,1,85,11,0,0,0,88,88,23,12,5,0,0,9,79,26,1,8,4,1,0,0,10,0,2,0,0,96,227,422,FINAL (ENTRADA MANUAL)
52,15,2,99,27,0,90,11,1,0,0,81,87,22,20,6,0,0,12,70,23,0,13,6,3,1,0,11,0,1,0,0,101,229,422,FINAL (ENTRADA MANUAL)
52,15,3,84,24,0,77,8,0,0,0,79,76,18,8,7,0,0,5,69,19,0,7,6,3,0,0,4,0,2,0,0,85,195,422,FINAL (ENTRADA MANUAL)
52,15,4,85,31,0,96,8,0,0,0,75,89,26,17,7,0,0,6,69,24,0,14,3,3,2,0,13,0,0,0,0,92,220,422,FINAL (ENTRADA MANUAL)
52,15,5,85,26,1,77,11,0,0,0,73,77,22,10,8,0,0,10,61,20,1,8,4,2,1,0,5,0,0,0,0,98,200,420,FINAL (ENTRADA MANUAL)
52,72,1,282,74,0,46,8,0,0,3,268,106,16,3,5,2,0,13,243,63,0,3,5,6,2,0,10,0,0,0,0,81,413,0,FINAL (ENTRADA MANUAL)
52,72,2,0,0,0,0,0,0,0,0,0,0,0,0,0,0,0,0,0,0,0,0,0,0,0,0,0,0,0,0,0,0,0,0,FINAL (ENTRADA MANUAL)
52,72,3,666,116,2,135,28,0,1,3,606,242,45,12,17,0,3,26,571,99,2,11,11,17,2,0,24,0,0,1,1,214,953,0,FINAL (ENTRADA MANUAL)
52,72,4,115,33,0,19,1,0,0,0,99,59,2,1,1,0,0,6,99,33,0,1,1,2,0,1,0,0,3,0,0,31,171,0,FINAL (ENTRADA MANUAL)
52,72,5,14,5,0,4,1,0,0,0,13,8,0,2,1,0,0,0,13,5,0,1,1,1,0,1,0,0,0,0,0,3,24,0,FINAL (ENTRADA MANUAL)
52,72,6,7,2,0,3,0,0,0,0,7,4,0,2,0,0,0,0,6,2,0,1,0,0,0,0,0,0,1,0,0,4,14,0,FINAL (ENTRADA MANUAL)
52,72,7,9,0,0,1,0,0,0,0,9,0,0,1,0,0,0,0,9,0,0,1,0,0,0,0,0,0,0,0,0,10,10,0,FINAL (ENTRADA MANUAL)
52,72,8,4,0,0,0,0,0,0,0,3,0,0,0,0,0,0,0,3,0,0,0,0,0,0,0,0,0,0,0,0,1,4,0,FINAL (ENTRADA MANUAL)
52,72,9,3,1,0,1,0,0,0,0,3,1,1,0,0,0,0,0,3,1,0,0,0,0,0,0,0,0,0,0,0,1,5,0,FINAL (ENTRADA MANUAL)
52,72,10,1,0,0,0,0,0,0,0,1,0,0,0,0,0,0,0,1,0,0,0,0,0,0,0,0,0,0,0,0,0,1,0,FINAL (ENTRADA MANUAL)
52,73,1,60,152,0,27,4,0,0,0,55,155,17,4,4,0,0,8,53,140,0,4,3,2,0,0,12,0,4,0,0,29,247,0,FINAL (ENTRADA MANUAL)
52,73,2,2,5,0,1,0,0,0,0,1,6,1,0,0,0,0,0,1,4,0,0,0,0,0,0,0,0,2,0,0,3,10,0,FINAL (ENTRADA MANUAL)
52,74,1,0,0,0,0,0,0,0,0,0,0,0,0,0,0,0,0,0,0,0,0,0,0,0,0,0,0,0,0,0,0,0,0,FINAL (ENTRADA MANUAL)
52,74,2,0,0,0,0,0,0,0,0,0,0,0,0,0,0,0,0,0,0,0,0,0,0,0,0,0,0,0,0,0,0,0,0,FINAL (ENTRADA MANUAL)
52,75,1,1,0,0,0,0,0,0,0,1,0,0,0,0,0,0,0,1,0,0,0,0,0,0,0,0,0,0,0,0,0,1,0,FINAL (ENTRADA MANUAL)
52,76,1,9,2,0,1,0,0,0,1,9,2,0,1,0,0,0,1,8,2,0,1,0,0,0,0,0,0,1,0,0,2,14,0,FINAL (ENTRADA MANUAL)
52,76,2,1,0,0,0,0,0,0,0,1,0,0,0,0,0,0,0,1,0,0,0,0,0,0,0,0,0,0,0,0,0,1,0,FINAL (ENTRADA MANUAL)
52,76,3,8,1,0,0,0,0,0,0,7,1,0,0,0,0,0,1,7,0,0,0,0,0,0,0,0,0,0,0,0,2,9,0,FINAL (ENTRADA MANUAL)
52,76,4,0,0,0,0,0,0,0,0,0,0,0,0,0,0,0,0,0,0,0,0,0,0,0,0,0,0,0,0,0,0,0,0,FINAL (ENTRADA MANUAL)
52,76,5,1,0,0,0,0,0,0,0,1,0,0,0,0,0,0,0,1,0,0,0,0,0,0,0,0,0,0,0,0,0,1,0,FINAL (ENTRADA MANUAL)
52,77,1,5,0,0,8,1,0,0,0,5,3,5,0,0,0,0,1,5,0,0,0,0,3,0,0,3,0,0,0,0,6,14,0,FINAL (ENTRADA MANUAL)
52,77,2,4,4,0,24,2,0,0,0,5,14,12,2,1,0,0,0,4,4,0,2,1,1,0,1,3,0,0,0,0,18,34,0,FINAL (ENTRADA MANUAL)
52,77,3,2,0,0,6,1,0,0,1,1,2,3,1,2,0,0,1,1,0,0,1,1,0,0,0,0,0,0,0,0,7,10,0,FINAL (ENTRADA MANUAL)
52,77,4,3,2,0,9,1,0,0,0,3,6,4,1,0,0,0,1,3,2,0,1,0,0,0,0,2,0,0,0,0,7,15,0,FINAL (ENTRADA MANUAL)
52,78,1,37,16,0,21,3,0,2,0,31,30,3,3,4,0,0,8,23,14,0,2,3,1,2,1,0,0,0,0,0,33,79,0,FINAL (ENTRADA MANUAL)
52,78,2,0,0,0,1,0,0,0,0,0,0,0,1,0,0,0,0,0,0,0,1,0,0,0,0,0,0,0,0,0,0,1,0,FINAL (ENTRADA MANUAL)
52,78,3,5,0,0,1,0,0,0,0,4,1,0,0,0,0,0,1,3,0,0,0,0,0,0,0,0,0,0,0,0,3,6,0,FINAL (ENTRADA MANUAL)
52,78,4,0,0,0,0,0,0,0,0,0,0,0,0,0,0,0,0,0,0,0,0,0,0,0,0,0,0,0,0,0,0,0,0,FINAL (ENTRADA MANUAL)
53,1,1,131,72,0,57,34,0,0,1,108,113,14,10,22,0,0,28,99,65,0,8,18,0,4,0,5,1,1,0,0,95,296,565,FINAL (ENTRADA MANUAL)
53,1,2,126,65,0,53,36,0,0,0,110,110,12,14,21,0,0,13,98,57,0,13,18,1,6,0,11,5,1,0,0,71,281,565,FINAL (ENTRADA MANUAL)
53,1,3,118,59,0,73,40,0,0,0,105,114,19,20,18,0,0,14,94,54,0,19,18,2,3,0,7,5,0,0,1,88,291,565,FINAL (ENTRADA MANUAL)
53,1,4,113,74,2,64,30,0,0,1,91,120,15,19,22,0,0,17,82,66,2,17,16,2,4,0,7,0,0,0,0,88,284,565,FINAL (ENTRADA MANUAL)
53,2,1,116,61,0,78,45,0,0,1,105,115,21,15,34,0,0,11,96,55,0,14,28,1,6,1,6,1,0,0,0,93,301,548,FINAL (ENTRADA MANUAL)
53,2,2,109,70,0,62,31,0,0,1,92,118,14,12,19,0,0,18,80,63,0,11,15,1,3,0,6,1,0,0,0,93,273,548,FINAL (ENTRADA MANUAL)
53,2,3,132,64,0,63,27,0,0,0,108,119,14,11,14,0,0,20,98,58,0,9,9,1,3,0,7,1,1,0,0,100,287,548,FINAL (ENTRADA MANUAL)
53,3,1,127,59,0,52,51,0,0,0,111,96,14,16,35,0,0,17,105,56,0,16,32,1,4,1,7,1,1,0,0,66,290,537,FINAL (ENTRADA MANUAL)
53,3,2,120,60,0,51,53,0,1,2,100,103,10,10,38,0,0,26,93,59,0,8,36,2,1,0,3,1,1,0,0,84,288,537,FINAL (ENTRADA MANUAL)
53,3,3,135,35,0,51,44,0,0,0,108,83,10,8,26,0,0,30,100,33,0,8,24,2,1,0,6,1,2,0,0,90,267,538,FINAL (ENTRADA MANUAL)
53,4,1,113,89,1,74,35,0,0,0,85,156,19,9,24,0,0,19,78,86,0,9,17,1,6,0,7,0,2,0,0,108,314,563,FINAL (ENTRADA MANUAL)
53,4,2,90,93,0,94,31,0,0,1,76,164,21,11,19,0,0,18,65,85,0,9,18,3,7,0,7,1,1,0,0,114,310,563,FINAL (ENTRADA MANUAL)
53,4,3,109,81,2,55,40,0,0,1,88,131,17,7,25,1,0,19,75,70,0,7,24,3,5,1,9,1,1,0,0,93,289,563,FINAL (ENTRADA MANUAL)
53,4,4,106,84,0,55,29,0,0,1,88,128,13,8,19,0,0,19,76,75,0,6,14,4,4,0,7,1,0,0,0,88,275,563,FINAL (ENTRADA MANUAL)
53,4,5,83,93,0,73,32,0,0,0,75,161,8,12,17,0,0,8,64,90,0,12,12,2,4,0,2,2,0,0,0,93,281,563,FINAL (ENTRADA MANUAL)
53,5,1,111,52,0,45,39,0,0,0,105,83,14,8,27,0,0,10,96,50,0,8,26,1,3,1,6,0,1,1,0,56,249,430,FINAL (ENTRADA MANUAL)
53,5,2,97,48,0,46,40,0,1,1,81,84,13,4,29,0,0,22,70,43,0,3,18,1,1,2,8,1,0,0,0,86,233,430,FINAL (ENTRADA MANUAL)
53,5,3,119,46,0,43,45,0,0,0,93,83,10,14,26,0,1,26,84,41,0,12,21,5,1,0,1,5,0,0,1,83,254,430,FINAL (ENTRADA MANUAL)
53,5,4,111,56,0,43,34,0,0,0,90,87,9,10,23,0,0,25,80,47,0,10,18,0,6,0,4,2,1,0,0,77,245,429,FINAL (ENTRADA MANUAL)
53,6,1,108,75,0,52,36,0,0,1,86,136,12,5,17,0,0,16,83,71,0,5,14,3,5,0,6,2,0,0,1,83,273,480,FINAL (ENTRADA MANUAL)
53,6,2,131,54,0,57,38,0,0,0,104,111,11,8,19,0,0,27,89,48,0,7,15,5,5,0,7,0,2,0,0,104,282,480,FINAL (ENTRADA MANUAL)
53,6,3,133,52,1,37,48,0,0,0,107,97,12,8,25,0,0,22,96,49,1,8,22,3,2,0,5,1,0,0,1,84,272,480,FINAL (ENTRADA MANUAL)
53,6,4,133,61,0,42,43,0,0,2,111,95,13,6,32,0,0,24,101,58,0,4,25,2,0,0,2,0,1,0,0,89,282,480,FINAL (ENTRADA MANUAL)
53,6,5,139,57,0,39,43,0,0,1,112,100,8,6,25,2,0,26,95,52,0,6,19,2,3,0,4,4,0,2,0,94,281,481,FINAL (ENTRADA MANUAL)
53,7,1,79,43,0,25,26,0,0,0,68,60,6,7,18,0,0,14,63,38,0,7,14,2,0,1,1,1,2,0,0,46,175,272,FINAL (ENTRADA MANUAL)
53,7,2,66,57,0,24,20,0,0,0,56,70,6,4,11,0,0,20,50,52,0,4,10,1,0,1,1,0,1,1,0,48,169,272,FINAL (ENTRADA MANUAL)
53,8,1,95,76,1,45,46,0,0,0,80,136,7,5,16,0,0,19,67,68,0,5,14,2,6,0,3,2,1,0,0,96,264,414,FINAL (ENTRADA MANUAL)
53,8,2,99,84,0,34,30,0,0,1,85,110,9,7,18,0,0,19,80,76,0,5,17,0,0,0,3,1,0,0,1,66,249,415,FINAL (ENTRADA MANUAL)
53,9,1,150,51,0,32,33,0,0,0,134,75,11,4,22,0,0,20,120,49,0,4,21,1,0,0,3,2,0,0,0,66,266,492,FINAL (ENTRADA MANUAL)
53,9,2,143,86,0,31,18,0,0,2,123,111,6,4,15,0,0,21,116,80,0,3,13,3,0,0,7,1,3,0,0,57,283,491,FINAL (ENTRADA MANUAL)
53,10,1,78,115,0,57,23,1,0,0,72,159,13,5,16,0,0,9,68,111,0,5,13,0,7,0,8,1,0,1,0,61,275,484,FINAL (ENTRADA MANUAL)
53,11,1,104,66,0,57,34,0,1,0,88,108,12,10,22,0,1,21,77,57,0,8,20,1,1,0,7,1,0,0,0,90,262,482,FINAL (ENTRADA MANUAL)
53,11,2,77,89,0,42,32,0,0,0,67,124,8,9,21,0,0,11,59,81,0,9,15,4,5,1,4,0,1,0,1,62,242,483,FINAL (ENTRADA MANUAL)
53,12,1,65,58,0,14,11,0,0,2,59,65,5,2,9,0,0,10,56,51,0,1,6,0,0,0,2,0,0,0,0,34,150,236,FINAL (ENTRADA MANUAL)
53,12,2,92,44,0,12,18,0,0,0,83,60,1,3,11,0,0,8,79,42,0,3,9,2,1,0,1,1,0,0,0,28,166,237,FINAL (ENTRADA MANUAL)
53,13,1,107,74,0,50,32,0,0,0,90,117,9,5,20,0,0,22,81,69,0,5,16,1,3,0,6,0,0,0,0,82,263,486,FINAL (ENTRADA MANUAL)
53,13,2,105,80,1,41,50,0,1,0,89,127,6,4,38,0,1,13,83,72,1,4,36,1,3,0,6,0,2,1,0,72,281,486,FINAL (ENTRADA MANUAL)
53,13,3,105,69,0,49,56,0,0,0,80,133,8,9,30,0,0,19,72,66,0,7,26,1,5,0,3,2,0,0,0,97,279,486,FINAL (ENTRADA MANUAL)
53,13,4,79,78,1,56,32,0,0,0,58,127,12,9,15,0,0,25,50,70,0,8,14,1,5,1,2,3,0,0,0,92,246,486,FINAL (ENTRADA MANUAL)
53,13,5,93,69,0,60,50,0,0,1,74,130,8,10,31,0,0,20,65,61,0,10,30,0,3,0,8,1,2,0,0,95,275,486,FINAL (ENTRADA MANUAL)
53,13,6,93,64,1,71,36,0,0,0,75,119,17,13,26,0,0,15,65,53,0,13,23,1,2,1,4,0,2,0,0,103,267,483,FINAL (ENTRADA MANUAL)
53,72,1,202,43,0,19,12,0,0,3,195,57,9,6,8,0,0,4,187,41,0,5,7,2,5,1,6,0,0,0,0,25,279,0,FINAL (ENTRADA MANUAL)
53,72,2,11,1,0,0,1,0,0,0,10,1,0,0,1,0,0,1,10,1,0,0,1,0,0,0,0,0,0,0,0,1,13,0,FINAL (ENTRADA MANUAL)
53,72,3,646,50,0,43,42,0,1,2,639,75,17,13,25,0,0,15,616,46,0,12,23,3,2,0,10,1,0,0,3,71,787,0,FINAL (ENTRADA MANUAL)
53,72,4,33,7,0,3,4,0,0,0,33,10,2,1,1,0,0,0,32,7,0,1,1,0,2,0,2,0,0,0,0,2,47,0,FINAL (ENTRADA MANUAL)
53,72,5,0,2,0,2,2,0,0,0,0,5,0,0,1,0,0,0,0,2,0,0,1,0,0,0,1,0,0,0,0,2,6,0,FINAL (ENTRADA MANUAL)
53,72,6,4,2,0,1,2,0,0,0,5,2,0,1,1,0,0,0,4,2,0,1,1,1,0,0,0,0,0,0,0,0,9,0,FINAL (ENTRADA MANUAL)
53,72,7,4,0,0,1,0,0,0,0,4,0,1,0,0,0,0,0,4,0,0,0,0,0,0,0,0,0,0,0,0,1,5,0,FINAL (ENTRADA MANUAL)
53,72,8,0,0,0,0,0,0,0,0,0,0,0,0,0,0,0,0,0,0,0,0,0,0,0,0,0,0,0,0,0,0,0,0,FINAL (ENTRADA MANUAL)
53,72,9,61,15,0,4,7,0,0,1,60,24,1,0,2,0,0,1,60,15,0,0,1,0,0,0,0,0,0,0,0,12,88,0,FINAL (ENTRADA MANUAL)
53,72,10,7,3,0,1,0,0,0,0,7,3,0,1,0,0,0,0,7,3,0,1,0,0,0,0,0,0,0,0,0,0,11,0,FINAL (ENTRADA MANUAL)
53,72,11,45,5,0,2,3,0,0,0,42,9,0,1,1,0,0,2,40,5,0,1,1,0,1,0,0,0,0,0,0,7,55,0,FINAL (ENTRADA MANUAL)
53,72,12,1,1,0,0,0,0,0,0,1,1,0,0,0,0,0,0,1,1,0,0,0,0,0,0,0,0,0,0,0,0,2,0,FINAL (ENTRADA MANUAL)
53,72,13,0,0,0,0,0,0,0,0,0,0,0,0,0,0,0,0,0,0,0,0,0,0,0,0,0,0,0,0,0,0,0,0,FINAL (ENTRADA MANUAL)
53,72,14,121,16,0,7,12,0,0,0,117,25,2,1,9,0,0,2,113,16,0,1,8,1,0,0,0,2,1,2,0,15,159,0,FINAL (ENTRADA MANUAL)
53,73,1,197,729,0,75,66,0,0,5,144,744,16,26,30,0,0,112,126,674,0,22,28,2,7,0,4,0,0,0,0,209,1072,0,FINAL (ENTRADA MANUAL)
53,73,2,0,0,0,0,0,0,0,0,0,0,0,0,0,0,0,0,0,0,0,0,0,0,0,0,0,0,0,0,0,0,0,0,FINAL (ENTRADA MANUAL)
53,73,3,0,0,0,0,0,0,0,0,0,0,0,0,0,0,0,0,0,0,0,0,0,0,0,0,0,0,0,0,0,0,0,0,FINAL (ENTRADA MANUAL)
53,73,4,0,0,0,0,0,0,0,0,0,0,0,0,0,0,0,0,0,0,0,0,0,0,0,0,0,0,0,0,0,0,0,0,FINAL (ENTRADA MANUAL)
53,73,5,0,0,0,0,0,0,0,0,0,0,0,0,0,0,0,0,0,0,0,0,0,0,0,0,0,0,0,0,0,0,0,0,FINAL (ENTRADA MANUAL)
53,73,6,15,30,0,4,5,0,0,0,14,31,1,2,4,0,0,2,14,30,0,2,4,0,0,0,2,0,6,18,0,2,78,0,FINAL (ENTRADA MANUAL)
53,74,1,1,0,0,0,0,0,0,0,1,0,0,0,0,0,0,0,1,0,0,0,0,0,0,0,0,0,0,0,0,0,1,0,FINAL (ENTRADA MANUAL)
53,74,2,0,0,0,0,0,0,0,0,0,0,0,0,0,0,0,0,0,0,0,0,0,0,0,0,0,0,0,0,0,0,0,0,FINAL (ENTRADA MANUAL)
53,75,1,0,0,0,1,0,0,0,0,0,1,0,0,0,0,0,0,0,0,0,0,0,0,0,0,0,0,0,0,0,1,1,0,FINAL (ENTRADA MANUAL)
53,76,1,13,0,0,1,0,0,1,0,14,1,0,0,0,0,0,0,10,0,0,0,0,1,0,0,0,0,0,0,0,4,15,0,FINAL (ENTRADA MANUAL)
53,76,2,0,0,0,0,0,0,0,0,0,0,0,0,0,0,0,0,0,0,0,0,0,0,0,0,0,0,0,0,0,0,0,0,FINAL (ENTRADA MANUAL)
53,76,3,3,0,0,0,0,0,0,0,3,0,0,0,0,0,0,0,2,0,0,0,0,0,0,0,0,0,0,0,0,1,3,0,FINAL (ENTRADA MANUAL)
53,76,5,2,0,0,0,0,0,0,0,2,0,0,0,0,0,0,0,1,0,0,0,0,0,0,0,0,0,0,0,0,1,2,0,FINAL (ENTRADA MANUAL)
53,76,6,0,0,0,0,0,0,0,0,0,0,0,0,0,0,0,0,0,0,0,0,0,0,0,0,0,0,0,0,0,0,0,0,FINAL (ENTRADA MANUAL)
53,77,1,2,2,0,4,1,0,0,0,3,3,1,2,0,0,0,0,2,2,0,2,0,1,0,0,1,0,0,0,0,1,9,0,FINAL (ENTRADA MANUAL)
53,77,2,2,0,0,10,3,0,0,0,2,3,5,3,2,0,0,0,2,0,0,3,1,1,1,1,2,0,0,0,0,4,15,0,FINAL (ENTRADA MANUAL)
53,77,3,0,1,0,3,1,0,0,0,0,2,2,0,0,0,0,1,0,1,0,0,0,0,1,2,0,0,0,0,0,1,5,0,FINAL (ENTRADA MANUAL)
53,77,4,0,0,0,0,1,0,0,0,0,0,0,0,0,0,0,1,0,0,0,0,0,0,0,0,0,0,0,0,0,1,1,0,FINAL (ENTRADA MANUAL)
53,78,1,33,26,2,5,7,0,0,0,19,31,2,1,5,0,1,14,19,23,1,1,3,0,0,0,1,0,0,0,0,26,74,0,FINAL (ENTRADA MANUAL)
53,78,2,9,4,0,1,0,0,0,0,7,3,0,1,0,0,0,0,3,2,0,0,0,0,0,0,0,0,0,0,0,9,14,0,FINAL (ENTRADA MANUAL)
53,78,3,2,3,0,0,2,0,0,0,2,3,0,0,2,0,0,0,0,3,0,0,2,0,0,0,0,0,0,0,0,2,0,0,FINAL (ENTRADA MANUAL)
53,78,4,0,0,0,0,0,0,0,0,0,0,0,0,0,0,0,0,0,0,0,0,0,0,0,0,0,0,0,0,0,0,0,0,FINAL (ENTRADA MANUAL)
54,1,1,112,49,0,40,12,0,0,0,107,85,4,8,3,0,0,6,96,44,0,7,3,0,3,0,4,1,1,0,0,55,214,374,FINAL (ENTRADA MANUAL)
54,1,2,105,45,0,33,14,0,0,0,99,72,5,4,5,0,0,12,88,42,0,4,3,1,4,0,5,2,2,0,0,48,199,373,FINAL (ENTRADA MANUAL)
54,2,1,103,49,0,28,46,0,0,2,104,75,5,7,31,0,0,6,92,44,0,6,28,3,3,0,2,2,0,0,0,48,228,394,FINAL (ENTRADA MANUAL)
54,2,2,91,48,0,33,29,0,0,0,80,78,6,2,20,0,0,15,69,48,0,2,16,0,0,1,2,0,0,0,0,63,201,394,FINAL (ENTRADA MANUAL)
54,2,3,95,31,0,36,20,0,0,0,89,55,11,6,11,0,0,10,81,27,0,5,8,1,0,2,3,0,0,0,0,55,182,394,FINAL (ENTRADA MANUAL)
54,2,4,118,29,0,32,38,0,1,0,103,48,11,5,37,0,0,14,94,26,0,5,28,2,0,2,2,0,0,0,0,59,218,396,FINAL (ENTRADA MANUAL)
54,3,1,94,68,0,52,23,0,0,1,88,96,14,6,23,0,0,11,80,63,0,6,17,0,2,0,7,0,1,0,0,63,239,426,FINAL (ENTRADA MANUAL)
54,3,2,92,61,0,54,15,0,1,0,83,89,6,8,12,0,0,25,77,52,0,8,7,0,3,0,6,2,1,0,1,68,225,426,FINAL (ENTRADA MANUAL)
54,3,3,97,48,1,51,21,0,0,0,87,77,15,7,12,0,0,20,75,46,1,7,12,1,2,1,2,1,0,1,0,70,219,426,FINAL (ENTRADA MANUAL)
54,3,4,106,68,0,39,24,0,0,3,102,90,8,7,12,0,0,21,91,57,0,7,10,0,0,1,0,0,1,0,0,74,241,424,FINAL (ENTRADA MANUAL)
54,4,1,169,25,0,54,43,0,1,1,160,53,12,7,36,0,0,25,135,20,0,7,30,3,3,1,5,0,0,0,0,89,293,514,FINAL (ENTRADA MANUAL)
54,5,1,90,56,0,65,14,0,0,1,84,92,14,10,11,0,0,15,78,52,0,10,7,1,3,1,6,1,1,1,0,67,228,397,FINAL (ENTRADA MANUAL)
54,5,2,124,35,0,65,15,0,2,0,119,84,14,7,7,0,0,10,104,32,0,7,4,3,3,0,3,3,0,0,0,82,241,397,FINAL (ENTRADA MANUAL)
54,5,3,92,72,0,60,11,0,1,0,88,111,8,5,7,0,1,16,77,63,0,5,6,1,0,0,4,0,2,0,0,80,238,397,FINAL (ENTRADA MANUAL)
54,6,1,128,56,0,68,18,1,0,1,125,94,16,10,13,0,0,14,108,50,0,10,11,2,2,1,11,0,1,0,0,77,273,523,FINAL (ENTRADA MANUAL)
54,6,2,138,59,0,70,14,0,0,0,130,105,15,9,9,1,0,12,109,51,0,9,5,2,5,1,4,0,0,0,0,95,281,523,FINAL (ENTRADA MANUAL)
54,6,3,148,56,0,45,20,0,0,0,129,81,12,3,18,1,0,25,113,44,0,3,17,3,1,0,8,0,0,0,0,80,269,523,FINAL (ENTRADA MANUAL)
54,7,1,84,66,0,92,12,0,0,3,76,113,30,14,11,0,0,13,68,58,0,11,6,2,2,0,12,1,1,0,0,97,258,498,FINAL (ENTRADA MANUAL)
54,7,2,94,67,1,64,14,0,0,1,89,102,18,7,10,0,0,15,80,61,1,4,9,0,3,1,5,1,1,0,0,76,242,498,FINAL (ENTRADA MANUAL)
54,7,3,109,58,1,52,22,0,0,0,106,90,16,2,14,1,0,13,90,52,1,2,12,0,2,0,5,1,0,0,0,77,242,498,FINAL (ENTRADA MANUAL)
54,7,4,106,48,0,60,14,1,0,1,95,83,23,7,11,1,0,10,82,42,0,7,10,0,5,1,11,1,2,0,0,71,232,498,FINAL (ENTRADA MANUAL)
54,7,5,115,40,0,62,12,0,1,1,109,85,8,11,6,0,0,12,88,34,0,11,3,3,4,0,4,0,1,0,0,84,232,498,FINAL (ENTRADA MANUAL)
54,8,1,102,68,0,68,22,0,0,0,99,103,16,11,18,0,0,13,83,64,0,10,17,3,0,0,8,0,0,0,0,75,260,462,FINAL (ENTRADA MANUAL)
54,8,2,94,41,0,53,13,0,0,0,86,65,16,8,9,0,1,16,77,36,0,6,7,0,4,0,1,1,0,0,0,69,201,462,FINAL (ENTRADA MANUAL)
54,8,3,120,72,0,55,8,0,0,1,114,100,12,4,6,0,0,20,96,64,0,3,6,2,4,0,3,0,0,0,0,78,256,463,FINAL (ENTRADA MANUAL)
54,9,1,106,42,0,40,14,0,0,1,102,68,8,6,11,0,0,8,87,41,0,5,8,0,0,2,1,0,0,0,0,59,203,344,FINAL (ENTRADA MANUAL)
54,9,2,93,37,0,29,12,0,0,0,86,52,12,2,6,0,0,13,78,34,0,1,4,0,1,0,1,0,1,0,0,52,172,344,FINAL (ENTRADA MANUAL)
54,9,3,84,37,1,21,16,2,0,1,75,55,8,1,15,1,0,7,65,34,1,1,10,2,1,0,1,1,0,1,0,46,163,344,FINAL (ENTRADA MANUAL)
54,10,1,109,48,0,50,18,0,0,0,99,86,9,10,15,0,0,6,87,42,0,9,11,2,3,1,3,0,0,2,0,67,227,383,FINAL (ENTRADA MANUAL)
54,11,1,98,18,0,17,8,0,0,0,92,29,9,0,6,0,0,5,89,17,0,0,4,0,1,2,0,0,0,0,0,28,141,290,FINAL (ENTRADA MANUAL)
54,12,1,111,83,0,58,10,0,0,1,100,124,12,6,3,0,0,18,88,77,0,5,1,1,2,0,2,0,0,0,0,87,263,464,FINAL (ENTRADA MANUAL)
54,13,1,101,51,0,63,7,0,0,0,85,91,15,9,12,0,0,10,75,41,0,7,6,2,2,2,3,0,1,0,0,84,223,442,FINAL (ENTRADA MANUAL)
54,14,1,138,79,0,19,21,0,0,1,126,96,4,6,19,0,0,7,119,76,0,5,18,0,2,1,0,0,2,0,0,37,260,461,FINAL (ENTRADA MANUAL)
54,14,2,137,62,0,26,22,0,0,1,119,86,5,3,18,0,0,17,104,58,0,3,13,2,0,1,4,0,0,0,0,63,248,461,FINAL (ENTRADA MANUAL)
54,15,1,111,36,0,43,16,0,0,1,107,66,6,5,11,0,0,12,89,33,0,5,9,1,2,1,2,0,1,1,0,65,209,348,FINAL (ENTRADA MANUAL)
54,15,2,113,38,2,54,6,0,0,1,95,74,12,11,4,0,0,18,87,34,2,11,4,0,1,0,5,0,1,0,0,70,215,348,FINAL (ENTRADA MANUAL)
54,16,1,81,41,1,40,10,0,0,1,69,69,13,7,8,0,0,8,64,35,1,6,7,0,1,0,4,0,2,0,0,56,176,292,FINAL (ENTRADA MANUAL)
54,16,2,96,22,0,25,23,0,0,0,85,47,2,6,19,0,0,7,79,21,0,5,14,0,0,0,0,0,2,0,0,47,168,293,FINAL (ENTRADA MANUAL)
54,17,1,119,51,0,50,10,0,0,1,115,77,13,6,8,0,0,12,99,46,0,5,8,0,3,0,4,0,0,0,0,66,231,427,FINAL (ENTRADA MANUAL)
54,17,2,99,62,0,47,15,0,0,1,90,88,10,7,8,0,0,21,78,54,0,6,6,1,4,0,3,0,1,0,1,72,226,427,FINAL (ENTRADA MANUAL)
54,17,3,92,62,0,46,12,0,0,3,75,83,20,5,9,0,0,23,69,57,0,5,6,0,2,0,1,0,1,0,0,75,216,426,FINAL (ENTRADA MANUAL)
54,18,1,129,89,0,30,17,0,0,0,112,108,10,3,13,0,0,19,105,80,0,3,12,1,1,0,2,1,3,0,0,60,268,478,FINAL (ENTRADA MANUAL)
54,18,2,118,89,0,32,18,0,0,0,101,115,7,9,14,0,0,11,90,78,0,7,13,0,2,0,2,0,1,0,0,65,258,477,FINAL (ENTRADA MANUAL)
54,19,1,105,51,0,60,12,0,0,0,99,99,7,10,4,0,0,9,91,44,0,10,4,2,2,0,6,1,0,0,0,68,227,428,FINAL (ENTRADA MANUAL)
54,19,2,106,58,0,58,9,0,0,0,98,90,11,8,5,0,0,19,86,44,0,6,4,0,3,0,6,1,2,0,0,81,233,429,FINAL (ENTRADA MANUAL)
54,20,1,153,66,0,72,9,0,0,0,141,97,20,12,6,0,0,24,120,56,0,10,6,0,2,1,7,0,1,0,0,98,301,556,FINAL (ENTRADA MANUAL)
54,72,1,494,253,0,32,15,1,2,1,492,270,8,3,10,0,0,15,450,234,0,3,6,4,5,0,2,0,20,0,1,94,819,0,FINAL (ENTRADA MANUAL)
54,72,2,51,17,0,2,1,0,0,1,49,17,0,0,1,0,2,3,47,15,0,0,1,1,0,1,1,0,3,0,0,6,75,0,FINAL (ENTRADA MANUAL)
54,72,3,44,23,0,2,2,0,0,1,48,23,0,0,1,0,0,0,39,22,0,0,1,1,0,0,0,0,0,0,0,9,72,0,FINAL (ENTRADA MANUAL)
54,72,4,118,70,1,19,11,0,1,0,113,87,3,5,9,0,0,3,113,68,1,5,8,3,0,0,2,0,3,0,0,20,223,0,FINAL (ENTRADA MANUAL)
54,72,5,44,23,0,2,2,0,0,1,48,23,0,0,1,0,0,0,39,22,0,0,1,1,0,0,0,0,0,0,0,9,72,0,FINAL (ENTRADA MANUAL)
54,72,6,19,2,0,0,2,0,0,0,18,5,0,0,0,0,0,0,18,2,0,0,0,1,0,0,0,0,1,0,0,2,24,0,FINAL (ENTRADA MANUAL)
54,72,7,46,10,0,4,0,0,0,0,42,14,1,1,0,0,0,2,41,10,0,1,0,2,0,0,0,0,0,0,0,6,278,0,FINAL (ENTRADA MANUAL)
54,72,8,4,1,0,0,0,0,0,0,3,1,0,0,0,0,0,1,3,1,0,0,0,0,0,0,0,0,0,0,0,1,5,0,FINAL (ENTRADA MANUAL)
54,72,9,7,3,0,0,2,0,0,1,7,5,0,0,1,0,0,0,6,3,0,0,1,1,0,0,0,0,0,0,0,2,13,0,FINAL (ENTRADA MANUAL)
54,72,10,2,0,0,0,0,0,0,0,2,0,0,0,0,0,0,0,2,0,0,0,0,0,0,0,0,0,0,0,0,0,2,0,FINAL (ENTRADA MANUAL)
54,72,11,4,0,0,0,0,0,0,0,4,0,0,0,0,0,0,0,4,0,0,0,0,0,0,0,0,0,0,0,0,0,4,0,FINAL (ENTRADA MANUAL)
54,72,12,0,0,0,0,0,0,0,0,0,0,0,0,0,0,0,0,0,0,0,0,0,0,0,0,0,0,0,0,0,0,0,0,FINAL (ENTRADA MANUAL)
54,72,13,0,0,0,0,0,0,0,0,0,0,0,0,0,0,0,0,0,0,0,0,0,0,0,0,0,0,0,0,0,0,0,0,FINAL (ENTRADA MANUAL)
54,72,14,0,0,0,0,0,0,0,0,0,0,0,0,0,0,0,0,0,0,0,0,0,0,0,0,0,0,0,0,0,0,0,0,FINAL (ENTRADA MANUAL)
54,72,15,622,628,1,130,49,2,2,4,614,720,43,10,31,0,1,19,569,602,1,7,24,12,10,1,24,1,0,2,6,187,1446,0,FINAL (ENTRADA MANUAL)
54,73,1,25,126,0,8,3,0,0,1,24,129,2,1,2,0,0,5,19,122,0,1,2,1,1,0,0,0,1,0,0,17,163,0,FINAL (ENTRADA MANUAL)
54,73,2,11,30,0,0,2,0,0,0,10,30,0,0,0,0,0,3,8,28,0,0,0,0,0,0,0,1,0,0,0,6,43,0,FINAL (ENTRADA MANUAL)
54,74,1,0,0,0,0,0,0,0,0,0,0,0,0,0,0,0,0,0,0,0,0,0,0,0,0,0,0,0,0,0,0,0,0,FINAL (ENTRADA MANUAL)
54,74,2,0,0,0,0,0,0,0,0,0,0,0,0,0,0,0,0,0,0,0,0,0,0,0,0,0,0,0,0,0,0,0,0,FINAL (ENTRADA MANUAL)
54,75,1,1,1,0,1,0,0,0,0,1,1,1,0,0,0,0,0,1,1,0,0,0,0,0,0,0,0,0,0,0,1,3,0,FINAL (ENTRADA MANUAL)
54,75,2,0,0,0,0,0,0,0,0,0,0,0,0,0,0,0,0,0,0,0,0,0,0,0,0,0,0,0,0,0,0,0,0,FINAL (ENTRADA MANUAL)
54,76,1,12,1,0,1,1,0,0,1,9,2,1,0,1,0,0,3,6,1,0,0,1,0,0,0,0,0,0,0,0,8,16,0,FINAL (ENTRADA MANUAL)
54,76,2,0,0,0,0,0,0,0,0,0,0,0,0,0,0,0,0,0,0,0,0,0,0,0,0,0,0,0,0,0,0,0,0,FINAL (ENTRADA MANUAL)
54,76,3,3,0,0,0,0,0,0,0,3,0,0,0,0,0,0,0,3,0,0,0,0,0,0,0,0,0,0,0,0,0,3,0,FINAL (ENTRADA MANUAL)
54,76,4,0,0,0,0,0,0,0,0,0,0,0,0,0,0,0,0,0,0,0,0,0,0,0,0,0,0,0,0,0,0,0,0,FINAL (ENTRADA MANUAL)
54,77,1,7,3,0,3,0,0,0,0,7,3,0,3,0,0,0,0,7,3,0,3,0,0,0,0,0,0,0,0,0,0,13,0,FINAL (ENTRADA MANUAL)
54,77,2,5,2,0,28,1,0,0,0,4,8,17,5,2,0,0,0,4,2,0,5,1,0,0,3,7,0,0,0,0,14,36,0,FINAL (ENTRADA MANUAL)
54,77,3,0,0,0,0,0,0,0,0,0,0,0,0,0,0,0,0,0,0,0,0,0,0,0,0,0,0,0,0,0,0,0,0,FINAL (ENTRADA MANUAL)
54,77,4,0,1,0,5,0,0,0,0,1,2,1,1,1,0,0,0,0,1,0,1,0,0,0,0,0,0,0,0,0,4,6,0,FINAL (ENTRADA MANUAL)
54,77,5,0,0,0,1,0,0,0,0,0,0,1,0,0,0,0,0,0,0,0,0,0,0,0,0,0,0,0,0,0,1,1,0,FINAL (ENTRADA MANUAL)
54,78,1,28,8,0,9,0,0,0,0,27,12,3,1,0,0,0,2,26,7,0,1,0,0,1,0,0,0,0,0,0,10,45,0,FINAL (ENTRADA MANUAL)
54,78,2,9,1,0,0,0,0,0,0,6,3,0,0,0,0,0,1,5,1,0,0,0,0,0,0,0,0,0,0,0,4,10,0,FINAL (ENTRADA MANUAL)
54,78,3,3,1,0,1,1,0,0,0,3,2,0,0,1,0,0,0,0,1,0,0,1,0,0,0,0,0,0,0,0,4,6,0,FINAL (ENTRADA MANUAL)
54,78,4,1,0,0,0,0,0,0,0,0,1,0,0,0,0,0,0,0,0,0,0,0,0,0,0,0,0,0,0,0,1,1,0,FINAL (ENTRADA MANUAL)
55,1,1,60,104,0,18,5,0,0,0,47,116,5,5,5,0,0,9,44,102,0,5,5,0,0,0,0,0,1,0,0,31,188,314,FINAL (ENTRADA MANUAL)
55,2,1,98,68,0,35,30,0,0,0,75,92,15,4,24,0,0,21,69,63,0,4,21,3,0,1,1,0,0,0,0,69,231,432,FINAL (ENTRADA MANUAL)
55,2,2,117,67,0,44,23,0,1,1,98,101,13,7,15,0,0,19,85,63,0,7,11,3,3,0,3,0,1,0,0,78,254,432,FINAL (ENTRADA MANUAL)
55,2,3,101,88,0,40,26,0,0,1,84,122,4,5,23,0,0,18,80,82,0,4,19,2,1,1,0,1,0,0,0,66,256,432,FINAL (ENTRADA MANUAL)
55,2,4,103,78,0,32,20,0,0,1,89,104,7,5,15,0,0,14,84,74,0,5,12,1,0,0,1,0,2,1,0,57,237,431,FINAL (ENTRADA MANUAL)
55,3,1,96,56,1,27,40,0,0,0,72,76,6,9,32,0,0,25,62,50,0,7,27,0,4,0,0,2,1,0,0,68,221,392,FINAL (ENTRADA MANUAL)
55,3,2,111,77,0,26,39,0,0,0,75,105,5,2,30,0,0,36,70,69,0,2,26,4,3,0,2,3,1,0,0,74,254,392,FINAL (ENTRADA MANUAL)
55,72,1,6,0,0,0,0,0,0,0,6,0,0,0,0,0,0,0,6,0,0,0,0,0,0,0,0,0,0,0,0,0,6,0,FINAL (ENTRADA MANUAL)
55,72,2,0,0,0,0,0,0,0,0,0,0,0,0,0,0,0,0,0,0,0,0,0,0,0,0,0,0,0,0,0,0,0,0,FINAL (ENTRADA MANUAL)
55,72,3,123,20,0,5,7,0,0,1,121,28,2,0,2,0,0,3,113,20,0,0,1,0,0,1,1,0,0,0,0,20,156,0,FINAL (ENTRADA MANUAL)
55,72,4,36,3,0,1,0,0,0,0,33,4,1,1,0,0,0,2,33,3,0,1,0,0,0,0,1,0,0,2,0,3,43,0,FINAL (ENTRADA MANUAL)
55,72,5,0,0,0,0,0,0,0,0,0,0,0,0,0,0,0,0,0,0,0,0,0,0,0,0,0,0,0,0,0,0,0,0,FINAL (ENTRADA MANUAL)
55,72,6,0,0,0,0,0,0,0,0,0,0,0,0,0,0,0,0,0,0,0,0,0,0,0,0,0,0,0,0,0,0,0,0,FINAL (ENTRADA MANUAL)
55,72,7,6,0,0,0,0,0,0,0,5,1,0,0,0,0,0,0,4,0,0,0,0,0,0,0,0,0,0,0,0,2,6,0,FINAL (ENTRADA MANUAL)
55,72,8,1,0,0,0,0,0,0,0,1,0,0,0,0,0,0,0,1,0,0,0,0,0,0,0,0,0,0,0,0,0,1,0,FINAL (ENTRADA MANUAL)
55,73,1,3,66,0,1,4,0,0,0,3,60,0,1,2,0,0,0,3,60,0,1,2,0,0,0,0,0,0,0,0,8,74,0,FINAL (ENTRADA MANUAL)
55,73,2,0,11,0,0,1,0,0,1,0,12,0,0,1,0,0,0,0,11,0,0,1,0,0,0,0,0,0,0,0,1,13,0,FINAL (ENTRADA MANUAL)
55,74,1,0,0,0,0,0,0,0,0,0,0,0,0,0,0,0,0,0,0,0,0,0,0,0,0,0,0,0,0,0,0,0,0,FINAL (ENTRADA MANUAL)
55,74,2,0,0,0,0,0,0,0,0,0,0,0,0,0,0,0,0,0,0,0,0,0,0,0,0,0,0,0,0,0,0,0,0,FINAL (ENTRADA MANUAL)
55,75,1,0,1,0,1,0,0,0,0,0,1,1,0,0,0,0,0,0,1,0,0,0,0,0,0,1,0,0,0,0,0,2,0,FINAL (ENTRADA MANUAL)
55,76,1,3,0,0,0,0,0,0,0,2,0,0,0,0,0,0,1,2,0,0,0,0,0,0,0,0,0,0,0,0,1,3,0,FINAL (ENTRADA MANUAL)
55,76,2,0,0,0,0,0,0,0,0,0,0,0,0,0,0,0,0,0,0,0,0,0,0,0,0,0,0,0,0,0,0,0,0,FINAL (ENTRADA MANUAL)
55,76,3,1,0,0,0,0,0,0,0,1,0,0,0,0,0,0,0,1,0,0,0,0,0,0,0,0,0,0,0,0,0,1,0,FINAL (ENTRADA MANUAL)
55,76,5,0,1,0,0,0,0,0,0,0,1,0,0,0,0,0,0,0,1,0,0,0,0,0,0,0,0,0,0,0,0,1,0,FINAL (ENTRADA MANUAL)
55,76,6,0,0,0,0,0,0,0,0,0,0,0,0,0,0,0,0,0,0,0,0,0,0,0,0,0,0,0,0,0,0,0,0,FINAL (ENTRADA MANUAL)
55,77,1,0,0,0,0,0,0,0,0,0,0,0,0,0,0,0,0,0,0,0,0,0,0,0,0,0,0,0,0,0,0,0,0,FINAL (ENTRADA MANUAL)
55,77,2,0,0,0,0,0,0,0,0,0,0,0,0,0,0,0,0,0,0,0,0,0,0,0,0,0,0,0,0,0,0,0,0,FINAL (ENTRADA MANUAL)
55,77,3,0,0,0,0,0,0,0,0,0,0,0,0,0,0,0,0,0,0,0,0,0,0,0,0,0,0,0,0,0,0,0,0,FINAL (ENTRADA MANUAL)
55,77,4,2,0,0,0,0,0,0,0,2,0,0,0,0,0,0,0,2,0,0,0,0,0,0,0,0,0,0,0,0,0,2,0,FINAL (ENTRADA MANUAL)
55,77,5,2,2,0,4,0,0,0,0,3,4,1,0,0,0,0,0,2,2,0,0,0,0,0,0,1,0,0,0,0,3,8,0,FINAL (ENTRADA MANUAL)
55,78,1,6,8,0,0,0,0,0,0,3,8,0,0,0,0,0,3,3,8,0,0,0,0,0,0,0,0,0,0,0,3,14,0,FINAL (ENTRADA MANUAL)
55,78,2,3,0,0,1,0,0,0,0,2,1,0,0,0,0,0,1,2,0,0,0,0,0,0,0,0,0,0,0,0,2,4,0,FINAL (ENTRADA MANUAL)
55,78,3,0,0,0,1,0,0,0,0,0,0,0,1,0,0,0,0,0,0,0,1,0,0,0,0,0,0,0,0,0,0,1,0,FINAL (ENTRADA MANUAL)
55,78,4,0,0,0,0,0,0,0,0,0,0,0,0,0,0,0,0,0,0,0,0,0,0,0,0,0,0,0,0,0,0,0,0,FINAL (ENTRADA MANUAL)
56,1,1,120,53,1,30,8,0,0,0,108,69,12,5,6,0,0,12,104,49,1,5,5,0,3,1,2,0,1,0,0,42,213,386,FINAL (ENTRADA MANUAL)
56,1,2,108,82,0,35,0,0,0,0,94,91,11,7,0,0,0,22,89,73,0,7,0,0,2,0,3,0,0,0,0,51,225,386,FINAL (ENTRADA MANUAL)
56,1,3,94,66,0,44,6,0,0,0,86,88,12,10,4,0,0,10,82,63,0,10,3,2,1,0,3,0,0,0,0,46,210,387,FINAL (ENTRADA MANUAL)
56,2,1,97,75,0,45,8,0,0,0,89,104,10,11,3,0,0,8,83,69,0,11,3,0,2,0,4,1,0,0,0,52,225,369,FINAL (ENTRADA MANUAL)
56,3,1,109,87,0,40,13,0,1,0,94,111,12,4,9,0,0,20,89,79,0,4,9,0,1,0,5,0,2,0,0,63,252,428,FINAL (ENTRADA MANUAL)
56,3,2,117,86,0,26,7,0,0,0,105,102,1,9,4,0,0,15,98,81,0,8,4,0,0,0,1,0,1,0,0,44,237,428,FINAL (ENTRADA MANUAL)
56,3,3,102,102,0,24,13,0,0,0,88,118,3,8,11,0,0,13,81,99,0,7,11,0,1,0,1,0,1,0,0,41,242,429,FINAL (ENTRADA MANUAL)
56,4,1,112,112,0,67,10,0,0,0,93,162,17,13,5,0,0,11,90,108,0,11,5,2,2,0,9,0,1,1,0,74,303,529,FINAL (ENTRADA MANUAL)
56,4,2,115,92,0,89,17,0,0,0,107,146,27,7,9,0,0,17,95,89,0,7,8,0,0,2,5,1,1,0,0,106,314,529,FINAL (ENTRADA MANUAL)
56,4,3,103,84,0,74,2,0,0,0,93,132,15,11,1,0,0,11,87,82,0,11,1,1,2,0,7,0,0,0,0,72,263,529,FINAL (ENTRADA MANUAL)
56,4,4,126,62,0,69,11,0,0,0,124,95,16,10,9,0,0,14,113,58,0,9,7,3,3,0,5,0,0,0,0,70,268,528,FINAL (ENTRADA MANUAL)
56,72,1,2,1,0,1,0,0,0,0,2,2,0,0,0,0,0,0,2,1,0,0,0,0,0,0,0,0,0,0,0,1,4,0,FINAL (ENTRADA MANUAL)
56,72,2,1,0,0,0,0,0,0,0,1,0,0,0,0,0,0,0,1,0,0,0,0,0,0,0,0,0,0,0,0,0,1,0,FINAL (ENTRADA MANUAL)
56,72,3,211,8,0,9,7,0,0,0,206,12,4,2,7,0,0,4,204,6,0,2,7,0,0,0,1,0,0,0,0,15,235,0,FINAL (ENTRADA MANUAL)
56,72,4,42,0,0,1,1,0,0,1,38,2,1,0,1,0,0,3,37,0,0,0,1,0,0,0,0,0,0,0,0,7,45,0,FINAL (ENTRADA MANUAL)
56,72,5,1,0,0,0,2,0,0,0,1,0,2,0,0,0,0,0,1,0,0,0,0,0,0,0,0,0,0,0,0,2,3,0,FINAL (ENTRADA MANUAL)
56,72,6,1,1,0,0,0,0,0,0,1,1,0,0,0,0,0,0,1,1,0,0,0,0,0,0,0,0,0,0,0,0,2,0,FINAL (ENTRADA MANUAL)
56,72,7,8,1,0,0,0,0,0,0,6,3,0,0,0,0,0,0,7,6,1,0,0,0,0,0,0,0,0,0,0,2,7,0,FINAL (ENTRADA MANUAL)
56,73,1,96,329,0,11,2,0,0,0,88,318,2,3,2,0,0,25,87,308,0,3,2,0,1,0,0,0,0,0,0,37,438,0,FINAL (ENTRADA MANUAL)
56,73,2,0,0,0,0,0,0,0,0,0,0,0,0,0,0,0,0,0,0,0,0,0,0,0,0,0,0,0,0,0,0,0,0,FINAL (ENTRADA MANUAL)
56,73,3,1,0,0,0,2,0,0,0,1,0,0,0,2,0,0,0,1,0,0,0,1,0,0,0,0,1,4,0,0,1,8,0,FINAL (ENTRADA MANUAL)
56,74,1,1,0,0,0,0,0,0,0,1,0,0,0,0,0,0,0,1,0,0,0,0,0,0,0,0,0,0,0,0,0,1,0,FINAL (ENTRADA MANUAL)
56,74,2,0,0,0,0,0,0,0,0,0,0,0,0,0,0,0,0,0,0,0,0,0,0,0,0,0,0,0,0,0,0,0,0,FINAL (ENTRADA MANUAL)
56,75,1,0,0,0,0,0,0,0,0,0,0,0,0,0,0,0,0,0,0,0,0,0,0,0,0,0,0,0,0,0,0,0,0,FINAL (ENTRADA MANUAL)
56,76,1,3,0,0,1,0,0,0,0,2,0,0,1,0,0,0,1,2,0,0,1,0,0,0,0,0,0,0,1,0,1,5,0,FINAL (ENTRADA MANUAL)
56,76,2,0,0,0,0,0,0,0,0,0,0,0,0,0,0,0,0,0,0,0,0,0,0,0,0,0,0,0,0,0,0,0,0,FINAL (ENTRADA MANUAL)
56,76,3,2,0,0,0,0,0,0,0,1,0,0,0,0,0,0,1,0,0,0,0,0,0,0,0,0,0,0,0,0,2,2,0,FINAL (ENTRADA MANUAL)
56,77,1,0,0,0,0,0,0,0,0,0,0,0,0,0,0,0,0,0,0,0,0,0,0,0,0,0,0,0,0,0,0,0,0,FINAL (ENTRADA MANUAL)
56,77,2,11,8,0,12,3,0,0,0,9,10,4,5,4,0,0,2,9,7,5,3,0,0,0,0,1,0,0,0,0,9,34,0,FINAL (ENTRADA MANUAL)
56,77,3,0,1,0,0,0,0,0,0,0,1,0,0,0,0,0,0,0,1,0,0,0,0,0,0,0,0,0,0,0,0,1,0,FINAL (ENTRADA MANUAL)
56,77,4,7,0,0,1,1,0,0,1,9,0,0,0,1,0,0,0,7,0,0,0,1,0,0,0,0,0,0,0,0,2,10,0,FINAL (ENTRADA MANUAL)
56,78,1,1,2,0,0,0,0,0,0,1,1,0,0,0,0,0,1,1,1,0,0,0,0,0,0,0,0,0,0,0,1,3,0,FINAL (ENTRADA MANUAL)
56,78,2,4,1,0,1,0,0,0,0,3,2,0,0,0,0,0,1,2,1,0,0,0,0,0,0,0,0,0,0,0,3,6,0,FINAL (ENTRADA MANUAL)
56,78,3,0,1,0,0,0,0,0,0,0,1,0,0,0,0,0,0,0,1,0,0,0,0,0,0,0,0,0,0,0,0,1,0,FINAL (ENTRADA MANUAL)
56,78,4,0,0,0,0,0,0,0,0,0,0,0,0,0,0,0,0,0,0,0,0,0,0,0,0,0,0,0,0,0,0,0,0,FINAL (ENTRADA MANUAL)
57,1,1,70,49,2,57,13,0,0,1,65,63,20,16,10,0,0,18,58,41,2,15,8,0,1,1,5,0,0,0,0,61,192,328,FINAL (ENTRADA MANUAL)
57,1,2,71,38,1,51,8,0,0,1,63,61,15,13,8,0,0,10,58,33,1,13,5,0,0,1,4,0,1,0,0,55,171,329,FINAL (ENTRADA MANUAL)
57,2,1,73,134,1,52,8,0,0,0,62,166,8,9,7,0,0,16,55,124,1,9,6,2,4,1,3,0,2,0,0,63,270,427,FINAL (ENTRADA MANUAL)
57,3,1,102,70,0,33,6,0,0,0,89,90,10,3,3,0,0,16,85,69,0,3,2,0,1,0,6,0,0,0,0,45,211,362,FINAL (ENTRADA MANUAL)
57,3,2,103,75,0,32,3,0,0,0,86,86,6,5,4,0,0,26,84,65,0,4,2,1,0,0,4,0,3,0,0,53,216,362,FINAL (ENTRADA MANUAL)
57,3,3,110,67,0,35,7,0,0,2,96,81,6,11,5,0,0,22,91,60,0,10,5,0,0,0,1,0,0,0,0,54,221,361,FINAL (ENTRADA MANUAL)
57,4,1,119,80,0,46,8,0,0,0,100,100,14,9,3,0,0,27,92,71,0,9,2,2,1,0,2,0,0,0,0,74,253,432,FINAL (ENTRADA MANUAL)
57,4,2,100,73,0,37,6,0,0,1,93,91,7,9,6,0,0,11,89,69,0,9,5,1,0,0,2,0,0,0,0,42,217,432,FINAL (ENTRADA MANUAL)
57,4,3,101,93,0,50,3,0,0,0,86,113,15,8,3,0,0,22,86,86,0,7,2,0,1,1,6,1,1,0,0,57,248,432,FINAL (ENTRADA MANUAL)
57,4,4,79,57,0,51,8,0,1,0,75,78,14,15,7,0,0,7,71,53,0,14,5,0,3,0,3,0,1,0,0,47,197,431,FINAL (ENTRADA MANUAL)
57,5,1,56,52,0,49,2,0,0,1,47,94,6,3,2,0,0,8,42,50,0,3,2,0,7,0,7,0,0,0,0,49,160,253,FINAL (ENTRADA MANUAL)
57,5,2,66,42,0,35,3,0,0,0,60,67,8,5,0,0,0,6,55,39,0,4,0,0,1,0,4,0,1,0,0,43,147,253,FINAL (ENTRADA MANUAL)
57,6,1,68,30,0,42,4,0,0,0,63,49,13,10,1,0,0,8,54,28,0,9,1,2,1,0,3,1,2,0,0,45,146,233,FINAL (ENTRADA MANUAL)
57,7,1,81,70,0,66,13,0,0,1,71,114,19,8,6,0,0,13,63,66,0,7,6,1,8,0,6,0,0,0,0,74,231,382,FINAL (ENTRADA MANUAL)
57,7,2,108,46,1,56,12,0,0,1,92,87,10,11,9,0,0,15,83,41,0,11,8,0,2,0,8,1,0,0,0,70,224,382,FINAL (ENTRADA MANUAL)
57,7,3,97,46,0,66,16,0,0,0,80,93,12,12,12,0,0,16,77,42,0,11,11,0,4,0,7,1,1,0,0,72,226,382,FINAL (ENTRADA MANUAL)
57,72,1,16,1,0,0,0,0,0,0,16,1,0,0,0,0,0,0,16,1,0,0,0,0,0,0,0,0,0,0,0,0,17,0,FINAL (ENTRADA MANUAL)
57,72,2,1,0,0,0,0,0,0,0,1,0,0,0,0,0,0,0,1,0,0,0,0,0,0,0,0,0,0,0,0,0,1,0,FINAL (ENTRADA MANUAL)
57,72,3,175,11,0,12,3,0,0,0,170,19,6,2,2,0,0,2,167,10,0,2,1,1,1,1,1,0,0,0,0,17,201,0,FINAL (ENTRADA MANUAL)
57,72,4,42,4,0,8,0,0,0,0,41,4,2,1,0,0,0,6,38,3,0,1,0,0,0,0,1,0,0,0,0,11,54,0,FINAL (ENTRADA MANUAL)
57,72,5,5,0,0,0,1,0,0,0,5,1,0,0,0,0,0,0,5,0,0,0,0,0,0,0,0,0,0,0,0,1,6,0,FINAL (ENTRADA MANUAL)
57,72,6,1,0,0,0,0,0,0,0,1,0,0,0,0,0,0,0,1,0,0,0,0,0,0,0,0,0,0,0,0,0,1,0,FINAL (ENTRADA MANUAL)
57,72,7,2,0,0,0,0,0,0,0,2,0,0,0,0,0,0,0,2,0,0,0,0,0,0,0,0,0,0,0,0,0,2,0,FINAL (ENTRADA MANUAL)
57,72,8,0,0,0,0,0,0,0,0,0,0,0,0,0,0,0,0,0,0,0,0,0,0,0,0,0,0,0,0,0,0,0,0,FINAL (ENTRADA MANUAL)
57,73,1,92,375,1,26,7,0,0,2,80,378,11,8,5,0,0,21,76,364,1,8,4,0,0,0,6,0,0,0,0,44,503,0,FINAL (ENTRADA MANUAL)
57,73,2,0,0,0,0,0,0,0,0,0,0,0,0,0,0,0,0,0,0,0,0,0,0,0,0,0,0,0,0,0,0,0,0,FINAL (ENTRADA MANUAL)
57,73,3,0,0,0,0,0,0,0,0,0,0,0,0,0,0,0,0,0,0,0,0,0,0,0,0,0,0,1,0,0,0,1,0,FINAL (ENTRADA MANUAL)
57,74,1,0,0,0,0,0,0,0,0,0,0,0,0,0,0,0,0,0,0,0,0,0,0,0,0,0,0,0,0,0,0,0,0,FINAL (ENTRADA MANUAL)
57,74,2,0,0,0,0,0,0,0,0,0,0,0,0,0,0,0,0,0,0,0,0,0,0,0,0,0,0,0,0,0,0,0,0,FINAL (ENTRADA MANUAL)
57,75,1,0,0,0,0,0,0,0,0,0,0,0,0,0,0,0,0,0,0,0,0,0,0,0,0,0,0,0,0,0,0,0,0,FINAL (ENTRADA MANUAL)
57,76,1,3,1,0,0,0,0,0,0,2,1,0,0,0,0,0,1,2,1,0,0,0,0,0,0,0,0,0,0,0,1,4,0,FINAL (ENTRADA MANUAL)
57,76,2,0,0,0,0,0,0,0,0,0,0,0,0,0,0,0,0,0,0,0,0,0,0,0,0,0,0,0,0,0,0,0,0,FINAL (ENTRADA MANUAL)
57,76,3,1,0,0,0,0,0,0,0,0,0,0,0,0,0,0,1,0,0,0,0,0,0,0,0,0,0,0,0,0,1,1,0,FINAL (ENTRADA MANUAL)
57,76,5,0,0,0,0,0,0,0,0,0,0,0,0,0,0,0,0,0,0,0,0,0,0,0,0,0,0,0,0,0,0,0,0,FINAL (ENTRADA MANUAL)
57,76,6,1,0,0,0,0,0,0,0,0,0,0,0,0,0,0,1,0,0,0,0,0,0,0,0,0,0,0,0,0,1,1,0,FINAL (ENTRADA MANUAL)
57,77,1,7,5,0,9,0,0,0,0,7,8,4,1,0,0,1,0,5,4,0,0,0,0,0,0,1,0,0,0,1,11,22,0,FINAL (ENTRADA MANUAL)
57,77,2,3,2,0,3,0,0,0,0,3,3,2,0,0,0,0,0,2,2,0,0,0,0,0,0,0,0,0,0,0,4,8,0,FINAL (ENTRADA MANUAL)
57,77,3,0,2,0,0,0,0,0,0,0,2,0,0,0,0,0,0,0,1,0,0,0,0,0,0,0,0,0,0,0,1,2,0,FINAL (ENTRADA MANUAL)
57,77,4,0,4,0,1,2,0,0,0,2,4,0,1,0,0,0,0,0,4,0,1,0,0,0,0,0,0,0,0,0,2,7,0,FINAL (ENTRADA MANUAL)
57,78,1,8,1,0,3,1,0,0,0,5,2,0,2,1,0,0,3,4,1,0,0,1,0,0,0,0,0,0,7,0,0,13,0,FINAL (ENTRADA MANUAL)
57,78,2,1,0,0,0,0,0,0,0,1,0,0,0,0,0,0,0,1,0,0,0,0,0,0,0,0,0,0,0,0,0,1,0,FINAL (ENTRADA MANUAL)
57,78,3,0,0,0,0,0,0,0,0,0,0,0,0,0,0,0,0,0,0,0,0,0,0,0,0,0,0,0,0,0,0,0,0,FINAL (ENTRADA MANUAL)
57,78,4,0,0,0,0,0,0,0,0,0,0,0,0,0,0,0,0,0,0,0,0,0,0,0,0,0,0,0,0,0,0,0,0,FINAL (ENTRADA MANUAL)
58,1,1,82,41,0,44,3,0,0,0,59,67,13,10,4,0,0,17,53,39,0,9,2,0,3,2,4,0,1,0,0,58,171,318,FINAL (ENTRADA MANUAL)
58,1,2,81,30,0,34,3,0,0,1,66,46,8,12,3,0,0,14,62,27,0,9,1,1,0,1,2,0,0,0,0,46,149,318,FINAL (ENTRADA MANUAL)
58,2,1,120,75,0,67,8,0,0,0,109,124,18,7,5,0,0,7,105,71,0,7,5,4,1,0,5,0,0,0,0,72,270,480,FINAL (ENTRADA MANUAL)
58,2,2,140,64,1,78,10,0,0,0,123,100,23,14,5,0,0,28,114,54,1,11,5,3,1,0,4,1,2,0,0,99,295,479,FINAL (ENTRADA MANUAL)
58,3,1,106,53,0,65,10,1,0,0,88,91,16,18,7,0,0,15,80,41,0,17,4,5,1,0,1,0,0,0,0,86,235,391,FINAL (ENTRADA MANUAL)
58,3,2,89,43,0,84,9,0,0,1,79,106,14,14,5,0,0,8,72,38,0,14,4,1,4,0,9,0,2,0,0,84,228,391,FINAL (ENTRADA MANUAL)
58,3,3,97,39,0,59,15,0,0,0,77,82,13,10,13,0,0,15,67,33,0,7,11,4,1,0,5,0,0,0,0,82,210,391,FINAL (ENTRADA MANUAL)
58,3,4,111,45,1,77,10,0,0,3,90,99,16,18,5,0,0,19,80,38,1,15,4,2,9,0,7,0,1,0,1,91,249,392,FINAL (ENTRADA MANUAL)
58,4,1,88,55,0,62,12,0,0,0,71,88,17,12,10,0,0,19,58,52,0,11,8,0,0,0,7,0,1,0,0,81,218,369,FINAL (ENTRADA MANUAL)
58,4,2,87,45,0,63,10,0,0,0,74,88,16,10,7,0,0,10,64,40,0,9,5,0,5,0,7,0,3,0,0,75,208,369,FINAL (ENTRADA MANUAL)
58,5,1,132,68,0,78,11,0,0,0,113,105,20,15,10,0,0,26,102,60,0,12,8,1,0,0,3,0,1,0,1,103,291,501,FINAL (ENTRADA MANUAL)
58,5,2,113,58,0,67,17,0,0,0,92,95,18,9,14,1,1,25,86,52,0,9,11,2,1,0,9,0,3,0,0,85,258,501,FINAL (ENTRADA MANUAL)
58,5,3,121,69,0,73,9,0,0,1,95,121,18,12,9,0,0,18,86,59,0,10,8,2,1,1,9,1,2,0,0,96,275,501,FINAL (ENTRADA MANUAL)
58,6,1,112,68,1,100,7,0,0,2,101,122,30,17,3,0,0,17,94,61,1,16,2,1,3,3,13,1,2,0,0,95,292,585,FINAL (ENTRADA MANUAL)
58,6,2,125,52,0,95,9,0,0,0,111,103,31,11,5,0,0,20,98,46,0,11,2,3,3,0,8,0,5,0,0,110,286,585,FINAL (ENTRADA MANUAL)
58,6,3,86,74,0,133,2,0,0,0,59,156,34,18,7,0,0,21,50,67,0,15,2,5,7,1,15,0,2,0,0,133,297,586,FINAL (ENTRADA MANUAL)
58,7,1,94,66,0,97,8,0,0,2,76,124,30,12,4,1,0,20,71,56,0,12,4,0,4,3,11,0,1,0,0,106,268,540,FINAL (ENTRADA MANUAL)
58,7,2,101,58,0,124,12,1,0,1,76,134,26,29,10,2,0,20,69,53,0,23,8,1,2,1,8,1,4,0,0,131,301,540,FINAL (ENTRADA MANUAL)
58,7,3,120,47,1,88,8,0,0,1,96,102,29,11,3,0,0,24,89,41,1,8,2,0,5,0,6,1,0,0,0,112,265,540,FINAL (ENTRADA MANUAL)
58,7,4,136,56,0,100,6,0,1,0,115,108,27,24,5,0,0,20,105,49,0,24,5,2,5,0,8,0,0,0,0,101,299,541,FINAL (ENTRADA MANUAL)
58,8,1,109,63,0,60,3,0,0,0,82,114,11,4,1,0,0,23,67,57,0,1,1,0,4,0,3,0,1,0,0,102,236,426,FINAL (ENTRADA MANUAL)
58,8,2,99,53,0,73,7,0,0,0,83,96,14,14,6,1,0,18,72,44,0,13,5,0,2,1,8,0,0,0,0,87,232,425,FINAL (ENTRADA MANUAL)
58,9,1,88,15,0,11,2,0,1,0,58,19,5,1,2,0,0,32,52,9,0,0,2,3,0,0,3,0,2,0,1,48,120,190,FINAL (ENTRADA MANUAL)
58,10,1,91,52,0,92,6,0,0,0,79,111,14,19,4,0,0,14,70,47,0,17,3,1,1,1,4,1,0,0,0,96,241,433,FINAL (ENTRADA MANUAL)
58,10,2,88,57,0,72,12,0,0,0,78,95,20,11,8,0,0,17,71,48,0,11,6,0,1,0,5,0,1,0,0,87,230,433,FINAL (ENTRADA MANUAL)
58,11,1,68,73,0,55,21,1,0,0,56,114,16,9,19,0,0,4,49,68,0,7,10,2,1,0,6,1,0,0,0,74,218,400,FINAL (ENTRADA MANUAL)
58,11,2,84,43,0,59,19,1,0,2,75,77,16,13,15,0,0,12,68,40,0,12,10,1,1,0,10,0,1,0,0,66,209,400,FINAL (ENTRADA MANUAL)
58,11,3,88,45,1,45,21,0,0,0,77,72,17,10,17,0,0,7,67,38,1,10,14,2,2,0,6,0,0,0,0,60,200,400,FINAL (ENTRADA MANUAL)
58,12,1,54,37,0,30,4,0,0,0,44,61,4,6,2,0,0,8,40,36,0,5,2,0,2,0,3,0,0,0,0,37,125,214,FINAL (ENTRADA MANUAL)
58,13,1,111,42,0,42,2,0,0,1,90,68,8,12,1,0,0,19,85,35,0,10,1,4,2,0,1,0,2,0,1,60,201,462,FINAL (ENTRADA MANUAL)
58,72,1,307,148,0,84,15,0,0,0,272,214,39,10,10,1,0,8,261,144,0,9,8,3,1,0,25,1,0,0,1,102,555,0,FINAL (ENTRADA MANUAL)
58,72,2,8,0,0,2,0,0,0,0,7,1,2,0,0,0,0,0,6,0,0,0,0,0,0,0,2,0,0,0,0,2,10,0,FINAL (ENTRADA MANUAL)
58,72,3,300,148,0,82,15,0,0,0,266,213,37,10,10,1,0,8,256,144,0,9,8,3,1,0,23,1,0,0,1,100,546,0,FINAL (ENTRADA MANUAL)
58,72,4,67,26,0,23,2,1,0,0,55,44,9,5,4,0,0,2,54,25,0,4,1,2,1,0,6,0,1,0,0,26,120,0,FINAL (ENTRADA MANUAL)
58,72,5,23,1,0,8,0,0,0,0,22,5,2,2,1,0,0,0,22,1,0,2,0,1,0,0,4,0,0,0,0,2,32,0,FINAL (ENTRADA MANUAL)
58,72,6,1,3,0,0,0,0,0,0,1,3,0,0,0,0,0,0,1,3,0,0,0,0,0,0,0,0,0,0,0,0,4,0,FINAL (ENTRADA MANUAL)
58,72,7,1,0,0,0,0,0,0,0,1,0,0,0,0,0,0,0,1,0,0,0,0,0,0,0,0,0,0,0,0,0,1,0,FINAL (ENTRADA MANUAL)
58,73,1,269,369,0,21,5,0,0,3,237,382,3,4,6,0,0,35,229,348,0,4,1,3,1,0,2,0,0,0,0,79,667,0,FINAL (ENTRADA MANUAL)
58,73,2,0,0,0,0,0,0,0,0,0,0,0,0,0,0,0,0,0,0,0,0,0,0,0,0,0,0,0,0,0,0,0,0,FINAL (ENTRADA MANUAL)
58,73,3,0,0,0,0,0,0,0,0,0,0,0,0,0,0,0,0,0,0,0,0,0,0,0,0,0,0,0,0,0,0,0,0,FINAL (ENTRADA MANUAL)
58,73,4,133,185,1,13,8,0,0,0,120,189,2,2,3,0,0,24,117,171,1,2,1,3,2,0,1,0,4,0,0,42,344,0,FINAL (ENTRADA MANUAL)
58,74,1,0,0,0,1,0,0,0,0,0,1,0,0,0,0,0,0,0,0,0,0,0,0,0,0,0,0,0,0,0,1,1,0,FINAL (ENTRADA MANUAL)
58,74,2,0,0,0,0,0,0,0,0,0,0,0,0,0,0,0,0,0,0,0,0,0,0,0,0,0,0,0,0,0,0,0,0,FINAL (ENTRADA MANUAL)
58,75,1,2,0,0,5,0,0,0,0,2,3,1,1,0,0,0,0,2,0,0,1,0,0,0,0,0,0,0,0,0,4,7,0,FINAL (ENTRADA MANUAL)
58,76,1,9,1,0,0,0,0,0,0,9,1,0,0,0,0,0,0,9,1,0,0,0,0,0,0,0,0,0,0,0,0,10,0,FINAL (ENTRADA MANUAL)
58,76,2,0,0,0,0,0,0,0,0,0,0,0,0,0,0,0,0,0,0,0,0,0,0,0,0,0,0,0,0,0,0,0,0,FINAL (ENTRADA MANUAL)
58,76,3,3,1,0,0,0,0,0,0,2,1,0,0,0,0,0,1,2,1,0,0,0,0,0,0,0,0,0,0,0,1,4,0,FINAL (ENTRADA MANUAL)
58,77,1,6,3,0,8,0,0,0,1,5,10,1,1,0,0,1,0,4,2,0,0,0,0,1,0,0,0,0,0,0,11,18,0,FINAL (ENTRADA MANUAL)
58,77,2,5,2,0,15,0,0,0,0,4,8,7,3,0,0,0,0,4,0,0,3,0,0,0,1,4,0,0,0,0,10,22,0,FINAL (ENTRADA MANUAL)
58,77,3,1,2,0,3,0,0,0,0,0,2,2,1,0,0,1,0,0,2,0,1,0,0,0,0,1,0,0,0,0,2,6,0,FINAL (ENTRADA MANUAL)
58,77,4,10,0,0,5,2,0,0,0,9,4,1,1,2,0,0,0,9,0,0,1,1,1,1,0,0,0,0,0,0,4,17,0,FINAL (ENTRADA MANUAL)
58,78,1,26,14,0,7,0,0,0,0,17,20,2,1,0,0,0,7,16,12,0,1,0,1,0,0,0,0,0,0,0,17,47,0,FINAL (ENTRADA MANUAL)
58,78,2,1,0,0,0,0,0,0,0,0,1,0,0,0,0,0,0,0,0,0,0,0,0,1,0,0,0,0,0,0,0,1,0,FINAL (ENTRADA MANUAL)
58,78,3,1,1,0,1,0,0,0,0,1,2,0,0,0,0,0,0,1,1,0,0,0,0,0,0,0,0,0,0,0,1,3,0,FINAL (ENTRADA MANUAL)
58,78,4,0,0,0,0,0,0,0,0,0,0,0,0,0,0,0,0,0,0,0,0,0,0,0,0,0,0,0,0,0,0,0,0,FINAL (ENTRADA MANUAL)
59,1,1,76,37,0,28,1,0,0,0,63,55,0,9,0,0,0,15,56,32,0,8,0,1,0,0,0,0,1,0,0,45,143,241,FINAL (ENTRADA MANUAL)
59,2,1,49,17,0,17,4,0,0,0,44,23,8,3,4,0,0,5,39,15,0,3,3,1,1,0,5,0,0,0,0,20,87,167,FINAL (ENTRADA MANUAL)
59,3,1,98,47,0,78,4,0,1,0,82,95,22,14,6,0,0,9,72,43,0,14,0,2,4,0,4,0,0,0,0,89,228,435,FINAL (ENTRADA MANUAL)
59,3,2,82,39,0,88,8,0,0,0,76,80,23,16,10,0,0,12,70,35,0,10,7,1,1,0,8,0,2,0,0,85,219,435,FINAL (ENTRADA MANUAL)
59,3,3,80,39,0,93,7,0,0,0,69,91,28,15,6,0,0,10,62,32,0,13,5,0,2,1,9,0,0,0,0,95,219,435,FINAL (ENTRADA MANUAL)
59,3,4,78,41,0,93,12,0,0,0,59,89,27,20,8,0,0,21,51,36,0,17,7,1,1,1,7,0,0,0,0,103,224,435,FINAL (ENTRADA MANUAL)
59,4,1,65,100,0,68,8,0,0,1,49,126,13,18,7,1,0,28,41,87,0,15,6,1,4,0,2,0,2,0,0,86,244,483,FINAL (ENTRADA MANUAL)
59,5,1,106,57,0,48,7,0,1,0,96,81,9,12,4,0,1,16,88,48,0,11,4,4,2,0,4,0,1,0,0,58,220,389,FINAL (ENTRADA MANUAL)
59,6,1,84,82,0,78,7,0,0,2,60,129,17,16,9,0,0,22,53,64,0,12,5,1,2,0,6,1,0,1,0,109,254,512,FINAL (ENTRADA MANUAL)
59,6,2,115,65,0,76,3,0,0,0,84,120,15,15,3,0,0,22,74,57,0,14,1,5,2,0,9,0,0,1,0,97,260,512,FINAL (ENTRADA MANUAL)
59,6,3,95,61,0,80,5,1,0,0,76,94,19,18,7,0,0,28,68,51,0,17,4,0,0,1,5,0,0,0,0,96,242,512,FINAL (ENTRADA MANUAL)
59,6,4,85,76,0,75,13,0,0,0,74,102,22,18,10,0,0,23,65,71,0,15,8,0,0,0,6,0,0,1,0,84,250,514,FINAL (ENTRADA MANUAL)
59,7,1,92,53,0,79,6,0,0,1,70,99,26,11,6,0,0,19,68,45,0,11,2,1,1,0,12,0,1,0,0,91,232,472,FINAL (ENTRADA MANUAL)
59,7,2,95,68,0,58,4,0,0,0,85,98,10,9,2,0,0,21,78,56,0,8,1,1,0,0,2,1,1,0,1,78,227,473,FINAL (ENTRADA MANUAL)
59,8,1,78,62,0,64,7,0,0,1,64,87,19,14,11,0,0,17,61,51,0,11,6,2,2,0,3,0,4,0,0,76,216,467,FINAL (ENTRADA MANUAL)
59,8,2,82,61,0,57,16,0,0,0,66,96,8,9,9,0,0,28,59,53,0,9,5,2,2,0,3,0,2,0,1,83,219,467,FINAL (ENTRADA MANUAL)
59,8,3,67,56,0,74,12,0,0,0,55,90,21,21,7,0,0,15,45,48,0,18,6,1,1,0,4,4,4,0,0,82,213,467,FINAL (ENTRADA MANUAL)
59,8,4,79,60,0,52,16,0,0,0,60,92,16,10,12,0,0,17,53,49,0,8,9,1,2,0,2,1,1,0,0,82,208,466,FINAL (ENTRADA MANUAL)
59,9,1,118,51,0,54,7,0,0,1,99,89,19,8,8,0,0,8,86,47,0,7,5,3,0,1,1,1,0,0,0,80,231,426,FINAL (ENTRADA MANUAL)
59,10,1,103,48,0,109,4,1,0,0,93,99,33,21,2,0,0,17,85,44,0,18,1,1,3,0,15,0,2,0,0,98,267,510,FINAL (ENTRADA MANUAL)
59,10,2,100,46,0,101,6,0,1,1,82,98,29,24,5,0,1,16,74,36,0,19,2,2,0,1,10,0,2,0,0,111,257,510,FINAL (ENTRADA MANUAL)
59,10,3,96,51,0,97,11,0,0,0,79,114,24,23,9,0,0,6,64,46,0,22,7,3,0,0,13,1,1,0,0,99,256,510,FINAL (ENTRADA MANUAL)
59,10,4,112,60,0,105,3,0,1,1,95,110,30,20,5,0,0,22,81,50,0,16,2,0,0,0,12,0,1,0,0,121,283,508,FINAL (ENTRADA MANUAL)
59,11,1,69,40,0,62,4,0,0,1,60,69,15,20,3,0,0,9,56,37,0,20,2,1,3,0,5,0,0,0,0,52,176,325,FINAL (ENTRADA MANUAL)
59,12,1,100,64,1,70,6,0,1,1,79,102,14,20,7,0,0,21,77,52,1,20,4,2,1,0,3,0,0,0,0,83,243,406,FINAL (ENTRADA MANUAL)
59,12,2,92,42,1,75,18,0,0,0,69,89,17,18,17,0,0,18,62,33,1,17,13,0,1,1,3,0,1,0,0,97,229,407,FINAL (ENTRADA MANUAL)
59,13,1,28,18,0,66,2,0,0,1,27,36,37,11,1,0,0,3,25,18,0,11,1,0,2,0,23,0,0,0,0,35,115,169,FINAL (ENTRADA MANUAL)
59,14,1,103,69,1,73,5,0,0,3,79,131,16,8,5,0,0,15,72,65,1,8,4,1,1,0,5,0,0,0,0,97,254,423,FINAL (ENTRADA MANUAL)
59,15,1,100,31,0,80,3,1,0,1,84,66,34,22,2,1,0,7,76,30,0,19,2,0,1,0,12,0,0,0,0,76,216,396,FINAL (ENTRADA MANUAL)
59,15,2,114,30,0,71,8,0,0,0,104,70,23,11,3,0,0,12,93,24,0,11,2,1,4,0,11,2,1,0,0,75,224,395,FINAL (ENTRADA MANUAL)
59,16,1,79,66,0,60,3,0,0,0,58,100,14,11,3,0,0,22,52,52,0,9,2,1,2,0,1,0,0,0,0,89,208,412,FINAL (ENTRADA MANUAL)
59,16,2,81,68,1,57,6,0,0,0,60,98,10,19,7,0,0,19,55,59,0,18,4,0,0,0,4,0,1,0,0,73,214,412,FINAL (ENTRADA MANUAL)
59,16,3,77,60,0,55,11,0,0,0,49,101,8,12,10,0,0,23,46,43,0,10,8,1,7,0,2,0,0,0,0,86,203,411,FINAL (ENTRADA MANUAL)
59,72,1,29,7,0,2,0,0,0,0,26,9,1,0,0,0,0,2,23,4,0,0,0,0,1,0,0,0,0,0,0,10,38,0,FINAL (ENTRADA MANUAL)
59,72,2,0,0,0,0,0,0,0,0,0,0,0,0,0,0,0,0,0,0,0,0,0,0,0,0,0,0,0,0,0,0,0,0,FINAL (ENTRADA MANUAL)
59,72,3,687,138,0,107,6,0,1,1,651,197,37,22,9,0,3,21,621,122,0,19,4,8,5,1,13,2,0,0,2,145,942,0,FINAL (ENTRADA MANUAL)
59,72,4,208,32,0,31,5,1,0,0,195,53,10,5,4,0,0,10,192,30,0,5,4,1,6,1,5,0,7,8,0,33,292,0,FINAL (ENTRADA MANUAL)
59,72,5,22,9,0,4,0,0,0,1,22,12,2,0,0,0,0,0,20,8,0,0,0,0,1,0,0,0,0,0,0,7,36,0,FINAL (ENTRADA MANUAL)
59,72,6,5,0,0,0,0,0,0,0,5,0,0,0,0,0,0,0,5,0,0,0,0,0,0,0,0,0,0,0,0,0,5,0,FINAL (ENTRADA MANUAL)
59,72,7,1,0,0,0,0,0,0,0,1,0,0,0,0,0,0,0,1,0,0,0,0,0,0,0,0,0,0,0,0,0,1,0,FINAL (ENTRADA MANUAL)
59,72,8,4,0,0,0,1,0,0,0,4,0,0,0,1,0,0,0,4,0,0,0,1,0,0,0,0,0,0,0,0,0,5,0,FINAL (ENTRADA MANUAL)
59,72,9,14,1,0,3,0,0,0,0,13,3,1,0,1,0,0,0,13,0,0,0,0,1,0,0,0,0,0,0,0,4,18,0,FINAL (ENTRADA MANUAL)
59,73,1,326,589,2,83,6,0,0,7,279,592,10,28,3,0,0,101,258,524,0,28,3,0,8,0,4,0,0,1,0,188,1013,0,FINAL (ENTRADA MANUAL)
59,73,2,0,0,0,0,0,0,0,0,0,0,0,0,0,0,0,0,0,0,0,0,0,0,0,0,0,0,0,0,0,0,0,0,FINAL (ENTRADA MANUAL)
59,73,3,0,0,0,0,0,0,0,0,0,0,0,0,0,0,0,0,0,0,0,0,0,0,0,0,0,0,0,0,0,0,0,0,FINAL (ENTRADA MANUAL)
59,73,4,8,16,0,0,0,0,0,0,5,18,0,0,0,0,0,1,5,16,0,0,0,0,2,0,0,0,8,1,0,1,33,0,FINAL (ENTRADA MANUAL)
59,74,1,0,0,0,0,0,0,0,0,0,0,0,0,0,0,0,0,0,0,0,0,0,0,0,0,0,0,0,0,0,0,0,0,FINAL (ENTRADA MANUAL)
59,74,2,0,0,0,0,0,0,0,0,0,0,0,0,0,0,0,0,0,0,0,0,0,0,0,0,0,0,0,0,0,0,0,0,FINAL (ENTRADA MANUAL)
59,75,1,0,0,0,0,0,0,0,0,0,0,0,0,0,0,0,0,0,0,0,0,0,0,0,0,0,0,0,0,0,0,0,0,FINAL (ENTRADA MANUAL)
59,76,1,9,0,0,1,0,0,0,0,8,0,0,1,0,0,0,1,7,0,0,0,0,0,0,0,0,0,1,0,0,3,11,0,FINAL (ENTRADA MANUAL)
59,76,2,0,0,0,0,0,0,0,0,0,0,0,0,0,0,0,0,0,0,0,0,0,0,0,0,0,0,0,0,0,0,0,0,FINAL (ENTRADA MANUAL)
59,76,3,6,0,0,0,0,0,0,0,6,0,0,0,0,0,0,0,6,0,0,0,0,0,0,0,0,0,0,0,0,0,6,0,FINAL (ENTRADA MANUAL)
59,76,4,0,0,0,0,0,0,0,0,0,0,0,0,0,0,0,0,0,0,0,0,0,0,0,0,0,0,0,0,0,0,0,0,FINAL (ENTRADA MANUAL)
59,77,1,0,0,0,0,0,0,0,0,0,0,0,0,0,0,0,0,0,0,0,0,0,0,0,0,0,0,0,0,0,0,0,0,FINAL (ENTRADA MANUAL)
59,77,2,12,7,0,20,0,0,0,0,11,15,10,3,2,0,0,0,9,7,0,3,0,1,0,0,3,0,0,0,0,16,39,0,FINAL (ENTRADA MANUAL)
59,77,3,2,2,0,5,0,0,0,0,2,4,3,0,0,0,0,0,2,1,0,0,0,0,0,0,3,0,0,0,0,3,9,0,FINAL (ENTRADA MANUAL)
59,78,1,23,6,0,8,0,0,0,0,18,11,0,3,0,0,0,5,16,5,0,3,0,0,0,0,0,0,0,0,0,13,37,0,FINAL (ENTRADA MANUAL)
59,78,2,2,1,0,0,0,0,0,0,1,1,0,0,0,0,0,1,0,1,0,0,0,0,0,0,0,0,0,0,0,2,3,0,FINAL (ENTRADA MANUAL)
59,78,3,0,0,0,0,0,0,0,0,0,0,0,0,0,0,0,0,0,0,0,0,0,0,0,0,0,0,0,0,0,0,0,0,FINAL (ENTRADA MANUAL)
59,78,4,0,0,0,0,0,0,0,0,0,0,0,0,0,0,0,0,0,0,0,0,0,0,0,0,0,0,0,0,0,0,0,0,FINAL (ENTRADA MANUAL)
60,1,1,73,54,0,77,26,0,0,1,62,101,18,15,21,0,0,14,54,49,0,12,19,1,0,1,3,2,0,0,0,90,231,400,FINAL (ENTRADA MANUAL)
60,1,2,88,48,0,78,13,0,0,0,63,112,14,15,10,0,0,13,57,40,0,14,7,3,1,1,8,0,0,0,0,96,227,401,FINAL (ENTRADA MANUAL)
60,2,1,105,50,1,45,23,0,0,0,81,97,7,9,18,0,0,12,71,44,1,8,15,2,3,0,5,0,4,1,0,75,229,428,FINAL (ENTRADA MANUAL)
60,2,2,79,59,0,67,22,0,0,1,70,101,13,20,15,0,0,9,60,56,0,16,13,2,4,1,2,0,0,0,0,74,228,428,FINAL (ENTRADA MANUAL)
60,2,3,72,48,1,47,30,0,0,0,58,80,13,13,26,0,0,8,49,37,1,10,23,0,1,0,2,1,0,0,1,74,199,428,FINAL (ENTRADA MANUAL)
60,2,4,78,46,0,70,29,0,0,0,68,105,15,11,21,0,0,3,55,45,0,9,18,0,3,0,7,1,0,1,0,85,224,427,FINAL (ENTRADA MANUAL)
60,3,1,87,44,0,48,7,0,0,1,75,74,21,6,7,0,0,4,72,43,0,6,5,0,1,1,8,0,0,0,0,51,187,408,FINAL (ENTRADA MANUAL)
60,72,1,8,0,0,3,0,0,0,0,8,2,1,0,0,0,0,0,8,0,0,0,0,0,0,0,0,0,0,0,0,3,11,0,FINAL (ENTRADA MANUAL)
60,72,2,73,11,0,7,2,0,0,0,65,23,1,0,2,0,0,2,64,10,0,0,1,2,3,0,0,0,0,0,0,13,93,0,FINAL (ENTRADA MANUAL)
60,72,3,22,10,0,3,4,0,0,0,19,12,1,1,4,0,0,2,16,10,0,1,4,0,0,0,1,0,0,0,0,7,39,0,FINAL (ENTRADA MANUAL)
60,72,4,6,6,0,3,0,0,0,0,5,8,1,1,0,0,0,0,5,6,0,1,0,0,0,0,1,0,0,0,0,2,15,0,FINAL (ENTRADA MANUAL)
60,72,5,3,0,0,0,1,0,0,0,1,1,0,0,1,0,0,1,0,0,0,0,1,0,0,0,0,0,0,0,0,3,4,0,FINAL (ENTRADA MANUAL)
60,72,6,1,0,0,0,0,0,0,0,1,0,0,0,0,0,0,0,1,0,0,0,0,0,0,0,0,0,0,0,0,0,1,0,FINAL (ENTRADA MANUAL)
60,72,7,0,0,0,1,0,0,0,0,0,0,0,1,0,0,0,0,0,0,0,1,0,0,0,0,0,0,0,0,0,0,1,0,FINAL (ENTRADA MANUAL)
60,72,8,0,0,0,0,0,0,0,0,0,0,0,0,0,0,0,0,0,0,0,0,0,0,0,0,0,0,0,0,0,0,0,0,FINAL (ENTRADA MANUAL)
60,73,1,9,30,0,1,0,0,0,1,5,26,0,1,0,0,1,8,5,22,0,1,0,0,0,0,0,0,0,0,0,13,41,0,FINAL (ENTRADA MANUAL)
60,73,2,1,9,0,1,1,0,0,0,1,9,0,1,1,0,0,0,1,9,0,1,1,0,0,0,0,0,0,0,0,0,12,0,FINAL (ENTRADA MANUAL)
60,74,1,1,0,0,0,0,0,0,0,1,0,0,0,0,0,0,0,1,0,0,0,0,0,0,0,0,0,0,0,0,0,1,0,FINAL (ENTRADA MANUAL)
60,74,2,0,0,0,0,0,0,0,0,0,0,0,0,0,0,0,0,0,0,0,0,0,0,0,0,0,0,0,0,0,0,0,0,FINAL (ENTRADA MANUAL)
60,75,1,0,0,0,0,0,0,0,0,0,0,0,0,0,0,0,0,0,0,0,0,0,0,0,0,0,0,0,0,0,0,0,0,FINAL (ENTRADA MANUAL)
60,76,1,3,0,0,0,0,0,0,0,1,0,0,0,0,0,0,2,1,0,0,0,0,0,0,0,0,0,0,0,0,2,3,0,FINAL (ENTRADA MANUAL)
60,76,2,0,0,0,0,0,0,0,0,0,0,0,0,0,0,0,0,0,0,0,0,0,0,0,0,0,0,0,0,0,0,0,0,FINAL (ENTRADA MANUAL)
60,76,3,0,0,0,1,0,0,0,0,0,1,0,0,0,0,0,0,0,0,0,0,0,0,0,0,0,0,0,0,0,1,1,0,FINAL (ENTRADA MANUAL)
60,77,1,0,0,0,0,0,0,0,0,0,0,0,0,0,0,0,0,0,0,0,0,0,0,0,0,0,0,0,0,0,0,0,0,FINAL (ENTRADA MANUAL)
60,77,2,1,1,5,0,0,0,0,0,1,2,4,0,0,0,0,0,1,1,0,0,0,0,0,0,0,0,0,0,0,5,7,0,FINAL (ENTRADA MANUAL)
60,77,3,1,0,0,0,0,0,0,0,1,0,0,0,0,0,0,0,0,0,0,0,0,0,0,0,0,0,0,0,0,1,1,0,FINAL (ENTRADA MANUAL)
60,77,4,0,1,0,1,0,0,0,0,0,1,1,0,0,0,0,0,0,1,0,0,0,0,0,0,0,0,0,0,0,1,2,0,FINAL (ENTRADA MANUAL)
60,78,1,12,6,0,8,1,0,0,0,9,11,1,0,1,0,0,5,8,6,0,0,1,0,0,0,1,0,0,0,0,11,27,0,FINAL (ENTRADA MANUAL)
60,78,2,3,0,0,0,0,0,0,0,2,0,0,0,0,0,0,1,2,0,0,0,0,0,0,0,0,0,0,0,0,1,3,0,FINAL (ENTRADA MANUAL)
60,78,3,0,0,0,0,0,0,0,0,0,0,0,0,0,0,0,0,0,0,0,0,0,0,0,0,0,0,0,0,0,0,0,0,FINAL (ENTRADA MANUAL)
60,78,4,0,0,0,0,0,0,0,0,0,0,0,0,0,0,0,0,0,0,0,0,0,0,0,0,0,0,0,0,0,0,0,0,FINAL (ENTRADA MANUAL)
61,1,1,97,56,0,114,19,0,0,1,77,138,37,12,16,0,0,7,69,48,0,11,12,2,3,0,12,2,1,0,0,128,288,487,FINAL (ENTRADA MANUAL)
61,1,2,92,42,1,103,22,0,0,0,71,113,34,11,20,0,0,11,67,35,0,8,13,1,3,0,6,0,0,0,0,127,260,487,FINAL (ENTRADA MANUAL)
61,1,3,104,40,0,120,25,0,0,0,83,120,26,22,23,1,0,14,73,34,0,21,16,3,0,0,10,2,0,0,0,130,289,487,FINAL (ENTRADA MANUAL)
61,1,4,71,44,0,109,26,1,0,2,58,114,26,17,31,1,0,6,51,39,0,15,23,0,2,1,8,0,1,0,0,114,254,487,FINAL (ENTRADA MANUAL)
61,1,5,108,50,0,75,21,0,0,0,84,97,26,15,17,0,0,15,71,38,0,13,13,1,0,0,9,1,0,0,0,108,254,487,FINAL (ENTRADA MANUAL)
61,1,6,82,53,0,109,19,0,0,1,72,125,23,22,13,0,0,9,57,49,0,21,9,0,1,1,7,1,0,0,0,118,264,487,FINAL (ENTRADA MANUAL)
61,1,7,90,41,1,102,26,0,0,0,71,113,31,15,17,0,0,13,65,35,1,13,15,3,5,1,8,1,1,0,0,113,261,487,FINAL (ENTRADA MANUAL)
61,1,8,79,48,0,102,17,0,0,0,58,122,26,14,12,1,0,13,44,35,0,14,11,1,2,0,4,0,1,0,0,135,247,487,FINAL (ENTRADA MANUAL)
61,1,9,93,36,0,101,25,0,0,1,72,121,17,14,19,1,0,12,60,32,0,10,15,2,1,0,4,1,2,0,0,131,258,489,FINAL (ENTRADA MANUAL)
61,2,1,73,41,0,53,10,0,1,1,48,77,14,6,10,0,0,24,41,33,0,6,7,1,1,0,7,2,3,2,0,81,184,348,FINAL (ENTRADA MANUAL)
61,2,2,54,45,1,50,8,0,0,1,42,81,10,12,9,0,0,5,31,36,1,11,4,0,2,0,1,0,0,0,0,73,159,348,FINAL (ENTRADA MANUAL)
61,2,3,65,54,0,47,8,0,0,3,49,82,6,11,9,0,1,19,39,38,0,10,5,1,2,0,2,2,1,0,0,78,178,347,FINAL (ENTRADA MANUAL)
61,3,1,86,37,0,99,20,0,0,1,70,107,28,13,16,0,0,9,60,36,0,13,13,4,1,1,8,1,1,0,0,106,244,514,FINAL (ENTRADA MANUAL)
61,3,2,93,35,1,97,12,0,0,1,80,96,23,15,11,0,0,14,74,31,0,11,7,1,1,2,15,1,2,1,0,96,242,514,FINAL (ENTRADA MANUAL)
61,3,3,82,50,0,75,20,0,3,2,69,111,21,7,16,0,0,8,59,40,0,6,13,0,3,0,8,1,0,0,0,102,232,514,FINAL (ENTRADA MANUAL)
61,3,4,89,53,0,92,12,0,1,1,67,123,25,10,10,0,0,13,61,47,0,9,5,0,2,0,6,1,0,0,1,117,249,514,FINAL (ENTRADA MANUAL)
61,3,5,94,61,0,91,15,0,0,1,73,133,25,11,9,0,0,11,61,57,0,8,8,4,1,1,7,2,0,0,0,113,262,514,FINAL (ENTRADA MANUAL)
61,3,6,104,47,0,94,17,0,0,2,83,110,29,17,16,0,0,9,72,39,0,17,14,2,3,2,9,0,0,0,0,106,264,512,FINAL (ENTRADA MANUAL)
61,4,1,61,42,0,57,13,2,0,1,49,71,16,14,12,1,0,13,40,40,0,14,12,1,0,0,5,0,1,0,0,64,177,305,FINAL (ENTRADA MANUAL)
61,4,2,59,41,0,42,12,0,1,0,51,70,10,9,11,0,1,3,47,39,0,8,9,2,1,1,4,1,0,0,0,43,155,305,FINAL (ENTRADA MANUAL)
61,5,1,74,51,0,58,6,0,0,2,57,96,10,8,6,0,0,14,48,41,0,6,4,0,1,1,3,0,1,0,1,87,193,376,FINAL (ENTRADA MANUAL)
61,5,2,78,39,0,60,11,0,1,0,67,75,16,10,7,0,0,14,55,28,0,9,5,3,0,0,2,1,0,0,0,86,189,375,FINAL (ENTRADA MANUAL)
61,6,1,105,49,1,91,13,1,0,0,85,105,21,17,11,0,0,21,69,39,1,16,9,0,1,1,7,1,1,0,0,116,261,550,FINAL (ENTRADA MANUAL)
61,6,2,78,42,0,105,14,0,1,1,68,104,25,13,12,0,1,18,50,31,0,11,8,1,5,1,6,1,1,0,0,127,242,550,FINAL (ENTRADA MANUAL)
61,6,3,76,45,0,77,11,0,0,2,62,90,24,14,11,0,0,10,52,38,0,13,9,1,2,2,3,0,0,0,0,91,211,550,FINAL (ENTRADA MANUAL)
61,6,4,90,46,0,74,15,1,0,0,71,96,23,9,11,0,0,16,64,39,0,9,8,1,2,2,10,2,1,1,0,89,228,549,FINAL (ENTRADA MANUAL)
61,7,1,93,56,0,84,17,0,0,2,65,129,17,12,12,0,0,17,58,48,0,11,10,1,2,1,3,0,2,0,0,118,254,432,FINAL (ENTRADA MANUAL)
61,7,2,82,50,0,113,19,0,0,1,77,113,25,21,13,1,0,15,66,45,0,18,12,0,4,0,10,1,1,0,0,109,266,432,FINAL (ENTRADA MANUAL)
61,7,3,70,50,0,95,16,0,0,0,53,110,29,16,14,0,0,9,44,44,0,15,11,2,5,0,3,1,0,1,0,106,232,432,FINAL (ENTRADA MANUAL)
61,7,4,73,60,2,98,9,0,0,0,60,114,35,13,10,0,0,10,52,54,2,11,7,3,0,1,16,0,0,0,1,96,243,432,FINAL (ENTRADA MANUAL)
61,7,5,62,54,1,98,16,0,0,0,51,124,26,14,13,1,0,2,44,50,1,12,10,1,2,1,7,0,0,0,0,103,231,432,FINAL (ENTRADA MANUAL)
61,8,1,93,53,0,74,23,0,0,1,76,102,15,16,19,0,0,16,69,46,0,15,15,1,2,0,3,2,0,1,0,91,245,456,FINAL (ENTRADA MANUAL)
61,8,2,78,50,1,49,12,0,0,3,60,85,15,7,9,0,0,17,58,41,1,6,8,2,1,1,5,1,3,0,0,69,195,456,FINAL (ENTRADA MANUAL)
61,9,1,107,61,1,67,11,0,0,2,82,102,18,16,13,0,1,17,77,52,0,14,8,2,5,2,3,1,1,0,1,85,251,506,FINAL (ENTRADA MANUAL)
61,9,2,90,56,0,74,9,1,0,1,72,104,27,6,9,0,0,13,66,51,0,6,6,1,3,2,10,0,0,0,0,86,231,505,FINAL (ENTRADA MANUAL)
61,10,1,86,53,0,86,9,0,0,0,68,110,19,15,6,0,0,16,59,43,0,13,6,4,3,0,7,1,1,0,0,98,235,419,FINAL (ENTRADA MANUAL)
61,10,2,65,28,0,83,12,0,0,1,48,86,23,12,9,0,0,11,38,20,0,11,7,1,3,1,6,0,0,0,0,102,189,419,FINAL (ENTRADA MANUAL)
61,10,3,87,35,0,101,20,0,0,0,74,117,15,16,13,0,0,8,66,30,0,15,12,3,3,0,11,0,0,0,2,103,245,419,FINAL (ENTRADA MANUAL)
61,10,4,88,41,0,95,13,0,0,1,73,103,25,15,13,0,0,9,62,38,0,12,8,1,6,0,15,0,0,0,1,96,239,419,FINAL (ENTRADA MANUAL)
61,10,5,73,32,0,83,16,0,0,0,55,97,28,7,10,0,0,7,47,29,0,6,9,2,3,4,4,1,3,0,0,99,207,419,FINAL (ENTRADA MANUAL)
61,10,6,97,32,0,82,13,0,0,1,79,88,24,13,12,1,0,8,66,26,0,12,9,5,3,0,7,0,1,0,0,97,226,419,FINAL (ENTRADA MANUAL)
61,11,1,89,45,1,96,11,0,0,0,76,118,25,11,10,0,0,2,65,43,1,10,7,1,2,1,10,1,2,1,0,101,245,406,FINAL (ENTRADA MANUAL)
61,11,2,72,47,0,98,9,1,0,0,62,107,28,12,9,0,0,9,54,41,0,9,6,0,4,0,17,0,0,0,0,96,227,406,FINAL (ENTRADA MANUAL)
61,11,3,68,40,0,119,10,0,0,1,58,107,25,23,9,0,0,16,49,32,0,15,7,1,4,1,8,0,0,0,0,121,238,406,FINAL (ENTRADA MANUAL)
61,11,4,71,41,0,97,9,0,0,0,64,100,26,10,5,0,0,13,50,35,0,7,2,0,3,0,8,1,2,0,0,112,220,404,FINAL (ENTRADA MANUAL)
61,12,1,107,57,0,76,17,0,0,1,90,102,12,17,14,0,1,22,79,50,0,12,11,0,5,0,3,0,1,0,0,95,256,511,FINAL (ENTRADA MANUAL)
61,12,2,93,73,0,67,21,0,0,1,76,108,18,12,22,0,0,19,63,66,0,12,15,1,2,1,4,1,0,1,0,90,256,511,FINAL (ENTRADA MANUAL)
61,12,3,94,59,0,68,18,0,1,1,66,106,16,19,14,0,0,20,54,53,0,19,12,1,0,0,5,2,0,0,0,95,241,511,FINAL (ENTRADA MANUAL)
61,12,4,98,58,0,66,18,0,0,2,75,93,20,13,19,0,0,22,59,37,0,11,13,1,3,0,6,0,1,0,0,112,243,512,FINAL (ENTRADA MANUAL)
61,13,1,100,42,0,119,23,0,0,1,85,118,41,15,18,0,0,8,71,31,0,10,13,2,3,1,15,2,0,0,0,137,285,473,FINAL (ENTRADA MANUAL)
61,13,2,106,49,1,104,16,1,0,1,76,133,24,21,15,1,0,8,66,43,0,18,11,1,5,1,14,2,0,0,0,117,278,473,FINAL (ENTRADA MANUAL)
61,13,3,104,43,0,105,19,0,0,0,88,129,23,19,11,0,0,1,79,40,0,15,8,1,2,0,8,1,0,0,0,117,271,473,FINAL (ENTRADA MANUAL)
61,13,4,83,40,0,111,24,0,0,0,67,113,25,16,22,0,0,15,63,32,0,12,17,1,5,2,9,1,0,0,0,116,258,473,FINAL (ENTRADA MANUAL)
61,13,5,99,51,0,103,21,0,0,0,78,133,28,7,19,0,0,9,71,46,0,6,16,4,4,0,7,0,0,0,0,120,274,473,FINAL (ENTRADA MANUAL)
61,13,6,100,53,1,86,12,0,0,0,78,118,30,9,11,0,0,6,66,51,0,8,7,2,2,1,8,1,1,0,0,106,253,472,FINAL (ENTRADA MANUAL)
61,14,1,86,70,0,89,14,0,1,1,69,125,22,20,13,0,0,12,62,63,0,20,12,3,3,1,9,0,1,0,0,88,262,510,FINAL (ENTRADA MANUAL)
61,14,2,96,58,0,88,17,1,0,2,76,104,23,17,15,1,0,26,65,50,0,16,15,1,3,0,5,1,0,1,0,106,263,510,FINAL (ENTRADA MANUAL)
61,14,3,91,58,1,82,8,0,0,0,69,107,27,16,8,0,1,12,65,50,1,14,8,2,1,0,5,0,1,1,0,94,242,510,FINAL (ENTRADA MANUAL)
61,14,4,98,53,0,75,14,0,0,1,76,118,11,11,9,0,0,16,66,49,0,8,6,2,2,0,4,0,2,0,0,104,243,510,FINAL (ENTRADA MANUAL)
61,14,5,76,66,0,75,20,0,0,1,62,117,13,19,18,0,0,9,48,57,0,16,15,1,1,0,8,1,0,1,1,91,240,510,FINAL (ENTRADA MANUAL)
61,14,6,88,65,0,75,16,0,0,1,75,117,14,19,13,0,0,7,69,59,0,17,10,0,1,0,1,0,0,0,0,88,245,508,FINAL (ENTRADA MANUAL)
61,15,1,63,39,0,92,18,0,0,1,50,98,29,15,14,0,0,7,43,35,0,14,11,1,3,1,7,2,0,0,0,96,213,341,FINAL (ENTRADA MANUAL)
61,15,2,60,30,0,90,24,0,0,0,50,85,34,11,16,0,0,8,39,23,0,9,12,0,2,2,8,1,1,0,0,108,205,341,FINAL (ENTRADA MANUAL)
61,15,3,67,40,0,105,15,2,0,1,55,102,37,16,12,0,0,8,49,35,0,15,7,1,0,0,12,0,0,0,0,111,230,341,FINAL (ENTRADA MANUAL)
61,16,1,77,41,0,120,21,0,0,0,62,112,22,29,12,0,0,22,48,32,0,25,11,1,6,1,7,1,1,0,0,127,260,456,FINAL (ENTRADA MANUAL)
61,16,2,85,55,0,101,13,0,0,0,69,118,22,13,16,0,0,16,60,40,0,13,9,2,4,1,7,0,0,2,0,118,256,456,FINAL (ENTRADA MANUAL)
61,16,3,82,62,0,90,20,0,0,0,69,117,21,16,16,0,0,15,59,56,0,13,11,3,1,0,6,0,2,0,0,105,256,456,FINAL (ENTRADA MANUAL)
61,16,4,90,62,0,92,17,0,0,0,58,133,25,8,17,0,0,20,52,51,0,8,13,2,3,3,9,2,1,0,0,118,262,456,FINAL (ENTRADA MANUAL)
61,16,5,79,63,0,88,23,0,0,0,63,121,19,18,18,0,0,14,56,52,0,16,17,1,0,2,8,0,0,1,0,101,254,456,FINAL (ENTRADA MANUAL)
61,16,6,93,62,0,76,19,0,0,1,82,113,19,14,16,0,0,7,71,55,0,12,11,1,0,0,5,0,0,0,0,96,251,453,FINAL (ENTRADA MANUAL)
61,17,1,94,38,0,103,21,0,1,0,83,105,27,12,15,0,0,15,73,32,0,10,12,0,5,1,8,0,0,1,1,116,259,421,FINAL (ENTRADA MANUAL)
61,17,2,99,32,0,105,25,0,0,0,90,99,29,13,20,0,0,10,79,28,0,10,15,2,2,2,14,0,0,0,0,109,261,421,FINAL (ENTRADA MANUAL)
61,17,3,85,46,0,93,21,1,0,1,75,113,25,11,19,0,0,4,62,39,0,11,13,4,3,1,12,1,0,0,0,101,247,422,FINAL (ENTRADA MANUAL)
61,18,1,96,43,1,90,10,0,0,0,76,108,23,18,10,0,0,5,60,35,0,16,9,2,5,3,7,0,0,0,0,103,240,456,FINAL (ENTRADA MANUAL)
61,18,2,72,42,1,115,16,0,0,0,63,112,41,17,10,0,0,3,56,36,0,14,7,2,2,2,10,1,0,0,0,116,246,456,FINAL (ENTRADA MANUAL)
61,18,3,79,41,0,100,13,0,0,0,66,111,31,8,10,0,0,7,62,38,0,8,7,4,2,0,16,2,0,0,0,94,233,456,FINAL (ENTRADA MANUAL)
61,18,4,76,40,3,105,7,0,0,1,63,109,31,18,7,0,0,4,58,38,1,16,4,2,3,0,10,0,0,0,0,100,232,456,FINAL (ENTRADA MANUAL)
61,18,5,86,38,2,99,14,0,0,0,66,107,27,21,11,1,0,6,61,36,1,19,8,4,1,0,15,2,0,0,0,92,239,456,FINAL (ENTRADA MANUAL)
61,18,6,90,46,0,101,13,0,0,0,60,145,22,9,11,0,0,3,48,44,0,8,10,4,4,3,7,0,0,0,0,122,250,453,FINAL (ENTRADA MANUAL)
61,19,1,84,47,1,80,13,1,1,2,67,95,17,15,9,0,0,26,60,41,1,14,8,0,1,0,2,1,0,0,0,101,229,505,FINAL (ENTRADA MANUAL)
61,19,2,80,37,2,54,9,0,0,1,58,69,18,12,10,0,0,16,43,26,2,10,8,0,0,1,5,0,1,0,0,88,184,505,FINAL (ENTRADA MANUAL)
61,19,3,77,48,0,60,10,0,0,2,57,96,13,9,11,1,1,9,50,41,0,6,8,2,3,0,5,0,0,0,1,82,198,506,FINAL (ENTRADA MANUAL)
61,20,1,80,49,1,59,9,0,0,1,64,90,12,7,10,0,0,16,53,44,0,7,8,0,3,1,2,0,1,0,0,81,200,450,FINAL (ENTRADA MANUAL)
61,20,2,84,43,0,70,10,0,1,0,70,93,17,9,7,0,0,12,64,38,0,9,6,1,1,0,8,2,0,0,0,79,208,450,FINAL (ENTRADA MANUAL)
61,20,3,79,33,0,92,11,0,0,1,57,104,24,12,11,0,0,8,53,29,0,10,6,1,1,0,7,1,1,0,0,108,217,450,FINAL (ENTRADA MANUAL)
61,20,4,59,44,0,46,7,0,0,0,43,81,8,9,12,0,0,3,41,43,0,8,4,2,1,0,4,0,11,1,0,53,168,450,FINAL (ENTRADA MANUAL)
61,20,5,58,27,0,57,6,0,2,0,50,64,13,11,6,0,0,6,46,24,0,9,5,2,1,3,4,0,0,0,0,56,150,449,FINAL (ENTRADA MANUAL)
61,21,1,99,52,0,121,15,0,0,1,79,138,27,14,14,1,0,15,70,47,0,12,12,2,3,1,7,0,1,0,0,134,289,449,FINAL (ENTRADA MANUAL)
61,21,2,93,46,0,100,10,0,0,0,76,120,25,12,9,1,0,6,64,42,0,8,7,4,2,0,8,0,1,0,0,114,250,449,FINAL (ENTRADA MANUAL)
61,21,3,81,46,0,118,10,0,0,0,66,130,30,12,9,0,0,8,57,38,0,11,8,2,6,2,9,0,0,0,0,122,255,449,FINAL (ENTRADA MANUAL)
61,21,4,82,57,1,110,16,0,1,2,60,142,26,14,11,0,0,16,51,51,0,13,9,2,3,0,8,1,2,1,0,131,272,449,FINAL (ENTRADA MANUAL)
61,21,5,103,38,0,112,13,2,0,1,90,119,31,17,11,0,0,1,81,34,0,17,10,3,3,1,11,0,1,0,0,109,270,449,FINAL (ENTRADA MANUAL)
61,21,6,89,60,0,112,13,0,0,0,67,149,21,16,12,0,0,9,55,50,0,13,10,2,3,2,9,0,0,0,0,130,274,449,FINAL (ENTRADA MANUAL)
61,21,7,92,47,0,123,8,0,0,1,76,125,30,27,6,0,0,7,67,42,0,23,3,1,1,1,10,1,0,0,0,122,271,447,FINAL (ENTRADA MANUAL)
61,22,1,87,53,1,100,25,0,0,2,68,128,18,16,19,0,0,19,56,40,1,14,19,1,1,0,4,2,0,0,0,130,268,533,FINAL (ENTRADA MANUAL)
61,22,2,94,65,1,69,21,0,1,0,68,123,19,8,20,0,0,13,62,65,1,6,15,3,2,0,4,1,0,0,1,92,252,533,FINAL (ENTRADA MANUAL)
61,22,3,104,58,0,83,16,0,0,0,83,116,14,19,10,0,0,19,69,48,0,17,7,1,0,0,5,1,1,0,0,113,262,533,FINAL (ENTRADA MANUAL)
61,23,1,59,37,0,64,11,0,0,0,45,83,16,4,9,0,1,13,39,34,0,2,7,2,1,0,5,0,0,0,0,81,171,343,FINAL (ENTRADA MANUAL)
61,23,2,64,42,0,52,17,0,0,0,44,84,16,2,13,0,0,16,42,29,0,1,11,0,1,0,1,1,0,0,0,89,175,343,FINAL (ENTRADA MANUAL)
61,23,3,41,30,0,69,24,0,0,1,35,80,14,12,18,0,0,6,28,28,0,9,15,0,2,0,1,0,0,0,0,82,165,344,FINAL (ENTRADA MANUAL)
61,24,1,85,39,0,133,17,0,0,0,67,134,44,13,10,0,0,6,62,33,0,8,10,2,4,1,19,3,0,0,0,132,274,434,FINAL (ENTRADA MANUAL)
61,24,2,88,43,0,116,15,1,0,0,65,143,28,16,8,0,0,3,54,34,0,11,4,3,4,1,12,3,0,0,0,137,263,434,FINAL (ENTRADA MANUAL)
61,24,3,85,41,0,122,10,1,0,1,60,128,34,16,9,0,0,13,51,37,0,13,5,4,4,1,18,2,1,0,0,125,261,434,FINAL (ENTRADA MANUAL)
61,24,4,86,39,0,119,12,0,0,2,65,125,37,12,11,0,0,8,60,38,0,11,6,4,7,1,15,1,1,0,0,115,259,434,FINAL (ENTRADA MANUAL)
61,25,1,103,50,0,94,18,0,0,0,84,106,38,13,12,0,0,12,70,44,0,11,8,2,2,4,13,0,0,1,0,111,266,420,FINAL (ENTRADA MANUAL)
61,25,2,76,38,0,94,12,0,0,1,61,109,28,7,10,0,0,6,53,35,0,4,6,2,0,2,18,0,0,0,0,101,221,420,FINAL (ENTRADA MANUAL)
61,25,3,87,35,0,88,11,0,1,0,72,89,30,12,10,0,0,9,61,31,0,8,8,2,4,1,10,0,0,0,0,97,222,420,FINAL (ENTRADA MANUAL)
61,25,4,99,34,1,96,12,0,0,0,78,102,23,14,11,0,0,14,69,28,0,13,7,2,2,2,11,0,0,0,0,108,242,420,FINAL (ENTRADA MANUAL)
61,25,5,73,56,0,79,13,0,0,1,58,121,19,11,10,0,0,3,49,44,0,9,10,2,6,0,6,0,0,0,0,96,222,420,FINAL (ENTRADA MANUAL)
61,26,1,93,75,0,68,11,0,0,1,79,112,21,14,8,0,1,13,69,68,0,12,6,2,3,0,7,0,0,0,0,81,248,507,FINAL (ENTRADA MANUAL)
61,26,2,101,57,0,74,20,0,0,1,88,96,20,14,15,0,0,20,79,52,0,12,15,2,1,0,11,0,1,1,0,81,255,507,FINAL (ENTRADA MANUAL)
61,26,3,77,84,0,72,15,0,0,0,50,133,14,17,12,0,0,22,44,72,0,14,10,4,2,0,3,1,2,0,0,98,250,507,FINAL (ENTRADA MANUAL)
61,72,1,381,52,0,38,4,8,0,5,374,79,17,5,3,0,0,10,336,48,0,5,2,6,1,0,10,0,0,0,0,80,488,0,FINAL (ENTRADA MANUAL)
61,72,2,81,9,0,8,2,0,0,1,81,12,2,5,1,0,0,0,77,9,0,5,1,1,1,0,1,0,0,0,0,6,101,0,FINAL (ENTRADA MANUAL)
61,72,3,19,1,0,9,0,0,0,0,19,4,4,2,0,0,0,0,19,1,0,2,0,0,0,0,2,0,0,0,0,5,29,0,FINAL (ENTRADA MANUAL)
61,72,4,291,68,0,82,23,1,0,0,268,123,34,7,18,0,0,17,245,59,0,6,17,11,2,2,22,2,1,2,0,101,470,0,FINAL (ENTRADA MANUAL)
61,72,5,30,1,0,2,1,0,0,0,29,2,1,0,1,0,0,1,28,1,0,0,1,0,0,0,1,0,0,0,0,3,34,0,FINAL (ENTRADA MANUAL)
61,72,6,6,0,0,1,0,0,0,0,6,0,1,0,0,0,0,0,6,0,0,0,0,0,0,0,1,0,0,0,0,0,7,0,FINAL (ENTRADA MANUAL)
61,72,7,0,0,0,0,0,0,0,0,0,0,0,0,0,0,0,0,0,0,0,0,0,0,0,0,0,0,0,0,0,0,0,0,FINAL (ENTRADA MANUAL)
61,72,8,4,0,0,1,0,0,0,0,3,1,1,0,0,0,0,0,3,0,0,0,0,0,0,0,1,0,0,0,0,1,5,0,FINAL (ENTRADA MANUAL)
61,73,1,130,411,1,76,11,0,0,2,106,449,16,15,8,0,0,37,94,370,1,14,8,3,9,0,5,0,8,0,0,127,632,0,FINAL (ENTRADA MANUAL)
61,73,2,0,0,0,0,0,0,0,0,0,0,0,0,0,0,0,0,0,0,0,0,0,0,0,0,0,0,0,0,0,0,0,0,FINAL (ENTRADA MANUAL)
61,73,3,0,0,0,0,0,0,0,0,0,0,0,0,0,0,0,0,0,0,0,0,0,0,0,0,0,0,0,0,0,0,0,0,FINAL (ENTRADA MANUAL)
61,73,4,28,121,0,12,2,0,0,7,28,128,2,3,1,0,0,8,27,121,0,3,1,0,0,1,1,0,5,0,15,11,170,0,FINAL (ENTRADA MANUAL)
61,74,1,2,0,0,0,1,0,0,0,1,1,1,0,0,0,0,0,1,0,0,0,0,0,0,0,0,0,0,0,0,0,3,0,FINAL (ENTRADA MANUAL)
61,74,2,0,0,0,0,0,0,0,0,0,0,0,0,0,0,0,0,0,0,0,0,0,0,0,0,0,0,0,0,0,0,0,0,FINAL (ENTRADA MANUAL)
61,75,1,2,0,0,1,0,0,0,0,1,1,0,0,0,0,0,1,1,0,0,0,0,0,0,0,1,0,0,0,0,1,3,0,FINAL (ENTRADA MANUAL)
61,76,1,53,10,0,7,3,0,1,0,45,16,1,1,2,0,0,9,34,8,0,1,2,0,0,0,0,0,1,0,0,29,75,0,FINAL (ENTRADA MANUAL)
61,76,2,1,0,0,0,0,0,0,0,1,0,0,0,0,0,0,0,1,0,0,0,0,0,0,0,0,0,0,1,0,0,2,0,FINAL (ENTRADA MANUAL)
61,76,3,33,1,0,3,1,0,0,1,27,8,0,0,0,0,0,4,22,1,0,0,0,1,0,0,0,0,0,0,0,15,39,0,FINAL (ENTRADA MANUAL)
61,76,4,0,0,0,0,0,0,0,0,0,0,0,0,0,0,0,0,0,0,0,0,0,0,0,0,0,0,0,0,0,0,0,0,FINAL (ENTRADA MANUAL)
61,76,5,0,0,0,2,0,0,0,0,0,0,0,2,0,0,0,0,2,0,0,2,0,0,0,0,0,0,0,0,0,0,2,0,FINAL (ENTRADA MANUAL)
61,76,6,0,0,0,0,0,0,0,0,0,0,0,0,0,0,0,0,0,0,0,0,0,0,0,0,0,0,0,0,0,0,0,0,FINAL (ENTRADA MANUAL)
61,77,1,0,0,0,0,0,0,0,0,0,0,0,0,0,0,0,0,0,0,0,0,0,0,0,0,0,0,0,0,0,0,0,0,FINAL (ENTRADA MANUAL)
61,77,2,0,0,0,0,0,0,0,0,0,0,0,0,0,0,0,0,0,0,0,0,0,0,0,0,0,0,0,0,0,0,0,0,FINAL (ENTRADA MANUAL)
61,77,3,0,1,0,4,0,0,0,0,0,2,2,1,0,0,0,0,0,1,0,1,0,0,0,0,2,0,0,0,0,1,5,0,FINAL (ENTRADA MANUAL)
61,77,4,8,0,0,9,0,0,0,0,8,2,7,0,0,0,0,0,8,0,0,0,0,0,0,0,5,0,0,0,0,4,17,0,FINAL (ENTRADA MANUAL)
61,78,1,158,77,0,95,19,0,0,2,121,138,26,18,24,0,0,24,106,69,0,14,17,2,2,0,3,1,0,0,0,137,351,0,FINAL (ENTRADA MANUAL)
61,78,2,31,2,0,5,0,0,0,0,23,5,0,1,0,0,0,9,19,2,0,1,0,0,0,0,0,0,0,0,0,16,38,0,FINAL (ENTRADA MANUAL)
61,78,3,39,24,0,1,0,0,0,0,25,27,3,0,2,1,0,6,19,20,0,0,0,0,0,0,0,0,0,0,0,25,64,0,FINAL (ENTRADA MANUAL)
61,78,4,0,1,0,1,0,0,0,0,0,1,1,0,0,0,0,0,0,1,0,0,0,0,0,0,1,0,0,0,0,0,2,0,FINAL (ENTRADA MANUAL)
62,1,1,103,66,0,53,5,0,1,0,76,101,18,13,5,0,0,15,65,58,0,10,4,1,1,0,4,0,3,0,0,85,231,449,FINAL (ENTRADA MANUAL)
62,2,1,89,44,0,97,24,0,0,1,76,111,26,14,18,0,0,10,67,39,0,14,12,1,3,1,9,0,1,0,1,109,257,436,FINAL (ENTRADA MANUAL)
62,2,2,100,39,0,96,35,0,0,1,89,99,25,19,26,2,0,11,79,34,0,16,21,4,1,0,8,3,1,0,0,105,272,436,FINAL (ENTRADA MANUAL)
62,2,3,105,62,0,81,12,1,0,0,86,122,22,9,11,1,0,10,70,52,0,7,5,2,0,1,8,0,2,0,0,116,263,436,FINAL (ENTRADA MANUAL)
62,3,1,144,45,0,42,7,0,0,0,115,95,10,3,4,0,0,11,98,39,0,3,4,5,1,0,7,0,0,0,0,81,238,411,FINAL (ENTRADA MANUAL)
62,4,1,101,67,0,96,32,0,0,1,85,139,22,10,28,0,0,13,76,57,0,9,24,3,1,0,9,1,2,0,0,117,299,467,FINAL (ENTRADA MANUAL)
62,4,2,99,47,1,75,17,0,0,0,70,109,23,14,9,0,0,14,60,38,1,13,9,2,1,1,8,0,4,0,0,106,243,467,FINAL (ENTRADA MANUAL)
62,4,3,80,40,0,82,21,0,0,0,70,93,19,16,17,0,1,7,60,39,0,14,15,0,2,0,4,2,2,0,0,87,225,467,FINAL (ENTRADA MANUAL)
62,4,4,66,46,0,81,16,0,1,0,55,98,22,12,12,0,1,10,44,42,0,9,10,1,1,1,11,1,1,0,0,90,211,467,FINAL (ENTRADA MANUAL)
62,4,5,77,37,0,96,14,0,0,1,65,98,30,9,14,0,0,9,61,31,0,9,11,2,2,0,5,0,1,0,0,104,226,467,FINAL (ENTRADA MANUAL)
62,4,6,66,51,0,70,10,0,0,0,49,92,20,8,10,0,0,18,40,43,0,7,7,1,0,0,9,0,1,0,0,90,198,467,FINAL (ENTRADA MANUAL)
62,4,7,73,55,0,76,20,0,0,1,61,106,23,11,14,0,0,10,52,49,0,9,13,2,0,0,13,0,0,0,0,87,225,470,FINAL (ENTRADA MANUAL)
62,5,1,52,47,1,69,9,0,1,0,35,93,17,13,9,0,1,11,30,43,1,11,7,0,0,1,13,0,0,0,0,73,179,341,FINAL (ENTRADA MANUAL)
62,5,2,64,65,0,64,9,0,0,0,47,106,12,16,10,0,0,11,43,61,0,15,6,1,1,0,9,0,4,0,0,66,206,341,FINAL (ENTRADA MANUAL)
62,6,1,35,52,0,36,10,0,0,0,29,71,10,7,10,0,0,6,24,48,0,3,9,0,1,1,3,1,0,0,0,43,133,212,FINAL (ENTRADA MANUAL)
62,7,1,102,85,0,78,22,0,0,0,82,145,16,18,16,0,0,10,76,80,0,16,15,4,6,2,9,1,0,0,0,78,287,236,FINAL (ENTRADA MANUAL)
62,7,2,0,0,0,0,0,0,0,0,0,0,0,0,0,0,0,0,0,0,0,0,0,0,0,0,0,0,0,0,0,0,0,236,FINAL (ENTRADA MANUAL)
62,8,1,53,38,1,63,15,0,1,1,37,68,29,15,10,0,0,13,32,33,1,11,9,1,2,2,9,1,3,0,0,71,175,302,FINAL (ENTRADA MANUAL)
62,8,2,52,23,1,61,17,0,0,0,39,53,26,14,8,0,0,14,36,19,1,12,8,1,0,2,8,1,0,0,0,66,154,303,FINAL (ENTRADA MANUAL)
62,9,1,94,52,0,120,14,0,0,0,77,133,31,12,14,0,0,13,69,41,0,10,10,5,4,1,18,1,1,0,0,121,281,431,FINAL (ENTRADA MANUAL)
62,9,2,87,35,0,113,17,0,0,1,73,113,30,14,12,0,0,11,62,33,0,13,8,1,3,0,19,0,1,0,0,114,254,431,FINAL (ENTRADA MANUAL)
62,9,3,86,44,0,117,19,2,1,1,74,120,36,16,15,1,0,8,59,39,0,13,12,4,3,0,8,1,0,0,0,131,270,431,FINAL (ENTRADA MANUAL)
62,9,4,86,55,0,116,18,1,0,1,64,143,35,10,14,0,0,11,49,47,0,9,13,2,2,0,14,0,0,0,0,141,277,431,FINAL (ENTRADA MANUAL)
62,9,5,72,52,0,113,16,0,0,2,60,122,31,16,12,1,0,13,48,44,0,12,9,2,4,0,9,1,1,1,1,126,258,431,FINAL (ENTRADA MANUAL)
62,10,1,118,76,1,58,11,0,0,0,106,125,14,6,7,0,0,6,93,73,1,6,6,1,2,0,3,0,0,0,0,79,264,452,FINAL (ENTRADA MANUAL)
62,11,1,105,54,0,110,17,0,0,0,83,151,23,13,9,0,0,7,73,51,0,9,5,1,5,1,10,1,0,0,0,130,286,421,FINAL (ENTRADA MANUAL)
62,11,2,92,51,0,115,12,0,0,0,70,153,21,10,7,0,0,9,63,41,0,9,5,2,5,0,14,0,1,0,0,131,271,421,FINAL (ENTRADA MANUAL)
62,11,3,95,32,0,138,19,0,0,0,73,120,46,21,18,0,0,6,61,28,0,20,12,2,4,3,14,0,0,0,0,140,284,421,FINAL (ENTRADA MANUAL)
62,11,4,109,46,0,107,14,0,0,0,78,138,24,13,12,0,0,11,64,38,0,12,9,2,5,1,7,1,0,0,0,137,276,421,FINAL (ENTRADA MANUAL)
62,11,5,89,43,0,110,16,0,0,0,67,130,34,11,12,0,0,4,57,39,0,8,9,2,6,2,7,0,0,0,0,128,258,421,FINAL (ENTRADA MANUAL)
62,11,6,80,35,0,138,19,0,0,0,68,136,34,15,16,0,0,3,57,31,0,12,11,3,6,2,12,2,0,0,0,136,272,419,FINAL (ENTRADA MANUAL)
62,12,1,77,56,1,50,11,1,0,1,63,92,9,12,10,1,0,10,54,50,1,10,7,1,1,0,2,3,1,1,1,68,200,344,FINAL (ENTRADA MANUAL)
62,12,2,66,67,0,54,15,0,0,0,55,109,12,6,11,0,0,9,46,58,0,4,9,2,1,0,1,1,0,0,0,80,202,345,FINAL (ENTRADA MANUAL)
62,13,1,96,43,0,76,15,0,0,0,74,104,28,9,12,0,0,3,62,34,0,8,11,4,3,1,3,0,1,0,0,104,231,447,FINAL (ENTRADA MANUAL)
62,13,2,116,41,0,83,14,0,0,0,86,92,24,17,15,0,0,20,80,33,0,14,10,2,2,0,7,3,1,0,0,103,255,447,FINAL (ENTRADA MANUAL)
62,13,3,92,38,0,73,20,1,0,0,65,105,20,11,14,1,0,8,58,36,0,11,11,2,0,1,6,2,2,0,1,97,227,447,FINAL (ENTRADA MANUAL)
62,13,4,90,36,0,63,17,0,0,0,73,85,16,9,14,0,0,9,65,32,0,9,11,2,3,0,9,2,0,1,1,73,208,447,FINAL (ENTRADA MANUAL)
62,14,1,57,64,0,68,31,0,0,2,50,101,16,17,25,0,0,13,44,57,0,15,21,0,3,0,5,3,0,0,0,74,222,392,FINAL (ENTRADA MANUAL)
62,14,2,68,53,1,70,24,0,0,0,56,97,13,10,21,0,0,19,50,45,1,9,17,1,0,1,11,2,2,0,0,79,218,392,FINAL (ENTRADA MANUAL)
62,14,3,89,42,0,70,36,1,0,1,68,97,10,14,25,0,0,25,54,31,0,10,21,0,1,0,4,1,2,0,0,117,241,392,FINAL (ENTRADA MANUAL)
62,15,1,114,32,0,80,12,0,0,0,89,98,20,11,7,0,0,13,80,25,0,10,6,3,2,1,8,2,0,0,0,101,238,359,FINAL (ENTRADA MANUAL)
62,15,2,85,30,0,95,17,0,0,0,66,101,28,10,15,0,0,7,55,23,0,8,14,4,5,0,12,2,0,0,0,104,227,359,FINAL (ENTRADA MANUAL)
62,15,3,102,49,0,78,21,0,0,1,86,124,13,4,18,0,0,6,73,40,0,4,14,2,1,2,2,1,0,0,0,112,251,360,FINAL (ENTRADA MANUAL)
62,16,1,81,33,0,129,23,0,0,0,66,123,35,18,20,0,0,4,61,31,0,16,18,2,4,1,7,1,0,0,1,125,267,449,FINAL (ENTRADA MANUAL)
62,16,2,83,44,0,100,19,0,0,0,77,117,29,6,13,0,0,4,71,39,0,6,9,1,2,0,8,1,0,0,0,109,246,449,FINAL (ENTRADA MANUAL)
62,16,3,72,37,2,127,19,0,0,0,54,143,35,7,11,0,0,7,43,34,1,7,10,7,6,4,17,2,0,0,0,126,257,449,FINAL (ENTRADA MANUAL)
62,16,4,77,37,0,125,24,0,0,2,65,129,40,9,15,0,0,7,54,33,0,9,11,3,12,0,21,1,1,0,0,121,266,449,FINAL (ENTRADA MANUAL)
62,16,5,68,46,0,133,27,1,0,0,55,152,32,7,19,2,0,8,50,43,0,5,18,1,3,1,9,2,0,0,0,143,275,450,FINAL (ENTRADA MANUAL)
62,17,1,92,64,0,73,18,0,0,1,82,107,20,13,14,0,0,12,74,54,0,11,9,3,0,0,10,3,0,0,0,84,248,440,FINAL (ENTRADA MANUAL)
62,17,2,87,56,0,83,26,0,0,0,76,113,13,19,24,1,0,6,73,52,0,19,20,0,1,0,3,0,0,0,0,84,252,440,FINAL (ENTRADA MANUAL)
62,17,3,99,47,0,73,14,0,1,0,78,101,19,13,10,1,0,12,71,46,0,12,5,2,3,1,5,0,0,0,0,89,234,440,FINAL (ENTRADA MANUAL)
62,18,1,87,52,2,96,14,0,1,0,76,116,25,15,10,1,1,8,64,42,2,13,8,3,2,0,9,2,0,0,0,107,252,431,FINAL (ENTRADA MANUAL)
62,18,2,84,47,1,102,30,0,0,0,61,131,22,17,24,0,0,9,51,44,0,15,22,3,2,0,8,0,0,0,1,119,265,431,FINAL (ENTRADA MANUAL)
62,18,3,73,61,0,102,31,1,0,0,51,140,24,14,23,1,0,15,46,45,0,13,21,1,2,1,5,0,0,0,0,134,268,431,FINAL (ENTRADA MANUAL)
62,18,4,90,51,0,95,24,0,0,0,64,138,15,16,16,0,1,10,53,42,0,13,15,2,2,0,7,1,2,0,0,125,262,431,FINAL (ENTRADA MANUAL)
62,18,5,81,44,0,111,21,0,0,0,70,119,22,9,21,0,0,16,62,33,0,8,15,0,0,0,7,1,0,0,0,131,257,431,FINAL (ENTRADA MANUAL)
62,18,6,79,56,0,95,19,0,0,1,62,115,29,10,19,0,0,15,52,44,0,8,14,1,0,0,8,1,0,0,1,122,251,431,FINAL (ENTRADA MANUAL)
62,18,7,83,39,0,85,15,0,0,0,61,105,20,9,12,0,0,15,57,37,0,9,8,1,1,0,7,0,0,0,0,102,222,431,FINAL (ENTRADA MANUAL)
62,18,8,96,56,1,89,21,0,0,1,71,133,21,12,18,0,0,9,59,46,0,7,16,2,0,3,10,0,0,0,0,121,264,431,FINAL (ENTRADA MANUAL)
62,18,9,84,39,0,87,28,1,0,0,68,96,26,15,21,0,0,13,61,34,0,13,20,2,2,1,13,1,1,0,0,92,240,430,FINAL (ENTRADA MANUAL)
62,72,1,57,17,0,8,6,0,0,1,51,27,3,0,4,0,0,4,45,16,0,0,3,0,0,0,1,0,0,0,0,24,89,0,FINAL (ENTRADA MANUAL)
62,72,2,12,2,0,0,1,0,0,0,12,2,0,0,1,0,0,0,12,2,0,0,1,0,0,0,0,0,1,0,0,0,16,0,FINAL (ENTRADA MANUAL)
62,72,3,402,41,1,34,4,0,0,2,405,51,7,15,1,0,0,5,395,37,0,13,1,2,0,0,3,1,0,3,7,32,494,0,FINAL (ENTRADA MANUAL)
62,72,4,201,47,10,48,19,3,0,2,189,82,27,12,11,1,0,7,171,45,9,11,9,11,2,1,9,2,0,1,0,61,332,0,FINAL (ENTRADA MANUAL)
62,72,5,12,0,0,2,1,0,0,0,12,0,2,0,1,0,0,0,12,0,0,0,0,0,0,0,0,0,0,0,0,3,15,0,FINAL (ENTRADA MANUAL)
62,72,6,3,0,0,0,0,0,0,0,3,0,0,0,0,0,0,0,3,0,0,0,0,0,0,0,0,0,0,0,0,0,3,0,FINAL (ENTRADA MANUAL)
62,72,7,57,17,0,2,1,0,0,0,55,18,1,0,0,0,0,3,51,13,0,0,0,0,0,0,1,0,0,0,0,12,77,0,FINAL (ENTRADA MANUAL)
62,72,8,37,3,0,5,3,0,0,0,37,7,2,0,2,0,0,0,32,3,0,0,0,0,0,0,1,1,0,0,0,11,48,0,FINAL (ENTRADA MANUAL)
62,72,9,183,37,1,36,10,2,0,1,174,74,11,2,6,0,0,3,163,33,0,2,5,7,2,0,9,0,0,0,0,49,270,0,FINAL (ENTRADA MANUAL)
62,72,10,16,4,0,1,0,0,0,0,16,4,1,0,0,0,0,0,15,4,0,0,0,0,0,0,1,0,0,0,0,1,21,0,FINAL (ENTRADA MANUAL)
62,73,1,81,233,0,24,5,0,0,4,72,245,4,5,1,0,0,20,69,204,0,5,1,0,1,0,3,1,0,0,0,63,347,0,FINAL (ENTRADA MANUAL)
62,73,2,0,0,0,0,0,0,0,0,0,0,0,0,0,0,0,0,0,0,0,0,0,0,0,0,0,0,0,0,0,0,0,0,FINAL (ENTRADA MANUAL)
62,73,3,0,0,0,0,0,0,0,0,0,0,0,0,0,0,0,0,0,0,0,0,0,0,0,0,0,0,0,0,0,0,0,0,FINAL (ENTRADA MANUAL)
62,73,4,21,67,0,9,3,0,0,0,20,69,2,4,3,0,0,2,20,64,0,4,3,0,2,0,2,0,0,1,0,5,101,0,FINAL (ENTRADA MANUAL)
62,74,1,0,0,0,2,1,0,0,0,0,1,0,0,2,0,0,0,0,0,0,0,1,0,0,0,0,0,0,0,0,2,3,0,FINAL (ENTRADA MANUAL)
62,74,2,0,0,0,0,0,0,0,0,0,0,0,0,0,0,0,0,0,0,0,0,0,0,0,0,0,0,0,0,0,0,0,0,FINAL (ENTRADA MANUAL)
62,75,1,2,0,0,0,0,0,0,0,2,0,0,0,0,0,0,0,2,0,0,0,0,0,0,0,0,0,0,0,0,0,2,0,FINAL (ENTRADA MANUAL)
62,76,1,15,2,1,4,0,0,0,0,15,3,0,2,0,0,0,2,11,0,0,1,0,0,0,0,0,0,0,0,0,10,22,0,FINAL (ENTRADA MANUAL)
62,76,2,0,0,0,0,0,0,0,0,0,0,0,0,0,0,0,0,0,0,0,0,0,0,0,0,0,0,0,0,0,0,0,0,FINAL (ENTRADA MANUAL)
62,76,3,14,0,0,2,0,0,0,0,12,1,0,1,1,0,0,1,11,0,0,1,0,0,0,0,0,0,0,0,0,4,16,0,FINAL (ENTRADA MANUAL)
62,76,4,0,0,0,0,0,0,0,0,0,0,0,0,0,0,0,0,0,0,0,0,0,0,0,0,0,0,0,0,0,0,0,0,FINAL (ENTRADA MANUAL)
62,76,5,2,0,0,0,0,0,0,0,1,0,0,0,0,0,0,1,1,0,0,0,0,0,0,0,0,0,0,0,0,1,2,0,FINAL (ENTRADA MANUAL)
62,76,6,0,0,0,0,0,0,0,0,0,0,0,0,0,0,0,0,0,0,0,0,0,0,0,0,0,0,0,0,0,0,0,0,FINAL (ENTRADA MANUAL)
62,77,1,3,2,0,9,2,1,0,0,2,9,3,1,2,0,0,0,2,2,0,1,2,0,1,0,1,0,0,0,0,8,17,0,FINAL (ENTRADA MANUAL)
62,77,2,4,4,0,38,1,0,0,0,4,16,19,8,1,0,0,0,4,4,0,8,0,0,2,1,6,0,0,0,0,22,47,0,FINAL (ENTRADA MANUAL)
62,77,3,0,0,0,7,0,0,0,0,0,0,6,1,0,0,0,0,0,0,0,1,0,0,0,0,2,0,0,0,0,4,7,0,FINAL (ENTRADA MANUAL)
62,77,4,1,1,0,3,2,0,0,0,0,4,1,0,2,0,0,0,0,1,0,0,2,0,0,0,0,0,0,0,0,4,7,0,FINAL (ENTRADA MANUAL)
62,78,1,71,48,0,46,10,0,2,0,55,79,14,7,9,0,0,13,48,41,0,6,8,1,3,0,6,1,0,0,0,177,177,0,FINAL (ENTRADA MANUAL)
62,78,2,10,2,0,2,0,0,0,0,6,4,1,0,0,0,0,3,4,2,0,0,0,0,0,0,0,0,0,0,0,8,14,0,FINAL (ENTRADA MANUAL)
62,78,3,2,1,0,0,0,0,0,0,2,1,0,0,0,0,0,0,2,1,0,0,0,0,0,0,0,0,0,0,0,0,3,0,FINAL (ENTRADA MANUAL)
62,78,4,0,0,0,0,0,0,0,0,0,0,0,0,0,0,0,0,0,0,0,0,0,0,0,0,0,0,0,0,0,0,0,0,FINAL (ENTRADA MANUAL)
63,1,1,92,103,0,42,11,1,0,1,79,135,4,10,10,0,0,12,70,96,0,8,6,2,0,0,0,0,1,0,1,68,252,448,FINAL (ENTRADA MANUAL)
63,2,1,124,84,0,62,12,1,0,1,116,130,15,10,7,0,0,6,103,79,0,8,3,2,1,0,8,1,0,0,0,79,284,526,FINAL (ENTRADA MANUAL)
63,2,2,111,84,0,63,20,0,0,0,103,130,15,10,14,0,0,6,94,74,0,7,12,1,1,0,7,1,0,0,0,81,278,526,FINAL (ENTRADA MANUAL)
63,3,1,110,61,0,72,29,0,0,0,93,108,21,9,27,0,0,14,85,53,0,8,18,1,3,0,4,0,0,1,0,100,273,488,FINAL (ENTRADA MANUAL)
63,3,2,124,52,1,54,30,0,1,0,112,96,12,9,25,0,0,8,106,47,0,7,20,0,0,0,5,3,0,0,0,74,262,488,FINAL (ENTRADA MANUAL)
63,3,3,109,43,0,76,23,0,1,0,93,94,15,11,23,0,0,16,84,41,0,10,18,0,4,0,5,1,1,0,0,89,253,488,FINAL (ENTRADA MANUAL)
63,3,4,107,60,0,68,33,0,1,1,89,114,11,14,23,0,0,19,79,49,0,12,20,0,2,0,3,0,4,1,0,105,275,488,FINAL (ENTRADA MANUAL)
63,3,5,89,54,0,67,27,0,0,0,70,107,11,8,22,0,0,19,64,49,0,8,18,2,1,1,5,1,1,0,0,88,238,487,FINAL (ENTRADA MANUAL)
63,4,1,84,67,0,50,12,0,0,3,75,104,13,10,7,0,0,7,66,61,0,8,4,2,1,0,5,0,0,0,2,69,218,368,FINAL (ENTRADA MANUAL)
63,4,2,75,67,0,46,12,0,0,0,63,98,15,6,9,0,0,9,57,62,0,6,7,1,0,0,2,0,0,1,0,65,201,368,FINAL (ENTRADA MANUAL)
63,5,1,84,92,0,74,10,0,0,1,73,138,18,8,6,0,0,18,66,76,0,7,5,2,3,1,7,3,0,0,0,91,261,483,FINAL (ENTRADA MANUAL)
63,5,2,119,70,0,71,18,0,0,0,97,116,20,17,16,0,0,12,87,61,0,15,13,4,4,0,5,1,0,0,0,88,278,483,FINAL (ENTRADA MANUAL)
63,5,3,109,71,0,87,18,0,0,1,80,140,25,17,15,0,0,9,77,68,0,14,14,2,2,1,8,0,0,0,0,100,286,483,FINAL (ENTRADA MANUAL)
63,5,4,117,73,0,80,19,0,0,1,101,119,17,21,18,0,0,14,95,64,0,18,13,1,4,0,7,2,0,0,0,86,290,483,FINAL (ENTRADA MANUAL)
63,5,5,98,65,0,90,19,0,0,1,72,126,28,15,14,0,0,18,67,54,0,13,12,3,2,0,3,0,0,0,0,119,273,484,FINAL (ENTRADA MANUAL)
63,6,1,117,26,0,42,4,0,0,0,102,49,16,11,1,0,0,10,95,23,0,10,1,1,0,0,4,0,0,0,0,55,189,397,FINAL (ENTRADA MANUAL)
63,7,1,91,56,1,82,20,2,0,0,79,106,25,10,16,0,1,15,71,47,0,10,11,1,3,0,11,1,1,0,0,97,253,511,FINAL (ENTRADA MANUAL)
63,7,2,74,65,1,96,10,0,0,1,67,105,25,25,7,0,0,18,59,50,1,22,4,1,6,1,7,1,0,1,0,95,248,511,FINAL (ENTRADA MANUAL)
63,7,3,98,45,0,70,14,0,1,1,88,92,24,7,12,0,0,6,79,42,0,6,10,0,6,0,9,0,0,0,0,77,229,510,FINAL (ENTRADA MANUAL)
63,8,1,61,24,1,76,8,0,0,0,60,84,10,4,5,1,0,6,56,21,1,3,3,0,3,0,6,0,0,0,0,77,170,313,FINAL (ENTRADA MANUAL)
63,8,2,60,44,0,63,27,0,0,1,54,92,17,5,19,0,0,8,50,36,0,5,16,0,1,0,5,0,0,0,0,82,195,313,FINAL (ENTRADA MANUAL)
63,9,1,91,38,0,63,7,0,0,0,84,75,23,11,2,0,0,4,80,35,0,10,2,0,0,1,11,0,0,1,1,60,201,375,FINAL (ENTRADA MANUAL)
63,9,2,91,46,0,53,5,0,0,2,86,85,11,9,1,0,0,5,78,43,0,7,1,0,2,0,1,0,0,0,0,65,197,375,FINAL (ENTRADA MANUAL)
63,9,3,68,42,0,42,6,1,0,0,67,67,14,4,6,0,0,1,63,36,0,4,4,0,2,0,6,0,1,0,0,44,160,376,FINAL (ENTRADA MANUAL)
63,10,1,97,71,0,95,18,0,0,0,77,131,27,17,15,0,0,14,69,66,0,14,10,3,4,1,10,0,0,0,0,104,281,472,FINAL (ENTRADA MANUAL)
63,10,2,101,79,0,83,24,0,1,1,81,139,22,11,19,0,1,16,72,73,0,10,14,4,1,0,8,0,0,0,0,107,289,472,FINAL (ENTRADA MANUAL)
63,10,3,85,71,0,66,35,0,0,1,70,115,17,15,32,0,0,9,64,64,0,15,25,0,1,2,6,0,0,0,0,81,258,472,FINAL (ENTRADA MANUAL)
63,10,4,78,78,0,85,15,0,0,1,62,143,23,14,13,0,0,2,57,71,0,12,7,2,0,0,6,1,0,0,0,101,257,472,FINAL (ENTRADA MANUAL)
63,10,5,76,78,1,75,22,0,0,1,64,137,20,11,13,0,0,8,60,73,1,9,12,1,0,0,4,1,1,0,0,92,254,474,FINAL (ENTRADA MANUAL)
63,11,1,84,46,0,141,28,0,0,2,74,136,42,20,21,1,0,7,63,44,0,19,19,4,1,2,13,3,0,0,1,133,302,486,FINAL (ENTRADA MANUAL)
63,11,2,82,58,0,116,22,1,1,1,66,142,27,20,18,0,0,8,60,54,0,19,16,0,4,1,14,2,0,0,0,111,281,486,FINAL (ENTRADA MANUAL)
63,11,3,81,63,0,146,22,0,1,0,66,173,31,14,16,0,0,13,58,48,0,11,13,2,2,1,16,2,2,0,0,160,315,486,FINAL (ENTRADA MANUAL)
63,11,4,90,49,0,102,22,0,0,0,77,124,23,13,19,1,0,6,65,45,0,10,13,0,1,0,8,0,0,0,0,121,263,486,FINAL (ENTRADA MANUAL)
63,11,5,92,59,1,116,28,0,1,0,78,132,34,18,23,0,0,12,73,55,1,14,19,0,2,0,8,1,0,0,0,124,297,485,FINAL (ENTRADA MANUAL)
63,12,1,91,57,0,90,17,0,1,1,76,123,26,13,10,1,0,8,65,52,0,11,6,5,2,0,9,0,0,0,0,107,257,435,FINAL (ENTRADA MANUAL)
63,12,2,82,47,0,110,19,0,0,1,73,115,31,14,16,0,0,10,69,43,0,14,11,2,4,1,7,1,0,0,0,107,259,435,FINAL (ENTRADA MANUAL)
63,12,3,96,62,0,89,11,1,0,1,86,126,20,12,8,0,0,8,76,55,0,12,5,3,1,0,10,1,0,0,0,97,260,434,FINAL (ENTRADA MANUAL)
63,72,1,16,1,0,2,0,0,0,0,16,1,0,2,0,0,0,0,16,1,0,2,0,0,0,0,0,0,0,0,0,0,19,0,FINAL (ENTRADA MANUAL)
63,72,2,2,1,0,0,0,0,0,0,2,1,0,0,0,0,0,0,2,1,0,0,0,0,0,0,0,0,0,0,0,0,3,0,FINAL (ENTRADA MANUAL)
63,72,3,439,73,0,35,17,0,0,0,432,94,13,5,10,0,0,10,416,65,0,3,9,4,0,2,3,1,0,0,0,61,564,0,FINAL (ENTRADA MANUAL)
63,72,4,125,31,0,14,4,0,0,0,115,42,5,4,4,0,0,4,106,29,0,4,3,1,0,0,3,0,0,1,0,28,175,0,FINAL (ENTRADA MANUAL)
63,72,5,33,6,0,4,0,0,0,0,31,10,0,0,1,0,0,0,30,6,0,0,0,0,0,0,1,0,2,0,0,6,45,0,FINAL (ENTRADA MANUAL)
63,72,6,0,0,0,0,0,0,0,0,0,0,0,0,0,0,0,0,0,0,0,0,0,0,0,0,0,0,0,0,0,0,0,0,FINAL (ENTRADA MANUAL)
63,72,7,12,2,0,0,0,0,0,0,12,2,0,0,0,0,0,0,12,2,0,0,0,0,0,0,0,0,0,0,0,14,14,0,FINAL (ENTRADA MANUAL)
63,72,8,5,0,0,0,1,0,0,0,5,0,0,0,1,0,0,0,5,0,0,0,1,0,0,0,0,0,0,0,0,0,6,0,FINAL (ENTRADA MANUAL)
63,73,1,45,309,0,21,3,0,0,0,39,321,4,4,2,0,0,8,38,302,0,4,2,1,5,0,2,0,0,0,0,24,378,0,FINAL (ENTRADA MANUAL)
63,73,2,0,0,0,0,0,0,0,0,0,0,0,0,0,0,0,0,0,0,0,0,0,0,0,0,0,0,0,0,0,0,0,0,FINAL (ENTRADA MANUAL)
63,74,1,0,0,0,1,0,0,0,0,0,0,1,0,0,0,0,0,0,0,0,0,0,0,0,0,0,0,0,0,0,1,1,0,FINAL (ENTRADA MANUAL)
63,74,2,0,0,0,0,0,0,0,0,0,0,0,0,0,0,0,0,0,0,0,0,0,0,0,0,0,0,0,0,0,0,0,0,FINAL (ENTRADA MANUAL)
63,75,1,2,2,0,0,0,0,0,0,1,2,0,0,0,0,0,1,1,2,0,0,0,0,0,0,0,0,0,0,0,1,4,0,FINAL (ENTRADA MANUAL)
63,76,1,14,2,0,2,0,0,0,0,11,4,0,1,0,0,0,2,8,2,0,0,0,0,0,0,0,0,0,0,0,8,18,0,FINAL (ENTRADA MANUAL)
63,76,2,0,0,0,0,0,0,0,0,0,0,0,0,0,0,0,0,0,0,0,0,0,0,0,0,0,0,0,0,0,0,0,0,FINAL (ENTRADA MANUAL)
63,76,3,9,1,0,2,0,0,0,0,6,3,0,0,0,0,0,3,4,1,0,0,0,0,0,0,0,0,0,0,0,7,12,0,FINAL (ENTRADA MANUAL)
63,76,4,0,0,0,0,0,0,0,0,0,0,0,0,0,0,0,0,0,0,0,0,0,0,0,0,0,0,0,0,0,0,0,0,FINAL (ENTRADA MANUAL)
63,76,5,1,0,0,0,0,0,0,0,0,0,0,0,0,0,0,1,0,0,0,0,0,0,0,0,0,0,0,0,0,1,1,0,FINAL (ENTRADA MANUAL)
63,77,1,2,2,0,0,4,0,0,0,2,3,2,1,0,0,0,0,5,2,2,0,1,0,0,0,0,0,0,0,0,3,0,0,FINAL (ENTRADA MANUAL)
63,77,2,0,0,0,17,0,0,0,0,0,3,9,4,1,0,0,0,0,0,0,4,0,0,0,0,2,0,0,0,0,11,17,0,FINAL (ENTRADA MANUAL)
63,77,3,0,2,0,3,1,0,0,0,0,3,2,1,0,0,0,0,0,2,0,1,0,0,0,1,1,0,0,0,0,1,6,0,FINAL (ENTRADA MANUAL)
63,77,4,2,0,0,2,0,0,0,0,2,0,0,2,0,0,0,0,2,0,0,2,0,0,0,0,0,0,0,0,0,0,4,0,FINAL (ENTRADA MANUAL)
63,78,1,15,13,0,10,2,0,0,0,13,21,2,1,0,0,0,3,11,13,0,0,0,0,2,0,0,0,0,0,0,13,37,0,FINAL (ENTRADA MANUAL)
63,78,2,8,2,0,0,0,0,0,0,8,1,0,0,0,0,0,1,6,1,0,0,0,1,0,0,0,0,0,0,0,2,10,0,FINAL (ENTRADA MANUAL)
63,78,3,3,0,0,1,0,0,0,0,3,0,1,0,0,0,0,0,3,0,0,0,0,0,0,0,0,0,0,0,0,1,4,0,FINAL (ENTRADA MANUAL)
63,78,4,0,0,0,0,0,0,0,0,0,0,0,0,0,0,0,0,0,0,0,0,0,0,0,0,0,0,0,0,0,0,0,0,FINAL (ENTRADA MANUAL)
111,1,1,115,97,0,38,26,0,0,1,98,122,12,3,19,0,0,23,90,91,0,3,17,3,2,0,1,1,2,0,0,69,279,487,FINAL (ENTRADA MANUAL)
111,1,2,124,89,0,58,23,0,0,1,105,128,11,13,18,0,0,20,101,81,0,9,11,2,1,0,5,0,0,0,0,85,295,487,FINAL (ENTRADA MANUAL)
111,2,1,115,83,0,39,21,0,0,0,93,106,13,3,14,0,0,29,81,73,0,2,12,3,0,1,3,0,4,0,0,83,262,416,FINAL (ENTRADA MANUAL)
111,3,1,69,77,0,17,8,0,0,0,56,90,6,4,5,0,0,10,50,72,0,4,4,2,2,2,1,0,0,0,0,34,171,316,FINAL (ENTRADA MANUAL)
111,3,2,90,76,0,15,20,0,0,0,78,86,8,2,12,0,0,15,72,70,0,1,9,0,1,0,3,1,1,0,1,44,203,315,FINAL (ENTRADA MANUAL)
111,4,1,107,96,0,50,12,0,0,1,82,130,10,8,10,0,0,26,71,86,0,8,9,1,3,0,5,0,1,0,0,83,267,442,FINAL (ENTRADA MANUAL)
111,4,2,109,78,0,53,19,0,0,2,93,113,12,11,19,0,0,13,81,71,0,9,14,1,4,1,5,1,3,0,0,74,264,441,FINAL (ENTRADA MANUAL)
111,5,1,106,68,0,39,13,0,0,1,94,96,13,3,7,0,0,14,81,63,0,3,5,0,0,0,5,1,0,0,0,69,227,406,FINAL (ENTRADA MANUAL)
111,5,2,99,63,0,34,19,0,0,0,77,89,8,7,14,0,0,20,67,58,0,5,12,0,4,0,1,1,1,0,0,67,216,405,FINAL (ENTRADA MANUAL)
111,6,1,91,62,0,16,6,0,1,1,70,75,5,1,7,0,0,19,64,59,0,1,3,2,1,0,2,2,0,0,0,43,177,272,FINAL (ENTRADA MANUAL)
111,6,2,96,59,0,13,9,0,0,1,70,73,4,1,7,0,0,23,66,53,0,0,5,0,1,0,1,1,1,0,0,51,179,271,FINAL (ENTRADA MANUAL)
111,7,1,91,61,0,57,13,0,0,1,76,111,12,6,9,0,1,8,64,52,0,5,8,5,4,1,5,0,0,0,0,79,223,402,FINAL (ENTRADA MANUAL)
111,7,2,97,58,0,39,12,0,0,1,75,92,9,4,11,0,0,16,70,52,0,4,8,2,1,0,2,0,0,0,0,68,207,402,FINAL (ENTRADA MANUAL)
111,7,3,91,61,0,62,28,0,0,0,79,106,14,12,19,0,0,12,65,58,0,9,14,2,1,0,7,0,0,0,0,86,242,402,FINAL (ENTRADA MANUAL)
111,8,1,91,94,0,28,10,0,0,2,70,122,6,4,6,0,0,17,63,83,0,3,4,0,2,0,5,1,2,0,0,64,227,392,FINAL (ENTRADA MANUAL)
111,8,2,103,70,1,39,14,0,0,1,76,100,10,7,11,0,0,24,74,63,1,7,10,2,2,0,2,0,0,1,0,67,229,391,FINAL (ENTRADA MANUAL)
111,9,1,83,80,0,59,6,0,0,0,66,117,14,7,3,0,0,21,59,70,0,7,3,2,2,1,3,0,0,1,0,81,229,440,FINAL (ENTRADA MANUAL)
111,9,2,100,89,0,58,13,0,2,1,93,123,16,11,8,0,0,12,82,81,0,10,5,1,7,0,5,2,0,0,0,70,263,440,FINAL (ENTRADA MANUAL)
111,9,3,102,84,0,46,16,1,0,0,88,119,4,8,11,0,0,19,79,79,0,8,11,0,3,0,2,0,0,1,0,67,250,440,FINAL (ENTRADA MANUAL)
111,9,4,89,73,0,50,6,0,0,0,67,104,12,8,7,0,0,20,63,67,0,7,4,0,0,1,4,0,1,0,0,72,219,440,FINAL (ENTRADA MANUAL)
111,9,5,72,73,0,50,11,0,0,0,67,97,9,10,11,0,0,12,60,68,0,10,8,0,3,2,6,0,0,0,0,49,206,440,FINAL (ENTRADA MANUAL)
111,9,6,89,79,0,44,11,0,0,1,69,107,9,6,11,0,0,22,57,76,0,5,7,0,1,0,1,0,1,0,0,77,225,440,FINAL (ENTRADA MANUAL)
111,9,7,84,65,0,41,4,1,0,0,70,89,13,1,4,0,0,18,62,61,0,1,4,4,3,0,8,0,0,0,0,52,195,440,FINAL (ENTRADA MANUAL)
111,9,8,98,76,0,31,11,0,1,0,86,105,8,4,7,0,0,7,77,72,0,4,6,2,1,0,4,1,0,0,0,50,217,440,FINAL (ENTRADA MANUAL)
111,72,1,301,31,1,20,20,3,0,2,297,43,6,2,17,1,0,12,274,26,0,2,13,1,0,0,2,0,12,1,0,60,391,0,FINAL (ENTRADA MANUAL)
111,72,2,27,9,0,1,2,0,0,0,27,9,1,0,1,0,0,1,25,9,0,0,1,0,0,0,0,1,1,1,0,3,41,0,FINAL (ENTRADA MANUAL)
111,72,3,160,49,0,35,18,1,1,0,156,68,4,8,15,0,1,12,142,43,0,8,13,2,4,0,2,0,0,0,2,50,266,0,FINAL (ENTRADA MANUAL)
111,72,4,26,4,0,5,1,0,0,0,26,4,5,0,1,0,0,0,26,4,0,0,1,0,0,0,2,0,2,0,1,3,39,0,FINAL (ENTRADA MANUAL)
111,72,5,13,1,0,0,2,0,0,0,11,2,0,0,3,0,0,0,10,1,0,0,2,1,0,0,0,0,0,0,0,2,16,0,FINAL (ENTRADA MANUAL)
111,72,6,1,0,0,0,0,0,0,0,0,0,0,0,0,0,0,0,0,0,0,0,0,0,0,0,0,0,0,0,0,1,1,0,FINAL (ENTRADA MANUAL)
111,72,7,13,4,0,4,0,0,0,0,12,8,0,0,0,0,0,1,12,4,0,0,0,0,1,0,0,0,0,0,0,4,21,0,FINAL (ENTRADA MANUAL)
111,72,8,7,0,0,0,0,0,0,0,7,0,0,0,0,0,0,0,6,0,0,0,0,0,0,0,0,0,0,0,0,1,7,0,FINAL (ENTRADA MANUAL)
111,72,9,31,4,0,2,1,0,0,0,30,5,0,1,1,0,0,1,30,4,0,1,1,0,0,0,0,0,0,0,0,2,38,0,FINAL (ENTRADA MANUAL)
111,72,10,18,4,0,0,0,0,0,0,18,4,0,0,0,0,0,0,18,4,0,0,0,0,0,0,0,0,0,0,0,0,22,0,FINAL (ENTRADA MANUAL)
111,73,1,48,237,0,27,6,0,0,1,37,233,9,11,4,0,1,24,32,216,0,11,3,2,1,0,5,1,0,0,0,48,319,0,FINAL (ENTRADA MANUAL)
111,73,2,0,0,0,0,0,0,0,0,0,0,0,0,0,0,0,0,0,0,0,0,0,0,0,0,0,0,0,0,0,0,0,0,FINAL (ENTRADA MANUAL)
111,73,3,4,49,0,0,0,0,0,0,3,50,0,0,0,0,0,1,2,49,0,0,0,0,1,0,1,0,3,0,0,2,58,0,FINAL (ENTRADA MANUAL)
111,74,1,0,0,0,0,0,0,0,0,0,0,0,0,0,0,0,0,0,0,0,0,0,0,0,0,0,0,0,0,0,0,0,0,FINAL (ENTRADA MANUAL)
111,74,2,0,0,0,0,0,0,0,0,0,0,0,0,0,0,0,0,0,0,0,0,0,0,0,0,0,0,0,0,0,0,0,0,FINAL (ENTRADA MANUAL)
111,75,1,0,0,0,0,0,0,0,0,0,0,0,0,0,0,0,0,0,0,0,0,0,0,0,0,0,0,0,0,0,0,0,0,FINAL (ENTRADA MANUAL)
111,76,1,5,0,0,1,0,0,0,0,4,1,0,0,0,0,0,1,3,0,0,0,0,0,0,0,0,0,0,0,0,3,6,0,FINAL (ENTRADA MANUAL)
111,76,2,0,0,0,0,0,0,0,0,0,0,0,0,0,0,0,0,0,0,0,0,0,0,0,0,0,0,0,0,0,0,0,0,FINAL (ENTRADA MANUAL)
111,76,3,2,0,0,0,0,0,0,0,2,0,0,0,0,0,0,0,1,0,0,0,0,0,0,0,0,0,0,0,0,1,2,0,FINAL (ENTRADA MANUAL)
111,77,1,0,0,0,0,0,0,0,0,0,0,0,0,0,0,0,0,0,0,0,0,0,0,0,0,0,0,0,0,0,0,0,0,FINAL (ENTRADA MANUAL)
111,77,2,5,9,0,10,1,0,0,0,5,11,0,6,0,0,0,3,3,8,0,6,0,0,0,0,0,1,0,0,0,7,25,0,FINAL (ENTRADA MANUAL)
111,77,3,3,7,0,3,0,1,0,0,3,9,1,1,0,0,0,0,3,7,0,1,0,0,0,0,1,0,0,0,0,2,14,0,FINAL (ENTRADA MANUAL)
111,78,1,18,17,0,3,0,0,0,0,15,20,0,0,0,0,0,3,13,13,0,0,0,2,0,0,0,0,0,0,0,10,38,0,FINAL (ENTRADA MANUAL)
111,78,2,2,0,0,0,0,0,0,0,2,0,0,0,0,0,0,0,2,0,0,0,0,0,0,0,0,0,0,0,0,0,2,0,FINAL (ENTRADA MANUAL)
111,78,3,0,0,0,0,0,0,0,0,0,0,0,0,0,0,0,0,0,0,0,0,0,0,0,0,0,0,0,0,0,0,0,0,FINAL (ENTRADA MANUAL)
111,78,4,0,0,0,0,0,0,0,0,0,0,0,0,0,0,0,0,0,0,0,0,0,0,0,0,0,0,0,0,0,0,0,0,FINAL (ENTRADA MANUAL)
64,1,1,67,54,0,51,12,0,0,1,51,85,13,11,8,0,0,17,45,44,0,11,7,1,1,0,1,2,1,0,0,73,186,358,FINAL (ENTRADA MANUAL)
64,1,2,63,49,0,46,15,0,0,0,50,78,16,9,9,0,0,11,45,47,0,9,8,0,0,1,1,4,0,0,0,58,173,358,FINAL (ENTRADA MANUAL)
64,1,3,66,50,1,47,10,0,0,1,52,86,12,5,4,0,0,16,48,42,1,5,4,1,1,0,1,3,1,0,0,69,176,359,FINAL (ENTRADA MANUAL)
64,2,1,67,74,1,87,13,0,0,1,55,131,18,18,9,0,0,12,42,69,1,18,8,1,1,0,6,2,2,0,0,95,245,385,FINAL (ENTRADA MANUAL)
64,2,2,62,68,0,83,13,0,0,2,54,123,19,12,8,1,0,11,43,59,0,11,8,0,7,1,9,1,2,0,0,89,230,385,FINAL (ENTRADA MANUAL)
64,2,3,49,78,0,83,12,0,1,0,38,133,22,12,9,0,0,9,33,71,0,10,6,1,3,0,8,0,1,0,0,91,224,385,FINAL (ENTRADA MANUAL)
64,2,4,65,60,0,80,14,0,0,0,49,121,21,12,11,0,0,5,45,50,0,11,9,1,2,0,7,1,0,0,0,93,219,384,FINAL (ENTRADA MANUAL)
64,3,1,133,63,0,76,6,0,0,1,117,115,18,12,3,0,0,14,112,56,0,9,3,2,2,0,8,0,1,0,0,87,280,549,FINAL (ENTRADA MANUAL)
64,3,2,141,69,0,33,21,0,0,0,122,91,10,8,16,0,0,17,116,64,0,8,15,1,0,0,5,1,1,0,0,54,265,549,FINAL (ENTRADA MANUAL)
64,3,3,127,72,0,52,12,0,0,0,108,113,16,7,6,0,0,13,104,64,0,6,5,1,2,0,5,0,0,0,0,76,263,549,FINAL (ENTRADA MANUAL)
64,3,4,109,76,0,78,9,0,1,1,94,129,18,15,8,0,1,9,85,71,0,13,4,2,0,0,8,2,1,1,0,89,276,549,FINAL (ENTRADA MANUAL)
64,3,5,135,63,0,74,20,0,1,2,116,115,14,16,14,0,1,19,106,52,0,16,10,1,5,1,5,1,1,0,1,98,297,551,FINAL (ENTRADA MANUAL)
64,4,1,99,61,0,96,21,0,0,0,86,124,30,14,13,0,0,10,74,57,0,12,10,0,2,0,7,2,1,1,0,113,279,482,FINAL (ENTRADA MANUAL)
64,4,2,80,72,0,107,10,0,0,1,66,138,26,19,8,0,0,13,62,69,0,18,8,1,3,0,10,1,0,0,0,98,270,482,FINAL (ENTRADA MANUAL)
64,4,3,91,67,0,100,14,0,0,1,76,153,20,6,8,0,0,10,68,57,0,6,6,1,4,0,6,3,0,0,0,122,273,482,FINAL (ENTRADA MANUAL)
64,4,4,90,49,1,104,14,1,0,0,72,120,20,18,11,2,0,16,66,44,0,18,7,0,1,0,5,1,1,0,0,117,260,482,FINAL (ENTRADA MANUAL)
64,4,5,112,60,0,95,15,0,0,0,102,124,21,15,11,0,0,9,92,56,0,14,9,1,2,0,7,1,2,0,0,100,284,482,FINAL (ENTRADA MANUAL)
64,4,6,111,45,1,97,11,0,0,0,90,113,29,11,14,1,0,7,82,43,1,9,8,3,1,0,13,0,0,0,0,105,265,482,FINAL (ENTRADA MANUAL)
64,4,7,84,64,0,93,30,0,1,0,65,132,18,20,27,0,0,10,61,56,0,20,24,0,4,0,11,0,0,0,0,96,272,481,FINAL (ENTRADA MANUAL)
64,72,1,19,7,0,1,0,0,0,0,18,7,1,0,0,0,0,1,17,7,0,0,0,0,0,0,0,0,0,0,0,3,27,0,FINAL (ENTRADA MANUAL)
64,72,2,2,2,0,0,0,0,0,0,2,2,0,0,0,0,0,0,2,2,0,0,0,0,0,0,0,0,0,0,0,0,0,0,FINAL (ENTRADA MANUAL)
64,72,3,228,36,0,21,5,0,0,0,219,49,11,2,4,0,0,5,207,34,0,1,3,7,2,1,4,0,0,0,0,38,290,0,FINAL (ENTRADA MANUAL)
64,72,4,0,0,0,0,0,0,0,0,0,0,0,0,0,0,0,0,0,0,0,0,0,0,0,0,0,0,0,0,0,0,0,0,FINAL (ENTRADA MANUAL)
64,72,5,26,5,0,2,2,0,0,0,25,6,1,0,0,0,0,3,24,5,0,0,0,0,0,0,1,0,0,0,0,5,35,0,FINAL (ENTRADA MANUAL)
64,72,6,2,0,0,0,0,0,0,0,2,0,0,0,0,0,0,0,2,0,0,0,0,0,0,0,0,0,0,0,0,0,2,0,FINAL (ENTRADA MANUAL)
64,72,7,9,3,0,0,0,0,0,0,9,2,0,0,0,0,0,1,9,2,0,0,0,0,0,0,0,0,0,0,0,1,12,0,FINAL (ENTRADA MANUAL)
64,72,8,0,2,0,0,0,0,0,0,0,2,0,0,0,0,0,0,0,2,0,0,0,0,0,0,0,0,0,0,0,0,2,0,FINAL (ENTRADA MANUAL)
64,72,9,10,4,0,0,0,0,0,0,10,4,0,0,0,0,0,0,10,4,0,0,0,0,0,0,0,0,0,0,0,0,14,0,FINAL (ENTRADA MANUAL)
64,72,10,7,0,0,0,0,0,0,0,7,0,0,0,0,0,0,0,7,0,0,0,0,0,0,0,0,0,0,0,0,0,7,0,FINAL (ENTRADA MANUAL)
64,73,1,36,234,1,9,0,0,1,0,29,236,3,3,0,0,0,10,26,224,1,3,0,0,1,0,2,0,0,0,0,24,281,0,FINAL (ENTRADA MANUAL)
64,73,2,1,4,0,0,0,0,0,0,1,4,0,0,0,0,0,0,0,4,0,0,0,0,0,0,0,0,0,0,0,1,5,0,FINAL (ENTRADA MANUAL)
64,73,3,0,0,0,0,0,0,0,0,0,0,0,0,0,0,0,0,0,0,0,0,0,0,0,0,0,0,0,0,0,0,0,0,FINAL (ENTRADA MANUAL)
64,74,1,0,0,0,1,0,0,0,0,0,0,1,0,0,0,0,0,0,0,0,0,0,0,0,0,0,0,0,0,0,1,1,0,FINAL (ENTRADA MANUAL)
64,74,2,0,0,0,0,0,0,0,0,0,0,0,0,0,0,0,0,0,0,0,0,0,0,0,0,0,0,0,0,0,0,0,0,FINAL (ENTRADA MANUAL)
64,75,1,2,0,0,0,0,0,0,0,2,0,0,0,0,0,0,0,2,0,0,0,0,0,0,0,0,0,0,0,0,0,2,0,FINAL (ENTRADA MANUAL)
64,76,1,3,0,0,0,0,0,0,0,3,0,0,0,0,0,0,0,3,0,0,0,0,0,0,0,0,0,0,0,0,0,3,0,FINAL (ENTRADA MANUAL)
64,76,2,0,0,0,0,0,0,0,0,0,0,0,0,0,0,0,0,0,0,0,0,0,0,0,0,0,0,0,0,0,0,0,0,FINAL (ENTRADA MANUAL)
64,76,3,2,0,0,1,0,0,0,0,0,0,0,1,0,0,0,2,0,0,0,1,0,0,0,0,0,0,0,0,0,2,3,0,FINAL (ENTRADA MANUAL)
64,76,4,0,0,0,0,0,0,0,0,0,0,0,0,0,0,0,0,0,0,0,0,0,0,0,0,0,0,0,0,0,0,0,0,FINAL (ENTRADA MANUAL)
64,77,1,0,1,0,3,0,0,0,0,0,3,1,0,0,0,0,0,0,0,0,0,0,0,0,0,2,0,0,0,0,0,4,0,FINAL (ENTRADA MANUAL)
64,77,2,1,0,0,6,1,0,0,0,2,3,3,0,0,0,0,0,1,0,0,0,0,0,2,0,2,0,0,0,0,3,8,0,FINAL (ENTRADA MANUAL)
64,77,3,2,2,0,0,0,0,0,0,2,2,0,0,0,0,0,0,2,2,0,0,0,0,0,0,0,0,0,0,0,0,4,0,FINAL (ENTRADA MANUAL)
64,77,4,0,0,0,1,0,0,0,0,0,1,0,0,0,0,0,0,0,0,0,0,0,0,0,0,0,0,0,0,0,1,1,0,FINAL (ENTRADA MANUAL)
64,77,5,2,2,0,0,0,0,0,0,2,2,0,0,0,0,0,0,2,2,0,0,0,0,0,0,0,0,0,0,0,0,4,0,FINAL (ENTRADA MANUAL)
64,77,6,0,2,0,3,0,0,0,0,0,4,1,0,0,0,0,0,0,2,0,0,0,0,0,0,1,0,0,0,0,2,5,0,FINAL (ENTRADA MANUAL)
64,77,7,48,10,0,5,1,0,0,0,46,15,1,1,1,0,0,0,46,10,0,1,1,0,0,0,1,0,0,0,0,5,11,0,FINAL (ENTRADA MANUAL)
64,78,1,2,6,0,2,0,0,0,0,2,5,1,1,0,0,0,1,1,5,0,1,0,0,0,0,1,0,0,0,0,1,9,0,FINAL (ENTRADA MANUAL)
64,78,2,5,1,0,0,0,0,0,0,4,1,0,0,0,0,0,0,4,1,0,0,0,0,0,0,0,0,0,0,0,1,6,0,FINAL (ENTRADA MANUAL)
64,78,3,0,1,0,0,0,0,0,0,0,1,0,0,0,0,0,0,0,1,0,0,0,0,0,0,0,0,0,0,0,0,1,0,FINAL (ENTRADA MANUAL)
64,78,4,0,0,0,0,0,0,0,0,0,0,0,0,0,0,0,0,0,0,0,0,0,0,0,0,0,0,0,0,0,0,0,0,FINAL (ENTRADA MANUAL)
65,1,1,114,102,1,60,5,0,0,1,101,143,7,9,6,0,1,16,90,99,1,8,2,3,1,0,1,0,0,0,0,78,283,594,FINAL (ENTRADA MANUAL)
65,1,2,120,95,0,70,8,0,0,0,106,127,10,24,8,0,0,18,102,88,0,22,7,0,1,2,4,0,0,0,0,67,293,594,FINAL (ENTRADA MANUAL)
65,2,1,32,59,0,11,0,0,0,0,30,66,2,3,0,0,0,1,30,55,0,3,0,0,1,0,0,0,0,0,0,13,102,178,FINAL (ENTRADA MANUAL)
65,3,1,100,95,0,86,5,0,0,0,89,154,21,7,5,0,0,10,84,93,0,7,1,0,5,0,10,0,1,0,0,86,287,582,FINAL (ENTRADA MANUAL)
65,3,2,94,71,0,97,12,0,0,0,84,139,18,12,9,0,0,12,76,65,0,10,7,3,5,0,4,1,1,0,0,103,275,582,FINAL (ENTRADA MANUAL)
65,3,3,100,97,0,84,8,0,0,1,94,153,19,10,7,0,0,7,85,91,0,10,7,1,5,1,6,0,1,0,0,84,291,582,FINAL (ENTRADA MANUAL)
65,3,4,100,89,0,90,8,0,1,0,92,147,18,13,7,0,0,11,88,82,0,10,5,1,6,0,5,0,0,0,0,91,288,582,FINAL (ENTRADA MANUAL)
65,4,1,121,16,0,40,3,0,0,0,114,31,17,7,2,0,0,9,107,15,0,6,0,0,1,0,0,0,1,0,0,51,181,422,FINAL (ENTRADA MANUAL)
65,4,2,112,40,0,39,3,0,0,0,101,59,9,12,4,0,0,9,97,37,0,9,3,0,0,0,1,0,2,0,0,47,196,421,FINAL (ENTRADA MANUAL)
65,5,1,120,51,0,34,14,0,0,1,107,77,10,5,12,0,0,9,98,41,0,5,11,1,1,0,3,0,0,0,0,60,220,406,FINAL (ENTRADA MANUAL)
65,6,1,102,40,0,36,1,0,0,1,97,64,4,7,1,0,0,7,94,38,0,5,1,1,1,0,0,0,0,0,0,40,180,370,FINAL (ENTRADA MANUAL)
65,6,2,101,47,0,27,3,0,0,1,93,59,10,7,1,0,0,9,90,43,0,5,1,2,0,0,2,0,0,0,0,36,179,369,FINAL (ENTRADA MANUAL)
65,7,1,110,73,0,69,6,0,0,0,100,117,21,11,4,0,0,5,92,67,0,9,2,0,5,1,7,1,0,0,0,74,258,510,FINAL (ENTRADA MANUAL)
65,7,2,108,76,0,58,17,1,0,1,86,134,5,10,9,0,0,17,83,71,0,9,6,2,2,0,1,2,2,0,0,85,263,510,FINAL (ENTRADA MANUAL)
65,7,3,106,64,0,50,18,0,0,0,98,92,10,13,13,0,0,12,93,59,0,12,9,0,3,0,3,2,0,0,0,57,238,511,FINAL (ENTRADA MANUAL)
65,8,1,107,66,0,31,3,1,0,1,101,94,5,4,1,0,0,4,97,63,0,4,1,1,2,0,3,0,0,0,0,38,209,420,FINAL (ENTRADA MANUAL)
65,8,2,96,69,0,27,7,0,0,0,79,105,0,5,5,0,0,5,73,62,0,4,3,0,3,0,0,0,0,0,0,54,199,420,FINAL (ENTRADA MANUAL)
65,9,1,84,31,0,25,2,0,0,0,74,46,4,7,2,0,0,9,72,29,0,7,2,1,0,0,3,0,0,0,0,28,142,316,FINAL (ENTRADA MANUAL)
65,10,1,97,91,0,18,1,0,0,0,94,93,8,5,1,0,0,6,91,88,0,5,1,0,0,1,0,0,0,0,0,21,207,480,FINAL (ENTRADA MANUAL)
65,11,1,115,49,0,44,4,0,0,0,94,72,13,11,4,0,0,18,84,39,0,11,1,2,0,0,2,1,1,0,0,72,213,460,FINAL (ENTRADA MANUAL)
65,11,2,108,66,1,52,4,0,0,0,96,106,12,7,0,1,0,9,90,62,1,7,0,2,0,0,2,0,1,0,0,67,232,461,FINAL (ENTRADA MANUAL)
65,12,1,132,79,0,67,3,0,0,0,115,123,15,9,2,0,0,17,113,74,0,9,2,0,3,0,3,0,0,0,0,77,281,604,FINAL (ENTRADA MANUAL)
65,12,2,134,66,0,51,6,0,0,0,115,100,12,6,3,0,0,21,105,62,0,4,3,1,2,0,3,0,0,0,0,77,257,604,FINAL (ENTRADA MANUAL)
65,12,3,133,73,0,64,2,0,0,0,126,95,19,15,2,0,0,15,118,63,0,14,2,0,1,1,3,0,0,0,0,70,272,604,FINAL (ENTRADA MANUAL)
65,12,4,133,73,0,53,7,0,0,1,120,103,11,10,5,0,0,18,114,61,0,9,2,0,0,1,3,0,0,0,0,77,267,603,FINAL (ENTRADA MANUAL)
65,13,1,125,88,0,65,9,0,0,0,111,130,14,16,4,0,0,12,107,82,0,15,2,3,3,0,6,0,0,0,0,69,287,521,FINAL (ENTRADA MANUAL)
65,13,2,102,55,0,58,8,0,0,0,97,85,15,13,6,0,0,7,87,53,0,11,6,1,0,0,4,0,1,0,0,61,224,521,FINAL (ENTRADA MANUAL)
65,13,3,124,74,0,52,12,1,0,0,112,103,11,16,6,0,0,15,105,64,0,15,6,1,1,0,3,1,1,0,0,67,264,521,FINAL (ENTRADA MANUAL)
65,14,1,118,52,0,63,5,0,1,1,105,96,20,5,4,0,0,10,103,49,0,5,4,1,3,1,8,0,0,0,0,66,240,430,FINAL (ENTRADA MANUAL)
65,14,2,82,66,0,50,9,0,0,1,76,101,8,8,5,0,0,10,66,62,0,6,5,2,4,0,4,1,1,0,0,58,209,431,FINAL (ENTRADA MANUAL)
65,15,1,122,64,0,71,11,0,0,0,101,107,15,13,9,0,0,23,93,57,0,10,7,0,3,0,12,0,0,0,0,86,268,528,FINAL (ENTRADA MANUAL)
65,15,2,104,70,0,101,14,0,0,0,87,142,22,13,10,0,0,15,80,64,0,13,6,1,7,0,3,1,1,0,0,114,290,528,FINAL (ENTRADA MANUAL)
65,15,3,120,65,1,84,6,0,0,0,106,117,23,11,5,0,0,14,101,61,1,8,3,1,3,0,5,1,0,0,0,92,276,528,FINAL (ENTRADA MANUAL)
65,15,4,111,66,0,85,7,0,0,0,90,129,15,9,6,0,0,20,84,61,0,8,5,1,1,0,6,1,0,0,0,102,269,529,FINAL (ENTRADA MANUAL)
65,16,1,119,79,0,60,4,1,1,1,111,117,14,12,4,0,0,7,105,72,0,11,3,1,3,0,7,0,1,0,0,63,266,504,FINAL (ENTRADA MANUAL)
65,16,2,119,95,0,39,10,0,0,0,108,123,12,7,5,0,0,8,102,84,0,7,4,1,1,0,3,0,0,0,0,61,263,505,FINAL (ENTRADA MANUAL)
65,17,1,31,47,0,30,4,0,0,1,23,75,4,7,1,0,0,3,23,41,0,7,1,1,0,0,2,1,0,0,0,37,113,179,FINAL (ENTRADA MANUAL)
65,72,1,800,30,0,16,7,1,0,2,794,40,7,1,5,0,0,9,778,26,0,1,4,5,0,0,1,0,0,0,0,41,856,0,FINAL (ENTRADA MANUAL)
65,72,2,81,4,0,1,0,0,0,0,81,4,0,0,1,0,0,0,79,3,0,0,0,1,0,0,0,0,2,0,0,3,88,0,FINAL (ENTRADA MANUAL)
65,72,3,1117,66,0,66,14,0,1,0,1102,106,20,13,6,0,0,17,1071,60,0,13,5,7,4,0,9,1,0,0,1,94,1264,0,FINAL (ENTRADA MANUAL)
65,72,4,118,12,0,7,3,0,2,7,116,17,3,3,2,0,0,8,114,11,0,3,2,1,1,0,0,0,7,1,0,9,149,0,FINAL (ENTRADA MANUAL)
65,72,5,149,8,0,6,2,0,0,0,147,9,3,3,1,0,0,2,145,7,0,2,1,1,0,0,2,0,0,0,0,7,165,0,FINAL (ENTRADA MANUAL)
65,72,6,15,3,0,0,0,0,0,0,15,3,0,0,0,0,0,0,15,3,0,0,0,0,0,0,0,0,1,0,0,0,19,0,FINAL (ENTRADA MANUAL)
65,72,7,1,0,0,0,0,0,0,0,1,0,0,0,0,0,0,0,1,0,0,0,0,0,0,0,0,0,0,0,0,0,1,0,FINAL (ENTRADA MANUAL)
65,72,8,0,2,0,0,0,0,0,0,0,2,0,0,0,0,0,0,0,2,0,0,0,0,0,0,0,0,0,0,0,0,2,0,FINAL (ENTRADA MANUAL)
65,72,9,18,1,0,1,0,0,0,0,18,1,0,0,0,0,0,1,17,1,0,0,0,0,0,0,0,0,0,0,0,2,28,0,FINAL (ENTRADA MANUAL)
65,73,1,78,899,0,50,8,0,1,5,72,896,9,11,3,0,1,49,63,830,0,11,2,1,2,0,2,1,0,0,1,129,1042,0,FINAL (ENTRADA MANUAL)
65,73,2,0,0,0,0,0,0,0,0,0,0,0,0,0,0,0,0,0,0,0,0,0,0,0,0,0,0,0,0,0,0,0,0,FINAL (ENTRADA MANUAL)
65,73,3,0,0,0,0,0,0,0,0,0,0,0,0,0,0,0,0,0,0,0,0,0,0,0,0,0,0,0,0,0,0,0,0,FINAL (ENTRADA MANUAL)
65,73,4,0,0,0,0,0,0,0,0,0,0,0,0,0,0,0,0,0,0,0,0,0,0,0,0,0,0,0,0,0,0,0,0,FINAL (ENTRADA MANUAL)
65,73,5,13,149,0,2,2,0,0,0,12,147,1,0,2,0,0,4,12,147,0,0,2,0,0,0,1,0,5,1,0,4,172,0,FINAL (ENTRADA MANUAL)
65,74,1,1,1,0,0,0,0,0,0,1,1,0,0,0,0,0,0,1,1,0,0,0,0,0,0,0,0,0,0,0,0,2,0,FINAL (ENTRADA MANUAL)
65,74,2,0,0,0,0,0,0,0,0,0,0,0,0,0,0,0,0,0,0,0,0,0,0,0,0,0,0,0,0,0,0,0,0,FINAL (ENTRADA MANUAL)
65,75,1,0,0,0,0,0,0,0,0,0,0,0,0,0,0,0,0,0,0,0,0,0,0,0,0,0,0,0,0,0,0,0,0,FINAL (ENTRADA MANUAL)
65,76,1,7,1,0,0,1,0,0,0,5,1,0,0,1,0,0,2,4,1,0,0,0,0,0,0,0,0,1,0,0,4,10,0,FINAL (ENTRADA MANUAL)
65,76,2,0,0,0,0,0,0,0,0,0,0,0,0,0,0,0,0,0,0,0,0,0,0,0,0,0,0,0,0,0,0,0,0,FINAL (ENTRADA MANUAL)
65,76,3,3,0,0,0,0,0,0,0,3,0,0,0,0,0,0,0,3,0,0,0,0,0,0,0,0,0,0,0,0,0,3,0,FINAL (ENTRADA MANUAL)
65,77,1,3,9,0,11,0,0,0,0,2,16,3,2,0,0,0,0,1,9,0,1,0,0,0,0,0,0,0,0,0,12,23,0,FINAL (ENTRADA MANUAL)
65,77,2,4,4,0,7,0,0,0,0,4,6,1,4,0,0,0,0,4,4,0,4,0,0,0,0,0,0,0,0,0,3,15,0,FINAL (ENTRADA MANUAL)
65,77,3,1,1,0,1,0,0,0,0,1,1,1,0,0,0,0,0,1,1,0,0,0,0,0,0,0,0,0,0,0,1,3,0,FINAL (ENTRADA MANUAL)
65,77,4,3,8,0,2,0,0,0,0,3,8,1,1,0,0,0,0,3,8,0,1,0,0,0,0,0,0,0,0,0,1,13,0,FINAL (ENTRADA MANUAL)
65,78,1,14,8,0,3,0,0,0,0,13,6,2,1,0,0,0,3,12,6,0,1,0,0,0,0,0,0,0,0,0,6,25,0,FINAL (ENTRADA MANUAL)
65,78,2,12,3,0,2,0,0,0,0,7,3,0,2,0,0,0,6,5,2,0,2,0,0,0,0,0,0,0,0,0,8,17,0,FINAL (ENTRADA MANUAL)
65,78,3,0,2,0,3,0,0,0,0,0,4,0,0,0,0,0,0,0,1,0,0,0,0,0,0,2,0,0,0,0,0,3,0,FINAL (ENTRADA MANUAL)
65,78,4,0,0,0,0,0,0,0,0,0,0,0,0,0,0,0,0,0,0,0,0,0,0,0,0,0,0,0,0,0,0,0,0,FINAL (ENTRADA MANUAL)
66,1,1,75,47,0,26,6,0,0,1,63,74,3,4,2,0,0,9,60,41,0,3,2,0,0,0,1,0,0,0,0,48,155,298,FINAL (ENTRADA MANUAL)
66,1,2,72,48,0,30,9,0,1,0,67,73,3,5,6,0,0,6,62,44,0,3,5,4,1,0,1,1,0,1,0,39,161,298,FINAL (ENTRADA MANUAL)
66,2,1,96,78,1,82,15,0,0,0,86,133,27,8,10,0,0,8,81,67,1,7,10,0,1,0,6,0,1,0,0,99,273,502,FINAL (ENTRADA MANUAL)
66,2,2,122,53,1,65,8,0,0,3,108,100,16,9,6,0,0,13,93,46,0,8,3,0,2,0,3,1,0,0,0,96,252,503,FINAL (ENTRADA MANUAL)
66,3,1,92,55,0,37,8,0,0,0,83,77,7,10,5,0,0,10,80,51,0,8,5,2,3,0,0,1,0,0,0,42,192,402,FINAL (ENTRADA MANUAL)
66,3,2,103,52,1,39,7,1,0,0,95,88,4,3,3,0,0,10,89,46,1,3,3,1,3,0,3,0,0,0,0,54,203,401,FINAL (ENTRADA MANUAL)
66,4,1,90,55,0,79,5,0,0,1,74,108,18,8,6,0,0,16,70,47,0,8,5,1,4,0,3,0,2,0,0,92,232,436,FINAL (ENTRADA MANUAL)
66,4,2,114,35,0,62,8,1,0,0,105,76,12,7,5,0,0,15,96,31,0,5,4,3,4,0,4,0,0,0,0,73,220,436,FINAL (ENTRADA MANUAL)
66,4,3,103,70,1,46,4,0,0,0,88,106,5,10,4,1,0,10,83,66,0,9,3,0,1,1,3,0,0,0,0,58,224,437,FINAL (ENTRADA MANUAL)
66,5,1,83,53,0,51,2,0,0,0,77,90,10,7,1,0,0,4,73,52,0,6,1,0,2,0,4,0,0,0,0,51,189,360,FINAL (ENTRADA MANUAL)
66,6,1,130,52,1,68,12,0,1,0,108,110,18,3,7,1,0,17,101,48,1,2,6,0,4,1,5,0,2,0,1,96,267,495,FINAL (ENTRADA MANUAL)
66,6,2,129,54,0,55,4,0,0,1,111,102,9,5,4,0,0,12,108,51,0,5,2,0,4,0,3,0,0,0,0,70,243,495,FINAL (ENTRADA MANUAL)
66,6,3,130,56,0,64,8,0,0,1,121,98,16,8,3,0,0,13,110,49,0,7,3,2,4,0,5,1,0,0,0,78,259,495,FINAL (ENTRADA MANUAL)
66,7,1,140,40,1,71,5,0,0,0,129,80,19,8,5,0,0,16,115,35,0,7,5,1,2,0,14,0,0,0,0,78,257,457,FINAL (ENTRADA MANUAL)
66,7,2,151,30,0,49,8,0,0,0,140,70,6,5,6,0,0,11,128,26,0,5,4,2,1,0,2,1,0,0,0,69,238,457,FINAL (ENTRADA MANUAL)
66,7,3,153,38,0,55,4,0,1,0,145,73,11,9,4,0,0,9,136,29,0,7,3,2,4,0,5,0,0,0,0,65,251,457,FINAL (ENTRADA MANUAL)
66,7,4,118,44,0,48,8,0,0,0,108,75,14,7,6,0,0,8,98,42,0,7,3,2,2,0,5,0,1,0,0,59,219,458,FINAL (ENTRADA MANUAL)
66,8,1,113,24,0,40,1,0,1,0,98,51,11,3,2,0,0,14,93,23,0,3,1,2,6,0,4,0,0,0,0,47,179,312,FINAL (ENTRADA MANUAL)
66,8,2,97,18,1,42,2,0,0,0,90,45,12,6,3,0,0,4,88,18,0,6,1,1,0,0,3,0,1,0,0,43,161,311,FINAL (ENTRADA MANUAL)
66,9,1,133,73,0,36,4,0,0,0,125,105,3,4,1,0,0,8,118,68,0,4,1,1,5,0,3,0,0,0,0,46,246,490,FINAL (ENTRADA MANUAL)
66,10,1,46,64,0,10,4,0,0,0,44,70,3,2,3,0,0,2,43,59,0,1,3,0,1,0,0,0,1,0,0,17,125,270,FINAL (ENTRADA MANUAL)
66,10,2,49,52,0,24,3,0,0,0,46,66,7,6,2,0,0,1,45,52,0,6,2,0,1,0,3,0,1,0,0,19,129,270,FINAL (ENTRADA MANUAL)
66,11,1,62,8,0,14,6,1,0,0,55,18,3,1,6,0,0,8,52,6,0,1,5,0,0,1,1,0,0,0,0,25,91,128,FINAL (ENTRADA MANUAL)
66,12,1,115,15,0,22,6,0,0,0,104,36,6,3,3,0,0,6,96,14,0,3,1,1,0,0,3,0,0,0,0,40,158,282,FINAL (ENTRADA MANUAL)
66,12,2,111,12,0,31,7,0,0,0,104,43,4,3,4,0,0,3,101,11,0,3,2,1,4,0,3,0,1,0,0,36,162,282,FINAL (ENTRADA MANUAL)
66,13,1,106,23,1,40,9,0,0,0,89,50,9,8,7,0,0,16,83,19,0,8,2,1,0,2,2,0,1,0,0,62,180,331,FINAL (ENTRADA MANUAL)
66,14,1,139,51,0,66,10,0,0,0,117,102,21,8,5,0,0,13,108,50,0,8,4,5,1,0,5,1,0,0,0,84,266,478,FINAL (ENTRADA MANUAL)
66,15,1,174,51,0,65,11,0,0,0,156,98,17,11,5,0,0,14,146,48,0,11,5,3,3,1,2,0,0,0,0,82,301,594,FINAL (ENTRADA MANUAL)
66,15,2,140,62,0,62,3,0,0,1,120,110,12,9,1,0,1,15,108,54,0,8,0,5,0,4,4,0,0,0,0,85,268,594,FINAL (ENTRADA MANUAL)
66,15,3,177,40,0,47,6,1,0,2,158,71,11,8,4,0,0,21,144,38,0,8,2,3,0,0,1,0,1,0,0,77,274,594,FINAL (ENTRADA MANUAL)
66,15,4,136,80,0,39,7,0,0,0,112,113,11,4,4,0,0,18,100,72,0,3,3,5,3,0,4,0,0,2,0,72,264,595,FINAL (ENTRADA MANUAL)
66,16,1,110,59,0,70,8,0,0,0,102,101,11,13,6,0,0,14,89,53,0,13,5,3,4,0,2,0,2,1,0,78,250,471,FINAL (ENTRADA MANUAL)
66,16,2,75,59,0,52,6,0,0,0,64,95,11,5,3,0,0,14,64,54,0,5,3,0,1,1,4,0,0,0,0,60,192,471,FINAL (ENTRADA MANUAL)
66,16,3,117,60,1,53,10,0,0,0,107,91,11,13,8,0,0,11,104,59,0,11,6,1,1,0,5,1,0,0,0,53,241,471,FINAL (ENTRADA MANUAL)
66,16,4,131,74,0,52,5,0,0,1,114,123,6,8,4,0,0,8,101,68,0,7,3,5,5,0,0,1,1,0,1,73,265,471,FINAL (ENTRADA MANUAL)
66,16,5,123,66,0,52,8,0,0,0,109,107,9,8,2,0,0,14,102,63,0,8,2,1,3,1,6,1,0,0,0,62,249,471,FINAL (ENTRADA MANUAL)
66,16,6,105,53,0,66,7,0,0,0,95,96,12,11,1,0,0,16,90,49,0,11,1,4,4,0,6,2,1,0,0,64,232,471,FINAL (ENTRADA MANUAL)
66,72,1,778,310,0,48,8,5,0,2,776,338,13,6,2,0,0,16,742,291,0,5,2,5,5,0,6,1,0,0,0,94,1151,0,FINAL (ENTRADA MANUAL)
66,72,2,137,66,0,6,1,0,0,0,134,72,0,1,1,0,0,1,130,65,0,1,1,0,0,0,1,0,0,0,0,13,213,0,FINAL (ENTRADA MANUAL)
66,72,3,507,237,0,74,13,1,0,1,478,302,23,12,5,0,0,13,460,229,0,10,5,6,8,0,8,0,0,0,2,107,835,0,FINAL (ENTRADA MANUAL)
66,72,4,77,59,0,15,2,0,0,1,69,75,4,2,1,1,0,3,68,58,0,2,1,3,1,0,3,0,1,1,0,18,156,0,FINAL (ENTRADA MANUAL)
66,72,5,61,20,0,3,0,0,0,0,58,22,1,1,0,0,0,2,58,19,0,1,0,0,0,0,1,0,0,0,0,5,84,0,FINAL (ENTRADA MANUAL)
66,72,6,7,7,0,1,0,0,0,0,7,8,0,0,0,0,0,0,7,7,0,0,0,0,0,0,0,0,0,0,0,1,15,0,FINAL (ENTRADA MANUAL)
66,72,7,40,14,0,4,3,0,0,0,39,20,0,0,1,0,0,1,37,13,0,0,0,0,1,0,0,0,0,0,0,10,61,0,FINAL (ENTRADA MANUAL)
66,72,8,6,3,0,1,0,0,0,0,6,4,0,0,0,0,0,0,6,3,0,0,0,0,0,0,0,0,0,0,0,1,10,0,FINAL (ENTRADA MANUAL)
66,72,9,1,0,0,0,0,0,0,0,1,0,0,0,0,0,0,0,1,0,0,0,0,0,0,0,0,0,0,0,0,0,1,0,FINAL (ENTRADA MANUAL)
66,72,10,1,3,0,1,0,0,0,0,1,4,0,0,0,0,0,0,1,3,0,0,0,0,1,0,0,0,0,0,0,0,5,0,FINAL (ENTRADA MANUAL)
66,72,11,20,5,0,0,0,0,0,0,19,5,0,0,0,0,0,1,19,5,0,0,0,0,0,0,0,0,0,0,0,1,25,0,FINAL (ENTRADA MANUAL)
66,73,1,5,9,0,0,2,0,0,0,4,12,0,0,0,0,0,0,4,9,0,0,0,0,0,0,0,0,1,0,0,3,17,0,FINAL (ENTRADA MANUAL)
66,74,1,0,3,0,2,0,0,0,0,0,5,0,0,0,0,0,0,0,3,0,0,0,0,0,0,0,0,0,0,0,2,5,0,FINAL (ENTRADA MANUAL)
66,74,2,0,0,0,0,0,0,0,0,0,0,0,0,0,0,0,0,0,0,0,0,0,0,0,0,0,0,0,0,0,0,0,0,FINAL (ENTRADA MANUAL)
66,75,1,1,0,0,0,0,0,0,0,1,0,0,0,0,0,0,0,1,0,0,0,0,0,0,0,0,0,0,0,0,0,1,0,FINAL (ENTRADA MANUAL)
66,75,2,1,0,0,0,0,0,0,0,1,0,0,0,0,0,0,0,1,0,0,0,0,0,0,0,0,0,0,0,0,0,1,0,FINAL (ENTRADA MANUAL)
66,76,1,15,1,0,1,0,0,0,0,12,2,0,0,0,0,0,3,11,1,0,0,0,0,0,0,0,0,2,0,0,5,19,0,FINAL (ENTRADA MANUAL)
66,76,2,0,0,0,0,0,0,0,0,0,0,0,0,0,0,0,0,0,0,0,0,0,0,0,0,0,0,0,0,0,0,0,0,FINAL (ENTRADA MANUAL)
66,76,3,4,0,0,1,0,0,0,0,4,0,1,0,0,0,0,0,3,0,0,0,0,0,0,0,0,0,0,0,0,2,5,0,FINAL (ENTRADA MANUAL)
66,76,4,0,0,0,0,0,0,0,0,0,0,0,0,0,0,0,0,0,0,0,0,0,0,0,0,0,0,0,0,0,0,0,0,FINAL (ENTRADA MANUAL)
66,76,5,0,0,0,1,0,0,0,0,0,0,0,0,0,0,0,1,0,0,0,0,0,0,0,0,0,0,0,0,0,1,1,0,FINAL (ENTRADA MANUAL)
66,76,6,0,0,0,0,0,0,0,0,0,0,0,0,0,0,0,0,0,0,0,0,0,0,0,0,0,0,1,0,0,0,1,0,FINAL (ENTRADA MANUAL)
66,77,1,0,0,0,0,0,0,0,0,0,0,0,0,0,0,0,0,0,0,0,0,0,0,0,0,0,0,0,0,0,0,0,0,FINAL (ENTRADA MANUAL)
66,77,2,1,0,0,9,0,1,0,0,1,5,3,2,0,0,0,0,0,0,0,2,0,0,0,0,2,0,0,0,0,7,11,0,FINAL (ENTRADA MANUAL)
66,77,3,0,0,0,3,0,0,0,0,0,0,2,1,0,0,0,0,0,0,0,1,0,0,0,0,0,0,0,0,0,2,3,0,FINAL (ENTRADA MANUAL)
66,77,4,0,0,0,2,0,0,0,0,0,0,0,1,0,0,0,0,0,0,0,1,0,0,0,0,0,0,0,0,0,1,2,0,FINAL (ENTRADA MANUAL)
66,78,1,20,13,0,8,1,0,0,0,19,14,0,2,0,0,0,7,19,9,0,2,0,1,0,0,1,0,0,0,0,11,43,0,FINAL (ENTRADA MANUAL)
66,78,2,24,1,0,3,2,0,0,0,16,4,0,1,4,0,0,4,15,1,0,1,0,0,0,0,0,0,0,0,5,13,31,0,FINAL (ENTRADA MANUAL)
66,78,3,1,1,0,0,0,0,0,0,1,1,0,0,0,0,0,0,1,1,0,0,0,0,0,0,0,0,0,0,0,0,2,0,FINAL (ENTRADA MANUAL)
66,78,4,0,0,0,0,0,0,0,0,0,0,0,0,0,0,0,0,0,0,0,0,0,0,0,0,0,0,0,0,0,0,0,0,FINAL (ENTRADA MANUAL)
67,1,1,100,64,1,52,3,0,1,0,81,100,13,11,3,0,0,13,72,57,0,8,1,2,3,1,7,1,0,0,0,69,221,611,FINAL (ENTRADA MANUAL)
67,1,2,89,72,0,54,8,0,0,0,75,103,11,13,6,0,0,15,70,68,0,10,4,0,0,0,6,0,1,1,0,65,225,611,FINAL (ENTRADA MANUAL)
67,2,1,116,57,0,72,11,1,0,0,102,104,17,10,8,0,0,16,97,48,0,8,6,0,1,0,7,0,1,0,0,90,258,580,FINAL (ENTRADA MANUAL)
67,2,2,138,40,0,51,9,0,0,2,106,67,15,10,5,0,1,36,99,34,0,10,5,1,3,0,3,0,2,0,0,85,242,580,FINAL (ENTRADA MANUAL)
67,3,1,91,64,0,40,12,0,0,0,80,89,7,8,13,0,0,10,73,56,0,7,9,0,3,0,1,2,3,0,0,56,210,413,FINAL (ENTRADA MANUAL)
67,3,2,78,48,1,44,8,0,0,1,64,72,10,9,6,0,0,19,60,36,1,8,3,1,1,0,6,2,2,0,0,62,182,413,FINAL (ENTRADA MANUAL)
67,4,1,94,59,0,122,12,0,0,0,78,136,36,14,11,0,0,12,71,53,0,12,9,0,6,1,14,0,0,0,0,121,287,521,FINAL (ENTRADA MANUAL)
67,4,2,80,48,1,120,21,0,0,0,69,121,28,21,20,0,0,11,66,43,0,20,17,0,4,0,12,1,0,0,0,107,270,521,FINAL (ENTRADA MANUAL)
67,4,3,74,51,1,129,24,0,0,2,63,129,41,20,18,1,0,9,57,46,1,17,17,1,3,1,15,0,0,0,0,123,281,521,FINAL (ENTRADA MANUAL)
67,4,4,94,49,1,101,23,0,0,0,77,119,24,17,22,0,0,9,70,42,0,16,14,3,4,2,5,1,0,0,0,111,268,521,FINAL (ENTRADA MANUAL)
67,4,5,90,45,0,135,28,0,0,0,66,139,38,18,25,0,0,12,59,44,0,14,18,2,3,0,11,0,0,0,0,147,298,521,FINAL (ENTRADA MANUAL)
67,4,6,84,49,1,97,16,1,0,1,68,117,29,11,15,0,0,9,62,42,0,8,11,1,2,1,8,0,1,0,0,114,250,521,FINAL (ENTRADA MANUAL)
67,4,7,88,36,0,111,14,1,0,0,73,115,24,16,13,2,1,6,69,34,0,16,10,3,1,0,6,0,0,0,0,111,250,521,FINAL (ENTRADA MANUAL)
67,4,8,86,49,0,114,23,1,1,0,72,129,20,21,18,0,0,14,61,43,0,18,17,2,3,0,13,0,0,0,0,117,274,520,FINAL (ENTRADA MANUAL)
67,5,1,60,46,0,43,9,0,0,0,48,80,9,9,7,0,0,5,45,44,0,9,5,0,2,0,4,0,0,0,0,49,158,400,FINAL (ENTRADA MANUAL)
67,5,2,60,43,1,56,9,0,0,0,53,76,15,12,7,0,0,6,44,42,1,10,5,0,2,0,1,0,0,0,0,64,169,400,FINAL (ENTRADA MANUAL)
67,6,1,114,60,0,80,10,0,0,0,100,98,21,18,12,0,0,15,95,56,0,13,6,0,4,1,3,0,1,0,0,86,265,728,FINAL (ENTRADA MANUAL)
67,6,2,99,70,0,77,13,0,1,1,91,105,13,16,13,0,0,23,72,57,0,13,9,1,2,0,4,0,2,0,0,103,263,728,FINAL (ENTRADA MANUAL)
67,6,3,97,67,0,89,6,1,0,1,82,114,24,18,7,0,0,16,77,62,0,18,4,2,1,0,2,0,1,0,1,95,263,729,FINAL (ENTRADA MANUAL)
67,7,1,105,63,0,92,13,1,0,1,93,122,16,13,16,0,1,14,86,52,0,10,12,1,4,0,6,0,0,0,0,104,275,719,FINAL (ENTRADA MANUAL)
67,7,2,111,85,0,85,13,1,0,0,99,147,13,11,8,0,0,17,90,79,0,11,6,0,1,0,5,1,0,0,0,102,295,719,FINAL (ENTRADA MANUAL)
67,72,1,132,29,0,13,5,1,1,1,130,39,5,2,5,1,0,0,120,28,0,2,5,0,1,0,3,0,0,0,3,23,185,0,FINAL (ENTRADA MANUAL)
67,72,2,13,2,0,0,0,0,0,0,13,2,0,0,0,0,0,0,13,2,0,0,0,0,0,0,0,0,0,0,0,0,15,0,FINAL (ENTRADA MANUAL)
67,72,3,563,80,0,85,13,0,6,0,547,129,16,24,8,0,3,20,530,75,0,21,8,7,4,0,3,1,0,1,3,98,747,0,FINAL (ENTRADA MANUAL)
67,72,4,67,16,0,10,9,0,0,1,60,22,2,4,9,0,0,6,58,14,0,3,8,1,0,0,2,0,1,1,0,17,105,0,FINAL (ENTRADA MANUAL)
67,72,5,146,29,0,18,8,0,0,1,138,50,1,1,6,0,0,6,130,28,0,1,6,1,0,0,1,0,0,0,2,35,204,0,FINAL (ENTRADA MANUAL)
67,72,6,28,2,0,4,0,0,0,0,27,4,0,3,0,0,0,0,26,2,0,3,0,0,0,0,0,0,1,0,0,3,35,0,FINAL (ENTRADA MANUAL)
67,72,7,75,11,0,10,1,0,0,0,72,14,3,4,1,0,1,2,70,10,0,4,1,0,1,0,0,0,0,1,0,11,98,0,FINAL (ENTRADA MANUAL)
67,72,8,23,6,0,2,0,0,0,0,22,7,2,0,0,0,0,0,22,6,0,0,0,0,0,0,0,0,3,0,0,3,34,0,FINAL (ENTRADA MANUAL)
67,72,9,78,8,1,6,2,0,1,0,80,12,0,1,2,0,0,1,77,6,0,1,2,0,2,0,0,0,0,0,1,8,97,0,FINAL (ENTRADA MANUAL)
67,72,10,1,1,0,0,0,0,0,0,1,1,0,0,0,0,0,0,1,1,0,0,0,0,0,0,0,0,0,0,0,0,2,0,FINAL (ENTRADA MANUAL)
67,72,11,1,0,0,0,0,0,0,0,1,0,0,0,0,0,0,0,1,0,0,0,0,0,0,0,0,0,0,0,0,0,1,0,FINAL (ENTRADA MANUAL)
67,72,12,0,0,0,0,0,0,0,0,0,0,0,0,0,0,0,0,0,0,0,0,0,0,0,0,0,0,0,0,0,0,0,0,FINAL (ENTRADA MANUAL)
67,72,13,22,9,0,1,0,0,0,0,22,8,0,1,0,0,0,1,18,8,0,1,0,0,0,0,0,0,0,0,0,5,32,0,FINAL (ENTRADA MANUAL)
67,73,1,255,735,1,62,10,0,2,6,214,729,7,18,9,0,0,94,190,654,1,16,7,1,5,0,5,0,0,0,0,192,1071,0,FINAL (ENTRADA MANUAL)
67,73,2,80,188,0,13,6,2,0,2,72,187,0,6,5,0,0,21,67,173,0,6,4,0,0,0,0,0,10,0,0,41,301,0,FINAL (ENTRADA MANUAL)
67,73,3,0,0,0,0,0,0,0,0,0,0,0,0,0,0,0,0,0,0,0,0,0,0,0,0,0,0,0,0,0,0,0,0,FINAL (ENTRADA MANUAL)
67,73,4,0,0,0,0,0,0,0,0,0,0,0,0,0,0,0,0,0,0,0,0,0,0,0,0,0,0,0,0,0,0,0,0,FINAL (ENTRADA MANUAL)
67,73,5,0,0,0,0,0,0,0,0,0,0,0,0,0,0,0,0,0,0,0,0,0,0,0,0,0,0,0,0,0,0,0,0,FINAL (ENTRADA MANUAL)
67,74,1,1,1,0,0,0,0,0,0,1,1,0,0,0,0,0,0,1,1,0,0,0,0,0,0,0,0,0,0,0,0,2,0,FINAL (ENTRADA MANUAL)
67,74,2,0,0,0,0,0,0,0,0,0,0,0,0,0,0,0,0,0,0,0,0,0,0,0,0,0,0,0,0,0,0,0,0,FINAL (ENTRADA MANUAL)
67,75,1,1,0,0,0,0,0,0,0,0,0,0,0,1,0,0,0,0,0,0,0,0,0,0,0,0,1,0,0,0,0,1,0,FINAL (ENTRADA MANUAL)
67,75,2,0,0,1,0,0,0,0,0,0,0,1,0,0,0,0,0,0,0,0,0,0,0,0,0,0,0,0,0,0,1,1,0,FINAL (ENTRADA MANUAL)
67,76,1,15,0,0,0,0,0,1,0,11,2,0,0,0,0,0,3,10,0,0,0,0,0,0,0,0,0,0,0,0,6,16,0,FINAL (ENTRADA MANUAL)
67,76,2,0,0,0,0,0,0,0,0,0,0,0,0,0,0,0,0,0,0,0,0,0,0,0,0,0,0,0,0,0,0,0,0,FINAL (ENTRADA MANUAL)
67,76,3,6,0,0,1,0,0,0,0,5,0,0,1,0,0,0,1,3,0,0,1,0,0,0,0,0,0,0,0,0,3,7,0,FINAL (ENTRADA MANUAL)
67,76,4,0,0,0,0,0,0,0,0,0,0,0,0,0,0,0,0,0,0,0,0,0,0,0,0,0,0,0,0,0,0,0,0,FINAL (ENTRADA MANUAL)
67,76,5,1,0,0,0,0,0,0,0,1,0,0,0,0,0,0,0,0,0,0,0,0,0,0,0,0,0,0,0,0,1,1,0,FINAL (ENTRADA MANUAL)
67,76,6,0,0,0,0,0,0,0,0,0,0,0,0,0,0,0,0,0,0,0,0,0,0,0,0,0,0,0,0,0,0,0,0,FINAL (ENTRADA MANUAL)
67,77,1,4,9,0,14,2,0,0,0,5,12,1,6,2,0,0,3,3,9,0,6,2,1,0,0,1,0,0,0,0,7,29,0,FINAL (ENTRADA MANUAL)
67,77,2,3,0,0,14,0,0,0,0,2,5,7,1,0,0,0,2,0,0,0,1,0,1,0,0,0,0,0,0,0,15,17,0,FINAL (ENTRADA MANUAL)
67,77,3,0,0,0,0,0,0,0,0,0,0,0,0,0,0,0,0,0,0,0,0,0,0,0,0,0,0,0,0,0,0,0,0,FINAL (ENTRADA MANUAL)
67,77,4,10,2,0,2,0,0,0,0,10,2,1,1,0,0,0,0,10,2,0,1,0,0,0,0,1,0,0,0,0,0,14,0,FINAL (ENTRADA MANUAL)
67,77,5,1,1,0,1,0,0,0,0,0,1,0,0,0,0,0,0,1,1,0,0,0,0,0,0,0,0,0,0,0,1,0,0,FINAL (ENTRADA MANUAL)
67,77,6,14,9,0,3,0,0,0,0,13,10,1,1,0,0,0,1,12,9,0,0,0,0,0,0,0,0,0,0,0,5,26,0,FINAL (ENTRADA MANUAL)
67,78,1,29,22,0,15,4,0,0,0,24,31,1,4,2,0,0,8,20,18,0,4,2,0,1,0,0,1,1,0,1,24,72,0,FINAL (ENTRADA MANUAL)
67,78,2,12,2,0,2,0,0,0,0,10,2,0,1,0,0,0,3,9,1,0,0,0,0,0,0,0,0,0,0,0,6,16,0,FINAL (ENTRADA MANUAL)
67,78,3,1,1,0,0,0,0,0,0,1,1,0,0,0,0,0,0,1,0,0,0,0,0,0,0,0,0,0,0,0,1,2,0,FINAL (ENTRADA MANUAL)
67,78,4,1,0,0,0,0,0,0,0,1,0,0,0,0,0,0,0,1,0,0,0,0,0,0,0,0,0,0,0,0,0,1,0,FINAL (ENTRADA MANUAL)
68,1,1,107,59,0,77,10,0,0,0,96,111,21,8,9,0,0,8,86,56,0,7,5,0,5,4,9,0,0,0,0,81,253,409,FINAL (ENTRADA MANUAL)
68,1,2,80,59,0,72,13,0,0,0,75,113,16,8,6,0,0,6,71,57,0,7,6,0,2,0,5,1,0,0,0,75,224,409,FINAL (ENTRADA MANUAL)
68,1,3,83,52,0,65,17,0,0,0,74,100,13,6,16,0,0,8,67,46,0,5,8,0,4,0,3,1,1,0,0,83,218,409,FINAL (ENTRADA MANUAL)
68,2,1,111,42,0,38,2,0,0,0,99,71,7,5,2,0,0,9,92,38,0,5,2,3,2,0,2,0,1,0,0,49,194,372,FINAL (ENTRADA MANUAL)
68,2,2,107,46,0,38,1,1,0,0,96,74,8,7,2,0,0,6,90,43,0,7,0,1,3,1,2,0,0,0,0,46,193,372,FINAL (ENTRADA MANUAL)
68,3,1,94,49,0,52,1,0,0,0,86,84,9,6,2,0,0,9,79,46,0,4,1,1,1,0,3,0,1,0,0,61,197,308,FINAL (ENTRADA MANUAL)
68,3,2,112,39,0,23,3,0,0,1,98,69,3,1,1,0,0,6,92,38,0,1,1,2,2,0,0,0,0,0,0,42,178,308,FINAL (ENTRADA MANUAL)
68,4,1,106,66,0,30,17,0,0,0,102,92,1,5,13,0,0,6,97,63,0,4,12,0,3,0,1,0,0,0,0,39,219,392,FINAL (ENTRADA MANUAL)
68,5,1,85,44,0,59,2,1,0,0,77,84,14,8,2,0,0,6,72,37,0,8,0,2,5,0,4,0,0,0,0,63,191,340,FINAL (ENTRADA MANUAL)
68,5,2,101,45,0,51,3,0,0,0,96,71,18,7,2,0,0,6,87,42,0,6,2,2,0,0,5,1,0,1,0,55,201,341,FINAL (ENTRADA MANUAL)
68,6,1,94,24,0,35,5,0,0,0,89,44,12,7,3,0,0,3,79,22,0,7,2,2,0,0,1,0,0,0,0,45,158,341,FINAL (ENTRADA MANUAL)
68,6,2,89,30,0,38,2,1,0,0,86,52,9,8,0,0,0,5,81,30,0,7,0,1,0,3,2,0,0,0,1,36,161,341,FINAL (ENTRADA MANUAL)
68,7,1,78,67,0,69,13,0,0,1,66,128,10,9,5,0,0,10,63,64,0,9,4,0,1,0,9,1,1,0,0,77,229,376,FINAL (ENTRADA MANUAL)
68,7,2,82,68,0,51,19,0,0,0,76,108,7,5,15,2,0,7,71,61,0,5,11,2,3,0,3,1,2,0,0,63,222,376,FINAL (ENTRADA MANUAL)
68,7,3,79,45,0,59,8,0,0,1,70,98,7,3,5,0,0,9,66,39,0,3,4,0,4,0,3,0,0,0,0,73,192,375,FINAL (ENTRADA MANUAL)
68,72,1,6,0,0,1,0,0,0,0,6,0,0,0,1,0,0,0,6,0,0,0,0,0,0,0,0,0,0,0,0,1,7,0,FINAL (ENTRADA MANUAL)
68,72,2,1,0,0,0,0,0,0,0,1,0,0,0,0,0,0,0,1,0,0,0,0,0,0,0,0,0,0,0,0,0,1,0,FINAL (ENTRADA MANUAL)
68,72,3,193,81,1,12,6,1,0,2,189,88,4,2,6,0,0,7,181,80,0,1,4,0,1,0,1,1,0,0,0,27,296,0,FINAL (ENTRADA MANUAL)
68,72,4,29,18,0,3,3,0,0,0,30,19,1,0,2,0,0,1,28,17,0,0,2,1,2,0,1,0,0,1,0,2,54,0,FINAL (ENTRADA MANUAL)
68,72,5,16,1,0,0,0,0,0,0,15,2,0,0,0,0,0,0,15,1,0,0,0,0,0,0,0,0,0,0,0,1,17,0,FINAL (ENTRADA MANUAL)
68,72,6,5,0,0,0,0,0,0,0,5,0,0,0,0,0,0,0,5,0,0,0,0,0,0,0,0,0,0,0,0,0,5,0,FINAL (ENTRADA MANUAL)
68,72,7,10,0,0,0,0,0,0,0,9,0,0,0,0,0,0,1,9,0,0,0,0,0,0,0,0,0,0,0,0,1,10,0,FINAL (ENTRADA MANUAL)
68,72,8,4,0,0,0,0,0,0,0,4,0,0,0,0,0,0,0,4,0,0,0,0,0,0,0,0,0,0,0,0,0,4,0,FINAL (ENTRADA MANUAL)
68,73,1,8,131,0,12,1,0,0,1,6,138,0,1,1,0,0,7,6,125,0,0,1,4,2,0,2,0,0,0,0,17,153,0,FINAL (ENTRADA MANUAL)
68,74,1,0,0,0,0,0,0,0,0,0,0,0,0,0,0,0,0,0,0,0,0,0,0,0,0,0,0,0,0,0,0,0,0,FINAL (ENTRADA MANUAL)
68,74,2,0,0,0,0,0,0,0,0,0,0,0,0,0,0,0,0,0,0,0,0,0,0,0,0,0,0,0,0,0,0,0,0,FINAL (ENTRADA MANUAL)
68,75,1,44,23,0,2,2,0,0,1,48,23,0,0,1,0,0,0,39,22,0,0,1,1,0,0,0,0,0,0,0,9,72,0,FINAL (ENTRADA MANUAL)
68,75,2,0,0,0,0,0,0,0,0,0,0,0,0,0,0,0,0,0,0,0,0,0,0,0,0,0,0,0,0,0,0,0,0,FINAL (ENTRADA MANUAL)
68,76,1,2,2,0,0,0,0,0,0,1,2,1,0,0,0,0,0,1,1,0,0,0,0,0,0,0,0,0,0,0,2,4,0,FINAL (ENTRADA MANUAL)
68,76,2,0,0,0,0,0,0,0,0,0,0,0,0,0,0,0,0,0,0,0,0,0,0,0,0,0,0,0,0,0,0,0,0,FINAL (ENTRADA MANUAL)
68,76,3,4,0,0,0,0,0,0,0,4,0,0,0,0,0,0,0,3,0,0,0,0,0,0,0,0,0,0,0,0,1,4,0,FINAL (ENTRADA MANUAL)
68,76,4,0,0,0,0,0,0,0,0,0,0,0,0,0,0,0,0,0,0,0,0,0,0,0,0,0,0,0,0,0,0,0,0,FINAL (ENTRADA MANUAL)
68,77,1,0,0,0,0,0,0,0,0,0,0,0,0,0,0,0,0,0,0,0,0,0,0,0,0,0,0,0,0,0,0,0,0,FINAL (ENTRADA MANUAL)
68,77,2,2,4,0,6,0,0,0,0,2,5,5,0,0,0,0,0,1,4,0,0,0,0,0,0,1,0,0,0,0,6,12,0,FINAL (ENTRADA MANUAL)
68,77,3,1,0,0,2,0,0,0,0,1,1,0,1,0,0,0,0,1,0,0,1,0,0,0,0,0,0,0,0,0,1,3,0,FINAL (ENTRADA MANUAL)
68,78,1,11,3,0,1,0,0,0,0,9,4,0,0,1,0,0,1,9,3,0,0,0,1,0,0,0,0,0,0,0,2,15,0,FINAL (ENTRADA MANUAL)
68,78,2,6,0,0,0,0,0,0,0,4,0,0,0,0,0,0,2,4,0,0,0,0,0,0,0,0,0,0,0,0,2,6,0,FINAL (ENTRADA MANUAL)
68,78,3,0,0,0,0,0,0,0,0,0,0,0,0,0,0,0,0,0,0,0,0,0,0,0,0,0,0,0,0,0,0,0,0,FINAL (ENTRADA MANUAL)
68,78,4,0,0,0,0,0,0,0,0,0,0,0,0,0,0,0,0,0,0,0,0,0,0,0,0,0,0,0,0,0,0,0,0,FINAL (ENTRADA MANUAL)
69,1,1,115,52,0,118,9,0,0,1,102,123,34,19,4,0,0,13,94,48,0,14,3,4,4,1,11,0,0,0,0,116,295,445,FINAL (ENTRADA MANUAL)
69,1,2,100,29,0,101,9,0,0,0,87,92,31,18,6,0,0,5,71,22,0,16,5,2,3,0,10,0,0,0,0,110,239,445,FINAL (ENTRADA MANUAL)
69,1,3,65,36,1,111,9,0,1,0,53,113,26,13,7,0,0,11,41,28,1,8,6,0,3,0,14,0,0,1,0,122,224,445,FINAL (ENTRADA MANUAL)
69,1,4,72,36,0,114,9,0,0,0,61,115,23,16,7,0,0,9,50,25,0,14,6,1,4,2,11,0,0,0,0,118,231,445,FINAL (ENTRADA MANUAL)
69,1,5,89,42,0,96,12,0,0,0,75,112,19,11,11,0,0,11,64,33,0,10,7,1,2,0,5,0,0,0,1,117,240,445,FINAL (ENTRADA MANUAL)
69,1,6,102,37,0,110,13,0,0,3,87,118,21,16,11,0,0,12,75,33,0,15,9,1,3,1,4,0,1,0,0,124,266,444,FINAL (ENTRADA MANUAL)
69,2,1,72,65,0,97,9,0,0,0,52,114,24,17,12,0,0,24,46,54,0,15,9,1,1,0,10,0,1,1,1,107,246,486,FINAL (ENTRADA MANUAL)
69,2,2,75,61,0,89,14,0,1,0,57,123,16,15,13,0,1,15,49,55,0,10,11,3,2,0,5,0,0,1,0,105,241,486,FINAL (ENTRADA MANUAL)
69,2,3,69,47,3,90,15,1,0,1,52,120,20,10,13,0,0,11,46,41,1,10,9,2,5,0,10,0,1,0,2,102,229,485,FINAL (ENTRADA MANUAL)
69,3,1,75,57,0,98,20,0,0,1,60,119,26,19,15,0,1,11,53,47,0,18,13,2,8,0,14,0,1,0,0,96,252,473,FINAL (ENTRADA MANUAL)
69,3,2,94,79,0,65,12,0,0,0,65,132,17,7,11,0,0,18,59,66,0,7,7,3,5,0,5,0,0,0,0,98,250,473,FINAL (ENTRADA MANUAL)
69,3,3,65,59,0,112,12,0,0,2,57,124,18,26,8,0,0,17,50,49,0,25,8,0,1,1,10,2,0,0,0,104,250,473,FINAL (ENTRADA MANUAL)
69,3,4,81,49,0,98,25,0,1,0,66,118,22,15,16,0,0,17,52,44,0,15,12,2,2,0,11,0,0,0,0,116,254,473,FINAL (ENTRADA MANUAL)
69,3,5,91,49,0,100,19,1,0,0,72,122,18,17,19,1,0,11,66,43,0,14,16,3,2,1,10,1,0,0,0,104,260,474,FINAL (ENTRADA MANUAL)
69,4,1,94,53,0,95,9,0,1,0,79,119,22,16,3,0,0,13,72,42,0,14,3,2,4,0,12,0,0,0,0,103,252,466,FINAL (ENTRADA MANUAL)
69,4,2,73,47,0,96,10,0,0,2,53,96,28,21,9,0,1,20,50,41,0,17,6,1,0,1,10,0,0,0,2,102,230,466,FINAL (ENTRADA MANUAL)
69,4,3,80,60,0,77,11,0,0,0,68,106,15,17,7,0,0,15,64,45,0,15,7,1,3,0,3,1,0,0,0,89,228,466,FINAL (ENTRADA MANUAL)
69,4,4,74,38,0,96,12,0,0,0,63,101,23,17,6,0,0,10,58,32,0,15,6,1,2,0,12,1,0,0,0,93,220,465,FINAL (ENTRADA MANUAL)
69,5,1,100,52,0,114,21,0,0,0,90,126,25,16,12,0,0,18,80,43,0,16,9,0,3,0,11,0,0,0,1,125,288,457,FINAL (ENTRADA MANUAL)
69,5,2,67,43,0,75,12,0,0,0,62,96,16,11,9,0,0,3,56,36,0,11,5,2,3,0,2,1,1,0,0,81,198,457,FINAL (ENTRADA MANUAL)
69,5,3,87,57,0,87,7,0,0,0,73,112,24,15,5,0,0,9,66,47,0,14,5,2,1,1,9,0,0,0,0,93,238,457,FINAL (ENTRADA MANUAL)
69,5,4,86,71,0,92,16,0,0,2,63,140,24,8,14,0,0,18,59,60,0,6,11,4,1,0,11,0,1,0,0,115,268,457,FINAL (ENTRADA MANUAL)
69,5,5,77,44,0,126,6,1,0,0,62,116,43,12,5,0,0,16,57,33,0,12,3,2,0,1,7,0,0,0,2,139,256,457,FINAL (ENTRADA MANUAL)
69,6,1,95,39,0,90,10,0,0,2,80,108,22,10,8,0,0,8,68,38,0,10,6,2,1,0,12,0,0,0,0,99,236,410,FINAL (ENTRADA MANUAL)
69,6,2,89,31,1,83,9,0,0,1,82,75,25,13,9,0,0,10,75,26,1,13,7,1,2,0,14,0,0,0,1,75,215,410,FINAL (ENTRADA MANUAL)
69,6,3,79,42,0,92,9,0,0,0,71,88,19,20,8,0,0,16,62,34,0,19,5,0,0,0,14,0,0,0,0,88,222,410,FINAL (ENTRADA MANUAL)
69,6,4,76,35,0,87,11,1,0,0,63,89,26,17,8,1,0,6,56,30,0,17,4,1,1,0,13,0,0,0,0,88,210,411,FINAL (ENTRADA MANUAL)
69,7,1,88,33,0,84,10,0,0,0,73,69,26,18,11,0,0,18,64,27,0,17,8,1,2,1,9,1,3,0,0,85,218,358,FINAL (ENTRADA MANUAL)
69,7,2,108,36,0,79,8,0,0,2,93,85,20,21,6,0,0,8,83,30,0,19,5,2,2,1,2,1,1,0,0,88,234,358,FINAL (ENTRADA MANUAL)
69,7,3,97,36,0,51,16,0,0,0,85,73,13,8,14,0,0,7,70,33,0,7,12,1,0,0,4,1,0,0,0,72,200,359,FINAL (ENTRADA MANUAL)
69,8,1,98,54,1,90,7,0,0,0,88,117,21,13,6,0,0,5,81,48,1,13,5,4,5,0,11,0,1,0,0,82,251,470,FINAL (ENTRADA MANUAL)
69,8,2,82,53,0,105,12,0,0,0,77,121,18,18,7,0,0,11,64,43,0,14,6,0,4,0,7,1,0,0,0,113,252,470,FINAL (ENTRADA MANUAL)
69,8,3,66,57,0,100,9,0,0,0,57,113,26,22,8,0,0,6,55,50,0,20,6,0,0,2,10,0,1,0,0,89,233,470,FINAL (ENTRADA MANUAL)
69,8,4,65,49,0,96,12,2,0,0,54,116,18,14,4,1,0,17,42,37,0,14,4,1,2,0,16,1,1,0,0,107,225,470,FINAL (ENTRADA MANUAL)
69,8,5,99,36,0,87,15,0,0,0,75,93,32,10,10,0,0,17,67,31,0,9,10,3,2,1,7,1,1,0,1,106,239,471,FINAL (ENTRADA MANUAL)
69,72,1,20,20,0,0,2,0,0,1,19,22,0,0,1,0,0,1,18,18,0,0,0,1,1,0,0,1,0,0,0,4,44,0,FINAL (ENTRADA MANUAL)
69,72,2,5,3,0,0,0,0,0,0,4,4,0,0,0,0,0,0,3,3,0,0,0,0,0,0,0,0,0,0,0,2,8,0,FINAL (ENTRADA MANUAL)
69,72,3,458,269,1,92,15,0,0,2,446,320,30,15,12,0,2,12,428,258,1,14,11,6,5,2,15,0,0,1,1,97,839,0,FINAL (ENTRADA MANUAL)
69,72,4,133,104,1,40,6,1,0,2,121,121,1,10,5,0,0,18,118,99,1,10,5,6,2,0,5,0,7,0,0,41,294,0,FINAL (ENTRADA MANUAL)
69,72,5,10,6,0,5,0,0,0,0,10,10,0,1,0,0,0,0,8,5,0,1,0,0,1,0,0,0,0,0,0,6,21,0,FINAL (ENTRADA MANUAL)
69,72,6,7,4,0,3,0,0,0,0,7,6,0,1,0,0,0,0,7,4,0,1,0,0,0,0,0,0,0,0,0,2,14,0,FINAL (ENTRADA MANUAL)
69,72,7,7,4,0,0,0,0,0,0,6,5,0,0,0,0,0,0,6,4,0,0,0,0,0,0,0,0,0,0,0,1,11,0,FINAL (ENTRADA MANUAL)
69,72,8,0,0,0,0,0,0,0,0,0,0,0,0,0,0,0,0,0,0,0,0,0,0,0,0,0,0,0,0,0,0,0,0,FINAL (ENTRADA MANUAL)
69,72,9,2,0,0,0,0,0,0,0,2,0,0,0,0,0,0,0,1,0,0,0,0,0,0,0,0,0,0,0,0,1,1,0,FINAL (ENTRADA MANUAL)
69,73,1,63,167,2,13,7,0,0,0,58,170,4,3,6,0,0,11,55,155,2,3,6,1,2,0,1,0,3,0,0,27,255,0,FINAL (ENTRADA MANUAL)
69,73,2,2,1,0,1,0,0,1,4,2,1,0,0,0,0,1,1,2,1,0,0,0,0,0,0,0,0,3,1,0,1,8,0,FINAL (ENTRADA MANUAL)
69,74,1,0,0,0,0,0,0,0,0,0,0,0,0,0,0,0,0,0,0,0,0,0,0,0,0,0,0,0,0,0,0,0,0,FINAL (ENTRADA MANUAL)
69,74,2,0,0,0,0,0,0,0,0,0,0,0,0,0,0,0,0,0,0,0,0,0,0,0,0,0,0,0,0,0,0,0,0,FINAL (ENTRADA MANUAL)
69,75,1,0,0,0,1,0,0,1,1,0,0,0,0,0,0,0,3,0,0,0,0,0,0,0,0,0,0,1,1,0,1,3,0,FINAL (ENTRADA MANUAL)
69,76,1,23,3,0,5,0,0,0,0,19,5,1,1,0,0,1,4,14,1,0,1,0,0,0,0,0,0,0,0,0,15,31,0,FINAL (ENTRADA MANUAL)
69,76,2,1,0,0,0,0,0,0,0,1,0,0,0,0,0,0,0,1,0,0,0,0,0,0,0,0,0,0,0,0,0,1,0,FINAL (ENTRADA MANUAL)
69,76,3,10,0,0,0,0,0,0,0,7,1,0,0,0,0,0,2,5,0,0,0,0,0,0,0,0,0,0,0,0,5,10,0,FINAL (ENTRADA MANUAL)
69,76,4,0,0,0,0,0,0,0,0,0,0,0,0,0,0,0,0,0,0,0,0,0,0,0,0,0,0,0,0,0,0,0,0,FINAL (ENTRADA MANUAL)
69,76,5,2,0,0,0,0,0,0,0,1,0,0,0,0,0,0,1,1,0,0,0,0,0,0,0,0,0,0,0,0,1,2,0,FINAL (ENTRADA MANUAL)
69,77,1,0,0,0,0,0,0,0,0,0,0,0,0,0,0,0,0,0,0,0,0,0,0,0,0,0,0,0,0,0,0,0,0,FINAL (ENTRADA MANUAL)
69,77,2,0,1,0,21,2,2,0,0,0,6,12,3,3,0,0,0,0,1,0,3,1,0,0,0,2,0,0,0,0,17,24,0,FINAL (ENTRADA MANUAL)
69,77,3,0,0,0,1,0,0,0,0,0,1,0,0,0,0,0,0,0,0,0,0,0,0,0,0,0,0,0,0,0,1,1,0,FINAL (ENTRADA MANUAL)
69,77,4,2,1,0,5,0,0,0,0,2,4,2,0,0,0,0,0,2,1,0,0,0,0,0,0,1,0,0,0,0,4,8,0,FINAL (ENTRADA MANUAL)
69,78,1,50,42,0,32,4,0,1,2,42,62,5,5,6,0,1,10,36,35,0,5,3,0,1,0,5,1,3,0,1,45,135,0,FINAL (ENTRADA MANUAL)
69,78,2,7,0,0,2,0,0,0,1,7,1,0,0,0,0,0,1,5,0,0,0,0,0,0,0,0,0,0,0,0,4,9,0,FINAL (ENTRADA MANUAL)
69,78,3,2,3,0,1,1,0,0,0,1,5,0,1,0,0,0,0,1,3,1,1,0,0,0,0,0,1,0,0,0,7,7,0,FINAL (ENTRADA MANUAL)
69,78,4,0,0,0,0,0,0,0,0,0,0,0,0,0,0,0,0,0,0,0,0,0,0,0,0,0,0,0,0,0,0,0,0,FINAL (ENTRADA MANUAL)
70,1,1,102,50,1,108,4,0,0,0,84,129,25,14,2,0,0,11,83,47,1,14,1,1,4,0,14,0,2,0,0,100,267,471,FINAL (ENTRADA MANUAL)
70,1,2,117,37,0,85,7,0,0,0,102,96,15,13,6,0,0,14,95,32,0,13,4,3,3,0,3,0,1,0,0,93,247,471,FINAL (ENTRADA MANUAL)
70,1,3,118,41,1,78,2,0,0,0,107,94,19,12,3,0,0,5,101,39,1,12,2,0,3,0,5,0,1,0,0,77,241,471,FINAL (ENTRADA MANUAL)
70,1,4,91,57,0,97,3,0,0,1,81,123,22,10,4,0,0,9,75,52,0,9,2,1,5,0,9,0,2,0,1,96,252,471,FINAL (ENTRADA MANUAL)
70,1,5,100,72,0,74,5,1,1,0,93,114,16,12,5,0,0,13,90,67,0,11,4,1,7,0,8,0,0,0,0,65,253,471,FINAL (ENTRADA MANUAL)
70,1,6,109,42,0,65,2,0,0,1,96,85,21,7,1,0,0,9,90,37,0,7,1,3,0,0,7,0,0,0,0,74,219,470,FINAL (ENTRADA MANUAL)
70,2,1,72,75,0,65,11,0,1,0,62,126,10,9,7,0,0,10,59,69,0,8,6,1,3,0,4,0,0,0,1,74,225,435,FINAL (ENTRADA MANUAL)
70,2,2,65,44,0,77,7,0,0,1,54,103,15,8,4,0,0,10,50,42,0,8,4,0,1,0,6,1,1,0,0,82,195,435,FINAL (ENTRADA MANUAL)
70,2,3,74,71,0,62,9,0,0,1,68,115,13,10,5,0,0,6,58,64,0,8,4,0,4,0,4,1,0,0,0,74,217,435,FINAL (ENTRADA MANUAL)
70,2,4,72,65,0,62,8,0,1,0,63,111,16,4,6,0,0,8,59,62,0,4,4,2,2,0,5,0,0,0,0,70,208,435,FINAL (ENTRADA MANUAL)
70,2,5,90,62,0,63,7,0,0,1,83,114,10,6,7,0,0,3,77,58,0,4,5,2,2,0,4,1,1,0,0,70,224,436,FINAL (ENTRADA MANUAL)
70,3,1,116,30,0,59,6,0,0,0,107,64,16,8,4,0,0,12,102,25,0,7,3,2,3,0,9,1,0,0,0,59,211,354,FINAL (ENTRADA MANUAL)
70,3,2,102,25,0,51,6,0,0,0,87,66,9,9,5,0,0,8,82,24,0,8,4,1,2,0,4,0,0,0,0,59,184,355,FINAL (ENTRADA MANUAL)
70,4,1,152,31,0,73,7,0,0,0,143,72,15,16,1,0,0,16,134,29,0,14,1,0,0,0,5,0,0,0,0,80,263,513,FINAL (ENTRADA MANUAL)
70,4,2,121,61,0,78,1,0,0,1,107,117,14,11,1,0,0,12,99,55,0,9,0,0,2,0,12,0,0,0,0,85,262,513,FINAL (ENTRADA MANUAL)
70,4,3,107,58,0,78,10,0,0,0,102,99,17,16,7,0,0,12,96,50,0,14,6,1,1,0,7,0,1,1,0,78,255,513,FINAL (ENTRADA MANUAL)
70,4,4,113,49,0,52,8,0,0,1,106,78,19,6,5,0,0,9,100,41,0,6,4,1,1,0,4,0,0,0,0,66,223,513,FINAL (ENTRADA MANUAL)
70,4,5,99,59,0,75,8,0,0,1,90,98,19,22,5,0,0,8,81,54,0,18,3,2,0,0,6,2,0,0,0,76,242,513,FINAL (ENTRADA MANUAL)
70,4,6,131,79,0,77,4,0,0,1,118,135,16,7,3,0,0,13,108,74,0,7,2,1,1,0,5,0,1,0,1,94,294,513,FINAL (ENTRADA MANUAL)
70,5,1,84,64,0,63,6,0,0,0,71,111,9,13,3,0,0,10,67,60,0,12,3,0,1,0,5,0,0,0,0,69,217,390,FINAL (ENTRADA MANUAL)
70,5,2,94,56,1,62,4,0,0,0,83,89,18,9,5,0,0,13,77,53,1,7,3,1,2,0,7,0,1,0,0,66,218,390,FINAL (ENTRADA MANUAL)
70,5,3,77,66,0,65,2,0,0,1,64,112,16,10,2,0,0,7,59,59,0,10,1,1,2,0,12,0,0,0,0,67,211,390,FINAL (ENTRADA MANUAL)
70,5,4,108,40,0,51,6,0,0,0,91,78,10,13,4,0,0,9,86,37,0,9,2,1,0,0,4,0,0,0,0,66,205,389,FINAL (ENTRADA MANUAL)
70,6,1,152,28,0,55,9,0,0,0,142,57,15,10,9,0,0,11,138,26,0,9,8,1,0,0,5,0,0,0,0,57,244,483,FINAL (ENTRADA MANUAL)
70,7,1,121,35,0,57,4,0,0,0,115,71,9,13,4,0,0,5,113,29,0,10,2,1,1,0,12,1,0,2,0,48,219,401,FINAL (ENTRADA MANUAL)
70,7,2,105,43,0,63,4,1,0,0,93,91,11,10,3,1,0,7,89,41,0,10,1,2,3,2,7,2,0,0,0,59,216,401,FINAL (ENTRADA MANUAL)
70,8,1,78,24,0,46,1,0,0,0,74,51,12,6,1,0,0,5,67,20,0,6,0,0,2,0,8,0,0,0,0,46,149,304,FINAL (ENTRADA MANUAL)
70,8,2,65,32,0,63,2,0,0,0,52,63,15,17,2,0,0,13,51,28,0,14,1,3,2,0,2,0,1,0,0,61,163,304,FINAL (ENTRADA MANUAL)
70,9,1,115,31,0,40,4,0,0,3,98,64,10,3,3,0,0,15,90,25,0,3,1,1,3,0,7,1,0,0,0,62,193,415,FINAL (ENTRADA MANUAL)
70,10,1,84,61,0,101,7,1,1,0,70,129,26,7,7,0,0,16,62,47,0,7,5,2,4,0,11,0,1,0,1,117,257,450,FINAL (ENTRADA MANUAL)
70,10,2,61,65,0,104,6,0,0,2,50,147,13,9,7,0,0,12,45,57,0,8,4,0,5,1,4,1,0,0,0,113,238,449,FINAL (ENTRADA MANUAL)
70,11,1,70,107,0,51,7,0,1,0,61,144,8,8,4,0,0,11,58,101,0,7,3,2,2,0,3,1,0,0,0,59,236,416,FINAL (ENTRADA MANUAL)
70,11,2,73,95,0,53,9,1,0,0,56,144,10,7,5,0,0,9,54,92,0,7,4,1,3,0,4,0,0,0,0,66,231,416,FINAL (ENTRADA MANUAL)
70,72,1,241,53,0,9,1,0,0,0,239,60,3,2,0,0,0,0,233,52,0,2,0,1,1,0,1,0,0,0,0,14,304,0,FINAL (ENTRADA MANUAL)
70,72,2,60,26,0,6,1,1,0,0,62,25,3,2,0,0,0,2,59,24,0,2,0,0,0,1,1,1,1,0,0,6,95,0,FINAL (ENTRADA MANUAL)
70,72,3,683,588,1,138,14,1,7,0,658,677,38,25,9,1,1,23,628,567,1,23,8,5,10,1,16,1,0,1,5,172,1438,0,FINAL (ENTRADA MANUAL)
70,72,4,97,78,0,14,0,0,0,1,97,83,4,4,0,0,0,2,96,77,0,4,0,2,0,8,5,0,1,0,0,4,191,0,FINAL (ENTRADA MANUAL)
70,72,5,34,29,0,3,0,0,0,0,33,31,1,0,0,0,0,0,33,29,0,0,0,0,0,0,0,0,0,0,0,4,66,0,FINAL (ENTRADA MANUAL)
70,72,6,4,5,0,0,0,0,0,0,4,5,0,0,0,0,0,0,4,5,0,0,0,0,0,0,0,0,0,0,0,0,9,0,FINAL (ENTRADA MANUAL)
70,72,7,1,0,0,0,0,0,0,0,1,0,0,0,0,0,0,0,1,0,0,0,0,0,0,0,0,0,0,0,0,0,1,0,FINAL (ENTRADA MANUAL)
70,72,8,0,0,0,0,0,0,0,0,0,0,0,0,0,0,0,0,0,0,0,0,0,0,0,0,0,0,0,0,0,0,0,0,FINAL (ENTRADA MANUAL)
70,72,9,49,16,0,8,1,0,2,0,47,23,1,4,1,0,0,0,46,16,0,2,1,0,3,0,1,0,0,0,0,7,76,0,FINAL (ENTRADA MANUAL)
70,72,10,5,1,0,0,0,0,0,0,5,1,0,0,0,0,0,0,5,1,0,0,0,0,0,0,0,0,0,0,0,0,6,0,FINAL (ENTRADA MANUAL)
70,73,1,6,42,0,6,0,0,0,0,4,43,3,1,0,0,0,3,4,40,0,1,0,0,0,1,3,0,0,0,0,5,54,0,FINAL (ENTRADA MANUAL)
70,73,2,0,2,0,0,0,0,0,0,0,1,0,0,0,0,0,1,0,1,0,0,0,0,0,0,0,0,1,0,0,1,3,0,FINAL (ENTRADA MANUAL)
70,74,1,0,4,0,1,0,0,0,0,0,5,0,0,0,0,0,0,0,4,0,0,0,0,0,0,0,0,0,0,0,1,5,0,FINAL (ENTRADA MANUAL)
70,74,2,0,0,0,0,0,0,0,0,0,0,0,0,0,0,0,0,0,0,0,0,0,0,0,0,0,0,0,0,0,0,0,0,FINAL (ENTRADA MANUAL)
70,75,1,0,0,0,0,0,0,0,0,0,0,0,0,0,0,0,0,0,0,0,0,0,0,0,0,0,0,0,0,0,0,0,0,FINAL (ENTRADA MANUAL)
70,76,1,16,4,0,2,0,0,0,0,11,6,0,1,0,0,0,4,11,3,0,0,0,0,0,0,0,0,1,0,0,8,23,0,FINAL (ENTRADA MANUAL)
70,76,2,0,0,0,0,0,0,0,0,0,0,0,0,0,0,0,0,0,0,0,0,0,0,0,0,0,0,0,0,0,0,0,0,FINAL (ENTRADA MANUAL)
70,76,3,4,1,0,0,0,0,1,0,3,1,0,0,1,0,0,1,2,1,0,0,0,0,0,0,0,0,0,0,0,3,6,0,FINAL (ENTRADA MANUAL)
70,76,4,0,0,0,0,0,0,0,0,0,0,0,0,0,0,0,0,0,0,0,0,0,0,0,0,0,0,0,0,0,0,0,0,FINAL (ENTRADA MANUAL)
70,77,1,2,2,0,8,0,0,0,0,2,3,5,1,0,0,0,1,1,1,0,1,0,1,0,0,3,0,0,0,0,5,12,0,FINAL (ENTRADA MANUAL)
70,77,2,3,2,0,10,0,0,0,0,3,3,8,3,0,0,0,0,3,1,0,1,0,0,0,0,2,0,0,0,0,8,15,0,FINAL (ENTRADA MANUAL)
70,77,3,1,0,0,1,0,0,0,0,1,0,1,0,0,0,0,0,1,0,0,0,0,0,0,0,0,0,0,0,0,1,2,0,FINAL (ENTRADA MANUAL)
70,78,1,17,12,0,3,0,0,0,0,17,15,0,0,0,0,0,0,17,11,0,0,0,0,0,0,0,0,0,0,0,4,35,0,FINAL (ENTRADA MANUAL)
70,78,2,6,1,0,1,0,0,0,0,4,2,0,1,0,0,0,1,3,0,0,1,0,0,0,0,0,0,0,0,0,4,8,0,FINAL (ENTRADA MANUAL)
70,78,3,2,0,0,2,0,0,0,0,2,1,1,0,0,0,0,0,2,0,0,0,0,0,0,0,0,0,0,0,0,2,4,0,FINAL (ENTRADA MANUAL)
70,78,4,2,0,0,0,0,0,0,0,2,0,0,0,0,0,0,0,2,0,0,0,0,0,0,0,0,0,0,0,0,0,2,0,FINAL (ENTRADA MANUAL)
71,1,1,130,33,0,86,17,2,0,0,122,98,18,11,12,0,0,7,112,32,0,10,10,3,7,0,8,0,1,0,0,86,269,483,FINAL (ENTRADA MANUAL)
71,1,2,159,23,0,76,8,0,0,0,147,72,19,11,7,0,0,10,138,23,0,11,4,2,1,0,5,1,0,0,0,81,266,483,FINAL (ENTRADA MANUAL)
71,1,3,126,41,0,111,9,1,0,4,121,108,33,15,8,0,0,7,112,37,0,13,5,3,0,2,18,1,0,0,0,101,292,483,FINAL (ENTRADA MANUAL)
71,1,4,136,29,0,82,5,0,0,0,117,80,29,11,5,1,0,9,107,25,0,8,3,6,3,1,11,0,0,1,0,88,253,482,FINAL (ENTRADA MANUAL)
71,2,1,101,45,0,72,10,0,0,1,93,100,19,7,4,0,0,6,85,45,0,7,3,3,4,0,8,1,0,0,0,73,229,400,FINAL (ENTRADA MANUAL)
71,2,2,127,29,0,64,6,0,1,0,109,82,13,12,2,0,0,9,104,28,0,12,2,1,2,0,8,0,1,0,0,70,228,400,FINAL (ENTRADA MANUAL)
71,2,3,101,34,1,68,9,0,0,0,91,78,16,11,8,0,0,9,84,30,0,10,5,1,0,0,9,0,0,1,0,74,214,400,FINAL (ENTRADA MANUAL)
71,2,4,105,32,0,70,4,0,0,0,98,72,20,12,3,0,0,6,90,30,0,10,2,5,1,0,9,1,1,1,0,63,213,399,FINAL (ENTRADA MANUAL)
71,72,1,26,3,0,2,0,0,0,0,25,3,1,1,0,0,0,1,25,3,0,1,0,0,0,0,1,0,0,0,0,1,31,0,FINAL (ENTRADA MANUAL)
71,72,2,6,0,0,1,0,0,0,0,6,0,0,1,0,0,0,0,6,0,0,1,0,0,0,0,0,0,0,0,0,0,7,0,FINAL (ENTRADA MANUAL)
71,72,3,248,78,0,26,3,2,0,0,235,95,8,6,3,0,0,10,226,75,0,6,2,2,1,0,3,2,0,0,2,40,359,0,FINAL (ENTRADA MANUAL)
71,72,4,60,23,0,4,1,0,0,0,59,26,0,1,1,0,0,1,58,23,0,1,1,1,0,0,0,0,0,0,0,4,88,0,FINAL (ENTRADA MANUAL)
71,72,5,17,3,0,4,0,0,0,0,16,6,1,1,0,0,0,0,16,3,0,1,0,0,0,0,0,0,0,0,0,4,24,0,FINAL (ENTRADA MANUAL)
71,72,6,3,2,0,0,0,0,0,0,3,2,0,0,0,0,0,0,3,2,0,0,0,0,0,0,0,0,0,0,0,0,5,0,FINAL (ENTRADA MANUAL)
71,72,7,13,1,0,0,0,0,0,0,13,1,0,0,0,0,0,0,12,1,0,0,0,0,0,0,0,0,0,0,0,1,14,0,FINAL (ENTRADA MANUAL)
71,72,8,2,0,0,0,0,0,0,0,2,0,0,0,0,0,0,0,2,0,0,0,0,0,0,0,0,0,0,0,0,0,2,0,FINAL (ENTRADA MANUAL)
71,72,9,11,0,0,2,1,0,0,0,10,1,1,1,0,0,0,1,10,0,0,1,0,0,0,0,0,0,0,1,0,3,14,0,FINAL (ENTRADA MANUAL)
71,72,10,2,0,0,0,0,0,0,0,2,0,0,0,0,0,0,0,2,0,0,0,0,0,0,0,0,0,0,0,0,0,2,0,FINAL (ENTRADA MANUAL)
71,73,1,5,5,0,1,0,0,0,0,5,4,0,1,0,0,0,1,4,4,0,1,0,0,0,0,0,0,0,0,0,2,11,0,FINAL (ENTRADA MANUAL)
71,73,2,0,0,0,0,0,0,0,0,0,0,0,0,0,0,0,0,0,0,0,0,0,0,0,0,0,0,0,0,0,0,0,0,FINAL (ENTRADA MANUAL)
71,74,1,0,0,0,0,0,0,0,0,0,0,0,0,0,0,0,0,0,0,0,0,0,0,0,0,0,0,0,0,0,0,0,0,FINAL (ENTRADA MANUAL)
71,74,2,0,0,0,0,0,0,0,0,0,0,0,0,0,0,0,0,0,0,0,0,0,0,0,0,0,0,0,0,0,0,0,0,FINAL (ENTRADA MANUAL)
71,75,1,0,0,0,0,0,0,0,0,0,0,0,0,0,0,0,0,0,0,0,0,0,0,0,0,0,0,0,0,0,0,0,0,FINAL (ENTRADA MANUAL)
71,75,2,0,0,0,0,0,0,0,0,0,0,0,0,0,0,0,0,0,0,0,0,0,0,0,0,0,0,0,0,0,0,0,0,FINAL (ENTRADA MANUAL)
71,76,1,2,0,0,0,0,0,0,0,1,0,0,0,0,0,0,1,1,0,0,0,0,0,0,0,0,0,0,0,0,1,2,0,FINAL (ENTRADA MANUAL)
71,76,2,0,0,0,0,0,0,0,0,0,0,0,0,0,0,0,0,0,0,0,0,0,0,0,0,0,0,0,0,0,0,0,0,FINAL (ENTRADA MANUAL)
71,76,3,0,0,0,3,0,0,0,0,2,1,0,0,0,0,0,0,0,0,0,0,0,1,0,0,1,0,0,0,0,2,3,0,FINAL (ENTRADA MANUAL)
71,77,1,0,0,0,0,0,0,0,0,0,0,0,0,0,0,0,0,0,0,0,0,0,0,0,0,0,0,0,0,0,0,0,0,FINAL (ENTRADA MANUAL)
71,77,2,0,0,0,0,0,0,0,0,0,0,0,0,0,0,0,0,0,0,0,0,0,0,0,0,0,0,0,0,0,0,0,0,FINAL (ENTRADA MANUAL)
71,77,3,0,0,0,1,0,0,0,0,0,0,1,0,0,0,0,0,0,0,0,0,0,0,0,0,0,0,0,0,0,1,1,0,FINAL (ENTRADA MANUAL)
71,78,1,7,0,0,2,0,0,0,0,7,1,1,0,0,0,0,0,6,0,0,0,0,0,0,0,1,0,0,0,0,2,9,0,FINAL (ENTRADA MANUAL)
71,78,2,1,0,0,0,0,0,0,0,1,0,0,0,0,0,0,0,1,0,0,0,0,0,0,0,0,0,0,0,0,0,1,0,FINAL (ENTRADA MANUAL)
71,78,3,2,0,0,0,0,0,0,0,2,0,0,0,0,0,0,0,1,0,0,0,0,0,0,0,0,0,0,0,0,1,2,0,FINAL (ENTRADA MANUAL)
71,78,4,1,0,0,0,0,0,0,0,1,0,0,0,0,0,0,0,1,0,0,0,0,0,0,0,0,0,0,0,0,0,1,0,FINAL (ENTRADA MANUAL)
72,1,1,112,58,0,49,2,0,0,1,93,88,10,11,1,0,0,19,92,49,0,9,0,3,3,0,6,0,1,0,0,60,223,394,FINAL (ENTRADA MANUAL)
72,1,2,96,46,0,39,2,0,0,0,84,75,7,8,1,0,0,8,81,41,0,7,1,1,2,0,2,0,2,0,0,48,185,394,FINAL (ENTRADA MANUAL)
72,2,1,99,29,0,41,7,1,0,0,90,53,11,5,6,0,0,12,84,24,0,3,4,2,1,0,3,1,0,0,1,55,178,343,FINAL (ENTRADA MANUAL)
72,2,2,111,24,0,34,6,1,1,0,97,50,8,5,5,1,0,11,86,20,0,5,3,2,0,0,6,1,1,0,0,54,178,343,FINAL (ENTRADA MANUAL)
72,2,3,100,30,0,41,7,0,0,0,93,54,8,11,8,0,0,4,86,26,0,9,5,1,0,0,3,0,0,0,0,48,178,342,FINAL (ENTRADA MANUAL)
72,3,1,111,48,0,65,13,0,0,0,105,91,15,11,8,0,0,7,100,40,0,11,7,3,1,2,10,1,0,0,0,62,237,384,FINAL (ENTRADA MANUAL)
72,3,2,94,39,0,79,17,0,0,0,79,92,21,14,13,0,0,10,70,33,0,14,12,4,1,1,6,2,0,0,0,86,229,384,FINAL (ENTRADA MANUAL)
72,3,3,117,42,0,69,13,1,0,0,107,82,15,15,9,0,0,14,93,37,0,14,6,4,3,0,9,0,0,1,0,76,243,384,FINAL (ENTRADA MANUAL)
72,4,1,103,30,2,42,11,0,0,0,89,58,11,14,9,0,0,7,85,28,2,12,8,3,1,0,7,1,0,0,0,41,188,383,FINAL (ENTRADA MANUAL)
72,4,2,96,37,0,42,3,3,0,1,88,67,9,10,4,0,0,4,81,30,0,9,3,0,1,0,4,0,1,0,0,54,183,383,FINAL (ENTRADA MANUAL)
72,4,3,107,21,0,36,4,0,0,0,94,42,12,8,4,0,0,8,86,19,0,8,2,2,0,0,4,0,0,0,0,47,168,382,FINAL (ENTRADA MANUAL)
72,5,1,100,58,0,84,10,2,0,0,83,117,19,18,5,0,0,12,75,51,0,17,5,3,4,0,8,1,1,0,2,90,257,483,FINAL (ENTRADA MANUAL)
72,5,2,92,43,1,93,15,0,0,0,76,110,18,15,9,0,0,16,71,40,1,13,7,1,5,0,11,0,0,0,0,95,244,483,FINAL (ENTRADA MANUAL)
72,5,3,111,45,1,86,12,1,1,1,97,101,25,9,10,0,2,14,89,42,1,7,8,2,3,1,9,0,0,0,0,96,258,483,FINAL (ENTRADA MANUAL)
72,5,4,121,46,0,76,14,0,0,0,112,99,16,10,12,0,0,8,95,42,0,10,9,1,2,0,7,0,1,0,0,91,258,483,FINAL (ENTRADA MANUAL)
72,5,5,101,53,1,83,13,0,0,0,83,117,21,11,9,0,0,10,76,45,0,10,7,1,2,0,7,1,0,0,1,102,252,481,FINAL (ENTRADA MANUAL)
72,6,1,106,47,0,67,8,1,0,0,91,90,15,16,5,1,0,11,85,43,0,15,5,1,2,0,5,1,0,0,0,72,229,408,FINAL (ENTRADA MANUAL)
72,6,2,82,47,0,67,8,0,0,0,73,94,15,11,2,0,0,9,67,42,0,9,2,1,1,0,12,3,2,0,0,67,206,408,FINAL (ENTRADA MANUAL)
72,6,3,104,38,0,73,5,0,0,1,93,76,20,16,5,0,0,11,84,32,0,14,4,0,3,0,7,0,0,0,0,77,221,408,FINAL (ENTRADA MANUAL)
72,6,4,89,44,0,76,12,1,0,0,79,93,20,12,6,0,0,12,74,36,0,10,3,0,3,0,7,1,1,0,0,88,223,408,FINAL (ENTRADA MANUAL)
72,6,5,107,35,0,76,5,0,0,0,94,84,10,17,6,0,0,12,87,28,0,16,4,1,2,0,1,1,0,0,1,83,224,407,FINAL (ENTRADA MANUAL)
72,7,1,131,51,0,68,2,0,0,0,111,103,19,5,4,0,0,10,103,44,0,4,1,3,3,0,6,0,1,0,0,88,253,460,FINAL (ENTRADA MANUAL)
72,7,2,92,49,0,74,6,0,0,0,74,100,17,14,3,0,0,13,66,39,0,13,2,5,1,0,8,0,0,0,0,87,221,460,FINAL (ENTRADA MANUAL)
72,7,3,89,61,0,63,12,0,0,0,77,98,21,11,8,0,0,10,66,54,0,7,8,2,3,0,6,0,0,0,0,79,225,460,FINAL (ENTRADA MANUAL)
72,7,4,110,41,0,76,13,0,0,1,99,83,16,15,11,0,0,17,92,39,0,14,10,2,1,0,7,0,0,1,0,76,242,459,FINAL (ENTRADA MANUAL)
72,8,1,114,42,0,59,14,0,1,0,97,84,17,9,12,0,0,11,91,38,0,9,11,1,0,0,2,0,0,0,0,78,230,422,FINAL (ENTRADA MANUAL)
72,8,2,131,36,2,56,15,0,0,0,117,76,20,6,12,0,0,9,110,28,0,6,9,3,2,0,5,0,1,0,0,77,241,422,FINAL (ENTRADA MANUAL)
72,8,3,103,52,0,60,15,0,0,0,92,92,19,10,9,0,0,8,86,48,0,10,8,2,2,0,6,0,0,0,0,68,230,422,FINAL (ENTRADA MANUAL)
72,8,4,120,47,0,57,11,0,0,0,104,76,18,16,9,0,0,12,97,38,0,15,7,1,0,1,5,0,0,0,0,71,235,422,FINAL (ENTRADA MANUAL)
72,8,5,95,47,0,66,12,0,0,0,83,93,16,13,10,0,0,5,77,40,0,13,9,2,1,0,6,0,0,0,0,72,220,422,FINAL (ENTRADA MANUAL)
72,8,6,115,27,1,55,17,0,1,0,97,61,13,9,17,0,1,0,84,26,1,7,14,0,1,0,7,0,0,0,0,81,216,420,FINAL (ENTRADA MANUAL)
72,9,1,83,43,0,90,14,0,0,0,72,97,25,16,14,0,0,6,69,40,0,16,11,1,1,0,12,0,1,0,0,80,231,388,FINAL (ENTRADA MANUAL)
72,9,2,69,34,0,78,11,0,0,0,55,94,18,8,11,0,0,6,53,30,0,8,6,2,4,0,3,0,2,0,0,86,194,388,FINAL (ENTRADA MANUAL)
72,9,3,79,29,0,80,9,0,0,0,63,83,14,19,4,0,0,14,56,21,0,14,2,2,1,1,3,0,1,0,0,97,198,387,FINAL (ENTRADA MANUAL)
72,10,1,84,57,0,80,9,0,0,0,75,105,24,8,9,0,0,9,72,53,0,7,8,3,1,0,6,0,0,1,1,80,232,439,FINAL (ENTRADA MANUAL)
72,10,2,109,46,0,70,10,0,0,0,100,96,23,5,8,0,0,3,93,43,0,4,5,5,1,2,3,0,1,0,0,79,236,439,FINAL (ENTRADA MANUAL)
72,10,3,95,70,1,78,3,0,0,0,86,114,17,17,3,0,0,10,80,61,1,16,1,0,3,0,6,0,1,0,0,79,248,439,FINAL (ENTRADA MANUAL)
72,10,4,91,36,0,78,12,0,0,0,80,85,14,17,8,0,0,13,78,29,0,14,6,1,1,0,8,0,3,0,0,80,220,439,FINAL (ENTRADA MANUAL)
72,11,1,91,66,0,87,7,0,0,0,76,126,15,17,5,0,1,11,67,63,0,16,2,1,3,0,7,1,1,0,0,91,252,474,FINAL (ENTRADA MANUAL)
72,11,2,96,49,0,80,11,0,0,0,77,104,11,9,6,0,0,29,69,41,0,9,5,1,4,0,7,0,0,0,0,6,236,474,FINAL (ENTRADA MANUAL)
72,11,3,109,63,0,66,15,0,0,1,85,107,10,21,13,0,0,18,81,59,0,18,12,1,1,0,3,0,0,0,1,79,255,474,FINAL (ENTRADA MANUAL)
72,11,4,104,45,0,74,6,0,0,0,85,87,18,18,6,0,0,15,78,40,0,16,5,1,3,0,5,1,0,0,0,80,229,473,FINAL (ENTRADA MANUAL)
72,72,1,384,65,0,22,5,0,0,2,377,79,9,2,5,0,0,6,359,64,0,2,3,2,0,0,8,0,0,0,0,40,478,0,FINAL (ENTRADA MANUAL)
72,72,2,87,18,0,1,0,0,0,0,85,17,1,0,0,0,0,3,81,17,0,0,0,0,1,0,0,0,0,0,0,7,106,0,FINAL (ENTRADA MANUAL)
72,72,3,462,106,0,40,18,0,0,3,453,133,14,6,14,0,0,9,425,93,0,5,14,8,0,0,6,0,0,0,0,78,629,0,FINAL (ENTRADA MANUAL)
72,72,4,79,36,0,12,2,0,0,0,75,41,5,3,2,0,0,3,74,33,0,3,1,0,0,0,5,0,3,0,0,13,132,0,FINAL (ENTRADA MANUAL)
72,72,5,40,2,0,0,0,0,0,0,38,4,0,0,0,0,0,0,38,2,0,0,0,1,0,0,0,0,0,0,0,1,42,0,FINAL (ENTRADA MANUAL)
72,72,6,8,3,0,0,0,0,0,0,7,4,0,0,0,0,0,0,6,2,0,0,0,0,0,0,0,0,0,0,0,3,11,0,FINAL (ENTRADA MANUAL)
72,72,7,5,1,0,0,0,0,0,0,4,1,0,0,0,0,0,1,4,1,0,0,0,0,0,0,0,0,0,0,0,1,6,0,FINAL (ENTRADA MANUAL)
72,72,8,3,0,0,0,0,0,0,0,3,0,0,0,0,0,0,0,3,0,0,0,0,0,0,0,0,0,0,0,0,0,3,0,FINAL (ENTRADA MANUAL)
72,72,9,1,0,0,0,0,0,0,0,1,0,0,0,0,0,0,0,1,0,0,0,0,0,0,0,0,0,0,0,0,0,1,0,FINAL (ENTRADA MANUAL)
72,72,10,0,0,0,0,0,0,0,0,0,0,0,0,0,0,0,0,0,0,0,0,0,0,0,0,0,0,0,0,0,0,0,0,FINAL (ENTRADA MANUAL)
72,72,11,51,8,0,7,4,0,0,2,52,14,2,1,2,0,0,1,45,8,0,1,2,1,1,0,1,0,0,0,0,13,72,0,FINAL (ENTRADA MANUAL)
72,72,12,9,1,0,2,0,0,0,0,9,1,1,1,0,0,0,0,8,1,0,1,0,0,0,0,1,0,0,0,0,1,12,0,FINAL (ENTRADA MANUAL)
72,73,1,128,241,0,11,3,1,0,1,117,253,4,0,0,0,0,11,111,227,0,0,0,1,4,0,1,1,3,0,0,40,385,0,FINAL (ENTRADA MANUAL)
72,73,2,0,0,0,0,0,0,0,0,0,0,0,0,0,0,0,0,0,0,0,0,0,0,0,0,0,0,0,0,0,0,0,0,FINAL (ENTRADA MANUAL)
72,73,3,21,38,0,1,0,0,0,0,20,39,0,1,0,0,0,0,20,37,0,1,0,0,1,0,0,0,0,0,0,1,60,0,FINAL (ENTRADA MANUAL)
72,74,1,0,1,0,0,0,0,0,0,0,1,0,0,0,0,0,0,0,1,0,0,0,0,0,0,0,0,0,0,0,0,1,0,FINAL (ENTRADA MANUAL)
72,74,2,0,0,0,0,0,0,0,0,0,0,0,0,0,0,0,0,0,0,0,0,0,0,0,0,0,0,0,0,0,0,0,0,FINAL (ENTRADA MANUAL)
72,75,1,0,0,0,0,0,0,0,0,0,0,0,0,0,0,0,0,0,0,0,0,0,0,0,0,0,0,0,0,0,0,0,0,FINAL (ENTRADA MANUAL)
72,75,2,2,1,0,0,0,0,0,0,2,1,0,0,0,0,0,0,2,1,0,0,0,0,0,0,0,0,0,0,0,0,3,0,FINAL (ENTRADA MANUAL)
72,76,1,9,1,0,0,0,0,0,0,7,1,0,0,0,0,0,2,6,1,0,0,0,0,0,0,0,0,0,0,0,3,10,0,FINAL (ENTRADA MANUAL)
72,76,2,0,0,0,0,0,0,0,0,0,0,0,0,0,0,0,0,0,0,0,0,0,0,0,0,0,0,0,0,0,0,0,0,FINAL (ENTRADA MANUAL)
72,76,3,5,0,0,0,0,0,0,0,5,0,0,0,0,0,0,0,4,0,0,0,0,0,0,0,0,0,0,0,0,1,5,0,FINAL (ENTRADA MANUAL)
72,76,4,0,0,0,0,0,0,0,0,0,0,0,0,0,0,0,0,0,0,0,0,0,0,0,0,0,0,0,0,0,0,0,0,FINAL (ENTRADA MANUAL)
72,76,5,1,1,0,0,0,0,0,0,1,1,0,0,0,0,0,0,1,1,0,0,0,0,0,0,0,0,0,0,0,0,2,0,FINAL (ENTRADA MANUAL)
72,76,6,1,0,0,0,0,0,0,0,1,0,0,0,0,0,0,0,1,0,0,0,0,0,0,0,0,0,0,0,0,0,1,0,FINAL (ENTRADA MANUAL)
72,77,1,2,2,0,5,0,0,0,0,2,2,5,0,0,0,0,0,1,1,0,0,0,0,0,0,1,0,0,0,0,6,9,0,FINAL (ENTRADA MANUAL)
72,77,2,3,1,1,13,0,0,0,0,3,6,7,0,0,0,0,0,3,0,0,0,0,0,1,1,0,0,0,0,0,11,16,0,FINAL (ENTRADA MANUAL)
72,77,3,0,0,0,3,0,0,0,0,0,1,1,1,0,0,0,0,0,0,0,1,0,0,0,0,1,0,0,0,0,1,3,0,FINAL (ENTRADA MANUAL)
72,77,4,4,0,0,0,0,0,0,0,4,0,0,0,0,0,0,0,3,0,0,0,0,0,0,0,0,0,0,0,0,1,4,0,FINAL (ENTRADA MANUAL)
72,78,1,21,6,0,4,0,0,0,1,17,7,2,0,0,0,0,6,13,4,0,0,0,0,0,0,0,0,0,0,0,15,32,0,FINAL (ENTRADA MANUAL)
72,78,2,9,5,0,0,0,0,0,0,5,4,0,0,0,0,0,5,4,3,0,0,0,0,0,0,0,0,0,0,0,7,14,0,FINAL (ENTRADA MANUAL)
72,78,3,5,4,0,0,0,0,0,0,5,4,0,0,0,0,0,0,4,3,0,0,0,0,0,0,0,0,0,0,0,2,9,0,FINAL (ENTRADA MANUAL)
72,78,4,2,0,0,0,0,0,0,0,2,0,0,0,0,0,0,0,2,0,0,0,0,0,0,0,0,0,0,0,0,0,2,0,FINAL (ENTRADA MANUAL)
73,1,1,108,61,0,56,13,0,0,0,99,92,19,5,13,0,0,10,92,54,0,5,6,1,1,0,13,0,0,1,0,66,239,448,FINAL (ENTRADA MANUAL)
73,1,2,127,55,0,47,5,1,0,0,107,89,15,5,4,0,0,15,102,46,0,5,4,1,2,1,2,0,0,0,0,72,235,448,FINAL (ENTRADA MANUAL)
73,2,1,111,38,0,77,2,0,0,0,95,88,23,15,1,0,0,6,89,36,0,14,1,1,3,0,11,0,0,0,0,73,228,478,FINAL (ENTRADA MANUAL)
73,2,2,124,47,0,70,5,2,0,0,115,85,26,6,5,0,0,11,108,46,0,5,3,2,2,0,14,0,0,0,0,68,248,478,FINAL (ENTRADA MANUAL)
73,2,3,100,43,0,103,7,0,0,0,93,110,23,14,3,0,0,10,87,38,0,13,2,2,1,0,6,1,0,0,0,103,253,478,FINAL (ENTRADA MANUAL)
73,2,4,113,58,0,82,7,1,1,0,111,94,30,14,8,0,0,5,98,49,0,12,4,2,3,0,10,0,0,0,0,84,262,478,FINAL (ENTRADA MANUAL)
73,2,5,110,47,0,83,6,0,0,0,102,102,17,11,3,0,0,11,94,43,0,9,3,2,1,0,9,1,0,0,0,84,246,478,FINAL (ENTRADA MANUAL)
73,2,6,127,45,0,74,9,0,0,1,117,95,19,15,4,0,0,6,108,38,0,12,4,0,3,0,10,1,0,0,0,80,256,480,FINAL (ENTRADA MANUAL)
73,3,1,65,63,0,73,11,0,1,0,59,110,25,5,7,0,0,7,55,58,0,4,6,0,3,1,4,0,1,0,0,82,214,446,FINAL (ENTRADA MANUAL)
73,3,2,91,68,0,84,7,0,0,0,83,123,15,17,6,0,0,6,77,64,0,17,3,2,2,1,10,0,0,0,0,74,250,446,FINAL (ENTRADA MANUAL)
73,3,3,69,56,0,106,9,0,0,1,65,111,24,18,8,1,0,14,59,50,0,17,6,1,7,0,10,0,0,0,0,91,241,446,FINAL (ENTRADA MANUAL)
73,3,4,80,61,0,90,10,0,0,0,70,108,24,16,8,0,0,15,61,57,0,15,5,1,3,0,7,0,0,0,0,92,241,446,FINAL (ENTRADA MANUAL)
73,3,5,70,71,0,91,9,0,0,1,62,127,28,8,6,0,0,11,55,64,0,7,4,1,2,0,7,2,0,0,0,100,242,447,FINAL (ENTRADA MANUAL)
73,4,1,103,54,1,83,6,0,0,1,95,99,30,13,3,0,0,8,87,48,1,13,3,3,2,0,14,0,3,0,0,77,251,448,FINAL (ENTRADA MANUAL)
73,4,2,114,64,0,66,9,0,0,0,110,94,19,15,9,0,0,6,103,60,0,14,7,1,3,0,8,0,0,0,0,57,253,449,FINAL (ENTRADA MANUAL)
73,5,1,97,52,1,48,9,0,0,0,89,85,12,9,6,0,0,6,82,48,0,8,5,3,6,1,2,1,0,0,0,51,207,382,FINAL (ENTRADA MANUAL)
73,5,2,76,68,1,71,6,0,0,0,67,121,13,9,0,0,0,12,65,55,1,9,0,0,2,1,9,0,1,0,0,80,223,382,FINAL (ENTRADA MANUAL)
73,5,3,77,53,0,66,17,0,0,1,68,108,12,9,10,0,0,7,67,47,0,8,9,0,2,0,5,2,0,0,0,74,214,382,FINAL (ENTRADA MANUAL)
73,5,4,79,58,1,76,9,0,0,0,62,105,16,16,6,0,0,18,61,54,1,16,5,0,1,1,12,1,2,0,0,71,225,382,FINAL (ENTRADA MANUAL)
73,6,1,93,73,0,84,8,0,0,0,78,129,19,17,7,0,0,8,68,69,0,17,5,0,2,0,8,1,0,0,0,88,258,426,FINAL (ENTRADA MANUAL)
73,6,2,115,63,0,61,16,0,0,2,104,108,13,13,14,0,0,5,99,60,0,13,13,1,2,0,3,1,0,0,1,65,258,426,FINAL (ENTRADA MANUAL)
73,6,3,100,60,0,70,12,0,0,0,91,104,21,6,9,0,0,11,87,54,0,6,7,0,2,1,8,1,2,0,0,76,244,426,FINAL (ENTRADA MANUAL)
73,6,4,109,48,0,63,12,1,0,0,101,95,13,9,8,0,0,7,97,44,0,8,5,0,3,0,4,1,1,0,0,71,234,426,FINAL (ENTRADA MANUAL)
73,6,5,70,90,0,57,22,0,0,0,59,129,6,13,18,0,0,14,54,80,0,12,15,4,2,0,3,1,1,0,1,68,241,426,FINAL (ENTRADA MANUAL)
73,6,6,99,57,0,76,9,0,0,0,92,93,20,14,8,1,0,13,85,49,0,12,5,3,2,1,9,0,0,0,0,75,241,427,FINAL (ENTRADA MANUAL)
73,7,1,88,61,0,82,6,0,0,0,74,107,23,15,5,1,0,12,69,56,0,14,4,1,1,1,8,1,0,0,0,82,237,369,FINAL (ENTRADA MANUAL)
73,7,2,67,56,0,99,10,0,0,0,62,123,22,14,7,0,0,4,53,47,0,11,4,0,1,1,8,0,0,0,0,107,232,369,FINAL (ENTRADA MANUAL)
73,7,3,66,47,1,98,8,0,0,0,54,121,21,12,5,0,0,7,46,41,0,10,4,0,3,0,14,1,1,0,0,101,221,369,FINAL (ENTRADA MANUAL)
73,7,4,59,53,0,98,12,0,0,0,53,115,25,15,9,0,0,5,48,45,0,14,7,3,2,1,14,0,1,0,0,88,223,368,FINAL (ENTRADA MANUAL)
73,8,1,88,54,0,77,3,1,0,0,76,105,23,10,2,1,0,6,72,50,0,9,2,0,1,1,5,0,2,0,0,83,225,411,FINAL (ENTRADA MANUAL)
73,8,2,81,65,0,86,1,0,0,1,69,118,28,14,0,0,0,5,67,56,0,11,0,1,4,1,9,1,0,0,0,84,234,411,FINAL (ENTRADA MANUAL)
73,8,3,86,41,1,81,7,0,0,1,78,82,28,10,10,0,0,9,71,36,0,8,7,1,2,0,7,0,0,0,0,85,217,412,FINAL (ENTRADA MANUAL)
73,9,1,93,64,0,81,10,0,0,0,71,116,25,15,12,0,0,9,66,61,0,14,10,1,2,1,11,0,0,0,0,82,248,458,FINAL (ENTRADA MANUAL)
73,9,2,83,51,0,122,8,0,0,1,74,124,32,20,6,0,0,9,67,43,0,15,5,0,4,0,18,1,0,0,0,112,265,458,FINAL (ENTRADA MANUAL)
73,9,3,72,67,0,117,7,0,0,2,63,135,38,11,4,0,0,14,57,57,0,10,4,2,6,0,10,1,0,0,0,118,265,458,FINAL (ENTRADA MANUAL)
73,9,4,76,54,0,113,10,0,0,0,59,142,23,15,7,0,0,7,53,50,0,11,4,2,6,1,18,1,0,0,0,107,253,458,FINAL (ENTRADA MANUAL)
73,9,5,88,58,0,113,10,0,0,1,76,115,37,21,6,1,0,14,74,56,0,18,5,2,4,2,16,1,0,0,1,92,271,458,FINAL (ENTRADA MANUAL)
73,9,6,71,44,0,151,9,0,0,1,63,140,29,31,6,0,0,7,60,41,0,27,5,0,4,1,13,0,2,0,0,125,279,460,FINAL (ENTRADA MANUAL)
73,10,1,118,35,1,55,5,0,0,1,112,63,17,14,5,0,0,4,102,33,1,13,4,3,1,0,6,0,0,0,0,52,215,457,FINAL (ENTRADA MANUAL)
73,10,2,118,44,0,66,7,0,0,0,99,97,18,7,4,0,0,10,94,42,0,6,2,2,3,1,7,0,1,0,0,78,236,457,FINAL (ENTRADA MANUAL)
73,10,3,124,44,0,82,6,0,0,1,110,97,23,16,6,0,0,5,107,40,0,14,4,1,3,1,5,0,1,0,0,82,258,457,FINAL (ENTRADA MANUAL)
73,10,4,131,43,2,52,4,0,1,0,120,80,15,7,3,0,0,8,114,41,2,5,3,1,4,0,4,0,1,0,0,59,234,457,FINAL (ENTRADA MANUAL)
73,10,5,117,44,0,69,9,0,0,0,100,96,14,16,7,0,0,6,94,38,0,16,4,5,1,1,7,0,1,0,0,73,240,456,FINAL (ENTRADA MANUAL)
73,72,1,34,6,0,9,0,0,0,0,33,10,6,0,0,0,0,0,32,6,0,0,0,0,1,0,5,0,0,0,0,5,49,0,FINAL (ENTRADA MANUAL)
73,72,2,30,16,0,2,0,0,0,0,30,16,2,0,0,0,0,0,30,15,0,0,0,0,0,0,1,0,0,0,0,2,48,0,FINAL (ENTRADA MANUAL)
73,72,3,807,63,0,63,21,3,0,1,783,114,20,7,12,1,0,21,760,58,0,7,11,11,10,2,14,2,0,0,1,83,959,0,FINAL (ENTRADA MANUAL)
73,72,4,216,41,0,31,4,0,0,1,209,54,11,8,1,0,0,10,207,40,0,8,1,1,1,0,9,0,0,0,1,26,294,0,FINAL (ENTRADA MANUAL)
73,72,5,3,2,0,0,0,0,0,0,3,2,0,0,0,0,0,0,3,2,0,0,0,0,0,0,0,0,0,0,0,0,5,0,FINAL (ENTRADA MANUAL)
73,72,6,9,1,0,1,0,0,1,0,9,1,1,0,0,0,0,0,9,1,0,0,0,0,0,0,1,0,0,1,0,0,12,0,FINAL (ENTRADA MANUAL)
73,72,7,46,5,0,3,2,0,0,0,44,8,1,0,3,0,1,0,43,5,0,0,2,2,1,0,0,0,0,0,1,3,57,0,FINAL (ENTRADA MANUAL)
73,72,8,7,3,0,0,0,0,0,0,7,3,0,0,0,0,0,0,6,3,0,0,0,0,0,0,0,0,0,0,0,1,10,0,FINAL (ENTRADA MANUAL)
73,72,9,61,8,0,2,0,1,0,0,60,10,2,0,0,0,0,0,58,8,0,0,0,2,0,0,0,1,0,0,0,3,72,0,FINAL (ENTRADA MANUAL)
73,72,10,8,2,0,0,0,0,0,0,8,1,0,0,0,0,0,1,8,1,0,0,0,0,0,0,0,0,0,0,0,1,10,0,FINAL (ENTRADA MANUAL)
73,72,11,0,0,0,0,0,0,0,0,0,0,0,0,0,0,0,0,0,0,0,0,0,0,0,0,0,0,0,0,0,0,0,0,FINAL (ENTRADA MANUAL)
73,72,12,0,0,0,1,0,0,0,0,0,0,1,0,0,0,0,0,0,0,0,0,0,0,0,0,1,0,2,0,0,0,3,0,FINAL (ENTRADA MANUAL)
73,73,1,35,542,0,55,9,1,0,2,28,565,10,8,8,0,0,25,27,516,0,8,8,1,4,1,6,0,0,0,0,73,644,0,FINAL (ENTRADA MANUAL)
73,73,2,0,0,0,0,0,0,0,0,0,0,0,0,0,0,0,0,0,0,0,0,0,0,0,0,0,0,0,0,0,0,0,0,FINAL (ENTRADA MANUAL)
73,73,3,0,0,0,0,0,0,0,0,0,0,0,0,0,0,0,0,0,0,0,0,0,0,0,0,0,0,0,0,0,0,0,0,FINAL (ENTRADA MANUAL)
73,73,4,7,80,0,4,1,0,0,0,7,83,0,0,1,0,0,1,7,79,0,0,1,0,1,0,0,0,6,1,0,4,99,0,FINAL (ENTRADA MANUAL)
73,74,1,0,2,0,0,0,0,0,0,0,1,0,0,0,0,0,1,0,1,0,0,0,0,0,0,0,0,0,0,0,1,2,0,FINAL (ENTRADA MANUAL)
73,74,2,0,0,0,0,0,0,0,0,0,0,0,0,0,0,0,0,0,0,0,0,0,0,0,0,0,0,0,0,0,0,0,0,FINAL (ENTRADA MANUAL)
73,75,1,2,1,0,0,0,0,0,0,2,1,0,0,0,0,0,0,2,1,0,0,0,0,0,0,0,0,0,0,0,0,3,0,FINAL (ENTRADA MANUAL)
73,75,2,0,1,0,0,0,0,0,0,0,1,0,0,0,0,0,0,0,1,0,0,0,0,0,0,0,0,1,0,0,0,2,0,FINAL (ENTRADA MANUAL)
73,75,3,0,0,0,0,0,0,0,0,0,0,0,0,0,0,0,0,0,0,0,0,0,0,0,0,0,0,0,0,0,0,0,0,FINAL (ENTRADA MANUAL)
73,76,1,13,4,0,1,0,0,0,0,11,4,0,0,0,0,0,3,9,3,0,0,0,0,0,0,0,0,0,0,0,6,18,0,FINAL (ENTRADA MANUAL)
73,76,2,0,0,0,0,0,0,0,0,0,0,0,0,0,0,0,0,0,0,0,0,0,0,0,0,0,0,0,0,0,0,0,0,FINAL (ENTRADA MANUAL)
73,76,3,4,0,0,0,0,0,0,0,3,0,0,0,0,0,0,1,3,0,0,0,0,0,0,0,0,0,0,0,0,1,4,0,FINAL (ENTRADA MANUAL)
73,77,1,2,1,0,6,0,0,0,0,2,2,4,0,0,1,0,0,2,1,0,0,0,0,0,0,4,0,0,0,0,2,9,0,FINAL (ENTRADA MANUAL)
73,77,2,0,0,0,0,0,0,0,0,0,0,0,0,0,0,0,0,0,0,0,0,0,0,0,0,0,0,0,0,0,0,0,0,FINAL (ENTRADA MANUAL)
73,77,3,2,3,0,25,0,0,0,1,2,12,13,2,0,0,0,2,2,3,0,2,0,0,2,0,3,0,0,0,0,19,31,0,FINAL (ENTRADA MANUAL)
73,78,1,33,20,0,8,1,0,0,2,32,28,2,1,0,0,0,1,32,20,0,1,0,0,0,0,3,0,1,0,0,8,65,0,FINAL (ENTRADA MANUAL)
73,78,2,10,1,0,2,0,0,0,0,6,3,0,0,0,0,0,4,5,1,0,0,0,0,1,0,0,0,0,0,0,6,13,0,FINAL (ENTRADA MANUAL)
73,78,3,3,1,0,2,1,0,0,0,2,3,0,1,1,0,0,0,2,1,0,1,0,0,0,0,0,0,0,0,0,3,7,0,FINAL (ENTRADA MANUAL)
73,78,4,4,0,0,0,0,0,0,0,4,0,0,0,0,0,0,0,4,0,0,0,0,0,0,0,0,0,0,0,0,0,4,0,FINAL (ENTRADA MANUAL)
74,1,1,93,41,0,86,3,0,0,1,85,92,13,17,4,0,0,13,79,39,0,17,2,1,0,0,2,0,1,0,0,84,225,403,FINAL (ENTRADA MANUAL)
74,1,2,97,52,0,92,3,0,0,0,84,118,15,11,3,0,0,13,78,47,0,10,2,1,3,0,3,0,0,0,0,100,244,403,FINAL (ENTRADA MANUAL)
74,1,3,109,44,0,89,5,0,0,0,92,107,15,16,6,0,0,11,82,39,0,12,2,1,4,0,5,0,1,0,1,102,249,403,FINAL (ENTRADA MANUAL)
74,1,4,86,75,0,79,2,0,0,0,72,124,21,9,2,0,0,14,64,63,0,9,1,2,3,0,6,0,0,0,0,94,242,403,FINAL (ENTRADA MANUAL)
74,1,5,85,58,0,92,7,0,0,1,72,115,28,10,7,0,0,11,64,52,0,9,7,1,5,0,7,0,0,0,0,98,243,401,FINAL (ENTRADA MANUAL)
74,2,1,109,53,0,54,14,0,0,0,102,78,18,11,9,0,0,12,92,48,0,8,8,0,1,1,7,1,1,1,0,64,232,402,FINAL (ENTRADA MANUAL)
74,2,2,100,54,1,53,14,0,0,0,92,90,12,9,12,0,0,7,91,51,1,9,8,1,2,0,6,0,2,0,0,53,224,401,FINAL (ENTRADA MANUAL)
74,3,1,135,62,0,60,4,0,0,0,120,98,17,9,4,1,0,12,114,60,0,8,2,2,0,1,4,0,0,0,0,70,261,500,FINAL (ENTRADA MANUAL)
74,3,2,123,90,1,54,4,0,0,0,103,126,18,6,4,0,0,15,100,87,1,4,4,1,5,0,4,0,1,0,0,66,273,501,FINAL (ENTRADA MANUAL)
74,4,1,55,80,1,85,8,0,0,1,49,118,29,11,6,0,0,17,45,74,0,11,4,0,1,0,19,0,0,0,1,76,231,380,FINAL (ENTRADA MANUAL)
74,4,2,55,65,0,79,11,0,0,0,46,113,16,12,8,0,0,15,42,62,0,10,8,0,12,0,12,0,0,0,0,64,210,380,FINAL (ENTRADA MANUAL)
74,5,1,123,62,0,83,6,0,0,1,111,106,20,17,9,0,0,12,101,60,0,15,4,1,1,0,13,2,0,1,0,78,276,498,FINAL (ENTRADA MANUAL)
74,5,2,114,73,1,102,11,0,0,1,106,122,31,19,11,0,0,13,98,69,1,19,8,2,2,0,13,0,1,0,0,90,303,499,FINAL (ENTRADA MANUAL)
74,6,1,98,53,1,56,13,0,0,0,90,83,20,10,10,1,0,7,82,45,1,9,8,3,0,1,10,0,1,0,0,62,222,388,FINAL (ENTRADA MANUAL)
74,6,2,84,44,0,47,9,0,0,0,64,90,8,4,8,0,0,10,59,41,0,3,6,2,2,0,3,1,0,0,0,67,184,388,FINAL (ENTRADA MANUAL)
74,6,3,74,69,0,62,6,0,0,1,65,110,9,9,4,0,0,15,60,61,0,9,4,0,3,0,3,0,0,0,0,72,212,389,FINAL (ENTRADA MANUAL)
74,7,1,121,39,0,52,3,0,0,0,107,75,13,9,2,0,0,9,100,37,0,9,2,1,4,0,4,0,1,0,0,58,216,414,FINAL (ENTRADA MANUAL)
74,7,2,102,51,0,40,6,2,0,0,93,77,6,10,4,0,0,11,84,44,0,8,3,1,3,0,1,0,0,0,0,57,201,414,FINAL (ENTRADA MANUAL)
74,8,1,79,91,0,74,2,0,0,0,61,141,11,9,4,0,0,20,58,86,0,8,2,3,5,0,4,0,1,0,0,80,247,406,FINAL (ENTRADA MANUAL)
74,8,2,92,76,0,71,6,0,0,1,77,123,10,16,3,0,0,17,71,67,0,15,1,1,2,0,4,2,0,0,1,83,247,406,FINAL (ENTRADA MANUAL)
74,8,3,97,43,0,64,6,0,0,0,89,88,8,11,5,0,0,9,84,37,0,11,4,1,1,0,4,0,0,0,0,68,210,406,FINAL (ENTRADA MANUAL)
74,9,1,114,73,0,82,4,0,1,0,106,119,18,16,4,0,0,11,103,69,0,15,2,2,1,1,11,1,0,0,0,69,274,522,FINAL (ENTRADA MANUAL)
74,9,2,118,74,1,66,4,0,0,1,97,118,19,8,3,0,0,19,91,67,1,7,3,1,4,0,9,0,1,0,0,81,265,522,FINAL (ENTRADA MANUAL)
74,9,3,99,116,0,53,12,0,0,1,92,144,14,10,9,0,0,12,84,103,0,9,9,0,2,1,5,1,0,0,0,67,281,523,FINAL (ENTRADA MANUAL)
74,10,1,70,51,1,44,2,0,0,1,62,75,8,13,0,0,0,11,52,47,1,12,0,0,0,0,4,0,0,0,0,53,169,263,FINAL (ENTRADA MANUAL)
74,10,2,78,35,0,58,5,0,0,0,69,67,18,10,2,0,0,10,63,33,0,8,1,0,0,0,5,0,1,0,0,66,177,263,FINAL (ENTRADA MANUAL)
74,11,1,92,52,0,55,6,0,0,1,81,91,8,8,6,0,0,12,72,46,0,8,5,3,3,0,9,0,0,0,0,60,206,349,FINAL (ENTRADA MANUAL)
74,11,2,75,57,0,57,6,0,0,0,67,83,17,12,5,0,1,10,65,54,0,11,4,1,6,1,5,0,0,0,0,48,195,349,FINAL (ENTRADA MANUAL)
74,11,3,86,65,0,67,4,0,1,0,75,112,10,7,5,0,0,14,71,59,0,6,4,2,3,0,6,1,1,0,0,71,224,349,FINAL (ENTRADA MANUAL)
74,72,1,291,30,0,7,2,2,0,0,282,39,2,1,2,0,0,6,276,29,0,1,2,6,0,0,0,0,0,0,0,18,332,0,FINAL (ENTRADA MANUAL)
74,72,2,75,9,0,1,1,0,0,0,74,10,1,0,1,0,0,0,74,9,0,0,1,0,0,0,1,0,0,0,0,1,86,0,FINAL (ENTRADA MANUAL)
74,72,3,167,46,0,22,5,0,0,0,163,63,5,1,3,0,0,5,159,42,0,0,3,1,0,1,7,1,0,0,0,26,240,0,FINAL (ENTRADA MANUAL)
74,72,4,32,6,0,12,1,0,0,0,27,13,7,1,0,0,0,2,27,6,0,1,0,0,0,0,3,0,0,0,0,14,51,0,FINAL (ENTRADA MANUAL)
74,72,5,31,2,0,2,0,0,0,0,29,3,0,1,0,0,0,2,29,2,0,1,0,0,0,0,0,0,2,0,0,3,35,0,FINAL (ENTRADA MANUAL)
74,72,6,3,1,0,0,0,0,0,0,3,1,0,0,0,0,0,0,3,1,0,0,0,0,0,0,0,0,0,0,0,0,4,0,FINAL (ENTRADA MANUAL)
74,72,7,8,1,0,0,0,0,0,0,8,1,0,0,0,0,0,0,8,1,0,0,0,0,0,0,0,0,0,0,0,0,9,0,FINAL (ENTRADA MANUAL)
74,72,8,4,0,0,0,0,0,0,0,3,0,0,0,0,0,0,1,3,0,0,0,0,0,0,0,0,0,0,0,0,1,4,0,FINAL (ENTRADA MANUAL)
74,72,9,32,3,0,2,0,0,0,0,31,3,1,1,0,0,0,1,30,3,0,1,0,0,0,0,0,0,0,0,0,3,37,0,FINAL (ENTRADA MANUAL)
74,72,10,3,4,0,1,0,0,0,0,3,4,1,0,0,0,0,0,3,4,0,0,0,0,0,0,1,0,0,0,0,0,8,0,FINAL (ENTRADA MANUAL)
74,73,1,55,385,0,15,0,0,0,0,44,375,2,2,0,0,0,32,40,355,0,2,0,2,0,0,1,0,0,0,0,55,455,0,FINAL (ENTRADA MANUAL)
74,73,2,0,0,0,0,0,0,0,0,0,0,0,0,0,0,0,0,0,0,0,0,0,0,0,0,0,0,0,0,0,0,0,0,FINAL (ENTRADA MANUAL)
74,73,3,0,4,0,0,0,0,0,0,0,4,0,0,0,0,0,0,0,4,0,0,0,0,0,0,0,0,6,0,0,0,10,0,FINAL (ENTRADA MANUAL)
74,74,1,0,0,0,0,0,0,0,0,0,0,0,0,0,0,0,0,0,0,0,0,0,0,0,0,0,0,0,0,0,0,0,0,FINAL (ENTRADA MANUAL)
74,74,2,0,0,0,0,0,0,0,0,0,0,0,0,0,0,0,0,0,0,0,0,0,0,0,0,0,0,0,0,0,0,0,0,FINAL (ENTRADA MANUAL)
74,75,1,0,0,0,0,0,0,0,0,0,0,0,0,0,0,0,0,0,0,0,0,0,0,0,0,0,0,0,0,0,0,0,0,FINAL (ENTRADA MANUAL)
74,76,1,15,1,0,1,0,0,0,0,12,2,0,1,0,0,0,2,10,1,0,0,0,0,0,0,0,0,1,0,0,6,18,0,FINAL (ENTRADA MANUAL)
74,76,2,1,0,0,0,0,0,0,0,1,0,0,0,0,0,0,0,1,0,0,0,0,0,0,0,0,0,0,0,0,0,1,0,FINAL (ENTRADA MANUAL)
74,76,3,2,0,0,0,0,0,0,0,2,0,0,0,0,0,0,0,1,0,0,0,0,0,0,0,0,0,0,0,0,1,2,0,FINAL (ENTRADA MANUAL)
74,76,5,0,0,0,1,0,0,0,0,0,1,0,0,0,0,0,0,0,0,0,0,0,0,0,0,0,0,0,0,0,1,1,0,FINAL (ENTRADA MANUAL)
74,76,6,1,0,0,0,0,0,0,0,1,0,0,0,0,0,0,0,1,0,0,0,0,0,0,0,0,0,0,0,0,1,1,0,FINAL (ENTRADA MANUAL)
74,77,1,0,0,0,0,0,0,0,0,0,0,0,0,0,0,0,0,0,0,0,0,0,0,0,0,0,0,0,0,0,0,0,0,FINAL (ENTRADA MANUAL)
74,77,2,4,1,0,9,1,0,0,0,4,4,5,1,1,0,0,0,4,1,0,1,1,0,1,0,2,0,0,0,0,5,15,0,FINAL (ENTRADA MANUAL)
74,77,3,2,0,0,1,0,0,0,0,2,0,0,1,0,0,0,0,2,0,0,1,0,0,0,0,0,0,0,0,0,0,3,0,FINAL (ENTRADA MANUAL)
74,78,1,35,38,0,32,7,0,0,0,31,62,4,4,4,0,0,7,28,38,0,4,3,0,1,0,4,0,0,0,0,34,112,0,FINAL (ENTRADA MANUAL)
74,78,2,7,2,0,0,1,0,0,0,3,3,0,0,1,0,0,3,3,1,0,0,0,0,0,0,0,0,0,0,0,6,10,0,FINAL (ENTRADA MANUAL)
74,78,3,1,1,0,0,0,0,0,0,1,1,0,0,0,0,0,0,1,1,0,0,0,0,0,0,0,0,0,0,0,0,2,0,FINAL (ENTRADA MANUAL)
74,78,4,0,0,0,0,0,0,0,0,0,0,0,0,0,0,0,0,0,0,0,0,0,0,0,0,0,0,0,0,0,0,0,0,FINAL (ENTRADA MANUAL)
75,1,1,85,72,0,86,18,0,0,1,71,130,24,9,12,0,0,16,66,56,0,8,12,1,1,0,8,1,0,0,0,109,262,491,FINAL (ENTRADA MANUAL)
75,1,2,105,65,0,76,20,1,0,3,86,130,27,3,13,0,0,11,74,57,0,3,12,1,1,0,11,2,2,0,0,109,272,491,FINAL (ENTRADA MANUAL)
75,1,3,94,86,0,77,14,0,0,0,76,142,18,12,10,1,0,12,71,73,0,10,7,4,2,0,2,2,0,0,0,100,271,491,FINAL (ENTRADA MANUAL)
75,1,4,110,60,0,60,17,0,0,0,102,110,8,10,10,0,0,7,86,50,0,8,5,2,1,0,3,2,1,0,0,90,248,492,FINAL (ENTRADA MANUAL)
75,2,1,96,52,0,110,12,0,0,1,91,129,27,16,7,0,0,1,84,50,0,14,6,3,2,1,8,0,0,0,0,103,271,407,FINAL (ENTRADA MANUAL)
75,2,2,101,47,0,115,11,0,0,0,87,127,25,15,11,0,0,9,76,40,0,11,9,2,7,1,16,0,0,0,0,112,274,407,FINAL (ENTRADA MANUAL)
75,2,3,90,46,0,109,17,0,0,1,84,110,36,9,12,0,0,12,73,39,0,7,10,0,0,2,6,2,1,0,0,124,264,407,FINAL (ENTRADA MANUAL)
75,3,1,62,98,1,55,3,0,0,0,48,144,10,6,0,0,0,11,43,83,1,6,0,0,1,0,6,0,0,0,0,79,219,435,FINAL (ENTRADA MANUAL)
75,3,2,85,64,0,45,2,0,1,1,70,95,9,12,2,0,0,10,65,53,0,10,1,3,0,0,1,0,0,0,2,65,200,435,FINAL (ENTRADA MANUAL)
75,3,3,66,81,0,49,7,0,1,0,47,122,12,4,7,0,0,12,44,74,0,4,4,0,1,0,7,1,0,0,0,69,204,436,FINAL (ENTRADA MANUAL)
75,4,1,69,94,0,78,8,0,0,3,59,151,14,12,5,3,0,8,52,83,0,10,3,1,4,0,4,0,0,0,0,95,252,480,FINAL (ENTRADA MANUAL)
75,4,2,97,86,0,73,7,0,0,0,90,128,13,13,4,0,3,12,81,78,0,13,4,0,0,0,5,0,1,0,0,82,264,480,FINAL (ENTRADA MANUAL)
75,4,3,89,80,0,69,11,0,0,0,77,121,21,7,12,0,0,11,67,74,0,6,10,1,2,0,4,0,0,0,0,85,249,480,FINAL (ENTRADA MANUAL)
75,4,4,72,118,0,56,9,0,0,0,62,160,4,12,8,0,0,9,57,108,0,12,7,0,4,0,2,1,2,0,0,64,257,480,FINAL (ENTRADA MANUAL)
75,5,1,105,53,1,107,15,0,0,0,87,139,22,8,14,0,0,11,80,45,1,8,13,2,6,0,16,0,0,0,1,110,282,501,FINAL (ENTRADA MANUAL)
75,5,2,108,66,1,96,15,0,0,0,94,133,21,14,13,0,0,11,85,61,0,14,11,1,5,0,8,2,0,0,0,99,286,501,FINAL (ENTRADA MANUAL)
75,5,3,94,64,0,106,7,0,0,1,79,140,20,16,7,0,0,10,77,62,0,15,4,1,8,1,10,0,0,0,0,94,272,501,FINAL (ENTRADA MANUAL)
75,5,4,104,59,0,94,11,0,0,0,93,123,21,13,7,0,0,11,89,57,0,10,6,1,8,0,5,1,2,0,0,91,270,501,FINAL (ENTRADA MANUAL)
75,5,5,104,58,0,114,15,0,0,0,93,132,28,17,8,0,0,13,87,48,0,15,6,0,2,0,1,0,0,1,0,132,292,499,FINAL (ENTRADA MANUAL)
75,6,1,106,56,0,97,14,0,0,0,90,132,21,11,6,0,0,13,81,51,0,11,4,1,2,1,11,2,1,1,0,109,275,474,FINAL (ENTRADA MANUAL)
75,6,2,87,55,1,95,8,0,0,0,79,128,13,12,6,0,0,8,73,50,0,11,5,1,6,0,8,0,0,0,0,92,246,474,FINAL (ENTRADA MANUAL)
75,6,3,111,74,1,79,11,0,0,0,103,114,30,9,9,0,0,11,92,64,0,9,6,1,4,0,16,1,1,0,0,83,277,475,FINAL (ENTRADA MANUAL)
75,7,1,74,90,0,76,9,0,0,0,65,142,17,10,8,0,0,7,57,84,0,10,8,0,3,0,4,0,0,0,0,83,249,416,FINAL (ENTRADA MANUAL)
75,7,2,73,75,0,77,12,0,0,0,62,129,19,8,8,0,0,11,59,66,0,8,7,3,3,1,10,0,0,0,1,80,238,416,FINAL (ENTRADA MANUAL)
75,7,3,78,70,0,62,9,1,0,1,67,109,12,10,5,0,0,18,63,56,0,8,3,1,2,0,9,0,0,0,0,79,221,416,FINAL (ENTRADA MANUAL)
75,7,4,64,82,1,67,7,0,0,3,58,134,13,6,7,0,0,6,57,75,0,5,5,1,5,0,10,0,1,0,0,66,225,417,FINAL (ENTRADA MANUAL)
75,8,1,71,52,0,54,4,1,0,0,59,87,14,9,5,0,0,8,54,51,0,9,3,3,5,1,6,0,1,0,0,50,183,413,FINAL (ENTRADA MANUAL)
75,8,2,73,61,0,66,8,0,0,0,67,100,11,12,7,0,0,11,58,57,0,10,6,2,4,1,2,1,0,0,0,67,208,413,FINAL (ENTRADA MANUAL)
75,9,1,101,80,1,50,5,0,0,0,85,121,11,9,2,0,0,9,81,75,1,8,1,4,2,0,3,3,0,0,0,59,237,514,FINAL (ENTRADA MANUAL)
75,9,2,102,75,0,52,1,0,1,0,96,104,15,4,0,0,1,11,86,70,0,4,0,1,1,1,2,0,2,0,0,66,233,513,FINAL (ENTRADA MANUAL)
75,10,1,69,53,0,36,8,0,0,0,56,79,10,1,8,0,0,12,52,46,0,0,6,1,1,0,7,0,0,1,0,53,167,299,FINAL (ENTRADA MANUAL)
75,10,2,59,57,0,52,6,0,1,1,52,91,10,9,8,0,0,6,50,54,0,7,2,2,1,0,6,0,0,0,0,54,176,299,FINAL (ENTRADA MANUAL)
75,11,1,110,77,0,49,5,0,0,0,87,114,13,6,4,0,0,17,82,73,0,5,3,1,4,0,7,0,0,0,1,66,242,500,FINAL (ENTRADA MANUAL)
75,11,2,81,83,0,71,3,0,0,0,70,135,15,12,3,0,0,3,65,77,0,10,2,0,1,0,9,1,0,0,0,73,238,499,FINAL (ENTRADA MANUAL)
75,72,1,130,92,0,7,1,0,0,0,123,101,4,0,0,0,0,2,119,91,0,0,0,1,0,0,1,0,0,0,0,18,230,0,FINAL (ENTRADA MANUAL)
75,72,2,30,16,0,2,0,0,0,0,30,16,2,0,0,0,0,0,30,15,0,0,0,0,0,0,1,0,0,0,0,2,48,0,FINAL (ENTRADA MANUAL)
75,72,3,73,58,0,36,2,0,1,0,68,77,14,6,1,1,0,3,65,52,0,4,1,1,4,0,3,0,0,0,0,40,170,0,FINAL (ENTRADA MANUAL)
75,72,4,0,0,0,0,0,0,0,0,0,0,0,0,0,0,0,0,0,0,0,0,0,0,0,0,0,0,0,0,0,0,0,0,FINAL (ENTRADA MANUAL)
75,72,5,45,15,0,2,1,0,0,0,42,20,0,0,0,0,0,1,39,14,0,0,0,0,0,0,0,0,1,0,0,10,63,0,FINAL (ENTRADA MANUAL)
75,72,6,5,1,0,1,0,0,0,0,5,2,0,0,0,0,0,0,5,1,0,0,0,0,0,0,0,0,0,0,0,1,7,0,FINAL (ENTRADA MANUAL)
75,72,7,261,255,0,24,5,0,1,0,247,276,10,4,2,0,1,6,240,249,0,4,1,1,4,0,3,2,6,0,1,42,546,0,FINAL (ENTRADA MANUAL)
75,72,8,0,1,0,0,0,0,0,0,0,1,0,0,0,0,0,0,0,1,0,0,0,0,0,0,0,0,0,0,0,0,1,0,FINAL (ENTRADA MANUAL)
75,72,9,17,5,0,3,0,1,0,0,18,7,1,0,0,0,0,0,17,4,0,0,0,0,0,0,1,0,0,0,0,4,26,0,FINAL (ENTRADA MANUAL)
75,72,10,9,1,0,1,0,0,0,0,9,1,0,1,0,0,0,0,9,0,0,1,0,0,0,0,0,0,0,0,0,1,11,0,FINAL (ENTRADA MANUAL)
75,72,11,6,3,0,0,0,0,0,0,6,2,0,0,0,0,0,1,6,2,0,0,0,0,0,0,0,0,0,0,0,1,9,0,FINAL (ENTRADA MANUAL)
75,73,1,32,137,0,4,1,0,0,0,29,133,0,1,0,0,0,11,28,124,0,1,0,0,1,0,2,0,0,0,0,18,174,0,FINAL (ENTRADA MANUAL)
75,74,1,1,0,0,0,0,0,0,0,1,0,0,0,0,0,0,0,1,0,0,0,0,0,0,0,0,0,0,0,0,0,1,0,FINAL (ENTRADA MANUAL)
75,74,2,0,0,0,0,0,0,0,0,0,0,0,0,0,0,0,0,0,0,0,0,0,0,0,0,0,0,0,0,0,0,0,0,FINAL (ENTRADA MANUAL)
75,75,1,2,1,0,0,0,0,0,0,1,2,0,0,0,0,0,0,1,1,0,0,0,0,0,0,0,0,0,0,0,1,3,0,FINAL (ENTRADA MANUAL)
75,75,2,0,0,0,1,0,0,0,0,0,0,1,0,0,0,0,0,0,0,0,0,0,0,0,0,0,0,0,0,0,1,1,0,FINAL (ENTRADA MANUAL)
75,76,1,18,4,0,1,0,0,0,1,12,8,0,0,1,0,0,3,10,2,0,0,0,0,0,0,0,0,0,0,0,12,24,0,FINAL (ENTRADA MANUAL)
75,76,2,0,0,0,0,0,0,0,0,0,0,0,0,0,0,0,0,0,0,0,0,0,0,0,0,0,0,0,0,0,0,0,0,FINAL (ENTRADA MANUAL)
75,76,3,11,0,0,1,0,0,0,0,6,2,0,0,1,0,0,3,6,0,0,0,0,0,0,0,0,0,0,0,0,6,12,0,FINAL (ENTRADA MANUAL)
75,76,4,0,1,0,0,0,0,0,0,0,1,0,0,0,0,0,0,0,0,0,0,0,0,0,0,0,0,0,0,0,0,1,0,FINAL (ENTRADA MANUAL)
75,76,5,1,0,0,0,0,0,0,0,1,0,0,0,0,0,0,0,1,0,0,0,0,0,0,0,0,0,0,0,0,0,1,0,FINAL (ENTRADA MANUAL)
75,77,1,0,0,0,0,0,0,0,0,0,0,0,0,0,0,0,0,0,0,0,0,0,0,0,0,0,0,0,0,0,0,0,0,FINAL (ENTRADA MANUAL)
75,77,2,0,0,0,0,0,0,0,0,0,0,0,0,0,0,0,0,0,0,0,0,0,0,0,0,0,0,0,0,0,0,0,0,FINAL (ENTRADA MANUAL)
75,77,3,0,0,0,0,0,0,0,0,0,0,0,0,0,0,0,0,0,0,0,0,0,0,0,0,0,0,0,0,0,0,0,0,FINAL (ENTRADA MANUAL)
75,77,4,2,0,0,4,0,0,0,0,2,1,2,1,0,0,0,0,2,0,0,1,0,0,0,0,2,0,0,0,0,1,6,0,FINAL (ENTRADA MANUAL)
75,78,1,24,18,0,9,2,0,0,0,18,20,4,2,0,1,0,8,16,15,0,2,0,0,0,0,2,0,0,0,0,18,53,0,FINAL (ENTRADA MANUAL)
75,78,2,7,1,0,0,0,0,0,0,5,2,1,0,0,0,0,0,3,1,0,0,0,0,0,0,0,0,0,0,0,0,8,0,FINAL (ENTRADA MANUAL)
75,78,3,1,2,0,0,1,0,0,0,0,3,0,0,0,0,0,0,0,2,0,0,0,0,0,0,0,0,0,0,0,2,4,0,FINAL (ENTRADA MANUAL)
75,78,4,1,0,0,0,0,0,0,0,1,0,0,0,0,0,0,0,1,0,0,0,0,0,0,0,0,0,0,0,0,0,1,0,FINAL (ENTRADA MANUAL)
76,1,1,111,41,0,81,10,0,1,1,102,95,21,14,7,0,0,6,93,34,0,14,6,2,0,1,11,2,0,0,0,82,245,424,FINAL (ENTRADA MANUAL)
76,1,2,110,31,1,105,11,0,1,1,101,86,31,25,8,0,0,9,86,27,0,23,6,0,0,2,8,0,1,0,0,108,261,424,FINAL (ENTRADA MANUAL)
76,1,3,81,35,1,94,11,1,1,1,72,92,25,20,7,0,1,8,64,33,1,19,6,1,1,0,6,3,0,0,0,91,225,424,FINAL (ENTRADA MANUAL)
76,1,4,116,39,0,92,14,0,0,0,102,99,29,12,12,0,0,7,93,33,0,12,11,1,0,1,5,1,0,0,0,104,261,425,FINAL (ENTRADA MANUAL)
76,2,1,85,30,0,84,14,0,0,2,66,77,24,15,15,1,0,17,56,24,0,14,11,2,1,1,13,0,1,0,0,93,216,449,FINAL (ENTRADA MANUAL)
76,2,2,92,55,0,72,18,0,0,0,75,97,22,10,16,0,0,17,64,47,0,10,13,1,0,0,8,0,0,0,0,94,237,449,FINAL (ENTRADA MANUAL)
76,2,3,89,52,2,99,14,0,2,1,77,104,36,15,10,0,0,17,68,43,1,14,9,2,3,2,7,2,0,0,0,108,259,449,FINAL (ENTRADA MANUAL)
76,2,4,109,44,0,83,7,0,0,0,94,87,21,18,8,0,0,15,87,39,0,17,5,0,1,1,11,1,0,0,0,81,243,449,FINAL (ENTRADA MANUAL)
76,2,5,92,39,0,81,8,0,0,2,79,85,20,14,7,0,0,17,70,29,0,13,6,1,2,0,7,0,0,0,0,94,222,449,FINAL (ENTRADA MANUAL)
76,3,1,76,33,0,115,13,0,0,0,64,108,40,13,7,0,0,5,55,30,0,9,5,2,1,5,13,2,2,0,0,115,239,373,FINAL (ENTRADA MANUAL)
76,3,2,80,36,0,101,9,0,0,1,78,87,28,19,8,0,0,7,66,32,0,18,7,0,0,1,10,0,1,0,0,93,228,373,FINAL (ENTRADA MANUAL)
76,3,3,89,33,0,100,7,0,0,0,79,91,31,16,7,0,0,5,70,29,0,13,6,1,2,0,9,0,0,0,0,99,229,373,FINAL (ENTRADA MANUAL)
76,3,4,77,39,0,93,7,0,0,0,67,94,36,11,6,0,0,3,62,34,0,8,4,0,2,2,6,2,0,0,0,97,217,374,FINAL (ENTRADA MANUAL)
76,4,1,95,34,1,100,10,1,0,0,87,93,34,13,6,0,0,8,80,29,0,10,3,2,2,3,12,1,0,0,0,99,241,390,FINAL (ENTRADA MANUAL)
76,4,2,88,35,1,106,7,0,1,0,74,76,45,25,9,0,0,9,70,32,1,22,4,1,0,0,7,2,1,0,0,99,239,391,FINAL (ENTRADA MANUAL)
76,5,1,79,30,0,86,7,1,0,0,62,79,22,15,6,0,0,19,55,26,0,12,5,0,3,1,11,0,0,0,0,90,203,347,FINAL (ENTRADA MANUAL)
76,5,2,74,29,0,61,9,0,0,0,67,65,13,10,7,0,0,11,59,28,0,9,4,1,3,0,7,0,1,0,0,62,174,347,FINAL (ENTRADA MANUAL)
76,6,1,75,43,0,158,8,1,0,0,65,138,52,18,6,0,0,6,50,40,0,15,4,3,3,1,18,0,0,0,0,151,285,423,FINAL (ENTRADA MANUAL)
76,6,2,91,40,0,129,12,0,0,0,70,121,45,18,9,0,0,9,58,34,0,16,8,2,6,1,16,0,0,0,0,131,272,423,FINAL (ENTRADA MANUAL)
76,6,3,71,33,0,141,15,0,0,3,63,115,47,19,9,0,1,9,46,28,0,16,8,1,4,1,26,1,0,0,0,132,263,423,FINAL (ENTRADA MANUAL)
76,6,4,88,44,0,117,17,0,0,2,77,126,34,13,13,1,0,4,66,38,0,13,11,4,1,0,23,1,0,0,0,111,268,423,FINAL (ENTRADA MANUAL)
76,6,5,70,37,0,127,14,0,0,1,64,99,58,14,12,0,0,2,59,32,0,13,10,1,2,2,17,0,0,1,0,113,250,424,FINAL (ENTRADA MANUAL)
76,7,1,109,47,1,102,12,0,0,0,91,124,24,13,10,0,0,9,82,45,1,11,9,2,4,3,7,1,3,0,0,106,274,514,FINAL (ENTRADA MANUAL)
76,7,2,91,47,0,105,20,0,0,0,73,107,34,16,15,1,1,16,65,38,0,15,11,0,2,2,8,1,0,0,0,121,263,514,FINAL (ENTRADA MANUAL)
76,7,3,85,57,1,108,12,0,0,1,68,116,25,20,11,0,0,24,63,48,1,18,9,1,0,3,10,0,0,0,0,111,264,514,FINAL (ENTRADA MANUAL)
76,7,4,106,55,0,113,8,0,0,0,75,123,29,21,14,1,0,19,64,45,0,16,7,2,2,0,13,1,1,0,0,132,283,514,FINAL (ENTRADA MANUAL)
76,7,5,121,39,0,98,6,0,0,1,108,89,28,25,8,0,0,7,101,36,0,24,6,2,3,2,13,0,0,0,0,78,265,514,FINAL (ENTRADA MANUAL)
76,8,1,81,15,0,106,12,0,0,1,67,76,41,17,9,0,0,5,53,12,0,13,7,2,0,0,8,0,0,0,0,120,215,368,FINAL (ENTRADA MANUAL)
76,8,2,97,12,0,101,10,1,0,1,89,69,27,21,7,0,0,9,78,9,0,18,6,2,0,1,4,1,1,0,0,103,223,368,FINAL (ENTRADA MANUAL)
76,8,3,95,15,0,111,12,0,1,0,72,82,29,30,8,0,0,13,61,11,0,24,5,0,2,0,8,1,2,1,0,122,237,368,FINAL (ENTRADA MANUAL)
76,8,4,80,23,0,113,13,1,0,0,70,83,31,23,9,0,0,14,56,17,0,21,7,1,2,0,9,1,1,0,0,116,231,368,FINAL (ENTRADA MANUAL)
76,9,1,93,39,0,148,16,0,0,0,83,114,47,28,17,0,0,7,71,34,0,22,13,1,4,1,20,0,0,0,0,130,296,489,FINAL (ENTRADA MANUAL)
76,9,2,90,49,0,137,13,0,0,1,74,132,38,19,10,0,0,17,63,42,0,18,9,2,5,3,19,2,0,0,0,127,290,489,FINAL (ENTRADA MANUAL)
76,9,3,94,35,0,129,11,0,0,0,76,118,40,18,8,0,0,9,68,28,0,16,6,5,0,2,14,1,1,0,0,129,270,489,FINAL (ENTRADA MANUAL)
76,9,4,88,47,0,120,12,0,0,0,74,124,34,15,12,0,0,8,66,43,0,12,8,2,3,0,12,0,1,0,0,121,268,489,FINAL (ENTRADA MANUAL)
76,9,5,102,30,0,132,16,0,0,2,84,115,36,14,17,0,0,16,72,26,0,11,13,3,1,1,10,0,0,0,0,145,282,487,FINAL (ENTRADA MANUAL)
76,10,1,132,30,0,94,4,0,0,0,95,101,30,10,7,0,0,17,86,27,0,8,2,5,0,2,8,0,0,0,0,122,260,375,FINAL (ENTRADA MANUAL)
76,10,2,70,29,0,102,9,0,1,2,63,88,28,18,7,0,0,9,53,27,0,14,4,0,3,0,10,0,0,0,0,102,213,375,FINAL (ENTRADA MANUAL)
76,11,1,97,43,0,62,7,0,0,0,82,85,17,11,6,0,0,8,74,36,0,11,4,1,1,0,6,0,0,0,0,76,209,343,FINAL (ENTRADA MANUAL)
76,11,2,86,34,1,57,7,0,0,0,71,74,11,9,7,0,0,13,66,29,0,8,4,1,2,1,10,1,0,0,1,63,186,343,FINAL (ENTRADA MANUAL)
76,11,3,77,35,0,77,6,0,0,1,64,94,18,11,4,0,0,5,61,32,0,9,3,3,2,1,22,0,2,0,0,63,198,344,FINAL (ENTRADA MANUAL)
76,12,1,92,58,0,103,17,0,0,1,81,115,24,22,14,0,0,15,73,50,0,20,12,1,3,2,12,1,2,0,0,97,273,487,FINAL (ENTRADA MANUAL)
76,12,2,107,43,0,107,9,0,0,0,90,117,24,20,5,0,0,10,81,39,0,16,5,4,6,2,13,1,0,0,0,99,266,487,FINAL (ENTRADA MANUAL)
76,12,3,101,42,0,107,8,1,0,2,89,102,31,20,6,0,1,12,81,37,0,19,5,1,7,0,16,1,1,0,0,94,262,488,FINAL (ENTRADA MANUAL)
76,13,1,79,48,0,60,5,0,2,1,55,97,12,10,5,0,0,16,47,40,0,8,4,0,1,1,7,0,3,0,0,87,198,313,FINAL (ENTRADA MANUAL)
76,13,2,64,45,0,82,5,0,0,0,55,95,15,14,2,0,0,15,50,37,0,12,1,0,7,1,0,0,0,0,0,88,196,313,FINAL (ENTRADA MANUAL)
76,14,1,106,33,0,54,7,0,0,1,95,73,13,6,5,0,0,9,90,26,0,6,4,3,2,0,6,0,2,0,0,64,203,360,FINAL (ENTRADA MANUAL)
76,14,2,116,32,0,50,9,0,0,0,97,71,13,9,10,0,0,7,90,30,0,9,7,1,3,2,5,0,2,0,0,60,209,360,FINAL (ENTRADA MANUAL)
76,14,3,78,28,0,59,15,0,1,2,64,65,17,11,15,0,0,11,62,25,0,9,12,1,0,0,3,1,1,1,0,70,185,360,FINAL (ENTRADA MANUAL)
76,15,1,85,43,1,81,8,0,0,1,71,98,23,9,3,0,0,15,60,39,0,9,1,0,2,0,7,0,2,0,0,101,221,397,FINAL (ENTRADA MANUAL)
76,15,2,74,50,0,105,5,0,0,0,68,116,21,20,3,0,0,6,59,47,0,17,3,0,1,0,5,0,1,0,0,102,235,397,FINAL (ENTRADA MANUAL)
76,16,1,127,43,1,100,14,0,0,0,114,89,33,13,12,0,0,24,99,31,0,13,8,1,1,0,10,0,1,0,0,122,286,477,FINAL (ENTRADA MANUAL)
76,16,2,119,41,1,121,8,0,0,0,93,107,40,26,6,0,0,18,86,29,1,25,4,2,1,1,12,0,0,0,0,129,290,477,FINAL (ENTRADA MANUAL)
76,16,3,106,36,0,94,19,0,0,0,88,87,25,18,18,0,0,19,77,27,0,16,17,1,3,0,10,0,0,0,0,104,255,477,FINAL (ENTRADA MANUAL)
76,16,4,110,40,0,107,14,0,0,0,89,105,26,23,7,0,0,21,82,34,0,19,7,0,2,0,9,0,1,2,1,118,271,477,FINAL (ENTRADA MANUAL)
76,16,5,98,52,0,117,8,0,0,0,78,105,38,18,7,0,0,29,68,44,0,17,6,2,2,0,9,0,2,0,1,127,278,476,FINAL (ENTRADA MANUAL)
76,17,1,91,23,0,51,3,0,0,0,85,52,11,10,3,0,0,7,76,16,0,9,3,2,1,0,5,0,0,0,0,56,168,250,FINAL (ENTRADA MANUAL)
76,17,2,74,15,0,62,4,0,0,1,69,46,15,16,4,0,0,5,64,15,0,16,4,0,1,2,4,0,3,0,0,49,158,251,FINAL (ENTRADA MANUAL)
76,18,1,57,22,0,63,10,1,0,0,53,57,15,14,8,0,0,6,45,16,0,11,7,0,3,0,5,0,1,0,0,66,154,262,FINAL (ENTRADA MANUAL)
76,18,2,58,33,1,47,9,0,0,1,43,64,13,10,7,0,0,12,40,25,1,9,6,1,0,1,4,0,0,1,0,62,150,262,FINAL (ENTRADA MANUAL)
76,72,1,57,12,0,13,0,0,0,0,55,15,7,4,0,0,0,1,52,9,0,4,0,0,0,0,6,0,0,0,0,11,82,0,FINAL (ENTRADA MANUAL)
76,72,2,13,2,0,2,0,0,0,0,13,2,2,0,0,0,0,0,13,2,0,0,0,0,0,0,2,0,1,0,0,0,18,0,FINAL (ENTRADA MANUAL)
76,72,3,567,66,0,80,16,1,1,1,545,114,32,16,9,0,0,16,525,61,0,16,7,4,3,1,23,0,0,0,0,92,732,0,FINAL (ENTRADA MANUAL)
76,72,4,90,19,0,31,9,0,0,1,83,37,11,11,4,0,0,4,80,18,0,11,4,1,0,0,11,1,0,0,0,24,150,0,FINAL (ENTRADA MANUAL)
76,72,5,55,5,0,12,3,0,0,0,53,10,6,1,3,0,0,2,49,5,0,1,3,0,0,0,2,0,2,0,0,15,75,0,FINAL (ENTRADA MANUAL)
76,72,6,26,0,0,5,1,0,0,0,25,2,4,0,4,0,0,1,24,0,0,0,2,0,0,0,2,0,0,0,1,6,35,0,FINAL (ENTRADA MANUAL)
76,72,7,46,1,0,3,0,0,0,0,41,5,1,1,0,0,0,2,38,0,0,0,0,0,0,0,0,0,0,0,0,11,50,0,FINAL (ENTRADA MANUAL)
76,72,8,5,2,0,1,0,0,0,0,5,3,0,0,0,0,0,0,5,1,0,0,0,0,0,0,0,0,0,0,0,2,8,0,FINAL (ENTRADA MANUAL)
76,72,9,0,0,0,0,0,0,0,0,0,0,0,0,0,0,0,0,0,0,0,0,0,0,0,0,0,0,0,0,0,0,0,0,FINAL (ENTRADA MANUAL)
76,72,10,1,0,0,0,0,0,0,0,1,0,0,0,0,0,0,0,1,0,0,0,0,0,0,0,0,0,0,0,0,0,1,0,FINAL (ENTRADA MANUAL)
76,72,11,14,0,0,3,0,0,0,0,14,0,3,0,0,0,0,0,14,0,0,0,0,0,0,0,2,0,0,0,0,1,17,0,FINAL (ENTRADA MANUAL)
76,72,12,2,0,0,1,0,0,0,0,2,1,0,0,0,0,0,0,2,0,0,0,0,0,0,0,1,0,0,0,0,0,3,0,FINAL (ENTRADA MANUAL)
76,73,1,32,112,0,15,1,0,0,3,26,116,1,2,0,0,0,18,23,96,0,2,0,0,0,0,1,0,8,1,0,41,172,0,FINAL (ENTRADA MANUAL)
76,73,2,0,0,0,0,0,0,0,0,0,0,0,0,0,0,0,0,0,0,0,0,0,0,0,0,0,0,0,0,0,0,0,0,FINAL (ENTRADA MANUAL)
76,73,3,0,0,0,0,0,0,0,0,0,0,0,0,0,0,0,0,0,0,0,0,0,0,0,0,0,0,0,0,0,0,0,0,FINAL (ENTRADA MANUAL)
76,73,4,33,88,0,13,2,0,0,2,22,96,0,3,1,0,0,16,22,84,0,3,1,0,1,0,0,0,5,1,0,27,144,0,FINAL (ENTRADA MANUAL)
76,74,1,1,1,0,0,0,0,0,0,1,1,0,0,0,0,0,0,1,1,0,0,0,0,0,0,0,0,0,0,0,0,2,0,FINAL (ENTRADA MANUAL)
76,74,2,0,0,0,0,0,0,0,0,0,0,0,0,0,0,0,0,0,0,0,0,0,0,0,0,0,0,0,0,0,0,0,0,FINAL (ENTRADA MANUAL)
76,75,1,0,0,0,1,0,0,0,0,0,1,0,0,0,0,0,0,0,0,0,0,0,0,0,0,0,0,0,0,0,1,1,0,FINAL (ENTRADA MANUAL)
76,75,2,0,0,0,0,0,0,0,0,0,0,0,0,0,0,0,0,0,0,0,0,0,0,0,0,0,0,0,0,0,0,0,0,FINAL (ENTRADA MANUAL)
76,76,1,15,0,1,2,0,0,0,0,12,2,1,1,0,0,0,2,11,0,1,0,0,0,0,0,0,0,0,0,0,6,18,0,FINAL (ENTRADA MANUAL)
76,76,2,1,0,0,0,0,0,0,0,1,0,0,0,0,0,0,0,1,0,0,0,0,0,0,0,0,0,0,0,0,0,1,0,FINAL (ENTRADA MANUAL)
76,76,3,6,0,0,0,0,0,0,0,5,0,0,0,1,0,0,0,3,0,0,0,0,0,0,0,0,0,0,0,0,3,6,0,FINAL (ENTRADA MANUAL)
76,76,4,1,0,0,0,0,0,0,0,1,0,0,0,0,0,0,0,0,0,0,0,0,0,0,0,0,0,0,0,0,0,1,0,FINAL (ENTRADA MANUAL)
76,77,1,0,0,0,0,0,0,0,0,0,0,0,0,0,0,0,0,0,0,0,0,0,0,0,0,0,0,0,0,0,0,0,0,FINAL (ENTRADA MANUAL)
76,77,2,4,3,1,32,2,0,0,0,4,13,19,4,2,0,0,0,4,3,1,4,2,0,0,0,7,0,0,0,0,21,42,0,FINAL (ENTRADA MANUAL)
76,77,3,0,1,0,10,0,0,0,0,0,1,9,1,0,0,0,0,0,0,0,0,0,0,0,0,5,0,0,0,0,6,11,0,FINAL (ENTRADA MANUAL)
76,77,4,0,0,0,1,0,0,0,0,0,0,1,0,0,0,0,0,0,0,0,0,0,0,0,0,0,0,0,0,0,1,1,0,FINAL (ENTRADA MANUAL)
76,77,5,0,0,0,1,0,0,0,0,0,0,1,0,0,0,0,0,0,0,0,0,0,0,0,0,0,0,0,0,0,1,1,0,FINAL (ENTRADA MANUAL)
76,78,1,48,23,0,31,3,0,0,1,40,41,7,8,3,0,0,7,36,19,0,8,3,2,0,0,4,0,0,0,0,34,106,0,FINAL (ENTRADA MANUAL)
76,78,2,11,1,0,2,0,0,0,0,10,1,0,1,0,0,0,2,7,1,0,1,0,0,0,0,0,0,1,0,0,5,15,0,FINAL (ENTRADA MANUAL)
76,78,3,12,1,1,2,0,0,0,0,11,2,1,1,0,0,0,1,9,1,1,1,0,0,0,0,0,0,0,0,0,4,0,0,FINAL (ENTRADA MANUAL)
76,78,4,1,0,0,0,0,0,0,0,1,0,0,0,0,0,0,0,1,0,0,0,0,0,0,0,0,0,0,0,0,0,1,0,FINAL (ENTRADA MANUAL)
77,1,1,82,63,1,108,11,0,0,1,72,130,23,14,5,0,0,22,62,53,0,12,4,0,0,2,8,1,0,0,0,124,266,458,FINAL (ENTRADA MANUAL)
77,1,2,72,76,0,105,11,0,0,0,59,147,22,10,6,0,0,20,48,61,0,9,5,0,2,1,8,1,0,0,0,129,264,457,FINAL (ENTRADA MANUAL)
77,2,1,76,48,0,74,10,0,0,0,61,97,27,9,4,0,0,10,50,38,0,7,2,1,4,0,13,2,2,0,0,91,210,360,FINAL (ENTRADA MANUAL)
77,2,2,71,42,0,84,5,0,0,1,53,92,30,11,3,0,0,14,42,33,0,10,3,4,0,5,8,0,0,0,1,98,204,360,FINAL (ENTRADA MANUAL)
77,2,3,70,48,1,84,6,0,0,0,60,99,24,15,4,0,0,7,53,37,1,14,2,1,2,2,8,0,1,0,0,89,210,359,FINAL (ENTRADA MANUAL)
77,3,1,83,72,0,99,10,0,0,1,71,136,28,9,5,0,1,15,65,62,0,9,3,1,3,1,11,0,1,0,0,110,266,543,FINAL (ENTRADA MANUAL)
77,3,2,82,62,0,115,6,1,0,1,68,133,28,13,3,2,1,19,57,54,0,11,1,0,1,0,15,2,2,0,0,126,269,543,FINAL (ENTRADA MANUAL)
77,3,3,80,84,0,101,12,0,0,0,70,131,35,22,13,0,0,6,66,72,0,19,9,0,7,2,7,0,2,0,1,95,280,542,FINAL (ENTRADA MANUAL)
77,4,1,62,48,0,71,6,0,0,0,43,91,20,12,4,0,0,17,39,40,0,10,3,0,1,2,4,0,1,0,0,88,188,380,FINAL (ENTRADA MANUAL)
77,4,2,76,53,0,68,9,0,0,0,63,93,23,17,8,0,0,2,59,42,0,13,6,0,0,0,8,3,0,0,0,75,206,380,FINAL (ENTRADA MANUAL)
77,4,3,62,36,0,72,7,1,1,0,48,72,29,11,4,0,0,15,43,29,0,10,3,2,2,3,8,1,0,0,0,78,179,381,FINAL (ENTRADA MANUAL)
77,5,1,69,75,1,90,5,0,0,0,62,126,25,10,3,0,0,14,55,67,1,8,3,1,4,3,14,1,0,1,0,83,241,414,FINAL (ENTRADA MANUAL)
77,5,2,64,53,0,93,6,0,1,1,51,101,34,15,5,1,0,11,43,50,0,11,4,0,2,1,12,0,0,0,1,95,219,414,FINAL (ENTRADA MANUAL)
77,5,3,63,48,0,82,9,1,1,1,53,98,17,15,7,1,0,14,46,44,0,14,6,0,2,1,4,1,0,3,0,87,208,414,FINAL (ENTRADA MANUAL)
77,6,1,68,55,0,132,10,1,1,0,56,125,46,21,7,1,0,11,47,45,0,19,7,1,2,3,9,2,0,0,0,132,267,480,FINAL (ENTRADA MANUAL)
77,6,2,92,48,0,123,11,0,0,1,73,117,37,15,12,0,0,21,60,42,0,9,8,2,1,1,10,1,0,0,0,141,275,480,FINAL (ENTRADA MANUAL)
77,6,3,69,52,0,119,7,1,1,1,56,136,28,14,8,0,0,8,48,43,0,11,6,2,5,1,15,1,0,1,2,118,253,479,FINAL (ENTRADA MANUAL)
77,7,1,60,46,1,42,6,0,1,0,49,77,13,6,4,0,0,7,45,41,0,4,4,1,2,2,5,0,1,0,0,52,157,260,FINAL (ENTRADA MANUAL)
77,7,2,41,41,0,47,7,0,1,0,36,73,7,3,5,0,0,13,30,39,0,3,4,0,1,0,8,0,1,0,0,52,138,259,FINAL (ENTRADA MANUAL)
77,8,1,90,75,1,121,14,0,0,0,76,153,35,15,14,0,1,7,64,62,1,14,10,1,5,2,12,0,0,0,0,130,301,483,FINAL (ENTRADA MANUAL)
77,8,2,93,56,0,151,14,0,0,0,71,152,46,20,10,0,0,15,64,53,0,17,6,2,3,1,11,1,0,0,0,156,314,483,FINAL (ENTRADA MANUAL)
77,8,3,81,59,0,141,10,1,0,0,73,141,37,21,5,1,0,14,57,48,0,19,3,3,4,1,11,1,1,0,0,145,293,483,FINAL (ENTRADA MANUAL)
77,8,4,97,64,1,119,12,0,0,0,71,146,31,18,9,0,0,18,62,51,0,15,7,1,2,1,18,2,2,0,0,134,295,483,FINAL (ENTRADA MANUAL)
77,8,5,69,63,0,131,12,0,0,0,57,140,39,19,10,1,0,9,47,52,0,18,7,3,5,1,13,0,0,0,0,129,275,482,FINAL (ENTRADA MANUAL)
77,9,1,68,58,0,84,13,0,1,1,58,110,20,16,11,1,0,9,45,52,0,10,9,3,0,0,7,1,0,0,0,98,225,417,FINAL (ENTRADA MANUAL)
77,9,2,60,59,0,77,17,0,1,0,45,111,19,19,11,0,1,8,38,51,0,14,8,2,3,0,9,0,0,0,0,89,214,417,FINAL (ENTRADA MANUAL)
77,9,3,71,62,1,82,6,1,1,0,60,97,26,22,7,0,0,12,51,56,1,22,3,1,1,1,11,0,1,0,0,77,225,417,FINAL (ENTRADA MANUAL)
77,9,4,77,55,0,87,13,1,0,0,57,103,22,17,13,0,0,21,50,49,0,14,11,1,1,0,11,1,0,1,0,95,234,417,FINAL (ENTRADA MANUAL)
77,9,5,58,67,1,80,13,1,0,0,44,127,18,11,9,0,0,11,40,59,1,9,8,2,2,0,10,1,0,2,0,88,222,418,FINAL (ENTRADA MANUAL)
77,10,1,67,68,0,86,13,0,1,1,54,129,17,14,9,0,1,12,45,61,0,10,5,0,4,0,7,2,0,1,0,102,237,425,FINAL (ENTRADA MANUAL)
77,10,2,62,82,0,95,8,0,0,1,42,119,28,21,8,0,0,30,36,66,0,16,4,1,3,1,9,0,0,0,0,112,248,425,FINAL (ENTRADA MANUAL)
77,10,3,69,54,0,88,15,0,0,1,57,114,21,18,10,1,0,6,45,44,0,15,6,0,1,1,5,1,2,0,0,109,229,425,FINAL (ENTRADA MANUAL)
77,11,1,64,45,0,132,13,2,0,0,50,130,42,15,10,0,0,9,43,39,0,11,7,3,3,0,16,0,1,0,0,134,257,425,FINAL (ENTRADA MANUAL)
77,11,2,75,46,1,116,16,1,0,0,59,113,52,11,11,0,0,9,46,42,1,8,9,3,4,1,8,0,0,0,0,133,255,425,FINAL (ENTRADA MANUAL)
77,11,3,69,52,0,120,10,0,0,0,52,137,31,11,7,0,0,13,46,45,0,9,7,0,3,0,10,1,1,0,0,130,252,426,FINAL (ENTRADA MANUAL)
77,12,1,85,42,0,135,14,0,0,0,76,128,34,15,12,0,0,11,70,39,0,14,11,0,3,1,14,0,1,0,0,124,277,425,FINAL (ENTRADA MANUAL)
77,12,2,91,46,0,120,5,0,0,0,74,117,40,15,8,0,0,8,66,37,0,13,3,1,2,2,22,0,0,0,0,116,262,425,FINAL (ENTRADA MANUAL)
77,12,3,79,45,0,104,10,0,0,0,69,104,29,18,10,0,0,8,64,37,0,18,10,3,3,1,16,0,0,0,0,86,238,425,FINAL (ENTRADA MANUAL)
77,12,4,92,44,0,109,13,0,0,0,74,117,33,9,8,0,0,17,62,35,0,8,7,3,3,2,13,0,0,0,0,125,258,426,FINAL (ENTRADA MANUAL)
77,13,1,81,75,0,94,20,1,0,1,59,142,31,14,18,0,0,8,53,65,0,12,14,5,1,2,3,2,1,0,0,115,276,495,FINAL (ENTRADA MANUAL)
77,13,2,90,80,1,79,15,0,3,1,78,124,22,13,13,0,0,19,62,67,0,10,12,2,1,0,2,0,3,1,0,113,273,495,FINAL (ENTRADA MANUAL)
77,14,1,78,52,0,121,20,1,0,2,66,114,34,31,12,2,0,15,58,48,0,28,10,0,1,2,9,1,1,0,1,117,276,465,FINAL (ENTRADA MANUAL)
77,14,2,86,37,0,145,16,1,0,1,61,133,40,19,15,0,0,18,52,33,0,15,10,2,2,0,9,0,1,1,0,163,288,465,FINAL (ENTRADA MANUAL)
77,14,3,59,46,0,131,19,0,0,0,48,110,43,20,14,0,0,20,45,32,0,16,9,0,1,0,19,1,0,0,0,132,255,465,FINAL (ENTRADA MANUAL)
77,15,1,51,43,1,124,9,0,0,1,36,121,37,19,11,0,0,5,33,36,1,16,7,1,2,1,14,0,0,0,0,118,229,347,FINAL (ENTRADA MANUAL)
77,15,2,56,37,0,108,10,0,0,0,49,90,37,21,11,1,0,2,42,32,0,17,6,1,1,2,6,0,0,0,0,104,211,347,FINAL (ENTRADA MANUAL)
77,15,3,42,52,0,99,9,0,0,2,34,102,30,18,11,0,0,9,26,44,0,16,8,1,1,0,17,0,1,0,0,91,205,347,FINAL (ENTRADA MANUAL)
77,15,4,61,30,0,92,10,0,0,0,47,98,21,16,9,0,0,2,40,27,0,14,8,0,1,0,6,0,0,0,0,97,193,347,FINAL (ENTRADA MANUAL)
77,15,5,57,28,0,64,7,0,0,1,44,71,21,10,5,0,0,6,32,21,0,10,5,1,1,2,6,1,0,0,0,78,157,348,FINAL (ENTRADA MANUAL)
77,16,1,66,29,1,155,14,0,0,0,60,114,47,26,12,0,0,6,45,29,1,22,11,2,9,3,20,0,0,0,0,123,265,413,FINAL (ENTRADA MANUAL)
77,16,2,66,35,0,138,20,0,0,1,58,120,42,18,15,0,0,7,51,30,0,17,12,1,4,0,22,0,0,0,0,123,260,413,FINAL (ENTRADA MANUAL)
77,16,3,59,39,0,120,20,0,0,1,48,121,38,13,11,0,0,8,42,33,0,13,6,1,5,3,16,2,1,0,0,118,240,413,FINAL (ENTRADA MANUAL)
77,17,1,82,77,0,117,12,0,0,0,69,140,36,21,6,1,0,15,59,64,0,20,4,3,2,5,7,1,0,0,0,123,288,466,FINAL (ENTRADA MANUAL)
77,17,2,89,52,0,117,26,0,0,1,70,129,24,27,24,0,0,11,60,43,0,24,15,1,6,2,13,4,2,0,0,117,287,466,FINAL (ENTRADA MANUAL)
77,18,1,56,43,0,31,7,1,0,1,49,66,10,6,7,0,0,1,46,42,0,5,3,0,1,1,7,0,1,0,0,34,140,263,FINAL (ENTRADA MANUAL)
77,19,1,114,32,0,33,4,0,0,1,94,52,10,7,3,0,0,18,83,23,0,7,3,2,3,2,2,0,0,0,0,59,184,322,FINAL (ENTRADA MANUAL)
77,20,1,41,42,1,73,5,0,0,0,33,82,27,9,4,0,0,7,28,36,1,7,3,1,4,0,12,0,0,0,1,70,163,276,FINAL (ENTRADA MANUAL)
77,21,1,37,67,0,22,14,0,0,1,23,90,4,4,10,0,0,10,21,59,0,4,10,1,1,0,1,1,2,0,1,43,144,286,FINAL (ENTRADA MANUAL)
77,22,1,77,60,1,98,8,0,0,0,68,116,29,13,7,1,1,9,57,47,1,12,4,2,5,3,13,0,1,0,0,100,245,406,FINAL (ENTRADA MANUAL)
77,22,2,66,60,0,111,7,1,0,0,60,117,26,19,7,0,0,16,52,48,0,13,3,1,1,2,9,2,1,0,0,114,246,406,FINAL (ENTRADA MANUAL)
77,22,3,67,56,0,105,14,0,0,1,55,125,27,17,12,0,0,7,48,44,0,16,5,0,7,0,11,1,0,1,0,111,244,406,FINAL (ENTRADA MANUAL)
77,72,1,16,3,0,3,0,0,0,0,17,3,2,0,0,0,0,0,15,2,0,0,0,1,0,0,2,0,0,0,0,2,22,0,FINAL (ENTRADA MANUAL)
77,72,2,3,2,0,0,0,0,0,0,3,2,0,0,0,0,0,0,3,2,0,0,0,0,0,0,0,0,0,0,0,0,5,0,FINAL (ENTRADA MANUAL)
77,72,3,243,67,0,71,10,0,0,1,236,95,31,13,7,0,0,10,215,59,0,13,7,4,1,4,8,1,0,0,0,80,392,0,FINAL (ENTRADA MANUAL)
77,72,4,51,33,0,14,1,1,0,0,47,43,4,2,3,0,0,1,45,30,0,2,1,2,2,2,2,1,1,1,0,13,102,0,FINAL (ENTRADA MANUAL)
77,72,5,39,3,0,4,1,0,0,0,38,6,1,1,1,0,0,0,33,3,0,1,1,0,1,0,0,0,0,0,0,8,47,0,FINAL (ENTRADA MANUAL)
77,72,6,4,1,0,0,0,0,0,0,4,1,0,0,0,0,0,0,4,1,0,0,0,0,0,0,0,0,0,0,0,0,5,0,FINAL (ENTRADA MANUAL)
77,72,7,7,6,0,0,0,0,0,0,7,6,0,0,0,0,0,0,6,6,0,0,0,0,0,0,0,0,0,0,0,1,13,0,FINAL (ENTRADA MANUAL)
77,72,8,5,0,0,0,0,0,0,0,5,0,0,0,0,0,0,0,4,0,0,0,0,0,0,0,0,0,0,0,0,1,5,0,FINAL (ENTRADA MANUAL)
77,72,9,1,0,0,0,0,0,0,0,1,0,0,0,0,0,0,0,1,0,0,0,0,0,0,0,0,0,0,0,0,0,1,0,FINAL (ENTRADA MANUAL)
77,72,10,0,0,0,0,0,0,0,0,0,0,0,0,0,0,0,0,0,0,0,0,0,0,0,0,0,0,0,0,0,0,0,0,FINAL (ENTRADA MANUAL)
77,72,11,22,8,0,7,1,0,0,0,19,12,5,0,0,0,1,1,14,7,0,0,0,0,0,0,4,0,0,0,0,13,38,0,FINAL (ENTRADA MANUAL)
77,72,12,6,2,0,0,0,0,0,0,6,2,0,0,0,0,0,0,6,2,0,0,0,0,0,0,0,0,0,0,0,0,8,0,FINAL (ENTRADA MANUAL)
77,73,1,28,156,0,23,8,0,0,1,28,154,6,2,7,0,0,19,23,140,0,2,5,0,1,1,1,0,0,0,0,43,216,0,FINAL (ENTRADA MANUAL)
77,73,2,4,15,0,2,0,0,0,0,4,15,2,0,0,0,0,0,4,15,0,0,0,0,0,0,2,0,0,0,0,0,21,0,FINAL (ENTRADA MANUAL)
77,73,3,0,0,0,0,0,0,0,0,0,0,0,0,0,0,0,0,0,0,0,0,0,0,0,0,0,0,0,0,0,0,0,0,FINAL (ENTRADA MANUAL)
77,74,1,0,0,0,1,1,0,0,0,0,1,0,0,1,0,0,0,0,0,0,0,1,0,0,0,0,0,0,0,0,1,2,0,FINAL (ENTRADA MANUAL)
77,74,2,0,0,0,0,0,0,0,0,0,0,0,0,0,0,0,0,0,0,0,0,0,0,0,0,0,0,0,0,0,0,0,0,FINAL (ENTRADA MANUAL)
77,75,1,1,1,0,0,0,0,1,0,1,1,0,0,1,0,0,0,1,1,0,0,0,0,0,0,0,1,0,0,0,0,3,0,FINAL (ENTRADA MANUAL)
77,75,2,0,0,0,0,0,0,0,0,0,0,0,0,0,0,0,0,0,0,0,0,0,0,0,0,0,0,0,0,0,0,0,0,FINAL (ENTRADA MANUAL)
77,75,3,0,0,0,0,0,0,0,0,0,0,0,0,0,0,0,0,0,0,0,0,0,0,0,0,0,0,0,0,0,0,0,0,FINAL (ENTRADA MANUAL)
77,76,1,41,4,1,7,1,0,0,0,34,7,4,1,0,0,0,8,30,2,1,1,0,0,0,0,0,0,2,0,0,20,56,0,FINAL (ENTRADA MANUAL)
77,76,2,0,0,0,0,0,0,0,0,0,0,0,0,0,0,0,0,0,0,0,0,0,0,0,0,0,0,0,0,0,0,0,0,FINAL (ENTRADA MANUAL)
77,76,3,5,0,0,2,0,0,0,0,4,2,0,0,0,0,0,1,3,0,0,0,0,0,0,0,0,0,0,0,0,4,7,0,FINAL (ENTRADA MANUAL)
77,76,4,1,0,0,0,0,0,0,0,1,0,0,0,0,0,0,0,1,0,0,0,0,0,0,0,0,0,0,0,0,0,1,0,FINAL (ENTRADA MANUAL)
77,77,1,3,2,0,5,0,0,0,0,3,4,2,1,0,0,0,0,3,2,0,1,0,0,0,0,0,0,0,0,0,4,10,0,FINAL (ENTRADA MANUAL)
77,77,2,5,5,0,48,2,0,0,0,3,21,27,7,2,0,0,0,3,4,0,6,1,1,0,1,8,0,0,0,0,36,60,0,FINAL (ENTRADA MANUAL)
77,77,3,0,1,0,3,0,0,0,0,0,2,1,1,0,0,0,0,0,1,0,1,0,0,0,0,0,0,0,0,0,2,4,0,FINAL (ENTRADA MANUAL)
77,78,1,22,14,1,25,3,0,0,0,16,25,8,10,3,0,0,3,12,13,1,9,3,0,0,0,3,0,1,0,0,24,66,0,FINAL (ENTRADA MANUAL)
77,78,2,19,1,0,1,0,0,0,0,13,2,0,2,0,0,0,4,11,0,0,1,0,1,0,0,0,0,1,0,0,8,22,0,FINAL (ENTRADA MANUAL)
77,78,3,10,6,0,5,0,0,0,1,7,10,1,2,0,0,0,2,5,6,0,2,0,0,0,0,1,0,0,0,0,8,22,0,FINAL (ENTRADA MANUAL)
77,78,4,3,0,0,0,0,0,0,0,2,0,0,0,0,0,0,1,2,0,0,0,0,0,0,0,0,0,0,0,0,1,3,0,FINAL (ENTRADA MANUAL)
78,1,1,110,63,1,87,2,0,0,1,94,106,27,17,1,0,0,19,81,54,1,17,0,0,2,1,6,0,0,1,0,102,265,513,FINAL (ENTRADA MANUAL)
78,1,2,96,71,1,95,12,0,1,1,74,138,27,18,12,0,0,8,67,56,0,16,9,2,2,0,10,1,0,0,0,114,277,513,FINAL (ENTRADA MANUAL)
78,1,3,105,58,1,80,2,0,0,0,90,104,20,10,2,0,0,20,79,49,1,10,2,1,0,1,2,0,0,0,0,101,246,513,FINAL (ENTRADA MANUAL)
78,1,4,91,51,0,95,8,0,0,0,76,108,27,13,8,0,0,13,64,42,0,12,5,0,3,1,12,0,1,1,0,106,247,513,FINAL (ENTRADA MANUAL)
78,1,5,99,63,1,99,11,0,1,0,77,129,19,15,10,0,1,23,68,54,1,14,6,2,3,1,6,0,1,0,0,119,275,513,FINAL (ENTRADA MANUAL)
78,1,6,97,45,1,90,14,0,0,0,72,115,23,12,9,0,0,16,64,44,0,9,5,1,3,0,7,0,0,0,0,114,247,512,FINAL (ENTRADA MANUAL)
78,2,1,87,56,0,60,9,0,2,1,74,85,16,20,7,0,0,13,57,51,0,19,6,0,1,0,4,0,0,0,0,77,215,454,FINAL (ENTRADA MANUAL)
78,2,2,103,66,1,63,8,0,0,0,77,112,19,8,4,0,0,21,66,60,1,6,2,2,3,1,4,0,0,0,0,96,241,454,FINAL (ENTRADA MANUAL)
78,2,3,104,56,0,60,7,0,0,1,88,91,14,14,5,0,0,16,84,49,0,11,5,0,0,1,5,0,0,0,1,73,229,454,FINAL (ENTRADA MANUAL)
78,3,1,78,44,0,120,22,1,0,0,54,130,27,24,17,0,0,13,47,34,0,21,13,3,3,1,6,2,1,0,0,135,266,442,FINAL (ENTRADA MANUAL)
78,3,2,85,42,0,124,15,0,0,1,69,116,32,19,14,0,0,17,54,37,0,16,10,2,0,0,8,1,0,0,0,139,267,442,FINAL (ENTRADA MANUAL)
78,3,3,80,48,0,114,13,0,0,1,67,130,23,9,7,0,0,20,57,38,0,8,4,2,5,0,4,1,2,0,1,137,259,441,FINAL (ENTRADA MANUAL)
78,4,1,106,95,0,69,12,0,0,0,91,134,16,13,8,0,0,20,79,77,0,12,6,3,2,0,8,2,3,0,1,93,286,491,FINAL (ENTRADA MANUAL)
78,4,2,91,67,1,69,8,1,0,0,74,105,18,12,7,0,0,21,62,57,0,11,4,0,0,0,1,0,2,0,0,102,239,491,FINAL (ENTRADA MANUAL)
78,4,3,98,71,0,66,8,0,0,1,82,110,14,9,10,0,0,19,69,64,0,7,7,0,4,2,1,0,2,0,0,90,246,491,FINAL (ENTRADA MANUAL)
78,4,4,108,75,0,63,9,0,0,0,88,122,13,9,5,0,0,18,77,66,0,8,5,0,0,0,6,1,1,0,0,92,256,491,FINAL (ENTRADA MANUAL)
78,4,5,81,67,0,65,10,0,0,0,66,110,12,13,5,1,0,16,54,59,0,13,4,1,1,0,1,0,0,0,0,90,223,491,FINAL (ENTRADA MANUAL)
78,4,6,100,46,0,61,8,0,0,0,83,82,19,14,5,0,0,12,76,34,0,13,4,1,5,0,4,0,1,0,0,78,216,491,FINAL (ENTRADA MANUAL)
78,5,1,77,73,1,39,18,0,0,0,67,98,9,6,11,0,0,17,57,63,1,6,7,0,1,1,2,1,1,0,0,69,209,365,FINAL (ENTRADA MANUAL)
78,6,1,97,101,0,69,10,0,0,1,85,147,14,11,4,0,0,17,74,94,0,11,3,0,3,0,8,2,4,1,0,83,283,554,FINAL (ENTRADA MANUAL)
78,6,2,86,83,0,81,6,0,0,1,66,133,21,17,4,0,0,16,59,76,0,16,3,1,1,0,4,0,0,0,0,97,257,554,FINAL (ENTRADA MANUAL)
78,6,3,104,105,1,75,9,0,1,3,86,161,11,14,8,0,0,18,78,98,0,12,4,0,6,0,5,0,3,0,0,95,301,554,FINAL (ENTRADA MANUAL)
78,7,1,88,41,0,88,4,0,0,0,81,80,25,11,5,0,0,19,67,34,0,9,3,2,2,1,4,0,0,1,0,99,222,406,FINAL (ENTRADA MANUAL)
78,7,2,65,50,0,73,5,0,1,0,53,90,12,19,6,0,0,14,47,46,0,16,4,0,4,0,6,0,2,0,0,71,196,407,FINAL (ENTRADA MANUAL)
78,8,1,84,95,0,37,4,0,0,1,64,133,6,8,5,0,0,5,62,91,0,5,4,2,0,0,3,0,0,0,0,54,221,430,FINAL (ENTRADA MANUAL)
78,8,2,69,80,0,53,4,0,0,0,57,109,15,8,6,0,0,11,50,76,0,7,2,0,1,0,10,1,3,0,0,59,209,429,FINAL (ENTRADA MANUAL)
78,9,1,142,51,0,76,8,0,0,1,122,98,20,21,6,0,0,11,102,42,0,17,5,2,1,0,4,0,0,0,0,105,278,591,FINAL (ENTRADA MANUAL)
78,9,2,133,61,0,62,14,0,0,0,120,98,19,19,8,0,1,5,105,55,0,16,6,2,1,0,6,1,1,0,0,78,271,591,FINAL (ENTRADA MANUAL)
78,9,3,114,39,0,66,4,0,0,1,95,74,21,14,2,0,0,18,71,31,0,12,2,2,1,0,5,0,2,0,0,100,226,591,FINAL (ENTRADA MANUAL)
78,9,4,108,65,3,63,7,1,0,1,87,105,16,9,6,1,0,24,76,51,3,7,3,1,1,0,4,0,1,0,0,102,249,591,FINAL (ENTRADA MANUAL)
78,9,5,97,45,1,62,12,0,0,0,88,91,16,11,3,0,0,8,75,43,1,10,3,0,3,0,1,0,1,0,0,81,218,592,FINAL (ENTRADA MANUAL)
78,10,1,118,89,1,48,4,0,0,1,101,116,10,11,5,0,0,18,95,86,0,9,4,1,0,1,1,0,1,0,0,64,262,500,FINAL (ENTRADA MANUAL)
78,11,1,72,51,2,29,1,0,0,0,54,66,5,7,2,0,0,21,49,42,1,6,0,0,0,1,0,0,1,0,0,56,156,346,FINAL (ENTRADA MANUAL)
78,72,1,67,12,0,5,0,0,0,0,66,13,3,0,0,0,0,2,64,10,0,0,0,0,0,0,0,0,0,0,0,10,84,0,FINAL (ENTRADA MANUAL)
78,72,2,8,1,0,0,0,0,0,0,8,1,0,0,0,0,0,0,8,1,0,0,0,0,0,0,0,0,0,0,0,0,9,0,FINAL (ENTRADA MANUAL)
78,72,3,307,118,0,51,9,3,0,0,306,138,20,8,2,1,0,13,284,107,0,7,1,1,1,1,5,3,0,0,0,78,488,0,FINAL (ENTRADA MANUAL)
78,72,4,25,11,0,6,1,0,0,0,25,14,1,3,0,0,0,0,25,11,0,3,0,0,0,0,2,0,0,2,0,2,45,0,FINAL (ENTRADA MANUAL)
78,72,5,18,5,0,4,0,0,0,0,18,8,0,1,0,0,0,0,17,5,0,1,0,0,1,0,0,0,0,0,0,3,27,0,FINAL (ENTRADA MANUAL)
78,72,6,0,2,0,0,0,0,1,0,0,2,0,0,0,0,1,0,0,1,0,0,0,0,1,0,0,0,0,0,1,1,4,0,FINAL (ENTRADA MANUAL)
78,72,7,14,3,0,2,1,0,0,0,15,4,0,0,0,0,0,1,11,2,0,0,0,1,0,0,0,0,0,0,0,6,20,0,FINAL (ENTRADA MANUAL)
78,72,8,0,0,0,0,0,0,0,0,0,0,0,0,0,0,0,0,0,0,0,0,0,0,0,0,0,0,0,0,0,0,0,0,FINAL (ENTRADA MANUAL)
78,72,9,18,6,0,5,0,0,0,0,17,8,1,1,0,0,0,2,14,5,0,1,0,0,0,0,1,0,0,0,0,8,29,0,FINAL (ENTRADA MANUAL)
78,72,10,9,6,0,0,0,0,0,0,9,6,0,0,0,0,0,0,9,6,0,0,0,0,0,0,0,0,0,0,0,0,15,0,FINAL (ENTRADA MANUAL)
78,73,1,154,595,2,37,10,0,0,1,127,601,5,13,9,0,0,44,115,555,2,13,8,4,3,0,3,0,0,2,0,96,801,0,FINAL (ENTRADA MANUAL)
78,73,2,0,0,0,0,0,0,0,0,0,0,0,0,0,0,0,0,0,0,0,0,0,0,0,0,0,0,0,0,0,0,0,0,FINAL (ENTRADA MANUAL)
78,73,3,0,0,0,0,0,0,0,0,0,0,0,0,0,0,0,0,0,0,0,0,0,0,0,0,0,0,0,0,0,0,0,0,FINAL (ENTRADA MANUAL)
78,73,4,2,8,0,0,0,0,0,0,2,8,0,0,0,0,0,0,2,8,0,0,0,0,0,0,0,0,3,0,0,0,13,0,FINAL (ENTRADA MANUAL)
78,74,1,1,0,0,1,0,0,0,0,1,0,1,0,0,0,0,0,1,0,0,0,0,0,0,0,0,0,0,0,0,1,2,0,FINAL (ENTRADA MANUAL)
78,74,2,0,0,0,0,0,0,0,0,0,0,0,0,0,0,0,0,0,0,0,0,0,0,0,0,0,0,0,0,0,0,0,0,FINAL (ENTRADA MANUAL)
78,75,1,3,2,0,0,0,0,0,0,3,2,0,0,0,0,0,0,3,2,0,0,0,0,0,0,0,0,0,0,0,0,5,0,FINAL (ENTRADA MANUAL)
78,75,2,0,0,0,0,0,0,0,0,0,0,0,0,0,0,0,0,0,0,0,0,0,0,0,0,0,0,0,0,0,0,0,0,FINAL (ENTRADA MANUAL)
78,76,1,21,3,0,0,0,0,0,0,18,4,0,0,0,0,0,2,16,2,0,0,0,0,0,0,0,0,1,0,0,6,25,0,FINAL (ENTRADA MANUAL)
78,76,2,2,0,0,0,0,0,0,0,2,0,0,0,0,0,0,0,2,0,0,0,0,0,0,0,0,0,0,0,0,0,2,0,FINAL (ENTRADA MANUAL)
78,76,3,14,0,0,1,0,0,0,1,12,2,0,1,0,0,0,1,8,0,0,1,0,1,0,0,0,0,0,0,0,6,16,0,FINAL (ENTRADA MANUAL)
78,76,4,0,0,0,0,0,0,0,0,0,0,0,0,0,0,0,0,0,0,0,0,0,0,0,0,0,0,0,0,0,0,0,0,FINAL (ENTRADA MANUAL)
78,77,1,0,0,0,0,0,0,0,0,0,0,0,0,0,0,0,0,0,0,0,0,0,0,0,0,0,0,0,0,0,0,0,0,FINAL (ENTRADA MANUAL)
78,77,2,4,2,0,13,0,0,0,0,4,5,9,1,0,0,0,0,4,2,0,1,0,0,0,0,5,0,0,0,0,7,19,0,FINAL (ENTRADA MANUAL)
78,77,3,1,1,0,1,0,0,0,0,1,1,1,0,0,0,0,0,1,1,0,0,0,0,0,0,0,0,0,0,0,1,3,0,FINAL (ENTRADA MANUAL)
78,77,4,1,2,0,0,0,0,0,0,1,2,0,0,0,0,0,0,1,2,0,0,0,0,0,0,0,0,0,0,0,0,3,0,FINAL (ENTRADA MANUAL)
78,78,1,33,11,0,14,1,0,0,0,26,15,5,5,1,0,0,7,21,9,0,4,1,0,1,0,0,0,0,0,0,23,59,0,FINAL (ENTRADA MANUAL)
78,78,2,16,1,0,0,0,0,0,0,7,3,0,0,0,0,0,7,6,1,0,0,0,0,0,0,0,0,0,0,0,10,17,0,FINAL (ENTRADA MANUAL)
78,78,3,7,6,0,1,1,0,0,0,6,7,0,1,0,0,0,1,5,5,0,1,0,0,0,0,0,0,0,0,0,4,15,0,FINAL (ENTRADA MANUAL)
78,78,4,1,0,0,0,0,0,0,0,1,0,0,0,0,0,0,0,1,0,0,0,0,0,0,0,0,0,0,0,0,0,1,0,FINAL (ENTRADA MANUAL)
79,1,1,83,42,2,45,14,0,0,0,72,67,13,9,10,0,0,15,71,37,0,8,7,0,0,0,4,2,1,0,0,57,187,292,FINAL (ENTRADA MANUAL)
79,1,2,72,43,2,64,8,0,0,2,62,81,10,15,5,0,1,17,55,38,2,10,4,0,1,0,4,0,1,0,0,77,192,291,FINAL (ENTRADA MANUAL)
79,2,1,94,44,0,73,12,0,0,0,78,83,30,11,12,0,0,9,69,38,0,9,7,0,3,1,5,2,1,0,0,89,224,369,FINAL (ENTRADA MANUAL)
79,2,2,84,53,0,77,8,0,0,1,69,104,21,8,8,0,0,13,62,45,0,8,6,1,1,1,5,1,3,1,0,93,227,369,FINAL (ENTRADA MANUAL)
79,3,1,61,45,0,40,5,0,1,1,53,67,10,9,3,0,0,11,43,36,0,9,1,1,2,0,13,0,0,0,0,48,153,306,FINAL (ENTRADA MANUAL)
79,4,1,131,37,0,33,15,0,0,0,106,64,7,4,13,0,0,22,92,28,0,3,10,1,0,0,2,0,0,0,0,80,216,370,FINAL (ENTRADA MANUAL)
79,5,1,120,44,0,32,4,1,1,0,96,65,4,9,6,1,0,21,88,37,0,9,3,1,0,0,3,0,2,0,0,61,204,399,FINAL (ENTRADA MANUAL)
79,6,1,86,43,1,56,1,0,0,1,72,72,16,10,1,0,0,17,61,38,1,9,1,0,1,0,4,0,0,0,0,73,188,329,FINAL (ENTRADA MANUAL)
79,7,1,58,37,0,28,3,0,0,0,52,55,7,4,1,0,0,11,48,28,0,4,1,0,0,0,4,0,0,0,0,45,130,303,FINAL (ENTRADA MANUAL)
79,8,1,66,42,0,16,3,0,0,0,50,54,1,5,2,0,0,15,47,40,0,3,1,1,0,0,1,0,0,0,1,34,128,249,FINAL (ENTRADA MANUAL)
79,9,1,132,87,0,77,14,0,1,1,115,132,19,12,11,0,0,23,107,72,0,9,10,3,1,0,3,0,1,0,0,107,313,552,FINAL (ENTRADA MANUAL)
79,9,2,113,72,0,74,11,0,0,0,84,131,14,15,8,0,0,18,73,63,0,14,5,0,1,0,4,0,1,0,0,110,271,552,FINAL (ENTRADA MANUAL)
79,9,3,91,73,0,98,10,1,0,2,76,144,22,10,11,1,0,11,73,68,0,9,8,1,0,0,10,0,0,0,0,106,275,552,FINAL (ENTRADA MANUAL)
79,9,4,106,76,0,82,17,0,0,0,81,128,22,12,11,0,0,27,75,61,0,11,11,1,1,0,2,0,1,0,0,119,282,551,FINAL (ENTRADA MANUAL)
79,10,1,93,71,0,52,14,0,1,1,79,94,9,16,10,0,0,24,71,55,0,14,8,0,1,1,4,0,1,0,0,78,233,521,FINAL (ENTRADA MANUAL)
79,10,2,99,67,0,40,10,0,0,0,78,93,16,9,6,0,0,14,74,57,0,7,4,0,0,0,3,0,0,0,0,71,218,521,FINAL (ENTRADA MANUAL)
79,11,1,120,87,0,78,17,0,0,1,105,138,14,15,14,0,0,17,92,72,0,13,11,0,0,0,6,1,3,0,0,108,306,516,FINAL (ENTRADA MANUAL)
79,11,2,114,76,0,107,16,1,0,1,97,145,23,22,11,1,0,16,85,65,0,20,9,1,3,0,6,1,0,0,0,125,315,516,FINAL (ENTRADA MANUAL)
79,11,3,96,59,0,97,13,0,0,0,76,121,24,19,11,0,0,14,71,58,0,17,8,4,0,0,5,0,1,1,0,102,267,516,FINAL (ENTRADA MANUAL)
79,11,4,110,85,1,83,14,0,0,1,92,146,15,17,9,0,0,15,82,77,0,11,5,1,3,0,6,1,2,1,0,108,297,515,FINAL (ENTRADA MANUAL)
79,12,1,93,67,0,86,14,0,0,0,75,119,26,15,8,0,0,17,68,60,0,13,6,1,4,0,6,1,1,0,0,101,261,462,FINAL (ENTRADA MANUAL)
79,12,2,87,76,0,95,8,0,1,2,71,144,21,13,8,0,1,11,64,69,0,13,5,1,2,0,5,0,0,0,0,110,269,462,FINAL (ENTRADA MANUAL)
79,13,1,113,46,0,60,12,0,1,0,91,98,13,10,8,0,1,11,79,39,0,9,6,0,2,1,3,1,0,0,0,92,232,462,FINAL (ENTRADA MANUAL)
79,13,2,66,40,1,96,6,0,0,1,54,92,28,18,4,0,0,14,47,29,0,17,3,1,2,0,10,0,1,0,0,101,211,462,FINAL (ENTRADA MANUAL)
79,13,3,80,54,0,69,10,0,1,2,58,113,15,7,4,0,0,19,42,51,0,5,4,3,4,0,7,1,0,0,0,99,216,461,FINAL (ENTRADA MANUAL)
79,14,1,91,65,0,106,9,0,0,0,77,141,16,23,5,0,0,9,72,55,0,16,3,0,7,0,6,1,0,0,0,111,271,444,FINAL (ENTRADA MANUAL)
79,14,2,104,53,0,77,3,0,0,0,90,90,24,13,6,0,0,14,82,43,0,9,3,3,2,0,10,0,2,0,0,85,239,444,FINAL (ENTRADA MANUAL)
79,15,1,92,75,0,85,13,0,0,0,76,133,19,15,13,0,0,9,65,67,0,10,7,2,4,0,6,1,0,1,0,103,266,520,FINAL (ENTRADA MANUAL)
79,15,2,98,79,0,81,13,0,0,0,77,128,23,14,8,1,0,20,67,71,0,11,5,2,4,0,1,1,1,0,0,109,272,519,FINAL (ENTRADA MANUAL)
79,16,1,95,71,2,95,16,0,0,0,77,127,28,23,12,0,0,12,69,63,2,22,9,1,5,3,9,2,1,0,0,94,280,522,FINAL (ENTRADA MANUAL)
79,16,2,90,63,1,99,12,0,0,0,62,134,17,22,13,0,1,16,56,59,1,18,7,2,3,0,3,0,1,0,0,116,266,522,FINAL (ENTRADA MANUAL)
79,17,1,113,74,1,117,11,0,0,0,98,141,33,16,12,0,1,15,93,68,1,16,7,2,2,1,10,1,1,0,0,115,317,501,FINAL (ENTRADA MANUAL)
79,17,2,101,62,0,92,14,0,0,1,85,114,17,19,13,0,0,22,75,54,0,15,8,1,4,0,6,1,0,0,0,106,270,501,FINAL (ENTRADA MANUAL)
79,17,3,87,58,0,94,17,0,0,0,69,122,20,16,11,0,0,18,58,53,0,14,5,0,6,1,4,3,0,0,0,112,256,501,FINAL (ENTRADA MANUAL)
79,17,4,89,48,0,95,15,0,0,0,76,112,21,14,10,0,0,14,68,40,0,13,6,0,4,0,7,2,2,0,0,107,249,501,FINAL (ENTRADA MANUAL)
79,17,5,79,51,0,87,12,0,0,0,60,108,24,10,12,0,0,15,50,43,0,10,10,1,1,0,11,1,3,0,0,102,232,502,FINAL (ENTRADA MANUAL)
79,18,1,60,51,0,41,5,1,0,2,47,73,6,9,4,0,0,21,44,44,0,9,2,0,2,0,4,0,0,0,0,55,160,290,FINAL (ENTRADA MANUAL)
79,18,2,64,55,0,26,4,0,0,0,52,73,5,6,3,0,0,10,49,53,0,6,3,0,0,0,2,0,0,0,0,36,149,289,FINAL (ENTRADA MANUAL)
79,19,1,109,42,0,114,11,0,0,0,86,122,38,11,11,0,0,8,77,33,0,9,4,3,5,2,13,1,0,0,0,129,276,429,FINAL (ENTRADA MANUAL)
79,19,2,74,55,0,130,16,0,0,0,70,133,35,17,10,0,0,10,63,52,0,14,7,0,1,1,17,0,0,1,0,120,276,429,FINAL (ENTRADA MANUAL)
79,19,3,93,45,0,129,11,0,0,0,79,148,24,11,9,0,0,7,71,41,0,9,5,3,4,0,16,2,0,0,1,127,279,429,FINAL (ENTRADA MANUAL)
79,19,4,87,44,0,118,8,1,0,0,77,114,34,15,9,0,0,9,70,39,0,11,4,3,1,1,7,0,0,0,1,122,259,429,FINAL (ENTRADA MANUAL)
79,20,1,88,61,0,131,14,0,0,0,70,145,36,22,10,1,0,10,61,53,0,20,7,1,6,1,9,1,0,0,0,135,294,426,FINAL (ENTRADA MANUAL)
79,20,2,80,44,0,105,10,0,0,1,64,107,34,15,11,0,0,9,57,38,0,10,9,1,3,0,6,0,0,0,0,116,240,426,FINAL (ENTRADA MANUAL)
79,20,3,77,37,0,122,7,0,0,0,62,107,31,19,9,0,0,15,47,32,0,16,5,0,1,1,8,0,0,0,0,133,243,426,FINAL (ENTRADA MANUAL)
79,20,4,89,56,0,105,10,0,0,3,66,121,27,17,13,0,0,19,59,43,0,17,8,2,3,0,6,1,1,0,0,124,264,426,FINAL (ENTRADA MANUAL)
79,20,5,80,41,0,105,15,0,0,0,66,114,31,12,11,0,0,7,55,31,0,12,10,2,2,0,4,3,3,0,0,122,244,426,FINAL (ENTRADA MANUAL)
79,20,6,56,49,0,101,23,0,0,0,49,100,33,19,16,0,0,12,45,45,0,17,14,1,1,1,10,0,0,0,0,95,229,423,FINAL (ENTRADA MANUAL)
79,21,1,78,52,1,109,9,0,1,1,71,126,21,19,7,0,0,7,60,39,0,17,5,3,3,1,9,0,0,0,0,114,251,467,FINAL (ENTRADA MANUAL)
79,21,2,83,50,1,100,16,0,0,0,72,116,22,16,11,0,0,13,63,40,1,11,8,0,1,0,8,1,0,0,0,117,250,467,FINAL (ENTRADA MANUAL)
79,21,3,94,51,2,98,9,0,0,0,78,110,23,22,9,0,0,12,71,47,1,16,5,0,1,2,9,0,2,0,0,102,256,468,FINAL (ENTRADA MANUAL)
79,72,1,358,81,0,37,10,5,1,1,345,106,11,6,4,0,1,20,313,69,0,6,4,8,1,0,7,1,0,0,1,84,494,0,FINAL (ENTRADA MANUAL)
79,72,2,71,14,0,4,2,3,0,0,75,15,0,2,0,0,0,2,65,12,0,2,0,3,1,0,0,0,0,0,0,0,95,0,FINAL (ENTRADA MANUAL)
79,72,3,372,70,0,49,11,0,1,1,350,101,25,10,6,0,0,12,331,56,0,9,6,3,3,1,12,0,0,0,1,83,505,0,FINAL (ENTRADA MANUAL)
79,72,4,38,11,0,4,0,0,0,5,39,11,3,0,1,0,0,4,37,10,0,0,0,0,2,0,3,0,4,0,0,2,58,0,FINAL (ENTRADA MANUAL)
79,72,5,71,9,0,15,2,0,0,0,68,18,7,0,1,0,0,3,60,8,0,0,1,0,0,0,1,0,0,0,0,27,97,0,FINAL (ENTRADA MANUAL)
79,72,6,11,2,0,3,0,0,0,0,8,3,0,2,0,0,0,3,8,2,0,2,0,0,0,0,0,0,0,0,0,4,16,0,FINAL (ENTRADA MANUAL)
79,72,7,6,3,0,0,0,0,0,0,6,3,0,0,0,0,0,0,6,3,0,0,0,0,0,0,0,0,0,0,0,0,9,0,FINAL (ENTRADA MANUAL)
79,72,8,6,5,0,0,0,0,0,0,6,5,0,0,0,0,0,0,6,5,0,0,0,0,0,0,0,0,2,0,0,0,13,0,FINAL (ENTRADA MANUAL)
79,72,9,43,15,0,0,1,2,0,0,43,17,1,0,0,0,0,0,36,14,0,0,0,2,1,0,0,0,0,0,0,8,61,0,FINAL (ENTRADA MANUAL)
79,72,10,0,0,0,0,0,0,0,0,0,0,0,0,0,0,0,0,0,0,0,0,0,0,0,0,0,0,0,0,0,0,0,0,FINAL (ENTRADA MANUAL)
79,72,11,1,1,0,0,0,0,0,0,1,0,0,0,0,0,0,1,1,0,0,0,0,0,0,0,0,0,0,0,0,1,2,0,FINAL (ENTRADA MANUAL)
79,73,1,100,320,0,33,2,0,0,1,73,325,11,8,0,0,0,39,65,284,0,7,0,2,3,0,3,0,0,0,0,92,464,0,FINAL (ENTRADA MANUAL)
79,73,2,0,0,0,0,0,0,0,0,0,0,0,0,0,0,0,0,0,0,0,0,0,0,0,0,0,0,0,0,0,0,0,0,FINAL (ENTRADA MANUAL)
79,73,3,32,134,0,7,1,0,0,4,28,134,0,5,1,0,0,6,27,120,0,5,1,1,0,0,0,0,6,0,0,21,181,0,FINAL (ENTRADA MANUAL)
79,74,1,1,0,0,1,0,0,0,0,1,1,0,0,0,0,0,0,1,0,0,0,0,0,0,0,1,0,0,0,0,0,2,0,FINAL (ENTRADA MANUAL)
79,74,2,0,0,0,0,0,0,0,0,0,0,0,0,0,0,0,0,0,0,0,0,0,0,0,0,0,0,0,0,0,0,0,0,FINAL (ENTRADA MANUAL)
79,75,1,3,1,0,0,0,0,0,0,3,1,0,0,0,0,0,0,3,1,0,0,0,0,0,0,0,0,0,0,0,0,4,0,FINAL (ENTRADA MANUAL)
79,75,2,0,0,0,0,0,0,0,0,0,0,0,0,0,0,0,0,0,0,0,0,0,0,0,0,0,0,0,0,0,0,0,0,FINAL (ENTRADA MANUAL)
79,76,1,51,2,0,2,1,0,0,0,44,6,1,1,0,0,0,4,32,2,0,1,0,0,0,0,0,0,3,0,0,21,59,0,FINAL (ENTRADA MANUAL)
79,76,2,1,1,0,0,0,0,0,0,1,1,0,0,0,0,0,0,1,1,0,0,0,0,0,0,0,0,0,0,0,0,2,0,FINAL (ENTRADA MANUAL)
79,76,3,3,0,0,1,0,0,0,0,2,1,0,0,0,0,0,1,2,0,0,0,0,0,0,0,0,0,0,0,0,2,4,0,FINAL (ENTRADA MANUAL)
79,76,4,0,1,0,0,0,0,0,0,0,1,0,0,0,0,0,0,0,1,0,0,0,0,0,0,0,0,0,0,0,0,1,0,FINAL (ENTRADA MANUAL)
79,76,5,1,0,0,0,0,0,0,0,0,0,0,0,0,0,0,1,0,0,0,0,0,0,0,0,0,0,0,0,0,1,1,0,FINAL (ENTRADA MANUAL)
79,76,6,0,1,0,0,0,0,0,0,0,1,0,0,0,0,0,0,0,1,0,0,0,0,0,0,0,0,0,0,0,0,1,0,FINAL (ENTRADA MANUAL)
79,77,1,7,8,0,35,0,0,0,1,8,12,20,8,1,0,0,2,7,6,0,8,0,0,1,0,5,0,0,0,0,24,51,0,FINAL (ENTRADA MANUAL)
79,77,2,2,2,0,1,0,0,0,0,0,4,1,0,0,0,0,0,0,2,0,0,0,0,0,0,0,0,0,0,0,3,5,0,FINAL (ENTRADA MANUAL)
79,77,3,3,4,0,3,0,0,0,0,2,7,1,0,0,0,0,0,2,4,0,0,0,0,0,0,0,0,0,0,0,4,10,0,FINAL (ENTRADA MANUAL)
79,78,1,71,23,0,32,5,1,2,1,46,50,7,6,7,0,0,18,41,19,0,5,3,0,2,0,3,1,0,0,0,60,134,0,FINAL (ENTRADA MANUAL)
79,78,2,30,2,0,2,0,0,2,0,20,5,0,1,0,0,0,10,14,1,0,0,0,1,1,0,0,0,0,0,0,20,37,0,FINAL (ENTRADA MANUAL)
79,78,3,2,5,0,3,1,0,0,0,1,5,1,1,1,0,0,2,1,5,0,1,1,0,0,0,0,0,0,0,0,3,11,0,FINAL (ENTRADA MANUAL)
79,78,4,0,0,0,0,0,0,0,0,0,0,0,0,0,0,0,0,0,0,0,0,0,0,0,0,0,0,0,0,0,0,0,0,FINAL (ENTRADA MANUAL)
80,1,1,94,64,0,77,6,0,0,0,81,114,15,15,7,0,0,9,74,61,0,14,4,1,7,2,9,0,2,0,0,69,243,410,FINAL (ENTRADA MANUAL)
80,1,2,94,51,0,66,10,0,0,1,83,92,7,21,8,0,0,11,77,45,0,20,7,0,3,0,4,2,1,0,0,64,223,410,FINAL (ENTRADA MANUAL)
80,1,3,68,69,0,88,10,0,0,1,57,117,25,21,10,1,0,5,54,62,0,20,9,1,5,0,18,0,0,0,0,67,236,411,FINAL (ENTRADA MANUAL)
80,2,1,89,61,1,87,8,0,0,0,80,110,15,17,6,0,1,17,69,57,0,15,6,2,2,1,6,0,1,0,0,88,247,456,FINAL (ENTRADA MANUAL)
80,2,2,91,74,0,65,9,0,1,1,82,117,17,6,9,0,0,10,78,67,0,6,6,0,0,0,8,0,1,0,0,76,242,456,FINAL (ENTRADA MANUAL)
80,2,3,94,65,0,80,10,0,0,2,80,119,20,14,9,0,0,9,72,59,0,12,7,0,1,1,7,0,0,0,0,92,251,456,FINAL (ENTRADA MANUAL)
80,2,4,104,70,1,70,12,0,0,0,88,122,11,12,8,0,0,16,83,63,1,12,7,0,0,1,4,0,0,0,0,86,257,454,FINAL (ENTRADA MANUAL)
80,3,1,90,81,0,85,13,1,0,0,77,129,27,17,8,0,0,12,67,74,0,14,7,1,2,0,8,0,0,0,0,97,270,489,FINAL (ENTRADA MANUAL)
80,3,2,111,78,0,70,5,0,0,0,101,99,23,17,7,0,0,17,95,70,0,16,4,1,2,0,6,0,0,0,0,70,264,489,FINAL (ENTRADA MANUAL)
80,3,3,117,63,0,71,8,0,0,0,102,108,16,18,7,0,0,8,94,61,0,17,5,0,2,0,6,1,0,0,0,73,259,489,FINAL (ENTRADA MANUAL)
80,3,4,87,68,1,66,1,0,0,1,78,106,13,11,1,0,0,15,73,65,1,9,0,0,4,0,9,0,0,0,1,63,225,489,FINAL (ENTRADA MANUAL)
80,4,1,96,66,0,34,3,0,0,0,86,76,12,5,4,0,0,16,83,59,0,5,1,0,0,0,2,1,0,0,0,48,199,411,FINAL (ENTRADA MANUAL)
80,4,2,95,76,0,47,6,0,0,0,76,98,15,9,3,0,0,23,71,66,0,8,2,0,0,0,6,0,0,0,0,71,224,411,FINAL (ENTRADA MANUAL)
80,4,3,102,65,0,28,4,0,0,0,91,80,10,7,5,0,0,6,85,61,0,7,3,0,1,0,3,0,2,0,0,39,201,412,FINAL (ENTRADA MANUAL)
80,5,1,97,84,0,86,21,0,0,0,89,132,18,12,18,0,0,19,79,77,0,11,14,0,1,0,3,0,1,0,0,103,289,550,FINAL (ENTRADA MANUAL)
80,5,2,116,100,0,66,11,0,0,0,92,135,17,10,13,0,0,26,86,86,0,10,7,0,2,0,6,1,1,0,0,95,294,550,FINAL (ENTRADA MANUAL)
80,5,3,123,81,0,87,12,0,0,0,101,139,13,17,11,0,0,22,90,69,0,15,7,0,0,0,3,0,0,0,0,119,303,550,FINAL (ENTRADA MANUAL)
80,5,4,102,67,1,82,12,2,4,5,83,124,13,14,16,0,3,22,69,58,0,12,8,4,7,0,4,0,1,0,0,113,276,550,FINAL (ENTRADA MANUAL)
80,5,5,113,70,1,74,10,0,0,0,94,122,17,14,11,0,0,10,83,66,1,11,6,2,2,0,8,0,1,0,0,89,269,550,FINAL (ENTRADA MANUAL)
80,5,6,103,81,0,73,4,0,1,0,81,125,26,9,3,1,0,17,78,74,0,9,2,1,0,0,6,1,1,0,0,91,263,547,FINAL (ENTRADA MANUAL)
80,6,1,86,92,1,59,9,0,0,0,80,133,8,12,5,0,0,9,74,82,0,10,2,2,2,0,4,0,0,0,0,71,247,480,FINAL (ENTRADA MANUAL)
80,6,2,109,64,0,70,15,0,0,0,91,112,15,8,14,0,0,18,83,62,0,8,10,2,3,0,6,0,0,0,0,84,258,480,FINAL (ENTRADA MANUAL)
80,7,1,123,100,0,69,6,0,0,0,108,126,24,18,5,0,0,17,106,92,0,17,3,0,4,0,11,0,1,0,0,65,299,538,FINAL (ENTRADA MANUAL)
80,7,2,102,90,1,66,5,0,0,0,92,126,16,13,2,0,0,15,86,81,1,10,1,1,2,0,7,0,0,0,0,75,264,538,FINAL (ENTRADA MANUAL)
80,72,1,285,48,0,19,1,0,1,0,277,48,10,5,5,0,1,8,270,40,0,5,1,5,1,0,8,0,0,0,0,24,354,0,FINAL (ENTRADA MANUAL)
80,72,2,43,4,0,2,0,0,0,0,43,4,1,1,0,0,0,0,42,4,0,1,0,0,0,0,1,0,2,0,0,1,51,0,FINAL (ENTRADA MANUAL)
80,72,3,388,52,0,34,3,3,4,0,377,79,11,6,2,0,0,9,362,48,0,4,2,9,9,0,3,0,0,0,1,47,485,0,FINAL (ENTRADA MANUAL)
80,72,4,62,8,0,6,2,0,0,1,61,9,1,4,2,0,0,2,61,8,0,4,2,0,1,0,1,0,0,1,0,1,79,0,FINAL (ENTRADA MANUAL)
80,72,5,48,10,0,3,1,0,0,0,45,14,0,2,1,0,0,0,45,10,0,1,1,0,0,0,1,0,0,0,0,4,62,0,FINAL (ENTRADA MANUAL)
80,72,6,9,1,0,0,0,0,0,0,9,1,0,0,0,0,0,0,9,1,0,0,0,0,0,0,0,0,0,0,0,0,10,0,FINAL (ENTRADA MANUAL)
80,72,7,29,3,0,2,0,0,0,0,29,4,0,0,0,0,0,0,29,3,0,0,0,0,0,0,0,0,0,0,0,2,34,0,FINAL (ENTRADA MANUAL)
80,72,8,1,1,0,0,0,0,0,0,1,1,0,0,0,0,0,0,1,1,0,0,0,0,0,0,0,0,0,0,0,0,2,0,FINAL (ENTRADA MANUAL)
80,72,9,1,0,0,0,0,0,0,0,1,0,0,0,0,0,0,0,1,0,0,0,0,0,0,0,0,0,0,0,0,0,1,0,FINAL (ENTRADA MANUAL)
80,72,10,4,1,0,0,0,0,0,0,4,1,0,0,0,0,0,0,4,1,0,0,0,0,0,0,0,0,0,0,0,0,5,0,FINAL (ENTRADA MANUAL)
80,72,11,7,3,0,0,0,1,0,0,8,3,0,0,0,0,0,0,6,3,0,0,0,1,0,0,0,0,0,0,0,1,11,0,FINAL (ENTRADA MANUAL)
80,73,1,82,436,0,25,4,0,0,1,66,414,5,10,2,0,0,51,60,384,0,10,2,0,1,0,3,0,0,0,0,88,548,0,FINAL (ENTRADA MANUAL)
80,73,2,0,0,0,0,0,0,0,0,0,0,0,0,0,0,0,0,0,0,0,0,0,0,0,0,0,0,0,0,0,0,0,0,FINAL (ENTRADA MANUAL)
80,73,3,15,77,1,3,0,0,0,0,14,79,1,2,0,0,0,0,14,76,1,2,0,1,0,0,0,0,0,0,0,2,96,0,FINAL (ENTRADA MANUAL)
80,74,1,0,0,0,0,0,0,0,0,0,0,0,0,0,0,0,0,0,0,0,0,0,0,0,0,0,0,0,0,0,0,0,0,FINAL (ENTRADA MANUAL)
80,74,2,0,0,0,0,0,0,0,0,0,0,0,0,0,0,0,0,0,0,0,0,0,0,0,0,0,0,0,0,0,0,0,0,FINAL (ENTRADA MANUAL)
80,75,1,0,0,0,0,0,0,1,0,1,0,0,0,0,0,0,0,0,0,0,0,0,1,0,0,0,0,2,0,0,0,3,0,FINAL (ENTRADA MANUAL)
80,75,2,0,0,0,0,0,0,0,0,0,0,0,0,0,0,0,0,0,0,0,0,0,0,0,0,0,0,0,0,0,0,0,0,FINAL (ENTRADA MANUAL)
80,76,1,19,1,0,0,0,0,0,0,15,3,0,0,0,0,0,2,14,1,0,0,0,0,0,0,0,0,0,0,0,5,20,0,FINAL (ENTRADA MANUAL)
80,76,2,1,0,0,0,0,0,0,0,1,0,0,0,0,0,0,0,1,0,0,0,0,0,0,0,0,0,0,0,0,0,1,0,FINAL (ENTRADA MANUAL)
80,76,3,3,0,0,0,0,0,0,1,2,1,0,0,1,0,0,0,1,0,0,0,0,0,0,0,0,0,0,0,0,3,4,0,FINAL (ENTRADA MANUAL)
80,76,4,0,0,0,0,0,0,0,0,0,0,0,0,0,0,0,0,0,0,0,0,0,0,0,0,0,0,0,0,0,0,0,0,FINAL (ENTRADA MANUAL)
80,76,5,0,0,0,0,0,0,0,0,0,0,0,0,0,0,0,0,0,0,0,0,0,0,0,0,0,0,0,0,0,0,0,0,FINAL (ENTRADA MANUAL)
80,77,1,0,0,0,0,0,0,0,0,0,0,0,0,0,0,0,0,0,0,0,0,0,0,0,0,0,0,0,0,0,0,0,0,FINAL (ENTRADA MANUAL)
80,77,2,5,9,0,7,0,0,0,0,5,11,4,1,0,0,0,0,5,9,0,1,0,0,0,0,0,0,0,0,0,6,21,0,FINAL (ENTRADA MANUAL)
80,77,3,0,1,2,1,0,0,0,0,0,1,3,0,0,0,0,0,0,1,0,0,0,0,0,0,0,0,0,0,0,3,4,0,FINAL (ENTRADA MANUAL)
80,77,4,0,0,0,1,0,0,0,0,0,1,0,0,0,0,0,0,0,0,0,0,0,0,0,0,0,0,0,0,0,1,1,0,FINAL (ENTRADA MANUAL)
80,77,5,1,6,0,0,1,0,0,0,1,6,0,0,1,0,0,0,1,6,0,0,1,0,0,0,0,0,0,0,0,0,8,0,FINAL (ENTRADA MANUAL)
80,78,1,11,16,0,8,3,0,0,0,8,20,4,1,3,0,0,2,8,15,0,1,0,0,0,0,0,0,0,0,0,14,38,0,FINAL (ENTRADA MANUAL)
80,78,2,15,0,0,1,0,0,1,0,9,2,1,1,0,0,0,4,7,0,0,1,0,0,1,0,0,0,0,0,0,8,17,0,FINAL (ENTRADA MANUAL)
80,78,3,2,1,0,3,1,0,0,0,2,3,2,0,0,0,0,0,2,1,0,0,0,0,0,0,0,0,0,0,0,4,7,0,FINAL (ENTRADA MANUAL)
80,78,4,0,0,0,0,0,0,0,0,0,0,0,0,0,0,0,0,0,0,0,0,0,0,0,0,0,0,0,0,0,0,0,0,FINAL (ENTRADA MANUAL)
112,1,1,69,66,0,41,9,0,0,0,61,98,5,7,6,0,0,8,57,63,0,6,5,3,1,0,5,0,0,0,0,45,185,379,FINAL (ENTRADA MANUAL)
112,1,2,74,88,0,41,4,0,0,0,70,123,5,3,4,0,0,2,68,79,0,3,4,1,2,0,2,0,1,0,1,48,209,379,FINAL (ENTRADA MANUAL)
112,1,3,100,68,0,28,11,0,0,0,91,97,3,6,5,0,0,5,90,64,0,5,3,2,1,1,2,4,0,0,0,35,207,379,FINAL (ENTRADA MANUAL)
112,2,1,106,30,0,49,4,1,0,1,101,63,8,10,3,0,0,6,94,28,0,10,2,1,0,0,5,1,0,0,0,50,191,330,FINAL (ENTRADA MANUAL)
112,2,2,109,33,0,40,3,0,0,0,95,69,10,5,3,0,0,3,82,28,0,4,2,3,2,0,2,0,1,0,0,62,186,330,FINAL (ENTRADA MANUAL)
112,2,3,127,15,0,32,10,0,0,0,119,39,10,7,4,0,0,5,113,12,0,7,3,0,1,0,0,0,0,0,0,48,184,329,FINAL (ENTRADA MANUAL)
112,3,1,119,67,1,55,5,0,0,0,100,107,12,15,3,0,0,10,87,61,0,11,3,1,3,0,2,0,1,0,0,79,248,486,FINAL (ENTRADA MANUAL)
112,3,2,94,87,0,57,13,0,0,0,78,135,7,9,11,0,0,11,68,77,0,8,9,2,2,0,4,0,0,0,0,81,251,486,FINAL (ENTRADA MANUAL)
112,3,3,89,83,0,76,10,0,0,0,75,138,17,16,7,0,0,5,73,77,0,15,4,3,5,0,9,0,1,0,0,72,259,486,FINAL (ENTRADA MANUAL)
112,72,1,15,5,0,0,0,0,0,0,15,5,0,0,0,0,0,0,14,5,0,0,0,0,0,0,0,0,1,0,0,1,21,0,FINAL (ENTRADA MANUAL)
112,72,2,1,0,0,0,0,0,0,0,1,0,0,0,0,0,0,0,1,0,0,0,0,0,0,0,0,0,0,0,0,0,1,0,FINAL (ENTRADA MANUAL)
112,72,3,109,71,0,8,0,0,0,0,105,78,0,2,0,0,0,3,99,68,0,2,0,0,1,0,0,0,0,0,0,18,188,0,FINAL (ENTRADA MANUAL)
112,72,4,27,13,0,1,0,0,0,0,26,14,0,0,0,0,0,1,26,12,0,0,0,1,1,0,0,0,0,0,0,1,41,0,FINAL (ENTRADA MANUAL)
112,72,5,10,5,0,0,0,0,0,0,9,6,0,0,0,0,0,0,9,5,0,0,0,0,0,0,0,0,0,0,0,1,15,0,FINAL (ENTRADA MANUAL)
112,72,6,5,0,0,0,0,0,0,0,5,0,0,0,0,0,0,0,5,0,0,0,0,0,0,0,0,0,0,0,0,0,5,0,FINAL (ENTRADA MANUAL)
112,72,7,4,2,0,0,0,0,0,0,4,2,0,0,0,0,0,0,4,2,0,0,0,0,0,0,0,0,0,0,0,0,6,0,FINAL (ENTRADA MANUAL)
112,72,8,0,1,0,0,0,0,0,0,0,1,0,0,0,0,0,0,0,1,0,0,0,0,0,0,0,0,0,0,0,0,1,0,FINAL (ENTRADA MANUAL)
112,73,1,37,48,0,0,0,0,0,0,37,47,0,0,0,0,0,1,36,46,0,0,0,0,0,0,0,0,0,0,0,3,85,0,FINAL (ENTRADA MANUAL)
112,73,2,0,0,0,0,0,0,0,0,0,0,0,0,0,0,0,0,0,0,0,0,0,0,0,0,0,0,0,0,0,0,0,0,FINAL (ENTRADA MANUAL)
112,74,1,0,0,0,0,0,0,0,0,0,0,0,0,0,0,0,0,0,0,0,0,0,0,0,0,0,0,0,0,0,0,0,0,FINAL (ENTRADA MANUAL)
112,74,2,0,0,0,0,0,0,0,0,0,0,0,0,0,0,0,0,0,0,0,0,0,0,0,0,0,0,0,0,0,0,0,0,FINAL (ENTRADA MANUAL)
112,75,1,0,0,0,0,0,0,0,0,0,0,0,0,0,0,0,0,0,0,0,0,0,0,0,0,0,0,0,0,0,0,0,0,FINAL (ENTRADA MANUAL)
112,76,1,2,0,0,0,0,0,0,0,1,0,0,0,0,0,0,1,1,0,0,0,0,0,0,0,0,0,0,0,0,1,2,0,FINAL (ENTRADA MANUAL)
112,76,2,0,0,0,0,0,0,0,0,0,0,0,0,0,0,0,0,0,0,0,0,0,0,0,0,0,0,0,0,0,0,0,0,FINAL (ENTRADA MANUAL)
112,76,3,1,0,0,0,0,0,0,0,1,0,0,0,0,0,0,0,1,0,0,0,0,0,0,0,0,0,0,0,0,0,1,0,FINAL (ENTRADA MANUAL)
112,77,1,1,1,0,3,0,0,0,0,2,2,1,0,0,0,0,0,1,1,0,0,0,0,1,0,0,0,0,0,0,2,5,0,FINAL (ENTRADA MANUAL)
112,77,2,0,0,0,0,0,0,0,0,0,0,0,0,0,0,0,0,0,0,0,0,0,0,0,0,0,0,0,0,0,0,0,0,FINAL (ENTRADA MANUAL)
112,78,1,2,0,0,0,0,0,0,0,1,1,0,0,0,0,0,0,1,0,0,0,0,0,0,0,0,0,0,0,0,1,2,0,FINAL (ENTRADA MANUAL)
112,78,2,0,0,0,0,0,0,0,0,0,0,0,0,0,0,0,0,0,0,0,0,0,0,0,0,0,0,0,0,0,0,0,0,FINAL (ENTRADA MANUAL)
112,78,3,3,0,0,0,0,0,0,0,2,0,0,0,0,0,0,1,2,0,0,0,0,0,0,0,0,0,0,0,0,1,3,0,FINAL (ENTRADA MANUAL)
112,78,4,0,0,0,0,0,0,0,0,0,0,0,0,0,0,0,0,0,0,0,0,0,0,0,0,0,0,0,0,0,0,0,0,FINAL (ENTRADA MANUAL)
113,1,1,159,43,0,56,6,0,0,0,126,90,3,14,6,0,0,25,116,38,0,13,3,0,0,0,6,0,1,0,0,88,265,671,FINAL (ENTRADA MANUAL)
113,2,1,97,80,0,43,10,0,0,1,86,104,11,4,8,0,0,18,78,72,0,4,7,1,1,0,2,0,2,0,0,66,233,680,FINAL (ENTRADA MANUAL)
113,3,1,97,92,0,59,8,0,0,0,87,119,23,12,6,0,0,9,85,87,0,11,5,2,1,2,7,1,0,0,0,55,256,752,FINAL (ENTRADA MANUAL)
113,3,2,108,67,1,67,17,0,0,0,93,107,15,15,12,1,0,17,86,61,0,14,11,3,1,0,4,0,2,0,0,80,262,752,FINAL (ENTRADA MANUAL)
113,72,1,20,10,0,3,1,0,0,0,20,10,3,0,1,0,0,0,20,8,0,0,1,0,0,0,0,0,0,0,0,5,34,0,FINAL (ENTRADA MANUAL)
113,72,2,1,0,0,0,0,0,0,0,1,0,0,0,0,0,0,0,1,0,0,0,0,0,0,0,0,0,0,0,0,0,1,0,FINAL (ENTRADA MANUAL)
113,72,3,225,59,1,12,6,0,0,0,216,72,4,4,3,0,0,4,210,52,0,3,3,2,0,0,0,1,0,0,2,32,305,0,FINAL (ENTRADA MANUAL)
113,72,4,60,14,0,7,3,0,0,0,55,20,3,3,0,0,0,0,55,14,0,3,0,0,1,0,1,0,0,5,0,10,89,0,FINAL (ENTRADA MANUAL)
113,72,5,30,2,0,2,0,0,0,0,29,3,1,0,0,0,1,1,29,1,0,0,0,0,0,0,0,0,0,0,1,4,35,0,FINAL (ENTRADA MANUAL)
113,72,6,6,1,0,1,0,0,0,0,5,1,0,1,0,0,0,1,5,1,0,1,0,0,0,0,0,0,0,0,1,1,9,0,FINAL (ENTRADA MANUAL)
113,72,7,55,9,0,2,0,0,0,1,54,11,1,0,0,0,0,1,53,6,0,0,0,0,0,0,0,0,0,0,1,8,69,0,FINAL (ENTRADA MANUAL)
113,72,8,5,1,0,1,0,0,0,0,5,1,1,0,0,0,0,0,5,1,0,0,0,0,0,0,1,0,0,0,0,0,7,0,FINAL (ENTRADA MANUAL)
113,72,9,5,1,0,0,0,0,0,0,5,1,0,0,0,0,0,0,2,1,0,0,0,0,0,0,0,0,0,0,0,3,6,0,FINAL (ENTRADA MANUAL)
113,73,1,47,125,0,14,1,0,0,1,31,127,6,3,0,0,0,21,23,115,0,3,0,0,2,0,0,0,0,0,0,45,186,0,FINAL (ENTRADA MANUAL)
113,73,2,29,107,0,4,1,0,0,0,23,105,1,2,1,0,0,9,23,101,0,2,1,0,0,0,1,0,2,0,0,13,143,0,FINAL (ENTRADA MANUAL)
113,74,1,0,0,0,0,0,0,0,0,0,0,0,0,0,0,0,0,0,0,0,0,0,0,0,0,0,0,0,0,0,0,0,0,FINAL (ENTRADA MANUAL)
113,74,2,0,0,0,0,0,0,0,0,0,0,0,0,0,0,0,0,0,0,0,0,0,0,0,0,0,0,0,0,0,0,0,0,FINAL (ENTRADA MANUAL)
113,75,1,0,0,0,0,0,0,0,0,0,0,0,0,0,0,0,0,0,0,0,0,0,0,0,0,0,0,0,0,0,0,0,0,FINAL (ENTRADA MANUAL)
113,76,1,6,1,0,0,0,0,0,0,4,2,0,0,0,0,0,1,4,1,0,0,0,0,0,0,0,0,0,0,0,2,7,0,FINAL (ENTRADA MANUAL)
113,76,2,0,0,0,0,0,0,0,0,0,0,0,0,0,0,0,0,0,0,0,0,0,0,0,0,0,0,0,0,0,0,0,0,FINAL (ENTRADA MANUAL)
113,76,3,4,0,0,0,0,0,0,0,3,0,0,0,0,0,0,1,2,0,0,0,0,0,0,0,0,0,0,0,0,2,4,0,FINAL (ENTRADA MANUAL)
113,76,4,1,0,0,0,0,0,0,0,1,0,0,0,0,0,0,0,1,0,0,0,0,0,0,0,0,0,0,0,0,0,1,0,FINAL (ENTRADA MANUAL)
113,77,1,6,0,0,1,0,0,0,0,6,0,1,0,0,0,0,0,6,0,0,0,0,0,0,0,0,0,0,0,0,1,7,0,FINAL (ENTRADA MANUAL)
113,77,2,12,7,0,1,0,0,0,0,12,7,1,0,0,0,0,0,12,7,0,0,0,0,0,0,1,0,0,0,0,0,20,0,FINAL (ENTRADA MANUAL)
113,77,3,0,1,0,1,0,0,0,0,0,1,1,0,0,0,0,0,0,1,0,0,0,0,0,0,0,0,0,0,0,1,2,0,FINAL (ENTRADA MANUAL)
113,78,1,7,12,0,2,0,0,0,0,5,12,1,0,0,0,0,3,5,8,0,0,0,0,0,0,0,0,0,0,0,8,21,0,FINAL (ENTRADA MANUAL)
113,78,2,3,0,0,0,0,0,0,0,3,0,0,0,0,0,0,0,2,0,0,0,0,0,0,0,0,0,1,0,0,1,4,0,FINAL (ENTRADA MANUAL)
113,78,3,0,0,0,0,0,0,0,0,0,0,0,0,0,0,0,0,0,0,0,0,0,0,0,0,0,0,0,0,0,0,0,0,FINAL (ENTRADA MANUAL)
113,78,4,0,0,0,0,0,0,0,0,0,0,0,0,0,0,0,0,0,0,0,0,0,0,0,0,0,0,0,0,0,0,0,0,FINAL (ENTRADA MANUAL)
82,1,1,63,61,0,66,16,0,0,0,50,114,21,8,8,0,0,5,47,57,0,7,5,1,1,3,9,0,0,0,0,76,206,339,FINAL (ENTRADA MANUAL)
82,1,2,78,43,0,66,13,1,0,0,63,81,21,14,12,0,0,10,55,39,0,13,9,3,0,1,7,1,2,0,0,73,203,339,FINAL (ENTRADA MANUAL)
82,1,3,64,37,0,65,16,0,0,1,53,76,21,13,11,0,0,9,44,32,0,10,9,3,1,1,5,1,0,1,0,77,184,339,FINAL (ENTRADA MANUAL)
82,2,1,80,31,0,69,16,0,0,1,68,77,19,15,10,0,0,8,59,28,0,13,6,1,1,1,8,5,1,0,0,75,198,407,FINAL (ENTRADA MANUAL)
82,2,2,74,18,0,63,13,0,0,0,61,50,21,12,13,1,0,10,54,15,0,11,10,2,1,0,7,0,1,0,0,68,169,407,FINAL (ENTRADA MANUAL)
82,3,1,110,64,1,110,14,0,1,0,92,143,29,15,10,0,0,11,82,57,0,14,9,4,3,2,17,2,0,0,0,110,300,525,FINAL (ENTRADA MANUAL)
82,3,2,81,45,0,96,12,0,0,0,71,109,24,13,8,0,0,9,61,36,0,12,6,0,4,2,16,0,0,0,0,97,234,525,FINAL (ENTRADA MANUAL)
82,3,3,105,50,0,113,9,0,0,1,86,121,40,18,11,0,0,2,77,45,0,15,7,2,3,3,12,0,0,0,0,114,278,525,FINAL (ENTRADA MANUAL)
82,4,1,88,55,0,65,12,0,0,0,68,95,14,12,12,0,1,18,57,42,0,11,7,4,3,0,6,0,0,0,1,90,221,432,FINAL (ENTRADA MANUAL)
82,4,2,77,52,0,56,13,0,0,1,64,97,9,8,12,0,0,9,48,44,0,5,11,0,2,0,4,0,1,0,0,85,200,432,FINAL (ENTRADA MANUAL)
82,4,3,78,61,0,56,14,0,0,1,65,112,18,5,6,0,0,4,53,56,0,5,6,1,1,1,7,3,0,0,0,77,210,432,FINAL (ENTRADA MANUAL)
82,5,1,74,37,0,144,17,0,0,0,63,144,34,18,11,0,0,2,53,35,0,13,7,2,3,1,18,1,0,0,0,139,272,403,FINAL (ENTRADA MANUAL)
82,5,2,87,37,0,141,16,0,0,0,76,123,55,10,12,0,0,5,69,30,0,8,10,2,9,5,22,0,1,0,0,126,282,403,FINAL (ENTRADA MANUAL)
82,5,3,83,37,0,127,18,1,0,1,73,120,45,13,13,0,0,3,65,37,0,9,13,6,3,0,11,1,0,0,0,122,267,403,FINAL (ENTRADA MANUAL)
82,5,4,71,31,0,143,18,1,0,1,62,119,46,24,12,0,0,2,54,28,0,20,10,1,4,1,24,1,0,0,0,122,265,403,FINAL (ENTRADA MANUAL)
82,5,5,77,25,0,159,16,1,0,0,64,121,54,19,17,0,0,3,58,22,0,17,12,2,8,5,31,0,0,0,0,123,278,401,FINAL (ENTRADA MANUAL)
82,6,1,65,49,0,88,27,0,0,1,53,105,29,19,20,0,0,4,45,43,0,16,15,1,0,0,11,0,0,0,0,99,230,418,FINAL (ENTRADA MANUAL)
82,6,2,70,62,2,71,10,0,0,0,56,111,19,12,5,0,0,12,51,55,2,9,2,1,5,2,10,0,0,0,0,78,215,417,FINAL (ENTRADA MANUAL)
82,7,1,84,40,0,125,19,0,0,0,72,123,40,11,16,0,0,6,62,36,0,11,13,4,4,0,17,1,1,0,0,120,269,420,FINAL (ENTRADA MANUAL)
82,7,2,64,36,0,143,14,0,0,1,58,126,44,13,11,0,0,6,46,32,0,11,10,2,5,0,15,2,0,1,0,135,259,420,FINAL (ENTRADA MANUAL)
82,7,3,55,62,2,115,17,0,0,0,49,132,39,15,11,0,0,5,42,54,1,14,8,2,6,1,14,1,0,0,0,108,251,420,FINAL (ENTRADA MANUAL)
82,7,4,73,31,0,144,23,0,0,1,69,121,38,14,19,0,0,11,61,26,0,11,17,2,3,0,14,0,0,0,0,138,272,420,FINAL (ENTRADA MANUAL)
82,7,5,56,34,0,154,20,0,0,0,55,126,49,14,17,1,0,2,44,28,0,12,15,2,4,0,20,1,0,0,0,138,264,422,FINAL (ENTRADA MANUAL)
82,8,1,52,41,1,76,15,0,0,1,52,83,23,14,10,1,0,3,47,36,0,14,10,1,1,0,9,1,3,0,0,67,189,284,FINAL (ENTRADA MANUAL)
82,8,2,58,32,0,68,27,0,0,2,57,71,28,5,20,0,0,6,46,28,0,3,18,2,1,2,4,2,1,0,0,81,188,284,FINAL (ENTRADA MANUAL)
82,9,1,80,64,2,69,9,1,0,2,69,99,24,8,9,0,0,18,56,55,2,7,6,0,1,0,6,0,0,0,0,94,227,498,FINAL (ENTRADA MANUAL)
82,9,2,74,43,0,63,14,0,0,1,60,86,15,13,12,1,0,8,54,41,0,12,9,3,0,1,8,1,0,0,0,66,195,498,FINAL (ENTRADA MANUAL)
82,9,3,121,51,0,82,19,0,0,0,111,97,20,20,18,0,0,7,102,47,0,15,13,1,0,0,7,0,0,0,0,88,273,498,FINAL (ENTRADA MANUAL)
82,10,1,61,38,0,144,18,0,0,1,52,123,48,19,14,1,0,5,47,34,0,17,10,0,4,2,27,0,0,1,0,121,263,409,FINAL (ENTRADA MANUAL)
82,10,2,82,33,0,163,9,0,0,0,65,141,50,18,9,0,0,4,53,32,0,14,8,6,6,2,14,0,0,0,1,152,288,409,FINAL (ENTRADA MANUAL)
82,10,3,81,38,0,134,14,1,0,0,65,135,42,11,10,1,0,4,60,34,0,10,9,2,9,2,13,1,0,0,0,128,268,409,FINAL (ENTRADA MANUAL)
82,10,4,62,39,0,155,14,0,0,0,50,134,55,15,11,0,0,5,40,33,0,14,10,2,4,2,19,0,0,0,0,146,270,409,FINAL (ENTRADA MANUAL)
82,10,5,60,34,2,136,21,0,0,0,56,115,49,16,16,0,0,1,53,31,0,14,11,1,5,1,20,0,0,0,0,117,253,409,FINAL (ENTRADA MANUAL)
82,10,6,53,39,0,151,15,1,0,0,41,150,42,9,9,1,0,7,34,34,0,9,6,4,6,0,22,5,1,0,0,139,260,409,FINAL (ENTRADA MANUAL)
82,10,7,62,33,0,145,22,0,0,0,44,137,41,16,17,1,0,6,41,32,0,15,14,3,3,0,16,0,0,0,0,138,262,406,FINAL (ENTRADA MANUAL)
82,11,1,85,47,0,108,16,1,0,0,75,116,32,18,9,0,0,7,65,40,0,17,8,0,5,1,14,0,0,0,0,107,257,437,FINAL (ENTRADA MANUAL)
82,11,2,78,41,0,106,28,0,0,0,73,109,23,26,19,0,0,3,60,37,0,22,17,0,1,1,14,2,0,0,0,99,253,437,FINAL (ENTRADA MANUAL)
82,11,3,59,47,0,121,14,1,0,0,50,118,34,21,10,0,0,9,47,43,0,17,7,1,4,1,11,2,1,0,0,109,243,437,FINAL (ENTRADA MANUAL)
82,11,4,82,37,0,117,15,0,0,2,73,109,28,20,12,0,0,11,60,31,0,20,9,4,1,1,9,1,1,0,0,117,254,438,FINAL (ENTRADA MANUAL)
82,12,1,92,36,0,141,20,0,0,0,74,131,39,14,18,0,0,13,68,31,0,12,14,2,6,1,18,0,1,0,0,137,290,439,FINAL (ENTRADA MANUAL)
82,12,2,73,39,1,108,18,1,0,0,61,105,27,18,13,0,0,16,53,31,1,15,11,2,2,0,9,1,0,0,1,115,241,439,FINAL (ENTRADA MANUAL)
82,12,3,65,41,0,107,23,0,0,0,52,107,41,14,18,0,0,4,46,37,0,12,15,1,2,3,13,3,2,0,0,104,238,439,FINAL (ENTRADA MANUAL)
82,13,1,81,48,0,58,11,0,0,1,71,82,16,13,8,0,0,9,61,42,0,11,5,1,0,1,10,1,1,0,0,67,200,396,FINAL (ENTRADA MANUAL)
82,13,2,74,47,0,72,16,0,0,0,50,89,19,19,12,0,0,20,41,41,0,17,10,0,0,1,8,2,1,0,0,89,210,396,FINAL (ENTRADA MANUAL)
82,13,3,85,38,0,68,6,0,0,0,65,83,24,7,7,0,0,11,61,28,0,7,3,2,2,0,4,0,1,0,1,90,199,396,FINAL (ENTRADA MANUAL)
82,14,1,61,19,0,172,13,0,0,0,54,130,53,14,10,0,0,4,45,19,0,13,9,1,5,1,30,0,0,0,0,142,265,359,FINAL (ENTRADA MANUAL)
82,14,2,59,17,1,143,15,0,0,1,44,110,58,14,8,0,0,2,40,15,1,12,7,1,8,4,17,1,0,0,0,130,236,359,FINAL (ENTRADA MANUAL)
82,14,3,47,22,0,121,19,0,0,0,41,107,29,17,13,0,0,2,36,18,0,14,11,1,2,0,15,2,0,0,0,110,209,359,FINAL (ENTRADA MANUAL)
82,14,4,63,17,0,148,18,0,1,0,45,123,41,20,14,0,0,4,38,14,0,18,10,3,5,6,14,2,0,0,0,137,247,359,FINAL (ENTRADA MANUAL)
82,14,5,53,28,0,152,7,0,0,0,40,132,41,16,8,0,0,3,34,23,0,14,5,2,5,0,11,0,0,0,0,146,240,359,FINAL (ENTRADA MANUAL)
82,14,6,78,31,0,134,14,0,0,0,62,126,45,11,11,0,0,2,54,27,0,10,8,3,5,1,21,1,0,0,0,127,257,359,FINAL (ENTRADA MANUAL)
82,14,7,66,28,1,151,17,0,0,0,52,132,40,14,15,0,0,10,38,20,1,13,12,3,2,2,16,1,0,0,0,155,263,359,FINAL (ENTRADA MANUAL)
82,14,8,68,34,0,142,11,0,0,0,51,140,40,16,6,0,0,2,41,28,0,16,4,1,6,2,15,1,0,0,0,141,255,359,FINAL (ENTRADA MANUAL)
82,14,9,52,28,0,158,24,0,0,0,48,138,48,9,16,0,0,3,38,26,0,9,13,3,4,1,23,2,0,0,0,143,262,361,FINAL (ENTRADA MANUAL)
82,15,1,93,50,0,115,10,0,0,1,76,117,39,16,9,0,0,12,65,44,0,12,8,1,1,2,15,0,1,0,1,121,271,477,FINAL (ENTRADA MANUAL)
82,15,2,88,53,1,125,17,2,1,2,71,146,39,13,13,0,0,7,55,48,0,12,7,2,1,2,14,0,1,0,0,148,290,477,FINAL (ENTRADA MANUAL)
82,15,3,72,42,0,161,17,0,1,0,57,131,49,33,16,0,0,7,53,34,0,32,11,3,4,1,14,0,0,0,0,141,293,477,FINAL (ENTRADA MANUAL)
82,15,4,91,46,0,136,7,1,0,0,79,121,44,21,8,0,0,8,66,41,0,18,4,2,5,0,12,0,2,1,0,133,284,477,FINAL (ENTRADA MANUAL)
82,15,5,77,31,0,130,17,0,0,1,69,121,33,15,14,0,0,4,60,29,0,10,10,0,1,2,8,1,1,0,0,135,257,477,FINAL (ENTRADA MANUAL)
82,15,6,83,52,0,127,19,0,0,0,64,136,38,20,17,0,0,6,59,48,0,17,14,1,6,0,7,1,0,0,0,128,281,475,FINAL (ENTRADA MANUAL)
82,16,1,68,82,0,85,7,0,0,0,55,144,16,17,4,0,0,6,54,73,0,17,3,2,1,0,9,0,1,0,0,83,243,394,FINAL (ENTRADA MANUAL)
82,17,1,72,28,0,85,10,0,1,0,66,75,17,12,8,0,0,18,56,20,0,9,4,1,0,0,6,1,0,0,0,99,196,384,FINAL (ENTRADA MANUAL)
82,17,2,74,38,0,107,7,0,0,2,62,115,23,18,7,0,0,3,53,29,0,15,3,2,1,1,11,1,0,0,0,112,228,384,FINAL (ENTRADA MANUAL)
82,18,1,60,25,0,116,21,0,0,0,46,117,27,18,8,0,0,6,42,22,0,14,7,2,3,0,5,1,0,0,0,126,222,396,FINAL (ENTRADA MANUAL)
82,18,2,53,33,0,147,18,0,0,0,49,115,37,31,17,0,0,2,41,26,0,27,14,1,2,1,11,1,0,0,1,127,252,395,FINAL (ENTRADA MANUAL)
82,72,1,48,32,0,7,1,1,0,0,42,38,5,2,1,0,0,1,38,31,0,1,1,1,3,1,1,0,0,0,0,12,89,0,FINAL (ENTRADA MANUAL)
82,72,2,16,9,0,0,1,0,0,0,16,10,0,0,1,0,0,0,16,7,0,0,1,0,0,0,0,2,1,0,0,4,31,0,FINAL (ENTRADA MANUAL)
82,72,3,393,336,0,223,41,2,0,5,385,473,84,23,23,1,0,11,348,312,0,21,19,7,16,5,44,5,0,2,2,223,1004,0,FINAL (ENTRADA MANUAL)
82,72,4,67,55,0,1,29,0,0,1,66,73,7,4,1,0,0,3,62,48,1,3,0,3,1,1,7,0,6,0,0,28,160,0,FINAL (ENTRADA MANUAL)
82,72,5,24,39,0,14,2,0,0,1,17,53,5,0,2,0,0,3,17,37,0,0,2,3,2,0,2,0,0,0,0,17,80,0,FINAL (ENTRADA MANUAL)
82,72,6,8,5,0,0,0,0,0,0,7,6,0,0,0,0,0,0,7,4,0,0,0,1,0,0,0,0,0,0,0,1,13,0,FINAL (ENTRADA MANUAL)
82,72,7,15,13,0,3,1,0,0,0,15,14,0,2,1,0,0,0,15,13,0,2,1,0,0,0,0,0,0,0,0,1,32,0,FINAL (ENTRADA MANUAL)
82,72,8,4,3,0,0,0,0,0,0,4,3,0,0,0,0,0,0,4,3,0,0,0,0,0,0,0,0,1,0,0,0,8,0,FINAL (ENTRADA MANUAL)
82,72,9,1,2,0,6,2,0,0,0,1,4,1,3,2,0,0,0,0,1,0,3,2,0,1,0,0,0,0,0,0,4,11,0,FINAL (ENTRADA MANUAL)
82,72,10,0,1,0,1,0,0,0,0,0,1,0,1,0,0,0,0,0,1,0,1,0,0,0,0,0,0,0,0,0,0,2,0,FINAL (ENTRADA MANUAL)
82,73,1,76,231,0,30,2,1,0,2,71,235,9,11,0,0,0,16,65,207,0,10,0,0,2,2,2,0,0,0,0,54,342,0,FINAL (ENTRADA MANUAL)
82,73,2,0,0,0,0,0,0,0,0,0,0,0,0,0,0,0,0,0,0,0,0,0,0,0,0,0,0,0,0,0,0,0,0,FINAL (ENTRADA MANUAL)
82,74,1,1,2,0,2,0,0,0,0,0,2,2,0,0,0,0,1,0,2,0,0,0,0,0,1,1,0,0,0,0,1,5,0,FINAL (ENTRADA MANUAL)
82,74,2,0,0,0,0,0,0,0,0,0,0,0,0,0,0,0,0,0,0,0,0,0,0,0,0,0,0,0,0,0,0,0,0,FINAL (ENTRADA MANUAL)
82,75,1,0,0,0,0,0,2,0,0,0,0,0,0,0,2,0,0,0,0,0,0,0,0,0,0,0,0,0,0,0,2,2,0,FINAL (ENTRADA MANUAL)
82,75,2,0,0,0,0,0,0,0,0,0,0,0,0,0,0,0,0,0,0,0,0,0,0,0,0,0,0,0,0,0,0,0,0,FINAL (ENTRADA MANUAL)
82,75,3,0,0,0,0,0,0,0,0,0,0,0,0,0,0,0,0,0,0,0,0,0,0,0,0,0,0,0,0,0,0,0,0,FINAL (ENTRADA MANUAL)
82,76,1,15,0,0,2,1,0,0,0,12,4,0,0,0,0,0,2,9,0,0,0,0,0,0,0,0,0,0,0,0,9,18,0,FINAL (ENTRADA MANUAL)
82,76,2,0,0,0,0,0,0,0,0,0,0,0,0,0,0,0,0,0,0,0,0,0,0,0,0,0,0,0,0,0,0,0,0,FINAL (ENTRADA MANUAL)
82,76,3,3,1,0,0,0,0,0,0,2,1,0,0,1,0,0,0,0,1,0,0,0,0,0,0,0,0,0,1,0,3,5,0,FINAL (ENTRADA MANUAL)
82,76,4,0,0,0,0,0,0,0,0,0,0,0,0,0,0,0,0,0,0,0,0,0,0,0,0,0,0,0,0,0,0,0,0,FINAL (ENTRADA MANUAL)
82,77,1,6,9,0,36,0,0,0,0,6,16,21,7,0,0,0,1,4,8,0,7,0,0,0,1,7,0,0,0,0,24,51,0,FINAL (ENTRADA MANUAL)
82,77,2,9,10,0,83,0,0,0,0,6,37,51,6,2,0,0,0,6,10,0,6,0,0,0,1,24,0,0,0,0,55,102,0,FINAL (ENTRADA MANUAL)
82,77,3,0,1,0,18,1,0,0,0,1,5,9,5,0,0,0,0,0,1,0,4,0,0,1,0,1,0,0,0,0,13,20,0,FINAL (ENTRADA MANUAL)
82,77,4,0,0,0,1,0,0,0,0,0,1,0,0,0,0,0,0,0,0,0,0,0,0,0,0,1,0,0,0,0,0,1,0,FINAL (ENTRADA MANUAL)
82,77,5,7,10,1,20,0,0,0,0,7,16,12,2,0,0,0,0,7,10,0,2,0,0,0,1,4,0,0,0,0,13,37,0,FINAL (ENTRADA MANUAL)
82,78,1,41,22,0,33,3,0,0,0,31,42,11,9,2,0,0,3,29,16,0,7,1,0,1,1,5,0,0,0,0,39,99,0,FINAL (ENTRADA MANUAL)
82,78,2,7,1,0,0,1,0,0,1,6,1,0,0,1,0,0,1,6,1,0,0,0,0,0,0,0,0,0,0,0,2,9,0,FINAL (ENTRADA MANUAL)
82,78,3,1,0,0,0,0,0,0,0,1,0,0,0,0,0,0,0,1,0,0,0,0,0,0,0,0,0,0,0,0,0,1,0,FINAL (ENTRADA MANUAL)
82,78,4,1,0,0,1,0,0,0,0,1,1,0,0,0,0,0,0,1,0,0,0,0,0,0,0,0,0,0,0,0,1,2,0,FINAL (ENTRADA MANUAL)
83,1,1,87,37,0,128,14,0,1,0,74,109,44,22,11,0,0,7,64,32,0,18,7,2,1,2,12,1,0,0,0,128,267,491,FINAL (ENTRADA MANUAL)
83,1,2,76,43,0,117,9,1,0,0,64,113,37,16,6,0,0,10,55,38,0,15,2,1,5,1,10,1,1,0,0,118,247,491,FINAL (ENTRADA MANUAL)
83,1,3,80,41,0,102,24,0,0,0,65,102,36,22,18,0,0,4,57,39,0,17,12,3,1,2,6,1,0,1,0,109,248,491,FINAL (ENTRADA MANUAL)
83,1,4,78,39,0,116,12,0,0,1,60,115,32,20,10,0,0,9,50,32,0,16,8,1,3,0,19,0,1,0,0,117,247,490,FINAL (ENTRADA MANUAL)
83,2,1,104,37,0,83,9,0,1,0,83,77,17,22,11,0,0,24,78,31,0,18,7,3,1,1,5,1,2,0,0,89,236,427,FINAL (ENTRADA MANUAL)
83,2,2,92,31,0,79,12,0,0,2,74,86,25,18,8,1,0,4,62,28,0,13,5,0,0,3,5,2,0,1,0,98,217,427,FINAL (ENTRADA MANUAL)
83,2,3,93,42,0,75,18,0,0,0,88,88,22,12,17,0,0,1,82,41,0,11,13,1,1,0,9,0,0,0,0,70,228,427,FINAL (ENTRADA MANUAL)
83,2,4,113,40,0,80,17,0,0,0,94,98,17,14,17,1,0,9,84,34,0,13,13,1,2,0,3,1,1,1,0,99,252,428,FINAL (ENTRADA MANUAL)
83,3,1,72,50,0,126,13,0,0,0,66,128,38,10,11,0,0,8,62,46,0,8,8,0,4,0,9,2,0,0,0,122,261,458,FINAL (ENTRADA MANUAL)
83,3,2,63,38,0,134,16,1,0,0,50,132,38,18,9,1,0,4,41,36,0,15,6,1,4,0,24,1,0,0,0,124,252,458,FINAL (ENTRADA MANUAL)
83,3,3,77,44,1,118,10,1,0,1,64,124,28,24,3,0,0,9,54,38,1,23,3,3,4,0,13,0,0,0,0,113,252,458,FINAL (ENTRADA MANUAL)
83,3,4,67,52,0,118,15,1,0,1,58,144,27,12,9,1,0,3,43,46,0,10,8,2,5,1,14,3,2,0,2,122,258,459,FINAL (ENTRADA MANUAL)
83,4,1,118,50,1,82,19,0,0,0,103,103,27,13,21,0,0,3,96,46,1,9,16,2,5,2,6,2,0,0,0,85,270,504,FINAL (ENTRADA MANUAL)
83,4,2,102,53,0,72,12,0,0,0,85,107,10,12,12,0,0,13,78,49,0,12,8,2,1,0,5,1,0,0,0,83,239,503,FINAL (ENTRADA MANUAL)
83,5,1,78,50,1,124,15,0,0,0,64,126,48,14,9,0,0,7,56,42,1,14,7,0,4,1,13,1,0,0,0,129,268,434,FINAL (ENTRADA MANUAL)
83,5,2,82,33,0,97,18,0,0,0,66,98,32,11,12,0,0,11,55,28,0,10,9,0,4,1,5,0,0,0,0,118,230,434,FINAL (ENTRADA MANUAL)
83,5,3,82,34,1,102,13,0,0,2,64,87,34,24,10,0,0,15,55,30,0,17,6,1,2,0,9,0,0,0,0,114,234,434,FINAL (ENTRADA MANUAL)
83,5,4,85,26,0,91,18,0,0,1,66,102,23,13,11,0,0,6,61,21,0,11,9,2,5,0,8,0,0,0,1,104,222,434,FINAL (ENTRADA MANUAL)
83,5,5,73,36,0,117,13,0,0,2,61,110,33,19,11,0,0,7,53,28,0,16,9,1,1,1,13,1,0,0,0,118,241,434,FINAL (ENTRADA MANUAL)
83,5,6,94,30,0,108,12,0,0,0,76,104,31,15,9,0,0,9,68,27,0,13,7,0,4,1,8,0,1,0,0,116,245,434,FINAL (ENTRADA MANUAL)
83,5,7,64,34,0,105,10,0,0,0,50,92,35,16,7,0,0,13,43,30,0,14,7,0,4,1,13,0,0,0,1,101,214,434,FINAL (ENTRADA MANUAL)
83,5,8,75,37,0,130,15,0,0,0,70,108,42,19,10,0,0,8,60,30,0,18,7,3,6,2,13,0,0,0,1,118,258,435,FINAL (ENTRADA MANUAL)
83,6,1,93,58,0,118,22,1,0,0,79,130,29,19,18,0,0,17,67,50,0,18,12,1,1,0,10,1,0,0,2,132,294,467,FINAL (ENTRADA MANUAL)
83,6,2,97,60,0,111,12,0,0,0,84,126,31,19,6,0,0,14,76,56,0,18,4,2,1,0,13,0,2,0,0,110,282,467,FINAL (ENTRADA MANUAL)
83,6,3,90,39,0,136,16,0,0,1,81,128,28,20,13,0,0,12,73,33,0,15,8,0,2,0,10,0,2,0,0,141,284,467,FINAL (ENTRADA MANUAL)
83,6,4,83,68,0,120,17,0,1,0,66,143,40,16,12,0,1,11,58,61,0,15,8,3,3,0,12,1,1,0,0,128,290,467,FINAL (ENTRADA MANUAL)
83,6,5,96,44,0,138,10,0,0,0,88,130,34,17,10,0,0,9,67,38,0,16,5,0,1,0,16,1,0,0,0,144,288,469,FINAL (ENTRADA MANUAL)
83,7,1,45,35,0,91,5,0,0,0,42,79,37,9,4,0,1,4,33,30,0,8,4,0,0,1,10,0,0,0,0,90,176,270,FINAL (ENTRADA MANUAL)
83,7,2,47,34,0,88,9,1,0,0,41,84,34,11,6,0,0,3,38,33,0,8,5,1,0,0,17,0,0,0,0,77,179,270,FINAL (ENTRADA MANUAL)
83,8,1,83,26,1,49,8,0,0,1,66,51,15,17,8,0,1,10,63,22,1,16,7,1,1,0,3,0,1,0,0,54,169,352,FINAL (ENTRADA MANUAL)
83,8,2,89,24,0,55,6,0,0,1,80,53,18,11,4,0,0,9,67,17,0,10,4,0,0,3,5,0,0,0,0,69,175,353,FINAL (ENTRADA MANUAL)
83,9,1,78,47,0,95,17,0,0,0,67,105,27,15,18,0,0,5,63,38,0,11,12,1,7,0,10,1,0,0,0,94,237,450,FINAL (ENTRADA MANUAL)
83,9,2,74,38,1,133,17,0,0,0,58,131,33,22,12,0,0,7,49,33,0,20,8,1,3,2,9,0,0,0,0,138,263,450,FINAL (ENTRADA MANUAL)
83,9,3,91,30,0,108,8,0,0,0,70,102,27,23,8,0,0,7,64,25,0,17,6,2,2,2,11,1,1,0,0,107,238,450,FINAL (ENTRADA MANUAL)
83,9,4,89,36,0,112,18,0,0,0,74,119,22,16,16,0,0,8,67,31,0,13,13,1,3,1,16,1,0,0,0,109,255,448,FINAL (ENTRADA MANUAL)
83,10,1,77,41,0,84,15,0,0,0,70,87,24,16,11,0,0,9,59,37,0,14,6,1,3,1,8,2,0,0,1,86,218,472,FINAL (ENTRADA MANUAL)
83,10,2,90,35,0,83,11,1,0,1,78,87,26,14,10,0,0,6,69,30,0,11,5,2,1,0,6,0,0,0,0,97,221,472,FINAL (ENTRADA MANUAL)
83,10,3,87,42,0,95,6,0,0,0,68,101,29,13,5,0,0,14,57,34,0,13,3,0,3,0,14,1,1,0,0,105,231,472,FINAL (ENTRADA MANUAL)
83,10,4,77,49,1,78,14,0,1,1,65,91,21,19,11,0,1,13,54,42,1,16,11,2,2,1,4,0,0,0,0,88,221,472,FINAL (ENTRADA MANUAL)
83,10,5,81,34,0,89,9,0,0,0,74,82,26,17,8,0,0,6,68,31,0,14,7,2,0,0,11,0,0,0,0,80,213,472,FINAL (ENTRADA MANUAL)
83,10,6,87,36,0,79,8,0,0,0,70,88,20,16,5,0,0,11,63,34,0,16,4,2,1,0,8,0,2,0,0,82,212,473,FINAL (ENTRADA MANUAL)
83,11,1,158,41,0,61,4,1,0,2,146,84,11,15,3,0,0,8,140,39,0,14,1,6,1,0,2,1,0,0,0,63,267,431,FINAL (ENTRADA MANUAL)
83,11,2,149,39,0,71,12,0,0,2,136,81,20,14,12,0,0,10,127,33,0,13,9,0,1,2,8,0,1,0,0,80,274,431,FINAL (ENTRADA MANUAL)
83,12,1,145,41,0,63,8,1,0,0,125,89,16,10,5,1,0,12,117,38,0,9,5,0,1,1,8,0,1,0,0,79,259,423,FINAL (ENTRADA MANUAL)
83,13,1,78,41,2,82,15,0,0,0,70,95,23,17,9,0,0,4,65,33,0,14,7,0,3,1,7,1,2,0,1,87,221,388,FINAL (ENTRADA MANUAL)
83,13,2,71,38,0,108,21,0,0,0,59,119,28,16,10,0,0,6,53,33,0,15,8,0,0,1,13,2,0,0,0,113,238,388,FINAL (ENTRADA MANUAL)
83,13,3,74,37,0,97,12,0,0,1,64,101,28,10,9,0,0,9,56,33,0,10,7,1,2,1,14,0,0,0,0,97,221,388,FINAL (ENTRADA MANUAL)
83,13,4,94,20,0,94,9,0,1,2,82,83,24,17,4,0,0,10,72,16,0,15,3,2,3,1,10,0,0,1,0,98,221,386,FINAL (ENTRADA MANUAL)
83,14,1,72,31,0,129,9,1,0,1,59,115,30,22,6,0,0,11,50,23,0,17,6,1,5,1,17,0,0,0,0,123,243,516,FINAL (ENTRADA MANUAL)
83,14,2,84,37,0,98,10,0,0,0,70,86,29,13,14,0,0,17,59,30,0,11,6,2,5,4,6,1,0,0,1,105,230,516,FINAL (ENTRADA MANUAL)
83,14,3,96,36,1,97,6,2,0,0,76,99,31,12,7,0,0,13,66,27,1,8,3,1,7,2,13,0,3,0,0,110,241,516,FINAL (ENTRADA MANUAL)
83,14,4,86,42,0,98,8,3,0,2,72,97,27,21,7,0,0,15,66,33,0,18,6,1,1,0,8,1,1,0,0,105,240,516,FINAL (ENTRADA MANUAL)
83,14,5,57,42,0,92,20,0,0,0,51,86,35,15,16,0,0,8,38,31,0,14,13,0,2,2,12,1,0,0,0,98,211,516,FINAL (ENTRADA MANUAL)
83,14,6,74,41,0,100,20,0,0,1,55,107,27,21,15,0,0,11,44,36,0,17,14,3,4,2,7,1,0,0,0,108,236,519,FINAL (ENTRADA MANUAL)
83,15,1,87,85,2,92,17,0,0,0,67,155,22,12,14,0,0,13,61,76,1,9,11,2,1,0,7,0,1,0,1,115,285,440,FINAL (ENTRADA MANUAL)
83,15,2,92,74,1,83,20,2,0,0,76,120,22,21,16,0,0,17,70,68,1,17,13,3,1,1,7,3,0,0,0,88,272,440,FINAL (ENTRADA MANUAL)
83,15,3,85,57,0,81,10,0,0,2,71,109,21,18,5,0,0,11,64,47,0,15,2,0,1,0,8,0,0,0,0,98,235,439,FINAL (ENTRADA MANUAL)
83,16,1,88,50,0,103,17,0,0,1,83,117,26,15,6,0,0,12,65,43,0,12,4,0,2,1,9,2,1,0,0,121,260,435,FINAL (ENTRADA MANUAL)
83,16,2,78,35,0,106,13,1,0,0,68,93,34,21,6,1,0,10,59,32,0,18,4,1,1,1,13,2,0,0,0,102,233,435,FINAL (ENTRADA MANUAL)
83,16,3,89,40,0,97,13,1,1,1,81,95,34,14,13,0,0,5,71,35,0,13,7,1,2,2,7,0,0,0,0,104,242,435,FINAL (ENTRADA MANUAL)
83,16,4,80,28,0,112,20,1,0,1,72,102,39,11,11,0,0,7,56,17,0,8,9,0,5,1,11,1,0,0,0,134,242,435,FINAL (ENTRADA MANUAL)
83,16,5,70,39,0,101,10,1,0,2,62,81,41,20,11,0,0,8,57,35,0,19,6,0,5,1,4,0,0,0,0,96,223,435,FINAL (ENTRADA MANUAL)
83,16,6,76,29,1,94,15,0,0,1,68,85,31,11,17,0,0,4,59,25,0,9,12,1,0,1,14,0,0,0,0,95,216,435,FINAL (ENTRADA MANUAL)
83,16,7,70,37,1,102,9,1,0,0,61,98,36,11,8,1,0,5,53,34,0,7,5,0,3,2,14,0,1,0,0,102,221,437,FINAL (ENTRADA MANUAL)
83,17,1,58,29,1,87,11,0,0,0,49,66,33,21,10,0,0,7,44,23,0,18,7,0,4,3,13,1,1,0,0,73,187,359,FINAL (ENTRADA MANUAL)
83,17,2,67,28,0,83,22,0,0,0,53,71,29,23,17,0,0,7,49,26,0,16,15,2,0,0,8,2,0,0,0,82,200,359,FINAL (ENTRADA MANUAL)
83,17,3,61,25,0,98,7,0,0,0,54,80,24,20,7,0,0,6,46,22,0,15,3,0,2,3,11,0,1,0,0,89,192,358,FINAL (ENTRADA MANUAL)
83,18,1,116,36,0,86,8,0,0,0,102,79,27,16,6,0,0,16,97,32,0,13,3,0,1,0,10,1,1,0,0,89,247,374,FINAL (ENTRADA MANUAL)
83,19,1,91,39,0,135,23,0,0,3,66,134,40,22,17,0,0,12,57,37,0,19,13,3,3,1,25,2,1,0,0,131,292,477,FINAL (ENTRADA MANUAL)
83,19,2,75,58,1,119,20,0,0,0,64,134,34,21,15,0,0,5,56,47,1,18,9,2,1,1,13,1,0,0,0,124,273,477,FINAL (ENTRADA MANUAL)
83,19,3,82,45,1,149,11,1,0,1,69,130,43,26,6,1,0,15,57,36,1,24,6,3,4,1,15,0,0,0,0,143,290,477,FINAL (ENTRADA MANUAL)
83,19,4,77,33,0,128,19,0,0,1,63,110,38,17,12,0,0,18,55,27,0,15,8,4,3,1,14,1,0,0,0,130,258,477,FINAL (ENTRADA MANUAL)
83,19,5,63,30,0,148,17,0,0,1,57,113,51,20,13,1,0,4,53,30,0,20,12,2,1,1,16,1,0,1,0,123,260,477,FINAL (ENTRADA MANUAL)
83,20,1,99,37,0,121,18,0,0,0,80,114,34,19,19,1,0,8,71,30,0,16,15,3,1,2,17,0,0,0,0,120,275,505,FINAL (ENTRADA MANUAL)
83,20,2,102,45,0,127,21,0,0,0,88,125,40,17,17,0,0,8,75,39,0,14,15,2,3,1,10,1,0,0,0,135,295,505,FINAL (ENTRADA MANUAL)
83,20,3,98,39,0,148,11,0,0,1,85,137,36,17,9,0,0,13,75,32,0,16,8,0,2,2,17,1,1,0,0,144,298,505,FINAL (ENTRADA MANUAL)
83,20,4,106,57,0,130,16,0,0,0,83,141,37,19,17,0,0,12,77,46,0,17,11,3,3,1,10,0,1,0,0,141,310,505,FINAL (ENTRADA MANUAL)
83,20,5,76,37,0,139,20,0,0,0,63,126,43,18,18,0,0,4,55,32,0,16,12,3,2,0,17,3,2,0,0,132,274,505,FINAL (ENTRADA MANUAL)
83,20,6,85,33,0,152,13,0,0,1,79,111,57,22,9,0,0,6,65,27,0,18,6,1,3,0,13,0,1,0,0,151,285,507,FINAL (ENTRADA MANUAL)
83,21,1,78,35,2,114,19,0,0,0,74,103,29,17,20,0,0,5,65,35,1,15,16,0,5,0,14,0,1,0,0,97,249,466,FINAL (ENTRADA MANUAL)
83,21,2,65,44,1,112,20,0,0,1,54,110,34,20,18,0,0,7,46,36,1,15,12,0,2,1,8,0,0,0,0,122,243,466,FINAL (ENTRADA MANUAL)
83,21,3,73,45,0,116,18,1,0,1,64,112,34,14,19,0,0,11,53,38,0,13,13,2,2,2,6,0,1,1,0,125,256,466,FINAL (ENTRADA MANUAL)
83,21,4,94,33,1,114,23,0,0,0,79,107,37,9,16,0,0,17,69,28,1,8,12,2,5,0,11,2,1,1,0,127,267,466,FINAL (ENTRADA MANUAL)
83,21,5,73,45,0,118,12,0,0,0,58,125,30,13,9,0,0,13,52,35,0,10,8,1,5,0,12,0,1,0,0,125,249,467,FINAL (ENTRADA MANUAL)
83,22,1,85,31,1,81,17,0,0,1,78,80,16,16,12,0,0,14,73,23,0,14,10,0,2,1,9,1,1,1,0,83,218,417,FINAL (ENTRADA MANUAL)
83,22,2,77,28,0,105,13,0,0,2,76,74,30,26,6,0,0,13,65,26,0,23,6,0,2,0,10,0,0,0,0,93,225,417,FINAL (ENTRADA MANUAL)
83,22,3,73,37,1,87,17,0,0,2,66,82,23,14,14,0,0,18,59,28,1,12,10,0,4,1,13,0,0,0,0,89,217,416,FINAL (ENTRADA MANUAL)
83,23,1,86,37,0,123,11,0,0,0,71,108,34,20,8,0,0,16,61,33,0,16,8,1,3,1,4,0,0,0,0,130,257,482,FINAL (ENTRADA MANUAL)
83,23,2,85,31,1,121,16,0,0,1,75,93,33,26,14,0,0,14,65,24,1,24,12,1,2,1,10,1,0,0,0,114,255,482,FINAL (ENTRADA MANUAL)
83,23,3,79,37,0,113,17,0,0,1,67,109,27,18,15,1,0,10,58,29,0,13,10,1,2,1,17,2,1,0,0,114,248,483,FINAL (ENTRADA MANUAL)
83,24,1,100,47,0,115,19,0,1,0,91,114,28,21,14,0,0,14,76,38,0,20,10,3,2,3,7,1,2,0,0,122,284,518,FINAL (ENTRADA MANUAL)
83,24,2,108,47,1,101,19,3,0,1,90,113,22,20,21,0,0,14,82,41,1,16,14,2,0,0,11,1,2,0,0,112,282,518,FINAL (ENTRADA MANUAL)
83,24,3,105,46,0,116,20,1,0,1,92,129,24,19,14,0,1,10,83,38,0,17,10,1,5,0,11,2,0,0,0,122,289,518,FINAL (ENTRADA MANUAL)
83,24,4,92,56,0,112,10,0,0,0,84,121,29,23,8,0,0,5,77,51,0,21,6,3,2,0,9,0,0,0,0,101,270,517,FINAL (ENTRADA MANUAL)
83,25,1,69,34,0,124,11,0,0,1,62,101,36,22,11,0,0,7,50,31,0,20,7,1,5,0,15,2,0,0,0,108,239,428,FINAL (ENTRADA MANUAL)
83,25,2,78,38,1,111,14,0,0,1,68,105,33,18,12,0,0,7,61,32,0,17,9,2,2,1,7,1,0,0,0,111,243,428,FINAL (ENTRADA MANUAL)
83,25,3,81,34,0,110,13,0,0,0,59,111,32,20,12,1,0,3,53,34,0,17,8,0,1,0,8,1,2,0,0,116,240,428,FINAL (ENTRADA MANUAL)
83,25,4,88,34,0,123,24,0,0,0,81,101,39,27,15,0,0,6,61,26,0,20,13,3,3,0,13,3,0,0,0,127,269,428,FINAL (ENTRADA MANUAL)
83,25,5,61,44,0,126,16,0,0,0,52,112,52,18,9,0,0,4,42,36,0,14,7,3,3,0,18,0,0,0,0,124,247,426,FINAL (ENTRADA MANUAL)
83,26,1,70,46,1,113,14,0,0,0,61,113,31,20,12,0,0,7,60,44,0,19,10,1,4,0,9,1,0,0,0,96,244,432,FINAL (ENTRADA MANUAL)
83,26,2,84,45,1,127,14,0,0,0,74,118,41,18,10,0,0,10,70,34,0,16,7,2,3,0,11,0,0,0,0,128,271,432,FINAL (ENTRADA MANUAL)
83,26,3,82,42,0,122,20,0,0,0,67,128,34,19,14,0,0,4,63,36,0,16,10,1,7,1,12,5,1,0,0,115,267,432,FINAL (ENTRADA MANUAL)
83,26,4,97,30,1,105,10,1,0,1,91,95,33,13,8,0,1,4,81,29,0,10,6,0,4,2,9,1,0,0,0,103,245,432,FINAL (ENTRADA MANUAL)
83,26,5,84,44,1,117,9,0,0,2,68,116,27,26,6,0,0,14,59,36,0,23,4,1,3,2,9,0,0,0,0,120,257,434,FINAL (ENTRADA MANUAL)
83,27,1,79,53,0,94,23,0,0,1,53,115,39,14,13,0,0,16,47,50,0,12,11,4,2,0,10,3,0,0,1,111,251,416,FINAL (ENTRADA MANUAL)
83,27,2,55,44,0,116,13,0,1,0,44,119,37,13,6,0,0,10,32,30,0,12,5,5,4,0,15,1,0,0,0,125,229,416,FINAL (ENTRADA MANUAL)
83,72,1,132,127,1,31,6,2,0,0,132,146,14,0,4,0,0,3,117,118,1,0,3,0,1,1,5,1,0,0,0,52,299,0,FINAL (ENTRADA MANUAL)
83,72,2,29,25,0,1,0,0,0,0,29,25,1,0,0,0,0,0,29,25,0,0,0,0,0,0,1,0,1,0,0,0,56,0,FINAL (ENTRADA MANUAL)
83,72,3,591,454,0,246,37,1,1,1,549,630,73,26,26,1,0,26,507,418,0,23,19,17,15,5,38,0,0,2,1,289,1334,0,FINAL (ENTRADA MANUAL)
83,72,4,119,102,0,38,3,0,0,0,111,125,13,4,3,0,1,12,104,96,0,4,2,1,3,1,9,0,6,0,0,42,268,0,FINAL (ENTRADA MANUAL)
83,72,5,29,20,0,5,3,0,0,0,29,24,1,0,3,0,0,0,28,18,0,0,1,0,2,0,0,1,0,0,0,7,57,0,FINAL (ENTRADA MANUAL)
83,72,6,16,15,0,1,0,0,0,0,15,17,0,0,0,0,0,0,15,15,0,0,0,1,0,0,1,0,1,0,0,0,33,0,FINAL (ENTRADA MANUAL)
83,72,7,124,86,0,29,10,1,0,1,123,98,12,8,5,0,0,5,111,76,0,7,4,1,2,3,3,0,0,0,0,44,251,0,FINAL (ENTRADA MANUAL)
83,72,8,2,2,0,1,0,0,0,0,2,3,0,0,0,0,0,0,1,2,0,0,0,0,0,0,1,0,0,0,0,1,5,0,FINAL (ENTRADA MANUAL)
83,72,9,31,9,0,5,1,0,0,0,26,16,4,0,0,0,0,0,31,23,8,0,0,0,0,0,0,0,0,0,0,15,46,0,FINAL (ENTRADA MANUAL)
83,73,1,246,263,1,51,8,0,1,3,228,283,16,11,5,0,0,30,216,242,1,10,5,1,3,1,7,0,0,0,0,87,474,0,FINAL (ENTRADA MANUAL)
83,73,2,0,0,0,0,0,0,0,0,0,0,0,0,0,0,0,0,0,0,0,0,0,0,0,0,0,0,0,0,0,0,0,0,FINAL (ENTRADA MANUAL)
83,73,3,0,0,0,0,0,0,0,0,0,0,0,0,0,0,0,0,0,0,0,0,0,0,0,0,0,0,0,0,0,0,0,0,FINAL (ENTRADA MANUAL)
83,73,4,35,41,0,4,1,0,0,0,36,41,1,1,1,0,0,1,35,41,0,1,1,0,0,0,1,0,2,0,0,2,83,0,FINAL (ENTRADA MANUAL)
83,74,1,2,3,0,6,1,0,0,0,2,5,4,0,1,0,0,0,2,3,0,0,1,0,0,1,1,0,0,0,0,4,12,0,FINAL (ENTRADA MANUAL)
83,74,2,0,0,0,0,0,0,0,0,0,0,0,0,0,0,0,0,0,0,0,0,0,0,0,0,0,0,0,0,0,0,0,0,FINAL (ENTRADA MANUAL)
83,75,1,1,2,0,3,0,0,0,0,1,2,2,0,1,1,0,0,1,2,0,0,0,0,0,0,0,0,0,0,0,3,6,0,FINAL (ENTRADA MANUAL)
83,75,2,0,0,0,0,0,0,0,0,0,0,0,0,0,0,0,0,0,0,0,0,0,0,0,0,0,0,0,0,0,0,0,0,FINAL (ENTRADA MANUAL)
83,76,1,41,5,0,6,0,0,0,0,30,9,0,2,0,0,0,11,27,3,0,1,0,1,0,0,1,0,0,0,0,19,52,0,FINAL (ENTRADA MANUAL)
83,76,2,0,0,0,0,0,0,0,0,0,0,0,0,0,0,0,0,0,0,0,0,0,0,0,0,0,0,0,0,0,0,0,0,FINAL (ENTRADA MANUAL)
83,76,3,7,0,0,1,1,0,0,0,7,0,0,0,1,0,0,1,5,0,0,0,0,0,0,0,0,0,0,0,0,4,9,0,FINAL (ENTRADA MANUAL)
83,76,4,0,0,0,0,0,0,0,0,0,0,0,0,0,0,0,0,0,0,0,0,0,0,0,0,0,0,0,0,0,0,0,0,FINAL (ENTRADA MANUAL)
83,77,1,0,0,0,0,0,0,0,0,0,0,0,0,0,0,0,0,0,0,0,0,0,0,0,0,0,0,0,0,0,0,0,0,FINAL (ENTRADA MANUAL)
83,77,2,14,13,2,29,1,0,0,0,20,41,61,10,2,0,0,2,14,11,0,10,1,0,2,2,19,0,0,0,0,77,136,0,FINAL (ENTRADA MANUAL)
83,77,3,0,0,0,1,0,0,0,0,0,0,1,0,0,0,0,0,0,0,0,0,0,0,0,0,0,0,0,0,0,1,1,0,FINAL (ENTRADA MANUAL)
83,77,4,8,4,0,26,4,0,0,0,8,12,17,3,2,0,0,0,5,3,0,2,2,0,0,0,1,0,0,0,0,29,42,0,FINAL (ENTRADA MANUAL)
83,78,1,108,81,0,74,10,0,0,4,92,118,18,20,8,1,0,20,78,69,0,18,5,4,1,0,8,0,0,0,0,94,277,0,FINAL (ENTRADA MANUAL)
83,78,2,27,2,0,3,0,0,0,0,18,5,0,3,0,0,0,6,10,2,0,1,0,0,1,0,0,0,0,2,0,18,34,0,FINAL (ENTRADA MANUAL)
83,78,3,18,14,0,5,1,0,1,0,17,15,1,2,0,0,1,3,13,11,0,2,0,1,0,0,1,0,0,0,0,11,39,0,FINAL (ENTRADA MANUAL)
83,78,4,1,1,0,1,1,0,0,0,1,2,0,0,1,0,0,0,1,1,0,0,1,0,0,0,0,0,0,0,0,1,4,0,FINAL (ENTRADA MANUAL)
84,1,1,93,45,0,88,33,0,0,1,73,106,23,16,22,0,0,20,56,37,0,14,20,1,7,4,4,2,1,0,0,115,261,525,FINAL (ENTRADA MANUAL)
84,1,2,118,38,0,55,15,0,0,1,102,84,13,15,8,0,0,5,92,26,0,13,6,1,0,0,4,0,1,0,0,85,228,525,FINAL (ENTRADA MANUAL)
84,1,3,113,38,1,71,28,0,0,0,93,91,23,8,18,0,0,18,82,31,0,8,14,0,3,0,4,1,0,0,0,108,251,526,FINAL (ENTRADA MANUAL)
84,2,1,106,41,1,59,27,0,0,0,91,81,21,13,18,0,0,10,84,38,0,12,16,0,0,2,8,2,0,0,1,72,235,532,FINAL (ENTRADA MANUAL)
84,2,2,130,32,0,67,27,0,0,1,113,85,14,13,21,0,0,11,100,27,0,12,15,4,1,0,6,2,0,0,0,90,257,533,FINAL (ENTRADA MANUAL)
84,3,1,93,18,0,47,2,0,0,3,82,47,11,13,3,0,0,7,77,13,0,13,2,0,0,0,6,0,1,0,0,52,164,411,FINAL (ENTRADA MANUAL)
84,3,2,96,17,0,36,7,0,0,0,84,41,9,6,8,0,0,8,71,14,0,5,6,1,1,0,4,0,1,0,0,54,157,411,FINAL (ENTRADA MANUAL)
84,4,1,106,34,0,97,26,0,0,0,88,97,30,14,20,1,0,13,79,30,0,13,13,0,1,0,10,1,0,0,0,116,263,499,FINAL (ENTRADA MANUAL)
84,4,2,90,29,0,111,26,0,0,2,68,101,41,17,18,0,0,13,63,23,0,15,15,2,0,0,12,1,0,0,0,127,258,499,FINAL (ENTRADA MANUAL)
84,4,3,92,32,0,115,21,0,0,1,79,113,36,12,13,0,0,8,74,29,0,12,12,2,1,0,21,2,0,0,0,108,261,499,FINAL (ENTRADA MANUAL)
84,4,4,107,19,0,106,15,0,0,1,91,88,27,17,14,0,0,11,79,16,0,13,10,2,2,0,19,2,0,0,0,105,248,500,FINAL (ENTRADA MANUAL)
84,5,1,107,42,0,62,13,0,0,3,86,85,14,13,14,0,0,15,76,36,0,12,8,4,2,0,3,0,0,0,0,86,227,516,FINAL (ENTRADA MANUAL)
84,5,2,84,33,0,71,24,1,0,0,78,72,25,6,22,0,0,10,69,27,0,6,16,2,2,2,12,0,0,0,0,77,213,516,FINAL (ENTRADA MANUAL)
84,5,3,95,29,0,78,22,1,0,1,80,72,24,21,20,0,0,9,67,25,0,19,13,2,1,2,2,1,1,0,0,94,227,516,FINAL (ENTRADA MANUAL)
84,5,4,102,27,1,71,15,0,1,1,85,74,19,11,16,0,0,13,74,20,1,10,10,2,3,0,10,0,0,0,0,88,218,514,FINAL (ENTRADA MANUAL)
84,6,1,96,32,0,133,13,1,1,0,78,121,43,14,7,1,0,12,73,26,0,12,4,1,7,1,19,1,0,2,0,132,278,426,FINAL (ENTRADA MANUAL)
84,6,2,69,29,0,141,20,1,0,0,55,122,46,14,16,0,0,7,45,24,0,12,10,0,6,1,19,0,0,0,0,143,260,426,FINAL (ENTRADA MANUAL)
84,6,3,69,31,0,107,21,1,0,0,58,110,32,6,20,0,0,3,52,27,0,6,14,1,8,0,16,0,0,0,0,105,229,426,FINAL (ENTRADA MANUAL)
84,6,4,59,37,0,123,21,0,0,0,43,128,38,12,13,0,0,6,41,36,0,11,8,0,5,2,12,4,0,0,0,121,240,426,FINAL (ENTRADA MANUAL)
84,6,5,91,28,2,121,16,0,0,0,80,95,57,10,13,0,0,3,76,24,1,9,10,2,4,2,22,2,0,0,0,106,258,426,FINAL (ENTRADA MANUAL)
84,6,6,72,32,0,144,13,0,0,0,57,125,42,21,13,0,0,3,44,26,0,18,7,4,2,2,22,1,1,0,0,135,262,426,FINAL (ENTRADA MANUAL)
84,6,7,64,29,0,139,19,1,0,0,51,114,51,15,15,1,0,5,43,21,0,9,12,2,3,1,17,0,0,0,1,144,253,426,FINAL (ENTRADA MANUAL)
84,6,8,71,29,0,135,17,0,0,2,64,125,37,9,9,0,0,10,57,22,0,6,9,3,3,1,10,0,0,0,0,143,254,426,FINAL (ENTRADA MANUAL)
84,6,9,76,30,0,141,16,1,0,1,62,135,35,17,12,0,0,4,51,25,0,13,10,3,3,2,14,0,0,0,0,144,265,426,FINAL (ENTRADA MANUAL)
84,6,10,68,33,0,145,21,0,0,0,62,132,42,14,14,1,0,2,55,31,0,13,12,1,2,0,20,1,2,0,1,132,270,428,FINAL (ENTRADA MANUAL)
84,7,1,97,42,0,102,18,1,2,0,76,102,36,17,14,1,0,16,67,34,0,15,11,2,1,1,7,1,2,0,0,123,264,546,FINAL (ENTRADA MANUAL)
84,7,2,95,45,1,79,18,0,0,2,76,110,25,8,10,0,0,11,66,39,1,5,8,3,1,0,7,0,1,1,0,110,242,546,FINAL (ENTRADA MANUAL)
84,7,3,91,36,0,105,27,0,0,0,66,115,23,13,24,0,0,18,59,27,0,11,17,2,2,1,11,0,0,0,0,129,259,546,FINAL (ENTRADA MANUAL)
84,7,4,96,36,0,117,28,1,0,0,81,118,30,17,19,0,0,13,69,29,0,16,16,4,0,2,10,2,1,0,0,130,279,546,FINAL (ENTRADA MANUAL)
84,7,5,113,29,1,114,20,0,0,0,94,106,36,19,17,0,0,5,89,29,0,15,15,1,2,0,10,2,2,0,0,114,279,546,FINAL (ENTRADA MANUAL)
84,7,6,110,30,0,115,17,1,0,1,95,92,34,19,17,0,0,17,82,26,0,17,10,2,2,1,7,1,1,0,1,126,276,546,FINAL (ENTRADA MANUAL)
84,7,7,104,41,1,110,16,0,0,0,85,115,33,13,14,0,0,12,73,33,1,9,10,4,3,3,9,1,0,0,1,126,273,545,FINAL (ENTRADA MANUAL)
84,8,1,73,39,0,161,14,0,0,0,64,140,52,20,9,0,0,2,55,32,0,16,7,3,5,3,23,3,0,0,0,140,287,457,FINAL (ENTRADA MANUAL)
84,8,2,67,25,0,142,10,0,0,1,51,119,38,21,9,0,0,7,49,24,0,16,6,2,2,1,19,0,0,0,0,126,245,457,FINAL (ENTRADA MANUAL)
84,8,3,53,19,0,162,16,0,0,0,51,113,47,24,8,0,0,7,44,16,0,21,6,0,5,3,19,2,0,0,0,134,250,457,FINAL (ENTRADA MANUAL)
84,8,4,81,35,0,161,14,2,0,1,70,136,54,18,14,0,0,2,59,26,0,15,8,2,5,0,27,0,0,0,0,152,294,457,FINAL (ENTRADA MANUAL)
84,8,5,70,41,0,154,21,1,1,0,60,146,44,19,14,0,0,5,57,36,0,18,10,0,4,3,19,3,0,0,0,138,288,457,FINAL (ENTRADA MANUAL)
84,8,6,62,32,0,153,21,0,0,1,49,128,51,17,15,1,0,8,44,25,0,16,12,1,1,3,20,0,0,0,0,147,269,457,FINAL (ENTRADA MANUAL)
84,8,7,76,19,0,151,17,2,0,0,58,126,43,20,11,3,0,4,54,16,0,14,8,1,3,2,23,2,0,0,0,142,265,454,FINAL (ENTRADA MANUAL)
84,9,1,108,44,0,102,30,0,0,0,89,113,30,16,19,0,0,17,83,40,0,15,17,3,1,1,10,0,0,0,0,114,284,477,FINAL (ENTRADA MANUAL)
84,9,2,93,33,0,120,16,0,0,0,85,113,29,18,10,0,0,7,71,30,0,16,8,1,5,1,10,0,0,0,0,120,262,477,FINAL (ENTRADA MANUAL)
84,9,3,85,46,0,99,13,0,0,1,81,102,29,20,9,0,0,3,77,39,0,16,8,0,1,0,13,0,0,0,1,90,245,477,FINAL (ENTRADA MANUAL)
84,9,4,87,30,0,116,20,1,0,0,79,101,37,19,11,1,1,5,68,23,0,15,7,2,4,3,15,1,0,1,0,116,255,477,FINAL (ENTRADA MANUAL)
84,9,5,103,31,0,98,17,0,0,1,81,111,25,12,13,0,0,8,67,26,0,8,9,2,3,0,13,1,0,0,1,121,251,477,FINAL (ENTRADA MANUAL)
84,9,6,91,31,0,110,22,0,0,1,81,103,27,18,16,0,0,10,72,25,0,14,9,2,5,0,8,1,2,0,0,119,257,477,FINAL (ENTRADA MANUAL)
84,9,7,88,35,0,120,17,1,0,0,71,117,37,11,12,0,0,13,66,29,0,10,9,3,1,1,10,0,0,0,0,132,261,475,FINAL (ENTRADA MANUAL)
84,72,1,247,63,0,20,8,0,0,0,235,84,6,2,5,0,0,6,218,52,0,2,3,2,3,0,0,0,0,0,0,58,338,0,FINAL (ENTRADA MANUAL)
84,72,2,36,6,0,3,0,0,0,0,36,6,1,2,0,0,0,0,36,6,0,2,0,0,0,0,0,0,0,0,0,0,45,0,FINAL (ENTRADA MANUAL)
84,72,3,1206,278,2,203,63,1,0,1,1135,452,45,41,52,0,1,28,1089,253,1,39,38,13,18,6,14,2,0,3,3,281,1760,0,FINAL (ENTRADA MANUAL)
84,72,4,192,80,0,43,11,2,0,2,167,110,9,10,8,0,0,26,161,70,0,8,6,2,5,0,4,3,9,7,0,71,346,0,FINAL (ENTRADA MANUAL)
84,72,5,73,11,0,7,2,0,0,0,65,23,1,0,2,0,0,2,64,10,0,0,1,5,2,3,0,0,0,0,0,13,93,0,FINAL (ENTRADA MANUAL)
84,72,6,7,3,0,3,1,0,0,1,6,6,0,2,1,0,0,0,4,3,0,1,1,1,1,0,1,0,0,0,0,3,15,0,FINAL (ENTRADA MANUAL)
84,72,7,14,1,0,2,1,0,0,0,12,3,2,0,1,0,0,0,11,1,0,0,1,1,0,0,1,0,0,0,0,3,18,0,FINAL (ENTRADA MANUAL)
84,72,8,4,1,0,0,0,0,0,0,4,1,0,0,0,0,0,0,4,1,0,0,0,0,0,0,0,0,1,0,0,0,6,0,FINAL (ENTRADA MANUAL)
84,72,9,15,6,0,1,0,0,0,0,14,6,1,0,0,0,0,1,14,6,0,0,0,0,0,0,0,0,0,0,0,2,22,0,FINAL (ENTRADA MANUAL)
84,72,10,7,4,0,1,0,0,0,0,5,5,0,0,0,0,0,2,4,3,0,0,0,0,0,0,0,0,0,0,0,5,12,0,FINAL (ENTRADA MANUAL)
84,72,11,82,11,0,17,4,0,0,0,80,19,4,6,2,0,0,3,73,9,0,6,2,1,0,0,0,0,0,0,0,21,114,0,FINAL (ENTRADA MANUAL)
84,72,12,0,1,0,0,0,0,0,0,0,1,0,0,0,0,0,0,0,1,0,0,0,0,0,0,0,0,0,0,0,0,1,0,FINAL (ENTRADA MANUAL)
84,73,1,92,117,1,25,5,0,0,2,83,123,4,4,5,0,0,23,79,95,0,4,5,2,0,0,4,0,0,0,0,53,242,0,FINAL (ENTRADA MANUAL)
84,73,2,0,0,0,0,0,0,0,0,0,0,0,0,0,0,0,0,0,0,0,0,0,0,0,0,0,0,0,0,0,0,0,0,FINAL (ENTRADA MANUAL)
84,73,3,38,57,0,8,2,0,1,2,34,62,0,4,2,0,0,6,34,49,0,4,1,1,1,0,2,0,1,0,0,16,109,0,FINAL (ENTRADA MANUAL)
84,74,1,2,4,0,1,0,0,0,0,2,4,1,0,0,0,0,0,2,4,0,0,0,0,0,0,1,0,0,0,0,0,7,0,FINAL (ENTRADA MANUAL)
84,74,2,0,0,0,0,0,0,0,0,0,0,0,0,0,0,0,0,0,0,0,0,0,0,0,0,0,0,0,0,0,0,0,0,FINAL (ENTRADA MANUAL)
84,75,1,1,0,0,0,0,0,0,0,1,0,0,0,0,0,0,0,1,0,0,0,0,0,0,0,0,0,0,0,0,0,1,0,FINAL (ENTRADA MANUAL)
84,75,2,0,0,0,0,0,0,0,0,0,0,0,0,0,0,0,0,0,0,0,0,0,0,0,0,0,0,0,0,0,0,0,0,FINAL (ENTRADA MANUAL)
84,76,1,15,0,1,2,0,0,0,0,13,0,1,2,0,0,0,2,10,0,1,1,0,0,0,0,0,0,0,0,0,6,18,0,FINAL (ENTRADA MANUAL)
84,76,2,0,0,0,0,0,0,0,0,0,0,0,0,0,0,0,0,0,0,0,0,0,0,0,0,0,0,0,0,0,0,0,0,FINAL (ENTRADA MANUAL)
84,76,3,3,0,1,3,0,0,0,0,3,0,1,2,0,0,0,1,2,0,1,2,0,0,0,0,0,0,0,0,0,2,7,0,FINAL (ENTRADA MANUAL)
84,76,5,1,0,0,1,0,0,0,0,1,1,0,0,0,0,0,0,1,0,0,0,0,0,0,0,0,0,0,0,0,1,2,0,FINAL (ENTRADA MANUAL)
84,77,1,4,0,0,13,1,0,0,0,3,9,4,2,0,0,0,0,3,0,0,1,0,0,0,1,2,0,0,0,0,11,18,0,FINAL (ENTRADA MANUAL)
84,77,2,14,3,0,92,2,0,0,0,10,26,57,14,4,0,0,0,10,3,0,14,1,1,1,1,16,0,0,0,0,64,111,0,FINAL (ENTRADA MANUAL)
84,77,3,1,2,0,5,0,0,0,0,1,4,2,1,0,0,0,0,1,2,0,1,0,0,0,0,0,0,0,0,0,4,8,0,FINAL (ENTRADA MANUAL)
84,78,1,63,17,0,24,6,0,0,0,52,28,10,5,4,0,0,11,45,13,0,4,4,0,1,0,0,0,0,0,0,43,110,0,FINAL (ENTRADA MANUAL)
84,78,2,11,2,0,1,0,0,0,0,7,3,0,0,0,0,6,4,7,2,0,0,0,0,0,0,0,0,0,0,0,5,14,0,FINAL (ENTRADA MANUAL)
84,78,3,7,0,0,1,0,0,0,0,6,1,0,0,0,0,0,1,6,0,0,0,0,0,0,0,0,0,0,0,0,2,8,0,FINAL (ENTRADA MANUAL)
84,78,4,3,0,0,0,0,0,0,0,2,1,0,1,0,0,0,0,2,0,0,1,0,1,0,0,0,0,0,0,0,0,4,0,FINAL (ENTRADA MANUAL)
86,1,1,99,38,1,116,24,0,0,0,80,123,26,20,16,0,0,13,77,34,1,19,12,1,3,4,10,1,1,0,0,116,279,452,FINAL (ENTRADA MANUAL)
86,1,2,84,54,0,114,22,1,0,0,73,133,35,11,18,0,0,5,63,49,0,11,13,3,6,5,10,4,0,0,0,111,275,452,FINAL (ENTRADA MANUAL)
86,1,3,84,36,0,113,26,0,0,0,72,118,32,15,14,0,0,8,64,31,0,14,14,1,1,0,10,0,0,0,0,124,259,452,FINAL (ENTRADA MANUAL)
86,1,4,91,39,0,116,12,0,0,1,80,109,31,20,10,0,0,9,75,35,0,18,8,1,0,1,10,0,1,0,0,111,260,453,FINAL (ENTRADA MANUAL)
86,2,1,98,43,0,95,25,1,0,2,85,109,25,15,18,0,0,12,75,40,0,13,17,1,2,0,2,0,0,0,0,114,264,503,FINAL (ENTRADA MANUAL)
86,2,2,81,48,0,110,19,0,0,1,62,124,37,15,12,0,0,9,57,43,0,11,11,1,3,0,20,2,0,0,1,111,260,503,FINAL (ENTRADA MANUAL)
86,3,1,112,70,0,92,14,0,0,1,102,128,25,14,11,2,0,7,93,56,0,13,9,1,2,0,8,0,0,1,0,107,290,542,FINAL (ENTRADA MANUAL)
86,3,2,117,32,1,90,17,0,0,0,97,92,31,14,15,1,0,7,86,28,1,12,10,3,2,0,7,0,0,0,0,108,257,542,FINAL (ENTRADA MANUAL)
86,3,3,99,43,0,98,17,0,0,0,78,108,23,18,13,1,0,16,68,37,0,16,8,1,1,1,8,1,0,0,0,116,257,542,FINAL (ENTRADA MANUAL)
86,3,4,124,37,0,87,18,0,0,1,108,91,17,25,12,0,0,14,91,31,0,20,10,1,2,0,6,1,1,0,0,105,268,540,FINAL (ENTRADA MANUAL)
86,4,1,122,31,3,62,13,0,0,0,109,85,12,13,9,0,0,3,102,27,2,11,8,1,0,2,5,0,0,0,0,73,231,473,FINAL (ENTRADA MANUAL)
86,4,2,85,49,0,59,5,1,0,1,74,82,16,14,4,0,0,10,67,43,0,13,2,3,0,1,4,0,1,0,0,67,201,473,FINAL (ENTRADA MANUAL)
86,4,3,91,40,1,68,11,0,0,0,74,78,17,14,6,0,0,22,65,36,1,12,5,1,0,0,7,0,0,0,0,84,211,473,FINAL (ENTRADA MANUAL)
86,4,4,102,29,0,63,12,0,0,0,89,60,24,13,13,0,0,7,82,24,0,12,10,0,0,1,4,0,0,0,0,73,206,473,FINAL (ENTRADA MANUAL)
86,4,5,89,37,0,76,16,0,0,0,74,79,20,13,11,0,0,21,65,31,0,12,11,0,0,1,6,0,0,1,0,92,219,471,FINAL (ENTRADA MANUAL)
86,72,1,17,8,0,7,0,0,0,0,13,11,3,2,1,0,0,2,13,7,0,2,0,1,0,0,1,0,0,0,0,8,32,0,FINAL (ENTRADA MANUAL)
86,72,2,1,2,0,0,0,0,0,0,1,2,0,0,0,0,0,0,1,2,0,0,0,0,0,0,0,0,1,0,0,0,4,0,FINAL (ENTRADA MANUAL)
86,72,3,331,288,2,84,20,0,0,0,310,351,15,17,17,0,0,15,291,274,2,14,13,5,9,0,7,4,0,1,1,106,727,0,FINAL (ENTRADA MANUAL)
86,72,4,43,36,0,17,2,0,0,9,39,44,5,6,2,0,0,11,37,34,0,6,2,3,1,0,0,0,2,0,0,15,107,0,FINAL (ENTRADA MANUAL)
86,72,5,2,4,0,0,0,0,0,0,2,4,0,0,0,0,0,0,2,4,0,0,0,0,0,0,0,0,0,0,0,0,6,0,FINAL (ENTRADA MANUAL)
86,72,6,0,1,0,0,0,0,0,0,0,1,0,0,0,0,0,0,0,1,0,0,0,0,0,0,0,0,0,0,0,0,1,0,FINAL (ENTRADA MANUAL)
86,72,7,21,6,0,2,4,0,0,0,19,9,0,1,4,0,0,0,18,6,0,1,4,0,0,0,0,0,0,0,0,4,33,0,FINAL (ENTRADA MANUAL)
86,72,8,1,0,0,0,0,0,0,0,1,0,0,0,0,0,0,0,1,0,0,0,0,0,0,0,0,0,0,0,0,0,1,0,FINAL (ENTRADA MANUAL)
86,73,1,10,43,0,6,0,0,0,0,11,45,0,0,0,0,0,3,10,40,0,0,0,0,0,0,0,0,0,0,0,9,59,0,FINAL (ENTRADA MANUAL)
86,73,2,2,13,1,0,0,0,0,0,2,13,1,0,0,0,0,0,2,13,1,0,0,0,0,0,0,0,0,0,0,0,16,0,FINAL (ENTRADA MANUAL)
86,74,1,0,1,0,0,1,0,0,0,0,1,0,0,1,0,0,0,0,0,0,0,1,0,0,0,0,0,0,0,0,1,2,0,FINAL (ENTRADA MANUAL)
86,74,2,0,0,0,0,0,0,0,0,0,0,0,0,0,0,0,0,0,0,0,0,0,0,0,0,0,0,0,0,0,0,0,0,FINAL (ENTRADA MANUAL)
86,75,1,0,0,0,0,0,0,0,0,0,1,0,0,0,0,0,0,0,0,0,0,0,0,0,0,0,0,0,0,0,1,1,0,FINAL (ENTRADA MANUAL)
86,75,2,0,0,0,0,0,0,0,0,0,0,0,0,0,0,0,0,0,0,0,0,0,0,0,0,0,0,0,0,0,0,0,0,FINAL (ENTRADA MANUAL)
86,76,1,3,0,0,0,0,0,0,0,3,0,0,0,0,0,0,0,3,0,0,0,0,0,0,0,0,0,0,0,0,0,3,0,FINAL (ENTRADA MANUAL)
86,76,2,0,0,0,0,0,0,0,0,0,0,0,0,0,0,0,0,0,0,0,0,0,0,0,0,0,0,0,0,0,0,0,0,FINAL (ENTRADA MANUAL)
86,76,3,2,0,0,1,0,0,0,0,2,0,0,1,0,0,0,0,1,0,0,1,0,0,0,0,0,0,0,0,0,1,3,0,FINAL (ENTRADA MANUAL)
86,76,4,0,0,0,0,0,0,0,0,0,0,0,0,0,0,0,0,0,0,0,0,0,0,0,0,0,0,0,0,0,0,0,0,FINAL (ENTRADA MANUAL)
86,76,5,1,0,0,0,0,0,0,0,1,0,0,0,0,0,0,0,1,0,0,0,0,0,0,0,0,0,0,0,0,0,1,0,FINAL (ENTRADA MANUAL)
86,76,6,0,0,0,0,0,0,0,0,0,0,0,0,0,0,0,0,0,0,0,0,0,0,0,0,0,0,0,0,0,0,0,0,FINAL (ENTRADA MANUAL)
86,77,1,4,1,1,7,0,0,0,0,4,4,5,0,0,0,0,0,4,1,1,0,0,0,0,0,2,0,1,0,0,5,14,0,FINAL (ENTRADA MANUAL)
86,77,2,0,0,0,0,0,0,0,0,0,0,0,0,0,0,0,0,0,0,0,0,0,0,0,0,0,0,0,0,0,0,0,0,FINAL (ENTRADA MANUAL)
86,77,3,1,0,0,1,0,0,0,0,1,1,0,0,0,0,0,0,1,0,0,0,0,0,0,0,0,0,0,0,0,1,0,0,FINAL (ENTRADA MANUAL)
86,78,1,9,2,0,8,0,0,0,0,7,5,4,1,0,0,0,2,6,2,0,1,0,0,0,1,0,0,0,0,0,9,19,0,FINAL (ENTRADA MANUAL)
86,78,2,5,0,0,0,0,0,0,0,3,0,0,0,0,0,0,2,3,0,0,0,0,0,0,0,0,0,0,0,0,2,5,0,FINAL (ENTRADA MANUAL)
86,78,3,1,0,0,1,0,0,0,0,1,0,0,1,0,0,0,0,1,0,0,1,0,0,0,0,0,0,0,0,0,0,2,0,FINAL (ENTRADA MANUAL)
86,78,4,0,0,0,0,0,0,0,0,0,0,0,0,0,0,0,0,0,0,0,0,0,0,0,0,0,0,0,0,0,0,0,0,FINAL (ENTRADA MANUAL)
87,1,1,108,49,0,105,13,0,0,3,99,109,34,15,11,0,0,10,91,41,0,13,9,0,3,2,7,0,0,0,0,112,278,549,FINAL (ENTRADA MANUAL)
87,1,2,101,67,0,93,12,0,0,0,91,136,19,15,8,0,0,4,85,61,0,13,7,2,1,1,9,0,0,0,0,94,273,549,FINAL (ENTRADA MANUAL)
87,1,3,114,44,0,98,28,0,0,1,93,125,21,12,24,0,0,10,84,38,0,11,18,3,0,1,12,0,0,1,0,118,286,549,FINAL (ENTRADA MANUAL)
87,1,4,84,48,1,105,13,0,0,0,72,108,36,13,10,0,0,12,66,42,1,12,8,1,3,2,12,1,1,0,0,103,252,549,FINAL (ENTRADA MANUAL)
87,1,5,85,49,0,113,22,0,0,0,64,122,35,13,16,0,0,19,58,43,0,11,13,0,1,1,8,2,3,0,0,132,272,549,FINAL (ENTRADA MANUAL)
87,1,6,72,48,1,93,14,0,0,0,58,114,29,11,8,0,0,8,49,43,1,10,6,2,0,0,16,3,0,0,0,98,228,548,FINAL (ENTRADA MANUAL)
87,2,1,106,61,0,67,13,0,0,0,98,101,11,20,11,0,0,6,89,59,0,19,8,0,1,0,2,0,1,0,1,69,249,478,FINAL (ENTRADA MANUAL)
87,2,2,103,61,0,67,10,0,0,1,91,95,19,14,9,1,0,13,78,55,0,13,7,1,3,0,10,0,0,0,0,75,242,478,FINAL (ENTRADA MANUAL)
87,2,3,87,78,1,49,8,1,0,0,74,103,12,14,7,0,1,13,70,66,1,13,5,1,1,0,3,0,0,0,0,64,224,478,FINAL (ENTRADA MANUAL)
87,2,4,102,52,0,67,16,0,0,2,86,95,12,20,12,0,0,14,82,48,0,18,9,2,0,0,1,1,2,0,0,78,241,478,FINAL (ENTRADA MANUAL)
87,2,5,91,56,0,70,8,0,1,0,83,91,13,16,8,0,0,15,73,51,0,15,5,2,2,1,5,0,0,0,0,72,226,478,FINAL (ENTRADA MANUAL)
87,2,6,81,44,0,61,11,0,0,0,74,85,16,11,6,0,0,5,71,42,0,10,4,0,3,0,5,0,1,0,0,62,198,478,FINAL (ENTRADA MANUAL)
87,2,7,86,55,0,67,6,0,0,0,75,83,19,14,5,0,0,18,62,42,0,12,3,2,2,1,2,0,0,0,0,88,214,479,FINAL (ENTRADA MANUAL)
87,3,1,122,61,0,79,20,0,0,0,110,111,16,14,22,0,0,9,103,55,0,14,19,2,3,0,6,1,2,0,0,79,284,575,FINAL (ENTRADA MANUAL)
87,3,2,108,64,0,73,14,0,0,0,100,96,22,22,14,0,0,5,95,58,0,20,12,0,4,1,8,0,1,0,0,61,260,575,FINAL (ENTRADA MANUAL)
87,3,3,114,65,0,84,17,0,0,1,95,104,28,16,18,0,0,20,87,59,0,15,12,4,1,2,8,1,0,0,0,92,281,575,FINAL (ENTRADA MANUAL)
87,3,4,119,59,0,87,10,0,0,2,103,106,24,16,11,0,0,17,92,51,0,14,7,1,4,0,4,2,1,0,0,102,278,575,FINAL (ENTRADA MANUAL)
87,4,1,128,36,0,64,10,0,0,2,113,69,18,13,5,0,0,22,106,33,0,11,5,1,2,1,6,1,0,0,0,74,240,520,FINAL (ENTRADA MANUAL)
87,4,2,132,62,2,64,7,0,1,0,120,98,19,14,3,1,0,13,109,56,2,11,3,1,2,1,3,0,0,0,0,80,268,520,FINAL (ENTRADA MANUAL)
87,5,1,109,58,0,61,10,0,0,0,95,95,16,12,6,0,0,14,82,50,0,11,5,1,3,0,4,2,0,1,0,80,239,524,FINAL (ENTRADA MANUAL)
87,5,2,92,52,0,56,9,0,1,3,80,79,13,12,7,1,0,21,73,47,0,11,6,1,0,0,3,0,6,1,0,72,220,524,FINAL (ENTRADA MANUAL)
87,5,3,111,49,2,76,6,2,0,0,93,90,27,10,4,1,0,21,87,42,1,9,4,2,2,0,6,0,0,1,0,93,247,524,FINAL (ENTRADA MANUAL)
87,5,4,96,45,1,65,9,0,0,0,84,88,15,8,7,0,0,14,75,39,1,8,5,0,1,0,7,0,0,0,0,80,216,524,FINAL (ENTRADA MANUAL)
87,5,5,114,39,0,84,9,1,0,2,96,105,18,13,5,0,0,12,90,38,0,13,4,0,3,0,6,2,2,0,0,93,251,524,FINAL (ENTRADA MANUAL)
87,5,6,109,56,1,56,8,1,1,0,98,94,17,8,7,0,0,8,90,47,0,7,3,1,1,0,6,2,1,0,0,75,233,523,FINAL (ENTRADA MANUAL)
87,6,1,93,40,0,99,10,1,0,0,80,102,33,9,8,0,0,11,68,37,0,9,7,0,3,3,11,0,0,0,0,105,243,492,FINAL (ENTRADA MANUAL)
87,6,2,77,48,0,99,10,1,0,0,66,98,27,18,11,0,0,15,55,46,0,15,4,3,3,2,8,0,2,1,0,99,238,492,FINAL (ENTRADA MANUAL)
87,6,3,81,26,0,81,7,0,0,0,64,76,25,12,6,0,0,12,57,19,0,10,3,0,2,1,13,0,0,0,0,90,195,492,FINAL (ENTRADA MANUAL)
87,6,4,78,30,0,106,13,0,0,0,70,84,31,23,7,0,0,12,62,26,0,19,6,1,4,1,5,0,1,0,1,103,229,492,FINAL (ENTRADA MANUAL)
87,6,5,92,31,0,84,13,1,0,0,72,88,27,12,12,0,0,10,65,29,0,11,10,2,4,1,12,1,1,0,0,86,222,492,FINAL (ENTRADA MANUAL)
87,6,6,80,48,0,92,12,0,0,1,77,103,31,12,7,0,0,3,73,41,0,11,6,1,2,0,8,0,0,0,0,91,233,492,FINAL (ENTRADA MANUAL)
87,6,7,77,49,1,77,11,0,0,0,65,101,18,16,6,0,0,9,56,39,0,12,5,2,3,2,9,1,0,0,0,86,215,490,FINAL (ENTRADA MANUAL)
87,72,1,832,307,0,52,12,0,1,0,800,337,11,15,7,0,0,34,775,281,0,12,4,3,5,2,7,0,31,1,1,115,1237,0,FINAL (ENTRADA MANUAL)
87,72,2,9,1,0,0,0,0,0,0,8,2,0,0,0,0,0,0,8,1,0,0,0,0,0,0,0,0,0,0,0,1,10,0,FINAL (ENTRADA MANUAL)
87,72,3,712,285,2,135,30,1,0,2,683,365,33,40,22,0,0,24,658,267,1,38,17,8,5,1,6,2,0,0,0,164,1172,0,FINAL (ENTRADA MANUAL)
87,72,4,78,41,0,8,3,0,0,0,72,46,0,8,3,0,0,1,71,38,0,8,2,2,0,0,0,0,6,1,0,9,137,0,FINAL (ENTRADA MANUAL)
87,72,5,76,16,0,4,1,1,0,0,76,19,1,0,1,0,0,1,72,15,0,0,1,1,0,0,0,0,0,0,0,9,98,0,FINAL (ENTRADA MANUAL)
87,72,6,7,1,0,0,0,0,0,0,7,1,0,0,0,0,0,0,7,1,0,0,0,0,0,0,0,0,0,0,0,0,8,0,FINAL (ENTRADA MANUAL)
87,72,7,66,31,0,4,1,0,0,0,64,34,1,1,0,0,0,2,64,29,0,1,0,0,1,0,2,0,0,0,0,5,102,0,FINAL (ENTRADA MANUAL)
87,72,8,0,0,0,0,0,0,0,0,0,0,0,0,0,0,0,0,0,0,0,0,0,0,0,0,0,0,0,0,0,0,0,0,FINAL (ENTRADA MANUAL)
87,72,9,0,1,0,0,0,0,0,0,0,1,0,0,0,0,0,0,0,1,0,0,0,0,0,0,0,0,0,0,0,0,1,0,FINAL (ENTRADA MANUAL)
87,72,10,68,23,0,7,1,0,0,0,69,23,1,4,1,0,0,1,67,23,0,4,1,1,0,0,0,0,0,0,0,3,103,0,FINAL (ENTRADA MANUAL)
87,73,1,17,145,0,5,1,0,0,1,16,139,0,3,1,0,0,10,16,133,0,2,0,0,0,0,0,0,0,0,0,18,169,0,FINAL (ENTRADA MANUAL)
87,73,2,0,2,0,0,0,0,0,0,0,2,0,0,0,0,0,0,0,2,0,0,0,0,0,0,0,0,0,0,0,0,2,0,FINAL (ENTRADA MANUAL)
87,74,1,0,0,0,0,0,0,0,0,0,0,0,0,0,0,0,0,0,0,0,0,0,0,0,0,0,0,0,0,0,0,0,0,FINAL (ENTRADA MANUAL)
87,74,2,0,0,0,0,0,0,0,0,0,0,0,0,0,0,0,0,0,0,0,0,0,0,0,0,0,0,0,0,0,0,0,0,FINAL (ENTRADA MANUAL)
87,75,1,2,0,0,0,0,0,0,0,2,0,0,0,0,0,0,0,2,0,0,0,0,0,0,0,0,0,0,0,0,0,2,0,FINAL (ENTRADA MANUAL)
87,75,2,0,0,0,0,0,0,0,0,0,0,0,0,0,0,0,0,0,0,0,0,0,0,0,0,0,0,0,0,0,0,0,0,FINAL (ENTRADA MANUAL)
87,75,3,0,0,0,0,0,0,0,0,0,0,0,0,0,0,0,0,0,0,0,0,0,0,0,0,0,0,0,0,0,0,0,0,FINAL (ENTRADA MANUAL)
87,76,1,7,1,0,1,0,0,1,0,5,1,1,0,0,0,0,3,3,0,0,0,0,0,0,0,0,0,0,0,0,7,10,0,FINAL (ENTRADA MANUAL)
87,76,2,0,0,0,0,0,0,0,0,0,0,0,0,0,0,0,0,0,0,0,0,0,0,0,0,0,0,0,0,0,0,0,0,FINAL (ENTRADA MANUAL)
87,76,3,1,0,0,0,0,0,0,0,1,0,0,0,0,0,0,0,1,0,0,0,0,0,0,0,0,0,0,0,0,0,1,0,FINAL (ENTRADA MANUAL)
87,76,5,1,0,0,0,0,0,0,0,1,0,0,0,0,0,0,0,1,0,0,0,0,0,0,0,0,0,0,0,0,0,1,0,FINAL (ENTRADA MANUAL)
87,77,1,3,6,0,15,0,0,0,0,3,9,8,4,0,0,0,0,3,5,0,4,0,0,0,1,2,0,0,0,0,9,24,0,FINAL (ENTRADA MANUAL)
87,77,2,0,0,0,0,0,0,0,0,0,0,0,0,0,0,0,0,0,0,0,0,0,0,0,0,0,0,0,0,0,0,0,0,FINAL (ENTRADA MANUAL)
87,77,3,1,0,0,3,0,0,0,0,1,1,1,1,0,0,0,0,1,0,0,1,0,0,1,0,0,0,0,0,0,1,4,0,FINAL (ENTRADA MANUAL)
87,77,4,0,1,0,1,1,0,0,0,0,1,1,0,1,0,0,0,0,1,0,0,1,0,0,0,1,0,0,0,0,0,3,0,FINAL (ENTRADA MANUAL)
87,78,1,39,20,0,14,3,1,0,0,33,25,4,5,3,0,0,7,29,17,0,4,2,1,0,0,0,1,0,1,0,23,78,0,FINAL (ENTRADA MANUAL)
87,78,2,1,1,0,0,0,0,0,0,1,0,0,1,0,0,0,0,1,0,0,0,0,0,0,0,1,0,0,0,0,0,2,0,FINAL (ENTRADA MANUAL)
87,78,3,7,1,1,2,0,0,0,0,6,3,1,1,0,0,0,0,6,0,1,1,0,0,1,0,0,0,0,0,0,2,11,0,FINAL (ENTRADA MANUAL)
87,78,4,0,0,0,0,0,0,0,0,0,0,0,0,0,0,0,0,0,0,0,0,0,0,0,0,0,0,0,0,0,0,0,0,FINAL (ENTRADA MANUAL)
88,1,1,89,49,0,64,22,0,0,0,76,81,24,11,16,0,0,16,69,41,0,8,14,0,0,0,6,0,0,1,0,86,225,398,FINAL (ENTRADA MANUAL)
88,1,2,71,59,0,60,24,0,0,1,53,95,14,14,22,0,0,17,51,47,0,13,16,1,4,0,2,1,2,0,0,80,217,398,FINAL (ENTRADA MANUAL)
88,1,3,94,46,0,51,20,0,0,0,96,81,8,12,13,0,0,1,81,38,0,11,12,2,1,0,5,1,0,0,0,60,211,397,FINAL (ENTRADA MANUAL)
88,2,1,102,43,0,78,22,0,0,0,88,91,23,13,20,0,0,10,74,36,0,12,15,0,3,1,10,2,0,0,0,92,245,403,FINAL (ENTRADA MANUAL)
88,2,2,94,45,0,77,14,0,0,0,81,88,24,17,12,0,0,8,73,40,0,14,10,3,1,1,6,0,0,0,0,82,230,403,FINAL (ENTRADA MANUAL)
88,2,3,102,37,0,65,28,0,0,1,92,72,21,14,23,0,0,11,80,28,0,12,19,1,0,2,8,1,0,0,0,82,233,403,FINAL (ENTRADA MANUAL)
88,2,4,116,28,0,65,27,0,0,1,111,72,17,12,18,0,0,7,99,26,0,10,16,0,1,0,8,1,0,0,0,76,237,403,FINAL (ENTRADA MANUAL)
88,3,1,67,45,0,52,10,0,0,0,55,80,11,13,9,0,0,6,54,42,0,12,9,0,2,1,5,0,0,0,0,49,174,269,FINAL (ENTRADA MANUAL)
88,3,2,69,24,0,65,8,1,0,1,63,70,13,10,8,1,0,3,56,23,0,9,4,2,0,0,5,1,0,0,0,68,168,269,FINAL (ENTRADA MANUAL)
88,4,1,85,84,1,50,18,1,0,0,79,108,16,11,13,0,0,12,71,75,1,10,11,0,5,0,5,0,4,0,0,61,243,398,FINAL (ENTRADA MANUAL)
88,4,2,80,63,0,65,20,0,0,1,66,103,18,11,15,1,0,15,61,54,0,10,10,1,1,0,5,1,0,0,0,86,229,398,FINAL (ENTRADA MANUAL)
88,4,3,82,67,0,55,22,2,0,0,73,105,15,9,14,1,0,11,58,57,0,8,12,3,1,1,7,0,0,0,0,81,228,398,FINAL (ENTRADA MANUAL)
88,4,4,61,89,0,52,18,0,0,0,54,122,12,16,11,0,0,5,51,83,0,15,10,1,1,0,3,5,0,0,0,51,220,398,FINAL (ENTRADA MANUAL)
88,5,1,100,53,1,74,9,0,1,1,87,94,18,18,8,0,0,14,80,42,0,17,7,0,4,0,9,0,1,1,0,80,241,432,FINAL (ENTRADA MANUAL)
88,6,1,113,38,0,94,15,0,0,0,97,97,40,8,15,0,0,3,88,32,0,8,10,0,0,2,13,0,0,0,0,107,260,399,FINAL (ENTRADA MANUAL)
88,6,2,106,37,0,116,12,0,1,0,94,94,51,15,8,0,0,10,80,33,0,15,7,0,2,0,17,0,0,1,0,118,273,399,FINAL (ENTRADA MANUAL)
88,7,1,85,50,0,67,12,0,0,0,63,89,16,14,10,0,0,22,52,44,0,12,10,2,2,1,4,0,0,0,1,87,215,422,FINAL (ENTRADA MANUAL)
88,7,2,83,51,0,76,14,0,0,1,72,104,14,12,11,0,0,12,64,47,0,11,9,2,2,0,10,1,2,2,0,79,229,422,FINAL (ENTRADA MANUAL)
88,7,3,72,47,0,84,17,0,0,0,53,100,22,16,15,0,0,14,49,43,0,14,11,1,4,0,5,0,1,0,0,93,221,422,FINAL (ENTRADA MANUAL)
88,8,1,91,64,0,49,16,0,1,0,78,98,13,11,14,0,0,7,69,61,0,8,13,2,2,0,4,1,2,0,0,61,223,418,FINAL (ENTRADA MANUAL)
88,8,2,86,78,0,46,14,0,0,0,63,126,3,10,10,0,0,12,60,72,0,9,8,4,2,0,1,0,0,0,0,68,224,418,FINAL (ENTRADA MANUAL)
88,8,3,99,76,0,37,15,0,0,0,87,107,7,9,13,0,0,4,82,72,0,8,10,1,0,0,5,0,0,0,0,49,227,417,FINAL (ENTRADA MANUAL)
88,9,1,147,55,0,72,11,0,0,0,123,101,21,13,12,0,0,15,115,47,0,11,9,0,2,0,10,0,0,0,0,91,285,474,FINAL (ENTRADA MANUAL)
88,9,2,128,38,0,68,24,0,0,0,113,86,21,10,18,0,0,10,105,36,0,10,15,2,0,0,7,2,0,0,0,81,258,474,FINAL (ENTRADA MANUAL)
88,9,3,135,37,1,73,13,0,0,0,118,90,14,16,12,0,0,9,114,34,1,16,6,1,4,1,0,1,1,0,0,81,260,473,FINAL (ENTRADA MANUAL)
88,10,1,72,33,0,42,5,0,0,2,59,57,8,10,6,0,0,14,54,30,0,9,3,0,0,1,9,1,0,0,0,47,154,378,FINAL (ENTRADA MANUAL)
88,10,2,73,32,0,43,11,0,0,1,64,54,11,10,10,0,0,11,57,30,0,10,7,1,0,0,6,1,0,0,0,48,160,378,FINAL (ENTRADA MANUAL)
88,10,3,77,48,0,45,5,0,0,1,61,64,18,9,5,0,0,19,57,41,0,8,4,0,1,1,7,0,0,0,0,57,176,378,FINAL (ENTRADA MANUAL)
88,10,4,96,30,0,46,14,0,0,0,74,54,11,10,13,0,0,24,70,28,0,6,11,0,0,0,2,1,0,0,0,68,186,380,FINAL (ENTRADA MANUAL)
88,11,1,80,52,0,90,12,0,0,1,61,120,16,18,8,0,0,12,57,45,0,18,5,3,2,0,6,0,1,0,0,99,236,383,FINAL (ENTRADA MANUAL)
88,11,2,94,59,0,80,28,0,0,2,78,112,19,12,22,1,0,19,69,55,0,11,20,4,1,0,5,1,1,0,0,97,264,383,FINAL (ENTRADA MANUAL)
88,11,3,80,36,0,99,14,0,0,0,70,85,33,20,11,1,0,9,67,27,0,18,10,1,2,1,11,0,1,0,0,92,230,383,FINAL (ENTRADA MANUAL)
88,11,4,84,48,1,98,19,0,0,1,60,127,23,15,15,0,0,11,49,42,1,12,12,4,4,0,6,2,0,1,0,119,252,383,FINAL (ENTRADA MANUAL)
88,11,5,83,37,0,82,22,0,1,0,72,84,18,18,22,0,0,11,57,32,0,16,20,1,0,0,2,0,0,0,0,97,225,385,FINAL (ENTRADA MANUAL)
88,12,1,118,40,0,77,27,0,0,0,113,89,18,10,23,0,0,9,96,35,0,10,18,0,1,0,3,2,0,0,0,97,262,460,FINAL (ENTRADA MANUAL)
88,12,2,125,46,0,63,16,0,0,2,101,93,22,8,12,0,0,16,92,39,0,8,9,2,2,2,10,1,1,0,1,87,254,460,FINAL (ENTRADA MANUAL)
88,12,3,115,50,0,67,18,0,0,0,93,100,17,13,14,0,0,13,81,45,0,11,13,1,2,0,4,0,1,0,0,93,251,460,FINAL (ENTRADA MANUAL)
88,12,4,118,55,0,59,11,1,0,0,104,88,20,9,9,0,0,14,90,44,0,8,6,2,1,0,5,0,2,0,1,88,247,460,FINAL (ENTRADA MANUAL)
88,12,5,109,59,0,68,6,1,0,1,92,93,15,16,9,0,0,19,76,51,0,16,5,0,2,1,0,0,0,0,0,93,244,460,FINAL (ENTRADA MANUAL)
88,13,1,131,59,0,115,18,2,0,0,114,129,34,22,16,0,0,10,99,48,0,19,14,4,3,0,11,0,0,0,0,127,325,594,FINAL (ENTRADA MANUAL)
88,13,2,90,46,0,90,19,0,0,0,73,103,20,18,15,0,0,16,68,40,0,18,13,2,1,0,10,1,2,0,0,92,247,594,FINAL (ENTRADA MANUAL)
88,13,3,107,51,0,103,18,0,0,0,97,117,27,13,11,0,0,14,86,45,0,13,8,1,3,2,12,0,0,0,0,109,279,595,FINAL (ENTRADA MANUAL)
88,14,1,93,40,0,94,20,0,0,1,83,96,17,25,14,0,0,13,74,33,0,23,11,0,1,1,8,1,0,0,0,96,248,450,FINAL (ENTRADA MANUAL)
88,14,2,85,55,1,86,21,0,0,0,75,101,29,17,14,0,0,12,69,45,1,16,10,2,5,1,10,0,1,0,0,89,249,450,FINAL (ENTRADA MANUAL)
88,15,1,86,42,0,123,31,0,0,0,67,117,35,22,23,1,0,17,61,37,0,20,18,1,0,0,3,1,0,0,0,141,282,412,FINAL (ENTRADA MANUAL)
88,15,2,97,34,1,114,18,2,0,1,72,115,29,18,16,0,0,17,54,24,1,15,12,4,3,0,8,1,0,0,0,145,267,412,FINAL (ENTRADA MANUAL)
88,15,3,87,37,3,100,20,0,0,0,68,111,23,18,17,0,0,10,64,32,2,14,13,0,1,0,5,1,0,0,0,115,247,412,FINAL (ENTRADA MANUAL)
88,15,4,85,49,0,108,21,1,0,0,73,122,29,21,16,0,0,3,69,43,0,17,14,3,2,1,12,4,1,1,0,99,266,412,FINAL (ENTRADA MANUAL)
88,15,5,94,33,0,99,18,0,0,1,83,91,32,21,14,1,0,3,73,27,0,19,9,1,4,3,8,2,0,1,0,99,246,412,FINAL (ENTRADA MANUAL)
88,15,6,87,40,0,115,26,0,0,1,79,117,32,17,19,0,0,5,71,34,0,16,15,1,1,0,9,2,0,0,0,120,269,411,FINAL (ENTRADA MANUAL)
88,72,1,42,2,0,1,0,0,0,0,43,2,0,0,0,0,0,0,41,2,0,0,0,0,0,0,0,0,0,0,0,2,45,0,FINAL (ENTRADA MANUAL)
88,72,2,2,0,0,0,0,0,0,0,2,0,0,0,0,0,0,0,2,0,0,0,0,0,0,0,0,0,0,0,0,0,2,0,FINAL (ENTRADA MANUAL)
88,72,3,627,47,0,53,14,3,0,3,625,71,13,11,12,0,0,15,592,39,0,10,9,5,0,0,6,0,0,0,1,86,748,0,FINAL (ENTRADA MANUAL)
88,72,4,77,11,0,10,1,0,0,0,75,14,2,6,1,0,2,0,75,11,0,6,1,1,0,0,2,0,6,0,0,4,106,0,FINAL (ENTRADA MANUAL)
88,72,5,20,1,0,0,1,0,0,0,18,1,0,0,0,0,1,2,18,1,0,0,0,1,0,0,0,0,0,0,0,2,22,0,FINAL (ENTRADA MANUAL)
88,72,6,1,0,0,1,0,0,0,0,1,0,0,1,0,0,0,0,1,0,0,1,0,0,0,0,0,0,0,0,0,0,2,0,FINAL (ENTRADA MANUAL)
88,72,7,4,1,0,1,0,0,0,0,4,1,0,1,0,0,0,0,4,0,0,1,0,0,0,0,0,0,0,0,0,1,6,0,FINAL (ENTRADA MANUAL)
88,72,8,0,0,0,1,0,0,0,0,0,0,1,0,0,0,0,0,0,0,0,0,0,0,0,0,0,0,0,0,0,1,1,0,FINAL (ENTRADA MANUAL)
88,73,1,184,586,1,33,14,0,0,6,146,581,7,11,9,0,0,70,131,534,0,10,8,0,0,0,0,0,0,0,0,141,824,0,FINAL (ENTRADA MANUAL)
88,73,2,0,0,0,0,0,0,0,0,0,0,0,0,0,0,0,0,0,0,0,0,0,0,0,0,0,0,0,0,0,0,0,0,FINAL (ENTRADA MANUAL)
88,73,3,0,0,0,0,0,0,0,0,0,0,0,0,0,0,0,0,0,0,0,0,0,0,0,0,0,0,0,0,0,0,0,0,FINAL (ENTRADA MANUAL)
88,73,4,20,95,0,4,1,0,1,0,16,97,0,2,1,0,0,5,15,92,0,2,1,0,0,0,1,0,0,1,0,10,122,0,FINAL (ENTRADA MANUAL)
88,74,1,3,0,0,1,0,0,0,0,3,1,0,0,0,0,0,0,3,0,0,0,0,0,0,0,0,0,0,0,0,1,4,0,FINAL (ENTRADA MANUAL)
88,74,2,0,0,0,0,0,0,0,0,0,0,0,0,0,0,0,0,0,0,0,0,0,0,0,0,0,0,0,0,0,0,0,0,FINAL (ENTRADA MANUAL)
88,75,1,0,0,0,0,0,0,0,0,0,0,0,0,0,0,0,0,0,0,0,0,0,0,0,0,0,0,0,0,0,0,0,0,FINAL (ENTRADA MANUAL)
88,75,2,0,0,0,0,0,0,0,0,0,0,0,0,0,0,0,0,0,0,0,0,0,0,0,0,0,0,0,0,0,0,0,0,FINAL (ENTRADA MANUAL)
88,76,1,23,4,0,0,0,0,0,0,17,5,0,0,0,0,0,5,16,3,0,0,0,0,0,0,0,0,2,0,0,8,29,0,FINAL (ENTRADA MANUAL)
88,76,2,0,0,0,0,0,0,0,0,0,0,0,0,0,0,0,0,0,0,0,0,0,0,0,0,0,0,0,0,0,0,0,0,FINAL (ENTRADA MANUAL)
88,76,3,6,1,0,0,0,0,0,0,5,1,0,0,0,0,0,1,3,1,0,0,0,0,0,0,0,0,0,0,0,3,7,0,FINAL (ENTRADA MANUAL)
88,76,4,0,0,0,0,0,0,0,0,0,0,0,0,0,0,0,0,0,0,0,0,0,0,0,0,0,0,0,1,0,0,1,0,FINAL (ENTRADA MANUAL)
88,76,5,0,1,0,0,0,0,0,0,0,1,0,0,0,0,0,0,1,0,0,0,0,0,0,0,0,0,0,0,0,0,1,0,FINAL (ENTRADA MANUAL)
88,77,1,5,8,0,30,4,0,0,0,6,20,15,3,3,0,0,0,5,7,0,3,3,0,0,0,4,0,0,0,0,25,47,0,FINAL (ENTRADA MANUAL)
88,77,2,0,2,0,0,0,0,0,0,0,2,0,0,0,0,0,0,0,2,0,0,0,0,0,0,0,0,0,0,0,0,2,0,FINAL (ENTRADA MANUAL)
88,77,3,2,0,0,1,0,0,0,0,2,0,1,0,0,0,0,0,1,0,0,0,0,0,0,1,0,0,0,0,0,1,3,0,FINAL (ENTRADA MANUAL)
88,78,1,29,18,0,19,9,0,0,1,20,31,4,3,9,0,0,9,19,17,0,3,4,0,0,0,1,0,0,0,0,32,76,0,FINAL (ENTRADA MANUAL)
88,78,2,11,1,0,1,0,0,1,0,8,0,0,1,0,0,0,5,7,0,0,1,0,0,0,0,0,0,0,0,0,6,14,0,FINAL (ENTRADA MANUAL)
88,78,3,3,2,0,2,0,0,0,0,3,2,1,1,0,0,0,0,3,1,0,1,0,0,0,0,0,0,0,0,0,2,7,0,FINAL (ENTRADA MANUAL)
88,78,4,0,0,0,0,0,0,0,0,0,0,0,0,0,0,0,0,0,0,0,0,0,0,0,0,0,0,0,0,0,0,0,0,FINAL (ENTRADA MANUAL)
89,1,1,94,36,1,105,17,0,0,1,85,111,28,8,12,0,0,10,76,33,1,8,10,2,3,3,8,0,0,0,1,110,255,424,FINAL (ENTRADA MANUAL)
89,1,2,89,37,1,91,22,2,0,0,84,101,18,14,17,0,0,8,71,30,1,12,12,2,1,0,16,0,0,0,0,97,242,424,FINAL (ENTRADA MANUAL)
89,1,3,100,41,0,113,14,2,0,1,76,125,27,18,15,1,0,9,71,37,0,14,11,2,4,0,9,2,0,0,1,121,272,424,FINAL (ENTRADA MANUAL)
89,1,4,110,37,0,90,10,3,0,0,94,93,23,14,14,0,0,12,84,33,0,14,7,0,0,0,7,1,2,0,0,104,252,424,FINAL (ENTRADA MANUAL)
89,1,5,85,25,0,84,13,2,0,0,74,86,18,13,15,0,0,3,69,21,0,11,9,0,2,1,11,2,0,0,0,83,209,424,FINAL (ENTRADA MANUAL)
89,1,6,90,44,2,72,17,1,0,0,79,81,27,13,14,0,0,12,69,39,1,10,10,2,1,0,5,0,0,0,0,89,226,424,FINAL (ENTRADA MANUAL)
89,1,7,95,35,0,95,14,0,0,0,85,91,25,19,8,0,0,11,71,30,0,17,7,5,1,0,11,0,0,1,1,97,241,427,FINAL (ENTRADA MANUAL)
89,2,1,79,34,0,46,7,0,0,0,73,64,12,10,5,0,0,2,67,31,0,9,5,0,0,2,4,0,0,0,0,48,166,271,FINAL (ENTRADA MANUAL)
89,2,2,75,22,0,41,13,0,0,0,69,53,9,5,11,0,0,4,63,20,0,4,11,0,3,2,4,0,0,0,0,44,151,271,FINAL (ENTRADA MANUAL)
89,3,1,130,37,0,48,6,0,0,0,111,76,11,5,7,0,0,11,101,33,0,4,4,1,3,0,1,1,0,0,0,73,221,470,FINAL (ENTRADA MANUAL)
89,3,2,112,45,0,48,10,0,0,0,90,83,14,5,8,0,0,15,84,42,0,5,7,2,3,1,2,1,0,0,0,68,215,471,FINAL (ENTRADA MANUAL)
89,4,1,102,35,0,138,18,0,0,3,101,121,35,18,12,0,0,9,89,31,0,17,8,1,2,1,10,1,1,0,0,136,297,449,FINAL (ENTRADA MANUAL)
89,4,2,85,48,0,117,26,0,1,0,65,124,37,16,14,0,0,21,56,44,0,13,13,2,1,0,14,4,0,0,0,130,277,449,FINAL (ENTRADA MANUAL)
89,4,3,92,40,0,105,29,0,0,1,86,116,23,14,18,0,0,10,77,33,0,9,15,0,2,2,9,4,1,0,1,116,269,449,FINAL (ENTRADA MANUAL)
89,4,4,94,16,1,105,26,0,0,0,85,88,35,8,19,0,0,7,72,14,1,7,16,2,2,0,6,0,0,0,0,122,242,449,FINAL (ENTRADA MANUAL)
89,4,5,94,35,0,126,13,0,0,0,77,126,35,15,11,0,0,4,68,31,0,11,9,1,5,1,14,0,0,0,0,128,268,451,FINAL (ENTRADA MANUAL)
89,5,1,147,27,0,84,23,0,0,1,133,82,22,17,19,0,0,9,122,24,0,13,14,1,0,0,11,2,0,0,0,95,282,502,FINAL (ENTRADA MANUAL)
89,5,2,106,46,0,61,14,0,0,0,97,88,9,8,14,0,0,11,89,40,0,8,9,1,1,0,5,0,1,0,0,74,228,502,FINAL (ENTRADA MANUAL)
89,5,3,124,39,0,71,19,0,0,1,107,91,23,9,17,0,0,7,100,37,0,7,14,1,0,2,6,1,0,0,0,86,254,502,FINAL (ENTRADA MANUAL)
89,5,4,121,25,1,83,22,0,0,0,113,76,27,16,15,0,0,5,107,22,1,12,12,0,2,0,9,1,0,0,0,86,252,502,FINAL (ENTRADA MANUAL)
89,5,5,140,27,0,58,18,0,0,0,127,70,12,9,17,0,0,8,112,24,0,7,15,2,4,1,5,0,0,0,0,73,243,504,FINAL (ENTRADA MANUAL)
89,6,1,137,34,0,41,7,1,0,0,121,60,10,7,7,0,0,15,115,32,0,6,5,1,1,0,3,0,0,0,0,57,220,406,FINAL (ENTRADA MANUAL)
89,6,2,138,37,0,45,10,1,0,1,136,57,13,11,7,0,0,8,125,28,0,11,4,2,0,0,3,0,0,0,0,59,232,406,FINAL (ENTRADA MANUAL)
89,7,1,117,26,0,51,11,1,0,0,109,60,12,7,10,0,0,8,99,21,0,6,7,2,1,0,3,0,1,0,0,67,207,350,FINAL (ENTRADA MANUAL)
89,7,2,104,32,0,39,11,0,0,0,93,64,8,6,8,0,0,7,86,24,0,6,8,2,0,0,2,0,0,0,0,58,186,351,FINAL (ENTRADA MANUAL)
89,8,1,138,48,0,71,29,0,0,0,121,97,18,18,22,0,0,10,107,33,0,16,14,2,4,0,5,0,0,0,0,105,286,501,FINAL (ENTRADA MANUAL)
89,8,2,121,46,0,100,18,0,1,1,113,116,22,16,11,0,0,9,99,37,0,15,11,0,2,0,12,2,1,0,0,109,288,501,FINAL (ENTRADA MANUAL)
89,8,3,119,41,0,87,26,0,0,1,93,107,26,10,23,0,0,15,85,36,0,8,18,5,1,0,3,0,0,0,0,118,274,501,FINAL (ENTRADA MANUAL)
89,8,4,139,48,0,81,18,0,0,0,127,93,28,13,14,0,0,11,118,43,0,13,13,0,3,0,13,0,1,0,0,83,287,502,FINAL (ENTRADA MANUAL)
89,9,1,80,60,1,85,21,0,0,1,73,98,22,25,13,0,0,17,62,46,0,21,12,0,5,1,8,1,0,0,0,92,248,420,FINAL (ENTRADA MANUAL)
89,9,2,90,62,0,75,17,1,0,0,82,99,23,16,17,0,0,8,73,52,0,15,13,1,2,0,16,0,0,0,0,73,245,420,FINAL (ENTRADA MANUAL)
89,9,3,87,54,2,62,25,0,0,0,68,106,21,10,14,0,0,11,61,42,2,7,11,5,1,2,2,1,2,0,0,96,232,420,FINAL (ENTRADA MANUAL)
89,9,4,110,37,0,72,14,0,0,0,86,85,20,14,12,0,0,16,80,31,0,14,9,0,0,0,5,1,0,1,0,93,234,420,FINAL (ENTRADA MANUAL)
89,9,5,79,72,0,67,26,0,0,0,58,123,14,14,16,0,0,19,54,64,0,12,15,3,2,0,7,1,0,1,0,86,245,420,FINAL (ENTRADA MANUAL)
89,10,1,139,59,1,80,25,0,0,0,111,125,19,15,19,0,0,15,102,52,1,13,13,0,2,0,7,1,0,1,0,113,305,503,FINAL (ENTRADA MANUAL)
89,10,2,116,48,0,61,21,0,0,0,104,100,10,9,14,0,0,9,91,42,0,9,12,1,2,0,4,1,0,0,1,84,247,503,FINAL (ENTRADA MANUAL)
89,10,3,108,32,0,101,16,1,0,0,95,101,23,14,14,0,0,11,79,27,0,11,10,4,1,0,9,1,3,0,0,116,261,503,FINAL (ENTRADA MANUAL)
89,10,4,126,40,0,83,20,1,0,1,107,102,23,13,14,0,0,12,95,30,0,11,12,2,2,1,6,1,0,0,0,111,271,503,FINAL (ENTRADA MANUAL)
89,10,5,112,50,0,72,17,0,0,1,100,90,21,16,13,0,0,12,87,43,0,16,11,4,3,0,10,0,2,0,0,78,254,502,FINAL (ENTRADA MANUAL)
89,72,1,59,14,0,4,2,0,0,0,56,14,2,2,1,0,0,4,54,12,0,2,1,1,0,0,0,0,0,0,0,9,79,0,FINAL (ENTRADA MANUAL)
89,72,2,5,5,0,0,0,0,0,0,5,5,0,0,0,0,0,0,5,5,0,0,0,0,0,0,0,0,0,0,0,0,10,0,FINAL (ENTRADA MANUAL)
89,72,3,492,171,0,45,16,1,1,0,465,222,13,2,10,0,1,13,451,155,0,1,8,5,3,0,4,2,0,1,4,97,731,0,FINAL (ENTRADA MANUAL)
89,72,4,93,51,0,22,7,0,1,0,84,60,9,4,6,0,0,11,80,47,0,4,2,2,1,0,9,1,3,0,0,28,177,0,FINAL (ENTRADA MANUAL)
89,72,5,27,1,0,1,0,0,0,0,27,2,0,0,0,0,0,0,26,1,0,0,0,0,0,0,0,0,0,1,0,2,30,0,FINAL (ENTRADA MANUAL)
89,72,6,6,1,0,0,0,0,0,0,6,1,0,0,0,0,0,0,6,1,0,0,0,0,0,0,0,0,0,0,0,0,7,0,FINAL (ENTRADA MANUAL)
89,72,7,27,7,0,3,0,0,0,0,27,8,0,1,0,0,0,1,25,6,0,1,0,0,0,0,1,0,0,0,0,4,37,0,FINAL (ENTRADA MANUAL)
89,72,8,3,5,0,0,0,0,0,0,3,5,0,0,0,0,0,0,3,5,0,0,0,0,0,0,0,0,0,0,0,0,8,0,FINAL (ENTRADA MANUAL)
89,73,1,483,90,1,14,7,0,0,2,453,91,6,5,4,0,0,38,434,80,1,5,3,0,0,0,1,0,0,0,0,73,597,0,FINAL (ENTRADA MANUAL)
89,73,2,0,0,0,0,0,0,0,0,0,0,0,0,0,0,0,0,0,0,0,0,0,0,0,0,0,0,0,0,0,0,0,0,FINAL (ENTRADA MANUAL)
89,73,3,21,9,0,0,0,0,0,0,21,9,0,0,0,0,0,0,20,9,0,0,0,0,0,0,0,0,0,0,0,1,30,0,FINAL (ENTRADA MANUAL)
89,74,1,2,0,0,0,0,0,0,0,2,0,0,0,0,0,0,0,2,0,0,0,0,0,0,0,0,0,0,0,0,0,2,0,FINAL (ENTRADA MANUAL)
89,74,2,0,0,0,0,0,0,0,0,0,0,0,0,0,0,0,0,0,0,0,0,0,0,0,0,0,0,0,0,0,0,0,0,FINAL (ENTRADA MANUAL)
89,75,1,0,0,0,0,0,0,0,0,0,0,0,0,0,0,0,0,0,0,0,0,0,0,0,0,0,0,0,0,0,0,0,0,FINAL (ENTRADA MANUAL)
89,75,2,0,0,0,0,0,3,0,0,0,2,0,0,1,0,0,0,0,0,0,0,0,0,0,0,0,0,0,0,0,3,3,0,FINAL (ENTRADA MANUAL)
89,75,3,0,0,0,0,0,0,0,0,0,0,0,0,0,0,0,0,0,0,0,0,0,0,0,0,0,0,0,0,0,0,0,0,FINAL (ENTRADA MANUAL)
89,76,1,9,0,0,1,1,0,0,1,7,0,0,1,2,0,0,2,4,0,0,0,0,0,0,0,0,0,0,0,0,8,12,0,FINAL (ENTRADA MANUAL)
89,76,2,0,0,0,0,0,0,0,0,0,0,0,0,0,0,0,0,0,0,0,0,0,0,0,0,0,0,0,0,0,0,0,0,FINAL (ENTRADA MANUAL)
89,76,3,3,0,0,2,0,0,0,0,4,0,1,0,0,0,0,0,2,0,0,0,0,0,0,0,0,0,0,0,0,3,5,0,FINAL (ENTRADA MANUAL)
89,76,5,2,0,0,0,0,0,0,0,2,0,0,0,0,0,0,0,1,0,0,0,0,0,0,0,0,0,0,0,0,1,2,0,FINAL (ENTRADA MANUAL)
89,76,6,0,0,0,0,0,0,0,0,0,0,0,0,0,0,0,0,0,0,0,0,0,0,0,0,0,0,0,0,0,0,0,0,FINAL (ENTRADA MANUAL)
89,77,1,0,0,0,0,0,0,0,0,0,0,0,0,0,0,0,0,0,0,0,0,0,0,0,0,0,0,0,0,0,0,0,0,FINAL (ENTRADA MANUAL)
89,77,2,8,1,0,28,0,0,0,0,7,12,14,3,0,0,0,1,7,1,0,3,0,0,1,1,5,0,0,0,0,19,37,0,FINAL (ENTRADA MANUAL)
89,77,3,0,0,0,2,0,1,0,0,0,0,0,2,0,1,0,0,0,0,0,1,0,0,0,0,1,0,0,0,0,1,3,0,FINAL (ENTRADA MANUAL)
89,77,4,8,2,2,1,0,0,0,0,7,2,2,1,0,0,0,1,7,2,0,0,0,0,0,0,0,0,0,0,0,4,13,0,FINAL (ENTRADA MANUAL)
89,77,5,0,0,0,3,0,0,0,0,0,1,1,1,0,0,0,0,0,0,0,1,0,0,0,0,1,0,0,0,0,1,3,0,FINAL (ENTRADA MANUAL)
89,77,6,0,0,0,0,0,0,0,0,0,0,0,0,0,0,0,0,0,0,0,0,0,0,0,0,0,0,0,0,0,0,0,0,FINAL (ENTRADA MANUAL)
89,78,1,35,11,0,18,4,0,0,0,31,26,1,2,0,0,0,8,30,9,0,2,0,0,0,0,2,0,0,0,0,25,68,0,FINAL (ENTRADA MANUAL)
89,78,2,3,0,0,2,0,0,0,0,1,0,0,2,0,0,0,0,1,0,0,2,0,0,0,0,0,0,0,0,0,1,2,0,FINAL (ENTRADA MANUAL)
89,78,3,6,1,0,2,0,0,0,0,6,1,1,1,0,0,0,0,5,1,0,0,0,0,0,0,1,0,0,0,0,2,9,0,FINAL (ENTRADA MANUAL)
89,78,4,2,0,0,0,0,0,0,0,2,0,0,0,0,0,0,0,2,0,0,0,0,0,0,0,0,0,0,0,0,0,2,0,FINAL (ENTRADA MANUAL)
90,1,1,52,65,0,24,13,0,0,2,38,87,9,1,9,0,0,12,32,56,0,1,9,1,0,0,2,0,1,0,0,55,157,316,FINAL (ENTRADA MANUAL)
90,1,2,49,67,2,29,23,0,0,2,36,98,12,5,16,0,0,5,35,62,1,5,16,0,0,0,2,2,0,0,0,49,172,316,FINAL (ENTRADA MANUAL)
90,2,1,92,69,0,90,27,1,0,3,68,144,24,10,21,0,0,15,61,61,0,10,19,2,2,0,11,1,1,0,0,115,283,475,FINAL (ENTRADA MANUAL)
90,2,2,82,48,0,88,33,0,0,1,68,110,25,16,22,0,0,11,53,40,0,12,22,1,0,0,4,4,0,0,0,116,252,475,FINAL (ENTRADA MANUAL)
90,2,3,80,52,0,68,27,1,0,0,68,95,22,10,20,1,0,12,62,46,0,9,15,1,0,1,8,2,0,0,1,84,229,476,FINAL (ENTRADA MANUAL)
90,3,1,81,45,1,35,27,0,0,0,64,75,9,12,19,0,0,10,61,38,1,12,16,1,1,1,1,1,0,0,0,56,189,333,FINAL (ENTRADA MANUAL)
90,4,1,106,65,1,87,21,2,1,1,100,117,31,12,16,0,0,8,92,59,1,11,11,2,2,0,8,1,1,0,0,97,285,514,FINAL (ENTRADA MANUAL)
90,4,2,111,48,0,83,27,0,0,0,92,98,25,13,22,0,0,19,83,41,0,12,19,3,1,1,5,0,2,0,1,104,272,514,FINAL (ENTRADA MANUAL)
90,5,1,45,34,0,24,15,0,1,0,37,53,7,3,10,0,0,9,31,28,0,1,9,0,1,0,4,2,0,0,0,43,119,189,FINAL (ENTRADA MANUAL)
90,72,1,8,21,0,2,2,0,0,0,6,26,0,0,0,0,0,1,4,21,0,0,0,0,0,0,0,0,0,0,0,8,33,0,FINAL (ENTRADA MANUAL)
90,72,2,0,2,0,0,0,0,0,0,0,2,0,0,0,0,0,0,0,2,0,0,0,0,0,0,0,0,0,0,0,0,2,0,FINAL (ENTRADA MANUAL)
90,72,3,70,110,0,8,6,0,0,1,72,117,1,0,2,0,0,3,65,104,0,0,2,1,0,0,1,2,0,0,0,20,195,0,FINAL (ENTRADA MANUAL)
90,72,4,70,110,0,8,6,0,0,1,72,117,1,0,2,0,0,3,65,104,0,0,2,1,0,0,1,2,0,0,0,20,197,0,FINAL (ENTRADA MANUAL)
90,72,5,1,1,0,0,0,0,0,0,1,1,0,0,0,0,0,0,1,1,0,0,0,0,0,0,0,0,0,0,0,0,2,0,FINAL (ENTRADA MANUAL)
90,72,6,2,1,0,1,0,0,0,0,2,2,0,0,0,0,0,0,2,1,0,0,0,0,0,0,0,0,0,0,0,1,4,0,FINAL (ENTRADA MANUAL)
90,72,7,1,4,0,0,0,0,0,0,1,4,0,0,0,0,0,0,1,4,0,0,0,0,0,0,0,0,0,0,0,0,5,0,FINAL (ENTRADA MANUAL)
90,72,8,2,7,0,0,1,0,0,0,2,8,0,0,0,0,0,0,2,7,0,0,0,0,0,0,0,1,0,0,0,0,10,0,FINAL (ENTRADA MANUAL)
90,72,9,1,1,0,0,0,0,0,0,1,2,0,0,0,0,0,0,1,1,0,0,0,0,0,0,0,0,0,0,0,1,3,0,FINAL (ENTRADA MANUAL)
90,72,10,0,1,0,0,0,0,0,0,0,1,0,0,0,0,0,0,0,1,0,0,0,0,0,0,0,0,0,0,0,0,1,0,FINAL (ENTRADA MANUAL)
90,73,1,67,24,0,0,1,0,0,0,65,26,0,0,0,0,0,1,65,24,0,0,0,0,0,0,0,1,0,0,0,2,92,0,FINAL (ENTRADA MANUAL)
90,73,2,1,0,0,0,0,0,0,0,1,0,0,0,0,0,0,0,1,0,0,0,0,0,0,0,0,0,0,0,0,0,1,0,FINAL (ENTRADA MANUAL)
90,74,1,0,0,0,0,1,0,0,0,0,0,0,0,1,0,0,0,0,0,0,0,1,0,0,0,0,0,0,0,0,0,1,0,FINAL (ENTRADA MANUAL)
90,74,2,0,0,0,0,0,0,0,0,0,0,0,0,0,0,0,0,0,0,0,0,0,0,0,0,0,0,0,0,0,0,0,0,FINAL (ENTRADA MANUAL)
90,75,1,0,0,0,0,0,0,0,0,0,0,0,0,0,0,0,0,0,0,0,0,0,0,0,0,0,0,0,0,0,0,0,0,FINAL (ENTRADA MANUAL)
90,76,1,0,0,0,0,0,0,0,0,0,0,0,0,0,0,0,0,0,0,0,0,0,0,0,0,0,0,0,0,0,0,0,0,FINAL (ENTRADA MANUAL)
90,76,2,0,0,0,0,0,0,0,0,0,0,0,0,0,0,0,0,0,0,0,0,0,0,0,0,0,0,0,0,0,0,0,0,FINAL (ENTRADA MANUAL)
90,76,3,0,0,0,0,0,0,0,0,0,0,0,0,0,0,0,0,0,0,0,0,0,0,0,0,0,0,0,0,0,0,0,0,FINAL (ENTRADA MANUAL)
90,77,1,0,0,0,5,1,0,0,0,1,0,4,1,0,0,0,0,0,0,0,1,0,0,0,0,0,0,0,0,0,5,6,0,FINAL (ENTRADA MANUAL)
90,77,2,1,0,0,0,0,0,0,0,1,0,0,0,0,0,0,0,1,0,0,0,0,0,0,0,0,0,0,0,0,0,1,0,FINAL (ENTRADA MANUAL)
90,78,1,4,2,0,1,2,0,0,0,1,5,0,1,0,0,0,2,0,1,0,0,0,0,0,0,0,1,0,0,0,7,9,0,FINAL (ENTRADA MANUAL)
90,78,2,1,0,0,1,0,0,0,0,2,0,0,0,0,0,0,0,0,0,0,0,0,0,0,0,0,0,0,0,0,2,2,0,FINAL (ENTRADA MANUAL)
90,78,3,0,0,0,0,0,0,0,0,0,0,0,0,0,0,0,0,0,0,0,0,0,0,0,0,0,0,0,0,0,0,0,0,FINAL (ENTRADA MANUAL)
90,78,4,0,0,0,0,0,0,0,0,0,0,0,0,0,0,0,0,0,0,0,0,0,0,0,0,0,0,0,0,0,0,0,0,FINAL (ENTRADA MANUAL)
91,1,1,96,55,1,83,16,0,0,1,78,117,18,17,10,0,0,12,70,47,1,15,8,4,1,0,14,1,0,0,0,91,252,488,FINAL (ENTRADA MANUAL)
91,1,2,77,48,0,68,14,0,0,0,59,88,22,12,11,0,0,15,58,39,0,12,10,2,1,0,8,0,0,0,0,77,207,488,FINAL (ENTRADA MANUAL)
91,1,3,96,52,0,64,9,0,0,1,76,93,17,9,6,0,0,21,65,44,0,6,5,1,2,0,5,0,0,0,0,94,222,488,FINAL (ENTRADA MANUAL)
91,1,4,102,65,0,82,12,0,0,2,88,119,16,27,8,0,0,5,86,59,0,22,7,1,3,0,7,0,2,0,0,78,265,487,FINAL (ENTRADA MANUAL)
91,2,1,60,66,1,39,3,0,0,3,53,90,6,11,2,0,0,10,48,58,1,9,2,0,3,0,2,0,1,0,0,49,173,294,FINAL (ENTRADA MANUAL)
91,3,1,76,34,2,41,4,0,0,0,70,60,8,9,3,0,0,7,65,27,2,8,2,2,2,0,3,0,0,0,0,46,157,298,FINAL (ENTRADA MANUAL)
91,4,1,70,28,0,37,9,0,0,1,62,48,9,8,6,0,0,12,55,23,0,7,6,1,0,0,4,0,0,1,0,49,146,268,FINAL (ENTRADA MANUAL)
91,5,1,94,43,0,65,14,0,0,0,84,86,11,11,10,0,0,14,72,36,0,8,7,0,0,0,3,1,0,0,0,89,216,358,FINAL (ENTRADA MANUAL)
91,5,2,75,67,0,49,4,0,0,1,63,103,6,8,1,0,0,15,58,55,0,7,0,1,0,0,2,0,1,0,0,73,197,358,FINAL (ENTRADA MANUAL)
91,5,3,92,56,0,68,4,0,0,0,84,87,12,16,1,0,0,20,73,46,0,15,0,2,0,0,4,1,0,0,0,79,220,358,FINAL (ENTRADA MANUAL)
91,6,1,12,3,0,3,0,0,0,0,13,3,0,2,0,0,0,0,10,2,0,1,0,0,0,0,0,0,0,0,0,5,18,44,FINAL (ENTRADA MANUAL)
91,7,1,133,74,1,51,17,0,0,0,107,98,17,12,13,0,0,29,96,63,1,11,10,0,0,0,10,1,0,0,0,84,276,588,FINAL (ENTRADA MANUAL)
91,8,1,104,48,0,58,5,0,0,1,86,91,11,10,4,0,0,14,78,45,0,9,2,3,2,0,3,0,0,0,0,74,216,416,FINAL (ENTRADA MANUAL)
91,9,1,118,30,0,50,10,0,0,0,101,72,4,11,7,0,0,13,97,26,0,10,6,0,1,0,2,0,0,0,0,66,208,351,FINAL (ENTRADA MANUAL)
91,10,1,45,31,0,22,3,0,0,0,41,45,5,5,3,0,0,2,34,30,0,5,0,0,0,0,2,0,0,0,0,30,101,189,FINAL (ENTRADA MANUAL)
91,10,2,47,19,0,19,1,0,0,0,46,30,1,5,2,0,0,2,44,18,0,5,1,0,0,0,0,0,2,0,0,18,88,189,FINAL (ENTRADA MANUAL)
91,11,1,115,45,1,80,16,1,0,0,96,99,20,11,13,1,0,18,87,41,1,10,10,2,3,0,6,1,2,0,0,97,260,469,FINAL (ENTRADA MANUAL)
91,11,2,101,56,0,96,12,0,0,0,85,129,20,14,7,0,0,10,78,46,0,13,4,2,3,1,2,1,0,1,0,115,266,469,FINAL (ENTRADA MANUAL)
91,11,3,106,51,0,90,8,0,0,0,91,108,15,15,5,0,0,21,82,43,0,14,2,4,2,0,6,2,0,0,0,100,255,469,FINAL (ENTRADA MANUAL)
91,12,1,98,57,1,67,17,0,0,1,81,100,12,12,16,0,0,20,74,52,0,8,9,3,3,0,7,0,0,0,0,85,241,510,FINAL (ENTRADA MANUAL)
91,12,2,86,71,0,60,18,0,0,1,64,115,8,11,11,0,0,27,55,64,0,10,9,0,2,0,5,2,1,0,0,89,237,510,FINAL (ENTRADA MANUAL)
91,12,3,84,77,0,68,12,0,0,1,64,122,11,19,9,0,0,17,54,70,0,14,8,0,1,0,6,2,2,0,0,87,244,511,FINAL (ENTRADA MANUAL)
91,13,1,91,37,0,61,7,0,0,1,77,83,13,8,5,0,0,11,71,32,0,7,3,1,1,0,6,0,0,0,0,76,197,362,FINAL (ENTRADA MANUAL)
91,14,1,103,90,0,74,11,0,1,3,82,139,12,19,11,0,0,19,64,83,0,15,7,0,3,1,8,0,1,0,0,101,283,561,FINAL (ENTRADA MANUAL)
91,15,1,97,47,0,44,6,0,0,0,82,71,4,13,5,1,0,18,77,40,0,13,2,0,0,0,1,2,6,0,0,59,200,336,FINAL (ENTRADA MANUAL)
91,15,2,95,36,0,47,4,0,0,2,79,69,12,7,4,0,0,13,72,31,0,7,2,0,0,1,4,1,0,0,0,66,184,336,FINAL (ENTRADA MANUAL)
91,16,1,91,32,0,44,15,0,0,0,87,62,9,5,12,0,0,7,79,31,0,5,11,3,1,0,4,1,1,0,0,47,183,293,FINAL (ENTRADA MANUAL)
91,16,2,78,34,0,47,2,0,0,0,63,65,5,9,2,0,0,17,55,30,0,9,2,1,4,1,3,0,1,0,0,56,162,293,FINAL (ENTRADA MANUAL)
91,17,1,105,33,1,37,4,0,0,1,100,60,8,4,3,0,0,6,95,31,1,3,1,1,0,1,2,1,0,0,0,45,181,294,FINAL (ENTRADA MANUAL)
91,17,2,78,43,1,41,6,0,1,0,65,64,5,8,4,0,0,24,54,38,1,7,3,1,1,0,5,0,0,0,0,60,170,294,FINAL (ENTRADA MANUAL)
91,72,1,87,4,0,3,0,0,0,0,83,9,0,1,0,0,0,1,77,2,0,1,0,0,1,0,0,0,0,0,0,13,94,0,FINAL (ENTRADA MANUAL)
91,72,2,4,1,0,0,0,0,0,0,4,1,0,0,0,0,0,0,4,1,0,0,0,4,1,0,0,0,0,1,0,0,6,0,FINAL (ENTRADA MANUAL)
91,72,3,313,54,0,54,5,0,1,3,293,78,27,7,1,0,1,23,278,50,0,6,1,5,2,0,15,2,0,0,1,71,430,0,FINAL (ENTRADA MANUAL)
91,72,4,53,8,1,2,3,0,0,0,51,12,1,1,1,0,1,0,48,7,0,1,1,1,1,0,0,0,0,1,0,8,68,0,FINAL (ENTRADA MANUAL)
91,72,5,8,1,0,0,0,0,0,0,8,1,0,0,0,0,0,0,7,1,0,0,0,0,0,0,0,0,0,0,0,1,9,0,FINAL (ENTRADA MANUAL)
91,72,6,3,0,0,0,0,0,0,0,3,0,0,0,0,0,0,0,3,0,0,0,0,0,0,0,0,0,0,0,0,0,3,0,FINAL (ENTRADA MANUAL)
91,72,7,29,1,0,0,0,0,0,0,27,3,0,0,0,0,0,1,27,1,0,0,0,0,0,0,0,0,0,0,0,3,31,0,FINAL (ENTRADA MANUAL)
91,72,8,3,0,0,1,0,0,0,0,3,0,0,1,0,0,0,0,3,0,0,1,0,0,0,0,0,0,0,0,0,0,4,0,FINAL (ENTRADA MANUAL)
91,73,1,265,329,0,25,4,0,0,3,236,322,6,7,4,0,0,51,226,301,0,6,2,1,1,0,1,0,0,0,0,88,626,0,FINAL (ENTRADA MANUAL)
91,73,2,0,0,0,0,0,0,0,0,0,0,0,0,0,0,0,0,0,0,0,0,0,0,0,0,0,0,0,0,0,0,0,0,FINAL (ENTRADA MANUAL)
91,73,3,5,11,0,1,0,0,0,0,4,12,0,0,1,0,0,0,4,11,0,0,0,0,0,0,1,0,5,0,0,1,22,0,FINAL (ENTRADA MANUAL)
91,74,1,2,0,0,1,0,0,0,0,2,1,0,0,0,0,0,0,2,0,0,0,0,0,0,0,0,0,0,0,0,1,3,0,FINAL (ENTRADA MANUAL)
91,74,2,0,0,0,0,0,0,0,0,0,0,0,0,0,0,0,0,0,0,0,0,0,0,0,0,0,0,0,0,0,0,0,0,FINAL (ENTRADA MANUAL)
91,75,1,0,0,0,0,0,0,0,0,0,0,0,0,0,0,0,0,0,0,0,0,0,0,0,0,0,0,0,0,0,0,0,0,FINAL (ENTRADA MANUAL)
91,76,1,15,4,0,2,0,0,0,0,12,4,0,2,0,0,0,3,11,2,0,2,0,0,0,0,0,0,0,0,0,6,21,0,FINAL (ENTRADA MANUAL)
91,76,2,0,0,0,0,0,0,0,0,0,0,0,0,0,0,0,0,0,0,0,0,0,0,0,0,0,0,0,0,0,0,0,0,FINAL (ENTRADA MANUAL)
91,76,3,1,0,0,0,0,0,0,0,1,0,0,0,0,0,0,0,1,0,0,0,0,0,0,0,0,0,0,0,0,0,1,0,FINAL (ENTRADA MANUAL)
91,76,5,0,0,0,0,0,0,0,0,0,0,0,0,0,0,0,0,0,0,0,0,0,0,0,0,0,0,0,0,0,0,0,0,FINAL (ENTRADA MANUAL)
91,76,6,1,0,0,0,0,0,0,0,1,0,0,0,0,0,0,0,1,0,0,0,0,0,0,0,0,0,0,0,0,0,1,0,FINAL (ENTRADA MANUAL)
91,77,1,0,0,0,0,0,0,0,0,0,0,0,0,0,0,0,0,0,0,0,0,0,0,0,0,0,0,0,0,0,0,0,0,FINAL (ENTRADA MANUAL)
91,77,2,3,0,0,5,1,0,0,0,3,3,2,1,0,0,0,0,3,0,0,1,0,0,0,0,1,1,0,0,0,3,9,0,FINAL (ENTRADA MANUAL)
91,77,3,0,1,0,1,0,0,0,0,0,1,1,0,0,0,0,0,0,1,0,0,0,0,0,1,0,0,0,0,0,0,2,0,FINAL (ENTRADA MANUAL)
91,77,4,0,0,0,1,0,0,0,0,0,0,1,0,0,0,0,0,0,0,0,0,0,0,0,0,0,0,0,0,0,1,1,0,FINAL (ENTRADA MANUAL)
91,78,1,13,3,0,3,1,0,0,0,9,6,0,1,0,0,0,4,8,1,0,1,0,0,0,0,0,0,0,0,0,10,20,0,FINAL (ENTRADA MANUAL)
91,78,2,5,3,0,1,0,0,0,0,5,3,0,1,0,0,0,0,4,2,0,1,0,0,0,0,0,0,0,0,0,2,9,0,FINAL (ENTRADA MANUAL)
91,78,3,5,1,0,1,0,0,0,0,4,2,0,1,0,0,0,0,4,1,0,1,0,0,0,0,0,0,0,0,0,1,7,0,FINAL (ENTRADA MANUAL)
91,78,4,6,3,0,1,0,0,0,0,6,3,0,1,0,0,0,0,5,2,0,1,0,0,0,0,0,0,0,0,0,2,10,0,FINAL (ENTRADA MANUAL)
92,1,1,108,84,0,39,11,0,0,0,98,96,10,4,13,0,0,21,89,75,0,4,8,1,0,1,7,1,3,0,0,56,245,469,FINAL (ENTRADA MANUAL)
92,2,1,120,67,0,53,8,0,0,2,107,97,12,13,6,0,0,15,102,61,0,13,4,1,3,0,9,0,0,0,0,57,250,504,FINAL (ENTRADA MANUAL)
92,2,2,117,66,1,77,4,0,0,0,103,109,20,22,5,0,0,6,97,62,1,20,2,3,1,0,5,0,1,0,0,74,266,504,FINAL (ENTRADA MANUAL)
92,2,3,128,66,0,68,12,2,0,0,118,114,13,13,6,0,0,12,110,57,0,12,6,7,2,0,7,1,0,1,0,74,277,504,FINAL (ENTRADA MANUAL)
92,2,4,108,66,0,63,8,0,0,0,92,101,15,16,5,0,0,16,86,61,0,13,4,0,1,0,3,0,1,0,1,77,247,504,FINAL (ENTRADA MANUAL)
92,2,5,122,63,0,43,10,1,0,1,112,81,11,9,9,1,0,17,106,55,0,8,6,1,1,0,5,0,1,0,0,58,241,504,FINAL (ENTRADA MANUAL)
92,3,1,77,97,0,50,4,1,1,0,71,117,13,18,3,0,0,8,68,93,0,16,2,1,0,1,11,0,0,0,0,38,230,404,FINAL (ENTRADA MANUAL)
92,3,2,68,85,0,58,4,1,0,0,58,114,16,13,3,1,0,11,57,80,0,11,2,0,1,0,8,0,1,0,0,57,217,404,FINAL (ENTRADA MANUAL)
92,4,1,96,72,0,31,7,2,0,0,81,94,9,5,6,0,0,13,73,66,0,5,6,1,3,1,5,0,4,0,1,48,213,345,FINAL (ENTRADA MANUAL)
92,5,1,133,70,0,30,2,1,0,2,113,96,4,10,5,0,0,10,113,65,0,9,2,2,1,0,2,0,1,0,0,44,239,428,FINAL (ENTRADA MANUAL)
92,5,2,134,61,0,43,4,1,0,0,126,80,11,9,2,1,0,14,118,56,0,7,1,2,1,0,4,0,2,0,0,54,245,427,FINAL (ENTRADA MANUAL)
92,6,1,90,140,0,34,6,0,1,0,80,159,9,5,2,0,0,16,75,130,0,5,2,1,1,0,3,0,0,0,0,54,271,437,FINAL (ENTRADA MANUAL)
92,6,2,67,142,0,30,9,0,0,0,63,158,9,4,3,0,0,11,59,138,0,4,3,0,3,0,0,0,1,0,0,41,249,437,FINAL (ENTRADA MANUAL)
92,7,1,104,78,0,31,5,0,0,0,97,94,6,5,3,0,0,13,92,73,0,4,3,0,1,0,1,1,0,0,0,43,218,363,FINAL (ENTRADA MANUAL)
92,7,2,104,80,1,28,4,0,0,0,93,98,8,4,2,0,0,12,88,77,1,4,2,0,1,0,2,0,0,0,0,42,217,363,FINAL (ENTRADA MANUAL)
92,8,1,61,99,0,52,5,0,0,2,63,119,14,15,4,0,0,4,59,96,0,12,4,0,5,0,8,0,1,1,0,35,221,430,FINAL (ENTRADA MANUAL)
92,8,2,74,75,0,58,7,0,1,0,66,108,13,13,5,0,0,10,60,67,0,13,4,1,2,1,6,1,1,0,0,60,216,430,FINAL (ENTRADA MANUAL)
92,8,3,60,106,0,52,4,0,0,0,54,133,7,15,1,0,0,12,48,103,0,14,0,0,4,0,5,0,1,0,0,48,223,430,FINAL (ENTRADA MANUAL)
92,72,1,224,38,0,11,1,0,0,1,216,45,5,3,1,0,0,5,208,35,0,1,0,0,2,0,2,0,0,0,4,27,279,0,FINAL (ENTRADA MANUAL)
92,72,2,43,2,0,1,1,1,0,0,44,1,2,0,0,0,0,1,42,1,0,0,0,1,0,0,0,1,0,1,0,3,49,0,FINAL (ENTRADA MANUAL)
92,72,3,402,41,1,34,4,0,0,2,405,51,7,15,1,0,0,5,395,37,0,13,1,2,0,0,3,1,0,3,7,32,494,0,FINAL (ENTRADA MANUAL)
92,72,4,75,11,1,8,3,1,0,0,75,14,2,8,0,0,0,4,72,10,1,4,0,1,0,0,1,1,1,1,0,9,101,0,FINAL (ENTRADA MANUAL)
92,72,5,73,7,0,5,0,0,0,0,72,7,2,3,0,0,0,1,71,6,0,3,0,0,0,0,1,0,0,0,0,4,85,0,FINAL (ENTRADA MANUAL)
92,72,6,9,2,0,1,0,0,0,0,9,2,1,0,0,0,0,0,9,2,0,0,0,0,0,0,1,0,0,0,0,0,12,0,FINAL (ENTRADA MANUAL)
92,72,7,75,6,0,3,0,0,0,0,72,10,0,1,0,0,0,1,71,2,0,1,0,0,1,0,0,0,0,0,0,9,84,0,FINAL (ENTRADA MANUAL)
92,72,8,12,0,0,0,0,0,0,0,12,0,0,0,0,0,0,0,12,0,0,0,0,0,0,0,0,0,0,0,0,0,12,0,FINAL (ENTRADA MANUAL)
92,72,9,8,9,0,1,0,0,0,0,7,9,1,0,0,0,0,1,7,8,0,0,0,0,0,0,0,0,0,0,0,3,18,0,FINAL (ENTRADA MANUAL)
92,72,10,8,0,0,0,0,0,0,0,8,0,0,0,0,0,0,0,8,0,0,0,0,0,0,0,0,0,1,0,0,0,9,0,FINAL (ENTRADA MANUAL)
92,72,11,45,3,0,1,0,0,0,0,41,4,1,0,0,0,0,3,40,2,0,0,0,0,0,0,0,0,0,0,0,7,49,0,FINAL (ENTRADA MANUAL)
92,72,12,7,2,0,0,0,0,0,0,7,2,0,0,0,0,0,0,7,1,0,0,0,1,0,0,0,0,1,0,0,0,10,0,FINAL (ENTRADA MANUAL)
92,72,13,0,0,0,0,0,0,0,0,0,0,0,0,0,0,0,0,0,0,0,0,0,0,0,0,0,0,0,0,0,0,0,0,FINAL (ENTRADA MANUAL)
92,72,14,3,0,0,0,0,0,0,0,3,0,0,0,0,0,0,0,3,0,0,0,0,0,0,0,0,0,0,0,0,0,3,0,FINAL (ENTRADA MANUAL)
92,73,1,14,218,0,19,3,0,0,2,11,218,3,6,1,0,1,16,9,203,0,5,1,0,1,0,2,0,0,0,0,35,256,0,FINAL (ENTRADA MANUAL)
92,73,2,0,0,0,0,0,0,0,0,0,0,0,0,0,0,0,0,0,0,0,0,0,0,0,0,0,0,0,0,0,0,0,0,FINAL (ENTRADA MANUAL)
92,73,3,8,106,1,7,0,0,2,1,7,102,3,1,1,0,1,10,7,100,0,1,0,0,0,0,1,0,1,0,0,15,125,0,FINAL (ENTRADA MANUAL)
92,74,1,0,0,0,0,0,0,0,0,0,0,0,0,0,0,0,0,0,0,0,0,0,0,0,0,0,0,0,0,0,0,0,0,FINAL (ENTRADA MANUAL)
92,74,2,0,0,0,0,0,0,0,0,0,0,0,0,0,0,0,0,0,0,0,0,0,0,0,0,0,0,0,0,0,0,0,0,FINAL (ENTRADA MANUAL)
92,75,1,0,0,0,0,0,0,0,0,0,0,0,0,0,0,0,0,0,0,0,0,0,0,0,0,0,0,0,0,0,0,0,0,FINAL (ENTRADA MANUAL)
92,76,1,7,1,0,0,0,0,0,0,6,0,0,0,0,0,0,2,5,0,0,0,0,0,0,0,0,0,1,0,0,3,9,0,FINAL (ENTRADA MANUAL)
92,76,2,1,0,0,0,0,0,0,0,1,0,0,0,0,0,0,0,1,0,0,0,0,0,0,0,0,0,0,0,0,0,1,0,FINAL (ENTRADA MANUAL)
92,76,3,1,0,0,0,0,0,0,0,1,0,0,0,0,0,0,0,1,0,0,0,0,0,0,0,0,0,0,0,0,0,1,0,FINAL (ENTRADA MANUAL)
92,76,6,0,0,0,0,0,0,0,0,0,0,0,0,0,0,0,0,0,0,0,0,0,0,0,0,0,0,0,0,0,0,0,0,FINAL (ENTRADA MANUAL)
92,77,1,0,0,0,0,0,0,0,0,0,0,0,0,0,0,0,0,0,0,0,0,0,0,0,0,0,0,0,0,0,0,0,0,FINAL (ENTRADA MANUAL)
92,77,2,2,50,0,13,0,0,0,2,2,54,5,3,0,0,0,3,2,49,0,3,0,0,0,0,3,0,2,0,0,8,67,0,FINAL (ENTRADA MANUAL)
92,77,3,0,13,0,2,0,0,0,0,0,15,0,0,0,0,0,0,0,13,0,0,0,0,0,0,0,0,0,0,0,2,15,0,FINAL (ENTRADA MANUAL)
92,78,1,16,11,0,2,0,0,0,0,16,10,1,1,0,0,0,2,16,10,0,1,0,0,0,0,0,0,0,0,0,2,31,0,FINAL (ENTRADA MANUAL)
92,78,2,4,0,0,0,0,0,0,0,4,0,0,0,0,0,0,0,3,0,0,0,0,0,0,0,0,0,0,0,0,1,4,0,FINAL (ENTRADA MANUAL)
92,78,3,5,0,0,0,1,0,0,0,4,1,0,0,1,0,0,0,3,0,0,0,1,0,0,0,0,0,0,0,0,2,6,0,FINAL (ENTRADA MANUAL)
92,78,4,0,0,0,0,0,0,0,0,0,0,0,0,0,0,0,0,0,0,0,0,0,0,0,0,0,0,0,0,0,0,0,0,FINAL (ENTRADA MANUAL)
93,1,1,83,75,0,51,11,0,0,1,70,115,11,8,7,0,0,10,66,70,0,8,7,1,1,0,1,3,0,0,0,64,221,417,FINAL (ENTRADA MANUAL)
93,1,2,68,117,1,54,13,0,0,1,61,156,6,11,7,0,0,13,53,114,1,10,6,1,3,0,2,0,1,0,0,64,255,417,FINAL (ENTRADA MANUAL)
93,1,3,75,79,0,52,6,1,0,1,60,110,12,11,5,1,0,15,57,76,0,11,5,2,1,0,3,0,3,0,0,59,217,418,FINAL (ENTRADA MANUAL)
93,2,1,89,56,0,51,5,0,0,0,76,78,14,11,4,0,0,18,67,50,0,9,3,0,1,0,4,0,1,0,0,67,202,328,FINAL (ENTRADA MANUAL)
93,2,2,91,51,1,39,7,0,0,0,87,75,13,6,7,0,0,1,82,48,0,6,5,0,1,2,0,0,0,0,0,45,189,328,FINAL (ENTRADA MANUAL)
93,3,1,81,76,0,74,3,1,0,2,67,117,22,18,4,0,0,9,61,74,0,16,3,2,3,0,7,1,0,0,0,70,237,423,FINAL (ENTRADA MANUAL)
93,3,2,87,74,0,56,4,1,0,0,84,92,20,11,2,0,0,13,79,65,0,11,0,0,1,2,5,0,0,0,0,59,222,423,FINAL (ENTRADA MANUAL)
93,3,3,90,60,1,72,9,0,0,0,85,99,12,12,12,0,0,12,77,55,1,12,8,2,3,0,3,0,0,0,0,71,232,423,FINAL (ENTRADA MANUAL)
93,3,4,71,83,0,70,6,0,0,1,57,133,12,16,4,0,0,9,56,80,0,14,2,3,3,0,4,0,0,0,0,69,231,424,FINAL (ENTRADA MANUAL)
93,4,1,91,98,0,50,12,0,0,0,72,135,9,5,10,0,0,20,64,92,0,5,6,2,2,0,3,0,1,0,1,77,253,539,FINAL (ENTRADA MANUAL)
93,4,2,96,71,0,63,14,0,0,1,72,113,21,12,9,1,0,17,65,69,0,10,7,1,3,2,5,0,0,0,0,83,245,539,FINAL (ENTRADA MANUAL)
93,4,3,92,59,0,52,18,0,0,1,84,91,12,12,13,0,0,10,76,55,0,12,11,1,3,1,7,0,2,0,0,56,224,539,FINAL (ENTRADA MANUAL)
93,4,4,103,82,1,52,13,0,0,0,87,119,11,7,13,0,0,14,72,77,0,5,8,1,1,0,6,0,1,1,0,81,253,540,FINAL (ENTRADA MANUAL)
93,5,1,99,70,2,58,6,0,0,1,95,101,11,22,4,0,0,3,85,68,2,20,4,4,2,1,1,0,0,0,0,49,236,464,FINAL (ENTRADA MANUAL)
93,5,2,117,66,0,60,12,0,0,0,96,101,16,9,12,0,0,21,88,60,0,8,8,1,1,0,5,1,2,0,0,83,257,463,FINAL (ENTRADA MANUAL)
93,6,1,121,79,0,62,4,1,0,1,111,111,10,11,3,0,0,22,97,67,0,10,3,1,4,1,3,1,0,0,0,81,268,483,FINAL (ENTRADA MANUAL)
93,6,2,115,80,0,69,7,0,1,2,96,131,14,10,5,0,0,18,88,76,0,9,4,1,3,1,6,1,2,0,0,85,276,483,FINAL (ENTRADA MANUAL)
93,6,3,109,88,0,75,7,1,0,1,93,130,14,10,6,0,0,28,76,78,0,7,6,0,5,1,8,0,2,0,0,100,283,483,FINAL (ENTRADA MANUAL)
93,7,1,108,70,0,49,5,1,0,1,96,104,8,11,6,0,0,9,86,67,0,11,4,2,1,0,5,0,0,0,0,58,234,412,FINAL (ENTRADA MANUAL)
93,7,2,108,72,0,43,7,0,0,2,93,95,11,14,5,1,0,13,91,66,0,13,5,0,0,0,4,1,2,0,0,52,234,412,FINAL (ENTRADA MANUAL)
93,8,1,157,57,1,57,4,0,0,1,151,92,9,8,4,0,0,13,140,52,0,6,2,0,1,0,5,0,1,0,0,71,278,479,FINAL (ENTRADA MANUAL)
93,8,2,132,66,1,48,6,0,1,2,127,89,15,5,5,0,0,15,116,59,1,5,4,0,0,0,7,0,0,0,0,64,256,479,FINAL (ENTRADA MANUAL)
93,9,1,107,81,0,76,15,1,0,0,89,124,21,15,12,0,0,19,77,78,0,13,7,1,1,3,9,0,2,0,1,91,283,500,FINAL (ENTRADA MANUAL)
93,9,2,104,77,0,87,11,1,0,0,86,137,18,8,11,0,0,20,77,69,0,7,9,2,0,1,8,1,0,0,0,106,280,500,FINAL (ENTRADA MANUAL)
93,10,1,95,66,0,74,5,1,0,0,84,100,27,10,3,0,0,17,76,57,0,8,1,0,4,2,10,0,0,0,0,83,241,428,FINAL (ENTRADA MANUAL)
93,10,2,107,50,0,82,7,0,0,1,97,95,20,15,8,0,0,12,86,45,0,15,4,0,2,1,4,1,0,0,0,89,247,428,FINAL (ENTRADA MANUAL)
93,10,3,95,53,1,78,11,0,0,0,81,103,14,15,9,0,0,16,78,48,0,12,7,2,0,0,3,1,0,0,0,87,238,428,FINAL (ENTRADA MANUAL)
93,10,4,107,64,2,46,9,0,0,0,92,94,13,4,7,0,0,18,81,52,2,3,6,0,1,1,0,0,1,0,0,82,229,429,FINAL (ENTRADA MANUAL)
93,11,1,82,82,1,42,0,1,0,0,71,103,7,15,1,0,0,11,70,77,1,15,0,2,1,0,1,0,0,0,0,41,208,451,FINAL (ENTRADA MANUAL)
93,11,2,88,72,0,63,5,0,0,2,79,114,13,12,1,0,0,11,73,63,0,11,1,0,1,0,5,0,0,0,0,76,230,451,FINAL (ENTRADA MANUAL)
93,11,3,100,86,0,51,5,0,0,0,87,116,9,12,6,0,0,12,78,76,0,12,5,0,2,1,6,0,1,0,0,62,243,451,FINAL (ENTRADA MANUAL)
93,11,4,101,76,0,41,4,0,0,0,85,102,12,4,2,0,0,17,84,68,0,3,1,0,1,0,2,0,1,0,0,63,223,451,FINAL (ENTRADA MANUAL)
93,12,1,81,68,0,78,8,1,0,0,69,132,19,8,5,0,0,3,60,60,0,7,4,1,4,0,10,0,0,0,0,90,236,416,FINAL (ENTRADA MANUAL)
93,12,2,70,50,0,84,6,1,0,1,59,107,17,14,7,0,0,8,53,48,0,12,5,3,2,0,8,0,3,0,0,81,215,416,FINAL (ENTRADA MANUAL)
93,12,3,71,54,0,92,10,0,0,0,67,121,20,7,6,0,0,6,58,50,0,6,5,0,6,0,10,1,0,0,0,91,227,417,FINAL (ENTRADA MANUAL)
93,13,1,83,53,0,76,5,0,0,0,76,96,17,16,1,0,0,11,64,47,0,15,1,1,1,0,5,0,0,0,0,83,217,433,FINAL (ENTRADA MANUAL)
93,13,2,88,59,1,65,7,0,0,0,72,97,18,11,4,0,0,18,63,52,1,10,3,1,2,0,8,0,0,0,0,80,220,433,FINAL (ENTRADA MANUAL)
93,14,1,45,64,0,29,3,0,0,1,43,80,13,3,1,0,0,2,41,60,0,2,1,1,0,0,7,1,1,0,0,29,143,250,FINAL (ENTRADA MANUAL)
93,14,2,70,40,0,23,1,0,0,0,57,55,7,3,1,0,0,11,48,39,0,3,1,0,0,0,2,0,0,0,0,41,134,251,FINAL (ENTRADA MANUAL)
93,15,1,75,79,0,52,7,0,0,0,53,110,15,9,3,0,0,23,50,70,0,7,2,3,5,0,3,0,1,0,0,73,214,404,FINAL (ENTRADA MANUAL)
93,15,2,90,82,1,27,5,1,0,0,70,100,10,3,4,0,0,19,65,74,1,3,4,2,3,0,1,0,0,0,0,53,206,404,FINAL (ENTRADA MANUAL)
93,15,3,81,62,1,49,3,1,0,0,70,93,17,6,2,0,0,9,62,57,1,6,1,1,3,0,5,0,0,0,0,61,197,404,FINAL (ENTRADA MANUAL)
93,15,4,74,71,0,53,3,2,0,0,64,90,19,11,2,0,0,17,57,61,0,9,1,0,0,0,3,1,1,1,0,71,205,405,FINAL (ENTRADA MANUAL)
93,16,1,78,80,0,71,15,0,0,1,62,129,12,8,14,0,0,20,58,73,0,8,6,1,1,0,6,1,1,0,0,91,246,456,FINAL (ENTRADA MANUAL)
93,16,2,77,85,0,63,16,0,0,2,63,126,15,7,11,0,0,21,57,73,0,7,9,0,1,0,4,1,0,0,0,91,243,456,FINAL (ENTRADA MANUAL)
93,16,3,103,65,0,65,25,0,1,1,84,118,16,15,20,1,0,6,78,62,0,12,12,3,0,0,6,0,0,0,0,87,260,456,FINAL (ENTRADA MANUAL)
93,16,4,77,86,1,51,29,1,1,1,65,126,13,13,19,0,0,11,57,76,1,9,15,4,0,0,4,2,0,0,0,79,247,456,FINAL (ENTRADA MANUAL)
93,16,5,95,75,0,55,17,1,0,0,79,123,13,8,8,1,0,11,75,64,0,8,5,0,4,2,4,3,2,1,0,78,246,456,FINAL (ENTRADA MANUAL)
93,16,6,69,80,1,55,28,2,1,0,57,115,15,14,22,0,0,13,52,69,1,11,14,0,0,0,3,0,2,0,0,86,238,453,FINAL (ENTRADA MANUAL)
93,72,1,27,3,0,1,3,0,0,0,25,5,1,0,3,0,0,0,25,3,0,0,1,0,1,0,1,0,0,0,0,3,34,0,FINAL (ENTRADA MANUAL)
93,72,2,14,0,0,2,0,0,0,0,13,2,0,1,0,0,0,0,13,0,0,1,0,1,0,0,0,0,0,0,0,1,16,0,FINAL (ENTRADA MANUAL)
93,72,3,1028,79,0,73,15,3,1,0,1014,118,24,12,11,0,0,20,978,73,0,12,8,9,5,0,4,1,0,0,1,109,1200,0,FINAL (ENTRADA MANUAL)
93,72,4,264,18,0,29,5,5,1,1,262,26,9,8,4,0,1,13,251,14,0,8,4,3,1,0,5,0,7,0,2,37,332,0,FINAL (ENTRADA MANUAL)
93,72,5,22,1,0,0,0,0,0,0,20,2,0,0,0,0,0,1,20,1,0,0,0,0,0,0,0,0,0,0,0,2,23,0,FINAL (ENTRADA MANUAL)
93,72,6,2,1,0,0,0,0,1,0,2,1,0,0,0,0,1,0,2,1,0,0,0,0,0,0,0,0,0,1,0,0,4,0,FINAL (ENTRADA MANUAL)
93,72,7,7,0,0,1,0,0,0,0,7,0,1,0,0,0,0,0,5,0,0,0,0,0,0,0,0,0,0,0,0,3,8,0,FINAL (ENTRADA MANUAL)
93,72,8,3,2,0,0,1,0,0,0,3,2,0,0,1,0,0,0,3,2,0,0,1,0,0,0,0,0,0,0,0,0,6,0,FINAL (ENTRADA MANUAL)
93,72,9,0,0,0,0,0,0,0,0,0,0,0,0,0,0,0,0,0,0,0,0,0,0,0,0,0,0,0,0,0,0,0,0,FINAL (ENTRADA MANUAL)
93,72,10,0,2,0,0,0,0,0,0,0,2,0,0,0,0,0,0,0,2,0,0,0,0,0,0,0,0,0,0,0,0,2,0,FINAL (ENTRADA MANUAL)
93,73,1,91,651,0,28,6,0,3,1,69,672,5,3,2,0,0,29,63,617,0,3,1,1,3,0,2,0,0,0,4,90,784,0,FINAL (ENTRADA MANUAL)
93,73,2,0,0,0,0,0,0,0,0,0,0,0,0,0,0,0,0,0,0,0,0,0,0,0,0,0,0,0,0,0,0,0,0,FINAL (ENTRADA MANUAL)
93,73,3,0,0,0,0,0,0,0,0,0,0,0,0,0,0,0,0,0,0,0,0,0,0,0,0,0,0,0,0,0,0,0,0,FINAL (ENTRADA MANUAL)
93,73,4,0,0,0,0,0,0,0,0,0,0,0,0,0,0,0,0,0,0,0,0,0,0,0,0,0,0,0,0,0,0,0,0,FINAL (ENTRADA MANUAL)
93,73,5,30,160,0,5,3,1,0,0,28,159,1,3,2,0,0,6,27,157,0,3,2,1,0,0,2,0,0,0,0,7,199,0,FINAL (ENTRADA MANUAL)
93,74,1,4,1,0,1,0,0,0,0,4,2,0,0,0,0,0,0,4,1,0,0,0,0,0,0,0,0,0,0,0,1,6,0,FINAL (ENTRADA MANUAL)
93,74,2,0,0,0,0,0,0,0,0,0,0,0,0,0,0,0,0,0,0,0,0,0,0,0,0,0,0,0,0,0,0,0,0,FINAL (ENTRADA MANUAL)
93,75,1,0,0,0,0,1,0,0,0,0,0,0,0,1,0,0,0,0,0,0,0,1,0,0,0,0,1,0,11,0,0,13,0,FINAL (ENTRADA MANUAL)
93,75,2,0,0,0,0,0,0,0,0,0,0,0,0,0,0,0,0,0,0,0,0,0,0,0,0,0,0,0,0,0,0,0,0,FINAL (ENTRADA MANUAL)
93,76,1,24,0,0,0,0,0,0,0,18,1,0,1,0,0,0,4,17,0,0,0,0,0,0,0,0,0,2,0,0,7,26,0,FINAL (ENTRADA MANUAL)
93,76,2,0,0,0,0,0,0,0,0,0,0,0,0,0,0,0,0,0,0,0,0,0,0,0,0,0,0,0,0,0,0,0,0,FINAL (ENTRADA MANUAL)
93,76,3,6,0,0,0,0,0,1,0,6,0,0,0,0,0,0,1,3,0,0,0,0,0,0,0,0,0,0,0,0,4,7,0,FINAL (ENTRADA MANUAL)
93,76,4,0,1,0,0,0,0,0,0,0,1,0,0,0,0,0,0,0,1,0,0,0,0,0,0,0,0,0,0,0,0,1,0,FINAL (ENTRADA MANUAL)
93,77,1,6,0,0,14,1,0,0,0,6,3,7,10,0,0,0,0,4,0,0,4,0,0,0,0,5,0,0,0,0,8,21,0,FINAL (ENTRADA MANUAL)
93,77,2,9,1,0,4,0,0,0,0,9,3,1,1,0,0,0,0,9,1,0,1,0,0,0,1,0,0,0,0,0,2,14,0,FINAL (ENTRADA MANUAL)
93,77,3,1,0,0,0,0,0,0,0,1,0,0,0,0,0,0,0,1,0,0,0,0,0,0,0,0,0,0,0,0,0,1,0,FINAL (ENTRADA MANUAL)
93,78,1,16,14,0,2,0,0,0,0,13,16,0,0,0,0,0,3,11,13,0,0,0,0,1,0,0,0,0,0,0,7,32,0,FINAL (ENTRADA MANUAL)
93,78,2,7,0,0,2,0,0,0,0,6,0,0,1,0,0,0,2,4,0,0,1,0,0,0,0,0,0,0,0,0,4,9,0,FINAL (ENTRADA MANUAL)
93,78,3,2,1,0,1,0,0,0,0,1,2,0,1,0,0,0,0,1,1,0,1,0,0,0,0,0,0,0,0,0,1,4,0,FINAL (ENTRADA MANUAL)
93,78,4,4,0,0,1,0,0,0,0,4,1,0,0,0,0,0,0,4,0,0,0,0,0,0,0,1,0,0,0,0,0,5,0,FINAL (ENTRADA MANUAL)
93,79,1,0,1,0,0,0,0,0,0,0,1,0,0,0,0,0,0,0,1,0,0,0,0,0,0,0,0,0,0,0,0,1,0,FINAL (ENTRADA MANUAL)
94,1,1,77,94,0,72,22,0,0,1,61,156,11,14,17,0,0,7,56,85,0,11,14,2,3,0,5,3,0,0,0,87,266,462,FINAL (ENTRADA MANUAL)
94,1,2,83,81,0,71,46,0,0,0,65,131,17,15,35,0,0,18,57,69,0,12,26,1,4,3,4,5,0,0,1,100,282,463,FINAL (ENTRADA MANUAL)
94,2,1,45,70,0,35,34,0,0,0,34,100,9,7,22,0,0,12,29,63,0,7,22,0,4,1,4,4,0,0,0,50,184,284,FINAL (ENTRADA MANUAL)
94,3,1,76,42,1,69,43,0,0,0,63,94,22,13,28,0,1,10,53,33,1,8,23,3,1,0,6,1,0,0,1,102,232,453,FINAL (ENTRADA MANUAL)
94,3,2,84,54,0,64,29,0,1,0,65,104,17,8,19,0,0,19,60,45,0,6,16,1,0,1,7,3,2,0,0,93,234,453,FINAL (ENTRADA MANUAL)
94,3,3,95,49,1,77,38,0,0,1,73,116,25,12,27,0,0,8,61,42,1,11,21,3,2,1,6,7,0,0,0,106,261,454,FINAL (ENTRADA MANUAL)
94,4,1,89,82,0,55,21,0,1,0,67,116,13,9,18,1,0,24,56,65,0,7,13,1,2,0,9,0,0,1,0,95,249,525,FINAL (ENTRADA MANUAL)
94,4,2,107,68,0,49,26,0,0,1,81,106,14,6,21,0,1,22,76,61,0,6,16,1,2,1,4,2,1,0,0,82,252,525,FINAL (ENTRADA MANUAL)
94,5,1,98,78,0,56,23,0,0,0,87,110,15,14,18,0,1,10,77,65,0,14,14,1,1,1,2,0,1,0,0,80,256,495,FINAL (ENTRADA MANUAL)
94,5,2,107,79,0,61,18,0,0,0,86,122,14,14,14,0,0,15,74,68,0,13,11,3,2,0,3,0,0,0,0,91,265,495,FINAL (ENTRADA MANUAL)
94,6,1,95,48,0,49,8,1,1,1,76,82,15,6,4,0,0,20,65,42,0,5,4,1,1,0,4,0,0,2,0,81,205,440,FINAL (ENTRADA MANUAL)
94,6,2,99,50,0,54,6,0,1,1,75,88,18,8,4,0,0,18,59,42,0,7,3,1,2,0,1,1,0,1,0,95,212,439,FINAL (ENTRADA MANUAL)
94,7,1,104,35,3,104,21,0,0,1,89,100,28,23,17,0,0,11,75,31,2,18,13,2,4,0,8,2,0,0,0,113,268,483,FINAL (ENTRADA MANUAL)
94,7,2,111,59,0,79,14,1,0,1,84,118,18,12,13,0,0,20,72,50,0,11,6,1,0,0,5,1,0,0,0,119,265,483,FINAL (ENTRADA MANUAL)
94,7,3,99,52,0,100,19,0,0,1,70,109,36,16,17,0,0,23,62,44,0,16,14,1,0,0,8,0,2,0,0,126,273,483,FINAL (ENTRADA MANUAL)
94,8,1,109,51,0,52,15,0,0,0,91,84,12,10,16,0,0,14,81,45,0,8,9,3,1,0,2,0,1,1,0,78,229,380,FINAL (ENTRADA MANUAL)
94,8,2,79,47,0,48,10,0,0,0,60,83,9,10,6,0,0,16,49,40,0,8,5,1,1,0,2,0,0,0,0,78,184,380,FINAL (ENTRADA MANUAL)
94,8,3,88,33,0,33,11,0,0,1,65,63,8,6,9,0,0,15,58,29,0,5,6,0,0,0,2,0,0,0,0,66,166,379,FINAL (ENTRADA MANUAL)
94,9,1,35,33,0,27,10,0,0,1,34,45,9,4,8,0,0,6,31,27,0,3,5,0,0,0,1,0,0,0,0,39,106,279,FINAL (ENTRADA MANUAL)
94,9,2,60,41,0,21,13,0,0,1,50,56,5,7,9,0,0,9,46,34,0,7,9,0,0,0,2,1,0,0,0,37,136,279,FINAL (ENTRADA MANUAL)
94,9,3,76,41,0,33,15,0,1,0,66,59,11,7,11,0,0,12,57,36,0,7,11,0,0,0,1,0,0,0,0,54,166,278,FINAL (ENTRADA MANUAL)
94,10,1,85,44,0,57,20,0,0,0,70,82,12,13,16,0,0,13,60,33,0,11,12,0,2,2,2,1,2,0,0,83,208,368,FINAL (ENTRADA MANUAL)
94,10,2,68,54,0,57,23,0,0,0,53,111,9,3,15,0,0,11,40,42,0,3,9,1,3,0,8,2,3,0,0,94,205,368,FINAL (ENTRADA MANUAL)
94,10,3,84,56,1,45,20,0,2,0,81,79,13,6,16,1,0,12,68,48,0,5,14,1,1,0,5,1,1,0,0,65,209,368,FINAL (ENTRADA MANUAL)
94,11,1,108,46,0,72,24,0,0,0,86,104,21,6,21,0,0,12,81,40,0,6,19,0,1,0,6,0,0,0,0,97,250,417,FINAL (ENTRADA MANUAL)
94,11,2,104,40,0,71,13,0,0,0,94,85,21,10,6,0,0,12,83,32,0,10,6,0,0,2,6,1,0,0,0,88,228,417,FINAL (ENTRADA MANUAL)
94,11,3,122,29,1,49,20,0,0,0,105,58,17,14,15,0,0,12,97,22,1,14,10,2,1,0,1,6,2,0,0,67,223,416,FINAL (ENTRADA MANUAL)
94,12,1,104,22,0,45,17,0,0,0,96,47,17,7,14,0,0,7,88,17,0,4,12,2,1,0,5,1,0,0,1,58,189,323,FINAL (ENTRADA MANUAL)
94,12,2,121,20,0,45,14,0,0,0,107,57,10,11,7,0,0,8,103,19,0,11,5,1,1,0,0,4,0,0,0,56,200,323,FINAL (ENTRADA MANUAL)
94,13,1,97,58,1,87,14,1,0,1,80,113,22,18,9,0,0,17,71,52,1,16,7,3,4,0,4,0,1,0,0,101,260,420,FINAL (ENTRADA MANUAL)
94,13,2,82,48,1,71,17,2,0,2,65,94,18,15,18,0,0,13,54,40,1,12,11,2,0,2,2,2,0,0,0,97,223,420,FINAL (ENTRADA MANUAL)
94,14,1,91,31,0,52,11,0,0,0,74,74,13,7,9,0,0,8,69,25,0,7,6,1,0,0,3,4,0,0,0,70,185,318,FINAL (ENTRADA MANUAL)
94,14,2,73,35,0,54,8,0,1,1,59,62,13,11,5,0,0,22,53,29,0,10,4,1,1,0,2,1,1,1,0,71,174,318,FINAL (ENTRADA MANUAL)
94,15,1,91,79,0,74,31,2,0,0,65,132,17,15,24,0,0,24,55,64,0,9,15,3,0,0,4,2,1,0,0,125,278,558,FINAL (ENTRADA MANUAL)
94,15,2,84,74,0,75,33,1,0,0,67,131,16,16,24,0,0,13,60,67,0,14,20,1,2,3,3,0,1,0,0,97,268,558,FINAL (ENTRADA MANUAL)
94,15,3,112,56,0,87,28,0,0,1,86,123,19,15,22,0,1,18,78,51,0,12,19,2,5,2,8,0,2,0,0,107,286,558,FINAL (ENTRADA MANUAL)
94,15,4,115,52,0,96,17,1,0,1,70,117,41,11,15,0,0,28,57,39,0,10,8,2,3,1,8,2,1,0,0,152,283,558,FINAL (ENTRADA MANUAL)
94,16,1,80,52,0,67,17,0,0,1,72,110,12,8,11,0,0,4,61,49,0,8,8,2,2,0,4,0,0,0,0,83,217,428,FINAL (ENTRADA MANUAL)
94,16,2,68,58,1,64,27,1,0,0,56,119,15,6,15,0,0,8,46,50,1,6,14,2,3,0,9,1,0,0,1,87,220,428,FINAL (ENTRADA MANUAL)
94,16,3,89,60,0,81,27,3,0,0,70,124,20,14,20,0,0,12,62,56,0,11,16,3,2,0,10,1,0,0,0,99,260,428,FINAL (ENTRADA MANUAL)
94,16,4,95,72,0,54,23,0,0,1,72,121,19,5,20,0,0,8,59,61,0,4,16,1,0,1,6,1,0,1,0,96,246,428,FINAL (ENTRADA MANUAL)
94,16,5,89,64,0,76,15,0,0,0,73,124,23,8,11,0,0,5,63,61,0,6,8,1,3,0,8,2,0,0,0,92,244,428,FINAL (ENTRADA MANUAL)
94,16,6,99,57,1,93,12,3,0,0,85,114,24,18,11,0,0,13,73,45,0,16,6,1,2,1,3,1,0,0,0,117,265,428,FINAL (ENTRADA MANUAL)
94,17,1,67,41,2,71,5,0,0,0,54,84,24,10,3,0,0,11,47,35,2,10,2,1,4,0,8,1,1,0,0,76,187,402,FINAL (ENTRADA MANUAL)
94,17,2,95,26,0,77,6,1,0,0,76,79,18,10,4,0,0,18,60,22,0,8,1,5,0,1,3,1,0,2,1,104,208,402,FINAL (ENTRADA MANUAL)
94,17,3,85,32,1,80,8,0,0,2,66,83,29,12,7,0,0,11,57,29,1,9,4,2,2,1,10,0,1,0,0,93,209,402,FINAL (ENTRADA MANUAL)
94,17,4,93,29,0,69,6,0,0,0,66,89,20,8,4,0,0,10,62,26,0,7,3,3,2,0,8,2,1,0,0,84,198,402,FINAL (ENTRADA MANUAL)
94,18,1,79,111,0,39,25,0,0,3,59,139,12,7,18,0,0,22,53,88,0,5,15,0,0,1,1,1,0,0,0,93,257,515,FINAL (ENTRADA MANUAL)
94,19,1,78,52,0,73,13,0,0,0,71,94,17,13,10,0,0,11,60,43,0,11,5,2,3,1,15,0,0,0,0,76,216,365,FINAL (ENTRADA MANUAL)
94,19,2,83,47,1,65,8,0,0,2,68,94,21,6,8,0,0,9,60,39,1,6,3,2,0,0,10,0,0,0,0,85,206,365,FINAL (ENTRADA MANUAL)
94,19,3,64,45,0,62,19,0,0,0,54,88,21,4,14,0,0,9,50,35,0,4,12,0,4,0,6,2,1,0,0,77,191,365,FINAL (ENTRADA MANUAL)
94,19,4,55,32,0,42,11,1,0,0,40,62,15,7,9,0,0,8,37,28,0,5,8,0,0,3,4,1,0,0,1,55,142,364,FINAL (ENTRADA MANUAL)
94,20,1,82,54,0,98,18,0,0,1,66,116,34,14,11,0,0,12,56,43,0,9,7,0,0,0,15,2,3,0,0,121,256,440,FINAL (ENTRADA MANUAL)
94,20,2,89,47,0,89,15,0,0,1,76,112,23,13,8,0,0,9,65,43,0,11,5,2,3,0,8,2,0,0,0,102,241,440,FINAL (ENTRADA MANUAL)
94,20,3,84,38,1,92,11,0,0,0,75,104,22,18,4,0,0,3,66,36,0,16,4,2,1,1,8,0,1,0,0,92,227,441,FINAL (ENTRADA MANUAL)
94,21,1,76,63,0,74,16,0,1,1,70,101,20,15,14,0,0,11,61,53,0,11,13,2,4,0,7,2,0,0,0,78,231,438,FINAL (ENTRADA MANUAL)
94,21,2,74,49,5,70,11,0,0,0,56,91,25,14,4,0,0,19,53,44,2,14,3,1,2,1,9,2,0,0,0,78,209,438,FINAL (ENTRADA MANUAL)
94,21,3,91,33,0,65,17,2,0,0,77,79,19,15,10,0,1,7,64,30,0,13,7,2,1,1,4,2,1,0,0,84,209,438,FINAL (ENTRADA MANUAL)
94,22,1,96,71,0,83,7,1,0,0,79,128,18,7,5,1,1,19,77,60,0,7,5,1,6,1,6,0,1,0,0,95,259,476,FINAL (ENTRADA MANUAL)
94,22,2,94,46,1,77,7,0,0,1,89,93,20,13,5,0,0,6,77,39,1,11,4,2,3,1,6,1,1,0,0,81,227,475,FINAL (ENTRADA MANUAL)
94,23,1,109,60,0,87,41,0,0,0,92,120,23,17,29,0,0,16,78,48,0,16,26,0,0,1,9,3,0,0,0,116,297,468,FINAL (ENTRADA MANUAL)
94,23,2,91,50,0,79,23,0,0,2,86,94,24,12,21,0,0,8,66,39,0,10,15,1,0,0,14,0,0,0,0,100,245,468,FINAL (ENTRADA MANUAL)
94,23,3,101,46,0,84,22,1,0,0,85,109,26,12,15,0,0,7,73,39,0,12,9,0,5,3,8,0,1,0,0,105,255,468,FINAL (ENTRADA MANUAL)
94,23,4,99,54,0,66,20,1,0,0,76,100,19,11,12,1,0,21,63,46,0,7,9,2,1,0,10,4,1,0,0,98,241,468,FINAL (ENTRADA MANUAL)
94,23,5,110,51,0,81,18,2,0,1,96,94,28,20,17,1,0,7,87,42,0,19,12,0,1,0,14,0,0,0,0,88,263,468,FINAL (ENTRADA MANUAL)
94,24,1,61,66,2,35,12,0,0,1,49,87,12,9,8,0,0,12,40,60,2,9,6,0,0,0,1,1,2,0,0,58,179,284,FINAL (ENTRADA MANUAL)
94,24,2,59,61,0,35,10,0,0,1,48,79,8,9,9,0,0,13,42,53,0,8,4,0,1,0,2,0,0,0,0,56,166,283,FINAL (ENTRADA MANUAL)
94,25,1,80,62,0,45,12,1,0,1,55,95,18,8,9,0,0,16,48,53,0,4,5,1,1,1,11,1,1,0,0,76,202,367,FINAL (ENTRADA MANUAL)
94,25,2,78,75,0,57,12,1,0,0,55,119,15,6,11,2,0,15,48,58,0,5,9,4,5,1,1,1,1,1,0,91,225,367,FINAL (ENTRADA MANUAL)
94,25,3,91,57,0,49,7,0,0,1,74,95,15,9,4,0,0,8,67,52,0,8,4,4,2,0,8,1,0,0,0,59,205,366,FINAL (ENTRADA MANUAL)
94,26,1,88,40,1,124,27,0,0,2,76,124,42,15,19,1,0,5,64,32,1,14,15,4,2,4,11,3,1,0,0,132,283,444,FINAL (ENTRADA MANUAL)
94,26,2,110,63,0,93,26,1,1,1,91,132,36,7,21,0,0,8,84,59,0,7,18,3,2,0,8,2,0,0,0,112,295,444,FINAL (ENTRADA MANUAL)
94,26,3,92,48,1,112,23,0,0,0,78,109,32,22,21,1,0,13,69,42,1,22,15,1,2,0,10,0,1,0,0,114,277,444,FINAL (ENTRADA MANUAL)
94,26,4,90,52,1,120,23,1,0,1,66,133,35,14,25,0,0,15,60,44,0,14,13,0,2,2,8,0,0,1,0,145,289,442,FINAL (ENTRADA MANUAL)
94,72,1,315,102,0,30,12,0,0,3,300,134,13,4,7,0,0,4,288,87,0,4,6,2,4,0,4,1,0,0,0,66,462,0,FINAL (ENTRADA MANUAL)
94,72,2,18,13,0,0,0,0,0,0,18,12,0,0,0,0,0,1,18,10,0,0,0,0,0,0,0,0,1,1,0,3,33,0,FINAL (ENTRADA MANUAL)
94,72,3,691,302,2,120,27,0,3,3,642,408,42,12,21,0,0,23,614,275,1,12,16,8,15,2,12,1,0,0,1,192,1149,0,FINAL (ENTRADA MANUAL)
94,72,4,119,56,0,24,8,0,0,0,109,75,7,4,4,0,0,8,108,55,0,4,4,1,0,0,8,0,3,1,0,27,211,0,FINAL (ENTRADA MANUAL)
94,72,5,30,12,0,1,2,0,0,0,30,13,0,0,1,0,0,1,25,9,0,0,1,2,1,0,0,0,0,0,0,7,45,0,FINAL (ENTRADA MANUAL)
94,72,6,11,2,0,0,0,0,0,0,8,3,0,0,0,0,0,2,8,2,0,0,0,1,0,0,0,0,0,0,0,2,13,0,FINAL (ENTRADA MANUAL)
94,72,7,17,2,0,2,2,0,0,0,15,2,2,0,3,0,0,1,12,2,0,0,2,0,0,0,1,0,0,0,0,6,23,0,FINAL (ENTRADA MANUAL)
94,72,8,3,0,0,1,0,0,0,0,3,0,0,1,0,0,0,0,3,0,0,1,0,0,0,0,0,0,0,0,0,0,4,0,FINAL (ENTRADA MANUAL)
94,73,1,70,410,0,18,10,0,0,0,58,402,5,3,7,0,0,33,47,364,0,3,5,6,1,0,1,0,0,0,6,81,514,0,FINAL (ENTRADA MANUAL)
94,73,2,0,0,0,0,0,0,0,0,0,0,0,0,0,0,0,0,0,0,0,0,0,0,0,0,0,0,0,0,0,0,0,0,FINAL (ENTRADA MANUAL)
94,73,3,0,0,0,0,0,0,0,0,0,0,0,0,0,0,0,0,0,0,0,0,0,0,0,0,0,0,0,0,0,0,0,0,FINAL (ENTRADA MANUAL)
94,73,4,23,133,0,3,2,0,1,0,17,129,0,2,2,0,0,12,16,128,0,2,2,0,0,0,0,0,4,14,0,14,180,0,FINAL (ENTRADA MANUAL)
94,74,1,3,1,0,1,0,0,0,0,3,2,0,0,0,0,0,0,3,1,0,0,0,0,0,0,1,0,0,0,0,0,5,0,FINAL (ENTRADA MANUAL)
94,74,2,0,0,0,0,0,0,0,0,0,0,0,0,0,0,0,0,0,0,0,0,0,0,0,0,0,0,0,0,0,0,0,0,FINAL (ENTRADA MANUAL)
94,75,1,3,0,0,0,0,0,0,0,3,0,0,0,0,0,0,0,3,0,0,0,0,0,0,0,0,0,0,0,0,0,3,0,FINAL (ENTRADA MANUAL)
94,75,2,0,1,0,0,0,0,0,0,0,1,0,0,0,0,0,0,0,1,0,0,0,0,0,0,0,0,0,0,0,0,1,0,FINAL (ENTRADA MANUAL)
94,76,1,36,1,0,2,0,0,1,1,29,3,4,1,0,0,0,4,22,0,0,1,0,1,0,0,0,0,0,0,0,17,41,0,FINAL (ENTRADA MANUAL)
94,76,2,1,0,0,0,0,0,0,0,1,0,0,0,0,0,0,0,1,0,0,0,0,0,0,0,0,0,0,0,0,0,1,0,FINAL (ENTRADA MANUAL)
94,76,3,11,1,0,1,0,0,0,0,7,1,0,0,0,0,0,5,3,0,0,0,0,0,0,0,0,0,0,0,0,10,13,0,FINAL (ENTRADA MANUAL)
94,76,4,0,0,0,0,0,0,0,0,0,0,0,0,0,0,0,0,0,0,0,0,0,0,0,0,0,0,0,0,0,0,0,0,FINAL (ENTRADA MANUAL)
94,76,5,1,0,0,0,0,0,0,0,1,0,0,0,0,0,0,0,0,0,0,0,0,0,0,0,0,0,0,0,0,1,1,0,FINAL (ENTRADA MANUAL)
94,77,1,0,0,0,0,0,0,0,0,0,0,0,0,0,0,0,0,0,0,0,0,0,0,0,0,0,0,0,0,0,0,0,0,FINAL (ENTRADA MANUAL)
94,77,2,8,8,0,32,0,0,0,0,5,14,17,7,1,0,0,2,4,8,0,7,0,1,0,0,7,0,0,0,0,19,46,0,FINAL (ENTRADA MANUAL)
94,77,3,0,0,0,6,0,0,0,0,0,2,3,1,0,0,0,0,0,0,0,1,0,0,0,0,0,0,0,0,0,5,6,0,FINAL (ENTRADA MANUAL)
94,77,4,1,0,0,4,0,0,0,0,1,2,2,0,0,0,0,0,1,0,0,0,0,0,0,0,1,0,0,0,0,3,5,0,FINAL (ENTRADA MANUAL)
94,78,1,6,3,0,3,0,0,0,0,5,4,0,0,0,0,0,3,4,1,0,0,0,0,0,0,0,0,0,0,0,7,12,0,FINAL (ENTRADA MANUAL)
94,78,2,15,1,0,2,1,0,0,0,9,3,0,1,1,0,0,5,8,1,0,0,1,0,0,0,2,0,1,0,0,7,20,0,FINAL (ENTRADA MANUAL)
94,78,3,0,0,0,0,0,0,0,0,0,0,0,0,0,0,0,0,0,0,0,0,0,0,0,0,0,0,0,0,0,0,0,0,FINAL (ENTRADA MANUAL)
94,78,4,2,0,0,1,0,0,0,0,2,0,1,0,0,0,0,0,2,0,0,0,0,0,0,0,0,0,0,0,0,1,3,0,FINAL (ENTRADA MANUAL)
95,1,1,100,50,0,87,15,0,0,0,93,97,30,18,14,0,0,0,76,45,0,13,9,0,0,1,6,1,0,0,0,101,252,461,FINAL (ENTRADA MANUAL)
95,1,2,82,33,0,94,14,1,0,1,76,85,22,24,12,0,0,6,68,28,0,22,11,2,0,0,7,2,1,0,0,85,226,461,FINAL (ENTRADA MANUAL)
95,1,3,85,35,1,82,16,0,0,1,72,82,29,12,14,0,0,11,65,28,1,11,10,1,2,1,8,1,1,0,0,92,221,461,FINAL (ENTRADA MANUAL)
95,1,4,89,49,0,70,16,0,0,0,73,98,17,10,12,0,0,14,68,46,0,10,11,0,1,1,5,1,1,0,0,81,225,461,FINAL (ENTRADA MANUAL)
95,1,5,100,54,0,76,18,0,1,0,89,101,22,12,13,0,0,12,81,49,0,11,11,2,0,0,7,2,0,2,0,86,251,461,FINAL (ENTRADA MANUAL)
95,1,6,88,48,2,56,14,0,0,0,78,83,14,16,12,0,0,5,68,44,2,15,9,0,0,0,4,0,1,0,0,66,209,461,FINAL (ENTRADA MANUAL)
95,1,7,80,47,0,83,18,0,0,0,68,90,23,9,16,0,0,22,59,38,0,7,11,1,0,0,3,1,0,0,0,108,228,462,FINAL (ENTRADA MANUAL)
95,2,1,118,40,0,37,19,0,0,1,97,71,8,9,20,1,0,9,88,37,0,9,15,0,1,0,4,0,1,0,0,61,216,415,FINAL (ENTRADA MANUAL)
95,2,2,107,40,0,39,29,0,0,0,95,74,11,10,20,0,0,5,85,32,0,9,18,0,0,0,4,1,1,0,0,66,216,415,FINAL (ENTRADA MANUAL)
95,3,1,85,44,0,62,22,0,0,1,65,90,15,11,17,0,0,16,57,35,0,11,12,2,0,0,3,1,3,0,0,93,217,415,FINAL (ENTRADA MANUAL)
95,3,2,95,47,1,71,16,0,0,0,82,96,15,9,16,0,0,12,73,43,0,9,11,0,3,1,1,2,2,0,0,87,232,415,FINAL (ENTRADA MANUAL)
95,3,3,94,47,0,49,19,0,0,1,74,93,13,8,16,0,0,6,63,45,0,6,15,3,0,1,3,1,2,0,0,73,212,416,FINAL (ENTRADA MANUAL)
95,4,1,87,39,0,53,15,0,0,0,76,84,5,9,11,0,0,9,73,38,0,9,9,0,0,0,3,0,0,0,0,62,194,328,FINAL (ENTRADA MANUAL)
95,4,2,75,34,0,43,15,0,0,0,59,66,13,6,16,0,0,7,48,22,0,6,10,1,2,0,2,0,0,0,0,76,167,327,FINAL (ENTRADA MANUAL)
95,5,1,84,35,0,61,9,1,0,0,70,75,10,11,12,0,0,12,65,31,0,9,8,2,1,0,6,1,1,0,0,67,191,422,FINAL (ENTRADA MANUAL)
95,5,2,74,40,0,60,10,0,0,1,60,81,12,16,7,0,0,9,56,39,0,11,4,3,2,2,3,0,0,0,0,65,185,421,FINAL (ENTRADA MANUAL)
95,6,1,135,36,0,60,15,0,0,3,123,74,17,11,13,0,0,11,107,30,0,11,13,0,0,0,3,0,0,0,0,85,249,461,FINAL (ENTRADA MANUAL)
95,6,2,104,32,0,43,13,0,0,2,85,65,9,9,13,0,0,13,75,28,0,8,11,1,0,0,7,0,2,0,0,64,196,461,FINAL (ENTRADA MANUAL)
95,7,1,138,49,1,50,24,0,0,0,115,91,13,12,14,0,1,16,101,42,0,12,10,5,1,0,3,1,1,0,0,87,263,539,FINAL (ENTRADA MANUAL)
95,7,2,112,43,0,52,30,0,0,0,99,82,10,13,24,1,0,8,88,41,0,10,22,0,0,1,5,0,0,0,0,70,237,539,FINAL (ENTRADA MANUAL)
95,8,1,113,50,1,41,20,1,0,0,99,77,7,11,16,0,0,16,86,39,0,9,9,0,1,0,3,0,1,0,0,79,227,417,FINAL (ENTRADA MANUAL)
95,8,2,108,43,1,42,24,0,0,0,83,69,15,12,24,0,0,15,75,35,1,11,19,0,0,0,1,0,0,0,0,76,218,417,FINAL (ENTRADA MANUAL)
95,8,3,128,38,0,39,18,0,0,0,111,54,11,9,21,0,0,17,101,36,0,9,15,0,2,0,3,0,2,1,0,57,226,418,FINAL (ENTRADA MANUAL)
95,9,1,107,46,0,89,26,0,1,1,93,113,16,14,24,0,0,10,81,39,0,14,19,1,3,0,10,0,0,0,1,103,270,425,FINAL (ENTRADA MANUAL)
95,9,2,100,49,0,58,28,2,0,0,78,102,11,8,23,0,0,15,70,44,0,6,21,2,1,0,4,0,0,0,0,89,237,425,FINAL (ENTRADA MANUAL)
95,10,1,74,61,0,50,23,0,0,2,59,95,11,13,18,0,0,14,56,52,0,10,16,0,2,0,5,0,0,0,1,69,211,408,FINAL (ENTRADA MANUAL)
95,10,2,89,65,0,35,23,0,0,1,74,89,7,9,21,0,0,13,66,59,0,5,19,0,0,0,3,1,2,0,0,60,215,407,FINAL (ENTRADA MANUAL)
95,11,1,90,92,1,35,96,0,0,0,69,146,9,10,62,0,0,18,60,82,1,10,53,2,0,0,4,3,0,0,0,99,314,452,FINAL (ENTRADA MANUAL)
95,11,2,77,83,0,18,110,0,0,1,50,127,4,3,86,0,0,19,47,80,0,3,78,0,0,0,2,4,0,0,0,75,289,453,FINAL (ENTRADA MANUAL)
95,12,1,79,71,0,53,31,0,1,1,64,112,8,12,24,1,0,15,54,63,0,9,20,0,4,0,2,1,0,0,0,83,236,423,FINAL (ENTRADA MANUAL)
95,12,2,96,62,0,29,29,0,0,1,60,109,7,5,20,0,0,16,57,55,0,5,18,1,3,0,2,0,1,0,0,76,218,423,FINAL (ENTRADA MANUAL)
95,12,3,83,74,0,40,39,0,1,1,70,118,7,9,29,0,0,5,55,63,0,9,20,2,1,1,2,1,0,0,0,84,238,424,FINAL (ENTRADA MANUAL)
95,72,1,24,2,0,2,5,0,0,0,23,4,1,0,4,0,0,1,18,2,0,0,1,1,0,0,0,1,0,0,0,10,33,0,FINAL (ENTRADA MANUAL)
95,72,2,1,0,0,0,0,0,0,0,1,0,0,0,0,0,0,0,1,0,0,0,0,0,0,0,0,0,0,0,0,0,1,0,FINAL (ENTRADA MANUAL)
95,72,3,427,24,0,26,15,0,0,0,405,45,6,9,13,0,0,14,391,19,0,7,10,1,1,0,3,3,0,0,0,57,492,0,FINAL (ENTRADA MANUAL)
95,72,4,23,1,0,0,0,0,0,0,23,1,0,0,0,0,0,0,23,0,0,0,0,0,0,0,0,0,0,0,0,1,24,0,FINAL (ENTRADA MANUAL)
95,72,5,205,16,0,25,6,0,0,1,191,39,9,0,9,0,0,6,182,15,0,0,5,1,2,1,4,2,4,0,0,42,258,0,FINAL (ENTRADA MANUAL)
95,72,6,2,1,0,0,0,0,0,0,2,1,0,0,0,0,0,0,2,1,0,0,0,0,0,0,0,0,0,0,0,0,3,0,FINAL (ENTRADA MANUAL)
95,72,7,7,0,0,0,0,0,0,0,7,0,0,0,0,0,0,0,4,0,0,0,0,0,0,0,0,0,0,0,0,3,7,0,FINAL (ENTRADA MANUAL)
95,73,1,116,398,0,31,16,0,0,4,89,411,7,3,7,0,0,48,80,354,0,3,6,1,4,0,1,0,0,0,0,116,565,0,FINAL (ENTRADA MANUAL)
95,73,2,22,83,0,2,2,0,0,0,21,83,0,1,2,0,0,2,21,82,0,1,2,0,1,0,0,0,1,0,0,2,110,0,FINAL (ENTRADA MANUAL)
95,74,1,1,0,0,0,0,0,0,0,1,0,0,0,0,0,0,0,1,0,0,0,0,0,0,0,0,0,0,0,0,0,1,0,FINAL (ENTRADA MANUAL)
95,74,2,0,0,0,0,0,0,0,0,0,0,0,0,0,0,0,0,0,0,0,0,0,0,0,0,0,0,0,0,0,0,0,0,FINAL (ENTRADA MANUAL)
95,75,1,0,0,0,1,0,0,0,0,0,1,0,0,0,0,0,0,0,0,0,0,0,0,0,0,1,0,0,0,0,0,1,0,FINAL (ENTRADA MANUAL)
95,76,1,17,1,0,1,0,0,0,0,16,2,0,0,0,0,0,1,13,1,0,0,0,0,0,0,0,0,0,0,0,5,19,0,FINAL (ENTRADA MANUAL)
95,76,2,0,0,0,0,0,0,0,0,0,0,0,0,0,0,0,0,0,0,0,0,0,0,0,0,0,0,0,0,0,0,0,0,FINAL (ENTRADA MANUAL)
95,76,3,1,0,0,0,0,0,0,1,2,0,0,0,0,0,0,0,1,0,0,0,0,0,0,0,0,0,0,0,0,1,2,0,FINAL (ENTRADA MANUAL)
95,76,5,1,0,0,0,0,0,0,0,1,0,0,0,0,0,0,0,1,0,0,0,0,0,0,0,0,0,0,0,0,0,1,0,FINAL (ENTRADA MANUAL)
95,76,6,0,0,0,0,0,0,0,0,0,0,0,0,0,0,0,0,0,0,0,0,0,0,0,0,0,0,0,0,0,0,0,0,FINAL (ENTRADA MANUAL)
95,77,1,0,0,0,0,0,0,0,0,0,0,0,0,0,0,0,0,0,0,0,0,0,0,0,0,0,0,0,0,0,0,0,0,FINAL (ENTRADA MANUAL)
95,77,2,5,3,0,16,2,0,0,0,5,7,10,3,1,0,0,0,5,3,0,3,1,0,0,0,3,1,0,0,0,10,26,0,FINAL (ENTRADA MANUAL)
95,77,3,2,0,0,0,1,0,0,0,2,0,0,0,1,0,0,0,1,0,0,0,0,0,0,0,0,0,0,0,0,2,3,0,FINAL (ENTRADA MANUAL)
95,77,4,0,0,0,1,0,0,0,0,0,0,1,0,0,0,0,0,0,0,0,0,0,0,0,0,1,0,0,0,0,0,1,0,FINAL (ENTRADA MANUAL)
95,78,1,14,8,0,15,4,0,0,0,11,17,2,4,4,0,0,3,11,7,0,3,4,0,0,0,1,0,1,0,0,15,42,0,FINAL (ENTRADA MANUAL)
95,78,2,7,0,0,2,0,0,0,0,5,1,0,1,0,0,0,2,0,0,0,1,0,0,0,0,0,0,0,0,0,8,9,0,FINAL (ENTRADA MANUAL)
95,78,3,7,2,0,2,1,0,0,0,7,2,1,0,1,0,0,1,7,1,0,0,1,0,0,0,0,0,0,0,0,3,12,0,FINAL (ENTRADA MANUAL)
95,78,4,0,0,0,0,0,0,0,0,0,0,0,0,0,0,0,0,0,0,0,0,0,0,0,0,0,0,0,0,0,0,0,0,FINAL (ENTRADA MANUAL)
114,1,1,96,21,0,91,22,0,0,1,85,84,24,9,19,2,1,7,76,17,0,4,15,1,2,0,12,2,0,1,0,102,232,465,FINAL (ENTRADA MANUAL)
114,1,2,96,26,0,80,17,0,0,1,82,86,18,9,16,0,0,9,70,22,0,7,9,2,2,0,4,0,0,0,0,104,220,465,FINAL (ENTRADA MANUAL)
114,1,3,82,26,1,113,28,0,0,0,68,88,36,22,21,0,0,15,58,23,0,19,16,1,1,0,7,0,1,0,0,125,251,465,FINAL (ENTRADA MANUAL)
114,1,4,86,23,1,110,24,0,1,0,70,103,31,16,15,0,0,10,59,18,0,13,13,3,3,1,10,1,1,1,0,124,247,465,FINAL (ENTRADA MANUAL)
114,1,5,105,21,0,117,16,0,0,0,91,100,31,15,13,0,0,9,81,20,0,13,10,1,2,2,19,0,0,0,0,111,259,466,FINAL (ENTRADA MANUAL)
114,72,1,7,3,0,0,1,0,0,0,7,4,0,0,0,0,0,0,6,3,0,0,0,0,0,0,0,0,0,0,0,2,11,0,FINAL (ENTRADA MANUAL)
114,72,2,0,0,0,0,0,0,0,0,0,0,0,0,0,0,0,0,0,0,0,0,0,0,0,0,0,0,0,0,0,0,0,0,FINAL (ENTRADA MANUAL)
114,72,3,199,26,0,16,10,0,0,0,188,41,8,1,7,0,0,6,179,20,0,0,5,6,3,0,0,0,0,0,0,38,251,0,FINAL (ENTRADA MANUAL)
114,72,4,25,11,0,2,1,1,1,0,19,15,2,1,2,0,1,0,17,11,0,0,1,1,0,0,3,0,0,0,1,8,42,0,FINAL (ENTRADA MANUAL)
114,72,5,3,1,0,0,1,0,0,0,2,2,0,0,1,0,0,0,1,1,0,0,1,1,1,0,0,0,0,0,0,1,5,0,FINAL (ENTRADA MANUAL)
114,72,6,2,0,0,0,0,0,0,0,2,0,0,0,0,0,0,0,2,0,0,0,0,0,0,0,0,0,1,0,0,0,3,0,FINAL (ENTRADA MANUAL)
114,72,7,11,1,0,2,0,0,0,0,10,2,0,1,0,0,0,1,10,1,0,0,0,0,0,0,0,0,0,0,0,3,14,0,FINAL (ENTRADA MANUAL)
114,72,8,1,1,0,0,0,0,0,0,1,1,0,0,0,0,0,0,1,1,0,0,0,0,0,0,0,0,0,0,0,0,2,0,FINAL (ENTRADA MANUAL)
114,73,1,11,14,0,0,0,0,0,0,12,12,0,0,0,0,0,1,11,12,0,0,0,0,0,0,0,0,0,0,0,2,25,0,FINAL (ENTRADA MANUAL)
114,73,2,1,1,0,0,0,0,0,0,1,1,0,0,0,0,0,0,1,1,0,0,0,0,0,0,0,0,0,0,0,0,2,0,FINAL (ENTRADA MANUAL)
114,74,1,0,0,0,0,0,0,0,0,0,0,0,0,0,0,0,0,0,0,0,0,0,0,0,0,0,0,0,0,0,0,0,0,FINAL (ENTRADA MANUAL)
114,74,2,0,0,0,0,0,0,0,0,0,0,0,0,0,0,0,0,0,0,0,0,0,0,0,0,0,0,0,0,0,0,0,0,FINAL (ENTRADA MANUAL)
114,75,1,0,0,0,0,0,0,0,0,0,0,0,0,0,0,0,0,0,0,0,0,0,0,0,0,0,0,0,0,0,0,0,0,FINAL (ENTRADA MANUAL)
114,76,1,0,0,0,1,0,0,0,0,0,0,0,1,0,0,0,0,0,0,0,1,0,0,0,0,0,0,0,0,0,0,1,0,FINAL (ENTRADA MANUAL)
114,76,2,0,0,0,0,0,0,0,0,0,0,0,0,0,0,0,0,0,0,0,0,0,0,0,0,0,0,0,0,0,0,0,0,FINAL (ENTRADA MANUAL)
114,76,3,0,0,0,0,0,0,0,0,0,0,0,0,0,0,0,0,0,0,0,0,0,0,0,0,0,0,0,0,0,0,0,0,FINAL (ENTRADA MANUAL)
114,76,5,1,0,0,0,0,0,0,0,1,0,0,0,0,0,0,0,1,0,0,0,0,0,0,0,0,0,0,0,0,0,1,0,FINAL (ENTRADA MANUAL)
114,76,6,0,0,0,0,0,0,0,0,0,0,0,0,0,0,0,0,0,0,0,0,0,0,0,0,0,0,0,0,0,0,0,0,FINAL (ENTRADA MANUAL)
114,77,1,0,1,0,4,0,0,0,0,1,2,2,0,0,0,0,0,0,0,0,0,0,0,0,0,1,0,0,0,0,4,5,0,FINAL (ENTRADA MANUAL)
114,77,2,0,0,0,0,0,0,0,0,0,0,0,0,0,0,0,0,0,0,0,0,0,0,0,0,0,0,0,0,0,0,0,0,FINAL (ENTRADA MANUAL)
114,78,1,1,1,0,3,0,0,0,0,2,0,0,1,0,0,0,2,1,0,0,0,0,0,0,0,0,0,0,0,0,4,5,0,FINAL (ENTRADA MANUAL)
114,78,2,0,0,0,0,0,0,0,0,0,0,0,0,0,0,0,0,0,0,0,0,0,0,0,0,0,0,0,0,0,0,0,0,FINAL (ENTRADA MANUAL)
114,78,3,0,0,0,0,0,0,0,0,0,0,0,0,0,0,0,0,0,0,0,0,0,0,0,0,0,0,0,0,0,0,0,0,FINAL (ENTRADA MANUAL)
114,78,4,1,0,0,0,0,0,0,0,0,1,0,0,0,0,0,0,0,0,0,0,0,0,0,0,0,0,0,0,0,1,1,0,FINAL (ENTRADA MANUAL)
96,1,1,122,35,2,80,6,0,0,1,103,81,20,21,6,0,0,15,90,28,2,13,5,2,2,2,7,0,2,0,0,95,248,569,FINAL (ENTRADA MANUAL)
96,1,2,92,44,0,76,4,0,0,2,82,74,24,14,3,0,0,21,76,36,0,11,1,0,0,4,7,0,5,0,0,83,223,569,FINAL (ENTRADA MANUAL)
96,1,3,92,44,0,78,5,2,0,2,81,71,30,18,5,0,0,18,73,37,0,16,5,1,3,2,8,0,1,0,0,78,224,570,FINAL (ENTRADA MANUAL)
96,2,1,87,26,0,67,11,0,0,2,75,51,19,15,9,0,0,24,68,18,0,11,6,0,0,4,7,0,3,0,0,79,196,420,FINAL (ENTRADA MANUAL)
96,2,2,70,28,2,64,5,0,0,0,57,48,18,20,4,0,0,22,50,19,1,17,3,0,0,0,8,0,1,0,0,71,170,421,FINAL (ENTRADA MANUAL)
96,3,1,70,36,1,69,6,0,0,0,56,66,16,18,1,0,0,25,46,27,0,10,1,2,0,0,4,1,3,0,0,91,185,402,FINAL (ENTRADA MANUAL)
96,3,2,63,31,0,83,5,0,1,1,55,68,27,16,4,0,0,14,52,26,0,15,3,0,1,3,13,1,1,1,0,70,186,403,FINAL (ENTRADA MANUAL)
96,4,1,89,35,1,94,8,1,0,4,77,68,23,28,6,1,0,29,67,26,0,22,5,0,1,2,9,0,5,0,0,100,237,516,FINAL (ENTRADA MANUAL)
96,4,2,80,41,1,84,17,0,0,0,74,81,22,20,15,2,0,9,62,34,1,18,13,0,4,1,3,0,1,0,1,87,225,516,FINAL (ENTRADA MANUAL)
96,4,3,85,36,0,78,17,1,0,1,74,56,26,18,16,0,0,28,68,27,0,16,14,0,0,1,2,0,2,0,0,90,220,517,FINAL (ENTRADA MANUAL)
96,72,1,17,173,0,4,0,0,2,0,17,174,3,1,0,0,0,1,13,168,0,0,0,1,1,1,2,0,0,1,0,10,197,0,FINAL (ENTRADA MANUAL)
96,72,2,4,2,0,4,0,0,1,0,4,3,1,3,0,0,0,0,3,2,0,3,0,1,0,1,0,0,0,0,0,1,11,0,FINAL (ENTRADA MANUAL)
96,72,3,22,129,0,25,2,0,1,0,21,138,13,4,0,0,0,3,18,123,0,4,0,2,1,4,6,0,0,0,2,21,181,0,FINAL (ENTRADA MANUAL)
96,72,4,4,0,0,2,0,0,0,0,4,2,1,3,0,0,0,0,4,0,0,1,0,0,0,0,1,0,0,0,0,4,10,0,FINAL (ENTRADA MANUAL)
96,72,5,1,10,0,1,0,0,0,0,1,11,0,0,0,0,0,0,1,10,0,0,0,0,0,0,0,0,0,0,0,1,12,0,FINAL (ENTRADA MANUAL)
96,72,6,0,1,0,0,0,0,0,0,0,1,0,0,0,0,0,0,0,1,0,0,0,0,0,0,0,0,0,0,0,0,1,0,FINAL (ENTRADA MANUAL)
96,72,7,3,1,0,0,0,0,0,0,3,1,0,0,0,0,0,0,3,1,0,0,0,0,0,0,0,0,0,0,0,0,4,0,FINAL (ENTRADA MANUAL)
96,73,1,345,29,0,24,10,0,0,2,321,35,9,7,11,0,0,27,307,21,0,6,8,3,0,0,0,1,0,1,0,64,411,0,FINAL (ENTRADA MANUAL)
96,73,2,0,0,0,0,0,0,0,0,0,0,0,0,0,0,0,0,0,0,0,0,0,0,0,0,0,0,0,0,0,0,0,0,FINAL (ENTRADA MANUAL)
96,74,1,0,0,0,0,0,0,0,0,0,0,0,0,0,0,0,0,0,0,0,0,0,0,0,0,0,0,0,0,0,0,0,0,FINAL (ENTRADA MANUAL)
96,74,2,0,0,0,0,0,0,0,0,0,0,0,0,0,0,0,0,0,0,0,0,0,0,0,0,0,0,0,0,0,0,0,0,FINAL (ENTRADA MANUAL)
96,75,1,0,0,0,0,0,0,0,0,0,0,0,0,0,0,0,0,0,0,0,0,0,0,0,0,0,0,0,0,0,0,0,0,FINAL (ENTRADA MANUAL)
96,76,1,5,0,0,2,0,0,1,0,5,0,0,2,0,0,0,1,3,0,0,1,0,0,0,0,0,0,0,0,0,4,8,0,FINAL (ENTRADA MANUAL)
96,76,2,0,0,0,0,0,0,0,0,0,0,0,0,0,0,0,0,0,0,0,0,0,0,0,0,0,0,0,0,0,0,0,0,FINAL (ENTRADA MANUAL)
96,76,3,2,0,0,0,0,0,0,0,1,0,0,0,0,0,0,1,1,0,0,0,0,0,0,0,0,0,0,0,0,1,2,0,FINAL (ENTRADA MANUAL)
96,76,4,0,0,0,0,0,0,0,0,0,0,0,0,0,0,0,0,0,0,0,0,0,0,0,0,0,0,0,0,0,0,0,0,FINAL (ENTRADA MANUAL)
96,76,5,0,0,0,0,0,0,0,0,0,0,0,0,0,0,0,0,0,0,0,0,0,0,0,0,0,0,0,0,0,0,0,0,FINAL (ENTRADA MANUAL)
96,76,6,1,0,0,0,0,0,0,0,0,0,0,0,0,0,0,1,0,0,0,0,0,0,0,0,0,0,0,0,0,1,1,0,FINAL (ENTRADA MANUAL)
96,77,1,1,0,0,7,2,0,0,0,1,2,4,1,2,0,0,0,1,0,0,1,2,0,0,0,2,0,0,0,0,4,10,0,FINAL (ENTRADA MANUAL)
96,77,2,1,0,0,0,0,0,0,0,1,0,0,0,0,0,0,0,1,0,0,0,0,0,0,0,0,0,0,0,0,0,1,0,FINAL (ENTRADA MANUAL)
96,77,3,0,0,0,1,0,0,0,0,0,0,1,0,0,0,0,0,0,0,0,0,0,0,0,0,0,0,0,0,0,1,1,0,FINAL (ENTRADA MANUAL)
96,78,1,0,0,0,0,0,0,0,0,0,0,0,0,0,0,0,0,0,0,0,0,0,0,0,0,0,0,0,0,0,0,0,0,FINAL (ENTRADA MANUAL)
96,78,2,3,1,0,1,0,0,0,0,2,1,0,0,0,0,0,2,2,1,0,0,0,0,0,0,0,0,0,0,0,2,5,0,FINAL (ENTRADA MANUAL)
96,78,3,0,0,0,1,0,0,0,0,0,1,0,0,0,0,0,0,0,0,0,0,0,0,0,0,0,0,0,0,0,1,1,0,FINAL (ENTRADA MANUAL)
96,78,4,0,0,0,0,0,0,0,0,0,0,0,0,0,0,0,0,0,0,0,0,0,0,0,0,0,0,0,0,0,0,0,0,FINAL (ENTRADA MANUAL)
97,1,1,86,32,1,74,11,0,0,1,77,52,18,30,11,0,0,17,73,24,0,26,6,1,0,1,4,0,3,0,1,70,209,320,FINAL (ENTRADA MANUAL)
97,1,2,70,17,1,66,5,0,0,0,64,43,17,15,4,1,0,15,60,13,0,12,4,0,0,0,8,0,2,0,0,62,161,320,FINAL (ENTRADA MANUAL)
97,1,3,77,26,0,85,6,0,0,0,66,57,19,28,3,0,0,21,63,18,0,27,3,1,1,0,5,1,1,0,0,75,195,320,FINAL (ENTRADA MANUAL)
97,2,1,81,22,0,57,11,0,0,0,73,42,14,18,10,0,0,14,64,15,0,15,8,1,2,2,4,0,3,0,0,60,174,336,FINAL (ENTRADA MANUAL)
97,2,2,76,24,0,55,10,0,2,2,67,51,16,17,8,0,0,10,61,19,0,13,8,0,0,0,6,0,0,0,0,62,169,337,FINAL (ENTRADA MANUAL)
97,72,1,1,0,0,1,0,0,0,0,1,1,0,0,0,0,0,0,1,0,0,0,0,0,0,0,0,0,0,0,0,1,2,0,FINAL (ENTRADA MANUAL)
97,72,2,0,0,0,0,0,0,0,0,0,0,0,0,0,0,0,0,0,0,0,0,0,0,0,0,0,0,0,0,0,0,0,0,FINAL (ENTRADA MANUAL)
97,72,3,0,0,0,0,0,0,0,0,0,0,0,0,0,0,0,0,0,0,0,0,0,0,0,0,0,0,0,0,0,0,0,0,FINAL (ENTRADA MANUAL)
97,72,4,56,12,0,15,6,0,0,0,52,22,7,1,3,0,0,4,49,12,0,1,3,2,1,0,3,0,0,0,0,18,89,0,FINAL (ENTRADA MANUAL)
97,72,5,1,0,0,0,0,0,0,0,1,0,0,0,0,0,0,0,1,0,0,0,0,0,0,0,0,0,0,0,0,0,1,0,FINAL (ENTRADA MANUAL)
97,72,6,1,0,0,1,0,0,0,0,1,1,0,0,0,0,0,0,1,0,0,0,0,0,0,0,0,0,0,0,0,1,2,0,FINAL (ENTRADA MANUAL)
97,72,7,1,0,0,1,0,0,0,0,2,0,0,0,0,0,0,0,1,0,0,0,0,0,0,0,0,0,0,0,0,1,2,0,FINAL (ENTRADA MANUAL)
97,72,8,1,0,0,0,0,0,0,0,1,0,0,0,0,0,0,0,1,0,0,0,0,0,0,0,0,0,0,0,0,0,1,0,FINAL (ENTRADA MANUAL)
97,72,9,0,0,0,0,0,0,0,0,0,0,0,0,0,0,0,0,0,0,0,0,0,0,0,0,0,0,0,0,0,0,0,0,FINAL (ENTRADA MANUAL)
97,72,10,14,4,0,1,0,0,0,1,14,4,1,0,0,0,0,1,12,3,0,0,0,1,0,1,0,0,0,0,0,3,21,0,FINAL (ENTRADA MANUAL)
97,73,1,5,22,0,1,0,0,0,0,4,20,1,0,0,0,0,3,4,17,0,0,0,0,0,0,0,0,0,0,0,7,28,0,FINAL (ENTRADA MANUAL)
97,73,2,2,4,0,0,0,0,0,0,2,4,0,0,0,0,0,0,2,4,0,0,0,0,0,0,0,0,0,0,0,0,6,0,FINAL (ENTRADA MANUAL)
97,74,1,0,1,0,0,0,0,0,0,0,1,0,0,0,0,0,0,0,1,0,0,0,0,0,0,0,0,0,0,0,0,1,0,FINAL (ENTRADA MANUAL)
97,74,2,0,0,0,0,0,0,0,0,0,0,0,0,0,0,0,0,0,0,0,0,0,0,0,0,0,0,0,0,0,0,0,0,FINAL (ENTRADA MANUAL)
97,75,1,0,0,0,0,0,0,0,0,0,0,0,0,0,0,0,0,0,0,0,0,0,0,0,0,0,0,0,0,0,0,0,0,FINAL (ENTRADA MANUAL)
97,76,1,1,0,0,0,0,0,0,0,1,0,0,0,0,0,0,0,1,0,0,0,0,0,0,0,0,0,0,1,0,0,2,0,FINAL (ENTRADA MANUAL)
97,76,2,0,0,0,0,0,0,0,0,0,0,0,0,0,0,0,0,0,0,0,0,0,0,0,0,0,0,0,0,0,0,0,0,FINAL (ENTRADA MANUAL)
97,76,3,1,0,0,0,0,0,0,0,1,0,0,0,0,0,0,0,1,0,0,0,0,0,0,0,0,0,0,0,0,0,1,0,FINAL (ENTRADA MANUAL)
97,77,1,0,0,0,0,0,0,0,0,0,0,0,0,0,0,0,0,0,0,0,0,0,0,0,0,0,0,0,0,0,0,0,0,FINAL (ENTRADA MANUAL)
97,77,2,5,0,0,0,0,0,0,0,0,0,0,0,0,0,0,0,5,0,0,0,0,0,0,0,0,0,0,0,0,5,5,0,FINAL (ENTRADA MANUAL)
97,78,1,23,5,1,9,1,0,1,0,18,8,4,3,0,0,0,7,16,3,1,2,0,0,0,0,0,0,0,0,1,17,40,0,FINAL (ENTRADA MANUAL)
97,78,2,1,0,0,0,0,0,0,0,0,0,0,0,0,0,0,1,0,0,0,0,0,0,0,0,0,0,0,0,0,1,1,0,FINAL (ENTRADA MANUAL)
97,78,3,0,0,0,0,0,0,0,0,0,0,0,0,0,0,0,0,0,0,0,0,0,0,0,0,0,0,0,0,0,0,0,0,FINAL (ENTRADA MANUAL)
97,78,4,0,0,0,0,0,0,0,0,0,0,0,0,0,0,0,0,0,0,0,0,0,0,0,0,0,0,0,0,0,0,0,0,FINAL (ENTRADA MANUAL)
98,1,1,120,36,1,67,17,0,0,0,94,86,15,13,14,0,0,19,80,32,0,12,11,2,1,1,7,1,0,0,0,94,241,511,FINAL (ENTRADA MANUAL)
98,1,2,81,30,0,70,25,1,0,0,60,79,17,13,23,0,0,15,50,27,0,8,15,0,3,0,7,0,1,1,1,97,210,511,FINAL (ENTRADA MANUAL)
98,1,3,99,40,1,52,23,0,0,0,78,78,20,7,17,0,0,15,61,36,1,7,12,1,2,2,5,0,1,0,1,88,217,511,FINAL (ENTRADA MANUAL)
98,1,4,95,38,0,71,19,2,0,0,75,81,17,16,15,0,0,21,62,30,0,12,11,1,3,0,4,1,1,0,1,101,227,511,FINAL (ENTRADA MANUAL)
98,2,1,90,38,0,63,35,0,2,1,77,81,20,15,24,0,1,11,60,31,0,12,21,2,0,0,12,1,0,0,0,90,229,459,FINAL (ENTRADA MANUAL)
98,3,1,94,27,0,59,22,1,0,0,68,80,5,14,18,1,0,17,64,23,0,14,15,4,1,0,2,0,0,0,0,80,203,526,FINAL (ENTRADA MANUAL)
98,3,2,100,32,2,48,33,0,0,1,85,68,12,13,25,0,0,13,67,23,2,12,20,1,0,0,4,2,1,0,0,85,217,525,FINAL (ENTRADA MANUAL)
98,4,1,37,15,0,14,9,0,0,0,33,21,3,3,9,0,0,6,28,14,0,3,7,1,0,0,2,1,1,0,0,19,76,120,FINAL (ENTRADA MANUAL)
98,5,1,99,31,1,66,18,0,0,0,80,82,17,9,16,0,0,11,65,24,1,8,11,2,3,0,5,1,0,0,0,95,215,451,FINAL (ENTRADA MANUAL)
98,5,2,95,31,0,66,18,0,0,0,84,74,17,11,16,0,0,8,72,26,0,8,12,0,2,0,8,1,0,1,0,81,211,451,FINAL (ENTRADA MANUAL)
98,5,3,91,35,0,70,30,1,1,2,72,86,17,18,16,0,0,21,59,26,0,15,14,3,6,0,3,1,0,0,0,103,230,451,FINAL (ENTRADA MANUAL)
98,5,4,96,34,2,70,26,0,0,0,85,79,16,10,21,0,0,17,77,30,2,9,17,1,3,0,4,2,1,0,1,83,230,452,FINAL (ENTRADA MANUAL)
98,6,1,116,32,0,39,12,0,0,0,101,56,6,11,12,0,0,13,93,27,0,10,8,0,0,0,4,0,0,0,0,57,199,446,FINAL (ENTRADA MANUAL)
98,6,2,113,32,0,45,11,0,0,1,91,56,10,12,14,0,0,19,79,26,0,8,9,0,2,0,4,0,1,0,1,74,204,446,FINAL (ENTRADA MANUAL)
98,6,3,101,26,0,44,12,0,0,1,81,56,11,14,6,0,0,16,74,22,0,13,4,0,0,0,1,0,0,0,0,70,184,447,FINAL (ENTRADA MANUAL)
98,7,1,113,43,2,43,14,0,0,0,92,79,14,7,14,0,0,9,81,34,1,7,7,1,2,0,4,2,0,0,1,76,216,436,FINAL (ENTRADA MANUAL)
98,7,2,95,31,0,57,22,0,0,0,71,76,18,10,12,0,0,18,62,23,0,10,9,1,1,2,3,1,0,0,0,93,205,435,FINAL (ENTRADA MANUAL)
98,72,1,13,22,0,2,1,0,0,0,14,21,0,1,0,0,0,2,12,20,0,1,0,1,0,0,0,0,0,0,0,4,38,0,FINAL (ENTRADA MANUAL)
98,72,2,2,0,0,0,1,0,0,0,2,0,0,0,1,0,0,0,2,0,0,0,1,0,0,0,0,0,0,0,0,0,3,0,FINAL (ENTRADA MANUAL)
98,72,3,134,94,0,58,10,0,0,2,120,140,18,5,6,0,0,9,105,78,0,3,4,5,5,1,9,0,0,0,5,88,303,0,FINAL (ENTRADA MANUAL)
98,72,4,19,12,0,2,1,0,1,0,19,12,0,2,1,0,1,0,19,11,0,2,1,0,0,0,0,0,0,0,0,2,35,0,FINAL (ENTRADA MANUAL)
98,72,5,3,10,0,3,0,0,0,0,3,11,2,0,0,0,0,0,3,7,0,0,0,0,0,0,1,0,0,0,0,5,16,0,FINAL (ENTRADA MANUAL)
98,72,6,0,5,0,1,0,0,0,0,0,5,0,1,0,0,0,0,0,4,0,1,0,0,0,0,0,0,0,0,0,1,6,0,FINAL (ENTRADA MANUAL)
98,72,7,4,0,0,0,1,0,0,0,3,0,0,0,0,0,0,2,3,0,0,0,0,0,0,0,0,0,0,0,0,2,5,0,FINAL (ENTRADA MANUAL)
98,73,1,514,167,4,35,32,0,0,5,459,180,10,9,19,0,0,80,411,132,3,6,15,6,2,0,5,1,0,0,0,176,757,0,FINAL (ENTRADA MANUAL)
98,73,2,0,0,0,0,0,0,0,0,0,0,0,0,0,0,0,0,0,0,0,0,0,0,0,0,0,0,0,0,0,0,0,0,FINAL (ENTRADA MANUAL)
98,73,3,0,0,0,0,0,0,0,0,0,0,0,0,0,0,0,0,0,0,0,0,0,0,0,0,0,0,0,0,0,0,0,0,FINAL (ENTRADA MANUAL)
98,73,4,5,0,0,1,2,0,0,0,3,3,0,0,0,0,0,2,1,0,0,0,0,0,0,0,0,0,1,0,5,7,14,0,FINAL (ENTRADA MANUAL)
98,74,1,0,1,0,0,0,0,0,0,0,1,0,0,0,0,0,0,0,1,0,0,0,0,0,0,0,0,0,0,0,0,1,0,FINAL (ENTRADA MANUAL)
98,74,2,0,0,0,0,0,0,0,0,0,0,0,0,0,0,0,0,0,0,0,0,0,0,0,0,0,0,0,0,0,0,0,0,FINAL (ENTRADA MANUAL)
98,75,1,0,0,0,0,0,0,0,0,0,0,0,0,0,0,0,0,0,0,0,0,0,0,0,0,0,0,0,0,0,0,0,0,FINAL (ENTRADA MANUAL)
98,76,1,7,1,0,0,0,0,0,0,6,1,0,0,0,0,0,1,5,0,0,0,0,0,0,0,0,0,0,0,0,3,8,0,FINAL (ENTRADA MANUAL)
98,76,2,0,0,0,0,0,0,0,0,0,0,0,0,0,0,0,0,0,0,0,0,0,0,0,0,0,0,0,0,0,0,0,0,FINAL (ENTRADA MANUAL)
98,76,3,2,0,0,1,0,0,0,0,2,1,0,0,0,0,0,0,2,0,0,0,0,0,0,0,0,0,0,0,0,1,3,0,FINAL (ENTRADA MANUAL)
98,77,1,0,0,0,0,0,0,0,0,0,0,0,0,0,0,0,0,0,0,0,0,0,0,0,0,0,0,0,0,0,0,0,0,FINAL (ENTRADA MANUAL)
98,77,2,7,1,0,7,1,0,0,0,6,4,4,1,1,0,0,0,3,1,0,1,1,1,0,1,0,0,0,0,0,8,16,0,FINAL (ENTRADA MANUAL)
98,77,3,2,0,0,3,0,0,0,0,2,0,0,3,0,0,0,0,2,0,0,0,0,0,0,0,0,0,0,0,0,3,5,0,FINAL (ENTRADA MANUAL)
98,77,4,0,0,0,1,0,0,0,0,0,1,0,0,0,0,0,0,0,0,0,0,0,0,1,0,0,0,0,0,0,0,1,0,FINAL (ENTRADA MANUAL)
98,78,1,13,6,0,8,2,0,1,0,11,9,3,3,2,0,0,2,10,5,0,0,2,0,0,0,2,0,0,0,0,11,30,0,FINAL (ENTRADA MANUAL)
98,78,2,7,0,0,0,0,0,0,0,6,0,1,0,0,0,0,0,5,0,0,0,0,0,0,0,0,0,0,0,0,2,7,0,FINAL (ENTRADA MANUAL)
98,78,3,3,0,0,1,0,0,0,0,3,0,0,1,0,0,0,0,3,0,0,1,0,0,0,0,0,0,0,0,0,0,4,0,FINAL (ENTRADA MANUAL)
98,78,4,0,0,0,0,0,0,0,0,0,0,0,0,0,0,0,0,0,0,0,0,0,0,0,0,0,0,0,0,0,0,0,0,FINAL (ENTRADA MANUAL)
99,1,1,101,48,0,74,23,1,1,0,82,94,23,15,19,0,0,15,69,38,0,13,16,1,2,0,8,2,0,0,0,99,248,499,FINAL (ENTRADA MANUAL)
99,1,2,119,24,0,97,38,0,0,0,97,101,17,20,31,0,0,12,83,19,0,16,27,1,1,0,8,0,0,0,1,123,279,499,FINAL (ENTRADA MANUAL)
99,2,1,100,44,0,56,15,0,0,1,78,96,8,9,11,0,0,14,64,32,0,8,8,2,0,0,4,1,4,1,0,97,221,496,FINAL (ENTRADA MANUAL)
99,2,2,95,30,0,60,17,0,0,0,78,65,19,14,13,0,0,13,66,27,0,14,11,0,1,0,3,0,0,0,0,80,202,497,FINAL (ENTRADA MANUAL)
99,3,1,90,34,1,75,25,0,1,0,72,85,16,13,22,0,0,18,65,26,0,11,14,2,3,0,9,1,0,0,0,95,226,483,FINAL (ENTRADA MANUAL)
99,3,2,96,28,0,64,22,0,0,1,79,73,18,9,18,0,0,14,70,24,0,7,12,4,2,0,2,0,0,0,0,90,211,483,FINAL (ENTRADA MANUAL)
99,3,3,95,38,2,69,16,0,0,0,72,96,14,9,11,0,0,18,67,34,0,7,8,1,0,0,7,1,0,0,0,95,220,483,FINAL (ENTRADA MANUAL)
99,3,4,100,35,0,60,11,0,0,1,80,75,17,12,9,0,0,14,69,25,0,11,7,4,0,0,4,1,1,0,0,86,208,483,FINAL (ENTRADA MANUAL)
99,3,5,100,29,0,53,11,0,0,2,78,64,10,12,11,0,0,20,66,22,0,11,9,1,2,1,3,0,1,0,0,80,196,483,FINAL (ENTRADA MANUAL)
99,3,6,91,44,0,53,24,0,0,0,85,72,19,15,15,0,0,6,77,36,0,15,12,2,0,0,6,0,0,0,0,64,212,483,FINAL (ENTRADA MANUAL)
99,3,7,82,28,0,77,16,0,0,1,70,73,17,16,11,0,0,17,64,17,0,14,10,0,4,0,0,1,1,0,0,94,205,484,FINAL (ENTRADA MANUAL)
99,4,1,112,35,0,46,14,0,0,0,99,64,11,6,14,0,0,13,87,28,0,5,11,0,2,0,4,0,1,0,1,70,209,504,FINAL (ENTRADA MANUAL)
99,5,1,122,30,1,69,15,0,1,1,99,65,29,17,19,0,0,10,91,23,1,15,12,1,1,0,7,0,1,0,0,88,240,522,FINAL (ENTRADA MANUAL)
99,5,2,108,26,1,62,19,0,1,0,93,68,18,12,13,0,0,13,74,14,0,9,12,1,0,0,5,1,1,0,0,101,218,522,FINAL (ENTRADA MANUAL)
99,5,3,101,28,0,63,17,0,1,0,89,81,11,9,12,0,0,8,74,19,0,7,8,1,1,0,9,1,1,0,0,90,211,522,FINAL (ENTRADA MANUAL)
99,5,4,116,34,0,64,25,0,0,0,99,81,11,15,18,0,0,15,85,26,0,12,13,2,1,0,6,1,2,2,1,93,244,523,FINAL (ENTRADA MANUAL)
99,6,1,97,46,0,80,26,0,0,1,72,108,17,18,20,0,0,15,64,39,0,17,14,1,0,0,6,0,0,0,0,109,250,472,FINAL (ENTRADA MANUAL)
99,6,2,85,54,1,78,26,0,0,1,67,117,20,11,21,1,0,8,60,42,1,5,13,2,0,0,7,0,1,0,0,115,246,472,FINAL (ENTRADA MANUAL)
99,6,3,95,43,0,72,29,0,0,1,75,92,22,10,29,0,0,12,64,32,0,8,21,1,0,0,9,0,3,0,1,105,244,472,FINAL (ENTRADA MANUAL)
99,6,4,90,37,0,79,23,0,0,2,62,102,20,13,22,0,0,12,56,26,0,10,13,4,1,0,4,0,3,0,1,117,235,472,FINAL (ENTRADA MANUAL)
99,6,5,126,37,0,76,18,0,0,0,94,98,16,12,21,0,0,16,80,23,0,8,13,2,1,0,2,0,0,0,0,128,257,473,FINAL (ENTRADA MANUAL)
99,7,1,114,43,0,90,23,0,1,2,90,95,33,10,21,0,0,24,74,34,0,10,14,1,4,0,1,1,0,0,0,134,273,516,FINAL (ENTRADA MANUAL)
99,7,2,110,30,0,87,29,0,0,2,85,97,22,19,21,0,0,14,71,28,0,16,14,3,5,0,5,2,2,0,0,114,260,516,FINAL (ENTRADA MANUAL)
99,7,3,115,34,2,97,18,0,0,2,93,106,27,14,14,0,0,14,80,31,1,13,13,3,3,0,12,0,1,0,0,112,269,516,FINAL (ENTRADA MANUAL)
99,7,4,134,29,0,73,16,1,0,1,113,77,26,12,11,0,0,15,98,27,0,9,7,1,1,0,6,0,0,0,0,105,254,517,FINAL (ENTRADA MANUAL)
99,8,1,80,25,3,38,7,0,0,0,72,56,10,2,8,0,0,5,69,22,1,2,5,0,1,0,2,1,1,1,0,50,155,310,FINAL (ENTRADA MANUAL)
99,8,2,66,31,0,57,9,0,0,2,58,67,8,14,8,0,0,10,52,28,0,10,6,0,0,0,3,0,0,0,0,66,165,311,FINAL (ENTRADA MANUAL)
99,9,1,117,33,0,87,18,0,0,2,102,91,25,16,14,0,0,9,79,27,0,12,11,1,2,1,13,1,0,0,0,110,257,463,FINAL (ENTRADA MANUAL)
99,9,2,111,33,0,88,15,0,0,0,98,98,19,16,10,0,0,6,82,23,0,14,6,1,1,0,4,1,0,0,0,115,247,463,FINAL (ENTRADA MANUAL)
99,9,3,88,37,0,94,23,0,1,0,78,102,24,12,19,1,0,7,61,32,0,8,12,0,0,0,9,1,0,0,0,120,243,463,FINAL (ENTRADA MANUAL)
99,9,4,108,32,0,98,22,0,0,0,93,96,29,15,19,0,0,8,81,29,0,15,9,1,0,0,11,0,0,0,0,114,260,463,FINAL (ENTRADA MANUAL)
99,9,5,118,46,1,70,21,0,0,1,96,105,19,11,11,0,0,15,79,39,1,9,10,0,1,0,4,0,1,0,0,114,258,461,FINAL (ENTRADA MANUAL)
99,10,1,119,33,0,73,18,0,0,0,98,86,28,9,12,0,0,10,92,29,0,7,8,3,2,1,6,1,1,0,1,94,245,453,FINAL (ENTRADA MANUAL)
99,10,2,79,37,0,90,18,0,0,0,60,97,27,16,14,0,0,10,49,26,0,14,9,2,1,0,6,0,0,0,0,117,224,453,FINAL (ENTRADA MANUAL)
99,10,3,88,32,0,104,18,0,0,1,67,95,35,15,16,0,0,15,60,26,0,14,11,1,2,1,8,2,0,0,0,118,243,452,FINAL (ENTRADA MANUAL)
99,11,1,92,38,0,40,17,0,0,3,69,75,17,8,8,0,0,13,60,32,0,7,4,2,1,0,3,2,0,0,0,79,190,352,FINAL (ENTRADA MANUAL)
99,11,2,92,35,0,29,15,0,0,2,79,52,5,3,9,0,0,25,74,22,0,2,6,0,0,0,0,1,0,0,0,68,173,353,FINAL (ENTRADA MANUAL)
99,72,1,25,9,0,6,2,0,0,0,24,17,0,0,1,0,0,0,22,6,0,0,1,0,0,0,0,0,0,0,0,13,42,0,FINAL (ENTRADA MANUAL)
99,72,2,9,4,0,0,0,0,0,0,9,4,0,0,0,0,0,0,9,4,0,0,0,0,0,0,0,0,0,0,0,0,13,0,FINAL (ENTRADA MANUAL)
99,72,3,97,47,0,55,21,1,0,0,90,81,22,7,17,0,0,4,81,42,0,6,15,2,2,1,4,0,0,0,0,68,221,0,FINAL (ENTRADA MANUAL)
99,72,4,16,17,0,9,3,0,0,0,13,28,2,1,0,0,0,1,13,17,0,1,0,0,1,0,1,1,0,0,0,11,45,0,FINAL (ENTRADA MANUAL)
99,72,5,21,19,0,3,2,0,0,1,20,20,2,0,2,0,0,2,14,15,0,0,1,1,0,0,1,0,0,0,0,14,46,0,FINAL (ENTRADA MANUAL)
99,72,6,4,7,0,1,0,0,0,0,4,7,1,0,0,0,0,0,4,7,0,0,0,0,0,0,0,0,0,0,0,1,12,0,FINAL (ENTRADA MANUAL)
99,72,7,3,0,0,2,0,0,0,0,4,0,1,0,0,0,0,0,3,0,0,0,0,0,0,0,0,0,0,0,0,2,5,0,FINAL (ENTRADA MANUAL)
99,73,1,540,154,0,39,13,0,0,2,487,178,7,7,9,0,0,60,451,131,0,7,5,2,5,1,6,0,0,0,0,140,748,0,FINAL (ENTRADA MANUAL)
99,73,2,0,0,0,0,0,0,0,0,0,0,0,0,0,0,0,0,0,0,0,0,0,0,0,0,0,0,0,0,0,0,0,0,FINAL (ENTRADA MANUAL)
99,73,3,0,0,0,0,0,0,0,0,0,0,0,0,0,0,0,0,0,0,0,0,0,0,0,0,0,0,0,0,0,0,0,0,FINAL (ENTRADA MANUAL)
99,73,4,4,4,0,1,0,0,0,1,3,5,0,1,0,0,0,1,3,4,0,1,0,0,0,0,0,0,1,0,0,1,10,0,FINAL (ENTRADA MANUAL)
99,74,1,0,0,0,0,0,0,0,0,0,0,0,0,0,0,0,0,0,0,0,0,0,0,0,0,0,0,0,0,0,0,0,0,FINAL (ENTRADA MANUAL)
99,74,2,0,0,0,0,0,0,0,0,0,0,0,0,0,0,0,0,0,0,0,0,0,0,0,0,0,0,0,0,0,0,0,0,FINAL (ENTRADA MANUAL)
99,75,1,0,0,0,0,0,0,0,0,0,0,0,0,0,0,0,0,0,0,0,0,0,0,0,0,0,0,0,0,0,0,0,0,FINAL (ENTRADA MANUAL)
99,76,1,23,3,0,1,2,0,0,0,18,2,1,0,2,0,1,5,13,1,0,0,1,0,0,0,0,0,1,0,0,14,30,0,FINAL (ENTRADA MANUAL)
99,76,2,0,0,0,0,0,0,0,0,0,0,0,0,0,0,0,0,0,0,0,0,0,0,0,0,0,0,0,0,0,0,0,0,FINAL (ENTRADA MANUAL)
99,76,3,6,0,1,0,0,0,0,0,6,0,1,0,0,0,0,0,5,0,0,0,0,0,0,0,0,0,0,0,0,2,7,0,FINAL (ENTRADA MANUAL)
99,76,4,0,0,0,0,0,0,0,0,0,0,0,0,0,0,0,0,0,0,0,0,0,0,0,0,0,0,0,0,0,0,0,0,FINAL (ENTRADA MANUAL)
99,76,5,1,0,0,0,0,0,0,0,1,0,0,0,0,0,0,0,0,0,0,0,0,0,0,0,0,0,0,0,0,1,1,0,FINAL (ENTRADA MANUAL)
99,77,1,2,0,0,5,0,0,0,0,2,2,1,2,0,0,0,0,2,0,0,2,0,0,0,0,2,0,0,0,0,1,7,0,FINAL (ENTRADA MANUAL)
99,77,2,3,4,0,21,0,0,0,0,3,10,12,2,0,0,0,1,3,4,0,2,0,0,0,0,5,0,0,0,0,14,28,0,FINAL (ENTRADA MANUAL)
99,77,3,0,0,0,0,0,0,0,0,0,0,0,0,0,0,0,0,0,0,0,0,0,0,0,0,0,0,0,0,0,0,0,0,FINAL (ENTRADA MANUAL)
99,77,4,5,3,0,1,0,0,0,0,5,3,1,1,0,0,0,0,5,3,0,0,0,0,0,0,0,0,0,0,0,1,9,0,FINAL (ENTRADA MANUAL)
99,78,1,47,10,0,19,2,0,0,1,30,27,4,3,1,0,0,14,26,8,0,2,1,3,0,0,3,0,0,1,0,36,80,0,FINAL (ENTRADA MANUAL)
99,78,2,10,0,0,3,1,0,0,2,7,2,0,2,2,0,0,3,5,0,0,1,1,0,0,0,0,0,1,0,0,8,16,0,FINAL (ENTRADA MANUAL)
99,78,3,9,2,0,2,0,0,0,0,9,2,0,2,0,0,0,0,7,2,0,2,0,0,0,0,0,0,0,0,0,2,13,0,FINAL (ENTRADA MANUAL)
99,78,4,0,0,0,1,0,0,0,0,0,1,0,0,0,0,0,0,0,0,0,0,0,0,0,0,0,0,0,0,0,1,1,0,FINAL (ENTRADA MANUAL)
100,1,1,80,69,0,62,7,0,0,3,62,119,19,9,5,0,0,7,59,62,0,7,4,2,1,1,6,0,0,1,0,79,222,484,FINAL (ENTRADA MANUAL)
100,1,2,92,46,0,75,9,0,0,0,75,89,30,13,5,0,0,10,70,42,0,12,5,2,0,0,11,1,1,0,0,79,223,485,FINAL (ENTRADA MANUAL)
100,2,1,49,45,0,23,4,0,0,1,40,57,7,3,4,0,0,11,37,38,0,2,3,1,0,0,3,0,1,0,0,38,123,298,FINAL (ENTRADA MANUAL)
100,3,1,108,58,0,26,17,0,1,1,87,71,4,2,24,0,0,23,79,46,0,2,16,0,0,0,6,0,0,1,0,62,212,417,FINAL (ENTRADA MANUAL)
100,4,1,100,45,0,60,22,0,0,0,82,93,16,14,18,0,0,4,75,41,0,13,13,0,0,0,5,0,0,0,1,80,228,435,FINAL (ENTRADA MANUAL)
100,4,2,86,49,0,50,34,0,0,1,67,78,22,10,29,0,0,14,64,45,0,8,21,1,0,1,4,1,0,0,0,75,220,435,FINAL (ENTRADA MANUAL)
100,4,3,103,41,0,63,20,0,0,1,87,89,19,12,15,0,0,6,74,37,0,11,9,2,1,1,5,1,0,0,0,87,228,434,FINAL (ENTRADA MANUAL)
100,5,1,81,40,0,96,21,1,0,0,65,94,37,14,19,0,0,10,55,38,0,11,13,1,2,2,11,2,0,0,0,104,239,408,FINAL (ENTRADA MANUAL)
100,5,2,86,36,0,87,14,1,0,0,70,89,26,19,12,0,0,8,61,32,0,13,9,2,1,1,10,2,0,0,0,93,224,408,FINAL (ENTRADA MANUAL)
100,5,3,76,27,0,78,28,0,0,0,59,83,17,17,21,0,0,12,55,24,0,14,15,3,1,2,2,1,0,0,0,92,209,408,FINAL (ENTRADA MANUAL)
100,5,4,90,32,0,80,26,0,1,1,72,90,21,15,25,0,0,7,65,26,0,13,14,3,4,0,5,2,0,0,0,98,230,408,FINAL (ENTRADA MANUAL)
100,5,5,54,40,0,85,12,0,0,0,43,94,24,15,8,0,1,6,35,36,0,14,6,1,1,0,11,2,2,2,1,85,196,406,FINAL (ENTRADA MANUAL)
100,6,1,88,42,1,80,23,0,0,0,71,105,24,10,20,0,0,4,66,39,1,9,15,1,1,0,8,0,1,0,0,94,235,385,FINAL (ENTRADA MANUAL)
100,6,2,73,36,0,78,18,1,0,1,59,84,29,13,14,1,0,7,56,32,0,10,9,2,2,0,6,1,0,0,0,89,207,385,FINAL (ENTRADA MANUAL)
100,6,3,74,31,1,73,18,0,0,0,68,78,22,14,11,0,0,4,59,28,0,13,11,1,1,1,4,0,1,0,0,79,198,384,FINAL (ENTRADA MANUAL)
100,7,1,80,68,0,50,12,0,0,2,63,95,15,11,11,0,0,17,56,61,0,10,8,0,1,0,4,0,0,0,0,72,212,423,FINAL (ENTRADA MANUAL)
100,7,2,90,56,0,39,19,0,0,0,76,84,11,7,14,0,0,12,57,53,0,7,7,0,2,0,3,0,2,0,1,75,207,423,FINAL (ENTRADA MANUAL)
100,7,3,76,53,0,31,21,0,0,0,62,77,11,3,11,0,0,17,47,43,0,2,8,1,0,1,2,1,1,0,0,76,182,422,FINAL (ENTRADA MANUAL)
100,8,1,70,62,0,37,10,0,0,0,55,82,5,8,10,0,0,19,48,60,0,7,7,0,0,0,0,0,2,0,0,57,181,391,FINAL (ENTRADA MANUAL)
100,8,2,72,40,0,24,17,0,0,0,59,68,7,3,15,0,0,1,57,40,0,3,13,1,2,0,1,0,0,0,0,36,153,391,FINAL (ENTRADA MANUAL)
100,8,3,70,58,1,38,8,0,0,0,58,82,9,10,5,0,0,11,55,52,1,8,5,0,1,0,1,0,1,0,0,52,176,390,FINAL (ENTRADA MANUAL)
100,9,1,91,50,0,64,19,0,0,0,83,93,17,9,14,0,0,8,77,39,0,5,12,1,0,0,7,0,1,0,0,83,225,381,FINAL (ENTRADA MANUAL)
100,9,2,101,34,0,49,9,1,0,0,76,59,21,10,4,1,0,23,66,27,0,7,4,1,0,0,3,0,4,0,0,86,198,381,FINAL (ENTRADA MANUAL)
100,10,1,76,52,0,82,25,0,0,2,63,111,21,12,21,0,0,9,54,44,0,12,16,0,2,1,4,1,1,0,0,103,238,398,FINAL (ENTRADA MANUAL)
100,10,2,68,33,0,71,21,5,0,0,60,86,15,11,20,0,0,6,44,29,0,9,13,1,1,0,4,0,0,0,0,97,198,398,FINAL (ENTRADA MANUAL)
100,10,3,74,43,1,55,20,0,1,0,61,77,18,12,16,0,0,10,56,38,1,11,12,1,0,0,3,0,2,0,0,72,196,398,FINAL (ENTRADA MANUAL)
100,10,4,45,46,0,77,18,0,0,0,35,88,25,15,13,0,0,10,31,36,0,10,8,0,3,1,4,0,0,0,0,93,186,397,FINAL (ENTRADA MANUAL)
100,72,1,43,8,0,5,3,1,0,0,42,12,2,0,3,0,0,1,39,8,0,0,2,1,0,0,1,0,0,0,0,9,60,0,FINAL (ENTRADA MANUAL)
100,72,2,7,1,0,0,0,1,0,0,8,1,0,0,0,0,0,0,7,0,0,0,0,1,0,0,0,0,0,0,0,1,9,0,FINAL (ENTRADA MANUAL)
100,72,3,230,67,0,42,22,1,1,1,218,99,8,8,15,0,1,15,194,63,0,6,13,2,1,0,5,0,0,0,0,80,364,0,FINAL (ENTRADA MANUAL)
100,72,4,56,11,0,7,4,0,0,1,52,16,2,1,4,0,0,4,49,10,0,1,4,0,0,0,0,0,0,0,0,15,79,0,FINAL (ENTRADA MANUAL)
100,72,5,5,0,0,0,0,0,0,0,5,0,0,0,0,0,0,0,5,0,0,0,0,0,0,0,0,0,0,0,0,0,5,0,FINAL (ENTRADA MANUAL)
100,72,6,2,0,0,0,0,0,0,0,2,0,0,0,0,0,0,0,2,0,0,0,0,0,0,0,0,0,0,0,0,0,2,0,FINAL (ENTRADA MANUAL)
100,72,7,11,3,0,3,0,0,0,0,11,3,2,0,0,0,0,1,11,3,0,0,0,0,0,0,0,0,0,0,0,3,17,0,FINAL (ENTRADA MANUAL)
100,73,1,81,272,0,18,8,0,0,4,64,268,4,4,5,0,0,38,57,234,0,3,5,0,1,0,1,0,4,0,0,82,383,0,FINAL (ENTRADA MANUAL)
100,73,2,0,0,0,0,0,0,0,0,0,0,0,0,0,0,0,0,0,0,0,0,0,0,0,0,0,0,0,0,0,0,0,0,FINAL (ENTRADA MANUAL)
100,73,3,1,3,0,0,0,0,0,0,1,3,0,0,0,0,0,0,1,3,0,0,0,0,0,0,0,0,0,0,0,0,4,0,FINAL (ENTRADA MANUAL)
100,74,1,1,0,0,0,0,0,0,0,0,0,0,0,0,0,0,1,0,0,0,0,0,0,0,0,0,0,0,0,0,1,1,0,FINAL (ENTRADA MANUAL)
100,74,2,0,0,0,0,0,0,0,0,0,0,0,0,0,0,0,0,0,0,0,0,0,0,0,0,0,0,0,0,0,0,0,0,FINAL (ENTRADA MANUAL)
100,75,1,0,0,0,0,0,0,0,0,0,0,0,0,0,0,0,0,0,0,0,0,0,0,0,0,0,0,0,0,0,0,0,0,FINAL (ENTRADA MANUAL)
100,76,1,7,0,0,0,0,0,0,0,7,0,0,0,0,0,0,0,4,0,0,0,0,0,0,0,0,0,0,0,0,3,7,0,FINAL (ENTRADA MANUAL)
100,76,2,0,0,0,0,0,0,0,0,0,0,0,0,0,0,0,0,0,0,0,0,0,0,0,0,0,0,0,0,0,0,0,0,FINAL (ENTRADA MANUAL)
100,76,3,3,0,0,2,0,0,0,0,3,1,0,1,0,0,0,0,3,0,0,1,0,0,0,0,0,0,0,0,0,1,5,0,FINAL (ENTRADA MANUAL)
100,77,1,1,1,0,0,0,0,0,0,1,1,0,0,0,0,0,0,1,1,0,0,0,0,0,0,0,0,0,0,0,0,2,0,FINAL (ENTRADA MANUAL)
100,77,2,4,4,0,16,2,0,0,0,6,8,8,1,3,0,0,0,4,2,0,1,2,1,0,0,5,0,0,0,0,11,26,0,FINAL (ENTRADA MANUAL)
100,78,1,17,10,0,18,5,0,0,0,14,20,5,3,3,0,0,5,12,9,0,3,3,0,0,0,4,0,0,0,0,19,50,0,FINAL (ENTRADA MANUAL)
100,78,2,3,2,0,0,0,0,0,0,3,2,0,0,0,0,0,0,0,2,0,0,0,0,0,0,0,0,0,0,0,3,5,0,FINAL (ENTRADA MANUAL)
100,78,3,5,2,0,2,1,0,0,0,3,2,0,2,2,0,0,1,3,1,0,2,1,0,0,0,0,0,0,0,0,3,10,0,FINAL (ENTRADA MANUAL)
100,78,4,0,0,0,0,0,0,0,0,0,0,0,0,0,0,0,0,0,0,0,0,0,0,0,0,0,0,0,0,0,0,0,0,FINAL (ENTRADA MANUAL)
101,1,1,71,36,0,72,20,0,0,0,59,86,22,12,14,0,0,6,51,31,0,11,13,2,1,2,10,0,0,1,0,78,200,424,FINAL (ENTRADA MANUAL)
101,1,2,79,41,0,82,19,1,0,2,60,101,26,9,8,1,0,19,54,33,0,8,8,2,1,0,3,0,0,0,0,115,224,424,FINAL (ENTRADA MANUAL)
101,1,3,93,49,0,68,20,0,0,0,76,94,24,15,14,0,0,7,65,45,0,13,10,1,0,1,7,0,0,0,1,88,231,424,FINAL (ENTRADA MANUAL)
101,1,4,87,48,0,60,25,0,0,0,71,88,22,9,22,0,0,8,55,41,0,8,20,2,2,0,4,0,0,0,0,88,220,423,FINAL (ENTRADA MANUAL)
101,2,1,100,58,1,50,31,0,0,0,79,86,24,4,25,0,0,22,65,51,1,4,21,0,2,0,4,0,2,0,1,92,243,562,FINAL (ENTRADA MANUAL)
101,2,2,105,62,0,50,19,1,1,2,86,97,11,9,16,1,0,20,66,57,0,7,13,2,2,0,6,1,0,1,0,86,241,562,FINAL (ENTRADA MANUAL)
101,2,3,92,79,0,38,21,0,0,1,74,107,9,10,14,0,0,17,62,74,0,6,13,1,0,0,0,0,1,0,0,75,232,562,FINAL (ENTRADA MANUAL)
101,2,4,95,66,0,70,19,0,0,0,80,113,17,12,13,0,0,15,68,54,0,12,5,2,1,0,7,2,0,0,1,99,251,563,FINAL (ENTRADA MANUAL)
101,3,1,85,37,0,84,21,0,1,1,72,87,31,14,16,0,0,9,59,33,0,12,12,2,1,0,12,1,0,0,0,97,229,356,FINAL (ENTRADA MANUAL)
101,3,2,68,25,0,98,25,1,0,0,55,103,21,18,12,1,0,7,46,25,0,16,10,3,2,1,6,2,1,0,0,106,218,356,FINAL (ENTRADA MANUAL)
101,3,3,65,21,0,96,30,1,1,0,52,95,28,10,22,1,0,6,48,20,0,9,14,2,3,1,7,0,1,0,0,110,215,355,FINAL (ENTRADA MANUAL)
101,72,1,6,3,0,3,0,0,0,0,6,1,3,0,0,0,0,2,5,1,0,0,0,0,0,0,0,0,0,0,0,6,12,0,FINAL (ENTRADA MANUAL)
101,72,2,1,2,0,0,0,0,0,1,1,2,0,0,0,0,0,1,1,2,0,0,0,0,0,0,0,0,1,0,0,0,4,0,FINAL (ENTRADA MANUAL)
101,72,3,65,16,0,36,2,1,2,1,60,27,23,5,4,0,1,3,54,10,0,5,1,5,1,0,6,0,0,0,1,41,124,0,FINAL (ENTRADA MANUAL)
101,72,4,8,6,0,5,0,0,0,1,7,8,3,1,0,0,0,0,7,6,0,1,0,0,0,0,2,0,1,0,0,3,20,0,FINAL (ENTRADA MANUAL)
101,72,5,0,1,0,1,0,0,0,0,0,1,1,0,0,0,0,0,0,1,0,0,0,0,0,0,0,0,0,0,0,1,2,0,FINAL (ENTRADA MANUAL)
101,72,6,1,0,0,0,0,0,0,0,1,0,0,0,0,0,0,0,1,0,0,0,0,0,0,0,0,0,0,0,0,0,1,0,FINAL (ENTRADA MANUAL)
101,72,7,1,1,0,0,0,0,0,0,1,1,0,0,0,0,0,0,1,1,0,0,0,0,0,0,0,0,0,0,0,0,2,0,FINAL (ENTRADA MANUAL)
101,73,1,52,130,0,5,8,0,0,0,45,126,3,0,6,0,0,15,39,117,0,0,3,1,0,0,0,1,0,0,0,34,195,0,FINAL (ENTRADA MANUAL)
101,73,2,22,44,0,4,1,0,0,0,19,43,3,2,1,0,0,4,18,39,0,1,1,0,0,1,1,0,4,5,0,10,80,0,FINAL (ENTRADA MANUAL)
101,74,1,1,0,0,0,0,0,0,0,1,0,0,0,0,0,0,0,1,0,0,0,0,0,0,0,0,0,0,0,0,0,1,0,FINAL (ENTRADA MANUAL)
101,74,2,0,0,0,0,0,0,0,0,0,0,0,0,0,0,0,0,0,0,0,0,0,0,0,0,0,0,0,0,0,0,0,0,FINAL (ENTRADA MANUAL)
101,75,1,0,0,0,0,0,0,0,0,0,0,0,0,0,0,0,0,0,0,0,0,0,0,0,0,0,0,0,0,0,0,0,0,FINAL (ENTRADA MANUAL)
101,76,1,5,0,0,0,0,0,0,0,3,0,0,0,0,0,0,2,3,0,0,0,0,0,0,0,0,0,0,0,0,2,5,0,FINAL (ENTRADA MANUAL)
101,76,2,0,0,0,0,0,0,0,0,0,0,0,0,0,0,0,0,0,0,0,0,0,0,0,0,0,0,0,0,0,0,0,0,FINAL (ENTRADA MANUAL)
101,76,3,2,0,0,0,0,0,0,0,2,0,0,0,0,0,0,0,2,0,0,0,0,0,0,0,0,0,0,0,0,0,2,0,FINAL (ENTRADA MANUAL)
101,76,4,0,0,0,0,0,0,0,0,0,0,0,0,0,0,0,0,0,0,0,0,0,0,0,0,0,0,0,0,0,0,0,0,FINAL (ENTRADA MANUAL)
101,77,1,0,0,0,0,0,0,0,0,0,0,0,0,0,0,0,0,0,0,0,0,0,0,0,0,0,0,0,0,0,0,0,0,FINAL (ENTRADA MANUAL)
101,77,2,2,0,0,5,0,0,0,0,2,1,3,1,0,0,0,0,2,0,0,1,0,0,0,0,3,0,0,0,0,2,8,0,FINAL (ENTRADA MANUAL)
101,77,3,2,0,0,5,0,0,0,0,2,0,2,3,0,0,0,0,1,0,0,3,0,0,0,0,0,0,0,0,0,3,7,0,FINAL (ENTRADA MANUAL)
101,77,4,4,0,0,3,1,0,0,0,4,1,3,0,0,0,0,0,4,0,0,0,0,0,0,0,0,0,0,0,0,4,8,0,FINAL (ENTRADA MANUAL)
101,78,1,27,12,0,6,5,0,0,0,23,17,0,3,3,0,0,4,21,10,0,3,3,0,0,0,0,0,1,0,0,13,51,0,FINAL (ENTRADA MANUAL)
101,78,2,4,2,0,1,0,0,0,0,7,0,0,0,0,0,0,0,3,0,0,0,0,0,0,0,1,0,0,0,0,3,7,0,FINAL (ENTRADA MANUAL)
101,78,3,2,1,0,0,0,0,0,0,2,1,0,0,0,0,0,0,2,1,0,0,0,0,0,0,0,0,0,0,0,0,3,0,FINAL (ENTRADA MANUAL)
101,78,4,0,0,0,0,0,0,0,0,0,0,0,0,0,0,0,0,0,0,0,0,0,0,0,0,0,0,0,0,0,0,0,0,FINAL (ENTRADA MANUAL)
102,1,1,77,35,0,35,13,0,0,0,67,61,8,6,9,0,0,9,63,31,0,6,7,1,1,0,2,1,0,0,0,48,160,320,FINAL (ENTRADA MANUAL)
102,1,2,72,39,0,28,18,1,0,0,52,62,7,4,13,0,0,20,44,31,0,3,11,0,1,0,1,0,1,0,0,67,159,321,FINAL (ENTRADA MANUAL)
102,2,1,74,34,0,28,10,0,1,1,47,57,8,7,9,0,0,20,43,31,0,7,8,0,1,0,2,0,0,0,0,56,148,421,FINAL (ENTRADA MANUAL)
102,3,1,79,46,0,83,14,0,0,0,62,112,16,11,12,0,0,9,48,39,0,9,9,2,2,0,3,0,0,0,0,110,222,390,FINAL (ENTRADA MANUAL)
102,3,2,87,44,0,73,27,0,0,1,70,100,20,13,23,0,0,6,57,37,0,11,13,0,0,0,7,0,0,0,0,107,232,390,FINAL (ENTRADA MANUAL)
102,3,3,80,45,0,71,21,1,0,0,67,84,29,10,17,1,0,10,58,40,0,8,12,2,0,1,9,1,0,0,0,87,218,390,FINAL (ENTRADA MANUAL)
102,3,4,83,44,0,75,22,0,0,0,65,104,24,10,12,0,0,9,54,36,0,9,8,3,1,0,5,2,0,0,0,106,224,390,FINAL (ENTRADA MANUAL)
102,3,5,77,45,1,60,20,0,0,0,67,90,20,6,18,0,0,2,57,42,1,5,14,0,0,0,2,0,1,0,1,82,205,392,FINAL (ENTRADA MANUAL)
102,4,1,99,71,0,69,18,0,0,1,89,111,23,8,14,0,0,13,80,60,0,7,11,0,1,1,6,3,1,0,0,89,259,452,FINAL (ENTRADA MANUAL)
102,4,2,77,58,1,69,28,0,0,1,63,105,19,15,20,0,0,12,50,49,0,12,17,2,1,0,9,1,0,0,0,93,234,452,FINAL (ENTRADA MANUAL)
102,4,3,103,40,0,82,24,0,0,1,87,108,18,11,20,0,0,6,74,36,0,9,15,0,1,0,8,0,0,0,0,107,250,452,FINAL (ENTRADA MANUAL)
102,4,4,106,44,0,66,25,0,0,0,95,74,15,21,22,0,0,14,92,40,0,16,17,1,3,0,3,0,1,1,0,69,243,452,FINAL (ENTRADA MANUAL)
102,4,5,89,47,0,68,21,0,2,0,75,91,22,15,16,0,0,8,68,40,0,13,12,0,0,0,6,0,0,0,0,88,227,451,FINAL (ENTRADA MANUAL)
102,5,1,113,45,0,92,32,1,0,0,89,121,24,11,20,0,0,18,74,37,0,9,17,4,0,0,11,3,2,0,0,128,285,493,FINAL (ENTRADA MANUAL)
102,5,2,117,37,0,79,10,0,0,0,90,100,24,7,9,0,0,13,81,31,0,6,4,4,1,0,5,0,1,0,1,111,245,493,FINAL (ENTRADA MANUAL)
102,5,3,86,33,0,90,27,1,0,0,72,90,30,15,19,1,1,9,59,24,0,10,17,1,5,0,9,2,1,1,0,110,239,493,FINAL (ENTRADA MANUAL)
102,5,4,90,59,0,84,23,0,0,0,72,110,29,14,18,1,0,12,62,54,0,12,12,2,5,1,9,3,0,1,0,96,257,493,FINAL (ENTRADA MANUAL)
102,5,5,104,45,2,68,20,0,0,0,84,100,31,8,11,0,0,5,71,40,2,6,10,3,0,0,9,1,0,0,0,97,239,493,FINAL (ENTRADA MANUAL)
102,5,6,88,42,0,93,23,0,1,2,72,92,27,17,18,0,0,23,58,33,0,15,13,2,2,0,10,1,0,0,1,115,250,492,FINAL (ENTRADA MANUAL)
102,6,1,65,45,0,19,6,0,0,0,50,56,4,6,8,0,0,11,44,42,0,4,6,0,0,0,4,0,0,2,0,36,137,275,FINAL (ENTRADA MANUAL)
102,6,2,58,45,1,17,6,0,1,0,39,61,3,4,6,0,1,14,35,39,1,4,5,0,2,0,1,0,3,0,0,41,131,275,FINAL (ENTRADA MANUAL)
102,7,1,101,77,1,49,29,0,1,0,89,111,12,11,25,0,0,10,70,70,0,7,20,2,0,0,3,1,0,1,0,85,259,497,FINAL (ENTRADA MANUAL)
102,7,2,110,55,0,37,27,0,0,2,92,83,7,13,23,0,0,13,85,51,0,12,16,3,2,1,0,0,0,0,0,61,231,497,FINAL (ENTRADA MANUAL)
102,8,1,106,46,0,97,17,0,0,0,80,117,26,16,13,0,0,14,67,41,0,12,11,0,1,0,5,0,1,0,0,129,267,504,FINAL (ENTRADA MANUAL)
102,8,2,99,53,0,77,18,0,0,1,78,108,20,18,10,0,0,14,68,47,0,16,9,3,0,1,4,3,0,1,1,97,250,504,FINAL (ENTRADA MANUAL)
102,8,3,92,50,0,79,23,0,1,1,80,104,26,13,12,0,0,11,72,46,0,13,11,3,1,0,8,1,0,0,0,91,246,504,FINAL (ENTRADA MANUAL)
102,8,4,94,40,0,84,21,0,0,1,78,86,31,17,18,0,0,10,66,32,0,13,17,2,0,1,4,0,0,0,0,105,240,504,FINAL (ENTRADA MANUAL)
102,8,5,108,40,0,63,26,0,1,0,86,100,16,12,17,0,0,7,73,34,0,12,13,2,2,0,3,1,0,0,0,98,238,504,FINAL (ENTRADA MANUAL)
102,8,6,97,50,0,71,25,1,1,0,79,100,15,17,17,1,0,16,72,44,0,15,15,1,1,0,7,1,0,1,0,89,246,504,FINAL (ENTRADA MANUAL)
102,8,7,93,50,0,78,19,0,1,0,70,106,22,10,12,0,0,21,62,45,0,8,8,2,2,0,6,1,2,0,0,107,243,504,FINAL (ENTRADA MANUAL)
102,8,8,110,39,0,97,21,0,0,0,95,96,30,16,20,0,1,9,80,35,0,13,13,0,0,1,6,0,0,0,0,119,267,507,FINAL (ENTRADA MANUAL)
102,9,1,105,33,0,35,34,0,0,0,81,68,15,5,34,0,0,4,66,29,0,3,25,3,0,0,5,3,1,0,0,73,208,344,FINAL (ENTRADA MANUAL)
102,10,1,78,52,0,59,28,0,0,2,55,96,12,13,25,0,0,18,49,47,0,13,20,0,2,1,4,2,1,0,0,81,220,403,FINAL (ENTRADA MANUAL)
102,10,2,78,43,0,63,17,1,0,1,65,89,12,9,11,0,0,17,54,38,0,8,9,3,0,1,6,0,0,0,0,84,203,403,FINAL (ENTRADA MANUAL)
102,10,3,91,44,0,54,26,0,0,0,72,94,16,7,19,1,0,6,64,38,0,7,12,2,2,1,1,1,0,0,0,87,215,402,FINAL (ENTRADA MANUAL)
102,11,1,74,80,0,30,26,0,3,0,58,116,4,7,21,0,0,7,54,79,0,6,18,0,6,1,1,0,0,2,0,48,215,404,FINAL (ENTRADA MANUAL)
102,11,2,80,60,0,44,31,0,0,0,74,86,14,10,24,0,0,7,62,54,0,8,21,0,1,0,2,2,2,1,0,65,218,403,FINAL (ENTRADA MANUAL)
102,12,1,91,42,1,61,16,0,1,0,82,80,18,14,13,0,0,5,69,38,1,11,11,1,1,1,4,1,1,1,0,74,214,395,FINAL (ENTRADA MANUAL)
102,12,2,67,36,0,60,20,0,0,0,55,84,22,6,12,0,0,4,53,34,0,6,11,0,0,2,7,2,0,0,0,68,183,395,FINAL (ENTRADA MANUAL)
102,12,3,69,33,0,51,16,0,0,2,59,73,18,4,11,0,0,6,50,30,0,4,9,0,0,1,5,0,0,0,0,72,171,395,FINAL (ENTRADA MANUAL)
102,12,4,83,56,0,59,13,0,0,0,62,99,24,10,7,0,0,9,58,49,0,6,6,4,1,1,11,0,1,0,0,75,212,395,FINAL (ENTRADA MANUAL)
102,12,5,72,28,0,65,11,0,1,1,57,78,17,9,5,1,0,11,53,24,0,6,3,1,0,2,5,0,0,0,0,84,178,395,FINAL (ENTRADA MANUAL)
102,12,6,52,51,0,57,15,0,0,0,44,95,17,4,7,0,0,8,34,47,0,4,5,1,2,4,6,0,0,1,0,72,176,395,FINAL (ENTRADA MANUAL)
102,12,7,82,24,1,67,14,0,0,0,66,66,30,7,10,0,0,9,46,20,1,5,5,1,2,1,6,0,1,0,0,101,189,395,FINAL (ENTRADA MANUAL)
102,12,8,66,45,0,70,15,0,0,2,58,94,18,11,11,0,0,6,52,40,0,7,10,0,2,0,8,0,0,0,0,79,198,395,FINAL (ENTRADA MANUAL)
102,12,9,56,40,1,71,25,0,0,0,47,77,22,16,19,0,0,12,42,33,0,13,16,1,0,1,4,1,0,0,0,82,193,394,FINAL (ENTRADA MANUAL)
102,13,1,107,39,0,73,17,0,0,0,90,77,17,20,14,0,0,18,76,30,0,19,13,0,1,0,3,0,4,0,0,94,240,496,FINAL (ENTRADA MANUAL)
102,13,2,103,30,0,76,18,0,0,1,83,80,17,15,11,0,0,22,71,26,0,14,10,1,0,0,3,2,2,0,0,101,230,495,FINAL (ENTRADA MANUAL)
102,14,1,115,53,0,66,30,0,0,2,90,96,19,9,27,0,0,25,78,45,0,5,18,4,0,0,2,1,0,0,0,113,266,506,FINAL (ENTRADA MANUAL)
102,14,2,114,43,0,76,16,0,0,0,90,92,21,15,13,0,0,18,78,37,0,13,11,6,2,1,6,0,1,0,0,95,250,506,FINAL (ENTRADA MANUAL)
102,14,3,103,49,0,65,31,0,0,1,88,88,25,14,26,0,0,8,78,43,0,14,25,2,2,1,3,0,1,0,1,81,251,507,FINAL (ENTRADA MANUAL)
102,72,1,68,8,0,5,3,0,0,0,66,10,4,0,2,0,0,2,62,7,0,0,2,0,0,1,1,0,11,0,0,11,95,0,FINAL (ENTRADA MANUAL)
102,72,2,41,13,0,4,3,0,0,0,38,19,0,1,3,0,0,1,37,9,0,1,2,1,1,0,0,1,5,0,0,9,66,0,FINAL (ENTRADA MANUAL)
102,72,3,14,5,0,0,1,0,0,0,14,5,0,0,1,0,0,0,13,4,0,0,0,0,0,0,0,0,0,0,0,3,20,0,FINAL (ENTRADA MANUAL)
102,72,4,53,16,0,9,6,1,0,0,51,27,1,1,4,0,0,0,49,12,0,1,4,1,2,0,3,1,4,1,0,12,90,0,FINAL (ENTRADA MANUAL)
102,72,5,19,0,0,3,0,0,0,0,19,1,1,1,0,0,0,0,15,0,0,1,0,0,0,0,0,0,0,0,0,6,22,0,FINAL (ENTRADA MANUAL)
102,72,6,7,0,0,0,0,0,0,0,7,0,0,0,0,0,0,0,6,0,0,0,0,0,0,0,0,0,0,0,0,1,7,0,FINAL (ENTRADA MANUAL)
102,72,7,0,0,0,0,0,0,0,0,0,0,0,0,0,0,0,0,0,0,0,0,0,0,0,0,0,0,0,0,0,0,0,0,FINAL (ENTRADA MANUAL)
102,72,8,4,0,0,0,0,0,0,0,4,0,0,0,0,0,0,0,4,0,0,0,0,0,0,0,0,0,0,0,0,0,4,0,FINAL (ENTRADA MANUAL)
102,72,9,0,0,0,0,0,0,0,0,0,0,0,0,0,0,0,0,0,0,0,0,0,0,0,0,0,0,0,0,0,0,0,0,FINAL (ENTRADA MANUAL)
102,72,10,0,0,0,0,0,0,0,0,0,0,0,0,0,0,0,0,0,0,0,0,0,0,0,0,0,0,0,0,0,0,0,0,FINAL (ENTRADA MANUAL)
102,73,1,241,558,1,54,24,0,1,2,176,590,12,14,12,0,0,77,154,509,1,13,11,3,5,1,5,0,0,0,0,179,881,0,FINAL (ENTRADA MANUAL)
102,73,2,0,0,0,0,0,0,0,0,0,0,0,0,0,0,0,0,0,0,0,0,0,0,0,0,0,0,0,0,0,0,0,0,FINAL (ENTRADA MANUAL)
102,73,3,0,0,0,0,0,0,0,0,0,0,0,0,0,0,0,0,0,0,0,0,0,0,0,0,0,0,0,0,0,0,0,0,FINAL (ENTRADA MANUAL)
102,73,4,0,0,0,0,0,0,0,0,0,0,0,0,0,0,0,0,0,0,0,0,0,0,0,0,0,0,0,0,0,0,0,0,FINAL (ENTRADA MANUAL)
102,73,5,54,160,0,6,5,0,0,0,51,160,0,5,4,0,0,5,51,159,0,5,4,0,0,0,0,0,8,0,0,6,233,0,FINAL (ENTRADA MANUAL)
102,74,1,1,3,0,1,0,0,0,0,1,4,0,0,0,0,0,0,1,2,0,0,0,0,0,0,0,0,0,0,0,2,5,0,FINAL (ENTRADA MANUAL)
102,74,2,0,0,0,0,0,0,0,0,0,0,0,0,0,0,0,0,0,0,0,0,0,0,0,0,0,0,0,0,0,0,0,0,FINAL (ENTRADA MANUAL)
102,75,1,6,6,0,1,0,1,0,0,5,8,0,0,0,0,0,1,4,6,0,0,0,1,0,0,0,0,0,0,0,3,14,0,FINAL (ENTRADA MANUAL)
102,75,2,0,0,0,0,0,0,0,0,0,0,0,0,0,0,0,0,0,0,0,0,0,0,0,0,0,0,0,0,0,0,0,0,FINAL (ENTRADA MANUAL)
102,76,1,21,2,0,6,0,0,0,0,19,3,1,1,0,0,0,5,13,2,0,1,0,0,0,0,0,0,0,0,0,13,29,0,FINAL (ENTRADA MANUAL)
102,76,2,0,0,0,0,0,0,0,0,0,0,0,0,0,0,0,0,0,0,0,0,0,0,0,0,0,0,0,0,0,0,0,0,FINAL (ENTRADA MANUAL)
102,76,3,6,0,0,0,0,0,0,0,5,0,0,0,0,0,0,1,4,0,0,0,0,0,0,0,0,0,0,0,0,2,6,0,FINAL (ENTRADA MANUAL)
102,76,4,0,0,0,0,0,0,0,0,0,0,0,0,0,0,0,0,0,0,0,0,0,0,0,0,0,0,0,0,0,0,0,0,FINAL (ENTRADA MANUAL)
102,76,5,1,0,0,0,0,0,0,0,0,0,0,0,0,0,0,1,0,0,0,0,0,0,0,0,0,0,0,0,0,1,1,0,FINAL (ENTRADA MANUAL)
102,77,1,0,0,0,0,0,0,0,0,0,0,0,0,0,0,0,0,0,0,0,0,0,0,0,0,0,0,0,0,0,0,0,0,FINAL (ENTRADA MANUAL)
102,77,2,5,3,0,36,1,0,0,0,3,12,23,3,3,0,0,1,3,3,0,2,1,0,0,0,11,0,0,0,0,23,45,0,FINAL (ENTRADA MANUAL)
102,77,3,1,0,0,5,1,0,0,0,2,3,1,0,1,0,0,0,1,0,0,0,1,0,0,0,0,0,0,0,0,5,7,0,FINAL (ENTRADA MANUAL)
102,77,4,0,0,0,0,0,0,0,0,0,0,0,0,0,0,0,0,0,0,0,0,0,0,0,0,0,0,0,0,0,0,0,0,FINAL (ENTRADA MANUAL)
102,78,1,83,54,0,19,0,0,0,0,71,82,9,14,10,0,0,20,59,47,0,12,10,1,1,0,1,1,0,0,0,74,208,0,FINAL (ENTRADA MANUAL)
102,78,2,17,0,0,0,0,0,1,0,12,0,0,1,1,0,0,4,9,0,0,0,0,1,0,0,0,0,0,0,0,8,18,0,FINAL (ENTRADA MANUAL)
102,78,3,8,1,0,2,0,0,0,0,6,2,1,1,0,0,0,0,4,1,0,1,0,0,0,0,1,0,0,0,0,4,11,0,FINAL (ENTRADA MANUAL)
102,78,4,1,1,0,0,0,0,0,0,1,1,0,0,0,0,0,0,1,1,0,0,0,0,0,0,0,0,0,0,0,0,2,0,FINAL (ENTRADA MANUAL)
103,1,1,112,58,0,46,13,0,2,4,92,83,16,13,12,0,0,19,80,53,0,12,11,1,2,0,5,0,1,0,0,71,236,492,FINAL (ENTRADA MANUAL)
103,1,2,92,67,1,47,17,0,0,2,68,100,17,8,12,0,1,20,60,57,1,8,7,0,4,0,1,0,2,0,0,88,228,492,FINAL (ENTRADA MANUAL)
103,1,3,104,82,1,53,13,0,1,2,75,111,17,10,12,0,0,31,61,71,0,10,11,1,2,1,6,0,3,0,0,93,259,492,FINAL (ENTRADA MANUAL)
103,1,4,99,65,0,40,16,0,0,2,72,87,19,6,15,0,0,23,62,48,0,6,10,2,0,1,4,0,0,0,0,89,222,490,FINAL (ENTRADA MANUAL)
103,2,1,100,53,1,36,12,0,1,1,83,85,9,9,8,0,0,10,68,47,0,5,8,1,0,0,2,0,1,0,0,73,205,362,FINAL (ENTRADA MANUAL)
103,2,2,103,43,1,37,10,0,0,0,89,61,18,4,7,0,0,15,70,40,0,4,6,0,0,0,2,0,0,0,0,72,194,362,FINAL (ENTRADA MANUAL)
103,2,3,102,53,0,27,18,1,1,1,73,76,7,7,15,0,0,25,63,45,0,4,8,1,2,0,0,0,0,0,0,80,203,361,FINAL (ENTRADA MANUAL)
103,3,1,106,56,0,18,11,0,0,1,81,70,5,2,10,0,0,24,69,50,0,1,8,1,0,0,0,0,0,1,0,63,193,391,FINAL (ENTRADA MANUAL)
103,3,2,90,73,1,27,21,0,0,0,67,101,11,5,12,0,0,16,55,63,1,5,9,1,0,1,3,0,1,0,0,74,213,391,FINAL (ENTRADA MANUAL)
103,3,3,131,47,0,22,15,0,0,0,102,67,7,2,12,0,0,25,84,40,0,2,11,2,1,0,1,1,0,0,0,73,215,391,FINAL (ENTRADA MANUAL)
103,3,4,81,47,0,34,2,0,0,1,60,68,10,4,2,0,0,21,48,39,0,4,0,0,1,0,5,0,0,0,0,68,165,390,FINAL (ENTRADA MANUAL)
103,4,1,166,51,0,33,13,0,1,2,151,77,5,9,8,0,0,16,132,46,0,9,8,1,0,0,2,1,2,0,0,67,268,534,FINAL (ENTRADA MANUAL)
103,4,2,148,31,0,38,20,0,0,1,120,55,7,6,14,0,0,36,98,25,0,4,7,2,0,1,2,0,0,1,0,99,239,534,FINAL (ENTRADA MANUAL)
103,4,3,141,31,1,34,16,0,0,3,108,59,9,7,10,0,1,32,86,23,1,4,8,0,0,0,3,1,1,0,0,100,227,533,FINAL (ENTRADA MANUAL)
103,5,1,142,63,0,31,11,0,0,0,106,79,12,11,5,0,1,33,92,55,0,9,3,1,0,0,4,0,2,0,0,83,249,504,FINAL (ENTRADA MANUAL)
103,5,2,124,72,0,17,17,0,0,0,101,92,5,3,13,0,0,16,92,62,0,3,13,0,1,0,1,0,1,0,0,58,231,505,FINAL (ENTRADA MANUAL)
103,6,1,88,55,1,83,24,0,0,0,78,112,21,13,20,0,0,7,70,50,1,12,12,2,8,0,4,0,1,0,0,92,252,422,FINAL (ENTRADA MANUAL)
103,6,2,110,46,0,79,17,0,0,0,93,106,21,10,18,0,0,4,75,39,0,10,9,0,3,1,8,0,0,0,0,107,252,422,FINAL (ENTRADA MANUAL)
103,6,3,105,48,3,82,22,0,0,0,94,100,27,10,15,0,0,14,81,42,3,8,12,1,2,0,0,1,0,0,0,110,260,422,FINAL (ENTRADA MANUAL)
103,6,4,75,49,0,92,29,0,0,1,66,110,30,6,22,0,0,12,56,38,0,6,16,0,2,0,9,0,1,0,1,119,248,422,FINAL (ENTRADA MANUAL)
103,6,5,85,43,0,72,29,0,0,0,75,82,23,14,22,0,0,13,58,35,0,13,20,1,2,2,6,2,0,0,0,90,229,422,FINAL (ENTRADA MANUAL)
103,6,6,82,52,0,79,20,0,0,1,68,98,23,13,16,0,0,16,60,40,0,13,14,0,3,0,10,0,1,0,0,94,235,422,FINAL (ENTRADA MANUAL)
103,6,7,79,37,0,96,31,0,0,2,67,95,30,12,24,0,1,16,58,29,0,10,21,3,4,1,6,0,1,0,0,113,246,423,FINAL (ENTRADA MANUAL)
103,7,1,130,30,0,42,16,1,0,1,113,48,18,10,11,0,0,20,92,24,0,8,8,1,1,2,3,2,0,1,0,79,221,480,FINAL (ENTRADA MANUAL)
103,7,2,116,22,0,39,17,0,0,1,94,54,14,9,13,0,0,11,88,22,0,8,12,0,1,0,2,0,0,0,0,62,195,480,FINAL (ENTRADA MANUAL)
103,8,1,108,55,0,58,10,0,0,1,92,90,20,13,9,0,0,8,84,48,0,10,7,1,0,0,6,0,1,0,0,76,233,478,FINAL (ENTRADA MANUAL)
103,8,2,127,41,0,71,22,0,0,0,101,107,12,13,16,0,0,12,82,37,0,12,12,1,4,0,11,1,3,0,0,101,264,478,FINAL (ENTRADA MANUAL)
103,8,3,126,52,0,73,20,0,1,0,88,96,20,21,19,0,0,28,77,43,0,19,12,1,2,0,6,0,1,0,0,112,273,478,FINAL (ENTRADA MANUAL)
103,9,1,132,45,0,45,19,0,0,0,101,80,16,9,14,0,1,20,92,35,0,8,13,2,0,1,3,0,0,0,0,87,241,505,FINAL (ENTRADA MANUAL)
103,9,2,136,51,0,46,19,0,0,1,113,83,15,10,16,0,0,16,101,46,0,10,13,2,0,0,1,0,0,0,0,80,253,505,FINAL (ENTRADA MANUAL)
103,9,3,136,44,0,48,22,0,0,0,110,79,11,10,11,0,0,29,92,33,0,6,9,1,2,0,5,0,0,0,0,102,250,505,FINAL (ENTRADA MANUAL)
103,72,1,136,22,0,11,1,0,0,2,127,26,6,2,2,0,0,9,121,18,0,2,1,2,0,0,5,0,0,0,0,23,172,0,FINAL (ENTRADA MANUAL)
103,72,2,0,0,0,0,0,0,0,0,0,0,0,0,0,0,0,0,0,0,0,0,0,0,0,0,0,0,0,0,0,0,0,0,FINAL (ENTRADA MANUAL)
103,72,3,237,27,0,23,9,0,0,1,228,40,7,3,9,0,0,10,213,25,0,3,7,0,1,0,5,2,0,0,0,41,297,0,FINAL (ENTRADA MANUAL)
103,72,4,26,2,0,0,0,0,0,0,21,4,0,0,0,0,0,3,20,2,0,0,0,1,0,0,0,0,0,0,0,5,28,0,FINAL (ENTRADA MANUAL)
103,72,5,8,0,0,1,0,0,0,0,8,0,1,0,0,0,0,0,8,0,0,0,0,0,0,0,0,0,0,0,0,1,9,0,FINAL (ENTRADA MANUAL)
103,72,6,2,0,0,0,0,0,0,0,2,0,0,0,0,0,0,0,1,0,0,0,0,0,0,0,0,0,0,0,0,1,2,0,FINAL (ENTRADA MANUAL)
103,72,7,15,1,0,1,1,0,0,0,15,2,0,0,1,0,0,0,14,1,0,0,1,0,0,0,1,0,0,0,0,1,18,0,FINAL (ENTRADA MANUAL)
103,72,8,0,0,0,0,1,0,0,0,0,0,0,0,1,0,0,0,0,0,0,0,0,0,0,0,1,0,0,0,0,0,1,0,FINAL (ENTRADA MANUAL)
103,72,9,0,0,0,0,0,0,0,0,0,0,0,0,0,0,0,0,0,0,0,0,0,0,0,0,0,0,0,0,0,0,0,0,FINAL (ENTRADA MANUAL)
103,72,10,3,0,0,0,0,0,0,0,3,0,0,0,0,0,0,0,3,0,0,0,0,0,0,0,0,0,0,0,0,0,3,0,FINAL (ENTRADA MANUAL)
103,73,1,130,104,0,4,6,0,0,0,105,100,0,1,4,0,0,34,99,93,0,1,1,0,1,0,0,0,0,0,0,49,244,0,FINAL (ENTRADA MANUAL)
103,73,2,30,23,0,0,0,0,0,0,28,22,0,0,0,0,0,3,28,22,0,0,0,0,0,0,0,0,0,0,0,3,53,0,FINAL (ENTRADA MANUAL)
103,74,1,3,2,0,0,0,0,0,0,3,2,0,0,0,0,0,0,3,2,0,0,0,0,0,0,0,0,0,0,0,0,5,0,FINAL (ENTRADA MANUAL)
103,74,2,0,0,0,0,0,0,0,0,0,0,0,0,0,0,0,0,0,0,0,0,0,0,0,0,0,0,0,0,0,0,0,0,FINAL (ENTRADA MANUAL)
103,75,1,7,5,0,1,0,0,0,0,3,5,0,1,0,0,0,4,2,5,0,1,0,0,0,0,0,0,0,0,0,5,13,0,FINAL (ENTRADA MANUAL)
103,76,1,15,0,0,2,0,0,0,0,9,2,0,1,0,0,0,5,5,0,0,0,0,2,0,0,0,0,0,0,1,10,18,0,FINAL (ENTRADA MANUAL)
103,76,2,1,0,0,0,0,0,0,0,1,0,0,0,0,0,0,0,1,0,0,0,0,0,0,0,0,0,0,0,0,0,1,0,FINAL (ENTRADA MANUAL)
103,76,3,5,0,0,0,1,0,0,0,5,0,0,0,1,0,0,0,3,0,0,0,1,0,0,0,0,0,0,0,0,2,6,0,FINAL (ENTRADA MANUAL)
103,76,4,0,0,0,0,0,0,0,0,0,0,0,0,0,0,0,0,0,0,0,0,0,0,0,0,0,0,0,0,0,0,0,0,FINAL (ENTRADA MANUAL)
103,76,5,1,0,0,0,0,0,0,0,0,0,0,0,0,0,0,1,0,0,0,0,0,0,0,0,0,0,0,0,0,1,1,0,FINAL (ENTRADA MANUAL)
103,77,1,0,0,0,0,0,0,0,0,0,0,0,0,0,0,0,0,0,0,0,0,0,0,0,0,0,0,0,0,0,0,0,0,FINAL (ENTRADA MANUAL)
103,77,2,0,0,0,7,0,0,0,0,0,1,6,0,0,0,0,0,0,0,0,0,0,0,0,1,2,0,1,0,0,4,8,0,FINAL (ENTRADA MANUAL)
103,77,3,2,0,0,2,0,0,0,0,2,1,1,0,0,0,0,0,2,0,0,0,0,0,0,0,0,0,0,0,0,2,4,0,FINAL (ENTRADA MANUAL)
103,77,4,2,0,0,2,0,0,0,0,2,1,1,0,0,0,0,0,2,0,0,0,0,0,0,0,0,0,0,0,0,2,4,0,FINAL (ENTRADA MANUAL)
103,78,1,37,9,0,7,5,0,0,0,32,14,2,1,4,0,0,5,27,8,0,1,3,0,0,0,0,0,0,0,0,19,58,0,FINAL (ENTRADA MANUAL)
103,78,2,7,1,0,1,0,0,1,0,6,1,0,0,0,0,0,3,2,1,0,0,0,0,0,0,0,0,0,0,0,7,10,0,FINAL (ENTRADA MANUAL)
103,78,3,4,1,0,0,1,0,0,0,4,2,0,0,0,0,0,0,3,1,0,0,0,0,0,0,0,0,0,0,0,2,6,0,FINAL (ENTRADA MANUAL)
103,78,4,1,0,0,0,0,0,0,0,1,0,0,0,0,0,0,0,1,0,0,0,0,0,0,0,0,0,0,0,0,0,1,0,FINAL (ENTRADA MANUAL)
104,1,1,100,34,1,51,26,0,2,0,79,76,11,10,21,0,1,16,59,27,1,6,15,3,0,0,2,2,0,0,0,99,214,388,FINAL (ENTRADA MANUAL)
104,1,2,83,26,0,50,34,0,0,2,73,69,10,9,20,0,0,14,60,22,0,7,15,2,1,2,6,4,2,0,0,76,197,387,FINAL (ENTRADA MANUAL)
104,2,1,122,42,0,92,24,0,0,0,97,108,29,12,21,0,0,13,82,33,0,12,14,4,2,2,11,1,1,0,0,119,281,570,FINAL (ENTRADA MANUAL)
104,2,2,90,29,2,88,35,2,0,2,78,114,16,9,17,1,0,13,68,26,1,7,15,1,2,1,9,0,0,0,0,118,248,569,FINAL (ENTRADA MANUAL)
104,3,1,94,31,0,66,26,0,0,1,75,81,18,8,15,0,0,21,67,25,0,8,14,1,1,2,2,1,0,0,0,97,218,425,FINAL (ENTRADA MANUAL)
104,3,2,96,32,1,77,17,0,1,1,79,80,24,11,11,0,0,20,71,26,0,10,9,3,2,0,8,0,1,0,1,96,227,425,FINAL (ENTRADA MANUAL)
104,3,3,101,35,0,67,13,0,0,0,77,79,16,13,11,0,1,19,72,30,0,12,10,0,2,1,4,0,2,0,0,85,218,425,FINAL (ENTRADA MANUAL)
104,3,4,93,22,0,69,17,0,0,0,77,80,19,7,14,0,0,4,69,19,0,5,8,0,0,0,6,0,1,0,0,94,202,424,FINAL (ENTRADA MANUAL)
104,4,1,128,45,0,60,43,0,0,1,102,97,14,10,33,0,0,21,94,37,0,9,29,4,1,3,4,2,0,0,0,94,277,512,FINAL (ENTRADA MANUAL)
104,4,2,104,46,2,58,46,0,0,0,76,103,21,5,35,0,0,16,65,38,1,4,26,5,0,4,9,3,2,0,0,101,258,511,FINAL (ENTRADA MANUAL)
104,5,1,113,36,0,54,36,1,0,0,93,80,18,6,30,0,0,13,86,32,0,6,22,2,1,2,6,1,0,0,0,82,240,486,FINAL (ENTRADA MANUAL)
104,5,2,116,43,0,51,33,0,0,0,101,69,20,9,25,0,0,19,91,36,0,6,22,0,2,0,4,0,1,0,0,82,244,486,FINAL (ENTRADA MANUAL)
104,5,3,125,34,0,48,31,0,0,2,100,77,19,5,24,0,0,15,96,31,0,4,22,3,3,1,3,0,1,0,0,77,241,487,FINAL (ENTRADA MANUAL)
104,6,1,97,29,0,123,33,0,0,0,77,124,40,14,25,0,0,2,63,23,0,12,17,4,4,0,14,3,0,0,0,142,282,368,FINAL (ENTRADA MANUAL)
104,6,2,74,24,0,120,22,1,0,0,67,104,35,13,17,1,0,4,61,20,0,11,15,3,3,3,12,1,0,0,0,112,241,368,FINAL (ENTRADA MANUAL)
104,6,3,81,16,0,126,26,0,0,0,73,101,26,23,22,0,0,4,65,10,0,19,19,1,2,0,7,3,0,1,0,123,250,368,FINAL (ENTRADA MANUAL)
104,6,4,65,27,0,136,19,1,1,0,56,118,37,9,21,0,0,8,45,21,0,8,16,1,1,1,17,1,0,0,0,138,249,368,FINAL (ENTRADA MANUAL)
104,6,5,79,25,1,104,21,0,0,0,69,99,38,7,15,0,0,2,61,20,1,6,10,1,3,0,10,0,1,0,0,118,231,368,FINAL (ENTRADA MANUAL)
104,6,6,62,32,1,130,28,0,0,0,46,120,43,17,19,1,0,7,44,27,1,13,12,1,3,4,17,3,1,0,0,128,254,368,FINAL (ENTRADA MANUAL)
104,6,7,86,22,2,127,21,0,0,0,67,116,35,12,18,0,0,10,60,16,2,7,10,0,1,1,15,1,0,1,0,145,259,368,FINAL (ENTRADA MANUAL)
104,6,8,70,18,0,126,29,0,0,0,61,111,40,10,15,0,0,6,54,17,0,7,13,1,3,1,14,2,0,0,0,131,243,367,FINAL (ENTRADA MANUAL)
104,7,1,117,44,1,29,49,0,0,0,99,69,8,9,43,0,0,12,83,38,0,9,37,1,2,0,1,1,1,0,0,68,241,443,FINAL (ENTRADA MANUAL)
104,8,1,151,37,1,60,24,0,0,1,123,75,21,13,28,0,0,14,110,26,0,10,20,3,0,0,7,1,1,0,0,97,275,539,FINAL (ENTRADA MANUAL)
104,8,2,132,53,0,76,14,0,0,0,107,98,22,13,11,0,0,24,93,37,0,9,7,1,0,0,6,0,2,0,0,122,277,539,FINAL (ENTRADA MANUAL)
104,8,3,118,43,2,51,32,0,0,1,99,88,12,11,18,0,0,19,89,29,2,10,18,2,0,0,2,2,1,0,0,93,248,539,FINAL (ENTRADA MANUAL)
104,72,1,94,162,0,15,8,0,0,1,86,172,5,3,7,0,0,7,80,157,0,3,7,2,0,0,2,0,0,0,0,29,280,0,FINAL (ENTRADA MANUAL)
104,72,2,23,24,0,2,1,0,0,0,19,27,1,0,0,0,0,3,19,24,0,0,0,0,0,0,0,0,1,0,0,7,51,0,FINAL (ENTRADA MANUAL)
104,72,3,187,189,1,59,19,1,0,0,178,236,17,13,7,0,0,5,168,184,0,12,6,2,2,3,3,4,0,0,0,72,457,0,FINAL (ENTRADA MANUAL)
104,72,4,26,22,0,1,1,0,0,0,22,24,0,1,1,0,0,2,22,22,0,1,1,2,0,0,0,0,1,0,0,2,51,0,FINAL (ENTRADA MANUAL)
104,72,5,5,4,0,2,1,0,0,0,4,6,1,0,1,0,0,0,4,4,0,0,1,1,0,0,1,0,0,0,0,1,12,0,FINAL (ENTRADA MANUAL)
104,72,6,2,2,0,0,0,0,0,0,2,3,0,0,0,0,0,0,1,2,0,0,0,1,0,0,0,0,0,0,0,0,4,0,FINAL (ENTRADA MANUAL)
104,72,7,20,19,0,2,3,0,0,0,20,22,0,0,1,0,0,1,19,17,0,0,1,1,0,0,0,1,0,0,0,5,44,0,FINAL (ENTRADA MANUAL)
104,72,8,0,2,0,0,0,0,0,0,0,2,0,0,0,0,0,0,0,2,0,0,0,0,0,0,0,0,0,0,0,0,2,0,FINAL (ENTRADA MANUAL)
104,73,1,135,17,1,3,5,0,0,0,124,21,1,0,3,0,0,12,117,12,1,0,2,2,0,0,0,0,0,0,0,27,161,0,FINAL (ENTRADA MANUAL)
104,73,2,19,2,0,0,2,0,0,0,19,2,0,0,2,0,0,0,19,2,0,0,2,0,0,0,0,0,0,1,0,0,24,0,FINAL (ENTRADA MANUAL)
104,74,1,1,0,0,1,0,0,0,0,1,0,1,0,0,0,0,0,1,0,0,0,0,0,0,0,0,0,0,0,0,1,2,0,FINAL (ENTRADA MANUAL)
104,74,2,0,0,0,0,0,0,0,0,0,0,0,0,0,0,0,0,0,0,0,0,0,0,0,0,0,0,0,0,0,0,0,0,FINAL (ENTRADA MANUAL)
104,75,1,0,0,0,0,0,0,0,0,0,0,0,0,0,0,0,0,0,0,0,0,0,0,0,0,0,0,0,0,0,0,0,0,FINAL (ENTRADA MANUAL)
104,75,2,0,0,0,0,0,0,0,0,0,0,0,0,0,0,0,0,0,0,0,0,0,0,0,0,0,0,0,1,0,0,1,0,FINAL (ENTRADA MANUAL)
104,76,1,8,0,0,1,0,0,0,0,6,1,1,0,0,0,0,1,6,0,0,0,0,0,0,0,0,0,0,0,0,3,9,0,FINAL (ENTRADA MANUAL)
104,76,2,1,0,0,0,0,0,0,0,1,0,0,0,0,0,0,0,1,0,0,0,0,0,0,0,0,0,0,0,0,0,1,0,FINAL (ENTRADA MANUAL)
104,76,3,1,0,0,1,0,0,0,0,0,0,1,0,0,0,0,1,0,0,0,0,0,0,0,0,0,0,0,0,0,2,2,0,FINAL (ENTRADA MANUAL)
104,76,4,0,0,0,0,0,0,0,0,0,0,0,0,0,0,0,0,0,0,0,0,0,0,0,0,0,0,0,0,0,0,0,0,FINAL (ENTRADA MANUAL)
104,77,1,0,0,0,0,0,0,0,0,0,0,0,0,0,0,0,0,0,0,0,0,0,0,0,0,0,0,0,0,0,0,0,0,FINAL (ENTRADA MANUAL)
104,77,2,4,2,0,19,0,0,0,0,3,13,7,1,0,0,1,0,3,2,0,1,0,1,0,0,1,0,0,0,0,17,25,0,FINAL (ENTRADA MANUAL)
104,77,3,1,1,0,6,1,0,0,1,0,6,3,1,0,0,0,1,0,1,0,0,0,0,0,0,1,0,0,0,0,8,10,0,FINAL (ENTRADA MANUAL)
104,78,1,34,17,0,9,5,0,0,0,31,25,1,2,2,0,0,4,26,15,0,2,2,0,0,0,2,0,0,0,0,18,65,0,FINAL (ENTRADA MANUAL)
104,78,2,3,0,0,0,0,1,0,0,2,0,0,0,0,1,0,1,2,0,0,0,0,0,0,0,0,0,0,0,0,2,4,0,FINAL (ENTRADA MANUAL)
104,78,3,4,2,0,1,0,0,0,0,2,3,1,0,0,0,0,0,2,1,0,0,0,1,0,0,1,0,0,0,0,3,8,0,FINAL (ENTRADA MANUAL)
104,78,4,0,0,0,1,0,0,0,0,0,0,1,0,0,0,0,0,0,0,0,0,0,0,0,0,1,0,0,0,0,0,1,0,FINAL (ENTRADA MANUAL)
105,1,1,106,21,0,28,9,0,0,1,97,36,6,5,9,0,0,12,81,15,0,5,6,1,1,1,3,1,3,0,1,51,169,397,FINAL (ENTRADA MANUAL)
105,2,1,126,27,0,89,27,0,0,0,106,77,28,24,20,0,0,14,98,22,0,22,14,1,2,1,5,4,1,1,0,100,271,572,FINAL (ENTRADA MANUAL)
105,2,2,107,39,0,77,24,0,0,0,86,93,29,15,15,0,0,9,79,33,0,14,13,1,0,0,9,2,2,0,1,96,250,572,FINAL (ENTRADA MANUAL)
105,2,3,99,34,1,71,19,0,1,2,75,86,20,12,15,0,1,18,68,26,0,11,12,3,1,0,7,2,0,0,0,97,227,572,FINAL (ENTRADA MANUAL)
105,2,4,131,38,0,81,14,0,0,2,112,90,22,14,13,0,0,15,99,30,0,13,9,3,0,0,6,0,0,0,0,106,266,572,FINAL (ENTRADA MANUAL)
105,2,5,100,30,1,100,22,0,0,0,85,93,32,22,19,0,0,2,76,28,1,19,16,3,2,0,6,0,1,0,0,102,254,573,FINAL (ENTRADA MANUAL)
105,3,1,122,37,1,27,13,0,3,0,98,59,6,6,15,0,0,19,84,31,1,3,8,6,1,0,2,0,1,0,0,67,204,490,FINAL (ENTRADA MANUAL)
105,3,2,124,36,0,23,11,0,0,0,105,51,7,5,6,0,0,20,85,27,0,4,5,1,1,1,1,0,0,1,0,69,195,490,FINAL (ENTRADA MANUAL)
105,3,3,133,26,1,31,12,0,0,0,111,40,13,8,10,0,0,21,86,15,1,6,5,0,0,0,6,2,1,0,0,82,204,490,FINAL (ENTRADA MANUAL)
105,4,1,111,43,0,83,21,0,1,2,92,104,21,11,17,1,1,14,84,29,0,8,13,1,1,1,6,1,1,1,0,117,263,458,FINAL (ENTRADA MANUAL)
105,4,2,88,29,2,91,20,0,0,0,70,91,33,8,20,0,0,8,59,26,2,7,15,2,5,1,10,2,1,0,0,101,231,458,FINAL (ENTRADA MANUAL)
105,4,3,90,50,0,74,19,0,0,0,73,92,26,14,14,0,0,14,63,41,0,9,13,2,1,2,5,0,1,0,0,97,234,458,FINAL (ENTRADA MANUAL)
105,4,4,73,33,0,91,24,0,1,0,67,86,28,13,22,0,0,6,61,24,0,10,14,2,3,1,6,1,0,0,0,100,222,456,FINAL (ENTRADA MANUAL)
105,5,1,99,39,2,115,20,1,0,0,86,109,38,19,15,0,0,9,79,29,0,16,9,2,1,2,11,0,1,0,0,127,277,489,FINAL (ENTRADA MANUAL)
105,5,2,89,43,0,101,23,0,0,1,76,111,38,12,13,0,0,7,67,37,0,9,12,0,2,1,11,2,0,1,0,116,258,489,FINAL (ENTRADA MANUAL)
105,5,3,78,45,2,115,18,0,0,0,59,121,31,20,11,1,0,15,54,35,2,19,5,1,1,4,15,3,2,0,0,119,260,489,FINAL (ENTRADA MANUAL)
105,5,4,99,32,0,110,17,0,0,2,80,113,33,12,12,0,0,10,76,24,0,10,8,6,2,1,15,0,2,0,0,118,262,489,FINAL (ENTRADA MANUAL)
105,5,5,113,36,0,108,21,0,1,0,82,123,28,9,14,0,0,23,67,27,0,8,11,0,4,2,14,3,2,0,1,143,282,489,FINAL (ENTRADA MANUAL)
105,6,1,104,29,1,48,18,0,0,0,97,65,11,10,12,0,0,5,91,25,1,9,6,2,0,0,6,0,1,0,1,60,202,432,FINAL (ENTRADA MANUAL)
105,6,2,130,32,0,28,20,0,0,0,99,61,10,4,20,0,0,16,93,28,0,4,15,1,1,0,4,1,2,0,0,63,212,432,FINAL (ENTRADA MANUAL)
105,6,3,133,37,0,32,18,0,0,0,126,54,8,10,14,0,0,8,116,31,0,8,12,1,1,1,3,0,0,0,0,47,220,432,FINAL (ENTRADA MANUAL)
105,7,1,150,36,0,40,22,0,0,0,122,63,16,11,17,0,0,19,111,29,0,8,13,0,1,0,5,1,0,1,0,80,249,522,FINAL (ENTRADA MANUAL)
105,7,2,143,21,0,44,23,0,1,1,112,60,10,12,21,0,0,18,103,17,0,8,15,2,3,0,3,1,0,1,0,81,234,522,FINAL (ENTRADA MANUAL)
105,7,3,137,29,1,40,21,1,0,0,122,53,9,15,19,0,0,11,110,23,1,13,16,3,0,0,2,0,0,0,0,61,229,522,FINAL (ENTRADA MANUAL)
105,7,4,121,28,0,45,16,0,0,0,105,64,10,10,14,0,0,7,89,25,0,9,9,4,1,0,2,1,0,0,0,70,210,522,FINAL (ENTRADA MANUAL)
105,72,1,121,115,0,30,0,0,0,1,121,130,9,5,0,0,0,2,107,105,0,5,0,0,0,0,7,0,0,0,1,43,268,0,FINAL (ENTRADA MANUAL)
105,72,2,25,16,0,0,1,0,0,0,23,18,0,0,1,0,0,0,23,15,0,0,0,1,0,0,0,0,0,0,0,3,42,0,FINAL (ENTRADA MANUAL)
105,72,3,243,120,0,48,16,0,1,1,221,155,17,7,16,0,0,13,209,112,0,6,13,2,5,2,7,0,0,0,0,73,429,0,FINAL (ENTRADA MANUAL)
105,72,4,25,1,0,3,1,0,0,0,25,2,1,1,0,0,0,1,24,1,0,0,0,0,1,0,0,0,0,0,0,4,30,0,FINAL (ENTRADA MANUAL)
105,72,5,13,14,0,1,0,0,0,0,13,14,1,0,0,0,0,0,12,13,0,0,0,0,0,0,0,0,0,0,0,3,28,0,FINAL (ENTRADA MANUAL)
105,72,6,5,1,0,0,0,0,0,0,5,1,0,0,0,0,0,0,5,1,0,0,0,0,0,0,0,0,0,0,0,0,6,0,FINAL (ENTRADA MANUAL)
105,72,7,13,4,0,1,0,0,1,0,12,5,1,1,0,0,0,0,12,3,0,0,0,0,1,0,1,0,0,0,0,2,19,0,FINAL (ENTRADA MANUAL)
105,72,8,5,0,0,1,0,0,0,0,5,0,0,1,0,0,0,0,5,0,0,1,0,0,0,0,0,0,0,0,0,0,6,0,FINAL (ENTRADA MANUAL)
105,72,9,0,0,0,0,0,0,0,0,0,0,0,0,0,0,0,0,0,0,0,0,0,0,0,0,0,0,0,0,0,0,0,0,FINAL (ENTRADA MANUAL)
105,72,10,27,26,0,5,2,0,0,0,23,31,2,1,0,0,0,3,23,25,0,1,0,0,1,0,1,0,0,0,0,9,60,0,FINAL (ENTRADA MANUAL)
105,73,1,178,15,0,10,3,0,0,0,150,13,2,7,3,0,0,31,143,8,0,6,2,0,1,0,2,0,0,0,0,44,206,0,FINAL (ENTRADA MANUAL)
105,74,1,0,0,0,2,0,0,0,0,0,1,1,0,0,0,0,0,0,0,0,0,0,0,0,0,0,0,0,0,0,2,2,0,FINAL (ENTRADA MANUAL)
105,74,2,0,0,0,0,0,0,0,0,0,0,0,0,0,0,0,0,0,0,0,0,0,0,0,0,0,0,0,0,0,0,0,0,FINAL (ENTRADA MANUAL)
105,75,1,0,0,0,0,0,0,0,0,0,0,0,0,0,0,0,0,0,0,0,0,0,0,0,0,0,0,0,0,0,0,0,0,FINAL (ENTRADA MANUAL)
105,76,1,21,1,0,0,0,0,0,0,15,3,0,0,0,0,0,4,12,1,0,0,0,0,0,0,0,0,0,0,0,9,22,0,FINAL (ENTRADA MANUAL)
105,76,2,1,0,0,0,0,0,0,0,1,0,0,0,0,0,0,0,1,0,0,0,0,0,0,0,0,0,0,0,0,0,1,0,FINAL (ENTRADA MANUAL)
105,76,3,7,1,0,0,0,0,0,0,6,1,0,0,0,0,0,1,4,1,0,0,0,0,0,0,0,0,0,0,0,3,8,0,FINAL (ENTRADA MANUAL)
105,76,4,0,0,0,0,0,0,0,0,0,0,0,0,0,0,0,0,0,0,0,0,0,0,0,0,0,0,0,0,0,0,0,0,FINAL (ENTRADA MANUAL)
105,77,1,0,0,0,0,0,0,0,0,0,0,0,0,0,0,0,0,0,0,0,0,0,0,0,0,0,0,0,0,0,0,0,0,FINAL (ENTRADA MANUAL)
105,77,2,3,0,0,14,4,0,0,0,2,5,8,2,4,0,0,0,2,0,0,2,4,0,2,0,0,0,1,0,0,11,22,0,FINAL (ENTRADA MANUAL)
105,77,3,1,1,0,1,0,0,0,0,1,1,1,0,0,0,0,0,1,1,0,0,0,0,0,0,0,0,0,0,0,1,3,0,FINAL (ENTRADA MANUAL)
105,78,1,33,24,1,14,1,0,0,1,26,26,7,3,1,0,0,11,23,15,0,3,0,2,0,0,3,0,0,0,0,28,74,0,FINAL (ENTRADA MANUAL)
105,78,2,7,1,0,1,0,0,0,0,5,1,0,1,0,0,0,2,3,0,0,1,0,0,0,0,0,0,0,0,0,5,9,0,FINAL (ENTRADA MANUAL)
105,78,3,0,0,0,0,0,0,0,0,0,0,0,0,0,0,0,0,0,0,0,0,0,0,0,0,0,0,0,0,0,0,0,0,FINAL (ENTRADA MANUAL)
105,78,4,0,0,0,0,0,0,0,0,0,0,0,0,0,0,0,0,0,0,0,0,0,0,0,0,0,0,0,0,0,0,0,0,FINAL (ENTRADA MANUAL)
106,1,1,100,53,0,59,25,1,0,1,84,89,20,10,18,0,0,18,73,45,0,7,14,0,1,3,6,2,0,0,0,88,239,420,FINAL (ENTRADA MANUAL)
106,1,2,76,56,0,71,28,0,0,0,58,109,16,10,22,1,0,15,51,46,0,8,20,2,1,0,3,0,2,0,1,100,234,420,FINAL (ENTRADA MANUAL)
106,1,3,93,56,1,65,26,1,1,0,84,97,20,9,19,0,2,12,74,48,0,8,14,2,3,1,6,0,2,0,0,87,245,421,FINAL (ENTRADA MANUAL)
106,2,1,104,51,0,93,23,1,0,0,95,105,24,19,18,0,0,11,82,45,0,16,12,1,1,0,10,2,2,0,0,103,274,454,FINAL (ENTRADA MANUAL)
106,2,2,98,43,1,96,16,0,0,3,82,103,30,16,15,0,0,11,74,38,0,13,8,2,0,0,4,0,1,0,0,118,258,454,FINAL (ENTRADA MANUAL)
106,2,3,86,39,0,114,26,0,0,1,68,124,37,19,15,0,0,3,59,34,0,16,13,2,1,1,15,5,0,0,0,120,266,454,FINAL (ENTRADA MANUAL)
106,2,4,96,49,1,102,24,1,0,1,79,108,32,21,22,0,0,12,66,41,1,17,16,2,2,1,9,2,1,0,1,117,276,454,FINAL (ENTRADA MANUAL)
106,2,5,86,48,1,96,31,0,0,1,72,111,29,18,24,0,0,9,55,42,1,16,19,3,2,1,4,2,1,2,1,118,15,454,FINAL (ENTRADA MANUAL)
106,2,6,77,50,0,92,31,1,0,1,61,114,33,13,25,1,0,5,51,42,0,12,18,0,0,3,6,2,0,0,1,118,253,451,FINAL (ENTRADA MANUAL)
106,3,1,94,48,0,119,27,1,0,1,82,121,48,14,18,0,0,7,69,44,0,11,17,2,2,0,15,3,0,0,0,127,290,493,FINAL (ENTRADA MANUAL)
106,3,2,97,31,0,128,22,0,0,0,81,107,35,25,22,0,0,8,73,23,0,23,14,3,2,0,13,1,0,0,0,126,278,493,FINAL (ENTRADA MANUAL)
106,3,3,81,52,0,117,22,2,0,0,69,140,39,6,13,0,0,7,57,49,0,4,7,4,4,2,20,0,0,0,0,127,274,493,FINAL (ENTRADA MANUAL)
106,3,4,100,31,0,143,24,0,0,1,91,123,42,27,13,0,0,3,80,27,0,23,12,1,3,2,14,5,0,0,0,132,299,493,FINAL (ENTRADA MANUAL)
106,3,5,101,52,0,129,20,0,0,1,85,144,36,20,13,0,0,5,71,42,0,17,11,0,4,2,5,1,0,0,0,150,303,493,FINAL (ENTRADA MANUAL)
106,3,6,103,42,0,135,18,1,0,0,88,139,37,15,12,0,0,8,74,36,0,12,9,3,5,1,14,1,1,0,0,144,300,493,FINAL (ENTRADA MANUAL)
106,4,1,138,32,1,52,26,0,0,0,108,89,8,9,21,0,0,14,103,29,1,8,18,1,0,0,1,2,1,0,0,86,250,437,FINAL (ENTRADA MANUAL)
106,4,2,139,31,0,39,36,0,0,0,115,78,8,8,29,0,0,7,98,28,0,8,25,3,1,0,0,2,1,1,0,80,247,437,FINAL (ENTRADA MANUAL)
106,4,3,91,49,0,50,27,0,0,0,79,84,22,3,22,0,0,7,70,44,0,3,15,1,0,0,7,1,1,0,0,76,218,437,FINAL (ENTRADA MANUAL)
106,4,4,90,29,0,44,28,0,0,0,76,66,11,8,17,0,0,13,61,22,0,4,15,1,1,0,1,0,2,0,0,86,193,437,FINAL (ENTRADA MANUAL)
106,4,5,95,37,0,51,39,0,0,0,78,76,20,8,31,0,0,9,69,28,0,4,27,1,0,1,5,0,0,0,0,87,222,439,FINAL (ENTRADA MANUAL)
106,5,1,140,40,0,50,14,1,0,0,121,80,21,5,12,0,0,6,113,35,0,5,8,1,3,0,3,1,0,0,0,76,245,414,FINAL (ENTRADA MANUAL)
106,5,2,114,67,0,46,16,0,0,0,93,104,15,5,11,0,0,15,84,56,0,3,10,2,4,0,3,1,1,0,0,80,244,414,FINAL (ENTRADA MANUAL)
106,5,3,116,57,0,45,13,1,0,0,91,95,16,7,13,0,0,10,85,51,0,5,8,3,2,0,1,1,0,0,0,76,232,413,FINAL (ENTRADA MANUAL)
106,6,1,104,53,0,78,21,0,0,0,85,115,14,11,15,0,0,16,78,45,0,10,12,0,3,0,3,0,0,1,0,105,257,464,FINAL (ENTRADA MANUAL)
106,6,2,120,52,1,59,26,0,0,0,102,91,21,9,23,0,0,12,90,46,1,8,17,5,2,0,9,0,1,0,0,80,259,463,FINAL (ENTRADA MANUAL)
106,7,1,78,33,0,55,15,0,0,0,63,68,16,11,14,0,0,9,56,29,0,9,13,1,1,0,10,0,0,0,0,62,181,393,FINAL (ENTRADA MANUAL)
106,7,2,76,42,0,56,14,0,0,0,54,82,16,10,12,0,0,14,49,34,0,10,8,0,2,0,3,0,1,0,0,82,189,393,FINAL (ENTRADA MANUAL)
106,7,3,56,42,0,51,18,0,0,1,44,87,15,4,9,0,0,9,35,34,0,4,9,0,1,0,6,0,0,0,1,79,169,394,FINAL (ENTRADA MANUAL)
106,8,1,105,47,1,71,10,0,0,0,85,90,20,17,6,0,0,16,80,38,1,16,4,1,1,0,5,0,0,0,0,88,234,476,FINAL (ENTRADA MANUAL)
106,8,2,135,33,0,46,16,0,1,0,112,69,11,9,14,0,1,15,106,28,0,8,9,1,0,0,4,2,1,0,3,73,235,476,FINAL (ENTRADA MANUAL)
106,8,3,125,45,0,61,21,0,1,0,107,94,16,8,15,0,1,12,103,42,0,8,13,1,0,1,6,1,2,0,0,78,255,476,FINAL (ENTRADA MANUAL)
106,8,4,105,44,0,59,29,0,0,1,86,93,22,7,24,0,0,6,71,38,0,6,19,1,3,1,3,0,0,0,0,96,238,476,FINAL (ENTRADA MANUAL)
106,8,5,128,44,1,65,32,0,0,0,107,98,23,8,25,0,0,9,95,40,0,8,22,0,3,0,6,2,0,0,0,94,270,478,FINAL (ENTRADA MANUAL)
106,72,1,12,11,0,2,3,0,0,0,10,13,1,1,3,0,0,0,9,11,0,1,3,0,0,0,1,0,1,0,0,3,29,0,FINAL (ENTRADA MANUAL)
106,72,2,1,0,0,0,0,0,0,0,1,0,0,0,0,0,0,0,1,0,0,0,0,0,0,0,0,0,0,0,0,0,1,0,FINAL (ENTRADA MANUAL)
106,72,3,9,5,0,2,0,0,0,1,9,5,0,1,0,0,0,0,9,5,0,1,0,0,0,0,0,0,0,0,0,1,16,0,FINAL (ENTRADA MANUAL)
106,72,4,36,17,0,7,5,0,0,0,31,25,3,1,4,0,0,1,31,17,0,1,3,0,0,0,2,0,3,1,0,11,69,0,FINAL (ENTRADA MANUAL)
106,72,5,39,19,1,10,4,0,0,0,36,25,5,3,3,0,0,1,33,15,1,3,3,1,0,0,2,0,0,0,0,15,73,0,FINAL (ENTRADA MANUAL)
106,72,6,5,1,0,0,0,0,0,0,5,1,0,0,0,0,0,0,5,1,0,0,0,0,0,0,0,0,3,0,0,0,9,0,FINAL (ENTRADA MANUAL)
106,72,7,227,84,0,53,13,0,0,0,195,149,15,6,5,0,0,7,185,81,0,6,4,7,5,1,5,1,0,0,0,82,377,0,FINAL (ENTRADA MANUAL)
106,72,8,0,2,0,0,0,0,0,0,0,2,0,0,0,0,0,0,0,2,0,0,0,0,0,0,0,0,0,0,0,0,2,0,FINAL (ENTRADA MANUAL)
106,72,9,0,0,0,0,0,0,0,0,0,0,0,0,0,0,0,0,0,0,0,0,0,0,0,0,0,0,0,0,0,0,0,0,FINAL (ENTRADA MANUAL)
106,72,10,2,2,0,0,0,0,0,1,2,2,0,0,0,0,0,1,2,2,0,0,0,0,0,0,0,0,1,0,0,0,5,0,FINAL (ENTRADA MANUAL)
106,72,11,11,4,0,0,0,0,0,0,9,6,0,0,0,0,0,0,9,3,0,0,0,0,0,0,0,0,0,0,0,3,15,0,FINAL (ENTRADA MANUAL)
106,72,12,1,0,0,0,0,0,0,0,1,0,0,0,0,0,0,0,1,0,0,0,0,0,0,0,0,0,0,0,0,0,1,0,FINAL (ENTRADA MANUAL)
106,73,1,214,123,0,10,11,0,0,0,185,128,2,2,8,0,0,34,171,110,0,1,8,0,1,0,2,0,0,0,0,66,359,0,FINAL (ENTRADA MANUAL)
106,73,2,0,0,0,0,0,0,0,0,0,0,0,0,0,0,0,0,0,0,0,0,0,0,0,0,0,0,0,0,0,0,0,0,FINAL (ENTRADA MANUAL)
106,73,3,38,26,0,0,0,0,0,1,38,26,0,0,0,0,0,1,37,26,0,0,0,0,0,0,0,0,1,0,0,1,65,0,FINAL (ENTRADA MANUAL)
106,74,1,0,1,0,1,0,0,0,0,0,1,1,0,0,0,0,0,0,1,0,0,0,0,0,0,0,0,0,0,0,1,2,0,FINAL (ENTRADA MANUAL)
106,74,2,0,0,0,0,0,0,0,0,0,0,0,0,0,0,0,0,0,0,0,0,0,0,0,0,0,0,0,0,0,0,0,0,FINAL (ENTRADA MANUAL)
106,75,1,0,1,0,0,0,0,0,0,0,1,0,0,0,0,0,0,0,1,0,0,0,0,0,0,0,0,0,0,0,0,1,0,FINAL (ENTRADA MANUAL)
106,76,1,10,3,0,0,0,0,0,0,6,4,0,0,0,0,0,3,6,2,0,0,0,0,0,0,0,0,0,0,0,5,13,0,FINAL (ENTRADA MANUAL)
106,76,2,1,0,0,0,0,0,0,0,1,0,0,0,0,0,0,0,1,0,0,0,0,0,0,0,0,0,0,0,0,0,1,0,FINAL (ENTRADA MANUAL)
106,76,3,3,0,0,0,0,0,0,0,3,0,0,0,0,0,0,0,2,0,0,0,0,0,0,0,0,0,0,0,0,1,3,0,FINAL (ENTRADA MANUAL)
106,77,1,0,0,0,0,0,0,0,0,0,0,0,0,0,0,0,0,0,0,0,0,0,0,0,0,0,0,0,0,0,0,0,0,FINAL (ENTRADA MANUAL)
106,77,2,6,6,0,36,2,1,0,0,6,15,20,7,2,0,0,1,5,6,0,7,2,0,0,1,5,0,0,0,0,25,51,0,FINAL (ENTRADA MANUAL)
106,77,3,0,0,0,1,0,0,0,0,0,1,0,0,0,0,0,0,0,0,0,0,0,0,0,0,0,0,0,0,0,1,1,0,FINAL (ENTRADA MANUAL)
106,77,4,2,0,0,3,0,0,0,0,2,1,0,2,0,0,0,0,2,0,0,1,0,0,1,0,0,0,0,0,0,1,5,0,FINAL (ENTRADA MANUAL)
106,78,1,62,21,0,23,8,0,0,0,55,37,2,7,5,0,0,8,48,18,0,6,4,1,0,0,2,0,0,0,0,36,115,0,FINAL (ENTRADA MANUAL)
106,78,2,3,0,0,0,0,0,0,1,3,0,0,0,1,0,0,0,1,0,0,0,0,0,0,0,0,0,1,0,0,3,5,0,FINAL (ENTRADA MANUAL)
106,78,3,6,2,0,0,0,0,0,0,4,3,0,0,0,0,0,1,4,1,0,0,0,0,0,0,0,0,0,0,0,3,8,0,FINAL (ENTRADA MANUAL)
106,78,4,1,0,0,0,0,0,0,0,1,0,0,0,0,0,0,0,1,0,0,0,0,0,0,0,0,0,0,0,0,0,1,0,FINAL (ENTRADA MANUAL)
107,1,1,87,51,2,107,17,0,1,0,74,110,45,17,12,0,0,7,67,45,1,15,7,1,3,4,5,1,0,0,0,116,265,452,FINAL (ENTRADA MANUAL)
107,1,2,78,38,0,95,17,1,1,0,66,92,41,14,15,0,0,2,57,34,0,13,12,1,1,1,3,2,0,1,0,106,231,452,FINAL (ENTRADA MANUAL)
107,1,3,84,43,0,95,21,1,1,0,79,98,31,13,15,0,0,9,68,38,0,12,10,3,2,2,5,1,0,0,0,104,245,452,FINAL (ENTRADA MANUAL)
107,1,4,89,41,0,96,13,0,0,1,80,85,29,24,13,0,0,9,73,35,0,21,10,1,0,1,8,0,0,0,1,91,241,452,FINAL (ENTRADA MANUAL)
107,1,5,70,40,0,109,18,0,0,0,64,108,35,17,11,0,0,2,58,35,0,15,10,0,4,1,16,1,0,0,2,97,239,452,FINAL (ENTRADA MANUAL)
107,1,6,90,41,0,99,16,0,0,1,76,103,32,21,12,0,0,3,68,37,0,16,9,2,1,2,10,3,1,0,0,99,248,452,FINAL (ENTRADA MANUAL)
107,1,7,79,44,0,97,17,0,0,1,71,105,30,15,9,0,0,8,59,34,0,14,3,0,2,1,7,1,0,0,0,117,238,452,FINAL (ENTRADA MANUAL)
107,2,1,63,34,0,113,19,0,0,0,59,104,37,13,15,0,0,1,49,26,0,10,13,2,2,1,11,0,0,0,0,115,229,367,FINAL (ENTRADA MANUAL)
107,2,2,75,35,0,103,14,1,1,1,67,105,29,17,7,0,0,5,52,28,0,11,7,2,1,1,12,0,0,0,0,116,230,367,FINAL (ENTRADA MANUAL)
107,2,3,67,44,0,122,14,0,0,0,53,121,40,14,17,0,0,2,42,40,0,13,10,4,4,0,10,1,1,0,0,123,248,367,FINAL (ENTRADA MANUAL)
107,2,4,62,33,2,105,20,0,0,0,54,94,46,8,16,1,0,3,48,33,2,8,12,1,6,1,18,2,1,0,0,91,223,367,FINAL (ENTRADA MANUAL)
107,2,5,64,40,0,115,20,0,0,0,49,134,20,17,13,0,0,6,45,38,0,15,9,3,3,0,5,1,0,0,1,120,240,367,FINAL (ENTRADA MANUAL)
107,3,1,95,65,1,107,18,0,0,0,89,133,39,10,12,0,0,3,71,57,1,8,8,2,1,0,8,1,0,0,0,129,286,529,FINAL (ENTRADA MANUAL)
107,3,2,74,58,0,112,22,0,0,0,63,122,41,20,17,0,1,2,50,50,0,17,15,3,3,1,14,0,0,0,0,113,266,529,FINAL (ENTRADA MANUAL)
107,3,3,71,44,0,136,24,0,0,0,63,127,37,18,20,0,0,10,55,37,0,15,16,0,2,1,14,0,1,0,0,135,276,529,FINAL (ENTRADA MANUAL)
107,3,4,83,50,1,120,28,0,0,0,69,123,46,10,27,0,0,7,60,42,1,9,19,2,2,1,13,2,0,0,0,131,282,529,FINAL (ENTRADA MANUAL)
107,3,5,85,38,0,103,23,0,2,0,68,99,36,16,18,0,0,14,57,33,0,15,10,0,1,0,11,1,0,1,1,123,253,529,FINAL (ENTRADA MANUAL)
107,3,6,72,54,0,131,25,1,0,1,59,123,55,15,22,0,1,9,52,46,0,11,20,0,2,2,10,0,0,0,0,141,284,530,FINAL (ENTRADA MANUAL)
107,4,1,124,50,1,93,26,0,0,0,108,119,30,10,23,0,0,4,95,45,1,10,19,0,4,0,6,0,0,0,0,114,294,561,FINAL (ENTRADA MANUAL)
107,4,2,88,51,0,98,22,0,0,0,71,119,22,18,18,0,0,11,62,41,0,16,13,0,2,2,9,0,0,0,0,114,259,561,FINAL (ENTRADA MANUAL)
107,4,3,109,51,0,104,26,0,0,0,84,123,26,18,19,0,0,20,74,48,0,16,10,4,1,2,7,0,0,1,0,128,291,561,FINAL (ENTRADA MANUAL)
107,4,4,93,47,1,93,34,0,0,0,82,119,21,13,26,0,0,7,78,42,1,10,23,0,2,0,6,1,0,1,0,105,269,561,FINAL (ENTRADA MANUAL)
107,4,5,103,49,1,77,27,0,0,0,91,106,21,12,21,0,0,6,79,43,0,11,17,2,3,0,8,1,0,0,0,93,257,561,FINAL (ENTRADA MANUAL)
107,4,6,110,52,0,85,22,0,0,1,75,116,23,14,22,0,0,20,63,41,0,13,20,1,1,1,5,1,2,0,0,124,272,563,FINAL (ENTRADA MANUAL)
107,5,1,83,52,0,83,17,0,0,1,69,100,33,10,11,0,0,13,57,46,0,8,11,1,0,0,16,0,0,0,0,97,236,487,FINAL (ENTRADA MANUAL)
107,5,2,75,56,0,65,18,0,0,0,63,90,28,10,15,0,0,8,58,49,0,6,14,0,1,1,6,1,0,0,1,78,215,487,FINAL (ENTRADA MANUAL)
107,5,3,88,38,1,62,18,0,0,0,72,84,16,12,16,0,0,7,60,36,0,10,13,1,6,0,7,1,0,0,0,73,207,487,FINAL (ENTRADA MANUAL)
107,5,4,74,43,0,93,11,0,1,0,53,96,31,13,12,0,1,16,46,36,0,12,8,2,5,1,17,0,0,0,0,95,224,487,FINAL (ENTRADA MANUAL)
107,6,1,86,50,0,66,13,0,0,0,80,87,21,13,10,0,0,4,72,48,0,12,8,1,2,0,4,0,1,0,0,68,216,412,FINAL (ENTRADA MANUAL)
107,6,2,101,42,0,44,10,0,0,0,87,78,12,8,10,0,0,2,80,40,0,8,6,2,2,0,3,1,0,0,0,55,197,412,FINAL (ENTRADA MANUAL)
107,6,3,77,41,0,58,14,0,0,0,64,79,21,5,12,0,0,9,57,36,0,5,10,0,2,1,4,1,0,0,0,74,190,412,FINAL (ENTRADA MANUAL)
107,6,4,91,28,2,64,10,2,0,0,75,77,10,16,8,0,0,11,68,24,2,15,7,0,1,0,2,0,1,0,0,78,198,414,FINAL (ENTRADA MANUAL)
107,7,1,72,31,0,136,22,0,0,1,56,119,44,16,21,0,0,6,50,25,0,14,16,4,7,1,6,0,0,0,0,139,262,432,FINAL (ENTRADA MANUAL)
107,7,2,88,38,1,117,17,0,0,0,71,106,41,20,19,0,0,4,62,32,1,16,13,0,1,0,13,0,0,0,0,123,261,432,FINAL (ENTRADA MANUAL)
107,7,3,76,38,0,123,20,2,0,0,61,118,40,17,15,0,0,8,50,38,0,14,12,5,1,0,11,0,0,1,1,128,261,432,FINAL (ENTRADA MANUAL)
107,7,4,77,34,0,125,22,0,0,0,65,114,34,16,17,0,0,12,57,30,0,13,10,2,7,0,11,1,0,0,0,127,258,432,FINAL (ENTRADA MANUAL)
107,7,5,74,33,0,116,23,0,0,0,57,123,30,16,16,0,0,4,52,30,0,14,13,3,2,0,14,1,0,0,0,117,246,432,FINAL (ENTRADA MANUAL)
107,7,6,67,39,1,129,16,0,1,0,53,122,47,11,12,0,1,7,46,36,1,10,9,2,5,2,14,1,1,0,0,127,254,432,FINAL (ENTRADA MANUAL)
107,7,7,76,28,0,118,25,1,0,0,51,119,39,18,17,0,0,4,40,26,0,16,14,1,4,0,8,1,0,0,0,138,248,433,FINAL (ENTRADA MANUAL)
107,8,1,80,41,0,102,20,0,0,0,63,107,33,14,16,1,0,9,57,34,0,12,13,1,1,0,13,0,2,0,0,112,245,450,FINAL (ENTRADA MANUAL)
107,8,2,87,48,0,108,27,0,0,2,71,108,43,17,23,0,0,10,65,44,0,15,20,2,3,3,12,0,0,0,0,108,272,450,FINAL (ENTRADA MANUAL)
107,8,3,100,31,0,98,16,0,0,0,85,93,33,18,11,1,0,4,72,24,0,16,11,2,2,0,11,0,0,0,1,107,246,449,FINAL (ENTRADA MANUAL)
107,9,1,97,52,0,103,23,0,0,0,86,105,36,20,17,0,0,11,72,43,0,20,15,0,0,0,11,0,0,0,0,114,275,519,FINAL (ENTRADA MANUAL)
107,9,2,98,33,0,87,15,1,0,1,80,92,32,11,10,0,0,10,68,29,0,8,10,1,3,1,8,1,0,2,0,106,237,519,FINAL (ENTRADA MANUAL)
107,9,3,80,40,0,95,16,1,0,0,72,98,35,14,13,0,0,0,66,32,0,12,11,2,3,0,3,0,0,0,0,103,232,519,FINAL (ENTRADA MANUAL)
107,9,4,88,45,0,103,14,0,0,0,68,111,32,17,11,0,0,11,59,37,0,13,6,1,0,2,7,0,0,0,0,125,250,519,FINAL (ENTRADA MANUAL)
107,9,5,85,31,0,79,29,0,0,0,74,88,21,10,27,0,0,4,64,28,0,9,19,0,2,1,9,0,0,0,0,92,224,519,FINAL (ENTRADA MANUAL)
107,9,6,98,37,0,117,19,0,0,0,89,114,32,14,16,0,0,6,81,31,0,13,14,1,6,1,5,1,0,0,0,118,271,519,FINAL (ENTRADA MANUAL)
107,9,7,105,52,0,75,19,0,0,0,88,112,16,11,17,0,0,7,82,46,0,11,13,1,1,0,7,2,0,0,0,88,251,518,FINAL (ENTRADA MANUAL)
107,10,1,71,39,0,119,29,1,0,0,58,128,34,8,21,0,0,10,42,28,0,5,18,1,1,1,14,3,0,0,0,146,259,433,FINAL (ENTRADA MANUAL)
107,10,2,81,47,0,114,33,1,1,0,71,126,35,12,28,0,0,5,55,41,0,11,21,3,4,2,9,0,1,0,0,131,278,433,FINAL (ENTRADA MANUAL)
107,10,3,83,36,0,114,23,0,0,1,73,112,35,16,14,0,0,7,63,31,0,14,13,2,2,0,12,4,0,0,0,116,257,433,FINAL (ENTRADA MANUAL)
107,10,4,88,46,0,108,21,0,0,1,76,117,36,7,14,0,0,14,59,40,0,6,12,2,2,0,9,0,0,0,0,134,264,433,FINAL (ENTRADA MANUAL)
107,10,5,78,58,0,123,22,0,0,0,65,131,41,26,11,0,0,7,55,51,0,24,6,2,1,2,13,3,0,0,1,124,282,433,FINAL (ENTRADA MANUAL)
107,10,6,50,55,0,114,17,1,0,1,41,119,42,11,16,1,0,8,31,46,0,11,13,3,3,2,14,0,0,0,0,115,238,433,FINAL (ENTRADA MANUAL)
107,10,7,77,37,0,124,29,0,0,0,69,104,46,23,19,0,0,6,59,31,0,19,14,0,2,1,14,1,0,0,0,126,267,433,FINAL (ENTRADA MANUAL)
107,10,8,76,35,1,126,16,0,0,0,66,121,31,13,15,0,0,8,62,30,1,10,9,1,4,1,14,1,0,2,0,121,256,433,FINAL (ENTRADA MANUAL)
107,10,9,84,47,1,111,20,0,1,0,77,126,29,13,14,0,0,5,65,36,0,10,10,1,4,0,6,1,0,0,0,131,264,430,FINAL (ENTRADA MANUAL)
107,72,1,78,53,0,27,9,0,0,2,69,77,10,4,4,0,0,5,64,51,0,4,2,3,1,1,5,3,14,0,0,35,183,0,FINAL (ENTRADA MANUAL)
107,72,2,0,0,0,0,0,0,0,0,0,0,0,0,0,0,0,0,0,0,0,0,0,0,0,0,0,0,0,0,0,0,0,0,FINAL (ENTRADA MANUAL)
107,72,3,265,131,0,69,26,1,0,0,250,191,25,7,14,0,0,5,234,120,0,6,9,4,6,2,12,5,0,0,0,94,492,0,FINAL (ENTRADA MANUAL)
107,72,4,73,51,0,32,6,1,0,0,72,65,7,9,5,0,0,5,69,45,0,9,5,0,2,0,0,0,1,0,0,33,164,0,FINAL (ENTRADA MANUAL)
107,72,5,2,1,0,2,0,0,0,0,2,2,1,0,0,0,0,0,2,1,0,0,0,0,0,1,0,0,0,0,0,1,5,0,FINAL (ENTRADA MANUAL)
107,72,6,2,1,0,0,0,0,0,0,2,1,0,0,0,0,0,0,2,1,0,0,0,0,0,0,0,0,0,0,0,0,3,0,FINAL (ENTRADA MANUAL)
107,72,7,25,10,0,7,3,0,0,0,23,19,1,1,1,0,0,0,22,9,0,1,1,0,0,0,0,0,0,0,0,12,45,0,FINAL (ENTRADA MANUAL)
107,72,8,6,3,0,1,0,0,0,0,6,4,0,0,0,0,0,0,6,1,0,0,0,0,0,0,1,0,0,0,0,2,10,0,FINAL (ENTRADA MANUAL)
107,73,1,116,353,2,29,21,0,1,2,98,376,6,8,8,0,0,28,91,314,1,7,8,0,1,0,2,2,0,0,1,98,525,0,FINAL (ENTRADA MANUAL)
107,73,2,0,0,0,0,0,0,0,0,0,0,0,0,0,0,0,0,0,0,0,0,0,0,0,0,0,0,0,0,0,0,0,0,FINAL (ENTRADA MANUAL)
107,73,3,2,2,0,0,0,0,0,0,2,2,0,0,0,0,0,0,2,2,0,0,0,0,0,0,0,0,1,0,0,0,5,0,FINAL (ENTRADA MANUAL)
107,74,1,3,4,0,5,3,0,0,0,3,7,3,0,2,0,0,0,3,4,0,0,2,0,0,0,0,0,0,0,0,6,15,0,FINAL (ENTRADA MANUAL)
107,74,2,0,0,0,0,0,0,0,0,0,0,0,0,0,0,0,0,0,0,0,0,0,0,0,0,0,0,0,0,0,0,0,0,FINAL (ENTRADA MANUAL)
107,75,1,4,1,0,2,0,0,0,0,3,4,0,0,0,0,0,0,2,1,0,0,0,0,0,0,0,0,0,0,0,4,7,0,FINAL (ENTRADA MANUAL)
107,75,2,0,0,0,0,0,0,0,0,0,0,0,0,0,0,0,0,0,0,0,0,0,0,0,0,0,0,0,0,0,0,0,0,FINAL (ENTRADA MANUAL)
107,76,1,26,3,0,6,0,0,0,0,24,6,1,1,0,0,0,3,19,3,0,1,0,0,0,0,0,0,0,0,0,12,35,0,FINAL (ENTRADA MANUAL)
107,76,2,0,0,0,0,0,0,0,0,0,0,0,0,0,0,0,0,0,0,0,0,0,0,0,0,0,0,0,0,0,0,0,0,FINAL (ENTRADA MANUAL)
107,76,3,6,0,0,1,0,0,0,0,6,1,0,0,0,0,0,0,5,0,0,0,0,1,0,0,0,0,0,0,0,1,7,0,FINAL (ENTRADA MANUAL)
107,76,4,0,0,0,0,0,0,0,0,0,0,0,0,0,0,0,0,0,0,0,0,0,0,0,0,0,0,0,0,0,0,0,0,FINAL (ENTRADA MANUAL)
107,76,5,2,0,0,0,0,0,0,0,2,0,0,0,0,0,0,0,2,0,0,0,0,0,0,0,0,0,0,0,0,0,2,0,FINAL (ENTRADA MANUAL)
107,76,6,0,0,0,0,0,0,0,0,0,0,0,0,0,0,0,0,0,0,0,0,0,0,0,0,0,0,0,0,0,0,0,0,FINAL (ENTRADA MANUAL)
107,77,1,2,4,0,13,2,0,0,0,2,12,5,2,0,0,0,0,2,2,0,2,0,0,1,0,1,1,0,0,0,12,21,0,FINAL (ENTRADA MANUAL)
107,77,2,7,3,0,47,1,0,0,0,6,12,33,12,1,0,0,0,6,3,0,6,1,0,0,0,12,0,0,0,0,30,58,0,FINAL (ENTRADA MANUAL)
107,77,3,3,2,0,4,2,0,0,0,2,6,1,0,2,0,0,0,1,1,0,0,2,0,1,0,1,0,0,0,0,5,11,0,FINAL (ENTRADA MANUAL)
107,78,1,24,10,0,21,7,0,0,0,22,14,6,6,8,0,0,6,18,6,0,6,6,1,0,1,0,0,0,0,1,24,63,0,FINAL (ENTRADA MANUAL)
107,78,2,8,0,0,2,0,0,0,0,7,0,0,2,0,0,0,1,7,0,0,1,0,0,0,0,0,0,1,0,1,2,12,0,FINAL (ENTRADA MANUAL)
107,78,3,11,2,0,3,1,0,0,0,9,5,1,0,1,0,0,1,8,0,0,0,1,0,0,0,0,0,0,0,0,8,17,0,FINAL (ENTRADA MANUAL)
107,78,4,0,2,0,6,1,0,0,0,0,3,4,0,1,0,0,1,0,2,0,0,1,0,0,1,0,0,0,0,0,5,9,0,FINAL (ENTRADA MANUAL)
108,1,1,100,29,0,114,5,0,0,0,82,121,31,9,3,0,0,2,72,26,0,6,3,1,4,2,18,0,0,0,0,116,248,433,FINAL (ENTRADA MANUAL)
108,1,2,95,32,1,91,2,0,0,0,77,108,21,11,2,1,0,1,69,30,1,8,1,3,1,1,9,0,0,0,0,98,221,433,FINAL (ENTRADA MANUAL)
108,1,3,92,24,0,101,6,1,0,0,76,97,27,13,3,1,0,7,69,18,0,11,3,0,5,1,15,1,0,0,0,101,224,433,FINAL (ENTRADA MANUAL)
108,1,4,97,27,2,106,7,0,0,0,80,99,36,17,2,0,0,5,75,27,1,14,2,0,2,4,10,2,0,0,0,102,239,433,FINAL (ENTRADA MANUAL)
108,1,5,90,25,0,91,10,1,0,2,72,86,33,9,10,0,0,9,64,23,0,8,6,1,2,3,11,0,0,0,0,101,219,433,FINAL (ENTRADA MANUAL)
108,1,6,95,34,0,97,4,1,0,0,86,101,30,7,3,0,0,4,75,26,0,6,1,3,2,1,12,1,0,1,0,104,232,433,FINAL (ENTRADA MANUAL)
108,1,7,109,31,1,94,3,0,0,1,90,99,35,10,2,0,0,3,82,27,1,9,0,3,2,2,8,0,2,1,0,105,242,433,FINAL (ENTRADA MANUAL)
108,1,8,80,31,0,102,6,0,0,1,64,106,28,12,4,0,0,6,56,29,0,10,1,4,3,3,11,0,0,1,1,103,222,434,FINAL (ENTRADA MANUAL)
108,2,1,77,35,0,123,10,0,0,0,66,104,31,22,11,0,0,11,55,27,0,18,7,2,3,3,5,0,0,0,0,125,245,449,FINAL (ENTRADA MANUAL)
108,2,2,89,48,0,119,10,1,0,0,69,122,36,20,8,0,0,12,59,44,0,13,6,1,4,0,10,4,0,1,0,126,268,449,FINAL (ENTRADA MANUAL)
108,2,3,85,45,0,96,17,0,1,0,78,103,30,16,13,0,0,4,66,37,0,13,10,0,3,2,12,1,0,0,0,100,244,449,FINAL (ENTRADA MANUAL)
108,2,4,89,40,0,107,17,0,0,0,72,107,39,12,15,0,0,8,61,31,0,9,11,1,2,0,7,0,0,0,0,131,253,450,FINAL (ENTRADA MANUAL)
108,3,1,72,33,0,95,15,0,0,0,56,94,31,17,10,1,0,6,50,28,0,13,6,0,4,2,8,1,1,0,0,103,216,404,FINAL (ENTRADA MANUAL)
108,3,2,67,17,0,74,12,0,0,1,57,52,32,18,6,0,0,6,50,16,0,17,3,1,0,0,9,2,0,0,0,73,171,404,FINAL (ENTRADA MANUAL)
108,3,3,62,17,0,79,11,0,0,1,57,62,25,16,5,0,0,5,50,15,0,15,4,1,1,2,5,2,0,1,0,75,171,404,FINAL (ENTRADA MANUAL)
108,3,4,89,29,1,88,15,0,0,0,77,83,25,15,11,0,1,10,70,23,0,14,7,0,2,1,12,0,0,0,1,93,223,403,FINAL (ENTRADA MANUAL)
108,4,1,98,36,0,110,15,0,0,0,82,105,40,17,9,0,0,6,67,34,0,16,6,1,3,1,11,2,1,0,0,118,260,517,FINAL (ENTRADA MANUAL)
108,4,2,91,41,0,129,9,0,0,1,73,123,36,20,6,1,0,2,63,33,0,16,4,2,1,2,9,1,1,0,0,140,272,517,FINAL (ENTRADA MANUAL)
108,4,3,91,41,1,105,11,0,0,0,69,108,35,11,14,0,0,12,58,36,1,9,9,0,2,1,7,0,0,0,0,126,249,517,FINAL (ENTRADA MANUAL)
108,4,4,95,38,0,117,15,0,0,0,83,101,43,13,12,0,0,13,68,34,0,10,10,2,4,2,17,1,1,0,0,117,266,517,FINAL (ENTRADA MANUAL)
108,4,5,101,35,0,108,12,0,1,0,81,102,44,9,12,0,0,9,69,31,0,6,9,3,2,8,20,0,1,0,0,109,258,517,FINAL (ENTRADA MANUAL)
108,4,6,95,38,0,126,12,0,0,1,85,104,42,19,12,0,1,9,71,31,0,19,10,2,1,2,17,1,1,0,0,118,273,517,FINAL (ENTRADA MANUAL)
108,4,7,94,36,0,119,13,0,1,0,80,117,32,16,9,0,1,8,69,29,0,13,7,2,3,2,8,1,0,0,1,129,264,518,FINAL (ENTRADA MANUAL)
108,5,1,106,39,0,82,37,0,0,0,89,104,26,10,27,0,0,8,76,34,0,7,22,0,5,0,10,2,2,0,0,108,266,475,FINAL (ENTRADA MANUAL)
108,5,2,86,44,2,99,28,0,0,0,76,94,35,20,20,1,0,13,64,37,1,17,16,1,1,2,10,2,1,1,0,108,261,475,FINAL (ENTRADA MANUAL)
108,6,1,88,34,0,133,11,1,0,1,74,118,47,17,7,0,0,5,65,30,0,17,5,5,3,3,12,0,1,0,1,128,270,433,FINAL (ENTRADA MANUAL)
108,6,2,91,27,2,140,11,0,0,0,74,116,38,26,12,0,0,5,61,24,1,21,7,4,3,2,11,0,1,0,0,137,272,433,FINAL (ENTRADA MANUAL)
108,6,3,82,40,0,118,8,1,0,0,68,104,43,16,10,0,1,7,58,32,0,13,6,1,5,1,14,1,0,1,0,118,250,433,FINAL (ENTRADA MANUAL)
108,6,4,94,28,0,129,7,0,0,1,80,109,35,22,4,0,0,9,69,21,0,17,3,3,2,1,7,0,0,0,0,136,259,434,FINAL (ENTRADA MANUAL)
108,7,1,100,39,0,88,20,0,0,1,86,99,34,8,15,0,0,6,70,31,0,7,13,2,1,0,6,2,0,0,0,116,248,464,FINAL (ENTRADA MANUAL)
108,7,2,94,40,0,99,19,0,0,1,87,102,25,11,16,0,0,12,74,34,0,9,14,1,4,0,11,0,0,0,0,106,253,464,FINAL (ENTRADA MANUAL)
108,7,3,118,47,0,71,19,0,1,0,89,113,21,6,15,0,0,12,76,35,0,4,12,2,6,0,7,0,0,0,0,114,256,464,FINAL (ENTRADA MANUAL)
108,7,4,82,44,0,118,15,0,0,1,71,109,30,25,16,0,0,9,60,36,0,22,9,2,3,0,8,2,0,0,0,118,260,464,FINAL (ENTRADA MANUAL)
108,7,5,81,52,0,89,8,0,1,0,63,96,27,20,11,0,0,14,56,46,0,19,5,2,3,0,11,0,2,0,0,89,233,464,FINAL (ENTRADA MANUAL)
108,7,6,85,38,0,94,22,0,0,1,73,100,24,13,20,0,0,10,60,31,0,11,15,0,3,0,7,0,0,0,0,113,240,466,FINAL (ENTRADA MANUAL)
108,8,1,77,47,1,153,8,1,0,2,59,158,48,13,6,0,0,5,50,43,1,11,4,4,2,1,21,0,0,0,0,152,289,454,FINAL (ENTRADA MANUAL)
108,8,2,74,32,0,139,18,1,0,1,65,130,42,17,8,0,0,3,57,29,0,14,7,2,1,3,15,1,0,0,0,136,265,454,FINAL (ENTRADA MANUAL)
108,8,3,71,30,0,118,18,1,0,0,59,114,35,15,12,0,0,3,54,27,0,12,9,2,2,3,15,0,0,0,0,114,238,454,FINAL (ENTRADA MANUAL)
108,8,4,53,28,0,119,12,1,0,0,45,100,42,13,7,0,0,6,37,24,0,10,7,2,8,5,7,2,0,0,0,111,213,454,FINAL (ENTRADA MANUAL)
108,8,5,69,23,0,137,30,0,0,1,50,123,51,14,19,0,0,3,45,21,0,11,16,1,11,2,16,3,0,0,1,134,261,454,FINAL (ENTRADA MANUAL)
108,8,6,55,37,0,162,27,1,0,1,48,138,60,19,17,1,0,0,42,33,0,17,15,2,4,6,19,4,0,0,0,141,283,454,FINAL (ENTRADA MANUAL)
108,8,7,67,36,0,145,25,0,0,1,47,135,48,16,24,0,0,4,43,32,0,15,18,2,3,3,12,2,0,0,0,144,274,454,FINAL (ENTRADA MANUAL)
108,9,1,76,31,3,92,11,0,0,1,68,77,28,22,10,0,0,9,62,23,2,20,6,1,2,5,11,1,0,0,0,81,214,399,FINAL (ENTRADA MANUAL)
108,9,2,63,26,0,83,27,1,0,0,45,87,30,11,16,0,0,11,40,24,0,11,13,2,5,0,8,3,0,0,0,94,200,399,FINAL (ENTRADA MANUAL)
108,9,3,71,37,2,91,18,0,0,0,63,81,29,24,15,0,0,7,60,35,2,21,13,0,0,0,7,0,0,0,0,81,219,399,FINAL (ENTRADA MANUAL)
108,10,1,71,43,1,80,21,0,0,0,55,90,28,10,16,0,0,17,46,36,1,10,13,0,1,0,7,2,1,0,0,100,217,389,FINAL (ENTRADA MANUAL)
108,10,2,69,31,1,90,15,0,0,0,60,78,26,17,13,0,1,11,48,25,1,15,10,0,0,1,8,1,0,0,0,97,206,389,FINAL (ENTRADA MANUAL)
108,10,3,82,31,0,100,7,0,0,0,67,95,29,16,7,0,0,6,61,26,0,16,5,1,2,3,10,1,0,0,0,95,220,389,FINAL (ENTRADA MANUAL)
108,10,4,76,35,0,58,12,0,0,0,58,81,16,11,6,0,1,8,50,23,0,8,4,0,1,1,4,0,0,0,0,90,181,388,FINAL (ENTRADA MANUAL)
108,11,1,80,40,0,121,16,0,0,0,73,106,36,25,12,3,0,2,58,37,0,20,9,0,2,3,7,0,0,0,0,121,257,421,FINAL (ENTRADA MANUAL)
108,11,2,77,40,0,85,19,0,0,1,66,101,18,18,17,0,0,2,55,32,0,14,14,1,2,0,4,0,0,0,0,100,222,421,FINAL (ENTRADA MANUAL)
108,11,3,77,33,1,98,19,1,1,0,60,91,38,16,13,1,0,11,49,28,1,13,11,2,3,1,11,0,0,0,1,111,231,421,FINAL (ENTRADA MANUAL)
108,11,4,86,29,0,109,17,0,0,1,73,84,42,22,17,0,0,4,53,24,0,18,13,0,1,1,7,1,0,0,0,124,242,421,FINAL (ENTRADA MANUAL)
108,11,5,85,27,0,105,18,0,0,2,70,84,35,19,19,0,0,10,62,21,0,19,15,0,1,1,10,0,0,0,0,108,237,421,FINAL (ENTRADA MANUAL)
108,11,6,88,28,1,110,15,0,0,0,78,94,36,13,12,0,0,9,70,26,0,13,10,0,2,0,7,0,0,0,1,114,243,421,FINAL (ENTRADA MANUAL)
108,11,7,79,40,1,109,13,0,0,0,64,116,34,13,8,0,0,7,49,31,0,11,5,2,2,1,9,1,0,0,1,131,243,421,FINAL (ENTRADA MANUAL)
108,11,8,62,37,1,106,14,0,0,1,53,110,23,20,10,0,0,5,46,30,1,17,7,1,3,0,12,1,0,0,0,103,221,421,FINAL (ENTRADA MANUAL)
108,11,9,66,24,1,128,13,0,0,2,51,97,50,16,10,0,0,10,40,22,1,13,5,2,3,0,11,0,0,0,0,137,234,419,FINAL (ENTRADA MANUAL)
108,12,1,73,43,0,101,12,1,0,0,57,118,28,13,11,1,0,2,50,39,0,12,9,2,3,1,14,0,0,0,0,100,230,365,FINAL (ENTRADA MANUAL)
108,12,2,72,31,0,78,16,1,0,0,65,80,29,10,12,0,1,1,58,26,0,10,9,1,1,0,6,2,0,0,0,85,198,365,FINAL (ENTRADA MANUAL)
108,12,3,67,33,1,94,16,0,0,1,59,93,22,20,12,0,0,6,52,29,1,19,11,0,2,1,8,1,0,0,0,88,212,365,FINAL (ENTRADA MANUAL)
108,12,4,71,26,1,99,10,0,0,0,65,81,31,17,10,0,0,3,60,24,0,17,6,2,6,2,10,2,1,0,0,78,208,365,FINAL (ENTRADA MANUAL)
108,13,1,82,49,0,88,19,0,0,0,66,108,37,10,14,0,0,3,55,43,0,10,11,1,2,1,7,2,0,0,0,106,238,446,FINAL (ENTRADA MANUAL)
108,13,2,77,33,0,81,27,1,1,0,69,86,24,17,19,0,0,5,62,32,0,16,16,2,6,1,5,1,0,0,0,79,220,446,FINAL (ENTRADA MANUAL)
108,13,3,74,33,0,102,17,0,1,1,57,99,36,13,11,1,1,10,50,29,0,13,9,1,2,1,13,1,1,0,0,109,229,447,FINAL (ENTRADA MANUAL)
108,14,1,73,34,0,101,10,1,0,0,66,95,34,13,9,1,0,1,62,32,0,11,8,1,1,1,12,0,0,0,0,91,219,390,FINAL (ENTRADA MANUAL)
108,14,2,65,36,1,112,15,1,0,0,54,103,31,22,10,0,1,9,50,34,1,16,10,4,1,0,10,1,0,0,0,103,230,390,FINAL (ENTRADA MANUAL)
108,14,3,72,37,2,108,11,0,1,0,51,86,43,21,10,0,1,19,45,30,1,19,6,3,1,1,4,0,0,0,0,121,231,390,FINAL (ENTRADA MANUAL)
108,14,4,75,32,1,99,21,0,0,0,68,93,35,14,15,0,0,3,61,29,1,11,12,1,1,1,12,2,0,0,0,97,228,390,FINAL (ENTRADA MANUAL)
108,14,5,50,36,0,78,10,0,0,0,47,79,24,12,7,0,0,5,42,30,0,11,6,0,0,1,9,2,1,0,0,73,175,390,FINAL (ENTRADA MANUAL)
108,14,6,83,30,0,93,8,0,0,1,68,86,31,19,6,0,1,4,58,27,0,14,4,1,2,0,9,0,0,0,0,100,215,390,FINAL (ENTRADA MANUAL)
108,14,7,74,31,0,103,16,1,0,0,64,93,32,18,10,0,0,8,57,28,0,16,6,1,4,0,17,2,0,0,0,94,225,390,FINAL (ENTRADA MANUAL)
108,14,8,61,42,0,106,17,0,0,1,54,110,27,18,10,1,0,7,44,39,0,15,10,0,2,0,10,1,0,0,0,106,227,391,FINAL (ENTRADA MANUAL)
108,15,1,91,33,0,127,19,0,0,0,73,116,35,18,15,0,0,13,65,28,0,14,10,1,3,2,11,1,0,0,0,135,270,497,FINAL (ENTRADA MANUAL)
108,15,2,84,31,0,123,18,0,1,1,66,106,44,15,14,0,0,13,61,26,0,11,13,1,4,2,13,0,0,0,0,127,258,497,FINAL (ENTRADA MANUAL)
108,15,3,94,36,1,105,21,0,0,0,83,107,34,15,12,0,0,6,73,36,1,12,12,1,4,0,7,2,0,0,0,109,257,497,FINAL (ENTRADA MANUAL)
108,15,4,87,39,0,124,19,0,1,1,74,125,30,14,15,0,0,13,57,34,0,13,13,1,2,0,10,0,0,0,1,141,272,497,FINAL (ENTRADA MANUAL)
108,15,5,87,28,0,132,15,1,0,2,72,111,44,18,10,0,0,10,57,23,0,15,7,4,3,4,13,1,0,0,0,138,265,496,FINAL (ENTRADA MANUAL)
108,16,1,92,47,2,129,25,0,0,0,81,128,46,19,20,1,0,0,73,41,2,17,16,1,2,3,13,3,0,0,0,124,295,499,FINAL (ENTRADA MANUAL)
108,16,2,82,45,1,126,26,0,0,1,69,137,36,13,17,0,0,9,58,38,0,9,15,1,3,2,9,5,0,0,0,141,281,499,FINAL (ENTRADA MANUAL)
108,16,3,95,34,0,112,15,0,0,0,86,104,32,12,9,0,0,13,70,29,0,11,7,1,0,1,10,0,1,0,1,127,258,499,FINAL (ENTRADA MANUAL)
108,16,4,82,46,0,105,22,0,0,0,75,110,25,17,21,0,0,7,62,40,0,14,16,2,0,0,6,1,1,0,0,114,256,499,FINAL (ENTRADA MANUAL)
108,16,5,84,46,1,127,19,0,0,0,75,106,49,24,13,1,0,9,62,41,1,21,11,1,2,0,11,1,1,0,0,126,278,499,FINAL (ENTRADA MANUAL)
108,17,1,99,42,2,39,8,0,0,1,84,70,13,9,6,0,0,9,77,37,0,7,6,1,1,0,1,1,1,1,0,60,193,333,FINAL (ENTRADA MANUAL)
108,17,2,58,32,0,34,8,0,0,1,53,49,11,6,9,0,0,5,49,23,0,4,7,1,0,0,3,0,0,1,0,46,134,333,FINAL (ENTRADA MANUAL)
108,18,1,84,40,0,102,18,1,0,0,71,111,26,14,16,0,0,7,64,37,0,12,15,2,5,0,17,0,0,0,1,93,246,501,FINAL (ENTRADA MANUAL)
108,18,2,101,45,0,93,12,0,0,0,87,96,39,12,11,0,0,6,78,40,0,11,8,2,0,1,13,1,0,1,0,97,252,501,FINAL (ENTRADA MANUAL)
108,18,3,84,34,0,98,28,0,0,0,72,93,39,8,21,0,0,11,58,29,0,8,20,3,0,0,12,0,1,0,0,114,245,501,FINAL (ENTRADA MANUAL)
108,19,1,65,33,0,117,11,0,0,0,53,96,45,15,6,0,0,11,48,29,0,14,6,2,2,3,10,0,1,0,0,112,227,405,FINAL (ENTRADA MANUAL)
108,19,2,69,34,0,90,17,1,0,0,60,91,30,15,11,0,0,4,55,31,0,15,9,1,0,2,9,0,0,0,0,89,211,405,FINAL (ENTRADA MANUAL)
108,19,3,76,35,0,111,15,0,0,1,66,104,36,9,16,0,0,7,59,31,0,6,9,1,0,2,13,1,0,1,0,116,239,405,FINAL (ENTRADA MANUAL)
108,19,4,76,37,0,111,8,0,0,2,73,102,33,14,7,0,0,5,62,32,0,12,4,2,2,4,8,0,1,0,0,108,235,405,FINAL (ENTRADA MANUAL)
108,19,5,78,27,1,95,22,0,1,1,68,81,21,19,21,1,1,13,61,22,1,17,14,3,0,0,8,0,0,0,0,99,225,405,FINAL (ENTRADA MANUAL)
108,20,1,99,40,1,84,9,0,0,0,90,88,25,12,8,0,0,10,77,34,0,10,5,3,1,0,13,2,0,0,0,88,233,451,FINAL (ENTRADA MANUAL)
108,20,2,79,38,0,87,21,0,0,0,66,82,34,18,16,0,0,9,58,35,0,17,13,1,3,2,3,0,1,0,0,93,226,451,FINAL (ENTRADA MANUAL)
108,20,3,80,32,0,72,14,0,0,1,63,71,20,18,14,0,0,13,57,28,0,17,9,0,1,1,5,1,0,1,0,80,200,451,FINAL (ENTRADA MANUAL)
108,20,4,90,22,0,87,12,0,0,0,78,76,28,14,8,0,0,7,69,19,0,12,6,0,2,0,11,1,1,0,1,91,213,451,FINAL (ENTRADA MANUAL)
108,20,5,77,37,1,75,15,0,1,0,62,73,29,13,12,0,0,17,48,32,1,10,9,1,2,1,2,0,0,0,0,100,206,449,FINAL (ENTRADA MANUAL)
108,72,1,318,99,0,64,16,3,0,0,299,147,32,5,10,0,1,6,280,93,0,5,7,3,2,3,16,2,0,0,0,89,500,0,FINAL (ENTRADA MANUAL)
108,72,2,76,19,1,19,3,0,0,0,73,34,7,2,0,0,0,2,71,17,0,2,0,0,7,0,3,0,2,0,0,18,120,0,FINAL (ENTRADA MANUAL)
108,72,3,416,174,0,145,33,0,0,2,395,280,53,10,26,0,0,6,376,159,0,8,20,10,18,5,19,5,0,0,1,150,585,0,FINAL (ENTRADA MANUAL)
108,72,4,29,9,0,5,1,0,0,0,29,10,4,0,1,0,0,0,29,9,0,0,1,0,0,2,0,0,1,1,0,3,46,0,FINAL (ENTRADA MANUAL)
108,72,5,60,22,0,12,0,1,0,0,59,24,7,3,1,0,0,1,53,20,0,2,0,1,0,1,3,0,0,0,0,15,95,0,FINAL (ENTRADA MANUAL)
108,72,6,86,49,0,28,6,0,0,0,81,64,13,4,6,0,0,1,81,49,0,4,5,1,0,0,7,0,1,0,0,22,170,0,FINAL (ENTRADA MANUAL)
108,72,7,14,5,0,4,1,0,0,0,14,9,0,0,1,0,0,0,14,5,0,0,1,0,0,0,1,0,0,0,0,3,24,0,FINAL (ENTRADA MANUAL)
108,72,8,0,0,0,0,0,0,0,0,0,0,0,0,0,0,0,0,0,0,0,0,0,0,0,0,0,0,0,0,0,0,0,0,FINAL (ENTRADA MANUAL)
108,73,1,173,386,0,69,14,0,1,2,151,429,12,19,10,0,0,24,146,355,0,18,10,2,7,2,8,0,0,1,0,97,646,0,FINAL (ENTRADA MANUAL)
108,73,2,0,0,0,0,0,0,0,0,0,0,0,0,0,0,0,0,0,0,0,0,0,0,0,0,0,0,0,0,0,0,0,0,FINAL (ENTRADA MANUAL)
108,73,3,0,0,0,0,0,0,0,0,0,0,0,0,0,0,0,0,0,0,0,0,0,0,0,0,0,0,0,0,0,0,0,0,FINAL (ENTRADA MANUAL)
108,73,4,0,0,0,0,0,0,0,0,0,0,0,0,0,0,0,0,0,0,0,0,0,0,0,0,0,0,0,0,0,0,0,0,FINAL (ENTRADA MANUAL)
108,73,5,2,11,0,1,0,0,0,0,2,11,1,0,0,0,0,0,2,10,0,0,0,0,0,0,0,0,2,0,0,2,16,0,FINAL (ENTRADA MANUAL)
108,74,1,8,1,0,4,4,0,0,0,8,3,2,0,3,0,0,1,8,1,0,0,3,0,0,0,2,0,0,0,0,3,17,0,FINAL (ENTRADA MANUAL)
108,74,2,0,0,0,0,0,0,0,0,0,0,0,0,0,0,0,0,0,0,0,0,0,0,0,0,0,0,0,0,0,0,0,0,FINAL (ENTRADA MANUAL)
108,75,1,6,1,0,7,1,0,0,1,5,5,3,0,0,0,0,3,4,1,0,0,0,0,0,0,3,0,0,1,0,7,16,0,FINAL (ENTRADA MANUAL)
108,76,1,22,2,1,5,0,0,0,0,18,5,1,2,0,0,0,4,15,2,1,1,0,0,0,0,0,0,0,0,0,11,30,0,FINAL (ENTRADA MANUAL)
108,76,2,0,0,0,0,0,0,0,0,0,0,0,0,0,0,0,0,0,0,0,0,0,0,0,0,0,0,0,0,0,0,0,0,FINAL (ENTRADA MANUAL)
108,76,3,6,0,1,1,0,0,1,0,4,2,1,1,0,0,0,1,3,0,1,0,0,1,0,0,0,0,0,0,0,4,9,0,FINAL (ENTRADA MANUAL)
108,76,4,0,0,0,0,0,0,0,0,0,0,0,0,0,0,0,0,0,0,0,0,0,0,0,0,0,0,0,0,0,0,0,0,FINAL (ENTRADA MANUAL)
108,77,1,8,8,0,34,4,0,0,0,7,25,18,2,2,0,0,0,4,5,0,1,0,1,0,1,5,1,0,0,0,36,54,0,FINAL (ENTRADA MANUAL)
108,77,2,8,7,0,82,2,0,0,0,9,27,50,12,1,0,0,0,8,6,0,10,1,1,0,1,10,0,0,0,0,12,100,0,FINAL (ENTRADA MANUAL)
108,77,3,6,4,0,13,0,0,0,0,4,15,4,0,0,0,0,0,4,4,0,0,0,0,0,1,0,0,0,0,0,14,23,0,FINAL (ENTRADA MANUAL)
108,78,1,109,50,1,82,11,0,0,4,93,104,19,18,9,0,0,14,81,37,1,16,9,1,2,0,6,1,1,0,0,103,258,0,FINAL (ENTRADA MANUAL)
108,78,2,5,1,0,7,1,0,1,0,2,3,2,1,2,0,0,5,2,0,0,1,0,0,0,0,0,0,0,0,0,12,15,0,FINAL (ENTRADA MANUAL)
108,78,3,11,3,0,8,1,0,0,0,11,6,1,2,2,0,0,1,10,3,0,2,1,0,0,0,0,0,0,0,1,7,24,0,FINAL (ENTRADA MANUAL)
108,78,4,4,1,0,0,0,0,0,0,4,1,0,0,0,0,0,0,4,1,0,0,0,0,0,0,0,0,0,0,0,0,5,0,FINAL (ENTRADA MANUAL)
109,1,1,83,49,0,65,22,0,2,0,62,101,13,9,16,0,0,20,49,41,0,8,15,0,3,0,8,1,0,0,0,96,221,400,FINAL (ENTRADA MANUAL)
109,1,2,75,54,1,54,23,0,0,2,61,92,18,11,17,0,0,10,55,51,1,6,13,3,0,0,1,2,0,0,0,77,209,400,FINAL (ENTRADA MANUAL)
109,1,3,75,49,0,78,12,0,0,0,60,90,25,15,14,0,0,10,54,46,0,12,10,0,1,0,4,0,0,0,0,87,214,401,FINAL (ENTRADA MANUAL)
109,2,1,83,37,0,121,23,0,1,0,60,112,39,22,21,0,1,10,54,34,0,19,16,3,4,2,17,3,0,0,0,113,265,404,FINAL (ENTRADA MANUAL)
109,2,2,70,35,0,136,15,0,1,0,59,109,53,18,12,0,0,6,54,32,0,15,7,1,3,2,18,3,0,0,0,122,257,404,FINAL (ENTRADA MANUAL)
109,2,3,60,39,0,134,22,0,0,0,46,117,46,23,20,0,0,3,39,35,0,23,14,0,2,3,11,1,0,0,0,127,255,404,FINAL (ENTRADA MANUAL)
109,2,4,77,21,0,119,17,0,0,1,62,102,41,13,11,0,0,6,56,13,0,11,8,4,2,3,9,0,0,0,0,129,235,404,FINAL (ENTRADA MANUAL)
109,2,5,69,33,0,135,19,0,0,0,60,92,54,20,18,0,1,11,49,28,0,17,14,1,4,4,12,4,0,1,0,123,257,404,FINAL (ENTRADA MANUAL)
109,3,1,99,44,1,162,15,0,0,0,85,161,47,14,11,0,0,3,74,36,0,12,8,2,4,4,16,3,0,0,0,162,321,419,FINAL (ENTRADA MANUAL)
109,3,2,87,26,0,128,21,0,0,0,74,121,37,8,18,0,0,4,66,23,0,8,15,1,6,5,14,2,0,0,0,122,262,419,FINAL (ENTRADA MANUAL)
109,3,3,83,37,0,116,17,1,0,0,69,114,45,7,14,0,0,5,61,33,0,3,10,2,8,2,10,1,0,0,0,124,254,419,FINAL (ENTRADA MANUAL)
109,3,4,80,41,0,115,16,2,0,1,70,107,51,14,10,0,0,3,59,36,0,11,7,2,4,5,17,3,0,0,0,111,255,419,FINAL (ENTRADA MANUAL)
109,3,5,95,20,2,131,17,1,0,0,82,116,54,5,7,1,0,1,67,17,1,3,4,1,10,4,18,3,0,0,0,138,266,419,FINAL (ENTRADA MANUAL)
109,3,6,79,25,0,131,12,1,0,0,66,123,36,13,8,0,0,2,58,24,0,13,4,1,2,3,11,2,0,0,0,130,248,419,FINAL (ENTRADA MANUAL)
109,3,7,95,34,0,120,19,0,0,1,80,128,42,9,8,0,0,2,71,28,0,8,6,2,9,0,27,3,0,0,0,115,269,419,FINAL (ENTRADA MANUAL)
109,3,8,81,28,1,133,16,0,0,0,75,111,45,12,9,0,0,7,63,22,1,10,7,1,4,0,16,0,0,0,1,135,260,419,FINAL (ENTRADA MANUAL)
109,3,9,82,29,1,135,11,0,0,0,82,105,56,8,3,0,0,4,68,27,1,5,3,2,2,4,21,0,0,0,0,125,258,419,FINAL (ENTRADA MANUAL)
109,3,10,79,24,0,139,15,0,0,0,58,137,35,10,11,0,0,6,50,18,0,8,9,2,7,1,12,2,0,0,1,148,258,419,FINAL (ENTRADA MANUAL)
109,3,11,97,35,0,115,13,1,0,0,79,125,36,9,7,0,0,5,67,31,0,7,4,0,3,0,13,0,0,0,1,136,262,414,FINAL (ENTRADA MANUAL)
109,4,1,106,43,0,102,26,0,0,0,88,116,33,15,18,0,0,7,69,39,0,12,16,1,1,0,11,2,0,0,0,126,277,435,FINAL (ENTRADA MANUAL)
109,4,2,95,36,0,108,19,0,0,0,78,100,42,17,11,0,1,9,67,31,0,14,10,1,1,1,14,0,0,0,0,119,258,435,FINAL (ENTRADA MANUAL)
109,4,3,89,35,0,119,36,0,0,0,80,104,43,16,31,0,0,5,68,31,0,13,21,3,1,2,15,0,0,1,0,125,280,435,FINAL (ENTRADA MANUAL)
109,4,4,81,41,0,110,21,0,0,0,68,111,43,13,16,0,0,2,61,33,0,11,13,0,2,1,17,3,0,0,0,112,253,435,FINAL (ENTRADA MANUAL)
109,4,5,103,34,0,91,17,0,0,0,87,89,25,15,16,0,1,12,78,26,0,14,14,3,2,1,10,0,0,0,0,97,245,435,FINAL (ENTRADA MANUAL)
109,4,6,81,39,0,127,10,0,0,0,69,109,46,19,5,1,0,8,64,34,0,16,2,1,3,5,20,0,0,0,0,112,257,435,FINAL (ENTRADA MANUAL)
109,4,7,97,26,1,100,19,0,0,0,80,79,46,13,19,0,0,6,77,24,0,11,12,2,0,2,12,2,0,1,1,101,245,434,FINAL (ENTRADA MANUAL)
109,5,1,98,75,0,59,28,0,0,1,81,114,19,12,18,0,0,17,74,66,0,10,15,0,3,0,5,0,0,0,0,88,261,492,FINAL (ENTRADA MANUAL)
109,5,2,102,56,0,54,26,0,0,0,84,90,16,10,18,0,0,20,79,45,0,8,17,1,1,0,11,0,1,0,0,76,239,492,FINAL (ENTRADA MANUAL)
109,5,3,81,68,1,68,35,1,1,1,70,109,17,14,28,0,0,18,60,53,0,14,25,2,2,1,9,1,0,0,0,89,256,492,FINAL (ENTRADA MANUAL)
109,5,4,95,54,0,54,41,0,0,0,78,103,14,9,28,0,0,12,72,48,0,9,24,2,0,2,2,2,1,0,0,83,245,492,FINAL (ENTRADA MANUAL)
109,5,5,80,50,0,65,30,1,0,0,62,92,18,12,21,1,2,18,55,44,0,11,17,0,3,1,8,2,0,0,0,85,226,492,FINAL (ENTRADA MANUAL)
109,5,6,77,62,0,73,24,0,0,0,69,107,23,12,17,0,0,8,60,52,0,11,17,1,2,0,6,3,1,0,0,84,237,490,FINAL (ENTRADA MANUAL)
109,6,1,90,50,0,65,19,0,0,0,74,93,20,13,13,0,0,11,70,45,0,11,11,0,2,1,4,0,2,0,0,80,226,336,FINAL (ENTRADA MANUAL)
109,6,2,68,37,1,64,16,0,0,1,50,82,17,14,12,0,0,12,44,33,1,13,8,1,2,0,1,0,0,0,0,84,187,335,FINAL (ENTRADA MANUAL)
109,7,1,111,59,1,82,23,1,0,1,90,116,27,14,23,1,0,7,80,50,1,13,15,2,3,1,8,2,0,0,0,103,278,536,FINAL (ENTRADA MANUAL)
109,7,2,107,65,0,86,24,0,0,0,87,117,31,13,17,0,0,17,80,53,0,10,16,2,3,1,7,0,2,0,0,110,284,536,FINAL (ENTRADA MANUAL)
109,7,3,127,49,0,75,28,0,0,0,111,106,29,7,16,0,0,10,92,39,0,7,13,0,0,1,9,1,0,0,0,117,279,536,FINAL (ENTRADA MANUAL)
109,7,4,120,57,0,88,24,0,0,1,100,118,26,13,15,0,0,18,92,46,0,13,12,1,1,0,8,0,0,0,1,117,291,536,FINAL (ENTRADA MANUAL)
109,7,5,124,47,0,78,23,2,0,3,106,101,29,12,15,0,0,14,90,34,0,10,13,1,1,2,14,1,0,0,0,111,277,535,FINAL (ENTRADA MANUAL)
109,8,1,93,36,0,61,20,0,0,1,81,71,17,14,15,0,0,13,71,32,0,11,12,2,1,0,5,0,0,0,0,77,211,386,FINAL (ENTRADA MANUAL)
109,8,2,103,29,0,56,18,1,0,0,85,59,17,16,17,0,0,13,74,23,0,14,11,0,0,0,8,2,1,0,0,75,208,386,FINAL (ENTRADA MANUAL)
109,8,3,95,31,0,63,19,0,1,0,79,68,22,8,17,1,0,14,70,28,0,4,13,0,1,1,5,0,0,0,0,87,209,385,FINAL (ENTRADA MANUAL)
109,72,1,154,63,0,27,9,0,0,1,151,74,16,1,6,0,0,6,144,58,0,1,5,0,1,3,3,0,0,0,1,39,255,0,FINAL (ENTRADA MANUAL)
109,72,2,15,12,0,0,4,0,0,1,15,12,0,0,4,0,0,1,15,12,0,0,4,0,0,0,0,0,1,0,0,0,32,0,FINAL (ENTRADA MANUAL)
109,72,3,19,12,0,11,2,0,0,0,19,15,7,0,1,0,0,2,17,11,0,0,1,0,2,1,4,0,0,0,0,8,44,0,FINAL (ENTRADA MANUAL)
109,72,4,76,33,0,38,4,0,0,0,67,51,17,6,7,0,0,3,65,33,0,6,4,1,0,4,7,1,2,2,0,30,155,0,FINAL (ENTRADA MANUAL)
109,72,5,6,2,0,1,1,0,0,0,6,3,1,0,0,0,0,0,5,2,0,0,0,1,0,0,0,1,0,0,0,2,10,0,FINAL (ENTRADA MANUAL)
109,72,6,2,1,0,1,0,0,0,0,2,1,0,1,0,0,0,0,2,1,0,1,0,0,0,0,0,0,0,0,0,0,4,0,FINAL (ENTRADA MANUAL)
109,72,7,50,20,1,14,5,0,0,0,46,35,6,1,2,0,0,0,45,20,1,1,2,0,0,0,2,0,0,0,0,19,90,0,FINAL (ENTRADA MANUAL)
109,72,8,1,5,0,0,0,0,0,0,1,5,0,0,0,0,0,0,0,3,0,0,0,0,0,0,0,0,0,0,0,3,6,0,FINAL (ENTRADA MANUAL)
109,72,9,451,189,1,97,45,0,0,2,425,285,37,9,19,0,2,8,415,179,1,7,12,6,4,2,13,3,0,0,0,143,785,0,FINAL (ENTRADA MANUAL)
109,73,1,56,90,0,22,2,0,1,1,49,101,10,4,2,0,0,6,46,86,0,4,2,2,1,2,6,0,0,0,0,23,172,0,FINAL (ENTRADA MANUAL)
109,73,2,9,16,0,1,1,0,0,0,9,16,1,0,1,0,0,0,9,16,0,0,1,0,0,1,0,0,0,0,0,0,27,0,FINAL (ENTRADA MANUAL)
109,74,1,2,4,0,2,2,0,0,0,2,6,1,0,1,0,0,0,2,4,0,0,1,0,1,0,0,0,0,0,0,2,10,0,FINAL (ENTRADA MANUAL)
109,74,2,0,0,0,0,0,0,0,0,0,0,0,0,0,0,0,0,0,0,0,0,0,0,0,0,0,0,0,0,0,0,0,0,FINAL (ENTRADA MANUAL)
109,75,1,1,0,0,3,0,0,0,0,1,1,2,0,0,0,0,0,1,0,0,0,0,0,0,0,0,0,0,0,0,3,4,0,FINAL (ENTRADA MANUAL)
109,76,1,8,1,0,0,1,0,0,0,8,1,0,0,1,0,0,0,8,1,0,0,1,0,0,0,0,0,0,0,0,0,10,0,FINAL (ENTRADA MANUAL)
109,76,2,0,0,0,0,0,0,0,0,0,0,0,0,0,0,0,0,0,0,0,0,0,0,0,0,0,0,0,0,0,0,0,0,FINAL (ENTRADA MANUAL)
109,76,3,4,0,0,0,1,0,0,0,4,0,0,0,1,0,0,0,3,0,0,0,1,0,0,0,0,0,0,0,0,1,5,0,FINAL (ENTRADA MANUAL)
109,77,1,0,0,0,0,0,0,0,0,0,0,0,0,0,0,0,0,0,0,0,0,0,0,0,0,0,0,0,0,0,0,0,0,FINAL (ENTRADA MANUAL)
109,77,2,0,0,0,2,0,0,0,0,0,0,3,1,0,0,0,0,0,0,0,1,0,0,0,0,1,0,0,0,0,2,4,0,FINAL (ENTRADA MANUAL)
109,77,3,2,1,0,9,1,0,0,0,2,3,6,2,0,0,0,0,2,1,0,2,0,0,0,0,2,1,0,0,0,5,13,0,FINAL (ENTRADA MANUAL)
109,77,4,10,2,0,50,2,0,0,0,8,13,33,7,3,0,0,0,8,2,0,7,2,0,0,1,5,0,0,0,0,39,64,0,FINAL (ENTRADA MANUAL)
109,77,5,2,4,0,11,1,0,0,0,1,9,7,0,1,0,0,0,1,4,0,0,1,0,0,2,1,0,0,0,0,9,18,0,FINAL (ENTRADA MANUAL)
109,78,1,33,22,0,22,4,0,0,1,28,31,9,0,5,0,1,8,25,19,0,0,4,0,0,1,4,0,0,0,0,29,82,0,FINAL (ENTRADA MANUAL)
109,78,2,11,0,0,0,1,0,0,0,9,0,0,0,0,0,0,3,5,0,0,0,0,0,0,0,0,0,0,0,0,7,12,0,FINAL (ENTRADA MANUAL)
109,78,3,2,2,0,1,0,0,0,0,2,2,0,1,0,0,0,0,1,2,0,1,0,0,0,0,0,0,0,0,0,1,5,0,FINAL (ENTRADA MANUAL)
109,78,4,0,0,0,0,0,0,0,0,0,0,0,0,0,0,0,0,0,0,0,0,0,0,0,0,0,0,0,0,0,0,0,0,FINAL (ENTRADA MANUAL)
110,1,1,35,16,0,82,10,0,0,1,29,60,35,9,2,1,0,8,26,14,0,8,2,1,0,6,12,1,1,0,0,74,145,228,FINAL (ENTRADA MANUAL)
110,1,2,49,19,2,90,7,0,0,0,37,74,45,7,3,0,0,1,34,18,2,6,3,2,2,5,14,1,0,0,0,80,167,228,FINAL (ENTRADA MANUAL)
110,2,1,77,55,0,123,16,0,0,0,67,114,48,20,9,0,0,13,62,41,0,16,5,2,0,2,19,4,1,0,0,120,272,474,FINAL (ENTRADA MANUAL)
110,2,2,80,30,2,119,15,0,0,0,68,96,32,29,16,0,0,5,62,27,2,25,10,2,3,1,12,3,1,0,0,99,247,474,FINAL (ENTRADA MANUAL)
110,2,3,68,41,0,125,15,0,0,0,61,128,34,12,9,0,0,5,54,35,0,11,4,2,5,0,14,1,0,0,0,123,249,474,FINAL (ENTRADA MANUAL)
110,2,4,83,38,0,128,9,0,0,0,71,117,37,22,7,0,0,4,65,33,0,18,6,1,1,0,10,0,0,0,0,124,258,474,FINAL (ENTRADA MANUAL)
110,2,5,84,39,0,116,20,0,1,0,75,115,36,12,20,0,0,2,65,36,0,10,14,5,3,2,11,1,0,0,0,113,260,473,FINAL (ENTRADA MANUAL)
110,3,1,95,55,0,144,18,0,0,0,86,136,54,12,16,0,0,8,79,46,0,11,9,0,3,4,22,3,0,0,0,135,312,448,FINAL (ENTRADA MANUAL)
110,3,2,73,30,0,133,20,0,0,1,57,108,54,17,12,0,0,9,52,26,0,13,10,4,1,1,20,2,0,0,0,128,257,448,FINAL (ENTRADA MANUAL)
110,3,3,63,36,1,128,21,0,0,0,56,121,34,21,12,0,0,5,45,32,1,18,8,3,4,3,14,3,1,0,1,118,251,448,FINAL (ENTRADA MANUAL)
110,3,4,62,35,1,131,8,0,0,0,57,106,48,10,8,0,0,8,45,29,1,10,6,3,2,2,8,0,0,0,1,131,238,448,FINAL (ENTRADA MANUAL)
110,3,5,67,32,0,132,26,0,0,0,56,125,30,22,17,0,0,7,48,26,0,17,15,2,3,1,12,5,1,0,0,128,258,448,FINAL (ENTRADA MANUAL)
110,3,6,69,42,0,129,13,0,0,1,57,135,30,15,10,1,0,6,50,35,0,14,7,1,4,0,10,1,0,0,0,132,254,448,FINAL (ENTRADA MANUAL)
110,3,7,78,37,0,122,17,0,0,0,71,121,35,11,14,0,0,2,63,31,0,9,10,0,3,2,13,1,0,0,0,122,254,446,FINAL (ENTRADA MANUAL)
110,4,1,92,35,1,136,23,0,1,0,75,118,44,19,21,0,0,11,72,34,1,16,17,1,4,3,12,1,0,0,0,127,288,405,FINAL (ENTRADA MANUAL)
110,4,2,49,38,0,137,22,0,0,0,41,102,48,25,21,0,0,9,37,29,0,16,18,1,2,0,23,0,0,0,0,120,246,405,FINAL (ENTRADA MANUAL)
110,4,3,79,44,0,114,24,0,0,0,59,117,40,16,24,0,0,5,50,38,0,14,17,1,3,2,14,0,1,0,0,122,262,405,FINAL (ENTRADA MANUAL)
110,4,4,81,33,0,132,26,0,0,0,71,112,39,20,23,0,0,7,64,30,0,14,20,3,4,1,11,1,0,0,0,124,272,406,FINAL (ENTRADA MANUAL)
110,5,1,99,42,0,128,26,0,0,1,85,133,31,19,20,0,0,8,77,33,0,16,14,2,5,4,19,3,4,0,2,123,302,470,FINAL (ENTRADA MANUAL)
110,5,2,69,34,2,104,25,1,0,0,57,96,41,16,24,0,0,1,47,31,1,16,20,2,5,4,17,1,1,0,0,91,236,470,FINAL (ENTRADA MANUAL)
110,5,3,63,32,1,108,18,1,1,2,54,99,36,15,15,2,0,5,45,26,1,13,13,2,1,1,11,0,0,0,0,113,226,470,FINAL (ENTRADA MANUAL)
110,5,4,70,28,0,97,21,0,1,0,58,98,29,8,17,0,1,6,50,25,0,5,11,2,7,2,17,0,1,0,0,98,218,470,FINAL (ENTRADA MANUAL)
110,5,5,77,28,0,109,20,0,0,0,65,90,46,10,14,0,0,9,58,26,0,9,14,0,4,3,11,0,0,0,0,109,234,470,FINAL (ENTRADA MANUAL)
110,5,6,96,35,0,115,24,0,0,0,80,105,45,18,11,0,0,11,71,34,0,17,10,0,0,0,15,2,0,0,0,121,270,470,FINAL (ENTRADA MANUAL)
110,5,7,84,40,1,105,20,0,0,0,64,103,39,16,11,0,0,17,55,32,0,12,10,4,0,1,9,0,0,0,0,127,250,470,FINAL (ENTRADA MANUAL)
110,5,8,64,40,1,120,23,0,0,0,60,108,46,12,13,0,0,9,49,33,1,11,12,1,3,1,17,2,2,0,0,118,250,470,FINAL (ENTRADA MANUAL)
110,5,9,65,37,0,115,17,0,1,0,60,101,38,15,13,0,0,8,53,35,0,12,13,2,1,5,10,1,0,0,0,103,235,470,FINAL (ENTRADA MANUAL)
110,5,10,65,33,1,125,20,0,0,1,53,115,42,14,14,0,0,7,48,30,1,10,13,0,2,2,16,0,1,0,0,123,246,470,FINAL (ENTRADA MANUAL)
110,6,1,95,64,0,79,21,0,0,1,76,115,25,16,13,0,0,15,66,57,0,15,11,0,3,2,7,1,1,0,0,98,261,457,FINAL (ENTRADA MANUAL)
110,6,2,99,43,1,75,14,0,0,0,87,94,25,5,16,0,0,5,72,40,1,5,10,2,1,0,5,0,0,0,0,96,232,457,FINAL (ENTRADA MANUAL)
110,6,3,92,36,0,78,14,0,0,0,73,97,24,11,10,0,0,5,67,32,0,11,5,1,0,3,5,1,2,0,0,95,222,457,FINAL (ENTRADA MANUAL)
110,6,4,95,47,1,99,14,1,0,2,71,114,32,19,10,0,0,13,67,40,0,19,7,0,0,1,5,0,0,0,0,120,259,457,FINAL (ENTRADA MANUAL)
110,6,5,80,41,0,84,19,0,1,0,64,91,29,12,8,0,0,21,59,36,0,12,7,0,2,1,12,1,1,1,0,95,227,457,FINAL (ENTRADA MANUAL)
110,6,6,91,52,0,79,11,0,0,0,76,99,24,11,7,0,1,15,67,45,0,9,4,1,1,0,7,0,1,0,0,99,234,456,FINAL (ENTRADA MANUAL)
110,7,1,85,37,1,123,18,0,0,0,77,116,42,12,13,0,0,4,66,33,0,11,11,2,3,3,15,2,0,0,0,118,264,459,FINAL (ENTRADA MANUAL)
110,7,2,78,37,1,127,13,0,0,1,64,121,37,18,12,0,0,5,54,34,1,17,9,2,4,1,12,0,1,0,0,123,258,459,FINAL (ENTRADA MANUAL)
110,7,3,94,36,0,110,19,1,0,0,72,109,39,19,13,0,1,7,67,30,0,16,10,5,1,0,10,2,2,0,0,119,262,459,FINAL (ENTRADA MANUAL)
110,7,4,74,28,0,112,23,0,0,1,66,95,37,17,19,0,0,4,55,26,0,16,12,2,1,3,6,2,0,0,0,115,238,459,FINAL (ENTRADA MANUAL)
110,7,5,88,32,0,118,21,0,0,0,77,96,44,12,16,0,0,14,67,29,0,11,15,1,5,1,20,0,1,0,0,110,260,460,FINAL (ENTRADA MANUAL)
110,8,1,78,48,0,142,23,1,0,1,64,125,50,17,22,0,0,15,56,39,0,17,14,4,3,0,19,1,0,0,0,140,293,387,FINAL (ENTRADA MANUAL)
110,8,2,63,37,0,135,23,1,0,0,55,115,46,20,18,0,0,5,47,32,0,18,14,1,1,0,17,2,0,0,0,127,259,387,FINAL (ENTRADA MANUAL)
110,8,3,81,32,0,127,19,0,0,1,71,111,51,8,14,0,0,5,63,27,0,7,10,0,4,1,19,3,0,0,1,126,261,386,FINAL (ENTRADA MANUAL)
110,72,1,196,76,0,59,11,0,0,1,187,117,26,5,7,0,0,1,166,74,0,5,6,2,5,3,11,0,5,0,0,71,348,0,FINAL (ENTRADA MANUAL)
110,72,2,0,0,0,0,0,0,0,0,0,0,0,0,0,0,0,0,0,0,0,0,0,0,0,0,0,0,0,0,0,0,0,0,FINAL (ENTRADA MANUAL)
110,72,3,230,92,0,100,8,0,0,0,218,159,35,8,8,0,0,2,208,82,0,8,2,3,5,2,13,0,0,0,0,107,432,0,FINAL (ENTRADA MANUAL)
110,72,4,51,30,0,37,2,2,0,0,47,58,7,3,1,2,0,4,42,25,0,2,1,0,3,0,9,0,1,0,0,40,123,0,FINAL (ENTRADA MANUAL)
110,72,5,23,1,0,1,0,0,0,0,23,2,0,0,0,0,0,0,19,1,0,0,0,0,0,0,0,0,0,0,0,5,25,0,FINAL (ENTRADA MANUAL)
110,72,6,0,1,0,0,0,0,0,0,0,1,0,0,0,0,0,0,0,1,0,0,0,0,0,0,0,0,0,0,0,0,1,0,FINAL (ENTRADA MANUAL)
110,72,7,1,1,0,1,1,0,0,0,1,2,1,0,0,0,0,0,1,1,0,0,0,0,0,0,0,0,0,0,0,2,4,0,FINAL (ENTRADA MANUAL)
110,72,8,3,1,0,1,0,0,0,0,3,1,1,0,0,0,0,0,3,1,0,0,0,0,0,0,0,0,0,0,0,1,5,0,FINAL (ENTRADA MANUAL)
110,72,9,58,12,0,4,3,0,0,0,56,16,0,0,3,0,0,2,52,10,0,0,1,0,1,0,0,1,0,0,0,12,77,0,FINAL (ENTRADA MANUAL)
110,72,10,1,0,0,0,0,0,0,0,1,0,0,0,0,0,0,0,1,0,0,0,0,0,0,0,0,0,0,0,0,0,1,0,FINAL (ENTRADA MANUAL)
110,73,1,33,93,0,10,15,0,0,0,24,100,3,5,11,0,0,8,23,79,0,5,10,0,1,0,0,0,0,0,0,33,151,0,FINAL (ENTRADA MANUAL)
110,73,2,6,15,0,1,0,0,0,0,6,15,0,1,0,0,0,0,6,15,0,1,0,0,0,0,0,0,0,0,0,0,22,0,FINAL (ENTRADA MANUAL)
110,74,1,0,5,0,2,0,0,0,0,0,5,0,0,0,0,0,0,0,5,0,0,0,0,0,0,0,0,0,0,0,2,7,0,FINAL (ENTRADA MANUAL)
110,74,2,0,0,0,0,0,0,0,0,0,0,0,0,0,0,0,0,0,0,0,0,0,0,0,0,0,0,0,0,0,0,0,0,FINAL (ENTRADA MANUAL)
110,75,1,2,0,0,1,0,0,0,0,2,1,0,0,0,0,0,0,2,0,0,0,0,0,0,0,0,0,0,0,0,1,3,0,FINAL (ENTRADA MANUAL)
110,76,1,12,0,0,4,0,0,0,0,10,1,2,1,0,0,0,2,8,0,0,1,0,0,0,0,0,0,0,0,0,7,16,0,FINAL (ENTRADA MANUAL)
110,76,2,0,0,0,0,0,0,0,0,0,0,0,0,0,0,0,0,0,0,0,0,0,0,0,0,0,0,0,0,0,0,0,0,FINAL (ENTRADA MANUAL)
110,76,3,3,0,0,0,0,0,0,0,2,0,0,0,0,0,0,1,2,0,0,0,0,0,0,0,0,0,0,0,0,1,3,0,FINAL (ENTRADA MANUAL)
110,76,4,0,0,0,0,0,0,0,0,0,0,0,0,0,0,0,0,0,0,0,0,0,0,0,0,0,0,0,0,0,0,0,0,FINAL (ENTRADA MANUAL)
110,76,5,1,0,0,0,0,0,0,0,0,1,0,0,0,0,0,0,0,0,0,0,0,0,0,0,0,0,0,0,0,1,1,0,FINAL (ENTRADA MANUAL)
110,77,1,12,4,0,60,1,0,0,0,9,29,33,4,2,0,0,0,9,4,0,4,1,0,0,2,8,0,0,0,0,49,77,0,FINAL (ENTRADA MANUAL)
110,77,2,1,2,1,8,0,0,0,0,2,3,4,1,0,0,0,1,1,2,0,1,0,0,0,1,0,0,0,0,0,6,11,0,FINAL (ENTRADA MANUAL)
110,78,1,38,19,0,32,4,1,0,1,36,37,6,4,2,1,0,9,31,15,0,4,2,1,1,1,2,0,0,0,0,38,95,0,FINAL (ENTRADA MANUAL)
110,78,2,7,0,0,4,0,0,0,0,3,2,0,2,0,0,0,4,3,0,0,2,0,0,0,0,0,0,0,0,0,6,11,0,FINAL (ENTRADA MANUAL)
110,78,3,4,1,0,4,0,0,0,0,3,2,0,2,0,0,0,2,3,1,0,2,0,0,0,0,0,0,0,0,0,3,9,0,FINAL (ENTRADA MANUAL)
110,78,4,0,0,0,1,0,0,0,1,0,1,1,0,0,0,0,0,0,0,0,0,0,0,0,0,0,0,0,0,0,2,2,0,FINAL (ENTRADA MANUAL)
