PREKEY,UNIKEY,COLKEY,ALC_PNP,ALC_PPD,ALC_MVC,ALC_PIP,ALC_PD,ALC_IND,ALC_OTR,ALC_MVT,ALC_NVT,MUN_PNP_INT,MUN_PPD_INT,MUN_MVC_INT,MUN_PIP_INT,MUN_PD_INT,MUN_PNP_MIX,MUN_PPD_MIX,MUN_MVC_MIX,MUN_PIP_MIX,MUN_PD_MIX,MUN_BLN,MUN_NUL,MUN_MVT,MUN_CND,MUN_TOT,INSCRITOS,STATUS_3
1,1,1,77,101,51,,0,1,0,1,0,55,100,36,,0,2,2,3,,1,1,0,0,32,230,463,FINAL (ENTRADA MANUAL)
1,1,2,76,82,29,,2,1,0,0,0,47,75,20,,2,2,2,1,,0,0,0,0,41,190,463,FINAL (ENTRADA MANUAL)
1,1,3,81,104,62,,0,1,0,0,1,46,95,42,,0,0,6,0,,0,0,0,0,60,249,463,FINAL (ENTRADA MANUAL)
1,1,4,85,96,48,,2,1,0,0,0,59,91,32,,2,0,1,0,,0,2,0,0,47,234,462,FINAL (ENTRADA MANUAL)
1,2,1,61,21,168,,3,0,1,0,0,45,20,151,,3,0,0,1,,2,0,0,0,32,254,406,FINAL (ENTRADA MANUAL)
1,2,2,59,17,163,,1,1,0,0,0,40,16,126,,1,1,1,1,,3,1,0,0,52,242,406,FINAL (ENTRADA MANUAL)
1,2,3,59,27,176,,1,0,0,0,1,39,23,135,,1,1,4,2,,1,0,0,0,58,264,406,FINAL (ENTRADA MANUAL)
1,2,4,50,26,148,,2,0,1,0,0,36,21,118,,2,1,4,5,,0,0,0,0,40,227,406,FINAL (ENTRADA MANUAL)
1,2,5,51,11,163,,3,0,0,0,0,44,11,126,,2,0,4,1,,1,1,0,0,39,229,407,FINAL (ENTRADA MANUAL)
1,3,1,104,11,92,,0,0,0,0,1,87,9,65,,0,0,10,1,,0,3,0,0,36,211,418,FINAL (ENTRADA MANUAL)
1,3,2,99,13,58,,3,0,0,0,1,75,9,35,,1,0,5,0,,2,0,0,0,47,174,418,FINAL (ENTRADA MANUAL)
1,3,3,95,25,77,,4,0,0,0,0,69,18,56,,4,1,2,0,,0,0,0,0,51,201,418,FINAL (ENTRADA MANUAL)
1,3,4,97,14,83,,4,0,0,0,0,74,11,52,,2,0,6,3,,0,1,0,0,50,199,418,FINAL (ENTRADA MANUAL)
1,3,5,99,20,90,,6,1,0,0,0,79,18,66,,5,0,5,0,,0,1,0,0,43,217,420,FINAL (ENTRADA MANUAL)
1,4,1,125,20,68,,4,2,0,1,0,94,19,44,,3,0,3,1,,0,2,0,0,56,222,453,FINAL (ENTRADA MANUAL)
1,4,2,119,33,50,,11,0,0,0,0,93,28,26,,8,1,2,0,,2,0,0,0,53,213,453,FINAL (ENTRADA MANUAL)
1,4,3,134,17,62,,7,0,0,0,1,107,17,48,,7,0,2,1,,0,1,0,0,39,222,453,FINAL (ENTRADA MANUAL)
1,4,4,121,23,77,,6,0,0,1,0,94,18,48,,5,2,1,0,,2,0,0,0,58,228,452,FINAL (ENTRADA MANUAL)
1,5,1,103,25,138,,3,0,0,0,0,80,22,119,,3,0,3,2,,0,1,0,0,40,270,407,FINAL (ENTRADA MANUAL)
1,5,2,99,21,137,,3,0,0,0,0,76,18,103,,2,3,4,4,,1,7,0,3,49,261,407,FINAL (ENTRADA MANUAL)
1,5,3,121,20,126,,1,1,0,0,0,94,15,98,,1,2,6,1,,2,0,0,0,50,269,407,FINAL (ENTRADA MANUAL)
1,5,4,92,17,132,,1,0,0,0,1,73,14,98,,0,2,6,5,,1,1,0,0,44,244,407,FINAL (ENTRADA MANUAL)
1,5,5,89,21,142,,1,0,0,1,0,61,19,106,,1,2,6,3,,0,3,0,0,56,257,407,FINAL (ENTRADA MANUAL)
1,5,6,104,23,115,,3,0,0,0,0,88,22,94,,2,2,4,5,,0,1,0,0,28,246,407,FINAL (ENTRADA MANUAL)
1,5,7,99,18,137,,1,0,1,0,0,62,15,102,,1,2,7,4,,1,0,0,0,62,256,407,FINAL (ENTRADA MANUAL)
1,5,8,85,24,114,,1,0,1,0,0,60,21,84,,1,1,4,7,,0,2,0,0,47,227,406,FINAL (ENTRADA MANUAL)
1,6,1,148,31,98,,1,0,1,0,0,110,26,76,,1,2,2,4,,0,1,0,0,58,280,500,FINAL (ENTRADA MANUAL)
1,6,2,87,21,79,,2,0,1,1,0,65,14,59,,2,0,1,5,,0,1,0,0,45,192,500,FINAL (ENTRADA MANUAL)
1,6,3,113,27,98,,2,1,0,1,1,90,21,75,,1,0,6,3,,0,2,0,0,47,245,499,FINAL (ENTRADA MANUAL)
1,7,1,139,21,101,,1,0,0,0,0,94,18,73,,1,1,6,1,,0,1,0,0,68,263,435,FINAL (ENTRADA MANUAL)
1,7,2,110,29,125,,1,0,0,0,1,88,21,107,,1,2,2,5,,0,2,0,0,40,268,435,FINAL (ENTRADA MANUAL)
1,7,3,105,20,115,,2,1,0,0,1,76,16,85,,2,1,5,2,,0,0,0,0,57,244,435,FINAL (ENTRADA MANUAL)
1,7,4,99,25,86,,3,0,1,0,0,80,22,69,,3,1,6,2,,0,2,0,0,31,216,435,FINAL (ENTRADA MANUAL)
1,7,5,133,18,111,,1,1,1,0,0,111,14,91,,1,1,5,2,,0,0,0,0,40,265,435,FINAL (ENTRADA MANUAL)
1,7,6,112,30,122,,0,0,0,0,0,79,23,91,,0,3,6,3,,0,0,0,0,59,264,435,FINAL (ENTRADA MANUAL)
1,7,7,136,20,93,,1,0,0,0,0,113,17,78,,1,2,4,2,,0,1,0,0,33,251,435,FINAL (ENTRADA MANUAL)
1,7,8,119,23,121,,2,2,0,0,0,84,18,100,,2,1,4,1,,3,0,0,0,54,267,435,FINAL (ENTRADA MANUAL)
1,7,9,120,25,92,,0,4,0,0,0,75,19,64,,0,4,6,3,,4,1,1,0,66,243,437,FINAL (ENTRADA MANUAL)
1,8,1,115,21,83,,8,0,0,0,1,88,18,60,,7,0,3,2,,1,1,0,0,49,229,484,FINAL (ENTRADA MANUAL)
1,8,2,123,19,64,,0,0,0,0,1,80,15,45,,0,1,2,1,,0,1,0,0,63,208,484,FINAL (ENTRADA MANUAL)
1,8,3,143,18,69,,7,0,0,0,0,103,16,51,,4,2,2,0,,2,3,0,0,57,240,484,FINAL (ENTRADA MANUAL)
1,8,4,140,26,61,,5,0,0,2,1,101,20,48,,5,1,4,1,,0,2,0,0,55,237,484,FINAL (ENTRADA MANUAL)
1,9,1,81,20,141,,5,1,0,0,2,62,17,118,,3,1,1,4,,0,2,0,0,44,252,411,FINAL (ENTRADA MANUAL)
1,9,2,97,17,138,,1,1,0,0,0,74,17,106,,1,1,2,5,,0,1,0,0,48,255,411,FINAL (ENTRADA MANUAL)
1,9,3,74,17,149,,6,0,1,0,1,56,16,120,,5,1,1,0,,1,1,0,0,48,249,411,FINAL (ENTRADA MANUAL)
1,9,4,96,20,115,,2,0,0,0,0,72,18,88,,2,0,2,1,,0,0,0,0,50,233,410,FINAL (ENTRADA MANUAL)
1,10,1,132,17,56,,8,0,0,1,0,100,15,34,,5,0,0,0,,2,2,0,0,57,215,436,FINAL (ENTRADA MANUAL)
1,10,2,123,22,49,,8,1,1,0,0,90,21,28,,6,0,3,0,,0,0,0,0,56,204,436,FINAL (ENTRADA MANUAL)
1,10,3,145,9,61,,5,1,0,0,0,111,9,44,,5,0,2,1,,0,0,0,0,49,221,436,FINAL (ENTRADA MANUAL)
1,10,4,118,25,43,,4,0,0,1,0,87,24,33,,4,0,2,0,,0,0,0,0,41,191,436,FINAL (ENTRADA MANUAL)
1,10,5,136,14,38,,9,1,0,0,0,107,13,30,,8,0,0,0,,2,0,0,0,38,198,434,FINAL (ENTRADA MANUAL)
1,11,1,149,12,60,,1,0,0,0,0,112,8,45,,0,1,1,0,,3,3,1,0,52,226,450,FINAL (ENTRADA MANUAL)
1,11,2,121,25,75,,3,0,0,1,0,103,19,58,,3,3,2,0,,0,3,0,0,37,228,450,FINAL (ENTRADA MANUAL)
1,11,3,137,9,58,,4,0,0,0,0,114,8,43,,1,1,1,2,,0,2,0,0,38,210,449,FINAL (ENTRADA MANUAL)
1,12,1,117,15,65,,7,1,0,0,0,96,12,40,,7,0,0,1,,1,0,0,0,48,203,402,FINAL (ENTRADA MANUAL)
1,12,2,124,19,70,,5,0,0,0,0,97,14,43,,5,2,1,2,,1,1,0,0,53,219,402,FINAL (ENTRADA MANUAL)
1,12,3,127,20,46,,6,2,0,0,1,95,20,31,,4,0,1,0,,1,1,0,0,50,203,402,FINAL (ENTRADA MANUAL)
1,12,4,118,17,51,,2,3,0,0,0,89,14,31,,2,2,3,0,,0,2,1,0,49,193,403,FINAL (ENTRADA MANUAL)
1,13,1,88,20,127,,4,2,0,0,0,68,17,107,,4,1,2,3,,1,0,0,0,38,241,431,FINAL (ENTRADA MANUAL)
1,13,2,107,21,115,,3,0,0,0,0,89,15,88,,3,2,2,2,,0,0,0,0,45,246,431,FINAL (ENTRADA MANUAL)
1,13,3,111,13,124,,2,0,0,1,0,86,12,101,,2,1,4,0,,1,1,0,0,44,252,432,FINAL (ENTRADA MANUAL)
1,14,1,123,17,117,,0,0,1,0,0,100,15,90,,0,0,2,2,,0,0,0,0,49,258,430,FINAL (ENTRADA MANUAL)
1,14,2,111,14,117,,4,0,1,2,0,75,10,88,,4,1,4,2,,0,1,0,0,65,250,430,FINAL (ENTRADA MANUAL)
1,14,3,98,21,107,,2,0,0,0,0,69,18,91,,2,0,2,3,,0,0,0,0,43,228,430,FINAL (ENTRADA MANUAL)
1,14,4,94,21,105,,2,0,0,0,1,72,17,80,,1,0,1,2,,0,1,0,0,49,223,430,FINAL (ENTRADA MANUAL)
1,14,5,93,9,123,,1,0,0,0,0,64,9,98,,1,2,5,0,,0,0,0,0,47,226,430,FINAL (ENTRADA MANUAL)
1,15,1,97,15,133,,2,2,1,0,0,64,9,92,,1,3,2,4,,3,0,0,0,72,250,410,FINAL (ENTRADA MANUAL)
1,15,2,106,20,87,,1,1,0,0,0,81,17,66,,1,0,2,5,,0,1,0,0,43,216,410,FINAL (ENTRADA MANUAL)
1,15,3,97,18,107,,1,1,0,0,0,77,14,90,,1,1,1,1,,0,3,0,0,39,227,410,FINAL (ENTRADA MANUAL)
1,15,4,100,13,97,,4,1,0,0,0,70,8,81,,4,1,1,2,,0,1,0,0,48,216,410,FINAL (ENTRADA MANUAL)
1,15,5,111,26,88,,0,1,1,0,0,95,23,74,,0,0,4,3,,1,0,0,0,27,227,411,FINAL (ENTRADA MANUAL)
1,16,1,136,9,49,,3,0,0,0,0,98,6,30,,3,1,2,0,,0,1,0,0,57,198,458,FINAL (ENTRADA MANUAL)
1,16,2,133,23,30,,3,2,0,1,0,107,19,19,,2,2,2,0,,0,1,0,0,41,193,458,FINAL (ENTRADA MANUAL)
1,16,3,135,19,38,,4,0,0,1,0,110,17,16,,2,2,4,3,,1,0,0,0,42,197,459,FINAL (ENTRADA MANUAL)
1,17,1,128,10,66,,3,0,1,0,1,104,9,38,,2,3,1,0,,0,0,0,0,52,209,427,FINAL (ENTRADA MANUAL)
1,17,2,128,20,48,,3,0,0,1,3,103,16,20,,1,0,6,4,,1,2,0,0,52,205,427,FINAL (ENTRADA MANUAL)
1,17,3,124,20,36,,3,0,0,0,1,94,19,15,,1,2,2,1,,0,1,0,0,50,185,427,FINAL (ENTRADA MANUAL)
1,17,4,112,12,54,,1,0,0,0,0,91,9,35,,1,6,6,1,,0,0,0,0,30,179,426,FINAL (ENTRADA MANUAL)
1,18,1,124,16,93,,6,0,0,1,0,86,14,70,,3,0,3,1,,2,4,0,0,61,244,470,FINAL (ENTRADA MANUAL)
1,18,2,118,15,90,,6,0,0,0,0,99,12,66,,5,2,3,0,,1,0,0,0,41,229,470,FINAL (ENTRADA MANUAL)
1,18,3,125,9,98,,2,0,0,0,1,90,9,65,,2,2,3,0,,0,0,0,0,64,235,470,FINAL (ENTRADA MANUAL)
1,18,4,108,15,97,,1,1,0,0,0,81,12,65,,1,0,3,0,,0,0,0,0,60,222,469,FINAL (ENTRADA MANUAL)
1,19,1,110,24,122,,12,1,0,0,0,82,23,103,,11,0,2,2,,2,1,0,0,44,270,500,FINAL (ENTRADA MANUAL)
1,19,2,121,22,101,,3,1,0,0,0,86,20,73,,2,1,4,0,,1,5,0,0,61,253,500,FINAL (ENTRADA MANUAL)
1,19,3,114,20,104,,7,0,0,0,0,87,19,81,,5,0,1,0,,0,1,0,0,52,246,501,FINAL (ENTRADA MANUAL)
1,20,1,81,21,104,,1,1,1,1,0,60,16,84,,1,0,0,0,,1,3,0,0,48,213,401,FINAL (ENTRADA MANUAL)
1,20,2,110,13,88,,7,0,0,0,0,72,11,66,,4,0,4,1,,0,2,0,0,60,220,401,FINAL (ENTRADA MANUAL)
1,20,3,103,12,91,,8,2,0,0,1,74,9,74,,7,0,2,1,,2,1,0,0,48,218,401,FINAL (ENTRADA MANUAL)
1,21,1,106,35,154,,2,0,1,0,0,74,29,125,,2,1,6,4,,0,3,0,0,57,301,376,FINAL (ENTRADA MANUAL)
1,21,2,84,10,133,,3,2,0,0,0,63,7,106,,2,2,4,1,,0,1,0,0,47,233,376,FINAL (ENTRADA MANUAL)
1,21,3,79,12,148,,2,0,0,1,0,46,9,112,,2,0,8,5,,0,0,0,0,59,241,376,FINAL (ENTRADA MANUAL)
1,21,4,87,22,119,,0,0,0,0,0,70,19,94,,0,0,4,2,,0,0,0,0,39,228,378,FINAL (ENTRADA MANUAL)
1,22,1,105,17,82,,5,0,0,1,1,89,17,60,,4,1,2,2,,0,2,0,0,36,213,414,FINAL (ENTRADA MANUAL)
1,22,2,106,18,92,,5,0,0,0,0,88,13,66,,3,0,2,2,,1,1,0,0,46,222,414,FINAL (ENTRADA MANUAL)
1,22,3,109,31,83,,3,0,0,0,0,75,29,56,,3,0,1,1,,1,3,0,0,60,229,415,FINAL (ENTRADA MANUAL)
1,23,1,111,32,61,,4,0,0,0,1,88,27,51,,4,1,4,2,,1,2,0,0,31,211,380,FINAL (ENTRADA MANUAL)
1,23,2,96,17,63,,4,1,0,0,0,72,16,45,,4,0,1,0,,1,1,0,0,42,182,380,FINAL (ENTRADA MANUAL)
1,23,3,104,21,63,,3,0,0,0,0,79,20,46,,2,2,4,1,,0,1,0,0,37,192,380,FINAL (ENTRADA MANUAL)
1,23,4,112,28,67,,10,1,0,0,0,94,26,52,,7,0,3,0,,0,1,0,0,36,219,381,FINAL (ENTRADA MANUAL)
1,24,1,148,18,70,,1,0,0,0,0,105,16,45,,0,1,4,0,,2,0,1,0,64,238,483,FINAL (ENTRADA MANUAL)
1,24,2,125,19,79,,5,0,0,1,0,95,13,53,,3,0,0,0,,1,0,0,0,64,229,483,FINAL (ENTRADA MANUAL)
1,24,3,133,14,72,,7,2,0,0,1,96,11,54,,5,2,1,0,,1,1,0,0,59,230,483,FINAL (ENTRADA MANUAL)
1,25,1,137,15,69,,9,0,1,0,0,117,14,51,,8,3,0,0,,0,0,0,0,38,231,539,FINAL (ENTRADA MANUAL)
1,25,2,141,16,72,,3,1,0,2,0,107,14,49,,3,1,0,1,,1,1,0,0,59,236,539,FINAL (ENTRADA MANUAL)
1,25,3,135,18,46,,4,0,0,0,0,99,17,37,,3,0,0,0,,1,1,0,0,46,204,538,FINAL (ENTRADA MANUAL)
1,72,1,349,54,72,,1,0,0,0,0,291,47,45,,1,4,7,1,,0,0,0,0,80,476,0,FINAL (ENTRADA MANUAL)
1,72,2,57,13,18,,0,1,0,0,0,53,11,12,,0,0,0,0,,0,3,0,0,13,92,0,FINAL (ENTRADA MANUAL)
1,72,3,367,61,131,,5,0,1,0,0,310,53,86,,4,9,7,4,,0,0,0,0,92,565,0,FINAL (ENTRADA MANUAL)
1,72,4,0,0,0,,0,0,0,0,0,0,0,0,,0,0,0,0,,0,0,0,0,0,0,0,FINAL (ENTRADA MANUAL)
1,72,5,48,8,11,,0,0,0,0,0,41,5,10,,0,1,1,0,,0,0,0,0,10,67,0,FINAL (ENTRADA MANUAL)
1,72,6,6,1,2,,0,0,0,0,0,5,1,1,,0,0,1,0,,0,0,0,0,2,129,0,FINAL (ENTRADA MANUAL)
1,72,7,27,4,10,,0,0,0,0,0,26,4,6,,0,0,1,1,,0,0,0,0,3,41,0,FINAL (ENTRADA MANUAL)
1,72,8,13,1,3,,0,0,0,0,0,10,1,2,,0,0,0,0,,1,0,0,0,3,17,0,FINAL (ENTRADA MANUAL)
1,72,9,14,4,1,,0,0,0,0,0,12,3,0,,0,0,0,0,,0,0,0,0,4,19,0,FINAL (ENTRADA MANUAL)
1,72,10,1,0,0,,0,0,0,0,0,1,0,0,,0,0,0,0,,0,0,0,0,0,1,0,FINAL (ENTRADA MANUAL)
1,72,11,1,0,0,,0,0,0,0,0,1,0,0,,0,0,0,0,,0,0,0,0,0,1,0,FINAL (ENTRADA MANUAL)
1,72,12,0,0,0,,0,0,0,0,0,0,0,0,,0,0,0,0,,0,0,0,0,0,0,0,FINAL (ENTRADA MANUAL)
1,73,1,359,140,35,,1,0,0,1,1,301,131,19,,0,2,7,0,,1,0,0,0,76,537,0,FINAL (ENTRADA MANUAL)
1,73,2,0,0,0,,0,0,0,0,0,0,0,0,,0,0,0,0,,0,0,0,0,0,0,0,FINAL (ENTRADA MANUAL)
1,73,3,50,20,4,,1,0,0,0,0,45,19,4,,0,1,0,1,,0,4,0,0,5,79,0,FINAL (ENTRADA MANUAL)
1,74,1,16,8,17,,2,0,0,0,0,13,6,10,,2,0,1,0,,0,0,0,0,11,43,0,FINAL (ENTRADA MANUAL)
1,74,2,0,1,0,,0,0,0,0,0,0,1,0,,0,0,0,0,,0,0,0,0,0,1,0,FINAL (ENTRADA MANUAL)
1,75,1,2,0,1,,0,0,1,0,0,0,0,0,,0,0,0,0,,0,2,0,0,4,6,0,FINAL (ENTRADA MANUAL)
1,75,2,1,0,0,,0,0,0,0,0,1,0,0,,0,0,0,0,,0,0,0,0,0,1,0,FINAL (ENTRADA MANUAL)
1,75,3,0,0,0,,0,0,0,0,0,0,0,0,,0,0,0,0,,0,0,0,0,0,0,0,FINAL (ENTRADA MANUAL)
1,75,4,0,0,0,,0,0,0,0,0,0,0,0,,0,0,0,0,,0,0,0,0,0,0,0,FINAL (ENTRADA MANUAL)
1,76,1,76,5,9,,2,0,0,1,0,56,3,5,,1,0,0,1,,0,4,0,0,27,97,0,FINAL (ENTRADA MANUAL)
1,76,2,0,0,0,,0,0,0,0,0,0,0,0,,0,0,0,0,,0,0,0,0,0,0,0,FINAL (ENTRADA MANUAL)
1,76,3,12,0,2,,0,0,0,0,0,8,0,0,,0,0,0,0,,0,0,0,0,6,14,0,FINAL (ENTRADA MANUAL)
1,76,4,0,0,0,,0,0,0,0,0,0,0,0,,0,0,0,0,,0,1,0,0,0,0,0,FINAL (ENTRADA MANUAL)
1,76,5,3,0,0,,0,0,0,0,0,2,0,0,,0,0,0,0,,0,0,0,0,1,3,0,FINAL (ENTRADA MANUAL)
1,76,6,1,0,0,,0,0,0,0,0,0,0,0,,0,0,0,0,,0,0,0,0,1,1,0,FINAL (ENTRADA MANUAL)
1,77,1,0,0,0,,0,0,0,0,0,0,0,0,,0,0,0,0,,0,0,0,0,0,0,0,FINAL (ENTRADA MANUAL)
1,77,2,63,12,179,,0,0,0,0,0,47,10,149,,0,1,4,2,,0,2,0,0,41,256,0,FINAL (ENTRADA MANUAL)
1,77,3,0,0,0,,0,0,0,0,0,0,0,0,,0,0,0,0,,0,0,0,0,0,0,0,FINAL (ENTRADA MANUAL)
1,77,4,4,1,13,,1,0,0,0,0,2,1,11,,1,0,1,0,,0,0,0,0,3,19,0,FINAL (ENTRADA MANUAL)
1,77,5,0,0,0,,0,0,0,0,0,0,0,0,,0,0,0,0,,0,0,0,0,0,0,0,FINAL (ENTRADA MANUAL)
1,77,6,0,0,0,,0,0,0,0,0,0,0,0,,0,0,0,0,,0,0,0,0,0,0,0,FINAL (ENTRADA MANUAL)
1,77,7,29,5,13,,0,0,0,0,0,28,4,10,,0,0,0,0,,0,0,0,0,5,47,0,FINAL (ENTRADA MANUAL)
1,77,8,1,1,3,,0,0,0,0,0,1,0,2,,0,1,1,0,,0,0,0,0,3,7,0,FINAL (ENTRADA MANUAL)
1,77,9,6,0,13,,0,0,0,0,0,6,0,13,,0,0,0,0,,0,0,0,0,0,19,0,FINAL (ENTRADA MANUAL)
1,78,1,124,22,65,,5,0,0,0,1,82,18,32,,3,3,1,3,,0,1,0,0,76,219,0,FINAL (ENTRADA MANUAL)
1,78,2,0,0,0,,0,0,0,0,0,0,0,0,,0,0,0,0,,0,0,0,0,0,0,0,FINAL (ENTRADA MANUAL)
1,78,3,0,0,0,,0,0,0,0,0,0,0,0,,0,0,0,0,,0,0,0,0,0,0,0,FINAL (ENTRADA MANUAL)
1,78,4,4,1,4,,0,0,0,0,0,4,0,3,,0,0,0,0,,0,0,0,0,2,9,0,FINAL (ENTRADA MANUAL)
2,1,1,117,15,105,,5,1,0,1,0,95,11,79,,3,0,3,3,,2,3,0,0,48,247,466,FINAL (ENTRADA MANUAL)
2,1,2,101,17,131,,7,3,0,0,1,82,13,105,,7,2,3,0,,3,3,0,0,45,263,466,FINAL (ENTRADA MANUAL)
2,1,3,102,19,115,,7,0,0,0,0,80,14,91,,7,1,5,0,,1,0,0,0,44,243,466,FINAL (ENTRADA MANUAL)
2,1,4,93,21,122,,5,0,0,0,0,66,20,95,,4,0,11,1,,1,1,0,0,43,242,466,FINAL (ENTRADA MANUAL)
2,1,5,100,21,112,,6,3,0,0,0,71,17,83,,4,0,4,0,,0,1,0,0,63,243,468,FINAL (ENTRADA MANUAL)
2,2,1,55,17,86,,3,0,0,0,0,44,14,74,,3,0,3,2,,0,0,0,0,21,161,236,FINAL (ENTRADA MANUAL)
2,2,2,54,17,100,,2,0,0,1,0,40,13,75,,2,0,2,1,,1,0,0,0,40,174,237,FINAL (ENTRADA MANUAL)
2,3,1,144,18,47,,7,0,1,1,0,115,16,35,,7,2,2,2,,0,1,0,0,39,219,588,FINAL (ENTRADA MANUAL)
2,3,2,144,27,62,,4,0,0,0,0,117,24,46,,4,1,5,1,,0,0,0,0,39,237,587,FINAL (ENTRADA MANUAL)
2,4,1,124,23,117,,5,1,0,1,1,90,17,90,,5,2,5,0,,1,4,0,0,62,276,429,FINAL (ENTRADA MANUAL)
2,4,2,107,15,78,,5,0,0,0,0,83,13,62,,5,0,2,0,,0,1,0,0,40,206,429,FINAL (ENTRADA MANUAL)
2,4,3,122,15,88,,5,2,0,0,0,88,15,74,,5,2,4,0,,3,1,0,0,41,233,429,FINAL (ENTRADA MANUAL)
2,4,4,87,21,89,,8,1,0,0,0,77,19,69,,5,2,3,0,,0,0,0,0,31,206,429,FINAL (ENTRADA MANUAL)
2,4,5,119,12,86,,4,3,0,0,0,92,9,65,,4,0,1,0,,1,1,0,0,52,225,431,FINAL (ENTRADA MANUAL)
2,5,1,76,18,146,,5,0,0,0,0,48,16,114,,3,0,7,1,,1,1,0,0,55,246,381,FINAL (ENTRADA MANUAL)
2,5,2,107,12,134,,1,0,0,0,0,83,10,108,,1,0,5,1,,1,0,0,0,45,254,381,FINAL (ENTRADA MANUAL)
2,5,3,105,15,129,,5,1,0,0,0,80,13,101,,4,0,5,3,,1,0,0,0,48,255,381,FINAL (ENTRADA MANUAL)
2,5,4,104,13,124,,7,0,0,0,1,78,12,105,,7,0,6,2,,1,1,0,0,38,250,381,FINAL (ENTRADA MANUAL)
2,5,5,90,15,138,,4,1,0,0,1,69,12,113,,2,0,2,1,,0,0,0,0,50,249,381,FINAL (ENTRADA MANUAL)
2,5,6,97,23,127,,3,1,0,0,1,77,18,104,,3,2,2,0,,1,0,0,0,45,252,381,FINAL (ENTRADA MANUAL)
2,5,7,99,12,136,,3,1,0,0,0,71,12,109,,3,2,4,0,,0,1,1,0,50,253,381,FINAL (ENTRADA MANUAL)
2,5,8,106,16,139,,3,2,0,0,0,75,13,119,,3,3,6,0,,0,0,0,0,47,266,383,FINAL (ENTRADA MANUAL)
2,6,1,80,31,104,,3,2,0,0,0,62,28,74,,3,1,6,4,,0,3,0,0,42,223,404,FINAL (ENTRADA MANUAL)
2,6,2,72,17,71,,3,0,0,0,0,57,16,61,,3,0,2,4,,0,1,0,0,20,164,404,FINAL (ENTRADA MANUAL)
2,6,3,90,22,110,,3,0,1,0,1,70,20,92,,3,2,3,2,,1,1,0,0,34,228,404,FINAL (ENTRADA MANUAL)
2,6,4,83,23,119,,3,1,0,0,0,62,22,79,,3,0,5,3,,0,1,0,0,55,230,406,FINAL (ENTRADA MANUAL)
2,7,1,122,38,112,,4,0,0,1,0,99,36,86,,3,1,5,4,,3,0,0,0,40,277,448,FINAL (ENTRADA MANUAL)
2,7,2,121,46,89,,6,0,0,0,1,89,36,63,,5,2,3,2,,1,2,0,0,62,265,448,FINAL (ENTRADA MANUAL)
2,7,3,118,30,111,,4,0,0,0,0,69,27,78,,3,1,8,1,,0,0,0,0,76,263,449,FINAL (ENTRADA MANUAL)
2,8,1,71,53,128,,5,0,0,0,0,50,46,98,,3,0,10,5,,1,0,0,0,44,257,438,FINAL (ENTRADA MANUAL)
2,8,2,78,26,128,,1,1,0,0,0,52,23,98,,1,0,2,2,,0,0,0,0,56,234,438,FINAL (ENTRADA MANUAL)
2,8,3,96,35,124,,3,1,0,0,0,70,32,100,,3,0,5,5,,1,1,0,0,43,260,438,FINAL (ENTRADA MANUAL)
2,8,4,73,35,131,,6,0,1,0,1,53,33,102,,4,2,2,6,,0,0,0,0,45,247,438,FINAL (ENTRADA MANUAL)
2,8,5,81,39,128,,1,0,0,0,0,57,37,97,,0,0,5,3,,1,0,0,0,49,249,438,FINAL (ENTRADA MANUAL)
2,8,6,84,56,103,,3,2,0,0,0,59,53,78,,3,0,2,3,,0,0,0,0,50,248,438,FINAL (ENTRADA MANUAL)
2,8,7,89,36,119,,0,0,0,0,0,64,33,95,,0,1,7,7,,0,2,0,0,37,246,435,FINAL (ENTRADA MANUAL)
2,9,1,145,36,97,,7,1,0,0,0,111,32,76,,5,1,1,2,,1,1,0,0,57,287,459,FINAL (ENTRADA MANUAL)
2,9,2,127,23,96,,7,0,2,0,0,90,20,69,,6,0,5,4,,3,2,0,0,58,255,459,FINAL (ENTRADA MANUAL)
2,9,3,141,23,79,,8,2,0,0,0,109,22,70,,5,1,2,1,,1,1,0,0,42,254,459,FINAL (ENTRADA MANUAL)
2,9,4,111,21,95,,7,0,0,0,0,84,17,78,,6,0,2,1,,2,1,0,0,44,235,459,FINAL (ENTRADA MANUAL)
2,9,5,99,12,103,,6,0,0,1,0,69,9,79,,6,0,0,1,,0,0,0,0,57,221,459,FINAL (ENTRADA MANUAL)
2,9,6,89,19,94,,5,2,0,0,0,61,18,75,,5,2,2,1,,2,1,0,0,43,210,460,FINAL (ENTRADA MANUAL)
2,10,1,69,27,120,,3,0,0,0,0,50,21,100,,3,0,1,1,,0,0,1,0,43,220,327,FINAL (ENTRADA MANUAL)
2,10,2,53,12,144,,6,0,0,0,0,36,11,118,,5,1,5,0,,0,0,0,0,39,215,327,FINAL (ENTRADA MANUAL)
2,11,1,80,19,158,,6,0,0,0,0,56,17,130,,4,1,5,0,,0,1,0,0,50,264,420,FINAL (ENTRADA MANUAL)
2,11,2,100,26,142,,6,1,0,0,0,70,20,118,,6,1,4,4,,1,0,0,0,51,275,420,FINAL (ENTRADA MANUAL)
2,11,3,83,19,152,,7,0,0,0,0,62,15,110,,6,0,4,1,,3,0,0,0,60,261,420,FINAL (ENTRADA MANUAL)
2,11,4,68,20,155,,4,1,0,0,0,61,19,129,,4,0,2,1,,0,1,0,0,32,249,420,FINAL (ENTRADA MANUAL)
2,11,5,81,30,134,,7,0,0,1,0,52,26,105,,6,1,5,3,,1,2,0,0,54,255,420,FINAL (ENTRADA MANUAL)
2,11,6,77,15,149,,7,2,0,0,0,58,13,127,,4,2,9,4,,2,2,0,0,31,252,422,FINAL (ENTRADA MANUAL)
2,12,1,96,33,57,,5,0,0,0,1,71,32,38,,4,0,1,1,,0,3,1,0,45,199,377,FINAL (ENTRADA MANUAL)
2,12,2,104,41,50,,3,0,0,0,0,93,41,33,,2,1,3,0,,0,0,0,0,25,198,377,FINAL (ENTRADA MANUAL)
2,13,1,127,65,68,,5,0,0,0,0,96,59,46,,5,4,6,3,,0,0,0,0,46,265,459,FINAL (ENTRADA MANUAL)
2,13,2,109,39,62,,5,0,0,0,0,77,37,42,,5,2,4,0,,2,0,0,0,46,215,459,FINAL (ENTRADA MANUAL)
2,13,3,82,60,53,,2,2,0,0,1,62,57,35,,2,2,2,2,,3,1,0,0,35,201,459,FINAL (ENTRADA MANUAL)
2,13,4,112,53,55,,4,1,0,0,0,84,50,28,,4,1,8,1,,0,0,0,0,49,225,459,FINAL (ENTRADA MANUAL)
2,13,5,112,50,58,,5,0,0,0,0,85,45,38,,5,2,4,1,,0,1,0,0,45,226,458,FINAL (ENTRADA MANUAL)
2,14,1,78,20,160,,4,1,0,0,0,60,19,133,,4,0,4,1,,1,1,0,0,41,264,419,FINAL (ENTRADA MANUAL)
2,14,2,99,18,148,,4,2,0,0,1,79,15,125,,3,0,2,2,,1,1,0,0,45,273,419,FINAL (ENTRADA MANUAL)
2,14,3,86,19,152,,3,1,0,0,0,60,14,128,,3,1,6,2,,1,0,0,0,46,261,419,FINAL (ENTRADA MANUAL)
2,14,4,104,15,164,,6,0,0,0,0,74,11,136,,5,2,4,1,,0,1,0,0,56,290,419,FINAL (ENTRADA MANUAL)
2,14,5,77,20,139,,9,1,0,0,2,52,20,118,,9,0,7,2,,3,1,0,0,37,249,418,FINAL (ENTRADA MANUAL)
2,15,1,96,20,86,,3,0,0,0,1,70,19,68,,3,0,3,2,,0,2,0,0,41,208,350,FINAL (ENTRADA MANUAL)
2,15,2,101,24,87,,3,5,0,0,0,71,23,67,,3,1,0,1,,5,0,0,0,49,220,350,FINAL (ENTRADA MANUAL)
2,15,3,107,21,73,,9,2,0,0,0,75,18,56,,6,0,5,1,,0,1,0,0,51,213,350,FINAL (ENTRADA MANUAL)
2,15,4,95,20,79,,3,3,0,0,0,65,14,68,,3,0,4,2,,0,1,0,0,44,201,349,FINAL (ENTRADA MANUAL)
2,16,1,87,28,140,,0,2,0,0,0,64,23,112,,0,2,5,5,,0,0,0,0,46,257,398,FINAL (ENTRADA MANUAL)
2,16,2,70,19,129,,1,0,0,0,0,57,19,111,,0,0,3,2,,0,0,0,0,27,219,398,FINAL (ENTRADA MANUAL)
2,16,3,80,18,125,,2,0,0,0,1,63,13,104,,1,1,8,1,,1,0,0,0,34,226,398,FINAL (ENTRADA MANUAL)
2,16,4,67,14,149,,3,1,0,1,0,54,11,122,,2,2,4,3,,0,1,0,0,37,235,398,FINAL (ENTRADA MANUAL)
2,16,5,74,10,139,,4,1,0,0,1,47,8,103,,4,1,4,2,,1,1,0,0,59,230,398,FINAL (ENTRADA MANUAL)
2,16,6,80,20,137,,2,0,0,0,0,59,17,108,,2,0,7,3,,0,2,0,0,43,241,398,FINAL (ENTRADA MANUAL)
2,16,7,73,16,143,,0,1,1,0,0,60,13,126,,0,1,2,1,,0,1,0,0,31,235,398,FINAL (ENTRADA MANUAL)
2,16,8,70,17,126,,3,0,1,0,0,46,14,104,,3,1,6,4,,0,0,0,0,39,217,398,FINAL (ENTRADA MANUAL)
2,16,9,66,15,136,,0,0,0,0,0,46,13,107,,0,0,5,2,,0,0,0,0,44,217,398,FINAL (ENTRADA MANUAL)
2,16,10,93,16,122,,2,0,0,0,0,64,11,96,,2,2,0,0,,1,0,0,0,57,233,398,FINAL (ENTRADA MANUAL)
2,16,11,67,12,138,,2,0,0,0,0,50,11,110,,2,1,5,1,,1,0,0,0,38,219,393,FINAL (ENTRADA MANUAL)
2,17,1,77,16,112,,1,0,0,0,0,55,11,84,,1,1,1,3,,0,2,0,0,50,208,368,FINAL (ENTRADA MANUAL)
2,17,2,98,13,129,,5,1,0,0,1,68,11,102,,4,2,3,3,,2,0,0,0,52,247,368,FINAL (ENTRADA MANUAL)
2,17,3,91,14,141,,2,0,0,0,1,61,14,118,,2,0,2,2,,1,0,0,0,49,249,368,FINAL (ENTRADA MANUAL)
2,17,4,92,16,136,,4,2,0,0,0,63,15,105,,3,1,6,3,,5,0,1,0,49,250,370,FINAL (ENTRADA MANUAL)
2,18,1,101,20,115,,9,0,0,0,0,69,16,90,,7,0,6,0,,1,1,0,0,56,246,380,FINAL (ENTRADA MANUAL)
2,18,2,90,25,90,,8,2,0,0,1,68,21,71,,8,0,2,6,,0,1,0,0,40,217,380,FINAL (ENTRADA MANUAL)
2,18,3,99,20,86,,2,2,0,0,0,79,20,65,,2,4,2,1,,0,0,0,0,36,209,380,FINAL (ENTRADA MANUAL)
2,18,4,80,16,82,,3,0,1,0,0,64,14,64,,3,1,3,2,,0,0,0,0,31,182,379,FINAL (ENTRADA MANUAL)
2,19,1,51,5,136,,1,0,1,0,0,33,5,116,,0,1,3,4,,0,1,0,0,32,195,334,FINAL (ENTRADA MANUAL)
2,19,2,44,7,148,,10,2,0,0,0,25,7,132,,7,1,2,0,,3,0,0,0,34,211,334,FINAL (ENTRADA MANUAL)
2,19,3,50,12,133,,5,0,0,0,0,41,9,122,,5,0,1,0,,1,0,0,0,21,200,334,FINAL (ENTRADA MANUAL)
2,20,1,108,97,63,,0,0,0,0,1,71,91,46,,0,1,9,0,,1,1,0,0,50,270,433,FINAL (ENTRADA MANUAL)
2,20,2,61,107,54,,2,0,0,0,1,44,98,41,,2,0,5,0,,0,2,0,0,35,227,433,FINAL (ENTRADA MANUAL)
2,20,3,70,100,55,,1,0,0,0,0,47,90,35,,1,0,6,1,,0,0,0,0,46,226,432,FINAL (ENTRADA MANUAL)
2,21,1,113,39,81,,5,2,0,0,0,72,34,54,,3,3,3,3,,0,1,0,0,68,241,414,FINAL (ENTRADA MANUAL)
2,21,2,109,47,73,,4,1,0,1,0,76,44,54,,4,0,6,1,,1,0,0,0,49,235,414,FINAL (ENTRADA MANUAL)
2,21,3,115,52,76,,6,0,0,0,0,91,49,50,,5,2,0,4,,0,0,0,0,48,249,413,FINAL (ENTRADA MANUAL)
2,22,1,126,24,47,,8,0,0,0,1,102,22,40,,8,0,2,0,,1,0,0,0,31,206,414,FINAL (ENTRADA MANUAL)
2,22,2,118,28,43,,2,0,0,0,0,88,24,34,,0,0,2,0,,2,0,0,0,41,191,414,FINAL (ENTRADA MANUAL)
2,22,3,108,32,34,,3,0,0,0,0,81,31,22,,2,0,5,1,,0,1,0,0,35,178,413,FINAL (ENTRADA MANUAL)
2,23,1,99,13,47,,1,0,0,0,0,74,12,33,,1,0,0,0,,1,0,0,0,39,160,374,FINAL (ENTRADA MANUAL)
2,23,2,95,19,37,,8,0,0,0,0,68,18,21,,7,0,4,0,,1,0,0,0,40,159,374,FINAL (ENTRADA MANUAL)
2,24,1,147,24,76,,4,0,0,0,1,96,21,49,,3,2,5,0,,0,3,0,0,76,255,553,FINAL (ENTRADA MANUAL)
2,24,2,145,26,85,,5,0,0,0,0,108,22,68,,4,2,4,2,,1,0,0,0,50,261,553,FINAL (ENTRADA MANUAL)
2,25,1,127,31,90,,6,0,0,0,1,94,29,62,,4,2,1,1,,0,0,0,0,62,255,504,FINAL (ENTRADA MANUAL)
2,25,2,141,20,68,,4,3,0,0,0,102,18,47,,3,1,4,0,,1,0,0,0,60,236,504,FINAL (ENTRADA MANUAL)
2,25,3,131,19,79,,6,0,0,0,0,98,18,57,,4,1,3,2,,1,2,0,0,51,237,504,FINAL (ENTRADA MANUAL)
2,25,4,151,20,69,,4,0,0,1,0,106,19,42,,2,2,2,0,,0,0,0,0,72,245,502,FINAL (ENTRADA MANUAL)
2,26,1,83,23,114,,1,0,0,0,0,63,18,83,,0,2,1,1,,0,0,0,0,53,221,432,FINAL (ENTRADA MANUAL)
2,26,2,79,25,108,,2,0,0,0,0,52,22,82,,2,1,2,2,,2,2,0,0,49,216,431,FINAL (ENTRADA MANUAL)
2,72,1,348,67,111,,5,1,0,0,0,298,59,70,,3,3,6,7,,3,0,1,0,83,533,0,FINAL (ENTRADA MANUAL)
2,72,2,56,13,26,,1,2,1,0,0,52,12,24,,1,3,2,0,,0,1,0,0,5,100,0,FINAL (ENTRADA MANUAL)
2,72,3,309,76,109,,2,1,0,0,0,242,67,76,,0,0,14,5,,1,0,0,0,92,497,0,FINAL (ENTRADA MANUAL)
2,72,4,42,13,22,,0,0,0,0,0,38,12,18,,0,0,1,1,,0,3,1,0,7,81,0,FINAL (ENTRADA MANUAL)
2,72,5,47,7,11,,0,0,0,1,0,45,6,8,,0,0,0,0,,0,0,0,0,7,66,0,FINAL (ENTRADA MANUAL)
2,72,6,29,11,18,,1,0,0,0,0,26,10,17,,1,0,1,0,,0,2,0,0,4,61,0,FINAL (ENTRADA MANUAL)
2,72,7,0,0,0,,0,0,0,0,0,0,0,0,,0,0,0,0,,0,0,0,0,0,0,0,FINAL (ENTRADA MANUAL)
2,72,8,13,1,4,,0,0,0,0,0,13,1,4,,0,0,0,0,,0,0,0,0,0,18,0,FINAL (ENTRADA MANUAL)
2,72,9,41,5,12,,0,1,0,0,0,36,5,8,,0,0,0,1,,0,0,0,0,9,59,0,FINAL (ENTRADA MANUAL)
2,72,10,13,1,3,,0,0,0,0,0,11,1,2,,0,0,1,1,,0,0,0,0,17,17,0,FINAL (ENTRADA MANUAL)
2,72,11,14,0,1,,0,0,0,0,0,10,0,1,,0,1,0,0,,0,0,0,0,3,15,0,FINAL (ENTRADA MANUAL)
2,72,12,2,0,1,,0,0,0,0,0,1,0,1,,0,0,0,0,,0,0,0,0,1,3,0,FINAL (ENTRADA MANUAL)
2,73,1,556,252,85,,2,1,0,2,1,437,222,46,,1,1,15,1,,0,0,1,2,176,902,0,FINAL (ENTRADA MANUAL)
2,73,2,0,0,0,,0,0,0,0,0,0,0,0,,0,0,0,0,,0,0,0,0,0,0,0,FINAL (ENTRADA MANUAL)
2,73,3,0,0,0,,0,0,0,0,0,0,0,0,,0,0,0,0,,0,0,0,0,0,0,0,FINAL (ENTRADA MANUAL)
2,73,4,3,2,0,,0,0,0,0,0,2,2,0,,0,0,0,0,,0,6,0,0,1,11,0,FINAL (ENTRADA MANUAL)
2,74,1,14,7,20,,2,0,0,0,0,12,4,14,,2,0,0,0,,1,0,0,0,10,43,0,FINAL (ENTRADA MANUAL)
2,74,2,1,0,0,,1,0,0,0,0,1,0,0,,1,0,0,0,,0,0,0,0,0,2,0,FINAL (ENTRADA MANUAL)
2,75,1,3,2,0,,0,0,0,0,0,3,1,0,,0,0,0,0,,0,0,0,0,1,5,0,FINAL (ENTRADA MANUAL)
2,75,2,1,0,2,,0,0,0,0,1,1,0,0,,0,0,1,0,,0,0,0,0,2,4,0,FINAL (ENTRADA MANUAL)
2,75,3,0,0,0,,0,0,0,0,0,0,0,0,,0,0,0,0,,0,0,0,0,0,0,0,FINAL (ENTRADA MANUAL)
2,76,1,37,2,5,,2,1,0,1,0,29,2,2,,2,0,0,0,,0,3,0,0,13,51,0,FINAL (ENTRADA MANUAL)
2,76,2,2,0,0,,0,0,0,0,0,0,0,0,,0,2,0,0,,0,0,1,0,0,3,0,FINAL (ENTRADA MANUAL)
2,76,3,8,3,3,,0,0,0,0,0,4,3,1,,0,0,0,0,,0,0,0,0,6,14,0,FINAL (ENTRADA MANUAL)
2,76,4,0,0,0,,0,0,0,0,0,0,0,0,,0,0,0,0,,0,0,0,0,0,0,0,FINAL (ENTRADA MANUAL)
2,76,5,2,0,0,,0,0,0,0,0,2,0,0,,0,0,0,0,,0,0,0,0,0,2,0,FINAL (ENTRADA MANUAL)
2,76,6,1,0,0,,0,0,0,0,0,0,0,0,,0,0,0,0,,0,0,0,0,1,1,0,FINAL (ENTRADA MANUAL)
2,77,1,0,0,0,,0,0,0,0,0,0,0,0,,0,0,0,0,,0,0,0,0,0,0,0,FINAL (ENTRADA MANUAL)
2,77,2,41,2,157,,1,0,0,0,0,29,2,133,,1,0,1,6,,0,1,0,0,29,202,0,FINAL (ENTRADA MANUAL)
2,77,3,0,0,0,,0,0,0,0,0,0,0,0,,0,0,0,0,,0,0,0,0,0,0,0,FINAL (ENTRADA MANUAL)
2,77,4,4,0,12,,1,0,0,0,0,4,0,10,,1,0,1,1,,0,0,0,0,0,17,0,FINAL (ENTRADA MANUAL)
2,77,5,23,4,26,,0,0,1,0,0,18,3,23,,0,0,0,1,,0,0,0,0,9,54,0,FINAL (ENTRADA MANUAL)
2,77,6,2,0,2,,0,0,0,0,0,0,0,2,,0,0,0,0,,0,0,0,0,2,4,0,FINAL (ENTRADA MANUAL)
2,78,1,169,52,126,,6,0,0,0,1,110,47,80,,5,1,6,0,,0,2,0,0,105,356,0,FINAL (ENTRADA MANUAL)
2,78,2,0,0,0,,0,0,0,0,0,0,0,0,,0,0,0,0,,0,0,0,0,0,0,0,FINAL (ENTRADA MANUAL)
2,78,3,0,0,0,,0,0,0,0,0,0,0,0,,0,0,0,0,,0,0,0,0,0,0,0,FINAL (ENTRADA MANUAL)
2,78,4,2,0,10,,0,0,0,0,0,1,0,8,,0,0,0,0,,0,0,0,0,3,12,0,FINAL (ENTRADA MANUAL)
3,1,1,108,27,39,,8,0,0,0,0,87,25,34,,7,0,4,0,,2,0,0,0,23,182,399,FINAL (ENTRADA MANUAL)
3,1,2,107,27,46,,5,3,0,0,1,85,25,27,,4,0,8,1,,2,1,0,0,37,190,399,FINAL (ENTRADA MANUAL)
3,1,3,107,23,64,,7,2,0,0,1,68,18,39,,5,0,2,1,,1,0,0,0,70,204,400,FINAL (ENTRADA MANUAL)
3,2,1,99,13,25,,3,1,0,0,1,86,11,19,,2,0,0,0,,0,1,0,0,24,143,400,FINAL (ENTRADA MANUAL)
3,2,2,91,12,30,,2,0,0,0,0,80,12,27,,2,0,3,0,,3,0,0,0,8,135,400,FINAL (ENTRADA MANUAL)
3,3,1,130,21,81,,7,1,0,0,1,99,20,58,,6,0,6,1,,1,0,0,0,50,241,428,FINAL (ENTRADA MANUAL)
3,3,2,121,26,73,,6,0,0,0,0,79,24,46,,6,0,11,2,,1,1,0,0,57,227,428,FINAL (ENTRADA MANUAL)
3,3,3,116,31,72,,3,1,0,0,0,90,25,46,,3,1,4,0,,2,2,0,0,52,225,428,FINAL (ENTRADA MANUAL)
3,3,4,134,20,73,,5,0,1,0,1,95,20,51,,4,0,5,0,,1,1,0,0,58,235,427,FINAL (ENTRADA MANUAL)
3,4,1,114,17,147,,3,0,1,0,0,83,17,117,,3,1,5,1,,0,0,0,0,55,282,448,FINAL (ENTRADA MANUAL)
3,4,2,97,24,134,,4,1,0,0,0,77,21,120,,2,0,1,1,,0,1,0,0,38,261,448,FINAL (ENTRADA MANUAL)
3,4,3,100,22,139,,8,1,0,0,0,76,18,116,,6,1,4,2,,3,1,0,0,44,271,448,FINAL (ENTRADA MANUAL)
3,4,4,105,33,122,,4,1,0,0,0,72,27,92,,4,0,3,2,,2,1,0,0,63,266,448,FINAL (ENTRADA MANUAL)
3,4,5,97,24,128,,7,1,0,0,0,74,19,108,,6,5,4,1,,0,1,0,0,40,258,448,FINAL (ENTRADA MANUAL)
3,4,6,102,26,145,,9,0,0,0,1,73,22,116,,9,1,3,1,,1,0,0,0,57,283,448,FINAL (ENTRADA MANUAL)
3,4,7,99,22,114,,9,1,0,0,0,80,19,94,,7,0,2,0,,0,3,0,0,43,248,450,FINAL (ENTRADA MANUAL)
3,5,1,114,15,104,,11,1,0,0,0,81,13,83,,8,1,4,1,,1,0,0,0,53,245,494,FINAL (ENTRADA MANUAL)
3,5,2,129,11,115,,7,1,0,0,0,94,11,94,,7,0,3,2,,1,0,0,0,51,263,494,FINAL (ENTRADA MANUAL)
3,5,3,93,13,86,,6,0,1,0,0,77,11,66,,5,0,0,0,,0,0,0,0,40,199,495,FINAL (ENTRADA MANUAL)
3,6,1,126,34,121,,9,0,1,0,1,91,32,90,,7,2,5,4,,3,0,0,0,58,292,517,FINAL (ENTRADA MANUAL)
3,6,2,111,35,96,,13,0,0,1,0,80,32,72,,12,1,2,0,,0,0,0,0,57,256,517,FINAL (ENTRADA MANUAL)
3,6,3,145,26,84,,10,0,0,0,0,116,24,68,,8,1,7,0,,0,1,0,0,41,266,516,FINAL (ENTRADA MANUAL)
3,7,1,103,33,150,,5,1,0,0,0,85,32,125,,5,0,4,3,,0,0,0,0,38,292,433,FINAL (ENTRADA MANUAL)
3,7,2,108,22,136,,4,0,0,0,0,79,21,104,,3,1,10,0,,1,0,0,0,51,270,433,FINAL (ENTRADA MANUAL)
3,7,3,120,21,118,,9,0,0,0,0,83,15,79,,8,2,9,3,,2,0,0,0,67,268,433,FINAL (ENTRADA MANUAL)
3,7,4,93,23,127,,10,0,0,0,0,73,19,96,,8,1,10,1,,0,1,0,0,45,254,433,FINAL (ENTRADA MANUAL)
3,7,5,90,28,141,,3,1,0,0,1,65,22,116,,3,1,7,4,,1,1,0,0,45,265,433,FINAL (ENTRADA MANUAL)
3,7,6,99,16,130,,6,0,0,0,0,60,14,103,,5,2,8,3,,3,0,0,0,53,251,433,FINAL (ENTRADA MANUAL)
3,7,7,98,19,125,,1,0,1,0,0,68,17,100,,1,1,7,3,,0,0,0,0,47,244,433,FINAL (ENTRADA MANUAL)
3,7,8,98,16,140,,4,0,0,0,0,73,13,110,,4,2,8,3,,0,1,0,0,45,259,433,FINAL (ENTRADA MANUAL)
3,7,9,92,15,153,,2,3,0,0,0,63,9,117,,1,0,10,4,,2,0,0,0,59,265,433,FINAL (ENTRADA MANUAL)
3,7,10,80,18,140,,7,0,0,0,0,56,18,119,,6,2,8,2,,1,1,0,0,33,246,433,FINAL (ENTRADA MANUAL)
3,7,11,70,20,82,,4,0,1,0,0,66,23,107,,7,0,5,0,,0,1,0,0,46,178,433,FINAL (ENTRADA MANUAL)
3,7,12,102,19,138,,2,1,0,0,0,77,15,114,,2,2,3,0,,3,0,0,0,46,262,434,FINAL (ENTRADA MANUAL)
3,8,1,125,27,88,,4,0,0,0,0,98,25,66,,4,0,3,0,,1,1,0,0,47,245,513,FINAL (ENTRADA MANUAL)
3,8,2,128,29,96,,4,2,0,1,0,98,29,80,,4,0,3,1,,3,1,0,0,42,261,513,FINAL (ENTRADA MANUAL)
3,8,3,116,28,84,,6,2,0,1,0,88,23,68,,6,0,6,2,,3,1,0,0,41,238,513,FINAL (ENTRADA MANUAL)
3,8,4,125,33,84,,4,1,0,0,1,79,28,45,,4,0,5,3,,2,0,0,0,82,248,513,FINAL (ENTRADA MANUAL)
3,9,1,97,20,133,,6,0,0,0,0,77,20,106,,5,0,6,2,,0,1,0,0,40,257,418,FINAL (ENTRADA MANUAL)
3,9,2,101,17,112,,10,0,0,0,0,71,11,88,,10,1,5,1,,0,0,0,0,53,240,418,FINAL (ENTRADA MANUAL)
3,9,3,96,24,129,,6,0,0,0,0,67,22,96,,5,1,5,1,,1,0,0,0,57,255,418,FINAL (ENTRADA MANUAL)
3,9,4,103,15,121,,4,1,0,0,0,67,11,86,,2,0,6,4,,3,0,0,0,65,244,417,FINAL (ENTRADA MANUAL)
3,10,1,101,18,109,,11,1,0,0,0,75,14,78,,10,1,8,2,,0,2,0,0,52,243,423,FINAL (ENTRADA MANUAL)
3,10,2,115,31,100,,2,2,2,0,0,78,29,78,,1,0,5,3,,2,1,0,0,56,253,423,FINAL (ENTRADA MANUAL)
3,10,3,96,22,112,,5,2,0,1,0,61,16,78,,5,2,3,1,,2,1,0,0,70,239,423,FINAL (ENTRADA MANUAL)
3,10,4,88,25,130,,7,0,0,0,0,62,23,99,,5,2,3,2,,0,0,0,0,54,250,423,FINAL (ENTRADA MANUAL)
3,10,5,119,35,110,,5,0,0,0,2,88,32,77,,4,0,1,2,,2,0,0,0,65,271,424,FINAL (ENTRADA MANUAL)
3,11,1,100,8,38,,6,0,0,0,0,91,8,30,,5,0,2,0,,1,2,0,0,15,154,615,FINAL (ENTRADA MANUAL)
3,12,1,97,27,91,,8,0,0,1,0,68,24,62,,7,0,4,0,,1,0,0,0,58,224,490,FINAL (ENTRADA MANUAL)
3,12,2,97,26,97,,12,0,0,1,1,58,23,65,,10,1,5,2,,2,0,0,0,68,234,490,FINAL (ENTRADA MANUAL)
3,12,3,93,16,92,,10,1,0,0,0,62,15,65,,8,1,3,1,,1,1,1,0,56,214,490,FINAL (ENTRADA MANUAL)
3,12,4,99,15,105,,15,2,0,0,0,66,14,77,,14,0,2,1,,3,1,0,0,59,237,490,FINAL (ENTRADA MANUAL)
3,13,1,123,41,108,,12,1,0,2,0,100,38,91,,9,0,5,1,,1,0,1,0,42,288,490,FINAL (ENTRADA MANUAL)
3,13,2,90,28,121,,8,0,0,0,1,71,26,93,,8,1,13,1,,1,1,0,0,34,249,490,FINAL (ENTRADA MANUAL)
3,13,3,107,22,119,,7,3,0,0,1,77,22,95,,6,2,6,3,,1,5,0,0,47,264,490,FINAL (ENTRADA MANUAL)
3,13,4,128,18,102,,12,2,0,0,1,103,15,76,,8,2,7,1,,4,1,0,0,47,264,490,FINAL (ENTRADA MANUAL)
3,13,5,86,32,101,,7,0,0,0,0,68,31,88,,6,1,8,2,,2,0,0,0,20,226,492,FINAL (ENTRADA MANUAL)
3,14,1,105,20,121,,3,1,0,1,1,89,16,99,,2,0,1,1,,1,0,0,0,43,252,488,FINAL (ENTRADA MANUAL)
3,14,2,97,13,123,,2,1,2,0,0,72,12,99,,2,0,0,2,,0,1,0,0,51,239,488,FINAL (ENTRADA MANUAL)
3,14,3,75,11,123,,6,2,0,0,0,57,10,112,,5,0,2,1,,2,0,1,0,28,218,488,FINAL (ENTRADA MANUAL)
3,14,4,93,5,140,,3,0,0,0,0,59,5,109,,3,0,1,1,,0,2,0,0,63,243,489,FINAL (ENTRADA MANUAL)
3,15,1,74,7,31,,6,0,0,0,0,60,7,21,,5,3,0,0,,0,2,0,0,22,120,227,FINAL (ENTRADA MANUAL)
3,16,1,125,16,113,,6,0,0,1,0,89,16,88,,4,0,6,2,,0,2,0,0,56,263,446,FINAL (ENTRADA MANUAL)
3,16,2,119,18,107,,8,0,0,0,0,89,18,85,,7,1,6,4,,2,0,0,0,40,252,446,FINAL (ENTRADA MANUAL)
3,16,3,104,31,110,,5,0,0,0,0,76,27,81,,4,0,7,1,,1,1,0,0,53,251,446,FINAL (ENTRADA MANUAL)
3,16,4,116,24,118,,3,0,0,0,0,84,22,92,,3,0,7,0,,2,1,0,0,51,262,446,FINAL (ENTRADA MANUAL)
3,16,5,116,21,113,,9,1,0,0,1,84,19,81,,8,0,7,2,,3,0,0,0,57,261,447,FINAL (ENTRADA MANUAL)
3,17,1,98,26,67,,7,1,0,0,0,71,25,48,,6,0,3,2,,2,1,0,0,42,200,358,FINAL (ENTRADA MANUAL)
3,17,2,102,19,79,,6,0,0,0,0,79,19,64,,6,1,1,2,,1,0,0,0,33,206,358,FINAL (ENTRADA MANUAL)
3,17,3,106,19,71,,4,0,0,0,0,90,17,57,,3,0,2,0,,2,0,0,0,29,200,357,FINAL (ENTRADA MANUAL)
3,18,1,136,32,104,,10,1,0,0,0,97,27,79,,7,0,0,1,,3,1,0,0,69,284,567,FINAL (ENTRADA MANUAL)
3,18,2,132,29,55,,9,2,0,1,0,94,25,40,,8,1,1,0,,2,1,0,0,57,229,567,FINAL (ENTRADA MANUAL)
3,18,3,126,31,82,,7,0,0,1,3,86,25,57,,7,0,3,2,,1,0,0,0,69,249,567,FINAL (ENTRADA MANUAL)
3,18,4,112,24,81,,7,0,0,0,0,84,19,51,,6,0,1,0,,3,1,0,0,60,225,568,FINAL (ENTRADA MANUAL)
3,19,1,105,16,13,,2,0,0,0,0,97,16,8,,1,0,0,0,,0,1,0,0,14,137,249,FINAL (ENTRADA MANUAL)
3,20,1,90,16,114,,10,0,0,0,0,69,12,95,,7,0,12,2,,0,0,0,0,33,230,436,FINAL (ENTRADA MANUAL)
3,20,2,87,26,132,,5,0,0,0,0,59,20,96,,5,0,10,1,,4,3,0,0,55,253,436,FINAL (ENTRADA MANUAL)
3,20,3,105,19,125,,3,0,0,0,0,81,18,100,,3,0,2,1,,3,0,0,0,44,252,436,FINAL (ENTRADA MANUAL)
3,20,4,100,23,111,,5,0,0,0,0,72,20,83,,3,2,7,2,,1,0,0,0,49,239,436,FINAL (ENTRADA MANUAL)
3,20,5,109,23,116,,4,0,0,0,0,72,19,75,,4,1,7,3,,1,0,0,1,70,253,436,FINAL (ENTRADA MANUAL)
3,20,6,97,28,102,,9,1,0,0,0,65,25,79,,8,0,9,1,,1,0,0,0,49,237,436,FINAL (ENTRADA MANUAL)
3,20,7,92,14,120,,4,0,0,0,1,70,13,90,,4,0,11,1,,3,0,0,0,39,231,436,FINAL (ENTRADA MANUAL)
3,21,1,102,27,44,,7,0,0,0,0,66,21,27,,5,1,8,0,,2,1,0,0,50,181,356,FINAL (ENTRADA MANUAL)
3,21,2,92,23,46,,6,0,0,0,0,69,20,28,,5,0,3,0,,1,0,0,0,41,167,356,FINAL (ENTRADA MANUAL)
3,22,1,111,21,93,,12,2,0,0,0,88,20,75,,9,0,4,4,,0,1,0,0,39,240,427,FINAL (ENTRADA MANUAL)
3,22,2,105,14,97,,6,0,0,0,0,84,13,73,,6,2,3,2,,0,1,0,0,39,223,427,FINAL (ENTRADA MANUAL)
3,22,3,121,14,98,,7,0,0,1,0,99,12,73,,7,2,4,0,,1,1,0,0,43,242,426,FINAL (ENTRADA MANUAL)
3,23,1,163,21,63,,1,0,0,0,0,131,19,48,,1,0,2,3,,0,0,0,0,44,248,468,FINAL (ENTRADA MANUAL)
3,23,2,162,18,57,,5,1,0,0,0,122,17,32,,5,0,3,0,,1,1,0,0,63,244,467,FINAL (ENTRADA MANUAL)
3,24,1,48,5,25,,3,0,0,0,0,36,5,16,,2,0,1,0,,1,0,0,0,20,81,160,FINAL (ENTRADA MANUAL)
3,25,1,38,4,16,,0,1,0,0,0,24,2,7,,0,1,2,0,,0,1,0,0,23,60,197,FINAL (ENTRADA MANUAL)
3,26,1,137,23,130,,6,1,0,0,0,102,21,106,,5,0,2,1,,1,1,0,0,59,298,426,FINAL (ENTRADA MANUAL)
3,26,2,96,12,112,,3,1,0,1,0,67,9,84,,1,1,3,2,,2,1,0,0,56,226,426,FINAL (ENTRADA MANUAL)
3,26,3,83,18,123,,4,0,0,0,0,66,16,101,,4,1,5,2,,2,0,0,0,31,228,426,FINAL (ENTRADA MANUAL)
3,26,4,93,17,119,,8,0,1,0,0,67,13,99,,6,1,3,2,,0,0,0,0,47,238,426,FINAL (ENTRADA MANUAL)
3,26,5,80,16,115,,4,0,0,0,0,62,15,97,,4,1,5,3,,0,1,0,0,28,216,426,FINAL (ENTRADA MANUAL)
3,26,6,78,33,110,,2,1,0,0,0,62,32,96,,2,0,2,2,,2,1,0,0,26,225,426,FINAL (ENTRADA MANUAL)
3,27,1,169,8,48,,6,0,0,0,0,139,7,35,,4,2,5,1,,2,0,0,0,36,231,587,FINAL (ENTRADA MANUAL)
3,72,1,663,113,110,,3,1,0,0,0,563,103,79,,3,4,17,1,,0,0,0,0,120,890,0,FINAL (ENTRADA MANUAL)
3,72,2,103,26,19,,1,1,0,0,0,91,24,18,,0,0,0,6,,1,4,0,0,10,154,0,FINAL (ENTRADA MANUAL)
3,72,3,645,195,202,,8,1,0,0,0,530,174,136,,7,6,24,2,,0,0,1,0,172,1052,0,FINAL (ENTRADA MANUAL)
3,72,4,76,39,31,,0,0,0,0,0,63,33,23,,0,0,10,0,,0,0,0,0,12,141,0,FINAL (ENTRADA MANUAL)
3,72,5,133,13,20,,1,0,0,0,0,117,12,14,,1,1,2,0,,0,0,0,0,20,167,0,FINAL (ENTRADA MANUAL)
3,72,6,24,4,3,,0,0,0,0,0,21,4,2,,0,0,1,0,,0,2,1,0,3,34,0,FINAL (ENTRADA MANUAL)
3,72,7,0,0,0,,0,0,0,0,0,0,0,0,,0,0,0,0,,0,0,0,0,0,0,0,FINAL (ENTRADA MANUAL)
3,72,8,1,0,0,,0,0,0,0,0,1,0,0,,0,0,0,0,,0,0,0,0,1,2,0,FINAL (ENTRADA MANUAL)
3,72,9,27,1,3,,0,0,0,0,0,20,1,2,,0,0,0,0,,0,0,0,0,8,31,0,FINAL (ENTRADA MANUAL)
3,72,10,3,2,1,,0,0,0,0,0,1,1,1,,0,0,0,0,,0,0,0,0,3,6,0,FINAL (ENTRADA MANUAL)
3,72,11,89,15,10,,1,0,0,0,0,79,14,7,,0,0,1,0,,0,0,0,0,13,115,0,FINAL (ENTRADA MANUAL)
3,72,12,33,14,4,,0,0,0,0,0,32,14,4,,0,0,1,0,,0,1,0,0,0,52,0,FINAL (ENTRADA MANUAL)
3,73,1,134,143,39,,2,0,0,0,1,99,136,20,,1,1,16,2,,1,0,1,0,43,320,0,FINAL (ENTRADA MANUAL)
3,73,2,0,0,0,,0,0,0,0,0,0,0,0,,0,0,0,0,,0,0,0,0,0,0,0,FINAL (ENTRADA MANUAL)
3,73,3,36,31,13,,2,0,0,0,1,29,26,4,,1,0,2,0,,0,1,0,1,21,85,0,FINAL (ENTRADA MANUAL)
3,74,1,20,3,13,,0,0,0,0,0,17,3,10,,0,0,0,0,,0,0,0,0,6,36,0,FINAL (ENTRADA MANUAL)
3,74,2,0,0,0,,0,0,0,0,0,0,0,0,,0,0,0,0,,0,1,0,0,0,1,0,FINAL (ENTRADA MANUAL)
3,75,1,0,0,0,,0,0,0,0,0,0,0,0,,0,0,0,0,,0,0,0,0,0,0,0,FINAL (ENTRADA MANUAL)
3,75,2,3,1,2,,0,0,2,0,0,2,1,1,,0,0,1,0,,0,0,0,0,3,8,0,FINAL (ENTRADA MANUAL)
3,75,3,0,0,0,,0,0,0,0,0,0,0,0,,0,0,0,0,,0,0,0,0,0,0,0,FINAL (ENTRADA MANUAL)
3,75,4,0,0,0,,0,0,0,0,0,0,0,0,,0,0,0,0,,0,0,0,0,0,0,0,FINAL (ENTRADA MANUAL)
3,76,1,55,1,7,,1,0,0,0,0,46,1,5,,1,1,0,0,,0,0,0,0,10,64,0,FINAL (ENTRADA MANUAL)
3,76,2,1,0,0,,0,0,0,0,0,1,0,0,,0,0,0,0,,0,0,0,0,0,1,0,FINAL (ENTRADA MANUAL)
3,76,3,13,1,3,,0,0,0,0,0,7,1,1,,0,0,0,0,,0,0,0,0,8,15,0,FINAL (ENTRADA MANUAL)
3,76,4,1,0,0,,0,0,0,0,0,0,0,0,,0,1,0,0,,0,0,0,0,0,1,0,FINAL (ENTRADA MANUAL)
3,76,5,1,0,0,,0,0,0,0,0,0,0,0,,0,0,0,0,,0,0,0,0,1,1,0,FINAL (ENTRADA MANUAL)
3,77,1,0,0,0,,0,0,0,0,0,0,0,0,,0,0,0,0,,0,0,0,0,0,0,0,FINAL (ENTRADA MANUAL)
3,77,2,36,6,140,,0,0,0,0,0,21,6,115,,0,1,3,1,,1,1,0,0,34,183,0,FINAL (ENTRADA MANUAL)
3,77,3,0,0,1,,0,0,0,0,0,0,0,1,,0,0,0,0,,0,0,0,0,0,0,0,FINAL (ENTRADA MANUAL)
3,77,4,1,0,6,,0,0,0,0,0,1,0,6,,0,0,0,0,,0,0,0,0,0,7,0,FINAL (ENTRADA MANUAL)
3,77,5,38,8,15,,0,0,0,0,0,32,8,11,,0,0,1,0,,0,0,0,0,9,61,0,FINAL (ENTRADA MANUAL)
3,77,6,1,0,0,,0,0,0,0,0,1,0,0,,0,0,0,0,,0,0,0,0,0,1,0,FINAL (ENTRADA MANUAL)
3,77,7,0,0,0,,0,0,0,0,0,0,0,0,,0,0,0,0,,0,0,0,0,0,0,0,FINAL (ENTRADA MANUAL)
3,77,8,0,0,2,,0,0,0,0,0,0,0,1,,0,0,0,0,,0,0,0,0,1,2,0,FINAL (ENTRADA MANUAL)
3,77,9,10,5,13,,0,0,0,0,0,8,5,10,,0,0,0,0,,0,1,0,0,5,29,0,FINAL (ENTRADA MANUAL)
3,78,1,168,37,61,,10,0,0,1,1,120,31,42,,9,0,2,1,,0,40,0,0,73,318,0,FINAL (ENTRADA MANUAL)
3,78,2,0,0,0,,0,0,0,0,0,0,0,0,,0,0,0,0,,0,0,0,0,0,0,0,FINAL (ENTRADA MANUAL)
3,78,3,0,0,0,,0,0,0,0,0,0,0,0,,0,0,0,0,,0,0,0,0,0,0,0,FINAL (ENTRADA MANUAL)
3,78,4,4,0,7,,0,0,0,0,0,3,0,6,,0,0,0,0,,0,0,0,0,2,11,0,FINAL (ENTRADA MANUAL)
4,1,1,67,27,68,,8,1,0,0,0,46,23,49,,6,0,5,1,,2,1,0,0,39,172,319,FINAL (ENTRADA MANUAL)
4,1,2,69,33,72,,9,1,0,0,0,49,31,56,,7,1,9,0,,1,0,0,0,30,184,319,FINAL (ENTRADA MANUAL)
4,1,3,79,30,47,,17,0,0,0,1,52,25,37,,12,0,4,0,,2,0,0,0,42,174,319,FINAL (ENTRADA MANUAL)
4,2,1,127,33,127,,4,2,0,0,0,100,29,104,,4,4,7,2,,4,0,0,0,39,293,433,FINAL (ENTRADA MANUAL)
4,2,2,120,26,116,,1,0,0,0,0,90,20,80,,1,0,11,4,,2,0,0,0,55,263,433,FINAL (ENTRADA MANUAL)
4,2,3,117,22,120,,3,0,0,0,0,93,17,91,,3,1,6,3,,1,0,0,0,47,262,433,FINAL (ENTRADA MANUAL)
4,2,4,112,16,113,,1,0,0,0,0,92,13,91,,1,0,3,3,,3,2,1,0,36,245,433,FINAL (ENTRADA MANUAL)
4,2,5,137,29,117,,6,0,0,0,0,111,28,96,,2,1,5,0,,0,1,0,0,46,290,433,FINAL (ENTRADA MANUAL)
4,2,6,112,29,111,,5,0,0,0,0,82,24,97,,3,3,6,1,,1,2,0,0,40,259,433,FINAL (ENTRADA MANUAL)
4,2,7,108,27,113,,7,1,0,0,0,88,24,89,,7,2,6,3,,1,2,0,0,36,258,433,FINAL (ENTRADA MANUAL)
4,3,1,106,16,139,,7,0,1,1,0,75,13,102,,6,1,2,4,,1,0,0,0,66,271,443,FINAL (ENTRADA MANUAL)
4,3,2,108,23,138,,7,1,0,1,0,81,21,113,,6,1,3,5,,0,2,0,0,48,280,443,FINAL (ENTRADA MANUAL)
4,3,3,100,28,150,,9,1,0,0,0,77,25,123,,7,0,2,3,,0,1,0,0,51,289,443,FINAL (ENTRADA MANUAL)
4,3,4,111,21,139,,5,1,0,0,0,80,18,110,,4,0,3,1,,2,3,0,0,59,280,443,FINAL (ENTRADA MANUAL)
4,3,5,103,23,137,,6,0,0,0,0,64,18,104,,3,0,3,4,,3,1,0,0,70,270,443,FINAL (ENTRADA MANUAL)
4,3,6,95,26,137,,7,2,0,1,0,70,25,116,,5,0,7,1,,1,0,0,0,43,268,443,FINAL (ENTRADA MANUAL)
4,4,1,144,27,114,,3,1,0,0,0,115,25,82,,3,3,11,0,,2,0,0,0,48,289,395,FINAL (ENTRADA MANUAL)
4,4,2,113,14,81,,5,0,1,1,0,82,12,61,,5,4,4,2,,0,0,0,0,45,215,395,FINAL (ENTRADA MANUAL)
4,4,3,144,16,95,,3,0,0,0,0,113,12,80,,3,3,6,4,,0,0,0,0,37,258,395,FINAL (ENTRADA MANUAL)
4,4,4,137,25,98,,3,0,1,0,0,104,19,74,,2,1,7,2,,1,1,0,0,54,265,395,FINAL (ENTRADA MANUAL)
4,4,5,143,23,114,,2,0,0,0,0,117,19,99,,2,1,9,2,,1,0,0,0,32,282,395,FINAL (ENTRADA MANUAL)
4,4,6,135,16,92,,6,0,0,0,0,112,11,70,,4,0,3,4,,1,0,0,0,44,249,395,FINAL (ENTRADA MANUAL)
4,4,7,137,20,108,,2,0,0,0,0,107,20,74,,2,2,10,2,,0,0,0,0,50,267,395,FINAL (ENTRADA MANUAL)
4,4,8,134,16,107,,1,0,1,0,0,114,13,87,,1,0,5,4,,1,1,0,0,34,260,395,FINAL (ENTRADA MANUAL)
4,5,1,92,16,96,,6,1,0,1,0,75,15,69,,6,0,2,2,,0,1,0,0,43,213,392,FINAL (ENTRADA MANUAL)
4,5,2,94,20,121,,3,3,0,0,0,73,18,106,,3,1,5,2,,2,0,0,0,31,241,392,FINAL (ENTRADA MANUAL)
4,5,3,105,19,119,,4,1,0,0,0,78,14,95,,3,1,12,0,,0,0,0,0,45,248,392,FINAL (ENTRADA MANUAL)
4,5,4,108,16,133,,3,1,0,0,0,91,14,106,,2,1,3,3,,1,0,0,0,40,261,393,FINAL (ENTRADA MANUAL)
4,6,1,103,24,120,,7,4,0,0,0,76,19,92,,6,2,5,2,,2,1,0,0,54,259,414,FINAL (ENTRADA MANUAL)
4,6,2,127,15,123,,5,0,1,0,0,98,13,94,,4,0,11,1,,2,0,0,0,48,271,414,FINAL (ENTRADA MANUAL)
4,6,3,108,21,112,,4,0,0,0,0,87,20,92,,4,2,5,0,,1,1,0,0,34,246,414,FINAL (ENTRADA MANUAL)
4,6,4,103,17,121,,3,1,0,0,0,70,15,94,,3,0,7,1,,0,1,0,0,55,246,414,FINAL (ENTRADA MANUAL)
4,6,5,106,19,130,,3,2,1,0,0,80,18,108,,2,1,2,4,,0,0,0,0,46,261,414,FINAL (ENTRADA MANUAL)
4,6,6,102,15,137,,3,0,0,0,1,77,14,107,,3,1,7,0,,0,0,0,0,49,258,414,FINAL (ENTRADA MANUAL)
4,6,7,103,19,147,,5,1,0,0,0,81,17,129,,5,0,3,4,,0,1,0,0,36,276,412,FINAL (ENTRADA MANUAL)
4,7,1,162,41,116,,4,0,0,1,0,125,40,89,,3,2,7,1,,1,0,0,0,56,324,399,FINAL (ENTRADA MANUAL)
4,7,2,103,23,121,,6,0,0,0,0,75,18,94,,5,1,6,3,,0,1,0,0,51,254,399,FINAL (ENTRADA MANUAL)
4,7,3,117,32,97,,6,1,0,0,0,91,31,72,,4,3,10,2,,0,0,0,0,40,253,399,FINAL (ENTRADA MANUAL)
4,7,4,117,17,115,,2,0,0,0,0,93,15,86,,2,1,7,0,,0,2,0,0,47,253,399,FINAL (ENTRADA MANUAL)
4,7,5,119,15,122,,3,0,0,0,0,87,14,100,,1,2,4,2,,1,0,0,0,48,259,399,FINAL (ENTRADA MANUAL)
4,7,6,96,18,120,,8,0,0,0,0,68,14,97,,6,0,1,2,,1,1,0,0,53,243,399,FINAL (ENTRADA MANUAL)
4,7,7,106,21,120,,6,0,0,0,1,82,19,99,,4,0,2,1,,2,0,0,0,45,254,399,FINAL (ENTRADA MANUAL)
4,7,8,85,24,136,,1,1,1,0,0,64,23,113,,1,0,8,4,,1,0,0,0,34,248,399,FINAL (ENTRADA MANUAL)
4,7,9,87,20,135,,6,0,0,0,0,71,17,102,,4,2,7,2,,2,0,0,0,41,248,403,FINAL (ENTRADA MANUAL)
4,8,1,87,22,87,,3,1,0,0,1,61,19,68,,2,1,4,0,,0,0,0,0,46,201,278,FINAL (ENTRADA MANUAL)
4,8,2,88,11,83,,3,1,0,0,1,68,11,60,,2,1,9,1,,0,0,0,0,35,187,277,FINAL (ENTRADA MANUAL)
4,9,1,131,17,103,,5,1,0,0,0,96,15,75,,5,3,7,3,,1,0,0,0,52,257,530,FINAL (ENTRADA MANUAL)
4,9,2,121,21,98,,5,1,0,1,1,80,18,65,,3,1,2,2,,1,0,0,0,76,248,531,FINAL (ENTRADA MANUAL)
4,10,1,95,22,75,,7,0,0,0,0,65,21,57,,5,1,10,0,,1,0,0,0,39,199,292,FINAL (ENTRADA MANUAL)
4,10,2,97,24,73,,7,2,0,0,0,71,22,53,,6,1,4,0,,0,0,0,0,46,203,292,FINAL (ENTRADA MANUAL)
4,11,1,125,20,56,,3,0,0,1,0,92,19,44,,0,0,2,2,,1,2,0,0,45,207,534,FINAL (ENTRADA MANUAL)
4,12,1,115,35,91,,7,1,0,0,1,91,32,76,,7,0,5,4,,4,0,0,0,31,250,413,FINAL (ENTRADA MANUAL)
4,12,2,112,30,96,,8,2,0,0,0,91,26,82,,7,1,5,0,,0,0,1,0,36,249,413,FINAL (ENTRADA MANUAL)
4,12,3,94,16,94,,6,0,0,0,0,66,14,63,,6,1,2,0,,1,2,0,0,57,212,413,FINAL (ENTRADA MANUAL)
4,12,4,102,25,80,,7,1,0,0,0,80,20,59,,7,2,3,0,,1,1,0,0,43,216,413,FINAL (ENTRADA MANUAL)
4,12,5,115,17,85,,9,2,0,0,0,87,15,66,,6,0,5,2,,4,1,0,0,43,229,413,FINAL (ENTRADA MANUAL)
4,13,1,100,24,123,,6,1,0,0,0,73,22,99,,4,0,4,0,,1,1,0,0,51,255,440,FINAL (ENTRADA MANUAL)
4,13,2,98,25,124,,5,0,0,0,0,69,21,93,,4,1,6,1,,1,1,0,0,56,253,440,FINAL (ENTRADA MANUAL)
4,13,3,95,20,111,,11,2,0,2,0,74,18,90,,11,2,7,2,,2,4,0,0,35,245,440,FINAL (ENTRADA MANUAL)
4,13,4,113,18,128,,6,0,0,0,0,78,17,102,,6,1,5,0,,0,1,0,0,56,266,442,FINAL (ENTRADA MANUAL)
4,14,1,143,13,51,,4,2,0,0,0,120,13,30,,2,1,3,0,,2,0,0,0,42,213,542,FINAL (ENTRADA MANUAL)
4,14,2,144,9,41,,13,0,0,0,0,124,8,32,,11,3,1,1,,1,0,0,0,26,207,541,FINAL (ENTRADA MANUAL)
4,15,1,122,23,113,,9,2,0,0,0,75,20,84,,8,1,2,1,,0,4,0,0,78,273,469,FINAL (ENTRADA MANUAL)
4,15,2,121,13,107,,7,0,0,0,1,82,11,69,,7,1,5,0,,1,0,0,0,73,249,469,FINAL (ENTRADA MANUAL)
4,15,3,114,25,99,,10,1,0,0,1,80,20,76,,8,2,7,1,,1,2,0,0,55,252,469,FINAL (ENTRADA MANUAL)
4,15,4,91,21,116,,12,1,0,0,0,65,18,86,,9,1,3,3,,0,0,0,0,56,241,469,FINAL (ENTRADA MANUAL)
4,15,5,108,13,98,,4,2,0,1,0,73,10,84,,2,3,1,1,,0,1,0,0,52,227,469,FINAL (ENTRADA MANUAL)
4,16,1,120,13,76,,11,2,0,0,0,95,11,60,,10,0,5,2,,3,1,0,0,36,223,431,FINAL (ENTRADA MANUAL)
4,16,2,95,28,94,,8,1,0,0,0,65,24,59,,6,1,3,0,,2,0,0,0,66,226,431,FINAL (ENTRADA MANUAL)
4,16,3,113,22,91,,8,0,1,0,1,90,19,68,,8,0,4,1,,0,3,0,0,46,239,431,FINAL (ENTRADA MANUAL)
4,16,4,120,29,75,,8,1,0,0,0,83,27,58,,8,1,3,1,,4,2,0,0,48,235,431,FINAL (ENTRADA MANUAL)
4,16,5,104,21,100,,7,0,0,0,3,86,15,70,,4,2,6,4,,1,0,0,0,47,235,433,FINAL (ENTRADA MANUAL)
4,17,1,86,11,85,,7,0,0,0,0,66,10,71,,5,0,4,2,,2,1,0,0,29,190,370,FINAL (ENTRADA MANUAL)
4,17,2,81,20,90,,8,1,0,0,0,62,18,64,,7,0,8,3,,5,0,0,0,33,200,369,FINAL (ENTRADA MANUAL)
4,18,1,108,25,92,,9,0,0,0,0,83,21,77,,7,0,6,2,,0,4,0,0,38,238,362,FINAL (ENTRADA MANUAL)
4,18,2,99,28,83,,7,0,0,0,0,81,24,65,,6,1,4,2,,0,0,0,0,34,217,362,FINAL (ENTRADA MANUAL)
4,18,3,91,27,87,,6,0,0,0,0,74,25,69,,6,1,2,1,,0,2,0,0,33,213,362,FINAL (ENTRADA MANUAL)
4,18,4,126,17,69,,10,0,0,0,0,91,16,48,,7,0,1,2,,0,2,0,0,57,224,363,FINAL (ENTRADA MANUAL)
4,19,1,137,25,125,,5,1,0,0,0,104,23,98,,4,2,9,4,,2,1,0,0,47,294,406,FINAL (ENTRADA MANUAL)
4,19,2,115,20,132,,4,0,0,0,0,88,16,110,,4,3,5,1,,1,1,0,0,43,272,406,FINAL (ENTRADA MANUAL)
4,19,3,95,25,120,,3,1,0,0,2,74,22,91,,3,1,4,0,,2,0,0,0,49,246,406,FINAL (ENTRADA MANUAL)
4,19,4,112,20,105,,9,0,0,0,0,86,20,84,,8,0,4,1,,4,0,0,0,39,246,406,FINAL (ENTRADA MANUAL)
4,19,5,106,18,117,,4,0,0,0,0,78,13,91,,3,0,5,4,,0,0,0,0,51,245,406,FINAL (ENTRADA MANUAL)
4,19,6,111,16,134,,4,0,0,0,0,73,13,108,,3,4,11,1,,0,3,0,0,52,268,406,FINAL (ENTRADA MANUAL)
4,19,7,105,16,137,,4,1,0,0,0,80,16,103,,4,2,7,3,,0,1,0,0,48,264,406,FINAL (ENTRADA MANUAL)
4,19,8,117,18,118,,2,0,0,0,0,87,13,95,,2,3,1,3,,0,1,0,0,51,256,406,FINAL (ENTRADA MANUAL)
4,19,9,94,17,138,,4,0,0,0,0,69,14,104,,3,6,7,3,,1,2,0,0,46,255,406,FINAL (ENTRADA MANUAL)
4,19,10,113,16,120,,3,0,1,1,1,82,14,93,,1,2,4,1,,1,0,1,0,57,256,408,FINAL (ENTRADA MANUAL)
4,20,1,92,26,115,,12,1,0,1,2,63,24,85,,10,2,9,1,,0,0,0,0,55,249,387,FINAL (ENTRADA MANUAL)
4,20,2,106,29,94,,8,1,0,0,0,82,27,70,,8,0,1,1,,0,1,0,0,49,239,387,FINAL (ENTRADA MANUAL)
4,20,3,112,26,113,,8,1,0,0,0,96,26,87,,8,0,5,4,,3,0,0,0,31,260,387,FINAL (ENTRADA MANUAL)
4,20,4,109,42,81,,10,0,0,0,0,85,35,60,,10,0,4,2,,1,0,0,0,45,242,387,FINAL (ENTRADA MANUAL)
4,20,5,107,35,82,,6,0,0,0,0,79,32,52,,5,2,8,1,,1,0,0,0,50,230,387,FINAL (ENTRADA MANUAL)
4,21,1,113,28,125,,9,1,0,0,0,90,25,93,,7,2,5,1,,1,1,0,0,52,277,458,FINAL (ENTRADA MANUAL)
4,21,2,123,19,116,,6,0,0,0,0,90,17,86,,6,1,9,7,,4,1,0,0,44,265,458,FINAL (ENTRADA MANUAL)
4,21,3,122,23,124,,2,1,0,0,1,77,20,83,,1,0,10,4,,2,3,0,0,76,276,458,FINAL (ENTRADA MANUAL)
4,22,1,89,10,74,,11,2,0,0,1,61,10,52,,9,1,2,0,,5,0,0,0,47,187,340,FINAL (ENTRADA MANUAL)
4,22,2,80,8,72,,7,0,0,0,0,59,8,49,,6,1,3,2,,0,2,0,0,39,169,340,FINAL (ENTRADA MANUAL)
4,23,1,78,29,137,,7,1,0,0,0,53,28,110,,7,0,5,0,,2,0,0,0,47,252,441,FINAL (ENTRADA MANUAL)
4,23,2,101,23,136,,3,1,1,1,0,78,22,101,,2,1,3,0,,2,0,0,0,57,266,441,FINAL (ENTRADA MANUAL)
4,23,3,100,20,140,,3,0,0,0,0,75,19,124,,2,0,6,3,,4,1,0,0,30,264,441,FINAL (ENTRADA MANUAL)
4,23,4,93,11,159,,3,0,0,0,0,62,10,128,,1,0,6,0,,0,1,0,0,59,265,441,FINAL (ENTRADA MANUAL)
4,23,5,76,20,155,,7,0,0,0,0,59,14,123,,6,0,3,0,,1,0,0,0,52,258,440,FINAL (ENTRADA MANUAL)
4,24,1,164,36,88,,3,2,0,0,1,135,33,72,,2,2,14,3,,1,0,0,0,32,294,405,FINAL (ENTRADA MANUAL)
4,24,2,154,27,77,,5,0,0,0,1,113,21,54,,3,1,9,4,,0,0,0,0,59,264,405,FINAL (ENTRADA MANUAL)
4,24,3,168,24,71,,5,0,0,0,0,128,19,61,,4,2,8,2,,0,1,0,0,44,269,405,FINAL (ENTRADA MANUAL)
4,24,4,132,21,101,,2,0,0,0,0,108,15,78,,2,2,8,2,,0,0,0,0,41,256,405,FINAL (ENTRADA MANUAL)
4,24,5,148,29,86,,3,0,0,0,0,113,27,65,,2,2,5,1,,0,0,0,0,51,266,405,FINAL (ENTRADA MANUAL)
4,24,6,149,20,86,,6,0,1,0,0,119,17,61,,6,1,7,3,,0,1,0,0,48,263,405,FINAL (ENTRADA MANUAL)
4,24,7,141,34,86,,2,3,0,0,0,98,29,64,,2,1,9,1,,2,0,0,0,60,266,406,FINAL (ENTRADA MANUAL)
4,25,1,106,28,118,,12,0,0,0,1,86,24,96,,11,0,4,0,,0,1,0,0,44,266,449,FINAL (ENTRADA MANUAL)
4,25,2,108,23,101,,6,0,0,0,0,77,22,78,,5,1,3,1,,1,0,0,0,50,238,449,FINAL (ENTRADA MANUAL)
4,25,3,110,26,91,,9,0,0,0,1,96,24,73,,8,3,0,0,,0,2,0,0,33,239,449,FINAL (ENTRADA MANUAL)
4,25,4,91,29,83,,13,3,0,0,0,68,27,61,,11,3,1,1,,0,1,0,0,47,220,449,FINAL (ENTRADA MANUAL)
4,25,5,102,28,88,,9,1,0,0,0,92,24,75,,8,0,3,3,,2,0,0,0,21,228,449,FINAL (ENTRADA MANUAL)
4,25,6,95,24,92,,6,0,0,0,1,75,18,71,,6,1,3,4,,0,1,1,0,40,220,449,FINAL (ENTRADA MANUAL)
4,25,7,77,22,119,,9,2,0,0,0,50,20,85,,7,1,4,1,,1,0,0,0,60,229,449,FINAL (ENTRADA MANUAL)
4,25,8,110,24,96,,11,1,0,0,0,75,22,63,,10,1,6,0,,2,2,0,0,63,244,452,FINAL (ENTRADA MANUAL)
4,72,1,567,89,115,,7,0,0,1,0,467,85,87,,7,5,19,4,,2,0,0,0,103,779,0,FINAL (ENTRADA MANUAL)
4,72,2,69,12,19,,0,0,0,0,0,61,12,16,,0,1,2,1,,0,2,0,0,7,102,0,FINAL (ENTRADA MANUAL)
4,72,3,1021,185,363,,12,2,0,2,5,838,159,247,,9,12,41,12,,6,3,1,0,266,1595,0,FINAL (ENTRADA MANUAL)
4,72,4,0,0,0,,0,0,0,0,0,0,0,0,,0,0,0,0,,0,0,0,0,0,0,0,FINAL (ENTRADA MANUAL)
4,72,5,88,10,24,,0,0,0,0,0,75,8,16,,0,2,2,0,,1,0,0,0,18,122,0,FINAL (ENTRADA MANUAL)
4,72,6,19,3,7,,0,0,0,0,0,14,2,6,,0,2,1,1,,0,1,0,0,3,30,0,FINAL (ENTRADA MANUAL)
4,72,7,108,14,24,,0,0,1,0,0,91,12,16,,0,0,2,1,,1,0,0,0,0,147,0,FINAL (ENTRADA MANUAL)
4,72,8,1,0,1,,0,0,0,0,0,1,0,0,,0,0,1,0,,0,0,0,0,0,2,0,FINAL (ENTRADA MANUAL)
4,72,9,18,15,8,,0,0,0,0,0,15,5,4,,0,0,1,0,,0,0,0,0,6,31,0,FINAL (ENTRADA MANUAL)
4,72,10,16,1,8,,0,0,0,0,0,15,1,8,,0,0,0,0,,0,1,0,0,1,26,0,FINAL (ENTRADA MANUAL)
4,73,1,154,162,58,,4,2,0,0,2,110,147,27,,4,1,16,2,,0,0,0,0,75,382,0,FINAL (ENTRADA MANUAL)
4,73,2,0,0,0,,0,0,0,0,0,0,0,0,,0,0,0,0,,0,0,0,0,0,0,0,FINAL (ENTRADA MANUAL)
4,73,3,43,28,19,,0,0,0,0,1,28,27,10,,0,0,3,1,,0,11,0,0,22,102,0,FINAL (ENTRADA MANUAL)
4,74,1,6,2,16,,0,1,0,0,0,3,2,14,,0,0,0,0,,0,0,0,0,6,25,0,FINAL (ENTRADA MANUAL)
4,74,2,1,0,0,,0,0,0,0,0,1,0,0,,0,0,0,0,,0,0,0,0,0,1,0,FINAL (ENTRADA MANUAL)
4,75,1,2,0,1,,0,0,0,0,0,2,0,1,,0,0,0,0,,0,1,0,0,0,4,0,FINAL (ENTRADA MANUAL)
4,75,2,0,0,0,,0,0,0,0,0,0,0,0,,0,0,0,0,,0,0,0,0,0,0,0,FINAL (ENTRADA MANUAL)
4,75,3,0,0,1,,0,0,0,0,0,0,0,1,,0,0,0,0,,0,0,0,0,0,1,0,FINAL (ENTRADA MANUAL)
4,76,1,44,2,8,,1,0,0,0,0,24,1,2,,1,1,0,0,,0,2,0,0,26,57,0,FINAL (ENTRADA MANUAL)
4,76,2,1,0,0,,0,0,0,0,0,1,0,0,,0,0,0,0,,0,0,0,0,0,1,0,FINAL (ENTRADA MANUAL)
4,76,3,14,0,0,,0,0,0,0,0,9,0,0,,0,0,0,0,,0,0,0,0,5,14,0,FINAL (ENTRADA MANUAL)
4,76,4,0,0,0,,0,0,0,0,0,0,0,0,,0,0,0,0,,0,0,0,0,0,0,0,FINAL (ENTRADA MANUAL)
4,76,5,2,0,1,,2,0,0,0,0,1,0,1,,2,0,0,0,,0,0,0,0,1,5,0,FINAL (ENTRADA MANUAL)
4,76,6,0,0,0,,0,0,0,0,0,0,0,0,,0,0,0,0,,0,0,0,0,0,0,0,FINAL (ENTRADA MANUAL)
4,77,1,16,2,45,,0,0,0,0,0,8,2,30,,0,0,3,2,,0,0,0,0,18,63,0,FINAL (ENTRADA MANUAL)
4,77,2,79,19,285,,0,0,1,0,2,66,16,263,,0,2,4,2,,0,0,0,0,33,386,0,FINAL (ENTRADA MANUAL)
4,77,3,0,0,7,,0,0,0,0,0,0,0,6,,0,0,0,0,,0,0,0,0,1,7,0,FINAL (ENTRADA MANUAL)
4,77,4,4,0,15,,0,0,0,0,0,3,0,14,,0,0,1,0,,0,0,0,0,1,19,0,FINAL (ENTRADA MANUAL)
4,77,5,0,0,0,,0,0,0,0,0,0,0,0,,0,0,0,0,,0,0,0,0,0,0,0,FINAL (ENTRADA MANUAL)
4,77,6,0,0,0,,0,0,0,0,0,0,0,0,,0,0,0,0,,0,0,0,0,0,0,0,FINAL (ENTRADA MANUAL)
4,77,7,0,0,0,,0,0,0,0,0,0,0,0,,0,0,0,0,,0,0,0,0,0,0,0,FINAL (ENTRADA MANUAL)
4,77,8,2,0,7,,0,0,0,0,0,2,0,6,,0,0,0,0,,0,0,0,0,1,9,0,FINAL (ENTRADA MANUAL)
4,77,9,0,0,0,,0,0,0,0,0,0,0,0,,0,0,0,0,,0,0,0,0,0,0,0,FINAL (ENTRADA MANUAL)
4,77,10,84,14,37,,3,0,0,0,0,76,13,31,,3,0,1,1,,0,0,0,0,13,138,0,FINAL (ENTRADA MANUAL)
4,78,1,119,22,72,,7,0,0,0,0,85,18,48,,3,1,5,0,,0,1,1,0,60,222,0,FINAL (ENTRADA MANUAL)
4,78,2,0,0,0,,0,0,0,0,0,0,0,0,,0,0,0,0,,0,0,0,0,0,0,0,FINAL (ENTRADA MANUAL)
4,78,3,0,0,0,,0,0,0,0,0,0,0,0,,0,0,0,0,,0,0,0,0,0,0,0,FINAL (ENTRADA MANUAL)
4,78,4,4,1,6,,0,0,0,0,0,1,1,4,,0,0,0,0,,0,0,0,0,5,11,0,FINAL (ENTRADA MANUAL)
5,1,1,162,24,90,,7,0,0,0,1,115,20,70,,5,1,15,0,,2,0,0,0,56,285,450,FINAL (ENTRADA MANUAL)
5,1,2,153,23,89,,11,1,0,0,1,123,22,73,,10,0,4,0,,1,0,0,0,45,280,450,FINAL (ENTRADA MANUAL)
5,1,3,160,21,83,,10,2,0,0,0,128,19,60,,7,1,7,0,,1,0,0,0,53,276,450,FINAL (ENTRADA MANUAL)
5,1,4,164,21,86,,5,0,0,1,2,124,19,67,,5,1,6,1,,1,1,0,0,55,280,450,FINAL (ENTRADA MANUAL)
5,1,5,135,18,110,,6,0,0,0,0,105,16,89,,5,0,10,4,,0,2,0,0,40,271,450,FINAL (ENTRADA MANUAL)
5,1,6,146,17,86,,5,0,1,0,1,122,16,66,,5,1,7,0,,1,0,0,0,38,256,451,FINAL (ENTRADA MANUAL)
5,2,1,124,38,102,,15,1,0,0,0,90,34,76,,13,1,4,0,,2,1,0,0,60,281,496,FINAL (ENTRADA MANUAL)
5,2,2,138,20,97,,10,0,1,0,1,105,16,74,,9,1,2,3,,3,0,0,0,54,267,496,FINAL (ENTRADA MANUAL)
5,2,3,110,33,110,,14,1,0,0,3,72,30,89,,12,1,7,0,,1,1,0,0,59,272,496,FINAL (ENTRADA MANUAL)
5,2,4,124,31,90,,12,0,0,0,1,80,28,63,,11,1,12,2,,0,2,0,0,61,260,496,FINAL (ENTRADA MANUAL)
5,2,5,126,29,102,,11,0,0,0,0,98,24,69,,9,0,3,0,,3,0,0,0,62,268,497,FINAL (ENTRADA MANUAL)
5,3,1,81,30,50,,8,1,0,1,0,60,28,37,,8,1,4,1,,2,1,0,0,30,172,332,FINAL (ENTRADA MANUAL)
5,3,2,68,31,47,,6,1,0,0,0,42,25,30,,6,0,4,0,,3,1,0,0,43,154,331,FINAL (ENTRADA MANUAL)
5,4,1,112,30,95,,13,3,0,0,0,84,27,73,,9,1,5,4,,3,1,0,0,47,254,417,FINAL (ENTRADA MANUAL)
5,4,2,119,34,94,,8,1,0,0,0,79,31,69,,7,1,5,4,,1,1,0,0,59,257,417,FINAL (ENTRADA MANUAL)
5,4,3,111,28,91,,6,1,0,0,0,88,25,67,,6,0,6,4,,1,1,0,0,40,238,417,FINAL (ENTRADA MANUAL)
5,4,4,93,24,115,,11,0,0,1,0,71,23,93,,9,1,2,2,,2,0,0,0,41,244,417,FINAL (ENTRADA MANUAL)
5,4,5,108,20,129,,4,1,0,0,0,85,17,100,,4,0,8,0,,0,1,0,0,48,263,417,FINAL (ENTRADA MANUAL)
5,4,6,99,28,105,,9,2,0,0,0,80,27,80,,8,0,3,0,,2,2,0,0,43,245,417,FINAL (ENTRADA MANUAL)
5,4,7,102,28,115,,5,1,0,0,0,75,22,88,,3,2,1,0,,2,0,0,0,58,251,419,FINAL (ENTRADA MANUAL)
5,5,1,101,21,69,,13,0,0,1,0,68,16,41,,8,1,6,0,,1,0,0,0,64,205,313,FINAL (ENTRADA MANUAL)
5,5,2,100,22,73,,6,0,0,0,1,78,18,54,,6,1,3,0,,3,0,0,0,39,202,313,FINAL (ENTRADA MANUAL)
5,5,3,99,16,71,,15,0,0,0,0,80,13,54,,13,0,4,3,,3,0,0,0,31,201,312,FINAL (ENTRADA MANUAL)
5,6,1,116,23,62,,8,0,0,0,0,83,20,48,,7,0,8,1,,1,1,0,0,41,210,376,FINAL (ENTRADA MANUAL)
5,6,2,112,25,78,,7,1,0,0,1,83,22,46,,7,0,2,2,,0,0,0,0,62,224,376,FINAL (ENTRADA MANUAL)
5,6,3,121,27,59,,11,0,1,0,0,94,24,50,,8,0,8,1,,3,1,0,0,31,220,376,FINAL (ENTRADA MANUAL)
5,6,4,132,23,64,,6,0,0,0,0,96,22,53,,5,1,1,1,,3,1,0,0,43,226,376,FINAL (ENTRADA MANUAL)
5,72,1,43,6,10,,0,0,0,0,0,40,6,7,,0,0,0,0,,0,0,0,0,6,59,0,FINAL (ENTRADA MANUAL)
5,72,2,11,1,1,,0,0,0,0,0,11,1,0,,0,0,0,0,,0,0,0,0,1,13,0,FINAL (ENTRADA MANUAL)
5,72,3,180,24,25,,3,0,1,0,0,153,23,14,,3,5,0,2,,0,0,0,0,0,233,0,FINAL (ENTRADA MANUAL)
5,72,4,11,1,1,,0,0,0,0,0,11,1,0,,0,0,0,0,,0,0,0,0,1,13,0,FINAL (ENTRADA MANUAL)
5,72,5,19,2,3,,0,0,0,0,0,16,1,2,,0,0,0,0,,0,0,0,0,5,24,0,FINAL (ENTRADA MANUAL)
5,72,6,0,0,0,,0,0,0,0,0,0,0,0,,0,0,0,0,,0,0,0,0,0,0,0,FINAL (ENTRADA MANUAL)
5,72,7,0,0,0,,0,0,0,0,0,0,0,0,,0,0,0,0,,0,0,0,0,0,0,0,FINAL (ENTRADA MANUAL)
5,72,8,25,1,5,,1,0,0,0,0,20,1,2,,1,0,0,0,,0,0,0,0,8,32,0,FINAL (ENTRADA MANUAL)
5,72,9,3,0,0,,0,0,0,0,0,3,0,0,,0,0,0,0,,0,0,0,0,0,3,0,FINAL (ENTRADA MANUAL)
5,72,10,58,6,8,,0,0,0,0,0,56,6,6,,0,0,0,0,,0,3,0,0,4,75,0,FINAL (ENTRADA MANUAL)
5,73,1,34,96,11,,3,1,0,0,0,29,93,2,,3,0,2,0,,0,0,0,0,16,145,0,FINAL (ENTRADA MANUAL)
5,73,2,12,29,4,,0,0,0,0,0,7,26,3,,0,0,0,0,,0,2,1,0,9,48,0,FINAL (ENTRADA MANUAL)
5,74,1,3,0,8,,0,0,0,0,0,3,0,8,,0,0,0,0,,0,0,0,0,6,11,0,FINAL (ENTRADA MANUAL)
5,74,2,0,0,0,,0,0,0,0,0,0,0,0,,0,0,0,0,,0,0,0,0,0,0,0,FINAL (ENTRADA MANUAL)
5,75,1,2,0,0,,0,0,0,0,0,1,0,0,,0,0,1,0,,0,0,0,0,0,2,0,FINAL (ENTRADA MANUAL)
5,75,2,0,0,0,,0,0,0,0,0,0,0,0,,0,0,0,0,,0,0,0,0,0,0,0,FINAL (ENTRADA MANUAL)
5,75,3,0,0,0,,0,0,0,0,0,0,0,0,,0,0,0,0,,0,0,0,0,0,0,0,FINAL (ENTRADA MANUAL)
5,75,4,0,0,0,,0,0,0,0,0,0,0,0,,0,0,0,0,,0,0,0,0,0,0,0,FINAL (ENTRADA MANUAL)
5,76,1,11,1,0,,0,0,0,0,0,9,0,0,,0,0,0,0,,0,2,0,0,3,14,0,FINAL (ENTRADA MANUAL)
5,76,2,0,0,0,,0,0,0,0,0,0,0,0,,0,0,0,0,,0,0,0,0,0,0,0,FINAL (ENTRADA MANUAL)
5,76,3,5,0,0,,0,0,0,1,0,3,0,0,,0,0,0,0,,0,0,0,0,3,6,0,FINAL (ENTRADA MANUAL)
5,76,4,0,0,0,,0,0,0,0,0,0,0,0,,0,0,0,0,,0,2,0,0,0,2,0,FINAL (ENTRADA MANUAL)
5,77,1,0,0,0,,0,0,0,0,0,0,0,0,,0,0,0,0,,0,0,0,0,0,0,0,FINAL (ENTRADA MANUAL)
5,77,2,6,0,8,,2,0,0,0,0,5,0,8,,2,0,0,1,,0,0,0,0,0,16,0,FINAL (ENTRADA MANUAL)
5,77,3,0,0,0,,0,0,0,0,0,0,0,0,,0,0,0,0,,0,0,0,0,0,0,0,FINAL (ENTRADA MANUAL)
5,77,4,1,0,1,,0,0,0,0,0,0,0,1,,0,0,0,0,,0,0,0,0,1,2,0,FINAL (ENTRADA MANUAL)
5,77,5,7,1,2,,1,0,0,0,0,6,1,2,,0,1,0,0,,0,0,0,0,1,11,0,FINAL (ENTRADA MANUAL)
5,77,6,16,1,4,,1,0,0,0,0,14,1,4,,0,1,0,0,,0,0,0,0,2,22,0,FINAL (ENTRADA MANUAL)
5,78,1,65,21,17,,1,1,0,0,0,48,20,12,,1,0,1,1,,1,3,0,0,22,108,0,FINAL (ENTRADA MANUAL)
5,78,2,0,0,0,,0,0,0,0,0,0,0,0,,0,0,0,0,,0,0,0,0,0,0,0,FINAL (ENTRADA MANUAL)
5,78,3,0,0,0,,0,0,0,0,0,0,0,0,,0,0,0,0,,0,0,0,0,0,0,0,FINAL (ENTRADA MANUAL)
5,78,4,0,0,0,,0,0,0,0,0,0,0,0,,0,0,0,0,,0,0,0,0,0,0,0,FINAL (ENTRADA MANUAL)
6,1,1,127,49,17,15,6,,0,0,1,94,36,13,13,6,1,1,1,0,0,2,0,0,50,217,310,FINAL (ENTRADA MANUAL)
6,1,2,105,33,7,8,8,,0,0,0,79,26,4,7,6,0,1,0,5,2,2,0,0,31,163,310,FINAL (ENTRADA MANUAL)
6,1,3,98,30,13,12,5,,2,0,0,72,22,10,11,2,2,0,1,1,0,2,0,0,39,162,310,FINAL (ENTRADA MANUAL)
6,1,4,98,37,6,13,5,,0,0,0,83,28,5,12,5,3,1,0,1,0,3,0,0,21,162,310,FINAL (ENTRADA MANUAL)
6,1,5,96,31,14,13,5,,0,0,1,69,28,10,12,4,1,0,2,1,0,2,0,0,33,162,311,FINAL (ENTRADA MANUAL)
6,2,1,140,41,13,10,15,,1,2,0,109,32,10,10,14,3,0,1,1,0,1,0,0,42,223,414,FINAL (ENTRADA MANUAL)
6,2,2,158,38,13,6,2,,0,1,1,98,29,8,5,1,3,0,3,3,0,0,0,0,69,219,414,FINAL (ENTRADA MANUAL)
6,2,3,139,33,11,12,9,,0,0,1,79,19,10,9,6,2,0,1,3,0,0,1,0,76,206,414,FINAL (ENTRADA MANUAL)
6,3,1,178,30,8,11,15,,0,0,1,134,16,6,9,12,2,2,2,4,1,2,2,0,55,247,403,FINAL (ENTRADA MANUAL)
6,3,2,176,44,11,9,10,,1,0,0,128,30,7,7,9,3,4,4,3,1,2,0,0,55,253,403,FINAL (ENTRADA MANUAL)
6,3,3,165,36,15,7,8,,0,0,0,120,29,11,7,6,1,2,2,1,1,1,0,0,51,232,404,FINAL (ENTRADA MANUAL)
6,4,1,160,72,19,18,8,,0,0,1,121,56,15,17,6,4,1,3,1,0,1,0,0,54,279,391,FINAL (ENTRADA MANUAL)
6,4,2,140,54,24,13,5,,0,0,0,91,44,19,10,5,6,2,3,2,1,0,0,0,53,236,391,FINAL (ENTRADA MANUAL)
6,4,3,118,57,14,15,7,,0,0,2,79,36,12,14,7,5,3,1,3,0,1,0,0,53,214,391,FINAL (ENTRADA MANUAL)
6,4,4,104,60,15,15,9,,0,0,0,69,36,12,12,7,2,4,2,2,4,2,0,0,53,205,391,FINAL (ENTRADA MANUAL)
6,4,5,124,54,8,18,10,,0,0,0,87,45,5,15,7,5,2,1,4,0,0,0,0,43,214,391,FINAL (ENTRADA MANUAL)
6,4,6,133,43,14,22,12,,1,0,0,88,36,7,20,11,2,5,1,7,1,0,0,0,47,225,391,FINAL (ENTRADA MANUAL)
6,4,7,110,49,11,16,7,,1,0,0,82,34,9,13,6,3,0,0,2,0,2,0,0,45,196,391,FINAL (ENTRADA MANUAL)
6,4,8,112,37,13,14,6,,0,1,0,85,24,10,12,6,1,0,0,2,0,0,0,0,43,183,391,FINAL (ENTRADA MANUAL)
6,4,9,131,54,29,17,4,,2,0,0,91,40,23,15,4,3,4,3,4,2,1,0,0,48,238,391,FINAL (ENTRADA MANUAL)
6,5,1,179,55,11,4,8,,0,0,2,120,42,11,3,8,8,1,1,2,2,2,0,0,61,261,440,FINAL (ENTRADA MANUAL)
6,5,2,182,52,6,4,11,,0,0,1,135,40,6,3,11,2,1,1,1,1,1,1,0,55,258,441,FINAL (ENTRADA MANUAL)
6,6,1,148,59,8,16,5,,0,0,0,94,40,6,15,4,1,3,0,1,2,0,0,0,70,236,447,FINAL (ENTRADA MANUAL)
6,6,2,159,29,10,12,12,,1,1,0,95,19,9,10,9,2,1,2,3,1,2,0,0,73,226,447,FINAL (ENTRADA MANUAL)
6,6,3,157,37,16,13,6,,1,0,2,105,18,15,10,5,5,2,2,3,1,4,0,0,66,236,447,FINAL (ENTRADA MANUAL)
6,6,4,159,43,9,5,8,,0,0,0,108,29,7,3,5,2,1,2,2,0,2,0,0,65,226,447,FINAL (ENTRADA MANUAL)
6,7,1,119,37,4,6,7,,0,0,4,72,27,4,6,5,7,1,0,3,1,0,0,0,51,177,346,FINAL (ENTRADA MANUAL)
6,7,2,103,50,5,2,3,,0,0,1,59,34,1,2,2,3,0,1,2,0,2,0,0,60,166,345,FINAL (ENTRADA MANUAL)
6,8,1,146,76,4,4,10,,0,1,1,106,53,4,3,7,1,1,0,1,0,2,0,0,66,244,447,FINAL (ENTRADA MANUAL)
6,8,2,146,75,4,6,7,,0,0,0,116,56,4,6,6,0,1,1,0,0,1,0,0,48,239,447,FINAL (ENTRADA MANUAL)
6,8,3,161,64,3,9,13,,0,0,0,125,43,2,8,9,0,1,0,1,3,2,0,0,58,252,447,FINAL (ENTRADA MANUAL)
6,8,4,141,100,2,8,9,,0,0,0,102,67,0,6,6,5,1,2,3,1,0,0,0,67,260,447,FINAL (ENTRADA MANUAL)
6,9,1,163,32,12,7,6,,0,0,1,99,21,8,7,4,2,0,1,2,1,0,0,0,76,221,374,FINAL (ENTRADA MANUAL)
6,9,2,156,34,9,10,6,,0,1,0,96,24,6,8,4,1,1,1,2,1,1,0,0,72,217,374,FINAL (ENTRADA MANUAL)
6,9,3,204,29,7,10,10,,0,0,0,148,18,6,7,10,3,0,3,2,1,0,0,0,62,260,373,FINAL (ENTRADA MANUAL)
6,10,1,145,52,21,7,3,,0,1,1,107,37,7,7,3,1,2,3,8,0,0,0,0,55,230,398,FINAL (ENTRADA MANUAL)
6,10,2,132,38,18,12,3,,0,0,0,91,21,13,10,2,3,0,1,3,0,0,0,0,59,203,398,FINAL (ENTRADA MANUAL)
6,10,3,136,33,12,20,5,,0,1,0,97,27,5,15,2,0,0,0,1,1,1,0,0,59,208,398,FINAL (ENTRADA MANUAL)
6,10,4,137,50,17,10,8,,0,1,0,98,40,11,9,7,2,0,1,4,1,4,0,0,50,227,396,FINAL (ENTRADA MANUAL)
6,11,1,179,59,3,2,6,,0,0,0,126,42,1,2,5,2,3,0,0,0,1,0,0,68,250,415,FINAL (ENTRADA MANUAL)
6,11,2,185,48,9,4,1,,0,0,0,127,39,5,4,1,3,1,2,2,1,0,0,0,62,247,415,FINAL (ENTRADA MANUAL)
6,11,3,184,33,8,3,0,,0,0,2,130,23,4,2,0,0,3,2,1,1,1,0,0,64,231,414,FINAL (ENTRADA MANUAL)
6,12,1,163,44,8,5,4,,0,0,2,113,33,5,3,2,3,2,1,1,1,0,0,0,62,226,412,FINAL (ENTRADA MANUAL)
6,12,2,172,37,8,9,8,,0,0,1,116,25,7,7,8,0,4,0,3,1,4,0,0,64,239,412,FINAL (ENTRADA MANUAL)
6,13,1,173,36,30,19,9,,0,0,2,124,25,20,17,8,4,1,4,1,0,3,0,0,65,272,391,FINAL (ENTRADA MANUAL)
6,13,2,171,29,28,7,8,,0,0,1,118,25,15,5,5,3,3,5,2,1,1,0,0,62,245,391,FINAL (ENTRADA MANUAL)
6,13,3,174,34,18,11,3,,0,0,0,122,27,11,11,3,1,1,3,4,1,2,0,0,56,242,391,FINAL (ENTRADA MANUAL)
6,13,4,143,44,22,22,6,,0,0,2,84,34,17,20,4,2,3,0,4,0,0,0,0,71,239,392,FINAL (ENTRADA MANUAL)
6,14,1,160,51,16,19,16,,1,0,0,110,37,12,14,16,1,0,0,1,1,1,0,0,71,264,436,FINAL (ENTRADA MANUAL)
6,14,2,136,53,25,25,18,,0,1,1,96,43,16,21,17,2,2,1,5,1,1,0,0,55,260,435,FINAL (ENTRADA MANUAL)
6,15,1,142,51,33,13,4,,4,0,0,87,37,24,12,3,3,3,2,7,0,0,0,0,69,247,367,FINAL (ENTRADA MANUAL)
6,15,2,121,54,32,30,8,,0,0,0,80,36,22,27,7,3,2,2,3,0,1,0,0,63,246,367,FINAL (ENTRADA MANUAL)
6,16,1,158,41,39,31,15,,0,0,1,108,24,30,24,10,0,4,1,4,0,1,0,1,80,287,442,FINAL (ENTRADA MANUAL)
6,16,2,155,52,28,37,10,,1,0,0,116,38,20,33,9,0,4,1,6,0,1,0,0,56,284,442,FINAL (ENTRADA MANUAL)
6,17,1,138,42,11,15,9,,0,2,1,97,32,8,11,5,0,0,1,3,1,1,0,0,60,219,368,FINAL (ENTRADA MANUAL)
6,17,2,128,37,18,12,3,,0,1,1,86,21,13,10,2,0,3,0,0,0,1,0,0,65,201,368,FINAL (ENTRADA MANUAL)
6,17,3,119,25,20,21,9,,0,0,1,87,17,15,17,5,4,0,2,1,0,0,0,0,47,195,368,FINAL (ENTRADA MANUAL)
6,17,4,134,46,13,19,9,,0,0,0,99,34,9,17,7,1,4,0,5,0,1,0,0,45,222,367,FINAL (ENTRADA MANUAL)
6,72,1,154,54,5,3,0,,0,0,2,126,46,3,2,0,0,0,0,1,0,0,0,0,40,218,0,FINAL (ENTRADA MANUAL)
6,72,2,16,9,3,0,1,,0,0,0,14,8,3,0,1,0,0,0,0,0,0,0,6,3,29,0,FINAL (ENTRADA MANUAL)
6,72,3,483,211,26,23,5,,3,3,1,389,163,14,19,4,16,14,1,2,3,0,0,1,130,756,0,FINAL (ENTRADA MANUAL)
6,72,4,86,40,1,3,0,,0,0,1,69,36,3,2,3,4,2,0,0,0,3,1,0,18,135,0,FINAL (ENTRADA MANUAL)
6,72,5,49,23,0,1,3,,0,0,0,40,19,0,0,3,3,1,0,0,0,0,0,0,10,76,0,FINAL (ENTRADA MANUAL)
6,72,6,0,4,0,1,0,,0,0,0,0,3,0,0,0,0,0,0,1,0,0,0,0,1,5,0,FINAL (ENTRADA MANUAL)
6,72,7,31,8,1,0,0,,0,0,0,24,8,1,0,0,0,1,0,0,0,0,0,0,6,40,0,FINAL (ENTRADA MANUAL)
6,72,8,8,1,0,0,0,,0,0,0,7,1,0,0,0,1,0,0,0,0,2,0,0,0,11,0,FINAL (ENTRADA MANUAL)
6,72,9,58,29,0,1,3,,0,0,0,48,23,0,1,2,1,0,0,0,0,0,0,0,13,91,0,FINAL (ENTRADA MANUAL)
6,72,10,13,3,0,1,1,,0,0,0,11,3,0,1,1,0,0,0,0,0,0,0,0,2,18,0,FINAL (ENTRADA MANUAL)
6,73,1,75,35,0,3,2,,0,0,0,53,29,0,3,2,1,1,0,0,0,0,0,0,26,115,0,FINAL (ENTRADA MANUAL)
6,73,2,17,18,0,0,0,,0,0,0,17,17,0,0,0,0,0,0,0,0,1,0,0,1,36,0,FINAL (ENTRADA MANUAL)
6,74,1,7,4,1,0,1,,0,0,0,3,1,1,0,1,0,1,1,0,0,0,0,0,0,8,0,FINAL (ENTRADA MANUAL)
6,74,2,0,0,0,0,0,,0,0,0,0,0,0,0,0,0,0,0,0,0,0,0,0,0,0,0,FINAL (ENTRADA MANUAL)
6,75,1,6,3,1,1,0,,8,0,0,4,2,0,0,0,0,0,0,1,0,0,0,0,12,19,0,FINAL (ENTRADA MANUAL)
6,75,2,0,0,0,0,0,,0,0,0,0,0,0,0,0,0,0,0,0,0,0,0,0,0,0,0,FINAL (ENTRADA MANUAL)
6,76,1,23,3,1,1,1,,0,0,1,16,3,0,1,0,0,0,0,0,0,1,0,0,10,31,0,FINAL (ENTRADA MANUAL)
6,76,2,1,0,0,0,0,,0,0,0,1,0,0,0,0,0,0,0,0,0,0,0,0,0,1,0,FINAL (ENTRADA MANUAL)
6,76,3,3,0,0,0,0,,0,0,0,1,0,0,0,0,0,0,0,0,0,0,0,0,2,3,0,FINAL (ENTRADA MANUAL)
6,76,5,1,0,0,0,0,,0,0,0,0,0,0,0,0,0,0,0,0,0,0,0,0,1,1,0,FINAL (ENTRADA MANUAL)
6,76,6,0,0,0,0,0,,0,0,0,0,0,0,0,0,0,0,0,0,0,0,0,0,0,0,0,FINAL (ENTRADA MANUAL)
6,77,1,0,0,0,0,0,,0,0,0,0,0,0,0,0,0,0,0,0,0,0,0,0,0,0,0,FINAL (ENTRADA MANUAL)
6,77,2,32,13,15,8,1,,1,0,0,21,8,6,6,1,1,1,0,2,0,1,0,0,24,71,0,FINAL (ENTRADA MANUAL)
6,77,3,0,0,0,0,0,,0,0,0,0,0,0,0,0,0,0,0,0,0,0,0,0,0,0,0,FINAL (ENTRADA MANUAL)
6,77,4,3,1,3,1,0,,0,0,0,3,1,1,0,0,0,0,0,1,0,0,0,0,2,8,0,FINAL (ENTRADA MANUAL)
6,77,5,0,0,1,0,0,,0,0,0,0,0,0,0,0,0,0,0,0,0,0,0,0,1,1,0,FINAL (ENTRADA MANUAL)
6,77,6,29,4,3,0,0,,0,0,1,22,1,2,0,0,0,0,0,0,0,0,0,0,12,37,0,FINAL (ENTRADA MANUAL)
6,78,1,76,23,6,5,3,,0,1,1,52,18,2,3,2,1,2,0,2,1,0,10,0,32,125,0,FINAL (ENTRADA MANUAL)
6,78,2,0,0,0,0,0,,0,0,0,0,0,0,0,0,0,0,0,0,0,0,0,0,0,0,0,FINAL (ENTRADA MANUAL)
6,78,3,0,0,0,0,0,,0,0,0,0,0,0,0,0,0,0,0,0,0,0,0,0,0,0,0,FINAL (ENTRADA MANUAL)
6,78,4,1,1,0,0,0,,0,0,0,1,0,0,0,0,0,0,0,0,0,0,0,0,1,2,0,FINAL (ENTRADA MANUAL)
6,79,1,1,0,0,0,0,,0,0,0,0,0,0,0,0,0,0,0,0,0,0,0,0,1,1,0,FINAL (ENTRADA MANUAL)
81,1,1,162,35,6,17,,,2,0,0,107,29,3,11,,8,2,2,2,,1,0,0,58,223,485,FINAL (ENTRADA MANUAL)
81,1,2,126,48,3,33,,,1,2,0,94,37,3,25,,4,8,0,6,,1,1,0,36,215,485,FINAL (ENTRADA MANUAL)
81,1,3,136,52,8,25,,,0,1,2,82,37,5,17,,4,2,1,2,,0,0,0,74,224,485,FINAL (ENTRADA MANUAL)
81,1,4,178,51,3,21,,,0,0,0,131,40,2,12,,2,7,0,4,,0,0,0,55,253,485,FINAL (ENTRADA MANUAL)
81,1,5,188,58,2,23,,,0,1,0,127,45,1,13,,4,3,0,4,,0,0,0,75,272,485,FINAL (ENTRADA MANUAL)
81,1,6,166,36,4,20,,,0,0,0,111,24,4,11,,4,1,0,4,,0,0,0,46,205,485,FINAL (ENTRADA MANUAL)
81,2,1,175,23,7,23,,,1,0,0,139,20,5,19,,5,3,2,3,,0,0,0,33,229,520,FINAL (ENTRADA MANUAL)
81,2,2,192,30,5,15,,,1,0,0,138,22,3,13,,4,2,0,2,,1,0,0,59,244,520,FINAL (ENTRADA MANUAL)
81,2,3,219,27,7,21,,,0,0,4,159,22,6,16,,4,2,2,6,,1,0,0,61,279,520,FINAL (ENTRADA MANUAL)
81,2,4,207,47,5,19,,,1,0,0,154,34,3,14,,3,7,0,5,,1,0,0,59,280,520,FINAL (ENTRADA MANUAL)
81,2,5,224,32,6,13,,,0,1,2,153,19,3,10,,7,2,1,1,,2,1,0,82,281,520,FINAL (ENTRADA MANUAL)
81,2,6,227,42,8,23,,,0,1,1,163,37,6,18,,4,4,4,4,,1,0,0,62,303,520,FINAL (ENTRADA MANUAL)
81,2,7,219,25,6,25,,,1,0,1,160,19,2,22,,1,2,5,4,,1,0,0,62,278,520,FINAL (ENTRADA MANUAL)
81,2,8,197,26,10,25,,,0,0,1,147,21,8,17,,3,1,0,2,,2,0,0,60,261,519,FINAL (ENTRADA MANUAL)
81,3,1,167,34,3,17,,,0,0,1,115,22,2,10,,2,7,0,4,,1,0,0,60,223,392,FINAL (ENTRADA MANUAL)
81,3,2,146,48,2,24,,,0,0,0,94,38,2,21,,3,1,0,2,,1,0,0,59,221,391,FINAL (ENTRADA MANUAL)
81,4,1,174,69,7,35,,,1,0,2,120,44,6,29,,2,5,0,3,,0,0,0,79,288,509,FINAL (ENTRADA MANUAL)
81,4,2,190,28,9,26,,,0,1,4,120,17,6,19,,3,3,1,3,,0,0,0,86,258,509,FINAL (ENTRADA MANUAL)
81,4,3,204,48,10,26,,,0,0,0,120,30,6,17,,2,3,1,6,,0,0,0,103,288,509,FINAL (ENTRADA MANUAL)
81,4,4,193,48,8,33,,,0,0,0,130,31,7,25,,6,4,2,8,,1,0,0,69,283,509,FINAL (ENTRADA MANUAL)
81,4,5,170,36,12,22,,,1,0,0,120,25,8,14,,3,4,4,2,,0,0,0,61,241,509,FINAL (ENTRADA MANUAL)
81,4,6,183,31,4,37,,,0,0,0,138,27,2,30,,4,1,2,2,,0,0,0,49,255,509,FINAL (ENTRADA MANUAL)
81,4,7,169,37,6,17,,,1,1,4,111,19,4,11,,5,2,1,9,,2,0,0,73,237,510,FINAL (ENTRADA MANUAL)
81,5,1,168,56,7,29,,,1,0,0,114,35,2,16,,4,5,2,5,,2,0,0,78,263,535,FINAL (ENTRADA MANUAL)
81,5,2,194,42,2,22,,,0,0,0,143,31,1,18,,5,1,0,4,,2,0,0,57,262,535,FINAL (ENTRADA MANUAL)
81,5,3,181,38,5,14,,,2,0,3,134,28,4,9,,6,3,0,6,,0,0,0,53,243,535,FINAL (ENTRADA MANUAL)
81,5,4,208,44,8,16,,,0,0,0,145,33,7,12,,2,6,1,3,,0,0,0,67,276,535,FINAL (ENTRADA MANUAL)
81,5,5,180,46,3,25,,,0,0,0,132,33,1,19,,2,4,1,2,,0,0,0,60,254,536,FINAL (ENTRADA MANUAL)
81,6,1,173,54,15,22,,,0,1,0,122,39,12,13,,1,6,1,4,,5,0,0,67,270,458,FINAL (ENTRADA MANUAL)
81,6,2,167,38,18,18,,,0,0,6,112,27,14,13,,2,2,2,3,,1,0,0,72,248,458,FINAL (ENTRADA MANUAL)
81,6,3,178,31,30,25,,,1,0,1,118,22,20,18,,1,6,5,3,,0,0,0,73,266,458,FINAL (ENTRADA MANUAL)
81,6,4,162,39,12,25,,,3,0,2,109,26,10,17,,0,3,1,2,,2,0,0,75,245,458,FINAL (ENTRADA MANUAL)
81,6,5,167,38,22,23,,,0,0,1,98,31,19,14,,4,3,3,3,,3,1,0,76,255,460,FINAL (ENTRADA MANUAL)
81,72,1,17,16,0,5,,,0,0,0,7,11,0,5,,1,2,0,0,,0,0,0,12,38,0,FINAL (ENTRADA MANUAL)
81,72,2,1,3,0,2,,,0,0,0,1,3,0,2,,0,0,0,0,,0,0,0,0,6,0,FINAL (ENTRADA MANUAL)
81,72,3,165,249,9,36,,,4,0,2,114,200,7,27,,14,30,0,5,,0,0,0,68,465,0,FINAL (ENTRADA MANUAL)
81,72,4,29,46,3,11,,,2,0,1,19,43,1,9,,1,6,0,3,,3,2,0,11,98,0,FINAL (ENTRADA MANUAL)
81,72,5,5,16,0,0,,,0,0,0,4,14,0,0,,0,0,0,0,,0,0,0,2,21,0,FINAL (ENTRADA MANUAL)
81,72,6,0,6,0,0,,,0,0,0,0,6,0,0,,0,0,0,0,,0,0,0,0,6,0,FINAL (ENTRADA MANUAL)
81,72,7,7,13,0,0,,,0,0,0,5,11,0,0,,1,0,0,0,,0,0,0,3,20,0,FINAL (ENTRADA MANUAL)
81,72,8,0,1,0,0,,,0,0,0,0,0,0,0,,0,0,0,0,,0,0,0,1,1,0,FINAL (ENTRADA MANUAL)
81,72,9,4,4,0,1,,,0,0,0,2,3,0,1,,0,0,0,0,,0,0,0,3,9,0,FINAL (ENTRADA MANUAL)
81,72,10,2,0,0,0,,,0,0,0,1,0,0,0,,1,0,0,0,,0,0,0,0,2,0,FINAL (ENTRADA MANUAL)
81,72,11,5,0,0,2,,,0,0,0,3,0,0,2,,1,0,0,0,,0,0,0,1,7,0,FINAL (ENTRADA MANUAL)
81,72,12,0,1,1,2,,,0,0,0,0,1,1,1,,0,0,0,0,,1,0,0,1,5,0,FINAL (ENTRADA MANUAL)
81,73,1,853,174,4,13,,,0,0,2,713,162,2,11,,3,7,0,1,,0,0,0,147,1046,0,FINAL (ENTRADA MANUAL)
81,73,2,0,0,0,0,,,0,0,0,0,0,0,0,,0,0,0,0,,0,0,0,0,0,0,FINAL (ENTRADA MANUAL)
81,73,3,0,0,0,0,,,0,0,0,0,0,0,0,,0,0,0,0,,0,0,0,0,0,0,FINAL (ENTRADA MANUAL)
81,73,4,0,0,0,0,,,0,0,0,0,0,0,0,,0,0,0,0,,0,0,0,0,0,0,FINAL (ENTRADA MANUAL)
81,73,5,12,6,0,0,,,0,0,0,10,4,0,0,,0,0,0,0,,9,0,0,4,27,0,FINAL (ENTRADA MANUAL)
81,74,1,1,0,1,0,,,0,0,0,1,0,0,0,,0,0,0,0,,0,0,0,1,2,0,FINAL (ENTRADA MANUAL)
81,74,2,0,0,0,0,,,0,0,0,0,0,0,0,,0,0,0,0,,0,0,0,0,0,0,FINAL (ENTRADA MANUAL)
81,75,1,1,0,0,0,,,0,0,0,0,0,0,0,,0,0,0,0,,0,0,0,1,1,0,FINAL (ENTRADA MANUAL)
81,76,1,16,1,0,1,,,0,0,0,13,1,0,1,,0,0,0,0,,0,0,0,3,18,0,FINAL (ENTRADA MANUAL)
81,76,2,0,0,0,0,,,0,0,0,0,0,0,0,,0,0,0,0,,0,0,0,0,0,0,FINAL (ENTRADA MANUAL)
81,76,3,4,0,0,0,,,0,0,0,1,0,0,0,,0,0,0,0,,0,0,0,3,4,0,FINAL (ENTRADA MANUAL)
81,76,5,1,0,0,0,,,0,0,0,0,0,0,0,,0,0,0,0,,0,0,0,1,1,0,FINAL (ENTRADA MANUAL)
81,77,1,13,1,0,2,,,0,0,0,9,1,0,1,,0,0,0,2,,0,0,0,3,10,0,FINAL (ENTRADA MANUAL)
81,77,2,9,4,5,4,,,0,0,0,8,2,4,4,,0,0,1,0,,0,0,0,3,22,0,FINAL (ENTRADA MANUAL)
81,77,3,0,0,0,0,,,0,0,0,0,0,0,0,,0,0,0,0,,0,0,0,0,0,0,FINAL (ENTRADA MANUAL)
81,77,4,0,0,1,2,,,0,0,0,0,0,1,1,,0,0,0,0,,0,0,0,1,3,0,FINAL (ENTRADA MANUAL)
81,77,5,0,1,0,1,,,0,0,0,0,0,0,1,,0,0,0,0,,0,0,0,1,2,0,FINAL (ENTRADA MANUAL)
81,77,6,4,0,1,0,,,0,0,0,3,0,1,0,,0,0,1,0,,0,0,0,1,6,0,FINAL (ENTRADA MANUAL)
81,78,1,23,9,2,4,,,0,0,0,15,7,1,3,,0,0,2,0,,2,0,0,10,2,0,FINAL (ENTRADA MANUAL)
81,78,2,0,0,0,0,,,0,0,0,0,0,0,0,,0,0,0,0,,0,0,0,0,0,0,FINAL (ENTRADA MANUAL)
81,78,3,0,0,0,0,,,0,0,0,0,0,0,0,,0,0,0,0,,0,0,0,0,0,0,FINAL (ENTRADA MANUAL)
81,78,4,2,0,0,0,,,0,0,0,1,0,0,0,,0,0,0,0,,0,0,0,1,2,0,FINAL (ENTRADA MANUAL)
7,1,1,139,60,13,14,13,,1,0,0,91,43,10,12,10,0,2,5,1,0,3,0,0,66,243,454,FINAL (ENTRADA MANUAL)
7,1,2,133,45,12,10,11,,1,0,2,95,33,7,9,9,1,0,2,1,0,4,0,0,57,218,454,FINAL (ENTRADA MANUAL)
7,1,3,117,51,13,11,11,,0,1,2,85,39,4,9,7,0,1,3,0,0,2,0,0,58,208,454,FINAL (ENTRADA MANUAL)
7,1,4,120,43,7,8,15,,0,1,2,95,32,6,8,12,1,0,0,0,1,2,1,0,41,199,454,FINAL (ENTRADA MANUAL)
7,2,1,165,47,17,17,11,,0,0,1,133,38,12,17,6,1,0,0,1,0,2,0,0,50,260,464,FINAL (ENTRADA MANUAL)
7,2,2,132,47,12,11,10,,0,1,1,92,38,8,9,5,1,0,1,2,0,2,0,0,58,216,463,FINAL (ENTRADA MANUAL)
7,3,1,134,45,28,21,9,,0,0,1,108,33,20,17,8,2,1,0,5,0,3,0,0,44,241,379,FINAL (ENTRADA MANUAL)
7,3,2,126,50,25,26,3,,0,0,1,96,39,17,19,2,2,2,1,4,2,0,0,0,47,231,379,FINAL (ENTRADA MANUAL)
7,3,3,99,57,27,33,6,,1,0,1,77,49,21,26,4,2,0,3,2,1,0,0,0,39,224,379,FINAL (ENTRADA MANUAL)
7,3,4,114,48,32,13,6,,0,1,1,91,38,26,11,4,2,0,2,0,1,1,0,0,40,216,378,FINAL (ENTRADA MANUAL)
7,4,1,157,37,23,21,7,,1,0,1,141,31,17,16,3,1,2,1,1,1,3,0,0,33,250,423,FINAL (ENTRADA MANUAL)
7,4,2,141,59,25,21,3,,0,0,1,109,47,22,17,3,4,2,1,3,0,1,0,0,42,251,423,FINAL (ENTRADA MANUAL)
7,4,3,147,73,26,19,5,,0,0,0,128,53,18,15,3,2,2,3,3,0,0,0,0,43,270,423,FINAL (ENTRADA MANUAL)
7,4,4,145,50,28,20,5,,0,0,0,124,42,24,14,5,1,2,0,1,0,3,0,0,35,251,423,FINAL (ENTRADA MANUAL)
7,4,5,142,59,32,14,8,,0,0,0,114,49,22,8,6,3,2,0,1,0,5,0,0,50,260,423,FINAL (ENTRADA MANUAL)
7,4,6,161,47,22,20,3,,0,0,0,134,40,12,18,2,3,1,6,3,0,2,0,0,34,255,423,FINAL (ENTRADA MANUAL)
7,4,7,138,60,26,23,9,,0,0,0,106,50,14,15,6,5,2,1,1,0,3,0,0,56,259,423,FINAL (ENTRADA MANUAL)
7,4,8,131,55,35,25,9,,0,0,2,119,38,24,19,4,0,2,0,6,0,3,0,0,45,260,423,FINAL (ENTRADA MANUAL)
7,4,9,153,52,20,26,6,,0,0,3,120,36,14,19,3,2,3,2,2,0,1,0,0,59,261,423,FINAL (ENTRADA MANUAL)
7,5,1,151,33,31,28,6,,0,0,0,128,26,22,24,4,1,0,0,1,2,2,0,0,41,251,427,FINAL (ENTRADA MANUAL)
7,5,2,153,49,31,24,2,,0,0,0,129,40,24,18,1,1,1,0,2,0,0,0,0,43,259,427,FINAL (ENTRADA MANUAL)
7,5,3,150,45,36,18,9,,1,0,2,123,40,25,17,8,3,1,4,4,2,1,0,0,34,262,427,FINAL (ENTRADA MANUAL)
7,5,4,149,53,38,19,7,,0,0,0,113,44,23,14,6,2,3,3,4,0,2,0,0,54,268,427,FINAL (ENTRADA MANUAL)
7,5,5,145,46,42,22,4,,1,0,0,123,38,29,17,4,2,2,2,3,0,1,0,0,40,261,428,FINAL (ENTRADA MANUAL)
7,6,1,138,44,31,34,10,,1,0,1,98,34,17,25,9,3,1,3,6,1,1,0,0,62,260,462,FINAL (ENTRADA MANUAL)
7,6,2,173,33,27,11,8,,0,0,2,111,26,21,9,7,1,2,2,5,1,0,0,0,69,254,462,FINAL (ENTRADA MANUAL)
7,6,3,147,63,27,28,14,,0,0,1,104,45,17,23,12,4,5,2,11,1,2,1,0,56,283,462,FINAL (ENTRADA MANUAL)
7,6,4,157,39,30,27,20,,1,0,0,123,27,23,25,18,0,2,0,7,1,0,0,0,48,274,462,FINAL (ENTRADA MANUAL)
7,7,1,82,17,7,14,4,,0,0,0,67,11,7,10,2,3,0,1,2,1,2,0,0,20,126,254,FINAL (ENTRADA MANUAL)
7,7,2,84,21,6,5,6,,0,1,1,75,17,5,4,5,1,0,1,3,0,2,0,0,13,126,254,FINAL (ENTRADA MANUAL)
7,8,1,178,45,13,21,6,,1,0,0,142,35,12,19,4,2,4,4,1,0,3,0,0,41,267,426,FINAL (ENTRADA MANUAL)
7,8,2,164,62,29,22,2,,0,0,0,127,47,23,16,2,8,2,1,2,0,0,0,0,51,279,426,FINAL (ENTRADA MANUAL)
7,8,3,166,46,27,25,8,,0,0,0,128,37,16,17,6,5,0,2,2,1,1,0,0,58,273,426,FINAL (ENTRADA MANUAL)
7,8,4,185,46,15,19,9,,0,0,0,154,40,7,18,9,3,4,0,3,0,0,0,0,36,274,426,FINAL (ENTRADA MANUAL)
7,8,5,163,52,27,22,6,,2,0,0,133,42,16,15,5,4,1,3,3,1,0,0,0,49,272,426,FINAL (ENTRADA MANUAL)
7,8,6,176,49,28,23,3,,0,0,0,142,47,21,21,3,1,2,3,3,0,1,0,0,36,281,426,FINAL (ENTRADA MANUAL)
7,8,7,163,58,31,22,4,,0,0,0,135,44,25,19,4,3,3,2,1,0,3,0,0,42,281,426,FINAL (ENTRADA MANUAL)
7,8,8,151,57,25,27,7,,0,0,2,114,44,19,21,4,3,1,1,10,0,1,0,0,52,270,426,FINAL (ENTRADA MANUAL)
7,8,9,172,48,19,21,2,,0,0,1,133,37,11,18,2,2,2,2,4,0,1,0,0,52,264,426,FINAL (ENTRADA MANUAL)
7,8,10,167,41,24,30,4,,0,0,1,125,34,20,25,3,2,3,1,6,1,1,0,0,47,268,429,FINAL (ENTRADA MANUAL)
7,9,1,128,55,23,26,10,,6,0,2,103,38,14,22,9,3,2,2,4,1,2,1,0,52,253,384,FINAL (ENTRADA MANUAL)
7,9,2,128,43,27,21,8,,0,0,1,99,32,22,18,3,4,2,1,2,1,2,0,0,44,230,384,FINAL (ENTRADA MANUAL)
7,9,3,137,47,24,34,10,,0,0,0,106,36,15,26,8,3,2,4,4,0,1,0,0,48,253,384,FINAL (ENTRADA MANUAL)
7,9,4,128,44,35,23,9,,0,0,2,107,38,29,20,6,2,2,3,1,1,2,0,0,32,243,383,FINAL (ENTRADA MANUAL)
7,10,1,146,30,19,23,11,,0,0,1,106,20,15,22,8,2,1,0,4,1,1,0,0,51,231,464,FINAL (ENTRADA MANUAL)
7,10,2,161,41,23,24,7,,0,0,1,93,30,13,18,3,3,2,3,6,1,4,0,0,85,261,464,FINAL (ENTRADA MANUAL)
7,10,3,145,34,34,31,3,,0,0,0,106,23,25,24,3,1,3,3,6,0,1,0,0,53,248,464,FINAL (ENTRADA MANUAL)
7,10,4,137,31,30,27,11,,0,0,0,95,20,20,24,7,2,0,1,3,1,1,0,0,63,237,464,FINAL (ENTRADA MANUAL)
7,10,5,159,35,23,20,18,,0,1,1,126,24,14,17,16,2,1,0,5,1,2,0,0,51,259,464,FINAL (ENTRADA MANUAL)
7,10,6,127,44,20,22,11,,0,0,1,93,31,16,19,8,4,1,3,3,0,2,0,0,47,227,464,FINAL (ENTRADA MANUAL)
7,10,7,148,36,28,20,13,,0,0,0,109,27,13,15,9,0,1,1,5,1,3,0,0,64,248,463,FINAL (ENTRADA MANUAL)
7,11,1,167,39,31,26,2,,0,0,0,133,28,25,20,1,1,3,1,1,0,3,0,0,52,268,417,FINAL (ENTRADA MANUAL)
7,11,2,159,58,16,22,5,,1,0,0,120,44,12,20,5,4,1,2,5,2,2,0,0,46,263,417,FINAL (ENTRADA MANUAL)
7,11,3,170,62,20,25,4,,0,0,0,117,38,14,20,3,7,3,1,5,1,1,0,0,72,282,417,FINAL (ENTRADA MANUAL)
7,11,4,173,43,21,27,7,,0,0,0,130,32,17,16,5,4,1,1,3,0,0,0,0,62,271,417,FINAL (ENTRADA MANUAL)
7,11,5,160,59,23,26,8,,0,0,0,126,42,19,22,6,4,3,3,4,0,0,0,0,47,276,417,FINAL (ENTRADA MANUAL)
7,11,6,151,55,31,20,11,,0,0,0,119,37,21,17,9,2,3,3,5,3,1,0,0,49,269,417,FINAL (ENTRADA MANUAL)
7,11,7,165,65,27,22,8,,0,0,2,126,48,19,18,6,4,3,1,3,0,0,0,0,61,289,417,FINAL (ENTRADA MANUAL)
7,11,8,154,45,39,18,12,,0,0,0,116,36,24,15,11,5,1,1,4,2,1,0,0,53,269,420,FINAL (ENTRADA MANUAL)
7,12,1,130,58,32,27,14,,0,0,0,101,48,19,25,13,0,4,2,3,0,2,0,0,46,263,423,FINAL (ENTRADA MANUAL)
7,12,2,131,48,34,32,12,,4,0,1,98,42,21,29,10,8,2,3,4,0,2,0,0,45,264,423,FINAL (ENTRADA MANUAL)
7,12,3,118,46,42,27,17,,0,0,0,88,34,30,25,12,4,2,0,4,4,0,0,0,47,250,423,FINAL (ENTRADA MANUAL)
7,12,4,139,33,36,19,20,,0,2,0,105,27,22,15,17,1,2,1,7,0,1,0,0,52,250,423,FINAL (ENTRADA MANUAL)
7,12,5,126,52,27,26,16,,0,0,3,90,41,20,21,16,1,2,0,5,2,0,0,0,52,250,423,FINAL (ENTRADA MANUAL)
7,12,6,128,52,34,30,9,,0,0,1,102,42,25,27,8,1,0,2,7,1,2,0,0,39,256,422,FINAL (ENTRADA MANUAL)
7,13,1,146,32,43,23,13,,0,0,0,103,26,27,21,11,4,6,6,5,1,0,0,0,47,257,383,FINAL (ENTRADA MANUAL)
7,13,2,139,39,33,25,5,,5,0,1,97,30,26,18,4,11,2,2,2,0,0,0,0,55,247,383,FINAL (ENTRADA MANUAL)
7,13,3,149,47,28,27,7,,1,1,0,109,38,20,24,6,3,1,1,4,0,1,0,0,54,261,382,FINAL (ENTRADA MANUAL)
7,14,1,146,16,4,12,2,,0,0,1,100,13,2,9,1,0,0,0,2,0,2,0,0,54,183,424,FINAL (ENTRADA MANUAL)
7,15,1,148,53,32,22,5,,0,1,0,103,40,19,21,4,5,3,1,7,0,2,0,0,58,263,442,FINAL (ENTRADA MANUAL)
7,15,2,141,43,42,31,10,,2,0,1,107,26,30,27,5,2,4,1,7,1,2,1,0,60,273,442,FINAL (ENTRADA MANUAL)
7,15,3,147,59,28,28,9,,0,0,0,107,50,19,25,9,1,1,1,6,1,1,0,0,51,272,443,FINAL (ENTRADA MANUAL)
7,16,1,161,42,39,25,8,,0,0,0,121,31,28,22,8,4,1,5,3,0,2,0,0,52,277,427,FINAL (ENTRADA MANUAL)
7,16,2,157,46,52,28,13,,0,0,1,114,38,31,26,10,2,6,5,8,2,0,0,0,55,297,427,FINAL (ENTRADA MANUAL)
7,72,1,568,188,37,29,3,,2,0,0,477,155,29,28,3,13,7,0,6,0,0,1,0,109,828,0,FINAL (ENTRADA MANUAL)
7,72,2,0,0,0,0,0,,0,0,0,0,0,0,0,0,0,0,0,0,0,0,0,0,0,0,0,FINAL (ENTRADA MANUAL)
7,72,3,356,145,41,37,5,,0,0,0,283,116,22,30,4,8,1,3,9,1,0,0,0,107,584,0,FINAL (ENTRADA MANUAL)
7,72,4,81,23,9,8,1,,0,0,0,70,17,4,7,0,1,5,1,0,0,5,0,0,17,127,0,FINAL (ENTRADA MANUAL)
7,72,5,51,15,3,1,0,,0,0,0,45,10,3,1,0,2,0,0,0,0,0,1,0,9,71,0,FINAL (ENTRADA MANUAL)
7,72,6,14,2,0,0,0,,0,0,0,13,2,0,0,0,1,0,0,0,0,0,0,0,0,16,0,FINAL (ENTRADA MANUAL)
7,72,7,27,9,1,2,0,,0,0,0,24,8,1,2,0,1,0,0,1,0,0,0,0,2,39,0,FINAL (ENTRADA MANUAL)
7,72,8,6,0,0,0,0,,0,0,0,3,0,0,0,0,1,0,0,0,0,0,0,0,2,6,0,FINAL (ENTRADA MANUAL)
7,72,9,1,0,0,0,0,,0,0,0,1,0,0,0,0,0,0,0,0,0,0,0,0,0,1,0,FINAL (ENTRADA MANUAL)
7,72,10,40,23,0,2,0,,0,0,0,36,19,0,1,0,0,1,0,1,0,2,0,0,7,67,0,FINAL (ENTRADA MANUAL)
7,72,11,176,58,11,10,1,,0,0,0,157,50,7,9,1,1,1,1,1,0,0,0,0,28,256,0,FINAL (ENTRADA MANUAL)
7,73,1,130,48,4,9,1,,0,0,0,117,45,3,9,0,0,1,0,1,1,0,0,0,15,192,0,FINAL (ENTRADA MANUAL)
7,73,2,59,27,0,4,1,,0,0,0,46,23,0,4,1,0,0,0,0,1,4,0,0,16,95,0,FINAL (ENTRADA MANUAL)
7,74,1,5,7,0,3,1,,0,0,0,4,6,0,2,1,0,0,0,0,0,0,0,0,3,16,0,FINAL (ENTRADA MANUAL)
7,74,2,0,0,0,0,0,,0,0,0,0,0,0,0,0,0,0,0,0,0,0,0,0,0,0,0,FINAL (ENTRADA MANUAL)
7,75,1,13,8,6,2,1,,1,0,0,9,6,4,1,1,1,0,0,2,0,0,1,0,7,32,0,FINAL (ENTRADA MANUAL)
7,75,2,4,6,0,1,0,,0,0,0,3,5,0,0,0,1,0,0,0,0,2,1,0,2,14,0,FINAL (ENTRADA MANUAL)
7,75,3,0,0,0,0,0,,0,0,0,0,0,0,0,0,0,0,0,0,0,0,0,0,0,0,0,FINAL (ENTRADA MANUAL)
7,75,4,1,0,0,0,0,,0,0,0,1,0,0,0,0,0,0,0,0,0,0,0,0,0,1,0,FINAL (ENTRADA MANUAL)
7,76,1,14,0,0,0,0,,0,0,1,12,0,0,0,0,0,0,0,0,0,0,0,0,3,15,0,FINAL (ENTRADA MANUAL)
7,76,2,0,0,0,0,0,,0,0,0,0,0,0,0,0,0,0,0,0,0,0,0,0,0,0,0,FINAL (ENTRADA MANUAL)
7,76,3,6,0,0,1,1,,0,0,0,3,0,0,1,1,0,0,0,0,0,0,0,0,3,8,0,FINAL (ENTRADA MANUAL)
7,76,5,0,0,0,0,0,,0,0,0,0,0,0,0,0,0,0,0,0,0,0,0,0,0,0,0,FINAL (ENTRADA MANUAL)
7,76,6,0,0,0,0,0,,0,0,0,0,0,0,0,0,0,0,0,0,0,0,0,0,0,0,0,FINAL (ENTRADA MANUAL)
7,77,1,0,0,0,0,0,,0,0,0,0,0,0,0,0,0,0,0,0,0,0,0,0,0,0,0,FINAL (ENTRADA MANUAL)
7,77,2,83,31,37,23,2,,0,0,0,66,28,22,19,1,1,0,1,6,1,1,0,0,31,177,0,FINAL (ENTRADA MANUAL)
7,77,3,3,1,8,3,0,,0,0,0,1,0,7,2,0,1,0,0,0,0,0,0,0,0,15,0,FINAL (ENTRADA MANUAL)
7,77,4,25,9,16,13,1,,0,0,0,17,5,13,12,1,0,0,0,0,0,2,0,0,18,68,0,FINAL (ENTRADA MANUAL)
7,77,5,0,0,0,0,0,,0,0,0,0,0,0,0,0,0,0,0,0,0,0,0,0,0,0,0,FINAL (ENTRADA MANUAL)
7,77,6,5,0,1,0,0,,0,0,0,2,0,0,0,0,0,0,0,0,0,0,0,0,4,6,0,FINAL (ENTRADA MANUAL)
7,77,7,17,5,6,2,0,,0,0,0,16,4,3,2,0,1,0,0,0,0,0,0,0,4,30,0,FINAL (ENTRADA MANUAL)
7,77,8,0,0,0,1,0,,0,0,0,0,0,0,0,0,0,0,0,0,0,0,0,0,1,1,0,FINAL (ENTRADA MANUAL)
7,78,1,149,40,27,14,10,,0,0,0,96,31,14,11,6,3,2,1,2,2,2,30,0,72,272,0,FINAL (ENTRADA MANUAL)
7,78,2,0,0,0,0,0,,0,0,0,0,0,0,0,0,0,0,0,0,0,0,0,0,0,0,0,FINAL (ENTRADA MANUAL)
7,78,3,0,0,0,0,0,,0,0,0,0,0,0,0,0,0,0,0,0,0,0,0,0,0,0,0,FINAL (ENTRADA MANUAL)
7,78,4,2,0,2,1,0,,0,0,0,0,0,2,1,0,0,0,0,0,0,0,0,0,2,5,0,FINAL (ENTRADA MANUAL)
8,1,1,116,89,2,13,15,,2,0,0,93,54,0,9,8,2,0,1,2,0,2,0,0,68,239,594,FINAL (ENTRADA MANUAL)
8,2,1,153,54,2,8,8,,0,0,1,124,31,1,3,6,5,1,0,4,0,1,0,0,51,227,481,FINAL (ENTRADA MANUAL)
8,2,2,137,40,1,4,8,,0,1,3,107,26,0,2,6,3,1,0,1,1,2,1,0,47,197,481,FINAL (ENTRADA MANUAL)
8,2,3,114,50,3,8,12,,2,0,1,90,33,0,2,8,2,0,0,3,1,2,0,0,51,192,481,FINAL (ENTRADA MANUAL)
8,2,4,135,49,4,9,11,,1,0,0,114,30,0,4,6,2,0,0,0,0,0,0,0,53,209,481,FINAL (ENTRADA MANUAL)
8,2,5,127,40,5,6,9,,1,1,0,92,28,3,3,7,2,0,0,1,1,4,0,0,52,193,483,FINAL (ENTRADA MANUAL)
8,3,1,146,39,0,4,4,,0,1,1,97,28,0,2,3,2,0,0,0,1,1,0,0,62,196,507,FINAL (ENTRADA MANUAL)
8,3,2,145,42,4,4,10,,4,0,0,101,32,3,2,7,2,1,0,2,1,1,0,0,58,210,507,FINAL (ENTRADA MANUAL)
8,3,3,122,40,3,8,11,,5,1,1,85,24,0,6,7,1,0,1,2,0,2,0,0,65,193,507,FINAL (ENTRADA MANUAL)
8,3,4,134,56,3,4,4,,1,0,0,109,42,2,3,3,1,2,0,0,0,3,0,0,40,205,507,FINAL (ENTRADA MANUAL)
8,3,5,129,54,4,2,9,,0,0,0,94,34,2,1,7,0,0,1,0,0,2,0,0,59,200,506,FINAL (ENTRADA MANUAL)
8,4,1,121,42,8,9,3,,2,0,0,88,30,5,4,2,0,1,1,3,0,1,0,0,51,186,330,FINAL (ENTRADA MANUAL)
8,4,2,100,48,3,17,9,,1,0,1,69,30,2,13,9,1,5,1,4,0,0,0,0,45,179,330,FINAL (ENTRADA MANUAL)
8,5,1,154,96,3,1,14,,0,0,0,112,62,0,1,10,2,1,1,3,0,0,0,0,76,268,648,FINAL (ENTRADA MANUAL)
8,6,1,146,61,8,5,14,,0,0,0,101,32,3,2,11,0,2,1,4,0,1,1,0,78,236,551,FINAL (ENTRADA MANUAL)
8,6,2,99,73,4,8,13,,7,0,1,68,42,2,8,11,2,2,0,1,2,2,0,0,67,207,551,FINAL (ENTRADA MANUAL)
8,6,3,127,72,4,4,23,,4,1,0,94,52,1,1,18,0,0,1,5,1,1,0,0,62,236,551,FINAL (ENTRADA MANUAL)
8,6,4,112,73,7,4,9,,1,1,0,81,40,4,3,5,0,2,0,1,0,3,0,0,71,210,551,FINAL (ENTRADA MANUAL)
8,6,5,133,65,4,5,11,,2,0,0,83,38,3,1,10,2,1,0,2,1,1,0,0,79,221,551,FINAL (ENTRADA MANUAL)
8,6,6,130,69,2,7,16,,1,1,1,91,47,0,6,11,2,0,0,0,0,4,0,0,70,231,551,FINAL (ENTRADA MANUAL)
8,6,7,116,85,2,7,15,,2,1,0,80,57,1,6,8,1,1,0,0,0,2,0,0,74,230,553,FINAL (ENTRADA MANUAL)
8,7,1,121,61,7,9,18,,2,0,1,93,50,2,7,10,0,3,3,2,0,1,0,0,49,220,427,FINAL (ENTRADA MANUAL)
8,7,2,127,58,2,7,27,,2,2,1,105,47,0,5,25,3,2,0,4,1,0,0,0,34,226,427,FINAL (ENTRADA MANUAL)
8,7,3,107,55,7,9,20,,0,0,0,68,33,4,7,15,1,4,0,2,0,3,0,0,64,201,427,FINAL (ENTRADA MANUAL)
8,7,4,136,61,4,8,12,,2,0,1,109,48,1,5,10,1,0,1,1,0,2,0,0,48,226,427,FINAL (ENTRADA MANUAL)
8,7,5,136,56,4,6,19,,2,0,1,89,37,1,4,13,1,1,0,0,2,2,0,0,76,226,428,FINAL (ENTRADA MANUAL)
8,72,1,134,22,0,1,2,,0,1,0,125,15,0,1,0,0,4,0,0,0,0,0,0,15,160,0,FINAL (ENTRADA MANUAL)
8,72,2,22,4,0,0,0,,0,0,0,21,4,0,0,0,0,0,0,0,0,0,0,0,1,26,0,FINAL (ENTRADA MANUAL)
8,72,3,466,472,2,7,7,,3,0,2,405,426,1,5,6,9,10,1,2,1,0,0,0,93,962,0,FINAL (ENTRADA MANUAL)
8,72,4,95,60,0,1,1,,1,0,0,81,54,0,1,1,2,1,0,0,0,2,0,3,18,163,0,FINAL (ENTRADA MANUAL)
8,72,5,46,45,0,1,0,,0,0,0,35,40,0,1,0,1,2,0,0,0,0,0,0,13,92,0,FINAL (ENTRADA MANUAL)
8,72,6,4,5,0,0,0,,0,0,0,4,5,0,0,0,0,0,0,0,0,1,0,0,0,10,0,FINAL (ENTRADA MANUAL)
8,72,7,25,27,0,0,0,,0,0,0,22,24,0,0,0,2,0,0,0,0,0,0,0,4,52,0,FINAL (ENTRADA MANUAL)
8,72,8,2,4,0,0,0,,0,0,0,2,4,0,0,0,0,0,0,0,0,0,0,0,0,6,0,FINAL (ENTRADA MANUAL)
8,72,9,65,9,0,0,2,,2,0,0,52,5,0,0,1,1,3,0,0,0,0,0,0,16,78,0,FINAL (ENTRADA MANUAL)
8,72,10,1,0,0,0,0,,0,0,0,1,0,0,0,0,0,0,0,0,0,0,0,0,0,1,0,FINAL (ENTRADA MANUAL)
8,72,11,0,0,0,0,0,,0,0,0,0,0,0,0,0,0,0,0,0,0,0,0,0,0,0,0,FINAL (ENTRADA MANUAL)
8,72,12,25,4,1,0,2,,0,0,0,21,3,1,0,1,0,1,0,0,0,0,0,0,5,32,0,FINAL (ENTRADA MANUAL)
8,73,1,4,2,0,0,0,,0,0,0,3,1,0,0,0,0,0,0,0,0,1,0,0,2,7,0,FINAL (ENTRADA MANUAL)
8,73,2,1,0,0,2,0,,0,0,0,1,0,0,1,0,0,0,0,1,0,1,0,0,0,4,0,FINAL (ENTRADA MANUAL)
8,74,1,1,1,0,0,0,,0,0,0,1,1,0,0,0,0,0,0,0,0,0,0,0,0,2,0,FINAL (ENTRADA MANUAL)
8,74,2,0,0,0,0,0,,0,0,0,0,0,0,0,0,0,0,0,0,0,0,0,0,0,0,0,FINAL (ENTRADA MANUAL)
8,75,1,0,0,0,0,0,,0,0,0,0,0,0,0,0,0,0,0,0,0,0,0,0,0,0,0,FINAL (ENTRADA MANUAL)
8,75,2,1,0,0,0,0,,2,0,0,1,0,0,0,0,0,0,0,0,0,0,0,0,2,3,0,FINAL (ENTRADA MANUAL)
8,76,1,28,1,0,0,0,,0,0,0,21,1,0,0,0,0,0,0,0,0,1,0,0,7,30,0,FINAL (ENTRADA MANUAL)
8,76,2,0,0,0,0,0,,0,0,0,0,0,0,0,0,0,0,0,0,0,0,0,0,0,0,0,FINAL (ENTRADA MANUAL)
8,76,3,4,0,0,0,0,,0,0,0,2,0,0,0,0,0,0,0,0,0,0,0,0,2,4,0,FINAL (ENTRADA MANUAL)
8,76,5,1,0,0,0,0,,0,0,0,0,0,0,0,0,0,0,0,0,0,0,0,0,1,1,0,FINAL (ENTRADA MANUAL)
8,76,6,1,0,0,0,0,,0,0,0,1,0,0,0,0,0,0,0,0,0,0,0,0,0,1,0,FINAL (ENTRADA MANUAL)
8,77,1,0,0,0,0,0,,0,0,0,0,0,0,0,0,0,0,0,0,0,0,0,0,0,0,0,FINAL (ENTRADA MANUAL)
8,77,2,2,2,2,0,0,,0,0,0,1,1,0,0,0,0,0,2,0,0,1,0,0,2,7,0,FINAL (ENTRADA MANUAL)
8,77,3,1,0,0,0,0,,0,0,0,1,0,0,0,0,0,0,0,0,0,0,0,0,0,1,0,FINAL (ENTRADA MANUAL)
8,77,4,0,0,0,0,0,,0,0,0,0,0,0,0,0,0,0,0,0,0,0,0,0,0,0,0,FINAL (ENTRADA MANUAL)
8,77,5,0,0,0,0,0,,0,0,0,0,0,0,0,0,0,0,0,0,0,0,0,0,0,0,0,FINAL (ENTRADA MANUAL)
8,77,6,1,0,0,1,1,,0,0,1,1,0,0,1,0,0,0,0,0,0,0,0,0,2,4,0,FINAL (ENTRADA MANUAL)
8,78,1,21,12,0,0,2,,0,1,0,13,7,0,0,1,0,0,0,0,0,0,0,0,15,36,0,FINAL (ENTRADA MANUAL)
8,78,2,0,0,0,0,0,,0,0,0,0,0,0,0,0,0,0,0,0,0,0,0,0,0,0,0,FINAL (ENTRADA MANUAL)
8,78,3,0,0,0,0,0,,0,0,0,0,0,0,0,0,0,0,0,0,0,0,0,0,0,0,0,FINAL (ENTRADA MANUAL)
8,78,4,0,0,0,0,0,,0,0,0,0,0,0,0,0,0,0,0,0,0,0,0,0,0,0,0,FINAL (ENTRADA MANUAL)
9,1,1,124,52,20,41,26,,0,0,2,85,37,7,21,18,3,4,1,12,1,4,0,0,76,269,443,FINAL (ENTRADA MANUAL)
9,1,2,130,70,23,38,33,,1,0,1,100,51,10,27,25,2,3,2,4,0,1,0,0,72,297,443,FINAL (ENTRADA MANUAL)
9,1,3,118,82,23,37,34,,1,0,1,93,66,8,27,22,5,4,0,5,0,0,0,0,66,296,443,FINAL (ENTRADA MANUAL)
9,1,4,121,75,14,26,37,,1,0,0,90,50,5,15,24,3,5,0,2,0,3,0,0,80,277,443,FINAL (ENTRADA MANUAL)
9,1,5,117,78,24,32,31,,0,0,0,88,49,14,26,20,0,3,3,4,3,5,0,0,72,287,444,FINAL (ENTRADA MANUAL)
9,2,1,133,58,7,18,5,,0,1,0,98,43,4,12,3,2,3,1,1,0,1,2,0,55,225,394,FINAL (ENTRADA MANUAL)
9,2,2,136,70,8,15,9,,2,1,1,87,36,3,9,8,2,4,3,3,0,3,1,0,87,246,394,FINAL (ENTRADA MANUAL)
9,2,3,123,44,9,21,12,,1,0,1,81,34,3,14,9,2,2,2,1,0,3,0,0,63,214,394,FINAL (ENTRADA MANUAL)
9,2,4,137,48,8,16,7,,0,0,0,88,34,4,7,4,1,1,4,2,1,0,0,0,70,213,394,FINAL (ENTRADA MANUAL)
9,72,1,29,7,2,1,0,,0,0,0,28,6,1,1,0,0,1,0,0,0,0,0,0,2,39,0,FINAL (ENTRADA MANUAL)
9,72,2,2,3,1,1,0,,0,0,0,2,3,0,1,0,0,0,1,0,0,2,0,0,0,9,0,FINAL (ENTRADA MANUAL)
9,72,3,102,64,1,4,8,,0,1,1,81,56,1,2,3,2,7,0,2,3,0,0,0,24,181,0,FINAL (ENTRADA MANUAL)
9,72,4,11,10,1,0,0,,0,0,0,9,9,1,0,0,0,2,0,0,0,2,0,0,2,25,0,FINAL (ENTRADA MANUAL)
9,72,5,7,3,0,0,0,,0,0,0,7,3,0,0,0,0,0,0,0,0,0,0,0,0,10,0,FINAL (ENTRADA MANUAL)
9,72,6,1,0,0,0,0,,0,0,0,1,0,0,0,0,0,0,0,0,0,0,0,0,0,1,0,FINAL (ENTRADA MANUAL)
9,72,7,4,2,0,0,0,,0,0,0,3,2,0,0,0,0,0,0,0,0,0,0,0,1,6,0,FINAL (ENTRADA MANUAL)
9,72,8,3,3,0,0,1,,0,0,0,3,2,0,0,0,1,1,0,0,0,0,0,0,0,7,0,FINAL (ENTRADA MANUAL)
9,72,9,42,14,0,2,0,,0,2,0,33,13,0,2,0,0,0,0,0,0,0,0,0,12,60,0,FINAL (ENTRADA MANUAL)
9,72,10,0,0,0,0,0,,0,0,0,0,0,0,0,0,0,0,0,0,0,0,0,0,0,0,0,FINAL (ENTRADA MANUAL)
9,72,11,1,0,0,0,0,,0,0,0,1,0,0,0,0,0,0,0,0,0,0,0,0,0,1,0,FINAL (ENTRADA MANUAL)
9,73,1,1,14,0,0,0,,0,0,0,1,11,0,0,0,0,0,0,0,0,0,0,0,3,15,0,FINAL (ENTRADA MANUAL)
9,74,1,0,0,0,0,0,,0,0,0,0,0,0,0,0,0,0,0,0,0,0,0,0,0,0,0,FINAL (ENTRADA MANUAL)
9,74,2,0,0,0,0,0,,0,0,0,0,0,0,0,0,0,0,0,0,0,0,0,0,0,0,0,FINAL (ENTRADA MANUAL)
9,75,1,0,0,0,0,0,,0,0,0,0,0,0,0,0,0,0,0,0,0,0,0,0,0,0,0,FINAL (ENTRADA MANUAL)
9,76,1,1,0,0,0,0,,0,0,0,1,0,0,0,0,0,0,0,0,0,0,0,0,0,1,0,FINAL (ENTRADA MANUAL)
9,76,2,0,0,0,0,0,,0,0,0,0,0,0,0,0,0,0,0,0,0,0,0,0,0,0,0,FINAL (ENTRADA MANUAL)
9,76,3,0,0,0,0,0,,0,0,0,0,0,0,0,0,0,0,0,0,0,0,0,0,0,0,0,FINAL (ENTRADA MANUAL)
9,77,1,1,1,2,1,0,,0,0,0,0,1,0,1,0,0,0,0,0,0,0,0,0,3,5,0,FINAL (ENTRADA MANUAL)
9,77,2,4,1,1,2,0,,0,0,0,3,1,0,2,0,0,0,0,0,0,0,0,0,2,8,0,FINAL (ENTRADA MANUAL)
9,77,3,2,0,1,0,0,,0,0,0,2,0,1,0,0,0,0,0,0,0,0,0,0,2,3,0,FINAL (ENTRADA MANUAL)
9,77,4,0,1,0,1,0,,0,0,0,0,0,0,0,0,0,0,0,0,0,0,0,0,2,2,0,FINAL (ENTRADA MANUAL)
9,77,5,0,0,0,0,0,,0,0,0,0,0,0,0,0,0,0,0,0,0,0,0,0,0,0,0,FINAL (ENTRADA MANUAL)
9,77,6,0,1,0,1,0,,0,0,0,0,1,0,0,0,0,0,0,1,0,0,0,0,0,2,0,FINAL (ENTRADA MANUAL)
9,77,7,0,0,0,0,0,,0,0,0,0,0,0,0,0,0,0,0,0,0,0,0,0,0,0,0,FINAL (ENTRADA MANUAL)
9,77,8,1,1,0,0,0,,0,0,0,1,1,0,0,0,0,0,0,0,0,0,0,0,0,2,0,FINAL (ENTRADA MANUAL)
9,78,1,11,12,0,1,3,,0,0,0,9,9,0,1,1,0,0,0,0,0,2,0,0,7,29,0,FINAL (ENTRADA MANUAL)
9,78,2,0,0,0,0,0,,0,0,0,0,0,0,0,0,0,0,0,0,0,0,0,0,0,0,0,FINAL (ENTRADA MANUAL)
9,78,3,0,0,0,0,0,,0,0,0,0,0,0,0,0,0,0,0,0,0,0,0,0,0,0,0,FINAL (ENTRADA MANUAL)
9,78,4,0,0,0,0,0,,0,0,0,0,0,0,0,0,0,0,0,0,0,0,0,0,0,0,0,FINAL (ENTRADA MANUAL)
10,1,1,198,13,9,24,3,,0,0,0,121,12,6,21,3,1,7,4,8,2,1,0,0,62,248,414,FINAL (ENTRADA MANUAL)
10,1,2,169,32,6,24,12,,0,0,2,122,28,3,23,11,1,4,3,4,0,1,0,0,46,246,414,FINAL (ENTRADA MANUAL)
10,1,3,185,25,3,15,4,,1,0,1,126,22,3,15,3,3,5,0,2,1,2,0,0,54,236,414,FINAL (ENTRADA MANUAL)
10,1,4,183,28,9,15,5,,0,0,0,122,22,8,13,3,0,8,1,5,3,2,0,0,55,242,414,FINAL (ENTRADA MANUAL)
10,1,5,188,17,4,23,6,,0,0,1,123,13,3,21,4,4,2,2,5,1,1,0,0,61,240,413,FINAL (ENTRADA MANUAL)
10,2,1,181,13,5,10,2,,0,0,0,117,12,4,10,1,1,6,6,2,0,1,0,0,52,212,306,FINAL (ENTRADA MANUAL)
10,2,2,165,19,6,11,4,,0,0,0,118,17,5,10,3,0,2,2,10,0,5,0,0,38,210,306,FINAL (ENTRADA MANUAL)
10,2,3,176,13,4,11,6,,0,0,0,111,13,3,11,6,0,3,0,7,0,0,0,0,56,210,307,FINAL (ENTRADA MANUAL)
10,3,1,176,26,6,15,6,,1,0,0,117,22,5,13,4,3,4,2,7,2,1,1,0,51,232,397,FINAL (ENTRADA MANUAL)
10,3,2,174,25,0,19,6,,0,0,1,120,24,0,15,6,0,2,2,1,1,1,0,0,54,226,397,FINAL (ENTRADA MANUAL)
10,3,3,175,15,6,17,3,,0,0,0,110,15,5,17,2,2,2,1,4,0,0,0,0,58,215,397,FINAL (ENTRADA MANUAL)
10,3,4,172,31,5,13,4,,0,0,0,114,28,3,12,4,0,2,0,6,0,2,0,0,56,227,397,FINAL (ENTRADA MANUAL)
10,3,5,159,26,3,23,6,,1,0,0,102,23,2,20,4,0,4,2,4,3,1,0,0,54,219,398,FINAL (ENTRADA MANUAL)
10,4,1,193,28,4,15,5,,0,1,0,131,26,4,12,5,1,5,1,7,1,0,0,0,53,246,408,FINAL (ENTRADA MANUAL)
10,4,2,176,50,6,15,6,,0,0,1,121,45,6,10,5,1,6,1,6,1,1,0,0,52,255,408,FINAL (ENTRADA MANUAL)
10,4,3,180,32,7,16,12,,0,0,3,130,30,3,15,10,1,1,2,5,1,2,0,0,52,252,408,FINAL (ENTRADA MANUAL)
10,4,4,162,32,3,16,10,,0,1,0,110,30,2,12,8,2,2,2,7,4,1,0,0,45,225,408,FINAL (ENTRADA MANUAL)
10,4,5,182,24,2,19,8,,0,0,0,120,21,2,19,6,1,2,2,5,3,1,0,0,54,236,406,FINAL (ENTRADA MANUAL)
10,5,1,173,26,3,22,9,,0,1,0,125,24,1,19,7,3,3,2,3,1,1,0,0,46,235,430,FINAL (ENTRADA MANUAL)
10,5,2,186,25,4,14,9,,0,0,0,123,20,3,12,8,3,2,1,5,2,0,0,0,59,238,430,FINAL (ENTRADA MANUAL)
10,5,3,164,25,6,17,3,,0,0,1,122,21,2,15,2,0,0,1,6,4,0,0,0,43,216,430,FINAL (ENTRADA MANUAL)
10,5,4,164,20,4,16,7,,0,0,0,127,19,4,14,6,1,1,1,4,0,0,0,0,34,211,430,FINAL (ENTRADA MANUAL)
10,5,5,167,32,8,10,8,,0,0,0,125,30,8,9,5,2,1,2,0,1,1,0,0,42,226,432,FINAL (ENTRADA MANUAL)
10,6,1,182,42,4,12,16,,0,0,1,129,39,2,9,13,1,3,3,4,1,2,1,0,53,260,378,FINAL (ENTRADA MANUAL)
10,7,1,178,19,6,13,10,,0,1,0,119,16,6,10,9,3,4,0,1,2,1,0,0,57,228,436,FINAL (ENTRADA MANUAL)
10,7,2,190,16,12,19,5,,0,0,0,143,15,9,16,5,1,3,3,10,1,0,0,0,36,242,436,FINAL (ENTRADA MANUAL)
10,7,3,185,19,13,17,3,,0,0,0,127,18,10,16,3,0,2,2,5,0,0,0,0,54,237,436,FINAL (ENTRADA MANUAL)
10,7,4,165,23,3,12,5,,0,0,0,122,21,2,10,5,0,3,1,0,1,1,0,0,43,209,436,FINAL (ENTRADA MANUAL)
10,7,5,157,18,4,15,7,,0,1,0,105,16,1,11,7,2,4,2,5,0,0,0,0,49,202,434,FINAL (ENTRADA MANUAL)
10,8,1,178,32,9,17,5,,2,0,0,115,29,8,16,4,0,2,3,6,4,6,0,0,56,247,406,FINAL (ENTRADA MANUAL)
10,8,2,179,46,2,25,3,,1,0,2,120,42,1,19,2,1,6,4,9,2,1,0,0,52,259,406,FINAL (ENTRADA MANUAL)
10,8,3,183,35,6,9,6,,3,0,0,148,30,5,9,4,1,3,0,5,0,1,0,0,37,243,406,FINAL (ENTRADA MANUAL)
10,9,1,188,28,5,21,7,,0,0,0,133,28,4,20,7,0,1,0,9,1,1,0,0,46,250,420,FINAL (ENTRADA MANUAL)
10,9,2,194,24,3,20,13,,0,0,1,134,17,3,17,10,0,5,4,4,4,1,0,0,57,256,420,FINAL (ENTRADA MANUAL)
10,9,3,178,21,6,22,5,,0,0,0,122,19,6,20,4,0,6,2,8,0,2,0,0,45,234,420,FINAL (ENTRADA MANUAL)
10,9,4,198,28,8,9,8,,0,0,1,124,25,6,9,7,1,2,3,9,2,1,0,0,64,253,420,FINAL (ENTRADA MANUAL)
10,9,5,182,29,10,11,15,,0,0,1,129,21,5,10,13,1,2,4,6,2,1,0,0,55,249,422,FINAL (ENTRADA MANUAL)
10,10,1,214,23,10,14,19,,0,0,1,135,19,9,12,15,0,2,3,7,5,2,0,0,74,283,471,FINAL (ENTRADA MANUAL)
10,10,2,204,34,7,21,7,,0,0,2,137,32,5,13,3,0,1,2,3,1,1,0,0,78,276,471,FINAL (ENTRADA MANUAL)
10,10,3,179,38,4,13,9,,1,0,0,120,34,3,13,7,0,2,1,5,0,1,0,0,59,245,471,FINAL (ENTRADA MANUAL)
10,10,4,202,30,2,20,9,,0,2,0,139,27,1,19,8,2,3,1,6,2,2,0,0,57,267,471,FINAL (ENTRADA MANUAL)
10,10,5,217,25,4,7,9,,2,0,1,135,23,4,5,8,1,1,0,8,4,0,0,0,76,265,471,FINAL (ENTRADA MANUAL)
10,11,1,174,21,8,15,9,,2,1,1,123,17,8,12,8,0,0,3,4,3,1,1,0,53,233,375,FINAL (ENTRADA MANUAL)
10,11,2,153,25,10,15,9,,0,0,0,106,23,7,14,7,0,1,2,4,1,2,0,0,47,214,375,FINAL (ENTRADA MANUAL)
10,11,3,162,34,12,15,9,,0,0,2,129,34,10,15,9,1,3,0,2,1,2,1,0,30,237,375,FINAL (ENTRADA MANUAL)
10,11,4,163,30,9,14,5,,0,0,1,115,28,6,7,5,3,4,3,3,3,5,0,0,45,227,375,FINAL (ENTRADA MANUAL)
10,12,1,173,22,7,11,15,,0,0,0,123,21,5,11,14,0,3,3,7,0,1,0,0,41,229,382,FINAL (ENTRADA MANUAL)
10,12,2,174,24,11,16,7,,0,0,0,122,22,10,12,6,0,2,1,4,0,0,0,0,53,232,382,FINAL (ENTRADA MANUAL)
10,12,3,174,33,10,12,14,,0,1,0,115,29,8,12,13,1,5,1,4,1,2,0,0,55,246,383,FINAL (ENTRADA MANUAL)
10,13,1,174,24,1,5,3,,0,0,0,154,24,1,5,3,0,2,0,2,0,1,0,0,16,208,430,FINAL (ENTRADA MANUAL)
10,13,2,160,28,1,5,7,,1,0,0,128,25,1,3,6,1,0,1,0,0,0,0,0,37,202,430,FINAL (ENTRADA MANUAL)
10,14,1,199,30,12,19,11,,0,0,2,143,29,11,18,9,3,4,2,5,0,0,0,0,49,274,435,FINAL (ENTRADA MANUAL)
10,14,2,212,28,12,23,13,,0,0,1,128,27,10,23,13,1,2,4,10,2,2,0,0,69,291,435,FINAL (ENTRADA MANUAL)
10,14,3,201,20,6,21,11,,0,0,1,142,14,5,18,9,1,7,1,4,2,1,0,0,57,261,435,FINAL (ENTRADA MANUAL)
10,14,4,201,21,12,16,9,,0,1,1,126,19,8,12,7,0,4,3,7,3,1,0,0,72,262,435,FINAL (ENTRADA MANUAL)
10,14,5,209,19,6,8,14,,0,0,1,147,16,4,8,13,4,1,4,9,1,1,0,0,50,258,435,FINAL (ENTRADA MANUAL)
10,14,6,195,24,6,32,9,,0,1,0,141,24,4,26,8,3,4,4,4,3,2,0,0,46,269,435,FINAL (ENTRADA MANUAL)
10,14,7,197,26,8,11,10,,2,0,1,143,24,7,9,9,1,4,1,7,1,4,0,0,49,259,435,FINAL (ENTRADA MANUAL)
10,14,8,199,21,6,15,7,,0,0,0,164,20,4,14,6,0,4,1,4,0,0,0,0,31,248,435,FINAL (ENTRADA MANUAL)
10,14,9,180,23,14,20,16,,0,0,0,128,20,11,18,15,1,1,2,8,3,1,0,0,46,254,435,FINAL (ENTRADA MANUAL)
10,15,1,201,40,11,16,10,,0,0,1,137,33,7,12,8,2,4,2,4,2,3,0,0,68,282,454,FINAL (ENTRADA MANUAL)
10,15,2,185,38,8,16,9,,0,0,2,127,36,5,15,9,1,2,0,5,0,3,1,0,58,262,454,FINAL (ENTRADA MANUAL)
10,15,3,192,30,4,19,13,,0,0,0,114,29,2,13,9,2,4,1,2,0,1,0,0,82,259,454,FINAL (ENTRADA MANUAL)
10,15,4,191,26,4,21,9,,0,0,1,143,22,3,18,9,0,4,2,4,0,2,0,0,47,254,454,FINAL (ENTRADA MANUAL)
10,15,5,172,28,7,17,10,,0,0,0,113,27,7,15,8,1,2,0,5,3,2,0,0,53,236,452,FINAL (ENTRADA MANUAL)
10,16,1,189,23,11,15,8,,0,1,0,130,21,10,13,6,0,3,5,5,0,4,0,0,54,251,480,FINAL (ENTRADA MANUAL)
10,16,2,177,26,8,22,12,,0,0,0,108,25,6,18,9,1,3,1,4,1,1,0,0,69,246,480,FINAL (ENTRADA MANUAL)
10,16,3,188,26,7,18,12,,0,0,0,122,25,5,15,10,1,9,3,10,1,1,0,0,50,252,479,FINAL (ENTRADA MANUAL)
10,17,1,153,24,5,15,7,,0,0,1,102,23,2,10,5,2,0,1,7,2,3,0,0,51,208,367,FINAL (ENTRADA MANUAL)
10,17,2,133,26,4,12,10,,0,0,0,97,19,4,12,9,0,0,2,3,0,2,0,0,39,187,367,FINAL (ENTRADA MANUAL)
10,17,3,124,28,5,8,10,,0,1,0,91,26,4,4,10,1,1,2,4,0,0,1,0,33,177,366,FINAL (ENTRADA MANUAL)
10,18,1,185,29,8,21,8,,0,0,0,125,28,5,17,7,2,4,1,3,0,2,0,0,59,253,404,FINAL (ENTRADA MANUAL)
10,18,2,192,24,7,15,13,,1,0,1,139,22,6,14,11,1,3,0,4,1,3,0,0,52,256,403,FINAL (ENTRADA MANUAL)
10,19,1,194,32,4,13,5,,0,0,0,129,23,3,10,3,1,4,1,3,0,3,0,0,71,251,501,FINAL (ENTRADA MANUAL)
10,19,2,192,32,4,12,8,,0,0,0,130,31,4,10,7,1,2,1,2,1,1,0,0,59,249,501,FINAL (ENTRADA MANUAL)
10,19,3,177,33,4,15,12,,0,1,0,122,30,4,12,12,0,2,0,6,0,1,0,0,54,243,501,FINAL (ENTRADA MANUAL)
10,19,4,191,18,4,13,8,,0,0,0,143,18,3,10,7,1,2,0,2,0,0,0,0,48,234,501,FINAL (ENTRADA MANUAL)
10,19,5,185,15,2,13,10,,0,0,0,156,15,2,11,8,4,4,2,12,4,0,0,0,7,225,501,FINAL (ENTRADA MANUAL)
10,19,6,207,33,2,12,7,,0,1,0,147,24,2,10,7,2,2,2,3,0,1,0,0,63,263,503,FINAL (ENTRADA MANUAL)
10,20,1,183,30,4,11,14,,0,0,1,107,28,4,9,10,4,2,1,2,2,1,0,0,74,244,407,FINAL (ENTRADA MANUAL)
10,20,2,209,23,8,19,6,,0,0,0,146,23,7,17,5,1,2,2,4,2,2,1,0,56,268,407,FINAL (ENTRADA MANUAL)
10,20,3,182,31,5,6,16,,0,0,0,126,30,3,5,14,0,2,0,7,0,1,0,0,53,241,407,FINAL (ENTRADA MANUAL)
10,20,4,192,16,6,12,10,,0,0,1,133,14,5,9,10,0,4,0,5,0,0,0,0,57,237,406,FINAL (ENTRADA MANUAL)
10,21,1,205,28,10,18,11,,0,0,2,139,22,8,17,10,1,3,3,6,3,0,0,0,62,274,425,FINAL (ENTRADA MANUAL)
10,21,2,175,22,15,24,8,,0,0,1,121,20,12,21,7,0,7,1,7,1,0,0,0,48,245,425,FINAL (ENTRADA MANUAL)
10,21,3,203,23,8,14,6,,2,0,0,128,23,6,13,4,1,5,1,3,3,2,0,0,69,258,425,FINAL (ENTRADA MANUAL)
10,21,4,203,16,7,19,3,,0,0,0,129,14,6,14,3,1,2,2,8,0,0,0,0,69,248,425,FINAL (ENTRADA MANUAL)
10,21,5,193,27,5,23,7,,0,0,0,124,23,3,20,6,1,7,1,3,3,0,0,0,64,255,425,FINAL (ENTRADA MANUAL)
10,21,6,185,22,5,27,3,,0,0,0,116,22,4,22,3,0,3,5,12,2,0,0,0,53,242,425,FINAL (ENTRADA MANUAL)
10,21,7,196,24,5,16,10,,0,0,0,132,21,4,13,8,0,5,1,5,0,2,0,0,62,253,425,FINAL (ENTRADA MANUAL)
10,21,8,194,28,6,15,5,,0,0,0,129,23,5,13,4,0,8,1,10,3,0,0,0,52,248,428,FINAL (ENTRADA MANUAL)
10,22,1,169,32,12,36,10,,0,0,1,117,29,10,31,6,1,1,2,2,0,1,0,0,61,261,462,FINAL (ENTRADA MANUAL)
10,22,2,181,31,5,21,15,,0,0,2,136,28,5,20,13,3,0,2,2,2,1,0,0,44,256,462,FINAL (ENTRADA MANUAL)
10,22,3,193,20,3,20,6,,0,0,1,138,19,2,18,4,2,1,3,7,2,3,0,0,47,246,462,FINAL (ENTRADA MANUAL)
10,22,4,169,30,3,23,14,,0,0,0,108,26,2,20,12,0,2,1,14,1,0,1,0,53,240,462,FINAL (ENTRADA MANUAL)
10,22,5,189,42,9,14,12,,1,0,1,135,39,6,11,9,0,1,1,4,0,1,0,0,62,269,462,FINAL (ENTRADA MANUAL)
10,22,6,175,32,5,21,20,,0,0,1,133,31,5,20,18,1,3,2,3,1,0,0,0,37,254,462,FINAL (ENTRADA MANUAL)
10,22,7,182,28,6,14,10,,0,1,0,132,24,4,12,8,0,8,1,3,0,3,0,0,49,244,461,FINAL (ENTRADA MANUAL)
10,23,1,203,36,0,5,6,,0,0,0,153,27,0,4,6,0,2,2,0,2,2,0,0,54,252,424,FINAL (ENTRADA MANUAL)
10,23,2,190,30,4,12,9,,0,1,0,139,29,3,10,7,1,3,0,2,1,2,1,0,51,249,424,FINAL (ENTRADA MANUAL)
10,23,3,181,48,7,7,9,,1,1,0,115,39,5,6,9,1,3,1,5,0,1,0,0,70,255,424,FINAL (ENTRADA MANUAL)
10,23,4,199,22,7,5,6,,0,0,0,151,18,4,5,5,2,0,0,6,2,3,0,0,46,242,424,FINAL (ENTRADA MANUAL)
10,23,5,178,33,2,7,6,,0,0,0,114,28,2,7,5,0,0,2,2,0,0,0,0,66,226,425,FINAL (ENTRADA MANUAL)
10,24,1,205,27,6,20,12,,0,0,0,136,22,6,17,11,3,1,5,5,2,0,0,0,62,270,435,FINAL (ENTRADA MANUAL)
10,24,2,178,29,10,16,8,,0,1,2,135,28,8,11,8,0,2,0,8,0,0,0,0,44,244,435,FINAL (ENTRADA MANUAL)
10,24,3,193,19,4,13,13,,0,0,1,136,15,4,9,10,1,4,2,2,4,0,0,0,56,243,435,FINAL (ENTRADA MANUAL)
10,24,4,190,19,4,24,12,,1,0,0,128,16,3,18,11,0,2,3,5,2,0,0,0,62,250,435,FINAL (ENTRADA MANUAL)
10,72,1,566,90,4,8,8,,2,1,1,490,78,3,4,2,5,8,1,4,3,0,0,0,82,680,0,FINAL (ENTRADA MANUAL)
10,72,2,82,9,2,5,2,,1,0,0,75,8,1,5,2,1,2,1,1,0,5,0,0,5,106,0,FINAL (ENTRADA MANUAL)
10,72,3,497,78,16,17,3,,0,1,1,391,70,10,14,2,7,18,0,5,1,0,0,0,95,613,0,FINAL (ENTRADA MANUAL)
10,72,4,186,33,4,9,3,,0,0,3,139,31,4,9,1,1,5,3,0,0,6,0,0,45,244,0,FINAL (ENTRADA MANUAL)
10,72,5,62,6,1,2,0,,0,0,0,53,6,1,2,0,0,1,0,1,0,0,0,0,7,71,0,FINAL (ENTRADA MANUAL)
10,72,6,5,1,0,3,0,,0,0,0,2,1,0,3,0,0,0,0,2,0,0,0,0,1,9,0,FINAL (ENTRADA MANUAL)
10,72,7,19,1,0,0,0,,0,0,0,14,1,0,0,0,0,0,0,0,0,0,0,0,5,20,0,FINAL (ENTRADA MANUAL)
10,72,8,4,0,0,1,0,,0,0,0,3,0,0,1,0,0,0,0,0,0,0,0,0,1,5,0,FINAL (ENTRADA MANUAL)
10,72,9,154,21,0,3,2,,0,0,0,124,19,0,3,1,0,2,0,1,0,0,1,0,30,181,0,FINAL (ENTRADA MANUAL)
10,72,10,31,7,0,2,0,,0,0,1,27,7,0,2,0,0,0,0,0,0,0,1,0,5,42,0,FINAL (ENTRADA MANUAL)
10,72,11,0,0,0,0,0,,0,0,0,0,0,0,0,0,0,0,0,0,0,0,0,0,0,0,0,FINAL (ENTRADA MANUAL)
10,72,12,31,7,0,2,0,,0,0,0,27,7,0,2,0,0,0,0,0,0,4,0,0,4,48,0,FINAL (ENTRADA MANUAL)
10,73,1,95,70,4,7,5,,0,0,0,69,66,4,6,4,0,5,0,0,0,3,0,0,27,184,0,FINAL (ENTRADA MANUAL)
10,73,2,0,0,0,0,0,,0,0,0,0,0,0,0,0,0,0,0,0,0,0,0,0,0,0,0,FINAL (ENTRADA MANUAL)
10,74,1,16,5,0,3,0,,0,1,0,12,5,0,3,0,0,0,0,1,0,0,0,0,4,25,0,FINAL (ENTRADA MANUAL)
10,74,2,0,0,0,0,0,,0,0,0,0,0,0,0,0,0,0,0,0,0,0,0,0,0,0,0,FINAL (ENTRADA MANUAL)
10,75,1,6,0,0,0,0,,0,0,0,1,0,0,0,0,0,0,0,0,1,1,1,0,4,8,0,FINAL (ENTRADA MANUAL)
10,75,2,1,0,1,1,0,,0,0,0,1,0,1,1,0,0,0,0,0,0,0,0,0,0,3,0,FINAL (ENTRADA MANUAL)
10,76,1,50,2,1,2,0,,0,0,2,40,2,1,1,0,0,0,0,0,0,1,0,0,13,58,0,FINAL (ENTRADA MANUAL)
10,76,2,1,0,0,0,0,,0,0,0,1,0,0,0,0,0,0,0,0,0,0,0,0,0,1,0,FINAL (ENTRADA MANUAL)
10,76,3,6,1,0,1,0,,0,0,0,4,1,0,1,0,0,0,0,0,0,0,0,0,2,8,0,FINAL (ENTRADA MANUAL)
10,76,4,0,0,0,0,0,,0,0,0,0,0,0,0,0,0,0,0,0,0,0,0,0,0,0,0,FINAL (ENTRADA MANUAL)
10,76,5,3,0,0,0,0,,0,0,0,1,0,0,0,0,0,0,0,0,0,0,0,0,2,3,0,FINAL (ENTRADA MANUAL)
10,77,1,22,1,2,6,0,,0,0,0,14,1,2,6,0,0,0,0,1,0,0,0,0,7,31,0,FINAL (ENTRADA MANUAL)
10,77,2,63,5,8,20,4,,0,0,0,30,5,7,19,4,1,1,3,7,2,0,0,0,21,100,0,FINAL (ENTRADA MANUAL)
10,77,3,2,0,2,3,0,,0,0,0,1,0,1,2,0,0,0,1,0,0,0,0,0,2,7,0,FINAL (ENTRADA MANUAL)
10,77,4,1,0,0,1,0,,0,0,0,0,0,0,1,0,0,0,0,0,0,0,0,0,1,2,0,FINAL (ENTRADA MANUAL)
10,77,5,17,1,4,4,3,,0,0,0,13,1,3,4,3,0,0,0,2,0,0,0,0,3,29,0,FINAL (ENTRADA MANUAL)
10,77,6,0,0,0,0,0,,0,0,0,0,0,0,0,0,0,0,0,0,0,0,0,0,0,0,0,FINAL (ENTRADA MANUAL)
10,78,1,202,31,3,16,9,,1,0,2,132,29,1,13,8,1,2,1,2,1,4,2,0,74,270,0,FINAL (ENTRADA MANUAL)
10,78,2,0,0,0,0,0,,0,0,0,0,0,0,0,0,0,0,0,0,0,0,0,0,0,0,0,FINAL (ENTRADA MANUAL)
10,78,3,0,0,0,0,0,,0,0,0,0,0,0,0,0,0,0,0,0,0,0,0,0,0,0,0,FINAL (ENTRADA MANUAL)
10,78,4,8,1,0,0,2,,0,0,0,7,0,0,0,2,0,0,1,0,0,0,0,0,1,11,0,FINAL (ENTRADA MANUAL)
10,80,1,0,0,0,0,0,,0,0,0,0,0,0,0,0,0,0,0,0,0,0,0,0,0,0,0,FINAL (ENTRADA MANUAL)
11,1,1,176,35,6,14,18,,0,0,0,125,33,5,12,18,2,3,2,5,1,0,1,0,43,250,467,FINAL (ENTRADA MANUAL)
11,1,2,193,19,6,21,13,,0,0,1,111,19,6,18,10,1,2,1,7,2,0,0,0,76,253,467,FINAL (ENTRADA MANUAL)
11,1,3,210,30,5,15,15,,0,0,1,135,29,5,13,13,0,4,1,12,0,1,0,0,64,277,467,FINAL (ENTRADA MANUAL)
11,1,4,194,27,2,20,13,,0,0,0,131,24,2,18,11,0,0,3,3,1,0,0,0,63,256,467,FINAL (ENTRADA MANUAL)
11,1,5,168,29,15,23,12,,1,0,0,117,26,13,22,11,0,3,1,8,1,0,0,0,46,248,465,FINAL (ENTRADA MANUAL)
11,2,1,197,33,9,21,15,,0,1,0,141,32,7,17,13,2,3,1,3,1,0,0,0,56,276,472,FINAL (ENTRADA MANUAL)
11,2,2,208,28,7,24,9,,0,0,1,136,24,6,22,7,0,3,8,3,0,1,0,0,68,279,472,FINAL (ENTRADA MANUAL)
11,2,3,204,24,6,18,9,,0,0,0,143,18,5,13,9,0,5,2,4,1,1,0,0,61,262,472,FINAL (ENTRADA MANUAL)
11,2,4,203,32,14,17,5,,1,0,2,135,30,10,14,5,0,2,6,10,0,1,0,0,62,275,472,FINAL (ENTRADA MANUAL)
11,2,5,218,23,8,27,11,,1,0,1,141,20,5,23,9,1,4,1,9,1,2,0,0,75,291,472,FINAL (ENTRADA MANUAL)
11,2,6,195,33,8,18,14,,0,1,0,128,27,8,15,10,2,1,3,6,1,2,0,0,68,272,471,FINAL (ENTRADA MANUAL)
11,3,1,196,48,6,7,4,,1,0,1,155,47,2,5,4,0,2,3,2,1,1,0,0,42,264,459,FINAL (ENTRADA MANUAL)
11,3,2,190,38,6,16,6,,0,1,1,136,36,6,12,6,1,1,1,2,2,3,1,0,55,262,459,FINAL (ENTRADA MANUAL)
11,3,3,166,53,5,16,10,,0,0,1,110,49,5,16,9,1,4,1,1,2,2,0,0,53,253,459,FINAL (ENTRADA MANUAL)
11,4,1,181,20,15,20,12,,0,0,1,118,17,11,19,12,1,4,2,4,1,1,1,0,60,251,428,FINAL (ENTRADA MANUAL)
11,4,2,185,21,9,17,4,,1,0,0,127,19,5,14,4,1,4,2,3,1,0,0,0,57,237,428,FINAL (ENTRADA MANUAL)
11,4,3,185,21,6,25,9,,0,0,1,117,17,3,21,9,0,1,7,7,1,0,0,0,64,247,428,FINAL (ENTRADA MANUAL)
11,4,4,179,21,9,21,9,,1,0,0,141,16,7,18,8,2,4,3,7,1,1,0,0,33,241,428,FINAL (ENTRADA MANUAL)
11,4,5,184,20,7,15,10,,0,1,1,120,16,7,15,6,4,4,4,7,1,2,0,0,54,240,429,FINAL (ENTRADA MANUAL)
11,5,1,183,23,4,7,12,,1,0,1,119,19,3,6,11,2,1,1,6,1,0,0,0,62,231,404,FINAL (ENTRADA MANUAL)
11,5,2,189,20,10,9,17,,0,1,0,133,15,8,9,13,1,4,5,7,0,0,0,0,51,246,404,FINAL (ENTRADA MANUAL)
11,5,3,200,22,2,12,10,,0,0,0,133,20,2,10,8,1,3,2,2,0,0,0,0,65,246,404,FINAL (ENTRADA MANUAL)
11,5,4,175,25,4,8,6,,0,0,0,116,23,3,5,6,0,3,0,2,1,0,0,0,59,218,404,FINAL (ENTRADA MANUAL)
11,6,1,173,33,3,13,7,,0,0,0,119,30,3,12,6,1,5,1,4,0,4,0,0,48,233,362,FINAL (ENTRADA MANUAL)
11,6,2,163,21,11,25,13,,0,0,0,107,18,8,21,12,0,3,2,4,2,3,0,0,56,236,362,FINAL (ENTRADA MANUAL)
11,6,3,193,24,6,9,7,,0,0,1,122,23,5,7,7,0,4,2,6,2,3,0,0,62,243,362,FINAL (ENTRADA MANUAL)
11,6,4,154,26,17,18,9,,1,1,0,108,21,16,13,7,0,3,2,5,0,2,1,0,51,229,361,FINAL (ENTRADA MANUAL)
11,7,1,213,28,5,17,15,,1,1,1,142,26,4,13,14,2,5,3,4,0,0,0,0,68,281,461,FINAL (ENTRADA MANUAL)
11,7,2,183,31,6,16,14,,0,0,1,116,27,5,15,12,2,2,4,2,1,2,0,0,65,253,461,FINAL (ENTRADA MANUAL)
11,7,3,195,28,2,19,10,,0,0,0,137,26,2,16,7,2,4,6,7,0,2,0,0,47,256,461,FINAL (ENTRADA MANUAL)
11,7,4,212,33,8,8,13,,0,0,1,135,31,6,7,10,2,4,1,8,3,3,0,0,68,278,461,FINAL (ENTRADA MANUAL)
11,7,5,202,39,2,17,8,,1,0,1,133,34,2,15,5,1,4,3,2,1,0,0,0,70,270,460,FINAL (ENTRADA MANUAL)
11,8,1,176,17,12,17,8,,0,1,1,109,16,10,16,6,1,4,1,4,2,1,0,0,63,233,356,FINAL (ENTRADA MANUAL)
11,8,2,159,25,12,20,8,,1,0,0,97,21,8,15,8,1,4,3,8,4,0,0,0,56,225,356,FINAL (ENTRADA MANUAL)
11,8,3,183,19,7,15,7,,0,0,0,118,15,5,14,6,0,4,5,3,1,2,0,0,60,233,356,FINAL (ENTRADA MANUAL)
11,8,4,175,18,9,19,10,,0,0,1,125,17,6,15,9,0,2,4,5,2,0,0,0,47,232,358,FINAL (ENTRADA MANUAL)
11,9,1,199,31,3,16,7,,0,0,0,142,27,1,12,7,1,3,1,7,4,3,0,0,51,259,493,FINAL (ENTRADA MANUAL)
11,9,2,195,32,8,19,9,,0,0,0,130,30,7,16,7,2,2,3,3,1,1,0,0,62,264,493,FINAL (ENTRADA MANUAL)
11,9,3,195,35,9,28,8,,0,0,0,128,33,8,26,7,0,3,2,7,1,4,0,0,58,277,493,FINAL (ENTRADA MANUAL)
11,9,4,190,28,9,22,17,,0,0,1,109,23,7,17,13,0,3,1,8,2,2,0,0,84,269,493,FINAL (ENTRADA MANUAL)
11,9,5,189,37,9,21,12,,0,0,0,120,28,8,16,8,2,3,1,7,0,1,0,0,75,269,493,FINAL (ENTRADA MANUAL)
11,9,6,207,30,1,21,12,,0,0,1,135,28,1,19,11,0,3,3,8,1,1,0,0,63,273,493,FINAL (ENTRADA MANUAL)
11,9,7,199,12,5,18,12,,0,0,1,122,12,4,15,9,2,2,3,5,1,2,0,0,72,249,493,FINAL (ENTRADA MANUAL)
11,9,8,198,42,9,12,8,,0,0,0,131,40,7,7,6,1,5,1,7,1,2,0,0,63,271,492,FINAL (ENTRADA MANUAL)
11,10,1,203,33,3,20,10,,0,0,1,156,33,3,17,9,2,2,0,7,1,3,0,0,40,273,449,FINAL (ENTRADA MANUAL)
11,10,2,203,24,3,21,8,,0,0,0,141,20,2,18,7,1,0,1,1,0,1,0,0,68,260,449,FINAL (ENTRADA MANUAL)
11,10,3,198,23,2,15,15,,0,0,1,143,20,2,14,12,0,3,2,0,1,1,0,0,57,255,449,FINAL (ENTRADA MANUAL)
11,10,4,195,33,4,19,10,,0,0,1,135,31,3,18,10,1,1,0,3,2,0,0,0,58,262,449,FINAL (ENTRADA MANUAL)
11,10,5,192,24,6,16,6,,0,0,0,114,17,3,15,6,0,0,1,4,2,1,0,0,82,245,449,FINAL (ENTRADA MANUAL)
11,10,6,201,19,3,10,8,,0,0,0,137,16,2,8,8,1,2,2,2,1,1,0,0,62,242,449,FINAL (ENTRADA MANUAL)
11,10,7,181,18,6,9,5,,0,0,1,123,17,5,9,5,1,2,2,4,0,1,0,0,52,221,448,FINAL (ENTRADA MANUAL)
11,11,1,173,24,9,15,10,,1,0,0,120,22,6,14,10,0,1,1,3,1,2,0,0,54,234,432,FINAL (ENTRADA MANUAL)
11,11,2,183,25,8,12,6,,0,0,0,138,21,5,10,4,2,3,0,5,0,0,0,0,46,234,432,FINAL (ENTRADA MANUAL)
11,11,3,177,28,7,17,10,,1,1,1,119,22,4,16,9,0,3,3,4,0,0,0,0,62,242,432,FINAL (ENTRADA MANUAL)
11,11,4,159,25,7,12,12,,2,0,2,111,21,4,11,11,0,4,1,8,0,1,0,0,48,220,432,FINAL (ENTRADA MANUAL)
11,11,5,175,30,1,18,8,,0,0,0,120,27,1,14,7,2,0,0,3,2,3,1,0,56,236,430,FINAL (ENTRADA MANUAL)
11,12,1,197,14,8,20,12,,0,0,0,149,13,8,16,12,5,5,5,7,2,2,0,0,29,253,458,FINAL (ENTRADA MANUAL)
11,12,2,186,22,9,14,13,,0,0,0,135,19,7,11,8,2,0,0,6,1,3,0,0,55,247,458,FINAL (ENTRADA MANUAL)
11,12,3,184,21,6,11,12,,0,0,0,137,20,4,10,11,2,2,1,3,0,0,1,0,44,235,458,FINAL (ENTRADA MANUAL)
11,12,4,193,18,4,9,13,,0,0,1,135,14,3,9,10,2,0,1,3,2,0,0,0,59,238,458,FINAL (ENTRADA MANUAL)
11,12,5,198,21,8,9,6,,0,0,1,144,20,5,7,6,2,2,4,2,1,1,0,0,50,244,458,FINAL (ENTRADA MANUAL)
11,13,1,141,21,10,18,8,,4,0,0,94,18,8,12,6,1,2,1,3,1,2,0,0,56,204,346,FINAL (ENTRADA MANUAL)
11,13,2,151,14,8,11,7,,0,0,0,104,14,6,8,5,0,6,1,3,3,1,0,0,41,192,346,FINAL (ENTRADA MANUAL)
11,13,3,150,16,6,17,9,,0,0,1,96,15,6,14,5,2,2,0,7,2,0,0,0,50,199,345,FINAL (ENTRADA MANUAL)
11,14,1,188,30,7,17,10,,0,0,0,126,29,4,14,9,1,6,0,7,0,2,0,0,56,254,438,FINAL (ENTRADA MANUAL)
11,14,2,182,42,3,6,10,,0,0,0,125,38,3,5,9,1,4,1,7,1,0,0,0,49,243,438,FINAL (ENTRADA MANUAL)
11,14,3,189,29,3,6,8,,2,0,0,136,28,2,6,5,0,3,3,3,3,4,0,0,48,241,438,FINAL (ENTRADA MANUAL)
11,14,4,215,32,1,16,6,,0,0,1,146,27,1,14,5,0,2,1,5,1,0,0,0,69,271,439,FINAL (ENTRADA MANUAL)
11,15,1,224,26,4,18,11,,0,1,3,158,26,4,16,10,2,4,3,4,1,0,0,0,59,287,512,FINAL (ENTRADA MANUAL)
11,15,2,200,29,9,15,3,,0,0,0,139,27,6,14,2,3,1,6,3,1,1,0,0,54,257,512,FINAL (ENTRADA MANUAL)
11,15,3,164,19,2,13,11,,0,0,0,102,15,2,9,9,2,3,3,6,4,0,0,0,54,209,512,FINAL (ENTRADA MANUAL)
11,15,4,186,20,3,14,14,,0,0,2,130,17,2,13,13,1,2,2,4,0,0,0,0,55,241,512,FINAL (ENTRADA MANUAL)
11,15,5,208,27,5,12,13,,0,0,0,147,24,4,11,10,1,3,0,5,2,1,0,0,58,266,510,FINAL (ENTRADA MANUAL)
11,16,1,211,19,9,19,10,,0,0,0,145,16,8,19,9,0,1,1,2,1,2,0,0,66,270,499,FINAL (ENTRADA MANUAL)
11,16,2,192,33,4,12,10,,0,0,0,127,31,4,7,9,2,1,3,2,2,0,0,0,63,251,499,FINAL (ENTRADA MANUAL)
11,16,3,214,37,10,13,14,,1,0,2,129,32,7,8,12,0,4,1,7,2,1,0,0,89,292,499,FINAL (ENTRADA MANUAL)
11,16,4,204,25,4,11,8,,0,0,0,158,25,3,8,8,1,2,2,9,2,2,0,0,34,254,499,FINAL (ENTRADA MANUAL)
11,16,5,193,24,5,14,9,,0,0,2,136,22,4,9,6,3,2,2,7,2,3,0,0,54,250,499,FINAL (ENTRADA MANUAL)
11,16,6,205,20,1,12,9,,0,0,0,126,17,1,9,4,1,4,2,6,0,5,0,0,77,252,501,FINAL (ENTRADA MANUAL)
11,17,1,174,58,10,18,13,,0,0,0,102,51,8,17,11,0,3,4,6,3,0,0,0,68,273,433,FINAL (ENTRADA MANUAL)
11,17,2,183,41,7,14,5,,0,0,1,122,38,5,12,5,1,3,0,3,1,4,0,0,61,255,433,FINAL (ENTRADA MANUAL)
11,17,3,158,48,4,15,5,,0,0,0,99,38,2,14,4,1,4,0,3,0,3,0,0,65,233,433,FINAL (ENTRADA MANUAL)
11,17,4,184,41,4,12,9,,0,0,0,125,34,1,10,9,0,1,1,2,3,1,0,0,64,251,433,FINAL (ENTRADA MANUAL)
11,17,5,200,36,6,11,9,,0,0,1,137,33,3,9,8,1,2,2,5,0,0,0,0,63,263,433,FINAL (ENTRADA MANUAL)
11,17,6,164,55,3,26,10,,0,0,1,107,52,2,24,10,3,2,1,3,0,1,0,0,55,260,433,FINAL (ENTRADA MANUAL)
11,18,1,189,29,6,16,5,,0,1,0,142,25,5,12,4,1,6,3,2,2,1,0,0,44,247,395,FINAL (ENTRADA MANUAL)
11,18,2,200,23,6,15,10,,0,1,2,133,21,6,15,8,0,6,4,3,2,1,0,0,59,257,395,FINAL (ENTRADA MANUAL)
11,18,3,172,32,11,16,12,,0,0,1,112,23,8,13,9,3,1,4,5,4,3,0,0,62,247,395,FINAL (ENTRADA MANUAL)
11,18,4,145,36,6,18,11,,0,1,1,93,35,6,15,10,2,4,3,10,2,2,0,0,38,220,395,FINAL (ENTRADA MANUAL)
11,18,5,156,44,5,21,9,,0,0,1,109,36,3,17,3,0,4,0,1,1,0,0,0,62,236,394,FINAL (ENTRADA MANUAL)
11,19,1,212,31,10,10,14,,0,0,3,155,28,9,9,7,2,2,0,3,3,1,0,0,62,281,443,FINAL (ENTRADA MANUAL)
11,19,2,199,35,3,13,17,,1,1,0,145,30,3,12,14,1,3,1,3,1,1,0,0,56,270,443,FINAL (ENTRADA MANUAL)
11,19,3,192,36,7,10,18,,0,1,0,130,31,7,6,15,1,1,1,2,7,2,1,0,63,267,443,FINAL (ENTRADA MANUAL)
11,19,4,193,31,5,22,24,,0,0,2,128,26,4,20,20,0,5,2,3,0,2,0,0,69,279,443,FINAL (ENTRADA MANUAL)
11,19,5,199,30,2,10,18,,0,1,0,133,19,2,9,13,1,3,2,5,0,6,0,0,73,266,443,FINAL (ENTRADA MANUAL)
11,20,1,204,21,3,15,10,,0,0,1,123,20,2,13,8,4,5,5,7,3,3,0,0,64,257,451,FINAL (ENTRADA MANUAL)
11,20,2,178,25,10,22,12,,0,0,0,109,24,9,18,9,2,0,2,6,1,1,0,0,67,248,451,FINAL (ENTRADA MANUAL)
11,20,3,182,29,8,16,13,,0,0,0,110,28,6,14,13,1,5,6,5,1,1,0,0,59,249,451,FINAL (ENTRADA MANUAL)
11,20,4,193,22,5,15,19,,0,0,2,119,19,3,13,16,0,4,5,7,2,3,0,0,68,259,451,FINAL (ENTRADA MANUAL)
11,20,5,197,24,4,15,10,,0,0,0,127,23,4,14,9,3,6,4,6,0,4,0,0,54,254,449,FINAL (ENTRADA MANUAL)
11,21,1,185,38,9,17,7,,1,0,0,129,34,8,13,7,1,8,1,7,4,1,0,0,45,258,434,FINAL (ENTRADA MANUAL)
11,21,2,178,34,7,16,13,,0,0,2,132,29,6,12,11,2,1,2,2,0,2,0,0,53,252,434,FINAL (ENTRADA MANUAL)
11,21,3,177,33,3,10,9,,0,0,0,136,29,3,9,9,2,5,1,1,1,2,0,0,36,234,434,FINAL (ENTRADA MANUAL)
11,21,4,135,36,6,6,10,,0,0,1,98,33,4,5,10,0,0,0,5,1,1,0,0,38,195,435,FINAL (ENTRADA MANUAL)
11,72,1,579,99,7,18,3,,0,0,0,486,93,6,18,3,3,12,0,2,0,0,0,0,83,706,0,FINAL (ENTRADA MANUAL)
11,72,2,4,0,0,0,0,,0,0,0,4,0,0,0,0,0,0,0,0,0,1,0,0,0,5,0,FINAL (ENTRADA MANUAL)
11,72,3,696,80,16,23,17,,1,0,2,552,68,12,19,12,3,16,0,3,1,0,0,0,149,835,0,FINAL (ENTRADA MANUAL)
11,72,4,158,31,5,10,2,,0,0,0,138,29,4,8,2,0,5,0,2,0,7,0,0,18,213,0,FINAL (ENTRADA MANUAL)
11,72,5,47,7,0,1,1,,0,0,0,36,6,0,1,1,1,1,0,0,0,0,0,0,10,57,0,FINAL (ENTRADA MANUAL)
11,72,6,9,2,0,3,0,,0,0,0,9,1,0,3,0,0,0,0,0,0,0,0,0,1,14,0,FINAL (ENTRADA MANUAL)
11,72,7,11,6,0,0,0,,0,0,0,10,5,0,0,0,0,1,0,0,0,0,0,0,1,17,0,FINAL (ENTRADA MANUAL)
11,72,8,4,0,0,0,0,,0,0,0,4,0,0,0,0,0,0,0,0,0,1,0,0,0,5,0,FINAL (ENTRADA MANUAL)
11,72,9,124,44,2,1,1,,0,0,0,109,43,2,1,0,0,1,0,1,0,0,0,0,15,172,0,FINAL (ENTRADA MANUAL)
11,72,10,42,14,0,0,1,,0,0,0,37,13,0,0,1,0,0,0,0,0,2,2,0,6,59,0,FINAL (ENTRADA MANUAL)
11,72,11,2,0,0,0,0,,0,0,0,2,0,0,0,0,0,0,0,0,0,0,0,0,0,2,0,FINAL (ENTRADA MANUAL)
11,72,12,119,22,0,9,1,,2,0,0,106,22,0,9,1,0,3,0,0,0,6,0,0,12,159,0,FINAL (ENTRADA MANUAL)
11,72,13,0,0,0,0,0,,0,0,0,0,0,0,0,0,0,0,0,0,0,0,0,0,0,0,0,FINAL (ENTRADA MANUAL)
11,73,1,122,190,2,7,4,,0,0,1,98,182,1,7,2,0,2,0,0,0,0,0,0,34,326,0,FINAL (ENTRADA MANUAL)
11,73,2,0,0,0,0,0,,0,0,0,0,0,0,0,0,0,0,0,0,0,0,0,0,0,0,0,FINAL (ENTRADA MANUAL)
11,73,3,6,13,0,0,0,,0,0,0,2,13,0,0,0,0,0,0,0,0,0,0,0,4,19,0,FINAL (ENTRADA MANUAL)
11,74,1,15,2,0,1,3,,1,0,0,10,2,0,1,3,0,0,0,0,0,0,0,0,6,22,0,FINAL (ENTRADA MANUAL)
11,74,2,0,0,0,0,0,,0,0,0,0,0,0,0,0,0,0,0,0,0,0,0,0,0,0,0,FINAL (ENTRADA MANUAL)
11,75,1,4,0,0,0,1,,2,0,0,2,0,0,0,1,0,1,0,0,0,1,1,0,3,9,0,FINAL (ENTRADA MANUAL)
11,76,1,41,1,0,0,0,,0,0,2,28,1,0,0,0,1,1,0,0,0,0,0,0,13,44,0,FINAL (ENTRADA MANUAL)
11,76,2,0,0,0,0,0,,0,0,0,0,0,0,0,0,0,0,0,0,0,0,0,0,0,0,0,FINAL (ENTRADA MANUAL)
11,76,3,9,0,0,0,1,,0,0,0,6,0,0,0,1,0,0,0,0,0,0,0,0,3,10,0,FINAL (ENTRADA MANUAL)
11,76,4,0,0,0,0,0,,0,0,0,0,0,0,0,0,0,0,0,0,0,0,0,0,0,0,0,FINAL (ENTRADA MANUAL)
11,76,5,2,0,0,0,0,,0,0,0,1,0,0,0,0,0,0,0,0,0,0,0,0,1,2,0,FINAL (ENTRADA MANUAL)
11,76,6,0,0,0,0,0,,0,0,0,0,0,0,0,0,0,0,0,0,0,0,0,0,0,0,0,FINAL (ENTRADA MANUAL)
11,77,1,12,2,2,2,3,,0,0,0,7,1,1,1,2,0,0,1,0,0,0,0,0,8,21,0,FINAL (ENTRADA MANUAL)
11,77,2,59,2,13,21,1,,0,0,0,39,2,8,19,1,2,1,1,5,0,0,0,0,18,96,0,FINAL (ENTRADA MANUAL)
11,77,3,0,0,0,0,0,,0,0,0,0,0,0,0,0,0,0,0,0,0,0,0,0,0,0,0,FINAL (ENTRADA MANUAL)
11,77,4,3,0,0,1,0,,0,1,0,1,0,0,1,0,0,0,1,0,0,0,0,0,2,5,0,FINAL (ENTRADA MANUAL)
11,77,5,4,0,0,0,0,,0,0,13,2,0,0,0,0,0,0,1,0,0,0,0,0,1,4,0,FINAL (ENTRADA MANUAL)
11,77,6,20,5,0,1,1,,0,0,0,18,4,0,1,1,0,0,0,0,0,0,0,0,3,27,0,FINAL (ENTRADA MANUAL)
11,78,1,186,19,5,5,10,,0,0,1,117,16,4,4,7,2,1,1,4,0,4,31,1,70,262,0,FINAL (ENTRADA MANUAL)
11,78,2,0,0,0,0,0,,0,0,0,0,0,0,0,0,0,0,0,0,0,0,0,0,0,0,0,FINAL (ENTRADA MANUAL)
11,78,3,0,0,0,0,0,,0,0,0,0,0,0,0,0,0,0,0,0,0,0,0,0,0,0,0,FINAL (ENTRADA MANUAL)
11,78,4,3,0,0,0,1,,0,0,0,2,0,0,0,1,0,0,0,0,0,0,0,0,1,4,0,FINAL (ENTRADA MANUAL)
12,1,1,179,68,2,9,10,,1,0,1,128,59,2,6,9,1,3,0,0,2,2,0,0,60,272,480,FINAL (ENTRADA MANUAL)
12,1,2,170,59,3,9,6,,0,0,0,135,55,3,8,6,2,4,1,3,0,0,0,0,30,247,480,FINAL (ENTRADA MANUAL)
12,1,3,192,54,3,8,6,,1,0,0,134,46,2,7,5,1,2,2,3,2,3,0,0,60,267,480,FINAL (ENTRADA MANUAL)
12,2,1,190,54,10,10,10,,0,0,0,133,48,8,8,8,0,2,2,2,1,1,0,0,62,275,469,FINAL (ENTRADA MANUAL)
12,2,2,207,36,12,10,11,,0,1,0,125,33,9,8,10,2,5,4,5,0,1,0,0,76,278,469,FINAL (ENTRADA MANUAL)
12,2,3,198,44,7,16,20,,0,0,1,138,36,5,15,15,1,1,3,5,2,3,0,0,65,289,469,FINAL (ENTRADA MANUAL)
12,2,4,221,31,7,10,5,,2,0,0,159,30,6,9,5,1,2,2,1,1,0,0,0,60,276,469,FINAL (ENTRADA MANUAL)
12,2,5,216,36,9,12,10,,0,0,0,141,31,5,11,9,2,2,3,10,1,3,0,0,68,286,469,FINAL (ENTRADA MANUAL)
12,3,1,171,44,1,5,10,,0,0,1,121,35,1,2,9,1,2,0,0,2,1,0,0,59,233,397,FINAL (ENTRADA MANUAL)
12,3,2,157,64,3,7,9,,0,0,0,124,59,3,6,8,2,2,3,0,2,2,1,0,31,243,397,FINAL (ENTRADA MANUAL)
12,3,3,184,37,1,4,11,,1,0,0,123,33,1,3,9,0,2,1,1,1,1,0,0,64,239,397,FINAL (ENTRADA MANUAL)
12,3,4,173,62,3,7,4,,0,0,0,121,61,3,6,3,0,1,0,4,0,1,1,0,50,251,398,FINAL (ENTRADA MANUAL)
12,4,1,184,30,4,6,13,,0,0,0,151,27,3,5,11,0,5,1,4,0,0,0,0,30,237,434,FINAL (ENTRADA MANUAL)
12,4,2,177,40,6,9,8,,0,0,1,133,35,5,4,7,1,3,0,1,2,2,0,0,50,243,434,FINAL (ENTRADA MANUAL)
12,4,3,163,39,6,9,17,,0,0,0,99,35,5,7,12,0,1,3,3,1,2,1,0,68,237,434,FINAL (ENTRADA MANUAL)
12,4,4,190,30,5,5,5,,0,0,0,142,28,4,4,4,1,2,0,5,0,0,0,0,45,235,434,FINAL (ENTRADA MANUAL)
12,4,5,178,31,0,8,14,,0,1,2,123,29,0,5,11,1,2,2,2,0,1,0,0,59,235,436,FINAL (ENTRADA MANUAL)
12,5,1,170,39,6,8,5,,0,0,1,118,36,3,5,4,1,0,3,1,5,1,0,0,53,230,394,FINAL (ENTRADA MANUAL)
12,5,2,164,34,3,11,8,,0,0,0,129,32,2,9,7,1,0,1,2,2,0,0,0,35,220,395,FINAL (ENTRADA MANUAL)
12,72,1,48,9,0,0,0,,0,0,0,45,6,0,0,0,1,0,0,0,0,4,0,0,5,61,0,FINAL (ENTRADA MANUAL)
12,72,2,3,1,0,1,0,,0,0,0,3,1,0,1,0,0,0,0,0,0,1,0,0,0,6,0,FINAL (ENTRADA MANUAL)
12,72,3,182,27,5,2,7,,0,0,0,156,23,2,2,1,9,0,0,0,0,0,0,0,30,223,0,FINAL (ENTRADA MANUAL)
12,72,4,39,11,1,0,1,,0,0,0,35,11,1,0,1,0,2,0,0,0,1,0,0,2,53,0,FINAL (ENTRADA MANUAL)
12,72,5,21,4,0,0,0,,0,0,0,19,4,0,0,0,0,0,0,0,0,0,0,0,2,25,0,FINAL (ENTRADA MANUAL)
12,72,6,0,0,0,0,1,,0,0,0,0,0,0,0,1,0,0,0,0,0,0,0,0,0,1,0,FINAL (ENTRADA MANUAL)
12,72,7,5,1,0,0,0,,0,0,0,5,1,0,0,0,0,0,0,0,0,0,0,0,0,6,0,FINAL (ENTRADA MANUAL)
12,72,8,5,3,0,0,0,,0,0,0,4,3,0,0,0,0,1,0,0,0,0,0,0,0,8,0,FINAL (ENTRADA MANUAL)
12,72,9,7,1,0,0,0,,0,0,0,7,1,0,0,0,0,0,0,0,0,0,0,0,0,8,0,FINAL (ENTRADA MANUAL)
12,73,1,21,95,1,0,1,,0,0,0,15,95,1,0,1,0,2,0,0,0,0,0,0,4,118,0,FINAL (ENTRADA MANUAL)
12,73,2,4,23,0,0,0,,0,0,0,2,22,0,0,0,0,0,0,0,0,0,2,0,3,29,0,FINAL (ENTRADA MANUAL)
12,74,1,0,2,0,0,0,,0,0,0,0,2,0,0,0,0,0,0,0,0,0,0,0,0,2,0,FINAL (ENTRADA MANUAL)
12,74,2,0,0,0,0,0,,0,0,0,0,0,0,0,0,0,0,0,0,0,0,0,0,0,0,0,FINAL (ENTRADA MANUAL)
12,75,1,0,0,0,0,0,,0,0,0,0,0,0,0,0,0,0,0,0,0,0,0,0,1,1,0,FINAL (ENTRADA MANUAL)
12,75,2,1,0,0,0,0,,0,0,0,1,0,0,0,0,0,0,0,0,0,0,0,0,0,1,0,FINAL (ENTRADA MANUAL)
12,76,1,5,0,1,0,0,,0,0,1,2,0,0,0,0,1,0,0,0,0,0,0,0,4,7,0,FINAL (ENTRADA MANUAL)
12,76,2,0,0,0,0,0,,0,0,0,0,0,0,0,0,0,0,0,0,0,0,0,0,0,0,0,FINAL (ENTRADA MANUAL)
12,76,3,2,0,0,0,0,,0,0,0,0,0,0,0,0,0,0,0,0,0,0,0,0,2,2,0,FINAL (ENTRADA MANUAL)
12,76,4,0,0,0,0,0,,0,0,0,0,0,0,0,0,0,0,0,0,0,0,0,0,0,0,0,FINAL (ENTRADA MANUAL)
12,76,5,1,0,0,0,0,,0,0,0,1,0,0,0,0,0,0,0,0,0,0,0,0,0,1,0,FINAL (ENTRADA MANUAL)
12,77,1,8,1,1,0,0,,0,0,0,5,1,1,0,0,0,0,0,1,0,0,0,0,2,10,0,FINAL (ENTRADA MANUAL)
12,77,2,2,0,0,0,0,,0,0,0,2,0,0,0,0,0,0,0,0,0,0,0,0,0,2,0,FINAL (ENTRADA MANUAL)
12,77,3,0,0,0,0,0,,0,0,0,0,0,0,0,0,0,0,0,0,0,0,0,0,0,0,0,FINAL (ENTRADA MANUAL)
12,77,4,1,0,0,0,0,,0,0,0,1,0,0,0,0,0,0,0,0,0,0,0,0,0,1,0,FINAL (ENTRADA MANUAL)
12,78,1,39,9,1,1,1,,0,0,0,25,8,1,1,0,0,1,0,0,2,0,0,1,13,52,0,FINAL (ENTRADA MANUAL)
12,78,2,0,0,0,0,0,,0,0,0,0,0,0,0,0,0,0,0,0,0,0,0,0,0,0,0,FINAL (ENTRADA MANUAL)
12,78,3,0,0,0,0,0,,0,0,0,0,0,0,0,0,0,0,0,0,0,0,0,0,0,0,0,FINAL (ENTRADA MANUAL)
12,78,4,1,0,1,0,0,,0,0,0,1,0,1,0,0,0,0,0,0,0,0,0,0,0,2,0,FINAL (ENTRADA MANUAL)
13,1,1,139,134,1,11,5,,0,0,2,99,104,1,10,4,2,0,0,1,2,1,0,0,69,293,562,FINAL (ENTRADA MANUAL)
13,1,2,142,97,6,11,6,,0,0,0,104,58,2,9,4,5,2,0,3,0,1,0,0,75,263,562,FINAL (ENTRADA MANUAL)
13,1,3,117,129,6,13,11,,0,1,0,95,93,2,11,8,5,3,2,3,1,1,0,0,54,277,562,FINAL (ENTRADA MANUAL)
13,1,4,110,116,9,7,8,,0,0,0,79,77,4,6,5,3,7,1,4,0,0,0,0,64,250,560,FINAL (ENTRADA MANUAL)
13,2,1,87,141,9,9,15,,1,0,1,70,108,5,9,13,1,1,0,2,0,2,0,0,54,265,484,FINAL (ENTRADA MANUAL)
13,2,2,91,138,5,12,15,,0,1,1,84,99,5,11,13,0,1,0,4,1,0,0,0,45,263,484,FINAL (ENTRADA MANUAL)
13,2,3,94,132,7,9,12,,0,0,0,71,83,6,7,9,2,8,2,1,0,1,0,0,65,255,484,FINAL (ENTRADA MANUAL)
13,2,4,92,125,5,7,15,,1,1,1,71,91,2,7,14,2,5,0,3,1,1,0,0,51,248,482,FINAL (ENTRADA MANUAL)
13,3,1,126,142,5,16,4,,1,1,1,95,96,3,12,4,4,0,2,6,4,0,0,0,70,296,525,FINAL (ENTRADA MANUAL)
13,3,2,80,152,6,9,9,,0,1,0,70,117,3,9,8,1,1,1,3,0,3,0,0,44,260,525,FINAL (ENTRADA MANUAL)
13,3,3,103,132,4,7,12,,1,0,2,84,82,3,6,12,3,1,0,2,2,2,0,0,66,263,525,FINAL (ENTRADA MANUAL)
13,3,4,93,146,15,6,13,,0,0,1,77,121,9,6,9,2,1,3,3,2,0,0,0,41,274,525,FINAL (ENTRADA MANUAL)
13,3,5,87,134,5,7,12,,0,0,0,65,94,1,6,9,4,1,1,5,1,0,0,0,58,245,525,FINAL (ENTRADA MANUAL)
13,3,6,96,151,6,11,15,,0,0,3,80,106,5,6,15,1,1,2,4,1,1,0,0,61,283,525,FINAL (ENTRADA MANUAL)
13,4,1,74,144,15,26,13,,1,1,0,57,107,5,23,8,2,3,2,8,0,0,0,0,59,274,447,FINAL (ENTRADA MANUAL)
13,4,2,89,131,14,38,15,,1,0,0,76,93,10,34,14,1,1,0,0,2,2,0,0,57,290,447,FINAL (ENTRADA MANUAL)
13,4,3,86,123,13,32,19,,0,0,0,75,86,8,27,18,6,0,2,0,1,1,0,0,50,274,447,FINAL (ENTRADA MANUAL)
13,4,4,85,134,14,39,21,,0,0,0,62,91,7,34,13,4,3,0,0,0,2,0,0,79,295,447,FINAL (ENTRADA MANUAL)
13,4,5,77,129,19,38,17,,0,0,0,64,91,4,33,16,1,5,1,10,1,0,0,0,54,280,447,FINAL (ENTRADA MANUAL)
13,4,6,78,143,14,28,16,,0,0,0,60,97,5,22,15,0,1,5,3,1,2,0,0,70,281,447,FINAL (ENTRADA MANUAL)
13,4,7,86,115,15,36,13,,0,0,0,73,83,7,31,11,3,2,1,9,1,1,0,0,44,266,446,FINAL (ENTRADA MANUAL)
13,5,1,76,192,5,16,10,,0,0,0,61,145,3,14,9,2,0,1,6,2,1,0,0,56,300,506,FINAL (ENTRADA MANUAL)
13,5,2,79,152,8,21,12,,0,0,0,67,96,2,18,10,4,2,1,4,1,3,0,0,67,275,506,FINAL (ENTRADA MANUAL)
13,5,3,70,163,8,21,13,,0,0,0,59,104,1,19,8,3,0,1,5,2,2,0,0,73,277,506,FINAL (ENTRADA MANUAL)
13,5,4,75,143,9,14,9,,0,0,1,63,101,7,12,8,0,2,1,3,0,4,0,0,54,255,506,FINAL (ENTRADA MANUAL)
13,5,5,83,149,10,14,12,,3,1,0,73,110,5,11,9,0,1,3,3,0,1,0,0,57,273,508,FINAL (ENTRADA MANUAL)
13,6,1,103,125,5,13,7,,1,0,0,75,91,5,13,5,3,1,0,2,0,0,0,0,59,254,503,FINAL (ENTRADA MANUAL)
13,6,2,106,125,6,5,8,,0,0,3,77,98,5,5,7,3,0,0,3,0,3,0,0,55,256,503,FINAL (ENTRADA MANUAL)
13,6,3,107,106,12,12,2,,0,0,0,82,74,6,11,2,2,0,2,2,1,0,0,0,57,239,503,FINAL (ENTRADA MANUAL)
13,6,4,123,116,10,8,9,,1,0,1,91,86,7,7,9,1,1,0,2,0,1,0,0,64,269,503,FINAL (ENTRADA MANUAL)
13,6,5,113,125,5,9,2,,1,0,0,69,85,1,8,2,2,2,0,1,1,2,0,0,84,257,503,FINAL (ENTRADA MANUAL)
13,6,6,107,107,6,13,6,,2,0,1,81,76,3,10,4,3,2,2,3,1,0,0,0,57,242,502,FINAL (ENTRADA MANUAL)
13,7,1,78,144,15,10,15,,1,0,0,64,102,8,9,15,3,0,0,4,0,0,0,0,58,263,458,FINAL (ENTRADA MANUAL)
13,7,2,91,126,12,14,12,,0,0,0,70,97,6,13,11,4,2,4,3,1,1,0,0,44,256,458,FINAL (ENTRADA MANUAL)
13,7,3,93,114,16,19,18,,0,0,1,70,70,6,17,17,0,1,2,3,6,2,0,0,69,263,458,FINAL (ENTRADA MANUAL)
13,7,4,85,119,10,16,20,,0,0,0,66,78,4,14,17,3,0,0,12,1,3,0,0,55,253,458,FINAL (ENTRADA MANUAL)
13,7,5,88,126,11,19,11,,0,0,0,71,81,6,14,8,1,1,0,2,5,1,0,0,66,256,458,FINAL (ENTRADA MANUAL)
13,7,6,91,142,5,21,8,,0,0,0,71,92,4,15,7,7,1,0,3,1,0,0,0,66,267,459,FINAL (ENTRADA MANUAL)
13,8,1,115,97,16,23,18,,0,0,1,91,68,6,21,15,2,2,5,1,0,2,0,0,59,273,493,FINAL (ENTRADA MANUAL)
13,8,2,92,110,13,25,16,,0,0,0,68,85,4,20,11,1,1,2,2,0,1,0,0,62,257,493,FINAL (ENTRADA MANUAL)
13,8,3,103,135,18,28,11,,0,0,0,81,94,8,23,9,2,1,2,6,0,3,0,0,69,298,494,FINAL (ENTRADA MANUAL)
13,9,1,114,102,5,13,1,,0,0,0,89,73,0,9,1,1,2,2,7,0,1,0,0,51,236,497,FINAL (ENTRADA MANUAL)
13,9,2,125,93,4,13,4,,0,0,2,77,67,0,10,3,1,4,2,9,0,2,0,0,68,243,497,FINAL (ENTRADA MANUAL)
13,9,3,132,86,6,15,4,,1,0,0,99,68,2,10,4,2,3,2,1,0,0,0,0,53,244,496,FINAL (ENTRADA MANUAL)
13,10,1,120,81,5,4,6,,0,1,0,87,58,2,3,6,0,1,1,0,0,1,0,0,59,218,470,FINAL (ENTRADA MANUAL)
13,10,2,95,110,4,15,5,,0,0,0,66,67,3,11,5,2,1,2,3,0,0,0,0,69,229,470,FINAL (ENTRADA MANUAL)
13,10,3,109,98,2,5,5,,0,0,0,80,60,0,4,5,1,2,1,0,3,0,0,0,63,219,470,FINAL (ENTRADA MANUAL)
13,10,4,105,105,4,5,6,,0,0,1,80,80,2,3,4,0,3,1,1,3,0,0,0,49,226,470,FINAL (ENTRADA MANUAL)
13,10,5,83,85,4,12,8,,0,0,0,57,56,0,10,7,1,1,3,1,0,1,1,0,56,194,470,FINAL (ENTRADA MANUAL)
13,10,6,102,97,8,6,3,,0,0,1,82,72,1,6,3,2,0,0,0,0,0,0,0,51,217,471,FINAL (ENTRADA MANUAL)
13,11,1,92,142,16,47,27,,0,0,0,80,99,6,39,25,1,0,4,5,1,1,0,0,64,325,449,FINAL (ENTRADA MANUAL)
13,11,2,78,109,23,35,13,,0,0,0,67,77,9,30,12,0,3,4,6,0,4,0,0,50,262,449,FINAL (ENTRADA MANUAL)
13,11,3,91,127,18,33,20,,0,0,1,75,83,9,30,19,0,2,1,7,1,0,1,0,63,291,449,FINAL (ENTRADA MANUAL)
13,11,4,95,118,13,40,20,,0,0,2,81,83,6,35,11,2,1,3,5,4,4,0,0,57,292,449,FINAL (ENTRADA MANUAL)
13,11,5,89,115,29,38,17,,0,0,0,76,95,10,33,15,0,0,7,3,1,4,0,0,48,292,449,FINAL (ENTRADA MANUAL)
13,11,6,92,97,26,42,15,,2,0,0,73,76,18,34,14,1,2,3,2,1,2,0,0,50,276,449,FINAL (ENTRADA MANUAL)
13,11,7,70,131,20,41,23,,1,0,0,57,95,5,40,19,1,1,4,8,1,1,0,0,55,287,449,FINAL (ENTRADA MANUAL)
13,11,8,90,85,20,35,20,,2,0,0,75,54,6,31,17,1,3,4,5,1,0,0,0,55,252,449,FINAL (ENTRADA MANUAL)
13,11,9,77,107,18,42,23,,0,0,0,58,72,11,39,20,1,0,1,5,1,1,0,0,59,268,449,FINAL (ENTRADA MANUAL)
13,11,10,46,129,20,55,18,,0,0,1,35,92,7,50,17,1,0,1,8,2,0,0,0,56,269,449,FINAL (ENTRADA MANUAL)
13,11,11,69,70,18,28,21,,0,0,1,48,46,6,25,21,0,3,3,5,0,4,0,0,50,211,449,FINAL (ENTRADA MANUAL)
13,11,12,83,116,18,35,21,,0,0,0,69,90,9,31,14,0,1,1,2,1,2,0,0,55,275,450,FINAL (ENTRADA MANUAL)
13,12,1,81,131,11,11,3,,0,1,0,62,103,8,9,2,3,2,1,4,1,1,0,0,43,239,480,FINAL (ENTRADA MANUAL)
13,12,2,110,118,7,6,4,,2,0,0,85,79,4,3,3,3,4,0,3,1,2,0,0,62,249,480,FINAL (ENTRADA MANUAL)
13,12,3,99,121,10,7,5,,0,0,0,70,77,6,4,4,2,1,3,1,1,1,0,0,73,243,481,FINAL (ENTRADA MANUAL)
13,13,1,107,120,8,26,8,,0,0,0,89,84,3,22,6,0,0,1,4,2,2,0,0,58,271,514,FINAL (ENTRADA MANUAL)
13,13,2,98,130,13,16,19,,0,0,1,77,98,9,15,17,3,1,3,4,1,1,0,0,49,278,514,FINAL (ENTRADA MANUAL)
13,13,3,101,141,13,11,11,,0,0,1,70,102,3,10,9,2,2,3,5,0,2,1,0,72,281,514,FINAL (ENTRADA MANUAL)
13,13,4,99,133,17,8,7,,0,0,0,73,80,6,7,6,1,2,1,3,1,2,0,0,84,266,514,FINAL (ENTRADA MANUAL)
13,13,5,103,134,8,18,11,,0,0,2,75,91,4,17,10,1,1,0,1,3,2,0,0,73,278,515,FINAL (ENTRADA MANUAL)
13,14,1,81,160,8,35,17,,0,0,0,72,114,6,32,17,5,1,1,3,1,0,0,0,49,301,447,FINAL (ENTRADA MANUAL)
13,14,2,86,164,17,21,16,,0,0,0,74,106,11,18,14,3,2,3,5,1,0,0,0,67,304,447,FINAL (ENTRADA MANUAL)
13,14,3,81,142,22,36,13,,1,0,0,67,98,10,24,10,3,1,4,10,0,1,0,0,68,296,447,FINAL (ENTRADA MANUAL)
13,14,4,83,139,15,26,16,,0,0,0,74,98,6,22,15,2,0,4,4,2,4,0,0,52,283,447,FINAL (ENTRADA MANUAL)
13,14,5,79,150,12,33,13,,0,0,0,63,98,7,26,11,3,1,3,8,2,1,0,0,65,288,447,FINAL (ENTRADA MANUAL)
13,14,6,83,156,9,27,13,,0,0,2,73,99,6,26,11,3,3,1,1,4,2,0,0,63,292,446,FINAL (ENTRADA MANUAL)
13,72,1,982,286,3,13,4,,0,1,1,920,232,3,12,4,12,6,0,2,2,0,1,0,97,1291,0,FINAL (ENTRADA MANUAL)
13,72,2,131,63,1,2,1,,0,0,0,128,59,0,2,1,1,0,0,0,0,8,0,0,7,206,0,FINAL (ENTRADA MANUAL)
13,72,3,1031,406,20,26,18,,0,8,1,925,323,13,19,13,24,13,3,13,7,0,0,2,157,1512,0,FINAL (ENTRADA MANUAL)
13,72,4,112,72,1,2,3,,3,0,0,111,64,1,2,3,1,3,0,0,0,9,0,1,8,203,0,FINAL (ENTRADA MANUAL)
13,72,5,119,40,0,3,0,,0,1,0,112,34,0,3,0,3,1,0,0,0,0,0,0,10,163,0,FINAL (ENTRADA MANUAL)
13,72,6,14,9,0,0,2,,0,0,0,14,7,0,0,2,0,0,0,0,0,2,1,0,2,25,0,FINAL (ENTRADA MANUAL)
13,72,7,69,16,0,0,0,,0,0,0,63,12,0,0,0,1,3,0,0,0,0,0,0,6,85,0,FINAL (ENTRADA MANUAL)
13,72,8,5,6,0,0,0,,0,0,0,4,6,0,0,0,0,0,0,0,0,1,0,0,1,12,0,FINAL (ENTRADA MANUAL)
13,72,9,7,2,0,1,0,,0,0,0,7,1,0,0,0,1,0,0,0,0,0,0,0,1,10,0,FINAL (ENTRADA MANUAL)
13,72,10,1,2,0,0,0,,0,0,0,1,2,0,0,0,0,0,0,0,0,0,0,0,0,3,0,FINAL (ENTRADA MANUAL)
13,72,11,0,0,0,0,0,,0,0,0,0,0,0,0,0,0,0,0,0,0,0,0,0,0,0,0,FINAL (ENTRADA MANUAL)
13,72,12,1,2,0,0,0,,0,0,0,1,2,0,0,0,0,0,0,0,0,0,0,0,0,3,0,FINAL (ENTRADA MANUAL)
13,73,1,20,63,0,0,1,,0,0,0,20,52,0,0,1,1,0,0,0,0,0,0,0,10,84,0,FINAL (ENTRADA MANUAL)
13,73,2,5,19,3,0,0,,0,0,0,4,12,2,0,0,0,0,0,0,0,0,0,0,9,27,0,FINAL (ENTRADA MANUAL)
13,74,1,8,3,0,1,0,,0,0,0,8,2,0,1,0,0,0,0,0,0,0,0,0,1,12,0,FINAL (ENTRADA MANUAL)
13,74,2,0,0,0,0,0,,0,0,0,0,0,0,0,0,0,0,0,0,0,0,0,0,0,0,0,FINAL (ENTRADA MANUAL)
13,75,1,4,6,0,1,0,,0,0,0,3,5,0,0,0,1,0,0,0,0,2,1,0,2,14,0,FINAL (ENTRADA MANUAL)
13,76,1,17,12,0,0,1,,0,0,0,12,4,0,0,1,0,0,0,0,0,2,0,0,13,32,0,FINAL (ENTRADA MANUAL)
13,76,2,1,0,0,0,0,,0,0,0,1,0,0,0,0,0,0,0,0,0,0,0,0,0,1,0,FINAL (ENTRADA MANUAL)
13,76,3,5,2,0,0,0,,0,0,0,4,1,0,0,0,0,0,0,0,0,0,0,0,2,7,0,FINAL (ENTRADA MANUAL)
13,76,4,0,0,0,0,0,,0,0,1,0,0,0,0,0,0,0,0,0,0,0,0,0,0,1,0,FINAL (ENTRADA MANUAL)
13,77,1,12,11,1,5,0,,1,0,0,11,7,1,4,0,0,0,0,0,0,0,0,0,7,30,0,FINAL (ENTRADA MANUAL)
13,77,2,12,41,15,17,3,,0,0,0,10,25,6,16,3,0,1,3,3,0,0,0,0,21,88,0,FINAL (ENTRADA MANUAL)
13,77,3,0,0,0,0,0,,0,0,0,0,0,0,0,0,0,0,0,0,0,0,0,0,0,0,0,FINAL (ENTRADA MANUAL)
13,77,4,2,1,2,1,0,,0,0,0,1,1,1,0,0,0,0,0,1,0,0,0,0,2,6,0,FINAL (ENTRADA MANUAL)
13,77,5,0,1,0,0,0,,0,0,0,0,1,0,0,0,0,0,0,0,0,0,0,0,0,1,0,FINAL (ENTRADA MANUAL)
13,77,6,4,14,2,1,0,,0,0,0,3,10,0,1,0,0,0,0,0,0,0,0,0,7,21,0,FINAL (ENTRADA MANUAL)
13,78,1,55,67,3,5,10,,0,0,4,37,48,3,3,7,1,0,0,1,0,3,0,0,41,144,0,FINAL (ENTRADA MANUAL)
13,78,2,0,0,0,0,0,,0,0,0,0,0,0,0,0,0,0,0,0,0,0,0,0,0,0,0,FINAL (ENTRADA MANUAL)
13,78,3,0,0,0,0,0,,0,0,0,0,0,0,0,0,0,0,0,0,0,0,0,0,0,0,0,FINAL (ENTRADA MANUAL)
13,78,4,0,3,1,1,0,,0,0,0,0,0,0,1,0,1,0,0,0,0,0,0,0,3,5,0,FINAL (ENTRADA MANUAL)
14,1,1,177,49,,30,28,,0,2,4,132,30,3,22,24,4,6,0,4,2,2,1,0,63,293,470,FINAL (ENTRADA MANUAL)
14,1,2,175,56,,24,23,,0,0,2,132,46,2,20,22,2,2,2,4,2,2,0,0,46,282,470,FINAL (ENTRADA MANUAL)
14,1,3,169,52,,20,13,,0,0,2,105,39,1,15,12,0,4,0,14,1,1,0,0,65,257,470,FINAL (ENTRADA MANUAL)
14,1,4,168,61,,31,21,,0,0,0,104,45,0,24,19,4,2,2,12,2,6,0,0,67,287,470,FINAL (ENTRADA MANUAL)
14,2,1,192,32,,29,10,,0,0,1,111,21,0,24,8,2,3,1,8,2,2,1,0,84,267,449,FINAL (ENTRADA MANUAL)
14,2,2,176,40,,26,6,,0,0,3,113,28,2,20,1,0,7,0,5,0,1,0,0,75,252,449,FINAL (ENTRADA MANUAL)
14,2,3,159,27,,32,8,,3,0,2,93,22,0,27,1,3,4,4,5,1,3,0,0,71,234,449,FINAL (ENTRADA MANUAL)
14,2,4,172,48,,29,13,,0,0,2,99,38,1,25,11,1,2,0,3,2,4,0,0,82,268,448,FINAL (ENTRADA MANUAL)
14,3,1,144,58,,11,10,,1,0,4,88,23,0,5,8,2,2,1,4,1,1,0,0,94,229,511,FINAL (ENTRADA MANUAL)
14,3,2,149,53,,5,15,,0,0,1,101,32,0,4,12,3,2,0,0,0,1,0,0,69,224,511,FINAL (ENTRADA MANUAL)
14,3,3,174,44,,9,11,,0,2,1,102,27,0,6,8,2,2,0,2,2,2,1,0,90,244,511,FINAL (ENTRADA MANUAL)
14,3,4,163,64,,7,12,,2,0,3,113,41,0,5,10,1,1,0,2,1,3,0,0,77,254,511,FINAL (ENTRADA MANUAL)
14,3,5,192,47,,6,15,,0,0,0,133,29,0,3,12,3,2,0,2,0,1,0,0,76,261,511,FINAL (ENTRADA MANUAL)
14,3,6,166,60,,14,7,,0,0,0,93,40,0,11,6,5,2,1,2,0,2,0,0,87,249,512,FINAL (ENTRADA MANUAL)
14,4,1,187,43,,32,11,,0,0,3,104,37,2,24,8,5,2,3,7,2,1,0,0,82,277,437,FINAL (ENTRADA MANUAL)
14,4,2,170,34,,44,8,,0,0,3,104,27,1,21,8,3,5,3,20,1,1,0,0,66,260,437,FINAL (ENTRADA MANUAL)
14,4,3,153,28,,49,9,,1,0,4,88,18,4,39,7,4,2,1,11,4,0,1,0,66,245,437,FINAL (ENTRADA MANUAL)
14,4,4,175,45,,29,12,,0,1,2,91,32,0,25,8,8,3,2,6,3,4,1,0,86,269,437,FINAL (ENTRADA MANUAL)
14,4,5,159,48,,28,11,,0,0,1,89,32,1,21,9,1,3,1,11,1,2,0,0,78,249,438,FINAL (ENTRADA MANUAL)
14,5,1,143,69,,20,7,,0,0,0,82,50,0,13,5,2,5,2,2,0,3,0,0,78,242,461,FINAL (ENTRADA MANUAL)
14,5,2,156,59,,10,13,,0,0,2,105,40,1,10,11,5,2,0,6,0,1,1,0,60,242,461,FINAL (ENTRADA MANUAL)
14,6,1,123,48,,51,17,,0,0,2,69,33,2,38,13,0,5,2,10,1,2,0,0,68,243,336,FINAL (ENTRADA MANUAL)
14,6,2,146,38,,35,14,,0,0,2,85,27,1,24,11,3,1,2,10,0,0,0,0,71,235,336,FINAL (ENTRADA MANUAL)
14,6,3,123,38,,40,20,,0,0,3,69,24,3,30,13,3,4,2,7,1,0,0,0,68,224,335,FINAL (ENTRADA MANUAL)
14,7,1,171,34,,25,8,,1,0,1,108,22,1,20,8,0,4,3,7,1,0,0,0,66,240,347,FINAL (ENTRADA MANUAL)
14,7,2,118,37,,25,18,,0,1,4,83,26,3,21,15,4,5,0,0,1,0,1,0,45,204,347,FINAL (ENTRADA MANUAL)
14,7,3,125,40,,23,11,,1,0,3,90,34,1,19,10,3,2,1,6,0,1,0,0,37,204,348,FINAL (ENTRADA MANUAL)
14,8,1,182,46,,22,12,,1,0,1,131,41,0,15,10,2,2,1,5,4,4,0,0,53,268,462,FINAL (ENTRADA MANUAL)
14,8,2,164,36,,29,15,,0,0,1,117,23,0,23,9,2,2,0,5,1,1,0,0,63,246,462,FINAL (ENTRADA MANUAL)
14,8,3,166,30,,30,8,,1,0,0,108,26,0,22,5,4,4,1,6,4,0,1,0,55,236,462,FINAL (ENTRADA MANUAL)
14,8,4,155,52,,31,17,,0,0,1,105,36,1,21,15,3,6,2,3,3,1,0,0,61,257,462,FINAL (ENTRADA MANUAL)
14,8,5,164,37,,40,15,,0,0,1,101,27,0,28,12,2,8,1,5,2,0,0,0,71,257,462,FINAL (ENTRADA MANUAL)
14,8,6,152,35,,23,6,,0,0,3,92,27,1,15,3,2,1,0,6,2,2,0,0,70,221,462,FINAL (ENTRADA MANUAL)
14,8,7,167,30,,24,8,,1,1,2,95,24,2,20,8,7,2,1,8,1,3,0,0,65,236,462,FINAL (ENTRADA MANUAL)
14,8,8,160,39,,23,11,,0,1,5,95,28,2,11,9,3,3,3,14,1,1,0,0,70,240,460,FINAL (ENTRADA MANUAL)
14,9,1,147,51,,15,10,,0,0,4,91,35,4,13,8,4,3,0,5,3,0,0,0,61,227,444,FINAL (ENTRADA MANUAL)
14,9,2,153,55,,25,11,,0,0,1,101,41,0,15,10,2,2,0,4,2,2,0,0,68,247,444,FINAL (ENTRADA MANUAL)
14,9,3,149,55,,19,15,,0,0,0,89,44,0,14,9,2,2,1,2,2,5,0,0,73,243,444,FINAL (ENTRADA MANUAL)
14,9,4,160,60,,19,13,,0,0,1,83,47,0,14,12,2,2,0,1,4,0,0,0,88,253,444,FINAL (ENTRADA MANUAL)
14,9,5,158,48,,20,12,,0,0,2,104,37,1,16,10,3,1,0,6,2,0,0,0,60,240,444,FINAL (ENTRADA MANUAL)
14,9,6,179,38,,19,12,,1,0,0,121,33,0,16,9,3,1,0,4,1,1,0,0,61,250,444,FINAL (ENTRADA MANUAL)
14,9,7,152,38,,22,14,,0,0,3,91,31,1,17,14,1,1,2,9,2,0,0,0,60,229,442,FINAL (ENTRADA MANUAL)
14,10,1,61,21,,10,5,,0,0,1,46,17,1,4,3,1,3,0,1,0,1,0,0,22,99,146,FINAL (ENTRADA MANUAL)
14,11,1,90,78,,11,8,,0,0,2,72,51,1,7,8,3,0,0,0,2,0,0,0,45,189,380,FINAL (ENTRADA MANUAL)
14,11,2,87,103,,6,5,,0,0,0,65,69,0,3,5,3,4,1,1,0,4,0,0,50,205,380,FINAL (ENTRADA MANUAL)
14,11,3,80,88,,4,7,,0,0,3,45,51,2,4,5,3,1,1,2,0,1,0,0,68,183,381,FINAL (ENTRADA MANUAL)
14,12,1,148,48,,8,11,,0,1,2,86,34,0,5,9,4,0,1,0,0,0,0,0,79,218,496,FINAL (ENTRADA MANUAL)
14,12,2,184,43,,15,6,,1,0,1,124,27,1,12,6,0,4,3,3,0,4,0,0,70,254,496,FINAL (ENTRADA MANUAL)
14,12,3,177,41,,8,23,,0,1,3,106,25,1,6,19,2,2,0,4,0,2,0,0,88,255,496,FINAL (ENTRADA MANUAL)
14,12,4,146,44,,14,14,,0,0,2,84,27,0,10,12,3,4,0,3,1,2,0,0,76,222,496,FINAL (ENTRADA MANUAL)
14,12,5,172,58,,9,14,,0,0,1,114,38,0,7,10,0,6,0,8,0,1,0,0,71,255,496,FINAL (ENTRADA MANUAL)
14,12,6,174,44,,18,9,,0,0,1,110,30,0,12,8,2,3,1,4,0,0,0,0,76,246,496,FINAL (ENTRADA MANUAL)
14,12,7,178,39,,8,12,,0,0,2,106,27,0,5,10,1,2,1,8,0,2,0,0,79,241,496,FINAL (ENTRADA MANUAL)
14,12,8,190,44,,12,14,,0,0,1,128,33,0,10,11,6,1,0,4,0,0,0,0,68,261,493,FINAL (ENTRADA MANUAL)
14,13,1,159,38,,30,10,,0,0,6,100,28,4,21,8,2,1,1,8,0,0,0,0,70,243,419,FINAL (ENTRADA MANUAL)
14,13,2,134,42,,35,12,,0,0,4,82,34,3,26,10,3,1,1,10,1,0,0,0,56,227,419,FINAL (ENTRADA MANUAL)
14,13,3,160,42,,34,17,,0,1,2,90,33,2,25,13,3,2,1,6,1,3,0,0,80,259,419,FINAL (ENTRADA MANUAL)
14,13,4,154,40,,27,10,,0,0,2,78,27,2,20,10,3,0,1,9,0,0,0,0,83,233,419,FINAL (ENTRADA MANUAL)
14,13,5,164,32,,21,12,,1,0,1,97,27,0,9,10,2,1,2,5,1,5,0,0,77,236,419,FINAL (ENTRADA MANUAL)
14,13,6,170,32,,18,10,,0,1,3,101,19,2,14,7,3,3,0,4,2,2,0,0,79,236,421,FINAL (ENTRADA MANUAL)
14,14,1,108,74,,3,2,,3,0,0,51,55,0,3,2,6,2,1,1,2,1,0,0,67,191,342,FINAL (ENTRADA MANUAL)
14,14,2,99,69,,2,3,,3,1,1,52,45,0,2,3,4,2,3,5,0,0,1,0,62,179,342,FINAL (ENTRADA MANUAL)
14,14,3,105,95,,6,0,,0,0,0,60,57,0,3,0,4,4,3,4,0,0,0,0,71,206,341,FINAL (ENTRADA MANUAL)
14,15,1,183,62,,14,13,,0,0,1,121,38,1,10,12,7,4,2,1,0,2,0,0,77,275,485,FINAL (ENTRADA MANUAL)
14,15,2,137,58,,20,12,,1,0,1,79,33,0,14,11,3,6,0,4,0,1,0,0,79,230,485,FINAL (ENTRADA MANUAL)
14,15,3,142,42,,11,16,,0,0,2,89,30,0,9,9,2,0,0,0,1,4,1,0,72,218,485,FINAL (ENTRADA MANUAL)
14,15,4,154,54,,9,13,,0,1,2,95,37,1,6,11,2,1,0,4,2,2,0,0,74,235,485,FINAL (ENTRADA MANUAL)
14,15,5,149,54,,12,8,,1,1,0,97,33,0,10,6,2,4,0,3,1,1,0,0,69,226,485,FINAL (ENTRADA MANUAL)
14,15,6,134,43,,19,11,,1,0,2,83,33,0,12,9,1,0,2,0,2,0,0,0,68,210,487,FINAL (ENTRADA MANUAL)
14,16,1,167,34,,20,10,,0,0,1,107,25,1,19,10,2,1,1,6,2,2,0,0,58,234,364,FINAL (ENTRADA MANUAL)
14,16,2,148,38,,22,14,,1,0,2,86,26,1,18,10,1,2,0,11,1,4,0,0,69,229,364,FINAL (ENTRADA MANUAL)
14,17,1,172,61,,21,12,,0,0,4,103,40,1,18,11,3,4,0,6,0,1,0,0,84,271,494,FINAL (ENTRADA MANUAL)
14,17,2,180,51,,13,6,,0,0,2,108,38,0,8,6,5,1,0,7,2,1,0,0,77,253,494,FINAL (ENTRADA MANUAL)
14,17,3,178,43,,21,12,,0,0,3,111,31,2,16,10,1,2,0,12,3,6,0,0,69,263,494,FINAL (ENTRADA MANUAL)
14,17,4,171,30,,21,8,,1,0,1,103,20,0,15,8,1,3,1,9,0,4,1,0,72,237,494,FINAL (ENTRADA MANUAL)
14,17,5,174,35,,13,14,,0,0,1,105,24,1,9,11,7,1,1,4,3,3,0,0,71,240,494,FINAL (ENTRADA MANUAL)
14,17,6,161,48,,16,10,,1,0,1,100,32,0,13,10,4,3,0,0,1,1,0,0,74,238,491,FINAL (ENTRADA MANUAL)
14,18,1,156,66,,27,15,,0,0,4,94,48,2,21,14,3,1,0,3,1,1,0,0,81,269,530,FINAL (ENTRADA MANUAL)
14,18,2,148,48,,16,14,,0,0,2,91,35,0,15,8,2,1,0,4,1,3,0,0,71,231,530,FINAL (ENTRADA MANUAL)
14,18,3,148,53,,18,9,,0,0,1,87,37,0,13,7,4,2,2,8,1,3,0,0,68,232,530,FINAL (ENTRADA MANUAL)
14,18,4,185,46,,19,24,,0,0,1,127,32,1,15,19,3,3,1,2,0,5,0,0,72,280,531,FINAL (ENTRADA MANUAL)
14,19,1,171,49,,36,14,,1,0,2,122,40,0,25,12,4,6,2,3,0,0,0,0,59,273,447,FINAL (ENTRADA MANUAL)
14,19,2,181,52,,22,17,,7,3,1,114,34,0,18,13,2,7,1,4,0,0,0,0,90,283,447,FINAL (ENTRADA MANUAL)
14,19,3,188,41,,26,13,,0,1,1,119,33,1,18,11,3,3,2,5,1,3,0,0,74,273,447,FINAL (ENTRADA MANUAL)
14,19,4,160,51,,30,19,,1,0,3,99,40,1,22,15,3,2,1,8,1,2,0,0,72,266,447,FINAL (ENTRADA MANUAL)
14,19,5,145,53,,22,16,,1,0,4,100,37,4,12,12,1,2,1,8,2,2,0,0,62,243,446,FINAL (ENTRADA MANUAL)
14,20,1,196,33,,33,8,,1,1,4,126,25,1,25,8,5,0,2,11,1,1,0,0,72,277,443,FINAL (ENTRADA MANUAL)
14,20,2,155,40,,30,20,,0,0,4,101,26,2,22,17,0,2,1,9,2,2,0,0,67,251,443,FINAL (ENTRADA MANUAL)
14,20,3,168,35,,22,8,,0,0,1,90,23,0,18,5,4,4,1,7,1,0,0,0,81,234,443,FINAL (ENTRADA MANUAL)
14,20,4,150,42,,22,10,,0,0,0,79,30,0,17,6,0,1,1,6,3,0,0,0,81,224,443,FINAL (ENTRADA MANUAL)
14,20,5,179,42,,32,8,,0,0,0,108,29,0,24,8,4,2,0,6,2,0,0,0,78,261,443,FINAL (ENTRADA MANUAL)
14,20,6,169,31,,19,16,,1,0,2,82,18,2,9,13,1,4,2,7,2,2,0,0,98,240,443,FINAL (ENTRADA MANUAL)
14,20,7,177,32,,43,7,,0,0,0,99,26,0,33,6,2,0,1,6,0,1,0,0,86,260,443,FINAL (ENTRADA MANUAL)
14,20,8,159,35,,25,9,,0,0,0,94,26,0,16,6,1,4,0,14,1,1,0,0,66,229,443,FINAL (ENTRADA MANUAL)
14,20,9,165,31,,22,13,,2,1,3,72,23,2,16,10,1,3,0,5,3,2,0,0,102,239,443,FINAL (ENTRADA MANUAL)
14,72,1,405,95,,22,11,,1,0,0,318,69,0,16,6,14,2,1,1,0,0,0,0,107,534,0,FINAL (ENTRADA MANUAL)
14,72,2,54,7,,1,1,,2,0,0,43,5,0,1,1,2,3,0,0,0,1,3,0,10,69,0,FINAL (ENTRADA MANUAL)
14,72,3,393,168,,16,17,,11,5,3,284,114,0,11,15,55,5,4,7,2,0,1,1,116,615,0,FINAL (ENTRADA MANUAL)
14,72,4,118,33,,11,2,,0,0,314,88,24,0,10,2,6,3,2,3,0,0,0,0,29,166,0,FINAL (ENTRADA MANUAL)
14,72,5,52,39,,2,1,,2,0,1,37,15,0,1,1,21,0,0,1,0,0,1,0,21,98,0,FINAL (ENTRADA MANUAL)
14,72,6,8,1,,1,0,,0,0,0,8,1,0,1,0,0,0,0,0,0,2,0,0,0,12,0,FINAL (ENTRADA MANUAL)
14,72,7,20,15,,0,2,,0,0,0,17,5,0,0,2,7,0,0,0,0,0,0,0,6,37,0,FINAL (ENTRADA MANUAL)
14,72,8,0,0,,0,0,,0,0,0,0,0,0,0,0,0,0,0,0,0,0,0,0,0,0,0,FINAL (ENTRADA MANUAL)
14,72,9,0,1,,0,0,,0,0,0,0,0,0,0,0,0,0,0,0,0,0,0,0,1,1,0,FINAL (ENTRADA MANUAL)
14,72,10,5,0,,1,0,,0,0,0,3,0,0,1,0,0,0,0,0,0,0,0,0,2,6,0,FINAL (ENTRADA MANUAL)
14,72,11,122,31,,2,1,,1,0,0,101,22,0,2,1,2,1,0,0,0,0,0,3,28,160,0,FINAL (ENTRADA MANUAL)
14,72,12,42,8,,1,2,,0,0,1,35,5,0,1,0,3,0,2,0,0,2,0,0,9,57,0,FINAL (ENTRADA MANUAL)
14,73,1,113,231,,7,7,,1,1,4,64,194,0,7,4,3,10,0,2,1,0,0,0,79,364,0,FINAL (ENTRADA MANUAL)
14,73,2,0,0,,0,0,,0,0,0,0,0,0,0,0,0,0,0,0,0,0,0,0,0,0,0,FINAL (ENTRADA MANUAL)
14,73,3,3,14,,0,0,,0,0,1,1,14,1,0,0,0,0,0,0,0,3,4,0,2,21,0,FINAL (ENTRADA MANUAL)
14,74,1,14,5,,4,1,,0,0,0,11,4,0,4,1,0,0,0,0,0,0,0,0,4,24,0,FINAL (ENTRADA MANUAL)
14,74,2,0,0,,0,0,,0,0,0,0,0,0,0,0,0,0,0,0,0,0,0,0,0,0,0,FINAL (ENTRADA MANUAL)
14,75,1,0,0,,0,0,,0,0,0,0,0,0,0,0,0,0,0,0,0,0,0,0,0,0,0,FINAL (ENTRADA MANUAL)
14,75,2,6,4,,0,0,,0,0,0,3,3,0,0,0,1,0,0,0,0,4,0,0,3,14,0,FINAL (ENTRADA MANUAL)
14,76,1,51,4,,2,1,,0,0,0,41,3,0,1,1,0,0,0,0,0,0,0,0,12,58,0,FINAL (ENTRADA MANUAL)
14,76,2,2,0,,0,0,,0,0,0,2,0,0,0,0,0,0,0,0,0,0,0,0,0,2,0,FINAL (ENTRADA MANUAL)
14,76,3,6,0,,0,1,,0,0,1,5,0,0,0,0,0,0,0,0,0,0,0,0,3,8,0,FINAL (ENTRADA MANUAL)
14,76,4,1,0,,0,0,,0,0,0,0,0,0,0,0,0,0,0,0,0,0,0,0,1,1,0,FINAL (ENTRADA MANUAL)
14,76,5,1,0,,0,0,,0,0,0,1,0,0,0,0,0,0,0,0,0,0,0,0,0,1,0,FINAL (ENTRADA MANUAL)
14,77,1,15,2,,3,0,,0,0,1,6,0,0,3,0,0,0,0,1,0,0,0,0,11,21,0,FINAL (ENTRADA MANUAL)
14,77,2,37,3,,10,2,,0,0,0,22,3,0,6,2,1,0,1,2,1,0,0,0,14,52,0,FINAL (ENTRADA MANUAL)
14,77,3,0,0,,0,0,,0,0,0,0,0,0,0,0,0,0,0,0,0,0,0,0,0,0,0,FINAL (ENTRADA MANUAL)
14,77,4,6,0,,2,0,,0,0,0,1,0,0,2,0,0,0,0,0,0,0,0,0,5,8,0,FINAL (ENTRADA MANUAL)
14,77,5,0,0,,1,0,,0,0,0,0,0,0,1,0,0,0,0,0,0,0,0,0,0,1,0,FINAL (ENTRADA MANUAL)
14,77,6,15,2,,2,1,,0,0,1,11,1,0,2,0,1,1,0,1,0,0,0,0,4,21,0,FINAL (ENTRADA MANUAL)
14,78,1,145,54,,16,9,,1,0,1,103,42,0,11,6,0,2,0,0,2,0,9,0,60,235,0,FINAL (ENTRADA MANUAL)
14,78,2,0,0,,0,0,,0,0,0,0,0,0,0,0,0,0,0,0,0,0,0,0,0,0,0,FINAL (ENTRADA MANUAL)
14,78,3,0,0,,0,0,,0,0,0,0,0,0,0,0,0,0,0,0,0,0,0,0,0,0,0,FINAL (ENTRADA MANUAL)
14,78,4,1,2,,1,0,,0,0,1,1,2,0,1,0,0,0,0,0,0,0,0,0,1,5,0,FINAL (ENTRADA MANUAL)
41,1,1,180,33,12,18,3,,0,0,0,113,30,8,14,3,1,1,6,8,1,3,0,0,61,249,448,FINAL (ENTRADA MANUAL)
41,1,2,183,22,12,19,10,,0,0,2,122,20,8,13,9,0,6,1,8,1,1,1,0,60,250,448,FINAL (ENTRADA MANUAL)
41,1,3,164,16,19,25,9,,0,0,1,114,11,13,18,8,2,2,4,4,0,2,1,0,58,237,448,FINAL (ENTRADA MANUAL)
41,1,4,142,29,18,14,16,,0,0,1,91,24,11,10,13,0,2,3,5,6,3,0,0,55,223,448,FINAL (ENTRADA MANUAL)
41,1,5,170,19,5,19,6,,0,0,0,102,15,2,16,6,1,6,0,5,3,0,0,0,63,219,448,FINAL (ENTRADA MANUAL)
41,1,6,189,22,8,14,7,,0,0,0,132,21,6,11,7,3,5,4,1,3,1,0,0,47,241,448,FINAL (ENTRADA MANUAL)
41,1,7,180,22,7,17,11,,0,0,0,138,17,4,15,10,0,2,0,0,1,2,0,0,50,239,448,FINAL (ENTRADA MANUAL)
41,2,1,228,17,13,29,9,,0,0,0,146,13,8,25,7,1,3,3,8,1,4,0,0,81,300,419,FINAL (ENTRADA MANUAL)
41,2,2,218,17,15,27,4,,0,0,1,159,15,13,25,4,0,6,2,4,0,0,0,0,54,282,419,FINAL (ENTRADA MANUAL)
41,2,3,217,15,15,24,7,,1,0,1,146,14,11,22,5,0,2,0,8,1,0,0,0,71,280,419,FINAL (ENTRADA MANUAL)
41,2,4,210,15,19,28,10,,1,0,0,137,11,16,23,6,1,6,3,9,1,0,0,0,70,283,419,FINAL (ENTRADA MANUAL)
41,2,5,215,16,19,35,10,,0,0,0,137,16,14,26,9,3,2,7,6,1,3,0,0,74,298,419,FINAL (ENTRADA MANUAL)
41,72,1,21,2,0,1,0,,0,0,0,19,2,0,1,0,0,0,0,0,0,0,0,0,2,24,0,FINAL (ENTRADA MANUAL)
41,72,2,0,0,0,0,0,,0,0,0,0,0,0,0,0,0,0,0,0,0,0,0,0,0,0,0,FINAL (ENTRADA MANUAL)
41,72,3,127,23,1,5,1,,0,0,1,100,21,1,3,0,2,3,1,1,0,0,0,0,26,158,0,FINAL (ENTRADA MANUAL)
41,72,4,42,14,1,2,0,,0,0,0,29,14,0,1,0,0,2,0,2,0,0,0,0,11,59,0,FINAL (ENTRADA MANUAL)
41,72,5,6,3,0,0,0,,0,0,0,3,3,0,0,0,0,0,0,1,0,0,0,0,2,9,0,FINAL (ENTRADA MANUAL)
41,72,6,1,1,0,0,0,,0,0,0,1,1,0,0,0,0,0,0,0,0,0,0,0,0,2,0,FINAL (ENTRADA MANUAL)
41,72,7,2,0,0,0,0,,0,0,0,2,0,0,0,0,0,0,0,0,0,0,0,0,0,2,0,FINAL (ENTRADA MANUAL)
41,72,8,1,0,0,0,0,,0,0,0,1,0,0,0,0,0,0,0,0,0,0,0,0,0,1,0,FINAL (ENTRADA MANUAL)
41,72,9,6,0,0,0,0,,0,0,0,6,0,0,0,0,0,0,0,0,0,0,0,0,0,6,0,FINAL (ENTRADA MANUAL)
41,73,1,0,0,0,0,0,,0,0,0,0,0,0,0,0,0,0,0,0,0,0,0,0,0,0,0,FINAL (ENTRADA MANUAL)
41,73,2,21,4,0,0,1,,0,0,0,14,4,0,0,1,0,0,0,0,0,0,0,0,7,26,0,FINAL (ENTRADA MANUAL)
41,74,1,0,1,1,1,1,,0,0,0,0,1,1,0,0,0,0,0,0,1,0,0,0,1,4,0,FINAL (ENTRADA MANUAL)
41,74,2,0,0,0,0,0,,0,0,0,0,0,0,0,0,0,0,0,0,0,0,0,0,0,0,0,FINAL (ENTRADA MANUAL)
41,75,1,1,0,0,0,0,,0,0,0,0,0,0,0,0,0,0,0,0,0,0,0,0,1,1,0,FINAL (ENTRADA MANUAL)
41,76,1,8,0,0,0,0,,0,0,0,6,0,0,0,0,0,0,0,0,0,0,0,0,2,8,0,FINAL (ENTRADA MANUAL)
41,76,2,1,0,0,0,0,,0,0,0,1,0,0,0,0,0,0,0,0,0,0,0,0,0,1,0,FINAL (ENTRADA MANUAL)
41,76,3,1,0,0,0,0,,0,0,0,1,0,0,0,0,0,0,0,0,0,0,0,0,0,1,0,FINAL (ENTRADA MANUAL)
41,76,5,0,0,0,0,0,,0,0,0,0,0,0,0,0,0,0,0,0,0,0,0,0,0,0,0,FINAL (ENTRADA MANUAL)
41,77,1,0,0,0,0,0,,0,0,0,0,0,0,0,0,0,0,0,0,0,0,0,0,0,0,0,FINAL (ENTRADA MANUAL)
41,77,2,22,3,5,4,0,,0,0,0,11,3,4,3,0,1,0,0,1,0,0,0,0,11,34,0,FINAL (ENTRADA MANUAL)
41,77,3,7,0,1,0,0,,0,0,0,2,0,1,0,0,1,0,0,0,0,0,0,0,4,8,0,FINAL (ENTRADA MANUAL)
41,78,1,23,3,0,1,1,,0,0,0,17,2,0,1,1,0,0,0,1,0,0,0,0,6,28,0,FINAL (ENTRADA MANUAL)
41,78,2,0,0,0,0,0,,0,0,0,0,0,0,0,0,0,0,0,0,0,0,0,0,0,0,0,FINAL (ENTRADA MANUAL)
41,78,3,0,0,0,0,0,,0,0,0,0,0,0,0,0,0,0,0,0,0,0,0,0,0,0,0,FINAL (ENTRADA MANUAL)
41,78,4,0,0,0,0,0,,0,0,0,0,0,0,0,0,0,0,0,0,0,0,0,0,0,0,0,FINAL (ENTRADA MANUAL)
15,1,1,47,159,23,,,,2,1,5,41,106,18,,3,3,3,4,,0,1,0,0,59,238,419,FINAL (ENTRADA MANUAL)
15,1,2,49,164,25,,,,0,0,1,42,122,18,,1,3,3,4,,2,1,0,0,44,240,419,FINAL (ENTRADA MANUAL)
15,1,3,52,151,18,,,,1,0,3,46,98,16,,3,5,5,4,,0,1,0,0,48,226,419,FINAL (ENTRADA MANUAL)
15,1,4,56,165,27,,,,0,0,4,42,106,25,,3,7,5,2,,2,0,0,0,60,252,419,FINAL (ENTRADA MANUAL)
15,1,5,50,165,31,,,,0,0,2,43,108,24,,1,7,2,3,,0,2,0,0,60,250,419,FINAL (ENTRADA MANUAL)
15,1,6,59,176,24,,,,0,0,0,52,116,19,,0,3,8,7,,2,0,0,0,52,259,419,FINAL (ENTRADA MANUAL)
15,1,7,48,154,20,,,,0,1,0,36,109,18,,0,7,2,6,,1,1,1,0,44,225,416,FINAL (ENTRADA MANUAL)
15,2,1,43,181,43,,,,0,0,0,38,131,30,,0,2,0,3,,2,3,0,0,61,270,442,FINAL (ENTRADA MANUAL)
15,2,2,32,201,42,,,,0,0,1,21,139,27,,1,5,2,4,,2,3,0,0,75,279,442,FINAL (ENTRADA MANUAL)
15,2,3,53,178,38,,,,0,0,0,41,126,29,,0,1,3,4,,1,2,0,0,64,271,442,FINAL (ENTRADA MANUAL)
15,2,4,50,176,33,,,,1,0,1,42,117,28,,1,3,0,2,,3,2,0,0,65,263,444,FINAL (ENTRADA MANUAL)
15,3,1,44,146,21,,,,0,0,5,39,102,9,,3,2,2,1,,2,2,0,0,56,218,430,FINAL (ENTRADA MANUAL)
15,3,2,52,154,26,,,,3,0,3,43,109,11,,3,3,1,3,,1,0,0,0,64,238,430,FINAL (ENTRADA MANUAL)
15,3,3,31,150,22,,,,1,0,3,20,101,12,,2,0,3,1,,1,3,0,0,67,210,430,FINAL (ENTRADA MANUAL)
15,3,4,40,152,21,,,,0,0,2,27,110,15,,1,4,4,2,,2,3,0,0,50,218,430,FINAL (ENTRADA MANUAL)
15,3,5,42,146,26,,,,1,0,2,37,92,15,,2,1,0,1,,0,3,0,0,69,220,428,FINAL (ENTRADA MANUAL)
15,4,1,44,180,24,,,,0,0,1,39,124,18,,1,2,2,2,,2,4,0,0,59,253,444,FINAL (ENTRADA MANUAL)
15,4,2,46,180,24,,,,0,0,1,37,136,19,,1,5,5,1,,3,3,0,0,44,254,444,FINAL (ENTRADA MANUAL)
15,4,3,56,165,16,,,,0,0,2,44,126,14,,0,2,1,3,,2,2,0,0,47,241,444,FINAL (ENTRADA MANUAL)
15,4,4,55,157,17,,,,0,0,3,49,111,11,,3,5,2,0,,1,0,0,0,50,232,444,FINAL (ENTRADA MANUAL)
15,4,5,40,165,16,,,,2,1,2,28,107,13,,1,4,3,2,,1,3,0,0,67,229,444,FINAL (ENTRADA MANUAL)
15,4,6,46,157,26,,,,0,0,2,40,109,20,,1,0,7,2,,2,1,0,0,50,232,444,FINAL (ENTRADA MANUAL)
15,4,7,64,135,13,,,,0,0,1,53,93,8,,0,1,2,4,,5,3,0,0,47,216,444,FINAL (ENTRADA MANUAL)
15,4,8,53,170,20,,,,0,0,0,41,120,16,,0,3,3,2,,1,1,0,0,57,244,442,FINAL (ENTRADA MANUAL)
15,5,1,51,173,26,,,,0,0,7,42,119,18,,6,1,2,2,,2,1,2,0,65,260,470,FINAL (ENTRADA MANUAL)
15,5,2,39,184,20,,,,0,0,4,35,119,17,,3,3,2,4,,1,2,0,0,63,249,470,FINAL (ENTRADA MANUAL)
15,5,3,48,150,29,,,,0,1,5,41,96,19,,3,2,3,3,,1,4,0,0,65,237,470,FINAL (ENTRADA MANUAL)
15,5,4,46,158,21,,,,0,0,4,40,116,15,,1,2,2,0,,0,2,1,0,53,232,470,FINAL (ENTRADA MANUAL)
15,5,5,43,168,15,,,,1,0,3,30,122,6,,3,1,3,0,,1,0,0,0,64,230,470,FINAL (ENTRADA MANUAL)
15,5,6,35,163,26,,,,2,0,1,26,121,16,,1,0,3,1,,1,1,0,0,58,228,470,FINAL (ENTRADA MANUAL)
15,5,7,45,160,25,,,,0,0,4,37,105,20,,3,2,0,4,,0,1,0,0,63,235,470,FINAL (ENTRADA MANUAL)
15,5,8,44,162,28,,,,0,1,4,37,117,19,,3,1,1,3,,1,3,0,0,57,242,470,FINAL (ENTRADA MANUAL)
15,5,9,65,162,25,,,,1,0,8,55,107,14,,5,4,4,4,,4,1,0,1,64,263,466,FINAL (ENTRADA MANUAL)
15,6,1,44,207,34,,,,0,0,4,41,166,27,,3,1,0,8,,3,3,0,0,40,292,533,FINAL (ENTRADA MANUAL)
15,6,2,52,203,28,,,,1,0,7,45,136,22,,7,1,1,9,,0,0,0,0,70,291,533,FINAL (ENTRADA MANUAL)
15,6,3,38,196,30,,,,0,0,8,36,143,20,,7,2,2,2,,2,2,0,0,58,274,533,FINAL (ENTRADA MANUAL)
15,6,4,42,206,21,,,,0,0,3,38,158,18,,2,4,6,2,,1,2,1,0,43,275,533,FINAL (ENTRADA MANUAL)
15,6,5,47,207,21,,,,0,0,3,37,133,15,,3,1,2,7,,1,1,0,0,79,279,533,FINAL (ENTRADA MANUAL)
15,6,6,47,218,28,,,,1,0,3,40,148,19,,3,2,2,3,,2,2,0,0,78,299,533,FINAL (ENTRADA MANUAL)
15,6,7,44,209,29,,,,1,1,2,39,142,24,,1,6,1,4,,3,2,0,0,66,288,533,FINAL (ENTRADA MANUAL)
15,7,1,40,195,34,,,,0,0,3,35,148,25,,2,3,1,1,,1,5,0,0,56,275,486,FINAL (ENTRADA MANUAL)
15,7,2,59,194,15,,,,0,0,4,46,138,9,,1,6,3,4,,3,1,0,0,62,273,486,FINAL (ENTRADA MANUAL)
15,7,3,64,174,16,,,,0,0,4,53,120,11,,2,5,1,2,,1,2,0,0,63,260,486,FINAL (ENTRADA MANUAL)
15,7,4,50,170,23,,,,0,0,5,38,120,15,,3,2,2,3,,2,2,0,0,63,250,486,FINAL (ENTRADA MANUAL)
15,7,5,38,217,23,,,,2,0,1,32,146,18,,1,2,2,2,,4,1,0,0,74,282,486,FINAL (ENTRADA MANUAL)
15,7,6,49,177,14,,,,0,0,7,38,122,7,,5,0,3,0,,2,1,0,0,70,248,486,FINAL (ENTRADA MANUAL)
15,7,7,46,183,14,,,,0,0,4,43,132,11,,3,1,0,1,,0,1,0,0,56,248,487,FINAL (ENTRADA MANUAL)
15,8,1,41,183,14,,,,0,0,2,39,136,12,,1,1,3,3,,0,1,0,0,45,241,416,FINAL (ENTRADA MANUAL)
15,8,2,41,165,15,,,,0,0,3,36,125,6,,3,0,2,5,,1,3,0,0,46,227,416,FINAL (ENTRADA MANUAL)
15,8,3,41,167,10,,,,0,1,3,36,113,5,,1,2,0,0,,3,6,0,0,62,228,417,FINAL (ENTRADA MANUAL)
15,9,1,33,108,10,,,,0,0,4,29,92,7,,2,0,3,1,,0,0,0,0,21,155,274,FINAL (ENTRADA MANUAL)
15,9,2,29,117,10,,,,0,0,2,23,74,6,,1,3,4,2,,0,2,0,0,45,160,274,FINAL (ENTRADA MANUAL)
15,72,1,4,7,1,,,,0,0,0,4,6,0,,0,0,0,1,,0,0,0,0,1,12,0,FINAL (ENTRADA MANUAL)
15,72,2,0,0,0,,,,0,0,0,0,0,0,,0,0,0,0,,0,0,0,0,0,0,0,FINAL (ENTRADA MANUAL)
15,72,3,304,282,68,,,,0,0,4,213,185,46,,0,11,8,9,,0,0,0,0,3,658,0,FINAL (ENTRADA MANUAL)
15,72,4,47,44,10,,,,0,0,0,45,33,8,,0,3,3,1,,1,2,1,0,8,104,0,FINAL (ENTRADA MANUAL)
15,72,5,22,18,3,,,,0,0,1,13,6,2,,0,0,3,1,,0,0,0,0,19,44,0,FINAL (ENTRADA MANUAL)
15,72,6,2,4,0,,,,0,0,0,2,2,0,,0,0,0,0,,0,0,0,0,2,6,0,FINAL (ENTRADA MANUAL)
15,72,7,14,5,1,,,,0,0,0,10,3,0,,0,0,0,0,,0,0,0,0,7,98,0,FINAL (ENTRADA MANUAL)
15,72,8,2,1,1,,,,0,0,0,2,0,1,,0,0,0,1,,0,0,0,0,0,4,0,FINAL (ENTRADA MANUAL)
15,72,9,0,0,3,,,,0,0,0,0,0,2,,0,0,0,0,,0,0,0,0,1,3,0,FINAL (ENTRADA MANUAL)
15,72,10,0,2,0,,,,0,0,0,0,0,0,,0,0,0,0,,0,0,0,0,2,2,0,FINAL (ENTRADA MANUAL)
15,72,11,41,30,2,,,,0,0,1,32,15,1,,1,4,0,0,,0,0,0,0,21,74,0,FINAL (ENTRADA MANUAL)
15,72,12,12,4,1,,,,0,0,1,12,3,0,,1,1,0,1,,0,0,0,0,0,18,0,FINAL (ENTRADA MANUAL)
15,73,1,29,750,9,,,,0,0,3,26,584,2,,1,6,2,2,,0,0,0,0,168,791,0,FINAL (ENTRADA MANUAL)
15,73,2,0,0,0,,,,0,0,0,0,0,0,,0,0,0,0,,0,0,0,0,0,0,0,FINAL (ENTRADA MANUAL)
15,73,3,0,0,0,,,,0,0,0,0,0,0,,0,0,0,0,,0,0,0,0,0,0,0,FINAL (ENTRADA MANUAL)
15,73,4,0,0,0,,,,0,0,0,0,0,0,,0,0,0,0,,0,0,0,0,0,0,0,FINAL (ENTRADA MANUAL)
15,73,5,17,368,1,,,,0,1,1,14,309,1,,1,1,0,1,,0,2,0,0,62,391,0,FINAL (ENTRADA MANUAL)
15,74,1,0,3,1,,,,0,0,0,0,2,1,,0,0,0,0,,0,0,0,0,1,4,0,FINAL (ENTRADA MANUAL)
15,74,2,0,0,0,,,,0,0,0,0,0,0,,0,0,0,0,,0,0,0,0,0,0,0,FINAL (ENTRADA MANUAL)
15,75,1,1,7,0,,,,0,0,0,1,4,0,,0,0,0,0,,0,0,0,0,3,8,0,FINAL (ENTRADA MANUAL)
15,75,2,0,0,0,,,,0,0,0,0,0,0,,0,0,0,0,,0,0,0,0,0,0,0,FINAL (ENTRADA MANUAL)
15,75,3,0,0,0,,,,0,0,0,0,0,0,,0,0,0,0,,0,0,0,0,1,1,0,FINAL (ENTRADA MANUAL)
15,75,4,0,0,0,,,,0,0,0,0,0,0,,0,0,0,0,,0,0,0,0,0,0,0,FINAL (ENTRADA MANUAL)
15,76,1,9,13,0,,,,0,0,1,8,5,0,,0,0,0,0,,0,1,0,0,10,24,0,FINAL (ENTRADA MANUAL)
15,76,2,0,0,0,,,,0,0,0,0,0,0,,0,0,0,0,,0,0,0,0,0,0,0,FINAL (ENTRADA MANUAL)
15,76,3,5,1,0,,,,0,0,0,3,1,0,,0,0,0,0,,0,0,0,0,2,6,0,FINAL (ENTRADA MANUAL)
15,76,4,0,1,0,,,,0,0,0,0,0,0,,0,0,0,0,,0,0,0,0,1,1,0,FINAL (ENTRADA MANUAL)
15,76,5,0,1,0,,,,0,0,0,0,0,0,,0,0,0,0,,0,0,0,0,1,1,0,FINAL (ENTRADA MANUAL)
15,77,1,3,16,4,,,,0,0,0,3,7,4,,0,0,0,0,,2,0,0,0,7,23,0,FINAL (ENTRADA MANUAL)
15,77,2,10,33,25,,,,3,0,0,8,24,20,,0,2,0,3,,0,0,0,0,14,71,0,FINAL (ENTRADA MANUAL)
15,77,3,0,0,0,,,,0,0,0,0,0,0,,0,0,0,0,,0,0,0,0,0,0,0,FINAL (ENTRADA MANUAL)
15,77,4,0,3,3,,,,0,0,0,0,1,3,,0,0,0,1,,0,0,0,0,1,6,0,FINAL (ENTRADA MANUAL)
15,77,5,0,2,1,,,,0,0,0,0,2,1,,0,0,0,0,,0,0,0,0,0,3,0,FINAL (ENTRADA MANUAL)
15,77,6,1,5,3,,,,0,0,0,1,3,3,,0,0,0,0,,0,0,0,0,2,9,0,FINAL (ENTRADA MANUAL)
15,78,1,41,114,10,,,,0,0,2,30,72,9,,2,0,2,2,,0,19,1,0,50,187,0,FINAL (ENTRADA MANUAL)
15,78,2,0,0,0,,,,0,0,0,0,0,0,,0,0,0,0,,0,0,0,0,0,0,0,FINAL (ENTRADA MANUAL)
15,78,3,0,0,0,,,,0,0,0,0,0,0,,0,0,0,0,,0,0,0,0,0,0,0,FINAL (ENTRADA MANUAL)
15,78,4,0,2,0,,,,0,0,0,0,1,0,,0,0,0,0,,0,0,0,0,0,2,0,FINAL (ENTRADA MANUAL)
16,1,1,168,41,10,16,11,,0,0,0,138,33,9,15,10,4,5,0,3,0,1,0,0,29,247,422,FINAL (ENTRADA MANUAL)
16,1,2,159,45,6,13,13,,0,0,0,135,36,4,10,11,2,3,3,1,0,1,0,0,31,237,421,FINAL (ENTRADA MANUAL)
16,2,1,164,52,11,22,15,,0,0,1,110,43,5,17,11,1,2,3,2,2,0,0,0,69,265,434,FINAL (ENTRADA MANUAL)
16,2,2,184,41,13,24,5,,0,0,2,123,30,5,22,3,3,0,3,3,0,2,1,0,77,272,434,FINAL (ENTRADA MANUAL)
16,2,3,154,41,18,25,10,,0,1,0,121,34,13,22,7,1,6,3,1,1,1,0,0,40,250,434,FINAL (ENTRADA MANUAL)
16,2,4,174,44,11,12,17,,0,0,0,134,31,5,10,14,3,4,3,0,0,2,0,0,54,260,434,FINAL (ENTRADA MANUAL)
16,2,5,161,54,14,21,16,,1,0,2,108,32,10,18,14,3,4,4,6,1,0,0,0,69,269,434,FINAL (ENTRADA MANUAL)
16,2,6,185,30,11,12,13,,0,0,0,131,26,8,5,13,2,2,1,5,2,0,0,0,56,251,433,FINAL (ENTRADA MANUAL)
16,3,1,204,54,4,8,8,,0,1,1,159,44,2,6,7,3,4,1,4,0,2,0,0,50,282,522,FINAL (ENTRADA MANUAL)
16,3,2,194,43,3,5,3,,0,0,0,132,36,1,3,2,6,2,0,3,1,1,1,0,62,250,522,FINAL (ENTRADA MANUAL)
16,3,3,201,34,4,11,4,,0,0,0,143,29,2,9,2,12,5,1,5,1,1,0,0,45,255,522,FINAL (ENTRADA MANUAL)
16,3,4,173,43,1,6,3,,0,1,1,141,41,0,5,2,2,5,0,1,0,0,0,0,31,228,522,FINAL (ENTRADA MANUAL)
16,3,5,219,44,3,5,12,,0,1,1,138,34,1,5,7,8,10,1,2,0,2,1,0,79,288,524,FINAL (ENTRADA MANUAL)
16,4,1,196,38,6,7,13,,0,0,0,144,33,3,6,12,7,0,0,4,2,0,0,0,49,260,461,FINAL (ENTRADA MANUAL)
16,4,2,201,43,8,1,10,,0,0,0,138,39,7,1,7,13,0,1,2,1,1,0,0,54,264,461,FINAL (ENTRADA MANUAL)
16,4,3,187,37,12,5,10,,0,0,0,133,34,6,4,9,4,6,0,2,1,1,0,0,52,252,461,FINAL (ENTRADA MANUAL)
16,4,4,178,32,4,4,9,,0,1,1,115,26,3,3,7,8,3,0,1,1,1,0,0,62,230,461,FINAL (ENTRADA MANUAL)
16,4,5,193,29,3,4,15,,0,0,2,124,24,2,4,13,5,9,2,0,1,2,0,0,62,248,461,FINAL (ENTRADA MANUAL)
16,4,6,154,47,7,6,15,,0,1,0,120,42,6,6,13,13,2,0,2,3,0,1,0,23,231,461,FINAL (ENTRADA MANUAL)
16,4,7,194,49,5,5,3,,0,0,0,123,43,1,3,3,6,1,2,1,2,1,0,0,71,257,462,FINAL (ENTRADA MANUAL)
16,5,1,187,39,6,16,13,,0,1,1,138,32,6,13,11,2,3,2,1,3,0,0,0,52,263,442,FINAL (ENTRADA MANUAL)
16,5,2,193,40,3,13,9,,0,0,4,137,36,2,9,7,2,6,0,0,1,1,0,0,62,263,442,FINAL (ENTRADA MANUAL)
16,5,3,138,28,5,9,11,,0,0,0,94,25,3,7,4,6,2,0,2,2,0,1,0,46,192,442,FINAL (ENTRADA MANUAL)
16,5,4,156,33,4,16,4,,0,0,0,105,26,2,14,2,3,5,0,3,0,1,0,1,53,215,442,FINAL (ENTRADA MANUAL)
16,5,5,186,45,2,8,10,,0,1,0,124,34,1,5,9,5,2,2,5,0,1,0,0,65,253,442,FINAL (ENTRADA MANUAL)
16,5,6,211,33,2,7,13,,0,0,0,158,27,2,7,7,1,3,2,1,2,2,0,0,56,268,443,FINAL (ENTRADA MANUAL)
16,6,1,230,21,1,2,4,,0,1,1,184,17,1,1,3,4,0,0,0,0,0,0,0,50,260,487,FINAL (ENTRADA MANUAL)
16,6,2,229,14,0,4,2,,0,0,0,171,9,0,4,2,2,4,0,2,0,0,0,0,55,249,487,FINAL (ENTRADA MANUAL)
16,7,1,197,32,5,6,7,,1,0,2,122,26,4,4,2,1,4,0,1,0,1,0,0,86,251,500,FINAL (ENTRADA MANUAL)
16,8,1,157,50,1,12,12,,1,0,2,85,37,1,9,6,1,8,0,1,1,1,0,0,86,236,400,FINAL (ENTRADA MANUAL)
16,8,2,161,36,2,12,7,,0,0,0,118,28,2,12,5,7,5,1,2,0,1,0,0,38,219,400,FINAL (ENTRADA MANUAL)
16,8,3,176,35,0,14,13,,0,0,1,115,27,0,10,9,0,6,0,10,0,1,0,0,62,240,400,FINAL (ENTRADA MANUAL)
16,8,4,183,34,1,9,6,,0,1,0,142,28,0,7,5,3,4,2,2,0,0,0,0,41,234,400,FINAL (ENTRADA MANUAL)
16,8,5,171,36,1,15,3,,0,0,3,127,28,0,14,3,4,5,0,2,0,1,0,0,46,230,402,FINAL (ENTRADA MANUAL)
16,72,1,127,5,1,4,1,,0,1,0,93,4,1,3,1,7,4,0,1,0,0,0,0,25,139,0,FINAL (ENTRADA MANUAL)
16,72,2,15,4,0,0,1,,0,0,0,12,3,0,0,1,0,0,0,0,0,0,0,0,4,20,0,FINAL (ENTRADA MANUAL)
16,72,3,257,24,1,8,7,,0,0,0,200,18,1,8,5,6,9,0,3,0,0,0,0,47,297,0,FINAL (ENTRADA MANUAL)
16,72,4,30,1,0,1,1,,0,0,0,26,1,0,1,1,0,0,0,2,0,1,0,0,2,34,0,FINAL (ENTRADA MANUAL)
16,72,5,35,3,0,1,0,,0,0,0,29,3,0,1,0,1,1,0,0,0,0,0,0,4,39,0,FINAL (ENTRADA MANUAL)
16,72,6,1,0,0,0,0,,0,0,0,1,0,0,0,0,0,0,0,0,0,1,0,0,0,1,0,FINAL (ENTRADA MANUAL)
16,72,7,11,2,0,0,0,,0,0,0,11,1,0,0,0,0,0,0,0,0,0,0,0,1,41,0,FINAL (ENTRADA MANUAL)
16,72,8,0,0,0,0,0,,0,0,0,1,0,0,0,0,0,0,0,0,0,1,0,0,0,2,0,FINAL (ENTRADA MANUAL)
16,72,9,2,0,0,0,0,,0,0,0,2,0,0,0,0,0,0,0,0,0,0,0,0,0,2,0,FINAL (ENTRADA MANUAL)
16,72,10,1,0,0,0,0,,0,0,0,1,0,0,0,0,0,0,0,0,0,0,0,0,0,1,0,FINAL (ENTRADA MANUAL)
16,72,11,53,1,0,0,0,,0,0,0,44,1,0,0,0,1,1,0,0,0,0,0,0,7,54,0,FINAL (ENTRADA MANUAL)
16,72,12,10,2,0,1,0,,0,0,0,8,2,0,1,0,0,0,0,0,0,2,0,0,2,15,0,FINAL (ENTRADA MANUAL)
16,73,1,254,169,0,1,3,,0,0,1,188,146,0,0,3,1,6,0,0,0,0,0,0,84,428,0,FINAL (ENTRADA MANUAL)
16,73,2,9,10,0,0,0,,0,0,0,7,10,0,0,0,0,1,0,0,0,0,0,0,1,19,0,FINAL (ENTRADA MANUAL)
16,73,3,6,6,0,0,0,,0,0,0,5,6,0,0,0,0,0,0,0,1,3,0,0,0,15,0,FINAL (ENTRADA MANUAL)
16,73,4,19,26,0,0,0,,0,0,0,18,25,0,0,0,0,0,0,0,0,0,0,0,2,45,0,FINAL (ENTRADA MANUAL)
16,74,1,1,1,0,0,1,,0,0,0,1,1,0,0,0,0,0,0,0,0,0,0,0,1,3,0,FINAL (ENTRADA MANUAL)
16,74,2,0,0,0,0,0,,0,0,0,0,0,0,0,0,0,0,0,0,0,0,0,0,0,0,0,FINAL (ENTRADA MANUAL)
16,75,1,19,3,1,3,1,,0,0,0,15,3,1,1,1,0,2,0,0,0,0,0,0,4,27,0,FINAL (ENTRADA MANUAL)
16,75,2,0,0,0,0,0,,0,0,0,0,0,0,0,0,0,0,0,0,0,0,0,0,0,0,0,FINAL (ENTRADA MANUAL)
16,76,1,13,2,0,0,1,,0,0,0,10,2,0,0,1,0,0,0,0,0,0,0,0,3,16,0,FINAL (ENTRADA MANUAL)
16,76,2,1,0,0,0,1,,0,0,0,1,0,0,0,0,0,0,0,0,0,0,0,0,1,2,0,FINAL (ENTRADA MANUAL)
16,76,3,2,0,0,0,0,,0,0,0,1,0,0,0,0,0,0,0,0,0,0,0,0,1,2,0,FINAL (ENTRADA MANUAL)
16,76,4,0,0,0,0,0,,0,0,0,0,0,0,0,0,0,0,0,0,0,0,0,0,0,0,0,FINAL (ENTRADA MANUAL)
16,76,5,1,0,0,0,0,,0,0,0,0,0,0,0,0,0,0,0,0,0,0,0,0,1,1,0,FINAL (ENTRADA MANUAL)
16,76,6,0,0,0,0,0,,0,0,0,0,0,0,0,0,0,0,0,0,0,0,0,0,0,0,0,FINAL (ENTRADA MANUAL)
16,77,1,0,0,0,0,0,,0,0,0,0,0,0,0,0,0,0,0,0,0,0,0,0,0,0,0,FINAL (ENTRADA MANUAL)
16,77,2,24,6,2,2,0,,0,0,0,13,5,2,2,0,0,0,0,0,0,1,0,0,12,35,0,FINAL (ENTRADA MANUAL)
16,77,3,0,0,0,0,0,,0,0,0,0,0,0,0,0,0,0,0,0,0,0,0,0,0,0,0,FINAL (ENTRADA MANUAL)
16,77,4,0,0,1,0,0,,0,0,0,0,0,0,0,0,0,0,0,0,0,0,0,0,1,1,0,FINAL (ENTRADA MANUAL)
16,77,5,0,0,1,1,0,,0,0,0,0,0,0,1,0,0,0,0,0,0,0,0,0,1,2,0,FINAL (ENTRADA MANUAL)
16,77,6,6,1,0,0,1,,0,0,0,5,0,0,0,1,0,0,0,0,0,0,4,0,2,8,0,FINAL (ENTRADA MANUAL)
16,78,1,62,9,2,3,2,,0,0,0,46,6,1,2,1,0,0,0,1,0,0,6,0,21,78,0,FINAL (ENTRADA MANUAL)
16,78,2,0,0,0,0,0,,0,0,0,0,0,0,0,0,0,0,0,0,0,0,0,0,0,0,0,FINAL (ENTRADA MANUAL)
16,78,3,0,0,0,0,0,,0,0,0,0,0,0,0,0,0,0,0,0,0,0,0,0,0,0,0,FINAL (ENTRADA MANUAL)
16,78,4,1,1,0,0,0,,0,0,0,1,1,0,0,0,0,0,0,0,0,0,0,0,0,2,0,FINAL (ENTRADA MANUAL)
17,1,1,190,38,5,6,13,,0,0,0,150,32,5,5,11,1,3,0,1,2,0,0,0,42,252,442,FINAL (ENTRADA MANUAL)
17,1,2,167,39,0,5,9,,1,1,1,125,28,0,4,7,5,6,0,3,0,1,0,0,45,224,442,FINAL (ENTRADA MANUAL)
17,1,3,184,29,2,3,5,,0,0,0,130,21,2,3,3,6,6,2,0,0,0,0,0,50,223,443,FINAL (ENTRADA MANUAL)
17,2,1,122,60,5,12,4,,0,1,0,81,40,3,8,4,5,5,1,4,0,1,0,0,53,205,318,FINAL (ENTRADA MANUAL)
17,3,1,152,57,4,3,11,,1,0,1,97,51,0,2,5,1,5,7,2,1,2,0,0,58,231,436,FINAL (ENTRADA MANUAL)
17,3,2,166,44,1,13,8,,0,0,0,104,38,1,10,6,1,3,0,2,0,1,0,0,67,233,436,FINAL (ENTRADA MANUAL)
17,3,3,165,43,2,12,6,,0,0,1,106,39,2,11,3,4,5,0,1,1,1,1,0,57,231,436,FINAL (ENTRADA MANUAL)
17,3,4,153,61,1,6,6,,0,0,0,105,58,1,3,4,3,5,1,7,0,1,0,0,40,228,436,FINAL (ENTRADA MANUAL)
17,3,5,163,35,3,4,11,,0,0,0,105,28,1,3,9,2,7,3,1,2,1,2,0,55,219,437,FINAL (ENTRADA MANUAL)
17,4,1,127,20,2,6,5,,0,0,1,94,17,1,2,4,1,2,0,4,1,1,0,0,35,162,292,FINAL (ENTRADA MANUAL)
17,4,2,136,11,1,7,7,,0,0,0,106,9,0,5,4,1,1,0,3,1,0,0,0,32,162,291,FINAL (ENTRADA MANUAL)
17,5,1,89,10,1,0,5,,0,0,0,74,10,1,0,5,0,1,0,0,0,0,0,0,14,105,215,FINAL (ENTRADA MANUAL)
17,72,1,1,0,0,0,0,,0,0,0,1,0,0,0,0,0,0,0,0,0,0,0,0,0,1,0,FINAL (ENTRADA MANUAL)
17,72,2,0,0,0,0,0,,0,0,0,0,0,0,0,0,0,0,0,0,0,0,0,0,0,0,0,FINAL (ENTRADA MANUAL)
17,72,3,0,0,0,0,0,,0,0,0,0,0,0,0,0,0,0,0,0,0,0,0,0,0,0,0,FINAL (ENTRADA MANUAL)
17,72,4,24,14,1,0,1,,0,0,0,18,12,1,0,0,0,2,0,2,0,0,0,0,6,42,0,FINAL (ENTRADA MANUAL)
17,72,5,0,0,0,0,0,,0,0,0,0,0,0,0,0,0,0,0,0,0,0,0,0,0,0,0,FINAL (ENTRADA MANUAL)
17,72,6,6,1,0,0,0,,0,0,0,6,1,0,0,0,0,0,0,0,0,0,0,0,0,7,0,FINAL (ENTRADA MANUAL)
17,72,7,14,1,0,0,0,,0,0,0,11,1,0,0,0,0,0,0,0,0,0,0,0,3,15,0,FINAL (ENTRADA MANUAL)
17,72,8,4,1,0,0,0,,0,0,0,4,1,0,0,0,0,0,0,0,0,0,0,0,0,5,0,FINAL (ENTRADA MANUAL)
17,72,9,11,4,0,0,0,,0,0,0,9,4,0,0,0,1,0,0,0,0,0,0,0,1,15,0,FINAL (ENTRADA MANUAL)
17,72,10,1,0,0,0,0,,0,0,0,1,0,0,0,0,0,0,0,0,0,0,0,0,0,1,0,FINAL (ENTRADA MANUAL)
17,73,1,105,113,0,1,0,,0,0,0,68,105,0,0,0,0,10,0,0,0,0,0,0,36,219,0,FINAL (ENTRADA MANUAL)
17,73,2,5,12,0,0,0,,0,0,0,3,10,0,0,0,0,2,0,0,0,1,0,0,2,18,0,FINAL (ENTRADA MANUAL)
17,74,1,0,1,0,0,0,,0,0,0,0,1,0,0,0,0,0,0,0,0,0,0,0,0,1,0,FINAL (ENTRADA MANUAL)
17,74,2,0,0,0,0,0,,0,0,0,0,0,0,0,0,0,0,0,0,0,0,0,0,0,0,0,FINAL (ENTRADA MANUAL)
17,75,1,1,1,0,0,0,,0,0,0,1,1,0,0,0,0,0,0,0,0,0,0,0,0,2,0,FINAL (ENTRADA MANUAL)
17,76,1,8,0,0,0,0,,0,0,0,7,0,0,0,0,0,0,0,0,0,0,0,0,1,8,0,FINAL (ENTRADA MANUAL)
17,76,2,0,0,0,0,0,,0,0,0,0,0,0,0,0,0,0,0,0,0,0,0,0,0,0,0,FINAL (ENTRADA MANUAL)
17,76,3,1,0,0,0,0,,0,0,0,0,0,0,0,0,0,0,0,0,0,0,0,0,1,1,0,FINAL (ENTRADA MANUAL)
17,77,1,0,0,0,0,0,,0,0,0,0,0,0,0,0,0,0,0,0,0,0,0,0,0,0,0,FINAL (ENTRADA MANUAL)
17,77,2,0,1,2,0,1,,1,0,0,0,1,2,0,1,0,0,0,1,0,0,0,0,0,5,0,FINAL (ENTRADA MANUAL)
17,77,3,0,0,0,0,1,,0,0,0,0,0,0,0,1,0,0,0,0,0,0,0,0,0,1,0,FINAL (ENTRADA MANUAL)
17,78,1,20,7,0,1,1,,0,0,0,14,4,0,0,1,1,1,0,0,0,0,0,0,8,29,0,FINAL (ENTRADA MANUAL)
17,78,2,0,0,0,0,0,,0,0,0,0,0,0,0,0,0,0,0,0,0,0,0,0,0,0,0,FINAL (ENTRADA MANUAL)
17,78,3,0,0,0,0,0,,0,0,0,0,0,0,0,0,0,0,0,0,0,0,0,0,0,0,0,FINAL (ENTRADA MANUAL)
17,78,4,1,0,0,0,0,,0,0,0,1,0,0,0,0,0,0,0,0,0,0,0,0,0,1,0,FINAL (ENTRADA MANUAL)
18,1,1,31,141,30,5,8,,1,0,0,23,99,22,5,8,1,2,0,1,1,1,0,0,54,217,430,FINAL (ENTRADA MANUAL)
18,1,2,46,137,22,3,6,,1,0,1,42,92,17,2,4,4,0,0,0,0,0,1,0,54,216,430,FINAL (ENTRADA MANUAL)
18,1,3,37,146,18,5,8,,0,0,5,31,110,9,3,6,1,0,0,2,1,1,2,0,56,222,430,FINAL (ENTRADA MANUAL)
18,2,1,30,143,30,12,5,,4,0,0,25,101,18,9,5,5,4,0,1,0,0,0,0,56,224,423,FINAL (ENTRADA MANUAL)
18,2,2,32,142,44,12,7,,0,0,0,31,105,29,10,5,3,1,1,3,0,2,0,0,49,239,423,FINAL (ENTRADA MANUAL)
18,2,3,46,174,21,12,6,,0,0,0,40,142,14,9,6,1,1,0,1,2,0,0,0,43,259,423,FINAL (ENTRADA MANUAL)
18,2,4,33,165,28,12,6,,2,0,0,29,120,11,10,5,5,1,4,1,0,0,0,0,60,246,423,FINAL (ENTRADA MANUAL)
18,2,5,49,151,22,9,2,,1,2,1,43,114,12,8,2,1,0,1,0,1,1,0,0,55,238,423,FINAL (ENTRADA MANUAL)
18,3,1,33,153,31,9,4,,3,0,0,30,107,24,9,4,4,3,4,2,0,1,0,0,46,234,377,FINAL (ENTRADA MANUAL)
18,3,2,24,135,35,11,9,,3,0,0,22,99,16,8,5,2,4,6,2,5,1,0,0,48,218,377,FINAL (ENTRADA MANUAL)
18,3,3,13,130,32,13,11,,2,0,1,12,99,22,6,8,1,2,0,1,1,0,0,0,50,202,377,FINAL (ENTRADA MANUAL)
18,4,1,40,93,20,3,6,,2,0,0,30,67,5,3,1,7,0,0,1,2,0,0,0,48,164,323,FINAL (ENTRADA MANUAL)
18,5,1,43,128,24,6,6,,3,1,0,40,89,18,6,4,0,4,0,0,2,0,0,0,48,211,402,FINAL (ENTRADA MANUAL)
18,5,2,39,129,35,10,6,,9,0,1,37,96,25,4,3,6,4,1,0,1,2,4,0,52,235,402,FINAL (ENTRADA MANUAL)
18,5,3,34,133,24,13,6,,1,0,0,31,106,16,13,5,3,2,2,0,0,0,0,0,33,211,402,FINAL (ENTRADA MANUAL)
18,5,4,25,119,34,7,5,,4,0,3,21,88,20,7,4,2,8,1,0,1,1,0,0,45,198,403,FINAL (ENTRADA MANUAL)
18,6,1,65,132,19,4,3,,7,0,0,63,107,13,2,3,6,4,0,2,0,1,1,0,30,232,396,FINAL (ENTRADA MANUAL)
18,6,2,59,126,21,1,5,,6,0,1,55,88,13,1,3,3,0,0,0,2,0,0,0,54,219,396,FINAL (ENTRADA MANUAL)
18,7,1,45,122,40,2,5,,1,1,2,37,77,24,2,4,2,2,2,3,1,1,1,0,64,220,398,FINAL (ENTRADA MANUAL)
18,7,2,53,129,33,3,11,,2,0,2,48,97,26,3,8,1,2,2,0,0,1,0,0,46,234,398,FINAL (ENTRADA MANUAL)
18,7,3,51,119,32,6,16,,0,0,1,49,85,25,6,13,4,4,0,1,1,2,0,1,37,228,398,FINAL (ENTRADA MANUAL)
18,7,4,49,118,33,3,10,,1,0,1,40,76,16,2,8,4,6,2,0,0,2,0,0,61,217,398,FINAL (ENTRADA MANUAL)
18,8,1,53,158,23,11,8,,3,1,0,46,111,20,10,8,4,0,1,0,1,1,0,0,56,258,476,FINAL (ENTRADA MANUAL)
18,8,2,50,140,32,5,8,,4,0,1,47,98,22,4,5,8,5,2,1,0,2,0,0,48,242,476,FINAL (ENTRADA MANUAL)
18,8,3,38,133,41,7,7,,0,0,0,32,93,23,6,6,4,2,2,1,0,1,0,0,57,227,476,FINAL (ENTRADA MANUAL)
18,8,4,48,125,29,5,8,,3,1,0,45,92,15,5,6,2,5,1,1,1,0,0,0,46,219,476,FINAL (ENTRADA MANUAL)
18,72,1,3,0,0,0,0,,0,0,0,3,0,0,0,0,0,0,0,0,0,0,0,0,0,3,0,FINAL (ENTRADA MANUAL)
18,72,2,3,0,0,0,0,,0,0,0,3,0,0,0,0,0,0,0,0,0,0,0,0,0,3,0,FINAL (ENTRADA MANUAL)
18,72,3,107,73,19,8,12,,0,0,0,90,47,15,8,11,15,4,0,0,1,0,0,0,30,221,0,FINAL (ENTRADA MANUAL)
18,72,4,29,10,2,1,0,,2,0,0,21,6,2,1,0,4,2,0,1,0,0,3,0,7,47,0,FINAL (ENTRADA MANUAL)
18,72,5,15,6,3,0,0,,3,0,0,15,4,2,0,0,0,0,0,0,0,0,0,0,27,27,0,FINAL (ENTRADA MANUAL)
18,72,6,0,0,0,0,0,,0,0,0,0,0,0,0,0,0,0,0,0,0,0,0,0,0,0,0,FINAL (ENTRADA MANUAL)
18,72,7,0,3,1,0,0,,0,0,0,0,2,1,0,0,0,0,0,0,0,0,0,0,1,4,0,FINAL (ENTRADA MANUAL)
18,72,8,0,0,0,0,0,,0,0,0,0,0,0,0,0,0,0,0,0,0,0,0,0,0,0,0,FINAL (ENTRADA MANUAL)
18,72,9,3,3,0,0,0,,0,0,0,3,2,0,0,0,0,0,0,0,0,0,1,0,1,7,0,FINAL (ENTRADA MANUAL)
18,73,1,38,321,20,4,2,,0,0,0,36,265,10,2,2,2,0,0,1,0,0,0,0,67,385,0,FINAL (ENTRADA MANUAL)
18,73,2,0,0,0,0,0,,0,0,0,0,0,0,0,0,0,0,0,0,0,0,0,0,0,0,0,FINAL (ENTRADA MANUAL)
18,73,3,0,3,1,0,0,,0,0,0,0,3,1,0,0,0,0,0,0,0,2,0,0,0,6,0,FINAL (ENTRADA MANUAL)
18,73,4,6,1,0,0,0,,0,0,0,6,1,0,0,0,0,0,0,0,0,0,0,0,0,7,0,FINAL (ENTRADA MANUAL)
18,74,1,0,0,0,1,0,,0,0,0,0,0,0,1,0,0,0,0,0,0,0,0,0,0,1,0,FINAL (ENTRADA MANUAL)
18,74,2,0,0,0,0,0,,0,0,0,0,0,0,0,0,0,0,0,0,0,0,0,0,0,0,0,FINAL (ENTRADA MANUAL)
18,75,1,3,0,0,0,0,,3,0,0,3,0,0,0,0,0,0,0,0,0,0,0,0,0,6,0,FINAL (ENTRADA MANUAL)
18,75,2,0,0,0,0,0,,0,0,0,0,0,0,0,0,0,0,0,0,0,0,0,0,0,0,0,FINAL (ENTRADA MANUAL)
18,76,1,6,8,0,2,0,,0,0,0,4,3,0,0,0,0,0,0,0,0,0,0,0,9,16,0,FINAL (ENTRADA MANUAL)
18,76,2,0,0,0,0,0,,0,0,0,0,0,0,0,0,0,0,0,0,0,1,0,0,0,1,0,FINAL (ENTRADA MANUAL)
18,76,3,2,2,0,0,0,,0,0,0,2,2,0,0,0,0,0,0,0,0,0,0,0,0,4,0,FINAL (ENTRADA MANUAL)
18,76,4,0,0,0,0,0,,0,0,0,0,0,0,0,0,0,0,0,0,0,0,0,0,0,0,0,FINAL (ENTRADA MANUAL)
18,76,5,1,0,0,0,0,,0,0,0,1,0,0,0,0,0,0,0,0,0,0,0,0,0,1,0,FINAL (ENTRADA MANUAL)
18,77,1,0,0,0,0,0,,0,0,0,0,0,0,0,0,0,0,0,0,0,0,0,0,0,0,0,FINAL (ENTRADA MANUAL)
18,77,2,5,5,9,2,0,,0,0,0,5,5,6,2,0,1,1,0,0,0,0,0,0,6,26,0,FINAL (ENTRADA MANUAL)
18,77,3,0,0,0,0,0,,0,0,0,0,0,0,0,0,0,0,0,0,0,0,0,0,0,0,0,FINAL (ENTRADA MANUAL)
18,77,4,0,2,1,0,0,,0,0,0,0,2,1,0,0,0,0,0,0,0,0,0,0,0,3,0,FINAL (ENTRADA MANUAL)
18,77,5,2,4,2,1,0,,0,0,5,2,2,0,1,0,2,1,0,0,0,0,0,0,1,9,0,FINAL (ENTRADA MANUAL)
18,78,1,7,17,3,1,4,,0,0,0,6,10,3,1,2,0,0,0,0,1,0,0,0,9,32,0,FINAL (ENTRADA MANUAL)
18,78,2,0,0,0,0,0,,0,0,0,0,0,0,0,0,0,0,0,0,0,0,0,0,0,0,0,FINAL (ENTRADA MANUAL)
18,78,3,0,0,0,0,0,,0,0,0,0,0,0,0,0,0,0,0,0,0,0,0,0,0,0,0,FINAL (ENTRADA MANUAL)
18,78,4,0,0,1,0,0,,0,0,0,0,0,0,0,0,0,0,0,1,0,0,0,0,1,1,0,FINAL (ENTRADA MANUAL)
19,1,1,42,173,28,3,11,,1,0,0,40,108,16,1,11,2,4,2,6,2,1,0,0,66,259,443,FINAL (ENTRADA MANUAL)
19,1,2,37,154,40,10,12,,2,0,0,36,120,31,10,9,5,3,0,3,2,0,0,0,36,255,443,FINAL (ENTRADA MANUAL)
19,1,3,45,143,21,11,13,,3,0,0,36,101,17,11,9,0,1,4,0,2,3,0,0,55,239,443,FINAL (ENTRADA MANUAL)
19,1,4,34,134,42,16,16,,2,0,1,29,92,26,10,13,8,3,0,6,0,1,1,0,58,247,443,FINAL (ENTRADA MANUAL)
19,1,5,44,144,34,11,7,,1,0,0,42,100,22,10,5,3,3,1,4,6,1,0,0,45,242,443,FINAL (ENTRADA MANUAL)
19,1,6,41,152,33,10,17,,2,0,0,36,110,20,10,11,1,1,0,3,2,1,0,0,61,256,443,FINAL (ENTRADA MANUAL)
19,1,7,44,146,35,12,15,,1,1,1,39,102,22,8,8,4,1,3,3,2,0,0,0,63,255,444,FINAL (ENTRADA MANUAL)
19,2,1,36,149,38,5,15,,1,0,2,31,101,23,4,13,1,1,2,2,0,1,0,0,68,247,486,FINAL (ENTRADA MANUAL)
19,2,2,40,134,31,5,7,,0,1,1,33,109,21,5,5,2,1,0,2,0,0,1,0,41,220,486,FINAL (ENTRADA MANUAL)
19,2,3,25,77,32,4,8,,1,0,2,19,50,19,4,7,1,0,1,1,1,0,0,0,46,149,487,FINAL (ENTRADA MANUAL)
19,3,1,33,160,31,8,3,,0,1,1,28,119,19,6,2,3,5,3,3,0,0,0,0,49,237,408,FINAL (ENTRADA MANUAL)
19,3,2,53,137,28,11,8,,1,0,1,46,101,17,9,8,4,1,2,1,0,1,0,0,50,240,408,FINAL (ENTRADA MANUAL)
19,3,3,36,119,42,8,7,,0,0,0,30,79,29,6,6,3,2,2,2,1,0,0,0,52,212,408,FINAL (ENTRADA MANUAL)
19,3,4,41,131,36,10,8,,3,0,0,33,94,26,8,8,6,6,2,1,1,3,0,0,44,232,409,FINAL (ENTRADA MANUAL)
19,4,1,61,159,27,10,7,,2,0,1,51,105,15,9,3,1,2,0,1,0,1,0,0,80,268,548,FINAL (ENTRADA MANUAL)
19,4,2,52,145,30,7,14,,1,0,1,46,98,24,5,9,0,1,0,0,0,1,0,0,67,251,549,FINAL (ENTRADA MANUAL)
19,5,1,38,164,58,10,8,,0,0,1,33,120,43,9,7,6,0,0,7,2,0,0,0,52,279,466,FINAL (ENTRADA MANUAL)
19,5,2,43,167,45,9,10,,2,0,0,41,124,30,8,10,2,7,3,0,3,2,0,0,48,278,466,FINAL (ENTRADA MANUAL)
19,5,3,29,151,39,4,5,,2,0,1,29,106,30,4,3,2,5,1,1,1,2,0,0,49,233,466,FINAL (ENTRADA MANUAL)
19,5,4,32,172,32,6,9,,1,0,1,26,123,20,3,7,3,3,0,2,2,1,0,0,64,254,466,FINAL (ENTRADA MANUAL)
19,5,5,43,163,52,15,11,,1,0,1,32,116,33,12,8,6,5,0,1,1,1,0,0,72,287,466,FINAL (ENTRADA MANUAL)
19,5,6,34,161,49,5,9,,1,0,0,31,123,30,5,6,3,2,2,3,2,1,0,0,52,260,466,FINAL (ENTRADA MANUAL)
19,5,7,39,155,55,9,13,,0,0,0,34,110,44,9,11,3,6,3,3,1,2,0,0,47,273,466,FINAL (ENTRADA MANUAL)
19,5,8,39,145,49,10,12,,0,0,1,35,83,34,8,8,4,3,0,2,2,2,0,0,77,258,463,FINAL (ENTRADA MANUAL)
19,6,1,46,143,32,7,17,,1,0,1,36,102,23,3,11,1,4,2,3,0,3,0,0,62,250,483,FINAL (ENTRADA MANUAL)
19,6,2,51,153,29,5,10,,1,1,1,46,119,20,5,7,3,0,1,0,1,1,0,0,49,252,483,FINAL (ENTRADA MANUAL)
19,6,3,45,153,25,3,8,,0,0,0,42,105,16,2,6,1,2,1,0,0,0,0,0,59,234,483,FINAL (ENTRADA MANUAL)
19,6,4,65,143,29,4,5,,0,0,0,58,97,17,4,3,1,0,1,3,0,3,0,0,62,249,483,FINAL (ENTRADA MANUAL)
19,6,5,60,152,30,3,10,,4,0,0,55,101,19,2,10,3,0,1,2,0,1,0,0,66,260,483,FINAL (ENTRADA MANUAL)
19,6,6,47,142,31,10,6,,0,1,0,43,90,18,10,2,2,2,1,2,1,1,0,0,66,238,485,FINAL (ENTRADA MANUAL)
19,7,1,50,137,66,10,14,,0,0,1,48,98,32,8,14,2,2,0,1,1,4,0,0,72,282,510,FINAL (ENTRADA MANUAL)
19,7,2,53,118,70,2,16,,1,0,0,50,86,42,2,13,5,3,1,1,1,1,0,0,56,261,510,FINAL (ENTRADA MANUAL)
19,7,3,46,158,63,6,13,,0,0,0,42,115,42,4,11,6,0,2,3,2,4,0,0,59,290,510,FINAL (ENTRADA MANUAL)
19,7,4,33,154,51,8,15,,0,1,0,31,117,34,7,13,1,3,1,1,1,2,0,0,53,264,512,FINAL (ENTRADA MANUAL)
19,8,1,15,109,33,1,4,,0,0,0,13,97,24,1,3,1,1,2,0,0,1,0,0,20,163,232,FINAL (ENTRADA MANUAL)
19,9,1,20,114,88,2,2,,0,0,0,18,77,57,1,2,2,0,0,1,0,0,0,0,68,226,414,FINAL (ENTRADA MANUAL)
19,9,2,33,115,87,0,5,,0,0,0,31,89,56,0,3,4,2,0,0,0,0,0,0,55,240,414,FINAL (ENTRADA MANUAL)
19,9,3,24,90,86,0,3,,0,0,0,21,65,61,0,2,4,1,1,1,0,1,0,0,47,204,414,FINAL (ENTRADA MANUAL)
19,9,4,24,106,81,0,0,,0,0,0,23,82,53,0,0,2,5,0,1,0,1,1,0,45,213,415,FINAL (ENTRADA MANUAL)
19,10,1,38,127,24,4,10,,0,0,1,34,105,18,3,9,2,1,0,0,0,1,0,0,32,205,345,FINAL (ENTRADA MANUAL)
19,10,2,32,136,20,6,8,,1,0,0,31,109,13,5,5,0,2,1,0,0,1,0,0,37,204,345,FINAL (ENTRADA MANUAL)
19,10,3,49,119,21,3,7,,0,0,0,42,82,10,3,3,7,2,1,0,0,2,0,0,49,201,346,FINAL (ENTRADA MANUAL)
19,11,1,41,149,28,6,6,,6,0,0,39,112,20,3,5,2,4,1,2,0,2,0,0,48,238,438,FINAL (ENTRADA MANUAL)
19,11,2,29,145,31,7,7,,3,0,0,26,96,20,6,5,2,4,1,4,0,0,0,0,58,222,438,FINAL (ENTRADA MANUAL)
19,11,3,34,154,29,8,5,,4,0,2,29,115,22,7,2,1,2,1,4,0,0,0,0,53,220,438,FINAL (ENTRADA MANUAL)
19,11,4,31,161,26,2,8,,6,0,1,30,113,17,2,6,4,1,2,3,0,0,0,0,57,235,439,FINAL (ENTRADA MANUAL)
19,72,1,1,1,0,0,0,,0,0,0,1,1,0,0,0,0,0,0,0,0,0,0,0,0,2,0,FINAL (ENTRADA MANUAL)
19,72,2,0,3,0,0,0,,0,0,0,0,3,0,0,0,0,0,0,0,0,0,0,0,0,3,0,FINAL (ENTRADA MANUAL)
19,72,3,207,176,60,18,4,,1,0,2,179,132,41,17,2,23,8,0,2,1,0,0,0,63,468,0,FINAL (ENTRADA MANUAL)
19,72,4,73,72,22,4,3,,7,0,0,55,38,19,2,1,15,2,0,0,1,3,0,1,48,185,0,FINAL (ENTRADA MANUAL)
19,72,5,18,9,2,1,0,,0,0,0,14,1,1,1,0,1,0,0,0,0,0,0,0,12,30,0,FINAL (ENTRADA MANUAL)
19,72,6,0,1,0,0,0,,0,0,0,0,1,0,0,0,0,0,0,0,0,0,0,0,0,1,0,FINAL (ENTRADA MANUAL)
19,72,7,0,0,0,0,0,,0,0,0,0,0,0,0,0,0,0,0,0,0,0,0,0,0,0,0,FINAL (ENTRADA MANUAL)
19,72,8,5,2,4,0,0,,0,0,0,5,2,1,0,0,0,0,0,0,0,0,0,0,3,11,0,FINAL (ENTRADA MANUAL)
19,72,9,1,1,0,0,0,,0,0,0,1,0,0,0,0,1,0,0,0,0,0,0,0,0,2,0,FINAL (ENTRADA MANUAL)
19,72,10,0,0,0,0,0,,0,0,0,0,0,0,0,0,0,0,0,0,0,0,0,0,0,0,0,FINAL (ENTRADA MANUAL)
19,72,11,0,0,0,0,0,,0,0,0,0,0,0,0,0,0,0,0,0,0,0,0,0,0,0,0,FINAL (ENTRADA MANUAL)
19,72,12,2,4,0,0,0,,0,0,0,2,4,0,0,0,0,0,0,0,0,0,0,0,0,6,0,FINAL (ENTRADA MANUAL)
19,73,1,62,515,41,2,3,,2,0,3,56,419,12,2,1,7,5,2,3,0,0,2,0,121,630,0,FINAL (ENTRADA MANUAL)
19,73,2,0,0,0,0,0,,0,0,0,0,0,0,0,0,0,0,0,0,0,0,0,0,0,0,0,FINAL (ENTRADA MANUAL)
19,73,3,0,0,0,0,0,,0,0,0,0,0,0,0,0,0,0,0,0,0,0,0,0,0,0,0,FINAL (ENTRADA MANUAL)
19,73,4,7,78,6,0,0,,0,0,1,6,69,4,0,0,0,0,0,0,0,3,11,0,13,106,0,FINAL (ENTRADA MANUAL)
19,74,1,0,0,0,0,0,,0,0,0,0,0,0,0,0,0,0,0,0,0,0,0,0,0,0,0,FINAL (ENTRADA MANUAL)
19,74,2,0,0,0,0,0,,0,0,0,0,0,0,0,0,0,0,0,0,0,0,0,0,0,0,0,FINAL (ENTRADA MANUAL)
19,75,1,0,0,0,0,0,,0,0,0,0,0,0,0,0,0,0,0,0,0,0,0,0,0,0,0,FINAL (ENTRADA MANUAL)
19,75,2,0,0,0,0,0,,0,0,0,0,0,0,0,0,0,0,0,0,0,0,0,0,0,0,0,FINAL (ENTRADA MANUAL)
19,76,1,12,6,0,0,0,,0,0,0,11,4,0,0,0,0,0,0,0,0,1,0,0,3,19,0,FINAL (ENTRADA MANUAL)
19,76,2,0,1,0,0,0,,0,0,0,0,0,0,0,0,0,0,0,0,0,0,0,0,1,1,0,FINAL (ENTRADA MANUAL)
19,76,3,1,0,1,0,0,,0,0,0,1,0,0,0,0,1,0,0,0,0,0,0,0,0,2,0,FINAL (ENTRADA MANUAL)
19,76,4,0,0,0,0,0,,0,0,0,0,0,0,0,0,0,0,0,0,0,0,0,0,0,0,0,FINAL (ENTRADA MANUAL)
19,76,5,0,0,0,0,0,,0,0,1,0,0,0,0,0,0,0,0,0,0,0,0,0,1,1,0,FINAL (ENTRADA MANUAL)
19,76,6,0,0,0,0,0,,0,0,0,0,0,0,0,0,0,0,0,0,0,0,0,0,0,0,0,FINAL (ENTRADA MANUAL)
19,77,1,2,1,1,1,0,,0,0,0,2,0,1,1,0,0,0,0,0,0,0,0,0,1,5,0,FINAL (ENTRADA MANUAL)
19,77,2,2,19,11,3,0,,0,0,0,2,17,9,3,0,0,0,1,1,0,0,0,0,2,35,0,FINAL (ENTRADA MANUAL)
19,77,3,0,0,3,0,0,,0,0,0,0,0,3,0,0,0,0,0,0,0,0,0,0,1,4,0,FINAL (ENTRADA MANUAL)
19,77,4,3,6,2,1,0,,0,0,0,3,3,1,1,0,0,0,0,3,0,0,0,0,4,16,0,FINAL (ENTRADA MANUAL)
19,78,1,25,84,19,0,6,,1,0,1,22,57,7,0,3,1,1,0,0,1,1,19,0,44,156,0,FINAL (ENTRADA MANUAL)
19,78,2,0,0,0,0,0,,0,0,0,0,0,0,0,0,0,0,0,0,0,0,0,0,0,0,0,FINAL (ENTRADA MANUAL)
19,78,3,0,0,0,0,0,,0,0,0,0,0,0,0,0,0,0,0,0,0,0,0,0,0,0,0,FINAL (ENTRADA MANUAL)
19,78,4,0,6,1,0,0,,0,0,0,0,5,0,0,0,0,0,0,0,0,0,0,0,2,7,0,FINAL (ENTRADA MANUAL)
20,1,1,100,115,,5,,,0,0,1,84,89,0,2,,1,3,0,1,,0,0,0,41,221,480,FINAL (ENTRADA MANUAL)
20,1,2,110,100,,8,,,1,0,2,92,79,1,6,,1,0,0,1,,1,0,0,41,222,479,FINAL (ENTRADA MANUAL)
20,2,1,130,138,,12,,,1,1,2,103,99,0,9,,2,1,0,2,,1,0,0,68,285,512,FINAL (ENTRADA MANUAL)
20,2,2,113,148,,5,,,1,0,1,89,105,0,5,,0,3,0,1,,1,0,0,65,269,512,FINAL (ENTRADA MANUAL)
20,2,3,108,140,,6,,,0,0,1,90,107,0,5,,1,0,0,1,,2,0,0,51,257,512,FINAL (ENTRADA MANUAL)
20,2,4,95,160,,7,,,2,0,1,70,112,0,4,,3,2,0,3,,0,0,0,71,265,512,FINAL (ENTRADA MANUAL)
20,3,1,78,192,,14,,,1,0,1,60,142,0,11,,6,0,0,2,,2,0,0,65,288,504,FINAL (ENTRADA MANUAL)
20,3,2,86,177,,10,,,2,0,2,73,144,0,5,,2,4,0,1,,3,0,0,48,280,504,FINAL (ENTRADA MANUAL)
20,3,3,64,182,,19,,,2,1,1,45,141,0,11,,0,6,1,4,,3,0,0,61,272,504,FINAL (ENTRADA MANUAL)
20,4,1,114,116,,13,,,2,0,2,99,87,1,9,,0,2,0,2,,4,0,0,47,251,491,FINAL (ENTRADA MANUAL)
20,4,2,119,128,,5,,,0,0,0,101,98,0,4,,0,0,0,1,,0,0,0,48,252,491,FINAL (ENTRADA MANUAL)
20,4,3,124,148,,2,,,0,1,0,85,108,0,2,,0,1,0,1,,1,0,0,78,276,491,FINAL (ENTRADA MANUAL)
20,4,4,117,141,,14,,,0,0,4,95,115,0,14,,0,1,0,1,,0,0,0,50,276,491,FINAL (ENTRADA MANUAL)
20,5,1,88,136,,6,,,1,0,0,75,99,0,4,,0,2,1,2,,1,0,0,48,232,402,FINAL (ENTRADA MANUAL)
20,5,2,74,130,,6,,,2,0,0,58,93,0,3,,1,1,0,0,,1,0,0,56,213,402,FINAL (ENTRADA MANUAL)
20,5,3,92,117,,5,,,2,0,0,75,92,0,3,,1,1,0,1,,2,0,0,43,218,402,FINAL (ENTRADA MANUAL)
20,5,4,89,129,,4,,,2,0,0,75,96,0,3,,0,5,0,4,,1,0,0,41,225,404,FINAL (ENTRADA MANUAL)
20,6,1,109,161,,9,,,0,0,1,89,120,0,7,,3,5,0,0,,2,0,0,56,282,457,FINAL (ENTRADA MANUAL)
20,6,2,84,154,,9,,,1,0,5,69,104,1,4,,0,4,1,0,,2,0,0,70,255,457,FINAL (ENTRADA MANUAL)
20,6,3,80,166,,9,,,0,0,0,60,132,0,7,,1,2,0,0,,1,0,0,53,256,457,FINAL (ENTRADA MANUAL)
20,6,4,94,133,,4,,,1,0,3,74,92,1,1,,0,2,1,1,,2,0,0,63,237,457,FINAL (ENTRADA MANUAL)
20,6,5,97,143,,13,,,0,0,0,89,110,0,10,,2,4,0,1,,1,0,0,37,254,457,FINAL (ENTRADA MANUAL)
20,6,6,106,138,,7,,,3,0,1,89,90,0,4,,0,4,0,1,,3,0,0,67,258,455,FINAL (ENTRADA MANUAL)
20,7,1,123,113,,21,,,0,0,2,108,84,0,18,,1,6,0,2,,0,1,0,40,260,477,FINAL (ENTRADA MANUAL)
20,7,2,96,138,,5,,,0,0,1,77,105,0,3,,3,2,0,4,,2,0,0,46,242,477,FINAL (ENTRADA MANUAL)
20,7,3,109,142,,6,,,0,0,0,93,109,0,5,,2,9,0,1,,0,1,0,38,258,477,FINAL (ENTRADA MANUAL)
20,7,4,108,135,,12,,,0,0,0,81,105,0,6,,1,1,0,2,,2,0,0,59,257,477,FINAL (ENTRADA MANUAL)
20,7,5,105,152,,9,,,0,0,0,89,116,0,8,,0,2,0,2,,0,0,0,49,266,477,FINAL (ENTRADA MANUAL)
20,8,1,85,152,,7,,,0,1,1,65,127,0,4,,0,5,0,0,,3,0,0,45,249,441,FINAL (ENTRADA MANUAL)
20,8,2,88,151,,4,,,0,0,2,69,127,2,1,,1,2,0,1,,2,0,0,42,247,441,FINAL (ENTRADA MANUAL)
20,8,3,80,152,,3,,,0,0,0,66,125,0,0,,1,2,0,1,,2,1,0,40,238,440,FINAL (ENTRADA MANUAL)
20,9,1,54,99,,8,,,0,0,0,43,76,0,1,,4,2,0,0,,1,0,0,35,162,227,FINAL (ENTRADA MANUAL)
20,10,1,78,87,,4,,,0,0,4,67,79,4,3,,1,5,0,1,,3,0,0,13,176,320,FINAL (ENTRADA MANUAL)
20,10,2,88,91,,4,,,1,0,2,78,80,0,3,,1,5,0,1,,2,0,0,18,188,319,FINAL (ENTRADA MANUAL)
20,11,1,122,76,,1,,,0,0,1,121,67,0,1,,1,0,0,0,,1,0,0,10,201,300,FINAL (ENTRADA MANUAL)
20,12,1,78,111,,0,,,1,0,1,69,91,1,0,,1,4,0,1,,0,0,0,24,191,292,FINAL (ENTRADA MANUAL)
20,12,2,81,103,,4,,,0,0,0,65,90,0,3,,2,0,0,0,,2,0,0,28,190,293,FINAL (ENTRADA MANUAL)
20,13,1,134,72,,2,,,1,0,0,122,55,0,0,,2,2,0,0,,0,0,0,28,209,345,FINAL (ENTRADA MANUAL)
20,13,2,147,64,,1,,,0,0,1,140,47,0,1,,1,1,0,3,,0,0,0,20,213,345,FINAL (ENTRADA MANUAL)
20,14,1,122,116,,7,,,0,0,1,101,89,0,5,,2,6,0,4,,2,0,0,39,248,426,FINAL (ENTRADA MANUAL)
20,14,2,95,141,,4,,,1,0,1,73,107,0,2,,6,3,0,3,,0,0,0,48,242,426,FINAL (ENTRADA MANUAL)
20,14,3,92,121,,3,,,0,0,2,78,98,0,2,,6,3,0,3,,1,0,0,28,219,426,FINAL (ENTRADA MANUAL)
20,14,4,88,118,,9,,,0,0,2,73,90,0,6,,2,2,0,2,,1,0,0,42,218,427,FINAL (ENTRADA MANUAL)
20,72,1,321,37,,2,,,1,1,0,293,24,0,2,,9,2,0,0,,0,0,0,32,362,0,FINAL (ENTRADA MANUAL)
20,72,2,0,0,,0,,,0,0,0,0,0,0,0,,0,0,0,0,,0,0,0,0,0,0,FINAL (ENTRADA MANUAL)
20,72,3,520,71,,5,,,0,2,5,431,41,0,5,,23,3,2,0,,0,0,0,98,605,0,FINAL (ENTRADA MANUAL)
20,72,4,20,7,,0,,,0,0,0,18,5,0,0,,2,0,0,0,,0,0,0,9,27,0,FINAL (ENTRADA MANUAL)
20,72,5,54,7,,0,,,0,0,1,44,3,0,0,,2,0,0,0,,0,0,0,13,62,0,FINAL (ENTRADA MANUAL)
20,72,6,4,1,,0,,,0,0,0,3,1,0,0,,0,0,0,0,,0,0,0,1,5,0,FINAL (ENTRADA MANUAL)
20,72,7,56,15,,0,,,0,0,1,53,10,0,0,,0,3,1,0,,0,2,0,5,74,0,FINAL (ENTRADA MANUAL)
20,72,8,4,1,,0,,,0,0,0,4,1,0,0,,0,0,0,0,,1,1,0,0,7,0,FINAL (ENTRADA MANUAL)
20,72,9,54,4,,0,,,0,0,0,49,3,0,0,,0,0,0,0,,0,0,0,6,58,0,FINAL (ENTRADA MANUAL)
20,72,10,0,0,,0,,,0,0,0,0,0,0,0,,0,0,0,0,,0,0,0,0,0,0,FINAL (ENTRADA MANUAL)
20,72,11,8,1,,0,,,0,0,1,8,1,0,0,,0,0,0,0,,0,0,0,1,10,0,FINAL (ENTRADA MANUAL)
20,72,12,3,0,,0,,,0,0,0,3,0,0,0,,0,0,0,0,,0,0,0,0,3,0,FINAL (ENTRADA MANUAL)
20,73,1,44,776,,2,,,0,1,0,38,712,0,1,,3,3,0,0,,0,1,0,66,824,0,FINAL (ENTRADA MANUAL)
20,73,2,0,0,,0,,,0,0,0,0,0,0,0,,0,0,0,0,,0,0,0,0,0,0,FINAL (ENTRADA MANUAL)
20,73,3,0,0,,0,,,0,0,0,0,0,0,0,,0,0,0,0,,0,0,0,0,0,0,FINAL (ENTRADA MANUAL)
20,73,4,0,0,,0,,,0,0,0,0,0,0,0,,0,0,0,0,,0,0,0,0,0,0,FINAL (ENTRADA MANUAL)
20,73,5,13,151,,2,,,0,0,1,9,131,0,2,,0,0,1,0,,0,0,0,24,167,0,FINAL (ENTRADA MANUAL)
20,74,1,0,1,,0,,,0,0,0,0,0,0,0,,0,0,0,0,,0,0,0,1,1,0,FINAL (ENTRADA MANUAL)
20,74,2,0,0,,0,,,0,0,0,0,0,0,0,,0,0,0,0,,0,0,0,0,0,0,FINAL (ENTRADA MANUAL)
20,75,1,1,1,,0,,,0,0,0,1,1,0,0,,0,0,0,0,,0,1,0,0,3,0,FINAL (ENTRADA MANUAL)
20,76,1,13,5,,0,,,0,0,0,10,2,0,0,,0,0,0,0,,2,0,0,6,20,0,FINAL (ENTRADA MANUAL)
20,76,2,2,0,,0,,,0,0,0,1,0,0,0,,1,0,0,0,,0,0,0,0,2,0,FINAL (ENTRADA MANUAL)
20,76,3,1,1,,0,,,0,0,0,1,1,0,0,,0,0,0,0,,0,0,0,0,2,0,FINAL (ENTRADA MANUAL)
20,76,5,1,2,,0,,,0,0,0,1,0,0,0,,0,0,0,0,,0,0,0,2,3,0,FINAL (ENTRADA MANUAL)
20,76,6,0,0,,0,,,0,0,0,0,0,0,0,,0,0,0,0,,0,0,0,0,0,0,FINAL (ENTRADA MANUAL)
20,77,1,4,4,,1,,,0,0,0,2,3,0,1,,1,1,0,0,,0,0,0,1,9,0,FINAL (ENTRADA MANUAL)
20,77,2,7,10,,1,,,0,0,0,3,5,1,0,,0,0,1,1,,0,0,0,7,18,0,FINAL (ENTRADA MANUAL)
20,77,3,2,1,,2,,,0,0,0,1,1,0,0,,0,0,0,1,,0,0,0,0,4,0,FINAL (ENTRADA MANUAL)
20,78,1,30,39,,1,,,0,0,0,23,27,0,0,,4,0,0,0,,1,0,0,16,71,0,FINAL (ENTRADA MANUAL)
20,78,2,0,0,,0,,,0,0,0,0,0,0,0,,0,0,0,0,,0,0,0,0,0,0,FINAL (ENTRADA MANUAL)
20,78,3,0,0,,0,,,0,0,0,0,0,0,0,,0,0,0,0,,0,0,0,0,0,0,FINAL (ENTRADA MANUAL)
20,78,4,2,0,,0,,,0,0,0,2,0,0,0,,0,0,0,0,,0,0,0,0,2,0,FINAL (ENTRADA MANUAL)
21,1,1,193,42,,17,,,0,0,1,148,34,,14,,1,3,,2,,1,0,0,51,254,475,FINAL (ENTRADA MANUAL)
21,1,2,179,45,,23,,,4,0,0,132,36,,19,,1,5,,6,,1,0,0,52,252,475,FINAL (ENTRADA MANUAL)
21,1,3,188,43,,16,,,1,1,2,134,28,,11,,1,3,,3,,2,0,0,71,253,475,FINAL (ENTRADA MANUAL)
21,1,4,184,49,,24,,,2,1,1,125,42,,18,,1,1,,2,,2,0,0,72,263,475,FINAL (ENTRADA MANUAL)
21,1,5,211,45,,19,,,2,0,0,143,39,,11,,6,1,,5,,4,0,0,72,281,475,FINAL (ENTRADA MANUAL)
21,1,6,184,54,,17,,,2,0,1,117,44,,12,,2,5,,3,,4,0,0,75,262,475,FINAL (ENTRADA MANUAL)
21,1,7,198,41,,17,,,1,0,0,139,29,,12,,2,3,,2,,1,1,0,70,259,475,FINAL (ENTRADA MANUAL)
21,1,8,181,33,,25,,,0,0,3,126,24,,16,,2,1,,2,,0,0,0,71,242,474,FINAL (ENTRADA MANUAL)
21,2,1,191,31,,27,,,1,0,0,151,26,,23,,0,1,,1,,6,0,0,48,256,429,FINAL (ENTRADA MANUAL)
21,2,2,175,43,,17,,,0,0,4,109,33,,13,,1,2,,1,,1,0,0,80,240,429,FINAL (ENTRADA MANUAL)
21,2,3,168,36,,13,,,2,2,1,124,30,,10,,2,3,,1,,4,0,0,52,226,429,FINAL (ENTRADA MANUAL)
21,2,4,164,36,,8,,,0,0,3,102,27,,6,,0,3,,1,,1,0,0,72,212,429,FINAL (ENTRADA MANUAL)
21,72,1,0,0,,0,,,0,0,0,0,0,,0,,0,0,,0,,0,0,0,0,0,0,FINAL (ENTRADA MANUAL)
21,72,2,27,1,,0,,,0,0,0,21,1,,0,,0,0,,0,,0,0,0,6,28,0,FINAL (ENTRADA MANUAL)
21,72,3,144,19,,4,,,1,1,0,118,12,,3,,0,3,,2,,0,0,0,31,169,0,FINAL (ENTRADA MANUAL)
21,72,4,35,5,,0,,,0,0,0,28,3,,0,,0,0,,1,,4,0,0,8,44,0,FINAL (ENTRADA MANUAL)
21,72,5,0,0,,0,,,0,0,0,0,0,,0,,0,0,,0,,0,0,0,0,0,0,FINAL (ENTRADA MANUAL)
21,72,6,7,4,,0,,,0,0,0,4,3,,0,,0,0,,0,,0,0,0,4,11,0,FINAL (ENTRADA MANUAL)
21,72,7,4,2,,0,,,0,0,0,3,2,,0,,0,0,,0,,0,0,0,1,6,0,FINAL (ENTRADA MANUAL)
21,72,8,0,0,,0,,,0,0,0,0,0,,0,,0,0,,0,,0,0,0,0,0,0,FINAL (ENTRADA MANUAL)
21,72,9,3,0,,0,,,0,0,0,3,0,,0,,0,0,,0,,0,0,0,0,3,0,FINAL (ENTRADA MANUAL)
21,73,1,93,93,,0,,,0,0,0,78,83,,0,,9,2,,0,,0,0,0,14,186,0,FINAL (ENTRADA MANUAL)
21,73,2,0,2,,0,,,0,0,0,0,2,,0,,0,0,,0,,2,0,0,0,4,0,FINAL (ENTRADA MANUAL)
21,73,3,0,0,,0,,,0,0,0,0,0,,0,,0,0,,0,,0,0,0,0,0,0,FINAL (ENTRADA MANUAL)
21,74,1,0,0,,0,,,0,0,0,0,0,,0,,0,0,,0,,0,0,0,0,0,0,FINAL (ENTRADA MANUAL)
21,74,2,0,0,,0,,,0,0,0,0,0,,0,,0,0,,0,,0,0,0,0,0,0,FINAL (ENTRADA MANUAL)
21,75,1,0,1,,2,,,4,0,0,0,0,,2,,0,1,,0,,0,0,0,3,6,0,FINAL (ENTRADA MANUAL)
21,75,2,1,0,,0,,,0,0,0,1,0,,0,,0,0,,0,,0,0,0,0,1,0,FINAL (ENTRADA MANUAL)
21,76,1,4,0,,0,,,0,0,0,4,0,,0,,0,0,,0,,0,0,0,0,4,0,FINAL (ENTRADA MANUAL)
21,76,2,0,0,,0,,,0,0,0,0,0,,0,,0,0,,0,,0,0,0,0,0,0,FINAL (ENTRADA MANUAL)
21,76,3,1,0,,0,,,0,0,0,1,0,,0,,0,0,,0,,0,0,0,0,1,0,FINAL (ENTRADA MANUAL)
21,77,1,0,0,,0,,,0,0,0,0,0,,0,,0,0,,0,,0,0,0,0,0,0,FINAL (ENTRADA MANUAL)
21,77,2,2,0,,1,,,0,0,0,2,0,,1,,0,0,,0,,0,0,0,0,3,0,FINAL (ENTRADA MANUAL)
21,77,3,2,2,,0,,,0,0,0,0,0,,0,,0,0,,1,,0,0,0,3,4,0,FINAL (ENTRADA MANUAL)
21,78,1,18,5,,3,,,0,0,0,10,3,,2,,0,0,,0,,4,0,0,11,30,0,FINAL (ENTRADA MANUAL)
21,78,2,0,0,,0,,,0,0,0,0,0,,0,,0,0,,0,,0,0,0,0,0,0,FINAL (ENTRADA MANUAL)
21,78,3,0,0,,0,,,0,0,0,0,0,,0,,0,0,,0,,0,0,0,0,0,0,FINAL (ENTRADA MANUAL)
21,78,4,1,0,,0,,,0,0,0,0,0,,0,,0,0,,0,,0,0,0,1,1,0,FINAL (ENTRADA MANUAL)
22,1,1,146,53,,10,,,1,0,1,125,38,,7,,1,1,,0,,2,0,0,39,213,376,FINAL (ENTRADA MANUAL)
22,1,2,128,51,,16,,,2,0,7,92,37,,15,,2,2,,3,,3,0,0,53,207,376,FINAL (ENTRADA MANUAL)
22,1,3,120,60,,10,,,1,0,2,75,44,,7,,3,2,,1,,3,0,0,61,196,376,FINAL (ENTRADA MANUAL)
22,2,1,157,29,,3,,,6,0,0,117,24,,3,,0,3,,2,,2,0,0,46,197,412,FINAL (ENTRADA MANUAL)
22,2,2,178,23,,5,,,2,0,1,134,20,,3,,0,3,,2,,3,0,0,47,212,412,FINAL (ENTRADA MANUAL)
22,2,3,178,27,,9,,,0,0,0,144,22,,4,,1,2,,0,,1,0,0,41,215,413,FINAL (ENTRADA MANUAL)
22,3,1,170,39,,42,,,0,0,3,116,26,,34,,1,0,,5,,1,0,0,72,255,439,FINAL (ENTRADA MANUAL)
22,3,2,172,35,,28,,,1,0,2,132,24,,24,,4,0,,4,,6,0,0,50,244,439,FINAL (ENTRADA MANUAL)
22,3,3,161,37,,26,,,1,0,0,114,35,,18,,4,2,,2,,3,1,0,50,229,439,FINAL (ENTRADA MANUAL)
22,3,4,196,20,,45,,,1,0,3,132,14,,38,,1,0,,4,,2,0,0,76,267,439,FINAL (ENTRADA MANUAL)
22,3,5,181,36,,30,,,1,0,1,125,25,,21,,6,1,,1,,1,0,0,70,250,439,FINAL (ENTRADA MANUAL)
22,3,6,186,33,,23,,,1,0,4,118,19,,16,,2,1,,2,,0,0,0,89,247,438,FINAL (ENTRADA MANUAL)
22,4,1,122,42,,15,,,0,0,0,94,34,,12,,2,1,,1,,3,0,0,35,182,307,FINAL (ENTRADA MANUAL)
22,4,2,122,42,,15,,,0,0,2,81,35,,7,,3,0,,2,,1,0,0,53,182,307,FINAL (ENTRADA MANUAL)
22,5,1,175,48,,26,,,0,0,0,119,34,,23,,3,4,,1,,2,0,0,65,251,450,FINAL (ENTRADA MANUAL)
22,5,2,152,52,,21,,,1,0,1,125,41,,14,,3,4,,3,,1,0,0,37,228,451,FINAL (ENTRADA MANUAL)
22,6,1,184,50,,18,,,0,0,2,147,42,,14,,4,4,,4,,1,0,0,39,255,536,FINAL (ENTRADA MANUAL)
22,6,2,143,45,,22,,,1,0,0,96,30,,13,,2,1,,4,,6,1,0,65,218,536,FINAL (ENTRADA MANUAL)
22,6,3,165,47,,24,,,3,0,3,120,32,,17,,3,2,,0,,5,0,0,68,247,536,FINAL (ENTRADA MANUAL)
22,6,4,177,38,,20,,,2,0,1,147,31,,18,,3,1,,3,,1,0,0,35,239,536,FINAL (ENTRADA MANUAL)
22,6,5,180,40,,23,,,0,0,2,136,32,,14,,3,3,,1,,3,0,0,56,248,536,FINAL (ENTRADA MANUAL)
22,6,6,157,49,,14,,,1,0,4,117,30,,10,,1,2,,1,,5,0,0,64,230,538,FINAL (ENTRADA MANUAL)
22,7,1,179,57,,13,,,0,0,0,135,50,,12,,2,8,,0,,4,0,0,42,253,466,FINAL (ENTRADA MANUAL)
22,7,2,185,47,,24,,,1,0,0,146,41,,17,,1,1,,3,,1,0,0,48,258,466,FINAL (ENTRADA MANUAL)
22,8,1,169,38,,28,,,1,0,1,121,31,,22,,3,0,,4,,1,1,0,56,239,399,FINAL (ENTRADA MANUAL)
22,8,2,181,34,,22,,,2,0,0,136,26,,18,,0,1,,0,,3,0,0,58,242,399,FINAL (ENTRADA MANUAL)
22,9,1,162,39,,15,,,1,0,1,117,33,,11,,0,4,,2,,1,0,0,51,219,444,FINAL (ENTRADA MANUAL)
22,9,2,152,30,,11,,,1,0,3,111,21,,6,,3,3,,3,,2,0,0,50,199,444,FINAL (ENTRADA MANUAL)
22,9,3,175,30,,19,,,2,0,0,137,20,,14,,1,1,,0,,0,0,0,53,226,444,FINAL (ENTRADA MANUAL)
22,9,4,141,33,,21,,,1,0,2,97,27,,11,,5,2,,3,,1,0,0,53,199,442,FINAL (ENTRADA MANUAL)
22,10,1,215,36,,21,,,2,0,1,156,33,,17,,2,1,,3,,2,0,0,63,277,486,FINAL (ENTRADA MANUAL)
22,10,2,189,33,,19,,,6,0,1,142,25,,14,,3,3,,4,,4,0,0,57,252,486,FINAL (ENTRADA MANUAL)
22,10,3,192,28,,32,,,2,0,3,139,16,,24,,1,2,,3,,2,0,0,72,259,487,FINAL (ENTRADA MANUAL)
22,11,1,203,41,,24,,,2,0,1,156,32,,18,,2,0,,4,,6,1,0,59,278,516,FINAL (ENTRADA MANUAL)
22,11,2,192,51,,29,,,3,0,2,139,39,,23,,4,2,,2,,2,1,0,68,280,516,FINAL (ENTRADA MANUAL)
22,11,3,185,32,,27,,,2,2,0,149,27,,20,,1,1,,2,,5,0,0,48,253,516,FINAL (ENTRADA MANUAL)
22,11,4,199,37,,33,,,3,0,1,151,33,,30,,7,3,,3,,2,0,0,46,275,517,FINAL (ENTRADA MANUAL)
22,72,1,162,22,,8,,,6,0,0,138,18,,7,,0,5,,0,,0,0,0,30,198,0,FINAL (ENTRADA MANUAL)
22,72,2,37,2,,4,,,0,0,0,34,2,,3,,1,1,,0,,1,0,0,2,44,0,FINAL (ENTRADA MANUAL)
22,72,3,304,49,,17,,,4,0,3,243,36,,14,,4,6,,0,,0,0,0,74,377,0,FINAL (ENTRADA MANUAL)
22,72,4,107,12,,8,,,2,0,0,90,9,,7,,1,4,,0,,15,3,0,18,147,0,FINAL (ENTRADA MANUAL)
22,72,5,20,1,,0,,,0,0,0,13,1,,0,,1,1,,0,,0,0,0,5,21,0,FINAL (ENTRADA MANUAL)
22,72,6,2,0,,0,,,0,0,0,2,0,,0,,0,0,,0,,0,0,0,0,2,0,FINAL (ENTRADA MANUAL)
22,72,7,20,4,,0,,,0,0,0,16,4,,0,,0,1,,0,,0,0,0,3,24,0,FINAL (ENTRADA MANUAL)
22,72,8,2,0,,0,,,0,0,0,2,0,,0,,0,0,,0,,1,0,0,0,3,0,FINAL (ENTRADA MANUAL)
22,73,1,242,161,,4,,,0,1,0,183,144,,2,,4,24,,1,,0,0,0,50,408,0,FINAL (ENTRADA MANUAL)
22,73,2,0,0,,0,,,0,0,0,0,0,,0,,0,0,,0,,0,0,0,0,0,0,FINAL (ENTRADA MANUAL)
22,73,3,0,0,,0,,,0,0,0,0,0,,0,,0,0,,0,,0,0,0,0,0,0,FINAL (ENTRADA MANUAL)
22,74,1,0,0,,0,,,0,0,0,0,0,,0,,0,0,,0,,0,0,0,0,0,0,FINAL (ENTRADA MANUAL)
22,74,2,0,0,,0,,,0,0,0,0,0,,0,,0,0,,0,,0,0,0,0,0,0,FINAL (ENTRADA MANUAL)
22,75,1,5,0,,0,,,3,0,0,0,0,,0,,2,0,,1,,2,0,1,5,11,0,FINAL (ENTRADA MANUAL)
22,76,1,24,4,,1,,,0,0,0,20,4,,1,,0,0,,0,,2,0,0,4,31,0,FINAL (ENTRADA MANUAL)
22,76,2,0,0,,0,,,0,0,0,0,0,,0,,0,0,,0,,0,0,0,0,0,0,FINAL (ENTRADA MANUAL)
22,76,3,5,1,,0,,,0,0,0,4,1,,0,,0,0,,0,,0,0,0,1,6,0,FINAL (ENTRADA MANUAL)
22,76,4,0,0,,0,,,0,0,0,0,0,,0,,0,0,,0,,1,0,0,0,1,0,FINAL (ENTRADA MANUAL)
22,76,5,6,0,,0,,,0,0,0,2,0,,0,,0,0,,0,,0,0,0,4,6,0,FINAL (ENTRADA MANUAL)
22,76,6,0,0,,0,,,0,0,0,0,0,,0,,0,0,,0,,0,0,0,0,0,0,FINAL (ENTRADA MANUAL)
22,77,1,8,0,,1,,,0,0,6,6,0,,1,,0,0,,0,,0,0,0,9,9,0,FINAL (ENTRADA MANUAL)
22,77,2,11,6,,10,,,0,0,0,6,5,,7,,1,1,,2,,2,1,0,5,30,0,FINAL (ENTRADA MANUAL)
22,77,3,7,0,,1,,,0,0,0,5,0,,0,,1,0,,0,,0,0,0,2,8,0,FINAL (ENTRADA MANUAL)
22,78,1,59,18,,2,,,0,0,1,47,13,,0,,0,1,,0,,5,9,0,19,94,0,FINAL (ENTRADA MANUAL)
22,78,2,0,0,,0,,,0,0,0,0,0,,0,,0,0,,0,,0,0,0,0,0,0,FINAL (ENTRADA MANUAL)
22,78,3,0,0,,0,,,0,0,0,0,0,,0,,0,0,,0,,0,0,0,0,0,0,FINAL (ENTRADA MANUAL)
22,78,4,0,0,,0,,,0,0,0,0,0,,0,,0,0,,0,,0,0,0,0,0,0,FINAL (ENTRADA MANUAL)
24,1,1,149,15,,8,65,,0,0,0,128,12,,7,46,4,2,,1,0,0,0,0,37,237,468,FINAL (ENTRADA MANUAL)
24,1,2,153,14,,8,72,,0,0,0,125,13,,7,51,1,5,,0,3,2,0,0,42,249,469,FINAL (ENTRADA MANUAL)
24,2,1,163,16,,2,74,,3,0,2,110,12,,2,40,3,3,,1,2,6,0,0,87,266,507,FINAL (ENTRADA MANUAL)
24,2,2,149,14,,6,72,,0,0,0,112,13,,6,38,4,0,,0,1,0,0,0,67,241,507,FINAL (ENTRADA MANUAL)
24,2,3,141,16,,6,71,,0,1,1,110,13,,5,53,0,1,,1,5,3,0,0,48,239,508,FINAL (ENTRADA MANUAL)
24,3,1,168,12,,27,54,,0,0,1,122,11,,22,32,0,3,,2,1,0,0,0,69,262,490,FINAL (ENTRADA MANUAL)
24,3,2,151,20,,14,62,,0,1,1,113,16,,11,41,2,2,,2,1,2,0,0,61,251,490,FINAL (ENTRADA MANUAL)
24,3,3,142,4,,17,72,,0,0,1,102,2,,11,49,4,2,,2,3,0,0,0,61,236,490,FINAL (ENTRADA MANUAL)
24,3,4,166,19,,9,69,,0,0,0,100,15,,6,38,1,3,,2,0,1,0,0,98,264,492,FINAL (ENTRADA MANUAL)
24,4,1,135,11,,11,47,,0,0,1,102,10,,11,22,2,1,,0,2,5,0,0,55,210,420,FINAL (ENTRADA MANUAL)
24,4,2,138,11,,8,36,,1,0,1,119,10,,8,23,2,2,,0,0,1,0,0,31,196,420,FINAL (ENTRADA MANUAL)
24,4,3,137,12,,5,38,,3,0,1,108,11,,4,28,0,2,,2,0,0,0,0,41,196,419,FINAL (ENTRADA MANUAL)
24,5,1,173,18,,11,39,,0,0,0,134,13,,10,28,1,2,,2,2,2,0,0,49,243,456,FINAL (ENTRADA MANUAL)
24,5,2,160,11,,15,59,,1,0,0,122,9,,13,32,4,3,,2,3,0,0,0,58,246,456,FINAL (ENTRADA MANUAL)
24,6,1,194,8,,8,61,,0,1,0,151,8,,6,42,7,1,,0,2,1,1,0,55,274,475,FINAL (ENTRADA MANUAL)
24,7,1,109,12,,6,39,,0,0,0,88,11,,6,23,2,0,,0,1,2,0,0,35,168,241,FINAL (ENTRADA MANUAL)
24,7,2,104,19,,9,20,,0,0,0,88,18,,5,15,1,0,,1,1,1,0,0,23,153,241,FINAL (ENTRADA MANUAL)
24,72,1,2,0,,0,0,,0,0,0,0,0,,0,0,0,0,,0,0,0,0,0,2,2,0,FINAL (ENTRADA MANUAL)
24,72,2,0,0,,0,0,,0,0,0,0,0,,0,0,0,0,,0,0,0,0,0,0,0,0,FINAL (ENTRADA MANUAL)
24,72,3,70,9,,11,18,,2,0,0,52,8,,0,8,10,4,,1,1,0,0,0,26,110,0,FINAL (ENTRADA MANUAL)
24,72,4,14,2,,8,2,,0,0,0,5,2,,8,1,2,2,,0,0,1,0,0,6,27,0,FINAL (ENTRADA MANUAL)
24,72,5,8,1,,2,2,,0,0,0,6,1,,2,1,0,0,,0,0,0,0,0,0,13,0,FINAL (ENTRADA MANUAL)
24,72,6,0,0,,0,0,,0,0,0,0,0,,0,0,0,0,,0,0,0,0,0,0,0,0,FINAL (ENTRADA MANUAL)
24,72,7,2,0,,0,0,,0,0,0,0,0,,0,0,0,0,,0,0,0,0,0,2,2,0,FINAL (ENTRADA MANUAL)
24,73,1,332,50,,3,43,,0,0,1,265,45,,1,23,2,5,,0,1,0,0,0,87,429,0,FINAL (ENTRADA MANUAL)
24,73,2,0,0,,0,0,,0,0,0,0,0,,0,0,0,0,,0,0,0,0,0,0,0,0,FINAL (ENTRADA MANUAL)
24,73,3,32,6,,0,6,,0,0,0,29,4,,0,5,1,2,,0,1,1,0,0,1,44,0,FINAL (ENTRADA MANUAL)
24,74,1,0,0,,0,1,,0,0,0,0,0,,0,0,0,0,,0,1,0,0,0,0,1,0,FINAL (ENTRADA MANUAL)
24,74,2,0,0,,0,0,,0,0,0,0,0,,0,0,0,0,,0,0,0,0,0,0,0,0,FINAL (ENTRADA MANUAL)
24,75,1,0,0,,0,0,,0,0,0,0,0,,0,0,0,0,,0,0,0,0,0,0,0,0,FINAL (ENTRADA MANUAL)
24,75,2,0,0,,0,0,,0,0,0,0,0,,0,0,0,0,,0,0,0,0,0,0,0,0,FINAL (ENTRADA MANUAL)
24,76,1,6,3,,0,0,,0,0,0,4,3,,0,0,0,0,,0,0,0,0,0,2,9,0,FINAL (ENTRADA MANUAL)
24,76,2,0,0,,0,0,,0,0,0,0,0,,0,0,0,0,,0,0,0,0,0,0,0,0,FINAL (ENTRADA MANUAL)
24,76,3,1,0,,0,0,,0,0,0,1,0,,0,0,0,0,,0,0,0,0,0,0,1,0,FINAL (ENTRADA MANUAL)
24,76,5,1,0,,0,0,,0,0,0,0,0,,0,0,0,0,,0,0,0,0,0,1,1,0,FINAL (ENTRADA MANUAL)
24,76,6,0,0,,0,0,,0,0,0,0,0,,0,0,0,0,,0,0,0,0,0,0,0,0,FINAL (ENTRADA MANUAL)
24,77,1,2,0,,1,1,,0,0,0,2,0,,0,1,0,0,,0,0,0,0,0,1,4,0,FINAL (ENTRADA MANUAL)
24,77,2,1,0,,0,0,,0,0,0,1,0,,0,0,0,0,,0,0,0,0,0,0,1,0,FINAL (ENTRADA MANUAL)
24,77,3,5,0,,1,1,,0,0,0,3,0,,0,0,0,0,,1,0,0,0,0,3,7,0,FINAL (ENTRADA MANUAL)
24,78,1,49,7,,3,6,,0,1,0,36,7,,3,4,1,0,,0,0,1,0,0,15,67,0,FINAL (ENTRADA MANUAL)
24,78,2,0,0,,0,0,,0,0,0,0,0,,0,0,0,0,,0,0,0,0,0,0,0,0,FINAL (ENTRADA MANUAL)
24,78,3,0,0,,0,0,,0,0,0,0,0,,0,0,0,0,,0,0,0,0,0,0,0,0,FINAL (ENTRADA MANUAL)
24,78,4,0,0,,0,0,,0,0,0,0,0,,0,0,0,0,,0,0,0,0,0,0,0,0,FINAL (ENTRADA MANUAL)
25,1,1,33,219,,2,,,1,0,4,16,142,1,1,0,3,14,0,3,0,2,0,0,79,261,443,FINAL (ENTRADA MANUAL)
25,1,2,31,191,,9,,,0,0,4,18,121,0,6,3,7,12,1,4,3,0,2,0,60,237,443,FINAL (ENTRADA MANUAL)
25,1,3,29,201,,6,,,0,0,2,25,117,0,3,1,3,11,0,4,0,1,0,0,74,239,443,FINAL (ENTRADA MANUAL)
25,1,4,33,212,,5,,,0,0,5,31,130,0,4,4,1,19,0,2,2,2,1,0,62,258,443,FINAL (ENTRADA MANUAL)
25,1,5,29,218,,8,,,0,0,5,22,135,0,6,4,6,17,0,1,3,2,0,0,66,262,443,FINAL (ENTRADA MANUAL)
25,1,6,26,224,,15,,,0,0,4,20,127,1,11,2,6,11,0,9,1,1,0,0,81,270,441,FINAL (ENTRADA MANUAL)
25,2,1,27,174,,8,,,0,0,2,22,122,1,6,1,3,8,0,0,2,0,0,0,46,211,383,FINAL (ENTRADA MANUAL)
25,2,2,28,175,,3,,,0,0,1,22,130,0,3,1,3,10,0,1,0,1,0,0,37,208,383,FINAL (ENTRADA MANUAL)
25,2,3,24,179,,2,,,1,0,0,20,120,0,2,0,2,1,0,5,0,1,0,0,56,207,383,FINAL (ENTRADA MANUAL)
25,2,4,23,179,,3,,,1,0,1,19,118,0,1,0,4,8,0,1,0,0,0,0,56,207,382,FINAL (ENTRADA MANUAL)
25,3,1,33,183,,3,,,1,0,5,21,107,0,1,0,6,18,1,3,4,1,0,0,64,226,416,FINAL (ENTRADA MANUAL)
25,3,2,25,174,,6,,,0,0,5,21,104,0,6,1,1,9,0,2,2,2,0,0,64,212,416,FINAL (ENTRADA MANUAL)
25,3,3,31,178,,6,,,0,0,4,29,109,0,4,2,4,14,0,4,1,1,0,0,52,220,416,FINAL (ENTRADA MANUAL)
25,3,4,23,203,,3,,,0,0,2,16,113,0,3,0,7,13,0,2,1,0,0,0,76,231,418,FINAL (ENTRADA MANUAL)
25,4,1,44,196,,4,,,0,1,2,35,122,0,2,1,14,12,0,2,0,0,0,0,59,247,509,FINAL (ENTRADA MANUAL)
25,4,2,37,194,,2,,,1,1,2,32,114,0,1,2,6,4,1,2,0,1,0,0,75,238,509,FINAL (ENTRADA MANUAL)
25,4,3,27,214,,11,,,1,1,3,21,135,1,7,1,4,14,1,3,1,1,0,0,69,258,508,FINAL (ENTRADA MANUAL)
25,5,1,33,172,,7,,,1,1,3,28,111,0,6,3,6,9,0,2,2,3,0,0,50,220,435,FINAL (ENTRADA MANUAL)
25,5,2,31,176,,8,,,1,0,6,26,107,0,5,4,4,12,0,3,0,2,0,0,61,224,435,FINAL (ENTRADA MANUAL)
25,5,3,38,194,,5,,,1,0,3,34,125,0,4,3,2,10,0,1,1,1,0,0,61,242,435,FINAL (ENTRADA MANUAL)
25,5,4,22,204,,6,,,1,0,2,20,124,0,5,2,14,11,0,2,0,1,0,0,57,236,435,FINAL (ENTRADA MANUAL)
25,5,5,35,184,,3,,,0,0,0,30,130,0,0,0,2,6,0,1,0,1,0,0,53,223,436,FINAL (ENTRADA MANUAL)
25,6,1,17,228,,6,,,0,0,2,16,165,1,4,1,4,15,0,2,3,0,2,0,42,255,442,FINAL (ENTRADA MANUAL)
25,6,2,22,230,,3,,,0,0,5,18,160,0,0,3,4,11,0,2,0,1,1,1,62,263,442,FINAL (ENTRADA MANUAL)
25,6,3,22,220,,3,,,0,1,5,21,152,0,2,4,4,5,1,1,2,0,0,0,59,251,442,FINAL (ENTRADA MANUAL)
25,6,4,30,232,,3,,,0,0,1,30,171,0,2,1,2,16,0,3,0,1,0,0,41,267,441,FINAL (ENTRADA MANUAL)
25,7,1,15,208,,4,,,1,0,3,9,130,0,4,1,5,8,1,2,5,2,0,0,66,233,428,FINAL (ENTRADA MANUAL)
25,7,2,22,204,,7,,,0,0,2,15,145,0,5,1,1,10,0,0,1,1,1,0,57,237,428,FINAL (ENTRADA MANUAL)
25,7,3,32,219,,2,,,0,0,2,28,146,0,1,1,1,10,0,2,1,0,0,0,65,255,428,FINAL (ENTRADA MANUAL)
25,7,4,31,208,,7,,,0,1,1,25,138,0,5,1,3,4,1,1,1,3,0,0,69,251,428,FINAL (ENTRADA MANUAL)
25,8,1,26,175,,3,,,1,0,3,18,123,0,3,0,3,5,0,0,0,3,0,0,56,211,391,FINAL (ENTRADA MANUAL)
25,8,2,30,151,,6,,,1,0,1,22,104,0,4,0,4,6,0,2,0,0,0,0,47,189,391,FINAL (ENTRADA MANUAL)
25,8,3,18,182,,3,,,0,0,2,15,113,0,3,2,4,3,0,1,0,0,0,0,64,205,391,FINAL (ENTRADA MANUAL)
25,8,4,24,177,,6,,,0,0,1,15,116,0,3,1,1,10,0,1,0,1,0,0,61,209,390,FINAL (ENTRADA MANUAL)
25,9,1,39,235,,4,,,0,0,1,31,152,0,2,0,1,12,0,1,1,1,0,0,79,280,467,FINAL (ENTRADA MANUAL)
25,9,2,36,197,,4,,,0,1,1,29,142,0,2,1,0,8,0,2,2,0,0,0,53,239,467,FINAL (ENTRADA MANUAL)
25,72,1,4,9,,0,,,0,0,0,3,6,0,0,0,0,1,0,0,0,0,0,0,3,13,0,FINAL (ENTRADA MANUAL)
25,72,2,0,2,,0,,,0,0,0,0,2,0,0,0,0,0,0,0,0,0,0,0,0,2,0,FINAL (ENTRADA MANUAL)
25,72,3,219,524,,8,,,0,2,5,167,321,0,5,0,26,61,0,4,2,0,0,0,173,759,0,FINAL (ENTRADA MANUAL)
25,72,4,40,170,,3,,,0,0,6,33,107,0,2,2,3,24,0,1,1,3,4,0,46,226,0,FINAL (ENTRADA MANUAL)
25,72,5,14,28,,0,,,0,0,0,11,16,0,0,2,3,0,0,0,0,0,0,0,10,42,0,FINAL (ENTRADA MANUAL)
25,72,6,1,1,,0,,,0,0,0,0,0,0,0,0,0,0,0,0,0,0,0,0,2,2,0,FINAL (ENTRADA MANUAL)
25,72,7,7,21,,0,,,0,0,2,5,12,0,0,0,1,2,0,0,0,0,0,0,10,30,0,FINAL (ENTRADA MANUAL)
25,72,8,0,1,,0,,,0,0,0,0,1,0,0,0,0,0,0,0,0,0,0,0,0,1,0,FINAL (ENTRADA MANUAL)
25,72,9,0,1,,0,,,0,0,0,0,1,0,0,0,0,0,0,0,0,0,0,0,0,1,0,FINAL (ENTRADA MANUAL)
25,72,10,0,5,,0,,,0,0,0,0,4,0,0,0,0,0,0,0,0,0,0,0,1,5,0,FINAL (ENTRADA MANUAL)
25,73,1,7,108,,0,,,0,0,0,6,86,0,0,0,2,3,0,0,0,0,0,0,18,115,0,FINAL (ENTRADA MANUAL)
25,73,2,0,7,,0,,,0,0,0,0,7,0,0,0,0,0,0,0,0,1,0,0,0,8,0,FINAL (ENTRADA MANUAL)
25,74,1,1,2,,0,,,0,0,0,1,2,0,0,0,0,0,0,0,0,0,0,0,0,3,0,FINAL (ENTRADA MANUAL)
25,74,2,0,0,,0,,,0,0,0,0,0,0,0,0,0,0,0,0,0,0,0,0,0,0,0,FINAL (ENTRADA MANUAL)
25,75,1,3,5,,0,,,0,0,0,2,1,0,0,0,2,1,0,0,0,0,1,0,2,9,0,FINAL (ENTRADA MANUAL)
25,76,1,9,14,,0,,,0,0,0,8,8,0,0,0,0,0,0,0,0,1,0,0,7,24,0,FINAL (ENTRADA MANUAL)
25,76,2,0,1,,0,,,0,0,0,0,1,0,0,0,0,0,0,0,0,0,0,0,0,1,0,FINAL (ENTRADA MANUAL)
25,76,3,0,4,,0,,,0,0,0,0,1,0,0,0,1,0,0,0,0,0,0,0,2,4,0,FINAL (ENTRADA MANUAL)
25,76,5,1,3,,0,,,0,0,0,1,2,0,0,0,0,0,0,0,0,0,0,0,1,4,0,FINAL (ENTRADA MANUAL)
25,76,6,0,0,,0,,,0,0,0,0,0,0,0,0,0,0,0,0,0,1,0,0,0,1,0,FINAL (ENTRADA MANUAL)
25,77,1,0,0,,0,,,0,0,0,0,0,0,0,0,0,0,0,0,0,0,0,0,0,0,0,FINAL (ENTRADA MANUAL)
25,77,2,2,25,,5,,,0,0,0,0,21,0,5,2,0,0,0,1,0,0,0,0,5,34,0,FINAL (ENTRADA MANUAL)
25,77,3,0,1,,1,,,0,0,0,0,0,0,0,0,0,0,0,0,0,0,0,0,2,2,0,FINAL (ENTRADA MANUAL)
25,78,1,11,68,,4,,,0,0,3,8,41,1,2,2,1,1,0,0,0,0,1,0,30,87,0,FINAL (ENTRADA MANUAL)
25,78,2,0,0,,0,,,0,0,0,0,0,0,0,0,0,0,0,0,0,0,0,0,0,0,0,FINAL (ENTRADA MANUAL)
25,78,3,0,0,,0,,,0,0,0,0,0,0,0,0,0,0,0,0,0,0,0,0,0,0,0,FINAL (ENTRADA MANUAL)
25,78,4,0,1,,0,,,0,0,0,0,1,0,0,0,0,0,0,0,0,0,0,0,0,1,0,FINAL (ENTRADA MANUAL)
26,1,1,74,134,7,7,10,,0,0,0,64,90,4,7,9,2,5,0,0,1,0,0,0,50,232,450,FINAL (ENTRADA MANUAL)
26,1,2,75,124,18,7,8,,0,1,0,59,75,10,3,8,0,0,3,2,0,1,1,0,73,235,450,FINAL (ENTRADA MANUAL)
26,1,3,90,134,10,4,17,,0,0,1,71,89,4,3,16,0,5,2,4,1,4,1,0,61,261,450,FINAL (ENTRADA MANUAL)
26,1,4,75,144,10,4,7,,0,0,0,60,83,8,3,6,2,4,2,1,0,0,0,0,71,240,450,FINAL (ENTRADA MANUAL)
26,2,1,56,125,5,4,4,,0,0,1,50,97,2,2,2,1,2,4,3,0,3,0,0,32,198,345,FINAL (ENTRADA MANUAL)
26,3,1,77,187,5,3,11,,0,0,0,69,125,4,3,9,2,10,4,2,0,0,0,0,55,283,438,FINAL (ENTRADA MANUAL)
26,3,2,57,177,5,3,14,,1,0,1,48,111,2,2,8,4,3,1,4,2,0,0,0,73,258,438,FINAL (ENTRADA MANUAL)
26,3,3,68,166,8,7,9,,0,0,1,58,105,4,4,6,3,7,4,1,1,0,0,0,66,259,438,FINAL (ENTRADA MANUAL)
26,3,4,62,150,8,7,21,,0,0,1,56,107,6,6,20,2,2,0,4,1,1,0,0,45,250,438,FINAL (ENTRADA MANUAL)
26,3,5,46,179,9,4,4,,0,0,0,32,125,4,3,4,1,2,3,1,4,1,1,0,63,244,438,FINAL (ENTRADA MANUAL)
26,3,6,61,159,7,6,11,,1,0,1,48,97,5,5,10,6,1,1,2,3,0,0,0,68,246,438,FINAL (ENTRADA MANUAL)
26,3,7,52,165,10,3,15,,0,1,0,43,111,5,2,13,3,5,5,0,2,0,0,0,57,246,438,FINAL (ENTRADA MANUAL)
26,3,8,63,165,8,3,11,,0,0,0,49,110,2,2,10,2,1,6,2,2,1,0,0,64,251,437,FINAL (ENTRADA MANUAL)
26,4,1,75,130,16,3,17,,0,0,0,67,104,12,2,16,0,1,1,1,2,1,0,0,35,242,434,FINAL (ENTRADA MANUAL)
26,4,2,71,142,9,5,11,,0,0,0,61,103,5,5,9,4,0,1,2,3,2,0,0,45,240,434,FINAL (ENTRADA MANUAL)
26,4,3,53,148,6,4,17,,0,0,1,46,108,3,2,17,0,4,0,2,1,1,0,0,46,230,434,FINAL (ENTRADA MANUAL)
26,4,4,58,146,6,4,12,,0,0,1,54,99,4,3,9,5,5,5,4,3,1,0,0,36,228,432,FINAL (ENTRADA MANUAL)
26,5,1,59,64,5,1,6,,0,0,0,54,43,3,1,5,3,0,0,0,2,0,0,0,24,135,252,FINAL (ENTRADA MANUAL)
26,5,2,60,90,2,1,4,,0,0,0,55,71,0,1,4,1,0,1,0,0,1,0,0,24,158,253,FINAL (ENTRADA MANUAL)
26,6,1,91,135,7,5,10,,0,0,1,76,85,3,4,7,2,2,2,2,3,1,0,0,63,250,476,FINAL (ENTRADA MANUAL)
26,6,2,84,157,7,4,9,,0,0,1,73,105,2,3,4,1,4,1,2,0,0,0,0,67,262,476,FINAL (ENTRADA MANUAL)
26,6,3,71,159,7,2,8,,0,0,1,57,100,2,1,6,3,4,3,3,3,2,0,0,66,250,476,FINAL (ENTRADA MANUAL)
26,6,4,78,141,10,8,12,,0,0,1,61,96,7,8,9,4,4,0,1,0,1,1,0,60,252,477,FINAL (ENTRADA MANUAL)
26,72,1,7,3,0,0,0,,0,0,0,5,1,0,0,0,2,0,0,0,0,0,1,0,2,11,0,FINAL (ENTRADA MANUAL)
26,72,2,1,0,0,0,0,,0,0,0,1,0,0,0,0,0,0,0,0,0,0,0,0,0,1,0,FINAL (ENTRADA MANUAL)
26,72,3,214,161,2,2,6,,0,0,0,199,126,2,2,6,9,4,1,0,1,0,0,1,35,385,0,FINAL (ENTRADA MANUAL)
26,72,4,125,73,0,0,9,,0,0,1,109,59,0,0,8,3,1,1,0,0,0,0,0,27,208,0,FINAL (ENTRADA MANUAL)
26,72,5,13,12,0,0,0,,0,0,0,11,7,0,0,0,2,0,0,0,0,0,0,0,5,25,0,FINAL (ENTRADA MANUAL)
26,72,6,2,1,0,0,0,,0,0,0,1,1,0,0,0,0,0,0,0,0,0,0,0,1,3,0,FINAL (ENTRADA MANUAL)
26,72,7,8,1,0,0,1,,0,0,0,8,1,0,0,1,0,0,0,0,0,0,0,0,0,10,0,FINAL (ENTRADA MANUAL)
26,72,8,4,1,0,0,1,,0,0,0,2,1,0,0,1,0,0,0,0,0,0,0,0,2,6,0,FINAL (ENTRADA MANUAL)
26,72,9,0,0,0,0,0,,0,0,0,0,0,0,0,0,0,0,0,0,0,0,0,0,0,0,0,FINAL (ENTRADA MANUAL)
26,72,10,0,0,0,0,0,,0,0,0,0,0,0,0,0,0,0,0,0,0,0,0,0,0,0,0,FINAL (ENTRADA MANUAL)
26,73,1,19,126,1,1,1,,0,0,0,17,120,1,0,1,0,1,0,0,0,0,0,0,8,148,0,FINAL (ENTRADA MANUAL)
26,73,2,4,13,0,0,0,,0,0,0,4,11,0,0,0,0,1,0,0,0,0,0,0,1,17,0,FINAL (ENTRADA MANUAL)
26,74,1,0,0,1,0,0,,0,0,0,0,0,1,0,0,0,0,0,0,0,0,0,0,0,1,0,FINAL (ENTRADA MANUAL)
26,74,2,0,0,0,0,0,,0,0,0,0,0,0,0,0,0,0,0,0,0,0,0,0,0,0,0,FINAL (ENTRADA MANUAL)
26,75,1,2,0,0,0,0,,0,0,0,1,0,0,0,0,0,0,0,0,0,0,0,0,1,2,0,FINAL (ENTRADA MANUAL)
26,75,2,0,0,0,0,0,,0,0,0,0,0,0,0,0,0,0,0,0,0,0,0,0,0,0,0,FINAL (ENTRADA MANUAL)
26,76,1,9,8,0,0,0,,0,1,0,9,0,0,0,0,0,1,0,0,0,0,0,0,8,18,0,FINAL (ENTRADA MANUAL)
26,76,2,0,0,0,0,0,,0,0,0,0,0,0,0,0,0,0,0,0,0,0,0,0,0,0,0,FINAL (ENTRADA MANUAL)
26,76,3,5,1,0,0,0,,0,0,0,3,0,0,0,0,0,0,0,0,0,0,0,0,3,6,0,FINAL (ENTRADA MANUAL)
26,76,4,0,0,0,0,0,,0,0,0,0,0,0,0,0,0,0,0,0,0,0,0,0,0,0,0,FINAL (ENTRADA MANUAL)
26,76,5,3,0,0,0,0,,0,0,0,1,0,0,0,0,0,0,0,0,0,0,0,0,2,3,0,FINAL (ENTRADA MANUAL)
26,76,6,1,0,0,0,0,,0,0,0,1,0,0,0,0,0,0,0,0,0,1,0,0,0,2,0,FINAL (ENTRADA MANUAL)
26,77,1,0,4,1,0,0,,0,0,0,0,4,0,0,0,0,0,0,0,0,0,0,0,1,5,0,FINAL (ENTRADA MANUAL)
26,77,2,2,14,2,2,0,,0,0,0,1,9,1,2,0,0,0,0,0,0,0,0,0,7,20,0,FINAL (ENTRADA MANUAL)
26,77,3,0,1,0,0,0,,0,0,0,0,0,0,0,0,0,0,0,0,0,0,0,0,1,1,0,FINAL (ENTRADA MANUAL)
26,77,4,1,5,1,0,0,,1,0,0,1,3,1,0,0,0,0,0,0,0,0,0,0,3,8,0,FINAL (ENTRADA MANUAL)
26,78,1,21,50,1,0,2,,0,0,1,17,41,0,0,2,0,0,0,0,0,0,0,0,15,75,0,FINAL (ENTRADA MANUAL)
26,78,2,0,0,0,0,0,,0,0,0,0,0,0,0,0,0,0,0,0,0,0,0,0,0,0,0,FINAL (ENTRADA MANUAL)
26,78,3,0,0,0,0,0,,0,0,0,0,0,0,0,0,0,0,0,0,0,0,0,0,0,0,0,FINAL (ENTRADA MANUAL)
26,78,4,0,0,0,0,0,,0,0,0,0,0,0,0,0,0,0,0,0,0,0,0,0,0,0,0,FINAL (ENTRADA MANUAL)
27,1,1,106,185,8,7,9,,0,0,3,85,134,5,6,6,6,4,8,8,2,2,0,0,54,320,513,FINAL (ENTRADA MANUAL)
27,1,2,111,162,10,5,19,,0,0,0,86,106,3,3,17,4,3,4,4,1,0,0,0,76,307,513,FINAL (ENTRADA MANUAL)
27,1,3,83,155,10,15,14,,0,0,1,62,85,5,14,11,3,4,5,4,4,3,0,0,81,281,513,FINAL (ENTRADA MANUAL)
27,1,4,93,172,7,7,15,,0,0,0,80,125,5,6,13,3,2,0,4,0,2,0,0,56,296,513,FINAL (ENTRADA MANUAL)
27,1,5,88,174,6,12,12,,0,0,0,77,127,3,9,9,4,1,1,5,1,1,0,0,55,293,513,FINAL (ENTRADA MANUAL)
27,1,6,94,182,7,8,16,,0,0,0,76,128,4,6,11,0,5,4,4,3,0,0,0,66,307,513,FINAL (ENTRADA MANUAL)
27,1,7,92,174,7,8,5,,1,1,0,74,108,3,7,4,0,3,3,4,4,1,0,0,78,289,510,FINAL (ENTRADA MANUAL)
27,2,1,108,116,0,4,9,,0,0,1,98,71,0,4,8,1,2,1,1,0,1,0,0,52,239,371,FINAL (ENTRADA MANUAL)
27,3,1,62,98,0,1,3,,0,1,0,58,81,0,1,2,1,1,0,0,1,0,0,0,20,165,332,FINAL (ENTRADA MANUAL)
27,4,1,37,41,0,0,2,,0,0,0,37,34,0,0,2,1,1,1,0,1,0,0,0,3,80,144,FINAL (ENTRADA MANUAL)
27,5,1,78,171,6,5,16,,0,1,0,59,104,4,4,12,2,6,3,6,5,0,0,0,72,277,520,FINAL (ENTRADA MANUAL)
27,5,2,87,150,4,7,18,,0,0,0,70,100,3,5,15,3,2,2,1,3,0,0,0,62,266,520,FINAL (ENTRADA MANUAL)
27,5,3,86,172,9,7,17,,0,0,0,82,129,4,5,9,5,11,3,3,5,1,0,0,35,292,520,FINAL (ENTRADA MANUAL)
27,5,4,80,150,7,14,15,,0,0,1,74,125,4,13,15,0,0,2,5,2,1,0,0,27,268,520,FINAL (ENTRADA MANUAL)
27,5,5,90,138,3,5,19,,0,0,0,75,87,2,3,15,3,4,0,2,4,2,0,0,60,257,520,FINAL (ENTRADA MANUAL)
27,5,6,94,152,6,9,9,,0,0,0,78,91,3,7,6,3,3,3,3,2,0,0,0,71,270,519,FINAL (ENTRADA MANUAL)
27,6,1,139,129,4,2,4,,0,0,1,127,96,4,1,3,3,1,0,2,1,0,0,0,41,279,452,FINAL (ENTRADA MANUAL)
27,7,1,88,109,2,6,8,,0,0,0,81,89,2,5,7,3,1,0,2,1,0,0,0,22,213,484,FINAL (ENTRADA MANUAL)
27,7,2,74,122,2,2,5,,0,0,0,62,86,1,1,2,1,2,0,1,0,0,0,0,49,205,484,FINAL (ENTRADA MANUAL)
27,7,3,75,122,1,1,8,,0,0,1,67,83,1,0,6,1,3,0,2,0,0,0,0,45,208,484,FINAL (ENTRADA MANUAL)
27,7,4,84,126,0,3,6,,0,0,1,72,67,0,3,5,4,3,0,0,1,0,0,0,65,220,485,FINAL (ENTRADA MANUAL)
27,8,1,96,164,9,5,26,,0,0,0,82,113,8,5,15,6,6,1,5,1,0,0,0,58,300,517,FINAL (ENTRADA MANUAL)
27,8,2,89,169,5,9,26,,0,0,0,72,123,3,8,18,3,2,1,3,6,0,1,0,59,299,517,FINAL (ENTRADA MANUAL)
27,8,3,79,178,5,4,16,,0,0,0,67,130,2,4,10,1,1,1,1,4,2,0,0,61,284,517,FINAL (ENTRADA MANUAL)
27,8,4,80,170,4,5,20,,0,0,0,69,113,2,5,15,3,6,2,2,2,4,0,0,60,283,517,FINAL (ENTRADA MANUAL)
27,8,5,76,170,11,8,24,,0,0,0,58,107,7,4,17,2,3,1,3,2,1,0,0,85,290,518,FINAL (ENTRADA MANUAL)
27,9,1,153,125,6,2,8,,0,0,0,132,93,3,1,6,1,1,0,0,8,3,1,0,49,298,482,FINAL (ENTRADA MANUAL)
27,9,2,135,114,0,2,9,,0,1,0,115,70,0,1,7,5,2,1,1,1,0,0,0,58,261,482,FINAL (ENTRADA MANUAL)
27,10,1,117,115,4,0,7,,0,0,0,101,78,0,0,5,2,3,1,0,1,0,0,0,52,243,408,FINAL (ENTRADA MANUAL)
27,11,1,80,118,1,7,3,,0,0,0,65,77,1,5,3,3,5,0,0,0,0,0,0,50,209,453,FINAL (ENTRADA MANUAL)
27,11,2,65,152,1,5,5,,0,1,0,53,95,1,4,5,2,7,1,1,1,1,0,0,59,230,453,FINAL (ENTRADA MANUAL)
27,12,1,123,152,5,3,9,,0,0,1,108,98,3,2,6,1,4,1,2,2,0,0,0,66,293,466,FINAL (ENTRADA MANUAL)
27,12,2,92,167,7,0,10,,0,1,0,83,125,3,0,8,5,7,1,1,0,0,0,0,44,277,465,FINAL (ENTRADA MANUAL)
27,13,1,68,168,9,5,12,,0,0,0,60,114,5,3,10,2,9,4,7,2,0,0,0,46,263,415,FINAL (ENTRADA MANUAL)
27,13,2,58,148,8,11,12,,0,0,1,47,95,4,7,9,0,3,2,4,3,0,1,0,64,239,415,FINAL (ENTRADA MANUAL)
27,13,3,67,167,4,6,6,,0,0,1,57,100,1,4,6,5,5,3,4,2,1,0,0,64,252,415,FINAL (ENTRADA MANUAL)
27,13,4,65,149,6,7,17,,0,0,0,52,102,2,6,10,4,4,2,4,4,0,0,0,54,244,415,FINAL (ENTRADA MANUAL)
27,13,5,72,154,13,6,14,,0,0,0,58,102,11,5,11,4,9,0,4,0,1,0,0,55,260,415,FINAL (ENTRADA MANUAL)
27,13,6,58,174,12,8,5,,0,0,0,49,137,9,7,5,0,7,3,2,4,0,1,0,34,258,415,FINAL (ENTRADA MANUAL)
27,13,7,54,179,10,6,6,,0,0,0,39,118,6,2,6,3,2,2,5,2,0,0,0,70,255,415,FINAL (ENTRADA MANUAL)
27,13,8,48,164,10,8,14,,0,0,0,40,111,7,7,11,4,2,1,4,1,2,0,0,56,246,418,FINAL (ENTRADA MANUAL)
27,14,1,86,94,1,0,20,,0,0,0,71,59,0,0,12,4,3,0,1,1,1,0,0,50,202,326,FINAL (ENTRADA MANUAL)
27,14,2,90,93,1,2,21,,0,0,0,74,53,1,1,15,2,5,0,2,3,2,0,0,51,209,326,FINAL (ENTRADA MANUAL)
27,14,3,80,94,2,1,15,,0,0,0,60,70,0,0,13,3,3,1,1,1,1,0,0,40,193,325,FINAL (ENTRADA MANUAL)
27,15,1,81,153,7,5,22,,0,1,0,68,101,5,3,19,0,3,1,3,3,3,0,0,63,272,482,FINAL (ENTRADA MANUAL)
27,15,2,79,123,10,3,20,,0,1,0,73,87,4,3,19,4,0,1,2,1,0,0,0,42,236,482,FINAL (ENTRADA MANUAL)
27,15,3,86,153,5,6,18,,0,0,1,81,107,1,4,14,3,1,0,1,0,1,0,0,57,270,482,FINAL (ENTRADA MANUAL)
27,15,4,91,133,3,1,21,,0,0,0,81,82,2,1,18,3,5,0,1,0,1,0,0,56,250,482,FINAL (ENTRADA MANUAL)
27,15,5,89,113,7,3,15,,0,0,0,66,68,3,2,11,1,5,0,2,4,4,0,0,65,231,482,FINAL (ENTRADA MANUAL)
27,15,6,59,131,6,2,21,,0,0,0,49,86,5,2,16,3,4,0,1,3,2,0,0,50,221,479,FINAL (ENTRADA MANUAL)
27,16,1,105,140,8,2,28,,0,0,1,82,86,2,2,21,1,3,1,5,3,1,0,0,78,285,430,FINAL (ENTRADA MANUAL)
27,16,2,77,139,5,7,14,,0,0,0,64,85,4,7,11,5,2,0,4,3,0,0,0,57,242,430,FINAL (ENTRADA MANUAL)
27,16,3,95,145,8,10,23,,0,0,1,74,93,4,7,21,4,1,2,5,1,0,0,0,70,282,430,FINAL (ENTRADA MANUAL)
27,16,4,87,151,6,5,16,,0,0,1,69,98,4,4,15,6,7,0,2,1,1,0,0,60,267,430,FINAL (ENTRADA MANUAL)
27,16,5,81,155,6,3,27,,0,0,0,71,102,3,1,21,1,4,3,3,5,0,0,0,58,272,431,FINAL (ENTRADA MANUAL)
27,17,1,105,147,3,5,5,,0,0,0,82,95,1,5,3,2,1,3,1,1,3,1,0,71,269,507,FINAL (ENTRADA MANUAL)
27,18,1,86,194,5,1,14,,0,0,0,77,141,5,1,13,2,2,0,1,1,1,0,0,57,301,488,FINAL (ENTRADA MANUAL)
27,18,2,75,161,3,3,14,,0,0,0,66,116,1,3,13,4,2,1,4,1,1,0,0,45,257,488,FINAL (ENTRADA MANUAL)
27,18,3,88,168,4,2,11,,0,1,0,73,129,3,2,9,1,2,2,1,0,1,0,1,52,276,488,FINAL (ENTRADA MANUAL)
27,18,4,64,192,4,1,12,,0,0,1,55,155,2,0,10,0,2,3,1,2,1,0,0,44,275,488,FINAL (ENTRADA MANUAL)
27,18,5,89,160,4,4,13,,1,0,0,77,106,0,4,12,1,1,3,2,2,0,0,0,63,271,488,FINAL (ENTRADA MANUAL)
27,18,6,62,205,2,3,13,,0,0,0,56,162,0,3,13,3,2,1,3,0,0,0,0,42,285,488,FINAL (ENTRADA MANUAL)
27,19,1,61,111,0,0,9,,0,0,1,50,76,0,0,7,3,3,0,1,0,0,0,0,42,182,358,FINAL (ENTRADA MANUAL)
27,19,2,46,124,5,6,7,,0,0,1,39,77,5,5,6,1,7,1,1,2,2,0,0,45,191,357,FINAL (ENTRADA MANUAL)
27,20,1,96,115,3,0,12,,0,0,0,76,80,0,0,9,7,3,0,1,0,0,0,0,50,226,368,FINAL (ENTRADA MANUAL)
27,20,2,75,137,2,2,6,,0,0,2,61,95,1,2,6,1,4,0,0,1,0,0,0,53,224,367,FINAL (ENTRADA MANUAL)
27,21,1,96,154,6,10,12,,0,0,0,84,109,4,9,9,3,4,0,7,1,2,0,0,48,280,486,FINAL (ENTRADA MANUAL)
27,21,2,108,126,11,1,10,,0,0,0,86,78,8,1,6,2,7,2,1,1,1,0,0,64,257,486,FINAL (ENTRADA MANUAL)
27,21,3,93,122,8,5,20,,0,0,2,80,81,3,3,16,4,1,2,4,2,1,0,0,54,251,486,FINAL (ENTRADA MANUAL)
27,21,4,91,151,3,3,18,,0,0,1,75,114,0,3,15,2,1,1,3,3,2,0,0,50,269,486,FINAL (ENTRADA MANUAL)
27,21,5,95,138,7,5,29,,1,0,2,83,91,5,5,22,0,4,0,5,3,0,0,0,59,277,486,FINAL (ENTRADA MANUAL)
27,21,6,91,147,4,10,21,,0,0,0,77,105,2,8,17,5,2,2,3,2,0,1,0,50,274,486,FINAL (ENTRADA MANUAL)
27,21,7,95,144,10,5,16,,0,0,1,83,95,7,3,13,7,4,1,6,3,1,0,0,49,272,486,FINAL (ENTRADA MANUAL)
27,21,8,85,148,12,10,31,,0,0,1,70,104,7,8,23,1,1,5,4,2,1,1,0,62,289,486,FINAL (ENTRADA MANUAL)
27,22,1,77,151,9,2,21,,0,0,0,63,117,6,2,14,1,5,1,0,2,0,0,0,49,260,498,FINAL (ENTRADA MANUAL)
27,22,2,73,185,1,7,13,,0,0,0,65,127,0,5,10,2,2,2,0,0,0,0,0,66,279,497,FINAL (ENTRADA MANUAL)
27,23,1,88,149,5,7,28,,0,0,0,76,96,2,4,26,3,2,0,2,2,0,0,0,64,277,464,FINAL (ENTRADA MANUAL)
27,23,2,101,149,5,5,15,,0,0,1,87,96,2,5,12,3,2,1,3,1,2,0,0,64,278,464,FINAL (ENTRADA MANUAL)
27,23,3,74,164,6,6,25,,0,0,0,57,102,4,3,22,5,1,0,5,3,1,0,0,73,276,464,FINAL (ENTRADA MANUAL)
27,23,4,111,137,8,5,19,,0,1,0,90,100,3,4,16,3,6,1,4,0,2,0,0,54,283,464,FINAL (ENTRADA MANUAL)
27,23,5,78,142,7,3,14,,0,0,2,66,93,3,2,10,5,5,0,2,1,2,1,0,59,249,464,FINAL (ENTRADA MANUAL)
27,23,6,92,158,6,0,13,,0,0,0,75,110,4,0,10,1,3,1,2,2,1,0,0,61,270,466,FINAL (ENTRADA MANUAL)
27,24,1,121,121,2,4,16,,0,0,0,107,78,2,3,12,5,2,1,1,0,0,0,0,53,264,450,FINAL (ENTRADA MANUAL)
27,24,2,112,129,1,1,9,,0,0,0,91,79,1,1,6,2,3,1,1,0,0,0,0,67,252,450,FINAL (ENTRADA MANUAL)
27,25,1,82,188,4,1,10,,0,0,1,72,140,3,1,9,3,2,0,3,1,3,0,0,52,289,511,FINAL (ENTRADA MANUAL)
27,25,2,91,169,5,3,11,,0,0,0,84,116,3,3,8,7,3,0,5,1,0,0,0,49,279,511,FINAL (ENTRADA MANUAL)
27,25,3,73,155,0,4,12,,0,0,0,65,97,0,4,10,8,3,1,3,3,1,0,0,50,245,511,FINAL (ENTRADA MANUAL)
27,25,4,77,187,2,8,7,,0,0,0,65,139,1,7,6,4,3,0,2,0,1,0,0,54,282,511,FINAL (ENTRADA MANUAL)
27,25,5,94,157,6,2,10,,0,0,1,85,122,3,2,9,1,5,1,0,3,1,0,0,39,271,511,FINAL (ENTRADA MANUAL)
27,26,1,105,158,1,1,8,,0,0,0,103,144,1,1,6,1,3,1,2,1,0,0,0,10,273,509,FINAL (ENTRADA MANUAL)
27,72,1,776,216,4,1,11,,0,0,1,709,157,3,1,6,20,9,0,0,6,0,1,0,98,1010,0,FINAL (ENTRADA MANUAL)
27,72,2,117,40,0,3,5,,0,0,3,111,32,0,1,3,4,2,0,0,1,3,0,0,14,171,0,FINAL (ENTRADA MANUAL)
27,72,3,655,382,4,12,23,,1,1,1,598,285,4,9,19,17,17,0,5,2,0,0,0,123,1080,0,FINAL (ENTRADA MANUAL)
27,72,4,150,89,5,1,11,,0,0,0,130,62,2,1,7,3,3,0,6,1,7,3,0,43,268,0,FINAL (ENTRADA MANUAL)
27,72,5,0,1,0,0,0,,0,0,0,0,1,0,0,0,0,0,0,0,0,0,0,0,0,1,0,FINAL (ENTRADA MANUAL)
27,72,6,19,10,0,0,1,,0,0,0,13,7,0,0,0,0,1,0,1,0,0,0,0,8,30,0,FINAL (ENTRADA MANUAL)
27,72,7,54,9,0,1,2,,0,0,0,50,4,0,1,0,1,1,0,0,1,0,0,0,8,66,0,FINAL (ENTRADA MANUAL)
27,72,8,11,3,0,0,1,,0,0,0,11,2,0,0,1,0,0,0,0,0,0,0,0,1,15,0,FINAL (ENTRADA MANUAL)
27,72,9,41,32,0,2,4,,0,0,0,37,27,0,0,3,0,2,0,0,0,0,0,0,10,79,0,FINAL (ENTRADA MANUAL)
27,72,10,17,5,0,0,0,,0,0,0,13,5,0,0,0,1,1,0,0,0,0,0,0,2,22,0,FINAL (ENTRADA MANUAL)
27,72,11,42,8,0,0,0,,0,0,0,39,5,0,0,0,2,0,0,0,0,0,0,0,4,50,0,FINAL (ENTRADA MANUAL)
27,73,1,84,593,2,3,9,,0,0,1,73,526,1,3,8,4,8,1,0,1,0,0,1,67,693,0,FINAL (ENTRADA MANUAL)
27,73,2,0,0,0,0,0,,0,0,0,0,0,0,0,0,0,0,0,0,0,0,0,0,0,0,0,FINAL (ENTRADA MANUAL)
27,73,3,0,0,0,0,0,,0,0,0,0,0,0,0,0,0,0,0,0,0,0,0,0,0,0,0,FINAL (ENTRADA MANUAL)
27,73,4,35,200,1,3,4,,0,0,0,28,173,1,1,4,2,4,0,1,0,5,1,0,29,249,0,FINAL (ENTRADA MANUAL)
27,74,1,0,4,0,0,0,,0,0,0,0,2,0,0,0,0,0,0,0,0,0,0,0,2,4,0,FINAL (ENTRADA MANUAL)
27,74,2,0,0,0,0,0,,0,0,0,0,0,0,0,0,0,0,0,0,0,0,0,0,0,0,0,FINAL (ENTRADA MANUAL)
27,75,1,7,8,1,0,0,,0,1,0,5,4,1,0,0,0,1,0,0,1,0,0,0,5,17,0,FINAL (ENTRADA MANUAL)
27,75,2,0,0,0,0,0,,0,0,0,0,0,0,0,0,0,0,0,0,0,0,40,0,0,40,0,FINAL (ENTRADA MANUAL)
27,76,1,49,17,0,0,0,,0,0,0,32,8,0,0,0,0,0,0,0,0,3,0,0,26,69,0,FINAL (ENTRADA MANUAL)
27,76,2,0,0,0,0,0,,0,0,0,0,0,0,0,0,0,0,0,0,0,0,0,0,0,0,0,FINAL (ENTRADA MANUAL)
27,76,3,9,3,0,0,0,,0,0,0,8,2,0,0,0,0,0,0,0,0,0,0,0,2,12,0,FINAL (ENTRADA MANUAL)
27,76,4,0,0,0,0,0,,0,0,0,0,0,0,0,0,0,0,0,0,0,1,0,0,0,1,0,FINAL (ENTRADA MANUAL)
27,76,5,5,6,0,0,0,,0,0,0,4,3,0,0,0,0,0,0,0,0,0,0,0,4,11,0,FINAL (ENTRADA MANUAL)
27,76,6,3,0,0,0,0,,0,0,0,1,0,0,0,0,0,0,0,0,0,0,0,0,2,3,0,FINAL (ENTRADA MANUAL)
27,77,1,7,6,1,1,2,,0,0,0,7,5,0,1,2,0,0,0,0,0,0,0,0,2,17,0,FINAL (ENTRADA MANUAL)
27,77,2,4,19,7,4,0,,0,0,0,3,9,7,2,0,0,1,1,2,0,0,0,0,9,34,0,FINAL (ENTRADA MANUAL)
27,77,3,0,0,0,0,0,,0,0,0,0,0,0,0,0,0,0,0,0,0,0,0,0,0,0,0,FINAL (ENTRADA MANUAL)
27,77,4,4,11,0,0,0,,0,0,0,4,5,0,0,0,0,1,0,1,0,0,0,0,4,15,0,FINAL (ENTRADA MANUAL)
27,78,1,51,56,0,1,1,,0,0,0,46,39,0,1,0,0,2,0,1,0,0,1,0,20,110,0,FINAL (ENTRADA MANUAL)
27,78,2,0,0,0,0,0,,0,0,0,0,0,0,0,0,0,0,0,0,0,0,0,0,0,0,0,FINAL (ENTRADA MANUAL)
27,78,3,0,0,0,0,0,,0,0,0,0,0,0,0,0,0,0,0,0,0,0,0,0,0,0,0,FINAL (ENTRADA MANUAL)
27,78,4,2,0,0,1,0,,0,0,0,1,0,0,1,0,0,0,0,0,0,0,0,0,1,3,0,FINAL (ENTRADA MANUAL)
28,1,1,113,101,,10,18,,0,0,1,95,71,1,7,13,1,2,0,0,1,1,0,0,52,244,478,FINAL (ENTRADA MANUAL)
28,1,2,130,121,,3,16,,0,2,2,100,90,0,2,11,3,8,0,2,4,0,0,0,54,274,478,FINAL (ENTRADA MANUAL)
28,1,3,121,112,,5,19,,0,0,2,98,81,1,3,13,4,5,0,3,1,2,0,0,50,261,478,FINAL (ENTRADA MANUAL)
28,1,4,93,116,,8,16,,1,0,2,81,90,1,8,13,2,1,0,1,0,0,0,0,39,236,478,FINAL (ENTRADA MANUAL)
28,1,5,119,130,,4,17,,1,0,1,95,91,0,3,13,3,2,0,0,2,2,0,0,63,274,478,FINAL (ENTRADA MANUAL)
28,2,1,122,106,,10,9,,0,0,0,97,81,0,4,7,1,3,0,2,0,2,0,0,52,249,458,FINAL (ENTRADA MANUAL)
28,2,2,101,143,,6,7,,0,0,1,95,118,0,3,6,1,0,1,3,0,3,0,0,31,261,459,FINAL (ENTRADA MANUAL)
28,3,1,112,135,,9,10,,0,1,1,95,114,0,4,8,5,4,0,3,0,0,0,0,35,268,510,FINAL (ENTRADA MANUAL)
28,3,2,107,147,,8,13,,0,0,0,89,116,0,6,12,4,1,0,1,1,1,0,0,45,276,510,FINAL (ENTRADA MANUAL)
28,3,3,96,149,,10,13,,0,0,2,82,113,0,9,12,3,8,0,1,2,4,2,0,40,276,510,FINAL (ENTRADA MANUAL)
28,3,4,83,129,,14,19,,1,0,3,63,96,0,9,16,5,3,0,2,0,0,0,0,55,249,510,FINAL (ENTRADA MANUAL)
28,3,5,83,154,,10,14,,0,0,4,67,116,0,7,12,0,4,1,1,2,0,0,0,55,265,508,FINAL (ENTRADA MANUAL)
28,4,1,124,123,,13,12,,1,1,1,102,90,0,8,9,2,1,0,8,1,1,0,0,54,276,467,FINAL (ENTRADA MANUAL)
28,4,2,93,153,,7,14,,0,0,0,71,114,0,4,11,3,4,0,4,0,0,0,0,56,267,467,FINAL (ENTRADA MANUAL)
28,4,3,88,155,,8,11,,0,0,0,72,128,0,3,9,2,3,0,5,0,0,0,0,40,262,467,FINAL (ENTRADA MANUAL)
28,4,4,102,135,,20,16,,1,0,0,92,103,0,10,14,3,2,0,4,4,0,1,0,42,275,466,FINAL (ENTRADA MANUAL)
28,72,1,2,2,,0,0,,0,0,0,2,2,0,0,0,0,0,0,0,0,0,0,0,0,4,0,FINAL (ENTRADA MANUAL)
28,72,2,0,0,,0,0,,0,0,0,0,0,0,0,0,0,0,0,0,0,0,0,0,0,0,0,FINAL (ENTRADA MANUAL)
28,72,3,222,138,,1,7,,0,0,6,210,113,0,0,6,3,3,0,1,0,0,0,0,38,374,0,FINAL (ENTRADA MANUAL)
28,72,4,42,31,,0,0,,1,0,0,40,25,0,0,0,0,0,2,0,0,3,0,0,7,77,0,FINAL (ENTRADA MANUAL)
28,72,5,0,0,,0,0,,0,0,0,0,0,0,0,0,0,0,0,0,0,0,0,0,0,0,0,FINAL (ENTRADA MANUAL)
28,72,6,0,0,,0,0,,0,0,0,0,0,0,0,0,0,0,0,0,0,0,0,0,0,0,0,FINAL (ENTRADA MANUAL)
28,72,7,2,0,,0,0,,0,0,0,2,0,0,0,0,0,0,0,0,0,0,0,0,0,2,0,FINAL (ENTRADA MANUAL)
28,72,8,0,0,,0,0,,0,0,0,0,0,0,0,0,0,0,0,0,0,0,0,0,0,0,0,FINAL (ENTRADA MANUAL)
28,72,9,6,5,,0,0,,0,0,0,6,4,0,0,0,0,0,0,0,0,0,0,0,1,11,0,FINAL (ENTRADA MANUAL)
28,72,10,1,2,,0,0,,0,0,0,1,1,0,0,0,0,0,0,0,0,0,0,0,1,3,0,FINAL (ENTRADA MANUAL)
28,73,1,166,206,,1,7,,0,1,2,149,177,0,1,5,5,6,1,0,0,0,0,0,39,383,0,FINAL (ENTRADA MANUAL)
28,73,2,0,0,,0,0,,0,0,0,0,0,0,0,0,0,0,0,0,0,0,0,0,0,0,0,FINAL (ENTRADA MANUAL)
28,73,3,0,1,,1,0,,0,0,0,0,1,0,1,0,0,0,0,0,0,1,0,0,0,3,0,FINAL (ENTRADA MANUAL)
28,74,1,0,0,,0,0,,0,0,0,0,0,0,0,0,0,0,0,0,0,0,0,0,0,0,0,FINAL (ENTRADA MANUAL)
28,74,2,0,0,,0,0,,0,0,0,0,0,0,0,0,0,0,0,0,0,0,0,0,0,0,0,FINAL (ENTRADA MANUAL)
28,75,1,0,0,,0,0,,0,0,0,0,0,0,0,0,0,0,0,0,0,0,0,0,0,0,0,FINAL (ENTRADA MANUAL)
28,75,2,0,0,,0,0,,0,0,0,0,0,0,0,0,0,0,0,0,0,0,0,0,0,0,0,FINAL (ENTRADA MANUAL)
28,76,1,3,2,,0,0,,0,0,0,2,0,0,0,0,0,0,0,0,0,0,0,0,3,5,0,FINAL (ENTRADA MANUAL)
28,76,2,0,0,,0,0,,0,0,0,0,0,0,0,0,0,0,0,0,0,0,0,0,0,0,0,FINAL (ENTRADA MANUAL)
28,76,3,1,0,,0,0,,0,0,0,1,0,0,0,0,0,0,0,0,0,0,0,0,0,1,0,FINAL (ENTRADA MANUAL)
28,76,5,0,1,,0,0,,0,0,0,0,0,0,0,0,0,0,0,0,0,0,0,0,1,1,0,FINAL (ENTRADA MANUAL)
28,76,6,0,0,,0,0,,0,0,0,0,0,0,0,0,0,0,0,0,0,0,0,0,0,0,0,FINAL (ENTRADA MANUAL)
28,77,1,0,0,,0,0,,0,0,0,0,0,0,0,0,0,0,0,0,0,0,0,0,0,0,0,FINAL (ENTRADA MANUAL)
28,77,2,2,1,,2,1,,0,0,0,2,1,0,2,1,0,0,0,0,0,0,0,0,0,6,0,FINAL (ENTRADA MANUAL)
28,77,3,0,1,,1,0,,0,0,0,0,1,0,0,0,0,0,0,1,0,0,0,0,0,2,0,FINAL (ENTRADA MANUAL)
28,78,1,18,14,,0,0,,0,0,0,15,10,0,0,0,0,0,0,0,0,0,1,0,7,33,0,FINAL (ENTRADA MANUAL)
28,78,2,0,0,,0,0,,0,0,0,0,0,0,0,0,0,0,0,0,0,0,0,0,0,0,0,FINAL (ENTRADA MANUAL)
28,78,3,0,0,,0,0,,0,0,0,0,0,0,0,0,0,0,0,0,0,0,0,0,0,0,0,FINAL (ENTRADA MANUAL)
28,78,4,0,0,,0,0,,0,0,0,0,0,0,0,0,0,0,0,0,0,0,0,0,0,0,0,FINAL (ENTRADA MANUAL)
29,1,1,94,155,,9,8,,1,0,2,75,116,0,3,8,0,1,0,7,2,0,0,0,57,269,492,FINAL (ENTRADA MANUAL)
29,1,2,98,152,,2,9,,0,0,1,86,117,0,1,5,1,6,0,0,0,3,1,0,46,266,492,FINAL (ENTRADA MANUAL)
29,1,3,88,166,,3,11,,1,0,0,76,121,0,3,10,2,2,0,4,0,2,0,0,51,271,492,FINAL (ENTRADA MANUAL)
29,1,4,89,127,,7,20,,1,0,2,77,101,0,5,19,1,1,0,3,1,2,0,0,38,248,492,FINAL (ENTRADA MANUAL)
29,1,5,104,137,,9,10,,1,1,0,93,102,0,8,10,2,2,0,2,1,0,0,0,42,262,492,FINAL (ENTRADA MANUAL)
29,1,6,77,172,,3,12,,0,0,1,70,117,0,3,12,1,5,0,2,2,3,0,0,53,268,492,FINAL (ENTRADA MANUAL)
29,1,7,95,139,,4,10,,2,0,1,75,105,0,4,8,0,2,0,0,0,0,0,0,57,251,492,FINAL (ENTRADA MANUAL)
29,1,8,100,131,,12,16,,0,0,0,82,99,0,6,11,2,5,1,3,2,0,0,0,48,259,492,FINAL (ENTRADA MANUAL)
29,2,1,145,115,,2,8,,1,0,0,111,88,0,1,7,3,1,0,2,0,2,0,0,58,272,495,FINAL (ENTRADA MANUAL)
29,2,2,144,119,,7,19,,1,0,0,122,80,0,5,12,5,1,0,2,3,1,0,0,60,291,495,FINAL (ENTRADA MANUAL)
29,2,3,129,110,,4,6,,0,1,0,100,69,0,1,5,1,2,0,7,0,1,1,0,65,252,495,FINAL (ENTRADA MANUAL)
29,2,4,129,111,,9,7,,1,0,1,113,84,0,8,6,4,2,1,0,1,3,0,0,39,261,495,FINAL (ENTRADA MANUAL)
29,2,5,140,108,,8,10,,0,0,1,115,77,0,5,9,1,3,0,2,0,1,0,0,55,268,496,FINAL (ENTRADA MANUAL)
29,3,1,75,164,,7,5,,0,1,1,67,134,1,3,5,1,4,0,4,0,2,0,0,34,255,528,FINAL (ENTRADA MANUAL)
29,3,2,67,162,,6,7,,3,0,4,52,110,1,3,6,5,7,0,2,2,3,0,0,61,252,528,FINAL (ENTRADA MANUAL)
29,3,3,93,168,,7,2,,0,1,2,79,141,0,5,1,3,6,0,2,3,1,0,0,33,274,528,FINAL (ENTRADA MANUAL)
29,3,4,89,172,,7,9,,0,0,1,66,119,0,3,7,1,4,0,5,0,3,0,0,73,281,528,FINAL (ENTRADA MANUAL)
29,3,5,96,156,,10,13,,3,0,1,75,108,0,8,10,3,5,0,0,1,1,0,0,69,280,528,FINAL (ENTRADA MANUAL)
29,3,6,76,164,,11,10,,0,0,1,58,118,0,6,7,2,2,0,3,2,1,0,0,64,263,528,FINAL (ENTRADA MANUAL)
29,3,7,80,161,,8,9,,2,0,1,66,127,0,5,6,1,8,0,6,3,1,0,0,39,262,528,FINAL (ENTRADA MANUAL)
29,3,8,83,159,,5,14,,2,0,3,63,114,0,4,10,2,3,0,2,1,1,0,0,67,267,526,FINAL (ENTRADA MANUAL)
29,4,1,105,115,,24,16,,3,0,0,90,78,0,18,11,4,6,0,4,0,0,0,0,52,263,466,FINAL (ENTRADA MANUAL)
29,4,2,100,127,,15,6,,0,1,2,88,69,0,10,3,2,1,1,5,1,1,0,0,71,252,466,FINAL (ENTRADA MANUAL)
29,4,3,86,159,,14,13,,0,0,1,71,120,0,9,12,4,6,1,7,0,1,0,0,43,274,466,FINAL (ENTRADA MANUAL)
29,4,4,103,117,,12,8,,0,0,1,82,77,0,9,3,4,2,1,5,2,2,0,1,56,244,466,FINAL (ENTRADA MANUAL)
29,4,5,108,111,,14,10,,2,1,0,83,85,0,7,10,3,1,0,2,1,1,0,0,54,247,466,FINAL (ENTRADA MANUAL)
29,4,6,71,152,,9,19,,0,1,2,59,112,0,6,13,1,5,0,0,2,4,0,0,56,258,466,FINAL (ENTRADA MANUAL)
29,4,7,89,138,,14,5,,2,0,1,68,91,0,8,1,6,6,0,4,0,2,0,0,65,251,466,FINAL (ENTRADA MANUAL)
29,4,8,95,125,,12,8,,2,0,0,82,83,0,10,6,2,3,0,1,4,0,0,0,51,242,466,FINAL (ENTRADA MANUAL)
29,4,9,110,119,,18,13,,2,0,1,92,73,1,12,10,7,8,1,8,3,1,0,1,48,265,466,FINAL (ENTRADA MANUAL)
29,72,1,0,0,,0,0,,0,0,0,0,0,0,0,0,0,0,0,0,0,0,0,0,0,0,0,FINAL (ENTRADA MANUAL)
29,72,2,3,1,,0,0,,0,0,0,2,0,0,0,0,0,0,0,0,0,0,0,0,2,4,0,FINAL (ENTRADA MANUAL)
29,72,3,531,361,,11,13,,6,2,6,470,266,0,8,10,21,12,3,9,1,0,0,0,130,930,0,FINAL (ENTRADA MANUAL)
29,72,4,78,44,,4,2,,0,0,0,73,38,0,3,2,6,2,0,1,0,10,1,0,3,139,0,FINAL (ENTRADA MANUAL)
29,72,5,15,15,,1,0,,0,0,1,13,12,0,1,0,1,0,0,0,0,0,0,0,5,32,0,FINAL (ENTRADA MANUAL)
29,72,6,2,6,,0,0,,0,0,0,2,5,0,0,0,0,1,0,0,0,0,0,0,0,8,0,FINAL (ENTRADA MANUAL)
29,72,7,0,0,,0,0,,0,0,0,0,0,0,0,0,0,0,0,0,0,0,0,0,0,0,0,FINAL (ENTRADA MANUAL)
29,72,8,0,1,,0,0,,0,0,0,0,0,0,0,0,1,0,0,0,0,0,0,0,0,1,0,FINAL (ENTRADA MANUAL)
29,72,9,1,1,,0,0,,0,0,0,1,1,0,0,0,0,0,0,0,0,0,0,0,0,2,0,FINAL (ENTRADA MANUAL)
29,73,1,149,398,,5,1,,0,4,0,116,303,0,4,1,11,33,0,0,0,0,0,0,89,557,0,FINAL (ENTRADA MANUAL)
29,73,2,0,0,,0,0,,0,0,0,0,0,0,0,0,0,0,0,0,0,0,0,0,0,0,0,FINAL (ENTRADA MANUAL)
29,73,3,5,20,,0,1,,0,0,1,5,15,0,0,1,0,2,0,0,0,3,0,0,4,30,0,FINAL (ENTRADA MANUAL)
29,74,1,0,0,,0,0,,0,0,0,0,0,0,0,0,0,0,0,0,0,0,0,0,0,0,0,FINAL (ENTRADA MANUAL)
29,74,2,0,0,,0,0,,0,0,0,0,0,0,0,0,0,0,0,0,0,0,0,0,0,0,0,FINAL (ENTRADA MANUAL)
29,75,1,4,1,,0,0,,0,0,0,1,0,0,0,0,1,0,0,0,0,0,0,0,3,5,0,FINAL (ENTRADA MANUAL)
29,76,1,13,4,,1,0,,0,0,1,9,1,0,1,0,1,0,0,0,0,1,0,0,7,20,0,FINAL (ENTRADA MANUAL)
29,76,2,0,0,,0,0,,0,0,0,0,0,0,0,0,0,0,0,0,0,0,0,0,0,0,0,FINAL (ENTRADA MANUAL)
29,76,3,1,1,,0,0,,0,0,0,0,0,0,0,0,0,0,0,0,0,0,0,0,2,2,0,FINAL (ENTRADA MANUAL)
29,76,5,0,1,,0,0,,0,0,0,0,1,0,0,0,0,0,0,0,0,0,0,0,0,1,0,FINAL (ENTRADA MANUAL)
29,77,1,5,10,,3,4,,1,0,0,5,10,0,2,2,0,0,0,1,2,0,1,0,0,29,0,FINAL (ENTRADA MANUAL)
29,77,2,6,12,,4,4,,1,0,0,5,9,0,2,2,0,0,0,1,2,0,1,0,6,28,0,FINAL (ENTRADA MANUAL)
29,77,3,1,5,,0,1,,0,0,0,1,5,0,0,0,0,0,0,1,0,0,0,0,0,7,0,FINAL (ENTRADA MANUAL)
29,78,1,28,23,,0,2,,0,0,0,23,17,0,0,1,1,0,0,0,0,1,0,0,11,54,0,FINAL (ENTRADA MANUAL)
29,78,2,0,0,,0,0,,0,0,0,0,0,0,0,0,0,0,0,0,0,0,0,0,0,0,0,FINAL (ENTRADA MANUAL)
29,78,3,0,0,,0,0,,0,0,0,0,0,0,0,0,0,0,0,0,0,0,0,0,0,0,0,FINAL (ENTRADA MANUAL)
29,78,4,0,0,,0,0,,0,0,0,0,0,0,0,0,0,0,0,0,0,0,0,0,0,0,0,FINAL (ENTRADA MANUAL)
30,1,1,153,47,,13,12,,0,0,2,110,39,1,9,10,3,1,0,2,2,2,0,0,50,229,442,FINAL (ENTRADA MANUAL)
30,1,2,138,44,,11,14,,1,0,2,98,32,0,9,11,3,4,0,2,1,0,0,0,50,210,442,FINAL (ENTRADA MANUAL)
30,1,3,142,58,,8,20,,0,0,0,102,48,0,8,17,0,2,0,3,1,3,0,0,47,231,442,FINAL (ENTRADA MANUAL)
30,1,4,120,50,,16,13,,0,0,2,88,40,1,11,10,3,2,0,2,3,3,0,0,41,204,441,FINAL (ENTRADA MANUAL)
30,2,1,188,48,,20,11,,0,0,0,120,35,0,12,10,2,2,0,7,2,2,0,0,77,269,482,FINAL (ENTRADA MANUAL)
30,2,2,185,28,,23,19,,0,1,0,140,23,0,20,18,3,3,0,2,0,1,0,0,47,257,482,FINAL (ENTRADA MANUAL)
30,2,3,176,59,,15,11,,0,0,1,130,55,1,11,7,4,3,0,6,2,0,1,0,43,263,482,FINAL (ENTRADA MANUAL)
30,2,4,167,51,,16,18,,1,1,0,119,37,0,13,13,2,4,0,5,0,0,0,0,61,254,482,FINAL (ENTRADA MANUAL)
30,2,5,175,49,,10,14,,1,1,4,125,38,1,6,10,1,3,0,5,2,0,0,0,63,254,482,FINAL (ENTRADA MANUAL)
30,2,6,168,54,,16,8,,0,0,0,117,40,0,12,6,2,6,0,5,1,1,0,0,57,247,482,FINAL (ENTRADA MANUAL)
30,2,7,203,38,,7,8,,1,0,0,153,31,0,4,8,7,0,0,5,0,0,0,0,49,257,482,FINAL (ENTRADA MANUAL)
30,3,1,134,45,,5,24,,0,1,1,98,37,0,3,19,0,4,0,0,4,2,0,0,45,212,454,FINAL (ENTRADA MANUAL)
30,3,2,162,55,,13,18,,0,1,2,122,39,1,11,17,2,4,0,5,2,0,0,0,48,251,453,FINAL (ENTRADA MANUAL)
30,4,1,172,35,,13,15,,2,0,0,126,25,0,7,12,3,3,0,1,4,1,0,0,56,238,422,FINAL (ENTRADA MANUAL)
30,4,2,165,34,,16,14,,1,0,2,107,24,0,12,11,2,4,0,3,6,1,0,0,63,233,422,FINAL (ENTRADA MANUAL)
30,4,3,188,28,,16,14,,0,0,1,139,22,0,15,11,3,6,0,1,4,0,0,0,46,247,422,FINAL (ENTRADA MANUAL)
30,4,4,164,72,,5,6,,1,0,0,122,59,0,4,5,4,6,0,7,0,2,1,0,41,251,422,FINAL (ENTRADA MANUAL)
30,4,5,177,34,,9,13,,0,0,2,130,25,1,6,9,1,6,0,3,1,1,0,0,53,236,421,FINAL (ENTRADA MANUAL)
30,5,1,156,70,,12,5,,0,1,0,109,57,0,9,4,2,12,0,1,1,2,0,0,49,246,418,FINAL (ENTRADA MANUAL)
30,6,1,186,53,,15,8,,3,0,0,139,37,0,9,6,0,7,0,4,1,1,0,0,62,266,471,FINAL (ENTRADA MANUAL)
30,6,2,207,51,,20,12,,0,0,0,164,43,0,11,10,4,5,0,4,1,3,1,0,48,294,471,FINAL (ENTRADA MANUAL)
30,6,3,186,63,,11,16,,0,0,1,136,59,0,7,15,5,3,0,5,2,0,1,0,45,278,472,FINAL (ENTRADA MANUAL)
30,7,1,133,33,,2,7,,0,1,0,94,29,0,0,5,4,2,0,0,0,0,0,0,42,176,311,FINAL (ENTRADA MANUAL)
30,8,1,189,52,,15,13,,0,0,0,139,45,0,10,10,2,4,0,4,2,1,0,0,53,270,465,FINAL (ENTRADA MANUAL)
30,8,2,170,68,,9,11,,0,0,0,112,54,0,6,8,3,2,0,5,4,3,0,0,64,261,465,FINAL (ENTRADA MANUAL)
30,8,3,174,52,,11,17,,0,1,0,145,40,0,8,12,3,5,0,3,5,1,0,0,34,256,465,FINAL (ENTRADA MANUAL)
30,8,4,182,60,,13,9,,0,0,2,136,50,0,7,7,1,2,1,3,1,2,0,0,58,268,465,FINAL (ENTRADA MANUAL)
30,9,1,162,46,,12,10,,2,0,0,128,33,0,10,5,1,7,0,2,2,0,0,0,44,232,365,FINAL (ENTRADA MANUAL)
30,9,2,150,46,,7,5,,0,0,2,125,30,0,7,5,2,5,0,2,1,0,0,0,33,210,365,FINAL (ENTRADA MANUAL)
30,9,3,153,37,,6,12,,0,0,0,122,30,0,5,9,2,4,0,2,0,1,0,0,34,209,364,FINAL (ENTRADA MANUAL)
30,10,1,167,54,,10,13,,3,0,0,138,46,0,7,13,2,3,0,2,1,1,0,0,35,248,440,FINAL (ENTRADA MANUAL)
30,10,2,143,47,,10,12,,0,1,0,113,36,0,9,8,0,4,0,2,0,1,0,0,41,214,440,FINAL (ENTRADA MANUAL)
30,10,3,152,47,,7,8,,4,0,0,107,38,0,4,5,4,3,0,1,2,1,0,0,54,219,440,FINAL (ENTRADA MANUAL)
30,10,4,158,49,,7,5,,0,0,3,129,40,0,5,2,2,4,0,1,0,0,0,0,39,222,440,FINAL (ENTRADA MANUAL)
30,10,5,142,47,,9,6,,1,1,0,108,38,0,7,4,6,2,0,1,1,3,0,0,39,209,440,FINAL (ENTRADA MANUAL)
30,11,1,151,66,,8,5,,1,0,3,112,53,1,4,3,7,4,1,2,5,2,0,0,42,236,379,FINAL (ENTRADA MANUAL)
30,11,2,166,47,,5,7,,0,0,0,117,34,0,5,6,2,4,0,0,4,1,0,0,53,226,379,FINAL (ENTRADA MANUAL)
30,11,3,142,79,,9,12,,0,0,1,95,63,0,7,11,2,7,0,0,3,1,0,0,55,244,380,FINAL (ENTRADA MANUAL)
30,12,1,140,47,,6,17,,0,0,0,105,40,0,6,11,3,4,0,3,4,3,0,0,34,213,399,FINAL (ENTRADA MANUAL)
30,12,2,135,52,,6,11,,0,0,0,100,46,0,4,9,2,1,0,3,3,2,0,0,36,206,399,FINAL (ENTRADA MANUAL)
30,12,3,127,67,,6,10,,0,0,0,100,51,0,6,8,0,6,0,1,0,2,0,0,38,212,398,FINAL (ENTRADA MANUAL)
30,13,1,65,2,,0,2,,0,0,0,56,2,0,0,2,0,0,0,1,0,0,0,0,8,69,106,FINAL (ENTRADA MANUAL)
30,14,1,176,74,,8,15,,0,0,0,138,64,0,6,11,2,6,0,1,2,3,0,0,43,276,502,FINAL (ENTRADA MANUAL)
30,14,2,186,38,,9,15,,0,1,2,125,32,0,5,10,6,4,0,1,5,2,1,0,63,254,503,FINAL (ENTRADA MANUAL)
30,15,1,225,27,,6,21,,0,1,1,159,24,1,2,19,2,3,0,3,1,1,0,0,67,282,542,FINAL (ENTRADA MANUAL)
30,15,2,201,37,,2,36,,1,0,2,147,34,1,1,29,3,7,0,1,2,3,0,0,54,282,542,FINAL (ENTRADA MANUAL)
30,15,3,224,38,,8,22,,0,0,1,179,30,0,7,17,0,5,0,2,0,2,0,0,53,295,542,FINAL (ENTRADA MANUAL)
30,15,4,201,45,,6,27,,0,0,1,139,35,0,5,18,3,4,0,1,4,4,0,0,71,284,544,FINAL (ENTRADA MANUAL)
30,16,1,150,46,,3,22,,0,0,1,117,37,0,1,17,10,3,1,0,1,1,1,0,35,224,396,FINAL (ENTRADA MANUAL)
30,16,2,157,45,,3,13,,1,0,1,108,36,0,2,7,5,6,0,2,4,3,0,0,50,223,396,FINAL (ENTRADA MANUAL)
30,72,1,309,85,,5,10,,0,0,0,242,74,0,5,6,31,7,0,0,0,0,0,0,44,409,0,FINAL (ENTRADA MANUAL)
30,72,2,57,22,,2,4,,0,0,0,48,19,0,2,3,4,2,0,1,0,4,3,0,6,92,0,FINAL (ENTRADA MANUAL)
30,72,3,753,104,,4,12,,0,1,4,431,85,0,3,8,246,13,1,0,2,0,2,0,89,880,0,FINAL (ENTRADA MANUAL)
30,72,4,168,41,,4,10,,0,0,0,105,32,0,4,6,36,1,0,0,2,1,2,0,40,229,0,FINAL (ENTRADA MANUAL)
30,72,5,42,4,,0,2,,0,0,0,28,3,0,0,1,8,1,0,0,1,0,0,0,6,48,0,FINAL (ENTRADA MANUAL)
30,72,6,36,5,,0,2,,0,0,0,24,3,0,0,2,9,1,0,0,0,0,0,0,4,43,0,FINAL (ENTRADA MANUAL)
30,72,7,605,95,,10,19,,0,0,0,403,80,0,10,11,148,12,0,0,2,0,0,0,68,735,0,FINAL (ENTRADA MANUAL)
30,72,8,102,18,,1,3,,0,1,3,74,17,0,0,3,15,1,0,0,1,2,0,0,15,128,0,FINAL (ENTRADA MANUAL)
30,72,9,3,0,,2,0,,0,0,0,3,0,0,2,0,0,0,0,0,0,0,1,0,0,6,0,FINAL (ENTRADA MANUAL)
30,73,1,321,229,,0,4,,0,0,3,276,211,0,3,8,0,6,0,0,0,0,0,0,63,567,0,FINAL (ENTRADA MANUAL)
30,73,2,0,0,,0,0,,0,0,0,0,0,0,0,0,0,0,0,0,0,0,0,0,0,0,0,FINAL (ENTRADA MANUAL)
30,73,3,0,0,,0,0,,0,0,0,0,0,0,0,0,0,0,0,0,0,0,0,0,0,0,0,FINAL (ENTRADA MANUAL)
30,73,4,105,73,,1,0,,0,0,0,102,70,0,1,0,1,2,0,1,0,4,2,0,2,185,0,FINAL (ENTRADA MANUAL)
30,74,1,1,0,,1,0,,0,0,0,0,0,0,0,0,0,0,0,0,0,0,0,0,2,2,0,FINAL (ENTRADA MANUAL)
30,74,2,0,0,,0,0,,0,0,0,0,0,0,0,0,0,0,0,0,0,0,0,0,0,0,0,FINAL (ENTRADA MANUAL)
30,75,1,3,1,,0,0,,0,0,0,1,0,0,0,0,1,1,0,0,0,0,0,0,1,4,0,FINAL (ENTRADA MANUAL)
30,75,2,0,0,,0,0,,0,0,0,0,0,0,0,0,0,0,0,0,0,0,0,0,0,0,0,FINAL (ENTRADA MANUAL)
30,76,1,16,4,,0,1,,0,0,0,11,4,0,0,0,0,0,0,0,0,0,0,0,6,21,0,FINAL (ENTRADA MANUAL)
30,76,2,0,0,,0,0,,0,0,0,0,0,0,0,0,0,0,0,0,0,0,0,0,0,0,0,FINAL (ENTRADA MANUAL)
30,76,3,4,0,,0,0,,0,0,0,4,0,0,0,0,0,0,0,0,0,0,0,0,0,4,0,FINAL (ENTRADA MANUAL)
30,76,4,0,0,,0,0,,0,0,0,0,0,0,0,0,0,0,0,0,0,0,0,0,0,0,0,FINAL (ENTRADA MANUAL)
30,77,1,5,3,,3,2,,0,0,0,3,2,0,1,2,0,0,0,0,0,0,0,0,5,13,0,FINAL (ENTRADA MANUAL)
30,77,2,14,3,,6,2,,0,0,0,11,2,0,4,1,0,0,0,0,0,0,0,0,8,26,0,FINAL (ENTRADA MANUAL)
30,77,3,2,0,,0,0,,0,0,0,1,0,0,0,0,0,0,0,0,0,0,0,0,1,2,0,FINAL (ENTRADA MANUAL)
30,77,4,6,1,,0,0,,0,0,0,3,0,0,0,0,0,0,0,0,0,0,0,0,4,7,0,FINAL (ENTRADA MANUAL)
30,78,1,84,17,,1,7,,0,0,0,67,15,0,1,7,0,0,1,0,3,4,18,0,15,131,0,FINAL (ENTRADA MANUAL)
30,78,2,0,0,,0,0,,0,0,0,0,0,0,0,0,0,0,0,0,0,0,0,0,0,0,0,FINAL (ENTRADA MANUAL)
30,78,3,0,0,,0,0,,0,0,0,0,0,0,0,0,0,0,0,0,0,0,0,0,0,0,0,FINAL (ENTRADA MANUAL)
30,78,4,1,0,,0,0,,0,0,0,0,0,0,0,0,0,0,0,0,0,0,0,0,1,1,0,FINAL (ENTRADA MANUAL)
31,1,1,62,66,23,3,11,,0,1,0,45,47,14,3,7,4,4,0,0,2,3,0,0,40,169,292,FINAL (ENTRADA MANUAL)
31,1,2,76,78,18,0,7,,0,0,0,56,49,11,0,7,2,4,1,2,0,0,0,0,47,179,292,FINAL (ENTRADA MANUAL)
31,2,1,88,135,15,10,2,,0,0,1,71,99,10,8,2,3,3,0,1,0,2,1,0,54,254,496,FINAL (ENTRADA MANUAL)
31,2,2,96,93,13,3,5,,0,0,1,78,57,5,1,2,1,4,0,1,2,2,0,0,60,213,496,FINAL (ENTRADA MANUAL)
31,2,3,77,131,14,5,3,,0,0,2,58,94,9,4,1,2,3,1,3,0,0,0,0,57,232,497,FINAL (ENTRADA MANUAL)
31,3,1,81,114,17,7,7,,0,0,0,62,74,12,6,3,3,8,0,0,0,2,0,0,58,228,450,FINAL (ENTRADA MANUAL)
31,3,2,84,91,21,9,8,,0,0,0,69,65,12,7,7,4,3,0,1,1,3,0,0,44,216,450,FINAL (ENTRADA MANUAL)
31,3,3,75,141,15,5,8,,1,0,0,59,107,8,4,3,3,4,1,2,0,0,0,0,54,245,450,FINAL (ENTRADA MANUAL)
31,3,4,108,94,13,3,9,,0,0,1,78,75,7,2,6,5,2,0,2,1,0,0,0,50,228,450,FINAL (ENTRADA MANUAL)
31,3,5,86,98,20,0,3,,0,0,0,54,67,10,0,1,3,3,1,0,1,2,0,0,67,209,450,FINAL (ENTRADA MANUAL)
31,4,1,58,97,22,3,4,,0,0,0,43,77,13,2,2,4,2,0,1,0,0,0,0,40,184,361,FINAL (ENTRADA MANUAL)
31,4,2,95,72,24,8,10,,0,0,0,68,52,11,6,6,2,3,0,2,0,0,0,0,59,209,361,FINAL (ENTRADA MANUAL)
31,4,3,81,83,14,6,5,,0,0,0,67,60,4,5,5,1,4,1,0,0,1,0,0,42,190,362,FINAL (ENTRADA MANUAL)
31,5,1,91,141,22,1,9,,0,0,0,68,107,12,1,6,2,2,0,3,0,1,0,0,63,265,461,FINAL (ENTRADA MANUAL)
31,5,2,78,154,9,5,6,,0,1,0,64,119,5,4,4,1,2,0,3,1,2,0,0,50,255,461,FINAL (ENTRADA MANUAL)
31,5,3,113,123,16,6,4,,0,0,0,98,91,10,5,2,1,4,2,2,0,1,0,0,47,263,461,FINAL (ENTRADA MANUAL)
31,5,4,104,145,20,2,6,,0,0,2,80,91,13,1,5,9,4,0,1,0,1,0,0,75,280,461,FINAL (ENTRADA MANUAL)
31,5,5,98,147,12,4,7,,0,0,0,80,124,6,4,7,4,2,2,1,0,0,0,0,38,268,461,FINAL (ENTRADA MANUAL)
31,5,6,76,139,9,1,4,,0,0,0,58,109,4,1,3,3,8,1,1,1,0,0,0,40,229,459,FINAL (ENTRADA MANUAL)
31,6,1,91,127,16,5,14,,1,0,1,72,93,9,5,10,3,1,4,1,0,1,0,0,57,256,510,FINAL (ENTRADA MANUAL)
31,6,2,84,149,22,3,12,,0,0,0,67,109,12,1,8,5,5,0,0,0,1,0,0,63,271,510,FINAL (ENTRADA MANUAL)
31,6,3,124,112,22,3,22,,1,0,0,107,91,9,3,10,3,1,1,3,2,1,1,0,54,286,510,FINAL (ENTRADA MANUAL)
31,6,4,106,140,15,4,8,,0,0,1,85,102,9,2,5,8,4,0,3,1,4,0,0,55,278,510,FINAL (ENTRADA MANUAL)
31,6,5,101,124,11,4,10,,0,0,0,79,87,6,4,9,5,3,1,0,0,0,0,0,56,250,510,FINAL (ENTRADA MANUAL)
31,6,6,106,126,26,3,13,,0,0,1,79,88,15,3,10,7,6,0,1,2,3,0,0,64,278,512,FINAL (ENTRADA MANUAL)
31,7,1,91,124,26,4,1,,0,0,0,71,91,17,3,0,0,4,1,1,2,1,0,0,56,247,471,FINAL (ENTRADA MANUAL)
31,7,2,58,112,18,5,10,,0,2,0,48,91,9,4,7,0,3,0,2,4,1,0,0,37,206,471,FINAL (ENTRADA MANUAL)
31,7,3,66,138,17,4,6,,0,0,0,52,97,8,3,5,1,4,2,1,0,0,0,1,58,232,471,FINAL (ENTRADA MANUAL)
31,8,1,83,110,6,6,9,,0,0,1,71,83,2,4,6,1,3,2,1,2,1,0,0,40,216,382,FINAL (ENTRADA MANUAL)
31,8,2,78,93,6,4,7,,0,0,0,72,58,2,1,6,5,4,1,0,0,1,0,0,39,189,382,FINAL (ENTRADA MANUAL)
31,9,1,94,135,11,7,0,,1,0,0,76,100,3,7,0,5,8,2,1,0,0,0,0,46,248,364,FINAL (ENTRADA MANUAL)
31,10,1,157,83,9,2,3,,0,0,1,116,66,6,1,2,2,4,0,2,1,0,0,0,55,255,492,FINAL (ENTRADA MANUAL)
31,10,2,168,60,7,4,9,,0,0,0,135,43,5,2,8,0,2,1,0,0,2,0,0,52,250,493,FINAL (ENTRADA MANUAL)
31,11,1,109,123,24,1,2,,0,0,1,90,89,14,1,2,1,4,2,0,2,1,0,0,55,261,419,FINAL (ENTRADA MANUAL)
31,11,2,107,104,19,5,7,,0,0,2,76,70,13,5,6,2,2,0,2,0,3,0,0,68,247,419,FINAL (ENTRADA MANUAL)
31,11,3,103,108,10,7,10,,0,0,3,82,73,8,5,6,3,5,0,2,1,3,0,0,56,244,419,FINAL (ENTRADA MANUAL)
31,72,1,11,4,0,2,0,,0,0,0,11,3,0,2,0,0,1,0,0,0,0,0,0,0,17,0,FINAL (ENTRADA MANUAL)
31,72,2,4,0,0,0,0,,0,0,0,4,0,0,0,0,0,0,0,0,0,0,0,0,0,4,0,FINAL (ENTRADA MANUAL)
31,72,3,299,108,16,10,5,,0,0,0,279,82,11,10,2,5,4,3,1,0,0,0,0,41,438,0,FINAL (ENTRADA MANUAL)
31,72,4,168,55,16,7,9,,0,0,1,149,48,7,6,5,5,1,1,2,0,4,0,0,32,260,0,FINAL (ENTRADA MANUAL)
31,72,5,21,7,0,0,0,,0,0,0,20,4,0,0,0,1,1,0,0,0,0,0,0,2,28,0,FINAL (ENTRADA MANUAL)
31,72,6,3,1,0,0,0,,0,0,0,3,0,0,0,0,0,0,0,0,0,0,0,0,1,4,0,FINAL (ENTRADA MANUAL)
31,72,7,4,3,0,2,0,,0,0,0,4,3,0,2,0,0,0,0,0,0,0,0,0,0,9,0,FINAL (ENTRADA MANUAL)
31,72,8,1,0,0,1,0,,0,0,0,0,0,0,1,0,1,0,0,0,0,1,0,0,0,3,0,FINAL (ENTRADA MANUAL)
31,72,9,0,0,0,0,0,,0,0,0,0,0,0,0,0,0,0,0,0,0,0,0,0,0,0,0,FINAL (ENTRADA MANUAL)
31,72,10,5,3,0,3,0,,0,0,0,4,3,0,2,0,1,0,0,0,0,0,0,0,0,10,0,FINAL (ENTRADA MANUAL)
31,72,11,0,0,0,0,0,,0,0,0,0,0,0,0,0,0,0,0,0,0,0,0,0,0,0,0,FINAL (ENTRADA MANUAL)
31,72,12,0,0,0,0,0,,0,0,0,0,0,0,0,0,0,0,0,0,0,0,0,0,0,0,0,FINAL (ENTRADA MANUAL)
31,73,1,449,683,8,7,3,,0,1,4,397,541,5,2,2,4,11,0,4,1,0,0,0,188,1155,0,FINAL (ENTRADA MANUAL)
31,73,2,0,0,0,0,0,,0,0,0,0,0,0,0,0,0,0,0,0,0,0,0,0,0,0,0,FINAL (ENTRADA MANUAL)
31,73,3,0,0,0,0,0,,0,0,0,0,0,0,0,0,0,0,0,0,0,0,0,0,0,0,0,FINAL (ENTRADA MANUAL)
31,73,4,0,0,0,0,0,,0,0,0,0,0,0,0,0,0,0,0,0,0,0,0,0,0,0,0,FINAL (ENTRADA MANUAL)
31,73,5,0,0,0,0,0,,0,0,0,0,0,0,0,0,0,0,0,0,0,0,0,0,0,0,0,FINAL (ENTRADA MANUAL)
31,73,6,64,145,0,1,2,,0,0,0,59,137,0,1,1,1,1,0,0,0,18,0,0,12,230,0,FINAL (ENTRADA MANUAL)
31,73,7,66,128,1,2,1,,0,0,2,57,101,1,1,1,6,1,0,0,0,0,0,0,32,200,0,FINAL (ENTRADA MANUAL)
31,73,8,18,35,0,0,0,,0,0,0,18,30,0,0,0,1,2,0,0,0,0,0,0,2,53,0,FINAL (ENTRADA MANUAL)
31,74,1,1,0,0,0,0,,0,0,0,0,1,0,0,0,0,0,0,0,0,0,0,0,0,1,0,FINAL (ENTRADA MANUAL)
31,74,2,0,0,0,0,0,,0,0,0,0,0,0,0,0,0,0,0,0,0,0,0,0,0,0,0,FINAL (ENTRADA MANUAL)
31,75,1,1,2,0,0,1,,0,0,0,1,2,0,0,0,0,0,0,0,1,0,0,0,0,4,0,FINAL (ENTRADA MANUAL)
31,76,1,2,10,0,0,0,,0,0,0,2,6,0,0,0,0,0,0,0,0,0,0,0,4,12,0,FINAL (ENTRADA MANUAL)
31,76,2,0,0,0,0,0,,0,0,0,0,0,0,0,0,0,0,0,0,0,0,0,0,0,0,0,FINAL (ENTRADA MANUAL)
31,76,3,0,2,0,0,0,,0,0,0,0,0,0,0,0,0,0,0,0,0,0,0,0,2,2,0,FINAL (ENTRADA MANUAL)
31,76,5,4,0,0,0,0,,0,0,0,1,0,0,0,0,0,0,0,0,0,0,0,0,3,4,0,FINAL (ENTRADA MANUAL)
31,76,6,0,0,0,0,0,,0,0,0,0,0,0,0,0,0,0,0,0,0,0,0,0,0,0,0,FINAL (ENTRADA MANUAL)
31,77,1,0,0,0,0,0,,0,0,0,0,0,0,0,0,0,0,0,0,0,0,0,0,0,0,0,FINAL (ENTRADA MANUAL)
31,77,2,3,15,8,3,1,,0,0,0,3,10,6,2,1,0,1,1,1,0,0,0,0,5,30,0,FINAL (ENTRADA MANUAL)
31,77,3,0,1,0,0,0,,0,0,0,0,0,0,0,0,0,1,0,0,0,0,0,0,0,1,0,FINAL (ENTRADA MANUAL)
31,77,4,1,6,2,0,1,,0,0,0,1,6,0,0,0,0,0,1,0,0,0,0,0,2,10,0,FINAL (ENTRADA MANUAL)
31,78,1,7,12,2,0,0,,0,0,0,6,9,2,0,0,0,0,0,0,0,1,0,0,4,22,0,FINAL (ENTRADA MANUAL)
31,78,2,0,0,0,0,0,,0,0,0,0,0,0,0,0,0,0,0,0,0,0,0,0,0,0,0,FINAL (ENTRADA MANUAL)
31,78,3,0,0,0,0,0,,0,0,0,0,0,0,0,0,0,0,0,0,0,0,0,0,0,0,0,FINAL (ENTRADA MANUAL)
31,78,4,1,0,0,0,0,,0,0,0,1,0,0,0,0,0,0,0,0,0,0,0,0,0,1,0,FINAL (ENTRADA MANUAL)
32,1,1,38,211,0,10,16,,0,0,0,29,154,0,4,8,5,6,2,4,0,0,0,0,63,275,501,FINAL (ENTRADA MANUAL)
32,1,2,43,204,2,11,25,,0,0,1,38,143,0,11,17,6,4,0,3,2,1,0,0,62,287,501,FINAL (ENTRADA MANUAL)
32,1,3,28,206,1,11,22,,0,0,0,18,144,0,8,10,1,8,1,4,4,0,0,0,70,268,501,FINAL (ENTRADA MANUAL)
32,1,4,21,164,2,6,25,,0,1,0,16,111,0,5,10,1,4,0,5,4,0,0,0,63,219,501,FINAL (ENTRADA MANUAL)
32,1,5,43,181,2,12,31,,0,0,0,32,127,1,7,23,2,3,1,4,2,0,0,0,67,269,501,FINAL (ENTRADA MANUAL)
32,1,6,35,188,1,13,31,,0,0,0,25,140,1,11,17,2,1,1,4,0,2,0,0,66,270,503,FINAL (ENTRADA MANUAL)
32,2,1,36,187,0,9,34,,0,0,0,32,123,0,8,16,5,8,1,4,3,2,0,0,66,268,475,FINAL (ENTRADA MANUAL)
32,2,2,36,176,0,7,27,,0,0,0,30,137,0,3,12,5,3,0,5,1,0,0,0,50,246,475,FINAL (ENTRADA MANUAL)
32,2,3,46,155,0,11,25,,0,0,0,36,109,0,8,15,6,3,0,3,0,0,0,0,57,237,475,FINAL (ENTRADA MANUAL)
32,3,1,27,205,2,5,16,,0,0,0,25,138,1,4,10,4,3,0,2,1,0,0,0,67,255,455,FINAL (ENTRADA MANUAL)
32,3,2,36,164,1,3,23,,0,1,1,29,119,1,2,14,4,2,0,1,2,1,0,0,55,230,455,FINAL (ENTRADA MANUAL)
32,4,1,34,157,0,7,29,,0,0,1,28,114,0,6,9,2,10,0,0,3,0,0,0,56,228,372,FINAL (ENTRADA MANUAL)
32,4,2,32,158,1,4,15,,0,0,2,26,102,1,3,11,1,5,1,3,0,1,0,0,59,213,372,FINAL (ENTRADA MANUAL)
32,4,3,33,140,1,10,28,,0,0,0,30,95,1,4,16,6,3,0,4,0,3,0,0,53,215,372,FINAL (ENTRADA MANUAL)
32,4,4,31,145,0,6,24,,0,0,1,26,104,0,3,11,5,5,0,1,1,0,0,0,51,207,370,FINAL (ENTRADA MANUAL)
32,5,1,45,180,1,8,18,,0,0,0,40,119,1,3,13,4,4,2,3,0,0,0,0,63,252,425,FINAL (ENTRADA MANUAL)
32,5,2,46,174,1,9,11,,0,0,1,40,102,0,9,9,3,2,0,0,1,3,0,0,76,245,425,FINAL (ENTRADA MANUAL)
32,5,3,47,160,2,11,19,,0,1,1,45,113,2,6,16,8,4,0,5,1,4,0,0,41,245,426,FINAL (ENTRADA MANUAL)
32,6,1,42,150,0,2,13,,0,0,1,37,105,0,0,7,2,5,0,2,1,0,0,0,49,208,376,FINAL (ENTRADA MANUAL)
32,6,2,40,170,0,13,19,,0,0,0,34,125,0,11,12,6,1,1,4,2,0,0,1,46,243,376,FINAL (ENTRADA MANUAL)
32,6,3,35,147,1,3,30,,0,0,0,30,107,1,3,14,3,5,1,3,1,1,1,0,48,218,377,FINAL (ENTRADA MANUAL)
32,7,1,57,160,1,3,22,,0,0,0,52,112,0,3,11,8,5,0,1,0,3,0,0,51,246,411,FINAL (ENTRADA MANUAL)
32,7,2,52,164,0,2,19,,0,0,0,50,130,0,1,10,6,5,0,1,0,2,0,0,34,239,411,FINAL (ENTRADA MANUAL)
32,7,3,49,177,1,5,12,,2,1,0,43,124,1,5,10,9,0,0,3,0,2,1,0,52,250,410,FINAL (ENTRADA MANUAL)
32,8,1,35,152,1,2,10,,0,0,1,34,116,1,1,7,4,2,0,0,1,1,1,0,35,203,293,FINAL (ENTRADA MANUAL)
32,9,1,36,149,0,3,25,,0,1,1,30,117,0,2,16,3,1,0,3,2,2,0,0,41,217,438,FINAL (ENTRADA MANUAL)
32,9,2,41,155,0,7,29,,0,0,1,35,109,0,3,15,1,3,0,4,1,0,0,0,62,233,438,FINAL (ENTRADA MANUAL)
32,9,3,25,158,1,7,30,,0,0,0,18,108,0,6,22,4,3,0,2,1,2,0,0,57,223,439,FINAL (ENTRADA MANUAL)
32,10,1,26,222,0,7,24,,0,0,0,24,156,0,6,21,7,3,0,2,3,1,0,0,57,280,451,FINAL (ENTRADA MANUAL)
32,10,2,15,226,0,5,26,,0,0,1,13,173,0,4,18,5,5,1,3,4,3,0,0,47,276,451,FINAL (ENTRADA MANUAL)
32,11,1,18,95,0,0,2,,0,0,0,18,80,0,0,2,1,0,0,0,0,2,0,0,14,117,185,FINAL (ENTRADA MANUAL)
32,12,1,30,115,5,15,16,,0,0,0,26,70,2,11,12,2,1,0,4,0,1,0,0,53,182,290,FINAL (ENTRADA MANUAL)
32,13,1,30,159,3,3,10,,0,0,0,26,120,1,3,6,5,2,0,0,0,2,0,0,42,207,352,FINAL (ENTRADA MANUAL)
32,13,2,35,140,3,3,12,,0,0,0,33,110,0,2,5,3,1,2,1,0,2,0,0,36,195,352,FINAL (ENTRADA MANUAL)
32,14,1,29,194,1,14,32,,1,0,2,23,121,1,14,15,3,3,2,1,1,1,0,0,89,274,454,FINAL (ENTRADA MANUAL)
32,14,2,37,165,0,15,33,,0,0,1,33,114,0,12,22,2,3,0,3,1,0,0,0,61,251,454,FINAL (ENTRADA MANUAL)
32,14,3,26,179,2,12,38,,0,0,1,22,116,1,10,26,3,4,3,5,1,1,0,0,67,259,454,FINAL (ENTRADA MANUAL)
32,14,4,27,155,5,11,37,,0,0,1,23,100,1,11,20,0,3,0,1,1,1,0,0,76,237,455,FINAL (ENTRADA MANUAL)
32,15,1,53,141,0,3,32,,1,1,0,52,95,0,2,22,5,0,1,3,0,0,0,0,51,231,376,FINAL (ENTRADA MANUAL)
32,15,2,38,158,1,5,39,,0,0,1,34,115,0,4,32,5,3,0,3,2,2,0,0,44,244,375,FINAL (ENTRADA MANUAL)
32,16,1,38,182,1,4,19,,0,0,1,30,118,0,4,10,7,2,0,2,2,2,0,0,70,247,449,FINAL (ENTRADA MANUAL)
32,16,2,36,180,0,3,22,,0,0,0,34,139,0,3,16,5,7,0,0,0,3,0,0,37,244,449,FINAL (ENTRADA MANUAL)
32,16,3,34,183,0,2,21,,0,0,0,31,134,0,2,13,7,2,0,0,2,2,0,0,49,242,450,FINAL (ENTRADA MANUAL)
32,17,1,41,141,2,7,29,,0,0,1,39,99,2,7,23,3,3,1,0,1,2,0,0,43,223,365,FINAL (ENTRADA MANUAL)
32,17,2,45,135,0,4,32,,1,0,0,43,93,0,3,14,6,11,0,0,2,4,0,0,45,221,365,FINAL (ENTRADA MANUAL)
32,18,1,35,167,2,5,29,,0,1,0,30,124,1,5,18,2,3,0,1,0,1,0,0,55,240,441,FINAL (ENTRADA MANUAL)
32,18,2,31,154,1,3,33,,0,0,1,26,106,1,2,22,7,5,0,0,0,0,0,0,54,223,441,FINAL (ENTRADA MANUAL)
32,18,3,43,182,2,2,25,,0,0,1,36,127,0,1,14,3,1,1,2,0,0,0,0,70,255,441,FINAL (ENTRADA MANUAL)
32,18,4,35,170,0,3,28,,0,0,0,29,112,0,1,14,9,3,0,4,0,0,0,0,64,236,441,FINAL (ENTRADA MANUAL)
32,18,5,33,166,1,7,29,,0,0,1,28,119,1,3,19,2,4,1,1,2,0,0,0,57,237,443,FINAL (ENTRADA MANUAL)
32,19,1,31,174,3,10,29,,0,0,0,27,121,2,8,16,4,4,0,2,0,2,0,0,63,249,432,FINAL (ENTRADA MANUAL)
32,19,2,29,175,4,19,18,,0,0,0,23,124,1,14,9,5,2,0,7,1,0,0,0,59,245,432,FINAL (ENTRADA MANUAL)
32,19,3,46,207,3,7,19,,0,0,0,40,141,1,7,12,2,4,0,2,3,2,0,0,70,284,432,FINAL (ENTRADA MANUAL)
32,19,4,28,158,0,12,29,,0,2,0,25,125,0,7,20,3,2,0,4,2,0,0,2,41,231,431,FINAL (ENTRADA MANUAL)
32,20,1,43,152,4,9,16,,0,0,0,34,92,1,6,5,8,7,1,4,4,0,0,1,62,225,365,FINAL (ENTRADA MANUAL)
32,20,2,34,144,0,6,22,,0,1,1,28,92,0,5,15,2,5,0,2,2,0,0,0,57,208,365,FINAL (ENTRADA MANUAL)
32,20,3,32,163,0,4,25,,0,0,0,28,115,0,3,6,6,3,0,1,5,1,0,0,57,225,365,FINAL (ENTRADA MANUAL)
32,21,1,22,199,2,4,22,,0,0,0,19,139,1,3,10,3,7,0,2,4,1,0,0,61,250,438,FINAL (ENTRADA MANUAL)
32,21,2,20,189,0,11,26,,0,0,0,19,132,0,7,15,3,7,0,4,3,2,0,0,56,248,438,FINAL (ENTRADA MANUAL)
32,22,1,59,121,2,4,29,,0,1,1,54,89,2,3,21,4,0,1,3,1,0,0,0,39,217,329,FINAL (ENTRADA MANUAL)
32,22,2,30,121,0,4,23,,0,0,0,29,84,0,4,14,4,1,0,0,1,2,0,0,41,180,329,FINAL (ENTRADA MANUAL)
32,22,3,30,139,2,5,23,,0,1,0,22,89,2,5,15,1,5,0,0,2,2,0,0,59,202,328,FINAL (ENTRADA MANUAL)
32,72,1,99,157,0,3,19,,1,0,0,92,98,0,3,10,21,10,0,2,3,0,0,0,40,279,0,FINAL (ENTRADA MANUAL)
32,72,2,30,40,0,4,14,,1,1,0,28,19,0,4,7,6,2,0,0,2,2,0,0,22,92,0,FINAL (ENTRADA MANUAL)
32,72,3,514,218,0,8,54,,2,3,2,445,138,0,5,24,53,28,13,0,1,0,0,4,11,805,0,FINAL (ENTRADA MANUAL)
32,72,4,53,58,0,1,7,,0,1,0,49,32,0,0,3,7,6,0,1,0,6,0,0,22,126,0,FINAL (ENTRADA MANUAL)
32,72,5,32,14,0,0,0,,0,1,0,27,11,0,0,0,1,0,0,1,0,0,0,0,7,47,0,FINAL (ENTRADA MANUAL)
32,72,6,4,2,0,1,0,,0,0,0,4,1,0,1,0,1,0,0,0,0,0,0,0,0,7,0,FINAL (ENTRADA MANUAL)
32,72,7,1,6,0,0,4,,0,0,0,1,4,0,0,2,0,0,0,0,0,0,0,0,4,11,0,FINAL (ENTRADA MANUAL)
32,72,8,0,0,0,0,0,,0,0,0,0,0,0,0,0,0,0,0,0,0,0,0,0,0,0,0,FINAL (ENTRADA MANUAL)
32,72,9,1,0,0,0,0,,0,0,0,0,0,0,0,0,0,0,0,0,0,0,0,0,1,1,0,FINAL (ENTRADA MANUAL)
32,73,1,37,395,1,1,36,,0,0,0,33,341,0,1,15,3,5,0,0,3,0,0,0,69,470,0,FINAL (ENTRADA MANUAL)
32,73,2,0,0,0,0,0,,0,0,0,0,0,0,0,0,0,0,0,0,0,0,0,0,0,0,0,FINAL (ENTRADA MANUAL)
32,73,3,0,0,0,0,0,,0,0,0,0,0,0,0,0,0,0,0,0,0,0,0,0,0,0,0,FINAL (ENTRADA MANUAL)
32,73,4,8,114,0,0,10,,0,0,2,7,82,0,0,5,2,2,0,0,0,3,1,0,36,138,0,FINAL (ENTRADA MANUAL)
32,74,1,1,0,0,0,0,,0,0,0,1,0,0,0,0,0,0,0,0,0,0,0,0,0,1,0,FINAL (ENTRADA MANUAL)
32,74,2,0,0,0,0,0,,0,0,0,0,0,0,0,0,0,0,0,0,0,0,0,0,0,0,0,FINAL (ENTRADA MANUAL)
32,75,1,1,1,0,1,0,,1,0,0,1,0,0,1,0,0,0,0,0,0,0,0,0,2,4,0,FINAL (ENTRADA MANUAL)
32,75,2,0,0,0,0,0,,0,0,0,0,0,0,0,0,0,0,0,0,0,0,0,0,0,0,0,FINAL (ENTRADA MANUAL)
32,75,3,0,0,0,0,0,,0,0,0,0,0,0,0,0,0,0,0,0,0,0,23,0,0,23,0,FINAL (ENTRADA MANUAL)
32,76,1,17,16,0,1,2,,0,0,0,14,10,0,0,0,0,0,0,0,0,3,1,0,12,40,0,FINAL (ENTRADA MANUAL)
32,76,2,0,0,0,0,0,,0,0,0,0,0,0,0,0,0,0,0,0,0,0,0,0,0,0,0,FINAL (ENTRADA MANUAL)
32,76,3,2,3,0,0,1,,0,0,0,2,3,0,0,1,0,0,0,0,0,0,0,0,0,6,0,FINAL (ENTRADA MANUAL)
32,76,4,0,0,0,0,0,,0,0,0,0,0,0,0,0,0,0,0,0,0,1,0,0,0,1,0,FINAL (ENTRADA MANUAL)
32,76,5,0,1,0,0,0,,0,0,0,0,1,0,0,0,0,0,0,0,0,0,0,0,0,1,0,FINAL (ENTRADA MANUAL)
32,77,1,0,0,0,0,0,,0,0,0,0,0,0,0,0,0,0,0,0,0,0,0,0,0,0,0,FINAL (ENTRADA MANUAL)
32,77,2,5,26,0,6,1,,0,0,0,5,14,0,3,0,1,1,0,3,0,0,0,0,11,38,0,FINAL (ENTRADA MANUAL)
32,77,3,0,6,1,0,0,,0,0,0,0,4,0,0,0,0,0,0,0,0,0,0,0,3,7,0,FINAL (ENTRADA MANUAL)
32,77,4,1,3,1,2,1,,0,0,0,1,3,0,2,0,0,0,0,0,0,0,0,0,2,8,0,FINAL (ENTRADA MANUAL)
32,78,1,21,62,0,5,13,,0,0,0,15,42,0,4,8,4,1,0,0,0,0,0,0,27,101,0,FINAL (ENTRADA MANUAL)
32,78,2,0,0,0,0,0,,0,0,0,0,0,0,0,0,0,0,0,0,0,0,0,0,0,0,0,FINAL (ENTRADA MANUAL)
32,78,3,0,0,0,0,0,,0,0,0,0,0,0,0,0,0,0,0,0,0,0,0,0,0,0,0,FINAL (ENTRADA MANUAL)
32,78,4,1,0,0,0,0,,0,0,0,1,0,0,0,0,0,0,0,0,0,0,0,0,0,1,0,FINAL (ENTRADA MANUAL)
33,1,1,73,111,2,7,123,,0,0,1,60,76,1,6,98,4,4,1,3,1,0,0,0,63,317,508,FINAL (ENTRADA MANUAL)
33,1,2,56,114,2,13,115,,1,0,1,40,73,0,8,75,1,1,1,5,5,1,0,0,93,303,508,FINAL (ENTRADA MANUAL)
33,1,3,84,91,2,8,97,,0,0,1,64,65,0,8,69,2,5,0,3,3,1,0,0,64,284,508,FINAL (ENTRADA MANUAL)
33,1,4,65,100,0,4,114,,0,0,0,58,72,0,3,87,0,4,0,2,3,1,0,0,54,284,508,FINAL (ENTRADA MANUAL)
33,1,5,71,93,2,10,111,,2,0,2,44,53,1,9,87,5,6,0,4,5,2,0,0,77,293,508,FINAL (ENTRADA MANUAL)
33,1,6,54,90,1,10,117,,0,0,0,42,73,1,8,88,1,5,0,4,6,2,1,0,44,275,508,FINAL (ENTRADA MANUAL)
33,2,1,82,102,0,5,76,,0,0,0,58,64,0,5,51,3,0,0,3,1,1,0,0,80,266,447,FINAL (ENTRADA MANUAL)
33,2,2,64,117,1,9,91,,0,0,0,54,85,0,7,71,1,1,1,3,0,1,0,0,59,283,447,FINAL (ENTRADA MANUAL)
33,2,3,85,101,0,2,83,,0,0,0,65,74,0,2,63,5,3,1,3,1,1,0,0,54,272,446,FINAL (ENTRADA MANUAL)
33,3,1,79,71,1,8,62,,0,0,0,61,51,0,7,42,2,0,0,2,2,1,0,0,54,222,386,FINAL (ENTRADA MANUAL)
33,3,2,87,51,0,4,70,,0,1,0,75,34,0,3,51,3,3,0,2,2,0,0,0,40,213,385,FINAL (ENTRADA MANUAL)
33,4,1,120,143,0,2,40,,0,0,0,96,109,0,2,29,4,2,0,4,1,0,0,0,58,305,488,FINAL (ENTRADA MANUAL)
33,4,2,140,111,1,6,39,,0,0,1,115,92,0,3,27,1,1,0,2,0,0,0,0,57,298,488,FINAL (ENTRADA MANUAL)
33,4,3,142,123,1,3,44,,0,0,1,101,96,0,2,27,3,1,0,0,2,0,0,0,82,314,487,FINAL (ENTRADA MANUAL)
33,5,1,56,113,1,13,72,,1,0,0,41,77,0,11,52,6,5,0,3,2,2,0,0,59,258,439,FINAL (ENTRADA MANUAL)
33,5,2,60,112,4,5,74,,0,0,0,51,86,3,5,53,7,4,0,2,1,1,0,1,43,257,439,FINAL (ENTRADA MANUAL)
33,5,3,63,95,1,7,75,,0,1,0,49,72,0,7,52,3,4,0,1,4,2,0,0,50,244,439,FINAL (ENTRADA MANUAL)
33,5,4,63,113,2,6,71,,0,0,0,50,80,0,4,51,3,2,1,1,1,1,0,0,62,256,439,FINAL (ENTRADA MANUAL)
33,5,5,63,131,0,4,75,,1,0,0,54,86,0,3,49,6,2,0,2,1,0,0,0,71,274,438,FINAL (ENTRADA MANUAL)
33,6,1,51,124,2,14,70,,0,0,0,44,94,1,10,46,5,5,0,2,1,0,0,0,53,261,437,FINAL (ENTRADA MANUAL)
33,6,2,68,104,2,6,86,,0,1,0,60,69,1,3,47,5,1,2,3,4,2,0,0,72,269,437,FINAL (ENTRADA MANUAL)
33,6,3,55,116,4,12,92,,0,0,2,43,77,3,8,61,2,1,1,4,5,0,0,0,76,281,436,FINAL (ENTRADA MANUAL)
33,7,1,83,115,2,9,83,,0,0,1,67,80,1,8,53,5,2,0,4,1,1,0,0,72,294,482,FINAL (ENTRADA MANUAL)
33,7,2,84,88,3,13,67,,0,0,0,62,55,2,10,40,4,4,1,7,4,1,1,0,66,257,482,FINAL (ENTRADA MANUAL)
33,7,3,71,119,2,8,75,,0,0,0,57,77,0,6,58,3,3,0,7,3,2,0,0,61,277,482,FINAL (ENTRADA MANUAL)
33,7,4,60,113,1,12,70,,0,1,0,39,73,0,7,38,1,3,1,4,3,1,0,0,88,258,482,FINAL (ENTRADA MANUAL)
33,8,1,60,104,1,7,111,,0,0,0,44,72,0,5,81,0,3,0,1,1,1,0,0,76,284,442,FINAL (ENTRADA MANUAL)
33,8,2,60,91,2,8,131,,0,0,0,52,65,2,4,107,0,1,0,1,3,0,0,0,57,292,442,FINAL (ENTRADA MANUAL)
33,8,3,79,81,0,6,110,,0,2,0,67,55,0,6,90,1,2,1,0,2,2,0,0,54,280,442,FINAL (ENTRADA MANUAL)
33,8,4,67,71,4,4,112,,0,0,1,58,51,2,3,84,4,1,0,1,2,0,0,0,53,259,443,FINAL (ENTRADA MANUAL)
33,9,1,80,80,0,2,63,,0,2,0,70,63,0,2,51,0,0,0,0,2,1,0,1,39,229,376,FINAL (ENTRADA MANUAL)
33,9,2,85,75,0,1,67,,0,0,0,71,51,0,1,50,3,1,0,1,3,0,0,0,47,228,375,FINAL (ENTRADA MANUAL)
33,10,1,65,118,0,10,75,,0,0,0,52,87,0,4,55,1,0,0,4,0,0,0,0,65,268,457,FINAL (ENTRADA MANUAL)
33,10,2,82,106,0,7,65,,0,0,2,58,80,0,6,48,4,1,0,0,4,4,0,0,61,266,457,FINAL (ENTRADA MANUAL)
33,10,3,92,88,0,5,53,,0,0,0,65,65,0,3,39,3,4,0,1,0,2,0,0,58,240,457,FINAL (ENTRADA MANUAL)
33,10,4,93,110,0,7,60,,0,0,0,71,77,0,6,44,0,1,0,2,0,0,0,0,69,270,457,FINAL (ENTRADA MANUAL)
33,10,5,79,91,2,4,64,,0,0,0,71,72,0,4,54,1,5,0,3,2,1,0,0,28,241,455,FINAL (ENTRADA MANUAL)
33,11,1,95,89,0,2,91,,0,0,0,67,56,0,2,67,2,9,0,0,0,1,0,0,74,278,434,FINAL (ENTRADA MANUAL)
33,11,2,72,98,1,3,85,,0,1,0,61,74,0,2,74,4,6,0,1,3,2,1,0,35,263,433,FINAL (ENTRADA MANUAL)
33,12,1,76,101,0,14,100,,0,0,0,59,64,0,13,69,6,5,0,5,2,3,0,0,68,294,453,FINAL (ENTRADA MANUAL)
33,12,2,79,78,1,7,97,,1,0,0,64,53,0,7,68,4,2,0,1,3,1,0,0,61,264,453,FINAL (ENTRADA MANUAL)
33,12,3,65,78,2,13,97,,0,1,0,52,44,0,6,72,1,0,0,2,0,2,1,0,79,259,453,FINAL (ENTRADA MANUAL)
33,12,4,76,85,0,6,90,,0,0,1,55,52,0,4,59,2,2,0,4,4,4,0,0,76,262,452,FINAL (ENTRADA MANUAL)
33,13,1,67,94,0,7,91,,0,0,0,54,67,0,6,55,3,5,0,4,3,1,0,0,62,260,412,FINAL (ENTRADA MANUAL)
33,13,2,67,100,0,7,99,,0,0,0,55,69,0,5,67,3,8,0,2,3,0,0,0,61,273,412,FINAL (ENTRADA MANUAL)
33,13,3,78,102,1,6,87,,0,0,1,61,82,1,4,70,0,1,0,0,2,1,0,0,54,276,412,FINAL (ENTRADA MANUAL)
33,13,4,68,87,4,8,88,,0,0,1,55,74,2,7,65,4,1,1,2,1,1,0,0,44,257,412,FINAL (ENTRADA MANUAL)
33,14,1,72,75,0,8,48,,1,0,1,59,57,0,5,37,1,1,0,1,0,1,0,0,44,206,356,FINAL (ENTRADA MANUAL)
33,14,2,59,86,3,9,49,,0,0,0,45,71,3,9,44,0,0,0,1,1,0,0,0,32,206,356,FINAL (ENTRADA MANUAL)
33,15,1,71,108,1,9,84,,0,0,0,52,74,0,8,55,1,3,0,0,1,1,0,0,79,274,474,FINAL (ENTRADA MANUAL)
33,15,2,72,112,0,4,80,,0,0,0,50,73,0,4,44,2,1,0,0,5,0,0,0,89,268,474,FINAL (ENTRADA MANUAL)
33,15,3,68,106,1,8,83,,0,0,0,55,75,1,7,72,0,2,0,0,3,2,0,0,51,268,474,FINAL (ENTRADA MANUAL)
33,15,4,61,121,1,7,87,,1,0,0,47,90,0,5,64,4,1,0,2,2,1,0,0,63,279,474,FINAL (ENTRADA MANUAL)
33,16,1,47,87,3,9,63,,1,0,0,34,60,2,8,34,2,2,0,4,1,1,0,0,63,211,385,FINAL (ENTRADA MANUAL)
33,16,2,61,75,0,11,44,,0,0,0,49,49,0,9,30,3,2,0,2,3,1,0,0,44,192,385,FINAL (ENTRADA MANUAL)
33,16,3,53,89,3,7,67,,0,0,0,46,67,0,6,41,0,2,1,3,1,0,0,0,52,219,385,FINAL (ENTRADA MANUAL)
33,17,1,63,87,1,4,88,,0,0,0,44,68,0,0,69,2,0,0,4,2,1,0,0,54,244,394,FINAL (ENTRADA MANUAL)
33,17,2,60,90,1,1,82,,0,0,1,41,76,0,0,64,0,2,2,1,2,0,0,0,47,235,395,FINAL (ENTRADA MANUAL)
33,72,1,254,37,0,7,72,,0,0,0,224,28,0,7,58,8,1,0,2,0,0,0,0,42,370,0,FINAL (ENTRADA MANUAL)
33,72,2,46,8,0,1,11,,0,0,0,42,5,0,0,9,4,3,0,1,0,2,0,0,2,68,0,FINAL (ENTRADA MANUAL)
33,72,3,416,171,1,15,239,,0,3,3,370,151,1,14,166,40,8,1,3,7,0,0,0,87,849,0,FINAL (ENTRADA MANUAL)
33,72,4,105,52,1,4,88,,0,1,0,80,39,0,4,48,19,2,0,2,1,7,1,0,56,259,0,FINAL (ENTRADA MANUAL)
33,72,5,32,9,0,1,13,,0,0,0,29,7,0,0,10,3,0,0,0,0,0,0,0,6,55,0,FINAL (ENTRADA MANUAL)
33,72,6,6,3,0,0,1,,0,0,0,5,2,0,0,1,0,1,0,0,0,1,0,0,1,11,0,FINAL (ENTRADA MANUAL)
33,72,7,6,0,0,0,1,,0,0,0,6,0,0,0,1,0,0,0,0,0,0,0,0,0,7,0,FINAL (ENTRADA MANUAL)
33,72,8,1,2,0,0,1,,0,0,0,1,0,0,0,0,0,2,0,0,0,0,0,0,1,4,0,FINAL (ENTRADA MANUAL)
33,72,9,69,24,0,3,15,,0,0,0,61,19,0,3,7,1,0,0,0,0,0,0,0,20,111,0,FINAL (ENTRADA MANUAL)
33,72,10,11,0,0,0,2,,0,0,0,11,0,0,0,2,0,0,0,0,0,0,1,0,0,14,0,FINAL (ENTRADA MANUAL)
33,73,1,150,562,0,12,116,,0,1,0,118,479,0,10,72,4,3,0,0,1,0,0,0,154,841,0,FINAL (ENTRADA MANUAL)
33,73,2,0,0,0,0,0,,0,0,0,0,0,0,0,0,0,0,0,0,0,0,0,0,0,0,0,FINAL (ENTRADA MANUAL)
33,73,3,0,0,0,0,0,,0,0,0,0,0,0,0,0,0,0,0,0,0,0,0,0,0,0,0,FINAL (ENTRADA MANUAL)
33,73,4,0,0,0,0,0,,0,0,0,0,0,0,0,0,0,0,0,0,0,0,0,0,0,184,0,FINAL (ENTRADA MANUAL)
33,73,5,56,183,2,5,47,,0,0,0,47,157,2,5,29,1,4,0,0,3,5,3,0,46,302,0,FINAL (ENTRADA MANUAL)
33,74,1,0,1,0,3,1,,0,0,0,0,1,0,3,1,0,0,0,0,0,0,0,0,0,5,0,FINAL (ENTRADA MANUAL)
33,74,2,0,0,0,0,0,,0,0,0,0,0,0,0,0,0,0,0,0,0,0,0,0,0,0,0,FINAL (ENTRADA MANUAL)
33,75,1,3,0,0,0,1,,1,1,0,0,0,0,0,0,0,0,0,0,1,0,1,0,5,7,0,FINAL (ENTRADA MANUAL)
33,75,2,0,0,0,0,0,,0,0,0,0,0,0,0,0,0,0,0,0,0,0,0,0,0,0,0,FINAL (ENTRADA MANUAL)
33,76,1,30,11,1,1,1,,0,0,0,23,9,1,1,1,0,0,0,0,0,1,0,0,9,45,0,FINAL (ENTRADA MANUAL)
33,76,2,1,1,0,0,0,,0,0,0,1,0,0,0,0,0,1,0,0,0,0,0,0,0,2,0,FINAL (ENTRADA MANUAL)
33,76,3,1,1,0,0,0,,0,0,0,1,1,0,0,0,0,0,0,0,0,0,0,0,0,2,0,FINAL (ENTRADA MANUAL)
33,76,4,0,0,0,0,0,,0,0,0,0,0,0,0,0,0,0,0,0,0,0,0,0,0,0,0,FINAL (ENTRADA MANUAL)
33,76,5,4,0,0,1,0,,0,0,0,4,0,0,1,0,0,0,0,0,0,0,0,0,0,5,0,FINAL (ENTRADA MANUAL)
33,76,6,0,0,0,0,0,,0,0,0,0,0,0,0,0,0,0,0,0,0,0,0,0,0,0,0,FINAL (ENTRADA MANUAL)
33,77,1,5,4,0,1,6,,0,0,0,3,3,0,1,4,0,0,0,0,0,0,0,0,5,16,0,FINAL (ENTRADA MANUAL)
33,77,2,2,13,2,5,10,,2,0,0,2,7,1,5,5,0,1,1,1,0,0,0,0,9,32,0,FINAL (ENTRADA MANUAL)
33,77,3,0,2,1,0,1,,0,0,0,0,0,0,0,0,0,1,0,0,0,0,0,0,3,4,0,FINAL (ENTRADA MANUAL)
33,77,4,2,4,0,0,2,,0,0,0,2,3,0,0,2,0,0,0,0,0,0,0,0,1,8,0,FINAL (ENTRADA MANUAL)
33,78,1,29,29,0,1,11,,0,0,0,24,21,0,1,9,1,0,0,0,0,0,0,0,14,70,0,FINAL (ENTRADA MANUAL)
33,78,2,0,0,0,0,0,,0,0,0,0,0,0,0,0,0,0,0,0,0,0,0,0,0,0,0,FINAL (ENTRADA MANUAL)
33,78,3,0,0,0,0,0,,0,0,0,0,0,0,0,0,0,0,0,0,0,0,0,0,0,0,0,FINAL (ENTRADA MANUAL)
33,78,4,0,0,0,0,0,,0,0,0,0,0,0,0,0,0,0,0,0,0,0,0,0,0,0,0,FINAL (ENTRADA MANUAL)
35,1,1,83,124,0,10,5,,0,0,1,60,82,0,8,4,8,6,0,1,1,0,0,0,53,223,492,FINAL (ENTRADA MANUAL)
35,1,2,71,120,2,7,1,,0,0,0,65,74,0,4,1,2,1,1,0,0,0,0,0,53,201,492,FINAL (ENTRADA MANUAL)
35,1,3,84,128,1,9,1,,0,1,1,65,98,0,4,1,1,4,1,1,0,1,0,0,50,226,492,FINAL (ENTRADA MANUAL)
35,1,4,78,140,2,6,2,,0,0,0,52,101,1,3,0,1,1,0,1,0,0,0,0,68,228,492,FINAL (ENTRADA MANUAL)
35,1,5,84,123,1,11,2,,0,0,0,72,90,1,5,1,5,4,0,1,1,2,0,0,41,223,492,FINAL (ENTRADA MANUAL)
35,2,1,101,131,1,7,10,,1,0,2,87,92,0,4,6,4,2,0,2,1,0,0,0,55,253,520,FINAL (ENTRADA MANUAL)
35,2,2,84,156,0,2,17,,2,0,0,61,104,0,2,16,4,0,0,0,1,1,0,1,73,263,520,FINAL (ENTRADA MANUAL)
35,3,1,76,145,1,11,10,,0,0,0,62,97,1,11,9,2,1,0,2,1,1,0,0,57,244,455,FINAL (ENTRADA MANUAL)
35,3,2,70,178,2,7,8,,0,0,2,52,123,2,5,5,2,7,0,3,2,1,0,0,66,268,455,FINAL (ENTRADA MANUAL)
35,3,3,73,156,4,20,8,,0,3,1,60,95,2,12,7,3,9,2,2,2,0,0,0,71,265,455,FINAL (ENTRADA MANUAL)
35,3,4,78,129,1,10,6,,0,0,2,69,87,1,6,3,4,5,1,4,1,2,1,0,45,229,456,FINAL (ENTRADA MANUAL)
35,4,1,69,134,1,10,8,,0,0,1,49,83,0,10,5,6,2,0,0,0,2,0,0,68,225,361,FINAL (ENTRADA MANUAL)
35,4,2,48,114,1,4,16,,1,0,0,36,67,0,3,13,4,1,1,4,0,0,1,0,55,185,361,FINAL (ENTRADA MANUAL)
35,4,3,61,108,1,4,11,,0,0,1,47,60,0,1,7,4,3,1,5,2,2,0,0,56,188,360,FINAL (ENTRADA MANUAL)
35,5,1,97,142,7,22,18,,2,0,1,79,88,2,16,14,3,4,3,6,1,0,0,0,73,289,473,FINAL (ENTRADA MANUAL)
35,5,2,69,136,8,25,10,,0,0,0,50,91,5,17,7,6,3,2,5,1,3,0,0,61,251,473,FINAL (ENTRADA MANUAL)
35,5,3,97,130,3,27,7,,0,1,0,61,84,2,19,6,6,6,2,7,3,1,0,0,69,266,473,FINAL (ENTRADA MANUAL)
35,5,4,65,141,2,23,5,,1,0,2,47,91,1,18,2,2,0,1,3,1,1,0,0,73,240,473,FINAL (ENTRADA MANUAL)
35,5,5,70,135,2,15,4,,0,0,1,53,97,0,9,3,1,4,0,2,1,2,0,0,57,229,475,FINAL (ENTRADA MANUAL)
35,6,1,86,138,1,12,5,,2,0,0,71,91,1,10,5,6,3,0,3,0,3,0,0,54,247,450,FINAL (ENTRADA MANUAL)
35,6,2,79,144,5,12,9,,0,0,0,66,97,2,9,6,2,4,1,3,1,1,0,1,58,251,450,FINAL (ENTRADA MANUAL)
35,6,3,73,129,4,11,7,,0,0,0,63,96,0,9,6,1,2,0,2,1,0,0,0,44,224,449,FINAL (ENTRADA MANUAL)
35,7,1,75,195,1,14,11,,0,0,0,56,134,0,9,8,6,5,2,2,6,2,1,0,68,299,489,FINAL (ENTRADA MANUAL)
35,7,2,73,166,2,14,6,,0,0,0,57,111,0,13,4,6,9,0,4,1,1,0,0,56,262,489,FINAL (ENTRADA MANUAL)
35,7,3,71,182,8,13,7,,1,0,1,56,113,3,8,4,6,3,2,2,5,0,0,0,81,283,489,FINAL (ENTRADA MANUAL)
35,7,4,70,154,2,10,6,,1,2,0,56,95,2,9,6,3,6,0,2,3,1,0,0,63,246,489,FINAL (ENTRADA MANUAL)
35,7,5,63,162,3,12,10,,0,0,0,45,109,1,8,9,6,1,0,2,0,0,0,0,69,250,488,FINAL (ENTRADA MANUAL)
35,8,1,82,162,3,16,10,,0,0,0,64,107,1,8,6,6,5,1,2,1,4,1,0,72,278,516,FINAL (ENTRADA MANUAL)
35,8,2,89,153,4,8,10,,1,0,2,72,107,1,5,10,1,11,1,5,0,2,0,0,54,269,516,FINAL (ENTRADA MANUAL)
35,8,3,71,156,2,14,11,,0,0,1,61,102,2,13,6,5,4,1,0,1,1,0,0,60,256,516,FINAL (ENTRADA MANUAL)
35,8,4,66,160,2,16,9,,1,0,3,56,108,0,14,7,2,6,2,3,2,0,0,0,57,257,516,FINAL (ENTRADA MANUAL)
35,8,5,77,150,3,12,4,,0,0,0,62,106,0,11,3,3,2,2,0,1,2,0,0,56,248,516,FINAL (ENTRADA MANUAL)
35,8,6,71,173,3,12,8,,0,0,1,55,112,2,8,6,7,6,1,2,4,1,0,0,65,269,516,FINAL (ENTRADA MANUAL)
35,9,1,72,152,2,8,10,,0,0,0,50,96,0,6,8,6,8,0,1,1,0,3,0,68,247,503,FINAL (ENTRADA MANUAL)
35,9,2,64,119,1,8,5,,0,1,3,51,72,1,6,4,1,6,0,0,0,0,0,0,60,201,503,FINAL (ENTRADA MANUAL)
35,9,3,85,144,2,5,8,,0,0,2,65,92,0,3,6,3,4,0,0,2,2,0,0,71,248,503,FINAL (ENTRADA MANUAL)
35,9,4,78,136,1,9,7,,0,0,0,65,89,1,7,5,3,4,0,1,0,0,0,1,56,232,503,FINAL (ENTRADA MANUAL)
35,9,5,72,145,0,2,6,,1,0,1,57,82,0,2,5,5,5,0,3,0,1,0,0,68,228,503,FINAL (ENTRADA MANUAL)
35,9,6,67,159,0,6,5,,0,0,1,55,104,0,3,0,3,4,0,1,1,1,0,0,67,239,503,FINAL (ENTRADA MANUAL)
35,10,1,96,158,2,6,4,,2,0,1,84,106,0,4,3,4,9,2,1,2,0,0,0,54,269,595,FINAL (ENTRADA MANUAL)
35,10,2,91,171,3,6,5,,0,1,0,77,119,1,4,3,3,11,2,1,0,0,0,0,56,277,595,FINAL (ENTRADA MANUAL)
35,11,1,69,131,1,11,3,,0,0,0,55,83,0,6,2,8,1,0,2,1,1,0,0,57,216,460,FINAL (ENTRADA MANUAL)
35,11,2,52,135,2,5,9,,0,0,0,43,80,2,4,8,4,0,1,2,2,1,0,0,57,204,460,FINAL (ENTRADA MANUAL)
35,11,3,76,139,2,7,4,,0,0,0,65,105,1,6,4,0,5,1,1,0,0,0,0,40,228,460,FINAL (ENTRADA MANUAL)
35,11,4,75,131,2,7,3,,1,0,0,62,92,1,7,3,3,3,1,2,0,0,1,0,45,220,459,FINAL (ENTRADA MANUAL)
35,12,1,107,186,2,13,6,,0,0,0,86,111,2,9,5,11,6,0,7,0,3,0,0,77,317,505,FINAL (ENTRADA MANUAL)
35,12,2,90,141,1,8,9,,0,0,1,77,86,0,6,7,4,8,0,3,0,3,0,0,59,253,505,FINAL (ENTRADA MANUAL)
35,12,3,73,149,1,13,6,,0,0,0,63,103,0,7,5,1,6,0,7,0,1,0,0,50,243,505,FINAL (ENTRADA MANUAL)
35,12,4,80,124,2,14,8,,0,0,1,61,87,2,10,6,2,4,0,0,1,1,0,1,56,231,505,FINAL (ENTRADA MANUAL)
35,12,5,66,153,2,17,14,,0,0,1,51,103,1,11,12,3,3,0,8,3,3,0,0,58,256,505,FINAL (ENTRADA MANUAL)
35,12,6,78,152,5,14,14,,0,0,1,62,99,1,10,9,5,3,0,3,1,1,0,0,71,265,505,FINAL (ENTRADA MANUAL)
35,12,7,80,155,3,10,5,,0,0,0,66,101,3,7,5,6,3,0,2,0,0,0,0,60,253,505,FINAL (ENTRADA MANUAL)
35,12,8,76,152,4,11,6,,0,0,1,61,107,2,7,6,4,3,0,2,0,0,1,0,58,251,505,FINAL (ENTRADA MANUAL)
35,12,9,72,132,3,10,6,,0,0,3,53,90,1,9,6,1,1,0,4,1,0,0,0,60,226,505,FINAL (ENTRADA MANUAL)
35,12,10,59,159,2,11,11,,0,0,0,51,100,2,6,10,8,3,1,6,0,3,0,0,55,245,505,FINAL (ENTRADA MANUAL)
35,13,1,70,144,3,6,8,,1,0,2,48,81,2,4,7,2,4,1,8,3,0,0,0,74,234,380,FINAL (ENTRADA MANUAL)
35,13,2,50,137,5,10,9,,0,0,1,43,84,2,8,7,4,1,2,3,3,0,0,0,55,212,380,FINAL (ENTRADA MANUAL)
35,13,3,73,130,6,6,4,,0,0,0,58,84,1,5,2,7,6,2,4,1,0,0,0,49,219,380,FINAL (ENTRADA MANUAL)
35,14,1,79,162,0,12,11,,0,0,0,59,115,0,8,7,5,4,0,0,3,1,0,0,63,265,447,FINAL (ENTRADA MANUAL)
35,14,2,68,175,0,9,8,,0,0,0,56,116,0,5,5,4,5,0,4,2,0,0,0,63,260,447,FINAL (ENTRADA MANUAL)
35,14,3,83,134,2,13,8,,0,0,1,66,82,2,8,7,4,3,0,2,0,1,0,0,67,242,447,FINAL (ENTRADA MANUAL)
35,72,1,568,329,1,11,13,,1,1,1,520,247,0,7,13,20,7,1,2,0,25,0,2,108,952,0,FINAL (ENTRADA MANUAL)
35,72,2,91,55,0,0,1,,0,0,0,85,39,0,0,0,3,4,0,0,0,4,1,0,16,152,0,FINAL (ENTRADA MANUAL)
35,72,3,812,493,4,16,17,,0,0,1,737,344,1,13,13,47,32,0,6,1,0,0,0,149,1343,0,FINAL (ENTRADA MANUAL)
35,72,4,151,108,2,8,4,,5,1,0,132,73,0,7,3,12,9,2,3,1,6,2,0,37,287,0,FINAL (ENTRADA MANUAL)
35,72,5,96,52,0,3,1,,1,0,0,90,41,0,1,1,9,1,0,2,0,0,0,0,8,153,0,FINAL (ENTRADA MANUAL)
35,72,6,19,14,0,1,0,,0,0,0,17,11,0,1,0,1,0,0,0,0,0,0,0,4,34,0,FINAL (ENTRADA MANUAL)
35,72,7,79,29,1,2,1,,0,0,0,73,20,1,2,1,4,0,0,1,0,0,0,0,10,112,0,FINAL (ENTRADA MANUAL)
35,72,8,7,3,0,0,0,,0,1,0,6,3,0,0,0,0,0,0,0,0,0,0,0,2,11,0,FINAL (ENTRADA MANUAL)
35,72,9,20,25,0,1,0,,0,0,0,17,20,0,1,0,1,1,0,0,0,0,0,0,6,46,0,FINAL (ENTRADA MANUAL)
35,72,10,15,16,0,1,1,,0,0,0,12,11,0,1,1,0,0,0,1,0,0,0,0,7,33,0,FINAL (ENTRADA MANUAL)
35,73,1,46,485,0,1,4,,0,0,0,43,393,0,1,4,1,3,0,0,0,0,0,0,91,536,0,FINAL (ENTRADA MANUAL)
35,73,2,0,0,0,0,0,,0,0,0,0,0,0,0,0,0,0,0,0,0,0,0,0,0,0,0,FINAL (ENTRADA MANUAL)
35,73,3,0,0,0,0,0,,0,0,0,0,0,0,0,0,0,0,0,0,0,0,0,0,0,0,0,FINAL (ENTRADA MANUAL)
35,73,4,14,106,0,0,0,,0,0,0,10,89,0,0,0,1,1,0,1,0,0,2,0,19,123,0,FINAL (ENTRADA MANUAL)
35,74,1,0,0,0,0,0,,0,0,0,0,0,0,0,0,0,0,0,0,0,0,0,0,0,0,0,FINAL (ENTRADA MANUAL)
35,74,2,0,0,0,0,0,,0,0,0,0,0,0,0,0,0,0,0,0,0,0,0,0,0,0,0,FINAL (ENTRADA MANUAL)
35,75,1,0,0,0,0,0,,0,0,0,0,0,0,0,0,0,0,0,0,0,0,0,1,1,2,0,FINAL (ENTRADA MANUAL)
35,75,2,0,0,0,0,0,,0,0,0,0,0,0,0,0,0,0,0,0,0,0,0,0,0,0,0,FINAL (ENTRADA MANUAL)
35,75,3,0,0,0,0,0,,0,0,0,0,0,0,0,0,0,0,0,0,0,0,0,0,0,0,0,FINAL (ENTRADA MANUAL)
35,76,1,56,21,0,2,1,,0,0,0,47,13,0,2,1,0,0,0,0,0,5,0,0,17,85,0,FINAL (ENTRADA MANUAL)
35,76,2,0,0,0,0,0,,0,0,0,0,0,0,0,0,0,0,0,0,0,0,0,0,0,0,0,FINAL (ENTRADA MANUAL)
35,76,3,11,3,0,0,1,,0,0,0,9,2,0,0,0,0,0,0,0,0,0,0,0,4,15,0,FINAL (ENTRADA MANUAL)
35,76,4,0,0,0,0,0,,0,0,0,0,0,0,0,0,0,0,0,0,0,0,0,0,0,0,0,FINAL (ENTRADA MANUAL)
35,76,5,6,2,0,0,0,,0,0,0,5,2,0,0,0,0,0,0,0,0,0,0,0,1,8,0,FINAL (ENTRADA MANUAL)
35,76,6,0,0,0,0,0,,0,0,0,0,0,0,0,0,0,0,0,0,0,0,0,0,0,0,0,FINAL (ENTRADA MANUAL)
35,77,1,1,24,5,2,0,,0,0,0,0,14,1,1,0,0,0,1,2,0,0,0,0,13,32,0,FINAL (ENTRADA MANUAL)
35,77,2,6,29,3,8,1,,0,0,0,4,10,2,5,1,2,0,1,1,0,0,0,0,21,47,0,FINAL (ENTRADA MANUAL)
35,77,3,1,5,1,1,2,,0,0,0,1,3,1,1,2,0,0,0,0,0,0,0,0,2,10,0,FINAL (ENTRADA MANUAL)
35,77,4,3,22,1,3,0,,0,0,0,3,17,0,2,0,0,0,0,1,0,0,0,0,6,29,0,FINAL (ENTRADA MANUAL)
35,78,1,45,104,1,6,4,,0,0,0,34,64,0,3,3,3,3,0,0,1,0,0,0,49,160,0,FINAL (ENTRADA MANUAL)
35,78,2,0,0,0,0,0,,0,0,0,0,0,0,0,0,0,0,0,0,0,0,0,0,0,0,0,FINAL (ENTRADA MANUAL)
35,78,3,0,0,0,0,0,,0,0,0,0,0,0,0,0,0,0,0,0,0,0,0,0,0,0,0,FINAL (ENTRADA MANUAL)
35,78,4,1,0,0,0,0,,0,0,0,1,0,0,0,0,0,0,0,0,0,0,0,0,0,1,0,FINAL (ENTRADA MANUAL)
36,1,1,98,121,,5,16,,0,0,0,72,92,0,4,11,10,3,0,0,4,0,0,0,44,240,390,FINAL (ENTRADA MANUAL)
36,1,2,92,101,,5,25,,0,0,1,71,62,0,1,14,2,2,0,1,1,2,0,0,70,226,390,FINAL (ENTRADA MANUAL)
36,1,3,81,91,,7,29,,0,0,1,66,63,1,4,24,3,3,0,2,1,2,0,0,42,212,390,FINAL (ENTRADA MANUAL)
36,1,4,66,131,,6,30,,0,0,1,56,92,0,4,20,2,11,0,0,1,1,0,0,48,235,392,FINAL (ENTRADA MANUAL)
36,2,1,74,183,,7,31,,0,1,0,59,149,0,6,23,9,5,0,1,3,1,0,0,41,297,535,FINAL (ENTRADA MANUAL)
36,2,2,63,159,,6,58,,0,2,2,54,121,0,6,43,6,1,0,1,2,2,0,0,56,292,535,FINAL (ENTRADA MANUAL)
36,2,3,72,183,,9,36,,1,0,2,61,124,0,7,21,2,4,1,2,1,1,0,0,80,304,535,FINAL (ENTRADA MANUAL)
36,2,4,90,154,,20,46,,1,0,3,73,132,2,18,33,7,3,0,2,2,0,0,0,42,314,535,FINAL (ENTRADA MANUAL)
36,3,1,88,112,,5,30,,1,0,0,74,95,0,4,18,6,2,0,0,5,1,0,0,32,237,415,FINAL (ENTRADA MANUAL)
36,3,2,79,78,,8,29,,1,0,1,64,61,0,6,28,0,2,0,1,1,0,0,0,33,196,415,FINAL (ENTRADA MANUAL)
36,3,3,100,68,,7,20,,0,0,0,74,52,0,7,14,3,1,0,2,1,0,0,0,41,195,415,FINAL (ENTRADA MANUAL)
36,3,4,100,93,,4,26,,0,1,1,83,80,0,3,21,0,1,0,3,1,1,0,0,33,226,415,FINAL (ENTRADA MANUAL)
36,4,1,106,79,,7,38,,1,0,1,87,58,0,7,25,5,5,0,2,1,0,0,0,42,232,485,FINAL (ENTRADA MANUAL)
36,4,2,108,89,,5,47,,0,1,4,82,78,1,3,27,6,1,0,0,2,3,0,0,54,257,485,FINAL (ENTRADA MANUAL)
36,4,3,116,92,,2,41,,0,0,3,88,70,1,1,25,5,1,0,1,4,2,0,0,59,257,485,FINAL (ENTRADA MANUAL)
36,4,4,109,86,,12,33,,2,0,1,82,61,0,5,24,5,0,0,1,1,1,0,0,64,244,485,FINAL (ENTRADA MANUAL)
36,4,5,113,95,,6,43,,1,0,2,94,64,0,4,21,6,1,0,2,4,1,0,0,64,261,485,FINAL (ENTRADA MANUAL)
36,4,6,91,95,,4,51,,0,0,1,81,73,0,4,33,10,3,0,0,1,1,0,0,37,243,484,FINAL (ENTRADA MANUAL)
36,5,1,97,108,,8,41,,0,0,1,76,90,0,6,27,4,4,0,4,0,4,0,0,44,259,486,FINAL (ENTRADA MANUAL)
36,5,2,94,123,,9,38,,1,0,0,74,79,0,8,26,2,2,0,1,2,1,0,0,71,266,486,FINAL (ENTRADA MANUAL)
36,5,3,98,109,,4,40,,2,0,1,86,86,0,2,24,5,2,0,3,2,2,0,0,44,256,486,FINAL (ENTRADA MANUAL)
36,5,4,93,109,,11,29,,2,0,1,77,75,0,5,15,3,0,0,1,4,3,0,0,65,248,486,FINAL (ENTRADA MANUAL)
36,5,5,83,115,,11,34,,1,0,0,65,89,0,6,18,1,3,0,3,0,3,0,0,59,247,486,FINAL (ENTRADA MANUAL)
36,5,6,90,118,,6,37,,2,0,2,63,75,1,5,28,5,5,1,1,0,3,0,0,71,258,483,FINAL (ENTRADA MANUAL)
36,6,1,61,151,,5,41,,1,0,2,52,113,0,4,24,2,5,0,0,0,1,1,0,61,263,488,FINAL (ENTRADA MANUAL)
36,6,2,62,119,,9,42,,0,1,0,42,90,0,4,29,1,6,1,2,1,1,0,0,57,234,488,FINAL (ENTRADA MANUAL)
36,6,3,66,130,,5,42,,1,0,0,59,103,0,3,22,1,0,0,2,8,0,1,0,46,245,488,FINAL (ENTRADA MANUAL)
36,6,4,69,103,,4,54,,0,0,0,61,77,0,4,38,6,3,0,0,3,0,0,0,38,230,488,FINAL (ENTRADA MANUAL)
36,6,5,70,110,,5,59,,0,0,0,56,85,0,2,33,7,1,0,3,2,1,0,0,55,245,488,FINAL (ENTRADA MANUAL)
36,6,6,70,112,,7,33,,1,0,1,52,82,1,2,17,2,3,0,2,4,1,1,0,59,226,488,FINAL (ENTRADA MANUAL)
36,6,7,87,127,,5,34,,0,0,1,67,90,0,4,21,1,3,0,2,3,2,0,0,63,256,486,FINAL (ENTRADA MANUAL)
36,7,1,74,110,,10,50,,1,0,1,62,89,0,9,36,2,6,0,0,0,3,0,0,42,249,494,FINAL (ENTRADA MANUAL)
36,7,2,70,111,,9,61,,0,0,3,52,81,2,7,44,5,1,0,1,2,2,0,0,59,256,494,FINAL (ENTRADA MANUAL)
36,7,3,67,111,,14,60,,0,0,2,52,79,0,11,41,1,0,0,10,2,4,0,0,58,258,493,FINAL (ENTRADA MANUAL)
36,8,1,88,135,,13,34,,0,0,1,66,98,0,11,17,7,3,0,2,2,3,0,0,65,274,500,FINAL (ENTRADA MANUAL)
36,8,2,86,147,,10,45,,0,0,2,76,112,2,8,30,4,3,0,4,3,1,1,1,48,293,500,FINAL (ENTRADA MANUAL)
36,8,3,91,139,,20,31,,0,0,1,78,91,1,15,15,5,3,0,3,3,2,0,0,68,284,500,FINAL (ENTRADA MANUAL)
36,8,4,59,160,,7,45,,0,0,1,48,115,0,6,28,3,2,0,0,0,2,0,0,70,274,498,FINAL (ENTRADA MANUAL)
36,9,1,109,120,,10,22,,0,1,0,97,88,0,10,13,1,5,0,1,2,1,0,0,45,263,480,FINAL (ENTRADA MANUAL)
36,9,2,103,111,,6,25,,1,0,0,84,90,0,6,15,6,4,0,1,4,1,0,0,36,247,480,FINAL (ENTRADA MANUAL)
36,9,3,113,93,,9,34,,1,0,0,97,63,0,9,26,2,2,0,1,3,2,0,0,47,252,480,FINAL (ENTRADA MANUAL)
36,9,4,109,118,,9,26,,0,0,0,93,90,0,8,15,3,3,0,2,0,1,0,0,48,263,480,FINAL (ENTRADA MANUAL)
36,9,5,111,100,,5,36,,0,0,1,87,64,1,4,24,1,1,0,1,1,1,0,0,69,254,482,FINAL (ENTRADA MANUAL)
36,72,1,171,59,,3,52,,3,0,0,144,42,0,3,34,10,5,0,0,6,25,0,1,44,314,0,FINAL (ENTRADA MANUAL)
36,72,2,10,2,,0,1,,0,0,0,10,1,0,0,1,0,0,0,0,0,0,0,0,1,13,0,FINAL (ENTRADA MANUAL)
36,72,3,994,456,,28,166,,4,2,4,875,381,0,26,94,36,19,0,3,11,0,0,0,209,1654,0,FINAL (ENTRADA MANUAL)
36,72,4,103,66,,2,31,,3,1,0,98,55,0,1,24,6,2,0,0,1,4,2,0,19,212,0,FINAL (ENTRADA MANUAL)
36,72,5,54,22,,0,7,,1,0,0,48,17,0,0,4,0,3,0,0,1,0,0,0,11,84,0,FINAL (ENTRADA MANUAL)
36,72,6,7,3,,0,0,,0,0,0,4,3,0,0,0,0,1,0,0,0,1,0,0,2,11,0,FINAL (ENTRADA MANUAL)
36,72,7,0,1,,0,1,,0,0,0,0,1,0,0,0,0,0,0,0,1,0,0,0,0,2,0,FINAL (ENTRADA MANUAL)
36,73,1,53,155,,0,12,,0,0,2,40,135,0,0,7,5,3,0,0,0,0,0,0,32,222,0,FINAL (ENTRADA MANUAL)
36,73,2,0,0,,0,0,,0,0,0,0,0,0,0,0,0,0,0,0,0,0,0,0,0,0,0,FINAL (ENTRADA MANUAL)
36,73,3,31,162,,1,13,,1,1,0,29,152,0,1,10,1,2,0,1,0,2,0,1,13,212,0,FINAL (ENTRADA MANUAL)
36,74,1,0,0,,0,0,,0,0,0,0,0,0,0,0,0,0,0,0,0,0,0,0,0,0,0,FINAL (ENTRADA MANUAL)
36,74,2,0,0,,0,0,,0,0,0,0,0,0,0,0,0,0,0,0,0,0,0,0,0,0,0,FINAL (ENTRADA MANUAL)
36,75,1,3,2,,0,1,,0,0,0,1,2,0,0,1,0,0,0,0,0,0,0,0,2,6,0,FINAL (ENTRADA MANUAL)
36,76,1,13,4,,0,0,,0,0,0,11,1,0,0,0,0,0,0,0,0,0,0,0,5,17,0,FINAL (ENTRADA MANUAL)
36,76,2,0,0,,0,0,,0,0,0,0,0,0,0,0,0,0,0,0,0,0,0,0,0,0,0,FINAL (ENTRADA MANUAL)
36,76,3,1,1,,0,0,,0,0,0,1,0,0,0,0,0,0,0,0,0,0,0,0,1,2,0,FINAL (ENTRADA MANUAL)
36,76,4,0,0,,0,0,,0,0,1,0,0,0,0,0,0,0,0,0,0,0,0,0,1,1,0,FINAL (ENTRADA MANUAL)
36,76,5,1,0,,0,0,,0,0,0,0,0,0,0,0,0,0,0,0,0,0,0,0,1,1,0,FINAL (ENTRADA MANUAL)
36,77,1,0,0,,0,0,,0,0,0,0,0,0,0,0,0,0,0,0,0,0,0,0,0,0,0,FINAL (ENTRADA MANUAL)
36,77,2,11,24,,7,4,,0,0,0,9,21,0,5,3,0,2,3,3,0,0,0,0,3,46,0,FINAL (ENTRADA MANUAL)
36,77,3,4,1,,1,0,,0,0,0,4,0,1,1,0,0,1,0,0,0,1,0,0,0,8,0,FINAL (ENTRADA MANUAL)
36,77,4,2,2,,1,0,,0,0,0,2,1,0,1,0,0,0,0,0,0,1,0,0,1,6,0,FINAL (ENTRADA MANUAL)
36,78,1,100,83,,2,12,,0,0,0,90,55,0,1,7,2,0,0,0,0,3,2,0,41,201,0,FINAL (ENTRADA MANUAL)
36,78,2,0,0,,0,0,,0,0,0,0,0,0,0,0,0,0,0,0,0,0,0,0,0,0,0,FINAL (ENTRADA MANUAL)
36,78,3,0,0,,0,0,,0,0,0,0,0,0,0,0,0,0,0,0,0,0,0,0,0,0,0,FINAL (ENTRADA MANUAL)
36,78,4,0,0,,0,0,,0,0,0,0,0,0,0,0,0,0,0,0,0,0,0,0,0,0,0,FINAL (ENTRADA MANUAL)
37,1,1,65,111,,3,51,,0,0,0,56,87,0,3,35,3,2,0,0,4,0,0,0,40,230,362,FINAL (ENTRADA MANUAL)
37,1,2,92,83,,13,48,,1,0,1,79,59,1,11,28,3,4,0,0,9,0,0,0,44,238,361,FINAL (ENTRADA MANUAL)
37,2,1,96,107,,3,30,,0,0,1,79,92,1,3,23,2,2,0,0,0,2,0,0,35,239,376,FINAL (ENTRADA MANUAL)
37,2,2,76,113,,3,43,,0,0,2,64,93,0,2,28,1,2,0,1,4,0,0,0,42,237,375,FINAL (ENTRADA MANUAL)
37,3,1,115,95,,3,39,,1,0,0,91,66,0,1,24,3,4,0,0,1,2,0,0,63,255,429,FINAL (ENTRADA MANUAL)
37,3,2,105,107,,9,33,,1,0,1,83,68,1,6,19,5,0,0,2,1,2,0,0,71,258,429,FINAL (ENTRADA MANUAL)
37,3,3,98,104,,11,36,,1,0,0,87,76,0,8,26,1,3,0,3,0,3,0,0,46,253,429,FINAL (ENTRADA MANUAL)
37,3,4,77,125,,8,29,,0,2,2,61,79,1,5,17,4,3,0,3,1,1,0,0,69,244,428,FINAL (ENTRADA MANUAL)
37,72,1,8,1,,0,2,,0,0,0,8,0,0,0,0,0,0,0,0,0,0,0,0,3,11,0,FINAL (ENTRADA MANUAL)
37,72,2,2,0,,0,0,,0,0,0,2,0,0,0,0,0,0,0,0,0,0,0,0,0,2,0,FINAL (ENTRADA MANUAL)
37,72,3,140,51,,2,18,,0,0,0,120,38,0,1,10,7,0,0,1,0,0,0,0,34,211,0,FINAL (ENTRADA MANUAL)
37,72,4,43,11,,0,3,,0,0,0,41,7,0,0,3,0,0,0,0,0,0,1,0,6,58,0,FINAL (ENTRADA MANUAL)
37,72,5,36,5,,0,3,,0,0,0,34,2,0,0,2,0,0,0,0,1,0,0,0,5,44,0,FINAL (ENTRADA MANUAL)
37,72,6,4,1,,0,0,,0,0,0,4,0,0,0,0,0,1,0,0,0,0,0,0,0,5,0,FINAL (ENTRADA MANUAL)
37,72,7,0,0,,0,0,,0,0,0,0,0,0,0,0,0,0,0,0,0,0,0,0,0,0,0,FINAL (ENTRADA MANUAL)
37,72,8,12,4,,0,2,,0,0,0,12,2,0,0,1,0,0,0,0,0,0,0,0,3,18,0,FINAL (ENTRADA MANUAL)
37,73,1,21,58,,0,3,,0,0,0,15,54,0,0,1,1,0,0,0,0,0,0,0,11,82,0,FINAL (ENTRADA MANUAL)
37,73,2,5,5,,0,0,,0,0,0,4,5,0,0,0,0,1,0,0,0,1,0,0,0,11,0,FINAL (ENTRADA MANUAL)
37,74,1,0,0,,0,0,,0,0,0,0,0,0,0,0,0,0,0,0,0,0,0,0,0,0,0,FINAL (ENTRADA MANUAL)
37,74,2,0,0,,0,0,,0,0,0,0,0,0,0,0,0,0,0,0,0,0,0,0,0,0,0,FINAL (ENTRADA MANUAL)
37,75,1,0,0,,0,0,,0,0,0,0,0,0,0,0,0,0,0,0,0,0,0,0,0,0,0,FINAL (ENTRADA MANUAL)
37,76,1,0,0,,0,0,,0,0,0,0,0,0,0,0,0,0,0,0,0,0,0,0,0,0,0,FINAL (ENTRADA MANUAL)
37,76,2,0,0,,0,0,,0,0,0,0,0,0,0,0,0,0,0,0,0,0,0,0,0,0,0,FINAL (ENTRADA MANUAL)
37,76,3,1,0,,0,0,,0,0,0,1,0,0,0,0,0,0,0,0,0,0,0,0,0,1,0,FINAL (ENTRADA MANUAL)
37,77,1,0,3,,4,1,,0,0,0,0,3,0,4,1,0,0,0,0,0,0,0,0,1,9,0,FINAL (ENTRADA MANUAL)
37,77,2,2,1,,0,0,,0,0,0,1,1,0,0,0,0,0,0,1,0,0,0,0,0,3,0,FINAL (ENTRADA MANUAL)
37,78,1,10,4,,1,1,,0,0,0,6,3,0,0,0,0,0,0,0,0,0,0,0,7,16,0,FINAL (ENTRADA MANUAL)
37,78,2,0,0,,0,0,,0,0,0,0,0,0,0,0,0,0,0,0,0,0,0,0,0,0,0,FINAL (ENTRADA MANUAL)
37,78,3,0,0,,0,0,,0,0,0,0,0,0,0,0,0,0,0,0,0,0,0,0,0,0,0,FINAL (ENTRADA MANUAL)
37,78,4,0,0,,0,0,,0,0,0,0,0,0,0,0,0,0,0,0,0,0,0,0,0,0,0,FINAL (ENTRADA MANUAL)
38,1,1,70,122,,7,5,,0,0,0,47,67,0,4,4,7,0,0,2,0,2,0,0,73,206,371,FINAL (ENTRADA MANUAL)
38,1,2,53,107,,7,4,,0,0,0,40,61,0,5,4,0,0,1,3,1,3,0,0,56,174,371,FINAL (ENTRADA MANUAL)
38,1,3,51,143,,2,7,,2,0,0,42,94,0,2,4,2,2,0,1,1,0,0,0,57,205,370,FINAL (ENTRADA MANUAL)
38,2,1,163,127,,8,10,,1,1,1,115,80,0,4,5,5,2,0,2,1,0,0,0,97,311,598,FINAL (ENTRADA MANUAL)
38,2,2,181,127,,6,6,,0,1,0,144,86,0,3,4,3,0,0,4,0,0,0,0,77,321,598,FINAL (ENTRADA MANUAL)
38,2,3,152,126,,4,6,,1,0,0,100,76,0,3,3,3,3,0,5,0,1,0,0,96,290,599,FINAL (ENTRADA MANUAL)
38,3,1,96,86,,6,0,,1,0,0,72,49,0,3,0,1,1,0,0,0,0,0,0,63,189,424,FINAL (ENTRADA MANUAL)
38,3,2,94,102,,7,2,,1,0,2,78,55,0,6,2,3,1,0,0,0,2,0,0,63,210,424,FINAL (ENTRADA MANUAL)
38,3,3,93,114,,2,0,,0,0,1,80,66,0,2,0,2,3,1,0,0,0,0,0,56,210,425,FINAL (ENTRADA MANUAL)
38,4,1,79,120,,6,12,,0,0,0,64,75,0,4,8,1,0,0,6,1,2,0,0,58,219,438,FINAL (ENTRADA MANUAL)
38,4,2,70,138,,6,8,,0,1,1,57,81,0,4,3,2,5,1,4,1,0,0,0,66,224,438,FINAL (ENTRADA MANUAL)
38,4,3,77,131,,5,11,,0,0,0,59,79,0,3,7,5,3,0,3,1,0,0,0,64,224,438,FINAL (ENTRADA MANUAL)
38,4,4,69,148,,7,11,,0,0,1,54,107,1,4,7,4,1,0,3,1,2,0,0,54,238,439,FINAL (ENTRADA MANUAL)
38,5,1,104,131,,13,10,,0,0,1,79,87,0,8,8,4,7,0,4,1,0,0,0,61,259,466,FINAL (ENTRADA MANUAL)
38,5,2,116,145,,7,5,,0,0,0,82,104,0,5,4,1,4,0,1,1,1,0,0,71,274,466,FINAL (ENTRADA MANUAL)
38,5,3,90,137,,9,6,,1,1,0,74,87,0,8,5,1,5,0,0,0,0,0,0,64,244,466,FINAL (ENTRADA MANUAL)
38,5,4,79,142,,6,9,,0,0,0,57,86,0,3,7,3,5,1,5,0,3,0,0,69,239,466,FINAL (ENTRADA MANUAL)
38,5,5,85,134,,5,6,,1,0,1,64,81,0,4,5,2,2,0,3,0,3,0,0,71,235,466,FINAL (ENTRADA MANUAL)
38,5,6,68,134,,9,11,,0,0,1,48,79,0,6,6,1,4,0,6,1,2,0,0,72,225,466,FINAL (ENTRADA MANUAL)
38,6,1,91,164,,5,9,,1,0,0,71,110,0,3,5,7,7,1,1,0,0,0,0,65,270,545,FINAL (ENTRADA MANUAL)
38,6,2,93,135,,13,11,,0,0,1,75,89,0,5,9,4,1,0,3,1,3,0,0,66,256,545,FINAL (ENTRADA MANUAL)
38,6,3,82,150,,8,3,,1,0,1,63,108,0,4,1,3,1,0,1,0,2,0,0,64,247,545,FINAL (ENTRADA MANUAL)
38,6,4,84,146,,10,6,,0,0,0,60,97,0,7,3,3,2,0,5,1,0,0,0,68,246,545,FINAL (ENTRADA MANUAL)
38,7,1,59,155,,5,4,,1,0,1,41,94,0,4,2,1,1,1,1,0,0,1,0,80,226,402,FINAL (ENTRADA MANUAL)
38,7,2,61,132,,8,1,,2,0,1,52,98,0,6,1,1,2,0,2,0,1,0,0,43,206,402,FINAL (ENTRADA MANUAL)
38,7,3,57,155,,4,3,,1,0,0,46,99,0,2,2,1,4,0,2,0,3,0,0,64,223,402,FINAL (ENTRADA MANUAL)
38,8,1,58,126,,10,6,,0,0,1,45,87,1,3,4,3,0,0,4,1,3,2,0,53,206,338,FINAL (ENTRADA MANUAL)
38,8,2,69,94,,7,4,,1,0,0,56,64,0,5,1,2,1,0,5,0,3,0,0,41,178,338,FINAL (ENTRADA MANUAL)
38,9,1,51,130,,5,5,,0,0,1,39,90,1,3,3,1,0,0,7,0,1,0,0,48,193,357,FINAL (ENTRADA MANUAL)
38,9,2,48,118,,12,3,,0,0,1,38,79,0,5,2,0,5,0,1,0,0,0,0,52,182,357,FINAL (ENTRADA MANUAL)
38,10,1,80,164,,2,6,,1,0,1,60,116,1,2,5,4,3,1,1,0,2,0,0,61,256,453,FINAL (ENTRADA MANUAL)
38,10,2,88,138,,1,3,,1,0,2,68,102,0,1,2,1,5,0,1,0,3,0,0,53,236,453,FINAL (ENTRADA MANUAL)
38,10,3,99,129,,3,7,,1,0,0,78,97,0,3,6,4,2,0,0,1,1,0,0,48,240,453,FINAL (ENTRADA MANUAL)
38,10,4,83,132,,5,8,,0,0,0,51,97,0,4,5,4,4,0,0,0,1,0,0,63,229,453,FINAL (ENTRADA MANUAL)
38,11,1,106,116,,6,6,,0,1,2,82,76,0,2,4,0,4,0,1,0,2,0,0,68,239,448,FINAL (ENTRADA MANUAL)
38,11,2,103,112,,6,1,,0,0,0,91,73,0,4,0,3,4,0,2,0,2,0,0,45,224,447,FINAL (ENTRADA MANUAL)
38,12,1,79,192,,4,8,,0,0,0,59,138,0,2,7,2,5,0,4,0,0,0,0,66,283,486,FINAL (ENTRADA MANUAL)
38,12,2,94,154,,12,9,,1,0,3,73,109,2,9,7,1,5,0,6,1,1,0,0,60,274,486,FINAL (ENTRADA MANUAL)
38,12,3,83,171,,9,8,,0,0,4,68,99,0,7,5,3,15,1,1,2,1,0,0,74,276,485,FINAL (ENTRADA MANUAL)
38,13,1,92,185,,8,13,,0,0,1,72,120,0,4,9,8,8,0,5,1,0,0,0,72,299,542,FINAL (ENTRADA MANUAL)
38,13,2,81,149,,4,16,,0,0,1,59,95,0,0,14,5,7,0,4,0,1,0,0,67,252,542,FINAL (ENTRADA MANUAL)
38,13,3,93,147,,6,3,,0,0,0,66,95,0,4,2,6,8,0,2,0,1,1,1,66,252,542,FINAL (ENTRADA MANUAL)
38,13,4,91,173,,5,5,,0,0,0,60,112,0,3,2,7,4,2,6,2,0,0,0,76,274,541,FINAL (ENTRADA MANUAL)
38,14,1,82,197,,6,4,,0,1,1,64,136,0,4,4,4,7,0,4,1,1,0,0,67,292,512,FINAL (ENTRADA MANUAL)
38,14,2,88,157,,11,4,,0,0,1,65,97,0,8,3,4,10,0,4,2,1,0,0,68,262,512,FINAL (ENTRADA MANUAL)
38,14,3,84,171,,10,11,,0,0,0,63,115,0,8,8,5,5,0,3,3,0,0,0,66,276,513,FINAL (ENTRADA MANUAL)
38,15,1,87,187,,4,3,,0,0,0,64,132,0,1,2,4,3,0,4,0,2,0,0,71,283,484,FINAL (ENTRADA MANUAL)
38,15,2,104,169,,6,8,,2,0,1,84,105,0,1,5,7,5,0,5,1,1,0,0,77,291,485,FINAL (ENTRADA MANUAL)
38,16,1,86,186,,13,8,,1,0,0,71,118,0,10,5,10,11,1,7,0,0,0,0,61,294,529,FINAL (ENTRADA MANUAL)
38,16,2,88,154,,13,12,,1,1,0,69,103,0,11,5,9,5,1,4,1,1,1,0,61,271,529,FINAL (ENTRADA MANUAL)
38,16,3,81,170,,10,19,,0,1,1,64,113,0,4,9,2,4,4,8,5,1,0,0,69,283,529,FINAL (ENTRADA MANUAL)
38,16,4,88,168,,15,8,,0,0,1,60,106,0,7,3,1,4,0,6,1,0,0,0,92,280,530,FINAL (ENTRADA MANUAL)
38,17,1,113,158,,5,18,,1,0,2,96,117,1,2,16,2,6,0,0,2,1,0,0,55,298,524,FINAL (ENTRADA MANUAL)
38,17,2,70,178,,3,17,,0,0,0,55,141,0,3,15,2,6,0,2,2,1,0,0,42,269,523,FINAL (ENTRADA MANUAL)
38,72,1,588,111,,2,5,,0,1,2,518,63,0,0,0,25,10,0,2,0,0,0,0,91,709,0,FINAL (ENTRADA MANUAL)
38,72,2,37,3,,0,0,,0,0,0,34,1,0,0,0,2,1,1,0,0,3,0,0,3,45,0,FINAL (ENTRADA MANUAL)
38,72,3,610,166,,6,3,,0,0,0,507,103,0,2,1,62,7,1,6,2,0,0,1,94,786,0,FINAL (ENTRADA MANUAL)
38,72,4,108,23,,0,0,,0,0,0,91,15,0,0,0,12,0,0,0,0,9,1,0,13,141,0,FINAL (ENTRADA MANUAL)
38,72,5,86,18,,1,2,,0,0,0,75,10,0,1,0,7,2,0,0,0,0,0,0,12,107,0,FINAL (ENTRADA MANUAL)
38,72,6,23,5,,1,0,,0,0,0,18,5,0,0,0,3,0,0,0,0,0,2,0,3,31,0,FINAL (ENTRADA MANUAL)
38,72,7,60,15,,0,0,,0,0,0,53,9,0,0,0,6,0,0,0,0,0,0,0,7,75,0,FINAL (ENTRADA MANUAL)
38,72,8,7,5,,0,0,,0,0,0,6,4,0,0,0,1,0,0,0,0,0,1,0,1,13,0,FINAL (ENTRADA MANUAL)
38,72,9,1,2,,1,0,,0,0,0,0,1,0,0,0,1,0,0,2,0,0,0,0,0,4,0,FINAL (ENTRADA MANUAL)
38,72,10,0,0,,0,0,,0,0,0,0,0,0,0,0,0,0,0,0,0,0,0,0,0,0,0,FINAL (ENTRADA MANUAL)
38,72,11,0,0,,0,0,,0,0,0,0,0,0,0,0,0,0,0,0,0,0,0,0,0,0,0,FINAL (ENTRADA MANUAL)
38,72,12,65,23,,0,1,,0,0,0,54,15,0,0,1,3,3,0,0,0,5,2,0,13,96,0,FINAL (ENTRADA MANUAL)
38,73,1,93,1599,,11,8,,0,1,0,74,1342,0,8,5,18,39,0,1,1,0,0,0,224,1712,0,FINAL (ENTRADA MANUAL)
38,73,2,0,0,,0,0,,0,0,0,0,0,0,0,0,0,0,0,0,0,0,0,0,0,0,0,FINAL (ENTRADA MANUAL)
38,73,3,0,0,,0,0,,0,0,0,0,0,0,0,0,0,0,0,0,0,0,0,0,0,0,0,FINAL (ENTRADA MANUAL)
38,73,4,0,0,,0,0,,0,0,0,0,0,0,0,0,0,0,0,0,0,0,0,0,0,0,0,FINAL (ENTRADA MANUAL)
38,73,5,0,0,,0,0,,0,0,0,0,0,0,0,0,0,0,0,0,0,0,0,0,0,0,0,FINAL (ENTRADA MANUAL)
38,73,6,0,0,,0,0,,0,0,0,0,0,0,0,0,0,0,0,0,0,0,0,0,0,0,0,FINAL (ENTRADA MANUAL)
38,73,7,14,280,,0,1,,0,1,0,8,248,0,0,1,4,5,0,1,2,6,1,0,27,303,0,FINAL (ENTRADA MANUAL)
38,74,1,0,0,,0,0,,0,0,0,0,0,0,0,0,0,0,0,0,0,0,0,0,0,0,0,FINAL (ENTRADA MANUAL)
38,74,2,0,0,,0,0,,0,0,0,0,0,0,0,0,0,0,0,0,0,0,0,0,0,0,0,FINAL (ENTRADA MANUAL)
38,75,1,0,5,,0,0,,0,0,0,0,4,0,0,0,0,0,0,0,0,0,0,0,1,6,0,FINAL (ENTRADA MANUAL)
38,75,2,1,0,,0,0,,0,0,0,1,0,0,0,0,0,0,0,0,0,0,0,0,0,1,0,FINAL (ENTRADA MANUAL)
38,76,1,20,10,,0,0,,0,0,1,17,4,0,0,0,0,0,0,0,0,1,0,0,10,32,0,FINAL (ENTRADA MANUAL)
38,76,2,0,0,,0,0,,0,0,0,0,0,0,0,0,0,0,0,0,0,0,0,0,0,0,0,FINAL (ENTRADA MANUAL)
38,76,3,6,0,,0,0,,0,0,0,4,0,0,0,0,0,0,0,0,0,0,0,0,2,6,0,FINAL (ENTRADA MANUAL)
38,76,4,0,0,,0,0,,0,0,0,0,0,0,0,0,0,0,0,0,0,0,0,0,0,0,0,FINAL (ENTRADA MANUAL)
38,76,5,2,1,,0,0,,0,0,0,2,1,0,0,0,0,0,0,0,0,0,0,0,0,3,0,FINAL (ENTRADA MANUAL)
38,76,6,1,0,,0,0,,0,0,0,1,0,0,0,0,0,0,0,0,0,0,0,0,0,1,0,FINAL (ENTRADA MANUAL)
38,77,1,1,6,,2,0,,0,0,0,1,4,0,2,0,0,0,0,1,0,0,0,0,1,9,0,FINAL (ENTRADA MANUAL)
38,77,2,6,19,,3,0,,0,0,0,6,14,0,2,0,0,0,0,0,0,0,0,0,6,28,0,FINAL (ENTRADA MANUAL)
38,77,3,2,3,,0,1,,0,0,0,2,0,0,0,0,0,0,0,1,0,0,0,0,3,6,0,FINAL (ENTRADA MANUAL)
38,77,4,1,3,,0,0,,0,0,0,1,2,0,0,0,0,0,0,0,0,0,0,0,1,4,0,FINAL (ENTRADA MANUAL)
38,78,1,17,44,,2,1,,0,0,0,14,29,0,1,1,0,0,0,0,0,0,0,0,19,64,0,FINAL (ENTRADA MANUAL)
38,78,2,0,0,,0,0,,0,0,0,0,0,0,0,0,0,0,0,0,0,0,0,0,0,0,0,FINAL (ENTRADA MANUAL)
38,78,3,0,0,,0,0,,0,0,0,0,0,0,0,0,0,0,0,0,0,0,0,0,0,0,0,FINAL (ENTRADA MANUAL)
38,78,4,0,0,,0,0,,0,0,0,0,0,0,0,0,0,0,0,0,0,0,0,0,0,0,0,FINAL (ENTRADA MANUAL)
39,1,1,69,126,4,31,,,11,0,3,48,74,2,22,1,3,3,0,1,5,2,0,0,85,246,498,FINAL (ENTRADA MANUAL)
39,1,2,79,121,5,13,,,5,1,4,55,77,1,5,2,2,2,0,1,1,5,0,0,82,233,498,FINAL (ENTRADA MANUAL)
39,2,1,81,112,7,22,,,10,0,3,59,67,1,10,1,2,4,1,7,0,3,0,0,83,238,522,FINAL (ENTRADA MANUAL)
39,2,2,69,103,6,27,,,9,0,5,50,65,2,16,3,0,7,0,5,0,3,0,0,71,222,522,FINAL (ENTRADA MANUAL)
39,2,3,78,119,0,27,,,10,0,2,46,68,0,17,1,2,4,0,2,0,3,0,0,96,239,522,FINAL (ENTRADA MANUAL)
39,2,4,77,113,4,30,,,9,0,2,47,72,1,20,0,2,2,0,2,1,1,0,1,88,237,523,FINAL (ENTRADA MANUAL)
39,3,1,49,111,7,5,,,1,0,0,34,74,1,3,0,2,4,0,0,0,0,2,0,55,175,393,FINAL (ENTRADA MANUAL)
39,3,2,58,122,1,7,,,2,0,1,46,78,0,3,0,2,5,0,1,0,1,0,0,56,192,393,FINAL (ENTRADA MANUAL)
39,4,1,70,167,6,20,,,9,1,8,34,100,2,13,2,3,6,0,5,1,0,0,0,115,281,614,FINAL (ENTRADA MANUAL)
39,4,2,76,142,8,22,,,6,0,9,42,102,3,16,3,0,3,0,4,1,1,0,0,89,264,614,FINAL (ENTRADA MANUAL)
39,4,3,74,142,2,15,,,6,0,7,39,101,0,7,3,3,5,0,1,3,3,0,0,84,249,614,FINAL (ENTRADA MANUAL)
39,5,1,97,126,3,20,,,10,0,5,54,81,1,12,1,4,1,0,6,1,2,0,0,100,263,522,FINAL (ENTRADA MANUAL)
39,5,2,90,134,0,34,,,8,0,6,58,89,0,22,2,1,5,1,4,0,2,0,0,90,274,522,FINAL (ENTRADA MANUAL)
39,5,3,93,125,3,25,,,11,0,7,60,73,0,15,4,1,6,0,3,0,4,2,0,102,270,522,FINAL (ENTRADA MANUAL)
39,5,4,62,121,6,23,,,10,0,2,41,75,1,16,0,1,3,2,5,0,4,0,0,80,228,520,FINAL (ENTRADA MANUAL)
39,6,1,118,116,4,15,,,10,0,9,73,71,0,10,3,1,4,1,3,0,3,0,0,106,275,608,FINAL (ENTRADA MANUAL)
39,6,2,131,115,2,11,,,7,0,11,93,59,1,6,4,7,3,1,2,0,2,0,0,101,279,607,FINAL (ENTRADA MANUAL)
39,7,1,105,112,2,7,,,4,1,0,79,63,0,5,0,8,2,0,0,1,2,0,0,73,233,444,FINAL (ENTRADA MANUAL)
39,72,1,182,280,0,3,,,4,0,3,140,247,0,1,0,1,2,0,0,0,0,0,0,81,472,0,FINAL (ENTRADA MANUAL)
39,72,2,0,0,0,0,,,0,0,0,0,0,0,0,0,0,0,0,0,0,0,0,0,0,0,0,FINAL (ENTRADA MANUAL)
39,72,3,293,563,4,17,,,4,1,5,222,450,1,10,0,13,22,1,1,0,0,0,0,167,887,0,FINAL (ENTRADA MANUAL)
39,72,4,57,120,1,5,,,36,0,4,37,89,0,5,0,5,5,0,0,2,4,9,0,80,236,0,FINAL (ENTRADA MANUAL)
39,72,5,22,32,0,0,,,1,0,0,18,28,0,0,0,0,1,0,0,0,0,0,0,8,55,0,FINAL (ENTRADA MANUAL)
39,72,6,5,8,0,0,,,0,0,0,5,8,0,0,0,0,0,0,0,0,0,0,0,0,13,0,FINAL (ENTRADA MANUAL)
39,72,7,3,2,0,0,,,0,0,0,3,2,0,0,0,0,0,0,0,0,0,0,0,0,5,0,FINAL (ENTRADA MANUAL)
39,72,8,13,24,0,0,,,0,0,0,11,23,0,0,0,0,0,0,0,0,0,1,0,3,38,0,FINAL (ENTRADA MANUAL)
39,72,9,0,0,0,0,,,0,0,0,0,0,0,0,0,0,0,0,0,0,0,0,0,0,0,0,FINAL (ENTRADA MANUAL)
39,72,10,0,1,0,0,,,0,0,0,0,0,0,0,0,0,0,0,0,0,0,0,0,1,1,0,FINAL (ENTRADA MANUAL)
39,72,11,0,0,0,0,,,0,0,0,0,0,0,0,0,0,0,0,0,0,0,0,0,0,0,0,FINAL (ENTRADA MANUAL)
39,72,12,0,0,0,1,,,0,0,0,0,0,0,1,0,0,0,0,0,0,0,0,0,0,1,0,FINAL (ENTRADA MANUAL)
39,72,13,0,0,0,0,,,0,0,0,0,0,0,0,0,0,0,0,0,0,0,0,0,0,0,0,FINAL (ENTRADA MANUAL)
39,72,14,1,5,0,0,,,1,0,0,1,3,0,0,0,0,0,0,0,0,1,0,0,3,8,0,FINAL (ENTRADA MANUAL)
39,73,1,17,55,0,1,,,1,0,0,11,45,0,1,0,1,1,0,0,1,0,0,0,14,74,0,FINAL (ENTRADA MANUAL)
39,73,2,3,15,0,1,,,0,0,0,3,13,0,1,0,0,2,0,0,0,1,0,0,0,20,0,FINAL (ENTRADA MANUAL)
39,73,3,0,0,0,0,,,0,0,0,0,0,0,0,0,0,0,0,0,0,0,0,0,0,0,0,FINAL (ENTRADA MANUAL)
39,73,4,0,0,0,0,,,0,0,0,0,0,0,0,0,0,0,0,0,0,0,0,0,0,0,0,FINAL (ENTRADA MANUAL)
39,74,1,0,0,0,0,,,0,0,0,0,0,0,0,0,0,0,0,0,0,0,0,0,0,0,0,FINAL (ENTRADA MANUAL)
39,74,2,0,0,0,0,,,0,0,0,0,0,0,0,0,0,0,0,0,0,0,0,0,0,0,0,FINAL (ENTRADA MANUAL)
39,75,1,0,0,0,0,,,0,0,0,0,0,0,0,0,0,0,0,0,0,0,0,0,0,0,0,FINAL (ENTRADA MANUAL)
39,75,2,1,0,0,0,,,23,0,0,0,0,0,0,0,1,2,0,2,1,0,0,0,18,24,0,FINAL (ENTRADA MANUAL)
39,76,1,9,4,0,0,,,0,0,0,4,1,0,0,0,0,0,0,0,0,0,0,0,8,13,0,FINAL (ENTRADA MANUAL)
39,76,2,0,0,0,0,,,0,0,0,0,0,0,0,0,0,0,0,0,0,0,0,0,0,0,0,FINAL (ENTRADA MANUAL)
39,76,3,2,0,0,0,,,0,0,0,2,0,0,0,0,0,0,0,0,0,0,0,0,0,2,0,FINAL (ENTRADA MANUAL)
39,76,5,0,0,0,0,,,0,0,0,0,0,0,0,0,0,0,0,0,0,0,0,0,0,0,0,FINAL (ENTRADA MANUAL)
39,76,6,1,0,0,0,,,0,0,0,0,0,0,0,0,0,0,0,0,0,0,0,0,1,1,0,FINAL (ENTRADA MANUAL)
39,77,1,0,3,2,1,,,0,0,0,0,2,1,1,0,0,0,0,0,0,0,0,0,2,6,0,FINAL (ENTRADA MANUAL)
39,77,2,2,1,1,4,,,2,0,0,0,1,1,2,0,0,1,0,1,0,0,0,0,4,10,0,FINAL (ENTRADA MANUAL)
39,77,3,0,1,0,0,,,0,0,0,0,1,0,0,0,0,0,0,0,0,0,0,0,0,1,0,FINAL (ENTRADA MANUAL)
39,77,4,0,6,0,0,,,1,0,0,0,4,0,0,1,0,0,0,1,0,0,0,0,1,7,0,FINAL (ENTRADA MANUAL)
39,78,1,15,25,2,1,,,0,1,2,7,14,0,1,1,0,0,0,0,0,0,0,0,23,46,0,FINAL (ENTRADA MANUAL)
39,78,2,0,0,0,0,,,0,0,0,0,0,0,0,0,0,0,0,0,0,0,0,0,0,0,0,FINAL (ENTRADA MANUAL)
39,78,3,0,0,0,0,,,0,0,0,0,0,0,0,0,0,0,0,0,0,0,0,0,0,0,0,FINAL (ENTRADA MANUAL)
39,78,4,0,0,1,0,,,0,0,0,0,0,0,0,0,0,0,0,0,0,0,0,0,1,1,0,FINAL (ENTRADA MANUAL)
40,1,1,66,162,3,5,,,5,1,2,48,123,1,5,1,0,0,1,2,0,1,2,0,63,247,452,FINAL (ENTRADA MANUAL)
40,2,1,127,49,0,6,,,15,0,1,98,37,0,5,1,5,1,0,0,4,0,0,0,47,198,386,FINAL (ENTRADA MANUAL)
40,3,1,135,73,8,14,,,8,1,2,101,53,4,8,1,2,3,2,2,2,1,0,0,63,242,486,FINAL (ENTRADA MANUAL)
40,3,2,131,98,3,15,,,12,0,3,74,75,0,8,2,7,3,0,5,2,0,0,0,86,262,486,FINAL (ENTRADA MANUAL)
40,3,3,141,100,3,11,,,10,0,4,96,70,1,10,1,1,2,1,6,2,4,0,0,79,273,486,FINAL (ENTRADA MANUAL)
40,3,4,114,96,2,8,,,9,0,1,76,66,1,5,1,7,1,0,1,2,2,0,0,70,232,486,FINAL (ENTRADA MANUAL)
40,3,5,110,83,2,8,,,15,0,4,68,56,0,7,2,8,4,2,2,1,1,0,0,72,223,484,FINAL (ENTRADA MANUAL)
40,4,1,118,87,3,7,,,5,0,3,78,56,3,3,3,5,6,0,1,0,4,0,0,68,227,417,FINAL (ENTRADA MANUAL)
40,5,1,111,32,0,5,,,6,1,1,77,28,0,3,1,1,1,0,0,1,4,0,0,44,160,384,FINAL (ENTRADA MANUAL)
40,5,2,117,43,1,10,,,8,0,5,91,37,1,3,5,2,0,1,3,2,1,0,0,39,185,384,FINAL (ENTRADA MANUAL)
40,5,3,114,65,0,7,,,7,0,2,82,39,0,5,1,3,3,0,0,0,3,0,0,62,198,384,FINAL (ENTRADA MANUAL)
40,6,1,167,70,2,13,,,4,0,0,130,59,1,7,0,2,4,1,2,1,1,0,0,49,257,468,FINAL (ENTRADA MANUAL)
40,6,2,134,73,3,10,,,6,0,0,96,49,1,8,0,3,3,1,0,0,0,0,0,65,226,468,FINAL (ENTRADA MANUAL)
40,6,3,145,48,0,6,,,6,0,1,112,37,0,4,0,4,2,1,0,2,2,0,0,44,208,468,FINAL (ENTRADA MANUAL)
40,6,4,147,55,0,10,,,2,0,2,99,43,0,6,2,3,2,0,2,1,1,0,0,58,217,469,FINAL (ENTRADA MANUAL)
40,7,1,136,52,5,9,,,8,0,5,91,37,3,7,4,2,2,2,4,1,2,0,0,62,217,447,FINAL (ENTRADA MANUAL)
40,7,2,139,83,0,4,,,4,0,0,86,67,0,2,0,2,6,0,2,0,2,0,0,65,232,447,FINAL (ENTRADA MANUAL)
40,7,3,142,70,0,7,,,6,0,3,98,58,0,4,1,2,2,0,0,1,2,0,0,62,230,447,FINAL (ENTRADA MANUAL)
40,7,4,157,60,1,6,,,4,0,2,116,47,0,4,1,4,7,1,1,0,0,0,0,49,230,447,FINAL (ENTRADA MANUAL)
40,7,5,134,72,0,2,,,1,0,3,85,56,0,2,3,0,1,0,0,1,5,0,0,64,217,447,FINAL (ENTRADA MANUAL)
40,7,6,129,90,0,3,,,0,1,1,89,73,0,2,1,3,3,2,3,1,0,0,0,47,224,447,FINAL (ENTRADA MANUAL)
40,7,7,138,77,0,6,,,0,0,3,85,53,0,5,2,3,2,0,2,2,3,0,0,70,227,444,FINAL (ENTRADA MANUAL)
40,8,1,114,74,0,4,,,4,0,1,75,52,0,3,1,4,7,0,1,1,2,0,0,53,199,364,FINAL (ENTRADA MANUAL)
40,8,2,133,69,3,7,,,2,0,1,100,52,1,0,1,7,6,0,2,1,1,0,0,45,216,364,FINAL (ENTRADA MANUAL)
40,8,3,123,58,2,4,,,1,0,1,100,41,1,2,1,3,1,0,1,1,0,0,0,38,189,363,FINAL (ENTRADA MANUAL)
40,9,1,152,85,2,10,,,5,0,2,97,71,1,9,0,11,4,0,1,1,1,0,0,61,257,487,FINAL (ENTRADA MANUAL)
40,9,2,140,75,2,8,,,6,0,0,98,55,1,7,0,2,1,0,1,1,1,0,0,65,232,487,FINAL (ENTRADA MANUAL)
40,10,1,141,62,2,3,,,13,0,3,116,52,1,2,2,10,3,0,0,1,3,0,0,37,227,385,FINAL (ENTRADA MANUAL)
40,11,1,127,48,2,15,,,10,0,10,98,38,1,11,10,1,3,1,0,2,6,0,0,47,218,375,FINAL (ENTRADA MANUAL)
40,12,1,170,85,1,4,,,1,0,2,137,68,0,4,2,2,1,0,1,0,0,0,0,48,263,500,FINAL (ENTRADA MANUAL)
40,12,2,137,72,3,8,,,6,0,2,101,54,1,7,1,4,4,1,2,0,1,0,0,53,229,500,FINAL (ENTRADA MANUAL)
40,12,3,151,80,1,5,,,6,0,1,114,58,0,5,1,2,0,1,1,1,0,0,0,61,244,499,FINAL (ENTRADA MANUAL)
40,13,1,128,65,0,5,,,1,0,1,94,46,0,2,1,2,2,1,0,0,0,0,0,52,200,396,FINAL (ENTRADA MANUAL)
40,13,2,103,45,0,6,,,4,0,1,70,35,0,5,0,7,1,0,1,0,1,0,0,40,160,396,FINAL (ENTRADA MANUAL)
40,14,1,158,87,3,8,,,1,0,1,103,59,0,4,1,5,8,0,4,1,1,0,0,73,259,440,FINAL (ENTRADA MANUAL)
40,14,2,146,73,2,13,,,3,0,2,101,50,1,9,0,10,1,1,1,1,1,0,0,64,240,440,FINAL (ENTRADA MANUAL)
40,14,3,174,60,1,11,,,6,0,2,124,43,0,6,1,5,4,1,3,1,1,0,0,66,255,440,FINAL (ENTRADA MANUAL)
40,14,4,173,69,0,11,,,5,0,0,117,43,0,9,0,1,3,0,0,1,0,1,0,84,259,440,FINAL (ENTRADA MANUAL)
40,14,5,160,66,7,8,,,3,1,2,116,47,1,6,2,2,5,1,7,0,1,0,0,60,248,442,FINAL (ENTRADA MANUAL)
40,72,1,386,52,1,3,,,5,0,3,338,37,0,1,0,6,2,1,0,0,26,0,0,65,476,0,FINAL (ENTRADA MANUAL)
40,72,2,31,1,0,0,,,1,0,0,29,1,0,0,0,0,0,0,0,0,2,0,0,3,35,0,FINAL (ENTRADA MANUAL)
40,72,3,538,97,3,10,,,19,0,4,474,73,1,5,0,9,6,1,0,0,0,0,0,102,671,0,FINAL (ENTRADA MANUAL)
40,72,4,99,36,1,3,,,0,0,0,73,33,1,3,0,7,3,0,0,0,7,0,1,19,147,0,FINAL (ENTRADA MANUAL)
40,72,5,1,1,0,0,,,0,0,0,1,1,0,0,0,0,0,0,0,0,0,0,0,0,2,0,FINAL (ENTRADA MANUAL)
40,72,6,15,1,0,0,,,0,0,0,11,1,0,0,0,1,0,0,0,0,2,0,0,3,18,0,FINAL (ENTRADA MANUAL)
40,72,7,32,3,0,0,,,0,0,0,28,3,0,0,0,2,0,0,0,0,0,0,0,2,35,0,FINAL (ENTRADA MANUAL)
40,72,8,3,4,0,0,,,1,0,2,7,4,0,0,0,0,0,0,0,0,2,0,0,2,10,0,FINAL (ENTRADA MANUAL)
40,72,9,0,0,0,0,,,0,0,0,0,0,0,0,0,0,0,0,0,0,0,0,0,0,0,0,FINAL (ENTRADA MANUAL)
40,72,10,1,0,0,0,,,0,0,0,1,0,0,0,0,0,0,0,0,0,0,0,0,0,1,0,FINAL (ENTRADA MANUAL)
40,72,11,0,0,0,0,,,0,0,0,0,0,0,0,0,0,0,0,0,0,0,0,0,0,0,0,FINAL (ENTRADA MANUAL)
40,72,12,1,0,0,0,,,0,0,0,1,0,0,0,0,0,0,0,0,0,0,0,0,0,1,0,FINAL (ENTRADA MANUAL)
40,73,1,128,814,3,3,,,9,2,5,70,704,2,2,1,4,18,1,0,1,0,0,1,161,965,0,FINAL (ENTRADA MANUAL)
40,73,2,0,0,0,0,,,0,0,0,0,0,0,0,0,0,0,0,0,0,0,0,0,0,0,0,FINAL (ENTRADA MANUAL)
40,73,3,0,0,0,0,,,0,0,0,0,0,0,0,0,0,0,0,0,0,0,0,0,0,0,0,FINAL (ENTRADA MANUAL)
40,73,4,0,0,0,0,,,0,0,0,0,0,0,0,0,0,0,0,0,0,0,0,0,0,0,0,FINAL (ENTRADA MANUAL)
40,74,1,0,0,0,0,,,0,0,0,0,0,0,0,0,0,0,0,0,0,0,0,0,0,0,0,FINAL (ENTRADA MANUAL)
40,74,2,0,0,0,0,,,0,0,0,0,0,0,0,0,0,0,0,0,0,0,0,0,0,0,0,FINAL (ENTRADA MANUAL)
40,75,1,0,0,0,0,,,0,0,0,0,0,0,0,0,0,0,0,0,0,0,0,0,0,0,0,FINAL (ENTRADA MANUAL)
40,75,2,0,0,0,0,,,0,0,0,0,0,0,0,0,0,0,0,0,0,0,0,0,0,0,0,FINAL (ENTRADA MANUAL)
40,76,1,25,9,1,2,,,0,0,0,19,7,0,1,0,0,0,0,0,0,4,0,0,10,41,0,FINAL (ENTRADA MANUAL)
40,76,2,0,0,0,0,,,0,0,0,0,0,0,0,0,0,0,0,0,0,0,0,0,0,0,0,FINAL (ENTRADA MANUAL)
40,76,3,1,0,0,0,,,0,0,0,1,0,0,0,0,0,0,0,0,0,0,0,0,0,1,0,FINAL (ENTRADA MANUAL)
40,76,4,0,0,0,0,,,0,0,0,0,0,0,0,0,0,0,0,0,0,2,0,0,0,2,0,FINAL (ENTRADA MANUAL)
40,76,5,2,0,0,0,,,0,0,1,1,0,0,0,0,0,0,0,0,0,0,0,0,2,3,0,FINAL (ENTRADA MANUAL)
40,76,6,1,1,0,0,,,0,0,0,0,1,0,0,0,0,0,0,0,0,0,0,0,1,2,0,FINAL (ENTRADA MANUAL)
40,77,1,14,10,1,3,,,0,0,41,10,7,0,1,0,0,0,0,1,0,0,0,0,9,28,0,FINAL (ENTRADA MANUAL)
40,77,2,6,3,0,2,,,0,0,1,4,2,0,2,0,0,0,0,1,0,0,0,0,3,12,0,FINAL (ENTRADA MANUAL)
40,77,3,2,2,0,0,,,0,0,0,1,2,0,0,0,0,0,0,1,0,0,0,0,0,4,0,FINAL (ENTRADA MANUAL)
40,78,1,60,88,1,5,,,4,1,3,39,72,1,4,0,2,4,0,0,0,0,1,0,40,163,0,FINAL (ENTRADA MANUAL)
40,78,2,0,0,0,0,,,0,0,0,0,0,0,0,0,0,0,0,0,0,0,0,0,0,0,0,FINAL (ENTRADA MANUAL)
40,78,3,0,0,0,0,,,0,0,0,0,0,0,0,0,0,0,0,0,0,0,0,0,0,0,0,FINAL (ENTRADA MANUAL)
40,78,4,0,0,0,0,,,0,0,0,0,0,0,0,0,0,0,0,0,0,0,0,0,0,0,0,FINAL (ENTRADA MANUAL)
42,1,1,53,174,16,28,7,,1,0,0,41,106,9,18,7,2,5,4,12,2,0,0,0,73,279,518,FINAL (ENTRADA MANUAL)
42,1,2,57,167,18,22,6,,3,0,0,48,96,9,17,5,8,8,7,7,1,0,1,0,67,274,518,FINAL (ENTRADA MANUAL)
42,1,3,33,202,15,32,10,,0,0,0,27,123,4,23,7,6,8,4,10,3,2,0,0,77,294,518,FINAL (ENTRADA MANUAL)
42,1,4,42,161,18,29,6,,2,0,0,34,89,9,24,4,1,3,1,15,0,2,0,0,78,260,518,FINAL (ENTRADA MANUAL)
42,1,5,42,163,12,35,15,,0,0,0,34,80,6,23,11,7,6,0,7,3,0,0,0,90,267,518,FINAL (ENTRADA MANUAL)
42,1,6,40,146,14,27,8,,0,0,1,34,84,5,22,8,3,7,3,5,0,1,0,0,65,237,518,FINAL (ENTRADA MANUAL)
42,1,7,57,164,7,18,5,,0,1,1,51,91,3,15,4,3,8,0,6,2,1,0,0,70,254,517,FINAL (ENTRADA MANUAL)
42,2,1,49,196,6,8,5,,1,0,0,37,148,3,6,3,1,3,0,4,0,0,0,0,60,265,563,FINAL (ENTRADA MANUAL)
42,2,2,46,169,6,8,15,,2,0,0,37,111,4,6,9,3,7,1,2,1,2,0,0,65,248,563,FINAL (ENTRADA MANUAL)
42,2,3,52,173,4,6,14,,1,0,0,44,112,2,4,10,2,1,0,7,1,1,0,0,67,251,563,FINAL (ENTRADA MANUAL)
42,3,1,61,124,12,17,26,,1,0,0,47,91,7,11,21,0,1,0,4,3,3,1,0,56,245,453,FINAL (ENTRADA MANUAL)
42,3,2,62,135,8,10,17,,1,0,1,45,82,4,9,11,2,4,2,6,4,2,0,1,65,237,453,FINAL (ENTRADA MANUAL)
42,4,1,69,158,8,9,9,,0,0,1,59,105,5,8,6,7,1,1,2,2,2,2,0,58,258,489,FINAL (ENTRADA MANUAL)
42,4,2,46,169,5,15,11,,0,0,0,39,101,1,11,8,4,2,0,2,0,1,1,0,78,248,489,FINAL (ENTRADA MANUAL)
42,4,3,50,173,8,13,8,,1,1,0,35,108,3,11,3,7,6,1,5,1,3,0,0,74,257,489,FINAL (ENTRADA MANUAL)
42,4,4,36,179,7,10,13,,0,0,1,29,115,6,8,8,1,3,1,3,4,1,0,0,68,247,489,FINAL (ENTRADA MANUAL)
42,4,5,51,157,5,16,9,,1,0,0,38,96,2,8,7,3,0,3,7,0,1,1,0,75,241,490,FINAL (ENTRADA MANUAL)
42,5,1,47,196,5,13,13,,0,0,0,38,110,3,11,7,2,1,0,2,1,2,0,0,99,276,521,FINAL (ENTRADA MANUAL)
42,5,2,39,166,11,12,10,,0,0,1,38,114,6,9,9,0,1,1,2,1,2,1,0,58,242,521,FINAL (ENTRADA MANUAL)
42,5,3,37,202,3,13,10,,0,0,0,34,128,3,12,6,0,5,2,3,0,0,0,0,72,265,521,FINAL (ENTRADA MANUAL)
42,6,1,24,141,1,9,10,,0,0,4,21,96,1,9,10,2,4,2,2,0,1,0,0,42,190,392,FINAL (ENTRADA MANUAL)
42,6,2,15,127,3,10,7,,0,0,1,11,71,1,9,6,1,2,0,2,0,0,0,0,60,163,393,FINAL (ENTRADA MANUAL)
42,7,1,40,162,5,21,4,,1,0,0,31,92,2,17,4,3,11,3,4,2,0,0,0,64,233,490,FINAL (ENTRADA MANUAL)
42,7,2,48,130,10,40,6,,0,0,0,40,77,5,28,6,4,3,1,5,1,1,0,0,64,235,490,FINAL (ENTRADA MANUAL)
42,7,3,35,167,9,23,10,,1,0,0,27,102,4,15,9,0,4,3,9,2,0,0,0,70,245,490,FINAL (ENTRADA MANUAL)
42,7,4,59,152,12,25,6,,0,0,1,49,96,7,21,5,2,4,0,5,0,1,0,0,66,256,490,FINAL (ENTRADA MANUAL)
42,7,5,47,153,11,21,9,,0,0,1,42,75,7,19,6,5,5,0,3,4,0,0,0,76,242,490,FINAL (ENTRADA MANUAL)
42,8,1,45,153,5,8,6,,1,0,1,34,76,5,6,4,0,3,0,5,0,3,0,0,86,222,440,FINAL (ENTRADA MANUAL)
42,8,2,47,144,4,13,8,,1,0,0,39,86,1,10,5,0,3,1,4,1,4,0,0,67,221,440,FINAL (ENTRADA MANUAL)
42,8,3,42,138,6,16,8,,1,0,0,33,85,4,11,4,2,0,0,2,1,0,0,0,69,211,440,FINAL (ENTRADA MANUAL)
42,8,4,39,141,2,16,2,,0,0,1,32,86,2,14,1,3,2,1,1,2,2,0,0,57,203,442,FINAL (ENTRADA MANUAL)
42,9,1,66,155,16,20,9,,0,0,0,51,87,9,17,8,4,3,0,2,1,1,0,0,84,267,570,FINAL (ENTRADA MANUAL)
42,9,2,57,169,9,27,6,,1,0,0,48,104,5,21,3,2,6,2,3,2,3,0,0,73,272,570,FINAL (ENTRADA MANUAL)
42,9,3,59,143,8,11,10,,1,0,1,51,81,3,11,8,1,2,1,4,2,0,0,0,69,233,570,FINAL (ENTRADA MANUAL)
42,9,4,39,180,13,21,3,,0,0,0,36,102,4,16,2,4,1,6,7,1,0,0,0,77,256,570,FINAL (ENTRADA MANUAL)
42,9,5,59,178,9,24,4,,0,1,2,43,116,5,18,3,7,8,2,7,0,1,1,0,68,278,570,FINAL (ENTRADA MANUAL)
42,10,1,27,102,6,19,5,,0,0,0,25,65,4,13,5,1,0,0,3,0,0,0,0,43,159,453,FINAL (ENTRADA MANUAL)
42,10,2,51,151,6,10,5,,1,0,1,43,92,4,7,4,4,5,1,1,2,1,1,0,62,227,453,FINAL (ENTRADA MANUAL)
42,11,1,47,180,8,15,2,,2,0,2,35,101,4,7,1,1,7,2,5,2,3,1,0,91,260,473,FINAL (ENTRADA MANUAL)
42,11,2,40,209,7,7,3,,0,0,0,33,138,2,6,2,1,7,0,4,0,0,0,0,73,266,473,FINAL (ENTRADA MANUAL)
42,11,3,59,152,1,11,3,,0,0,0,50,86,1,9,3,1,5,2,2,0,2,0,0,67,228,473,FINAL (ENTRADA MANUAL)
42,11,4,46,163,4,9,4,,0,0,2,35,99,2,4,4,4,1,1,5,0,0,0,0,73,229,474,FINAL (ENTRADA MANUAL)
42,12,1,80,133,3,16,13,,1,0,1,65,95,1,13,11,4,3,0,0,0,2,0,0,55,249,510,FINAL (ENTRADA MANUAL)
42,12,2,43,119,3,13,9,,0,0,0,34,74,2,9,6,0,2,1,1,1,1,1,0,57,189,511,FINAL (ENTRADA MANUAL)
42,13,1,27,122,6,11,3,,0,0,0,25,78,1,6,1,5,1,1,4,0,2,0,0,47,171,330,FINAL (ENTRADA MANUAL)
42,13,2,29,143,5,6,0,,0,0,1,25,104,1,3,0,2,1,0,2,0,1,0,0,46,185,329,FINAL (ENTRADA MANUAL)
42,14,1,56,135,2,17,3,,2,0,1,39,83,0,15,3,2,1,2,3,0,4,0,0,68,220,524,FINAL (ENTRADA MANUAL)
42,14,2,38,152,8,17,4,,0,0,0,29,92,6,15,4,2,2,4,1,0,2,0,0,64,221,524,FINAL (ENTRADA MANUAL)
42,14,3,43,133,7,11,7,,1,1,0,36,77,5,8,5,4,1,1,3,0,1,0,0,63,204,524,FINAL (ENTRADA MANUAL)
42,14,4,40,170,11,7,9,,1,0,0,35,99,7,4,7,2,1,2,4,1,1,1,0,76,240,526,FINAL (ENTRADA MANUAL)
42,15,1,49,156,6,14,8,,1,1,0,40,105,2,9,7,2,7,1,5,0,0,0,0,57,235,578,FINAL (ENTRADA MANUAL)
42,15,2,44,159,2,10,3,,3,0,0,36,92,1,8,1,4,1,0,3,0,1,0,0,75,222,578,FINAL (ENTRADA MANUAL)
42,15,3,28,138,5,14,11,,0,0,0,21,81,4,11,8,3,1,1,6,2,0,0,0,58,196,578,FINAL (ENTRADA MANUAL)
42,15,4,32,107,8,8,2,,2,0,0,27,54,3,7,2,1,3,0,0,1,0,1,0,61,161,578,FINAL (ENTRADA MANUAL)
42,15,5,51,160,5,14,10,,0,3,0,47,108,3,10,9,1,2,2,4,0,0,0,0,57,243,578,FINAL (ENTRADA MANUAL)
42,16,1,61,176,13,18,3,,1,0,0,49,98,5,14,3,2,7,3,6,2,1,0,0,83,273,554,FINAL (ENTRADA MANUAL)
42,16,2,52,166,5,22,6,,0,3,0,41,104,1,13,4,1,2,3,2,0,1,0,0,83,255,554,FINAL (ENTRADA MANUAL)
42,16,3,52,153,8,21,9,,0,0,1,41,82,6,18,6,5,6,0,4,1,3,1,0,75,248,554,FINAL (ENTRADA MANUAL)
42,16,4,48,159,5,14,11,,1,0,1,37,98,3,8,8,1,1,0,6,0,3,0,0,77,242,554,FINAL (ENTRADA MANUAL)
42,17,1,35,164,5,16,6,,3,0,1,32,118,2,14,6,1,0,0,4,0,1,0,0,53,231,482,FINAL (ENTRADA MANUAL)
42,17,2,41,148,6,9,3,,1,0,1,30,100,2,9,2,1,5,1,0,1,0,0,1,58,210,482,FINAL (ENTRADA MANUAL)
42,17,3,53,142,4,13,8,,0,1,1,43,95,1,11,7,2,0,0,2,1,2,0,0,60,224,482,FINAL (ENTRADA MANUAL)
42,17,4,36,127,1,15,7,,2,1,2,33,77,0,12,3,0,5,0,1,0,2,1,0,60,194,483,FINAL (ENTRADA MANUAL)
42,18,1,49,157,6,7,1,,0,0,3,40,102,5,6,0,2,2,1,1,1,3,0,0,63,226,420,FINAL (ENTRADA MANUAL)
42,18,2,50,143,4,11,3,,1,0,0,40,84,2,9,2,1,3,0,2,0,1,0,1,69,214,420,FINAL (ENTRADA MANUAL)
42,18,3,30,161,3,10,2,,0,0,1,27,114,1,8,2,1,3,1,0,3,0,0,0,47,207,421,FINAL (ENTRADA MANUAL)
42,19,1,57,174,10,20,3,,1,0,2,49,104,2,16,3,1,5,6,7,0,2,0,0,74,269,519,FINAL (ENTRADA MANUAL)
42,19,2,49,181,1,17,6,,1,1,0,42,111,0,12,6,2,3,1,5,0,0,0,0,74,256,519,FINAL (ENTRADA MANUAL)
42,19,3,42,160,10,15,9,,1,0,0,36,92,3,11,5,0,3,2,5,1,3,0,0,79,240,519,FINAL (ENTRADA MANUAL)
42,19,4,41,168,8,15,9,,0,0,2,29,91,3,13,7,1,4,0,7,1,1,0,0,87,244,519,FINAL (ENTRADA MANUAL)
42,19,5,49,170,9,15,4,,0,0,0,34,104,4,11,4,4,2,1,4,1,0,1,0,78,248,521,FINAL (ENTRADA MANUAL)
42,20,1,58,158,13,12,11,,2,0,1,43,89,5,11,10,2,3,0,4,0,3,0,0,88,258,496,FINAL (ENTRADA MANUAL)
42,20,2,48,166,15,5,16,,0,0,0,44,89,5,4,13,2,4,4,4,2,0,0,0,79,250,496,FINAL (ENTRADA MANUAL)
42,20,3,35,167,5,14,11,,1,0,2,25,96,2,8,8,1,6,1,4,2,3,0,0,82,238,496,FINAL (ENTRADA MANUAL)
42,20,4,66,157,9,14,10,,0,0,0,48,104,3,7,8,1,5,1,6,0,4,0,0,73,260,494,FINAL (ENTRADA MANUAL)
42,21,1,55,166,15,23,7,,0,1,1,44,108,7,18,7,4,4,1,6,1,0,0,0,68,268,514,FINAL (ENTRADA MANUAL)
42,21,2,40,147,17,16,7,,1,0,1,28,90,11,11,6,4,4,4,2,0,1,1,0,69,231,514,FINAL (ENTRADA MANUAL)
42,21,3,36,134,10,16,7,,0,0,1,34,89,5,13,5,0,4,1,3,1,0,0,0,49,204,514,FINAL (ENTRADA MANUAL)
42,21,4,45,171,20,20,14,,1,0,0,36,108,8,14,13,3,8,1,6,2,1,0,0,72,272,514,FINAL (ENTRADA MANUAL)
42,21,5,54,194,5,16,5,,0,0,1,44,129,2,15,4,5,6,1,2,0,4,0,0,67,279,514,FINAL (ENTRADA MANUAL)
42,21,6,38,190,12,27,9,,6,0,0,31,105,10,18,8,3,5,4,12,2,3,0,0,84,285,517,FINAL (ENTRADA MANUAL)
42,22,1,64,87,4,12,12,,0,0,0,52,47,3,11,8,1,1,0,3,0,0,0,0,53,179,289,FINAL (ENTRADA MANUAL)
42,22,2,47,76,2,17,8,,0,1,0,40,44,1,13,5,0,1,0,2,0,1,0,0,45,152,289,FINAL (ENTRADA MANUAL)
42,23,1,47,111,16,14,5,,1,0,2,42,63,7,10,2,1,3,1,9,2,1,0,0,56,197,297,FINAL (ENTRADA MANUAL)
42,23,2,51,119,9,11,6,,1,0,0,37,68,3,7,5,2,4,2,3,2,0,0,0,64,197,297,FINAL (ENTRADA MANUAL)
42,72,1,517,743,22,26,22,,5,0,2,450,502,11,23,11,51,11,4,7,2,0,0,0,265,1337,0,FINAL (ENTRADA MANUAL)
42,72,2,5,35,14,22,0,,0,0,0,4,19,5,13,0,1,2,5,6,0,0,0,0,21,76,0,FINAL (ENTRADA MANUAL)
42,72,3,91,207,3,5,1,,2,0,0,84,157,1,5,0,8,2,1,0,1,0,0,0,50,309,0,FINAL (ENTRADA MANUAL)
42,72,4,18,46,1,2,1,,0,0,1,18,33,0,1,1,0,2,1,1,0,1,1,0,11,70,0,FINAL (ENTRADA MANUAL)
42,72,5,183,276,4,8,12,,0,0,1,154,187,1,6,8,17,11,1,1,3,0,0,0,95,484,0,FINAL (ENTRADA MANUAL)
42,72,6,49,103,1,3,0,,1,0,0,41,66,1,0,0,6,3,0,3,0,2,2,0,35,159,0,FINAL (ENTRADA MANUAL)
42,72,7,174,330,6,3,6,,2,1,0,158,265,2,3,6,8,13,1,4,0,0,0,0,62,522,0,FINAL (ENTRADA MANUAL)
42,72,8,25,55,3,1,0,,0,0,0,23,43,2,1,0,3,3,0,1,0,0,0,0,8,84,0,FINAL (ENTRADA MANUAL)
42,72,9,188,393,9,13,6,,1,0,1,170,287,1,12,2,25,11,2,3,1,0,1,1,97,613,0,FINAL (ENTRADA MANUAL)
42,72,10,52,96,1,2,3,,0,0,0,49,74,0,2,2,3,2,0,0,0,17,1,0,22,162,0,FINAL (ENTRADA MANUAL)
42,72,11,17,16,1,1,0,,0,0,1,14,13,0,1,0,0,1,0,0,0,0,0,0,7,36,0,FINAL (ENTRADA MANUAL)
42,72,12,2,4,0,0,0,,0,0,0,2,3,0,0,0,1,0,0,0,0,0,0,0,0,6,0,FINAL (ENTRADA MANUAL)
42,72,13,0,0,0,0,0,,0,0,0,0,0,0,0,0,0,0,0,0,0,0,0,0,0,0,0,FINAL (ENTRADA MANUAL)
42,72,14,6,13,0,2,0,,0,0,0,6,9,0,1,0,1,0,0,0,0,0,0,0,4,21,0,FINAL (ENTRADA MANUAL)
42,72,15,35,33,0,0,0,,0,0,0,28,21,0,0,0,4,1,0,0,0,0,0,0,14,68,0,FINAL (ENTRADA MANUAL)
42,72,16,14,19,0,0,0,,0,0,0,12,14,0,0,0,3,0,0,0,0,0,0,0,4,33,0,FINAL (ENTRADA MANUAL)
42,72,17,11,27,1,0,1,,0,0,0,8,17,0,0,0,1,1,0,0,0,0,0,0,13,40,0,FINAL (ENTRADA MANUAL)
42,72,18,94,127,3,6,4,,0,0,0,88,95,2,4,4,8,5,1,6,1,5,0,0,21,240,0,FINAL (ENTRADA MANUAL)
42,72,19,48,79,1,1,0,,0,0,0,39,60,1,1,0,5,3,1,0,0,0,0,0,19,129,0,FINAL (ENTRADA MANUAL)
42,72,20,3,1,0,0,0,,0,0,0,2,1,0,0,0,1,0,0,0,0,0,2,0,0,4,0,FINAL (ENTRADA MANUAL)
42,73,1,61,487,5,9,7,,0,1,0,55,373,1,9,7,4,6,1,2,0,0,0,0,112,570,0,FINAL (ENTRADA MANUAL)
42,73,2,0,0,0,0,0,,0,0,0,0,0,0,0,0,0,0,0,0,0,0,0,0,0,0,0,FINAL (ENTRADA MANUAL)
42,73,3,1,8,0,0,0,,1,0,0,1,5,0,0,0,0,0,0,0,0,3,0,0,4,13,0,FINAL (ENTRADA MANUAL)
42,74,1,0,1,0,0,0,,0,0,0,0,1,0,0,0,0,0,0,0,0,0,0,0,0,1,0,FINAL (ENTRADA MANUAL)
42,74,2,0,0,0,0,0,,0,0,0,0,0,0,0,0,0,0,0,0,0,0,0,0,0,0,0,FINAL (ENTRADA MANUAL)
42,75,1,2,8,0,0,0,,0,0,0,2,5,0,0,0,0,0,1,0,0,0,0,0,4,12,0,FINAL (ENTRADA MANUAL)
42,76,1,54,104,2,0,0,,1,2,0,33,61,1,0,0,4,1,0,1,0,2,1,1,62,167,0,FINAL (ENTRADA MANUAL)
42,76,2,0,0,0,0,0,,0,0,0,0,0,0,0,0,0,0,0,0,0,0,0,0,0,0,0,FINAL (ENTRADA MANUAL)
42,76,3,15,7,0,0,0,,0,0,0,8,5,0,0,0,0,0,0,0,0,0,0,0,9,22,0,FINAL (ENTRADA MANUAL)
42,76,4,0,0,0,0,0,,0,0,0,0,0,0,0,0,0,0,0,0,0,1,0,0,0,1,0,FINAL (ENTRADA MANUAL)
42,76,5,11,16,0,0,0,,0,0,0,6,6,0,0,0,0,0,0,0,0,0,0,0,15,27,0,FINAL (ENTRADA MANUAL)
42,76,6,0,2,0,0,0,,0,0,0,0,2,0,0,0,0,0,0,0,0,1,0,0,0,3,0,FINAL (ENTRADA MANUAL)
42,77,1,4,23,4,8,1,,0,0,0,3,13,2,7,1,0,1,1,1,0,0,0,0,11,40,0,FINAL (ENTRADA MANUAL)
42,77,2,4,9,0,2,0,,1,0,0,4,5,0,1,0,1,0,0,2,0,0,0,0,3,16,0,FINAL (ENTRADA MANUAL)
42,77,3,1,5,1,3,0,,0,0,0,1,4,1,3,1,0,0,0,0,0,1,0,0,2,13,0,FINAL (ENTRADA MANUAL)
42,78,1,64,127,6,10,5,,0,1,0,53,77,5,9,3,7,1,0,1,0,0,1,0,61,232,0,FINAL (ENTRADA MANUAL)
42,78,2,0,0,0,0,0,,0,0,0,0,0,0,0,0,0,0,0,0,0,0,0,0,0,0,0,FINAL (ENTRADA MANUAL)
42,78,3,0,0,0,0,0,,0,0,0,0,0,0,0,0,0,0,0,0,0,0,0,0,0,0,0,FINAL (ENTRADA MANUAL)
42,78,4,0,0,0,0,0,,0,0,0,0,0,0,0,0,0,0,0,0,0,0,0,0,0,0,0,FINAL (ENTRADA MANUAL)
43,1,1,79,106,1,7,4,,1,0,0,51,80,0,5,2,2,0,1,2,4,1,0,0,51,199,402,FINAL (ENTRADA MANUAL)
43,1,2,104,83,6,8,2,,1,0,1,68,50,1,7,1,2,1,0,0,0,0,0,0,75,205,402,FINAL (ENTRADA MANUAL)
43,1,3,89,93,1,12,3,,2,0,2,68,60,0,12,1,1,1,0,2,1,4,0,0,56,206,403,FINAL (ENTRADA MANUAL)
43,2,1,110,92,5,17,5,,2,0,0,77,62,4,15,4,0,4,1,1,2,3,0,0,61,234,402,FINAL (ENTRADA MANUAL)
43,2,2,86,94,7,12,14,,1,0,2,53,51,2,11,3,3,2,2,0,4,2,0,0,85,218,401,FINAL (ENTRADA MANUAL)
43,3,1,88,42,2,7,0,,1,0,0,74,26,1,2,0,0,1,1,1,0,0,0,0,34,140,220,FINAL (ENTRADA MANUAL)
43,4,1,117,59,3,5,2,,0,0,1,87,41,1,2,2,1,0,1,0,0,4,0,0,52,191,369,FINAL (ENTRADA MANUAL)
43,5,1,78,69,3,15,2,,0,1,0,54,47,2,11,2,2,3,0,6,0,1,0,0,41,169,314,FINAL (ENTRADA MANUAL)
43,5,2,72,59,6,9,4,,1,0,3,48,39,2,6,3,2,1,0,3,1,1,1,0,49,156,315,FINAL (ENTRADA MANUAL)
43,6,1,121,67,5,6,4,,1,0,0,103,50,2,4,2,2,4,0,1,1,0,0,0,35,204,416,FINAL (ENTRADA MANUAL)
43,6,2,124,60,1,14,3,,0,0,1,102,42,0,10,1,1,3,0,1,0,0,0,0,43,203,417,FINAL (ENTRADA MANUAL)
43,7,1,124,40,1,4,4,,3,0,1,84,22,1,3,3,3,2,0,1,0,1,0,0,58,178,306,FINAL (ENTRADA MANUAL)
43,7,2,94,61,5,7,3,,0,0,2,65,30,4,5,2,4,4,1,1,1,2,0,0,55,174,306,FINAL (ENTRADA MANUAL)
43,8,1,118,50,1,5,5,,0,0,0,79,38,0,3,5,3,1,2,3,0,3,0,0,45,182,316,FINAL (ENTRADA MANUAL)
43,8,2,87,58,2,7,4,,1,0,0,66,43,0,5,3,5,1,0,0,1,1,0,1,35,161,316,FINAL (ENTRADA MANUAL)
43,9,1,131,125,6,17,4,,0,0,1,82,83,4,15,3,2,3,3,7,4,1,0,0,78,285,476,FINAL (ENTRADA MANUAL)
43,9,2,100,106,3,14,7,,0,0,0,61,75,2,9,6,1,3,1,2,1,1,0,0,69,231,475,FINAL (ENTRADA MANUAL)
43,72,1,4,1,0,0,0,,1,0,0,3,1,0,0,0,0,0,0,0,0,0,0,0,2,6,0,FINAL (ENTRADA MANUAL)
43,72,2,55,31,1,2,0,,0,0,0,50,26,1,2,0,2,2,0,0,1,0,0,0,5,89,0,FINAL (ENTRADA MANUAL)
43,72,3,165,161,2,9,5,,0,1,0,134,127,1,7,5,3,4,0,0,1,0,0,0,61,344,0,FINAL (ENTRADA MANUAL)
43,72,4,9,11,0,1,0,,0,0,0,6,9,0,1,0,0,0,0,1,0,0,0,0,4,21,0,FINAL (ENTRADA MANUAL)
43,72,5,14,4,0,1,0,,0,0,0,10,4,0,1,0,0,0,0,0,0,0,0,0,4,19,0,FINAL (ENTRADA MANUAL)
43,72,6,7,2,0,0,0,,0,0,0,7,2,0,0,0,0,0,0,0,0,0,0,0,0,9,0,FINAL (ENTRADA MANUAL)
43,72,7,1,1,0,0,0,,0,0,0,1,1,0,0,0,0,0,0,0,0,0,0,0,0,2,0,FINAL (ENTRADA MANUAL)
43,72,8,1,2,0,0,0,,0,0,0,1,2,0,0,0,0,0,0,0,0,0,0,0,0,3,0,FINAL (ENTRADA MANUAL)
43,73,1,56,51,0,1,0,,0,0,0,50,43,0,1,0,1,0,0,0,0,0,1,0,13,109,0,FINAL (ENTRADA MANUAL)
43,73,2,19,20,0,0,0,,0,0,0,18,18,0,0,0,0,0,0,0,0,2,0,0,3,41,0,FINAL (ENTRADA MANUAL)
43,74,1,0,0,0,0,0,,0,0,0,0,0,0,0,0,0,0,0,0,0,0,0,0,0,0,0,FINAL (ENTRADA MANUAL)
43,74,2,0,0,0,0,0,,0,0,0,0,0,0,0,0,0,0,0,0,0,0,0,0,0,0,0,FINAL (ENTRADA MANUAL)
43,75,1,0,0,0,0,0,,0,0,0,0,0,0,0,0,0,0,0,0,0,0,0,0,0,0,0,FINAL (ENTRADA MANUAL)
43,75,2,0,1,0,0,0,,0,0,0,0,1,0,0,0,0,0,0,0,0,0,0,0,0,1,0,FINAL (ENTRADA MANUAL)
43,76,1,8,1,0,0,0,,0,0,0,6,0,0,0,0,0,0,0,0,0,0,0,0,3,9,0,FINAL (ENTRADA MANUAL)
43,76,2,0,1,0,0,0,,0,0,0,0,0,0,0,0,0,0,0,0,0,0,0,0,1,1,0,FINAL (ENTRADA MANUAL)
43,76,3,2,0,0,0,0,,0,0,0,2,0,0,0,0,0,0,0,0,0,0,0,0,0,2,0,FINAL (ENTRADA MANUAL)
43,76,5,1,0,0,0,0,,0,0,0,1,0,0,0,0,0,0,0,0,0,0,0,0,0,1,0,FINAL (ENTRADA MANUAL)
43,76,6,1,0,0,0,0,,0,0,0,0,0,0,0,0,0,0,0,0,0,0,0,0,1,1,0,FINAL (ENTRADA MANUAL)
43,77,1,0,0,0,0,0,,0,0,0,0,0,0,0,0,0,0,0,0,0,0,0,0,0,0,0,FINAL (ENTRADA MANUAL)
43,77,2,3,4,0,1,0,,0,0,0,1,2,0,0,0,0,0,0,0,0,0,0,0,5,8,0,FINAL (ENTRADA MANUAL)
43,77,3,1,0,0,0,0,,0,0,0,0,0,0,0,0,0,0,0,0,0,0,0,0,1,1,0,FINAL (ENTRADA MANUAL)
43,78,1,13,11,0,2,0,,0,0,0,8,6,0,2,0,0,0,0,0,0,1,3,0,10,30,0,FINAL (ENTRADA MANUAL)
43,78,2,0,0,0,0,0,,0,0,0,0,0,0,0,0,0,0,0,0,0,0,0,0,0,0,0,FINAL (ENTRADA MANUAL)
43,78,3,0,0,0,0,0,,0,0,0,0,0,0,0,0,0,0,0,0,0,0,0,0,0,0,0,FINAL (ENTRADA MANUAL)
43,78,4,0,0,0,0,0,,0,0,0,0,0,0,0,0,0,0,0,0,0,0,0,0,0,0,0,FINAL (ENTRADA MANUAL)
44,1,1,113,57,3,23,4,,1,1,1,77,40,3,21,3,2,2,0,0,0,2,0,0,55,205,385,FINAL (ENTRADA MANUAL)
44,1,2,141,36,1,10,4,,0,1,0,89,18,1,7,4,1,1,0,0,0,1,0,0,72,194,385,FINAL (ENTRADA MANUAL)
44,1,3,128,45,4,12,8,,0,0,0,92,23,3,8,5,1,5,2,0,0,2,0,0,58,199,386,FINAL (ENTRADA MANUAL)
44,2,1,107,91,10,15,11,,1,0,0,67,67,8,13,7,3,4,0,4,2,1,0,0,60,236,464,FINAL (ENTRADA MANUAL)
44,2,2,122,76,10,11,5,,0,0,0,83,57,8,7,4,1,2,1,5,2,1,0,0,54,225,464,FINAL (ENTRADA MANUAL)
44,2,3,106,57,4,12,10,,1,0,0,72,41,2,9,9,2,8,2,4,1,2,0,0,40,192,464,FINAL (ENTRADA MANUAL)
44,2,4,116,81,2,17,2,,0,0,0,78,59,0,13,2,2,3,3,2,0,2,0,0,56,220,463,FINAL (ENTRADA MANUAL)
44,3,1,93,67,3,18,7,,3,1,0,71,43,3,14,6,2,1,1,1,0,0,0,0,50,192,413,FINAL (ENTRADA MANUAL)
44,3,2,114,77,1,18,5,,1,0,0,81,55,1,14,3,2,3,0,1,1,1,0,0,55,217,413,FINAL (ENTRADA MANUAL)
44,3,3,95,64,2,10,1,,1,0,0,67,41,2,8,1,2,4,2,3,0,1,0,0,43,174,414,FINAL (ENTRADA MANUAL)
44,4,1,131,86,2,26,3,,0,1,1,98,56,1,22,0,4,1,1,5,0,0,0,0,62,250,514,FINAL (ENTRADA MANUAL)
44,4,2,129,95,5,14,2,,1,1,1,84,67,4,10,2,4,4,3,3,0,0,0,0,67,248,515,FINAL (ENTRADA MANUAL)
44,5,1,116,72,3,16,3,,0,0,0,63,38,2,8,3,1,4,2,9,0,1,0,0,80,211,449,FINAL (ENTRADA MANUAL)
44,5,2,163,54,9,13,2,,2,0,0,110,35,6,10,1,4,4,1,4,0,1,0,0,68,244,449,FINAL (ENTRADA MANUAL)
44,5,3,112,90,2,9,3,,1,0,1,72,65,1,5,3,3,1,2,4,0,0,1,0,62,219,449,FINAL (ENTRADA MANUAL)
44,5,4,150,71,6,12,2,,1,0,0,87,45,5,7,1,5,2,1,2,1,0,0,0,86,242,450,FINAL (ENTRADA MANUAL)
44,6,1,79,48,1,7,3,,1,0,0,62,34,1,5,2,1,2,0,2,0,0,0,0,30,139,274,FINAL (ENTRADA MANUAL)
44,6,2,100,60,0,5,0,,0,0,0,69,46,0,3,0,0,5,1,3,0,1,0,0,38,166,274,FINAL (ENTRADA MANUAL)
44,7,1,79,75,2,6,2,,0,0,0,63,58,1,3,2,0,0,0,0,0,4,0,0,37,168,272,FINAL (ENTRADA MANUAL)
44,7,2,68,58,4,5,3,,0,0,1,56,43,4,4,3,0,0,0,0,0,0,1,0,29,140,273,FINAL (ENTRADA MANUAL)
44,8,1,150,81,3,7,3,,2,0,0,92,56,2,6,2,2,3,1,3,0,4,0,0,79,250,462,FINAL (ENTRADA MANUAL)
44,8,2,150,85,0,11,4,,0,0,2,110,67,0,8,3,0,6,0,1,2,6,0,0,55,258,462,FINAL (ENTRADA MANUAL)
44,8,3,148,59,4,12,9,,2,0,0,112,40,3,10,6,2,2,0,2,1,0,0,0,56,234,462,FINAL (ENTRADA MANUAL)
44,8,4,143,81,5,12,7,,1,0,0,90,55,4,12,5,3,2,2,3,0,2,0,0,73,251,462,FINAL (ENTRADA MANUAL)
44,9,1,99,65,3,14,9,,0,1,0,59,40,2,12,8,0,2,0,2,0,3,1,0,66,195,334,FINAL (ENTRADA MANUAL)
44,9,2,107,67,0,12,4,,1,0,0,58,48,0,10,4,1,7,3,4,5,0,0,0,51,191,334,FINAL (ENTRADA MANUAL)
44,10,1,106,85,8,18,4,,1,1,0,60,52,4,12,3,3,5,3,10,2,3,0,0,69,226,457,FINAL (ENTRADA MANUAL)
44,10,2,136,67,8,21,4,,3,0,1,72,49,4,15,4,2,2,1,8,1,0,0,0,82,240,457,FINAL (ENTRADA MANUAL)
44,10,3,137,89,7,25,6,,1,0,0,107,61,3,18,5,1,3,0,2,0,1,0,0,65,266,457,FINAL (ENTRADA MANUAL)
44,10,4,111,91,8,24,8,,1,0,0,69,52,6,18,7,3,2,3,7,1,2,0,0,75,245,457,FINAL (ENTRADA MANUAL)
44,10,5,106,76,3,23,8,,1,0,0,68,50,2,17,8,3,1,1,4,2,0,0,0,61,217,457,FINAL (ENTRADA MANUAL)
44,72,1,181,102,2,6,1,,0,0,0,151,76,2,5,1,0,4,0,1,0,0,0,0,52,292,0,FINAL (ENTRADA MANUAL)
44,72,2,50,25,0,1,1,,0,0,0,45,22,0,1,1,2,1,0,0,0,0,3,0,5,80,0,FINAL (ENTRADA MANUAL)
44,72,3,355,292,2,17,4,,0,0,3,277,241,0,7,4,12,10,0,5,0,0,0,0,117,673,0,FINAL (ENTRADA MANUAL)
44,72,4,67,59,0,5,1,,0,0,0,65,56,0,5,1,2,3,0,0,0,5,2,0,26,165,0,FINAL (ENTRADA MANUAL)
44,72,5,39,20,0,3,0,,0,0,0,33,17,0,2,0,0,0,0,0,0,0,0,0,10,62,0,FINAL (ENTRADA MANUAL)
44,72,6,1,3,0,2,0,,0,0,0,1,3,0,0,0,0,0,0,0,0,0,0,0,0,6,0,FINAL (ENTRADA MANUAL)
44,72,7,17,7,0,0,0,,0,0,0,13,6,0,0,0,0,0,0,0,0,0,0,0,5,24,0,FINAL (ENTRADA MANUAL)
44,72,8,1,1,0,0,0,,0,0,0,1,1,0,0,0,0,0,0,0,0,0,0,0,0,2,0,FINAL (ENTRADA MANUAL)
44,72,9,6,7,0,0,1,,0,0,1,4,6,0,0,1,0,0,0,0,0,0,0,0,4,15,0,FINAL (ENTRADA MANUAL)
44,72,10,3,1,0,0,0,,0,0,0,3,1,0,0,0,0,0,0,0,0,1,0,0,0,5,0,FINAL (ENTRADA MANUAL)
44,72,11,3,3,0,0,0,,0,0,0,3,2,0,0,0,0,0,0,0,0,0,0,0,1,6,0,FINAL (ENTRADA MANUAL)
44,73,1,99,109,0,5,2,,0,1,0,75,81,0,5,0,0,0,0,1,0,0,2,0,54,218,0,FINAL (ENTRADA MANUAL)
44,73,2,32,36,0,0,1,,1,0,1,27,36,0,0,1,1,1,0,0,0,2,0,0,5,73,0,FINAL (ENTRADA MANUAL)
44,74,1,0,1,0,0,0,,0,0,0,0,0,0,0,0,0,0,0,1,0,0,0,0,0,1,0,FINAL (ENTRADA MANUAL)
44,74,2,0,0,0,0,0,,0,0,0,0,0,0,0,0,0,0,0,0,0,0,0,0,0,0,0,FINAL (ENTRADA MANUAL)
44,75,1,0,0,0,0,0,,0,0,0,0,0,0,0,0,0,0,0,0,0,0,0,0,0,0,0,FINAL (ENTRADA MANUAL)
44,76,1,10,1,0,1,0,,0,1,1,6,1,0,1,0,1,0,0,0,0,0,0,0,5,14,0,FINAL (ENTRADA MANUAL)
44,76,2,0,0,0,0,0,,0,0,0,0,0,0,0,0,0,0,0,0,0,0,0,0,0,0,0,FINAL (ENTRADA MANUAL)
44,76,3,1,2,0,1,0,,0,0,0,1,1,0,1,0,0,0,0,0,0,0,0,0,1,4,0,FINAL (ENTRADA MANUAL)
44,76,4,0,0,0,0,0,,0,0,0,0,0,0,0,0,0,0,0,0,0,0,0,0,0,0,0,FINAL (ENTRADA MANUAL)
44,76,5,0,1,0,0,0,,0,0,0,0,0,0,0,0,0,0,0,0,0,0,0,0,1,1,0,FINAL (ENTRADA MANUAL)
44,77,1,0,0,0,0,0,,0,0,0,0,0,0,0,0,0,0,0,0,0,0,0,0,0,0,0,FINAL (ENTRADA MANUAL)
44,77,2,18,13,1,10,2,,0,0,44,13,7,1,9,2,2,0,1,3,0,0,0,0,6,44,0,FINAL (ENTRADA MANUAL)
44,77,3,0,1,0,2,0,,0,0,0,0,0,0,2,0,0,0,0,1,0,0,0,0,0,3,0,FINAL (ENTRADA MANUAL)
44,77,4,2,1,0,0,0,,0,0,0,1,1,0,0,0,0,0,0,0,0,0,0,0,1,3,0,FINAL (ENTRADA MANUAL)
44,78,1,18,11,0,0,5,,0,0,0,11,4,0,0,4,0,0,0,0,0,0,0,0,15,34,0,FINAL (ENTRADA MANUAL)
44,78,2,0,0,0,0,0,,0,0,0,0,0,0,0,0,0,0,0,0,0,0,0,0,0,0,0,FINAL (ENTRADA MANUAL)
44,78,3,0,0,0,0,0,,0,0,0,0,0,0,0,0,0,0,0,0,0,0,0,0,0,0,0,FINAL (ENTRADA MANUAL)
44,78,4,0,0,0,0,0,,0,0,0,0,0,0,0,0,0,0,0,0,0,0,0,0,0,0,0,FINAL (ENTRADA MANUAL)
45,1,1,63,170,,18,,,0,0,1,52,108,,11,0,3,3,,4,1,3,1,0,70,256,455,FINAL (ENTRADA MANUAL)
45,2,1,38,201,,12,,,0,0,4,27,120,,11,4,1,8,,0,1,4,1,0,83,260,474,FINAL (ENTRADA MANUAL)
45,2,2,37,196,,26,,,0,0,2,33,125,,22,1,0,7,,6,2,2,0,0,65,263,474,FINAL (ENTRADA MANUAL)
45,2,3,46,198,,8,,,0,0,6,29,116,,6,2,3,6,,3,2,0,1,0,91,259,474,FINAL (ENTRADA MANUAL)
45,2,4,38,210,,9,,,0,0,4,29,137,,8,3,2,4,,2,2,1,0,0,74,262,474,FINAL (ENTRADA MANUAL)
45,3,1,66,177,,18,,,0,0,7,48,106,,13,3,3,5,,5,1,1,0,0,84,269,402,FINAL (ENTRADA MANUAL)
45,3,2,55,166,,18,,,0,0,1,42,105,,15,1,2,4,,3,1,1,0,0,67,241,402,FINAL (ENTRADA MANUAL)
45,3,3,54,172,,7,,,0,0,5,43,108,,5,5,5,8,,5,1,3,0,0,58,241,402,FINAL (ENTRADA MANUAL)
45,3,4,54,176,,16,,,0,0,4,40,97,,14,2,1,2,,2,1,0,0,0,91,250,401,FINAL (ENTRADA MANUAL)
45,4,1,64,145,,13,,,1,0,3,40,91,,10,2,0,6,,3,0,1,0,0,74,227,422,FINAL (ENTRADA MANUAL)
45,4,2,55,148,,14,,,0,0,3,47,124,,12,3,4,2,,1,0,1,0,0,27,221,422,FINAL (ENTRADA MANUAL)
45,4,3,82,113,,10,,,3,0,4,59,85,,9,2,0,4,,2,0,2,0,0,51,214,422,FINAL (ENTRADA MANUAL)
45,5,1,48,150,,17,,,0,0,4,40,87,,14,3,1,1,,1,2,0,1,0,70,220,400,FINAL (ENTRADA MANUAL)
45,5,2,66,145,,16,,,0,0,3,53,94,,14,2,2,2,,5,0,2,0,0,58,232,400,FINAL (ENTRADA MANUAL)
45,5,3,45,175,,15,,,0,0,6,36,96,,12,5,2,8,,2,1,4,0,0,79,245,400,FINAL (ENTRADA MANUAL)
45,5,4,55,159,,13,,,0,0,3,42,96,,9,3,1,4,,1,2,2,0,0,72,232,402,FINAL (ENTRADA MANUAL)
45,6,1,80,181,,14,,,0,0,5,60,121,,11,3,7,4,,3,0,1,0,0,71,281,452,FINAL (ENTRADA MANUAL)
45,6,2,76,170,,13,,,0,0,1,56,120,,8,1,2,7,,0,0,2,0,0,66,262,452,FINAL (ENTRADA MANUAL)
45,6,3,57,168,,13,,,0,0,1,34,115,,11,0,2,1,,2,0,2,0,0,74,241,452,FINAL (ENTRADA MANUAL)
45,6,4,63,179,,19,,,0,0,5,52,125,,16,1,5,4,,0,0,2,0,0,63,268,452,FINAL (ENTRADA MANUAL)
45,7,1,67,161,,16,,,0,0,2,48,106,,12,1,2,3,,5,0,0,0,0,69,246,490,FINAL (ENTRADA MANUAL)
45,7,2,73,162,,12,,,0,0,2,54,103,,10,0,3,11,,3,0,3,0,0,65,252,489,FINAL (ENTRADA MANUAL)
45,8,1,73,156,,15,,,0,0,1,46,117,,9,1,2,2,,1,1,1,0,0,66,246,416,FINAL (ENTRADA MANUAL)
45,72,1,62,34,,4,,,0,0,0,59,22,,3,0,4,4,,0,0,0,0,0,8,100,0,FINAL (ENTRADA MANUAL)
45,72,2,17,7,,0,,,0,0,0,16,6,,0,0,0,0,,0,0,0,0,0,2,24,0,FINAL (ENTRADA MANUAL)
45,72,3,219,172,,16,,,1,2,2,159,123,,9,0,39,5,,5,1,0,0,0,71,412,0,FINAL (ENTRADA MANUAL)
45,72,4,2,1,,0,,,0,0,0,2,1,,0,0,0,0,,0,0,0,0,0,0,3,0,FINAL (ENTRADA MANUAL)
45,72,5,21,14,,3,,,0,0,0,19,9,,0,2,1,0,,0,0,0,0,0,7,81,0,FINAL (ENTRADA MANUAL)
45,72,6,0,0,,0,,,0,0,0,0,0,,0,0,0,0,,0,0,0,0,0,0,0,0,FINAL (ENTRADA MANUAL)
45,72,7,11,7,,1,,,0,0,0,9,6,,0,1,0,1,,0,0,0,0,0,2,19,0,FINAL (ENTRADA MANUAL)
45,72,8,4,0,,0,,,0,0,0,4,1,,0,0,0,0,,0,0,0,0,0,0,5,0,FINAL (ENTRADA MANUAL)
45,72,9,0,4,,0,,,0,0,0,0,3,,0,0,0,0,,0,0,0,0,0,1,4,0,FINAL (ENTRADA MANUAL)
45,72,10,0,0,,0,,,0,0,0,0,0,,0,0,0,0,,0,0,0,0,0,0,0,0,FINAL (ENTRADA MANUAL)
45,72,11,3,3,,0,,,0,0,0,3,1,,0,0,0,2,,0,0,0,0,0,0,6,0,FINAL (ENTRADA MANUAL)
45,72,12,0,0,,0,,,0,0,0,0,0,,0,0,0,0,,0,0,0,0,0,0,0,0,FINAL (ENTRADA MANUAL)
45,72,13,11,4,,0,,,0,0,0,9,2,,0,0,0,1,,0,0,0,0,0,3,15,0,FINAL (ENTRADA MANUAL)
45,73,1,6,162,,1,,,0,0,1,3,141,,1,1,0,2,,0,0,0,0,0,22,170,0,FINAL (ENTRADA MANUAL)
45,73,2,6,118,,6,,,0,0,0,5,118,,0,6,0,0,,0,0,0,0,0,1,130,0,FINAL (ENTRADA MANUAL)
45,74,1,0,0,,0,,,0,0,0,0,0,,0,0,0,0,,0,0,0,0,0,0,0,0,FINAL (ENTRADA MANUAL)
45,74,2,0,0,,0,,,0,0,0,0,0,,0,0,0,0,,0,0,0,0,0,0,0,0,FINAL (ENTRADA MANUAL)
45,75,1,0,0,,0,,,0,0,0,0,0,,0,0,0,0,,0,0,0,0,0,0,0,0,FINAL (ENTRADA MANUAL)
45,75,2,0,0,,0,,,0,0,0,0,0,,0,0,0,0,,0,0,0,0,0,0,0,0,FINAL (ENTRADA MANUAL)
45,76,1,2,5,,0,,,0,0,0,2,3,,0,0,0,0,,0,0,1,0,0,2,8,0,FINAL (ENTRADA MANUAL)
45,76,2,0,0,,0,,,0,0,0,0,0,,0,0,0,0,,0,0,0,0,0,0,0,0,FINAL (ENTRADA MANUAL)
45,76,3,0,2,,0,,,0,0,0,0,0,,0,0,0,0,,0,0,0,0,0,2,2,0,FINAL (ENTRADA MANUAL)
45,76,5,1,1,,0,,,0,0,0,1,1,,0,0,0,0,,0,0,0,0,0,0,2,0,FINAL (ENTRADA MANUAL)
45,76,6,0,0,,0,,,0,0,0,0,0,,0,0,0,0,,0,0,0,0,0,0,0,0,FINAL (ENTRADA MANUAL)
45,77,1,3,5,,3,,,0,0,0,0,2,,0,1,0,0,,0,0,0,0,0,8,11,0,FINAL (ENTRADA MANUAL)
45,77,2,4,5,,4,,,0,0,0,4,2,,0,3,0,0,,1,0,0,0,0,3,13,0,FINAL (ENTRADA MANUAL)
45,77,3,0,1,,1,,,0,0,0,0,1,,1,0,0,0,,0,0,0,0,0,0,2,0,FINAL (ENTRADA MANUAL)
45,77,4,1,3,,2,,,0,0,0,1,3,,2,0,0,0,,0,0,0,0,0,0,6,0,FINAL (ENTRADA MANUAL)
45,78,1,2,6,,0,,,0,0,1,2,4,,0,0,0,0,,1,0,0,0,0,2,9,0,FINAL (ENTRADA MANUAL)
45,78,2,0,0,,0,,,0,0,0,0,0,,0,0,0,0,,0,0,0,0,0,0,0,0,FINAL (ENTRADA MANUAL)
45,78,3,0,0,,0,,,0,0,0,0,0,,0,0,0,0,,0,0,0,0,0,0,0,0,FINAL (ENTRADA MANUAL)
45,78,4,0,0,,0,,,0,0,0,0,0,,0,0,0,0,,0,0,0,0,0,0,0,0,FINAL (ENTRADA MANUAL)
46,1,1,102,99,3,18,12,1,0,0,0,71,71,1,12,11,2,2,0,1,1,1,0,0,63,236,459,FINAL (ENTRADA MANUAL)
46,1,2,106,101,1,17,8,3,1,0,0,79,80,1,12,6,1,5,0,4,1,1,0,0,48,238,459,FINAL (ENTRADA MANUAL)
46,1,3,86,88,1,16,9,2,0,0,1,67,66,1,13,6,2,1,0,1,1,0,0,0,45,203,459,FINAL (ENTRADA MANUAL)
46,1,4,102,95,2,30,2,2,1,0,0,75,73,1,21,2,0,0,0,1,0,4,0,0,61,238,460,FINAL (ENTRADA MANUAL)
46,2,1,137,70,1,9,5,1,0,0,0,96,55,0,9,4,2,1,0,2,0,0,0,0,54,223,410,FINAL (ENTRADA MANUAL)
46,2,2,112,73,1,12,1,0,0,0,0,85,36,1,10,1,4,1,1,6,0,3,0,0,54,202,411,FINAL (ENTRADA MANUAL)
46,3,1,138,95,3,29,7,7,1,0,1,92,64,2,21,6,2,3,1,5,2,3,0,0,83,284,511,FINAL (ENTRADA MANUAL)
46,3,2,162,79,0,28,6,5,0,0,1,125,55,0,23,4,2,3,1,7,2,1,1,0,59,283,511,FINAL (ENTRADA MANUAL)
46,3,3,141,61,3,34,7,3,0,0,0,97,39,0,28,5,3,3,1,3,2,1,1,0,68,251,512,FINAL (ENTRADA MANUAL)
46,4,1,141,96,4,38,9,5,0,0,0,102,64,2,33,4,2,6,2,10,1,1,0,0,67,294,462,FINAL (ENTRADA MANUAL)
46,4,2,116,77,8,47,10,2,0,0,1,79,53,3,35,9,0,0,1,7,2,1,0,0,72,262,462,FINAL (ENTRADA MANUAL)
46,4,3,130,100,2,32,4,1,1,0,0,90,62,1,22,4,5,3,0,7,1,3,0,0,75,274,462,FINAL (ENTRADA MANUAL)
46,4,4,133,95,6,34,4,5,0,0,1,93,58,2,28,3,2,2,0,2,2,1,0,0,86,279,462,FINAL (ENTRADA MANUAL)
46,4,5,122,71,2,27,10,2,0,0,0,65,48,0,21,7,2,2,1,9,2,3,0,0,77,237,462,FINAL (ENTRADA MANUAL)
46,4,6,138,72,4,29,3,3,0,0,0,98,48,2,19,3,1,1,0,10,1,1,0,0,66,250,463,FINAL (ENTRADA MANUAL)
46,5,1,142,93,3,33,7,0,1,0,0,94,61,3,23,4,2,3,0,5,1,1,0,0,83,280,521,FINAL (ENTRADA MANUAL)
46,5,2,143,77,1,37,8,4,0,0,1,93,52,0,32,8,3,3,3,3,0,2,0,0,74,273,521,FINAL (ENTRADA MANUAL)
46,5,3,115,87,4,35,10,4,0,1,1,71,56,2,25,8,2,4,1,7,1,2,0,0,80,259,521,FINAL (ENTRADA MANUAL)
46,5,4,126,79,2,32,0,3,1,0,1,68,59,1,25,0,1,3,0,5,3,1,0,0,79,245,521,FINAL (ENTRADA MANUAL)
46,5,5,142,79,2,24,13,0,0,0,1,101,55,1,19,9,1,1,0,6,1,1,0,0,67,262,521,FINAL (ENTRADA MANUAL)
46,5,6,141,87,1,26,6,1,0,0,1,104,60,1,22,4,3,2,0,0,0,1,0,0,67,264,521,FINAL (ENTRADA MANUAL)
46,5,7,138,79,1,35,10,1,2,0,0,91,55,1,30,5,2,1,1,1,2,1,0,0,77,267,521,FINAL (ENTRADA MANUAL)
46,5,8,132,90,3,27,8,1,0,0,0,86,53,1,22,6,0,2,0,3,0,3,0,0,88,264,521,FINAL (ENTRADA MANUAL)
46,6,1,146,49,2,37,7,2,0,0,0,99,36,2,24,5,1,1,0,3,0,0,0,0,72,243,415,FINAL (ENTRADA MANUAL)
46,6,2,115,83,2,35,5,0,1,0,0,74,66,0,25,1,2,3,1,8,0,2,0,0,61,243,415,FINAL (ENTRADA MANUAL)
46,6,3,135,65,4,23,7,3,1,0,0,98,45,1,16,6,4,2,1,6,1,1,0,0,58,239,415,FINAL (ENTRADA MANUAL)
46,6,4,132,69,1,23,8,4,0,1,0,98,45,0,14,6,4,2,1,5,3,1,0,0,60,239,414,FINAL (ENTRADA MANUAL)
46,7,1,149,94,3,33,6,2,2,0,1,118,70,2,24,6,0,2,4,6,0,0,0,0,58,290,542,FINAL (ENTRADA MANUAL)
46,7,2,128,98,9,32,4,1,0,1,0,93,71,7,25,4,1,1,1,4,1,0,0,0,65,273,542,FINAL (ENTRADA MANUAL)
46,7,3,133,111,3,38,7,6,2,0,0,94,74,1,28,6,1,0,1,6,0,4,0,0,89,304,542,FINAL (ENTRADA MANUAL)
46,7,4,144,103,3,26,5,2,1,0,2,97,70,0,19,4,2,2,3,3,0,0,0,0,86,286,542,FINAL (ENTRADA MANUAL)
46,8,1,96,87,2,25,5,0,0,0,0,74,47,1,20,4,1,3,0,1,1,3,0,0,63,218,388,FINAL (ENTRADA MANUAL)
46,8,2,92,88,3,25,4,1,0,0,1,68,65,1,13,4,2,2,1,4,0,2,0,0,54,216,388,FINAL (ENTRADA MANUAL)
46,8,3,89,90,3,20,4,2,0,0,0,67,61,2,18,2,2,3,0,3,2,0,1,0,48,209,388,FINAL (ENTRADA MANUAL)
46,8,4,92,88,2,23,11,0,1,1,2,56,47,2,18,10,1,2,0,2,0,1,0,0,82,221,388,FINAL (ENTRADA MANUAL)
46,9,1,90,103,1,18,2,2,0,2,1,69,69,0,11,2,3,1,1,2,0,1,0,0,61,220,419,FINAL (ENTRADA MANUAL)
46,9,2,97,104,1,19,3,1,1,1,2,68,67,1,15,2,2,1,0,1,0,1,1,0,72,231,419,FINAL (ENTRADA MANUAL)
46,10,1,118,72,2,29,3,5,0,0,0,83,51,0,24,2,2,0,1,5,0,1,0,0,61,230,495,FINAL (ENTRADA MANUAL)
46,10,2,130,82,4,29,8,6,0,0,0,89,51,3,20,7,2,6,1,5,0,1,0,0,75,260,495,FINAL (ENTRADA MANUAL)
46,10,3,139,72,4,29,5,5,1,1,0,96,45,1,22,5,0,1,0,4,0,1,0,0,82,257,495,FINAL (ENTRADA MANUAL)
46,10,4,116,90,2,20,3,5,1,1,0,70,58,1,16,3,2,2,0,2,1,0,0,0,83,238,495,FINAL (ENTRADA MANUAL)
46,10,5,129,63,3,41,8,3,1,0,0,80,38,1,32,6,3,2,1,2,1,0,0,0,82,248,495,FINAL (ENTRADA MANUAL)
46,10,6,135,70,3,24,4,2,0,0,0,86,48,0,18,3,2,2,0,3,1,0,0,0,75,238,494,FINAL (ENTRADA MANUAL)
46,11,1,127,75,4,30,5,1,0,1,0,93,49,1,21,5,0,1,0,2,0,1,0,0,71,244,470,FINAL (ENTRADA MANUAL)
46,11,2,146,69,6,15,7,2,0,0,0,116,48,4,11,5,2,3,0,1,2,2,0,0,53,247,470,FINAL (ENTRADA MANUAL)
46,11,3,130,90,6,24,9,6,1,2,0,81,49,4,15,7,1,3,0,3,0,0,0,0,105,268,470,FINAL (ENTRADA MANUAL)
46,11,4,125,75,3,18,10,6,0,0,2,91,48,1,14,9,1,1,1,3,2,1,0,0,68,240,470,FINAL (ENTRADA MANUAL)
46,11,5,135,78,4,35,9,6,0,0,2,84,54,2,26,7,3,3,1,5,1,0,0,0,83,269,470,FINAL (ENTRADA MANUAL)
46,11,6,154,59,4,33,6,0,2,0,0,114,41,2,25,6,5,5,1,4,2,1,0,0,53,259,470,FINAL (ENTRADA MANUAL)
46,12,1,143,57,5,41,5,2,0,0,0,108,35,1,33,5,3,3,1,3,0,0,0,0,61,253,457,FINAL (ENTRADA MANUAL)
46,12,2,150,54,0,40,7,1,0,0,0,100,36,0,32,5,0,1,0,8,0,0,0,0,70,252,457,FINAL (ENTRADA MANUAL)
46,12,3,131,60,3,33,11,0,0,0,0,103,42,2,27,9,1,1,0,1,0,0,0,0,52,238,457,FINAL (ENTRADA MANUAL)
46,12,4,144,62,4,32,12,0,0,0,0,99,40,3,26,9,2,4,0,1,0,2,0,1,70,257,456,FINAL (ENTRADA MANUAL)
46,13,1,115,97,3,21,10,2,4,0,1,84,72,2,15,6,1,3,0,5,1,3,0,0,64,256,486,FINAL (ENTRADA MANUAL)
46,13,2,132,89,5,25,7,0,0,1,0,87,45,3,21,4,0,2,1,7,1,0,0,0,88,259,486,FINAL (ENTRADA MANUAL)
46,13,3,112,99,0,24,8,2,2,0,1,74,63,0,14,6,0,0,0,1,1,2,0,0,89,250,485,FINAL (ENTRADA MANUAL)
46,72,1,547,236,3,19,3,2,1,3,1,464,189,0,14,3,12,5,2,3,0,0,0,0,123,815,0,FINAL (ENTRADA MANUAL)
46,72,2,81,54,1,8,1,0,1,0,0,69,48,0,8,1,1,3,0,0,0,3,3,0,16,152,0,FINAL (ENTRADA MANUAL)
46,72,3,487,235,2,22,10,5,1,0,2,422,196,2,18,10,10,9,2,2,1,0,0,0,92,764,0,FINAL (ENTRADA MANUAL)
46,72,4,102,52,2,7,4,0,0,0,0,91,50,0,7,4,0,0,0,0,0,1,1,0,15,169,0,FINAL (ENTRADA MANUAL)
46,72,5,87,20,0,3,1,0,0,0,0,76,13,0,3,1,4,1,0,0,0,0,0,0,13,111,0,FINAL (ENTRADA MANUAL)
46,72,6,8,3,0,0,0,0,0,0,0,7,2,0,0,0,0,0,0,0,0,0,0,0,2,11,0,FINAL (ENTRADA MANUAL)
46,72,7,58,10,0,1,0,0,0,0,0,51,7,0,1,0,0,0,0,0,0,0,0,0,10,69,0,FINAL (ENTRADA MANUAL)
46,72,8,6,1,0,0,0,0,0,0,0,6,1,0,0,0,0,0,0,0,0,0,0,0,0,7,0,FINAL (ENTRADA MANUAL)
46,72,9,67,17,0,2,2,0,0,0,0,57,16,0,2,2,1,0,0,0,0,0,0,0,10,88,0,FINAL (ENTRADA MANUAL)
46,72,10,8,3,0,0,0,0,0,0,0,8,3,0,0,0,0,0,0,0,0,0,0,0,0,11,0,FINAL (ENTRADA MANUAL)
46,72,11,8,5,0,0,0,0,0,0,0,6,4,0,0,0,0,0,0,0,0,0,0,0,3,13,0,FINAL (ENTRADA MANUAL)
46,72,12,0,0,0,0,0,0,0,0,0,0,0,0,0,0,0,0,0,0,0,0,0,0,0,0,0,FINAL (ENTRADA MANUAL)
46,73,1,114,175,0,8,3,0,0,1,0,100,136,0,8,3,0,2,0,1,0,0,0,0,51,301,0,FINAL (ENTRADA MANUAL)
46,74,1,1,0,0,0,0,0,0,0,0,0,0,0,0,0,0,0,0,0,0,0,0,0,1,1,0,FINAL (ENTRADA MANUAL)
46,74,2,0,0,0,0,0,0,0,0,0,0,0,0,0,0,0,0,0,0,0,0,0,0,0,0,0,FINAL (ENTRADA MANUAL)
46,75,1,1,0,0,0,0,0,0,0,0,0,0,0,0,0,0,0,0,0,0,0,0,0,1,1,0,FINAL (ENTRADA MANUAL)
46,76,1,36,7,2,0,1,0,0,0,1,26,3,1,0,1,0,0,0,0,0,1,0,0,16,48,0,FINAL (ENTRADA MANUAL)
46,76,2,1,0,0,0,0,0,0,0,0,0,0,0,0,0,0,0,0,0,0,0,0,0,0,1,0,FINAL (ENTRADA MANUAL)
46,76,3,6,0,1,1,1,0,0,0,0,5,0,1,1,1,0,0,0,0,0,0,0,0,1,9,0,FINAL (ENTRADA MANUAL)
46,76,4,0,0,0,0,0,0,0,0,0,0,0,0,0,0,0,0,0,0,0,0,0,0,0,0,0,FINAL (ENTRADA MANUAL)
46,76,5,4,1,0,0,0,0,0,0,0,3,1,0,0,0,0,0,0,0,0,0,0,0,1,5,0,FINAL (ENTRADA MANUAL)
46,77,1,0,0,0,0,0,0,0,0,0,0,0,0,0,0,0,0,0,0,0,0,0,0,0,0,0,FINAL (ENTRADA MANUAL)
46,77,2,19,14,2,27,0,4,0,0,1,10,5,2,19,0,0,1,3,5,0,0,0,0,225,67,0,FINAL (ENTRADA MANUAL)
46,77,3,3,0,0,3,0,0,0,0,0,3,0,0,3,0,0,0,0,0,0,0,0,0,0,6,0,FINAL (ENTRADA MANUAL)
46,77,4,0,0,0,0,0,0,0,0,0,0,0,0,0,0,0,0,0,0,0,0,0,0,0,0,0,FINAL (ENTRADA MANUAL)
46,77,5,4,6,0,2,0,0,0,0,0,3,2,0,2,0,0,0,0,0,0,0,0,0,5,12,0,FINAL (ENTRADA MANUAL)
46,78,1,47,28,0,13,4,2,0,0,0,30,13,0,9,3,0,2,1,1,0,0,0,0,35,94,0,FINAL (ENTRADA MANUAL)
46,78,2,0,0,0,0,0,0,0,0,0,0,0,0,0,0,0,0,0,0,0,0,0,0,0,0,0,FINAL (ENTRADA MANUAL)
46,78,3,0,0,0,0,0,0,0,0,0,0,0,0,0,0,0,0,0,0,0,0,0,0,0,0,0,FINAL (ENTRADA MANUAL)
46,78,4,0,0,0,0,0,0,0,0,0,0,0,0,0,0,0,0,0,0,0,0,0,0,0,0,0,FINAL (ENTRADA MANUAL)
85,1,1,76,120,1,6,14,,1,0,0,58,95,0,5,13,1,1,0,3,0,1,0,0,42,219,443,FINAL (ENTRADA MANUAL)
85,1,2,77,107,1,14,10,,0,0,0,54,79,1,9,8,3,1,1,2,0,1,0,0,51,210,443,FINAL (ENTRADA MANUAL)
85,1,3,81,128,1,13,7,,0,0,1,63,84,1,9,6,7,3,0,1,0,3,0,0,57,234,442,FINAL (ENTRADA MANUAL)
85,72,1,26,10,0,1,0,,0,0,0,24,10,0,1,0,0,0,0,0,0,0,0,0,2,37,0,FINAL (ENTRADA MANUAL)
85,72,2,1,0,0,0,0,,0,0,0,1,0,0,0,0,0,0,0,0,0,0,0,0,0,1,0,FINAL (ENTRADA MANUAL)
85,72,3,31,27,0,1,0,,0,0,3,29,21,0,1,0,1,0,0,0,0,0,0,0,10,62,0,FINAL (ENTRADA MANUAL)
85,72,4,3,7,0,0,0,,0,0,0,3,5,0,0,0,1,0,0,0,0,0,0,0,2,11,0,FINAL (ENTRADA MANUAL)
85,72,5,0,0,0,0,0,,0,0,0,0,0,0,0,0,0,0,0,0,0,0,0,0,0,0,0,FINAL (ENTRADA MANUAL)
85,72,6,4,5,0,0,0,,0,0,0,4,4,0,0,0,0,0,0,0,0,0,0,0,1,9,0,FINAL (ENTRADA MANUAL)
85,72,7,2,2,0,0,0,,0,0,0,2,2,0,0,0,0,0,0,0,0,0,0,0,0,4,0,FINAL (ENTRADA MANUAL)
85,72,8,1,0,0,0,0,,0,0,0,1,0,0,0,0,0,0,0,0,0,0,0,0,0,1,0,FINAL (ENTRADA MANUAL)
85,73,1,2,5,0,0,0,,0,0,0,2,5,0,0,0,0,0,0,0,0,0,0,0,0,7,0,FINAL (ENTRADA MANUAL)
85,73,2,0,1,0,0,0,,0,0,0,0,0,0,0,0,0,0,0,0,0,0,0,0,1,1,0,FINAL (ENTRADA MANUAL)
85,74,1,0,0,0,0,0,,0,0,0,0,0,0,0,0,0,0,0,0,0,0,0,0,0,0,0,FINAL (ENTRADA MANUAL)
85,74,2,0,0,0,0,0,,0,0,0,0,0,0,0,0,0,0,0,0,0,0,0,0,0,0,0,FINAL (ENTRADA MANUAL)
85,75,1,0,0,0,0,0,,0,0,0,0,0,0,0,0,0,0,0,0,0,0,0,0,0,0,0,FINAL (ENTRADA MANUAL)
85,75,2,0,0,0,0,0,,0,0,0,0,0,0,0,0,0,0,0,0,0,0,0,0,0,0,0,FINAL (ENTRADA MANUAL)
85,76,1,0,0,0,0,0,,0,0,0,0,0,0,0,0,0,0,0,0,0,0,0,0,0,0,0,FINAL (ENTRADA MANUAL)
85,76,2,0,0,0,0,0,,0,0,0,0,0,0,0,0,0,0,0,0,0,0,0,0,0,0,0,FINAL (ENTRADA MANUAL)
85,76,3,0,0,0,0,0,,0,0,0,0,0,0,0,0,0,0,0,0,0,0,0,0,0,0,0,FINAL (ENTRADA MANUAL)
85,77,1,0,0,0,0,0,,0,0,0,0,0,0,0,0,0,0,0,0,0,0,0,0,0,0,0,FINAL (ENTRADA MANUAL)
85,77,2,0,2,0,0,0,,0,0,0,0,0,0,0,0,0,0,0,1,0,0,0,0,1,2,0,FINAL (ENTRADA MANUAL)
85,77,3,0,1,0,0,0,,0,0,0,0,1,0,0,0,0,0,0,0,0,0,0,0,6,1,0,FINAL (ENTRADA MANUAL)
85,78,1,1,8,0,0,1,,0,0,0,1,4,0,0,0,0,1,0,0,0,0,0,0,4,10,0,FINAL (ENTRADA MANUAL)
85,78,2,0,0,0,0,0,,0,0,0,0,0,0,0,0,0,0,0,0,0,0,0,0,0,0,0,FINAL (ENTRADA MANUAL)
85,78,3,0,0,0,0,0,,0,0,0,0,0,0,0,0,0,0,0,0,0,0,0,0,0,0,0,FINAL (ENTRADA MANUAL)
85,78,4,0,0,0,0,0,,0,0,0,0,0,0,0,0,0,0,0,0,0,0,0,0,0,0,0,FINAL (ENTRADA MANUAL)
23,1,1,72,187,,7,9,,0,1,0,59,140,,5,4,4,2,,0,0,0,0,0,62,276,613,FINAL (ENTRADA MANUAL)
23,1,2,90,184,,2,11,,0,0,0,69,118,,2,7,1,0,,4,0,1,1,0,86,289,613,FINAL (ENTRADA MANUAL)
23,1,3,105,179,,2,9,,0,0,0,80,153,,1,8,0,1,,3,0,2,0,0,49,297,614,FINAL (ENTRADA MANUAL)
23,2,1,76,147,,3,5,,0,0,1,65,115,,3,3,2,0,,1,0,0,0,0,43,232,524,FINAL (ENTRADA MANUAL)
23,2,2,93,139,,4,7,,0,0,0,85,111,,3,7,0,1,,3,0,0,0,0,33,243,524,FINAL (ENTRADA MANUAL)
23,2,3,111,148,,3,13,,0,0,0,90,123,,3,4,3,1,,1,1,1,0,0,49,276,524,FINAL (ENTRADA MANUAL)
23,2,4,102,133,,2,6,,0,0,0,81,107,,2,5,0,2,,0,0,1,0,0,46,244,525,FINAL (ENTRADA MANUAL)
23,3,1,98,106,,2,10,,0,0,0,80,67,,1,7,4,0,,4,1,3,0,0,52,219,522,FINAL (ENTRADA MANUAL)
23,3,2,118,127,,6,11,,0,0,0,101,83,,2,8,3,3,,4,0,1,0,0,58,263,522,FINAL (ENTRADA MANUAL)
23,4,1,91,163,,4,12,,2,0,0,76,123,,3,10,4,1,,6,0,1,1,0,49,274,550,FINAL (ENTRADA MANUAL)
23,4,2,109,176,,5,7,,0,0,0,96,147,,5,6,0,3,,2,0,0,0,0,38,297,549,FINAL (ENTRADA MANUAL)
23,5,1,105,122,,4,9,,0,0,0,90,99,,4,7,2,1,,0,0,2,0,0,37,242,486,FINAL (ENTRADA MANUAL)
23,5,2,77,154,,5,6,,0,0,0,66,109,,3,4,1,2,,1,1,4,0,0,55,246,486,FINAL (ENTRADA MANUAL)
23,5,3,124,109,,5,8,,0,0,0,99,90,,1,5,0,0,,1,0,1,0,0,50,247,486,FINAL (ENTRADA MANUAL)
23,5,4,89,135,,2,17,,0,0,0,77,102,,1,10,1,1,,0,0,0,0,0,51,243,485,FINAL (ENTRADA MANUAL)
23,6,1,123,167,,5,7,,0,0,0,105,130,,3,5,3,1,,1,0,1,0,0,54,303,600,FINAL (ENTRADA MANUAL)
23,6,2,86,214,,2,6,,0,0,1,73,180,,2,5,2,4,,0,0,0,0,0,43,309,600,FINAL (ENTRADA MANUAL)
23,7,1,107,99,,1,12,,0,0,0,92,70,,1,10,2,2,,0,0,0,0,0,42,219,452,FINAL (ENTRADA MANUAL)
23,7,2,128,102,,3,5,,0,0,0,117,64,,1,3,3,2,,1,1,1,0,0,46,239,452,FINAL (ENTRADA MANUAL)
23,8,1,16,26,,2,1,,0,0,0,16,19,,1,1,0,0,,2,0,0,0,0,6,45,105,FINAL (ENTRADA MANUAL)
23,9,1,83,159,,1,4,,1,0,0,63,123,,1,4,0,4,,2,0,4,0,0,51,252,435,FINAL (ENTRADA MANUAL)
23,9,2,73,159,,2,4,,0,0,0,56,118,,2,3,0,1,,0,0,1,1,0,58,240,435,FINAL (ENTRADA MANUAL)
23,10,1,67,117,,1,19,,0,0,0,60,97,,1,9,4,0,,0,0,3,0,0,33,207,337,FINAL (ENTRADA MANUAL)
23,11,1,97,106,,6,5,,0,0,1,91,83,,6,3,0,0,,1,2,3,0,0,29,218,431,FINAL (ENTRADA MANUAL)
23,11,2,107,95,,15,10,,0,0,0,83,67,,11,8,1,0,,2,0,1,1,0,55,229,431,FINAL (ENTRADA MANUAL)
23,11,3,103,110,,6,12,,0,0,1,77,69,,5,8,1,1,,0,0,2,0,0,71,234,431,FINAL (ENTRADA MANUAL)
23,72,1,25,7,,1,2,,0,0,0,25,5,,1,0,2,1,,0,0,0,0,0,1,35,0,FINAL (ENTRADA MANUAL)
23,72,2,1,0,,0,0,,0,0,0,1,0,,0,0,0,0,,0,0,0,0,0,0,1,0,FINAL (ENTRADA MANUAL)
23,72,3,482,89,,8,15,,0,0,1,439,60,,6,7,6,3,,3,0,0,0,1,71,596,0,FINAL (ENTRADA MANUAL)
23,72,4,62,22,,2,3,,1,0,0,59,17,,1,3,3,0,,0,1,1,0,0,6,91,0,FINAL (ENTRADA MANUAL)
23,72,5,33,9,,0,0,,0,0,0,30,7,,0,0,0,0,,0,0,0,0,0,5,42,0,FINAL (ENTRADA MANUAL)
23,72,6,5,0,,0,0,,0,0,0,5,0,,0,0,0,0,,0,0,0,0,0,0,5,0,FINAL (ENTRADA MANUAL)
23,72,7,2,0,,0,0,,0,0,0,2,0,,0,0,0,0,,0,0,0,0,0,0,2,0,FINAL (ENTRADA MANUAL)
23,72,8,3,0,,0,0,,0,0,9,2,0,,0,0,0,0,,0,0,0,0,0,1,3,0,FINAL (ENTRADA MANUAL)
23,72,9,21,6,,0,0,,0,0,0,16,5,,0,0,0,0,,0,0,0,0,0,6,27,0,FINAL (ENTRADA MANUAL)
23,72,10,2,0,,0,0,,0,0,0,2,0,,0,0,0,0,,0,0,0,0,0,0,2,0,FINAL (ENTRADA MANUAL)
23,73,1,557,847,,3,3,,0,1,0,506,739,,3,1,3,4,,0,0,0,0,0,155,1411,0,FINAL (ENTRADA MANUAL)
23,73,2,0,0,,0,0,,0,0,0,0,0,,0,0,0,0,,0,0,0,0,0,0,0,0,FINAL (ENTRADA MANUAL)
23,73,3,0,0,,0,0,,0,0,0,0,0,,0,0,0,0,,0,0,0,0,0,0,0,0,FINAL (ENTRADA MANUAL)
23,73,4,0,0,,0,0,,0,0,0,0,0,,0,0,0,0,,0,0,0,0,0,0,0,0,FINAL (ENTRADA MANUAL)
23,73,5,0,0,,0,0,,0,0,0,0,0,,0,0,0,0,,0,0,0,0,0,0,0,0,FINAL (ENTRADA MANUAL)
23,73,6,1,3,,0,0,,0,0,0,1,2,,0,0,0,1,,0,0,6,1,0,0,11,0,FINAL (ENTRADA MANUAL)
23,74,1,0,1,,0,0,,0,0,0,0,1,,0,0,0,0,,0,0,0,0,0,1,1,0,FINAL (ENTRADA MANUAL)
23,74,2,0,0,,0,0,,0,0,0,0,0,,0,0,0,0,,0,0,0,0,0,0,0,0,FINAL (ENTRADA MANUAL)
23,75,1,0,0,,0,0,,0,0,0,0,0,,0,0,0,0,,0,0,0,0,0,0,0,0,FINAL (ENTRADA MANUAL)
23,75,2,0,0,,0,0,,0,0,0,0,0,,0,0,0,0,,0,0,0,0,0,0,0,0,FINAL (ENTRADA MANUAL)
23,76,1,8,1,,0,0,,0,0,0,7,1,,0,0,0,0,,0,0,0,0,0,1,9,0,FINAL (ENTRADA MANUAL)
23,76,2,0,0,,0,0,,0,0,0,0,0,,0,0,0,0,,0,0,0,0,0,0,0,0,FINAL (ENTRADA MANUAL)
23,76,3,2,0,,0,1,,0,0,0,2,0,,0,1,0,0,,0,0,0,0,0,0,3,0,FINAL (ENTRADA MANUAL)
23,76,4,0,0,,0,0,,0,0,0,0,0,,0,0,0,0,,0,0,0,0,0,0,0,0,FINAL (ENTRADA MANUAL)
23,76,5,0,2,,0,0,,0,0,0,0,2,,0,0,0,0,,0,0,0,0,0,0,2,0,FINAL (ENTRADA MANUAL)
23,77,1,0,0,,0,0,,0,0,0,0,0,,0,0,0,0,,0,0,0,0,0,0,0,0,FINAL (ENTRADA MANUAL)
23,77,2,4,13,,1,0,,0,0,0,3,8,,1,0,0,0,,2,0,0,0,0,5,19,0,FINAL (ENTRADA MANUAL)
23,77,3,0,0,,0,0,,0,0,0,0,0,,0,0,0,0,,0,0,0,0,0,0,0,0,FINAL (ENTRADA MANUAL)
23,77,4,0,0,,1,0,,0,0,0,0,0,,0,0,0,0,,0,0,0,0,0,1,1,0,FINAL (ENTRADA MANUAL)
23,77,5,1,1,,0,0,,0,0,0,0,0,,0,0,0,0,,0,0,0,0,0,2,2,0,FINAL (ENTRADA MANUAL)
23,78,1,20,23,,1,1,,0,0,0,15,15,,0,0,1,0,,0,0,0,0,0,14,45,0,FINAL (ENTRADA MANUAL)
23,78,2,0,0,,0,0,,0,0,0,0,0,,0,0,0,0,,0,0,0,0,0,0,0,0,FINAL (ENTRADA MANUAL)
23,78,3,0,0,,0,0,,0,0,0,0,0,,0,0,0,0,,0,0,0,0,0,0,0,0,FINAL (ENTRADA MANUAL)
23,78,4,0,0,,0,0,,0,0,0,0,0,,0,0,0,0,,0,0,0,0,0,0,0,0,FINAL (ENTRADA MANUAL)
34,1,1,98,35,,3,,,0,0,3,80,26,,2,,3,1,,0,,0,0,0,27,139,292,FINAL (ENTRADA MANUAL)
34,1,2,116,43,,3,,,0,0,1,88,29,,2,,1,4,,0,,1,0,0,39,164,293,FINAL (ENTRADA MANUAL)
34,2,1,145,48,,7,,,3,0,1,96,40,,3,,3,3,,0,,5,0,0,59,209,385,FINAL (ENTRADA MANUAL)
34,2,2,133,54,,11,,,0,0,0,105,39,,6,,7,3,,3,,4,0,0,35,202,385,FINAL (ENTRADA MANUAL)
34,2,3,125,65,,9,,,0,0,1,84,43,,4,,3,2,,2,,3,0,0,62,203,384,FINAL (ENTRADA MANUAL)
34,3,1,76,57,,0,,,1,0,0,53,52,,0,,3,1,,0,,1,0,0,25,135,258,FINAL (ENTRADA MANUAL)
34,3,2,85,62,,4,,,1,0,0,57,50,,1,,3,1,,1,,2,0,0,39,154,258,FINAL (ENTRADA MANUAL)
34,4,1,144,48,,8,,,1,0,3,111,33,,3,,5,2,,2,,3,1,0,48,208,384,FINAL (ENTRADA MANUAL)
34,4,2,149,58,,7,,,0,1,1,110,41,,1,,6,2,,1,,0,1,0,55,217,384,FINAL (ENTRADA MANUAL)
34,4,3,129,56,,9,,,0,0,1,96,34,,4,,4,3,,1,,3,0,0,53,198,383,FINAL (ENTRADA MANUAL)
34,5,1,157,43,,9,,,1,1,1,109,26,,8,,4,6,,1,,1,2,0,58,215,375,FINAL (ENTRADA MANUAL)
34,5,2,203,62,,10,,,1,1,2,155,45,,8,,3,1,,0,,0,0,0,63,279,375,FINAL (ENTRADA MANUAL)
34,5,3,165,38,,4,,,1,0,1,132,25,,3,,6,3,,1,,2,0,0,39,211,375,FINAL (ENTRADA MANUAL)
34,6,1,183,40,,5,,,0,0,0,118,28,,2,,9,5,,0,,1,0,0,66,229,420,FINAL (ENTRADA MANUAL)
34,7,1,134,24,,6,,,3,0,0,103,17,,5,,2,2,,0,,2,1,0,38,170,287,FINAL (ENTRADA MANUAL)
34,7,2,106,38,,5,,,0,0,0,80,26,,4,,1,3,,0,,0,0,0,35,149,287,FINAL (ENTRADA MANUAL)
34,8,1,152,35,,9,,,1,0,0,116,27,,2,,1,0,,2,,2,0,0,49,199,371,FINAL (ENTRADA MANUAL)
34,8,2,150,46,,11,,,1,0,1,119,37,,8,,1,0,,0,,1,1,0,44,211,371,FINAL (ENTRADA MANUAL)
34,9,1,198,38,,6,,,0,0,0,152,25,,5,,0,4,,0,,4,0,0,56,246,455,FINAL (ENTRADA MANUAL)
34,72,1,210,143,,4,,,0,0,0,175,126,,4,,4,4,,0,,0,0,0,44,357,0,FINAL (ENTRADA MANUAL)
34,72,2,16,11,,0,,,0,0,0,16,10,,0,,0,0,,0,,1,1,0,1,29,0,FINAL (ENTRADA MANUAL)
34,72,3,1,2,,0,,,0,0,0,1,2,,0,,0,0,,0,,0,0,0,0,3,0,FINAL (ENTRADA MANUAL)
34,72,4,18,13,,1,,,1,0,1,12,10,,0,,0,3,,0,,0,0,0,9,34,0,FINAL (ENTRADA MANUAL)
34,72,5,24,2,,2,,,0,0,0,22,1,,2,,0,1,,0,,0,0,0,2,28,0,FINAL (ENTRADA MANUAL)
34,72,6,2,1,,0,,,0,0,0,1,1,,0,,0,0,,0,,0,0,0,1,3,0,FINAL (ENTRADA MANUAL)
34,72,7,5,5,,0,,,0,0,0,2,5,,0,,0,0,,0,,0,0,0,3,10,0,FINAL (ENTRADA MANUAL)
34,72,8,0,1,,0,,,0,0,0,0,1,,0,,0,0,,0,,0,0,0,0,1,0,FINAL (ENTRADA MANUAL)
34,72,9,64,25,,4,,,0,0,1,55,21,,0,,2,1,,0,,0,0,0,15,94,0,FINAL (ENTRADA MANUAL)
34,73,1,299,56,,1,,,0,0,0,246,52,,1,,2,3,,0,,0,0,0,52,356,0,FINAL (ENTRADA MANUAL)
34,73,2,0,0,,0,,,0,0,0,0,0,,0,,0,0,,0,,0,0,0,0,0,0,FINAL (ENTRADA MANUAL)
34,73,3,37,7,,0,,,0,0,0,35,7,,0,,0,2,,0,,11,0,0,0,55,0,FINAL (ENTRADA MANUAL)
34,74,1,0,0,,0,,,0,0,0,0,0,,0,,0,0,,0,,0,0,0,0,0,0,FINAL (ENTRADA MANUAL)
34,74,2,0,0,,0,,,0,0,0,0,0,,0,,0,0,,0,,0,0,0,0,0,0,FINAL (ENTRADA MANUAL)
34,75,1,0,0,,0,,,0,0,0,0,0,,0,,0,0,,0,,0,0,0,0,0,0,FINAL (ENTRADA MANUAL)
34,76,1,5,0,,0,,,0,0,0,4,0,,0,,0,0,,0,,0,0,0,1,5,0,FINAL (ENTRADA MANUAL)
34,76,2,0,0,,0,,,0,0,0,0,0,,0,,0,0,,0,,0,0,0,0,0,0,FINAL (ENTRADA MANUAL)
34,76,3,1,0,,0,,,0,0,0,1,0,,0,,0,0,,0,,0,0,0,0,1,0,FINAL (ENTRADA MANUAL)
34,76,5,4,0,,0,,,0,0,0,4,0,,0,,0,0,,0,,0,0,0,0,4,0,FINAL (ENTRADA MANUAL)
34,76,6,1,0,,0,,,0,0,0,1,0,,0,,0,0,,0,,0,0,0,0,1,0,FINAL (ENTRADA MANUAL)
34,77,1,0,0,,0,,,0,0,0,0,0,,0,,0,0,,0,,0,0,0,0,0,0,FINAL (ENTRADA MANUAL)
34,77,2,4,1,,0,,,0,0,0,3,1,,0,,0,0,,0,,0,1,0,1,6,0,FINAL (ENTRADA MANUAL)
34,77,3,2,0,,0,,,0,0,0,1,0,,0,,1,0,,0,,0,0,0,0,2,0,FINAL (ENTRADA MANUAL)
34,77,4,7,0,,0,,,0,0,0,7,0,,0,,0,0,,0,,0,0,0,0,7,0,FINAL (ENTRADA MANUAL)
34,78,1,7,2,,0,,,0,0,0,6,2,,0,,0,0,,0,,0,0,0,1,9,0,FINAL (ENTRADA MANUAL)
34,78,2,0,0,,0,,,0,0,0,0,0,,0,,0,0,,0,,0,0,0,0,0,0,FINAL (ENTRADA MANUAL)
34,78,3,0,0,,0,,,0,0,0,0,0,,0,,0,0,,0,,0,0,0,0,0,0,FINAL (ENTRADA MANUAL)
34,78,4,0,0,,0,,,0,0,0,0,0,,0,,0,0,,0,,0,0,0,0,0,0,FINAL (ENTRADA MANUAL)
47,1,1,115,75,,14,2,,1,0,2,80,52,,12,1,2,1,,3,1,1,0,0,57,210,378,FINAL (ENTRADA MANUAL)
47,1,2,111,74,,14,8,,0,0,1,74,50,,9,7,3,1,,5,1,3,0,0,58,211,378,FINAL (ENTRADA MANUAL)
47,1,3,130,70,,5,3,,3,0,1,95,53,,1,0,3,3,,3,1,1,0,0,53,213,377,FINAL (ENTRADA MANUAL)
47,2,1,123,107,,6,3,,0,0,0,89,68,,6,2,2,2,,4,2,2,0,0,64,241,465,FINAL (ENTRADA MANUAL)
47,2,2,121,91,,11,3,,0,0,0,102,70,,10,2,0,0,,0,1,0,0,0,41,226,465,FINAL (ENTRADA MANUAL)
47,2,3,115,70,,13,6,,0,0,0,78,42,,11,3,4,6,,0,0,1,0,0,60,205,466,FINAL (ENTRADA MANUAL)
47,3,1,153,102,,11,7,,1,0,2,113,84,,10,5,6,1,,2,2,1,0,0,53,277,510,FINAL (ENTRADA MANUAL)
47,3,2,154,100,,7,7,,0,0,1,108,73,,6,5,4,2,,5,1,1,0,0,65,270,511,FINAL (ENTRADA MANUAL)
47,4,1,115,55,,3,22,,0,1,0,96,40,,2,13,2,0,,3,3,1,0,0,37,197,367,FINAL (ENTRADA MANUAL)
47,4,2,121,53,,10,8,,0,0,0,84,37,,8,5,2,0,,2,3,1,0,0,51,193,367,FINAL (ENTRADA MANUAL)
47,4,3,126,57,,5,6,,1,0,0,84,40,,3,3,3,1,,0,1,1,0,0,60,196,368,FINAL (ENTRADA MANUAL)
47,5,1,85,106,,11,3,,1,0,0,71,77,,8,1,0,1,,1,0,0,0,0,47,206,381,FINAL (ENTRADA MANUAL)
47,6,1,159,48,,11,7,,0,1,0,113,44,,10,4,0,3,,0,0,1,0,0,52,227,414,FINAL (ENTRADA MANUAL)
47,6,2,128,60,,15,9,,0,0,0,113,49,,14,7,2,0,,0,1,0,0,0,26,212,414,FINAL (ENTRADA MANUAL)
47,6,3,126,59,,7,8,,0,0,0,93,46,,7,4,5,0,,2,0,1,0,0,43,201,414,FINAL (ENTRADA MANUAL)
47,7,1,160,79,,9,6,,0,0,0,126,56,,7,2,2,2,,3,0,1,0,0,56,255,508,FINAL (ENTRADA MANUAL)
47,8,1,110,86,,21,2,,0,0,0,63,46,,17,2,3,3,,5,1,1,0,0,79,220,372,FINAL (ENTRADA MANUAL)
47,8,2,130,93,,8,5,,0,0,0,102,62,,5,4,2,0,,4,0,1,0,0,57,237,372,FINAL (ENTRADA MANUAL)
47,8,3,97,88,,11,4,,1,0,1,69,50,,10,3,1,4,,3,0,1,0,0,62,203,372,FINAL (ENTRADA MANUAL)
47,9,1,150,81,,5,2,,1,0,0,99,59,,3,1,2,1,,2,0,2,0,0,72,241,507,FINAL (ENTRADA MANUAL)
47,9,2,144,82,,5,9,,0,0,0,104,54,,5,7,0,1,,0,2,1,0,0,67,241,507,FINAL (ENTRADA MANUAL)
47,9,3,145,80,,3,2,,0,0,0,107,56,,3,1,0,2,,1,0,0,0,0,60,230,508,FINAL (ENTRADA MANUAL)
47,10,1,80,48,,4,0,,0,0,2,68,38,,3,0,0,0,,0,0,0,0,0,25,134,296,FINAL (ENTRADA MANUAL)
47,10,2,98,45,,4,3,,0,0,1,62,33,,3,1,1,2,,0,0,0,0,0,49,151,296,FINAL (ENTRADA MANUAL)
47,11,1,102,82,,7,2,,0,0,0,64,56,,7,0,2,7,,1,0,0,0,0,56,193,336,FINAL (ENTRADA MANUAL)
47,11,2,87,75,,3,1,,0,0,0,53,50,,1,0,0,0,,1,0,0,0,0,61,166,337,FINAL (ENTRADA MANUAL)
47,12,1,130,46,,5,3,,0,0,0,103,33,,4,3,1,0,,1,1,1,0,0,38,185,346,FINAL (ENTRADA MANUAL)
47,12,2,139,43,,6,11,,0,0,0,109,30,,5,9,1,0,,1,0,0,0,0,44,199,346,FINAL (ENTRADA MANUAL)
47,13,1,153,61,,10,5,,1,0,1,93,33,,10,5,0,0,,0,0,1,0,0,90,232,414,FINAL (ENTRADA MANUAL)
47,13,2,118,63,,6,3,,0,0,0,77,37,,5,1,5,4,,3,0,3,0,0,58,193,414,FINAL (ENTRADA MANUAL)
47,14,1,158,109,,11,6,,1,0,0,107,84,,9,4,7,1,,5,0,2,0,0,68,287,499,FINAL (ENTRADA MANUAL)
47,14,2,149,97,,5,4,,0,0,0,107,76,,5,3,3,3,,1,0,2,0,0,57,257,499,FINAL (ENTRADA MANUAL)
47,14,3,151,87,,12,8,,0,1,0,123,60,,9,5,3,2,,0,0,0,0,0,57,259,500,FINAL (ENTRADA MANUAL)
47,72,1,50,28,,1,1,,0,0,0,42,20,,0,0,0,3,,2,0,0,0,0,13,80,0,FINAL (ENTRADA MANUAL)
47,72,2,0,0,,0,0,,0,0,0,0,0,,0,0,0,0,,0,0,0,0,0,0,0,0,FINAL (ENTRADA MANUAL)
47,72,3,293,93,,9,8,,0,0,1,247,70,,8,6,6,1,,0,1,0,0,0,0,404,0,FINAL (ENTRADA MANUAL)
47,72,4,0,2,,0,0,,0,0,0,0,2,,0,0,0,0,,0,0,0,0,0,0,2,0,FINAL (ENTRADA MANUAL)
47,72,5,3,0,,0,0,,0,0,0,3,0,,0,0,0,0,,0,0,0,0,0,0,3,0,FINAL (ENTRADA MANUAL)
47,72,6,3,1,,0,0,,0,0,0,2,1,,0,0,0,0,,0,0,0,0,0,1,4,0,FINAL (ENTRADA MANUAL)
47,72,7,8,0,,0,1,,0,0,0,7,0,,0,0,1,0,,0,0,0,0,0,1,9,0,FINAL (ENTRADA MANUAL)
47,73,1,327,303,,0,7,,0,1,0,259,248,,0,4,5,4,,0,0,0,1,0,118,520,0,FINAL (ENTRADA MANUAL)
47,73,2,0,0,,0,0,,0,0,0,0,0,,0,0,0,0,,0,0,0,0,0,0,0,0,FINAL (ENTRADA MANUAL)
47,73,3,0,0,,0,0,,0,0,0,0,0,,0,0,0,0,,0,0,0,0,0,0,0,0,FINAL (ENTRADA MANUAL)
47,73,4,0,0,,0,0,,0,0,0,0,0,,0,0,0,0,,0,0,0,0,0,0,0,0,FINAL (ENTRADA MANUAL)
47,73,5,209,234,,1,1,,0,0,0,180,213,,1,0,1,2,,1,0,7,2,0,47,454,0,FINAL (ENTRADA MANUAL)
47,74,1,0,0,,0,0,,0,0,0,0,0,,0,0,0,0,,0,0,0,0,0,0,0,0,FINAL (ENTRADA MANUAL)
47,74,2,0,0,,0,0,,0,0,0,0,0,,0,0,0,0,,0,0,0,0,0,0,0,0,FINAL (ENTRADA MANUAL)
47,75,1,0,0,,0,0,,0,0,0,0,0,,0,0,0,0,,0,0,0,0,0,0,0,0,FINAL (ENTRADA MANUAL)
47,76,1,17,0,,0,0,,0,0,3,11,0,,0,0,0,0,,0,0,1,0,0,9,21,0,FINAL (ENTRADA MANUAL)
47,76,2,0,0,,0,0,,0,0,0,0,0,,0,0,0,0,,0,0,0,0,0,0,0,0,FINAL (ENTRADA MANUAL)
47,76,3,3,1,,0,0,,0,0,1,2,1,,0,0,0,0,,0,0,0,0,0,2,5,0,FINAL (ENTRADA MANUAL)
47,76,5,0,0,,0,0,,0,0,0,0,0,,0,0,0,0,,0,0,0,0,0,0,0,0,FINAL (ENTRADA MANUAL)
47,77,1,8,11,,6,1,,0,0,0,6,11,,4,1,0,0,,1,0,0,0,0,3,26,0,FINAL (ENTRADA MANUAL)
47,77,2,6,1,,0,0,,0,0,0,6,1,,0,0,0,0,,0,0,0,0,0,0,7,0,FINAL (ENTRADA MANUAL)
47,77,3,0,0,,0,0,,0,0,0,0,0,,0,0,0,0,,0,0,0,0,0,0,0,0,FINAL (ENTRADA MANUAL)
47,77,4,1,1,,0,0,,0,0,0,0,1,,0,0,0,0,,0,0,0,0,0,1,2,0,FINAL (ENTRADA MANUAL)
47,78,1,26,12,,1,0,,0,0,0,19,6,,1,0,0,0,,0,0,0,0,0,13,39,0,FINAL (ENTRADA MANUAL)
47,78,2,0,0,,0,0,,0,0,0,0,0,,0,0,0,0,,0,0,0,0,0,0,0,0,FINAL (ENTRADA MANUAL)
47,78,3,0,0,,0,0,,0,0,0,0,0,,0,0,0,0,,0,0,0,0,0,0,0,0,FINAL (ENTRADA MANUAL)
47,78,4,0,0,,0,0,,0,0,0,0,0,,0,0,0,0,,0,0,0,0,0,0,0,0,FINAL (ENTRADA MANUAL)
48,1,1,56,155,,9,,44,3,0,0,43,105,,8,,2,7,,7,,1,0,0,95,268,564,FINAL (ENTRADA MANUAL)
48,1,2,61,163,,8,,32,0,2,1,51,100,,5,,2,6,,1,,1,0,0,102,268,563,FINAL (ENTRADA MANUAL)
48,2,1,67,121,,5,,35,1,0,1,46,76,,4,,6,3,,0,,2,0,0,95,232,500,FINAL (ENTRADA MANUAL)
48,2,2,70,105,,4,,27,0,0,1,55,80,,4,,3,1,,1,,2,0,0,63,209,500,FINAL (ENTRADA MANUAL)
48,3,1,57,165,,7,,52,0,0,0,41,131,,6,,5,2,,5,,0,0,0,91,281,568,FINAL (ENTRADA MANUAL)
48,3,2,67,133,,4,,41,0,0,0,49,95,,3,,3,3,,3,,4,0,0,89,249,569,FINAL (ENTRADA MANUAL)
48,4,1,37,108,,8,,30,0,1,0,33,91,,5,,1,5,,2,,1,0,0,47,185,321,FINAL (ENTRADA MANUAL)
48,5,1,55,72,,3,,16,0,0,0,38,56,,2,,3,1,,3,,1,0,0,43,147,309,FINAL (ENTRADA MANUAL)
48,6,1,68,179,,4,,31,0,0,1,65,139,,3,,7,3,,0,,0,0,0,66,283,566,FINAL (ENTRADA MANUAL)
48,6,2,62,135,,4,,35,0,0,3,51,88,,3,,2,3,,2,,0,0,0,90,239,565,FINAL (ENTRADA MANUAL)
48,7,1,38,117,,5,,15,0,0,1,28,82,,4,,2,4,,4,,0,0,0,52,176,370,FINAL (ENTRADA MANUAL)
48,7,2,43,118,,2,,18,1,0,0,41,93,,1,,2,2,,0,,0,0,0,43,182,370,FINAL (ENTRADA MANUAL)
48,8,1,34,105,,4,,21,0,0,4,26,82,,4,,3,4,,0,,0,0,0,49,168,348,FINAL (ENTRADA MANUAL)
48,8,2,45,86,,1,,12,0,0,0,39,60,,1,,5,1,,1,,0,0,0,37,144,349,FINAL (ENTRADA MANUAL)
48,9,1,52,122,,2,,26,0,0,0,39,87,,2,,2,5,,1,,1,0,0,66,203,465,FINAL (ENTRADA MANUAL)
48,9,2,58,98,,1,,15,1,0,0,49,70,,1,,3,3,,1,,0,0,0,46,173,465,FINAL (ENTRADA MANUAL)
48,9,3,50,113,,6,,16,0,0,0,45,93,,4,,2,4,,4,,0,0,0,33,185,464,FINAL (ENTRADA MANUAL)
48,10,1,62,111,,5,,10,1,0,3,47,83,,3,,1,3,,2,,0,0,0,53,192,306,FINAL (ENTRADA MANUAL)
48,10,2,52,80,,4,,16,1,0,1,44,59,,4,,1,1,,1,,1,0,0,44,155,305,FINAL (ENTRADA MANUAL)
48,11,1,54,71,,3,,10,0,0,0,48,58,,3,,1,3,,0,,1,0,0,25,139,286,FINAL (ENTRADA MANUAL)
48,12,1,73,101,,11,,11,2,0,2,65,80,,8,,4,2,,0,,2,0,0,41,202,410,FINAL (ENTRADA MANUAL)
48,12,2,77,97,,0,,14,2,0,1,65,81,,0,,0,1,,0,,0,0,0,44,191,409,FINAL (ENTRADA MANUAL)
48,13,1,47,96,,4,,22,0,0,0,40,74,,4,,2,1,,2,,0,0,0,46,169,380,FINAL (ENTRADA MANUAL)
48,13,2,49,87,,4,,20,1,0,1,38,63,,2,,1,0,,2,,0,0,0,56,162,380,FINAL (ENTRADA MANUAL)
48,13,3,51,117,,4,,14,1,0,0,43,87,,3,,3,3,,0,,0,0,0,48,187,380,FINAL (ENTRADA MANUAL)
48,13,4,56,104,,1,,19,0,0,1,42,79,,1,,5,1,,0,,2,0,0,53,183,382,FINAL (ENTRADA MANUAL)
48,14,1,18,84,,3,,35,1,0,3,15,76,,2,,3,0,,0,,0,0,0,48,144,367,FINAL (ENTRADA MANUAL)
48,72,1,14,1,,0,,1,0,0,0,11,1,,0,,1,0,,0,,0,0,0,3,16,0,FINAL (ENTRADA MANUAL)
48,72,2,3,1,,0,,0,0,0,0,3,1,,0,,0,0,,0,,1,0,0,0,5,0,FINAL (ENTRADA MANUAL)
48,72,3,378,178,,18,,22,1,0,3,343,122,,16,,26,5,,1,,0,0,4,87,604,0,FINAL (ENTRADA MANUAL)
48,72,4,114,37,,4,,10,2,0,0,104,24,,3,,10,2,,4,,4,2,0,22,175,0,FINAL (ENTRADA MANUAL)
48,72,5,14,2,,0,,1,0,0,0,13,1,,0,,2,0,,0,,0,0,0,1,17,0,FINAL (ENTRADA MANUAL)
48,72,6,1,0,,0,,0,0,0,0,1,0,,0,,0,0,,0,,1,0,0,0,2,0,FINAL (ENTRADA MANUAL)
48,72,7,0,5,,0,,1,0,0,0,0,3,,0,,0,1,,1,,9,0,0,1,6,0,FINAL (ENTRADA MANUAL)
48,72,8,1,0,,0,,1,0,0,0,0,0,,0,,0,0,,2,,0,0,0,0,2,0,FINAL (ENTRADA MANUAL)
48,73,1,42,471,,1,,15,0,0,2,32,399,,0,,1,2,,0,,0,0,0,97,531,0,FINAL (ENTRADA MANUAL)
48,73,2,0,0,,0,,0,0,0,0,0,0,,0,,0,0,,0,,0,0,0,0,0,0,FINAL (ENTRADA MANUAL)
48,73,3,10,123,,0,,0,0,0,0,9,118,,0,,0,1,,4,,5,0,0,5,138,0,FINAL (ENTRADA MANUAL)
48,74,1,0,0,,0,,0,0,0,0,0,0,,0,,0,0,,0,,0,0,0,0,0,0,FINAL (ENTRADA MANUAL)
48,74,2,0,0,,0,,0,0,0,0,0,0,,0,,0,0,,0,,0,0,0,0,0,0,FINAL (ENTRADA MANUAL)
48,75,1,1,1,,0,,0,0,0,0,1,1,,0,,0,0,,0,,0,0,0,0,2,0,FINAL (ENTRADA MANUAL)
48,76,1,1,2,,1,,0,0,0,0,1,1,,1,,0,0,,0,,0,0,0,1,4,0,FINAL (ENTRADA MANUAL)
48,76,2,0,0,,0,,0,0,0,0,0,0,,0,,0,0,,0,,0,0,0,0,0,0,FINAL (ENTRADA MANUAL)
48,76,3,5,1,,0,,0,0,0,0,4,0,,0,,0,0,,0,,0,0,0,2,6,0,FINAL (ENTRADA MANUAL)
48,76,4,0,0,,0,,0,0,0,0,0,0,,0,,0,0,,0,,1,0,0,0,1,0,FINAL (ENTRADA MANUAL)
48,77,1,5,21,,2,,5,2,0,0,3,17,,2,,1,1,,0,,0,0,0,11,31,0,FINAL (ENTRADA MANUAL)
48,77,2,3,9,,2,,5,2,0,0,1,9,,0,,1,2,,0,,0,0,0,7,20,0,FINAL (ENTRADA MANUAL)
48,77,3,0,1,,0,,0,0,0,0,0,1,,0,,0,0,,0,,0,0,0,0,1,0,FINAL (ENTRADA MANUAL)
48,77,4,7,7,,0,,2,0,0,0,6,7,,0,,0,1,,1,,0,0,0,1,16,0,FINAL (ENTRADA MANUAL)
48,78,1,6,12,,3,,0,0,0,0,5,8,,0,,1,0,,0,,0,0,0,7,21,0,FINAL (ENTRADA MANUAL)
48,78,2,0,0,,0,,0,0,0,0,0,0,,0,,0,0,,0,,0,0,0,0,0,0,FINAL (ENTRADA MANUAL)
48,78,3,0,0,,0,,0,0,0,0,0,0,,0,,0,0,,0,,0,0,0,0,0,0,FINAL (ENTRADA MANUAL)
48,78,4,0,0,,0,,0,0,0,0,0,0,,0,,0,0,,0,,0,0,0,0,0,0,FINAL (ENTRADA MANUAL)
49,1,1,65,127,,39,,,1,0,1,40,82,,35,,1,7,,3,,0,0,0,65,233,473,FINAL (ENTRADA MANUAL)
49,1,2,91,127,,28,,,0,0,2,71,93,,24,,4,5,,0,,0,0,0,51,248,473,FINAL (ENTRADA MANUAL)
49,1,3,80,141,,25,,,2,0,0,59,102,,23,,2,6,,0,,4,0,0,56,252,473,FINAL (ENTRADA MANUAL)
49,1,4,77,141,,27,,,1,0,4,58,91,,19,,3,5,,1,,1,0,0,73,251,473,FINAL (ENTRADA MANUAL)
49,1,5,78,129,,20,,,1,0,0,62,106,,17,,2,3,,1,,3,0,0,37,231,473,FINAL (ENTRADA MANUAL)
49,1,6,77,137,,23,,,1,0,0,59,96,,19,,2,2,,3,,1,0,0,57,239,473,FINAL (ENTRADA MANUAL)
49,1,7,59,135,,28,,,0,0,0,44,88,,19,,1,8,,1,,1,0,0,61,223,473,FINAL (ENTRADA MANUAL)
49,1,8,75,141,,25,,,1,0,0,60,112,,24,,4,11,,3,,1,0,0,28,243,475,FINAL (ENTRADA MANUAL)
49,2,1,92,134,,21,,,0,0,1,72,99,,18,,1,3,,1,,2,0,0,54,250,502,FINAL (ENTRADA MANUAL)
49,2,2,106,156,,10,,,2,0,3,82,97,,9,,5,3,,1,,2,0,0,80,279,502,FINAL (ENTRADA MANUAL)
49,2,3,73,157,,19,,,1,0,0,52,103,,12,,1,3,,3,,2,0,0,76,252,502,FINAL (ENTRADA MANUAL)
49,2,4,56,151,,7,,,0,0,2,45,119,,6,,1,6,,1,,1,0,0,38,217,502,FINAL (ENTRADA MANUAL)
49,2,5,82,141,,9,,,0,1,0,62,101,,7,,0,2,,1,,3,1,0,60,237,502,FINAL (ENTRADA MANUAL)
49,2,6,64,155,,13,,,2,0,1,51,105,,10,,1,1,,0,,0,0,0,67,235,502,FINAL (ENTRADA MANUAL)
49,3,1,112,158,,20,,,1,0,1,78,110,,15,,1,0,,2,,1,0,0,86,293,548,FINAL (ENTRADA MANUAL)
49,3,2,102,148,,22,,,2,0,2,80,94,,13,,3,3,,3,,0,0,0,80,276,548,FINAL (ENTRADA MANUAL)
49,3,3,120,140,,11,,,0,0,0,98,106,,8,,1,2,,1,,1,0,0,55,272,548,FINAL (ENTRADA MANUAL)
49,3,4,104,146,,16,,,0,0,1,76,101,,13,,2,3,,1,,0,1,0,71,268,548,FINAL (ENTRADA MANUAL)
49,3,5,106,147,,18,,,1,0,2,86,111,,11,,2,3,,0,,5,0,0,61,279,548,FINAL (ENTRADA MANUAL)
49,3,6,75,166,,14,,,4,1,1,49,118,,13,,1,1,,1,,2,0,0,78,263,546,FINAL (ENTRADA MANUAL)
49,4,1,94,151,,22,,,0,0,0,65,101,,19,,3,5,,1,,2,0,0,73,269,520,FINAL (ENTRADA MANUAL)
49,4,2,100,139,,20,,,0,0,0,75,102,,17,,1,1,,3,,2,0,0,60,261,520,FINAL (ENTRADA MANUAL)
49,4,3,76,166,,17,,,1,0,2,57,113,,16,,1,14,,1,,0,0,0,60,262,520,FINAL (ENTRADA MANUAL)
49,4,4,80,161,,20,,,0,0,0,67,118,,18,,2,2,,4,,1,0,0,50,262,520,FINAL (ENTRADA MANUAL)
49,4,5,90,152,,23,,,0,0,0,65,107,,20,,3,2,,4,,1,0,0,64,266,520,FINAL (ENTRADA MANUAL)
49,4,6,87,163,,27,,,0,1,3,69,113,,22,,3,7,,2,,1,0,0,65,282,523,FINAL (ENTRADA MANUAL)
49,5,1,80,138,,18,,,0,0,0,60,109,,14,,0,5,,2,,2,0,0,46,238,480,FINAL (ENTRADA MANUAL)
49,5,2,65,126,,16,,,0,0,1,41,87,,12,,0,3,,4,,2,0,0,61,210,481,FINAL (ENTRADA MANUAL)
49,72,1,34,27,,0,,,0,0,0,25,19,,0,,0,1,,0,,0,0,1,16,62,0,FINAL (ENTRADA MANUAL)
49,72,2,3,4,,4,,,0,0,3,3,4,,4,,0,0,,0,,3,0,0,11,14,0,FINAL (ENTRADA MANUAL)
49,72,3,98,144,,24,,,1,0,0,82,100,,14,,7,6,,3,,0,0,0,55,267,0,FINAL (ENTRADA MANUAL)
49,72,4,23,24,,7,,,0,0,0,16,18,,6,,3,2,,2,,5,0,0,7,59,0,FINAL (ENTRADA MANUAL)
49,72,5,6,4,,1,,,0,0,0,6,1,,1,,0,0,,0,,0,0,0,3,11,0,FINAL (ENTRADA MANUAL)
49,72,6,0,1,,0,,,0,0,0,0,1,,0,,0,0,,0,,0,0,0,0,1,0,FINAL (ENTRADA MANUAL)
49,72,7,7,5,,0,,,0,0,0,5,2,,0,,0,0,,0,,0,0,2,5,14,0,FINAL (ENTRADA MANUAL)
49,72,8,0,0,,0,,,0,0,0,0,0,,0,,0,0,,0,,0,0,0,0,0,0,FINAL (ENTRADA MANUAL)
49,73,1,235,679,,5,,,0,0,2,183,516,,1,,5,5,,0,,0,1,0,211,922,0,FINAL (ENTRADA MANUAL)
49,73,2,0,0,,0,,,0,0,0,0,0,,0,,0,0,,0,,0,0,0,0,0,0,FINAL (ENTRADA MANUAL)
49,73,3,0,0,,0,,,0,0,0,0,0,,0,,0,0,,0,,0,0,0,0,0,0,FINAL (ENTRADA MANUAL)
49,73,4,0,0,,0,,,0,0,0,0,0,,0,,0,0,,0,,0,0,0,0,0,0,FINAL (ENTRADA MANUAL)
49,73,5,2,8,,0,,,1,0,0,2,6,,0,,0,0,,0,,7,0,0,3,18,0,FINAL (ENTRADA MANUAL)
49,74,1,0,0,,1,,,0,0,0,0,0,,0,,0,0,,0,,0,0,0,1,1,0,FINAL (ENTRADA MANUAL)
49,74,2,0,0,,0,,,0,0,0,0,0,,0,,0,0,,0,,0,0,0,0,0,0,FINAL (ENTRADA MANUAL)
49,75,1,0,0,,0,,,0,0,0,0,0,,0,,0,0,,0,,0,0,0,0,0,0,FINAL (ENTRADA MANUAL)
49,76,1,10,1,,0,,,0,0,0,10,0,,0,,0,0,,0,,0,0,0,1,11,0,FINAL (ENTRADA MANUAL)
49,76,2,0,0,,0,,,0,0,0,0,0,,0,,0,0,,0,,0,0,0,0,0,0,FINAL (ENTRADA MANUAL)
49,76,3,1,1,,0,,,0,0,0,1,0,,0,,0,0,,0,,0,0,0,1,2,0,FINAL (ENTRADA MANUAL)
49,76,5,2,0,,0,,,0,0,0,2,0,,0,,0,0,,0,,0,0,0,0,2,0,FINAL (ENTRADA MANUAL)
49,76,6,0,0,,0,,,0,0,0,0,0,,0,,0,0,,0,,1,0,0,0,1,0,FINAL (ENTRADA MANUAL)
49,77,1,1,3,,1,,,0,0,0,1,2,,0,,0,0,,0,,0,0,0,2,5,0,FINAL (ENTRADA MANUAL)
49,77,2,6,8,,5,,,0,0,0,4,2,,5,,0,0,,1,,0,0,0,7,19,0,FINAL (ENTRADA MANUAL)
49,77,3,0,2,,1,,,0,0,0,0,1,,1,,0,0,,0,,0,0,0,1,3,0,FINAL (ENTRADA MANUAL)
49,78,1,3,12,,1,,,0,0,0,2,11,,1,,0,0,,0,,0,0,0,2,16,0,FINAL (ENTRADA MANUAL)
49,78,2,0,0,,0,,,0,0,0,0,0,,0,,0,0,,0,,0,0,0,0,0,0,FINAL (ENTRADA MANUAL)
49,78,3,0,0,,0,,,0,0,0,0,0,,0,,0,0,,0,,0,0,0,0,0,0,FINAL (ENTRADA MANUAL)
49,78,4,0,1,,1,,,0,0,0,0,0,,1,,0,0,,0,,0,0,0,1,2,0,FINAL (ENTRADA MANUAL)
50,1,1,72,133,,0,7,0,0,0,0,58,104,,0,3,1,3,,0,1,1,0,0,42,213,390,FINAL (ENTRADA MANUAL)
50,1,2,104,111,,1,5,0,0,0,0,93,84,,0,4,2,0,,0,1,0,1,0,37,222,390,FINAL (ENTRADA MANUAL)
50,1,3,85,119,,0,7,0,0,1,0,84,99,,0,5,1,1,,0,0,0,0,0,22,212,389,FINAL (ENTRADA MANUAL)
50,2,1,44,234,,4,6,0,0,0,0,35,213,,4,3,1,2,,1,1,1,0,1,28,290,532,FINAL (ENTRADA MANUAL)
50,2,2,50,225,,2,4,1,0,0,1,42,187,,2,1,2,1,,0,0,0,0,0,48,283,532,FINAL (ENTRADA MANUAL)
50,2,3,61,199,,3,4,0,0,2,0,52,182,,0,3,1,2,,1,0,1,0,0,28,270,533,FINAL (ENTRADA MANUAL)
50,3,1,159,132,,0,0,0,0,0,0,159,106,,0,0,0,1,,1,0,1,0,0,24,292,513,FINAL (ENTRADA MANUAL)
50,4,1,47,80,,0,2,0,0,0,0,44,59,,0,1,0,1,,2,0,0,0,0,22,129,224,FINAL (ENTRADA MANUAL)
50,5,1,45,201,,2,1,0,0,0,0,41,181,,2,1,2,1,,0,0,1,0,0,21,250,390,FINAL (ENTRADA MANUAL)
50,6,1,96,68,,0,3,1,0,0,0,89,59,,0,3,0,0,,0,0,0,0,0,17,168,302,FINAL (ENTRADA MANUAL)
50,6,2,94,81,,1,3,2,0,0,0,87,63,,1,2,1,0,,0,1,1,0,0,26,182,301,FINAL (ENTRADA MANUAL)
50,72,1,0,0,,0,0,0,0,0,0,0,0,,0,0,0,0,,0,0,0,0,0,0,0,0,FINAL (ENTRADA MANUAL)
50,72,2,0,0,,0,0,0,0,0,0,0,0,,0,0,0,0,,0,0,0,0,0,0,0,0,FINAL (ENTRADA MANUAL)
50,72,3,417,86,,0,5,0,1,0,0,404,69,,0,3,4,4,,0,1,0,0,0,24,509,0,FINAL (ENTRADA MANUAL)
50,72,4,28,5,,0,0,0,0,0,0,28,4,,0,0,0,0,,0,0,0,0,0,1,33,0,FINAL (ENTRADA MANUAL)
50,72,5,7,4,,0,0,0,0,0,0,7,4,,0,0,0,0,,0,0,0,0,0,0,11,0,FINAL (ENTRADA MANUAL)
50,72,6,1,0,,0,0,0,0,0,0,1,0,,0,0,0,0,,0,0,0,0,0,0,1,0,FINAL (ENTRADA MANUAL)
50,72,7,1,0,,0,0,0,0,0,0,1,0,,0,0,0,0,,0,0,0,0,0,0,1,0,FINAL (ENTRADA MANUAL)
50,73,1,54,288,,0,3,0,0,1,0,49,236,,0,1,0,0,,0,0,6,0,0,30,352,0,FINAL (ENTRADA MANUAL)
50,73,2,0,0,,0,0,0,0,0,0,0,0,,0,0,0,0,,0,0,0,0,0,0,0,0,FINAL (ENTRADA MANUAL)
50,73,3,7,26,,0,0,0,0,0,0,7,26,,0,0,0,0,,0,0,0,0,0,0,33,0,FINAL (ENTRADA MANUAL)
50,74,1,0,0,,0,0,0,0,0,0,0,0,,0,0,0,0,,0,0,0,0,0,0,0,0,FINAL (ENTRADA MANUAL)
50,74,2,0,0,,0,0,0,0,0,0,0,0,,0,0,0,0,,0,0,0,0,0,0,0,0,FINAL (ENTRADA MANUAL)
50,75,1,2,6,,0,1,0,0,0,0,2,6,,0,1,0,0,,0,0,0,0,0,0,9,0,FINAL (ENTRADA MANUAL)
50,75,2,0,0,,0,0,0,0,0,0,0,0,,0,0,0,0,,0,0,0,0,0,0,0,0,FINAL (ENTRADA MANUAL)
50,75,3,0,0,,0,0,0,0,0,0,0,0,,0,0,0,0,,0,0,0,0,0,0,0,0,FINAL (ENTRADA MANUAL)
50,76,1,7,0,,1,0,0,1,0,0,7,0,,1,0,0,0,,0,0,1,0,0,1,10,0,FINAL (ENTRADA MANUAL)
50,76,2,0,0,,0,0,0,0,0,0,0,0,,0,0,0,0,,0,0,0,0,0,0,0,0,FINAL (ENTRADA MANUAL)
50,76,3,1,0,,0,0,0,0,0,0,1,0,,0,0,0,0,,0,0,0,0,0,0,1,0,FINAL (ENTRADA MANUAL)
50,76,4,0,0,,0,0,0,0,0,0,0,0,,0,0,0,0,,0,0,1,0,0,0,1,0,FINAL (ENTRADA MANUAL)
50,76,5,1,0,,0,0,0,0,0,0,0,0,,0,0,0,0,,0,0,0,0,0,1,1,0,FINAL (ENTRADA MANUAL)
50,76,6,0,0,,0,0,0,0,0,0,0,0,,0,0,0,0,,0,0,0,0,0,0,0,0,FINAL (ENTRADA MANUAL)
50,77,1,6,3,,1,0,0,0,0,0,6,3,,1,0,0,0,,0,0,0,0,0,0,10,0,FINAL (ENTRADA MANUAL)
50,77,2,4,6,,2,0,0,0,0,0,4,6,,0,2,0,0,,0,0,0,0,0,0,12,0,FINAL (ENTRADA MANUAL)
50,77,3,5,4,,1,0,0,0,0,0,5,4,,1,0,0,0,,0,0,0,0,0,0,10,0,FINAL (ENTRADA MANUAL)
50,78,1,2,6,,0,1,0,0,0,0,2,6,,0,1,0,0,,0,0,0,0,0,0,9,0,FINAL (ENTRADA MANUAL)
50,78,2,0,0,,0,0,0,0,0,0,0,0,,0,0,0,0,,0,0,0,0,0,0,0,0,FINAL (ENTRADA MANUAL)
50,78,3,0,0,,0,0,0,0,0,0,0,0,,0,0,0,0,,0,0,0,0,0,0,0,0,FINAL (ENTRADA MANUAL)
50,78,4,0,0,,0,0,0,0,0,0,0,0,,0,0,0,0,,0,0,0,0,0,0,0,0,FINAL (ENTRADA MANUAL)
51,1,1,145,58,4,2,,,0,0,1,94,42,2,2,,5,1,3,2,,0,0,0,59,210,406,FINAL (ENTRADA MANUAL)
51,1,2,146,50,2,8,,,1,0,1,91,34,1,5,,1,2,1,0,,2,0,0,73,210,405,FINAL (ENTRADA MANUAL)
51,2,1,36,21,0,1,,,0,0,0,33,18,0,1,,0,2,0,0,,0,0,0,4,58,115,FINAL (ENTRADA MANUAL)
51,3,1,79,47,23,2,,,0,0,1,66,34,9,2,,3,2,0,0,,6,1,0,36,159,483,FINAL (ENTRADA MANUAL)
51,4,1,83,68,8,2,,,0,0,1,60,45,1,2,,2,1,3,2,,7,0,0,46,169,362,FINAL (ENTRADA MANUAL)
51,4,2,77,70,8,5,,,0,0,1,54,53,4,3,,2,3,0,0,,2,0,0,42,163,361,FINAL (ENTRADA MANUAL)
51,5,1,169,44,7,15,,,0,1,0,124,33,5,13,,1,1,2,5,,3,0,0,52,239,450,FINAL (ENTRADA MANUAL)
51,5,2,134,38,5,17,,,1,0,0,96,24,3,15,,0,2,0,2,,1,0,0,53,196,450,FINAL (ENTRADA MANUAL)
51,5,3,150,47,8,5,,,2,0,1,81,29,1,5,,3,5,2,2,,3,0,0,85,216,450,FINAL (ENTRADA MANUAL)
51,5,4,154,50,10,7,,,1,0,0,93,29,5,7,,2,4,0,1,,0,0,0,81,222,450,FINAL (ENTRADA MANUAL)
51,5,5,140,48,5,10,,,2,0,0,106,36,2,8,,2,1,2,2,,4,0,0,46,209,450,FINAL (ENTRADA MANUAL)
51,6,1,84,45,10,7,,,0,0,0,69,36,3,6,,1,0,2,1,,0,0,0,28,146,284,FINAL (ENTRADA MANUAL)
51,7,1,119,53,15,8,,,1,1,1,92,38,10,6,,1,1,0,1,,4,0,0,49,202,404,FINAL (ENTRADA MANUAL)
51,7,2,149,45,16,1,,,0,0,0,114,33,4,1,,3,3,2,2,,0,0,0,49,211,403,FINAL (ENTRADA MANUAL)
51,8,1,90,31,7,5,,,1,0,0,52,24,4,4,,2,0,2,2,,4,0,0,44,138,349,FINAL (ENTRADA MANUAL)
51,8,2,89,27,3,8,,,0,0,1,58,17,2,6,,0,0,1,1,,3,0,0,43,131,349,FINAL (ENTRADA MANUAL)
51,8,3,125,28,5,4,,,0,0,0,91,20,4,3,,2,0,0,3,,1,0,0,39,163,349,FINAL (ENTRADA MANUAL)
51,9,1,139,40,7,11,,,2,1,1,99,37,2,9,,2,2,1,0,,0,0,0,49,201,452,FINAL (ENTRADA MANUAL)
51,72,1,2,0,0,0,,,0,0,0,1,0,0,0,,0,0,0,0,,0,0,0,1,2,0,FINAL (ENTRADA MANUAL)
51,72,2,4,1,2,3,,,0,0,0,3,0,0,3,,0,0,2,0,,1,0,0,2,11,0,FINAL (ENTRADA MANUAL)
51,72,3,384,70,38,7,,,10,1,0,326,50,16,5,,8,4,0,2,,0,1,0,99,511,0,FINAL (ENTRADA MANUAL)
51,72,4,56,10,4,1,,,0,0,0,48,6,3,0,,0,0,1,0,,0,2,0,13,73,0,FINAL (ENTRADA MANUAL)
51,72,5,8,2,0,0,,,0,0,0,6,2,0,0,,0,0,0,0,,0,0,0,2,10,0,FINAL (ENTRADA MANUAL)
51,72,6,0,0,0,0,,,0,0,0,0,0,0,0,,0,0,0,0,,0,0,0,0,0,0,FINAL (ENTRADA MANUAL)
51,72,7,20,0,0,0,,,1,0,0,19,0,0,0,,0,0,0,0,,0,0,0,2,21,0,FINAL (ENTRADA MANUAL)
51,73,1,28,68,2,2,,,0,0,0,24,60,2,2,,0,2,0,0,,0,0,0,10,100,0,FINAL (ENTRADA MANUAL)
51,73,2,4,9,1,1,,,0,0,14,4,8,1,1,,0,0,0,0,,0,0,0,1,15,0,FINAL (ENTRADA MANUAL)
51,74,1,0,0,0,0,,,0,0,0,0,0,0,0,,0,0,0,0,,0,0,0,0,0,0,FINAL (ENTRADA MANUAL)
51,74,2,0,0,0,0,,,0,0,0,0,0,0,0,,0,0,0,0,,0,0,0,0,0,0,FINAL (ENTRADA MANUAL)
51,75,1,0,0,0,0,,,0,0,0,0,0,0,0,,0,0,0,0,,0,0,0,0,0,0,FINAL (ENTRADA MANUAL)
51,75,2,9,2,0,0,,,0,0,0,7,2,0,0,,0,1,0,0,,1,0,0,1,12,0,FINAL (ENTRADA MANUAL)
51,76,1,6,1,1,0,,,0,0,0,4,0,0,0,,0,0,0,0,,0,0,0,4,8,0,FINAL (ENTRADA MANUAL)
51,76,2,0,0,0,0,,,0,0,0,0,0,0,0,,0,0,0,0,,0,0,0,0,0,0,FINAL (ENTRADA MANUAL)
51,76,3,1,0,1,0,,,0,0,0,1,0,0,0,,0,0,0,0,,0,0,0,1,2,0,FINAL (ENTRADA MANUAL)
51,76,5,1,0,0,0,,,0,0,0,1,0,0,0,,0,0,0,0,,0,0,0,0,1,0,FINAL (ENTRADA MANUAL)
51,77,1,0,0,0,0,,,0,0,0,0,0,0,0,,0,0,0,0,,0,0,0,0,0,0,FINAL (ENTRADA MANUAL)
51,77,2,0,0,0,0,,,0,0,0,0,0,0,0,,0,0,0,0,,0,0,0,0,0,0,FINAL (ENTRADA MANUAL)
51,77,3,4,0,0,0,,,0,0,0,2,0,0,0,,0,0,0,0,,0,0,0,2,4,0,FINAL (ENTRADA MANUAL)
51,78,1,3,1,0,0,,,0,0,0,2,1,0,0,,0,0,0,0,,0,0,0,1,4,0,FINAL (ENTRADA MANUAL)
51,78,2,0,0,0,0,,,0,0,0,0,0,0,0,,0,0,0,0,,0,0,0,0,0,0,FINAL (ENTRADA MANUAL)
51,78,3,0,0,0,0,,,0,0,0,0,0,0,0,,0,0,0,0,,0,0,0,0,0,0,FINAL (ENTRADA MANUAL)
51,78,4,0,0,0,0,,,0,0,0,0,0,0,0,,0,0,0,0,,0,0,0,0,0,0,FINAL (ENTRADA MANUAL)
52,1,1,69,5,11,0,,,0,0,0,54,5,2,0,,1,0,6,0,,0,0,0,17,85,159,FINAL (ENTRADA MANUAL)
52,2,1,82,27,5,0,,,2,0,2,67,24,1,0,,1,3,0,0,,1,0,0,22,119,260,FINAL (ENTRADA MANUAL)
52,2,2,87,14,4,1,,,1,0,0,65,9,1,0,,3,0,3,1,,4,0,0,25,111,259,FINAL (ENTRADA MANUAL)
52,3,1,180,53,14,24,,,1,0,1,110,42,4,17,,3,12,3,5,,2,0,0,77,275,470,FINAL (ENTRADA MANUAL)
52,3,2,155,61,9,22,,,1,0,2,100,46,6,16,,3,3,1,5,,2,0,0,70,252,470,FINAL (ENTRADA MANUAL)
52,3,3,156,48,15,14,,,0,0,1,103,30,6,12,,3,0,4,2,,1,0,0,74,235,471,FINAL (ENTRADA MANUAL)
52,4,1,98,61,6,3,,,1,0,3,66,45,4,3,,2,2,1,0,,1,0,0,49,173,308,FINAL (ENTRADA MANUAL)
52,4,2,72,75,3,6,,,1,0,0,54,61,2,3,,3,1,0,0,,0,0,0,33,157,307,FINAL (ENTRADA MANUAL)
52,5,1,166,52,17,7,,,2,0,0,125,34,8,6,,3,1,0,2,,0,0,0,65,244,511,FINAL (ENTRADA MANUAL)
52,6,1,124,23,8,4,,,2,0,1,78,16,5,3,,1,2,1,1,,1,0,0,55,163,332,FINAL (ENTRADA MANUAL)
52,6,2,111,32,9,3,,,0,0,0,84,23,5,2,,2,1,0,1,,1,0,0,37,156,331,FINAL (ENTRADA MANUAL)
52,7,1,146,49,9,14,,,2,0,0,104,36,5,14,,1,4,1,3,,8,0,0,52,228,478,FINAL (ENTRADA MANUAL)
52,7,2,154,41,10,16,,,0,0,2,110,35,7,10,,6,2,2,0,,6,0,0,51,229,478,FINAL (ENTRADA MANUAL)
52,7,3,150,56,5,20,,,1,0,2,98,44,2,13,,1,1,1,1,,6,0,1,73,241,478,FINAL (ENTRADA MANUAL)
52,7,4,167,53,17,18,,,1,0,0,112,43,8,11,,5,3,0,4,,2,0,0,70,258,476,FINAL (ENTRADA MANUAL)
52,8,1,107,38,9,6,,,1,0,0,82,30,3,5,,2,1,3,3,,1,0,0,32,162,316,FINAL (ENTRADA MANUAL)
52,8,2,117,41,4,6,,,0,0,0,81,31,0,5,,2,1,2,0,,2,0,0,46,170,317,FINAL (ENTRADA MANUAL)
52,9,1,136,40,11,21,,,2,0,2,94,29,10,15,,0,1,3,2,,1,0,0,58,213,407,FINAL (ENTRADA MANUAL)
52,9,2,162,38,11,12,,,0,0,0,114,29,4,11,,2,6,1,5,,1,0,0,51,224,407,FINAL (ENTRADA MANUAL)
52,9,3,118,29,10,9,,,3,0,2,78,18,6,8,,2,3,1,3,,2,0,0,52,173,407,FINAL (ENTRADA MANUAL)
52,9,4,144,42,9,9,,,2,0,0,98,31,3,7,,4,2,1,7,,0,0,0,53,206,408,FINAL (ENTRADA MANUAL)
52,10,1,117,50,4,10,,,1,0,3,78,36,4,8,,4,1,0,2,,2,0,0,52,187,387,FINAL (ENTRADA MANUAL)
52,10,2,125,39,5,16,,,2,1,1,82,32,3,10,,4,1,0,3,,1,0,0,54,190,387,FINAL (ENTRADA MANUAL)
52,11,1,92,28,3,8,,,0,0,1,71,21,3,5,,1,0,0,0,,2,0,0,31,134,358,FINAL (ENTRADA MANUAL)
52,11,2,111,27,6,6,,,0,0,0,95,20,4,5,,1,0,1,1,,0,0,0,23,150,358,FINAL (ENTRADA MANUAL)
52,11,3,109,35,6,6,,,0,0,0,77,22,3,6,,4,0,0,0,,2,0,0,44,158,358,FINAL (ENTRADA MANUAL)
52,11,4,87,46,8,7,,,1,1,0,67,38,2,6,,1,2,0,2,,3,0,0,32,153,360,FINAL (ENTRADA MANUAL)
52,12,1,164,74,20,9,,,2,0,2,98,50,8,7,,3,3,2,3,,3,0,0,97,274,547,FINAL (ENTRADA MANUAL)
52,12,2,169,53,23,25,,,1,0,0,115,40,7,22,,3,5,6,1,,4,0,0,72,275,547,FINAL (ENTRADA MANUAL)
52,12,3,190,54,16,13,,,4,0,1,128,43,9,12,,1,2,3,1,,1,0,0,79,279,547,FINAL (ENTRADA MANUAL)
52,12,4,188,59,15,6,,,1,0,0,109,40,4,5,,2,3,3,3,,6,2,0,100,277,547,FINAL (ENTRADA MANUAL)
52,12,5,187,48,13,17,,,1,0,0,112,41,10,14,,3,2,2,1,,4,0,0,81,270,547,FINAL (ENTRADA MANUAL)
52,12,6,166,67,16,10,,,1,0,1,112,42,10,4,,6,5,1,2,,3,0,0,79,264,545,FINAL (ENTRADA MANUAL)
52,13,1,180,54,11,3,,,0,0,0,129,35,4,2,,1,3,3,2,,1,0,0,69,249,537,FINAL (ENTRADA MANUAL)
52,13,2,181,48,9,5,,,1,0,0,135,40,5,5,,3,3,0,0,,0,1,0,53,245,537,FINAL (ENTRADA MANUAL)
52,14,1,71,25,9,3,,,0,0,0,42,15,2,1,,0,3,5,0,,1,0,0,40,109,198,FINAL (ENTRADA MANUAL)
52,15,1,168,43,4,11,,,2,0,0,127,33,2,10,,0,1,1,3,,0,0,0,51,228,422,FINAL (ENTRADA MANUAL)
52,15,2,175,31,6,8,,,4,0,1,121,23,4,6,,2,0,2,6,,1,0,0,61,226,422,FINAL (ENTRADA MANUAL)
52,15,3,149,30,11,3,,,0,0,1,106,21,8,3,,1,7,3,3,,1,0,0,42,195,422,FINAL (ENTRADA MANUAL)
52,15,4,152,33,17,9,,,5,0,0,106,17,8,6,,1,2,3,3,,3,0,0,70,219,422,FINAL (ENTRADA MANUAL)
52,15,5,141,35,17,4,,,0,0,2,92,21,8,3,,0,2,1,2,,1,0,0,70,200,420,FINAL (ENTRADA MANUAL)
52,72,1,308,69,3,9,,,6,0,2,251,54,1,7,,3,3,1,1,,0,0,0,76,397,0,FINAL (ENTRADA MANUAL)
52,72,2,0,0,0,0,,,0,0,0,0,0,0,0,,0,0,0,0,,0,0,0,0,0,0,FINAL (ENTRADA MANUAL)
52,72,3,718,111,10,17,,,10,0,3,609,84,5,15,,18,7,1,0,,0,0,0,130,1801,0,FINAL (ENTRADA MANUAL)
52,72,4,177,38,11,7,,,0,0,0,134,27,7,6,,8,3,1,0,,6,0,6,53,251,0,FINAL (ENTRADA MANUAL)
52,72,5,23,2,0,0,,,0,0,0,17,1,0,0,,0,0,0,0,,0,0,0,7,32,0,FINAL (ENTRADA MANUAL)
52,72,6,8,2,0,0,,,0,0,0,4,2,0,0,,0,0,0,0,,1,1,0,4,12,0,FINAL (ENTRADA MANUAL)
52,72,7,9,0,0,0,,,0,0,0,8,0,0,0,,1,0,0,0,,0,0,0,0,9,0,FINAL (ENTRADA MANUAL)
52,72,8,4,0,0,0,,,0,0,0,4,0,0,0,,0,0,0,0,,1,0,0,0,5,0,FINAL (ENTRADA MANUAL)
52,72,9,5,0,0,0,,,0,0,0,5,0,0,0,,0,0,0,0,,0,0,0,0,5,0,FINAL (ENTRADA MANUAL)
52,72,10,0,1,0,0,,,0,0,0,0,1,0,0,,0,0,0,0,,0,0,0,0,1,0,FINAL (ENTRADA MANUAL)
52,73,1,89,138,2,15,,,0,0,0,67,115,0,12,,1,4,2,1,,7,0,0,42,251,0,FINAL (ENTRADA MANUAL)
52,73,2,1,5,0,1,,,0,0,0,1,4,0,1,,0,0,0,0,,2,0,0,1,9,0,FINAL (ENTRADA MANUAL)
52,74,1,0,0,0,0,,,0,0,0,0,0,0,0,,0,0,0,0,,0,0,0,0,0,0,FINAL (ENTRADA MANUAL)
52,74,2,0,0,0,0,,,0,0,0,0,0,0,0,,0,0,0,0,,0,0,0,0,0,0,FINAL (ENTRADA MANUAL)
52,75,1,2,0,0,0,,,0,0,0,1,0,0,0,,0,0,0,0,,0,0,0,1,2,0,FINAL (ENTRADA MANUAL)
52,76,1,10,2,0,1,,,0,0,1,9,2,0,1,,0,0,0,0,,1,0,0,2,15,0,FINAL (ENTRADA MANUAL)
52,76,2,0,0,0,0,,,0,0,0,0,0,0,0,,0,0,0,0,,0,0,0,0,0,0,FINAL (ENTRADA MANUAL)
52,76,3,5,1,0,0,,,0,0,1,4,1,0,0,,0,0,0,0,,0,0,0,2,7,0,FINAL (ENTRADA MANUAL)
52,76,4,0,0,0,0,,,0,0,0,0,0,0,0,,0,0,0,0,,2,0,0,0,2,0,FINAL (ENTRADA MANUAL)
52,76,5,1,0,0,0,,,0,0,0,1,0,0,0,,0,0,0,0,,0,0,0,0,1,0,FINAL (ENTRADA MANUAL)
52,77,1,9,2,1,4,,,0,0,0,8,2,1,3,,0,0,0,1,,0,0,0,1,16,0,FINAL (ENTRADA MANUAL)
52,77,2,16,4,6,1,,,2,0,1,6,2,4,1,,1,2,1,0,,2,0,0,13,32,0,FINAL (ENTRADA MANUAL)
52,77,3,4,2,1,1,,,0,0,1,1,1,1,1,,0,0,0,0,,0,0,0,5,9,0,FINAL (ENTRADA MANUAL)
52,77,4,7,3,4,1,,,0,0,0,4,2,3,1,,0,1,1,1,,0,0,0,2,15,0,FINAL (ENTRADA MANUAL)
52,78,1,52,21,2,0,,,0,1,0,28,13,0,0,,2,2,1,0,,1,0,0,29,76,0,FINAL (ENTRADA MANUAL)
52,78,2,0,0,0,0,,,0,0,0,0,0,0,0,,0,0,0,0,,0,0,0,0,0,0,FINAL (ENTRADA MANUAL)
52,78,3,0,0,0,0,,,0,0,0,0,0,0,0,,0,0,0,0,,0,0,0,0,0,0,FINAL (ENTRADA MANUAL)
52,78,4,0,0,0,0,,,0,0,0,0,0,0,0,,0,0,0,0,,0,0,0,0,0,0,FINAL (ENTRADA MANUAL)
53,1,1,82,207,,4,,,0,0,0,67,145,0,4,0,4,9,0,0,2,3,0,0,62,296,565,FINAL (ENTRADA MANUAL)
53,1,2,83,187,,7,,,1,0,3,63,129,1,5,1,4,6,0,5,0,0,0,0,67,281,565,FINAL (ENTRADA MANUAL)
53,1,3,65,214,,11,,,0,0,1,56,148,0,8,1,4,8,1,3,1,0,0,0,61,291,565,FINAL (ENTRADA MANUAL)
53,1,4,70,195,,12,,,0,0,0,59,132,0,7,0,3,7,0,5,1,3,0,0,63,280,565,FINAL (ENTRADA MANUAL)
53,2,1,87,196,,14,,,0,0,2,78,143,0,11,2,7,11,0,1,0,1,0,1,46,301,548,FINAL (ENTRADA MANUAL)
53,2,2,66,199,,5,,,0,0,4,58,134,0,3,2,7,5,0,3,0,0,0,0,62,274,548,FINAL (ENTRADA MANUAL)
53,2,3,80,200,,7,,,0,0,0,68,126,0,7,0,3,5,0,3,0,0,0,0,75,287,548,FINAL (ENTRADA MANUAL)
53,3,1,110,167,,9,,,0,0,2,100,126,0,6,1,2,7,0,5,1,2,0,0,40,290,537,FINAL (ENTRADA MANUAL)
53,3,2,90,187,,6,,,0,0,4,72,131,0,2,2,4,3,0,1,2,0,0,0,70,287,537,FINAL (ENTRADA MANUAL)
53,3,3,97,160,,5,,,0,1,3,84,103,0,4,3,4,2,0,3,0,1,0,0,63,267,538,FINAL (ENTRADA MANUAL)
53,4,1,73,233,,8,,,0,0,1,54,172,0,6,1,3,5,0,2,1,0,0,0,71,315,563,FINAL (ENTRADA MANUAL)
53,4,2,47,255,,4,,,0,0,4,36,179,0,2,2,5,5,0,4,2,0,0,0,75,310,563,FINAL (ENTRADA MANUAL)
53,4,3,66,218,,4,,,1,0,2,58,144,0,4,1,8,6,0,0,0,0,0,0,70,291,563,FINAL (ENTRADA MANUAL)
53,4,4,59,211,,3,,,0,1,0,50,160,0,2,0,3,0,0,2,0,0,0,0,57,274,563,FINAL (ENTRADA MANUAL)
53,4,5,50,219,,8,,,0,0,3,41,180,0,5,2,2,3,0,3,1,0,0,0,43,280,563,FINAL (ENTRADA MANUAL)
53,5,1,89,151,,3,,,0,1,2,73,99,0,2,1,4,7,1,2,3,0,0,0,54,246,430,FINAL (ENTRADA MANUAL)
53,5,2,73,156,,1,,,0,1,0,50,101,0,1,0,4,4,1,1,3,2,0,0,66,233,430,FINAL (ENTRADA MANUAL)
53,5,3,68,177,,8,,,0,0,0,54,103,0,8,0,5,3,1,1,0,1,0,0,78,254,430,FINAL (ENTRADA MANUAL)
53,5,4,64,174,,4,,,0,0,2,55,111,0,1,2,4,4,1,3,1,1,0,0,62,245,429,FINAL (ENTRADA MANUAL)
53,6,1,55,210,,4,,,0,0,3,47,151,0,4,1,7,8,0,1,0,1,0,0,53,273,480,FINAL (ENTRADA MANUAL)
53,6,2,65,202,,10,,,0,0,1,60,138,0,7,0,8,5,0,1,0,4,0,0,59,282,480,FINAL (ENTRADA MANUAL)
53,6,3,72,194,,5,,,0,0,1,69,128,0,4,1,4,2,0,0,0,0,0,0,64,272,480,FINAL (ENTRADA MANUAL)
53,6,4,68,209,,3,,,0,0,1,58,136,0,2,1,7,4,0,1,3,1,0,0,69,281,480,FINAL (ENTRADA MANUAL)
53,6,5,85,182,,8,,,0,0,3,70,126,1,4,2,5,4,0,1,0,2,0,0,65,280,481,FINAL (ENTRADA MANUAL)
53,7,1,63,108,,3,,,0,0,2,53,81,0,3,1,0,3,0,0,1,0,0,0,34,176,272,FINAL (ENTRADA MANUAL)
53,7,2,48,118,,1,,,0,0,2,43,84,1,1,1,1,1,0,0,1,0,0,0,36,169,272,FINAL (ENTRADA MANUAL)
53,8,1,62,194,,4,,,0,0,2,54,148,0,3,1,4,4,1,1,0,2,0,0,48,264,414,FINAL (ENTRADA MANUAL)
53,8,2,72,172,,2,,,1,0,1,66,130,0,2,1,2,1,0,3,0,2,0,0,43,250,415,FINAL (ENTRADA MANUAL)
53,9,1,117,137,,4,,,1,1,2,107,101,0,4,2,2,3,0,3,1,3,0,0,39,265,492,FINAL (ENTRADA MANUAL)
53,9,2,106,171,,5,,,0,0,1,91,143,0,3,0,0,1,0,0,0,2,0,0,45,285,491,FINAL (ENTRADA MANUAL)
53,10,1,63,192,,15,,,1,0,4,55,158,0,13,4,0,1,0,4,0,0,0,0,40,275,484,FINAL (ENTRADA MANUAL)
53,11,1,65,180,,7,,,0,0,6,48,123,0,5,5,4,4,0,3,2,4,0,0,64,262,482,FINAL (ENTRADA MANUAL)
53,11,2,37,199,,1,,,0,1,3,30,151,0,1,3,8,2,0,0,0,2,0,0,46,243,483,FINAL (ENTRADA MANUAL)
53,12,1,53,94,,2,,,0,0,0,49,70,0,0,0,3,1,0,0,0,1,0,0,26,150,236,FINAL (ENTRADA MANUAL)
53,12,2,80,86,,0,,,0,0,0,77,66,0,0,0,1,1,0,0,0,0,0,0,21,166,237,FINAL (ENTRADA MANUAL)
53,13,1,54,200,,5,,,1,0,2,49,145,0,4,1,2,1,0,1,0,2,0,0,59,264,486,FINAL (ENTRADA MANUAL)
53,13,2,54,217,,3,,,3,0,2,45,171,0,2,2,4,3,0,2,0,0,1,0,50,280,486,FINAL (ENTRADA MANUAL)
53,13,3,49,223,,5,,,0,0,1,42,173,0,3,1,4,4,0,0,0,0,0,0,51,278,486,FINAL (ENTRADA MANUAL)
53,13,4,37,205,,4,,,0,0,1,29,160,0,3,1,3,4,0,0,0,1,0,0,47,248,486,FINAL (ENTRADA MANUAL)
53,13,5,58,213,,3,,,0,0,1,49,152,0,2,1,8,3,0,3,2,1,0,0,55,276,486,FINAL (ENTRADA MANUAL)
53,13,6,43,219,,3,,,1,0,0,36,154,0,3,0,6,0,0,3,1,1,0,0,63,267,483,FINAL (ENTRADA MANUAL)
53,72,1,180,89,,5,,,0,0,0,159,52,0,5,0,7,7,0,5,1,0,0,0,38,274,0,FINAL (ENTRADA MANUAL)
53,72,2,9,7,,0,,,0,0,0,9,5,0,0,0,0,0,0,0,0,0,0,0,2,16,0,FINAL (ENTRADA MANUAL)
53,72,3,685,148,,6,,,3,5,2,617,88,0,4,1,27,11,1,10,0,0,1,0,90,850,0,FINAL (ENTRADA MANUAL)
53,72,4,22,28,,3,,,1,0,0,21,23,0,3,0,1,1,0,1,1,0,0,0,3,54,0,FINAL (ENTRADA MANUAL)
53,72,5,1,4,,0,,,0,0,0,1,2,0,0,0,0,0,0,1,0,0,0,0,1,5,0,FINAL (ENTRADA MANUAL)
53,72,6,4,4,,1,,,0,0,0,4,3,0,1,0,1,0,0,0,0,0,0,0,0,9,0,FINAL (ENTRADA MANUAL)
53,72,7,3,1,,0,,,1,0,0,3,0,0,0,1,0,0,0,0,0,0,0,0,1,5,0,FINAL (ENTRADA MANUAL)
53,72,8,0,0,,0,,,0,0,0,0,0,0,0,0,0,0,0,0,0,0,0,0,0,0,0,FINAL (ENTRADA MANUAL)
53,72,9,57,24,,1,,,0,0,0,52,16,0,0,0,3,2,0,0,0,0,2,0,9,84,0,FINAL (ENTRADA MANUAL)
53,72,10,6,8,,1,,,0,0,0,6,6,0,1,0,0,0,0,0,0,0,0,0,2,15,0,FINAL (ENTRADA MANUAL)
53,72,11,37,12,,1,,,0,0,2,35,9,0,1,0,2,0,0,0,0,0,0,0,5,52,0,FINAL (ENTRADA MANUAL)
53,72,12,1,2,,0,,,0,0,0,1,1,0,0,0,0,0,0,0,0,0,0,0,1,3,0,FINAL (ENTRADA MANUAL)
53,72,13,0,0,,0,,,0,0,0,0,0,0,0,0,0,0,0,0,0,0,0,0,0,0,0,FINAL (ENTRADA MANUAL)
53,72,14,78,25,,1,,,0,0,1,75,16,0,1,0,3,0,0,0,1,0,2,0,9,107,0,FINAL (ENTRADA MANUAL)
53,73,1,83,1089,,1,,,0,4,4,51,911,1,1,2,10,25,0,4,1,0,0,0,175,1181,0,FINAL (ENTRADA MANUAL)
53,73,2,0,0,,0,,,0,0,0,0,0,0,0,0,0,0,0,0,0,0,0,0,0,0,0,FINAL (ENTRADA MANUAL)
53,73,3,0,0,,0,,,0,0,0,0,0,0,0,0,0,0,0,0,0,0,0,0,0,0,0,FINAL (ENTRADA MANUAL)
53,73,4,0,0,,0,,,0,0,0,0,0,0,0,0,0,0,0,0,0,0,0,0,0,0,0,FINAL (ENTRADA MANUAL)
53,73,5,0,0,,0,,,0,0,0,0,0,0,0,0,0,0,0,0,0,0,0,0,0,0,0,FINAL (ENTRADA MANUAL)
53,73,6,13,134,,2,,,0,0,0,10,130,1,2,0,0,2,0,0,0,3,0,0,5,153,0,FINAL (ENTRADA MANUAL)
53,74,1,1,0,,0,,,0,0,0,0,0,0,0,0,0,0,0,0,0,0,0,0,1,1,0,FINAL (ENTRADA MANUAL)
53,74,2,0,0,,0,,,0,0,0,0,0,0,0,0,0,0,0,0,0,0,0,0,0,0,0,FINAL (ENTRADA MANUAL)
53,75,1,1,0,,0,,,0,0,0,1,0,0,0,0,0,0,0,0,0,0,0,0,0,1,0,FINAL (ENTRADA MANUAL)
53,76,1,10,5,,0,,,0,0,0,8,2,0,0,0,1,0,0,0,0,0,0,0,4,15,0,FINAL (ENTRADA MANUAL)
53,76,2,0,0,,0,,,0,0,0,0,0,0,0,0,0,0,0,0,0,0,0,0,0,0,0,FINAL (ENTRADA MANUAL)
53,76,3,3,0,,0,,,0,0,0,2,0,0,0,0,0,0,0,0,0,0,0,0,1,3,0,FINAL (ENTRADA MANUAL)
53,76,5,2,0,,0,,,0,0,0,1,0,0,0,0,0,0,0,0,0,0,0,0,1,2,0,FINAL (ENTRADA MANUAL)
53,76,6,0,0,,0,,,0,0,0,0,0,0,0,0,0,0,0,0,0,0,0,0,0,0,0,FINAL (ENTRADA MANUAL)
53,77,1,1,6,,2,,,0,0,0,1,4,0,2,0,1,0,0,0,0,0,0,0,1,9,0,FINAL (ENTRADA MANUAL)
53,77,2,4,6,,5,,,0,0,0,2,2,0,3,0,1,3,0,1,0,0,0,0,3,15,0,FINAL (ENTRADA MANUAL)
53,77,3,0,4,,1,,,0,0,0,0,2,0,1,0,0,0,1,0,0,0,0,0,1,5,0,FINAL (ENTRADA MANUAL)
53,77,4,0,1,,0,,,0,0,0,0,0,0,0,0,0,0,0,0,0,0,0,0,1,1,0,FINAL (ENTRADA MANUAL)
53,78,1,13,58,,1,,,0,0,1,9,38,1,1,0,2,1,0,1,0,1,0,0,20,74,0,FINAL (ENTRADA MANUAL)
53,78,2,0,0,,0,,,0,0,0,0,0,0,0,0,0,0,0,0,0,0,0,0,0,0,0,FINAL (ENTRADA MANUAL)
53,78,3,0,0,,0,,,0,0,0,0,0,0,0,0,0,0,0,0,0,0,0,0,0,0,0,FINAL (ENTRADA MANUAL)
53,78,4,0,0,,0,,,0,0,0,0,0,0,0,0,0,0,0,0,0,0,0,0,0,0,0,FINAL (ENTRADA MANUAL)
54,1,1,129,72,2,8,1,,0,0,0,98,51,0,4,0,3,5,0,2,0,1,1,0,49,214,374,FINAL (ENTRADA MANUAL)
54,1,2,113,77,1,2,4,,0,0,1,86,48,0,1,2,5,4,1,2,0,1,0,0,49,199,373,FINAL (ENTRADA MANUAL)
54,2,1,136,82,0,3,5,,0,0,0,109,54,0,3,5,4,5,0,2,2,1,1,0,42,228,394,FINAL (ENTRADA MANUAL)
54,2,2,121,70,1,3,5,,0,0,0,82,57,1,3,3,4,1,1,1,2,1,0,0,45,201,394,FINAL (ENTRADA MANUAL)
54,2,3,117,56,2,2,3,,0,0,2,94,40,1,2,3,4,0,1,0,0,0,0,0,37,182,394,FINAL (ENTRADA MANUAL)
54,2,4,138,59,2,2,17,,0,0,0,101,42,1,2,10,0,1,2,1,6,0,0,0,52,218,396,FINAL (ENTRADA MANUAL)
54,3,1,121,98,6,5,7,,0,0,1,90,70,5,4,3,4,7,1,2,1,2,0,0,51,240,426,FINAL (ENTRADA MANUAL)
54,3,2,109,94,4,9,6,,1,1,0,73,65,2,7,2,3,1,0,0,2,1,0,0,69,225,426,FINAL (ENTRADA MANUAL)
54,3,3,126,79,3,2,6,,0,1,1,88,49,2,2,5,1,2,1,0,1,0,0,0,67,218,426,FINAL (ENTRADA MANUAL)
54,3,4,130,92,1,5,10,,1,0,2,92,59,1,3,3,0,5,1,2,2,1,0,0,73,242,424,FINAL (ENTRADA MANUAL)
54,4,1,182,82,1,2,25,,1,0,0,141,29,1,2,23,5,1,0,6,0,0,0,0,85,293,514,FINAL (ENTRADA MANUAL)
54,5,1,98,113,5,4,7,,1,1,0,72,79,2,3,4,5,6,1,3,1,0,0,0,53,229,397,FINAL (ENTRADA MANUAL)
54,5,2,130,96,3,5,5,,0,1,0,103,52,1,3,3,7,2,0,3,2,1,0,0,64,241,397,FINAL (ENTRADA MANUAL)
54,5,3,96,127,4,3,4,,0,3,0,72,88,1,3,1,1,2,1,0,1,0,1,0,67,238,397,FINAL (ENTRADA MANUAL)
54,6,1,148,109,6,5,4,,0,0,0,102,65,4,4,2,4,10,2,2,2,0,0,0,75,272,523,FINAL (ENTRADA MANUAL)
54,6,2,136,131,3,3,7,,0,1,0,108,76,2,3,2,2,18,1,2,0,0,0,0,67,281,523,FINAL (ENTRADA MANUAL)
54,6,3,150,99,3,2,11,,0,0,0,105,65,0,2,9,1,2,0,2,1,4,0,0,78,269,523,FINAL (ENTRADA MANUAL)
54,7,1,100,143,3,7,4,,1,0,0,65,88,0,6,1,1,9,2,5,1,0,0,0,80,258,498,FINAL (ENTRADA MANUAL)
54,7,2,104,128,1,3,5,,0,0,0,80,88,0,2,5,0,5,1,2,1,0,0,0,57,241,498,FINAL (ENTRADA MANUAL)
54,7,3,112,117,2,4,7,,0,0,0,82,79,1,3,4,2,8,2,1,1,0,0,0,59,242,498,FINAL (ENTRADA MANUAL)
54,7,4,95,118,4,0,11,,0,2,0,77,77,2,0,8,4,12,2,3,0,2,0,0,45,232,498,FINAL (ENTRADA MANUAL)
54,7,5,109,111,1,4,2,,2,0,2,87,64,0,2,1,4,8,0,0,1,1,0,0,64,232,498,FINAL (ENTRADA MANUAL)
54,8,1,107,130,4,4,14,,0,0,0,81,82,2,3,13,5,8,0,1,0,1,0,0,64,260,462,FINAL (ENTRADA MANUAL)
54,8,2,98,87,4,4,7,,0,0,0,70,55,2,2,5,2,4,0,1,0,1,0,0,59,201,462,FINAL (ENTRADA MANUAL)
54,8,3,115,133,1,0,5,,1,0,0,85,88,1,0,3,7,9,0,1,1,1,0,0,60,256,463,FINAL (ENTRADA MANUAL)
54,9,1,107,86,4,0,5,,0,0,1,91,60,1,0,5,2,4,2,1,1,0,0,0,36,203,344,FINAL (ENTRADA MANUAL)
54,9,2,84,83,2,1,3,,0,0,0,68,57,0,0,2,1,1,0,2,0,0,0,0,42,173,344,FINAL (ENTRADA MANUAL)
54,9,3,95,62,3,1,2,,0,0,0,68,52,2,1,1,4,1,1,1,0,0,0,0,32,163,344,FINAL (ENTRADA MANUAL)
54,10,1,118,88,6,5,7,,0,1,1,88,62,4,3,3,8,3,2,1,1,0,0,0,51,226,383,FINAL (ENTRADA MANUAL)
54,11,1,77,55,1,0,9,,0,0,0,67,36,1,0,4,3,2,1,0,0,0,0,0,28,142,290,FINAL (ENTRADA MANUAL)
54,12,1,94,159,5,3,1,,0,0,1,70,118,0,2,0,3,1,1,3,0,0,0,0,65,263,464,FINAL (ENTRADA MANUAL)
54,13,1,101,110,3,3,3,,2,0,0,71,71,2,1,3,5,3,1,1,0,1,0,0,64,223,442,FINAL (ENTRADA MANUAL)
54,14,1,147,99,1,2,10,,0,0,0,126,79,1,2,8,2,3,0,0,0,1,0,0,38,260,461,FINAL (ENTRADA MANUAL)
54,14,2,140,99,2,1,6,,0,0,0,119,74,1,1,5,5,3,1,1,0,0,0,0,38,248,461,FINAL (ENTRADA MANUAL)
54,15,1,120,76,1,4,7,,0,0,0,84,47,1,4,6,5,2,1,1,0,0,0,0,57,208,348,FINAL (ENTRADA MANUAL)
54,15,2,117,86,2,5,3,,0,0,0,84,57,2,3,3,2,2,1,0,0,1,0,0,59,214,348,FINAL (ENTRADA MANUAL)
54,16,1,96,68,1,7,2,,0,0,0,70,53,1,6,1,4,0,0,0,1,1,0,0,38,175,292,FINAL (ENTRADA MANUAL)
54,16,2,108,46,0,3,4,,0,1,2,75,31,0,3,2,5,3,0,0,2,3,0,0,43,167,293,FINAL (ENTRADA MANUAL)
54,17,1,109,113,1,0,6,,0,0,1,91,80,1,0,4,3,2,0,1,1,1,0,0,47,231,427,FINAL (ENTRADA MANUAL)
54,17,2,96,116,3,0,8,,0,0,1,78,79,0,0,3,3,4,2,2,0,0,0,0,53,224,427,FINAL (ENTRADA MANUAL)
54,17,3,106,96,1,3,8,,0,0,1,70,67,1,3,3,1,2,0,2,2,1,0,0,64,216,426,FINAL (ENTRADA MANUAL)
54,18,1,113,141,4,2,4,,0,0,1,92,93,4,2,2,7,8,0,2,0,2,0,0,55,267,478,FINAL (ENTRADA MANUAL)
54,18,2,105,141,1,2,8,,0,0,0,92,104,1,1,7,1,3,0,1,0,1,0,0,47,258,477,FINAL (ENTRADA MANUAL)
54,19,1,111,104,3,2,4,,0,0,0,89,72,2,2,3,1,7,0,0,0,2,0,0,48,226,428,FINAL (ENTRADA MANUAL)
54,19,2,122,105,3,1,2,,0,0,0,86,67,2,1,2,1,5,0,5,0,1,0,0,64,234,429,FINAL (ENTRADA MANUAL)
54,20,1,140,140,9,3,3,,2,0,0,115,81,5,3,2,2,6,0,4,1,3,0,0,78,300,556,FINAL (ENTRADA MANUAL)
54,72,1,455,311,7,2,3,,1,1,1,393,267,5,1,2,7,13,1,1,0,18,0,0,91,799,0,FINAL (ENTRADA MANUAL)
54,72,2,45,23,1,0,0,,0,0,1,40,18,1,0,0,0,0,2,0,0,0,3,0,9,73,0,FINAL (ENTRADA MANUAL)
54,72,3,48,35,1,0,1,,0,0,1,33,26,1,0,1,9,2,0,0,0,0,0,0,14,86,0,FINAL (ENTRADA MANUAL)
54,72,4,99,70,3,0,4,,0,1,0,84,57,1,0,3,3,8,1,1,0,7,2,0,19,186,0,FINAL (ENTRADA MANUAL)
54,72,5,48,35,1,0,1,,0,0,1,33,26,1,0,1,9,2,0,0,0,0,0,0,14,86,0,FINAL (ENTRADA MANUAL)
54,72,6,5,5,0,0,0,,0,0,0,4,2,0,0,0,1,0,0,0,0,0,0,0,3,10,0,FINAL (ENTRADA MANUAL)
54,72,7,44,14,0,0,0,,0,0,0,37,9,0,0,0,4,3,0,0,0,0,0,0,5,278,0,FINAL (ENTRADA MANUAL)
54,72,8,6,1,0,0,0,,0,0,0,5,1,0,0,0,0,0,0,0,0,0,0,0,1,7,0,FINAL (ENTRADA MANUAL)
54,72,9,9,3,0,0,1,,0,0,0,7,3,0,0,0,1,0,0,0,0,0,0,0,2,13,0,FINAL (ENTRADA MANUAL)
54,72,10,2,0,0,0,0,,0,0,0,2,0,0,0,0,0,0,0,0,0,0,0,0,0,2,0,FINAL (ENTRADA MANUAL)
54,72,11,4,0,0,0,0,,0,0,0,4,0,0,0,0,0,0,0,0,0,0,0,0,0,4,0,FINAL (ENTRADA MANUAL)
54,72,12,0,0,0,0,0,,0,0,0,0,0,0,0,0,0,0,0,0,0,0,0,0,0,0,0,FINAL (ENTRADA MANUAL)
54,72,13,0,0,0,0,0,,0,0,0,0,0,0,0,0,0,0,0,0,0,0,0,0,0,0,0,FINAL (ENTRADA MANUAL)
54,72,14,0,0,0,0,0,,0,0,0,0,0,0,0,0,0,0,0,0,0,0,0,0,0,0,0,FINAL (ENTRADA MANUAL)
54,72,15,631,802,7,6,13,,7,5,5,488,587,3,5,11,28,103,2,9,2,0,1,0,238,1477,0,FINAL (ENTRADA MANUAL)
54,73,1,28,149,0,1,0,,0,1,0,21,132,0,1,0,0,3,0,2,1,0,0,0,19,179,0,FINAL (ENTRADA MANUAL)
54,73,2,6,22,0,0,0,,1,0,0,5,22,0,0,0,0,1,0,0,0,0,1,0,1,30,0,FINAL (ENTRADA MANUAL)
54,74,1,0,0,0,0,0,,0,0,0,0,0,0,0,0,0,0,0,0,0,0,0,0,0,0,0,FINAL (ENTRADA MANUAL)
54,74,2,0,0,0,0,0,,0,0,0,0,0,0,0,0,0,0,0,0,0,0,0,0,0,0,0,FINAL (ENTRADA MANUAL)
54,75,1,0,0,0,0,0,,1,0,0,0,0,0,0,0,0,0,0,0,0,0,0,0,1,1,0,FINAL (ENTRADA MANUAL)
54,75,2,0,0,0,0,0,,0,0,0,0,0,0,0,0,0,0,0,0,0,0,0,0,0,0,0,FINAL (ENTRADA MANUAL)
54,76,1,12,2,1,0,0,,0,0,0,9,1,0,0,0,0,0,0,1,0,1,0,0,4,16,0,FINAL (ENTRADA MANUAL)
54,76,2,0,0,0,0,0,,0,0,0,0,0,0,0,0,0,0,0,0,0,0,0,0,0,0,0,FINAL (ENTRADA MANUAL)
54,76,3,3,0,0,0,0,,0,0,0,3,0,0,0,0,0,0,0,0,0,0,0,0,0,3,0,FINAL (ENTRADA MANUAL)
54,76,4,0,0,0,0,0,,0,0,0,0,0,0,0,0,0,0,0,0,0,0,0,0,0,0,0,FINAL (ENTRADA MANUAL)
54,77,1,9,3,1,0,0,,0,0,0,8,1,1,0,0,0,2,0,0,0,0,0,0,1,13,0,FINAL (ENTRADA MANUAL)
54,77,2,3,22,7,3,1,,0,0,0,3,11,5,3,0,0,2,0,2,1,0,0,0,9,36,0,FINAL (ENTRADA MANUAL)
54,77,3,0,0,0,0,0,,0,0,0,0,0,0,0,0,0,0,0,0,0,0,0,0,0,0,0,FINAL (ENTRADA MANUAL)
54,77,4,1,5,0,0,0,,0,0,0,1,4,0,0,0,0,1,0,0,0,0,0,0,0,6,0,FINAL (ENTRADA MANUAL)
54,77,5,0,0,1,0,0,,0,0,0,0,0,1,0,0,0,0,0,0,0,0,0,0,0,1,0,FINAL (ENTRADA MANUAL)
54,78,1,22,13,2,1,0,,0,0,0,21,10,2,0,0,0,0,0,0,0,1,1,0,5,40,0,FINAL (ENTRADA MANUAL)
54,78,2,0,0,0,0,0,,0,0,0,0,0,0,0,0,0,0,0,0,0,0,0,0,0,0,0,FINAL (ENTRADA MANUAL)
54,78,3,0,0,0,0,0,,0,0,0,0,0,0,0,0,0,0,0,0,0,0,0,0,0,0,0,FINAL (ENTRADA MANUAL)
54,78,4,0,1,0,0,0,,0,0,0,0,1,0,0,0,0,0,0,0,0,0,0,0,0,1,0,FINAL (ENTRADA MANUAL)
55,1,1,26,158,0,1,,,3,0,0,21,148,0,1,,1,0,0,0,,0,0,0,17,188,314,FINAL (ENTRADA MANUAL)
55,2,1,70,150,4,2,,,2,0,0,51,104,3,2,,2,2,1,0,,5,0,0,63,233,432,FINAL (ENTRADA MANUAL)
55,2,2,78,153,5,8,,,9,0,0,62,110,2,4,,4,1,2,1,,0,0,0,67,253,432,FINAL (ENTRADA MANUAL)
55,2,3,72,167,5,5,,,2,0,1,56,128,3,3,,2,5,0,0,,0,0,0,55,252,432,FINAL (ENTRADA MANUAL)
55,2,4,73,149,3,3,,,3,1,0,55,108,1,3,,5,4,0,0,,4,1,0,56,237,431,FINAL (ENTRADA MANUAL)
55,3,1,69,141,3,2,,,3,0,0,51,87,2,2,,2,2,0,1,,4,0,0,71,222,392,FINAL (ENTRADA MANUAL)
55,3,2,69,161,3,7,,,2,0,2,48,115,2,5,,5,4,0,1,,9,1,0,64,254,392,FINAL (ENTRADA MANUAL)
55,72,1,3,1,0,0,,,2,0,0,3,0,0,0,,0,0,0,0,,0,0,0,3,6,0,FINAL (ENTRADA MANUAL)
55,72,2,0,0,0,0,,,0,0,0,0,0,0,0,,0,0,0,0,,0,0,0,0,0,0,FINAL (ENTRADA MANUAL)
55,72,3,100,46,2,1,,,6,0,4,85,27,1,0,,4,1,1,0,,0,0,0,40,159,0,FINAL (ENTRADA MANUAL)
55,72,4,29,9,0,1,,,0,0,0,27,7,0,1,,1,0,0,0,,1,0,0,3,40,0,FINAL (ENTRADA MANUAL)
55,72,5,0,0,0,0,,,0,0,0,0,0,0,0,,0,0,0,0,,0,0,0,0,0,0,FINAL (ENTRADA MANUAL)
55,72,6,0,0,0,0,,,0,0,0,0,0,0,0,,0,0,0,0,,0,0,0,0,0,0,FINAL (ENTRADA MANUAL)
55,72,7,4,1,0,0,,,0,0,2,4,0,0,0,,0,0,0,0,,0,0,0,3,7,0,FINAL (ENTRADA MANUAL)
55,72,8,0,0,0,0,,,0,0,0,0,0,0,0,,0,0,0,0,,0,0,0,0,0,0,FINAL (ENTRADA MANUAL)
55,73,1,3,74,0,1,,,0,0,0,3,62,0,1,,0,1,0,0,,0,0,0,11,78,0,FINAL (ENTRADA MANUAL)
55,73,2,0,10,0,0,,,0,0,0,0,10,0,0,,0,0,0,0,,0,0,0,0,10,0,FINAL (ENTRADA MANUAL)
55,74,1,0,0,0,0,,,0,0,0,0,0,0,0,,0,0,0,0,,0,0,0,0,0,0,FINAL (ENTRADA MANUAL)
55,74,2,0,0,0,0,,,0,0,0,0,0,0,0,,0,0,0,0,,0,0,0,0,0,0,FINAL (ENTRADA MANUAL)
55,75,1,1,1,0,0,,,3,0,0,0,1,0,0,,0,1,0,0,,0,0,0,3,5,0,FINAL (ENTRADA MANUAL)
55,76,1,3,0,0,0,,,0,0,0,2,0,0,0,,0,0,0,0,,0,0,0,1,3,0,FINAL (ENTRADA MANUAL)
55,76,2,0,0,0,0,,,0,0,0,0,0,0,0,,0,0,0,0,,0,0,0,0,0,0,FINAL (ENTRADA MANUAL)
55,76,3,1,0,0,0,,,0,0,0,1,0,0,0,,0,0,0,0,,0,0,0,0,1,0,FINAL (ENTRADA MANUAL)
55,76,5,0,1,0,0,,,0,0,0,0,0,0,0,,0,0,0,0,,0,0,0,1,1,0,FINAL (ENTRADA MANUAL)
55,76,6,0,0,0,0,,,0,0,0,0,0,0,0,,0,0,0,0,,0,0,0,0,0,0,FINAL (ENTRADA MANUAL)
55,77,1,0,0,0,0,,,0,0,0,0,0,0,0,,0,0,0,0,,0,0,0,0,0,0,FINAL (ENTRADA MANUAL)
55,77,2,0,0,0,0,,,0,0,0,0,0,0,0,,0,0,0,0,,0,0,0,0,0,0,FINAL (ENTRADA MANUAL)
55,77,3,0,0,0,0,,,0,0,0,0,0,0,0,,0,0,0,0,,0,0,0,0,0,0,FINAL (ENTRADA MANUAL)
55,77,4,2,0,0,0,,,0,0,0,2,0,0,0,,0,0,0,0,,0,0,0,0,2,0,FINAL (ENTRADA MANUAL)
55,77,5,4,4,0,0,,,0,0,0,4,2,0,0,,0,0,0,0,,0,0,0,2,8,0,FINAL (ENTRADA MANUAL)
55,78,1,4,10,0,0,,,0,0,0,2,9,0,0,,0,0,0,0,,0,0,0,3,14,0,FINAL (ENTRADA MANUAL)
55,78,2,0,0,0,0,,,0,0,0,0,0,0,0,,0,0,0,0,,0,0,0,0,0,0,FINAL (ENTRADA MANUAL)
55,78,3,0,0,0,0,,,0,0,0,0,0,0,0,,0,0,0,0,,0,0,0,0,0,0,FINAL (ENTRADA MANUAL)
55,78,4,0,0,0,0,,,0,0,0,0,0,0,0,,0,0,0,0,,0,0,0,0,0,0,FINAL (ENTRADA MANUAL)
56,1,1,110,101,,3,,,0,0,0,95,82,,2,,2,1,,1,,0,0,0,31,214,386,FINAL (ENTRADA MANUAL)
56,1,2,88,128,,7,,,0,0,0,78,96,,4,,1,0,,0,,2,0,0,44,225,386,FINAL (ENTRADA MANUAL)
56,1,3,105,101,,3,,,1,0,0,91,81,,3,,0,1,,2,,0,0,0,32,210,387,FINAL (ENTRADA MANUAL)
56,2,1,101,116,,6,,,0,0,1,83,91,,3,,6,2,,0,,1,0,0,39,225,369,FINAL (ENTRADA MANUAL)
56,3,1,95,152,,3,,,0,0,0,81,123,,1,,1,0,,1,,1,0,0,43,251,428,FINAL (ENTRADA MANUAL)
56,3,2,104,129,,2,,,0,0,2,90,103,,1,,0,0,,2,,0,0,0,41,237,428,FINAL (ENTRADA MANUAL)
56,3,3,96,142,,2,,,0,0,0,71,119,,2,,1,2,,1,,2,0,0,44,242,429,FINAL (ENTRADA MANUAL)
56,4,1,112,181,,6,,,0,0,2,90,148,,5,,4,3,,5,,2,0,0,46,303,529,FINAL (ENTRADA MANUAL)
56,4,2,148,154,,9,,,0,0,3,114,112,,6,,3,2,,2,,0,0,0,75,314,529,FINAL (ENTRADA MANUAL)
56,4,3,123,135,,5,,,0,0,0,96,101,,3,,5,4,,2,,0,0,0,52,263,529,FINAL (ENTRADA MANUAL)
56,4,4,140,118,,9,,,0,0,0,115,87,,7,,3,2,,2,,1,0,0,51,268,528,FINAL (ENTRADA MANUAL)
56,72,1,2,2,,0,,,0,0,0,2,2,,0,,0,0,,0,,0,0,0,0,4,0,FINAL (ENTRADA MANUAL)
56,72,2,1,0,,0,,,0,0,0,1,0,,0,,0,0,,0,,0,0,0,0,1,0,FINAL (ENTRADA MANUAL)
56,72,3,195,33,,2,,,0,0,1,179,12,,2,,14,2,,0,,0,0,0,22,235,0,FINAL (ENTRADA MANUAL)
56,72,4,34,9,,1,,,0,0,2,30,1,,1,,2,0,,0,,3,0,0,12,49,0,FINAL (ENTRADA MANUAL)
56,72,5,1,1,,0,,,0,0,0,1,1,,0,,0,0,,0,,0,0,0,0,2,0,FINAL (ENTRADA MANUAL)
56,72,6,1,1,,1,,,0,0,0,0,1,,0,,1,0,,0,,0,0,0,1,3,0,FINAL (ENTRADA MANUAL)
56,72,7,7,2,,0,,,0,0,0,6,1,,0,,2,0,,0,,0,0,0,2,9,0,FINAL (ENTRADA MANUAL)
56,73,1,62,369,,5,,,0,0,1,57,313,,0,,2,1,,1,,0,0,0,61,437,0,FINAL (ENTRADA MANUAL)
56,73,2,0,0,,0,,,0,0,0,0,0,,0,,0,0,,0,,0,0,0,0,0,0,FINAL (ENTRADA MANUAL)
56,73,3,1,4,,0,,,0,2,1,1,4,,0,,0,0,,0,,1,2,0,0,8,0,FINAL (ENTRADA MANUAL)
56,74,1,1,0,,0,,,0,0,0,1,0,,0,,0,0,,0,,0,0,0,0,1,0,FINAL (ENTRADA MANUAL)
56,74,2,0,0,,0,,,0,0,0,0,0,,0,,0,0,,0,,0,0,0,0,0,0,FINAL (ENTRADA MANUAL)
56,75,1,0,0,,0,,,0,0,0,0,0,,0,,0,0,,0,,0,0,0,0,0,0,FINAL (ENTRADA MANUAL)
56,76,1,1,1,,1,,,0,0,1,1,1,,1,,0,0,,0,,0,1,0,1,5,0,FINAL (ENTRADA MANUAL)
56,76,2,0,0,,0,,,0,0,0,0,0,,0,,0,0,,0,,0,0,0,0,0,0,FINAL (ENTRADA MANUAL)
56,76,3,0,1,,0,,,0,0,1,0,0,,0,,0,0,,0,,0,0,0,2,2,0,FINAL (ENTRADA MANUAL)
56,77,1,0,0,,0,,,0,0,0,0,0,,0,,0,0,,0,,0,0,0,0,0,0,FINAL (ENTRADA MANUAL)
56,77,2,17,12,,3,,,0,0,1,12,9,,3,,1,0,,0,,1,0,0,8,34,0,FINAL (ENTRADA MANUAL)
56,77,3,0,1,,0,,,0,0,0,0,1,,0,,0,0,,0,,0,0,0,0,1,0,FINAL (ENTRADA MANUAL)
56,77,4,10,0,,0,,,0,0,0,10,0,,0,,0,0,,0,,0,0,0,0,10,0,FINAL (ENTRADA MANUAL)
56,78,1,1,2,,0,,,0,0,0,1,1,,0,,0,0,,0,,0,0,0,1,3,0,FINAL (ENTRADA MANUAL)
56,78,2,0,0,,0,,,0,0,0,0,0,,0,,0,0,,0,,0,0,0,0,0,0,FINAL (ENTRADA MANUAL)
56,78,3,0,0,,0,,,0,0,0,0,0,,0,,0,0,,0,,0,0,0,0,0,0,FINAL (ENTRADA MANUAL)
56,78,4,0,0,,0,,,0,0,0,0,0,,0,,0,0,,0,,0,0,0,0,0,0,FINAL (ENTRADA MANUAL)
57,1,1,85,94,,13,,,0,0,0,57,65,,10,,5,1,,4,,0,0,0,50,192,328,FINAL (ENTRADA MANUAL)
57,1,2,82,84,,6,,,0,0,0,62,57,,3,,4,2,,3,,1,0,0,41,173,329,FINAL (ENTRADA MANUAL)
57,2,1,76,186,,5,,,0,0,1,53,147,,4,,1,1,,1,,1,0,0,61,269,427,FINAL (ENTRADA MANUAL)
57,3,1,90,115,,5,,,1,0,0,76,101,,4,,0,2,,1,,0,0,0,27,211,362,FINAL (ENTRADA MANUAL)
57,3,2,107,105,,1,,,0,0,0,90,87,,0,,0,0,,2,,3,0,0,34,216,362,FINAL (ENTRADA MANUAL)
57,3,3,107,110,,3,,,0,0,1,92,81,,2,,0,0,,2,,0,0,0,44,221,361,FINAL (ENTRADA MANUAL)
57,4,1,128,119,,6,,,0,0,0,100,89,,5,,1,3,,0,,0,0,0,55,253,432,FINAL (ENTRADA MANUAL)
57,4,2,106,100,,4,,,0,0,0,86,85,,1,,1,1,,2,,1,0,0,34,211,432,FINAL (ENTRADA MANUAL)
57,4,3,107,135,,7,,,0,0,0,86,107,,6,,3,2,,0,,0,0,0,45,249,432,FINAL (ENTRADA MANUAL)
57,4,4,98,92,,7,,,0,0,0,75,81,,5,,1,1,,4,,0,0,0,30,197,431,FINAL (ENTRADA MANUAL)
57,5,1,58,96,,5,,,0,0,0,47,78,,3,,0,1,,1,,1,0,0,29,160,253,FINAL (ENTRADA MANUAL)
57,5,2,70,71,,6,,,0,0,0,53,61,,5,,1,1,,1,,0,0,0,25,147,253,FINAL (ENTRADA MANUAL)
57,6,1,60,80,,5,,,0,0,0,48,52,,4,,2,1,,1,,1,0,0,37,146,233,FINAL (ENTRADA MANUAL)
57,7,1,80,137,,9,,,0,1,0,68,98,,7,,1,5,,1,,2,2,0,47,231,382,FINAL (ENTRADA MANUAL)
57,7,2,97,120,,4,,,0,0,2,83,84,,2,,1,2,,1,,0,1,0,50,224,382,FINAL (ENTRADA MANUAL)
57,7,3,111,110,,6,,,0,0,0,86,87,,6,,3,2,,0,,0,0,0,43,227,382,FINAL (ENTRADA MANUAL)
57,72,1,16,1,,0,,,0,0,0,15,1,,0,,0,0,,0,,0,0,0,1,17,0,FINAL (ENTRADA MANUAL)
57,72,2,0,0,,0,,,0,0,0,0,0,,0,,0,0,,0,,0,0,0,0,0,0,FINAL (ENTRADA MANUAL)
57,72,3,155,47,,4,,,0,0,0,135,13,,3,,16,3,,0,,0,0,0,36,206,0,FINAL (ENTRADA MANUAL)
57,72,4,40,5,,1,,,0,0,0,33,4,,0,,1,3,,0,,2,1,0,5,49,0,FINAL (ENTRADA MANUAL)
57,72,5,4,2,,0,,,0,0,0,4,0,,0,,1,1,,0,,0,0,0,1,6,0,FINAL (ENTRADA MANUAL)
57,72,6,1,0,,0,,,0,0,0,0,0,,0,,1,0,,0,,0,0,0,0,1,0,FINAL (ENTRADA MANUAL)
57,72,7,2,0,,0,,,0,0,0,2,0,,0,,0,0,,0,,0,0,0,0,2,0,FINAL (ENTRADA MANUAL)
57,72,8,0,0,,0,,,0,0,0,0,0,,0,,0,0,,0,,0,0,0,0,0,0,FINAL (ENTRADA MANUAL)
57,73,1,57,432,,10,,,0,0,0,43,375,,0,,7,0,,2,,0,0,0,69,499,0,FINAL (ENTRADA MANUAL)
57,73,2,0,0,,0,,,0,0,0,0,0,,0,,0,0,,0,,0,0,0,0,0,0,FINAL (ENTRADA MANUAL)
57,73,3,0,5,,0,,,0,0,0,0,5,,0,,0,0,,0,,0,0,0,0,5,0,FINAL (ENTRADA MANUAL)
57,74,1,0,0,,0,,,0,0,0,0,0,,0,,0,0,,0,,0,0,0,0,0,0,FINAL (ENTRADA MANUAL)
57,74,2,0,0,,0,,,0,0,0,0,0,,0,,0,0,,0,,0,0,0,0,0,0,FINAL (ENTRADA MANUAL)
57,75,1,0,0,,0,,,0,0,0,0,0,,0,,0,0,,0,,0,0,0,0,0,0,FINAL (ENTRADA MANUAL)
57,76,1,2,2,,0,,,0,0,0,2,1,,0,,0,0,,0,,0,0,0,1,4,0,FINAL (ENTRADA MANUAL)
57,76,2,0,0,,0,,,0,0,0,0,0,,0,,0,0,,0,,0,0,0,0,0,0,FINAL (ENTRADA MANUAL)
57,76,3,0,1,,0,,,0,0,0,0,0,,0,,0,0,,0,,0,0,0,1,1,0,FINAL (ENTRADA MANUAL)
57,76,5,0,0,,0,,,0,0,0,0,0,,0,,0,0,,0,,0,0,0,0,0,0,FINAL (ENTRADA MANUAL)
57,76,6,0,1,,0,,,0,0,0,0,0,,0,,0,0,,0,,0,0,0,1,1,0,FINAL (ENTRADA MANUAL)
57,77,1,8,10,,1,,,0,0,0,5,7,,0,,0,1,,0,,0,0,0,6,19,0,FINAL (ENTRADA MANUAL)
57,77,2,7,2,,0,,,1,0,0,4,2,,0,,0,0,,0,,0,0,0,4,10,0,FINAL (ENTRADA MANUAL)
57,77,3,0,2,,0,,,0,0,0,0,2,,0,,0,0,,0,,0,0,0,0,2,0,FINAL (ENTRADA MANUAL)
57,77,4,2,3,,0,,,0,1,1,1,3,,0,,0,1,,0,,0,0,0,2,7,0,FINAL (ENTRADA MANUAL)
57,78,1,4,4,,0,,,0,0,0,2,3,,0,,0,0,,0,,0,0,0,3,8,0,FINAL (ENTRADA MANUAL)
57,78,2,0,0,,0,,,0,0,0,0,0,,0,,0,0,,0,,0,0,0,0,0,0,FINAL (ENTRADA MANUAL)
57,78,3,0,0,,0,,,0,0,0,0,0,,0,,0,0,,0,,0,0,0,0,0,0,FINAL (ENTRADA MANUAL)
57,78,4,0,0,,0,,,0,0,0,0,0,,0,,0,0,,0,,0,0,0,0,0,0,FINAL (ENTRADA MANUAL)
58,1,1,93,75,,2,,,0,0,1,69,53,0,0,,2,2,0,3,,0,0,0,42,171,318,FINAL (ENTRADA MANUAL)
58,1,2,89,56,,5,,,0,0,1,69,38,0,2,,2,4,0,1,,1,0,0,35,152,318,FINAL (ENTRADA MANUAL)
58,2,1,157,108,,5,,,0,0,0,134,88,0,2,,2,4,0,4,,0,0,0,36,270,480,FINAL (ENTRADA MANUAL)
58,2,2,175,113,,6,,,0,0,0,121,80,0,4,,5,4,0,3,,1,0,0,77,295,479,FINAL (ENTRADA MANUAL)
58,3,1,152,78,,5,,,0,0,0,106,46,0,4,,4,4,0,2,,0,0,0,69,235,391,FINAL (ENTRADA MANUAL)
58,3,2,129,92,,6,,,0,0,0,92,68,0,5,,1,7,0,4,,1,0,0,50,228,391,FINAL (ENTRADA MANUAL)
58,3,3,120,81,,7,,,0,0,1,85,55,0,1,,3,4,0,0,,2,0,0,61,211,391,FINAL (ENTRADA MANUAL)
58,3,4,146,87,,8,,,0,0,5,93,57,2,5,,4,5,0,3,,2,0,0,77,248,392,FINAL (ENTRADA MANUAL)
58,4,1,110,98,,9,,,0,0,1,76,74,0,5,,0,1,1,2,,0,0,0,59,218,369,FINAL (ENTRADA MANUAL)
58,4,2,109,91,,8,,,0,0,0,81,66,0,4,,2,6,0,2,,3,0,0,47,211,369,FINAL (ENTRADA MANUAL)
58,5,1,166,120,,3,,,0,0,2,112,85,1,1,,4,5,0,2,,0,0,0,81,291,501,FINAL (ENTRADA MANUAL)
58,5,2,146,101,,7,,,0,0,2,103,79,0,4,,6,1,0,5,,2,0,0,58,258,501,FINAL (ENTRADA MANUAL)
58,5,3,149,114,,7,,,0,0,0,102,79,0,6,,4,4,0,2,,2,0,0,73,272,501,FINAL (ENTRADA MANUAL)
58,6,1,146,132,,13,,,0,1,0,101,85,0,9,,6,4,3,7,,0,0,0,77,292,585,FINAL (ENTRADA MANUAL)
58,6,2,153,114,,11,,,1,0,4,111,73,0,6,,4,6,1,2,,1,0,0,80,284,585,FINAL (ENTRADA MANUAL)
58,6,3,127,148,,20,,,0,0,0,78,89,0,10,,5,10,0,5,,2,0,0,98,297,586,FINAL (ENTRADA MANUAL)
58,7,1,128,121,,17,,,0,0,0,82,77,0,11,,1,10,1,6,,2,0,0,78,268,540,FINAL (ENTRADA MANUAL)
58,7,2,146,135,,14,,,1,0,2,88,95,0,9,,4,6,1,8,,3,0,0,87,301,540,FINAL (ENTRADA MANUAL)
58,7,3,158,95,,9,,,0,0,0,107,60,0,5,,2,5,0,5,,2,0,0,78,264,540,FINAL (ENTRADA MANUAL)
58,7,4,172,107,,18,,,1,0,0,120,73,0,14,,5,8,0,4,,1,0,0,74,299,541,FINAL (ENTRADA MANUAL)
58,8,1,118,116,,2,,,0,0,0,82,79,0,1,,3,5,0,1,,0,0,0,65,236,426,FINAL (ENTRADA MANUAL)
58,8,2,126,93,,12,,,0,1,0,85,60,0,8,,2,5,1,1,,0,0,0,70,232,425,FINAL (ENTRADA MANUAL)
58,9,1,73,43,,2,,,0,0,0,51,15,0,0,,3,1,0,2,,2,0,0,46,120,190,FINAL (ENTRADA MANUAL)
58,10,1,115,116,,7,,,0,0,2,85,75,0,4,,2,6,0,4,,1,0,0,64,241,433,FINAL (ENTRADA MANUAL)
58,10,2,128,97,,5,,,0,0,0,85,68,0,5,,1,4,0,2,,1,0,0,65,231,433,FINAL (ENTRADA MANUAL)
58,11,1,97,110,,10,,,0,0,0,76,75,0,7,,2,9,0,2,,0,0,0,46,217,400,FINAL (ENTRADA MANUAL)
58,11,2,101,99,,7,,,0,0,2,68,71,0,4,,0,5,1,4,,0,0,0,56,209,400,FINAL (ENTRADA MANUAL)
58,11,3,103,89,,6,,,0,0,1,77,63,1,3,,3,5,0,5,,1,0,0,42,200,400,FINAL (ENTRADA MANUAL)
58,12,1,60,64,,1,,,0,0,0,46,48,0,1,,1,5,0,1,,0,0,0,23,125,214,FINAL (ENTRADA MANUAL)
58,13,1,143,50,,5,,,0,1,1,101,42,0,4,,6,2,0,2,,1,0,0,43,201,462,FINAL (ENTRADA MANUAL)
58,72,1,255,246,,19,,,0,2,8,204,188,0,14,,19,18,1,4,,0,0,0,82,530,0,FINAL (ENTRADA MANUAL)
58,72,2,4,9,,0,,,0,0,0,3,3,0,0,,2,3,0,0,,0,0,0,2,13,0,FINAL (ENTRADA MANUAL)
58,72,3,253,240,,19,,,0,2,8,203,187,0,14,,18,15,1,4,,0,0,0,80,522,0,FINAL (ENTRADA MANUAL)
58,72,4,65,62,,7,,,0,1,1,52,38,0,5,,2,9,0,3,,2,2,0,27,140,0,FINAL (ENTRADA MANUAL)
58,72,5,19,7,,1,,,0,0,3,14,5,0,1,,3,1,0,0,,0,0,0,6,30,0,FINAL (ENTRADA MANUAL)
58,72,6,3,2,,1,,,0,0,0,2,2,0,0,,1,0,0,1,,0,0,0,0,6,0,FINAL (ENTRADA MANUAL)
58,72,7,1,0,,0,,,0,0,0,1,0,0,0,,0,0,0,0,,0,0,0,0,1,0,FINAL (ENTRADA MANUAL)
58,73,1,182,263,,0,,,0,0,0,161,236,0,0,,1,8,0,0,,0,0,0,39,445,0,FINAL (ENTRADA MANUAL)
58,73,2,0,0,,0,,,0,0,0,0,0,0,0,,0,0,0,0,,0,0,0,0,0,0,FINAL (ENTRADA MANUAL)
58,73,3,0,0,,0,,,0,0,0,0,0,0,0,,0,0,0,0,,0,0,0,0,0,0,FINAL (ENTRADA MANUAL)
58,73,4,253,204,,2,,,0,0,0,214,173,0,0,,3,8,0,2,,3,0,0,59,462,0,FINAL (ENTRADA MANUAL)
58,74,1,0,1,,0,,,0,0,0,0,1,0,0,,0,0,0,0,,0,0,0,0,1,0,FINAL (ENTRADA MANUAL)
58,74,2,0,0,,0,,,0,0,0,0,0,0,0,,0,0,0,0,,0,0,0,0,0,0,FINAL (ENTRADA MANUAL)
58,75,1,5,5,,1,,,1,0,0,2,3,0,1,,2,0,0,0,,0,0,0,4,12,0,FINAL (ENTRADA MANUAL)
58,76,1,8,1,,1,,,0,0,0,5,1,0,1,,0,0,0,0,,0,0,0,3,10,0,FINAL (ENTRADA MANUAL)
58,76,2,0,0,,0,,,0,0,0,0,0,0,0,,0,0,0,0,,0,0,0,0,0,0,FINAL (ENTRADA MANUAL)
58,76,3,3,1,,0,,,0,0,0,2,0,0,0,,0,0,0,0,,0,0,0,2,4,0,FINAL (ENTRADA MANUAL)
58,77,1,10,5,,0,,,0,0,0,5,3,0,0,,0,1,0,1,,0,0,0,5,15,0,FINAL (ENTRADA MANUAL)
58,77,2,9,8,,8,,,0,0,0,4,5,0,5,,1,0,1,2,,0,0,0,7,25,0,FINAL (ENTRADA MANUAL)
58,77,3,1,2,,2,,,0,0,0,0,2,0,1,,0,0,0,0,,0,0,0,2,5,0,FINAL (ENTRADA MANUAL)
58,77,4,12,4,,1,,,0,0,0,10,2,0,1,,1,1,0,0,,0,0,0,2,17,0,FINAL (ENTRADA MANUAL)
58,78,1,24,20,,1,,,0,0,0,13,13,0,1,,1,0,0,0,,0,0,0,17,45,0,FINAL (ENTRADA MANUAL)
58,78,2,0,0,,0,,,0,0,0,0,0,0,0,,0,0,0,0,,0,0,0,0,0,0,FINAL (ENTRADA MANUAL)
58,78,3,0,0,,0,,,0,0,0,0,0,0,0,,0,0,0,0,,0,0,0,0,0,0,FINAL (ENTRADA MANUAL)
58,78,4,0,0,,0,,,0,0,0,0,0,0,0,,0,0,0,0,,0,0,0,0,0,0,FINAL (ENTRADA MANUAL)
59,1,1,74,64,,2,0,0,1,0,1,55,45,,2,0,1,3,,0,0,1,0,0,36,143,241,FINAL (ENTRADA MANUAL)
59,2,1,38,40,,4,4,0,0,0,1,30,28,,4,2,1,1,,2,0,0,0,0,19,87,167,FINAL (ENTRADA MANUAL)
59,3,1,127,83,,12,1,2,0,1,1,92,62,,10,0,0,3,,1,0,1,0,0,59,228,435,FINAL (ENTRADA MANUAL)
59,3,2,102,96,,13,3,1,0,1,0,83,70,,10,3,3,2,,3,0,3,0,0,42,219,435,FINAL (ENTRADA MANUAL)
59,3,3,106,96,,5,3,5,2,0,1,71,63,,3,2,0,3,,6,1,1,0,0,69,219,435,FINAL (ENTRADA MANUAL)
59,3,4,108,91,,10,6,4,1,1,1,71,60,,9,6,2,3,,2,1,1,1,0,68,224,435,FINAL (ENTRADA MANUAL)
59,4,1,100,128,,9,3,4,0,0,0,71,93,,7,2,1,4,,4,1,0,0,0,61,244,483,FINAL (ENTRADA MANUAL)
59,5,1,121,89,,4,0,5,0,1,0,91,63,,4,0,7,4,,2,0,3,0,0,49,223,389,FINAL (ENTRADA MANUAL)
59,6,1,102,134,,9,3,2,0,0,0,69,92,,8,2,2,3,,3,0,1,0,0,71,251,512,FINAL (ENTRADA MANUAL)
59,6,2,123,124,,9,0,4,0,0,0,80,83,,7,0,4,0,,1,1,0,0,0,84,260,512,FINAL (ENTRADA MANUAL)
59,6,3,121,110,,9,0,0,1,0,0,85,67,,8,0,1,4,,1,0,1,0,0,75,242,512,FINAL (ENTRADA MANUAL)
59,6,4,104,126,,10,8,3,0,0,0,78,96,,9,7,1,3,,2,0,0,0,0,55,251,514,FINAL (ENTRADA MANUAL)
59,7,1,108,96,,17,4,4,1,0,1,79,69,,15,0,3,3,,0,0,1,0,0,62,232,472,FINAL (ENTRADA MANUAL)
59,7,2,122,93,,7,0,3,0,0,2,93,67,,4,0,2,2,,1,0,0,0,0,58,227,473,FINAL (ENTRADA MANUAL)
59,8,1,92,111,,7,4,1,1,0,0,63,73,,5,3,6,0,,1,2,2,0,0,63,218,467,FINAL (ENTRADA MANUAL)
59,8,2,91,110,,5,7,0,0,0,1,61,82,,4,3,3,1,,2,0,2,1,0,58,217,467,FINAL (ENTRADA MANUAL)
59,8,3,84,117,,5,3,0,2,0,0,56,84,,5,1,0,1,,2,1,1,0,0,61,212,467,FINAL (ENTRADA MANUAL)
59,8,4,71,122,,11,3,1,0,0,0,51,88,,9,3,2,3,,2,0,0,0,0,50,208,466,FINAL (ENTRADA MANUAL)
59,9,1,107,98,,12,10,4,0,0,0,90,72,,10,6,3,0,,2,1,0,0,0,47,231,426,FINAL (ENTRADA MANUAL)
59,10,1,114,126,,22,0,4,0,0,0,91,88,,20,0,3,4,,5,0,1,0,0,55,267,510,FINAL (ENTRADA MANUAL)
59,10,2,119,96,,18,3,15,1,0,1,84,63,,15,3,3,3,,1,0,2,1,0,81,256,510,FINAL (ENTRADA MANUAL)
59,10,3,111,113,,23,4,4,0,0,1,87,74,,19,1,1,1,,3,0,0,0,0,70,256,510,FINAL (ENTRADA MANUAL)
59,10,4,127,126,,15,5,9,0,0,0,91,77,,12,3,2,3,,6,0,1,0,0,88,283,508,FINAL (ENTRADA MANUAL)
59,11,1,77,73,,19,3,2,0,0,0,58,55,,17,1,4,1,,2,0,2,0,0,36,176,325,FINAL (ENTRADA MANUAL)
59,12,1,94,130,,12,5,1,0,0,0,77,90,,10,4,1,2,,3,0,1,0,0,55,243,406,FINAL (ENTRADA MANUAL)
59,12,2,93,113,,11,7,2,0,0,1,66,67,,10,5,4,3,,0,1,1,0,0,71,228,407,FINAL (ENTRADA MANUAL)
59,13,1,30,39,,42,0,1,1,0,1,22,23,,32,0,3,2,,3,1,1,0,0,28,115,169,FINAL (ENTRADA MANUAL)
59,14,1,108,118,,15,2,9,0,1,0,71,91,,12,0,2,2,,1,0,1,0,0,74,254,423,FINAL (ENTRADA MANUAL)
59,15,1,113,63,,32,5,1,1,1,0,84,42,,26,3,2,4,,3,1,0,0,0,51,216,396,FINAL (ENTRADA MANUAL)
59,15,2,136,67,,17,3,0,0,0,0,105,46,,13,2,1,2,,0,0,2,0,0,54,225,395,FINAL (ENTRADA MANUAL)
59,16,1,87,107,,8,3,0,0,0,0,57,75,,5,2,4,1,,0,0,2,0,0,61,207,412,FINAL (ENTRADA MANUAL)
59,16,2,92,113,,6,1,0,0,1,1,68,79,,3,1,2,0,,1,0,1,0,0,60,215,412,FINAL (ENTRADA MANUAL)
59,16,3,80,117,,4,1,2,0,0,0,49,75,,3,1,5,7,,0,0,0,0,0,64,204,411,FINAL (ENTRADA MANUAL)
59,72,1,26,8,,0,0,0,0,0,0,13,5,,0,0,2,0,,0,0,0,0,0,14,34,0,FINAL (ENTRADA MANUAL)
59,72,2,0,0,,0,0,0,0,0,0,0,0,,0,0,0,0,,0,0,0,0,0,0,0,0,FINAL (ENTRADA MANUAL)
59,72,3,824,208,,17,4,9,1,3,0,640,159,,13,4,93,9,,1,0,0,0,1,147,1067,0,FINAL (ENTRADA MANUAL)
59,72,4,122,38,,6,1,0,0,0,0,98,28,,6,1,8,2,,2,0,0,0,0,22,167,0,FINAL (ENTRADA MANUAL)
59,72,5,29,9,,0,0,0,0,0,0,17,9,,0,0,5,0,,0,0,0,0,0,7,38,0,FINAL (ENTRADA MANUAL)
59,72,6,3,0,,0,0,0,0,0,0,3,0,,0,0,0,0,,0,0,0,0,0,0,3,0,FINAL (ENTRADA MANUAL)
59,72,7,1,0,,0,0,0,0,0,0,1,0,,0,0,0,0,,0,0,0,0,0,0,1,0,FINAL (ENTRADA MANUAL)
59,72,8,5,1,,0,1,0,0,0,0,4,0,,0,1,1,0,,0,0,0,0,0,1,7,0,FINAL (ENTRADA MANUAL)
59,72,9,12,2,,1,0,0,0,0,0,9,0,,1,0,0,0,,0,0,0,0,0,5,15,0,FINAL (ENTRADA MANUAL)
59,73,1,278,719,,19,2,3,0,6,1,212,549,,14,2,6,52,,2,0,0,1,0,191,1029,0,FINAL (ENTRADA MANUAL)
59,73,2,0,0,,0,0,0,0,0,0,0,0,,0,0,0,0,,0,0,0,0,0,0,0,0,FINAL (ENTRADA MANUAL)
59,73,3,0,0,,0,0,0,0,0,0,0,0,,0,0,0,0,,0,0,0,0,0,0,0,0,FINAL (ENTRADA MANUAL)
59,73,4,4,13,,0,0,0,0,0,0,4,13,,0,0,0,0,,0,0,0,2,0,0,19,0,FINAL (ENTRADA MANUAL)
59,74,1,0,0,,0,0,0,0,0,0,0,0,,0,0,0,0,,0,0,0,0,0,0,0,0,FINAL (ENTRADA MANUAL)
59,74,2,0,0,,0,0,0,0,0,0,0,0,,0,0,0,0,,0,0,0,0,0,0,0,0,FINAL (ENTRADA MANUAL)
59,75,1,1,0,,0,0,0,0,0,0,1,0,,0,0,0,0,,0,0,0,0,0,0,1,0,FINAL (ENTRADA MANUAL)
59,76,1,7,3,,0,0,0,0,0,0,5,1,,0,0,0,0,,0,0,0,0,0,4,10,0,FINAL (ENTRADA MANUAL)
59,76,2,1,0,,0,0,0,0,0,0,1,0,,0,0,0,0,,0,0,0,0,0,0,1,0,FINAL (ENTRADA MANUAL)
59,76,3,5,1,,0,0,0,0,0,0,5,1,,0,0,0,0,,0,0,0,0,0,0,6,0,FINAL (ENTRADA MANUAL)
59,76,4,0,0,,0,0,0,0,0,0,0,0,,0,0,0,0,,0,0,0,0,0,0,0,0,FINAL (ENTRADA MANUAL)
59,77,1,0,0,,0,0,0,0,0,0,0,0,,0,0,0,0,,0,0,0,0,0,0,0,0,FINAL (ENTRADA MANUAL)
59,77,2,17,13,,8,0,2,0,0,1,11,10,,7,0,2,4,,0,0,0,0,0,7,41,0,FINAL (ENTRADA MANUAL)
59,77,3,3,5,,1,0,0,0,0,0,2,1,,0,0,0,2,,1,0,0,0,0,3,9,0,FINAL (ENTRADA MANUAL)
59,78,1,24,13,,0,0,0,0,0,0,17,10,,0,0,0,0,,0,0,0,0,0,10,37,0,FINAL (ENTRADA MANUAL)
59,78,2,0,0,,0,0,0,0,0,0,0,0,,0,0,0,0,,0,0,0,0,0,0,0,0,FINAL (ENTRADA MANUAL)
59,78,3,0,0,,0,0,0,0,0,0,0,0,,0,0,0,0,,0,0,0,0,0,0,0,0,FINAL (ENTRADA MANUAL)
59,78,4,0,0,,0,0,0,0,0,0,0,0,,0,0,0,0,,0,0,0,0,0,0,0,0,FINAL (ENTRADA MANUAL)
60,1,1,46,152,8,10,12,,1,1,2,42,106,8,9,12,3,2,1,3,1,0,0,0,45,232,400,FINAL (ENTRADA MANUAL)
60,1,2,42,161,1,11,10,,0,0,0,39,93,1,9,7,7,2,2,2,0,1,0,0,63,226,401,FINAL (ENTRADA MANUAL)
60,2,1,59,139,3,7,17,,0,0,1,52,90,2,6,13,6,2,2,1,0,2,0,0,52,228,428,FINAL (ENTRADA MANUAL)
60,2,2,46,150,1,15,14,,1,0,1,43,97,0,8,10,5,2,0,0,1,0,0,0,62,228,428,FINAL (ENTRADA MANUAL)
60,2,3,44,123,2,6,22,,0,0,0,41,87,2,5,22,4,2,1,3,1,1,0,0,29,198,428,FINAL (ENTRADA MANUAL)
60,2,4,41,158,0,5,18,,0,0,0,39,112,0,3,15,4,2,0,2,2,1,1,0,43,224,427,FINAL (ENTRADA MANUAL)
60,3,1,72,100,1,9,5,,0,0,1,64,66,1,9,5,1,1,6,3,1,0,0,0,31,188,408,FINAL (ENTRADA MANUAL)
60,72,1,6,5,0,1,0,,0,0,0,5,2,0,1,0,0,0,0,0,0,0,0,0,4,12,0,FINAL (ENTRADA MANUAL)
60,72,2,0,0,0,0,0,,0,0,0,0,0,0,0,0,0,0,0,0,0,0,0,0,0,0,0,FINAL (ENTRADA MANUAL)
60,72,3,18,16,0,2,4,,0,0,0,12,11,0,1,4,3,0,0,1,0,0,0,0,8,40,0,FINAL (ENTRADA MANUAL)
60,72,4,5,8,0,0,0,,0,0,0,5,7,0,0,0,0,1,0,0,0,0,0,0,0,13,0,FINAL (ENTRADA MANUAL)
60,72,5,1,1,0,0,1,,0,0,0,1,1,0,0,1,0,0,0,0,0,0,0,0,0,3,0,FINAL (ENTRADA MANUAL)
60,72,6,2,0,0,0,0,,0,0,0,2,0,0,0,0,0,0,0,0,0,0,0,0,0,2,0,FINAL (ENTRADA MANUAL)
60,72,7,0,1,0,0,0,,0,0,0,0,1,0,0,0,0,0,0,0,0,0,0,0,0,1,0,FINAL (ENTRADA MANUAL)
60,72,8,0,0,0,0,0,,0,0,0,0,0,0,0,0,0,0,0,0,0,0,0,0,0,0,0,FINAL (ENTRADA MANUAL)
60,73,1,2,41,0,1,0,,0,1,0,1,27,0,0,0,0,0,0,0,0,1,0,0,17,46,0,FINAL (ENTRADA MANUAL)
60,73,2,2,6,0,0,0,,0,0,0,2,6,0,0,0,0,0,0,0,0,0,0,0,0,8,0,FINAL (ENTRADA MANUAL)
60,74,1,1,0,0,0,0,,0,0,0,1,0,0,0,0,0,0,0,0,0,0,0,0,0,1,0,FINAL (ENTRADA MANUAL)
60,74,2,0,0,0,0,0,,0,0,0,0,0,0,0,0,0,0,0,0,0,0,0,0,0,0,0,FINAL (ENTRADA MANUAL)
60,75,1,0,0,0,0,0,,0,0,0,0,0,0,0,0,0,0,0,0,0,0,0,0,0,0,0,FINAL (ENTRADA MANUAL)
60,76,1,2,1,0,0,0,,0,0,0,1,0,0,0,0,0,0,0,0,0,0,0,0,2,3,0,FINAL (ENTRADA MANUAL)
60,76,2,0,0,0,0,0,,0,0,0,0,0,0,0,0,0,0,0,0,0,0,0,0,0,0,0,FINAL (ENTRADA MANUAL)
60,76,3,1,0,0,0,0,,0,0,0,0,0,0,0,0,0,0,0,0,0,0,0,0,1,1,0,FINAL (ENTRADA MANUAL)
60,77,1,0,0,0,0,0,,0,0,0,0,0,0,0,0,0,0,0,0,0,0,0,0,0,0,0,FINAL (ENTRADA MANUAL)
60,77,2,0,3,0,4,0,,0,0,0,0,1,0,4,0,1,0,0,0,0,0,0,0,0,7,0,FINAL (ENTRADA MANUAL)
60,77,3,1,0,0,0,0,,0,0,0,0,0,0,0,0,0,0,0,0,0,0,0,0,1,1,0,FINAL (ENTRADA MANUAL)
60,77,4,0,2,0,0,0,,0,0,0,0,2,0,0,0,0,0,0,0,0,0,0,0,0,2,0,FINAL (ENTRADA MANUAL)
60,78,1,6,18,0,1,1,,0,0,1,3,9,0,1,1,0,2,0,0,0,0,0,0,11,27,0,FINAL (ENTRADA MANUAL)
60,78,2,0,0,0,0,0,,0,0,0,0,0,0,0,0,0,0,0,0,0,0,0,0,0,0,0,FINAL (ENTRADA MANUAL)
60,78,3,0,0,0,0,0,,0,0,0,0,0,0,0,0,0,0,0,0,0,0,0,0,0,0,0,FINAL (ENTRADA MANUAL)
60,78,4,0,0,0,0,0,,0,0,0,0,0,0,0,0,0,0,0,0,0,0,0,0,0,0,0,FINAL (ENTRADA MANUAL)
61,1,1,56,194,6,16,13,,0,0,0,48,120,4,11,12,4,1,4,8,1,3,0,0,72,288,487,FINAL (ENTRADA MANUAL)
61,1,2,58,166,3,16,14,,1,0,0,49,106,2,12,10,0,4,0,2,0,2,0,0,73,260,487,FINAL (ENTRADA MANUAL)
61,1,3,59,194,3,10,21,,1,0,1,56,112,0,8,19,4,1,2,5,2,0,0,0,80,289,487,FINAL (ENTRADA MANUAL)
61,1,4,39,172,5,12,26,,0,0,0,33,112,2,8,22,5,2,2,3,0,1,0,0,65,255,487,FINAL (ENTRADA MANUAL)
61,1,5,61,157,9,11,17,,0,0,0,48,92,5,8,14,6,1,2,5,1,0,0,0,73,255,487,FINAL (ENTRADA MANUAL)
61,1,6,52,187,5,7,10,,0,0,1,46,122,2,5,7,4,1,2,4,1,0,0,0,68,262,487,FINAL (ENTRADA MANUAL)
61,1,7,48,179,5,13,14,,1,0,0,43,103,2,9,11,5,5,4,2,2,1,0,0,74,261,487,FINAL (ENTRADA MANUAL)
61,1,8,40,184,4,9,10,,0,0,0,31,103,3,4,7,5,5,3,2,1,0,0,0,83,247,487,FINAL (ENTRADA MANUAL)
61,1,9,60,162,3,13,20,,0,0,1,52,107,2,10,19,3,1,0,3,0,0,0,0,62,259,489,FINAL (ENTRADA MANUAL)
61,2,1,33,130,1,4,10,,0,0,1,25,75,1,4,8,0,2,0,1,2,1,2,0,61,182,348,FINAL (ENTRADA MANUAL)
61,2,2,26,114,2,6,8,,0,1,1,23,78,1,6,7,1,0,0,0,0,0,1,0,42,159,348,FINAL (ENTRADA MANUAL)
61,2,3,33,129,0,6,7,,0,0,1,24,78,0,5,5,1,1,2,0,2,1,0,0,58,177,347,FINAL (ENTRADA MANUAL)
61,3,1,48,154,3,13,18,,0,0,0,42,100,2,12,12,1,1,1,8,1,2,1,1,56,240,514,FINAL (ENTRADA MANUAL)
61,3,2,54,151,8,16,11,,0,1,0,48,88,3,13,8,1,4,0,2,0,2,0,0,74,243,514,FINAL (ENTRADA MANUAL)
61,3,3,41,161,5,8,16,,0,0,0,37,100,2,6,12,2,2,0,3,0,1,1,0,67,233,514,FINAL (ENTRADA MANUAL)
61,3,4,47,172,3,7,14,,2,0,0,39,125,2,4,8,1,3,2,2,1,1,1,0,58,247,514,FINAL (ENTRADA MANUAL)
61,3,5,45,180,9,13,12,,1,0,0,39,127,6,11,10,2,1,2,2,1,1,0,0,59,261,514,FINAL (ENTRADA MANUAL)
61,3,6,53,174,4,15,14,,0,0,2,48,112,4,12,12,12,1,1,3,0,0,0,0,57,262,512,FINAL (ENTRADA MANUAL)
61,4,1,39,114,0,10,12,,0,0,0,35,86,0,10,11,0,1,1,0,0,1,0,0,31,176,305,FINAL (ENTRADA MANUAL)
61,4,2,40,103,0,3,7,,0,0,0,34,81,0,2,5,2,0,0,1,1,1,0,0,27,154,305,FINAL (ENTRADA MANUAL)
61,5,1,36,143,3,5,6,,0,0,0,29,85,1,5,3,3,1,2,0,1,1,0,0,63,194,376,FINAL (ENTRADA MANUAL)
61,5,2,40,136,2,4,5,,1,0,0,35,89,1,2,5,1,0,2,1,2,0,0,0,50,188,375,FINAL (ENTRADA MANUAL)
61,6,1,53,178,6,11,10,,2,0,0,46,113,4,8,9,1,2,1,1,1,1,0,0,74,261,550,FINAL (ENTRADA MANUAL)
61,6,2,44,157,9,19,12,,0,0,0,34,79,8,15,8,1,6,2,2,1,0,0,0,85,241,550,FINAL (ENTRADA MANUAL)
61,6,3,39,142,4,16,8,,1,0,1,33,80,1,15,7,5,4,3,4,0,0,0,0,59,211,550,FINAL (ENTRADA MANUAL)
61,6,4,47,156,4,10,11,,0,0,0,42,106,1,8,9,5,2,2,2,2,0,2,0,49,230,549,FINAL (ENTRADA MANUAL)
61,7,1,54,183,2,4,10,,0,0,0,44,105,1,3,7,3,1,1,6,0,3,0,0,82,256,432,FINAL (ENTRADA MANUAL)
61,7,2,56,176,6,16,11,,0,0,1,49,115,3,15,8,2,3,1,3,0,0,0,0,67,266,432,FINAL (ENTRADA MANUAL)
61,7,3,41,164,4,9,14,,0,0,0,34,112,4,7,14,0,2,0,9,0,1,0,0,50,233,432,FINAL (ENTRADA MANUAL)
61,7,4,38,168,9,19,6,,0,1,2,32,107,7,18,5,4,2,3,6,0,1,0,0,59,244,432,FINAL (ENTRADA MANUAL)
61,7,5,40,157,5,8,17,,0,0,0,36,120,5,8,13,0,4,0,0,2,1,0,0,39,228,432,FINAL (ENTRADA MANUAL)
61,8,1,62,152,2,11,16,,0,0,1,55,88,1,8,12,5,2,0,1,3,0,0,0,69,244,456,FINAL (ENTRADA MANUAL)
61,8,2,50,132,2,6,5,,0,1,1,44,88,2,6,5,2,1,0,1,0,1,0,0,48,197,456,FINAL (ENTRADA MANUAL)
61,9,1,63,161,4,10,5,,0,1,0,56,104,2,9,3,4,3,2,3,0,2,0,0,58,246,506,FINAL (ENTRADA MANUAL)
61,9,2,48,151,4,17,9,,0,0,0,46,99,1,15,6,3,1,1,1,0,2,0,0,56,231,505,FINAL (ENTRADA MANUAL)
61,10,1,47,163,4,13,9,,0,0,0,37,101,4,8,8,8,1,1,2,1,1,0,0,65,237,419,FINAL (ENTRADA MANUAL)
61,10,2,32,126,5,12,9,,1,0,3,29,69,0,9,9,1,1,3,3,2,1,0,0,62,189,419,FINAL (ENTRADA MANUAL)
61,10,3,48,160,9,12,14,,4,0,0,42,101,7,9,11,9,6,2,7,1,0,0,0,52,247,419,FINAL (ENTRADA MANUAL)
61,10,4,48,157,3,18,12,,0,0,1,43,93,1,13,6,6,7,0,5,5,0,0,0,60,239,419,FINAL (ENTRADA MANUAL)
61,10,5,38,137,3,14,9,,1,0,2,32,91,0,11,8,2,5,7,3,1,2,1,0,44,207,419,FINAL (ENTRADA MANUAL)
61,10,6,54,143,7,9,11,,0,0,0,47,87,3,7,10,3,5,2,4,1,2,0,0,55,226,419,FINAL (ENTRADA MANUAL)
61,11,1,59,165,5,5,7,,0,0,0,50,125,3,4,6,5,3,1,2,1,4,0,0,41,245,406,FINAL (ENTRADA MANUAL)
61,11,2,47,150,5,21,3,,1,0,0,38,111,3,18,3,5,1,2,4,1,0,0,0,41,227,406,FINAL (ENTRADA MANUAL)
61,11,3,36,164,1,18,10,,1,1,1,33,92,1,12,8,2,0,0,3,1,6,0,0,80,238,406,FINAL (ENTRADA MANUAL)
61,11,4,51,149,1,9,7,,1,0,1,43,97,0,7,7,3,0,1,3,0,1,0,0,58,220,404,FINAL (ENTRADA MANUAL)
61,12,1,64,172,0,7,13,,0,0,2,54,109,0,5,8,3,1,0,2,0,2,0,0,74,258,511,FINAL (ENTRADA MANUAL)
61,12,2,51,175,5,3,19,,0,0,1,43,112,1,2,15,1,1,1,5,0,1,1,0,73,256,511,FINAL (ENTRADA MANUAL)
61,12,3,48,162,3,12,15,,0,0,1,40,99,2,11,11,2,2,1,0,2,1,0,0,71,242,511,FINAL (ENTRADA MANUAL)
61,12,4,56,159,2,7,16,,0,1,2,40,95,1,7,13,3,4,2,1,0,0,1,0,77,244,512,FINAL (ENTRADA MANUAL)
61,13,1,57,191,5,10,23,,0,0,0,49,114,2,6,15,3,4,2,12,0,0,0,0,79,286,473,FINAL (ENTRADA MANUAL)
61,13,2,44,192,8,14,17,,1,0,1,38,123,4,12,12,4,4,1,6,0,1,0,0,73,278,473,FINAL (ENTRADA MANUAL)
61,13,3,56,179,6,16,12,,0,0,0,55,121,4,12,8,8,2,4,2,2,1,0,0,51,270,473,FINAL (ENTRADA MANUAL)
61,13,4,41,171,2,17,27,,0,0,0,36,97,2,10,20,3,4,2,2,3,0,0,0,79,258,473,FINAL (ENTRADA MANUAL)
61,13,5,47,188,8,9,20,,0,0,1,41,123,5,8,15,2,2,0,3,0,1,0,0,74,274,473,FINAL (ENTRADA MANUAL)
61,13,6,53,170,6,12,9,,1,0,1,49,127,3,9,8,3,4,2,5,0,1,0,0,42,253,472,FINAL (ENTRADA MANUAL)
61,14,1,46,190,2,11,11,,0,0,0,42,131,0,10,9,0,0,1,2,0,1,0,0,65,261,510,FINAL (ENTRADA MANUAL)
61,14,2,56,169,5,12,12,,2,0,2,46,95,2,8,9,0,1,1,5,2,3,0,0,89,261,510,FINAL (ENTRADA MANUAL)
61,14,3,45,167,6,12,6,,0,0,0,41,116,3,7,6,3,3,2,2,1,4,0,0,52,240,510,FINAL (ENTRADA MANUAL)
61,14,4,58,166,2,5,11,,0,0,0,46,101,1,4,8,3,2,4,3,2,1,0,0,68,243,510,FINAL (ENTRADA MANUAL)
61,14,5,31,173,6,5,21,,0,1,1,28,134,3,5,20,3,1,2,4,0,3,1,0,38,242,510,FINAL (ENTRADA MANUAL)
61,14,6,53,164,3,11,12,,0,1,1,51,132,2,11,11,1,3,1,0,1,1,0,0,32,246,508,FINAL (ENTRADA MANUAL)
61,15,1,38,130,7,17,19,,0,0,0,33,85,4,17,15,5,2,0,2,2,0,0,0,46,211,341,FINAL (ENTRADA MANUAL)
61,15,2,38,125,9,16,15,,0,0,0,28,76,6,15,9,2,1,2,1,1,2,1,0,62,206,341,FINAL (ENTRADA MANUAL)
61,15,3,42,149,8,20,10,,0,0,0,37,94,3,17,10,4,3,5,3,1,1,0,0,52,230,341,FINAL (ENTRADA MANUAL)
61,16,1,45,192,2,10,8,,2,0,0,35,119,2,6,7,6,1,1,5,1,1,0,0,76,260,456,FINAL (ENTRADA MANUAL)
61,16,2,47,180,3,7,15,,0,0,1,38,98,2,5,11,4,3,1,6,0,2,2,0,85,257,456,FINAL (ENTRADA MANUAL)
61,16,3,44,170,8,17,12,,2,0,0,39,117,4,11,10,3,1,0,3,0,3,0,0,65,256,456,FINAL (ENTRADA MANUAL)
61,16,4,47,182,7,9,15,,0,0,1,41,113,5,6,12,6,3,2,4,2,0,1,0,67,262,456,FINAL (ENTRADA MANUAL)
61,16,5,48,177,2,9,13,,0,0,0,43,121,1,6,13,1,1,1,3,0,3,1,0,59,253,456,FINAL (ENTRADA MANUAL)
61,16,6,51,177,0,9,12,,1,0,1,47,133,0,8,10,4,5,1,2,1,0,0,0,40,251,453,FINAL (ENTRADA MANUAL)
61,17,1,59,163,2,17,14,,0,0,1,51,103,2,11,10,3,3,2,4,0,0,2,0,67,258,421,FINAL (ENTRADA MANUAL)
61,17,2,67,150,7,16,19,,1,0,1,59,86,5,14,17,3,5,2,4,1,0,0,0,65,261,421,FINAL (ENTRADA MANUAL)
61,17,3,61,148,8,16,14,,0,0,0,50,109,5,13,14,8,7,2,3,3,0,0,0,33,247,422,FINAL (ENTRADA MANUAL)
61,18,1,53,155,11,12,7,,1,0,0,46,94,7,9,7,0,4,1,1,0,1,0,0,70,240,456,FINAL (ENTRADA MANUAL)
61,18,2,43,163,10,19,11,,0,0,0,40,112,3,14,8,3,1,1,5,0,0,0,0,59,246,456,FINAL (ENTRADA MANUAL)
61,18,3,59,148,9,10,8,,0,0,0,52,85,6,7,5,3,5,2,9,1,0,0,0,59,234,456,FINAL (ENTRADA MANUAL)
61,18,4,38,157,10,15,9,,1,0,3,34,120,7,13,6,3,5,1,6,2,0,0,0,36,233,456,FINAL (ENTRADA MANUAL)
61,18,5,49,153,7,20,7,,0,0,0,42,103,4,13,6,6,1,1,9,1,5,0,0,50,241,456,FINAL (ENTRADA MANUAL)
61,18,6,45,176,8,10,11,,0,0,0,37,126,5,9,9,3,6,7,2,2,0,0,0,44,250,453,FINAL (ENTRADA MANUAL)
61,19,1,49,153,3,13,11,,0,1,0,42,106,1,9,6,0,1,0,1,0,0,0,0,64,230,505,FINAL (ENTRADA MANUAL)
61,19,2,45,121,2,6,10,,0,0,0,34,66,1,5,9,1,0,1,1,3,0,0,0,63,184,505,FINAL (ENTRADA MANUAL)
61,19,3,33,148,2,8,8,,0,0,0,27,102,1,6,8,4,0,1,3,2,2,0,0,45,201,506,FINAL (ENTRADA MANUAL)
61,20,1,47,132,4,6,9,,0,0,0,40,80,1,6,7,2,0,1,1,2,1,0,0,58,199,450,FINAL (ENTRADA MANUAL)
61,20,2,47,138,2,11,8,,1,0,0,37,88,0,11,7,3,3,1,1,1,0,0,0,55,207,450,FINAL (ENTRADA MANUAL)
61,20,3,32,168,1,8,7,,0,0,1,28,99,1,5,5,5,2,0,3,1,2,0,0,68,219,450,FINAL (ENTRADA MANUAL)
61,20,4,35,107,4,4,7,,0,0,0,34,83,2,3,7,1,1,1,2,2,1,0,0,21,158,450,FINAL (ENTRADA MANUAL)
61,20,5,33,101,2,6,7,,0,1,0,31,76,2,5,7,3,3,2,5,0,1,0,0,16,151,449,FINAL (ENTRADA MANUAL)
61,21,1,51,199,6,17,11,,0,0,2,45,129,5,11,10,7,4,1,2,0,2,0,0,72,288,449,FINAL (ENTRADA MANUAL)
61,21,2,43,176,10,14,6,,1,0,0,40,131,7,11,6,2,0,0,4,0,0,0,0,49,250,449,FINAL (ENTRADA MANUAL)
61,21,3,44,181,5,14,9,,0,0,0,36,112,5,8,7,3,4,0,2,0,0,0,0,76,253,449,FINAL (ENTRADA MANUAL)
61,21,4,38,198,7,16,11,,0,0,0,30,117,4,9,10,7,2,0,4,0,1,1,0,87,272,449,FINAL (ENTRADA MANUAL)
61,21,5,54,182,6,15,10,,0,0,0,53,141,1,10,10,8,7,3,11,1,2,0,0,22,269,449,FINAL (ENTRADA MANUAL)
61,21,6,44,197,5,16,9,,0,0,1,38,124,1,13,6,8,2,2,9,1,1,0,0,68,273,449,FINAL (ENTRADA MANUAL)
61,21,7,46,193,4,21,5,,1,0,0,36,129,2,13,3,6,3,1,6,0,1,1,0,71,272,447,FINAL (ENTRADA MANUAL)
61,22,1,44,195,2,7,17,,0,1,1,37,124,1,5,15,1,2,1,3,1,1,0,0,77,268,533,FINAL (ENTRADA MANUAL)
61,22,2,40,192,0,3,16,,0,0,0,36,142,0,2,14,0,3,0,1,1,0,0,0,52,251,533,FINAL (ENTRADA MANUAL)
61,22,3,53,180,4,8,13,,1,0,0,50,116,1,7,9,10,2,0,3,1,2,0,0,60,261,533,FINAL (ENTRADA MANUAL)
61,23,1,25,128,1,7,8,,0,0,2,20,84,0,3,8,3,2,0,1,0,0,0,0,50,171,343,FINAL (ENTRADA MANUAL)
61,23,2,32,129,0,3,11,,0,0,0,30,66,0,3,10,2,4,0,0,3,0,0,0,57,175,343,FINAL (ENTRADA MANUAL)
61,23,3,24,120,0,4,15,,0,0,0,20,78,0,4,14,2,4,0,3,1,2,0,0,37,165,344,FINAL (ENTRADA MANUAL)
61,24,1,47,191,9,16,10,,0,0,0,41,120,5,13,10,2,9,4,5,1,0,1,0,63,274,434,FINAL (ENTRADA MANUAL)
61,24,2,44,189,8,11,8,,1,0,0,37,111,4,11,4,1,8,1,4,4,4,0,0,76,265,434,FINAL (ENTRADA MANUAL)
61,24,3,47,171,12,18,10,,0,0,0,35,102,4,14,8,5,3,3,8,3,3,0,0,73,261,434,FINAL (ENTRADA MANUAL)
61,24,4,50,167,15,13,12,,0,0,0,42,105,7,10,10,3,5,3,6,2,2,0,0,64,259,434,FINAL (ENTRADA MANUAL)
61,25,1,68,152,12,19,13,,0,1,0,60,103,7,13,10,2,1,4,4,0,1,0,0,61,266,420,FINAL (ENTRADA MANUAL)
61,25,2,45,147,14,10,7,,0,0,0,41,97,9,7,4,4,5,2,7,2,0,0,0,45,223,420,FINAL (ENTRADA MANUAL)
61,25,3,39,146,9,18,8,,0,0,0,34,97,5,16,7,4,2,1,4,0,2,0,0,50,222,420,FINAL (ENTRADA MANUAL)
61,25,4,59,148,7,14,11,,1,0,1,51,89,2,8,8,3,3,2,6,0,1,0,0,69,242,420,FINAL (ENTRADA MANUAL)
61,25,5,37,151,4,15,13,,0,0,0,30,108,3,13,10,3,4,0,2,0,2,0,0,47,222,420,FINAL (ENTRADA MANUAL)
61,26,1,57,171,3,9,7,,0,0,0,48,129,1,9,6,4,1,0,2,2,1,0,0,45,248,507,FINAL (ENTRADA MANUAL)
61,26,2,55,175,3,9,12,,0,0,0,51,117,2,7,10,7,1,0,9,1,1,0,0,49,255,507,FINAL (ENTRADA MANUAL)
61,26,3,41,186,1,7,13,,0,1,0,31,118,1,6,13,1,1,2,0,0,2,0,0,76,251,507,FINAL (ENTRADA MANUAL)
61,72,1,308,148,3,10,14,,2,0,1,281,83,1,9,10,14,3,1,1,0,0,0,0,83,486,0,FINAL (ENTRADA MANUAL)
61,72,2,62,33,0,6,1,,0,0,0,62,22,0,6,1,2,1,0,0,0,4,1,0,8,107,0,FINAL (ENTRADA MANUAL)
61,72,3,10,15,0,2,0,,0,0,0,9,9,0,2,0,2,0,1,1,0,0,0,0,3,27,0,FINAL (ENTRADA MANUAL)
61,72,4,135,108,7,11,17,,0,0,0,115,61,2,9,10,22,6,2,3,0,9,1,0,48,288,0,FINAL (ENTRADA MANUAL)
61,72,5,25,5,0,0,0,,0,0,0,22,2,0,0,0,1,0,0,0,0,0,0,0,5,30,0,FINAL (ENTRADA MANUAL)
61,72,6,4,3,0,1,0,,0,0,0,4,3,0,1,0,0,0,0,0,0,1,0,0,0,9,0,FINAL (ENTRADA MANUAL)
61,72,7,0,0,0,0,0,,0,0,0,0,0,0,0,0,0,0,0,0,0,0,0,0,0,0,0,FINAL (ENTRADA MANUAL)
61,72,8,3,1,0,1,0,,0,0,0,3,1,0,0,0,0,0,0,1,0,1,1,0,0,7,0,FINAL (ENTRADA MANUAL)
61,73,1,73,566,3,12,9,,0,0,1,66,445,3,8,7,4,3,1,3,0,0,0,0,124,664,0,FINAL (ENTRADA MANUAL)
61,73,2,0,0,0,0,0,,0,0,0,0,0,0,0,0,0,0,0,0,0,0,0,0,0,0,0,FINAL (ENTRADA MANUAL)
61,73,3,0,0,0,0,0,,0,0,0,0,0,0,0,0,0,0,0,0,0,0,0,0,0,0,0,FINAL (ENTRADA MANUAL)
61,73,4,23,110,0,2,2,,0,0,4,23,98,0,1,2,1,1,0,0,1,4,0,0,10,141,0,FINAL (ENTRADA MANUAL)
61,74,1,1,1,0,1,0,,0,0,0,1,1,0,1,0,0,0,0,0,0,0,0,0,0,3,0,FINAL (ENTRADA MANUAL)
61,74,2,0,0,0,0,0,,0,0,0,0,0,0,0,0,0,0,0,0,0,0,0,0,0,0,0,FINAL (ENTRADA MANUAL)
61,75,1,0,0,0,0,0,,0,0,1,0,0,0,0,0,0,0,0,0,0,0,0,0,1,1,0,FINAL (ENTRADA MANUAL)
61,76,1,53,14,0,3,3,,0,0,1,37,9,0,2,1,1,1,0,0,0,1,0,0,23,75,0,FINAL (ENTRADA MANUAL)
61,76,2,0,0,0,0,0,,0,0,0,0,0,0,0,0,0,0,0,0,0,0,0,0,0,0,0,FINAL (ENTRADA MANUAL)
61,76,3,23,11,1,0,1,,0,1,0,18,4,0,0,0,2,0,0,0,0,0,0,0,13,37,0,FINAL (ENTRADA MANUAL)
61,76,4,1,0,0,0,0,,0,0,0,1,0,0,0,0,0,0,0,0,0,0,0,0,0,1,0,FINAL (ENTRADA MANUAL)
61,76,5,0,0,0,2,0,,0,0,0,0,0,0,1,0,0,0,0,0,0,0,0,0,1,2,0,FINAL (ENTRADA MANUAL)
61,76,6,0,0,0,0,0,,0,0,0,0,0,0,0,0,0,0,0,0,0,0,0,0,0,0,0,FINAL (ENTRADA MANUAL)
61,77,1,0,0,0,0,0,,0,0,0,0,0,0,0,0,0,0,0,0,0,0,0,0,0,0,0,FINAL (ENTRADA MANUAL)
61,77,2,2,49,13,18,6,,0,0,0,1,28,6,16,6,0,5,3,4,0,0,0,0,22,90,0,FINAL (ENTRADA MANUAL)
61,77,3,2,2,1,0,0,,0,0,0,1,2,1,0,0,0,0,0,1,0,0,0,0,0,5,0,FINAL (ENTRADA MANUAL)
61,77,4,4,7,2,4,0,,0,0,0,4,7,2,3,0,0,0,0,1,0,0,0,0,0,17,0,FINAL (ENTRADA MANUAL)
61,78,1,87,205,4,16,19,,0,2,2,70,146,1,13,14,3,0,1,2,0,0,0,0,85,335,0,FINAL (ENTRADA MANUAL)
61,78,2,0,0,0,0,0,,0,0,0,0,0,0,0,0,0,0,0,0,0,0,0,0,0,0,0,FINAL (ENTRADA MANUAL)
61,78,3,0,0,0,0,0,,0,0,0,0,0,0,0,0,0,0,0,0,0,0,0,0,0,0,0,FINAL (ENTRADA MANUAL)
61,78,4,0,1,0,0,0,,0,0,1,0,1,0,0,0,0,0,0,0,0,1,0,0,0,2,0,FINAL (ENTRADA MANUAL)
62,1,1,48,169,1,6,6,,0,0,1,38,106,0,5,3,3,0,1,0,1,0,0,0,74,231,449,FINAL (ENTRADA MANUAL)
62,2,1,57,173,4,9,12,,2,0,0,55,124,2,7,9,7,2,1,2,0,1,0,0,48,258,436,FINAL (ENTRADA MANUAL)
62,2,2,65,165,2,14,24,,0,1,0,58,109,0,13,18,3,2,1,4,2,1,0,0,61,272,436,FINAL (ENTRADA MANUAL)
62,2,3,63,172,2,9,11,,0,0,4,54,117,2,7,8,3,1,0,2,1,3,0,0,66,264,436,FINAL (ENTRADA MANUAL)
62,3,1,69,153,4,3,5,,0,0,1,56,90,2,3,4,12,3,2,1,0,3,0,0,62,238,411,FINAL (ENTRADA MANUAL)
62,4,1,57,202,3,10,25,,0,0,1,47,141,2,8,19,5,2,0,3,2,2,0,0,69,300,467,FINAL (ENTRADA MANUAL)
62,4,2,53,158,3,12,8,,1,0,1,42,95,3,10,6,3,2,1,4,0,2,1,0,70,239,467,FINAL (ENTRADA MANUAL)
62,4,3,40,158,3,10,14,,0,0,0,35,107,3,6,13,2,3,1,0,2,0,0,0,53,225,467,FINAL (ENTRADA MANUAL)
62,4,4,42,148,2,6,12,,1,0,0,33,85,1,6,10,3,5,0,2,1,2,0,0,65,213,467,FINAL (ENTRADA MANUAL)
62,4,5,35,165,3,8,10,,2,0,1,32,113,1,5,10,2,3,1,4,1,1,0,0,52,225,467,FINAL (ENTRADA MANUAL)
62,4,6,33,143,4,6,10,,1,0,0,29,97,3,6,9,3,0,0,4,0,0,0,0,46,197,467,FINAL (ENTRADA MANUAL)
62,4,7,47,148,7,12,10,,0,0,2,38,105,5,11,8,0,3,0,3,0,0,0,0,53,226,470,FINAL (ENTRADA MANUAL)
62,5,1,25,133,6,8,3,,1,1,1,21,89,4,7,3,4,3,0,3,1,0,0,0,43,178,341,FINAL (ENTRADA MANUAL)
62,5,2,34,154,1,8,6,,0,0,0,30,108,1,6,6,2,0,1,0,0,2,0,0,49,205,341,FINAL (ENTRADA MANUAL)
62,6,1,23,95,1,3,13,,0,0,0,21,75,1,2,12,3,0,1,1,1,0,0,0,18,135,212,FINAL (ENTRADA MANUAL)
62,7,1,53,203,5,10,12,,1,0,1,48,143,4,7,10,4,1,0,5,1,2,0,0,62,287,236,FINAL (ENTRADA MANUAL)
62,7,2,0,0,0,0,0,,0,0,0,0,0,0,0,0,0,0,0,0,0,0,0,0,0,0,236,FINAL (ENTRADA MANUAL)
62,8,1,31,105,7,20,8,,0,0,1,25,59,5,16,7,2,0,4,2,2,4,0,0,50,176,302,FINAL (ENTRADA MANUAL)
62,8,2,27,96,3,19,8,,0,0,0,26,52,2,17,8,3,6,1,3,1,1,0,0,34,154,303,FINAL (ENTRADA MANUAL)
62,9,1,52,198,4,15,10,,1,0,0,45,127,1,12,9,6,4,5,3,1,0,0,0,67,280,431,FINAL (ENTRADA MANUAL)
62,9,2,42,176,9,13,13,,1,0,0,36,109,4,11,7,7,2,3,6,2,0,0,0,67,254,431,FINAL (ENTRADA MANUAL)
62,9,3,48,186,5,14,14,,1,0,0,42,109,5,10,10,5,3,0,3,2,1,0,1,79,270,431,FINAL (ENTRADA MANUAL)
62,9,4,32,214,4,13,9,,3,0,0,29,137,2,7,6,11,3,2,2,2,2,0,0,74,277,431,FINAL (ENTRADA MANUAL)
62,9,5,44,184,4,10,9,,0,0,2,33,117,2,9,8,6,1,0,6,1,3,0,0,70,256,431,FINAL (ENTRADA MANUAL)
62,10,1,74,175,3,4,6,,0,0,0,71,131,3,3,5,2,2,1,1,0,1,0,0,43,263,452,FINAL (ENTRADA MANUAL)
62,11,1,63,172,21,16,12,,0,0,1,58,120,12,14,10,2,9,2,3,0,1,0,0,55,286,421,FINAL (ENTRADA MANUAL)
62,11,2,56,188,6,10,10,,0,0,1,45,121,3,6,5,6,5,1,4,1,0,0,0,74,271,421,FINAL (ENTRADA MANUAL)
62,11,3,56,176,15,17,17,,0,1,1,51,113,9,13,14,1,2,4,7,1,1,0,0,68,284,421,FINAL (ENTRADA MANUAL)
62,11,4,56,184,9,13,12,,0,0,1,44,112,5,10,11,4,2,1,4,2,1,0,0,80,276,421,FINAL (ENTRADA MANUAL)
62,11,5,53,162,15,13,12,,0,0,1,44,103,6,11,11,1,3,1,5,0,2,0,0,71,258,421,FINAL (ENTRADA MANUAL)
62,11,6,52,177,12,19,12,,0,0,0,48,112,6,18,11,3,12,1,4,2,0,0,0,55,272,419,FINAL (ENTRADA MANUAL)
62,12,1,44,139,1,7,7,,1,1,0,41,100,1,6,4,2,1,0,2,1,1,0,0,42,201,344,FINAL (ENTRADA MANUAL)
62,12,2,38,149,2,3,8,,0,0,0,33,108,2,3,6,4,2,1,1,0,1,0,0,40,201,345,FINAL (ENTRADA MANUAL)
62,13,1,50,152,5,15,9,,0,0,1,47,107,3,13,7,8,3,2,1,1,1,0,0,40,233,447,FINAL (ENTRADA MANUAL)
62,13,2,69,154,9,16,8,,0,0,0,63,97,8,11,6,1,2,2,4,2,0,0,0,60,256,447,FINAL (ENTRADA MANUAL)
62,13,3,39,155,5,9,19,,0,0,1,33,104,2,7,15,5,1,1,3,3,1,0,0,54,229,447,FINAL (ENTRADA MANUAL)
62,13,4,46,138,0,7,15,,0,0,0,42,100,0,6,13,3,3,1,1,3,0,1,0,34,207,447,FINAL (ENTRADA MANUAL)
62,14,1,30,155,3,10,24,,0,0,0,27,105,0,8,21,2,0,3,1,1,2,0,0,54,224,392,FINAL (ENTRADA MANUAL)
62,14,2,42,146,2,8,17,,0,0,0,37,98,1,5,16,0,2,0,2,1,1,0,0,53,216,392,FINAL (ENTRADA MANUAL)
62,14,3,52,150,2,5,25,,1,1,2,46,80,1,2,22,2,1,0,1,0,2,1,0,83,241,392,FINAL (ENTRADA MANUAL)
62,15,1,71,130,9,14,12,,0,0,0,58,72,4,10,9,6,4,0,4,0,2,0,0,69,238,359,FINAL (ENTRADA MANUAL)
62,15,2,47,146,5,13,15,,0,0,0,40,91,3,11,12,7,5,2,4,1,1,0,0,50,227,359,FINAL (ENTRADA MANUAL)
62,15,3,59,160,6,6,20,,0,0,0,52,104,2,5,17,8,4,0,1,2,0,0,0,56,251,360,FINAL (ENTRADA MANUAL)
62,16,1,48,175,9,15,20,,0,0,0,46,112,4,10,17,5,6,4,5,2,0,0,0,56,267,449,FINAL (ENTRADA MANUAL)
62,16,2,42,173,6,8,14,,1,0,0,39,113,3,6,11,6,3,2,3,2,0,0,0,56,244,449,FINAL (ENTRADA MANUAL)
62,16,3,31,180,10,15,19,,0,0,0,24,121,8,13,15,5,3,2,8,1,2,0,0,55,257,449,FINAL (ENTRADA MANUAL)
62,16,4,32,192,8,14,13,,0,0,2,25,123,4,10,9,9,9,1,5,5,5,0,0,61,266,449,FINAL (ENTRADA MANUAL)
62,16,5,25,206,4,13,22,,1,0,1,22,149,2,9,18,8,5,4,3,0,2,0,0,52,274,450,FINAL (ENTRADA MANUAL)
62,17,1,58,154,2,12,18,,1,0,1,53,109,2,8,16,2,2,1,3,0,2,0,0,50,248,440,FINAL (ENTRADA MANUAL)
62,17,2,52,165,1,9,22,,1,0,2,46,115,1,8,19,1,0,0,0,1,0,0,0,61,252,440,FINAL (ENTRADA MANUAL)
62,17,3,61,146,8,9,7,,0,1,1,53,105,6,8,4,7,4,0,1,0,1,0,0,45,234,440,FINAL (ENTRADA MANUAL)
62,18,1,51,168,6,15,11,,0,0,1,45,117,4,12,9,1,0,0,5,0,0,0,0,59,252,431,FINAL (ENTRADA MANUAL)
62,18,2,45,174,5,13,27,,0,0,0,38,119,2,11,26,4,0,1,7,2,1,0,0,54,265,431,FINAL (ENTRADA MANUAL)
62,18,3,44,189,4,11,15,,1,0,1,33,119,3,9,13,4,0,0,3,0,2,1,0,81,268,431,FINAL (ENTRADA MANUAL)
62,18,4,48,178,1,11,22,,0,0,2,42,121,1,10,17,3,1,0,4,2,0,0,0,61,262,431,FINAL (ENTRADA MANUAL)
62,18,5,46,178,3,9,20,,0,1,1,40,106,1,4,20,2,3,1,5,1,1,0,0,75,259,431,FINAL (ENTRADA MANUAL)
62,18,6,41,177,5,9,19,,0,0,0,30,111,3,7,14,2,5,1,5,1,0,0,0,72,251,431,FINAL (ENTRADA MANUAL)
62,18,7,42,157,3,6,14,,0,0,1,35,95,2,3,9,3,5,1,1,1,0,0,0,68,223,431,FINAL (ENTRADA MANUAL)
62,18,8,48,190,2,8,15,,0,0,1,39,121,2,8,13,3,3,0,9,3,0,0,0,63,264,431,FINAL (ENTRADA MANUAL)
62,18,9,46,156,5,15,13,,0,0,1,33,94,3,10,9,2,0,4,3,3,3,1,0,75,240,430,FINAL (ENTRADA MANUAL)
62,72,1,44,40,2,0,7,,1,0,0,36,22,0,0,4,4,1,0,0,0,0,0,0,27,94,0,FINAL (ENTRADA MANUAL)
62,72,2,8,3,0,0,0,,0,0,0,8,3,0,0,0,0,0,0,0,0,0,0,0,0,11,0,FINAL (ENTRADA MANUAL)
62,72,3,0,0,0,0,0,,0,0,0,0,0,0,0,0,0,0,0,0,0,0,0,0,0,0,0,FINAL (ENTRADA MANUAL)
62,72,4,80,76,4,6,2,,0,0,0,68,38,1,5,2,14,7,1,0,0,4,5,0,32,177,0,FINAL (ENTRADA MANUAL)
62,72,5,11,3,1,0,0,,0,0,0,9,1,1,0,0,1,0,0,0,0,0,0,0,3,15,0,FINAL (ENTRADA MANUAL)
62,72,6,3,0,0,0,0,,0,0,0,3,0,0,0,0,0,0,0,0,0,0,0,0,0,3,0,FINAL (ENTRADA MANUAL)
62,72,7,43,29,0,1,1,,0,0,0,36,18,0,1,1,4,0,0,0,0,0,0,0,14,74,0,FINAL (ENTRADA MANUAL)
62,72,8,30,16,0,1,0,,0,0,0,28,6,0,1,0,3,0,0,0,0,1,0,0,9,48,0,FINAL (ENTRADA MANUAL)
62,72,9,214,163,5,14,17,,2,0,1,188,102,33,11,11,31,8,3,2,1,0,0,0,56,416,0,FINAL (ENTRADA MANUAL)
62,72,10,17,4,1,1,0,,1,0,0,14,1,1,0,0,2,0,0,1,0,0,0,0,5,24,0,FINAL (ENTRADA MANUAL)
62,73,1,40,182,1,3,1,,0,0,0,38,152,1,3,0,0,1,0,1,0,0,0,0,31,227,0,FINAL (ENTRADA MANUAL)
62,73,2,0,0,0,0,0,,0,0,0,0,0,0,0,0,0,0,0,0,0,0,0,0,0,0,0,FINAL (ENTRADA MANUAL)
62,73,3,0,0,0,0,0,,0,0,0,0,0,0,0,0,0,0,0,0,0,0,0,0,0,0,0,FINAL (ENTRADA MANUAL)
62,73,4,31,175,2,3,4,,0,1,2,28,141,0,2,4,2,2,0,1,0,4,0,0,37,221,0,FINAL (ENTRADA MANUAL)
62,74,1,0,0,1,0,1,,0,0,0,0,0,1,0,1,0,0,0,0,0,0,0,0,0,2,0,FINAL (ENTRADA MANUAL)
62,74,2,0,0,0,0,1,,0,0,0,0,0,0,0,1,0,0,0,0,0,0,0,0,0,1,0,FINAL (ENTRADA MANUAL)
62,75,1,2,3,0,0,0,,0,0,0,2,3,0,0,0,0,0,0,0,0,0,0,0,0,5,0,FINAL (ENTRADA MANUAL)
62,76,1,12,9,1,0,0,,0,0,0,10,3,1,0,0,0,0,0,0,0,0,0,0,8,22,0,FINAL (ENTRADA MANUAL)
62,76,2,0,0,0,0,0,,0,0,0,0,0,0,0,0,0,0,0,0,0,0,0,0,0,0,0,FINAL (ENTRADA MANUAL)
62,76,3,10,5,0,1,0,,0,0,0,9,4,0,1,0,0,0,0,0,0,0,0,0,2,16,0,FINAL (ENTRADA MANUAL)
62,76,4,0,0,0,0,0,,0,0,0,0,0,0,0,0,0,0,0,0,0,0,0,0,0,0,0,FINAL (ENTRADA MANUAL)
62,76,5,0,0,0,0,0,,0,0,0,0,0,0,0,0,0,0,0,0,0,0,0,0,0,0,0,FINAL (ENTRADA MANUAL)
62,76,6,1,0,0,0,0,,0,0,0,1,0,0,0,0,0,0,0,0,0,1,0,0,0,2,0,FINAL (ENTRADA MANUAL)
62,77,1,2,12,0,1,1,,1,0,0,2,8,0,1,1,0,0,0,0,0,0,0,0,5,17,0,FINAL (ENTRADA MANUAL)
62,77,2,2,30,6,8,1,,0,0,0,2,19,4,8,0,0,1,3,2,0,0,0,0,8,47,0,FINAL (ENTRADA MANUAL)
62,77,3,0,5,1,0,0,,0,0,0,0,1,0,1,0,0,0,0,1,0,0,0,0,4,7,0,FINAL (ENTRADA MANUAL)
62,77,4,1,6,0,0,0,,0,0,0,0,3,0,0,0,0,0,1,0,0,0,0,0,3,7,0,FINAL (ENTRADA MANUAL)
62,78,1,37,117,1,5,7,,0,0,2,33,74,0,5,7,4,0,1,0,0,0,0,0,45,169,0,FINAL (ENTRADA MANUAL)
62,78,2,0,0,0,0,0,,0,0,0,0,0,0,0,0,0,0,0,0,0,0,0,0,0,0,0,FINAL (ENTRADA MANUAL)
62,78,3,0,0,0,0,0,,0,0,0,0,0,0,0,0,0,0,0,0,0,0,0,0,0,0,0,FINAL (ENTRADA MANUAL)
62,78,4,0,0,0,0,0,,0,0,0,0,0,0,0,0,0,0,0,0,0,0,0,0,0,0,0,FINAL (ENTRADA MANUAL)
63,1,1,64,176,,9,,,0,0,1,53,146,,4,,5,1,,0,,2,0,0,41,252,448,FINAL (ENTRADA MANUAL)
63,2,1,99,172,,11,,,0,0,0,89,134,,8,,0,2,,2,,2,0,0,47,284,526,FINAL (ENTRADA MANUAL)
63,2,2,91,178,,7,,,0,0,1,83,140,,4,,4,7,,5,,1,0,0,34,278,526,FINAL (ENTRADA MANUAL)
63,3,1,76,181,,11,,,0,0,0,63,129,,9,,1,0,,2,,3,0,0,64,271,488,FINAL (ENTRADA MANUAL)
63,3,2,79,174,,6,,,0,0,0,72,141,,3,,3,1,,2,,3,0,0,37,262,488,FINAL (ENTRADA MANUAL)
63,3,3,75,160,,10,,,0,0,0,66,120,,7,,1,0,,2,,4,0,0,49,249,488,FINAL (ENTRADA MANUAL)
63,3,4,77,188,,10,,,0,0,0,64,125,,9,,1,0,,2,,3,0,0,74,278,488,FINAL (ENTRADA MANUAL)
63,3,5,66,164,,4,,,0,0,0,51,104,,3,,1,1,,2,,4,0,0,72,238,487,FINAL (ENTRADA MANUAL)
63,4,1,62,147,,7,,,0,0,0,46,105,,4,,4,0,,1,,1,1,0,56,218,368,FINAL (ENTRADA MANUAL)
63,4,2,56,135,,8,,,1,0,0,50,105,,6,,0,0,,0,,0,1,0,39,201,368,FINAL (ENTRADA MANUAL)
63,5,1,69,176,,13,,,2,0,0,61,128,,10,,1,0,,1,,1,0,0,59,261,483,FINAL (ENTRADA MANUAL)
63,5,2,78,180,,19,,,0,0,0,65,138,,13,,1,1,,3,,1,0,0,56,278,483,FINAL (ENTRADA MANUAL)
63,5,3,73,187,,24,,,0,0,1,61,155,,22,,3,0,,0,,1,0,0,44,286,483,FINAL (ENTRADA MANUAL)
63,5,4,80,195,,12,,,0,0,0,77,150,,7,,3,3,,1,,2,0,0,46,289,483,FINAL (ENTRADA MANUAL)
63,5,5,71,180,,19,,,0,0,1,62,121,,13,,1,2,,2,,1,1,0,70,273,484,FINAL (ENTRADA MANUAL)
63,6,1,97,86,,7,,,0,0,0,87,57,,4,,6,0,,1,,0,0,0,35,190,397,FINAL (ENTRADA MANUAL)
63,7,1,85,145,,22,,,0,0,0,70,106,,16,,1,2,,1,,1,0,0,56,253,511,FINAL (ENTRADA MANUAL)
63,7,2,69,151,,27,,,1,0,0,56,111,,22,,1,2,,4,,0,0,0,52,248,511,FINAL (ENTRADA MANUAL)
63,7,3,72,140,,17,,,0,0,1,62,114,,14,,0,4,,2,,0,0,0,34,230,510,FINAL (ENTRADA MANUAL)
63,8,1,47,117,,6,,,1,0,0,41,82,,5,,3,0,,0,,0,0,0,40,171,313,FINAL (ENTRADA MANUAL)
63,8,2,47,137,,11,,,0,0,0,42,106,,10,,0,1,,1,,0,0,0,35,195,313,FINAL (ENTRADA MANUAL)
63,9,1,85,96,,17,,,1,0,1,76,69,,12,,2,0,,1,,0,0,0,40,200,375,FINAL (ENTRADA MANUAL)
63,9,2,74,108,,15,,,0,0,0,68,80,,10,,0,3,,1,,0,0,0,35,197,375,FINAL (ENTRADA MANUAL)
63,9,3,69,78,,10,,,0,0,1,64,64,,9,,1,1,,1,,1,0,0,18,159,376,FINAL (ENTRADA MANUAL)
63,10,1,63,203,,13,,,0,0,1,48,141,,11,,1,0,,1,,1,0,0,78,281,472,FINAL (ENTRADA MANUAL)
63,10,2,64,208,,15,,,0,1,0,53,148,,13,,1,1,,1,,1,0,0,71,289,472,FINAL (ENTRADA MANUAL)
63,10,3,58,190,,11,,,0,0,0,47,132,,9,,2,1,,2,,1,0,0,66,260,472,FINAL (ENTRADA MANUAL)
63,10,4,45,201,,9,,,0,0,1,44,170,,9,,3,1,,2,,1,0,0,27,257,472,FINAL (ENTRADA MANUAL)
63,10,5,47,197,,8,,,0,0,0,45,146,,8,,1,2,,1,,2,0,0,49,254,474,FINAL (ENTRADA MANUAL)
63,11,1,67,209,,23,,,0,0,0,58,161,,20,,3,3,,6,,3,0,0,48,302,486,FINAL (ENTRADA MANUAL)
63,11,2,55,206,,21,,,0,0,0,49,161,,19,,0,4,,6,,0,0,0,43,282,486,FINAL (ENTRADA MANUAL)
63,11,3,62,226,,24,,,1,0,0,54,165,,17,,3,1,,8,,2,0,0,65,315,486,FINAL (ENTRADA MANUAL)
63,11,4,76,169,,17,,,0,0,0,54,121,,12,,4,4,,3,,1,0,0,64,263,486,FINAL (ENTRADA MANUAL)
63,11,5,78,195,,24,,,0,0,0,64,149,,19,,2,3,,3,,2,0,0,57,299,485,FINAL (ENTRADA MANUAL)
63,12,1,57,188,,12,,,0,0,0,52,132,,8,,2,0,,2,,0,0,0,61,257,435,FINAL (ENTRADA MANUAL)
63,12,2,57,188,,12,,,0,0,0,51,138,,11,,4,3,,7,,1,0,0,43,258,435,FINAL (ENTRADA MANUAL)
63,12,3,64,186,,10,,,0,0,0,56,128,,9,,5,1,,2,,2,0,0,59,262,434,FINAL (ENTRADA MANUAL)
63,72,1,15,3,,1,,,0,0,0,14,3,,1,,0,0,,0,,0,0,0,1,19,0,FINAL (ENTRADA MANUAL)
63,72,2,0,1,,1,,,0,0,0,0,1,,0,,1,0,,0,,0,0,0,0,2,0,FINAL (ENTRADA MANUAL)
63,72,3,407,146,,11,,,1,0,0,371,111,,7,,7,3,,7,,0,0,0,65,565,0,FINAL (ENTRADA MANUAL)
63,72,4,99,56,,4,,,0,0,0,90,37,,3,,2,0,,2,,11,0,0,25,170,0,FINAL (ENTRADA MANUAL)
63,72,5,31,13,,0,,,0,0,0,29,11,,0,,1,0,,0,,0,0,0,4,45,0,FINAL (ENTRADA MANUAL)
63,72,6,0,0,,0,,,0,0,0,0,0,,0,,0,0,,0,,0,0,0,0,0,0,FINAL (ENTRADA MANUAL)
63,72,7,10,4,,0,,,0,0,0,10,3,,0,,0,0,,0,,0,0,0,1,14,0,FINAL (ENTRADA MANUAL)
63,72,8,5,0,,0,,,0,0,0,5,0,,0,,0,0,,0,,1,0,0,0,6,0,FINAL (ENTRADA MANUAL)
63,73,1,26,314,,2,,,0,0,0,23,293,,2,,1,2,,0,,0,0,0,21,342,0,FINAL (ENTRADA MANUAL)
63,73,2,0,0,,0,,,0,0,0,0,0,,0,,0,0,,0,,0,0,0,0,0,0,FINAL (ENTRADA MANUAL)
63,74,1,0,0,,1,,,0,0,0,0,0,,1,,0,0,,0,,0,0,0,0,1,0,FINAL (ENTRADA MANUAL)
63,74,2,0,0,,0,,,0,0,0,0,0,,0,,0,0,,0,,0,0,0,0,0,0,FINAL (ENTRADA MANUAL)
63,75,1,0,1,,0,,,0,0,0,0,1,,0,,0,0,,0,,0,0,0,0,1,0,FINAL (ENTRADA MANUAL)
63,76,1,5,12,,0,,,0,0,0,3,7,,0,,0,0,,0,,0,0,0,7,17,0,FINAL (ENTRADA MANUAL)
63,76,2,0,0,,0,,,0,0,0,0,0,,0,,0,0,,0,,0,0,0,0,0,0,FINAL (ENTRADA MANUAL)
63,76,3,3,8,,0,,,0,0,0,3,3,,0,,0,0,,0,,0,0,0,5,11,0,FINAL (ENTRADA MANUAL)
63,76,4,0,0,,0,,,0,0,0,0,0,,0,,0,0,,0,,0,0,0,0,0,0,FINAL (ENTRADA MANUAL)
63,76,5,1,0,,0,,,0,0,0,1,0,,0,,0,0,,0,,0,0,0,0,1,0,FINAL (ENTRADA MANUAL)
63,77,1,4,4,,0,,,0,0,0,3,3,,0,,0,0,,0,,0,0,0,2,0,0,FINAL (ENTRADA MANUAL)
63,77,2,1,6,,10,,,0,0,0,0,5,,10,,0,0,,0,,0,0,0,2,17,0,FINAL (ENTRADA MANUAL)
63,77,3,1,5,,0,,,0,0,0,1,3,,0,,0,0,,0,,0,0,0,2,6,0,FINAL (ENTRADA MANUAL)
63,77,4,2,2,,0,,,0,0,0,2,2,,0,,0,0,,0,,0,0,0,0,4,0,FINAL (ENTRADA MANUAL)
63,78,1,12,24,,1,,,0,0,0,10,17,,1,,0,0,,3,,0,0,0,6,37,0,FINAL (ENTRADA MANUAL)
63,78,2,0,0,,0,,,0,0,0,0,0,,0,,0,0,,0,,0,0,0,0,0,0,FINAL (ENTRADA MANUAL)
63,78,3,0,0,,0,,,0,0,0,0,0,,0,,0,0,,0,,0,0,0,0,0,0,FINAL (ENTRADA MANUAL)
63,78,4,0,0,,0,,,0,0,0,0,0,,0,,0,0,,0,,0,0,0,0,0,0,FINAL (ENTRADA MANUAL)
111,1,1,62,204,2,3,,,2,0,0,53,165,0,2,,2,1,0,1,,6,0,0,49,279,487,FINAL (ENTRADA MANUAL)
111,1,2,68,213,3,4,,,3,0,1,56,159,1,3,,0,4,0,1,,2,1,0,68,295,487,FINAL (ENTRADA MANUAL)
111,2,1,69,176,2,3,,,5,0,3,55,123,0,2,,2,4,2,1,,3,0,0,69,261,416,FINAL (ENTRADA MANUAL)
111,3,1,45,120,2,2,,,0,0,2,40,93,1,2,,2,3,1,3,,0,0,0,26,171,316,FINAL (ENTRADA MANUAL)
111,3,2,64,131,0,5,,,0,0,0,52,96,0,3,,1,3,0,0,,3,0,0,45,203,315,FINAL (ENTRADA MANUAL)
111,4,1,51,196,5,5,,,6,0,1,41,133,2,4,,2,5,1,1,,1,1,0,75,266,442,FINAL (ENTRADA MANUAL)
111,4,2,82,169,4,6,,,0,0,1,56,120,3,5,,7,4,2,0,,1,1,0,65,264,441,FINAL (ENTRADA MANUAL)
111,5,1,88,134,4,3,,,0,0,0,77,104,1,3,,2,1,0,0,,1,0,0,41,230,406,FINAL (ENTRADA MANUAL)
111,5,2,81,128,4,1,,,2,1,0,63,97,3,0,,0,3,0,1,,0,0,0,50,217,405,FINAL (ENTRADA MANUAL)
111,6,1,52,117,1,2,,,4,0,1,48,87,0,2,,1,1,0,1,,0,0,0,37,177,272,FINAL (ENTRADA MANUAL)
111,6,2,55,118,1,2,,,1,0,1,44,89,0,1,,1,0,0,1,,1,0,0,42,179,271,FINAL (ENTRADA MANUAL)
111,7,1,66,129,8,8,,,7,1,0,52,89,4,5,,1,9,2,3,,1,3,0,54,223,402,FINAL (ENTRADA MANUAL)
111,7,2,67,118,3,7,,,8,0,2,57,70,1,5,,2,7,1,0,,2,0,0,62,207,402,FINAL (ENTRADA MANUAL)
111,7,3,64,159,4,14,,,0,1,0,47,122,1,11,,3,7,0,1,,1,0,0,50,243,402,FINAL (ENTRADA MANUAL)
111,8,1,74,137,6,3,,,3,0,2,57,102,5,2,,1,0,0,2,,1,1,0,56,227,392,FINAL (ENTRADA MANUAL)
111,8,2,76,135,4,5,,,4,0,1,55,97,2,4,,1,2,0,1,,3,0,0,63,228,391,FINAL (ENTRADA MANUAL)
111,9,1,52,155,7,6,,,7,0,1,34,111,3,4,,2,3,1,1,,2,0,0,69,230,440,FINAL (ENTRADA MANUAL)
111,9,2,73,167,2,4,,,11,0,1,59,129,2,2,,3,4,1,2,,3,1,0,56,262,440,FINAL (ENTRADA MANUAL)
111,9,3,61,168,2,8,,,5,1,4,44,134,0,4,,0,7,1,0,,1,0,0,59,250,440,FINAL (ENTRADA MANUAL)
111,9,4,48,149,3,9,,,4,0,1,39,112,2,5,,1,6,1,1,,6,0,0,47,220,440,FINAL (ENTRADA MANUAL)
111,9,5,44,144,2,10,,,3,0,1,34,111,1,6,,5,4,0,0,,2,0,0,43,206,440,FINAL (ENTRADA MANUAL)
111,9,6,54,151,2,7,,,6,1,0,38,109,1,3,,3,2,0,1,,2,1,0,64,224,440,FINAL (ENTRADA MANUAL)
111,9,7,39,137,4,8,,,6,0,1,33,96,1,4,,2,2,1,1,,0,0,0,55,195,440,FINAL (ENTRADA MANUAL)
111,9,8,55,151,1,4,,,5,0,1,47,114,1,2,,0,2,0,0,,0,0,0,51,217,440,FINAL (ENTRADA MANUAL)
111,72,1,238,70,1,1,,,62,0,6,219,48,0,1,,7,0,0,0,,8,0,0,103,386,0,FINAL (ENTRADA MANUAL)
111,72,2,37,6,0,1,,,0,0,0,35,5,0,1,,0,0,0,0,,1,2,0,3,47,0,FINAL (ENTRADA MANUAL)
111,72,3,153,65,1,4,,,33,1,4,134,40,0,3,,1,4,0,1,,0,0,0,78,261,0,FINAL (ENTRADA MANUAL)
111,72,4,26,7,0,2,,,2,1,1,24,4,0,1,,2,1,0,1,,0,0,0,6,39,0,FINAL (ENTRADA MANUAL)
111,72,5,11,4,0,0,,,0,0,1,9,1,0,0,,0,1,0,0,,42,0,0,5,16,0,FINAL (ENTRADA MANUAL)
111,72,6,1,0,0,0,,,0,0,0,0,0,0,0,,0,0,0,0,,0,0,0,1,1,0,FINAL (ENTRADA MANUAL)
111,72,7,10,5,0,0,,,6,0,0,6,4,0,0,,0,1,0,0,,0,0,0,10,21,0,FINAL (ENTRADA MANUAL)
111,72,8,3,3,0,0,,,1,0,0,2,2,0,0,,0,0,0,0,,0,0,0,3,7,0,FINAL (ENTRADA MANUAL)
111,72,9,20,12,0,1,,,4,0,4,19,3,0,1,,3,1,0,0,,0,0,0,14,41,0,FINAL (ENTRADA MANUAL)
111,72,10,14,14,0,0,,,0,0,0,14,4,0,0,,0,0,0,0,,1,0,0,0,19,0,FINAL (ENTRADA MANUAL)
111,73,1,9,303,0,11,,,1,0,0,5,248,0,10,,2,5,0,0,,0,0,0,54,324,0,FINAL (ENTRADA MANUAL)
111,73,2,0,0,0,0,,,0,0,0,0,0,0,0,,0,0,0,0,,0,0,0,0,0,0,FINAL (ENTRADA MANUAL)
111,73,3,3,48,0,0,,,0,1,0,3,43,0,0,,0,2,0,0,,0,0,0,5,53,0,FINAL (ENTRADA MANUAL)
111,74,1,0,0,0,0,,,0,0,0,0,0,0,0,,0,0,0,0,,0,0,0,0,0,0,FINAL (ENTRADA MANUAL)
111,74,2,0,0,0,0,,,0,0,0,0,0,0,0,,0,0,0,0,,0,0,0,0,0,0,FINAL (ENTRADA MANUAL)
111,75,1,0,0,0,0,,,0,0,0,0,0,0,0,,0,0,0,0,,0,0,0,0,0,0,FINAL (ENTRADA MANUAL)
111,76,1,4,2,0,0,,,0,0,0,3,1,0,0,,0,0,0,0,,0,0,0,2,6,0,FINAL (ENTRADA MANUAL)
111,76,2,0,0,0,0,,,0,0,0,0,0,0,0,,0,0,0,0,,0,0,0,0,0,0,FINAL (ENTRADA MANUAL)
111,76,3,2,0,0,0,,,0,0,0,2,0,0,0,,0,0,0,0,,0,0,0,0,2,0,FINAL (ENTRADA MANUAL)
111,77,1,0,0,0,0,,,0,0,0,0,0,0,0,,0,0,0,0,,0,0,0,0,0,0,FINAL (ENTRADA MANUAL)
111,77,2,8,11,1,3,,,2,0,0,5,10,0,2,,0,0,1,0,,0,0,0,7,25,0,FINAL (ENTRADA MANUAL)
111,77,3,4,8,1,1,,,0,0,0,3,8,0,1,,0,0,1,0,,0,0,0,1,14,0,FINAL (ENTRADA MANUAL)
111,78,1,13,22,0,0,,,0,0,0,10,12,0,0,,0,0,0,0,,0,0,0,13,35,0,FINAL (ENTRADA MANUAL)
111,78,2,0,0,0,0,,,0,0,0,0,0,0,0,,0,0,0,0,,0,0,0,0,0,0,FINAL (ENTRADA MANUAL)
111,78,3,0,0,0,0,,,0,0,0,0,0,0,0,,0,0,0,0,,0,0,0,0,0,0,FINAL (ENTRADA MANUAL)
111,78,4,0,0,0,0,,,0,0,0,0,0,0,0,,0,0,0,0,,0,0,0,0,0,0,FINAL (ENTRADA MANUAL)
64,1,1,50,125,,11,,,0,0,0,42,87,,8,,0,0,,0,,0,0,0,49,186,358,FINAL (ENTRADA MANUAL)
64,1,2,44,124,,4,,,0,0,0,40,88,,4,,1,0,,1,,0,1,0,38,173,358,FINAL (ENTRADA MANUAL)
64,1,3,48,123,,2,,,1,0,0,43,86,,2,,1,1,,1,,1,1,0,40,176,359,FINAL (ENTRADA MANUAL)
64,2,1,53,170,,16,,,0,1,0,39,123,,8,,4,1,,2,,4,0,0,63,244,385,FINAL (ENTRADA MANUAL)
64,2,2,43,177,,11,,,0,0,1,31,131,,9,,1,4,,0,,1,0,0,56,233,385,FINAL (ENTRADA MANUAL)
64,2,3,35,166,,20,,,0,1,1,28,137,,18,,0,1,,1,,0,0,0,38,223,385,FINAL (ENTRADA MANUAL)
64,2,4,37,161,,21,,,0,0,0,33,125,,17,,1,0,,2,,2,0,0,41,221,384,FINAL (ENTRADA MANUAL)
64,3,1,129,133,,15,,,2,0,0,108,95,,13,,3,1,,2,,0,1,0,57,280,549,FINAL (ENTRADA MANUAL)
64,3,2,129,124,,12,,,0,0,0,98,92,,11,,1,2,,0,,0,0,0,61,265,549,FINAL (ENTRADA MANUAL)
64,3,3,120,133,,7,,,0,0,1,99,98,,6,,1,0,,1,,1,0,0,56,262,549,FINAL (ENTRADA MANUAL)
64,3,4,93,161,,21,,,0,0,0,82,130,,16,,4,0,,1,,0,0,0,42,275,549,FINAL (ENTRADA MANUAL)
64,3,5,119,162,,16,,,0,0,0,103,107,,11,,0,0,,2,,0,0,0,74,297,551,FINAL (ENTRADA MANUAL)
64,4,1,85,165,,25,,,1,0,0,67,117,,20,,1,4,,0,,1,1,0,67,278,482,FINAL (ENTRADA MANUAL)
64,4,2,64,184,,22,,,0,0,0,56,143,,19,,2,2,,1,,1,0,0,47,271,482,FINAL (ENTRADA MANUAL)
64,4,3,72,183,,17,,,0,0,0,60,140,,13,,4,3,,7,,0,0,0,45,272,482,FINAL (ENTRADA MANUAL)
64,4,4,66,174,,19,,,0,0,0,57,119,,16,,5,1,,0,,1,0,0,61,260,482,FINAL (ENTRADA MANUAL)
64,4,5,94,159,,26,,,1,0,0,83,115,,18,,3,4,,2,,4,0,0,55,284,482,FINAL (ENTRADA MANUAL)
64,4,6,79,161,,23,,,0,0,0,65,112,,17,,2,2,,4,,2,0,0,61,265,482,FINAL (ENTRADA MANUAL)
64,4,7,59,196,,17,,,0,0,0,47,152,,16,,2,0,,3,,0,0,0,52,272,481,FINAL (ENTRADA MANUAL)
64,72,1,17,10,,0,,,0,0,0,14,6,,0,,0,1,,0,,0,0,0,6,27,0,FINAL (ENTRADA MANUAL)
64,72,2,2,2,,0,,,0,0,0,2,1,,0,,0,0,,0,,0,0,0,1,4,0,FINAL (ENTRADA MANUAL)
64,72,3,210,67,,4,,,1,0,0,196,46,,2,,0,2,,35,,0,0,0,35,282,0,FINAL (ENTRADA MANUAL)
64,72,4,44,20,,2,,,0,0,0,40,12,,2,,0,0,,1,,5,0,0,0,71,0,FINAL (ENTRADA MANUAL)
64,72,5,22,9,,0,,,0,0,0,19,8,,0,,0,0,,0,,0,0,0,4,31,0,FINAL (ENTRADA MANUAL)
64,72,6,4,1,,0,,,0,0,0,4,0,,0,,0,0,,0,,1,0,0,1,6,0,FINAL (ENTRADA MANUAL)
64,72,7,9,4,,0,,,0,0,0,9,3,,0,,0,0,,0,,0,0,0,1,13,0,FINAL (ENTRADA MANUAL)
64,72,8,0,1,,0,,,0,0,0,0,1,,0,,0,0,,0,,0,0,0,0,1,0,FINAL (ENTRADA MANUAL)
64,72,9,11,4,,0,,,0,0,0,10,4,,0,,0,0,,0,,0,0,0,1,15,0,FINAL (ENTRADA MANUAL)
64,72,10,5,0,,0,,,0,0,0,5,0,,0,,0,0,,0,,1,0,0,0,6,0,FINAL (ENTRADA MANUAL)
64,73,1,18,263,,1,,,0,0,0,18,235,,1,,0,1,,1,,0,0,0,26,282,0,FINAL (ENTRADA MANUAL)
64,73,2,1,2,,0,,,0,0,0,1,1,,0,,0,0,,0,,1,0,0,1,4,0,FINAL (ENTRADA MANUAL)
64,73,3,0,0,,0,,,0,0,0,0,0,,0,,0,0,,0,,0,0,0,0,0,0,FINAL (ENTRADA MANUAL)
64,74,1,0,0,,1,,,0,0,0,0,0,,1,,0,0,,0,,0,0,0,0,1,0,FINAL (ENTRADA MANUAL)
64,74,2,0,0,,0,,,0,0,0,0,0,,0,,0,0,,0,,0,0,0,0,0,0,FINAL (ENTRADA MANUAL)
64,75,1,2,0,,0,,,0,0,0,1,0,,0,,0,0,,0,,0,0,0,1,2,0,FINAL (ENTRADA MANUAL)
64,76,1,1,2,,0,,,0,0,0,1,2,,0,,0,0,,0,,0,0,0,0,3,0,FINAL (ENTRADA MANUAL)
64,76,2,0,0,,0,,,0,0,0,0,0,,0,,0,0,,0,,0,0,0,0,0,0,FINAL (ENTRADA MANUAL)
64,76,3,2,0,,0,,,0,0,0,0,0,,0,,0,0,,0,,0,0,0,2,2,0,FINAL (ENTRADA MANUAL)
64,76,4,0,0,,0,,,0,0,0,0,0,,0,,0,0,,0,,1,0,0,0,1,0,FINAL (ENTRADA MANUAL)
64,77,1,0,3,,0,,,0,0,0,0,2,,0,,0,1,,0,,0,0,0,0,3,0,FINAL (ENTRADA MANUAL)
64,77,2,2,6,,1,,,0,0,0,2,3,,1,,0,1,,0,,0,0,0,2,9,0,FINAL (ENTRADA MANUAL)
64,77,3,2,1,,0,,,0,0,0,2,1,,0,,0,0,,0,,0,0,0,1,4,0,FINAL (ENTRADA MANUAL)
64,77,4,0,1,,0,,,0,0,0,0,0,,0,,0,0,,0,,0,0,0,1,1,0,FINAL (ENTRADA MANUAL)
64,77,5,2,1,,0,,,0,0,0,2,1,,0,,0,0,,0,,0,0,0,1,4,0,FINAL (ENTRADA MANUAL)
64,77,6,0,5,,0,,,0,0,0,0,4,,0,,0,0,,0,,0,0,0,1,5,0,FINAL (ENTRADA MANUAL)
64,77,7,0,0,,0,,,0,0,0,0,0,,0,,0,0,,0,,0,0,0,0,0,0,FINAL (ENTRADA MANUAL)
64,78,1,1,7,,1,,,0,0,0,0,6,,1,,2,0,,0,,0,0,0,2,11,0,FINAL (ENTRADA MANUAL)
64,78,2,0,0,,0,,,0,0,0,0,0,,0,,0,0,,0,,0,0,0,0,0,0,FINAL (ENTRADA MANUAL)
64,78,3,0,0,,0,,,0,0,0,0,0,,0,,0,0,,0,,0,0,0,0,0,0,FINAL (ENTRADA MANUAL)
64,78,4,0,0,,0,,,0,0,0,0,0,,0,,0,0,,0,,0,0,0,0,0,0,FINAL (ENTRADA MANUAL)
65,1,1,128,144,9,,,,0,0,1,99,128,2,1,,1,0,1,2,,1,0,0,48,283,594,FINAL (ENTRADA MANUAL)
65,1,2,127,158,4,,,,0,0,4,107,132,2,4,,4,0,1,3,,0,0,0,40,293,594,FINAL (ENTRADA MANUAL)
65,2,1,33,65,1,,,,0,0,0,29,63,0,0,,1,0,1,1,,0,0,0,4,99,178,FINAL (ENTRADA MANUAL)
65,3,1,127,154,8,,,,0,0,0,95,127,0,0,,4,2,0,7,,0,0,0,54,289,582,FINAL (ENTRADA MANUAL)
65,3,2,110,151,9,,,,0,2,2,83,115,1,1,,2,4,0,9,,1,0,0,59,275,582,FINAL (ENTRADA MANUAL)
65,3,3,127,156,5,,,,1,0,2,102,115,0,1,,4,9,2,5,,0,0,0,53,291,582,FINAL (ENTRADA MANUAL)
65,3,4,123,151,7,,,,0,0,2,101,120,2,2,,4,6,0,4,,4,0,0,44,287,582,FINAL (ENTRADA MANUAL)
65,4,1,145,27,5,,,,0,0,2,124,19,0,1,,2,0,0,2,,2,0,0,31,181,422,FINAL (ENTRADA MANUAL)
65,4,2,134,59,3,,,,0,0,0,114,44,0,0,,3,2,0,0,,0,0,0,33,196,421,FINAL (ENTRADA MANUAL)
65,5,1,150,64,4,,,,0,0,1,121,48,1,1,,2,0,0,1,,0,0,0,45,219,406,FINAL (ENTRADA MANUAL)
65,6,1,109,65,5,,,,0,0,0,93,52,1,0,,3,0,1,0,,1,0,0,29,180,370,FINAL (ENTRADA MANUAL)
65,6,2,103,72,3,,,,0,0,0,88,56,0,0,,2,6,0,0,,1,0,0,26,179,369,FINAL (ENTRADA MANUAL)
65,7,1,131,112,7,,,,1,0,6,95,94,1,4,,8,1,1,7,,0,0,0,46,257,510,FINAL (ENTRADA MANUAL)
65,7,2,143,109,6,,,,0,0,2,108,93,0,0,,0,1,0,4,,1,1,0,54,262,510,FINAL (ENTRADA MANUAL)
65,7,3,126,96,9,,,,0,0,4,109,72,1,3,,4,3,2,5,,3,0,0,36,238,511,FINAL (ENTRADA MANUAL)
65,8,1,109,95,4,,,,1,0,0,103,84,2,0,,2,1,0,2,,1,0,0,15,210,420,FINAL (ENTRADA MANUAL)
65,8,2,90,107,0,,,,1,0,1,84,86,0,1,,1,0,0,0,,1,0,0,27,200,420,FINAL (ENTRADA MANUAL)
65,9,1,93,48,0,,,,0,0,1,78,40,0,1,,2,3,0,2,,0,0,0,16,142,316,FINAL (ENTRADA MANUAL)
65,10,1,101,99,3,,,,0,0,1,93,94,1,1,,0,0,1,0,,0,0,0,14,204,480,FINAL (ENTRADA MANUAL)
65,11,1,126,79,4,,,,0,0,3,100,61,0,2,,2,1,3,2,,1,0,0,41,213,460,FINAL (ENTRADA MANUAL)
65,11,2,121,107,1,,,,0,0,3,103,85,1,2,,5,2,0,4,,0,0,0,30,232,461,FINAL (ENTRADA MANUAL)
65,12,1,149,123,5,,,,0,2,2,118,99,0,1,,0,1,0,7,,0,0,0,55,281,604,FINAL (ENTRADA MANUAL)
65,12,2,143,103,5,,,,2,0,1,116,81,0,1,,4,1,1,4,,2,0,0,46,256,604,FINAL (ENTRADA MANUAL)
65,12,3,153,112,4,,,,0,0,3,132,91,0,2,,1,1,0,6,,0,0,0,39,272,604,FINAL (ENTRADA MANUAL)
65,12,4,160,104,2,,,,0,0,2,129,82,1,1,,1,1,0,3,,0,0,0,50,268,603,FINAL (ENTRADA MANUAL)
65,13,1,139,135,12,,,,1,0,0,114,116,6,0,,1,1,0,6,,0,0,0,43,287,521,FINAL (ENTRADA MANUAL)
65,13,2,110,102,6,,,,2,0,3,87,82,1,3,,3,3,1,4,,1,0,0,39,224,521,FINAL (ENTRADA MANUAL)
65,13,3,142,114,4,,,,0,0,3,113,87,0,3,,0,1,0,7,,1,0,0,52,264,521,FINAL (ENTRADA MANUAL)
65,14,1,125,104,8,,,,0,0,2,105,75,0,1,,1,2,1,5,,0,1,0,49,240,430,FINAL (ENTRADA MANUAL)
65,14,2,90,111,2,,,,0,0,3,73,87,0,2,,2,1,0,5,,3,0,0,36,209,431,FINAL (ENTRADA MANUAL)
65,15,1,138,118,9,,,,0,0,3,106,86,2,2,,2,3,1,7,,0,0,0,59,268,528,FINAL (ENTRADA MANUAL)
65,15,2,121,156,10,,,,0,0,3,92,114,2,2,,5,6,0,6,,0,0,0,63,290,528,FINAL (ENTRADA MANUAL)
65,15,3,135,125,12,,,,0,0,4,103,90,1,3,,5,8,0,12,,0,0,0,54,276,528,FINAL (ENTRADA MANUAL)
65,15,4,114,145,4,,,,0,0,7,87,117,1,5,,1,4,0,2,,0,0,0,53,270,529,FINAL (ENTRADA MANUAL)
65,16,1,133,125,4,,,,1,0,2,111,102,1,1,,8,3,0,4,,1,1,0,35,267,504,FINAL (ENTRADA MANUAL)
65,16,2,136,121,5,,,,1,0,0,107,105,0,0,,6,2,0,2,,0,0,0,41,263,505,FINAL (ENTRADA MANUAL)
65,17,1,54,54,4,,,,0,0,0,35,48,0,0,,3,3,0,3,,1,0,0,20,113,179,FINAL (ENTRADA MANUAL)
65,72,1,578,25,0,,,,0,0,1,556,17,0,0,,3,0,0,0,,0,0,0,28,604,0,FINAL (ENTRADA MANUAL)
65,72,2,80,3,0,,,,0,0,0,74,2,0,1,,2,0,0,0,,0,0,0,5,84,0,FINAL (ENTRADA MANUAL)
65,72,3,1126,82,10,,,,0,0,2,1072,55,1,2,,10,5,0,9,,0,0,0,66,1220,0,FINAL (ENTRADA MANUAL)
65,72,4,157,34,0,,,,0,0,0,147,23,0,0,,2,3,0,1,,3,2,0,15,196,0,FINAL (ENTRADA MANUAL)
65,72,5,163,9,1,,,,0,0,0,157,7,0,0,,1,1,0,1,,0,0,0,6,173,0,FINAL (ENTRADA MANUAL)
65,72,6,8,2,0,,,,0,0,0,8,2,0,0,,0,0,0,0,,1,0,0,0,11,0,FINAL (ENTRADA MANUAL)
65,72,7,1,0,0,,,,0,0,0,1,0,0,0,,0,0,0,0,,0,0,0,0,1,0,FINAL (ENTRADA MANUAL)
65,72,8,0,2,0,,,,0,0,0,0,2,0,0,,0,0,0,0,,0,0,0,0,2,0,FINAL (ENTRADA MANUAL)
65,72,9,19,1,0,,,,0,0,0,18,1,0,0,,0,0,0,0,,0,0,0,1,20,0,FINAL (ENTRADA MANUAL)
65,73,1,96,963,6,,,,1,3,1,36,848,2,1,,3,52,0,2,,0,0,0,126,1070,0,FINAL (ENTRADA MANUAL)
65,73,2,0,0,0,,,,0,0,0,0,0,0,0,,0,0,0,0,,0,0,0,0,0,0,FINAL (ENTRADA MANUAL)
65,73,3,0,0,0,,,,0,0,0,0,0,0,0,,0,0,0,0,,0,0,0,0,0,0,FINAL (ENTRADA MANUAL)
65,73,4,0,0,0,,,,0,0,0,0,0,0,0,,0,0,0,0,,0,0,0,0,0,0,FINAL (ENTRADA MANUAL)
65,73,5,8,136,1,,,,0,0,0,3,132,0,0,,0,4,0,1,,2,0,0,5,147,0,FINAL (ENTRADA MANUAL)
65,74,1,1,1,0,,,,0,0,0,1,0,0,0,,0,0,0,0,,0,0,0,1,2,0,FINAL (ENTRADA MANUAL)
65,74,2,0,0,0,,,,0,0,0,0,0,0,0,,0,0,0,0,,0,0,0,0,0,0,FINAL (ENTRADA MANUAL)
65,75,1,1,0,0,,,,0,0,0,1,0,0,0,,0,0,0,0,,0,0,0,0,1,0,FINAL (ENTRADA MANUAL)
65,76,1,5,3,0,,,,0,0,2,4,2,0,0,,0,0,0,0,,0,0,0,4,10,0,FINAL (ENTRADA MANUAL)
65,76,2,0,0,0,,,,0,0,0,0,0,0,0,,0,0,0,0,,0,0,0,0,0,0,FINAL (ENTRADA MANUAL)
65,76,3,2,1,0,,,,0,0,0,2,1,0,0,,0,0,0,0,,0,0,0,0,3,0,FINAL (ENTRADA MANUAL)
65,77,1,5,16,0,,,,0,0,0,5,12,0,0,,0,1,0,0,,0,0,0,3,21,0,FINAL (ENTRADA MANUAL)
65,77,2,4,7,4,,,,0,0,0,3,6,0,0,,0,0,0,4,,0,0,0,2,15,0,FINAL (ENTRADA MANUAL)
65,77,3,1,2,0,,,,0,0,0,1,2,0,0,,0,0,0,0,,0,0,0,0,3,0,FINAL (ENTRADA MANUAL)
65,77,4,4,7,0,,,,0,0,1,4,7,0,1,,0,0,0,0,,1,0,0,0,13,0,FINAL (ENTRADA MANUAL)
65,78,1,17,6,1,,,,0,0,0,12,6,1,0,,0,0,0,0,,0,0,0,5,24,0,FINAL (ENTRADA MANUAL)
65,78,2,0,0,0,,,,0,0,0,0,0,0,0,,0,0,0,0,,0,0,0,0,0,0,FINAL (ENTRADA MANUAL)
65,78,3,0,0,0,,,,0,0,0,0,0,0,0,,0,0,0,0,,0,0,0,0,0,0,FINAL (ENTRADA MANUAL)
65,78,4,0,0,0,,,,0,0,0,0,0,0,0,,0,0,0,0,,0,0,0,0,0,0,FINAL (ENTRADA MANUAL)
66,1,1,84,66,1,1,,,1,0,0,61,48,0,1,,0,1,0,0,,2,0,0,42,155,298,FINAL (ENTRADA MANUAL)
66,1,2,91,67,0,0,,,0,0,1,70,45,0,0,,1,2,0,0,,0,2,0,41,161,298,FINAL (ENTRADA MANUAL)
66,2,1,141,126,2,1,,,0,0,0,106,95,2,1,,3,1,0,2,,1,0,0,60,271,502,FINAL (ENTRADA MANUAL)
66,2,2,150,98,4,2,,,0,0,0,109,72,2,2,,5,1,0,0,,0,0,0,63,254,503,FINAL (ENTRADA MANUAL)
66,3,1,112,73,2,4,,,0,0,2,93,63,1,2,,1,2,0,0,,0,0,0,31,193,402,FINAL (ENTRADA MANUAL)
66,3,2,128,69,1,3,,,0,0,1,103,59,0,0,,4,3,0,1,,2,0,0,32,204,401,FINAL (ENTRADA MANUAL)
66,4,1,136,84,7,3,,,1,0,1,102,63,5,1,,1,5,0,2,,0,0,0,53,232,436,FINAL (ENTRADA MANUAL)
66,4,2,146,67,3,2,,,0,0,0,112,48,1,2,,1,6,0,1,,0,0,0,47,218,436,FINAL (ENTRADA MANUAL)
66,4,3,123,93,3,3,,,1,0,0,103,83,1,1,,2,2,1,0,,1,0,0,30,224,437,FINAL (ENTRADA MANUAL)
66,5,1,97,88,1,3,,,0,0,0,82,75,1,3,,1,5,0,0,,0,0,0,22,189,360,FINAL (ENTRADA MANUAL)
66,6,1,166,93,2,5,,,0,0,1,123,68,1,3,,7,0,0,1,,1,0,0,64,268,495,FINAL (ENTRADA MANUAL)
66,6,2,152,88,1,2,,,0,0,0,117,63,0,1,,1,1,0,4,,0,0,0,56,243,495,FINAL (ENTRADA MANUAL)
66,6,3,159,87,1,7,,,0,0,1,118,66,0,2,,8,3,0,2,,0,0,0,56,255,495,FINAL (ENTRADA MANUAL)
66,7,1,185,64,0,3,,,0,0,1,137,42,0,2,,2,7,0,2,,2,0,0,61,255,457,FINAL (ENTRADA MANUAL)
66,7,2,188,42,0,2,,,3,0,0,142,27,0,0,,4,4,0,3,,1,1,0,55,237,457,FINAL (ENTRADA MANUAL)
66,7,3,189,55,2,5,,,0,1,1,151,40,1,3,,4,4,0,1,,0,1,0,49,254,457,FINAL (ENTRADA MANUAL)
66,7,4,152,62,2,1,,,0,0,1,122,51,0,1,,2,1,0,0,,0,0,0,41,218,458,FINAL (ENTRADA MANUAL)
66,8,1,130,44,0,4,,,0,0,0,101,33,0,3,,4,0,0,1,,1,0,0,36,179,312,FINAL (ENTRADA MANUAL)
66,8,2,119,34,2,4,,,0,0,1,101,28,1,1,,0,1,1,0,,1,0,0,27,161,311,FINAL (ENTRADA MANUAL)
66,9,1,153,83,0,2,,,0,0,5,129,73,0,1,,0,5,0,1,,2,0,0,34,245,490,FINAL (ENTRADA MANUAL)
66,10,1,56,66,1,2,,,0,0,1,51,60,1,1,,0,0,0,1,,0,0,0,12,126,270,FINAL (ENTRADA MANUAL)
66,10,2,49,75,0,4,,,0,0,1,42,66,0,4,,3,0,0,0,,0,0,0,14,129,270,FINAL (ENTRADA MANUAL)
66,11,1,69,19,1,1,,,0,0,0,57,13,0,1,,4,0,0,1,,1,0,0,14,91,128,FINAL (ENTRADA MANUAL)
66,12,1,131,26,0,1,,,0,0,0,115,20,0,1,,0,2,0,1,,0,0,0,19,158,282,FINAL (ENTRADA MANUAL)
66,12,2,120,37,1,1,,,0,0,1,108,25,1,0,,1,3,0,0,,2,0,0,22,162,282,FINAL (ENTRADA MANUAL)
66,13,1,119,51,2,4,,,0,0,2,93,27,0,4,,0,3,1,1,,2,0,0,49,180,331,FINAL (ENTRADA MANUAL)
66,14,1,164,88,2,4,,,2,1,2,123,66,1,3,,8,6,1,1,,1,0,0,54,264,478,FINAL (ENTRADA MANUAL)
66,15,1,211,91,1,1,,,0,0,0,172,75,1,1,,1,2,0,0,,2,0,0,52,306,594,FINAL (ENTRADA MANUAL)
66,15,2,169,94,2,1,,,0,0,1,135,71,0,1,,3,2,2,1,,1,0,0,52,268,594,FINAL (ENTRADA MANUAL)
66,15,3,205,67,0,1,,,1,0,0,158,47,0,1,,0,0,0,1,,0,0,0,67,274,594,FINAL (ENTRADA MANUAL)
66,15,4,153,103,1,2,,,0,2,2,110,85,1,1,,1,1,0,1,,1,0,0,63,264,595,FINAL (ENTRADA MANUAL)
66,16,1,139,100,3,5,,,0,0,3,101,79,1,4,,3,4,0,3,,0,0,0,55,250,471,FINAL (ENTRADA MANUAL)
66,16,2,96,88,0,7,,,0,0,0,67,69,0,2,,2,0,1,5,,0,0,0,45,191,471,FINAL (ENTRADA MANUAL)
66,16,3,136,96,2,4,,,1,0,0,117,76,0,4,,1,7,0,1,,2,0,0,33,241,471,FINAL (ENTRADA MANUAL)
66,16,4,145,114,2,2,,,0,0,0,113,95,2,2,,3,6,0,0,,2,0,0,42,265,471,FINAL (ENTRADA MANUAL)
66,16,5,140,102,0,5,,,1,0,0,116,87,0,5,,2,3,0,1,,1,0,0,34,249,471,FINAL (ENTRADA MANUAL)
66,16,6,123,100,2,3,,,0,0,0,99,67,1,3,,1,7,0,3,,4,0,0,47,232,471,FINAL (ENTRADA MANUAL)
66,72,1,797,306,0,3,,,0,0,2,715,280,0,3,,6,7,0,0,,0,0,0,97,1108,0,FINAL (ENTRADA MANUAL)
66,72,2,172,72,0,4,,,0,0,0,157,67,0,3,,2,0,0,2,,3,5,0,17,256,0,FINAL (ENTRADA MANUAL)
66,72,3,545,241,4,4,,,0,1,2,461,220,3,3,,9,4,0,4,,0,2,0,93,799,0,FINAL (ENTRADA MANUAL)
66,72,4,99,84,2,3,,,0,0,1,72,65,1,2,,2,2,0,1,,2,1,0,44,192,0,FINAL (ENTRADA MANUAL)
66,72,5,58,17,0,0,,,0,0,0,52,16,0,0,,0,0,0,0,,0,0,0,7,75,0,FINAL (ENTRADA MANUAL)
66,72,6,14,10,0,0,,,0,0,0,12,10,0,0,,0,0,0,0,,0,0,0,2,24,0,FINAL (ENTRADA MANUAL)
66,72,7,35,16,0,0,,,0,0,0,29,14,0,0,,0,0,0,0,,0,0,0,8,51,0,FINAL (ENTRADA MANUAL)
66,72,8,6,2,0,0,,,0,0,0,6,1,0,0,,0,1,0,0,,0,0,0,0,8,0,FINAL (ENTRADA MANUAL)
66,72,9,1,0,0,0,,,0,0,0,1,0,0,0,,0,0,0,0,,0,0,0,0,1,0,FINAL (ENTRADA MANUAL)
66,72,10,1,2,0,0,,,0,0,1,1,2,0,0,,0,0,0,0,,0,0,0,1,4,0,FINAL (ENTRADA MANUAL)
66,72,11,16,9,1,0,,,0,0,0,16,8,0,0,,0,0,0,0,,0,0,0,2,26,0,FINAL (ENTRADA MANUAL)
66,73,1,6,10,0,0,,,0,0,0,4,9,0,0,,0,0,0,0,,1,0,0,3,17,0,FINAL (ENTRADA MANUAL)
66,74,1,1,4,0,0,,,0,0,0,1,4,0,0,,0,0,0,0,,0,0,0,0,5,0,FINAL (ENTRADA MANUAL)
66,74,2,0,0,0,0,,,0,0,0,0,0,0,0,,0,0,0,0,,0,0,0,0,0,0,FINAL (ENTRADA MANUAL)
66,75,1,1,0,0,0,,,0,0,0,1,0,0,0,,0,0,0,0,,0,0,0,0,1,0,FINAL (ENTRADA MANUAL)
66,75,2,0,0,0,0,,,0,0,0,0,0,0,0,,0,0,0,0,,0,0,0,0,0,0,FINAL (ENTRADA MANUAL)
66,76,1,16,1,0,0,,,0,0,0,13,1,0,0,,0,0,0,0,,3,0,0,3,20,0,FINAL (ENTRADA MANUAL)
66,76,2,0,0,0,0,,,0,0,0,0,0,0,0,,0,0,0,0,,0,0,0,0,0,0,FINAL (ENTRADA MANUAL)
66,76,3,5,0,0,0,,,0,0,0,3,0,0,0,,0,0,0,0,,0,0,0,2,5,0,FINAL (ENTRADA MANUAL)
66,76,4,0,0,0,0,,,0,0,0,0,0,0,0,,0,0,0,0,,0,0,0,0,0,0,FINAL (ENTRADA MANUAL)
66,76,5,0,2,0,0,,,0,0,0,0,0,0,0,,0,0,0,0,,0,0,0,2,2,0,FINAL (ENTRADA MANUAL)
66,76,6,0,0,0,0,,,0,0,0,0,0,0,0,,0,0,0,0,,0,0,0,0,0,0,FINAL (ENTRADA MANUAL)
66,77,1,0,0,0,0,,,0,0,0,0,0,0,0,,0,0,0,0,,0,0,0,0,0,0,FINAL (ENTRADA MANUAL)
66,77,2,5,3,2,1,,,0,0,0,3,1,1,1,,1,1,0,1,,0,0,0,2,11,0,FINAL (ENTRADA MANUAL)
66,77,3,0,0,0,4,,,0,0,0,0,0,0,3,,0,0,0,0,,0,0,0,1,4,0,FINAL (ENTRADA MANUAL)
66,77,4,1,1,0,0,,,0,0,0,1,0,0,0,,0,1,0,0,,0,0,0,0,2,0,FINAL (ENTRADA MANUAL)
66,78,1,25,17,0,0,,,0,0,0,20,11,0,0,,0,1,0,0,,0,0,0,10,42,0,FINAL (ENTRADA MANUAL)
66,78,2,0,0,0,0,,,0,0,0,0,0,0,0,,0,0,0,0,,0,0,0,0,0,0,FINAL (ENTRADA MANUAL)
66,78,3,0,0,0,0,,,0,0,0,0,0,0,0,,0,0,0,0,,0,0,0,0,0,0,FINAL (ENTRADA MANUAL)
66,78,4,0,0,0,0,,,0,0,0,0,0,0,0,,0,0,0,0,,0,0,0,0,0,0,FINAL (ENTRADA MANUAL)
67,1,1,103,112,,4,,,0,0,0,78,89,,1,,1,6,,0,,2,0,0,44,221,611,FINAL (ENTRADA MANUAL)
67,1,2,105,115,,2,,,2,0,0,82,83,,0,,3,7,,0,,1,0,0,49,225,611,FINAL (ENTRADA MANUAL)
67,2,1,151,101,,3,,,0,0,0,125,74,,3,,1,1,,0,,2,0,0,51,257,580,FINAL (ENTRADA MANUAL)
67,2,2,160,81,,3,,,0,0,0,117,56,,2,,2,1,,1,,0,0,0,65,244,580,FINAL (ENTRADA MANUAL)
67,3,1,102,105,,2,,,0,0,0,78,84,,2,,0,2,,0,,1,0,0,43,210,413,FINAL (ENTRADA MANUAL)
67,3,2,86,91,,2,,,0,0,0,60,61,,2,,0,0,,1,,3,0,0,55,182,413,FINAL (ENTRADA MANUAL)
67,4,1,128,127,,26,,,5,0,0,101,97,,18,,0,6,,2,,2,0,0,62,288,521,FINAL (ENTRADA MANUAL)
67,4,2,138,108,,21,,,0,0,1,101,84,,18,,0,2,,3,,2,0,0,60,270,521,FINAL (ENTRADA MANUAL)
67,4,3,132,106,,35,,,3,0,1,92,74,,25,,4,2,,3,,3,0,0,77,280,521,FINAL (ENTRADA MANUAL)
67,4,4,126,107,,26,,,6,0,0,97,75,,15,,2,2,,4,,3,0,0,70,268,521,FINAL (ENTRADA MANUAL)
67,4,5,141,127,,23,,,2,0,2,92,86,,14,,0,1,,7,,3,0,0,95,298,521,FINAL (ENTRADA MANUAL)
67,4,6,128,98,,21,,,2,0,0,100,77,,15,,1,0,,1,,1,0,0,55,250,521,FINAL (ENTRADA MANUAL)
67,4,7,122,100,,23,,,2,0,1,103,72,,17,,6,2,,1,,2,0,0,47,250,521,FINAL (ENTRADA MANUAL)
67,4,8,131,114,,23,,,0,0,3,101,87,,20,,0,2,,1,,2,1,0,60,274,520,FINAL (ENTRADA MANUAL)
67,5,1,58,90,,6,,,1,0,0,44,76,,5,,1,2,,1,,3,0,0,26,158,400,FINAL (ENTRADA MANUAL)
67,5,2,77,78,,10,,,2,0,0,51,62,,6,,2,3,,0,,2,0,0,43,169,400,FINAL (ENTRADA MANUAL)
67,6,1,123,134,,5,,,0,0,0,99,117,,4,,1,2,,1,,1,2,0,38,265,728,FINAL (ENTRADA MANUAL)
67,6,2,116,136,,5,,,1,1,1,90,101,,2,,1,1,,1,,2,0,0,64,262,728,FINAL (ENTRADA MANUAL)
67,6,3,114,135,,12,,,1,0,1,80,104,,11,,3,2,,1,,0,0,0,62,263,729,FINAL (ENTRADA MANUAL)
67,7,1,135,136,,9,,,2,0,0,102,96,,5,,1,5,,0,,0,0,0,73,282,719,FINAL (ENTRADA MANUAL)
67,7,2,113,170,,9,,,3,0,1,81,118,,7,,5,6,,0,,2,0,0,79,298,719,FINAL (ENTRADA MANUAL)
67,72,1,0,0,,0,,,0,0,0,0,0,,0,,0,0,,0,,0,0,0,0,0,0,FINAL (ENTRADA MANUAL)
67,72,2,0,0,,0,,,0,0,0,0,0,,0,,0,0,,0,,0,0,0,0,0,0,FINAL (ENTRADA MANUAL)
67,72,3,640,109,,3,,,9,0,0,576,92,,1,,5,1,,3,,0,0,0,83,668,0,FINAL (ENTRADA MANUAL)
67,72,4,65,17,,0,,,2,0,0,55,11,,0,,1,2,,1,,2,0,0,14,86,0,FINAL (ENTRADA MANUAL)
67,72,5,297,98,,2,,,2,1,2,270,78,,1,,3,0,,0,,0,0,0,50,402,0,FINAL (ENTRADA MANUAL)
67,72,6,25,6,,1,,,0,0,0,23,6,,1,,0,0,,0,,5,0,0,2,37,0,FINAL (ENTRADA MANUAL)
67,72,7,96,21,,0,,,0,0,0,85,16,,0,,1,0,,0,,0,0,0,15,117,0,FINAL (ENTRADA MANUAL)
67,72,8,14,1,,0,,,0,0,0,14,1,,0,,0,0,,0,,0,0,0,0,15,0,FINAL (ENTRADA MANUAL)
67,72,9,81,12,,0,,,0,1,0,76,9,,0,,2,2,,0,,0,0,0,5,94,0,FINAL (ENTRADA MANUAL)
67,72,10,4,1,,0,,,0,0,0,4,1,,0,,0,0,,0,,0,0,0,0,5,0,FINAL (ENTRADA MANUAL)
67,72,11,1,0,,0,,,0,0,0,1,0,,0,,0,0,,0,,0,0,0,0,1,0,FINAL (ENTRADA MANUAL)
67,72,12,0,0,,0,,,0,0,0,0,0,,0,,0,0,,0,,0,0,0,0,0,0,FINAL (ENTRADA MANUAL)
67,72,13,25,6,,1,,,0,0,0,20,3,,0,,0,1,,0,,0,0,0,8,32,0,FINAL (ENTRADA MANUAL)
67,73,1,165,870,,3,,,0,0,1,130,716,,2,,2,11,,2,,0,0,0,176,1039,0,FINAL (ENTRADA MANUAL)
67,73,2,50,270,,1,,,1,0,0,38,242,,1,,2,3,,1,,3,0,0,35,325,0,FINAL (ENTRADA MANUAL)
67,73,3,0,0,,0,,,0,0,0,0,0,,0,,0,0,,0,,0,0,0,0,0,0,FINAL (ENTRADA MANUAL)
67,73,4,0,0,,0,,,0,0,0,0,0,,0,,0,0,,0,,0,0,0,0,0,0,FINAL (ENTRADA MANUAL)
67,73,5,0,0,,0,,,0,0,0,0,0,,0,,0,0,,0,,0,0,0,0,0,0,FINAL (ENTRADA MANUAL)
67,74,1,1,1,,0,,,0,0,0,1,0,,0,,0,0,,0,,0,0,0,1,2,0,FINAL (ENTRADA MANUAL)
67,74,2,0,0,,0,,,0,0,0,0,0,,0,,0,0,,0,,0,0,0,0,0,0,FINAL (ENTRADA MANUAL)
67,75,1,0,0,,0,,,0,0,0,0,0,,0,,0,0,,0,,0,0,0,0,0,0,FINAL (ENTRADA MANUAL)
67,75,2,0,1,,0,,,0,0,0,0,1,,0,,0,0,,0,,0,0,0,0,1,0,FINAL (ENTRADA MANUAL)
67,76,1,12,4,,0,,,0,0,0,10,0,,0,,0,0,,0,,0,0,0,6,16,0,FINAL (ENTRADA MANUAL)
67,76,2,0,0,,0,,,0,0,0,0,0,,0,,0,0,,0,,0,0,0,0,0,0,FINAL (ENTRADA MANUAL)
67,76,3,5,0,,0,,,0,0,0,3,0,,0,,0,0,,0,,0,0,0,2,5,0,FINAL (ENTRADA MANUAL)
67,76,4,1,0,,0,,,0,0,0,1,0,,0,,0,0,,0,,0,0,0,0,1,0,FINAL (ENTRADA MANUAL)
67,76,5,0,0,,0,,,0,0,0,0,0,,0,,0,0,,0,,0,0,0,0,0,0,FINAL (ENTRADA MANUAL)
67,76,6,0,0,,0,,,0,0,0,0,0,,0,,0,0,,0,,1,0,0,0,1,0,FINAL (ENTRADA MANUAL)
67,77,1,9,20,,1,,,0,0,0,8,17,,0,,1,0,,0,,0,0,0,4,30,0,FINAL (ENTRADA MANUAL)
67,77,2,10,42,,4,,,1,0,2,9,37,,4,,1,0,,0,,0,0,0,8,59,0,FINAL (ENTRADA MANUAL)
67,77,3,0,0,,0,,,0,0,0,0,0,,0,,0,0,,0,,0,0,0,0,0,0,FINAL (ENTRADA MANUAL)
67,77,4,11,2,,1,,,0,0,0,10,2,,1,,0,0,,0,,0,0,0,1,14,0,FINAL (ENTRADA MANUAL)
67,77,5,1,1,,0,,,1,0,0,0,0,,0,,0,0,,0,,0,0,0,1,0,0,FINAL (ENTRADA MANUAL)
67,77,6,14,12,,0,,,0,0,0,12,11,,0,,0,0,,0,,0,0,0,3,26,0,FINAL (ENTRADA MANUAL)
67,78,1,35,34,,2,,,0,0,0,23,24,,1,,1,0,,0,,0,0,0,22,71,0,FINAL (ENTRADA MANUAL)
67,78,2,0,0,,0,,,0,0,0,0,0,,0,,0,0,,0,,0,0,0,0,0,0,FINAL (ENTRADA MANUAL)
67,78,3,0,0,,0,,,0,0,0,0,0,,0,,0,0,,0,,0,0,0,0,0,0,FINAL (ENTRADA MANUAL)
67,78,4,1,0,,0,,,0,0,0,1,0,,0,,0,0,,0,,0,0,0,0,1,0,FINAL (ENTRADA MANUAL)
68,1,1,87,151,,13,,,3,0,0,70,119,,8,,1,2,,3,,0,0,0,51,254,409,FINAL (ENTRADA MANUAL)
68,1,2,81,134,,8,,,0,0,0,72,107,,6,,1,2,,3,,0,0,0,32,223,409,FINAL (ENTRADA MANUAL)
68,1,3,82,125,,10,,,0,0,1,61,86,,6,,1,3,,2,,0,0,0,59,218,409,FINAL (ENTRADA MANUAL)
68,2,1,104,82,,5,,,1,0,0,89,59,,4,,1,2,,0,,0,0,0,37,192,372,FINAL (ENTRADA MANUAL)
68,2,2,90,91,,7,,,2,0,0,76,70,,6,,2,0,,1,,3,0,0,35,193,372,FINAL (ENTRADA MANUAL)
68,3,1,89,104,,3,,,0,0,0,74,86,,2,,1,1,,2,,1,0,0,30,197,308,FINAL (ENTRADA MANUAL)
68,3,2,100,73,,3,,,0,0,1,86,54,,1,,3,0,,0,,1,0,0,33,178,308,FINAL (ENTRADA MANUAL)
68,4,1,81,131,,6,,,0,0,0,75,110,,5,,7,0,,0,,1,0,0,21,219,392,FINAL (ENTRADA MANUAL)
68,5,1,77,102,,9,,,0,1,0,65,78,,9,,2,0,,0,,2,0,0,35,191,340,FINAL (ENTRADA MANUAL)
68,5,2,102,91,,7,,,0,0,0,93,69,,7,,1,0,,0,,1,0,0,30,201,341,FINAL (ENTRADA MANUAL)
68,6,1,87,67,,4,,,0,0,0,80,42,,3,,1,1,,1,,0,0,0,30,158,341,FINAL (ENTRADA MANUAL)
68,6,2,88,69,,3,,,0,0,1,80,49,,3,,3,1,,4,,0,0,0,21,161,341,FINAL (ENTRADA MANUAL)
68,7,1,62,164,,2,,,0,0,0,55,120,,1,,0,4,,0,,0,0,0,48,228,376,FINAL (ENTRADA MANUAL)
68,7,2,72,141,,6,,,0,0,0,57,87,,5,,1,3,,2,,3,0,0,64,222,376,FINAL (ENTRADA MANUAL)
68,7,3,70,115,,4,,,0,0,0,62,89,,2,,2,1,,2,,1,0,0,31,190,375,FINAL (ENTRADA MANUAL)
68,72,1,8,0,,0,,,0,0,0,8,0,,0,,0,0,,0,,0,0,0,0,8,0,FINAL (ENTRADA MANUAL)
68,72,2,0,0,,0,,,0,0,0,0,0,,0,,0,0,,0,,0,0,0,0,0,0,FINAL (ENTRADA MANUAL)
68,72,3,182,111,,5,,,0,0,0,169,94,,1,,3,2,,0,,0,0,0,29,298,0,FINAL (ENTRADA MANUAL)
68,72,4,31,11,,1,,,0,0,1,26,10,,0,,0,1,,1,,8,0,0,6,52,0,FINAL (ENTRADA MANUAL)
68,72,5,18,1,,0,,,0,0,0,16,1,,0,,0,0,,0,,0,0,0,2,19,0,FINAL (ENTRADA MANUAL)
68,72,6,3,0,,0,,,0,0,0,3,0,,0,,0,0,,0,,0,0,0,0,3,0,FINAL (ENTRADA MANUAL)
68,72,7,12,0,,0,,,0,0,0,11,0,,0,,0,0,,0,,0,0,0,1,12,0,FINAL (ENTRADA MANUAL)
68,72,8,2,0,,0,,,0,0,0,2,0,,0,,0,0,,0,,0,0,0,0,2,0,FINAL (ENTRADA MANUAL)
68,73,1,9,138,,0,,,0,0,0,7,121,,0,,1,0,,0,,0,0,0,18,147,0,FINAL (ENTRADA MANUAL)
68,74,1,0,0,,0,,,0,0,0,0,0,,0,,0,0,,0,,0,0,0,0,0,0,FINAL (ENTRADA MANUAL)
68,74,2,0,0,,0,,,0,0,0,0,0,,0,,0,0,,0,,0,0,0,0,0,0,FINAL (ENTRADA MANUAL)
68,75,1,1,0,,0,,,0,0,0,1,0,,0,,0,0,,0,,0,0,0,0,1,0,FINAL (ENTRADA MANUAL)
68,75,2,0,1,,0,,,0,0,0,0,1,,0,,0,0,,0,,0,0,0,0,1,0,FINAL (ENTRADA MANUAL)
68,76,1,3,1,,0,,,0,0,0,2,0,,0,,0,0,,0,,0,0,0,2,4,0,FINAL (ENTRADA MANUAL)
68,76,2,0,0,,0,,,0,0,0,0,0,,0,,0,0,,0,,0,0,0,0,0,0,FINAL (ENTRADA MANUAL)
68,76,3,1,2,,0,,,0,0,0,1,2,,0,,0,0,,0,,0,0,0,0,3,0,FINAL (ENTRADA MANUAL)
68,76,4,0,0,,0,,,0,0,0,0,0,,0,,0,0,,0,,1,0,0,0,1,0,FINAL (ENTRADA MANUAL)
68,77,1,0,0,,0,,,0,0,0,0,0,,0,,0,0,,0,,0,0,0,0,0,0,FINAL (ENTRADA MANUAL)
68,77,2,1,8,,3,,,0,0,0,1,6,,3,,0,1,,0,,0,0,0,1,12,0,FINAL (ENTRADA MANUAL)
68,77,3,1,2,,0,,,0,0,0,1,1,,0,,0,1,,0,,0,0,0,0,3,0,FINAL (ENTRADA MANUAL)
68,78,1,11,3,,1,,,0,0,0,10,3,,1,,0,0,,0,,0,0,0,1,15,0,FINAL (ENTRADA MANUAL)
68,78,2,0,0,,0,,,0,0,0,0,0,,0,,0,0,,0,,0,0,0,0,0,0,FINAL (ENTRADA MANUAL)
68,78,3,0,0,,0,,,0,0,0,0,0,,0,,0,0,,0,,0,0,0,0,0,0,FINAL (ENTRADA MANUAL)
68,78,4,0,0,,0,,,0,0,0,0,0,,0,,0,0,,0,,0,0,0,0,0,0,FINAL (ENTRADA MANUAL)
69,1,1,208,51,,27,3,,0,0,0,140,38,0,14,2,5,3,1,7,1,4,0,0,78,293,445,FINAL (ENTRADA MANUAL)
69,1,2,166,39,,30,3,,1,0,1,100,29,0,20,3,4,3,0,6,0,0,0,0,75,240,445,FINAL (ENTRADA MANUAL)
69,1,3,157,32,,27,4,,2,0,0,79,24,0,16,4,4,3,1,10,0,1,1,0,81,224,445,FINAL (ENTRADA MANUAL)
69,1,4,163,35,,29,3,,0,0,0,99,21,0,8,3,4,4,0,15,0,2,0,0,76,232,445,FINAL (ENTRADA MANUAL)
69,1,5,168,43,,20,6,,1,0,0,105,34,0,10,4,3,1,1,6,1,2,0,0,73,240,445,FINAL (ENTRADA MANUAL)
69,1,6,192,52,,15,4,,0,0,0,120,44,0,8,3,3,2,1,9,1,2,0,0,72,265,444,FINAL (ENTRADA MANUAL)
69,2,1,131,71,,32,8,,0,1,1,79,52,0,15,8,7,2,0,9,0,2,0,0,72,246,486,FINAL (ENTRADA MANUAL)
69,2,2,147,65,,18,9,,0,0,0,81,53,0,13,8,2,5,0,4,0,1,1,0,73,241,486,FINAL (ENTRADA MANUAL)
69,2,3,135,52,,28,8,,3,0,2,77,38,1,16,8,5,8,0,11,0,1,0,0,64,229,485,FINAL (ENTRADA MANUAL)
69,3,1,152,59,,29,9,,0,1,1,91,42,0,21,6,6,10,0,3,3,1,0,0,69,252,473,FINAL (ENTRADA MANUAL)
69,3,2,149,73,,15,11,,0,0,1,89,59,0,10,6,2,2,0,5,0,2,0,0,76,251,473,FINAL (ENTRADA MANUAL)
69,3,3,145,66,,24,12,,0,0,0,87,43,0,18,6,2,4,0,5,1,3,0,0,81,250,473,FINAL (ENTRADA MANUAL)
69,3,4,146,61,,29,14,,0,1,2,88,46,0,17,11,3,5,0,6,0,1,0,0,77,254,473,FINAL (ENTRADA MANUAL)
69,3,5,167,53,,25,12,,1,0,0,103,39,0,16,11,6,4,0,8,1,2,0,0,70,260,474,FINAL (ENTRADA MANUAL)
69,4,1,182,46,,12,4,,1,1,3,114,38,1,6,2,9,5,0,8,1,3,0,0,65,252,466,FINAL (ENTRADA MANUAL)
69,4,2,148,48,,24,7,,1,0,0,96,38,0,15,5,4,4,1,7,1,1,1,0,57,230,466,FINAL (ENTRADA MANUAL)
69,4,3,151,55,,12,8,,1,0,0,95,47,0,5,4,6,0,0,6,0,0,0,0,64,227,466,FINAL (ENTRADA MANUAL)
69,4,4,151,46,,18,4,,0,0,1,105,36,0,10,3,1,3,0,5,1,0,0,0,56,220,465,FINAL (ENTRADA MANUAL)
69,5,1,193,60,,27,5,,2,0,1,114,42,0,18,5,7,6,0,1,0,0,0,0,95,288,457,FINAL (ENTRADA MANUAL)
69,5,2,137,44,,14,2,,0,0,1,86,29,0,7,1,2,2,0,4,1,0,0,0,66,198,457,FINAL (ENTRADA MANUAL)
69,5,3,154,57,,20,5,,1,0,0,93,43,0,13,5,1,3,0,7,0,0,0,1,72,238,457,FINAL (ENTRADA MANUAL)
69,5,4,164,69,,22,10,,0,0,0,86,52,0,12,8,8,8,0,5,0,2,0,0,86,267,457,FINAL (ENTRADA MANUAL)
69,5,5,168,51,,30,6,,0,0,0,109,38,0,17,2,7,1,0,4,0,1,0,0,77,256,457,FINAL (ENTRADA MANUAL)
69,6,1,166,35,,24,9,,0,0,0,116,29,0,10,5,3,1,0,9,0,1,0,0,61,235,410,FINAL (ENTRADA MANUAL)
69,6,2,139,33,,35,3,,0,0,1,100,22,1,25,2,7,6,0,4,0,1,0,0,44,212,410,FINAL (ENTRADA MANUAL)
69,6,3,157,40,,21,4,,0,0,1,95,29,0,12,2,4,6,0,10,0,0,0,0,65,223,410,FINAL (ENTRADA MANUAL)
69,6,4,144,37,,22,4,,0,0,3,91,30,0,16,1,4,1,1,3,0,1,0,0,63,211,411,FINAL (ENTRADA MANUAL)
69,7,1,140,36,,30,4,,0,1,4,88,22,0,10,2,3,3,1,14,0,3,0,0,72,218,358,FINAL (ENTRADA MANUAL)
69,7,2,170,37,,23,2,,0,1,1,104,29,0,11,2,6,4,0,5,1,0,0,0,72,234,358,FINAL (ENTRADA MANUAL)
69,7,3,137,39,,13,8,,1,0,1,109,33,0,4,7,1,0,0,5,0,0,0,0,40,199,359,FINAL (ENTRADA MANUAL)
69,8,1,172,43,,26,7,,0,0,2,108,34,2,17,4,5,3,0,6,0,1,0,0,71,251,470,FINAL (ENTRADA MANUAL)
69,8,2,170,58,,17,4,,1,0,1,115,43,0,10,3,4,6,0,5,0,1,0,0,65,252,470,FINAL (ENTRADA MANUAL)
69,8,3,134,60,,30,6,,0,0,2,85,48,0,14,4,5,2,1,7,0,0,0,1,66,233,470,FINAL (ENTRADA MANUAL)
69,8,4,140,47,,27,3,,1,0,2,85,31,0,18,2,7,5,0,9,1,5,0,0,62,225,470,FINAL (ENTRADA MANUAL)
69,8,5,165,40,,26,6,,0,0,1,95,27,0,13,4,3,0,0,9,0,1,0,0,87,239,471,FINAL (ENTRADA MANUAL)
69,72,1,26,20,,1,0,,0,0,0,19,19,0,0,0,1,0,0,0,1,0,0,0,7,44,0,FINAL (ENTRADA MANUAL)
69,72,2,2,2,,0,0,,0,0,0,1,1,0,0,0,0,0,0,0,0,0,0,0,2,4,0,FINAL (ENTRADA MANUAL)
69,72,3,470,299,,36,10,,1,2,1,349,229,0,21,8,79,9,0,11,3,0,0,0,110,819,0,FINAL (ENTRADA MANUAL)
69,72,4,195,99,,1,16,,0,0,1,136,74,1,12,0,14,8,0,1,0,2,0,0,66,314,0,FINAL (ENTRADA MANUAL)
69,72,5,11,7,,3,0,,0,0,0,9,4,0,3,0,2,0,0,0,0,0,0,0,3,21,0,FINAL (ENTRADA MANUAL)
69,72,6,6,6,,2,0,,0,0,0,6,6,0,2,0,0,0,0,0,0,0,0,0,0,14,0,FINAL (ENTRADA MANUAL)
69,72,7,5,6,,0,0,,0,0,0,4,4,0,0,0,2,0,0,0,0,0,0,0,1,11,0,FINAL (ENTRADA MANUAL)
69,72,8,0,0,,0,0,,0,0,0,0,0,0,0,0,0,0,0,0,0,0,0,0,0,0,0,FINAL (ENTRADA MANUAL)
69,72,9,2,0,,0,0,,0,0,0,1,0,0,0,0,0,0,0,0,0,0,1,0,1,2,0,FINAL (ENTRADA MANUAL)
69,73,1,75,157,,11,7,,0,0,2,61,148,2,5,7,0,2,0,1,0,7,0,0,26,252,0,FINAL (ENTRADA MANUAL)
69,73,2,0,2,,0,1,,0,2,5,0,2,0,0,0,0,0,0,0,0,5,2,0,1,10,0,FINAL (ENTRADA MANUAL)
69,74,1,0,0,,0,0,,0,0,0,0,0,0,0,0,0,0,0,0,0,0,0,0,0,0,0,FINAL (ENTRADA MANUAL)
69,74,2,0,0,,0,0,,0,0,0,0,0,0,0,0,0,0,0,0,0,0,0,0,0,0,0,FINAL (ENTRADA MANUAL)
69,75,1,2,0,,1,0,,0,0,0,0,0,0,0,0,0,0,0,0,0,0,0,0,5,5,0,FINAL (ENTRADA MANUAL)
69,76,1,27,5,,0,0,,0,0,0,17,5,0,0,0,0,0,0,0,0,0,0,0,10,32,0,FINAL (ENTRADA MANUAL)
69,76,2,1,0,,0,0,,0,0,0,1,0,0,0,0,0,0,0,0,0,0,0,0,0,1,0,FINAL (ENTRADA MANUAL)
69,76,3,8,1,,0,0,,0,0,0,4,1,0,0,0,0,0,0,0,0,0,0,0,4,9,0,FINAL (ENTRADA MANUAL)
69,76,4,2,0,,0,0,,0,0,0,1,0,0,0,0,0,0,0,0,0,0,0,0,1,2,0,FINAL (ENTRADA MANUAL)
69,76,5,2,0,,0,0,,0,0,0,1,0,0,0,0,0,0,0,0,0,0,0,0,1,2,0,FINAL (ENTRADA MANUAL)
69,77,1,0,0,,0,0,,0,0,0,0,0,0,0,0,0,0,0,0,0,0,0,0,0,0,0,FINAL (ENTRADA MANUAL)
69,77,2,10,4,,4,5,,0,0,1,2,2,0,0,1,1,0,0,2,1,0,0,0,15,24,0,FINAL (ENTRADA MANUAL)
69,77,3,1,0,,0,0,,0,0,0,0,0,0,0,0,0,0,0,0,0,0,0,0,1,1,0,FINAL (ENTRADA MANUAL)
69,77,4,2,3,,2,1,,0,0,0,1,0,0,1,1,0,2,0,1,0,0,0,0,2,8,0,FINAL (ENTRADA MANUAL)
69,78,1,75,46,,1,1,,0,0,0,42,32,0,4,1,2,2,0,0,0,2,0,0,44,134,0,FINAL (ENTRADA MANUAL)
69,78,2,0,0,,0,0,,0,0,0,0,0,0,0,0,0,0,0,0,0,0,0,0,0,0,0,FINAL (ENTRADA MANUAL)
69,78,3,0,0,,0,0,,0,0,0,0,0,0,0,0,0,0,0,0,0,0,0,0,0,0,0,FINAL (ENTRADA MANUAL)
69,78,4,0,0,,0,0,,0,0,0,0,0,0,0,0,0,0,0,0,0,0,0,0,0,0,0,FINAL (ENTRADA MANUAL)
70,1,1,147,90,,27,,,0,0,1,102,73,,19,,6,3,,4,,2,0,0,58,267,471,FINAL (ENTRADA MANUAL)
70,1,2,170,64,,12,,,0,2,0,115,49,,8,,8,2,,1,,0,0,0,65,248,471,FINAL (ENTRADA MANUAL)
70,1,3,163,64,,14,,,0,0,0,128,54,,11,,7,1,,3,,0,0,0,37,241,471,FINAL (ENTRADA MANUAL)
70,1,4,155,83,,13,,,0,0,0,104,61,,7,,4,1,,5,,2,0,0,69,253,471,FINAL (ENTRADA MANUAL)
70,1,5,138,98,,16,,,0,0,0,110,83,,11,,4,4,,2,,1,0,0,38,253,471,FINAL (ENTRADA MANUAL)
70,1,6,136,61,,19,,,0,1,0,106,43,,15,,2,0,,5,,1,0,0,46,218,470,FINAL (ENTRADA MANUAL)
70,2,1,105,104,,15,,,1,0,0,73,84,,10,,3,4,,1,,0,0,0,50,225,435,FINAL (ENTRADA MANUAL)
70,2,2,113,68,,12,,,1,0,0,76,56,,9,,3,5,,1,,1,0,0,44,195,435,FINAL (ENTRADA MANUAL)
70,2,3,107,98,,17,,,1,0,2,84,87,,12,,1,3,,2,,2,0,0,36,227,435,FINAL (ENTRADA MANUAL)
70,2,4,110,83,,13,,,0,0,0,86,76,,6,,4,6,,1,,2,0,0,27,208,435,FINAL (ENTRADA MANUAL)
70,2,5,129,83,,10,,,1,0,0,111,71,,9,,0,7,,0,,2,0,0,25,225,436,FINAL (ENTRADA MANUAL)
70,3,1,143,50,,17,,,0,0,0,119,36,,13,,3,2,,1,,1,0,0,36,211,354,FINAL (ENTRADA MANUAL)
70,3,2,131,41,,12,,,0,0,0,100,35,,9,,2,0,,2,,0,0,0,36,184,355,FINAL (ENTRADA MANUAL)
70,4,1,201,49,,13,,,0,0,0,154,31,,9,,3,0,,1,,0,0,0,65,263,513,FINAL (ENTRADA MANUAL)
70,4,2,179,72,,9,,,0,0,2,134,61,,6,,1,1,,1,,0,0,0,58,262,513,FINAL (ENTRADA MANUAL)
70,4,3,158,68,,19,,,2,0,1,118,53,,13,,3,2,,1,,7,0,0,58,255,513,FINAL (ENTRADA MANUAL)
70,4,4,152,61,,8,,,0,0,0,125,51,,8,,4,2,,0,,2,0,0,31,223,513,FINAL (ENTRADA MANUAL)
70,4,5,153,74,,13,,,0,0,0,126,60,,12,,0,1,,1,,1,0,0,40,241,513,FINAL (ENTRADA MANUAL)
70,4,6,172,104,,15,,,1,0,1,123,89,,9,,2,1,,2,,0,1,0,67,294,513,FINAL (ENTRADA MANUAL)
70,5,1,106,86,,25,,,0,0,0,81,67,,17,,2,0,,5,,1,0,0,45,218,390,FINAL (ENTRADA MANUAL)
70,5,2,126,67,,24,,,0,0,0,98,62,,22,,1,0,,3,,1,0,0,31,218,390,FINAL (ENTRADA MANUAL)
70,5,3,105,77,,26,,,0,0,0,82,66,,14,,3,3,,3,,3,0,0,37,211,390,FINAL (ENTRADA MANUAL)
70,5,4,129,57,,16,,,1,0,0,98,39,,13,,0,3,,3,,1,0,0,47,204,389,FINAL (ENTRADA MANUAL)
70,6,1,179,39,,22,,,1,0,0,155,30,,16,,1,2,,1,,3,0,0,36,244,483,FINAL (ENTRADA MANUAL)
70,7,1,151,51,,15,,,0,0,1,130,36,,12,,3,2,,2,,0,0,0,33,218,401,FINAL (ENTRADA MANUAL)
70,7,2,130,66,,17,,,1,0,1,101,54,,14,,1,4,,3,,1,0,0,38,216,401,FINAL (ENTRADA MANUAL)
70,8,1,91,41,,13,,,1,0,2,77,34,,9,,0,1,,4,,0,0,0,23,148,304,FINAL (ENTRADA MANUAL)
70,8,2,100,48,,13,,,0,0,0,61,39,,10,,1,2,,2,,2,0,0,46,163,304,FINAL (ENTRADA MANUAL)
70,9,1,147,44,,6,,,0,0,0,107,40,,4,,0,2,,1,,4,0,0,43,201,415,FINAL (ENTRADA MANUAL)
70,10,1,144,88,,22,,,0,0,0,100,70,,17,,1,8,,3,,2,1,0,55,257,450,FINAL (ENTRADA MANUAL)
70,10,2,112,98,,24,,,0,0,1,63,66,,17,,1,10,,2,,2,0,0,76,237,449,FINAL (ENTRADA MANUAL)
70,11,1,80,145,,10,,,0,0,0,65,122,,8,,2,0,,0,,1,0,0,38,236,416,FINAL (ENTRADA MANUAL)
70,11,2,86,132,,10,,,1,0,1,72,113,,8,,1,0,,2,,1,0,0,34,231,416,FINAL (ENTRADA MANUAL)
70,72,1,254,63,,7,,,0,0,0,238,55,,6,,0,0,,0,,0,0,0,25,324,0,FINAL (ENTRADA MANUAL)
70,72,2,49,18,,1,,,0,0,0,44,16,,1,,0,0,,0,,6,0,0,7,74,0,FINAL (ENTRADA MANUAL)
70,72,3,746,619,,33,,,3,3,2,602,574,,20,,18,20,,5,,0,0,1,167,2694,0,FINAL (ENTRADA MANUAL)
70,72,4,111,79,,7,,,9,0,0,96,73,,6,,0,1,,2,,11,5,0,28,222,0,FINAL (ENTRADA MANUAL)
70,72,5,38,25,,1,,,0,0,0,30,25,,1,,1,1,,0,,0,0,0,6,64,0,FINAL (ENTRADA MANUAL)
70,72,6,2,8,,0,,,1,0,0,2,8,,0,,0,1,,0,,0,0,0,0,11,0,FINAL (ENTRADA MANUAL)
70,72,7,0,1,,0,,,0,0,0,0,0,,0,,0,0,,0,,0,0,0,1,1,0,FINAL (ENTRADA MANUAL)
70,72,8,0,0,,0,,,0,0,0,0,0,,0,,0,0,,0,,0,0,0,0,0,0,FINAL (ENTRADA MANUAL)
70,72,9,49,22,,3,,,0,0,0,45,20,,0,,1,1,,1,,0,0,0,6,74,0,FINAL (ENTRADA MANUAL)
70,72,10,6,2,,0,,,0,0,0,6,1,,0,,1,0,,0,,0,0,0,1,9,0,FINAL (ENTRADA MANUAL)
70,73,1,4,45,,3,,,0,0,0,4,41,,1,,0,0,,0,,0,0,0,6,52,0,FINAL (ENTRADA MANUAL)
70,73,2,0,1,,0,,,0,0,0,0,1,,0,,0,0,,0,,4,0,0,0,5,0,FINAL (ENTRADA MANUAL)
70,74,1,1,4,,0,,,0,0,0,1,4,,0,,0,0,,0,,0,0,0,0,5,0,FINAL (ENTRADA MANUAL)
70,74,2,0,0,,0,,,0,0,0,0,0,,0,,0,0,,0,,0,0,0,0,0,0,FINAL (ENTRADA MANUAL)
70,75,1,0,0,,0,,,0,0,0,0,0,,0,,0,0,,0,,0,0,0,0,0,0,FINAL (ENTRADA MANUAL)
70,76,1,17,5,,0,,,0,0,0,10,4,,0,,0,0,,0,,1,0,0,8,23,0,FINAL (ENTRADA MANUAL)
70,76,2,0,0,,0,,,0,0,0,0,0,,0,,0,0,,0,,0,0,0,0,0,0,FINAL (ENTRADA MANUAL)
70,76,3,5,0,,1,,,0,0,0,1,0,,0,,0,0,,0,,0,0,0,5,6,0,FINAL (ENTRADA MANUAL)
70,76,4,0,0,,0,,,0,0,0,0,0,,0,,0,0,,0,,0,0,0,0,0,0,FINAL (ENTRADA MANUAL)
70,77,1,4,2,,6,,,0,0,0,3,1,,0,,6,0,,0,,0,0,0,2,12,0,FINAL (ENTRADA MANUAL)
70,77,2,5,3,,7,,,0,0,0,4,3,,6,,0,1,,1,,0,0,0,0,15,0,FINAL (ENTRADA MANUAL)
70,77,3,2,0,,0,,,0,0,0,1,0,,0,,0,0,,0,,0,0,0,1,2,0,FINAL (ENTRADA MANUAL)
70,78,1,19,10,,1,,,0,0,0,15,9,,0,,0,0,,0,,0,0,0,6,33,0,FINAL (ENTRADA MANUAL)
70,78,2,0,0,,0,,,0,0,0,0,0,,0,,0,0,,0,,0,0,0,0,0,0,FINAL (ENTRADA MANUAL)
70,78,3,0,0,,0,,,0,0,0,0,0,,0,,0,0,,0,,0,0,0,0,0,0,FINAL (ENTRADA MANUAL)
70,78,4,2,0,,0,,,0,0,0,2,0,,0,,0,0,,0,,0,0,0,0,2,0,FINAL (ENTRADA MANUAL)
71,1,1,180,57,,26,,,2,0,0,149,42,,21,,6,3,,3,,3,0,0,41,268,483,FINAL (ENTRADA MANUAL)
71,1,2,211,29,,20,,,6,0,0,168,23,,16,,3,1,,1,,0,0,0,54,266,483,FINAL (ENTRADA MANUAL)
71,1,3,195,58,,35,,,2,0,1,161,51,,29,,0,1,,2,,1,0,0,47,292,483,FINAL (ENTRADA MANUAL)
71,1,4,193,35,,24,,,1,0,0,149,26,,18,,2,2,,4,,0,0,0,52,253,482,FINAL (ENTRADA MANUAL)
71,2,1,147,59,,19,,,2,0,0,119,54,,17,,2,5,,3,,2,0,0,27,229,400,FINAL (ENTRADA MANUAL)
71,2,2,169,37,,21,,,1,0,0,133,25,,14,,4,1,,2,,0,0,0,49,228,400,FINAL (ENTRADA MANUAL)
71,2,3,156,39,,15,,,0,0,2,124,35,,13,,1,1,,3,,3,0,0,35,215,400,FINAL (ENTRADA MANUAL)
71,2,4,147,43,,19,,,4,0,0,121,35,,16,,4,1,,2,,0,0,0,34,213,399,FINAL (ENTRADA MANUAL)
71,72,1,23,3,,1,,,0,0,0,21,3,,1,,0,0,,0,,0,0,0,2,27,0,FINAL (ENTRADA MANUAL)
71,72,2,9,0,,2,,,0,0,0,8,0,,2,,0,0,,0,,0,0,0,1,11,0,FINAL (ENTRADA MANUAL)
71,72,3,274,83,,7,,,2,0,0,237,80,,6,,3,3,,2,,0,0,0,35,366,0,FINAL (ENTRADA MANUAL)
71,72,4,42,16,,2,,,1,0,0,37,16,,2,,2,0,,0,,7,0,0,4,68,0,FINAL (ENTRADA MANUAL)
71,72,5,22,2,,0,,,0,0,0,19,1,,0,,0,0,,0,,0,0,0,4,24,0,FINAL (ENTRADA MANUAL)
71,72,6,3,1,,0,,,0,0,0,3,1,,0,,0,0,,0,,1,0,0,0,5,0,FINAL (ENTRADA MANUAL)
71,72,7,12,1,,0,,,0,0,0,11,1,,0,,0,0,,0,,0,0,0,1,13,0,FINAL (ENTRADA MANUAL)
71,72,8,2,0,,0,,,0,0,0,2,0,,0,,0,0,,0,,0,0,0,0,2,0,FINAL (ENTRADA MANUAL)
71,72,9,10,1,,1,,,0,0,0,7,1,,1,,0,0,,0,,0,0,0,3,12,0,FINAL (ENTRADA MANUAL)
71,72,10,3,0,,0,,,0,0,0,3,0,,0,,0,0,,0,,1,0,0,0,4,0,FINAL (ENTRADA MANUAL)
71,73,1,5,5,,1,,,0,0,0,5,3,,0,,0,1,,0,,0,0,0,2,11,0,FINAL (ENTRADA MANUAL)
71,73,2,0,0,,0,,,0,0,0,0,0,,0,,0,0,,0,,0,0,0,0,0,0,FINAL (ENTRADA MANUAL)
71,74,1,0,0,,0,,,0,0,0,0,0,,0,,0,0,,0,,0,0,0,0,0,0,FINAL (ENTRADA MANUAL)
71,74,2,0,0,,0,,,0,0,0,0,0,,0,,0,0,,0,,0,0,0,0,0,0,FINAL (ENTRADA MANUAL)
71,75,1,0,0,,0,,,0,0,0,0,0,,0,,0,0,,0,,0,0,0,0,0,0,FINAL (ENTRADA MANUAL)
71,75,2,0,0,,0,,,0,0,0,0,0,,0,,0,0,,0,,0,0,0,0,0,0,FINAL (ENTRADA MANUAL)
71,76,1,2,0,,0,,,0,0,0,1,0,,0,,0,0,,0,,0,0,0,1,2,0,FINAL (ENTRADA MANUAL)
71,76,2,0,0,,0,,,0,0,0,0,0,,0,,0,0,,0,,0,0,0,0,0,0,FINAL (ENTRADA MANUAL)
71,76,3,2,1,,0,,,0,0,0,2,0,,0,,0,0,,0,,0,0,0,1,3,0,FINAL (ENTRADA MANUAL)
71,77,1,0,0,,0,,,0,0,0,0,0,,0,,0,0,,0,,0,0,0,0,0,0,FINAL (ENTRADA MANUAL)
71,77,2,0,0,,0,,,0,0,0,0,0,,0,,0,0,,0,,0,0,0,0,0,0,FINAL (ENTRADA MANUAL)
71,77,3,0,0,,1,,,0,0,0,0,0,,1,,0,0,,0,,0,0,0,0,1,0,FINAL (ENTRADA MANUAL)
71,78,1,8,0,,1,,,0,0,0,8,0,,0,,1,0,,0,,0,0,0,0,9,0,FINAL (ENTRADA MANUAL)
71,78,2,0,0,,0,,,0,0,0,0,0,,0,,0,0,,0,,0,0,0,0,0,0,FINAL (ENTRADA MANUAL)
71,78,3,0,0,,0,,,0,0,0,0,0,,0,,0,0,,0,,0,0,0,0,0,0,FINAL (ENTRADA MANUAL)
71,78,4,1,0,,0,,,0,0,0,1,0,,0,,0,0,,0,,0,0,0,0,1,0,FINAL (ENTRADA MANUAL)
72,1,1,145,64,,12,,,0,0,0,107,51,,12,,1,2,,0,,2,0,0,48,223,394,FINAL (ENTRADA MANUAL)
72,1,2,122,56,,7,,,0,0,0,101,43,,6,,1,3,,2,,0,0,0,29,185,394,FINAL (ENTRADA MANUAL)
72,2,1,131,36,,11,,,0,0,0,101,29,,6,,6,1,,2,,0,0,0,33,178,343,FINAL (ENTRADA MANUAL)
72,2,2,135,30,,9,,,0,0,0,110,24,,6,,1,0,,3,,3,0,0,30,177,343,FINAL (ENTRADA MANUAL)
72,2,3,124,43,,11,,,0,0,0,104,33,,6,,2,2,,0,,0,0,0,31,178,342,FINAL (ENTRADA MANUAL)
72,3,1,143,74,,16,,,1,0,0,120,61,,11,,3,3,,1,,2,1,0,35,237,384,FINAL (ENTRADA MANUAL)
72,3,2,132,66,,26,,,1,0,0,101,47,,18,,1,2,,3,,3,0,0,53,228,384,FINAL (ENTRADA MANUAL)
72,3,3,148,69,,23,,,1,0,0,119,47,,16,,4,3,,1,,0,0,0,51,241,384,FINAL (ENTRADA MANUAL)
72,4,1,133,42,,11,,,0,0,0,110,36,,8,,2,3,,0,,2,0,0,27,188,383,FINAL (ENTRADA MANUAL)
72,4,2,122,50,,6,,,0,0,0,103,35,,6,,0,6,,0,,1,0,0,28,179,383,FINAL (ENTRADA MANUAL)
72,4,3,120,34,,13,,,1,0,0,99,26,,11,,2,0,,0,,0,0,0,30,168,382,FINAL (ENTRADA MANUAL)
72,5,1,141,97,,17,,,0,0,1,107,66,,15,,3,0,,4,,1,0,0,61,257,483,FINAL (ENTRADA MANUAL)
72,5,2,156,70,,13,,,1,0,1,115,53,,8,,4,8,,1,,3,0,0,52,244,483,FINAL (ENTRADA MANUAL)
72,5,3,154,80,,18,,,4,0,1,115,61,,14,,0,1,,2,,0,0,0,64,257,483,FINAL (ENTRADA MANUAL)
72,5,4,163,65,,29,,,0,0,0,132,52,,28,,0,2,,0,,0,0,0,43,257,483,FINAL (ENTRADA MANUAL)
72,5,5,145,83,,18,,,2,0,3,107,65,,14,,0,0,,1,,1,0,0,64,252,481,FINAL (ENTRADA MANUAL)
72,6,1,148,64,,14,,,1,0,1,121,56,,11,,1,0,,6,,1,0,0,33,229,408,FINAL (ENTRADA MANUAL)
72,6,2,130,63,,12,,,0,0,0,93,50,,11,,0,7,,3,,1,0,0,41,206,408,FINAL (ENTRADA MANUAL)
72,6,3,150,51,,16,,,3,0,0,111,35,,15,,2,3,,1,,1,0,0,53,221,408,FINAL (ENTRADA MANUAL)
72,6,4,123,75,,16,,,5,0,0,88,55,,10,,2,0,,2,,2,0,0,62,221,408,FINAL (ENTRADA MANUAL)
72,6,5,162,54,,6,,,0,1,1,120,38,,6,,3,3,,0,,0,0,0,54,224,407,FINAL (ENTRADA MANUAL)
72,7,1,172,62,,15,,,2,0,1,131,49,,13,,2,5,,3,,1,0,0,49,253,460,FINAL (ENTRADA MANUAL)
72,7,2,127,79,,12,,,3,0,0,90,53,,9,,3,2,,2,,2,0,0,62,223,460,FINAL (ENTRADA MANUAL)
72,7,3,133,72,,17,,,0,0,1,94,59,,14,,1,6,,4,,2,0,0,45,225,460,FINAL (ENTRADA MANUAL)
72,7,4,153,67,,19,,,0,0,1,122,48,,13,,2,1,,4,,0,0,0,50,240,459,FINAL (ENTRADA MANUAL)
72,8,1,161,56,,13,,,0,0,0,121,46,,9,,0,2,,2,,0,0,0,50,230,422,FINAL (ENTRADA MANUAL)
72,8,2,163,66,,9,,,0,0,0,134,46,,8,,1,1,,2,,3,0,0,46,241,422,FINAL (ENTRADA MANUAL)
72,8,3,131,81,,17,,,0,0,0,106,65,,13,,0,1,,0,,1,0,0,44,230,422,FINAL (ENTRADA MANUAL)
72,8,4,165,54,,13,,,1,0,1,126,37,,9,,1,3,,3,,1,0,0,55,235,422,FINAL (ENTRADA MANUAL)
72,8,5,140,63,,14,,,0,0,2,116,62,,11,,0,1,,0,,1,0,0,29,220,422,FINAL (ENTRADA MANUAL)
72,8,6,153,47,,10,,,0,0,0,104,31,,6,,1,2,,4,,1,2,0,62,213,420,FINAL (ENTRADA MANUAL)
72,9,1,142,64,,20,,,1,0,0,110,44,,16,,3,1,,1,,1,0,0,52,228,388,FINAL (ENTRADA MANUAL)
72,9,2,135,38,,16,,,1,0,0,86,30,,11,,1,3,,1,,3,0,0,58,193,388,FINAL (ENTRADA MANUAL)
72,9,3,129,50,,18,,,0,0,0,77,34,,16,,2,1,,1,,1,0,0,66,198,387,FINAL (ENTRADA MANUAL)
72,10,1,143,73,,13,,,1,0,0,109,49,,10,,0,3,,1,,2,0,0,58,232,439,FINAL (ENTRADA MANUAL)
72,10,2,157,59,,17,,,2,0,0,138,49,,13,,0,5,,0,,1,0,0,30,236,439,FINAL (ENTRADA MANUAL)
72,10,3,142,83,,22,,,0,0,0,111,67,,18,,0,5,,1,,1,0,0,45,248,439,FINAL (ENTRADA MANUAL)
72,10,4,153,56,,14,,,0,0,0,109,33,,8,,1,1,,3,,2,0,0,68,225,439,FINAL (ENTRADA MANUAL)
72,11,1,127,104,,16,,,1,0,0,101,85,,12,,2,4,,2,,2,0,0,42,250,474,FINAL (ENTRADA MANUAL)
72,11,2,147,75,,15,,,1,0,0,98,52,,14,,2,4,,2,,0,0,0,66,238,474,FINAL (ENTRADA MANUAL)
72,11,3,164,75,,15,,,1,0,1,123,60,,13,,0,3,,2,,0,0,0,55,256,474,FINAL (ENTRADA MANUAL)
72,11,4,140,68,,19,,,1,0,1,100,54,,14,,2,0,,0,,0,0,0,59,229,473,FINAL (ENTRADA MANUAL)
72,72,1,415,63,,13,,,0,0,0,367,51,,7,,3,3,,1,,0,0,0,59,491,0,FINAL (ENTRADA MANUAL)
72,72,2,72,14,,6,,,0,0,0,66,11,,3,,1,0,,0,,3,0,0,11,95,0,FINAL (ENTRADA MANUAL)
72,72,3,543,90,,13,,,0,1,1,479,70,,9,,4,5,,1,,0,0,0,80,648,0,FINAL (ENTRADA MANUAL)
72,72,4,68,34,,3,,,3,0,0,61,21,,1,,0,6,,0,,6,0,0,18,113,0,FINAL (ENTRADA MANUAL)
72,72,5,34,1,,0,,,0,0,0,32,1,,0,,0,0,,0,,0,0,0,2,35,0,FINAL (ENTRADA MANUAL)
72,72,6,14,3,,0,,,0,0,0,11,2,,0,,0,0,,0,,0,0,0,4,17,0,FINAL (ENTRADA MANUAL)
72,72,7,6,1,,0,,,0,0,0,6,1,,0,,0,0,,0,,0,0,0,0,7,0,FINAL (ENTRADA MANUAL)
72,72,8,2,0,,0,,,0,0,0,2,0,,0,,0,0,,0,,0,0,0,0,2,0,FINAL (ENTRADA MANUAL)
72,72,9,1,0,,0,,,0,0,0,1,0,,0,,0,0,,0,,0,0,0,0,1,0,FINAL (ENTRADA MANUAL)
72,72,10,0,0,,0,,,0,0,0,0,0,,0,,0,0,,0,,0,0,0,0,0,0,FINAL (ENTRADA MANUAL)
72,72,11,58,10,,1,,,0,0,0,47,7,,1,,0,2,,1,,0,0,0,11,69,0,FINAL (ENTRADA MANUAL)
72,72,12,11,1,,0,,,0,0,0,9,1,,0,,0,0,,1,,0,0,0,1,12,0,FINAL (ENTRADA MANUAL)
72,73,1,162,214,,4,,,0,0,0,129,197,,1,,2,3,,0,,0,0,0,48,380,0,FINAL (ENTRADA MANUAL)
72,73,2,0,0,,0,,,0,0,0,0,0,,0,,0,0,,0,,0,0,0,0,0,0,FINAL (ENTRADA MANUAL)
72,73,3,21,38,,3,,,0,0,0,20,36,,2,,1,1,,0,,0,0,0,2,62,0,FINAL (ENTRADA MANUAL)
72,74,1,0,1,,0,,,0,0,0,0,1,,0,,0,0,,0,,0,0,0,0,1,0,FINAL (ENTRADA MANUAL)
72,74,2,0,0,,0,,,0,0,0,0,0,,0,,0,0,,0,,0,0,0,0,0,0,FINAL (ENTRADA MANUAL)
72,75,1,0,0,,0,,,0,0,0,0,0,,0,,0,0,,0,,0,0,0,0,0,0,FINAL (ENTRADA MANUAL)
72,75,2,4,0,,0,,,0,0,2,2,0,,0,,0,0,,0,,2,0,0,4,8,0,FINAL (ENTRADA MANUAL)
72,76,1,9,1,,0,,,0,0,0,8,1,,0,,0,0,,0,,0,0,0,1,10,0,FINAL (ENTRADA MANUAL)
72,76,2,0,0,,0,,,0,0,0,0,0,,0,,0,0,,0,,0,0,0,0,0,0,FINAL (ENTRADA MANUAL)
72,76,3,5,0,,0,,,0,0,0,3,0,,0,,0,0,,0,,0,0,0,2,5,0,FINAL (ENTRADA MANUAL)
72,76,4,0,0,,0,,,0,0,0,0,0,,0,,0,0,,0,,0,0,0,0,0,0,FINAL (ENTRADA MANUAL)
72,76,5,0,1,,0,,,0,0,0,0,1,,0,,0,0,,0,,0,0,0,0,1,0,FINAL (ENTRADA MANUAL)
72,76,6,1,0,,0,,,0,0,0,1,0,,0,,0,0,,0,,0,0,0,0,1,0,FINAL (ENTRADA MANUAL)
72,77,1,4,0,,1,,,0,0,0,1,0,,1,,0,0,,0,,0,0,0,3,5,0,FINAL (ENTRADA MANUAL)
72,77,2,9,2,,10,,,0,0,0,6,2,,8,,0,0,,2,,1,0,0,1,20,0,FINAL (ENTRADA MANUAL)
72,77,3,2,0,,1,,,0,0,0,0,0,,1,,0,0,,1,,0,0,0,1,3,0,FINAL (ENTRADA MANUAL)
72,77,4,4,0,,0,,,0,0,0,3,0,,0,,0,0,,0,,0,0,0,1,4,0,FINAL (ENTRADA MANUAL)
72,78,1,19,8,,0,,,0,0,0,14,6,,0,,0,0,,0,,0,0,0,7,27,0,FINAL (ENTRADA MANUAL)
72,78,2,0,0,,0,,,0,0,0,0,0,,0,,0,0,,0,,0,0,0,0,0,0,FINAL (ENTRADA MANUAL)
72,78,3,0,0,,0,,,0,0,0,0,0,,0,,0,0,,0,,0,0,0,0,0,0,FINAL (ENTRADA MANUAL)
72,78,4,2,0,,0,,,0,0,0,2,0,,0,,0,0,,0,,0,0,0,0,2,0,FINAL (ENTRADA MANUAL)
73,1,1,140,72,,24,,,0,0,0,113,61,,20,,0,2,,0,,1,0,0,40,237,448,FINAL (ENTRADA MANUAL)
73,1,2,155,69,,9,,,2,0,0,124,53,,7,,2,4,,0,,1,0,0,45,236,448,FINAL (ENTRADA MANUAL)
73,2,1,134,66,,27,,,0,0,1,111,58,,23,,0,1,,0,,0,0,0,35,228,478,FINAL (ENTRADA MANUAL)
73,2,2,159,67,,22,,,0,0,0,134,58,,17,,1,0,,1,,0,0,0,37,248,478,FINAL (ENTRADA MANUAL)
73,2,3,146,70,,35,,,0,0,0,118,61,,28,,1,1,,2,,2,0,0,40,253,478,FINAL (ENTRADA MANUAL)
73,2,4,162,70,,27,,,1,1,0,131,61,,23,,1,1,,1,,1,0,0,43,262,478,FINAL (ENTRADA MANUAL)
73,2,5,153,71,,17,,,1,0,2,121,62,,15,,0,0,,3,,2,0,0,43,246,478,FINAL (ENTRADA MANUAL)
73,2,6,171,57,,27,,,0,0,0,134,47,,19,,1,4,,2,,0,0,0,48,255,480,FINAL (ENTRADA MANUAL)
73,3,1,93,92,,26,,,0,0,0,77,83,,19,,2,1,,0,,3,0,0,29,214,446,FINAL (ENTRADA MANUAL)
73,3,2,133,84,,31,,,0,0,0,106,74,,25,,1,3,,2,,2,0,0,37,250,446,FINAL (ENTRADA MANUAL)
73,3,3,113,95,,31,,,0,0,0,84,69,,25,,1,4,,3,,2,0,0,53,241,446,FINAL (ENTRADA MANUAL)
73,3,4,122,91,,27,,,1,0,0,80,68,,22,,0,3,,4,,0,0,0,64,241,446,FINAL (ENTRADA MANUAL)
73,3,5,126,85,,28,,,1,0,0,85,74,,21,,1,2,,2,,2,0,0,55,242,447,FINAL (ENTRADA MANUAL)
73,4,1,134,77,,35,,,0,0,0,108,59,,30,,0,2,,0,,3,0,0,47,249,448,FINAL (ENTRADA MANUAL)
73,4,2,148,73,,31,,,0,0,0,127,63,,24,,0,3,,0,,1,0,0,35,253,449,FINAL (ENTRADA MANUAL)
73,5,1,129,65,,13,,,0,0,0,105,60,,10,,0,4,,2,,0,0,0,26,207,382,FINAL (ENTRADA MANUAL)
73,5,2,114,95,,12,,,0,0,0,94,81,,10,,1,3,,1,,1,0,0,31,222,382,FINAL (ENTRADA MANUAL)
73,5,3,116,85,,11,,,1,0,1,99,72,,9,,1,0,,0,,0,0,0,33,214,382,FINAL (ENTRADA MANUAL)
73,5,4,119,73,,25,,,2,0,2,83,52,,21,,2,0,,3,,4,0,0,60,225,382,FINAL (ENTRADA MANUAL)
73,6,1,148,81,,27,,,0,0,0,107,70,,20,,0,1,,3,,2,0,0,55,258,426,FINAL (ENTRADA MANUAL)
73,6,2,158,82,,15,,,3,0,0,130,69,,12,,0,1,,1,,0,0,0,45,258,426,FINAL (ENTRADA MANUAL)
73,6,3,157,63,,21,,,1,0,0,129,60,,18,,4,1,,2,,2,0,0,28,244,426,FINAL (ENTRADA MANUAL)
73,6,4,147,67,,20,,,0,0,0,122,62,,17,,1,2,,1,,0,0,0,29,234,426,FINAL (ENTRADA MANUAL)
73,6,5,123,99,,15,,,2,0,0,86,86,,10,,3,0,,0,,1,0,0,54,240,426,FINAL (ENTRADA MANUAL)
73,6,6,144,75,,21,,,0,0,1,118,63,,18,,0,3,,0,,0,0,0,39,241,427,FINAL (ENTRADA MANUAL)
73,7,1,136,72,,29,,,0,0,0,112,61,,22,,1,1,,0,,0,0,0,40,237,369,FINAL (ENTRADA MANUAL)
73,7,2,115,75,,42,,,0,0,0,95,65,,36,,1,5,,2,,0,0,0,28,232,369,FINAL (ENTRADA MANUAL)
73,7,3,131,52,,36,,,0,0,1,94,44,,30,,1,2,,1,,0,1,0,48,221,369,FINAL (ENTRADA MANUAL)
73,7,4,102,73,,43,,,0,0,0,77,61,,38,,0,0,,3,,5,0,0,39,223,368,FINAL (ENTRADA MANUAL)
73,8,1,129,63,,30,,,0,0,1,91,53,,23,,1,2,,4,,2,0,0,49,225,411,FINAL (ENTRADA MANUAL)
73,8,2,125,77,,33,,,0,0,0,81,64,,21,,1,10,,4,,0,0,0,54,235,411,FINAL (ENTRADA MANUAL)
73,8,3,123,60,,32,,,1,0,1,96,45,,23,,1,1,,2,,0,0,0,49,217,412,FINAL (ENTRADA MANUAL)
73,9,1,131,79,,38,,,0,0,0,92,72,,33,,0,3,,1,,0,0,0,47,248,458,FINAL (ENTRADA MANUAL)
73,9,2,147,69,,45,,,1,0,0,108,54,,41,,1,6,,2,,2,0,0,50,264,458,FINAL (ENTRADA MANUAL)
73,9,3,141,82,,41,,,0,0,0,89,68,,30,,2,3,,3,,1,0,0,69,265,458,FINAL (ENTRADA MANUAL)
73,9,4,145,74,,33,,,0,0,0,97,60,,21,,1,7,,10,,1,0,0,56,253,458,FINAL (ENTRADA MANUAL)
73,9,5,143,84,,42,,,0,0,0,111,64,,34,,1,8,,3,,1,0,1,48,271,458,FINAL (ENTRADA MANUAL)
73,9,6,158,59,,56,,,1,0,1,102,47,,43,,5,4,,6,,3,0,0,68,279,460,FINAL (ENTRADA MANUAL)
73,10,1,150,44,,21,,,0,0,0,142,37,,16,,1,1,,1,,1,0,0,17,216,457,FINAL (ENTRADA MANUAL)
73,10,2,164,49,,19,,,0,0,3,136,43,,13,,2,4,,2,,1,0,0,35,236,457,FINAL (ENTRADA MANUAL)
73,10,3,163,58,,33,,,0,0,0,137,49,,24,,2,5,,5,,4,0,0,32,258,457,FINAL (ENTRADA MANUAL)
73,10,4,155,51,,22,,,0,0,2,141,45,,20,,0,1,,1,,4,0,0,22,234,457,FINAL (ENTRADA MANUAL)
73,10,5,160,60,,20,,,0,0,1,135,52,,18,,0,1,,0,,0,0,0,35,241,456,FINAL (ENTRADA MANUAL)
73,72,1,40,9,,2,,,0,0,0,32,7,,2,,0,1,,4,,0,0,0,5,51,0,FINAL (ENTRADA MANUAL)
73,72,2,29,24,,0,,,0,0,0,28,17,,0,,2,1,,0,,3,1,0,5,57,0,FINAL (ENTRADA MANUAL)
73,72,3,875,64,,33,,,2,0,2,794,56,,24,,2,10,,1,,0,0,0,89,976,0,FINAL (ENTRADA MANUAL)
73,72,4,237,25,,14,,,0,0,0,212,24,,14,,3,0,,0,,6,3,0,23,285,0,FINAL (ENTRADA MANUAL)
73,72,5,3,2,,0,,,0,0,0,3,2,,0,,0,0,,0,,0,0,0,0,5,0,FINAL (ENTRADA MANUAL)
73,72,6,10,1,,0,,,0,0,0,10,1,,0,,0,0,,0,,0,0,0,0,11,0,FINAL (ENTRADA MANUAL)
73,72,7,59,3,,0,,,0,0,0,52,2,,0,,3,0,,0,,0,0,0,5,62,0,FINAL (ENTRADA MANUAL)
73,72,8,4,1,,0,,,0,0,0,3,1,,0,,0,1,,0,,0,0,0,0,5,0,FINAL (ENTRADA MANUAL)
73,72,9,71,2,,1,,,0,0,0,65,2,,1,,1,0,,0,,0,0,0,5,74,0,FINAL (ENTRADA MANUAL)
73,72,10,7,1,,0,,,0,0,0,7,1,,0,,0,0,,0,,0,0,0,0,8,0,FINAL (ENTRADA MANUAL)
73,72,11,0,0,,0,,,0,0,0,0,0,,0,,0,0,,0,,0,0,0,0,0,0,FINAL (ENTRADA MANUAL)
73,72,12,0,0,,0,,,0,0,0,0,0,,0,,0,0,,0,,0,0,0,0,0,0,FINAL (ENTRADA MANUAL)
73,73,1,75,560,,16,,,0,0,1,48,508,,11,,0,5,,3,,0,0,0,77,652,0,FINAL (ENTRADA MANUAL)
73,73,2,0,0,,0,,,0,0,0,0,0,,0,,0,0,,0,,0,0,0,0,0,0,FINAL (ENTRADA MANUAL)
73,73,3,0,0,,0,,,0,0,0,0,0,,0,,0,0,,0,,0,0,0,0,0,0,FINAL (ENTRADA MANUAL)
73,73,4,7,77,,3,,,0,0,0,7,75,,3,,0,0,,0,,6,0,0,2,93,0,FINAL (ENTRADA MANUAL)
73,74,1,1,1,,0,,,0,0,0,0,1,,0,,0,0,,0,,0,0,0,1,2,0,FINAL (ENTRADA MANUAL)
73,74,2,0,0,,0,,,0,0,0,0,0,,0,,0,0,,0,,0,0,0,0,0,0,FINAL (ENTRADA MANUAL)
73,75,1,2,2,,0,,,0,0,0,2,2,,0,,0,0,,0,,0,0,0,0,4,0,FINAL (ENTRADA MANUAL)
73,75,2,0,1,,0,,,0,0,0,0,1,,0,,0,0,,0,,1,0,0,0,2,0,FINAL (ENTRADA MANUAL)
73,75,3,0,0,,0,,,0,0,0,0,0,,0,,0,0,,0,,0,0,0,0,0,0,FINAL (ENTRADA MANUAL)
73,76,1,15,3,,0,,,0,0,0,12,3,,0,,0,0,,0,,0,0,0,3,18,0,FINAL (ENTRADA MANUAL)
73,76,2,0,0,,0,,,0,0,0,0,0,,0,,0,0,,0,,0,0,0,0,0,0,FINAL (ENTRADA MANUAL)
73,76,3,4,0,,0,,,0,0,0,4,0,,0,,0,0,,0,,0,0,0,0,4,0,FINAL (ENTRADA MANUAL)
73,77,1,3,3,,3,,,0,0,0,3,2,,3,,0,0,,1,,0,0,0,0,9,0,FINAL (ENTRADA MANUAL)
73,77,2,0,0,,0,,,0,0,0,0,0,,0,,0,0,,0,,0,0,0,0,0,0,FINAL (ENTRADA MANUAL)
73,77,3,8,10,,13,,,0,0,0,6,5,,9,,0,3,,1,,0,0,0,7,31,0,FINAL (ENTRADA MANUAL)
73,78,1,30,25,,2,,,0,0,0,25,18,,2,,0,1,,0,,0,0,0,11,57,0,FINAL (ENTRADA MANUAL)
73,78,2,0,0,,0,,,0,0,0,0,0,,0,,0,0,,0,,0,0,0,0,0,0,FINAL (ENTRADA MANUAL)
73,78,3,0,0,,0,,,0,0,0,0,0,,0,,0,0,,0,,0,0,0,0,0,0,FINAL (ENTRADA MANUAL)
73,78,4,4,0,,0,,,0,0,0,3,0,,0,,0,0,,0,,0,0,0,1,4,0,FINAL (ENTRADA MANUAL)
74,1,1,92,101,8,19,,,0,0,3,83,75,3,12,2,1,3,1,3,0,2,0,0,40,225,403,FINAL (ENTRADA MANUAL)
74,1,2,102,126,2,13,,,0,0,0,88,96,1,9,0,1,2,1,1,0,0,1,0,44,244,403,FINAL (ENTRADA MANUAL)
74,1,3,96,133,6,9,,,1,0,2,79,91,1,7,2,1,0,0,1,0,1,0,0,65,248,403,FINAL (ENTRADA MANUAL)
74,1,4,87,125,10,15,,,0,0,2,75,98,5,11,0,2,1,0,2,0,2,0,0,45,241,403,FINAL (ENTRADA MANUAL)
74,1,5,88,123,5,21,,,0,0,3,72,92,1,17,3,1,2,1,2,0,0,0,0,49,240,401,FINAL (ENTRADA MANUAL)
74,2,1,115,103,5,4,,,0,0,3,93,77,5,2,2,1,3,1,2,2,1,0,0,42,231,402,FINAL (ENTRADA MANUAL)
74,2,2,99,110,2,8,,,0,0,4,93,92,2,8,3,1,0,0,0,0,1,0,0,24,224,401,FINAL (ENTRADA MANUAL)
74,3,1,139,105,2,12,,,0,1,2,116,85,2,8,0,2,1,0,2,0,0,0,0,45,261,500,FINAL (ENTRADA MANUAL)
74,3,2,121,132,4,14,,,0,0,2,107,111,3,6,0,0,2,0,1,1,0,0,0,42,273,501,FINAL (ENTRADA MANUAL)
74,4,1,61,137,9,23,,,0,0,1,45,98,7,15,0,2,1,0,10,2,0,0,0,51,231,380,FINAL (ENTRADA MANUAL)
74,4,2,59,138,1,10,,,0,0,0,46,107,1,5,0,0,1,0,2,0,1,1,0,46,210,380,FINAL (ENTRADA MANUAL)
74,5,1,112,124,2,35,,,0,0,1,96,100,0,27,1,3,0,0,0,0,1,0,0,47,275,498,FINAL (ENTRADA MANUAL)
74,5,2,115,149,1,32,,,1,0,2,101,116,1,26,2,3,3,0,3,1,2,0,0,44,302,499,FINAL (ENTRADA MANUAL)
74,6,1,104,99,5,11,,,1,0,2,82,80,3,9,2,1,2,0,4,1,0,0,0,38,222,388,FINAL (ENTRADA MANUAL)
74,6,2,80,93,4,4,,,1,0,1,68,59,1,3,0,0,1,1,0,1,1,0,0,49,184,388,FINAL (ENTRADA MANUAL)
74,6,3,82,113,6,9,,,0,0,1,63,82,2,9,1,3,1,0,2,1,1,0,0,47,212,389,FINAL (ENTRADA MANUAL)
74,7,1,128,72,3,10,,,1,0,0,109,56,1,6,0,5,0,0,0,0,2,0,0,37,216,414,FINAL (ENTRADA MANUAL)
74,7,2,105,81,4,7,,,1,0,0,90,64,2,5,0,5,3,0,0,0,2,1,0,29,201,414,FINAL (ENTRADA MANUAL)
74,8,1,105,129,2,10,,,0,0,0,77,110,1,6,0,2,5,0,0,0,2,0,0,45,248,406,FINAL (ENTRADA MANUAL)
74,8,2,102,130,5,10,,,0,0,1,95,96,3,7,1,1,1,0,2,1,0,0,0,41,248,406,FINAL (ENTRADA MANUAL)
74,8,3,107,94,4,5,,,0,0,0,90,75,0,4,0,0,0,1,0,0,0,0,0,40,210,406,FINAL (ENTRADA MANUAL)
74,9,1,128,114,8,22,,,1,0,1,112,96,3,13,0,1,1,3,2,1,1,0,0,42,275,522,FINAL (ENTRADA MANUAL)
74,9,2,113,131,4,11,,,0,0,3,94,107,2,9,2,2,5,0,1,0,2,0,0,40,264,522,FINAL (ENTRADA MANUAL)
74,9,3,102,156,5,13,,,0,0,2,88,129,1,10,2,1,1,2,0,0,0,0,0,44,278,523,FINAL (ENTRADA MANUAL)
74,10,1,68,86,3,8,,,0,0,0,49,61,1,5,0,2,1,1,1,0,3,0,0,44,168,263,FINAL (ENTRADA MANUAL)
74,10,2,85,76,3,11,,,0,0,0,65,46,1,8,0,2,2,1,0,0,0,0,0,50,175,263,FINAL (ENTRADA MANUAL)
74,11,1,105,95,0,6,,,0,0,0,84,76,0,2,0,3,1,0,4,0,0,0,0,36,206,349,FINAL (ENTRADA MANUAL)
74,11,2,86,91,4,13,,,0,1,0,63,78,2,9,0,3,3,0,2,0,0,0,0,35,195,349,FINAL (ENTRADA MANUAL)
74,11,3,97,110,4,12,,,0,0,0,76,86,1,7,0,0,4,0,3,0,1,0,0,46,224,349,FINAL (ENTRADA MANUAL)
74,72,1,317,42,0,3,,,1,0,2,305,34,0,2,1,3,0,0,0,0,0,0,0,20,365,0,FINAL (ENTRADA MANUAL)
74,72,2,48,5,0,0,,,0,0,0,46,3,0,0,0,1,0,0,0,0,0,0,0,3,56,0,FINAL (ENTRADA MANUAL)
74,72,3,175,52,0,7,,,0,0,0,158,45,0,4,0,1,1,0,1,0,0,0,0,24,234,0,FINAL (ENTRADA MANUAL)
74,72,4,36,16,0,4,,,0,0,0,35,12,0,4,0,0,0,0,2,0,0,0,0,3,56,0,FINAL (ENTRADA MANUAL)
74,72,5,29,4,0,1,,,0,0,0,27,3,0,1,0,0,0,0,0,0,27,0,0,3,34,0,FINAL (ENTRADA MANUAL)
74,72,6,5,0,0,0,,,0,0,0,4,0,0,0,0,0,0,0,0,0,0,0,0,1,5,0,FINAL (ENTRADA MANUAL)
74,72,7,9,2,0,0,,,0,0,0,9,1,0,0,0,0,0,0,0,0,9,0,0,1,11,0,FINAL (ENTRADA MANUAL)
74,72,8,3,0,0,0,,,0,0,0,3,0,0,0,0,0,0,0,0,0,0,0,0,0,3,0,FINAL (ENTRADA MANUAL)
74,72,9,31,5,0,0,,,0,0,1,30,4,0,0,0,0,0,0,0,0,0,0,0,3,37,0,FINAL (ENTRADA MANUAL)
74,72,10,3,5,0,0,,,0,0,0,3,5,0,0,0,0,0,0,0,0,0,0,0,0,8,0,FINAL (ENTRADA MANUAL)
74,73,1,35,421,1,2,,,0,0,1,30,374,1,2,0,1,0,1,0,0,0,0,0,51,460,0,FINAL (ENTRADA MANUAL)
74,73,2,0,0,0,0,,,0,0,0,0,0,0,0,0,0,0,0,0,0,0,0,0,0,0,0,FINAL (ENTRADA MANUAL)
74,73,3,0,5,0,0,,,0,0,0,0,5,0,0,0,0,0,0,0,0,0,0,0,0,5,0,FINAL (ENTRADA MANUAL)
74,74,1,0,0,0,0,,,0,0,0,0,0,0,0,0,0,0,0,0,0,0,0,0,0,0,0,FINAL (ENTRADA MANUAL)
74,74,2,0,0,0,0,,,0,0,0,0,0,0,0,0,0,0,0,0,0,0,0,0,0,0,0,FINAL (ENTRADA MANUAL)
74,75,1,0,0,0,0,,,0,0,0,0,0,0,0,0,0,0,0,0,0,0,0,0,1,1,0,FINAL (ENTRADA MANUAL)
74,76,1,13,4,0,0,,,0,0,0,10,4,0,0,0,0,0,0,0,0,1,0,0,3,18,0,FINAL (ENTRADA MANUAL)
74,76,2,1,0,0,0,,,0,0,0,1,0,0,0,0,0,0,0,0,0,0,0,0,0,1,0,FINAL (ENTRADA MANUAL)
74,76,3,2,0,0,0,,,0,0,0,1,0,0,0,0,0,0,0,0,0,0,0,0,1,2,0,FINAL (ENTRADA MANUAL)
74,76,5,1,0,0,0,,,0,0,0,1,0,0,0,0,0,0,0,0,0,0,0,0,0,1,0,FINAL (ENTRADA MANUAL)
74,76,6,1,0,0,0,,,0,0,0,1,0,0,0,0,0,0,0,0,0,0,0,0,0,1,0,FINAL (ENTRADA MANUAL)
74,77,1,0,0,0,0,,,0,0,0,0,0,0,0,0,0,0,0,0,0,0,0,0,0,0,0,FINAL (ENTRADA MANUAL)
74,77,2,7,4,0,4,,,0,0,0,6,3,0,3,0,0,0,0,1,0,0,0,0,2,15,0,FINAL (ENTRADA MANUAL)
74,77,3,3,0,0,0,,,0,0,0,2,0,0,0,0,0,0,0,0,0,0,0,0,1,3,0,FINAL (ENTRADA MANUAL)
74,78,1,37,65,1,5,,,0,0,0,27,53,0,3,0,0,2,1,1,0,0,0,0,21,108,0,FINAL (ENTRADA MANUAL)
74,78,2,0,0,0,0,,,0,0,0,0,0,0,0,0,0,0,0,0,0,0,0,0,0,0,0,FINAL (ENTRADA MANUAL)
74,78,3,0,0,0,0,,,0,0,0,0,0,0,0,0,0,0,0,0,0,0,0,0,0,0,0,FINAL (ENTRADA MANUAL)
74,78,4,0,0,0,0,,,0,0,0,0,0,0,0,0,0,0,0,0,0,0,0,0,0,0,0,FINAL (ENTRADA MANUAL)
75,1,1,88,160,,14,,,0,0,0,66,106,,11,,1,0,,3,,0,0,0,75,262,491,FINAL (ENTRADA MANUAL)
75,1,2,82,171,,14,,,0,0,1,69,112,,10,,1,2,,2,,4,0,0,72,272,491,FINAL (ENTRADA MANUAL)
75,1,3,79,174,,11,,,1,0,1,62,121,,7,,1,2,,6,,3,0,0,67,269,491,FINAL (ENTRADA MANUAL)
75,1,4,110,132,,4,,,0,0,0,88,97,,3,,1,2,,1,,1,0,0,54,247,492,FINAL (ENTRADA MANUAL)
75,2,1,104,151,,15,,,0,1,0,91,106,,14,,2,6,,3,,1,0,0,49,272,407,FINAL (ENTRADA MANUAL)
75,2,2,90,166,,15,,,1,0,0,78,122,,12,,0,6,,5,,2,0,0,49,274,407,FINAL (ENTRADA MANUAL)
75,2,3,97,146,,18,,,0,0,0,72,105,,17,,2,3,,1,,3,0,0,61,264,407,FINAL (ENTRADA MANUAL)
75,3,1,42,170,,5,,,0,0,0,34,128,,4,,2,3,,2,,2,0,0,44,219,435,FINAL (ENTRADA MANUAL)
75,3,2,65,125,,9,,,0,0,0,55,88,,6,,0,2,,0,,1,0,0,48,200,435,FINAL (ENTRADA MANUAL)
75,3,3,43,155,,2,,,1,0,1,39,114,,2,,1,2,,2,,2,0,0,42,204,436,FINAL (ENTRADA MANUAL)
75,4,1,54,187,,5,,,4,0,1,44,140,,5,,3,1,,3,,1,0,0,55,252,480,FINAL (ENTRADA MANUAL)
75,4,2,79,171,,9,,,0,0,1,60,124,,9,,3,3,,0,,1,0,0,61,261,480,FINAL (ENTRADA MANUAL)
75,4,3,76,166,,4,,,1,0,1,56,128,,4,,3,1,,2,,1,0,0,54,249,480,FINAL (ENTRADA MANUAL)
75,4,4,58,190,,4,,,0,0,0,51,160,,4,,1,3,,1,,4,0,0,32,256,480,FINAL (ENTRADA MANUAL)
75,5,1,121,148,,10,,,0,0,1,94,110,,9,,2,3,,2,,1,0,0,60,281,501,FINAL (ENTRADA MANUAL)
75,5,2,100,164,,19,,,1,0,0,80,121,,17,,4,4,,3,,1,0,0,55,285,501,FINAL (ENTRADA MANUAL)
75,5,3,94,164,,13,,,1,0,0,67,127,,13,,3,3,,6,,0,0,0,53,272,501,FINAL (ENTRADA MANUAL)
75,5,4,101,158,,9,,,0,0,0,84,115,,6,,1,4,,2,,1,0,0,56,269,501,FINAL (ENTRADA MANUAL)
75,5,5,112,163,,15,,,0,0,0,88,112,,9,,1,2,,1,,1,1,0,77,292,499,FINAL (ENTRADA MANUAL)
75,6,1,95,159,,18,,,0,0,0,73,117,,15,,6,0,,2,,3,0,0,59,275,474,FINAL (ENTRADA MANUAL)
75,6,2,87,146,,13,,,0,0,0,72,108,,8,,1,5,,6,,0,0,0,46,246,474,FINAL (ENTRADA MANUAL)
75,6,3,107,149,,16,,,2,0,1,91,112,,14,,1,3,,1,,2,0,0,53,277,475,FINAL (ENTRADA MANUAL)
75,7,1,84,156,,7,,,1,0,0,62,124,,6,,3,3,,2,,1,0,0,48,249,416,FINAL (ENTRADA MANUAL)
75,7,2,83,145,,7,,,1,0,1,66,105,,4,,2,6,,3,,2,0,0,51,239,416,FINAL (ENTRADA MANUAL)
75,7,3,61,151,,5,,,3,0,0,54,103,,4,,0,2,,2,,1,0,0,55,221,416,FINAL (ENTRADA MANUAL)
75,7,4,62,152,,8,,,1,0,0,56,118,,7,,3,1,,1,,2,0,0,37,225,417,FINAL (ENTRADA MANUAL)
75,8,1,67,111,,5,,,0,0,0,55,87,,2,,0,2,,1,,1,0,0,36,184,413,FINAL (ENTRADA MANUAL)
75,8,2,74,126,,6,,,0,0,1,50,87,,5,,3,6,,3,,1,0,0,53,208,413,FINAL (ENTRADA MANUAL)
75,9,1,83,144,,6,,,0,0,5,71,115,,6,,0,1,,2,,0,0,0,43,238,514,FINAL (ENTRADA MANUAL)
75,9,2,97,122,,12,,,1,1,0,85,92,,10,,1,0,,2,,1,0,0,43,234,513,FINAL (ENTRADA MANUAL)
75,10,1,56,108,,3,,,0,0,0,46,77,,2,,1,1,,2,,0,0,0,38,167,299,FINAL (ENTRADA MANUAL)
75,10,2,56,111,,6,,,0,0,2,50,87,,5,,2,3,,0,,1,0,0,28,176,299,FINAL (ENTRADA MANUAL)
75,11,1,100,128,,12,,,1,0,0,71,105,,7,,3,2,,0,,1,0,0,53,242,500,FINAL (ENTRADA MANUAL)
75,11,2,88,145,,6,,,0,0,0,73,111,,4,,0,1,,3,,1,0,0,47,240,499,FINAL (ENTRADA MANUAL)
75,72,1,161,141,,0,,,0,0,0,153,123,,0,,3,0,,1,,0,0,0,26,306,0,FINAL (ENTRADA MANUAL)
75,72,2,29,24,,0,,,0,0,0,28,17,,0,,2,1,,0,,3,1,0,5,57,0,FINAL (ENTRADA MANUAL)
75,72,3,1,16,,3,,,1,0,0,0,0,,0,,1,4,,2,,0,0,0,14,21,0,FINAL (ENTRADA MANUAL)
75,72,4,0,0,,0,,,0,0,0,0,0,,0,,0,0,,0,,0,0,0,0,0,0,FINAL (ENTRADA MANUAL)
75,72,5,40,22,,0,,,0,0,0,38,16,,0,,1,0,,0,,75,0,0,7,62,0,FINAL (ENTRADA MANUAL)
75,72,6,6,1,,0,,,0,0,1,6,1,,0,,0,0,,0,,1,0,0,0,8,0,FINAL (ENTRADA MANUAL)
75,72,7,253,321,,4,,,1,0,1,238,277,,2,,3,5,,0,,0,0,0,55,580,0,FINAL (ENTRADA MANUAL)
75,72,8,0,1,,0,,,0,0,0,0,1,,0,,0,0,,0,,0,0,0,0,1,0,FINAL (ENTRADA MANUAL)
75,72,9,20,6,,1,,,0,0,0,19,4,,0,,0,0,,0,,0,0,0,4,27,0,FINAL (ENTRADA MANUAL)
75,72,10,6,2,,0,,,0,0,0,6,2,,0,,0,0,,0,,1,0,1,0,10,0,FINAL (ENTRADA MANUAL)
75,72,11,4,5,,0,,,0,0,0,3,5,,0,,0,0,,0,,0,0,0,1,9,0,FINAL (ENTRADA MANUAL)
75,73,1,19,220,,0,,,0,0,0,17,184,,0,,1,1,,0,,0,0,0,36,239,0,FINAL (ENTRADA MANUAL)
75,74,1,1,0,,0,,,0,0,0,1,0,,0,,0,0,,0,,0,0,0,0,1,0,FINAL (ENTRADA MANUAL)
75,74,2,0,0,,0,,,0,0,0,0,0,,0,,0,0,,0,,0,0,0,0,0,0,FINAL (ENTRADA MANUAL)
75,75,1,1,5,,0,,,3,0,0,1,0,,0,,0,1,,2,,0,0,0,5,9,0,FINAL (ENTRADA MANUAL)
75,75,2,0,1,,0,,,0,0,0,0,1,,0,,0,0,,0,,0,0,0,0,1,0,FINAL (ENTRADA MANUAL)
75,76,1,12,12,,0,,,0,0,0,9,5,,0,,1,0,,0,,0,0,0,9,24,0,FINAL (ENTRADA MANUAL)
75,76,2,0,0,,0,,,0,0,0,0,0,,0,,0,0,,0,,0,0,0,0,0,0,FINAL (ENTRADA MANUAL)
75,76,3,9,4,,0,,,0,0,0,7,0,,0,,1,0,,0,,0,0,0,5,13,0,FINAL (ENTRADA MANUAL)
75,76,4,0,0,,0,,,0,0,0,0,0,,0,,0,0,,0,,0,0,0,0,0,0,FINAL (ENTRADA MANUAL)
75,76,5,1,0,,0,,,0,0,0,1,0,,0,,0,0,,0,,0,0,0,0,1,0,FINAL (ENTRADA MANUAL)
75,77,1,0,0,,0,,,0,0,0,0,0,,0,,0,0,,0,,0,0,0,0,0,0,FINAL (ENTRADA MANUAL)
75,77,2,0,0,,0,,,0,0,0,0,0,,0,,0,0,,0,,0,0,0,0,0,0,FINAL (ENTRADA MANUAL)
75,77,3,0,0,,0,,,0,0,0,0,0,,0,,0,0,,0,,0,0,0,0,0,0,FINAL (ENTRADA MANUAL)
75,77,4,1,3,,2,,,0,0,0,1,2,,2,,0,0,,0,,0,0,0,1,6,0,FINAL (ENTRADA MANUAL)
75,78,1,18,29,,2,,,0,0,0,15,19,,2,,0,0,,0,,0,0,0,13,49,0,FINAL (ENTRADA MANUAL)
75,78,2,0,0,,0,,,0,0,0,0,0,,0,,0,0,,0,,0,0,0,0,0,0,FINAL (ENTRADA MANUAL)
75,78,3,0,0,,0,,,0,0,0,0,0,,0,,0,0,,0,,0,0,0,0,0,0,FINAL (ENTRADA MANUAL)
75,78,4,0,0,,0,,,0,0,0,0,0,,0,,0,0,,0,,0,0,0,0,0,0,FINAL (ENTRADA MANUAL)
76,1,1,118,73,9,31,9,,3,0,0,101,46,7,20,6,3,3,0,4,1,2,0,0,52,245,424,FINAL (ENTRADA MANUAL)
76,1,2,123,97,11,19,4,,2,1,0,101,58,8,16,3,2,3,2,5,0,3,0,0,59,260,424,FINAL (ENTRADA MANUAL)
76,1,3,88,94,7,23,7,,4,1,0,74,63,4,16,4,1,2,0,3,2,1,0,0,55,225,424,FINAL (ENTRADA MANUAL)
76,1,4,124,92,4,20,13,,6,0,1,101,71,2,15,7,0,1,3,1,0,1,0,0,59,261,425,FINAL (ENTRADA MANUAL)
76,2,1,78,96,6,17,11,,5,0,1,59,60,3,13,9,2,4,1,4,1,1,0,0,58,215,449,FINAL (ENTRADA MANUAL)
76,2,2,91,104,5,17,13,,5,0,0,67,73,4,14,8,4,0,0,3,3,2,0,0,59,237,449,FINAL (ENTRADA MANUAL)
76,2,3,88,118,11,17,10,,11,1,1,64,72,10,12,7,2,8,1,2,2,0,0,1,77,258,449,FINAL (ENTRADA MANUAL)
76,2,4,109,103,3,12,9,,6,0,0,85,75,2,9,6,4,2,1,1,0,1,0,0,57,243,449,FINAL (ENTRADA MANUAL)
76,2,5,91,96,6,13,8,,7,0,1,72,54,3,11,8,1,0,0,1,0,0,0,0,72,222,449,FINAL (ENTRADA MANUAL)
76,3,1,91,74,25,29,11,,4,0,1,70,56,15,24,9,3,4,2,3,0,4,0,0,49,239,373,FINAL (ENTRADA MANUAL)
76,3,2,84,94,8,27,8,,5,0,0,70,75,5,25,7,0,2,0,0,0,2,0,0,42,228,373,FINAL (ENTRADA MANUAL)
76,3,3,82,97,10,24,8,,4,0,0,71,63,4,19,5,1,0,1,3,0,3,0,0,58,228,373,FINAL (ENTRADA MANUAL)
76,3,4,87,86,13,22,6,,2,0,0,74,60,7,17,6,0,1,0,2,2,1,0,0,47,217,374,FINAL (ENTRADA MANUAL)
76,4,1,103,86,5,32,12,,1,0,1,91,71,3,25,5,0,1,1,2,3,1,0,0,38,241,390,FINAL (ENTRADA MANUAL)
76,4,2,90,79,18,37,9,,4,0,1,73,64,15,29,4,1,1,0,3,0,3,0,0,48,241,391,FINAL (ENTRADA MANUAL)
76,5,1,73,85,4,21,5,,13,2,1,61,51,1,13,2,2,6,2,5,0,0,0,0,61,204,347,FINAL (ENTRADA MANUAL)
76,5,2,79,62,5,13,4,,10,0,0,62,46,3,11,4,0,5,0,1,0,2,0,0,41,175,347,FINAL (ENTRADA MANUAL)
76,6,1,94,124,27,26,8,,5,0,1,68,83,17,18,4,5,4,1,4,1,0,0,0,80,285,423,FINAL (ENTRADA MANUAL)
76,6,2,110,102,14,29,12,,4,0,0,78,73,10,22,9,2,6,2,9,0,1,0,0,60,272,423,FINAL (ENTRADA MANUAL)
76,6,3,95,104,14,32,9,,5,0,2,64,67,8,23,7,1,4,2,5,2,2,0,0,78,263,423,FINAL (ENTRADA MANUAL)
76,6,4,111,101,19,24,8,,5,0,1,89,70,14,12,8,0,7,4,5,0,0,0,0,60,269,423,FINAL (ENTRADA MANUAL)
76,6,5,76,97,30,33,9,,3,0,0,62,63,21,24,5,1,5,1,6,2,1,1,0,58,250,424,FINAL (ENTRADA MANUAL)
76,7,1,110,100,15,21,11,,13,0,0,73,58,11,18,7,2,6,0,4,1,4,0,0,90,274,514,FINAL (ENTRADA MANUAL)
76,7,2,92,102,16,24,14,,14,0,0,65,65,10,15,12,3,3,1,8,1,1,0,0,79,263,514,FINAL (ENTRADA MANUAL)
76,7,3,114,99,11,22,7,,10,0,1,75,70,5,18,6,2,4,0,0,0,0,0,0,84,264,514,FINAL (ENTRADA MANUAL)
76,7,4,98,125,12,24,12,,11,0,1,70,80,8,17,5,5,3,1,11,1,0,0,0,82,283,514,FINAL (ENTRADA MANUAL)
76,7,5,118,101,8,23,7,,7,0,1,100,73,5,19,6,3,8,1,1,1,2,0,0,48,267,514,FINAL (ENTRADA MANUAL)
76,8,1,96,61,8,32,12,,5,0,0,69,42,3,24,8,2,0,0,3,1,1,0,0,62,215,368,FINAL (ENTRADA MANUAL)
76,8,2,134,45,13,18,8,,3,0,1,96,30,7,12,7,4,0,2,5,0,1,0,0,59,223,368,FINAL (ENTRADA MANUAL)
76,8,3,131,68,7,22,6,,0,0,1,86,41,4,13,2,1,2,2,1,1,2,0,0,82,237,368,FINAL (ENTRADA MANUAL)
76,8,4,112,70,12,19,9,,5,1,0,74,45,8,16,7,2,2,2,3,2,2,0,0,67,230,368,FINAL (ENTRADA MANUAL)
76,9,1,110,120,16,31,10,,4,1,1,93,90,9,24,8,2,3,2,0,1,1,0,0,61,294,489,FINAL (ENTRADA MANUAL)
76,9,2,104,128,21,24,6,,4,0,1,81,78,12,19,4,1,5,6,3,0,1,0,0,79,289,489,FINAL (ENTRADA MANUAL)
76,9,3,115,94,13,37,7,,5,0,0,90,55,8,25,7,4,5,1,3,0,0,0,0,73,271,489,FINAL (ENTRADA MANUAL)
76,9,4,96,122,8,29,4,,6,0,0,74,76,5,18,2,0,10,3,6,1,3,0,0,70,268,489,FINAL (ENTRADA MANUAL)
76,9,5,111,122,10,17,13,,9,0,0,82,74,6,11,8,2,5,2,2,2,0,0,0,88,282,487,FINAL (ENTRADA MANUAL)
76,10,1,116,101,7,20,10,,4,0,0,80,65,6,16,5,2,5,1,0,0,2,0,0,78,260,375,FINAL (ENTRADA MANUAL)
76,10,2,86,83,14,11,13,,3,1,0,63,56,9,6,10,0,5,1,3,1,2,0,0,57,213,375,FINAL (ENTRADA MANUAL)
76,11,1,89,80,12,15,7,,7,0,1,78,55,5,10,3,4,3,1,3,3,0,0,0,46,211,343,FINAL (ENTRADA MANUAL)
76,11,2,74,79,4,15,8,,4,0,0,60,51,1,12,7,2,1,0,4,1,0,0,0,45,184,343,FINAL (ENTRADA MANUAL)
76,11,3,72,82,3,24,10,,6,0,1,63,63,2,19,4,0,3,1,4,2,1,0,0,37,199,344,FINAL (ENTRADA MANUAL)
76,12,1,106,110,7,24,13,,9,0,1,78,83,5,14,10,2,5,1,3,1,2,0,0,68,272,487,FINAL (ENTRADA MANUAL)
76,12,2,100,117,12,28,3,,11,0,0,86,88,6,22,3,6,6,2,2,0,0,0,0,50,271,487,FINAL (ENTRADA MANUAL)
76,12,3,95,107,15,30,5,,6,0,1,77,73,8,22,5,6,6,0,3,1,2,1,0,58,262,488,FINAL (ENTRADA MANUAL)
76,13,1,80,88,2,11,5,,10,1,0,53,62,1,8,4,1,0,0,0,0,1,0,0,68,198,313,FINAL (ENTRADA MANUAL)
76,13,2,75,104,5,8,1,,3,0,0,52,76,1,5,1,1,5,0,2,0,0,0,0,53,196,313,FINAL (ENTRADA MANUAL)
76,14,1,103,72,5,12,7,,3,0,0,84,60,4,8,3,1,2,0,0,0,1,0,0,40,203,360,FINAL (ENTRADA MANUAL)
76,14,2,113,71,7,7,7,,3,0,1,90,58,4,5,6,6,0,0,0,0,0,0,0,40,209,360,FINAL (ENTRADA MANUAL)
76,14,3,86,69,4,12,10,,0,1,1,63,41,1,7,9,3,1,1,2,3,2,0,0,52,185,360,FINAL (ENTRADA MANUAL)
76,15,1,86,109,2,11,3,,7,0,1,58,77,1,7,2,1,8,0,1,0,1,0,0,64,220,397,FINAL (ENTRADA MANUAL)
76,15,2,82,117,14,14,3,,3,0,1,65,88,4,8,1,3,4,2,1,1,1,0,0,57,235,397,FINAL (ENTRADA MANUAL)
76,16,1,106,129,15,22,10,,5,0,0,81,71,6,18,6,2,4,0,2,2,0,0,0,95,287,477,FINAL (ENTRADA MANUAL)
76,16,2,116,125,15,13,9,,11,0,0,87,71,11,9,4,4,4,1,2,1,2,0,0,95,291,477,FINAL (ENTRADA MANUAL)
76,16,3,100,106,11,10,15,,12,0,0,69,69,5,6,10,2,5,1,2,2,1,0,0,83,255,477,FINAL (ENTRADA MANUAL)
76,16,4,109,114,10,19,9,,9,0,0,83,74,4,16,6,5,5,4,2,1,0,0,0,70,270,477,FINAL (ENTRADA MANUAL)
76,16,5,85,154,10,17,4,,6,0,1,65,96,6,12,3,3,2,3,4,1,0,0,0,82,277,476,FINAL (ENTRADA MANUAL)
76,17,1,97,44,3,12,6,,3,0,0,82,33,1,7,3,3,2,0,1,1,2,0,0,32,167,250,FINAL (ENTRADA MANUAL)
76,17,2,78,56,5,13,1,,2,0,1,74,46,5,12,1,1,1,0,0,0,2,0,0,16,158,251,FINAL (ENTRADA MANUAL)
76,18,1,54,38,10,16,18,,13,0,1,43,24,8,11,11,1,3,0,2,0,4,0,0,47,154,262,FINAL (ENTRADA MANUAL)
76,18,2,54,51,3,12,10,,17,0,0,43,25,2,10,6,2,5,0,1,0,2,0,0,53,149,262,FINAL (ENTRADA MANUAL)
76,72,1,51,9,3,11,0,,5,0,0,46,6,0,10,0,4,2,0,0,0,0,0,0,11,79,0,FINAL (ENTRADA MANUAL)
76,72,2,15,2,0,2,0,,1,0,0,14,0,0,2,0,3,0,0,0,0,0,1,0,1,21,0,FINAL (ENTRADA MANUAL)
76,72,3,566,78,7,29,7,,36,3,0,517,52,3,24,3,22,13,0,5,3,0,0,0,84,739,0,FINAL (ENTRADA MANUAL)
76,72,4,86,22,3,11,6,,9,0,0,76,16,3,10,6,3,5,0,2,0,2,2,0,16,141,0,FINAL (ENTRADA MANUAL)
76,72,5,66,11,4,7,1,,2,1,0,59,6,1,3,0,10,0,0,2,0,0,0,0,11,92,0,FINAL (ENTRADA MANUAL)
76,72,6,14,0,0,1,1,,0,0,0,10,0,0,1,1,2,0,0,0,0,1,0,1,2,18,0,FINAL (ENTRADA MANUAL)
76,72,7,47,3,0,0,0,,0,0,0,41,2,0,0,0,0,1,0,0,0,0,0,0,6,50,0,FINAL (ENTRADA MANUAL)
76,72,8,6,0,0,1,0,,0,0,0,5,0,0,1,0,0,0,0,0,0,0,0,0,1,7,0,FINAL (ENTRADA MANUAL)
76,72,9,0,0,0,0,0,,0,0,0,0,0,0,0,0,0,0,0,0,0,0,0,0,0,0,0,FINAL (ENTRADA MANUAL)
76,72,10,1,0,0,0,0,,0,0,0,1,0,0,0,0,0,0,0,0,0,0,0,0,0,1,0,FINAL (ENTRADA MANUAL)
76,72,11,12,0,0,2,0,,0,0,0,11,0,0,2,0,0,0,0,0,0,0,0,0,1,14,0,FINAL (ENTRADA MANUAL)
76,72,12,6,0,0,0,0,,0,0,0,5,0,0,0,0,0,0,0,0,0,0,0,0,1,6,0,FINAL (ENTRADA MANUAL)
76,73,1,35,197,3,1,1,,22,0,1,27,157,0,0,1,0,4,0,0,0,6,2,1,71,269,0,FINAL (ENTRADA MANUAL)
76,73,2,0,0,0,0,0,,0,0,0,0,0,0,0,0,0,0,0,0,0,0,0,0,0,0,0,FINAL (ENTRADA MANUAL)
76,73,3,0,0,0,0,0,,0,0,0,0,0,0,0,0,0,0,0,0,0,0,0,0,0,0,0,FINAL (ENTRADA MANUAL)
76,73,4,21,81,3,1,1,,34,0,1,15,68,1,1,1,0,7,0,0,0,8,0,0,49,150,0,FINAL (ENTRADA MANUAL)
76,74,1,0,2,0,0,0,,0,0,0,0,2,0,0,0,0,0,0,0,0,0,0,0,0,2,0,FINAL (ENTRADA MANUAL)
76,74,2,0,0,0,0,0,,0,0,0,0,0,0,0,0,0,0,0,0,0,0,0,0,0,0,0,FINAL (ENTRADA MANUAL)
76,75,1,0,0,0,0,0,,13,0,0,0,0,0,0,0,1,0,0,1,0,0,0,0,11,13,0,FINAL (ENTRADA MANUAL)
76,75,2,0,0,0,0,0,,5,0,0,0,0,0,0,0,1,1,0,0,0,0,0,0,3,5,0,FINAL (ENTRADA MANUAL)
76,76,1,13,2,0,1,0,,0,1,0,12,1,0,1,0,0,0,0,0,0,1,0,0,3,18,0,FINAL (ENTRADA MANUAL)
76,76,2,1,0,0,0,0,,0,0,0,1,0,0,0,0,0,0,0,0,0,0,0,0,0,1,0,FINAL (ENTRADA MANUAL)
76,76,3,3,2,0,0,0,,0,0,0,2,2,0,0,0,0,0,0,0,0,0,0,0,1,5,0,FINAL (ENTRADA MANUAL)
76,76,4,0,0,0,0,0,,0,0,0,0,0,0,0,0,0,0,0,0,0,1,0,0,0,1,0,FINAL (ENTRADA MANUAL)
76,77,1,0,0,0,0,0,,0,0,0,0,0,0,0,0,0,0,0,0,0,0,0,0,0,0,0,FINAL (ENTRADA MANUAL)
76,77,2,8,14,4,13,3,,0,0,0,5,13,3,11,2,1,0,2,0,0,0,0,0,5,42,0,FINAL (ENTRADA MANUAL)
76,77,3,3,2,3,2,0,,0,0,0,2,2,1,1,0,0,0,0,2,0,0,0,0,3,11,0,FINAL (ENTRADA MANUAL)
76,77,4,0,0,0,1,0,,0,0,0,0,0,0,0,0,0,0,0,0,0,0,0,0,1,1,0,FINAL (ENTRADA MANUAL)
76,77,5,0,1,0,0,0,,0,0,0,0,0,0,0,0,0,0,0,0,0,0,0,0,1,1,0,FINAL (ENTRADA MANUAL)
76,78,1,39,43,2,3,3,,2,0,0,33,30,0,1,2,0,1,0,1,1,2,1,0,23,95,0,FINAL (ENTRADA MANUAL)
76,78,2,0,0,0,0,0,,0,0,0,0,0,0,0,0,0,0,0,0,0,0,0,0,0,0,0,FINAL (ENTRADA MANUAL)
76,78,3,0,0,0,0,0,,0,0,0,0,0,0,0,0,0,0,0,0,0,0,0,0,0,0,0,FINAL (ENTRADA MANUAL)
76,78,4,1,0,0,0,0,,0,0,0,1,0,0,0,0,0,0,0,0,0,0,0,0,0,1,0,FINAL (ENTRADA MANUAL)
77,1,1,47,179,19,16,4,,0,0,2,36,116,12,11,2,2,2,3,1,0,1,0,0,82,268,458,FINAL (ENTRADA MANUAL)
77,1,2,44,175,21,18,5,,0,0,0,38,119,14,10,3,1,2,2,1,0,1,0,0,73,264,457,FINAL (ENTRADA MANUAL)
77,2,1,29,147,14,14,3,,0,0,1,23,89,6,11,2,5,5,1,4,0,0,0,0,62,208,360,FINAL (ENTRADA MANUAL)
77,2,2,38,136,15,9,2,,0,0,0,33,87,8,6,2,2,0,3,0,0,1,1,0,59,202,360,FINAL (ENTRADA MANUAL)
77,2,3,43,130,15,19,3,,0,0,0,40,85,7,14,2,2,3,1,2,0,0,0,0,54,210,359,FINAL (ENTRADA MANUAL)
77,3,1,59,164,19,16,3,,0,1,1,52,107,12,12,2,2,2,1,3,0,3,0,0,70,266,543,FINAL (ENTRADA MANUAL)
77,3,2,45,172,29,16,2,,0,0,1,36,117,16,11,2,1,3,2,5,1,5,0,0,71,270,543,FINAL (ENTRADA MANUAL)
77,3,3,53,171,32,14,4,,2,0,0,46,129,16,11,1,0,3,3,0,1,3,0,0,66,279,542,FINAL (ENTRADA MANUAL)
77,4,1,32,128,9,13,4,,0,0,1,31,78,3,10,3,0,1,0,2,0,1,0,0,59,188,380,FINAL (ENTRADA MANUAL)
77,4,2,46,122,17,12,6,,0,1,0,41,90,12,11,5,2,0,0,0,0,1,0,0,43,205,380,FINAL (ENTRADA MANUAL)
77,4,3,34,103,24,14,2,,1,0,0,31,65,12,9,2,2,5,2,1,1,2,0,0,48,180,381,FINAL (ENTRADA MANUAL)
77,5,1,38,168,19,6,6,,0,1,2,37,126,9,5,3,3,5,3,2,1,0,1,0,46,241,414,FINAL (ENTRADA MANUAL)
77,5,2,35,154,18,7,4,,0,1,0,33,100,13,6,0,2,2,4,6,1,0,0,0,52,219,414,FINAL (ENTRADA MANUAL)
77,5,3,33,143,14,7,6,,0,1,1,31,99,11,3,2,0,1,3,2,1,2,1,0,52,208,414,FINAL (ENTRADA MANUAL)
77,6,1,37,162,32,28,6,,0,0,1,33,108,16,21,4,1,2,5,5,0,0,0,0,71,266,480,FINAL (ENTRADA MANUAL)
77,6,2,60,154,26,14,11,,2,0,1,52,96,15,11,6,4,3,3,2,1,7,0,0,75,275,480,FINAL (ENTRADA MANUAL)
77,6,3,39,172,21,14,5,,0,2,0,32,104,13,10,4,3,3,2,7,0,0,0,0,75,253,479,FINAL (ENTRADA MANUAL)
77,7,1,33,108,6,8,2,,0,0,0,33,79,4,5,2,0,1,3,2,0,1,0,0,28,158,260,FINAL (ENTRADA MANUAL)
77,7,2,25,88,12,6,6,,0,0,0,22,65,3,6,5,1,0,0,2,0,1,0,0,33,138,259,FINAL (ENTRADA MANUAL)
77,8,1,52,204,17,17,8,,0,0,1,46,146,10,10,7,2,5,3,3,0,2,0,0,67,301,483,FINAL (ENTRADA MANUAL)
77,8,2,46,212,24,25,6,,0,0,1,41,154,14,18,4,1,2,3,2,1,0,0,0,74,314,483,FINAL (ENTRADA MANUAL)
77,8,3,42,204,20,17,7,,1,0,1,39,135,14,14,3,1,5,2,4,0,1,0,0,75,293,483,FINAL (ENTRADA MANUAL)
77,8,4,56,198,13,16,7,,0,0,2,47,143,10,11,4,2,0,1,3,0,3,0,0,71,295,483,FINAL (ENTRADA MANUAL)
77,8,5,36,198,16,18,5,,0,0,1,28,140,9,12,3,4,2,2,2,1,2,0,0,71,276,482,FINAL (ENTRADA MANUAL)
77,9,1,37,143,22,14,8,,0,1,1,33,98,9,8,7,3,5,2,1,0,0,0,0,60,226,417,FINAL (ENTRADA MANUAL)
77,9,2,23,151,14,16,7,,1,0,0,21,111,4,13,7,1,1,1,1,0,1,0,0,52,213,417,FINAL (ENTRADA MANUAL)
77,9,3,35,160,12,15,2,,0,0,0,29,125,4,11,2,0,1,0,2,0,0,0,0,50,224,417,FINAL (ENTRADA MANUAL)
77,9,4,43,151,22,5,10,,0,0,0,35,105,8,4,8,3,3,3,2,0,2,0,0,60,233,417,FINAL (ENTRADA MANUAL)
77,9,5,28,163,12,10,6,,2,0,0,24,124,5,6,3,4,3,1,2,0,1,0,0,49,222,418,FINAL (ENTRADA MANUAL)
77,10,1,27,171,11,16,5,,0,1,2,24,119,5,8,4,2,4,0,3,0,4,0,0,64,237,425,FINAL (ENTRADA MANUAL)
77,10,2,27,183,12,21,3,,1,0,1,21,116,7,15,2,2,3,2,1,0,0,0,0,79,248,425,FINAL (ENTRADA MANUAL)
77,10,3,28,155,14,22,7,,0,0,0,23,92,8,9,3,2,4,1,1,0,2,0,0,83,228,425,FINAL (ENTRADA MANUAL)
77,11,1,35,167,19,24,8,,0,0,2,28,109,7,20,6,2,6,6,1,0,2,0,0,70,257,425,FINAL (ENTRADA MANUAL)
77,11,2,40,165,22,23,3,,1,0,0,40,106,17,14,3,1,4,0,4,0,1,0,0,65,255,425,FINAL (ENTRADA MANUAL)
77,11,3,31,176,22,18,2,,0,0,0,25,117,7,10,1,1,9,5,6,0,2,0,0,68,251,426,FINAL (ENTRADA MANUAL)
77,12,1,51,176,18,17,13,,1,0,0,41,117,9,9,7,2,1,0,10,1,1,0,0,79,277,425,FINAL (ENTRADA MANUAL)
77,12,2,51,151,29,20,7,,0,1,1,44,104,18,17,4,4,1,3,4,3,1,0,0,58,261,425,FINAL (ENTRADA MANUAL)
77,12,3,34,172,16,10,6,,0,0,1,32,110,11,8,6,5,1,6,3,0,0,0,0,57,239,425,FINAL (ENTRADA MANUAL)
77,12,4,45,173,15,15,9,,0,0,1,40,101,10,13,7,8,0,2,7,0,0,0,0,70,258,426,FINAL (ENTRADA MANUAL)
77,13,1,36,198,16,8,10,,0,0,1,31,111,12,7,8,3,3,1,3,3,2,0,0,87,275,495,FINAL (ENTRADA MANUAL)
77,13,2,49,189,10,8,6,,0,0,2,44,125,6,6,5,3,0,2,2,1,6,2,0,70,272,495,FINAL (ENTRADA MANUAL)
77,14,1,46,183,15,19,8,,1,0,3,33,120,11,16,6,6,3,3,4,2,1,0,0,71,276,465,FINAL (ENTRADA MANUAL)
77,14,2,42,180,21,27,14,,0,0,1,36,111,10,21,11,3,6,2,2,1,2,1,0,82,288,465,FINAL (ENTRADA MANUAL)
77,14,3,33,166,23,18,12,,0,0,2,25,96,15,14,11,3,5,5,4,0,1,0,0,76,255,465,FINAL (ENTRADA MANUAL)
77,15,1,18,173,12,16,5,,1,1,0,15,128,9,15,4,2,4,1,2,0,0,0,0,46,226,347,FINAL (ENTRADA MANUAL)
77,15,2,30,141,14,17,5,,0,0,1,29,98,10,16,3,1,0,0,1,1,2,0,0,49,210,347,FINAL (ENTRADA MANUAL)
77,15,3,18,136,18,25,5,,0,1,1,16,87,14,19,4,2,4,0,1,0,1,0,0,57,205,347,FINAL (ENTRADA MANUAL)
77,15,4,33,134,11,9,4,,2,0,0,31,107,9,9,4,0,4,2,0,0,0,0,0,27,193,347,FINAL (ENTRADA MANUAL)
77,15,5,15,111,10,14,5,,0,0,2,11,69,3,10,4,1,2,2,1,1,0,0,0,53,157,348,FINAL (ENTRADA MANUAL)
77,16,1,39,157,29,29,9,,0,0,1,35,115,26,26,6,6,3,0,6,1,1,0,0,40,265,413,FINAL (ENTRADA MANUAL)
77,16,2,34,158,21,28,16,,1,2,1,31,118,12,25,12,6,4,6,2,1,2,0,0,44,263,413,FINAL (ENTRADA MANUAL)
77,16,3,27,165,21,16,11,,3,0,0,26,115,14,12,7,3,3,7,2,0,0,0,0,54,243,413,FINAL (ENTRADA MANUAL)
77,17,1,51,185,19,21,8,,2,0,2,44,130,11,13,4,4,3,3,2,1,0,0,0,73,288,466,FINAL (ENTRADA MANUAL)
77,17,2,44,184,15,24,12,,3,0,2,38,112,10,18,10,6,2,2,5,2,2,0,1,79,287,466,FINAL (ENTRADA MANUAL)
77,18,1,29,91,7,8,4,,0,0,0,29,74,3,8,3,2,1,1,1,2,1,0,0,15,140,263,FINAL (ENTRADA MANUAL)
77,19,1,51,115,10,4,2,,0,0,0,47,59,6,4,2,4,0,1,1,0,2,0,0,58,184,322,FINAL (ENTRADA MANUAL)
77,20,1,31,103,16,10,2,,0,1,0,24,68,4,9,2,2,1,6,3,0,0,0,0,44,163,276,FINAL (ENTRADA MANUAL)
77,21,1,16,109,5,4,7,,0,0,1,14,85,4,3,6,0,1,0,0,0,2,0,0,29,144,286,FINAL (ENTRADA MANUAL)
77,22,1,48,149,28,13,4,,0,0,2,42,99,22,11,2,1,1,2,4,0,0,0,0,60,244,406,FINAL (ENTRADA MANUAL)
77,22,2,32,167,29,11,5,,0,1,0,30,102,21,7,3,2,6,1,1,1,1,0,0,71,246,406,FINAL (ENTRADA MANUAL)
77,22,3,41,164,16,16,6,,0,1,0,38,105,9,13,3,2,5,3,1,0,0,0,0,65,244,406,FINAL (ENTRADA MANUAL)
77,72,1,11,5,0,1,1,,0,0,0,10,2,0,0,0,1,0,0,1,0,0,0,0,4,18,0,FINAL (ENTRADA MANUAL)
77,72,2,2,5,0,2,0,,0,0,0,2,4,0,2,0,1,0,0,0,0,0,0,0,0,9,0,FINAL (ENTRADA MANUAL)
77,72,3,182,180,20,18,7,,1,0,1,142,114,10,13,5,41,3,1,4,0,0,1,0,76,410,0,FINAL (ENTRADA MANUAL)
77,72,4,25,47,4,2,4,,0,0,1,22,26,3,2,3,4,2,1,1,1,1,0,1,18,85,0,FINAL (ENTRADA MANUAL)
77,72,5,34,8,1,1,1,,0,0,0,28,4,0,1,1,3,1,0,0,0,0,0,0,7,45,0,FINAL (ENTRADA MANUAL)
77,72,6,5,1,0,1,0,,0,0,0,5,1,0,1,0,0,0,0,0,0,0,0,0,0,7,0,FINAL (ENTRADA MANUAL)
77,72,7,4,5,2,0,0,,0,0,0,3,4,0,0,0,1,0,0,0,0,0,0,0,3,11,0,FINAL (ENTRADA MANUAL)
77,72,8,5,2,0,0,0,,0,0,0,5,2,0,0,0,0,0,0,0,0,0,0,0,0,7,0,FINAL (ENTRADA MANUAL)
77,72,9,1,0,0,0,0,,0,0,0,1,0,0,0,0,0,0,0,0,0,0,0,0,0,1,0,FINAL (ENTRADA MANUAL)
77,72,10,0,0,0,0,0,,0,0,0,0,0,0,0,0,0,0,0,0,0,0,0,0,0,0,0,FINAL (ENTRADA MANUAL)
77,72,11,16,15,2,4,0,,0,0,1,15,11,1,4,0,0,0,0,0,0,0,0,0,7,38,0,FINAL (ENTRADA MANUAL)
77,72,12,7,1,0,0,0,,0,0,0,7,1,0,0,0,0,0,0,0,0,0,0,0,0,8,0,FINAL (ENTRADA MANUAL)
77,73,1,15,194,7,8,6,,0,0,1,14,154,5,6,4,6,7,0,1,0,0,0,0,34,231,0,FINAL (ENTRADA MANUAL)
77,73,2,0,7,0,0,0,,0,0,0,0,7,0,0,0,0,0,0,0,0,1,0,0,0,1,0,FINAL (ENTRADA MANUAL)
77,73,3,0,0,0,0,0,,0,0,0,0,0,0,0,0,0,0,0,0,0,0,0,0,0,0,0,FINAL (ENTRADA MANUAL)
77,74,1,0,1,0,0,1,,0,0,0,0,1,0,0,1,0,0,0,0,0,0,0,0,0,2,0,FINAL (ENTRADA MANUAL)
77,74,2,0,0,0,0,0,,0,0,0,0,0,0,0,0,0,0,0,0,0,0,0,0,0,0,0,FINAL (ENTRADA MANUAL)
77,75,1,4,1,0,2,0,,0,0,0,3,1,0,1,0,0,0,0,0,0,0,0,1,2,8,0,FINAL (ENTRADA MANUAL)
77,75,2,0,0,0,0,0,,0,0,0,0,0,0,0,0,0,0,0,0,0,0,0,0,0,0,0,FINAL (ENTRADA MANUAL)
77,75,3,0,0,0,0,0,,0,0,0,0,0,0,0,0,0,0,0,0,0,0,0,0,0,0,0,FINAL (ENTRADA MANUAL)
77,76,1,17,38,0,0,0,,0,0,0,13,21,0,0,0,0,0,0,0,0,0,0,0,21,55,0,FINAL (ENTRADA MANUAL)
77,76,2,0,0,0,0,0,,0,0,0,0,0,0,0,0,0,0,0,0,0,0,0,0,0,0,0,FINAL (ENTRADA MANUAL)
77,76,3,1,7,0,0,0,,0,0,0,1,4,0,0,0,0,0,0,0,0,0,0,0,3,8,0,FINAL (ENTRADA MANUAL)
77,76,4,0,0,0,0,0,,0,0,0,0,0,0,0,0,0,0,0,0,0,0,0,0,0,0,0,FINAL (ENTRADA MANUAL)
77,77,1,2,6,1,0,1,,0,0,0,2,4,1,0,1,0,0,2,0,0,0,0,0,0,10,0,FINAL (ENTRADA MANUAL)
77,77,2,3,37,10,8,1,,1,0,0,1,25,4,7,1,0,0,0,3,0,0,0,0,19,60,0,FINAL (ENTRADA MANUAL)
77,77,3,0,3,0,0,0,,1,0,0,0,2,0,0,0,0,0,0,0,0,0,0,0,2,4,0,FINAL (ENTRADA MANUAL)
77,78,1,11,38,3,6,3,,0,1,0,7,18,3,5,3,1,0,0,1,0,1,0,0,24,63,0,FINAL (ENTRADA MANUAL)
77,78,2,0,0,0,0,0,,0,0,0,0,0,0,0,0,0,0,0,0,0,0,0,0,0,0,0,FINAL (ENTRADA MANUAL)
77,78,3,0,0,0,0,0,,0,0,0,0,0,0,0,0,0,0,0,0,0,0,0,0,0,0,0,FINAL (ENTRADA MANUAL)
77,78,4,1,2,0,0,0,,0,0,0,1,1,0,0,0,0,0,0,0,0,0,0,0,1,3,0,FINAL (ENTRADA MANUAL)
78,1,1,60,170,8,19,3,,0,0,1,50,100,5,14,1,3,10,1,2,0,3,1,0,75,265,513,FINAL (ENTRADA MANUAL)
78,1,2,60,180,4,24,7,,0,0,0,52,120,1,22,6,1,6,0,3,0,0,0,0,64,275,513,FINAL (ENTRADA MANUAL)
78,1,3,71,148,7,16,2,,0,0,0,57,89,3,10,1,3,3,0,0,0,0,0,0,78,244,513,FINAL (ENTRADA MANUAL)
78,1,4,67,147,7,16,4,,1,1,0,54,91,2,13,3,2,9,1,2,0,3,0,0,66,246,513,FINAL (ENTRADA MANUAL)
78,1,5,63,180,2,23,2,,0,1,1,52,126,2,15,1,2,3,1,2,0,2,0,0,68,274,513,FINAL (ENTRADA MANUAL)
78,1,6,65,156,8,12,6,,0,0,1,55,107,3,10,2,2,3,0,1,1,0,0,0,64,248,512,FINAL (ENTRADA MANUAL)
78,2,1,51,128,12,12,9,,0,0,2,36,97,6,12,6,0,2,1,1,0,1,0,0,53,215,454,FINAL (ENTRADA MANUAL)
78,2,2,44,157,27,10,2,,0,0,0,32,99,13,5,1,3,2,1,2,0,0,0,0,82,240,454,FINAL (ENTRADA MANUAL)
78,2,3,64,139,13,12,1,,0,0,0,58,98,6,10,1,4,3,0,2,0,1,0,0,47,230,454,FINAL (ENTRADA MANUAL)
78,3,1,51,169,5,25,14,,0,0,0,38,102,1,18,9,0,2,2,4,1,2,0,0,87,266,442,FINAL (ENTRADA MANUAL)
78,3,2,53,169,3,33,7,,0,0,2,37,103,2,23,3,2,3,1,1,1,1,0,0,91,268,442,FINAL (ENTRADA MANUAL)
78,3,3,47,182,6,20,5,,0,0,0,39,107,1,12,3,0,8,0,1,1,0,0,0,88,260,441,FINAL (ENTRADA MANUAL)
78,4,1,63,191,1,23,5,,1,0,0,56,129,0,17,4,4,4,0,3,0,1,0,1,67,286,491,FINAL (ENTRADA MANUAL)
78,4,2,58,161,1,16,2,,0,1,0,46,107,0,10,1,1,4,0,1,0,0,0,0,69,239,491,FINAL (ENTRADA MANUAL)
78,4,3,53,172,0,10,5,,1,0,0,49,111,0,4,5,2,2,0,1,1,4,1,0,66,246,491,FINAL (ENTRADA MANUAL)
78,4,4,79,157,2,12,3,,0,0,1,68,106,0,8,1,1,2,0,0,1,2,0,0,67,256,491,FINAL (ENTRADA MANUAL)
78,4,5,50,157,1,8,6,,1,0,0,41,98,1,8,5,3,2,0,1,0,1,0,0,64,224,491,FINAL (ENTRADA MANUAL)
78,4,6,61,131,0,16,5,,0,0,2,51,83,0,11,1,1,5,0,1,0,1,0,0,62,216,491,FINAL (ENTRADA MANUAL)
78,5,1,45,141,3,7,7,,0,0,0,34,90,0,6,4,1,5,0,0,2,3,0,0,61,206,365,FINAL (ENTRADA MANUAL)
78,6,1,54,208,0,17,2,,0,0,0,40,142,0,13,2,4,2,0,0,0,2,0,0,78,283,554,FINAL (ENTRADA MANUAL)
78,6,2,56,176,2,20,2,,0,0,1,47,122,2,10,2,2,6,0,0,0,0,0,0,66,257,554,FINAL (ENTRADA MANUAL)
78,6,3,66,210,1,11,5,,0,0,3,53,135,1,5,3,2,11,1,3,1,4,0,0,81,300,554,FINAL (ENTRADA MANUAL)
78,7,1,60,127,9,17,6,,0,0,2,54,76,5,13,4,2,4,1,2,0,1,0,0,60,222,406,FINAL (ENTRADA MANUAL)
78,7,2,52,125,4,7,4,,0,0,1,44,82,2,5,2,2,1,0,1,1,3,0,0,53,196,407,FINAL (ENTRADA MANUAL)
78,8,1,42,165,4,4,3,,0,0,1,35,122,1,1,3,5,4,0,2,0,3,0,0,46,222,430,FINAL (ENTRADA MANUAL)
78,8,2,34,152,1,13,5,,0,1,1,28,109,0,10,4,3,1,1,3,0,2,0,0,48,209,429,FINAL (ENTRADA MANUAL)
78,9,1,96,138,6,24,11,,1,0,1,75,84,3,13,6,5,1,0,1,3,1,0,0,86,278,591,FINAL (ENTRADA MANUAL)
78,9,2,108,131,0,25,7,,1,0,0,88,89,0,16,3,3,6,0,1,2,0,0,0,64,272,591,FINAL (ENTRADA MANUAL)
78,9,3,76,124,8,12,3,,0,0,1,61,65,4,4,3,1,4,2,3,0,2,0,0,77,226,591,FINAL (ENTRADA MANUAL)
78,9,4,75,143,5,13,10,,0,0,2,60,86,4,3,4,2,1,3,2,0,1,0,0,83,249,591,FINAL (ENTRADA MANUAL)
78,9,5,67,126,4,14,5,,1,0,0,59,84,3,10,2,4,4,0,0,2,1,0,0,49,218,592,FINAL (ENTRADA MANUAL)
78,10,1,76,168,4,6,4,,0,0,3,63,106,3,2,4,6,16,0,0,0,1,0,0,61,262,500,FINAL (ENTRADA MANUAL)
78,11,1,50,92,3,3,1,,0,0,0,36,64,2,2,1,1,0,1,1,0,5,2,0,41,156,346,FINAL (ENTRADA MANUAL)
78,72,1,54,25,0,1,2,,0,0,0,50,13,0,0,1,4,2,0,0,0,0,0,0,12,82,0,FINAL (ENTRADA MANUAL)
78,72,2,7,3,0,0,0,,0,0,0,6,2,0,0,0,1,0,0,0,0,1,0,0,1,10,0,FINAL (ENTRADA MANUAL)
78,72,3,240,191,10,12,13,,1,3,3,198,123,2,5,7,12,8,1,1,2,0,0,0,114,473,0,FINAL (ENTRADA MANUAL)
78,72,4,23,25,2,5,3,,0,0,0,22,19,1,3,2,0,2,0,0,0,2,0,0,9,60,0,FINAL (ENTRADA MANUAL)
78,72,5,14,12,0,0,1,,0,0,1,8,8,0,0,0,0,2,0,0,0,0,0,0,10,28,0,FINAL (ENTRADA MANUAL)
78,72,6,1,1,0,0,0,,0,0,0,1,1,0,0,0,0,0,0,0,0,0,0,0,0,2,0,FINAL (ENTRADA MANUAL)
78,72,7,10,9,0,0,0,,0,1,0,5,5,0,0,0,2,0,0,0,0,0,0,0,8,20,0,FINAL (ENTRADA MANUAL)
78,72,8,0,0,0,0,0,,0,0,0,0,0,0,0,0,0,0,0,0,0,0,0,0,0,0,0,FINAL (ENTRADA MANUAL)
78,72,9,15,9,1,2,0,,0,0,0,14,3,1,2,0,0,0,0,0,0,0,0,0,7,27,0,FINAL (ENTRADA MANUAL)
78,72,10,8,8,0,0,0,,0,1,0,6,8,0,0,0,1,0,0,0,0,0,0,0,2,16,0,FINAL (ENTRADA MANUAL)
78,73,1,70,706,7,5,8,,0,1,1,62,621,5,3,6,8,5,0,1,0,0,2,0,87,800,0,FINAL (ENTRADA MANUAL)
78,73,2,0,0,0,0,0,,0,0,0,0,0,0,0,0,0,0,0,0,0,0,0,0,0,0,0,FINAL (ENTRADA MANUAL)
78,73,3,0,0,0,0,0,,0,0,0,0,0,0,0,0,0,0,0,0,0,0,0,0,0,0,0,FINAL (ENTRADA MANUAL)
78,73,4,0,7,0,0,0,,0,0,0,0,7,0,0,0,0,0,0,0,0,6,0,0,0,13,0,FINAL (ENTRADA MANUAL)
78,74,1,1,0,1,0,0,,0,0,0,1,0,0,0,0,0,0,0,0,0,0,0,0,1,2,0,FINAL (ENTRADA MANUAL)
78,74,2,0,0,0,0,0,,0,0,0,0,0,0,0,0,0,0,0,0,0,0,0,0,0,0,0,FINAL (ENTRADA MANUAL)
78,75,1,4,5,0,0,0,,0,0,0,3,5,0,0,0,0,0,0,0,0,0,0,0,1,9,0,FINAL (ENTRADA MANUAL)
78,75,2,0,0,0,0,0,,0,0,0,0,0,0,0,0,0,0,0,0,0,0,0,0,0,0,0,FINAL (ENTRADA MANUAL)
78,76,1,13,13,0,0,0,,0,0,0,11,7,0,0,0,0,0,0,0,0,1,0,0,8,27,0,FINAL (ENTRADA MANUAL)
78,76,2,1,0,0,0,0,,0,0,0,1,0,0,0,0,0,0,0,0,0,0,0,0,0,1,0,FINAL (ENTRADA MANUAL)
78,76,3,12,4,0,0,0,,0,0,0,8,3,0,0,0,0,0,0,0,0,0,0,0,5,16,0,FINAL (ENTRADA MANUAL)
78,76,4,0,0,0,0,0,,0,0,0,0,0,0,0,0,0,0,0,0,0,0,0,0,0,0,0,FINAL (ENTRADA MANUAL)
78,77,1,0,0,0,0,0,,0,0,0,0,0,0,0,0,0,0,0,0,0,0,0,0,0,0,0,FINAL (ENTRADA MANUAL)
78,77,2,1,10,3,5,0,,0,0,0,1,5,3,4,0,2,1,0,0,0,0,0,0,3,19,0,FINAL (ENTRADA MANUAL)
78,77,3,1,0,0,1,0,,0,0,0,1,0,0,1,0,0,0,0,0,0,0,0,0,0,2,0,FINAL (ENTRADA MANUAL)
78,77,4,1,2,0,0,0,,0,0,0,1,2,0,0,0,0,0,0,0,0,0,0,0,0,3,0,FINAL (ENTRADA MANUAL)
78,78,1,20,29,0,3,0,,0,0,0,13,19,0,2,0,0,2,0,0,0,0,0,0,16,52,0,FINAL (ENTRADA MANUAL)
78,78,2,0,0,0,0,0,,0,0,0,0,0,0,0,0,0,0,0,0,0,0,0,0,0,0,0,FINAL (ENTRADA MANUAL)
78,78,3,0,0,0,0,0,,0,0,0,0,0,0,0,0,0,0,0,0,0,0,0,0,0,0,0,FINAL (ENTRADA MANUAL)
78,78,4,1,0,0,0,0,,0,0,0,1,0,0,0,0,0,0,0,0,0,0,0,0,0,1,0,FINAL (ENTRADA MANUAL)
79,1,1,62,106,2,10,,,2,0,2,53,68,1,5,1,3,2,0,0,4,2,0,0,47,186,292,FINAL (ENTRADA MANUAL)
79,1,2,57,122,2,6,,,0,2,2,44,72,1,5,1,2,2,0,1,0,1,0,0,63,192,291,FINAL (ENTRADA MANUAL)
79,2,1,93,113,2,11,,,0,0,4,74,72,0,8,4,2,7,0,5,1,0,0,0,50,223,369,FINAL (ENTRADA MANUAL)
79,2,2,80,135,2,8,,,0,0,0,55,83,0,3,0,2,2,0,1,4,1,1,0,75,227,369,FINAL (ENTRADA MANUAL)
79,3,1,53,91,1,8,,,0,0,0,42,62,0,6,0,3,1,2,2,0,0,0,0,35,153,306,FINAL (ENTRADA MANUAL)
79,4,1,94,118,1,3,,,0,0,1,79,70,0,3,1,2,1,0,0,5,0,0,0,56,217,370,FINAL (ENTRADA MANUAL)
79,5,1,103,89,0,9,,,0,0,0,78,56,0,8,0,1,2,0,2,1,3,0,0,53,204,399,FINAL (ENTRADA MANUAL)
79,6,1,87,97,1,3,,,0,0,0,44,67,0,3,0,1,2,0,1,0,0,0,0,70,188,329,FINAL (ENTRADA MANUAL)
79,7,1,52,66,2,7,,,1,0,2,41,45,1,6,0,2,1,1,1,0,0,0,0,32,130,303,FINAL (ENTRADA MANUAL)
79,8,1,39,84,1,3,,,0,0,0,32,66,1,1,0,3,0,0,0,0,1,0,0,24,128,249,FINAL (ENTRADA MANUAL)
79,9,1,118,179,0,11,,,0,1,3,90,124,0,9,1,7,3,0,3,1,1,0,0,74,313,552,FINAL (ENTRADA MANUAL)
79,9,2,97,158,2,12,,,0,0,1,72,107,0,8,1,3,0,1,4,2,1,0,0,72,271,552,FINAL (ENTRADA MANUAL)
79,9,3,88,165,0,18,,,1,0,2,62,132,0,9,2,4,2,0,3,2,1,0,0,58,275,552,FINAL (ENTRADA MANUAL)
79,9,4,87,170,0,16,,,0,0,3,62,115,0,12,2,3,3,0,1,1,4,0,0,77,280,551,FINAL (ENTRADA MANUAL)
79,10,1,90,130,2,8,,,0,0,3,70,84,1,6,3,1,2,0,0,1,4,0,0,65,237,521,FINAL (ENTRADA MANUAL)
79,10,2,94,107,1,10,,,0,2,2,74,78,1,6,2,0,1,0,3,0,1,0,0,51,217,521,FINAL (ENTRADA MANUAL)
79,11,1,109,167,3,20,,,1,1,6,82,111,1,16,4,1,6,0,2,3,2,0,0,81,309,516,FINAL (ENTRADA MANUAL)
79,11,2,117,170,3,21,,,0,0,2,89,115,0,16,0,4,4,0,1,1,2,0,0,83,315,516,FINAL (ENTRADA MANUAL)
79,11,3,98,142,4,18,,,0,0,2,74,108,1,15,2,1,1,0,1,1,0,1,0,60,265,516,FINAL (ENTRADA MANUAL)
79,11,4,99,175,1,12,,,0,0,6,73,127,0,7,5,3,3,0,2,2,4,0,0,71,297,515,FINAL (ENTRADA MANUAL)
79,12,1,80,150,3,20,,,0,0,5,63,104,1,15,4,2,3,1,1,3,1,0,0,61,259,462,FINAL (ENTRADA MANUAL)
79,12,2,77,170,0,18,,,0,0,2,62,125,0,13,1,1,2,0,0,0,2,0,0,63,269,462,FINAL (ENTRADA MANUAL)
79,13,1,80,137,3,7,,,0,0,3,62,92,2,6,3,1,2,0,1,1,1,0,0,60,231,462,FINAL (ENTRADA MANUAL)
79,13,2,67,124,2,16,,,0,0,1,47,80,0,10,0,3,2,0,2,0,0,0,0,66,210,462,FINAL (ENTRADA MANUAL)
79,13,3,67,130,1,12,,,0,1,3,47,93,1,6,0,1,1,0,3,0,1,0,0,62,215,461,FINAL (ENTRADA MANUAL)
79,14,1,99,146,2,19,,,1,0,1,75,105,0,12,1,1,3,1,2,0,1,1,0,68,270,444,FINAL (ENTRADA MANUAL)
79,14,2,85,133,1,16,,,0,0,1,64,91,1,12,1,8,0,0,2,1,2,0,0,56,238,444,FINAL (ENTRADA MANUAL)
79,15,1,83,157,9,11,,,0,0,4,64,110,3,9,1,1,4,0,1,0,1,0,0,71,265,520,FINAL (ENTRADA MANUAL)
79,15,2,86,172,3,8,,,0,0,2,64,124,2,5,0,1,4,1,0,0,1,0,0,70,272,519,FINAL (ENTRADA MANUAL)
79,16,1,82,174,7,13,,,0,0,3,65,126,4,10,3,1,6,1,1,2,0,0,0,60,279,522,FINAL (ENTRADA MANUAL)
79,16,2,67,180,5,9,,,1,0,3,42,101,4,8,1,3,4,1,4,1,1,0,0,96,266,522,FINAL (ENTRADA MANUAL)
79,17,1,113,173,2,24,,,0,0,1,83,113,1,15,1,3,2,1,4,3,2,0,0,87,315,501,FINAL (ENTRADA MANUAL)
79,17,2,102,148,5,11,,,1,0,3,78,91,2,8,2,2,4,0,0,1,0,0,0,82,270,501,FINAL (ENTRADA MANUAL)
79,17,3,69,167,1,16,,,0,0,2,45,96,0,14,2,1,3,1,2,7,1,0,0,84,256,501,FINAL (ENTRADA MANUAL)
79,17,4,85,147,2,13,,,0,0,2,65,99,1,9,1,0,4,0,1,6,1,0,0,63,250,501,FINAL (ENTRADA MANUAL)
79,17,5,82,131,1,12,,,0,0,4,52,70,1,7,4,2,0,0,3,1,2,0,0,90,232,502,FINAL (ENTRADA MANUAL)
79,18,1,55,92,1,7,,,2,0,1,38,67,1,6,1,0,1,0,1,0,2,0,0,43,160,290,FINAL (ENTRADA MANUAL)
79,18,2,61,78,1,4,,,1,1,1,42,59,0,3,0,1,1,0,1,1,2,0,0,39,149,289,FINAL (ENTRADA MANUAL)
79,19,1,92,149,2,30,,,1,0,0,74,105,2,22,0,1,5,1,2,3,2,0,0,59,276,429,FINAL (ENTRADA MANUAL)
79,19,2,76,158,2,35,,,0,0,3,56,97,0,28,3,4,5,0,2,1,2,0,0,78,276,429,FINAL (ENTRADA MANUAL)
79,19,3,104,148,0,23,,,1,0,2,73,103,0,16,2,4,3,0,0,2,2,0,0,75,280,429,FINAL (ENTRADA MANUAL)
79,19,4,100,119,2,32,,,1,1,3,78,82,1,21,3,2,2,0,3,0,1,0,0,66,259,429,FINAL (ENTRADA MANUAL)
79,20,1,88,177,3,20,,,0,0,3,55,111,3,20,2,2,6,0,2,0,2,0,0,90,293,426,FINAL (ENTRADA MANUAL)
79,20,2,80,141,3,10,,,1,0,3,60,94,2,6,2,2,2,0,1,2,2,0,0,67,240,426,FINAL (ENTRADA MANUAL)
79,20,3,67,157,4,16,,,0,0,0,50,102,3,15,0,1,5,0,3,2,0,0,0,63,244,426,FINAL (ENTRADA MANUAL)
79,20,4,86,157,5,14,,,0,0,1,62,103,2,6,1,3,5,1,3,1,1,0,0,76,264,426,FINAL (ENTRADA MANUAL)
79,20,5,75,146,2,16,,,0,1,5,49,89,2,10,2,2,2,0,4,4,0,0,0,81,245,426,FINAL (ENTRADA MANUAL)
79,20,6,60,149,1,16,,,0,0,2,40,99,1,8,1,4,2,1,8,5,0,0,0,59,228,423,FINAL (ENTRADA MANUAL)
79,21,1,76,152,3,15,,,0,0,4,53,91,1,10,3,4,2,0,1,1,1,0,0,84,251,467,FINAL (ENTRADA MANUAL)
79,21,2,93,130,7,18,,,0,0,1,64,80,4,14,0,7,2,2,0,2,0,0,0,74,249,467,FINAL (ENTRADA MANUAL)
79,21,3,83,145,5,17,,,0,0,3,67,97,3,15,3,0,3,0,1,1,0,0,0,63,253,468,FINAL (ENTRADA MANUAL)
79,72,1,337,134,0,6,,,0,1,3,268,84,0,1,1,4,8,0,3,0,0,1,0,112,482,0,FINAL (ENTRADA MANUAL)
79,72,2,41,15,0,0,,,0,0,0,40,14,0,0,0,1,1,0,0,0,2,0,0,0,58,0,FINAL (ENTRADA MANUAL)
79,72,3,287,111,2,12,,,0,3,0,245,62,1,11,0,13,3,1,3,1,0,0,0,75,415,0,FINAL (ENTRADA MANUAL)
79,72,4,85,53,0,5,,,0,0,6,66,28,0,5,0,5,8,0,1,0,5,1,0,30,149,0,FINAL (ENTRADA MANUAL)
79,72,5,67,24,0,1,,,0,0,0,44,16,0,1,0,3,4,0,0,0,0,0,0,24,92,0,FINAL (ENTRADA MANUAL)
79,72,6,15,4,0,1,,,0,0,0,7,3,0,1,0,2,0,0,0,0,0,0,0,7,20,0,FINAL (ENTRADA MANUAL)
79,72,7,5,2,0,0,,,0,0,0,5,2,0,0,0,0,0,0,0,0,1,0,0,0,8,0,FINAL (ENTRADA MANUAL)
79,72,8,6,6,0,0,,,0,0,0,6,5,0,0,0,0,0,0,0,0,1,0,0,1,13,0,FINAL (ENTRADA MANUAL)
79,72,9,36,24,1,0,,,0,0,0,24,18,1,0,0,0,1,0,0,0,0,0,0,17,61,0,FINAL (ENTRADA MANUAL)
79,72,10,0,0,0,0,,,0,0,0,0,0,0,0,0,0,0,0,0,0,0,0,0,0,0,0,FINAL (ENTRADA MANUAL)
79,72,11,2,0,0,0,,,0,0,0,1,0,0,0,0,0,0,0,0,0,0,0,0,1,2,0,FINAL (ENTRADA MANUAL)
79,73,1,54,482,2,4,,,0,1,0,40,364,2,2,0,3,1,0,0,1,0,0,0,130,543,0,FINAL (ENTRADA MANUAL)
79,73,2,0,0,0,0,,,0,0,0,0,0,0,0,0,0,0,0,0,0,0,0,0,0,0,0,FINAL (ENTRADA MANUAL)
79,73,3,12,81,0,2,,,0,0,0,11,74,0,1,0,0,0,0,0,0,2,0,1,8,97,0,FINAL (ENTRADA MANUAL)
79,74,1,1,1,0,0,,,0,0,0,1,1,0,0,0,0,0,0,0,0,0,0,0,0,2,0,FINAL (ENTRADA MANUAL)
79,74,2,0,0,0,0,,,0,0,0,0,0,0,0,0,0,0,0,0,0,0,0,0,0,0,0,FINAL (ENTRADA MANUAL)
79,75,1,1,1,0,0,,,0,0,0,1,1,0,0,0,0,0,0,0,0,0,0,0,0,2,0,FINAL (ENTRADA MANUAL)
79,75,2,0,0,0,0,,,0,0,0,0,0,0,0,0,0,0,0,0,0,0,0,0,0,0,0,FINAL (ENTRADA MANUAL)
79,76,1,49,8,1,1,,,1,0,0,37,6,1,1,0,0,0,0,0,0,0,0,0,15,60,0,FINAL (ENTRADA MANUAL)
79,76,2,2,0,0,0,,,0,0,0,2,0,0,0,0,0,0,0,0,0,0,0,0,0,2,0,FINAL (ENTRADA MANUAL)
79,76,3,1,1,0,0,,,0,0,1,1,0,0,0,0,0,0,0,0,0,0,0,0,2,3,0,FINAL (ENTRADA MANUAL)
79,76,4,0,0,0,0,,,0,0,0,0,0,0,0,0,0,0,0,0,0,0,0,0,0,0,0,FINAL (ENTRADA MANUAL)
79,76,5,1,0,0,0,,,0,0,0,0,0,0,0,0,0,0,0,0,0,0,0,0,1,1,0,FINAL (ENTRADA MANUAL)
79,76,6,0,1,0,0,,,0,0,0,0,1,0,0,0,0,0,0,0,0,0,0,0,0,1,0,FINAL (ENTRADA MANUAL)
79,77,1,11,24,2,13,,,0,0,0,7,16,0,11,0,0,1,0,1,0,0,0,0,14,50,0,FINAL (ENTRADA MANUAL)
79,77,2,2,2,0,1,,,0,0,0,0,2,0,0,0,0,0,0,0,0,0,0,0,3,5,0,FINAL (ENTRADA MANUAL)
79,77,3,1,9,0,0,,,0,0,0,1,7,0,0,0,0,0,0,0,0,0,0,0,2,10,0,FINAL (ENTRADA MANUAL)
79,78,1,61,62,0,8,,,0,0,1,32,35,0,5,0,2,3,0,1,1,0,0,0,53,132,0,FINAL (ENTRADA MANUAL)
79,78,2,0,0,0,0,,,0,0,0,0,0,0,0,0,0,0,0,0,0,0,0,0,0,0,0,FINAL (ENTRADA MANUAL)
79,78,3,0,0,0,0,,,0,0,0,0,0,0,0,0,0,0,0,0,0,0,0,0,0,0,0,FINAL (ENTRADA MANUAL)
79,78,4,0,0,0,0,,,0,0,0,0,0,0,0,0,0,0,0,0,0,0,0,0,0,0,0,FINAL (ENTRADA MANUAL)
80,1,1,87,140,,11,,,1,0,3,73,106,,10,2,2,4,,6,0,1,0,0,39,243,410,FINAL (ENTRADA MANUAL)
80,1,2,95,125,,3,,,0,0,0,77,89,,3,0,3,3,,1,0,1,0,0,47,224,410,FINAL (ENTRADA MANUAL)
80,1,3,58,165,,13,,,0,0,0,49,122,,12,0,4,6,,3,1,1,0,0,39,237,411,FINAL (ENTRADA MANUAL)
80,2,1,95,138,,9,,,1,1,1,74,97,,7,1,0,3,,2,0,1,0,0,61,246,456,FINAL (ENTRADA MANUAL)
80,2,2,90,143,,8,,,1,0,0,74,109,,6,0,1,2,,2,1,0,0,0,47,242,456,FINAL (ENTRADA MANUAL)
80,2,3,87,152,,10,,,1,1,0,77,123,,7,0,0,3,,2,0,1,0,0,39,252,456,FINAL (ENTRADA MANUAL)
80,2,4,87,163,,5,,,0,0,2,72,127,,3,1,0,1,,3,0,0,0,0,50,257,454,FINAL (ENTRADA MANUAL)
80,3,1,94,159,,15,,,1,0,0,77,134,,14,0,0,5,,1,0,1,0,0,38,270,489,FINAL (ENTRADA MANUAL)
80,3,2,109,144,,9,,,0,1,1,86,118,,8,0,4,0,,1,0,0,0,0,47,264,489,FINAL (ENTRADA MANUAL)
80,3,3,115,137,,6,,,0,0,1,100,108,,6,0,0,1,,1,0,0,0,0,43,259,489,FINAL (ENTRADA MANUAL)
80,3,4,89,127,,6,,,0,0,0,78,102,,6,0,0,6,,2,0,2,1,0,28,225,489,FINAL (ENTRADA MANUAL)
80,4,1,86,105,,6,,,0,0,2,74,92,,4,0,0,3,,0,0,0,0,0,26,199,411,FINAL (ENTRADA MANUAL)
80,4,2,75,141,,8,,,0,0,0,55,109,,6,0,1,3,,1,0,0,0,0,49,224,411,FINAL (ENTRADA MANUAL)
80,4,3,91,102,,3,,,2,0,2,80,88,,2,1,1,1,,0,0,1,0,0,27,201,412,FINAL (ENTRADA MANUAL)
80,5,1,106,174,,4,,,0,0,2,89,131,,3,2,0,2,,2,1,1,0,0,56,287,550,FINAL (ENTRADA MANUAL)
80,5,2,101,185,,7,,,0,0,0,78,136,,5,0,2,1,,0,3,0,0,0,68,293,550,FINAL (ENTRADA MANUAL)
80,5,3,113,183,,7,,,0,0,0,86,125,,7,0,3,4,,2,1,0,0,0,75,303,550,FINAL (ENTRADA MANUAL)
80,5,4,100,171,,5,,,0,0,0,80,117,,4,0,1,2,,2,0,0,0,0,70,276,550,FINAL (ENTRADA MANUAL)
80,5,5,107,152,,7,,,0,0,2,87,115,,5,1,3,1,,0,0,1,0,0,56,269,550,FINAL (ENTRADA MANUAL)
80,5,6,98,163,,3,,,0,0,0,83,114,,3,0,2,1,,2,0,0,0,0,59,264,547,FINAL (ENTRADA MANUAL)
80,6,1,90,147,,7,,,0,0,1,73,116,,4,1,3,3,,0,0,1,0,0,45,246,480,FINAL (ENTRADA MANUAL)
80,6,2,111,141,,4,,,2,0,0,81,105,,4,0,4,2,,3,0,0,0,0,59,258,480,FINAL (ENTRADA MANUAL)
80,7,1,131,143,,19,,,0,0,3,109,119,,19,0,3,1,,0,0,1,0,0,45,297,538,FINAL (ENTRADA MANUAL)
80,7,2,111,147,,5,,,0,0,0,87,118,,4,0,2,0,,4,0,1,0,0,48,264,538,FINAL (ENTRADA MANUAL)
80,72,1,280,61,,8,,,0,0,2,269,49,,7,0,0,1,,0,0,0,0,0,25,351,0,FINAL (ENTRADA MANUAL)
80,72,2,48,5,,2,,,0,0,0,44,4,,2,0,0,0,,0,0,0,0,0,5,55,0,FINAL (ENTRADA MANUAL)
80,72,3,392,89,,7,,,0,5,0,361,64,,4,0,9,6,,1,2,0,0,0,46,493,0,FINAL (ENTRADA MANUAL)
80,72,4,84,31,,5,,,0,0,0,75,22,,4,0,0,2,,0,1,0,0,0,16,120,0,FINAL (ENTRADA MANUAL)
80,72,5,42,18,,0,,,0,0,0,42,16,,0,0,0,0,,0,0,0,0,0,2,60,0,FINAL (ENTRADA MANUAL)
80,72,6,10,2,,0,,,0,0,0,9,2,,0,0,0,0,,0,0,0,0,0,1,12,0,FINAL (ENTRADA MANUAL)
80,72,7,29,3,,0,,,0,0,0,27,3,,0,0,0,0,,0,0,0,0,0,2,32,0,FINAL (ENTRADA MANUAL)
80,72,8,2,2,,0,,,0,0,0,2,1,,0,0,0,0,,0,0,0,0,0,1,4,0,FINAL (ENTRADA MANUAL)
80,72,9,1,0,,0,,,0,0,0,1,0,,0,0,0,0,,0,0,0,0,0,0,1,0,FINAL (ENTRADA MANUAL)
80,72,10,2,0,,0,,,0,0,0,2,0,,0,0,0,0,,0,0,0,0,0,0,2,0,FINAL (ENTRADA MANUAL)
80,72,11,7,6,,0,,,0,0,0,5,4,,0,0,0,0,,0,0,0,0,0,4,13,0,FINAL (ENTRADA MANUAL)
80,73,1,48,435,,3,,,0,0,0,39,376,,3,0,0,4,,1,0,0,0,0,63,486,0,FINAL (ENTRADA MANUAL)
80,73,2,0,0,,0,,,0,0,0,0,0,,0,0,0,0,,0,0,0,0,0,0,0,0,FINAL (ENTRADA MANUAL)
80,73,3,25,131,,2,,,0,0,0,20,113,,0,2,0,0,,2,0,1,0,0,21,159,0,FINAL (ENTRADA MANUAL)
80,74,1,0,0,,0,,,0,0,0,0,0,,0,0,0,0,,0,0,0,0,0,0,0,0,FINAL (ENTRADA MANUAL)
80,74,2,0,0,,0,,,0,0,0,0,0,,0,0,0,0,,0,0,0,0,0,0,0,0,FINAL (ENTRADA MANUAL)
80,75,1,1,0,,0,,,0,0,0,1,0,,0,0,0,0,,0,0,0,0,0,0,1,0,FINAL (ENTRADA MANUAL)
80,75,2,0,0,,0,,,0,0,0,0,0,,0,0,0,0,,0,0,0,0,0,0,0,0,FINAL (ENTRADA MANUAL)
80,76,1,12,9,,0,,,0,0,0,11,6,,0,0,0,0,,0,0,0,0,0,4,21,0,FINAL (ENTRADA MANUAL)
80,76,2,0,0,,0,,,0,0,0,0,0,,0,0,0,0,,0,0,0,0,0,0,0,0,FINAL (ENTRADA MANUAL)
80,76,3,1,3,,0,,,0,0,0,0,2,,0,0,0,0,,0,0,0,0,0,2,4,0,FINAL (ENTRADA MANUAL)
80,76,4,0,0,,0,,,0,0,0,0,0,,0,0,0,0,,0,0,0,0,0,0,0,0,FINAL (ENTRADA MANUAL)
80,76,5,0,0,,0,,,0,0,0,0,0,,0,0,0,0,,0,0,0,0,0,0,0,0,FINAL (ENTRADA MANUAL)
80,77,1,0,0,,0,,,0,0,0,0,0,,0,0,0,0,,0,0,0,0,0,0,0,0,FINAL (ENTRADA MANUAL)
80,77,2,5,12,,4,,,0,0,0,3,10,,4,0,1,1,,0,0,0,0,0,2,21,0,FINAL (ENTRADA MANUAL)
80,77,3,0,4,,0,,,0,0,0,0,3,,0,0,0,0,,0,0,0,0,0,1,4,0,FINAL (ENTRADA MANUAL)
80,77,4,0,1,,0,,,0,0,0,0,1,,0,0,0,0,,0,0,0,0,0,0,1,0,FINAL (ENTRADA MANUAL)
80,77,5,1,7,,0,,,0,0,0,1,7,,0,0,0,0,,0,0,0,0,0,0,8,0,FINAL (ENTRADA MANUAL)
80,78,1,15,21,,2,,,0,0,0,9,17,,2,0,0,0,,0,0,0,0,0,10,38,0,FINAL (ENTRADA MANUAL)
80,78,2,0,0,,0,,,0,0,0,0,0,,0,0,0,0,,0,0,0,0,0,0,0,0,FINAL (ENTRADA MANUAL)
80,78,3,0,0,,0,,,0,0,0,0,0,,0,0,0,0,,0,0,0,0,0,0,0,0,FINAL (ENTRADA MANUAL)
80,78,4,0,0,,0,,,0,0,0,0,0,,0,0,0,0,,0,0,0,0,0,0,0,0,FINAL (ENTRADA MANUAL)
112,1,1,105,72,,4,,,0,0,2,91,66,,3,,0,1,,0,,1,1,0,22,185,379,FINAL (ENTRADA MANUAL)
112,1,2,109,93,,6,,,0,0,1,96,83,,6,,1,1,,0,,0,0,0,22,209,379,FINAL (ENTRADA MANUAL)
112,1,3,127,72,,7,,,1,0,0,119,65,,6,,1,3,,1,,0,0,0,12,207,379,FINAL (ENTRADA MANUAL)
112,2,1,131,47,,12,,,0,1,0,107,33,,8,,1,2,,1,,0,0,0,39,191,330,FINAL (ENTRADA MANUAL)
112,2,2,132,40,,11,,,1,0,0,110,32,,9,,0,2,,0,,2,0,0,31,186,330,FINAL (ENTRADA MANUAL)
112,2,3,148,26,,9,,,0,0,0,132,24,,7,,0,2,,0,,1,0,0,18,184,329,FINAL (ENTRADA MANUAL)
112,3,1,144,87,,14,,,0,1,0,112,78,,10,,1,0,,0,,2,0,0,45,248,486,FINAL (ENTRADA MANUAL)
112,3,2,151,88,,10,,,0,0,0,104,76,,9,,2,6,,3,,0,0,0,49,249,486,FINAL (ENTRADA MANUAL)
112,3,3,144,97,,16,,,2,0,0,116,87,,12,,0,3,,2,,0,0,0,39,259,486,FINAL (ENTRADA MANUAL)
112,72,1,15,6,,0,,,0,0,0,14,5,,0,,0,0,,0,,1,0,0,2,22,0,FINAL (ENTRADA MANUAL)
112,72,2,0,0,,0,,,0,0,0,0,0,,0,,0,0,,0,,0,0,0,0,0,0,FINAL (ENTRADA MANUAL)
112,72,3,111,67,,3,,,0,0,0,101,63,,2,,0,0,,0,,0,0,0,15,181,0,FINAL (ENTRADA MANUAL)
112,72,4,28,17,,1,,,0,0,0,26,14,,0,,0,1,,0,,2,0,0,5,48,0,FINAL (ENTRADA MANUAL)
112,72,5,12,4,,0,,,0,0,0,10,4,,0,,0,0,,0,,0,0,0,2,16,0,FINAL (ENTRADA MANUAL)
112,72,6,3,0,,0,,,0,0,0,3,0,,0,,0,0,,0,,1,0,0,0,4,0,FINAL (ENTRADA MANUAL)
112,72,7,3,2,,0,,,0,0,0,3,1,,0,,0,0,,0,,0,0,0,1,5,0,FINAL (ENTRADA MANUAL)
112,72,8,1,1,,0,,,0,0,0,1,1,,0,,0,0,,0,,0,0,0,0,2,0,FINAL (ENTRADA MANUAL)
112,73,1,37,42,,0,,,0,0,0,35,38,,0,,0,0,,0,,0,0,0,6,79,0,FINAL (ENTRADA MANUAL)
112,73,2,4,1,,0,,,0,0,0,4,1,,0,,0,0,,0,,0,0,0,0,5,0,FINAL (ENTRADA MANUAL)
112,74,1,0,0,,0,,,0,0,0,0,0,,0,,0,0,,0,,0,0,0,0,0,0,FINAL (ENTRADA MANUAL)
112,74,2,0,0,,0,,,0,0,0,0,0,,0,,0,0,,0,,0,0,0,0,0,0,FINAL (ENTRADA MANUAL)
112,75,1,0,0,,0,,,0,0,0,0,0,,0,,0,0,,0,,0,0,0,0,0,0,FINAL (ENTRADA MANUAL)
112,76,1,2,0,,0,,,0,0,0,0,0,,0,,0,0,,0,,0,0,0,2,2,0,FINAL (ENTRADA MANUAL)
112,76,2,0,0,,0,,,0,0,0,0,0,,0,,0,0,,0,,0,0,0,0,0,0,FINAL (ENTRADA MANUAL)
112,76,3,1,0,,0,,,0,0,0,1,0,,0,,0,0,,0,,0,0,0,0,1,0,FINAL (ENTRADA MANUAL)
112,77,1,4,0,,1,,,0,0,0,1,0,,1,,0,0,,1,,0,0,0,2,5,0,FINAL (ENTRADA MANUAL)
112,77,2,0,0,,0,,,0,0,0,0,0,,0,,0,0,,0,,0,0,0,0,0,0,FINAL (ENTRADA MANUAL)
112,78,1,2,0,,0,,,0,0,0,1,0,,0,,0,0,,0,,0,0,0,1,2,0,FINAL (ENTRADA MANUAL)
112,78,2,0,0,,0,,,0,0,0,0,0,,0,,0,0,,0,,0,0,0,0,0,0,FINAL (ENTRADA MANUAL)
112,78,3,0,0,,0,,,0,0,0,0,0,,0,,0,0,,0,,0,0,0,0,0,0,FINAL (ENTRADA MANUAL)
112,78,4,0,0,,0,,,0,0,0,0,0,,0,,0,0,,0,,0,0,0,0,0,0,FINAL (ENTRADA MANUAL)
113,1,1,140,119,,2,,,0,0,1,109,90,,1,,0,2,,0,,3,0,0,60,265,671,FINAL (ENTRADA MANUAL)
113,2,1,112,117,,4,,,0,0,0,81,89,,4,,1,1,,1,,0,0,0,56,233,680,FINAL (ENTRADA MANUAL)
113,3,1,101,151,,7,,,2,0,1,78,123,,3,,1,3,,0,,2,0,0,54,264,752,FINAL (ENTRADA MANUAL)
113,3,2,125,119,,14,,,0,0,0,100,87,,9,,5,1,,0,,3,0,0,56,261,752,FINAL (ENTRADA MANUAL)
113,72,1,20,13,,0,,,0,0,0,19,9,,0,,0,0,,0,,0,0,0,5,33,0,FINAL (ENTRADA MANUAL)
113,72,2,0,0,,0,,,0,0,0,0,0,,0,,0,0,,0,,0,0,0,0,0,0,FINAL (ENTRADA MANUAL)
113,72,3,268,61,,0,,,0,0,0,248,54,,0,,2,2,,0,,0,0,0,23,329,0,FINAL (ENTRADA MANUAL)
113,72,4,39,21,,2,,,0,0,0,35,19,,0,,0,0,,1,,0,2,0,8,65,0,FINAL (ENTRADA MANUAL)
113,72,5,32,3,,0,,,0,0,0,28,3,,0,,1,0,,0,,0,0,0,3,35,0,FINAL (ENTRADA MANUAL)
113,72,6,4,3,,0,,,0,0,0,4,2,,0,,0,1,,0,,0,0,0,0,7,0,FINAL (ENTRADA MANUAL)
113,72,7,60,11,,0,,,0,0,0,58,7,,0,,0,4,,0,,0,0,0,2,71,0,FINAL (ENTRADA MANUAL)
113,72,8,4,3,,0,,,0,0,0,4,2,,0,,0,1,,0,,0,0,0,0,7,0,FINAL (ENTRADA MANUAL)
113,72,9,4,2,,0,,,0,0,0,1,2,,0,,0,0,,0,,0,0,0,3,6,0,FINAL (ENTRADA MANUAL)
113,73,1,21,153,,1,,,0,0,0,13,105,,1,,1,5,,1,,0,0,0,49,175,0,FINAL (ENTRADA MANUAL)
113,73,2,16,135,,1,,,0,1,0,13,128,,1,,0,4,,0,,0,0,1,7,154,0,FINAL (ENTRADA MANUAL)
113,74,1,0,0,,0,,,0,0,0,0,0,,0,,0,0,,0,,0,0,0,0,0,0,FINAL (ENTRADA MANUAL)
113,74,2,0,0,,0,,,0,0,0,0,0,,0,,0,0,,0,,0,0,0,0,0,0,FINAL (ENTRADA MANUAL)
113,75,1,0,0,,0,,,0,0,0,0,0,,0,,0,0,,0,,0,0,0,0,0,0,FINAL (ENTRADA MANUAL)
113,76,1,4,1,,1,,,0,0,0,4,0,,0,,0,1,,0,,1,0,0,1,7,0,FINAL (ENTRADA MANUAL)
113,76,2,0,0,,0,,,0,0,0,0,0,,0,,0,0,,0,,0,0,0,0,0,0,FINAL (ENTRADA MANUAL)
113,76,3,3,1,,0,,,0,0,0,2,0,,0,,0,0,,0,,0,0,0,2,4,0,FINAL (ENTRADA MANUAL)
113,76,4,0,0,,0,,,0,0,0,0,0,,0,,0,0,,0,,1,0,0,0,1,0,FINAL (ENTRADA MANUAL)
113,77,1,6,2,,0,,,0,0,0,6,1,,0,,0,0,,0,,0,0,0,1,8,0,FINAL (ENTRADA MANUAL)
113,77,2,11,8,,0,,,0,0,0,11,8,,0,,0,0,,0,,0,0,0,0,19,0,FINAL (ENTRADA MANUAL)
113,77,3,0,1,,0,,,0,0,0,0,1,,0,,0,0,,0,,0,0,0,0,1,0,FINAL (ENTRADA MANUAL)
113,78,1,9,12,,0,,,0,0,0,7,10,,0,,0,1,,0,,0,0,0,3,21,0,FINAL (ENTRADA MANUAL)
113,78,2,0,0,,0,,,0,0,0,0,0,,0,,0,0,,0,,0,0,0,0,0,0,FINAL (ENTRADA MANUAL)
113,78,3,0,0,,0,,,0,0,0,0,0,,0,,0,0,,0,,0,0,0,0,0,0,FINAL (ENTRADA MANUAL)
113,78,4,0,0,,0,,,0,0,0,0,0,,0,,0,0,,0,,0,0,0,0,0,0,FINAL (ENTRADA MANUAL)
82,1,1,45,130,,19,8,,0,0,0,34,106,,14,3,1,1,,0,0,3,0,0,43,205,339,FINAL (ENTRADA MANUAL)
82,1,2,69,100,,17,13,,0,0,0,57,77,,13,10,2,0,,1,0,2,0,0,39,201,339,FINAL (ENTRADA MANUAL)
82,1,3,65,95,,17,6,,0,1,0,53,73,,13,4,1,0,,3,2,0,0,0,35,184,339,FINAL (ENTRADA MANUAL)
82,2,1,85,80,,22,10,,0,0,0,67,56,,17,6,0,3,,2,0,1,0,0,46,198,407,FINAL (ENTRADA MANUAL)
82,2,2,73,63,,20,12,,0,0,0,58,45,,17,9,0,1,,3,1,1,0,0,34,169,407,FINAL (ENTRADA MANUAL)
82,3,1,90,165,,33,11,,0,0,1,74,113,,27,8,2,3,,8,1,0,0,0,64,300,525,FINAL (ENTRADA MANUAL)
82,3,2,81,126,,19,7,,0,0,1,58,90,,17,5,2,5,,5,1,0,0,0,51,234,525,FINAL (ENTRADA MANUAL)
82,3,3,74,147,,44,11,,0,0,0,59,117,,41,7,1,1,,5,2,1,0,0,43,279,525,FINAL (ENTRADA MANUAL)
82,4,1,80,111,,18,12,,0,0,0,59,76,,16,8,0,1,,1,0,1,0,0,60,222,432,FINAL (ENTRADA MANUAL)
82,4,2,76,102,,12,9,,0,0,0,54,80,,10,8,0,0,,1,0,0,0,0,46,199,432,FINAL (ENTRADA MANUAL)
82,4,3,76,112,,17,5,,0,0,0,55,84,,12,5,2,0,,1,2,2,1,0,49,213,432,FINAL (ENTRADA MANUAL)
82,5,1,56,167,,41,6,,0,0,0,46,122,,35,3,3,5,,4,1,2,0,0,51,272,403,FINAL (ENTRADA MANUAL)
82,5,2,65,167,,36,12,,0,0,0,55,122,,33,12,3,2,,6,1,2,0,0,46,282,403,FINAL (ENTRADA MANUAL)
82,5,3,67,150,,40,9,,0,0,0,59,112,,34,7,1,2,,4,0,0,0,0,47,266,403,FINAL (ENTRADA MANUAL)
82,5,4,58,160,,35,9,,0,0,0,48,123,,33,8,5,3,,6,2,0,1,0,34,263,403,FINAL (ENTRADA MANUAL)
82,5,5,68,148,,45,16,,0,0,0,58,101,,41,14,2,2,,7,3,1,0,0,49,278,401,FINAL (ENTRADA MANUAL)
82,6,1,68,115,,30,14,,0,0,1,52,78,,27,13,0,0,,3,0,1,1,0,55,230,418,FINAL (ENTRADA MANUAL)
82,6,2,59,127,,22,4,,0,0,0,48,104,,17,1,0,0,,2,0,0,0,0,40,212,417,FINAL (ENTRADA MANUAL)
82,7,1,76,143,,36,12,,0,0,1,60,103,,29,11,0,4,,6,1,1,0,0,54,269,420,FINAL (ENTRADA MANUAL)
82,7,2,68,141,,35,15,,0,0,0,50,96,,31,11,2,0,,5,1,0,0,0,63,259,420,FINAL (ENTRADA MANUAL)
82,7,3,56,154,,33,8,,0,0,0,42,111,,29,6,5,4,,3,3,0,0,0,48,251,420,FINAL (ENTRADA MANUAL)
82,7,4,67,149,,38,16,,0,0,0,61,104,,31,14,0,2,,2,1,1,0,0,55,271,420,FINAL (ENTRADA MANUAL)
82,7,5,65,140,,33,19,,0,0,0,51,98,,25,15,2,3,,7,1,0,0,0,55,257,422,FINAL (ENTRADA MANUAL)
82,8,1,64,95,,20,9,,0,0,1,45,71,,19,9,1,2,,4,0,0,0,0,38,189,284,FINAL (ENTRADA MANUAL)
82,8,2,60,92,,17,17,,0,0,1,52,59,,13,14,2,1,,8,2,1,0,0,36,188,284,FINAL (ENTRADA MANUAL)
82,9,1,75,133,,15,5,,0,0,0,62,105,,13,4,0,1,,1,0,0,0,0,42,228,498,FINAL (ENTRADA MANUAL)
82,9,2,51,114,,13,11,,0,0,3,46,95,,8,10,2,2,,2,0,3,0,0,27,195,498,FINAL (ENTRADA MANUAL)
82,9,3,118,125,,22,8,,0,0,0,100,95,,19,6,4,0,,3,2,0,0,0,44,273,498,FINAL (ENTRADA MANUAL)
82,10,1,45,161,,45,11,,0,1,0,33,119,,41,8,2,1,,8,2,0,0,0,49,263,409,FINAL (ENTRADA MANUAL)
82,10,2,61,166,,43,15,,1,0,1,50,114,,36,10,4,7,,7,3,1,0,0,56,288,409,FINAL (ENTRADA MANUAL)
82,10,3,56,169,,31,12,,0,0,0,46,126,,27,8,1,5,,4,1,0,0,0,50,268,409,FINAL (ENTRADA MANUAL)
82,10,4,52,152,,56,10,,0,0,0,43,110,,50,7,3,6,,8,3,0,0,0,40,270,409,FINAL (ENTRADA MANUAL)
82,10,5,53,151,,28,19,,0,0,1,44,105,,23,16,2,4,,9,1,1,0,0,48,253,409,FINAL (ENTRADA MANUAL)
82,10,6,41,177,,36,4,,0,1,0,32,117,,32,3,2,3,,6,1,1,0,0,63,260,409,FINAL (ENTRADA MANUAL)
82,10,7,50,158,,37,16,,0,0,0,43,113,,34,14,0,2,,11,2,1,0,0,42,262,406,FINAL (ENTRADA MANUAL)
82,11,1,71,141,,36,8,,0,0,1,60,113,,32,7,0,0,,3,0,0,0,0,42,257,437,FINAL (ENTRADA MANUAL)
82,11,2,79,128,,24,20,,2,0,0,70,100,,22,19,1,0,,4,2,0,0,0,35,253,437,FINAL (ENTRADA MANUAL)
82,11,3,62,128,,41,11,,0,0,1,51,102,,36,9,2,1,,2,0,0,0,0,40,243,437,FINAL (ENTRADA MANUAL)
82,11,4,80,136,,25,9,,0,0,1,58,89,,23,7,3,1,,4,0,2,0,0,66,253,438,FINAL (ENTRADA MANUAL)
82,12,1,82,161,,31,13,,0,0,0,64,113,,26,13,0,4,,6,0,3,0,0,61,290,439,FINAL (ENTRADA MANUAL)
82,12,2,69,119,,35,12,,2,0,1,54,87,,31,10,1,2,,5,2,3,0,0,46,241,439,FINAL (ENTRADA MANUAL)
82,12,3,57,131,,28,19,,0,1,0,51,96,,24,14,1,2,,3,4,2,0,0,41,238,439,FINAL (ENTRADA MANUAL)
82,13,1,88,93,,12,6,,0,0,1,73,69,,11,5,0,2,,0,4,0,0,0,36,200,396,FINAL (ENTRADA MANUAL)
82,13,2,70,118,,12,9,,0,0,0,52,79,,11,8,1,1,,5,1,1,0,0,51,210,396,FINAL (ENTRADA MANUAL)
82,13,3,78,101,,15,5,,0,0,0,61,74,,13,3,1,0,,1,0,0,0,0,46,199,396,FINAL (ENTRADA MANUAL)
82,14,1,43,163,,49,8,,0,0,0,38,122,,45,8,1,3,,5,0,2,0,0,41,265,359,FINAL (ENTRADA MANUAL)
82,14,2,51,130,,44,11,,0,0,0,35,95,,41,7,0,3,,7,0,1,0,0,48,237,359,FINAL (ENTRADA MANUAL)
82,14,3,41,121,,32,14,,0,0,0,34,83,,30,13,2,3,,4,1,0,0,0,38,208,359,FINAL (ENTRADA MANUAL)
82,14,4,49,138,,42,16,,0,0,0,30,100,,36,13,2,2,,7,4,2,0,0,51,247,359,FINAL (ENTRADA MANUAL)
82,14,5,45,151,,32,11,,0,0,0,36,107,,30,10,1,0,,7,1,1,0,0,47,240,359,FINAL (ENTRADA MANUAL)
82,14,6,50,157,,37,12,,0,0,0,43,130,,35,9,2,1,,3,0,1,0,0,33,257,359,FINAL (ENTRADA MANUAL)
82,14,7,51,161,,35,17,,0,0,0,33,115,,27,13,2,2,,5,2,0,0,0,65,264,359,FINAL (ENTRADA MANUAL)
82,14,8,49,152,,49,5,,0,1,0,45,115,,44,4,0,4,,8,0,0,0,0,36,256,359,FINAL (ENTRADA MANUAL)
82,14,9,45,157,,39,19,,0,0,0,36,111,,37,17,1,2,,12,0,1,1,0,44,262,361,FINAL (ENTRADA MANUAL)
82,15,1,96,127,,39,10,,0,0,0,77,88,,34,7,2,3,,2,0,0,0,0,59,272,477,FINAL (ENTRADA MANUAL)
82,15,2,89,160,,27,12,,0,0,1,63,112,,23,8,2,4,,6,1,0,0,0,70,289,477,FINAL (ENTRADA MANUAL)
82,15,3,80,166,,41,6,,0,0,0,58,130,,34,5,0,2,,12,0,0,0,0,52,293,477,FINAL (ENTRADA MANUAL)
82,15,4,84,151,,43,3,,0,0,1,65,120,,40,3,0,2,,7,0,1,1,0,45,284,477,FINAL (ENTRADA MANUAL)
82,15,5,80,139,,25,11,,0,0,0,59,103,,19,9,0,2,,2,0,2,0,0,61,257,477,FINAL (ENTRADA MANUAL)
82,15,6,73,152,,35,15,,0,1,1,59,120,,25,14,0,2,,7,0,2,0,0,50,279,475,FINAL (ENTRADA MANUAL)
82,16,1,71,150,,18,4,,0,0,0,54,127,,15,2,1,3,,1,0,0,0,0,40,243,394,FINAL (ENTRADA MANUAL)
82,17,1,85,84,,16,9,,0,0,1,62,56,,13,6,0,1,,4,0,1,0,0,53,196,384,FINAL (ENTRADA MANUAL)
82,17,2,81,111,,27,7,,0,0,1,56,77,,22,5,0,0,,3,1,1,0,0,63,228,384,FINAL (ENTRADA MANUAL)
82,18,1,56,132,,25,6,,1,0,0,48,94,,20,5,4,0,,2,0,1,0,0,47,221,396,FINAL (ENTRADA MANUAL)
82,18,2,68,147,,30,9,,0,0,0,58,113,,24,9,1,4,,5,2,0,0,0,38,254,395,FINAL (ENTRADA MANUAL)
82,72,1,29,49,,3,1,,0,0,0,25,37,,3,0,1,1,,1,1,0,0,0,13,82,0,FINAL (ENTRADA MANUAL)
82,72,2,21,15,,0,1,,0,0,0,20,11,,1,0,0,0,,0,0,0,0,0,5,37,0,FINAL (ENTRADA MANUAL)
82,72,3,362,547,,51,27,,0,0,3,303,432,,45,22,24,9,,6,1,0,0,0,148,990,0,FINAL (ENTRADA MANUAL)
82,72,4,54,111,,3,2,,0,0,5,47,92,,0,3,6,3,,2,1,5,0,0,16,175,0,FINAL (ENTRADA MANUAL)
82,72,5,23,52,,0,2,,0,0,0,19,43,,0,2,2,1,,1,0,0,0,0,9,77,0,FINAL (ENTRADA MANUAL)
82,72,6,6,5,,0,1,,0,0,0,6,4,,0,1,0,1,,1,0,0,0,0,0,13,0,FINAL (ENTRADA MANUAL)
82,72,7,14,17,,0,1,,0,0,0,14,14,,0,1,0,1,,0,0,0,0,0,2,32,0,FINAL (ENTRADA MANUAL)
82,72,8,6,1,,0,0,,0,0,0,5,1,,0,0,0,0,,0,0,1,0,0,1,8,0,FINAL (ENTRADA MANUAL)
82,72,9,2,4,,3,2,,0,0,0,1,2,,3,1,0,0,,0,0,0,0,0,4,11,0,FINAL (ENTRADA MANUAL)
82,72,10,0,2,,0,0,,0,0,0,0,2,,0,0,0,0,,0,0,0,0,0,0,2,0,FINAL (ENTRADA MANUAL)
82,73,1,71,270,,8,0,,0,0,0,61,234,,0,6,0,1,,0,0,0,0,0,47,349,0,FINAL (ENTRADA MANUAL)
82,73,2,0,0,,0,0,,0,0,0,0,0,,0,0,0,0,,0,0,0,0,0,0,0,0,FINAL (ENTRADA MANUAL)
82,74,1,0,3,,2,0,,0,0,0,0,2,,2,0,0,0,,0,0,0,0,0,1,5,0,FINAL (ENTRADA MANUAL)
82,74,2,0,0,,0,0,,0,0,0,0,0,,0,0,0,0,,0,0,0,0,0,0,0,0,FINAL (ENTRADA MANUAL)
82,75,1,0,2,,0,1,,0,0,0,0,1,,1,0,0,0,,0,0,0,0,0,1,3,0,FINAL (ENTRADA MANUAL)
82,75,2,0,0,,0,0,,0,0,0,0,0,,0,0,0,0,,0,0,0,0,0,0,0,0,FINAL (ENTRADA MANUAL)
82,75,3,0,0,,0,0,,0,0,0,0,0,,0,0,0,0,,0,0,0,0,0,0,0,0,FINAL (ENTRADA MANUAL)
82,76,1,7,10,,0,0,,0,0,0,5,8,,0,0,0,0,,0,0,1,0,0,4,18,0,FINAL (ENTRADA MANUAL)
82,76,2,0,0,,0,0,,0,0,0,0,0,,0,0,0,0,,0,0,0,0,0,0,0,0,FINAL (ENTRADA MANUAL)
82,76,3,1,3,,0,0,,0,0,1,1,0,,0,0,0,0,,0,0,0,0,0,4,5,0,FINAL (ENTRADA MANUAL)
82,76,4,0,0,,0,0,,0,0,0,0,0,,0,0,0,0,,0,0,0,0,0,0,0,0,FINAL (ENTRADA MANUAL)
82,77,1,5,27,,17,1,,0,0,0,2,21,,0,16,2,0,,2,0,0,0,0,7,50,0,FINAL (ENTRADA MANUAL)
82,77,2,12,54,,36,0,,0,0,0,10,34,,35,0,0,1,,6,0,0,0,0,0,102,0,FINAL (ENTRADA MANUAL)
82,77,3,1,7,,11,0,,0,0,0,1,5,,9,0,0,0,,1,0,0,0,0,3,19,0,FINAL (ENTRADA MANUAL)
82,77,4,0,1,,0,0,,0,0,0,0,0,,0,0,0,0,,1,0,0,0,0,0,1,0,FINAL (ENTRADA MANUAL)
82,77,5,6,25,,4,1,,0,0,0,5,19,,4,1,1,0,,1,2,0,0,0,5,36,0,FINAL (ENTRADA MANUAL)
82,78,1,22,43,,9,1,,0,0,0,20,23,,9,1,0,0,,1,0,0,0,0,21,75,0,FINAL (ENTRADA MANUAL)
82,78,2,0,0,,0,0,,0,0,0,0,0,,0,0,0,0,,0,0,0,0,0,0,0,0,FINAL (ENTRADA MANUAL)
82,78,3,0,0,,0,0,,0,0,0,0,0,,0,0,0,0,,0,0,0,0,0,0,0,0,FINAL (ENTRADA MANUAL)
82,78,4,1,0,,0,0,,0,0,0,1,0,,0,0,0,0,,0,0,0,0,0,1,2,0,FINAL (ENTRADA MANUAL)
83,1,1,87,123,,41,12,,0,0,1,71,86,,34,9,1,1,,3,1,2,1,0,58,267,491,FINAL (ENTRADA MANUAL)
83,1,2,73,129,,33,10,,1,0,0,54,88,,24,3,0,0,,5,2,1,0,0,70,247,491,FINAL (ENTRADA MANUAL)
83,1,3,78,120,,31,17,,0,0,1,64,86,,29,10,1,2,,3,3,0,0,0,49,247,491,FINAL (ENTRADA MANUAL)
83,1,4,68,132,,36,11,,0,0,0,44,107,,23,8,1,3,,4,0,0,0,0,57,247,490,FINAL (ENTRADA MANUAL)
83,2,1,90,116,,14,9,,2,0,1,65,75,,13,6,0,0,,5,1,1,1,0,67,234,427,FINAL (ENTRADA MANUAL)
83,2,2,88,96,,24,8,,0,0,0,71,71,,21,7,0,1,,3,0,1,0,0,42,217,427,FINAL (ENTRADA MANUAL)
83,2,3,98,93,,21,16,,0,0,0,86,81,,19,12,1,1,,4,2,0,0,0,22,228,427,FINAL (ENTRADA MANUAL)
83,2,4,103,117,,15,16,,0,0,0,84,85,,14,15,0,0,,3,0,1,0,0,50,252,428,FINAL (ENTRADA MANUAL)
83,3,1,68,144,,33,11,,1,0,3,52,119,,28,9,0,1,,3,0,0,0,0,48,260,458,FINAL (ENTRADA MANUAL)
83,3,2,62,147,,33,7,,3,0,1,49,128,,27,5,1,4,,8,1,0,0,0,30,253,458,FINAL (ENTRADA MANUAL)
83,3,3,72,138,,32,9,,0,1,0,56,99,,28,5,0,2,,4,0,0,0,0,58,252,458,FINAL (ENTRADA MANUAL)
83,3,4,61,155,,30,8,,0,2,1,46,109,,26,7,0,2,,6,1,1,0,0,60,258,459,FINAL (ENTRADA MANUAL)
83,4,1,102,127,,22,19,,0,0,1,95,108,,18,17,2,1,,1,2,0,0,0,27,271,504,FINAL (ENTRADA MANUAL)
83,4,2,95,117,,16,7,,0,0,0,78,88,,13,6,3,1,,0,1,4,0,0,45,239,503,FINAL (ENTRADA MANUAL)
83,5,1,71,153,,31,13,,0,0,0,57,119,,26,11,4,0,,2,2,0,0,0,47,268,434,FINAL (ENTRADA MANUAL)
83,5,2,69,120,,26,14,,0,0,0,54,77,,22,11,4,4,,3,0,0,0,0,54,229,434,FINAL (ENTRADA MANUAL)
83,5,3,81,111,,28,8,,0,0,0,58,84,,23,6,1,1,,3,0,3,0,0,52,231,434,FINAL (ENTRADA MANUAL)
83,5,4,81,103,,23,12,,0,2,1,69,72,,21,9,2,0,,0,1,1,0,0,48,223,434,FINAL (ENTRADA MANUAL)
83,5,5,76,122,,30,10,,0,0,0,48,83,,23,8,0,2,,3,1,1,0,0,70,239,434,FINAL (ENTRADA MANUAL)
83,5,6,87,118,,28,9,,0,0,0,67,73,,24,6,1,4,,2,1,3,0,0,64,245,434,FINAL (ENTRADA MANUAL)
83,5,7,65,109,,32,7,,0,0,0,43,76,,26,4,2,2,,1,0,1,0,0,59,214,434,FINAL (ENTRADA MANUAL)
83,5,8,79,137,,35,9,,0,1,0,66,96,,26,8,1,1,,6,1,0,0,0,56,261,435,FINAL (ENTRADA MANUAL)
83,6,1,82,169,,33,9,,0,0,1,66,111,,24,7,0,3,,3,1,0,0,0,79,294,467,FINAL (ENTRADA MANUAL)
83,6,2,100,145,,28,8,,0,0,0,75,109,,21,5,4,0,,3,0,1,0,0,64,282,467,FINAL (ENTRADA MANUAL)
83,6,3,78,167,,26,12,,0,0,0,63,125,,24,11,0,2,,6,0,0,0,0,52,283,467,FINAL (ENTRADA MANUAL)
83,6,4,68,169,,32,14,,1,1,3,50,135,,27,12,0,4,,3,0,1,0,0,57,289,467,FINAL (ENTRADA MANUAL)
83,6,5,87,157,,34,9,,0,0,1,63,97,,31,5,4,1,,5,1,1,0,0,81,289,469,FINAL (ENTRADA MANUAL)
83,7,1,45,96,,28,6,,0,0,0,34,64,,23,4,0,1,,5,1,1,0,0,43,176,270,FINAL (ENTRADA MANUAL)
83,7,2,45,102,,23,9,,0,0,0,37,68,,21,4,1,3,,9,1,0,0,0,35,179,270,FINAL (ENTRADA MANUAL)
83,8,1,97,55,,11,5,,0,0,0,80,43,,9,4,0,1,,0,0,1,0,0,31,169,352,FINAL (ENTRADA MANUAL)
83,8,2,89,65,,14,3,,0,0,1,65,35,,10,1,4,0,,2,0,2,0,0,55,174,353,FINAL (ENTRADA MANUAL)
83,9,1,75,126,,22,13,,0,0,0,57,87,,17,11,1,7,,6,1,1,0,0,49,237,450,FINAL (ENTRADA MANUAL)
83,9,2,67,145,,36,11,,0,0,3,52,106,,23,5,2,4,,2,1,0,0,0,67,262,450,FINAL (ENTRADA MANUAL)
83,9,3,73,126,,31,5,,0,1,1,60,88,,29,4,0,3,,4,1,1,0,0,48,238,450,FINAL (ENTRADA MANUAL)
83,9,4,77,143,,21,14,,0,0,0,67,99,,17,12,0,0,,5,1,0,0,0,54,255,448,FINAL (ENTRADA MANUAL)
83,10,1,75,111,,24,5,,0,1,1,63,75,,22,4,2,2,,2,0,1,0,0,47,218,472,FINAL (ENTRADA MANUAL)
83,10,2,83,101,,29,8,,0,0,0,60,70,,16,4,1,2,,2,1,0,0,0,65,221,472,FINAL (ENTRADA MANUAL)
83,10,3,83,118,,21,7,,0,1,0,61,73,,18,5,1,2,,9,0,1,0,0,61,231,472,FINAL (ENTRADA MANUAL)
83,10,4,78,105,,27,8,,0,0,3,58,66,,19,6,2,3,,3,3,0,0,0,61,221,472,FINAL (ENTRADA MANUAL)
83,10,5,86,90,,27,8,,0,1,0,69,71,,20,7,2,3,,1,0,1,0,0,39,213,472,FINAL (ENTRADA MANUAL)
83,10,6,87,89,,28,6,,0,0,1,69,61,,23,4,2,2,,2,0,2,0,0,48,213,473,FINAL (ENTRADA MANUAL)
83,11,1,153,92,,20,0,,0,0,0,137,68,,16,0,5,0,,0,1,2,0,0,38,267,431,FINAL (ENTRADA MANUAL)
83,11,2,140,105,,18,8,,0,0,0,122,76,,16,5,7,2,,2,2,2,0,0,39,273,431,FINAL (ENTRADA MANUAL)
83,12,1,153,79,,19,8,,0,0,0,131,63,,17,6,1,0,,1,1,1,0,0,39,260,423,FINAL (ENTRADA MANUAL)
83,13,1,76,96,,31,12,,0,1,0,66,74,,28,10,0,2,,2,0,4,0,0,34,220,388,FINAL (ENTRADA MANUAL)
83,13,2,83,110,,32,13,,0,0,0,64,84,,27,11,0,1,,0,1,1,0,0,50,239,388,FINAL (ENTRADA MANUAL)
83,13,3,86,93,,36,8,,0,0,0,64,66,,34,7,0,3,,2,0,0,0,0,47,223,388,FINAL (ENTRADA MANUAL)
83,13,4,94,83,,31,4,,0,2,1,78,57,,24,1,2,2,,3,1,5,1,1,47,222,386,FINAL (ENTRADA MANUAL)
83,14,1,62,139,,32,8,,0,0,1,46,92,,27,5,0,2,,5,3,1,0,0,62,243,516,FINAL (ENTRADA MANUAL)
83,14,2,79,122,,17,11,,0,0,0,60,87,,13,8,1,1,,2,1,2,0,0,56,231,516,FINAL (ENTRADA MANUAL)
83,14,3,85,116,,29,6,,0,0,3,66,75,,25,5,1,3,,2,0,2,0,0,62,241,516,FINAL (ENTRADA MANUAL)
83,14,4,84,124,,28,1,,0,0,0,61,69,,19,0,3,3,,5,0,4,0,0,77,241,516,FINAL (ENTRADA MANUAL)
83,14,5,53,106,,34,16,,0,0,0,38,65,,28,15,3,1,,1,3,2,0,0,55,211,516,FINAL (ENTRADA MANUAL)
83,14,6,68,131,,25,9,,0,0,1,42,85,,22,9,3,1,,3,1,2,0,0,68,236,519,FINAL (ENTRADA MANUAL)
83,15,1,79,169,,24,14,,0,0,0,59,129,,18,12,2,5,,1,2,1,0,0,58,287,440,FINAL (ENTRADA MANUAL)
83,15,2,99,127,,27,18,,0,0,1,72,97,,21,14,4,0,,3,1,0,0,0,60,272,440,FINAL (ENTRADA MANUAL)
83,15,3,85,113,,26,8,,1,0,0,68,82,,22,5,1,2,,1,0,2,0,0,52,235,439,FINAL (ENTRADA MANUAL)
83,16,1,78,152,,21,8,,0,0,0,60,108,,18,3,1,1,,0,4,2,0,0,64,261,435,FINAL (ENTRADA MANUAL)
83,16,2,78,112,,34,7,,1,0,1,54,77,,26,6,4,0,,5,0,1,0,0,61,234,435,FINAL (ENTRADA MANUAL)
83,16,3,83,133,,20,7,,0,0,0,64,91,,15,5,1,1,,7,1,0,0,0,58,243,435,FINAL (ENTRADA MANUAL)
83,16,4,74,122,,33,12,,0,0,0,56,82,,30,9,2,0,,6,1,0,0,0,55,241,435,FINAL (ENTRADA MANUAL)
83,16,5,61,133,,23,6,,0,0,0,49,97,,23,3,0,4,,5,0,0,0,0,42,223,435,FINAL (ENTRADA MANUAL)
83,16,6,68,109,,27,13,,0,0,0,59,80,,21,9,1,4,,5,0,0,0,0,38,217,435,FINAL (ENTRADA MANUAL)
83,16,7,61,127,,27,4,,1,0,0,50,100,,21,3,1,2,,3,1,0,0,0,39,220,437,FINAL (ENTRADA MANUAL)
83,17,1,54,87,,34,8,,0,0,1,47,66,,33,7,1,1,,2,0,2,0,0,27,186,359,FINAL (ENTRADA MANUAL)
83,17,2,56,104,,26,15,,0,0,0,51,73,,23,14,2,2,,2,0,0,0,0,34,201,359,FINAL (ENTRADA MANUAL)
83,17,3,66,92,,24,6,,0,0,1,47,56,,18,4,1,2,,8,0,3,0,0,53,192,358,FINAL (ENTRADA MANUAL)
83,18,1,113,107,,17,7,,0,0,0,91,75,,12,6,4,3,,0,3,2,0,0,50,246,374,FINAL (ENTRADA MANUAL)
83,19,1,91,148,,40,13,,0,0,1,75,94,,31,7,1,4,,10,0,0,0,0,71,293,477,FINAL (ENTRADA MANUAL)
83,19,2,80,146,,32,13,,0,0,0,66,100,,29,11,4,3,,6,1,2,0,0,51,273,477,FINAL (ENTRADA MANUAL)
83,19,3,75,157,,46,10,,1,0,0,60,107,,38,6,1,1,,2,3,1,0,0,71,290,477,FINAL (ENTRADA MANUAL)
83,19,4,78,133,,32,14,,0,0,1,51,78,,27,13,2,3,,12,0,0,0,0,72,258,477,FINAL (ENTRADA MANUAL)
83,19,5,69,129,,43,16,,0,0,1,60,90,,38,14,4,2,,8,2,2,0,0,40,260,477,FINAL (ENTRADA MANUAL)
83,20,1,103,118,,34,20,,0,0,0,78,84,,29,16,3,0,,5,0,0,0,0,60,275,505,FINAL (ENTRADA MANUAL)
83,20,2,104,143,,30,16,,0,0,0,75,103,,26,15,1,3,,3,2,2,0,0,65,295,505,FINAL (ENTRADA MANUAL)
83,20,3,96,151,,42,9,,0,0,0,80,111,,39,8,1,1,,3,0,1,0,0,55,299,505,FINAL (ENTRADA MANUAL)
83,20,4,102,154,,36,16,,0,0,2,71,114,,27,14,0,1,,5,1,1,0,1,77,312,505,FINAL (ENTRADA MANUAL)
83,20,5,71,142,,44,15,,0,0,1,56,97,,36,13,4,4,,3,1,1,0,0,59,274,505,FINAL (ENTRADA MANUAL)
83,20,6,93,139,,40,11,,0,0,0,69,92,,31,7,1,2,,2,0,2,0,0,79,285,507,FINAL (ENTRADA MANUAL)
83,21,1,82,115,,26,25,,0,0,0,67,90,,24,21,2,3,,3,1,0,0,0,37,248,466,FINAL (ENTRADA MANUAL)
83,21,2,76,122,,34,10,,0,0,0,57,92,,29,5,0,2,,0,1,0,0,0,56,242,466,FINAL (ENTRADA MANUAL)
83,21,3,73,131,,33,19,,0,0,0,57,87,,28,18,3,2,,6,0,1,0,0,55,257,466,FINAL (ENTRADA MANUAL)
83,21,4,85,139,,26,13,,0,0,0,69,94,,18,9,2,0,,3,3,4,0,0,65,267,466,FINAL (ENTRADA MANUAL)
83,21,5,77,134,,29,8,,0,0,0,56,93,,27,8,0,3,,2,0,1,0,0,59,249,467,FINAL (ENTRADA MANUAL)
83,22,1,87,91,,28,9,,0,0,1,73,63,,24,8,1,3,,2,0,4,0,0,42,220,417,FINAL (ENTRADA MANUAL)
83,22,2,93,97,,29,6,,1,0,0,70,70,,25,4,0,1,,2,2,0,0,0,52,226,417,FINAL (ENTRADA MANUAL)
83,22,3,84,91,,28,10,,0,0,0,59,60,,23,7,0,4,,3,1,1,1,1,56,216,416,FINAL (ENTRADA MANUAL)
83,23,1,90,127,,29,9,,0,0,1,59,72,,22,7,1,2,,6,2,1,0,0,85,257,482,FINAL (ENTRADA MANUAL)
83,23,2,84,117,,38,11,,1,0,2,66,67,,36,10,0,1,,5,0,0,0,0,68,253,482,FINAL (ENTRADA MANUAL)
83,23,3,94,110,,24,16,,1,0,0,74,72,,20,14,1,6,,1,1,2,0,0,56,247,483,FINAL (ENTRADA MANUAL)
83,24,1,93,140,,33,13,,1,1,0,80,95,,23,9,2,1,,4,2,3,0,0,65,284,518,FINAL (ENTRADA MANUAL)
83,24,2,98,142,,20,19,,0,0,1,85,104,,16,16,4,0,,4,2,2,0,0,49,282,518,FINAL (ENTRADA MANUAL)
83,24,3,105,143,,24,16,,0,0,1,88,100,,18,15,0,3,,3,1,0,0,0,61,289,518,FINAL (ENTRADA MANUAL)
83,24,4,82,150,,26,9,,1,0,0,70,121,,25,6,4,2,,3,2,0,1,0,35,269,517,FINAL (ENTRADA MANUAL)
83,25,1,77,121,,33,8,,0,0,0,56,89,,31,6,1,0,,2,1,0,0,0,53,239,428,FINAL (ENTRADA MANUAL)
83,25,2,79,123,,32,8,,0,0,0,67,85,,28,6,1,4,,5,0,0,0,0,46,242,428,FINAL (ENTRADA MANUAL)
83,25,3,69,126,,29,10,,1,0,0,56,98,,23,9,2,2,,4,0,5,0,0,41,240,428,FINAL (ENTRADA MANUAL)
83,25,4,87,132,,38,9,,2,0,0,75,101,,34,8,3,3,,7,2,1,0,0,35,269,428,FINAL (ENTRADA MANUAL)
83,25,5,65,123,,44,15,,0,0,0,53,95,,39,14,0,3,,3,2,0,0,0,38,247,426,FINAL (ENTRADA MANUAL)
83,26,1,81,128,,27,6,,0,0,0,66,98,,24,6,0,3,,4,0,1,0,0,41,243,432,FINAL (ENTRADA MANUAL)
83,26,2,90,132,,38,10,,0,0,0,66,93,,27,6,3,1,,3,2,1,0,0,69,271,432,FINAL (ENTRADA MANUAL)
83,26,3,89,128,,34,14,,0,0,0,68,92,,27,12,2,3,,5,3,1,0,0,53,266,432,FINAL (ENTRADA MANUAL)
83,26,4,98,116,,22,7,,0,1,0,88,96,,18,7,2,3,,2,0,1,0,0,28,245,432,FINAL (ENTRADA MANUAL)
83,26,5,76,141,,30,5,,0,0,1,52,112,,29,4,1,4,,0,0,1,0,0,51,254,434,FINAL (ENTRADA MANUAL)
83,27,1,70,148,,25,5,,0,0,0,50,94,,20,4,3,0,,6,0,3,0,0,71,251,416,FINAL (ENTRADA MANUAL)
83,27,2,56,138,,26,7,,0,0,1,41,93,,22,5,1,0,,6,0,1,0,0,60,229,416,FINAL (ENTRADA MANUAL)
83,72,1,111,168,,7,5,,0,0,0,95,139,,4,3,2,1,,0,0,0,0,0,47,291,0,FINAL (ENTRADA MANUAL)
83,72,2,28,33,,0,0,,0,0,0,27,29,,0,0,1,1,,1,0,2,0,0,2,63,0,FINAL (ENTRADA MANUAL)
83,72,3,440,554,,30,15,,0,2,2,356,451,,25,10,25,16,,5,0,0,0,0,155,1043,0,FINAL (ENTRADA MANUAL)
83,72,4,200,318,,19,8,,0,0,0,163,255,,15,6,8,8,,2,0,12,0,0,88,557,0,FINAL (ENTRADA MANUAL)
83,72,5,29,25,,1,1,,0,0,0,28,21,,0,1,0,1,,0,0,1,0,0,4,57,0,FINAL (ENTRADA MANUAL)
83,72,6,13,19,,0,0,,0,0,0,13,16,,0,0,0,1,,0,0,0,0,0,2,36,0,FINAL (ENTRADA MANUAL)
83,72,7,126,108,,10,3,,0,0,0,104,90,,8,3,3,1,,1,0,0,0,0,37,247,0,FINAL (ENTRADA MANUAL)
83,72,8,4,4,,0,0,,0,0,0,3,2,,0,0,1,0,,0,0,1,0,0,2,9,0,FINAL (ENTRADA MANUAL)
83,72,9,20,20,,1,1,,0,0,0,16,13,,0,0,2,0,,1,0,0,0,0,11,42,0,FINAL (ENTRADA MANUAL)
83,73,1,210,323,,14,3,,0,0,0,191,285,,0,9,3,3,,2,0,0,0,0,54,550,0,FINAL (ENTRADA MANUAL)
83,73,2,0,0,,0,0,,0,0,0,0,0,,0,0,0,0,,0,0,0,0,0,0,0,0,FINAL (ENTRADA MANUAL)
83,73,3,0,0,,0,0,,0,0,0,0,0,,0,0,0,0,,0,0,0,0,0,0,0,0,FINAL (ENTRADA MANUAL)
83,73,4,41,45,,2,1,,0,0,0,37,37,,1,1,0,1,,0,0,9,0,2,12,100,0,FINAL (ENTRADA MANUAL)
83,74,1,2,4,,5,1,,0,0,0,2,3,,5,1,0,0,,0,0,0,0,0,1,12,0,FINAL (ENTRADA MANUAL)
83,74,2,0,0,,0,0,,0,0,0,0,0,,0,0,0,0,,0,0,0,0,0,0,0,0,FINAL (ENTRADA MANUAL)
83,75,1,3,6,,0,1,,0,0,0,3,2,,0,1,0,0,,1,0,0,0,0,3,10,0,FINAL (ENTRADA MANUAL)
83,75,2,0,0,,0,0,,1,0,0,0,0,,0,0,0,0,,0,0,0,0,0,1,1,0,FINAL (ENTRADA MANUAL)
83,76,1,24,24,,1,1,,0,0,0,19,14,,0,0,0,0,,0,0,4,0,0,17,54,0,FINAL (ENTRADA MANUAL)
83,76,2,0,0,,0,0,,0,0,0,0,0,,0,0,0,0,,0,0,0,0,0,0,0,0,FINAL (ENTRADA MANUAL)
83,76,3,2,5,,0,0,,0,0,1,2,3,,0,0,0,0,,0,0,0,0,0,3,8,0,FINAL (ENTRADA MANUAL)
83,76,4,0,1,,0,0,,0,0,0,0,1,,0,0,0,0,,0,0,0,0,0,0,1,0,FINAL (ENTRADA MANUAL)
83,77,1,0,0,,0,0,,0,0,0,0,0,,0,0,0,0,,0,0,0,0,0,0,0,0,FINAL (ENTRADA MANUAL)
83,77,2,28,61,,44,2,,1,0,1,20,41,,38,2,2,2,,5,0,1,0,0,27,138,0,FINAL (ENTRADA MANUAL)
83,77,3,0,1,,0,0,,0,0,0,0,0,,0,0,0,0,,0,0,0,0,0,1,1,0,FINAL (ENTRADA MANUAL)
83,77,4,17,16,,5,3,,0,0,1,12,11,,5,3,1,2,,0,0,1,0,0,7,42,0,FINAL (ENTRADA MANUAL)
83,78,1,97,135,,17,6,,0,0,1,68,103,,13,3,2,1,,0,0,0,0,0,66,256,0,FINAL (ENTRADA MANUAL)
83,78,2,0,0,,0,0,,0,0,0,0,0,,0,0,0,0,,0,0,0,0,0,0,0,0,FINAL (ENTRADA MANUAL)
83,78,3,0,0,,0,0,,0,0,0,0,0,,0,0,0,0,,0,0,0,0,0,0,0,0,FINAL (ENTRADA MANUAL)
83,78,4,2,1,,0,1,,0,0,0,1,1,,0,1,0,0,,0,0,0,0,0,1,4,0,FINAL (ENTRADA MANUAL)
84,1,1,215,30,,9,,,0,0,7,114,24,0,3,4,10,9,1,2,0,1,0,0,94,262,525,FINAL (ENTRADA MANUAL)
84,1,2,196,27,,5,,,0,0,1,145,20,0,5,0,2,1,0,1,0,0,0,0,55,229,525,FINAL (ENTRADA MANUAL)
84,1,3,209,25,,10,,,0,0,5,119,20,0,4,3,7,4,0,7,0,1,0,0,85,250,526,FINAL (ENTRADA MANUAL)
84,2,1,164,45,,20,,,0,0,6,131,30,0,10,6,4,3,0,7,1,0,0,0,43,235,532,FINAL (ENTRADA MANUAL)
84,2,2,216,26,,12,,,0,2,2,147,19,0,7,2,12,5,1,7,3,2,0,0,55,260,533,FINAL (ENTRADA MANUAL)
84,3,1,134,15,,9,,,0,0,1,105,14,0,6,0,1,1,0,5,0,4,0,0,27,163,411,FINAL (ENTRADA MANUAL)
84,3,2,136,13,,6,,,0,0,2,98,13,1,3,1,0,4,0,3,1,0,0,0,33,157,411,FINAL (ENTRADA MANUAL)
84,4,1,200,27,,25,,,0,2,6,121,24,0,13,5,3,2,0,6,1,3,0,0,85,263,499,FINAL (ENTRADA MANUAL)
84,4,2,206,26,,18,,,1,0,6,126,17,0,12,4,5,3,1,7,1,1,0,0,81,258,499,FINAL (ENTRADA MANUAL)
84,4,3,201,32,,21,,,1,1,5,142,25,2,15,3,2,4,0,15,0,0,0,0,53,261,499,FINAL (ENTRADA MANUAL)
84,4,4,208,16,,22,,,1,0,1,144,14,0,16,1,8,0,0,9,1,0,0,0,55,248,500,FINAL (ENTRADA MANUAL)
84,5,1,202,21,,3,,,0,0,1,137,19,0,1,0,1,3,0,1,0,1,0,0,65,228,516,FINAL (ENTRADA MANUAL)
84,5,2,173,19,,17,,,0,0,3,107,16,0,12,3,7,4,0,6,2,1,0,0,55,213,516,FINAL (ENTRADA MANUAL)
84,5,3,178,28,,17,,,1,0,2,112,17,0,11,2,3,2,0,6,1,0,0,0,72,226,516,FINAL (ENTRADA MANUAL)
84,5,4,177,26,,9,,,0,3,3,116,20,0,7,0,0,4,0,4,0,0,0,0,67,218,514,FINAL (ENTRADA MANUAL)
84,6,1,203,35,,39,,,0,0,1,128,26,0,22,1,1,6,2,7,2,0,0,0,83,278,426,FINAL (ENTRADA MANUAL)
84,6,2,180,37,,39,,,1,0,3,99,30,1,21,1,4,3,1,17,3,0,0,0,80,260,426,FINAL (ENTRADA MANUAL)
84,6,3,167,34,,21,,,0,0,5,88,30,0,15,2,6,5,0,10,3,1,0,0,68,228,426,FINAL (ENTRADA MANUAL)
84,6,4,167,35,,30,,,1,0,4,106,32,1,19,3,3,5,1,4,4,3,0,0,59,240,426,FINAL (ENTRADA MANUAL)
84,6,5,184,34,,36,,,0,0,6,129,28,2,16,4,4,2,1,15,1,0,0,0,58,260,426,FINAL (ENTRADA MANUAL)
84,6,6,179,35,,38,,,0,0,10,98,22,3,21,3,5,4,1,21,1,0,0,0,83,262,426,FINAL (ENTRADA MANUAL)
84,6,7,176,33,,37,,,2,0,5,101,24,0,19,3,7,2,1,18,3,0,0,0,75,253,426,FINAL (ENTRADA MANUAL)
84,6,8,190,32,,28,,,1,0,3,116,23,0,13,2,3,6,0,6,1,1,0,0,84,255,426,FINAL (ENTRADA MANUAL)
84,6,9,185,34,,41,,,0,0,4,113,29,0,24,2,2,7,2,14,0,1,0,0,71,265,426,FINAL (ENTRADA MANUAL)
84,6,10,190,44,,31,,,0,0,4,124,33,0,17,3,3,4,0,16,1,1,0,0,68,270,428,FINAL (ENTRADA MANUAL)
84,7,1,209,39,,12,,,0,0,3,132,28,0,5,2,3,5,1,8,0,1,0,0,79,264,546,FINAL (ENTRADA MANUAL)
84,7,2,178,46,,9,,,0,1,7,104,33,2,2,1,1,5,0,4,0,1,0,0,89,242,546,FINAL (ENTRADA MANUAL)
84,7,3,207,36,,13,,,0,0,3,122,24,0,6,2,6,7,1,13,0,0,0,0,78,259,546,FINAL (ENTRADA MANUAL)
84,7,4,218,31,,24,,,0,0,4,128,24,0,16,3,6,2,1,6,3,2,0,0,88,279,546,FINAL (ENTRADA MANUAL)
84,7,5,226,37,,11,,,1,0,2,159,33,0,7,2,6,3,0,1,1,2,0,0,65,279,546,FINAL (ENTRADA MANUAL)
84,7,6,220,29,,23,,,1,0,2,128,21,0,15,1,8,3,1,7,1,1,0,0,90,276,546,FINAL (ENTRADA MANUAL)
84,7,7,216,38,,13,,,0,0,6,137,25,1,8,3,5,5,1,5,1,0,0,0,82,273,545,FINAL (ENTRADA MANUAL)
84,8,1,192,48,,41,,,1,1,2,120,35,0,18,0,3,6,2,20,1,0,0,0,80,285,457,FINAL (ENTRADA MANUAL)
84,8,2,170,31,,37,,,0,0,5,102,24,2,17,2,1,3,1,17,2,1,0,0,72,244,457,FINAL (ENTRADA MANUAL)
84,8,3,173,32,,39,,,1,0,4,97,22,0,21,3,5,10,2,13,1,1,0,0,75,250,457,FINAL (ENTRADA MANUAL)
84,8,4,193,49,,48,,,0,0,4,120,36,0,20,4,4,7,0,24,0,0,0,0,79,294,457,FINAL (ENTRADA MANUAL)
84,8,5,196,42,,44,,,0,0,6,116,31,1,25,3,1,3,2,13,2,1,0,0,91,289,457,FINAL (ENTRADA MANUAL)
84,8,6,174,33,,54,,,0,1,6,97,25,2,32,2,5,2,3,20,2,1,0,0,78,269,457,FINAL (ENTRADA MANUAL)
84,8,7,184,34,,42,,,0,0,5,113,22,0,23,3,5,2,0,17,0,0,0,0,80,265,454,FINAL (ENTRADA MANUAL)
84,9,1,211,38,,21,,,0,0,11,130,29,0,10,9,3,8,1,8,0,2,0,0,83,283,477,FINAL (ENTRADA MANUAL)
84,9,2,207,28,,20,,,0,0,4,133,19,0,9,3,6,5,1,9,1,0,0,0,73,259,477,FINAL (ENTRADA MANUAL)
84,9,3,184,36,,17,,,0,0,6,127,32,1,12,3,2,5,0,11,0,2,0,0,50,245,477,FINAL (ENTRADA MANUAL)
84,9,4,198,31,,22,,,0,0,3,127,19,0,6,1,3,4,0,16,0,0,0,0,78,254,477,FINAL (ENTRADA MANUAL)
84,9,5,196,31,,19,,,0,0,4,119,20,0,12,3,5,6,1,6,0,2,0,0,78,252,477,FINAL (ENTRADA MANUAL)
84,9,6,200,28,,22,,,0,0,3,128,21,1,13,1,3,6,0,5,0,4,0,0,75,257,477,FINAL (ENTRADA MANUAL)
84,9,7,202,28,,27,,,0,0,4,124,21,0,18,3,5,4,0,11,0,0,0,0,75,261,475,FINAL (ENTRADA MANUAL)
84,72,1,283,44,,2,,,0,0,2,223,39,0,0,0,11,2,0,2,2,0,0,0,52,331,0,FINAL (ENTRADA MANUAL)
84,72,2,45,4,,2,,,0,0,0,36,3,0,2,0,0,3,0,1,0,0,0,0,6,51,0,FINAL (ENTRADA MANUAL)
84,72,3,1534,176,,23,,,0,0,5,1186,153,0,9,0,65,31,2,10,2,1,1,0,280,1739,0,FINAL (ENTRADA MANUAL)
84,72,4,281,66,,6,,,0,0,4,198,57,0,2,3,17,9,1,0,2,6,2,0,69,366,0,FINAL (ENTRADA MANUAL)
84,72,5,82,7,,0,,,0,0,0,64,7,0,0,0,4,1,0,0,0,0,0,0,13,89,0,FINAL (ENTRADA MANUAL)
84,72,6,13,1,,0,,,0,0,0,9,0,0,0,0,0,1,0,0,0,0,0,0,4,14,0,FINAL (ENTRADA MANUAL)
84,72,7,18,0,,0,,,0,1,0,14,0,0,0,0,1,1,0,0,0,0,0,0,3,19,0,FINAL (ENTRADA MANUAL)
84,72,8,9,1,,0,,,0,0,0,6,0,0,0,0,0,2,0,0,0,0,0,0,2,10,0,FINAL (ENTRADA MANUAL)
84,72,9,21,2,,0,,,0,0,0,18,2,0,0,0,0,1,0,0,0,0,0,0,2,23,0,FINAL (ENTRADA MANUAL)
84,72,10,9,2,,0,,,0,0,0,6,2,0,0,0,0,1,0,0,0,0,0,0,2,11,0,FINAL (ENTRADA MANUAL)
84,72,11,105,6,,1,,,0,0,2,82,4,2,1,0,4,0,0,0,0,0,0,0,21,114,0,FINAL (ENTRADA MANUAL)
84,72,12,1,0,,0,,,0,0,0,1,0,0,0,0,0,0,0,0,0,0,0,0,0,1,0,FINAL (ENTRADA MANUAL)
84,73,1,147,99,,7,,,0,0,2,99,74,0,2,1,1,8,0,3,0,0,0,0,67,255,0,FINAL (ENTRADA MANUAL)
84,73,2,0,0,,0,,,0,0,0,0,0,0,0,0,0,0,0,0,0,0,0,0,0,0,0,FINAL (ENTRADA MANUAL)
84,73,3,51,37,,3,,,0,0,3,44,32,1,3,1,0,0,0,0,0,1,1,0,13,96,0,FINAL (ENTRADA MANUAL)
84,74,1,3,4,,0,,,0,0,0,2,4,0,0,0,0,0,0,0,0,0,0,0,1,7,0,FINAL (ENTRADA MANUAL)
84,74,2,0,0,,0,,,0,0,0,0,0,0,0,0,0,0,0,0,0,0,0,0,0,0,0,FINAL (ENTRADA MANUAL)
84,75,1,3,1,,0,,,0,0,0,1,0,0,0,0,0,0,0,1,0,0,0,0,2,4,0,FINAL (ENTRADA MANUAL)
84,75,2,1,0,,0,,,0,0,0,1,0,0,0,0,0,0,0,0,0,0,0,0,0,1,0,FINAL (ENTRADA MANUAL)
84,76,1,15,1,,1,,,0,0,1,10,1,1,1,0,0,0,0,0,0,0,0,0,5,18,0,FINAL (ENTRADA MANUAL)
84,76,2,0,0,,0,,,0,0,0,0,0,0,0,0,0,0,0,0,0,0,0,0,0,0,0,FINAL (ENTRADA MANUAL)
84,76,3,6,0,,0,,,0,0,1,5,0,1,0,0,0,0,0,0,0,0,0,0,1,7,0,FINAL (ENTRADA MANUAL)
84,76,5,2,0,,0,,,0,0,0,1,0,0,0,0,0,0,0,0,0,0,0,0,1,2,0,FINAL (ENTRADA MANUAL)
84,77,1,10,3,,5,,,0,0,0,9,3,0,2,0,0,0,1,1,0,0,0,0,2,18,0,FINAL (ENTRADA MANUAL)
84,77,2,64,10,,36,,,0,0,0,32,5,0,14,0,3,2,0,23,0,1,0,0,31,111,0,FINAL (ENTRADA MANUAL)
84,77,3,5,1,,0,,,0,0,0,1,1,0,0,0,0,1,0,0,0,0,0,0,5,8,0,FINAL (ENTRADA MANUAL)
84,78,1,68,9,,4,,,0,0,1,45,7,0,2,1,0,0,0,3,0,0,0,0,24,82,0,FINAL (ENTRADA MANUAL)
84,78,2,0,0,,0,,,0,0,0,0,0,0,0,0,0,0,0,0,0,0,0,0,0,0,0,FINAL (ENTRADA MANUAL)
84,78,3,0,0,,0,,,0,0,0,0,0,0,0,0,0,0,0,0,0,0,0,0,0,0,0,FINAL (ENTRADA MANUAL)
84,78,4,3,0,,1,,,0,0,0,3,0,0,1,0,0,0,0,0,0,0,0,0,0,4,0,FINAL (ENTRADA MANUAL)
86,1,1,132,114,13,17,,,0,0,0,102,88,11,14,,2,1,2,2,,3,0,0,54,279,452,FINAL (ENTRADA MANUAL)
86,1,2,135,109,16,13,,,1,0,0,109,84,10,11,,8,7,3,1,,0,0,0,41,274,452,FINAL (ENTRADA MANUAL)
86,1,3,128,95,12,20,,,2,0,0,97,75,8,17,,3,8,1,3,,2,0,0,45,259,452,FINAL (ENTRADA MANUAL)
86,1,4,136,93,16,14,,,0,0,2,101,70,10,13,,6,4,1,2,,1,0,0,54,262,453,FINAL (ENTRADA MANUAL)
86,2,1,131,105,12,13,,,1,0,0,100,78,7,8,,4,3,2,2,,1,1,0,58,264,503,FINAL (ENTRADA MANUAL)
86,2,2,104,128,13,13,,,0,0,0,76,80,11,11,,5,7,1,4,,1,0,0,63,259,503,FINAL (ENTRADA MANUAL)
86,3,1,130,136,6,14,,,2,0,0,111,107,6,13,,3,1,0,1,,0,0,0,46,288,542,FINAL (ENTRADA MANUAL)
86,3,2,131,105,8,10,,,1,0,1,107,78,6,7,,1,2,0,2,,1,0,0,53,257,542,FINAL (ENTRADA MANUAL)
86,3,3,113,124,9,11,,,0,0,0,79,93,6,9,,2,4,2,4,,0,0,0,58,257,542,FINAL (ENTRADA MANUAL)
86,3,4,148,100,4,12,,,1,0,1,111,54,4,9,,4,2,1,3,,1,1,0,78,268,540,FINAL (ENTRADA MANUAL)
86,4,1,122,95,4,8,,,0,0,0,107,72,3,7,,1,2,1,1,,2,0,0,35,231,473,FINAL (ENTRADA MANUAL)
86,4,2,97,95,4,5,,,0,0,0,75,74,3,4,,5,5,0,0,,0,0,0,35,201,473,FINAL (ENTRADA MANUAL)
86,4,3,96,102,7,4,,,1,0,1,77,71,5,3,,0,3,2,1,,1,0,0,49,212,473,FINAL (ENTRADA MANUAL)
86,4,4,103,89,2,12,,,0,0,0,87,69,1,9,,1,5,0,2,,0,0,0,32,206,473,FINAL (ENTRADA MANUAL)
86,4,5,110,95,5,7,,,0,0,1,78,62,3,7,,0,4,1,1,,0,0,0,62,218,471,FINAL (ENTRADA MANUAL)
86,72,1,15,13,0,2,,,0,0,0,11,11,0,1,,1,0,0,0,,0,0,0,6,30,0,FINAL (ENTRADA MANUAL)
86,72,2,1,2,0,0,,,0,0,0,1,2,0,0,,0,0,0,0,,0,0,0,0,3,0,FINAL (ENTRADA MANUAL)
86,72,3,322,370,4,1,,,0,0,0,296,308,2,1,,6,13,2,1,,0,0,0,68,697,0,FINAL (ENTRADA MANUAL)
86,72,4,63,81,0,1,,,0,0,3,54,62,0,1,,0,1,0,0,,3,0,0,27,148,0,FINAL (ENTRADA MANUAL)
86,72,5,2,4,0,0,,,0,0,0,2,4,0,0,,0,0,0,0,,0,0,0,0,6,0,FINAL (ENTRADA MANUAL)
86,72,6,0,1,0,0,,,0,0,0,0,1,0,0,,0,0,0,0,,0,0,0,0,1,0,FINAL (ENTRADA MANUAL)
86,72,7,25,8,0,0,,,0,0,0,23,8,0,0,,0,0,0,0,,0,0,0,2,33,0,FINAL (ENTRADA MANUAL)
86,72,8,1,0,0,0,,,0,0,0,1,0,0,0,,0,0,0,0,,0,0,0,0,1,0,FINAL (ENTRADA MANUAL)
86,73,1,5,48,1,0,,,0,0,0,3,43,1,0,,0,0,0,0,,0,0,0,7,54,0,FINAL (ENTRADA MANUAL)
86,73,2,3,17,1,0,,,0,0,0,3,16,1,0,,0,0,0,0,,0,0,0,1,21,0,FINAL (ENTRADA MANUAL)
86,74,1,0,2,0,0,,,0,0,0,0,0,0,0,,0,0,0,0,,0,0,0,2,2,0,FINAL (ENTRADA MANUAL)
86,74,2,0,0,0,0,,,0,0,0,0,0,0,0,,0,0,0,0,,0,0,0,0,0,0,FINAL (ENTRADA MANUAL)
86,75,1,0,0,0,0,,,1,0,0,0,0,0,0,,0,0,0,0,,0,0,0,1,1,0,FINAL (ENTRADA MANUAL)
86,75,2,0,0,0,0,,,0,0,0,0,0,0,0,,0,0,0,0,,0,0,0,0,0,0,FINAL (ENTRADA MANUAL)
86,76,1,2,2,0,0,,,0,0,0,2,2,0,0,,0,0,0,0,,0,0,0,0,4,0,FINAL (ENTRADA MANUAL)
86,76,2,0,0,0,0,,,0,0,0,0,0,0,0,,0,0,0,0,,0,0,0,0,0,0,FINAL (ENTRADA MANUAL)
86,76,3,2,1,0,0,,,0,0,0,2,0,0,0,,0,0,0,0,,0,0,0,1,3,0,FINAL (ENTRADA MANUAL)
86,76,4,0,0,0,0,,,0,0,0,0,0,0,0,,0,0,0,0,,0,0,0,0,0,0,FINAL (ENTRADA MANUAL)
86,76,5,0,0,0,0,,,0,0,0,0,0,0,0,,0,0,0,0,,0,0,0,0,0,0,FINAL (ENTRADA MANUAL)
86,76,6,1,0,0,0,,,0,0,0,1,0,0,0,,0,0,0,0,,0,0,0,0,1,0,FINAL (ENTRADA MANUAL)
86,77,1,8,3,1,2,,,0,0,0,6,2,1,2,,0,0,0,1,,0,0,0,2,14,0,FINAL (ENTRADA MANUAL)
86,77,2,0,0,0,0,,,0,0,0,0,0,0,0,,0,0,0,0,,0,0,0,0,0,0,FINAL (ENTRADA MANUAL)
86,77,3,1,0,0,0,,,0,0,0,1,0,0,0,,0,0,0,0,,0,0,0,1,2,0,FINAL (ENTRADA MANUAL)
86,78,1,10,4,1,2,,,0,0,0,7,4,1,2,,0,0,0,0,,0,2,0,3,19,0,FINAL (ENTRADA MANUAL)
86,78,2,0,0,0,0,,,0,0,0,0,0,0,0,,0,0,0,0,,0,0,0,0,0,0,FINAL (ENTRADA MANUAL)
86,78,3,0,0,0,0,,,0,0,0,0,0,0,0,,0,0,0,0,,0,0,0,0,0,0,FINAL (ENTRADA MANUAL)
86,78,4,0,0,0,0,,,0,0,0,0,0,0,0,,0,0,0,0,,0,0,0,0,0,0,FINAL (ENTRADA MANUAL)
87,1,1,141,114,8,14,,,0,0,2,110,86,6,12,,6,4,2,1,,0,0,0,52,279,549,FINAL (ENTRADA MANUAL)
87,1,2,127,125,9,8,,,2,0,0,102,97,9,6,,4,5,0,0,,2,0,0,48,273,549,FINAL (ENTRADA MANUAL)
87,1,3,138,129,7,12,,,1,0,0,105,86,3,8,,7,4,0,1,,0,0,0,73,287,549,FINAL (ENTRADA MANUAL)
87,1,4,108,122,8,10,,,2,0,0,83,86,8,7,,1,3,2,3,,1,0,0,57,251,549,FINAL (ENTRADA MANUAL)
87,1,5,108,135,9,18,,,0,0,0,67,90,4,11,,4,6,2,3,,2,0,0,83,272,549,FINAL (ENTRADA MANUAL)
87,1,6,97,111,9,11,,,0,0,0,64,71,5,7,,6,7,3,10,,0,0,0,55,228,548,FINAL (ENTRADA MANUAL)
87,2,1,127,114,2,6,,,0,0,0,105,93,0,6,,1,4,1,0,,0,0,0,39,249,478,FINAL (ENTRADA MANUAL)
87,2,2,117,109,6,6,,,1,0,0,90,85,6,5,,3,2,0,2,,2,1,0,46,242,478,FINAL (ENTRADA MANUAL)
87,2,3,108,103,2,7,,,3,0,0,90,85,1,6,,1,1,2,0,,1,0,0,37,224,478,FINAL (ENTRADA MANUAL)
87,2,4,125,102,1,10,,,2,0,0,102,79,1,7,,0,0,1,1,,1,0,0,49,241,478,FINAL (ENTRADA MANUAL)
87,2,5,117,101,3,4,,,0,0,0,92,72,3,2,,0,1,0,3,,0,0,1,52,226,478,FINAL (ENTRADA MANUAL)
87,2,6,106,81,2,8,,,0,0,0,80,68,0,8,,1,4,0,2,,1,0,0,34,198,478,FINAL (ENTRADA MANUAL)
87,2,7,110,93,4,5,,,0,0,0,82,59,2,3,,5,1,0,2,,2,0,0,58,214,479,FINAL (ENTRADA MANUAL)
87,3,1,140,119,3,19,,,0,0,0,122,94,1,12,,0,4,0,1,,2,0,0,47,283,575,FINAL (ENTRADA MANUAL)
87,3,2,119,115,7,14,,,0,0,1,103,90,7,13,,1,2,0,0,,4,0,0,40,260,575,FINAL (ENTRADA MANUAL)
87,3,3,121,139,2,17,,,0,0,0,99,105,2,9,,1,1,0,3,,1,0,0,59,280,575,FINAL (ENTRADA MANUAL)
87,3,4,128,130,2,10,,,0,0,1,108,88,1,7,,1,1,0,3,,7,0,0,62,278,575,FINAL (ENTRADA MANUAL)
87,4,1,152,79,4,5,,,0,0,0,118,53,0,4,,0,2,1,2,,0,0,0,60,240,520,FINAL (ENTRADA MANUAL)
87,4,2,139,120,3,3,,,0,0,1,108,90,2,1,,2,1,0,0,,2,0,0,62,268,520,FINAL (ENTRADA MANUAL)
87,5,1,151,81,2,5,,,0,0,0,118,66,2,5,,1,0,0,0,,0,0,0,47,239,524,FINAL (ENTRADA MANUAL)
87,5,2,126,81,1,8,,,0,0,0,91,60,1,8,,2,0,0,0,,2,2,0,54,220,524,FINAL (ENTRADA MANUAL)
87,5,3,140,89,5,12,,,0,0,0,107,61,4,9,,6,0,0,2,,1,0,0,57,247,524,FINAL (ENTRADA MANUAL)
87,5,4,116,82,3,13,,,0,1,1,97,61,2,10,,1,1,0,2,,0,0,0,42,216,524,FINAL (ENTRADA MANUAL)
87,5,5,140,93,4,11,,,1,0,1,113,69,3,9,,3,1,1,1,,1,0,0,50,251,524,FINAL (ENTRADA MANUAL)
87,5,6,134,85,4,9,,,0,1,0,112,66,3,7,,2,2,1,1,,0,0,0,39,233,523,FINAL (ENTRADA MANUAL)
87,6,1,108,110,10,15,,,0,0,0,87,80,4,12,,3,5,5,2,,0,0,0,45,243,492,FINAL (ENTRADA MANUAL)
87,6,2,105,112,9,11,,,0,0,0,70,76,4,9,,3,6,0,1,,1,0,0,68,238,492,FINAL (ENTRADA MANUAL)
87,6,3,103,72,4,16,,,0,0,0,77,50,2,12,,0,3,2,2,,0,0,0,47,195,492,FINAL (ENTRADA MANUAL)
87,6,4,110,93,8,18,,,1,0,0,76,59,5,15,,2,2,2,2,,1,0,0,67,231,492,FINAL (ENTRADA MANUAL)
87,6,5,112,97,2,9,,,1,0,0,86,62,2,9,,5,0,1,5,,0,0,0,51,221,492,FINAL (ENTRADA MANUAL)
87,6,6,106,104,5,15,,,0,0,0,87,79,4,10,,4,5,0,2,,3,0,0,39,233,492,FINAL (ENTRADA MANUAL)
87,6,7,107,91,4,11,,,0,0,1,73,66,2,9,,0,2,1,3,,1,0,0,58,215,490,FINAL (ENTRADA MANUAL)
87,72,1,852,343,1,3,,,4,1,0,783,303,1,2,,9,7,2,0,,33,0,0,97,1237,0,FINAL (ENTRADA MANUAL)
87,72,2,8,2,0,0,,,0,0,0,8,2,0,0,,0,0,0,0,,1,0,0,0,11,0,FINAL (ENTRADA MANUAL)
87,72,3,750,363,4,6,,,6,1,2,686,306,3,5,,26,19,0,2,,0,0,0,106,1132,0,FINAL (ENTRADA MANUAL)
87,72,4,103,61,2,3,,,0,0,0,97,50,2,3,,2,0,0,0,,1,0,0,15,170,0,FINAL (ENTRADA MANUAL)
87,72,5,78,16,0,0,,,0,0,0,74,14,0,0,,0,0,0,0,,0,0,0,6,94,0,FINAL (ENTRADA MANUAL)
87,72,6,10,1,0,0,,,0,0,0,10,1,0,0,,0,0,0,0,,0,1,0,0,12,0,FINAL (ENTRADA MANUAL)
87,72,7,68,32,0,1,,,0,0,0,64,30,0,0,,1,1,0,0,,0,0,0,5,101,0,FINAL (ENTRADA MANUAL)
87,72,8,0,0,0,0,,,0,0,0,0,0,0,0,,0,0,0,0,,0,0,0,0,0,0,FINAL (ENTRADA MANUAL)
87,72,9,1,0,0,0,,,0,0,0,0,0,0,0,,0,0,0,0,,0,0,0,1,1,0,FINAL (ENTRADA MANUAL)
87,72,10,78,20,0,2,,,1,0,0,77,20,0,2,,0,1,0,0,,1,1,0,1,103,0,FINAL (ENTRADA MANUAL)
87,73,1,20,151,1,0,,,0,0,0,12,133,1,0,,0,1,0,0,,0,0,0,25,172,0,FINAL (ENTRADA MANUAL)
87,73,2,0,0,0,0,,,0,0,0,0,0,0,0,,0,0,0,0,,0,0,0,0,0,0,FINAL (ENTRADA MANUAL)
87,74,1,0,0,0,0,,,0,0,0,0,0,0,0,,0,0,0,0,,0,0,0,0,0,0,FINAL (ENTRADA MANUAL)
87,74,2,0,0,0,0,,,0,0,0,0,0,0,0,,0,0,0,0,,0,0,0,0,0,0,FINAL (ENTRADA MANUAL)
87,75,1,2,0,0,0,,,0,0,0,2,0,0,0,,0,0,0,0,,0,0,0,0,2,0,FINAL (ENTRADA MANUAL)
87,75,2,0,0,0,0,,,0,0,0,0,0,0,0,,0,0,0,0,,0,0,0,0,0,0,FINAL (ENTRADA MANUAL)
87,75,3,0,0,0,0,,,0,0,0,0,0,0,0,,0,0,0,0,,0,0,0,0,0,0,FINAL (ENTRADA MANUAL)
87,76,1,6,3,0,1,,,0,0,0,2,2,0,0,,0,0,0,0,,0,0,0,6,10,0,FINAL (ENTRADA MANUAL)
87,76,2,0,0,0,0,,,0,0,0,0,0,0,0,,0,0,0,0,,0,0,0,0,0,0,FINAL (ENTRADA MANUAL)
87,76,3,1,0,0,0,,,0,0,0,1,0,0,0,,0,0,0,0,,0,0,0,0,1,0,FINAL (ENTRADA MANUAL)
87,76,5,1,0,0,0,,,0,0,0,1,0,0,0,,0,0,0,0,,0,0,0,0,1,0,FINAL (ENTRADA MANUAL)
87,77,1,4,11,3,6,,,0,0,0,3,10,3,5,,0,1,0,0,,0,0,0,2,24,0,FINAL (ENTRADA MANUAL)
87,77,2,0,0,0,0,,,0,0,0,0,0,0,0,,0,0,0,0,,0,0,0,0,0,0,FINAL (ENTRADA MANUAL)
87,77,3,2,2,0,0,,,0,0,0,1,1,0,0,,1,0,1,0,,0,0,0,0,4,0,FINAL (ENTRADA MANUAL)
87,77,4,1,0,0,1,,,1,0,0,1,0,0,1,,0,0,1,0,,0,0,0,0,3,0,FINAL (ENTRADA MANUAL)
87,78,1,43,29,3,0,,,0,0,0,29,20,1,0,,0,0,0,0,,1,2,0,25,78,0,FINAL (ENTRADA MANUAL)
87,78,2,0,0,0,0,,,0,0,0,0,0,0,0,,0,0,0,0,,0,0,0,0,0,0,FINAL (ENTRADA MANUAL)
87,78,3,0,0,0,0,,,0,0,0,0,0,0,0,,0,0,0,0,,0,0,0,0,0,0,FINAL (ENTRADA MANUAL)
87,78,4,0,0,0,0,,,0,0,0,0,0,0,0,,0,0,0,0,,0,0,0,0,0,0,FINAL (ENTRADA MANUAL)
88,1,1,106,88,,14,17,,0,0,0,79,71,,11,14,0,1,,3,1,0,0,0,45,225,398,FINAL (ENTRADA MANUAL)
88,1,2,74,124,,6,9,,0,0,1,59,92,,6,7,0,1,,0,0,1,0,0,49,215,398,FINAL (ENTRADA MANUAL)
88,1,3,97,88,,10,12,,0,0,2,92,80,,10,9,2,1,,0,1,2,0,0,14,211,397,FINAL (ENTRADA MANUAL)
88,2,1,88,109,,21,26,,0,0,0,72,72,,17,17,0,0,,3,1,1,0,0,62,245,403,FINAL (ENTRADA MANUAL)
88,2,2,86,101,,22,18,,0,1,1,82,77,,21,11,1,0,,1,1,1,0,0,35,230,403,FINAL (ENTRADA MANUAL)
88,2,3,88,97,,20,28,,0,0,0,76,62,,18,21,1,1,,0,1,0,0,0,53,233,403,FINAL (ENTRADA MANUAL)
88,2,4,117,73,,10,33,,1,0,1,98,54,,8,26,0,1,,3,0,1,0,0,45,236,403,FINAL (ENTRADA MANUAL)
88,3,1,67,84,,10,13,,0,0,0,53,67,,6,12,2,2,,1,0,0,0,0,31,174,269,FINAL (ENTRADA MANUAL)
88,3,2,70,83,,7,8,,0,0,0,58,61,,5,7,2,4,,4,1,0,1,0,26,169,269,FINAL (ENTRADA MANUAL)
88,4,1,60,152,,11,15,,1,0,2,55,125,,10,11,2,3,,2,1,1,0,0,32,242,398,FINAL (ENTRADA MANUAL)
88,4,2,76,125,,6,19,,0,0,0,53,81,,6,13,0,7,,1,0,2,1,0,65,229,398,FINAL (ENTRADA MANUAL)
88,4,3,79,127,,12,8,,1,0,0,63,96,,10,6,3,3,,0,1,1,0,0,45,228,398,FINAL (ENTRADA MANUAL)
88,4,4,59,134,,11,16,,0,0,0,51,116,,8,16,1,0,,1,0,0,0,0,27,220,398,FINAL (ENTRADA MANUAL)
88,5,1,104,111,,18,7,,0,0,0,79,77,,12,6,2,3,,3,0,0,0,0,58,240,432,FINAL (ENTRADA MANUAL)
88,6,1,98,106,,41,14,,0,0,0,87,85,,34,12,1,1,,3,0,1,0,0,36,260,399,FINAL (ENTRADA MANUAL)
88,6,2,95,122,,42,12,,0,0,0,81,92,,35,9,1,2,,1,0,2,0,0,50,273,399,FINAL (ENTRADA MANUAL)
88,7,1,88,108,,8,10,,1,1,1,59,78,,8,6,3,2,,4,0,0,0,0,57,217,422,FINAL (ENTRADA MANUAL)
88,7,2,89,113,,13,13,,0,1,0,68,90,,10,12,1,3,,4,0,1,0,0,41,230,422,FINAL (ENTRADA MANUAL)
88,7,3,80,106,,23,13,,0,0,0,54,78,,17,10,1,7,,2,0,0,0,0,53,222,422,FINAL (ENTRADA MANUAL)
88,8,1,77,120,,4,19,,0,1,0,61,99,,4,14,1,0,,0,1,0,0,0,41,221,418,FINAL (ENTRADA MANUAL)
88,8,2,72,139,,9,3,,0,0,0,59,112,,7,2,0,0,,1,0,0,0,0,42,223,418,FINAL (ENTRADA MANUAL)
88,8,3,84,128,,5,10,,0,0,0,77,117,,5,8,1,5,,0,1,0,0,0,13,227,417,FINAL (ENTRADA MANUAL)
88,9,1,141,119,,11,13,,0,0,0,118,81,,9,9,3,4,,1,0,1,0,0,59,285,474,FINAL (ENTRADA MANUAL)
88,9,2,137,100,,13,8,,0,0,0,116,82,,11,8,0,5,,1,0,0,0,0,35,258,474,FINAL (ENTRADA MANUAL)
88,9,3,134,105,,8,11,,0,0,0,114,76,,7,8,3,0,,0,0,1,0,0,50,259,473,FINAL (ENTRADA MANUAL)
88,10,1,70,68,,8,7,,0,0,0,55,48,,7,4,1,2,,1,1,0,1,0,34,154,378,FINAL (ENTRADA MANUAL)
88,10,2,80,64,,7,7,,0,1,1,65,50,,4,6,0,3,,2,0,1,0,0,30,161,378,FINAL (ENTRADA MANUAL)
88,10,3,77,80,,14,7,,0,0,0,61,61,,11,4,1,0,,0,0,1,0,0,40,179,378,FINAL (ENTRADA MANUAL)
88,10,4,93,72,,7,14,,0,0,0,55,54,,7,11,1,1,,1,1,1,0,0,55,187,380,FINAL (ENTRADA MANUAL)
88,11,1,99,109,,19,6,,0,2,1,67,82,,15,2,2,3,,5,1,0,0,0,59,236,383,FINAL (ENTRADA MANUAL)
88,11,2,137,106,,16,14,,1,0,1,103,83,,11,11,5,0,,4,2,3,0,0,56,278,383,FINAL (ENTRADA MANUAL)
88,11,3,99,96,,20,15,,1,0,0,84,67,,20,11,1,2,,1,0,0,0,0,45,231,383,FINAL (ENTRADA MANUAL)
88,11,4,110,100,,20,20,,0,0,1,71,75,,18,15,2,3,,3,2,0,0,0,62,251,383,FINAL (ENTRADA MANUAL)
88,11,5,97,96,,13,18,,0,0,0,69,71,,11,13,3,0,,0,0,2,0,0,57,226,385,FINAL (ENTRADA MANUAL)
88,12,1,134,106,,13,11,,1,0,0,100,77,,11,10,1,1,,1,2,0,0,0,62,265,460,FINAL (ENTRADA MANUAL)
88,12,2,136,88,,15,12,,0,0,0,100,72,,14,9,1,1,,2,0,2,1,0,52,254,460,FINAL (ENTRADA MANUAL)
88,12,3,105,116,,14,15,,0,0,0,76,81,,8,9,3,1,,0,0,1,0,0,72,251,460,FINAL (ENTRADA MANUAL)
88,12,4,115,103,,14,12,,0,0,0,98,67,,12,11,1,1,,0,0,0,0,0,54,244,460,FINAL (ENTRADA MANUAL)
88,12,5,122,106,,7,6,,0,0,1,90,77,,6,3,2,0,,0,0,2,0,0,64,244,460,FINAL (ENTRADA MANUAL)
88,13,1,145,139,,27,15,,2,0,0,113,106,,24,15,6,4,,1,1,0,0,0,58,328,594,FINAL (ENTRADA MANUAL)
88,13,2,92,131,,14,9,,0,0,0,65,94,,10,5,0,0,,1,2,1,0,0,69,247,594,FINAL (ENTRADA MANUAL)
88,13,3,103,139,,20,14,,0,0,0,81,107,,19,8,0,3,,2,2,2,0,0,54,278,595,FINAL (ENTRADA MANUAL)
88,14,1,112,105,,18,12,,0,0,0,90,80,,14,7,2,1,,2,0,1,0,0,51,248,450,FINAL (ENTRADA MANUAL)
88,14,2,108,115,,13,12,,0,0,0,85,92,,12,10,3,3,,3,1,1,0,0,39,249,450,FINAL (ENTRADA MANUAL)
88,15,1,124,131,,13,13,,0,0,0,87,92,,9,12,1,0,,3,2,0,0,0,75,281,412,FINAL (ENTRADA MANUAL)
88,15,2,115,111,,18,21,,0,1,0,83,75,,16,17,2,1,,1,2,1,0,0,69,267,412,FINAL (ENTRADA MANUAL)
88,15,3,98,111,,18,19,,0,0,1,76,89,,16,17,1,0,,1,0,0,0,0,47,247,412,FINAL (ENTRADA MANUAL)
88,15,4,89,147,,14,15,,1,0,0,73,121,,12,10,3,4,,2,2,0,0,0,39,266,412,FINAL (ENTRADA MANUAL)
88,15,5,99,110,,22,16,,0,0,0,80,92,,19,15,2,2,,3,2,1,0,0,32,248,412,FINAL (ENTRADA MANUAL)
88,15,6,101,122,,24,20,,0,0,1,85,89,,19,14,1,1,,2,0,1,0,0,57,269,411,FINAL (ENTRADA MANUAL)
88,72,1,43,1,,0,0,,0,0,0,42,1,,0,0,0,0,,0,0,0,0,0,1,44,0,FINAL (ENTRADA MANUAL)
88,72,2,3,0,,0,0,,0,0,0,3,0,,0,0,0,0,,0,0,0,0,0,0,3,0,FINAL (ENTRADA MANUAL)
88,72,3,558,93,,6,3,,0,1,0,531,62,,0,6,5,2,,0,0,0,0,0,55,661,0,FINAL (ENTRADA MANUAL)
88,72,4,137,27,,10,6,,3,0,1,128,22,,8,5,2,0,,0,0,3,0,0,20,189,0,FINAL (ENTRADA MANUAL)
88,72,5,18,3,,0,1,,0,1,0,16,2,,0,0,1,0,,0,0,0,0,0,4,23,0,FINAL (ENTRADA MANUAL)
88,72,6,1,0,,0,0,,0,0,0,1,0,,0,0,0,0,,0,0,0,0,0,0,1,0,FINAL (ENTRADA MANUAL)
88,72,7,5,1,,0,0,,0,0,0,5,0,,0,0,0,0,,0,0,0,0,0,1,6,0,FINAL (ENTRADA MANUAL)
88,72,8,0,0,,1,0,,0,0,0,0,0,,1,0,0,0,,0,0,0,0,0,0,1,0,FINAL (ENTRADA MANUAL)
88,73,1,100,718,,1,8,,0,0,1,78,627,,1,3,1,3,,0,0,0,0,0,115,828,0,FINAL (ENTRADA MANUAL)
88,73,2,0,0,,0,0,,0,0,0,0,0,,0,0,0,0,,0,0,0,0,0,0,0,0,FINAL (ENTRADA MANUAL)
88,73,3,0,0,,0,0,,0,0,0,0,0,,0,0,0,0,,0,0,0,0,0,0,0,0,FINAL (ENTRADA MANUAL)
88,73,4,10,107,,0,0,,0,0,0,8,104,,0,0,0,0,,0,0,1,0,0,5,118,0,FINAL (ENTRADA MANUAL)
88,74,1,3,0,,0,0,,0,0,0,3,0,,0,0,0,0,,0,0,0,0,0,0,3,0,FINAL (ENTRADA MANUAL)
88,74,2,0,0,,0,0,,0,0,0,0,0,,0,0,0,0,,0,0,1,0,0,0,1,0,FINAL (ENTRADA MANUAL)
88,75,1,0,2,,0,0,,0,0,0,0,1,,0,0,0,0,,0,0,0,0,0,1,2,0,FINAL (ENTRADA MANUAL)
88,75,2,1,0,,0,0,,0,0,0,1,0,,0,0,0,0,,0,0,0,0,0,0,1,0,FINAL (ENTRADA MANUAL)
88,76,1,16,10,,0,1,,0,1,0,14,6,,0,1,1,0,,0,0,0,0,0,6,28,0,FINAL (ENTRADA MANUAL)
88,76,2,0,0,,0,0,,0,0,0,0,0,,0,0,0,0,,0,0,0,0,0,0,0,0,FINAL (ENTRADA MANUAL)
88,76,3,3,4,,1,0,,0,0,0,2,1,,0,0,0,0,,1,0,0,0,0,4,8,0,FINAL (ENTRADA MANUAL)
88,76,4,0,0,,0,0,,0,0,0,0,0,,0,0,0,0,,0,0,0,0,0,0,0,0,FINAL (ENTRADA MANUAL)
88,76,5,0,1,,0,0,,0,0,0,0,1,,0,0,0,0,,0,0,0,0,0,0,1,0,FINAL (ENTRADA MANUAL)
88,77,1,11,18,,13,3,,0,0,0,8,15,,12,3,0,0,,1,0,0,1,0,6,46,0,FINAL (ENTRADA MANUAL)
88,77,2,0,2,,0,0,,0,0,0,0,2,,0,0,0,0,,0,0,0,0,0,0,2,0,FINAL (ENTRADA MANUAL)
88,77,3,2,1,,0,0,,0,0,9,2,0,,0,0,0,0,,0,0,0,0,0,1,3,0,FINAL (ENTRADA MANUAL)
88,78,1,17,38,,4,9,,0,0,0,11,30,,0,3,4,1,,1,0,0,0,0,18,68,0,FINAL (ENTRADA MANUAL)
88,78,2,0,0,,0,0,,0,0,0,0,0,,0,0,0,0,,0,0,0,0,0,0,0,0,FINAL (ENTRADA MANUAL)
88,78,3,0,0,,0,0,,0,0,0,0,0,,0,0,0,0,,0,0,0,0,0,0,0,0,FINAL (ENTRADA MANUAL)
88,78,4,0,0,,0,0,,0,0,0,0,0,,0,0,0,0,,0,0,0,0,0,0,0,0,FINAL (ENTRADA MANUAL)
89,1,1,137,51,1,40,22,,1,0,1,106,38,0,28,10,2,1,0,5,1,2,0,0,62,255,424,FINAL (ENTRADA MANUAL)
89,1,2,140,43,2,30,22,,2,0,1,96,29,1,21,11,2,1,0,3,0,2,0,0,76,242,424,FINAL (ENTRADA MANUAL)
89,1,3,134,61,4,45,24,,3,0,0,83,52,3,32,16,3,3,0,4,0,1,0,0,75,272,424,FINAL (ENTRADA MANUAL)
89,1,4,141,51,4,32,20,,3,0,0,108,37,1,22,12,4,3,0,5,2,1,0,0,57,252,424,FINAL (ENTRADA MANUAL)
89,1,5,111,39,3,34,18,,2,1,1,89,29,2,26,11,1,3,0,3,2,0,0,0,43,209,424,FINAL (ENTRADA MANUAL)
89,1,6,118,59,4,36,10,,0,0,0,93,44,1,23,8,2,0,0,3,1,0,0,0,52,227,424,FINAL (ENTRADA MANUAL)
89,1,7,130,48,2,38,17,,4,0,1,98,40,1,28,10,2,2,0,1,1,1,0,0,57,241,427,FINAL (ENTRADA MANUAL)
89,2,1,89,45,2,20,7,,2,0,1,78,39,0,15,5,1,2,0,3,0,0,0,0,23,166,271,FINAL (ENTRADA MANUAL)
89,2,2,88,36,1,16,9,,0,0,0,76,26,0,10,7,1,2,0,1,1,1,0,0,26,151,271,FINAL (ENTRADA MANUAL)
89,3,1,140,50,0,12,10,,6,0,1,107,42,0,9,3,2,1,0,0,2,2,0,0,53,221,470,FINAL (ENTRADA MANUAL)
89,3,2,133,56,1,14,9,,3,0,0,102,40,1,9,6,0,1,0,2,1,0,0,0,54,216,471,FINAL (ENTRADA MANUAL)
89,4,1,159,50,7,54,18,,6,0,0,126,41,2,36,11,0,2,0,8,1,3,0,0,67,297,449,FINAL (ENTRADA MANUAL)
89,4,2,144,58,5,48,19,,0,1,0,89,44,2,33,15,1,3,0,8,0,2,0,0,80,277,449,FINAL (ENTRADA MANUAL)
89,4,3,141,56,4,39,22,,5,1,1,94,46,0,23,14,2,2,2,5,1,0,0,0,80,269,449,FINAL (ENTRADA MANUAL)
89,4,4,143,36,5,40,16,,1,1,0,98,22,3,30,12,1,1,0,5,3,0,0,0,67,242,449,FINAL (ENTRADA MANUAL)
89,4,5,147,59,7,38,16,,0,0,0,102,44,3,25,9,4,5,0,9,0,2,0,0,66,269,451,FINAL (ENTRADA MANUAL)
89,5,1,186,38,3,29,22,,3,0,0,146,26,1,20,14,5,1,0,8,0,1,0,0,60,282,502,FINAL (ENTRADA MANUAL)
89,5,2,142,48,1,21,13,,1,0,0,109,37,1,17,9,3,0,0,1,0,2,0,0,49,228,502,FINAL (ENTRADA MANUAL)
89,5,3,156,41,4,26,21,,5,0,1,135,30,1,20,15,2,2,2,2,1,0,0,0,44,254,502,FINAL (ENTRADA MANUAL)
89,5,4,153,39,4,28,25,,0,1,0,137,33,2,21,18,1,3,0,2,1,0,0,1,32,251,502,FINAL (ENTRADA MANUAL)
89,5,5,143,53,4,14,21,,5,0,0,114,39,3,7,12,6,2,0,3,1,2,0,0,53,242,504,FINAL (ENTRADA MANUAL)
89,6,1,151,40,1,13,8,,3,0,1,131,33,0,7,5,2,0,0,4,0,3,0,0,35,220,406,FINAL (ENTRADA MANUAL)
89,6,2,162,44,3,12,13,,0,0,0,139,30,1,9,7,3,0,0,1,0,0,0,0,44,234,406,FINAL (ENTRADA MANUAL)
89,7,1,141,38,1,13,10,,2,1,0,116,27,0,8,5,1,1,0,3,1,0,0,0,44,206,350,FINAL (ENTRADA MANUAL)
89,7,2,119,41,2,13,10,,0,0,0,102,29,1,8,8,2,1,0,2,0,0,0,0,32,185,351,FINAL (ENTRADA MANUAL)
89,8,1,198,41,1,28,14,,0,0,0,149,32,0,18,11,2,1,0,3,0,2,1,0,66,285,501,FINAL (ENTRADA MANUAL)
89,8,2,173,58,6,28,17,,3,0,1,135,44,4,18,8,7,3,0,5,1,2,0,0,61,288,501,FINAL (ENTRADA MANUAL)
89,8,3,166,55,2,25,24,,1,0,1,116,38,1,14,14,8,0,0,2,4,2,0,0,77,276,501,FINAL (ENTRADA MANUAL)
89,8,4,169,63,2,35,13,,2,1,0,129,49,1,25,9,7,3,0,4,2,0,0,0,56,285,502,FINAL (ENTRADA MANUAL)
89,9,1,98,100,4,23,17,,4,0,1,66,73,1,15,8,4,2,0,1,0,1,0,0,77,248,420,FINAL (ENTRADA MANUAL)
89,9,2,117,79,1,19,21,,3,0,0,92,64,0,17,13,3,0,0,2,1,3,0,0,48,243,420,FINAL (ENTRADA MANUAL)
89,9,3,105,85,4,16,18,,2,0,1,74,53,2,12,13,3,3,0,5,1,2,0,0,65,233,420,FINAL (ENTRADA MANUAL)
89,9,4,122,69,2,25,15,,1,0,0,92,46,1,18,8,2,0,0,2,0,1,0,0,65,235,420,FINAL (ENTRADA MANUAL)
89,9,5,94,109,3,14,20,,2,0,2,67,81,2,11,14,5,2,0,3,3,0,1,0,56,245,420,FINAL (ENTRADA MANUAL)
89,10,1,175,76,3,27,19,,2,0,0,140,56,2,20,13,1,2,0,1,1,2,0,0,66,304,503,FINAL (ENTRADA MANUAL)
89,10,2,144,51,3,19,26,,1,0,0,113,41,1,13,13,4,2,0,0,1,1,0,0,56,245,503,FINAL (ENTRADA MANUAL)
89,10,3,155,40,5,34,17,,8,0,0,112,27,1,20,14,1,3,0,9,1,2,0,0,71,261,503,FINAL (ENTRADA MANUAL)
89,10,4,147,62,3,34,23,,2,0,1,118,41,2,24,13,1,1,0,4,3,1,0,0,65,273,503,FINAL (ENTRADA MANUAL)
89,10,5,131,71,1,32,14,,2,0,0,91,52,0,23,10,3,1,0,4,0,3,0,0,67,254,502,FINAL (ENTRADA MANUAL)
89,72,1,61,14,0,1,2,,1,0,0,58,11,0,1,1,0,1,0,0,0,0,0,0,7,79,0,FINAL (ENTRADA MANUAL)
89,72,2,8,1,0,1,0,,0,0,0,7,1,0,1,0,0,0,0,0,0,0,0,0,1,10,0,FINAL (ENTRADA MANUAL)
89,72,3,514,185,2,14,11,,0,1,1,457,164,0,9,8,8,6,0,2,2,0,0,0,72,728,0,FINAL (ENTRADA MANUAL)
89,72,4,96,46,0,6,3,,35,1,0,78,41,0,4,2,6,2,0,2,0,0,0,0,52,187,0,FINAL (ENTRADA MANUAL)
89,72,5,26,3,0,0,0,,2,0,0,24,2,0,0,0,1,0,0,0,0,0,0,0,4,31,0,FINAL (ENTRADA MANUAL)
89,72,6,5,0,0,0,0,,0,0,0,5,0,0,0,0,1,0,0,0,0,0,0,0,0,6,0,FINAL (ENTRADA MANUAL)
89,72,7,31,2,0,0,1,,2,0,0,27,2,0,0,0,0,0,0,0,1,0,0,0,6,36,0,FINAL (ENTRADA MANUAL)
89,72,8,6,3,0,0,0,,1,0,0,6,3,0,0,0,0,0,0,0,0,0,0,0,1,10,0,FINAL (ENTRADA MANUAL)
89,73,1,526,63,1,5,5,,1,0,1,461,53,1,3,2,1,5,0,0,0,0,0,0,76,602,0,FINAL (ENTRADA MANUAL)
89,73,2,0,0,0,0,0,,0,0,0,0,0,0,0,0,0,0,0,0,0,0,0,0,0,0,0,FINAL (ENTRADA MANUAL)
89,73,3,0,0,0,0,0,,0,0,0,0,0,0,0,0,0,0,0,0,0,0,0,0,0,0,0,FINAL (ENTRADA MANUAL)
89,74,1,2,0,0,0,0,,0,0,0,2,0,0,0,0,0,0,0,0,0,0,0,0,0,2,0,FINAL (ENTRADA MANUAL)
89,74,2,0,0,0,0,0,,0,0,0,0,0,0,0,0,0,0,0,0,0,0,0,0,0,0,0,FINAL (ENTRADA MANUAL)
89,75,1,0,0,0,0,0,,0,0,0,0,0,0,0,0,0,0,0,0,0,0,0,0,0,0,0,FINAL (ENTRADA MANUAL)
89,75,2,1,0,0,0,0,,8,0,0,0,0,0,0,0,2,0,0,0,0,0,0,0,7,9,0,FINAL (ENTRADA MANUAL)
89,75,3,0,0,0,0,0,,0,0,0,0,0,0,0,0,0,0,0,0,0,0,0,0,0,0,0,FINAL (ENTRADA MANUAL)
89,76,1,10,2,0,0,0,,0,0,0,6,0,0,0,0,0,0,0,0,0,0,0,0,6,12,0,FINAL (ENTRADA MANUAL)
89,76,2,0,0,0,0,0,,0,0,0,0,0,0,0,0,0,0,0,0,0,0,0,0,0,0,0,FINAL (ENTRADA MANUAL)
89,76,3,5,0,0,0,0,,0,0,0,3,0,0,0,0,0,0,0,0,0,0,0,0,2,5,0,FINAL (ENTRADA MANUAL)
89,76,5,1,0,0,0,0,,0,0,0,0,0,0,0,0,0,0,0,0,0,0,0,0,1,1,0,FINAL (ENTRADA MANUAL)
89,76,6,0,0,0,0,0,,0,0,0,0,0,0,0,0,0,0,0,0,0,0,0,0,0,0,0,FINAL (ENTRADA MANUAL)
89,77,1,0,0,0,0,0,,0,0,0,0,0,0,0,0,0,0,0,0,0,0,0,0,0,0,0,FINAL (ENTRADA MANUAL)
89,77,2,12,11,2,11,1,,0,0,0,11,8,2,5,1,0,1,0,7,0,0,0,0,2,37,0,FINAL (ENTRADA MANUAL)
89,77,3,0,1,0,1,0,,0,0,0,0,1,0,0,0,0,0,0,1,0,0,0,0,1,3,0,FINAL (ENTRADA MANUAL)
89,77,4,0,0,0,0,0,,0,0,0,0,0,0,0,0,0,0,0,0,0,0,0,0,0,0,0,FINAL (ENTRADA MANUAL)
89,77,5,0,1,0,1,0,,1,0,0,0,1,0,0,0,0,0,0,1,0,0,0,0,1,3,0,FINAL (ENTRADA MANUAL)
89,77,6,8,2,0,1,0,,0,0,0,8,2,0,1,0,0,0,0,0,0,0,0,0,0,11,0,FINAL (ENTRADA MANUAL)
89,78,1,27,14,1,3,4,,2,0,1,21,11,1,3,1,0,0,0,0,0,0,0,0,15,52,0,FINAL (ENTRADA MANUAL)
89,78,2,0,0,0,0,0,,0,0,0,0,0,0,0,0,0,0,0,0,0,0,0,0,0,0,0,FINAL (ENTRADA MANUAL)
89,78,3,0,0,0,0,0,,0,0,0,0,0,0,0,0,0,0,0,0,0,0,0,0,0,0,0,FINAL (ENTRADA MANUAL)
89,78,4,2,0,0,0,0,,0,0,0,2,0,0,0,0,0,0,0,0,0,0,0,0,0,2,0,FINAL (ENTRADA MANUAL)
90,1,1,38,92,2,8,12,,2,0,1,29,63,2,3,8,0,2,1,2,1,0,0,0,44,155,316,FINAL (ENTRADA MANUAL)
90,1,2,54,94,0,10,12,,3,0,0,41,82,0,8,8,5,1,0,1,1,1,0,0,26,174,316,FINAL (ENTRADA MANUAL)
90,2,1,124,102,3,27,20,,5,2,0,92,77,3,17,15,2,2,0,6,1,0,0,0,68,283,475,FINAL (ENTRADA MANUAL)
90,2,2,115,79,2,27,28,,2,1,0,77,58,1,19,18,1,1,0,5,1,0,0,0,73,254,475,FINAL (ENTRADA MANUAL)
90,2,3,113,66,3,21,25,,0,0,1,75,51,1,14,20,0,1,0,3,2,0,0,0,62,229,476,FINAL (ENTRADA MANUAL)
90,3,1,104,50,0,11,23,,0,0,0,85,42,0,8,21,0,1,0,0,0,0,0,0,31,188,333,FINAL (ENTRADA MANUAL)
90,4,1,146,81,3,26,19,,7,0,1,106,67,2,21,14,4,1,0,3,1,1,0,1,64,285,514,FINAL (ENTRADA MANUAL)
90,4,2,152,67,1,27,20,,3,1,0,112,54,0,21,15,5,2,0,1,0,1,0,0,61,272,514,FINAL (ENTRADA MANUAL)
90,5,1,57,35,0,8,14,,3,0,1,45,24,0,6,11,1,1,0,1,0,1,0,0,29,119,189,FINAL (ENTRADA MANUAL)
90,72,1,13,19,0,0,0,,0,0,0,6,19,0,0,0,0,0,0,0,0,0,0,0,7,32,0,FINAL (ENTRADA MANUAL)
90,72,2,1,2,0,0,0,,0,0,0,1,2,0,0,0,0,0,0,0,0,0,0,0,0,3,0,FINAL (ENTRADA MANUAL)
90,72,3,77,105,0,1,3,,3,0,0,66,99,0,1,3,1,0,0,0,0,0,0,11,19,189,0,FINAL (ENTRADA MANUAL)
90,72,4,0,0,0,0,0,,0,0,0,0,0,0,0,0,0,0,0,0,0,0,0,0,0,0,0,FINAL (ENTRADA MANUAL)
90,72,5,1,1,0,0,0,,0,0,0,0,1,0,0,0,1,0,0,0,0,0,0,0,0,2,0,FINAL (ENTRADA MANUAL)
90,72,6,1,0,0,0,0,,0,0,0,1,0,0,0,0,0,0,0,0,0,0,0,0,0,1,0,FINAL (ENTRADA MANUAL)
90,72,7,3,5,0,0,0,,0,0,0,3,5,0,0,0,0,0,0,0,0,0,0,0,0,8,0,FINAL (ENTRADA MANUAL)
90,72,8,6,10,0,0,0,,0,0,0,5,7,0,0,0,0,1,0,0,0,2,0,0,3,18,0,FINAL (ENTRADA MANUAL)
90,72,9,2,1,0,0,0,,0,0,0,1,1,0,0,0,0,0,0,0,0,0,0,0,1,3,0,FINAL (ENTRADA MANUAL)
90,72,10,0,1,0,0,0,,0,0,0,0,1,0,0,0,0,0,0,0,0,0,0,0,0,1,0,FINAL (ENTRADA MANUAL)
90,73,1,67,26,0,0,0,,0,0,0,65,22,0,0,0,0,0,0,0,0,0,0,0,6,93,0,FINAL (ENTRADA MANUAL)
90,73,2,0,0,0,0,0,,0,0,0,0,0,0,0,0,0,0,0,0,0,0,0,0,0,0,0,FINAL (ENTRADA MANUAL)
90,74,1,0,0,0,0,1,,0,0,0,0,0,0,0,1,0,0,0,0,0,0,0,0,0,1,0,FINAL (ENTRADA MANUAL)
90,74,2,0,0,0,0,0,,0,0,0,0,0,0,0,0,0,0,0,0,0,0,0,0,0,0,0,FINAL (ENTRADA MANUAL)
90,75,1,0,0,0,0,0,,0,0,0,0,0,0,0,0,0,0,0,0,0,0,0,0,0,0,0,FINAL (ENTRADA MANUAL)
90,76,1,0,0,0,0,0,,0,0,0,0,0,0,0,0,0,0,0,0,0,0,0,0,0,0,0,FINAL (ENTRADA MANUAL)
90,76,2,0,0,0,0,0,,0,0,0,0,0,0,0,0,0,0,0,0,0,0,0,0,0,0,0,FINAL (ENTRADA MANUAL)
90,76,3,0,0,0,0,0,,0,0,0,0,0,0,0,0,0,0,0,0,0,0,0,0,0,0,0,FINAL (ENTRADA MANUAL)
90,77,1,1,0,0,4,1,,0,0,0,0,0,0,3,1,0,0,0,1,0,0,0,0,1,6,0,FINAL (ENTRADA MANUAL)
90,77,2,0,1,0,0,0,,0,0,0,0,0,0,0,0,1,0,0,0,0,0,0,0,0,1,0,FINAL (ENTRADA MANUAL)
90,78,1,5,3,0,1,0,,0,0,0,1,2,0,1,0,0,0,0,0,1,0,0,0,4,9,0,FINAL (ENTRADA MANUAL)
90,78,2,0,0,0,0,0,,0,0,0,0,0,0,0,0,0,0,0,0,0,0,0,0,0,0,0,FINAL (ENTRADA MANUAL)
90,78,3,0,0,0,0,0,,0,0,0,0,0,0,0,0,0,0,0,0,0,0,0,0,0,0,0,FINAL (ENTRADA MANUAL)
90,78,4,0,0,0,0,0,,0,0,0,0,0,0,0,0,0,0,0,0,0,0,0,0,0,0,0,FINAL (ENTRADA MANUAL)
91,1,1,126,103,,17,,,1,1,1,98,74,,13,,1,2,,4,,2,0,0,57,251,488,FINAL (ENTRADA MANUAL)
91,1,2,101,90,,14,,,0,0,0,70,63,,11,,0,2,,1,,2,0,0,58,207,488,FINAL (ENTRADA MANUAL)
91,1,3,99,112,,11,,,0,1,0,68,72,,7,,2,4,,1,,0,0,0,69,223,488,FINAL (ENTRADA MANUAL)
91,1,4,133,119,,8,,,0,0,0,105,98,,8,,2,5,,3,,4,0,0,39,264,487,FINAL (ENTRADA MANUAL)
91,2,1,76,86,,7,,,0,0,0,59,65,,4,,0,2,,2,,3,0,0,37,172,294,FINAL (ENTRADA MANUAL)
91,3,1,88,61,,6,,,1,0,0,75,38,,5,,0,8,,1,,1,0,0,29,157,298,FINAL (ENTRADA MANUAL)
91,4,1,77,61,,8,,,0,0,0,64,46,,6,,0,0,,0,,0,0,0,30,146,268,FINAL (ENTRADA MANUAL)
91,5,1,113,89,,12,,,1,0,0,90,55,,9,,3,3,,2,,1,0,0,53,216,358,FINAL (ENTRADA MANUAL)
91,5,2,88,102,,6,,,1,1,0,71,75,,6,,0,2,,2,,0,0,0,42,198,358,FINAL (ENTRADA MANUAL)
91,5,3,106,102,,8,,,0,0,0,86,62,,8,,0,2,,0,,1,0,0,58,217,358,FINAL (ENTRADA MANUAL)
91,6,1,13,3,,0,,,0,0,1,11,2,,0,,0,0,,0,,1,0,0,4,18,44,FINAL (ENTRADA MANUAL)
91,7,1,165,102,,8,,,0,0,1,111,75,,6,,1,1,,3,,0,0,0,79,276,588,FINAL (ENTRADA MANUAL)
91,8,1,87,122,,4,,,1,0,1,70,84,,3,,2,0,,1,,0,0,0,55,215,416,FINAL (ENTRADA MANUAL)
91,9,1,134,69,,3,,,0,0,0,108,48,,2,,0,2,,1,,1,3,0,45,210,351,FINAL (ENTRADA MANUAL)
91,10,1,53,47,,1,,,0,0,0,40,39,,1,,0,0,,1,,0,0,0,20,101,189,FINAL (ENTRADA MANUAL)
91,10,2,44,42,,1,,,0,0,0,39,38,,1,,0,1,,1,,0,0,0,7,87,189,FINAL (ENTRADA MANUAL)
91,11,1,139,110,,9,,,0,0,1,95,73,,8,,5,0,,1,,1,0,0,77,260,469,FINAL (ENTRADA MANUAL)
91,11,2,136,118,,11,,,0,0,1,103,86,,8,,0,1,,1,,0,0,0,67,266,469,FINAL (ENTRADA MANUAL)
91,11,3,130,110,,11,,,2,0,0,107,80,,8,,0,2,,1,,2,0,0,55,255,469,FINAL (ENTRADA MANUAL)
91,12,1,113,122,,4,,,0,0,1,77,78,,2,,2,2,,7,,0,0,0,72,240,510,FINAL (ENTRADA MANUAL)
91,12,2,96,137,,3,,,1,0,0,71,92,,2,,1,3,,0,,1,1,0,68,239,510,FINAL (ENTRADA MANUAL)
91,12,3,101,132,,7,,,0,0,0,71,106,,7,,1,0,,0,,5,0,0,55,245,511,FINAL (ENTRADA MANUAL)
91,13,1,104,74,,14,,,3,0,1,77,50,,10,,0,1,,1,,3,0,0,57,199,362,FINAL (ENTRADA MANUAL)
91,14,1,101,159,,21,,,0,0,1,73,117,,10,,2,4,,1,,1,0,0,75,283,561,FINAL (ENTRADA MANUAL)
91,15,1,112,76,,7,,,1,0,0,85,52,,5,,0,3,,0,,3,1,0,51,200,336,FINAL (ENTRADA MANUAL)
91,15,2,98,79,,5,,,0,0,2,71,47,,4,,1,1,,1,,0,0,0,59,184,336,FINAL (ENTRADA MANUAL)
91,16,1,119,53,,9,,,0,0,0,97,35,,6,,0,3,,1,,2,0,0,39,183,293,FINAL (ENTRADA MANUAL)
91,16,2,111,44,,5,,,0,1,0,83,34,,4,,1,4,,0,,1,0,0,35,162,293,FINAL (ENTRADA MANUAL)
91,17,1,127,50,,4,,,0,0,0,113,41,,2,,1,0,,1,,0,0,0,23,181,294,FINAL (ENTRADA MANUAL)
91,17,2,118,50,,1,,,4,0,0,76,34,,1,,1,2,,0,,0,0,0,59,173,294,FINAL (ENTRADA MANUAL)
91,72,1,83,7,,0,,,0,0,0,74,1,,0,,0,1,,0,,0,0,0,14,90,0,FINAL (ENTRADA MANUAL)
91,72,2,8,1,,0,,,0,0,0,8,1,,0,,0,0,,0,,1,0,0,0,10,0,FINAL (ENTRADA MANUAL)
91,72,3,329,84,,18,,,1,0,2,279,55,,13,,0,4,,1,,0,0,0,82,435,0,FINAL (ENTRADA MANUAL)
91,72,4,42,13,,2,,,1,0,0,37,8,,2,,1,1,,1,,0,0,0,9,58,0,FINAL (ENTRADA MANUAL)
91,72,5,10,1,,0,,,0,0,0,9,1,,0,,0,0,,0,,0,0,0,1,11,0,FINAL (ENTRADA MANUAL)
91,72,6,1,0,,0,,,0,0,0,1,0,,0,,0,0,,0,,0,0,0,0,1,0,FINAL (ENTRADA MANUAL)
91,72,7,28,2,,0,,,0,0,0,26,1,,0,,0,1,,0,,0,0,0,2,30,0,FINAL (ENTRADA MANUAL)
91,72,8,3,2,,0,,,0,0,0,3,1,,0,,0,0,,0,,0,0,0,1,5,0,FINAL (ENTRADA MANUAL)
91,73,1,266,335,,4,,,0,0,0,221,279,,2,,2,3,,0,,0,0,0,605,665,0,FINAL (ENTRADA MANUAL)
91,73,2,0,0,,0,,,0,0,0,0,0,,0,,0,0,,0,,0,0,0,0,0,0,FINAL (ENTRADA MANUAL)
91,73,3,8,30,,0,,,2,0,0,8,27,,0,,0,1,,0,,3,0,0,4,43,0,FINAL (ENTRADA MANUAL)
91,74,1,2,1,,0,,,0,0,0,2,0,,0,,1,0,,0,,0,0,0,0,3,0,FINAL (ENTRADA MANUAL)
91,74,2,0,0,,0,,,0,0,0,0,0,,0,,0,0,,0,,0,0,0,0,0,0,FINAL (ENTRADA MANUAL)
91,75,1,0,0,,0,,,0,0,0,0,0,,0,,0,0,,0,,0,0,0,0,0,0,FINAL (ENTRADA MANUAL)
91,76,1,18,1,,0,,,0,1,1,11,0,,0,,1,0,,0,,0,0,0,9,21,0,FINAL (ENTRADA MANUAL)
91,76,2,0,0,,0,,,0,0,0,0,0,,0,,0,0,,0,,0,0,0,0,0,0,FINAL (ENTRADA MANUAL)
91,76,3,1,0,,0,,,0,0,0,0,0,,0,,0,0,,0,,0,0,0,1,1,0,FINAL (ENTRADA MANUAL)
91,76,5,1,0,,0,,,0,0,0,1,0,,0,,0,0,,0,,0,0,0,0,1,0,FINAL (ENTRADA MANUAL)
91,76,6,0,0,,0,,,0,0,0,0,0,,0,,0,0,,0,,0,0,0,0,0,0,FINAL (ENTRADA MANUAL)
91,77,1,0,0,,0,,,0,0,0,0,0,,0,,0,0,,0,,0,0,0,0,0,0,FINAL (ENTRADA MANUAL)
91,77,2,4,2,,3,,,0,0,0,3,1,,2,,0,0,,0,,0,0,0,3,9,0,FINAL (ENTRADA MANUAL)
91,77,3,0,1,,1,,,0,0,0,0,1,,1,,0,0,,0,,0,0,0,0,2,0,FINAL (ENTRADA MANUAL)
91,77,4,0,0,,1,,,0,0,0,0,0,,0,,0,0,,1,,0,0,0,0,1,0,FINAL (ENTRADA MANUAL)
91,78,1,13,5,,0,,,0,0,0,6,2,,0,,0,1,,0,,0,0,0,9,18,0,FINAL (ENTRADA MANUAL)
91,78,2,0,0,,0,,,0,0,0,0,0,,0,,0,0,,0,,0,0,0,0,0,0,FINAL (ENTRADA MANUAL)
91,78,3,0,0,,0,,,0,0,0,0,0,,0,,0,0,,0,,0,0,0,0,0,0,FINAL (ENTRADA MANUAL)
91,78,4,0,0,,0,,,0,0,0,0,0,,0,,0,0,,0,,0,0,0,0,0,0,FINAL (ENTRADA MANUAL)
92,1,1,116,120,,4,,,0,0,4,93,100,1,3,,0,4,0,2,,1,0,0,41,245,469,FINAL (ENTRADA MANUAL)
92,2,1,138,106,,5,,,0,0,1,114,80,0,3,,1,2,0,5,,3,0,0,45,253,504,FINAL (ENTRADA MANUAL)
92,2,2,124,128,,9,,,0,0,0,106,109,0,8,,3,1,0,1,,3,0,0,33,264,504,FINAL (ENTRADA MANUAL)
92,2,3,151,112,,9,,,1,0,0,120,85,0,6,,3,3,0,1,,4,0,0,55,277,504,FINAL (ENTRADA MANUAL)
92,2,4,136,97,,10,,,0,0,1,98,81,0,7,,1,3,0,1,,0,3,0,53,247,504,FINAL (ENTRADA MANUAL)
92,2,5,147,90,,2,,,1,0,0,122,75,0,2,,2,0,0,1,,1,0,0,38,241,504,FINAL (ENTRADA MANUAL)
92,3,1,91,131,,7,,,0,0,1,70,115,0,5,,5,1,0,0,,0,0,0,34,230,404,FINAL (ENTRADA MANUAL)
92,3,2,66,129,,17,,,0,0,4,48,108,0,14,,3,1,0,0,,0,0,0,42,216,404,FINAL (ENTRADA MANUAL)
92,4,1,112,96,,4,,,0,0,0,84,78,0,2,,2,2,0,3,,1,0,0,41,213,345,FINAL (ENTRADA MANUAL)
92,5,1,129,105,,5,,,0,0,0,108,88,0,5,,4,2,0,0,,0,0,0,32,239,428,FINAL (ENTRADA MANUAL)
92,5,2,140,95,,4,,,1,0,2,122,76,1,3,,1,1,0,3,,2,0,0,35,244,427,FINAL (ENTRADA MANUAL)
92,6,1,86,183,,1,,,0,1,0,73,163,0,0,,1,1,0,3,,0,0,0,30,271,437,FINAL (ENTRADA MANUAL)
92,6,2,76,170,,2,,,0,0,0,63,148,0,1,,1,0,0,1,,0,0,0,34,248,437,FINAL (ENTRADA MANUAL)
92,7,1,118,99,,0,,,0,0,0,95,80,0,0,,3,1,0,1,,1,0,0,37,218,363,FINAL (ENTRADA MANUAL)
92,7,2,108,107,,1,,,0,0,1,90,81,0,1,,1,1,0,0,,0,0,0,43,217,363,FINAL (ENTRADA MANUAL)
92,8,1,82,132,,5,,,0,0,1,65,118,0,5,,2,7,0,0,,1,0,0,23,221,430,FINAL (ENTRADA MANUAL)
92,8,2,92,115,,4,,,0,1,1,73,86,0,3,,2,3,0,1,,1,0,0,45,214,430,FINAL (ENTRADA MANUAL)
92,8,3,69,145,,8,,,0,0,1,53,121,0,6,,0,4,0,1,,0,0,0,38,223,430,FINAL (ENTRADA MANUAL)
92,72,1,13,7,,1,,,0,0,0,12,5,0,0,,0,0,0,0,,0,0,1,4,22,0,FINAL (ENTRADA MANUAL)
92,72,2,6,0,,0,,,0,0,0,5,0,0,0,,0,0,0,0,,0,0,0,1,6,0,FINAL (ENTRADA MANUAL)
92,72,3,338,37,,10,,,0,0,0,313,26,0,10,,7,4,0,1,,0,0,0,24,385,0,FINAL (ENTRADA MANUAL)
92,72,4,171,35,,4,,,0,0,0,159,32,0,3,,4,0,0,1,,0,0,1,11,211,0,FINAL (ENTRADA MANUAL)
92,72,5,291,48,,3,,,0,0,0,274,39,0,3,,2,2,0,0,,0,0,0,22,342,0,FINAL (ENTRADA MANUAL)
92,72,6,54,4,,0,,,0,1,1,46,3,0,0,,1,0,0,3,,0,0,0,7,60,0,FINAL (ENTRADA MANUAL)
92,72,7,74,5,,1,,,0,0,0,66,3,0,0,,2,1,0,0,,0,0,0,8,80,0,FINAL (ENTRADA MANUAL)
92,72,8,15,0,,0,,,0,0,0,13,0,0,0,,2,0,0,0,,0,0,0,0,15,0,FINAL (ENTRADA MANUAL)
92,72,9,9,9,,0,,,0,0,0,7,9,0,0,,1,0,0,0,,0,0,0,1,18,0,FINAL (ENTRADA MANUAL)
92,72,10,9,0,,0,,,0,0,0,9,0,0,0,,0,0,0,0,,0,0,0,0,9,0,FINAL (ENTRADA MANUAL)
92,72,11,50,3,,0,,,0,0,0,46,2,0,0,,2,0,0,0,,0,0,1,3,53,0,FINAL (ENTRADA MANUAL)
92,72,12,3,1,,0,,,0,0,0,3,1,0,0,,0,0,0,0,,0,0,0,0,4,0,FINAL (ENTRADA MANUAL)
92,72,13,0,0,,0,,,0,0,0,0,0,0,0,,0,0,0,0,,0,0,0,0,0,0,FINAL (ENTRADA MANUAL)
92,72,14,3,0,,0,,,0,0,0,2,0,0,0,,0,0,0,0,,0,0,0,1,3,0,FINAL (ENTRADA MANUAL)
92,73,1,16,298,,3,,,0,0,0,11,257,0,3,,0,1,0,0,,0,0,0,45,317,0,FINAL (ENTRADA MANUAL)
92,73,2,0,0,,0,,,0,0,0,0,0,0,0,,0,0,0,0,,0,0,0,0,0,0,FINAL (ENTRADA MANUAL)
92,73,3,0,58,,0,,,0,0,3,0,58,0,0,,0,0,0,0,,2,0,0,1,61,0,FINAL (ENTRADA MANUAL)
92,74,1,0,0,,0,,,0,0,0,0,0,0,0,,0,0,0,0,,0,0,0,0,0,0,FINAL (ENTRADA MANUAL)
92,74,2,0,0,,0,,,0,0,0,0,0,0,0,,0,0,0,0,,0,0,0,0,0,0,FINAL (ENTRADA MANUAL)
92,75,1,0,0,,0,,,0,0,0,0,0,0,0,,0,0,0,0,,0,0,0,0,0,0,FINAL (ENTRADA MANUAL)
92,76,1,5,3,,0,,,0,1,0,4,2,0,0,,0,0,0,0,,1,0,0,3,10,0,FINAL (ENTRADA MANUAL)
92,76,2,0,0,,0,,,0,0,0,0,0,0,0,,0,0,0,0,,0,0,0,0,0,0,FINAL (ENTRADA MANUAL)
92,76,3,0,1,,0,,,0,0,0,0,1,0,0,,0,0,0,0,,0,0,0,0,1,0,FINAL (ENTRADA MANUAL)
92,76,6,0,0,,0,,,0,0,0,0,0,0,0,,0,0,0,0,,1,0,0,0,1,0,FINAL (ENTRADA MANUAL)
92,77,1,0,0,,0,,,0,0,0,0,0,0,0,,0,0,0,0,,0,0,0,0,0,0,FINAL (ENTRADA MANUAL)
92,77,2,4,60,,3,,,0,0,0,3,52,0,2,,0,2,1,1,,0,0,0,6,67,0,FINAL (ENTRADA MANUAL)
92,77,3,0,15,,0,,,0,0,0,0,12,0,0,,0,0,0,0,,0,0,0,3,15,0,FINAL (ENTRADA MANUAL)
92,78,1,14,13,,0,,,0,0,1,12,11,0,0,,0,1,0,0,,0,0,0,4,28,0,FINAL (ENTRADA MANUAL)
92,78,2,0,0,,0,,,0,0,0,0,0,0,0,,0,0,0,0,,0,0,0,0,0,0,FINAL (ENTRADA MANUAL)
92,78,3,0,0,,0,,,0,0,0,0,0,0,0,,0,0,0,0,,0,0,0,0,0,0,FINAL (ENTRADA MANUAL)
92,78,4,0,0,,0,,,0,0,0,0,0,0,0,,0,0,0,0,,0,0,0,0,0,0,FINAL (ENTRADA MANUAL)
93,1,1,64,147,2,4,,,0,0,3,56,120,2,3,3,2,4,0,0,1,1,0,0,29,221,417,FINAL (ENTRADA MANUAL)
93,1,2,63,181,8,1,,,1,0,1,50,139,5,1,1,3,6,0,1,1,0,0,0,48,255,417,FINAL (ENTRADA MANUAL)
93,1,3,59,149,6,3,,,0,1,0,53,107,4,2,0,2,4,2,1,3,0,0,0,40,218,418,FINAL (ENTRADA MANUAL)
93,2,1,79,111,5,6,,,0,1,0,64,84,0,4,0,1,2,1,2,1,0,0,0,43,202,328,FINAL (ENTRADA MANUAL)
93,2,2,85,92,6,2,,,1,0,0,84,84,3,2,0,2,0,1,0,0,3,0,0,10,189,328,FINAL (ENTRADA MANUAL)
93,3,1,69,149,11,7,,,0,0,0,53,120,7,7,0,4,6,2,1,2,1,0,0,34,237,423,FINAL (ENTRADA MANUAL)
93,3,2,87,120,9,6,,,0,0,0,76,89,6,4,0,4,4,0,0,0,0,0,0,39,222,423,FINAL (ENTRADA MANUAL)
93,3,3,75,149,5,1,,,0,0,2,58,106,1,1,2,6,2,1,0,0,0,0,0,55,232,423,FINAL (ENTRADA MANUAL)
93,3,4,72,148,8,1,,,0,0,2,56,119,4,1,0,1,3,1,2,0,0,0,0,44,231,424,FINAL (ENTRADA MANUAL)
93,4,1,81,156,9,2,,,0,1,4,65,125,4,2,0,0,3,0,1,1,0,0,0,52,253,539,FINAL (ENTRADA MANUAL)
93,4,2,79,142,19,6,,,0,0,0,65,105,12,4,0,3,4,1,2,0,0,0,0,50,246,539,FINAL (ENTRADA MANUAL)
93,4,3,79,120,19,5,,,0,0,1,66,92,10,4,1,5,5,2,0,2,0,0,0,37,224,539,FINAL (ENTRADA MANUAL)
93,4,4,73,161,10,3,,,1,1,4,57,117,4,2,1,2,3,1,3,1,0,0,0,62,253,540,FINAL (ENTRADA MANUAL)
93,5,1,84,143,5,4,,,0,0,0,81,131,1,4,0,2,3,1,0,0,0,0,0,13,236,464,FINAL (ENTRADA MANUAL)
93,5,2,102,143,5,5,,,0,0,1,81,96,3,3,1,1,3,0,1,0,1,0,0,67,257,463,FINAL (ENTRADA MANUAL)
93,6,1,105,155,2,3,,,1,0,0,84,106,1,3,0,0,6,0,0,0,1,1,0,66,268,483,FINAL (ENTRADA MANUAL)
93,6,2,101,159,5,7,,,0,0,0,83,123,3,7,0,1,3,0,1,0,2,0,0,51,274,483,FINAL (ENTRADA MANUAL)
93,6,3,94,170,11,6,,,0,0,2,72,116,4,3,1,2,4,1,3,0,1,0,0,77,284,483,FINAL (ENTRADA MANUAL)
93,7,1,98,129,2,2,,,0,0,1,84,110,1,2,1,2,1,0,3,0,2,0,0,28,234,412,FINAL (ENTRADA MANUAL)
93,7,2,106,116,6,3,,,0,0,2,83,91,4,3,2,1,4,1,0,0,0,0,0,44,233,412,FINAL (ENTRADA MANUAL)
93,8,1,159,113,2,3,,,0,0,1,139,72,1,2,0,7,5,0,2,0,0,0,0,50,278,479,FINAL (ENTRADA MANUAL)
93,8,2,134,112,5,2,,,0,1,1,116,81,3,1,0,3,4,0,1,0,1,0,0,46,256,479,FINAL (ENTRADA MANUAL)
93,9,1,85,178,6,8,,,2,0,3,67,132,4,8,3,2,2,0,1,0,1,0,0,63,283,500,FINAL (ENTRADA MANUAL)
93,9,2,94,170,9,5,,,0,0,2,77,137,7,4,2,3,5,0,1,1,0,0,0,43,280,500,FINAL (ENTRADA MANUAL)
93,10,1,89,130,9,11,,,0,0,0,64,92,2,11,0,2,1,2,1,1,2,0,0,63,241,428,FINAL (ENTRADA MANUAL)
93,10,2,110,122,7,7,,,0,0,0,83,82,3,5,0,2,0,2,0,0,0,0,0,69,246,428,FINAL (ENTRADA MANUAL)
93,10,3,94,128,5,9,,,0,0,1,80,94,2,6,1,3,3,0,0,0,0,1,0,48,238,428,FINAL (ENTRADA MANUAL)
93,10,4,98,122,2,4,,,0,0,2,74,90,1,3,0,4,0,0,1,2,1,0,0,53,229,429,FINAL (ENTRADA MANUAL)
93,11,1,69,130,4,5,,,0,0,0,58,112,4,5,0,2,6,0,0,0,1,0,0,21,209,451,FINAL (ENTRADA MANUAL)
93,11,2,74,136,12,8,,,0,0,0,62,89,8,5,0,2,2,0,2,0,0,0,0,60,230,451,FINAL (ENTRADA MANUAL)
93,11,3,91,132,7,7,,,0,0,4,83,103,4,6,3,0,5,1,1,0,2,0,0,35,243,451,FINAL (ENTRADA MANUAL)
93,11,4,80,136,4,1,,,0,0,0,69,103,1,1,0,0,1,1,0,0,2,0,0,45,223,451,FINAL (ENTRADA MANUAL)
93,12,1,76,135,13,8,,,1,0,3,62,117,9,8,2,2,4,1,4,0,0,0,0,27,236,416,FINAL (ENTRADA MANUAL)
93,12,2,71,128,5,6,,,0,0,1,59,94,3,4,0,1,4,3,1,0,2,1,0,42,214,416,FINAL (ENTRADA MANUAL)
93,12,3,65,146,7,8,,,0,0,1,50,110,4,7,0,3,5,0,0,1,0,0,0,47,227,417,FINAL (ENTRADA MANUAL)
93,13,1,54,139,15,7,,,0,0,1,45,94,13,4,0,2,2,1,3,0,1,0,0,52,217,433,FINAL (ENTRADA MANUAL)
93,13,2,58,147,8,4,,,0,0,3,48,99,5,2,1,0,3,1,6,0,0,0,0,55,220,433,FINAL (ENTRADA MANUAL)
93,14,1,39,97,1,5,,,0,0,0,32,83,0,4,0,1,3,1,1,0,1,0,0,17,143,250,FINAL (ENTRADA MANUAL)
93,14,2,57,73,1,2,,,0,0,0,49,51,1,1,0,3,0,1,1,0,0,0,0,26,133,251,FINAL (ENTRADA MANUAL)
93,15,1,53,145,10,5,,,0,0,1,40,98,7,5,0,6,3,0,0,0,0,0,0,55,214,404,FINAL (ENTRADA MANUAL)
93,15,2,62,135,5,1,,,1,0,2,50,103,4,0,1,1,1,0,1,0,0,0,0,45,206,404,FINAL (ENTRADA MANUAL)
93,15,3,62,125,7,1,,,0,0,1,53,88,5,0,1,1,3,0,4,0,1,0,0,41,197,404,FINAL (ENTRADA MANUAL)
93,15,4,53,137,7,6,,,0,0,0,43,97,6,5,0,1,1,0,0,0,1,0,0,50,204,405,FINAL (ENTRADA MANUAL)
93,16,1,81,152,8,2,,,0,0,0,56,106,5,2,0,0,7,0,0,0,4,0,0,67,247,456,FINAL (ENTRADA MANUAL)
93,16,2,66,165,9,3,,,0,0,1,49,121,3,3,1,3,3,1,2,2,0,0,0,56,244,456,FINAL (ENTRADA MANUAL)
93,16,3,67,180,5,8,,,0,0,1,57,135,5,7,1,5,6,0,3,0,0,0,0,42,261,456,FINAL (ENTRADA MANUAL)
93,16,4,66,158,8,9,,,0,2,3,56,113,5,7,2,1,4,2,1,4,0,0,0,51,246,456,FINAL (ENTRADA MANUAL)
93,16,5,80,150,7,7,,,1,0,1,70,113,5,5,1,1,5,0,2,2,1,0,0,42,247,456,FINAL (ENTRADA MANUAL)
93,16,6,67,152,5,7,,,1,0,6,49,109,1,6,5,0,3,1,2,1,0,0,0,61,238,453,FINAL (ENTRADA MANUAL)
93,72,1,24,9,0,1,,,0,0,0,23,6,0,1,0,0,0,0,0,1,0,0,0,3,34,0,FINAL (ENTRADA MANUAL)
93,72,2,15,1,0,0,,,0,0,0,14,1,0,0,0,0,0,0,0,0,0,0,0,1,16,0,FINAL (ENTRADA MANUAL)
93,72,3,909,137,6,5,,,1,0,4,834,90,1,4,1,18,6,0,3,0,0,0,0,105,1062,0,FINAL (ENTRADA MANUAL)
93,72,4,386,47,4,2,,,12,1,2,353,29,2,1,2,14,1,1,0,0,0,0,0,53,456,0,FINAL (ENTRADA MANUAL)
93,72,5,22,1,0,0,,,0,0,0,19,1,0,0,0,0,0,0,0,0,0,0,0,3,23,0,FINAL (ENTRADA MANUAL)
93,72,6,2,1,0,0,,,0,0,0,2,1,0,0,0,0,0,0,0,0,0,1,0,0,4,0,FINAL (ENTRADA MANUAL)
93,72,7,7,2,0,0,,,0,0,0,6,0,0,0,0,0,0,0,0,0,0,0,0,3,9,0,FINAL (ENTRADA MANUAL)
93,72,8,3,3,0,0,,,0,0,0,2,3,0,0,0,0,0,0,0,0,0,0,0,1,6,0,FINAL (ENTRADA MANUAL)
93,72,9,0,0,0,0,,,0,0,0,0,0,0,0,0,0,0,0,0,0,0,0,0,0,0,0,FINAL (ENTRADA MANUAL)
93,72,10,0,1,0,0,,,0,0,0,0,1,0,0,0,0,0,0,0,0,0,0,0,0,1,0,FINAL (ENTRADA MANUAL)
93,73,1,51,850,0,2,,,0,0,1,42,768,0,2,0,6,7,0,0,0,0,0,0,79,904,0,FINAL (ENTRADA MANUAL)
93,73,2,0,0,0,0,,,0,0,0,0,0,0,0,0,0,0,0,0,0,0,0,0,0,0,0,FINAL (ENTRADA MANUAL)
93,73,3,0,0,0,0,,,0,0,0,0,0,0,0,0,0,0,0,0,0,0,0,0,0,0,0,FINAL (ENTRADA MANUAL)
93,73,4,0,0,0,0,,,0,0,0,0,0,0,0,0,0,0,0,0,0,0,0,0,0,0,0,FINAL (ENTRADA MANUAL)
93,73,5,11,93,0,1,,,0,0,0,11,91,0,1,0,0,0,0,1,0,0,0,0,1,105,0,FINAL (ENTRADA MANUAL)
93,74,1,3,2,0,0,,,1,0,0,3,1,0,0,0,1,0,0,0,0,0,0,0,1,6,0,FINAL (ENTRADA MANUAL)
93,74,2,0,0,0,0,,,0,0,0,0,0,0,0,0,0,0,0,0,0,0,0,0,0,0,0,FINAL (ENTRADA MANUAL)
93,75,1,0,1,0,0,,,0,1,0,0,1,0,0,0,0,0,0,0,0,0,11,0,1,13,0,FINAL (ENTRADA MANUAL)
93,75,2,0,0,0,0,,,0,0,0,0,0,0,0,0,0,0,0,0,0,0,0,0,0,0,0,FINAL (ENTRADA MANUAL)
93,76,1,18,5,0,0,,,0,0,1,15,3,0,0,0,0,0,0,0,0,2,0,0,6,26,0,FINAL (ENTRADA MANUAL)
93,76,2,0,0,0,0,,,0,0,0,0,0,0,0,0,0,0,0,0,0,0,0,0,0,0,0,FINAL (ENTRADA MANUAL)
93,76,3,7,0,0,0,,,0,0,0,5,0,0,0,0,0,0,0,0,0,0,0,0,2,7,0,FINAL (ENTRADA MANUAL)
93,76,4,0,1,0,0,,,0,0,0,0,1,0,0,0,0,0,0,0,0,0,0,0,0,1,0,FINAL (ENTRADA MANUAL)
93,77,1,7,7,7,3,,,0,0,0,3,4,5,1,0,1,1,0,1,0,0,0,0,6,22,0,FINAL (ENTRADA MANUAL)
93,77,2,10,4,0,0,,,0,0,0,10,1,0,0,0,0,0,1,0,0,0,0,0,2,14,0,FINAL (ENTRADA MANUAL)
93,77,3,1,0,0,0,,,0,0,0,1,0,0,0,0,0,0,0,0,0,0,0,0,0,1,0,FINAL (ENTRADA MANUAL)
93,78,1,12,18,0,0,,,0,0,0,10,15,0,0,0,0,0,0,0,0,0,0,0,5,30,0,FINAL (ENTRADA MANUAL)
93,78,2,0,0,0,0,,,0,0,0,0,0,0,0,0,0,0,0,0,0,0,0,0,0,0,0,FINAL (ENTRADA MANUAL)
93,78,3,0,0,0,0,,,0,0,0,0,0,0,0,0,0,0,0,0,0,0,0,0,0,0,0,FINAL (ENTRADA MANUAL)
93,78,4,3,1,0,0,,,0,1,0,3,1,0,0,0,0,0,0,0,0,0,0,0,1,5,0,FINAL (ENTRADA MANUAL)
93,79,1,2,17,0,0,,,0,0,0,2,17,0,0,0,0,0,0,0,0,0,0,0,0,19,0,FINAL (ENTRADA MANUAL)
94,1,1,65,173,15,,9,,0,0,2,52,133,12,,7,3,7,0,,1,2,0,0,49,266,462,FINAL (ENTRADA MANUAL)
94,1,2,78,167,17,,16,,1,0,0,51,120,14,,14,0,6,1,,1,0,1,0,72,280,463,FINAL (ENTRADA MANUAL)
94,2,1,39,123,7,,12,,0,0,1,33,99,6,,5,1,5,0,,4,0,0,0,29,182,284,FINAL (ENTRADA MANUAL)
94,3,1,93,106,17,,16,,0,0,0,62,71,12,,12,2,3,3,,3,0,0,0,64,232,453,FINAL (ENTRADA MANUAL)
94,3,2,96,105,12,,19,,1,0,0,68,70,7,,16,1,1,5,,1,1,0,0,64,234,453,FINAL (ENTRADA MANUAL)
94,3,3,112,112,22,,14,,0,0,1,75,85,18,,13,2,1,2,,4,1,0,0,61,262,454,FINAL (ENTRADA MANUAL)
94,4,1,80,145,15,,7,,0,0,1,54,97,13,,7,1,2,1,,1,1,0,0,72,249,525,FINAL (ENTRADA MANUAL)
94,4,2,92,131,13,,14,,0,0,0,65,96,8,,9,1,1,3,,1,2,1,0,66,253,525,FINAL (ENTRADA MANUAL)
94,5,1,124,106,16,,9,,1,1,0,93,81,12,,8,2,5,2,,2,1,0,0,52,258,495,FINAL (ENTRADA MANUAL)
94,5,2,131,110,13,,10,,0,1,0,93,80,7,,8,1,2,2,,2,0,0,0,70,265,495,FINAL (ENTRADA MANUAL)
94,6,1,105,86,8,,5,,0,0,1,76,61,5,,3,1,1,0,,0,0,0,0,58,205,440,FINAL (ENTRADA MANUAL)
94,6,2,105,91,10,,4,,0,2,1,64,67,5,,3,2,0,0,,1,0,0,0,71,213,439,FINAL (ENTRADA MANUAL)
94,7,1,136,96,27,,9,,0,0,0,102,65,22,,5,5,3,3,,2,0,0,0,61,268,483,FINAL (ENTRADA MANUAL)
94,7,2,133,100,18,,11,,0,0,2,92,64,12,,5,2,5,3,,1,1,0,0,80,265,483,FINAL (ENTRADA MANUAL)
94,7,3,141,78,41,,9,,0,1,0,92,50,29,,8,2,7,1,,1,3,0,0,80,273,483,FINAL (ENTRADA MANUAL)
94,8,1,113,100,10,,4,,0,0,0,89,60,9,,4,0,4,1,,2,2,0,0,58,229,380,FINAL (ENTRADA MANUAL)
94,8,2,87,85,8,,2,,0,0,1,60,55,5,,2,1,5,0,,1,1,0,0,54,184,380,FINAL (ENTRADA MANUAL)
94,8,3,92,59,8,,5,,0,0,0,67,34,4,,5,1,0,1,,0,1,0,0,52,165,379,FINAL (ENTRADA MANUAL)
94,9,1,38,57,8,,4,,0,0,0,34,43,7,,3,0,0,0,,0,1,0,0,20,108,279,FINAL (ENTRADA MANUAL)
94,9,2,64,60,2,,10,,0,0,0,51,42,2,,9,3,2,3,,0,0,0,0,24,136,279,FINAL (ENTRADA MANUAL)
94,9,3,85,64,5,,7,,0,0,2,65,49,3,,4,2,2,1,,2,2,0,0,35,165,278,FINAL (ENTRADA MANUAL)
94,10,1,91,87,13,,17,,0,0,0,69,66,10,,12,0,3,3,,2,1,0,0,43,209,368,FINAL (ENTRADA MANUAL)
94,10,2,76,104,10,,11,,0,0,1,52,69,7,,8,0,1,0,,1,2,0,0,64,204,368,FINAL (ENTRADA MANUAL)
94,10,3,92,86,11,,17,,0,0,1,77,62,8,,14,0,1,3,,1,2,0,0,41,209,368,FINAL (ENTRADA MANUAL)
94,11,1,112,101,25,,12,,0,0,0,81,69,16,,7,0,5,4,,3,0,0,0,65,250,417,FINAL (ENTRADA MANUAL)
94,11,2,126,78,18,,5,,0,0,0,96,51,10,,5,2,5,0,,2,0,0,0,56,227,417,FINAL (ENTRADA MANUAL)
94,11,3,124,67,17,,12,,0,0,1,105,47,13,,9,3,1,0,,2,3,0,0,41,224,416,FINAL (ENTRADA MANUAL)
94,12,1,118,46,12,,11,,1,0,1,94,34,9,,8,1,1,1,,0,0,0,0,41,189,323,FINAL (ENTRADA MANUAL)
94,12,2,125,49,18,,7,,0,0,1,109,35,10,,6,2,1,2,,2,0,0,0,33,200,323,FINAL (ENTRADA MANUAL)
94,13,1,98,112,37,,9,,0,1,0,76,80,26,,7,4,2,1,,0,3,0,0,61,260,420,FINAL (ENTRADA MANUAL)
94,13,2,94,83,27,,18,,0,0,1,53,46,19,,17,3,5,2,,4,0,0,0,74,223,420,FINAL (ENTRADA MANUAL)
94,14,1,97,68,15,,5,,0,0,0,79,47,10,,4,2,1,3,,1,0,0,0,38,185,318,FINAL (ENTRADA MANUAL)
94,14,2,88,74,10,,2,,0,0,0,65,42,6,,2,1,1,0,,1,1,0,0,56,175,318,FINAL (ENTRADA MANUAL)
94,15,1,94,150,21,,12,,0,0,0,65,94,14,,11,2,6,6,,2,1,0,0,77,278,558,FINAL (ENTRADA MANUAL)
94,15,2,96,138,19,,15,,0,0,0,73,111,14,,14,0,2,2,,2,1,0,0,50,269,558,FINAL (ENTRADA MANUAL)
94,15,3,108,126,21,,24,,0,0,0,83,94,16,,17,1,1,4,,0,6,0,0,63,285,558,FINAL (ENTRADA MANUAL)
94,15,4,97,145,29,,10,,0,1,1,67,85,22,,7,0,2,3,,0,0,0,0,97,283,558,FINAL (ENTRADA MANUAL)
94,16,1,73,116,21,,6,,0,0,0,57,85,13,,6,3,2,1,,2,1,0,0,47,217,428,FINAL (ENTRADA MANUAL)
94,16,2,78,114,17,,9,,0,0,0,57,82,16,,7,1,3,3,,0,1,0,1,49,220,428,FINAL (ENTRADA MANUAL)
94,16,3,84,135,25,,13,,1,0,2,57,99,18,,11,2,3,1,,1,1,0,0,68,261,428,FINAL (ENTRADA MANUAL)
94,16,4,88,117,25,,14,,0,0,1,69,87,16,,12,1,3,1,,0,0,0,0,56,245,428,FINAL (ENTRADA MANUAL)
94,16,5,85,122,28,,6,,0,0,0,69,105,20,,4,2,3,2,,0,2,0,0,36,243,428,FINAL (ENTRADA MANUAL)
94,16,6,105,115,30,,12,,1,0,0,84,77,23,,12,1,3,4,,1,1,0,0,58,264,428,FINAL (ENTRADA MANUAL)
94,17,1,71,76,36,,2,,0,0,1,53,59,29,,2,4,2,2,,0,2,0,0,35,188,402,FINAL (ENTRADA MANUAL)
94,17,2,97,70,33,,6,,0,1,0,68,56,28,,3,2,2,3,,1,0,0,0,44,207,402,FINAL (ENTRADA MANUAL)
94,17,3,87,72,42,,5,,0,0,0,69,57,34,,4,1,2,2,,0,2,0,0,37,208,402,FINAL (ENTRADA MANUAL)
94,17,4,79,87,25,,6,,0,0,1,65,65,19,,3,1,3,1,,0,1,0,0,41,199,402,FINAL (ENTRADA MANUAL)
94,18,1,88,153,7,,6,,0,0,0,65,123,5,,6,0,1,2,,4,2,0,0,48,256,515,FINAL (ENTRADA MANUAL)
94,19,1,82,103,23,,6,,0,1,0,62,74,16,,6,0,3,2,,1,1,0,0,51,216,365,FINAL (ENTRADA MANUAL)
94,19,2,90,90,21,,4,,0,0,0,59,60,12,,3,1,5,2,,0,1,0,0,63,206,365,FINAL (ENTRADA MANUAL)
94,19,3,63,91,22,,12,,0,0,1,49,57,15,,9,1,6,4,,1,1,1,0,47,191,365,FINAL (ENTRADA MANUAL)
94,19,4,53,68,16,,5,,0,0,0,38,48,13,,5,2,2,3,,0,0,0,0,31,142,364,FINAL (ENTRADA MANUAL)
94,20,1,95,102,44,,12,,0,0,0,67,70,27,,8,2,3,2,,1,3,0,0,73,256,440,FINAL (ENTRADA MANUAL)
94,20,2,87,107,38,,8,,0,0,0,67,81,34,,6,7,1,3,,1,1,0,0,40,241,440,FINAL (ENTRADA MANUAL)
94,20,3,79,109,33,,4,,0,0,0,66,82,19,,4,3,1,4,,1,2,0,0,45,227,441,FINAL (ENTRADA MANUAL)
94,21,1,80,121,21,,9,,0,1,1,62,81,13,,7,3,2,3,,1,0,0,0,61,233,438,FINAL (ENTRADA MANUAL)
94,21,2,87,97,17,,6,,3,0,0,65,63,12,,3,1,1,3,,1,0,0,0,61,210,438,FINAL (ENTRADA MANUAL)
94,21,3,93,79,25,,9,,0,1,1,76,55,17,,8,1,1,2,,1,1,0,0,47,209,438,FINAL (ENTRADA MANUAL)
94,22,1,88,145,18,,7,,0,0,0,71,103,14,,4,3,4,0,,0,1,0,0,59,259,476,FINAL (ENTRADA MANUAL)
94,22,2,93,109,18,,5,,0,0,0,84,82,14,,4,2,3,2,,2,2,0,0,32,227,475,FINAL (ENTRADA MANUAL)
94,23,1,127,124,24,,20,,0,0,1,93,78,14,,16,4,3,1,,2,1,0,0,85,297,468,FINAL (ENTRADA MANUAL)
94,23,2,117,83,26,,13,,0,1,3,78,61,23,,10,2,1,3,,1,2,0,0,64,245,468,FINAL (ENTRADA MANUAL)
94,23,3,114,101,29,,8,,0,0,2,82,80,21,,3,0,1,4,,5,2,0,0,58,256,468,FINAL (ENTRADA MANUAL)
94,23,4,105,100,24,,8,,1,1,0,78,73,14,,7,2,6,0,,1,2,0,0,58,241,468,FINAL (ENTRADA MANUAL)
94,23,5,125,99,29,,8,,0,1,0,100,76,22,,5,1,2,1,,1,1,0,0,54,263,468,FINAL (ENTRADA MANUAL)
94,24,1,51,104,17,,5,,1,0,0,35,77,14,,4,0,0,0,,1,0,0,0,47,178,284,FINAL (ENTRADA MANUAL)
94,24,2,56,96,4,,10,,0,0,0,46,64,3,,7,2,0,2,,1,0,0,0,41,166,283,FINAL (ENTRADA MANUAL)
94,25,1,79,100,13,,7,,2,0,0,60,74,10,,6,1,1,1,,2,1,0,0,46,202,367,FINAL (ENTRADA MANUAL)
94,25,2,74,124,13,,11,,1,0,0,53,85,10,,9,3,3,2,,0,1,1,0,58,225,367,FINAL (ENTRADA MANUAL)
94,25,3,81,108,11,,5,,0,0,0,63,84,7,,3,1,5,3,,0,0,0,0,39,205,366,FINAL (ENTRADA MANUAL)
94,26,1,128,102,43,,9,,0,0,1,86,66,35,,9,7,6,3,,1,0,0,0,70,283,444,FINAL (ENTRADA MANUAL)
94,26,2,138,114,29,,11,,0,0,1,114,85,22,,11,3,0,2,,3,2,0,0,53,295,444,FINAL (ENTRADA MANUAL)
94,26,3,116,119,21,,15,,1,0,2,86,76,17,,12,2,6,4,,5,2,0,0,66,276,444,FINAL (ENTRADA MANUAL)
94,26,4,127,111,37,,13,,2,0,0,88,81,29,,7,0,3,1,,2,1,0,1,79,292,442,FINAL (ENTRADA MANUAL)
94,72,1,340,122,8,,4,,0,0,0,312,96,3,,2,4,5,5,,1,0,0,0,46,474,0,FINAL (ENTRADA MANUAL)
94,72,2,39,19,3,,0,,0,0,0,34,13,3,,0,1,3,0,,1,1,0,0,6,62,0,FINAL (ENTRADA MANUAL)
94,72,3,710,355,43,,11,,0,0,0,622,288,34,,9,27,13,2,,1,0,0,0,123,1119,0,FINAL (ENTRADA MANUAL)
94,72,4,122,101,6,,3,,0,0,0,102,81,5,,2,6,0,1,,1,2,0,0,34,234,0,FINAL (ENTRADA MANUAL)
94,72,5,34,11,0,,0,,0,0,0,27,10,0,,0,2,0,0,,0,0,0,0,6,45,0,FINAL (ENTRADA MANUAL)
94,72,6,11,1,0,,0,,0,0,0,9,1,0,,0,1,0,0,,0,0,0,0,1,12,0,FINAL (ENTRADA MANUAL)
94,72,7,17,4,1,,1,,0,0,0,13,3,1,,0,0,1,0,,0,0,0,0,4,23,0,FINAL (ENTRADA MANUAL)
94,72,8,3,1,0,,0,,0,0,0,3,1,0,,0,0,0,0,,0,0,0,0,0,4,0,FINAL (ENTRADA MANUAL)
94,73,1,44,506,1,,4,,0,5,1,31,422,1,,4,13,6,2,,0,0,0,1,82,562,0,FINAL (ENTRADA MANUAL)
94,73,2,0,0,0,,0,,0,0,0,0,0,0,,0,0,0,0,,0,0,0,0,0,0,0,FINAL (ENTRADA MANUAL)
94,73,3,0,0,0,,0,,0,0,0,0,0,0,,0,0,0,0,,0,0,0,0,0,0,0,FINAL (ENTRADA MANUAL)
94,73,4,14,118,1,,2,,0,1,0,12,104,1,,2,5,2,0,,0,1,2,0,10,139,0,FINAL (ENTRADA MANUAL)
94,74,1,4,1,0,,0,,0,0,0,2,1,0,,0,0,0,0,,0,0,0,0,2,5,0,FINAL (ENTRADA MANUAL)
94,74,2,0,0,0,,0,,0,0,0,0,0,0,,0,0,0,0,,0,0,0,0,0,0,0,FINAL (ENTRADA MANUAL)
94,75,1,2,0,0,,0,,1,1,1,2,0,0,,0,0,0,1,,0,0,0,0,2,5,0,FINAL (ENTRADA MANUAL)
94,75,2,0,1,0,,0,,0,0,0,0,1,0,,0,0,0,0,,0,0,0,0,0,1,0,FINAL (ENTRADA MANUAL)
94,76,1,29,9,2,,0,,0,2,0,22,5,1,,0,1,1,0,,0,1,0,0,12,43,0,FINAL (ENTRADA MANUAL)
94,76,2,0,0,0,,0,,0,0,0,0,0,0,,0,0,0,0,,0,0,0,0,0,0,0,FINAL (ENTRADA MANUAL)
94,76,3,8,4,0,,1,,0,0,0,4,1,0,,1,1,0,0,,0,0,0,0,6,13,0,FINAL (ENTRADA MANUAL)
94,76,4,0,0,0,,0,,0,0,0,0,0,0,,0,0,0,0,,0,1,0,0,0,1,0,FINAL (ENTRADA MANUAL)
94,76,5,0,0,1,,0,,0,0,0,0,0,0,,0,0,0,0,,0,0,0,0,1,1,0,FINAL (ENTRADA MANUAL)
94,77,1,0,0,0,,0,,0,0,0,0,0,0,,0,0,0,0,,0,0,0,0,0,0,0,FINAL (ENTRADA MANUAL)
94,77,2,9,17,16,,0,,2,0,0,7,14,13,,0,1,0,3,,0,0,0,0,6,44,0,FINAL (ENTRADA MANUAL)
94,77,3,1,0,5,,0,,0,0,0,0,0,5,,0,0,0,1,,0,0,0,0,0,6,0,FINAL (ENTRADA MANUAL)
94,77,4,1,2,2,,0,,0,0,0,1,2,2,,0,0,0,0,,0,0,0,0,0,5,0,FINAL (ENTRADA MANUAL)
94,78,1,0,0,0,,0,,0,0,0,0,0,0,,0,0,0,0,,0,0,0,0,0,0,0,FINAL (ENTRADA MANUAL)
94,78,2,0,0,0,,0,,0,0,0,0,0,0,,0,0,0,0,,0,0,0,0,0,0,0,FINAL (ENTRADA MANUAL)
94,78,3,0,0,0,,0,,0,0,0,0,0,0,,0,0,0,0,,0,0,0,0,0,0,0,FINAL (ENTRADA MANUAL)
94,78,4,2,0,1,,0,,0,0,0,2,0,1,,0,0,0,0,,0,0,0,0,0,3,0,FINAL (ENTRADA MANUAL)
95,1,1,95,119,,16,16,,2,0,4,80,86,,14,12,0,2,,1,1,0,0,0,56,252,461,FINAL (ENTRADA MANUAL)
95,1,2,70,120,,13,20,,2,0,0,52,80,,10,13,2,2,,3,3,1,0,0,60,226,461,FINAL (ENTRADA MANUAL)
95,1,3,83,101,,16,19,,0,1,1,57,63,,11,11,2,5,,1,0,1,0,0,71,222,461,FINAL (ENTRADA MANUAL)
95,1,4,66,125,,15,16,,1,0,1,50,74,,13,12,4,7,,3,0,0,0,0,61,224,461,FINAL (ENTRADA MANUAL)
95,1,5,70,147,,15,15,,1,1,0,60,103,,13,11,1,1,,3,3,0,0,0,54,249,461,FINAL (ENTRADA MANUAL)
95,1,6,58,125,,9,16,,0,0,0,51,104,,8,11,4,4,,0,1,0,1,0,25,209,461,FINAL (ENTRADA MANUAL)
95,1,7,75,114,,14,20,,1,0,3,56,80,,9,10,1,1,,0,0,1,0,0,70,228,462,FINAL (ENTRADA MANUAL)
95,2,1,87,93,,8,24,,1,0,0,72,73,,5,20,2,0,,0,1,0,0,0,40,213,415,FINAL (ENTRADA MANUAL)
95,2,2,89,87,,11,27,,0,1,0,76,62,,9,23,2,2,,1,1,0,0,0,39,215,415,FINAL (ENTRADA MANUAL)
95,3,1,76,98,,10,28,,0,0,1,55,55,,5,19,0,2,,4,0,2,0,0,73,215,415,FINAL (ENTRADA MANUAL)
95,3,2,85,112,,14,18,,0,0,0,64,81,,6,14,4,2,,1,2,2,0,0,55,231,415,FINAL (ENTRADA MANUAL)
95,3,3,62,120,,6,19,,0,0,0,59,88,,2,13,4,5,,0,1,4,0,0,35,211,416,FINAL (ENTRADA MANUAL)
95,4,1,62,103,,9,20,,0,0,0,54,80,,8,14,2,0,,1,2,0,0,0,33,194,328,FINAL (ENTRADA MANUAL)
95,4,2,64,76,,9,16,,1,0,0,50,50,,6,13,2,2,,0,1,0,0,0,42,166,327,FINAL (ENTRADA MANUAL)
95,5,1,75,91,,11,13,,0,0,0,68,64,,8,12,0,0,,3,1,1,0,0,34,191,422,FINAL (ENTRADA MANUAL)
95,5,2,67,95,,8,12,,2,0,0,57,69,,6,6,1,0,,0,1,0,0,0,44,184,421,FINAL (ENTRADA MANUAL)
95,6,1,108,112,,13,14,,0,0,1,88,83,,11,13,1,0,,1,0,1,0,0,51,249,461,FINAL (ENTRADA MANUAL)
95,6,2,78,98,,10,9,,0,0,0,62,60,,7,8,1,2,,0,1,1,0,0,54,196,461,FINAL (ENTRADA MANUAL)
95,7,1,113,118,,7,27,,0,0,0,98,85,,5,17,1,2,,0,2,0,0,0,55,265,539,FINAL (ENTRADA MANUAL)
95,7,2,95,106,,12,23,,0,0,0,78,71,,10,17,2,0,,1,3,1,0,0,54,237,539,FINAL (ENTRADA MANUAL)
95,8,1,80,125,,6,12,,0,0,1,62,81,,4,12,0,4,,1,0,3,0,0,60,227,417,FINAL (ENTRADA MANUAL)
95,8,2,76,107,,6,26,,0,0,1,64,69,,4,16,4,1,,2,2,1,1,0,54,218,417,FINAL (ENTRADA MANUAL)
95,8,3,85,123,,4,12,,0,0,0,71,89,,3,10,3,5,,1,0,1,1,0,42,226,418,FINAL (ENTRADA MANUAL)
95,9,1,100,115,,15,39,,0,0,1,67,83,,6,31,3,2,,1,0,0,0,0,77,270,425,FINAL (ENTRADA MANUAL)
95,9,2,72,119,,4,38,,0,1,1,56,80,,2,28,0,8,,3,3,1,0,0,55,236,425,FINAL (ENTRADA MANUAL)
95,10,1,54,118,,8,31,,0,0,0,47,89,,4,22,3,5,,1,2,0,0,0,38,211,408,FINAL (ENTRADA MANUAL)
95,10,2,69,108,,5,27,,0,0,3,55,84,,2,19,2,0,,1,3,1,0,0,46,213,407,FINAL (ENTRADA MANUAL)
95,11,1,41,214,,14,39,,0,0,1,35,173,,12,30,2,1,,1,0,0,0,0,55,309,452,FINAL (ENTRADA MANUAL)
95,11,2,24,231,,4,29,,0,0,1,22,172,,3,25,0,0,,0,1,0,0,0,66,289,453,FINAL (ENTRADA MANUAL)
95,12,1,58,138,,11,29,,0,0,0,46,95,,10,19,0,4,,0,2,1,0,0,60,237,423,FINAL (ENTRADA MANUAL)
95,12,2,46,148,,9,17,,0,0,0,36,115,,8,11,1,4,,0,0,1,0,0,45,221,423,FINAL (ENTRADA MANUAL)
95,12,3,53,144,,4,31,,0,1,0,48,105,,4,27,0,2,,1,1,4,0,0,45,237,424,FINAL (ENTRADA MANUAL)
95,72,1,17,7,,0,6,,0,0,0,17,1,,0,3,1,2,,0,0,0,0,0,6,30,0,FINAL (ENTRADA MANUAL)
95,72,2,4,0,,0,0,,0,0,0,4,0,,0,0,0,0,,0,0,0,0,0,0,4,0,FINAL (ENTRADA MANUAL)
95,72,3,430,79,,10,19,,0,0,0,389,48,,7,11,7,4,,0,2,0,0,0,70,538,0,FINAL (ENTRADA MANUAL)
95,72,4,20,1,,0,0,,0,0,0,21,1,,0,0,0,0,,0,0,0,1,0,2,25,0,FINAL (ENTRADA MANUAL)
95,72,5,4,1,,0,0,,0,0,0,4,0,,0,0,0,0,,0,0,0,0,0,1,5,0,FINAL (ENTRADA MANUAL)
95,72,6,5,0,,0,0,,0,0,0,4,0,,0,0,0,0,,0,0,0,0,0,1,5,0,FINAL (ENTRADA MANUAL)
95,72,7,4,1,,0,0,,0,0,0,4,0,,0,0,0,0,,0,0,0,0,0,1,5,0,FINAL (ENTRADA MANUAL)
95,73,1,40,526,,0,4,,0,0,0,30,410,,0,0,2,3,,1,0,0,0,0,124,570,0,FINAL (ENTRADA MANUAL)
95,73,2,9,95,,0,0,,0,0,0,9,87,,0,0,1,0,,1,1,2,0,0,5,106,0,FINAL (ENTRADA MANUAL)
95,74,1,1,0,,0,0,,0,0,0,1,0,,0,0,0,0,,0,0,0,0,0,0,1,0,FINAL (ENTRADA MANUAL)
95,74,2,0,0,,0,0,,0,0,0,0,0,,0,0,0,0,,0,0,0,0,0,0,0,0,FINAL (ENTRADA MANUAL)
95,75,1,2,2,,0,0,,0,0,0,2,1,,0,0,0,0,,0,0,0,0,0,1,4,0,FINAL (ENTRADA MANUAL)
95,76,1,16,2,,0,0,,0,0,1,13,1,,0,0,0,0,,0,0,0,0,0,5,19,0,FINAL (ENTRADA MANUAL)
95,76,2,0,0,,0,0,,0,0,0,0,0,,0,0,0,0,,0,0,0,0,0,0,0,0,FINAL (ENTRADA MANUAL)
95,76,3,1,1,,0,0,,0,0,0,1,0,,0,0,0,0,,0,0,0,0,0,1,2,0,FINAL (ENTRADA MANUAL)
95,76,5,1,0,,0,0,,0,0,0,1,0,,0,0,0,0,,0,0,0,0,0,0,1,0,FINAL (ENTRADA MANUAL)
95,76,6,0,0,,0,0,,0,0,0,0,0,,0,0,0,0,,0,0,0,0,0,0,0,0,FINAL (ENTRADA MANUAL)
95,77,1,0,0,,0,0,,0,0,0,0,0,,0,0,0,0,,0,0,0,0,0,0,0,0,FINAL (ENTRADA MANUAL)
95,77,2,8,15,,2,1,,0,0,0,7,9,,1,1,0,2,,0,1,0,0,0,5,26,0,FINAL (ENTRADA MANUAL)
95,77,3,2,0,,0,1,,0,0,0,2,0,,0,0,0,0,,0,0,0,0,0,1,3,0,FINAL (ENTRADA MANUAL)
95,77,4,0,0,,0,1,,0,0,0,0,0,,0,0,0,0,,0,1,0,0,1,0,1,0,FINAL (ENTRADA MANUAL)
95,78,1,9,23,,1,5,,0,0,0,8,11,,1,3,1,0,,1,1,0,0,0,12,38,0,FINAL (ENTRADA MANUAL)
95,78,2,0,0,,0,0,,0,0,0,0,0,,0,0,0,0,,0,0,0,0,0,0,0,0,FINAL (ENTRADA MANUAL)
95,78,3,0,0,,0,0,,0,0,0,0,0,,0,0,0,0,,0,0,0,0,0,0,0,0,FINAL (ENTRADA MANUAL)
95,78,4,0,0,,0,0,,0,0,0,0,0,,0,0,0,0,,0,0,0,0,0,0,0,0,FINAL (ENTRADA MANUAL)
114,1,1,188,25,,16,,,0,0,2,121,20,0,12,2,6,3,0,6,3,1,0,0,58,232,465,FINAL (ENTRADA MANUAL)
114,1,2,188,20,,6,,,1,1,4,128,14,0,3,3,6,2,0,2,0,0,0,0,62,220,465,FINAL (ENTRADA MANUAL)
114,1,3,194,35,,18,,,0,0,4,112,22,0,10,2,10,1,0,8,0,0,1,0,86,252,465,FINAL (ENTRADA MANUAL)
114,1,4,206,21,,14,,,0,0,3,123,9,0,10,3,2,6,0,3,1,3,0,0,87,247,465,FINAL (ENTRADA MANUAL)
114,1,5,214,22,,21,,,0,0,2,143,15,0,9,1,4,5,1,13,0,0,0,0,68,259,466,FINAL (ENTRADA MANUAL)
114,72,1,9,2,,0,,,0,0,0,8,2,0,0,0,0,0,0,0,0,0,0,0,1,11,0,FINAL (ENTRADA MANUAL)
114,72,2,0,0,,0,,,0,0,0,0,0,0,0,0,0,0,0,0,0,0,0,0,0,0,0,FINAL (ENTRADA MANUAL)
114,72,3,231,21,,0,,,1,0,4,191,16,0,0,2,5,1,0,0,1,0,0,0,41,257,0,FINAL (ENTRADA MANUAL)
114,72,4,28,4,,1,,,0,0,0,22,2,0,1,0,0,2,0,1,0,1,0,0,5,34,0,FINAL (ENTRADA MANUAL)
114,72,5,16,0,,0,,,0,0,0,10,0,0,0,0,1,0,0,0,0,0,0,0,5,16,0,FINAL (ENTRADA MANUAL)
114,72,6,2,0,,0,,,0,0,0,1,0,0,0,0,0,0,0,0,0,0,0,0,1,2,0,FINAL (ENTRADA MANUAL)
114,72,7,13,1,,0,,,0,0,0,10,1,0,0,0,0,0,0,0,0,0,0,0,3,14,0,FINAL (ENTRADA MANUAL)
114,72,8,1,0,,0,,,0,0,0,1,0,0,0,0,0,0,0,0,0,0,0,0,0,1,0,FINAL (ENTRADA MANUAL)
114,73,1,13,10,,0,,,0,0,1,11,8,0,0,0,2,1,1,0,0,0,0,0,3,24,0,FINAL (ENTRADA MANUAL)
114,73,2,1,0,,0,,,0,0,0,1,0,0,0,0,0,0,0,0,0,0,0,0,0,1,0,FINAL (ENTRADA MANUAL)
114,74,1,0,0,,0,,,0,0,0,0,0,0,0,0,0,0,0,0,0,0,0,0,0,0,0,FINAL (ENTRADA MANUAL)
114,74,2,0,0,,0,,,0,0,0,0,0,0,0,0,0,0,0,0,0,0,0,0,0,0,0,FINAL (ENTRADA MANUAL)
114,75,1,0,0,,0,,,0,0,0,0,0,0,0,0,0,0,0,0,0,0,0,0,0,0,0,FINAL (ENTRADA MANUAL)
114,76,1,0,0,,1,,,0,0,0,0,0,0,1,0,0,0,0,0,0,0,0,0,0,1,0,FINAL (ENTRADA MANUAL)
114,76,2,0,0,,0,,,0,0,0,0,0,0,0,0,0,0,0,0,0,0,0,0,0,0,0,FINAL (ENTRADA MANUAL)
114,76,3,0,0,,0,,,0,0,0,0,0,0,0,0,0,0,0,0,0,0,0,0,0,0,0,FINAL (ENTRADA MANUAL)
114,76,5,1,0,,0,,,0,0,0,0,0,0,0,0,0,0,0,0,0,0,0,0,1,1,0,FINAL (ENTRADA MANUAL)
114,76,6,0,0,,0,,,0,0,0,0,0,0,0,0,0,0,0,0,0,0,0,0,0,0,0,FINAL (ENTRADA MANUAL)
114,77,1,4,0,,1,,,0,0,0,2,0,0,0,0,0,0,0,1,0,0,0,0,2,5,0,FINAL (ENTRADA MANUAL)
114,77,2,0,0,,0,,,0,0,0,0,0,0,0,0,0,0,0,0,0,0,0,0,0,0,0,FINAL (ENTRADA MANUAL)
114,78,1,5,0,,0,,,0,0,0,2,0,0,0,0,0,0,0,0,0,0,0,0,3,5,0,FINAL (ENTRADA MANUAL)
114,78,2,0,0,,0,,,0,0,0,0,0,0,0,0,0,0,0,0,0,0,0,0,0,0,0,FINAL (ENTRADA MANUAL)
114,78,3,0,0,,0,,,0,0,0,0,0,0,0,0,0,0,0,0,0,0,0,0,0,0,0,FINAL (ENTRADA MANUAL)
114,78,4,1,0,,0,,,0,0,0,0,0,0,0,0,0,0,0,0,0,0,0,0,1,1,0,FINAL (ENTRADA MANUAL)
96,1,1,185,37,19,,4,1,0,0,1,119,23,1,0,3,4,5,5,3,0,1,0,0,84,248,569,FINAL (ENTRADA MANUAL)
96,1,2,150,39,22,,5,2,1,0,4,93,28,0,1,1,6,1,3,7,0,0,0,0,83,223,569,FINAL (ENTRADA MANUAL)
96,1,3,156,33,24,,2,5,1,2,1,96,23,4,0,1,2,5,4,5,0,0,0,0,84,224,570,FINAL (ENTRADA MANUAL)
96,2,1,141,17,24,,4,1,4,0,4,75,14,2,1,3,2,1,5,4,1,1,0,0,87,196,420,FINAL (ENTRADA MANUAL)
96,2,2,124,26,10,,4,1,1,0,5,63,19,1,2,1,3,1,2,2,2,1,0,0,75,172,421,FINAL (ENTRADA MANUAL)
96,3,1,129,29,17,,1,4,0,0,4,66,22,2,3,0,4,4,0,4,0,1,0,0,79,185,402,FINAL (ENTRADA MANUAL)
96,3,2,118,32,21,,1,3,1,0,8,71,17,2,4,1,3,3,5,9,0,1,1,0,69,186,403,FINAL (ENTRADA MANUAL)
96,4,1,168,29,23,,4,0,4,0,6,90,20,2,3,0,3,1,5,2,1,3,0,0,107,237,516,FINAL (ENTRADA MANUAL)
96,4,2,148,48,15,,6,3,2,0,3,95,36,3,1,4,3,3,3,3,0,0,0,1,74,226,516,FINAL (ENTRADA MANUAL)
96,4,3,156,35,16,,6,1,4,0,0,89,24,0,0,3,1,1,6,4,2,1,1,0,88,220,517,FINAL (ENTRADA MANUAL)
96,72,1,17,180,1,,0,0,0,0,2,14,170,0,1,0,5,0,1,0,0,0,0,0,9,200,0,FINAL (ENTRADA MANUAL)
96,72,2,1,6,1,,0,0,0,0,0,0,6,0,0,0,0,0,0,0,0,0,0,0,2,8,0,FINAL (ENTRADA MANUAL)
96,72,3,32,145,6,,0,0,0,1,0,21,126,0,0,0,2,1,2,1,0,0,0,0,31,184,0,FINAL (ENTRADA MANUAL)
96,72,4,4,5,1,,0,0,0,0,0,3,2,0,0,0,0,2,0,0,0,0,0,0,3,10,0,FINAL (ENTRADA MANUAL)
96,72,5,1,11,0,,0,0,0,0,0,1,10,0,0,0,0,0,0,0,0,0,0,0,1,12,0,FINAL (ENTRADA MANUAL)
96,72,6,1,1,0,,0,0,0,0,0,1,1,0,0,0,0,0,0,0,0,0,0,0,0,2,0,FINAL (ENTRADA MANUAL)
96,72,7,2,1,0,,0,0,0,0,0,2,1,0,0,0,0,0,0,0,0,0,0,0,0,3,0,FINAL (ENTRADA MANUAL)
96,73,1,0,0,0,,0,0,0,0,0,0,0,0,0,0,0,0,0,0,0,0,0,0,0,0,0,FINAL (ENTRADA MANUAL)
96,73,2,0,0,0,,0,0,0,0,0,0,0,0,0,0,0,0,0,0,0,0,0,0,0,0,0,FINAL (ENTRADA MANUAL)
96,74,1,0,0,0,,0,0,0,0,0,0,0,0,0,0,0,0,0,0,0,0,0,0,0,0,0,FINAL (ENTRADA MANUAL)
96,74,2,0,0,0,,0,0,0,0,0,0,0,0,0,0,0,0,0,0,0,0,0,0,0,0,0,FINAL (ENTRADA MANUAL)
96,75,1,0,0,0,,0,0,0,0,0,0,0,0,0,0,0,0,0,0,0,0,0,0,0,0,0,FINAL (ENTRADA MANUAL)
96,76,1,7,0,0,,0,0,0,1,0,5,0,0,0,0,0,0,0,0,0,1,0,0,3,9,0,FINAL (ENTRADA MANUAL)
96,76,2,0,0,0,,0,0,0,0,0,0,0,0,0,0,0,0,0,0,0,0,0,0,0,0,0,FINAL (ENTRADA MANUAL)
96,76,3,2,0,0,,0,0,0,0,0,1,0,0,0,0,0,0,0,0,0,0,0,0,1,2,0,FINAL (ENTRADA MANUAL)
96,76,4,0,0,0,,0,0,0,0,0,0,0,0,0,0,0,0,0,0,0,0,0,0,0,0,0,FINAL (ENTRADA MANUAL)
96,76,5,1,0,0,,0,0,0,0,0,0,0,0,0,0,0,0,0,0,0,0,0,0,1,1,0,FINAL (ENTRADA MANUAL)
96,76,6,0,0,0,,0,0,0,0,0,0,0,0,0,0,0,0,0,0,0,0,0,0,0,0,0,FINAL (ENTRADA MANUAL)
96,77,1,6,2,3,,0,0,0,0,0,3,0,0,0,0,0,0,0,3,0,0,0,0,4,10,0,FINAL (ENTRADA MANUAL)
96,77,2,1,0,0,,0,0,0,0,0,1,0,0,0,0,0,0,0,0,0,0,0,0,0,1,0,FINAL (ENTRADA MANUAL)
96,77,3,0,0,1,,0,0,0,0,0,0,0,0,0,0,0,0,0,1,0,0,0,0,0,1,0,FINAL (ENTRADA MANUAL)
96,78,1,0,0,0,,0,0,0,0,0,0,0,0,0,0,0,0,0,0,0,0,0,0,0,0,0,FINAL (ENTRADA MANUAL)
96,78,2,0,0,0,,0,0,0,0,0,0,0,0,0,0,0,0,0,0,0,0,0,0,0,0,0,FINAL (ENTRADA MANUAL)
96,78,3,0,0,0,,0,0,0,0,0,0,0,0,0,0,0,0,0,0,0,0,0,0,0,0,0,FINAL (ENTRADA MANUAL)
96,78,4,0,0,0,,0,0,0,0,0,0,0,0,0,0,0,0,0,0,0,0,0,0,0,0,0,FINAL (ENTRADA MANUAL)
97,1,1,152,53,,,,,2,0,3,111,32,0,,,4,2,3,,,0,1,0,58,211,320,FINAL (ENTRADA MANUAL)
97,1,2,119,36,,,,,2,0,0,77,19,0,,,2,1,0,,,2,0,0,58,159,320,FINAL (ENTRADA MANUAL)
97,1,3,129,61,,,,,1,0,1,92,30,0,,,1,1,3,,,0,0,0,65,192,320,FINAL (ENTRADA MANUAL)
97,2,1,121,47,,,,,1,0,1,92,30,1,,,2,2,3,,,1,0,0,40,171,336,FINAL (ENTRADA MANUAL)
97,2,2,124,42,,,,,0,0,2,77,23,1,,,0,6,2,,,0,0,0,59,168,337,FINAL (ENTRADA MANUAL)
97,72,1,1,1,,,,,0,0,0,1,0,0,,,0,0,0,,,0,0,0,1,2,0,FINAL (ENTRADA MANUAL)
97,72,2,0,0,,,,,0,0,0,0,0,0,,,0,0,0,,,0,0,0,0,0,0,FINAL (ENTRADA MANUAL)
97,72,3,0,0,,,,,0,0,0,0,0,0,,,0,0,0,,,0,0,0,0,0,0,FINAL (ENTRADA MANUAL)
97,72,4,67,22,,,,,0,0,0,55,18,0,,,0,0,1,,,0,0,0,15,89,0,FINAL (ENTRADA MANUAL)
97,72,5,1,0,,,,,0,0,0,1,0,0,,,0,0,0,,,0,0,0,0,1,0,FINAL (ENTRADA MANUAL)
97,72,6,1,1,,,,,0,0,0,0,1,0,,,0,0,0,,,0,0,0,1,2,0,FINAL (ENTRADA MANUAL)
97,72,7,1,1,,,,,0,0,0,1,0,0,,,0,0,0,,,0,0,0,1,2,0,FINAL (ENTRADA MANUAL)
97,72,8,1,0,,,,,0,0,0,1,0,0,,,0,0,0,,,0,0,0,0,1,0,FINAL (ENTRADA MANUAL)
97,72,9,0,0,,,,,0,0,0,0,0,0,,,0,0,0,,,0,0,0,0,0,0,FINAL (ENTRADA MANUAL)
97,72,10,15,3,,,,,0,1,0,12,3,1,,,0,0,0,,,0,1,0,3,1,0,FINAL (ENTRADA MANUAL)
97,73,1,5,21,,,,,0,0,0,4,16,0,,,0,0,0,,,0,0,0,6,26,0,FINAL (ENTRADA MANUAL)
97,73,2,1,7,,,,,0,0,0,1,7,0,,,0,0,0,,,0,0,0,0,8,0,FINAL (ENTRADA MANUAL)
97,74,1,0,1,,,,,0,0,0,0,1,0,,,0,0,0,,,0,0,0,0,1,0,FINAL (ENTRADA MANUAL)
97,74,2,0,0,,,,,0,0,0,0,0,0,,,0,0,0,,,0,0,0,0,0,0,FINAL (ENTRADA MANUAL)
97,75,1,0,0,,,,,0,0,0,0,0,0,,,0,0,0,,,0,0,0,0,0,0,FINAL (ENTRADA MANUAL)
97,76,1,1,0,,,,,0,0,0,1,0,0,,,0,0,0,,,0,0,0,0,1,0,FINAL (ENTRADA MANUAL)
97,76,2,0,1,,,,,0,0,0,0,0,0,,,1,0,0,,,0,0,0,0,1,0,FINAL (ENTRADA MANUAL)
97,76,3,0,1,,,,,0,0,0,0,1,0,,,0,0,0,,,0,0,0,0,1,0,FINAL (ENTRADA MANUAL)
97,77,1,0,0,,,,,0,0,0,0,0,0,,,0,0,0,,,0,0,0,0,0,0,FINAL (ENTRADA MANUAL)
97,77,2,5,0,,,,,0,0,0,5,0,0,,,0,0,0,,,0,0,0,5,5,0,FINAL (ENTRADA MANUAL)
97,78,1,21,3,,,,,0,0,0,13,2,0,,,0,0,0,,,0,0,0,9,24,0,FINAL (ENTRADA MANUAL)
97,78,2,0,0,,,,,0,0,0,0,0,0,,,0,0,0,,,0,0,0,0,0,0,FINAL (ENTRADA MANUAL)
97,78,3,0,0,,,,,0,0,0,0,0,0,,,0,0,0,,,0,0,0,0,0,0,FINAL (ENTRADA MANUAL)
97,78,4,0,0,,,,,0,0,0,0,0,0,,,0,0,0,,,0,0,0,0,0,0,FINAL (ENTRADA MANUAL)
98,1,1,149,63,,6,19,,1,0,1,98,39,,6,9,6,3,,2,0,1,0,0,76,240,511,FINAL (ENTRADA MANUAL)
98,1,2,111,57,,12,28,,0,0,1,68,32,,10,15,4,1,,0,0,0,1,0,79,210,511,FINAL (ENTRADA MANUAL)
98,1,3,125,68,,5,17,,0,0,0,89,48,,4,8,4,3,,0,1,2,0,0,58,217,511,FINAL (ENTRADA MANUAL)
98,1,4,154,50,,6,13,,2,1,0,92,34,,6,6,6,3,,0,1,0,0,0,78,226,511,FINAL (ENTRADA MANUAL)
98,2,1,145,43,,17,20,,2,0,0,91,26,,9,12,8,6,,8,2,2,0,0,65,229,459,FINAL (ENTRADA MANUAL)
98,3,1,137,38,,5,19,,1,0,2,90,24,,4,12,4,2,,1,1,1,0,0,64,203,526,FINAL (ENTRADA MANUAL)
98,3,2,131,46,,7,33,,1,0,0,82,24,,6,22,5,4,,1,2,0,0,0,72,218,525,FINAL (ENTRADA MANUAL)
98,4,1,47,19,,2,8,,0,0,0,34,12,,2,6,3,2,,0,1,0,0,0,16,76,120,FINAL (ENTRADA MANUAL)
98,5,1,147,50,,3,13,,0,0,2,78,34,,2,7,5,3,,1,0,0,0,0,85,215,451,FINAL (ENTRADA MANUAL)
98,5,2,132,51,,13,10,,1,1,0,76,33,,9,4,4,2,,1,1,3,0,0,78,211,451,FINAL (ENTRADA MANUAL)
98,5,3,150,51,,7,20,,1,0,1,79,31,,3,12,9,1,,0,0,0,0,0,95,230,451,FINAL (ENTRADA MANUAL)
98,5,4,137,47,,12,26,,3,1,1,93,28,,7,15,3,5,,0,2,2,1,0,74,230,452,FINAL (ENTRADA MANUAL)
98,6,1,125,49,,3,21,,0,0,1,99,40,,3,11,1,0,,2,2,0,0,0,41,199,446,FINAL (ENTRADA MANUAL)
98,6,2,126,53,,9,14,,0,0,0,91,37,,8,9,0,0,,0,0,0,0,0,57,202,446,FINAL (ENTRADA MANUAL)
98,6,3,112,44,,8,15,,2,0,0,76,29,,6,11,5,1,,0,1,3,0,0,52,184,447,FINAL (ENTRADA MANUAL)
98,7,1,135,52,,11,16,,1,0,0,89,36,,6,5,3,1,,2,1,0,0,0,72,215,436,FINAL (ENTRADA MANUAL)
98,7,2,117,60,,6,19,,5,0,0,77,38,,5,13,1,2,,2,0,0,0,0,69,207,435,FINAL (ENTRADA MANUAL)
98,72,1,11,23,,1,1,,0,0,0,9,9,,1,0,1,12,,0,0,0,0,0,4,36,0,FINAL (ENTRADA MANUAL)
98,72,2,0,4,,0,1,,0,0,0,0,1,,0,1,2,0,,0,0,0,0,0,1,5,0,FINAL (ENTRADA MANUAL)
98,72,3,131,147,,7,6,,1,0,2,95,87,,3,3,9,15,,3,0,0,0,0,79,294,0,FINAL (ENTRADA MANUAL)
98,72,4,14,23,,0,1,,1,0,0,12,17,,0,1,2,1,,0,0,3,3,0,6,45,0,FINAL (ENTRADA MANUAL)
98,72,5,2,12,,2,0,,0,0,0,2,8,,1,0,0,2,,0,0,0,0,0,3,16,0,FINAL (ENTRADA MANUAL)
98,72,6,2,4,,0,0,,0,0,0,0,4,,0,0,1,0,,1,0,0,0,0,0,6,0,FINAL (ENTRADA MANUAL)
98,72,7,5,0,,0,0,,0,0,0,3,0,,0,0,0,0,,0,0,0,0,0,2,5,0,FINAL (ENTRADA MANUAL)
98,73,1,602,140,,5,9,,0,1,1,437,102,,3,4,12,16,,1,1,0,1,0,182,759,0,FINAL (ENTRADA MANUAL)
98,73,2,0,0,,0,0,,0,0,0,0,0,,0,0,0,0,,0,0,0,0,0,0,0,0,FINAL (ENTRADA MANUAL)
98,73,3,0,0,,0,0,,0,0,0,0,0,,0,0,0,0,,0,0,0,0,0,0,0,0,FINAL (ENTRADA MANUAL)
98,73,4,11,6,,0,0,,2,0,0,7,3,,0,0,0,1,,0,0,3,3,0,8,25,0,FINAL (ENTRADA MANUAL)
98,74,1,0,1,,0,0,,0,0,0,0,1,,0,0,0,0,,0,0,0,0,0,0,1,0,FINAL (ENTRADA MANUAL)
98,74,2,0,0,,0,0,,0,0,0,0,0,,0,0,0,0,,0,0,0,0,0,0,0,0,FINAL (ENTRADA MANUAL)
98,75,1,0,0,,0,0,,0,0,0,0,0,,0,0,0,0,,0,0,0,0,0,0,0,0,FINAL (ENTRADA MANUAL)
98,76,1,7,1,,0,0,,0,0,0,5,0,,0,0,0,0,,0,0,0,0,0,3,8,0,FINAL (ENTRADA MANUAL)
98,76,2,0,0,,0,0,,0,0,0,0,0,,0,0,0,0,,0,0,0,0,0,0,0,0,FINAL (ENTRADA MANUAL)
98,76,3,3,0,,0,0,,0,0,0,3,0,,0,0,0,0,,0,0,0,0,0,0,3,0,FINAL (ENTRADA MANUAL)
98,77,1,0,0,,0,0,,0,0,0,0,0,,0,0,0,0,,0,0,0,0,0,0,0,0,FINAL (ENTRADA MANUAL)
98,77,2,13,0,,2,1,,0,0,6,6,0,,2,1,0,2,,0,0,0,0,0,5,16,0,FINAL (ENTRADA MANUAL)
98,77,3,4,0,,1,0,,0,0,0,3,0,,1,0,0,0,,0,0,0,0,0,1,5,0,FINAL (ENTRADA MANUAL)
98,77,4,1,0,,0,0,,0,0,0,0,0,,0,0,0,1,,0,0,0,0,0,0,1,0,FINAL (ENTRADA MANUAL)
98,78,1,14,7,,3,1,,1,0,0,9,5,,0,1,1,0,,1,0,0,0,0,9,26,0,FINAL (ENTRADA MANUAL)
98,78,2,0,0,,0,0,,0,0,0,0,0,,0,0,0,0,,0,0,0,0,0,0,0,0,FINAL (ENTRADA MANUAL)
98,78,3,0,0,,0,0,,0,0,0,0,0,,0,0,0,0,,0,0,0,0,0,0,0,0,FINAL (ENTRADA MANUAL)
98,78,4,0,0,,0,0,,0,0,0,0,0,,0,0,0,0,,0,0,0,0,0,0,0,0,FINAL (ENTRADA MANUAL)
99,1,1,152,35,,28,19,,9,2,2,99,26,,19,9,0,1,,1,3,0,1,0,89,248,499,FINAL (ENTRADA MANUAL)
99,1,2,194,26,,22,24,,10,0,0,117,20,,11,13,6,4,,4,3,3,0,0,98,279,499,FINAL (ENTRADA MANUAL)
99,2,1,134,30,,22,11,,21,0,1,98,23,,15,6,4,1,,0,2,4,0,0,70,223,496,FINAL (ENTRADA MANUAL)
99,2,2,145,15,,19,13,,9,0,0,106,12,,16,4,1,1,,1,3,1,0,0,57,202,497,FINAL (ENTRADA MANUAL)
99,3,1,150,25,,22,19,,8,0,2,90,22,,17,8,6,3,,2,1,0,0,0,77,226,483,FINAL (ENTRADA MANUAL)
99,3,2,140,25,,15,25,,3,1,1,89,19,,12,16,9,2,,1,1,1,0,0,61,211,483,FINAL (ENTRADA MANUAL)
99,3,3,145,41,,13,9,,8,0,2,95,32,,12,5,8,3,,1,1,2,0,0,61,220,483,FINAL (ENTRADA MANUAL)
99,3,4,140,25,,13,14,,11,0,1,96,17,,9,7,6,2,,1,0,4,0,0,66,208,483,FINAL (ENTRADA MANUAL)
99,3,5,132,28,,14,13,,6,0,0,84,19,,10,7,3,3,,3,1,2,0,0,63,195,483,FINAL (ENTRADA MANUAL)
99,3,6,132,32,,16,22,,11,0,0,97,29,,14,13,7,0,,1,1,0,0,0,51,213,483,FINAL (ENTRADA MANUAL)
99,3,7,129,19,,25,18,,12,1,0,71,12,,15,8,5,6,,3,1,1,0,0,83,205,484,FINAL (ENTRADA MANUAL)
99,4,1,137,18,,13,21,,11,2,3,98,14,,6,11,6,8,,2,0,4,0,0,60,209,504,FINAL (ENTRADA MANUAL)
99,5,1,155,16,,29,17,,17,0,6,110,12,,24,9,3,3,,2,0,0,0,0,77,240,522,FINAL (ENTRADA MANUAL)
99,5,2,150,20,,15,15,,16,0,2,110,16,,10,10,3,2,,0,1,0,0,0,66,218,522,FINAL (ENTRADA MANUAL)
99,5,3,137,24,,18,17,,12,0,2,91,18,,10,12,2,0,,6,0,1,0,0,71,211,522,FINAL (ENTRADA MANUAL)
99,5,4,158,23,,15,27,,16,2,2,105,19,,9,12,5,3,,3,1,0,0,0,86,243,523,FINAL (ENTRADA MANUAL)
99,6,1,169,16,,22,23,,24,0,0,107,15,,16,13,3,2,,3,0,0,0,0,95,254,472,FINAL (ENTRADA MANUAL)
99,6,2,151,22,,15,20,,33,0,2,103,17,,10,8,5,2,,2,0,3,0,0,96,246,472,FINAL (ENTRADA MANUAL)
99,6,3,138,28,,25,33,,18,0,0,80,23,,21,20,10,2,,3,0,1,0,0,83,243,472,FINAL (ENTRADA MANUAL)
99,6,4,138,18,,23,24,,26,0,0,88,13,,19,11,7,1,,0,2,4,1,0,88,234,472,FINAL (ENTRADA MANUAL)
99,6,5,176,32,,14,17,,17,0,1,110,21,,11,11,4,3,,1,2,0,0,0,94,257,473,FINAL (ENTRADA MANUAL)
99,7,1,169,25,,28,23,,20,0,4,94,21,,20,15,5,3,,2,1,4,0,0,108,273,516,FINAL (ENTRADA MANUAL)
99,7,2,160,24,,28,20,,23,0,4,99,17,,20,11,5,6,,1,2,0,0,0,98,259,516,FINAL (ENTRADA MANUAL)
99,7,3,186,23,,28,12,,14,0,2,128,20,,24,8,4,4,,1,0,3,0,0,76,268,516,FINAL (ENTRADA MANUAL)
99,7,4,178,20,,29,9,,15,0,2,126,16,,20,7,8,0,,4,0,1,0,0,72,254,517,FINAL (ENTRADA MANUAL)
99,8,1,88,30,,10,13,,11,0,2,72,25,,5,7,4,4,,1,4,1,0,0,32,155,310,FINAL (ENTRADA MANUAL)
99,8,2,96,34,,9,15,,7,0,1,70,28,,6,8,1,2,,1,2,2,0,0,44,164,311,FINAL (ENTRADA MANUAL)
99,9,1,165,24,,26,31,,7,0,0,103,18,,17,20,5,6,,7,1,4,0,0,76,257,463,FINAL (ENTRADA MANUAL)
99,9,2,170,22,,24,16,,12,0,2,117,14,,10,10,2,5,,7,0,1,0,0,81,247,463,FINAL (ENTRADA MANUAL)
99,9,3,161,25,,20,21,,12,1,3,110,20,,16,11,8,3,,4,1,1,0,0,70,244,463,FINAL (ENTRADA MANUAL)
99,9,4,178,24,,26,15,,15,0,2,123,19,,17,8,4,1,,6,0,0,0,0,82,260,463,FINAL (ENTRADA MANUAL)
99,9,5,178,21,,20,26,,9,0,2,107,17,,13,16,7,2,,4,1,1,0,0,89,257,461,FINAL (ENTRADA MANUAL)
99,10,1,171,24,,32,8,,7,0,2,129,17,,26,6,7,2,,3,1,1,0,0,53,245,453,FINAL (ENTRADA MANUAL)
99,10,2,130,28,,36,22,,7,0,0,78,21,,27,10,2,2,,1,1,0,0,0,81,223,453,FINAL (ENTRADA MANUAL)
99,10,3,136,26,,39,24,,13,1,1,86,23,,32,13,8,2,,5,0,0,0,0,71,240,452,FINAL (ENTRADA MANUAL)
99,11,1,118,26,,11,8,,24,0,2,78,25,,11,3,5,0,,2,0,1,0,0,65,190,352,FINAL (ENTRADA MANUAL)
99,11,2,119,23,,3,11,,12,1,3,84,18,,2,6,4,2,,1,3,1,0,0,52,173,353,FINAL (ENTRADA MANUAL)
99,72,1,29,7,,0,4,,0,0,1,22,4,,0,3,2,1,,0,0,0,0,0,9,41,0,FINAL (ENTRADA MANUAL)
99,72,2,8,6,,0,0,,0,0,0,7,6,,0,0,1,0,,0,0,0,0,0,0,14,0,FINAL (ENTRADA MANUAL)
99,72,3,141,34,,19,21,,8,0,1,80,27,,11,7,18,4,,2,8,0,0,0,67,224,0,FINAL (ENTRADA MANUAL)
99,72,4,26,9,,0,8,,5,0,9,16,8,,0,3,2,3,,1,1,0,0,0,14,48,0,FINAL (ENTRADA MANUAL)
99,72,5,24,13,,2,1,,1,0,1,15,12,,2,1,3,1,,0,0,0,0,0,8,42,0,FINAL (ENTRADA MANUAL)
99,72,6,8,3,,1,0,,3,0,0,4,3,,1,0,0,0,,1,0,0,0,0,7,16,0,FINAL (ENTRADA MANUAL)
99,72,7,5,0,,0,0,,0,0,0,4,0,,0,0,0,0,,0,0,0,0,0,1,5,0,FINAL (ENTRADA MANUAL)
99,73,1,590,120,,9,18,,6,0,7,469,101,,6,5,22,10,,0,0,0,0,0,137,750,0,FINAL (ENTRADA MANUAL)
99,73,2,0,0,,0,0,,0,0,0,0,0,,0,0,0,0,,0,0,0,0,0,0,0,0,FINAL (ENTRADA MANUAL)
99,73,3,0,0,,0,0,,0,0,0,0,0,,0,0,0,0,,0,0,0,0,0,0,0,0,FINAL (ENTRADA MANUAL)
99,73,4,2,1,,0,0,,0,0,0,2,1,,0,0,0,0,,0,0,0,0,0,0,3,0,FINAL (ENTRADA MANUAL)
99,74,1,0,0,,0,0,,0,0,0,0,0,,0,0,0,0,,0,0,0,0,0,0,0,0,FINAL (ENTRADA MANUAL)
99,74,2,0,0,,0,0,,0,0,0,0,0,,0,0,0,0,,0,0,0,0,0,0,0,0,FINAL (ENTRADA MANUAL)
99,75,1,0,0,,0,0,,0,0,0,0,0,,0,0,0,0,,0,0,0,0,0,0,0,0,FINAL (ENTRADA MANUAL)
99,76,1,26,1,,0,0,,0,0,0,14,1,,0,0,0,0,,0,1,2,1,0,11,30,0,FINAL (ENTRADA MANUAL)
99,76,2,0,0,,0,0,,0,0,0,0,0,,0,0,0,0,,0,0,0,0,0,0,0,0,FINAL (ENTRADA MANUAL)
99,76,3,7,0,,0,0,,0,0,0,4,0,,0,0,0,0,,0,0,0,0,0,3,7,0,FINAL (ENTRADA MANUAL)
99,76,4,0,0,,0,0,,0,0,0,0,0,,0,0,0,0,,0,0,0,0,0,0,0,0,FINAL (ENTRADA MANUAL)
99,76,5,1,0,,0,0,,0,0,0,1,0,,0,0,0,0,,0,0,0,0,0,0,1,0,FINAL (ENTRADA MANUAL)
99,77,1,3,0,,3,0,,1,0,0,2,0,,3,0,0,0,,0,0,0,0,0,2,7,0,FINAL (ENTRADA MANUAL)
99,77,2,10,3,,10,2,,2,0,1,6,3,,6,2,2,1,,0,0,0,0,0,8,28,0,FINAL (ENTRADA MANUAL)
99,77,3,0,0,,0,0,,0,0,0,0,0,,0,0,0,0,,0,0,0,0,0,0,0,0,FINAL (ENTRADA MANUAL)
99,77,4,6,2,,0,1,,0,0,0,5,1,,1,0,0,0,,0,0,0,0,0,2,9,0,FINAL (ENTRADA MANUAL)
99,78,1,51,7,,7,2,,4,1,0,30,5,,4,2,2,2,,2,1,0,0,0,24,72,0,FINAL (ENTRADA MANUAL)
99,78,2,0,0,,0,0,,0,0,0,0,0,,0,0,0,0,,0,0,0,0,0,0,0,0,FINAL (ENTRADA MANUAL)
99,78,3,0,0,,0,0,,0,0,0,0,0,,0,0,0,0,,0,0,0,0,0,0,0,0,FINAL (ENTRADA MANUAL)
99,78,4,1,0,,0,0,,0,0,0,1,0,,0,0,0,0,,0,0,0,0,0,0,1,0,FINAL (ENTRADA MANUAL)
100,1,1,72,125,5,11,7,,0,1,0,63,104,2,9,6,0,3,0,2,2,0,0,0,30,221,484,FINAL (ENTRADA MANUAL)
100,1,2,80,117,5,15,6,,0,0,0,70,82,3,14,4,0,2,1,5,0,0,0,0,42,223,485,FINAL (ENTRADA MANUAL)
100,2,1,54,56,5,5,1,,0,0,0,42,47,0,5,1,0,0,0,2,1,2,0,0,23,123,298,FINAL (ENTRADA MANUAL)
100,3,1,116,77,1,1,17,,0,0,0,86,62,0,1,13,0,1,0,2,0,1,0,0,47,213,417,FINAL (ENTRADA MANUAL)
100,4,1,100,111,1,6,9,,1,0,0,86,83,0,6,5,3,2,0,2,1,0,0,0,40,228,435,FINAL (ENTRADA MANUAL)
100,4,2,80,115,1,7,15,,0,0,0,62,84,0,6,13,3,6,0,1,1,1,0,0,42,219,435,FINAL (ENTRADA MANUAL)
100,4,3,97,110,3,7,11,,0,0,0,77,80,0,7,6,5,2,0,3,2,0,0,0,46,228,434,FINAL (ENTRADA MANUAL)
100,5,1,80,121,8,17,10,,0,1,0,60,77,2,14,6,2,5,1,7,2,1,0,0,61,238,408,FINAL (ENTRADA MANUAL)
100,5,2,90,113,5,4,4,,2,1,2,71,85,1,3,3,0,6,1,3,0,3,0,0,48,224,408,FINAL (ENTRADA MANUAL)
100,5,3,92,90,2,8,15,,0,0,0,70,62,1,6,9,0,1,0,1,0,2,0,0,57,209,408,FINAL (ENTRADA MANUAL)
100,5,4,86,120,2,2,17,,2,0,2,70,83,1,2,11,1,1,0,2,0,0,0,0,60,231,408,FINAL (ENTRADA MANUAL)
100,5,5,72,100,5,4,10,,1,3,0,51,71,2,3,6,4,1,0,2,2,2,0,0,53,197,406,FINAL (ENTRADA MANUAL)
100,6,1,92,109,4,13,15,,0,0,1,74,83,1,11,13,3,3,0,3,0,1,0,0,43,235,385,FINAL (ENTRADA MANUAL)
100,6,2,78,100,4,12,11,,0,0,0,55,65,3,7,7,4,1,0,2,1,1,0,0,60,206,385,FINAL (ENTRADA MANUAL)
100,6,3,70,106,2,9,9,,0,0,0,54,70,1,7,6,3,3,0,2,3,2,0,0,47,198,384,FINAL (ENTRADA MANUAL)
100,7,1,78,113,3,7,10,,0,0,0,52,87,2,6,7,1,1,0,1,1,1,0,0,53,212,423,FINAL (ENTRADA MANUAL)
100,7,2,94,91,1,8,9,,0,0,1,73,75,0,4,5,1,0,0,1,0,1,0,0,45,205,423,FINAL (ENTRADA MANUAL)
100,7,3,73,96,1,4,7,,0,0,0,55,76,1,1,7,3,0,0,0,0,0,0,0,38,181,422,FINAL (ENTRADA MANUAL)
100,8,1,74,99,2,0,5,,0,0,0,59,78,1,0,4,0,0,0,0,0,2,0,0,38,182,391,FINAL (ENTRADA MANUAL)
100,8,2,66,76,0,2,7,,0,0,1,56,67,0,2,7,3,3,0,1,0,1,0,0,13,153,391,FINAL (ENTRADA MANUAL)
100,8,3,65,99,2,1,8,,0,0,0,56,86,1,1,4,2,2,0,1,0,1,0,0,22,176,390,FINAL (ENTRADA MANUAL)
100,9,1,102,97,5,8,8,,3,0,1,81,80,2,6,6,0,1,0,1,2,2,0,0,45,226,381,FINAL (ENTRADA MANUAL)
100,9,2,103,71,2,14,6,,1,0,0,79,45,1,11,2,2,0,0,1,2,2,0,0,54,199,381,FINAL (ENTRADA MANUAL)
100,10,1,80,125,3,10,15,,0,0,1,69,98,3,8,13,0,4,0,1,1,2,0,0,37,236,398,FINAL (ENTRADA MANUAL)
100,10,2,74,100,4,6,9,,0,0,0,59,78,1,5,7,1,0,0,1,0,1,0,0,41,194,398,FINAL (ENTRADA MANUAL)
100,10,3,74,95,1,7,11,,1,1,2,54,67,1,6,7,1,4,0,1,0,4,0,0,51,196,398,FINAL (ENTRADA MANUAL)
100,10,4,59,99,2,15,10,,1,0,0,40,71,1,12,7,1,2,0,2,1,1,0,0,49,187,397,FINAL (ENTRADA MANUAL)
100,72,1,41,15,1,0,1,,0,0,0,38,12,0,0,1,0,0,0,0,0,0,0,0,7,58,0,FINAL (ENTRADA MANUAL)
100,72,2,7,0,0,0,0,,0,0,0,6,0,0,0,0,1,0,0,0,0,1,3,0,0,11,0,FINAL (ENTRADA MANUAL)
100,72,3,217,86,0,7,5,,1,0,0,177,64,0,7,4,8,1,0,0,0,0,0,0,55,316,0,FINAL (ENTRADA MANUAL)
100,72,4,81,36,0,0,1,,2,0,0,71,23,0,0,1,0,3,0,0,0,0,1,0,22,121,0,FINAL (ENTRADA MANUAL)
100,72,5,4,1,0,0,0,,0,0,0,4,0,0,0,0,0,0,0,0,0,0,0,0,1,5,0,FINAL (ENTRADA MANUAL)
100,72,6,1,0,0,0,1,,1,0,0,1,0,0,0,0,0,0,0,0,0,0,0,0,1,2,0,FINAL (ENTRADA MANUAL)
100,72,7,12,5,0,0,0,,0,0,0,12,3,0,0,0,0,0,0,1,0,0,0,0,1,17,0,FINAL (ENTRADA MANUAL)
100,73,1,47,331,0,0,3,,0,1,0,31,278,0,0,1,3,3,0,0,1,0,0,0,65,382,0,FINAL (ENTRADA MANUAL)
100,73,2,0,0,0,0,0,,0,0,0,0,0,0,0,0,0,0,0,0,0,0,0,0,0,0,0,FINAL (ENTRADA MANUAL)
100,73,3,0,4,0,0,0,,0,0,0,0,4,0,0,0,0,0,0,0,0,1,0,0,0,5,0,FINAL (ENTRADA MANUAL)
100,74,1,0,1,0,0,0,,0,0,0,0,0,0,0,0,0,0,0,0,0,0,0,0,1,1,0,FINAL (ENTRADA MANUAL)
100,74,2,0,0,0,0,0,,0,0,0,0,0,0,0,0,0,0,0,0,0,0,0,0,0,0,0,FINAL (ENTRADA MANUAL)
100,75,1,0,0,0,0,0,,1,0,0,0,0,0,0,0,0,0,0,0,0,0,0,0,1,1,0,FINAL (ENTRADA MANUAL)
100,76,1,3,4,0,0,0,,0,0,0,2,3,0,0,0,0,0,0,0,0,0,0,0,2,7,0,FINAL (ENTRADA MANUAL)
100,76,2,0,0,0,0,0,,0,0,0,0,0,0,0,0,0,0,0,0,0,0,0,0,0,0,0,FINAL (ENTRADA MANUAL)
100,76,3,3,1,0,0,1,,0,0,0,3,0,0,0,0,0,0,0,0,0,0,0,0,2,5,0,FINAL (ENTRADA MANUAL)
100,77,1,0,2,0,0,0,,0,0,0,0,1,0,0,0,0,0,0,0,0,0,0,0,1,2,0,FINAL (ENTRADA MANUAL)
100,77,2,6,12,2,4,2,,0,0,0,4,8,2,4,2,0,1,0,1,0,0,0,0,4,26,0,FINAL (ENTRADA MANUAL)
100,78,1,14,22,1,3,2,,1,0,0,12,13,0,2,2,0,1,0,1,0,0,0,0,12,42,0,FINAL (ENTRADA MANUAL)
100,78,2,0,0,0,0,0,,0,0,0,0,0,0,0,0,0,0,0,0,0,0,0,0,0,0,0,FINAL (ENTRADA MANUAL)
100,78,3,0,0,0,0,0,,0,0,0,0,0,0,0,0,0,0,0,0,0,0,0,0,0,0,0,FINAL (ENTRADA MANUAL)
100,78,4,0,0,0,0,0,,0,0,0,0,0,0,0,0,0,0,0,0,0,0,0,0,0,0,0,FINAL (ENTRADA MANUAL)
101,1,1,34,136,8,13,7,,0,0,1,29,91,6,11,6,1,1,1,2,2,1,0,0,49,200,424,FINAL (ENTRADA MANUAL)
101,1,2,29,169,12,9,4,,1,0,0,28,96,6,6,3,5,0,4,2,0,0,0,0,74,224,424,FINAL (ENTRADA MANUAL)
101,1,3,37,167,10,13,4,,0,0,0,32,108,5,11,4,2,2,0,1,2,0,0,0,64,231,424,FINAL (ENTRADA MANUAL)
101,1,4,42,149,5,11,10,,1,0,0,29,94,2,9,10,5,0,0,2,3,0,1,0,64,219,423,FINAL (ENTRADA MANUAL)
101,2,1,43,169,4,4,19,,0,0,0,34,111,2,4,17,0,1,1,1,1,1,1,0,67,241,562,FINAL (ENTRADA MANUAL)
101,2,2,53,161,3,7,9,,5,1,1,40,114,0,4,9,2,0,1,4,1,1,0,0,65,241,562,FINAL (ENTRADA MANUAL)
101,2,3,52,162,4,2,7,,2,0,2,37,117,2,1,6,3,0,1,0,0,1,0,0,64,232,562,FINAL (ENTRADA MANUAL)
101,2,4,33,202,5,3,6,,1,0,1,28,133,3,3,3,6,3,0,1,0,0,0,0,71,251,563,FINAL (ENTRADA MANUAL)
101,3,1,54,144,9,11,7,,4,0,1,45,105,5,10,7,0,1,1,3,0,0,0,0,53,230,356,FINAL (ENTRADA MANUAL)
101,3,2,30,145,20,7,8,,5,1,1,22,88,10,5,7,2,0,3,1,1,1,0,0,78,218,356,FINAL (ENTRADA MANUAL)
101,3,3,30,153,13,7,9,,2,0,0,27,107,10,6,8,0,1,0,1,0,0,0,0,54,214,355,FINAL (ENTRADA MANUAL)
101,72,1,5,5,1,2,0,,0,0,0,4,3,0,0,0,1,0,0,0,0,0,0,0,5,13,0,FINAL (ENTRADA MANUAL)
101,72,2,1,2,0,0,0,,0,0,0,1,2,0,0,0,0,0,0,0,0,0,0,0,0,3,0,FINAL (ENTRADA MANUAL)
101,72,3,47,57,1,6,2,,3,0,3,42,43,1,6,1,1,0,1,1,1,0,0,0,22,119,0,FINAL (ENTRADA MANUAL)
101,72,4,5,15,1,3,0,,1,0,0,4,14,3,0,0,0,0,0,0,0,0,0,0,4,25,0,FINAL (ENTRADA MANUAL)
101,72,5,1,1,0,0,0,,0,0,0,1,1,0,0,0,0,0,0,0,0,0,0,0,0,2,0,FINAL (ENTRADA MANUAL)
101,72,6,1,0,0,0,0,,0,0,0,1,0,0,0,0,0,0,0,0,0,0,0,0,0,1,0,FINAL (ENTRADA MANUAL)
101,72,7,1,1,0,0,0,,0,0,0,1,1,0,0,0,0,0,0,0,0,0,0,0,0,2,0,FINAL (ENTRADA MANUAL)
101,73,1,22,178,0,0,0,,0,0,1,21,147,0,0,0,1,0,0,0,1,0,0,0,31,201,0,FINAL (ENTRADA MANUAL)
101,73,2,9,55,1,1,0,,0,0,0,8,49,1,1,0,0,0,0,0,0,0,7,0,7,73,0,FINAL (ENTRADA MANUAL)
101,74,1,0,1,0,0,0,,0,0,0,0,1,0,0,0,0,0,0,0,0,0,0,0,0,1,0,FINAL (ENTRADA MANUAL)
101,74,2,0,0,0,0,0,,0,0,0,0,0,0,0,0,0,0,0,0,0,0,0,0,0,0,0,FINAL (ENTRADA MANUAL)
101,75,1,0,0,0,0,0,,0,0,0,0,0,0,0,0,0,0,0,0,0,0,0,0,0,0,0,FINAL (ENTRADA MANUAL)
101,76,1,1,3,0,0,0,,0,0,1,1,2,0,0,0,0,0,0,0,0,0,0,0,2,5,0,FINAL (ENTRADA MANUAL)
101,76,2,0,0,0,0,0,,0,0,0,0,0,0,0,0,0,0,0,0,0,0,0,0,0,0,0,FINAL (ENTRADA MANUAL)
101,76,3,1,1,0,0,0,,0,0,0,1,1,0,0,0,0,0,0,0,0,0,0,0,0,2,0,FINAL (ENTRADA MANUAL)
101,76,4,0,0,0,0,0,,0,0,0,0,0,0,0,0,0,0,0,0,0,0,0,0,0,0,0,FINAL (ENTRADA MANUAL)
101,77,1,0,0,0,0,0,,0,0,0,0,0,0,0,0,0,0,0,0,0,0,0,0,0,0,0,FINAL (ENTRADA MANUAL)
101,77,2,2,1,2,3,0,,0,0,0,1,1,0,2,0,0,0,1,1,0,0,0,0,2,8,0,FINAL (ENTRADA MANUAL)
101,77,3,1,1,2,2,0,,0,0,0,0,0,2,2,0,0,0,0,0,0,0,0,0,2,6,0,FINAL (ENTRADA MANUAL)
101,77,4,4,3,1,0,0,,0,0,0,4,2,1,0,0,1,0,0,0,0,0,0,0,0,8,0,FINAL (ENTRADA MANUAL)
101,78,1,10,34,0,1,1,,0,0,0,8,24,0,1,1,0,0,0,0,0,0,0,0,12,46,0,FINAL (ENTRADA MANUAL)
101,78,2,0,0,0,0,0,,0,0,0,0,0,0,0,0,0,0,0,0,0,0,0,0,0,0,0,FINAL (ENTRADA MANUAL)
101,78,3,0,0,0,0,0,,0,0,0,0,0,0,0,0,0,0,0,0,0,0,0,0,0,0,0,FINAL (ENTRADA MANUAL)
101,78,4,0,0,0,0,0,,0,0,0,0,0,0,0,0,0,0,0,0,0,0,0,0,0,0,0,FINAL (ENTRADA MANUAL)
102,1,1,36,110,3,2,5,,3,0,1,31,69,0,1,2,5,1,0,0,1,0,0,0,50,160,320,FINAL (ENTRADA MANUAL)
102,1,2,25,122,2,2,7,,0,0,0,20,72,1,1,5,1,1,0,0,0,0,1,0,57,159,321,FINAL (ENTRADA MANUAL)
102,2,1,29,109,1,3,2,,0,0,1,23,62,1,3,2,1,1,0,0,1,2,1,0,51,148,421,FINAL (ENTRADA MANUAL)
102,3,1,27,169,13,6,4,,1,1,0,23,128,5,5,2,2,1,2,0,1,1,0,0,52,222,390,FINAL (ENTRADA MANUAL)
102,3,2,37,177,6,3,8,,0,0,0,32,129,6,3,6,5,2,0,4,0,1,1,0,44,233,390,FINAL (ENTRADA MANUAL)
102,3,3,28,162,8,9,5,,2,0,0,28,108,3,8,2,5,1,2,4,3,1,0,0,50,215,390,FINAL (ENTRADA MANUAL)
102,3,4,34,173,5,9,5,,0,0,0,31,115,4,8,4,1,2,0,1,0,1,0,0,60,227,390,FINAL (ENTRADA MANUAL)
102,3,5,24,170,7,1,3,,0,0,0,21,118,3,1,3,6,1,0,3,3,0,0,0,46,205,392,FINAL (ENTRADA MANUAL)
102,4,1,48,181,6,11,9,,3,0,0,39,127,1,6,5,3,1,1,2,3,1,0,0,70,259,452,FINAL (ENTRADA MANUAL)
102,4,2,39,170,8,11,4,,0,0,1,32,105,4,10,4,6,0,2,3,2,1,0,0,65,234,452,FINAL (ENTRADA MANUAL)
102,4,3,43,181,3,11,7,,4,0,0,40,134,3,7,7,5,3,0,1,0,1,0,0,49,250,452,FINAL (ENTRADA MANUAL)
102,4,4,57,169,4,2,8,,3,0,1,53,118,2,2,7,3,2,0,3,4,0,0,0,50,244,452,FINAL (ENTRADA MANUAL)
102,4,5,45,164,6,7,4,,0,0,0,41,107,4,5,2,4,2,0,1,2,2,0,0,58,228,451,FINAL (ENTRADA MANUAL)
102,5,1,52,197,6,13,12,,1,0,2,48,122,3,10,10,7,3,2,2,1,2,0,0,75,285,493,FINAL (ENTRADA MANUAL)
102,5,2,50,166,11,7,3,,14,0,0,42,96,7,5,3,1,2,4,0,0,2,0,0,91,253,493,FINAL (ENTRADA MANUAL)
102,5,3,38,159,11,14,10,,2,2,2,33,104,4,12,8,0,2,1,5,4,0,1,0,65,239,493,FINAL (ENTRADA MANUAL)
102,5,4,44,186,8,10,9,,1,1,0,35,139,4,7,5,3,1,3,3,0,0,0,0,59,259,493,FINAL (ENTRADA MANUAL)
102,5,5,31,176,9,9,10,,2,0,0,28,137,8,5,8,3,1,1,1,0,1,0,0,45,238,493,FINAL (ENTRADA MANUAL)
102,5,6,44,173,7,14,10,,0,0,1,32,100,5,11,6,3,2,3,1,1,0,0,0,85,249,492,FINAL (ENTRADA MANUAL)
102,6,1,33,91,3,4,5,,1,0,0,25,74,1,4,4,1,1,1,1,2,0,0,0,24,138,275,FINAL (ENTRADA MANUAL)
102,6,2,28,92,3,0,5,,2,0,0,26,75,2,0,3,0,0,0,0,0,1,0,0,24,131,275,FINAL (ENTRADA MANUAL)
102,7,1,43,201,2,2,8,,0,0,1,38,142,1,2,8,5,6,1,1,2,2,0,0,51,259,497,FINAL (ENTRADA MANUAL)
102,7,2,51,163,4,3,10,,0,0,0,45,130,3,2,10,3,2,0,1,0,1,0,0,35,232,497,FINAL (ENTRADA MANUAL)
102,8,1,43,193,11,10,5,,0,0,0,38,131,5,10,3,2,1,0,2,1,3,1,0,69,266,504,FINAL (ENTRADA MANUAL)
102,8,2,53,174,10,6,6,,1,0,0,47,124,5,4,5,1,1,2,1,3,0,0,0,57,250,504,FINAL (ENTRADA MANUAL)
102,8,3,33,191,7,9,6,,0,0,0,27,153,3,9,5,2,2,2,1,0,0,0,0,42,246,504,FINAL (ENTRADA MANUAL)
102,8,4,45,168,15,6,5,,0,0,0,42,114,9,6,5,2,2,2,4,0,1,0,0,53,240,504,FINAL (ENTRADA MANUAL)
102,8,5,44,177,6,1,7,,3,0,1,38,112,3,1,6,5,2,1,1,3,0,0,0,67,239,504,FINAL (ENTRADA MANUAL)
102,8,6,36,184,7,7,7,,1,4,1,31,135,5,7,5,3,1,0,0,1,0,0,0,59,247,504,FINAL (ENTRADA MANUAL)
102,8,7,39,177,9,9,5,,2,0,1,32,123,6,6,4,1,2,1,1,3,0,0,0,63,242,504,FINAL (ENTRADA MANUAL)
102,8,8,39,203,8,9,6,,1,0,1,29,141,3,7,5,2,1,3,0,0,0,0,0,76,267,507,FINAL (ENTRADA MANUAL)
102,9,1,41,137,5,7,15,,0,0,3,36,83,1,3,12,2,1,1,2,6,0,0,0,61,208,344,FINAL (ENTRADA MANUAL)
102,10,1,34,153,6,10,8,,6,0,2,32,104,4,7,8,0,2,1,0,2,0,0,0,59,219,403,FINAL (ENTRADA MANUAL)
102,10,2,41,138,9,7,7,,1,0,0,37,94,5,6,5,3,2,2,3,2,0,0,0,44,203,403,FINAL (ENTRADA MANUAL)
102,10,3,49,144,5,8,6,,0,0,0,42,97,3,8,5,1,4,0,1,4,1,1,0,47,214,402,FINAL (ENTRADA MANUAL)
102,11,1,39,152,2,3,17,,1,1,1,36,129,2,3,13,1,2,0,1,1,0,0,0,28,216,404,FINAL (ENTRADA MANUAL)
102,11,2,42,144,5,6,18,,1,0,0,35,114,2,6,13,1,1,1,1,2,2,0,0,40,218,403,FINAL (ENTRADA MANUAL)
102,12,1,47,140,5,11,7,,0,1,2,45,104,3,10,7,3,2,1,0,0,1,0,0,38,214,395,FINAL (ENTRADA MANUAL)
102,12,2,30,128,11,10,2,,1,0,0,27,96,9,7,2,1,3,1,3,2,1,0,0,31,183,395,FINAL (ENTRADA MANUAL)
102,12,3,23,117,14,7,9,,0,0,0,22,88,8,4,8,2,0,1,2,0,0,0,1,35,171,395,FINAL (ENTRADA MANUAL)
102,12,4,33,149,14,9,7,,0,0,0,31,105,11,9,4,8,6,0,3,1,1,0,0,34,213,395,FINAL (ENTRADA MANUAL)
102,12,5,39,111,16,4,6,,0,0,0,36,74,9,4,4,2,5,0,0,0,1,0,0,42,177,395,FINAL (ENTRADA MANUAL)
102,12,6,18,128,16,7,5,,0,1,1,16,93,10,6,3,0,8,0,5,2,0,0,0,33,176,395,FINAL (ENTRADA MANUAL)
102,12,7,34,126,11,9,9,,1,0,0,30,69,6,7,5,4,3,3,1,1,0,0,0,61,190,395,FINAL (ENTRADA MANUAL)
102,12,8,39,121,21,10,6,,1,0,1,33,87,15,8,6,1,0,1,2,0,1,0,0,46,200,395,FINAL (ENTRADA MANUAL)
102,12,9,18,142,20,6,6,,1,0,0,17,98,11,5,5,1,8,0,0,1,0,0,0,47,193,394,FINAL (ENTRADA MANUAL)
102,13,1,38,174,5,10,9,,0,0,1,31,117,4,10,8,7,0,0,3,1,1,2,0,56,240,496,FINAL (ENTRADA MANUAL)
102,13,2,40,169,7,4,7,,0,0,1,32,113,4,4,5,1,1,0,2,1,1,0,0,65,229,495,FINAL (ENTRADA MANUAL)
102,14,1,43,191,7,6,15,,1,0,1,40,129,4,5,12,0,1,0,1,2,2,0,0,70,266,506,FINAL (ENTRADA MANUAL)
102,14,2,46,179,7,6,8,,1,1,1,37,140,5,6,4,3,5,1,1,0,2,0,0,47,251,506,FINAL (ENTRADA MANUAL)
102,14,3,43,180,9,6,11,,2,0,0,40,142,6,6,8,4,2,2,2,4,0,0,0,35,251,507,FINAL (ENTRADA MANUAL)
102,72,1,57,23,1,1,2,,0,0,0,54,10,1,1,2,1,1,0,0,0,12,0,0,14,96,0,FINAL (ENTRADA MANUAL)
102,72,2,38,32,0,3,0,,2,0,0,35,16,0,2,0,2,4,0,2,0,1,1,0,16,79,0,FINAL (ENTRADA MANUAL)
102,72,3,12,10,0,0,0,,0,0,0,11,6,0,0,0,0,0,0,0,0,0,0,0,5,22,0,FINAL (ENTRADA MANUAL)
102,72,4,38,40,0,3,0,,10,1,0,36,16,0,2,0,9,5,0,1,0,1,1,0,23,94,0,FINAL (ENTRADA MANUAL)
102,72,5,12,9,0,0,2,,0,0,0,11,6,0,0,1,0,0,0,0,0,0,0,0,5,23,0,FINAL (ENTRADA MANUAL)
102,72,6,5,1,0,0,0,,0,0,0,3,1,0,0,0,0,0,0,0,0,0,0,0,2,6,0,FINAL (ENTRADA MANUAL)
102,72,7,0,0,0,0,0,,0,0,0,0,0,0,0,0,0,0,0,0,0,0,0,0,0,0,0,FINAL (ENTRADA MANUAL)
102,72,8,2,0,0,0,0,,0,0,0,2,0,0,0,0,0,0,0,0,0,0,0,0,0,2,0,FINAL (ENTRADA MANUAL)
102,72,9,0,0,0,0,0,,0,0,0,0,0,0,0,0,0,0,0,0,0,0,0,0,0,0,0,FINAL (ENTRADA MANUAL)
102,72,10,0,0,0,0,0,,0,0,0,0,0,0,0,0,0,0,0,0,0,0,0,0,0,0,0,FINAL (ENTRADA MANUAL)
102,73,1,31,597,2,2,4,,0,0,0,28,516,2,2,4,6,3,0,0,0,0,0,0,75,636,0,FINAL (ENTRADA MANUAL)
102,73,2,0,0,0,0,0,,0,0,0,0,0,0,0,0,0,0,0,0,0,0,0,0,0,0,0,FINAL (ENTRADA MANUAL)
102,73,3,0,0,0,0,0,,0,0,0,0,0,0,0,0,0,0,0,0,0,0,0,0,0,0,0,FINAL (ENTRADA MANUAL)
102,73,4,0,0,0,0,0,,0,0,0,0,0,0,0,0,0,0,0,0,0,0,0,0,0,0,0,FINAL (ENTRADA MANUAL)
102,73,5,23,448,1,1,1,,2,0,2,19,378,0,1,1,1,2,1,1,0,2,0,0,74,480,0,FINAL (ENTRADA MANUAL)
102,74,1,1,4,0,0,0,,0,0,0,1,3,0,0,0,0,0,0,0,0,0,0,0,1,5,0,FINAL (ENTRADA MANUAL)
102,74,2,0,0,0,0,0,,0,0,0,0,0,0,0,0,0,0,0,0,0,0,0,0,0,0,0,FINAL (ENTRADA MANUAL)
102,75,1,1,13,0,0,0,,11,0,0,1,9,0,0,0,0,0,0,0,0,0,0,0,15,25,0,FINAL (ENTRADA MANUAL)
102,75,2,0,0,0,0,0,,0,0,0,0,0,0,0,0,0,0,0,0,0,0,0,0,0,0,0,FINAL (ENTRADA MANUAL)
102,76,1,15,11,1,2,0,,0,0,0,15,3,1,1,0,0,0,0,0,0,0,0,0,9,29,0,FINAL (ENTRADA MANUAL)
102,76,2,0,0,0,0,0,,0,0,0,0,0,0,0,0,0,0,0,0,0,0,0,0,0,0,0,FINAL (ENTRADA MANUAL)
102,76,3,0,5,0,0,0,,0,0,0,0,2,0,0,0,0,0,0,0,0,0,0,0,3,5,0,FINAL (ENTRADA MANUAL)
102,76,4,1,0,0,0,0,,0,0,0,1,0,0,0,0,0,0,0,0,0,0,0,0,0,1,0,FINAL (ENTRADA MANUAL)
102,76,5,0,0,0,0,0,,0,0,1,0,0,0,0,0,0,0,0,0,0,0,0,0,1,1,0,FINAL (ENTRADA MANUAL)
102,77,1,0,0,0,0,0,,0,0,0,0,0,0,0,0,0,0,0,0,0,0,0,0,0,0,0,FINAL (ENTRADA MANUAL)
102,77,2,3,22,8,9,2,,0,0,0,2,15,5,8,1,0,0,1,6,0,0,0,0,6,44,0,FINAL (ENTRADA MANUAL)
102,77,3,0,5,1,0,1,,0,0,0,0,3,1,0,1,0,0,0,0,0,0,0,0,2,7,0,FINAL (ENTRADA MANUAL)
102,77,4,0,0,0,0,0,,0,0,0,0,0,0,0,0,0,0,0,0,0,0,0,0,0,0,0,FINAL (ENTRADA MANUAL)
102,78,1,36,142,3,5,7,,0,0,0,29,99,3,4,4,1,1,0,0,1,2,0,0,50,194,0,FINAL (ENTRADA MANUAL)
102,78,2,0,0,0,0,0,,0,0,0,0,0,0,0,0,0,0,0,0,0,0,0,0,0,0,0,FINAL (ENTRADA MANUAL)
102,78,3,0,0,0,0,0,,0,0,0,0,0,0,0,0,0,0,0,0,0,0,0,0,0,0,0,FINAL (ENTRADA MANUAL)
102,78,4,1,1,0,0,0,,0,0,0,1,1,0,0,0,0,0,0,0,0,0,0,0,0,2,0,FINAL (ENTRADA MANUAL)
103,1,1,73,159,,3,,,0,0,1,63,116,0,2,,0,2,0,0,,1,0,0,53,237,492,FINAL (ENTRADA MANUAL)
103,1,2,56,162,,3,,,1,0,2,41,99,0,3,,2,2,0,1,,5,0,0,76,229,492,FINAL (ENTRADA MANUAL)
103,1,3,59,193,,4,,,0,0,1,41,128,0,3,,5,5,0,3,,2,0,0,72,259,492,FINAL (ENTRADA MANUAL)
103,1,4,61,152,,5,,,1,0,2,45,99,1,5,,0,1,0,0,,1,1,0,70,223,490,FINAL (ENTRADA MANUAL)
103,2,1,61,140,,3,,,0,0,0,48,105,0,1,,0,2,0,2,,0,0,0,46,204,362,FINAL (ENTRADA MANUAL)
103,2,2,56,137,,0,,,0,0,0,47,79,0,0,,3,2,0,3,,1,0,0,59,194,362,FINAL (ENTRADA MANUAL)
103,2,3,50,150,,0,,,0,1,0,36,100,0,0,,3,3,0,0,,2,0,0,59,203,361,FINAL (ENTRADA MANUAL)
103,3,1,69,125,,2,,,1,0,0,54,108,0,1,,0,1,0,1,,1,0,0,32,198,391,FINAL (ENTRADA MANUAL)
103,3,2,60,151,,0,,,1,0,2,47,109,2,0,,4,0,0,0,,2,0,0,52,216,391,FINAL (ENTRADA MANUAL)
103,3,3,70,136,,4,,,0,0,0,63,86,0,2,,1,0,0,0,,1,0,0,58,211,391,FINAL (ENTRADA MANUAL)
103,3,4,42,119,,3,,,0,0,0,36,71,0,2,,1,1,0,2,,2,0,0,51,166,390,FINAL (ENTRADA MANUAL)
103,4,1,100,164,,0,,,0,0,2,91,124,0,0,,4,3,0,1,,2,0,0,43,268,534,FINAL (ENTRADA MANUAL)
103,4,2,101,137,,0,,,0,0,0,69,72,0,0,,4,2,1,0,,1,0,0,90,239,534,FINAL (ENTRADA MANUAL)
103,4,3,90,128,,2,,,0,0,3,65,59,0,2,,4,2,0,1,,4,0,0,90,227,533,FINAL (ENTRADA MANUAL)
103,5,1,67,178,,3,,,0,0,0,51,133,0,1,,0,0,0,2,,3,0,0,61,251,504,FINAL (ENTRADA MANUAL)
103,5,2,85,150,,1,,,0,0,0,75,121,0,0,,2,1,0,2,,0,0,0,35,236,505,FINAL (ENTRADA MANUAL)
103,6,1,74,160,,8,,,1,0,6,55,133,4,4,,3,0,0,2,,3,0,0,48,252,422,FINAL (ENTRADA MANUAL)
103,6,2,74,159,,13,,,1,2,1,61,103,0,12,,1,4,0,2,,1,0,0,67,251,422,FINAL (ENTRADA MANUAL)
103,6,3,87,157,,5,,,0,0,3,66,100,1,3,,2,1,1,1,,7,0,0,77,259,422,FINAL (ENTRADA MANUAL)
103,6,4,74,150,,16,,,1,0,4,50,105,2,15,,2,0,0,5,,1,0,0,66,246,422,FINAL (ENTRADA MANUAL)
103,6,5,71,145,,7,,,1,0,4,57,96,2,5,,5,0,1,3,,0,0,0,59,228,422,FINAL (ENTRADA MANUAL)
103,6,6,70,156,,6,,,0,0,1,53,104,0,3,,2,1,1,6,,2,0,0,63,235,422,FINAL (ENTRADA MANUAL)
103,6,7,67,153,,21,,,0,0,3,52,91,1,17,,5,2,1,3,,2,0,0,72,246,423,FINAL (ENTRADA MANUAL)
103,7,1,118,93,,6,,,1,0,1,87,59,0,4,,1,0,0,1,,0,2,0,67,221,480,FINAL (ENTRADA MANUAL)
103,7,2,118,71,,4,,,0,0,1,92,46,0,2,,0,0,0,1,,3,0,0,53,197,480,FINAL (ENTRADA MANUAL)
103,8,1,75,150,,6,,,0,0,1,66,119,0,3,,4,0,0,2,,1,0,0,38,233,478,FINAL (ENTRADA MANUAL)
103,8,2,88,166,,5,,,1,0,0,67,121,0,2,,2,3,0,0,,3,0,0,65,263,478,FINAL (ENTRADA MANUAL)
103,8,3,81,180,,7,,,0,0,0,58,119,0,7,,2,6,0,0,,2,0,0,76,270,478,FINAL (ENTRADA MANUAL)
103,9,1,76,162,,1,,,0,1,0,60,109,0,1,,4,1,1,0,,1,0,0,64,241,505,FINAL (ENTRADA MANUAL)
103,9,2,95,154,,1,,,1,0,0,85,112,0,1,,3,2,0,1,,1,1,0,47,253,505,FINAL (ENTRADA MANUAL)
103,9,3,90,150,,3,,,2,0,0,63,97,0,1,,2,4,0,1,,2,0,0,77,247,505,FINAL (ENTRADA MANUAL)
103,72,1,142,29,,4,,,0,0,1,110,17,0,3,,9,3,0,1,,0,0,0,33,176,0,FINAL (ENTRADA MANUAL)
103,72,2,0,0,,0,,,0,0,0,0,0,0,0,,0,0,0,0,,0,0,0,0,0,0,FINAL (ENTRADA MANUAL)
103,72,3,201,81,,6,,,0,0,1,174,54,0,5,,5,0,1,2,,0,0,0,48,289,0,FINAL (ENTRADA MANUAL)
103,72,4,20,6,,1,,,0,0,0,16,4,0,0,,3,0,0,0,,0,0,0,4,27,0,FINAL (ENTRADA MANUAL)
103,72,5,6,2,,0,,,0,0,0,6,2,0,0,,0,0,0,0,,0,0,0,0,8,0,FINAL (ENTRADA MANUAL)
103,72,6,2,1,,0,,,0,0,0,1,0,0,0,,0,0,0,0,,0,0,0,2,3,0,FINAL (ENTRADA MANUAL)
103,72,7,15,3,,0,,,0,0,0,14,2,0,0,,1,0,0,0,,0,0,0,1,18,0,FINAL (ENTRADA MANUAL)
103,72,8,1,0,,0,,,0,0,0,1,0,0,0,,0,0,0,0,,0,0,0,0,1,0,FINAL (ENTRADA MANUAL)
103,72,9,0,0,,0,,,0,0,0,0,0,0,0,,0,0,0,0,,0,0,0,0,0,0,FINAL (ENTRADA MANUAL)
103,72,10,2,1,,0,,,0,0,0,2,1,0,0,,0,0,0,0,,0,0,0,0,3,0,FINAL (ENTRADA MANUAL)
103,73,1,89,144,,0,,,0,0,2,75,107,0,0,,0,0,0,0,,0,0,0,53,235,0,FINAL (ENTRADA MANUAL)
103,73,2,33,26,,0,,,0,0,0,33,25,0,0,,0,1,0,0,,0,0,0,0,59,0,FINAL (ENTRADA MANUAL)
103,74,1,3,2,,0,,,0,0,0,3,2,0,0,,0,0,0,0,,0,0,0,0,5,0,FINAL (ENTRADA MANUAL)
103,74,2,0,0,,0,,,0,0,0,0,0,0,0,,0,0,0,0,,0,0,0,0,0,0,FINAL (ENTRADA MANUAL)
103,75,1,2,5,,1,,,0,0,0,2,5,0,1,,0,0,0,0,,0,0,0,0,8,0,FINAL (ENTRADA MANUAL)
103,76,1,6,9,,0,,,0,0,2,4,4,0,0,,0,0,0,0,,0,1,0,9,18,0,FINAL (ENTRADA MANUAL)
103,76,2,0,0,,0,,,0,0,0,0,0,0,0,,0,0,0,0,,0,0,0,0,0,0,FINAL (ENTRADA MANUAL)
103,76,3,1,4,,0,,,0,0,1,1,2,0,0,,0,0,0,0,,0,0,0,3,6,0,FINAL (ENTRADA MANUAL)
103,76,4,0,0,,0,,,0,0,0,0,0,0,0,,0,0,0,0,,0,0,0,0,0,0,FINAL (ENTRADA MANUAL)
103,76,5,0,1,,0,,,0,0,0,0,0,0,0,,0,0,0,0,,0,0,0,1,1,0,FINAL (ENTRADA MANUAL)
103,77,1,0,0,,0,,,0,0,0,0,0,0,0,,0,0,0,0,,0,0,0,0,0,0,FINAL (ENTRADA MANUAL)
103,77,2,1,5,,2,,,0,0,0,0,4,0,2,,0,0,1,0,,0,0,0,1,9,0,FINAL (ENTRADA MANUAL)
103,77,3,0,0,,0,,,0,0,0,0,0,0,0,,0,0,0,0,,0,0,0,0,0,0,FINAL (ENTRADA MANUAL)
103,77,4,2,2,,0,,,0,0,0,2,0,0,0,,0,0,0,0,,0,0,0,2,4,0,FINAL (ENTRADA MANUAL)
103,78,1,25,27,,1,,,1,0,0,15,16,0,0,,0,2,1,0,,2,0,0,20,56,0,FINAL (ENTRADA MANUAL)
103,78,2,0,0,,0,,,0,0,0,0,0,0,0,,0,0,0,0,,0,0,0,0,0,0,FINAL (ENTRADA MANUAL)
103,78,3,0,0,,0,,,0,0,0,0,0,0,0,,0,0,0,0,,0,0,0,0,0,0,FINAL (ENTRADA MANUAL)
103,78,4,1,0,,0,,,0,0,0,1,0,0,0,,0,0,0,0,,0,0,0,0,1,0,FINAL (ENTRADA MANUAL)
104,1,1,130,48,8,8,16,0,1,0,1,87,30,5,5,14,1,1,0,0,3,2,0,0,66,214,388,FINAL (ENTRADA MANUAL)
104,1,2,129,36,10,6,15,0,1,0,0,82,24,6,3,13,3,4,1,0,3,0,0,0,58,197,387,FINAL (ENTRADA MANUAL)
104,2,1,176,55,18,15,11,1,1,0,0,113,46,12,12,10,0,3,0,2,3,3,0,0,76,280,570,FINAL (ENTRADA MANUAL)
104,2,2,147,61,12,13,11,1,0,1,0,105,44,10,12,9,1,3,1,2,3,1,1,0,56,248,569,FINAL (ENTRADA MANUAL)
104,3,1,125,60,14,7,9,1,1,0,1,84,37,9,5,8,2,1,0,3,1,0,0,0,68,218,425,FINAL (ENTRADA MANUAL)
104,3,2,135,62,11,11,9,1,0,0,0,98,43,7,8,8,1,2,1,4,1,1,0,0,56,230,425,FINAL (ENTRADA MANUAL)
104,3,3,132,51,9,10,9,2,0,1,1,79,32,7,9,6,0,3,0,2,1,1,0,0,76,216,425,FINAL (ENTRADA MANUAL)
104,3,4,128,39,13,12,7,0,1,0,1,98,29,10,9,6,0,1,1,2,0,1,0,0,45,202,424,FINAL (ENTRADA MANUAL)
104,4,1,171,70,6,8,18,1,0,0,1,114,54,4,4,12,1,2,4,2,1,1,0,0,77,276,512,FINAL (ENTRADA MANUAL)
104,4,2,154,67,9,4,18,0,0,0,2,94,45,5,2,13,5,1,1,0,6,3,0,0,82,257,511,FINAL (ENTRADA MANUAL)
104,5,1,153,48,6,8,21,1,0,0,1,121,42,5,2,19,1,1,0,2,1,2,0,0,44,240,486,FINAL (ENTRADA MANUAL)
104,5,2,149,59,8,4,20,2,0,0,1,106,45,2,4,16,0,2,2,2,2,0,0,0,62,243,486,FINAL (ENTRADA MANUAL)
104,5,3,154,48,5,13,20,0,0,0,0,120,39,4,11,18,3,1,1,1,1,1,0,0,41,241,487,FINAL (ENTRADA MANUAL)
104,6,1,187,26,27,22,17,0,1,0,1,127,22,19,21,12,4,3,5,4,4,1,0,0,60,282,368,FINAL (ENTRADA MANUAL)
104,6,2,168,22,22,13,11,0,1,0,0,124,16,18,11,10,1,5,3,1,1,2,0,0,47,239,368,FINAL (ENTRADA MANUAL)
104,6,3,180,18,23,12,17,0,0,0,0,121,11,15,11,15,3,1,3,6,2,0,0,0,62,250,368,FINAL (ENTRADA MANUAL)
104,6,4,159,27,32,16,15,0,0,0,0,110,24,23,11,8,0,2,4,5,6,0,0,0,56,249,368,FINAL (ENTRADA MANUAL)
104,6,5,158,27,21,16,7,0,1,0,0,105,21,12,14,6,1,1,5,3,2,1,0,0,60,231,368,FINAL (ENTRADA MANUAL)
104,6,6,152,23,39,16,18,1,1,0,0,102,21,26,15,16,1,2,6,4,3,4,0,0,54,254,368,FINAL (ENTRADA MANUAL)
104,6,7,174,31,24,14,13,0,0,0,0,113,20,14,8,8,1,3,2,3,1,1,1,1,83,259,368,FINAL (ENTRADA MANUAL)
104,6,8,163,19,28,14,14,0,4,0,0,112,16,18,11,13,1,3,3,8,1,1,0,0,56,243,367,FINAL (ENTRADA MANUAL)
104,7,1,140,48,4,8,39,0,0,0,0,101,44,3,7,32,2,2,0,1,1,1,0,1,46,241,443,FINAL (ENTRADA MANUAL)
104,8,1,183,52,12,13,8,2,1,0,2,149,34,5,10,5,2,0,2,3,3,3,0,0,60,276,539,FINAL (ENTRADA MANUAL)
104,8,2,161,77,9,10,13,5,0,0,1,105,40,5,10,9,1,1,4,4,0,1,0,0,97,277,539,FINAL (ENTRADA MANUAL)
104,8,3,155,65,10,3,13,1,0,0,0,114,44,5,3,11,1,1,0,3,1,1,0,0,64,248,539,FINAL (ENTRADA MANUAL)
104,72,1,87,186,2,4,5,6,0,0,0,71,172,1,4,4,0,1,0,0,0,0,0,0,37,290,0,FINAL (ENTRADA MANUAL)
104,72,2,20,17,0,0,2,0,0,0,0,18,17,0,0,1,0,1,0,0,0,2,0,0,2,41,0,FINAL (ENTRADA MANUAL)
104,72,3,215,207,4,4,3,9,0,0,2,175,191,1,3,3,2,11,3,1,0,0,0,0,54,444,0,FINAL (ENTRADA MANUAL)
104,72,4,30,29,0,2,1,0,0,0,0,27,27,0,2,1,2,2,0,0,0,1,0,0,1,63,0,FINAL (ENTRADA MANUAL)
104,72,5,10,1,0,1,1,2,0,0,0,8,0,0,1,1,0,0,0,0,0,0,0,0,5,15,0,FINAL (ENTRADA MANUAL)
104,72,6,2,2,0,0,0,0,0,0,0,1,1,0,0,0,0,0,0,0,0,0,0,0,2,4,0,FINAL (ENTRADA MANUAL)
104,72,7,19,19,0,0,0,0,0,0,0,16,16,0,0,0,0,1,0,0,0,0,0,0,5,38,0,FINAL (ENTRADA MANUAL)
104,72,8,4,2,0,0,0,0,0,0,0,4,2,0,0,0,0,0,0,0,0,0,0,0,0,6,0,FINAL (ENTRADA MANUAL)
104,73,1,146,9,0,0,1,0,0,0,0,128,9,0,0,1,0,0,0,0,0,0,0,0,18,156,0,FINAL (ENTRADA MANUAL)
104,73,2,24,2,0,0,1,0,0,0,0,23,2,0,0,1,0,0,0,0,0,0,0,0,1,27,0,FINAL (ENTRADA MANUAL)
104,74,1,1,0,1,0,0,0,0,0,0,1,0,1,0,0,0,0,0,0,0,0,0,0,0,2,0,FINAL (ENTRADA MANUAL)
104,74,2,0,0,0,0,0,0,0,0,0,0,0,0,0,0,0,0,0,0,0,0,0,0,0,0,0,FINAL (ENTRADA MANUAL)
104,75,1,0,0,0,0,0,0,0,0,0,0,0,0,0,0,0,0,0,0,0,0,0,0,0,0,0,FINAL (ENTRADA MANUAL)
104,75,2,0,0,0,0,0,0,0,0,0,0,0,0,0,0,0,0,0,0,0,0,1,0,0,1,0,FINAL (ENTRADA MANUAL)
104,76,1,9,0,0,0,0,0,0,0,0,7,0,0,0,0,0,0,0,0,0,1,0,0,2,10,0,FINAL (ENTRADA MANUAL)
104,76,2,0,0,0,0,0,0,0,0,0,0,0,0,0,0,0,0,0,0,0,0,0,0,0,0,0,FINAL (ENTRADA MANUAL)
104,76,3,2,0,0,0,0,0,0,0,0,1,0,0,0,0,0,0,0,0,0,0,0,0,1,2,0,FINAL (ENTRADA MANUAL)
104,76,4,0,0,0,0,0,0,0,0,0,0,0,0,0,0,0,0,0,0,0,0,0,0,0,0,0,FINAL (ENTRADA MANUAL)
104,77,1,0,0,0,0,0,0,0,0,0,0,0,0,0,0,0,0,0,0,0,0,0,0,0,0,0,FINAL (ENTRADA MANUAL)
104,77,2,15,2,4,2,0,0,0,0,0,12,2,3,1,0,0,1,0,0,0,0,0,0,4,23,0,FINAL (ENTRADA MANUAL)
104,77,3,10,0,0,0,0,0,0,0,0,10,0,0,0,0,0,0,0,0,0,0,0,0,0,10,0,FINAL (ENTRADA MANUAL)
104,78,1,37,19,1,0,4,0,0,0,1,26,15,0,0,2,1,0,1,0,1,0,0,0,16,62,0,FINAL (ENTRADA MANUAL)
104,78,2,0,0,0,0,0,0,0,0,0,0,0,0,0,0,0,0,0,0,0,0,0,0,0,0,0,FINAL (ENTRADA MANUAL)
104,78,3,0,0,0,0,0,0,0,0,0,0,0,0,0,0,0,0,0,0,0,0,0,0,0,0,0,FINAL (ENTRADA MANUAL)
104,78,4,0,0,0,1,0,0,0,0,0,0,0,0,1,0,0,0,0,0,0,0,0,0,0,1,0,FINAL (ENTRADA MANUAL)
105,1,1,118,29,6,8,4,0,0,0,0,81,12,5,7,4,4,0,1,0,0,3,0,0,51,168,397,FINAL (ENTRADA MANUAL)
105,2,1,186,28,17,20,15,0,1,1,0,131,22,9,19,13,1,1,2,3,2,3,0,0,65,271,572,FINAL (ENTRADA MANUAL)
105,2,2,144,53,15,24,13,0,0,0,0,109,41,12,23,13,1,0,0,4,0,2,0,0,46,251,572,FINAL (ENTRADA MANUAL)
105,2,3,153,42,14,9,8,0,0,0,1,106,28,9,8,7,2,1,1,1,0,0,0,0,64,227,572,FINAL (ENTRADA MANUAL)
105,2,4,181,46,20,14,4,0,0,0,0,135,36,13,13,2,2,3,1,2,1,1,0,0,57,266,572,FINAL (ENTRADA MANUAL)
105,2,5,167,37,20,17,10,0,0,1,0,132,31,17,14,9,2,0,3,2,2,2,0,0,40,254,573,FINAL (ENTRADA MANUAL)
105,3,1,137,39,6,9,7,0,0,0,3,110,32,3,3,5,2,2,0,0,0,2,0,0,44,203,490,FINAL (ENTRADA MANUAL)
105,3,2,131,43,14,2,4,0,0,0,0,91,36,5,2,2,3,1,2,2,1,0,1,0,49,195,490,FINAL (ENTRADA MANUAL)
105,3,3,148,34,11,6,6,0,0,0,3,106,23,6,5,5,2,0,0,0,0,2,0,0,61,210,490,FINAL (ENTRADA MANUAL)
105,4,1,173,51,11,13,12,0,0,1,1,113,34,8,8,10,2,0,2,3,1,1,0,0,81,263,458,FINAL (ENTRADA MANUAL)
105,4,2,150,39,15,9,10,2,0,1,1,100,30,10,6,7,0,1,3,0,2,1,0,0,68,228,458,FINAL (ENTRADA MANUAL)
105,4,3,144,55,13,16,8,0,0,1,0,95,43,5,11,7,1,2,2,4,0,1,0,0,67,238,458,FINAL (ENTRADA MANUAL)
105,4,4,134,45,15,16,11,0,1,0,0,97,36,11,11,9,3,1,1,0,1,0,0,0,52,222,456,FINAL (ENTRADA MANUAL)
105,5,1,172,55,24,10,8,1,2,0,2,131,35,12,10,8,0,4,2,1,0,3,0,0,71,277,489,FINAL (ENTRADA MANUAL)
105,5,2,152,44,25,20,10,1,1,2,1,114,33,22,16,8,1,3,1,4,2,2,0,0,52,258,489,FINAL (ENTRADA MANUAL)
105,5,3,152,62,24,11,6,0,1,0,1,96,46,14,10,5,4,3,4,4,0,1,0,0,71,258,489,FINAL (ENTRADA MANUAL)
105,5,4,181,35,21,10,9,0,0,0,3,120,18,11,10,6,1,0,3,6,1,3,0,0,83,262,489,FINAL (ENTRADA MANUAL)
105,5,5,189,48,20,15,7,1,0,0,0,121,34,12,15,7,1,6,2,4,1,0,1,0,77,281,489,FINAL (ENTRADA MANUAL)
105,6,1,132,47,10,6,3,0,0,0,1,110,36,9,6,3,1,0,0,3,0,1,0,0,31,200,432,FINAL (ENTRADA MANUAL)
105,6,2,143,45,10,4,13,0,0,0,0,112,35,7,3,9,0,1,1,2,0,0,0,0,45,215,432,FINAL (ENTRADA MANUAL)
105,6,3,153,43,5,5,12,0,0,0,1,142,37,3,5,8,2,1,0,0,0,0,0,0,21,219,432,FINAL (ENTRADA MANUAL)
105,7,1,172,43,10,8,14,0,0,0,0,123,34,5,6,10,1,0,0,1,0,0,0,0,67,247,522,FINAL (ENTRADA MANUAL)
105,7,2,173,31,4,3,15,2,0,1,1,138,26,3,2,11,1,1,0,1,0,4,0,0,47,234,522,FINAL (ENTRADA MANUAL)
105,7,3,170,27,11,6,14,0,0,0,0,146,23,11,6,12,3,2,0,0,2,1,0,0,23,229,522,FINAL (ENTRADA MANUAL)
105,7,4,152,35,8,5,9,0,0,0,0,125,30,4,4,7,2,0,0,1,1,1,0,0,35,210,522,FINAL (ENTRADA MANUAL)
105,72,1,147,111,1,5,0,3,0,0,1,123,100,1,2,0,2,2,0,2,1,0,0,0,35,268,0,FINAL (ENTRADA MANUAL)
105,72,2,27,15,0,0,0,0,0,0,0,23,15,0,0,0,0,0,0,0,0,0,0,0,4,42,0,FINAL (ENTRADA MANUAL)
105,72,3,292,116,5,5,7,2,0,0,0,235,112,2,5,6,5,7,0,2,1,0,0,0,52,427,0,FINAL (ENTRADA MANUAL)
105,72,4,19,0,0,0,0,0,0,0,0,19,0,0,0,0,0,0,0,0,0,0,0,0,1,20,0,FINAL (ENTRADA MANUAL)
105,72,5,16,9,1,0,0,0,0,0,1,14,8,1,0,0,0,0,0,0,0,0,0,0,4,27,0,FINAL (ENTRADA MANUAL)
105,72,6,6,1,0,0,0,0,0,0,0,6,1,0,0,0,0,0,0,0,0,0,0,0,0,7,0,FINAL (ENTRADA MANUAL)
105,72,7,18,3,0,0,0,0,0,0,0,16,1,0,0,0,0,1,0,0,0,0,0,0,3,21,0,FINAL (ENTRADA MANUAL)
105,72,8,3,1,0,0,0,0,0,0,0,3,1,0,0,0,0,0,0,0,0,0,0,0,0,4,0,FINAL (ENTRADA MANUAL)
105,72,9,0,0,0,0,0,0,0,0,0,0,0,0,0,0,0,0,0,0,0,0,0,0,0,0,0,FINAL (ENTRADA MANUAL)
105,72,10,36,21,1,0,0,0,0,0,0,29,18,0,0,0,0,2,0,1,0,0,0,0,8,58,0,FINAL (ENTRADA MANUAL)
105,73,1,204,4,0,5,2,1,0,0,0,163,4,0,5,2,0,1,0,0,0,0,0,0,41,216,0,FINAL (ENTRADA MANUAL)
105,74,1,1,0,0,0,0,1,0,0,0,0,0,0,0,0,0,0,0,0,0,0,0,0,2,2,0,FINAL (ENTRADA MANUAL)
105,74,2,0,0,0,0,0,0,0,0,0,0,0,0,0,0,0,0,0,0,0,0,0,0,0,0,0,FINAL (ENTRADA MANUAL)
105,75,1,0,0,0,0,0,0,0,0,0,0,0,0,0,0,0,0,0,0,0,0,0,0,0,0,0,FINAL (ENTRADA MANUAL)
105,76,1,19,1,0,0,0,0,0,1,1,11,1,0,0,0,0,0,0,0,0,0,0,0,10,22,0,FINAL (ENTRADA MANUAL)
105,76,2,1,0,0,0,0,0,0,0,0,1,0,0,0,0,0,0,0,0,0,0,0,0,0,1,0,FINAL (ENTRADA MANUAL)
105,76,3,7,0,0,0,0,0,0,0,0,5,0,0,0,0,0,0,0,0,0,0,0,0,2,7,0,FINAL (ENTRADA MANUAL)
105,76,4,0,0,0,0,0,0,0,0,0,0,0,0,0,0,0,0,0,0,0,0,0,0,0,0,0,FINAL (ENTRADA MANUAL)
105,77,1,0,0,0,0,0,0,0,0,0,0,0,0,0,0,0,0,0,0,0,0,0,0,0,0,0,FINAL (ENTRADA MANUAL)
105,77,2,9,0,3,5,5,0,0,0,0,5,0,3,3,3,0,0,0,2,2,0,0,0,4,22,0,FINAL (ENTRADA MANUAL)
105,77,3,1,2,0,0,0,0,0,0,0,1,2,0,0,0,0,0,0,0,0,0,0,0,0,3,0,FINAL (ENTRADA MANUAL)
105,78,1,41,21,2,3,0,1,0,0,0,27,13,1,3,0,0,0,0,0,0,2,0,0,24,70,0,FINAL (ENTRADA MANUAL)
105,78,2,0,0,0,0,0,0,0,0,0,0,0,0,0,0,0,0,0,0,0,0,0,0,0,0,0,FINAL (ENTRADA MANUAL)
105,78,3,0,0,0,0,0,0,0,0,0,0,0,0,0,0,0,0,0,0,0,0,0,0,0,0,0,FINAL (ENTRADA MANUAL)
105,78,4,0,0,0,0,0,0,0,0,0,0,0,0,0,0,0,0,0,0,0,0,0,0,0,0,0,FINAL (ENTRADA MANUAL)
106,1,1,61,138,9,8,17,,3,0,2,55,87,5,7,13,3,1,1,0,1,3,0,0,65,241,420,FINAL (ENTRADA MANUAL)
106,1,2,53,135,8,13,20,,0,1,2,45,96,3,8,17,1,0,1,2,2,2,0,0,57,234,420,FINAL (ENTRADA MANUAL)
106,1,3,68,147,4,15,7,,0,0,1,66,107,2,13,7,2,3,0,0,0,1,0,0,42,243,421,FINAL (ENTRADA MANUAL)
106,2,1,69,166,9,19,8,,0,0,2,65,116,5,12,7,2,2,2,1,1,1,0,0,60,274,454,FINAL (ENTRADA MANUAL)
106,2,2,58,163,10,16,9,,0,1,0,57,112,4,13,9,5,0,1,3,1,1,0,0,52,258,454,FINAL (ENTRADA MANUAL)
106,2,3,54,175,4,20,8,,2,0,0,51,139,3,16,8,5,4,2,3,1,3,0,0,31,266,454,FINAL (ENTRADA MANUAL)
106,2,4,67,167,9,15,14,,0,0,3,61,103,7,14,11,4,6,2,2,0,1,0,0,65,276,454,FINAL (ENTRADA MANUAL)
106,2,5,46,171,13,13,12,,0,0,1,43,114,7,11,7,2,3,2,1,0,3,1,0,66,260,454,FINAL (ENTRADA MANUAL)
106,2,6,39,171,12,14,13,,2,0,2,35,109,6,12,12,2,4,3,4,2,0,0,0,64,253,451,FINAL (ENTRADA MANUAL)
106,3,1,54,178,11,32,11,,2,0,1,46,125,8,28,8,1,1,5,4,4,1,0,0,59,290,493,FINAL (ENTRADA MANUAL)
106,3,2,60,169,9,23,15,,1,0,0,56,116,6,18,9,3,3,0,4,2,1,0,0,60,278,493,FINAL (ENTRADA MANUAL)
106,3,3,49,172,16,24,10,,0,0,0,43,123,14,17,6,0,4,2,3,3,3,0,0,56,274,493,FINAL (ENTRADA MANUAL)
106,3,4,68,178,5,29,17,,0,0,1,58,118,4,26,13,3,6,1,5,2,0,0,0,62,298,493,FINAL (ENTRADA MANUAL)
106,3,5,60,202,13,18,8,,0,0,1,51,143,8,14,7,3,3,2,3,0,2,0,0,68,304,493,FINAL (ENTRADA MANUAL)
106,3,6,67,186,10,20,14,,0,0,0,57,113,8,17,12,3,6,3,9,1,4,0,0,68,301,493,FINAL (ENTRADA MANUAL)
106,4,1,84,127,4,9,20,,1,0,1,74,81,2,5,13,8,2,1,0,0,4,1,0,60,251,437,FINAL (ENTRADA MANUAL)
106,4,2,89,119,2,5,27,,1,0,0,78,68,2,5,23,2,2,0,0,0,4,0,0,63,247,437,FINAL (ENTRADA MANUAL)
106,4,3,58,131,4,5,17,,0,0,2,49,88,2,4,14,9,0,0,3,0,0,0,0,48,217,437,FINAL (ENTRADA MANUAL)
106,4,4,51,110,4,6,19,,1,0,0,45,66,3,6,18,0,2,1,2,0,2,0,0,48,193,437,FINAL (ENTRADA MANUAL)
106,4,5,54,132,4,6,22,,1,0,3,44,81,4,3,15,3,1,0,0,1,1,0,0,70,223,439,FINAL (ENTRADA MANUAL)
106,5,1,99,123,2,12,8,,0,0,0,87,81,2,12,4,2,3,0,3,0,1,0,0,50,245,414,FINAL (ENTRADA MANUAL)
106,5,2,82,140,4,8,8,,0,0,0,68,95,3,5,7,1,3,2,2,2,2,0,0,54,244,414,FINAL (ENTRADA MANUAL)
106,5,3,79,136,2,8,6,,0,0,0,72,93,2,6,5,4,3,0,0,3,1,1,0,43,233,413,FINAL (ENTRADA MANUAL)
106,6,1,78,139,11,15,12,,0,0,1,68,106,8,8,7,0,3,1,3,3,0,1,0,49,257,464,FINAL (ENTRADA MANUAL)
106,6,2,92,123,5,12,24,,0,0,0,82,93,4,11,20,4,1,2,4,1,1,0,0,34,257,463,FINAL (ENTRADA MANUAL)
106,7,1,45,111,2,10,11,,0,0,1,43,75,1,9,9,2,2,0,3,3,0,0,0,33,180,393,FINAL (ENTRADA MANUAL)
106,7,2,48,117,3,11,8,,0,0,1,38,80,2,7,6,3,3,1,2,1,1,0,0,45,189,393,FINAL (ENTRADA MANUAL)
106,7,3,41,101,3,10,12,,0,0,2,35,77,2,9,9,1,2,0,1,0,2,0,0,33,171,394,FINAL (ENTRADA MANUAL)
106,8,1,62,131,6,19,10,,1,0,0,58,87,4,15,8,3,1,1,2,2,1,1,0,48,231,476,FINAL (ENTRADA MANUAL)
106,8,2,99,96,5,11,20,,1,0,2,89,60,2,7,13,2,0,1,2,3,1,0,0,55,235,476,FINAL (ENTRADA MANUAL)
106,8,3,90,124,2,18,19,,0,0,1,79,85,1,15,13,0,0,1,2,1,0,0,0,57,254,476,FINAL (ENTRADA MANUAL)
106,8,4,59,140,9,7,19,,1,0,1,52,113,7,7,12,2,0,1,2,0,2,0,0,40,238,476,FINAL (ENTRADA MANUAL)
106,8,5,75,154,6,9,22,,2,0,0,70,103,5,9,19,5,2,1,2,2,2,0,0,50,270,478,FINAL (ENTRADA MANUAL)
106,72,1,8,15,1,1,3,,0,0,1,7,12,1,1,3,0,0,0,0,0,2,0,0,5,31,0,FINAL (ENTRADA MANUAL)
106,72,2,1,0,0,0,0,,0,0,0,1,0,0,0,0,0,0,0,0,0,0,0,0,0,1,0,FINAL (ENTRADA MANUAL)
106,72,3,8,7,0,0,0,,0,0,0,8,5,0,0,0,0,0,0,0,0,0,0,0,2,15,0,FINAL (ENTRADA MANUAL)
106,72,4,40,55,2,3,6,,2,0,1,36,36,1,2,6,5,5,1,0,0,3,3,0,17,115,0,FINAL (ENTRADA MANUAL)
106,72,5,34,39,0,0,4,,0,0,0,33,26,0,0,4,3,4,0,0,0,0,0,0,7,77,0,FINAL (ENTRADA MANUAL)
106,72,6,4,3,0,0,0,,0,0,0,2,1,0,0,0,2,0,0,0,0,0,0,0,0,5,0,FINAL (ENTRADA MANUAL)
106,72,7,128,189,4,5,5,,0,0,0,116,127,2,5,4,8,8,0,0,0,0,0,0,61,331,0,FINAL (ENTRADA MANUAL)
106,72,8,0,2,0,0,0,,0,0,0,0,2,0,0,0,0,0,0,0,0,0,0,0,0,2,0,FINAL (ENTRADA MANUAL)
106,72,9,0,0,0,0,0,,0,0,0,0,0,0,0,0,0,0,0,0,0,0,0,0,0,0,0,FINAL (ENTRADA MANUAL)
106,72,10,2,1,0,0,0,,0,0,0,2,1,0,0,0,0,0,0,0,0,0,0,0,0,3,0,FINAL (ENTRADA MANUAL)
106,72,11,10,5,0,0,0,,0,0,0,8,3,0,0,0,0,0,0,0,0,0,0,0,4,15,0,FINAL (ENTRADA MANUAL)
106,72,12,0,1,0,0,0,,0,0,0,0,1,0,0,0,0,0,0,0,0,0,0,0,0,1,0,FINAL (ENTRADA MANUAL)
106,73,1,170,170,0,2,6,,0,0,0,152,126,0,1,5,2,0,0,0,0,0,0,0,62,348,0,FINAL (ENTRADA MANUAL)
106,73,2,0,0,0,0,0,,0,0,0,0,0,0,0,0,0,0,0,0,0,0,0,0,0,0,0,FINAL (ENTRADA MANUAL)
106,73,3,40,33,1,0,0,,0,0,0,39,30,0,0,0,1,0,0,0,0,2,0,0,4,76,0,FINAL (ENTRADA MANUAL)
106,74,1,0,2,0,0,0,,0,0,0,0,2,0,0,0,0,0,0,0,0,0,0,0,0,2,0,FINAL (ENTRADA MANUAL)
106,74,2,0,0,0,0,0,,0,0,0,0,0,0,0,0,0,0,0,0,0,0,0,0,0,0,0,FINAL (ENTRADA MANUAL)
106,75,1,0,2,0,0,0,,0,0,0,0,2,0,0,0,0,0,0,0,0,0,0,0,0,2,0,FINAL (ENTRADA MANUAL)
106,76,1,2,10,0,0,0,,0,0,1,2,6,0,0,0,1,0,0,0,0,0,0,0,4,13,0,FINAL (ENTRADA MANUAL)
106,76,2,1,0,0,0,0,,0,0,0,1,0,0,0,0,0,0,0,0,0,0,0,0,0,1,0,FINAL (ENTRADA MANUAL)
106,76,3,1,2,0,0,0,,0,0,0,0,2,0,0,0,0,0,0,0,0,0,0,0,1,3,0,FINAL (ENTRADA MANUAL)
106,77,1,0,6,2,2,2,,0,0,0,0,5,1,1,1,0,1,0,1,0,0,0,0,2,12,0,FINAL (ENTRADA MANUAL)
106,77,2,3,22,4,9,1,,0,0,0,3,18,2,9,1,1,0,1,2,0,0,0,0,2,39,0,FINAL (ENTRADA MANUAL)
106,77,3,0,1,0,0,0,,0,0,0,0,1,0,0,0,0,0,0,0,0,0,0,0,0,1,0,FINAL (ENTRADA MANUAL)
106,77,4,2,3,0,0,0,,0,0,0,2,2,0,0,0,0,0,0,0,0,0,0,0,1,5,0,FINAL (ENTRADA MANUAL)
106,78,1,36,55,0,4,5,,1,0,0,33,33,0,3,4,0,3,0,0,0,1,0,1,35,113,0,FINAL (ENTRADA MANUAL)
106,78,2,0,0,0,0,0,,0,0,0,0,0,0,0,0,0,0,0,0,0,0,0,0,0,0,0,FINAL (ENTRADA MANUAL)
106,78,3,0,0,0,0,0,,0,0,0,0,0,0,0,0,0,0,0,0,0,0,0,0,0,0,0,FINAL (ENTRADA MANUAL)
106,78,4,1,0,0,0,0,,0,0,0,1,0,0,0,0,0,0,0,0,0,0,0,0,0,1,0,FINAL (ENTRADA MANUAL)
107,1,1,67,151,16,17,10,,0,1,0,56,127,14,13,8,2,3,0,0,0,3,0,0,39,265,452,FINAL (ENTRADA MANUAL)
107,1,2,46,142,9,19,13,,0,1,0,42,98,6,17,12,3,5,2,2,1,1,0,0,42,231,452,FINAL (ENTRADA MANUAL)
107,1,3,62,135,15,17,13,,0,0,1,58,87,14,11,12,1,5,1,3,1,2,0,0,50,245,452,FINAL (ENTRADA MANUAL)
107,1,4,56,148,10,14,12,,0,0,1,52,98,7,12,10,1,1,1,6,1,0,0,0,52,241,452,FINAL (ENTRADA MANUAL)
107,1,5,50,138,17,18,14,,1,0,1,44,108,11,15,14,1,4,2,6,2,0,0,0,32,239,452,FINAL (ENTRADA MANUAL)
107,1,6,63,130,16,18,13,,0,1,1,56,85,12,10,11,3,2,3,4,1,1,0,0,55,243,452,FINAL (ENTRADA MANUAL)
107,1,7,49,151,10,19,8,,0,1,0,48,111,8,16,6,1,2,0,2,1,0,0,0,43,238,452,FINAL (ENTRADA MANUAL)
107,2,1,44,138,14,15,16,,0,1,0,38,92,11,13,16,3,1,1,4,1,1,0,0,48,229,367,FINAL (ENTRADA MANUAL)
107,2,2,45,131,16,23,8,,0,0,3,35,86,12,20,6,6,2,2,4,1,1,0,0,52,227,367,FINAL (ENTRADA MANUAL)
107,2,3,43,151,16,25,13,,0,0,0,39,109,12,21,10,1,2,2,3,3,0,0,0,46,248,367,FINAL (ENTRADA MANUAL)
107,2,4,40,127,10,25,16,,0,0,2,39,88,5,24,13,1,2,3,5,0,2,0,0,40,222,367,FINAL (ENTRADA MANUAL)
107,2,5,39,165,9,16,10,,0,0,1,32,118,8,14,8,3,6,3,4,2,0,0,0,42,240,367,FINAL (ENTRADA MANUAL)
107,3,1,60,178,10,20,14,,0,0,2,57,126,6,19,11,2,1,2,3,0,2,0,0,57,286,529,FINAL (ENTRADA MANUAL)
107,3,2,52,162,9,24,15,,1,0,1,47,127,6,21,14,1,2,1,1,1,1,0,0,43,265,529,FINAL (ENTRADA MANUAL)
107,3,3,44,170,13,28,16,,0,0,2,40,128,9,24,15,0,0,2,4,2,3,0,0,49,276,529,FINAL (ENTRADA MANUAL)
107,3,4,55,177,11,19,17,,0,0,1,50,112,9,14,13,2,3,1,3,1,2,0,0,72,282,529,FINAL (ENTRADA MANUAL)
107,3,5,49,151,16,19,12,,0,0,2,41,98,10,15,7,5,0,1,5,1,3,0,0,66,252,529,FINAL (ENTRADA MANUAL)
107,3,6,42,189,18,18,16,,0,0,4,38,121,13,14,13,4,1,2,5,2,0,0,0,74,287,530,FINAL (ENTRADA MANUAL)
107,4,1,89,167,8,11,18,,1,0,0,80,130,6,8,16,0,1,1,3,2,0,0,0,47,294,561,FINAL (ENTRADA MANUAL)
107,4,2,66,144,8,21,17,,0,0,1,59,89,8,19,13,2,1,1,3,0,3,0,0,62,260,561,FINAL (ENTRADA MANUAL)
107,4,3,72,175,5,18,15,,0,0,3,62,126,3,12,15,1,2,4,2,0,1,0,0,61,289,561,FINAL (ENTRADA MANUAL)
107,4,4,55,168,7,10,22,,2,0,2,51,130,7,9,15,2,0,2,1,4,1,0,0,45,267,561,FINAL (ENTRADA MANUAL)
107,4,5,79,131,5,18,22,,1,0,2,73,100,4,14,18,1,2,1,3,2,1,0,0,40,259,561,FINAL (ENTRADA MANUAL)
107,4,6,67,158,11,9,18,,0,0,4,57,97,8,8,13,2,0,1,3,0,3,0,0,78,270,563,FINAL (ENTRADA MANUAL)
107,5,1,58,133,15,16,9,,1,0,1,48,98,11,13,6,2,1,1,2,0,3,0,0,51,236,487,FINAL (ENTRADA MANUAL)
107,5,2,50,121,9,21,9,,1,0,1,45,100,9,17,8,0,0,1,3,0,1,0,0,29,213,487,FINAL (ENTRADA MANUAL)
107,5,3,57,115,8,15,11,,0,0,0,52,86,8,12,9,4,5,0,1,0,2,0,0,29,208,487,FINAL (ENTRADA MANUAL)
107,5,4,48,140,13,21,4,,0,0,0,41,90,8,17,4,0,1,0,6,0,0,0,0,59,224,487,FINAL (ENTRADA MANUAL)
107,6,1,69,121,6,9,9,,1,0,1,56,98,5,7,6,1,0,0,0,1,0,0,0,42,216,412,FINAL (ENTRADA MANUAL)
107,6,2,75,101,2,9,9,,0,0,0,67,83,1,8,8,2,2,0,2,0,1,0,0,23,197,412,FINAL (ENTRADA MANUAL)
107,6,3,48,116,4,10,9,,0,0,2,40,87,3,5,8,1,3,1,0,0,1,0,0,41,190,412,FINAL (ENTRADA MANUAL)
107,6,4,57,105,8,11,10,,0,0,1,55,72,5,10,8,1,1,0,1,0,3,0,0,39,195,414,FINAL (ENTRADA MANUAL)
107,7,1,30,184,15,20,13,,0,0,0,28,137,13,14,10,1,1,1,4,1,0,0,0,52,262,432,FINAL (ENTRADA MANUAL)
107,7,2,56,155,21,23,8,,0,0,0,50,104,15,20,7,3,4,2,3,4,0,0,0,51,263,432,FINAL (ENTRADA MANUAL)
107,7,3,40,175,13,21,10,,0,1,0,37,136,10,20,9,1,3,0,6,0,1,0,0,38,261,432,FINAL (ENTRADA MANUAL)
107,7,4,42,165,19,16,12,,1,0,1,39,113,10,15,7,2,3,1,2,2,1,0,0,62,257,432,FINAL (ENTRADA MANUAL)
107,7,5,43,158,17,16,11,,0,0,0,39,114,17,12,9,4,2,2,0,1,1,0,0,45,246,432,FINAL (ENTRADA MANUAL)
107,7,6,35,169,15,21,7,,3,0,1,30,120,9,17,7,7,2,3,2,0,4,0,0,54,255,432,FINAL (ENTRADA MANUAL)
107,7,7,29,173,12,20,11,,1,0,0,27,119,7,17,9,2,2,2,5,1,3,0,0,55,249,433,FINAL (ENTRADA MANUAL)
107,8,1,51,140,12,21,16,,0,0,1,43,89,8,19,14,0,5,2,3,1,4,0,0,57,245,450,FINAL (ENTRADA MANUAL)
107,8,2,55,159,18,18,19,,1,0,1,52,116,15,17,18,2,1,2,5,1,1,0,0,42,272,450,FINAL (ENTRADA MANUAL)
107,8,3,69,136,10,20,10,,1,0,0,65,99,10,19,8,2,4,0,4,2,1,0,0,33,247,449,FINAL (ENTRADA MANUAL)
107,9,1,61,171,12,18,11,,1,0,0,55,125,10,17,11,3,2,0,4,5,1,0,0,42,275,519,FINAL (ENTRADA MANUAL)
107,9,2,67,137,11,14,4,,0,0,1,56,97,9,10,3,1,2,0,1,0,2,1,0,55,237,519,FINAL (ENTRADA MANUAL)
107,9,3,56,145,6,15,9,,0,0,0,52,114,4,15,8,4,3,0,3,1,1,0,0,27,232,519,FINAL (ENTRADA MANUAL)
107,9,4,47,160,12,15,13,,0,0,2,40,100,6,13,10,0,5,5,2,1,1,0,0,67,250,519,FINAL (ENTRADA MANUAL)
107,9,5,51,135,12,10,13,,0,0,2,44,101,9,10,11,3,5,0,0,1,2,0,0,39,225,519,FINAL (ENTRADA MANUAL)
107,9,6,61,162,14,18,14,,0,0,1,58,107,11,15,11,2,3,2,3,1,0,0,0,57,270,519,FINAL (ENTRADA MANUAL)
107,9,7,71,150,7,5,14,,2,0,1,68,98,7,3,11,3,3,0,2,0,1,0,0,55,251,518,FINAL (ENTRADA MANUAL)
107,10,1,45,156,14,20,22,,0,0,0,39,94,11,15,17,1,1,3,3,0,2,0,0,73,259,433,FINAL (ENTRADA MANUAL)
107,10,2,53,169,13,15,22,,0,0,1,43,116,6,13,17,4,2,2,0,2,2,1,0,68,276,433,FINAL (ENTRADA MANUAL)
107,10,3,65,143,14,22,10,,0,0,1,54,96,11,18,6,8,3,0,6,3,2,0,0,50,257,433,FINAL (ENTRADA MANUAL)
107,10,4,49,159,11,23,18,,0,0,4,46,98,7,20,10,4,1,3,4,1,0,0,0,70,264,433,FINAL (ENTRADA MANUAL)
107,10,5,52,179,12,23,13,,0,0,2,43,128,9,19,11,2,5,1,3,1,2,0,0,59,283,433,FINAL (ENTRADA MANUAL)
107,10,6,36,144,12,27,18,,0,0,0,31,99,10,23,11,1,1,1,6,0,1,0,0,54,238,433,FINAL (ENTRADA MANUAL)
107,10,7,50,145,17,33,16,,0,0,2,44,90,16,27,11,5,2,6,0,2,4,0,0,60,267,433,FINAL (ENTRADA MANUAL)
107,10,8,55,145,17,24,11,,1,0,0,54,93,16,16,7,3,3,3,2,2,3,0,0,54,256,433,FINAL (ENTRADA MANUAL)
107,10,9,67,156,9,17,11,,0,0,1,55,108,6,14,7,3,2,1,7,1,1,0,0,57,262,430,FINAL (ENTRADA MANUAL)
107,72,1,54,102,1,3,3,,0,0,1,45,84,0,2,3,3,3,0,1,1,16,0,0,22,180,0,FINAL (ENTRADA MANUAL)
107,72,2,0,0,0,0,0,,0,0,0,0,0,0,0,0,0,0,0,0,0,0,0,0,0,0,0,FINAL (ENTRADA MANUAL)
107,72,3,191,231,6,14,8,,4,0,3,176,168,3,11,8,2,10,0,1,0,0,1,0,78,458,0,FINAL (ENTRADA MANUAL)
107,72,4,80,95,1,7,3,,1,0,2,70,66,0,5,2,6,4,0,4,0,7,1,0,32,197,0,FINAL (ENTRADA MANUAL)
107,72,5,2,3,0,0,0,,0,0,0,2,1,0,0,0,0,0,1,0,0,0,0,0,1,5,0,FINAL (ENTRADA MANUAL)
107,72,6,1,1,0,1,0,,0,0,0,1,1,0,1,0,0,0,0,0,0,0,0,0,0,3,0,FINAL (ENTRADA MANUAL)
107,72,7,17,26,0,2,1,,1,0,0,15,17,0,1,1,2,0,0,0,0,0,0,0,11,47,0,FINAL (ENTRADA MANUAL)
107,72,8,6,2,0,0,0,,0,0,0,5,0,0,0,0,0,0,0,0,0,0,0,0,3,8,0,FINAL (ENTRADA MANUAL)
107,73,1,73,429,2,4,11,,0,0,0,69,358,2,3,8,2,2,0,0,1,0,0,0,74,519,0,FINAL (ENTRADA MANUAL)
107,73,2,0,0,0,0,0,,0,0,0,0,0,0,0,0,0,0,0,0,0,0,0,0,0,0,0,FINAL (ENTRADA MANUAL)
107,73,3,2,5,0,0,0,,0,0,0,2,4,0,0,0,0,0,0,0,0,4,0,0,1,11,0,FINAL (ENTRADA MANUAL)
107,74,1,2,9,1,1,2,,0,0,0,2,6,0,1,1,0,0,0,0,0,0,0,0,5,15,0,FINAL (ENTRADA MANUAL)
107,74,2,0,0,0,0,0,,0,0,0,0,0,0,0,0,0,0,0,0,0,0,0,0,0,0,0,FINAL (ENTRADA MANUAL)
107,75,1,2,0,0,0,1,,0,0,0,2,0,0,0,0,0,0,0,0,0,0,0,0,1,3,0,FINAL (ENTRADA MANUAL)
107,75,2,0,0,0,0,0,,0,0,0,0,0,0,0,0,0,0,0,0,0,0,0,0,0,0,0,FINAL (ENTRADA MANUAL)
107,76,1,16,17,0,0,0,,0,0,1,16,11,0,0,0,0,0,0,0,0,0,0,0,7,34,0,FINAL (ENTRADA MANUAL)
107,76,2,0,0,0,0,0,,0,0,0,1,0,0,0,0,0,0,0,0,0,0,0,0,0,1,0,FINAL (ENTRADA MANUAL)
107,76,3,3,2,0,0,0,,0,1,0,3,0,0,0,0,0,0,0,0,0,0,0,0,3,6,0,FINAL (ENTRADA MANUAL)
107,76,4,0,0,0,0,0,,0,0,0,0,0,0,0,0,0,0,0,0,0,1,0,0,0,1,0,FINAL (ENTRADA MANUAL)
107,76,5,0,1,0,0,0,,0,0,0,0,0,0,0,0,0,0,0,0,0,0,0,0,1,1,0,FINAL (ENTRADA MANUAL)
107,76,6,0,0,0,0,0,,0,0,0,0,0,0,0,0,0,0,0,0,0,1,0,0,0,1,0,FINAL (ENTRADA MANUAL)
107,77,1,1,13,2,3,1,,0,0,0,1,7,2,3,1,0,0,1,1,0,0,0,0,4,20,0,FINAL (ENTRADA MANUAL)
107,77,2,6,31,5,12,3,,0,0,0,5,18,4,11,3,0,0,0,5,0,0,0,0,11,57,0,FINAL (ENTRADA MANUAL)
107,77,3,0,7,0,1,0,,0,0,0,0,4,0,1,0,0,0,0,0,0,3,0,0,3,11,0,FINAL (ENTRADA MANUAL)
107,78,1,14,28,2,2,4,,0,0,13,12,19,0,1,4,3,0,0,0,1,0,6,0,17,63,0,FINAL (ENTRADA MANUAL)
107,78,2,0,0,0,0,0,,0,0,0,0,0,0,0,0,0,0,0,0,0,0,0,0,0,0,0,FINAL (ENTRADA MANUAL)
107,78,3,0,0,0,0,0,,0,0,0,0,0,0,0,0,0,0,0,0,0,0,0,0,0,0,0,FINAL (ENTRADA MANUAL)
107,78,4,1,4,4,1,0,,0,0,0,1,2,4,1,0,0,0,0,0,0,0,0,0,2,10,0,FINAL (ENTRADA MANUAL)
108,1,1,68,130,19,22,5,,0,0,1,62,94,14,18,3,1,0,2,5,0,3,0,0,46,248,433,FINAL (ENTRADA MANUAL)
108,1,2,61,119,12,20,3,,0,0,3,56,79,10,14,2,3,2,2,0,0,3,0,0,50,221,433,FINAL (ENTRADA MANUAL)
108,1,3,70,111,9,25,6,,1,0,0,59,66,7,20,5,4,4,2,5,0,2,0,0,50,224,433,FINAL (ENTRADA MANUAL)
108,1,4,77,117,22,17,3,,0,0,1,70,72,20,15,2,3,2,1,3,1,2,0,0,48,239,433,FINAL (ENTRADA MANUAL)
108,1,5,67,104,20,19,5,,0,0,1,58,67,13,14,4,3,0,2,3,1,4,0,0,51,220,433,FINAL (ENTRADA MANUAL)
108,1,6,76,113,11,24,4,,0,0,2,71,76,9,18,2,2,1,4,3,0,0,0,0,44,230,433,FINAL (ENTRADA MANUAL)
108,1,7,82,116,10,23,5,,0,0,1,72,73,8,14,2,3,1,2,2,0,2,0,0,60,239,433,FINAL (ENTRADA MANUAL)
108,1,8,53,121,15,23,5,,0,1,0,47,80,14,18,3,5,1,2,3,0,3,0,0,45,221,434,FINAL (ENTRADA MANUAL)
108,2,1,59,137,18,27,5,,0,0,0,53,88,13,20,4,0,2,2,3,1,1,0,0,60,247,449,FINAL (ENTRADA MANUAL)
108,2,2,49,157,16,23,11,,1,0,3,45,115,12,18,9,1,6,2,2,2,4,0,0,48,264,449,FINAL (ENTRADA MANUAL)
108,2,3,56,142,9,17,16,,0,0,1,48,98,7,15,15,6,2,3,2,1,3,0,0,44,244,449,FINAL (ENTRADA MANUAL)
108,2,4,55,160,13,15,10,,0,0,0,46,114,10,12,7,0,2,2,3,4,0,0,0,53,253,450,FINAL (ENTRADA MANUAL)
108,3,1,45,128,12,21,6,,0,0,1,39,82,9,20,3,2,4,2,1,1,3,0,0,50,216,404,FINAL (ENTRADA MANUAL)
108,3,2,44,88,8,22,5,,0,0,1,38,53,7,19,4,3,0,0,2,0,3,0,0,42,171,404,FINAL (ENTRADA MANUAL)
108,3,3,43,97,8,14,7,,0,0,2,40,65,5,14,3,0,1,1,4,1,0,0,0,37,171,404,FINAL (ENTRADA MANUAL)
108,3,4,61,131,9,13,8,,0,0,0,52,70,6,12,7,0,2,3,1,2,1,0,0,67,223,403,FINAL (ENTRADA MANUAL)
108,4,1,60,128,17,31,17,,2,0,3,53,89,14,25,13,1,2,1,1,1,2,0,0,58,260,517,FINAL (ENTRADA MANUAL)
108,4,2,63,149,23,20,10,,0,0,3,56,89,15,17,6,2,2,1,6,2,4,0,0,72,272,517,FINAL (ENTRADA MANUAL)
108,4,3,69,141,12,17,8,,0,1,0,52,88,9,12,5,4,1,2,4,0,1,0,0,71,249,517,FINAL (ENTRADA MANUAL)
108,4,4,64,147,14,27,8,,0,0,3,55,89,9,22,7,5,5,1,3,1,2,0,0,66,265,517,FINAL (ENTRADA MANUAL)
108,4,5,72,134,15,24,10,,0,0,0,61,94,10,18,9,5,0,4,7,1,2,1,0,46,258,517,FINAL (ENTRADA MANUAL)
108,4,6,72,139,13,28,14,,0,0,5,65,91,12,24,12,3,1,0,2,1,2,0,0,60,273,517,FINAL (ENTRADA MANUAL)
108,4,7,65,144,22,17,13,,0,0,1,57,94,13,12,9,0,3,2,6,1,2,0,0,65,264,518,FINAL (ENTRADA MANUAL)
108,5,1,86,126,9,13,27,,0,0,3,77,81,4,11,18,0,3,1,4,1,2,0,0,64,266,475,FINAL (ENTRADA MANUAL)
108,5,2,55,144,19,17,22,,2,0,0,49,105,13,14,20,4,2,1,1,0,2,0,0,50,261,475,FINAL (ENTRADA MANUAL)
108,6,1,61,150,18,28,7,,0,0,2,52,87,14,23,6,5,4,4,3,1,2,0,0,67,268,433,FINAL (ENTRADA MANUAL)
108,6,2,53,154,21,29,7,,0,1,5,47,89,18,23,3,4,2,1,5,2,2,0,0,76,272,433,FINAL (ENTRADA MANUAL)
108,6,3,54,139,22,20,11,,0,0,1,49,97,14,14,10,2,2,4,3,1,3,0,0,51,250,433,FINAL (ENTRADA MANUAL)
108,6,4,65,146,20,22,4,,0,0,0,55,89,15,17,3,2,3,3,2,1,1,0,0,67,258,434,FINAL (ENTRADA MANUAL)
108,7,1,64,140,14,14,16,,0,0,1,54,90,11,9,15,7,1,1,5,0,1,0,0,56,250,464,FINAL (ENTRADA MANUAL)
108,7,2,61,154,10,13,12,,1,0,1,57,90,7,13,8,3,1,3,1,1,4,0,0,68,256,464,FINAL (ENTRADA MANUAL)
108,7,3,71,152,9,11,12,,0,0,0,64,109,6,6,10,3,0,1,0,1,0,0,0,55,255,464,FINAL (ENTRADA MANUAL)
108,7,4,59,149,13,26,10,,0,0,3,49,101,10,21,8,2,2,2,5,1,1,0,0,59,261,464,FINAL (ENTRADA MANUAL)
108,7,5,49,148,9,15,7,,0,0,2,40,98,8,12,5,4,1,0,1,0,3,0,0,61,233,464,FINAL (ENTRADA MANUAL)
108,7,6,58,131,11,20,19,,0,0,0,51,75,10,17,14,1,0,1,1,0,2,0,0,69,241,466,FINAL (ENTRADA MANUAL)
108,8,1,41,177,25,29,11,,2,0,1,36,136,24,26,6,1,3,1,5,0,1,0,0,48,287,454,FINAL (ENTRADA MANUAL)
108,8,2,50,167,19,24,4,,1,0,2,46,113,19,21,0,0,3,3,2,3,2,0,0,57,269,454,FINAL (ENTRADA MANUAL)
108,8,3,48,139,10,23,12,,0,0,2,42,88,7,18,8,5,2,3,3,1,4,0,0,57,238,454,FINAL (ENTRADA MANUAL)
108,8,4,36,138,16,17,5,,0,0,1,33,101,13,16,5,1,1,2,5,2,0,0,0,34,213,454,FINAL (ENTRADA MANUAL)
108,8,5,38,167,12,26,14,,1,0,0,35,114,9,20,13,2,1,4,5,4,3,0,0,51,261,454,FINAL (ENTRADA MANUAL)
108,8,6,32,162,29,35,18,,1,0,0,31,125,21,30,17,2,6,2,7,1,3,0,0,35,280,454,FINAL (ENTRADA MANUAL)
108,8,7,34,180,18,26,16,,0,0,0,30,124,13,23,13,1,3,2,6,3,0,0,0,56,274,454,FINAL (ENTRADA MANUAL)
108,9,1,61,114,14,15,7,,1,0,1,56,74,12,12,5,3,2,1,3,0,1,0,0,45,214,399,FINAL (ENTRADA MANUAL)
108,9,2,38,109,14,22,14,,1,1,0,33,66,11,16,9,4,2,2,1,0,1,0,0,55,200,399,FINAL (ENTRADA MANUAL)
108,9,3,47,117,15,23,14,,1,0,1,45,87,11,19,12,2,0,2,1,2,2,0,0,37,220,399,FINAL (ENTRADA MANUAL)
108,10,1,51,126,7,16,10,,1,0,1,44,81,6,15,7,0,3,1,3,2,4,0,0,50,216,389,FINAL (ENTRADA MANUAL)
108,10,2,52,111,8,21,11,,1,1,1,41,63,6,20,9,2,9,2,2,1,1,0,0,51,207,389,FINAL (ENTRADA MANUAL)
108,10,3,52,124,12,20,11,,0,0,2,46,77,9,16,4,2,1,3,2,2,0,0,0,59,221,389,FINAL (ENTRADA MANUAL)
108,10,4,47,106,7,10,7,,2,1,0,39,58,3,7,6,2,4,0,2,1,1,0,0,58,181,388,FINAL (ENTRADA MANUAL)
108,11,1,59,149,12,25,12,,0,0,0,57,111,5,22,10,0,2,1,9,2,0,0,0,38,257,421,FINAL (ENTRADA MANUAL)
108,11,2,56,130,8,13,15,,0,0,1,51,96,6,10,14,3,1,1,4,0,1,0,0,37,224,421,FINAL (ENTRADA MANUAL)
108,11,3,53,127,18,13,17,,1,0,1,42,86,16,12,15,1,3,1,2,2,2,0,0,50,232,421,FINAL (ENTRADA MANUAL)
108,11,4,64,119,14,25,17,,0,0,0,60,68,10,22,12,3,0,1,1,0,1,0,0,62,240,421,FINAL (ENTRADA MANUAL)
108,11,5,47,130,16,23,19,,0,0,2,43,68,16,18,15,1,3,0,6,0,0,0,0,67,237,421,FINAL (ENTRADA MANUAL)
108,11,6,55,133,14,21,19,,0,0,1,50,92,10,19,13,2,1,1,0,2,0,0,0,53,243,421,FINAL (ENTRADA MANUAL)
108,11,7,48,152,12,16,12,,0,0,0,42,110,9,16,8,2,2,1,2,0,3,0,0,48,243,421,FINAL (ENTRADA MANUAL)
108,11,8,42,140,9,16,12,,0,0,0,38,92,4,13,7,2,1,2,6,2,1,0,0,52,220,421,FINAL (ENTRADA MANUAL)
108,11,9,39,133,15,30,14,,1,0,0,36,83,12,24,11,4,1,1,0,1,1,0,0,59,233,419,FINAL (ENTRADA MANUAL)
108,12,1,40,151,7,15,14,,0,0,2,36,96,6,15,14,3,5,1,5,1,1,0,0,47,230,365,FINAL (ENTRADA MANUAL)
108,12,2,45,113,7,17,12,,4,0,1,41,66,4,13,10,5,3,1,2,2,0,0,0,52,199,365,FINAL (ENTRADA MANUAL)
108,12,3,44,126,8,18,13,,0,0,1,40,88,7,13,10,2,1,0,4,1,2,0,0,44,212,365,FINAL (ENTRADA MANUAL)
108,12,4,44,120,13,22,8,,0,0,1,43,83,9,18,5,2,4,0,4,1,2,0,0,39,210,365,FINAL (ENTRADA MANUAL)
108,13,1,56,137,16,12,13,,1,0,1,50,104,11,11,10,1,1,1,2,1,3,0,0,44,239,446,FINAL (ENTRADA MANUAL)
108,13,2,57,120,10,13,17,,0,0,1,51,80,9,11,14,4,4,1,6,2,1,1,0,36,220,446,FINAL (ENTRADA MANUAL)
108,13,3,50,121,25,12,17,,0,0,1,43,73,18,11,16,2,0,0,4,1,4,0,0,58,230,447,FINAL (ENTRADA MANUAL)
108,14,1,47,139,10,15,6,,1,0,0,47,100,6,14,6,3,4,0,4,0,0,0,0,34,218,390,FINAL (ENTRADA MANUAL)
108,14,2,40,147,11,18,10,,0,0,1,32,108,7,17,9,4,2,1,1,0,2,2,0,46,231,390,FINAL (ENTRADA MANUAL)
108,14,3,37,149,16,21,7,,0,1,0,30,87,12,17,2,2,1,2,4,0,0,0,0,74,231,390,FINAL (ENTRADA MANUAL)
108,14,4,52,144,6,18,5,,0,0,1,48,105,4,17,4,0,4,2,3,0,0,0,0,39,226,390,FINAL (ENTRADA MANUAL)
108,14,5,33,110,8,17,6,,0,0,1,33,74,6,15,5,1,1,0,6,0,0,0,0,34,175,390,FINAL (ENTRADA MANUAL)
108,14,6,61,125,12,14,3,,0,0,0,60,84,9,13,3,2,2,1,4,0,0,0,0,37,215,390,FINAL (ENTRADA MANUAL)
108,14,7,49,135,9,21,7,,0,0,3,45,81,7,19,6,0,4,1,2,0,0,0,0,59,224,390,FINAL (ENTRADA MANUAL)
108,14,8,43,150,9,9,13,,2,0,1,38,102,8,9,10,0,3,2,3,0,0,0,0,52,227,391,FINAL (ENTRADA MANUAL)
108,15,1,57,152,17,24,16,,0,0,5,53,100,12,17,13,4,1,1,2,0,0,0,0,68,271,497,FINAL (ENTRADA MANUAL)
108,15,2,56,147,18,24,8,,0,0,0,50,90,14,17,8,2,2,1,2,0,3,0,1,67,257,497,FINAL (ENTRADA MANUAL)
108,15,3,62,141,22,18,11,,0,0,3,55,100,17,17,11,3,2,1,3,0,1,0,0,48,258,497,FINAL (ENTRADA MANUAL)
108,15,4,57,160,14,23,13,,0,0,4,43,106,11,17,10,4,1,0,3,3,1,0,0,73,272,497,FINAL (ENTRADA MANUAL)
108,15,5,58,160,16,22,7,,0,0,0,50,96,10,18,5,5,7,0,5,2,2,1,0,65,266,496,FINAL (ENTRADA MANUAL)
108,16,1,60,166,22,27,19,,0,0,0,54,119,14,24,16,4,1,5,8,1,1,0,0,48,295,499,FINAL (ENTRADA MANUAL)
108,16,2,56,172,13,21,13,,0,0,2,49,113,10,15,8,1,3,2,5,4,3,0,0,67,280,499,FINAL (ENTRADA MANUAL)
108,16,3,70,153,11,14,9,,1,0,0,59,104,8,13,6,1,0,1,4,1,0,0,0,61,258,499,FINAL (ENTRADA MANUAL)
108,16,4,53,155,9,21,16,,0,0,0,51,100,6,18,13,1,0,0,3,2,1,0,0,60,255,499,FINAL (ENTRADA MANUAL)
108,16,5,66,154,15,26,11,,0,0,1,55,102,13,23,9,2,1,1,3,0,3,0,0,64,276,499,FINAL (ENTRADA MANUAL)
108,17,1,70,95,4,4,9,,6,0,2,66,58,4,3,8,6,3,0,0,0,2,0,0,42,192,333,FINAL (ENTRADA MANUAL)
108,17,2,47,74,3,2,10,,1,0,1,41,54,2,2,9,2,1,0,2,1,1,0,0,24,139,333,FINAL (ENTRADA MANUAL)
108,18,1,61,154,15,11,11,,2,0,0,59,99,9,11,8,0,2,3,5,1,3,0,0,57,257,501,FINAL (ENTRADA MANUAL)
108,18,2,67,138,6,22,12,,1,1,0,59,85,5,20,10,5,5,2,2,1,4,0,0,53,251,501,FINAL (ENTRADA MANUAL)
108,18,3,55,143,12,18,14,,0,0,2,47,94,9,16,11,4,0,1,2,0,2,0,0,60,246,501,FINAL (ENTRADA MANUAL)
108,19,1,51,127,23,20,7,,1,0,0,46,87,20,15,6,2,1,4,3,0,1,0,0,45,230,405,FINAL (ENTRADA MANUAL)
108,19,2,49,122,11,16,10,,0,0,1,46,79,9,11,6,0,0,2,2,0,0,0,0,54,209,405,FINAL (ENTRADA MANUAL)
108,19,3,57,133,10,25,12,,1,1,1,51,95,6,21,9,2,4,2,3,3,1,0,0,44,241,405,FINAL (ENTRADA MANUAL)
108,19,4,58,134,13,19,6,,0,0,2,52,96,11,13,4,3,0,3,2,1,4,0,0,47,236,405,FINAL (ENTRADA MANUAL)
108,19,5,60,115,9,25,13,,0,0,2,53,79,8,21,9,2,2,0,2,0,1,0,0,48,225,405,FINAL (ENTRADA MANUAL)
108,20,1,75,128,4,16,6,,0,1,1,67,82,2,12,5,1,1,1,4,0,1,0,1,56,233,451,FINAL (ENTRADA MANUAL)
108,20,2,57,119,11,21,16,,0,0,1,52,88,9,18,12,1,0,2,1,0,0,1,0,42,226,451,FINAL (ENTRADA MANUAL)
108,20,3,60,105,7,13,11,,1,0,0,46,67,3,10,9,2,4,1,4,0,1,0,0,51,198,451,FINAL (ENTRADA MANUAL)
108,20,4,63,112,10,19,9,,0,0,1,59,71,8,17,6,5,1,2,3,1,1,0,0,41,215,451,FINAL (ENTRADA MANUAL)
108,20,5,60,106,12,12,11,,0,2,2,46,72,8,10,5,1,1,1,1,0,1,0,0,60,206,449,FINAL (ENTRADA MANUAL)
108,72,1,226,236,9,16,6,,3,0,5,203,159,8,12,5,15,8,0,0,1,0,0,0,90,501,0,FINAL (ENTRADA MANUAL)
108,72,2,62,49,0,3,3,,0,0,1,56,30,0,2,0,3,2,0,0,1,1,0,0,24,119,0,FINAL (ENTRADA MANUAL)
108,72,3,280,371,20,20,19,,2,0,1,248,261,15,17,16,30,21,1,4,2,0,0,0,98,713,0,FINAL (ENTRADA MANUAL)
108,72,4,27,19,1,1,1,,0,0,1,25,13,1,0,1,0,0,0,0,0,0,0,0,10,50,0,FINAL (ENTRADA MANUAL)
108,72,5,44,42,1,3,1,,0,0,0,40,32,0,3,1,1,1,0,0,0,0,0,0,13,91,0,FINAL (ENTRADA MANUAL)
108,72,6,76,126,5,9,6,,1,0,0,74,79,1,6,5,7,4,2,5,0,5,0,0,40,228,0,FINAL (ENTRADA MANUAL)
108,72,7,11,11,0,0,0,,0,0,1,10,9,0,0,0,0,0,0,0,0,0,0,0,4,23,0,FINAL (ENTRADA MANUAL)
108,72,8,0,1,0,0,0,,0,0,0,0,1,0,0,0,0,0,0,0,0,0,0,0,0,1,0,FINAL (ENTRADA MANUAL)
108,73,1,132,475,4,12,9,,0,0,3,120,405,4,12,6,3,4,0,1,0,0,1,0,80,636,0,FINAL (ENTRADA MANUAL)
108,73,2,0,0,0,0,0,,0,0,0,0,0,0,0,0,0,0,0,0,0,0,0,0,0,0,0,FINAL (ENTRADA MANUAL)
108,73,3,0,0,0,0,0,,0,0,0,0,0,0,0,0,0,0,0,0,0,0,0,0,0,0,0,FINAL (ENTRADA MANUAL)
108,73,4,0,0,0,0,0,,0,0,0,0,0,0,0,0,0,0,0,0,0,0,0,0,0,0,0,FINAL (ENTRADA MANUAL)
108,73,5,6,16,0,0,0,,0,0,0,6,14,0,0,0,0,0,0,0,0,3,0,0,2,25,0,FINAL (ENTRADA MANUAL)
108,74,1,9,3,0,2,2,,0,0,0,9,3,0,2,2,0,0,0,0,0,0,0,0,0,16,0,FINAL (ENTRADA MANUAL)
108,74,2,0,0,0,0,0,,0,0,0,0,0,0,0,0,0,0,0,0,0,1,0,0,0,1,0,FINAL (ENTRADA MANUAL)
108,75,1,4,6,1,1,0,,0,0,0,4,2,1,0,0,0,1,0,0,0,0,0,0,4,12,0,FINAL (ENTRADA MANUAL)
108,76,1,11,12,1,2,0,,0,0,0,11,4,1,2,0,0,1,0,0,0,2,0,0,7,28,0,FINAL (ENTRADA MANUAL)
108,76,2,0,1,0,0,0,,0,0,0,0,0,0,0,0,0,0,0,0,0,0,0,0,1,1,0,FINAL (ENTRADA MANUAL)
108,76,3,4,4,1,0,0,,0,0,0,3,2,1,0,0,0,0,0,0,0,0,0,0,3,9,0,FINAL (ENTRADA MANUAL)
108,76,4,0,0,0,0,0,,0,0,0,0,0,0,0,0,0,0,0,0,0,0,0,0,0,0,0,FINAL (ENTRADA MANUAL)
108,77,1,2,35,5,6,1,,0,0,1,0,18,3,5,1,1,1,1,0,1,0,0,0,19,50,0,FINAL (ENTRADA MANUAL)
108,77,2,6,53,18,25,0,,0,0,0,6,37,12,22,0,0,0,2,0,0,1,0,0,23,103,0,FINAL (ENTRADA MANUAL)
108,77,3,3,18,2,0,0,,0,0,0,3,12,2,0,0,0,0,0,0,0,0,0,0,6,23,0,FINAL (ENTRADA MANUAL)
108,78,1,64,114,6,16,7,,2,1,1,54,64,2,14,6,3,3,0,0,2,4,1,0,63,216,0,FINAL (ENTRADA MANUAL)
108,78,2,0,0,0,0,0,,0,0,0,0,0,0,0,0,0,0,0,0,0,0,0,0,0,0,0,FINAL (ENTRADA MANUAL)
108,78,3,0,0,0,0,0,,0,0,0,0,0,0,0,0,0,0,0,0,0,0,0,0,0,0,0,FINAL (ENTRADA MANUAL)
108,78,4,3,2,0,0,0,,0,0,0,3,1,0,0,0,0,0,0,0,0,0,0,0,1,5,0,FINAL (ENTRADA MANUAL)
109,1,1,81,97,15,6,20,,0,0,0,59,71,13,6,14,0,1,0,0,0,1,0,0,55,220,400,FINAL (ENTRADA MANUAL)
109,1,2,66,113,9,3,16,,0,0,0,54,90,7,2,14,2,2,0,0,1,0,0,0,35,207,400,FINAL (ENTRADA MANUAL)
109,1,3,73,108,14,9,10,,0,0,0,56,79,11,6,8,1,4,0,1,0,0,0,0,48,214,401,FINAL (ENTRADA MANUAL)
109,2,1,67,121,31,29,14,,0,1,0,59,89,28,23,13,0,8,1,1,2,1,0,0,39,264,404,FINAL (ENTRADA MANUAL)
109,2,2,48,120,45,30,12,,1,0,0,37,82,33,27,8,2,2,1,3,1,3,0,0,60,259,404,FINAL (ENTRADA MANUAL)
109,2,3,42,131,28,29,24,,1,0,0,32,93,23,26,19,0,2,1,3,3,0,0,0,53,255,404,FINAL (ENTRADA MANUAL)
109,2,4,63,94,35,22,20,,0,0,0,49,69,24,21,13,4,2,2,3,1,1,0,0,46,235,404,FINAL (ENTRADA MANUAL)
109,2,5,53,120,42,17,24,,0,0,0,46,82,29,15,18,1,3,1,4,2,1,0,0,55,257,404,FINAL (ENTRADA MANUAL)
109,3,1,96,115,63,28,18,,0,0,0,88,81,48,22,14,2,5,4,5,1,1,0,0,50,321,419,FINAL (ENTRADA MANUAL)
109,3,2,89,83,46,20,23,,0,0,0,80,62,35,18,18,1,2,2,4,0,1,0,0,39,262,419,FINAL (ENTRADA MANUAL)
109,3,3,67,98,46,22,18,,1,0,1,59,80,37,13,14,2,1,1,3,0,1,0,0,43,254,419,FINAL (ENTRADA MANUAL)
109,3,4,75,96,42,24,17,,0,0,1,64,76,33,20,15,4,5,2,5,0,0,0,0,31,255,419,FINAL (ENTRADA MANUAL)
109,3,5,87,89,46,25,16,,1,0,2,72,61,39,20,12,1,2,3,4,0,0,0,0,52,266,419,FINAL (ENTRADA MANUAL)
109,3,6,72,86,60,24,7,,0,0,0,61,69,45,18,5,2,3,1,2,1,0,0,0,42,249,419,FINAL (ENTRADA MANUAL)
109,3,7,83,103,45,20,16,,0,0,0,71,77,38,15,14,3,4,2,4,0,2,0,0,39,269,419,FINAL (ENTRADA MANUAL)
109,3,8,80,88,47,27,14,,0,1,1,68,62,37,22,10,1,4,1,2,2,2,0,0,49,260,419,FINAL (ENTRADA MANUAL)
109,3,9,73,82,66,23,11,,1,0,0,68,53,43,19,6,3,3,3,10,0,1,0,0,48,257,419,FINAL (ENTRADA MANUAL)
109,3,10,76,98,51,19,13,,0,0,0,62,78,41,14,12,0,1,3,4,0,1,0,0,42,258,419,FINAL (ENTRADA MANUAL)
109,3,11,73,109,46,17,13,,1,1,1,64,82,35,14,7,0,2,1,6,0,1,0,0,50,262,414,FINAL (ENTRADA MANUAL)
109,4,1,93,111,26,28,20,,0,0,0,73,77,22,25,20,1,1,2,3,1,0,0,0,53,278,435,FINAL (ENTRADA MANUAL)
109,4,2,90,105,22,27,13,,0,0,0,80,73,21,19,11,0,2,1,5,1,0,0,0,44,257,435,FINAL (ENTRADA MANUAL)
109,4,3,84,97,37,27,33,,0,0,1,77,63,30,22,27,3,1,2,8,1,1,0,0,45,280,435,FINAL (ENTRADA MANUAL)
109,4,4,78,105,27,23,18,,0,0,1,68,71,21,17,13,0,2,1,10,1,1,0,0,48,253,435,FINAL (ENTRADA MANUAL)
109,4,5,89,89,24,23,20,,0,1,0,78,60,16,17,16,2,1,1,3,0,0,0,0,52,246,435,FINAL (ENTRADA MANUAL)
109,4,6,65,122,31,29,12,,0,0,0,57,92,23,25,8,0,2,1,7,1,0,0,0,43,259,435,FINAL (ENTRADA MANUAL)
109,4,7,86,84,31,24,20,,0,0,0,68,59,29,18,15,1,3,2,1,2,0,0,0,47,245,434,FINAL (ENTRADA MANUAL)
109,5,1,88,146,4,9,9,,4,0,0,65,98,1,9,8,0,9,1,2,1,0,0,0,66,260,492,FINAL (ENTRADA MANUAL)
109,5,2,86,125,10,6,9,,3,0,0,68,84,7,6,7,2,4,0,1,3,0,0,0,57,239,492,FINAL (ENTRADA MANUAL)
109,5,3,73,154,8,4,11,,5,1,0,60,109,6,4,8,0,1,1,1,2,1,0,0,64,257,492,FINAL (ENTRADA MANUAL)
109,5,4,80,132,9,4,14,,3,0,0,68,95,5,4,12,3,3,1,0,1,1,0,0,50,243,492,FINAL (ENTRADA MANUAL)
109,5,5,68,116,14,12,11,,4,1,0,51,78,10,8,8,1,6,0,1,1,2,0,0,62,228,492,FINAL (ENTRADA MANUAL)
109,5,6,72,126,12,9,15,,1,0,1,58,101,7,6,11,2,2,0,2,0,1,0,0,47,237,490,FINAL (ENTRADA MANUAL)
109,6,1,87,99,15,10,14,,0,0,1,71,75,8,9,10,1,4,3,2,0,0,0,0,43,226,336,FINAL (ENTRADA MANUAL)
109,6,2,64,95,14,6,8,,0,0,0,46,65,9,6,6,0,0,1,1,1,0,0,0,52,187,335,FINAL (ENTRADA MANUAL)
109,7,1,112,113,22,11,15,,4,0,0,87,80,14,8,13,1,5,2,4,1,1,0,0,62,278,536,FINAL (ENTRADA MANUAL)
109,7,2,114,120,10,14,17,,5,1,2,89,76,8,13,12,1,4,0,4,1,2,0,0,75,285,536,FINAL (ENTRADA MANUAL)
109,7,3,117,125,12,12,12,,0,0,1,94,84,10,9,10,2,3,0,3,1,0,0,0,63,279,536,FINAL (ENTRADA MANUAL)
109,7,4,119,121,19,10,17,,0,0,2,86,68,9,10,13,0,7,1,5,0,4,0,0,89,292,536,FINAL (ENTRADA MANUAL)
109,7,5,112,108,11,19,18,,5,0,2,94,79,7,16,13,1,6,0,4,2,2,0,0,53,277,535,FINAL (ENTRADA MANUAL)
109,8,1,83,101,10,9,8,,0,0,0,66,68,7,7,8,3,4,5,2,1,0,0,0,40,211,386,FINAL (ENTRADA MANUAL)
109,8,2,94,82,10,11,8,,2,0,1,72,51,6,10,6,1,4,1,1,4,0,0,0,52,208,386,FINAL (ENTRADA MANUAL)
109,8,3,83,92,9,13,11,,0,1,0,67,66,9,8,10,1,3,0,1,0,0,0,0,44,209,385,FINAL (ENTRADA MANUAL)
109,72,1,144,76,9,1,7,,0,0,0,133,61,6,0,4,1,6,0,3,0,0,0,0,23,237,0,FINAL (ENTRADA MANUAL)
109,72,2,19,27,0,2,2,,0,0,0,16,23,0,2,2,1,1,0,0,0,0,0,0,5,50,0,FINAL (ENTRADA MANUAL)
109,72,3,20,17,1,2,2,,0,0,0,20,13,1,2,1,0,0,0,0,0,0,0,0,5,42,0,FINAL (ENTRADA MANUAL)
109,72,4,107,71,15,5,6,,1,0,0,83,61,13,5,6,4,2,1,0,2,4,0,0,28,209,0,FINAL (ENTRADA MANUAL)
109,72,5,4,4,0,0,1,,0,0,0,3,4,0,0,1,0,0,0,0,0,0,0,0,1,9,0,FINAL (ENTRADA MANUAL)
109,72,6,1,2,0,2,0,,0,0,0,1,2,0,2,0,0,0,0,0,0,0,0,0,0,5,0,FINAL (ENTRADA MANUAL)
109,72,7,58,24,2,0,0,,1,0,0,49,19,1,0,0,1,0,0,1,0,0,0,0,14,85,0,FINAL (ENTRADA MANUAL)
109,72,8,4,2,1,0,0,,0,0,0,2,2,1,0,0,0,0,0,0,0,0,0,1,2,7,0,FINAL (ENTRADA MANUAL)
109,72,9,450,237,12,20,15,,0,0,0,419,209,7,15,14,11,4,1,2,2,0,0,0,50,734,0,FINAL (ENTRADA MANUAL)
109,73,1,48,107,5,4,4,,0,0,0,45,92,3,4,1,5,1,0,1,0,0,0,0,16,168,0,FINAL (ENTRADA MANUAL)
109,73,2,5,28,0,1,0,,0,0,0,5,28,0,0,0,0,0,1,0,0,0,0,0,1,35,0,FINAL (ENTRADA MANUAL)
109,74,1,2,6,1,0,1,,0,0,0,2,5,1,0,0,0,1,0,0,0,0,0,0,1,10,0,FINAL (ENTRADA MANUAL)
109,74,2,0,0,0,0,0,,0,0,0,0,0,0,0,0,0,0,0,0,0,0,0,0,0,0,0,FINAL (ENTRADA MANUAL)
109,75,1,1,2,0,0,0,,0,0,0,1,1,0,0,0,0,0,0,0,0,0,0,0,1,3,0,FINAL (ENTRADA MANUAL)
109,76,1,7,1,1,0,1,,0,0,0,7,1,1,0,1,0,0,0,0,0,0,0,0,0,10,0,FINAL (ENTRADA MANUAL)
109,76,2,0,0,0,0,0,,0,0,0,0,0,0,0,0,0,0,0,0,0,0,0,0,0,0,0,FINAL (ENTRADA MANUAL)
109,76,3,2,2,0,0,1,,0,0,0,2,1,0,0,1,0,0,0,0,0,0,0,0,1,5,0,FINAL (ENTRADA MANUAL)
109,77,1,0,0,0,0,0,,0,0,0,0,0,0,0,0,0,0,0,0,0,0,0,0,0,0,0,FINAL (ENTRADA MANUAL)
109,77,2,1,1,1,2,0,,0,0,0,1,1,1,2,0,0,0,0,0,0,0,0,0,0,5,0,FINAL (ENTRADA MANUAL)
109,77,3,5,1,3,5,0,,0,0,0,5,1,2,5,0,0,0,0,0,0,0,0,0,1,14,0,FINAL (ENTRADA MANUAL)
109,77,4,9,12,24,15,2,,0,0,0,8,6,19,12,2,0,0,0,1,0,0,0,0,14,62,0,FINAL (ENTRADA MANUAL)
109,77,5,1,11,3,1,1,,0,0,0,1,9,2,1,1,0,0,0,0,0,1,0,0,3,18,0,FINAL (ENTRADA MANUAL)
109,78,1,36,33,3,4,4,,0,3,0,26,20,2,4,3,0,0,0,0,0,1,3,0,25,84,0,FINAL (ENTRADA MANUAL)
109,78,2,0,0,0,0,0,,0,0,0,0,0,0,0,0,0,0,0,0,0,0,0,0,0,0,0,FINAL (ENTRADA MANUAL)
109,78,3,0,0,0,0,0,,0,0,0,0,0,0,0,0,0,0,0,0,0,0,0,0,0,0,0,FINAL (ENTRADA MANUAL)
109,78,4,0,0,0,0,0,,0,0,0,0,0,0,0,0,0,0,0,0,0,0,0,0,0,0,0,FINAL (ENTRADA MANUAL)
110,1,1,30,44,36,23,8,,0,1,0,22,26,27,16,5,3,2,1,6,0,2,0,0,34,144,228,FINAL (ENTRADA MANUAL)
110,1,2,40,58,35,26,4,,0,0,3,36,32,30,19,3,2,2,2,5,2,0,0,0,33,166,228,FINAL (ENTRADA MANUAL)
110,2,1,66,119,32,36,16,,2,0,1,56,80,19,29,13,4,2,1,2,1,0,0,0,65,272,474,FINAL (ENTRADA MANUAL)
110,2,2,78,92,30,33,12,,0,0,1,67,71,26,26,12,0,0,1,1,0,1,0,0,42,247,474,FINAL (ENTRADA MANUAL)
110,2,3,65,113,23,31,15,,0,0,0,55,86,17,25,12,1,0,0,5,0,1,1,0,46,249,474,FINAL (ENTRADA MANUAL)
110,2,4,66,109,36,35,9,,0,0,1,60,89,26,32,8,1,0,0,0,0,0,0,0,40,256,474,FINAL (ENTRADA MANUAL)
110,2,5,72,111,24,29,19,,0,1,0,65,84,23,23,16,0,4,1,1,0,3,0,0,39,259,473,FINAL (ENTRADA MANUAL)
110,3,1,90,125,41,37,17,,0,0,1,81,92,33,31,13,1,2,2,3,2,1,0,0,51,312,448,FINAL (ENTRADA MANUAL)
110,3,2,60,91,41,38,21,,0,0,0,47,61,31,31,19,2,0,0,9,1,2,0,0,50,253,448,FINAL (ENTRADA MANUAL)
110,3,3,65,91,43,33,16,,0,1,1,59,69,29,23,13,2,2,3,5,1,1,0,0,44,251,448,FINAL (ENTRADA MANUAL)
110,3,4,55,106,36,26,8,,0,0,0,49,84,27,16,7,3,0,0,4,1,6,0,0,40,237,448,FINAL (ENTRADA MANUAL)
110,3,5,52,106,31,46,22,,1,0,0,46,79,24,38,18,0,1,0,1,2,0,0,0,49,258,448,FINAL (ENTRADA MANUAL)
110,3,6,61,117,38,26,9,,0,0,0,49,99,33,23,7,0,2,1,1,0,2,0,0,36,253,448,FINAL (ENTRADA MANUAL)
110,3,7,71,95,44,23,19,,0,0,0,67,69,32,17,16,2,1,2,2,2,3,0,0,42,255,446,FINAL (ENTRADA MANUAL)
110,4,1,84,99,43,30,29,,0,1,0,74,80,33,26,20,0,0,0,2,4,1,0,0,47,287,405,FINAL (ENTRADA MANUAL)
110,4,2,38,107,42,29,26,,0,0,1,33,80,28,21,22,0,1,4,2,0,2,0,0,52,245,405,FINAL (ENTRADA MANUAL)
110,4,3,58,116,39,26,19,,0,0,0,47,90,29,23,14,1,1,1,1,1,1,0,0,50,259,405,FINAL (ENTRADA MANUAL)
110,4,4,54,103,50,34,27,,0,1,1,50,76,37,29,21,2,1,2,2,2,2,0,0,48,272,406,FINAL (ENTRADA MANUAL)
110,5,1,83,129,35,32,20,,1,0,0,67,86,30,26,15,5,2,2,2,3,2,0,0,62,302,470,FINAL (ENTRADA MANUAL)
110,5,2,51,105,30,31,19,,0,0,0,39,82,23,26,17,3,2,1,1,0,1,0,0,42,237,470,FINAL (ENTRADA MANUAL)
110,5,3,50,106,30,23,15,,0,0,0,44,72,26,18,14,2,2,2,3,1,0,1,0,40,225,470,FINAL (ENTRADA MANUAL)
110,5,4,55,102,21,21,16,,1,0,0,52,82,18,16,12,1,0,0,1,1,2,0,0,33,218,470,FINAL (ENTRADA MANUAL)
110,5,5,62,91,41,31,8,,0,0,1,54,69,32,24,6,0,0,1,2,1,0,0,0,45,234,470,FINAL (ENTRADA MANUAL)
110,5,6,86,90,37,35,19,,0,0,1,76,69,30,30,12,0,0,1,3,0,2,0,0,47,270,470,FINAL (ENTRADA MANUAL)
110,5,7,62,103,28,35,20,,0,0,1,56,62,20,28,17,1,2,1,0,0,1,0,0,62,250,470,FINAL (ENTRADA MANUAL)
110,5,8,57,101,40,27,15,,1,2,0,36,68,28,23,13,1,1,0,1,2,4,0,0,70,247,470,FINAL (ENTRADA MANUAL)
110,5,9,60,97,28,30,17,,0,0,0,49,74,21,25,13,2,1,1,2,1,3,0,0,43,235,470,FINAL (ENTRADA MANUAL)
110,5,10,58,100,49,20,17,,0,0,1,42,72,36,18,16,1,3,0,2,1,0,0,0,54,245,470,FINAL (ENTRADA MANUAL)
110,6,1,85,116,18,20,18,,1,0,0,66,85,12,14,15,1,2,1,1,1,3,0,0,60,261,457,FINAL (ENTRADA MANUAL)
110,6,2,74,100,28,17,13,,0,0,0,66,79,20,16,12,2,2,0,0,0,0,0,0,35,232,457,FINAL (ENTRADA MANUAL)
110,6,3,75,101,16,14,14,,0,1,0,64,67,10,9,8,1,1,2,4,0,1,0,0,55,222,457,FINAL (ENTRADA MANUAL)
110,6,4,86,111,25,23,11,,1,1,1,66,80,16,17,9,1,2,1,1,1,0,0,0,65,259,457,FINAL (ENTRADA MANUAL)
110,6,5,70,110,20,15,8,,1,0,1,52,78,12,12,7,2,1,3,1,0,2,0,0,57,227,457,FINAL (ENTRADA MANUAL)
110,6,6,80,110,20,13,10,,0,0,1,63,89,16,12,10,1,1,0,1,1,0,0,0,40,234,456,FINAL (ENTRADA MANUAL)
110,7,1,77,104,34,27,19,,0,0,1,64,84,27,22,16,1,1,0,2,0,0,0,0,45,262,459,FINAL (ENTRADA MANUAL)
110,7,2,66,115,29,30,17,,0,0,1,59,89,19,24,13,1,1,4,4,2,0,0,0,42,258,459,FINAL (ENTRADA MANUAL)
110,7,3,75,114,36,19,17,,1,0,0,63,84,21,17,14,2,2,3,3,2,0,0,0,51,262,459,FINAL (ENTRADA MANUAL)
110,7,4,61,87,35,27,22,,0,0,1,54,65,27,24,18,2,1,1,3,0,1,1,0,38,235,459,FINAL (ENTRADA MANUAL)
110,7,5,76,100,32,30,22,,0,0,0,61,80,19,23,15,2,0,0,6,1,0,0,0,53,260,460,FINAL (ENTRADA MANUAL)
110,8,1,71,130,34,31,19,,0,2,1,57,80,29,25,15,3,8,0,5,0,1,0,0,66,289,387,FINAL (ENTRADA MANUAL)
110,8,2,49,131,35,22,22,,0,0,0,41,91,25,17,19,2,3,1,2,0,1,0,0,58,260,387,FINAL (ENTRADA MANUAL)
110,8,3,66,114,40,25,14,,1,0,0,62,78,28,16,12,2,2,2,6,0,2,0,0,52,262,386,FINAL (ENTRADA MANUAL)
110,72,1,180,122,7,20,5,,1,0,1,162,98,5,18,1,7,3,0,0,0,6,0,0,42,342,0,FINAL (ENTRADA MANUAL)
110,72,2,0,0,0,0,0,,0,0,0,0,0,0,0,0,0,0,0,0,0,0,0,0,0,0,0,FINAL (ENTRADA MANUAL)
110,72,3,233,135,15,12,10,,0,0,0,211,107,13,9,8,12,5,7,0,0,0,0,13,45,405,0,FINAL (ENTRADA MANUAL)
110,72,4,65,60,7,9,5,,2,0,0,49,46,5,6,2,3,3,0,0,0,2,0,0,34,150,0,FINAL (ENTRADA MANUAL)
110,72,5,20,4,0,0,0,,0,0,0,19,4,0,0,0,0,0,0,0,0,0,0,0,1,24,0,FINAL (ENTRADA MANUAL)
110,72,6,0,1,0,0,0,,0,0,0,0,1,0,0,0,0,0,0,0,0,0,0,0,0,1,0,FINAL (ENTRADA MANUAL)
110,72,7,1,3,0,0,0,,0,0,0,1,2,0,0,0,0,0,0,0,0,0,0,0,1,4,0,FINAL (ENTRADA MANUAL)
110,72,8,5,0,1,0,0,,0,0,0,5,0,1,0,0,0,0,0,0,0,0,0,0,0,6,0,FINAL (ENTRADA MANUAL)
110,72,9,65,9,0,0,2,,2,0,0,52,5,2,2,1,1,3,0,0,0,0,0,0,16,78,0,FINAL (ENTRADA MANUAL)
110,72,10,1,0,0,0,0,,0,0,0,1,0,0,0,0,0,0,0,0,0,0,0,0,0,1,0,FINAL (ENTRADA MANUAL)
110,73,1,29,110,2,2,7,,0,0,0,23,98,0,1,6,1,2,0,0,0,0,0,0,19,150,0,FINAL (ENTRADA MANUAL)
110,73,2,7,14,0,3,0,,0,0,0,7,13,0,2,0,0,0,0,0,0,0,0,0,2,24,0,FINAL (ENTRADA MANUAL)
110,74,1,0,6,1,0,0,,0,0,0,0,5,0,0,0,0,0,0,0,0,0,0,0,2,7,0,FINAL (ENTRADA MANUAL)
110,74,2,0,0,0,0,0,,0,0,0,0,0,0,0,0,0,0,0,0,0,0,0,0,0,0,0,FINAL (ENTRADA MANUAL)
110,75,1,1,1,0,0,0,,0,0,0,1,1,0,0,0,0,0,0,0,0,0,0,0,0,2,0,FINAL (ENTRADA MANUAL)
110,76,1,10,2,1,1,0,,0,1,1,9,2,1,1,0,0,0,0,1,0,2,0,0,2,18,0,FINAL (ENTRADA MANUAL)
110,76,2,0,0,0,0,0,,0,0,0,0,0,0,0,0,0,0,0,0,0,0,0,0,0,0,0,FINAL (ENTRADA MANUAL)
110,76,3,3,0,0,0,0,,0,0,0,2,0,0,0,0,0,0,0,0,0,0,0,0,1,3,0,FINAL (ENTRADA MANUAL)
110,76,4,0,0,0,0,0,,0,0,0,0,0,0,0,0,0,0,0,0,0,0,0,0,0,0,0,FINAL (ENTRADA MANUAL)
110,76,5,0,1,0,0,0,,0,0,0,0,1,0,0,0,0,0,0,0,0,0,0,0,0,1,0,FINAL (ENTRADA MANUAL)
110,77,1,13,15,26,22,2,,0,0,0,12,12,22,20,2,0,0,0,0,0,0,0,0,10,78,0,FINAL (ENTRADA MANUAL)
110,77,2,3,3,3,2,0,,0,0,0,1,2,3,2,0,0,0,0,0,0,0,0,0,3,11,0,FINAL (ENTRADA MANUAL)
110,78,1,27,27,6,3,5,,0,0,0,21,22,4,3,3,0,0,0,0,0,0,0,0,15,68,0,FINAL (ENTRADA MANUAL)
110,78,2,0,0,0,0,0,,0,0,0,0,0,0,0,0,0,0,0,0,0,0,0,0,0,0,0,FINAL (ENTRADA MANUAL)
110,78,3,0,0,0,0,0,,0,0,0,0,0,0,0,0,0,0,0,0,0,0,0,0,0,0,0,FINAL (ENTRADA MANUAL)
110,78,4,0,1,0,1,0,,0,0,0,0,0,0,1,0,0,0,0,0,0,0,0,0,1,2,0,FINAL (ENTRADA MANUAL)
